"crash_record_id","crash_date_est_i","crash_date","posted_speed_limit","traffic_control_device","device_condition","weather_condition","lighting_condition","first_crash_type","trafficway_type","lane_cnt","alignment","roadway_surface_cond","road_defect","report_type","crash_type","intersection_related_i","private_property_i","hit_and_run_i","damage","date_police_notified","prim_contributory_cause","sec_contributory_cause","street_no","street_direction","street_name","beat_of_occurrence","photos_taken_i","statements_taken_i","dooring_i","work_zone_i","work_zone_type","workers_present_i","num_units","most_severe_injury","injuries_total","injuries_fatal","injuries_incapacitating","injuries_non_incapacitating","injuries_reported_not_evident","injuries_no_indication","injuries_unknown","crash_hour","crash_day_of_week","crash_month","latitude","longitude","location"
"1b5863bcee90d429501c558bcf0ff6bd92f982752d7008658a40fbd47359f711d71a60bd477b91b9478bd057d27a5504502050ec45c8095cf64041371e3a0bb1",,"2026-03-17T00:06:00.000","30","TRAFFIC SIGNAL","FUNCTIONING PROPERLY","CLEAR","DARKNESS, LIGHTED ROAD","PARKED MOTOR VEHICLE","NOT DIVIDED",,"STRAIGHT AND LEVEL","DRY","NO DEFECTS","ON SCENE","INJURY AND / OR TOW DUE TO CRASH","Y",,,"$501 - $1,500","2026-03-17T00:06:00.000","IMPROPER BACKING","PHYSICAL CONDITION OF DRIVER","4001","W","LAWRENCE AVE","1722",,,,,,,"2","NO INDICATION OF INJURY","0","0","0","0","0","1","0","0","3","3","41.9681317848","-87.728086756","POINT (-87.72808675596 41.968131784848)"
"2d9465bce38e8584714b5170da646aa27b4f40c4979681a07bc4bde9f1289122f8bf19a7df01100713d2d341aebd536d1da045e885775c8aaa7630c3fc873d8f",,"2026-03-16T23:55:00.000","30","TRAFFIC SIGNAL","FUNCTIONING PROPERLY","CLEAR","DARKNESS","TURNING","FOUR WAY",,"STRAIGHT AND LEVEL","DRY","NO DEFECTS","NOT ON SCENE (DESK REPORT)","INJURY AND / OR TOW DUE TO CRASH","Y",,,"OVER $1,500","2026-03-17T00:30:00.000","FOLLOWING TOO CLOSELY","FOLLOWING TOO CLOSELY","9459","S","ASHLAND AVE","2221",,,,,,,"2","NONINCAPACITATING INJURY","1","0","0","1","0","1","0","23","2","3","41.7213088303","-87.6625400064","POINT (-87.662540006354 41.721308830281)"
"6b67630799f6b2ef169af634bb37c2d137f4b576dbb45619e0008b001ee1e8d920250700108bc29bb26d3046c0ed566abd6f57b55acfe26ea08f45e4d62dadbc",,"2026-03-16T23:00:00.000","30","NO CONTROLS","NO CONTROLS","CLEAR","DARKNESS, LIGHTED ROAD","ANGLE","NOT DIVIDED",,"STRAIGHT AND LEVEL","DRY","NO DEFECTS","NOT ON SCENE (DESK REPORT)","NO INJURY / DRIVE AWAY",,,"Y","$501 - $1,500","2026-03-16T23:40:00.000","OPERATING VEHICLE IN ERRATIC, RECKLESS, CARELESS, NEGLIGENT OR AGGRESSIVE MANNER","UNABLE TO DETERMINE","216","W","101ST ST","511",,,,,,,"2","NO INDICATION OF INJURY","0","0","0","0","0","2","0","23","2","3","41.7108506467","-87.6291328948","POINT (-87.629132894825 41.710850646704)"
"424d96edd567862a2f9f09a9308a8d7be654097a6cc84d98143c53af32f502bd1ac30b05a20397744f23fe0d20d7d51be2403db2d91b1f6a80fa3aaa0115fa63",,"2026-03-16T22:20:00.000","30","TRAFFIC SIGNAL","FUNCTIONING PROPERLY","CLEAR","DARKNESS, LIGHTED ROAD","TURNING","FOUR WAY",,"STRAIGHT AND LEVEL","DRY","UNKNOWN","NOT ON SCENE (DESK REPORT)","NO INJURY / DRIVE AWAY",,,,"$501 - $1,500","2026-03-16T23:20:00.000","UNABLE TO DETERMINE","UNABLE TO DETERMINE","1321","W","AUGUSTA BLVD","1213",,,,,,,"2","NO INDICATION OF INJURY","0","0","0","0","0","2","0","22","2","3","41.8997102447","-87.6610079177","POINT (-87.661007917743 41.899710244727)"
"751b60f7ba731cad4335eedc105f31a22b7f2f6abd22aa410820427817758ecdd6b3e9fb025e8804d64ea7d70dd2e85172502ba983ce27e158a1178853088176",,"2026-03-16T22:12:00.000","30","TRAFFIC SIGNAL","FUNCTIONING PROPERLY","CLEAR","DARKNESS, LIGHTED ROAD","REAR END","NOT DIVIDED",,"STRAIGHT AND LEVEL","WET","NO DEFECTS","ON SCENE","INJURY AND / OR TOW DUE TO CRASH",,,,"OVER $1,500","2026-03-16T22:28:00.000","FAILING TO REDUCE SPEED TO AVOID CRASH","NOT APPLICABLE","2221","W","TOUHY AVE","2411",,,,,,,"2","REPORTED, NOT EVIDENT","1","0","0","0","1","1","0","22","2","3","42.0121370154","-87.6869940236","POINT (-87.686994023634 42.012137015386)"
"69a180c4da119975f6fc44e8c6691621d6660cf17eaf54435fdc038f0f3ee94273efc77cea94273b7e75a0cb075e3e02550f17babe1e84ccc3959937949afc3e",,"2026-03-16T21:31:00.000","30","TRAFFIC SIGNAL","FUNCTIONING PROPERLY","CLEAR","DARKNESS, LIGHTED ROAD","PEDESTRIAN","T-INTERSECTION",,"STRAIGHT AND LEVEL","DRY","NO DEFECTS","ON SCENE","INJURY AND / OR TOW DUE TO CRASH","N",,,"OVER $1,500","2026-03-16T21:31:00.000","UNABLE TO DETERMINE","NOT APPLICABLE","1960","W","MADISON ST","1223",,"Y",,,,,"2","REPORTED, NOT EVIDENT","1","0","0","0","1","2","0","21","2","3","41.8814246017","-87.6765845868","POINT (-87.676584586792 41.88142460173)"
"65f5f52be76762a193584a0c65f3689d708aaf5e65ee75a9d60e60d997d797d82d93532da346449b20a36bd100c4e7f38ab49cf8a779eb8c490d726c4f99d6fc",,"2026-03-16T20:54:00.000","30","NO CONTROLS","NO CONTROLS","SLEET/HAIL","DARKNESS","FIXED OBJECT","NOT DIVIDED",,"STRAIGHT AND LEVEL","WET","UNKNOWN","ON SCENE","INJURY AND / OR TOW DUE TO CRASH",,,,"OVER $1,500","2026-03-16T20:55:00.000","UNABLE TO DETERMINE","UNABLE TO DETERMINE","4599","W","ROSCOE ST","1731",,,,,,,"1","NO INDICATION OF INJURY","0","0","0","0","0","1","0","20","2","3","41.9424307946","-87.7422289238","POINT (-87.742228923809 41.942430794559)"
"80929110b6121fcf112b443870441bc10df2470a3a0d4babdb3c94bd0799c300ca2e5ee75bf7543bdb68bf387d0910691af9ca49f9e3d422f6bbb461f41ef7e5",,"2026-03-16T20:50:00.000","30","TRAFFIC SIGNAL","UNKNOWN","CLEAR","DARKNESS, LIGHTED ROAD","REAR END","FOUR WAY",,"STRAIGHT AND LEVEL","DRY","UNKNOWN","NOT ON SCENE (DESK REPORT)","NO INJURY / DRIVE AWAY",,,,"$500 OR LESS","2026-03-16T21:00:00.000","UNABLE TO DETERMINE","NOT APPLICABLE","4003","N","KEDZIE AVE","1724",,,,,,,"2","NO INDICATION OF INJURY","0","0","0","0","0","3","0","20","2","3","41.9540696954","-87.7078727681","POINT (-87.707872768056 41.954069695445)"
"79ed0a5fabe30cdd2efc27c22e9e501d1e45a4ad3f2c615bdda1572e641ae0eb1572bd698a3320443fee5474f57ced71202a20dc519e241b5f5f6e8e79685961",,"2026-03-16T20:30:00.000","25","NO CONTROLS","NO CONTROLS","CLEAR","DARKNESS, LIGHTED ROAD","PARKED MOTOR VEHICLE","ONE-WAY",,"STRAIGHT AND LEVEL","DRY","UNKNOWN","ON SCENE","INJURY AND / OR TOW DUE TO CRASH",,,"Y","OVER $1,500","2026-03-16T21:34:00.000","UNABLE TO DETERMINE","UNABLE TO DETERMINE","8456","S","ADA ST","613",,,,,,,"2","NO INDICATION OF INJURY","0","0","0","0","0","1","0","20","2","3","41.7396661237","-87.657237217","POINT (-87.657237216951 41.73966612367)"
"f1e4a73ebda1a07cad90bcab7be6dae7c73a58987e47939be11bf0522ce9d7b06db5bfc27fd441f0c3d07d9f520827811481cb36543158509e62c1db0a3a66da",,"2026-03-16T20:28:00.000","30","TRAFFIC SIGNAL","UNKNOWN","CLEAR","DARKNESS, LIGHTED ROAD","REAR END","NOT DIVIDED",,"STRAIGHT AND LEVEL","UNKNOWN","UNKNOWN","NOT ON SCENE (DESK REPORT)","NO INJURY / DRIVE AWAY",,,"Y","OVER $1,500","2026-03-16T21:10:00.000","FOLLOWING TOO CLOSELY","FOLLOWING TOO CLOSELY","530","N","RACINE AVE","1214",,,,,,,"2","NO INDICATION OF INJURY","0","0","0","0","0","2","0","20","2","3","41.8920767952","-87.6575563559","POINT (-87.657556355927 41.892076795218)"
"5763d4e04879c67599f4e95579e937fb29d9930b767029c2a2a7fd9e63e48bf0bef07a37661b198ee6554a3eac85adbc5f767c3040af68a1defc9617151f216f",,"2026-03-16T20:21:00.000","30","NO CONTROLS","NO CONTROLS","CLEAR","DARKNESS, LIGHTED ROAD","TURNING","DIVIDED - W/MEDIAN (NOT RAISED)",,"STRAIGHT AND LEVEL","SNOW OR SLUSH","NO DEFECTS","ON SCENE","INJURY AND / OR TOW DUE TO CRASH",,,,"OVER $1,500","2026-03-16T20:24:00.000","IMPROPER TURNING/NO SIGNAL","IMPROPER LANE USAGE","210","N","CENTRAL AVE","1512",,,,,,,"2","INCAPACITATING INJURY","1","0","1","0","0","2","0","20","2","3","41.8845966712","-87.7651635644","POINT (-87.765163564367 41.884596671226)"
"ce71ea2811d83ded723014c74d0c3aade1c0d9f67d235f73668898c1f9229515cdf811fc8d06a85c612f7a4dfff8ac9c95ea3e7798d480eb235f81b258dcfa24",,"2026-03-16T20:05:00.000","30","TRAFFIC SIGNAL","FUNCTIONING PROPERLY","CLEAR","DARKNESS, LIGHTED ROAD","ANGLE","DIVIDED - W/MEDIAN (NOT RAISED)",,"STRAIGHT AND LEVEL","DRY","NO DEFECTS","ON SCENE","INJURY AND / OR TOW DUE TO CRASH","Y",,,"OVER $1,500","2026-03-16T20:07:00.000","DISREGARDING TRAFFIC SIGNALS","DISREGARDING TRAFFIC SIGNALS","700","W","VAN BUREN ST","121",,,,,,,"2","NO INDICATION OF INJURY","0","0","0","0","0","4","0","20","2","3","41.8768245414","-87.64399042","POINT (-87.643990419978 41.876824541419)"
"37756f45052b0480fe210fa25bfc26e44b96329e9fa4ad8d4e60e3c9753180d99d8e0e51010d03b2ef85daa3df882832961f9b08556d324f8c13416bb623ce0c",,"2026-03-16T19:45:00.000","30","NO CONTROLS","NO CONTROLS","CLEAR","DARKNESS, LIGHTED ROAD","TURNING","NOT DIVIDED",,"STRAIGHT AND LEVEL","DRY","NO DEFECTS","NOT ON SCENE (DESK REPORT)","NO INJURY / DRIVE AWAY",,,,"OVER $1,500","2026-03-16T21:36:00.000","FAILING TO YIELD RIGHT-OF-WAY","NOT APPLICABLE","3943","N","HARLEM AVE","1632",,,,,,,"2","NO INDICATION OF INJURY","0","0","0","0","0","2","0","19","2","3","41.9520424074","-87.8070947425","POINT (-87.807094742545 41.952042407433)"
"e946668228daa2536945ac99c7967beafc7dddf6e91661b4abfb0f2d109223341fbeb8c5f9cc1cd1a59938617eb5984fdf374d76153a16d0b8a1163f99c27db6",,"2026-03-16T19:34:00.000","30","TRAFFIC SIGNAL","FUNCTIONING PROPERLY","CLEAR","DARKNESS, LIGHTED ROAD","REAR END","NOT DIVIDED",,"STRAIGHT AND LEVEL","DRY","NO DEFECTS","NOT ON SCENE (DESK REPORT)","NO INJURY / DRIVE AWAY",,,"Y","$501 - $1,500","2026-03-16T20:10:00.000","DRIVING SKILLS/KNOWLEDGE/EXPERIENCE","UNABLE TO DETERMINE","4000","N","KIMBALL AVE","1723",,,,,,,"2","NO INDICATION OF INJURY","0","0","0","0","0","4","0","19","2","3","41.953900709","-87.7130541045","POINT (-87.71305410446 41.953900708977)"
"8fa31c8e4f4cab6d335c3acd6a5fc456ffef84abe2acaf789151a980027473b7bb0b305d8614db59ac5bb94b0c9283dda2ca517e10b536da0524be555f9c2a5a",,"2026-03-16T19:21:00.000","30","TRAFFIC SIGNAL","FUNCTIONING PROPERLY","CLEAR","DUSK","REAR END","FOUR WAY",,"STRAIGHT AND LEVEL","DRY","NO DEFECTS","ON SCENE","INJURY AND / OR TOW DUE TO CRASH","Y",,,"OVER $1,500","2026-03-16T19:24:00.000","FAILING TO REDUCE SPEED TO AVOID CRASH","UNABLE TO DETERMINE","7200","W","BELMONT AVE","1631",,,,,,,"2","NONINCAPACITATING INJURY","1","0","0","1","0","3","0","19","2","3","41.9381054794","-87.8068095524","POINT (-87.806809552407 41.938105479395)"
"7b703a524a807238889bd0b4ca5e675db40dad887d75fb4b1528bba52cc860a301f34c5d079bab38ebdeae878c62863e76af38ef8875995c75dfa35b577c8d05",,"2026-03-16T19:17:00.000","30","NO CONTROLS","NO CONTROLS","SNOW","DARKNESS, LIGHTED ROAD","PARKED MOTOR VEHICLE","NOT DIVIDED",,"STRAIGHT AND LEVEL","WET","NO DEFECTS","NOT ON SCENE (DESK REPORT)","NO INJURY / DRIVE AWAY",,,"Y","OVER $1,500","2026-03-16T19:40:00.000","UNABLE TO DETERMINE","NOT APPLICABLE","4653","S","GREENWOOD AVE","222",,,,,,,"2","NO INDICATION OF INJURY","0","0","0","0","0","1","0","19","2","3","41.8098771594","-87.5991232517","POINT (-87.599123251741 41.809877159387)"
"a4e2ea6d9db6fbdfcce15b4373ff30a5f18672900d4e10a085ccda252d83da93c463581fe2b1f3d7fcf9d251117c80004694d2d91e4be4e4fad2c7af94032b74",,"2026-03-16T19:15:00.000","25","TRAFFIC SIGNAL","FUNCTIONING PROPERLY","CLEAR","DARKNESS, LIGHTED ROAD","SIDESWIPE SAME DIRECTION","FOUR WAY",,"STRAIGHT AND LEVEL","SNOW OR SLUSH","NO DEFECTS","ON SCENE","NO INJURY / DRIVE AWAY","Y",,"Y","$501 - $1,500","2026-03-16T19:29:00.000","IMPROPER OVERTAKING/PASSING","IMPROPER OVERTAKING/PASSING","4001","N","ASHLAND AVE","1912",,,,,,,"2","NO INDICATION OF INJURY","0","0","0","0","0","2","0","19","2","3","41.9543851408","-87.6689051237","POINT (-87.668905123656 41.954385140848)"
"d7d541c9c36c010f228341e2af006ca944118c115a91bad707d5a4fbfb7fa8e1517e6e788636622affd097a505cfab334221260d4c4b9cd169e79864ee31223b",,"2026-03-16T19:14:00.000","30","UNKNOWN","UNKNOWN","UNKNOWN","DARKNESS","PARKED MOTOR VEHICLE","NOT DIVIDED",,"STRAIGHT AND LEVEL","UNKNOWN","UNKNOWN","NOT ON SCENE (DESK REPORT)","NO INJURY / DRIVE AWAY","Y",,,"OVER $1,500","2026-03-16T19:14:00.000","IMPROPER OVERTAKING/PASSING","DRIVING SKILLS/KNOWLEDGE/EXPERIENCE","2910","S","ARCHER AVE","913",,,,,,,"2","NO INDICATION OF INJURY","0","0","0","0","0","2","0","19","2","3","41.8416836835","-87.658149792","POINT (-87.658149792043 41.841683683546)"
"1af963395fdea7c9ee8393d1a4545eaac4b2542db1688849ee42bcaeec0a7375b123a36ccec07d6ff7a70518171d809fda454c7cf74b50114e5056f8455f93d4",,"2026-03-16T19:00:00.000","30","TRAFFIC SIGNAL","FUNCTIONING PROPERLY","CLEAR","DARKNESS, LIGHTED ROAD","TURNING","T-INTERSECTION",,"STRAIGHT AND LEVEL","DRY","NO DEFECTS","ON SCENE","INJURY AND / OR TOW DUE TO CRASH","Y",,,"OVER $1,500","2026-03-16T19:02:00.000","IMPROPER TURNING/NO SIGNAL","IMPROPER TURNING/NO SIGNAL","4632","W","MONTROSE AVE","1722",,,,,,,"2","NO INDICATION OF INJURY","0","0","0","0","0","2","0","19","2","3","41.9608703776","-87.7440970213","POINT (-87.744097021256 41.960870377596)"
"3574f61bd98fa387ec2171e5d4545afe93fbae122353ba27d8ff89e129a5a0f917890241e9d665521e0bde0048a567347f794fb4455a40e0a0919b19c915d29b",,"2026-03-16T18:30:00.000","30","TRAFFIC SIGNAL","UNKNOWN","CLEAR","DAYLIGHT","TURNING","FOUR WAY",,"STRAIGHT AND LEVEL","WET","UNKNOWN","ON SCENE","NO INJURY / DRIVE AWAY",,,,"$500 OR LESS","2026-03-16T18:31:00.000","FOLLOWING TOO CLOSELY","FOLLOWING TOO CLOSELY","4401","W","DIVERSEY AVE","2524",,,,,,,"2","NO INDICATION OF INJURY","0","0","0","0","0","2","0","18","2","3","41.9315505536","-87.7368725864","POINT (-87.736872586385 41.931550553641)"
"57c79592000f6fb79658b9b11803c2cb1c99629223ad7af29620a81d4f137ba3adae22eb69a4aa5156b9681c527627a23f74903bee0e99120712581d5090a899",,"2026-03-16T18:30:00.000","25","NO CONTROLS","NO CONTROLS","CLEAR","DUSK","PARKED MOTOR VEHICLE","DIVIDED - W/MEDIAN (NOT RAISED)",,"STRAIGHT AND LEVEL","DRY","UNKNOWN","NOT ON SCENE (DESK REPORT)","NO INJURY / DRIVE AWAY",,,,"$500 OR LESS","2026-03-16T21:00:00.000","UNABLE TO DETERMINE","NOT APPLICABLE","2825","W","DEVON AVE","2413",,,,,,,"2","NO INDICATION OF INJURY","0","0","0","0","0","2","0","18","2","3","41.9974315822","-87.7007111747","POINT (-87.700711174686 41.997431582169)"
"bb4dc46cad635892330fe02c207a0801deb8f5dc79746614826d977bf7d34e51cfe343d3f39901cd33588d8e791185f35cac4ac727dfaaf14e6a95cb93135d6d",,"2026-03-16T18:30:00.000","30","NO CONTROLS","NO CONTROLS","CLEAR","DARKNESS, LIGHTED ROAD","SIDESWIPE SAME DIRECTION","PARKING LOT",,"STRAIGHT AND LEVEL","DRY","UNKNOWN","NOT ON SCENE (DESK REPORT)","NO INJURY / DRIVE AWAY",,,,"OVER $1,500","2026-03-16T20:00:00.000","UNABLE TO DETERMINE","NOT APPLICABLE","1839","N","LAWNDALE AVE","2535",,,,,,,"2","NO INDICATION OF INJURY","0","0","0","0","0","2","0","18","2","3","41.9147917361","-87.7189969759","POINT (-87.71899697595 41.91479173614)"
"64fb7cb5621364c34d7ec3d9d8175892c280e29c46847e85443c7ba32d29a96afd6dffa948a856bf25c350b9fe0b36aef784d2969640b3fd239bff934988ea4c",,"2026-03-16T18:24:00.000","30","TRAFFIC SIGNAL","UNKNOWN","UNKNOWN","UNKNOWN","REAR END","DIVIDED - W/MEDIAN (NOT RAISED)",,"STRAIGHT AND LEVEL","UNKNOWN","UNKNOWN","NOT ON SCENE (DESK REPORT)","NO INJURY / DRIVE AWAY",,,,"$501 - $1,500","2026-03-16T19:00:00.000","UNABLE TO DETERMINE","NOT APPLICABLE","5650","N","SHERIDAN RD","2022",,,,,,,"3","NO INDICATION OF INJURY","0","0","0","0","0","3","0","18","2","3","41.9852421288","-87.6553891178","POINT (-87.655389117841 41.985242128845)"
"7aad33903768a47d829cd340fc32b123d2d63e88517e5bed8bffaf2703e1584ac712a633e5ea19b0e6c628efb4682219616b646db00e07150172c4e831ff44a2",,"2026-03-16T18:20:00.000","30","NO CONTROLS","NO CONTROLS","CLEAR","DAYLIGHT","SIDESWIPE SAME DIRECTION","NOT DIVIDED",,"STRAIGHT AND LEVEL","UNKNOWN","UNKNOWN","NOT ON SCENE (DESK REPORT)","NO INJURY / DRIVE AWAY",,,,"OVER $1,500","2026-03-16T20:01:00.000","IMPROPER OVERTAKING/PASSING","NOT APPLICABLE","7512","W","FOREST PRESERVE AVE","1631",,,,,,,"2","NO INDICATION OF INJURY","0","0","0","0","0","2","0","18","2","3","41.9503346997","-87.8147386739","POINT (-87.81473867388 41.95033469973)"
"4fe88caa4ea598020e2043a369ede028988f680d3fb295ea2329d1846a477922095afe7de4b25aa8560b89c4fd42c60a3cd060ec63878b9c76e670cef5b549e4",,"2026-03-16T18:17:00.000","30","NO CONTROLS","NO CONTROLS","SNOW","DAYLIGHT","SIDESWIPE SAME DIRECTION","NOT DIVIDED",,"STRAIGHT AND LEVEL","SNOW OR SLUSH","RUT, HOLES","ON SCENE","NO INJURY / DRIVE AWAY",,,,"$501 - $1,500","2026-03-16T18:26:00.000","FAILING TO REDUCE SPEED TO AVOID CRASH","FOLLOWING TOO CLOSELY","3229","S","PULASKI RD","1031",,"Y",,,,,"2","NO INDICATION OF INJURY","0","0","0","0","0","5","0","18","2","3","41.8342035326","-87.7241475327","POINT (-87.72414753269 41.834203532645)"
"f2bbce9a8a5aa2d3abed87a7834a1fd09bc3591e0245ae703ef082cb9539300fd4f088a26066cb176fad72add34b16b1be52d766a97001561e883f1861881285",,"2026-03-16T18:15:00.000","30","NO CONTROLS","NO CONTROLS","CLEAR","DAYLIGHT","ANGLE","NOT DIVIDED",,"STRAIGHT AND LEVEL","DRY","UNKNOWN","NOT ON SCENE (DESK REPORT)","NO INJURY / DRIVE AWAY",,,"Y","$500 OR LESS","2026-03-16T19:05:00.000","UNABLE TO DETERMINE","NOT APPLICABLE","5901","S","WESTERN AVE","825",,,,,,,"2","NO INDICATION OF INJURY","0","0","0","0","0","3","0","18","2","3","41.7864408438","-87.6836819565","POINT (-87.683681956485 41.786440843824)"
"6b86c911b29915476dd4a33338c72089b06bd4faed5d578cb591d19c48f4a62329f066c087391746217a3e1ec95f478379186d8361385d0a6c8113e33b7a7048",,"2026-03-16T18:00:00.000","15","NO CONTROLS","NO CONTROLS","CLEAR","DAYLIGHT","PARKED MOTOR VEHICLE","PARKING LOT",,"STRAIGHT AND LEVEL","DRY","NO DEFECTS","ON SCENE","NO INJURY / DRIVE AWAY",,,,"$500 OR LESS","2026-03-16T18:17:00.000","UNABLE TO DETERMINE","NOT APPLICABLE","4023","S","ARCHER AVE","921",,,,,,,"2","NO INDICATION OF INJURY","0","0","0","0","0","3","0","18","2","3","41.8205830407","-87.693426166","POINT (-87.693426165962 41.820583040659)"
"fc318dba67c740ac0c60064a0f3a18321cd29dd3e46ff339c98685b63cde5bf3e49d343c3896331ca8ee1fd39e020a3c21bfe6c87e7e06910333958baa227a0e",,"2026-03-16T18:00:00.000","30","STOP SIGN/FLASHER","FUNCTIONING PROPERLY","CLEAR","DAYLIGHT","TURNING","FOUR WAY",,"STRAIGHT AND LEVEL","WET","NO DEFECTS","ON SCENE","INJURY AND / OR TOW DUE TO CRASH","Y",,"Y","$501 - $1,500","2026-03-16T18:02:00.000","FAILING TO YIELD RIGHT-OF-WAY","IMPROPER TURNING/NO SIGNAL","2800","N","MC VICKER AVE","2511",,,,,,,"2","NONINCAPACITATING INJURY","2","0","0","2","0","1","0","18","2","3","41.9312103156","-87.7773315281","POINT (-87.77733152812 41.931210315609)"
"ff527b950caec4a5df6d89662c70e559e6f87d4e4195b9d17ae9b9f190477ee98924d7bc12699fad38ca490c3769deacac0aa7bf48c3db1bd45a6aa303f52152",,"2026-03-16T17:55:00.000","25","NO CONTROLS","NO CONTROLS","CLEAR","DAYLIGHT","PARKED MOTOR VEHICLE","DRIVEWAY",,"STRAIGHT AND LEVEL","DRY","NO DEFECTS","ON SCENE","NO INJURY / DRIVE AWAY",,,"Y","OVER $1,500","2026-03-16T17:56:00.000","UNABLE TO DETERMINE","UNABLE TO DETERMINE","1255","S","KARLOV AVE","1011",,,,,,,"2","NO INDICATION OF INJURY","0","0","0","0","0","1","0","17","2","3","41.8645160623","-87.7274215643","POINT (-87.727421564349 41.864516062262)"
"de4161a801bc3eb8920239c868a3655b8f4790c8eacdae6dbb13c0f7dfbe609eab807bc4a7d33d404d6e0fcbaddfc494009527278a53060937ec37000542c657",,"2026-03-16T17:50:00.000","30","STOP SIGN/FLASHER","FUNCTIONING PROPERLY","CLEAR","DAYLIGHT","PEDESTRIAN","T-INTERSECTION",,"STRAIGHT AND LEVEL","DRY","UNKNOWN","ON SCENE","INJURY AND / OR TOW DUE TO CRASH","Y",,,"$500 OR LESS","2026-03-16T17:51:00.000","FAILING TO YIELD RIGHT-OF-WAY","NOT APPLICABLE","3949","W","65TH ST","833",,,,,,,"2","NONINCAPACITATING INJURY","1","0","0","1","0","1","0","17","2","3","41.7749092735","-87.722160703","POINT (-87.722160702998 41.774909273507)"
"9d8ec2467a54cc0ff0d2731f6c2367da675c3b38ef8cfc6bbf509da0c89f8efaee6ef596cc5ff3b375b01cce7d53921566fd10261f16dd004e4806539d2c8682",,"2026-03-16T17:45:00.000","30","TRAFFIC SIGNAL","FUNCTIONING PROPERLY","UNKNOWN","UNKNOWN","REAR END","DIVIDED - W/MEDIAN (NOT RAISED)",,"STRAIGHT AND LEVEL","UNKNOWN","UNKNOWN","NOT ON SCENE (DESK REPORT)","NO INJURY / DRIVE AWAY","Y",,,"$501 - $1,500","2026-03-16T19:00:00.000","FOLLOWING TOO CLOSELY","FOLLOWING TOO CLOSELY","350","W","WASHINGTON ST","122",,,,,,,"2","NO INDICATION OF INJURY","0","0","0","0","0","2","0","17","2","3","41.8833114105","-87.6367232159","POINT (-87.636723215928 41.883311410452)"
"aa7eb6b807a005d4d8a6f8aba6f14dbd3a648a88763510eb79725c21ae225894f4944a106378710ab75111e582c968ffce0270eb158de97d32ec9789a25647af",,"2026-03-16T17:39:00.000","30","NO CONTROLS","NO CONTROLS","CLEAR","DAYLIGHT","ANGLE","NOT DIVIDED",,"STRAIGHT AND LEVEL","DRY","NO DEFECTS","ON SCENE","INJURY AND / OR TOW DUE TO CRASH",,,,"OVER $1,500","2026-03-16T17:39:00.000","FAILING TO YIELD RIGHT-OF-WAY","NOT APPLICABLE","3280","N","CALIFORNIA AVE","1733",,"N",,,,,"3","NO INDICATION OF INJURY","0","0","0","0","0","2","0","17","2","3","41.9417369639","-87.6980415452","POINT (-87.698041545229 41.941736963853)"
"365fd064052da6899b9660c2e16030f51a8667d8774f4c9535d53ea849fc20be40be80524f31b8caaf56ce54f17087a3da018f719615e5337b2458526f0289db",,"2026-03-16T17:35:00.000","30","NO CONTROLS","NO CONTROLS","CLEAR","DAYLIGHT","SIDESWIPE SAME DIRECTION","DIVIDED - W/MEDIAN (NOT RAISED)",,"STRAIGHT AND LEVEL","WET","NO DEFECTS","ON SCENE","NO INJURY / DRIVE AWAY",,,,"OVER $1,500","2026-03-16T18:32:00.000","FAILING TO YIELD RIGHT-OF-WAY","FOLLOWING TOO CLOSELY","5933","N","SHERIDAN RD","2433",,,,,,,"2","NO INDICATION OF INJURY","0","0","0","0","0","2","0","17","2","3","41.9900647219","-87.655237215","POINT (-87.655237214988 41.99006472186)"
"1cd9b3dac06e0adf909635218e6100a2f391cee3a826bfda0c87b63bc5548244fc55260472ab42c5f2f9143d95e4e508e863921e87576189b3d85fc766d73835",,"2026-03-16T17:34:00.000","30","UNKNOWN","UNKNOWN","CLEAR","DAYLIGHT","TURNING","T-INTERSECTION",,"STRAIGHT AND LEVEL","DRY","UNKNOWN","NOT ON SCENE (DESK REPORT)","INJURY AND / OR TOW DUE TO CRASH",,,,"OVER $1,500","2026-03-16T17:35:00.000","FAILING TO YIELD RIGHT-OF-WAY","FAILING TO YIELD RIGHT-OF-WAY","8930","S","SOUTH CHICAGO AVE","423",,,,,,,"2","NONINCAPACITATING INJURY","1","0","0","1","0","1","0","17","2","3","41.7329280055","-87.5599791961","POINT (-87.55997919609 41.732928005493)"
"5978051023e699af1f772f16d80195ec275611799d10e622a9df801c77e0c1f4b89cde5027dc3175a0b315679f44e38b54bc2ca0a694a9fc6bddb71c2719b9dd",,"2026-03-16T17:25:00.000","15","UNKNOWN","UNKNOWN","UNKNOWN","UNKNOWN","PARKED MOTOR VEHICLE","PARKING LOT",,"STRAIGHT AND LEVEL","UNKNOWN","UNKNOWN","NOT ON SCENE (DESK REPORT)","NO INJURY / DRIVE AWAY",,"Y",,"OVER $1,500","2026-03-16T17:40:00.000","FOLLOWING TOO CLOSELY","UNABLE TO DETERMINE","1440","W","DEVON AVE","2432",,,,,,,"2","NO INDICATION OF INJURY","0","0","0","0","0","4","0","17","2","3","41.9982282538","-87.6671044665","POINT (-87.667104466469 41.998228253767)"