"crash_record_id","crash_date_est_i","crash_date","posted_speed_limit","traffic_control_device","device_condition","weather_condition","lighting_condition","first_crash_type","trafficway_type","lane_cnt","alignment","roadway_surface_cond","road_defect","report_type","crash_type","intersection_related_i","private_property_i","hit_and_run_i","damage","date_police_notified","prim_contributory_cause","sec_contributory_cause","street_no","street_direction","street_name","beat_of_occurrence","photos_taken_i","statements_taken_i","dooring_i","work_zone_i","work_zone_type","workers_present_i","num_units","most_severe_injury","injuries_total","injuries_fatal","injuries_incapacitating","injuries_non_incapacitating","injuries_reported_not_evident","injuries_no_indication","injuries_unknown","crash_hour","crash_day_of_week","crash_month","latitude","longitude","location"
"8de9bdace6acb18e46d3eedbb160db20d3df3e0b1760ebd0c175ada72524e20b4cf055c17061ffe06e79bb50b09dc8862193a4b9ea9e2196af183aa7a188201d",,"2026-03-16T17:20:00.000","20","NO CONTROLS","NO CONTROLS","CLEAR","DAYLIGHT","TURNING","DIVIDED - W/MEDIAN (NOT RAISED)",,"STRAIGHT AND LEVEL","DRY","NO DEFECTS","NOT ON SCENE (DESK REPORT)","INJURY AND / OR TOW DUE TO CRASH","Y",,,"OVER $1,500","2026-03-16T17:20:00.000","UNABLE TO DETERMINE","UNABLE TO DETERMINE","3609","W","47TH ST","821",,,,,,,"2","NO INDICATION OF INJURY","0","0","0","0","0","2","0","17","2","3","41.8078782575","-87.7142871977","POINT (-87.714287197702 41.807878257549)"
"223ee316bad9dedf77b62122fe22a227a231f3d36b00e3784e918573cf91d2c341090b67e734ccfc432526fbeba8bb97c9ab8e298021f20ca2288bfaa97d7b0d",,"2026-03-16T17:05:00.000","35","TRAFFIC SIGNAL","FUNCTIONING PROPERLY","CLEAR","DARKNESS, LIGHTED ROAD","REAR END","DIVIDED - W/MEDIAN (NOT RAISED)",,"STRAIGHT AND LEVEL","DRY","UNKNOWN","ON SCENE","INJURY AND / OR TOW DUE TO CRASH",,,,"OVER $1,500","2026-03-16T17:07:00.000","UNABLE TO DETERMINE","NOT APPLICABLE","10323","S","PULASKI RD","2211",,,,,,,"3","NONINCAPACITATING INJURY","1","0","0","1","0","3","0","17","2","3","41.7051605829","-87.7207437519","POINT (-87.7207437519 41.70516058286)"
"6e273231f8ed60f660845bf222b5825864bee5b706005b97bce9ed357c787d658be32c8abf955894c79a30272c9f1fae23d614a0288cb1c4a47d627659a3a970",,"2026-03-16T16:45:00.000","30","TRAFFIC SIGNAL","FUNCTIONING PROPERLY","CLEAR","DAYLIGHT","REAR END","NOT DIVIDED",,"STRAIGHT AND LEVEL","DRY","NO DEFECTS","ON SCENE","NO INJURY / DRIVE AWAY",,,,"OVER $1,500","2026-03-16T16:45:00.000","FOLLOWING TOO CLOSELY","FAILING TO YIELD RIGHT-OF-WAY","5150","W","CHICAGO AVE","1531",,,,,,,"2","NO INDICATION OF INJURY","0","0","0","0","0","3","0","16","2","3","41.8950537308","-87.7552252908","POINT (-87.755225290757 41.895053730813)"
"d32dcf806384a8a0335c22ab3f9e1b01ac608b88641628192bebf22a1904ed6a3446c84b655356c4965b162fff2ba87d5eca46447602b788e6c13b036b780ad2",,"2026-03-16T16:45:00.000","30","NO CONTROLS","NO CONTROLS","CLEAR","DAYLIGHT","SIDESWIPE SAME DIRECTION","ONE-WAY",,"STRAIGHT AND LEVEL","WET","NO DEFECTS","NOT ON SCENE (DESK REPORT)","NO INJURY / DRIVE AWAY",,,,"OVER $1,500","2026-03-16T17:00:00.000","UNABLE TO DETERMINE","NOT APPLICABLE","4257","S","MICHIGAN AVE","213",,,,,,,"2","NO INDICATION OF INJURY","0","0","0","0","0","2","0","16","2","3","41.8166869902","-87.6228866903","POINT (-87.622886690338 41.816686990222)"
"0f652f252f1d04b2c90173eac5a996b0822f2d94b4caeeaed92f7484868b233f5d893eca0da4f71f6d7f20ff9e6ba8089d270f8f4402b6bd2786001707f59d49",,"2026-03-16T16:40:00.000","30","NO CONTROLS","NO CONTROLS","CLOUDY/OVERCAST","DAYLIGHT","REAR END","NOT DIVIDED",,"STRAIGHT AND LEVEL","DRY","UNKNOWN","ON SCENE","NO INJURY / DRIVE AWAY",,,,"OVER $1,500","2026-03-16T17:20:00.000","FAILING TO REDUCE SPEED TO AVOID CRASH","NOT APPLICABLE","157","W","ONTARIO ST","1832",,,,,,,"2","NO INDICATION OF INJURY","0","0","0","0","0","3","0","16","2","3","41.8930881399","-87.6334165522","POINT (-87.633416552181 41.893088139941)"
"2d9dc7220101dae636c5d091b6bdf2c1f72702ac8dabb5a84dc496cc39b3a8cd6a3e9f42575239404c667619fcb4b5b0ab4a7bfef2c9368cdbe62e241259858c",,"2026-03-16T16:40:00.000","25","STOP SIGN/FLASHER","FUNCTIONING PROPERLY","CLEAR","DAYLIGHT","REAR END","ONE-WAY",,"STRAIGHT AND LEVEL","UNKNOWN","OTHER","NOT ON SCENE (DESK REPORT)","NO INJURY / DRIVE AWAY",,,,"OVER $1,500","2026-03-16T18:00:00.000","UNABLE TO DETERMINE","UNABLE TO DETERMINE","5964","W","POTOMAC AVE","2531",,,,,,,"2","NO INDICATION OF INJURY","0","0","0","0","0","2","0","16","2","3","41.903921926","-87.7753645886","POINT (-87.775364588619 41.903921925995)"
"b746e668ea6fb261bce52eb9f1bf5e27668b5d3e9cecf92268a06eb508efe07381697f83e255f5fe4a4477e403af1328573a659aa923a283785c80dda60bbc9e",,"2026-03-16T16:30:00.000","30","OTHER","OTHER","CLEAR","DAYLIGHT","TURNING","DIVIDED - W/MEDIAN (NOT RAISED)",,"STRAIGHT AND LEVEL","DRY","NO DEFECTS","ON SCENE","NO INJURY / DRIVE AWAY","Y",,,"$500 OR LESS","2026-03-16T16:35:00.000","UNABLE TO DETERMINE","NOT APPLICABLE","5500","S","LAKE PARK AVE","235",,,,,,,"2","NO INDICATION OF INJURY","0","0","0","0","0","2","0","16","2","3","41.7951059372","-87.5877094121","POINT (-87.587709412142 41.795105937194)"
"0daecfb1e86823d7f417c221ef0f2dbe001b662fd7ec10173dfcc2f22adcaefd4a0568ea45c110b45bc5cd861ecff5a11ca2da8d1e0e2fbd83af4f9c9da15c05",,"2026-03-16T16:25:00.000","30","TRAFFIC SIGNAL","FUNCTIONING PROPERLY","CLOUDY/OVERCAST","DAYLIGHT","TURNING","NOT DIVIDED",,"STRAIGHT AND LEVEL","DRY","NO DEFECTS","ON SCENE","INJURY AND / OR TOW DUE TO CRASH","Y",,,"OVER $1,500","2026-03-16T16:30:00.000","EQUIPMENT - VEHICLE CONDITION","DRIVING SKILLS/KNOWLEDGE/EXPERIENCE","5747","N","CANFIELD AVE","1612",,,,,,,"2","NONINCAPACITATING INJURY","2","0","0","1","1","1","0","16","2","3","41.9844844647","-87.8231828069","POINT (-87.823182806913 41.984484464652)"
"48f5a67320b8c1492727060240e0635497a68a5a7852bc33242d06a3d2b2abf584a34f6bbe4c83f3c710384b54f22aa03359fcb36979af1b70a173b56f977292",,"2026-03-16T16:20:00.000","30","NO CONTROLS","FUNCTIONING PROPERLY","SNOW","DAYLIGHT","SIDESWIPE SAME DIRECTION","NOT DIVIDED",,"STRAIGHT AND LEVEL","SNOW OR SLUSH","UNKNOWN","ON SCENE","NO INJURY / DRIVE AWAY","N",,"N","OVER $1,500","2026-03-16T16:34:00.000","IMPROPER OVERTAKING/PASSING","NOT APPLICABLE","4202","W","FOSTER AVE","1712",,,,,,,"2","NO INDICATION OF INJURY","0","0","0","0","0","2","0","16","2","3","41.9755876948","-87.733335568","POINT (-87.733335568043 41.975587694832)"
"f0942880a46a25899fb02f79794b6df7220f21b2435d2ce592cc8377e7cf9b32ed07e781670b513c93e066f988e73027c6ab5c28d9891a2d7e160fbc46f67eab",,"2026-03-16T16:18:00.000","25","NO CONTROLS","NO CONTROLS","CLEAR","DAYLIGHT","REAR END","NOT DIVIDED",,"STRAIGHT AND LEVEL","DRY","NO DEFECTS","NOT ON SCENE (DESK REPORT)","NO INJURY / DRIVE AWAY",,,,"OVER $1,500","2026-03-16T17:45:00.000","FAILING TO REDUCE SPEED TO AVOID CRASH","NOT APPLICABLE","4604","W","PALMER ST","2522",,,,,,,"2","NO INDICATION OF INJURY","0","0","0","0","0","2","0","16","2","3","41.9207519452","-87.7418713954","POINT (-87.741871395356 41.920751945171)"
"17129d065613fd22bfce53049d1f413137cd272d65ff91062f1473887e7d26554b13225e479369e41eef4f2f5dd333d3a60163dd1fe896eb2ab3e7af12185b51",,"2026-03-16T16:15:00.000","30","NO CONTROLS","NO CONTROLS","CLEAR","DAYLIGHT","ANGLE","NOT DIVIDED",,"STRAIGHT AND LEVEL","WET","NO DEFECTS","ON SCENE","INJURY AND / OR TOW DUE TO CRASH",,,,"OVER $1,500","2026-03-16T16:58:00.000","FAILING TO YIELD RIGHT-OF-WAY","UNABLE TO DETERMINE","2010","N","DAMEN AVE","1432",,,,,,,"2","NO INDICATION OF INJURY","0","0","0","0","0","4","0","16","2","3","41.9181053424","-87.6777805388","POINT (-87.677780538786 41.918105342409)"
"d2179e202ed9518d682d70a326c3b04fe94a5b076c32e8947d43af6f2224fafb2a6f9a37de5d986fa41cddbc5b38367cf23d1c247dc5e03fe6156e410d557fed",,"2026-03-16T16:15:00.000","30","UNKNOWN","UNKNOWN","UNKNOWN","UNKNOWN","REAR END","ONE-WAY",,"STRAIGHT AND LEVEL","UNKNOWN","UNKNOWN","NOT ON SCENE (DESK REPORT)","NO INJURY / DRIVE AWAY",,,"Y","$500 OR LESS","2026-03-16T17:30:00.000","OPERATING VEHICLE IN ERRATIC, RECKLESS, CARELESS, NEGLIGENT OR AGGRESSIVE MANNER","NOT APPLICABLE","8001","S","LANGLEY AVE","631",,,,,,,"2","NO INDICATION OF INJURY","0","0","0","0","0","2","0","16","2","3","41.7493274348","-87.6074620033","POINT (-87.607462003341 41.749327434785)"
"d511647a7487795625029e446bc8a32492a9ff098cb283e02f548741122380a69c6a644e5a02c946d9f6cb48fcc0a5b7e6862575bb7cf42ecb7eaeeeb3e4805c",,"2026-03-16T16:15:00.000","30","STOP SIGN/FLASHER","FUNCTIONING PROPERLY","CLEAR","DAYLIGHT","ANGLE","NOT DIVIDED",,"STRAIGHT AND LEVEL","DRY","NO DEFECTS","NOT ON SCENE (DESK REPORT)","NO INJURY / DRIVE AWAY",,,,"$501 - $1,500","2026-03-16T17:10:00.000","DISREGARDING OTHER TRAFFIC SIGNS","NOT APPLICABLE","6100","S","LAWNDALE AVE","823",,,,,,,"2","NO INDICATION OF INJURY","0","0","0","0","0","6","0","16","2","3","41.7823652924","-87.7156482018","POINT (-87.715648201849 41.782365292417)"
"2f652e18b6a4bd0119e1f2f1342dd6d05d5978256bf9e1f3c8453ab9126f932fbdb5ae5d3a0dfc28fe5afa58f57066cc7f3065abe28cc9cb1388e44ff6c6e839",,"2026-03-16T16:10:00.000","35","NO CONTROLS","NO CONTROLS","CLOUDY/OVERCAST","DAYLIGHT","SIDESWIPE SAME DIRECTION","DIVIDED - W/MEDIAN (NOT RAISED)",,"STRAIGHT AND LEVEL","DRY","UNKNOWN","ON SCENE","INJURY AND / OR TOW DUE TO CRASH",,,"Y","$500 OR LESS","2026-03-16T16:21:00.000","IMPROPER OVERTAKING/PASSING","UNABLE TO DETERMINE","5631","N","CUMBERLAND AVE","1614",,,,,,,"2","NONINCAPACITATING INJURY","1","0","0","1","0","1","0","16","2","3","41.981682469","-87.8364342739","POINT (-87.836434273914 41.981682468986)"
"f6db6f3ab5447fb1cbe1ead26766261aeff0deb4b480ed324b87ceacb7dc4e61c83f55e40f6a1424b618d3854d30c7da7ec19dbbdebd079e6d7cd596204c3ec7",,"2026-03-16T16:10:00.000","30","NO CONTROLS","NO CONTROLS","SNOW","DAYLIGHT","ANGLE","NOT DIVIDED",,"STRAIGHT AND LEVEL","ICE","NO DEFECTS","NOT ON SCENE (DESK REPORT)","NO INJURY / DRIVE AWAY","Y",,,"OVER $1,500","2026-03-16T16:50:00.000","FAILING TO YIELD RIGHT-OF-WAY","NOT APPLICABLE","2325","W","NORTH AVE","1424",,,,,,,"2","NO INDICATION OF INJURY","0","0","0","0","0","2","0","16","2","3","41.9102300093","-87.6858503668","POINT (-87.685850366833 41.910230009267)"
"425ca356f9f69f0cc0ddafc5ea19ca3ee40b9314c7237917969e71dba6fedc59101fec5f04832ed686f00b3d56900d29130d5e33b7f66866879bb0705d4b3cb2",,"2026-03-16T16:03:00.000","30","TRAFFIC SIGNAL","FUNCTIONING PROPERLY","CLOUDY/OVERCAST","DAYLIGHT","ANGLE","FOUR WAY",,"STRAIGHT AND LEVEL","DRY","NO DEFECTS","ON SCENE","NO INJURY / DRIVE AWAY","Y",,,"OVER $1,500","2026-03-16T17:18:00.000","IMPROPER OVERTAKING/PASSING","IMPROPER TURNING/NO SIGNAL","802","E","87TH ST","632",,,,,,,"2","NO INDICATION OF INJURY","0","0","0","0","0","2","0","16","2","3","41.7367610624","-87.6046803386","POINT (-87.604680338574 41.736761062422)"
"6027d109cee3deed9b32c5743231607fd6a020fe2bf8fb227d32ffe3382e634461c488fa60b36ed8c546bae66b93dbb98712c3e07d70f9a07679a4dbd7dd2043",,"2026-03-16T16:00:00.000","10","NO CONTROLS","NO CONTROLS","CLEAR","DAYLIGHT","PARKED MOTOR VEHICLE","PARKING LOT",,"STRAIGHT AND LEVEL","UNKNOWN","UNKNOWN","ON SCENE","NO INJURY / DRIVE AWAY",,"Y",,"OVER $1,500","2026-03-16T16:06:00.000","WEATHER","WEATHER","6520","W","FULLERTON AVE","2512",,,,,,,"2",,,,,,,,,"16","2","3","41.9237604017","-87.7887477626","POINT (-87.788747762559 41.923760401743)"
"ac6b64b4c441039f3cea342359b30bad34019fb26b2feddab62b27d62c660690eda9ddb5bfb0a9705f04fe7bc34acc381847921c18fc4ab38b204d4b52619291",,"2026-03-16T16:00:00.000","30","NO CONTROLS","NO CONTROLS","SNOW","DAYLIGHT","REAR END","NOT DIVIDED",,"STRAIGHT AND LEVEL","WET","NO DEFECTS","NOT ON SCENE (DESK REPORT)","NO INJURY / DRIVE AWAY",,,"N","$500 OR LESS","2026-03-16T18:30:00.000","WEATHER","WEATHER","2300","W","119TH ST","2212",,,,,,,"2","NO INDICATION OF INJURY","0","0","0","0","0","2","0","16","2","3","41.6773371105","-87.6790005999","POINT (-87.679000599939 41.677337110544)"
"b612e2861e885b028fdb13097a8f4df7ab57d013ce0fef83ed5a941da6c49b0a23b1b766b8c9adcb0732f43487a6eed680ecf07ef05658f895b601a2901260b9",,"2026-03-16T15:56:00.000","30","NO CONTROLS","NO CONTROLS","CLEAR","DAYLIGHT","SIDESWIPE SAME DIRECTION","NOT DIVIDED",,"STRAIGHT AND LEVEL","DRY","NO DEFECTS","ON SCENE","NO INJURY / DRIVE AWAY",,,,"OVER $1,500","2026-03-16T16:23:00.000","IMPROPER LANE USAGE","IMPROPER OVERTAKING/PASSING","10419","S","PULASKI RD","2211",,,,,,,"2","NO INDICATION OF INJURY","0","0","0","0","0","2","0","15","2","3","41.7034091231","-87.7206560801","POINT (-87.720656080097 41.703409123051)"
"071bbcf753693a38c411305d0bfe5f14315dd0a9154102c1772fd4b0b209c18d1def4b7623b58e96e3adb473f2606f70477d71cfc29fdbfe58ce339f4e8db665",,"2026-03-16T15:55:00.000","30","NO CONTROLS","NO CONTROLS","CLEAR","DAYLIGHT","SIDESWIPE SAME DIRECTION","NOT DIVIDED",,"STRAIGHT AND LEVEL","DRY","NO DEFECTS","ON SCENE","NO INJURY / DRIVE AWAY",,,,"OVER $1,500","2026-03-16T16:02:00.000","FAILING TO YIELD RIGHT-OF-WAY","FAILING TO YIELD RIGHT-OF-WAY","1924","W","DIVISION ST","1424",,,,,,,"2","NO INDICATION OF INJURY","0","0","0","0","0","2","0","15","2","3","41.9033244496","-87.675825455","POINT (-87.675825455036 41.903324449646)"
"842437b32ec355b3caeabcebde0c2502b2ec56cda1dc85308677464ceba654399e21adef2fccd69bf98d758cbdbd096ce17f8232d34552567895ed7c724b5f18",,"2026-03-16T15:55:00.000","30","NO CONTROLS","NO CONTROLS","CLEAR","DAYLIGHT","PARKED MOTOR VEHICLE","DIVIDED - W/MEDIAN (NOT RAISED)",,"STRAIGHT AND LEVEL","WET","NO DEFECTS","ON SCENE","NO INJURY / DRIVE AWAY",,,,"$500 OR LESS","2026-03-16T15:56:00.000","UNABLE TO DETERMINE","NOT APPLICABLE","4915","W","FULLERTON AVE","2522",,,,,,,"2","NO INDICATION OF INJURY","0","0","0","0","0","2","0","15","2","3","41.924088407","-87.7494154163","POINT (-87.749415416327 41.924088407007)"
"6f1f41fe3b70539dc01d8ae53e0ce4924760707e617e3f54bf2bf7a5faf2991332dc43252a29d98d882f9cc69cda19a3619715b5475ee4cd30aba2f1f2872865",,"2026-03-16T15:50:00.000","30","NO CONTROLS","NO CONTROLS","SNOW","DAYLIGHT","REAR END","NOT DIVIDED",,"STRAIGHT AND LEVEL","ICE","NO DEFECTS","NOT ON SCENE (DESK REPORT)","NO INJURY / DRIVE AWAY",,,,"OVER $1,500","2026-03-16T17:00:00.000","UNABLE TO DETERMINE","UNABLE TO DETERMINE","5600","S","DORCHESTER AVE","235",,,,,,,"2","NO INDICATION OF INJURY","0","0","0","0","0","2","0","15","2","3","41.793233793","-87.5917859965","POINT (-87.591785996547 41.793233792967)"
"a8bb20f8bb1220a501e20d70d7301c871ff2af46c34124866256c375df067d446fe16512872be33345fc6c65be3368c4da4caba676f0540110b473042ce614d1",,"2026-03-16T15:45:00.000","20","NO CONTROLS","NO CONTROLS","CLEAR","DAYLIGHT","FIXED OBJECT","ALLEY",,"STRAIGHT AND LEVEL","WET","NO DEFECTS","ON SCENE","NO INJURY / DRIVE AWAY",,,,"OVER $1,500","2026-03-16T15:45:00.000","UNABLE TO DETERMINE","UNABLE TO DETERMINE","3819","W","GLADYS AVE","1133",,,,,,,"1","NO INDICATION OF INJURY","0","0","0","0","0","1","0","15","2","3","41.8761195974","-87.7214642631","POINT (-87.721464263148 41.876119597378)"
"fb361f3757b1245ecc5074db5ab7f1729dc69fdea7df012f480672f2f2d8f5793cce94d114a3e27b770d320c5d92d1cc434fa602531ea45261cff23b6e6f603a",,"2026-03-16T15:45:00.000","30","NO CONTROLS","NO CONTROLS","CLEAR","DAYLIGHT","SIDESWIPE SAME DIRECTION","NOT DIVIDED",,"STRAIGHT AND LEVEL","UNKNOWN","NO DEFECTS","ON SCENE","NO INJURY / DRIVE AWAY","N",,,"OVER $1,500","2026-03-16T15:47:00.000","FAILING TO REDUCE SPEED TO AVOID CRASH","UNABLE TO DETERMINE","1701","W","DIVISION ST","1213",,,,,,,"2","NO INDICATION OF INJURY","0","0","0","0","0","2","0","15","2","3","41.903195593","-87.6699653117","POINT (-87.669965311686 41.903195593015)"
"c2338af74a73d4677c24036c8414c3b15670963144455b79cec242df83f400783f59c2216a6b1cb448974c38d66cf36f11fe83c6a6aff53f4dce25ee57f24d6d",,"2026-03-16T15:44:00.000","30","STOP SIGN/FLASHER","NO CONTROLS","CLEAR","DAYLIGHT","REAR END","NOT DIVIDED",,"STRAIGHT AND LEVEL","DRY","NO DEFECTS","NOT ON SCENE (DESK REPORT)","INJURY AND / OR TOW DUE TO CRASH",,,,"$501 - $1,500","2026-03-16T16:40:00.000","FOLLOWING TOO CLOSELY","NOT APPLICABLE","5801","S","PULASKI RD","822",,,,,,,"3","NONINCAPACITATING INJURY","1","0","0","1","0","2","0","15","2","3","41.7877124917","-87.7228613648","POINT (-87.722861364763 41.787712491739)"
"ab5112eb894d528a79563a8f0b1112907580a764ca35c0831bc0e1ad22a5f76ed69da6acd33d6b621e641cd65c7ce13db513e5b500a63dfb634375192851f813",,"2026-03-16T15:35:00.000","30","STOP SIGN/FLASHER","FUNCTIONING PROPERLY","CLOUDY/OVERCAST","DAYLIGHT","ANGLE","TRAFFIC ROUTE",,"STRAIGHT AND LEVEL","DRY","NO DEFECTS","NOT ON SCENE (DESK REPORT)","NO INJURY / DRIVE AWAY","Y",,,"$501 - $1,500","2026-03-16T16:45:00.000","FAILING TO YIELD RIGHT-OF-WAY","UNABLE TO DETERMINE","10400","S","CLAREMONT AVE","2212",,,,,,,"2","NO INDICATION OF INJURY","0","0","0","0","0","2","0","15","2","3","41.7044675205","-87.6804989101","POINT (-87.680498910131 41.704467520465)"
"0545fc1ef208367862fa44a80e28fb1996ed888b6c1175b42c30b619eff506235fcd2c8af0180146cb99d4670b8182457992e5b33265953898eafbdc6daeae5a",,"2026-03-16T15:34:00.000","30","TRAFFIC SIGNAL","FUNCTIONING PROPERLY","SNOW","DAYLIGHT","TURNING","FOUR WAY",,"STRAIGHT AND LEVEL","DRY","NO DEFECTS","ON SCENE","NO INJURY / DRIVE AWAY","Y",,,"OVER $1,500","2026-03-16T16:05:00.000","IMPROPER TURNING/NO SIGNAL","FAILING TO YIELD RIGHT-OF-WAY","5999","N","HARLEM AVE","1612",,,,,,,"2","NO INDICATION OF INJURY","0","0","0","0","0","2","0","15","2","3","41.9899321781","-87.8067257208","POINT (-87.806725720763 41.989932178128)"
"7229d9517361ef5d7242028f5039efba8beb302146579bc190cb5c75c959b160f913196b8876b3942e5b4b8290e30992917ac6353970caba97507c540c79f5e4",,"2026-03-16T15:32:00.000","30","NO CONTROLS","NO CONTROLS","SNOW","DAYLIGHT","REAR END","DIVIDED - W/MEDIAN BARRIER",,"STRAIGHT AND LEVEL","WET","NO DEFECTS","ON SCENE","NO INJURY / DRIVE AWAY",,,,"OVER $1,500","2026-03-16T15:33:00.000","UNABLE TO DETERMINE","UNABLE TO DETERMINE","9450","S","COLFAX AVE","423",,,,,,,"2","NO INDICATION OF INJURY","0","0","0","0","0","2","0","15","2","3","41.7229592715","-87.560877491","POINT (-87.560877490979 41.722959271454)"
"5e8b4bd27aef7d33aba282600a34a63b305466105609a6bb917c8a3376c39a387f9c349bba80d38cc91f5678dbfb850914474130b7e1b67a3c8acf5da54b9b20","Y","2026-03-16T15:30:00.000","30","NO CONTROLS","NO CONTROLS","CLEAR","DAYLIGHT","SIDESWIPE SAME DIRECTION","NOT DIVIDED",,"STRAIGHT AND LEVEL","DRY","UNKNOWN","NOT ON SCENE (DESK REPORT)","NO INJURY / DRIVE AWAY",,,,"$500 OR LESS","2026-03-16T16:36:00.000","UNABLE TO DETERMINE","NOT APPLICABLE","3843","W","63RD ST","823",,,,,,,"2","NO INDICATION OF INJURY","0","0","0","0","0","3","0","15","2","3","41.7785960343","-87.7195730764","POINT (-87.719573076378 41.778596034294)"
"caf70994efe11b7c5ae07ae9364e61686bc520b38406714cb5d3ce5e3a0aa16caf89efc9bb4ce30ac96033fa8c5a61289c1f0ae0716248bc3f02e71de6f99fd1",,"2026-03-16T15:22:00.000","20","STOP SIGN/FLASHER","FUNCTIONING PROPERLY","FREEZING RAIN/DRIZZLE","DAYLIGHT","ANGLE","FOUR WAY",,"STRAIGHT AND LEVEL","SNOW OR SLUSH","NO DEFECTS","ON SCENE","NO INJURY / DRIVE AWAY","Y",,,"OVER $1,500","2026-03-16T16:07:00.000","FAILING TO YIELD RIGHT-OF-WAY","FAILING TO REDUCE SPEED TO AVOID CRASH","5400","W","GEORGE ST","2514",,,,,,,"2","NO INDICATION OF INJURY","0","0","0","0","0","2","0","15","2","3","41.9332733052","-87.7614622359","POINT (-87.761462235936 41.933273305185)"
"4af254fec6f8fc770313720350969c450f9ba0768738f06492671a8b5874c62e81195ac28453caf41834f15b6f645066a676d5c2cd7710ca77c04b68e2f22e45",,"2026-03-16T15:20:00.000","35","TRAFFIC SIGNAL","FUNCTIONING PROPERLY","CLEAR","DAYLIGHT","SIDESWIPE SAME DIRECTION","NOT DIVIDED",,"STRAIGHT AND LEVEL","DRY","NO DEFECTS","ON SCENE","INJURY AND / OR TOW DUE TO CRASH",,,,"OVER $1,500","2026-03-16T15:30:00.000","NOT APPLICABLE","NOT APPLICABLE","5600","N","NAGLE AVE","1612",,,,,,,"2","REPORTED, NOT EVIDENT","1","0","0","0","1","1","0","15","2","3","41.983004344","-87.7878799714","POINT (-87.787879971407 41.983004344013)"
"1b45aaf6b03e0917c48e5b8b793e860ba66de2132a3079f03640810a16de4c29c952ba5644ee7ff5aac4a80cb15b45e8bb35f694fafb3d2b32058b3a1afc634c",,"2026-03-16T15:16:00.000","35","NO CONTROLS","NO CONTROLS","CLEAR","DAYLIGHT","TURNING","FOUR WAY",,"STRAIGHT AND LEVEL","WET","NO DEFECTS","NOT ON SCENE (DESK REPORT)","INJURY AND / OR TOW DUE TO CRASH",,,,"OVER $1,500","2026-03-16T19:30:00.000","UNABLE TO DETERMINE","NOT APPLICABLE","6300","S","COTTAGE GROVE AVE","312",,,,,,,"2","NONINCAPACITATING INJURY","1","0","0","1","0","1","0","15","2","3","41.7803174705","-87.6060745584","POINT (-87.606074558366 41.78031747049)"
"a0abee09995118b22b65742e7ec49a3bda241940853428a93180c7c825eb0c5bfa2e71b76fc25cb2e952b0ad60b65e85d0301787bc229756eb945702c8e28689",,"2026-03-16T15:15:00.000","30","STOP SIGN/FLASHER","FUNCTIONING PROPERLY","CLOUDY/OVERCAST","DAYLIGHT","REAR END","UNKNOWN",,"STRAIGHT AND LEVEL","WET","NO DEFECTS","NOT ON SCENE (DESK REPORT)","NO INJURY / DRIVE AWAY",,,,"OVER $1,500","2026-03-16T15:45:00.000","FOLLOWING TOO CLOSELY","FOLLOWING TOO CLOSELY","2248","W","GRANVILLE AVE","2413",,,,,,,"2","NO INDICATION OF INJURY","0","0","0","0","0","2","0","15","2","3","41.994252807","-87.6868282732","POINT (-87.686828273209 41.99425280704)"
"8c0dc176b17ba3ee4a88d26b71fc0c723de9968bb885eccae91ac1a8d731889fc38e21c8bc74362f76481ba8c95d141113164485cfc096f0e05c8bce01fdf036",,"2026-03-16T15:12:00.000","25","TRAFFIC SIGNAL","FUNCTIONING PROPERLY","CLEAR","DARKNESS, LIGHTED ROAD","TURNING","FOUR WAY",,"STRAIGHT AND LEVEL","SNOW OR SLUSH","NO DEFECTS","NOT ON SCENE (DESK REPORT)","NO INJURY / DRIVE AWAY","Y",,,"$501 - $1,500","2026-03-16T20:07:00.000","DISTRACTION - FROM INSIDE VEHICLE","NOT APPLICABLE","881","N","CLARK ST","1832",,,,,,,"2","NO INDICATION OF INJURY","0","0","0","0","0","2","0","15","2","3","41.8989668417","-87.6311593161","POINT (-87.631159316089 41.89896684168)"
"ff497acf1ad65df844d9b976a7b1f8af19bbb722e24631104462daf008c50131e43b70380884657fb175bd0a72b53bca7aa0422b781d9d0a36962b4b73427268",,"2026-03-16T15:07:00.000","20","STOP SIGN/FLASHER","OTHER","SNOW","DAYLIGHT","ANGLE","FOUR WAY",,"STRAIGHT AND LEVEL","SNOW OR SLUSH","UNKNOWN","ON SCENE","INJURY AND / OR TOW DUE TO CRASH",,,,"OVER $1,500","2026-03-16T15:10:00.000","UNABLE TO DETERMINE","UNABLE TO DETERMINE","9900","S","ESCANABA AVE","431",,,,,,,"2","NO INDICATION OF INJURY","0","0","0","0","0","2","0","15","2","3","41.7153442057","-87.553873125","POINT (-87.553873124968 41.715344205744)"
"27f23b0728992d5bf0fc43de9bd0b95ab2dedeb078efa3aa3a8ef1326d9af271d5abcccaea25b7f170e7c285b7caf508c428fdcb04a21807d84c6bc1fad8bb31",,"2026-03-16T15:00:00.000","30","NO CONTROLS","NO CONTROLS","UNKNOWN","DAYLIGHT","PARKED MOTOR VEHICLE","UNKNOWN",,"STRAIGHT AND LEVEL","UNKNOWN","NO DEFECTS","NOT ON SCENE (DESK REPORT)","NO INJURY / DRIVE AWAY",,,,"OVER $1,500","2026-03-16T15:49:00.000","UNABLE TO DETERMINE","UNABLE TO DETERMINE","7749","S","ESSEX AVE","421",,,,,,,"2","NO INDICATION OF INJURY","0","0","0","0","0","1","0","15","2","3","41.7539516319","-87.5637027253","POINT (-87.563702725306 41.753951631936)"