"crash_record_id","crash_date_est_i","crash_date","posted_speed_limit","traffic_control_device","device_condition","weather_condition","lighting_condition","first_crash_type","trafficway_type","lane_cnt","alignment","roadway_surface_cond","road_defect","report_type","crash_type","intersection_related_i","private_property_i","hit_and_run_i","damage","date_police_notified","prim_contributory_cause","sec_contributory_cause","street_no","street_direction","street_name","beat_of_occurrence","photos_taken_i","statements_taken_i","dooring_i","work_zone_i","work_zone_type","workers_present_i","num_units","most_severe_injury","injuries_total","injuries_fatal","injuries_incapacitating","injuries_non_incapacitating","injuries_reported_not_evident","injuries_no_indication","injuries_unknown","crash_hour","crash_day_of_week","crash_month","latitude","longitude","location"
"5eac37e2332b24e26a383290bf9aef27e0b796c32d5eef78ecd98b6ca4fd3404cb761ea988bb4646401930c294c3efecb2247afde90897dac0945bf3b66be432",,"2026-03-16T15:00:00.000","25","TRAFFIC SIGNAL","FUNCTIONING PROPERLY","CLEAR","DAYLIGHT","TURNING","FOUR WAY",,"STRAIGHT AND LEVEL","SNOW OR SLUSH","NO DEFECTS","NOT ON SCENE (DESK REPORT)","NO INJURY / DRIVE AWAY","Y",,,"$501 - $1,500","2026-03-16T15:44:00.000","IMPROPER OVERTAKING/PASSING","NOT APPLICABLE","45","S","DAMEN AVE","1223",,,,,,,"2","NO INDICATION OF INJURY","0","0","0","0","0","2","0","15","2","3","41.8800803706","-87.676466724","POINT (-87.676466724049 41.880080370599)"
"813e54cd032c708ca072edace8d5266c5a9866ede1a64b81c304d24efadcd28a931ddf876d1abddb8fa1bdfd5dd6ad1aeffc86b2eeeb7854036e66c490f42e94",,"2026-03-16T15:00:00.000","30","NO CONTROLS","NO CONTROLS","SNOW","DAYLIGHT","PARKED MOTOR VEHICLE","ONE-WAY",,"STRAIGHT AND LEVEL","WET","NO DEFECTS","ON SCENE","NO INJURY / DRIVE AWAY",,,,"OVER $1,500","2026-03-16T15:04:00.000","NOT APPLICABLE","NOT APPLICABLE","2909","W","64TH ST","823",,,,,,,"2","NO INDICATION OF INJURY","0","0","0","0","0","1","0","15","2","3","41.7771398787","-87.6962109519","POINT (-87.696210951944 41.777139878692)"
"ad298492009dd75f3f01f90f1b6148c74f8ba260438bea88b2c84fc19ac8828b0add4ca4d9840e1fa5158bc24e960b466c2bdfe372821d060130d9d6c3862243",,"2026-03-16T15:00:00.000","15","UNKNOWN","UNKNOWN","UNKNOWN","UNKNOWN","PARKED MOTOR VEHICLE","ONE-WAY",,"STRAIGHT AND LEVEL","UNKNOWN","UNKNOWN","NOT ON SCENE (DESK REPORT)","NO INJURY / DRIVE AWAY",,,,"$500 OR LESS","2026-03-16T16:40:00.000","NOT APPLICABLE","NOT APPLICABLE","6938","S","EAST END AVE","332",,,,,,,"2","NO INDICATION OF INJURY","0","0","0","0","0","1","0","15","2","3","41.7685659855","-87.5829913147","POINT (-87.582991314665 41.768565985496)"
"e566959e67578f88f185bd40353aa017767b009b9d697bfd86a29c3b21e1fd17832bd58f1c4a9b7abb7a5cbc02ccb7955ca84b8f2266551931740686fe9f4721",,"2026-03-16T15:00:00.000","25","NO CONTROLS","NO CONTROLS","CLOUDY/OVERCAST","DAYLIGHT","SIDESWIPE SAME DIRECTION","DIVIDED - W/MEDIAN (NOT RAISED)",,"STRAIGHT AND LEVEL","DRY","NO DEFECTS","ON SCENE","NO INJURY / DRIVE AWAY",,,,"OVER $1,500","2026-03-16T15:17:00.000","FAILING TO YIELD RIGHT-OF-WAY","FAILING TO YIELD RIGHT-OF-WAY","11142","S","AVENUE L","433",,,,,,,"2","NO INDICATION OF INJURY","0","0","0","0","0","2","0","15","2","3","41.6923895298","-87.5366369545","POINT (-87.536636954521 41.692389529785)"
"c5e3b37a502b3cb483f57254137bf79449c3930df845cee077fd32ba0057c31e92020409c2fcede721bb9aa812f0ee356ef97e662603bb6ca03506826709666e",,"2026-03-16T14:58:00.000","25","NO CONTROLS","NO CONTROLS","SNOW","DAYLIGHT","SIDESWIPE SAME DIRECTION","NOT DIVIDED",,"STRAIGHT AND LEVEL","WET","UNKNOWN","ON SCENE","NO INJURY / DRIVE AWAY",,,,"OVER $1,500","2026-03-16T15:00:00.000","UNABLE TO DETERMINE","UNABLE TO DETERMINE","6242","N","SAYRE AVE","1611",,,,,,,"2","NO INDICATION OF INJURY","0","0","0","0","0","2","0","14","2","3","41.9952012089","-87.800952214","POINT (-87.800952213963 41.995201208948)"
"e657696b75f10f83c33e00f29437b027527888dddc81ca97a4f4160486842907cca28b1eda9769a6ee1c80f2c41c7df1e0a822e522865c9f5bee7346e7ddd894",,"2026-03-16T14:54:00.000","30","TRAFFIC SIGNAL","FUNCTIONING PROPERLY","SNOW","DAYLIGHT","SIDESWIPE SAME DIRECTION","FOUR WAY",,"STRAIGHT AND LEVEL","WET","NO DEFECTS","ON SCENE","NO INJURY / DRIVE AWAY",,,"Y","OVER $1,500","2026-03-16T15:03:00.000","IMPROPER OVERTAKING/PASSING","IMPROPER OVERTAKING/PASSING","3153","N","CICERO AVE","2521",,,,,,,"2","NO INDICATION OF INJURY","0","0","0","0","0","3","0","14","2","3","41.9386049969","-87.7467244104","POINT (-87.746724410435 41.938604996904)"
"df4510cc82b440324f2fdab5467ce2a8c129ca3ece30c0a34bfbf270fc936e0ce837d0a6b711a68b93f6647320436e7f8e8e63c8641e816d26b219a5be6db4d1",,"2026-03-16T14:50:00.000","30","NO CONTROLS","NO CONTROLS","CLEAR","DAYLIGHT","FIXED OBJECT","OTHER",,"STRAIGHT AND LEVEL","DRY","NO DEFECTS","ON SCENE","NO INJURY / DRIVE AWAY",,,,"$501 - $1,500","2026-03-16T14:51:00.000","UNABLE TO DETERMINE","NOT APPLICABLE","1044","N","ORLEANS ST","1823",,,,,,,"1","NO INDICATION OF INJURY","0","0","0","0","0","1","0","14","2","3","41.901632371","-87.6375137583","POINT (-87.637513758338 41.901632371037)"
"23653e43bfbc8d3ff5934b7e7c167fdcc3aef1554812dd9035d8e42bad8224ccf3fef3defb50302fb91399ee0023671e3fc4425d0140c32ec64ec095ad344b69",,"2026-03-16T14:40:00.000","25","NO CONTROLS","NO CONTROLS","CLEAR","DAYLIGHT","OTHER OBJECT","DIVIDED - W/MEDIAN (NOT RAISED)",,"STRAIGHT AND LEVEL","WET","RUT, HOLES","NOT ON SCENE (DESK REPORT)","INJURY AND / OR TOW DUE TO CRASH",,,,"OVER $1,500","2026-03-16T15:00:00.000","ROAD ENGINEERING/SURFACE/MARKING DEFECTS","ROAD CONSTRUCTION/MAINTENANCE","6655","W","GRAND AVE","2512",,,,,,,"1","NO INDICATION OF INJURY","0","0","0","0","0","1","0","14","2","3","41.9235118102","-87.7923605086","POINT (-87.792360508567 41.923511810185)"
"b0a6b2524292a80dfcf44a254e573e942768912f2de74f2fae249b1c8c02caa96b1b20b642501e9465925ae276b9b1e93e91cbc27178606ba50f6ea18f4c6d8d",,"2026-03-16T14:33:00.000","30","TRAFFIC SIGNAL","FUNCTIONING PROPERLY","SNOW","DAYLIGHT","SIDESWIPE SAME DIRECTION","NOT DIVIDED",,"STRAIGHT AND LEVEL","WET","NO DEFECTS","ON SCENE","NO INJURY / DRIVE AWAY",,,,"$501 - $1,500","2026-03-16T15:22:00.000","FOLLOWING TOO CLOSELY","UNABLE TO DETERMINE","7111","S","KEDZIE AVE","831",,,,,,,"2","NO INDICATION OF INJURY","0","0","0","0","0","3","0","14","2","3","41.7640150745","-87.7026561553","POINT (-87.702656155323 41.764015074483)"
"66017096d390fdb865aaad2050b54d9fc256ba3837712917ad971aee02151176b803b3e41966723d483bf327ec9e2219861832614f38ca813ae602146d809759",,"2026-03-16T14:30:00.000","25","NO CONTROLS","NO CONTROLS","CLEAR","DAYLIGHT","TURNING","NOT DIVIDED",,"STRAIGHT AND LEVEL","OTHER","OTHER","NOT ON SCENE (DESK REPORT)","NO INJURY / DRIVE AWAY",,,,"OVER $1,500","2026-03-16T19:00:00.000","UNABLE TO DETERMINE","UNABLE TO DETERMINE","4700","W","DIVERSEY AVE","2521",,,,,,,"2","NO INDICATION OF INJURY","0","0","0","0","0","2","0","14","2","3","41.9316745148","-87.7442082439","POINT (-87.74420824392 41.931674514756)"
"becc31a03f947d0c63a903be927f784e131dda260f4afbc05d982b79e397b6842a06c5cf74a5a9d8e79fc7405e8cbe35df1859d29006139535e5d603dda5366d",,"2026-03-16T14:30:00.000","30","UNKNOWN","UNKNOWN","UNKNOWN","UNKNOWN","TURNING","UNKNOWN",,"STRAIGHT AND LEVEL","UNKNOWN","UNKNOWN","NOT ON SCENE (DESK REPORT)","NO INJURY / DRIVE AWAY",,,,"OVER $1,500","2026-03-16T15:20:00.000","UNABLE TO DETERMINE","NOT APPLICABLE","4700","N","CENTRAL AVE","1622",,,,,,,"2","NO INDICATION OF INJURY","0","0","0","0","0","3","0","14","2","3","41.9659788389","-87.7675675067","POINT (-87.767567506689 41.965978838883)"
"e867b3583bcef034d7fc4909f5bc4294572ee93c9f14f866990a3e78a4b83d3a78b1e6e78e33a6086c68dc52bdb7ab987f9c5c5a12253aa81c94760989ea1930",,"2026-03-16T14:30:00.000","30","NO CONTROLS","NO CONTROLS","SNOW","DAYLIGHT","TURNING","DIVIDED - W/MEDIAN (NOT RAISED)",,"STRAIGHT AND LEVEL","WET","NO DEFECTS","ON SCENE","INJURY AND / OR TOW DUE TO CRASH",,,,"OVER $1,500","2026-03-16T14:45:00.000","IMPROPER BACKING","UNABLE TO DETERMINE","2117","N","MILWAUKEE AVE","1431",,,,,,,"2","NO INDICATION OF INJURY","0","0","0","0","0","2","0","14","2","3","41.9197719628","-87.6919990455","POINT (-87.691999045457 41.919771962786)"
"baf266e73dd48ea51fbc18efb67324c80ef3813a9a4b85e58aef9b7a52d5f33d817f51f8dceeee14d27c727580d1bd3e9c2221cef945438eb62f8afbff400735",,"2026-03-16T14:29:00.000","25","NO CONTROLS","NO CONTROLS","BLOWING SNOW","DAYLIGHT","SIDESWIPE SAME DIRECTION","NOT DIVIDED",,"STRAIGHT AND LEVEL","SNOW OR SLUSH","NO DEFECTS","ON SCENE","NO INJURY / DRIVE AWAY",,,,"OVER $1,500","2026-03-16T15:15:00.000","UNABLE TO DETERMINE","UNABLE TO DETERMINE","4649","W","GRAND AVE","2533",,,,,,,"2","NO INDICATION OF INJURY","0","0","0","0","0","2","0","14","2","3","41.9126509194","-87.7431062369","POINT (-87.74310623692 41.912650919406)"
"2a084179c367fb23e50a604214531cce080689d28832e4aca06ee7872f2453244691087dadc02c5739dfedf407ac72c671ca92df569197325c4d8c7f373c8678",,"2026-03-16T14:28:00.000","30","TRAFFIC SIGNAL","FUNCTIONING PROPERLY","CLEAR","DAYLIGHT","REAR END","NOT DIVIDED",,"STRAIGHT AND LEVEL","DRY","NO DEFECTS","NOT ON SCENE (DESK REPORT)","NO INJURY / DRIVE AWAY",,,,"$500 OR LESS","2026-03-16T17:30:00.000","FOLLOWING TOO CLOSELY","NOT APPLICABLE","7100","S","SPAULDING AVE","831",,,,,,,"2","NO INDICATION OF INJURY","0","0","0","0","0","2","0","14","2","3","41.764249097","-87.7054053305","POINT (-87.705405330528 41.76424909698)"
"a398199b867fe92d148163aa9f0d01b92e188cf32414ff9c21ccf8ec21d5ac86cfd8bc7dce945550209b1d0a6fc93d9bb3de5f5a7b63d466f359175f6bd79a26",,"2026-03-16T14:24:00.000","30","TRAFFIC SIGNAL","FUNCTIONING PROPERLY","SNOW","DAYLIGHT","SIDESWIPE SAME DIRECTION","NOT DIVIDED",,"STRAIGHT AND LEVEL","WET","NO DEFECTS","ON SCENE","NO INJURY / DRIVE AWAY",,,,"OVER $1,500","2026-03-16T14:58:00.000","UNABLE TO DETERMINE","UNABLE TO DETERMINE","201","S","ASHLAND AVE","1231",,,,,,,"2","NO INDICATION OF INJURY","0","0","0","0","0","2","0","14","2","3","41.8788360418","-87.6666025256","POINT (-87.666602525618 41.878836041756)"
"7a1e4fb6ed46f9b17c498197daaa0a8ecae2eec407d10fe8e00ac5e3dbe8e2c6e75eac6081aff73e663a8caa0c67b97ff1e9ed5156d15da7bb5fa95dae336fba","Y","2026-03-16T14:20:00.000","25","NO CONTROLS","NO CONTROLS","SNOW","DAYLIGHT","SIDESWIPE SAME DIRECTION","NOT DIVIDED",,"STRAIGHT AND LEVEL","SNOW OR SLUSH","NO DEFECTS","ON SCENE","NO INJURY / DRIVE AWAY",,,,"$501 - $1,500","2026-03-16T14:23:00.000","FAILING TO YIELD RIGHT-OF-WAY","FAILING TO REDUCE SPEED TO AVOID CRASH","2353","S","WENTWORTH AVE","914",,,,,,,"2","NO INDICATION OF INJURY","0","0","0","0","0","3","0","14","2","3","41.8493837009","-87.6317896143","POINT (-87.631789614301 41.849383700858)"
"839e3116612830975ada2d13e435062b3a15e67b22e1c8e888e20d65046ef9856808643d96b2d52da6940b727c47df972089c0d605acd421c7913da1016f2ebb",,"2026-03-16T14:18:00.000","30","TRAFFIC SIGNAL","FUNCTIONING PROPERLY","SNOW","DAYLIGHT","REAR END","NOT DIVIDED",,"STRAIGHT AND LEVEL","WET","NO DEFECTS","ON SCENE","NO INJURY / DRIVE AWAY",,,,"OVER $1,500","2026-03-16T14:32:00.000","FOLLOWING TOO CLOSELY","UNABLE TO DETERMINE","1111","S","CICERO AVE","1131",,,,,,,"2","NO INDICATION OF INJURY","0","0","0","0","0","2","0","14","2","3","41.8670577643","-87.7446434067","POINT (-87.744643406674 41.867057764342)"
"76c11c7df21b29529cde14b5b4c3c0ef116760f15d68d2736795043ee7020f89477bcadeeec22e6d7695d123f7a453f01ad280c3b868314cc5ce449ce7616a31",,"2026-03-16T14:14:00.000","30","STOP SIGN/FLASHER","FUNCTIONING PROPERLY","SNOW","DAYLIGHT","ANGLE","DIVIDED - W/MEDIAN (NOT RAISED)",,"STRAIGHT AND LEVEL","WET","NO DEFECTS","NOT ON SCENE (DESK REPORT)","NO INJURY / DRIVE AWAY","Y",,,"OVER $1,500","2026-03-16T16:35:00.000","FAILING TO YIELD RIGHT-OF-WAY","NOT APPLICABLE","7700","S","SOUTH SHORE DR","421",,,,,,,"2","NO INDICATION OF INJURY","0","0","0","0","0","2","0","14","2","3","41.7569151775","-87.553534773","POINT (-87.553534773022 41.756915177471)"
"69d6900856ba42203ba3d75222b10c4de5ef7dddcfee414169b85c4008abd5e9d89761aac23a7b8638937c3b6a47053e1da89ff5924620e4ddcd61597c4e8a51",,"2026-03-16T14:12:00.000","30","NO CONTROLS","NO CONTROLS","CLEAR","DAYLIGHT","FIXED OBJECT","ALLEY",,"STRAIGHT AND LEVEL","WET","NO DEFECTS","ON SCENE","NO INJURY / DRIVE AWAY",,"Y",,"$501 - $1,500","2026-03-16T15:00:00.000","DRIVING SKILLS/KNOWLEDGE/EXPERIENCE","UNABLE TO DETERMINE","1214","W","GRANVILLE AVE","2433",,,,,,,"1","NO INDICATION OF INJURY","0","0","0","0","0","1","0","14","2","3","41.99465648","-87.6610502392","POINT (-87.661050239163 41.994656479978)"
"a9e29340e2c9463b25f5c2b56952e7baceb25754c714e6be334169d2962855fda77dc95d0d4820987a66c9f7b2d4b414fde0b0be8fee5792b05ba50c16fa6b8d",,"2026-03-16T14:05:00.000","30","NO CONTROLS","NO CONTROLS","CLOUDY/OVERCAST","DAYLIGHT","SIDESWIPE SAME DIRECTION","DIVIDED - W/MEDIAN BARRIER",,"STRAIGHT AND LEVEL","UNKNOWN","UNKNOWN","NOT ON SCENE (DESK REPORT)","NO INJURY / DRIVE AWAY",,,,"OVER $1,500","2026-03-16T15:45:00.000","FAILING TO YIELD RIGHT-OF-WAY","IMPROPER LANE USAGE","145","W","IDA B WELLS DR","123",,,,,,,"2","NO INDICATION OF INJURY","0","0","0","0","0","2","0","14","2","3","41.8754808026","-87.6322417256","POINT (-87.632241725646 41.875480802617)"
"43178527d1e632ed6a95cb2aa9bf7564f8d61e89bc33ddb51a5efddf575eff704acb2c8191fc88e91902659eebe334d2c85bdb3e89b2b734fd9979dd8f32ee12",,"2026-03-16T14:00:00.000","30","UNKNOWN","UNKNOWN","CLEAR","DAYLIGHT","ANGLE","UNKNOWN",,"STRAIGHT AND LEVEL","DRY","UNKNOWN","NOT ON SCENE (DESK REPORT)","NO INJURY / DRIVE AWAY",,,,"OVER $1,500","2026-03-16T15:00:00.000","UNABLE TO DETERMINE","UNABLE TO DETERMINE","5500","S","LAKE PARK AVE","235",,,,,,,"2","NO INDICATION OF INJURY","0","0","0","0","0","2","0","14","2","3","41.7951059372","-87.5877094121","POINT (-87.587709412142 41.795105937194)"
"dac6b36652d4843a227e036a19c3bb3d8f000f771adba2dd769b5cf0d07961f40f24b89bd09cd45fce853e16405d835686e569c64313e38e62fcc048968f6707",,"2026-03-16T14:00:00.000","30","TRAFFIC SIGNAL","FUNCTIONING PROPERLY","CLEAR","DAYLIGHT","PEDALCYCLIST","NOT DIVIDED",,"STRAIGHT AND LEVEL","DRY","UNKNOWN","NOT ON SCENE (DESK REPORT)","NO INJURY / DRIVE AWAY",,,,"$500 OR LESS","2026-03-16T15:28:00.000","UNABLE TO DETERMINE","NOT APPLICABLE","6257","S","AUSTIN AVE","812",,,,,,,"2","NO INDICATION OF INJURY","0","0","0","0","0","3","0","14","2","3","41.7780126","-87.7713546397","POINT (-87.771354639701 41.778012599987)"
"dc7e82928ffb228675a10e23f70bbee78eb2ddd13531c036a1c3d5d3915444d4ab4d3807bfccd323d12b3901d30f74e4e90370828e78c3b834d4bbf949b1d194",,"2026-03-16T14:00:00.000","30","NO CONTROLS","NO CONTROLS","SNOW","DAYLIGHT","FIXED OBJECT","DIVIDED - W/MEDIAN (NOT RAISED)",,"STRAIGHT AND LEVEL","WET","NO DEFECTS","ON SCENE","INJURY AND / OR TOW DUE TO CRASH",,,,"OVER $1,500","2026-03-16T14:45:00.000","UNABLE TO DETERMINE","WEATHER","1548","S","SACRAMENTO DR","1022",,,,,,,"1","REPORTED, NOT EVIDENT","1","0","0","0","1","0","0","14","2","3","41.8599435242","-87.7022597194","POINT (-87.70225971941 41.859943524153)"
"2bab1685da9587aa23304073e30c3114af1787ddc757a8c31678ae4cef370c4ccef1986199579f4c7e45096175d777fd645a9515b66b2380e7e74b0f3d84f95c",,"2026-03-16T13:50:00.000","30","TRAFFIC SIGNAL","FUNCTIONING PROPERLY","CLEAR","DAYLIGHT","REAR END","NOT DIVIDED",,"STRAIGHT AND LEVEL","WET","NO DEFECTS","ON SCENE","NO INJURY / DRIVE AWAY",,,,"OVER $1,500","2026-03-16T13:55:00.000","FAILING TO YIELD RIGHT-OF-WAY","WEATHER","5504","N","NORTHWEST HWY","1622",,,,,,,"2","NO INDICATION OF INJURY","0","0","0","0","0","2","0","13","2","3","41.9806091121","-87.7783724105","POINT (-87.778372410455 41.980609112108)"
"5a5f4702b00d89489d7dd93008a18c2655277945fe563d909fc4d4f02ebad2311e4179280bbdc55609427bd3179d810e5cde01a58cf448c565328651c1726767",,"2026-03-16T13:47:00.000","30","TRAFFIC SIGNAL","FUNCTIONING PROPERLY","SNOW","DAYLIGHT","HEAD ON","NOT DIVIDED",,"STRAIGHT AND LEVEL","WET","UNKNOWN","ON SCENE","NO INJURY / DRIVE AWAY","Y",,"N","OVER $1,500","2026-03-16T13:47:00.000","UNABLE TO DETERMINE","UNABLE TO DETERMINE","11200","S","VINCENNES AVE","2212",,,,,,,"2","NO INDICATION OF INJURY","0","0","0","0","0","2","0","13","2","3","41.6900816898","-87.6648172817","POINT (-87.664817281655 41.690081689849)"
"b2953976867eb6cc195e636643a93c62d7f898870a2565ca2c8a1edbeac8634001b549931ed0e41b82db06a44ed25e12df3ae669e2e82670c95cb54ba61e4d1e",,"2026-03-16T13:45:00.000","30","STOP SIGN/FLASHER","FUNCTIONING PROPERLY","SNOW","DAYLIGHT","TURNING","T-INTERSECTION",,"STRAIGHT AND LEVEL","WET","UNKNOWN","ON SCENE","INJURY AND / OR TOW DUE TO CRASH","Y",,,"OVER $1,500","2026-03-16T13:47:00.000","FAILING TO REDUCE SPEED TO AVOID CRASH","FAILING TO YIELD RIGHT-OF-WAY","9500","S","DORCHESTER AVE","511",,,,,,,"2","REPORTED, NOT EVIDENT","1","0","0","0","1","1","0","13","2","3","41.7221909796","-87.5907988114","POINT (-87.59079881135 41.722190979627)"
"240db1767b68385b0b3e3c2814f364e1f0cf5f602304f57c2ae06aaf947c0ccf84361b557ce1df0b479da3a372e0b2998d4ee97e55425e71e773ec7a7aeea39f",,"2026-03-16T13:30:00.000","30","NO CONTROLS","NO CONTROLS","SNOW","UNKNOWN","PARKED MOTOR VEHICLE","OTHER",,"STRAIGHT AND LEVEL","WET","NO DEFECTS","NOT ON SCENE (DESK REPORT)","NO INJURY / DRIVE AWAY",,,"Y","$501 - $1,500","2026-03-16T14:00:00.000","UNABLE TO DETERMINE","NOT APPLICABLE","1344","E","90TH ST","413",,,,,,,"2","NO INDICATION OF INJURY","0","0","0","0","0","1","0","13","2","3","41.7314774061","-87.5911639879","POINT (-87.591163987899 41.731477406101)"
"e961cc9e1611dd0a57641a3a36bfaa6ebd12cc2bb508b0fa84d217be8b90d8e45b0fd5f74b2c595c0fb626f0da8afb696c97117e7d90dac54c4ab25659ed0455",,"2026-03-16T13:30:00.000","30","UNKNOWN","UNKNOWN","SNOW","DAYLIGHT","SIDESWIPE SAME DIRECTION","NOT DIVIDED",,"STRAIGHT AND LEVEL","SNOW OR SLUSH","UNKNOWN","NOT ON SCENE (DESK REPORT)","NO INJURY / DRIVE AWAY",,,"Y","OVER $1,500","2026-03-16T19:55:00.000","UNABLE TO DETERMINE","UNABLE TO DETERMINE","5840","S","MARYLAND AVE","235",,,,,,,"2","NO INDICATION OF INJURY","0","0","0","0","0","4","0","13","2","3","41.7883071067","-87.6050631202","POINT (-87.6050631202 41.788307106677)"
"2d56dbcc07b5cc016613fd18e3b24b729d55b20a53c3c6acab1818101d63e856d1275ad116566bd5ee7677b765fccb2406d9591a5a01dd466a71552c0f964c3a",,"2026-03-16T13:15:00.000","30","NO CONTROLS","NO CONTROLS","SNOW","DAYLIGHT","REAR END","NOT DIVIDED",,"STRAIGHT AND LEVEL","SNOW OR SLUSH","UNKNOWN","NOT ON SCENE (DESK REPORT)","NO INJURY / DRIVE AWAY",,,,"OVER $1,500","2026-03-16T13:41:00.000","FOLLOWING TOO CLOSELY","NOT APPLICABLE","9900","S","WOOD ST","2213",,,,,,,"2","NO INDICATION OF INJURY","0","0","0","0","0","2","0","13","2","3","41.7138359746","-87.6673852487","POINT (-87.667385248705 41.713835974621)"
"7f3e7115971b25f0b7885271055743ce22d2520de078a6d5067895ccb502264e05c7ca5ced9a1116059efd56d71fec8b0841c5f21bcc1dffcab4d873f4a8602f",,"2026-03-16T13:10:00.000","25","STOP SIGN/FLASHER","FUNCTIONING PROPERLY","CLOUDY/OVERCAST","DAYLIGHT","REAR END","ONE-WAY",,"STRAIGHT AND LEVEL","WET","NO DEFECTS","NOT ON SCENE (DESK REPORT)","NO INJURY / DRIVE AWAY","Y",,,"$501 - $1,500","2026-03-16T14:00:00.000","FAILING TO YIELD RIGHT-OF-WAY","FOLLOWING TOO CLOSELY","1304","E","56TH ST","235",,,,,,,"2","NO INDICATION OF INJURY","0","0","0","0","0","2","0","13","2","3","41.7934020468","-87.5946214361","POINT (-87.59462143613 41.793402046772)"
"e6f56a9dfaf3eba5faebf33427436d31ee516e0b27f5356fec673979cafbea7fdf1ba8d4f5cfd0cada5ec62d89c435ff5ec687714e8556975a5725eddf3f2503",,"2026-03-16T12:54:00.000","10","NO CONTROLS","NO CONTROLS","CLEAR","DAYLIGHT","PARKED MOTOR VEHICLE","PARKING LOT",,"STRAIGHT AND LEVEL","DRY","NO DEFECTS","NOT ON SCENE (DESK REPORT)","NO INJURY / DRIVE AWAY",,"Y",,"$501 - $1,500","2026-03-16T16:20:00.000","IMPROPER BACKING","NOT APPLICABLE","5055","S","ARCHER AVE","815",,,,,,,"2","NO INDICATION OF INJURY","0","0","0","0","0","3","0","12","2","3","41.8011083619","-87.7264838557","POINT (-87.726483855689 41.801108361942)"
"606ac3792e99e1e9dcca0ceffe3ad264cdd3ff045cd2270b4135c751280b085ac0fce0f363651e30f28b844dee11551cd48ef8ca8203ad581ef39180fb4b82f0",,"2026-03-16T12:37:00.000","30","NO CONTROLS","NO CONTROLS","CLEAR","DAYLIGHT","PARKED MOTOR VEHICLE","NOT DIVIDED",,"STRAIGHT AND LEVEL","WET","NO DEFECTS","ON SCENE","NO INJURY / DRIVE AWAY",,,,"OVER $1,500","2026-03-16T12:39:00.000","IMPROPER BACKING","NOT APPLICABLE","6914","W","GRAND AVE","2512",,,,,,,"2","NO INDICATION OF INJURY","0","0","0","0","0","1","0","12","2","3","41.923683962","-87.7983357741","POINT (-87.798335774093 41.923683961973)"
"3c6f1b8e2c4297324b6aa318366aebca75c2a8eb0d4dda5aad4f66685e76ac554ab8df337289d2f74c58f46219b57dabf640c643792297d548b3f85488bb0355",,"2026-03-16T12:30:00.000","30","STOP SIGN/FLASHER","FUNCTIONING PROPERLY","CLEAR","DAYLIGHT","REAR END","ONE-WAY",,"STRAIGHT AND LEVEL","ICE","NO DEFECTS","NOT ON SCENE (DESK REPORT)","NO INJURY / DRIVE AWAY",,,"Y","OVER $1,500","2026-03-16T13:45:00.000","UNABLE TO DETERMINE","NOT APPLICABLE","1435","E","56TH ST","235",,,,,,,"2","NO INDICATION OF INJURY","0","0","0","0","0","2","0","12","2","3","41.7932304128","-87.5903610122","POINT (-87.590361012153 41.793230412798)"
"025cc11b7acbbf7581e17bd47970b72d47fbbb9665fbbe50a5b4abbf91c9d0b26fa151ef09d8eab31112d6fe75f6de5e6d7cdaceb59915d500c4ecd877050158",,"2026-03-16T12:28:00.000","30","TRAFFIC SIGNAL","FUNCTIONING PROPERLY","SNOW","DAYLIGHT","PEDESTRIAN","FOUR WAY",,"STRAIGHT AND LEVEL","SNOW OR SLUSH","NO DEFECTS","ON SCENE","INJURY AND / OR TOW DUE TO CRASH","Y",,"Y","$500 OR LESS","2026-03-16T12:28:00.000","FAILING TO YIELD RIGHT-OF-WAY","IMPROPER TURNING/NO SIGNAL","4598","N","BROADWAY","1913",,,,,,,"2","NONINCAPACITATING INJURY","1","0","0","1","0","1","0","12","2","3","41.9652701444","-87.657554292","POINT (-87.657554292026 41.965270144389)"
"aee654e5e51291ff5317b1f743a52eb81b4a072d2c471d75e35ac21bc06c3400894cccf4b40110ea8c2b02c3ce90ecdc1b8c926d0b96c38a4b6873fa739351fa",,"2026-03-16T12:28:00.000","30","NO CONTROLS","NO CONTROLS","SNOW","DAYLIGHT","PARKED MOTOR VEHICLE","DIVIDED - W/MEDIAN (NOT RAISED)",,"STRAIGHT AND LEVEL","SNOW OR SLUSH","RUT, HOLES","ON SCENE","INJURY AND / OR TOW DUE TO CRASH",,,,"OVER $1,500","2026-03-16T12:29:00.000","UNABLE TO DETERMINE","UNABLE TO DETERMINE","5901","S","WESTERN AVE","825",,,,,,,"2","NO INDICATION OF INJURY","0","0","0","0","0","3","0","12","2","3","41.7864408438","-87.6836819565","POINT (-87.683681956485 41.786440843824)"
"70c7cd6eb3f0541d6df670aa6c6712139f0ea8cdea9044fcd79430aeae200179ef9f59f653a4f2e67e445c7d14aecd50bee85bf439ff3032bb35c10e9c00baa7",,"2026-03-16T12:20:00.000","30","NO CONTROLS","NO CONTROLS","SNOW","DAYLIGHT","TURNING","T-INTERSECTION",,"STRAIGHT AND LEVEL","WET","NO DEFECTS","ON SCENE","INJURY AND / OR TOW DUE TO CRASH","Y",,,"OVER $1,500","2026-03-16T12:20:00.000","FAILING TO YIELD RIGHT-OF-WAY","UNABLE TO DETERMINE","6100","S","CENTRAL AVE","812",,,,,,,"2","NONINCAPACITATING INJURY","1","0","0","1","0","1","0","12","2","3","41.781626709","-87.762015567","POINT (-87.762015567 41.781626708966)"