"crash_record_id","crash_date_est_i","crash_date","posted_speed_limit","traffic_control_device","device_condition","weather_condition","lighting_condition","first_crash_type","trafficway_type","lane_cnt","alignment","roadway_surface_cond","road_defect","report_type","crash_type","intersection_related_i","private_property_i","hit_and_run_i","damage","date_police_notified","prim_contributory_cause","sec_contributory_cause","street_no","street_direction","street_name","beat_of_occurrence","photos_taken_i","statements_taken_i","dooring_i","work_zone_i","work_zone_type","workers_present_i","num_units","most_severe_injury","injuries_total","injuries_fatal","injuries_incapacitating","injuries_non_incapacitating","injuries_reported_not_evident","injuries_no_indication","injuries_unknown","crash_hour","crash_day_of_week","crash_month","latitude","longitude","location"
"41b7e2d695a1638abbb517c4c1c47b8f692347ded661c555ce5e5fc751f23542abe2f05c27d9c22fd6162dac40a5b36c87fb50c8e156e32a073da5c4b219eaba",,"2026-03-16T12:15:00.000","30","STOP SIGN/FLASHER","FUNCTIONING PROPERLY","SNOW","DAYLIGHT","ANGLE","NOT DIVIDED",,"STRAIGHT AND LEVEL","WET","NO DEFECTS","ON SCENE","INJURY AND / OR TOW DUE TO CRASH",,,"Y","OVER $1,500","2026-03-16T12:20:00.000","DISREGARDING STOP SIGN","NOT APPLICABLE","2800","S","SPAULDING AVE","1032",,,,,,,"2","NO INDICATION OF INJURY","0","0","0","0","0","2","0","12","2","3","41.8407452996","-87.7075062762","POINT (-87.707506276212 41.840745299606)"
"b2f86e3eff4819ef4547d29549bb86e835e2302d2abcb1645edcaf1e9d2cf17e1aa47dee5680f05c6236ce1ac29fd81e513daf3dd32df92e74f0ffebdd70da3c",,"2026-03-16T12:05:00.000","30","NO CONTROLS","NO CONTROLS","SNOW","DAYLIGHT","SIDESWIPE SAME DIRECTION","DIVIDED - W/MEDIAN (NOT RAISED)",,"STRAIGHT AND LEVEL","WET","NO DEFECTS","ON SCENE","INJURY AND / OR TOW DUE TO CRASH",,,,"$500 OR LESS","2026-03-16T12:08:00.000","IMPROPER TURNING/NO SIGNAL","FAILING TO YIELD RIGHT-OF-WAY","4705","W","DIVISION ST","1111",,,,,,,"2","REPORTED, NOT EVIDENT","1","0","0","0","1","4","0","12","2","3","41.9022789304","-87.7440737654","POINT (-87.744073765414 41.902278930363)"
"22050791a6da767d40dab9a3d5d67967acecd8aa3980123dbd34783218e9fd40e71a76b12aa86ff37dcf4be8ba9641f34bf2650f042eac93d1b3d5f65475c9e6",,"2026-03-16T12:00:00.000","35","NO CONTROLS","NO CONTROLS","SNOW","DAYLIGHT","REAR END","NOT DIVIDED",,"STRAIGHT AND LEVEL","SNOW OR SLUSH","NO DEFECTS","NOT ON SCENE (DESK REPORT)","NO INJURY / DRIVE AWAY",,,,"$500 OR LESS","2026-03-16T12:46:00.000","UNABLE TO DETERMINE","UNABLE TO DETERMINE","3108","W","LAWRENCE AVE","1713",,,,,,,"2","NO INDICATION OF INJURY","0","0","0","0","0","2","0","12","2","3","41.9685820967","-87.7064341971","POINT (-87.706434197107 41.968582096726)"
"52d67832785210374bd0926efad0c47510a608ff47f0767b5ac44844ee30c5b0efd58ad35c7b54489b30fafd9bc1695f409bd9a2d867b79ccdec9e19d26a9b71",,"2026-03-16T12:00:00.000","30","UNKNOWN","UNKNOWN","CLOUDY/OVERCAST","DAYLIGHT","SIDESWIPE SAME DIRECTION","NOT DIVIDED",,"STRAIGHT AND LEVEL","UNKNOWN","UNKNOWN","NOT ON SCENE (DESK REPORT)","NO INJURY / DRIVE AWAY",,,,"OVER $1,500","2026-03-16T14:00:00.000","UNABLE TO DETERMINE","UNABLE TO DETERMINE","50","W","WASHINGTON ST","111",,,,,,,"2","NO INDICATION OF INJURY","0","0","0","0","0","2","0","12","2","3","41.8833221991","-87.6297750966","POINT (-87.629775096643 41.88332219915)"
"99141c07a11fa3021505b9fd91b587724693d9b96d62ee79937bd1963f120058f73bdd11a35bd98c15c365679a2f454d62a2b7be5618f30614ce0c80eaa7fc10",,"2026-03-16T12:00:00.000","30","NO CONTROLS","NO CONTROLS","SNOW","DAYLIGHT","PARKED MOTOR VEHICLE","NOT DIVIDED",,"STRAIGHT AND LEVEL","WET","NO DEFECTS","ON SCENE","NO INJURY / DRIVE AWAY",,,,"$500 OR LESS","2026-03-16T12:04:00.000","IMPROPER LANE USAGE","NOT APPLICABLE","214","E","47TH ST","215",,,,,,,"2","NO INDICATION OF INJURY","0","0","0","0","0","1","0","12","2","3","41.8094301091","-87.6204974036","POINT (-87.620497403559 41.809430109105)"
"cc02d99b1576bced2786771fbc93b2b6f577ded7360eb96760daf3383eb1616568c7370b9f340b839407846299726122ef5fac3da7056f3b990dd7f003353728",,"2026-03-16T12:00:00.000","30","NO CONTROLS","NO CONTROLS","SNOW","DAYLIGHT","REAR END","T-INTERSECTION",,"STRAIGHT AND LEVEL","SNOW OR SLUSH","NO DEFECTS","ON SCENE","NO INJURY / DRIVE AWAY","Y",,"Y","OVER $1,500","2026-03-16T12:07:00.000","UNABLE TO DETERMINE","NOT APPLICABLE","1001","W","CERMAK RD","1235",,,,,,,"2","NO INDICATION OF INJURY","0","0","0","0","0","4","0","12","2","3","41.8524658504","-87.651493037","POINT (-87.651493036966 41.852465850402)"
"a11a4e88ae46d11041ea2cf1e886900b4c6078c53c4f129727f09bdb6cdbabe8a1598722d1fad22bfcd5209a3ec606ca642f8b0a4bb4efde82ca4ef6024ced38",,"2026-03-16T11:55:00.000","30","TRAFFIC SIGNAL","FUNCTIONING PROPERLY","CLOUDY/OVERCAST","DAYLIGHT","REAR END","NOT DIVIDED",,"STRAIGHT AND LEVEL","WET","NO DEFECTS","NOT ON SCENE (DESK REPORT)","INJURY AND / OR TOW DUE TO CRASH","Y",,,"OVER $1,500","2026-03-16T13:00:00.000","UNABLE TO DETERMINE","UNABLE TO DETERMINE","635","S","CLARK ST","123",,,,,,,"2","NONINCAPACITATING INJURY","1","0","0","1","0","2","0","11","2","3","41.8738585861","-87.6305076416","POINT (-87.630507641644 41.873858586147)"
"f6f4062093b5fe170cb89c43f521635128c7fe5079c600db74f66c2925386a8215f0f8290c9337abcd2cf58bf8c15b2278e48b7023887d51dcaa461d9cd8b12e",,"2026-03-16T11:54:00.000","30","NO CONTROLS","NO CONTROLS","SNOW","DAYLIGHT","REAR END","NOT DIVIDED",,"STRAIGHT AND LEVEL","SNOW OR SLUSH","NO DEFECTS","NOT ON SCENE (DESK REPORT)","NO INJURY / DRIVE AWAY",,,,"$501 - $1,500","2026-03-16T13:20:00.000","WEATHER","UNABLE TO DETERMINE","624","S","CLARK ST","123",,,,,,,"2","NO INDICATION OF INJURY","0","0","0","0","0","2","0","11","2","3","41.8740323168","-87.6308066114","POINT (-87.630806611379 41.874032316773)"
"2f8432f955b4f46cb4137b12a5f113a17abf2a82650b352ef3f547f8fd6dff0b6b4adcb95fe803e908b7fdaccf24c10842a91dce84a0492074fe158a4e7ae9e2",,"2026-03-16T11:45:00.000","30","TRAFFIC SIGNAL","UNKNOWN","SNOW","DAYLIGHT","REAR END","NOT DIVIDED",,"STRAIGHT AND LEVEL","SNOW OR SLUSH","UNKNOWN","NOT ON SCENE (DESK REPORT)","NO INJURY / DRIVE AWAY",,,"Y","$501 - $1,500","2026-03-16T13:00:00.000","UNABLE TO DETERMINE","NOT APPLICABLE","11100","S","KEDZIE AVE","2211",,,,,,,"2","NO INDICATION OF INJURY","0","0","0","0","0","2","0","11","2","3","41.6914734717","-87.7009706451","POINT (-87.700970645109 41.691473471692)"
"bf8ce92d1e4dc9ed033944bff6d0f4bb798d708b22e8edd9f29eeff28b5bdf326999ee109928907210744db8fd842d4e5dcdd501337b0d949de6b02de2e2c32e",,"2026-03-16T11:45:00.000","35","NO CONTROLS","NO CONTROLS","FREEZING RAIN/DRIZZLE","DAYLIGHT","SIDESWIPE SAME DIRECTION","NOT DIVIDED",,"STRAIGHT AND LEVEL","SNOW OR SLUSH","UNKNOWN","ON SCENE","INJURY AND / OR TOW DUE TO CRASH",,,,"OVER $1,500","2026-03-16T12:40:00.000","IMPROPER OVERTAKING/PASSING","UNABLE TO DETERMINE","11900","S","ADA ST","524",,,,,,,"2","NO INDICATION OF INJURY","0","0","0","0","0","2","0","11","2","3","41.6775410137","-87.6550742176","POINT (-87.655074217635 41.677541013734)"
"d54470d89097a29dcd61b7056b104bc40490a8ec21ed782a18fdb1e30d9a519772d923e390d2c532be650fc8de8559c7a56dc7a409ee02e61a1bc2a5bc8d7208",,"2026-03-16T11:37:00.000","30","NO CONTROLS","NO CONTROLS","SNOW","DAYLIGHT","REAR END","NOT DIVIDED",,"STRAIGHT AND LEVEL","DRY","NO DEFECTS","ON SCENE","INJURY AND / OR TOW DUE TO CRASH",,,,"OVER $1,500","2026-03-16T11:43:00.000","FAILING TO REDUCE SPEED TO AVOID CRASH","FAILING TO REDUCE SPEED TO AVOID CRASH","6112","W","GRAND AVE","2512",,,,,,,"3","REPORTED, NOT EVIDENT","1","0","0","0","1","2","0","11","2","3","41.9212164799","-87.778553495","POINT (-87.778553495008 41.921216479856)"
"12f6e45f9b15737309f078427edf4df072f01dc0d933535cf95ba9b11f43f1ea46bc8bdd38086115196d9f72adcea192705e78ae383307d15051d03c67ab2b79",,"2026-03-16T11:32:00.000","30","TRAFFIC SIGNAL","FUNCTIONING PROPERLY","RAIN","DAYLIGHT","TURNING","FOUR WAY",,"STRAIGHT AND LEVEL","WET","NO DEFECTS","NOT ON SCENE (DESK REPORT)","NO INJURY / DRIVE AWAY",,,"Y","$501 - $1,500","2026-03-16T12:35:00.000","DISREGARDING TRAFFIC SIGNALS","FAILING TO YIELD RIGHT-OF-WAY","9901","S","HALSTED ST","2232",,,,,,,"2","NO INDICATION OF INJURY","0","0","0","0","0","2","0","11","2","3","41.7141256493","-87.6428525474","POINT (-87.642852547443 41.714125649277)"
"d0cf61b986e7b46d8542c98075f9beef7d729fc7bb233133061134afab184cd570f5982e2a8a76ee24e1e71b4c27f56cfb59edf382fcbeae9e86a97e03568900",,"2026-03-16T11:30:00.000","40","NO CONTROLS","NO CONTROLS","CLEAR","DAYLIGHT","REAR END","DIVIDED - W/MEDIAN (NOT RAISED)",,"STRAIGHT AND LEVEL","SNOW OR SLUSH","NO DEFECTS","ON SCENE","NO INJURY / DRIVE AWAY",,,,"OVER $1,500","2026-03-16T11:38:00.000","FOLLOWING TOO CLOSELY","NOT APPLICABLE","1729","W","PETERSON AVE","2012",,,,,,,"2","NO INDICATION OF INJURY","0","0","0","0","0","2","0","11","2","3","41.990685656","-87.6728489268","POINT (-87.672848926834 41.990685656006)"
"f8d19cb4e8ec06e2ac89748ac671bd32a501b3014d51768d1851de11005e0b4a88cef85aee6e122a1f1b182103728597c0ed10a078a0d556aed846a96a73bc1f",,"2026-03-16T11:20:00.000","30","NO CONTROLS","NO CONTROLS","CLEAR","DAYLIGHT","FIXED OBJECT","DIVIDED - W/MEDIAN (NOT RAISED)",,"STRAIGHT AND LEVEL","WET","NO DEFECTS","ON SCENE","INJURY AND / OR TOW DUE TO CRASH",,,,"OVER $1,500","2026-03-16T11:26:00.000","NOT APPLICABLE","NOT APPLICABLE","4207","W","LAKE ST","1114",,,,,,,"1","NONINCAPACITATING INJURY","1","0","0","1","0","0","0","11","2","3","41.8856529504","-87.7310893494","POINT (-87.731089349408 41.885652950381)"
"16d05ced8c415806a8418fb96c1916f5fd8618daeabc3fab4fbe3fa4515130f1faf1492335433d7ad1624edf826cfecbc53036963be96e47dfa0cfef6b977d24",,"2026-03-16T11:15:00.000","30","UNKNOWN","UNKNOWN","SNOW","DAYLIGHT","ANGLE","NOT DIVIDED",,"STRAIGHT AND LEVEL","SNOW OR SLUSH","UNKNOWN","ON SCENE","INJURY AND / OR TOW DUE TO CRASH",,,,"OVER $1,500","2026-03-16T11:16:00.000","UNABLE TO DETERMINE","UNABLE TO DETERMINE","2200","E","95TH ST","413",,,,,,,"3","REPORTED, NOT EVIDENT","1","0","0","0","1","2","0","11","2","3","41.7226389707","-87.5704691141","POINT (-87.570469114121 41.72263897072)"
"0bbe8e82707e7a5b2902f670b75056356295305d41074f1e46dd5c86fb373825318c8dba6deb8a2159457caa3d70c8a7cb42d80f7a1bdfe140268f160f27248c",,"2026-03-16T11:10:00.000","30","NO CONTROLS","NO CONTROLS","FREEZING RAIN/DRIZZLE","DAYLIGHT","REAR END","DIVIDED - W/MEDIAN BARRIER",,"STRAIGHT AND LEVEL","WET","NO DEFECTS","NOT ON SCENE (DESK REPORT)","NO INJURY / DRIVE AWAY",,,,"OVER $1,500","2026-03-16T11:30:00.000","FAILING TO REDUCE SPEED TO AVOID CRASH","NOT APPLICABLE","357","W","GARFIELD BLVD","711",,,,,,,"2","NO INDICATION OF INJURY","0","0","0","0","0","2","0","11","2","3","41.79401379","-87.635290404","POINT (-87.635290403991 41.794013790032)"
"c673f8b15215fcc47371e247feadf69ad1966472a98bdbc193b4ac682010c2053a2cb1114292637538f1ade50a8eea19b7ed5f792be1367f9c9f980706ed86a3",,"2026-03-16T11:05:00.000","30","NO CONTROLS","NO CONTROLS","SNOW","DAYLIGHT","PARKED MOTOR VEHICLE","ONE-WAY",,"STRAIGHT AND LEVEL","SNOW OR SLUSH","NO DEFECTS","ON SCENE","INJURY AND / OR TOW DUE TO CRASH",,,,"OVER $1,500","2026-03-16T11:15:00.000","DISTRACTION - FROM INSIDE VEHICLE","NOT APPLICABLE","217","W","HURON ST","1831",,,,,,,"2","NO INDICATION OF INJURY","0","0","0","0","0","2","0","11","2","3","41.8946710237","-87.6349043676","POINT (-87.634904367614 41.89467102372)"
"55508dfe8407eb6e1797572ecd3aba58fdbdea530778ab8b8ce4e9b06dece99471f0815702832c5c750dc308c3164164620c8e60a3745d0aa228a65d556a59ce",,"2026-03-16T11:00:00.000","30","STOP SIGN/FLASHER","FUNCTIONING PROPERLY","SNOW","DAYLIGHT","TURNING","NOT DIVIDED",,"STRAIGHT AND LEVEL","SNOW OR SLUSH","NO DEFECTS","NOT ON SCENE (DESK REPORT)","NO INJURY / DRIVE AWAY",,,"Y","OVER $1,500","2026-03-16T13:55:00.000","FAILING TO YIELD RIGHT-OF-WAY","DISREGARDING OTHER TRAFFIC SIGNS","300","E","63RD ST","311",,,,,,,"2","NO INDICATION OF INJURY","0","0","0","0","0","2","0","11","2","3","41.7802913932","-87.6188202312","POINT (-87.618820231187 41.780291393174)"
"e1656ca94eba4067ba2ecdcece24d132a4dfa919847982b3cfb7e5357ff3489d33c2690d07e50aff14691dba4cbc183c4304fb3a2896183016366b54ae3487d4",,"2026-03-16T10:52:00.000","30","STOP SIGN/FLASHER","FUNCTIONING PROPERLY","CLEAR","DAYLIGHT","ANGLE","FOUR WAY",,"STRAIGHT AND LEVEL","WET","NO DEFECTS","NOT ON SCENE (DESK REPORT)","NO INJURY / DRIVE AWAY","Y",,,"OVER $1,500","2026-03-16T12:07:00.000","DISREGARDING TRAFFIC SIGNALS","DISREGARDING TRAFFIC SIGNALS","701","E","103RD ST","512",,,,,,,"2","NO INDICATION OF INJURY","0","0","0","0","0","2","0","10","2","3","41.7073268484","-87.606387538","POINT (-87.606387538015 41.707326848419)"
"e7c92d586f600a0f65035ef703b7c49633e396b53fd28bff4146e9b6f8ca129d0029cd4d9807deb8411ec40e7de2a8e130a994c8e16bb49f2db63709def701c4",,"2026-03-16T10:30:00.000","30","NO CONTROLS","NO CONTROLS","CLEAR","DAYLIGHT","PEDESTRIAN","ONE-WAY",,"STRAIGHT AND LEVEL","WET","NO DEFECTS","NOT ON SCENE (DESK REPORT)","INJURY AND / OR TOW DUE TO CRASH",,,"Y","OVER $1,500","2026-03-16T10:30:00.000","FAILING TO YIELD RIGHT-OF-WAY","NOT APPLICABLE","3852","W","SUNNYSIDE AVE","1723",,,,,,,"2","NONINCAPACITATING INJURY","1","0","0","1","0","1","0","10","2","3","41.962958084","-87.7251397026","POINT (-87.725139702649 41.962958084029)"
"865bcd9614ee2587497430e25b39bb024b2b0d35823192dbc87b0766e9c3cf94edffaa5258969e2e777dae335082800771ee2492ae67db7a0149de48b9b66e47",,"2026-03-16T10:11:00.000","30","TRAFFIC SIGNAL","FUNCTIONING PROPERLY","SNOW","DAYLIGHT","SIDESWIPE SAME DIRECTION","NOT DIVIDED",,"STRAIGHT AND LEVEL","SNOW OR SLUSH","NO DEFECTS","ON SCENE","NO INJURY / DRIVE AWAY",,,"Y","OVER $1,500","2026-03-16T10:39:00.000","UNABLE TO DETERMINE","UNABLE TO DETERMINE","1501","W","FOSTER AVE","2032",,,,,,,"2","NO INDICATION OF INJURY","0","0","0","0","0","2","0","10","2","3","41.9760797264","-87.6684730553","POINT (-87.668473055276 41.976079726417)"
"dea26c1d4333ae6f8d0942b96627ed5757ab746606e2b748d24cf71d705d6871981eb1c908b8ba3da0e2896f516ed678a3dbd6edc1d1720fcf3ce9303df08002",,"2026-03-16T10:05:00.000","30","NO CONTROLS","NO CONTROLS","CLEAR","DAYLIGHT","ANGLE","NOT DIVIDED",,"STRAIGHT AND LEVEL","ICE","UNKNOWN","ON SCENE","NO INJURY / DRIVE AWAY",,,"Y","OVER $1,500","2026-03-16T10:15:00.000","UNABLE TO DETERMINE","UNABLE TO DETERMINE","106","N","HALSTED ST","1224",,,,,,,"2","NO INDICATION OF INJURY","0","0","0","0","0","2","0","10","2","3","41.8833839752","-87.6475552045","POINT (-87.647555204452 41.883383975182)"
"0e020c1832208c6eea011db69794992b59f90757b8d642c7843161bb612dfc8298f1f24020e222c1a84fb8f3b7ad46deca5e0001236b051567262c3ba7448e9a",,"2026-03-16T09:50:00.000","35","NO CONTROLS","NO CONTROLS","SNOW","DAYLIGHT","REAR END","NOT DIVIDED",,"STRAIGHT AND LEVEL","SNOW OR SLUSH","NO DEFECTS","ON SCENE","NO INJURY / DRIVE AWAY",,,,"OVER $1,500","2026-03-16T09:54:00.000","FAILING TO REDUCE SPEED TO AVOID CRASH","NOT APPLICABLE","2948","W","CHICAGO AVE","1211",,,,,,,"3","NO INDICATION OF INJURY","0","0","0","0","0","3","0","9","2","3","41.8957263358","-87.7008978527","POINT (-87.700897852698 41.895726335826)"
"5e346bcf899f7c531a4faade06eba921ab7c94aeb8053d66742e1635d1cf2600b3b38b7996b9b6ec4d2c4d6fe2e46cdbd961c83abb052392c4eb87bc6e0fa0f3",,"2026-03-16T09:40:00.000","30","NO CONTROLS","NO CONTROLS","SNOW","DAYLIGHT","ANGLE","UNKNOWN",,"STRAIGHT ON GRADE","WET","NO DEFECTS","ON SCENE","NO INJURY / DRIVE AWAY",,,,"$501 - $1,500","2026-03-16T09:49:00.000","FAILING TO YIELD RIGHT-OF-WAY","WEATHER","7856","S","SOUTH CHICAGO AVE","411",,,,,,,"2","NO INDICATION OF INJURY","0","0","0","0","0","2","0","9","2","3","41.7516302036","-87.5859747514","POINT (-87.585974751367 41.751630203551)"
"fea92479753df43d08bedb4270bd3a1c1497563c6a9f57a4b043476ab5b748a55deccec92d3185c15b511bdfaf2acdd263c34af3a11491c8455188f23677799b",,"2026-03-16T09:38:00.000","10","NO CONTROLS","NO CONTROLS","SNOW","DAYLIGHT","FIXED OBJECT","OTHER",,"STRAIGHT AND LEVEL","ICE","NO DEFECTS","ON SCENE","NO INJURY / DRIVE AWAY",,,,"OVER $1,500","2026-03-16T09:40:00.000","UNABLE TO DETERMINE","NOT APPLICABLE","1004","S","DESPLAINES ST","124",,,,,,,"1","NO INDICATION OF INJURY","0","0","0","0","0","1","0","9","2","3","41.8695310894","-87.6438815301","POINT (-87.643881530117 41.869531089373)"
"925ddc8d8d1ce14c146543a131e1da42a2776ff35f81143e8d05c7d42e0eda7fa3f88bc14d8ef00a1fad3fb3527559a85a3a82a2511f534dd589d48d6b286d88",,"2026-03-16T09:31:00.000","30","NO CONTROLS","UNKNOWN","SNOW","DAYLIGHT","TURNING","DIVIDED - W/MEDIAN (NOT RAISED)",,"STRAIGHT AND LEVEL","WET","NO DEFECTS","ON SCENE","INJURY AND / OR TOW DUE TO CRASH",,,,"OVER $1,500","2026-03-16T09:39:00.000","FAILING TO YIELD RIGHT-OF-WAY","FAILING TO YIELD RIGHT-OF-WAY","2828","W","31ST ST","1033",,"Y",,,,,"2","NO INDICATION OF INJURY","0","0","0","0","0","3","0","9","2","3","41.8375066841","-87.6961687701","POINT (-87.696168770078 41.837506684055)"
"aeb44adbb9f4dd05ef21bb79d6613c4769ddb222fc97181fde3bdcf247a9a82c072482cb0440bc3ab79c08bab05240250dd8078f54dcaff944685c3d15ed739b",,"2026-03-16T09:30:00.000","30","STOP SIGN/FLASHER","FUNCTIONING PROPERLY","SNOW","DAYLIGHT","ANGLE","FOUR WAY",,"STRAIGHT AND LEVEL","SNOW OR SLUSH","UNKNOWN","NOT ON SCENE (DESK REPORT)","INJURY AND / OR TOW DUE TO CRASH","Y",,,"OVER $1,500","2026-03-16T10:30:00.000","WEATHER","NOT APPLICABLE","10200","S","ST LAWRENCE AVE","511",,,,,,,"2","NO INDICATION OF INJURY","0","0","0","0","0","2","0","9","2","3","41.7091650549","-87.6090890375","POINT (-87.609089037498 41.70916505491)"
"170da1535d734e8b4cd384cbb45e0fe834149cd1d0eddb66d8b23e5336d7a06b1b7b50729430b42b9542bce8d9019f0c63cee96d449b9df73f8a44326a16cf9e",,"2026-03-16T09:20:00.000","20","TRAFFIC SIGNAL","FUNCTIONING PROPERLY","SNOW","DAYLIGHT","PARKED MOTOR VEHICLE","ONE-WAY",,"STRAIGHT AND LEVEL","ICE","NO DEFECTS","ON SCENE","NO INJURY / DRIVE AWAY",,,,"OVER $1,500","2026-03-16T09:23:00.000","WEATHER","WEATHER","1205","N","LEAVITT ST","1424",,,,,,,"2","NO INDICATION OF INJURY","0","0","0","0","0","1","0","9","2","3","41.9032851358","-87.6819997928","POINT (-87.681999792769 41.903285135768)"
"55545b16217ef27a08590c9b771a38eef5b0627e1399e0726fc2b5eb9a87fc90190f15581131180a3a6e858631fd876609ea907ae76acd6dfef33fbfd108066f",,"2026-03-16T09:20:00.000","20","STOP SIGN/FLASHER","NO CONTROLS","SNOW","DAYLIGHT","REAR END","FOUR WAY",,"STRAIGHT AND LEVEL","SNOW OR SLUSH","UNKNOWN","NOT ON SCENE (DESK REPORT)","NO INJURY / DRIVE AWAY",,,,"OVER $1,500","2026-03-16T10:30:00.000","FOLLOWING TOO CLOSELY","UNABLE TO DETERMINE","4725","N","LEAVITT ST","1911",,,,,,,"2","NO INDICATION OF INJURY","0","0","0","0","0","2","0","9","2","3","41.9676597076","-87.6838641088","POINT (-87.683864108817 41.967659707619)"
"b688c8efab264ce0f87b964918b70b2247e6b1884c522a2b62bd16590cdf3d26b81b48bfc83996e5f4c83045787fd6508b3f01d3dfe515ba679d1d1ea460bb6c",,"2026-03-16T09:20:00.000","30","NO CONTROLS","NO CONTROLS","SNOW","DAYLIGHT","SIDESWIPE SAME DIRECTION","ONE-WAY",,"STRAIGHT AND LEVEL","SNOW OR SLUSH","NO DEFECTS","NOT ON SCENE (DESK REPORT)","NO INJURY / DRIVE AWAY",,,,"OVER $1,500","2026-03-16T10:20:00.000","FAILING TO YIELD RIGHT-OF-WAY","UNABLE TO DETERMINE","6336","S","WHIPPLE ST","823",,,,,,,"2","NO INDICATION OF INJURY","0","0","0","0","0","2","0","9","2","3","41.7779157715","-87.6996027377","POINT (-87.699602737741 41.777915771532)"
"6861e79e1e98d8dba068475a746ef97c6f9c94a77b1efb091d459c6264666a6b894a43f46f5010793e29e904a4be0e73a090b246e30ff7f67175720eceba6a0e",,"2026-03-16T09:15:00.000","30","STOP SIGN/FLASHER","FUNCTIONING PROPERLY","SNOW","DAYLIGHT","REAR END","DIVIDED - W/MEDIAN (NOT RAISED)",,"STRAIGHT AND LEVEL","ICE","NO DEFECTS","ON SCENE","NO INJURY / DRIVE AWAY",,,"Y","OVER $1,500","2026-03-16T09:25:00.000","WEATHER","WEATHER","2700","S","SACRAMENTO AVE","1033",,,,,,,"2","NO INDICATION OF INJURY","0","0","0","0","0","4","0","9","2","3","41.84266869","-87.7002292935","POINT (-87.70022929345 41.842668690034)"
"8d89a458c6c3d83a43d9126c588cb883fd0dc4defe80e9179e2e335644b664c425db8cb1c16e8d29d288c985a69ce7cbeb91822103efff4f3600f052b9d8804d",,"2026-03-16T09:15:00.000","30","TRAFFIC SIGNAL","FUNCTIONING PROPERLY","SNOW","DAYLIGHT","REAR END","DIVIDED - W/MEDIAN (NOT RAISED)",,"STRAIGHT AND LEVEL","SNOW OR SLUSH","UNKNOWN","ON SCENE","NO INJURY / DRIVE AWAY",,,,"$501 - $1,500","2026-03-16T09:19:00.000","WEATHER","NOT APPLICABLE","3401","W","ADDISON ST","1732",,,,,,,"2","NO INDICATION OF INJURY","0","0","0","0","0","2","0","9","2","3","41.946455791","-87.7127707691","POINT (-87.712770769094 41.946455790995)"
"a019b26f59df2fa5af33ea6202f964516b8b157acc69bb179f72fd7ef63d6dc55ff1ac7a536c9fbf88acadf629339cd616f8689f3d4281676e2381171874bbbb",,"2026-03-16T09:15:00.000","30","TRAFFIC SIGNAL","FUNCTIONING PROPERLY","RAIN","DAYLIGHT","TURNING","NOT DIVIDED",,"STRAIGHT AND LEVEL","WET","NO DEFECTS","ON SCENE","NO INJURY / DRIVE AWAY",,,"Y","OVER $1,500","2026-03-16T09:22:00.000","UNABLE TO DETERMINE","UNABLE TO DETERMINE","5700","N","RIDGE AVE","2013",,,,,,,"2","NO INDICATION OF INJURY","0","0","0","0","0","2","0","9","2","3","41.9854741677","-87.6633180164","POINT (-87.663318016372 41.985474167681)"
"202d5d168b796a84df80d558b05d101a8b1fb01f688e9b1dae3e2d18d09024a3de1b7863c6f8b6762bade152c28dd41a07c1816a706db8ee5f253ad548a64998",,"2026-03-16T09:10:00.000","30","NO CONTROLS","NO CONTROLS","SNOW","DAYLIGHT","PARKED MOTOR VEHICLE","DIVIDED - W/MEDIAN (NOT RAISED)",,"STRAIGHT AND LEVEL","SNOW OR SLUSH","NO DEFECTS","NOT ON SCENE (DESK REPORT)","NO INJURY / DRIVE AWAY",,,"Y","OVER $1,500","2026-03-16T09:30:00.000","NOT APPLICABLE","NOT APPLICABLE","7609","S","DREXEL AVE","624",,,,,,,"2","NO INDICATION OF INJURY","0","0","0","0","0","1","0","9","2","3","41.756470829","-87.6027359263","POINT (-87.602735926278 41.756470829001)"
"609d56de63a98cfe4214ca741346b7948b783866e1893273d06c912bc088ed492af20f7c4037a33b049bd105a2f2cf79c6f3b3834fc8b15b638bfd713f19562d",,"2026-03-16T09:09:00.000","20","STOP SIGN/FLASHER","FUNCTIONING PROPERLY","SNOW","DAYLIGHT","TURNING","DIVIDED - W/MEDIAN (NOT RAISED)",,"STRAIGHT AND LEVEL","SNOW OR SLUSH","NO DEFECTS","NOT ON SCENE (DESK REPORT)","NO INJURY / DRIVE AWAY","Y",,,"OVER $1,500","2026-03-16T09:50:00.000","FAILING TO YIELD RIGHT-OF-WAY","WEATHER","2601","W","70TH ST","831",,,,,,,"2","NO INDICATION OF INJURY","0","0","0","0","0","2","0","9","2","3","41.7663275962","-87.6882418544","POINT (-87.688241854354 41.766327596194)"
"a2f679708b827703f23b256a3a7622604422101085bedf784d11b30e863768900a645457a4285de356c46e93baa287636bf7433da3eac79a9344b668403ea3b8",,"2026-03-16T09:02:00.000","30","NO CONTROLS","NO CONTROLS","SNOW","DAYLIGHT","TURNING","NOT DIVIDED",,"STRAIGHT AND LEVEL","WET","NO DEFECTS","NOT ON SCENE (DESK REPORT)","NO INJURY / DRIVE AWAY",,,,"OVER $1,500","2026-03-16T09:52:00.000","FAILING TO YIELD RIGHT-OF-WAY","FAILING TO YIELD RIGHT-OF-WAY","3215","W","63RD ST","823",,,,,,,"2","NO INDICATION OF INJURY","0","0","0","0","0","2","0","9","2","3","41.7788532281","-87.7037811191","POINT (-87.703781119147 41.778853228118)"