"crash_record_id","crash_date_est_i","crash_date","posted_speed_limit","traffic_control_device","device_condition","weather_condition","lighting_condition","first_crash_type","trafficway_type","lane_cnt","alignment","roadway_surface_cond","road_defect","report_type","crash_type","intersection_related_i","private_property_i","hit_and_run_i","damage","date_police_notified","prim_contributory_cause","sec_contributory_cause","street_no","street_direction","street_name","beat_of_occurrence","photos_taken_i","statements_taken_i","dooring_i","work_zone_i","work_zone_type","workers_present_i","num_units","most_severe_injury","injuries_total","injuries_fatal","injuries_incapacitating","injuries_non_incapacitating","injuries_reported_not_evident","injuries_no_indication","injuries_unknown","crash_hour","crash_day_of_week","crash_month","latitude","longitude","location"
"329cc2d5a5951731cce67e27b81cb78239502a84838b00d5bd0b089a98725996471f28d674d16dabc45fb67eeedf46cfe7b6f2754da593eff469efee7de3f969",,"2026-03-16T09:00:00.000","30","TRAFFIC SIGNAL","FUNCTIONING PROPERLY","SLEET/HAIL","DAYLIGHT","TURNING","NOT DIVIDED",,"STRAIGHT AND LEVEL","SNOW OR SLUSH","NO DEFECTS","NOT ON SCENE (DESK REPORT)","NO INJURY / DRIVE AWAY","Y",,,"$500 OR LESS","2026-03-16T16:20:00.000","FOLLOWING TOO CLOSELY","WEATHER","145","W","NORTH AVE","1821",,,,,,,"2","NO INDICATION OF INJURY","0","0","0","0","0","2","0","9","2","3","41.9110523773","-87.6334042645","POINT (-87.633404264487 41.911052377332)"
"adfa0786b7e181f5eb279c3adfe4533293aeb836b3b4b0c82432b4f523160ca294726e193a5d9b820561a1c95253d155032901c53badc882fc7d71a07d33259b",,"2026-03-16T09:00:00.000","30","TRAFFIC SIGNAL","FUNCTIONING PROPERLY","SNOW","UNKNOWN","TURNING","DIVIDED - W/MEDIAN (NOT RAISED)",,"STRAIGHT AND LEVEL","SNOW OR SLUSH","NO DEFECTS","ON SCENE","NO INJURY / DRIVE AWAY",,,,"$501 - $1,500","2026-03-16T09:30:00.000","UNABLE TO DETERMINE","NOT APPLICABLE","499","N","WESTERN AVE","1221",,,,,,,"2","NO INDICATION OF INJURY","0","0","0","0","0","2","0","9","2","3","41.8906331678","-87.6865472601","POINT (-87.686547260146 41.890633167768)"
"c2267f0d842fa4794a596b1add29b912e528d544803daac3df11d5d41e36e8428b5348f596e251e9c7bdd1686be498856663a3d3b353ca1c541a5084abab53e5","Y","2026-03-16T09:00:00.000","30","STOP SIGN/FLASHER","FUNCTIONING PROPERLY","SNOW","UNKNOWN","PARKED MOTOR VEHICLE","NOT DIVIDED",,"STRAIGHT AND LEVEL","SNOW OR SLUSH","UNKNOWN","NOT ON SCENE (DESK REPORT)","INJURY AND / OR TOW DUE TO CRASH",,,"Y","OVER $1,500","2026-03-16T10:50:00.000","UNABLE TO DETERMINE","NOT APPLICABLE","3062","W","72ND ST","831",,,,,,,"2","NO INDICATION OF INJURY","0","0","0","0","0","1","0","9","2","3","41.7627067156","-87.7002576855","POINT (-87.700257685524 41.7627067156)"
"50a0c846719d2de552fd6b10a205c73e94e78903d89461ebd55f92c22ae26d376c98be0f0248d24560c07d387b57e63797ae0b41851e963ac78ecd866164a395",,"2026-03-16T08:55:00.000","30","TRAFFIC SIGNAL","FUNCTIONING PROPERLY","SNOW","DAYLIGHT","REAR END","ONE-WAY",,"STRAIGHT AND LEVEL","SNOW OR SLUSH","NO DEFECTS","NOT ON SCENE (DESK REPORT)","NO INJURY / DRIVE AWAY",,,,"OVER $1,500","2026-03-16T09:10:00.000","FAILING TO REDUCE SPEED TO AVOID CRASH","UNABLE TO DETERMINE","3206","W","24TH ST","1024",,,,,,,"2","NO INDICATION OF INJURY","0","0","0","0","0","2","0","8","2","3","41.8482442429","-87.7054845623","POINT (-87.705484562312 41.84824424287)"
"529a345980b5ad1cc3fa877f776643cfcb21d761c749452a190581a129586411365475183aba050c12accc39caa0c891a9b6db4a7a5d9802a331d521ce38ef13",,"2026-03-16T08:55:00.000","20","NO CONTROLS","NO CONTROLS","SNOW","DAYLIGHT","TURNING","DIVIDED - W/MEDIAN (NOT RAISED)",,"STRAIGHT AND LEVEL","SNOW OR SLUSH","NO DEFECTS","NOT ON SCENE (DESK REPORT)","INJURY AND / OR TOW DUE TO CRASH","Y",,,"OVER $1,500","2026-03-16T11:30:00.000","FAILING TO YIELD RIGHT-OF-WAY","FAILING TO YIELD RIGHT-OF-WAY","2921","W","42ND ST","921",,,,,,,"3","NO INDICATION OF INJURY","0","0","0","0","0","2","0","8","2","3","41.8171848208","-87.6978484048","POINT (-87.697848404753 41.817184820801)"
"e4491993fd9eda5d2be540d61728d2bc6531c5662d08fd8b26c308f7306306ea36f54af31c2a5ea5f967026e33cdfa2a30b2f029c33fc8504133d83f448484d4",,"2026-03-16T08:55:00.000","30","NO CONTROLS","NO CONTROLS","SNOW","DAYLIGHT","REAR TO FRONT","ONE-WAY",,"STRAIGHT AND LEVEL","SNOW OR SLUSH","NO DEFECTS","NOT ON SCENE (DESK REPORT)","NO INJURY / DRIVE AWAY",,,,"OVER $1,500","2026-03-16T10:30:00.000","IMPROPER BACKING","NOT APPLICABLE","3300","W","OGDEN AVE","1021",,,,,,,"2","NO INDICATION OF INJURY","0","0","0","0","0","3","0","8","2","3","41.8571885977","-87.707969371","POINT (-87.707969370955 41.85718859773)"
"19aa7e437559a331b386dc9709e0057ca5bf3d6808ac02c4d0db3a74872b049eb07cf3757b6602629b1fe433bd5d7b48b4874df1cf3a39dc0ff4f5de117ab99b",,"2026-03-16T08:50:00.000","35","STOP SIGN/FLASHER","NO CONTROLS","SNOW","DAYLIGHT","ANGLE","FOUR WAY",,"STRAIGHT AND LEVEL","SNOW OR SLUSH","NO DEFECTS","NOT ON SCENE (DESK REPORT)","NO INJURY / DRIVE AWAY","Y",,,"OVER $1,500","2026-03-16T10:04:00.000","UNABLE TO DETERMINE","UNABLE TO DETERMINE","5401","N","NAGLE AVE","1622",,,,,,,"2","NO INDICATION OF INJURY","0","0","0","0","0","3","0","8","2","3","41.9793608326","-87.7876565861","POINT (-87.787656586074 41.979360832647)"
"847ba08b5a46fadf9810a1b469d0e096ef151b87230a6fa0559637a5abd9de1977f51070c755092cb8162b12d6feceb3ba2209d6df0adfd044824bef47ac0543",,"2026-03-16T08:50:00.000","30","STOP SIGN/FLASHER","UNKNOWN","UNKNOWN","DAYLIGHT","REAR END","NOT DIVIDED",,"STRAIGHT AND LEVEL","UNKNOWN","UNKNOWN","NOT ON SCENE (DESK REPORT)","NO INJURY / DRIVE AWAY",,,,"OVER $1,500","2026-03-16T11:00:00.000","UNABLE TO DETERMINE","UNABLE TO DETERMINE","1700","N","HERMITAGE AVE","1433",,,,,,,"2","NO INDICATION OF INJURY","0","0","0","0","0","2","0","8","2","3","41.9124885176","-87.6715475929","POINT (-87.671547592864 41.912488517647)"
"6761b25137f8b2d60bc4fee8a29a2cfae83e130918447f7cf9b7e3b17544443f1f9eef63c21dd9dd1fca48eeca6191a96a487ba90ad058bbc36cac182dc1366c",,"2026-03-16T08:46:00.000","30","UNKNOWN","UNKNOWN","UNKNOWN","DAYLIGHT","ANGLE","NOT DIVIDED",,"STRAIGHT AND LEVEL","UNKNOWN","UNKNOWN","NOT ON SCENE (DESK REPORT)","NO INJURY / DRIVE AWAY",,,,"OVER $1,500","2026-03-16T10:00:00.000","UNABLE TO DETERMINE","UNABLE TO DETERMINE","2355","N","SACRAMENTO AVE","1414",,,,,,,"2","NO INDICATION OF INJURY","0","0","0","0","0","2","0","8","2","3","41.9247168761","-87.7021700436","POINT (-87.702170043577 41.924716876053)"
"1b0e3812a25de3f9c78590c5542cce1f0db6a85e8176913742b463d312a2812ab684aa71c01ddb2dc384e683f2123f1b8b1fea54d78cbc9394de7aa3a620a22a",,"2026-03-16T08:45:00.000","30","NO CONTROLS","NO CONTROLS","SNOW","DAYLIGHT","REAR END","ONE-WAY",,"STRAIGHT AND LEVEL","SNOW OR SLUSH","UNKNOWN","ON SCENE","NO INJURY / DRIVE AWAY",,,,"$500 OR LESS","2026-03-16T08:45:00.000","WEATHER","NOT APPLICABLE","1115","N","MONTICELLO AVE","1112",,"Y",,,,,"2","NO INDICATION OF INJURY","0","0","0","0","0","4","0","8","2","3","41.9014244277","-87.7175879499","POINT (-87.717587949876 41.901424427709)"
"44dac41eee01763cf0cf044f3e67844a230ce1c20b9898093e40b8d51ce537bbed4b10ec323f34f7da46c28e1d1f0695c3c492041ecf0788fce288ae32691d72",,"2026-03-16T08:45:00.000","30","TRAFFIC SIGNAL","FUNCTIONING PROPERLY","SNOW","DAYLIGHT","REAR END","FOUR WAY",,"STRAIGHT AND LEVEL","SNOW OR SLUSH","NO DEFECTS","NOT ON SCENE (DESK REPORT)","NO INJURY / DRIVE AWAY","Y",,,"OVER $1,500","2026-03-16T09:40:00.000","WEATHER","NOT APPLICABLE","2401","W","JARVIS AVE","2411",,,,,,,"2","NO INDICATION OF INJURY","0","0","0","0","0","2","0","8","2","3","42.0157945084","-87.6903277585","POINT (-87.690327758461 42.015794508388)"
"49c62558ccdb7f15a965e955be6c3cc57e1da6fec0d6bdd7a7f8ce2bccd5c6ff84a7986fcb53783defc8d66e0631a6382b8f0800195a4ede4c0b613edd020192","Y","2026-03-16T08:45:00.000","30","NO CONTROLS","NO CONTROLS","SNOW","DAYLIGHT","PARKED MOTOR VEHICLE","NOT DIVIDED",,"STRAIGHT AND LEVEL","SNOW OR SLUSH","NO DEFECTS","ON SCENE","NO INJURY / DRIVE AWAY",,,"Y","OVER $1,500","2026-03-16T11:08:00.000","UNABLE TO DETERMINE","NOT APPLICABLE","3040","W","36TH ST","911",,,,,,,"3","NO INDICATION OF INJURY","0","0","0","0","0","1","0","8","2","3","41.828249629","-87.7013077892","POINT (-87.701307789231 41.828249628969)"
"8dea3414fe082e8e7d882a075424970895e7c37317d6633ff64461220953c9f91ece523c394e151a6bfe497913cff24302c785acd00cb14f65c4e00e03ce9fcd",,"2026-03-16T08:45:00.000","30","TRAFFIC SIGNAL","FUNCTIONING PROPERLY","CLEAR","DAYLIGHT","SIDESWIPE SAME DIRECTION","FOUR WAY",,"STRAIGHT AND LEVEL","WET","NO DEFECTS","NOT ON SCENE (DESK REPORT)","NO INJURY / DRIVE AWAY","Y",,,"$501 - $1,500","2026-03-16T08:45:00.000","IMPROPER LANE USAGE","FAILING TO REDUCE SPEED TO AVOID CRASH","617","N","ORLEANS ST","1831",,,,,,,"2","NO INDICATION OF INJURY","0","0","0","0","0","2","0","8","2","3","41.8929713294","-87.6369267728","POINT (-87.636926772781 41.892971329366)"
"f35fb8e3de2fb93a830b2dce761dad59643d069145a9d09862fe6cae8b476d4421ca11286449d2ccd8e2667d7d81e39efca91af6ecdcbd830a2984e1a614b5c3",,"2026-03-16T08:45:00.000","30","NO CONTROLS","NO CONTROLS","SNOW","DAYLIGHT","ANGLE","NOT REPORTED",,"STRAIGHT AND LEVEL","SNOW OR SLUSH","UNKNOWN","ON SCENE","NO INJURY / DRIVE AWAY","Y",,"Y","OVER $1,500","2026-03-16T08:49:00.000","FAILING TO YIELD RIGHT-OF-WAY","FAILING TO REDUCE SPEED TO AVOID CRASH","10656","S","RHODES AVE","512",,,,,,,"2","NO INDICATION OF INJURY","0","0","0","0","0","2","0","8","2","3","41.700208166","-87.6100559161","POINT (-87.610055916118 41.700208166047)"
"26cf74f88919192e21896510b9e25666b078904b3a0e9c0c58d9e6c3783a8b05f363cc13f111d8ad27d0ed5921b5e4f5d0223e255a0ac3f4f2cf3250ec69e321",,"2026-03-16T08:40:00.000","30","STOP SIGN/FLASHER","FUNCTIONING PROPERLY","SNOW","DAYLIGHT","ANGLE","NOT DIVIDED",,"STRAIGHT AND LEVEL","ICE","UNKNOWN","NOT ON SCENE (DESK REPORT)","INJURY AND / OR TOW DUE TO CRASH","Y",,,"$501 - $1,500","2026-03-16T09:50:00.000","WEATHER","NOT APPLICABLE","6159","S","KOMENSKY AVE","813",,,,,,,"2","REPORTED, NOT EVIDENT","1","0","0","0","1","2","0","8","2","3","41.7805544967","-87.7238886229","POINT (-87.723888622925 41.780554496666)"
"30eee24ce65957d3e33d3baef585f6b7832c2b77e4ef451fc173caca7b3fca310b1f0987d19015f3e3450af8db87ccd269ccdb0dc324f2dce38fc42a5ac5d698",,"2026-03-16T08:40:00.000","30","STOP SIGN/FLASHER","FUNCTIONING PROPERLY","SNOW","DAYLIGHT","REAR END","ONE-WAY",,"STRAIGHT AND LEVEL","ICE","NO DEFECTS","ON SCENE","NO INJURY / DRIVE AWAY",,,,"$500 OR LESS","2026-03-16T08:44:00.000","WEATHER","NOT APPLICABLE","4150","W","WABANSIA AVE","2534",,,,,,,"2","NO INDICATION OF INJURY","0","0","0","0","0","2","0","8","2","3","41.911758744","-87.7308971217","POINT (-87.730897121653 41.911758744032)"
"3ff2c76dfe5728e99a1bb9182016e8d57d34017232bb83b99018ad52fd9f89af4f075294b79dbd44f64f049eb34b8659fa64531ee31f24bb9336b6d5067b55d4",,"2026-03-16T08:40:00.000","30","NO CONTROLS","NO CONTROLS","SNOW","DAYLIGHT","REAR END","DIVIDED - W/MEDIAN (NOT RAISED)",,"STRAIGHT AND LEVEL","SNOW OR SLUSH","NO DEFECTS","ON SCENE","INJURY AND / OR TOW DUE TO CRASH",,,,"OVER $1,500","2026-03-16T08:56:00.000","WEATHER","DRIVING SKILLS/KNOWLEDGE/EXPERIENCE","2898","E","95TH ST","423",,,,,,,"2","NONINCAPACITATING INJURY","1","0","0","1","0","2","0","8","2","3","41.7228416359","-87.5539176562","POINT (-87.55391765617 41.72284163595)"
"94e1a7ba9764d666cb41b14c2e777cf39ea2526f5c3d519503aefb19689197a870fd94f8f3a676072d5ba29a466949524177b2f8f065bab7862c7a1cca26cb62",,"2026-03-16T08:40:00.000","30","NO CONTROLS","NO CONTROLS","CLEAR","DAYLIGHT","SIDESWIPE SAME DIRECTION","NOT DIVIDED",,"STRAIGHT AND LEVEL","DRY","NO DEFECTS","NOT ON SCENE (DESK REPORT)","NO INJURY / DRIVE AWAY",,,,"$501 - $1,500","2026-03-16T15:41:00.000","IMPROPER OVERTAKING/PASSING","NOT APPLICABLE","5460","S","KEDZIE AVE","822",,,,,,,"2","NO INDICATION OF INJURY","0","0","0","0","0","3","0","8","2","3","41.7935566756","-87.7037023213","POINT (-87.703702321281 41.793556675586)"
"27a8845b465993c0296a119fc28d9b47e3cd15b1eb884672da88ef6905f81a3e8e6efd71d833aec3c8e114cef5429b71de168e2773159983c68793da9e3326e8",,"2026-03-16T08:36:00.000","35","UNKNOWN","UNKNOWN","CLEAR","DAYLIGHT","PARKED MOTOR VEHICLE","UNKNOWN",,"STRAIGHT AND LEVEL","UNKNOWN","UNKNOWN","NOT ON SCENE (DESK REPORT)","NO INJURY / DRIVE AWAY",,,,"$501 - $1,500","2026-03-16T09:30:00.000","UNABLE TO DETERMINE","UNABLE TO DETERMINE","1200","S","CANAL ST","124",,,,,,,"2","NO INDICATION OF INJURY","0","0","0","0","0","2","0","8","2","3","41.8671751247","-87.6393758126","POINT (-87.639375812581 41.86717512472)"
"29061d5bb419faf6d0d91eb1c599089d897d50763b1ab22d36cc4678f9f3ae1165d0e1d567cac9953f7bc4f1bda971e02ae46c5a12a45d87fad50c2260472bd3",,"2026-03-16T08:35:00.000","25","UNKNOWN","UNKNOWN","SNOW","DAYLIGHT","REAR END","NOT DIVIDED",,"STRAIGHT AND LEVEL","WET","UNKNOWN","ON SCENE","NO INJURY / DRIVE AWAY","Y",,,"$500 OR LESS","2026-03-16T08:40:00.000","UNABLE TO DETERMINE","UNABLE TO DETERMINE","800","N","MICHIGAN AVE","1833",,,,,,,"2","NO INDICATION OF INJURY","0","0","0","0","0","5","0","8","2","3","41.896790572","-87.6243806554","POINT (-87.624380655444 41.896790572039)"
"4e5218a637651c5847accd269b94dd122ffd6b4d39674a7904182356816ac0b99f0473d8e40aa0e91e97f71e4fb62996d066e642dfbb59b196597b1f4beae39b",,"2026-03-16T08:35:00.000","30","TRAFFIC SIGNAL","FUNCTIONING PROPERLY","SNOW","DAYLIGHT","PEDESTRIAN","DIVIDED - W/MEDIAN (NOT RAISED)",,"STRAIGHT AND LEVEL","SNOW OR SLUSH","NO DEFECTS","ON SCENE","INJURY AND / OR TOW DUE TO CRASH",,,"Y","$500 OR LESS","2026-03-16T08:36:00.000","FAILING TO YIELD RIGHT-OF-WAY","UNABLE TO DETERMINE","5601","N","ASHLAND AVE","2012",,,,,,,"2","NONINCAPACITATING INJURY","1","0","0","1","0","1","0","8","2","3","41.9835220666","-87.6696708967","POINT (-87.669670896748 41.983522066562)"
"0c99c9e10890c529ccefab74a98f80bb3035e4c1e2870404ea144eb9243730966665fb834f3d88c883d9b336ea9a7ecafea27fda162e96f2d82595469478ae2a",,"2026-03-16T08:33:00.000","30","TRAFFIC SIGNAL","FUNCTIONING PROPERLY","SNOW","DAYLIGHT","ANGLE","DIVIDED - W/MEDIAN BARRIER",,"STRAIGHT AND LEVEL","SNOW OR SLUSH","NO DEFECTS","ON SCENE","INJURY AND / OR TOW DUE TO CRASH","Y",,,"OVER $1,500","2026-03-16T08:38:00.000","WEATHER","WEATHER","851","E","43RD ST","221",,,,,,,"2","NO INDICATION OF INJURY","0","0","0","0","0","2","0","8","2","3","41.8167288598","-87.60464399","POINT (-87.604643989955 41.816728859812)"
"18e413481e70fca58c3c100c066020de7d1a3102be6226b46e22cf2a69aa21a604f6276828144f248e2709b03e845b6d4f49e4fd582b5f150efcd0d02fffba0d",,"2026-03-16T08:30:00.000","20","STOP SIGN/FLASHER","FUNCTIONING PROPERLY","SNOW","DAYLIGHT","REAR END","ONE-WAY",,"STRAIGHT AND LEVEL","SNOW OR SLUSH","NO DEFECTS","NOT ON SCENE (DESK REPORT)","NO INJURY / DRIVE AWAY",,,,"OVER $1,500","2026-03-16T08:51:00.000","FOLLOWING TOO CLOSELY","NOT APPLICABLE","3799","N","KEELER AVE","1731",,,,,,,"2","NO INDICATION OF INJURY","0","0","0","0","0","2","0","8","2","3","41.9498826298","-87.732217095","POINT (-87.73221709504 41.949882629823)"
"1ca2e9dd488bf14276176e717779038fe85397019570327445f78fb837aa6fc26dfafd28f759f009230cb8ff190e51d2a0991995e36ec721b88ae6a0eaa91353",,"2026-03-16T08:30:00.000","30","STOP SIGN/FLASHER","FUNCTIONING PROPERLY","CLEAR","DAYLIGHT","PARKED MOTOR VEHICLE","NOT DIVIDED",,"STRAIGHT AND LEVEL","WET","NO DEFECTS","NOT ON SCENE (DESK REPORT)","NO INJURY / DRIVE AWAY","Y",,"Y","OVER $1,500","2026-03-16T13:00:00.000","UNABLE TO DETERMINE","NOT APPLICABLE","8959","S","HOUSTON AVE","424",,,,,,,"2","NO INDICATION OF INJURY","0","0","0","0","0","1","0","8","2","3","41.7320108927","-87.5497687248","POINT (-87.549768724752 41.732010892718)"
"3653842c1134bc3a7e625bc7b713634261c8f9ff2a1cecdfed535c3365c931d4e0c0db425ed15e070e17a1e1395b492155d443c49f470f60dc501b422221ed00",,"2026-03-16T08:30:00.000","25","STOP SIGN/FLASHER","UNKNOWN","CLEAR","DAYLIGHT","REAR END","NOT DIVIDED",,"STRAIGHT AND LEVEL","SNOW OR SLUSH","UNKNOWN","NOT ON SCENE (DESK REPORT)","NO INJURY / DRIVE AWAY",,,"Y","$500 OR LESS","2026-03-16T13:45:00.000","FOLLOWING TOO CLOSELY","NOT APPLICABLE","271","N","ALBANY AVE","1222",,,,,,,"2","NO INDICATION OF INJURY","0","0","0","0","0","2","0","8","2","3","41.8863387268","-87.7036683976","POINT (-87.70366839762 41.886338726774)"
"5a76b20c34b85bf9b33359944078e09f971af07732bb6be3ac1c6124352ea66f83472102fc134d56fe12c34f965095b11f43ba72800113532e8ea4c10ddf34fa",,"2026-03-16T08:30:00.000","25","NO CONTROLS","NO CONTROLS","SNOW","DAYLIGHT","PARKED MOTOR VEHICLE","NOT DIVIDED",,"STRAIGHT AND LEVEL","SNOW OR SLUSH","NO DEFECTS","NOT ON SCENE (DESK REPORT)","NO INJURY / DRIVE AWAY",,,,"OVER $1,500","2026-03-16T09:00:00.000","UNABLE TO DETERMINE","NOT APPLICABLE","4620","N","BEACON ST","1913",,,,,,,"2","NO INDICATION OF INJURY","0","0","0","0","0","1","0","8","2","3","41.965952663","-87.6640854301","POINT (-87.66408543013 41.965952662959)"
"6785480885574fbee4596965959eb8bb3cc4d117249d403edb8a09478ba2252154317f2728e5eea4da20c12eca5198b966c18db36286c52117f3b120070816e7",,"2026-03-16T08:30:00.000","30","NO CONTROLS","NO CONTROLS","SNOW","DAYLIGHT","SIDESWIPE SAME DIRECTION","T-INTERSECTION",,"STRAIGHT AND LEVEL","SNOW OR SLUSH","NO DEFECTS","ON SCENE","NO INJURY / DRIVE AWAY","Y",,"Y","$501 - $1,500","2026-03-16T08:40:00.000","FAILING TO YIELD RIGHT-OF-WAY","WEATHER","3532","N","PULASKI RD","1731",,,,,,,"2","NO INDICATION OF INJURY","0","0","0","0","0","2","0","8","2","3","41.9454308407","-87.7275193884","POINT (-87.727519388405 41.945430840715)"
"67eb6c3470f073d4c248e5f5b45704af406c62a1180d8f35eba90c41bb3c6d29a6b2b93785bbfec5fd63332d9c52e878854f6727576aa6d7d3dd9cef8541e850",,"2026-03-16T08:30:00.000","30","TRAFFIC SIGNAL","FUNCTIONING PROPERLY","SNOW","DAYLIGHT","REAR END","DIVIDED - W/MEDIAN (NOT RAISED)",,"STRAIGHT AND LEVEL","WET","NO DEFECTS","ON SCENE","NO INJURY / DRIVE AWAY",,,"Y","$500 OR LESS","2026-03-16T08:45:00.000","TEXTING","TEXTING","1599","W","BELMONT AVE","1933",,,,,,,"2","NO INDICATION OF INJURY","0","0","0","0","0","2","0","8","2","3","41.939588343","-87.6685381135","POINT (-87.668538113474 41.939588343025)"
"cdbb348266cd61004d6b24ee59b5fc4bd3015f3dd41eaff32238154d9bd41b6d94678d7bb80b0e82319ab438312006890021b966315129fc752a955e536f7a4a",,"2026-03-16T08:30:00.000","30","NO CONTROLS","NO CONTROLS","SNOW","DAYLIGHT","REAR END","ONE-WAY",,"STRAIGHT AND LEVEL","ICE","NO DEFECTS","NOT ON SCENE (DESK REPORT)","NO INJURY / DRIVE AWAY",,,,"OVER $1,500","2026-03-16T14:15:00.000","UNABLE TO DETERMINE","UNABLE TO DETERMINE","1701","W","SUPERIOR ST","1215",,,,,,,"2","NO INDICATION OF INJURY","0","0","0","0","0","2","0","8","2","3","41.8950055462","-87.6698132253","POINT (-87.669813225285 41.895005546244)"
"7fc12208474f5b267abcf70e347b687a427471742278a1bec48b93418998d93a18a1ae4d672c4ad7d7bc14bc4c6a7879d80fe0d888e0cbafc559b7f8d20a25cd","Y","2026-03-16T08:25:00.000","25","STOP SIGN/FLASHER","FUNCTIONING PROPERLY","SNOW","DAYLIGHT","REAR END","FOUR WAY",,"STRAIGHT AND LEVEL","SNOW OR SLUSH","NO DEFECTS","NOT ON SCENE (DESK REPORT)","NO INJURY / DRIVE AWAY",,,,"OVER $1,500","2026-03-16T09:25:00.000","FOLLOWING TOO CLOSELY","WEATHER","3299","N","RAVENSWOOD AVE","1922",,,,,,,"2","NO INDICATION OF INJURY","0","0","0","0","0","2","0","8","2","3","41.9414111028","-87.6733669887","POINT (-87.673366988722 41.941411102769)"
"7022092e696c7155f5fc1c8bf6cb32cde25696a85a2833a4961cac396b7f6531138d4098bab27242779d8211a048bdfb76221ab6fabd7795cb642ad7a1894993",,"2026-03-16T08:24:00.000","30","STOP SIGN/FLASHER","FUNCTIONING PROPERLY","CLOUDY/OVERCAST","DAYLIGHT","TURNING","DIVIDED - W/MEDIAN (NOT RAISED)",,"STRAIGHT AND LEVEL","ICE","NO DEFECTS","NOT ON SCENE (DESK REPORT)","NO INJURY / DRIVE AWAY","Y",,,"OVER $1,500","2026-03-16T09:10:00.000","UNABLE TO DETERMINE","NOT APPLICABLE","3858","S","ST LOUIS AVE","911",,,,,,,"2","NO INDICATION OF INJURY","0","0","0","0","0","2","0","8","2","3","41.8225311428","-87.7119056015","POINT (-87.711905601483 41.822531142844)"
"6b9b219114b9a28407749861d7d2ca57b2b2b9b28996b50cfd576039f36ff50098495300971fc5481e41f179ba77239ac9d4f4911ed272b089a86d4dc343d859",,"2026-03-16T08:21:00.000","30","NO CONTROLS","NO CONTROLS","SNOW","DAYLIGHT","SIDESWIPE OPPOSITE DIRECTION","T-INTERSECTION",,"STRAIGHT AND LEVEL","SNOW OR SLUSH","UNKNOWN","NOT ON SCENE (DESK REPORT)","NO INJURY / DRIVE AWAY","Y",,,"OVER $1,500","2026-03-16T08:40:00.000","DRIVING ON WRONG SIDE/WRONG WAY","NOT APPLICABLE","3218","W","POTOMAC AVE","1422",,,,,,,"2","NO INDICATION OF INJURY","0","0","0","0","0","2","0","8","2","3","41.904766672","-87.7076549058","POINT (-87.707654905836 41.904766672045)"
"0ae0adcf596954f788b7e6874712f00af8ed468749e20edf2d8e0b6f8e59442ad65755aa67025c0f3012800703377db78a8312acefd2831513dc610b06bc27c5",,"2026-03-16T08:20:00.000","30","NO CONTROLS","NO CONTROLS","SNOW","DAYLIGHT","SIDESWIPE SAME DIRECTION","DIVIDED - W/MEDIAN (NOT RAISED)",,"STRAIGHT AND LEVEL","SNOW OR SLUSH","NO DEFECTS","ON SCENE","INJURY AND / OR TOW DUE TO CRASH",,,,"OVER $1,500","2026-03-16T08:28:00.000","IMPROPER LANE USAGE","IMPROPER OVERTAKING/PASSING","7945","S","EXCHANGE AVE","422",,,,,,,"3","NO INDICATION OF INJURY","0","0","0","0","0","3","0","8","2","3","41.7505814125","-87.552728042","POINT (-87.552728041994 41.750581412521)"
"11f574bf1c6f7849d33f6df623b69b7c7624bcf50d03fe56742dfebc6af464d0cf2c6ebd35528f8340c00c235b829c6614be38556ad258c513149bb8fc75a3d7",,"2026-03-16T08:20:00.000","30","STOP SIGN/FLASHER","FUNCTIONING PROPERLY","SNOW","DAYLIGHT","REAR END","ONE-WAY",,"STRAIGHT AND LEVEL","ICE","OTHER","ON SCENE","NO INJURY / DRIVE AWAY",,,,"$500 OR LESS","2026-03-16T08:22:00.000","WEATHER","NOT APPLICABLE","6354","S","MEADE AVE","812",,,,,,,"2","NO INDICATION OF INJURY","0","0","0","0","0","2","0","8","2","3","41.7761726568","-87.7740181782","POINT (-87.774018178157 41.776172656839)"
"a3d31f0bda4f52d7801a476a2ac1ca0c201d893d46f646dfc631dda4df831a9632115dd9866b707027e2d4469f33da1a810ca12e342bf960677946cc1d80a9fc",,"2026-03-16T08:20:00.000","25","STOP SIGN/FLASHER","FUNCTIONING PROPERLY","CLEAR","DAYLIGHT","REAR END","ONE-WAY",,"STRAIGHT AND LEVEL","ICE","NO DEFECTS","ON SCENE","INJURY AND / OR TOW DUE TO CRASH","Y",,,"OVER $1,500","2026-03-16T08:45:00.000","FAILING TO REDUCE SPEED TO AVOID CRASH","UNABLE TO DETERMINE","5258","W","PALMER ST","2515",,,,,,,"2","REPORTED, NOT EVIDENT","1","0","0","0","1","4","0","8","2","3","41.9205354724","-87.7584367619","POINT (-87.758436761941 41.920535472363)"