"crash_record_id","crash_date_est_i","crash_date","posted_speed_limit","traffic_control_device","device_condition","weather_condition","lighting_condition","first_crash_type","trafficway_type","lane_cnt","alignment","roadway_surface_cond","road_defect","report_type","crash_type","intersection_related_i","private_property_i","hit_and_run_i","damage","date_police_notified","prim_contributory_cause","sec_contributory_cause","street_no","street_direction","street_name","beat_of_occurrence","photos_taken_i","statements_taken_i","dooring_i","work_zone_i","work_zone_type","workers_present_i","num_units","most_severe_injury","injuries_total","injuries_fatal","injuries_incapacitating","injuries_non_incapacitating","injuries_reported_not_evident","injuries_no_indication","injuries_unknown","crash_hour","crash_day_of_week","crash_month","latitude","longitude","location"
"91ffcfe90c415a401f67ccb00ae07984ac8a45262a031ad2d22054d5c8b43bed94455a812b0cd5cb9e7005a9f298338b5198daf68a1fa357c89b56ec14007874",,"2026-03-16T08:19:00.000","30","STOP SIGN/FLASHER","UNKNOWN","SNOW","DAYLIGHT","REAR END","ONE-WAY",,"STRAIGHT AND LEVEL","SNOW OR SLUSH","UNKNOWN","ON SCENE","NO INJURY / DRIVE AWAY",,,,"OVER $1,500","2026-03-16T08:22:00.000","FAILING TO REDUCE SPEED TO AVOID CRASH","FOLLOWING TOO CLOSELY","959","N","LAMON AVE","1531",,,,,,,"2","NO INDICATION OF INJURY","0","0","0","0","0","2","0","8","2","3","41.8986111412","-87.7481928293","POINT (-87.748192829344 41.898611141162)"
"39ce6b3623303a2340024192248441fb3486b8322e688490c2ce2d320d76fbcb9fc8caabf3464d32821c4214757a8b6d376ebd5aefa1cc74344c24da47d779dc",,"2026-03-16T08:15:00.000","30","NO CONTROLS","NO CONTROLS","SNOW","DAYLIGHT","REAR END","NOT DIVIDED",,"STRAIGHT AND LEVEL","WET","NO DEFECTS","NOT ON SCENE (DESK REPORT)","NO INJURY / DRIVE AWAY",,,,"OVER $1,500","2026-03-16T10:52:00.000","WEATHER","WEATHER","3652","W","MARQUETTE RD","833",,,,,,,"2","NO INDICATION OF INJURY","0","0","0","0","0","2","0","8","2","3","41.7716014514","-87.7149709105","POINT (-87.714970910537 41.771601451431)"
"5ad669bc20f3748c0f21fa0785ed8708bc61d9ff1b7289d88f669964e13aa1020ddf85281d1bec84c26d03ba1173ab50dbfd513488cc93a5a9011dbd4c686e94",,"2026-03-16T08:15:00.000","20","STOP SIGN/FLASHER","FUNCTIONING PROPERLY","SNOW","DAYLIGHT","REAR END","ONE-WAY",,"STRAIGHT AND LEVEL","SNOW OR SLUSH","NO DEFECTS","NOT ON SCENE (DESK REPORT)","NO INJURY / DRIVE AWAY","Y",,,"OVER $1,500","2026-03-16T08:40:00.000","WEATHER","FOLLOWING TOO CLOSELY","2732","W","POPE JOHN PAUL II DR","921",,,,,,,"2","NO INDICATION OF INJURY","0","0","0","0","0","2","0","8","2","3","41.8156702578","-87.6932665181","POINT (-87.693266518087 41.815670257803)"
"615f30cd8cefd47956761f6ed0a159a19d9fa4b071a7e03a39a6857ecdae8fbe840faec4f36ca2b2dae51f55135474637b87c927b1b33a963d190d57847b5092","Y","2026-03-16T08:15:00.000","30","STOP SIGN/FLASHER","FUNCTIONING PROPERLY","SNOW","DAYLIGHT","REAR END","NOT DIVIDED",,"STRAIGHT AND LEVEL","WET","NO DEFECTS","NOT ON SCENE (DESK REPORT)","NO INJURY / DRIVE AWAY","Y",,,"OVER $1,500","2026-03-16T09:15:00.000","UNABLE TO DETERMINE","UNABLE TO DETERMINE","1502","W","SUMMERDALE AVE","2012",,,,,,,"2","NO INDICATION OF INJURY","0","0","0","0","0","2","0","8","2","3","41.9790381601","-87.6684652482","POINT (-87.668465248151 41.979038160084)"
"e3db69de2ba5d6e3899053aa35347314806846285adf88f5d4a9d4f41aca736711adb482b5f2235ced71bc6fc8a6ad6714f2feb70b138b906cad9882eda2a960",,"2026-03-16T08:15:00.000","30","STOP SIGN/FLASHER","FUNCTIONING PROPERLY","SNOW","DAYLIGHT","ANGLE","T-INTERSECTION",,"STRAIGHT AND LEVEL","SNOW OR SLUSH","NO DEFECTS","NOT ON SCENE (DESK REPORT)","NO INJURY / DRIVE AWAY","Y",,,"OVER $1,500","2026-03-16T09:30:00.000","FAILING TO YIELD RIGHT-OF-WAY","WEATHER","2900","W","TOUHY AVE","2411",,,,,,,"2","NO INDICATION OF INJURY","0","0","0","0","0","2","0","8","2","3","42.0121177636","-87.7024742513","POINT (-87.702474251294 42.012117763553)"
"95699ea3fe59475f470e361ee81c95e87b2e77bf4143a1280aba50f1f49caba5b834d27518b9535b73058323d81917ab9596350f11bbee5bd3075ab4526e5a3b",,"2026-03-16T08:14:00.000","15","STOP SIGN/FLASHER","UNKNOWN","SNOW","DAYLIGHT","REAR END","NOT DIVIDED",,"STRAIGHT AND LEVEL","SNOW OR SLUSH","UNKNOWN","NOT ON SCENE (DESK REPORT)","NO INJURY / DRIVE AWAY",,,,"$501 - $1,500","2026-03-16T08:40:00.000","WEATHER","UNABLE TO DETERMINE","1001","W","WRIGHTWOOD AVE","1932",,,,,,,"2","NO INDICATION OF INJURY","0","0","0","0","0","2","0","8","2","3","41.9288959653","-87.6538522888","POINT (-87.653852288769 41.928895965327)"
"7cd35e6137bc79b7ad0e067c6d4e36d944f2b22cd44abb5d8f7b41ae626eef0443e85db834110b05e42d1ce456e21089140bc91efae066ffed44274ea5a3139a","Y","2026-03-16T08:12:00.000","30","TRAFFIC SIGNAL","FUNCTIONING PROPERLY","SNOW","DAYLIGHT","TURNING","NOT DIVIDED",,"STRAIGHT AND LEVEL","SNOW OR SLUSH","UNKNOWN","NOT ON SCENE (DESK REPORT)","NO INJURY / DRIVE AWAY","Y",,,"$501 - $1,500","2026-03-16T08:14:00.000","DRIVING SKILLS/KNOWLEDGE/EXPERIENCE","WEATHER","3352","W","GRAND AVE","1121",,,,,,,"2","NO INDICATION OF INJURY","0","0","0","0","0","2","0","8","2","3","41.9001828076","-87.7110402165","POINT (-87.711040216481 41.900182807605)"
"510fd50ff40f077a66024c7b3905f0228af04c5af4ddfc1be53d28c9eaf727490fbfba4b67ceae16d3f876e807b15ae6be98c7df6e9d0669c4df5388977408dc",,"2026-03-16T08:10:00.000","30","STOP SIGN/FLASHER","FUNCTIONING PROPERLY","SNOW","DAYLIGHT","REAR END","NOT DIVIDED",,"STRAIGHT AND LEVEL","ICE","NO DEFECTS","NOT ON SCENE (DESK REPORT)","INJURY AND / OR TOW DUE TO CRASH","Y",,,"OVER $1,500","2026-03-16T10:00:00.000","FOLLOWING TOO CLOSELY","WEATHER","1458","W","21ST ST","1235",,,,,,,"2","REPORTED, NOT EVIDENT","1","0","0","0","1","1","0","8","2","3","41.8543211867","-87.663545965","POINT (-87.663545965007 41.854321186669)"
"520c5d9dfa3b9ab2f7f3469d1f7c8a5828bda2ac8cb87454c4da07ac2106bc1b6a9bb8bfe372ee7d33add0c7c5ac61f9b0415958cad88e94c0714fa56a357e8f",,"2026-03-16T08:10:00.000","30","STOP SIGN/FLASHER","FUNCTIONING PROPERLY","SNOW","DAYLIGHT","REAR END","ONE-WAY",,"STRAIGHT AND LEVEL","SNOW OR SLUSH","UNKNOWN","NOT ON SCENE (DESK REPORT)","INJURY AND / OR TOW DUE TO CRASH",,,,"OVER $1,500","2026-03-16T15:00:00.000","FOLLOWING TOO CLOSELY","FOLLOWING TOO CLOSELY","3656","W","65TH ST","823",,,,,,,"2","REPORTED, NOT EVIDENT","4","0","0","0","4","1","0","8","2","3","41.7752387955","-87.7152064534","POINT (-87.715206453421 41.775238795518)"
"7bfff78d9c16613cba38eb0652b05cdb5d5737a6dfdb61e3797ac8035992ae9f040377af53e3190c06bd0123fed27f512cc5bd88b131df88139f28c98311c674",,"2026-03-16T08:10:00.000","25","STOP SIGN/FLASHER","UNKNOWN","SNOW","DAYLIGHT","REAR END","NOT DIVIDED",,"STRAIGHT AND LEVEL","SNOW OR SLUSH","UNKNOWN","NOT ON SCENE (DESK REPORT)","NO INJURY / DRIVE AWAY",,,,"OVER $1,500","2026-03-16T15:00:00.000","WEATHER","NOT APPLICABLE","3600","W","27TH ST","1032",,,,,,,"2","NO INDICATION OF INJURY","0","0","0","0","0","2","0","8","2","3","41.8426599652","-87.7148039378","POINT (-87.714803937758 41.842659965206)"
"89de82cc4972de38fe6e31fef5f80fd1d47abb351f3ee08f04fdd5ffe91e1d64d9f38be5efde63480e28c7f7f367606eeacaabcf0f7f73e341da4c583c34d72a",,"2026-03-16T08:10:00.000","30","SCHOOL ZONE","FUNCTIONING PROPERLY","SNOW","DAYLIGHT","SIDESWIPE SAME DIRECTION","NOT DIVIDED",,"STRAIGHT AND LEVEL","WET","NO DEFECTS","ON SCENE","NO INJURY / DRIVE AWAY",,,,"$501 - $1,500","2026-03-16T08:14:00.000","FAILING TO YIELD RIGHT-OF-WAY","UNABLE TO DETERMINE","211","S","LAFLIN ST","1231",,,,,,,"2","NO INDICATION OF INJURY","0","0","0","0","0","3","0","8","2","3","41.8785902835","-87.6641963446","POINT (-87.664196344561 41.878590283519)"
"c58d98e6029396190486bf58eeab9ce460ddc4b3fcaf1111d8830e1d25e02564f15e38f8196c5fd0da22419d47c8726da44005a01846de2790316f1706c0af5c",,"2026-03-16T08:10:00.000","30","TRAFFIC SIGNAL","FUNCTIONING PROPERLY","SNOW","DAYLIGHT","TURNING","NOT DIVIDED",,"STRAIGHT AND LEVEL","SNOW OR SLUSH","UNKNOWN","ON SCENE","NO INJURY / DRIVE AWAY",,,"Y","$500 OR LESS","2026-03-16T08:15:00.000","UNABLE TO DETERMINE","UNABLE TO DETERMINE","7161","W","IRVING PARK RD","1632",,,,,,,"2","NO INDICATION OF INJURY","0","0","0","0","0","3","0","8","2","3","41.9526561024","-87.8060131604","POINT (-87.80601316039 41.952656102379)"
"cedbeb50d948b00c776d58a4d922f6814c1bce36936ce5141d53c67958f303dc8bcfc5958447bd5007bab7fdfc48bf99b62e1e7229bf82f3da9c279c1c01641e",,"2026-03-16T08:10:00.000","15","NO CONTROLS","NO CONTROLS","SNOW","DAYLIGHT","REAR END","NOT DIVIDED",,"STRAIGHT AND LEVEL","SNOW OR SLUSH","NO DEFECTS","NOT ON SCENE (DESK REPORT)","NO INJURY / DRIVE AWAY",,,,"OVER $1,500","2026-03-16T11:30:00.000","FOLLOWING TOO CLOSELY","NOT APPLICABLE","11350","S","AVENUE L","433",,,,,,,"2","NO INDICATION OF INJURY","0","0","0","0","0","2","0","8","2","3","41.6885317492","-87.5366375878","POINT (-87.536637587764 41.688531749162)"
"e718de8c9e077f041acb0991a354d01bfcbe27a210ca9e9991664fbd2185a12e08176e0e1057e3950ec34041623079c05412dc7df34fe9518571e8dbf1637daa",,"2026-03-16T08:10:00.000","30","STOP SIGN/FLASHER","FUNCTIONING PROPERLY","SNOW","DAYLIGHT","REAR END","FOUR WAY",,"STRAIGHT AND LEVEL","SNOW OR SLUSH","NO DEFECTS","NOT ON SCENE (DESK REPORT)","NO INJURY / DRIVE AWAY",,,,"OVER $1,500","2026-03-16T08:25:00.000","FOLLOWING TOO CLOSELY","UNABLE TO DETERMINE","5300","S","CALIFORNIA AVE","923",,,,,,,"2","NO INDICATION OF INJURY","0","0","0","0","0","3","0","8","2","3","41.7972453501","-87.6940444095","POINT (-87.694044409543 41.797245350107)"
"2bbec762142fdd6e8b1c0e1fa258c159a41686585adb50dfc9a8f5f8c0a541c796543304c3bd2621443e1b7d870702b9bfa2bf602b42f9b14e80d993891211c8",,"2026-03-16T08:08:00.000","30","STOP SIGN/FLASHER","FUNCTIONING PROPERLY","SNOW","DAYLIGHT","REAR END","ONE-WAY",,"STRAIGHT AND LEVEL","SNOW OR SLUSH","NO DEFECTS","NOT ON SCENE (DESK REPORT)","NO INJURY / DRIVE AWAY",,,,"OVER $1,500","2026-03-16T09:00:00.000","FOLLOWING TOO CLOSELY","UNABLE TO DETERMINE","2800","W","61ST ST","823",,,,,,,"2","NO INDICATION OF INJURY","0","0","0","0","0","2","0","8","2","3","41.7828687503","-87.6935610125","POINT (-87.693561012494 41.782868750312)"
"b48c0131c0a7e8a88a8a5d7757b34242d3b58f1137db18a6dd08fe973b49d773235fe1a5405ad45373f282ab38e0dfcdbc91a3570fe40a7e662f94a26d26a10b",,"2026-03-16T08:08:00.000","30","STOP SIGN/FLASHER","UNKNOWN","CLEAR","DAYLIGHT","PEDESTRIAN","FOUR WAY",,"STRAIGHT AND LEVEL","WET","UNKNOWN","ON SCENE","INJURY AND / OR TOW DUE TO CRASH","N",,"Y","$500 OR LESS","2026-03-16T08:09:00.000","UNABLE TO DETERMINE","NOT APPLICABLE","1657","N","PULASKI RD","2535",,,,,,,"2","NONINCAPACITATING INJURY","1","0","0","1","0","1","0","8","2","3","41.9115618896","-87.7262388943","POINT (-87.726238894325 41.911561889584)"
"4558583471ecf06e17f3802dc61d62de8a7f08f748232011eb5ea42a23d417462f85a7bd043fc917db1ae05f1ca7738848ca79f01d2b12b6d6ac0d5283427ec9",,"2026-03-16T08:06:00.000","30","TRAFFIC SIGNAL","FUNCTIONING PROPERLY","SNOW","DAYLIGHT","PARKED MOTOR VEHICLE","NOT DIVIDED",,"STRAIGHT AND LEVEL","ICE","NO DEFECTS","ON SCENE","NO INJURY / DRIVE AWAY","Y",,,"OVER $1,500","2026-03-16T08:11:00.000","FAILING TO REDUCE SPEED TO AVOID CRASH","DRIVING SKILLS/KNOWLEDGE/EXPERIENCE","8108","W","ADDISON ST","1631",,,,,,,"2","NO INDICATION OF INJURY","0","0","0","0","0","1","0","8","2","3","41.9450612527","-87.8294704504","POINT (-87.829470450388 41.945061252707)"
"35ba5e2f400d9440c02aac1ef2fac49edaa4ebd76ae0571cd5704d853b37c1aeed38596ee63463a4736a54b4b4eac011c7a4990a859e2af6d03aff3aee0e50d4",,"2026-03-16T08:05:00.000","30","STOP SIGN/FLASHER","FUNCTIONING PROPERLY","SNOW","DAYLIGHT","REAR END","NOT DIVIDED",,"STRAIGHT AND LEVEL","SNOW OR SLUSH","NO DEFECTS","NOT ON SCENE (DESK REPORT)","NO INJURY / DRIVE AWAY",,,,"OVER $1,500","2026-03-16T08:40:00.000","FOLLOWING TOO CLOSELY","WEATHER","5454","W","64TH ST","813",,,,,,,"2","NO INDICATION OF INJURY","0","0","0","0","0","2","0","8","2","3","41.7764041627","-87.7589558093","POINT (-87.758955809279 41.776404162656)"
"74089392f659effceb3caa970d4064d3df83f76140db8c5ba2af93eeaa1f39bbcc42b0081f71d1c9d29d7a1a849f2b8c9d038443198a0401001df71008cf50f0",,"2026-03-16T08:05:00.000","30","NO CONTROLS","NO CONTROLS","SNOW","DAYLIGHT","PARKED MOTOR VEHICLE","ONE-WAY",,"STRAIGHT ON GRADE","SNOW OR SLUSH","NO DEFECTS","NOT ON SCENE (DESK REPORT)","NO INJURY / DRIVE AWAY",,,,"$501 - $1,500","2026-03-16T09:00:00.000","WEATHER","UNABLE TO DETERMINE","3802","N","OCTAVIA AVE","1631",,,,,,,"2","NO INDICATION OF INJURY","0","0","0","0","0","3","0","8","2","3","41.9489951258","-87.8097023921","POINT (-87.809702392119 41.948995125774)"
"c12e144d73db73bd22290fee4bda620a27fd6e92c26d6b1b075840bfd74961e2a1425296c13ae0a54c60474ce9b88cfba6a6d45ef80aed84f2a4b272d7fe1d21",,"2026-03-16T08:05:00.000","30","STOP SIGN/FLASHER","FUNCTIONING PROPERLY","SNOW","DAYLIGHT","REAR END","DIVIDED - W/MEDIAN (NOT RAISED)",,"STRAIGHT AND LEVEL","ICE","OTHER","ON SCENE","INJURY AND / OR TOW DUE TO CRASH","Y",,,"OVER $1,500","2026-03-16T08:06:00.000","WEATHER","NOT APPLICABLE","8513","S","HOLLAND RD","622",,,,,,,"2","NO INDICATION OF INJURY","0","0","0","0","0","3","0","8","2","3","41.7395558509","-87.6317844959","POINT (-87.631784495858 41.739555850932)"
"c7a2eda791fa817b30f8d29e9877f76e408592e473c8c5f0877f709fd08ae425b9f5bb65d289bde98464b1b41504bf2ccce08babde026a053b22b80f1913fe26",,"2026-03-16T08:05:00.000","30","TRAFFIC SIGNAL","FUNCTIONING PROPERLY","CLEAR","DAYLIGHT","SIDESWIPE SAME DIRECTION","NOT DIVIDED",,"STRAIGHT AND LEVEL","SNOW OR SLUSH","NO DEFECTS","NOT ON SCENE (DESK REPORT)","NO INJURY / DRIVE AWAY",,,"Y","OVER $1,500","2026-03-16T08:41:00.000","UNABLE TO DETERMINE","NOT APPLICABLE","1","S","PULASKI RD","1122",,,,,,,"2","NO INDICATION OF INJURY","0","0","0","0","0","2","0","8","2","3","41.8806804391","-87.7255224003","POINT (-87.725522400262 41.880680439079)"
"de9ffde032e95e1415d427a41e7b18b26f4a1b80da53fcde23f9cd092479e9b435ec24ca0f77444a992473fbd2b3bc5e46c2ef10986362bf4c01abae22c2db24",,"2026-03-16T08:03:00.000","20","STOP SIGN/FLASHER","FUNCTIONING PROPERLY","SNOW","DAYLIGHT","REAR END","ONE-WAY",,"STRAIGHT AND LEVEL","ICE","NO DEFECTS","ON SCENE","NO INJURY / DRIVE AWAY",,,,"OVER $1,500","2026-03-16T08:05:00.000","FOLLOWING TOO CLOSELY","WEATHER","2101","W","EVERGREEN AVE","1424",,,,,,,"2","NO INDICATION OF INJURY","0","0","0","0","0","3","0","8","2","3","41.9058609003","-87.6799012592","POINT (-87.679901259214 41.905860900307)"
"9b865a092eba6f88a08817081042d88e41ee6f7b30c3c6e897813a4b8130ddbcbb07049f597719708827e19b910e618c5f1089d21b5dd6c7932d7de8314b6614",,"2026-03-16T08:01:00.000","40","NO CONTROLS","NO CONTROLS","SNOW","DAYLIGHT","FIXED OBJECT","DIVIDED - W/MEDIAN BARRIER",,"STRAIGHT AND LEVEL","ICE","NO DEFECTS","ON SCENE","INJURY AND / OR TOW DUE TO CRASH",,,,"$501 - $1,500","2026-03-16T08:14:00.000","WEATHER","NOT APPLICABLE","1650","S","LAKE SHORE DR SB","132",,,,,,,"1","NO INDICATION OF INJURY","0","0","0","0","0","1","0","8","2","3","41.8591172751","-87.6174539624","POINT (-87.617453962419 41.859117275135)"
"040411d7f4dd4ceaeccc82b80a6d4da7f8932c487f7f37f8b2f66470de34974c160c3ae33f5d9330eff7fa9418a213a9438dfd863b14864541c7bd0a92e8745e",,"2026-03-16T08:00:00.000","30","STOP SIGN/FLASHER","FUNCTIONING PROPERLY","SNOW","DAYLIGHT","ANGLE","FOUR WAY",,"STRAIGHT AND LEVEL","SNOW OR SLUSH","UNKNOWN","ON SCENE","NO INJURY / DRIVE AWAY","Y",,,"OVER $1,500","2026-03-16T08:05:00.000","FAILING TO YIELD RIGHT-OF-WAY","FAILING TO REDUCE SPEED TO AVOID CRASH","6800","S","HALSTED ST","723",,,,,,,"2","NO INDICATION OF INJURY","0","0","0","0","0","2","0","8","2","3","41.7705620429","-87.6446972229","POINT (-87.644697222903 41.770562042929)"
"083bec163a08869ecf271fe74156443961e8b38b38ec12f5c355d127e0c93ce70e6c3e564b09dc2ff857d0fe6386c8599b364448692c3eb8be39491414fc6a8a",,"2026-03-16T08:00:00.000","30","NO CONTROLS","NO CONTROLS","SNOW","DAYLIGHT","PARKED MOTOR VEHICLE","NOT DIVIDED",,"STRAIGHT AND LEVEL","ICE","NO DEFECTS","NOT ON SCENE (DESK REPORT)","NO INJURY / DRIVE AWAY",,,,"OVER $1,500","2026-03-16T13:45:00.000","UNABLE TO DETERMINE","UNABLE TO DETERMINE","4711","S","DREXEL BLVD","222",,,,,,,"2","NO INDICATION OF INJURY","0","0","0","0","0","1","0","8","2","3","41.809194036","-87.6037422832","POINT (-87.603742283166 41.809194035985)"
"3b262671da07396b63deadb11ec554f2e81d755ffe9a170900a5fd8b771da77c595b7c14eaeaf76fbfa9f8f2a99b654b5825ed161f05ab8185385b3549c04757","Y","2026-03-16T08:00:00.000","35","TRAFFIC SIGNAL","UNKNOWN","SNOW","DAYLIGHT","ANGLE","NOT DIVIDED",,"STRAIGHT AND LEVEL","SNOW OR SLUSH","UNKNOWN","ON SCENE","INJURY AND / OR TOW DUE TO CRASH","Y",,,"OVER $1,500","2026-03-16T08:00:00.000","WEATHER","WEATHER","1299","W","95TH ST","2213",,,,,,,"2","REPORTED, NOT EVIDENT","2","0","0","0","2","3","0","8","2","3","41.7211996723","-87.6553199002","POINT (-87.655319900194 41.721199672318)"
"7430b1ae446f587bc094beab40919c5cbc7544f41a0cac9706208cb977b35672d3e93e4316f251d8e5e6bc9db4f4ec81691c63e4a51cb8aca6302440520c96e7",,"2026-03-16T08:00:00.000","20","NO CONTROLS","NO CONTROLS","SNOW","DAYLIGHT","REAR END","ONE-WAY",,"STRAIGHT AND LEVEL","SNOW OR SLUSH","NO DEFECTS","NOT ON SCENE (DESK REPORT)","NO INJURY / DRIVE AWAY",,,,"OVER $1,500","2026-03-16T09:10:00.000","WEATHER","NOT APPLICABLE","1329","N","KILDARE AVE","2534",,,,,,,"2","NO INDICATION OF INJURY","0","0","0","0","0","4","0","8","2","3","41.9052222539","-87.7336105524","POINT (-87.733610552421 41.905222253943)"
"8bb2dab37d8b3115fc3ce6c96e50dae0f35bf844d3ceb96091075d41cd6da92baebfee7befeb10792caf154a5ecae1e0b99f3c9d88be3db7fe0503cf3fa083c8",,"2026-03-16T08:00:00.000","30","STOP SIGN/FLASHER","UNKNOWN","CLEAR","DAYLIGHT","ANGLE","T-INTERSECTION",,"STRAIGHT AND LEVEL","DRY","UNKNOWN","NOT ON SCENE (DESK REPORT)","NO INJURY / DRIVE AWAY","Y",,,"OVER $1,500","2026-03-16T15:30:00.000","DISREGARDING STOP SIGN","UNABLE TO DETERMINE","1901","W","WASHBURNE AVE","1233","Y","Y",,,,,"2","NO INDICATION OF INJURY","0","0","0","0","0","2","0","8","2","3","41.8657621879","-87.6738899561","POINT (-87.673889956055 41.865762187886)"
"8bc9d671fd5ea945eacaeae9aa9f14cb1fb20f06d26c79fa94899d2d8c7922b6a63a3593b1a87422b195f419f5a54e375f66ef782e39961cf2c73f93bd1481d5",,"2026-03-16T08:00:00.000","35","UNKNOWN","UNKNOWN","UNKNOWN","UNKNOWN","PARKED MOTOR VEHICLE","UNKNOWN",,"STRAIGHT AND LEVEL","UNKNOWN","UNKNOWN","NOT ON SCENE (DESK REPORT)","NO INJURY / DRIVE AWAY",,,"Y","OVER $1,500","2026-03-16T17:15:00.000","UNABLE TO DETERMINE","NOT APPLICABLE","6400","S","ROCKWELL ST","825",,,,,,,"2","NO INDICATION OF INJURY","0","0","0","0","0","1","0","8","2","3","41.7772411046","-87.6886247224","POINT (-87.688624722385 41.777241104584)"
"97da6abee59467b12a41ddb767b64db65f5ecfeec79ebf4df6684e0e4977b9caa045ddcd92f94d980ebd8a7ef8061bd821fc168c9136f51c19b688a863e1e910",,"2026-03-16T08:00:00.000","20","NO CONTROLS","NO CONTROLS","SNOW","UNKNOWN","PARKED MOTOR VEHICLE","NOT DIVIDED",,"STRAIGHT AND LEVEL","SNOW OR SLUSH","UNKNOWN","ON SCENE","NO INJURY / DRIVE AWAY",,,"Y","OVER $1,500","2026-03-16T08:05:00.000","UNABLE TO DETERMINE","WEATHER","452","W","28TH ST","914",,,,,,,"2","NO INDICATION OF INJURY","0","0","0","0","0","1","0","8","2","3","41.8437210351","-87.6386994434","POINT (-87.638699443429 41.843721035145)"
"97f4ee320aba8e5800b73d598e43c5444255a9a892be2a0dca332fb6225c052ea954ef76c36e017cbbabb307ba72b7b3819d7b70144cc898d942b9588270a929",,"2026-03-16T08:00:00.000","10","NO CONTROLS","NO CONTROLS","SNOW","DAYLIGHT","REAR TO SIDE","ONE-WAY",,"STRAIGHT AND LEVEL","WET","NO DEFECTS","NOT ON SCENE (DESK REPORT)","NO INJURY / DRIVE AWAY",,,,"OVER $1,500","2026-03-16T08:56:00.000","UNABLE TO DETERMINE","UNABLE TO DETERMINE","6311","W","56TH ST","811",,,,,,,"2","NO INDICATION OF INJURY","0","0","0","0","0","2","0","8","2","3","41.7904404521","-87.7797820922","POINT (-87.779782092191 41.790440452065)"
"982e12b50fda57972d6a4159cf3096123479339c5325a742d38a8e55c2468bdfff845dc18e22970d8294eb83d1cf8bffde8bf257ede03cda19ebb2514c5f6973",,"2026-03-16T08:00:00.000","30","STOP SIGN/FLASHER","FUNCTIONING PROPERLY","SNOW","DAYLIGHT","REAR END","FOUR WAY",,"STRAIGHT AND LEVEL","SNOW OR SLUSH","NO DEFECTS","NOT ON SCENE (DESK REPORT)","NO INJURY / DRIVE AWAY",,,,"OVER $1,500","2026-03-16T11:00:00.000","FOLLOWING TOO CLOSELY","UNABLE TO DETERMINE","2401","S","ST LOUIS AVE","1024",,,,,,,"2","NO INDICATION OF INJURY","0","0","0","0","0","2","0","8","2","3","41.8479640616","-87.7123049062","POINT (-87.712304906227 41.84796406158)"
"b258ac1f576e5d4b5cac08c09c5ee989a21d97ced59b48abf49f3bc37ef8440fb2c459f19817f20ec385571eaab8c3dc652541ecd46d60acfafbcbeb2190c311","Y","2026-03-16T08:00:00.000","30","NO CONTROLS","NO CONTROLS","SNOW","DAYLIGHT","ANGLE","FOUR WAY",,"STRAIGHT AND LEVEL","SNOW OR SLUSH","NO DEFECTS","NOT ON SCENE (DESK REPORT)","NO INJURY / DRIVE AWAY","Y",,,"OVER $1,500","2026-03-16T10:45:00.000","WEATHER","UNABLE TO DETERMINE","5214","N","SAWYER AVE","1712",,,,,,,"2","NO INDICATION OF INJURY","0","0","0","0","0","2","0","8","2","3","41.9762219277","-87.7100563942","POINT (-87.710056394199 41.976221927715)"
"b51aac053cdadcdb1b6102d4759eb035f5443c57df390f629e4fa5a44ba76133795e01da239182c22a361f52d6b0bd99aea280fbacd5ea1ac5091b652fad6317",,"2026-03-16T08:00:00.000","30","STOP SIGN/FLASHER","FUNCTIONING PROPERLY","SNOW","DAYLIGHT","REAR END","FOUR WAY",,"STRAIGHT AND LEVEL","SNOW OR SLUSH","NO DEFECTS","NOT ON SCENE (DESK REPORT)","NO INJURY / DRIVE AWAY",,,,"OVER $1,500","2026-03-16T09:15:00.000","FOLLOWING TOO CLOSELY","NOT APPLICABLE","3001","S","AVERS AVE","1031",,,,,,,"2","NO INDICATION OF INJURY","0","0","0","0","0","2","0","8","2","3","41.8386958433","-87.7205888706","POINT (-87.720588870564 41.838695843289)"
"d91d4197ed8f50e4eb4694df749bee75223e99504107d24e660c5b0e1bc06ca2746dd99e7668283f4c6a13bd9420881d6b75b95e391a5fb617db2868a21979bf",,"2026-03-16T08:00:00.000","30","TRAFFIC SIGNAL","FUNCTIONING PROPERLY","RAIN","DAYLIGHT","SIDESWIPE SAME DIRECTION","DIVIDED - W/MEDIAN BARRIER",,"STRAIGHT AND LEVEL","WET","NO DEFECTS","NOT ON SCENE (DESK REPORT)","NO INJURY / DRIVE AWAY",,,,"$501 - $1,500","2026-03-16T09:45:00.000","IMPROPER LANE USAGE","NOT APPLICABLE","4700","S","DREXEL BLVD","223",,,,,,,"3","NO INDICATION OF INJURY","0","0","0","0","0","2","0","8","2","3","41.8094665294","-87.6045192623","POINT (-87.604519262297 41.809466529413)"
"931aafe4233c66ae403eb649f1876d20335694510318bd69f2cc4abc27d8712b36cead83b59ec908ec0b55c863db3bb970381557154fca827c239bd8b6896f8e",,"2026-03-16T07:55:00.000","30","TRAFFIC SIGNAL","FUNCTIONING PROPERLY","SNOW","DAYLIGHT","REAR END","NOT DIVIDED",,"STRAIGHT AND LEVEL","ICE","NO DEFECTS","NOT ON SCENE (DESK REPORT)","NO INJURY / DRIVE AWAY",,,,"OVER $1,500","2026-03-16T08:45:00.000","WEATHER","NOT APPLICABLE","2798","N","WOLCOTT AVE","1931",,,,,,,"2","NO INDICATION OF INJURY","0","0","0","0","0","2","0","7","2","3","41.932197618","-87.6753018614","POINT (-87.675301861402 41.932197618039)"
"9f4f6494f634a98d39afd26c66c31b4bd3ec3a10456b4629eb8b38e632f9151b0589385f8507097433037275ec3ee2bbb31a36922025fe780abecc1935c54780",,"2026-03-16T07:55:00.000","30","TRAFFIC SIGNAL","FUNCTIONING PROPERLY","SNOW","DAYLIGHT","REAR END","FOUR WAY",,"STRAIGHT AND LEVEL","SNOW OR SLUSH","NO DEFECTS","ON SCENE","NO INJURY / DRIVE AWAY","N",,,"$501 - $1,500","2026-03-16T08:00:00.000","WEATHER","UNABLE TO DETERMINE","3118","W","POPE JOHN PAUL II DR","921",,,,,,,"2","NO INDICATION OF INJURY","0","0","0","0","0","3","0","7","2","3","41.8155304641","-87.7026325108","POINT (-87.702632510819 41.815530464075)"