"crash_record_id","crash_date_est_i","crash_date","posted_speed_limit","traffic_control_device","device_condition","weather_condition","lighting_condition","first_crash_type","trafficway_type","lane_cnt","alignment","roadway_surface_cond","road_defect","report_type","crash_type","intersection_related_i","private_property_i","hit_and_run_i","damage","date_police_notified","prim_contributory_cause","sec_contributory_cause","street_no","street_direction","street_name","beat_of_occurrence","photos_taken_i","statements_taken_i","dooring_i","work_zone_i","work_zone_type","workers_present_i","num_units","most_severe_injury","injuries_total","injuries_fatal","injuries_incapacitating","injuries_non_incapacitating","injuries_reported_not_evident","injuries_no_indication","injuries_unknown","crash_hour","crash_day_of_week","crash_month","latitude","longitude","location"
"c2bf620680b55551a3f96e32e96969c979e889a3334340a50c07161674a1c946140d7904509d792a6bd50369158a19b0ec007e9b1d9c4d13d7d4e9f7af729406",,"2026-03-16T07:55:00.000","35","STOP SIGN/FLASHER","FUNCTIONING PROPERLY","CLOUDY/OVERCAST","DAYLIGHT","REAR END","DIVIDED - W/MEDIAN (NOT RAISED)",,"STRAIGHT AND LEVEL","WET","NO DEFECTS","NOT ON SCENE (DESK REPORT)","NO INJURY / DRIVE AWAY",,,"N","$501 - $1,500","2026-03-16T08:30:00.000","UNABLE TO DETERMINE","UNABLE TO DETERMINE","1300","S","WOOD ST","1233",,,,,,,"2","NO INDICATION OF INJURY","0","0","0","0","0","2","0","7","2","3","41.8649636336","-87.6714440865","POINT (-87.671444086516 41.864963633556)"
"c53113009d617c2720637be6d0a5e4d53fc0582890b80a751a93a325e5668c01af1c63935ddf132226e251201a9d28f5a435d746a277df3d2cb178941152b61f",,"2026-03-16T07:55:00.000","30","STOP SIGN/FLASHER","FUNCTIONING PROPERLY","CLEAR","DAYLIGHT","REAR END","ONE-WAY",,"STRAIGHT AND LEVEL","SNOW OR SLUSH","UNKNOWN","NOT ON SCENE (DESK REPORT)","NO INJURY / DRIVE AWAY",,,,"OVER $1,500","2026-03-16T16:15:00.000","UNABLE TO DETERMINE","NOT APPLICABLE","4128","W","WABANSIA AVE","2534",,,,,,,"2","NO INDICATION OF INJURY","0","0","0","0","0","4","0","7","2","3","41.9117696553","-87.7299920013","POINT (-87.729992001329 41.911769655338)"
"87b398e2856af8ef68cd3b6bc3c5955e9a6c2b5eb3904cbdb1eadc2e1bba1a842c0b3f80858770256350929e48eb2bc10e5baeea33eac584bfbaa50bdf464b3a",,"2026-03-16T07:53:00.000","30","STOP SIGN/FLASHER","FUNCTIONING PROPERLY","SNOW","DAYLIGHT","REAR END","ONE-WAY",,"STRAIGHT AND LEVEL","SNOW OR SLUSH","NO DEFECTS","ON SCENE","NO INJURY / DRIVE AWAY",,,,"$501 - $1,500","2026-03-16T07:56:00.000","UNABLE TO DETERMINE","NOT APPLICABLE","2657","S","SAWYER AVE","1032",,,,,,,"2","NO INDICATION OF INJURY","0","0","0","0","0","5","0","7","2","3","41.842828888","-87.7060606208","POINT (-87.706060620754 41.842828888022)"
"b6a022aa12881eaf3a126e1025cf5de49e5e07febd7cec12104c998f5f1772d005a25fe5cbdd67b8ec733918f40601cd58b0fe923efe2f770037904f3f879eee",,"2026-03-16T07:53:00.000","35","UNKNOWN","UNKNOWN","UNKNOWN","UNKNOWN","REAR END","UNKNOWN",,"STRAIGHT AND LEVEL","UNKNOWN","UNKNOWN","NOT ON SCENE (DESK REPORT)","NO INJURY / DRIVE AWAY",,,,"OVER $1,500","2026-03-16T16:45:00.000","UNABLE TO DETERMINE","UNABLE TO DETERMINE","5300","S","HAMLIN AVE","822",,,,,,,"2","NO INDICATION OF INJURY","0","0","0","0","0","2","0","7","2","3","41.7968614351","-87.7185067374","POINT (-87.71850673743 41.796861435097)"
"808561ae6c5879806fbe9b15102834f557d50d4a51d7340d76ed0a3f83d618e491b4400c84906b4dadcbe19dbe2145aa5d8bd9b8479f6b3bcebbf90d9bd043a9",,"2026-03-16T07:50:00.000","30","TRAFFIC SIGNAL","UNKNOWN","SNOW","DAYLIGHT","REAR END","FOUR WAY",,"STRAIGHT AND LEVEL","SNOW OR SLUSH","UNKNOWN","ON SCENE","NO INJURY / DRIVE AWAY","Y",,,"OVER $1,500","2026-03-16T08:15:00.000","UNABLE TO DETERMINE","UNABLE TO DETERMINE","1000","E","111TH ST","513",,,,,,,"2","NO INDICATION OF INJURY","0","0","0","0","0","2","0","7","2","3","41.6926275636","-87.5987625633","POINT (-87.598762563332 41.692627563603)"
"96cd7614017120a0abe6017a26a9bcd4a446a50aaa5bff6acd48104b10366063eeacffe11185db549e9e35639f61c69c385511c63a59b2b3b0446d076a543bf0",,"2026-03-16T07:50:00.000","30","STOP SIGN/FLASHER","FUNCTIONING PROPERLY","SNOW","DAYLIGHT","REAR END","ONE-WAY",,"STRAIGHT AND LEVEL","SNOW OR SLUSH","NO DEFECTS","NOT ON SCENE (DESK REPORT)","NO INJURY / DRIVE AWAY",,,,"OVER $1,500","2026-03-16T10:10:00.000","FOLLOWING TOO CLOSELY","UNABLE TO DETERMINE","6365","S","LONG AVE","813",,,,,,,"2","NO INDICATION OF INJURY","0","0","0","0","0","2","0","7","2","3","41.776379771","-87.7566533649","POINT (-87.756653364855 41.776379771047)"
"b7569b14e8d283ad8f1af721ed992686c5a80b85bbc61bd346c0683e67f0c1809cce8ae8d245c73ef6d3c8f7b4c75022cacd14ad852e660b1bdd064d53d21285",,"2026-03-16T07:50:00.000","30","TRAFFIC SIGNAL","FUNCTIONING PROPERLY","SNOW","DAYLIGHT","ANGLE","FOUR WAY",,"STRAIGHT AND LEVEL","SNOW OR SLUSH","UNKNOWN","NOT ON SCENE (DESK REPORT)","NO INJURY / DRIVE AWAY","Y",,,"OVER $1,500","2026-03-16T08:15:00.000","UNABLE TO DETERMINE","UNABLE TO DETERMINE","2602","S","KOSTNER AVE","1031",,,,,,,"2","NO INDICATION OF INJURY","0","0","0","0","0","2","0","7","2","3","41.8439681093","-87.7344245521","POINT (-87.734424552052 41.843968109259)"
"d135c84d4cd6a55b1341be112ab79ee2d038e61f96910cffc319f95c1a45ab0194127f7ece3054df255be673c593fbabc0b8313e0f3ae40721bbd9ca8f2895e3",,"2026-03-16T07:50:00.000","30","NO CONTROLS","NO CONTROLS","SNOW","DAYLIGHT","REAR END","ONE-WAY",,"STRAIGHT AND LEVEL","WET","NO DEFECTS","NOT ON SCENE (DESK REPORT)","NO INJURY / DRIVE AWAY",,,,"OVER $1,500","2026-03-16T08:28:00.000","UNABLE TO DETERMINE","UNABLE TO DETERMINE","5903","S","SACRAMENTO AVE","824",,,,,,,"2","NO INDICATION OF INJURY","0","0","0","0","0","2","0","7","2","3","41.7861825564","-87.6983198112","POINT (-87.698319811153 41.78618255644)"
"d5332530f6f09bef5252911d63521dfdda34cc634295423e73c7ecd235c082f9ad813a2a9f029d89f69eeadf5656a7d1104acb37389fd4e2eb3701affce2fbe8","Y","2026-03-16T07:50:00.000","30","UNKNOWN","UNKNOWN","UNKNOWN","UNKNOWN","PARKED MOTOR VEHICLE","DIVIDED - W/MEDIAN (NOT RAISED)",,"STRAIGHT AND LEVEL","UNKNOWN","UNKNOWN","NOT ON SCENE (DESK REPORT)","NO INJURY / DRIVE AWAY",,,"Y","$501 - $1,500","2026-03-16T22:45:00.000","DRIVING SKILLS/KNOWLEDGE/EXPERIENCE","UNABLE TO DETERMINE","486","W","HURON ST","1831",,,,,,,"2","NO INDICATION OF INJURY","0","0","0","0","0","1","0","7","2","3","41.8948109895","-87.6414119785","POINT (-87.641411978498 41.894810989488)"
"f3effec5cab16fdc2fe1671146d266a8d95d7fabb083d3f8e1132488cce1fe1f0e7ecef954e319355c8a0fba81b5385792a500bc4c20f688780e6a4457e12081",,"2026-03-16T07:50:00.000","30","TRAFFIC SIGNAL","FUNCTIONING PROPERLY","SNOW","UNKNOWN","TURNING","NOT DIVIDED",,"STRAIGHT AND LEVEL","SNOW OR SLUSH","UNKNOWN","NOT ON SCENE (DESK REPORT)","NO INJURY / DRIVE AWAY","Y",,"Y","$501 - $1,500","2026-03-16T08:20:00.000","UNABLE TO DETERMINE","NOT APPLICABLE","5998","W","61ST ST","812",,,,,,,"2","NO INDICATION OF INJURY","0","0","0","0","0","4","0","7","2","3","41.7816437286","-87.7715776165","POINT (-87.771577616497 41.78164372856)"
"62ba760b51b8997815afb737954c6bf2cb309a0ed519eb5aed8aa641a303f5a52e21e7d0103305b4e1c1de9bc329cb2b8d5edbc387e84448921140351d50f6a9",,"2026-03-16T07:47:00.000","30","NO CONTROLS","NO CONTROLS","SNOW","DAYLIGHT","SIDESWIPE SAME DIRECTION","ONE-WAY",,"STRAIGHT AND LEVEL","SNOW OR SLUSH","UNKNOWN","ON SCENE","INJURY AND / OR TOW DUE TO CRASH",,,,"OVER $1,500","2026-03-16T07:50:00.000","UNABLE TO DETERMINE","UNABLE TO DETERMINE","11700","S","MARSHFIELD AVE","2234",,,,,,,"3","NONINCAPACITATING INJURY","1","0","0","1","0","2","0","7","2","3","41.6812752395","-87.6626173481","POINT (-87.662617348136 41.681275239495)"
"9c3542d6095ebc1882b101c614b7167ef73d379924d398ea5a2f14e87f031b7dcfa5602b8ec5a768be6feafba578c19b2e74726753d0b9a98ed5997227f31cd1",,"2026-03-16T07:47:00.000","30","NO CONTROLS","NO CONTROLS","FREEZING RAIN/DRIZZLE","DAYLIGHT","REAR END","DIVIDED - W/MEDIAN BARRIER",,"STRAIGHT AND LEVEL","ICE","NO DEFECTS","ON SCENE","INJURY AND / OR TOW DUE TO CRASH",,,,"OVER $1,500","2026-03-16T07:48:00.000","WEATHER","EVASIVE ACTION DUE TO ANIMAL, OBJECT, NONMOTORIST","600","W","95TH ST","2223",,"N",,,,,"2","INCAPACITATING INJURY","1","0","1","0","0","1","0","7","2","3","41.7216333026","-87.6384241701","POINT (-87.638424170134 41.721633302611)"
"dd290f82d1ef58de0ac554c3d41b24d294ff6ef9abdbee88be89921a76fd9a865a360260e229bc3968de7284868345db9ff124c5529d06115c8adfa752bbcb2f",,"2026-03-16T07:46:00.000","35","NO CONTROLS","UNKNOWN","FREEZING RAIN/DRIZZLE","DAYLIGHT","REAR END","RAMP",,"STRAIGHT ON GRADE","WET","NO DEFECTS","ON SCENE","NO INJURY / DRIVE AWAY","N",,"Y","$501 - $1,500","2026-03-16T07:46:00.000","EVASIVE ACTION DUE TO ANIMAL, OBJECT, NONMOTORIST","WEATHER","817","W","99TH ST","2232",,"N",,,,,"2","NO INDICATION OF INJURY","0","0","0","0","0","4","0","7","2","3","41.7140958737","-87.6437447949","POINT (-87.643744794897 41.714095873721)"
"0a67ff2f0a14721546904ddfb907f2bbfb91b58d0ef4986381e3e6c887a4eb107a956cfd27de47bf72278ef141912e3672e9251fb742d5e7ec98f5d680d29faf",,"2026-03-16T07:45:00.000","35","STOP SIGN/FLASHER","FUNCTIONING PROPERLY","SLEET/HAIL","DAYLIGHT","REAR END","NOT DIVIDED",,"STRAIGHT AND LEVEL","DRY","NO DEFECTS","NOT ON SCENE (DESK REPORT)","NO INJURY / DRIVE AWAY",,,,"OVER $1,500","2026-03-16T08:45:00.000","WEATHER","NOT APPLICABLE","7505","W","ADDISON ST","1631",,,,,,,"2","NO INDICATION OF INJURY","0","0","0","0","0","4","0","7","2","3","41.9450066389","-87.814563157","POINT (-87.814563156977 41.945006638916)"
"5458fd384f57bedcd8b519c9f16f8f8645d1bfb826d3b08cba03253cc811a17aa3529bf5e616ac9d0c4c8cabcb97e3742fcd5402b36a8ebb8584620566332f88",,"2026-03-16T07:45:00.000","30","TRAFFIC SIGNAL","FUNCTIONING PROPERLY","SNOW","DAWN","REAR END","DIVIDED - W/MEDIAN BARRIER",,"STRAIGHT AND LEVEL","SNOW OR SLUSH","NO DEFECTS","NOT ON SCENE (DESK REPORT)","NO INJURY / DRIVE AWAY","Y",,,"OVER $1,500","2026-03-16T10:30:00.000","UNABLE TO DETERMINE","HAD BEEN DRINKING (USE WHEN ARREST IS NOT MADE)","1201","S","COLUMBUS DR","132",,,,,,,"2","NO INDICATION OF INJURY","0","0","0","0","0","2","0","7","2","3","41.8674707758","-87.6202190599","POINT (-87.620219059938 41.867470775841)"
"889f131ee40ea19302ea708df66daa91e160d0d64526e48dfa3c2ba1926edf5006a9246734be2bc2cb67ca4b46ee0c6ab251ca236cc2aab70bc09e1a8eeb5e44",,"2026-03-16T07:45:00.000","30","TRAFFIC SIGNAL","FUNCTIONING PROPERLY","CLOUDY/OVERCAST","DAYLIGHT","PEDESTRIAN","FOUR WAY",,"STRAIGHT AND LEVEL","WET","NO DEFECTS","ON SCENE","INJURY AND / OR TOW DUE TO CRASH","Y",,,"$500 OR LESS","2026-03-16T07:49:00.000","FAILING TO YIELD RIGHT-OF-WAY","DRIVING SKILLS/KNOWLEDGE/EXPERIENCE","5455","S","PULASKI RD","822",,,,,,,"2","NONINCAPACITATING INJURY","1","0","0","1","0","1","0","7","2","3","41.7934131652","-87.7230195015","POINT (-87.723019501533 41.793413165215)"
"fa8dea56ce2c443934a6f243a4365e82513834e546c1771f07df4e09dec4a1d5aa93a9bc8e23d3048220d660b179a8f6e9ace8b081a83b422a51920d7122fd49",,"2026-03-16T07:45:00.000","30","STOP SIGN/FLASHER","NO CONTROLS","CLEAR","DAYLIGHT","TURNING","NOT DIVIDED",,"STRAIGHT AND LEVEL","DRY","NO DEFECTS","NOT ON SCENE (DESK REPORT)","NO INJURY / DRIVE AWAY",,,,"$500 OR LESS","2026-03-16T17:43:00.000","UNABLE TO DETERMINE","NOT APPLICABLE","2007","S","WOLCOTT AVE","1234",,,,,,,"2","NO INDICATION OF INJURY","0","0","0","0","0","2","0","7","2","3","41.8547299213","-87.6733160475","POINT (-87.673316047461 41.854729921314)"
"6008b5f6e6bc85befe862d33b8fa6802593166cdb99078c46e7c0047362b1c57440e619ed1d25180834ebafdc2b9946eb61e57c3389e13399d30bd9c56a0629d",,"2026-03-16T07:43:00.000","30","NO CONTROLS","NO CONTROLS","SNOW","DAYLIGHT","ANGLE","NOT DIVIDED",,"STRAIGHT AND LEVEL","WET","NO DEFECTS","ON SCENE","INJURY AND / OR TOW DUE TO CRASH",,,,"$501 - $1,500","2026-03-16T07:44:00.000","VISION OBSCURED (SIGNS, TREE LIMBS, BUILDINGS, ETC.)","FAILING TO YIELD RIGHT-OF-WAY","226","S","ABERDEEN ST","1232",,,,,,,"2","NO INDICATION OF INJURY","0","0","0","0","0","2","0","7","2","3","41.8782393124","-87.654731593","POINT (-87.654731592975 41.87823931239)"
"ceb676134b6004f7b94047d612f3b60efe8fb32d8c6cf5fb376d809ca2eb4930afca08c34c4d78eb6d1deac9e9ce8fde48601a03ee2864ed5156cd25a811cff0",,"2026-03-16T07:43:00.000","30","STOP SIGN/FLASHER","FUNCTIONING PROPERLY","SNOW","DAYLIGHT","TURNING","NOT DIVIDED",,"STRAIGHT AND LEVEL","SNOW OR SLUSH","NO DEFECTS","NOT ON SCENE (DESK REPORT)","NO INJURY / DRIVE AWAY","Y",,,"OVER $1,500","2026-03-16T19:00:00.000","FAILING TO YIELD RIGHT-OF-WAY","NOT APPLICABLE","5800","W","HIGGINS AVE","1622",,,,,,,"2","NO INDICATION OF INJURY","0","0","0","0","0","2","0","7","2","3","41.9720106529","-87.7734180109","POINT (-87.773418010902 41.97201065295)"
"e7e3fb47fbf5354c58495859663099180152a7b7455cb49b5e20f3b05457f1010cba7e3ccc41608ce135e135def80f7abf5445756d568a30df0d200950053624",,"2026-03-16T07:40:00.000","20","NO CONTROLS","NO CONTROLS","SNOW","DAYLIGHT","REAR END","NOT DIVIDED",,"STRAIGHT AND LEVEL","ICE","NO DEFECTS","ON SCENE","NO INJURY / DRIVE AWAY",,,,"$501 - $1,500","2026-03-16T07:43:00.000","FOLLOWING TOO CLOSELY","WEATHER","6545","W","HURLBUT ST","1612",,,,,,,"2","NO INDICATION OF INJURY","0","0","0","0","0","3","0","7","2","3","41.985552075","-87.7917053968","POINT (-87.791705396789 41.985552074988)"
"4fb589f6d5c3840cc720dcf0a4ec5848b292b0cd262618f8fcb6269685416c6f7ce9adadbba4f8532d05c40cb25877085a8857f7b5d8a69411c3d8b26fc1b6ac",,"2026-03-16T07:35:00.000","30","NO CONTROLS","NO CONTROLS","CLEAR","DAYLIGHT","TURNING","NOT DIVIDED",,"STRAIGHT AND LEVEL","SNOW OR SLUSH","NO DEFECTS","NOT ON SCENE (DESK REPORT)","NO INJURY / DRIVE AWAY",,,"Y","$501 - $1,500","2026-03-16T17:07:00.000","UNABLE TO DETERMINE","NOT APPLICABLE","4015","W","BELMONT AVE","2523",,,,,,,"2","NO INDICATION OF INJURY","0","0","0","0","0","3","0","7","2","3","41.9389770195","-87.7278393865","POINT (-87.727839386506 41.938977019462)"
"02fdeca95e5d5d1cb1ba951d9d0b4c37e475f5be864453c11a71a6d16f490e009ba282e9d8c35e4bf60b5d02acaf53b0b47b404fb1923ede28850c97c4c1df64",,"2026-03-16T07:30:00.000","30","NO CONTROLS","NO CONTROLS","SNOW","DAYLIGHT","ANGLE","NOT DIVIDED",,"STRAIGHT AND LEVEL","SNOW OR SLUSH","NO DEFECTS","ON SCENE","NO INJURY / DRIVE AWAY",,,,"OVER $1,500","2026-03-16T07:35:00.000","WEATHER","UNABLE TO DETERMINE","730","W","FULLERTON AVE","1935",,,,,,,"2","NO INDICATION OF INJURY","0","0","0","0","0","2","0","7","2","3","41.9255821803","-87.6475257359","POINT (-87.647525735915 41.925582180342)"
"1b68e6fc9a4222409a0c4625ca98704728fd7b858859271244615f30b16aed3525c30e32464cbfa66a1f1b58ee3b7905dc391e09af17bfbf2c0f94f3ede73dfe",,"2026-03-16T07:30:00.000","30","STOP SIGN/FLASHER","FUNCTIONING PROPERLY","SNOW","DAYLIGHT","REAR END","NOT DIVIDED",,"STRAIGHT AND LEVEL","SNOW OR SLUSH","NO DEFECTS","NOT ON SCENE (DESK REPORT)","NO INJURY / DRIVE AWAY","Y",,,"$501 - $1,500","2026-03-16T09:30:00.000","WEATHER","UNABLE TO DETERMINE","1933","N","MARCEY ST","1811",,,,,,,"2","NO INDICATION OF INJURY","0","0","0","0","0","3","0","7","2","3","41.9169779086","-87.6586964416","POINT (-87.658696441608 41.916977908636)"
"82ae3bd327d9b1f7b8bb71177d58e500b8acb166da49ab514569c05f166675bd3ae42e0a23412375f742d4d3ecac32636df95a46eb8d044ae9e5a40f721d21d8",,"2026-03-16T07:30:00.000","20","NO CONTROLS","NO CONTROLS","SNOW","DAYLIGHT","SIDESWIPE SAME DIRECTION","ONE-WAY",,"STRAIGHT AND LEVEL","SNOW OR SLUSH","NO DEFECTS","NOT ON SCENE (DESK REPORT)","NO INJURY / DRIVE AWAY",,,,"OVER $1,500","2026-03-16T08:40:00.000","FAILING TO YIELD RIGHT-OF-WAY","FAILING TO YIELD RIGHT-OF-WAY","1110","N","HARDING AVE","1112",,,,,,,"2","NO INDICATION OF INJURY","0","0","0","0","0","2","0","7","2","3","41.9012304427","-87.7251851661","POINT (-87.725185166143 41.901230442738)"
"b6d9f760daea398a5fc36ca8de7cbbbc5b4c1759780e3f9a6bad79770382b13752ba5d7af41687e2f6e7eab4eee4e8d602f0770aecb260d3cec9f246ae05d28d",,"2026-03-16T07:30:00.000","30","NO CONTROLS","NO CONTROLS","SNOW","DAYLIGHT","TURNING","NOT DIVIDED",,"STRAIGHT AND LEVEL","SNOW OR SLUSH","NO DEFECTS","NOT ON SCENE (DESK REPORT)","NO INJURY / DRIVE AWAY",,,"Y","$501 - $1,500","2026-03-16T17:00:00.000","FOLLOWING TOO CLOSELY","FOLLOWING TOO CLOSELY","12000","S","DOTY AVE W","532",,,,,,,"2","NO INDICATION OF INJURY","0","0","0","0","0","2","0","7","2","3","41.6762288059","-87.6020911904","POINT (-87.602091190421 41.676228805885)"
"e8212ff0dacd577bf088d8462ec738e13426497875a3141a8caa484c9751b7d73b8c20c296e4636bbf0fcf98b268228d4181bb79c98a89d0572e1cf9325a7ddd",,"2026-03-16T07:30:00.000","30","TRAFFIC SIGNAL","FUNCTIONING PROPERLY","SNOW","DAYLIGHT","REAR END","FOUR WAY",,"STRAIGHT AND LEVEL","SNOW OR SLUSH","NO DEFECTS","NOT ON SCENE (DESK REPORT)","NO INJURY / DRIVE AWAY",,,,"OVER $1,500","2026-03-16T14:15:00.000","WEATHER","WEATHER","6301","S","HARLEM AVE","812",,,,,,,"2","NO INDICATION OF INJURY","0","0","0","0","0","2","0","7","2","3","41.7772617725","-87.8007496292","POINT (-87.800749629191 41.77726177253)"
"2087dcaeed7cff59cc2d29e25c07520ca919065a81a29aba27849ca0d597907c93919b92900562a689c2c24b3810cacc72ecaf43076a7b3cb00663e5969a5f37",,"2026-03-16T07:29:00.000","30","NO CONTROLS","NO CONTROLS","SNOW","DAYLIGHT","SIDESWIPE SAME DIRECTION","FOUR WAY",,"STRAIGHT AND LEVEL","SNOW OR SLUSH","NO DEFECTS","ON SCENE","NO INJURY / DRIVE AWAY",,,,"OVER $1,500","2026-03-16T08:15:00.000","UNABLE TO DETERMINE","NOT APPLICABLE","326","N","CENTRAL AVE","1512",,,,,,,"2","NO INDICATION OF INJURY","0","0","0","0","0","2","0","7","2","3","41.8865544985","-87.7652343029","POINT (-87.765234302914 41.886554498524)"
"bfa4fba08914a08ef21015df4eb610c3970b180be84908ee6392b3dc1815c73368a6cdd2d2492951c4d0b829f33687d7a6d033adb1229eb7b8b780191feccdd9",,"2026-03-16T07:29:00.000","30","NO CONTROLS","NO CONTROLS","SNOW","DAYLIGHT","TURNING","NOT DIVIDED",,"STRAIGHT AND LEVEL","WET","NO DEFECTS","ON SCENE","INJURY AND / OR TOW DUE TO CRASH",,,,"OVER $1,500","2026-03-16T07:40:00.000","FAILING TO YIELD RIGHT-OF-WAY","NOT APPLICABLE","2500","S","ASHLAND AVE","1034",,,,,,,"2","REPORTED, NOT EVIDENT","1","0","0","0","1","1","0","7","2","3","41.8465193212","-87.6660604842","POINT (-87.666060484215 41.846519321236)"
"9f402b9ae416c10528caf9b77176de0b45da94d13cc4c1d90f4e1402bb80fa7e465d209609b677f8af47630fe5f8b98fd03664cab3fe6dd4efb0033c4f694762",,"2026-03-16T07:28:00.000","30","TRAFFIC SIGNAL","FUNCTIONING PROPERLY","SNOW","UNKNOWN","REAR END","NOT DIVIDED",,"STRAIGHT AND LEVEL","SNOW OR SLUSH","UNKNOWN",,"NO INJURY / DRIVE AWAY","N",,"Y","$501 - $1,500","2026-03-16T09:08:00.000","UNABLE TO DETERMINE","NOT APPLICABLE","7198","W","63RD ST","812",,,,,,,"3","NO INDICATION OF INJURY","0","0","0","0","0","3","0","7","2","3","41.7774040875","-87.8008407376","POINT (-87.800840737555 41.777404087501)"
"947049924ba7a1b19353171430556b622453266853afa08aa58c9b5e532f1a6e0c0d669b86e12fdc65057bad0fb8cdaf92c09b32dc01cb78607208bf73839693",,"2026-03-16T07:25:00.000","30","NO CONTROLS","NO CONTROLS","CLEAR","DAYLIGHT","SIDESWIPE SAME DIRECTION","DIVIDED - W/MEDIAN (NOT RAISED)",,"STRAIGHT AND LEVEL","WET","UNKNOWN","ON SCENE","NO INJURY / DRIVE AWAY",,,,"$501 - $1,500","2026-03-16T07:33:00.000","FOLLOWING TOO CLOSELY","FOLLOWING TOO CLOSELY","4001","W","BELMONT AVE","2523",,,,,,,"2","NO INDICATION OF INJURY","0","0","0","0","0","2","0","7","2","3","41.9389842347","-87.7273064703","POINT (-87.727306470282 41.938984234726)"
"f877e09a6356b1257d08a6e44f9501a24f3ee1384280896df6617637295b373748b267395e8ad340c6bb08c50813605dc9919edc60f6070df5fc2e66af6da998",,"2026-03-16T07:25:00.000","30","NO CONTROLS","NO CONTROLS","SNOW","DAWN","OVERTURNED","NOT DIVIDED",,"STRAIGHT AND LEVEL","SNOW OR SLUSH","NO DEFECTS","ON SCENE","INJURY AND / OR TOW DUE TO CRASH",,,,"OVER $1,500","2026-03-16T07:25:00.000","WEATHER","DRIVING SKILLS/KNOWLEDGE/EXPERIENCE","11600","S","DOTY AVE E","532",,,,,,,"1","NO INDICATION OF INJURY","0","0","0","0","0","1","0","7","2","3","41.6826423178","-87.6015274233","POINT (-87.601527423252 41.682642317782)"
"07633b0dc174004817549e0658604c412ca249231f5d2f1383fd733228349a2e2e1f008e65ac593a5abf7d2314753f75985ba8b87ae8acb49fbdc1df968c1374",,"2026-03-16T07:24:00.000","30","TRAFFIC SIGNAL","FUNCTIONING PROPERLY","SNOW","DAYLIGHT","TURNING","NOT DIVIDED",,"STRAIGHT AND LEVEL","SNOW OR SLUSH","NO DEFECTS","NOT ON SCENE (DESK REPORT)","NO INJURY / DRIVE AWAY",,,,"$501 - $1,500","2026-03-16T09:30:00.000","FAILING TO YIELD RIGHT-OF-WAY","DISREGARDING TRAFFIC SIGNALS","7100","S","DAMEN AVE","735",,,,,,,"2","NO INDICATION OF INJURY","0","0","0","0","0","3","0","7","2","3","41.7647131874","-87.6736784893","POINT (-87.673678489303 41.764713187398)"
"fdb3464a9ea97eafd3ec9f0dfe2e6955cfe4909d990563e4dba385464c5f2e9cb52fbcb4851a0f9849f598497300a8a0b6c2293355a3da04b00c1ab6b0b7065c",,"2026-03-16T07:22:00.000","30","NO CONTROLS","NO CONTROLS","SNOW","DAYLIGHT","ANGLE","T-INTERSECTION",,"STRAIGHT AND LEVEL","SNOW OR SLUSH","UNKNOWN","NOT ON SCENE (DESK REPORT)","NO INJURY / DRIVE AWAY","Y",,,"OVER $1,500","2026-03-16T08:09:00.000","WEATHER","FAILING TO YIELD RIGHT-OF-WAY","3763","S","WABASH AVE","213",,,,,,,"2","NO INDICATION OF INJURY","0","0","0","0","0","2","0","7","2","3","41.8256063618","-87.6246985874","POINT (-87.624698587357 41.82560636175)"
"adc975ee3a28894b0500e1022107e55801903b6ae3680166783d4ecb5a388bc15e798b005d2634b313655dd99e417add39c859c6ca9359b9bb9e1ba605238d15",,"2026-03-16T07:15:00.000","30","TRAFFIC SIGNAL","FUNCTIONING PROPERLY","SNOW","DAYLIGHT","PARKED MOTOR VEHICLE","ONE-WAY",,"STRAIGHT AND LEVEL","SNOW OR SLUSH","UNKNOWN","ON SCENE","NO INJURY / DRIVE AWAY",,,,"OVER $1,500","2026-03-16T07:20:00.000","WEATHER","NOT APPLICABLE","3158","W","61ST ST","823",,,,,,,"2","NO INDICATION OF INJURY","0","0","0","0","0","1","0","7","2","3","41.7827174507","-87.7031856127","POINT (-87.703185612723 41.782717450676)"
"6e367bd7df6bbcb23faa5e8b522788cd847264e0b4cadd8cb7503455ae07082e2969fefc3e83ce3d84198450f4353f4b247e22478bfbff9ef44e499175bddb89","Y","2026-03-16T07:10:00.000","20","NO CONTROLS","NO CONTROLS","SNOW","DAYLIGHT","PARKED MOTOR VEHICLE","ONE-WAY",,"STRAIGHT AND LEVEL","SNOW OR SLUSH","NO DEFECTS","ON SCENE","NO INJURY / DRIVE AWAY",,,,"OVER $1,500","2026-03-16T07:19:00.000","FOLLOWING TOO CLOSELY","WEATHER","225","N","LOREL AVE","1523",,,,,,,"2","NO INDICATION OF INJURY","0","0","0","0","0","7","0","7","2","3","41.8851485539","-87.7587664818","POINT (-87.758766481847 41.885148553928)"