"crash_record_id","crash_date_est_i","crash_date","posted_speed_limit","traffic_control_device","device_condition","weather_condition","lighting_condition","first_crash_type","trafficway_type","lane_cnt","alignment","roadway_surface_cond","road_defect","report_type","crash_type","intersection_related_i","private_property_i","hit_and_run_i","damage","date_police_notified","prim_contributory_cause","sec_contributory_cause","street_no","street_direction","street_name","beat_of_occurrence","photos_taken_i","statements_taken_i","dooring_i","work_zone_i","work_zone_type","workers_present_i","num_units","most_severe_injury","injuries_total","injuries_fatal","injuries_incapacitating","injuries_non_incapacitating","injuries_reported_not_evident","injuries_no_indication","injuries_unknown","crash_hour","crash_day_of_week","crash_month","latitude","longitude","location"
"bab493941f605a082c150ba04c5fc74cd27ad026529ce009a2bff873e9342a05895c2bc0a073760ccb7ad6a4236ead9b58c5cf53f035d8362a1d21dcf54aad25",,"2026-03-16T07:10:00.000","30","TRAFFIC SIGNAL","FUNCTIONING PROPERLY","SNOW","DAYLIGHT","SIDESWIPE SAME DIRECTION","T-INTERSECTION",,"STRAIGHT AND LEVEL","SNOW OR SLUSH","NO DEFECTS","NOT ON SCENE (DESK REPORT)","NO INJURY / DRIVE AWAY","Y",,,"OVER $1,500","2026-03-16T07:29:00.000","UNABLE TO DETERMINE","UNABLE TO DETERMINE","3400","N","CICERO AVE","1634",,,,,,,"2","NO INDICATION OF INJURY","0","0","0","0","0","2","0","7","2","3","41.9425200062","-87.7471128212","POINT (-87.747112821184 41.942520006214)"
"96006b0ecefeb850694c5411c4013b625196a9c7f8cc23acfa26e5744b48cfdaeefa156a3d93f8f30c7fd02157bdce50e6eaa10a3ad50b7aaa2d609b24f1cc24",,"2026-03-16T07:06:00.000","30","TRAFFIC SIGNAL","FUNCTIONING PROPERLY","BLOWING SNOW","DAYLIGHT","TURNING","NOT DIVIDED",,"STRAIGHT AND LEVEL","SNOW OR SLUSH","UNKNOWN","ON SCENE","INJURY AND / OR TOW DUE TO CRASH",,,,"OVER $1,500","2026-03-16T07:07:00.000","NOT APPLICABLE","NOT APPLICABLE","3109","S","HALSTED ST","915",,,,,,,"2","INCAPACITATING INJURY","1","0","1","0","0","1","0","7","2","3","41.8377493307","-87.6461234704","POINT (-87.646123470422 41.837749330721)"
"2ebfd7340672480380bdbefe59825e41b238138bf6da0b9f4261c436aa7f73d96d25ceffc53d76078849280ac602ba49e218cfa310389feea2362db1f7b9a98f",,"2026-03-16T07:05:00.000","30","STOP SIGN/FLASHER","NO CONTROLS","CLEAR","DAYLIGHT","TURNING","DIVIDED - W/MEDIAN (NOT RAISED)",,"STRAIGHT AND LEVEL","SNOW OR SLUSH","NO DEFECTS","NOT ON SCENE (DESK REPORT)","NO INJURY / DRIVE AWAY","Y",,"Y","OVER $1,500","2026-03-16T21:30:00.000","IMPROPER OVERTAKING/PASSING","NOT APPLICABLE","6800","W","BYRON ST","1632",,,,,,,"2","NO INDICATION OF INJURY","0","0","0","0","0","2","0","7","2","3","41.9510339581","-87.7962668611","POINT (-87.796266861148 41.951033958109)"
"0965f61bf035493536c45132451a7e6d076f3d2bcd8438eb4f12384c6b727431478e415efe1c4bbec41e45fa953e1689a6534aa5d509b8cf261fe0a9c404d8ef",,"2026-03-16T07:00:00.000","30","TRAFFIC SIGNAL","NO CONTROLS","SNOW","DAYLIGHT","TURNING","DIVIDED - W/MEDIAN (NOT RAISED)",,"STRAIGHT AND LEVEL","SNOW OR SLUSH","NO DEFECTS","NOT ON SCENE (DESK REPORT)","NO INJURY / DRIVE AWAY",,,,"OVER $1,500","2026-03-16T16:40:00.000","FAILING TO YIELD RIGHT-OF-WAY","NOT APPLICABLE","1300","W","CERMAK RD","1235",,,,,,,"2","NO INDICATION OF INJURY","0","0","0","0","0","2","0","7","2","3","41.8525648519","-87.6587871455","POINT (-87.658787145504 41.852564851896)"
"8423e8bcdc625d7d9bec19334cdfd89233a4687bb3bb45085e7e8f81916a7de6322914e5dea920edbb37b0ec44bfa73c15d9be755b414ecd884831f0e666e5dc",,"2026-03-16T07:00:00.000","30","UNKNOWN","UNKNOWN","UNKNOWN","UNKNOWN","PARKED MOTOR VEHICLE","UNKNOWN",,"STRAIGHT AND LEVEL","UNKNOWN","UNKNOWN","NOT ON SCENE (DESK REPORT)","NO INJURY / DRIVE AWAY",,,,"OVER $1,500","2026-03-16T16:15:00.000","UNABLE TO DETERMINE","UNABLE TO DETERMINE","2400","S","WESTERN AVE","1034",,,,,,,"2","NO INDICATION OF INJURY","0","0","0","0","0","1","0","7","2","3","41.8483520422","-87.6856819345","POINT (-87.685681934492 41.848352042192)"
"94c0d0dff8597f05a6673d5751cdbe80cfe73d47f6d58cb4ea30a924cb70237d8241dabd7bea711cc56fe71e379c154203b248257564286be40dc055f185afa8",,"2026-03-16T07:00:00.000","30","NO CONTROLS","NO CONTROLS","SNOW","DAYLIGHT","REAR END","DIVIDED - W/MEDIAN (NOT RAISED)",,"STRAIGHT AND LEVEL","SNOW OR SLUSH","NO DEFECTS","NOT ON SCENE (DESK REPORT)","NO INJURY / DRIVE AWAY",,,,"$501 - $1,500","2026-03-16T07:25:00.000","FOLLOWING TOO CLOSELY","WEATHER","4945","N","CENTRAL AVE","1623",,,,,,,"2","NO INDICATION OF INJURY","0","0","0","0","0","2","0","7","2","3","41.970954314","-87.7674358962","POINT (-87.767435896211 41.970954313958)"
"bc8adbba72a2ef716b947f8d259a95b1868abf67e747c6fb9c87a0cf0b390f9572b68ef50d075a583aa3c55399c29fadd3a271915489bde74641458a04eff7df","Y","2026-03-16T07:00:00.000","30","NO CONTROLS","NO CONTROLS","UNKNOWN","UNKNOWN","PARKED MOTOR VEHICLE","NOT DIVIDED",,"STRAIGHT AND LEVEL","UNKNOWN","NO DEFECTS","ON SCENE","NO INJURY / DRIVE AWAY",,,"Y","OVER $1,500","2026-03-16T07:57:00.000","UNABLE TO DETERMINE","NOT APPLICABLE","2024","E","73RD ST","333",,,,,,,"2","NO INDICATION OF INJURY","0","0","0","0","0","1","0","7","2","3","41.7626370592","-87.5752335117","POINT (-87.575233511654 41.762637059206)"
"21881ad2e216fd68eefc30816e4d6f027a5ea8b2ba166b665dc9d3aa4e2633a408d58c5ef9960f1021bd11b9cd8cdab3288ed8431f83180c935a5aae31b910d1",,"2026-03-16T06:46:00.000","30","TRAFFIC SIGNAL","FUNCTIONING PROPERLY","SNOW","DARKNESS, LIGHTED ROAD","REAR END","NOT DIVIDED",,"STRAIGHT AND LEVEL","WET","NO DEFECTS","NOT ON SCENE (DESK REPORT)","NO INJURY / DRIVE AWAY",,,,"$501 - $1,500","2026-03-16T17:30:00.000","FOLLOWING TOO CLOSELY","NOT APPLICABLE","9500","S","HALSTED ST","2223",,,,,,,"2","NO INDICATION OF INJURY","0","0","0","0","0","2","0","6","2","3","41.7213650608","-87.6433580423","POINT (-87.643358042341 41.721365060783)"
"2bd661e2d5a9135bc361180953cdad5218a821e93ccdf7b30353f2b5476fc4dffea019480cf3a1755bb46a6aa0a698f49724359ad7a230d5ce148548c52d42da",,"2026-03-16T06:45:00.000","30","STOP SIGN/FLASHER","FUNCTIONING PROPERLY","SNOW","DAYLIGHT","TURNING","NOT DIVIDED",,"STRAIGHT AND LEVEL","SNOW OR SLUSH","NO DEFECTS","NOT ON SCENE (DESK REPORT)","NO INJURY / DRIVE AWAY",,,,"OVER $1,500","2026-03-16T07:32:00.000","FAILING TO YIELD RIGHT-OF-WAY","UNABLE TO DETERMINE","7600","S","WENTWORTH AVE","623",,,,,,,"2","NO INDICATION OF INJURY","0","0","0","0","0","2","0","6","2","3","41.7563102554","-87.6297373276","POINT (-87.629737327639 41.756310255415)"
"458787179d7c97ad107f8d39a839323e9f7c158f9c58b880dddac0cc0911bf143dfec3226bac534c5e6af25687089efaf794ee6af2e65d8993328e70387adbaa",,"2026-03-16T06:40:00.000","30","NO CONTROLS","NO CONTROLS","SNOW","DAYLIGHT","REAR END","NOT DIVIDED",,"STRAIGHT AND LEVEL","SNOW OR SLUSH","NO DEFECTS","NOT ON SCENE (DESK REPORT)","NO INJURY / DRIVE AWAY",,,,"$501 - $1,500","2026-03-16T07:30:00.000","UNABLE TO DETERMINE","UNABLE TO DETERMINE","3401","W","FOSTER AVE","1712",,,,,,,"2","NO INDICATION OF INJURY","0","0","0","0","0","2","0","6","2","3","41.9755788166","-87.7136131451","POINT (-87.713613145127 41.97557881656)"
"3d334e04807c109f342af9c1b8e722473957f7cb4205d98b89fa2f6a15a46e88df309727709fd8d61a869c29e1cbe3bffbbd175d4645cbb52604628c9e1cf474",,"2026-03-16T06:30:00.000","30","NO CONTROLS","NO CONTROLS","SNOW","DAWN","PARKED MOTOR VEHICLE","NOT DIVIDED",,"STRAIGHT ON GRADE","SNOW OR SLUSH","NO DEFECTS","ON SCENE","INJURY AND / OR TOW DUE TO CRASH",,,,"OVER $1,500","2026-03-16T06:36:00.000","WEATHER","IMPROPER LANE USAGE","826","W","47TH ST","925",,,,,,,"2","REPORTED, NOT EVIDENT","1","0","0","0","1","1","0","6","2","3","41.8089624355","-87.6466372926","POINT (-87.646637292645 41.808962435454)"
"5aaf204317251a8edbc43f729ad2bc04a00ddfde7256d1fe2c26480859772b9778628b10c129bf3e3009dedb78e96c5e172e5f1d97541f4f87afa38e1a7b4f48",,"2026-03-16T06:30:00.000","30","NO CONTROLS","NO CONTROLS","SNOW","DAYLIGHT","PARKED MOTOR VEHICLE","NOT DIVIDED",,"STRAIGHT AND LEVEL","SNOW OR SLUSH","NO DEFECTS","NOT ON SCENE (DESK REPORT)","NO INJURY / DRIVE AWAY",,,"Y","OVER $1,500","2026-03-16T10:50:00.000","FAILING TO REDUCE SPEED TO AVOID CRASH","FAILING TO REDUCE SPEED TO AVOID CRASH","2920","W","MARQUETTE RD","831",,,,,,,"2","NO INDICATION OF INJURY","0","0","0","0","0","1","0","6","2","3","41.7718814351","-87.6966253351","POINT (-87.696625335114 41.771881435109)"
"0acb002a4efcc0e13d6c0ed365d15e594e569be220ee313e558bb32d267baeb88bf37fdb7ffb4bff4c393c678579c53951b670ad3b33ca7a917a11c4f4395bc3",,"2026-03-16T06:20:00.000","30","NO CONTROLS","NO CONTROLS","SNOW","DAWN","PARKED MOTOR VEHICLE","NOT DIVIDED",,"STRAIGHT AND LEVEL","SNOW OR SLUSH","NO DEFECTS","NOT ON SCENE (DESK REPORT)","NO INJURY / DRIVE AWAY",,,,"$501 - $1,500","2026-03-16T15:40:00.000","WEATHER","WEATHER","4752","N","MENARD AVE","1622",,,,,,,"2","NO INDICATION OF INJURY","0","0","0","0","0","1","0","6","2","3","41.9674950414","-87.7725078799","POINT (-87.772507879907 41.967495041386)"
"38e6241d6975161896dc9ff0714222fd7f623c80539cf6b3799c4c2ee8d0f55927a1cac841cbb8b0404eb72e155b4436ec37e006b86c1dfe9721bddf5492edc4",,"2026-03-16T06:19:00.000","30","STOP SIGN/FLASHER","FUNCTIONING PROPERLY","SNOW","DARKNESS, LIGHTED ROAD","REAR END","DIVIDED - W/MEDIAN (NOT RAISED)",,"STRAIGHT AND LEVEL","ICE","NO DEFECTS","ON SCENE","NO INJURY / DRIVE AWAY",,,,"$501 - $1,500","2026-03-16T06:25:00.000","WEATHER","WEATHER","7452","W","ADDISON ST","1631",,,,,,,"2","NO INDICATION OF INJURY","0","0","0","0","0","2","0","6","2","3","41.9452386811","-87.8138866278","POINT (-87.813886627826 41.945238681145)"
"367557da39025c3a00e28c5f4a1bc1d5823a4c9c7d4595a421325b9bf8d81bde922457f728785d26c840b9751e438b75a7ac5a93528d4f51d684abaf1f9875e3",,"2026-03-16T06:14:00.000","30","NO CONTROLS","NO CONTROLS","SNOW","DARKNESS, LIGHTED ROAD","FIXED OBJECT","NOT DIVIDED",,"STRAIGHT AND LEVEL","SNOW OR SLUSH","UNKNOWN","ON SCENE","INJURY AND / OR TOW DUE TO CRASH",,,,"OVER $1,500","2026-03-16T06:19:00.000","WEATHER","WEATHER","4034","N","NARRAGANSETT AVE","1632",,,,,,,"1","NO INDICATION OF INJURY","0","0","0","0","0","1","0","6","2","3","41.9540244846","-87.7867422891","POINT (-87.786742289074 41.954024484636)"
"16633142634c050b114c9818eb66797015c8afe448b21cea7c6d460e2d75c907f88fa3eb6d1fa3c80d9899cc9602428c69b669fe2ed912df40d87db4f220cc97","N","2026-03-16T06:10:00.000","30","TRAFFIC SIGNAL","FUNCTIONING PROPERLY","SLEET/HAIL","DAYLIGHT","TURNING","NOT DIVIDED",,"STRAIGHT AND LEVEL","SNOW OR SLUSH","NO DEFECTS","ON SCENE","INJURY AND / OR TOW DUE TO CRASH","Y",,,"OVER $1,500","2026-03-16T06:15:00.000","FAILING TO YIELD RIGHT-OF-WAY","DRIVING SKILLS/KNOWLEDGE/EXPERIENCE","6700","S","PULASKI RD","833",,,,,,,"2","NONINCAPACITATING INJURY","1","0","0","1","0","1","0","6","2","3","41.7713258652","-87.7227213773","POINT (-87.722721377294 41.771325865209)"
"2e084a07ff73f7276a9565e940935778653aa38fe8e5bf3a57c91a699855554119c5e0d7044555b9a1e41cfee9047eae27573c633125babc819606f09d96decf",,"2026-03-16T06:03:00.000","25","NO CONTROLS","NO CONTROLS","SNOW","DARKNESS, LIGHTED ROAD","FIXED OBJECT","NOT DIVIDED",,"STRAIGHT AND LEVEL","SNOW OR SLUSH","NO DEFECTS","ON SCENE","INJURY AND / OR TOW DUE TO CRASH",,,"N","OVER $1,500","2026-03-16T06:03:00.000","UNABLE TO DETERMINE","UNABLE TO DETERMINE","2924","N","MILWAUKEE AVE","1412",,,,,,,"1","NO INDICATION OF INJURY","0","0","0","0","0","1","0","6","2","3","41.9342621315","-87.7161499069","POINT (-87.716149906936 41.934262131547)"
"357d5a787daaf0209e869ea1a66bf57aea8d26a68ab80666aaa1a7ff7f5ea3bc683a87926400f2d3ddc871b75b11412317a1209a940b712eab00e728061138a7",,"2026-03-16T06:00:00.000","5","NO CONTROLS","NO CONTROLS","UNKNOWN","UNKNOWN","FIXED OBJECT","OTHER",,"STRAIGHT AND LEVEL","UNKNOWN","UNKNOWN","ON SCENE","NO INJURY / DRIVE AWAY","Y","Y","Y","OVER $1,500","2026-03-16T08:21:00.000","UNABLE TO DETERMINE","UNABLE TO DETERMINE","7601","S","STATE ST","623",,"Y",,,,,"1","NO INDICATION OF INJURY","0","0","0","0","0","1","0","6","2","3","41.7564030926","-87.6245765157","POINT (-87.624576515698 41.756403092616)"
"aa7b1b959e560f211619f1cbbc8023a6c0199581b69ccc5081fe7adb0ccf2512bffa3abec3bf8f83949fe5cd7acd3d40bfae39b51d0db786094ddfe0449e34cb",,"2026-03-16T05:56:00.000","10","NO CONTROLS","NO CONTROLS","SNOW","DAYLIGHT","PARKED MOTOR VEHICLE","PARKING LOT",,"STRAIGHT AND LEVEL","SNOW OR SLUSH","NO DEFECTS","ON SCENE","NO INJURY / DRIVE AWAY",,,,"$501 - $1,500","2026-03-16T05:56:00.000","WEATHER","UNABLE TO DETERMINE","1528","E","55TH ST","234",,,,,,,"2","NO INDICATION OF INJURY","0","0","0","0","0","1","0","5","2","3","41.7953009591","-87.5881970893","POINT (-87.588197089281 41.795300959087)"
"6b128490ccaa6611fae3cce7b97def7c840bfe06f6cd471539fe1343aa3f22b4e6d4a5ce82b1fb9d29f18af685bd1365e90d6fa91e5fc4965165b9c5c09aa061",,"2026-03-16T05:30:00.000","30","NO CONTROLS","NO CONTROLS","FREEZING RAIN/DRIZZLE","DARKNESS, LIGHTED ROAD","REAR END","NOT DIVIDED",,"STRAIGHT AND LEVEL","SNOW OR SLUSH","NO DEFECTS","NOT ON SCENE (DESK REPORT)","NO INJURY / DRIVE AWAY","N",,,"OVER $1,500","2026-03-16T06:00:00.000","FOLLOWING TOO CLOSELY","FOLLOWING TOO CLOSELY","1657","W","103RD ST","2212",,,,,,,"2","NO INDICATION OF INJURY","0","0","0","0","0","2","0","5","2","3","41.7065525615","-87.6642618764","POINT (-87.66426187642 41.706552561516)"
"79f64a6c4a00ad0a44ca92b551dd7709d0fc5855bedf728ec3c69fbbaab15c6de3b850e02bc33d91e5f9b2a6730f64f31660c0afb4f977abb788b73abd086461",,"2026-03-16T05:30:00.000","35","TRAFFIC SIGNAL","FUNCTIONING PROPERLY","SNOW","DARKNESS, LIGHTED ROAD","PEDESTRIAN","NOT DIVIDED",,"STRAIGHT AND LEVEL","SNOW OR SLUSH","NO DEFECTS","ON SCENE","INJURY AND / OR TOW DUE TO CRASH","Y",,,"$500 OR LESS","2026-03-16T07:34:00.000","UNABLE TO DETERMINE","NOT APPLICABLE","1601","N","PULASKI RD","2535",,,,,,,"2","NONINCAPACITATING INJURY","1","0","0","1","0","1","0","5","2","3","41.9099803463","-87.7261867127","POINT (-87.726186712679 41.909980346264)"
"84106a32f1ab39ea3ec2e33ad33b46fc92897c71873585917a1436f5f8ecee093b066ef5a6e90c7d7fb3a976cb7ec961abd146bd3bb0dbbd5a7b60376f38fccc",,"2026-03-16T05:00:00.000","30","STOP SIGN/FLASHER","FUNCTIONING PROPERLY","SNOW","DAWN","TURNING","T-INTERSECTION",,"STRAIGHT AND LEVEL","SNOW OR SLUSH","NO DEFECTS",,"NO INJURY / DRIVE AWAY","Y",,,"OVER $1,500","2026-03-16T05:35:00.000","WEATHER","WEATHER","3032","W","MARQUETTE RD","831",,,,,,,"2","NO INDICATION OF INJURY","0","0","0","0","0","2","0","5","2","3","41.7718350264","-87.6993481143","POINT (-87.6993481143 41.771835026424)"
"a4b5e00fc140efe92f301ff34a0802eeb86618c8a8723cf3fc16de155eb38556b434387e5f64eb80858349cda99dcf317080c35715efeaca21963d2b70df7779",,"2026-03-16T04:43:00.000","25","NO CONTROLS","NO CONTROLS","SNOW","DARKNESS, LIGHTED ROAD","FIXED OBJECT","DIVIDED - W/MEDIAN BARRIER",,"STRAIGHT AND LEVEL","SNOW OR SLUSH","UNKNOWN","ON SCENE","INJURY AND / OR TOW DUE TO CRASH",,,"Y","OVER $1,500","2026-03-16T04:47:00.000","DRIVING SKILLS/KNOWLEDGE/EXPERIENCE","FAILING TO REDUCE SPEED TO AVOID CRASH","1801","S","BURNHAM HARBOR DR","132",,,,,,,"1","NO INDICATION OF INJURY","0","0","0","0","0","1","0","4","2","3","41.8582889871","-87.614341893","POINT (-87.614341893035 41.858288987094)"
"35e8c24b0c6351fdd5df0888367b527ef8d4145365cb3aa74760fb1ef1303542854156a5f1da840c8e318e120e59e4930cd5ae3e0f6c118d30c4b4e870e5739a",,"2026-03-16T04:41:00.000","30","TRAFFIC SIGNAL","FUNCTIONING PROPERLY","SLEET/HAIL","DARKNESS, LIGHTED ROAD","ANGLE","DIVIDED - W/MEDIAN (NOT RAISED)",,"STRAIGHT AND LEVEL","SNOW OR SLUSH","UNKNOWN","ON SCENE","INJURY AND / OR TOW DUE TO CRASH","Y",,,"OVER $1,500","2026-03-16T04:45:00.000","WEATHER","DISREGARDING TRAFFIC SIGNALS","2401","N","PULASKI RD","2524",,,,,,,"2","NO INDICATION OF INJURY","0","0","0","0","0","3","0","4","2","3","41.9245790133","-87.7266252737","POINT (-87.726625273701 41.924579013311)"
"a92f3cfb634222b14c9304bd6092cf6c5d45a0956469a715cedd969c1eebda0c81f45bffadcf581d36b769da66fb64372760c6b766062c94d7e56b1a07bde30e",,"2026-03-16T04:20:00.000","30","NO CONTROLS","UNKNOWN","SNOW","DARKNESS, LIGHTED ROAD","REAR END","NOT DIVIDED",,"STRAIGHT AND LEVEL","SNOW OR SLUSH","NO DEFECTS","ON SCENE","NO INJURY / DRIVE AWAY",,,,"OVER $1,500","2026-03-16T04:20:00.000","FOLLOWING TOO CLOSELY","WEATHER","2200","S","CALIFORNIA AVE","1033",,,,,,,"2","NO INDICATION OF INJURY","0","0","0","0","0","2","0","4","2","3","41.8518543059","-87.6955913949","POINT (-87.695591394946 41.851854305869)"
"9db691b8a4a68b7630f57f676830bbe10f4951b4ee89327526ccc00ecdd7e9e520157e1d20aa7d34144c078bf31485db224d006b636d1e2cd68da73b7333cc99",,"2026-03-16T03:22:00.000","30","TRAFFIC SIGNAL","FUNCTIONING PROPERLY","SLEET/HAIL","DARKNESS, LIGHTED ROAD","TURNING","DIVIDED - W/MEDIAN BARRIER",,"STRAIGHT AND LEVEL","WET","NO DEFECTS","ON SCENE","INJURY AND / OR TOW DUE TO CRASH","Y",,,"OVER $1,500","2026-03-16T03:30:00.000","UNABLE TO DETERMINE","UNABLE TO DETERMINE","5901","S","CICERO AVE","813",,,,,,,"2","NO INDICATION OF INJURY","0","0","0","0","0","2","0","3","2","3","41.7856529558","-87.7411927317","POINT (-87.741192731715 41.785652955816)"
"5a4d70aa688c03cef772db0a035a5d36fed6df6d28c736eb5e585946eb06d84f610d3c43a3f3c3f8555e61563dcdce393fd9d68c3232c83a5b12d7b618676f72",,"2026-03-16T02:26:00.000","30","NO CONTROLS","NO CONTROLS","CLEAR","DAYLIGHT","SIDESWIPE SAME DIRECTION","ONE-WAY",,"STRAIGHT AND LEVEL","WET","UNKNOWN","NOT ON SCENE (DESK REPORT)","NO INJURY / DRIVE AWAY",,,"Y","$501 - $1,500","2026-03-16T10:53:00.000","WEATHER","NOT APPLICABLE","5600","S","LAKE SHORE DR SB","331",,,,,,,"2","NO INDICATION OF INJURY","0","0","0","0","0","3","0","2","2","3","41.7934562511","-87.5803185417","POINT (-87.580318541655 41.793456251099)"
"cedaf6cc13e467e225ffb43e47ab75f6c28a02f5d4f3ad1a1c8f23a2c9c646a238cec70f0b6597349525dd4ec5afd6d63a4ac208565a5e17a562b262ebefe61c",,"2026-03-16T02:01:00.000","30","TRAFFIC SIGNAL","FUNCTIONING PROPERLY","FREEZING RAIN/DRIZZLE","DARKNESS, LIGHTED ROAD","PARKED MOTOR VEHICLE","DIVIDED - W/MEDIAN (NOT RAISED)",,"STRAIGHT AND LEVEL","SNOW OR SLUSH","NO DEFECTS","ON SCENE","NO INJURY / DRIVE AWAY",,,"Y","$500 OR LESS","2026-03-16T02:01:00.000","FAILING TO REDUCE SPEED TO AVOID CRASH","UNABLE TO DETERMINE","6003","W","63RD ST","812",,,,,,,"2","NO INDICATION OF INJURY","0","0","0","0","0","2","0","2","2","3","41.7777511057","-87.77163329","POINT (-87.771633290014 41.777751105715)"
"b1d0c602e5f7df0fc85bcfa08440e1336ceb0e75f0fa42dfda6aa890e538ac94e195de2a510a09010315b01726c794b26093caaf078437105bd5c897a2a1ea8d",,"2026-03-16T02:00:00.000","15","NO CONTROLS","NO CONTROLS","SNOW","DARKNESS, LIGHTED ROAD","PARKED MOTOR VEHICLE","ALLEY",,"STRAIGHT AND LEVEL","ICE","NO DEFECTS","NOT ON SCENE (DESK REPORT)","NO INJURY / DRIVE AWAY",,,"Y","OVER $1,500","2026-03-16T14:35:00.000","UNABLE TO DETERMINE","UNABLE TO DETERMINE","4710","N","CENTRAL PARK AVE","1723",,,,,,,"2","NO INDICATION OF INJURY","0","0","0","0","0","1","0","2","2","3","41.9668998435","-87.7183554813","POINT (-87.718355481299 41.966899843468)"
"f21f0cc2e4f23668777f70fc0daf40e71b23fde1be489b4f2d0afd9bb8b4cbd770593c48314b1f6608d6de94312d4c36722b4b6a91a87b230a57480e033d669e",,"2026-03-16T01:43:00.000","30","NO CONTROLS","NO CONTROLS","UNKNOWN","DARKNESS","PARKED MOTOR VEHICLE","NOT DIVIDED",,"STRAIGHT AND LEVEL","UNKNOWN","UNKNOWN","ON SCENE","NO INJURY / DRIVE AWAY",,,"Y","OVER $1,500","2026-03-16T08:10:00.000","UNABLE TO DETERMINE","UNABLE TO DETERMINE","2145","W","ADAMS ST","1225",,,,,,,"2","NO INDICATION OF INJURY","0","0","0","0","0","1","0","1","2","3","41.8785608631","-87.6808203246","POINT (-87.680820324588 41.878560863087)"
"2e4cec88e17cb605afb0452b1ae0fc14d653f6053ccba5e095836f24dceaf80b6aea0b4ddffa0e39c181448022e0bc651b6873b1349436a269d897e7e93c841d",,"2026-03-16T01:06:00.000","30","NO CONTROLS","NO CONTROLS","RAIN","DARKNESS","PEDESTRIAN","NOT DIVIDED",,"STRAIGHT AND LEVEL","WET","UNKNOWN","ON SCENE","INJURY AND / OR TOW DUE TO CRASH",,,"Y","$500 OR LESS","2026-03-16T01:08:00.000","UNABLE TO DETERMINE","WEATHER","1032","S","PULASKI RD","1132",,,,,,,"2","REPORTED, NOT EVIDENT","1","0","0","0","1","1","0","1","2","3","41.8680171641","-87.7253926594","POINT (-87.725392659399 41.868017164142)"
"ee3c5ac0fbc0482b22e1f1e3d02b400d5cd0e7c4e6b28c7f10a59aa827a3e1998d7da2389f29f5d8f127aa1af89152355b5c630606e25faa7346187fb3ab6656",,"2026-03-16T00:48:00.000","30","NO CONTROLS","NO CONTROLS","SLEET/HAIL","DARKNESS, LIGHTED ROAD","SIDESWIPE SAME DIRECTION","DIVIDED - W/MEDIAN BARRIER",,"STRAIGHT AND LEVEL","SNOW OR SLUSH","NO DEFECTS","ON SCENE","INJURY AND / OR TOW DUE TO CRASH",,,"Y","OVER $1,500","2026-03-16T00:48:00.000","UNABLE TO DETERMINE","UNABLE TO DETERMINE","2499","W","79TH ST","835",,,,,,,"2","REPORTED, NOT EVIDENT","4","0","0","0","4","1","0","0","2","3","41.749895315","-87.6852239708","POINT (-87.685223970831 41.749895315023)"
"eee03d3a98ae0cd8122efb01023fa78204a367d722b70625f05d6a9845d51fec45eb8cbecfd9fb225f08949afc2aa37adb1443fd5d7e9f062cc6b2e8e0a91eaf",,"2026-03-16T00:23:00.000","30","TRAFFIC SIGNAL","FUNCTIONING PROPERLY","RAIN","DARKNESS, LIGHTED ROAD","PEDESTRIAN","UNKNOWN INTERSECTION TYPE",,"STRAIGHT AND LEVEL","WET","UNKNOWN","ON SCENE","INJURY AND / OR TOW DUE TO CRASH","Y",,,"$500 OR LESS","2026-03-16T00:23:00.000","UNABLE TO DETERMINE","UNABLE TO DETERMINE","100","W","CHESTNUT ST","1832",,,,,,,"2","NONINCAPACITATING INJURY","1","0","0","1","0","1","0","0","2","3","41.8980794604","-87.6313543871","POINT (-87.631354387144 41.898079460374)"
"cd825374ec6e246869370761a8830e840720af1ca65932085ffb70877c0ec5605b37cbe08f3898adcc53ba98a832e09dc1080721a9ec13d0890ccfbf36f100d5",,"2026-03-16T00:21:00.000","30","NO CONTROLS","NO CONTROLS","RAIN","DARKNESS, LIGHTED ROAD","PARKED MOTOR VEHICLE","NOT DIVIDED",,"STRAIGHT AND LEVEL","WET","NO DEFECTS","ON SCENE","INJURY AND / OR TOW DUE TO CRASH",,,"Y","OVER $1,500","2026-03-16T00:21:00.000","UNABLE TO DETERMINE","NOT APPLICABLE","3836","W","26TH ST","1013",,,,,,,"2","NO INDICATION OF INJURY","0","0","0","0","0","1","0","0","2","3","41.8444059055","-87.721048312","POINT (-87.721048311952 41.844405905506)"
"5d3df3576b77698bdc3a978676d658638eaae22e41facb92118650703cd4dec910223fdae3f768f1222cf3563a6cb4872e6189f9f224331850a8591b7457e3e6",,"2026-03-16T00:05:00.000","30","TRAFFIC SIGNAL","FUNCTIONING PROPERLY","RAIN","DARKNESS, LIGHTED ROAD","REAR END","NOT DIVIDED",,"STRAIGHT AND LEVEL","WET","NO DEFECTS","ON SCENE","INJURY AND / OR TOW DUE TO CRASH",,,"Y","OVER $1,500","2026-03-16T00:12:00.000","UNABLE TO DETERMINE","NOT APPLICABLE","4007","W","63RD ST","813",,,,,,,"2","NO INDICATION OF INJURY","0","0","0","0","0","2","0","0","2","3","41.7785451429","-87.7230945226","POINT (-87.723094522629 41.778545142946)"
"d794022f3bc22b21fef8617dcf30fb9a48d4e7a717396b67acd19f3b37ce36c499862c56715fad1b1ccb736de12a4c694b7831570460821c7911d986bdaa2d30",,"2026-03-16T00:05:00.000","30","NO CONTROLS","NO CONTROLS","RAIN","DARKNESS, LIGHTED ROAD","TURNING","DIVIDED - W/MEDIAN (NOT RAISED)",,"STRAIGHT AND LEVEL","WET","NO DEFECTS","ON SCENE","NO INJURY / DRIVE AWAY",,,"Y","$500 OR LESS","2026-03-16T00:10:00.000","IMPROPER TURNING/NO SIGNAL","FAILING TO YIELD RIGHT-OF-WAY","17","N","WESTERN AVE","1223",,,,,,,"2","NO INDICATION OF INJURY","0","0","0","0","0","3","0","0","2","3","41.8817216841","-87.6862978733","POINT (-87.686297873297 41.881721684132)"