"crash_record_id","crash_date_est_i","crash_date","posted_speed_limit","traffic_control_device","device_condition","weather_condition","lighting_condition","first_crash_type","trafficway_type","lane_cnt","alignment","roadway_surface_cond","road_defect","report_type","crash_type","intersection_related_i","private_property_i","hit_and_run_i","damage","date_police_notified","prim_contributory_cause","sec_contributory_cause","street_no","street_direction","street_name","beat_of_occurrence","photos_taken_i","statements_taken_i","dooring_i","work_zone_i","work_zone_type","workers_present_i","num_units","most_severe_injury","injuries_total","injuries_fatal","injuries_incapacitating","injuries_non_incapacitating","injuries_reported_not_evident","injuries_no_indication","injuries_unknown","crash_hour","crash_day_of_week","crash_month","latitude","longitude","location"
"332667548364efb53199b68b33e3fddc820cef6e761bbb3932d400cd6f1033cb3ed69d13384a38becc00cd1b631a2b836be93fe43ed21040f80c0ed2f50ff562",,"2026-03-16T00:03:00.000","30","TRAFFIC SIGNAL","FUNCTIONING PROPERLY","RAIN","DARKNESS, LIGHTED ROAD","REAR END","T-INTERSECTION",,"STRAIGHT AND LEVEL","WET","NO DEFECTS","ON SCENE","INJURY AND / OR TOW DUE TO CRASH",,,,"OVER $1,500","2026-03-16T00:03:00.000","WEATHER","IMPROPER OVERTAKING/PASSING","3899","S","LA SALLE ST","213",,,,,,,"2","NO INDICATION OF INJURY","0","0","0","0","0","2","0","0","2","3","41.8236906359","-87.6294942884","POINT (-87.629494288434 41.82369063588)"
"82c29a69500f33c59fd029021e78022f472cfe4c57d68ddca8401a0035c2ba86d71eabfeffa9d3ce42f8941aa925cbcb907d7bd39413de6a2cd4a1d00ca8cf2e",,"2026-03-16T00:01:00.000","30","TRAFFIC SIGNAL","FUNCTIONING PROPERLY","RAIN","DARKNESS, LIGHTED ROAD","SIDESWIPE SAME DIRECTION","DIVIDED - W/MEDIAN BARRIER",,"STRAIGHT AND LEVEL","WET","NO DEFECTS","NOT ON SCENE (DESK REPORT)","NO INJURY / DRIVE AWAY","Y",,"Y","OVER $1,500","2026-03-16T15:15:00.000","FAILING TO YIELD RIGHT-OF-WAY","NOT APPLICABLE","242","W","GARFIELD BLVD","935",,,,,,,"2","NO INDICATION OF INJURY","0","0","0","0","0","4","0","0","2","3","41.7946388263","-87.6322670455","POINT (-87.632267045463 41.794638826304)"
"9963d9d899f4f5fa4ebc3f5b7c67a0222c094bce2b9588804a60c116e159a19f2ccdc9c417ac574ea9f592cc1d513bbd7a5c1bf7ca51e530fe9eebfbcdf5d030",,"2026-03-16T00:00:00.000","30","TRAFFIC SIGNAL","FUNCTIONING PROPERLY","FREEZING RAIN/DRIZZLE","DARKNESS, LIGHTED ROAD","SIDESWIPE SAME DIRECTION","DIVIDED - W/MEDIAN (NOT RAISED)",,"STRAIGHT AND LEVEL","WET","NO DEFECTS","ON SCENE","NO INJURY / DRIVE AWAY",,,,"OVER $1,500","2026-03-16T00:00:00.000","IMPROPER TURNING/NO SIGNAL","NOT APPLICABLE","2403","W","PETERSON AVE","2011",,,,,,,"2","NO INDICATION OF INJURY","0","0","0","0","0","4","0","0","2","3","41.9903884812","-87.6898144129","POINT (-87.68981441287 41.990388481187)"
"d990c7f053d36bbf8feb62c56f5a3d0eb3a8607b8fa4af5977e4912755e4f977e87042ee53ae8f85727e534cea3fafe3a4d39ec447bf6c2511f047e5e8579cf0",,"2026-03-15T23:59:00.000","30","TRAFFIC SIGNAL","FUNCTIONING PROPERLY","CLEAR","DARKNESS","PARKED MOTOR VEHICLE","NOT DIVIDED",,"STRAIGHT AND LEVEL","WET","NO DEFECTS","ON SCENE","NO INJURY / DRIVE AWAY",,,"Y","OVER $1,500","2026-03-16T08:00:00.000","DRIVING SKILLS/KNOWLEDGE/EXPERIENCE","HAD BEEN DRINKING (USE WHEN ARREST IS NOT MADE)","5952","W","NORTH AVE","2531",,,,,,,"2","NO INDICATION OF INJURY","0","0","0","0","0","1","0","23","1","3","41.9093701157","-87.7750586085","POINT (-87.775058608476 41.909370115707)"
"9af274fc935ee506d92f385f894b3a6315e9f455b32791cb701b7fcc29b8e7ffc541cf7e618a0d293f63b6f2a3179637f6cd01b3128cf66077324d91c03b58ca",,"2026-03-15T23:55:00.000","30","TRAFFIC SIGNAL","FUNCTIONING PROPERLY","RAIN","DARKNESS, LIGHTED ROAD","TURNING","DIVIDED - W/MEDIAN (NOT RAISED)",,"STRAIGHT AND LEVEL","WET","NO DEFECTS","NOT ON SCENE (DESK REPORT)","INJURY AND / OR TOW DUE TO CRASH","Y",,,"OVER $1,500","2026-03-16T00:10:00.000","IMPROPER OVERTAKING/PASSING","NOT APPLICABLE","3921","W","NORTH AVE","2535",,,,,,,"2","NONINCAPACITATING INJURY","1","0","0","1","0","1","0","23","1","3","41.909793258","-87.7249732655","POINT (-87.724973265459 41.90979325799)"
"06cf1f94b474e25b88b912ab60a6240b08efface716e4eee68df87e1521337f718c628a3bbc9f6bbfeacb09cfa0e84ac4e2507ebe393a5e5066e9c61d87a082e",,"2026-03-15T23:40:00.000","30","STOP SIGN/FLASHER","FUNCTIONING PROPERLY","RAIN","DARKNESS, LIGHTED ROAD","REAR END","NOT DIVIDED",,"STRAIGHT AND LEVEL","WET","NO DEFECTS","ON SCENE","NO INJURY / DRIVE AWAY",,,"Y","OVER $1,500","2026-03-15T23:42:00.000","UNABLE TO DETERMINE","NOT APPLICABLE","4610","N","KIMBALL AVE","1723",,,,,,,"2","NO INDICATION OF INJURY","0","0","0","0","0","3","0","23","1","3","41.9650226095","-87.7134065085","POINT (-87.713406508454 41.965022609477)"
"d4c9790efe7aff3d6ed4cc4b9270731ac04a49d8b73c606444ce592ed3134993bf3c887ae820ad0ce06d6d0928eb90ee4c56ecba6bd6e9d52b88a11e28ba2348",,"2026-03-15T23:14:00.000","30","UNKNOWN","UNKNOWN","FREEZING RAIN/DRIZZLE","DARKNESS, LIGHTED ROAD","TURNING","DIVIDED - W/MEDIAN (NOT RAISED)",,"STRAIGHT AND LEVEL","WET","UNKNOWN","NOT ON SCENE (DESK REPORT)","NO INJURY / DRIVE AWAY",,,"Y","OVER $1,500","2026-03-15T23:50:00.000","IMPROPER TURNING/NO SIGNAL","NOT APPLICABLE","6300","S","CICERO AVE","813",,,,,,,"2","NO INDICATION OF INJURY","0","0","0","0","0","2","0","23","1","3","41.7783353905","-87.7424364942","POINT (-87.74243649416 41.778335390453)"
"bf10675eba1042b5b0ffb40edac39e049b4effd1d214926b49e425667243780bb24bff0af4612a7107e6acbb975162e36a7d8e24ac934f3efd91204b988bd0d0","Y","2026-03-15T23:00:00.000","30","NO CONTROLS","NO CONTROLS","SNOW","DARKNESS, LIGHTED ROAD","PARKED MOTOR VEHICLE","ONE-WAY",,"STRAIGHT AND LEVEL","SNOW OR SLUSH","UNKNOWN","NOT ON SCENE (DESK REPORT)","INJURY AND / OR TOW DUE TO CRASH",,,"Y","OVER $1,500","2026-03-16T17:45:00.000","UNABLE TO DETERMINE","NOT APPLICABLE","3226","W","POTOMAC AVE","1422",,,,,,,"2","NO INDICATION OF INJURY","0","0","0","0","0","1","0","23","1","3","41.9047635461","-87.7079581911","POINT (-87.707958191111 41.904763546142)"
"cd66cfeada77d975dee716e83e7a10bfca48e9c72999c2e7f5fb4ed42bf7c81ff719763fd9a36c7e7ed71417e70956b891c0051e58d8a2557c31e3388e27aa42",,"2026-03-15T23:00:00.000","15","NO CONTROLS","NO CONTROLS","RAIN","DARKNESS, LIGHTED ROAD","PARKED MOTOR VEHICLE","PARKING LOT",,"STRAIGHT AND LEVEL","WET","UNKNOWN","NOT ON SCENE (DESK REPORT)","NO INJURY / DRIVE AWAY",,,,"$501 - $1,500","2026-03-15T23:30:00.000","DRIVING SKILLS/KNOWLEDGE/EXPERIENCE","UNABLE TO DETERMINE","3022","S","HALSTED ST","913",,,,,,,"2","NO INDICATION OF INJURY","0","0","0","0","0","1","0","23","1","3","41.839150276","-87.6464520385","POINT (-87.646452038473 41.839150276037)"
"d6126deb22ccb0bffc09ef2ed21863f0cc0c4d74631f3b269a93add28ea65cb907da8b7c5ac6d86d7f4838ce3f0f418ad858a76c9a96bb2cc572817c78fd575e",,"2026-03-15T22:46:00.000","30","TRAFFIC SIGNAL","FUNCTIONING PROPERLY","RAIN","DARKNESS, LIGHTED ROAD","ANGLE","NOT REPORTED",,"STRAIGHT AND LEVEL","WET","NO DEFECTS","ON SCENE","INJURY AND / OR TOW DUE TO CRASH","Y",,,"OVER $1,500","2026-03-15T22:47:00.000","DISREGARDING TRAFFIC SIGNALS","NOT APPLICABLE","100","W","RANDOLPH ST","122",,,,,,,"2","REPORTED, NOT EVIDENT","1","0","0","0","1","2","0","22","1","3","41.8845862672","-87.6310104459","POINT (-87.631010445886 41.884586267155)"
"86ce2893b5b49247c7e9290912e75d239a707198ec565c917af6ac318cce3dd41f0d0f81e73c38660058e7a6b39db0666d128d6d47b02cbc5131feb03c6fca2b",,"2026-03-15T22:25:00.000","30","TRAFFIC SIGNAL","FUNCTIONING PROPERLY","RAIN","DARKNESS, LIGHTED ROAD","PEDESTRIAN","FOUR WAY",,"STRAIGHT AND LEVEL","WET","NO DEFECTS","ON SCENE","INJURY AND / OR TOW DUE TO CRASH",,,"Y","OVER $1,500","2026-03-15T22:25:00.000","IMPROPER TURNING/NO SIGNAL","UNABLE TO DETERMINE","9438","S","ASHLAND AVE","2221",,,,,,,"2","NONINCAPACITATING INJURY","1","0","0","1","0","2","0","22","1","3","41.7218694532","-87.6628427873","POINT (-87.662842787304 41.721869453249)"
"d6003d8fe97c4a15c0aa8e28ac7fee439b3f43e248286f32487a64f4106dafa8bea953c8321197e4e7ad6d0e42125647290497370c9948d3bb3ea6cd166b7bc5",,"2026-03-15T22:16:00.000","30","NO CONTROLS","NO CONTROLS","RAIN","DARKNESS, LIGHTED ROAD","PARKED MOTOR VEHICLE","ONE-WAY",,"STRAIGHT AND LEVEL","WET","UNKNOWN","ON SCENE","NO INJURY / DRIVE AWAY",,,,"OVER $1,500","2026-03-15T22:24:00.000","EVASIVE ACTION DUE TO ANIMAL, OBJECT, NONMOTORIST","UNABLE TO DETERMINE","5230","W","DEMING PL","2515",,,,,,,"3","NO INDICATION OF INJURY","0","0","0","0","0","2","0","22","1","3","41.9269657851","-87.757518732","POINT (-87.757518731979 41.926965785082)"
"7daba1d8204211d423589f61eac1b3bda7d1b0536b8c81a31262f52d96173072a99dd027592b537926f5768d7c974ae6af9405f6f2de5395237b423a132c20ad",,"2026-03-15T22:07:00.000","30","NO CONTROLS","NO CONTROLS","RAIN","DARKNESS, LIGHTED ROAD","ANGLE","FOUR WAY",,"STRAIGHT AND LEVEL","WET","NO DEFECTS","ON SCENE","NO INJURY / DRIVE AWAY","Y",,,"OVER $1,500","2026-03-15T22:08:00.000","UNABLE TO DETERMINE","UNABLE TO DETERMINE","10900","S","MICHIGAN AVE","513",,,,,,,"3","NO INDICATION OF INJURY","0","0","0","0","0","3","0","22","1","3","41.6961630198","-87.6209481865","POINT (-87.620948186529 41.696163019788)"
"4264c989539f2103889abee07f9bd71e273e350677628563642832105d23dca5d490a6590b893c6252b3c4167fd7c49a374a6aac348ba6d69baf0768ddfeb954",,"2026-03-15T21:55:00.000","20","STOP SIGN/FLASHER","NO CONTROLS","RAIN","DARKNESS, LIGHTED ROAD","ANGLE","FOUR WAY",,"STRAIGHT AND LEVEL","WET","UNKNOWN","NOT ON SCENE (DESK REPORT)","NO INJURY / DRIVE AWAY","Y",,,"OVER $1,500","2026-03-15T22:05:00.000","DRIVING SKILLS/KNOWLEDGE/EXPERIENCE","UNABLE TO DETERMINE","2998","S","LYMAN ST","913",,,,,,,"2","NO INDICATION OF INJURY","0","0","0","0","0","3","0","21","1","3","41.8398451957","-87.6559592018","POINT (-87.655959201831 41.839845195727)"
"617e730299702e63b616f2916ea4d93a0a0f1beb0a9864664695c4d2ef1deae73683113983240d4fc004884015646c62ee651e2b561144e0e5a6b73584b0c7fa",,"2026-03-15T21:54:00.000","30","NO CONTROLS","FUNCTIONING PROPERLY","RAIN","DARKNESS, LIGHTED ROAD","PARKED MOTOR VEHICLE","DIVIDED - W/MEDIAN (NOT RAISED)",,"STRAIGHT AND LEVEL","WET","NO DEFECTS","ON SCENE","INJURY AND / OR TOW DUE TO CRASH",,,"N","OVER $1,500","2026-03-15T21:54:00.000","UNABLE TO DETERMINE","UNABLE TO DETERMINE","8220","S","SOUTH SHORE DR","424",,,,,,,"3","NO INDICATION OF INJURY","0","0","0","0","0","3","0","21","1","3","41.745865874","-87.5480751107","POINT (-87.548075110746 41.745865873955)"
"66a0a127e5a88ff1d5f99b272844763a31b483264d134d7af22d98dff39da1d614b19ea0faff8e603137eb13595d93acb2d904ffd0c777642098dc9864401b9c",,"2026-03-15T21:47:00.000","30","TRAFFIC SIGNAL","NOT FUNCTIONING","RAIN","DARKNESS, LIGHTED ROAD","TURNING","FIVE POINT, OR MORE",,"STRAIGHT AND LEVEL","WET","NO DEFECTS","NOT ON SCENE (DESK REPORT)","NO INJURY / DRIVE AWAY","Y",,,"OVER $1,500","2026-03-15T22:18:00.000","IMPROPER TURNING/NO SIGNAL","UNABLE TO DETERMINE","1998","N","DAMEN AVE","1434",,,,,,,"2","NO INDICATION OF INJURY","0","0","0","0","0","2","0","21","1","3","41.9177165609","-87.6777670487","POINT (-87.677767048679 41.917716560909)"
"9b56506614a219a11f44e6447d52bad004d5c895bb4c3a3e5c1e5f6e6e78a14376ef75beddcdff083e8aae3155e6a695a08b9087a3c46d97c0dc7d5ffd3663dd",,"2026-03-15T21:45:00.000","30","TRAFFIC SIGNAL","FUNCTIONING PROPERLY","RAIN","DARKNESS, LIGHTED ROAD","SIDESWIPE SAME DIRECTION","NOT DIVIDED",,"STRAIGHT AND LEVEL","WET","UNKNOWN","NOT ON SCENE (DESK REPORT)","NO INJURY / DRIVE AWAY",,,"Y","OVER $1,500","2026-03-15T22:10:00.000","UNABLE TO DETERMINE","NOT APPLICABLE","3911","W","LAWRENCE AVE","1723",,,,,,,"2","NO INDICATION OF INJURY","0","0","0","0","0","4","0","21","1","3","41.9681492245","-87.7260754848","POINT (-87.726075484776 41.968149224536)"
"5cee0781ff1a2157ee2c70b5f252f88fd5022fb844f8be1ee741fcb06f4959ca82f4932065889892d2c344d41cb13060d606a9618dfc1e411d93b8147a07f4c0",,"2026-03-15T21:38:00.000","30","NO CONTROLS","NO CONTROLS","RAIN","DARKNESS, LIGHTED ROAD","SIDESWIPE SAME DIRECTION","DIVIDED - W/MEDIAN (NOT RAISED)",,"STRAIGHT AND LEVEL","WET","NO DEFECTS","NOT ON SCENE (DESK REPORT)","NO INJURY / DRIVE AWAY",,,,"$501 - $1,500","2026-03-15T22:00:00.000","IMPROPER LANE USAGE","NOT APPLICABLE","4113","S","PULASKI RD","821",,,,,,,"2","NO INDICATION OF INJURY","0","0","0","0","0","2","0","21","1","3","41.8180187462","-87.7237903822","POINT (-87.723790382171 41.818018746165)"
"e904d1bbad83f982f16b89ebbf1bf3d939d3098e9b3176374f407d2f4593d5a80bf9ef5f52f821df85fada9db9f3e60386ede6c5a4ef30b87e2bab04c84af5b3",,"2026-03-15T21:32:00.000","25","NO CONTROLS","NO CONTROLS","RAIN","DARKNESS, LIGHTED ROAD","TURNING","NOT DIVIDED",,"STRAIGHT AND LEVEL","WET","NO DEFECTS","ON SCENE","INJURY AND / OR TOW DUE TO CRASH",,,,"OVER $1,500","2026-03-15T21:32:00.000","IMPROPER TURNING/NO SIGNAL","NOT APPLICABLE","7330","N","SHERIDAN RD","2423",,,,,,,"2","REPORTED, NOT EVIDENT","1","0","0","0","1","3","0","21","1","3","42.0148646136","-87.6647572979","POINT (-87.664757297892 42.01486461362)"
"9247861a59c79b3d0fef9cfbde8951a773aced28990d4a35b2ef2f065d45458f9ea5df9ace8b297df3ea4e91a6d68e7a13b92928a822ad415d2f96fcf4a1ad7e",,"2026-03-15T21:30:00.000","30","TRAFFIC SIGNAL","FUNCTIONING PROPERLY","RAIN","DARKNESS, LIGHTED ROAD","REAR END","DRIVEWAY",,"STRAIGHT AND LEVEL","WET","NO DEFECTS","ON SCENE","NO INJURY / DRIVE AWAY",,,"Y","$500 OR LESS","2026-03-15T21:47:00.000","UNABLE TO DETERMINE","NOT APPLICABLE","4853","S","WESTERN AVE","922",,,,,,,"2","NO INDICATION OF INJURY","0","0","0","0","0","5","0","21","1","3","41.8050064124","-87.6842201002","POINT (-87.684220100235 41.805006412352)"
"72c1d7c716be2b41986f607e7db5661ac15b489de4a5b16b8195b4436b4aa2535de55ac204a5a92491f1cabcb404b4aa3fd2bcb775adc1f5858ffee18457a1cb",,"2026-03-15T21:25:00.000","20","STOP SIGN/FLASHER","FUNCTIONING PROPERLY","RAIN","DARKNESS, LIGHTED ROAD","OTHER OBJECT","T-INTERSECTION",,"STRAIGHT AND LEVEL","WET","NO DEFECTS","ON SCENE","INJURY AND / OR TOW DUE TO CRASH","Y",,,"OVER $1,500","2026-03-15T21:28:00.000","WEATHER","WEATHER","1432","W","JONQUIL TER","2422",,"N",,,,,"4","NO INDICATION OF INJURY","0","0","0","0","0","2","0","21","1","3","42.021240495","-87.6677982479","POINT (-87.66779824794 42.021240495002)"
"e18cc3cdfcb2cab459d8fc256a3d07bb697965f02e1ed43f07dbf484b8e703f8fbf61a7a608150de9e5cd40a093daaa1d03bd87e40505fe36e1e8c3fc4fe3ca5",,"2026-03-15T21:15:00.000","30","UNKNOWN","UNKNOWN","RAIN","DARKNESS","HEAD ON","OTHER",,"STRAIGHT AND LEVEL","WET","UNKNOWN","NOT ON SCENE (DESK REPORT)","NO INJURY / DRIVE AWAY",,,"Y","OVER $1,500","2026-03-15T21:30:00.000","UNABLE TO DETERMINE","UNABLE TO DETERMINE","8600","S","VINCENNES AVE","622",,,,,,,"2","NO INDICATION OF INJURY","0","0","0","0","0","2","0","21","1","3","41.7385274814","-87.6417013427","POINT (-87.641701342658 41.738527481413)"
"87999cd7af2110d914451360f9e043c4571d017a092c8c04f914f5b43370753482804f9c8016c0dacc35f60f5bc820ad820dc96594c487b6802b38420a7b436e",,"2026-03-15T21:11:00.000","30","TRAFFIC SIGNAL","FUNCTIONING PROPERLY","RAIN","DARKNESS, LIGHTED ROAD","REAR END","DIVIDED - W/MEDIAN (NOT RAISED)",,"STRAIGHT AND LEVEL","WET","NO DEFECTS","ON SCENE","INJURY AND / OR TOW DUE TO CRASH","Y",,,"OVER $1,500","2026-03-15T21:55:00.000","FAILING TO REDUCE SPEED TO AVOID CRASH","UNABLE TO DETERMINE","4555","N","CLARENDON AVE","1914",,,,,,,"2","INCAPACITATING INJURY","2","0","2","0","0","0","0","21","1","3","41.9653250328","-87.6498681869","POINT (-87.649868186851 41.965325032777)"
"ca30ae32f6d6bb918810c223094369dd823bfaa1aeda6e732af1132d3a242cbbfd4774ac040f20b635f7505b5aa52521ebf0c7be49b8528a342baf04b90b84bd",,"2026-03-15T21:10:00.000","30","TRAFFIC SIGNAL","FUNCTIONING PROPERLY","RAIN","DARKNESS, LIGHTED ROAD","SIDESWIPE SAME DIRECTION","NOT DIVIDED",,"STRAIGHT AND LEVEL","WET","NO DEFECTS","ON SCENE","NO INJURY / DRIVE AWAY",,,,"OVER $1,500","2026-03-15T21:12:00.000","WEATHER","NOT APPLICABLE","515","N","DEARBORN ST","1831",,,,,,,"2","NO INDICATION OF INJURY","0","0","0","0","0","2","0","21","1","3","41.8913884853","-87.62949496","POINT (-87.629494959988 41.891388485281)"
"75df05c9c8f609a61af67910925b6139d63b9775a394bb6f330ec598cb569820c4ca523c6c913d070201e5bfaa47144f7efcb8e4549331364f5e17bc08d31cab",,"2026-03-15T20:56:00.000","30","TRAFFIC SIGNAL","FUNCTIONING PROPERLY","RAIN","DARKNESS","REAR END","NOT DIVIDED",,"STRAIGHT AND LEVEL","WET","UNKNOWN","ON SCENE","NO INJURY / DRIVE AWAY",,,,"OVER $1,500","2026-03-15T20:56:00.000","UNABLE TO DETERMINE","UNABLE TO DETERMINE","1532","W","MONTROSE AVE","1912",,,,,,,"2","NO INDICATION OF INJURY","0","0","0","0","0","2","0","20","1","3","41.9617024521","-87.6691844745","POINT (-87.669184474463 41.96170245207)"
"fc4edb9165a156fc21a174af7e645c846b076d9bdbc51c68c622dbce4b7476869bfacdbd1b93e96e85bd6c1bba7fccb3c78d03357ca48651cf3755c69f775c23",,"2026-03-15T20:56:00.000","30","STOP SIGN/FLASHER","FUNCTIONING PROPERLY","RAIN","DARKNESS, LIGHTED ROAD","ANGLE","FOUR WAY",,"STRAIGHT AND LEVEL","WET","NO DEFECTS","NOT ON SCENE (DESK REPORT)","INJURY AND / OR TOW DUE TO CRASH","Y",,"N","OVER $1,500","2026-03-15T21:12:00.000","FAILING TO YIELD RIGHT-OF-WAY","FAILING TO YIELD RIGHT-OF-WAY","201","N","CENTRAL AVE","1523",,,,,,,"2","REPORTED, NOT EVIDENT","4","0","0","0","4","0","0","20","1","3","41.8843132322","-87.7648582847","POINT (-87.764858284654 41.884313232242)"
"709d43b99411883d6a54d3b3e68cd6524d68b7a8b196a19e2083cc0b667013ee21662d1a35abac981b414ea0fcbeafd4d24f9bd42bd746b6753959662f85aba4",,"2026-03-15T20:40:00.000","30","TRAFFIC SIGNAL","FUNCTIONING PROPERLY","RAIN","DARKNESS","REAR END","OTHER",,"STRAIGHT AND LEVEL","WET","NO DEFECTS","NOT ON SCENE (DESK REPORT)","NO INJURY / DRIVE AWAY",,,"Y","OVER $1,500","2026-03-15T21:30:00.000","FOLLOWING TOO CLOSELY","WEATHER","3944","W","CHICAGO AVE","1112",,,,,,,"2","NO INDICATION OF INJURY","0","0","0","0","0","4","0","20","1","3","41.8954830296","-87.7253817685","POINT (-87.725381768493 41.895483029594)"
"ddaa4bad352cd0a93ccad5ed743d4cf10875b45d320c1cbd5c3be55fa0a505f2ca1e07141dcb0f06529dacd90f386cea98aef2c88d2915fd300624a14affd99e",,"2026-03-15T20:35:00.000","30","STOP SIGN/FLASHER","FUNCTIONING PROPERLY","RAIN","DARKNESS, LIGHTED ROAD","REAR END","DIVIDED - W/MEDIAN (NOT RAISED)",,"STRAIGHT AND LEVEL","WET","NO DEFECTS","NOT ON SCENE (DESK REPORT)","NO INJURY / DRIVE AWAY",,,"Y","$500 OR LESS","2026-03-15T21:38:00.000","UNABLE TO DETERMINE","NOT APPLICABLE","1400","S","WABASH AVE","131",,,,,,,"2","NO INDICATION OF INJURY","0","0","0","0","0","2","0","20","1","3","41.8639848932","-87.6258962419","POINT (-87.625896241936 41.863984893215)"
"b1b08cf48f13481a488dc608ff292b9919ec1980a62ff14cb78ba792d0fbceba0d7be08323a89bdd0d82beff15a06eec707d7a31d499a641c405c760f845fd54",,"2026-03-15T20:30:00.000","30","TRAFFIC SIGNAL","FUNCTIONING PROPERLY","RAIN","DARKNESS, LIGHTED ROAD","REAR END","NOT DIVIDED",,"STRAIGHT AND LEVEL","WET","NO DEFECTS","NOT ON SCENE (DESK REPORT)","NO INJURY / DRIVE AWAY",,,,"$501 - $1,500","2026-03-15T21:10:00.000","FOLLOWING TOO CLOSELY","FOLLOWING TOO CLOSELY","2410","S","HALSTED ST","913",,,,,,,"2","NO INDICATION OF INJURY","0","0","0","0","0","2","0","20","1","3","41.8489208939","-87.6466215437","POINT (-87.646621543699 41.848920893882)"
"3204723af7ae96752fe45e3c074542273ea6e5c2e0d116c1f4bad3280868b7069fb52fdc6607751ed39e1e5270c87ed491c7bb7b2aac90b53130e7565aba74a6",,"2026-03-15T20:20:00.000","30","TRAFFIC SIGNAL","FUNCTIONING PROPERLY","RAIN","DARKNESS, LIGHTED ROAD","TURNING","DIVIDED - W/MEDIAN BARRIER",,"CURVE, LEVEL","WET","UNKNOWN","NOT ON SCENE (DESK REPORT)","NO INJURY / DRIVE AWAY","Y",,,"OVER $1,500","2026-03-15T21:00:00.000","UNABLE TO DETERMINE","NOT APPLICABLE","1733","W","PETERSON AVE","2012",,,,,,,"2","NO INDICATION OF INJURY","0","0","0","0","0","2","0","20","1","3","41.9906827418","-87.673036247","POINT (-87.673036247005 41.990682741788)"
"a2f72c951fbc27cd84eacd49de5e5a2be85b6bbdf08ec2561b7a29a2363dfb0c8c7fa28053391e4a57d0174aa56c91730af0f7147c7c96852f2a52ccccf5eeb9",,"2026-03-15T20:20:00.000","30","TRAFFIC SIGNAL","FUNCTIONING PROPERLY","RAIN","DARKNESS, LIGHTED ROAD","REAR END","FOUR WAY",,"STRAIGHT AND LEVEL","WET","UNKNOWN","ON SCENE","INJURY AND / OR TOW DUE TO CRASH","Y",,,"OVER $1,500","2026-03-15T20:29:00.000","UNABLE TO DETERMINE","NOT APPLICABLE","4159","N","CLARENDON AVE","1915",,,,,,,"2","NONINCAPACITATING INJURY","1","0","0","1","0","2","0","20","1","3","41.9573709325","-87.649635632","POINT (-87.649635631964 41.957370932485)"
"cf7946f816772368af13f36dc3af0a1cceb4b1b6c84f07bcb9bfc5124608c3f084c5b4bec41bc18afda67a5f9af3d2ac7e58474fa317240a46e2c9234233ab6d",,"2026-03-15T20:15:00.000","30","NO CONTROLS","NO CONTROLS","RAIN","DARKNESS, LIGHTED ROAD","FIXED OBJECT","NOT DIVIDED",,"STRAIGHT AND LEVEL","WET","UNKNOWN","ON SCENE","INJURY AND / OR TOW DUE TO CRASH",,,,"OVER $1,500","2026-03-15T20:16:00.000","DRIVING SKILLS/KNOWLEDGE/EXPERIENCE","WEATHER","4930","W","LAWRENCE AVE","1623",,,,,,,"1","NO INDICATION OF INJURY","0","0","0","0","0","1","0","20","1","3","41.9680898317","-87.7514865311","POINT (-87.751486531065 41.968089831697)"
"6dacf853e422f708d06297b4ff4e0028fdf3732d4d14992add4cc9c40405770d5547d97562e81d3592545b53acc1436817a530512ed59f50855294bef123ea0e",,"2026-03-15T20:00:00.000","30","NO CONTROLS","NO CONTROLS","RAIN","DARKNESS","SIDESWIPE SAME DIRECTION","NOT DIVIDED",,"STRAIGHT AND LEVEL","WET","NO DEFECTS","NOT ON SCENE (DESK REPORT)","NO INJURY / DRIVE AWAY",,,,"OVER $1,500","2026-03-15T20:35:00.000","UNABLE TO DETERMINE","UNABLE TO DETERMINE","3075","S","ARCHER AVE","912",,,,,,,"2","NO INDICATION OF INJURY","0","0","0","0","0","2","0","20","1","3","41.8382971588","-87.6644957733","POINT (-87.664495773338 41.838297158834)"
"70f1382a84da0fceecef1d37819de1226d7e9cf208983afecdc533fbc999e2deb95218c2bc319c35e5196d338de8d7e33e3262d979b34e02e8b90cdb14304f84",,"2026-03-15T20:00:00.000","30","NO CONTROLS","NO CONTROLS","RAIN","DARKNESS, LIGHTED ROAD","TURNING","NOT DIVIDED",,"STRAIGHT AND LEVEL","WET","NO DEFECTS","ON SCENE","NO INJURY / DRIVE AWAY","Y",,,"OVER $1,500","2026-03-15T20:06:00.000","UNABLE TO DETERMINE","NOT APPLICABLE","5199","S","DAMEN AVE","932",,,,,,,"2","NO INDICATION OF INJURY","0","0","0","0","0","2","0","20","1","3","41.7994411121","-87.6743144996","POINT (-87.674314499646 41.799441112084)"
"31d7d9295eb9798891d70762ace9bbddd7bf48bd634654dadb29b845b5cf5bfad852a8d24fe61b262aab228ffcb28ad5e7de7905c43d3dc3ae7bf11a1c6bd32d",,"2026-03-15T19:59:00.000","30","TRAFFIC SIGNAL","FUNCTIONING PROPERLY","RAIN","DARKNESS, LIGHTED ROAD","ANGLE","NOT DIVIDED",,"STRAIGHT AND LEVEL","WET","NO DEFECTS","ON SCENE","INJURY AND / OR TOW DUE TO CRASH","Y",,,"OVER $1,500","2026-03-15T20:00:00.000","UNABLE TO DETERMINE","UNABLE TO DETERMINE","3900","N","BROADWAY","1923",,,,,,,"2","INCAPACITATING INJURY","1","0","1","0","0","3","0","19","1","3","41.952767097","-87.6498014362","POINT (-87.649801436197 41.952767097031)"