"crash_record_id","crash_date_est_i","crash_date","posted_speed_limit","traffic_control_device","device_condition","weather_condition","lighting_condition","first_crash_type","trafficway_type","lane_cnt","alignment","roadway_surface_cond","road_defect","report_type","crash_type","intersection_related_i","private_property_i","hit_and_run_i","damage","date_police_notified","prim_contributory_cause","sec_contributory_cause","street_no","street_direction","street_name","beat_of_occurrence","photos_taken_i","statements_taken_i","dooring_i","work_zone_i","work_zone_type","workers_present_i","num_units","most_severe_injury","injuries_total","injuries_fatal","injuries_incapacitating","injuries_non_incapacitating","injuries_reported_not_evident","injuries_no_indication","injuries_unknown","crash_hour","crash_day_of_week","crash_month","latitude","longitude","location"
"a7836737c304ff1cf2a99a72d72a656f9f0d46fd214b6b70337bf2d8837862423749398c119e2d8e45fa22ce35553f5dc1eebd9e28e471ceb7ad9490fdeef254",,"2026-03-15T19:53:00.000","30","TRAFFIC SIGNAL","FUNCTIONING PROPERLY","RAIN","DARKNESS, LIGHTED ROAD","PEDESTRIAN","NOT DIVIDED",,"STRAIGHT AND LEVEL","WET","NO DEFECTS","ON SCENE","INJURY AND / OR TOW DUE TO CRASH","Y",,,"OVER $1,500","2026-03-15T19:54:00.000","FAILING TO YIELD RIGHT-OF-WAY","WEATHER","5558","N","CENTRAL AVE","1622",,,,,,,"2","NONINCAPACITATING INJURY","1","0","0","1","0","1","0","19","1","3","41.9828499788","-87.7684931528","POINT (-87.768493152846 41.982849978838)"
"cd9a52a82f7f7916c52b46a425c10b57471e48f4efc2910d5939ec6a5d7fe0bc6a92b092c28216618a23b2df1fa007f54d402de914c68e049fa08a88f7df33f6",,"2026-03-15T19:50:00.000","45","NO CONTROLS","NO CONTROLS","RAIN","DARKNESS, LIGHTED ROAD","REAR END","ONE-WAY",,"STRAIGHT AND LEVEL","WET","NO DEFECTS","NOT ON SCENE (DESK REPORT)","NO INJURY / DRIVE AWAY",,,,"OVER $1,500","2026-03-15T20:10:00.000","WEATHER","NOT APPLICABLE","2004","S","LAKE SHORE DR SB","132",,,,,,,"2","NO INDICATION OF INJURY","0","0","0","0","0","2","0","19","1","3","41.8554223237","-87.6158025567","POINT (-87.615802556742 41.855422323723)"
"50937c83013bac8812cb3620ff2968cafe1f9cf9d033eb9a47fdffcbefe66a2f3b7737177e76998b171772d7291e4747bb3d0daaa55db8ef35c98ab697a998f4",,"2026-03-15T19:40:00.000","30","TRAFFIC SIGNAL","FUNCTIONING PROPERLY","RAIN","DARKNESS, LIGHTED ROAD","TURNING","UNKNOWN INTERSECTION TYPE",,"STRAIGHT AND LEVEL","WET","UNKNOWN","ON SCENE","NO INJURY / DRIVE AWAY",,,"Y","OVER $1,500","2026-03-15T19:43:00.000","DISREGARDING TRAFFIC SIGNALS","DISREGARDING TRAFFIC SIGNALS","7100","S","DAMEN AVE","735",,,,,,,"2","NO INDICATION OF INJURY","0","0","0","0","0","2","0","19","1","3","41.7647131874","-87.6736784893","POINT (-87.673678489303 41.764713187398)"
"b345ee793c0967f16363562027443c30de07871089de14b19fd0bc917befb7e39e1bd1d9a9c215e981fcd75cfa7af096b90fc1ad0cd10b7d8994835f793066c8",,"2026-03-15T19:35:00.000","30","UNKNOWN","UNKNOWN","RAIN","DARKNESS, LIGHTED ROAD","PARKED MOTOR VEHICLE","NOT DIVIDED",,"STRAIGHT AND LEVEL","WET","NO DEFECTS",,"NO INJURY / DRIVE AWAY",,,"Y","OVER $1,500","2026-03-15T19:41:00.000","UNABLE TO DETERMINE","NOT APPLICABLE","3342","W","115TH ST","2211",,,,,,,"2","NO INDICATION OF INJURY","0","0","0","0","0","1","0","19","1","3","41.6843079741","-87.7046932028","POINT (-87.704693202782 41.684307974135)"
"0d225cf3d08c992f3d4a27b252fa08f246dfe600288773a11c53355673992f9dce2e06c8889a21d1a6e656de3e71b6e047eeac5472b746c9adb29f2927d159fb",,"2026-03-15T19:30:00.000","25","NO CONTROLS","NO CONTROLS","RAIN","DARKNESS, LIGHTED ROAD","PEDALCYCLIST","ONE-WAY",,"STRAIGHT AND LEVEL","WET","NO DEFECTS","ON SCENE","INJURY AND / OR TOW DUE TO CRASH",,,,"$500 OR LESS","2026-03-15T19:49:00.000","WEATHER","NOT APPLICABLE","4341","S","ARCHER AVE","922",,,,,,,"2","REPORTED, NOT EVIDENT","1","0","0","0","1","3","0","19","1","3","41.8145911515","-87.7031973929","POINT (-87.703197392862 41.814591151515)"
"793a1b2408aef3276abf244bce88879842f752621171ea883f04c830302bbc0cc96eebf9b83ac0ea2f25c62dde4c305e2ee8224286b56e523cf7f1feb99e599b",,"2026-03-15T19:30:00.000","30","TRAFFIC SIGNAL","FUNCTIONING PROPERLY","RAIN","DAYLIGHT","REAR END","NOT DIVIDED",,"STRAIGHT AND LEVEL","WET","UNKNOWN","NOT ON SCENE (DESK REPORT)","NO INJURY / DRIVE AWAY","Y",,,"OVER $1,500","2026-03-15T21:15:00.000","WEATHER","NOT APPLICABLE","750","N","RUSH ST","1833",,,,,,,"2","NO INDICATION OF INJURY","0","0","0","0","0","2","0","19","1","3","41.8964553134","-87.6256451665","POINT (-87.625645166504 41.896455313367)"
"c98def1d05301c0fece94ac02438d44156f970a1170eae905f9f7a637305ba73f9bc46df61aeb727c80ff854083f908522cf705b479b68be2327376b9045124d",,"2026-03-15T19:30:00.000","30","TRAFFIC SIGNAL","FUNCTIONING PROPERLY","RAIN","DARKNESS, LIGHTED ROAD","TURNING","DIVIDED - W/MEDIAN (NOT RAISED)",,"STRAIGHT AND LEVEL","WET","NO DEFECTS","NOT ON SCENE (DESK REPORT)","NO INJURY / DRIVE AWAY","Y",,"Y","OVER $1,500","2026-03-15T22:15:00.000","IMPROPER OVERTAKING/PASSING","NOT APPLICABLE","6799","W","GRAND AVE","2512",,,,,,,"2","NO INDICATION OF INJURY","0","0","0","0","0","3","0","19","1","3","41.923489749","-87.7951749836","POINT (-87.795174983644 41.923489748969)"
"d57680d4f8d5f10a8b458c99e0b9375e675f48e3734fbd779f572f650651f7e3552f79440e8d79ffc5d9845d114a7ffcd292cdb0e866caf2f7eca1bf61cba205",,"2026-03-15T19:30:00.000","30","UNKNOWN","OTHER","UNKNOWN","UNKNOWN","TURNING","UNKNOWN",,"STRAIGHT AND LEVEL","UNKNOWN","UNKNOWN","NOT ON SCENE (DESK REPORT)","NO INJURY / DRIVE AWAY",,,,"OVER $1,500","2026-03-15T20:40:00.000","UNABLE TO DETERMINE","NOT APPLICABLE","7199","W","FOREST PRESERVE AVE","1632",,,,,,,"2","NO INDICATION OF INJURY","0","0","0","0","0","2","0","19","1","3","41.9538559461","-87.8070340721","POINT (-87.807034072141 41.953855946101)"
"176f41f4fb746586870c236ba3a6e6b118434770068e9ae70fb3f74bf8c791b33b158b635b4130f604e01bf7cd2c7db1494a9b18779d3c9de2d131b3707dee4a",,"2026-03-15T19:29:00.000","30","NO CONTROLS","NO CONTROLS","RAIN","DARKNESS, LIGHTED ROAD","PARKED MOTOR VEHICLE","NOT DIVIDED",,"STRAIGHT AND LEVEL","WET","NO DEFECTS","ON SCENE","INJURY AND / OR TOW DUE TO CRASH",,,"Y","OVER $1,500","2026-03-15T19:30:00.000","IMPROPER LANE USAGE","IMPROPER LANE USAGE","3215","N","CICERO AVE","1731",,,,,,,"2","NO INDICATION OF INJURY","0","0","0","0","0","1","0","19","1","3","41.9392842059","-87.7467299629","POINT (-87.746729962865 41.939284205885)"
"51764e139b9e856d74e6a3b83576d715c4806e0ecc186ff93ec335f867cd49cb42deae4ade07e921e637762c80d43086f339564702eba1455c29fcbc5cd83061",,"2026-03-15T19:20:00.000","20","NO CONTROLS","NO CONTROLS","UNKNOWN","UNKNOWN","PARKED MOTOR VEHICLE","ONE-WAY",,"STRAIGHT AND LEVEL","UNKNOWN","UNKNOWN","NOT ON SCENE (DESK REPORT)","NO INJURY / DRIVE AWAY",,,"Y","OVER $1,500","2026-03-15T20:00:00.000","UNABLE TO DETERMINE","UNABLE TO DETERMINE","2936","N","KEATING AVE","2521",,,,,,,"2","NO INDICATION OF INJURY","0","0","0","0","0","1","0","19","1","3","41.9344819779","-87.7455876847","POINT (-87.745587684746 41.934481977903)"
"5b04e7d762e23c3e400ea5765103dc4c8bcac4e073c4d0dd387e35e8cb8fc29cd4607104409364ea4b7ec76f28427f92f8173d5bf16c6227eeba3ef33921a33e",,"2026-03-15T19:17:00.000","30","TRAFFIC SIGNAL","FUNCTIONING PROPERLY","RAIN","DARKNESS, LIGHTED ROAD","PEDESTRIAN","FOUR WAY",,"STRAIGHT AND LEVEL","WET","UNKNOWN","ON SCENE","INJURY AND / OR TOW DUE TO CRASH","Y",,,"OVER $1,500","2026-03-15T19:25:00.000","UNABLE TO DETERMINE","WEATHER","5000","N","KEDZIE AVE","1713",,,,,,,"2","NONINCAPACITATING INJURY","1","0","0","1","0","1","0","19","1","3","41.9721789684","-87.7087294642","POINT (-87.708729464243 41.972178968443)"
"1f47bc8af410e96d5e8a9642842f14cbf7f2d121fb84605b4203d96e829852c24bd074d2fd2c64a112637bcdfad46d87f8209e829f026994459141187aee5102",,"2026-03-15T19:15:00.000","30","PEDESTRIAN CROSSING SIGN","FUNCTIONING PROPERLY","RAIN","DARKNESS, LIGHTED ROAD","PEDESTRIAN","ONE-WAY",,"STRAIGHT AND LEVEL","WET","NO DEFECTS","ON SCENE","INJURY AND / OR TOW DUE TO CRASH",,,"Y","$500 OR LESS","2026-03-15T19:22:00.000","FAILING TO YIELD RIGHT-OF-WAY","FAILING TO YIELD RIGHT-OF-WAY","144","N","CLARK ST","122",,"Y",,,,,"2","INCAPACITATING INJURY","1","0","1","0","0","1","0","19","1","3","41.884314359","-87.6310737018","POINT (-87.631073701753 41.884314358966)"
"c7f59fa7389afe18a9fa1998a5bff124e9b2732c365e4b060c96454634ce142f416263d1983a99d09949c213a8410e4293140a5f4e0b31f23511d2f5816c44d2",,"2026-03-15T19:15:00.000","30","TRAFFIC SIGNAL","UNKNOWN","UNKNOWN","UNKNOWN","SIDESWIPE SAME DIRECTION","OTHER",,"STRAIGHT AND LEVEL","UNKNOWN","UNKNOWN","NOT ON SCENE (DESK REPORT)","NO INJURY / DRIVE AWAY",,,"Y","$501 - $1,500","2026-03-16T17:35:00.000","UNABLE TO DETERMINE","NOT APPLICABLE","11859","S","ASHLAND AVE","524",,,,,,,"2","NO INDICATION OF INJURY","0","0","0","0","0","2","0","19","1","3","41.6775718569","-87.6612124611","POINT (-87.661212461106 41.67757185693)"
"9e3e5cc36cfaf413f5f63a677bafe1f0501cb939d76092bd8086758481e0f30ffff9519bad8cc2aac9d98e00ef736fd8394fba337c0b470f4ef209e81e8be8e1",,"2026-03-15T19:10:00.000","30","TRAFFIC SIGNAL","FUNCTIONING IMPROPERLY","RAIN","DARKNESS","TURNING","FIVE POINT, OR MORE",,"STRAIGHT AND LEVEL","WET","UNKNOWN","NOT ON SCENE (DESK REPORT)","INJURY AND / OR TOW DUE TO CRASH","Y",,,"OVER $1,500","2026-03-15T20:30:00.000","UNABLE TO DETERMINE","NOT APPLICABLE","1566","N","DAMEN AVE","1424","Y","Y",,,,,"3","REPORTED, NOT EVIDENT","1","0","0","0","1","2","0","19","1","3","41.9101801888","-87.6775924207","POINT (-87.677592420743 41.910180188826)"
"41a55445bb9ce9cbf6dac15be569068670d07b37cdc51dcd79dbe90eaae5179725ed501a9e36abf020011011c8145166b5c1de0c833703818cccca90a59bafcd",,"2026-03-15T19:07:00.000","30","STOP SIGN/FLASHER","NO CONTROLS","RAIN","DARKNESS","ANGLE","FOUR WAY",,"STRAIGHT AND LEVEL","WET","NO DEFECTS","ON SCENE","NO INJURY / DRIVE AWAY","Y",,,"OVER $1,500","2026-03-15T19:09:00.000","FAILING TO YIELD RIGHT-OF-WAY","NOT APPLICABLE","2204","W","OHIO ST","1221",,,,,,,"2","NO INDICATION OF INJURY","0","0","0","0","0","3","0","19","1","3","41.8922926872","-87.6821219822","POINT (-87.682121982164 41.89229268719)"
"885e60bcb3db9e0d8e9edce45578e3ccd673c5b709a341bec3e790de445f0bef958f7069c0a3f5fc3cd173a74876ed305cdcc0b1d535861861218a1d64a9d30a",,"2026-03-15T19:01:00.000","30","NO CONTROLS","NO CONTROLS","RAIN","DARKNESS, LIGHTED ROAD","PARKED MOTOR VEHICLE","ONE-WAY",,"STRAIGHT AND LEVEL","WET","UNKNOWN","NOT ON SCENE (DESK REPORT)","NO INJURY / DRIVE AWAY",,,,"OVER $1,500","2026-03-15T23:10:00.000","IMPROPER LANE USAGE","IMPROPER BACKING","439","N","WELLS ST","1831",,,,,,,"2","NO INDICATION OF INJURY","0","0","0","0","0","1","0","19","1","3","41.8903140554","-87.6338891264","POINT (-87.633889126389 41.890314055414)"
"194689ab78e3ab5f6b9436207e88bf338118e013c0a8b5a991356ca179ba9fe496b0b6cc5dd21133622e71e748ddd2247cb11d893f2c53a04da8ee472284373f",,"2026-03-15T19:00:00.000","30","NO CONTROLS","NO CONTROLS","RAIN","DARKNESS","HEAD ON","NOT DIVIDED",,"STRAIGHT AND LEVEL","WET","NO DEFECTS","ON SCENE","INJURY AND / OR TOW DUE TO CRASH",,,"Y","OVER $1,500","2026-03-15T19:15:00.000","UNABLE TO DETERMINE","NOT APPLICABLE","7100","S","DORCHESTER AVE","324",,,,,,,"2","NONINCAPACITATING INJURY","1","0","0","1","0","4","0","19","1","3","41.7659677396","-87.5911389321","POINT (-87.591138932125 41.76596773958)"
"4e62b71a1dab195f9ef33934ec15da6135c872cd5e32eb028f55955505944551d9bc838d9b3342eec4adace926482a171800a12da1b2f069f38190a14abc65ba",,"2026-03-15T19:00:00.000","30","UNKNOWN","UNKNOWN","RAIN","DARKNESS, LIGHTED ROAD","PARKED MOTOR VEHICLE","NOT DIVIDED",,"STRAIGHT AND LEVEL","WET","UNKNOWN","NOT ON SCENE (DESK REPORT)","NO INJURY / DRIVE AWAY","Y",,,"OVER $1,500","2026-03-16T16:23:00.000","WEATHER","UNABLE TO DETERMINE","3398","W","115TH ST","2211","Y","Y",,,,,"2","NO INDICATION OF INJURY","0","0","0","0","0","1","0","19","1","3","41.6842990352","-87.7052985183","POINT (-87.705298518319 41.684299035159)"
"8fdf85226417620b77c5e986ce7d79da5b8332603b33b03ebe69adb297f4ddb12854c04ee5ceaef7b3cbcccaf5bfcb056ea11483624a7c21430d5bc7fe958154",,"2026-03-15T19:00:00.000","30","TRAFFIC SIGNAL","FUNCTIONING PROPERLY","RAIN","DARKNESS, LIGHTED ROAD","PEDESTRIAN","FOUR WAY",,"STRAIGHT AND LEVEL","WET","NO DEFECTS","NOT ON SCENE (DESK REPORT)","INJURY AND / OR TOW DUE TO CRASH","Y",,"Y","OVER $1,500","2026-03-16T18:15:00.000","FAILING TO YIELD RIGHT-OF-WAY","UNABLE TO DETERMINE","455","N","STATE ST","1834",,,,,,,"2","NONINCAPACITATING INJURY","1","0","0","1","0","1","0","19","1","3","41.8908285009","-87.6278898694","POINT (-87.627889869398 41.890828500917)"
"298f945bef80284c0a14a8addb489ae90049349c497e4213ca005ccada2ca5af6bdf940c572495d4972e3b936595d72ca2f0a1550a45b65d76fabda35dff638b",,"2026-03-15T18:49:00.000","5","NO CONTROLS","NO CONTROLS","RAIN","DARKNESS, LIGHTED ROAD","PARKED MOTOR VEHICLE","PARKING LOT",,"STRAIGHT AND LEVEL","WET","NO DEFECTS","ON SCENE","NO INJURY / DRIVE AWAY",,"Y",,"OVER $1,500","2026-03-15T19:28:00.000","EQUIPMENT - VEHICLE CONDITION","VISION OBSCURED (SIGNS, TREE LIMBS, BUILDINGS, ETC.)","3132","W","26TH ST","1033",,,,,,,"2","NO INDICATION OF INJURY","0","0","0","0","0","1","0","18","1","3","41.8446400036","-87.70387455","POINT (-87.703874549971 41.844640003582)"
"31454842bda1a7ff4691fa6628cb1041a8570536380299ecd3294cde9a7926c654c187768e57d26bdd4943e47a671848a79d4868618308aca6e7ec01527c2753",,"2026-03-15T18:48:00.000","30","TRAFFIC SIGNAL","FUNCTIONING PROPERLY","RAIN","DARKNESS, LIGHTED ROAD","REAR END","DIVIDED - W/MEDIAN (NOT RAISED)",,"STRAIGHT AND LEVEL","WET","NO DEFECTS","ON SCENE","INJURY AND / OR TOW DUE TO CRASH","Y",,,"OVER $1,500","2026-03-15T18:54:00.000","NOT APPLICABLE","NOT APPLICABLE","3400","S","HALSTED ST","913",,,,,,,"2","REPORTED, NOT EVIDENT","1","0","0","0","1","3","0","18","1","3","41.8327976771","-87.6462998079","POINT (-87.646299807948 41.832797677125)"
"c3d162fe0e9bd0272af273afef4bd0970ee55fb048f3355c8ca019c54ee20955a5c7021720c2015d1ba9d569c6704ae03602e71887a2546a6bc51976f5b911d2",,"2026-03-15T18:47:00.000","30","NO CONTROLS","NO CONTROLS","RAIN","DARKNESS","PARKED MOTOR VEHICLE","NOT DIVIDED",,"STRAIGHT AND LEVEL","WET","UNKNOWN","ON SCENE","NO INJURY / DRIVE AWAY",,,,"$501 - $1,500","2026-03-15T18:54:00.000","WEATHER","WEATHER","3257","N","BROADWAY","1925",,,,,,,"2","NO INDICATION OF INJURY","0","0","0","0","0","1","0","18","1","3","41.9417129034","-87.6443063362","POINT (-87.644306336179 41.941712903431)"
"61a1ed4b9da1ef28efeffa4c284199ad8a7da2df5270e33b020237e8a5fbfc929c9adc24a782bc5da6bbbd86afe2f1252b781d5a15c87626f7ce94c6158e4ad7",,"2026-03-15T18:45:00.000","30","STOP SIGN/FLASHER","FUNCTIONING PROPERLY","RAIN","DARKNESS","FIXED OBJECT","DIVIDED - W/MEDIAN (NOT RAISED)",,"STRAIGHT AND LEVEL","WET","NO DEFECTS","ON SCENE","INJURY AND / OR TOW DUE TO CRASH","Y",,,"OVER $1,500","2026-03-15T18:49:00.000","WEATHER","UNABLE TO DETERMINE","1000","W","87TH ST","613",,,,,,,"1","NONINCAPACITATING INJURY","1","0","0","1","0","1","0","18","1","3","41.7361122173","-87.6485559489","POINT (-87.648555948868 41.736112217342)"
"6f76175a1a244594e2a5b4a1b199757494f45f9d47c53234a111da0f9af843e3846ef615a774cd89422cd3c598e8c07aa57fb7c773da228ec86154afc5a7831e",,"2026-03-15T18:45:00.000","30","UNKNOWN","UNKNOWN","RAIN","DARKNESS, LIGHTED ROAD","REAR END","PARKING LOT",,"STRAIGHT AND LEVEL","WET","UNKNOWN","NOT ON SCENE (DESK REPORT)","NO INJURY / DRIVE AWAY",,,"Y","$501 - $1,500","2026-03-15T18:45:00.000","IMPROPER BACKING","UNABLE TO DETERMINE","8058","S","HALSTED ST","621",,"Y",,,,,"2","NO INDICATION OF INJURY","0","0","0","0","0","2","0","18","1","3","41.7470860989","-87.6440843829","POINT (-87.64408438293 41.747086098941)"
"d9ec07e6eebb1402838a66ebc694e5d132deb59d78c015cb47064d814bc32e0a39a784f7cc83cf78940b97c49030dcc63c4475c1e55128257dabe797119d4de7",,"2026-03-15T18:43:00.000","25","TRAFFIC SIGNAL","FUNCTIONING PROPERLY","RAIN","DARKNESS, LIGHTED ROAD","REAR END","NOT DIVIDED",,"STRAIGHT AND LEVEL","WET","NO DEFECTS","ON SCENE","NO INJURY / DRIVE AWAY",,,"Y","$500 OR LESS","2026-03-15T18:44:00.000","FAILING TO REDUCE SPEED TO AVOID CRASH","FAILING TO REDUCE SPEED TO AVOID CRASH","40","E","87TH ST","632",,,,,,,"2","NO INDICATION OF INJURY","0","0","0","0","0","5","0","18","1","3","41.7364830346","-87.6226871984","POINT (-87.622687198384 41.736483034558)"
"e1139938404b47c8acf0f5bb9d16768507d0a6ad094254e85d917f64efbc518ec3f5bbacbdba493693bc0bdf4d5fe991e32a4de0ebe43452f07fa7628b583f61",,"2026-03-15T18:40:00.000","30","NO CONTROLS","NO CONTROLS","RAIN","DAYLIGHT","SIDESWIPE OPPOSITE DIRECTION","NOT DIVIDED",,"STRAIGHT AND LEVEL","WET","NO DEFECTS","ON SCENE","NO INJURY / DRIVE AWAY",,,"Y","$501 - $1,500","2026-03-15T18:47:00.000","DRIVING SKILLS/KNOWLEDGE/EXPERIENCE","IMPROPER LANE USAGE","2769","N","MILWAUKEE AVE","1412",,,,,,,"2","NO INDICATION OF INJURY","0","0","0","0","0","2","0","18","1","3","41.9315794635","-87.7112963177","POINT (-87.711296317723 41.931579463545)"
"99df86e3dec8f61f3df02f325c7eed6fc0a109cfe7b3438f021c3b07d2b2f7c300b085d6487f96d604fdff604ae6922ec0254e12a659c708fa4df3b162afa73f",,"2026-03-15T18:37:00.000","30","NO CONTROLS","NO CONTROLS","RAIN","DAWN","SIDESWIPE SAME DIRECTION","DIVIDED - W/MEDIAN BARRIER",,"STRAIGHT AND LEVEL","WET","OTHER","ON SCENE","INJURY AND / OR TOW DUE TO CRASH",,,,"$501 - $1,500","2026-03-15T18:37:00.000","WEATHER","UNABLE TO DETERMINE","5900","S","LAKE SHORE DR","331",,,,,,,"2","NO INDICATION OF INJURY","0","0","0","0","0","4","0","18","1","3","41.7877235356","-87.5779401845","POINT (-87.577940184491 41.787723535558)"
"6c1e98475c36ab910fa0c0287e6da362eaba2b09b4045a7b3bcf9000c2f1b268f93154491607bffdd35d335b643fb49f5ffee3a9da04374dc313808d5d5d8811","Y","2026-03-15T18:30:00.000","30","STOP SIGN/FLASHER","FUNCTIONING PROPERLY","RAIN","DAYLIGHT","ANGLE","T-INTERSECTION",,"STRAIGHT AND LEVEL","WET","UNKNOWN","NOT ON SCENE (DESK REPORT)","NO INJURY / DRIVE AWAY",,,"Y","$501 - $1,500","2026-03-15T20:00:00.000","FAILING TO YIELD RIGHT-OF-WAY","FAILING TO REDUCE SPEED TO AVOID CRASH","1098","E","111TH ST","513",,,,,,,"2","NO INDICATION OF INJURY","0","0","0","0","0","2","0","18","1","3","41.6923007402","-87.5976823214","POINT (-87.597682321382 41.692300740223)"
"7fa6b60265bb5120e990f0aab25f145ee8ec729db707d30ce6e7e2e58db42f5737e356c33f211a98a301f1c9973d98186ead55122ca681de65e7996fe4aec648",,"2026-03-15T18:28:00.000","35","NO CONTROLS","NO CONTROLS","RAIN","DARKNESS","TURNING","NOT DIVIDED",,"STRAIGHT AND LEVEL","WET","UNKNOWN","NOT ON SCENE (DESK REPORT)","INJURY AND / OR TOW DUE TO CRASH",,,,"$500 OR LESS","2026-03-15T18:44:00.000","UNABLE TO DETERMINE","NOT APPLICABLE","316","E","103RD ST","511",,,,,,,"2","NO INDICATION OF INJURY","0","0","0","0","0","2","0","18","1","3","41.7073971314","-87.6154735235","POINT (-87.615473523535 41.707397131442)"
"be44ed18441232921d5446e0e545db859ce8736abf2eef6f682080228dfbec55477518ae1d52b2954f6ea142e79ea69c12f812d11d31ee9a53ebb297be86b80e",,"2026-03-15T18:25:00.000","25","TRAFFIC SIGNAL","FUNCTIONING PROPERLY","RAIN","DARKNESS, LIGHTED ROAD","TURNING","FOUR WAY",,"STRAIGHT AND LEVEL","WET","NO DEFECTS","ON SCENE","NO INJURY / DRIVE AWAY",,,,"$501 - $1,500","2026-03-15T18:26:00.000","IMPROPER OVERTAKING/PASSING","IMPROPER OVERTAKING/PASSING","1999","W","GARFIELD BLVD","715",,,,,,,"2","NO INDICATION OF INJURY","0","0","0","0","0","2","0","18","1","3","41.7934448357","-87.6742248084","POINT (-87.67422480839 41.793444835665)"
"d19cb3dcc5b8796f6143a94f98125ebfc89b9ac13c6c5acb7069ca8552bddbe602b462264313c6329e573544742693d2c26cfea0fe5d0c6d3f2f6b087df60c6a",,"2026-03-15T18:00:00.000","30","NO CONTROLS","NO CONTROLS","RAIN","DARKNESS, LIGHTED ROAD","PARKED MOTOR VEHICLE","NOT DIVIDED",,"STRAIGHT AND LEVEL","WET","NO DEFECTS","ON SCENE","NO INJURY / DRIVE AWAY",,,"Y","OVER $1,500","2026-03-15T19:39:00.000","UNABLE TO DETERMINE","UNABLE TO DETERMINE","1138","W","111TH ST","2234",,,,,,,"2","NO INDICATION OF INJURY","0","0","0","0","0","1","0","18","1","3","41.692358551","-87.6512337891","POINT (-87.651233789112 41.692358550997)"
"66d9d346fdbde626e9e2febc4e0f978c27d9df6707f428333c33b751359660d91b5e9e8696e7eab34d01644d3adc6b233d55322c3362723dc0c2291fbbc1d77b",,"2026-03-15T17:59:00.000","30","TRAFFIC SIGNAL","FUNCTIONING PROPERLY","RAIN","DAYLIGHT","ANGLE","FOUR WAY",,"STRAIGHT AND LEVEL","WET","NO DEFECTS","ON SCENE","INJURY AND / OR TOW DUE TO CRASH","Y",,,"OVER $1,500","2026-03-15T17:59:00.000","WEATHER","UNABLE TO DETERMINE","5899","S","WELLS ST","711",,,,,,,"2","NONINCAPACITATING INJURY","2","0","0","2","0","0","0","17","1","3","41.7872474549","-87.6318013366","POINT (-87.631801336612 41.787247454898)"
"0a489da4c686a87979c5a7f45982a9a3afa06590e2d21686babe50fdf6fca70d09ecbc51b4e06d6dfa371040628e26893c0f8b26a32b10eaa8548073880502cf",,"2026-03-15T17:30:00.000","30","NO CONTROLS","NO CONTROLS","RAIN","DARKNESS, LIGHTED ROAD","PEDESTRIAN","ONE-WAY",,"STRAIGHT AND LEVEL","WET","NO DEFECTS","ON SCENE","INJURY AND / OR TOW DUE TO CRASH",,,,"$500 OR LESS","2026-03-15T19:09:00.000","FAILING TO YIELD RIGHT-OF-WAY","NOT APPLICABLE","6600","S","TALMAN AVE","831",,,,,,,"2","NONINCAPACITATING INJURY","1","0","0","1","0","1","0","17","1","3","41.7735896468","-87.6897354872","POINT (-87.689735487157 41.773589646792)"
"28db5985bd6e0472ef79551076ad83d8d685f96d7ebd531c7102fdc697e192e3487bcfcb805792db455cfade61924ad06990267ab46ce058b1d39eba7c0e3c6a",,"2026-03-15T17:30:00.000","30","NO CONTROLS","UNKNOWN","UNKNOWN","UNKNOWN","TURNING","NOT DIVIDED",,"STRAIGHT AND LEVEL","UNKNOWN","UNKNOWN","NOT ON SCENE (DESK REPORT)","NO INJURY / DRIVE AWAY",,,"Y","OVER $1,500","2026-03-15T18:43:00.000","FAILING TO YIELD RIGHT-OF-WAY","FAILING TO YIELD RIGHT-OF-WAY","6609","N","CLARK ST","2432",,,,,,,"2","NO INDICATION OF INJURY","0","0","0","0","0","4","0","17","1","3","42.0020271809","-87.671819018","POINT (-87.671819018048 42.002027180902)"
"aadf37edcd4e04188aed7c98ed3048edeb2884d38dcdd39d8fd7477fdb75e2fe06048c6b86191d32357ef51264a6a75d536bf69b8870a6892c2a57247a0edc53",,"2026-03-15T17:30:00.000","30","TRAFFIC SIGNAL","FUNCTIONING PROPERLY","RAIN","DAYLIGHT","SIDESWIPE SAME DIRECTION","DIVIDED - W/MEDIAN BARRIER",,"STRAIGHT AND LEVEL","WET","NO DEFECTS","NOT ON SCENE (DESK REPORT)","NO INJURY / DRIVE AWAY","Y",,"Y","OVER $1,500","2026-03-15T18:40:00.000","UNABLE TO DETERMINE","NOT APPLICABLE","9456","S","ASHLAND AVE","2221",,,,,,,"2","NO INDICATION OF INJURY","0","0","0","0","0","2","0","17","1","3","41.7213597014","-87.6628348478","POINT (-87.662834847767 41.721359701435)"