"crash_record_id","crash_date_est_i","crash_date","posted_speed_limit","traffic_control_device","device_condition","weather_condition","lighting_condition","first_crash_type","trafficway_type","lane_cnt","alignment","roadway_surface_cond","road_defect","report_type","crash_type","intersection_related_i","private_property_i","hit_and_run_i","damage","date_police_notified","prim_contributory_cause","sec_contributory_cause","street_no","street_direction","street_name","beat_of_occurrence","photos_taken_i","statements_taken_i","dooring_i","work_zone_i","work_zone_type","workers_present_i","num_units","most_severe_injury","injuries_total","injuries_fatal","injuries_incapacitating","injuries_non_incapacitating","injuries_reported_not_evident","injuries_no_indication","injuries_unknown","crash_hour","crash_day_of_week","crash_month","latitude","longitude","location"
"aa60973b16c0c261ec297a96c1568e824e3c98eeb1aac3c6acbd7f1e05331f915599bd41d5f59d7d92c99be34658f4f4280225a13b4ae88da9ab2f2d747e0b3b",,"2026-03-15T17:20:00.000","30","NO CONTROLS","NO CONTROLS","UNKNOWN","DAYLIGHT","TURNING","DIVIDED - W/MEDIAN (NOT RAISED)",,"STRAIGHT AND LEVEL","UNKNOWN","UNKNOWN","NOT ON SCENE (DESK REPORT)","NO INJURY / DRIVE AWAY",,,,"OVER $1,500","2026-03-16T13:00:00.000","IMPROPER TURNING/NO SIGNAL","FAILING TO REDUCE SPEED TO AVOID CRASH","301","E","NORTH WATER ST","1834",,,,,,,"2","NO INDICATION OF INJURY","0","0","0","0","0","2","0","17","1","3","41.8894582801","-87.6203683764","POINT (-87.620368376429 41.889458280109)"
"97c8c013d69b2b1cc55b99f6a8eff0230d4c961a18764424fbeb3d03f3db5d8d344b8e89c0d26225de9b1539b4338cdef5d026af73356915c077ad1942f6b4c1",,"2026-03-15T17:19:00.000","30","UNKNOWN","UNKNOWN","RAIN","DARKNESS, LIGHTED ROAD","PARKED MOTOR VEHICLE","DIVIDED - W/MEDIAN (NOT RAISED)",,"STRAIGHT AND LEVEL","WET","UNKNOWN","ON SCENE","INJURY AND / OR TOW DUE TO CRASH",,,,"OVER $1,500","2026-03-15T17:20:00.000","UNABLE TO DETERMINE","NOT APPLICABLE","664","W","DIVERSEY PKWY","1934",,"Y",,,,,"3","NO INDICATION OF INJURY","0","0","0","0","0","1","0","17","1","3","41.932888636","-87.6460423035","POINT (-87.646042303544 41.932888636049)"
"06490eaba291ce04aa3bb4ea8cef2dce99a8978658cdb0890b742c579b7ec2cc1f65da6bac6141549ca02008b44b129c1d6a7fd79ed4bab29f5976be04f09beb",,"2026-03-15T17:03:00.000","30","NO CONTROLS","NO CONTROLS","RAIN","DAYLIGHT","SIDESWIPE SAME DIRECTION","NOT DIVIDED",,"STRAIGHT AND LEVEL","WET","NO DEFECTS","NOT ON SCENE (DESK REPORT)","NO INJURY / DRIVE AWAY",,,,"$501 - $1,500","2026-03-15T17:03:00.000","UNABLE TO DETERMINE","UNABLE TO DETERMINE","603","W","MONROE ST","121",,,,,,,"2","NO INDICATION OF INJURY","0","0","0","0","0","2","0","17","1","3","41.8804365946","-87.6427774336","POINT (-87.642777433589 41.88043659462)"
"bab58cec0e9f686028ca1d0e8c0722dd4e3c5d4f4f968ef894fac4a0a8266076739f3df07711715d3503c61527646deb2083d36f7bbb4c9f175a89894604cb49",,"2026-03-15T17:00:00.000","15","OTHER","UNKNOWN","RAIN","DAYLIGHT","PARKED MOTOR VEHICLE","OTHER",,"STRAIGHT AND LEVEL","WET","UNKNOWN","NOT ON SCENE (DESK REPORT)","NO INJURY / DRIVE AWAY",,,,"OVER $1,500","2026-03-15T18:45:00.000","UNABLE TO DETERMINE","NOT APPLICABLE","2702","S","SPRINGFIELD AVE","1031",,,,,,,"2","NO INDICATION OF INJURY","0","0","0","0","0","1","0","17","1","3","41.8422936892","-87.7222031967","POINT (-87.722203196707 41.842293689238)"
"df6069c06076705d9365640524f4333f900892186079c5c8bcde5bb3b1a9fefe95fa1959cb683c162cc36137b66cda337b766e29d3d4ff6099c193eeeab8294d",,"2026-03-15T17:00:00.000","30","TRAFFIC SIGNAL","FUNCTIONING PROPERLY","OTHER","DAYLIGHT","PEDESTRIAN","NOT DIVIDED",,"STRAIGHT AND LEVEL","WET","NO DEFECTS","NOT ON SCENE (DESK REPORT)","NO INJURY / DRIVE AWAY",,,,"$501 - $1,500","2026-03-15T18:30:00.000","FOLLOWING TOO CLOSELY","NOT APPLICABLE","10300","S","WESTERN AVE","2211",,,,,,,"2","NO INDICATION OF INJURY","0","0","0","0","0","2","0","17","1","3","41.7062823319","-87.6817635946","POINT (-87.68176359458 41.706282331898)"
"a6d1eb68116d1297921e8d409cc16ed0f04d30a47b02f35b80fee80846ca41e933a553e73ffc8106796095584a985646a5efaf7e80e1accb2c139bb80352d849",,"2026-03-15T16:43:00.000","30","NO CONTROLS","NO CONTROLS","RAIN","DUSK","PARKED MOTOR VEHICLE","ONE-WAY",,"STRAIGHT AND LEVEL","WET","NO DEFECTS","ON SCENE","NO INJURY / DRIVE AWAY",,,"Y","$501 - $1,500","2026-03-15T16:45:00.000","UNABLE TO DETERMINE","UNABLE TO DETERMINE","1633","W","JUNEWAY TER","2422",,"Y",,,,,"2","NO INDICATION OF INJURY","0","0","0","0","0","1","0","16","1","3","42.0224133835","-87.6718276915","POINT (-87.671827691476 42.022413383452)"
"debbdb939a187f0934f3791709a3d92aa0414ebc03d18fd9216a8ef721ea9bca1ebbebd185dc227a784ca0aabfd2c35bfa5fd83f6cc57043d836868c5ae5d3aa",,"2026-03-15T16:43:00.000","30","TRAFFIC SIGNAL","FUNCTIONING PROPERLY","RAIN","DUSK","ANGLE","FOUR WAY",,"STRAIGHT AND LEVEL","WET","UNKNOWN","ON SCENE","INJURY AND / OR TOW DUE TO CRASH","Y",,,"OVER $1,500","2026-03-15T16:44:00.000","FAILING TO YIELD RIGHT-OF-WAY","NOT APPLICABLE","4800","W","DIVISION ST","2533",,,,,,,"2","NONINCAPACITATING INJURY","2","0","0","2","0","1","0","16","1","3","41.9024605494","-87.7461029029","POINT (-87.746102902944 41.902460549401)"
"fb5e6f0f60faaa6c10809bd72d7db7aed92156ea324d2327009381a8b429b807f8706f3249d1b89cbb9cc4b0adecf9a1e56c8546e1e4ee5bccb064b8f293d7c9",,"2026-03-15T16:38:00.000","30","UNKNOWN","UNKNOWN","RAIN","DAYLIGHT","PARKED MOTOR VEHICLE","DIVIDED - W/MEDIAN (NOT RAISED)",,"STRAIGHT AND LEVEL","UNKNOWN","UNKNOWN","ON SCENE","INJURY AND / OR TOW DUE TO CRASH",,,"Y","OVER $1,500","2026-03-15T16:40:00.000","UNDER THE INFLUENCE OF ALCOHOL/DRUGS (USE WHEN ARREST IS EFFECTED)","UNDER THE INFLUENCE OF ALCOHOL/DRUGS (USE WHEN ARREST IS EFFECTED)","3208","S","UNION AVE","915",,,,,,,"4","NO INDICATION OF INJURY","0","0","0","0","0","1","0","16","1","3","41.8359339288","-87.6439368469","POINT (-87.643936846896 41.835933928821)"
"7dca9482b4d0d6d78d15d5a082f691141636f97b13298c404f1844726e8b60e05d51f3bf440fc9f93bf425fac7839542162b1b635f5a64bb30b9c1bfb304b8a8",,"2026-03-15T16:34:00.000","30","TRAFFIC SIGNAL","FUNCTIONING PROPERLY","RAIN","DUSK","FIXED OBJECT","FOUR WAY",,"STRAIGHT AND LEVEL","WET","NO DEFECTS","ON SCENE","NO INJURY / DRIVE AWAY","Y",,"N","OVER $1,500","2026-03-15T16:44:00.000","FAILING TO YIELD RIGHT-OF-WAY","NOT APPLICABLE","2600","S","WENTWORTH AVE","914",,,,,,,"1","NO INDICATION OF INJURY","0","0","0","0","0","3","0","16","1","3","41.845494944","-87.6319704313","POINT (-87.631970431289 41.845494943967)"
"c59eaf36486d530b2e115cf544c79bb0509c2423bdfd5cf98407622deab5842b7ec0fbba3c280116a0125098817c8a82295473774e52bc66d2e2196a0df1ce07",,"2026-03-15T16:33:00.000","30","TRAFFIC SIGNAL","FUNCTIONING PROPERLY","RAIN","DAWN","ANGLE","FOUR WAY",,"STRAIGHT AND LEVEL","WET","NO DEFECTS","NOT ON SCENE (DESK REPORT)","INJURY AND / OR TOW DUE TO CRASH","Y",,,"OVER $1,500","2026-03-15T16:52:00.000","UNABLE TO DETERMINE","NOT APPLICABLE","739","W","TAYLOR ST","1232",,,,,,,"2","NONINCAPACITATING INJURY","3","0","0","3","0","1","0","16","1","3","41.8695649021","-87.6454438363","POINT (-87.645443836271 41.869564902145)"
"7b967885e54d9135a9546d24e4aa0e4d0ff4bc57ae0483e1c0f6f45a20dd0a3cef0dea5a8b05cd0f0ba628b49dbb907c90de59c771a486d2f80b1b0372727f5c",,"2026-03-15T16:30:00.000","30","NO CONTROLS","NO CONTROLS","RAIN","DAYLIGHT","SIDESWIPE OPPOSITE DIRECTION","NOT DIVIDED",,"STRAIGHT AND LEVEL","WET","NO DEFECTS","ON SCENE","NO INJURY / DRIVE AWAY",,,"Y","$500 OR LESS","2026-03-15T16:47:00.000","UNABLE TO DETERMINE","UNABLE TO DETERMINE","3103","W","27TH ST","1033",,,,,,,"2","NO INDICATION OF INJURY","0","0","0","0","0","2","0","16","1","3","41.842618342","-87.7026697829","POINT (-87.702669782909 41.842618341973)"
"7c00a91e9362e0a97d044668fa8d2d7561673dbc84948aa4da433e00e3670a8de5b2d7964876ff42a7dc6102c4567c4d36ccfcb5140377cbc9fcc8b279b0f266",,"2026-03-15T16:30:00.000","30","NO CONTROLS","NO CONTROLS","UNKNOWN","DAYLIGHT","TURNING","OTHER",,"STRAIGHT AND LEVEL","UNKNOWN","UNKNOWN","NOT ON SCENE (DESK REPORT)","NO INJURY / DRIVE AWAY",,,"Y","OVER $1,500","2026-03-15T17:45:00.000","UNABLE TO DETERMINE","NOT APPLICABLE","2749","N","CICERO AVE","2521",,,,,,,"2","NO INDICATION OF INJURY","0","0","0","0","0","2","0","16","1","3","41.931178164","-87.7464335744","POINT (-87.746433574382 41.931178164027)"
"f5d5f83336e13f4b40066b3e5e0190591e22b12ca16cf5fdc88c44cc3cdb25af282e7249748a46e190aa41f1fbbf3ae0656b90880de2c6e2ad395bd2863a63d9",,"2026-03-15T16:30:00.000","30","STOP SIGN/FLASHER","FUNCTIONING PROPERLY","RAIN","DAYLIGHT","ANGLE","OTHER",,"STRAIGHT AND LEVEL","WET","UNKNOWN","NOT ON SCENE (DESK REPORT)","NO INJURY / DRIVE AWAY",,,,"OVER $1,500","2026-03-15T17:25:00.000","UNABLE TO DETERMINE","UNABLE TO DETERMINE","2800","W","ARTHUR AVE","2412",,,,,,,"2","NO INDICATION OF INJURY","0","0","0","0","0","2","0","16","1","3","41.9994953546","-87.6997618151","POINT (-87.699761815053 41.999495354597)"
"c81696bb3220ac5c82252d6d95be15be5fb1fe9087a92f416308d805a85809ae30d057b6841009fc71bb4762e2081379e292d0945e92c3d50ca13f812c0cc4ab",,"2026-03-15T16:24:00.000","30","UNKNOWN","UNKNOWN","CLEAR","DUSK","TURNING","NOT DIVIDED",,"STRAIGHT AND LEVEL","DRY","UNKNOWN","ON SCENE","NO INJURY / DRIVE AWAY","Y",,"N","OVER $1,500","2026-03-15T17:08:00.000","IMPROPER LANE USAGE","NOT APPLICABLE","4401","W","MADISON ST","1113",,,,,,,"2","NO INDICATION OF INJURY","0","0","0","0","0","2","0","16","1","3","41.8804994508","-87.735595961","POINT (-87.735595960982 41.880499450757)"
"8b93557341695e8daf9e400328524462e585d8f0156a94a116ff901c2a5de6b9812c12f502836a5b62f8ab7eb05c1d30dbfe725ed966abdd7411451b0b3c36b9",,"2026-03-15T16:20:00.000","30","TRAFFIC SIGNAL","FUNCTIONING PROPERLY","UNKNOWN","DAYLIGHT","SIDESWIPE SAME DIRECTION","NOT DIVIDED",,"STRAIGHT AND LEVEL","UNKNOWN","UNKNOWN","ON SCENE","NO INJURY / DRIVE AWAY","Y",,,"OVER $1,500","2026-03-15T16:45:00.000","IMPROPER OVERTAKING/PASSING","FAILING TO YIELD RIGHT-OF-WAY","1601","N","SHEFFIELD AVE","1813",,,,,,,"2","NO INDICATION OF INJURY","0","0","0","0","0","4","0","16","1","3","41.9108886215","-87.6529623259","POINT (-87.652962325924 41.910888621519)"
"18406edcb43cc6b540d9cfc346f668155ec05d19ebdefac5a76ac2ffb26e1b8dcb494120ea40b6e9d53c3b06f5031e179c22036d71cd77fd4fd0260f521cfa24","N","2026-03-15T16:15:00.000","30","TRAFFIC SIGNAL","FUNCTIONING PROPERLY","CLOUDY/OVERCAST","DAYLIGHT","TURNING","FOUR WAY",,"STRAIGHT AND LEVEL","WET","NO DEFECTS","ON SCENE","INJURY AND / OR TOW DUE TO CRASH","Y",,"Y","OVER $1,500","2026-03-15T16:20:00.000","UNABLE TO DETERMINE","UNABLE TO DETERMINE","2600","W","71ST ST","831",,"Y",,,,,"3","NO INDICATION OF INJURY","0","0","0","0","0","4","0","16","1","3","41.7647270148","-87.6882014704","POINT (-87.688201470417 41.764727014802)"
"600e70badee3d3be2aa8c08946e23a9619dc4f2d8e7bda92ab13d346332e26410cc7f7e1d1a27811c7f52e586fcde3ee8919e6ac28b9b800c5c5ca907fa953a4",,"2026-03-15T16:15:00.000","30","UNKNOWN","UNKNOWN","UNKNOWN","UNKNOWN","SIDESWIPE SAME DIRECTION","UNKNOWN",,"STRAIGHT AND LEVEL","UNKNOWN","UNKNOWN","NOT ON SCENE (DESK REPORT)","NO INJURY / DRIVE AWAY",,,,"OVER $1,500","2026-03-15T16:45:00.000","UNABLE TO DETERMINE","UNABLE TO DETERMINE","5500","S","KILPATRICK AVE","813",,,,,,,"2","NO INDICATION OF INJURY","0","0","0","0","0","2","0","16","1","3","41.7929561077","-87.7404617428","POINT (-87.740461742821 41.792956107689)"
"7839327b8d5735a63e0961b4bc9d1cea4422da96a1e1eba564eb7151f84e9355121cbd3c2776df8de53d23f15fb8c34bdcb2c75b516a7ebe86af1d8ddf630429",,"2026-03-15T16:00:00.000","30","TRAFFIC SIGNAL","FUNCTIONING PROPERLY","RAIN","DAYLIGHT","REAR END","NOT DIVIDED",,"STRAIGHT AND LEVEL","WET","NO DEFECTS","ON SCENE","NO INJURY / DRIVE AWAY",,,,"OVER $1,500","2026-03-15T16:04:00.000","FOLLOWING TOO CLOSELY","UNABLE TO DETERMINE","400","E","MC FETRIDGE DR","132",,,,,,,"2","NO INDICATION OF INJURY","0","0","0","0","0","4","0","16","1","3","41.8651062523","-87.6181971383","POINT (-87.618197138307 41.865106252263)"
"b42910912fde6801f4c5d743b906703e2c8f465c01b635be858c136757786637568fb243c60961f99dee83f35970d4ac3101b6e669f897563c9504f82236ef59",,"2026-03-15T16:00:00.000","30","NO CONTROLS","NO CONTROLS","CLEAR","DAYLIGHT","PARKED MOTOR VEHICLE","DIVIDED - W/MEDIAN BARRIER",,"STRAIGHT AND LEVEL","DRY","NO DEFECTS","ON SCENE","NO INJURY / DRIVE AWAY",,,"Y","OVER $1,500","2026-03-15T16:29:00.000","UNABLE TO DETERMINE","UNABLE TO DETERMINE","6300","S","STONY ISLAND AVE","314",,,,,,,"2","NO INDICATION OF INJURY","0","0","0","0","0","1","0","16","1","3","41.7805253951","-87.5866029955","POINT (-87.586602995543 41.780525395052)"
"8962cd760e70f8a57e47889f2fb11bf94214bf9ee5dcb6c7a5168d20ccc5af7df783ba13593471e81385f328af02e8a4e4385422a3a1c0d5b5a7149784da5c06",,"2026-03-15T15:51:00.000","30","NO CONTROLS","NO CONTROLS","CLEAR","DAYLIGHT","PARKED MOTOR VEHICLE","NOT DIVIDED",,"STRAIGHT AND LEVEL","WET","NO DEFECTS","ON SCENE","NO INJURY / DRIVE AWAY",,,,"$501 - $1,500","2026-03-15T16:05:00.000","FAILING TO YIELD RIGHT-OF-WAY","NOT APPLICABLE","8151","S","KILPATRICK AVE","834",,,,,,,"2","NO INDICATION OF INJURY","0","0","0","0","0","1","0","15","1","3","41.7441296538","-87.7383389693","POINT (-87.738338969318 41.74412965378)"
"3d49d4396351aa6aad7dc32dcfe28f26492e50bdfdd98773aed6659829ef6379c7ed09cfa93817c3c52ec1f41dba65de20b1988c1ae1ffc623650caf27820e7a",,"2026-03-15T15:45:00.000","30","STOP SIGN/FLASHER","FUNCTIONING PROPERLY","CLEAR","DAYLIGHT","ANGLE","FOUR WAY",,"STRAIGHT AND LEVEL","DRY","NO DEFECTS","ON SCENE","NO INJURY / DRIVE AWAY",,,"Y","OVER $1,500","2026-03-15T16:18:00.000","DISREGARDING STOP SIGN","FAILING TO REDUCE SPEED TO AVOID CRASH","8198","S","STONY ISLAND AVE","411",,,,,,,"2","NO INDICATION OF INJURY","0","0","0","0","0","2","0","15","1","3","41.7461104716","-87.5859990115","POINT (-87.585999011463 41.746110471621)"
"7a3ca5a504c089db56b0388ec172d087cbfa45e3d36416b4128077397f538838e2a1cc9b251240c3c2247f53635d715dd4d5805fe33e2a7af1c7ade1833697b9",,"2026-03-15T15:34:00.000","30","TRAFFIC SIGNAL","FUNCTIONING PROPERLY","RAIN","DAYLIGHT","TURNING","NOT DIVIDED",,"STRAIGHT AND LEVEL","WET","NO DEFECTS","ON SCENE","INJURY AND / OR TOW DUE TO CRASH","Y",,,"OVER $1,500","2026-03-15T15:34:00.000","FAILING TO YIELD RIGHT-OF-WAY","FAILING TO YIELD RIGHT-OF-WAY","536","W","VAN BUREN ST","121",,,,,,,"2","NONINCAPACITATING INJURY","3","0","0","1","2","0","0","15","1","3","41.8768627132","-87.640969741","POINT (-87.640969740955 41.876862713171)"
"e0f64c6e6b7aecb7412e50781b92b63aadcb286917108da1d70612b752d12c9cd7867faa9992cf5c82181f3760e39776005b5abde67f05e0d4cea039f8ef613b",,"2026-03-15T15:21:00.000","5","STOP SIGN/FLASHER","FUNCTIONING PROPERLY","RAIN","DARKNESS, LIGHTED ROAD","TURNING","PARKING LOT",,"STRAIGHT AND LEVEL","WET","NO DEFECTS","ON SCENE","NO INJURY / DRIVE AWAY",,"N",,"OVER $1,500","2026-03-15T17:54:00.000","FAILING TO YIELD RIGHT-OF-WAY","NOT APPLICABLE","1260","N","KOSTNER AVE","2533",,,,,,,"2","NO INDICATION OF INJURY","0","0","0","0","0","2","0","15","1","3","41.9042785768","-87.7363371578","POINT (-87.736337157752 41.904278576798)"
"4f7deaa8d649a7db30517cd7dd75bf746abd53f17044465fa077b766f5f8e48c5edafb2dd8805f85aa2e2e8182c56f35524a6ead09c2ac19ee6dab76d50fbb4b",,"2026-03-15T15:15:00.000","30","NO CONTROLS","NO CONTROLS","RAIN","DAYLIGHT","SIDESWIPE OPPOSITE DIRECTION","T-INTERSECTION",,"STRAIGHT AND LEVEL","WET","NO DEFECTS","ON SCENE","NO INJURY / DRIVE AWAY",,,"Y","$500 OR LESS","2026-03-15T15:17:00.000","OPERATING VEHICLE IN ERRATIC, RECKLESS, CARELESS, NEGLIGENT OR AGGRESSIVE MANNER","OPERATING VEHICLE IN ERRATIC, RECKLESS, CARELESS, NEGLIGENT OR AGGRESSIVE MANNER","6575","N","NORTHWEST HWY","1611",,,,,,,"2","NO INDICATION OF INJURY","0","0","0","0","0","2","0","15","1","3","42.0004308305","-87.8122222808","POINT (-87.812222280782 42.000430830469)"
"64531c01a8b8c8c45b091f7db18d5f56564339a0e2e998aef9e386de9df08f827dbabedf0a1ecd1e680c74dc0a28f94cf01e8457fa4c5531f43c2344b31d3979",,"2026-03-15T15:15:00.000","10","NO CONTROLS","NO CONTROLS","FREEZING RAIN/DRIZZLE","DAYLIGHT","REAR TO SIDE","PARKING LOT",,"STRAIGHT AND LEVEL","WET","NO DEFECTS","ON SCENE","NO INJURY / DRIVE AWAY",,,"Y","OVER $1,500","2026-03-15T15:23:00.000","FAILING TO YIELD RIGHT-OF-WAY","DRIVING SKILLS/KNOWLEDGE/EXPERIENCE","4955","W","MADISON ST","1533","Y","Y",,,,,"2","NO INDICATION OF INJURY","0","0","0","0","0","2","0","15","1","3","41.8803304533","-87.7497895171","POINT (-87.749789517126 41.880330453313)"
"ae63a7a12eac47461bbbd3ad7c36bfe4c53b9a69a7bc51f8a472802795b4fe5df6c98ddda5b7e46ecad3d550d04d669d0bab1c93808896559189a50deee48233",,"2026-03-15T15:15:00.000","30","NO CONTROLS","NO CONTROLS","UNKNOWN","DAYLIGHT","PARKED MOTOR VEHICLE","DIVIDED - W/MEDIAN (NOT RAISED)",,"STRAIGHT AND LEVEL","UNKNOWN","UNKNOWN","NOT ON SCENE (DESK REPORT)","NO INJURY / DRIVE AWAY",,,"Y","$501 - $1,500","2026-03-15T15:40:00.000","UNABLE TO DETERMINE","NOT APPLICABLE","1244","E","93RD ST","413",,,,,,,"2","NO INDICATION OF INJURY","0","0","0","0","0","1","0","15","1","3","41.7259844083","-87.5931064979","POINT (-87.593106497863 41.725984408317)"
"4cbeced977b9fe22b34f26f10e86572c88e70bf649917b4cd3934347e967900585e092ab53dd815aaf14dc1454ff1128b9948c308df0029712516ba6b41c7d2e",,"2026-03-15T15:10:00.000","30","STOP SIGN/FLASHER","NO CONTROLS","UNKNOWN","DAYLIGHT","ANGLE","FOUR WAY",,"STRAIGHT AND LEVEL","UNKNOWN","UNKNOWN","NOT ON SCENE (DESK REPORT)","NO INJURY / DRIVE AWAY","Y",,"Y","OVER $1,500","2026-03-15T16:00:00.000","UNABLE TO DETERMINE","UNABLE TO DETERMINE","300","S","KILDARE AVE","1131",,,,,,,"2","NO INDICATION OF INJURY","0","0","0","0","0","4","0","15","1","3","41.8769496949","-87.7330452504","POINT (-87.733045250446 41.876949694909)"
"62739937a387f9c0c683f6d0ffaedb46dc26bf36e8ffe3a37bae3e233f879b72615791bc8a791f6c3be785afb50c0f7535c23e11934cfc375fa223d5c95f345d",,"2026-03-15T15:00:00.000","35","TRAFFIC SIGNAL","FUNCTIONING PROPERLY","RAIN","DAYLIGHT","REAR END","NOT DIVIDED",,"STRAIGHT AND LEVEL","WET","NO DEFECTS","NOT ON SCENE (DESK REPORT)","NO INJURY / DRIVE AWAY","Y",,,"OVER $1,500","2026-03-16T11:37:00.000","UNABLE TO DETERMINE","UNABLE TO DETERMINE","8303","W","HIGGINS RD","1614",,,,,,,"2","NO INDICATION OF INJURY","0","0","0","0","0","2","0","15","1","3","41.9859408831","-87.8341767724","POINT (-87.834176772412 41.985940883138)"
"9427c5833a2d8c653d9c96d87aafec5e46e6971d64f28b2a3648016f091203c00cede8221dd67cdb33c39e77270b204a28978d6fc656ac95cd2133894d11c3f9","Y","2026-03-15T15:00:00.000","30","STOP SIGN/FLASHER","FUNCTIONING PROPERLY","UNKNOWN","UNKNOWN","PARKED MOTOR VEHICLE","NOT DIVIDED",,"STRAIGHT AND LEVEL","UNKNOWN","UNKNOWN","NOT ON SCENE (DESK REPORT)","NO INJURY / DRIVE AWAY",,,"Y","OVER $1,500","2026-03-15T17:40:00.000","UNABLE TO DETERMINE","NOT APPLICABLE","1717","W","NEWPORT AVE","1922",,,,,,,"2","NO INDICATION OF INJURY","0","0","0","0","0","1","0","15","1","3","41.9440990962","-87.6719092935","POINT (-87.671909293452 41.944099096158)"
"94d939c57023a02fe2124e91cf89e3a5b07d4bbb8b603c05fc5304acb24a8985d39622bbbb14b35bb38417fa9daf5208a308dfefcc12cae353b14cfbc8f00555",,"2026-03-15T15:00:00.000","30","NO CONTROLS","NO CONTROLS","CLEAR","DAYLIGHT","PARKED MOTOR VEHICLE","NOT DIVIDED",,"STRAIGHT AND LEVEL","WET","UNKNOWN","ON SCENE","INJURY AND / OR TOW DUE TO CRASH",,,,"OVER $1,500","2026-03-15T15:04:00.000","UNABLE TO DETERMINE","UNABLE TO DETERMINE","7149","W","GEORGE ST","2511",,,,,,,"2","NONINCAPACITATING INJURY","1","0","0","1","0","0","0","15","1","3","41.932458512","-87.8060706287","POINT (-87.806070628748 41.932458512033)"
"f62390f0875ace330150d1dcb36daae92de734345fc743718f7bc0768640b63636582fa85d92b9d785a1a5328a121e22f0ceef03478f8ea978d2f7eb175a3afa",,"2026-03-15T14:57:00.000","30","NO CONTROLS","NO CONTROLS","CLEAR","DAYLIGHT","PARKED MOTOR VEHICLE","NOT DIVIDED",,"STRAIGHT AND LEVEL","UNKNOWN","UNKNOWN","ON SCENE","INJURY AND / OR TOW DUE TO CRASH",,,"Y","OVER $1,500","2026-03-15T14:57:00.000","UNABLE TO DETERMINE","UNABLE TO DETERMINE","1644","E","HYDE PARK BLVD","222",,,,,,,"3","NO INDICATION OF INJURY","0","0","0","0","0","1","0","14","1","3","41.8026300483","-87.5844717134","POINT (-87.584471713384 41.80263004827)"
"0d93666ded61020d2fd60d6bde177221a724b82827139ccdc285a7705309783ef39fe110849c1e5d8eb78f14603055706c89b2aea4b5df82f0f941888067b35f",,"2026-03-15T14:53:00.000","30","TRAFFIC SIGNAL","FUNCTIONING PROPERLY","CLEAR","DAYLIGHT","TURNING","FOUR WAY",,"STRAIGHT AND LEVEL","WET","NO DEFECTS","ON SCENE","INJURY AND / OR TOW DUE TO CRASH",,,"Y","OVER $1,500","2026-03-15T15:55:00.000","IMPROPER OVERTAKING/PASSING","FAILING TO YIELD RIGHT-OF-WAY","2401","W","63RD ST","825",,,,,,,"2","NONINCAPACITATING INJURY","2","0","0","2","0","1","0","14","1","3","41.7791152972","-87.6837240039","POINT (-87.68372400386 41.779115297212)"
"36dba5bd0b9e8122d5c9716a397187e7eb90e84081343bfd7955cc6699d684de094a47f3b000c90e8e588b2a79f44b526ff9186b566ba289f501147817c1f838",,"2026-03-15T14:44:00.000","30","NO CONTROLS","NO CONTROLS","CLOUDY/OVERCAST","DAYLIGHT","PARKED MOTOR VEHICLE","ONE-WAY",,"STRAIGHT AND LEVEL","UNKNOWN","UNKNOWN","ON SCENE","INJURY AND / OR TOW DUE TO CRASH",,,"Y","OVER $1,500","2026-03-15T14:46:00.000","UNABLE TO DETERMINE","NOT APPLICABLE","2739","E","80TH ST","422",,,,,,,"3","NO INDICATION OF INJURY","0","0","0","0","0","1","0","14","1","3","41.749922681","-87.5573980209","POINT (-87.557398020947 41.749922680973)"
"46840cc8d49d209386e97aa1b4da6df8817641282c896c8a102f777cebd82fc95bb294c029b7fa057ea24d99e967360af40e9614c73d9ff3753d3884cd7af917",,"2026-03-15T14:41:00.000","30","NO CONTROLS","NO CONTROLS","CLEAR","DAYLIGHT","SIDESWIPE SAME DIRECTION","NOT DIVIDED",,"STRAIGHT AND LEVEL","DRY","UNKNOWN",,"INJURY AND / OR TOW DUE TO CRASH",,,,"OVER $1,500","2026-03-15T15:55:00.000","NOT APPLICABLE","NOT APPLICABLE","66","W","OAK ST","1824",,,,,,,"2","NO INDICATION OF INJURY","0","0","0","0","0","2","0","14","1","3","41.9006702853","-87.6308416959","POINT (-87.630841695886 41.900670285306)"
"c907e5866d4714512b049fe1cc93967ab9416025749b5b37dce03c812846304c00654291cf5ce2920f461b6ab6701581c1cc3df41502a5a8d4dd76455683a395",,"2026-03-15T14:41:00.000","30","TRAFFIC SIGNAL","FUNCTIONING PROPERLY","CLEAR","DAYLIGHT","REAR END","NOT DIVIDED",,"STRAIGHT AND LEVEL","DRY","NO DEFECTS","NOT ON SCENE (DESK REPORT)","NO INJURY / DRIVE AWAY",,,,"OVER $1,500","2026-03-15T16:40:00.000","FAILING TO YIELD RIGHT-OF-WAY","UNABLE TO DETERMINE","708","W","BELMONT AVE","1925",,,,,,,"2","NO INDICATION OF INJURY","0","0","0","0","0","2","0","14","1","3","41.9401197956","-87.6472616631","POINT (-87.647261663065 41.940119795567)"
"76b946adb46b37d5c4fc072a0e5d375738457d2418eaa57fe4c3a3ba91933d0d0d81d9d23b7f8957fbcec0fcfc4e22d91598b66bd2cfcdaf0f42488a90bfdd37",,"2026-03-15T14:30:00.000","30","NO CONTROLS","NO CONTROLS","CLEAR","DAYLIGHT","SIDESWIPE SAME DIRECTION","DIVIDED - W/MEDIAN (NOT RAISED)",,"STRAIGHT AND LEVEL","DRY","NO DEFECTS","NOT ON SCENE (DESK REPORT)","NO INJURY / DRIVE AWAY",,,,"OVER $1,500","2026-03-15T14:45:00.000","FAILING TO YIELD RIGHT-OF-WAY","NOT APPLICABLE","4025","N","ELSTON AVE","1723",,,,,,,"2","NO INDICATION OF INJURY","0","0","0","0","0","4","0","14","1","3","41.9543005815","-87.7198166739","POINT (-87.719816673947 41.954300581503)"