"crash_record_id","crash_date_est_i","crash_date","posted_speed_limit","traffic_control_device","device_condition","weather_condition","lighting_condition","first_crash_type","trafficway_type","lane_cnt","alignment","roadway_surface_cond","road_defect","report_type","crash_type","intersection_related_i","private_property_i","hit_and_run_i","damage","date_police_notified","prim_contributory_cause","sec_contributory_cause","street_no","street_direction","street_name","beat_of_occurrence","photos_taken_i","statements_taken_i","dooring_i","work_zone_i","work_zone_type","workers_present_i","num_units","most_severe_injury","injuries_total","injuries_fatal","injuries_incapacitating","injuries_non_incapacitating","injuries_reported_not_evident","injuries_no_indication","injuries_unknown","crash_hour","crash_day_of_week","crash_month","latitude","longitude","location"
"aad03ad728cc8001b5c90634a21e8d9c3ac701fa341d5004f2abfa206186858147d59761bb45971207102dc5c2cf2a71678d686451701a3241349d44dfd5ea58",,"2026-03-15T14:30:00.000","30","TRAFFIC SIGNAL","FUNCTIONING PROPERLY","RAIN","DAYLIGHT","ANGLE","NOT DIVIDED",,"STRAIGHT AND LEVEL","WET","NO DEFECTS","NOT ON SCENE (DESK REPORT)","NO INJURY / DRIVE AWAY","Y",,,"$501 - $1,500","2026-03-15T16:13:00.000","UNABLE TO DETERMINE","UNABLE TO DETERMINE","2002","S","UNION AVE","1235",,,,,,,"2","NO INDICATION OF INJURY","0","0","0","0","0","2","0","14","1","3","41.8554035337","-87.6439242793","POINT (-87.64392427929 41.855403533679)"
"4e243f1ce38478ecd339de8f8d0ee1c2a7dc7207b19212fcd5783a388e9d881cadf6d82e7990bee105b988f8e2649588a52bf84c31a5c2cf00657740e4f82635",,"2026-03-15T14:15:00.000","15","NO CONTROLS","NO CONTROLS","CLEAR","DAYLIGHT","PARKED MOTOR VEHICLE","PARKING LOT",,"STRAIGHT AND LEVEL","DRY","NO DEFECTS","ON SCENE","NO INJURY / DRIVE AWAY",,,"Y","OVER $1,500","2026-03-15T14:42:00.000","IMPROPER BACKING","UNABLE TO DETERMINE","2855","N","MILWAUKEE AVE","1412",,,,,,,"2","NO INDICATION OF INJURY","0","0","0","0","0","1","0","14","1","3","41.9331800918","-87.7139132229","POINT (-87.713913222892 41.93318009176)"
"5f5c34e0153d289cca0a8fa49f6531dca2cedfa0c5be97f36db066021da052962ef11e4dda98b84da93dec254691c27d9f38a534c62ea6c05f797589a4f47c2c",,"2026-03-15T14:15:00.000","30","NO CONTROLS","NO CONTROLS","RAIN","DAYLIGHT","PARKED MOTOR VEHICLE","NOT DIVIDED",,"STRAIGHT AND LEVEL","WET","UNKNOWN","NOT ON SCENE (DESK REPORT)","NO INJURY / DRIVE AWAY",,,"Y","OVER $1,500","2026-03-15T17:15:00.000","FOLLOWING TOO CLOSELY","NOT APPLICABLE","2216","N","GENEVA TER","1812",,,,,,,"2","NO INDICATION OF INJURY","0","0","0","0","0","1","0","14","1","3","41.9223696795","-87.6439500216","POINT (-87.643950021599 41.922369679455)"
"924bca7bfcd0201ae9d0602dfc8e9e2558d53ce8f9887fe652841742f4497fd9a8a1d3b2a326ed2dfc8c0cbfb8f272f0e92e4b2c5fd2403464e1197e09845d4b",,"2026-03-15T14:15:00.000","30","NO CONTROLS","NO CONTROLS","UNKNOWN","UNKNOWN","REAR END","CENTER TURN LANE",,"STRAIGHT AND LEVEL","UNKNOWN","UNKNOWN","NOT ON SCENE (DESK REPORT)","NO INJURY / DRIVE AWAY",,,,"$501 - $1,500","2026-03-15T14:27:00.000","FOLLOWING TOO CLOSELY","FOLLOWING TOO CLOSELY","2209","W","WASHINGTON BLVD","1223",,,,,,,"2","NO INDICATION OF INJURY","0","0","0","0","0","3","0","14","1","3","41.8829498043","-87.6819924792","POINT (-87.681992479181 41.882949804295)"
"9f0b055da236799c7003c538dea06a5519b39e33c4d79802a44c2a62f0e9e55846ab0ec198889df432bab9f66b40d8b47bc9ee242c4717a21d151dd47669c5d0",,"2026-03-15T14:15:00.000","30","NO CONTROLS","NO CONTROLS","UNKNOWN","DAYLIGHT","SIDESWIPE SAME DIRECTION","DIVIDED - W/MEDIAN (NOT RAISED)",,"STRAIGHT AND LEVEL","UNKNOWN","UNKNOWN","NOT ON SCENE (DESK REPORT)","NO INJURY / DRIVE AWAY",,,,"$501 - $1,500","2026-03-15T17:34:00.000","NOT APPLICABLE","NOT APPLICABLE","813","E","63RD ST","312",,,,,,,"2","NO INDICATION OF INJURY","0","0","0","0","0","2","0","14","1","3","41.7803098842","-87.6053308285","POINT (-87.605330828522 41.780309884179)"
"e228c6001bdbcce091cbd62292fab0f4e7b3f526a21edfc8d650ca18f2b3bf52134c76c665f11d9bb946781ceb93972bbcd21ad3cab3cf739a63a40fe30b3ff2",,"2026-03-15T14:07:00.000","30","NO CONTROLS","NO CONTROLS","RAIN","DUSK","SIDESWIPE OPPOSITE DIRECTION","NOT DIVIDED",,"STRAIGHT AND LEVEL","WET","NO DEFECTS","ON SCENE","INJURY AND / OR TOW DUE TO CRASH",,,,"$500 OR LESS","2026-03-15T14:31:00.000","WEATHER","UNABLE TO DETERMINE","10729","S","MAPLEWOOD AVE","2212",,,,,,,"2","NO INDICATION OF INJURY","0","0","0","0","0","4","0","14","1","3","41.6981734153","-87.6849201665","POINT (-87.684920166533 41.698173415337)"
"8da8be47539c4ae99832840236ab97c85fc341b1e35e4bfaed72d8ff490939c0f91222d9ed79666f59f482082bf78eed5949567ae803c5cc0ca10ceb625842a1",,"2026-03-15T14:00:00.000","30","TRAFFIC SIGNAL","FUNCTIONING PROPERLY","CLEAR","DAYLIGHT","SIDESWIPE SAME DIRECTION","NOT DIVIDED",,"CURVE, LEVEL","DRY","NO DEFECTS","NOT ON SCENE (DESK REPORT)","NO INJURY / DRIVE AWAY","Y",,,"$501 - $1,500","2026-03-16T08:15:00.000","FOLLOWING TOO CLOSELY","NOT APPLICABLE","2400","N","LAKE SHORE DR SB","1935",,,,,,,"2","NO INDICATION OF INJURY","0","0","0","0","0","2","0","14","1","3","41.9261607198","-87.6315146648","POINT (-87.631514664826 41.926160719812)"
"9134b3d7bf184e52ec008c0e68255f6e41ed90efcd03bae536e42a9bd57a4094b555926ca0a8f0b816c75af4128298bceccdd7f322a2c5ddf4e4bb8bb25f17dc",,"2026-03-15T14:00:00.000","30","NO CONTROLS","NO CONTROLS","CLEAR","DAYLIGHT","SIDESWIPE SAME DIRECTION","NOT DIVIDED",,"STRAIGHT AND LEVEL","DRY","NO DEFECTS","NOT ON SCENE (DESK REPORT)","NO INJURY / DRIVE AWAY",,,,"$501 - $1,500","2026-03-15T15:13:00.000","UNABLE TO DETERMINE","UNABLE TO DETERMINE","4241","W","MADISON ST","1115",,,,,,,"2","NO INDICATION OF INJURY","0","0","0","0","0","2","0","14","1","3","41.8805391992","-87.7322160373","POINT (-87.732216037263 41.880539199242)"
"9e96f96a1b2f8f2fedf2cc419e82af280da8459e42fb258d5fd98838dc77f5ff64c08285528d3b42de1038ec9242b1ede650fd85b17650047915fcf954b63a87",,"2026-03-15T14:00:00.000","30","NO CONTROLS","NO CONTROLS","RAIN","DAYLIGHT","ANGLE","NOT DIVIDED",,"STRAIGHT AND LEVEL","WET","NO DEFECTS","NOT ON SCENE (DESK REPORT)","NO INJURY / DRIVE AWAY",,,,"OVER $1,500","2026-03-15T15:10:00.000","UNABLE TO DETERMINE","UNABLE TO DETERMINE","6335","W","DEVON AVE","1611",,,,,,,"2","NO INDICATION OF INJURY","0","0","0","0","0","3","0","14","1","3","41.997259154","-87.7867198959","POINT (-87.786719895863 41.997259154019)"
"a0d1d8b24cb7f08b4c5687b7fe5b1df617fcc55e8d4533fc19290913f9fcc23431a763455d1991c91a358c43fa60b4d0ff61907b0c158be912fb1acccbd82dce",,"2026-03-15T14:00:00.000","30","NO CONTROLS","UNKNOWN","RAIN","DAYLIGHT","PARKED MOTOR VEHICLE","NOT DIVIDED",,"STRAIGHT AND LEVEL","WET","NO DEFECTS","ON SCENE","NO INJURY / DRIVE AWAY",,,"Y","OVER $1,500","2026-03-15T16:26:00.000","UNABLE TO DETERMINE","NOT APPLICABLE","1662","W","104TH ST","2212",,,,,,,"2","NO INDICATION OF INJURY","0","0","0","0","0","1","0","14","1","3","41.7054126072","-87.6643906951","POINT (-87.664390695127 41.705412607163)"
"a717d37e202a460ad67d6ae2343839167169f4322b81ea888506132b83418aec8dac440f1639158c4b1768721c64c8679727c778089b37377754de0c8f7f54ed",,"2026-03-15T14:00:00.000","30","STOP SIGN/FLASHER","OTHER","CLEAR","DAYLIGHT","ANGLE","FOUR WAY",,"STRAIGHT AND LEVEL","DRY","NO DEFECTS","NOT ON SCENE (DESK REPORT)","NO INJURY / DRIVE AWAY","Y",,,"OVER $1,500","2026-03-15T15:07:00.000","FAILING TO YIELD RIGHT-OF-WAY","NOT APPLICABLE","7532","S","STONY ISLAND AVE","411",,,,,,,"2","NO INDICATION OF INJURY","0","0","0","0","0","2","0","14","1","3","41.7577471664","-87.5862657944","POINT (-87.586265794363 41.757747166364)"
"fddc065d816957aff782f63c44a51f2d88fb406bfaef273ee495c532be631919ee41f15cc38ff279016ce619cd54c4146d529aea003b2db4b640bc0a8452d840",,"2026-03-15T14:00:00.000","30","NO CONTROLS","NO CONTROLS","UNKNOWN","UNKNOWN","PARKED MOTOR VEHICLE","NOT DIVIDED",,"STRAIGHT AND LEVEL","UNKNOWN","NO DEFECTS","NOT ON SCENE (DESK REPORT)","NO INJURY / DRIVE AWAY",,,"Y","OVER $1,500","2026-03-15T14:40:00.000","UNABLE TO DETERMINE","NOT APPLICABLE","3825","N","SHEFFIELD AVE","1923",,,,,,,"2","NO INDICATION OF INJURY","0","0","0","0","0","1","0","14","1","3","41.9519021138","-87.6543190544","POINT (-87.65431905444 41.951902113789)"
"31beeb01106ab18aeeb404802323dc765d3eda75c8e33d60a8cf81b6d3c1f8bf384e3a650538a74c9b3ab81dcff574885565dc1978e7ed4ab670ce870a402079",,"2026-03-15T13:45:00.000","30","NO CONTROLS","NO CONTROLS","UNKNOWN","DAYLIGHT","SIDESWIPE SAME DIRECTION","DIVIDED - W/MEDIAN (NOT RAISED)",,"STRAIGHT AND LEVEL","DRY","NO DEFECTS","NOT ON SCENE (DESK REPORT)","NO INJURY / DRIVE AWAY",,,,"$501 - $1,500","2026-03-16T12:10:00.000","FAILING TO YIELD RIGHT-OF-WAY","UNABLE TO DETERMINE","6752","N","SHERIDAN RD","2432",,,,,,,"2","NO INDICATION OF INJURY","0","0","0","0","0","2","0","13","1","3","42.0051027488","-87.6610224689","POINT (-87.66102246885 42.005102748786)"
"74b491609048c8eabfcddf8fefeafe25d2a20dc26dc75f86b30dbe9a40f8550d6b825eacefe869a4af53a96f0c3d5b4c9cd1bba7056e3ee60632289aa972c9ea",,"2026-03-15T13:45:00.000","25","STOP SIGN/FLASHER","UNKNOWN","RAIN","DAYLIGHT","SIDESWIPE SAME DIRECTION","OTHER",,"STRAIGHT AND LEVEL","WET","UNKNOWN","NOT ON SCENE (DESK REPORT)","NO INJURY / DRIVE AWAY","N",,"Y","OVER $1,500","2026-03-15T14:15:00.000","IMPROPER OVERTAKING/PASSING","NOT APPLICABLE","1401","S","KOMENSKY AVE","1011",,,,,,,"2","NO INDICATION OF INJURY","0","0","0","0","0","3","0","13","1","3","41.862414758","-87.7261371805","POINT (-87.726137180545 41.862414758019)"
"dcf9c97c56e5f50ce28314737b8656b3c452a24eebe3f84faa06f1f42624bc3efcd96d9ac024067b272aab822cb20d807f83e423167bee3942f2666e35ac1088",,"2026-03-15T13:34:00.000","30","NO CONTROLS","NO CONTROLS","CLEAR","DAYLIGHT","PARKED MOTOR VEHICLE","DIVIDED - W/MEDIAN (NOT RAISED)",,"STRAIGHT AND LEVEL","DRY","UNKNOWN",,"NO INJURY / DRIVE AWAY",,,"Y","OVER $1,500","2026-03-15T14:00:00.000","UNABLE TO DETERMINE","NOT APPLICABLE","4223","W","LAKE ST","1114",,,,,,,"2","NO INDICATION OF INJURY","0","0","0","0","0","1","0","13","1","3","41.8856882288","-87.7316997639","POINT (-87.731699763892 41.885688228774)"
"3713b69576861c689cdcbd33937121ea00b1f4a5a4a18ddcef7516b69e6cbdb8e93243b59e2d42eabb44c47a34e0279dc189612c3b04458c9c237a77334df27f",,"2026-03-15T13:30:00.000","30","NO CONTROLS","NO CONTROLS","UNKNOWN","DAYLIGHT","PARKED MOTOR VEHICLE","DIVIDED - W/MEDIAN (NOT RAISED)",,"STRAIGHT AND LEVEL","UNKNOWN","UNKNOWN","ON SCENE","NO INJURY / DRIVE AWAY",,,"Y","OVER $1,500","2026-03-15T20:15:00.000","FAILING TO REDUCE SPEED TO AVOID CRASH","NOT APPLICABLE","681","N","LA SALLE DR","1832",,,,,,,"2","NO INDICATION OF INJURY","0","0","0","0","0","1","0","13","1","3","41.8947731982","-87.6325283742","POINT (-87.632528374239 41.894773198169)"
"b7bce18a14b5a707db44f38369ccfd8cf281327f3bde5561ea67596c9979af6e27cccff6662e202a81e71a6af47a64c865c93f21b8e773ea73da525f62c64b6a",,"2026-03-15T13:20:00.000","30","NO CONTROLS","NO CONTROLS","UNKNOWN","DAYLIGHT","PARKED MOTOR VEHICLE","DIVIDED - W/MEDIAN (NOT RAISED)",,"STRAIGHT AND LEVEL","UNKNOWN","UNKNOWN","NOT ON SCENE (DESK REPORT)","NO INJURY / DRIVE AWAY",,,"Y","$501 - $1,500","2026-03-15T14:16:00.000","NOT APPLICABLE","NOT APPLICABLE","1316","W","63RD ST","713",,,,,,,"2","NO INDICATION OF INJURY","0","0","0","0","0","1","0","13","1","3","41.7796743599","-87.6577784028","POINT (-87.657778402846 41.779674359925)"
"c59a1a7fe78b34c2ab31132faf4a574f49783a6846723617313a684873786517c524afc9d9d06e901400ef5a759d6c28bc5c4f451c063a24ccc55ff88bc13b85",,"2026-03-15T13:20:00.000","30","NO CONTROLS","NO CONTROLS","CLEAR","DAYLIGHT","ANGLE","ONE-WAY",,"STRAIGHT AND LEVEL","DRY","NO DEFECTS","NOT ON SCENE (DESK REPORT)","NO INJURY / DRIVE AWAY",,,,"OVER $1,500","2026-03-15T14:28:00.000","UNABLE TO DETERMINE","NOT APPLICABLE","2308","W","RICE ST","1212",,,,,,,"2","NO INDICATION OF INJURY","0","0","0","0","0","2","0","13","1","3","41.8968062699","-87.6848506806","POINT (-87.684850680555 41.896806269927)"
"14fab2449916b431d910a89575ca690c3cdda3872a2139824ee68f793b64348467612af0ca2696435d446c7325c84a4f203a69d965e95ae40d59e4b1d5db0681",,"2026-03-15T13:17:00.000","25","TRAFFIC SIGNAL","FUNCTIONING PROPERLY","RAIN","DAYLIGHT","ANGLE","FOUR WAY",,"STRAIGHT AND LEVEL","WET","NO DEFECTS","ON SCENE","INJURY AND / OR TOW DUE TO CRASH","Y",,,"OVER $1,500","2026-03-15T13:17:00.000","DISREGARDING TRAFFIC SIGNALS","NOT APPLICABLE","6300","S","STATE ST","312",,,,,,,"2","NO INDICATION OF INJURY","0","0","0","0","0","2","0","13","1","3","41.7800082774","-87.6255225119","POINT (-87.625522511916 41.780008277408)"
"99c5d9b9374a3bad6fb0882ce74d2de450cd3bda314c7413053399f1435e94fe8c15051c67e53920d37cf27b29f8aa9071daa93102ec388f2893aa1cd39a45b6",,"2026-03-15T13:12:00.000","30","NO CONTROLS","NO CONTROLS","RAIN","DAYLIGHT","PARKED MOTOR VEHICLE","NOT DIVIDED",,"STRAIGHT AND LEVEL","WET","NO DEFECTS","ON SCENE","NO INJURY / DRIVE AWAY",,,"Y","OVER $1,500","2026-03-15T16:57:00.000","DRIVING SKILLS/KNOWLEDGE/EXPERIENCE","NOT APPLICABLE","1326","W","HENDERSON ST","1924",,,,,,,"2","NO INDICATION OF INJURY","0","0","0","0","0","1","0","13","1","3","41.9426305228","-87.6625716037","POINT (-87.662571603659 41.942630522756)"
"62cb1f4227561c73b5d4a98605a6723f76e066f45c53812bc19b73ed345c8618229dbbe5ce6b7934cad07416b41acac001192f10b03b43ab92084bad33e0d777",,"2026-03-15T13:11:00.000","30","NO CONTROLS","NO CONTROLS","CLEAR","DAYLIGHT","PARKED MOTOR VEHICLE","ONE-WAY",,"STRAIGHT AND LEVEL","DRY","NO DEFECTS","NOT ON SCENE (DESK REPORT)","NO INJURY / DRIVE AWAY",,,,"OVER $1,500","2026-03-15T16:20:00.000","UNABLE TO DETERMINE","NOT APPLICABLE","5040","S","DORCHESTER AVE","222",,,,,,,"2","NO INDICATION OF INJURY","0","0","0","0","0","1","0","13","1","3","41.8031526624","-87.5920110909","POINT (-87.592011090851 41.803152662438)"
"0141627fcd9b31d85b128cf157005dff286e184f403b344d876c67fdd588d3f28c1704e39e3829736ffa352fd465328ef71b974b99da7f35549ba171719b0c7c",,"2026-03-15T13:00:00.000","30","NO CONTROLS","NO CONTROLS","UNKNOWN","UNKNOWN","PARKED MOTOR VEHICLE","DIVIDED - W/MEDIAN (NOT RAISED)",,"STRAIGHT AND LEVEL","UNKNOWN","NO DEFECTS","NOT ON SCENE (DESK REPORT)","NO INJURY / DRIVE AWAY",,,"Y","OVER $1,500","2026-03-15T15:20:00.000","UNABLE TO DETERMINE","UNABLE TO DETERMINE","4854","N","CENTRAL PARK AVE","1712",,,,,,,"2","NO INDICATION OF INJURY","0","0","0","0","0","1","0","13","1","3","41.9699617246","-87.7184454851","POINT (-87.718445485146 41.969961724585)"
"31514dd0f83894ace558956361441f9a543a530143c563e4fc9067681d749d6f534157df1f07850b7e6405db70673b6001906efd78fe2d372358f7a1defdd0d5",,"2026-03-15T12:45:00.000","30","NO CONTROLS","NO CONTROLS","RAIN","DAYLIGHT","SIDESWIPE SAME DIRECTION","NOT DIVIDED",,"STRAIGHT AND LEVEL","WET","NO DEFECTS","ON SCENE","NO INJURY / DRIVE AWAY","Y",,,"OVER $1,500","2026-03-15T12:47:00.000","FAILING TO YIELD RIGHT-OF-WAY","NOT APPLICABLE","6325","N","HARLEM AVE","1612",,,,,,,"2","NO INDICATION OF INJURY","0","0","0","0","0","2","0","12","1","3","41.9963003827","-87.8066580011","POINT (-87.806658001113 41.996300382746)"
"8561e44d9a4007c9b79ddae4f006816506ac3ed09d05e3e641a4891afaba73b11a79e58f0a9beccaf1dd64fd4ee250cff7a71d9c2b4f8b85da9481fa21259ba4","Y","2026-03-15T12:45:00.000","30","OTHER WARNING SIGN","NO CONTROLS","RAIN","DAYLIGHT","PARKED MOTOR VEHICLE","NOT DIVIDED",,"STRAIGHT AND LEVEL","WET","NO DEFECTS","ON SCENE","NO INJURY / DRIVE AWAY",,,,"OVER $1,500","2026-03-15T12:45:00.000","DRIVING SKILLS/KNOWLEDGE/EXPERIENCE","UNABLE TO DETERMINE","2409","W","114TH ST","2212",,,,,,,"2","NO INDICATION OF INJURY","0","0","0","0","0","1","0","12","1","3","41.6862403701","-87.6813950048","POINT (-87.68139500482 41.686240370108)"
"e86e05fbd44bde8cf7602f0a12c907fec8a3f0362fcb9942037ed66fe2c8c2a9985be2b1aa722fe1720aa7af50eab26c42fdb9fb21bbfd4c9442a93ecc7e11cf",,"2026-03-15T12:41:00.000","30","TRAFFIC SIGNAL","FUNCTIONING PROPERLY","RAIN","DAYLIGHT","TURNING","T-INTERSECTION",,"STRAIGHT AND LEVEL","WET","NO DEFECTS","ON SCENE","INJURY AND / OR TOW DUE TO CRASH","Y",,"Y","$500 OR LESS","2026-03-15T12:41:00.000","FAILING TO REDUCE SPEED TO AVOID CRASH","FOLLOWING TOO CLOSELY","101","N","PULASKI RD","1122",,,,,,,"2","NONINCAPACITATING INJURY","5","0","0","5","0","1","0","12","1","3","41.8819885724","-87.7255608436","POINT (-87.725560843628 41.881988572417)"
"f40d8808bcde0f476a8d24c4fc95f522209020a97067f46df8b0aea3a5a7a656da91f8a941d450f0c011fe2389d1035d25b462c92c39d06f69af5377a44d02ec",,"2026-03-15T12:35:00.000","30","NO CONTROLS","NO CONTROLS","RAIN","DAYLIGHT","REAR END","NOT DIVIDED",,"STRAIGHT AND LEVEL","WET","NO DEFECTS","NOT ON SCENE (DESK REPORT)","NO INJURY / DRIVE AWAY",,,,"OVER $1,500","2026-03-15T13:00:00.000","UNABLE TO DETERMINE","UNABLE TO DETERMINE","7099","N","CALDWELL AVE","1621",,,,,,,"2","NO INDICATION OF INJURY","0","0","0","0","0","5","0","12","1","3","42.0100810497","-87.7869112866","POINT (-87.786911286644 42.010081049733)"
"8c13b4ebe4bc08aac04afc6a9c3de93114e70099b4a40432430ff12571aa7c12627eecc2cd2d75e8d2364d37e677b34004cf792e9641cf9063c340998b9a6b52",,"2026-03-15T12:34:00.000","35","NO CONTROLS","NO CONTROLS","CLEAR","DAYLIGHT","PARKED MOTOR VEHICLE","NOT DIVIDED",,"STRAIGHT AND LEVEL","WET","NO DEFECTS","ON SCENE","INJURY AND / OR TOW DUE TO CRASH",,,,"OVER $1,500","2026-03-15T12:35:00.000","UNABLE TO DETERMINE","UNABLE TO DETERMINE","713","S","KEDZIE AVE","1134",,,,,,,"3","REPORTED, NOT EVIDENT","1","0","0","0","1","0","0","12","1","3","41.8723281733","-87.7057224333","POINT (-87.705722433263 41.872328173341)"
"d1fe1926b9d6e997cde2703c40c8357defd47b59d1c8448a31886b3448e163ed404baaa2f6f99e09a351e02c707bd769f374f93363967e03a4ef675275d4c9d6",,"2026-03-15T12:22:00.000","30","STOP SIGN/FLASHER","FUNCTIONING IMPROPERLY","RAIN","DAYLIGHT","REAR END","DIVIDED - W/MEDIAN (NOT RAISED)",,"STRAIGHT AND LEVEL","WET","NO DEFECTS","ON SCENE","INJURY AND / OR TOW DUE TO CRASH",,,,"OVER $1,500","2026-03-15T12:22:00.000","FOLLOWING TOO CLOSELY","NOT APPLICABLE","3106","W","PETERSON AVE","2413",,,,,,,"4","REPORTED, NOT EVIDENT","2","0","0","0","2","3","0","12","1","3","41.9905059362","-87.7071048487","POINT (-87.707104848675 41.990505936199)"
"ffef7e4c5f21a75bc04d0c1be51ab60a75933bdcf60d935fb6e0b9a30fe6bc40d07efd3c1ac0d9a5d06fc255e75c26e86db2b0a6155bef5151893ac4bd6af77d",,"2026-03-15T12:20:00.000","30","NO CONTROLS","NO CONTROLS","RAIN","DAYLIGHT","PARKED MOTOR VEHICLE","PARKING LOT",,"STRAIGHT AND LEVEL","WET","UNKNOWN","ON SCENE","NO INJURY / DRIVE AWAY",,,"Y","OVER $1,500","2026-03-15T12:52:00.000","UNABLE TO DETERMINE","NOT APPLICABLE","2939","W","ADDISON ST","1733",,,,,,,"2","NO INDICATION OF INJURY","0","0","0","0","0","1","0","12","1","3","41.946538983","-87.7020848861","POINT (-87.702084886142 41.946538982968)"
"570a395dd27d5682bb82c99c27dde2438935256055af7891a6f15f72888645933d5f557a101dcdcdb82d0d186118a746b93448a3e373df0e001b15df76aaa7d1",,"2026-03-15T12:10:00.000","30","NO CONTROLS","NO CONTROLS","RAIN","DAYLIGHT","TURNING","NOT DIVIDED",,"STRAIGHT AND LEVEL","WET","NO DEFECTS","ON SCENE","INJURY AND / OR TOW DUE TO CRASH",,,,"OVER $1,500","2026-03-15T12:14:00.000","FAILING TO YIELD RIGHT-OF-WAY","UNABLE TO DETERMINE","1227","E","HYDE PARK BLVD","234",,,,,,,"2","INCAPACITATING INJURY","1","0","1","0","0","1","0","12","1","3","41.8022688283","-87.595575959","POINT (-87.595575958972 41.802268828255)"
"cd9bbb5e33f4fb669d266e9db4fd6eef8f25db37aeb93363f3efb390a76b86376a3c85d95addc8f17dd7e06ca2fbfa849a0463c03c0fd536f5dd9afd9e64e4f3",,"2026-03-15T12:10:00.000","30","TRAFFIC SIGNAL","FUNCTIONING PROPERLY","RAIN","DAYLIGHT","REAR END","NOT DIVIDED",,"STRAIGHT AND LEVEL","WET","NO DEFECTS","NOT ON SCENE (DESK REPORT)","NO INJURY / DRIVE AWAY","Y",,"Y","$501 - $1,500","2026-03-15T12:30:00.000","FOLLOWING TOO CLOSELY","FAILING TO REDUCE SPEED TO AVOID CRASH","504","W","GRAND AVE","1831",,,,,,,"2","NO INDICATION OF INJURY","0","0","0","0","0","2","0","12","1","3","41.8915146872","-87.6412859157","POINT (-87.641285915708 41.891514687191)"
"02ff4a21e7495bcd8b7c5565882f89baf627ab078c377b90188011622b9e4eebcbe57efe67cf4e174bf2264afabc90bd42713d672f6905a105144dabe7132cdb","Y","2026-03-15T12:00:00.000","30","NO CONTROLS","NO CONTROLS","RAIN","DAYLIGHT","PARKED MOTOR VEHICLE","NOT DIVIDED",,"STRAIGHT AND LEVEL","WET","NO DEFECTS","NOT ON SCENE (DESK REPORT)","NO INJURY / DRIVE AWAY",,,"Y","OVER $1,500","2026-03-15T15:40:00.000","UNABLE TO DETERMINE","NOT APPLICABLE","11600","S","CAMPBELL AVE","2212",,,,,,,"2","NO INDICATION OF INJURY","0","0","0","0","0","1","0","12","1","3","41.6826002862","-87.6834662822","POINT (-87.683466282196 41.682600286191)"
"041d8d37acb5e1bbf2124995c0b646500852274185ecb443e603a238a9939ad28947156869ed50ef99aeaf1f516d6658a1dd0ae683ba52740171efbb6cfd1a6f",,"2026-03-15T12:00:00.000","35","TRAFFIC SIGNAL","FUNCTIONING PROPERLY","RAIN","DAYLIGHT","SIDESWIPE SAME DIRECTION","DIVIDED - W/MEDIAN (NOT RAISED)",,"STRAIGHT AND LEVEL","WET","UNKNOWN","ON SCENE","NO INJURY / DRIVE AWAY",,,"Y","OVER $1,500","2026-03-15T12:15:00.000","UNABLE TO DETERMINE","NOT APPLICABLE","701","S","COLUMBUS DR","114",,,,,,,"2","NO INDICATION OF INJURY","0","0","0","0","0","2","0","12","1","3","41.8731503686","-87.6204451473","POINT (-87.620445147329 41.873150368624)"
"7fd42bf0e1a42fd99afbe4cdb878f3e977e4cdde0c36fae885e3970b0a0bd3d21e3be38478342d3bda6da279758c0d92b01ca5b601f5e7ec06a771d0ef63e844","Y","2026-03-15T12:00:00.000","25","STOP SIGN/FLASHER","FUNCTIONING PROPERLY","UNKNOWN","UNKNOWN","PARKED MOTOR VEHICLE","NOT DIVIDED",,"STRAIGHT AND LEVEL","UNKNOWN","UNKNOWN","NOT ON SCENE (DESK REPORT)","NO INJURY / DRIVE AWAY",,,"Y","$501 - $1,500","2026-03-16T07:37:00.000","UNABLE TO DETERMINE","UNABLE TO DETERMINE","1644","E","HYDE PARK BLVD","222",,,,,,,"3","NO INDICATION OF INJURY","0","0","0","0","0","1","0","12","1","3","41.8026300483","-87.5844717134","POINT (-87.584471713384 41.80263004827)"
"922504b3a56ab57134506694c123f95cba2bfcf8f686d4b8ee38c85e4e6c560247b8df897bf84c2b7271842fbdf8311b7fdd4e1ecb3e2e93be93b6a865569e22",,"2026-03-15T12:00:00.000","30","UNKNOWN","UNKNOWN","UNKNOWN","UNKNOWN","SIDESWIPE SAME DIRECTION","ONE-WAY",,"STRAIGHT AND LEVEL","UNKNOWN","UNKNOWN","NOT ON SCENE (DESK REPORT)","NO INJURY / DRIVE AWAY",,,,"OVER $1,500","2026-03-15T13:30:00.000","UNABLE TO DETERMINE","NOT APPLICABLE","5835","W","IRVING PARK RD","1633",,,,,,,"2","NO INDICATION OF INJURY","0","0","0","0","0","4","0","12","1","3","41.9529895219","-87.773327137","POINT (-87.773327136957 41.952989521878)"
"2739406c3b41a749c0139e1639bc0473c4a0be077f5c5b11437782fbcd5e662cf6b619bbd8c70c4c4da879028810f0990dc7979c5abe0d11b9aa6a99954569c6",,"2026-03-15T11:50:00.000","30","STOP SIGN/FLASHER","FUNCTIONING PROPERLY","CLOUDY/OVERCAST","DAYLIGHT","REAR END","ONE-WAY",,"STRAIGHT AND LEVEL","WET","NO DEFECTS","ON SCENE","INJURY AND / OR TOW DUE TO CRASH",,,,"OVER $1,500","2026-03-15T11:59:00.000","NOT APPLICABLE","NOT APPLICABLE","111","W","MAPLE ST","1824",,,,,,,"2","NO INDICATION OF INJURY","0","0","0","0","0","2","0","11","1","3","41.9017266664","-87.6318996199","POINT (-87.631899619949 41.901726666429)"