"crash_record_id","crash_date_est_i","crash_date","posted_speed_limit","traffic_control_device","device_condition","weather_condition","lighting_condition","first_crash_type","trafficway_type","lane_cnt","alignment","roadway_surface_cond","road_defect","report_type","crash_type","intersection_related_i","private_property_i","hit_and_run_i","damage","date_police_notified","prim_contributory_cause","sec_contributory_cause","street_no","street_direction","street_name","beat_of_occurrence","photos_taken_i","statements_taken_i","dooring_i","work_zone_i","work_zone_type","workers_present_i","num_units","most_severe_injury","injuries_total","injuries_fatal","injuries_incapacitating","injuries_non_incapacitating","injuries_reported_not_evident","injuries_no_indication","injuries_unknown","crash_hour","crash_day_of_week","crash_month","latitude","longitude","location"
"2d0140a3e5ceb47edef066ef9c12f1583818a20fd7614c029437d0de18f5add47286d289fea9430e90bd7d9fa15a2a5e822e21e17e08dbc3c38dc2de165fe715",,"2026-03-15T11:50:00.000","10","NO CONTROLS","NO CONTROLS","CLEAR","DAYLIGHT","PARKED MOTOR VEHICLE","PARKING LOT",,"STRAIGHT AND LEVEL","WET","UNKNOWN","NOT ON SCENE (DESK REPORT)","NO INJURY / DRIVE AWAY",,"Y",,"OVER $1,500","2026-03-15T14:00:00.000","UNABLE TO DETERMINE","UNABLE TO DETERMINE","3341","W","26TH ST","1032",,,,,,,"2","NO INDICATION OF INJURY","0","0","0","0","0","1","0","11","1","3","41.8443514424","-87.7090854994","POINT (-87.709085499401 41.844351442355)"
"8d02e60853adb8a070d444a7665982c6a95794f1fe90a84b003318a1c31b320f075647ae9e28f632b3e8200193e680c2ead7752855a087d10730722bf511fc48",,"2026-03-15T11:47:00.000","30","STOP SIGN/FLASHER","FUNCTIONING PROPERLY","CLEAR","DAYLIGHT","TURNING","NOT DIVIDED",,"STRAIGHT AND LEVEL","WET","WORN SURFACE","NOT ON SCENE (DESK REPORT)","NO INJURY / DRIVE AWAY","Y",,,"OVER $1,500","2026-03-15T11:57:00.000","UNABLE TO DETERMINE","NOT APPLICABLE","10760","S","DOTY AVE W","513",,,,,,,"2","NO INDICATION OF INJURY","0","0","0","0","0","2","0","11","1","3","41.6986918736","-87.5953505434","POINT (-87.595350543369 41.698691873639)"
"b141135381dc870b222c3bc88c224bece6ef358ce39c72dabfc51becb03114ec803ab085b1b6befd061cd697429b86e98b5268f62f91b2090c6290d506006074",,"2026-03-15T11:46:00.000","30","TRAFFIC SIGNAL","FUNCTIONING PROPERLY","CLEAR","DAYLIGHT","SIDESWIPE SAME DIRECTION","DIVIDED - W/MEDIAN (NOT RAISED)",,"STRAIGHT AND LEVEL","DRY","NO DEFECTS","NOT ON SCENE (DESK REPORT)","NO INJURY / DRIVE AWAY",,,,"OVER $1,500","2026-03-15T17:46:00.000","DRIVING SKILLS/KNOWLEDGE/EXPERIENCE","NOT APPLICABLE","4000","W","PETERSON AVE","1711",,,,,,,"2","NO INDICATION OF INJURY","0","0","0","0","0","3","0","11","1","3","41.9902441856","-87.728714391","POINT (-87.728714391009 41.990244185647)"
"1358e231e57d228f766fc96794a9ebd04492d0fa0c0fb6391a2cfb8d3c42d0dbc8ddf61d3c8c4ff97fe6ca936d36ab0409d13baa590e2bd0ef006408ec831b4e",,"2026-03-15T11:45:00.000","30","NO CONTROLS","NO CONTROLS","CLEAR","DAYLIGHT","SIDESWIPE SAME DIRECTION","NOT DIVIDED",,"STRAIGHT AND LEVEL","DRY","NO DEFECTS","ON SCENE","INJURY AND / OR TOW DUE TO CRASH",,,,"OVER $1,500","2026-03-15T12:00:00.000","IMPROPER OVERTAKING/PASSING","NOT APPLICABLE","600","W","VAN BUREN ST","121",,,,,,,"2","NONINCAPACITATING INJURY","2","0","0","2","0","1","0","11","1","3","41.8768417103","-87.6425734101","POINT (-87.642573410054 41.876841710277)"
"8cabfeefe1b852bd7c56eec6c96afc2b29cac341ce468223b228ff380e9b5f7ef70b24d86c81c63220442117b5ed132ef917e2b2642d82d4b7927abffb715583",,"2026-03-15T11:45:00.000","30","STOP SIGN/FLASHER","FUNCTIONING PROPERLY","RAIN","DAYLIGHT","ANGLE","FOUR WAY",,"STRAIGHT AND LEVEL","WET","NO DEFECTS","NOT ON SCENE (DESK REPORT)","NO INJURY / DRIVE AWAY",,,"Y","$501 - $1,500","2026-03-15T12:25:00.000","FAILING TO YIELD RIGHT-OF-WAY","UNABLE TO DETERMINE","4300","W","63RD ST","813",,,,,,,"2","NO INDICATION OF INJURY","0","0","0","0","0","2","0","11","1","3","41.7786804572","-87.7301384343","POINT (-87.730138434335 41.778680457222)"
"8fd735aea1307e9f811f456cb1ccba19cd54b43d985beeed0133c105f74e3f29ee3426c7f93197c45d3dc180dc350153db478dd941a59891b45e9536e85d5c47",,"2026-03-15T11:35:00.000","30","NO CONTROLS","NO CONTROLS","CLEAR","DAYLIGHT","SIDESWIPE SAME DIRECTION","NOT DIVIDED",,"STRAIGHT AND LEVEL","WET","NO DEFECTS","NOT ON SCENE (DESK REPORT)","NO INJURY / DRIVE AWAY",,,,"$501 - $1,500","2026-03-15T12:15:00.000","UNABLE TO DETERMINE","UNABLE TO DETERMINE","6438","N","SHERIDAN RD","2432",,,,,,,"2","NO INDICATION OF INJURY","0","0","0","0","0","2","0","11","1","3","41.9993351815","-87.660816921","POINT (-87.660816921032 41.999335181529)"
"eacac870f1cb46b6b38e32dcc43c84252505db42790ea32c59d06c85c7e3aab5d178798b9dd213018eab6809047452a3a0f705f9468385566ac8e46549bd1d6b",,"2026-03-15T11:30:00.000","30","TRAFFIC SIGNAL","FUNCTIONING PROPERLY","CLEAR","DAYLIGHT","SIDESWIPE SAME DIRECTION","DIVIDED - W/MEDIAN (NOT RAISED)",,"STRAIGHT AND LEVEL","WET","UNKNOWN","NOT ON SCENE (DESK REPORT)","NO INJURY / DRIVE AWAY","Y",,,"OVER $1,500","2026-03-15T13:30:00.000","UNABLE TO DETERMINE","UNABLE TO DETERMINE","4401","W","31ST ST","1031",,,,,,,"2","NO INDICATION OF INJURY","0","0","0","0","0","2","0","11","1","3","41.8362989489","-87.7341833352","POINT (-87.734183335179 41.836298948934)"
"140b9c1216438f17a9a1c214879cae7ce9549d85ae280b34f720ca488d02d95054307571b0e7977ba5d24ca61f400f828cc80e179c2e180791ccb2e740419ea3",,"2026-03-15T11:20:00.000","30","TRAFFIC SIGNAL","FUNCTIONING PROPERLY","RAIN","DAYLIGHT","TURNING","DIVIDED - W/MEDIAN (NOT RAISED)",,"STRAIGHT AND LEVEL","WET","NO DEFECTS","ON SCENE","NO INJURY / DRIVE AWAY","Y",,,"OVER $1,500","2026-03-15T11:21:00.000","UNABLE TO DETERMINE","NOT APPLICABLE","3500","S","ASHLAND AVE","912",,,,,,,"2","NO INDICATION OF INJURY","0","0","0","0","0","3","0","11","1","3","41.8304081329","-87.6657127581","POINT (-87.66571275812 41.830408132944)"
"6b229c71e0a2647ac6d34b9e16515b453e17471721101881a6266d53397754d80c40e88eaa38da43f33a9c5d250a1b7693a6e96f0f174bdfbd7ac46cd8b459b3",,"2026-03-15T11:00:00.000","30","NO CONTROLS","NO CONTROLS","RAIN","DAYLIGHT","PARKED MOTOR VEHICLE","DRIVEWAY",,"STRAIGHT AND LEVEL","WET","NO DEFECTS","NOT ON SCENE (DESK REPORT)","NO INJURY / DRIVE AWAY",,,"Y","OVER $1,500","2026-03-15T13:28:00.000","NOT APPLICABLE","NOT APPLICABLE","2734","W","61ST ST","825",,,,,,,"2","NO INDICATION OF INJURY","0","0","0","0","0","1","0","11","1","3","41.7828863697","-87.6924263889","POINT (-87.692426388925 41.782886369737)"
"78ec5ef8873f08d71452831b8b2f95607053a3240cc75b9fefe59700a4db1117920ab6ad47f713667dc9bd1da0ec530a14dcad822878d1de9df14fbb27e90e74",,"2026-03-15T11:00:00.000","30","TRAFFIC SIGNAL","FUNCTIONING PROPERLY","RAIN","DAYLIGHT","TURNING","NOT DIVIDED",,"STRAIGHT AND LEVEL","WET","UNKNOWN","ON SCENE","INJURY AND / OR TOW DUE TO CRASH","Y",,,"OVER $1,500","2026-03-15T11:40:00.000","FAILING TO YIELD RIGHT-OF-WAY","NOT APPLICABLE","2101","S","ASHLAND AVE","1235",,,,,,,"2","NO INDICATION OF INJURY","0","0","0","0","0","2","0","11","1","3","41.854120263","-87.665902343","POINT (-87.665902342962 41.854120262952)"
"d4fef230dcddf3039d8b3d35ece352f9d769a926b5303a3d52055115341765a883d5105df76ee943578d477150cb75a7888b448b7a05850aed69df7cc7fa7f36",,"2026-03-15T11:00:00.000","30","TRAFFIC SIGNAL","FUNCTIONING PROPERLY","RAIN","DAYLIGHT","SIDESWIPE SAME DIRECTION","NOT DIVIDED",,"STRAIGHT AND LEVEL","WET","NO DEFECTS","ON SCENE","INJURY AND / OR TOW DUE TO CRASH","Y",,,"OVER $1,500","2026-03-15T11:01:00.000","FAILING TO REDUCE SPEED TO AVOID CRASH","NOT APPLICABLE","8700","S","DR MARTIN LUTHER KING JR DR","632",,,,,,,"2","REPORTED, NOT EVIDENT","5","0","0","0","5","0","0","11","1","3","41.7364550458","-87.6146729127","POINT (-87.614672912717 41.736455045812)"
"e4a4790c9e52b6e97da8fc79a5727e5613781799718e4115a147959c235f3d642084b4a9bf26d640d4083512d39a4a0721d5db6c7c1bf446c01cb674e41c419a",,"2026-03-15T11:00:00.000","30","TRAFFIC SIGNAL","FUNCTIONING PROPERLY","RAIN","DAYLIGHT","REAR END","NOT DIVIDED",,"STRAIGHT AND LEVEL","WET","NO DEFECTS","NOT ON SCENE (DESK REPORT)","NO INJURY / DRIVE AWAY",,,,"OVER $1,500","2026-03-15T12:25:00.000","FOLLOWING TOO CLOSELY","UNABLE TO DETERMINE","5456","S","CICERO AVE","815",,,,,,,"2","NO INDICATION OF INJURY","0","0","0","0","0","2","0","11","1","3","41.7930697255","-87.7421646361","POINT (-87.742164636058 41.79306972552)"
"3252e4c79f37d8930e67dec314a486f2c365bb92e9d350b47f264c7f1e00d0254b2fe39273a1325d9359e8c5f671b95a375d2d7639586b92d1e16626f08ca837","Y","2026-03-15T10:56:00.000","25","NO CONTROLS","NO CONTROLS","CLEAR","DAYLIGHT","PARKED MOTOR VEHICLE","ONE-WAY",,"STRAIGHT AND LEVEL","DRY","UNKNOWN","NOT ON SCENE (DESK REPORT)","NO INJURY / DRIVE AWAY",,,"Y","OVER $1,500","2026-03-15T17:30:00.000","IMPROPER OVERTAKING/PASSING","NOT APPLICABLE","3350","N","RAVENSWOOD AVE","1922",,,,,,,"2","NO INDICATION OF INJURY","0","0","0","0","0","1","0","10","1","3","41.9429748459","-87.6741242446","POINT (-87.674124244616 41.942974845941)"
"7496f0726fbb6b5c54cd6243d8dd794147509f4cf01796ce22236ee0a5a64fb7cb1ca21587eea9f3f1da5683b8a365f220e3354aa1d23be00259c8b427400295",,"2026-03-15T10:50:00.000","30","NO CONTROLS","NO CONTROLS","RAIN","DAYLIGHT","REAR END","NOT DIVIDED",,"STRAIGHT AND LEVEL","WET","NO DEFECTS","NOT ON SCENE (DESK REPORT)","NO INJURY / DRIVE AWAY",,,,"$501 - $1,500","2026-03-16T10:52:00.000","UNABLE TO DETERMINE","UNABLE TO DETERMINE","4447","N","KEDZIE AVE","1724",,,,,,,"2","NO INDICATION OF INJURY","0","0","0","0","0","2","0","10","1","3","41.9626074991","-87.7081400908","POINT (-87.708140090784 41.962607499068)"
"53c0c696a163636fd9ee93f8880e76d5a28d8656c445f12d0173adbe854d95e4c46b4683873581457e1ff3d0da827c947d8ea943bd78ed296a7ba2bf2b8f68a0",,"2026-03-15T10:45:00.000","10","NO CONTROLS","NO CONTROLS","CLEAR","DAYLIGHT","PARKED MOTOR VEHICLE","PARKING LOT",,"STRAIGHT AND LEVEL","WET","NO DEFECTS","NOT ON SCENE (DESK REPORT)","NO INJURY / DRIVE AWAY",,,"Y","$501 - $1,500","2026-03-15T12:00:00.000","FAILING TO YIELD RIGHT-OF-WAY","UNABLE TO DETERMINE","323","N","ADA ST","1215",,,,,,,"2","NO INDICATION OF INJURY","0","0","0","0","0","1","0","10","1","3","41.8873686274","-87.6606663197","POINT (-87.660666319669 41.887368627414)"
"570ceb9bdd23b0303f6505bd5c339e090ccfb52f843d6ec504ecfcb5f457ae63bc0e1107cc12cf0a1dc9e7475f5a0a5e446504e1458ac6956bdb7191719755f4",,"2026-03-15T10:41:00.000","45","NO CONTROLS","NO CONTROLS","RAIN","DAYLIGHT","REAR TO FRONT","DIVIDED - W/MEDIAN BARRIER",,"CURVE, LEVEL","WET","NO DEFECTS","ON SCENE","INJURY AND / OR TOW DUE TO CRASH",,,"Y","OVER $1,500","2026-03-15T10:47:00.000","IMPROPER BACKING","NOT APPLICABLE","2300","N","LAKE SHORE DR SB","1814",,,,,,,"3","NONINCAPACITATING INJURY","1","0","0","1","0","3","0","10","1","3","41.9237977916","-87.6307772666","POINT (-87.630777266631 41.923797791573)"
"db98c89490bd9880ed68a35f6c4b795f01a548b96fe36443280c3d08fc74068da09382be569b32f89294e2e1998badae1b7282e6c223497db98bbdae2178112b","Y","2026-03-15T10:40:00.000","30","TRAFFIC SIGNAL","UNKNOWN","RAIN","DARKNESS, LIGHTED ROAD","SIDESWIPE SAME DIRECTION","NOT DIVIDED",,"STRAIGHT AND LEVEL","WET","UNKNOWN","NOT ON SCENE (DESK REPORT)","NO INJURY / DRIVE AWAY",,,,"$501 - $1,500","2026-03-16T00:15:00.000","IMPROPER LANE USAGE","UNABLE TO DETERMINE","524","S","CENTRAL PARK AVE","1133",,,,,,,"2","NO INDICATION OF INJURY","0","0","0","0","0","2","0","10","1","3","41.8736431568","-87.7158058385","POINT (-87.715805838527 41.873643156837)"
"e2b78c8b815aba8b6607ad784331386bd09af18f3d650b4953524dafe7f7351c70c7c12f59921f2193aa682f796c0e166f45e5c7c3b5b8580929e6023211d288",,"2026-03-15T10:38:00.000","30","TRAFFIC SIGNAL","FUNCTIONING PROPERLY","FREEZING RAIN/DRIZZLE","DAYLIGHT","TURNING","FOUR WAY",,"STRAIGHT AND LEVEL","WET","NO DEFECTS","ON SCENE","INJURY AND / OR TOW DUE TO CRASH","Y",,,"OVER $1,500","2026-03-15T10:38:00.000","IMPROPER TURNING/NO SIGNAL","NOT APPLICABLE","4800","W","GRAND AVE","2533",,,,,,,"2","NO INDICATION OF INJURY","0","0","0","0","0","4","0","10","1","3","41.9140601958","-87.7460277339","POINT (-87.746027733918 41.914060195761)"
"bee9fda6283958cdca30f606dc14cfa296b3b737f91c5e68eba2c35c3cc9afbc3b3470fcf134167b8d21b720c9bfd87d80a4f56752ddf05b408d25c0f7a68c1e",,"2026-03-15T10:24:00.000","30","UNKNOWN","UNKNOWN","UNKNOWN","UNKNOWN","SIDESWIPE SAME DIRECTION","UNKNOWN",,"STRAIGHT AND LEVEL","UNKNOWN","UNKNOWN","NOT ON SCENE (DESK REPORT)","NO INJURY / DRIVE AWAY",,,"N","OVER $1,500","2026-03-15T11:20:00.000","UNABLE TO DETERMINE","UNABLE TO DETERMINE","318","S","THROOP ST","1231",,,,,,,"2","NO INDICATION OF INJURY","0","0","0","0","0","2","0","10","1","3","41.8771777439","-87.6595810142","POINT (-87.65958101419 41.877177743927)"
"ce12e3b4b77eb7eb7a0e29c6afe14102b9904a5d88147f0dbc65d4cc4d3992303fe0fea919a7fb01fd8cac4baa37f5ec6a46c9b86534251593401855b6033dd1",,"2026-03-15T10:19:00.000","30","TRAFFIC SIGNAL","FUNCTIONING PROPERLY","CLEAR","DAYLIGHT","TURNING","FOUR WAY",,"STRAIGHT AND LEVEL","DRY","NO DEFECTS","ON SCENE","NO INJURY / DRIVE AWAY","Y",,,"OVER $1,500","2026-03-15T10:20:00.000","FAILING TO YIELD RIGHT-OF-WAY","IMPROPER TURNING/NO SIGNAL","1600","N","PULASKI RD","2534",,,,,,,"2","NO INDICATION OF INJURY","0","0","0","0","0","3","0","10","1","3","41.9099750102","-87.7264805231","POINT (-87.726480523066 41.909975010237)"
"7f4c0289130f0ef33ed7ece4d11335699ea843b67b54f65b89fe3f6d8d7d87d411cefad1a445ffc4c742e61b20953dfd94392b6e85ec4b59f0d97018db06fb49",,"2026-03-15T10:08:00.000","30","TRAFFIC SIGNAL","FUNCTIONING PROPERLY","CLOUDY/OVERCAST","DAYLIGHT","TURNING","FOUR WAY",,"STRAIGHT AND LEVEL","DRY","NO DEFECTS","NOT ON SCENE (DESK REPORT)","NO INJURY / DRIVE AWAY","Y",,,"OVER $1,500","2026-03-15T10:47:00.000","FAILING TO YIELD RIGHT-OF-WAY","NOT APPLICABLE","800","W","NORTH AVE","1813",,,,,,,"2","NO INDICATION OF INJURY","0","0","0","0","0","5","0","10","1","3","41.9110285098","-87.648335806","POINT (-87.64833580602 41.911028509812)"
"c7066cc059a332827370c68536d9003ee59422a9afad49e09dd56ec319060f58e214042252861ecbec95d233ceb9412213378aa0533ccbbdcc6773560def56f3",,"2026-03-15T10:00:00.000","30","NO CONTROLS","NO CONTROLS","CLEAR","DARKNESS","PARKED MOTOR VEHICLE","ONE-WAY",,"STRAIGHT AND LEVEL","WET","UNKNOWN","NOT ON SCENE (DESK REPORT)","NO INJURY / DRIVE AWAY",,,"Y","$501 - $1,500","2026-03-15T10:40:00.000","UNABLE TO DETERMINE","UNABLE TO DETERMINE","3151","W","ARTHINGTON ST","1134",,"Y",,,,,"2","NO INDICATION OF INJURY","0","0","0","0","0","1","0","10","1","3","41.8699392023","-87.7053630025","POINT (-87.705363002547 41.869939202285)"
"338295335e77df53eb4ba13bd8ddf1fc19385b917b1bb7b2a2b7f8a9b4a452ba5ee4b53d4a9fe7178d8d63afee8bbd1194f98ac83a742cccc502a28b0e9af67f",,"2026-03-15T09:30:00.000","10","NO CONTROLS","NO CONTROLS","CLOUDY/OVERCAST","DAYLIGHT","PARKED MOTOR VEHICLE","PARKING LOT",,"STRAIGHT AND LEVEL","UNKNOWN","UNKNOWN","NOT ON SCENE (DESK REPORT)","NO INJURY / DRIVE AWAY",,,,"OVER $1,500","2026-03-15T11:15:00.000","UNABLE TO DETERMINE","UNABLE TO DETERMINE","4242","W","ROOSEVELT RD","1132",,,,,,,"2","NO INDICATION OF INJURY","0","0","0","0","0","1","0","9","1","3","41.8661863013","-87.7318169639","POINT (-87.731816963929 41.866186301254)"
"6157d471c9449eebcbe6e7722bb8b36dd2c357f3d49a36b83ae79c3b45b3e931f500383dd3a2240ba2080eca3eedf645adf459056803de656e6fcb27770f9460",,"2026-03-15T09:10:00.000","30","TRAFFIC SIGNAL","FUNCTIONING PROPERLY","CLEAR","DAYLIGHT","SIDESWIPE SAME DIRECTION","DIVIDED - W/MEDIAN (NOT RAISED)",,"STRAIGHT AND LEVEL","DRY","NO DEFECTS","NOT ON SCENE (DESK REPORT)","NO INJURY / DRIVE AWAY",,,,"OVER $1,500","2026-03-15T09:20:00.000","UNABLE TO DETERMINE","UNABLE TO DETERMINE","800","W","31ST ST","913",,,,,,,"2","NO INDICATION OF INJURY","0","0","0","0","0","2","0","9","1","3","41.8381549824","-87.6463128307","POINT (-87.646312830702 41.838154982401)"
"6508ae758903b7ebcc54b10bf652e46d7388c88924babcb492bee44f7f38da08404c3ba5065031cf032f80683cc406589a3bfa236aec3342eb7481f34749bcf6",,"2026-03-15T09:10:00.000","30","TRAFFIC SIGNAL","FUNCTIONING PROPERLY","CLOUDY/OVERCAST","DAYLIGHT","SIDESWIPE SAME DIRECTION","NOT DIVIDED",,"STRAIGHT AND LEVEL","DRY","NO DEFECTS","NOT ON SCENE (DESK REPORT)","NO INJURY / DRIVE AWAY",,,,"OVER $1,500","2026-03-15T09:20:00.000","DRIVING SKILLS/KNOWLEDGE/EXPERIENCE","NOT APPLICABLE","1157","N","LA SALLE DR","1824",,,,,,,"2","NO INDICATION OF INJURY","0","0","0","0","0","2","0","9","1","3","41.9034420141","-87.6327583631","POINT (-87.63275836309 41.90344201406)"
"6fd2b3ff8572ae4bb2adb44aa95a2c3d45f163e16104d12ef50ec107d7e2143b9b0bd3335fce50974b40350096328dd530802aa9a98bda3b038478d7b2283480",,"2026-03-15T09:07:00.000","30","TRAFFIC SIGNAL","FUNCTIONING PROPERLY","CLEAR","DAYLIGHT","ANGLE","ONE-WAY",,"STRAIGHT AND LEVEL","DRY","NO DEFECTS","NOT ON SCENE (DESK REPORT)","NO INJURY / DRIVE AWAY","Y",,,"$501 - $1,500","2026-03-15T10:35:00.000","DISREGARDING TRAFFIC SIGNALS","NOT APPLICABLE","100","W","WASHINGTON ST","122",,,,,,,"2","NO INDICATION OF INJURY","0","0","0","0","0","3","0","9","1","3","41.8833205136","-87.6309819052","POINT (-87.630981905164 41.88332051362)"
"6958530eb53342e20fdd85b72b6848640f2edb4133c87eb3248f5e71e64b5b483141c1d9e4372c93025eb752c6d94327a0f4e8d124a71ae3fec4b341e352696b",,"2026-03-15T08:58:00.000","25","NO CONTROLS","NO CONTROLS","CLEAR","DAYLIGHT","REAR END","NOT DIVIDED",,"STRAIGHT AND LEVEL","DRY","UNKNOWN","ON SCENE","INJURY AND / OR TOW DUE TO CRASH","Y",,,"OVER $1,500","2026-03-15T09:03:00.000","FAILING TO YIELD RIGHT-OF-WAY","UNABLE TO DETERMINE","1103","W","GRAND AVE","1214",,,,,,,"2","NONINCAPACITATING INJURY","3","0","0","3","0","0","0","8","1","3","41.8909976391","-87.6547725027","POINT (-87.654772502692 41.890997639127)"
"f24b9d1190a3a4e9db55d0fa6a11396ef0c855bfc13199e16e9bc5cdecf8e1d4d4daf1796f09560c01b2fe3a04b70df03638aa0de44b10a18cea9b3abdaa82ef",,"2026-03-15T08:51:00.000","30","NO CONTROLS","NO CONTROLS","CLOUDY/OVERCAST","DAYLIGHT","FIXED OBJECT","DIVIDED - W/MEDIAN BARRIER",,"STRAIGHT AND LEVEL","DRY","NO DEFECTS","ON SCENE","INJURY AND / OR TOW DUE TO CRASH","Y",,,"OVER $1,500","2026-03-15T08:51:00.000","PHYSICAL CONDITION OF DRIVER","NOT APPLICABLE","3755","W","DEVON AVE","1711",,,,,,,"1","NONINCAPACITATING INJURY","1","0","0","1","0","0","0","8","1","3","41.9971488021","-87.7237757729","POINT (-87.723775772912 41.99714880207)"
"c427d7ce90689cc2db0c0be944ece2c7e5d8686630ad5fa28688d1591b308121f3e9f1e8ca537eae26849d882ba1928765dfefbe11be142f2ed8bb558abaf749",,"2026-03-15T08:48:00.000","20","NO CONTROLS","NO CONTROLS","CLEAR","DAYLIGHT","FIXED OBJECT","PARKING LOT",,"STRAIGHT AND LEVEL","DRY","NO DEFECTS","ON SCENE","INJURY AND / OR TOW DUE TO CRASH",,,,"OVER $1,500","2026-03-15T08:51:00.000","IMPROPER TURNING/NO SIGNAL","DISTRACTION - FROM OUTSIDE VEHICLE","1360","N","ASHLAND AVE","1433",,,,,,,"1","NONINCAPACITATING INJURY","1","0","0","1","0","0","0","8","1","3","41.9067951098","-87.6677316701","POINT (-87.667731670063 41.906795109844)"
"b941f4575a17b535c63af80582a2552c3844aa373c02414efd3e3404036ff7c76aed7dc50ed55d36b13df8f93dbcb49553fa8e34b985c95dc65c620433614659",,"2026-03-15T08:31:00.000","15","NO CONTROLS","NO CONTROLS","CLEAR","DAYLIGHT","SIDESWIPE SAME DIRECTION","ALLEY",,"STRAIGHT AND LEVEL","DRY","NO DEFECTS","ON SCENE","NO INJURY / DRIVE AWAY",,,,"OVER $1,500","2026-03-15T08:45:00.000","NOT APPLICABLE","NOT APPLICABLE","348","S","CICERO AVE","1533",,,,,,,"2","NO INDICATION OF INJURY","0","0","0","0","0","3","0","8","1","3","41.8753126892","-87.7452240086","POINT (-87.745224008553 41.875312689168)"
"8f91a288326ab5358958b31f3bab5d04a60adf78ec21d4e65f486d53a34ed39c172f20d17bf6a8137e666186eae75164ecfa0a831560f84a9cf9b5d465a68e8a",,"2026-03-15T08:30:00.000","30","NO CONTROLS","NO CONTROLS","UNKNOWN","DAYLIGHT","REAR END","DIVIDED - W/MEDIAN (NOT RAISED)",,"STRAIGHT AND LEVEL","UNKNOWN","UNKNOWN","NOT ON SCENE (DESK REPORT)","NO INJURY / DRIVE AWAY",,,"Y","OVER $1,500","2026-03-15T16:45:00.000","FOLLOWING TOO CLOSELY","FAILING TO REDUCE SPEED TO AVOID CRASH","1235","W","DIVERSEY PKWY","1932",,,,,,,"2","NO INDICATION OF INJURY","0","0","0","0","0","2","0","8","1","3","41.9324247086","-87.6600590419","POINT (-87.660059041939 41.932424708628)"
"6b1762dca3f65a7303b72e561d793335e6463d209eeabaca542e80d4768f81ef2686ddcbfe3ee49bcab1a1892eb80c4542ad9de8a0d8fe2e72bf44636514996a",,"2026-03-15T08:10:00.000","25","TRAFFIC SIGNAL","FUNCTIONING PROPERLY","CLEAR","DAYLIGHT","TURNING","FOUR WAY",,"STRAIGHT AND LEVEL","DRY","NO DEFECTS","ON SCENE","INJURY AND / OR TOW DUE TO CRASH","Y",,"Y","OVER $1,500","2026-03-15T08:12:00.000","UNABLE TO DETERMINE","UNABLE TO DETERMINE","1","S","AUSTIN BLVD","1513",,,,,,,"2","NO INDICATION OF INJURY","0","0","0","0","0","3","0","8","1","3","41.880033142","-87.7745070975","POINT (-87.774507097482 41.88003314198)"
"e15e6326e84cbea9dc91fa4e5f298c1fea08a746d5efb57894483298b27a140b0a24033ae1ae07674996c8abc78343e939916b0fd084f0cf329df7dbd48b490d",,"2026-03-15T08:10:00.000","30","TRAFFIC SIGNAL","FUNCTIONING PROPERLY","CLEAR","DAYLIGHT","FIXED OBJECT","DIVIDED - W/MEDIAN BARRIER",,"STRAIGHT AND LEVEL","DRY","NO DEFECTS","ON SCENE","INJURY AND / OR TOW DUE TO CRASH","Y","N",,"OVER $1,500","2026-03-15T08:15:00.000","PHYSICAL CONDITION OF DRIVER","NOT APPLICABLE","3501","S","KEDZIE AVE","911",,,,,,,"1","NO INDICATION OF INJURY","0","0","0","0","0","1","0","8","1","3","41.8297801275","-87.7044600666","POINT (-87.704460066637 41.829780127507)"
"0363b71e161ace46d38c58b0b9340c5ff02a7d25d669baafb59f66c2c759a53a88126d5cc6a5650ff5d3c2c9960acfd19fa84d7240e19482ad46cd20a71c222b",,"2026-03-15T08:00:00.000","30","NO CONTROLS","NO CONTROLS","CLEAR","DAYLIGHT","REAR END","NOT DIVIDED",,"STRAIGHT AND LEVEL","DRY","UNKNOWN","NOT ON SCENE (DESK REPORT)","NO INJURY / DRIVE AWAY",,,,"$501 - $1,500","2026-03-15T08:20:00.000","UNABLE TO DETERMINE","UNABLE TO DETERMINE","3230","W","115TH ST","2211",,,,,,,"2","NO INDICATION OF INJURY","0","0","0","0","0","2","0","8","1","3","41.6843533513","-87.7018071357","POINT (-87.701807135693 41.684353351306)"
"90ab21f3ba1724285abd3abf838b881b4001858329a23fcdb52cd8cea1f56b7b0ea27db7b90b05ac7ac931e8e2bb3259360bf9fab81f19b4954059561c04fd7e",,"2026-03-15T08:00:00.000","30","TRAFFIC SIGNAL","FUNCTIONING PROPERLY","CLEAR","DAYLIGHT","SIDESWIPE SAME DIRECTION","DIVIDED - W/MEDIAN (NOT RAISED)",,"STRAIGHT AND LEVEL","DRY","UNKNOWN","ON SCENE","INJURY AND / OR TOW DUE TO CRASH",,,,"OVER $1,500","2026-03-15T08:07:00.000","IMPROPER OVERTAKING/PASSING","FAILING TO YIELD RIGHT-OF-WAY","4700","S","ARCHER AVE","821",,,,,,,"2","NO INDICATION OF INJURY","0","0","0","0","0","3","0","8","1","3","41.8080130052","-87.7143796234","POINT (-87.714379623416 41.808013005188)"