"crash_record_id","crash_date_est_i","crash_date","posted_speed_limit","traffic_control_device","device_condition","weather_condition","lighting_condition","first_crash_type","trafficway_type","lane_cnt","alignment","roadway_surface_cond","road_defect","report_type","crash_type","intersection_related_i","private_property_i","hit_and_run_i","damage","date_police_notified","prim_contributory_cause","sec_contributory_cause","street_no","street_direction","street_name","beat_of_occurrence","photos_taken_i","statements_taken_i","dooring_i","work_zone_i","work_zone_type","workers_present_i","num_units","most_severe_injury","injuries_total","injuries_fatal","injuries_incapacitating","injuries_non_incapacitating","injuries_reported_not_evident","injuries_no_indication","injuries_unknown","crash_hour","crash_day_of_week","crash_month","latitude","longitude","location"
"e24ab9e806b0cce98780add0c65540206541841248564e9a32cd442f60be01a4194a8d2c98f6bf53478b943ba6b90bfc179792666708ed9f118f38ed1e8a326a",,"2026-03-15T08:00:00.000","30","UNKNOWN","UNKNOWN","UNKNOWN","UNKNOWN","PARKED MOTOR VEHICLE","UNKNOWN",,"STRAIGHT AND LEVEL","UNKNOWN","UNKNOWN","NOT ON SCENE (DESK REPORT)","NO INJURY / DRIVE AWAY",,,"Y","OVER $1,500","2026-03-15T20:30:00.000","UNABLE TO DETERMINE","UNABLE TO DETERMINE","8724","W","CATALPA AVE","1614",,,,,,,"2","NO INDICATION OF INJURY","0","0","0","0","0","1","0","8","1","3","41.979262863","-87.845013145","POINT (-87.845013145018 41.979262862987)"
"f2c46514f2a7602757104395945c7f1f4e5678e321b84eca434077c8e63b28340cb63b0b76bca5644eeff333005cf976df4ffb09a6cc55768f98ab187a22c261",,"2026-03-15T07:58:00.000","30","NO CONTROLS","NO CONTROLS","CLEAR","DAYLIGHT","PARKED MOTOR VEHICLE","ONE-WAY",,"STRAIGHT AND LEVEL","DRY","NO DEFECTS","NOT ON SCENE (DESK REPORT)","NO INJURY / DRIVE AWAY",,,"Y","OVER $1,500","2026-03-15T08:55:00.000","UNABLE TO DETERMINE","UNABLE TO DETERMINE","3702","W","63RD PL","823",,,,,,,"2","NO INDICATION OF INJURY","0","0","0","0","0","1","0","7","1","3","41.7779558931","-87.715579888","POINT (-87.715579888021 41.777955893125)"
"d1eded03d922be82e0fad80cca2e851f77428927618fc18cf2820fd6e3f07387e13c9c438c20ef91660b23965a135de76724eecff8d43b617ac26172725f9d7b",,"2026-03-15T07:28:00.000","30","TRAFFIC SIGNAL","FUNCTIONING PROPERLY","CLEAR","DAYLIGHT","ANGLE","CENTER TURN LANE",,"STRAIGHT AND LEVEL","DRY","NO DEFECTS","ON SCENE","INJURY AND / OR TOW DUE TO CRASH","Y",,,"OVER $1,500","2026-03-15T07:42:00.000","UNDER THE INFLUENCE OF ALCOHOL/DRUGS (USE WHEN ARREST IS EFFECTED)","DISREGARDING TRAFFIC SIGNALS","3200","W","FOSTER AVE","1712",,,,,,,"2","NONINCAPACITATING INJURY","2","0","0","1","1","0","0","7","1","3","41.9758569155","-87.7087436416","POINT (-87.708743641643 41.975856915535)"
"a6c2756fd306fc45930f13929e260dcd194a16c09c64aca0ed1700d4629ffc3906d8fab38f1ed081593d15a4631ee259c90509fda08df9c58c5e9c001102735f",,"2026-03-15T06:00:00.000","30","NO CONTROLS","NO CONTROLS","CLEAR","DARKNESS, LIGHTED ROAD","PARKED MOTOR VEHICLE","DIVIDED - W/MEDIAN (NOT RAISED)",,"STRAIGHT AND LEVEL","DRY","NO DEFECTS","ON SCENE","NO INJURY / DRIVE AWAY",,,,"OVER $1,500","2026-03-15T07:00:00.000","NOT APPLICABLE","NOT APPLICABLE","2724","W","ARMITAGE AVE","1431",,,,,,,"3","NO INDICATION OF INJURY","0","0","0","0","0","1","0","6","1","3","41.917613543","-87.6957576059","POINT (-87.6957576059 41.917613543038)"
"b4b58c26f7f4250c20c48708e28fc8834a8ca25c8c31ba939a4549d1984fe7d62bccb6cd25e5932d3cc0d8a9399950d98681ef76e0c3b7f0657b767c267b466f",,"2026-03-15T05:55:00.000","25","STOP SIGN/FLASHER","UNKNOWN","CLEAR","DARKNESS, LIGHTED ROAD","PARKED MOTOR VEHICLE","ONE-WAY",,"STRAIGHT AND LEVEL","UNKNOWN","UNKNOWN","ON SCENE","INJURY AND / OR TOW DUE TO CRASH","N",,"Y","OVER $1,500","2026-03-15T06:00:00.000","DRIVING SKILLS/KNOWLEDGE/EXPERIENCE","NOT APPLICABLE","4605","N","SPRINGFIELD AVE","1723",,,,,,,"3","NO INDICATION OF INJURY","0","0","0","0","0","1","0","5","1","3","41.9648251656","-87.7253409014","POINT (-87.725340901384 41.964825165621)"
"69b56a9f876398cae2a3e9728cb22214a3f3695f5103bd87012537809253b759410dfce62de7d02e4db1029668e5b6517578839f8f2b7ed19d51b1252e48b6f6",,"2026-03-15T05:51:00.000","30","UNKNOWN","UNKNOWN","CLEAR","DAWN","SIDESWIPE SAME DIRECTION","TRAFFIC ROUTE",,"STRAIGHT AND LEVEL","DRY","NO DEFECTS","NOT ON SCENE (DESK REPORT)","INJURY AND / OR TOW DUE TO CRASH",,,"Y","$501 - $1,500","2026-03-15T05:51:00.000","NOT APPLICABLE","NOT APPLICABLE","7900","S","LANGLEY AVE","624",,,,,,,"2","REPORTED, NOT EVIDENT","1","0","0","0","1","1","0","5","1","3","41.7511501753","-87.6078020362","POINT (-87.607802036151 41.7511501753)"
"6c261d1053431c27d08df60e5e68d649c9fd78ea5797e9f677dc3824194260bf6d3204e5045cc41f0905ca2e97b8ec29550db2bd55ea1dfaeca48a9f23bde88d",,"2026-03-15T05:48:00.000","30","TRAFFIC SIGNAL","FUNCTIONING PROPERLY","CLEAR","DAWN","ANGLE","FOUR WAY",,"STRAIGHT AND LEVEL","DRY","NO DEFECTS","ON SCENE","INJURY AND / OR TOW DUE TO CRASH","Y",,,"OVER $1,500","2026-03-15T05:55:00.000","DISREGARDING TRAFFIC SIGNALS","DISREGARDING TRAFFIC SIGNALS","7500","S","YATES BLVD","414",,"Y",,,,,"2","NO INDICATION OF INJURY","0","0","0","0","0","2","0","5","1","3","41.7588946702","-87.5665178399","POINT (-87.566517839923 41.758894670165)"
"897b6c7563bfae319c87030835e0970c21bf36b767b3c599e675198c44b21bdf5aba7a7146abbda67af29ff2a1190e241715bf11de7771763dd765c00ce66440",,"2026-03-15T05:47:00.000","30","TRAFFIC SIGNAL","FUNCTIONING PROPERLY","CLEAR","DARKNESS, LIGHTED ROAD","TURNING","FOUR WAY",,"STRAIGHT AND LEVEL","DRY","NO DEFECTS","ON SCENE","INJURY AND / OR TOW DUE TO CRASH","Y",,,"OVER $1,500","2026-03-15T05:55:00.000","IMPROPER TURNING/NO SIGNAL","NOT APPLICABLE","7000","N","RIDGE BLVD","2411",,,,,,,"2","NO INDICATION OF INJURY","0","0","0","0","0","2","0","5","1","3","42.0089828887","-87.682054656","POINT (-87.682054656039 42.008982888712)"
"b46ca60f839ce2db2f2e65c623d6345710743c3c0c3f13422c0375d69a0514dcd57a4ddc8048c458a57c7ad0894761b4b171d0ec2f52b85ec9600ea71b12db1b",,"2026-03-15T05:45:00.000","30","NO CONTROLS","NO CONTROLS","UNKNOWN","UNKNOWN","SIDESWIPE SAME DIRECTION","NOT DIVIDED",,"STRAIGHT AND LEVEL","UNKNOWN","UNKNOWN","NOT ON SCENE (DESK REPORT)","INJURY AND / OR TOW DUE TO CRASH",,,,"OVER $1,500","2026-03-15T17:25:00.000","IMPROPER OVERTAKING/PASSING","IMPROPER OVERTAKING/PASSING","5815","N","SHERIDAN RD","2022",,,,,,,"2","REPORTED, NOT EVIDENT","1","0","0","0","1","3","0","5","1","3","41.9878283071","-87.6551707815","POINT (-87.655170781532 41.987828307086)"
"9a634bcfcd27787ff296fee58328c7368b145b03f46dfd601902b15724ed0b8347556c4e5e5b302e4d479764be6db0c42b83a59652d1932af3cf1a709cb2e235",,"2026-03-15T05:44:00.000","30","TRAFFIC SIGNAL","FUNCTIONING PROPERLY","CLEAR","DAWN","ANGLE","FOUR WAY",,"STRAIGHT AND LEVEL","DRY","NO DEFECTS","ON SCENE","INJURY AND / OR TOW DUE TO CRASH","Y",,,"$501 - $1,500","2026-03-15T07:08:00.000","FAILING TO YIELD RIGHT-OF-WAY","DISREGARDING TRAFFIC SIGNALS","100","N","DEARBORN ST","111",,,,,,,"2","REPORTED, NOT EVIDENT","1","0","0","0","1","2","0","5","1","3","41.8832503161","-87.6295808259","POINT (-87.629580825892 41.883250316068)"
"09b3ebc7368b722745858f228e34e28067ead9560be5fef2c48aea8a99dcabe1b36c9371d26353801c0de9b65f1bb1a22588748f8173e2ed49064931410ea73c",,"2026-03-15T05:42:00.000","30","TRAFFIC SIGNAL","FUNCTIONING PROPERLY","CLEAR","DARKNESS, LIGHTED ROAD","PARKED MOTOR VEHICLE","NOT DIVIDED",,"STRAIGHT AND LEVEL","DRY","NO DEFECTS","ON SCENE","INJURY AND / OR TOW DUE TO CRASH",,,,"OVER $1,500","2026-03-15T05:44:00.000","IMPROPER OVERTAKING/PASSING","FAILING TO REDUCE SPEED TO AVOID CRASH","2557","W","AUGUSTA BLVD","1211",,,,,,,"3","NONINCAPACITATING INJURY","2","0","0","2","0","1","0","5","1","3","41.8992222563","-87.6916615466","POINT (-87.69166154661 41.899222256291)"
"4d563eb548467c0c84668a097fbaa79d81bfe69a99262c982a15afbdcde8de97822ed022170b6e58a5ed211fed13fef3eb5c66f25b6d6c6a7e9026b2cb9e2099",,"2026-03-15T05:40:00.000","30","NO CONTROLS","NO CONTROLS","RAIN","UNKNOWN","PARKED MOTOR VEHICLE","NOT DIVIDED",,"STRAIGHT AND LEVEL","WET","NO DEFECTS","NOT ON SCENE (DESK REPORT)","NO INJURY / DRIVE AWAY",,,"Y","OVER $1,500","2026-03-15T14:30:00.000","UNABLE TO DETERMINE","NOT APPLICABLE","1026","W","MONTROSE AVE","1913",,,,,,,"2","NO INDICATION OF INJURY","0","0","0","0","0","1","0","5","1","3","41.9618711714","-87.6558376612","POINT (-87.655837661229 41.961871171415)"
"ccb58cdb24762033cfde48a8d4b5b260130a0197c924c94fc6c9733957c2d8816f2d999c5dabcbd7668cd81e4c07a329163ee2c13f2986985a63a09a483fa935",,"2026-03-15T05:32:00.000","30","NO CONTROLS","NO CONTROLS","CLEAR","DARKNESS, LIGHTED ROAD","PARKED MOTOR VEHICLE","DIVIDED - W/MEDIAN (NOT RAISED)",,"STRAIGHT AND LEVEL","DRY","NO DEFECTS","ON SCENE","INJURY AND / OR TOW DUE TO CRASH",,,,"OVER $1,500","2026-03-15T05:32:00.000","EQUIPMENT - VEHICLE CONDITION","EQUIPMENT - VEHICLE CONDITION","3028","W","55TH ST","923",,,,,,,"4","NO INDICATION OF INJURY","0","0","0","0","0","1","0","5","1","3","41.7936905651","-87.699962089","POINT (-87.69996208897 41.79369056508)"
"21f7838ee2bcaffa0a03479fb59b6a775e94f359bd68c6571d0490bd0c870f84a4bf760dc6fcf78a9aac55e60937b39c46857ba7a9d26b6114e35b06eff6375c",,"2026-03-15T05:30:00.000","30","NO CONTROLS","NO CONTROLS","UNKNOWN","DARKNESS, LIGHTED ROAD","PARKED MOTOR VEHICLE","ONE-WAY",,"STRAIGHT AND LEVEL","UNKNOWN","NO DEFECTS","NOT ON SCENE (DESK REPORT)","NO INJURY / DRIVE AWAY",,,"Y","OVER $1,500","2026-03-15T13:30:00.000","NOT APPLICABLE","NOT APPLICABLE","5304","S","MASSASOIT AVE","811",,,,,,,"2","NO INDICATION OF INJURY","0","0","0","0","0","1","0","5","1","3","41.7961783438","-87.7662136023","POINT (-87.766213602287 41.796178343839)"
"589ac33b0c85d96e67e9b25ead13fbe9d56c16d73df11ffaa780c00795ccb64a83cf38ee8c1e44626144a2d9d538539863bc2cc329c660ee3db29f6de5d76b13",,"2026-03-15T05:30:00.000","30","TRAFFIC SIGNAL","FUNCTIONING PROPERLY","CLEAR","DARKNESS, LIGHTED ROAD","SIDESWIPE SAME DIRECTION","NOT DIVIDED",,"STRAIGHT AND LEVEL","DRY","NO DEFECTS",,"INJURY AND / OR TOW DUE TO CRASH",,,"Y","OVER $1,500","2026-03-15T05:35:00.000","HAD BEEN DRINKING (USE WHEN ARREST IS NOT MADE)","HAD BEEN DRINKING (USE WHEN ARREST IS NOT MADE)","610","N","LA SALLE DR","1832",,,,,,,"3","NO INDICATION OF INJURY","0","0","0","0","0","3","0","5","1","3","41.8928049675","-87.632769469","POINT (-87.632769469046 41.892804967534)"
"41b56080b6578945ca31c84dcf597e0a8383ab3d76676519aad99a686055b7a3682a882436e45a4db0717b88767f80876334be04fd90511fe5cde0713900157a",,"2026-03-15T05:11:00.000","30","STOP SIGN/FLASHER","FUNCTIONING PROPERLY","CLEAR","DARKNESS, LIGHTED ROAD","REAR END","DIVIDED - W/MEDIAN BARRIER",,"STRAIGHT AND LEVEL","DRY","NO DEFECTS","ON SCENE","INJURY AND / OR TOW DUE TO CRASH",,,,"OVER $1,500","2026-03-15T05:11:00.000","FAILING TO REDUCE SPEED TO AVOID CRASH","NOT APPLICABLE","10500","S","HALSTED ST","2233",,,,,,,"2","NONINCAPACITATING INJURY","1","0","0","1","0","1","0","5","1","3","41.7031858187","-87.6428645922","POINT (-87.642864592211 41.703185818716)"
"83b23853f6ae7be9611c0e5bff6af4e97cc518c19aed5167e0bef835b7991c5a36805d3f0b29b9cd87dd09a8eb4910cb5c3d26d7f3de8b75117ee9346c7d990e",,"2026-03-15T05:00:00.000","25","NO CONTROLS","NO CONTROLS","CLEAR","DARKNESS, LIGHTED ROAD","PARKED MOTOR VEHICLE","NOT DIVIDED",,"STRAIGHT AND LEVEL","OTHER","UNKNOWN","ON SCENE","INJURY AND / OR TOW DUE TO CRASH",,,"Y","OVER $1,500","2026-03-15T05:04:00.000","UNABLE TO DETERMINE","IMPROPER LANE USAGE","4204","W","ADDISON ST","1731",,,,,,,"2",,,,,,,,,"5","1","3","41.9464162219","-87.7324801907","POINT (-87.732480190738 41.946416221888)"
"3de793589dd770e796a4ed15f875db194bdf6aad18676e8c8c6f0bcd7d2265aabaf36cae1be06187ed514d022700a8d65312dc22a7ac0ea3eb6f6cd671f83596",,"2026-03-15T04:58:00.000","30","NO CONTROLS","NO CONTROLS","CLEAR","DARKNESS, LIGHTED ROAD","SIDESWIPE SAME DIRECTION","DIVIDED - W/MEDIAN BARRIER",,"STRAIGHT AND LEVEL","DRY","NO DEFECTS","ON SCENE","INJURY AND / OR TOW DUE TO CRASH",,,"Y","OVER $1,500","2026-03-15T04:59:00.000","UNABLE TO DETERMINE","UNABLE TO DETERMINE","3058","W","IRVING PARK RD","1724",,,,,,,"2","NO INDICATION OF INJURY","0","0","0","0","0","3","0","4","1","3","41.9540456396","-87.7055142927","POINT (-87.705514292679 41.954045639597)"
"c1b7ac74511e11503bcaecb93f78a3a09666e89aeb9a14964d9e515190116f5fa7b5819e8ebb365e6d42dadf868d1b6acfd9160d79db1e104da9d1343b700441",,"2026-03-15T04:50:00.000","25","NO CONTROLS","NO CONTROLS","CLEAR","DARKNESS, LIGHTED ROAD","FIXED OBJECT","ALLEY",,"STRAIGHT AND LEVEL","DRY","NO DEFECTS","ON SCENE","INJURY AND / OR TOW DUE TO CRASH",,,,"OVER $1,500","2026-03-15T05:00:00.000","UNABLE TO DETERMINE","UNABLE TO DETERMINE","3942","W","69TH ST","833",,,,,,,"1","NONINCAPACITATING INJURY","1","0","0","1","0","0","0","4","1","3","41.7678532129","-87.7217578201","POINT (-87.721757820147 41.767853212861)"
"3ad88e881f13b115ef7cc27f0c4e036653927a791b536599bd5715f071f1c9f61033180f7f9693f8ebbd9f18155f8735558071a91ae8affd9a2276e084adf5a5","Y","2026-03-15T04:45:00.000","30","NO CONTROLS","NO CONTROLS","CLEAR","DAWN","FIXED OBJECT","DIVIDED - W/MEDIAN BARRIER",,"STRAIGHT AND LEVEL","DRY","NO DEFECTS","ON SCENE","INJURY AND / OR TOW DUE TO CRASH",,,"Y","OVER $1,500","2026-03-15T04:58:00.000","UNABLE TO DETERMINE","UNABLE TO DETERMINE","5998","N","EAST RIVER RD","1614",,,,,,,"1",,,,,,,,,"4","1","3","41.9876623385","-87.8466588715","POINT (-87.846658871509 41.987662338526)"
"f8ff0b8c45dd4c8e33060cf577b20e6eadc9b06a18f87f7bce639cfea8ebf753cca3da26938700b615a2e4f7cc0cdc20311ce60cedff7099f627b2159aa82f38",,"2026-03-15T04:43:00.000","30","UNKNOWN","NO CONTROLS","CLEAR","DARKNESS, LIGHTED ROAD","SIDESWIPE SAME DIRECTION","DIVIDED - W/MEDIAN (NOT RAISED)",,"STRAIGHT AND LEVEL","DRY","NO DEFECTS","ON SCENE","INJURY AND / OR TOW DUE TO CRASH",,,,"OVER $1,500","2026-03-15T04:59:00.000","IMPROPER OVERTAKING/PASSING","NOT APPLICABLE","1350","N","KOSTNER AVE","2533",,,,,,,"2","NONINCAPACITATING INJURY","1","0","0","1","0","1","0","4","1","3","41.9058358507","-87.7363781488","POINT (-87.736378148849 41.905835850735)"
"0b1b6816887b3a34c8308d6d9eb66e487667ba848a0f72ea14d94d9223efce21029fdd271c836e4f21f6456f4b4b92975741f684096fcacd6dd1567661183d63",,"2026-03-15T04:21:00.000","25","NO CONTROLS","NO CONTROLS","CLEAR","DARKNESS, LIGHTED ROAD","OVERTURNED","ALLEY",,"STRAIGHT AND LEVEL","DRY","NO DEFECTS","ON SCENE","INJURY AND / OR TOW DUE TO CRASH",,"Y",,"OVER $1,500","2026-03-15T04:21:00.000","UNDER THE INFLUENCE OF ALCOHOL/DRUGS (USE WHEN ARREST IS EFFECTED)","FAILING TO REDUCE SPEED TO AVOID CRASH","2547","S","SPRINGFIELD AVE","1013",,,,,,,"1","NONINCAPACITATING INJURY","1","0","0","1","0","0","0","4","1","3","41.8447206096","-87.7219772129","POINT (-87.721977212914 41.844720609564)"
"c227c5d82e47de4b9bf1b2aa6dee54b66efc98e9d67e4f8c84b0e4e5926df0f64d69fe3f44adc8e561241a5d016287a473c5a631e1681d1a2772f2c3f5cab677",,"2026-03-15T04:20:00.000","30","UNKNOWN","UNKNOWN","CLEAR","DARKNESS, LIGHTED ROAD","REAR END","RAMP",,"STRAIGHT AND LEVEL","DRY","NO DEFECTS","ON SCENE","INJURY AND / OR TOW DUE TO CRASH",,,,"$501 - $1,500","2026-03-15T04:24:00.000","FOLLOWING TOO CLOSELY","UNABLE TO DETERMINE","5700","S","CICERO AVE","813",,,,,,,"2","REPORTED, NOT EVIDENT","1","0","0","0","1","1","0","4","1","3","41.7893293233","-87.7416456442","POINT (-87.741645644196 41.789329323265)"
"9ddaf8ffaa0dacd3b2e7458d11374fb6dafdadc9bc5cb6c43f8a6475ede8d3ec04990fe6153de4eb052d9f41b2e24ff4182b01f2cde8c339c898039e4d07cb8c",,"2026-03-15T04:10:00.000","30","NO CONTROLS","NO CONTROLS","CLEAR","DARKNESS, LIGHTED ROAD","PARKED MOTOR VEHICLE","NOT DIVIDED",,"STRAIGHT AND LEVEL","DRY","NO DEFECTS","ON SCENE","INJURY AND / OR TOW DUE TO CRASH",,,,"OVER $1,500","2026-03-15T04:15:00.000","UNABLE TO DETERMINE","UNABLE TO DETERMINE","6105","N","CALIFORNIA AVE","2413",,,,,,,"3","NONINCAPACITATING INJURY","1","0","0","1","0","0","0","4","1","3","41.9923914149","-87.699317259","POINT (-87.699317259007 41.992391414949)"
"c1fc650459cd429ceb3f3aa6aa2c23d946d6a2288d5c2c69dda43d3be8fd14cc87e903079e5f7fac698d5905dc35e6269eac4f2af60c6ec258e715009fb377b7",,"2026-03-15T04:06:00.000","30","NO CONTROLS","NO CONTROLS","CLEAR","DARKNESS, LIGHTED ROAD","PARKED MOTOR VEHICLE","NOT DIVIDED",,"STRAIGHT AND LEVEL","DRY","NO DEFECTS","ON SCENE","INJURY AND / OR TOW DUE TO CRASH",,,,"OVER $1,500","2026-03-15T04:06:00.000","UNABLE TO DETERMINE","UNABLE TO DETERMINE","447","N","AUSTIN BLVD","1512",,,,,,,"3","NO INDICATION OF INJURY","0","0","0","0","0","2","0","4","1","3","41.8885606207","-87.7747808995","POINT (-87.774780899497 41.888560620672)"
"db260ce05cec4cd7b933ba556578df4d9e57b63bad5ccb6cc35d332dcd5ea46708071ca3875bd180b088f11543142044e60bbc12d905c4a5d6bc4039d3f80c84",,"2026-03-15T03:58:00.000","30","NO CONTROLS","NO CONTROLS","CLEAR","DARKNESS, LIGHTED ROAD","PARKED MOTOR VEHICLE","NOT DIVIDED",,"STRAIGHT AND LEVEL","DRY","NO DEFECTS","NOT ON SCENE (DESK REPORT)","NO INJURY / DRIVE AWAY",,,"Y","OVER $1,500","2026-03-15T04:05:00.000","IMPROPER OVERTAKING/PASSING","NOT APPLICABLE","1858","S","CENTRAL PARK AVE","1014",,,,,,,"2","NO INDICATION OF INJURY","0","0","0","0","0","1","0","3","1","3","41.8554766188","-87.7152556592","POINT (-87.715255659215 41.85547661875)"
"638fcf4d81f64a79af21496a63f19203bb19a83deca9b0a960296d3b0fa41dca7796cd1eef680554b12849eb3d4daddd88cc147fe3e1b0ea6fd26f331fc35a7f",,"2026-03-15T03:25:00.000","30","STOP SIGN/FLASHER","FUNCTIONING PROPERLY","UNKNOWN","DARKNESS, LIGHTED ROAD","PARKED MOTOR VEHICLE","ONE-WAY",,"STRAIGHT AND LEVEL","UNKNOWN","UNKNOWN","ON SCENE","INJURY AND / OR TOW DUE TO CRASH",,,,"OVER $1,500","2026-03-15T03:43:00.000","DRIVING ON WRONG SIDE/WRONG WAY","FAILING TO REDUCE SPEED TO AVOID CRASH","10601","S","AVENUE H","432",,,,,,,"2","NO INDICATION OF INJURY","0","0","0","0","0","2","0","3","1","3","41.7026304581","-87.5327202928","POINT (-87.532720292844 41.702630458086)"
"0f045a833ef30e38cd3437d8f004cf4fda413b2501cbf0bfbac4e2f5e46b4d397560c1328476d222fcf966810b846a50bd754e36c93e6c8838d804190085ef6f",,"2026-03-15T02:50:00.000","15","NO CONTROLS","NO CONTROLS","CLEAR","DARKNESS, LIGHTED ROAD","PARKED MOTOR VEHICLE","ONE-WAY",,"STRAIGHT AND LEVEL","DRY","NO DEFECTS","ON SCENE","INJURY AND / OR TOW DUE TO CRASH",,,"Y","OVER $1,500","2026-03-15T02:50:00.000","UNABLE TO DETERMINE","NOT APPLICABLE","3604","W","SCHOOL ST","1732",,,,,,,"6","NO INDICATION OF INJURY","0","0","0","0","0","1","0","2","1","3","41.9411448094","-87.717703392","POINT (-87.717703391968 41.94114480942)"
"109cc5b727d286f437cffa29a6d4a8692c4526984359c6f43dd94556208ef2a5cf9d5010713508da299e61ef57e84b3f824cbde553b1809dfecb84c353bf6952",,"2026-03-15T02:40:00.000","30","NO CONTROLS","NO CONTROLS","CLEAR","DARKNESS, LIGHTED ROAD","PARKED MOTOR VEHICLE","NOT DIVIDED",,"STRAIGHT AND LEVEL","DRY","NO DEFECTS","ON SCENE","INJURY AND / OR TOW DUE TO CRASH",,,,"OVER $1,500","2026-03-15T02:42:00.000","UNABLE TO DETERMINE","NOT APPLICABLE","4639","N","KEDZIE AVE","1713",,,,,,,"3","NO INDICATION OF INJURY","0","0","0","0","0","1","0","2","1","3","41.9658100812","-87.708246385","POINT (-87.708246385042 41.965810081155)"
"4caf2e4c4adb572ea78dfe28264f0ef6683b60bd3d6b6c009dbe0abfaf5d23149e2cc088b72f195397804e9065f6264e6b03c35fa1ddb7c39aae738d648872ae",,"2026-03-15T02:40:00.000","30","NO CONTROLS","NO CONTROLS","CLEAR","DARKNESS, LIGHTED ROAD","PARKED MOTOR VEHICLE","ONE-WAY",,"STRAIGHT AND LEVEL","DRY","NO DEFECTS","ON SCENE","NO INJURY / DRIVE AWAY",,,,"$500 OR LESS","2026-03-15T02:40:00.000","UNABLE TO DETERMINE","UNABLE TO DETERMINE","1218","W","78TH ST","612",,,,,,,"2","NO INDICATION OF INJURY","0","0","0","0","0","2","0","2","1","3","41.7524158705","-87.6545545708","POINT (-87.65455457084 41.752415870543)"
"8cc734f6c76fa51003b43c8ab28d76d157c95a37582631da0f42433368566eb6a9134c3e1a49a361cf3efbf8827aba085be783f84cf5bcb988fc018fd711afe1",,"2026-03-15T02:20:00.000","30","NO CONTROLS","NO CONTROLS","CLEAR","DUSK","REAR TO SIDE","NOT DIVIDED",,"STRAIGHT AND LEVEL","DRY","NO DEFECTS","NOT ON SCENE (DESK REPORT)","NO INJURY / DRIVE AWAY","Y",,,"$501 - $1,500","2026-03-15T21:30:00.000","IMPROPER LANE USAGE","UNABLE TO DETERMINE","7400","S","RHODES AVE","323",,,,,,,"2","NO INDICATION OF INJURY","0","0","0","0","0","2","0","2","1","3","41.7602070134","-87.611652118","POINT (-87.611652117998 41.760207013358)"
"7348841ccfd5c8699bc5fe226b142571068dc1c93bf060b0fcbac795593efdc5183f7456fb4f5400047ab798e155d7dd40d114206cb30510367c44fd90999644",,"2026-03-15T02:18:00.000","30","NO CONTROLS","NO CONTROLS","CLEAR","DARKNESS, LIGHTED ROAD","OTHER OBJECT","DIVIDED - W/MEDIAN BARRIER",,"STRAIGHT AND LEVEL","UNKNOWN","UNKNOWN","ON SCENE","INJURY AND / OR TOW DUE TO CRASH",,,,"OVER $1,500","2026-03-15T02:48:00.000","UNABLE TO DETERMINE","NOT APPLICABLE","9565","S","HALSTED ST","2223",,,,,,,"1","REPORTED, NOT EVIDENT","1","0","0","0","1","0","0","2","1","3","41.7197399376","-87.643021238","POINT (-87.643021238015 41.719739937589)"
"bc29b912283bf1789bcebf1eb573ee8ce31b312614f7131b9a5e250ff617414705ea5c8c88fcc9228f5e4edb8f8539245ddc37925c9eae594f262f59def7da24",,"2026-03-15T02:18:00.000","30","TRAFFIC SIGNAL","UNKNOWN","CLEAR","DARKNESS, LIGHTED ROAD","REAR TO SIDE","DIVIDED - W/MEDIAN (NOT RAISED)",,"STRAIGHT AND LEVEL","DRY","UNKNOWN","ON SCENE","NO INJURY / DRIVE AWAY",,,"Y","$500 OR LESS","2026-03-15T02:19:00.000","UNABLE TO DETERMINE","NOT APPLICABLE","100","E","103RD ST","511",,,,,,,"2","NO INDICATION OF INJURY","0","0","0","0","0","3","0","2","1","3","41.7073259318","-87.6201338671","POINT (-87.620133867078 41.707325931756)"
"400de99385b714dc91d4be95e7681b129e8a1f01122b63a5bdaf9ae77c74678608f92e9a7dcc496c4201d949cb1f4c51537be27243bc65341f2cd7fc0340f907",,"2026-03-15T02:16:00.000","30","NO CONTROLS","NO CONTROLS","CLEAR","DARKNESS, LIGHTED ROAD","PARKED MOTOR VEHICLE","ONE-WAY",,"STRAIGHT AND LEVEL","DRY","NO DEFECTS","ON SCENE","INJURY AND / OR TOW DUE TO CRASH",,,,"$501 - $1,500","2026-03-15T02:23:00.000","DRIVING ON WRONG SIDE/WRONG WAY","IMPROPER LANE USAGE","4822","W","CORNELIA AVE","1634",,,,,,,"3","NO INDICATION OF INJURY","0","0","0","0","0","1","0","2","1","3","41.9443972191","-87.7479441635","POINT (-87.747944163521 41.94439721905)"
"9edc21c2a67a6633053f9713206028224040b95a79b84ec8addac762303ba3a2b3680e2413359c96fd60765d10c90eea8c3ec3bebc4e9e67affd3d54aa597321",,"2026-03-15T02:00:00.000","30","TRAFFIC SIGNAL","FUNCTIONING PROPERLY","CLEAR","DARKNESS, LIGHTED ROAD","SIDESWIPE OPPOSITE DIRECTION","T-INTERSECTION",,"STRAIGHT AND LEVEL","DRY","NO DEFECTS","NOT ON SCENE (DESK REPORT)","INJURY AND / OR TOW DUE TO CRASH","Y",,"Y","OVER $1,500","2026-03-15T03:53:00.000","DISREGARDING TRAFFIC SIGNALS","NOT APPLICABLE","6824","S","KEEFE AVE","321",,,,,,,"2","NO INDICATION OF INJURY","0","0","0","0","0","2","0","2","1","3","41.7706968557","-87.6122668447","POINT (-87.61226684469 41.770696855694)"