"crash_record_id","crash_date_est_i","crash_date","posted_speed_limit","traffic_control_device","device_condition","weather_condition","lighting_condition","first_crash_type","trafficway_type","lane_cnt","alignment","roadway_surface_cond","road_defect","report_type","crash_type","intersection_related_i","private_property_i","hit_and_run_i","damage","date_police_notified","prim_contributory_cause","sec_contributory_cause","street_no","street_direction","street_name","beat_of_occurrence","photos_taken_i","statements_taken_i","dooring_i","work_zone_i","work_zone_type","workers_present_i","num_units","most_severe_injury","injuries_total","injuries_fatal","injuries_incapacitating","injuries_non_incapacitating","injuries_reported_not_evident","injuries_no_indication","injuries_unknown","crash_hour","crash_day_of_week","crash_month","latitude","longitude","location"
"294ba8b13d96d068a97ff450853b3bc91dc594e6fdadec7e984e71cbad8ace475efc043945dbfd44dde1bee5f84de0529278ce327aa24059bf955a2c86bc0938",,"2026-03-15T01:59:00.000","30","TRAFFIC SIGNAL","FUNCTIONING PROPERLY","CLEAR","DARKNESS, LIGHTED ROAD","TURNING","FOUR WAY",,"STRAIGHT AND LEVEL","DRY","NO DEFECTS","ON SCENE","INJURY AND / OR TOW DUE TO CRASH","Y",,,"OVER $1,500","2026-03-15T02:07:00.000","FAILING TO YIELD RIGHT-OF-WAY","IMPROPER TURNING/NO SIGNAL","2800","N","LARAMIE AVE","2514",,,,,,,"2","NO INDICATION OF INJURY","0","0","0","0","0","3","0","1","1","3","41.9314422854","-87.7565688949","POINT (-87.756568894901 41.931442285363)"
"285d3c080cc703e92b5a3769ae4c0f9560addf98395a96096ad9a0c0a8598d76014eee64da702746fed9867a64df23ed6ffad0c5471ab3a73190e021aa12e5e2",,"2026-03-15T01:40:00.000","30","NO CONTROLS","NO CONTROLS","UNKNOWN","DARKNESS, LIGHTED ROAD","PARKED MOTOR VEHICLE","ONE-WAY",,"STRAIGHT AND LEVEL","UNKNOWN","UNKNOWN","NOT ON SCENE (DESK REPORT)","INJURY AND / OR TOW DUE TO CRASH",,,"Y","OVER $1,500","2026-03-15T01:40:00.000","UNABLE TO DETERMINE","UNABLE TO DETERMINE","2240","N","LAKEWOOD AVE","1811",,,,,,,"4","NO INDICATION OF INJURY","0","0","0","0","0","1","0","1","1","3","41.922849789","-87.6609545444","POINT (-87.660954544429 41.922849789043)"
"06104762ec3af1ab5d8208225bc1c14ef0fa9a49a00d31bd5ee00c65190b7a937ea2596c2075f5b80a85a5ff16dc0b7e68e120d422a31388c2daf6e9beb75bee",,"2026-03-15T01:39:00.000","30","TRAFFIC SIGNAL","FUNCTIONING PROPERLY","CLEAR","DARKNESS, LIGHTED ROAD","FIXED OBJECT","DIVIDED - W/MEDIAN BARRIER",,"STRAIGHT AND LEVEL","DRY","UNKNOWN","ON SCENE","INJURY AND / OR TOW DUE TO CRASH",,,,"OVER $1,500","2026-03-15T01:40:00.000","UNABLE TO DETERMINE","UNABLE TO DETERMINE","4558","W","CHICAGO AVE","1111",,,,,,,"1","NO INDICATION OF INJURY","0","0","0","0","0","1","0","1","1","3","41.8952072485","-87.740780859","POINT (-87.740780858981 41.895207248453)"
"1fb0c816f8dfe57269ee135852ba152fb66f2b01da92f10137a5309e7cbdee4f75938a6c2ce10b0b2e671647aa0a93d1c87895f922bc922812fcc7cfa183b2f3",,"2026-03-15T01:30:00.000","30","NO CONTROLS","NO CONTROLS","CLEAR","DARKNESS, LIGHTED ROAD","PARKED MOTOR VEHICLE","NOT DIVIDED",,"STRAIGHT AND LEVEL","DRY","NO DEFECTS","ON SCENE","INJURY AND / OR TOW DUE TO CRASH",,,"Y","OVER $1,500","2026-03-15T04:02:00.000","UNABLE TO DETERMINE","NOT APPLICABLE","7919","S","KARLOV AVE","834",,,,,,,"4","NO INDICATION OF INJURY","0","0","0","0","0","1","0","1","1","3","41.7488708283","-87.7241186774","POINT (-87.72411867742 41.748870828285)"
"b7fee93bb40b6186d1c08d94dedde5e966c4cf6003d6536e4049baa3a2eeedc57e5b649897eea98381ce4815cbdd44308e62f7ef931cd6df0d1aee05b661e9c5",,"2026-03-15T01:25:00.000","30","NO CONTROLS","NO CONTROLS","CLEAR","DARKNESS, LIGHTED ROAD","PARKED MOTOR VEHICLE","NOT DIVIDED",,"STRAIGHT AND LEVEL","DRY","UNKNOWN","ON SCENE","INJURY AND / OR TOW DUE TO CRASH",,,,"OVER $1,500","2026-03-15T01:27:00.000","UNABLE TO DETERMINE","UNABLE TO DETERMINE","1838","N","NARRAGANSETT AVE","2513",,,,,,,"3","NO INDICATION OF INJURY","0","0","0","0","0","1","0","1","1","3","41.9139361328","-87.7853039616","POINT (-87.785303961565 41.91393613284)"
"85cd5e821a6fec61a83efd17be116f3cc81c85b259f043848a9e21eb4216a5a826e570a0b173636ea7cb332498518d29f2767f808471318e362bb50503812662","Y","2026-03-15T01:00:00.000","30","NO CONTROLS","NO CONTROLS","UNKNOWN","UNKNOWN","PARKED MOTOR VEHICLE","NOT DIVIDED",,"STRAIGHT AND LEVEL","UNKNOWN","UNKNOWN","NOT ON SCENE (DESK REPORT)","NO INJURY / DRIVE AWAY",,,"Y","OVER $1,500","2026-03-15T12:50:00.000","UNABLE TO DETERMINE","NOT APPLICABLE","3749","N","MAGNOLIA AVE","1923",,,,,,,"2","NO INDICATION OF INJURY","0","0","0","0","0","1","0","1","1","3","41.9503775177","-87.6603234484","POINT (-87.660323448361 41.950377517671)"
"2695d706526ce1d26bc8b1ac03e8dc547eb8fa9598628df84eaa146520d5fbd1a06f3d6f630b31357eaa3f7c09b5ae3a371acb839e5e34c506a17db852482d46",,"2026-03-15T00:50:00.000","30","NO CONTROLS","NO CONTROLS","CLEAR","DARKNESS","FIXED OBJECT","NOT DIVIDED",,"STRAIGHT AND LEVEL","DRY","NO DEFECTS","ON SCENE","INJURY AND / OR TOW DUE TO CRASH",,,,"OVER $1,500","2026-03-15T00:57:00.000","DRIVING SKILLS/KNOWLEDGE/EXPERIENCE","UNABLE TO DETERMINE","10298","S","VERNON AVE","511",,,,,,,"1","REPORTED, NOT EVIDENT","1","0","0","0","1","0","0","0","1","3","41.7074216381","-87.6126994346","POINT (-87.612699434587 41.707421638144)"
"24beee9474fbf946011a85d0618f5fce82df1e71d0c599117523cd682dc4ac1dfa3ec2a868c55c5c2cd6adef743d420843649312ecbc6bcf45aba97016fb9a58",,"2026-03-15T00:48:00.000","30","TRAFFIC SIGNAL","FUNCTIONING PROPERLY","CLEAR","DARKNESS, LIGHTED ROAD","SIDESWIPE SAME DIRECTION","DIVIDED - W/MEDIAN BARRIER",,"STRAIGHT AND LEVEL","DRY","UNKNOWN","ON SCENE","INJURY AND / OR TOW DUE TO CRASH",,,"Y","OVER $1,500","2026-03-15T00:48:00.000","IMPROPER OVERTAKING/PASSING","DRIVING SKILLS/KNOWLEDGE/EXPERIENCE","3753","N","ASHLAND AVE","1922",,,,,,,"2","NONINCAPACITATING INJURY","1","0","0","1","0","1","0","0","1","3","41.9503808996","-87.6687995414","POINT (-87.668799541408 41.950380899555)"
"8134c072f866eb4697334cb23097959f51618d6d82af0fc73776acfe088860eb1075e39ff0800d04fb99f07152b799625af14db1a6efdbd7152f70f07e422a5f",,"2026-03-15T00:45:00.000","40","NO CONTROLS","NO CONTROLS","CLEAR","DARKNESS, LIGHTED ROAD","REAR END","DIVIDED - W/MEDIAN BARRIER",,"STRAIGHT AND LEVEL","DRY","NO DEFECTS","ON SCENE","INJURY AND / OR TOW DUE TO CRASH",,,,"OVER $1,500","2026-03-15T00:46:00.000","PHYSICAL CONDITION OF DRIVER","FOLLOWING TOO CLOSELY","3042","N","LAKE SHORE DR NB","1934",,,,,,,"2","NO INDICATION OF INJURY","0","0","0","0","0","2","0","0","1","3","41.9373557191","-87.6349336552","POINT (-87.634933655184 41.937355719125)"
"c7899e23929aecddd5c87cfca6f0b9d5a4c03fa850f961357b6f3a6d44943a78e7ed6c368eab2dd15955763b1d514b2bf246b4913ac94b9cca5c8e398e340309",,"2026-03-15T00:45:00.000","30","NO CONTROLS","NO CONTROLS","CLEAR","DARKNESS, LIGHTED ROAD","PARKED MOTOR VEHICLE","ONE-WAY",,"STRAIGHT AND LEVEL","DRY","NO DEFECTS","ON SCENE","NO INJURY / DRIVE AWAY",,,,"OVER $1,500","2026-03-15T00:45:00.000","ANIMAL","NOT APPLICABLE","9998","S","EGGLESTON AVE","2232",,,,,,,"2","NO INDICATION OF INJURY","0","0","0","0","0","1","0","0","1","3","41.7125552795","-87.6338805152","POINT (-87.633880515172 41.712555279492)"
"8ff0b26c95644461eb369b87562a2ebed8859ecd7e256fc77285815918e4aabd4d048df420f892b6ad61524c765e6be93bc0828ebf17833725b60dfa31ad8b8b",,"2026-03-15T00:40:00.000","30","TRAFFIC SIGNAL","FUNCTIONING PROPERLY","CLEAR","DARKNESS, LIGHTED ROAD","ANGLE","FOUR WAY",,"STRAIGHT AND LEVEL","DRY","NO DEFECTS","ON SCENE","INJURY AND / OR TOW DUE TO CRASH","Y",,"Y","OVER $1,500","2026-03-15T00:43:00.000","DISREGARDING TRAFFIC SIGNALS","NOT APPLICABLE","199","W","WASHINGTON ST","122",,,,,,,"2","NO INDICATION OF INJURY","0","0","0","0","0","7","0","0","1","3","41.8830998098","-87.6337883384","POINT (-87.633788338434 41.883099809817)"
"f7fb542c019a505e739b87bb43e476d3475ed4e1efbfe92e18c3a5853269c58fdf52b7c4197d4fc2f31c481b26c51440e97b2b41c0d511a1b5ab6ba680380378","Y","2026-03-15T00:39:00.000","30","TRAFFIC SIGNAL","FUNCTIONING PROPERLY","CLEAR","DARKNESS, LIGHTED ROAD","ANGLE","NOT REPORTED",,"STRAIGHT AND LEVEL","DRY","NO DEFECTS","ON SCENE","INJURY AND / OR TOW DUE TO CRASH","Y",,"Y","OVER $1,500","2026-03-15T00:40:00.000","DISREGARDING TRAFFIC SIGNALS","OPERATING VEHICLE IN ERRATIC, RECKLESS, CARELESS, NEGLIGENT OR AGGRESSIVE MANNER","2300","W","VAN BUREN ST","1225",,,,,,,"2","NO INDICATION OF INJURY","0","0","0","0","0","2","0","0","1","3","41.8762289463","-87.6839515414","POINT (-87.683951541377 41.876228946289)"
"a534d74e42fbd09fd0ed6a9c3e24e8237574a902ae6ff4e1ad4522180bca35a42d93ed8493e91a14306abd4a8e74868129fb9d73e9fd4a66c86a0d2ef095c07e",,"2026-03-15T00:30:00.000","25","NO CONTROLS","NO CONTROLS","CLEAR","DARKNESS, LIGHTED ROAD","TURNING","NOT DIVIDED",,"STRAIGHT AND LEVEL","DRY","NO DEFECTS","ON SCENE","NO INJURY / DRIVE AWAY",,,,"OVER $1,500","2026-03-15T00:45:00.000","IMPROPER TURNING/NO SIGNAL","NOT APPLICABLE","3001","N","BROADWAY","1934",,,,,,,"2","NO INDICATION OF INJURY","0","0","0","0","0","2","0","0","1","3","41.9365735011","-87.644134754","POINT (-87.644134754048 41.936573501132)"
"c166daedfa6371aba97591722415d227a3968f04e1bace484e0988f0032189e7b87268775a27b3d23678a5fdc048397382c8f19622f17b6cb7fcd9fe1739111e",,"2026-03-15T00:30:00.000","30","NO CONTROLS","NO CONTROLS","CLEAR","DARKNESS, LIGHTED ROAD","PARKED MOTOR VEHICLE","NOT DIVIDED",,"STRAIGHT AND LEVEL","DRY","NO DEFECTS","NOT ON SCENE (DESK REPORT)","NO INJURY / DRIVE AWAY",,,"Y","OVER $1,500","2026-03-15T11:00:00.000","UNABLE TO DETERMINE","NOT APPLICABLE","5138","S","WOOD ST","932",,,,,,,"2","NO INDICATION OF INJURY","0","0","0","0","0","1","0","0","1","3","41.8001108776","-87.6697616714","POINT (-87.669761671365 41.800110877555)"
"3ba94146bdefbfe6488349a78aa660d09c34f81f87c2c2e99c544e9205c713adc3fe25dd7dfb102819d62c7b39876b0d95656ddd390a43beadaa975c54bd3ed7",,"2026-03-15T00:28:00.000","30","TRAFFIC SIGNAL","FUNCTIONING PROPERLY","CLOUDY/OVERCAST","DARKNESS, LIGHTED ROAD","TURNING","DIVIDED - W/MEDIAN (NOT RAISED)",,"STRAIGHT AND LEVEL","DRY","WORN SURFACE","NOT ON SCENE (DESK REPORT)","NO INJURY / DRIVE AWAY",,,,"OVER $1,500","2026-03-15T01:05:00.000","IMPROPER LANE USAGE","DRIVING SKILLS/KNOWLEDGE/EXPERIENCE","5359","N","BROADWAY","2023",,,,,,,"2","NO INDICATION OF INJURY","0","0","0","0","0","2","0","0","1","3","41.9798825163","-87.6598180517","POINT (-87.659818051671 41.979882516276)"
"179f79790ccd37794647f1586771d31b1024a0a1376a8f07d94af42684c1aad9d202e624f08b517f607d16fba98ad580245c9d1d4e5104ca8854e344aada22a6",,"2026-03-15T00:27:00.000","30","NO CONTROLS","NO CONTROLS","CLEAR","DARKNESS, LIGHTED ROAD","PARKED MOTOR VEHICLE","ONE-WAY",,"STRAIGHT AND LEVEL","DRY","NO DEFECTS","ON SCENE","INJURY AND / OR TOW DUE TO CRASH",,"Y",,"OVER $1,500","2026-03-15T00:30:00.000","UNDER THE INFLUENCE OF ALCOHOL/DRUGS (USE WHEN ARREST IS EFFECTED)","FAILING TO REDUCE SPEED TO AVOID CRASH","6238","S","CAMPBELL AVE","825",,,,,,,"3","NO INDICATION OF INJURY","0","0","0","0","0","1","0","0","1","3","41.7798800789","-87.6862527222","POINT (-87.686252722169 41.779880078905)"
"fcce016567da78fea4d8cfa0068a7293d758aef577b2ff7c52189e03a888630e97e3d8adf9293aeb277df8e584301fc1f11bdc7d4445af72feaad8d9714c4c71",,"2026-03-15T00:26:00.000","30","TRAFFIC SIGNAL","FUNCTIONING PROPERLY","CLEAR","DARKNESS, LIGHTED ROAD","ANGLE","DIVIDED - W/MEDIAN BARRIER",,"STRAIGHT AND LEVEL","DRY","NO DEFECTS","ON SCENE","INJURY AND / OR TOW DUE TO CRASH","Y",,,"OVER $1,500","2026-03-15T00:27:00.000","DISREGARDING TRAFFIC SIGNALS","NOT APPLICABLE","2","E","GARFIELD BLVD","225",,,,,,,"3","REPORTED, NOT EVIDENT","5","0","0","0","5","0","0","0","1","3","41.7947522007","-87.6256185914","POINT (-87.625618591418 41.794752200697)"
"348d776ef10a7a26272c426e6fd49f68b6f03f32ee11ae3c3ccde3e8d293467955fa9d4357c66d148943b1387c9433754b022fd646b44b1ba919a246a01bfaf8",,"2026-03-15T00:25:00.000","30","TRAFFIC SIGNAL","FUNCTIONING PROPERLY","CLEAR","DARKNESS, LIGHTED ROAD","TURNING","CENTER TURN LANE",,"STRAIGHT AND LEVEL","DRY","NO DEFECTS","ON SCENE","INJURY AND / OR TOW DUE TO CRASH",,,,"OVER $1,500","2026-03-15T00:27:00.000","DRIVING ON WRONG SIDE/WRONG WAY","NOT APPLICABLE","7856","S","JEFFERY BLVD","414",,,,,,,"2","NO INDICATION OF INJURY","0","0","0","0","0","2","0","0","1","3","41.7517511622","-87.5761323227","POINT (-87.576132322704 41.751751162248)"
"0e2de595c69ea698d0eae34afbf8aa27e8a30aede796b652d73216f637b1ce3899920b78a671d0d3babc12322fa644b048e145c5e5ef8d95c4c9e8d42f2a4528",,"2026-03-15T00:20:00.000","30","NO CONTROLS","NO CONTROLS","CLEAR","DARKNESS, LIGHTED ROAD","ANGLE","ONE-WAY",,"STRAIGHT AND LEVEL","UNKNOWN","UNKNOWN","NOT ON SCENE (DESK REPORT)","NO INJURY / DRIVE AWAY",,,,"OVER $1,500","2026-03-15T00:45:00.000","FAILING TO REDUCE SPEED TO AVOID CRASH","FAILING TO REDUCE SPEED TO AVOID CRASH","825","W","CORNELIA AVE","1924",,,,,,,"2","NO INDICATION OF INJURY","0","0","0","0","0","2","0","0","1","3","41.9453493165","-87.6504237229","POINT (-87.650423722948 41.945349316528)"
"04e08737032bdfe9126f5ac06ab3bad7379919b1cd336708ec18e98dc8860567aaa99bb70adde72cb953efcfc7e641d42ac7f393b480214e2d6b6b68ee8ab985",,"2026-03-15T00:01:00.000","30","TRAFFIC SIGNAL","FUNCTIONING PROPERLY","CLEAR","DARKNESS, LIGHTED ROAD","PEDESTRIAN","NOT DIVIDED",,"STRAIGHT AND LEVEL","DRY","NO DEFECTS","NOT ON SCENE (DESK REPORT)","INJURY AND / OR TOW DUE TO CRASH",,,"Y","OVER $1,500","2026-03-15T13:10:00.000","FAILING TO YIELD RIGHT-OF-WAY","NOT APPLICABLE","433","W","VAN BUREN ST","121",,,,,,,"2","REPORTED, NOT EVIDENT","1","0","0","0","1","1","0","0","1","3","41.8766674324","-87.6391776641","POINT (-87.639177664114 41.876667432354)"
"5c62a88a423a00be2df9b56c48cb8568e2a0037f4ad12d1c1752e1450361ebec6732124ea30a13cc1969bab4f0f9956cb8afde7da12fa89cd50122608b696b19",,"2026-03-15T00:01:00.000","30","NO CONTROLS","NO CONTROLS","CLEAR","DARKNESS, LIGHTED ROAD","PARKED MOTOR VEHICLE","ONE-WAY",,"STRAIGHT AND LEVEL","DRY","NO DEFECTS","ON SCENE","INJURY AND / OR TOW DUE TO CRASH",,,"Y","OVER $1,500","2026-03-15T00:04:00.000","UNABLE TO DETERMINE","UNABLE TO DETERMINE","3550","W","15TH ST","1021",,,,,,,"3","NO INDICATION OF INJURY","0","0","0","0","0","2","0","0","1","3","41.8609186831","-87.7148355493","POINT (-87.714835549296 41.86091868312)"
"91ead08caa3407657f3f9ca5bfc7879a94b86601bbd0d5c71b7b76b0b28d949b8cfee07338c2dbc3ce50cee71f6423247983bebc674120030cf6303c791ec3c1",,"2026-03-15T00:01:00.000","25","NO CONTROLS","NO CONTROLS","CLEAR","UNKNOWN","PARKED MOTOR VEHICLE","NOT DIVIDED",,"STRAIGHT AND LEVEL","DRY","NO DEFECTS","ON SCENE","INJURY AND / OR TOW DUE TO CRASH",,,"Y","OVER $1,500","2026-03-15T10:00:00.000","UNABLE TO DETERMINE","UNABLE TO DETERMINE","1232","W","WAVELAND AVE","1923",,,,,,,"2","NO INDICATION OF INJURY","0","0","0","0","0","1","0","0","1","3","41.9490568536","-87.6604964521","POINT (-87.660496452092 41.949056853597)"
"bad79249c07d01f24d89dfa5decafb591427b5756d0a16b747a640edff11f7142c72595e775627c0af3451d2ece932264ec20e88b26bf401d4c6d37abd05ed7d",,"2026-03-15T00:00:00.000","20","NO CONTROLS","NO CONTROLS","UNKNOWN","UNKNOWN","PARKED MOTOR VEHICLE","ONE-WAY",,"CURVE, LEVEL","UNKNOWN","NO DEFECTS","ON SCENE","NO INJURY / DRIVE AWAY",,,"Y","OVER $1,500","2026-03-15T08:44:00.000","UNABLE TO DETERMINE","NOT APPLICABLE","745","N","WILLARD CT","1215",,,,,,,"2","NO INDICATION OF INJURY","0","0","0","0","0","1","0","0","1","3","41.8957319388","-87.658415899","POINT (-87.658415898968 41.895731938816)"
"75286b3a7e961ef0221db4afc499c2d90fd4dc3e25242a4f090f78de05fe2ffe5a6423d813bffe41abd7c92ccae66a2cb00a34b574b3c80830bbc5d65e2b5147",,"2026-03-14T23:55:00.000","30","NO CONTROLS","NO CONTROLS","CLEAR","DARKNESS, LIGHTED ROAD","PARKED MOTOR VEHICLE","NOT DIVIDED",,"STRAIGHT AND LEVEL","DRY","NO DEFECTS","ON SCENE","INJURY AND / OR TOW DUE TO CRASH",,,"Y","OVER $1,500","2026-03-15T00:00:00.000","UNABLE TO DETERMINE","UNABLE TO DETERMINE","1255","W","WILSON AVE","1913",,"Y",,,,,"3","NO INDICATION OF INJURY","0","0","0","0","0","1","0","23","7","3","41.965226812","-87.6618029068","POINT (-87.66180290683 41.965226811997)"
"411e8afeabbbeab063634c0737d8e4f12d5b4373da3f74cb09891e5da55e8afe1180de4b2a1833bf10570100fa4c60b0c711f6e9569ec79d93f4f8ac72b49459",,"2026-03-14T23:45:00.000","30","NO CONTROLS","NO CONTROLS","CLEAR","DARKNESS","HEAD ON","DIVIDED - W/MEDIAN (NOT RAISED)",,"STRAIGHT AND LEVEL","DRY","NO DEFECTS","NOT ON SCENE (DESK REPORT)","NO INJURY / DRIVE AWAY",,,"Y","$501 - $1,500","2026-03-15T13:35:00.000","UNABLE TO DETERMINE","UNABLE TO DETERMINE","8120","S","ASHLAND AVE","614",,,,,,,"2","NO INDICATION OF INJURY","0","0","0","0","0","3","0","23","7","3","41.7460567251","-87.6634756188","POINT (-87.663475618761 41.746056725136)"
"b2240e5cac31d8e882b2bc0bc853e3c78c6c9fe545674e4e8f38ff7193155540518c1d79575858e1337b74700b6d60a704ac607595317c28ad845473ee84014b",,"2026-03-14T23:45:00.000","30","TRAFFIC SIGNAL","FUNCTIONING PROPERLY","CLEAR","DARKNESS, LIGHTED ROAD","ANGLE","NOT DIVIDED",,"STRAIGHT AND LEVEL","DRY","NO DEFECTS","NOT ON SCENE (DESK REPORT)","NO INJURY / DRIVE AWAY",,,,"$501 - $1,500","2026-03-15T11:00:00.000","UNABLE TO DETERMINE","UNABLE TO DETERMINE","2801","W","TOUHY AVE","2411",,,,,,,"2","NO INDICATION OF INJURY","0","0","0","0","0","2","0","23","7","3","42.0119538884","-87.699830232","POINT (-87.699830231991 42.011953888438)"
"c4608b72f772b3ad8f15df1db48ce06df238fdbebf73806be16163e43a386959edf26dba48df24c48d3f819cac6bbe09902c9a7c5dc8678573dc53fdde50bf03",,"2026-03-14T23:45:00.000","30","NO CONTROLS","NO CONTROLS","CLEAR","DARKNESS, LIGHTED ROAD","OTHER NONCOLLISION","NOT DIVIDED",,"STRAIGHT AND LEVEL","DRY","RUT, HOLES","NOT ON SCENE (DESK REPORT)","NO INJURY / DRIVE AWAY",,,,"OVER $1,500","2026-03-15T16:22:00.000","ROAD ENGINEERING/SURFACE/MARKING DEFECTS","NOT APPLICABLE","1340","E","87TH ST","412",,,,,,,"1","NO INDICATION OF INJURY","0","0","0","0","0","1","0","23","7","3","41.7369395159","-87.5919001811","POINT (-87.591900181114 41.73693951587)"
"69a5dba8cf179336893f634b35414570b6ae49b9e883eaebc8c68dfc0e358456a4e8b4b451634203c4178a6eff6dd7d85b043875af4e03c9a1853053845326d8",,"2026-03-14T23:42:00.000","30","NO CONTROLS","NO CONTROLS","CLEAR","DARKNESS","SIDESWIPE SAME DIRECTION","NOT DIVIDED",,"STRAIGHT AND LEVEL","DRY","NO DEFECTS","NOT ON SCENE (DESK REPORT)","NO INJURY / DRIVE AWAY",,,"Y","OVER $1,500","2026-03-15T14:43:00.000","IMPROPER OVERTAKING/PASSING","NOT APPLICABLE","180","N","WACKER DR","122",,,,,,,"2","NO INDICATION OF INJURY","0","0","0","0","0","3","0","23","7","3","41.8852432327","-87.6371647943","POINT (-87.637164794301 41.885243232691)"
"0ee848a04bda8c57b11828fe6e949f6c078649c546390257afaa05c45a916bacd33755e8d2cbfa9c38f84b2e603679ba9de40282cb72614fa164d7f88142c60e",,"2026-03-14T23:34:00.000","30","TRAFFIC SIGNAL","FUNCTIONING PROPERLY","CLEAR","DARKNESS, LIGHTED ROAD","ANGLE","DIVIDED - W/MEDIAN BARRIER",,"STRAIGHT AND LEVEL","DRY","NO DEFECTS",,"INJURY AND / OR TOW DUE TO CRASH","Y",,,"OVER $1,500","2026-03-14T23:35:00.000","UNABLE TO DETERMINE","NOT APPLICABLE","3198","W","79TH ST","835",,,,,,,"2","NO INDICATION OF INJURY","0","0","0","0","0","3","0","23","7","3","41.7499518933","-87.7023629147","POINT (-87.702362914729 41.749951893329)"
"462103e09ee87a7f4cb6d7c272f4789e440d055d4ddf8fec87600e612bb1df5045e78b6f0b665a5591e52906be7dd066db65d80ded2f55282f734da71e98d48e",,"2026-03-14T23:34:00.000","30","NO CONTROLS","NO CONTROLS","CLEAR","DARKNESS, LIGHTED ROAD","TURNING","NOT DIVIDED",,"STRAIGHT AND LEVEL","DRY","NO DEFECTS","ON SCENE","INJURY AND / OR TOW DUE TO CRASH",,,,"OVER $1,500","2026-03-14T23:34:00.000","IMPROPER OVERTAKING/PASSING","IMPROPER OVERTAKING/PASSING","600","E","111TH ST","513",,,,,,,"2","NO INDICATION OF INJURY","0","0","0","0","0","3","0","23","7","3","41.692887194","-87.6092686682","POINT (-87.609268668249 41.692887193964)"
"5481f10e3675fd9de23ddb6479534ee5dcfedebb0895a38165e2d97d82c77b79827369d7751a7e6c4e1bbac33e7444b1465ff02e84f8c6749e8ddbff76b8d5fa",,"2026-03-14T23:30:00.000","30","NO CONTROLS","UNKNOWN","CLEAR","UNKNOWN","REAR END","UNKNOWN",,"STRAIGHT AND LEVEL","UNKNOWN","OTHER","ON SCENE","NO INJURY / DRIVE AWAY",,,,"$501 - $1,500","2026-03-14T23:30:00.000","UNABLE TO DETERMINE","UNABLE TO DETERMINE","4319","S","PULASKI RD","821",,,,,,,"2","NO INDICATION OF INJURY","0","0","0","0","0","2","0","23","7","3","41.8145963586","-87.7236920943","POINT (-87.723692094309 41.814596358648)"
"5e3bce3006e3a1ccc89519d633abb7a22bb16dfec6ea19ca3406777d639391c05d78aa5d778a39bbb4b65506285546589f62a9ba07c88da3733412a67efba372",,"2026-03-14T23:30:00.000","30","TRAFFIC SIGNAL","FUNCTIONING PROPERLY","CLEAR","DARKNESS, LIGHTED ROAD","REAR END","NOT DIVIDED",,"STRAIGHT AND LEVEL","DRY","NO DEFECTS","NOT ON SCENE (DESK REPORT)","NO INJURY / DRIVE AWAY",,,,"OVER $1,500","2026-03-15T00:30:00.000","UNABLE TO DETERMINE","NOT APPLICABLE","3900","S","LA SALLE ST","213",,,,,,,"2","NO INDICATION OF INJURY","0","0","0","0","0","2","0","23","7","3","41.8236423349","-87.6297873161","POINT (-87.629787316104 41.823642334896)"
"82c6dc4672ee69ac2a233bd2de3ab33f9662362aa6cce0aefb6775a91c38ecbb738450211784496ff1029df94502b903bcb445529cb3d3edac722e16587b788f",,"2026-03-14T23:20:00.000","30","NO CONTROLS","NO CONTROLS","CLEAR","DARKNESS, LIGHTED ROAD","PARKED MOTOR VEHICLE","DIVIDED - W/MEDIAN (NOT RAISED)",,"STRAIGHT AND LEVEL","DRY","NO DEFECTS","NOT ON SCENE (DESK REPORT)","NO INJURY / DRIVE AWAY",,,,"OVER $1,500","2026-03-15T10:59:00.000","FOLLOWING TOO CLOSELY","NOT APPLICABLE","3143","N","MILWAUKEE AVE","2523",,,,,,,"2","NO INDICATION OF INJURY","0","0","0","0","0","1","0","23","7","3","41.9381165839","-87.7220122351","POINT (-87.722012235064 41.938116583931)"
"9472ba8b7d1b37bcf0a753acd679364a66cf41da830c9152d2209eefb7973c4d6d0a75eb4922d523851b56a36f8d1a1e0ba16b7252bc5f2bdbca875636f43f0d",,"2026-03-14T23:20:00.000","30","TRAFFIC SIGNAL","FUNCTIONING PROPERLY","CLEAR","DARKNESS, LIGHTED ROAD","TURNING","FOUR WAY",,"STRAIGHT AND LEVEL","DRY","NO DEFECTS","NOT ON SCENE (DESK REPORT)","NO INJURY / DRIVE AWAY","Y",,,"$501 - $1,500","2026-03-14T23:30:00.000","UNABLE TO DETERMINE","UNABLE TO DETERMINE","1200","N","LARRABEE ST","1822",,,,,,,"3","NO INDICATION OF INJURY","0","0","0","0","0","3","0","23","7","3","41.9037696064","-87.6433689399","POINT (-87.643368939876 41.903769606378)"
"ec7f0cb9cbb37ba626939c33d03f1239c256066b78d2cfae03b5cba527bcea1d517d31111b84d3fefe77333cc6b39b564c9a88dfafcb4c2dd5f4e275c6f7d3ae",,"2026-03-14T23:20:00.000","30","UNKNOWN","UNKNOWN","UNKNOWN","UNKNOWN","SIDESWIPE SAME DIRECTION","UNKNOWN",,"STRAIGHT AND LEVEL","UNKNOWN","UNKNOWN","NOT ON SCENE (DESK REPORT)","NO INJURY / DRIVE AWAY",,,"Y","OVER $1,500","2026-03-15T14:25:00.000","UNABLE TO DETERMINE","NOT APPLICABLE","1011","W","CARROLL AVE","1214",,,,,,,"2","NO INDICATION OF INJURY","0","0","0","0","0","2","0","23","7","3","41.8876470926","-87.6526941137","POINT (-87.652694113667 41.887647092627)"