"crash_record_id","crash_date_est_i","crash_date","posted_speed_limit","traffic_control_device","device_condition","weather_condition","lighting_condition","first_crash_type","trafficway_type","lane_cnt","alignment","roadway_surface_cond","road_defect","report_type","crash_type","intersection_related_i","private_property_i","hit_and_run_i","damage","date_police_notified","prim_contributory_cause","sec_contributory_cause","street_no","street_direction","street_name","beat_of_occurrence","photos_taken_i","statements_taken_i","dooring_i","work_zone_i","work_zone_type","workers_present_i","num_units","most_severe_injury","injuries_total","injuries_fatal","injuries_incapacitating","injuries_non_incapacitating","injuries_reported_not_evident","injuries_no_indication","injuries_unknown","crash_hour","crash_day_of_week","crash_month","latitude","longitude","location"
"744b86cab057d8639e7768bfe48d3694df54354b99b5ad2b849fcadeb01a5fd7762bb32fe4307b896c3e50a2f81e3986bbe8843ded53f444ca9e7b5b7f76fbc5",,"2026-03-14T23:17:00.000","30","TRAFFIC SIGNAL","FUNCTIONING PROPERLY","CLEAR","DARKNESS, LIGHTED ROAD","SIDESWIPE SAME DIRECTION","DIVIDED - W/MEDIAN (NOT RAISED)",,"STRAIGHT AND LEVEL","DRY","NO DEFECTS","NOT ON SCENE (DESK REPORT)","NO INJURY / DRIVE AWAY","N",,,"$501 - $1,500","2026-03-15T01:15:00.000","UNABLE TO DETERMINE","UNABLE TO DETERMINE","533","N","ORLEANS ST","1831",,,,,,,"2","NO INDICATION OF INJURY","0","0","0","0","0","5","0","23","7","3","41.8916637733","-87.6368863609","POINT (-87.636886360851 41.891663773313)"
"82e61bf5ff4e9482e04ffd4e21f8071ec139c8ea2ae8853f1a6ea4efd786c172c7d701c71a927732683d8b16b7c0fb11446b007bd651bed8979d12ce28b8c620",,"2026-03-14T23:15:00.000","30","TRAFFIC SIGNAL","FUNCTIONING PROPERLY","CLEAR","DARKNESS, LIGHTED ROAD","PARKED MOTOR VEHICLE","NOT DIVIDED",,"STRAIGHT AND LEVEL","DRY","NO DEFECTS","ON SCENE","INJURY AND / OR TOW DUE TO CRASH",,,,"OVER $1,500","2026-03-14T23:17:00.000","UNABLE TO DETERMINE","UNABLE TO DETERMINE","2759","W","DEVON AVE","2413",,,,,,,"2","REPORTED, NOT EVIDENT","1","0","0","0","1","1","0","23","7","3","41.997454541","-87.6994328269","POINT (-87.699432826936 41.99745454104)"
"a35cc19ce59e8c43b29b242caf6a8f49cbd3146ebb54cf2a72f11d2315d091650535512656ed17f696dcb3dbbadda089aa3cadd251a8768ae862542696aba850",,"2026-03-14T23:10:00.000","35","TRAFFIC SIGNAL","UNKNOWN","CLEAR","UNKNOWN","REAR END","UNKNOWN INTERSECTION TYPE",,"STRAIGHT AND LEVEL","UNKNOWN","UNKNOWN","NOT ON SCENE (DESK REPORT)","INJURY AND / OR TOW DUE TO CRASH",,,,"$500 OR LESS","2026-03-15T03:00:00.000","NOT APPLICABLE","NOT APPLICABLE","3241","W","IRVING PARK RD","1733",,,,,,,"2","NONINCAPACITATING INJURY","1","0","0","1","0","1","0","23","7","3","41.9537944271","-87.7096917681","POINT (-87.709691768144 41.953794427116)"
"a49ac3e803560aebeed9be5ba6c320fbb0d38ecf459b080ab3f988923bd2f54466f81415714808aa36e6801bc068791310620a0e22512c1103960943abd977fc",,"2026-03-14T23:10:00.000","30","FLASHING CONTROL SIGNAL","FUNCTIONING PROPERLY","CLEAR","DARKNESS, LIGHTED ROAD","REAR END","OTHER",,"STRAIGHT AND LEVEL","DRY","UNKNOWN","ON SCENE","INJURY AND / OR TOW DUE TO CRASH",,,,"OVER $1,500","2026-03-14T23:11:00.000","FAILING TO REDUCE SPEED TO AVOID CRASH","FAILING TO REDUCE SPEED TO AVOID CRASH","4300","S","WENTWORTH AVE","925",,,,,,,"3","NO INDICATION OF INJURY","0","0","0","0","0","4","0","23","7","3","41.8163945337","-87.6313400898","POINT (-87.631340089793 41.816394533729)"
"dd9af96ce2316e91281ce16c8a0c9d6ea4a18609398aa9266d692b3ecdb27d31226ae59600315fd5e310e0178e99bedf8184cfa0cee28abf400ff8560b6c7058",,"2026-03-14T23:05:00.000","45","NO CONTROLS","NO CONTROLS","CLEAR","DARKNESS, LIGHTED ROAD","SIDESWIPE SAME DIRECTION","DIVIDED - W/MEDIAN BARRIER",,"STRAIGHT AND LEVEL","DRY","NO DEFECTS","NOT ON SCENE (DESK REPORT)","NO INJURY / DRIVE AWAY",,,"Y","OVER $1,500","2026-03-15T00:01:00.000","OPERATING VEHICLE IN ERRATIC, RECKLESS, CARELESS, NEGLIGENT OR AGGRESSIVE MANNER","DISTRACTION - FROM OUTSIDE VEHICLE","1911","N","LAKE SHORE DR NB","1814",,,,,,,"2","NO INDICATION OF INJURY","0","0","0","0","0","3","0","23","7","3","41.9170359226","-87.6281311214","POINT (-87.62813112144 41.917035922575)"
"319cd0b6a10065c2075e54ea7cec6194ce0e6713b9108a85496049fed5e488707d301bb9dfcb74ef02d8dc6b0fb5c68d5c2fae48bf6e11635f191bcdea76f21d",,"2026-03-14T23:02:00.000","30","NO CONTROLS","NO CONTROLS","CLEAR","DARKNESS","REAR END","NOT DIVIDED",,"STRAIGHT AND LEVEL","DRY","NO DEFECTS","NOT ON SCENE (DESK REPORT)","NO INJURY / DRIVE AWAY",,,,"OVER $1,500","2026-03-15T15:45:00.000","FOLLOWING TOO CLOSELY","NOT APPLICABLE","1483","N","ELSTON AVE","1433",,,,,,,"2","NO INDICATION OF INJURY","0","0","0","0","0","2","0","23","7","3","41.9090067536","-87.6609432255","POINT (-87.660943225544 41.909006753589)"
"9c717ef63c5362d964c89e38c12eb702f1cf7d648d5a82fef8e8ea47b5e5efb5c3ce6b349fbce5780cbf6934b2fbc6469b0f7cd5ff45f1fb2fa38994bb517c2b",,"2026-03-14T23:00:00.000","30","NO CONTROLS","UNKNOWN","CLEAR","DARKNESS, LIGHTED ROAD","SIDESWIPE SAME DIRECTION","PARKING LOT",,"STRAIGHT AND LEVEL","UNKNOWN","UNKNOWN","NOT ON SCENE (DESK REPORT)","NO INJURY / DRIVE AWAY",,,,"$500 OR LESS","2026-03-14T23:45:00.000","UNABLE TO DETERMINE","UNABLE TO DETERMINE","3801","W","BELMONT AVE","2523",,,,,,,"2","NO INDICATION OF INJURY","0","0","0","0","0","2","0","23","7","3","41.9390447905","-87.7223515775","POINT (-87.722351577503 41.939044790485)"
"768769aa3e80766a52f6332a5a96978c934fa76e22b6652b2553cadc4d37635bce43128e35fa4dcf71d6cd1ea4628c1975444f12fef5903af81bd76a334e569b",,"2026-03-14T22:50:00.000","20","TRAFFIC SIGNAL","FUNCTIONING PROPERLY","UNKNOWN","DARKNESS, LIGHTED ROAD","SIDESWIPE SAME DIRECTION","FOUR WAY",,"STRAIGHT ON GRADE","UNKNOWN","UNKNOWN","NOT ON SCENE (DESK REPORT)","NO INJURY / DRIVE AWAY","Y",,,"$501 - $1,500","2026-03-15T06:17:00.000","DRIVING SKILLS/KNOWLEDGE/EXPERIENCE","NOT APPLICABLE","6200","N","RAVENSWOOD AVE","2413",,,,,,,"2","NO INDICATION OF INJURY","0","0","0","0","0","4","0","22","7","3","41.9943577578","-87.6755390583","POINT (-87.675539058324 41.994357757823)"
"7f56ee735cfd312afe9e3d6a3d44d1b107623a4e62ea2e45abedabae3b83f96669e645580449773d70bfaa8cd0d6e36b4b5ede83606ae1bf944cc157717d3261",,"2026-03-14T22:50:00.000","30","TRAFFIC SIGNAL","FUNCTIONING PROPERLY","CLEAR","DARKNESS, LIGHTED ROAD","SIDESWIPE SAME DIRECTION","NOT DIVIDED",,"STRAIGHT AND LEVEL","DRY","UNKNOWN","NOT ON SCENE (DESK REPORT)","NO INJURY / DRIVE AWAY",,,,"$501 - $1,500","2026-03-15T00:15:00.000","UNABLE TO DETERMINE","UNABLE TO DETERMINE","709","N","ORLEANS ST","1831",,,,,,,"2","NO INDICATION OF INJURY","0","0","0","0","0","2","0","22","7","3","41.8950827706","-87.6369876763","POINT (-87.636987676326 41.895082770591)"
"199460f5f28a81b01723c0854805ac0834a6c6627fd5be0d7eecdc8a1c92aa03b62ab3837f18b3d0152c329bad7e96064da2db0d96111ed6042023d2bae96510",,"2026-03-14T22:45:00.000","30","TRAFFIC SIGNAL","FUNCTIONING PROPERLY","CLEAR","DARKNESS, LIGHTED ROAD","TURNING","NOT DIVIDED",,"STRAIGHT AND LEVEL","DRY","NO DEFECTS","ON SCENE","INJURY AND / OR TOW DUE TO CRASH",,,,"OVER $1,500","2026-03-14T22:50:00.000","UNABLE TO DETERMINE","NOT APPLICABLE","1955","N","OAK PARK AVE","2513",,,,,,,"2","NO INDICATION OF INJURY","0","0","0","0","0","2","0","22","7","3","41.9161046771","-87.7948595337","POINT (-87.794859533747 41.91610467705)"
"93287e79252c6467a0ab639c4ae142ca2ef14652ce4d8fc6c8263f49f1e4760f527ff53f59c0d3a659ada658652368f6c69cdece8846accaed2c82495565ee55",,"2026-03-14T22:45:00.000","30","NO CONTROLS","NO CONTROLS","CLEAR","DARKNESS, LIGHTED ROAD","PARKED MOTOR VEHICLE","NOT DIVIDED",,"STRAIGHT AND LEVEL","DRY","NO DEFECTS","NOT ON SCENE (DESK REPORT)","NO INJURY / DRIVE AWAY",,,"Y","OVER $1,500","2026-03-15T00:02:00.000","FAILING TO REDUCE SPEED TO AVOID CRASH","IMPROPER LANE USAGE","649","S","WELLS ST","123",,,,,,,"2","NO INDICATION OF INJURY","0","0","0","0","0","2","0","22","7","3","41.8735536473","-87.6334608406","POINT (-87.63346084056 41.873553647274)"
"1249c81fd48fb18f00e92bc850cce6b8757c669285d29412f763f1dcfec068d703a3e7cbba22f942723df4200df4f0658b5a9e8ed6ffb09accfd835d5aa08065",,"2026-03-14T22:30:00.000","20","NO CONTROLS","NO CONTROLS","UNKNOWN","DARKNESS","PARKED MOTOR VEHICLE","DRIVEWAY",,"STRAIGHT AND LEVEL","UNKNOWN","NO DEFECTS","ON SCENE","NO INJURY / DRIVE AWAY",,"Y","Y","OVER $1,500","2026-03-15T11:30:00.000","UNABLE TO DETERMINE","NOT APPLICABLE","3127","S","PULASKI RD","1031",,,,,,,"2","NO INDICATION OF INJURY","0","0","0","0","0","1","0","22","7","3","41.8360595886","-87.7241847875","POINT (-87.724184787529 41.836059588639)"
"3efed56eb608381bf6b661ab0119a355fdbc6c6f61f296fdc6a033ff2f68eaa40aa5c781743fa7c75292f586cdaa11f0b65cf507c0bcf4af6a39e6451508519d",,"2026-03-14T22:30:00.000","30","STOP SIGN/FLASHER","FUNCTIONING PROPERLY","CLEAR","DARKNESS, LIGHTED ROAD","SIDESWIPE SAME DIRECTION","ONE-WAY",,"STRAIGHT AND LEVEL","UNKNOWN","UNKNOWN","ON SCENE","NO INJURY / DRIVE AWAY",,,,"OVER $1,500","2026-03-14T22:33:00.000","UNABLE TO DETERMINE","NOT APPLICABLE","3951","N","MAJOR AVE","1633",,,,,,,"2","NO INDICATION OF INJURY","0","0","0","0","0","2","0","22","7","3","41.952862841","-87.7692875862","POINT (-87.769287586154 41.952862841021)"
"b2ea8e2dba389d46dce311584969eb0f0a9a0c754d01f2870143a3b0c9143ab8142dbb63dd77563605656a53244ac4fa148b9fef01667972858e51b953adf06e",,"2026-03-14T22:30:00.000","30","NO CONTROLS","NO CONTROLS","CLEAR","DARKNESS, LIGHTED ROAD","PARKED MOTOR VEHICLE","DIVIDED - W/MEDIAN (NOT RAISED)",,"STRAIGHT AND LEVEL","DRY","NO DEFECTS","NOT ON SCENE (DESK REPORT)","NO INJURY / DRIVE AWAY",,,"Y","OVER $1,500","2026-03-14T23:00:00.000","UNABLE TO DETERMINE","UNABLE TO DETERMINE","2615","W","NORTH AVE","1423",,,,,,,"2","NO INDICATION OF INJURY","0","0","0","0","0","1","0","22","7","3","41.9101501452","-87.6927146625","POINT (-87.692714662493 41.91015014519)"
"df7ba1d6b2dd346c3924f60ed498d8831dda3694f4c75c06a32b8ae9494b51e50d2bc101a3d248d6ef19059bbdae91df7df34dc1fa65c1546cb837e7238be6da",,"2026-03-14T22:30:00.000","30","STOP SIGN/FLASHER","FUNCTIONING PROPERLY","CLEAR","DARKNESS, LIGHTED ROAD","ANGLE","DIVIDED - W/MEDIAN (NOT RAISED)",,"STRAIGHT AND LEVEL","DRY","NO DEFECTS","NOT ON SCENE (DESK REPORT)","NO INJURY / DRIVE AWAY","Y",,,"OVER $1,500","2026-03-14T22:45:00.000","DISREGARDING OTHER TRAFFIC SIGNS","FAILING TO REDUCE SPEED TO AVOID CRASH","7800","S","MARSHFIELD AVE","611","Y",,,,,,"2","NO INDICATION OF INJURY","0","0","0","0","0","4","0","22","7","3","41.7520665723","-87.6648398025","POINT (-87.664839802527 41.752066572325)"
"f4c63899395e3b47ea135fcf3359d28c81387601e4f9621863dc0e4b90b60bc6151264b4b20292e8c063d828793eb1aa81070e5208d650886c27f7d4494dfed0",,"2026-03-14T22:30:00.000","30","NO CONTROLS","NO CONTROLS","CLEAR","DARKNESS, LIGHTED ROAD","SIDESWIPE SAME DIRECTION","NOT DIVIDED",,"STRAIGHT AND LEVEL","DRY","NO DEFECTS","NOT ON SCENE (DESK REPORT)","NO INJURY / DRIVE AWAY",,,"Y","OVER $1,500","2026-03-14T23:35:00.000","UNABLE TO DETERMINE","UNABLE TO DETERMINE","1220","N","LAKE SHORE DR","1824",,,,,,,"2","NO INDICATION OF INJURY","0","0","0","0","0","2","0","22","7","3","41.9046250614","-87.6252232886","POINT (-87.625223288626 41.904625061358)"
"efb68a3123dbc6cab5c0807518461e5a88fbafb03e748e0cb98aa1faf437eb5c539c00f454397d3f9ea9494b4f1c988be00878eedc77d2a58c46546bf3f1ebd9",,"2026-03-14T22:16:00.000","30","UNKNOWN","UNKNOWN","UNKNOWN","DARKNESS","REAR END","UNKNOWN",,"STRAIGHT AND LEVEL","UNKNOWN","UNKNOWN","NOT ON SCENE (DESK REPORT)","NO INJURY / DRIVE AWAY",,,,"$500 OR LESS","2026-03-14T23:54:00.000","UNABLE TO DETERMINE","UNABLE TO DETERMINE","8700","S","VINCENNES AVE","2222",,,,,,,"2","NO INDICATION OF INJURY","0","0","0","0","0","3","0","22","7","3","41.7360065646","-87.645341819","POINT (-87.64534181898 41.736006564585)"
"b9367bbd19d027f5bdb9ef5a5e6d51097b1df4fa049769cdcaa9409e96947d93437c740cdddbe68e88124ac7923737ef2a25f7786c02899a05e804a3ea197c0a",,"2026-03-14T22:13:00.000","15","NO CONTROLS","NO CONTROLS","CLEAR","DARKNESS, LIGHTED ROAD","OTHER OBJECT","PARKING LOT",,"STRAIGHT AND LEVEL","UNKNOWN","UNKNOWN","NOT ON SCENE (DESK REPORT)","NO INJURY / DRIVE AWAY",,,,"OVER $1,500","2026-03-15T01:00:00.000","NOT APPLICABLE","NOT APPLICABLE","2333","W","JACKSON BLVD","1225",,,,,,,"1","NO INDICATION OF INJURY","0","0","0","0","0","1","0","22","7","3","41.8774528982","-87.6851408872","POINT (-87.685140887208 41.877452898243)"
"312e7c1d91ce1884aaf879eba05856c4b3f70ef2eb53b5764c8b24dc123ac89fc44e6ea268968075b4a02df2086eb57135a023a0a4109d4d07a64fc280004f06",,"2026-03-14T22:11:00.000","35","STOP SIGN/FLASHER","FUNCTIONING PROPERLY","CLEAR","DARKNESS, LIGHTED ROAD","PARKED MOTOR VEHICLE","NOT DIVIDED",,"STRAIGHT AND LEVEL","DRY","NO DEFECTS","ON SCENE","INJURY AND / OR TOW DUE TO CRASH",,,,"OVER $1,500","2026-03-14T22:11:00.000","UNDER THE INFLUENCE OF ALCOHOL/DRUGS (USE WHEN ARREST IS EFFECTED)","UNDER THE INFLUENCE OF ALCOHOL/DRUGS (USE WHEN ARREST IS EFFECTED)","1800","E","67TH ST","331",,,,,,,"5","INCAPACITATING INJURY","2","0","1","0","1","0","0","22","7","3","41.7735009437","-87.581354968","POINT (-87.581354967985 41.773500943699)"
"01b937a8bab1da7a41731781e4952a1f2ed3d31c8f11c3b9d560ca6fb970198889c844f77c0328503ffa3409b1218ec9cdc7a046aa4684a641c36938270d3a96",,"2026-03-14T22:08:00.000","30","TRAFFIC SIGNAL","FUNCTIONING PROPERLY","CLEAR","DARKNESS, LIGHTED ROAD","REAR END","FOUR WAY",,"STRAIGHT AND LEVEL","DRY","NO DEFECTS","NOT ON SCENE (DESK REPORT)","NO INJURY / DRIVE AWAY","Y",,"Y","OVER $1,500","2026-03-14T22:45:00.000","FAILING TO REDUCE SPEED TO AVOID CRASH","FOLLOWING TOO CLOSELY","3452","W","MONTROSE AVE","1723",,,,,,,"2","NO INDICATION OF INJURY","0","0","0","0","0","3","0","22","7","3","41.9612117008","-87.7152920589","POINT (-87.715292058908 41.961211700758)"
"21437e0fec82b80e73ffccc74e1e2b11dac50f18c5a65e5f053bfb3715eab17d2b5a037ed59f4de7101caa18ae56f4d5dfae95e1ec65bf311e8a5705a67d9f95",,"2026-03-14T22:02:00.000","30","NO CONTROLS","NO CONTROLS","CLEAR","DARKNESS","PARKED MOTOR VEHICLE","ROUNDABOUT",,"STRAIGHT AND LEVEL","DRY","NO DEFECTS","ON SCENE","NO INJURY / DRIVE AWAY",,,,"OVER $1,500","2026-03-14T22:02:00.000","IMPROPER TURNING/NO SIGNAL","UNABLE TO DETERMINE","9500","S","LAFAYETTE AVE","511",,,,,,,"2","NO INDICATION OF INJURY","0","0","0","0","0","2","0","22","7","3","41.7215662926","-87.6251695177","POINT (-87.625169517699 41.721566292573)"
"0ec6f58a23d06af888e8b79d3a0f5126f2886a50cabcb85b5ed1ddb910748406acfff4d39266b12e698fa81b13e772a2fa7b29dec8c4c7804bdcfebc86ac9158",,"2026-03-14T22:00:00.000","25","NO CONTROLS","NO CONTROLS","CLEAR","DUSK","PARKED MOTOR VEHICLE","TRAFFIC ROUTE",,"STRAIGHT AND LEVEL","DRY","NO DEFECTS","NOT ON SCENE (DESK REPORT)","NO INJURY / DRIVE AWAY",,,"Y","OVER $1,500","2026-03-15T13:30:00.000","UNABLE TO DETERMINE","UNABLE TO DETERMINE","7909","S","CRANDON AVE","414",,,,,,,"2","NO INDICATION OF INJURY","0","0","0","0","0","1","0","22","7","3","41.751385748","-87.5685172446","POINT (-87.568517244636 41.751385747953)"
"932dba6d7d2e3d1fe1d11db916d3214dc4e609b3d3783b0fe7702723ac6611edafa1f36011c56cd262b6d6ea4afd990aed7e7e00737f8ece750d679fdedc664e",,"2026-03-14T22:00:00.000","30","TRAFFIC SIGNAL","FUNCTIONING PROPERLY","CLEAR","DARKNESS","TURNING","NOT DIVIDED",,"STRAIGHT AND LEVEL","DRY","NO DEFECTS","NOT ON SCENE (DESK REPORT)","INJURY AND / OR TOW DUE TO CRASH",,,,"OVER $1,500","2026-03-15T17:01:00.000","DISREGARDING TRAFFIC SIGNALS","NOT APPLICABLE","5199","S","CICERO AVE","815",,,,,,,"2","NO INDICATION OF INJURY","0","0","0","0","0","5","0","22","7","3","41.798747281","-87.7427856868","POINT (-87.742785686821 41.798747281016)"
"9e6fa474d18fe5cd02ff2eaf175fe1f3016a510e27868cc4e42335732f71569996519efac3d26774f84bdc4edb33bee38b5b437667fc67710fc8c447e61b4c95",,"2026-03-14T22:00:00.000","30","STOP SIGN/FLASHER","FUNCTIONING PROPERLY","CLEAR","DARKNESS, LIGHTED ROAD","ANGLE","DIVIDED - W/MEDIAN BARRIER",,"STRAIGHT AND LEVEL","DRY","UNKNOWN","ON SCENE","INJURY AND / OR TOW DUE TO CRASH","Y",,,"OVER $1,500","2026-03-14T22:16:00.000","UNABLE TO DETERMINE","NOT APPLICABLE","735","W","87TH ST","2223",,,,,,,"2","NONINCAPACITATING INJURY","4","0","0","4","0","1","0","22","7","3","41.7359068097","-87.6425390706","POINT (-87.642539070579 41.735906809709)"
"ff584bf916c261697b0269269154dcd70f26fbf3b3baba63a524c596e5a4283af15115a7dbe72c7662ef1d4fa55a38a63192b464932d0526c935ea64a5482a2e",,"2026-03-14T22:00:00.000","30","NO CONTROLS","NO CONTROLS","CLEAR","DARKNESS, LIGHTED ROAD","TURNING","DIVIDED - W/MEDIAN (NOT RAISED)",,"STRAIGHT AND LEVEL","DRY","NO DEFECTS","NOT ON SCENE (DESK REPORT)","NO INJURY / DRIVE AWAY",,,"Y","$501 - $1,500","2026-03-14T23:35:00.000","UNABLE TO DETERMINE","NOT APPLICABLE","5932","W","63RD ST","812",,,,,,,"2","NO INDICATION OF INJURY","0","0","0","0","0","2","0","22","7","3","41.7779967556","-87.7702157642","POINT (-87.770215764235 41.777996755587)"
"e3ab617237ffc95d5b893d9e19fa7d0515aaa506334e272c7aafa9586f2ddfae0fbbb651520c1aed15c58c6394dcf50431515366a86d5d0523da608ae8b00e65","N","2026-03-14T21:55:00.000","25","NO CONTROLS","NO CONTROLS","CLEAR","DARKNESS, LIGHTED ROAD","TRAIN","NOT DIVIDED",,"CURVE ON HILLCREST","DRY","NO DEFECTS","ON SCENE","INJURY AND / OR TOW DUE TO CRASH",,,,"OVER $1,500","2026-03-14T22:16:00.000","IMPROPER TURNING/NO SIGNAL","NOT APPLICABLE","3556","W","83RD PL","834",,,,,,,"1","REPORTED, NOT EVIDENT","1","0","0","0","1","0","0","21","7","3","41.7415372632","-87.7116724228","POINT (-87.711672422793 41.74153726324)"
"4738ed5c55587576c4ffd6ea9fd324c6b422eeeaee98165731f2c2755e43a79431a00c44e8248ff426e731919697ad9a6c9447760cbb27b88555a96865a39ec1","Y","2026-03-14T21:54:00.000","30","TRAFFIC SIGNAL","FUNCTIONING PROPERLY","CLEAR","DARKNESS, LIGHTED ROAD","SIDESWIPE SAME DIRECTION","NOT DIVIDED",,"STRAIGHT AND LEVEL","DRY","NO DEFECTS","NOT ON SCENE (DESK REPORT)","NO INJURY / DRIVE AWAY",,,"Y","OVER $1,500","2026-03-14T22:00:00.000","IMPROPER OVERTAKING/PASSING","DRIVING SKILLS/KNOWLEDGE/EXPERIENCE","3800","W","HARRISON ST","1133",,,,,,,"2","NO INDICATION OF INJURY","0","0","0","0","0","2","0","21","7","3","41.8736241188","-87.7204065573","POINT (-87.720406557306 41.873624118782)"
"f55d268f69a96f78bffc4298b141a6d2ce37d7c74dc83c91b2823d8fb2e35540e3bc3064d4ba615a4c2daab5916e9975c6f5b50b2bdc639bec942af241ecbd34",,"2026-03-14T21:50:00.000","30","TRAFFIC SIGNAL","FUNCTIONING PROPERLY","CLEAR","DARKNESS, LIGHTED ROAD","SIDESWIPE SAME DIRECTION","DIVIDED - W/MEDIAN (NOT RAISED)",,"STRAIGHT AND LEVEL","DRY","NO DEFECTS","NOT ON SCENE (DESK REPORT)","NO INJURY / DRIVE AWAY","Y",,"Y","OVER $1,500","2026-03-14T23:05:00.000","IMPROPER OVERTAKING/PASSING","IMPROPER OVERTAKING/PASSING","6568","N","SHERIDAN RD","2432",,,,,,,"2","NO INDICATION OF INJURY","0","0","0","0","0","5","0","21","7","3","42.0020170986","-87.6609087897","POINT (-87.660908789659 42.00201709856)"
"958ee7f9afa9a7336a71403989225ae4fef59fb6422d4d006f92f89ef17dd3dfa5faede211c647cbe5be7b8c92b6e8ac303878670d5b715416bf862307e8bef2",,"2026-03-14T21:40:00.000","30","NO CONTROLS","NO CONTROLS","CLEAR","DARKNESS, LIGHTED ROAD","PARKED MOTOR VEHICLE","NOT DIVIDED",,"STRAIGHT AND LEVEL","DRY","NO DEFECTS","NOT ON SCENE (DESK REPORT)","NO INJURY / DRIVE AWAY",,,,"OVER $1,500","2026-03-14T21:52:00.000","UNABLE TO DETERMINE","UNABLE TO DETERMINE","4038","N","HARDING AVE","1723",,,,,,,"2","NO INDICATION OF INJURY","0","0","0","0","0","1","0","21","7","3","41.9548324738","-87.7265727237","POINT (-87.726572723653 41.954832473786)"
"af611e04a268d8d5cf0e3cc94b2e2a4a1a8656d7eb78a494e3c62f86a482f313fcf8fbdefb3d79c1d309d20b04c71fdf566ce101811caa36a4424c2b6dceb323",,"2026-03-14T21:21:00.000","10","UNKNOWN","UNKNOWN","CLEAR","DAYLIGHT","PEDESTRIAN","PARKING LOT",,"STRAIGHT AND LEVEL","DRY","NO DEFECTS","ON SCENE","INJURY AND / OR TOW DUE TO CRASH",,,,"OVER $1,500","2026-03-14T21:24:00.000","FAILING TO YIELD RIGHT-OF-WAY","UNABLE TO DETERMINE","5035","S","EAST END AVE","222",,,,,,,"2","REPORTED, NOT EVIDENT","1","0","0","0","1","1","0","21","7","3","41.8033155906","-87.5852874181","POINT (-87.585287418104 41.803315590602)"
"0825800ea0bc554f60620ca9223f0d59545ebdf49447e44e3e2f5cd09f65437dc8a037770a744f20fd9be30e715f51b06cc5036a17a6382666c288e8cba90861",,"2026-03-14T21:17:00.000","30","NO CONTROLS","NO CONTROLS","CLEAR","DARKNESS","HEAD ON","NOT DIVIDED",,"STRAIGHT AND LEVEL","DRY","NO DEFECTS","ON SCENE","INJURY AND / OR TOW DUE TO CRASH",,,"Y","OVER $1,500","2026-03-14T22:05:00.000","OPERATING VEHICLE IN ERRATIC, RECKLESS, CARELESS, NEGLIGENT OR AGGRESSIVE MANNER","NOT APPLICABLE","2310","N","LARAMIE AVE","2515",,,,,,,"2","NO INDICATION OF INJURY","0","0","0","0","0","2","0","21","7","3","41.9225980802","-87.7562474039","POINT (-87.756247403884 41.922598080206)"
"aa9207833ef1d263a687cf2297c867092c6c37ee96e5f86efcac5c0964eb7adc71e031cd813e686be5d199cac4b2f81dd93eb081b54d158cd64bc7742196cfcd",,"2026-03-14T21:04:00.000","35","NO CONTROLS","NO CONTROLS","CLEAR","DARKNESS","TURNING","DIVIDED - W/MEDIAN BARRIER",,"STRAIGHT AND LEVEL","DRY","UNKNOWN","ON SCENE","INJURY AND / OR TOW DUE TO CRASH",,,,"OVER $1,500","2026-03-14T21:04:00.000","DRIVING SKILLS/KNOWLEDGE/EXPERIENCE","UNABLE TO DETERMINE","4800","S","ASHLAND AVE","931",,,,,,,"2","NONINCAPACITATING INJURY","1","0","0","1","0","2","0","21","7","3","41.8066890453","-87.6650650029","POINT (-87.665065002859 41.806689045263)"
"9618f460157b844e9548534f624d6a45dafb20c467efb235dec76f92dae3f076be8e03e55b2326e5bdb70bde12f510a546024665ebbc8ff90c9ad3cf0e33900c","Y","2026-03-14T21:00:00.000","30","NO CONTROLS","FUNCTIONING PROPERLY","CLEAR","UNKNOWN","PARKED MOTOR VEHICLE","ONE-WAY",,"STRAIGHT AND LEVEL","UNKNOWN","UNKNOWN","NOT ON SCENE (DESK REPORT)","NO INJURY / DRIVE AWAY",,,,"OVER $1,500","2026-03-15T14:20:00.000","UNABLE TO DETERMINE","NOT APPLICABLE","3922","N","TROY ST","1733",,,,,,,"2","NO INDICATION OF INJURY","0","0","0","0","0","1","0","21","7","3","41.9528273441","-87.7069090916","POINT (-87.706909091622 41.952827344092)"
"fd3b80f79a21e8b7632a19cc4692ad57eb94d58328a68824d582147c0351ec07eff7cd778231c190909f35f5acd0f213762800223540819b6b4dfbff845449c2",,"2026-03-14T21:00:00.000","30","NO CONTROLS","NO CONTROLS","CLEAR","DARKNESS, LIGHTED ROAD","SIDESWIPE SAME DIRECTION","NOT DIVIDED",,"STRAIGHT AND LEVEL","DRY","UNKNOWN","NOT ON SCENE (DESK REPORT)","NO INJURY / DRIVE AWAY",,,,"$501 - $1,500","2026-03-14T22:00:00.000","UNABLE TO DETERMINE","UNABLE TO DETERMINE","1720","W","DIVISION ST","1424",,,,,,,"2","NO INDICATION OF INJURY","0","0","0","0","0","2","0","21","7","3","41.9033988239","-87.6709792893","POINT (-87.670979289273 41.903398823881)"
"165b5a2f560d958dccfec2faa3b60b258a4e48e8642eb9602f3429c4c59bfc2ff7fd67b318902a311535fa3feeee19d3383b7e5de673864f19a495174b6e5819",,"2026-03-14T20:52:00.000","30","NO CONTROLS","NO CONTROLS","CLEAR","DARKNESS","SIDESWIPE SAME DIRECTION","T-INTERSECTION",,"STRAIGHT AND LEVEL","DRY","NO DEFECTS","NOT ON SCENE (DESK REPORT)","NO INJURY / DRIVE AWAY",,,,"OVER $1,500","2026-03-14T22:30:00.000","NOT APPLICABLE","NOT APPLICABLE","1722","W","DIVISION ST","1424",,,,,,,"2","NO INDICATION OF INJURY","0","0","0","0","0","6","0","20","7","3","41.9033979504","-87.6710306284","POINT (-87.67103062839 41.903397950376)"