"crash_record_id","crash_date_est_i","crash_date","posted_speed_limit","traffic_control_device","device_condition","weather_condition","lighting_condition","first_crash_type","trafficway_type","lane_cnt","alignment","roadway_surface_cond","road_defect","report_type","crash_type","intersection_related_i","private_property_i","hit_and_run_i","damage","date_police_notified","prim_contributory_cause","sec_contributory_cause","street_no","street_direction","street_name","beat_of_occurrence","photos_taken_i","statements_taken_i","dooring_i","work_zone_i","work_zone_type","workers_present_i","num_units","most_severe_injury","injuries_total","injuries_fatal","injuries_incapacitating","injuries_non_incapacitating","injuries_reported_not_evident","injuries_no_indication","injuries_unknown","crash_hour","crash_day_of_week","crash_month","latitude","longitude","location"
"67cf6afbe65860abb10b793133788545fd26c7ddd794d06970536decdf36c149244e7adb64c352476e1a3f1e6cde038af41a680a84659606e573bc7c4d3619ac",,"2026-03-14T20:42:00.000","30","NO CONTROLS","NO CONTROLS","CLEAR","DARKNESS","ANGLE","ONE-WAY",,"STRAIGHT AND LEVEL","DRY","NO DEFECTS","ON SCENE","NO INJURY / DRIVE AWAY",,,"Y","$501 - $1,500","2026-03-14T20:51:00.000","FAILING TO YIELD RIGHT-OF-WAY","IMPROPER TURNING/NO SIGNAL","3556","W","BELMONT AVE","1732",,,,,,,"2","NO INDICATION OF INJURY","0","0","0","0","0","3","0","20","7","3","41.9393277633","-87.7172619625","POINT (-87.717261962523 41.939327763339)"
"75580d2a1381bdb06874f2be7f27d95765db37c75d5c612f448d7b8dd777941cf7bbe0d49d4b6bb52224d27f2dfa4fb54020953be7e389331b0d6346b524d764",,"2026-03-14T20:39:00.000","30","TRAFFIC SIGNAL","FUNCTIONING PROPERLY","CLEAR","DARKNESS, LIGHTED ROAD","REAR END","NOT DIVIDED",,"STRAIGHT AND LEVEL","DRY","UNKNOWN","ON SCENE","INJURY AND / OR TOW DUE TO CRASH",,,,"OVER $1,500","2026-03-14T20:40:00.000","UNDER THE INFLUENCE OF ALCOHOL/DRUGS (USE WHEN ARREST IS EFFECTED)","UNDER THE INFLUENCE OF ALCOHOL/DRUGS (USE WHEN ARREST IS EFFECTED)","2011","W","FULLERTON AVE","1432",,,,,,,"4","REPORTED, NOT EVIDENT","3","0","0","0","3","3","0","20","7","3","41.9249094545","-87.6783829865","POINT (-87.678382986489 41.924909454478)"
"b7cbd95234257a258bfdd71ed99babfb9db04ebaeec50e78f9adb219f92c4fa06424c42e09583057ae07ec714ddc0172ec0cb5a9324c20259295c9118c57b0ea",,"2026-03-14T20:24:00.000","30","NO CONTROLS","NO CONTROLS","CLEAR","DARKNESS, LIGHTED ROAD","PARKED MOTOR VEHICLE","NOT DIVIDED",,"STRAIGHT AND LEVEL","DRY","NO DEFECTS","ON SCENE","INJURY AND / OR TOW DUE TO CRASH",,,,"OVER $1,500","2026-03-14T20:30:00.000","IMPROPER TURNING/NO SIGNAL","NOT APPLICABLE","6663","S","HOMAN AVE","831",,,,,,,"3","NO INDICATION OF INJURY","0","0","0","0","0","1","0","20","7","3","41.7716265802","-87.7076642899","POINT (-87.707664289864 41.771626580207)"
"7e7ae0f327e8cee470a1c94ae709d16ec43e384ba1419837e1bae4443a16f3b1c00fe3a054810ff50eba826b068f1e1eec34758b858ab6907e27d7ed3f7cde50",,"2026-03-14T20:22:00.000","30","NO CONTROLS","NO CONTROLS","CLOUDY/OVERCAST","DARKNESS, LIGHTED ROAD","PARKED MOTOR VEHICLE","ONE-WAY",,"STRAIGHT AND LEVEL","DRY","NO DEFECTS","ON SCENE","INJURY AND / OR TOW DUE TO CRASH",,,"Y","OVER $1,500","2026-03-14T21:00:00.000","UNABLE TO DETERMINE","UNABLE TO DETERMINE","6830","S","CALUMET AVE","322",,,,,,,"2","NO INDICATION OF INJURY","0","0","0","0","0","1","0","20","7","3","41.7702151956","-87.6171361288","POINT (-87.617136128808 41.770215195631)"
"1bfbb4f55e02171cd803cfbb8193900832851a44a980b8f062619d1b2c480b87d86067960f0a0072be7e453fdca27f1ea414b29757ec919ee0dcf6f9e5dc18ae",,"2026-03-14T20:10:00.000","30","TRAFFIC SIGNAL","FUNCTIONING PROPERLY","CLEAR","DARKNESS","REAR END","DIVIDED - W/MEDIAN (NOT RAISED)",,"STRAIGHT AND LEVEL","DRY","NO DEFECTS","NOT ON SCENE (DESK REPORT)","NO INJURY / DRIVE AWAY",,,"Y","OVER $1,500","2026-03-14T20:30:00.000","UNABLE TO DETERMINE","NOT APPLICABLE","3454","W","ADDISON ST","1732",,,,,,,"2","NO INDICATION OF INJURY","0","0","0","0","0","2","0","20","7","3","41.9466395929","-87.7149491831","POINT (-87.714949183082 41.946639592877)"
"48cfeb94d29035d97c82348169dd22ac8f7db9430676271ce17f95b46ffb6c83ced9fd2e4c1bc4be02c0deddd836e04afe93ff9f7f720ebaac4423e0a6e5612d",,"2026-03-14T20:09:00.000","20","TRAFFIC SIGNAL","FUNCTIONING PROPERLY","CLEAR","DARKNESS, LIGHTED ROAD","SIDESWIPE SAME DIRECTION","T-INTERSECTION",,"STRAIGHT AND LEVEL","DRY","NO DEFECTS","ON SCENE","INJURY AND / OR TOW DUE TO CRASH",,,"Y","OVER $1,500","2026-03-14T20:10:00.000","UNABLE TO DETERMINE","UNABLE TO DETERMINE","540","W","WRIGHTWOOD AVE","1935","Y","Y",,,,,"2","REPORTED, NOT EVIDENT","1","0","0","0","1","1","0","20","7","3","41.9303015913","-87.6429344437","POINT (-87.642934443708 41.930301591347)"
"845774758a4636e44381fdfc38b5015eec929a41e6d27d9a813116ac02c97741b6eb91f858ca4ebc627c5c405b9af93bcb5492f7f7ae6cf3e31ad10bb21196e3",,"2026-03-14T20:08:00.000","30","STOP SIGN/FLASHER","NOT FUNCTIONING","CLEAR","DARKNESS","SIDESWIPE SAME DIRECTION","NOT DIVIDED",,"STRAIGHT AND LEVEL","DRY","NO DEFECTS","ON SCENE","INJURY AND / OR TOW DUE TO CRASH",,,,"OVER $1,500","2026-03-14T20:21:00.000","UNABLE TO DETERMINE","NOT APPLICABLE","1155","S","DAMEN AVE","1231",,,,,,,"3","NO INDICATION OF INJURY","0","0","0","0","0","3","0","20","7","3","41.8668156581","-87.6761045162","POINT (-87.676104516206 41.866815658052)"
"cf34449999459d7622fb8b666780112217d5f519d3b482bf83a1feb59f9a79023e53afb24e7c287099c1e4c6cb95944e831f7a2e1ccbad3d2c00c9b4d35fd134",,"2026-03-14T20:05:00.000","30","STOP SIGN/FLASHER","UNKNOWN","CLEAR","DARKNESS, LIGHTED ROAD","REAR END","FOUR WAY",,"STRAIGHT AND LEVEL","UNKNOWN","UNKNOWN","NOT ON SCENE (DESK REPORT)","NO INJURY / DRIVE AWAY","Y",,,"$500 OR LESS","2026-03-14T21:00:00.000","FOLLOWING TOO CLOSELY","FOLLOWING TOO CLOSELY","1305","W","ADDISON ST","1924",,,,,,,"2","NO INDICATION OF INJURY","0","0","0","0","0","4","0","20","7","3","41.9469947557","-87.6618208265","POINT (-87.661820826496 41.946994755684)"
"d6f1ad9c8069bb2c51c3fc9c0cc490767a484fd58c501db4759423ec1a5ca61a514f2a57178292dcf2e7bfac8832b639df042ebb9ff25bd5d6cc6f3c1cab1fa8",,"2026-03-14T19:43:00.000","30","TRAFFIC SIGNAL","FUNCTIONING PROPERLY","CLEAR","DARKNESS, LIGHTED ROAD","TURNING","FOUR WAY",,"STRAIGHT AND LEVEL","DRY","NO DEFECTS","ON SCENE","NO INJURY / DRIVE AWAY","Y",,,"OVER $1,500","2026-03-14T19:43:00.000","DRIVING SKILLS/KNOWLEDGE/EXPERIENCE","DRIVING SKILLS/KNOWLEDGE/EXPERIENCE","1357","W","ROOSEVELT RD","1233",,,,,,,"2","NO INDICATION OF INJURY","0","0","0","0","0","3","0","19","7","3","41.8668080365","-87.6613687906","POINT (-87.661368790558 41.866808036463)"
"ecee003c4d8b65d3af8dfdc6aac1096d58429c72dcd32fcb39cb044e37d3ee9fa610f4c72a42325a5a289c91cbe4c1bd7353b1099ac26343708257dd0a9db914",,"2026-03-14T19:39:00.000","30","NO CONTROLS","NO CONTROLS","CLEAR","DARKNESS, LIGHTED ROAD","TURNING","NOT DIVIDED",,"STRAIGHT AND LEVEL","DRY","NO DEFECTS","ON SCENE","INJURY AND / OR TOW DUE TO CRASH","Y",,"N","OVER $1,500","2026-03-14T19:40:00.000","IMPROPER TURNING/NO SIGNAL","IMPROPER TURNING/NO SIGNAL","8998","S","HALSTED ST","2223",,"N",,,,,"3","NO INDICATION OF INJURY","0","0","0","0","0","3","0","19","7","3","41.7308761914","-87.643615294","POINT (-87.643615294026 41.730876191416)"
"e5f57ab16a6cfd13a40518a2e7529b481fb8943db32e49f5b024a50170fb2f61664ec6fa23d1fdf0a1d300be3a3c2fa0376fdab33ef2efa78853efca024b3b56",,"2026-03-14T19:34:00.000","30","NO CONTROLS","NO CONTROLS","CLEAR","DARKNESS, LIGHTED ROAD","TURNING","NOT DIVIDED",,"STRAIGHT AND LEVEL","DRY","NO DEFECTS",,"NO INJURY / DRIVE AWAY",,,,"$501 - $1,500","2026-03-14T21:15:00.000","FOLLOWING TOO CLOSELY","UNABLE TO DETERMINE","2419","N","LAKEVIEW AVE","1935",,,,,,,"2","NO INDICATION OF INJURY","0","0","0","0","0","3","0","19","7","3","41.9261954147","-87.6389899501","POINT (-87.638989950147 41.926195414654)"
"5d46ced674ef6fa0725c40aa7ae940eef97d937c98fb93aedee3d29f3f01595f6fe2ad0d67b21033f92e83095ae4de6a92f1dc1a92a3b133c2e8df82fb8c48af",,"2026-03-14T19:30:00.000","15","NO CONTROLS","NO CONTROLS","CLEAR","DUSK","SIDESWIPE SAME DIRECTION","PARKING LOT",,"STRAIGHT AND LEVEL","DRY","NO DEFECTS","NOT ON SCENE (DESK REPORT)","NO INJURY / DRIVE AWAY",,,"Y","OVER $1,500","2026-03-15T14:00:00.000","IMPROPER OVERTAKING/PASSING","IMPROPER OVERTAKING/PASSING","1617","E","95TH ST","431",,,,,,,"2","NO INDICATION OF INJURY","0","0","0","0","0","3","0","19","7","3","41.7222413167","-87.5843801364","POINT (-87.5843801364 41.722241316659)"
"7e5cb3fdcd4c88c0c3fd0bbf25f3b8a8ca870d4e1ce1fbd7aab05bf85d17889814dc0097ae96e374fba1e40fe9906bac46559bc6f04d316aff1040c93cc96c84","N","2026-03-14T19:30:00.000","25","NO CONTROLS","NO CONTROLS","CLEAR","DARKNESS, LIGHTED ROAD","PARKED MOTOR VEHICLE","NOT DIVIDED",,"STRAIGHT AND LEVEL","DRY","UNKNOWN","ON SCENE","INJURY AND / OR TOW DUE TO CRASH",,,"Y","OVER $1,500","2026-03-14T23:39:00.000","UNABLE TO DETERMINE","NOT APPLICABLE","5124","W","WINONA ST","1623",,,,,,,"2","NO INDICATION OF INJURY","0","0","0","0","0","1","0","19","7","3","41.9744309184","-87.7562775307","POINT (-87.75627753065 41.97443091844)"
"c11f2d8ae3cfc6972b4bf9ee8f1cd72f6aaabe559e41812e7b690fa2edc24f4fa59cb1075d32fb67a1b809578e98784e6552688cdf18a02b27594704e6c309a5",,"2026-03-14T19:30:00.000","30","NO CONTROLS","NO CONTROLS","CLEAR","DARKNESS, LIGHTED ROAD","PARKED MOTOR VEHICLE","ONE-WAY",,"STRAIGHT AND LEVEL","DRY","NO DEFECTS","NOT ON SCENE (DESK REPORT)","NO INJURY / DRIVE AWAY",,,"Y","OVER $1,500","2026-03-15T11:54:00.000","FOLLOWING TOO CLOSELY","NOT APPLICABLE","1415","W","RANDOLPH ST","1224",,,,,,,"2","NO INDICATION OF INJURY","0","0","0","0","0","2","0","19","7","3","41.8840487252","-87.6630561334","POINT (-87.663056133446 41.884048725151)"
"c8af5a9a5d2155b278d590548b5b826e2da27701ff57345e05d505a89f98a5964b643582e1f0644109894cd25700632a7c3ca19dafb8fcf09dc61ba1c23b0f17",,"2026-03-14T19:20:00.000","30","NO CONTROLS","NO CONTROLS","CLEAR","DARKNESS","PARKED MOTOR VEHICLE","NOT DIVIDED",,"STRAIGHT AND LEVEL","DRY","WORN SURFACE","ON SCENE","NO INJURY / DRIVE AWAY",,,"Y","OVER $1,500","2026-03-14T20:03:00.000","UNABLE TO DETERMINE","NOT APPLICABLE","2422","W","47TH ST","922",,,,,,,"3","NO INDICATION OF INJURY","0","0","0","0","0","1","0","19","7","3","41.8085356868","-87.685310696","POINT (-87.685310695967 41.808535686827)"
"c68093ad802fcbd90384f13ead64917b72aa35d7bff8c8571e39429fad955bd14b42d9d229ed919620b8106ec6793b3627ea53a545ed4f6cc8923174914b4aa8",,"2026-03-14T19:16:00.000","30","UNKNOWN","UNKNOWN","UNKNOWN","UNKNOWN","PARKED MOTOR VEHICLE","NOT DIVIDED",,"STRAIGHT AND LEVEL","UNKNOWN","UNKNOWN","NOT ON SCENE (DESK REPORT)","NO INJURY / DRIVE AWAY",,,"Y","$501 - $1,500","2026-03-15T17:40:00.000","UNABLE TO DETERMINE","NOT APPLICABLE","1134","W","WAVELAND AVE","1923",,,,,,,"2","NO INDICATION OF INJURY","0","0","0","0","0","2","0","19","7","3","41.9490931369","-87.6581061164","POINT (-87.658106116356 41.949093136931)"
"46444520aeb21cfac156ba16ebcd874fb0ec6e9fefd8c3e8fd738102c4b86c6e3b4c416f9898463696a44fa77b8ea0bd93f096a054f8e59b60929916c60ab075",,"2026-03-14T19:10:00.000","30","NO CONTROLS","NO CONTROLS","CLEAR","DARKNESS","PARKED MOTOR VEHICLE","ONE-WAY",,"STRAIGHT AND LEVEL","DRY","NO DEFECTS","ON SCENE","NO INJURY / DRIVE AWAY",,,"Y","$501 - $1,500","2026-03-14T21:09:00.000","UNABLE TO DETERMINE","UNABLE TO DETERMINE","3102","N","LAMON AVE","2521",,,,,,,"2","NO INDICATION OF INJURY","0","0","0","0","0","1","0","19","7","3","41.9370727497","-87.7494172315","POINT (-87.7494172315 41.937072749668)"
"6cf62c2a4ce55905aba9d5a6dabb86240dbf49680a171f183891e03aee8cd07664e56588dca2bab23b4be80793ad988ea02b1eaa435d24adeed50ed2cc242088",,"2026-03-14T19:00:00.000","20","NO CONTROLS","NO CONTROLS","CLEAR","DUSK","TURNING","ALLEY",,"STRAIGHT AND LEVEL","DRY","NO DEFECTS","NOT ON SCENE (DESK REPORT)","NO INJURY / DRIVE AWAY",,,"Y","OVER $1,500","2026-03-14T21:12:00.000","UNABLE TO DETERMINE","NOT APPLICABLE","3222","N","NORMANDY AVE","1632",,,,,,,"2","NO INDICATION OF INJURY","0","0","0","0","0","2","0","19","7","3","41.938910606","-87.7934292374","POINT (-87.793429237365 41.938910605957)"
"9a5eb3bbab16417619bb8f9c3747dde21b682ba7809d4eb53bb26c08d417c8f3d87b42168b17c79b88acfabc5a52dc5d416cce38bebaecc43314c7ffcd1cdb16",,"2026-03-14T19:00:00.000","35","NO CONTROLS","NO CONTROLS","CLEAR","DARKNESS, LIGHTED ROAD","SIDESWIPE SAME DIRECTION","DIVIDED - W/MEDIAN (NOT RAISED)",,"STRAIGHT AND LEVEL","DRY","NO DEFECTS","ON SCENE","NO INJURY / DRIVE AWAY",,,"Y","OVER $1,500","2026-03-14T19:01:00.000","UNABLE TO DETERMINE","NOT APPLICABLE","751","N","CICERO AVE","1111",,,,,,,"2","NO INDICATION OF INJURY","0","0","0","0","0","2","0","19","7","3","41.8946961494","-87.7456507158","POINT (-87.745650715832 41.894696149424)"
"f29e072554d1baf8f0cc030f51ca5a0e53f87f266748464591c42cc9d3f78b52273a208f2c560c928e9bb4d37404aa0eae744c0544831d5bb850b78bdaab81ac",,"2026-03-14T19:00:00.000","30","STOP SIGN/FLASHER","UNKNOWN","CLEAR","DARKNESS, LIGHTED ROAD","SIDESWIPE SAME DIRECTION","FOUR WAY",,"STRAIGHT AND LEVEL","DRY","NO DEFECTS","NOT ON SCENE (DESK REPORT)","NO INJURY / DRIVE AWAY","Y",,,"OVER $1,500","2026-03-14T19:25:00.000","IMPROPER OVERTAKING/PASSING","UNABLE TO DETERMINE","7200","S","EMERALD AVE","732","N","Y",,,,,"2","NO INDICATION OF INJURY","0","0","0","0","0","2","0","19","7","3","41.7633124056","-87.6431281678","POINT (-87.643128167847 41.763312405587)"
"e7d497c6133f96ccbab0150208e24ab9692acee58b8f41ac87b7a6d9cb3a43d754daa2ffeaba07015eed80c8274b644c368a86048dd5b308bda02042250a7bfa",,"2026-03-14T18:52:00.000","30","TRAFFIC SIGNAL","FUNCTIONING PROPERLY","CLEAR","DARKNESS, LIGHTED ROAD","SIDESWIPE SAME DIRECTION","DIVIDED - W/MEDIAN BARRIER",,"STRAIGHT AND LEVEL","UNKNOWN","UNKNOWN","ON SCENE","NO INJURY / DRIVE AWAY",,,,"OVER $1,500","2026-03-14T18:55:00.000","IMPROPER LANE USAGE","NOT APPLICABLE","352","N","MICHIGAN AVE","111",,,,,,,"2","NO INDICATION OF INJURY","0","0","0","0","0","4","0","18","7","3","41.8879562975","-87.6247071408","POINT (-87.624707140768 41.887956297546)"
"c6f856c8fd6b3d72a684b2ebb68e23d5e1e0e9906350d5802b6588f652ed8b8299a2a30900645d14dab1b655b82449262312ff8c29e81af7ba5badaea7d8d3cc",,"2026-03-14T18:45:00.000","30","TRAFFIC SIGNAL","FUNCTIONING PROPERLY","CLEAR","DARKNESS, LIGHTED ROAD","REAR END","DIVIDED - W/MEDIAN BARRIER",,"STRAIGHT AND LEVEL","WET","NO DEFECTS",,"INJURY AND / OR TOW DUE TO CRASH",,,"Y","OVER $1,500","2026-03-14T18:48:00.000","NOT APPLICABLE","NOT APPLICABLE","1542","E","103RD ST","511",,,,,,,"2","REPORTED, NOT EVIDENT","1","0","0","0","1","2","0","18","7","3","41.7078790932","-87.5861119538","POINT (-87.586111953753 41.707879093171)"
"e1f2a97ce84e47827fcf71d26a6d30eeff3935b9a2f2a2b9b3c74709bb4da6a6671f7af376e509f2cc5eff9d6aa73cb3818c5003d431d0b59ac96fb7045838a2",,"2026-03-14T18:39:00.000","30","STOP SIGN/FLASHER","NO CONTROLS","CLEAR","DARKNESS, LIGHTED ROAD","TURNING","FOUR WAY",,"STRAIGHT AND LEVEL","DRY","UNKNOWN","NOT ON SCENE (DESK REPORT)","NO INJURY / DRIVE AWAY","Y",,,"$501 - $1,500","2026-03-14T19:20:00.000","FAILING TO YIELD RIGHT-OF-WAY","NOT APPLICABLE","3400","N","HARLEM AVE","1631",,,,,,,"2","NO INDICATION OF INJURY","0","0","0","0","0","2","0","18","7","3","41.9417155626","-87.8070254849","POINT (-87.807025484893 41.94171556261)"
"9d63ad923a0e553a7ddce1b0095bc947499929ec6d816ad746a1258163134a12d5cfde7fefe56ada07e03f528889f870e583739eb0dca0d74846918dba367d9b",,"2026-03-14T18:37:00.000","30","NO CONTROLS","NO CONTROLS","CLEAR","DAYLIGHT","REAR END","ONE-WAY",,"STRAIGHT AND LEVEL","DRY","NO DEFECTS","NOT ON SCENE (DESK REPORT)","NO INJURY / DRIVE AWAY",,,,"OVER $1,500","2026-03-14T19:20:00.000","FOLLOWING TOO CLOSELY","NOT APPLICABLE","1027","W","WASHINGTON BLVD","1224",,,,,,,"2","NO INDICATION OF INJURY","0","0","0","0","0","2","0","18","7","3","41.8829338578","-87.6531733398","POINT (-87.653173339781 41.882933857794)"
"ae88514a9a25cc16d5778c9ec4507f11175a456e858df020ed30a388c2b1324066b26e4c8a391aa47c335b3f3905da894f5da5edc4705e5b33f651813f0a67c4",,"2026-03-14T18:33:00.000","30","NO CONTROLS","NO CONTROLS","CLEAR","DARKNESS","TURNING","T-INTERSECTION",,"STRAIGHT AND LEVEL","DRY","NO DEFECTS","ON SCENE","INJURY AND / OR TOW DUE TO CRASH","Y",,,"OVER $1,500","2026-03-14T18:56:00.000","FAILING TO REDUCE SPEED TO AVOID CRASH","NOT APPLICABLE","2025","N","CICERO AVE","2522",,,,,,,"2","NO INDICATION OF INJURY","0","0","0","0","0","3","0","18","7","3","41.9176823438","-87.7459963252","POINT (-87.745996325161 41.917682343803)"
"08f3d9cc693a933e9694d702fed16a9d2515ae6a86a898de2bb3f19f5fb61856247e05fd184665dcd12f17775566d465483ff50a622b566c28d3f35105783b13",,"2026-03-14T18:30:00.000","30","NO CONTROLS","NO CONTROLS","CLEAR","DARKNESS, LIGHTED ROAD","TURNING","DIVIDED - W/MEDIAN (NOT RAISED)",,"STRAIGHT AND LEVEL","DRY","NO DEFECTS","NOT ON SCENE (DESK REPORT)","NO INJURY / DRIVE AWAY","N",,,"OVER $1,500","2026-03-14T21:50:00.000","FOLLOWING TOO CLOSELY","FOLLOWING TOO CLOSELY","3950","N","LAKE SHORE DR","1925",,,,,,,"2","NO INDICATION OF INJURY","0","0","0","0","0","2","0","18","7","3","41.9543447187","-87.6453496206","POINT (-87.645349620599 41.954344718652)"
"8deaee8267e99147a5d66db5d40358e95835247c4da340151041cbb8ce81e017322a5a11c54462ee5fbc4bfc698be42d2914b2bdea34920ececf58b7ed50cd1c",,"2026-03-14T18:30:00.000","30","NO CONTROLS","NO CONTROLS","RAIN","DARKNESS","PARKED MOTOR VEHICLE","NOT DIVIDED",,"STRAIGHT AND LEVEL","WET","NO DEFECTS","NOT ON SCENE (DESK REPORT)","NO INJURY / DRIVE AWAY",,,"Y","OVER $1,500","2026-03-15T13:27:00.000","UNABLE TO DETERMINE","UNABLE TO DETERMINE","1055","W","GRACE ST","1923",,,,,,,"2","NO INDICATION OF INJURY","0","0","0","0","0","1","0","18","7","3","41.9509797515","-87.6566273447","POINT (-87.656627344722 41.950979751456)"
"e864dbffcec978e9608c9411c993be5d9d95c6f68728035124c98c8e95309bcc9c4cc2ef9f57891552d71f88e8cc810ff8164f1cca5b0d14f5c9602541b1d9af",,"2026-03-14T18:19:00.000","20","TRAFFIC SIGNAL","FUNCTIONING PROPERLY","CLEAR","DAWN","PEDESTRIAN","DIVIDED - W/MEDIAN (NOT RAISED)",,"STRAIGHT AND LEVEL","DRY","NO DEFECTS","NOT ON SCENE (DESK REPORT)","INJURY AND / OR TOW DUE TO CRASH","Y",,,"$501 - $1,500","2026-03-14T18:31:00.000","FAILING TO YIELD RIGHT-OF-WAY","FAILING TO YIELD RIGHT-OF-WAY","1950","N","MILWAUKEE AVE","1434",,,,,,,"2","NONINCAPACITATING INJURY","1","0","0","1","0","1","0","18","7","3","41.9167958302","-87.6876008647","POINT (-87.687600864663 41.916795830173)"
"bc70bf2e461c0ea9f9e588b5c57c06184954574f81cba5e6951a57175d8038e9bd45b31f4339380276c26d2f182db94bbe233a813375a1b13f697fc35f5e9915","N","2026-03-14T18:15:00.000","30","TRAFFIC SIGNAL","FUNCTIONING PROPERLY","CLEAR","DAYLIGHT","REAR END","DIVIDED - W/MEDIAN BARRIER",,"STRAIGHT AND LEVEL","WET","NO DEFECTS","ON SCENE","INJURY AND / OR TOW DUE TO CRASH",,,,"OVER $1,500","2026-03-14T18:22:00.000","FAILING TO REDUCE SPEED TO AVOID CRASH","FOLLOWING TOO CLOSELY","1204","E","75TH ST","324",,,,,,,"2","NO INDICATION OF INJURY","0","0","0","0","0","2","0","18","7","3","41.7588061207","-87.5954681079","POINT (-87.59546810787 41.758806120743)"
"c63285ab1b5d0f25e0d3b0b321fc9b2012394d8b6add13ed33f71e185e00bb52dcb5726718175044b78ab2073466cdee0d435dc7126983c6f59226e6b45dd3a8","Y","2026-03-14T18:15:00.000","20","NO CONTROLS","NO CONTROLS","CLEAR","DARKNESS, LIGHTED ROAD","TURNING","NOT DIVIDED",,"STRAIGHT AND LEVEL","SNOW OR SLUSH","NO DEFECTS","ON SCENE","NO INJURY / DRIVE AWAY",,,,"$501 - $1,500","2026-03-14T18:37:00.000","IMPROPER TURNING/NO SIGNAL","NOT APPLICABLE","4250","N","CLARK ST","1912",,,,,,,"2","NO INDICATION OF INJURY","0","0","0","0","0","2","0","18","7","3","41.9594438827","-87.6652644822","POINT (-87.665264482166 41.959443882664)"
"299f7a947baabc4d87f05647c61ee1e4468876b678327146f20fcc53004a47c1f8488f7b0bf7b7fc86370a90a2604872bb7c4219a98f103cf0502832f81cf1c7",,"2026-03-14T18:00:00.000","30","UNKNOWN","NO CONTROLS","UNKNOWN","DAYLIGHT","TURNING","NOT DIVIDED",,"STRAIGHT AND LEVEL","UNKNOWN","UNKNOWN","NOT ON SCENE (DESK REPORT)","NO INJURY / DRIVE AWAY",,,,"OVER $1,500","2026-03-16T16:06:00.000","FOLLOWING TOO CLOSELY","NOT APPLICABLE","2025","N","CICERO AVE","2522",,,,,,,"2","NO INDICATION OF INJURY","0","0","0","0","0","2","0","18","7","3","41.9176823438","-87.7459963252","POINT (-87.745996325161 41.917682343803)"
"8ba3e372e07a96d7c34a175cefa3eb9023c0803d5a4d980071fbd8b4722ba25787c7e1de11899fd5543d2185d644e6b15471c1918f75d347af756b22050fdec1",,"2026-03-14T17:58:00.000","30","TRAFFIC SIGNAL","FUNCTIONING PROPERLY","CLEAR","DAYLIGHT","REAR END","ONE-WAY",,"STRAIGHT AND LEVEL","DRY","NO DEFECTS","ON SCENE","INJURY AND / OR TOW DUE TO CRASH","Y",,"Y","OVER $1,500","2026-03-14T18:06:00.000","FAILING TO REDUCE SPEED TO AVOID CRASH","UNABLE TO DETERMINE","7301","S","STONY ISLAND AVE","324",,,,,,,"2","NONINCAPACITATING INJURY","1","0","0","1","0","1","0","17","7","3","41.7623700324","-87.5856849276","POINT (-87.585684927597 41.762370032384)"
"1c7408a5360d25dd389bdad859368d1b5ff98faab2e2b05bb23f902bde379b3ae0964b9c874a270f85379c0e2ad0554e80138ef52e0af7e8442594017adb7659",,"2026-03-14T17:45:00.000","30","UNKNOWN","UNKNOWN","UNKNOWN","UNKNOWN","REAR END","FOUR WAY",,"STRAIGHT AND LEVEL","UNKNOWN","UNKNOWN","NOT ON SCENE (DESK REPORT)","INJURY AND / OR TOW DUE TO CRASH",,,,"OVER $1,500","2026-03-14T19:45:00.000","UNABLE TO DETERMINE","NOT APPLICABLE","1800","W","GRAND AVE","1221",,,,,,,"2","NO INDICATION OF INJURY","0","0","0","0","0","3","0","17","7","3","41.8910111865","-87.6721474585","POINT (-87.672147458475 41.891011186472)"
"3e33a1b98eb5d28686f8db91da084e871c2285de486390f82590cc3f9fe0a9cd3cfc15dbeae1a9a9d84f9604973ca3159581c28fbf1074f5b17e80b034e5b5b3",,"2026-03-14T17:45:00.000","30","NO CONTROLS","NO CONTROLS","UNKNOWN","DAYLIGHT","SIDESWIPE SAME DIRECTION","DIVIDED - W/MEDIAN (NOT RAISED)",,"STRAIGHT AND LEVEL","UNKNOWN","UNKNOWN","NOT ON SCENE (DESK REPORT)","NO INJURY / DRIVE AWAY",,,,"OVER $1,500","2026-03-15T17:15:00.000","IMPROPER OVERTAKING/PASSING","FAILING TO REDUCE SPEED TO AVOID CRASH","2036","W","NORTH AVE","1434",,,,,,,"2","NO INDICATION OF INJURY","0","0","0","0","0","2","0","17","7","3","41.9105699128","-87.6788306544","POINT (-87.678830654441 41.91056991284)"
"aecc02a19119f5fc85fe75f1a0eae52448ed49e01b5692a577a4b404bbf6865e8b6ede2f63ed7d112599606ee76eae7c6c2e70e18c2e7927b92a164d0cfb8cca",,"2026-03-14T17:45:00.000","30","NO CONTROLS","NO CONTROLS","CLEAR","DAYLIGHT","PARKED MOTOR VEHICLE","ONE-WAY",,"STRAIGHT AND LEVEL","DRY","NO DEFECTS","ON SCENE","NO INJURY / DRIVE AWAY",,,"Y","OVER $1,500","2026-03-14T18:28:00.000","UNABLE TO DETERMINE","UNABLE TO DETERMINE","5022","S","KARLOV AVE","815",,,,,,,"2","NO INDICATION OF INJURY","0","0","0","0","0","1","0","17","7","3","41.8015675579","-87.7259995845","POINT (-87.725999584534 41.801567557945)"