"crash_record_id","crash_date_est_i","crash_date","posted_speed_limit","traffic_control_device","device_condition","weather_condition","lighting_condition","first_crash_type","trafficway_type","lane_cnt","alignment","roadway_surface_cond","road_defect","report_type","crash_type","intersection_related_i","private_property_i","hit_and_run_i","damage","date_police_notified","prim_contributory_cause","sec_contributory_cause","street_no","street_direction","street_name","beat_of_occurrence","photos_taken_i","statements_taken_i","dooring_i","work_zone_i","work_zone_type","workers_present_i","num_units","most_severe_injury","injuries_total","injuries_fatal","injuries_incapacitating","injuries_non_incapacitating","injuries_reported_not_evident","injuries_no_indication","injuries_unknown","crash_hour","crash_day_of_week","crash_month","latitude","longitude","location"
"b5584c1513fa7b13cd6f6b08b9c6b0991d01fd7210f59a8f9ec61df91cd1e65ca34d9363cd1e6ca85f930b8aaca44fe84552294ce84f0512de2391f4e79e1a4a",,"2026-03-14T17:40:00.000","30","TRAFFIC SIGNAL","FUNCTIONING PROPERLY","SNOW","DAYLIGHT","REAR END","ONE-WAY",,"STRAIGHT AND LEVEL","WET","NO DEFECTS","ON SCENE","NO INJURY / DRIVE AWAY",,,,"$500 OR LESS","2026-03-14T17:45:00.000","NOT APPLICABLE","NOT APPLICABLE","6904","S","STATE ST","322",,,,,,,"2","NO INDICATION OF INJURY","0","0","0","0","0","5","0","17","7","3","41.7689884882","-87.6250964527","POINT (-87.625096452716 41.768988488237)"
"b28c9f4ffe6c6e4e7000857e8361effc9e8dbbd2df42b09180a8647034d634ee9d7d4aea52e9c1dc9f0b4a006f3a07211ee8e01e3ce8f9f3f4af905193fcdcad",,"2026-03-14T17:39:00.000","30","NO CONTROLS","NO CONTROLS","CLEAR","DAYLIGHT","REAR END","DIVIDED - W/MEDIAN (NOT RAISED)",,"STRAIGHT AND LEVEL","WET","NO DEFECTS","ON SCENE","NO INJURY / DRIVE AWAY",,,,"OVER $1,500","2026-03-14T17:39:00.000","UNABLE TO DETERMINE","UNABLE TO DETERMINE","501","N","ASHLAND AVE","1215",,,,,,,"2","NO INDICATION OF INJURY","0","0","0","0","0","3","0","17","7","3","41.891011447","-87.666996498","POINT (-87.666996498025 41.891011446962)"
"b14f4fd4caf3fc3fc547d293a7c643db54a14b65340c0d2406b91770e8b9f56d4305292e50fea89dc02863402fe208db60042f3555d95f6735dccf621157867c",,"2026-03-14T17:33:00.000","30","TRAFFIC SIGNAL","FUNCTIONING PROPERLY","SNOW","DAYLIGHT","REAR END","DIVIDED - W/MEDIAN (NOT RAISED)",,"STRAIGHT AND LEVEL","WET","NO DEFECTS","NOT ON SCENE (DESK REPORT)","NO INJURY / DRIVE AWAY",,,,"$501 - $1,500","2026-03-14T19:09:00.000","DISTRACTION - FROM INSIDE VEHICLE","DISTRACTION - FROM INSIDE VEHICLE","9400","S","ASHLAND AVE","2221",,,,,,,"2","NO INDICATION OF INJURY","0","0","0","0","0","2","0","17","7","3","41.7229412182","-87.6628628713","POINT (-87.662862871273 41.72294121821)"
"ffa0696f3fbaf770f40170468154b401a2e494fae1867f5436b416b76a184d8f2dc0ea2f98f653282510c3a76f1e1ab2815d0bf47b692de21705787feed37467",,"2026-03-14T17:30:00.000","30","TRAFFIC SIGNAL","UNKNOWN","UNKNOWN","UNKNOWN","REAR END","FOUR WAY",,"STRAIGHT AND LEVEL","UNKNOWN","UNKNOWN","NOT ON SCENE (DESK REPORT)","NO INJURY / DRIVE AWAY",,,,"OVER $1,500","2026-03-14T19:00:00.000","UNABLE TO DETERMINE","NOT APPLICABLE","5802","W","FULLERTON AVE","2515",,,,,,,"2","NO INDICATION OF INJURY","0","0","0","0","0","4","0","17","7","3","41.924012574","-87.7710020802","POINT (-87.771002080165 41.924012573959)"
"c726dd1041c3cf8daa6a56229e2ae5af5877945c09371ae05be9189a6cc88e50b064022c94aed57fe2c24565d1d4d19edcfaa16ed961d745d2e6e551f64556f5",,"2026-03-14T17:20:00.000","30","NO CONTROLS","NO CONTROLS","SNOW","DAYLIGHT","SIDESWIPE SAME DIRECTION","NOT DIVIDED",,"STRAIGHT AND LEVEL","WET","NO DEFECTS","NOT ON SCENE (DESK REPORT)","NO INJURY / DRIVE AWAY",,,,"OVER $1,500","2026-03-14T17:48:00.000","UNABLE TO DETERMINE","NOT APPLICABLE","3407","N","HALSTED ST","1925",,,,,,,"2","NO INDICATION OF INJURY","0","0","0","0","0","4","0","17","7","3","41.9438538522","-87.6492348023","POINT (-87.649234802285 41.943853852218)"
"ceb34ae111d1da71ec98258e13d6b48231a26d8066f820e7b61c2df91443a59b32f1d1d53d7c363bc943018c903d1bcb09fc441f0ea2653331b541281612f33d",,"2026-03-14T17:20:00.000","35","TRAFFIC SIGNAL","FUNCTIONING PROPERLY","CLEAR","DAYLIGHT","REAR END","DIVIDED - W/MEDIAN (NOT RAISED)",,"STRAIGHT AND LEVEL","DRY","NO DEFECTS","ON SCENE","INJURY AND / OR TOW DUE TO CRASH",,,,"OVER $1,500","2026-03-14T17:27:00.000","PHYSICAL CONDITION OF DRIVER","NOT APPLICABLE","2950","W","DIVERSEY AVE","1411",,,,,,,"5","NO INDICATION OF INJURY","0","0","0","0","0","4","0","17","7","3","41.9321744247","-87.7021489751","POINT (-87.702148975089 41.932174424731)"
"fb9220acc892e15f1a8d4fe21a136d19651bf3aebc74e61116abb0fc515882a1dbb8565d5ec478ea726f900f82c85019647e2cd462f534dd9dbc0981248d2fb5",,"2026-03-14T17:20:00.000","30","TRAFFIC SIGNAL","FUNCTIONING PROPERLY","CLEAR","DARKNESS, LIGHTED ROAD","ANGLE","T-INTERSECTION",,"STRAIGHT AND LEVEL","DRY","NO DEFECTS","NOT ON SCENE (DESK REPORT)","NO INJURY / DRIVE AWAY",,,"Y","OVER $1,500","2026-03-16T02:50:00.000","FAILING TO YIELD RIGHT-OF-WAY","NOT APPLICABLE","52","W","ILLINOIS ST","1831",,,,,,,"2","NO INDICATION OF INJURY","0","0","0","0","0","2","0","17","7","3","41.8909355296","-87.6299710892","POINT (-87.629971089181 41.890935529568)"
"13f4fbafbd0d82624bb94fdf8ee3b693acefbef1eb1984425dcacf34777734ff003245813aacf7fa2a46ef16b72de4ee8490a2e8b5207bfb7e1e0c31d2cfc0f1",,"2026-03-14T17:15:00.000","30","STOP SIGN/FLASHER","NO CONTROLS","CLOUDY/OVERCAST","DAYLIGHT","TURNING","T-INTERSECTION",,"STRAIGHT AND LEVEL","DRY","NO DEFECTS","NOT ON SCENE (DESK REPORT)","NO INJURY / DRIVE AWAY","Y",,,"OVER $1,500","2026-03-15T13:30:00.000","UNABLE TO DETERMINE","UNABLE TO DETERMINE","1110","S","RACINE AVE","1231",,,,,,,"2","NO INDICATION OF INJURY","0","0","0","0","0","2","0","17","7","3","41.8677833896","-87.6568548214","POINT (-87.656854821413 41.867783389601)"
"79885be67f801ecd6a7fb63755ce18febb68994cf526aae165c12b591e3f66e9ab17b320d22090ac945c1143bcafbe048a955624c52315a487edc3aa8a9da11a",,"2026-03-14T17:14:00.000","30","UNKNOWN","UNKNOWN","UNKNOWN","UNKNOWN","TURNING","NOT DIVIDED",,"STRAIGHT AND LEVEL","UNKNOWN","UNKNOWN","NOT ON SCENE (DESK REPORT)","NO INJURY / DRIVE AWAY",,,,"OVER $1,500","2026-03-14T18:22:00.000","UNABLE TO DETERMINE","UNABLE TO DETERMINE","1433","W","MONTROSE AVE","1912",,,,,,,"2","NO INDICATION OF INJURY","0","0","0","0","0","3","0","17","7","3","41.9615209991","-87.6662675435","POINT (-87.666267543509 41.961520999103)"
"1fe4058ea8f2abec5d3062ae3854bed887dbecd0f088a6fcfd7870c5ca5cabd42329eb039d7b8652645a9872be1fd4d01742e4fc564ba65ca27c99dbcf07bc20",,"2026-03-14T17:10:00.000","30","NO CONTROLS","NO CONTROLS","CLOUDY/OVERCAST","DAYLIGHT","TURNING","NOT DIVIDED",,"STRAIGHT AND LEVEL","DRY","NO DEFECTS","NOT ON SCENE (DESK REPORT)","NO INJURY / DRIVE AWAY",,,,"OVER $1,500","2026-03-14T19:05:00.000","FAILING TO YIELD RIGHT-OF-WAY","NOT APPLICABLE","7353","S","CICERO AVE","833",,,,,,,"2","NO INDICATION OF INJURY","0","0","0","0","0","2","0","17","7","3","41.7591297139","-87.7415536494","POINT (-87.741553649368 41.759129713907)"
"30c0a13c45d2bee7906dde88f9bda1e303b24cf73a729756320f27bc18601fa8025d92c52a6cf8c751558feced900c9de728e8d95274a775f0ad372856d2cfad",,"2026-03-14T17:00:00.000","30","TRAFFIC SIGNAL","FUNCTIONING PROPERLY","CLOUDY/OVERCAST","DAYLIGHT","REAR END","NOT DIVIDED",,"STRAIGHT AND LEVEL","WET","NO DEFECTS","NOT ON SCENE (DESK REPORT)","NO INJURY / DRIVE AWAY",,,,"OVER $1,500","2026-03-14T17:30:00.000","FOLLOWING TOO CLOSELY","UNABLE TO DETERMINE","5600","N","ELSTON AVE","1623",,,,,,,"2","NO INDICATION OF INJURY","0","0","0","0","0","2","0","17","7","3","41.9829569931","-87.7646081857","POINT (-87.764608185731 41.98295699313)"
"4d43f6cda6f8459bbc03e053f618f3195af72e044f8e14de735e609d5170e68d91466b9740c830309bc2fe8b78d70240250d256161aad17d1a1ae2e6b0d726e6",,"2026-03-14T17:00:00.000","25","UNKNOWN","UNKNOWN","UNKNOWN","UNKNOWN","SIDESWIPE SAME DIRECTION","NOT DIVIDED",,"STRAIGHT AND LEVEL","UNKNOWN","UNKNOWN","NOT ON SCENE (DESK REPORT)","NO INJURY / DRIVE AWAY",,,,"OVER $1,500","2026-03-14T18:21:00.000","NOT APPLICABLE","NOT APPLICABLE","60","E","GRAND AVE","1834",,,,,,,"2","NO INDICATION OF INJURY","0","0","0","0","0","2","0","17","7","3","41.8918143653","-87.6256852646","POINT (-87.625685264584 41.891814365281)"
"6757ce78c3a41de1f9a4415171b63d3a8134776e9a5af00d26727d6a151ec13ec18c16d8fdf6011c03b5c35aef528f8d4ebd1e777587632992711772e4dc4d2a","N","2026-03-14T17:00:00.000","30","NO CONTROLS","NO CONTROLS","UNKNOWN","UNKNOWN","PARKED MOTOR VEHICLE","NOT DIVIDED",,"STRAIGHT AND LEVEL","UNKNOWN","UNKNOWN","NOT ON SCENE (DESK REPORT)","NO INJURY / DRIVE AWAY",,,"Y","OVER $1,500","2026-03-15T13:10:00.000","FOLLOWING TOO CLOSELY","NOT APPLICABLE","1114","N","WELLS ST","1823",,,,,,,"2","NO INDICATION OF INJURY","0","0","0","0","0","1","0","17","7","3","41.9025866281","-87.634577376","POINT (-87.634577375954 41.902586628079)"
"70ddc5f99c0cd4c18e62c47958c45ed51c96b766c8859983c3fda7833b48c6f50d1dc4e5bc301fca92b22d065f7d7e664f2e8fdf4cbc40de5936cfe6c6f07b03",,"2026-03-14T17:00:00.000","30","NO CONTROLS","NO CONTROLS","CLEAR","DAYLIGHT","TURNING","NOT DIVIDED",,"STRAIGHT AND LEVEL","DRY","NO DEFECTS","ON SCENE","INJURY AND / OR TOW DUE TO CRASH",,,,"OVER $1,500","2026-03-14T17:00:00.000","IMPROPER TURNING/NO SIGNAL","FAILING TO YIELD RIGHT-OF-WAY","3114","W","IRVING PARK RD","1724",,,,,,,"2","REPORTED, NOT EVIDENT","1","0","0","0","1","1","0","17","7","3","41.9540413052","-87.7062769811","POINT (-87.706276981069 41.954041305204)"
"94f5d987ef02ff520294feb49a4eab0bafc966b5f87ef4c1d4098dc66230d6af4b6845c7eb4afd5e9ae331840104fc00387bb89334d1568d84e1d8164ec84f49","Y","2026-03-14T17:00:00.000","10","NO CONTROLS","NO CONTROLS","CLOUDY/OVERCAST","DAYLIGHT","PARKED MOTOR VEHICLE","ONE-WAY",,"STRAIGHT AND LEVEL","DRY","NO DEFECTS","ON SCENE","NO INJURY / DRIVE AWAY","N",,"Y","$500 OR LESS","2026-03-15T09:49:00.000","UNABLE TO DETERMINE","UNABLE TO DETERMINE","3227","W","CORTEZ ST","1121",,,,,,,"2","NO INDICATION OF INJURY","0","0","0","0","0","1","0","17","7","3","41.9000160433","-87.7078059516","POINT (-87.70780595158 41.900016043347)"
"968920c2e1836ecf02b194e100f1e0a0d99d70174f3c9fd2b876a084fe1dd6150d41165a88181bffa17521bdfcf7ad9ace6eadf4cb82c98d81a130183963fd38",,"2026-03-14T17:00:00.000","30","TRAFFIC SIGNAL","FUNCTIONING PROPERLY","SNOW","DAYLIGHT","TURNING","CENTER TURN LANE",,"STRAIGHT AND LEVEL","WET","NO DEFECTS","ON SCENE","INJURY AND / OR TOW DUE TO CRASH","Y",,,"OVER $1,500","2026-03-14T17:04:00.000","FAILING TO YIELD RIGHT-OF-WAY","FAILING TO YIELD RIGHT-OF-WAY","1000","N","CENTRAL AVE","1511",,,,,,,"2","REPORTED, NOT EVIDENT","1","0","0","0","1","4","0","17","7","3","41.8985401302","-87.7656731849","POINT (-87.765673184919 41.898540130223)"
"9917fe0f0cd70bd734ccc5b3fd92a6c303a44bfa684661db124798a8b3b5feac483a4ebcf4f8a95b36d70ac8e46ca515c22080ff2a35c824bf8bb9446e51a0e0",,"2026-03-14T17:00:00.000","30","STOP SIGN/FLASHER","FUNCTIONING PROPERLY","CLEAR","DARKNESS, LIGHTED ROAD","TURNING","NOT DIVIDED",,"STRAIGHT AND LEVEL","DRY","NO DEFECTS","ON SCENE","NO INJURY / DRIVE AWAY","Y",,,"$501 - $1,500","2026-03-14T18:54:00.000","FOLLOWING TOO CLOSELY","NOT APPLICABLE","398","N","CLINTON ST","1214",,,,,,,"2","NO INDICATION OF INJURY","0","0","0","0","0","3","0","17","7","3","41.8890455275","-87.6415388735","POINT (-87.641538873455 41.889045527463)"
"f308c8ae14ed72ce2e46a7a77dc83b624eb774a4f9132158213bf1ddaa122b65afc43d5da61e87b4261d8b4fa411ff1fb745ec705f4fce8b2d37991644793b01",,"2026-03-14T17:00:00.000","30","NO CONTROLS","NO CONTROLS","UNKNOWN","DAYLIGHT","SIDESWIPE SAME DIRECTION","DIVIDED - W/MEDIAN (NOT RAISED)",,"STRAIGHT AND LEVEL","UNKNOWN","UNKNOWN","NOT ON SCENE (DESK REPORT)","NO INJURY / DRIVE AWAY",,,,"OVER $1,500","2026-03-15T19:35:00.000","FAILING TO YIELD RIGHT-OF-WAY","FAILING TO REDUCE SPEED TO AVOID CRASH","740","N","HUDSON AVE","1831",,,,,,,"2","NO INDICATION OF INJURY","0","0","0","0","0","2","0","17","7","3","41.8959387611","-87.6401846986","POINT (-87.640184698584 41.8959387611)"
"f38202cd243093bf10f21a6cdf11b04461be33f005f99c9656a0dc93288725858725fa922c4273224f436ca10e62b6ea866d9fab6c532fd7e25e9e7a96fd41ee",,"2026-03-14T17:00:00.000","30","NO CONTROLS","NO CONTROLS","CLOUDY/OVERCAST","DAYLIGHT","PARKED MOTOR VEHICLE","ONE-WAY",,"STRAIGHT AND LEVEL","WET","NO DEFECTS","ON SCENE","NO INJURY / DRIVE AWAY",,,"Y","OVER $1,500","2026-03-14T18:54:00.000","UNABLE TO DETERMINE","NOT APPLICABLE","6334","S","HONORE ST","726",,,,,,,"2","NO INDICATION OF INJURY","0","0","0","0","0","1","0","17","7","3","41.7783281193","-87.6704158552","POINT (-87.670415855194 41.778328119319)"
"1b31fefc745f81bd65f83bce47b8c1bb641ca9ac9a93fb799e893f8ebfa6db9a650c5e7b6b479a73218ad3e1ffe184bd28913a7a1c8c03d21cb9b29fac7d6378",,"2026-03-14T16:54:00.000","30","STOP SIGN/FLASHER","FUNCTIONING PROPERLY","RAIN","DAYLIGHT","ANGLE","T-INTERSECTION",,"STRAIGHT AND LEVEL","WET","UNKNOWN","ON SCENE","NO INJURY / DRIVE AWAY","Y",,,"OVER $1,500","2026-03-14T16:55:00.000","IMPROPER OVERTAKING/PASSING","IMPROPER LANE USAGE","7998","S","VINCENNES AVE","621",,,,,,,"2","NO INDICATION OF INJURY","0","0","0","0","0","3","0","16","7","3","41.7490005543","-87.6348297417","POINT (-87.634829741717 41.749000554281)"
"22bbbb1d9b0f80f990cc3f58fd7fba3e0b58f2e521afab2973f0924cad4613ce1abfbc4a6b52eb88ff69daa163e439744a2acbffd789c40290b4bbdf5a047143",,"2026-03-14T16:53:00.000","30","NO CONTROLS","NO CONTROLS","RAIN","DAYLIGHT","REAR END","DIVIDED - W/MEDIAN BARRIER",,"STRAIGHT AND LEVEL","WET","NO DEFECTS","ON SCENE","INJURY AND / OR TOW DUE TO CRASH",,,,"OVER $1,500","2026-03-14T16:53:00.000","UNABLE TO DETERMINE","NOT APPLICABLE","1814","W","IRVING PARK RD","1912",,,,,,,"2","REPORTED, NOT EVIDENT","2","0","0","0","2","0","0","16","7","3","41.9543172404","-87.674833567","POINT (-87.674833566993 41.954317240426)"
"132a28d0d89fe4e60b0bf87f583f412bcdc7ffa76c20d02710cdf24b4c4fc31eb8b9afd0b050ac1c4bc58368fc91c809dc94e5046e3a337982e9647fe1da37b4",,"2026-03-14T16:51:00.000","30","NO CONTROLS","NO CONTROLS","SNOW","DAYLIGHT","REAR END","DIVIDED - W/MEDIAN (NOT RAISED)",,"STRAIGHT AND LEVEL","WET","NO DEFECTS","ON SCENE","INJURY AND / OR TOW DUE TO CRASH",,,,"OVER $1,500","2026-03-14T16:52:00.000","FOLLOWING TOO CLOSELY","FAILING TO REDUCE SPEED TO AVOID CRASH","3638","N","NARRAGANSETT AVE","1632",,,,,,,"2","NO INDICATION OF INJURY","0","0","0","0","0","4","0","16","7","3","41.9468515828","-87.7864446222","POINT (-87.786444622225 41.946851582786)"
"b631a9c3d6a08e1d4d1e7f32cca9982a98ac338f2e9699742f1833ef7d7e514a4368b17d27c31ffd29c623e5347a93f0846c28df9662a5e1c93cecb7e3cf2ea8",,"2026-03-14T16:50:00.000","30","NO CONTROLS","NO CONTROLS","CLEAR","DAYLIGHT","REAR END","NOT DIVIDED",,"STRAIGHT AND LEVEL","WET","NO DEFECTS","ON SCENE","NO INJURY / DRIVE AWAY",,,,"$500 OR LESS","2026-03-14T16:56:00.000","UNABLE TO DETERMINE","NOT APPLICABLE","3699","S","ASHLAND AVE","912",,,,,,,"2","NO INDICATION OF INJURY","0","0","0","0","0","2","0","16","7","3","41.8269481718","-87.6653362268","POINT (-87.665336226798 41.826948171829)"
"8360029d1a69cd90aad337f6800b956521eab8c56cb5b200d6e93370ab42f1b4b969e7298f23bcdc973171362f7b22eacbe9e2d4155ed989e3440758892b1e57",,"2026-03-14T16:47:00.000","30","NO CONTROLS","NO CONTROLS","SNOW","DAYLIGHT","TURNING","FOUR WAY",,"STRAIGHT AND LEVEL","WET","UNKNOWN","ON SCENE","NO INJURY / DRIVE AWAY","Y",,,"OVER $1,500","2026-03-14T16:47:00.000","FAILING TO YIELD RIGHT-OF-WAY","UNABLE TO DETERMINE","5100","N","ASHLAND AVE","2032",,,,,,,"2","NO INDICATION OF INJURY","0","0","0","0","0","4","0","16","7","3","41.9743841669","-87.669724282","POINT (-87.669724281976 41.974384166927)"
"50ef929caea884816db781c4dd5bb284cc594d20e4937dcd241de3d8717ff1f91d0381133be14539cefc8cff5f9d663cfb57d220b320a3a450852e77d74a304d",,"2026-03-14T16:46:00.000","30","NO CONTROLS","NO CONTROLS","CLEAR","DAYLIGHT","ANGLE","ALLEY",,"STRAIGHT AND LEVEL","DRY","NO DEFECTS","NOT ON SCENE (DESK REPORT)","NO INJURY / DRIVE AWAY","Y",,,"OVER $1,500","2026-03-16T19:10:00.000","UNABLE TO DETERMINE","NOT APPLICABLE","2850","W","LOGAN BLVD","1411",,,,,,,"2","NO INDICATION OF INJURY","0","0","0","0","0","2","0","16","7","3","41.9285574967","-87.6996006987","POINT (-87.699600698699 41.928557496708)"
"89a0cea89b2f1a0e206d317fba36e72fb7cdfcc4f3441897b0ebf9034b681d343ce83ebbfe1b57647cd6ff24d1fd126e3a56e69668999f29591f94dff980425a",,"2026-03-14T16:46:00.000","30","TRAFFIC SIGNAL","FUNCTIONING PROPERLY","BLOWING SNOW","DAYLIGHT","FIXED OBJECT","NOT DIVIDED",,"STRAIGHT AND LEVEL","WET","NO DEFECTS","ON SCENE","INJURY AND / OR TOW DUE TO CRASH",,"Y",,"OVER $1,500","2026-03-14T16:46:00.000","UNABLE TO DETERMINE","UNABLE TO DETERMINE","4649","W","ADDISON ST","1731",,,,,,,"1","NO INDICATION OF INJURY","0","0","0","0","0","1","0","16","7","3","41.9460519019","-87.7443164939","POINT (-87.744316493868 41.946051901866)"
"4d21d668abd6af73ef5f00d1225a51870d7acdd4227c44fb5eb3ba217bb123b5dfb22521385f5f355d6f22af687bfb6f011d59264127f722b90e1d8744ff2aeb",,"2026-03-14T16:44:00.000","35","TRAFFIC SIGNAL","FUNCTIONING PROPERLY","SNOW","DAYLIGHT","ANGLE","FOUR WAY",,"STRAIGHT AND LEVEL","WET","UNKNOWN","ON SCENE","NO INJURY / DRIVE AWAY","Y",,,"OVER $1,500","2026-03-14T16:44:00.000","DISREGARDING TRAFFIC SIGNALS","NOT APPLICABLE","601","S","CENTRAL PARK AVE","1133",,,,,,,"2","NO INDICATION OF INJURY","0","0","0","0","0","3","0","16","7","3","41.8735232128","-87.7155111601","POINT (-87.715511160132 41.873523212783)"
"81d8e607c05acbcd0c3184cc418b856eadf015e9193083c17736335e9d793aa164d73aedb3721b50861c9e12f034fe3b4339df382a974074e80d5d3dde66f620",,"2026-03-14T16:40:00.000","30","NO CONTROLS","NO CONTROLS","SNOW","DUSK","SIDESWIPE SAME DIRECTION","NOT DIVIDED",,"STRAIGHT AND LEVEL","WET","NO DEFECTS","ON SCENE","NO INJURY / DRIVE AWAY",,,,"$501 - $1,500","2026-03-14T16:49:00.000","FAILING TO YIELD RIGHT-OF-WAY","NOT APPLICABLE","1604","W","WRIGHTWOOD AVE","1931",,,,,,,"2","NO INDICATION OF INJURY","0","0","0","0","0","3","0","16","7","3","41.928882486","-87.6685039696","POINT (-87.668503969601 41.928882485967)"
"96de387eb4000048c46fca372d60a1d07cb61947b1c57016e1ad31157b8d2819792e5da246653e69f28a4bf541c39da3c61367697c0ecec26c477ff00778437f",,"2026-03-14T16:38:00.000","30","NO CONTROLS","NO CONTROLS","RAIN","DAYLIGHT","TURNING","ONE-WAY",,"STRAIGHT AND LEVEL","WET","NO DEFECTS","NOT ON SCENE (DESK REPORT)","NO INJURY / DRIVE AWAY",,,,"OVER $1,500","2026-03-14T16:58:00.000","IMPROPER BACKING","DRIVING SKILLS/KNOWLEDGE/EXPERIENCE","3525","N","SEMINARY AVE","1924",,,,,,,"2","NO INDICATION OF INJURY","0","0","0","0","0","3","0","16","7","3","41.9461579","-87.656576302","POINT (-87.656576302048 41.946157900045)"
"0c747f5ff48d544118b11a5dd6480300aeef7e51fc58ac8772bdbf5f9269c3e4eb736cea21b72164ca565b941d312b56be67ee4a41de22439f1b2e466b479ac4",,"2026-03-14T16:36:00.000","15","NO CONTROLS","NO CONTROLS","CLEAR","DAYLIGHT","SIDESWIPE SAME DIRECTION","ONE-WAY",,"STRAIGHT AND LEVEL","DRY","NO DEFECTS","NOT ON SCENE (DESK REPORT)","NO INJURY / DRIVE AWAY",,,,"OVER $1,500","2026-03-14T17:38:00.000","FAILING TO YIELD RIGHT-OF-WAY","DRIVING SKILLS/KNOWLEDGE/EXPERIENCE","4904","W","CUYLER AVE","1624",,,,,,,"2","NO INDICATION OF INJURY","0","0","0","0","0","2","0","16","7","3","41.9545725258","-87.7495142737","POINT (-87.749514273719 41.954572525774)"
"0edc03ec3829248fae6da72c7d5d4e509b8d890250beb92f78f4cb022010cd1e7424bb521d620630a8e81177209a9034c1a861fc4792fb9a395c25f49ca34fc8",,"2026-03-14T16:36:00.000","30","UNKNOWN","NO CONTROLS","SNOW","DAYLIGHT","PARKED MOTOR VEHICLE","NOT DIVIDED",,"STRAIGHT AND LEVEL","WET","NO DEFECTS","NOT ON SCENE (DESK REPORT)","NO INJURY / DRIVE AWAY",,,,"$501 - $1,500","2026-03-14T17:15:00.000","UNABLE TO DETERMINE","UNABLE TO DETERMINE","6220","N","CALIFORNIA AVE","2413",,,,,,,"2","NO INDICATION OF INJURY","0","0","0","0","0","2","0","16","7","3","41.9946209588","-87.6996868624","POINT (-87.699686862371 41.994620958775)"
"c4c12d8f71057d085108adc89482d0df81b1a40b12769a450d741cec77744224c9d4413783e5906e954e71d0c3e4536ad4d8c06d4be418e10a6297db6b95375b",,"2026-03-14T16:35:00.000","30","TRAFFIC SIGNAL","FUNCTIONING PROPERLY","SNOW","DAYLIGHT","TURNING","FOUR WAY",,"STRAIGHT AND LEVEL","WET","NO DEFECTS","ON SCENE","INJURY AND / OR TOW DUE TO CRASH","Y",,,"OVER $1,500","2026-03-14T16:40:00.000","FAILING TO YIELD RIGHT-OF-WAY","UNABLE TO DETERMINE","3500","S","WESTERN BLVD","911",,,,,,,"2","NONINCAPACITATING INJURY","1","0","0","1","0","2","0","16","7","3","41.8302367756","-87.6846047573","POINT (-87.684604757265 41.830236775648)"
"dd5f5ebdddb0cb83dda44e75c627ff015b3edfeaafb07e0cfc0a77796d5cc6fb93afd0fe450eafa80536c91eaa31578ae7511b42ff344a31de708a99e49cdb3f",,"2026-03-14T16:35:00.000","30","NO CONTROLS","NO CONTROLS","SNOW","DAYLIGHT","TURNING","ALLEY",,"STRAIGHT AND LEVEL","WET","UNKNOWN","NOT ON SCENE (DESK REPORT)","NO INJURY / DRIVE AWAY",,,,"OVER $1,500","2026-03-14T17:15:00.000","IMPROPER TURNING/NO SIGNAL","IMPROPER TURNING/NO SIGNAL","4751","N","LEAVITT ST","1911",,,,,,,"2","NO INDICATION OF INJURY","0","0","0","0","0","2","0","16","7","3","41.9684350086","-87.6838860632","POINT (-87.68388606322 41.968435008555)"
"1ed27a4a218d94f706c368d3e336bca9a7aec4eaee87e25f861df106ad4bdbf59b20e7795da09dd59e489210a52a8305f5949f488239c8ba9f68bdcfa8ee417c",,"2026-03-14T16:30:00.000","30","NO CONTROLS","NO CONTROLS","CLOUDY/OVERCAST","DAYLIGHT","SIDESWIPE SAME DIRECTION","DIVIDED - W/MEDIAN (NOT RAISED)",,"STRAIGHT ON GRADE","UNKNOWN","UNKNOWN","NOT ON SCENE (DESK REPORT)","INJURY AND / OR TOW DUE TO CRASH",,,"Y","OVER $1,500","2026-03-14T17:00:00.000","OPERATING VEHICLE IN ERRATIC, RECKLESS, CARELESS, NEGLIGENT OR AGGRESSIVE MANNER","IMPROPER LANE USAGE","901","W","DIVISION ST","1822",,,,,,,"2","NO INDICATION OF INJURY","0","0","0","0","0","2","0","16","7","3","41.9034932814","-87.651064466","POINT (-87.651064465952 41.903493281365)"
"4fb6aeef5cb896cf65184b8f8766073114c30864918ab1de85d38863d35660d8e80e21d911a65d8d5f9673d7a9c3e18f961d654cc22a6a16e97f34de7bf93419",,"2026-03-14T16:30:00.000","20","NO CONTROLS","NO CONTROLS","CLEAR","DAYLIGHT","TURNING","ONE-WAY",,"STRAIGHT AND LEVEL","DRY","NO DEFECTS","NOT ON SCENE (DESK REPORT)","NO INJURY / DRIVE AWAY",,,,"$501 - $1,500","2026-03-14T17:20:00.000","FAILING TO YIELD RIGHT-OF-WAY","NOT APPLICABLE","4907","W","CUYLER AVE","1624",,,,,,,"2","NO INDICATION OF INJURY","0","0","0","0","0","2","0","16","7","3","41.9543559284","-87.7494219899","POINT (-87.749421989851 41.954355928408)"
"c6b579ad8f4d37b5640150121d322e439a7b3097648dc0dda0da47d748ac84784d3bf1ad610fd784eb58699b6db82fe529a886efbc26e61eb105d2168b931dc5",,"2026-03-14T16:30:00.000","30","NO CONTROLS","NO CONTROLS","SNOW","DAYLIGHT","ANGLE","NOT DIVIDED",,"STRAIGHT AND LEVEL","WET","UNKNOWN","ON SCENE","INJURY AND / OR TOW DUE TO CRASH",,,"Y","OVER $1,500","2026-03-14T18:35:00.000","DRIVING SKILLS/KNOWLEDGE/EXPERIENCE","NOT APPLICABLE","6300","S","HAMLIN AVE","823",,,,,,,"2","NO INDICATION OF INJURY","0","0","0","0","0","2","0","16","7","3","41.7786863915","-87.7179999276","POINT (-87.717999927567 41.778686391467)"