"crash_record_id","crash_date_est_i","crash_date","posted_speed_limit","traffic_control_device","device_condition","weather_condition","lighting_condition","first_crash_type","trafficway_type","lane_cnt","alignment","roadway_surface_cond","road_defect","report_type","crash_type","intersection_related_i","private_property_i","hit_and_run_i","damage","date_police_notified","prim_contributory_cause","sec_contributory_cause","street_no","street_direction","street_name","beat_of_occurrence","photos_taken_i","statements_taken_i","dooring_i","work_zone_i","work_zone_type","workers_present_i","num_units","most_severe_injury","injuries_total","injuries_fatal","injuries_incapacitating","injuries_non_incapacitating","injuries_reported_not_evident","injuries_no_indication","injuries_unknown","crash_hour","crash_day_of_week","crash_month","latitude","longitude","location"
"dd1828765fe8e165996c9a507f568c5320f0e5f66bf0a1df3613ae5776f791cb5d4b13d774d1e95d03e5bc5b11791f76a5eb179fcbb8ecd278391496d5b1d514",,"2026-03-14T16:20:00.000","30","NO CONTROLS","NO CONTROLS","SNOW","DAYLIGHT","REAR END","DIVIDED - W/MEDIAN (NOT RAISED)",,"STRAIGHT AND LEVEL","SNOW OR SLUSH","NO DEFECTS","NOT ON SCENE (DESK REPORT)","NO INJURY / DRIVE AWAY","Y",,,"OVER $1,500","2026-03-14T16:30:00.000","NOT APPLICABLE","NOT APPLICABLE","4330","W","LAWRENCE AVE","1712",,,,,,,"2","NO INDICATION OF INJURY","0","0","0","0","0","2","0","16","7","3","41.9682551154","-87.7367317325","POINT (-87.736731732488 41.968255115445)"
"cc3598fc6bcda6411e9db043a4918e9fbd325c74bc5fb76222644263d7920cd3dc205d535ac2cab2e9817544733f2274e9a5d7c3cfbf90da0efe040b15a4e1ee",,"2026-03-14T16:13:00.000","20","STOP SIGN/FLASHER","FUNCTIONING PROPERLY","CLOUDY/OVERCAST","DAYLIGHT","PARKED MOTOR VEHICLE","ONE-WAY",,"STRAIGHT AND LEVEL","WET","NO DEFECTS","NOT ON SCENE (DESK REPORT)","NO INJURY / DRIVE AWAY",,,,"OVER $1,500","2026-03-16T16:30:00.000","IMPROPER OVERTAKING/PASSING","PHYSICAL CONDITION OF DRIVER","1738","W","105TH ST","2212",,,,,,,"2","NO INDICATION OF INJURY","0","0","0","0","0","2","0","16","7","3","41.7029926935","-87.6661933439","POINT (-87.666193343878 41.70299269353)"
"8a0094bca857d639515b9cfe922b081c1cf4e9078ea4ad5fdec5d0a34eb6ede2ed5823ece7d48ab8b04a2daf319c4b810a57df9dd680d9495465ff07d161fa25",,"2026-03-14T16:10:00.000","30","TRAFFIC SIGNAL","FUNCTIONING PROPERLY","SNOW","DAYLIGHT","TURNING","NOT DIVIDED",,"STRAIGHT AND LEVEL","DRY","UNKNOWN","NOT ON SCENE (DESK REPORT)","NO INJURY / DRIVE AWAY","Y",,,"$501 - $1,500","2026-03-14T16:54:00.000","FAILING TO YIELD RIGHT-OF-WAY","NOT APPLICABLE","4621","W","BELMONT AVE","2521",,,,,,,"2","NO INDICATION OF INJURY","0","0","0","0","0","2","0","16","7","3","41.9387679851","-87.7431867625","POINT (-87.743186762461 41.93876798505)"
"94169c99a3de9e82a2f8f957a8b05f345237abe1a993d18816d7e8e401e8a6051a2ecd52c167ae9f1fb56ba803c0aefb42ec9ba11308b4f79dc0e3020c1963d2",,"2026-03-14T16:07:00.000","35","STOP SIGN/FLASHER","NO CONTROLS","CLEAR","DAYLIGHT","TURNING","NOT DIVIDED",,"STRAIGHT AND LEVEL","DRY","NO DEFECTS",,"NO INJURY / DRIVE AWAY",,,,"OVER $1,500","2026-03-14T16:39:00.000","FAILING TO YIELD RIGHT-OF-WAY","DRIVING SKILLS/KNOWLEDGE/EXPERIENCE","4600","W","BELMONT AVE","1731",,,,,,,"2","NO INDICATION OF INJURY","0","0","0","0","0","2","0","16","7","3","41.9389974458","-87.7424173672","POINT (-87.742417367226 41.938997445795)"
"4e013ee9aacefcfdebb6b2fefdf5fab1f6c50b7654eb76443abd043d970c441e13a373dc44b75c2e846035113632eca84722ad12479e311a14ba3196d5a1dc4e",,"2026-03-14T16:06:00.000","30","NO CONTROLS","NO CONTROLS","CLEAR","DAYLIGHT","ANGLE","ALLEY",,"STRAIGHT AND LEVEL","WET","NO DEFECTS","NOT ON SCENE (DESK REPORT)","NO INJURY / DRIVE AWAY",,,"Y","OVER $1,500","2026-03-14T16:20:00.000","FAILING TO YIELD RIGHT-OF-WAY","FAILING TO YIELD RIGHT-OF-WAY","1610","N","MAYFIELD AVE","2531",,,,,,,"2","NO INDICATION OF INJURY","0","0","0","0","0","2","0","16","7","3","41.9096611092","-87.7728734871","POINT (-87.772873487112 41.909661109225)"
"73ab183b09ba6375309c81a4a481196940bbb7fcab8359b0b2b476e3b7c2f4030916a693cb8feed26dc8bfb3f065cd554524fed6054756597e418838fe76c689",,"2026-03-14T16:05:00.000","20","TRAFFIC SIGNAL","FUNCTIONING PROPERLY","SNOW","DAYLIGHT","ANGLE","NOT DIVIDED",,"STRAIGHT AND LEVEL","WET","NO DEFECTS","ON SCENE","INJURY AND / OR TOW DUE TO CRASH","Y",,,"OVER $1,500","2026-03-14T16:11:00.000","WEATHER","WEATHER","3600","W","ROOSEVELT RD","1133",,,,,,,"3","NONINCAPACITATING INJURY","1","0","0","1","0","4","0","16","7","3","41.8663988918","-87.7154836783","POINT (-87.715483678285 41.866398891809)"
"b6dca7a833ef49d9c5d7bb213a6eba87afec3421ab7022e9733dccba7f752758a1b0c9722eb5f691601f86c171b67a0f4aaa95e34289df17670dfaec7e57050c",,"2026-03-14T16:01:00.000","30","NO CONTROLS","NO CONTROLS","CLOUDY/OVERCAST","DAYLIGHT","PARKED MOTOR VEHICLE","NOT DIVIDED",,"STRAIGHT AND LEVEL","WET","WORN SURFACE","ON SCENE","NO INJURY / DRIVE AWAY",,,"Y","OVER $1,500","2026-03-14T16:16:00.000","UNABLE TO DETERMINE","UNABLE TO DETERMINE","5108","S","CALIFORNIA AVE","923",,,,,,,"3","NO INDICATION OF INJURY","0","0","0","0","0","1","0","16","7","3","41.8006692968","-87.6941379572","POINT (-87.69413795718 41.800669296794)"
"2b4e721d042778ae866d61248acd883f8985fbf475882acd51341d76b348e94a1e81b495d1c4978b3379a6de3972ccf81ecfc5e244309f3521476e9595ff873c",,"2026-03-14T16:00:00.000","30","STOP SIGN/FLASHER","FUNCTIONING PROPERLY","SNOW","DAYLIGHT","SIDESWIPE SAME DIRECTION","ONE-WAY",,"STRAIGHT AND LEVEL","SNOW OR SLUSH","UNKNOWN","NOT ON SCENE (DESK REPORT)","NO INJURY / DRIVE AWAY",,,,"OVER $1,500","2026-03-14T16:30:00.000","IMPROPER OVERTAKING/PASSING","NOT APPLICABLE","1055","N","HONORE ST","1212",,,,,,,"2","NO INDICATION OF INJURY","0","0","0","0","0","4","0","16","7","3","41.9012312629","-87.6733912493","POINT (-87.673391249269 41.901231262912)"
"46937326bbd08d581396e4e07fffe8a2328b9ec5e060fb83d960c499f145078fa9837993b88ca75fd478607a809f7211bc0bd3a6a593afda25248fe3c79eed20",,"2026-03-14T16:00:00.000","30","STOP SIGN/FLASHER","FUNCTIONING PROPERLY","SNOW","DAYLIGHT","REAR END","NOT DIVIDED",,"STRAIGHT AND LEVEL","WET","NO DEFECTS","NOT ON SCENE (DESK REPORT)","NO INJURY / DRIVE AWAY","Y",,,"$501 - $1,500","2026-03-14T16:10:00.000","UNABLE TO DETERMINE","FAILING TO REDUCE SPEED TO AVOID CRASH","10100","S","BEVERLY AVE","2213",,,,,,,"2","NO INDICATION OF INJURY","0","0","0","0","0","3","0","16","7","3","41.7102672466","-87.6578886299","POINT (-87.657888629891 41.710267246613)"
"6e5deb5950101423f16756514d848272ce44f78379f93a81545eb550ec3efc82abcaf22826ba3a9318398ae4113081bc61d321e80409c11043f4b81d49ecd253",,"2026-03-14T16:00:00.000","35","NO CONTROLS","NO CONTROLS","SNOW","DAYLIGHT","PEDESTRIAN","NOT DIVIDED",,"STRAIGHT AND LEVEL","WET","NO DEFECTS","ON SCENE","NO INJURY / DRIVE AWAY",,,,"$500 OR LESS","2026-03-14T16:04:00.000","FAILING TO YIELD RIGHT-OF-WAY","HAD BEEN DRINKING (USE WHEN ARREST IS NOT MADE)","11100","S","HALE AVE","2212",,,,,,,"2","NO INDICATION OF INJURY","0","0","0","0","0","2","0","16","7","3","41.6918492426","-87.6710996215","POINT (-87.671099621537 41.691849242632)"
"7c6dc3f87838ecc816283131eae0eaef665c0b1b9be1bb109192e32c892c4622e8a1ea15f1d50c1b9b483cff1d95128d3744c48ba5cf0c47dd115aa21a1ab189",,"2026-03-14T16:00:00.000","30","NO CONTROLS","NO CONTROLS","SNOW","DAYLIGHT","REAR END","DIVIDED - W/MEDIAN BARRIER",,"STRAIGHT AND LEVEL","WET","NO DEFECTS","NOT ON SCENE (DESK REPORT)","NO INJURY / DRIVE AWAY",,,,"$501 - $1,500","2026-03-14T20:40:00.000","WEATHER","UNABLE TO DETERMINE","1911","W","IRVING PARK RD","1922",,,,,,,"2","NO INDICATION OF INJURY","0","0","0","0","0","2","0","16","7","3","41.9540720487","-87.6768236931","POINT (-87.676823693083 41.95407204874)"
"a0df693b2f11e7750f854c204414546f176a87cde3d8f550dce859b373428eac571ba11fba23c35b89a9236e35428edaf7d31c417514c17b94ce77bf216c0271",,"2026-03-14T16:00:00.000","30","NO CONTROLS","NO CONTROLS","CLEAR","DAYLIGHT","TURNING","NOT DIVIDED",,"STRAIGHT AND LEVEL","DRY","NO DEFECTS","NOT ON SCENE (DESK REPORT)","NO INJURY / DRIVE AWAY","Y",,,"OVER $1,500","2026-03-16T07:00:00.000","FAILING TO YIELD RIGHT-OF-WAY","FAILING TO YIELD RIGHT-OF-WAY","732","W","76TH ST","621",,,,,,,"2","NO INDICATION OF INJURY","0","0","0","0","0","2","0","16","7","3","41.7562052837","-87.6429966024","POINT (-87.642996602404 41.756205283693)"
"d19aeabc03a186139d6c145fd48ab2c58fe4843efc30804e224eceb7d78dfa8a292e6107e58c2adca654ac75c888d7f8e93607de3dc0a10cedb673fe626c81f6",,"2026-03-14T16:00:00.000","30","UNKNOWN","UNKNOWN","UNKNOWN","UNKNOWN","PARKED MOTOR VEHICLE","UNKNOWN",,"STRAIGHT AND LEVEL","UNKNOWN","UNKNOWN","NOT ON SCENE (DESK REPORT)","NO INJURY / DRIVE AWAY",,,,"OVER $1,500","2026-03-14T16:00:00.000","UNABLE TO DETERMINE","NOT APPLICABLE","5352","W","NEWPORT AVE","1634",,,,,,,"2","NO INDICATION OF INJURY","0","0","0","0","0","1","0","16","7","3","41.9433149283","-87.7613957498","POINT (-87.761395749754 41.943314928317)"
"ee12b90c76b06f522c061c75ea9ab30ada0106ba9f88f3d33a50382078dc3d0f1ceefeda67adf5eb377d05015fcbdc2af26fe092db25f25d9c6bea3da51a9a76",,"2026-03-14T16:00:00.000","30","NO CONTROLS","NO CONTROLS","SNOW","DAYLIGHT","TURNING","NOT DIVIDED",,"STRAIGHT AND LEVEL","DRY","NO DEFECTS","ON SCENE","INJURY AND / OR TOW DUE TO CRASH","Y",,,"OVER $1,500","2026-03-14T16:05:00.000","FAILING TO YIELD RIGHT-OF-WAY","NOT APPLICABLE","5931","W","GRAND AVE","2515",,,,,,,"2","REPORTED, NOT EVIDENT","1","0","0","0","1","2","0","16","7","3","41.9202167801","-87.7743521082","POINT (-87.774352108226 41.92021678011)"
"34af43b8126c393a6d8937d595deb215cf51bab15f97f77e7334900809b84236e80d29477f166a77dbabd3b07cf0c52589adb0a01200bc31c029b58cdb33b567",,"2026-03-14T15:52:00.000","25","NO CONTROLS","NO CONTROLS","SNOW","DAYLIGHT","TURNING","NOT DIVIDED",,"STRAIGHT AND LEVEL","SNOW OR SLUSH","NO DEFECTS","ON SCENE","NO INJURY / DRIVE AWAY",,,,"OVER $1,500","2026-03-14T15:53:00.000","UNABLE TO DETERMINE","UNABLE TO DETERMINE","708","W","MADISON ST","1224",,,,,,,"2","NO INDICATION OF INJURY","0","0","0","0","0","2","0","15","7","3","41.8819035978","-87.6460119531","POINT (-87.646011953132 41.881903597752)"
"05658ca22e729b7937dc95283b5b8fd7f5fe819fccbc2ebf6a86cf030b6106d6ae32d414d8813ea24a6b6f6e2643ba6dc73428ab21c4b0ff363108e7f3f6baee",,"2026-03-14T15:50:00.000","25","NO CONTROLS","NO CONTROLS","CLOUDY/OVERCAST","UNKNOWN","PARKED MOTOR VEHICLE","NOT DIVIDED",,"STRAIGHT AND LEVEL","UNKNOWN","UNKNOWN","NOT ON SCENE (DESK REPORT)","NO INJURY / DRIVE AWAY",,,,"OVER $1,500","2026-03-14T17:55:00.000","IMPROPER BACKING","NOT APPLICABLE","848","W","SUPERIOR ST","1214","N",,,,,,"2","NO INDICATION OF INJURY","0","0","0","0","0","2","0","15","7","3","41.8956336224","-87.6496973523","POINT (-87.649697352267 41.895633622402)"
"0a8f1fc5366a79b365a207347a31c9eb42da298b21d56a054acbeb45c2fa5e75e4ba4a8e35706334dce2e5178bfe1d8ee00b38df5a7d7344bcfcc66ec2e8aeb3",,"2026-03-14T15:47:00.000","30","STOP SIGN/FLASHER","FUNCTIONING PROPERLY","SNOW","DAYLIGHT","ANGLE","T-INTERSECTION",,"STRAIGHT AND LEVEL","SNOW OR SLUSH","NO DEFECTS","ON SCENE","INJURY AND / OR TOW DUE TO CRASH",,,,"$501 - $1,500","2026-03-14T15:47:00.000","UNABLE TO DETERMINE","UNABLE TO DETERMINE","1930","W","87TH ST","614",,,,,,,"2","NO INDICATION OF INJURY","0","0","0","0","0","2","0","15","7","3","41.7357876136","-87.6715524778","POINT (-87.67155247781 41.735787613589)"
"d4bfeecdeb31d2b315a60387ff1cca45dda61a1d6361441a70c9ca5be7760f94bcac7058495a33df1b7b217032c446c72ae74f3982e7e8c0b74208541d104f02",,"2026-03-14T15:47:00.000","30","NO CONTROLS","NO CONTROLS","SNOW","DAYLIGHT","ANGLE","FOUR WAY",,"STRAIGHT AND LEVEL","WET","NO DEFECTS","ON SCENE","INJURY AND / OR TOW DUE TO CRASH",,,,"OVER $1,500","2026-03-14T15:47:00.000","UNABLE TO DETERMINE","NOT APPLICABLE","5300","S","WESTERN AVE","923",,,,,,,"2","NO INDICATION OF INJURY","0","0","0","0","0","3","0","15","7","3","41.7973947475","-87.6842729635","POINT (-87.684272963451 41.797394747543)"
"f98d1e57bae44c3ac9c6eddb04a13cb278212a7f26863d521ee6cde79e9c051e7449327188ea6d3193d7477a74d4bcaccfb6d94a6ac16c0da332585bb11d34f3",,"2026-03-14T15:45:00.000","30","STOP SIGN/FLASHER","FUNCTIONING PROPERLY","SNOW","DAYLIGHT","ANGLE","FOUR WAY",,"STRAIGHT AND LEVEL","WET","NO DEFECTS","NOT ON SCENE (DESK REPORT)","NO INJURY / DRIVE AWAY","Y",,,"OVER $1,500","2026-03-14T16:25:00.000","FAILING TO YIELD RIGHT-OF-WAY","NOT APPLICABLE","6228","W","55TH ST","811",,,,,,,"2","NO INDICATION OF INJURY","0","0","0","0","0","3","0","15","7","3","41.7925305312","-87.7780976441","POINT (-87.778097644081 41.792530531164)"
"489d85f9b11117b2a0b84d84f8061e89e9abdc815958ecc1d1971eccdddb36bcf9f5b7c16e6f35aa68dc876424b093d248d214da374deb638597c29ee49eeaba",,"2026-03-14T15:40:00.000","30","TRAFFIC SIGNAL","FUNCTIONING PROPERLY","CLEAR","DUSK","SIDESWIPE SAME DIRECTION","NOT DIVIDED",,"STRAIGHT AND LEVEL","DRY","NO DEFECTS","NOT ON SCENE (DESK REPORT)","NO INJURY / DRIVE AWAY","Y",,,"$501 - $1,500","2026-03-15T00:50:00.000","IMPROPER LANE USAGE","UNABLE TO DETERMINE","1600","E","71ST ST","332",,,,,,,"2","NO INDICATION OF INJURY","0","0","0","0","0","2","0","15","7","3","41.7662605821","-87.5858669776","POINT (-87.585866977572 41.766260582149)"
"c81101e192be3971af0b0bde6465d18eaf31421b638904a2bb678937078e0b8bcc1fbdadef7a2b49c5bd0a1fd8563f015f14ae2b5306e1af2e095d802088e44d",,"2026-03-14T15:40:00.000","35","NO CONTROLS","NO CONTROLS","CLEAR","DAYLIGHT","PARKED MOTOR VEHICLE","PARKING LOT",,"STRAIGHT AND LEVEL","DRY","NO DEFECTS","NOT ON SCENE (DESK REPORT)","NO INJURY / DRIVE AWAY",,,,"OVER $1,500","2026-03-15T12:23:00.000","UNABLE TO DETERMINE","UNABLE TO DETERMINE","323","N","ADA ST","1215",,,,,,,"2","NO INDICATION OF INJURY","0","0","0","0","0","1","0","15","7","3","41.8873686274","-87.6606663197","POINT (-87.660666319669 41.887368627414)"
"36ea3bdbd5fc6b0894b005f3e0293b6066cc6d3f99d8511ba37d5d97c748439ea8e8ac97e42643c4d2efa2711751de7c082f0028d03f7ca5e70fdaf5afdda372","Y","2026-03-14T15:30:00.000","30","NO CONTROLS","NO CONTROLS","CLEAR","DAYLIGHT","SIDESWIPE SAME DIRECTION","NOT DIVIDED",,"STRAIGHT AND LEVEL","DRY","UNKNOWN","NOT ON SCENE (DESK REPORT)","NO INJURY / DRIVE AWAY",,,"Y","OVER $1,500","2026-03-14T15:50:00.000","IMPROPER OVERTAKING/PASSING","NOT APPLICABLE","4000","W","IRVING PARK RD","1722",,,,,,,"2","NO INDICATION OF INJURY","0","0","0","0","0","2","0","15","7","3","41.9537568745","-87.7276985131","POINT (-87.727698513129 41.953756874475)"
"45414b4e528b59d9214f69a972d1f2b507e341ce85f58e9f4e5046b260a71eeb52ff730a3b73430a8c9189d010aaf7be4af35f9d75b912bc1c44fc056614d7e0",,"2026-03-14T15:30:00.000","30","NO CONTROLS","NO CONTROLS","SNOW","DAYLIGHT","REAR END","NOT DIVIDED",,"STRAIGHT AND LEVEL","WET","NO DEFECTS","ON SCENE","NO INJURY / DRIVE AWAY",,,,"OVER $1,500","2026-03-14T15:36:00.000","UNABLE TO DETERMINE","NOT APPLICABLE","211","W","47TH ST","935",,,,,,,"2","NO INDICATION OF INJURY","0","0","0","0","0","2","0","15","7","3","41.8090311217","-87.6314761893","POINT (-87.631476189262 41.809031121702)"
"6f7dea5fdaf81a7eb454c8e00db0f7a708963addd270e97f6dd89f3d0b0d5a85a64d605cfffc32f664d981e4441dc7fb3c8a23b8a6082ff987f5ba5f8dfe1e40",,"2026-03-14T15:30:00.000","30","NO CONTROLS","NO CONTROLS","UNKNOWN","DAYLIGHT","PARKED MOTOR VEHICLE","ONE-WAY",,"STRAIGHT AND LEVEL","UNKNOWN","NO DEFECTS","NOT ON SCENE (DESK REPORT)","INJURY AND / OR TOW DUE TO CRASH",,,"Y","OVER $1,500","2026-03-14T16:19:00.000","IMPROPER BACKING","NOT APPLICABLE","6700","S","CRANDON AVE","331",,,,,,,"2","NONINCAPACITATING INJURY","2","0","0","2","0","1","0","15","7","3","41.7734276547","-87.5701267099","POINT (-87.570126709941 41.773427654738)"
"8cacfbe6735c521cdd95625e3f93b7a77fbd2959f5fb0d7fd2c0d05cce833fde584feb96e1e371a6fdbefa2abcd68791cb230a0396073391c4a38601c56843b9",,"2026-03-14T15:30:00.000","30","STOP SIGN/FLASHER","FUNCTIONING PROPERLY","CLEAR","DAYLIGHT","ANGLE","NOT DIVIDED",,"STRAIGHT AND LEVEL","DRY","NO DEFECTS","NOT ON SCENE (DESK REPORT)","NO INJURY / DRIVE AWAY",,,,"$501 - $1,500","2026-03-14T18:46:00.000","NOT APPLICABLE","NOT APPLICABLE","7200","S","WESTERN AVE","832",,,,,,,"2","NO INDICATION OF INJURY","0","0","0","0","0","5","0","15","7","3","41.7627838419","-87.6833369061","POINT (-87.683336906075 41.762783841947)"
"d0d538282176995b303e622d1f1fef51d2988a1929266ab71666105d6105a00983931f4e6f91593d328d004c7e9db04bd1cc980230cfd5ba0132c8769338b7f9",,"2026-03-14T15:30:00.000","30","TRAFFIC SIGNAL","FUNCTIONING PROPERLY","UNKNOWN","DAYLIGHT","REAR TO FRONT","DIVIDED - W/MEDIAN (NOT RAISED)",,"STRAIGHT ON GRADE","UNKNOWN","UNKNOWN","NOT ON SCENE (DESK REPORT)","NO INJURY / DRIVE AWAY",,,,"$500 OR LESS","2026-03-15T10:44:00.000","FOLLOWING TOO CLOSELY","NOT APPLICABLE","4021","W","IRVING PARK RD","1732",,,,,,,"2","NO INDICATION OF INJURY","0","0","0","0","0","2","0","15","7","3","41.9535331822","-87.7281897989","POINT (-87.728189798885 41.953533182183)"
"694f27233d126b4918a44e3b62d5b3e5ba8c3f690c0ec011b72807e8478f9e2d3ac661bdf9bc90cd519070f8f82fcc0f9d3ef056db0b9a73ec2a75da96bb28b4",,"2026-03-14T15:27:00.000","30","TRAFFIC SIGNAL","FUNCTIONING PROPERLY","CLEAR","DAYLIGHT","TURNING","ONE-WAY",,"STRAIGHT AND LEVEL","DRY","NO DEFECTS","ON SCENE","INJURY AND / OR TOW DUE TO CRASH","Y",,,"OVER $1,500","2026-03-14T15:35:00.000","IMPROPER TURNING/NO SIGNAL","IMPROPER LANE USAGE","500","W","WASHINGTON BLVD","121",,,,,,,"2","NO INDICATION OF INJURY","0","0","0","0","0","3","0","15","7","3","41.8832909204","-87.6397847589","POINT (-87.639784758898 41.883290920413)"
"f408716482a1e2b9417870b3a6e9da403019cbaa7673b8562265b4b72267c70f96e6ea3b3c31c64ff25aaf88b2883daca86f7f2e0f1fb67b8ba373602956fae6",,"2026-03-14T15:27:00.000","30","TRAFFIC SIGNAL","FUNCTIONING PROPERLY","SNOW","DAYLIGHT","REAR END","DIVIDED - W/MEDIAN (NOT RAISED)",,"STRAIGHT AND LEVEL","WET","NO DEFECTS","NOT ON SCENE (DESK REPORT)","NO INJURY / DRIVE AWAY",,,,"$501 - $1,500","2026-03-15T18:55:00.000","UNABLE TO DETERMINE","UNABLE TO DETERMINE","7864","S","WESTERN AVE","835",,,,,,,"2","NO INDICATION OF INJURY","0","0","0","0","0","2","0","15","7","3","41.7501917279","-87.6829967216","POINT (-87.682996721559 41.750191727925)"
"c83eead2ebbdf51f19688c1e2d4beac1f06c2e7bc84e563894f231a3bea4a3423f924ca9aa31ef7c8ebf3c898d34b9c9469468c666f550551b391778b3626944",,"2026-03-14T15:26:00.000","30","NO CONTROLS","NO CONTROLS","SNOW","DAYLIGHT","TURNING","T-INTERSECTION",,"STRAIGHT AND LEVEL","UNKNOWN","NO DEFECTS","ON SCENE","NO INJURY / DRIVE AWAY",,,,"OVER $1,500","2026-03-14T16:26:00.000","IMPROPER OVERTAKING/PASSING","IMPROPER TURNING/NO SIGNAL","8300","S","RHODES AVE","632",,,,,,,"2","NO INDICATION OF INJURY","0","0","0","0","0","2","0","15","7","3","41.743770251","-87.6116394133","POINT (-87.611639413263 41.743770251042)"
"044f0ee214e1865de9d639ecbfc7708b8fd5292cfad50a6b6896fbfc5cb65c0fcb0541cd1ec2104c46e9a8c3ec7347987d621b17502d427ee60d361b9ac21110",,"2026-03-14T15:20:00.000","30","STOP SIGN/FLASHER","FUNCTIONING PROPERLY","RAIN","DAYLIGHT","ANGLE","FOUR WAY",,"STRAIGHT AND LEVEL","WET","NO DEFECTS","ON SCENE","NO INJURY / DRIVE AWAY","Y",,,"OVER $1,500","2026-03-14T15:30:00.000","FAILING TO YIELD RIGHT-OF-WAY","UNABLE TO DETERMINE","101","S","LARAMIE AVE","1533",,"N",,,,,"2","NO INDICATION OF INJURY","0","0","0","0","0","2","0","15","7","3","41.8793339235","-87.7548808821","POINT (-87.754880882051 41.87933392353)"
"a8ed124aea4f3780e2663a42c4813bd47eb83bf83fff01ce3d603cf812ce9cd72169b3898bb0d9dd249044fcbd53b76a4f757459c7748dd8e9b289f189cb5c00",,"2026-03-14T15:20:00.000","15","NO CONTROLS","NO CONTROLS","SNOW","DAYLIGHT","PARKED MOTOR VEHICLE","PARKING LOT",,"STRAIGHT AND LEVEL","WET","UNKNOWN","NOT ON SCENE (DESK REPORT)","NO INJURY / DRIVE AWAY",,"Y",,"OVER $1,500","2026-03-14T16:05:00.000","DRIVING SKILLS/KNOWLEDGE/EXPERIENCE","UNABLE TO DETERMINE","205","W","87TH ST","634",,,,,,,"2","NO INDICATION OF INJURY","0","0","0","0","0","2","0","15","7","3","41.7360301752","-87.6290945086","POINT (-87.629094508576 41.736030175198)"
"b8c500fff28f586321fafb9ad44161286dbd9a7ba5a88bdb2c72dfc86fdeec7d7730e58fab9770b439db8b4e91fa423593c8d83444cd55f16cdf6c1e3a6a34e6",,"2026-03-14T15:20:00.000","30","NO CONTROLS","NO CONTROLS","SNOW","DAYLIGHT","REAR END","DIVIDED - W/MEDIAN BARRIER",,"STRAIGHT AND LEVEL","WET","NO DEFECTS","ON SCENE","NO INJURY / DRIVE AWAY",,,,"OVER $1,500","2026-03-14T15:45:00.000","FOLLOWING TOO CLOSELY","NOT APPLICABLE","2320","W","PETERSON AVE","2413",,,,,,,"2","NO INDICATION OF INJURY","0","0","0","0","0","4","0","15","7","3","41.9906333188","-87.6881220944","POINT (-87.688122094401 41.99063331884)"
"db6ed782d6a71325354e6d6867a6803e523f75536f74f7f084607c6e24e9b28aa2922b192c589004b42f942cb09c5df435ce5c3147439b561567258c9177f777",,"2026-03-14T15:12:00.000","30","OTHER","OTHER","CLEAR","DAYLIGHT","PEDESTRIAN","ONE-WAY",,"STRAIGHT AND LEVEL","DRY","NO DEFECTS","ON SCENE","INJURY AND / OR TOW DUE TO CRASH",,,,"OVER $1,500","2026-03-14T15:14:00.000","UNABLE TO DETERMINE","UNABLE TO DETERMINE","528","W","BRIAR PL","1934",,,,,,,"2","INCAPACITATING INJURY","1","0","1","0","0","1","0","15","7","3","41.9388170437","-87.6430916677","POINT (-87.643091667716 41.938817043659)"
"4ba123792e58abd390529c60654bd9c54a7398f873d2573122eb4814150366171bde4224a44931580a1a92f20d29b40067b4ef5a22f14bf769f10539c811d514",,"2026-03-14T15:10:00.000","25","NO CONTROLS","NO CONTROLS","SNOW","DAYLIGHT","TURNING","NOT DIVIDED",,"STRAIGHT AND LEVEL","SNOW OR SLUSH","NO DEFECTS","ON SCENE","NO INJURY / DRIVE AWAY",,,,"OVER $1,500","2026-03-14T15:17:00.000","FAILING TO YIELD RIGHT-OF-WAY","NOT APPLICABLE","1939","W","MARQUETTE RD","726",,"Y",,,,,"2","NO INDICATION OF INJURY","0","0","0","0","0","2","0","15","7","3","41.7719765459","-87.6728145871","POINT (-87.672814587084 41.771976545932)"
"4a7ac9d0836effe3edf83af6d90d5f3a81939cbd839f46a9f701e7a9f0ad3e6338e6a2b1a40f9aac42651690ec5533da64b27e2b8081fccacca7a0f23318a8d1",,"2026-03-14T15:07:00.000","30","TRAFFIC SIGNAL","FUNCTIONING PROPERLY","UNKNOWN","UNKNOWN","REAR END","DIVIDED - W/MEDIAN (NOT RAISED)",,"STRAIGHT AND LEVEL","UNKNOWN","OTHER","NOT ON SCENE (DESK REPORT)","NO INJURY / DRIVE AWAY","Y",,,"$501 - $1,500","2026-03-14T15:30:00.000","FOLLOWING TOO CLOSELY","FOLLOWING TOO CLOSELY","1261","N","KEDZIE AVE","1423",,,,,,,"2","NO INDICATION OF INJURY","0","0","0","0","0","2","0","15","7","3","41.9046228132","-87.7067000051","POINT (-87.706700005148 41.904622813197)"