"crash_record_id","crash_date_est_i","crash_date","posted_speed_limit","traffic_control_device","device_condition","weather_condition","lighting_condition","first_crash_type","trafficway_type","lane_cnt","alignment","roadway_surface_cond","road_defect","report_type","crash_type","intersection_related_i","private_property_i","hit_and_run_i","damage","date_police_notified","prim_contributory_cause","sec_contributory_cause","street_no","street_direction","street_name","beat_of_occurrence","photos_taken_i","statements_taken_i","dooring_i","work_zone_i","work_zone_type","workers_present_i","num_units","most_severe_injury","injuries_total","injuries_fatal","injuries_incapacitating","injuries_non_incapacitating","injuries_reported_not_evident","injuries_no_indication","injuries_unknown","crash_hour","crash_day_of_week","crash_month","latitude","longitude","location"
"25ac347ea428db81662dfa1bb101af99ce1d16649803c0503aa3b9a1f81a66d6051f4ced63f2517ec4b0181ba81e3e3a1ab2e922f0b0840a61a0f30bf45efecc",,"2026-03-14T15:03:00.000","30","NO CONTROLS","NO CONTROLS","SNOW","DAYLIGHT","PARKED MOTOR VEHICLE","NOT DIVIDED",,"STRAIGHT AND LEVEL","SNOW OR SLUSH","NO DEFECTS","ON SCENE","INJURY AND / OR TOW DUE TO CRASH",,,,"OVER $1,500","2026-03-14T15:08:00.000","UNABLE TO DETERMINE","UNABLE TO DETERMINE","6900","S","WESTERN AVE","832",,,,,,,"2","NO INDICATION OF INJURY","0","0","0","0","0","1","0","15","7","3","41.7682384769","-87.6834869571","POINT (-87.68348695709 41.76823847692)"
"43c367e4a5f391a0dfa83923fc82fae97c6cbedf95ebded17e4f1cff655e2f9ad110787ec3e2b5626abb02cd37eeee2649ef8a0f0bffd0815dcdec0622c50b35","Y","2026-03-14T15:00:00.000","30","NO CONTROLS","NO CONTROLS","SNOW","DAYLIGHT","REAR END","NOT DIVIDED",,"STRAIGHT AND LEVEL","WET","UNKNOWN","NOT ON SCENE (DESK REPORT)","NO INJURY / DRIVE AWAY",,,"Y","$501 - $1,500","2026-03-14T15:50:00.000","UNABLE TO DETERMINE","UNABLE TO DETERMINE","2130","S","ARCHER AVE","914",,,,,,,"2","NO INDICATION OF INJURY","0","0","0","0","0","2","0","15","7","3","41.8538189718","-87.6331120892","POINT (-87.633112089207 41.853818971823)"
"bf9b36a7cfbae6af8b59fa3c1088bd51a2369e74d671b15ad9b0507855e1343b3b20335c71855ecfe37e3afd515fdd17aa82382dbcaf0e60b5e74da2a614f2ce",,"2026-03-14T15:00:00.000","30","NO CONTROLS","FUNCTIONING PROPERLY","FREEZING RAIN/DRIZZLE","DARKNESS, LIGHTED ROAD","ANGLE","DIVIDED - W/MEDIAN BARRIER",,"STRAIGHT AND LEVEL","WET","UNKNOWN","NOT ON SCENE (DESK REPORT)","NO INJURY / DRIVE AWAY",,,,"OVER $1,500","2026-03-15T16:26:00.000","NOT APPLICABLE","IMPROPER LANE USAGE","4201","W","LAKE ST","1114",,,,,,,"2","NO INDICATION OF INJURY","0","0","0","0","0","2","0","15","7","3","41.8856395609","-87.7308603642","POINT (-87.730860364249 41.885639560928)"
"bf9defe59d4454888afe8013faab99a70f9c0e5c48dd1e24f1d9d7e86b67c061dab59b3a9278c87b610fc1bd332750e0c2370e4b15977566e9d42ee716fbd716",,"2026-03-14T15:00:00.000","30","TRAFFIC SIGNAL","FUNCTIONING PROPERLY","CLEAR","DAYLIGHT","TURNING","DIVIDED - W/MEDIAN (NOT RAISED)",,"STRAIGHT AND LEVEL","DRY","UNKNOWN","NOT ON SCENE (DESK REPORT)","NO INJURY / DRIVE AWAY",,,,"OVER $1,500","2026-03-14T16:35:00.000","IMPROPER TURNING/NO SIGNAL","NOT APPLICABLE","4800","W","GRAND AVE","2533","Y",,,,,,"2","NO INDICATION OF INJURY","0","0","0","0","0","2","0","15","7","3","41.9140601958","-87.7460277339","POINT (-87.746027733918 41.914060195761)"
"e6a4c272b9b52df14e75d4c6e9852523bcc55027aaa56632c0dc6e2dd7a3ea0ef013a023adb104fd24e4d71f8e0d61b519fc979d978356302a9f488246f9312f",,"2026-03-14T15:00:00.000","25","UNKNOWN","UNKNOWN","UNKNOWN","UNKNOWN","SIDESWIPE SAME DIRECTION","NOT DIVIDED",,"STRAIGHT AND LEVEL","UNKNOWN","UNKNOWN","NOT ON SCENE (DESK REPORT)","NO INJURY / DRIVE AWAY",,,,"OVER $1,500","2026-03-14T15:33:00.000","NOT APPLICABLE","NOT APPLICABLE","1251","W","DIVISION ST","1213",,,,,,,"2","NO INDICATION OF INJURY","0","0","0","0","0","2","0","15","7","3","41.9033643771","-87.6595405112","POINT (-87.659540511167 41.903364377104)"
"fa42678b5afc62d649fcb616e5ee362a3550f3090f9b76a71eba5904f772e7e510c6f44be4087656164d54c9b9bb23217c35bb180e50b74d4152c7ca616d8207","Y","2026-03-14T15:00:00.000","30","NO CONTROLS","NO CONTROLS","SNOW","DAYLIGHT","SIDESWIPE SAME DIRECTION","NOT DIVIDED",,"STRAIGHT AND LEVEL","SNOW OR SLUSH","NO DEFECTS","NOT ON SCENE (DESK REPORT)","NO INJURY / DRIVE AWAY",,,"Y","OVER $1,500","2026-03-14T16:20:00.000","FAILING TO REDUCE SPEED TO AVOID CRASH","NOT APPLICABLE","9500","S","GREEN ST","2223",,,,,,,"2","NO INDICATION OF INJURY","0","0","0","0","0","2","0","15","7","3","41.7213360409","-87.644570465","POINT (-87.644570465027 41.721336040877)"
"6bd72f8f5c20b3c29e012b6be51c969289b4c0236338b8879d7bb76b7d39af5e1a181d6ae59f9b58f3055c1bf6339697a33265d3a13b142a112f3fa494415af1",,"2026-03-14T14:51:00.000","30","TRAFFIC SIGNAL","FUNCTIONING PROPERLY","SNOW","DAYLIGHT","REAR END","NOT DIVIDED",,"STRAIGHT AND LEVEL","WET","NO DEFECTS","NOT ON SCENE (DESK REPORT)","NO INJURY / DRIVE AWAY","Y",,,"OVER $1,500","2026-03-14T16:40:00.000","WEATHER","UNABLE TO DETERMINE","4000","W","IRVING PARK RD","1722",,,,,,,"2","NO INDICATION OF INJURY","0","0","0","0","0","2","0","14","7","3","41.9537568745","-87.7276985131","POINT (-87.727698513129 41.953756874475)"
"ac35718f8f28b9b9dcd71fd6630d27e7829b7c702e6ee1da10c8bedd55c0ed59c9bd47e0aed7e424ebb7f5cfd4419b42e171846fccbb116fd9e1d2c25e121068",,"2026-03-14T14:46:00.000","10","NO CONTROLS","NO CONTROLS","CLEAR","DAYLIGHT","REAR END","PARKING LOT",,"STRAIGHT AND LEVEL","DRY","NO DEFECTS","NOT ON SCENE (DESK REPORT)","NO INJURY / DRIVE AWAY",,,,"OVER $1,500","2026-03-14T14:46:00.000","FOLLOWING TOO CLOSELY","DRIVING SKILLS/KNOWLEDGE/EXPERIENCE","4234","N","KEDZIE AVE","1724",,,,,,,"2","NO INDICATION OF INJURY","0","0","0","0","0","2","0","14","7","3","41.9585967247","-87.7083095759","POINT (-87.708309575895 41.958596724683)"
"2d3411ac3f4767feaa42452908f16b9a2c99d1737e3f00b9e0c3df4660fafa88dadf7d5b1ab4a701223c1c0fce30699732524fd04cc50a2c861933e947c83da2",,"2026-03-14T14:45:00.000","30","STOP SIGN/FLASHER","FUNCTIONING PROPERLY","CLEAR","DAYLIGHT","TURNING","T-INTERSECTION",,"STRAIGHT AND LEVEL","DRY","NO DEFECTS","NOT ON SCENE (DESK REPORT)","NO INJURY / DRIVE AWAY","Y",,,"OVER $1,500","2026-03-14T16:17:00.000","FAILING TO YIELD RIGHT-OF-WAY","NOT APPLICABLE","1118","E","HYDE PARK BLVD","222",,,,,,,"2","NO INDICATION OF INJURY","0","0","0","0","0","3","0","14","7","3","41.802457889","-87.5983739516","POINT (-87.59837395156 41.802457888955)"
"835e08e9a74dd3963ee33575bebe2eac43b49f5f643534ad3fef051a1739d72dde8deb02c4c6ea5ef0956e06e10fecf16c3b17d76746398c73d48dfaa77c2308",,"2026-03-14T14:45:00.000","30","NO CONTROLS","NO CONTROLS","CLEAR","DAYLIGHT","SIDESWIPE SAME DIRECTION","NOT DIVIDED",,"STRAIGHT AND LEVEL","DRY","NO DEFECTS","NOT ON SCENE (DESK REPORT)","NO INJURY / DRIVE AWAY",,,,"OVER $1,500","2026-03-14T15:05:00.000","IMPROPER OVERTAKING/PASSING","UNABLE TO DETERMINE","5379","N","MILWAUKEE AVE","1622",,,,,,,"2","NO INDICATION OF INJURY","0","0","0","0","0","2","0","14","7","3","41.9788696622","-87.770483479","POINT (-87.770483478989 41.978869662246)"
"a3cd93cbc1ac9199fa10f204c03d5447571ad0de1f55a983b6229cdf1660ac9a0c6c22f735a9f8ba7074e300f20fd30b0ba3200a3c3e90b543f917dd7c9d23d9",,"2026-03-14T14:45:00.000","30","TRAFFIC SIGNAL","FUNCTIONING PROPERLY","CLEAR","DAYLIGHT","SIDESWIPE SAME DIRECTION","DIVIDED - W/MEDIAN (NOT RAISED)",,"STRAIGHT AND LEVEL","UNKNOWN","NO DEFECTS","NOT ON SCENE (DESK REPORT)","NO INJURY / DRIVE AWAY",,,,"OVER $1,500","2026-03-16T11:15:00.000","FAILING TO YIELD RIGHT-OF-WAY","UNABLE TO DETERMINE","918","W","35TH ST","913",,,,,,,"2","NO INDICATION OF INJURY","0","0","0","0","0","3","0","14","7","3","41.8308165617","-87.6494353393","POINT (-87.649435339254 41.830816561693)"
"366cc1252b5000897b489b8efde2e36918cd91d6fc7729574f279b53311daa0785ee451e25a29d7be495b404d39a86584ab008b277a84db8100d04f20351c96f",,"2026-03-14T14:30:00.000","30","UNKNOWN","UNKNOWN","CLOUDY/OVERCAST","DAYLIGHT","ANGLE","NOT DIVIDED",,"STRAIGHT AND LEVEL","UNKNOWN","UNKNOWN","NOT ON SCENE (DESK REPORT)","NO INJURY / DRIVE AWAY",,,,"OVER $1,500","2026-03-14T15:40:00.000","UNABLE TO DETERMINE","NOT APPLICABLE","1400","W","FULLERTON AVE","1932",,,,,,,"2","NO INDICATION OF INJURY","0","0","0","0","0","2","0","14","7","3","41.9253266383","-87.6633926205","POINT (-87.663392620523 41.925326638341)"
"50798a6f220a6c125d4953ba34d6ff10d18ce9e09c288a65755256edf9f42940c148665a95fd4c3591ba377896cdb06236d5d67c9004ef14ff6f2f6018082f11",,"2026-03-14T14:30:00.000","30","TRAFFIC SIGNAL","FUNCTIONING PROPERLY","SNOW","DAYLIGHT","ANGLE","Y-INTERSECTION",,"STRAIGHT AND LEVEL","SNOW OR SLUSH","NO DEFECTS","ON SCENE","INJURY AND / OR TOW DUE TO CRASH","Y",,,"OVER $1,500","2026-03-14T15:50:00.000","DISREGARDING TRAFFIC SIGNALS","NOT APPLICABLE","798","W","GRAND AVE","1214",,,,,,,"2","NO INDICATION OF INJURY","0","0","0","0","0","5","0","14","7","3","41.8912954209","-87.6475278747","POINT (-87.647527874697 41.891295420894)"
"795b9c56c3b69f8bb774cabbc2871ef48c48dc1e60e5902636216af1246bed1d954fdc01570fad1af4db1c199b0ed6992dc887d040fe200211325bf75c2e51cf",,"2026-03-14T14:30:00.000","30","TRAFFIC SIGNAL","FUNCTIONING PROPERLY","CLEAR","DAYLIGHT","TURNING","NOT DIVIDED",,"STRAIGHT AND LEVEL","DRY","NO DEFECTS","NOT ON SCENE (DESK REPORT)","NO INJURY / DRIVE AWAY","Y",,,"OVER $1,500","2026-03-15T11:35:00.000","FAILING TO YIELD RIGHT-OF-WAY","NOT APPLICABLE","2558","S","CANAL ST","914",,,,,,,"2","NO INDICATION OF INJURY","0","0","0","0","0","2","0","14","7","3","41.8454609061","-87.6384836009","POINT (-87.638483600938 41.845460906149)"
"ce6ce28fdaf92fed4dae16e4399e1428f2cc405804baa8603ddffed2fca307ba236fae481dd0471799371977522970b4e7afbe996968ce0e8f19b4fd7f2386d6",,"2026-03-14T14:30:00.000","30","TRAFFIC SIGNAL","FUNCTIONING PROPERLY","SNOW","DAYLIGHT","TURNING","FOUR WAY",,"STRAIGHT AND LEVEL","WET","NO DEFECTS","ON SCENE","INJURY AND / OR TOW DUE TO CRASH",,,,"OVER $1,500","2026-03-14T14:50:00.000","FAILING TO YIELD RIGHT-OF-WAY","NOT APPLICABLE","100","N","PULASKI RD","1114",,,,,,,"3","NONINCAPACITATING INJURY","3","0","0","3","0","0","0","14","7","3","41.8819855703","-87.725854585","POINT (-87.72585458505 41.88198557029)"
"e249608b4887edb2f76f9bb7e3c56137eeecc03720e0278385655c6d866b023b662df318331c8ee9bb1e0678c59a0590693871763fd2c111a4e68775c39ab84e",,"2026-03-14T14:28:00.000","30","NO CONTROLS","NO CONTROLS","CLEAR","DAYLIGHT","FIXED OBJECT","PARKING LOT",,"STRAIGHT AND LEVEL","DRY","UNKNOWN","ON SCENE","INJURY AND / OR TOW DUE TO CRASH",,"Y",,"OVER $1,500","2026-03-14T14:28:00.000","IMPROPER BACKING","DRIVING SKILLS/KNOWLEDGE/EXPERIENCE","1000","W","NORTH AVE","1811",,,,,,,"2","NONINCAPACITATING INJURY","2","0","0","1","1","0","0","14","7","3","41.9109487626","-87.6531595513","POINT (-87.653159551272 41.910948762561)"
"3a52268bbdf408de1bfd4ecbdf81bf6923f5ce5c51786e3ba0e2be42e34c60041f780398601d46d97d99ad82290eaad5a92b2481a0e6bfbf1d74c1359b893a61",,"2026-03-14T14:23:00.000","30","STOP SIGN/FLASHER","FUNCTIONING PROPERLY","CLEAR","DAYLIGHT","ANGLE","DIVIDED - W/MEDIAN (NOT RAISED)",,"STRAIGHT AND LEVEL","DRY","NO DEFECTS","ON SCENE","INJURY AND / OR TOW DUE TO CRASH",,,,"OVER $1,500","2026-03-14T14:24:00.000","FAILING TO YIELD RIGHT-OF-WAY","NOT APPLICABLE","143","S","WESTERN AVE","1223",,,,,,,"2","NO INDICATION OF INJURY","0","0","0","0","0","2","0","14","7","3","41.8790069081","-87.6862284567","POINT (-87.686228456708 41.879006908096)"
"e619b5a117167adadf40d2df50305bedd867b3dd9f3668b9cd1a14202a3ace47635473814f016debb37c7f90f791dae7ad7d90963174b909a6d860baeb62b5cc",,"2026-03-14T14:15:00.000","30","UNKNOWN","UNKNOWN","UNKNOWN","UNKNOWN","REAR END","DIVIDED - W/MEDIAN (NOT RAISED)",,"STRAIGHT AND LEVEL","UNKNOWN","UNKNOWN","NOT ON SCENE (DESK REPORT)","NO INJURY / DRIVE AWAY",,,,"OVER $1,500","2026-03-14T14:35:00.000","FOLLOWING TOO CLOSELY","UNABLE TO DETERMINE","5211","N","CLARK ST","2013",,,,,,,"2","NO INDICATION OF INJURY","0","0","0","0","0","2","0","14","7","3","41.9765755063","-87.6682636441","POINT (-87.668263644092 41.976575506301)"
"ecc935a683edf671ccfc519a1220217282992d598d9195d8816f7714aa14ade60d422aa09debdd7e9dba8baf539a20dd3d504d634ae2e3958df0463043266100",,"2026-03-14T14:12:00.000","30","TRAFFIC SIGNAL","FUNCTIONING PROPERLY","SNOW","DAYLIGHT","REAR END","DIVIDED - W/MEDIAN (NOT RAISED)",,"STRAIGHT AND LEVEL","WET","NO DEFECTS","NOT ON SCENE (DESK REPORT)","NO INJURY / DRIVE AWAY",,,,"OVER $1,500","2026-03-14T15:45:00.000","NOT APPLICABLE","NOT APPLICABLE","8700","S","ASHLAND AVE","2221",,,,,,,"2","NO INDICATION OF INJURY","0","0","0","0","0","2","0","14","7","3","41.7356969886","-87.6632095445","POINT (-87.663209544457 41.735696988636)"
"492346e900b78a008c1e032be4be88c64f085bd3622497f6ffb47304445d80ae9f9f5dac832c46f5d361a3d8bc521cac41765bac7db2af424827f1aa41eb7733",,"2026-03-14T14:00:00.000","10","NO CONTROLS","NO CONTROLS","CLEAR","DAYLIGHT","PARKED MOTOR VEHICLE","PARKING LOT",,"STRAIGHT AND LEVEL","DRY","NO DEFECTS","NOT ON SCENE (DESK REPORT)","NO INJURY / DRIVE AWAY",,,"Y","OVER $1,500","2026-03-14T16:07:00.000","UNABLE TO DETERMINE","UNABLE TO DETERMINE","3927","N","CICERO AVE","1731",,,,,,,"2","NO INDICATION OF INJURY","0","0","0","0","0","1","0","14","7","3","41.9523729405","-87.7471413547","POINT (-87.747141354727 41.952372940461)"
"d7f87daec98a88cacaa932f22299d68136ed218850fbb82346376ca1990c3c393d3ef359bc79c646757c1845f8202fe2a5f06d3e5431d6f54b3e07194e3b95d9",,"2026-03-14T14:00:00.000","30","TRAFFIC SIGNAL","FUNCTIONING PROPERLY","CLEAR","DAYLIGHT","REAR END","NOT DIVIDED",,"STRAIGHT AND LEVEL","DRY","NO DEFECTS","NOT ON SCENE (DESK REPORT)","NO INJURY / DRIVE AWAY",,,,"OVER $1,500","2026-03-14T14:40:00.000","FOLLOWING TOO CLOSELY","NOT APPLICABLE","801","W","OHIO ST","1214",,,,,,,"2","NO INDICATION OF INJURY","0","0","0","0","0","2","0","14","7","3","41.8921343894","-87.6476804221","POINT (-87.647680422134 41.892134389433)"
"70e706d6e0569d1d302091e5ecbcc34352c8801eaaf01d725de5bf488cd09c17f241d925a9e63237ad7e10daec617eec68832cc524af5ef15d3671c73f90e39d",,"2026-03-14T13:55:00.000","15","NO CONTROLS","NO CONTROLS","CLEAR","DAYLIGHT","REAR END","OTHER",,"STRAIGHT AND LEVEL","DRY","NO DEFECTS","NOT ON SCENE (DESK REPORT)","NO INJURY / DRIVE AWAY",,,,"$501 - $1,500","2026-03-14T14:40:00.000","IMPROPER BACKING","IMPROPER BACKING","6133","N","LINCOLN AVE","1711",,,,,,,"2","NO INDICATION OF INJURY","0","0","0","0","0","2","0","13","7","3","41.9936823987","-87.7124998627","POINT (-87.712499862706 41.993682398709)"
"bc81c6f165324a1be802fc7383264a66a85fbcc29b12ffc380baca7a3ad354b00efa9d6281197a0c2d07ce4b14736d362bbdaf15b1edaf82a94726269c2aa8f9",,"2026-03-14T13:49:00.000","30","NO CONTROLS","NO CONTROLS","SNOW","DAYLIGHT","PARKED MOTOR VEHICLE","NOT DIVIDED",,"STRAIGHT AND LEVEL","WET","NO DEFECTS","ON SCENE","NO INJURY / DRIVE AWAY",,,,"OVER $1,500","2026-03-14T14:52:00.000","IMPROPER BACKING","IMPROPER BACKING","2711","W","GEORGE ST","1411",,,,,,,"2","NO INDICATION OF INJURY","0","0","0","0","0","1","0","13","7","3","41.9337999488","-87.6956841696","POINT (-87.695684169552 41.933799948768)"
"8429960ce783e914533d70b09bee59b8ae15798a7ff1604288c0e8c99e38fdaf09ca12fba210ae1d7ff547acce01459a6c495deded54c9d3d4e9f1446302895a",,"2026-03-14T13:47:00.000","30","NO CONTROLS","NO CONTROLS","SNOW","DAYLIGHT","FIXED OBJECT","NOT DIVIDED",,"STRAIGHT AND LEVEL","WET","NO DEFECTS","ON SCENE","INJURY AND / OR TOW DUE TO CRASH",,"Y",,"OVER $1,500","2026-03-14T13:47:00.000","PHYSICAL CONDITION OF DRIVER","UNABLE TO DETERMINE","11325","S","CENTRAL PARK AVE","2211",,,,,,,"1","NONINCAPACITATING INJURY","1","0","0","1","0","0","0","13","7","3","41.686956776","-87.7102531964","POINT (-87.7102531964 41.686956775986)"
"97b2fc092dc9a542d535da265bdfffe7c02be7e366ef036dc9fb726da772774761dbb9844f773f28697ba9602393b87c404ef810975144a74fa18401e4bfed30",,"2026-03-14T13:44:00.000","15","NO CONTROLS","NO CONTROLS","CLOUDY/OVERCAST","DAYLIGHT","PARKED MOTOR VEHICLE","PARKING LOT",,"STRAIGHT AND LEVEL","DRY","NO DEFECTS","NOT ON SCENE (DESK REPORT)","NO INJURY / DRIVE AWAY",,,"Y","OVER $1,500","2026-03-14T18:33:00.000","NOT APPLICABLE","NOT APPLICABLE","1602","W","CERMAK RD","1234",,,,,,,"2","NO INDICATION OF INJURY","0","0","0","0","0","2","0","13","7","3","41.8524363568","-87.6662289935","POINT (-87.666228993532 41.852436356754)"
"fa65daf24907d266477935048523d71b7b6d728ccbc5e58069cd5093a6821c0f462e7fcea9d9785f490dca060d0ded87e338d51d2028d50e61c4cb16d4526842",,"2026-03-14T13:37:00.000","10","NO CONTROLS","NO CONTROLS","UNKNOWN","UNKNOWN","HEAD ON","PARKING LOT",,"STRAIGHT AND LEVEL","UNKNOWN","UNKNOWN","NOT ON SCENE (DESK REPORT)","NO INJURY / DRIVE AWAY",,"Y",,"OVER $1,500","2026-03-14T14:20:00.000","UNABLE TO DETERMINE","NOT APPLICABLE","1947","N","CICERO AVE","2533",,,,,,,"2","NO INDICATION OF INJURY","0","0","0","0","0","2","0","13","7","3","41.9165061249","-87.7459380838","POINT (-87.745938083827 41.916506124925)"
"7377895d5f21f0f4f722fdbca955a5e5ee6d95eb9ebc105c34569d1b41063a9e1761e671827b33a9199a92da84ddd34db92b51c5827733050b6417a91c29ad41",,"2026-03-14T13:30:00.000","30","TRAFFIC SIGNAL","FUNCTIONING PROPERLY","CLEAR","DAYLIGHT","SIDESWIPE SAME DIRECTION","FOUR WAY",,"STRAIGHT AND LEVEL","UNKNOWN","NO DEFECTS","NOT ON SCENE (DESK REPORT)","NO INJURY / DRIVE AWAY","Y",,,"OVER $1,500","2026-03-14T15:00:00.000","IMPROPER TURNING/NO SIGNAL","FAILING TO YIELD RIGHT-OF-WAY","398","S","DESPLAINES ST","121",,,,,,,"2","NO INDICATION OF INJURY","0","0","0","0","0","2","0","13","7","3","41.8767445323","-87.6441078078","POINT (-87.644107807845 41.87674453227)"
"c53213885d213d2e05b7b243f54083edad66bad4ab13412a04663c31a49a2e6e8958c3993c77aa7791b047003c52533816d19e0b0569ce38dbb9b20f26a32c84","Y","2026-03-14T13:30:00.000","30","NO CONTROLS","NO CONTROLS","UNKNOWN","DAYLIGHT","PARKED MOTOR VEHICLE","NOT DIVIDED",,"STRAIGHT AND LEVEL","DRY","NO DEFECTS","NOT ON SCENE (DESK REPORT)","NO INJURY / DRIVE AWAY",,,"Y","OVER $1,500","2026-03-14T19:20:00.000","UNABLE TO DETERMINE","NOT APPLICABLE","926","W","DIVERSEY PKWY","1933",,,,,,,"2","NO INDICATION OF INJURY","0","0","0","0","0","1","0","13","7","3","41.9327710733","-87.6525056473","POINT (-87.652505647297 41.93277107333)"
"cc4a8e315923840a654adb53493ef0bea1d8a0bffdee92472733adf2f06b0cdb078e633098324877990e9285066639560adb6577dd0edf3f9dd9bdad9945ee60",,"2026-03-14T13:30:00.000","30","NO CONTROLS","NO CONTROLS","SLEET/HAIL","DAYLIGHT","ANGLE","ALLEY",,"STRAIGHT AND LEVEL","SNOW OR SLUSH","NO DEFECTS","ON SCENE","INJURY AND / OR TOW DUE TO CRASH","Y",,,"OVER $1,500","2026-03-14T13:42:00.000","DISTRACTION - FROM OUTSIDE VEHICLE","VISION OBSCURED (SIGNS, TREE LIMBS, BUILDINGS, ETC.)","627","E","38TH ST","212",,,,,,,"2","NO INDICATION OF INJURY","0","0","0","0","0","2","0","13","7","3","41.8256241688","-87.6111422305","POINT (-87.611142230504 41.825624168816)"
"eed8d7ebc6bd76a6d23c2476ef4ea45dde72c5861a3ec20e4cb0b75aaf0ce10470ea54d893295446c41a4ba5dee9f3ec45ecee12cf46ba84efc7c5e92fa4040a",,"2026-03-14T13:30:00.000","30","NO CONTROLS","NO CONTROLS","CLEAR","DAYLIGHT","REAR TO FRONT","PARKING LOT",,"STRAIGHT AND LEVEL","DRY","UNKNOWN","NOT ON SCENE (DESK REPORT)","NO INJURY / DRIVE AWAY",,,,"OVER $1,500","2026-03-14T14:50:00.000","IMPROPER BACKING","NOT APPLICABLE","10750","S","HALSTED ST","2233",,,,,,,"2","NO INDICATION OF INJURY","0","0","0","0","0","2","0","13","7","3","41.6981314701","-87.6427078657","POINT (-87.64270786567 41.698131470126)"
"f91e1a9ecac294660e1e3f4b30b6b8ef180b1582088af8c87de83f25327cd7ddd12def2247bd4f28833d2f3ac31f6913835886f53439b161214a6512bcfc562a",,"2026-03-14T13:30:00.000","25","TRAFFIC SIGNAL","FUNCTIONING PROPERLY","CLOUDY/OVERCAST","DAYLIGHT","TURNING","NOT DIVIDED",,"STRAIGHT AND LEVEL","DRY","NO DEFECTS","ON SCENE","NO INJURY / DRIVE AWAY",,,,"$501 - $1,500","2026-03-14T13:45:00.000","UNABLE TO DETERMINE","UNABLE TO DETERMINE","3454","S","HALSTED ST","913",,,,,,,"2","NO INDICATION OF INJURY","0","0","0","0","0","3","0","13","7","3","41.8311082122","-87.6462652747","POINT (-87.646265274667 41.831108212183)"
"5e6862d4b8c0d49778ad80d0c9b228b3a2c08ee9bda0f73007e3bb55b70d59040b61d065223ef300b077e3067ee57ed7ccde8137c6e6f97f12c81532d0310813",,"2026-03-14T13:28:00.000","30","TRAFFIC SIGNAL","FUNCTIONING PROPERLY","SNOW","DAYLIGHT","REAR END","UNKNOWN",,"STRAIGHT AND LEVEL","DRY","UNKNOWN","ON SCENE","INJURY AND / OR TOW DUE TO CRASH",,,,"OVER $1,500","2026-03-14T13:33:00.000","UNABLE TO DETERMINE","NOT APPLICABLE","130","E","RANDOLPH ST","114",,"Y",,,,,"3","REPORTED, NOT EVIDENT","2","0","0","0","2","4","0","13","7","3","41.884588372","-87.6232725611","POINT (-87.623272561055 41.884588371969)"
"1be0a96646f2d6a588ac57b10d4bef561c4e4c3ac5acb1d18c1d555c9b02a54a24d498788c4a33b61d7d29412d10ff7829abcb5166b9d50e908197eb3d67a0ab",,"2026-03-14T13:27:00.000","30","NO CONTROLS","NO CONTROLS","CLEAR","DAYLIGHT","PARKED MOTOR VEHICLE","ALLEY",,"STRAIGHT AND LEVEL","DRY","NO DEFECTS","NOT ON SCENE (DESK REPORT)","NO INJURY / DRIVE AWAY","Y",,,"OVER $1,500","2026-03-14T16:25:00.000","FOLLOWING TOO CLOSELY","NOT APPLICABLE","2209","W","NORTH AVE","1424",,,,,,,"2","NO INDICATION OF INJURY","0","0","0","0","0","1","0","13","7","3","41.9102784104","-87.6827698497","POINT (-87.682769849739 41.910278410384)"
"2387ec527b06df07e4154e88a31f1bec8dd8f199d533aad34d4136b7064f413ed5a1cf337cdcafc9eebee2e6eb5e458b12faff19836e23e339e6742f218a6cbe",,"2026-03-14T13:20:00.000","30","UNKNOWN","UNKNOWN","CLEAR","DAYLIGHT","ANGLE","UNKNOWN",,"STRAIGHT AND LEVEL","DRY","UNKNOWN","NOT ON SCENE (DESK REPORT)","NO INJURY / DRIVE AWAY",,,,"OVER $1,500","2026-03-14T14:40:00.000","UNABLE TO DETERMINE","UNABLE TO DETERMINE","2600","S","WENTWORTH AVE","914",,,,,,,"2","NO INDICATION OF INJURY","0","0","0","0","0","2","0","13","7","3","41.845494944","-87.6319704313","POINT (-87.631970431289 41.845494943967)"
"64234f30bd44295d15a7bd46fb803dc6b80713e7aeff37e760e47b594ab170250b93ae4f0c425bdf7a4b20246ff7ab159a25fefd85bd183a91343c102a3d05cd",,"2026-03-14T13:15:00.000","10","NO CONTROLS","NO CONTROLS","CLEAR","DAYLIGHT","PARKED MOTOR VEHICLE","PARKING LOT",,"STRAIGHT AND LEVEL","DRY","NO DEFECTS","NOT ON SCENE (DESK REPORT)","NO INJURY / DRIVE AWAY",,,,"$501 - $1,500","2026-03-14T18:47:00.000","UNABLE TO DETERMINE","UNABLE TO DETERMINE","329","N","DEARBORN ST","1831",,,,,,,"2","NO INDICATION OF INJURY","0","0","0","0","0","2","0","13","7","3","41.8883012274","-87.6294066924","POINT (-87.629406692352 41.888301227425)"
"aab966a2f20ddcc61eeb5c6996fa4f2c424cbd872b15468cebbdcb4a60c2314cb020820ba6ec9b2612983876bd6936f007c70c51ff2f8da1d53ed8dc3311693b",,"2026-03-14T13:15:00.000","30","TRAFFIC SIGNAL","FUNCTIONING PROPERLY","CLEAR","DAYLIGHT","TURNING","FOUR WAY",,"STRAIGHT AND LEVEL","DRY","NO DEFECTS","NOT ON SCENE (DESK REPORT)","NO INJURY / DRIVE AWAY","Y",,,"OVER $1,500","2026-03-14T14:26:00.000","UNABLE TO DETERMINE","NOT APPLICABLE","5460","S","WELLS ST","935",,,,,,,"2","NO INDICATION OF INJURY","0","0","0","0","0","3","0","13","7","3","41.7945146422","-87.6319282161","POINT (-87.631928216127 41.79451464222)"