"crash_record_id","crash_date_est_i","crash_date","posted_speed_limit","traffic_control_device","device_condition","weather_condition","lighting_condition","first_crash_type","trafficway_type","lane_cnt","alignment","roadway_surface_cond","road_defect","report_type","crash_type","intersection_related_i","private_property_i","hit_and_run_i","damage","date_police_notified","prim_contributory_cause","sec_contributory_cause","street_no","street_direction","street_name","beat_of_occurrence","photos_taken_i","statements_taken_i","dooring_i","work_zone_i","work_zone_type","workers_present_i","num_units","most_severe_injury","injuries_total","injuries_fatal","injuries_incapacitating","injuries_non_incapacitating","injuries_reported_not_evident","injuries_no_indication","injuries_unknown","crash_hour","crash_day_of_week","crash_month","latitude","longitude","location"
"d99337d7ad5a587aab9864336c303a80a5d3945893e20c71ae7daeac755d99f657723853f970abde87a52a1d437e8526d23a5028a360e2ffa254f16b91a6543f",,"2026-03-14T13:15:00.000","30","NO CONTROLS","UNKNOWN","UNKNOWN","DAYLIGHT","SIDESWIPE SAME DIRECTION","NOT DIVIDED",,"STRAIGHT AND LEVEL","UNKNOWN","UNKNOWN","NOT ON SCENE (DESK REPORT)","NO INJURY / DRIVE AWAY",,,,"OVER $1,500","2026-03-14T14:24:00.000","UNABLE TO DETERMINE","UNABLE TO DETERMINE","1512","E","53RD ST","234",,,,,,,"2","NO INDICATION OF INJURY","0","0","0","0","0","4","0","13","7","3","41.799657917","-87.5885781423","POINT (-87.588578142283 41.799657916988)"
"c346903fe3e51d01c852c057386de96f653b99c3649771b9b15459e69164a6d88f633fb452cdab772ff96dd2bb84cf92c51655ec39a62872c3df77576ad9a7e4",,"2026-03-14T13:10:00.000","30","NO CONTROLS","NO CONTROLS","CLEAR","DAYLIGHT","SIDESWIPE SAME DIRECTION","NOT DIVIDED",,"STRAIGHT AND LEVEL","DRY","NO DEFECTS","NOT ON SCENE (DESK REPORT)","NO INJURY / DRIVE AWAY",,,,"$501 - $1,500","2026-03-14T13:30:00.000","FAILING TO YIELD RIGHT-OF-WAY","UNABLE TO DETERMINE","5500","N","NAGLE AVE","1613",,,,,,,"2","NO INDICATION OF INJURY","0","0","0","0","0","2","0","13","7","3","41.9811262517","-87.7879169086","POINT (-87.787916908588 41.981126251689)"
"e541d1d532d206bfdc2f77f915e8742f061a77eed2a431280a0a23de81b2583accae08adc7b8cc80f3bd21f3576374bfcf466d6c5786ccda14c0ad6d443214dd",,"2026-03-14T13:05:00.000","30","NO CONTROLS","NO CONTROLS","CLOUDY/OVERCAST","DAYLIGHT","REAR END","NOT DIVIDED",,"STRAIGHT AND LEVEL","DRY","NO DEFECTS","ON SCENE","NO INJURY / DRIVE AWAY",,,,"$501 - $1,500","2026-03-14T13:10:00.000","UNABLE TO DETERMINE","UNABLE TO DETERMINE","4812","N","WESTERN AVE","2031",,,,,,,"2","NO INDICATION OF INJURY","0","0","0","0","0","4","0","13","7","3","41.9690115598","-87.6890629389","POINT (-87.689062938945 41.96901155983)"
"03578e7ebc3890044d6ecf04ba2164036d21d6d4a4a520b5073a784bed65617c0f288caf811de22ee5014304d7d666496346421bd4a945c88ebed6806a10cd8b",,"2026-03-14T13:00:00.000","25","UNKNOWN","UNKNOWN","UNKNOWN","UNKNOWN","PEDALCYCLIST","FOUR WAY",,"STRAIGHT AND LEVEL","UNKNOWN","UNKNOWN","NOT ON SCENE (DESK REPORT)","INJURY AND / OR TOW DUE TO CRASH",,,"Y","OVER $1,500","2026-03-14T14:37:00.000","NOT APPLICABLE","NOT APPLICABLE","325","N","WABASH AVE","111",,,,,,,"2","NONINCAPACITATING INJURY","1","0","0","1","0","1","0","13","7","3","41.8877386323","-87.6265915657","POINT (-87.626591565688 41.887738632308)"
"1e0cdb2047575406d34ea6802d37acecfc80d0ec2ec3d53809297e121ca64bac674aedf49ee1d9de05af0150dc6a94de28183229764592286449dcb3eaeb3a00",,"2026-03-14T13:00:00.000","25","UNKNOWN","UNKNOWN","UNKNOWN","UNKNOWN","REAR END","NOT DIVIDED",,"STRAIGHT AND LEVEL","UNKNOWN","UNKNOWN","NOT ON SCENE (DESK REPORT)","NO INJURY / DRIVE AWAY",,,,"OVER $1,500","2026-03-14T13:32:00.000","NOT APPLICABLE","NOT APPLICABLE","159","W","GOETHE ST","1821",,,,,,,"2","NO INDICATION OF INJURY","0","0","0","0","0","2","0","13","7","3","41.9056339678","-87.6338487005","POINT (-87.633848700478 41.905633967815)"
"6c1c84576daa95bac33d6360cae573f61a424ac39cb9409e555755b9792d7ced5509687362ec793c2c3eb267d70025e19620d559c6a573aff714fc61c46eebee",,"2026-03-14T13:00:00.000","30","TRAFFIC SIGNAL","FUNCTIONING PROPERLY","CLEAR","DAYLIGHT","TURNING","DIVIDED - W/MEDIAN (NOT RAISED)",,"STRAIGHT AND LEVEL","DRY","UNKNOWN","NOT ON SCENE (DESK REPORT)","NO INJURY / DRIVE AWAY","Y",,"Y","OVER $1,500","2026-03-16T18:26:00.000","NOT APPLICABLE","IMPROPER TURNING/NO SIGNAL","101","W","MADISON ST","122",,,,,,,"2","NO INDICATION OF INJURY","0","0","0","0","0","2","0","13","7","3","41.8818668031","-87.6309556881","POINT (-87.630955688093 41.881866803082)"
"d0c93f96216e2c3f1b6ed1368f53761b0b9c4dd6cbcc1bcdd1ac6fedd8315e16884a28367900fed7d7cf84530fc0fb0b647636ae982ee8b16f855c3fd50026e6","Y","2026-03-14T13:00:00.000","30","UNKNOWN","UNKNOWN","UNKNOWN","UNKNOWN","PARKED MOTOR VEHICLE","NOT DIVIDED",,"STRAIGHT AND LEVEL","UNKNOWN","UNKNOWN","NOT ON SCENE (DESK REPORT)","NO INJURY / DRIVE AWAY",,,,"OVER $1,500","2026-03-14T17:20:00.000","IMPROPER BACKING","FOLLOWING TOO CLOSELY","153","E","ERIE ST","1834",,,,,,,"2","NO INDICATION OF INJURY","0","0","0","0","0","1","0","13","7","3","41.8940423583","-87.6233851555","POINT (-87.623385155458 41.894042358283)"
"d89fcf1835c7e178d3b80859bfa89de9b2a590651e81456bcf4484d7d69048be9eac86a621831c6a4002355501ca2ab5ed272b53f587be5436342800b619a197",,"2026-03-14T13:00:00.000","30","NO CONTROLS","NO CONTROLS","CLEAR","DAYLIGHT","REAR END","NOT DIVIDED",,"STRAIGHT AND LEVEL","DRY","NO DEFECTS","NOT ON SCENE (DESK REPORT)","NO INJURY / DRIVE AWAY",,,,"$501 - $1,500","2026-03-14T14:26:00.000","UNABLE TO DETERMINE","UNABLE TO DETERMINE","201","S","STATE ST","113",,,,,,,"2","NO INDICATION OF INJURY","0","0","0","0","0","2","0","13","7","3","41.8794305586","-87.6275627694","POINT (-87.627562769444 41.879430558615)"
"f5d68269ae7e6a8855fa1f3eb978fef1f9f9157889f070423b4444ec138a185c7f3b4cebe96574f496c50a264bb6b71be820b48216e6b524f4a4729f64cbebd7",,"2026-03-14T13:00:00.000","30","UNKNOWN","UNKNOWN","UNKNOWN","UNKNOWN","PARKED MOTOR VEHICLE","DIVIDED - W/MEDIAN (NOT RAISED)",,"STRAIGHT AND LEVEL","UNKNOWN","UNKNOWN","NOT ON SCENE (DESK REPORT)","INJURY AND / OR TOW DUE TO CRASH",,,"Y","OVER $1,500","2026-03-16T13:00:00.000","NOT APPLICABLE","NOT APPLICABLE","5912","S","PRINCETON AVE","711",,,,,,,"2","NO INDICATION OF INJURY","0","0","0","0","0","1","0","13","7","3","41.7867681928","-87.6329353423","POINT (-87.632935342285 41.786768192817)"
"0bbc189bb11c29e970131a63dc8ff5e48c37d1908f563f9caa3921dd0ef32b1163bce71a5bf886408bdb2a545b5622df33c8c099060b590edf1928902b919cab",,"2026-03-14T12:58:00.000","30","NO CONTROLS","NO CONTROLS","CLEAR","DAYLIGHT","REAR END","DIVIDED - W/MEDIAN (NOT RAISED)",,"STRAIGHT AND LEVEL","DRY","NO DEFECTS","NOT ON SCENE (DESK REPORT)","INJURY AND / OR TOW DUE TO CRASH",,,,"$501 - $1,500","2026-03-14T14:10:00.000","FOLLOWING TOO CLOSELY","UNABLE TO DETERMINE","3700","N","HARLEM AVE","1631",,,,,,,"2","REPORTED, NOT EVIDENT","1","0","0","0","1","1","0","12","7","3","41.9467955671","-87.8072062398","POINT (-87.807206239799 41.946795567058)"
"84a3ac6f88864730b3fdedd0e6d5762e6240b7e0d400965e44355ffbacd97bb80d3fd0d4a3b02ad065675410e2df448163afb3350f441878a96e08e1ae3c7fc8",,"2026-03-14T12:54:00.000","30","OTHER","UNKNOWN","UNKNOWN","DAYLIGHT","REAR END","NOT DIVIDED",,"STRAIGHT AND LEVEL","DRY","UNKNOWN",,"INJURY AND / OR TOW DUE TO CRASH",,,"N","OVER $1,500","2026-03-14T12:54:00.000","FAILING TO REDUCE SPEED TO AVOID CRASH","FAILING TO REDUCE SPEED TO AVOID CRASH","3541","N","CICERO AVE","1731",,,,,,,"3","NONINCAPACITATING INJURY","2","0","0","2","0","2","0","12","7","3","41.9459050644","-87.7469075158","POINT (-87.746907515773 41.945905064376)"
"d9fbcacceaf0a1bc6e93a786c712d4926f9c66ad8fda7ebb9f2ed70007ff155d9ec2010ea63a76de4301af613f2059344947ebdec628832e584ac3eff7e2862b",,"2026-03-14T12:48:00.000","25","NO CONTROLS","NO CONTROLS","CLEAR","DAYLIGHT","TURNING","NOT DIVIDED",,"STRAIGHT AND LEVEL","DRY","NO DEFECTS","NOT ON SCENE (DESK REPORT)","NO INJURY / DRIVE AWAY","Y",,,"OVER $1,500","2026-03-14T13:50:00.000","UNABLE TO DETERMINE","UNABLE TO DETERMINE","2784","W","31ST BLVD","1034",,,,,,,"2","NO INDICATION OF INJURY","0","0","0","0","0","2","0","12","7","3","41.8382001948","-87.6940285514","POINT (-87.694028551358 41.838200194817)"
"1bfa9547e4378b6560821fa9258f40eecd3677ab8a6893bb4578488096f98eb1b2e9db3de9e058785d1593516d0a5e188aa7000b94107b35c24d0c756f5d9ceb",,"2026-03-14T12:46:00.000","30","NO CONTROLS","NO CONTROLS","CLEAR","DAYLIGHT","REAR END","DIVIDED - W/MEDIAN (NOT RAISED)",,"STRAIGHT AND LEVEL","DRY","NO DEFECTS","ON SCENE","INJURY AND / OR TOW DUE TO CRASH",,,,"$501 - $1,500","2026-03-14T12:47:00.000","FAILING TO REDUCE SPEED TO AVOID CRASH","NOT APPLICABLE","4932","W","MONTROSE AVE","1623",,"N",,,,,"3","REPORTED, NOT EVIDENT","1","0","0","0","1","5","0","12","7","3","41.9607882687","-87.7512721538","POINT (-87.751272153796 41.960788268723)"
"dbfc002b12164732bcac67f9fe03f63e72e716a5826b516c2696c529178b81108c4bf7e288586e07db851228d08ed4d30272189f3135b2f2fdd91d9aea0e6d53",,"2026-03-14T12:46:00.000","25","TRAFFIC SIGNAL","FUNCTIONING PROPERLY","CLEAR","DAYLIGHT","PEDESTRIAN","ONE-WAY",,"STRAIGHT AND LEVEL","DRY","NO DEFECTS","ON SCENE","INJURY AND / OR TOW DUE TO CRASH","Y",,,"$500 OR LESS","2026-03-14T13:00:00.000","UNABLE TO DETERMINE","UNABLE TO DETERMINE","298","E","ILLINOIS ST","1834",,,,,,,"2","NONINCAPACITATING INJURY","2","0","0","2","0","0","0","12","7","3","41.8911122405","-87.6202878248","POINT (-87.620287824849 41.891112240536)"
"1677ddaccb064ff69749b159292841a8b5eb588fa9dd2f0ed60451b12a900394903bb474b21b98b0aedbcec9bcd9bf00a5e07a141f2e490b708085430a7412a6",,"2026-03-14T12:45:00.000","30","TRAFFIC SIGNAL","FUNCTIONING PROPERLY","CLEAR","DAYLIGHT","SIDESWIPE SAME DIRECTION","NOT DIVIDED",,"STRAIGHT AND LEVEL","DRY","SHOULDER DEFECT","NOT ON SCENE (DESK REPORT)","NO INJURY / DRIVE AWAY",,,,"$501 - $1,500","2026-03-15T10:15:00.000","IMPROPER LANE USAGE","NOT APPLICABLE","1600","W","IRVING PARK RD","1912",,,,,,,"2","NO INDICATION OF INJURY","0","0","0","0","0","2","0","12","7","3","41.9543993037","-87.6691128654","POINT (-87.669112865433 41.954399303703)"
"1284e767afb005eaf6b8d11c70b541c9d2453705df41dd5f9da7ff391b0dd56715e5793aac0dcfcbec01ee7009712d7fa6f64aa9b4e7d568a19079f78674f247",,"2026-03-14T12:44:00.000","30","TRAFFIC SIGNAL","FUNCTIONING PROPERLY","CLEAR","DAWN","TURNING","DIVIDED - W/MEDIAN (NOT RAISED)",,"STRAIGHT AND LEVEL","DRY","NO DEFECTS","ON SCENE","NO INJURY / DRIVE AWAY","N",,,"$501 - $1,500","2026-03-14T12:45:00.000","FOLLOWING TOO CLOSELY","IMPROPER TURNING/NO SIGNAL","1331","W","DIVISION ST","1213",,,,,,,"2","NO INDICATION OF INJURY","0","0","0","0","0","2","0","12","7","3","41.9033188891","-87.6617787841","POINT (-87.661778784139 41.903318889121)"
"81bc0bc0833754038449c3932b45ca062367e4fa26060fb87bde550b6d660a860a88d9d6b2f2f648e6f8b53d94757ad2a506b546688704ed57edf8e0285a5197",,"2026-03-14T12:40:00.000","20","STOP SIGN/FLASHER","NO CONTROLS","CLEAR","DAYLIGHT","SIDESWIPE SAME DIRECTION","NOT DIVIDED",,"STRAIGHT AND LEVEL","DRY","NO DEFECTS","NOT ON SCENE (DESK REPORT)","NO INJURY / DRIVE AWAY","Y",,,"OVER $1,500","2026-03-14T15:00:00.000","UNABLE TO DETERMINE","UNABLE TO DETERMINE","2700","S","CALIFORNIA BLVD","1034",,,,,,,"2","NO INDICATION OF INJURY","0","0","0","0","0","2","0","12","7","3","41.8428589434","-87.6947541011","POINT (-87.69475410112 41.842858943383)"
"873cddaa56f7db44c8e412affd7240f0c8a38e19d0fa6c2fa9bbc50f5461977c43588bc8411aa4cc663e7fb8bd6afac350114ed566982e5e55fe1f5c2ee7ee0e",,"2026-03-14T12:30:00.000","30","UNKNOWN","UNKNOWN","UNKNOWN","UNKNOWN","PARKED MOTOR VEHICLE","NOT DIVIDED",,"STRAIGHT AND LEVEL","UNKNOWN","UNKNOWN",,"NO INJURY / DRIVE AWAY",,,,"OVER $1,500","2026-03-14T13:45:00.000","UNABLE TO DETERMINE","NOT APPLICABLE","4825","W","WABANSIA AVE","2533",,,,,,,"4","NO INDICATION OF INJURY","0","0","0","0","0","4","0","12","7","3","41.911335667","-87.7469466485","POINT (-87.746946648502 41.911335666968)"
"a7fba42e9b393e5b1acf8db13eb6612e4af15cef31c0456b0d941fdccc986dcec2ef9b9ceb90cbb29bfd9867165f78510cbf899906fbf370bfa696a00de0e821",,"2026-03-14T12:30:00.000","20","NO CONTROLS","NO CONTROLS","CLOUDY/OVERCAST","DAYLIGHT","PARKED MOTOR VEHICLE","PARKING LOT",,"STRAIGHT AND LEVEL","DRY","NO DEFECTS","NOT ON SCENE (DESK REPORT)","NO INJURY / DRIVE AWAY",,,"Y","OVER $1,500","2026-03-15T10:20:00.000","UNABLE TO DETERMINE","UNABLE TO DETERMINE","850","W","NORTH AVE","1813",,,,,,,"2","NO INDICATION OF INJURY","0","0","0","0","0","1","0","12","7","3","41.9110025193","-87.6499648472","POINT (-87.649964847196 41.911002519307)"
"b77a6e6406fe0e13b3bb33d7e72e26d1c0e4a4a76267042268f6bff3d9fdecf0fa37169540b49e9d7843c2420a745e75efb35b83266e53e89af13321e54342ec",,"2026-03-14T12:30:00.000","30","TRAFFIC SIGNAL","FUNCTIONING PROPERLY","CLEAR","DAYLIGHT","FIXED OBJECT","FOUR WAY",,"STRAIGHT AND LEVEL","DRY","NO DEFECTS","ON SCENE","INJURY AND / OR TOW DUE TO CRASH","N","N",,"$500 OR LESS","2026-03-14T12:45:00.000","PHYSICAL CONDITION OF DRIVER","PHYSICAL CONDITION OF DRIVER","2347","S","WABASH AVE","131",,,,,,,"1","INCAPACITATING INJURY","1","0","1","0","0","0","0","12","7","3","41.8496973632","-87.6252787003","POINT (-87.625278700328 41.849697363157)"
"95d78746c2f9a28d1e4f0cbaf45f1c9f03edffd3c3422038e6afd082d7b70890caa886ef2af8509152e50d3e62a17ad2c14581b65bb3aed42c17dfcfbb1c75fc",,"2026-03-14T12:20:00.000","30","TRAFFIC SIGNAL","FUNCTIONING PROPERLY","CLEAR","DAYLIGHT","TURNING","NOT DIVIDED",,"STRAIGHT AND LEVEL","DRY","NO DEFECTS","ON SCENE","NO INJURY / DRIVE AWAY",,,,"OVER $1,500","2026-03-14T12:23:00.000","FAILING TO YIELD RIGHT-OF-WAY","FAILING TO YIELD RIGHT-OF-WAY","4358","W","GRAND AVE","2534",,,,,,,"2","NO INDICATION OF INJURY","0","0","0","0","0","2","0","12","7","3","41.9101204019","-87.7360949359","POINT (-87.736094935926 41.910120401925)"
"df2082e6c798bc99be1b4eb74fe2e8333a22a417fee104934459c7ad01b1dc6ab598707d23095dc89e029efcf97d4f09d1bd066feabc8ba673b20bc81f99a6f7",,"2026-03-14T12:20:00.000","30","NO CONTROLS","NO CONTROLS","CLEAR","DAYLIGHT","PARKED MOTOR VEHICLE","NOT DIVIDED",,"STRAIGHT AND LEVEL","DRY","NO DEFECTS","ON SCENE","NO INJURY / DRIVE AWAY",,,"Y","OVER $1,500","2026-03-14T12:33:00.000","UNABLE TO DETERMINE","NOT APPLICABLE","5518","S","MORGAN ST","712",,,,,,,"2","NO INDICATION OF INJURY","0","0","0","0","0","1","0","12","7","3","41.7932601481","-87.6501402462","POINT (-87.65014024624 41.793260148091)"
"bf1e672029619d32b5b190301801c99159eb80947a40383498896e52698ee63e1911e9568081556b3e225ef4bee7efd58a1e3b1e7d282eac66d6e43bd6938221",,"2026-03-14T12:11:00.000","30","TRAFFIC SIGNAL","FUNCTIONING PROPERLY","CLEAR","DAYLIGHT","REAR END","DIVIDED - W/MEDIAN BARRIER",,"STRAIGHT AND LEVEL","DRY","NO DEFECTS","ON SCENE","INJURY AND / OR TOW DUE TO CRASH",,,,"OVER $1,500","2026-03-14T12:16:00.000","IMPROPER OVERTAKING/PASSING","FAILING TO REDUCE SPEED TO AVOID CRASH","9258","S","STONY ISLAND AVE","413",,,,,,,"2","NONINCAPACITATING INJURY","1","0","0","1","0","2","0","12","7","3","41.7261310367","-87.5855617222","POINT (-87.585561722177 41.726131036666)"
"722e5504ed96a6a9a7051e118e4efc5e3e08b9d519d09f1a007e92db1742c3c8d52f4aa542d1edeb2326fbbd18346bef4e8b8b14d22bc0034ed2efe41ac69259",,"2026-03-14T12:07:00.000","20","NO CONTROLS","NO CONTROLS","CLEAR","DAYLIGHT","REAR END","NOT DIVIDED",,"STRAIGHT AND LEVEL","DRY","NO DEFECTS","ON SCENE","NO INJURY / DRIVE AWAY","N",,,"OVER $1,500","2026-03-14T12:10:00.000","FOLLOWING TOO CLOSELY","FOLLOWING TOO CLOSELY","319","S","CALIFORNIA AVE","1125",,,,,,,"2","NO INDICATION OF INJURY","0","0","0","0","0","4","0","12","7","3","41.876809452","-87.6960281259","POINT (-87.696028125888 41.87680945199)"
"64a1774ca19543a876bc15a8a70625ea6dd2981cdb5255aad033dbfd915ccb966b152f3d750ee242923c323d7c284883a50bb578bee755d3e6093b6f02d9c631",,"2026-03-14T12:02:00.000","30","NO CONTROLS","NO CONTROLS","CLEAR","DAYLIGHT","TURNING","DIVIDED - W/MEDIAN (NOT RAISED)",,"STRAIGHT AND LEVEL","DRY","UNKNOWN","ON SCENE","INJURY AND / OR TOW DUE TO CRASH","Y",,,"OVER $1,500","2026-03-14T12:06:00.000","UNABLE TO DETERMINE","NOT APPLICABLE","3326","W","PETERSON AVE","1711",,,,,,,"2","NO INDICATION OF INJURY","0","0","0","0","0","2","0","12","7","3","41.9904495294","-87.7127123258","POINT (-87.712712325825 41.990449529403)"
"52f28974317f6a960890051f474b88595df59b9f127c6ecc95aae0d015b413e7772920a64cb5387840df07903b575ed0c8f03beefbd2a855b2b3bdb2855f109f",,"2026-03-14T11:59:00.000","30","NO CONTROLS","NO CONTROLS","CLOUDY/OVERCAST","DAYLIGHT","SIDESWIPE SAME DIRECTION","ONE-WAY",,"STRAIGHT AND LEVEL","UNKNOWN","UNKNOWN","NOT ON SCENE (DESK REPORT)","NO INJURY / DRIVE AWAY",,,,"OVER $1,500","2026-03-14T13:05:00.000","FAILING TO YIELD RIGHT-OF-WAY","IMPROPER LANE USAGE","603","N","CLARK ST","1832",,,,,,,"2","NO INDICATION OF INJURY","0","0","0","0","0","2","0","11","7","3","41.8925223117","-87.6310033353","POINT (-87.631003335326 41.892522311708)"
"716152baae3dfbf0ec21c984ecbe47250c6bf43dd4c0719f944d3696245d444e45d300c2f4ea92902cd572e246badf405b67b17f372cb301389e1083a10423d6",,"2026-03-14T11:55:00.000","30","NO CONTROLS","NO CONTROLS","CLEAR","DAYLIGHT","SIDESWIPE SAME DIRECTION","NOT DIVIDED",,"STRAIGHT AND LEVEL","DRY","NO DEFECTS","NOT ON SCENE (DESK REPORT)","NO INJURY / DRIVE AWAY",,,,"OVER $1,500","2026-03-16T10:30:00.000","UNABLE TO DETERMINE","NOT APPLICABLE","2750","W","NORTH AVE","1421",,,,,,,"2","NO INDICATION OF INJURY","0","0","0","0","0","2","0","11","7","3","41.9103309406","-87.6966452612","POINT (-87.696645261167 41.910330940635)"
"f6d62ea86948e50051ffde92d9bd5615700f995f8b812749b7a43bd9c0939ea81589882dce62e161db1fb11380c1d9a079253cedd02a7a2103072493c0fdb0a8",,"2026-03-14T11:50:00.000","30","TRAFFIC SIGNAL","FUNCTIONING PROPERLY","CLOUDY/OVERCAST","DAYLIGHT","REAR END","FOUR WAY",,"STRAIGHT AND LEVEL","DRY","NO DEFECTS","NOT ON SCENE (DESK REPORT)","NO INJURY / DRIVE AWAY","Y",,"Y","$501 - $1,500","2026-03-14T12:10:00.000","FOLLOWING TOO CLOSELY","NOT APPLICABLE","1194","S","RACINE AVE","1231",,,,,,,"2","NO INDICATION OF INJURY","0","0","0","0","0","2","0","11","7","3","41.8670357669","-87.6568292472","POINT (-87.65682924718 41.867035766887)"
"d9f8043af043fecc883b46eaf8e849bbc9c78f5155d6149093188a1958a053035e428064ae6d4a43d24c08692c60566f3fb49d28f45ef421a22de3c0354eb178",,"2026-03-14T11:40:00.000","25","NO CONTROLS","NO CONTROLS","CLEAR","DAYLIGHT","SIDESWIPE SAME DIRECTION","NOT DIVIDED",,"STRAIGHT AND LEVEL","DRY","NO DEFECTS","NOT ON SCENE (DESK REPORT)","NO INJURY / DRIVE AWAY",,,,"OVER $1,500","2026-03-14T12:10:00.000","IMPROPER LANE USAGE","FAILING TO REDUCE SPEED TO AVOID CRASH","313","W","WOLF POINT PLZ","1831",,,,,,,"2","NO INDICATION OF INJURY","0","0","0","0","0","2","0","11","7","3","41.8878056174","-87.6368282057","POINT (-87.636828205716 41.887805617392)"
"c261bcaa8a0d65819a5bc183d9ff7bcc92688ec9ebf30502f349466904f4b681f0bd8683dc45346b52e3ae171582235538d064a6eecf68c3ff2bff690600efb1",,"2026-03-14T11:36:00.000","30","NO CONTROLS","NO CONTROLS","CLEAR","DAYLIGHT","TURNING","ONE-WAY",,"STRAIGHT AND LEVEL","DRY","UNKNOWN","NOT ON SCENE (DESK REPORT)","NO INJURY / DRIVE AWAY",,,,"OVER $1,500","2026-03-14T13:30:00.000","UNABLE TO DETERMINE","NOT APPLICABLE","2247","W","THOMAS ST","1212",,,,,,,"2","NO INDICATION OF INJURY","0","0","0","0","0","2","0","11","7","3","41.9011398556","-87.6839541816","POINT (-87.683954181551 41.901139855601)"
"d8bc919a54e0634fccb75a5a76a416e5cc06028ac5f20d0474a99f2dc49953cc309b2088d53273f7036ee66bd5e18f949665f81e2d40b346ba58faa5f9562113",,"2026-03-14T11:36:00.000","30","NO CONTROLS","NO CONTROLS","CLOUDY/OVERCAST","DAYLIGHT","SIDESWIPE SAME DIRECTION","NOT DIVIDED",,"STRAIGHT AND LEVEL","DRY","UNKNOWN","NOT ON SCENE (DESK REPORT)","NO INJURY / DRIVE AWAY",,,,"$501 - $1,500","2026-03-14T12:30:00.000","IMPROPER LANE USAGE","NOT APPLICABLE","712","W","GRAND AVE","1214",,,,,,,"2","NO INDICATION OF INJURY","0","0","0","0","0","2","0","11","7","3","41.8913097943","-87.6464048154","POINT (-87.646404815359 41.89130979427)"
"81b523fdb447ca543330e096fcae6a334637e87eeda7c85007a5cac1a2adc584b25daa3ee228481036f88ba4e394b6b26488e6e5c1579dec12c8d23575bea2a9",,"2026-03-14T11:35:00.000","35","TRAFFIC SIGNAL","FUNCTIONING PROPERLY","CLEAR","DAYLIGHT","PEDALCYCLIST","FOUR WAY",,"STRAIGHT AND LEVEL","DRY","NO DEFECTS","ON SCENE","INJURY AND / OR TOW DUE TO CRASH","Y",,"Y","OVER $1,500","2026-03-14T11:35:00.000","UNABLE TO DETERMINE","NOT APPLICABLE","1000","W","35TH ST","913",,,,,,,"2","NONINCAPACITATING INJURY","1","0","0","1","0","1","0","11","7","3","41.8307935761","-87.6510916639","POINT (-87.651091663901 41.83079357609)"
"c5f553ce9dd6a42a86a6e105199d9dd6d6486d5cb582b00cd1015a11dcbc125ae2ed7ccf2f06343f2e4c47552c9784618a73450a6573bbb10b43d55cfefebca0",,"2026-03-14T11:15:00.000","30","NO CONTROLS","NO CONTROLS","CLEAR","DAYLIGHT","SIDESWIPE SAME DIRECTION","NOT DIVIDED",,"STRAIGHT AND LEVEL","DRY","NO DEFECTS","NOT ON SCENE (DESK REPORT)","NO INJURY / DRIVE AWAY",,,"Y","$501 - $1,500","2026-03-14T12:15:00.000","UNABLE TO DETERMINE","UNABLE TO DETERMINE","2564","N","CLARK ST","1935",,,,,,,"2","NO INDICATION OF INJURY","0","0","0","0","0","2","0","11","7","3","41.9293587027","-87.6428722724","POINT (-87.64287227243 41.929358702654)"
"0815fe549f3984cfb9fcb822f2f31b9233c0b7aa5913b1fc122298c270d562f52b7b7b9ec6ce11406b63c3946ac3e99fc7c456bbdf8147bece449312524d87ad",,"2026-03-14T11:05:00.000","30","UNKNOWN","UNKNOWN","CLEAR","DAYLIGHT","SIDESWIPE SAME DIRECTION","NOT DIVIDED",,"STRAIGHT AND LEVEL","DRY","NO DEFECTS","NOT ON SCENE (DESK REPORT)","NO INJURY / DRIVE AWAY",,,"Y","$501 - $1,500","2026-03-14T13:32:00.000","IMPROPER LANE USAGE","IMPROPER OVERTAKING/PASSING","4211","W","26TH ST","1031",,,,,,,"2","NO INDICATION OF INJURY","0","0","0","0","0","2","0","11","7","3","41.8440684411","-87.7298918431","POINT (-87.729891843097 41.844068441126)"
"b6932a38a42726ffb1165d9f8ed2dbc8882c91686add843531ca6650f049c2cf020ba28dba58e307c67442c0d23ec7be150a65d83783d174cf091768e566a43f",,"2026-03-14T11:03:00.000","35","TRAFFIC SIGNAL","FUNCTIONING IMPROPERLY","CLEAR","DAYLIGHT","ANGLE","NOT DIVIDED",,"STRAIGHT AND LEVEL","DRY","NO DEFECTS","ON SCENE","NO INJURY / DRIVE AWAY","Y",,"Y","OVER $1,500","2026-03-14T11:05:00.000","UNABLE TO DETERMINE","NOT APPLICABLE","1950","W","ROOSEVELT RD","1231",,,,,,,"2","NO INDICATION OF INJURY","0","0","0","0","0","2","0","11","7","3","41.866870839","-87.6758133784","POINT (-87.675813378368 41.866870839039)"
"b4e023e69d97b81433077d30c0fc4ed4a5e5dfac5f7224b9b7f6931f73bbd76a118d13753a7c31c37a1d32659ea92bbae69f3b5565b9ca03b04c3aa4bd684cf7",,"2026-03-14T11:00:00.000","35","UNKNOWN","UNKNOWN","CLEAR","DAYLIGHT","REAR TO FRONT","UNKNOWN",,"STRAIGHT AND LEVEL","DRY","NO DEFECTS","NOT ON SCENE (DESK REPORT)","NO INJURY / DRIVE AWAY",,,,"$501 - $1,500","2026-03-14T11:20:00.000","UNABLE TO DETERMINE","UNABLE TO DETERMINE","5118","S","LAKE PARK AVE","234",,,,,,,"2","NO INDICATION OF INJURY","0","0","0","0","0","2","0","11","7","3","41.8018296312","-87.5878260477","POINT (-87.587826047696 41.801829631168)"