"crash_record_id","crash_date_est_i","crash_date","posted_speed_limit","traffic_control_device","device_condition","weather_condition","lighting_condition","first_crash_type","trafficway_type","lane_cnt","alignment","roadway_surface_cond","road_defect","report_type","crash_type","intersection_related_i","private_property_i","hit_and_run_i","damage","date_police_notified","prim_contributory_cause","sec_contributory_cause","street_no","street_direction","street_name","beat_of_occurrence","photos_taken_i","statements_taken_i","dooring_i","work_zone_i","work_zone_type","workers_present_i","num_units","most_severe_injury","injuries_total","injuries_fatal","injuries_incapacitating","injuries_non_incapacitating","injuries_reported_not_evident","injuries_no_indication","injuries_unknown","crash_hour","crash_day_of_week","crash_month","latitude","longitude","location"
"63e93e2466ded3228eb694602ee3b67a37b902ce8b00268e56a84562f787f31c3fe9d83e423e6e961ca48d0fe7170f5680ea725abfc4681ebdc7935de43e9864",,"2026-03-14T10:58:00.000","30","NO CONTROLS","NO CONTROLS","CLEAR","DAYLIGHT","SIDESWIPE SAME DIRECTION","ONE-WAY",,"STRAIGHT AND LEVEL","DRY","UNKNOWN","ON SCENE","NO INJURY / DRIVE AWAY",,,,"$501 - $1,500","2026-03-14T11:01:00.000","FAILING TO YIELD RIGHT-OF-WAY","FAILING TO YIELD RIGHT-OF-WAY","7131","S","STATE ST","323",,,,,,,"2","NO INDICATION OF INJURY","0","0","0","0","0","6","0","10","7","3","41.7645736329","-87.6247399651","POINT (-87.624739965052 41.764573632883)"
"0365ee0c50cef723f61b9f2fa2b7d9f73042fa38f9dac931e5772f722d2c70c54143fd39bf713be5c98ac651692c0c57f2920700653ccf92d9bd515bfc5f540a",,"2026-03-14T10:55:00.000","30","TRAFFIC SIGNAL","FUNCTIONING PROPERLY","CLEAR","DAYLIGHT","SIDESWIPE SAME DIRECTION","NOT DIVIDED",,"STRAIGHT AND LEVEL","DRY","NO DEFECTS","ON SCENE","NO INJURY / DRIVE AWAY",,,"Y","OVER $1,500","2026-03-14T11:18:00.000","IMPROPER OVERTAKING/PASSING","NOT APPLICABLE","353","N","DESPLAINES ST","1214",,,,,,,"2","NO INDICATION OF INJURY","0","0","0","0","0","2","0","10","7","3","41.8883656606","-87.6441695346","POINT (-87.644169534553 41.888365660566)"
"fe542f707d11a104ae0d6ee996760ffc16b144c4aa76b7cee278e62b2a0f3d0d7f8d38ffdaa5acfe99dbd829a7def7579ad9c5d81d686d71820193c38ea71631",,"2026-03-14T10:50:00.000","40","NO CONTROLS","NO CONTROLS","CLEAR","DAYLIGHT","REAR END","DIVIDED - W/MEDIAN BARRIER",,"STRAIGHT AND LEVEL","DRY","NO DEFECTS","NOT ON SCENE (DESK REPORT)","NO INJURY / DRIVE AWAY",,,,"OVER $1,500","2026-03-14T11:35:00.000","UNABLE TO DETERMINE","NOT APPLICABLE","1200","S","LAKE SHORE DR NB","132",,,,,,,"2","NO INDICATION OF INJURY","0","0","0","0","0","2","0","10","7","3","41.8674842272","-87.6191503834","POINT (-87.619150383382 41.867484227164)"
"c8abfce5cd8e8cf9a9ccb6216b9b713941bd2d7114cbb6a219897174aee3fbec49d8503db5a2dc5a0c9edad853faa3a243239e795b0eef0def48e948b36a8278",,"2026-03-14T10:45:00.000","30","NO CONTROLS","NO CONTROLS","CLEAR","DAYLIGHT","SIDESWIPE SAME DIRECTION","NOT DIVIDED",,"STRAIGHT AND LEVEL","DRY","NO DEFECTS","NOT ON SCENE (DESK REPORT)","NO INJURY / DRIVE AWAY",,,,"OVER $1,500","2026-03-14T11:28:00.000","FAILING TO YIELD RIGHT-OF-WAY","NOT APPLICABLE","3150","W","HARRISON ST","1134",,,,,,,"2","NO INDICATION OF INJURY","0","0","0","0","0","3","0","10","7","3","41.8738018026","-87.7054920878","POINT (-87.705492087777 41.873801802555)"
"393c733d4dc829e449543ee2fd1d4119e206acbdb0c84cc2acaedc92aaa4cbf4d7f5ab7b377b4206af96fba6de5c5b378d3773252d44337a1652dc4ab0c7ab49",,"2026-03-14T10:43:00.000","30","TRAFFIC SIGNAL","FUNCTIONING PROPERLY","CLEAR","DAYLIGHT","ANGLE","TRAFFIC ROUTE",,"STRAIGHT AND LEVEL","DRY","OTHER","ON SCENE","NO INJURY / DRIVE AWAY","Y",,,"$501 - $1,500","2026-03-14T10:55:00.000","DISREGARDING TRAFFIC SIGNALS","NOT APPLICABLE","500","W","VAN BUREN ST","121",,,,,,,"2","NO INDICATION OF INJURY","0","0","0","0","0","2","0","10","7","3","41.8768807268","-87.6396363852","POINT (-87.639636385215 41.876880726785)"
"0e5a1035743ba8c592c6fab3ca704769897fccfb8674e1a68ea0875daac816305c77a6c850cd5b29aefe0f25685ac8ebb5822a22480086644c05eea1f9986837",,"2026-03-14T10:30:00.000","30","NO CONTROLS","NO CONTROLS","CLEAR","DAYLIGHT","PARKED MOTOR VEHICLE","NOT DIVIDED",,"STRAIGHT AND LEVEL","DRY","NO DEFECTS","NOT ON SCENE (DESK REPORT)","NO INJURY / DRIVE AWAY",,,,"$501 - $1,500","2026-03-14T11:35:00.000","IMPROPER OVERTAKING/PASSING","NOT APPLICABLE","2746","N","CLYBOURN AVE","1931",,,,,,,"2","NO INDICATION OF INJURY","0","0","0","0","0","1","0","10","7","3","41.9310210058","-87.6768640181","POINT (-87.676864018134 41.931021005798)"
"988861bddbf8c847a4447ac24feae0da32dfba4374623670a860872f1e1feb5e6de2bd6848b18688fe0c5fe7332fe0400d6adfa59a1129b439c85d395745dd07",,"2026-03-14T10:30:00.000","30","TRAFFIC SIGNAL","FUNCTIONING PROPERLY","CLOUDY/OVERCAST","DAYLIGHT","REAR END","DIVIDED - W/MEDIAN (NOT RAISED)",,"STRAIGHT AND LEVEL","DRY","UNKNOWN","NOT ON SCENE (DESK REPORT)","NO INJURY / DRIVE AWAY",,,"Y","$500 OR LESS","2026-03-14T11:30:00.000","FOLLOWING TOO CLOSELY","FOLLOWING TOO CLOSELY","4401","W","DIVISION ST","1111",,,,,,,"2","NO INDICATION OF INJURY","0","0","0","0","0","2","0","10","7","3","41.9023999816","-87.7362637847","POINT (-87.736263784708 41.902399981646)"
"a59c4fe4e5ea5efb6511709485a055d6437eb7b77d1f336fd74725d5352f2ab770d1b56fc79dfbcb218f326f5e35b6e909762aae3590adc1395fc89bb11fc74d",,"2026-03-14T10:27:00.000","30","NO CONTROLS","NO CONTROLS","CLEAR","DAYLIGHT","REAR END","NOT DIVIDED",,"STRAIGHT ON GRADE","DRY","OTHER","ON SCENE","INJURY AND / OR TOW DUE TO CRASH",,,,"OVER $1,500","2026-03-14T10:27:00.000","FAILING TO REDUCE SPEED TO AVOID CRASH","UNABLE TO DETERMINE","8930","S","ASHLAND AVE","2221",,,,,,,"2","INCAPACITATING INJURY","3","0","1","1","1","0","0","10","7","3","41.7311239574","-87.66307369","POINT (-87.663073690022 41.731123957355)"
"2a532cbfa3b118aab69c4be8fbb72d1ea8bf07157adbca42661034c43eaabda6b2f91309e4e184d6664f1e665229152291a633bdf176ece5c9acbba284357fbb",,"2026-03-14T10:25:00.000","30","TRAFFIC SIGNAL","FUNCTIONING PROPERLY","CLEAR","DAYLIGHT","TURNING","FOUR WAY",,"STRAIGHT AND LEVEL","DRY","NO DEFECTS","NOT ON SCENE (DESK REPORT)","NO INJURY / DRIVE AWAY","Y",,"Y","$501 - $1,500","2026-03-14T10:28:00.000","IMPROPER TURNING/NO SIGNAL","NOT APPLICABLE","229","W","WACKER DR","122",,,,,,,"2","NO INDICATION OF INJURY","0","0","0","0","0","3","0","10","7","3","41.8867096054","-87.6348230012","POINT (-87.634823001188 41.886709605415)"
"bdbcbf5073ffb3bfd08e2c698fbda4bc0035dd87fb2f450c51cdb23edf643d8a357238b3f767f37eb2cd9386187e60fa065eff0bf0e9591046c7a775247ad1f5",,"2026-03-14T10:22:00.000","30","NO CONTROLS","NO CONTROLS","CLEAR","DAYLIGHT","PEDESTRIAN","FOUR WAY",,"STRAIGHT AND LEVEL","DRY","NO DEFECTS","NOT ON SCENE (DESK REPORT)","INJURY AND / OR TOW DUE TO CRASH",,,"Y","$500 OR LESS","2026-03-14T11:45:00.000","OPERATING VEHICLE IN ERRATIC, RECKLESS, CARELESS, NEGLIGENT OR AGGRESSIVE MANNER","NOT APPLICABLE","303","W","WACKER DR","122",,,,,,,"2","REPORTED, NOT EVIDENT","1","0","0","0","1","1","0","10","7","3","41.8865637334","-87.6354626453","POINT (-87.63546264527 41.886563733403)"
"3b2b3072c1ce45b33174fec2ee3d2d327d0534061098836993490394c0400479541b6bc1cabd2b429f4939c94e80869b315a96d172f4102dffa7f66bb62219ea",,"2026-03-14T10:20:00.000","30","NO CONTROLS","NO CONTROLS","CLEAR","DAYLIGHT","FIXED OBJECT","PARKING LOT",,"STRAIGHT AND LEVEL","DRY","NO DEFECTS","ON SCENE","INJURY AND / OR TOW DUE TO CRASH",,"Y",,"OVER $1,500","2026-03-14T10:22:00.000","IMPROPER OVERTAKING/PASSING","UNABLE TO DETERMINE","1806","W","HUBBARD ST","1221",,,,,,,"1","REPORTED, NOT EVIDENT","2","0","0","0","2","1","0","10","7","3","41.8899063112","-87.6723434146","POINT (-87.672343414643 41.889906311201)"
"f2731ca51866c7f1fd27d892609cad4526b87a8550976b8fd6621d4324ce0759ada621cb1c299aa24a6574df0480ad8cb179d2f691e8331389d25738f91bc604",,"2026-03-14T10:12:00.000","30","STOP SIGN/FLASHER","NO CONTROLS","CLEAR","DAYLIGHT","ANGLE","T-INTERSECTION",,"STRAIGHT AND LEVEL","UNKNOWN","UNKNOWN","ON SCENE","NO INJURY / DRIVE AWAY","Y",,,"OVER $1,500","2026-03-16T09:10:00.000","FAILING TO YIELD RIGHT-OF-WAY","NOT APPLICABLE","5660","W","FULLERTON AVE","2515",,,,,,,"2","NO INDICATION OF INJURY","0","0","0","0","0","2","0","10","7","3","41.9240532166","-87.7683639756","POINT (-87.76836397562 41.924053216555)"
"4ea9755bce089d5f44109125fb1a16f92bc524dcc0078835420ea3fffa549d6c3f79375da652e2fb75469f288af32c866aa57b2476e85c9c78f56c25689b3544",,"2026-03-14T10:00:00.000","30","UNKNOWN","UNKNOWN","CLEAR","DAYLIGHT","PARKED MOTOR VEHICLE","NOT DIVIDED",,"STRAIGHT AND LEVEL","UNKNOWN","UNKNOWN","NOT ON SCENE (DESK REPORT)","NO INJURY / DRIVE AWAY",,,"Y","OVER $1,500","2026-03-16T18:10:00.000","UNABLE TO DETERMINE","UNABLE TO DETERMINE","820","W","LILL AVE","1935",,,,,,,"2","NO INDICATION OF INJURY","0","0","0","0","0","1","0","10","7","3","41.9282719798","-87.6497553414","POINT (-87.649755341442 41.928271979819)"
"0c177c1d5f3a71852e9f2c633e9cc9a14c6e2739ec0a11ac69271a10878605e69145ba3f1e170374fd463498d0ea1383de2d7e24bb83703ed1c638e618f89472",,"2026-03-14T09:50:00.000","25","UNKNOWN","UNKNOWN","CLEAR","DAYLIGHT","REAR END","DIVIDED - W/MEDIAN (NOT RAISED)",,"STRAIGHT AND LEVEL","DRY","NO DEFECTS","NOT ON SCENE (DESK REPORT)","NO INJURY / DRIVE AWAY",,,,"OVER $1,500","2026-03-14T10:40:00.000","UNABLE TO DETERMINE","UNABLE TO DETERMINE","2210","N","KEDZIE SD","1413",,,,,,,"2","NO INDICATION OF INJURY","0","0","0","0","0","2","0","9","7","3","41.9214936163","-87.707261155","POINT (-87.707261155048 41.921493616341)"
"5c3916d52686c4c416cedf79f28839443108401a22d5ad8d91090fea9aa9f7be63b15225ee84e82844e6b8756319868f038847f12fea89ba495e78192cb5dc82",,"2026-03-14T09:50:00.000","30","NO CONTROLS","NO CONTROLS","CLEAR","DAYLIGHT","SIDESWIPE SAME DIRECTION","NOT DIVIDED",,"STRAIGHT AND LEVEL","DRY","NO DEFECTS","NOT ON SCENE (DESK REPORT)","NO INJURY / DRIVE AWAY",,,"Y","OVER $1,500","2026-03-14T11:03:00.000","FAILING TO YIELD RIGHT-OF-WAY","UNABLE TO DETERMINE","9245","S","ASHLAND AVE","2221",,,,,,,"2","NO INDICATION OF INJURY","0","0","0","0","0","2","0","9","7","3","41.7253349341","-87.6626299398","POINT (-87.662629939776 41.725334934109)"
"f848979798e5ae89f47fda0d5a67a5acae1bff7e26ac499e1eb7c0eaa54be1390b8d8e670a3f5571bf64fe95dbe612ffeb1c024925ccbeba4fab56fe844f7b1e",,"2026-03-14T09:48:00.000","10","NO CONTROLS","NO CONTROLS","CLEAR","DAYLIGHT","PARKED MOTOR VEHICLE","PARKING LOT",,"STRAIGHT AND LEVEL","DRY","NO DEFECTS","NOT ON SCENE (DESK REPORT)","NO INJURY / DRIVE AWAY",,,,"OVER $1,500","2026-03-14T14:20:00.000","NOT APPLICABLE","NOT APPLICABLE","400","E","LOWER WACKER DR","114",,,,,,,"2","NO INDICATION OF INJURY","0","0","0","0","0","1","0","9","7","3","41.8875511317","-87.6173560083","POINT (-87.617356008287 41.8875511317)"
"17332a5e50672a713f18754d8291db9e2b83cce2a5e3605561b9e0808d244f3b7732b573816dfd531c2a7f3e97e475ae834bb49223aecee862e4ac3093f6e8de",,"2026-03-14T09:45:00.000","30","NO CONTROLS","NO CONTROLS","CLEAR","DAYLIGHT","PEDALCYCLIST","NOT DIVIDED",,"STRAIGHT AND LEVEL","DRY","NO DEFECTS","NOT ON SCENE (DESK REPORT)","INJURY AND / OR TOW DUE TO CRASH",,,"Y","$500 OR LESS","2026-03-15T13:45:00.000","FAILING TO YIELD RIGHT-OF-WAY","NOT APPLICABLE","211","W","KINZIE ST","1831",,,"Y",,,,"2","NONINCAPACITATING INJURY","1","0","0","1","0","2","0","9","7","3","41.8889358932","-87.6343769162","POINT (-87.634376916171 41.888935893196)"
"2d8107887cec121f0421df7a02ea014ec31855f6e58bdbf4aea54c604057a89c097c26b09f02716875301d145bb9f75041232b6f74838302600e40cb90a07ce2",,"2026-03-14T09:45:00.000","30","TRAFFIC SIGNAL","FUNCTIONING PROPERLY","CLEAR","DAYLIGHT","TURNING","NOT DIVIDED",,"STRAIGHT AND LEVEL","DRY","NO DEFECTS","NOT ON SCENE (DESK REPORT)","NO INJURY / DRIVE AWAY",,,"Y","$501 - $1,500","2026-03-14T20:37:00.000","NOT APPLICABLE","NOT APPLICABLE","3652","W","63RD ST","823",,,,,,,"2","NO INDICATION OF INJURY","0","0","0","0","0","2","0","9","7","3","41.778887681","-87.7150880159","POINT (-87.715088015907 41.778887681013)"
"c3733a7c2dd57f4cc2d02f80f0625d853823ed2ce4b576c3d2922af6f3190e7af0233a5d98a01b0c7f14b476bb86b5482c4213714ae2a83b96c1ce1a6049c268",,"2026-03-14T09:36:00.000","30","TRAFFIC SIGNAL","NO CONTROLS","CLEAR","DAYLIGHT","TURNING","DIVIDED - W/MEDIAN (NOT RAISED)",,"STRAIGHT AND LEVEL","DRY","NO DEFECTS","ON SCENE","INJURY AND / OR TOW DUE TO CRASH","Y",,,"OVER $1,500","2026-03-14T09:36:00.000","FAILING TO YIELD RIGHT-OF-WAY","NOT APPLICABLE","2","E","115TH ST","531",,,,,,,"2","REPORTED, NOT EVIDENT","4","0","0","0","4","0","0","9","7","3","41.6854326994","-87.6227872166","POINT (-87.622787216598 41.685432699419)"
"6b668b2b4aaf74fd0c125812fd471616f3fb53e4d81105cb6260ae4419a513053d46fa77b07771c4f2ef7bfe1908eb90d3e45e24b7d0bfb72e0948ab8a7480c6",,"2026-03-14T09:18:00.000","30","TRAFFIC SIGNAL","FUNCTIONING PROPERLY","CLEAR","DAYLIGHT","SIDESWIPE SAME DIRECTION","NOT DIVIDED",,"STRAIGHT AND LEVEL","DRY","UNKNOWN","ON SCENE","INJURY AND / OR TOW DUE TO CRASH",,,,"OVER $1,500","2026-03-14T09:22:00.000","IMPROPER LANE USAGE","UNABLE TO DETERMINE","5601","N","NAGLE AVE","1622","N",,,,,,"2","NO INDICATION OF INJURY","0","0","0","0","0","2","0","9","7","3","41.9830010371","-87.7875857702","POINT (-87.787585770213 41.983001037101)"
"c2992e7cce2004f21d69d93501d63bb4545c1a941a4ade4e24cd2d0621f0e56bbf6f0126a5928c8672922160de4fe08069e0a0ab419f5b313eaf68b06f77f246",,"2026-03-14T09:00:00.000","30","NO CONTROLS","NO CONTROLS","CLOUDY/OVERCAST","DAYLIGHT","PARKED MOTOR VEHICLE","ONE-WAY",,"STRAIGHT AND LEVEL","DRY","NO DEFECTS","NOT ON SCENE (DESK REPORT)","NO INJURY / DRIVE AWAY",,,"Y","OVER $1,500","2026-03-14T10:00:00.000","UNABLE TO DETERMINE","UNABLE TO DETERMINE","4417","W","LEXINGTON ST","1131",,,,,,,"2","NO INDICATION OF INJURY","0","0","0","0","0","1","0","9","7","3","41.8714327692","-87.7359157385","POINT (-87.735915738522 41.871432769165)"
"c608dba3bdd95eebe64e2d547ff5d425c9a303911296be98bf4b0c838578eca490472cf252dc550525de9ea90a4c77bce9e775bb8af288e87a19a700ce5a8d2a",,"2026-03-14T09:00:00.000","30","STOP SIGN/FLASHER","FUNCTIONING PROPERLY","CLEAR","DAYLIGHT","TURNING","NOT DIVIDED",,"STRAIGHT AND LEVEL","DRY","NO DEFECTS","ON SCENE","NO INJURY / DRIVE AWAY",,,,"OVER $1,500","2026-03-14T09:02:00.000","DRIVING SKILLS/KNOWLEDGE/EXPERIENCE","UNABLE TO DETERMINE","4701","S","CHRISTIANA AVE","821",,,,,,,"2","NO INDICATION OF INJURY","0","0","0","0","0","2","0","9","7","3","41.8080116146","-87.7075102876","POINT (-87.707510287599 41.808011614559)"
"73f489fca5f77f949f4e94d2bbdb72a529a8e97e77425ca780e1479bceeb86ec9897f7c8eeeb91f3205bdedf3dfb2809d43777b23becc6d28cdd51dbbb20d1b5",,"2026-03-14T08:55:00.000","30","NO CONTROLS","NO CONTROLS","CLEAR","DAYLIGHT","REAR END","NOT DIVIDED",,"STRAIGHT AND LEVEL","DRY","NO DEFECTS","ON SCENE","NO INJURY / DRIVE AWAY",,,"Y","$500 OR LESS","2026-03-14T08:55:00.000","FAILING TO YIELD RIGHT-OF-WAY","FAILING TO YIELD RIGHT-OF-WAY","7319","W","IRVING PARK RD","1631",,,,,,,"2","NO INDICATION OF INJURY","0","0","0","0","0","2","0","8","7","3","41.9525722629","-87.8107995732","POINT (-87.810799573154 41.952572262877)"
"94ef525b16f5393fc1b4b5d1d0cf34756ed7b167cf9895b6baa3db5d6613abc76c603c15fbb61ab09140860205de5854dc2f3637e68940aa3b28535ee70eb4ca",,"2026-03-14T08:30:00.000","30","NO CONTROLS","NO CONTROLS","CLEAR","UNKNOWN","PARKED MOTOR VEHICLE","NOT DIVIDED",,"STRAIGHT AND LEVEL","UNKNOWN","UNKNOWN","NOT ON SCENE (DESK REPORT)","NO INJURY / DRIVE AWAY",,,"Y","OVER $1,500","2026-03-14T15:20:00.000","UNABLE TO DETERMINE","NOT APPLICABLE","1417","N","PULASKI RD","2535",,,,,,,"2","NO INDICATION OF INJURY","0","0","0","0","0","1","0","8","7","3","41.9066871795","-87.7262763799","POINT (-87.726276379918 41.906687179476)"
"32dbbbc142f4c45d9de1ca6c0c5c7cca51709bcd69a05472f0e9aacaadfe10c901850e699bbc20d368829d5ca956b9b9dadb02b534ca4794aad018a1aedb1847",,"2026-03-14T08:10:00.000","30","TRAFFIC SIGNAL","FUNCTIONING PROPERLY","CLEAR","DAYLIGHT","PARKED MOTOR VEHICLE","FOUR WAY",,"STRAIGHT AND LEVEL","UNKNOWN","UNKNOWN","ON SCENE","INJURY AND / OR TOW DUE TO CRASH",,,,"OVER $1,500","2026-03-14T08:13:00.000","NOT APPLICABLE","NOT APPLICABLE","2052","W","OGDEN AVE","1225",,,,,,,"3","NO INDICATION OF INJURY","0","0","0","0","0","1","0","8","7","3","41.8717549184","-87.6778122451","POINT (-87.67781224507 41.871754918404)"
"5c94580efd442e8b5d61b0948cf3078425d0df425ae56749c281189a5df2a21c96c15bfd5cd66f7e5ec66819cd59b952c54943599e08886ac24934e9d264d0b1",,"2026-03-14T08:00:00.000","10","NO CONTROLS","NO CONTROLS","CLEAR","DAYLIGHT","OTHER OBJECT","ALLEY",,"STRAIGHT AND LEVEL","DRY","UNKNOWN","NOT ON SCENE (DESK REPORT)","NO INJURY / DRIVE AWAY",,,,"$501 - $1,500","2026-03-14T14:11:00.000","UNABLE TO DETERMINE","UNABLE TO DETERMINE","2600","W","BERWYN AVE","2011",,,,,,,"1",,,,,,,,,"8","7","3","41.9777858985","-87.6942341276","POINT (-87.694234127565 41.977785898532)"
"e71c26a15357183256270a33d1637110831a9a8611cb8dcd924ec7212b851ec96641ba16e87301f0e8d52af7301824d5985e53455a9eb5328bb533f92f0a100e",,"2026-03-14T08:00:00.000","30","NO CONTROLS","NO CONTROLS","UNKNOWN","UNKNOWN","PARKED MOTOR VEHICLE","NOT DIVIDED",,"STRAIGHT AND LEVEL","UNKNOWN","UNKNOWN",,"INJURY AND / OR TOW DUE TO CRASH","Y",,"Y","OVER $1,500","2026-03-14T08:36:00.000","UNABLE TO DETERMINE","UNABLE TO DETERMINE","800","E","85TH ST","632",,"Y",,,,,"2","NO INDICATION OF INJURY","0","0","0","0","0","1","0","8","7","3","41.740380973","-87.6048699922","POINT (-87.604869992215 41.740380972972)"
"4d8a8a86a38b63f3ec6f135250811b43370af2e516c49a10cf500392e11a12ce95b5dd8b5c99acb84dd57eaa93c6ab4dd721bfb7677dab3107331a13dac36c22",,"2026-03-14T07:47:00.000","30","TRAFFIC SIGNAL","FUNCTIONING PROPERLY","CLEAR","DAYLIGHT","ANGLE","DRIVEWAY",,"STRAIGHT AND LEVEL","DRY","UNKNOWN","ON SCENE","INJURY AND / OR TOW DUE TO CRASH","Y",,"Y","OVER $1,500","2026-03-14T07:48:00.000","UNABLE TO DETERMINE","NOT APPLICABLE","105","N","DEARBORN ST","111",,,,,,,"2","NO INDICATION OF INJURY","0","0","0","0","0","2","0","7","7","3","41.8833318597","-87.6292834537","POINT (-87.629283453748 41.883331859662)"
"38a25d067d73a68547ce92c727cd770584a2da220ba5feb395a1d0a31d95c93626dcddf758d36240ee5fdc7fc332069ffb8ebd9985a8ad4cab11dcb413cb596f",,"2026-03-14T07:43:00.000","30","NO CONTROLS","NO CONTROLS","CLEAR","DAYLIGHT","PARKED MOTOR VEHICLE","ONE-WAY",,"STRAIGHT AND LEVEL","DRY","UNKNOWN","ON SCENE","NO INJURY / DRIVE AWAY",,,,"$501 - $1,500","2026-03-14T07:43:00.000","NOT APPLICABLE","NOT APPLICABLE","700","S","INDEPENDENCE BLVD","1133",,,,,,,"2","NO INDICATION OF INJURY","0","0","0","0","0","1","0","7","7","3","41.8725543342","-87.7204781125","POINT (-87.720478112477 41.872554334228)"
"c5f7e4c82d641681a56de80cdc34232b6e6831b1b458be066e975c07d9e680db041a73d018022096b47a97148064a75be15ecd1fbeec27440e8117c822db0241",,"2026-03-14T07:43:00.000","10","NO CONTROLS","NO CONTROLS","CLEAR","DAYLIGHT","FIXED OBJECT","PARKING LOT",,"STRAIGHT AND LEVEL","DRY","NO DEFECTS","NOT ON SCENE (DESK REPORT)","NO INJURY / DRIVE AWAY",,,,"OVER $1,500","2026-03-14T08:58:00.000","UNABLE TO DETERMINE","NOT APPLICABLE","3151","W","HARRISON ST","1134",,,,,,,"1","NO INDICATION OF INJURY","0","0","0","0","0","1","0","7","7","3","41.8735822883","-87.705488126","POINT (-87.705488125953 41.873582288348)"
"86f08f581abe15c87356a73fcb43d6f746fac3d9bcae3b9f05944cd0a0f5f51c56cb57bcadba368049418595dcf8c437d18eca53657fef76f1ff9f0c1ca40003",,"2026-03-14T07:39:00.000","30","NO CONTROLS","NO CONTROLS","CLEAR","DAYLIGHT","SIDESWIPE SAME DIRECTION","DIVIDED - W/MEDIAN (NOT RAISED)",,"STRAIGHT AND LEVEL","DRY","NO DEFECTS","ON SCENE","NO INJURY / DRIVE AWAY",,,"Y","$501 - $1,500","2026-03-14T07:42:00.000","UNABLE TO DETERMINE","NOT APPLICABLE","4701","N","WESTERN AVE","1911",,,,,,,"2","NO INDICATION OF INJURY","0","0","0","0","0","2","0","7","7","3","41.9668537184","-87.688704331","POINT (-87.688704331049 41.966853718368)"
"e6db76348e7bb0dc10cf83829a0e10bf0d9878ef1a35d03ab5e4b0873b20b1f8941d7d13016328c7844f434a2c5c05426b322cede66b42fc1fa3aa7a86909b9b",,"2026-03-14T07:36:00.000","30","NO CONTROLS","NO CONTROLS","CLEAR","DAYLIGHT","REAR TO REAR","PARKING LOT",,"STRAIGHT AND LEVEL","DRY","NO DEFECTS","ON SCENE","NO INJURY / DRIVE AWAY",,,,"OVER $1,500","2026-03-14T07:36:00.000","IMPROPER BACKING","NOT APPLICABLE","5701","W","MADISON ST","1513",,,,,,,"2","NO INDICATION OF INJURY","0","0","0","0","0","4","0","7","7","3","41.8800834614","-87.768199889","POINT (-87.768199889011 41.880083461427)"
"0fad9a52ab8bdf33ca8d0b8c61446db8a36636bcd56243fd2771aa11a6e6ffa18dfcee585c26075e0eb87538b56a52e883bd67bc8c8fd8d37c7b22447b0f38ff",,"2026-03-14T07:00:00.000","30","TRAFFIC SIGNAL","FUNCTIONING PROPERLY","CLEAR","DAYLIGHT","TURNING","NOT DIVIDED",,"STRAIGHT AND LEVEL","DRY","UNKNOWN","ON SCENE","INJURY AND / OR TOW DUE TO CRASH","Y",,,"$501 - $1,500","2026-03-14T07:15:00.000","FAILING TO YIELD RIGHT-OF-WAY","FAILING TO YIELD RIGHT-OF-WAY","5531","S","CICERO AVE","813",,,,,,,"2","NONINCAPACITATING INJURY","1","0","0","1","0","4","0","7","7","3","41.7922156465","-87.7414724471","POINT (-87.741472447094 41.792215646466)"
"d39c8c79cdf482c4f28171b3ac90219558aa39f25398cfd4b6f3fe30815ecc13d735496baef13e8a2c0a0b47c5147d4b78f68541952c88119505c97846ac1f3b",,"2026-03-14T07:00:00.000","30","STOP SIGN/FLASHER","FUNCTIONING PROPERLY","CLEAR","DAWN","PARKED MOTOR VEHICLE","DIVIDED - W/MEDIAN BARRIER",,"STRAIGHT AND LEVEL","DRY","NO DEFECTS","ON SCENE","NO INJURY / DRIVE AWAY",,,"Y","OVER $1,500","2026-03-14T07:01:00.000","UNABLE TO DETERMINE","NOT APPLICABLE","221","N","COLUMBUS DR","114",,,,,,,"2","NO INDICATION OF INJURY","0","0","0","0","0","1","0","7","7","3","41.8863125143","-87.6205417699","POINT (-87.620541769872 41.886312514284)"
"715823840d19b6a43e87d30b5de3ad1e7d618086c1378aa1bbedccf39e5a1ca272459672e5a4a3ac23c7e6e7a0773ea369b19a6e95848a50e9533fe2c98a3756",,"2026-03-14T06:30:00.000","30","NO CONTROLS","NO CONTROLS","CLEAR","DAYLIGHT","PARKED MOTOR VEHICLE","ONE-WAY",,"STRAIGHT AND LEVEL","DRY","NO DEFECTS","NOT ON SCENE (DESK REPORT)","NO INJURY / DRIVE AWAY",,,"Y","OVER $1,500","2026-03-14T09:41:00.000","UNABLE TO DETERMINE","UNABLE TO DETERMINE","5746","S","TRIPP AVE","813",,,,,,,"2","NO INDICATION OF INJURY","0","0","0","0","0","1","0","6","7","3","41.7881221412","-87.72928828","POINT (-87.729288280038 41.788122141242)"
"58739fae2964c651d0bce90f752fe017d5b5cb77db6183800ab1eb404cd9c66236ae0222a1db8b4b7f1da933674335bf83856638a423a87bbd5b700a8cecff60",,"2026-03-14T05:25:00.000","30","TRAFFIC SIGNAL","FUNCTIONING PROPERLY","CLEAR","DARKNESS, LIGHTED ROAD","TURNING","FOUR WAY",,"STRAIGHT AND LEVEL","DRY","NO DEFECTS","NOT ON SCENE (DESK REPORT)","NO INJURY / DRIVE AWAY","Y",,,"$501 - $1,500","2026-03-14T06:15:00.000","IMPROPER TURNING/NO SIGNAL","DRIVING SKILLS/KNOWLEDGE/EXPERIENCE","499","W","WASHINGTON ST","121",,,,,,,"2","NO INDICATION OF INJURY","0","0","0","0","0","2","0","5","7","3","41.8830712478","-87.6396866514","POINT (-87.639686651357 41.883071247795)"