"crash_record_id","crash_date_est_i","crash_date","posted_speed_limit","traffic_control_device","device_condition","weather_condition","lighting_condition","first_crash_type","trafficway_type","lane_cnt","alignment","roadway_surface_cond","road_defect","report_type","crash_type","intersection_related_i","private_property_i","hit_and_run_i","damage","date_police_notified","prim_contributory_cause","sec_contributory_cause","street_no","street_direction","street_name","beat_of_occurrence","photos_taken_i","statements_taken_i","dooring_i","work_zone_i","work_zone_type","workers_present_i","num_units","most_severe_injury","injuries_total","injuries_fatal","injuries_incapacitating","injuries_non_incapacitating","injuries_reported_not_evident","injuries_no_indication","injuries_unknown","crash_hour","crash_day_of_week","crash_month","latitude","longitude","location"
"4d6984e64a3e7750ff3cc7a6ff2a2d60027496b2324c3e19c291c477ed25cfa938decada582952014649a02a8f0e975b3c2aa0423b0bf75239b06e617a5629fe",,"2026-03-14T05:10:00.000","40","TRAFFIC SIGNAL","FUNCTIONING PROPERLY","CLEAR","DARKNESS, LIGHTED ROAD","REAR END","DIVIDED - W/MEDIAN BARRIER",,"STRAIGHT AND LEVEL","DRY","NO DEFECTS","ON SCENE","INJURY AND / OR TOW DUE TO CRASH",,,,"OVER $1,500","2026-03-14T05:13:00.000","FAILING TO REDUCE SPEED TO AVOID CRASH","FAILING TO REDUCE SPEED TO AVOID CRASH","804","N","LAKE SHORE DR SB","1833",,,,,,,"5","NONINCAPACITATING INJURY","2","0","0","2","0","3","0","5","7","3","41.8969148507","-87.6171036448","POINT (-87.617103644806 41.896914850667)"
"46de0e13b2d3ee9e7200279eae49c3dfa5db070486973ee15ef5b9c5a188743f95473693c60c2149ac8ba85fd2a228a777f6a1829d83bb155b183b87cdb2f470",,"2026-03-14T04:40:00.000","30","TRAFFIC SIGNAL","FUNCTIONING PROPERLY","CLEAR","DARKNESS, LIGHTED ROAD","REAR END","NOT DIVIDED",,"STRAIGHT AND LEVEL","DRY","NO DEFECTS","ON SCENE","INJURY AND / OR TOW DUE TO CRASH",,,,"OVER $1,500","2026-03-14T04:49:00.000","FOLLOWING TOO CLOSELY","NOT APPLICABLE","601","S","WESTERN AVE","1225",,,,,,,"2","NO INDICATION OF INJURY","0","0","0","0","0","3","0","4","7","3","41.8738472258","-87.6860875694","POINT (-87.686087569371 41.873847225759)"
"da2934d569c40bf45ae5675ca20588ae6741f6fe3cc3885552803c282ba7233a53bc9078c57206a66bdeaefbc5c0b4ce52af1e17c1ff8c5dbc9f6327e71db54b",,"2026-03-14T04:40:00.000","30","NO CONTROLS","NO CONTROLS","CLEAR","DARKNESS","PARKED MOTOR VEHICLE","PARKING LOT",,"STRAIGHT AND LEVEL","UNKNOWN","UNKNOWN","NOT ON SCENE (DESK REPORT)","NO INJURY / DRIVE AWAY",,,"Y","OVER $1,500","2026-03-14T05:15:00.000","UNABLE TO DETERMINE","UNABLE TO DETERMINE","5516","N","LINCOLN AVE","2011",,,,,,,"2","NO INDICATION OF INJURY","0","0","0","0","0","1","0","4","7","3","41.9817766412","-87.6931075321","POINT (-87.693107532054 41.981776641194)"
"bebf37d88a6c6f6cbf869eba3226d06d2006e68b8acd7582ea0c80ded3e3f751a878d62f57bb2e3f2e04da12647c0d44ac069963f1ff7d8c85bc5d045dabf7cf",,"2026-03-14T04:39:00.000","30","TRAFFIC SIGNAL","FUNCTIONING PROPERLY","CLEAR","DARKNESS, LIGHTED ROAD","TURNING","NOT DIVIDED",,"STRAIGHT AND LEVEL","DRY","NO DEFECTS","ON SCENE","INJURY AND / OR TOW DUE TO CRASH",,,,"OVER $1,500","2026-03-14T04:44:00.000","UNABLE TO DETERMINE","NOT APPLICABLE","300","N","SACRAMENTO BLVD","1222",,,,,,,"2","NO INDICATION OF INJURY","0","0","0","0","0","2","0","4","7","3","41.8865332539","-87.7015079318","POINT (-87.701507931769 41.886533253902)"
"509a262cafc6938e04d965b2414472078abab085085a5dcfb66952f25046eb276fff5257739074cf2f315eddf3f5e6dfb756e2576fe7ad1e99baaf91e292d76e",,"2026-03-14T04:12:00.000","45","OTHER REG. SIGN","FUNCTIONING PROPERLY","CLEAR","DARKNESS, LIGHTED ROAD","FIXED OBJECT","DIVIDED - W/MEDIAN BARRIER",,"CURVE ON GRADE","DRY","NO DEFECTS","ON SCENE","INJURY AND / OR TOW DUE TO CRASH",,,,"OVER $1,500","2026-03-14T04:13:00.000","UNABLE TO DETERMINE","UNABLE TO DETERMINE","6601","S","CHICAGO SKYWAY OB","312",,,,,,,"1","NO INDICATION OF INJURY","0","0","0","0","0","1","0","4","7","3","41.7751878236","-87.6248528775","POINT (-87.624852877487 41.77518782362)"
"10be84c66384a49c3f2943b25ec489c10e726b0ee4a4d22a3e8055c4258379e66397038b07616ce0dbdac9bf33175885b69fdc3723cc968ba12e468d695f3500",,"2026-03-14T04:00:00.000","45","TRAFFIC SIGNAL","FUNCTIONING PROPERLY","CLEAR","DARKNESS, LIGHTED ROAD","REAR END","DIVIDED - W/MEDIAN BARRIER",,"STRAIGHT AND LEVEL","DRY","NO DEFECTS","ON SCENE","INJURY AND / OR TOW DUE TO CRASH","Y",,,"OVER $1,500","2026-03-14T04:07:00.000","FOLLOWING TOO CLOSELY","FOLLOWING TOO CLOSELY","1331","S","LAKE SHORE DR NB","132",,,,"N",,,"2","NO INDICATION OF INJURY","0","0","0","0","0","2","0","4","7","3","41.8650429375","-87.6188524028","POINT (-87.618852402772 41.865042937509)"
"dc576f94896deaf4154983b99e6c3142b16c1047042a4571548acfbb8cc0c6382c9876419c820bddd59f3abf30a6b34478709730a6628cec127f9b04ab90e144",,"2026-03-14T04:00:00.000","30","NO CONTROLS","NO CONTROLS","CLEAR","DARKNESS","PARKED MOTOR VEHICLE","ONE-WAY",,"STRAIGHT AND LEVEL","UNKNOWN","UNKNOWN","ON SCENE","INJURY AND / OR TOW DUE TO CRASH",,,"Y","OVER $1,500","2026-03-14T09:41:00.000","UNABLE TO DETERMINE","UNABLE TO DETERMINE","1921","W","CONGRESS PKWY","1225",,,,,,,"2","NO INDICATION OF INJURY","0","0","0","0","0","1","0","4","7","3","41.8749352564","-87.6748582271","POINT (-87.674858227144 41.874935256354)"
"ad8f828b0a37b7b35467f5d2744a7e647566d8d2abc06f373ced233f8ce23500fb551b49d76cf6c697829fdc253b81f122f9f273300f425d8aac226ec30947cf","Y","2026-03-14T03:50:00.000","30","TRAFFIC SIGNAL","FUNCTIONING PROPERLY","CLEAR","DARKNESS, LIGHTED ROAD","PARKED MOTOR VEHICLE","FIVE POINT, OR MORE",,"STRAIGHT AND LEVEL","DRY","NO DEFECTS","ON SCENE","NO INJURY / DRIVE AWAY",,,,"$501 - $1,500","2026-03-14T03:50:00.000","UNDER THE INFLUENCE OF ALCOHOL/DRUGS (USE WHEN ARREST IS EFFECTED)","PHYSICAL CONDITION OF DRIVER","2158","S","ASHLAND AVE","1234",,,,,,,"2","NO INDICATION OF INJURY","0","0","0","0","0","1","0","3","7","3","41.8523754932","-87.6661713958","POINT (-87.666171395751 41.852375493174)"
"144c273d5c595f94475810f6f7f90f225681c9a8216ea920f61f967c21e6c7ae7dd90770733726fd1bdddd8e0e950d70506b9800e4ad3c71b64bf376c3c1383f",,"2026-03-14T03:30:00.000","30","TRAFFIC SIGNAL","FUNCTIONING PROPERLY","CLEAR","DARKNESS, LIGHTED ROAD","SIDESWIPE SAME DIRECTION","ONE-WAY",,"STRAIGHT AND LEVEL","DRY","UNKNOWN","NOT ON SCENE (DESK REPORT)","NO INJURY / DRIVE AWAY",,,"Y","$501 - $1,500","2026-03-14T04:14:00.000","UNABLE TO DETERMINE","UNABLE TO DETERMINE","98","W","GRAND AVE","1831",,,,,,,"2","NO INDICATION OF INJURY","0","0","0","0","0","2","0","3","7","3","41.8917367419","-87.6310552134","POINT (-87.631055213365 41.891736741943)"
"95666e542754ccfbe4a193eac5ff4d87b1603cb603f9b4b87d0e61339f04ee5089ac9b5135518528c2db307931dcbe3241dc9809e9d875c59dea2ffd980c8a65",,"2026-03-14T03:30:00.000","30","NO CONTROLS","NO CONTROLS","CLEAR","DARKNESS, LIGHTED ROAD","PARKED MOTOR VEHICLE","NOT DIVIDED",,"STRAIGHT AND LEVEL","DRY","RUT, HOLES","ON SCENE","INJURY AND / OR TOW DUE TO CRASH",,,,"OVER $1,500","2026-03-14T03:34:00.000","UNABLE TO DETERMINE","NOT APPLICABLE","6641","N","GLENWOOD AVE","2432",,,,,,,"3","NO INDICATION OF INJURY","0","0","0","0","0","1","0","3","7","3","42.0031261249","-87.6655190039","POINT (-87.665519003908 42.003126124896)"
"a0cad95087a027b001db8849f8b3cd511ea6d9dead4b174b61fed216957a709265d129bc508a379c7c28de398dd873e29046d1f82999c137986b84be7ec01b8c",,"2026-03-14T03:27:00.000","30","NO CONTROLS","NO CONTROLS","CLEAR","DARKNESS, LIGHTED ROAD","SIDESWIPE SAME DIRECTION","DIVIDED - W/MEDIAN (NOT RAISED)",,"STRAIGHT AND LEVEL","DRY","NO DEFECTS","ON SCENE","NO INJURY / DRIVE AWAY",,,,"OVER $1,500","2026-03-14T03:37:00.000","FAILING TO REDUCE SPEED TO AVOID CRASH","UNABLE TO DETERMINE","300","W","GRAND AVE","1831",,,,,,,"2","NO INDICATION OF INJURY","0","0","0","0","0","2","0","3","7","3","41.8916756338","-87.6356513888","POINT (-87.635651388781 41.891675633763)"
"f085684b18e6de9211e8b1451287d8fd1adcae83dd55069ccb4fe9e13d63aba91059da893dd3d89f5bd39eaa8f0a027bbf0ffed40e67504e3c42c077dfdf3ebf",,"2026-03-14T02:35:00.000","30","NO CONTROLS","NO CONTROLS","CLEAR","DARKNESS, LIGHTED ROAD","TURNING","DIVIDED - W/MEDIAN BARRIER",,"STRAIGHT AND LEVEL","DRY","NO DEFECTS","ON SCENE","NO INJURY / DRIVE AWAY",,,,"OVER $1,500","2026-03-14T02:40:00.000","IMPROPER LANE USAGE","UNABLE TO DETERMINE","5450","S","CICERO AVE","815",,,,,,,"2","NO INDICATION OF INJURY","0","0","0","0","0","5","0","2","7","3","41.7932249869","-87.7422499617","POINT (-87.742249961709 41.793224986862)"
"0d9ed9505d1f5a71da7597ed95d3c28cf34ca8e227407eae44dae9cf305da71ded4d1e9cfb7a7fac126f2e739a348495f5cdc38951641306977efe23fd0a3c59",,"2026-03-14T02:30:00.000","30","UNKNOWN","UNKNOWN","CLEAR","DARKNESS, LIGHTED ROAD","FIXED OBJECT","UNKNOWN",,"STRAIGHT AND LEVEL","DRY","NO DEFECTS","ON SCENE","INJURY AND / OR TOW DUE TO CRASH",,,,"OVER $1,500","2026-03-14T02:31:00.000","UNABLE TO DETERMINE","UNABLE TO DETERMINE","7100","S","SOUTH SHORE DR","334",,,,,,,"1","NO INDICATION OF INJURY","0","0","0","0","0","2","0","2","7","3","41.7661952023","-87.562908182","POINT (-87.562908182042 41.76619520231)"
"0df9c4162e2b004e54ebd5101c504d1bea3d3c1caf3e715c0bbc0b606cf6564ee352039e8bec1767a0af4abd2ebbc4afcc235050cc4c750cee8200f673a606f0",,"2026-03-14T02:30:00.000","30","TRAFFIC SIGNAL","FUNCTIONING PROPERLY","CLEAR","DUSK","ANGLE","FOUR WAY",,"STRAIGHT AND LEVEL","DRY","NO DEFECTS","ON SCENE","INJURY AND / OR TOW DUE TO CRASH","Y",,"Y","OVER $1,500","2026-03-14T02:30:00.000","UNABLE TO DETERMINE","NOT APPLICABLE","7100","S","STONY ISLAND AVE","324",,,,,,,"2","NO INDICATION OF INJURY","0","0","0","0","0","3","0","2","7","3","41.7659281922","-87.5864700779","POINT (-87.586470077922 41.76592819222)"
"bb34bdb24774a661a77fe0cc45025614a373a374d134738330e63e6f5fd7ae870634a47f7b4dd64d903372f0e116eff96b2de49a9f1953666b38e3b6fc850844","Y","2026-03-14T02:30:00.000","30","NO CONTROLS","NO CONTROLS","UNKNOWN","UNKNOWN","PARKED MOTOR VEHICLE","DIVIDED - W/MEDIAN (NOT RAISED)",,"STRAIGHT AND LEVEL","DRY","NO DEFECTS","ON SCENE","NO INJURY / DRIVE AWAY",,,"Y","OVER $1,500","2026-03-14T06:45:00.000","UNABLE TO DETERMINE","UNABLE TO DETERMINE","3855","W","71ST ST","833",,,,,,,"2","NO INDICATION OF INJURY","0","0","0","0","0","1","0","2","7","3","41.7640216045","-87.7196975854","POINT (-87.71969758538 41.764021604519)"
"647ca20e62ba76d2192429382532df78c44f4a2effef540c5691ff14d4b6e8989efdff47d8b756b9f7e5222958155983afe747e34b9d00aae391ed1850711340",,"2026-03-14T01:52:00.000","34","NO CONTROLS","NO CONTROLS","CLEAR","DARKNESS, LIGHTED ROAD","FIXED OBJECT","NOT DIVIDED",,"STRAIGHT AND LEVEL","DRY","NO DEFECTS","ON SCENE","INJURY AND / OR TOW DUE TO CRASH",,,,"OVER $1,500","2026-03-14T01:53:00.000","FAILING TO REDUCE SPEED TO AVOID CRASH","IMPROPER LANE USAGE","5519","N","OCTAVIA AVE","1613",,,,,,,"1","REPORTED, NOT EVIDENT","2","0","0","0","2","1","0","1","7","3","41.9816045889","-87.8096671574","POINT (-87.809667157444 41.9816045889)"
"0e8f10d5ac58d996cd43d28efb7599d3f099bef61323d35470877e40ace4bf7ac421acb83784f2cd4d25a72462ce633c46b9671ba075e62d6657548e65bcfb87",,"2026-03-14T01:00:00.000","20","NO CONTROLS","NO CONTROLS","CLEAR","DARKNESS, LIGHTED ROAD","PARKED MOTOR VEHICLE","ONE-WAY",,"STRAIGHT AND LEVEL","DRY","NO DEFECTS","NOT ON SCENE (DESK REPORT)","NO INJURY / DRIVE AWAY",,,"Y","OVER $1,500","2026-03-14T09:20:00.000","UNABLE TO DETERMINE","NOT APPLICABLE","2927","N","NEWCASTLE AVE","2511",,,,,,,"2","NO INDICATION OF INJURY","0","0","0","0","0","1","0","1","7","3","41.9335161851","-87.796632662","POINT (-87.796632661963 41.933516185074)"
"1285f151c06904292f5b89d71743bfcc5eaa2dca682ad3b95b546f0fed481744c2e2cae1e309a0d9e8f0d534eb8d338b41646efa1210c8d10e779e4013d5d753","Y","2026-03-14T01:00:00.000","30","STOP SIGN/FLASHER","FUNCTIONING PROPERLY","CLEAR","DARKNESS, LIGHTED ROAD","HEAD ON","FOUR WAY",,"STRAIGHT AND LEVEL","DRY","NO DEFECTS","ON SCENE","NO INJURY / DRIVE AWAY","Y",,,"OVER $1,500","2026-03-14T01:00:00.000","FAILING TO YIELD RIGHT-OF-WAY","NOT APPLICABLE","4600","W","LAKE ST","1113",,,,,,,"2","NO INDICATION OF INJURY","0","0","0","0","0","2","0","1","7","3","41.8864048359","-87.740285418","POINT (-87.740285417973 41.886404835909)"
"86911d2cd1f3e06f4c78fc62e4c7bf4e8646fdc0d955e2f80a336264c9caa6a3e2ce4b1bf86c9f2c3da04a8311519785672cd890ff46efe7d27c7482eb9f2729","Y","2026-03-14T00:53:00.000","30","NO CONTROLS","NO CONTROLS","CLEAR","DARKNESS, LIGHTED ROAD","OVERTURNED","NOT DIVIDED",,"STRAIGHT AND LEVEL","DRY","NO DEFECTS","ON SCENE","INJURY AND / OR TOW DUE TO CRASH",,,,"OVER $1,500","2026-03-14T00:53:00.000","FAILING TO REDUCE SPEED TO AVOID CRASH","IMPROPER LANE USAGE","11000","S","DOTY AVE E","513",,,,,,,"1","REPORTED, NOT EVIDENT","1","0","0","0","1","0","0","0","7","3","41.6947780964","-87.5964772223","POINT (-87.596477222335 41.694778096412)"
"a01daec875275b9e618a9a834bd8745b71fbedf846b09d377de1f9e9d2c813e65d25bcb05dbd1f5f10a169edd08d08311a1c9ebebca014d57a3f7af73b13471c",,"2026-03-14T00:50:00.000","25","NO CONTROLS","NO CONTROLS","CLEAR","DARKNESS, LIGHTED ROAD","PARKED MOTOR VEHICLE","ONE-WAY",,"STRAIGHT AND LEVEL","DRY","NO DEFECTS","ON SCENE","NO INJURY / DRIVE AWAY",,,"Y","OVER $1,500","2026-03-14T01:05:00.000","UNABLE TO DETERMINE","NOT APPLICABLE","5647","N","WASHTENAW AVE","2011",,,,,,,"2","NO INDICATION OF INJURY","0","0","0","0","0","2","0","0","7","3","41.984450296","-87.6967655332","POINT (-87.696765533158 41.984450295981)"
"87a8df9135018e0cd193372da0bad63991d777425d9d8f2993f039d8213a13e7a13b221a432d09f2fed0b3cf83f7d6c367e94e39c4b0cb41cd904cd7a28380a7",,"2026-03-14T00:27:00.000","30","TRAFFIC SIGNAL","FUNCTIONING PROPERLY","CLEAR","DARKNESS, LIGHTED ROAD","ANGLE","DIVIDED - W/MEDIAN (NOT RAISED)",,"STRAIGHT AND LEVEL","DRY","NO DEFECTS","NOT ON SCENE (DESK REPORT)","NO INJURY / DRIVE AWAY",,,"Y","OVER $1,500","2026-03-14T01:12:00.000","UNABLE TO DETERMINE","NOT APPLICABLE","6300","S","ROCKWELL ST","825",,,,,,,"2","NO INDICATION OF INJURY","0","0","0","0","0","2","0","0","7","3","41.7790935491","-87.6886680867","POINT (-87.688668086677 41.77909354907)"
"404f66bfcceb71f3a0a42d8a41e9ff1bf6015a2bab576d5e8ee88e07b9a218d25fb7fca1a68306fa37f87516f0d87756c95a285c9071a78a8a6809b12e268e0e",,"2026-03-14T00:24:00.000","30","STOP SIGN/FLASHER","FUNCTIONING PROPERLY","CLEAR","DARKNESS, LIGHTED ROAD","TURNING","FOUR WAY",,"STRAIGHT AND LEVEL","DRY","UNKNOWN","ON SCENE","NO INJURY / DRIVE AWAY","Y",,,"OVER $1,500","2026-03-14T00:32:00.000","FAILING TO YIELD RIGHT-OF-WAY","UNABLE TO DETERMINE","4800","S","MICHIGAN AVE","224",,,,,,,"2","NO INDICATION OF INJURY","0","0","0","0","0","2","0","0","7","3","41.8073730019","-87.6229305547","POINT (-87.622930554709 41.807373001937)"
"fb771a5bde0041332ea9f2f2506349225b63fe14d10e53ecc0fc020a7597b8f1c533cd7454135f242252735ed4d410198505eef2d9b11cb4c124c15a687e8012","Y","2026-03-14T00:00:00.000","30","NO CONTROLS","NO CONTROLS","UNKNOWN","UNKNOWN","PARKED MOTOR VEHICLE","NOT DIVIDED",,"STRAIGHT AND LEVEL","UNKNOWN","NO DEFECTS","ON SCENE","NO INJURY / DRIVE AWAY",,,"Y","OVER $1,500","2026-03-15T10:20:00.000","UNABLE TO DETERMINE","UNABLE TO DETERMINE","3260","S","HAMILTON AVE","912",,,,,,,"2","NO INDICATION OF INJURY","0","0","0","0","0","1","0","0","7","3","41.8342149505","-87.679211302","POINT (-87.679211302047 41.834214950522)"
"5fd7a61725960e5e991d2dd59e5ba3c19286b044eb70626528a8647880ddf3cd4933c79ca54d210f8302e38106b48e9179ce4b4963c1a38b1fa9fa3ccafb2e0f","Y","2026-03-13T23:54:00.000","5","NO CONTROLS","NO CONTROLS","CLEAR","DARKNESS","PARKED MOTOR VEHICLE","PARKING LOT",,"STRAIGHT AND LEVEL","DRY","NO DEFECTS","ON SCENE","NO INJURY / DRIVE AWAY",,"Y","Y","OVER $1,500","2026-03-13T23:54:00.000","DRIVING SKILLS/KNOWLEDGE/EXPERIENCE","NOT APPLICABLE","1375","W","LAKE ST","1224","N","N",,,,,"2","NO INDICATION OF INJURY","0","0","0","0","0","1","0","23","6","3","41.8853197377","-87.6616665843","POINT (-87.661666584335 41.885319737734)"
"217b8d9341254ce98a092832621cc60d369a6b6deb4aa3b3d67c7cb4e16ee70a28626fd024dbffd8672c1ea42f42c7e2460823809ebd866453bc51c46dd9a273",,"2026-03-13T23:53:00.000","30","NO CONTROLS","NO CONTROLS","CLEAR","DARKNESS, LIGHTED ROAD","PEDALCYCLIST","ONE-WAY",,"STRAIGHT AND LEVEL","DRY","OTHER","NOT ON SCENE (DESK REPORT)","INJURY AND / OR TOW DUE TO CRASH",,,,"$501 - $1,500","2026-03-14T00:45:00.000","UNABLE TO DETERMINE","UNABLE TO DETERMINE","340","N","DEARBORN ST","1831",,,,,,,"2","REPORTED, NOT EVIDENT","1","0","0","0","1","1","0","23","6","3","41.8886326423","-87.6297127649","POINT (-87.629712764887 41.888632642298)"
"bcfc97322f4bd8ce8a2047190fcbe68b06a4333ec208e2a1e0f5bdd46b7fc47a95c100a55d480db9a63112505b5b76c2b24b929e13a4ca796da46efb921fd4c3",,"2026-03-13T23:53:00.000","25","NO CONTROLS","NO CONTROLS","CLEAR","DARKNESS, LIGHTED ROAD","PARKED MOTOR VEHICLE","ONE-WAY",,"STRAIGHT AND LEVEL","DRY","NO DEFECTS","ON SCENE","INJURY AND / OR TOW DUE TO CRASH",,,,"OVER $1,500","2026-03-13T23:53:00.000","UNABLE TO DETERMINE","UNABLE TO DETERMINE","4031","N","SAWYER AVE","1724",,"N",,,,,"2","NO INDICATION OF INJURY","0","0","0","0","0","1","0","23","6","3","41.9548486825","-87.7091221092","POINT (-87.709122109204 41.95484868248)"
"112b9b0062a94eb226773a630e5ec1e43a76a88728e73fe0e25e3f2a2a600afab46af5196c5a61f51b63c800eed3671ab8a24fd7824bd8d3c4834c738826c518",,"2026-03-13T23:50:00.000","35","NO CONTROLS","NO CONTROLS","CLEAR","DARKNESS, LIGHTED ROAD","PARKED MOTOR VEHICLE","NOT DIVIDED",,"STRAIGHT AND LEVEL","DRY","NO DEFECTS","ON SCENE","NO INJURY / DRIVE AWAY",,,"Y","OVER $1,500","2026-03-13T23:55:00.000","UNABLE TO DETERMINE","UNABLE TO DETERMINE","8233","S","LAWNDALE AVE","834",,,,,,,"2","NO INDICATION OF INJURY","0","0","0","0","0","1","0","23","6","3","41.7431712072","-87.7142526062","POINT (-87.714252606223 41.743171207199)"
"edc557ced04b10589be0fab7ed7c0e38eceb538facb968aaa6f111e5065930be6fe469e88cabb7765649c9f13ad16e691da40cead9ea56a98e93f93b10d66eb7",,"2026-03-13T23:45:00.000","30","STOP SIGN/FLASHER","NO CONTROLS","CLEAR","DARKNESS, LIGHTED ROAD","TURNING","FOUR WAY",,"STRAIGHT AND LEVEL","DRY","NO DEFECTS","NOT ON SCENE (DESK REPORT)","INJURY AND / OR TOW DUE TO CRASH","Y",,,"OVER $1,500","2026-03-13T23:50:00.000","UNABLE TO DETERMINE","UNABLE TO DETERMINE","13550","S","AVENUE O","433",,,,,,,"2","NO INDICATION OF INJURY","0","0","0","0","0","2","0","23","6","3","41.6484574114","-87.540123166","POINT (-87.540123166041 41.648457411436)"
"999cbebcfb55cacd38657e6a8dd9482f991f889cd20d1fed50c53dbb87800fdeb2326be6c850935409b81eb7abc67d49d5309b5615a9a30411b00cca21cc4df4",,"2026-03-13T23:44:00.000","30","NO CONTROLS","NO CONTROLS","CLEAR","DARKNESS, LIGHTED ROAD","REAR END","NOT DIVIDED",,"STRAIGHT AND LEVEL","DRY","NO DEFECTS","ON SCENE","NO INJURY / DRIVE AWAY",,,,"$500 OR LESS","2026-03-13T23:59:00.000","FOLLOWING TOO CLOSELY","NOT APPLICABLE","3210","W","ARMITAGE AVE","1413",,"N",,,,,"2","NO INDICATION OF INJURY","0","0","0","0","0","2","0","23","6","3","41.917506417","-87.7074587507","POINT (-87.707458750665 41.917506416995)"
"17a32e8cf649be6a3acd358cf126133604b07d5f53e2f783e0be41317d791c7c178a13461434e70f161cfa0e8fb08f6cada452d7744ebd3c190ab4ded078973d",,"2026-03-13T23:30:00.000","30","NO CONTROLS","NO CONTROLS","CLEAR","DARKNESS, LIGHTED ROAD","PARKED MOTOR VEHICLE","NOT DIVIDED",,"STRAIGHT AND LEVEL","DRY","NO DEFECTS","NOT ON SCENE (DESK REPORT)","INJURY AND / OR TOW DUE TO CRASH",,,"Y","OVER $1,500","2026-03-13T23:58:00.000","UNABLE TO DETERMINE","UNABLE TO DETERMINE","7919","S","KIRKLAND AVE","834",,,,,,,"2","NO INDICATION OF INJURY","0","0","0","0","0","1","0","23","6","3","41.7483692389","-87.729509339","POINT (-87.729509338962 41.748369238933)"
"8bd2973cc0d64d6cc5ae39cd021f360b751a49afa0fd8e7fd36b7cf244a5e1fe88d3bd93f88c12ade642c8d64e892e30ca0d4482f1cda491cad364a359ae229e",,"2026-03-13T23:28:00.000","30","TRAFFIC SIGNAL","FUNCTIONING PROPERLY","CLEAR","DARKNESS, LIGHTED ROAD","TURNING","FOUR WAY",,"STRAIGHT AND LEVEL","DRY","NO DEFECTS","ON SCENE","INJURY AND / OR TOW DUE TO CRASH","Y",,,"OVER $1,500","2026-03-13T23:30:00.000","FAILING TO REDUCE SPEED TO AVOID CRASH","UNABLE TO DETERMINE","800","N","KEDZIE AVE","1121",,,,,,,"2","NO INDICATION OF INJURY","0","0","0","0","0","2","0","23","6","3","41.8956153135","-87.7067053251","POINT (-87.706705325106 41.895615313545)"
"128ec05bdb3c0eb0107c1c42a5f5f08bbb3fa47629f9c8a9fe5e0ff133782f6be375b52f6941fd4fa934cf0e8161fecf6a96e2d792cdbf1ef6bd09b0b23a7b57",,"2026-03-13T23:27:00.000","25","STOP SIGN/FLASHER","FUNCTIONING PROPERLY","CLEAR","DARKNESS, LIGHTED ROAD","REAR END","ONE-WAY",,"STRAIGHT AND LEVEL","DRY","NO DEFECTS",,"NO INJURY / DRIVE AWAY",,,,"$500 OR LESS","2026-03-13T23:30:00.000","UNABLE TO DETERMINE","UNABLE TO DETERMINE","36","W","KINZIE ST","1831",,,,,,,"2","NO INDICATION OF INJURY","0","0","0","0","0","2","0","23","6","3","41.8893434784","-87.6295122743","POINT (-87.629512274288 41.889343478416)"
"76969a85f0fb07d48a8b9c9972f86b155bc42891e0b83885bbb330e4af1838c53af00548e463bd8249f9d8d1a3be464777d45faf5a7ec655e243ae2a805227e1",,"2026-03-13T23:27:00.000","30","TRAFFIC SIGNAL","FUNCTIONING PROPERLY","CLEAR","DARKNESS, LIGHTED ROAD","OTHER NONCOLLISION","NOT DIVIDED",,"STRAIGHT AND LEVEL","WET","OTHER","ON SCENE","INJURY AND / OR TOW DUE TO CRASH",,,,"OVER $1,500","2026-03-13T23:29:00.000","NOT APPLICABLE","NOT APPLICABLE","4706","S","KEDZIE AVE","821",,,,,,,"1","NO INDICATION OF INJURY","0","0","0","0","0","1","0","23","6","3","41.8078818042","-87.7041126636","POINT (-87.70411266363 41.807881804152)"
"3ebde9ecf84221e32f77376aee78ab4a7bf602c26dc27dd02a6718419bad706a1e0defec67deff421cb83a4e1f2118c7f538ebf6b5f9a22b1b17db4e688af472",,"2026-03-13T23:25:00.000","30","NO CONTROLS","NO CONTROLS","CLEAR","DARKNESS, LIGHTED ROAD","PARKED MOTOR VEHICLE","DIVIDED - W/MEDIAN (NOT RAISED)",,"STRAIGHT AND LEVEL","DRY","NO DEFECTS","ON SCENE","NO INJURY / DRIVE AWAY",,,,"OVER $1,500","2026-03-13T23:29:00.000","RELATED TO BUS STOP","RELATED TO BUS STOP","3701","N","HALSTED ST","1925",,,,,,,"2","NO INDICATION OF INJURY","0","0","0","0","0","2","0","23","6","3","41.9491532231","-87.6493958698","POINT (-87.649395869835 41.949153223124)"
"4a981cdbee0f7f4d795e352d70d182b90f70a94ab345b0248a4c807cf1eb6ad6aaa8cb8174b333de5da40aee9d45c653655708ed0de3ba9a722644f4abc41afd",,"2026-03-13T23:18:00.000","30","STOP SIGN/FLASHER","FUNCTIONING PROPERLY","CLEAR","DARKNESS, LIGHTED ROAD","PARKED MOTOR VEHICLE","T-INTERSECTION",,"STRAIGHT AND LEVEL","DRY","NO DEFECTS","ON SCENE","NO INJURY / DRIVE AWAY",,,,"OVER $1,500","2026-03-13T23:19:00.000","UNABLE TO DETERMINE","UNABLE TO DETERMINE","5029","W","HIRSCH ST","2533",,,,,,,"2","NO INDICATION OF INJURY","0","0","0","0","0","3","0","23","6","3","41.9058086988","-87.752118119","POINT (-87.752118119044 41.905808698796)"