"crash_record_id","crash_date_est_i","crash_date","posted_speed_limit","traffic_control_device","device_condition","weather_condition","lighting_condition","first_crash_type","trafficway_type","lane_cnt","alignment","roadway_surface_cond","road_defect","report_type","crash_type","intersection_related_i","private_property_i","hit_and_run_i","damage","date_police_notified","prim_contributory_cause","sec_contributory_cause","street_no","street_direction","street_name","beat_of_occurrence","photos_taken_i","statements_taken_i","dooring_i","work_zone_i","work_zone_type","workers_present_i","num_units","most_severe_injury","injuries_total","injuries_fatal","injuries_incapacitating","injuries_non_incapacitating","injuries_reported_not_evident","injuries_no_indication","injuries_unknown","crash_hour","crash_day_of_week","crash_month","latitude","longitude","location"
"8e1f8f5f505b3dd726553b977b227faea95973eaa57b634e4d3ba3cf80b843aa05a1d8c158ce430b4e7396d376d76dc8034e937180919052424d135fce3bb452",,"2026-03-13T23:15:00.000","30","TRAFFIC SIGNAL","FUNCTIONING PROPERLY","CLEAR","DARKNESS, LIGHTED ROAD","TURNING","FOUR WAY",,"STRAIGHT AND LEVEL","DRY","NO DEFECTS","NOT ON SCENE (DESK REPORT)","INJURY AND / OR TOW DUE TO CRASH","Y",,,"OVER $1,500","2026-03-13T23:40:00.000","FAILING TO YIELD RIGHT-OF-WAY","NOT APPLICABLE","98","S","STATE ST","112",,,,,,,"2","NO INDICATION OF INJURY","0","0","0","0","0","3","0","23","6","3","41.8808126153","-87.6278705299","POINT (-87.627870529942 41.880812615283)"
"4366392b17eb03735f8677fbf48cd97c8925d54ed72039e473c2feaed198fb3a10b2799572d96ad12f4e91fc08c8788a9fa8e54386db479bc6bd829b9949a0d0",,"2026-03-13T23:14:00.000","30","STOP SIGN/FLASHER","FUNCTIONING PROPERLY","CLEAR","DARKNESS, LIGHTED ROAD","TURNING","T-INTERSECTION",,"STRAIGHT AND LEVEL","DRY","NO DEFECTS","ON SCENE","NO INJURY / DRIVE AWAY","Y",,,"OVER $1,500","2026-03-13T23:23:00.000","UNABLE TO DETERMINE","UNABLE TO DETERMINE","6728","W","63RD ST","812",,,,,,,"2","NO INDICATION OF INJURY","0","0","0","0","0","2","0","23","6","3","41.7776552494","-87.7897559287","POINT (-87.78975592869 41.777655249414)"
"662a78ae1ae48fca2e6c13a1a13dd57101efa9de385fc6576f009c66aebaeb5206f5c6f925e8e074ebde26d9baf67bbc4d5d4235c321e4eea9f6231bc913a3a9",,"2026-03-13T23:08:00.000","25","TRAFFIC SIGNAL","FUNCTIONING PROPERLY","CLEAR","DARKNESS, LIGHTED ROAD","ANGLE","FOUR WAY",,"STRAIGHT AND LEVEL","DRY","NO DEFECTS","ON SCENE","NO INJURY / DRIVE AWAY","Y",,,"OVER $1,500","2026-03-13T23:10:00.000","DISREGARDING TRAFFIC SIGNALS","NOT APPLICABLE","7201","N","KEDZIE AVE","2411",,,,,,,"2","NO INDICATION OF INJURY","0","0","0","0","0","2","0","23","6","3","42.0119067754","-87.7089093161","POINT (-87.708909316148 42.011906775362)"
"5cbe28f40b7181cd82de290384832a3ba9025f4664c1e1b43253caf3f5e322e808cb955a45e370662562b0bf95361880d0e190e8bbbf92b191570a74996fbb9e",,"2026-03-13T23:00:00.000","35","TRAFFIC SIGNAL","FUNCTIONING PROPERLY","CLEAR","DARKNESS, LIGHTED ROAD","ANGLE","FOUR WAY",,"STRAIGHT AND LEVEL","DRY","UNKNOWN","NOT ON SCENE (DESK REPORT)","NO INJURY / DRIVE AWAY",,,,"$501 - $1,500","2026-03-13T23:40:00.000","DRIVING SKILLS/KNOWLEDGE/EXPERIENCE","NOT APPLICABLE","7100","S","NORMAL BLVD","732",,,,,,,"2","NO INDICATION OF INJURY","0","0","0","0","0","3","0","23","6","3","41.7652154201","-87.6372553783","POINT (-87.637255378312 41.765215420146)"
"6a29697fefb4f3feb4f4cb0b886b9967bebd7b0722b23993ab1ff38864fcfb2662d6e69d240a6da6defc55bf5617a6350bd2b6ae838d7912f071ad8029f357f9","Y","2026-03-13T23:00:00.000","30","NO CONTROLS","OTHER","CLEAR","DARKNESS, LIGHTED ROAD","PARKED MOTOR VEHICLE","NOT DIVIDED",,"STRAIGHT AND LEVEL","DRY","NO DEFECTS","ON SCENE","INJURY AND / OR TOW DUE TO CRASH",,,"Y","OVER $1,500","2026-03-14T01:06:00.000","FOLLOWING TOO CLOSELY","UNABLE TO DETERMINE","280","S","COLUMBUS DR","114",,,,,,,"2","NO INDICATION OF INJURY","0","0","0","0","0","1","0","23","6","3","41.8783843055","-87.6208316342","POINT (-87.620831634157 41.87838430551)"
"fc1ed4c894ccfbfda9f86ded6b5de5175495e179fb4720fa90bc648ca5ef344b85a53a547a8d1bb4017f43859cf242de69056b3d53a3ec3e6eb9c9326f31e055",,"2026-03-13T23:00:00.000","30","TRAFFIC SIGNAL","FUNCTIONING PROPERLY","CLEAR","DARKNESS, LIGHTED ROAD","SIDESWIPE SAME DIRECTION","FOUR WAY",,"STRAIGHT AND LEVEL","DRY","UNKNOWN","NOT ON SCENE (DESK REPORT)","NO INJURY / DRIVE AWAY",,,"Y","$501 - $1,500","2026-03-14T00:20:00.000","IMPROPER LANE USAGE","IMPROPER LANE USAGE","1798","S","RACINE AVE","1233",,,,,,,"2","NO INDICATION OF INJURY","0","0","0","0","0","2","0","23","6","3","41.8579956978","-87.6565777987","POINT (-87.656577798719 41.857995697848)"
"3eeadf3f976a813cc91a8895500a777bad606455ca4242021a417e42372d3654cd190a35ba7666f7bcc47f9f348a9bf149d6312813069ecff6b2560daaf2b3ae",,"2026-03-13T22:50:00.000","30","TRAFFIC SIGNAL","FUNCTIONING PROPERLY","CLEAR","DARKNESS, LIGHTED ROAD","SIDESWIPE SAME DIRECTION","FOUR WAY",,"STRAIGHT AND LEVEL","DRY","NO DEFECTS","NOT ON SCENE (DESK REPORT)","NO INJURY / DRIVE AWAY","Y",,,"OVER $1,500","2026-03-13T23:20:00.000","IMPROPER LANE USAGE","UNABLE TO DETERMINE","1554","W","DIVERSEY PKWY","1932",,,,,,,"2","NO INDICATION OF INJURY","0","0","0","0","0","2","0","22","6","3","41.9325158742","-87.6681815708","POINT (-87.66818157082 41.932515874167)"
"18855204d381b155c96fdbe9fc37917f76174be4945435d1c67994d30c5b62d1bcb4ec518e78fb77c65a2694c2fa4dc289f22c77525aa19b575f5ea538e148ef",,"2026-03-13T22:40:00.000","30","NO CONTROLS","NO CONTROLS","CLEAR","DAYLIGHT","TURNING","DIVIDED - W/MEDIAN (NOT RAISED)",,"STRAIGHT AND LEVEL","DRY","NO DEFECTS","NOT ON SCENE (DESK REPORT)","NO INJURY / DRIVE AWAY",,,"Y","$500 OR LESS","2026-03-16T10:43:00.000","IMPROPER TURNING/NO SIGNAL","UNABLE TO DETERMINE","6300","S","CARPENTER ST","724",,,,,,,"2","NO INDICATION OF INJURY","0","0","0","0","0","2","0","22","6","3","41.7795682243","-87.6510033885","POINT (-87.65100338851 41.779568224334)"
"e5b7108f65f189d7f9f264dd1df8af9860057335b4a7d00abd047adf8b3974899e3183fa94ee563e273fe9d29bd6fa4480eb6c81b50f827bf81b6d5ff4a6fe9b",,"2026-03-13T22:13:00.000","15","NO CONTROLS","NO CONTROLS","CLEAR","DARKNESS, LIGHTED ROAD","PARKED MOTOR VEHICLE","PARKING LOT",,"STRAIGHT AND LEVEL","DRY","UNKNOWN","NOT ON SCENE (DESK REPORT)","NO INJURY / DRIVE AWAY",,,,"OVER $1,500","2026-03-13T22:30:00.000","DRIVING SKILLS/KNOWLEDGE/EXPERIENCE","UNABLE TO DETERMINE","741","W","31ST ST","915",,,,,,,"2","NO INDICATION OF INJURY","0","0","0","0","0","1","0","22","6","3","41.837945673","-87.6454598273","POINT (-87.645459827304 41.837945672974)"
"abc85e273cdfd56a16c7434af753997c6758608e964c74252b7e4bfa3692e33e74de8ca7d55b4ca26f0fcc176b44ab93e9b52d6d891e32cf54fe985c96ab3d05",,"2026-03-13T22:00:00.000","30","STOP SIGN/FLASHER","FUNCTIONING PROPERLY","CLEAR","DARKNESS","PARKED MOTOR VEHICLE","NOT DIVIDED",,"STRAIGHT AND LEVEL","DRY","NO DEFECTS","NOT ON SCENE (DESK REPORT)","NO INJURY / DRIVE AWAY",,,"Y","OVER $1,500","2026-03-14T15:15:00.000","IMPROPER LANE USAGE","UNABLE TO DETERMINE","8700","S","COMMERCIAL AVE","423",,,,,,,"2","NO INDICATION OF INJURY","0","0","0","0","0","1","0","22","6","3","41.7372855719","-87.5515751443","POINT (-87.551575144327 41.73728557189)"
"cfaa7d35630e0ee6a12f3b079714491e02bb71c463237a2e9a59cb3b0ed22231b465531715e57964e6e1e211c4e4091f7eecec6a3c38479f02be87e4c29c7c1c",,"2026-03-13T21:29:00.000","30","TRAFFIC SIGNAL","FUNCTIONING PROPERLY","CLEAR","DARKNESS, LIGHTED ROAD","REAR END","DIVIDED - W/MEDIAN (NOT RAISED)",,"STRAIGHT AND LEVEL","DRY","NO DEFECTS","ON SCENE","NO INJURY / DRIVE AWAY",,,,"$501 - $1,500","2026-03-13T21:34:00.000","FOLLOWING TOO CLOSELY","DRIVING SKILLS/KNOWLEDGE/EXPERIENCE","533","N","ORLEANS ST","1831",,,,,,,"2","NO INDICATION OF INJURY","0","0","0","0","0","2","0","21","6","3","41.8916637733","-87.6368863609","POINT (-87.636886360851 41.891663773313)"
"96f340316cb52868c88cf164f2f6179622195312e40e86367534470a0e4cd3a6d2469b9f1630dc90c5529103cc15679c6197e13073cb96a8766b042755a4c011",,"2026-03-13T21:25:00.000","30","NO CONTROLS","NO CONTROLS","CLEAR","DARKNESS, LIGHTED ROAD","PARKED MOTOR VEHICLE","NOT DIVIDED",,"STRAIGHT AND LEVEL","DRY","NO DEFECTS","ON SCENE","INJURY AND / OR TOW DUE TO CRASH",,,,"OVER $1,500","2026-03-13T21:38:00.000","IMPROPER LANE USAGE","NOT APPLICABLE","6016","W","IRVING PARK RD","1624",,,,,,,"2","NO INDICATION OF INJURY","0","0","0","0","0","1","0","21","6","3","41.9531497374","-87.7775174877","POINT (-87.777517487727 41.953149737375)"
"2054556b67da43b0d2c17a94331e3d7f50291ca03e1d7efe6c89dae1edb7b1fc67fdbbdc7f8a9b43d9420a59a4886295edb02c61c0fddf4738203361c9f3a685",,"2026-03-13T21:20:00.000","30","TRAFFIC SIGNAL","FUNCTIONING PROPERLY","CLEAR","DARKNESS, LIGHTED ROAD","REAR END","FOUR WAY",,"STRAIGHT AND LEVEL","DRY","NO DEFECTS","NOT ON SCENE (DESK REPORT)","INJURY AND / OR TOW DUE TO CRASH",,,"Y","OVER $1,500","2026-03-13T22:00:00.000","FOLLOWING TOO CLOSELY","NOT APPLICABLE","7101","S","EXCHANGE AVE","334",,,,,,,"2","NONINCAPACITATING INJURY","1","0","0","1","0","2","0","21","6","3","41.7662218699","-87.5662892068","POINT (-87.566289206784 41.766221869852)"
"41a52d9163f1b2948fa79c970aa954e3854fa4ac11222caebe067609a3a782fd7f545095dbcdf000be803adea93ce9036451ab106e6be6ad747e493aa19520e7",,"2026-03-13T21:20:00.000","30","TRAFFIC SIGNAL","FUNCTIONING PROPERLY","CLEAR","DARKNESS, LIGHTED ROAD","TURNING","NOT DIVIDED",,"STRAIGHT AND LEVEL","DRY","NO DEFECTS","NOT ON SCENE (DESK REPORT)","NO INJURY / DRIVE AWAY",,,"Y","OVER $1,500","2026-03-13T22:50:00.000","FOLLOWING TOO CLOSELY","UNABLE TO DETERMINE","4701","S","KEDZIE AVE","922",,,,,,,"2","NO INDICATION OF INJURY","0","0","0","0","0","2","0","21","6","3","41.8080542676","-87.7038255411","POINT (-87.70382554115 41.808054267646)"
"7d744404dd9bb60c30f09bb3b51c15d761fbd8a1cc4c4adb1be9691c1c386a26779eda455c79e11af1ca9a635dd422d7c714a57eb35d94052d401a9b4e6c70b8",,"2026-03-13T21:19:00.000","30","NO CONTROLS","NO CONTROLS","CLEAR","DARKNESS","SIDESWIPE SAME DIRECTION","FOUR WAY",,"STRAIGHT AND LEVEL","DRY","NO DEFECTS","NOT ON SCENE (DESK REPORT)","NO INJURY / DRIVE AWAY","Y",,,"$501 - $1,500","2026-03-13T22:50:00.000","IMPROPER OVERTAKING/PASSING","NOT APPLICABLE","4200","S","CICERO AVE","814",,,,,,,"2","NO INDICATION OF INJURY","0","0","0","0","0","3","0","21","6","3","41.8167293867","-87.7435367125","POINT (-87.743536712476 41.816729386747)"
"0e16f8b8e190e233fcda7461e5cc469600c3666581c6a430c3ba7a6c614f7d784dc55982ef093c9718231a6941345ab46563a66a338d7224add30e5c7243d13b",,"2026-03-13T21:16:00.000","25","NO CONTROLS","NO CONTROLS","CLEAR","DARKNESS, LIGHTED ROAD","REAR END","NOT DIVIDED",,"STRAIGHT AND LEVEL","DRY","UNKNOWN","NOT ON SCENE (DESK REPORT)","NO INJURY / DRIVE AWAY",,,"N","OVER $1,500","2026-03-13T21:35:00.000","DRIVING SKILLS/KNOWLEDGE/EXPERIENCE","UNABLE TO DETERMINE","5309","S","RACINE AVE","934",,,,,,,"2","NO INDICATION OF INJURY","0","0","0","0","0","3","0","21","6","3","41.7974951904","-87.6548035403","POINT (-87.654803540264 41.79749519044)"
"aa38021ebbf595f8b26d71261843571cc00ff63351c3114b58b0416c0a3607b5fc007fa6071a3b2bb08eec93c42d289c395195aa0dd2e7a976078559d277a0c1",,"2026-03-13T21:15:00.000","30","NO CONTROLS","NO CONTROLS","CLEAR","DARKNESS, LIGHTED ROAD","REAR END","NOT DIVIDED",,"STRAIGHT AND LEVEL","DRY","UNKNOWN","NOT ON SCENE (DESK REPORT)","NO INJURY / DRIVE AWAY",,,,"$501 - $1,500","2026-03-13T23:00:00.000","FOLLOWING TOO CLOSELY","FOLLOWING TOO CLOSELY","1235","W","BELMONT AVE","1933",,,,,,,"2","NO INDICATION OF INJURY","0","0","0","0","0","2","0","21","6","3","41.9397028781","-87.6603632123","POINT (-87.660363212283 41.939702878084)"
"5ce0a0775ae49587bfe34ff598f66e820615a6ba9003bbfa5b633858be7d8dceec577f57ab7de076830b49609429b3becd8778a87430675fd0d78c71d554b545",,"2026-03-13T21:10:00.000","30","TRAFFIC SIGNAL","UNKNOWN","CLEAR","DARKNESS, LIGHTED ROAD","TURNING","NOT DIVIDED",,"STRAIGHT AND LEVEL","UNKNOWN","UNKNOWN","NOT ON SCENE (DESK REPORT)","NO INJURY / DRIVE AWAY",,,"Y","OVER $1,500","2026-03-13T21:30:00.000","UNABLE TO DETERMINE","UNABLE TO DETERMINE","1800","S","RACINE AVE","1233",,,,,,,"2","NO INDICATION OF INJURY","0","0","0","0","0","2","0","21","6","3","41.8578823933","-87.6565738568","POINT (-87.656573856846 41.857882393311)"
"9a2ef0ee956fe88eb52513c3f0d9662f9dc0b8b3488b47be0c3089c8649f6d899d6a5dcfb6c32e8e8c4da3cde435cf400acef05c9b716f684f5e8594ded66d45",,"2026-03-13T21:00:00.000","30","TRAFFIC SIGNAL","FUNCTIONING PROPERLY","CLEAR","DARKNESS, LIGHTED ROAD","TURNING","NOT DIVIDED",,"STRAIGHT AND LEVEL","DRY","NO DEFECTS","NOT ON SCENE (DESK REPORT)","NO INJURY / DRIVE AWAY","Y",,,"OVER $1,500","2026-03-14T11:15:00.000","FAILING TO YIELD RIGHT-OF-WAY","NOT APPLICABLE","6002","W","NORTH AVE","2513",,,,,,,"2","NO INDICATION OF INJURY","0","0","0","0","0","3","0","21","6","3","41.9093627913","-87.7756436607","POINT (-87.775643660723 41.909362791269)"
"a236881731e909bf71a3ae7cd8dbd7da80c38fb73a4766b5ac638e161fdeb3bf45c7909f1e79b2764fe475ef9ed7c65f7e854c14ef891290aaa349593abe7dba",,"2026-03-13T21:00:00.000","35","NO CONTROLS","NO CONTROLS","CLEAR","DARKNESS, LIGHTED ROAD","PARKED MOTOR VEHICLE","NOT DIVIDED",,"STRAIGHT AND LEVEL","DRY","NO DEFECTS","NOT ON SCENE (DESK REPORT)","NO INJURY / DRIVE AWAY",,,,"OVER $1,500","2026-03-16T11:30:00.000","FOLLOWING TOO CLOSELY","NOT APPLICABLE","6510","W","ADDISON ST","1632",,,,,,,"3","NO INDICATION OF INJURY","0","0","0","0","0","1","0","21","6","3","41.9457221592","-87.7892344393","POINT (-87.78923443932 41.945722159201)"
"ad9334ca15c01b7ec115c671505b1515a080fb86d8452c55ef7381877b1846b635fde693efe6f3863906bf8827cbb214237ca694977086c49a012da1c5bedcd3",,"2026-03-13T21:00:00.000","30","NO CONTROLS","NO CONTROLS","CLEAR","DARKNESS, LIGHTED ROAD","SIDESWIPE SAME DIRECTION","NOT DIVIDED",,"STRAIGHT AND LEVEL","DRY","NO DEFECTS","NOT ON SCENE (DESK REPORT)","NO INJURY / DRIVE AWAY",,,,"OVER $1,500","2026-03-13T21:05:00.000","FAILING TO YIELD RIGHT-OF-WAY","FAILING TO YIELD RIGHT-OF-WAY","400","E","ONTARIO ST","1834",,,,,,,"2","NO INDICATION OF INJURY","0","0","0","0","0","2","0","21","6","3","41.8935606729","-87.6176001788","POINT (-87.617600178786 41.893560672864)"
"ad9d11567baa07d84ce0b1fa2416c3888fdb499b8919ac0672887a06d20269e08471362c17052d6c1ded33b701359e807f6a5d6ce66ba758e932e22ff18bb08d",,"2026-03-13T21:00:00.000","30","NO CONTROLS","NO CONTROLS","CLEAR","DARKNESS, LIGHTED ROAD","REAR END","NOT DIVIDED",,"STRAIGHT AND LEVEL","DRY","NO DEFECTS","NOT ON SCENE (DESK REPORT)","INJURY AND / OR TOW DUE TO CRASH",,,"Y","$500 OR LESS","2026-03-14T18:45:00.000","FAILING TO REDUCE SPEED TO AVOID CRASH","UNABLE TO DETERMINE","1952","N","LINCOLN AVE","1814",,,,,,,"2","REPORTED, NOT EVIDENT","1","0","0","0","1","2","0","21","6","3","41.9176904199","-87.6381309067","POINT (-87.638130906708 41.917690419879)"
"c17fe54d5ca430ba4ef13824102f227f840396f06aa0e17a67707452244bf3f4dc6eb2a850eab9310f896cf083568ce721a20855c8ea9280b4cf277402d75b08",,"2026-03-13T21:00:00.000","30","TRAFFIC SIGNAL","UNKNOWN","UNKNOWN","UNKNOWN","SIDESWIPE SAME DIRECTION","NOT REPORTED",,"STRAIGHT AND LEVEL","UNKNOWN","UNKNOWN","NOT ON SCENE (DESK REPORT)","NO INJURY / DRIVE AWAY","Y",,,"OVER $1,500","2026-03-13T22:20:00.000","IMPROPER OVERTAKING/PASSING","UNABLE TO DETERMINE","1401","W","18TH ST","1233",,,,,,,"2","NO INDICATION OF INJURY","0","0","0","0","0","2","0","21","6","3","41.8577646912","-87.6613850937","POINT (-87.661385093689 41.857764691243)"
"c9616ff754bf4d920d203b34380fc84cb5b225b78852293d3b33f1770ecdfaf0e735975ead520ff6c7d9dd8d5ebca1467119135a9a641143daf988953c3a654f",,"2026-03-13T21:00:00.000","30","TRAFFIC SIGNAL","FUNCTIONING PROPERLY","CLEAR","DARKNESS, LIGHTED ROAD","REAR END","NOT DIVIDED",,"STRAIGHT AND LEVEL","DRY","NO DEFECTS","NOT ON SCENE (DESK REPORT)","NO INJURY / DRIVE AWAY",,,"Y","OVER $1,500","2026-03-13T22:00:00.000","FOLLOWING TOO CLOSELY","UNABLE TO DETERMINE","2602","E","130TH ST","434",,,,,,,"2","NO INDICATION OF INJURY","0","0","0","0","0","2","0","21","6","3","41.6592726344","-87.560828422","POINT (-87.560828422009 41.659272634432)"
"e5f4bfededa46afa101d73ac9d5199b0105dadf9b7b79bbc37bae7447e329b85de541aed54bd7f7df6b251b8f14b6bdde9b51bd011016ce66c1d76c237829fc7",,"2026-03-13T21:00:00.000","30","TRAFFIC SIGNAL","NO CONTROLS","CLEAR","DARKNESS","ANGLE","FOUR WAY",,"STRAIGHT AND LEVEL","DRY","NO DEFECTS","ON SCENE","INJURY AND / OR TOW DUE TO CRASH","Y",,"Y","OVER $1,500","2026-03-13T21:04:00.000","IMPROPER TURNING/NO SIGNAL","UNABLE TO DETERMINE","11901","S","STATE ST","532",,,,,,,"2","REPORTED, NOT EVIDENT","1","0","0","0","1","1","0","21","6","3","41.6779836689","-87.6225100677","POINT (-87.622510067741 41.677983668936)"
"d7266cbf0ac57bc6571f820c29590aa10d481de03cb78863db98f5cbabeddb22cf4a08f9359e81ad4d772c01e26e1512b7364a9e872ca285ad10901b6d34ae9e",,"2026-03-13T20:50:00.000","30","TRAFFIC SIGNAL","UNKNOWN","CLEAR","DUSK","PARKED MOTOR VEHICLE","ONE-WAY",,"STRAIGHT AND LEVEL","DRY","UNKNOWN","ON SCENE","NO INJURY / DRIVE AWAY",,,"Y","OVER $1,500","2026-03-13T21:11:00.000","DRIVING ON WRONG SIDE/WRONG WAY","DRIVING ON WRONG SIDE/WRONG WAY","798","N","LAVERGNE AVE","1531",,,,,,,"2","NO INDICATION OF INJURY","0","0","0","0","0","1","0","20","6","3","41.8949147496","-87.7508515417","POINT (-87.750851541656 41.894914749639)"
"0da7715318331563a5ba173283c404846d7803fd96442191d66aacf5006cf0394abdff9953cad8826ffc6a00d0b80259a9a1ef0d5ee7785bd29b946a5408e884",,"2026-03-13T20:47:00.000","30","STOP SIGN/FLASHER","FUNCTIONING PROPERLY","CLEAR","DARKNESS, LIGHTED ROAD","REAR END","FOUR WAY",,"STRAIGHT AND LEVEL","DRY","NO DEFECTS","ON SCENE","INJURY AND / OR TOW DUE TO CRASH","Y",,"Y","OVER $1,500","2026-03-13T20:49:00.000","FAILING TO REDUCE SPEED TO AVOID CRASH","NOT APPLICABLE","3558","S","DAMEN AVE","912",,,,,,,"2","NO INDICATION OF INJURY","0","0","0","0","0","3","0","20","6","3","41.8286573612","-87.6753855378","POINT (-87.675385537828 41.82865736118)"
"8809cb2580ae1812287b658beb41a51eaca9136678dcbf8ee808369395786bbb8972a8d924c823629eac7c105685da8461b925514c1b0858a5f93c8ea6d2f587",,"2026-03-13T20:46:00.000","30","NO CONTROLS","NO CONTROLS","CLEAR","DARKNESS","REAR END","NOT DIVIDED",,"STRAIGHT AND LEVEL","DRY","NO DEFECTS","NOT ON SCENE (DESK REPORT)","NO INJURY / DRIVE AWAY","Y",,,"OVER $1,500","2026-03-13T21:37:00.000","FOLLOWING TOO CLOSELY","FOLLOWING TOO CLOSELY","5829","W","MADISON ST","1513",,,,,,,"2","NO INDICATION OF INJURY","0","0","0","0","0","2","0","20","6","3","41.8800366662","-87.770985031","POINT (-87.770985031035 41.880036666201)"
"76b464929c3d9a989223c0de1de88fa6519f41037d48485a55b8f47b127b1768cd6882ba6abb454b432e33992f939fb18ba6c74655087cd32d59a472ed8d6c74",,"2026-03-13T20:35:00.000","30","TRAFFIC SIGNAL","FUNCTIONING PROPERLY","CLEAR","DUSK","PEDESTRIAN","DIVIDED - W/MEDIAN (NOT RAISED)",,"STRAIGHT AND LEVEL","DRY","NO DEFECTS","ON SCENE","INJURY AND / OR TOW DUE TO CRASH",,,,"OVER $1,500","2026-03-13T20:40:00.000","UNABLE TO DETERMINE","UNABLE TO DETERMINE","2414","N","KIMBALL AVE","1413",,,,,,,"2","NONINCAPACITATING INJURY","1","0","0","1","0","2","0","20","6","3","41.9251444391","-87.7122658361","POINT (-87.712265836068 41.925144439087)"
"9ceedb309c5967faa10404623e01f642790d50465758fc1e51d3d53a3fec4508a9e10822cb10237aafb2b6e08b9d9c6c51695e45d9319fe48da489ae47dfaef2",,"2026-03-13T20:30:00.000","30","TRAFFIC SIGNAL","FUNCTIONING PROPERLY","UNKNOWN","DARKNESS, LIGHTED ROAD","REAR END","FOUR WAY",,"STRAIGHT AND LEVEL","UNKNOWN","UNKNOWN","NOT ON SCENE (DESK REPORT)","INJURY AND / OR TOW DUE TO CRASH",,,,"OVER $1,500","2026-03-16T01:00:00.000","UNABLE TO DETERMINE","UNABLE TO DETERMINE","2158","W","BELMONT AVE","1921",,,,,,,"2","REPORTED, NOT EVIDENT","1","0","0","0","1","3","0","20","6","3","41.9396243555","-87.6830823342","POINT (-87.683082334181 41.939624355487)"
"44da0427e3ec02b751bd89eb14031295f3251cd264f501213ca9dde224d9076ab430745d3a3f6fec8dc0c965176d240c46d94c63fa693b2060713981fb325efd","Y","2026-03-13T20:20:00.000","25","NO CONTROLS","NO CONTROLS","CLEAR","DARKNESS","PARKED MOTOR VEHICLE","NOT DIVIDED",,"STRAIGHT AND LEVEL","DRY","NO DEFECTS","ON SCENE","INJURY AND / OR TOW DUE TO CRASH",,,,"OVER $1,500","2026-03-13T20:38:00.000","FAILING TO REDUCE SPEED TO AVOID CRASH","DRIVING SKILLS/KNOWLEDGE/EXPERIENCE","6049","N","CHRISTIANA AVE","1711",,,,,,,"2","NO INDICATION OF INJURY","0","0","0","0","0","1","0","20","6","3","41.9917522543","-87.7126615635","POINT (-87.712661563509 41.991752254289)"
"dfb5d03a58782a88d0634820b4aea67b189566cb7b4b1e807fc8be5c628c9c7f900fdc4db8c13a45cbcedc7047df73c7b81168db39137769078d7b53eacac0c1",,"2026-03-13T20:07:00.000","25","STOP SIGN/FLASHER","FUNCTIONING PROPERLY","CLEAR","DARKNESS, LIGHTED ROAD","FIXED OBJECT","DIVIDED - W/MEDIAN (NOT RAISED)",,"STRAIGHT AND LEVEL","DRY","NO DEFECTS","ON SCENE","INJURY AND / OR TOW DUE TO CRASH",,,,"OVER $1,500","2026-03-13T20:08:00.000","ROAD CONSTRUCTION/MAINTENANCE","UNABLE TO DETERMINE","4868","N","LINCOLN AVE","2031",,,,"Y","MAINTENANCE",,"2","NO INDICATION OF INJURY","0","0","0","0","0","2","0","20","6","3","41.9703373551","-87.6897434729","POINT (-87.689743472901 41.970337355065)"
"255b37d9d9f2ce7b8a88238858641b49510865238f2503cb20908f912d3c9e77d8ee17e813536fbc2cd4a40f63ff8379d3bc7d86cd3f20b1691d3a58c9bdcf25",,"2026-03-13T20:00:00.000","30","UNKNOWN","UNKNOWN","UNKNOWN","UNKNOWN","REAR TO SIDE","UNKNOWN",,"STRAIGHT AND LEVEL","UNKNOWN","UNKNOWN","NOT ON SCENE (DESK REPORT)","NO INJURY / DRIVE AWAY",,,,"OVER $1,500","2026-03-14T21:00:00.000","DRIVING SKILLS/KNOWLEDGE/EXPERIENCE","NOT APPLICABLE","701","N","MICHIGAN AVE","1834",,,,,,,"2","NO INDICATION OF INJURY","0","0","0","0","0","2","0","20","6","3","41.8949836069","-87.6241061965","POINT (-87.624106196489 41.894983606939)"
"380e132b10688c6c3ce00edbf77d6d7ba93b26e820d495c36d3e05b969ae1d29532493f64972877ca2ae36e02e6a865177a093567134d083a7693d844c447819",,"2026-03-13T20:00:00.000","30","NO CONTROLS","NO CONTROLS","CLEAR","DARKNESS, LIGHTED ROAD","PARKED MOTOR VEHICLE","ONE-WAY",,"STRAIGHT AND LEVEL","DRY","UNKNOWN","NOT ON SCENE (DESK REPORT)","NO INJURY / DRIVE AWAY",,,"Y","OVER $1,500","2026-03-13T20:37:00.000","NOT APPLICABLE","UNABLE TO DETERMINE","300","N","KEELER AVE","1114",,,,,,,"2","NO INDICATION OF INJURY","0","0","0","0","0","1","0","20","6","3","41.8857915428","-87.7308738786","POINT (-87.730873878579 41.885791542796)"
"88f9fdb8cae25fc2c085657a77327b40767fb047ea67095bc66acb6cec057b62cef263aecd9ff2fae170426f1a77006a4af4312d45d92bae25613eef703472a2",,"2026-03-13T19:59:00.000","30","NO CONTROLS","NO CONTROLS","CLEAR","DARKNESS, LIGHTED ROAD","TURNING","DIVIDED - W/MEDIAN (NOT RAISED)",,"STRAIGHT AND LEVEL","DRY","NO DEFECTS","ON SCENE","NO INJURY / DRIVE AWAY",,"Y",,"$501 - $1,500","2026-03-13T20:42:00.000","FAILING TO YIELD RIGHT-OF-WAY","DRIVING SKILLS/KNOWLEDGE/EXPERIENCE","6246","S","NARRAGANSETT AVE","812",,,,,,,"2","NO INDICATION OF INJURY","0","0","0","0","0","2","0","19","6","3","41.7781052326","-87.781427038","POINT (-87.781427038018 41.778105232637)"