"crash_record_id","crash_date_est_i","crash_date","posted_speed_limit","traffic_control_device","device_condition","weather_condition","lighting_condition","first_crash_type","trafficway_type","lane_cnt","alignment","roadway_surface_cond","road_defect","report_type","crash_type","intersection_related_i","private_property_i","hit_and_run_i","damage","date_police_notified","prim_contributory_cause","sec_contributory_cause","street_no","street_direction","street_name","beat_of_occurrence","photos_taken_i","statements_taken_i","dooring_i","work_zone_i","work_zone_type","workers_present_i","num_units","most_severe_injury","injuries_total","injuries_fatal","injuries_incapacitating","injuries_non_incapacitating","injuries_reported_not_evident","injuries_no_indication","injuries_unknown","crash_hour","crash_day_of_week","crash_month","latitude","longitude","location"
"63a33957d4b35200a97c97994b820632d1c0c996038ab9541548f63d00993d537920fb3d8f684b64479564f6520cf8714dbf317ade0c53d6d42b11005080730f","N","2026-03-13T19:55:00.000","30","NO CONTROLS","NO CONTROLS","UNKNOWN","DARKNESS, LIGHTED ROAD","PARKED MOTOR VEHICLE","NOT DIVIDED",,"STRAIGHT AND LEVEL","DRY","NO DEFECTS","NOT ON SCENE (DESK REPORT)","NO INJURY / DRIVE AWAY",,,,"$501 - $1,500","2026-03-13T21:20:00.000","NOT APPLICABLE","NOT APPLICABLE","254","W","24TH ST","914",,,,,,,"2","NO INDICATION OF INJURY","0","0","0","0","0","1","0","19","6","3","41.8492366615","-87.6340662953","POINT (-87.634066295293 41.849236661481)"
"4988d5e7e12164ff1c3b7d69cf70eb22ac981eca5d9038a2b90dc8065fc47b219de020e191659c810e7e16020451ad4b7e05d5c7982979399034078d8e08b4ec",,"2026-03-13T19:50:00.000","30","NO CONTROLS","NO CONTROLS","CLEAR","DARKNESS","TURNING","NOT DIVIDED",,"STRAIGHT AND LEVEL","DRY","NO DEFECTS","NOT ON SCENE (DESK REPORT)","NO INJURY / DRIVE AWAY",,,,"OVER $1,500","2026-03-14T11:41:00.000","UNABLE TO DETERMINE","UNABLE TO DETERMINE","7051","W","63RD ST","812",,,,,,,"2","NO INDICATION OF INJURY","0","0","0","0","0","2","0","19","6","3","41.7772465808","-87.797998205","POINT (-87.797998204996 41.777246580826)"
"80f9072bc170aa15d55389c53c821591b3908cbb7cbd4f519cac7f00ae9705787cdb92e5d5bafdae88d1da865ab5eaf71619f9784648e5ad66d68b4c9b96ada4",,"2026-03-13T19:50:00.000","30","TRAFFIC SIGNAL","FUNCTIONING PROPERLY","CLEAR","DARKNESS, LIGHTED ROAD","PEDESTRIAN","FOUR WAY",,"STRAIGHT AND LEVEL","DRY","NO DEFECTS","NOT ON SCENE (DESK REPORT)","INJURY AND / OR TOW DUE TO CRASH",,,,"OVER $1,500","2026-03-15T12:47:00.000","FAILING TO YIELD RIGHT-OF-WAY","NOT APPLICABLE","550","E","GRAND AVE","1834",,,,,,,"2","REPORTED, NOT EVIDENT","1","0","0","0","1","2","0","19","6","3","41.8920636011","-87.6125337239","POINT (-87.612533723924 41.892063601122)"
"0eed8e56554b3c4dc5065165cab0bedb0412dae8dc61d2e01d4750977f14cf46efed5a08ba6cc4376d05a6df7ba376cbd04ed00a5eeaa8ff164b75e43f2c550b",,"2026-03-13T19:40:00.000","30","STOP SIGN/FLASHER","FUNCTIONING PROPERLY","CLEAR","DARKNESS, LIGHTED ROAD","ANGLE","FOUR WAY",,"STRAIGHT AND LEVEL","DRY","UNKNOWN","ON SCENE","NO INJURY / DRIVE AWAY","Y",,,"OVER $1,500","2026-03-13T19:41:00.000","FAILING TO YIELD RIGHT-OF-WAY","UNABLE TO DETERMINE","8000","S","ASHLAND AVE","611",,,,,,,"2","NO INDICATION OF INJURY","0","0","0","0","0","2","0","19","6","3","41.7484348028","-87.6635335749","POINT (-87.663533574894 41.748434802843)"
"ea6e8df2de5bbf6bf264ca4d8e7021309482af3df663ffacc006f5040513717cca5286a01624907e9671fc0ebfe1be35dc71248802012b3f99748ea734fa5cfc",,"2026-03-13T19:40:00.000","20","NO CONTROLS","NO CONTROLS","CLEAR","DARKNESS, LIGHTED ROAD","PARKED MOTOR VEHICLE","NOT DIVIDED",,"STRAIGHT AND LEVEL","DRY","NO DEFECTS","NOT ON SCENE (DESK REPORT)","NO INJURY / DRIVE AWAY",,,"Y","OVER $1,500","2026-03-13T21:10:00.000","UNABLE TO DETERMINE","NOT APPLICABLE","4450","N","MOODY AVE","1622",,,,,,,"2","NO INDICATION OF INJURY","0","0","0","0","0","1","0","19","6","3","41.9618295908","-87.7808795865","POINT (-87.780879586543 41.961829590795)"
"8a345953bc5c369b0939a6ccb5f1d78225cc2b839c9fcfba1b93185845021b6477eca5e3c33e83aca8e5b793b644f1f66925117dd9703ed8a29a52f1d4ba17cf",,"2026-03-13T19:35:00.000","30","NO CONTROLS","NO CONTROLS","CLEAR","DARKNESS, LIGHTED ROAD","REAR END","DIVIDED - W/MEDIAN (NOT RAISED)",,"STRAIGHT AND LEVEL","DRY","UNKNOWN","ON SCENE","NO INJURY / DRIVE AWAY",,,"Y","OVER $1,500","2026-03-13T19:55:00.000","FOLLOWING TOO CLOSELY","UNABLE TO DETERMINE","815","W","95TH ST","2223",,,,,,,"2","NO INDICATION OF INJURY","0","0","0","0","0","4","0","19","6","3","41.7213431345","-87.6438588733","POINT (-87.643858873256 41.721343134523)"
"dec44bb4920b6c7c5f6cbceb727a76e58be66e55aed9e01bf00e74dd478ccec637e2d54926bda33218bf38651a60ef937797690f667dcf542278f65ae88ba6f7",,"2026-03-13T19:35:00.000","30","NO CONTROLS","NO CONTROLS","CLEAR","DARKNESS, LIGHTED ROAD","PARKED MOTOR VEHICLE","ONE-WAY",,"STRAIGHT AND LEVEL","DRY","NO DEFECTS","ON SCENE","INJURY AND / OR TOW DUE TO CRASH",,,,"OVER $1,500","2026-03-13T19:40:00.000","PHYSICAL CONDITION OF DRIVER","UNABLE TO DETERMINE","5506","S","MICHIGAN AVE","225",,,,,,,"3","NONINCAPACITATING INJURY","1","0","0","1","0","0","0","19","6","3","41.7941370699","-87.6225993504","POINT (-87.622599350414 41.794137069943)"
"b8de51af5cd83d14ab913a2c83e00e3eda50940adba3008308dfeb96439cbb0522e0bfb5614fe18be25c1976c632224df4f9f4166da041a6da81c63e3c305aa1",,"2026-03-13T19:30:00.000","30","TRAFFIC SIGNAL","NO CONTROLS","CLEAR","DARKNESS, LIGHTED ROAD","TURNING","FOUR WAY",,"STRAIGHT AND LEVEL","DRY","NO DEFECTS","ON SCENE","INJURY AND / OR TOW DUE TO CRASH","Y",,,"OVER $1,500","2026-03-13T19:40:00.000","UNABLE TO DETERMINE","NOT APPLICABLE","3400","N","WESTERN AVE","1921",,,,,,,"2","NONINCAPACITATING INJURY","6","0","0","1","5","1","0","19","6","3","41.9431873732","-87.6883020207","POINT (-87.688302020702 41.943187373182)"
"cb031ec31c11cd3d8df6d94369f8faf674ca2eae9a85b3adf131499cef649d26b13dd4a03ba74a02564767ed8369ea6ef59d5d65a31e032ac6d9524edb62ca21",,"2026-03-13T19:30:00.000","15","NO CONTROLS","NO CONTROLS","CLEAR","DAYLIGHT","PARKED MOTOR VEHICLE","PARKING LOT",,"STRAIGHT AND LEVEL","DRY","NO DEFECTS","NOT ON SCENE (DESK REPORT)","NO INJURY / DRIVE AWAY",,,"Y","OVER $1,500","2026-03-13T19:30:00.000","UNABLE TO DETERMINE","UNABLE TO DETERMINE","4025","N","RAVENSWOOD AVE","1912",,,,,,,"2",,,,,,,,,"19","6","3","41.9550039038","-87.6736642159","POINT (-87.673664215938 41.955003903788)"
"1330008e7f812fe4592ba338d4ad4cc8d7e4e54ebbd73b0ecc66738c3205d7f8e20104a5ed8b012f7c9edfd3093ae141af9926565e4b95ad956f56a9845ceabc",,"2026-03-13T19:05:00.000","30","TRAFFIC SIGNAL","NO CONTROLS","CLEAR","DUSK","REAR END","UNKNOWN INTERSECTION TYPE",,"STRAIGHT AND LEVEL","DRY","NO DEFECTS","NOT ON SCENE (DESK REPORT)","NO INJURY / DRIVE AWAY",,,,"$501 - $1,500","2026-03-13T20:50:00.000","UNABLE TO DETERMINE","UNABLE TO DETERMINE","2555","S","DAMEN AVE","1034","Y",,,,,,"2","NO INDICATION OF INJURY","0","0","0","0","0","3","0","19","6","3","41.8452470025","-87.6755141393","POINT (-87.675514139255 41.845247002463)"
"b5150f07d66d0a8fe6c8f534c1bac3665dae80f89f4b86bf7d6ac14ac4b831ef59c7d7defe57df26bdb66ca4bade2d2ebbc57526d1c6c9140f2d374bc70f575d",,"2026-03-13T19:05:00.000","30","NO CONTROLS","NO CONTROLS","CLEAR","DARKNESS, LIGHTED ROAD","PARKED MOTOR VEHICLE","DIVIDED - W/MEDIAN (NOT RAISED)",,"STRAIGHT AND LEVEL","DRY","NO DEFECTS","NOT ON SCENE (DESK REPORT)","NO INJURY / DRIVE AWAY",,,,"OVER $1,500","2026-03-13T21:20:00.000","FOLLOWING TOO CLOSELY","FOLLOWING TOO CLOSELY","676","N","MICHIGAN AVE","1834",,,,,,,"2","NO INDICATION OF INJURY","0","0","0","0","0","1","0","19","6","3","41.8948268526","-87.6243961572","POINT (-87.624396157156 41.894826852574)"
"b33b0fd91ea955fb41c7132877d26404d983a864925d3dc01c0b5b3ad848b74d9a0c9b8d8725de0c3fe47d899a0a953f3eded4e22d32a52f53bcb17c1eb3e4c5","Y","2026-03-13T19:02:00.000","15","NO CONTROLS","NO CONTROLS","CLEAR","DAYLIGHT","FIXED OBJECT","PARKING LOT",,"STRAIGHT AND LEVEL","DRY","NO DEFECTS","ON SCENE","INJURY AND / OR TOW DUE TO CRASH",,"Y","Y","OVER $1,500","2026-03-13T19:02:00.000","FAILING TO REDUCE SPEED TO AVOID CRASH","NOT APPLICABLE","209","E","103RD ST","512",,,,,,,"1","NO INDICATION OF INJURY","0","0","0","0","0","1","0","19","6","3","41.7071353216","-87.6182417299","POINT (-87.618241729934 41.707135321618)"
"25efee798d452b64cc02c6a8a5966e2bfdb6e7a8c12bb960913ecd25b5d1e9cd80df7105ec9bbe8cccb4c57fdf594505e0e80ea0f5183e444bf09d62653aff31",,"2026-03-13T19:00:00.000","30","TRAFFIC SIGNAL","FUNCTIONING PROPERLY","CLEAR","DAYLIGHT","TURNING","FOUR WAY",,"STRAIGHT AND LEVEL","DRY","NO DEFECTS",,"NO INJURY / DRIVE AWAY","Y",,,"OVER $1,500","2026-03-14T15:45:00.000","UNABLE TO DETERMINE","NOT APPLICABLE","1635","N","LA SALLE DR","1814",,,,,,,"2","NO INDICATION OF INJURY","0","0","0","0","0","2","0","19","6","3","41.9121764084","-87.6330104765","POINT (-87.633010476489 41.912176408442)"
"8dc59fbd6ccad8c86f6919bd93f681cb99541daad6177def5a91f9df6d70103ea5f2ff11c09a78015d1435075c2bb21b8906f29198937b1e85df73a56dd5403d",,"2026-03-13T18:51:00.000","30","NO CONTROLS","NO CONTROLS","CLEAR","DUSK","PARKED MOTOR VEHICLE","DIVIDED - W/MEDIAN BARRIER",,"STRAIGHT AND LEVEL","DRY","NO DEFECTS","ON SCENE","INJURY AND / OR TOW DUE TO CRASH",,,,"OVER $1,500","2026-03-13T18:53:00.000","FAILING TO REDUCE SPEED TO AVOID CRASH","NOT APPLICABLE","737","S","WESTERN AVE","1225",,,,,,,"2","REPORTED, NOT EVIDENT","1","0","0","0","1","1","0","18","6","3","41.8719744784","-87.6860394477","POINT (-87.686039447717 41.871974478427)"
"08e5e703228c852d450b59ff782fc62a1ea4ee4517c9b79e5dc0f980b353af1445a87076c0953fe342efabe9c111a1b415f30ba67a1113509d46fda8b5d14815",,"2026-03-13T18:36:00.000","30","TRAFFIC SIGNAL","FUNCTIONING PROPERLY","CLEAR","DAYLIGHT","OTHER OBJECT","FOUR WAY",,"STRAIGHT AND LEVEL","DRY","NO DEFECTS","ON SCENE","INJURY AND / OR TOW DUE TO CRASH","Y",,"Y","OVER $1,500","2026-03-13T20:31:00.000","NOT APPLICABLE","NOT APPLICABLE","11100","S","MICHIGAN AVE","531",,,,,,,"2","INCAPACITATING INJURY","1","0","1","0","0","1","0","18","6","3","41.6925597626","-87.6211936954","POINT (-87.621193695398 41.692559762592)"
"f1fedc9118a2e3ab668c2d266e5ad1a94b92ea303d4fd6ffda02bf2254fe7134048669f010c1381c0fdb7581e8ce33a4f95a006fd205be63d3de48141121499e",,"2026-03-13T18:32:00.000","30","NO CONTROLS","NO CONTROLS","CLEAR","DARKNESS, LIGHTED ROAD","SIDESWIPE SAME DIRECTION","NOT DIVIDED",,"STRAIGHT AND LEVEL","DRY","NO DEFECTS","NOT ON SCENE (DESK REPORT)","NO INJURY / DRIVE AWAY",,,,"$501 - $1,500","2026-03-13T20:00:00.000","FAILING TO YIELD RIGHT-OF-WAY","NOT APPLICABLE","151","W","KINZIE ST","1831",,,,,,,"2","NO INDICATION OF INJURY","0","0","0","0","0","3","0","18","6","3","41.8890707859","-87.6330393264","POINT (-87.633039326366 41.88907078585)"
"0746bd044425cfda9514e64ac43b3c2de539e765592879b975607057d93f09881ce5179e398c371543fc6559418833639af88295d8d2d5be287c21faa6535b90",,"2026-03-13T18:31:00.000","30","STOP SIGN/FLASHER","FUNCTIONING PROPERLY","CLEAR","DAYLIGHT","ANGLE","NOT DIVIDED",,"STRAIGHT AND LEVEL","DRY","UNKNOWN","ON SCENE","INJURY AND / OR TOW DUE TO CRASH",,,,"OVER $1,500","2026-03-13T18:31:00.000","FAILING TO YIELD RIGHT-OF-WAY","FAILING TO YIELD RIGHT-OF-WAY","2628","E","83RD ST","423",,,,,,,"2","REPORTED, NOT EVIDENT","1","0","0","0","1","2","0","18","6","3","41.7446508452","-87.560111191","POINT (-87.560111191 41.744650845224)"
"5adf9104647719cb7a53a673435fbb45c7870f8a7581ab0917f0cee5b640cccb381f796b1a39333b6597d20a551cc5f2afe90d39db6deccddd8acac32da46f01",,"2026-03-13T18:30:00.000","30","TRAFFIC SIGNAL","FUNCTIONING PROPERLY","CLEAR","DUSK","TURNING","NOT DIVIDED",,"STRAIGHT AND LEVEL","DRY","NO DEFECTS","NOT ON SCENE (DESK REPORT)","NO INJURY / DRIVE AWAY",,,,"$501 - $1,500","2026-03-13T19:00:00.000","FOLLOWING TOO CLOSELY","FOLLOWING TOO CLOSELY","3100","W","31ST ST","1033",,,,,,,"2","NO INDICATION OF INJURY","0","0","0","0","0","3","0","18","6","3","41.837385459","-87.702442532","POINT (-87.702442531983 41.83738545903)"
"9ee3b6640ae36e59eb608d6d46bbfda8a18a3685a05839e823fb0c1e01791122639b4b2bfda03620db2a0e9b0d547ec0dc3c3166ca81c2c7cd8b6bc83c22f24d",,"2026-03-13T18:26:00.000","25","NO CONTROLS","NO CONTROLS","CLEAR","DARKNESS, LIGHTED ROAD","PARKED MOTOR VEHICLE","NOT DIVIDED",,"STRAIGHT AND LEVEL","DRY","NO DEFECTS","ON SCENE","INJURY AND / OR TOW DUE TO CRASH",,,"Y","OVER $1,500","2026-03-13T18:35:00.000","IMPROPER BACKING","UNABLE TO DETERMINE","2099","W","96TH ST","2213",,,,,,,"2","NO INDICATION OF INJURY","0","0","0","0","0","1","0","18","6","3","41.7191159932","-87.6746795927","POINT (-87.674679592685 41.719115993168)"
"8bcb41e5c62794a7d666f9f3a127e80ed2c4281e727ff4721374445f28cacac39e10f02af6e35914a2f532fe1d25801642c8eaf9df3e9e9545ef08915ca84903",,"2026-03-13T18:25:00.000","30","TRAFFIC SIGNAL","FUNCTIONING PROPERLY","CLEAR","DUSK","REAR END","NOT DIVIDED",,"STRAIGHT AND LEVEL","DRY","NO DEFECTS",,"NO INJURY / DRIVE AWAY",,,,"$500 OR LESS","2026-03-13T18:25:00.000","UNABLE TO DETERMINE","NOT APPLICABLE","1154","W","HOLLYWOOD AVE","2022",,,,,,,"2","NO INDICATION OF INJURY","0","0","0","0","0","2","0","18","6","3","41.9855649099","-87.6600101288","POINT (-87.660010128843 41.985564909904)"
"a1e5cdf3cb13011cd2fb43c9226ad3379035afa3cd72d30cfea5e3dd1e4407c1f2600b344c1b0513ac05798333dedb93d1a8079c73a690d39b3e4e9e281144c9",,"2026-03-13T18:24:00.000","30","TRAFFIC SIGNAL","FUNCTIONING PROPERLY","CLEAR","DAYLIGHT","TURNING","DIVIDED - W/MEDIAN (NOT RAISED)",,"STRAIGHT AND LEVEL","DRY","NO DEFECTS","ON SCENE","INJURY AND / OR TOW DUE TO CRASH","Y",,,"OVER $1,500","2026-03-13T18:24:00.000","FAILING TO YIELD RIGHT-OF-WAY","UNABLE TO DETERMINE","3051","N","CLARK ST","1934",,,,,,,"2","NO INDICATION OF INJURY","0","0","0","0","0","2","0","18","6","3","41.9377749399","-87.6487408072","POINT (-87.648740807219 41.937774939895)"
"a66a01aeac6d6a72dccbc7f4d7f7fd9a137925edaf45b8b7f6a148699bc4bfa954513ed1da5c9dc5c85177e8a771c4f17d96138c39ab7dd5c092205eb04858f2",,"2026-03-13T18:22:00.000","30","TRAFFIC SIGNAL","FUNCTIONING PROPERLY","CLEAR","DARKNESS, LIGHTED ROAD","SIDESWIPE SAME DIRECTION","NOT DIVIDED",,"STRAIGHT AND LEVEL","DRY","NO DEFECTS","ON SCENE","NO INJURY / DRIVE AWAY",,,,"$500 OR LESS","2026-03-13T18:24:00.000","UNABLE TO DETERMINE","UNABLE TO DETERMINE","2823","W","BELMONT AVE","1411",,,,,,,"2","NO INDICATION OF INJURY","0","0","0","0","0","2","0","18","6","3","41.9392781482","-87.6988019986","POINT (-87.698801998612 41.939278148184)"
"75ab4647c89a9cda0ca268d1a95799418b11f875ca687f5f91979ecd4facd64e076fe8a5b8dd8f11c7daadc006306463be2c032164764a15c2e283f4a38ca681",,"2026-03-13T18:20:00.000","30","OTHER","OTHER","CLEAR","DAYLIGHT","REAR END","DIVIDED - W/MEDIAN (NOT RAISED)",,"STRAIGHT AND LEVEL","DRY","NO DEFECTS","ON SCENE","NO INJURY / DRIVE AWAY",,,"Y","$501 - $1,500","2026-03-13T18:20:00.000","FOLLOWING TOO CLOSELY","DRIVING SKILLS/KNOWLEDGE/EXPERIENCE","1337","E","47TH ST","222",,,,,,,"2","NO INDICATION OF INJURY","0","0","0","0","0","3","0","18","6","3","41.8095660031","-87.5937923029","POINT (-87.593792302884 41.809566003143)"
"630f5f732496ef3aeed3d0af440a3c3b538bbdf07d1b769c42176e76f04650140e8c390bbea1fd32e9ab2de98984e87dd18521a2d10f76fab4e7febf21fdc110",,"2026-03-13T18:15:00.000","25","NO CONTROLS","NO CONTROLS","CLEAR","DAYLIGHT","REAR END","NOT DIVIDED",,"STRAIGHT AND LEVEL","DRY","NO DEFECTS","ON SCENE","NO INJURY / DRIVE AWAY",,,"Y","OVER $1,500","2026-03-13T18:25:00.000","FAILING TO REDUCE SPEED TO AVOID CRASH","NOT APPLICABLE","6105","W","55TH ST","811",,,,,,,"3","NO INDICATION OF INJURY","0","0","0","0","0","3","0","18","6","3","41.7923799872","-87.774741889","POINT (-87.774741889049 41.792379987165)"
"667ffe8e1cfb521ebee57c3668e01b5402c09aa9630411e4f65953097c8c47e5fac82958b4fa705d9796e07c235f047584fe9bab98255f8155a99ba1dc93731c",,"2026-03-13T18:15:00.000","30","NO CONTROLS","NO CONTROLS","CLEAR","DAYLIGHT","SIDESWIPE SAME DIRECTION","DIVIDED - W/MEDIAN BARRIER",,"STRAIGHT AND LEVEL","DRY","NO DEFECTS","NOT ON SCENE (DESK REPORT)","NO INJURY / DRIVE AWAY",,,,"$500 OR LESS","2026-03-13T20:04:00.000","UNABLE TO DETERMINE","NOT APPLICABLE","3939","W","79TH ST","834",,,,,,,"2","NO INDICATION OF INJURY","0","0","0","0","0","2","0","18","6","3","41.7493481704","-87.7210967274","POINT (-87.721096727406 41.749348170421)"
"d59052bdfaa3b2cc4289ae23925e297a841712252b9d5928deca152c0e4dfc11033f933f31b5e70b629e5b73f5d23a765e246c1782015e2bd6776cf33ee6f776",,"2026-03-13T18:15:00.000","30","NO CONTROLS","NO CONTROLS","CLEAR","DARKNESS","FIXED OBJECT","ALLEY",,"STRAIGHT AND LEVEL","DRY","UNKNOWN","NOT ON SCENE (DESK REPORT)","NO INJURY / DRIVE AWAY",,,,"OVER $1,500","2026-03-14T09:00:00.000","FAILING TO REDUCE SPEED TO AVOID CRASH","DRIVING SKILLS/KNOWLEDGE/EXPERIENCE","5100","N","HAMLIN AVE","1712",,,,,,,"1","NO INDICATION OF INJURY","0","0","0","0","0","1","0","18","6","3","41.9737826194","-87.7234332195","POINT (-87.723433219549 41.973782619429)"
"e4c2d4128b3cfc3701bae6704458742601c0331a2413eb71c09ee940793c7c6191baa46d978055366c84aa8ca7aa70a6ec0adadfee1fdb370e049bb092fb612a",,"2026-03-13T18:15:00.000","15","NO CONTROLS","NO CONTROLS","CLEAR","DAYLIGHT","ANGLE","NOT DIVIDED",,"STRAIGHT AND LEVEL","DRY","NO DEFECTS","NOT ON SCENE (DESK REPORT)","NO INJURY / DRIVE AWAY",,,,"OVER $1,500","2026-03-13T19:19:00.000","VISION OBSCURED (SIGNS, TREE LIMBS, BUILDINGS, ETC.)","DRIVING SKILLS/KNOWLEDGE/EXPERIENCE","3216","N","DRAKE AVE","1732",,,,,,,"2","NO INDICATION OF INJURY","0","0","0","0","0","2","0","18","6","3","41.9397448815","-87.7163467094","POINT (-87.7163467094 41.939744881518)"
"f285c7412012019eff04863163e798fc7ba2096871b8f97814769e7332e82461cba33a212ce4f57e386f4eb1d910b0115dad0ca67218af0cd9d61c8f43cf7ba4",,"2026-03-13T18:15:00.000","30","UNKNOWN","UNKNOWN","OTHER","DARKNESS","REAR END","OTHER",,"STRAIGHT AND LEVEL","WET","UNKNOWN","NOT ON SCENE (DESK REPORT)","NO INJURY / DRIVE AWAY",,,,"OVER $1,500","2026-03-13T18:40:00.000","EQUIPMENT - VEHICLE CONDITION","NOT APPLICABLE","7068","S","SOUTH CHICAGO AVE","322",,,,,,,"3","NO INDICATION OF INJURY","0","0","0","0","0","3","0","18","6","3","41.7665013743","-87.6066709895","POINT (-87.606670989463 41.766501374296)"
"95a79ac3b5b96aebf6616693232749675e3d9676735e7e36633bbcf3312b7eac49dc04248bc237b371bbcf801c0b44f2183048ea41902beaf9db2a5741b68450",,"2026-03-13T18:07:00.000","30","TRAFFIC SIGNAL","FUNCTIONING PROPERLY","CLEAR","DAYLIGHT","TURNING","DIVIDED - W/MEDIAN (NOT RAISED)",,"STRAIGHT AND LEVEL","DRY","UNKNOWN","NOT ON SCENE (DESK REPORT)","NO INJURY / DRIVE AWAY",,,,"OVER $1,500","2026-03-13T20:00:00.000","UNABLE TO DETERMINE","NOT APPLICABLE","6520","W","FULLERTON AVE","2512",,,,,,,"2","NO INDICATION OF INJURY","0","0","0","0","0","2","0","18","6","3","41.9237604017","-87.7887477626","POINT (-87.788747762559 41.923760401743)"
"5739654089f37632f82c3745f910ea64de8de675ee494e11b31f83dca1613d3295f25301527d5a356c4cd85cef181b2c8afe9979f858b92b3f904e267c577c8d","Y","2026-03-13T18:05:00.000","25","NO CONTROLS","NO CONTROLS","CLEAR","DAYLIGHT","ANGLE","ONE-WAY",,"STRAIGHT AND LEVEL","DRY","NO DEFECTS","ON SCENE","INJURY AND / OR TOW DUE TO CRASH","Y",,,"OVER $1,500","2026-03-13T18:08:00.000","FAILING TO YIELD RIGHT-OF-WAY","FAILING TO REDUCE SPEED TO AVOID CRASH","5612","W","GRACE ST","1633",,,,,,,"2","NO INDICATION OF INJURY","0","0","0","0","0","2","0","18","6","3","41.9496308867","-87.7674590058","POINT (-87.767459005755 41.949630886708)"
"02854180e817a5524fe39f26e5c59525496df8b255dfa86d634a8c51c89934cbe3fa30f0760bbaa37d784e592246c658fb15865867d6768f37fbd27f8041208e",,"2026-03-13T18:03:00.000","30","NO CONTROLS","NO CONTROLS","CLEAR","DAYLIGHT","ANGLE","FOUR WAY",,"STRAIGHT AND LEVEL","DRY","NO DEFECTS","ON SCENE","NO INJURY / DRIVE AWAY","Y",,,"OVER $1,500","2026-03-13T18:03:00.000","UNABLE TO DETERMINE","UNABLE TO DETERMINE","456","N","LEAVITT ST","1221",,,,,,,"2","NO INDICATION OF INJURY","0","0","0","0","0","2","0","18","6","3","41.8902283489","-87.6819343953","POINT (-87.681934395317 41.890228348921)"
"d7663e04fdc1b294a99ce03491c1ccdd92a18f8e01437f154aeeb15b51751c3d118b08d921c1b23028df37ddf94e3b4e7a275b9908cf0b6c75634cb142cf6024",,"2026-03-13T18:01:00.000","30","NO CONTROLS","NO CONTROLS","CLEAR","DAYLIGHT","PARKED MOTOR VEHICLE","DIVIDED - W/MEDIAN BARRIER",,"STRAIGHT AND LEVEL","DRY","NO DEFECTS","ON SCENE","NO INJURY / DRIVE AWAY",,,,"OVER $1,500","2026-03-13T18:22:00.000","FAILING TO YIELD RIGHT-OF-WAY","UNABLE TO DETERMINE","1131","N","AUSTIN BLVD","1511",,,,,,,"2","NO INDICATION OF INJURY","0","0","0","0","0","3","0","18","6","3","41.9011143973","-87.7751859246","POINT (-87.775185924602 41.901114397271)"
"50501feffabc4f8f7f8ad5e7b339e194f24df9b7cc973b220b2e165e9dafbdcce968ea3a06034485bfc6c3f8e4b39187a5a91cedd333f0a95ea4a0c6643ddcb0",,"2026-03-13T18:00:00.000","30","TRAFFIC SIGNAL","FUNCTIONING PROPERLY","CLEAR","DARKNESS","REAR END","DIVIDED - W/MEDIAN (NOT RAISED)",,"STRAIGHT AND LEVEL","DRY","NO DEFECTS","NOT ON SCENE (DESK REPORT)","NO INJURY / DRIVE AWAY",,,,"OVER $1,500","2026-03-13T19:45:00.000","UNABLE TO DETERMINE","NOT APPLICABLE","111","N","MICHIGAN AVE","114",,,,,,,"2","NO INDICATION OF INJURY","0","0","0","0","0","2","0","18","6","3","41.8835292116","-87.6242663939","POINT (-87.624266393898 41.883529211585)"
"931241d7bfa1db2ec408b4045682c4f4a414d025e1c969cd5d5334841e0c21461502233529bfd923b7bebe744b42db346d49ee81289fec4237fffeaa4721f7cc",,"2026-03-13T18:00:00.000","35","NO CONTROLS","NO CONTROLS","CLEAR","DAYLIGHT","SIDESWIPE SAME DIRECTION","NOT DIVIDED",,"STRAIGHT AND LEVEL","DRY","NO DEFECTS","NOT ON SCENE (DESK REPORT)","NO INJURY / DRIVE AWAY",,,,"OVER $1,500","2026-03-13T21:00:00.000","IMPROPER OVERTAKING/PASSING","DRIVING SKILLS/KNOWLEDGE/EXPERIENCE","5524","N","NAGLE AVE","1613",,,,,,,"2","NO INDICATION OF INJURY","0","0","0","0","0","2","0","18","6","3","41.9819444321","-87.78789992","POINT (-87.787899920031 41.981944432081)"
"d36fbf8c3770d742dcc3daf1bdd51455a13dff0b7560831ef3d4d7c023ae019fe5ff00a0b4d3996138e9172a8d9e0b4e64ec7e0d7d01c3cf1e151b1e8689f1cc","Y","2026-03-13T18:00:00.000","20","STOP SIGN/FLASHER","NO CONTROLS","CLEAR","DAYLIGHT","ANGLE","FOUR WAY",,"STRAIGHT AND LEVEL","DRY","NO DEFECTS","ON SCENE","INJURY AND / OR TOW DUE TO CRASH",,,,"OVER $1,500","2026-03-13T18:10:00.000","DISTRACTION - FROM INSIDE VEHICLE","NOT APPLICABLE","7900","S","HOYNE AVE","611",,,,,,,"2","REPORTED, NOT EVIDENT","2","0","0","0","2","1","0","18","6","3","41.7501617608","-87.675729921","POINT (-87.675729921024 41.750161760781)"
"e2cd98a411b63d314816855190b951b10fcb66d163d914414c154d312f06ffc81ecd24bbafe92946d3ee326d4f6fd391cf5395dd5019164778d6775357bf8787",,"2026-03-13T18:00:00.000","30","NO CONTROLS","NO CONTROLS","CLEAR","DAYLIGHT","SIDESWIPE SAME DIRECTION","NOT DIVIDED",,"STRAIGHT AND LEVEL","DRY","NO DEFECTS","NOT ON SCENE (DESK REPORT)","NO INJURY / DRIVE AWAY",,,,"OVER $1,500","2026-03-13T18:40:00.000","IMPROPER LANE USAGE","NOT APPLICABLE","5511","S","PULASKI RD","822",,,,,,,"2","NO INDICATION OF INJURY","0","0","0","0","0","2","0","18","6","3","41.7928145698","-87.7229994338","POINT (-87.722999433795 41.792814569777)"