"crash_record_id","crash_date_est_i","crash_date","posted_speed_limit","traffic_control_device","device_condition","weather_condition","lighting_condition","first_crash_type","trafficway_type","lane_cnt","alignment","roadway_surface_cond","road_defect","report_type","crash_type","intersection_related_i","private_property_i","hit_and_run_i","damage","date_police_notified","prim_contributory_cause","sec_contributory_cause","street_no","street_direction","street_name","beat_of_occurrence","photos_taken_i","statements_taken_i","dooring_i","work_zone_i","work_zone_type","workers_present_i","num_units","most_severe_injury","injuries_total","injuries_fatal","injuries_incapacitating","injuries_non_incapacitating","injuries_reported_not_evident","injuries_no_indication","injuries_unknown","crash_hour","crash_day_of_week","crash_month","latitude","longitude","location"
"edde457ee3ed12b3071331061f5d3b0bff2b4a11567e774bbdb7235a99fbc804ee4028df3a09eb15211a8f9b856d154414d218512911824966c754ba52389049",,"2026-03-13T18:00:00.000","30","UNKNOWN","UNKNOWN","UNKNOWN","UNKNOWN","SIDESWIPE SAME DIRECTION","DIVIDED - W/MEDIAN (NOT RAISED)",,"STRAIGHT AND LEVEL","UNKNOWN","UNKNOWN","NOT ON SCENE (DESK REPORT)","NO INJURY / DRIVE AWAY",,,,"OVER $1,500","2026-03-14T18:10:00.000","DISTRACTION - FROM OUTSIDE VEHICLE","UNABLE TO DETERMINE","2400","W","DEVON AVE","2412",,,,,,,"2","NO INDICATION OF INJURY","0","0","0","0","0","2","0","18","6","3","41.997838114","-87.6899485368","POINT (-87.689948536814 41.997838113989)"
"eee9e639e422c9937da30f97c5717962c76643feeedecb25d9b244053ab7134574019369052f31a92c90fea5260b5788cdf28a8236bd9d57ee74122db2928cae",,"2026-03-13T18:00:00.000","30","NO CONTROLS","NO CONTROLS","CLEAR","DAYLIGHT","PARKED MOTOR VEHICLE","NOT DIVIDED",,"STRAIGHT AND LEVEL","DRY","NO DEFECTS","NOT ON SCENE (DESK REPORT)","NO INJURY / DRIVE AWAY",,,,"$500 OR LESS","2026-03-15T11:55:00.000","UNABLE TO DETERMINE","NOT APPLICABLE","3454","W","FULLERTON AVE","1413",,,,,,,"2","NO INDICATION OF INJURY","0","0","0","0","0","1","0","18","6","3","41.9247463325","-87.7143309676","POINT (-87.714330967635 41.924746332538)"
"308063a038c5cb03b6f09f3132784341b1e456c4d9fbf006de3fcdb4e45cf4749eaa2b21f1ab6fdc8c3b6fad6fa8fd39ff2738aecc0132d2fc6fa1beb535f8c1",,"2026-03-13T17:58:00.000","30","NO CONTROLS","NO CONTROLS","CLEAR","DAYLIGHT","PARKED MOTOR VEHICLE","DIVIDED - W/MEDIAN (NOT RAISED)",,"STRAIGHT AND LEVEL","DRY","NO DEFECTS","NOT ON SCENE (DESK REPORT)","NO INJURY / DRIVE AWAY",,,"Y","OVER $1,500","2026-03-13T21:00:00.000","IMPROPER BACKING","FAILING TO YIELD RIGHT-OF-WAY","6221","N","BROADWAY","2433",,,,,,,"2","NO INDICATION OF INJURY","0","0","0","0","0","1","0","17","6","3","41.9952114602","-87.6602779929","POINT (-87.660277992909 41.995211460222)"
"8773ef3e20c78289f6f9b37a1dce99b70e2023197c98d147eaaac32ff9d3e4e43878c4f3dd35a9d6419decb7f6b146eb2e68b63a04e1bc6d5f73480229d02c4a",,"2026-03-13T17:56:00.000","30","NO CONTROLS","NO CONTROLS","CLEAR","DAYLIGHT","SIDESWIPE SAME DIRECTION","ONE-WAY",,"STRAIGHT AND LEVEL","DRY","NO DEFECTS","ON SCENE","NO INJURY / DRIVE AWAY",,,,"OVER $1,500","2026-03-13T17:56:00.000","FAILING TO REDUCE SPEED TO AVOID CRASH","NOT APPLICABLE","4536","N","MASON AVE","1622",,,,,,,"2","NO INDICATION OF INJURY","0","0","0","0","0","2","0","17","6","3","41.9633197288","-87.7760430743","POINT (-87.776043074341 41.963319728837)"
"2eaeb1e2ee3ce90f98adb7eb295efcddd85e9077cc721e570a9bf2eb2e17d9136d70f366abbe85de02d5dfa1966d3af384357c4bd65017f71826e1883a011dfa",,"2026-03-13T17:53:00.000","30","NO CONTROLS","NO CONTROLS","CLEAR","DAYLIGHT","FIXED OBJECT","DIVIDED - W/MEDIAN BARRIER",,"STRAIGHT AND LEVEL","DRY","NO DEFECTS","ON SCENE","INJURY AND / OR TOW DUE TO CRASH",,,,"$501 - $1,500","2026-03-13T18:00:00.000","FAILING TO REDUCE SPEED TO AVOID CRASH","FAILING TO REDUCE SPEED TO AVOID CRASH","450","S","FEDERAL ST","113",,,,,,,"1","NONINCAPACITATING INJURY","1","0","0","1","0","0","0","17","6","3","41.8756829497","-87.629844677","POINT (-87.629844676996 41.875682949661)"
"de456592fd67aff7f84fc16d4947e59c8517e5f7e5c0730a62eed0bc07984ef988185f986754cd73c7c720f5bd5248d6eb591cb03f0215becb59285cdd662dcb",,"2026-03-13T17:48:00.000","30","UNKNOWN","FUNCTIONING PROPERLY","CLEAR","DAYLIGHT","REAR END","NOT DIVIDED",,"STRAIGHT AND LEVEL","DRY","NO DEFECTS","ON SCENE","NO INJURY / DRIVE AWAY",,,,"OVER $1,500","2026-03-13T17:48:00.000","HAD BEEN DRINKING (USE WHEN ARREST IS NOT MADE)","NOT APPLICABLE","9898","S","EWING AVE","432",,,,,,,"2","NO INDICATION OF INJURY","0","0","0","0","0","4","0","17","6","3","41.7159167013","-87.5354236163","POINT (-87.535423616318 41.71591670131)"
"6957b9c559df67318afe36fa7e41fb8af35e0b6c3b5bbe6a48bca36fdfd33b2473453624d2239aa0bf30dfd48d035fd9323000a54dfa01613318a4abcd00c6f5",,"2026-03-13T17:45:00.000","25","UNKNOWN","UNKNOWN","UNKNOWN","UNKNOWN","SIDESWIPE OPPOSITE DIRECTION","NOT DIVIDED",,"STRAIGHT AND LEVEL","UNKNOWN","UNKNOWN","NOT ON SCENE (DESK REPORT)","NO INJURY / DRIVE AWAY",,,,"OVER $1,500","2026-03-13T19:01:00.000","NOT APPLICABLE","NOT APPLICABLE","644","N","ORLEANS ST","1831",,,,,,,"2","NO INDICATION OF INJURY","0","0","0","0","0","3","0","17","6","3","41.8937629847","-87.6372461861","POINT (-87.637246186076 41.893762984717)"
"76d338a7e7e82303dcbe79b15195aa9016cd7a691ccf9aede3cbc0cec6365e720446ba980b30c6425d4f643d0a9d03bd1efbb30bddd8f76290a9c34e1df2cf21",,"2026-03-13T17:45:00.000","30","TRAFFIC SIGNAL","FUNCTIONING PROPERLY","CLEAR","DAYLIGHT","REAR END","DIVIDED - W/MEDIAN (NOT RAISED)",,"STRAIGHT AND LEVEL","DRY","NO DEFECTS","NOT ON SCENE (DESK REPORT)","NO INJURY / DRIVE AWAY",,,,"OVER $1,500","2026-03-13T22:30:00.000","FOLLOWING TOO CLOSELY","NOT APPLICABLE","7182","W","NORTH AVE","2513",,,,,,,"2","NO INDICATION OF INJURY","0","0","0","0","0","2","0","17","6","3","41.9089611187","-87.8053364427","POINT (-87.805336442719 41.908961118706)"
"47a3913cbeb27d220458e18aec5ea61513f1ef2268f6b5e224651f3afd4c6a2ad79aa7760264d902cb0f511efbe05124f1bc9d305cfb6a7af29b95eb6ff83b3b",,"2026-03-13T17:42:00.000","30","OTHER","OTHER","CLEAR","DAYLIGHT","PEDESTRIAN","NOT DIVIDED",,"STRAIGHT AND LEVEL","DRY","DEBRIS ON ROADWAY","ON SCENE","INJURY AND / OR TOW DUE TO CRASH",,,,"OVER $1,500","2026-03-13T17:44:00.000","UNABLE TO DETERMINE","UNABLE TO DETERMINE","3312","N","WESTERN AVE","1921",,,,,,,"3","INCAPACITATING INJURY","1","0","1","0","0","4","0","17","6","3","41.9416939299","-87.6883793275","POINT (-87.688379327509 41.941693929907)"
"0e7b12f8e9b44d391833db97f2a67ad217eefe13823322aca47fc99f5269365958e6945a937fec45547dc314466f0704773f4b37e1ebaa35c9008f987aec670b",,"2026-03-13T17:37:00.000","25","NO CONTROLS","NO CONTROLS","CLEAR","DAYLIGHT","SIDESWIPE SAME DIRECTION","TRAFFIC ROUTE",,"STRAIGHT AND LEVEL","DRY","NO DEFECTS","NOT ON SCENE (DESK REPORT)","NO INJURY / DRIVE AWAY",,,,"$501 - $1,500","2026-03-13T18:10:00.000","FAILING TO YIELD RIGHT-OF-WAY","UNABLE TO DETERMINE","10815","S","AVENUE E","432",,,,,,,"2","NO INDICATION OF INJURY","0","0","0","0","0","5","0","17","6","3","41.6985614867","-87.5290963866","POINT (-87.529096386615 41.698561486698)"
"14133dd9a00b82edc88da8c3baf12ef2d1251565338c9d6c3ab528325353ea0c9d50fbf27918fb568acf84d5b64551e96e592d1655682795c3939b838d642d06",,"2026-03-13T17:30:00.000","30","NO CONTROLS","NO CONTROLS","CLEAR","DAYLIGHT","TURNING","NOT DIVIDED",,"STRAIGHT AND LEVEL","DRY","NO DEFECTS","ON SCENE","INJURY AND / OR TOW DUE TO CRASH",,,"Y","OVER $1,500","2026-03-13T17:45:00.000","UNABLE TO DETERMINE","NOT APPLICABLE","5841","W","63RD ST","812",,,,,,,"3","REPORTED, NOT EVIDENT","1","0","0","0","1","1","0","17","6","3","41.7778156804","-87.7682764032","POINT (-87.768276403234 41.777815680431)"
"3e0785978d02e55af2b935f922c0116d57ff46e66d02776262b9476aa594a17b5f6b69b9a5c53d1bfdb70dbac42a133344d4ece3f609df9082c4ec33b52aac7f",,"2026-03-13T17:30:00.000","30","NO CONTROLS","NO CONTROLS","CLEAR","DAYLIGHT","SIDESWIPE SAME DIRECTION","DIVIDED - W/MEDIAN (NOT RAISED)",,"STRAIGHT AND LEVEL","DRY","NO DEFECTS","ON SCENE","INJURY AND / OR TOW DUE TO CRASH","Y",,,"OVER $1,500","2026-03-13T17:30:00.000","OPERATING VEHICLE IN ERRATIC, RECKLESS, CARELESS, NEGLIGENT OR AGGRESSIVE MANNER","DRIVING ON WRONG SIDE/WRONG WAY","1234","W","115TH ST","2234",,,,,,,"4","REPORTED, NOT EVIDENT","6","0","0","0","6","1","0","17","6","3","41.685042685","-87.6532401395","POINT (-87.653240139513 41.685042685038)"
"c739f82ceb0e29178bf8ba935c757287689170f5d806346e4ee1854ca74d2434edb42d3a6e16489aec05e316650eedd700739396f28418b58f68176b2af203b5",,"2026-03-13T17:30:00.000","30","TRAFFIC SIGNAL","FUNCTIONING PROPERLY","CLEAR","DAYLIGHT","TURNING","DIVIDED - W/MEDIAN (NOT RAISED)",,"STRAIGHT AND LEVEL","DRY","NO DEFECTS","NOT ON SCENE (DESK REPORT)","NO INJURY / DRIVE AWAY","Y",,,"OVER $1,500","2026-03-16T16:30:00.000","IMPROPER LANE USAGE","UNABLE TO DETERMINE","3200","W","ADDISON ST","1733",,,,,,,"2","NO INDICATION OF INJURY","0","0","0","0","0","2","0","17","6","3","41.9467400322","-87.7078754891","POINT (-87.707875489132 41.946740032195)"
"fcfee09bb1a727989820a06f5cee05b0684ac4b745b4e3a1e6741efa2ef9d8be4f6c0dc021525863fad9ff20210a9dc8b8637ebcc5c98c2f23de065d4d6e4721",,"2026-03-13T17:28:00.000","30","STOP SIGN/FLASHER","FUNCTIONING PROPERLY","UNKNOWN","UNKNOWN","ANGLE","DIVIDED - W/MEDIAN (NOT RAISED)",,"STRAIGHT AND LEVEL","UNKNOWN","UNKNOWN","NOT ON SCENE (DESK REPORT)","NO INJURY / DRIVE AWAY","Y",,,"OVER $1,500","2026-03-13T17:53:00.000","FOLLOWING TOO CLOSELY","FOLLOWING TOO CLOSELY","2002","W","13TH ST","1233",,,,,,,"2","NO INDICATION OF INJURY","0","0","0","0","0","2","0","17","6","3","41.8650442585","-87.6763990307","POINT (-87.676399030746 41.865044258492)"
"d1cbb76f17680f25b24df3cbc82beeed4ebcf2a41323ffe1e452b3858deeed78ef8f5202173d92c4df324d70dbcd32defbe2d4fde2dd2207185ebc0f8f3df518",,"2026-03-13T17:26:00.000","30","STOP SIGN/FLASHER","FUNCTIONING PROPERLY","CLEAR","DAYLIGHT","ANGLE","FOUR WAY",,"STRAIGHT AND LEVEL","DRY","NO DEFECTS","ON SCENE","INJURY AND / OR TOW DUE TO CRASH","Y",,,"OVER $1,500","2026-03-13T17:43:00.000","FAILING TO YIELD RIGHT-OF-WAY","NOT APPLICABLE","4700","S","SPRINGFIELD AVE","821",,,,,,,"2","REPORTED, NOT EVIDENT","1","0","0","0","1","2","0","17","6","3","41.8078044299","-87.7212628093","POINT (-87.721262809253 41.807804429932)"
"2544644688125f78b50b89c7736ff119ff67cea0184ecf1e60a94789e77f192b2497490065b744c5e997beb13f8240f83863d8bb4660676bc58cacc62bf2bb7f",,"2026-03-13T17:25:00.000","30","TRAFFIC SIGNAL","FUNCTIONING PROPERLY","CLEAR","DAYLIGHT","REAR END","DIVIDED - W/MEDIAN BARRIER",,"STRAIGHT AND LEVEL","UNKNOWN","UNKNOWN","ON SCENE","NO INJURY / DRIVE AWAY","Y",,"Y","OVER $1,500","2026-03-13T17:27:00.000","DRIVING SKILLS/KNOWLEDGE/EXPERIENCE","NOT APPLICABLE","502","N","ASHLAND AVE","1215",,,,,,,"2","NO INDICATION OF INJURY","0","0","0","0","0","3","0","17","6","3","41.8910719586","-87.6672917504","POINT (-87.667291750438 41.891071958612)"
"2bc843ded6355492e31230206fe09c74bbac2887c062a73f87fa1174264059ca9a40a09c080f223f6d67a28207703dd4f3820dba653822b2bbded28e22fc7fc2",,"2026-03-13T17:22:00.000","30","NO CONTROLS","NO CONTROLS","CLEAR","DAYLIGHT","TURNING","NOT DIVIDED",,"STRAIGHT AND LEVEL","DRY","NO DEFECTS","ON SCENE","INJURY AND / OR TOW DUE TO CRASH",,,,"OVER $1,500","2026-03-13T17:23:00.000","IMPROPER LANE USAGE","NOT APPLICABLE","2730","W","115TH ST","2212",,,,,,,"2","NONINCAPACITATING INJURY","2","0","0","1","1","1","0","17","6","3","41.6845288297","-87.6895802721","POINT (-87.689580272053 41.684528829708)"
"75fbf134da250f3c0a258666104880d0b555c9ac010458c66ec604b10c25585d0402d3d496cdd6f2a7a65d19542d0da03cbc5b593a5b63e3323f252a39f31300",,"2026-03-13T17:21:00.000","30","TRAFFIC SIGNAL","FUNCTIONING PROPERLY","CLEAR","DAYLIGHT","SIDESWIPE SAME DIRECTION","NOT DIVIDED",,"STRAIGHT AND LEVEL","DRY","NO DEFECTS","ON SCENE","NO INJURY / DRIVE AWAY",,,,"OVER $1,500","2026-03-13T17:39:00.000","FOLLOWING TOO CLOSELY","FOLLOWING TOO CLOSELY","1730","E","130TH ST","434",,,,"Y","UNKNOWN",,"2","NO INDICATION OF INJURY","0","0","0","0","0","4","0","17","6","3","41.6598587852","-87.5841645951","POINT (-87.584164595095 41.659858785169)"
"4ade2779cf6d0b082f0ee2e0dfa7df2e124459766a6f4e3500bf953396a2e4ceb14f0b06b781d10b7e5c91061adb89f5dec1747c8a819feac74bede568cf15b9",,"2026-03-13T17:20:00.000","15","NO CONTROLS","UNKNOWN","UNKNOWN","UNKNOWN","PARKED MOTOR VEHICLE","OTHER",,"STRAIGHT AND LEVEL","UNKNOWN","UNKNOWN","NOT ON SCENE (DESK REPORT)","NO INJURY / DRIVE AWAY",,,"Y","OVER $1,500","2026-03-14T08:10:00.000","UNABLE TO DETERMINE","UNABLE TO DETERMINE","5843","S","WENTWORTH AVE","232",,,,,,,"2","NO INDICATION OF INJURY","0","0","0","0","0","4","0","17","6","3","41.7877384198","-87.6301824358","POINT (-87.630182435804 41.787738419833)"
"5c3110ddcb605d15fcf85237924b1c29335d11d4b1bdd9ee5080183df9aec92958a719d21b369948d80d8310fa86f8c8c1dfa968b73ba72a751a319901c48359",,"2026-03-13T17:20:00.000","25","TRAFFIC SIGNAL","NOT FUNCTIONING","UNKNOWN","UNKNOWN","TURNING","NOT DIVIDED",,"STRAIGHT AND LEVEL","UNKNOWN","UNKNOWN","NOT ON SCENE (DESK REPORT)","NO INJURY / DRIVE AWAY","Y",,,"OVER $1,500","2026-03-13T18:00:00.000","UNABLE TO DETERMINE","NOT APPLICABLE","7600","S","STATE ST","623",,,,,,,"2","NO INDICATION OF INJURY","0","0","0","0","0","3","0","17","6","3","41.7564004067","-87.6248696859","POINT (-87.624869685896 41.756400406673)"
"4745e068ff5d26b0d84e3b4c0dc2e469270d4cc68223fe46c376c52454553c382463814bba9d2674363c509935b6f7f22f040fd1c779ee31a7cf8fc5cba4aaab",,"2026-03-13T17:15:00.000","40","NO CONTROLS","NO CONTROLS","CLEAR","DUSK","OTHER OBJECT","DIVIDED - W/MEDIAN BARRIER",,"STRAIGHT AND LEVEL","DRY","NO DEFECTS","NOT ON SCENE (DESK REPORT)","NO INJURY / DRIVE AWAY",,,,"OVER $1,500","2026-03-14T12:20:00.000","ROAD ENGINEERING/SURFACE/MARKING DEFECTS","ROAD ENGINEERING/SURFACE/MARKING DEFECTS","3450","N","LAKE SHORE DR NB","1925",,,,,,,"1","NO INDICATION OF INJURY","0","0","0","0","0","1","0","17","6","3","41.9451433727","-87.641398238","POINT (-87.641398238008 41.945143372676)"
"a0993d988ab902628136e40fea7a86670aa710ac024946604017802bc0515045af7409ad76b65b65e700abebce8a59ac6ca56ce821a4edb73633b60c27d2737e",,"2026-03-13T17:15:00.000","30","NO CONTROLS","NOT FUNCTIONING","CLEAR","DAYLIGHT","TURNING","NOT DIVIDED",,"STRAIGHT AND LEVEL","DRY","NO DEFECTS","ON SCENE","NO INJURY / DRIVE AWAY",,,,"OVER $1,500","2026-03-13T17:15:00.000","UNABLE TO DETERMINE","NOT APPLICABLE","3155","W","55TH ST","824",,,,,,,"2","NO INDICATION OF INJURY","0","0","0","0","0","2","0","17","6","3","41.7934080191","-87.7033206385","POINT (-87.703320638464 41.793408019072)"
"357264d2d059c2871ebd5b5f9064dbbbebc0d66b24e171f16859c4dd5902e4b6559225b9de2a19a62bd14b5308dbfc5a648360c7b2e36dbe8e6d1940fe2c7fbd",,"2026-03-13T17:10:00.000","30","NO CONTROLS","NO CONTROLS","CLEAR","DAYLIGHT","TURNING","DIVIDED - W/MEDIAN (NOT RAISED)",,"STRAIGHT AND LEVEL","DRY","NO DEFECTS","NOT ON SCENE (DESK REPORT)","NO INJURY / DRIVE AWAY",,,,"OVER $1,500","2026-03-13T17:12:00.000","FAILING TO YIELD RIGHT-OF-WAY","IMPROPER TURNING/NO SIGNAL","3920","W","ADDISON ST","1732",,,,,,,"2","NO INDICATION OF INJURY","0","0","0","0","0","2","0","17","6","3","41.9465046069","-87.7258504701","POINT (-87.725850470096 41.946504606862)"
"f371e0a9e8841483c3d861342bc986cc4b63ecfecb5863f5206f595198b4d3863c4f6435cf7c3f2f583ceb1ea4d0c14f41f26eb5c197b0bab4d568d4af13d905",,"2026-03-13T17:07:00.000","30","NO CONTROLS","NO CONTROLS","CLEAR","DAYLIGHT","SIDESWIPE SAME DIRECTION","NOT DIVIDED",,"STRAIGHT AND LEVEL","DRY","NO DEFECTS","NOT ON SCENE (DESK REPORT)","NO INJURY / DRIVE AWAY",,,,"OVER $1,500","2026-03-13T17:45:00.000","UNABLE TO DETERMINE","NOT APPLICABLE","1165","W","MADISON ST","1232",,,,,,,"2","NO INDICATION OF INJURY","0","0","0","0","0","3","0","17","6","3","41.8815118611","-87.6568434135","POINT (-87.65684341353 41.881511861066)"
"23f73398faa42d2f385d0c04d90010003c881860646e7570e7ef06745ff19a4f8d5cfec23bba441b805d655ba3c6496c28b49b12ea348ac0d6bddb3542791195",,"2026-03-13T17:06:00.000","30","NO CONTROLS","NO CONTROLS","CLEAR","DAYLIGHT","TURNING","NOT DIVIDED",,"STRAIGHT AND LEVEL","DRY","NO DEFECTS","ON SCENE","INJURY AND / OR TOW DUE TO CRASH",,,,"OVER $1,500","2026-03-13T17:32:00.000","FAILING TO YIELD RIGHT-OF-WAY","FAILING TO YIELD RIGHT-OF-WAY","8228","S","COTTAGE GROVE AVE","631",,,,,,,"2","REPORTED, NOT EVIDENT","1","0","0","0","1","2","0","17","6","3","41.7449100711","-87.605205761","POINT (-87.605205761029 41.744910071145)"
"211d0b6ea92de88a01c81c2f8aaf06f8bd8aa58d417b23f6c8161a5a0e2ba3f477250dc0b58313b6f8c7ab1a7890c8193a62ec76b0005a38fcd4a34d0e40037f","Y","2026-03-13T17:00:00.000","15","NO CONTROLS","NO CONTROLS","CLEAR","DAYLIGHT","PARKED MOTOR VEHICLE","ONE-WAY",,"STRAIGHT AND LEVEL","DRY","NO DEFECTS","ON SCENE","NO INJURY / DRIVE AWAY",,,,"OVER $1,500","2026-03-13T17:06:00.000","UNABLE TO DETERMINE","UNABLE TO DETERMINE","934","N","LAMON AVE","1531",,,,,,,"2","NO INDICATION OF INJURY","0","0","0","0","0","2","0","17","6","3","41.8977684304","-87.7484684728","POINT (-87.748468472795 41.897768430365)"
"2c1d23bd64a27876eec19424439aab2a97b0dd42fa9c947479d4840f81ce9cce6308a1645e60a0cdacf1c1287275ca5ee0c173e9ae39b510d1180b034efceee8",,"2026-03-13T17:00:00.000","30","UNKNOWN","UNKNOWN","CLEAR","DAYLIGHT","ANGLE","NOT DIVIDED",,"STRAIGHT AND LEVEL","UNKNOWN","UNKNOWN","NOT ON SCENE (DESK REPORT)","NO INJURY / DRIVE AWAY",,,,"OVER $1,500","2026-03-13T18:00:00.000","UNABLE TO DETERMINE","NOT APPLICABLE","2101","W","BELMONT AVE","1931",,,,,,,"2","NO INDICATION OF INJURY","0","0","0","0","0","2","0","17","6","3","41.9394324205","-87.6808992284","POINT (-87.680899228417 41.939432420538)"
"6903e57ffc9cfc977287f2a714bfa217cd3ff99bc58382055d6293f0484e9d2ec717559a241d158bd427df7ac2d78bb8d17a7fa5e848f9f64c363e074e8f7291",,"2026-03-13T17:00:00.000","25","NO CONTROLS","NO CONTROLS","CLEAR","DAYLIGHT","REAR END","NOT DIVIDED",,"STRAIGHT AND LEVEL","DRY","NO DEFECTS","NOT ON SCENE (DESK REPORT)","NO INJURY / DRIVE AWAY",,,,"OVER $1,500","2026-03-13T17:05:00.000","UNABLE TO DETERMINE","UNABLE TO DETERMINE","1010","N","ASHLAND AVE","1213",,,,,,,"2","NO INDICATION OF INJURY","0","0","0","0","0","2","0","17","6","3","41.9000434103","-87.6675487329","POINT (-87.66754873289 41.900043410335)"
"6edd14f690111f2a216a0d23c142f891928932522f20387dadc9f214aa6c56efabb4d7000d555ab70da0d2d00e24ef8cfb30708a1c65a4c72a2e09f2862119af",,"2026-03-13T17:00:00.000","30","TRAFFIC SIGNAL","FUNCTIONING PROPERLY","CLEAR","DAYLIGHT","TURNING","ONE-WAY",,"STRAIGHT AND LEVEL","DRY","NO DEFECTS","NOT ON SCENE (DESK REPORT)","NO INJURY / DRIVE AWAY","Y",,"Y","OVER $1,500","2026-03-13T17:30:00.000","IMPROPER LANE USAGE","IMPROPER LANE USAGE","501","S","WELLS ST","123",,,,,,,"2","NO INDICATION OF INJURY","0","0","0","0","0","2","0","17","6","3","41.8755371954","-87.6335102178","POINT (-87.633510217783 41.875537195373)"
"1d9f5cd9fccae8dda2222a8c37c2b1959c4fd6c4059c1f37adaebedee8d9dedfc00e4f29d2e6fca62125899970229d88174da183829f3963556015a72736c480",,"2026-03-13T16:56:00.000","30","NO CONTROLS","NO CONTROLS","CLEAR","DAYLIGHT","ANGLE","NOT DIVIDED",,"STRAIGHT AND LEVEL","DRY","NO DEFECTS","NOT ON SCENE (DESK REPORT)","NO INJURY / DRIVE AWAY",,,,"$500 OR LESS","2026-03-13T18:05:00.000","UNABLE TO DETERMINE","NOT APPLICABLE","3953","W","OGDEN AVE","1013",,,,,,,"2","NO INDICATION OF INJURY","0","0","0","0","0","2","0","16","6","3","41.8511195666","-87.7243009044","POINT (-87.724300904448 41.851119566636)"
"dc8db22189082a240e6f2c63967711289a8db0ac15d57c62e99fc0b9a5fd8f2867b8c9864d300c8ecf080dabe2a727f6c217081891bac6d568d9754a4215eaae",,"2026-03-13T16:55:00.000","30","TRAFFIC SIGNAL","FUNCTIONING PROPERLY","CLEAR","DAYLIGHT","SIDESWIPE SAME DIRECTION","NOT DIVIDED",,"STRAIGHT AND LEVEL","DRY","NO DEFECTS","NOT ON SCENE (DESK REPORT)","NO INJURY / DRIVE AWAY",,,,"$501 - $1,500","2026-03-13T17:03:00.000","FOLLOWING TOO CLOSELY","NOT APPLICABLE","9858","S","VINCENNES AVE","2213",,,,,,,"2","NO INDICATION OF INJURY","0","0","0","0","0","2","0","16","6","3","41.7142017106","-87.6534273897","POINT (-87.653427389723 41.714201710623)"
"9170ad6624b134d21c3c55bb437a23b29b53fe16b7e1b0dc6f291eb578b31c9ae5df2d9cce7809d8b1046aee835a4e09bbb5a587eb4331a0968638a344da54d6",,"2026-03-13T16:50:00.000","30","NO CONTROLS","NO CONTROLS","CLEAR","DAYLIGHT","SIDESWIPE SAME DIRECTION","DIVIDED - W/MEDIAN (NOT RAISED)",,"STRAIGHT AND LEVEL","UNKNOWN","UNKNOWN","NOT ON SCENE (DESK REPORT)","NO INJURY / DRIVE AWAY",,,,"OVER $1,500","2026-03-13T17:50:00.000","UNABLE TO DETERMINE","NOT APPLICABLE","3242","W","FULLERTON AVE","1413",,,,,,,"2","NO INDICATION OF INJURY","0","0","0","0","0","3","0","16","6","3","41.9248082256","-87.7090865367","POINT (-87.709086536651 41.92480822561)"
"2723b01cc68d3176d0e4a850c04dc7d8aabda6d3ca140e4aa5567364838b2f759b916614ee2d3377731984b1f622104ffc173abd51e110681ece81daaebd2eb2",,"2026-03-13T16:49:00.000","25","STOP SIGN/FLASHER","NO CONTROLS","CLEAR","DAYLIGHT","SIDESWIPE SAME DIRECTION","NOT DIVIDED",,"STRAIGHT AND LEVEL","DRY","NO DEFECTS","NOT ON SCENE (DESK REPORT)","NO INJURY / DRIVE AWAY","Y",,,"OVER $1,500","2026-03-13T16:52:00.000","UNABLE TO DETERMINE","UNABLE TO DETERMINE","3955","W","OGDEN AVE","1013",,,,,,,"2","NO INDICATION OF INJURY","0","0","0","0","0","2","0","16","6","3","41.8510976603","-87.7243646842","POINT (-87.724364684232 41.851097660311)"
"09901d396ab278df6007546a1cce85dd2d0e4ea48091de75a48c72735a7ccbd8a4454128be7eaf28aa80023d10f9efd92be68c3cd97c4ee07ee8465077233357",,"2026-03-13T16:46:00.000","30","NO CONTROLS","NO CONTROLS","CLEAR","DAYLIGHT","PARKED MOTOR VEHICLE","PARKING LOT",,"STRAIGHT AND LEVEL","DRY","UNKNOWN","ON SCENE","NO INJURY / DRIVE AWAY",,,,"$500 OR LESS","2026-03-13T17:10:00.000","UNABLE TO DETERMINE","UNABLE TO DETERMINE","1928","W","MADISON ST","1223",,,,,,,"2","NO INDICATION OF INJURY","0","0","0","0","0","2","0","16","6","3","41.8814440666","-87.6753741354","POINT (-87.67537413539 41.881444066552)"
"15028f49a52b2146f821a8d205cf42fba2d426ebc7785128dd6ec7512d232fee66105bcac463cc285f9c7f9d862c78fc0dec617f961f72852b629143abda0720",,"2026-03-13T16:40:00.000","30","NO CONTROLS","NO CONTROLS","CLEAR","DAYLIGHT","PARKED MOTOR VEHICLE","NOT DIVIDED",,"STRAIGHT AND LEVEL","DRY","NO DEFECTS","NOT ON SCENE (DESK REPORT)","NO INJURY / DRIVE AWAY",,,"Y","OVER $1,500","2026-03-13T20:41:00.000","OPERATING VEHICLE IN ERRATIC, RECKLESS, CARELESS, NEGLIGENT OR AGGRESSIVE MANNER","NOT APPLICABLE","4659","W","83RD PL","834",,,,,,,"2","NO INDICATION OF INJURY","0","0","0","0","0","1","0","16","6","3","41.7411554326","-87.7379437792","POINT (-87.737943779242 41.741155432572)"