"crash_record_id","crash_date_est_i","crash_date","posted_speed_limit","traffic_control_device","device_condition","weather_condition","lighting_condition","first_crash_type","trafficway_type","lane_cnt","alignment","roadway_surface_cond","road_defect","report_type","crash_type","intersection_related_i","private_property_i","hit_and_run_i","damage","date_police_notified","prim_contributory_cause","sec_contributory_cause","street_no","street_direction","street_name","beat_of_occurrence","photos_taken_i","statements_taken_i","dooring_i","work_zone_i","work_zone_type","workers_present_i","num_units","most_severe_injury","injuries_total","injuries_fatal","injuries_incapacitating","injuries_non_incapacitating","injuries_reported_not_evident","injuries_no_indication","injuries_unknown","crash_hour","crash_day_of_week","crash_month","latitude","longitude","location"
"4efbb4bd0b12934cb7ddc06a2ba6c807160b17386add204fff4b79b3155b599b45dc4b0b8c9705919296b57784256d51f853d01575cc4b8df472954c6de17e7a",,"2026-03-13T16:40:00.000","25","TRAFFIC SIGNAL","FUNCTIONING PROPERLY","CLOUDY/OVERCAST","DAYLIGHT","SIDESWIPE SAME DIRECTION","NOT DIVIDED",,"STRAIGHT AND LEVEL","DRY","NO DEFECTS","ON SCENE","NO INJURY / DRIVE AWAY",,,,"OVER $1,500","2026-03-14T16:15:00.000","UNABLE TO DETERMINE","UNABLE TO DETERMINE","44","E","PERSHING RD","213",,,,,,,"2","NO INDICATION OF INJURY","0","0","0","0","0","2","0","16","6","3","41.8238463979","-87.624741038","POINT (-87.624741037975 41.823846397881)"
"4deba65ffcba21b90eb925185e7184b02b3a00267a6944030bdcb5d28c31bed2274775edbd7cdc268ceac3fa77d765af42558a613f60144ff4c8e85781830e9e",,"2026-03-13T16:35:00.000","30","NO CONTROLS","NO CONTROLS","CLEAR","DAYLIGHT","SIDESWIPE SAME DIRECTION","DIVIDED - W/MEDIAN (NOT RAISED)",,"STRAIGHT AND LEVEL","DRY","NO DEFECTS","NOT ON SCENE (DESK REPORT)","NO INJURY / DRIVE AWAY",,,,"OVER $1,500","2026-03-16T17:25:00.000","IMPROPER LANE USAGE","UNABLE TO DETERMINE","4100","W","FOSTER AVE","1712",,,,,,,"2","NO INDICATION OF INJURY","0","0","0","0","0","2","0","16","6","3","41.9756134495","-87.7308795675","POINT (-87.730879567512 41.975613449453)"
"632eab1148f74f87402a05a17a52c05dc7b82a4b2180d3b3d9d55f334fe7612f6a797f39efe4ffcb0bf7535eb1731113f0098de34675963976088dae3cf028ed",,"2026-03-13T16:35:00.000","30","UNKNOWN","UNKNOWN","CLEAR","DAYLIGHT","REAR END","NOT DIVIDED",,"STRAIGHT AND LEVEL","UNKNOWN","UNKNOWN","NOT ON SCENE (DESK REPORT)","NO INJURY / DRIVE AWAY",,,,"OVER $1,500","2026-03-13T17:30:00.000","UNABLE TO DETERMINE","UNABLE TO DETERMINE","1030","N","STATE ST","1824",,,,,,,"2","NO INDICATION OF INJURY","0","0","0","0","0","2","0","16","6","3","41.9014634149","-87.6284813715","POINT (-87.628481371486 41.901463414903)"
"a058053bcc054e515c5b3dee17aec1121256d0769d0f67067136d2bba259ccd7d96bdeaa0e549836b177fb0862925e19f1e1aa38c8bdefc32a82d12cdec8b70c",,"2026-03-13T16:35:00.000","20","STOP SIGN/FLASHER","FUNCTIONING PROPERLY","CLEAR","DAYLIGHT","ANGLE","FOUR WAY",,"STRAIGHT AND LEVEL","DRY","NO DEFECTS","NOT ON SCENE (DESK REPORT)","NO INJURY / DRIVE AWAY","Y",,,"OVER $1,500","2026-03-13T16:50:00.000","FAILING TO YIELD RIGHT-OF-WAY","NOT APPLICABLE","7900","S","PRAIRIE AVE","623",,"Y",,,,,"2","NO INDICATION OF INJURY","0","0","0","0","0","4","0","16","6","3","41.7509690079","-87.6182972719","POINT (-87.618297271899 41.75096900785)"
"5dc4d2f2b9a55933a9d2c3449a14737060d1ef3bb0ec827ba47cf001bb1ba7362a0562efeca637bc500b60d615afa1861133ac470eccf44898b5db267e760fad",,"2026-03-13T16:31:00.000","20","SCHOOL ZONE","NO CONTROLS","CLEAR","DAYLIGHT","SIDESWIPE SAME DIRECTION","NOT DIVIDED",,"STRAIGHT AND LEVEL","DRY","NO DEFECTS","ON SCENE","INJURY AND / OR TOW DUE TO CRASH",,,"Y","OVER $1,500","2026-03-13T16:31:00.000","FAILING TO YIELD RIGHT-OF-WAY","UNABLE TO DETERMINE","1309","W","95TH ST","2213",,,,,,,"3","INCAPACITATING INJURY","1","0","1","0","0","1","0","16","6","3","41.7211938759","-87.6557768232","POINT (-87.655776823247 41.72119387587)"
"10cbad74bfd89dfaed4aabd9ee4f206d38b0a63e7f75601e9fd464fd7ae43bc3443f768530bf26aaa065f19f4b6749d4bf0c83fca7d58219d7c0e6b8b1e89a98",,"2026-03-13T16:30:00.000","30","NO CONTROLS","NO CONTROLS","CLEAR","DAYLIGHT","SIDESWIPE SAME DIRECTION","DIVIDED - W/MEDIAN (NOT RAISED)",,"STRAIGHT AND LEVEL","DRY","NO DEFECTS",,"NO INJURY / DRIVE AWAY",,,,"OVER $1,500","2026-03-13T17:00:00.000","IMPROPER LANE USAGE","UNABLE TO DETERMINE","5630","N","PULASKI RD","1711",,,,,,,"2","NO INDICATION OF INJURY","0","0","0","0","0","3","0","16","6","3","41.983731562","-87.7286044446","POINT (-87.728604444614 41.983731561957)"
"876d56db1a86363eba4d249ddd1a0cf8ab7d20942467dd7a69d5e38aa9a58ba2aeb4fe94364a12cf0e202fd926814d953bcd367a5c2f5623a73bc46190b7f340",,"2026-03-13T16:30:00.000","30","NO CONTROLS","NO CONTROLS","CLEAR","DAYLIGHT","ANGLE","NOT DIVIDED",,"STRAIGHT AND LEVEL","DRY","NO DEFECTS","ON SCENE","INJURY AND / OR TOW DUE TO CRASH",,,,"OVER $1,500","2026-03-13T16:35:00.000","FAILING TO YIELD RIGHT-OF-WAY","UNABLE TO DETERMINE","2604","S","PRINCETON AVE","914",,,,,,,"2","NO INDICATION OF INJURY","0","0","0","0","0","2","0","16","6","3","41.8453958958","-87.6344313567","POINT (-87.634431356701 41.845395895775)"
"940c5ce8135babfa9877bd787250bb5eff2d3d620f50471c2c3045f083408d2a4d478c8e83e060c2a4478047e47b865e04c5988a8d65ec23ec175c61f17f8265",,"2026-03-13T16:30:00.000","30","NO CONTROLS","NO CONTROLS","CLEAR","DAYLIGHT","SIDESWIPE SAME DIRECTION","NOT DIVIDED",,"STRAIGHT AND LEVEL","DRY","NO DEFECTS","NOT ON SCENE (DESK REPORT)","NO INJURY / DRIVE AWAY",,,"Y","$501 - $1,500","2026-03-16T13:16:00.000","IMPROPER OVERTAKING/PASSING","NOT APPLICABLE","5800","S","WESTERN AVE","824",,,,,,,"2","NO INDICATION OF INJURY","0","0","0","0","0","2","0","16","6","3","41.788264057","-87.6840280022","POINT (-87.684028002172 41.788264056992)"
"c2575543eececc4a6e6279301d6474edd449102bdbf15f4091bc2769428fe1a808148f24b1f330202dfc31ac770a46fba17d33e96a214cab5a2b36406b277a86",,"2026-03-13T16:30:00.000","30","TRAFFIC SIGNAL","FUNCTIONING PROPERLY","CLEAR","DAYLIGHT","TURNING","FOUR WAY",,"STRAIGHT AND LEVEL","DRY","NO DEFECTS","NOT ON SCENE (DESK REPORT)","NO INJURY / DRIVE AWAY","Y",,"Y","$501 - $1,500","2026-03-13T16:33:00.000","FAILING TO YIELD RIGHT-OF-WAY","UNABLE TO DETERMINE","741","S","DAMEN AVE","1231",,,,,,,"2","NO INDICATION OF INJURY","0","0","0","0","0","2","0","16","6","3","41.8720150597","-87.6762525791","POINT (-87.676252579078 41.872015059714)"
"6b5e5d0f5eba45027e7fb5b4688c9602e175743babc439f92e49d5348bdbd5db5ec3d4b33042f5a2f7ca4969d918e1dd3f9a1042e2d49a32eedeb9845b69c4fe",,"2026-03-13T16:20:00.000","30","TRAFFIC SIGNAL","FUNCTIONING PROPERLY","CLEAR","DAYLIGHT","REAR END","DIVIDED - W/MEDIAN BARRIER",,"STRAIGHT AND LEVEL","DRY","OTHER","ON SCENE","NO INJURY / DRIVE AWAY",,,"Y","OVER $1,500","2026-03-13T16:29:00.000","UNABLE TO DETERMINE","UNABLE TO DETERMINE","8336","S","VINCENNES AVE","622",,,,,,,"3","NO INDICATION OF INJURY","0","0","0","0","0","5","0","16","6","3","41.7424888868","-87.6375335602","POINT (-87.637533560185 41.742488886801)"
"a0f388c6e4a7537baa70d0ef89845d0ed05db1604aa3b2aa6ac05b17668508113f77d83e9650c069ae9b649fe89197eec838936216491fdec6325ad00af1076b",,"2026-03-13T16:19:00.000","35","TRAFFIC SIGNAL","FUNCTIONING PROPERLY","CLEAR","DAYLIGHT","SIDESWIPE SAME DIRECTION","NOT DIVIDED",,"STRAIGHT AND LEVEL","DRY","NO DEFECTS","NOT ON SCENE (DESK REPORT)","INJURY AND / OR TOW DUE TO CRASH",,,,"OVER $1,500","2026-03-13T16:23:00.000","UNABLE TO DETERMINE","NOT APPLICABLE","555","E","75TH ST","624","N",,,,,,"2","NO INDICATION OF INJURY","0","0","0","0","0","6","0","16","6","3","41.7583720537","-87.6104808317","POINT (-87.610480831676 41.758372053743)"
"8cde1c9d817145694113909db90bda943bc8eca0a786c8d7d5c45562cb07c120a25acec17f4c46e7044aab5b333bfdcc0a5db673123b9ba46c90cfb272d18ee5",,"2026-03-13T16:18:00.000","30","STOP SIGN/FLASHER","NOT FUNCTIONING","CLEAR","DAYLIGHT","ANGLE","NOT DIVIDED",,"STRAIGHT AND LEVEL","DRY","NO DEFECTS","ON SCENE","INJURY AND / OR TOW DUE TO CRASH","Y",,,"OVER $1,500","2026-03-13T16:39:00.000","UNABLE TO DETERMINE","NOT APPLICABLE","2301","W","WASHINGTON BLVD","1223",,,,,,,"2","NO INDICATION OF INJURY","0","0","0","0","0","3","0","16","6","3","41.8829167217","-87.6841330037","POINT (-87.684133003693 41.88291672171)"
"375b73ddf979e2d9154e848ac3c34b89a0891e18545901ce3cd0ed1f0800e4349496f0c7775ab0bf0e96f0be5ae7fe845fccd6b2d9ed9f5d43fbdde806ecc797",,"2026-03-13T16:15:00.000","10","NO CONTROLS","NO CONTROLS","SEVERE CROSS WIND GATE","DAYLIGHT","PARKED MOTOR VEHICLE","PARKING LOT",,"STRAIGHT AND LEVEL","DRY","NO DEFECTS","NOT ON SCENE (DESK REPORT)","NO INJURY / DRIVE AWAY",,,,"OVER $1,500","2026-03-14T10:25:00.000","UNABLE TO DETERMINE","NOT APPLICABLE","3552","W","GRAND AVE","1121",,,,,,,"2","NO INDICATION OF INJURY","0","0","0","0","0","1","0","16","6","3","41.9019126231","-87.7154044009","POINT (-87.715404400915 41.901912623078)"
"b42fee8231286c2b0462780452e54417c22f3cd3c418861cf4038a3939c49df0cf290bdc367022b4a0ee12d9cb77f25c8496324546fb4309cc244f24fba6359e",,"2026-03-13T16:15:00.000","30","STOP SIGN/FLASHER","FUNCTIONING PROPERLY","CLEAR","DAYLIGHT","TURNING","NOT DIVIDED",,"STRAIGHT AND LEVEL","UNKNOWN","UNKNOWN","NOT ON SCENE (DESK REPORT)","NO INJURY / DRIVE AWAY",,,,"OVER $1,500","2026-03-13T17:33:00.000","IMPROPER TURNING/NO SIGNAL","NOT APPLICABLE","4335","W","47TH ST","815",,,,,,,"2","NO INDICATION OF INJURY","0","0","0","0","0","3","0","16","6","3","41.8076492522","-87.7324290605","POINT (-87.732429060549 41.80764925219)"
"ca194e682f4ab0d36bfe83da762a47a5d0768a6616432925e9f9ef77ad889b922c379d8bd9779c52854d3e9eec573ba1a8b96dade191f2ff9185ca42e066faf9","N","2026-03-13T16:14:00.000","30","TRAFFIC SIGNAL","UNKNOWN","CLEAR","DAYLIGHT","TURNING","FOUR WAY",,"STRAIGHT AND LEVEL","UNKNOWN","UNKNOWN","NOT ON SCENE (DESK REPORT)","NO INJURY / DRIVE AWAY","Y",,,"OVER $1,500","2026-03-13T18:25:00.000","IMPROPER TURNING/NO SIGNAL","IMPROPER LANE USAGE","14","S","ASHLAND AVE","1224","Y","Y",,,,,"2","NO INDICATION OF INJURY","0","0","0","0","0","2","0","16","6","3","41.8810084938","-87.6669393107","POINT (-87.666939310687 41.881008493757)"
"a406f11b61e0558e6c7b82edf7b3eb835b239ab31dd7d620b1cba9dbd8f22a9702b488d0aefafa422d7e1766244d2e93e38285fee27dfdf1cb19455a1b5cbb35",,"2026-03-13T16:13:00.000","25","TRAFFIC SIGNAL","FUNCTIONING PROPERLY","CLEAR","DAYLIGHT","ANGLE","OTHER",,"STRAIGHT AND LEVEL","DRY","NO DEFECTS","ON SCENE","INJURY AND / OR TOW DUE TO CRASH",,,"Y","OVER $1,500","2026-03-13T16:18:00.000","FAILING TO YIELD RIGHT-OF-WAY","NOT APPLICABLE","652","N","CLARK ST","1832",,,,,,,"2","NO INDICATION OF INJURY","0","0","0","0","0","5","0","16","6","3","41.8939894826","-87.6313328842","POINT (-87.631332884202 41.893989482591)"
"8e5b6b311d8b598a751e84b298e76adde75ee0cedd49e802c223db1669fbf2cf69a3de2b71e1a409d355965c390029b2c8fc0fe2f454646a84d9134435fa560f",,"2026-03-13T16:10:00.000","30","TRAFFIC SIGNAL","FUNCTIONING PROPERLY","CLEAR","DAYLIGHT","SIDESWIPE SAME DIRECTION","NOT DIVIDED",,"STRAIGHT AND LEVEL","DRY","NO DEFECTS","ON SCENE","NO INJURY / DRIVE AWAY","Y",,,"OVER $1,500","2026-03-13T16:19:00.000","IMPROPER OVERTAKING/PASSING","NOT APPLICABLE","6401","N","SHERIDAN RD","2432",,,,,,,"2","NO INDICATION OF INJURY","0","0","0","0","0","2","0","16","6","3","41.9983088064","-87.6596963833","POINT (-87.659696383256 41.99830880639)"
"ba8d30974e73d149666d50f23c9625717959db56c0dab7d97b120229fd27978d255d4bc231c82f8081c01ac295c1a57144c243fdda8ebe38edad5b52f5e98dfa",,"2026-03-13T16:09:00.000","30","NO CONTROLS","NO CONTROLS","CLEAR","DAYLIGHT","FIXED OBJECT","DIVIDED - W/MEDIAN BARRIER",,"STRAIGHT AND LEVEL","DRY","NO DEFECTS","ON SCENE","INJURY AND / OR TOW DUE TO CRASH",,,,"OVER $1,500","2026-03-13T16:09:00.000","FAILING TO REDUCE SPEED TO AVOID CRASH","OPERATING VEHICLE IN ERRATIC, RECKLESS, CARELESS, NEGLIGENT OR AGGRESSIVE MANNER","1009","S","WESTERN AVE","1225",,,,,,,"2","NO INDICATION OF INJURY","0","0","0","0","0","2","0","16","6","3","41.8689511035","-87.6859549393","POINT (-87.6859549393 41.868951103526)"
"1e8d7a3cef4e2b978e83c6d359e534bf4271c8bac11a989ef31bc4e0d82a41821e3795d25a62361e6d6aadd8548820fe3f880ace384cda553b66b795ccb26b7f",,"2026-03-13T16:05:00.000","30","TRAFFIC SIGNAL","FUNCTIONING PROPERLY","CLEAR","DAYLIGHT","REAR END","NOT DIVIDED",,"STRAIGHT AND LEVEL","DRY","NO DEFECTS","ON SCENE","NO INJURY / DRIVE AWAY",,"N",,"OVER $1,500","2026-03-13T16:05:00.000","FOLLOWING TOO CLOSELY","UNABLE TO DETERMINE","6259","S","DR MARTIN LUTHER KING JR DR","313",,,,,,,"2","NO INDICATION OF INJURY","0","0","0","0","0","3","0","16","6","3","41.780332983","-87.6154780715","POINT (-87.615478071493 41.780332983015)"
"ce9d875a9049a94d2f26591ef260f2bb67b9bdb308615e5747033347f69247462fbfeaef7c4a138a5f71e66dc27ab7d43aa813d1eabf6e937f333d6b86fe0c2e",,"2026-03-13T16:05:00.000","30","NO CONTROLS","NO CONTROLS","SEVERE CROSS WIND GATE","DAYLIGHT","PARKED MOTOR VEHICLE","NOT DIVIDED",,"STRAIGHT AND LEVEL","DRY","NO DEFECTS","NOT ON SCENE (DESK REPORT)","NO INJURY / DRIVE AWAY",,,,"OVER $1,500","2026-03-14T16:30:00.000","WEATHER","NOT APPLICABLE","6314","N","LINCOLN AVE","1711",,,,,,,"2","NO INDICATION OF INJURY","0","0","0","0","0","1","0","16","6","3","41.9960292557","-87.7167872648","POINT (-87.716787264751 41.996029255706)"
"1e08d214f9874441cf489032284e562b866c4f338c2a834589723e707feb29a6f29411bf549c2588b468b50fa84747612a6c2e20c4ecee5905729945307ffe23",,"2026-03-13T16:00:00.000","30","TRAFFIC SIGNAL","NOT FUNCTIONING","CLEAR","DAYLIGHT","REAR END","NOT DIVIDED",,"STRAIGHT AND LEVEL","DRY","NO DEFECTS","NOT ON SCENE (DESK REPORT)","NO INJURY / DRIVE AWAY","Y",,,"OVER $1,500","2026-03-13T18:10:00.000","FOLLOWING TOO CLOSELY","UNABLE TO DETERMINE","2400","W","OGDEN AVE","1023",,,,,,,"2","NO INDICATION OF INJURY","0","0","0","0","0","2","0","16","6","3","41.8648317102","-87.6861606727","POINT (-87.686160672742 41.864831710222)"
"1f803d2b32f7760a3d787f5a3f14fb6171a1bfbc54e32d1e428c45683398de1e6e09c36621c36fdae6ce7e7f67aae0456581e39fcdfe3333e6f890c25e7e43ee",,"2026-03-13T16:00:00.000","10","NO CONTROLS","NO CONTROLS","OTHER","DAYLIGHT","PARKED MOTOR VEHICLE","PARKING LOT",,"STRAIGHT AND LEVEL","DRY","NO DEFECTS","NOT ON SCENE (DESK REPORT)","NO INJURY / DRIVE AWAY",,,,"$501 - $1,500","2026-03-14T11:30:00.000","UNABLE TO DETERMINE","UNABLE TO DETERMINE","3570","N","ELSTON AVE","1733",,,,,,,"2","NO INDICATION OF INJURY","0","0","0","0","0","2","0","16","6","3","41.946057604","-87.7082301098","POINT (-87.708230109805 41.946057604016)"
"299c6e5a877319698437e8a9e28846f593ca2b1cf75a7a9bb2a13d191c4e882e05be5bc0b21edd85667844621bbf5f0e2f6ef86466ff2438ded010625c91a38a",,"2026-03-13T16:00:00.000","30","TRAFFIC SIGNAL","FUNCTIONING PROPERLY","CLEAR","DAYLIGHT","REAR END","NOT DIVIDED",,"STRAIGHT AND LEVEL","DRY","UNKNOWN","ON SCENE","NO INJURY / DRIVE AWAY","Y",,,"OVER $1,500","2026-03-13T17:30:00.000","UNABLE TO DETERMINE","NOT APPLICABLE","3358","W","GRAND AVE","1121",,,,,,,"2","NO INDICATION OF INJURY","0","0","0","0","0","2","0","16","6","3","41.9002754632","-87.7112715857","POINT (-87.711271585652 41.900275463168)"
"7bdd6d4b122d3fd97530bed50903c2d0c2bc29761f46dd059ed0b588fba695152bd793d81876f003a8ba4c30e23e5221f804964c4f8a39e6070fc463f93cee2d",,"2026-03-13T16:00:00.000","30","NO CONTROLS","NO CONTROLS","CLEAR","DAYLIGHT","PARKED MOTOR VEHICLE","NOT DIVIDED",,"STRAIGHT AND LEVEL","DRY","NO DEFECTS","NOT ON SCENE (DESK REPORT)","NO INJURY / DRIVE AWAY",,,,"OVER $1,500","2026-03-13T18:15:00.000","IMPROPER LANE USAGE","NOT APPLICABLE","2017","S","WELLS ST","914",,,,,,,"2","NO INDICATION OF INJURY","0","0","0","0","0","2","0","16","6","3","41.8547837757","-87.6327328096","POINT (-87.632732809579 41.854783775731)"
"868009a8c42261959226b8b8700a3482cfe2b757f0ca0f0f6086ddc3f5fb9805a2600eff3a141b432b401d4ae2c0f18306b289997cd46bcaaed1074c6d303fc9",,"2026-03-13T16:00:00.000","30","NO CONTROLS","NO CONTROLS","CLEAR","DAYLIGHT","REAR END","NOT DIVIDED",,"STRAIGHT AND LEVEL","UNKNOWN","UNKNOWN","NOT ON SCENE (DESK REPORT)","NO INJURY / DRIVE AWAY",,,"Y","OVER $1,500","2026-03-13T16:30:00.000","FOLLOWING TOO CLOSELY","NOT APPLICABLE","1730","W","MARQUETTE RD","725",,,,,,,"2","NO INDICATION OF INJURY","0","0","0","0","0","2","0","16","6","3","41.7722580227","-87.6676132233","POINT (-87.667613223331 41.772258022735)"
"a1b0c34a5540dd5889a1790bd7df3ef12565e578a9cf5800ea76e32b16f754799199de00f87608124ff34082538c4f8ba896047fbc5fc4a204e494f3f908b062",,"2026-03-13T16:00:00.000","20","NO CONTROLS","NO CONTROLS","CLEAR","DAYLIGHT","PARKED MOTOR VEHICLE","DIVIDED - W/MEDIAN BARRIER",,"STRAIGHT AND LEVEL","UNKNOWN","UNKNOWN","NOT ON SCENE (DESK REPORT)","NO INJURY / DRIVE AWAY",,,,"OVER $1,500","2026-03-13T20:40:00.000","UNABLE TO DETERMINE","NOT APPLICABLE","6310","N","LINCOLN AVE","1711",,,,,,,"2","NO INDICATION OF INJURY","0","0","0","0","0","3","0","16","6","3","41.9959568656","-87.7166670459","POINT (-87.716667045883 41.995956865596)"
"ca661afbbc4b2ad0df8120046fc50dccad791f9a42e9448c0d0978be158888965484c4064752b625325a52665baf5ee62b72c7e995962daab31ca7edf84b8a9a","Y","2026-03-13T16:00:00.000","30","TRAFFIC SIGNAL","UNKNOWN","CLEAR","DAYLIGHT","PEDESTRIAN","NOT DIVIDED",,"STRAIGHT AND LEVEL","UNKNOWN","UNKNOWN","ON SCENE","INJURY AND / OR TOW DUE TO CRASH","Y",,"Y","$500 OR LESS","2026-03-13T16:02:00.000","FAILING TO YIELD RIGHT-OF-WAY","NOT APPLICABLE","7600","S","COTTAGE GROVE AVE","624",,,,,,,"2","NONINCAPACITATING INJURY","1","0","0","1","0","1","0","16","6","3","41.7566635775","-87.6054873662","POINT (-87.605487366182 41.756663577514)"
"c6bdce6bed47cb81393d24088a114bfa0b5aeb68206b19fe83edfaa9fa47efd5217e249bc2896e5cfb08ba9d96ab96f8bca9ab35b71d1cf5f60c47bc2b4e589c",,"2026-03-13T15:55:00.000","30","TRAFFIC SIGNAL","FUNCTIONING PROPERLY","CLEAR","DAYLIGHT","SIDESWIPE SAME DIRECTION","FOUR WAY",,"STRAIGHT AND LEVEL","DRY","UNKNOWN","NOT ON SCENE (DESK REPORT)","NO INJURY / DRIVE AWAY",,,,"OVER $1,500","2026-03-13T16:00:00.000","IMPROPER LANE USAGE","NOT APPLICABLE","5940","N","RIDGE AVE","2012",,,,,,,"2","NO INDICATION OF INJURY","0","0","0","0","0","3","0","15","6","3","41.9896769356","-87.6702068165","POINT (-87.670206816488 41.98967693564)"
"c278cc13927a2ab58801d9fc9097a23e0eed77a4317a34a0b569db9bc13a62ccdfaf715c27918d957169a2fc8caac3737121c6bb9a3cfdc0337401d4ddbb56e1",,"2026-03-13T15:54:00.000","30","NO CONTROLS","UNKNOWN","CLEAR","DAYLIGHT","PARKED MOTOR VEHICLE","DIVIDED - W/MEDIAN (NOT RAISED)",,"STRAIGHT AND LEVEL","DRY","NO DEFECTS","ON SCENE","INJURY AND / OR TOW DUE TO CRASH",,,,"OVER $1,500","2026-03-13T15:54:00.000","OPERATING VEHICLE IN ERRATIC, RECKLESS, CARELESS, NEGLIGENT OR AGGRESSIVE MANNER","UNABLE TO DETERMINE","5442","N","LINCOLN AVE","2011",,,,,,,"2","REPORTED, NOT EVIDENT","1","0","0","0","1","1","0","15","6","3","41.9808127734","-87.6929430126","POINT (-87.692943012596 41.980812773447)"
"34c65cd1866aa165d89af85ed8463cf59c9e6ddc4dbc28223999d4881fd8f78c656744692f924b1e5ee66c2ad9fc083f6e583ac6474243a692ef4a16e82c52f1",,"2026-03-13T15:53:00.000","30","NO CONTROLS","NO CONTROLS","CLEAR","DAYLIGHT","TURNING","FOUR WAY",,"STRAIGHT AND LEVEL","DRY","NO DEFECTS","ON SCENE","NO INJURY / DRIVE AWAY",,,,"OVER $1,500","2026-03-13T16:01:00.000","FAILING TO YIELD RIGHT-OF-WAY","FOLLOWING TOO CLOSELY","1828","W","63RD ST","714",,,,,,,"2","NO INDICATION OF INJURY","0","0","0","0","0","3","0","15","6","3","41.7794768284","-87.67022516","POINT (-87.670225160019 41.779476828435)"
"bf8823dbdd294b4284525ffa40c5f78201cc73e00a08e6d061e30be132ae3e28406c214e81c0a2f77d3f9f24e94eb4fb742a7a252c524df0e85659f51a06f2e1",,"2026-03-13T15:45:00.000","30","NO CONTROLS","NO CONTROLS","CLEAR","DAYLIGHT","SIDESWIPE SAME DIRECTION","ONE-WAY",,"STRAIGHT AND LEVEL","DRY","NO DEFECTS","NOT ON SCENE (DESK REPORT)","NO INJURY / DRIVE AWAY",,,,"OVER $1,500","2026-03-13T18:35:00.000","FAILING TO YIELD RIGHT-OF-WAY","FAILING TO YIELD RIGHT-OF-WAY","2810","S","TRUMBULL AVE","1032",,,,,,,"2","NO INDICATION OF INJURY","0","0","0","0","0","2","0","15","6","3","41.8404009018","-87.7111659943","POINT (-87.711165994309 41.840400901805)"
"ce9679374148cf2f63ec160cdd7dcfb2cd6163088b2924e41594d59537f60e38a31d62fc1c38e1ae03672e01998cb9d060e4efdbbd064d38d6fba5b3658c2517",,"2026-03-13T15:39:00.000","30","STOP SIGN/FLASHER","FUNCTIONING PROPERLY","UNKNOWN","UNKNOWN","TURNING","T-INTERSECTION",,"STRAIGHT AND LEVEL","DRY","NO DEFECTS","NOT ON SCENE (DESK REPORT)","NO INJURY / DRIVE AWAY","Y",,,"OVER $1,500","2026-03-13T16:00:00.000","FAILING TO YIELD RIGHT-OF-WAY","FAILING TO REDUCE SPEED TO AVOID CRASH","4600","S","WESTERN AVE","922",,,,,,,"2","NO INDICATION OF INJURY","0","0","0","0","0","2","0","15","6","3","41.8102069793","-87.684636304","POINT (-87.684636303983 41.810206979261)"
"11ab7bd5bc9193ea8bf0efc0c6bb627b5460f8230af49b2e5368d2bb4d9fe26b5a677a104dc99655b17b14d73d571b1070b7d946cd5113d19728252c3de6e6ba",,"2026-03-13T15:34:00.000","30","STOP SIGN/FLASHER","FUNCTIONING PROPERLY","CLEAR","DAYLIGHT","TURNING","T-INTERSECTION",,"STRAIGHT AND LEVEL","DRY","NO DEFECTS","ON SCENE","NO INJURY / DRIVE AWAY","Y",,,"OVER $1,500","2026-03-13T15:47:00.000","FAILING TO YIELD RIGHT-OF-WAY","NOT APPLICABLE","5522","W","NORTH AVE","2532",,,,,,,"2","NO INDICATION OF INJURY","0","0","0","0","0","3","0","15","6","3","41.9095065475","-87.763983104","POINT (-87.763983103989 41.909506547492)"
"5995f51c62bc663263bcb4fe012e9ef29a39bf256a1cfc23ada6e1dca1c8746c55ef8ab46cd4ac981bb9155d717a260e0525e54aebea45ef6f6c7f7d8af95958",,"2026-03-13T15:30:00.000","30","NO CONTROLS","NO CONTROLS","CLEAR","DAYLIGHT","REAR END","NOT DIVIDED",,"STRAIGHT AND LEVEL","DRY","NO DEFECTS","ON SCENE","INJURY AND / OR TOW DUE TO CRASH",,,,"OVER $1,500","2026-03-13T15:33:00.000","IMPROPER OVERTAKING/PASSING","FOLLOWING TOO CLOSELY","3120","S","HALSTED ST","913",,,,,,,"2","NO INDICATION OF INJURY","0","0","0","0","0","4","0","15","6","3","41.8373944311","-87.6464077068","POINT (-87.646407706756 41.837394431137)"
"66e7a4ea650ee9bef26a8f056637349ecf028bec255f98fde34af815a5476efc2bf5427f30f35f5b21567cb8f98b3c243a275996481b40498e202c04015f4923",,"2026-03-13T15:30:00.000","30","STOP SIGN/FLASHER","FUNCTIONING PROPERLY","CLEAR","DAYLIGHT","TURNING","FOUR WAY",,"STRAIGHT AND LEVEL","DRY","NO DEFECTS","NOT ON SCENE (DESK REPORT)","NO INJURY / DRIVE AWAY","Y",,"Y","OVER $1,500","2026-03-13T22:20:00.000","UNABLE TO DETERMINE","UNABLE TO DETERMINE","3210","W","GEORGE ST","1412",,,,,,,"2","NO INDICATION OF INJURY","0","0","0","0","0","2","0","15","6","3","41.9339990325","-87.7079592218","POINT (-87.707959221763 41.933999032499)"