"crash_record_id","crash_date_est_i","crash_date","posted_speed_limit","traffic_control_device","device_condition","weather_condition","lighting_condition","first_crash_type","trafficway_type","lane_cnt","alignment","roadway_surface_cond","road_defect","report_type","crash_type","intersection_related_i","private_property_i","hit_and_run_i","damage","date_police_notified","prim_contributory_cause","sec_contributory_cause","street_no","street_direction","street_name","beat_of_occurrence","photos_taken_i","statements_taken_i","dooring_i","work_zone_i","work_zone_type","workers_present_i","num_units","most_severe_injury","injuries_total","injuries_fatal","injuries_incapacitating","injuries_non_incapacitating","injuries_reported_not_evident","injuries_no_indication","injuries_unknown","crash_hour","crash_day_of_week","crash_month","latitude","longitude","location"
"99d938c12d8ec9c63edb658ac703888cb859aed8129f9930ced7bb44d47f9ce6d5ed73e21d12f8b448900075d15cd8e6c57d8ff4422ee8ae7bbe19c33dab10aa",,"2026-03-13T15:30:00.000","30","NO CONTROLS","NO CONTROLS","CLEAR","DAYLIGHT","SIDESWIPE SAME DIRECTION","NOT DIVIDED",,"STRAIGHT AND LEVEL","DRY","NO DEFECTS","NOT ON SCENE (DESK REPORT)","NO INJURY / DRIVE AWAY",,,,"$500 OR LESS","2026-03-13T16:50:00.000","UNABLE TO DETERMINE","NOT APPLICABLE","3189","W","MARQUETTE RD","831",,,,,,,"2","NO INDICATION OF INJURY","0","0","0","0","0","2","0","15","6","3","41.7715657852","-87.7029028648","POINT (-87.702902864829 41.771565785245)"
"ba01797198000cda5ed278d72d75ab246f8f718b1b0d6642d1ca61a7e441cd7318ad37b85ceb4e8a6510481ac1fbbeb83e9b86895e3ec8090b2af4955da5c9f2",,"2026-03-13T15:30:00.000","30","NO CONTROLS","NO CONTROLS","UNKNOWN","DAYLIGHT","PARKED MOTOR VEHICLE","NOT DIVIDED",,"STRAIGHT AND LEVEL","UNKNOWN","UNKNOWN","NOT ON SCENE (DESK REPORT)","NO INJURY / DRIVE AWAY",,,,"OVER $1,500","2026-03-15T13:40:00.000","UNABLE TO DETERMINE","UNABLE TO DETERMINE","66","W","OAK ST","1824",,,,,,,"2","NO INDICATION OF INJURY","0","0","0","0","0","1","0","15","6","3","41.9006702853","-87.6308416959","POINT (-87.630841695886 41.900670285306)"
"f5f53405bafd679d5d0f797b0f90d38492efcebf96350dddeea72c151d8a40b1cd1e08905a3c4b73de25cf33322d63cab3528ca74d35cc5ed567d757def88fa1",,"2026-03-13T15:30:00.000","5","NO CONTROLS","NO CONTROLS","CLEAR","DAYLIGHT","REAR TO REAR","PARKING LOT",,"STRAIGHT AND LEVEL","DRY","NO DEFECTS","NOT ON SCENE (DESK REPORT)","NO INJURY / DRIVE AWAY",,,"Y","OVER $1,500","2026-03-13T15:45:00.000","UNABLE TO DETERMINE","NOT APPLICABLE","1633","W","95TH ST","2213",,,,,,,"2","NO INDICATION OF INJURY","0","0","0","0","0","2","0","15","6","3","41.7210827914","-87.6641859608","POINT (-87.66418596077 41.721082791424)"
"d817fb2a861ccc95d69b2db5a97dd84a03f122f6906ba1999ca87410833a42acb4e41e7183cc8d8c34fd7ace9cbfbfdbce0720ab5d4864940f47d0d2e789c729",,"2026-03-13T15:29:00.000","10","NO CONTROLS","NO CONTROLS","CLEAR","DAYLIGHT","REAR TO REAR","PARKING LOT",,"STRAIGHT AND LEVEL","DRY","NO DEFECTS","NOT ON SCENE (DESK REPORT)","NO INJURY / DRIVE AWAY",,"Y",,"$500 OR LESS","2026-03-13T16:15:00.000","IMPROPER BACKING","UNABLE TO DETERMINE","5614","N","HARLEM AVE","1612",,,,,,,"2","NO INDICATION OF INJURY","0","0","0","0","0","2","0","15","6","3","41.983245611","-87.8070835815","POINT (-87.807083581466 41.983245610989)"
"31640bc345409bdabbb341151aafcf4cac656eb45c950ef2865b82ad1f6fc46d595786250fe909247bce58488c14dee38ef91eef62ecb44675692aa661906f28",,"2026-03-13T15:28:00.000","30","TRAFFIC SIGNAL","NOT FUNCTIONING","CLEAR","DAYLIGHT","REAR END","NOT DIVIDED",,"STRAIGHT AND LEVEL","DRY","NO DEFECTS",,"NO INJURY / DRIVE AWAY",,,,"OVER $1,500","2026-03-13T16:25:00.000","FOLLOWING TOO CLOSELY","UNABLE TO DETERMINE","2400","W","OGDEN AVE","1023",,,,,,,"3","NO INDICATION OF INJURY","0","0","0","0","0","3","0","15","6","3","41.8648317102","-87.6861606727","POINT (-87.686160672742 41.864831710222)"
"a0fad7c789237f705549a6046b4540b95640dd7a4e88191f3d3c402e941ef3e95af56e9ef9f354129d8b78329ba6faf2b683e4418d91e4f6835f5021528899a9",,"2026-03-13T15:28:00.000","30","TRAFFIC SIGNAL","NOT FUNCTIONING","UNKNOWN","UNKNOWN","ANGLE","DIVIDED - W/MEDIAN (NOT RAISED)",,"STRAIGHT AND LEVEL","UNKNOWN","UNKNOWN","NOT ON SCENE (DESK REPORT)","NO INJURY / DRIVE AWAY","Y",,,"$501 - $1,500","2026-03-13T15:28:00.000","FAILING TO YIELD RIGHT-OF-WAY","FAILING TO YIELD RIGHT-OF-WAY","2252","W","WASHINGTON BLVD","1223",,,,,,,"2","NO INDICATION OF INJURY","0","0","0","0","0","3","0","15","6","3","41.8831438735","-87.6836662683","POINT (-87.683666268256 41.883143873542)"
"328b3064cbce7d34fb23b194b02ec41678fafd2863b463871a33c878ff50dbdce4f40651f01be5f61a9db3357ec01e02bc5693dca0c036a9a4f7c0f93a4b945e",,"2026-03-13T15:27:00.000","30","TRAFFIC SIGNAL","FUNCTIONING PROPERLY","CLEAR","DAYLIGHT","REAR TO SIDE","FOUR WAY",,"STRAIGHT AND LEVEL","DRY","NO DEFECTS","ON SCENE","INJURY AND / OR TOW DUE TO CRASH",,,"Y","OVER $1,500","2026-03-13T15:29:00.000","UNABLE TO DETERMINE","NOT APPLICABLE","9200","S","COMMERCIAL AVE","423",,,,,,,"2","NO INDICATION OF INJURY","0","0","0","0","0","3","0","15","6","3","41.728172803","-87.5513593679","POINT (-87.551359367872 41.728172802992)"
"9bbc681007ed125b2003cbb002286dbd76bf1c9b13fb873ee0de00bf1042d70a68207a5c28b7affd8afeb0955ba1435dcdf57c424c27dbc86c6f9d1f99f8a6a1",,"2026-03-13T15:27:00.000","30","STOP SIGN/FLASHER","FUNCTIONING PROPERLY","CLEAR","DAYLIGHT","TURNING","DIVIDED - W/MEDIAN (NOT RAISED)",,"STRAIGHT AND LEVEL","DRY","NO DEFECTS","ON SCENE","INJURY AND / OR TOW DUE TO CRASH","Y",,,"OVER $1,500","2026-03-13T16:01:00.000","FAILING TO YIELD RIGHT-OF-WAY","NOT APPLICABLE","2401","N","MANGO AVE","2515",,,,,,,"3","NONINCAPACITATING INJURY","3","0","0","3","0","1","0","15","6","3","41.9240188141","-87.7694942353","POINT (-87.769494235321 41.924018814149)"
"196c316563bc85426defb673b8967a64b0f7b405d0bf739a972cc0dd5e0502fe978e3ccb4733d7e63ab72f09ecd318130346099f3a6e06f865ed804560d931c8",,"2026-03-13T15:20:00.000","35","NO CONTROLS","NO CONTROLS","CLEAR","DAYLIGHT","ANGLE","DIVIDED - W/MEDIAN (NOT RAISED)",,"STRAIGHT AND LEVEL","DRY","UNKNOWN","ON SCENE","NO INJURY / DRIVE AWAY",,,,"OVER $1,500","2026-03-13T15:20:00.000","FAILING TO YIELD RIGHT-OF-WAY","NOT APPLICABLE","2322","S","ARCHER AVE","914",,,,,,,"2","NO INDICATION OF INJURY","0","0","0","0","0","2","0","15","6","3","41.8506308656","-87.6397060294","POINT (-87.639706029414 41.850630865643)"
"cbe5207010d64978be9f612550f26a999d0e70bfb1678e42af32564a08cf2ad4bf6a1a9f8c8f970389867147787ab73f8a83b1c3c0f778d45afc5f7efb173f73",,"2026-03-13T15:20:00.000","15","STOP SIGN/FLASHER","FUNCTIONING PROPERLY","CLEAR","DAYLIGHT","REAR END","RAMP",,"STRAIGHT AND LEVEL","DRY","UNKNOWN","NOT ON SCENE (DESK REPORT)","NO INJURY / DRIVE AWAY",,,,"OVER $1,500","2026-03-13T16:30:00.000","UNABLE TO DETERMINE","NOT APPLICABLE","1031","E","111TH ST","531",,,,,,,"2","NO INDICATION OF INJURY","0","0","0","0","0","2","0","15","6","3","41.6921830298","-87.5980758849","POINT (-87.598075884889 41.692183029838)"
"d382c323022f9f06ea0346eb92900161610ce0e9f43d589a26b292dc0265bb9835748d6ffeaf661a423de4a35e0871f396c2d2516900a3a16735e9391837d342",,"2026-03-13T15:15:00.000","30","NO CONTROLS","NO CONTROLS","CLEAR","DAYLIGHT","PEDESTRIAN","DRIVEWAY",,"STRAIGHT AND LEVEL","DRY","UNKNOWN","ON SCENE","INJURY AND / OR TOW DUE TO CRASH",,,"Y","OVER $1,500","2026-03-13T17:30:00.000","FAILING TO YIELD RIGHT-OF-WAY","UNABLE TO DETERMINE","2548","S","SAWYER AVE","1024",,,,,,,"2","REPORTED, NOT EVIDENT","1","0","0","0","1","1","0","15","6","3","41.8448699364","-87.7064142491","POINT (-87.706414249128 41.844869936417)"
"e0e0989af664e974beb4c23cf2e40af045bdddbaa1daf625b6651a11e88996d2e07d5a5d5f8217486e56215183ab54977e914d4cf18337ab76f18833b77196fc",,"2026-03-13T15:11:00.000","30","NO CONTROLS","NO CONTROLS","CLEAR","DAYLIGHT","PARKED MOTOR VEHICLE","ONE-WAY",,"STRAIGHT AND LEVEL","DRY","UNKNOWN","ON SCENE","NO INJURY / DRIVE AWAY",,,,"OVER $1,500","2026-03-13T15:21:00.000","DRIVING SKILLS/KNOWLEDGE/EXPERIENCE","NOT APPLICABLE","152","W","ADAMS ST","122",,,,,,,"2","NO INDICATION OF INJURY","0","0","0","0","0","1","0","15","6","3","41.8795090079","-87.6324216782","POINT (-87.632421678227 41.879509007867)"
"c1bcf7b75347b368961166cf7f92cde7e35f92e4f7a004027386ecd3a97caf1929b766cbc6e19b3ce7b105d8dfb1b0ac21440c78449c75fbe833f6be852973a2",,"2026-03-13T15:10:00.000","15","NO CONTROLS","NO CONTROLS","UNKNOWN","UNKNOWN","PARKED MOTOR VEHICLE","PARKING LOT",,"STRAIGHT AND LEVEL","UNKNOWN","UNKNOWN","ON SCENE","NO INJURY / DRIVE AWAY",,,"Y","OVER $1,500","2026-03-16T13:15:00.000","UNABLE TO DETERMINE","NOT APPLICABLE","2700","N","NARRAGANSETT AVE","2512",,,,,,,"2","NO INDICATION OF INJURY","0","0","0","0","0","2","0","15","6","3","41.9292566877","-87.785795165","POINT (-87.785795165033 41.929256687664)"
"78a6473e7ac2d83578f4057817d89043029937f8eb273ff27162b636f457e5261ed17755c8c0ef294dfbc285c7011ac97679f25481a0b85e5c725f2b983f4d5a",,"2026-03-13T15:07:00.000","30","STOP SIGN/FLASHER","FUNCTIONING PROPERLY","CLEAR","DAYLIGHT","ANGLE","NOT DIVIDED",,"STRAIGHT AND LEVEL","DRY","NO DEFECTS","ON SCENE","INJURY AND / OR TOW DUE TO CRASH",,,"Y","OVER $1,500","2026-03-13T15:07:00.000","UNABLE TO DETERMINE","NOT APPLICABLE","3101","W","PERSHING RD","921",,,,,,,"2","REPORTED, NOT EVIDENT","1","0","0","0","1","1","0","15","6","3","41.8225248189","-87.7021224243","POINT (-87.702122424322 41.822524818913)"
"44f57bbb1d659728f2074239401183cb70886c7f6ef2ef2759a77c8e5c5c42ae5221a96598771e3fe9b6f00593fae00e3228c413f424d95872a6874a500a9fc6",,"2026-03-13T15:05:00.000","30","NO CONTROLS","NO CONTROLS","CLEAR","DAYLIGHT","SIDESWIPE SAME DIRECTION","DIVIDED - W/MEDIAN BARRIER",,"STRAIGHT AND LEVEL","DRY","NO DEFECTS","ON SCENE","NO INJURY / DRIVE AWAY",,,,"$500 OR LESS","2026-03-13T15:09:00.000","IMPROPER OVERTAKING/PASSING","NOT APPLICABLE","3202","S","STATE ST","211",,,,,,,"2","NO INDICATION OF INJURY","0","0","0","0","0","11","0","15","6","3","41.8363060018","-87.6268845663","POINT (-87.62688456633 41.836306001799)"
"6fa781a1e1d50427dda99fa3cbe759f9003104676d7323118f0c53a66b5599f8d2faa9c8a91e53172ffdb50cd4485b77519ede8da6010e9a8a3f8086478ad213",,"2026-03-13T15:05:00.000","30","TRAFFIC SIGNAL","FUNCTIONING PROPERLY","CLEAR","DAYLIGHT","SIDESWIPE SAME DIRECTION","DIVIDED - W/MEDIAN (NOT RAISED)",,"STRAIGHT AND LEVEL","DRY","UNKNOWN","NOT ON SCENE (DESK REPORT)","NO INJURY / DRIVE AWAY","Y",,,"$501 - $1,500","2026-03-16T16:55:00.000","NOT APPLICABLE","IMPROPER LANE USAGE","14","S","ASHLAND AVE","1224",,,,,,,"2","NO INDICATION OF INJURY","0","0","0","0","0","2","0","15","6","3","41.8810084938","-87.6669393107","POINT (-87.666939310687 41.881008493757)"
"79f3911508770b17901c4929b8bf0ee4e6d3a5f4f284e33ef5e7edf0bba3b941cd27a88d381fc54b578c28963cab2e9f6a13c33baf47ae1d78d20dea7babc2e0",,"2026-03-13T15:00:00.000","30","NO CONTROLS","NO CONTROLS","CLEAR","DAYLIGHT","SIDESWIPE SAME DIRECTION","NOT DIVIDED",,"STRAIGHT ON GRADE","DRY","NO DEFECTS","NOT ON SCENE (DESK REPORT)","INJURY AND / OR TOW DUE TO CRASH",,,,"OVER $1,500","2026-03-13T15:05:00.000","FAILING TO YIELD RIGHT-OF-WAY","FAILING TO REDUCE SPEED TO AVOID CRASH","11157","S","ESMOND ST","2212",,,,,,,"2","REPORTED, NOT EVIDENT","1","0","0","0","1","3","0","15","6","3","41.690289871","-87.6689452803","POINT (-87.66894528027 41.690289870983)"
"8b7c542d00b84bbc37edec9cb54810766d7e4d4e6470ce2205ee5180b22f433c79e980f9620f52628be023ef159651b3940feadd17b6e08f51cfd114147759db",,"2026-03-13T15:00:00.000","30","NO CONTROLS","NO CONTROLS","UNKNOWN","UNKNOWN","PARKED MOTOR VEHICLE","DIVIDED - W/MEDIAN (NOT RAISED)",,"STRAIGHT AND LEVEL","UNKNOWN","UNKNOWN","NOT ON SCENE (DESK REPORT)","INJURY AND / OR TOW DUE TO CRASH",,,,"OVER $1,500","2026-03-14T14:15:00.000","FAILING TO REDUCE SPEED TO AVOID CRASH","UNABLE TO DETERMINE","1634","W","AUGUSTA BLVD","1213",,,,,,,"2","NO INDICATION OF INJURY","0","0","0","0","0","1","0","15","6","3","41.8997965597","-87.6686668831","POINT (-87.668666883102 41.899796559689)"
"8bf85900e330907389c4b412393a41a056f06544078da4d05102fce6b5497b15a607c8c8745b096a7dd8fa5eb17a92d265dae086c74ece0b887fbd8b3b76f156",,"2026-03-13T14:56:00.000","30","NO CONTROLS","NO CONTROLS","CLEAR","DAYLIGHT","TURNING","NOT DIVIDED",,"STRAIGHT AND LEVEL","DRY","NO DEFECTS","ON SCENE","INJURY AND / OR TOW DUE TO CRASH",,,,"$501 - $1,500","2026-03-13T16:55:00.000","FAILING TO YIELD RIGHT-OF-WAY","FAILING TO YIELD RIGHT-OF-WAY","42","E","9TH ST","123",,,,,,,"2","NO INDICATION OF INJURY","0","0","0","0","0","2","0","14","6","3","41.8706645296","-87.625953647","POINT (-87.625953647009 41.870664529593)"
"89588e7ba696d9cb2ce225b891616df1e804a8960ace3ff9e4598fa52ba7cca49dceb48263fec91678adf5f512efdbaa966cabcdf3ac3479d8593e3702c7812e",,"2026-03-13T14:50:00.000","30","TRAFFIC SIGNAL","FUNCTIONING PROPERLY","SEVERE CROSS WIND GATE","DAYLIGHT","REAR END","DIVIDED - W/MEDIAN (NOT RAISED)",,"STRAIGHT AND LEVEL","DRY","NO DEFECTS","NOT ON SCENE (DESK REPORT)","NO INJURY / DRIVE AWAY","Y",,,"OVER $1,500","2026-03-16T15:25:00.000","FOLLOWING TOO CLOSELY","UNABLE TO DETERMINE","5158","W","MONTROSE AVE","1623",,,,,,,"3","NO INDICATION OF INJURY","0","0","0","0","0","3","0","14","6","3","41.9607159445","-87.756858064","POINT (-87.756858064029 41.960715944454)"
"8ec7a6bdee3dc9ff5f55f54938abf31689c76d780fa2fb1c8b567858e93369ef45437f4ee5cac57ba7514da01b75574e038867fa61d6e8ea124c4eacf2f5bebf",,"2026-03-13T14:45:00.000","5","NO CONTROLS","NO CONTROLS","CLEAR","DAYLIGHT","PARKED MOTOR VEHICLE","PARKING LOT",,"STRAIGHT AND LEVEL","DRY","NO DEFECTS","ON SCENE","NO INJURY / DRIVE AWAY",,,,"$501 - $1,500","2026-03-13T14:59:00.000","UNABLE TO DETERMINE","NOT APPLICABLE","2101","E","71ST ST","333",,,,,,,"2","NO INDICATION OF INJURY","0","0","0","0","0","3","0","14","6","3","41.7659900011","-87.5737873367","POINT (-87.573787336654 41.765990001141)"
"34368014fff8287feefbf755eadb199564265a5f6e77fc3d259ca83db2729d8400f121ea74ab48a449870187dddf68f12e298c536c076bec969bfd38655122a6",,"2026-03-13T14:43:00.000","30","TRAFFIC SIGNAL","UNKNOWN","CLEAR","DAYLIGHT","TURNING","ONE-WAY",,"STRAIGHT AND LEVEL","DRY","NO DEFECTS","ON SCENE","NO INJURY / DRIVE AWAY","Y",,,"OVER $1,500","2026-03-13T14:45:00.000","IMPROPER TURNING/NO SIGNAL","NOT APPLICABLE","11100","S","MARSHFIELD AVE","2234",,,,,,,"2","NO INDICATION OF INJURY","0","0","0","0","0","4","0","14","6","3","41.6920731982","-87.661003058","POINT (-87.661003057986 41.692073198171)"
"503b2c91fb40ba702a0c2980845d2c4b404e2dbaf3b39af9f82a0715183455a73b45322ab2407797ace4fd3273cfe7d0e75ab7b7e683c4c58b13ad3af5741090",,"2026-03-13T14:43:00.000","15","NO CONTROLS","NO CONTROLS","CLEAR","DAYLIGHT","ANGLE","FOUR WAY",,"STRAIGHT AND LEVEL","DRY","NO DEFECTS","ON SCENE","INJURY AND / OR TOW DUE TO CRASH","Y",,,"OVER $1,500","2026-03-13T16:20:00.000","FAILING TO REDUCE SPEED TO AVOID CRASH","FAILING TO REDUCE SPEED TO AVOID CRASH","7529","N","CLARK ST","2422",,,,,,,"2","NO INDICATION OF INJURY","0","0","0","0","0","2","0","14","6","3","42.0186311303","-87.675844598","POINT (-87.675844598018 42.018631130261)"
"c012f825688bc84125f9a32ecaa6898c1ae0e0d4e04e1b94f6785ea35f7c18d322f8cc6c65596465d536414cecda90416d07c78795244f2fb8b1891f2e010b04",,"2026-03-13T14:40:00.000","30","NO CONTROLS","NO CONTROLS","CLEAR","DAYLIGHT","SIDESWIPE SAME DIRECTION","ONE-WAY",,"STRAIGHT AND LEVEL","DRY","NO DEFECTS","NOT ON SCENE (DESK REPORT)","NO INJURY / DRIVE AWAY","Y",,,"OVER $1,500","2026-03-13T17:00:00.000","UNABLE TO DETERMINE","NOT APPLICABLE","10601","S","AVENUE J","432",,,,,,,"2","NO INDICATION OF INJURY","0","0","0","0","0","2","0","14","6","3","41.7026370892","-87.5339344286","POINT (-87.533934428638 41.702637089156)"
"09b6acbc2a6bc65c35ea2a4b1e25af9862b069f9c8eb1ba414f52a33d1e6abd0c5948cf6ec85a5c9a6a96e9019faf85f079b34f3e54ec7797e848530e9c9c8cc",,"2026-03-13T14:39:00.000","40","NO CONTROLS","NO CONTROLS","CLEAR","DAYLIGHT","SIDESWIPE SAME DIRECTION","DIVIDED - W/MEDIAN (NOT RAISED)",,"STRAIGHT AND LEVEL","DRY","NO DEFECTS","NOT ON SCENE (DESK REPORT)","NO INJURY / DRIVE AWAY",,,"Y","OVER $1,500","2026-03-13T15:20:00.000","IMPROPER OVERTAKING/PASSING","DRIVING SKILLS/KNOWLEDGE/EXPERIENCE","100","S","LAKE SHORE DR NB","114",,,,,,,"2","NO INDICATION OF INJURY","0","0","0","0","0","2","0","14","6","3","41.8808560477","-87.6176358918","POINT (-87.617635891755 41.880856047671)"
"d9be27e7f40abfdd5eac961f8863bf25140bad2341743dc4b6b6da9ce61e1ac3464d51dfbdb91fd18bc5865533fd2ca16d144aac687c0aa8716c89b7558d5422",,"2026-03-13T14:37:00.000","30","NO CONTROLS","NO CONTROLS","CLEAR","DAYLIGHT","SIDESWIPE SAME DIRECTION","NOT DIVIDED",,"STRAIGHT AND LEVEL","DRY","NO DEFECTS","ON SCENE","NO INJURY / DRIVE AWAY",,,"Y","$501 - $1,500","2026-03-13T15:15:00.000","NOT APPLICABLE","NOT APPLICABLE","4911","S","HOYNE AVE","931",,,,,,,"2","NO INDICATION OF INJURY","0","0","0","0","0","2","0","14","6","3","41.8044944665","-87.6768684459","POINT (-87.67686844595 41.804494466483)"
"ab49223cbe9d99be7150756e7f304a3c08e9934d54567ac242404730c67cd1395f646a562157928fc5805e624d5effcc8153f8656c5a14b86d6420217b7b31f1",,"2026-03-13T14:35:00.000","30","NO CONTROLS","NO CONTROLS","CLOUDY/OVERCAST","DAYLIGHT","PARKED MOTOR VEHICLE","PARKING LOT",,"STRAIGHT AND LEVEL","DRY","NO DEFECTS","NOT ON SCENE (DESK REPORT)","NO INJURY / DRIVE AWAY",,"Y","Y","$501 - $1,500","2026-03-16T17:00:00.000","UNABLE TO DETERMINE","UNABLE TO DETERMINE","1132","S","CLINTON ST","124",,,,,,,"2","NO INDICATION OF INJURY","0","0","0","0","0","1","0","14","6","3","41.8679728051","-87.6408922569","POINT (-87.640892256885 41.867972805109)"
"c3465646920676ab9b1a49ef4610cb4c99badce4bfd0182b94b63b63254737e2a3a6fb7739c2ee4b3c9eb95dd5e0571f6aa40a8c9b8ed4d19aa8ac824e5f2efe",,"2026-03-13T14:32:00.000","20","NO CONTROLS","NO CONTROLS","CLEAR","DAYLIGHT","TURNING","DIVIDED - W/MEDIAN (NOT RAISED)",,"STRAIGHT AND LEVEL","DRY","NO DEFECTS","NOT ON SCENE (DESK REPORT)","INJURY AND / OR TOW DUE TO CRASH",,,,"OVER $1,500","2026-03-13T15:45:00.000","UNABLE TO DETERMINE","NOT APPLICABLE","1210","W","79TH ST","612",,,,,,,"2","REPORTED, NOT EVIDENT","1","0","0","0","1","2","0","14","6","3","41.7506012697","-87.6542218683","POINT (-87.654221868308 41.75060126966)"
"163c32466ed98b930de1633fd7185a2c0782799283e12b6c6617fef67680b88b94d9ce6a0d182ecd0bfeb4666bf52f9685eb00fc61a618ecdc77fb7b5f2f2989",,"2026-03-13T14:30:00.000","30","NO CONTROLS","NO CONTROLS","CLEAR","DAYLIGHT","PARKED MOTOR VEHICLE","DIVIDED - W/MEDIAN (NOT RAISED)",,"STRAIGHT AND LEVEL","DRY","UNKNOWN","NOT ON SCENE (DESK REPORT)","NO INJURY / DRIVE AWAY",,,,"$501 - $1,500","2026-03-13T14:58:00.000","UNABLE TO DETERMINE","UNABLE TO DETERMINE","4538","N","CLARK ST","1912",,,,,,,"2","NO INDICATION OF INJURY","0","0","0","0","0","4","0","14","6","3","41.9645968568","-87.6667442905","POINT (-87.666744290519 41.964596856835)"
"5cdb1631447e87ae3fa54c61a9da4bc855686eb27175fd75f52d46ef545d104c8f2ebfad179841ea28270f35634dbb42ac7919ba92409cc7cb96f158bf6e0a4f",,"2026-03-13T14:30:00.000","30","NO CONTROLS","NO CONTROLS","CLEAR","DAYLIGHT","REAR END","NOT DIVIDED",,"STRAIGHT AND LEVEL","DRY","NO DEFECTS","NOT ON SCENE (DESK REPORT)","NO INJURY / DRIVE AWAY",,,,"OVER $1,500","2026-03-13T14:40:00.000","FOLLOWING TOO CLOSELY","NOT APPLICABLE","3100","W","63RD ST","823",,,,,,,"2","NO INDICATION OF INJURY","0","0","0","0","0","2","0","14","6","3","41.7791164064","-87.7007649402","POINT (-87.700764940156 41.779116406376)"
"6a4508446eb6e2479ed6a2313120b99e2fe80090aa017d702278ba49978cfb15210597d9eb65f0f91b969f54ee7633323775a5a6e0ac64f33f89733c28ca9b75",,"2026-03-13T14:30:00.000","30","STOP SIGN/FLASHER","FUNCTIONING PROPERLY","CLEAR","DAYLIGHT","ANGLE","FOUR WAY",,"STRAIGHT AND LEVEL","DRY","NO DEFECTS","NOT ON SCENE (DESK REPORT)","NO INJURY / DRIVE AWAY","Y",,,"OVER $1,500","2026-03-13T16:14:00.000","FAILING TO YIELD RIGHT-OF-WAY","NOT APPLICABLE","2431","W","59TH ST","824",,,,,,,"2","NO INDICATION OF INJURY","0","0","0","0","0","2","0","14","6","3","41.786435928","-87.6849923184","POINT (-87.684992318431 41.786435927989)"
"903bf63222899f9625d994525cd8db6b74b19341b6cc91ddd5683e3b742f44bb1d75596cb06dfb1edd4ae4593b704a400a3d47e40f5d3f5c5950a1118e0cce53",,"2026-03-13T14:30:00.000","25","TRAFFIC SIGNAL","FUNCTIONING PROPERLY","CLEAR","DAYLIGHT","TURNING","NOT DIVIDED",,"STRAIGHT AND LEVEL","DRY","NO DEFECTS","NOT ON SCENE (DESK REPORT)","NO INJURY / DRIVE AWAY","Y",,,"OVER $1,500","2026-03-13T15:00:00.000","UNABLE TO DETERMINE","UNABLE TO DETERMINE","2288","S","ARCHER AVE","914",,,,,,,"2","NO INDICATION OF INJURY","0","0","0","0","0","2","0","14","6","3","41.8511978333","-87.6385403033","POINT (-87.638540303313 41.851197833308)"
"9ee113b119d48dfd36071896b5a16e3c45cebefeaf473c688ca5daf7e91ccc5d3f02fd8dac873a43b945b7784dd70abb8aa476cd5a9e6c6e3ec9c4270f93d51c",,"2026-03-13T14:30:00.000","15","NO CONTROLS","NO CONTROLS","CLEAR","DAYLIGHT","PARKED MOTOR VEHICLE","PARKING LOT",,"STRAIGHT AND LEVEL","DRY","NO DEFECTS","NOT ON SCENE (DESK REPORT)","NO INJURY / DRIVE AWAY",,"Y",,"OVER $1,500","2026-03-13T15:40:00.000","UNABLE TO DETERMINE","NOT APPLICABLE","11131","S","CORLISS AVE","531",,,,,,,"2","NO INDICATION OF INJURY","0","0","0","0","0","2","0","14","6","3","41.6919560066","-87.6005582471","POINT (-87.60055824713 41.691956006633)"
"d0ba23b636485d7c933e1521a47c3c82569b8449131f22319ae52d23ce8a77f25d04df22f87a1a08216d4c451e70207ca75468b73e1dc5a753da8e8a2a27a999",,"2026-03-13T14:30:00.000","30","TRAFFIC SIGNAL","FUNCTIONING PROPERLY","CLEAR","DAYLIGHT","SIDESWIPE SAME DIRECTION","DIVIDED - W/MEDIAN BARRIER",,"STRAIGHT AND LEVEL","UNKNOWN","UNKNOWN","NOT ON SCENE (DESK REPORT)","NO INJURY / DRIVE AWAY",,,"Y","OVER $1,500","2026-03-13T15:00:00.000","UNABLE TO DETERMINE","NOT APPLICABLE","805","S","STATE ST","123",,,,,,,"2","NO INDICATION OF INJURY","0","0","0","0","0","2","0","14","6","3","41.871698689","-87.6273756505","POINT (-87.62737565048 41.871698689044)"
"7dc2331d8e37f1e8176c8888767a154e5f8cc5f5686070a0cbea47d0311f84148e8d0e813ed7c04d78c4986121cb73e65acebae64f5d7bf0a3652a363c871abe",,"2026-03-13T14:17:00.000","30","NO CONTROLS","NO CONTROLS","CLEAR","DAYLIGHT","PARKED MOTOR VEHICLE","NOT DIVIDED",,"STRAIGHT AND LEVEL","DRY","NO DEFECTS","ON SCENE","NO INJURY / DRIVE AWAY",,,,"OVER $1,500","2026-03-13T14:56:00.000","FAILING TO YIELD RIGHT-OF-WAY","NOT APPLICABLE","3034","N","PULASKI RD","2523",,,,,,,"2","NO INDICATION OF INJURY","0","0","0","0","0","2","0","14","6","3","41.9364575782","-87.7272565349","POINT (-87.727256534862 41.936457578192)"
"5992105edce53b708722453c02b99eb7f1c65b7042a53ec2e546387f0816ce5bd73a419bfe6ac72f376671c9a83b13410eff37b73e438f67af5212fc10e43991","Y","2026-03-13T14:15:00.000","25","STOP SIGN/FLASHER","NO CONTROLS","CLEAR","DAYLIGHT","SIDESWIPE SAME DIRECTION","DIVIDED - W/MEDIAN (NOT RAISED)",,"STRAIGHT AND LEVEL","DRY","NO DEFECTS","ON SCENE","NO INJURY / DRIVE AWAY",,,,"OVER $1,500","2026-03-13T14:18:00.000","UNABLE TO DETERMINE","UNABLE TO DETERMINE","3401","N","MENARD AVE","1633",,,,,,,"2","NO INDICATION OF INJURY","0","0","0","0","0","2","0","14","6","3","41.9422181804","-87.7713481139","POINT (-87.77134811393 41.942218180363)"