"crash_record_id","crash_date_est_i","crash_date","posted_speed_limit","traffic_control_device","device_condition","weather_condition","lighting_condition","first_crash_type","trafficway_type","lane_cnt","alignment","roadway_surface_cond","road_defect","report_type","crash_type","intersection_related_i","private_property_i","hit_and_run_i","damage","date_police_notified","prim_contributory_cause","sec_contributory_cause","street_no","street_direction","street_name","beat_of_occurrence","photos_taken_i","statements_taken_i","dooring_i","work_zone_i","work_zone_type","workers_present_i","num_units","most_severe_injury","injuries_total","injuries_fatal","injuries_incapacitating","injuries_non_incapacitating","injuries_reported_not_evident","injuries_no_indication","injuries_unknown","crash_hour","crash_day_of_week","crash_month","latitude","longitude","location"
"7e29992a143f43114da615c21130226dbcd44d1e1d4d67d1e240f51aeaae68eab11c1251bd94679632c538fe848d7207d2039a98795d03fa1f63be7ce5d20f84",,"2026-03-13T14:15:00.000","30","NO CONTROLS","NO CONTROLS","CLEAR","DAYLIGHT","PARKED MOTOR VEHICLE","NOT DIVIDED",,"STRAIGHT AND LEVEL","DRY","NO DEFECTS","NOT ON SCENE (DESK REPORT)","NO INJURY / DRIVE AWAY",,,"Y","$501 - $1,500","2026-03-14T11:20:00.000","EQUIPMENT - VEHICLE CONDITION","NOT APPLICABLE","2500","N","CLARK ST","1935",,,,,,,"2","NO INDICATION OF INJURY","0","0","0","0","0","1","0","14","6","3","41.9278051021","-87.6419630601","POINT (-87.641963060076 41.927805102093)"
"f301ff1d42f97e117f501e7feb040a208bb282912d2a1cb516d24c0983dcb12c3564ad0f7e5e05e31b7cb833fb5b4c525c4b1b693483b966a5201fa563651fe3","Y","2026-03-13T14:15:00.000","30","UNKNOWN","UNKNOWN","CLEAR","DAYLIGHT","PARKED MOTOR VEHICLE","NOT DIVIDED",,"STRAIGHT AND LEVEL","DRY","NO DEFECTS","NOT ON SCENE (DESK REPORT)","NO INJURY / DRIVE AWAY",,,,"$501 - $1,500","2026-03-13T14:35:00.000","FOLLOWING TOO CLOSELY","NOT APPLICABLE","211","W","WALTON ST","1823",,,,,,,"2","NO INDICATION OF INJURY","0","0","0","0","0","4","0","14","6","3","41.8996461064","-87.6348084525","POINT (-87.634808452535 41.899646106425)"
"249c19b7078d2ff5870fcbbf7a6fc3428dbaf67e013aa8366f3e701a1b158f3ef6cf8d2b5374a3228bf5d08d3d4e0816f9da79c0418f995edea663d42dc8bb38","Y","2026-03-13T14:10:00.000","25","TRAFFIC SIGNAL","UNKNOWN","CLEAR","DAYLIGHT","TURNING","Y-INTERSECTION",,"STRAIGHT AND LEVEL","UNKNOWN","UNKNOWN","NOT ON SCENE (DESK REPORT)","INJURY AND / OR TOW DUE TO CRASH","Y",,,"OVER $1,500","2026-03-13T14:10:00.000","UNABLE TO DETERMINE","UNABLE TO DETERMINE","5681","N","RIDGE AVE","2013",,,,,,,"2","REPORTED, NOT EVIDENT","1","0","0","0","1","1","0","14","6","3","41.9853009584","-87.6625726238","POINT (-87.662572623765 41.985300958402)"
"f6a8ee5804a4337d1664b74b3cdfc9f03cf11e3cde27de375bd1d037835ae0b4f27aabd5fce789eccb14de0b9f76fd93c5d9d2cfce167c597bc14fbebfff1946",,"2026-03-13T14:03:00.000","30","NO CONTROLS","NO CONTROLS","CLEAR","DAYLIGHT","SIDESWIPE SAME DIRECTION","NOT DIVIDED",,"STRAIGHT AND LEVEL","DRY","UNKNOWN","ON SCENE","INJURY AND / OR TOW DUE TO CRASH",,,,"$501 - $1,500","2026-03-13T14:46:00.000","IMPROPER OVERTAKING/PASSING","NOT APPLICABLE","5694","N","RIDGE AVE","2013",,,,,,,"2","REPORTED, NOT EVIDENT","1","0","0","0","1","1","0","14","6","3","41.9853720874","-87.6631493586","POINT (-87.663149358628 41.985372087381)"
"3dd5d8b97418fed546bdb28d57b571f8ea62b95e103100090280d12f08e3dd1af795205d95ca2f4aec72ccb96e4525bd5f487ae40fd1d5ae3d4cfdbea0d53bcf",,"2026-03-13T14:00:00.000","30","STOP SIGN/FLASHER","NO CONTROLS","CLEAR","DAYLIGHT","TURNING","T-INTERSECTION",,"STRAIGHT AND LEVEL","UNKNOWN","UNKNOWN",,"INJURY AND / OR TOW DUE TO CRASH",,,,"OVER $1,500","2026-03-13T15:00:00.000","DISREGARDING STOP SIGN","FAILING TO YIELD RIGHT-OF-WAY","2301","W","GARFIELD BLVD","824",,,,,,,"2","NONINCAPACITATING INJURY","1","0","0","1","0","3","0","14","6","3","41.7933622769","-87.6813269009","POINT (-87.681326900929 41.793362276932)"
"5433327e9816a50ada00d64a299d8cc47f8c067a261ffb72a309ae9ec1dc8353af9586c2ae1530ea0250a76ade4f17554a31cd8ed18dd07fa3dce4e9cd3f54f7",,"2026-03-13T14:00:00.000","30","UNKNOWN","UNKNOWN","UNKNOWN","UNKNOWN","ANGLE","NOT DIVIDED",,"STRAIGHT AND LEVEL","UNKNOWN","UNKNOWN","NOT ON SCENE (DESK REPORT)","NO INJURY / DRIVE AWAY",,,,"OVER $1,500","2026-03-13T16:00:00.000","UNABLE TO DETERMINE","NOT APPLICABLE","3136","N","PAULINA ST","1931",,,,,,,"2","NO INDICATION OF INJURY","0","0","0","0","0","2","0","14","6","3","41.9389215028","-87.6712190209","POINT (-87.671219020891 41.938921502849)"
"b20054b3c2202bbe0cd4ae272c8ec1ffc778858d92d609da52a391373c34e65fdfc1c95a2d18042af2a98e039efdce89bedbfba13da4517bdb930e4e2fa055da","Y","2026-03-13T14:00:00.000","30","NO CONTROLS","NO CONTROLS","CLEAR","DAYLIGHT","SIDESWIPE SAME DIRECTION","NOT DIVIDED",,"STRAIGHT AND LEVEL","DRY","NO DEFECTS","NOT ON SCENE (DESK REPORT)","NO INJURY / DRIVE AWAY",,,,"$500 OR LESS","2026-03-13T14:30:00.000","IMPROPER OVERTAKING/PASSING","NOT APPLICABLE","2027","S","CLARK ST","131",,,,,,,"2","NO INDICATION OF INJURY","0","0","0","0","0","3","0","14","6","3","41.8545325507","-87.6299954234","POINT (-87.629995423419 41.854532550696)"
"140f8e37c7168822e4632cf760b03f762f11c02bc13ca5f5ba238192aa1c3b7d0dd370635b4c3fddb494451460f5a37c2f254d344ab63658837556846a78a598","Y","2026-03-13T13:57:00.000","25","NO CONTROLS","NO CONTROLS","CLEAR","DAYLIGHT","PARKED MOTOR VEHICLE","PARKING LOT",,"STRAIGHT AND LEVEL","DRY","UNKNOWN","NOT ON SCENE (DESK REPORT)","NO INJURY / DRIVE AWAY",,"Y",,"$500 OR LESS","2026-03-13T14:03:00.000","WEATHER","WEATHER","3510","S","MICHIGAN AVE","213",,,,,,,"2",,,,,,,,,"13","6","3","41.8307016873","-87.6233953459","POINT (-87.623395345899 41.830701687298)"
"95ee1d58920909b8f9cdbd0e45830ba8f366037a9e7021650351d4e6d3878825b67796228d0f858cd46c56b9db65639cfdb4313eec0564365411efba5a1f2db4",,"2026-03-13T13:55:00.000","20","NO CONTROLS","NO CONTROLS","CLEAR","DAYLIGHT","SIDESWIPE OPPOSITE DIRECTION","NOT DIVIDED",,"STRAIGHT AND LEVEL","DRY","NO DEFECTS","NOT ON SCENE (DESK REPORT)","NO INJURY / DRIVE AWAY",,,"Y","$500 OR LESS","2026-03-13T19:00:00.000","FAILING TO REDUCE SPEED TO AVOID CRASH","IMPROPER LANE USAGE","4580","N","MOBILE AVE","1622",,,,,,,"2","NO INDICATION OF INJURY","0","0","0","0","0","2","0","13","6","3","41.9643287796","-87.7846434332","POINT (-87.784643433206 41.964328779617)"
"006406f48e6f53d445979d2cb83c24e112872ff23108b0b3cd89d4ec0e3401dd5739b6527ab2b88d1d1d2728c810c55ab4fb362979fdf3b5a279bfa23af9ce7c","Y","2026-03-13T13:50:00.000","25","UNKNOWN","UNKNOWN","UNKNOWN","DAYLIGHT","SIDESWIPE SAME DIRECTION","NOT DIVIDED",,"STRAIGHT AND LEVEL","UNKNOWN","UNKNOWN","NOT ON SCENE (DESK REPORT)","NO INJURY / DRIVE AWAY",,,,"OVER $1,500","2026-03-13T15:00:00.000","HAD BEEN DRINKING (USE WHEN ARREST IS NOT MADE)","UNABLE TO DETERMINE","6400","W","IRVING PARK RD","1632",,,,,,,"2","NO INDICATION OF INJURY","0","0","0","0","0","2","0","13","6","3","41.9530247508","-87.7866832377","POINT (-87.786683237666 41.953024750753)"
"962594d26bf9770e8bc5ba804ee9e1b4740cee46f01ae86839180b759221892e93af03ab2f627ee0d86465d49e51eea400145d7830c80f36350a65652fd435d4","N","2026-03-13T13:50:00.000","25","NO CONTROLS","NO CONTROLS","CLEAR","DAYLIGHT","PARKED MOTOR VEHICLE","NOT DIVIDED",,"STRAIGHT AND LEVEL","DRY","UNKNOWN","ON SCENE","NO INJURY / DRIVE AWAY",,,"Y","OVER $1,500","2026-03-13T14:11:00.000","FAILING TO REDUCE SPEED TO AVOID CRASH","UNABLE TO DETERMINE","2141","W","COULTER ST","1034",,,,,,,"2","NO INDICATION OF INJURY","0","0","0","0","0","1","0","13","6","3","41.8478726602","-87.6795734363","POINT (-87.679573436263 41.847872660197)"
"f4592c1c3ee5dbad74d4f11d90fb42390b523139d7718e8e0b6006cdb13be00c324c87039cfceac0dbe177ae4e5f2dbc24cb24f9038c9cb955682d1736fd5f07",,"2026-03-13T13:45:00.000","30","NO CONTROLS","NO CONTROLS","UNKNOWN","DAYLIGHT","SIDESWIPE SAME DIRECTION","NOT DIVIDED",,"STRAIGHT AND LEVEL","UNKNOWN","UNKNOWN","NOT ON SCENE (DESK REPORT)","NO INJURY / DRIVE AWAY",,,"Y","$501 - $1,500","2026-03-13T15:15:00.000","UNABLE TO DETERMINE","UNABLE TO DETERMINE","5701","N","SHERIDAN RD","2022",,,,,,,"2","NO INDICATION OF INJURY","0","0","0","0","0","2","0","13","6","3","41.985638421","-87.6550943233","POINT (-87.655094323271 41.985638421049)"
"38c2b19014db8776f21248c082d90c4977eb667b93d5aea9ec2f2f041867d2d6302e7c1516da03da5acf8a7dcd8c5135d03da04a5842fa1fe7687b3df701d6a8",,"2026-03-13T13:40:00.000","30","TRAFFIC SIGNAL","FUNCTIONING PROPERLY","CLEAR","DAYLIGHT","TURNING","NOT DIVIDED",,"STRAIGHT AND LEVEL","DRY","NO DEFECTS","ON SCENE","INJURY AND / OR TOW DUE TO CRASH","Y","Y",,"OVER $1,500","2026-03-13T13:44:00.000","UNABLE TO DETERMINE","FAILING TO YIELD RIGHT-OF-WAY","6400","W","ADDISON ST","1632",,,,,,,"2","NO INDICATION OF INJURY","0","0","0","0","0","2","0","13","6","3","41.94577243","-87.7863727505","POINT (-87.786372750484 41.945772430008)"
"7b32a050a4344d4692141de1ebbee01298b760c717d5480d7a583d9b15399d2567e757b364ec9f622c40e241b6734e003e766f09e43ed0e11b9b51b87880be55",,"2026-03-13T13:40:00.000","30","NO CONTROLS","NO CONTROLS","CLEAR","DAYLIGHT","REAR TO SIDE","PARKING LOT",,"STRAIGHT AND LEVEL","DRY","UNKNOWN","NOT ON SCENE (DESK REPORT)","NO INJURY / DRIVE AWAY",,,"Y","$501 - $1,500","2026-03-13T14:15:00.000","IMPROPER BACKING","UNABLE TO DETERMINE","6700","S","HALSTED ST","723",,,,,,,"2","NO INDICATION OF INJURY","0","0","0","0","0","2","0","13","6","3","41.7723796165","-87.6447416419","POINT (-87.644741641913 41.772379616506)"
"470bc42bf0e2495a9a25b24d1342a977b87172cfe93e09b040239aba59b6c4bc90dfb3375d5976e39584b624237b99e1c3f24025bfdfcfcdc725c138a20c4c25",,"2026-03-13T13:33:00.000","15","NO CONTROLS","NO CONTROLS","CLEAR","DAYLIGHT","REAR TO REAR","PARKING LOT",,"STRAIGHT AND LEVEL","UNKNOWN","UNKNOWN","NOT ON SCENE (DESK REPORT)","NO INJURY / DRIVE AWAY",,,,"$501 - $1,500","2026-03-13T14:00:00.000","DRIVING SKILLS/KNOWLEDGE/EXPERIENCE","NOT APPLICABLE","2235","N","MILWAUKEE AVE","1431",,,,,,,"2","NO INDICATION OF INJURY","0","0","0","0","0","2","0","13","6","3","41.9214888756","-87.694814926","POINT (-87.694814926002 41.921488875628)"
"6d8135d9f7e45bb8c87871af9d6401040b978aa3ecfeaab90ce6b6b8d318b9e9c314836bd4300d356d04f9525fdc5eb5e78625e01b0afbbb7c5cfc2fa95fdbb1",,"2026-03-13T13:30:00.000","30","UNKNOWN","UNKNOWN","CLEAR","DAYLIGHT","SIDESWIPE SAME DIRECTION","NOT DIVIDED",,"STRAIGHT AND LEVEL","UNKNOWN","UNKNOWN","NOT ON SCENE (DESK REPORT)","NO INJURY / DRIVE AWAY",,,,"OVER $1,500","2026-03-13T13:40:00.000","UNABLE TO DETERMINE","UNABLE TO DETERMINE","321","S","WACKER DR","122",,,,,,,"2","NO INDICATION OF INJURY","0","0","0","0","0","2","0","13","6","3","41.8775637372","-87.6365145755","POINT (-87.63651457548 41.877563737195)"
"ae74f03e92f48d1dff6b49b968598c95d9b68acfbead3bd54ae11810ccad7735819a3ff6ed24d4b1abf90228db3997ae3e24fb375a8d9b14a353b737b705d31f",,"2026-03-13T13:30:00.000","15","NO CONTROLS","NO CONTROLS","CLEAR","DAYLIGHT","PARKED MOTOR VEHICLE","NOT DIVIDED",,"STRAIGHT AND LEVEL","DRY","NO DEFECTS","NOT ON SCENE (DESK REPORT)","NO INJURY / DRIVE AWAY",,,"Y","$501 - $1,500","2026-03-13T14:30:00.000","UNABLE TO DETERMINE","NOT APPLICABLE","1029","E","130TH ST","533",,,,,,,"2","NO INDICATION OF INJURY","0","0","0","0","0","1","0","13","6","3","41.6595031767","-87.5965729161","POINT (-87.59657291612 41.659503176716)"
"f8b2af7f7da918eae93807a79c9f82c0af33272ca0c4f3ae0b7eda8d49721cc808e6d5f2d63c8b779e2f846e2503a39d0998c5823d650157bbb5ea1e1985a52a","Y","2026-03-13T13:30:00.000","30","NO CONTROLS","NO CONTROLS","CLEAR","DAYLIGHT","REAR END","DIVIDED - W/MEDIAN (NOT RAISED)",,"STRAIGHT AND LEVEL","DRY","NO DEFECTS","NOT ON SCENE (DESK REPORT)","NO INJURY / DRIVE AWAY",,,"N","OVER $1,500","2026-03-13T18:24:00.000","UNABLE TO DETERMINE","NOT APPLICABLE","2571","S","WESTERN AVE","1034",,,,,,,"2","NO INDICATION OF INJURY","0","0","0","0","0","2","0","13","6","3","41.8449294555","-87.685304331","POINT (-87.685304330982 41.844929455482)"
"0e8ac5e404b3e9e5384c79f7b318dfb08c9a4449eb5e1e8d4be34eada2e9fbebbf935d27f6d4d9c737113acc8dc9b1be9b6f460bb841e50988861031e1952954",,"2026-03-13T13:28:00.000","30","TRAFFIC SIGNAL","FUNCTIONING PROPERLY","CLEAR","DAYLIGHT","SIDESWIPE SAME DIRECTION","FOUR WAY",,"STRAIGHT AND LEVEL","DRY","UNKNOWN","NOT ON SCENE (DESK REPORT)","NO INJURY / DRIVE AWAY","Y",,,"$501 - $1,500","2026-03-13T15:42:00.000","FAILING TO YIELD RIGHT-OF-WAY","NOT APPLICABLE","1200","N","HALSTED ST","1822",,,,,,,"2","NO INDICATION OF INJURY","0","0","0","0","0","2","0","13","6","3","41.9036983077","-87.6482453506","POINT (-87.648245350626 41.90369830765)"
"1150a31b48f221191ce60b270dfe122c90b3cffb4489374449bfbc1d850da20c47ee3e3f09b1071e731b0c121aba7a2ede9a099b115c7e55614af3548a3d342d",,"2026-03-13T13:20:00.000","30","TRAFFIC SIGNAL","FUNCTIONING PROPERLY","CLEAR","DAYLIGHT","SIDESWIPE SAME DIRECTION","OTHER",,"STRAIGHT AND LEVEL","DRY","NO DEFECTS","NOT ON SCENE (DESK REPORT)","NO INJURY / DRIVE AWAY",,,"Y","OVER $1,500","2026-03-13T13:45:00.000","IMPROPER OVERTAKING/PASSING","NOT APPLICABLE","8690","S","VINCENNES AVE","613",,,,,,,"2","NO INDICATION OF INJURY","0","0","0","0","0","4","0","13","6","3","41.7367627459","-87.6448860415","POINT (-87.644886041503 41.73676274586)"
"0ccd8681ed4ba86ca210343d6671222bb542e935e8e94adb0172cd42d5cedb044adf82613149e8eaf83d6496d8b6da85db83ccbd3e1f15c5248abff83f523f55",,"2026-03-13T13:18:00.000","30","NO CONTROLS","NO CONTROLS","CLEAR","DAYLIGHT","SIDESWIPE SAME DIRECTION","NOT DIVIDED",,"STRAIGHT AND LEVEL","DRY","NO DEFECTS","NOT ON SCENE (DESK REPORT)","NO INJURY / DRIVE AWAY",,,,"OVER $1,500","2026-03-13T17:26:00.000","FAILING TO YIELD RIGHT-OF-WAY","NOT APPLICABLE","5778","S","ARCHER AVE","814",,,,,,,"2","NO INDICATION OF INJURY","0","0","0","0","0","2","0","13","6","3","41.7965654701","-87.7575976906","POINT (-87.757597690555 41.796565470134)"
"5b70027fd2f5f1977adb281083963b668d241e635636cbd5dc80f7ffa3c9f71a70239860e10b6757591bf5e3c885ad34c444e99a54102d25f41d0d088939ddf7","Y","2026-03-13T13:15:00.000","30","NO CONTROLS","NO CONTROLS","CLEAR","DAYLIGHT","PARKED MOTOR VEHICLE","NOT DIVIDED",,"STRAIGHT AND LEVEL","DRY","NO DEFECTS","NOT ON SCENE (DESK REPORT)","NO INJURY / DRIVE AWAY",,,,"OVER $1,500","2026-03-13T15:15:00.000","IMPROPER OVERTAKING/PASSING","NOT APPLICABLE","2653","W","OGDEN AVE","1023",,,,,,,"2","NO INDICATION OF INJURY","0","0","0","0","0","2","0","13","6","3","41.8622732257","-87.6927031911","POINT (-87.692703191113 41.862273225675)"
"7322ece7a66ff58c5cb61a9ece88c98326f6a2aa0a145f1c29805b5d4deaf42fe0f65a13c8f5a779cfb4a1ea831a952199dcc2f1703e27396778a715ba50c8f6",,"2026-03-13T13:15:00.000","25","NO CONTROLS","NO CONTROLS","CLEAR","DAYLIGHT","SIDESWIPE SAME DIRECTION","NOT DIVIDED",,"STRAIGHT AND LEVEL","DRY","UNKNOWN","NOT ON SCENE (DESK REPORT)","NO INJURY / DRIVE AWAY",,,,"OVER $1,500","2026-03-13T15:00:00.000","UNABLE TO DETERMINE","UNABLE TO DETERMINE","5600","S","PAYNE DR","233",,,,,,,"2","NO INDICATION OF INJURY","0","0","0","0","0","2","0","13","6","3","41.7930618931","-87.6081342269","POINT (-87.608134226854 41.793061893127)"
"2397563098b25bca05d7f9b7d6c7c772239fb41993c6ad93673b689193aa7647f369bef17ced7970c1ccff81cde5c5fb9d80657ab88bd41945cfc1871034e6ba",,"2026-03-13T13:14:00.000","30","NO CONTROLS","NO CONTROLS","CLOUDY/OVERCAST","DAYLIGHT","REAR END","DIVIDED - W/MEDIAN BARRIER",,"STRAIGHT AND LEVEL","OTHER","RUT, HOLES","ON SCENE","INJURY AND / OR TOW DUE TO CRASH",,,,"OVER $1,500","2026-03-13T13:15:00.000","FAILING TO REDUCE SPEED TO AVOID CRASH","FOLLOWING TOO CLOSELY","8305","S","VINCENNES AVE","622",,,,,,,"2","REPORTED, NOT EVIDENT","2","0","0","0","2","0","0","13","6","3","41.7439702154","-87.6359161052","POINT (-87.635916105243 41.743970215379)"
"04904f3b286517964c3829597dc768b4873f5aac24b8cdd63843d4652630c741484744f3f4db2a6f8c7bc7b2e603bd8be432c6e8fe3e1a8a84403937e9e5abd2",,"2026-03-13T13:12:00.000","30","TRAFFIC SIGNAL","FUNCTIONING PROPERLY","CLEAR","DAYLIGHT","ANGLE","NOT DIVIDED",,"STRAIGHT AND LEVEL","DRY","NO DEFECTS","ON SCENE","NO INJURY / DRIVE AWAY","Y",,,"OVER $1,500","2026-03-13T13:15:00.000","UNABLE TO DETERMINE","UNABLE TO DETERMINE","9500","S","VINCENNES AVE","2213",,,,,,,"3","NO INDICATION OF INJURY","0","0","0","0","0","3","0","13","6","3","41.721345885","-87.6507963336","POINT (-87.650796333578 41.721345885031)"
"0cf640d6722f37ced7e313d53219deeb478f7c7dca89f974f62f530bb533b3191190b12455b3f7c730431bcfb7eb54867d1c3bce471b62407eb66e58cc74d69b",,"2026-03-13T13:11:00.000","20","NO CONTROLS","NO CONTROLS","CLEAR","DAYLIGHT","PARKED MOTOR VEHICLE","ONE-WAY",,"STRAIGHT AND LEVEL","UNKNOWN","UNKNOWN","NOT ON SCENE (DESK REPORT)","NO INJURY / DRIVE AWAY",,,,"OVER $1,500","2026-03-13T18:50:00.000","UNABLE TO DETERMINE","NOT APPLICABLE","640","W","ALDINE AVE","1925",,,,,,,"2","NO INDICATION OF INJURY","0","0","0","0","0","3","0","13","6","3","41.9419566876","-87.6460324077","POINT (-87.646032407705 41.941956687646)"
"24d17121cef92f5ab7ff1897aadc89e9d8ce6fcb9c0c1f16533617f0abdb8077b4634410cd6d01c4fa716486a3b49ab7340c329f48c6387f3e27536d717ed156",,"2026-03-13T13:11:00.000","30","NO CONTROLS","NO CONTROLS","CLEAR","DAYLIGHT","SIDESWIPE SAME DIRECTION","DIVIDED - W/MEDIAN (NOT RAISED)",,"STRAIGHT AND LEVEL","DRY","UNKNOWN","NOT ON SCENE (DESK REPORT)","NO INJURY / DRIVE AWAY",,,"Y","OVER $1,500","2026-03-13T14:15:00.000","UNABLE TO DETERMINE","NOT APPLICABLE","5742","S","WESTERN AVE","824",,,,,,,"2","NO INDICATION OF INJURY","0","0","0","0","0","2","0","13","6","3","41.7889089183","-87.6840468418","POINT (-87.684046841845 41.788908918322)"
"69b1b84d8916012df0a164a338efa7a713ad2baf25344a24e785d89b11394edc212d52b4bafc40ec0c0e07c2b958a7ccc7dfaab237ab1bd511ffc442322ba2ad",,"2026-03-13T13:10:00.000","30","NO CONTROLS","NO CONTROLS","CLEAR","DAYLIGHT","PARKED MOTOR VEHICLE","NOT DIVIDED",,"STRAIGHT AND LEVEL","DRY","NO DEFECTS","ON SCENE","NO INJURY / DRIVE AWAY",,,,"$500 OR LESS","2026-03-13T13:40:00.000","UNABLE TO DETERMINE","UNABLE TO DETERMINE","3205","N","ASHLAND AVE","1922",,,,,,,"2","NO INDICATION OF INJURY","0","0","0","0","0","1","0","13","6","3","41.939870875","-87.6685199864","POINT (-87.668519986437 41.939870874967)"
"296f18c4f60c672888dd14bc9c9d096380f0fb2274fe83d854f9b04f8016ac559387f080be199599cf9dcdc46a7d1f50022e9543856d4d8de25ef40a2b1192a0",,"2026-03-13T13:05:00.000","30","NO CONTROLS","NO CONTROLS","CLEAR","DAYLIGHT","TURNING","DIVIDED - W/MEDIAN (NOT RAISED)",,"STRAIGHT AND LEVEL","DRY","NO DEFECTS","NOT ON SCENE (DESK REPORT)","NO INJURY / DRIVE AWAY",,,"Y","OVER $1,500","2026-03-13T18:50:00.000","UNABLE TO DETERMINE","NOT APPLICABLE","4928","W","LAKE ST","1532",,,,,,,"2","NO INDICATION OF INJURY","0","0","0","0","0","2","0","13","6","3","41.8869453299","-87.7490645321","POINT (-87.749064532087 41.886945329895)"
"6ea9c85a6ed7a65a9c41bb73f2f7dca5e9c90543319f966dffb2aeedd985cca438853f43d628612c253fbc2daa2cde65fa5a12ee4ab2e0bbadd67ee04075f12e",,"2026-03-13T12:50:00.000","30","STOP SIGN/FLASHER","FUNCTIONING PROPERLY","CLEAR","DAYLIGHT","PEDALCYCLIST","ONE-WAY",,"STRAIGHT AND LEVEL","DRY","NO DEFECTS","ON SCENE","INJURY AND / OR TOW DUE TO CRASH","Y",,,"OVER $1,500","2026-03-13T12:56:00.000","FAILING TO REDUCE SPEED TO AVOID CRASH","UNABLE TO DETERMINE","2735","W","POPE JOHN PAUL II DR","922",,,,,,,"2","NONINCAPACITATING INJURY","1","0","0","1","0","3","0","12","6","3","41.815449323","-87.6933448037","POINT (-87.693344803656 41.815449323008)"
"d0585507e531e98ef82badf7441c1408c329250b114487e435ce024448fe5357228bf81c0b204721b4a64cdee77a6efce665897276a857f6d95b4b9b741ce8c2",,"2026-03-13T12:47:00.000","30","TRAFFIC SIGNAL","NOT FUNCTIONING","UNKNOWN","UNKNOWN","ANGLE","DIVIDED - W/MEDIAN (NOT RAISED)",,"STRAIGHT AND LEVEL","UNKNOWN","UNKNOWN","ON SCENE","INJURY AND / OR TOW DUE TO CRASH",,,"Y","OVER $1,500","2026-03-13T12:47:00.000","UNABLE TO DETERMINE","NOT APPLICABLE","4400","W","MADISON ST","1113",,,,,,,"2","NO INDICATION OF INJURY","0","0","0","0","0","3","0","12","6","3","41.8807189579","-87.735600609","POINT (-87.735600609006 41.880718957876)"
"027219f5c076075579a038221104b1c1f5abcd651fbfdfe94ecf9774593e82345e1772ae3a4133ae1c488f8f25d357611b03428d7203aaef5ccfdc6f602cdabd","Y","2026-03-13T12:34:00.000","30","NO CONTROLS","NO CONTROLS","UNKNOWN","UNKNOWN","PARKED MOTOR VEHICLE","NOT DIVIDED",,"STRAIGHT AND LEVEL","UNKNOWN","NO DEFECTS","ON SCENE","NO INJURY / DRIVE AWAY",,,"Y","OVER $1,500","2026-03-13T12:52:00.000","UNABLE TO DETERMINE","NOT APPLICABLE","5804","W","AUGUSTA BLVD","1511",,,,,,,"3","NO INDICATION OF INJURY","0","0","0","0","0","1","0","12","6","3","41.8985331554","-87.7706312399","POINT (-87.770631239945 41.898533155445)"
"414ba30e7b94c5910baf937c6cd0e7a5f523dfeb3cd1859f606dcbd6f32b261225f9e4bcc08d50f208b6f334bdbd9e0e3c3b78ba94a382367cffa41b32e185ea",,"2026-03-13T12:30:00.000","30","NO CONTROLS","NO CONTROLS","CLEAR","DAYLIGHT","REAR END","ONE-WAY",,"STRAIGHT AND LEVEL","DRY","NO DEFECTS","ON SCENE","NO INJURY / DRIVE AWAY",,,,"$500 OR LESS","2026-03-13T12:31:00.000","FOLLOWING TOO CLOSELY","FOLLOWING TOO CLOSELY","1196","S","UNION AVE","1232",,,,,,,"2","NO INDICATION OF INJURY","0","0","0","0","0","2","0","12","6","3","41.8672482608","-87.6453284775","POINT (-87.645328477504 41.86724826084)"
"ba7af5c0cef28dc8004d49c765fb7851626519acc980ae576f7ae088abf70d945b409d5aa2078e7da6bc69ac2ac43bc41df01da7693c0a975ded737b01b07d37",,"2026-03-13T12:25:00.000","30","TRAFFIC SIGNAL","NOT FUNCTIONING","CLEAR","DAYLIGHT","ANGLE","NOT DIVIDED",,"STRAIGHT AND LEVEL","DRY","NO DEFECTS","ON SCENE","INJURY AND / OR TOW DUE TO CRASH","Y",,,"OVER $1,500","2026-03-13T12:30:00.000","UNABLE TO DETERMINE","FAILING TO YIELD RIGHT-OF-WAY","1407","W","LAKE ST","1224",,,,,,,"2","NO INDICATION OF INJURY","0","0","0","0","0","2","0","12","6","3","41.8852994989","-87.6627586377","POINT (-87.662758637707 41.88529949893)"
"9633418601bb7d691d35723365cae52f4cb608325aa735cbe1edd589f33c378e94c6d7f192a8458ab1485fc9b8539adcfa6cf013038fea4cbbd355be2a7cbbd5",,"2026-03-13T12:22:00.000","30","NO CONTROLS","NO CONTROLS","CLEAR","DAYLIGHT","SIDESWIPE SAME DIRECTION","ONE-WAY",,"STRAIGHT AND LEVEL","DRY","NO DEFECTS","NOT ON SCENE (DESK REPORT)","NO INJURY / DRIVE AWAY",,,,"OVER $1,500","2026-03-13T12:22:00.000","IMPROPER LANE USAGE","UNABLE TO DETERMINE","319","S","WACKER DR","122",,,,,,,"2","NO INDICATION OF INJURY","0","0","0","0","0","3","0","12","6","3","41.8776097255","-87.6365167033","POINT (-87.636516703267 41.877609725462)"
"d339ba9583c83594513bf0bd58b4714d3b258e957c4d03d40036aa016c64ed3e12281632f6755ee5507315a5b5225c76fc8f2f510b46a35bbd490d643b657cb2",,"2026-03-13T12:15:00.000","30","NO CONTROLS","NO CONTROLS","CLEAR","DAYLIGHT","PARKED MOTOR VEHICLE","NOT DIVIDED",,"STRAIGHT AND LEVEL","DRY","NO DEFECTS","ON SCENE","NO INJURY / DRIVE AWAY",,,,"OVER $1,500","2026-03-13T12:16:00.000","FAILING TO YIELD RIGHT-OF-WAY","UNABLE TO DETERMINE","4945","S","HALSTED ST","935",,,,,,,"2","NO INDICATION OF INJURY","0","0","0","0","0","1","0","12","6","3","41.8038920282","-87.6452583652","POINT (-87.645258365166 41.803892028235)"