"crash_record_id","crash_date_est_i","crash_date","posted_speed_limit","traffic_control_device","device_condition","weather_condition","lighting_condition","first_crash_type","trafficway_type","lane_cnt","alignment","roadway_surface_cond","road_defect","report_type","crash_type","intersection_related_i","private_property_i","hit_and_run_i","damage","date_police_notified","prim_contributory_cause","sec_contributory_cause","street_no","street_direction","street_name","beat_of_occurrence","photos_taken_i","statements_taken_i","dooring_i","work_zone_i","work_zone_type","workers_present_i","num_units","most_severe_injury","injuries_total","injuries_fatal","injuries_incapacitating","injuries_non_incapacitating","injuries_reported_not_evident","injuries_no_indication","injuries_unknown","crash_hour","crash_day_of_week","crash_month","latitude","longitude","location"
"94cebe68d18ff81aed99758f2e83596ec4d566b9a7cc4f559e83dc67d24f41ca516eeb0aa6e37c70df3254f98026bb415dd912434c35475516927118db658191","Y","2026-03-13T12:10:00.000","30","NO CONTROLS","NO CONTROLS","CLEAR","DAYLIGHT","SIDESWIPE SAME DIRECTION","NOT DIVIDED",,"STRAIGHT AND LEVEL","DRY","NO DEFECTS","NOT ON SCENE (DESK REPORT)","NO INJURY / DRIVE AWAY",,,,"OVER $1,500","2026-03-13T12:30:00.000","FAILING TO YIELD RIGHT-OF-WAY","DRIVING SKILLS/KNOWLEDGE/EXPERIENCE","2956","N","SHERIDAN RD","1934",,,,,,,"2","NO INDICATION OF INJURY","0","0","0","0","0","2","0","12","6","3","41.9359766032","-87.6395589754","POINT (-87.639558975371 41.935976603181)"
"5f3d1897d387f6deff1a4c0d8a712c0d63e2cfe8996808235c5b865431092abb9fecec0cacdb999f179ae5cbe6db09475e39d2a3881b6ebb8d5b5c0b2a748284",,"2026-03-13T12:06:00.000","30","TRAFFIC SIGNAL","FUNCTIONING PROPERLY","CLEAR","DAYLIGHT","PEDESTRIAN","FOUR WAY",,"STRAIGHT AND LEVEL","DRY","NO DEFECTS","ON SCENE","INJURY AND / OR TOW DUE TO CRASH",,,,"$500 OR LESS","2026-03-13T12:06:00.000","FAILING TO YIELD RIGHT-OF-WAY","NOT APPLICABLE","3960","W","26TH ST","1013",,,,,,,"2","INCAPACITATING INJURY","1","0","1","0","0","1","0","12","6","3","41.8443650378","-87.7244925203","POINT (-87.724492520268 41.844365037785)"
"9700097d57436fca86ecc07daddef7a9fde7bb7f0221923d879a3b414b5b7dcf96ed776169e3122d5d5b60158d05d9060440c3b1fee7733fd0e211b9c3399c5f",,"2026-03-13T12:00:00.000","15","NO CONTROLS","NO CONTROLS","CLEAR","DAYLIGHT","PARKED MOTOR VEHICLE","PARKING LOT",,"STRAIGHT AND LEVEL","DRY","NO DEFECTS","NOT ON SCENE (DESK REPORT)","NO INJURY / DRIVE AWAY",,"Y",,"$501 - $1,500","2026-03-16T17:10:00.000","UNABLE TO DETERMINE","UNABLE TO DETERMINE","6020","N","CICERO AVE","1621",,,,,,,"2","NO INDICATION OF INJURY","0","0","0","0","0","2","0","12","6","3","41.9904947718","-87.7484774142","POINT (-87.748477414229 41.99049477183)"
"a41bad86926bfc63e99f015e4e5ac7444c29f1af498a625e95bf6cfed85aa9fe0d241020df351940220ebaa4f4ceb727e60ac432538a29f82ecc8cf48b8fdb90","Y","2026-03-13T12:00:00.000","25","NO CONTROLS","NO CONTROLS","CLEAR","DAYLIGHT","PARKED MOTOR VEHICLE","NOT DIVIDED",,"STRAIGHT AND LEVEL","UNKNOWN","UNKNOWN","ON SCENE","NO INJURY / DRIVE AWAY",,,"Y","OVER $1,500","2026-03-13T18:05:00.000","UNABLE TO DETERMINE","UNABLE TO DETERMINE","6159","N","DAMEN AVE","2413",,,,,,,"2","NO INDICATION OF INJURY","0","0","0","0","0","1","0","12","6","3","41.993618798","-87.6797614175","POINT (-87.679761417537 41.993618797992)"
"a80e2cbf32548bcd7d7e28239e7a409e2b462cc0dc66340d21be05b18a97dd24390115bd146f4ff25a4d9f0030f699ace0bb86d181c5ce488ba6208d3d5408e6",,"2026-03-13T12:00:00.000","30","NO CONTROLS","NO CONTROLS","UNKNOWN","UNKNOWN","PARKED MOTOR VEHICLE","NOT DIVIDED",,"STRAIGHT AND LEVEL","UNKNOWN","UNKNOWN","NOT ON SCENE (DESK REPORT)","NO INJURY / DRIVE AWAY",,,"Y","$501 - $1,500","2026-03-13T13:25:00.000","UNABLE TO DETERMINE","UNABLE TO DETERMINE","5333","N","SHERIDAN RD","2023",,,,,,,"2","NO INDICATION OF INJURY","0","0","0","0","0","1","0","12","6","3","41.9791350378","-87.6549097082","POINT (-87.654909708167 41.979135037755)"
"acb4d1b602863745a694fc4766cdfedde3a22944b635a5ade864df17e8795b2b6df6b1671f873ae39d3063185bc909f2549d35d89974335fcbc19ef929284ce9",,"2026-03-13T12:00:00.000","30","NO CONTROLS","NO CONTROLS","UNKNOWN","UNKNOWN","PARKED MOTOR VEHICLE","PARKING LOT",,"STRAIGHT AND LEVEL","UNKNOWN","UNKNOWN","NOT ON SCENE (DESK REPORT)","NO INJURY / DRIVE AWAY",,,"Y","$501 - $1,500","2026-03-13T13:10:00.000","FOLLOWING TOO CLOSELY","FOLLOWING TOO CLOSELY","3300","W","ROOSEVELT RD","1134",,,,,,,"2","NO INDICATION OF INJURY","0","0","0","0","0","1","0","12","6","3","41.8664880326","-87.708165601","POINT (-87.708165600979 41.866488032618)"
"c7f553db7883eab69bb2f68dcf3dbc3ab9991e70cf1dc195cf08810668c120576608c85fa912ab5b7b415d990e6b65bcc53e00466a6aada95da0b67bcdf14cd1","Y","2026-03-13T12:00:00.000","30","NO CONTROLS","NO CONTROLS","UNKNOWN","UNKNOWN","FIXED OBJECT","NOT DIVIDED",,"STRAIGHT AND LEVEL","UNKNOWN","UNKNOWN","NOT ON SCENE (DESK REPORT)","NO INJURY / DRIVE AWAY",,"Y","Y","OVER $1,500","2026-03-13T17:16:00.000","DRIVING SKILLS/KNOWLEDGE/EXPERIENCE","NOT APPLICABLE","3555","W","109TH ST","2211",,,,,,,"1","NO INDICATION OF INJURY","0","0","0","0","0","1","0","12","6","3","41.6949688407","-87.7104860544","POINT (-87.710486054387 41.694968840718)"
"e8ec7f2e57fd2984541399bc17d3c4e7af0de68f3861b234676b3d2bac17ca184a94b56f638c087f99c71dcd9a7b9bdb0e5442b06a94719749c03a8d16d282ce",,"2026-03-13T12:00:00.000","15","NO CONTROLS","NO CONTROLS","CLEAR","DAYLIGHT","FIXED OBJECT","PARKING LOT",,"STRAIGHT AND LEVEL","DRY","NO DEFECTS","ON SCENE","NO INJURY / DRIVE AWAY",,"Y","N","OVER $1,500","2026-03-13T12:02:00.000","IMPROPER BACKING","NOT APPLICABLE","29","S","AUSTIN BLVD","1513",,,,,,,"1","NO INDICATION OF INJURY","0","0","0","0","0","1","0","12","6","3","41.8791422068","-87.7744771193","POINT (-87.774477119345 41.879142206774)"
"febcbfbeba0d1c9c9c6d99f96c6063413a10ec4cf5e59bb9a0777088cea18e56f8e1b2fe62adc897b2acd54fab0fd6fcf9a9b2b8608b1119bb13cce8c14cd1d1",,"2026-03-13T12:00:00.000","15","NO CONTROLS","NO CONTROLS","CLEAR","DAYLIGHT","PARKED MOTOR VEHICLE","PARKING LOT",,"STRAIGHT AND LEVEL","DRY","UNKNOWN","NOT ON SCENE (DESK REPORT)","NO INJURY / DRIVE AWAY",,"Y","Y","$501 - $1,500","2026-03-13T13:20:00.000","UNABLE TO DETERMINE","UNABLE TO DETERMINE","6427","N","SHERIDAN RD","2432",,,,,,,"2","NO INDICATION OF INJURY","0","0","0","0","0","1","0","12","6","3","41.9990403726","-87.6605122064","POINT (-87.660512206416 41.999040372585)"
"748212a1e0dff7837738adf5ee23c312163e7ab28055264f4c203ad6ed4eb6fe929dff4fad45ca7e1ca3e5fc2a54b955d7d4f98d04d22c6a71b29feccf94bedd",,"2026-03-13T11:56:00.000","30","TRAFFIC SIGNAL","FUNCTIONING PROPERLY","CLEAR","DAYLIGHT","TURNING","NOT DIVIDED",,"STRAIGHT AND LEVEL","DRY","NO DEFECTS","NOT ON SCENE (DESK REPORT)","NO INJURY / DRIVE AWAY","Y",,,"OVER $1,500","2026-03-16T11:50:00.000","IMPROPER TURNING/NO SIGNAL","IMPROPER LANE USAGE","5650","S","WOODLAWN AVE","235",,,,,,,"2","NO INDICATION OF INJURY","0","0","0","0","0","2","0","11","6","3","41.7917618316","-87.5966116676","POINT (-87.596611667622 41.791761831643)"
"7b2aac412d1e6a2781c6a868ee900d95ff159689fe2c8d2bfdd0f8ca8af24781915c499c16f54bd841cbaee59409ee08c06bb8e5d5a5990de04dc0e571e1f7d2",,"2026-03-13T11:50:00.000","15","NO CONTROLS","NO CONTROLS","CLEAR","DAYLIGHT","OTHER OBJECT","ALLEY",,"STRAIGHT AND LEVEL","DRY","NO DEFECTS","ON SCENE","NO INJURY / DRIVE AWAY",,,"Y","OVER $1,500","2026-03-13T12:20:00.000","UNABLE TO DETERMINE","UNABLE TO DETERMINE","241","W","CERMAK RD","914",,,,,,,"1","NO INDICATION OF INJURY","0","0","0","0","0","1","0","11","6","3","41.8527196801","-87.6336336636","POINT (-87.633633663641 41.85271968012)"
"086d49eff319daf50a7d0150d269335cc2ff9b66ff20600ad046570008ad205f2f922775fabf63d12e6e615797d31eec4ef60868e0e83635d94cfda9d4f2d9b1",,"2026-03-13T11:45:00.000","30","UNKNOWN","UNKNOWN","CLEAR","DAYLIGHT","PARKED MOTOR VEHICLE","UNKNOWN",,"STRAIGHT AND LEVEL","UNKNOWN","UNKNOWN","NOT ON SCENE (DESK REPORT)","NO INJURY / DRIVE AWAY",,,"N","OVER $1,500","2026-03-14T16:30:00.000","UNABLE TO DETERMINE","UNABLE TO DETERMINE","1524","E","61ST ST","314",,,,,,,"2","NO INDICATION OF INJURY","0","0","0","0","0","1","0","11","6","3","41.783931841","-87.5882588153","POINT (-87.588258815288 41.783931841016)"
"8ad5c3c332aa4e170a25003f23e961f7847f8d4d4a57080da717040a98a7cf270730d356b034b56a395b0f4589f308550ab7fa16dc715aa6388ed9e8015f3e2d",,"2026-03-13T11:40:00.000","30","TRAFFIC SIGNAL","FUNCTIONING PROPERLY","CLEAR","DAWN","ANGLE","FOUR WAY",,"STRAIGHT AND LEVEL","DRY","NO DEFECTS","NOT ON SCENE (DESK REPORT)","NO INJURY / DRIVE AWAY","Y",,,"OVER $1,500","2026-03-13T11:55:00.000","UNABLE TO DETERMINE","NOT APPLICABLE","6001","N","CLARK ST","2433",,,,,,,"2","NO INDICATION OF INJURY","0","0","0","0","0","2","0","11","6","3","41.9908457233","-87.6698787824","POINT (-87.669878782439 41.990845723305)"
"5ead4f17e44fba8786c1c019563aaec46df0ca7356d10c5730459effd20ca475ad51a45b47e06f22ed7b562fa74e9b603cd531bde2cf9c7eaab74fb7734ae15c",,"2026-03-13T11:30:00.000","30","NO CONTROLS","NO CONTROLS","CLEAR","DAYLIGHT","REAR END","DIVIDED - W/MEDIAN (NOT RAISED)",,"STRAIGHT AND LEVEL","DRY","NO DEFECTS","NOT ON SCENE (DESK REPORT)","NO INJURY / DRIVE AWAY",,,,"$501 - $1,500","2026-03-13T12:20:00.000","FOLLOWING TOO CLOSELY","UNABLE TO DETERMINE","6531","W","IRVING PARK RD","1632",,,,,,,"2","NO INDICATION OF INJURY","0","0","0","0","0","3","0","11","6","3","41.952743377","-87.7902466672","POINT (-87.790246667213 41.952743377032)"
"8805081b859e98ba094160ecaacb6b9ab5b3db0220bafe487348f6749b8cc9023f6715c201f5ce366a24a0449a96fff6a9d6560946d461329a9548ea2f0610ae",,"2026-03-13T11:27:00.000","30","TRAFFIC SIGNAL","FUNCTIONING PROPERLY","CLEAR","DAYLIGHT","SIDESWIPE SAME DIRECTION","NOT DIVIDED",,"STRAIGHT AND LEVEL","UNKNOWN","UNKNOWN","NOT ON SCENE (DESK REPORT)","NO INJURY / DRIVE AWAY",,,"Y","$501 - $1,500","2026-03-13T12:22:00.000","UNABLE TO DETERMINE","NOT APPLICABLE","2287","S","BLUE ISLAND AVE","1034",,,,,,,"2","NO INDICATION OF INJURY","0","0","0","0","0","4","0","11","6","3","41.8505530035","-87.6701939","POINT (-87.670193899984 41.850553003531)"
"b7e874e1f740b95b5b4ad7c41b48d992ad2e7a661974649d4faf5948f6261cde344a3c32e32f1a9ce5edf1a3a6272c94e1b25d9a5b6b32545b198a0559f53941",,"2026-03-13T11:27:00.000","30","TRAFFIC SIGNAL","FUNCTIONING PROPERLY","CLEAR","DAYLIGHT","TURNING","ONE-WAY",,"STRAIGHT AND LEVEL","DRY","NO DEFECTS","ON SCENE","NO INJURY / DRIVE AWAY","Y",,,"OVER $1,500","2026-03-13T11:28:00.000","UNABLE TO DETERMINE","UNABLE TO DETERMINE","11200","S","HAMLET AVE","2234",,,,,,,"2","NO INDICATION OF INJURY","0","0","0","0","0","2","0","11","6","3","41.6903460651","-87.6605560308","POINT (-87.660556030835 41.690346065123)"
"27532dd9219319c171303621286517227f6313154659927ce3d66b94a3b4dd125c1abe49b8ee0feb3c8d7a926a84098881d5c691c510db50222b87b771aac4b7",,"2026-03-13T11:15:00.000","30","NO CONTROLS","NO CONTROLS","CLOUDY/OVERCAST","DAYLIGHT","REAR TO SIDE","ALLEY",,"STRAIGHT AND LEVEL","DRY","NO DEFECTS","ON SCENE","NO INJURY / DRIVE AWAY",,,,"$501 - $1,500","2026-03-13T11:20:00.000","IMPROPER BACKING","FAILING TO REDUCE SPEED TO AVOID CRASH","5915","S","HOMAN AVE","822",,,,,,,"2","NO INDICATION OF INJURY","0","0","0","0","0","2","0","11","6","3","41.7856522247","-87.7080469607","POINT (-87.708046960728 41.785652224698)"
"af8552dc81ca366bdd966514d11aa0b0f077704a346e305cde03c4ab54ac43515b7a5a714bf3e866acf8a60c1fb73db9aa5955b59df51bfd95d58d772bceadaf",,"2026-03-13T10:55:00.000","30","TRAFFIC SIGNAL","FUNCTIONING PROPERLY","CLEAR","DAYLIGHT","REAR END","NOT DIVIDED",,"STRAIGHT AND LEVEL","DRY","UNKNOWN","NOT ON SCENE (DESK REPORT)","NO INJURY / DRIVE AWAY",,,"Y","$500 OR LESS","2026-03-13T11:15:00.000","UNABLE TO DETERMINE","NOT APPLICABLE","11500","S","MICHIGAN AVE","532",,,,,,,"2","NO INDICATION OF INJURY","0","0","0","0","0","2","0","10","6","3","41.6852712229","-87.6209471584","POINT (-87.620947158386 41.685271222904)"
"1d9e7f576f12abb4c0d2861b8473f52464ca2114ae7f71534401da20601ac7d4422025831e3daff3fbf09bea067da3dcb8de135bed8822466f7a96c0bc199db9",,"2026-03-13T10:40:00.000","30","UNKNOWN","UNKNOWN","CLEAR","DAYLIGHT","SIDESWIPE SAME DIRECTION","ONE-WAY",,"STRAIGHT AND LEVEL","UNKNOWN","UNKNOWN","NOT ON SCENE (DESK REPORT)","NO INJURY / DRIVE AWAY",,,,"OVER $1,500","2026-03-13T11:45:00.000","FAILING TO YIELD RIGHT-OF-WAY","FAILING TO YIELD RIGHT-OF-WAY","445","W","OAKDALE AVE","1934",,,,,,,"2","NO INDICATION OF INJURY","0","0","0","0","0","2","0","10","6","3","41.9354627451","-87.6411723986","POINT (-87.641172398612 41.935462745077)"
"37c1965ea37c2289b4abf689e93269e3782fc7672ad66505e1e8c5a20276f2d3b6b83458036bb56c4bed718d812c157352762227510e9ca1cc214536b047f6b5",,"2026-03-13T10:40:00.000","30","TRAFFIC SIGNAL","FUNCTIONING IMPROPERLY","CLEAR","DAYLIGHT","TURNING","FOUR WAY",,"STRAIGHT AND LEVEL","DRY","UNKNOWN","ON SCENE","NO INJURY / DRIVE AWAY","Y",,,"OVER $1,500","2026-03-13T11:30:00.000","UNABLE TO DETERMINE","UNABLE TO DETERMINE","4658","S","CICERO AVE","814",,,,,,,"2","NO INDICATION OF INJURY","0","0","0","0","0","2","0","10","6","3","41.8077126833","-87.7433002458","POINT (-87.743300245789 41.80771268334)"
"dd16f424dd756caeed92f3d0c1754f2c66757d237512c76f37859a670043b0f45305c2b1f9b41c1a372274258f669fdeeac533570e8af6dabd49ae3a50d60842",,"2026-03-13T10:40:00.000","15","NO CONTROLS","NO CONTROLS","CLEAR","DAYLIGHT","PARKED MOTOR VEHICLE","NOT DIVIDED",,"STRAIGHT AND LEVEL","DRY","NO DEFECTS","NOT ON SCENE (DESK REPORT)","NO INJURY / DRIVE AWAY","N","Y",,"OVER $1,500","2026-03-13T11:25:00.000","UNABLE TO DETERMINE","NOT APPLICABLE","3000","S","HALSTED ST","913",,,,,,,"2","NO INDICATION OF INJURY","0","0","0","0","0","2","0","10","6","3","41.8397719466","-87.6464675111","POINT (-87.646467511129 41.839771946584)"
"769c9b9c0037fbb9bbbacf48bd9912f9f37f027ef0d7e56cf797f5e431d3d188b1397323fd0e586af562d998f4fa80323efb1ce569f20a501c5fd5e8c5ef4fec",,"2026-03-13T10:33:00.000","30","NO CONTROLS","UNKNOWN","CLEAR","DAYLIGHT","PARKED MOTOR VEHICLE","ONE-WAY",,"STRAIGHT AND LEVEL","DRY","NO DEFECTS","ON SCENE","NO INJURY / DRIVE AWAY",,,,"OVER $1,500","2026-03-13T10:34:00.000","UNABLE TO DETERMINE","UNABLE TO DETERMINE","8015","S","CRANDON AVE","414",,,,,,,"2","NO INDICATION OF INJURY","0","0","0","0","0","1","0","10","6","3","41.7493969077","-87.5684845205","POINT (-87.568484520459 41.749396907654)"
"95d8ae28df675a9035b9f5eeace96dc0851ec05a6422320c1f790ed0c3827407589629d82b1102e12f8861f29322bbe4dc3aed0b2537d0df06ad1c2439a9d7cf",,"2026-03-13T10:31:00.000","15","NO CONTROLS","NO CONTROLS","CLEAR","DAYLIGHT","PARKED MOTOR VEHICLE","PARKING LOT",,"STRAIGHT AND LEVEL","DRY","NO DEFECTS","NOT ON SCENE (DESK REPORT)","NO INJURY / DRIVE AWAY",,,,"$500 OR LESS","2026-03-13T11:25:00.000","FAILING TO YIELD RIGHT-OF-WAY","NOT APPLICABLE","9901","S","DR MARTIN LUTHER KING JR DR","511",,,,,,,"2","NO INDICATION OF INJURY","0","0","0","0","0","1","0","10","6","3","41.7145740319","-87.6138305262","POINT (-87.613830526229 41.714574031879)"
"13610dd4ea5108aceb793b56c011bc60b8fb4da4ee6688a0a2b98ffc833623ea681f79354dc828a48febad03f08e137faa0f3e3f8ba35987a2ecd1ae43874a12",,"2026-03-13T10:30:00.000","30","STOP SIGN/FLASHER","UNKNOWN","UNKNOWN","DAYLIGHT","ANGLE","UNKNOWN INTERSECTION TYPE",,"STRAIGHT AND LEVEL","UNKNOWN","UNKNOWN","NOT ON SCENE (DESK REPORT)","NO INJURY / DRIVE AWAY","Y",,,"OVER $1,500","2026-03-13T11:45:00.000","UNABLE TO DETERMINE","UNABLE TO DETERMINE","1700","N","FAIRFIELD AVE","1421",,,,,,,"2","NO INDICATION OF INJURY","0","0","0","0","0","2","0","10","6","3","41.9121488939","-87.695965015","POINT (-87.695965014975 41.912148893853)"
"0959c12384c9c61fe22d0a69f4b8e72317380fb211a61507e316fe6a4b8ad5503da61b21ca1bb738857b24646261d1b4b77858dedd5c425af338489c511ff99a",,"2026-03-13T10:29:00.000","30","TRAFFIC SIGNAL","FUNCTIONING PROPERLY","CLEAR","DAYLIGHT","REAR END","DIVIDED - W/MEDIAN (NOT RAISED)",,"STRAIGHT AND LEVEL","DRY","NO DEFECTS","ON SCENE","NO INJURY / DRIVE AWAY",,,,"OVER $1,500","2026-03-13T10:35:00.000","UNABLE TO DETERMINE","UNABLE TO DETERMINE","4401","W","47TH ST","815",,,,,,,"2","NO INDICATION OF INJURY","0","0","0","0","0","2","0","10","6","3","41.8076365491","-87.7334288161","POINT (-87.733428816069 41.8076365491)"
"21f449311b027b33a20cbd7f0e8fbfe0e0cda6a296e7ce8ba30b1e97914156ac34a4783d73f35efc9e70c6bc22058e9cbdf027c4992cd89d9527b9df49f238a9",,"2026-03-13T10:26:00.000","30","UNKNOWN","UNKNOWN","CLOUDY/OVERCAST","DAYLIGHT","TURNING","NOT DIVIDED",,"STRAIGHT AND LEVEL","UNKNOWN","UNKNOWN","ON SCENE","INJURY AND / OR TOW DUE TO CRASH",,,,"OVER $1,500","2026-03-13T10:38:00.000","FAILING TO YIELD RIGHT-OF-WAY","IMPROPER TURNING/NO SIGNAL","3422","N","CICERO AVE","1634",,,,,,,"2","NO INDICATION OF INJURY","0","0","0","0","0","3","0","10","6","3","41.9431642904","-87.7471292933","POINT (-87.747129293266 41.943164290384)"
"cfae235a9c53a3d6ecc7230b26743d7825d80187e27ec0dfe4da77789a37225fc8657ab5ff34a77575eea536666ca41b731837937045d84647d1df895ae55545",,"2026-03-13T10:26:00.000","30","NO CONTROLS","NO CONTROLS","CLEAR","DAYLIGHT","PARKED MOTOR VEHICLE","ONE-WAY",,"STRAIGHT AND LEVEL","WET","UNKNOWN","NOT ON SCENE (DESK REPORT)","NO INJURY / DRIVE AWAY",,"N",,"OVER $1,500","2026-03-13T10:26:00.000","WEATHER","NOT APPLICABLE","4952","W","POLK ST","1533",,,,,,,"2",,,,,,,,,"10","6","3","41.8703243482","-87.7489533743","POINT (-87.748953374322 41.87032434818)"
"c1f67a031237296060e417e5c048e00eec93b1cec18d09e98a7ccafef83fd05af80be0a79b22e9f435baf72bad9f9cd4c91f913e4761c61fd455356958e76bb6",,"2026-03-13T10:20:00.000","25","STOP SIGN/FLASHER","FUNCTIONING PROPERLY","OTHER","UNKNOWN","OTHER OBJECT","ONE-WAY",,"STRAIGHT AND LEVEL","UNKNOWN","UNKNOWN","ON SCENE","INJURY AND / OR TOW DUE TO CRASH",,,,"OVER $1,500","2026-03-13T11:00:00.000","WEATHER","UNABLE TO DETERMINE","8130","S","PAULINA ST","614",,,,"Y","MAINTENANCE","Y","1","REPORTED, NOT EVIDENT","1","0","0","0","1","0","0","10","6","3","41.7457427697","-87.6658966088","POINT (-87.665896608803 41.745742769705)"
"e0adf96d5ada85b044bac2d1493db1311769fb6ed13acf2a067c9649574398a911a13087e9381418bc19c77e5c4c327cc5dc7e1334ec59221c0b7da437f6b9d1",,"2026-03-13T10:20:00.000","10","NO CONTROLS","NO CONTROLS","CLEAR","DAYLIGHT","SIDESWIPE SAME DIRECTION","PARKING LOT",,"STRAIGHT AND LEVEL","DRY","NO DEFECTS","ON SCENE","NO INJURY / DRIVE AWAY",,,,"OVER $1,500","2026-03-13T10:25:00.000","IMPROPER OVERTAKING/PASSING","UNABLE TO DETERMINE","1542","E","55TH ST","234",,,,,,,"2","NO INDICATION OF INJURY","0","0","0","0","0","2","0","10","6","3","41.7952989987","-87.5879954172","POINT (-87.58799541722 41.795298998729)"
"1d4c7192cfa7ebb2718c43825010e4bd310dc059a8b263c942cc48861e69ace3eb3d55a7899d526601e3018392529d1e4bcc2d7a9df2929479ac141fe975f6a4",,"2026-03-13T10:15:00.000","30","TRAFFIC SIGNAL","UNKNOWN","UNKNOWN","DARKNESS, LIGHTED ROAD","ANGLE","NOT DIVIDED",,"STRAIGHT AND LEVEL","UNKNOWN","NO DEFECTS","NOT ON SCENE (DESK REPORT)","NO INJURY / DRIVE AWAY","Y",,"Y","OVER $1,500","2026-03-15T10:41:00.000","DRIVING SKILLS/KNOWLEDGE/EXPERIENCE","OPERATING VEHICLE IN ERRATIC, RECKLESS, CARELESS, NEGLIGENT OR AGGRESSIVE MANNER","700","S","COLUMBUS DR","114",,,,,,,"2","NO INDICATION OF INJURY","0","0","0","0","0","2","0","10","6","3","41.8731483272","-87.6207388596","POINT (-87.620738859591 41.873148327225)"
"6f05982d819743861c66f8b53ad28a0446ef6de919a5fbe93dd326f2048465c081ac9bf3a2aa5400c27978493854ce257bc82d17f830226abd3a5bc8024e94c4",,"2026-03-13T10:15:00.000","30","TRAFFIC SIGNAL","FUNCTIONING IMPROPERLY","RAIN","DAYLIGHT","ANGLE","NOT DIVIDED",,"STRAIGHT AND LEVEL","ICE","NO DEFECTS","ON SCENE","INJURY AND / OR TOW DUE TO CRASH","Y",,,"OVER $1,500","2026-03-13T10:58:00.000","UNABLE TO DETERMINE","UNABLE TO DETERMINE","4402","W","ROOSEVELT RD","1131",,,,,,,"2","REPORTED, NOT EVIDENT","1","0","0","0","1","1","0","10","6","3","41.8661397658","-87.7351652568","POINT (-87.735165256794 41.866139765818)"
"ea4a7e074c8adc2f2c1c3f327722ebbdd9684b06840025c2d875456c4edb6f85faf0739bfc464ad55b0232092eb3f57e11dc1d4bdb9b8a01c4653bd968f313c3",,"2026-03-13T10:15:00.000","30","STOP SIGN/FLASHER","FUNCTIONING PROPERLY","SEVERE CROSS WIND GATE","DAYLIGHT","ANGLE","NOT DIVIDED",,"STRAIGHT AND LEVEL","UNKNOWN","UNKNOWN","ON SCENE","NO INJURY / DRIVE AWAY","Y",,,"OVER $1,500","2026-03-13T11:10:00.000","FAILING TO YIELD RIGHT-OF-WAY","UNABLE TO DETERMINE","6600","S","JUSTINE ST","725",,,,,,,"2","NO INDICATION OF INJURY","0","0","0","0","0","2","0","10","6","3","41.7739344158","-87.6629827145","POINT (-87.662982714476 41.773934415782)"
"cac5d609852208df69c1bd28844238a0cea5e32bb2eb5bac8914aea2ebf608e7038a46f7d4176151c5e27e0f6d7d8e01ac5847b4dd3b46754dc947a90997b414",,"2026-03-13T10:05:00.000","30","NO CONTROLS","NO CONTROLS","CLEAR","DARKNESS, LIGHTED ROAD","PARKED MOTOR VEHICLE","DIVIDED - W/MEDIAN (NOT RAISED)",,"STRAIGHT AND LEVEL","DRY","UNKNOWN",,"NO INJURY / DRIVE AWAY",,,"Y","OVER $1,500","2026-03-13T23:16:00.000","UNABLE TO DETERMINE","NOT APPLICABLE","2035","N","NARRAGANSETT AVE","2512",,,,,,,"3","NO INDICATION OF INJURY","0","0","0","0","0","1","0","10","6","3","41.9175585479","-87.7851114255","POINT (-87.785111425513 41.917558547867)"
"3acd8af74c79b890c2c8b98c8e28e7e036e50e160a236a22a165ba98cebfc59447c2e7e245527e2a77ae1d873cbfba6dfbf03b8ecd2cedac0b1dc529b208e17c",,"2026-03-13T10:03:00.000","30","NO CONTROLS","NO CONTROLS","CLEAR","DAYLIGHT","PARKED MOTOR VEHICLE","NOT DIVIDED",,"STRAIGHT AND LEVEL","DRY","NO DEFECTS","ON SCENE","NO INJURY / DRIVE AWAY",,,,"OVER $1,500","2026-03-13T10:06:00.000","PHYSICAL CONDITION OF DRIVER","NOT APPLICABLE","1528","W","DIVERSEY PKWY","1932",,,,,,,"2","NO INDICATION OF INJURY","0","0","0","0","0","1","0","10","6","3","41.9325300272","-87.6671336537","POINT (-87.667133653712 41.932530027235)"
"abb02dd3bcba2aee7a3a6f3a3127ef2f2057d428310a41b42cd24672c7c92d6dd0d6b68d412553bb725e1be375c6119d51333ffeb8a9863f7aa34c056e6618d3",,"2026-03-13T09:50:00.000","30","TRAFFIC SIGNAL","FUNCTIONING PROPERLY","CLOUDY/OVERCAST","DAYLIGHT","REAR TO FRONT","NOT DIVIDED",,"STRAIGHT AND LEVEL","DRY","NO DEFECTS","NOT ON SCENE (DESK REPORT)","NO INJURY / DRIVE AWAY",,,,"$501 - $1,500","2026-03-13T10:35:00.000","IMPROPER BACKING","UNABLE TO DETERMINE","6462","S","CENTRAL AVE","812",,,,,,,"2","NO INDICATION OF INJURY","0","0","0","0","0","2","0","9","6","3","41.7744308362","-87.7617315917","POINT (-87.761731591722 41.77443083618)"
"826cd72af966601234f81a35a6fdd9605267c376d3cafd46664b550d402e5036d0a546f161c177b7604525c22e759a2bbb0353f0dcf8cc461e2f4b889cbdc1bd",,"2026-03-13T09:44:00.000","30","TRAFFIC SIGNAL","FUNCTIONING PROPERLY","CLEAR","DAYLIGHT","REAR END","DIVIDED - W/MEDIAN (NOT RAISED)",,"STRAIGHT AND LEVEL","DRY","UNKNOWN","ON SCENE","NO INJURY / DRIVE AWAY",,,"Y","OVER $1,500","2026-03-13T09:49:00.000","UNABLE TO DETERMINE","UNABLE TO DETERMINE","11558","S","TORRENCE AVE","434",,,,,,,"2","NO INDICATION OF INJURY","0","0","0","0","0","2","0","9","6","3","41.6847464876","-87.5595239863","POINT (-87.559523986341 41.684746487606)"