"crash_record_id","crash_date_est_i","crash_date","posted_speed_limit","traffic_control_device","device_condition","weather_condition","lighting_condition","first_crash_type","trafficway_type","lane_cnt","alignment","roadway_surface_cond","road_defect","report_type","crash_type","intersection_related_i","private_property_i","hit_and_run_i","damage","date_police_notified","prim_contributory_cause","sec_contributory_cause","street_no","street_direction","street_name","beat_of_occurrence","photos_taken_i","statements_taken_i","dooring_i","work_zone_i","work_zone_type","workers_present_i","num_units","most_severe_injury","injuries_total","injuries_fatal","injuries_incapacitating","injuries_non_incapacitating","injuries_reported_not_evident","injuries_no_indication","injuries_unknown","crash_hour","crash_day_of_week","crash_month","latitude","longitude","location"
"c841af9a0f4f68b1cfe545f69562adf09755cf0ab72a4dad93721fed05190d8b0c9fe65ca20a32506eb9ce403834930b480b494efaddadfa509dad03ca9ac0d4",,"2026-03-13T09:40:00.000","30","TRAFFIC SIGNAL","NOT FUNCTIONING","CLOUDY/OVERCAST","DAYLIGHT","ANGLE","NOT DIVIDED",,"STRAIGHT AND LEVEL","DRY","NO DEFECTS","ON SCENE","NO INJURY / DRIVE AWAY","Y",,,"OVER $1,500","2026-03-13T09:59:00.000","FAILING TO YIELD RIGHT-OF-WAY","NOT APPLICABLE","1200","S","KOSTNER AVE","1011",,,,,,,"2","NO INDICATION OF INJURY","0","0","0","0","0","3","0","9","6","3","41.8659388389","-87.735108549","POINT (-87.735108549013 41.865938838909)"
"6c8b9e950def11530c7026b02731e84ab0a84c31180d641d41bcb1cdad367f1d6cca5d2c86f959019917527ffe1762e38a1c794628fa293a2d83aedaf21cb5af",,"2026-03-13T09:31:00.000","30","NO CONTROLS","NO CONTROLS","CLOUDY/OVERCAST","DAYLIGHT","PARKED MOTOR VEHICLE","NOT DIVIDED",,"STRAIGHT AND LEVEL","DRY","NO DEFECTS","ON SCENE","NO INJURY / DRIVE AWAY",,,,"$501 - $1,500","2026-03-13T09:32:00.000","UNABLE TO DETERMINE","UNABLE TO DETERMINE","2009","W","68TH ST","726",,,,,,,"2","NO INDICATION OF INJURY","0","0","0","0","0","1","0","9","6","3","41.7701446587","-87.6740573162","POINT (-87.674057316197 41.770144658688)"
"9733e92ff812c38e54d6a2b2b17efafa89b7ba6704b5c382bc0cfe9488edc4e87c91664935879e12b310fdb26634d86f55bf36e72f37c3ffb11c17e95f5bd041",,"2026-03-13T09:28:00.000","25","NO CONTROLS","NO CONTROLS","CLEAR","DAYLIGHT","SIDESWIPE SAME DIRECTION","NOT DIVIDED",,"STRAIGHT AND LEVEL","DRY","UNKNOWN","NOT ON SCENE (DESK REPORT)","NO INJURY / DRIVE AWAY",,,"Y","OVER $1,500","2026-03-13T09:45:00.000","UNABLE TO DETERMINE","UNABLE TO DETERMINE","10122","S","TORRENCE AVE","431",,,,,,,"2","NO INDICATION OF INJURY","0","0","0","0","0","2","0","9","6","3","41.711083705","-87.5598647585","POINT (-87.559864758468 41.71108370501)"
"a2ceeebd80fdf7af65dfea03c0ab65a3c165eb7efeef16fd73079250e8ecfcffd5183db2aeea6d7d0202041ed2deaf426d25919cbc7bc230a2148196e1923b3c",,"2026-03-13T09:28:00.000","30","NO CONTROLS","NO CONTROLS","CLEAR","DAYLIGHT","SIDESWIPE SAME DIRECTION","NOT DIVIDED",,"STRAIGHT AND LEVEL","DRY","NO DEFECTS","ON SCENE","INJURY AND / OR TOW DUE TO CRASH",,,,"OVER $1,500","2026-03-13T09:28:00.000","FAILING TO YIELD RIGHT-OF-WAY","NOT APPLICABLE","1605","N","KIMBALL AVE","1422",,,,,,,"2","NO INDICATION OF INJURY","0","0","0","0","0","2","0","9","6","3","41.9102298814","-87.7116753699","POINT (-87.711675369872 41.910229881438)"
"42d09fccfbe977874f821fed5227b44b1faf5653bdf8f2aeefa1ff2a72e0ac0750c3182d8988669061c71d689922ffde597281421664bacc473b1f2be5b983ed",,"2026-03-13T09:00:00.000","30","NO CONTROLS","NO CONTROLS","CLEAR","DAYLIGHT","ANGLE","NOT DIVIDED",,"STRAIGHT AND LEVEL","DRY","NO DEFECTS","ON SCENE","NO INJURY / DRIVE AWAY",,,,"OVER $1,500","2026-03-13T09:05:00.000","UNABLE TO DETERMINE","NOT APPLICABLE","8559","W","FOSTER AVE","1614",,,,,,,"2","NO INDICATION OF INJURY","0","0","0","0","0","2","0","9","6","3","41.9736895649","-87.8406748743","POINT (-87.840674874283 41.973689564898)"
"812f4aa2abd950ff27bdc17da92573218e5493d707665afd204a9e13dfec1c28676894d5685c0231d8cd8863315007b73dca9fbaecdbb7694a38d6e92d1cf086",,"2026-03-13T09:00:00.000","30","NO CONTROLS","NO CONTROLS","CLEAR","DAYLIGHT","OTHER OBJECT","ONE-WAY",,"STRAIGHT AND LEVEL","DRY","NO DEFECTS","ON SCENE","NO INJURY / DRIVE AWAY",,,,"OVER $1,500","2026-03-13T10:24:00.000","NOT APPLICABLE","NOT APPLICABLE","5336","S","UNIVERSITY AVE","233","Y",,,,,,"1",,,,,,,,,"9","6","3","41.7983291155","-87.5983001403","POINT (-87.598300140333 41.798329115498)"
"8a69d256d3eef295ea9ef0b9e2418c9fec32ae63db4b33d93570cda109cb3b92d44a97927f237e519a2478edd0a5b520cfec47ba38b9cbc84bac43d7d05ae7f7",,"2026-03-13T09:00:00.000","30","NO CONTROLS","NO CONTROLS","CLEAR","DAYLIGHT","SIDESWIPE SAME DIRECTION","DIVIDED - W/MEDIAN (NOT RAISED)",,"STRAIGHT AND LEVEL","WET","NO DEFECTS","NOT ON SCENE (DESK REPORT)","NO INJURY / DRIVE AWAY",,,,"OVER $1,500","2026-03-13T09:25:00.000","UNABLE TO DETERMINE","UNABLE TO DETERMINE","193","W","GARFIELD BLVD","225",,,,,,,"2","NO INDICATION OF INJURY","0","0","0","0","0","2","0","9","6","3","41.7940915382","-87.6304664415","POINT (-87.630466441501 41.794091538248)"
"9156ce756b8a68c0acc0ec70fee4e3dd3ba9650e89d01cceab207b58900c8332fe5c11decb39f4f1a683367d5002883d621433b6ac2f47ae78eccebb3586dd2d",,"2026-03-13T09:00:00.000","30","NO CONTROLS","NO CONTROLS","CLEAR","DAYLIGHT","TURNING","NOT DIVIDED",,"STRAIGHT AND LEVEL","DRY","NO DEFECTS","ON SCENE","NO INJURY / DRIVE AWAY","Y",,,"OVER $1,500","2026-03-13T09:35:00.000","IMPROPER OVERTAKING/PASSING","NOT APPLICABLE","1445","W","51ST ST","934",,,,,,,"2","NO INDICATION OF INJURY","0","0","0","0","0","3","0","9","6","3","41.8012509928","-87.661646676","POINT (-87.66164667604 41.801250992782)"
"e4a5378b1f45a3a1dd89cb30147039ab11cd5af4cff7fb8244eae62f6f856a18fb5702e5880e7ab0b54bdf42998d36d0c8fabde85d9c9d891f147c34245666d2",,"2026-03-13T09:00:00.000","30","TRAFFIC SIGNAL","NOT FUNCTIONING","CLEAR","DAYLIGHT","ANGLE","FOUR WAY",,"STRAIGHT AND LEVEL","DRY","NO DEFECTS","ON SCENE","INJURY AND / OR TOW DUE TO CRASH","Y",,,"OVER $1,500","2026-03-13T09:11:00.000","UNABLE TO DETERMINE","UNABLE TO DETERMINE","646","W","18TH ST","1235",,"Y",,,,,"2","REPORTED, NOT EVIDENT","1","0","0","0","1","2","0","9","6","3","41.8577009292","-87.6437399624","POINT (-87.643739962404 41.857700929236)"
"efd2068ce3684f837a33db00c1b0d8d2f65c1e1e322bc94d299282536c2090d71ce159dd1be7062276db8dfc67fc925d58b519c2419c0825cb828703efaae962","Y","2026-03-13T09:00:00.000","30","TRAFFIC SIGNAL","FUNCTIONING PROPERLY","CLEAR","DAYLIGHT","SIDESWIPE SAME DIRECTION","NOT DIVIDED",,"STRAIGHT AND LEVEL","DRY","NO DEFECTS","NOT ON SCENE (DESK REPORT)","NO INJURY / DRIVE AWAY",,,,"OVER $1,500","2026-03-13T13:00:00.000","FOLLOWING TOO CLOSELY","NOT APPLICABLE","757","N","MICHIGAN AVE","1833",,,,,,,"2","NO INDICATION OF INJURY","0","0","0","0","0","2","0","9","6","3","41.8964106756","-87.6241332966","POINT (-87.624133296552 41.896410675642)"
"ffec191c4b50a51d715086f781a765244c8e4172b95fa85f54e3db275606a65d27e73953a2faf0f8d4c5bd8cd9bd77eef8c7a23855d6b07a73d1fa93573f5fdd",,"2026-03-13T09:00:00.000","30","TRAFFIC SIGNAL","FUNCTIONING PROPERLY","SEVERE CROSS WIND GATE","DAYLIGHT","OTHER OBJECT","DIVIDED - W/MEDIAN (NOT RAISED)",,"STRAIGHT AND LEVEL","DRY","NO DEFECTS","ON SCENE","NO INJURY / DRIVE AWAY",,,,"OVER $1,500","2026-03-13T09:30:00.000","WEATHER","UNABLE TO DETERMINE","3121","N","HALSTED ST","1934",,,,,,,"1","NO INDICATION OF INJURY","0","0","0","0","0","1","0","9","6","3","41.9385030888","-87.6490801618","POINT (-87.64908016178 41.93850308881)"
"7a9c94e3e97b1401501516115a7d89ad5b05a09ab8dd6661ff0d540f9843f44e607e6fde33f3f25aebcefc1731ee63ba2179afa9179203c248ae85a059e4f40a",,"2026-03-13T08:57:00.000","30","NO CONTROLS","NO CONTROLS","CLEAR","DAYLIGHT","SIDESWIPE SAME DIRECTION","NOT DIVIDED",,"STRAIGHT AND LEVEL","DRY","NO DEFECTS","NOT ON SCENE (DESK REPORT)","NO INJURY / DRIVE AWAY",,,,"OVER $1,500","2026-03-13T09:20:00.000","FAILING TO YIELD RIGHT-OF-WAY","NOT APPLICABLE","1500","N","CICERO AVE","2533",,,,,,,"2","NO INDICATION OF INJURY","0","0","0","0","0","2","0","8","6","3","41.9078977002","-87.7462129145","POINT (-87.746212914515 41.907897700184)"
"c9660733751622004843df4f45477af332eaba2fb6afcb567aeb22f7d0999aa5d98770aa21a8bafb01138bae5302684545638c9ed84b9b87fe37abe7f795950b",,"2026-03-13T08:54:00.000","30","TRAFFIC SIGNAL","FUNCTIONING PROPERLY","CLEAR","DAYLIGHT","TURNING","FOUR WAY",,"STRAIGHT AND LEVEL","DRY","UNKNOWN","ON SCENE","INJURY AND / OR TOW DUE TO CRASH","Y",,"Y","OVER $1,500","2026-03-13T08:54:00.000","FAILING TO YIELD RIGHT-OF-WAY","NOT APPLICABLE","7500","S","STATE ST","623",,,,,,,"2","NO INDICATION OF INJURY","0","0","0","0","0","2","0","8","6","3","41.7580921764","-87.6249022282","POINT (-87.624902228247 41.758092176383)"
"38f0f4b3ed5b41f04e9e95154ad2a0e48638180d3eadaa2f58bd4afb9bc24dcb2427e2c936ecde9965c32a4bd71bf2cabf278080723dd9a76cd4a054adeb188d",,"2026-03-13T08:50:00.000","30","NO CONTROLS","NO CONTROLS","CLEAR","DAYLIGHT","ANGLE","ALLEY",,"STRAIGHT AND LEVEL","UNKNOWN","UNKNOWN","NOT ON SCENE (DESK REPORT)","NO INJURY / DRIVE AWAY",,,"Y","OVER $1,500","2026-03-13T11:08:00.000","UNABLE TO DETERMINE","UNABLE TO DETERMINE","4067","W","65TH ST","833",,,,,,,"2","NO INDICATION OF INJURY","0","0","0","0","0","2","0","8","6","3","41.7748729761","-87.7250424275","POINT (-87.725042427522 41.774872976058)"
"aece634717d128df9a61f7adc204e9d24343148aa35b552a0bb1a77462e0225f0bc583414a06ae21aaa18820f879d75696eb9eb296ddf53e73e86233b37e8cf1",,"2026-03-13T08:50:00.000","30","NO CONTROLS","FUNCTIONING PROPERLY","CLEAR","DAYLIGHT","PARKED MOTOR VEHICLE","ONE-WAY",,"STRAIGHT AND LEVEL","UNKNOWN","UNKNOWN","NOT ON SCENE (DESK REPORT)","NO INJURY / DRIVE AWAY",,,,"OVER $1,500","2026-03-13T17:05:00.000","DRIVING SKILLS/KNOWLEDGE/EXPERIENCE","NOT APPLICABLE","4452","S","LECLAIRE AVE","814",,,,,,,"2","NO INDICATION OF INJURY","0","0","0","0","0","2","0","8","6","3","41.8113962662","-87.7507451954","POINT (-87.750745195403 41.811396266171)"
"c72f3407afb7f1c2f9799997cd78d9c40d1fd524efe6ede8cdf476e0c0b000631034d77d0cbdc20b2034cce752960bdb34cbe6c0c49871210924622b388876aa",,"2026-03-13T08:45:00.000","20","NO CONTROLS","NO CONTROLS","CLEAR","DAYLIGHT","PARKED MOTOR VEHICLE","PARKING LOT",,"STRAIGHT AND LEVEL","DRY","NO DEFECTS","NOT ON SCENE (DESK REPORT)","NO INJURY / DRIVE AWAY",,"Y",,"OVER $1,500","2026-03-13T11:45:00.000","UNABLE TO DETERMINE","NOT APPLICABLE","4822","W","CHICAGO AVE","1531",,,,,,,"2","NO INDICATION OF INJURY","0","0","0","0","0","2","0","8","6","3","41.8951052451","-87.7467679254","POINT (-87.746767925376 41.895105245142)"
"873f25cd990449a375812c76ab8034a05c65388e25f64fe0f3fa27a373dc7169416f0e83b57eb827597e68ab42804469d14cd2c672c0f76ca3d6da7e7a914bde",,"2026-03-13T08:35:00.000","30","OTHER","UNKNOWN","CLEAR","DAYLIGHT","PARKED MOTOR VEHICLE","NOT DIVIDED",,"STRAIGHT AND LEVEL","DRY","UNKNOWN","NOT ON SCENE (DESK REPORT)","NO INJURY / DRIVE AWAY",,,,"OVER $1,500","2026-03-13T09:30:00.000","UNABLE TO DETERMINE","UNABLE TO DETERMINE","2301","N","CLARK ST","1814",,,,,,,"2","NO INDICATION OF INJURY","0","0","0","0","0","1","0","8","6","3","41.923906304","-87.6392866956","POINT (-87.63928669557 41.923906304043)"
"f744f733e8127b5cb8e2f8d8d5c624615dc8083a39147852a2afaffc97379311c0021c25a0b0b2b8448e05d4f06574f950cddd6084712d1b16748f6ebcfaa9be",,"2026-03-13T08:30:00.000","20","NO CONTROLS","NO CONTROLS","CLEAR","DAYLIGHT","PARKED MOTOR VEHICLE","ONE-WAY",,"STRAIGHT AND LEVEL","DRY","NO DEFECTS","ON SCENE","NO INJURY / DRIVE AWAY",,,,"OVER $1,500","2026-03-13T08:35:00.000","DISTRACTION - FROM OUTSIDE VEHICLE","NOT APPLICABLE","2450","W","RICE ST","1212",,,,,,,"2","NO INDICATION OF INJURY","0","0","0","0","0","4","0","8","6","3","41.8967404757","-87.6889015429","POINT (-87.688901542922 41.89674047569)"
"341f67b1151d08126f7717657adbd0ee617a836e6d6387bf2a787d3495293a411848659626a43e7efd8884c564d3cfdb49d5064e8d04b0aa4ba9c298e2373c1c",,"2026-03-13T08:29:00.000","30","NO CONTROLS","NO CONTROLS","CLEAR","DAYLIGHT","PARKED MOTOR VEHICLE","NOT DIVIDED",,"STRAIGHT AND LEVEL","DRY","NO DEFECTS","NOT ON SCENE (DESK REPORT)","NO INJURY / DRIVE AWAY",,,"N","$501 - $1,500","2026-03-13T10:00:00.000","UNABLE TO DETERMINE","NOT APPLICABLE","3500","N","KIMBALL AVE","1732",,,,,,,"2","NO INDICATION OF INJURY","0","0","0","0","0","1","0","8","6","3","41.9448810738","-87.7128050888","POINT (-87.712805088759 41.944881073845)"
"f6623c3e6c9351b8390bc8863004cb56f5330090a03ff9bd1e4b9d71d7d38a5b658f0dc47dd24b56b2747dd728c62c2169e3449754ecf56f11cf59120a4d8925",,"2026-03-13T08:25:00.000","20","NO CONTROLS","NO CONTROLS","CLEAR","DAYLIGHT","PARKED MOTOR VEHICLE","NOT DIVIDED",,"STRAIGHT AND LEVEL","DRY","NO DEFECTS","ON SCENE","NO INJURY / DRIVE AWAY",,,,"OVER $1,500","2026-03-13T08:38:00.000","UNABLE TO DETERMINE","UNABLE TO DETERMINE","4139","W","48TH ST","815",,,,,,,"2","NO INDICATION OF INJURY","0","0","0","0","0","6","0","8","6","3","41.8058831396","-87.727516133","POINT (-87.727516132957 41.805883139608)"
"c49464a4639c6b6949a50762d3cee58c6ea602c366744e1ef64235e6d70597eb91bc170baeeec8f30cae65f2c8b201b8c0fc3e7a409e1fdface64a388b033d9d",,"2026-03-13T08:21:00.000","25","TRAFFIC SIGNAL","FUNCTIONING PROPERLY","CLEAR","DAYLIGHT","TURNING","ONE-WAY",,"STRAIGHT AND LEVEL","DRY","NO DEFECTS","NOT ON SCENE (DESK REPORT)","NO INJURY / DRIVE AWAY","Y",,,"OVER $1,500","2026-03-13T09:00:00.000","IMPROPER OVERTAKING/PASSING","IMPROPER OVERTAKING/PASSING","8700","S","STATE ST","632",,,,,,,"2","NO INDICATION OF INJURY","0","0","0","0","0","3","0","8","6","3","41.7362094694","-87.6243055191","POINT (-87.624305519124 41.736209469449)"
"3de579fa01be4080da9cac6effef46dbd5fdfa2eee52580b6575d6e763839553325a59d4ff44d7414243e889cfc070347aa4c7b80c753099fd01c34c3a35ae9f",,"2026-03-13T08:20:00.000","30","NO CONTROLS","NO CONTROLS","CLEAR","DAYLIGHT","OTHER OBJECT","NOT DIVIDED",,"STRAIGHT AND LEVEL","UNKNOWN","UNKNOWN","NOT ON SCENE (DESK REPORT)","NO INJURY / DRIVE AWAY",,,,"OVER $1,500","2026-03-13T09:32:00.000","UNABLE TO DETERMINE","UNABLE TO DETERMINE","10607","S","PULASKI RD","2211",,,,,,,"2","NO INDICATION OF INJURY","0","0","0","0","0","2","0","8","6","3","41.7001765213","-87.7205351292","POINT (-87.720535129166 41.700176521272)"
"1ecd7c598a06b178dfa1e93c01bd2b1abe78cdd46cc7d07f482d0ffe1038264ea092800d3dec88d3ca3061cb30f495252d9004a2a9e6fabdb7747172831ed77e",,"2026-03-13T08:18:00.000","30","NO CONTROLS","NO CONTROLS","CLEAR","DAYLIGHT","ANGLE","ONE-WAY",,"STRAIGHT AND LEVEL","DRY","UNKNOWN","NOT ON SCENE (DESK REPORT)","NO INJURY / DRIVE AWAY",,,,"OVER $1,500","2026-03-13T11:45:00.000","FAILING TO YIELD RIGHT-OF-WAY","UNABLE TO DETERMINE","342","E","OHIO ST","1834",,,,,,,"2","NO INDICATION OF INJURY","0","0","0","0","0","2","0","8","6","3","41.8927364796","-87.6185830376","POINT (-87.618583037622 41.892736479596)"
"a60acdf9ed0b6d692be6a306baa3721ec480f1545aa10968ce3d574d074f0b417d31b2f1ff6419d261993f118a07df5c1a7436112eab6800862c175f713670f7",,"2026-03-13T08:15:00.000","30","NO CONTROLS","NO CONTROLS","CLEAR","DAYLIGHT","PARKED MOTOR VEHICLE","NOT DIVIDED",,"STRAIGHT AND LEVEL","DRY","UNKNOWN","NOT ON SCENE (DESK REPORT)","NO INJURY / DRIVE AWAY",,,"Y","$501 - $1,500","2026-03-13T09:15:00.000","UNABLE TO DETERMINE","DRIVING SKILLS/KNOWLEDGE/EXPERIENCE","1842","S","RACINE AVE","1233",,,,,,,"2","NO INDICATION OF INJURY","0","0","0","0","0","1","0","8","6","3","41.8567144629","-87.6565385539","POINT (-87.65653855393 41.856714462924)"
"c37a7c89d44eadabe7170acf6c84ffb30f2eb91a94b54d560a17d9818648c5a70135e5262e6c44f8838aea50362acc8fc66dd79579c3e7e60fcf6ac899d68a68",,"2026-03-13T08:15:00.000","30","TRAFFIC SIGNAL","FUNCTIONING PROPERLY","SEVERE CROSS WIND GATE","DAYLIGHT","SIDESWIPE SAME DIRECTION","DIVIDED - W/MEDIAN (NOT RAISED)",,"STRAIGHT AND LEVEL","DRY","NO DEFECTS","ON SCENE","NO INJURY / DRIVE AWAY","Y",,"Y","OVER $1,500","2026-03-13T08:40:00.000","IMPROPER OVERTAKING/PASSING","UNABLE TO DETERMINE","2398","W","ADDISON ST","1921",,,,,,,"2","NO INDICATION OF INJURY","0","0","0","0","0","2","0","8","6","3","41.9468411436","-87.6881988294","POINT (-87.688198829415 41.946841143645)"
"c42720aac8c19c05184d959910864a7af0fab5889fa1d70c87dde9dc7e90a7535ba328949aaf3480ce4a99f5274e506e08faabe667a11922fe201db5155059b5",,"2026-03-13T08:07:00.000","20","NO CONTROLS","NO CONTROLS","CLEAR","DAYLIGHT","TURNING","ONE-WAY",,"STRAIGHT AND LEVEL","DRY","NO DEFECTS","NOT ON SCENE (DESK REPORT)","NO INJURY / DRIVE AWAY",,,,"$501 - $1,500","2026-03-13T10:45:00.000","UNABLE TO DETERMINE","UNABLE TO DETERMINE","5522","W","HADDON AVE","1524",,,,,,,"2","NO INDICATION OF INJURY","0","0","0","0","0","2","0","8","6","3","41.9013520397","-87.7647907883","POINT (-87.764790788272 41.901352039696)"
"dcc01d3fbf91ebe8a614a266aeed50baa725c98bef291eee5ef85ac93dd8fa98511d5ccd0ee5708dd42d91f5d40414fd0d766f8fefa6298c8a3fb9ab3430ab7a",,"2026-03-13T08:05:00.000","30","NO CONTROLS","NO CONTROLS","CLEAR","DAYLIGHT","SIDESWIPE SAME DIRECTION","ONE-WAY",,"STRAIGHT AND LEVEL","DRY","NO DEFECTS","ON SCENE","NO INJURY / DRIVE AWAY",,,,"OVER $1,500","2026-03-13T08:14:00.000","IMPROPER LANE USAGE","NOT APPLICABLE","301","S","LOCKWOOD AVE","1522",,,,,,,"2","NO INDICATION OF INJURY","0","0","0","0","0","3","0","8","6","3","41.8765835632","-87.7574065878","POINT (-87.757406587831 41.876583563188)"
"e80496f4f3fe699f2e2131c8d7e8a4424d0d95de3f2d233428b11239410c0189c04289149f22ef08809b92ad8c8bfdf75c597dbf402daddfa7d79f7148465e0e",,"2026-03-13T08:05:00.000","20","NO CONTROLS","NO CONTROLS","CLEAR","DAYLIGHT","REAR END","DIVIDED - W/MEDIAN (NOT RAISED)",,"STRAIGHT AND LEVEL","DRY","NO DEFECTS","ON SCENE","NO INJURY / DRIVE AWAY",,,,"OVER $1,500","2026-03-13T08:05:00.000","DISTRACTION - FROM OUTSIDE VEHICLE","FOLLOWING TOO CLOSELY","5202","W","GRAND AVE","2515",,,,,,,"2","NO INDICATION OF INJURY","0","0","0","0","0","6","0","8","6","3","41.9170677465","-87.7560413324","POINT (-87.75604133241 41.917067746493)"
"1fa6a87f8bb2382491d553231f52207ae1a10b65d9582c9ef9bf52704ab0f623e755aab9b78b309d830a393c34f09bdcff5aa4875d07152135c7365cc6bd436a",,"2026-03-13T08:00:00.000","30","NO CONTROLS","NO CONTROLS","OTHER","DAYLIGHT","SIDESWIPE SAME DIRECTION","DIVIDED - W/MEDIAN (NOT RAISED)",,"STRAIGHT AND LEVEL","DRY","NO DEFECTS","ON SCENE","NO INJURY / DRIVE AWAY",,,,"OVER $1,500","2026-03-13T08:01:00.000","UNABLE TO DETERMINE","UNABLE TO DETERMINE","2100","N","WESTERN AVE","1431",,,,,,,"2","NO INDICATION OF INJURY","0","0","0","0","0","2","0","8","6","3","41.9200094197","-87.6876347048","POINT (-87.687634704767 41.920009419722)"
"8177962a1ff7700176b9561d86226cb53e3f7381612586e0dc6a6febffad7409db084f985a52ccf0dcd8eec654cea70ac0387adecf38eaa22ca585a006de73aa",,"2026-03-13T08:00:00.000","30","NO CONTROLS","NO CONTROLS","CLEAR","DAYLIGHT","REAR END","NOT DIVIDED",,"STRAIGHT AND LEVEL","DRY","NO DEFECTS","NOT ON SCENE (DESK REPORT)","INJURY AND / OR TOW DUE TO CRASH",,,,"$500 OR LESS","2026-03-13T09:30:00.000","FAILING TO REDUCE SPEED TO AVOID CRASH","UNABLE TO DETERMINE","5555","W","HADDON AVE","1524",,,,,,,"2","NO INDICATION OF INJURY","0","0","0","0","0","2","0","8","6","3","41.9011243247","-87.7655275998","POINT (-87.76552759983 41.901124324656)"
"fb4509e295439e6b3133281533d5266bdc7e80d436af4507b4a5e13467a3329d7d7ba4a84a6b98fe387d3a4c02dd901f76962ab6385bbf95e57dd73bbc9793fc",,"2026-03-13T08:00:00.000","10","NO CONTROLS","NO CONTROLS","RAIN","DAWN","OTHER NONCOLLISION","OTHER",,"CURVE ON GRADE","WET","UNKNOWN","NOT ON SCENE (DESK REPORT)","NO INJURY / DRIVE AWAY",,"N",,"$501 - $1,500","2026-03-13T09:35:00.000","UNABLE TO DETERMINE","UNABLE TO DETERMINE","237","S","DESPLAINES ST","121","N",,,,,,"1",,,,,,,,,"8","6","3","41.8781494206","-87.6438616297","POINT (-87.643861629654 41.878149420586)"
"ec5c10db96299d83e8620e1b75dcf60c6bf7569b0d306c60e32a0fd188e326ebd3b23d42bdcaf653bbe3e75971bcd5d2fc11cf816a81e25e12ab44f89aaea307",,"2026-03-13T07:40:00.000","30","TRAFFIC SIGNAL","FUNCTIONING PROPERLY","CLEAR","DAYLIGHT","PEDALCYCLIST","FOUR WAY",,"STRAIGHT AND LEVEL","DRY","NO DEFECTS","ON SCENE","INJURY AND / OR TOW DUE TO CRASH","Y",,,"$501 - $1,500","2026-03-13T07:41:00.000","UNABLE TO DETERMINE","NOT APPLICABLE","4359","W","FULLERTON AVE","2522",,,,,,,"2","NONINCAPACITATING INJURY","1","0","0","1","0","1","0","7","6","3","41.9242562782","-87.736506315","POINT (-87.736506315002 41.924256278165)"
"812f788b352f239387e2b595c3b4b2ff8e1156d6c400f5b1b5a24664fd2e22811f861d3d3810405b331911a6770d07b888c9dcd58e634572dd4c59bfabdf1267",,"2026-03-13T07:39:00.000","20","STOP SIGN/FLASHER","NO CONTROLS","CLEAR","DAYLIGHT","OTHER OBJECT","NOT DIVIDED",,"STRAIGHT AND LEVEL","DRY","NO DEFECTS","ON SCENE","INJURY AND / OR TOW DUE TO CRASH",,,,"OVER $1,500","2026-03-13T07:41:00.000","WEATHER","WEATHER","7500","W","CORNELIA AVE","1631",,,,,,,"1","NO INDICATION OF INJURY","0","0","0","0","0","2","0","7","6","3","41.9434112986","-87.814335322","POINT (-87.814335322029 41.943411298592)"
"e01f3849f8417ee61b734ab8e9b8271f40544099ff2040ea768718183b7bf4ea38d72807844ef437900bb27ea91759e0b609a7ce837962b9361208ab928f3ea1",,"2026-03-13T07:39:00.000","25","NO CONTROLS","NO CONTROLS","BLOWING SAND, SOIL, DIRT","DAYLIGHT","OTHER NONCOLLISION","NOT DIVIDED",,"STRAIGHT AND LEVEL","DRY","NO DEFECTS","ON SCENE","NO INJURY / DRIVE AWAY",,,,"OVER $1,500","2026-03-13T07:44:00.000","WEATHER","WEATHER","1145","N","CENTRAL AVE","1524",,,,,,,"2","NO INDICATION OF INJURY","0","0","0","0","0","4","0","7","6","3","41.9016236592","-87.7654885725","POINT (-87.765488572506 41.901623659214)"
"da1a92ad3ed109a8a848c94d8fe3ce2afe0471762f5dfbdabc0324bd7a6d8e3aafaca13f65c2ea0c77c2f5be90082e18ddbf9cedad980c891b80eba7d7f32487",,"2026-03-13T07:33:00.000","30","NO CONTROLS","NO CONTROLS","CLEAR","DAYLIGHT","SIDESWIPE SAME DIRECTION","DIVIDED - W/MEDIAN (NOT RAISED)",,"STRAIGHT AND LEVEL","DRY","NO DEFECTS","ON SCENE","NO INJURY / DRIVE AWAY",,,,"$500 OR LESS","2026-03-13T07:33:00.000","IMPROPER OVERTAKING/PASSING","FAILING TO YIELD RIGHT-OF-WAY","5125","S","KEDZIE AVE","923",,,,,,,"2","NO INDICATION OF INJURY","0","0","0","0","0","2","0","7","6","3","41.8000509585","-87.7035982003","POINT (-87.703598200264 41.800050958514)"
"c53321619082ddfa43686ac056153883ad589a6b159144bd9f54e682c3c7853d2efe3260a90ce0b462df1cd09a460b04f248051c7a6504fccaa765d7d1d2884e",,"2026-03-13T07:31:00.000","25","UNKNOWN","UNKNOWN","CLEAR","DAYLIGHT","REAR TO FRONT","DIVIDED - W/MEDIAN (NOT RAISED)",,"STRAIGHT AND LEVEL","DRY","NO DEFECTS","NOT ON SCENE (DESK REPORT)","NO INJURY / DRIVE AWAY",,,"Y","OVER $1,500","2026-03-13T08:30:00.000","UNABLE TO DETERMINE","UNABLE TO DETERMINE","2800","N","ASHLAND AVE","1931",,,,,,,"2","NO INDICATION OF INJURY","0","0","0","0","0","2","0","7","6","3","41.932445362","-87.6685428496","POINT (-87.668542849642 41.932445362001)"