"crash_record_id","crash_date_est_i","crash_date","posted_speed_limit","traffic_control_device","device_condition","weather_condition","lighting_condition","first_crash_type","trafficway_type","lane_cnt","alignment","roadway_surface_cond","road_defect","report_type","crash_type","intersection_related_i","private_property_i","hit_and_run_i","damage","date_police_notified","prim_contributory_cause","sec_contributory_cause","street_no","street_direction","street_name","beat_of_occurrence","photos_taken_i","statements_taken_i","dooring_i","work_zone_i","work_zone_type","workers_present_i","num_units","most_severe_injury","injuries_total","injuries_fatal","injuries_incapacitating","injuries_non_incapacitating","injuries_reported_not_evident","injuries_no_indication","injuries_unknown","crash_hour","crash_day_of_week","crash_month","latitude","longitude","location"
"11f20919671013ffaa823200bf1eb1e68f9f5b873efa33fab7e3ba3321e7c2333551e7fe28c5c6d89014489025f83a0f53b73d6c496c999a001d33f113740556",,"2026-03-13T07:30:00.000","30","NO CONTROLS","NO CONTROLS","UNKNOWN","DAYLIGHT","REAR TO FRONT","ALLEY",,"STRAIGHT AND LEVEL","UNKNOWN","UNKNOWN","NOT ON SCENE (DESK REPORT)","NO INJURY / DRIVE AWAY",,,,"OVER $1,500","2026-03-13T08:15:00.000","UNABLE TO DETERMINE","UNABLE TO DETERMINE","5815","N","VIRGINIA AVE","2011",,,,,,,"2","NO INDICATION OF INJURY","0","0","0","0","0","2","0","7","6","3","41.9872075391","-87.7061603634","POINT (-87.706160363424 41.987207539078)"
"1f8fe9a73cf57b47f8e532e2b424eb7068e154d3310ef7596ac097676d5a5d7be9cc9940acd3c698267e6a95e28197f747a5304833d599206f3df033114e1ebd",,"2026-03-13T07:29:00.000","30","NO CONTROLS","NO CONTROLS","CLEAR","DAYLIGHT","REAR END","ONE-WAY",,"STRAIGHT AND LEVEL","DRY","NO DEFECTS","NOT ON SCENE (DESK REPORT)","NO INJURY / DRIVE AWAY",,,,"OVER $1,500","2026-03-13T07:32:00.000","UNABLE TO DETERMINE","UNABLE TO DETERMINE","3945","N","ODELL AVE","1631","N",,,,,,"2","NO INDICATION OF INJURY","0","0","0","0","0","2","0","7","6","3","41.952046996","-87.8107726545","POINT (-87.810772654544 41.952046995954)"
"d43ec8b604c5e190ff5be16bc5ff25f486375ae98a95553f2f2dcf65447ba76223ce20587e1e7ca1b7db8b733827c66d795abe5e782854d97e97b3f9f9a14246",,"2026-03-13T07:06:00.000","30","NO CONTROLS","NO CONTROLS","CLEAR","DAYLIGHT","PARKED MOTOR VEHICLE","ONE-WAY",,"STRAIGHT AND LEVEL","DRY","UNKNOWN","ON SCENE","INJURY AND / OR TOW DUE TO CRASH","Y",,,"OVER $1,500","2026-03-13T07:58:00.000","UNABLE TO DETERMINE","UNABLE TO DETERMINE","1519","W","81ST ST","614",,"Y",,,,,"2","NO INDICATION OF INJURY","0","0","0","0","0","1","0","7","6","3","41.7466284778","-87.6617322826","POINT (-87.661732282585 41.74662847778)"
"1c70e691f34a2260f3b43be3e9ea4a393c73a4d000b2b81ce1effdc9bf89f07b891a8618bc9296c023e4df16d7394e69be66d274b8d57c7d2a90f731fe3e55f8",,"2026-03-13T07:00:00.000","20","UNKNOWN","UNKNOWN","CLEAR","UNKNOWN","PARKED MOTOR VEHICLE","UNKNOWN",,"STRAIGHT AND LEVEL","UNKNOWN","UNKNOWN","NOT ON SCENE (DESK REPORT)","NO INJURY / DRIVE AWAY",,,"Y","OVER $1,500","2026-03-13T13:40:00.000","UNABLE TO DETERMINE","UNABLE TO DETERMINE","5225","S","WASHTENAW AVE","923",,,,,,,"2","NO INDICATION OF INJURY","0","0","0","0","0","1","0","7","6","3","41.798437284","-87.6913416334","POINT (-87.691341633373 41.798437283985)"
"bb53a275f57f981546ea7d9dbe67783104bbc1544a3bd98ac67b4f73772c3f42a39a9ef1f82eaa97cb0b7392f630e0e3a6b600a2fe366de8e8029bffd8d12c27",,"2026-03-13T07:00:00.000","30","TRAFFIC SIGNAL","FUNCTIONING PROPERLY","OTHER","DAYLIGHT","PEDALCYCLIST","NOT DIVIDED",,"STRAIGHT AND LEVEL","DRY","NO DEFECTS","ON SCENE","INJURY AND / OR TOW DUE TO CRASH",,,,"OVER $1,500","2026-03-13T07:09:00.000","FAILING TO YIELD RIGHT-OF-WAY","UNABLE TO DETERMINE","1812","W","VAN BUREN ST","1225",,,,,,,"2","NONINCAPACITATING INJURY","1","0","0","1","0","1","0","7","6","3","41.8763769432","-87.6722086711","POINT (-87.672208671062 41.876376943192)"
"eef2f7de7e62856bcdff99e34d828a9c1c2998bbe071fc080afeed2513fa718a0365807732cb98d0d95b91bdbe40d4143c84793a48f74da62d15e61404f40487",,"2026-03-13T07:00:00.000","30","NO CONTROLS","NO CONTROLS","CLEAR","DAYLIGHT","SIDESWIPE SAME DIRECTION","ONE-WAY",,"STRAIGHT AND LEVEL","DRY","NO DEFECTS","NOT ON SCENE (DESK REPORT)","NO INJURY / DRIVE AWAY",,,,"OVER $1,500","2026-03-13T08:30:00.000","FAILING TO YIELD RIGHT-OF-WAY","NOT APPLICABLE","144","N","DESPLAINES ST","121",,,,,,,"2","NO INDICATION OF INJURY","0","0","0","0","0","2","0","7","6","3","41.8843906674","-87.6443513851","POINT (-87.644351385137 41.884390667434)"
"4d9940ee376facdc4427b43c8d340d825f4500f1bdba69af6c9a2aaea9ed616e7de9e4ef2f25bf42ea6e1770982001417e56e4816a9bd0cb93c17e6ee4651244",,"2026-03-13T06:55:00.000","30","TRAFFIC SIGNAL","FUNCTIONING PROPERLY","CLEAR","DAYLIGHT","SIDESWIPE SAME DIRECTION","NOT DIVIDED",,"STRAIGHT AND LEVEL","DRY","UNKNOWN","ON SCENE","NO INJURY / DRIVE AWAY",,,"Y","OVER $1,500","2026-03-13T18:30:00.000","UNABLE TO DETERMINE","NOT APPLICABLE","4437","W","GRAND AVE","2533",,,,,,,"2","NO INDICATION OF INJURY","0","0","0","0","0","2","0","6","6","3","41.9104521459","-87.7375601033","POINT (-87.737560103313 41.910452145865)"
"8ded41f288981e8c6cff16aac9763ac48faaea6526f1ea063b6bbacf2e7107d9a6961ec1531d3226f43273158d522b4e07b1c94d6aaad3fd2442bfec6011fd9c",,"2026-03-13T06:53:00.000","30","TRAFFIC SIGNAL","FUNCTIONING PROPERLY","OTHER","DAYLIGHT","TURNING","DIVIDED - W/MEDIAN BARRIER",,"STRAIGHT AND LEVEL","OTHER","UNKNOWN","ON SCENE","INJURY AND / OR TOW DUE TO CRASH",,,,"OVER $1,500","2026-03-13T06:59:00.000","UNABLE TO DETERMINE","UNABLE TO DETERMINE","4804","W","LAWRENCE AVE","1623","Y","Y",,,,,"2","REPORTED, NOT EVIDENT","1","0","0","0","1","1","0","6","6","3","41.9681314238","-87.7481904872","POINT (-87.748190487219 41.968131423837)"
"a26df367ac88d235b9a8122fb4edb642eb9eb534bf150a86e4527790a8ae42cd36f3aaa877bdfab0eab31162e277d221f3215646bedd2bfb63b1ee3565073abf","Y","2026-03-13T06:53:00.000","25","UNKNOWN","UNKNOWN","UNKNOWN","UNKNOWN","REAR END","NOT DIVIDED",,"STRAIGHT AND LEVEL","UNKNOWN","UNKNOWN","NOT ON SCENE (DESK REPORT)","NO INJURY / DRIVE AWAY",,,,"OVER $1,500","2026-03-13T17:50:00.000","UNABLE TO DETERMINE","UNABLE TO DETERMINE","5329","W","LAWRENCE AVE","1623",,,,,,,"2","NO INDICATION OF INJURY","0","0","0","0","0","2","0","6","6","3","41.9677650446","-87.7606977613","POINT (-87.760697761296 41.967765044573)"
"92b87965a3f2d7715ce319a395cb6f8377da606f7a269b6542d89b28098cb6f8b3ca0608af595dbf054c8b5852156efc9c897ea424ae2cbc972d4e960bb23a78",,"2026-03-13T06:50:00.000","30","NO CONTROLS","NO CONTROLS","CLEAR","DAYLIGHT","PARKED MOTOR VEHICLE","ONE-WAY",,"STRAIGHT AND LEVEL","DRY","UNKNOWN","ON SCENE","NO INJURY / DRIVE AWAY","Y",,"Y","OVER $1,500","2026-03-13T07:28:00.000","UNABLE TO DETERMINE","UNABLE TO DETERMINE","1217","W","81ST ST","613",,,,,,,"2","NO INDICATION OF INJURY","0","0","0","0","0","1","0","6","6","3","41.7467367874","-87.6543689021","POINT (-87.654368902104 41.746736787434)"
"006ab825ab5c8727f7335d9bd2b2d6b92c7891542a555cb3caa23bb04fc275d7941c29c22a19f6210391db5a9d9ee214c1a5a4dbd1382440f5fceb6023cc41df",,"2026-03-13T06:45:00.000","30","NO CONTROLS","NO CONTROLS","CLEAR","DAWN","ANGLE","DIVIDED - W/MEDIAN (NOT RAISED)",,"STRAIGHT AND LEVEL","DRY","NO DEFECTS","NOT ON SCENE (DESK REPORT)","INJURY AND / OR TOW DUE TO CRASH",,,,"OVER $1,500","2026-03-13T07:40:00.000","UNABLE TO DETERMINE","NOT APPLICABLE","2331","W","43RD ST","924",,,,,,,"2","NO INDICATION OF INJURY","0","0","0","0","0","2","0","6","6","3","41.8155981766","-87.6835520462","POINT (-87.683552046188 41.815598176637)"
"c7088c5926139d07d3ec24ba3dc33b685a7772915e4bcf1e165c6f6289b4e40c3216a0e9ef3d065c614cf145cceae50efd73ff0f545061a824ebeccdc9aec485",,"2026-03-13T06:40:00.000","30","UNKNOWN","UNKNOWN","CLEAR","UNKNOWN","SIDESWIPE SAME DIRECTION","NOT DIVIDED",,"STRAIGHT AND LEVEL","UNKNOWN","UNKNOWN","NOT ON SCENE (DESK REPORT)","NO INJURY / DRIVE AWAY",,,,"OVER $1,500","2026-03-13T07:30:00.000","UNABLE TO DETERMINE","UNABLE TO DETERMINE","5500","S","LAKE SHORE DR NB","235",,,,,,,"2","NO INDICATION OF INJURY","0","0","0","0","0","2","0","6","6","3","41.7951885625","-87.5793730012","POINT (-87.579373001156 41.795188562546)"
"aec7e3147969bed8eedd74b8f7d7c7e9c26d250ffb8b68ef91f103a9f6b8ee2b3523ee71fba73f34137c5499f8a1a4206365ffb6ad977b3bb4be91a4e5fe1ca5",,"2026-03-13T06:36:00.000","15","NO CONTROLS","NO CONTROLS","CLOUDY/OVERCAST","DARKNESS, LIGHTED ROAD","PARKED MOTOR VEHICLE","PARKING LOT",,"STRAIGHT AND LEVEL","DRY","NO DEFECTS","ON SCENE","NO INJURY / DRIVE AWAY",,"Y",,"$501 - $1,500","2026-03-13T06:36:00.000","IMPROPER BACKING","NOT APPLICABLE","2404","S","WOLCOTT AVE","1034",,,,,,,"2","NO INDICATION OF INJURY","0","0","0","0","0","1","0","6","6","3","41.8483246554","-87.6734341567","POINT (-87.673434156694 41.848324655385)"
"1871e8c2c85f2f3515e1c46f905fd47d5af6a16ce6f4b180af497b91e82cf0d9604c70f8bacfa653819a2112fc35a00a584326e9997a0e99219f8b53fa49aaf8",,"2026-03-13T06:30:00.000","30","TRAFFIC SIGNAL","FUNCTIONING PROPERLY","CLEAR","DARKNESS, LIGHTED ROAD","REAR END","NOT DIVIDED",,"STRAIGHT AND LEVEL","DRY","NO DEFECTS","NOT ON SCENE (DESK REPORT)","INJURY AND / OR TOW DUE TO CRASH",,,,"OVER $1,500","2026-03-13T10:00:00.000","FAILING TO REDUCE SPEED TO AVOID CRASH","NOT APPLICABLE","6001","W","GRAND AVE","2512",,,,,,,"2","REPORTED, NOT EVIDENT","1","0","0","0","1","1","0","6","6","3","41.9204634252","-87.775700337","POINT (-87.775700336985 41.920463425193)"
"abe3f410a3822f7f8c63becf80299b24110ba2a3c9c1f2bb5433fd88be0ba3124dd32bbaf3ff656b9f4695c5b6fd1b6fa2967e368405e427e672aaf34802006a",,"2026-03-13T06:20:00.000","30","TRAFFIC SIGNAL","FUNCTIONING PROPERLY","CLEAR","DAYLIGHT","TURNING","NOT DIVIDED",,"STRAIGHT AND LEVEL","DRY","NO DEFECTS","ON SCENE","INJURY AND / OR TOW DUE TO CRASH",,,,"$501 - $1,500","2026-03-13T07:33:00.000","FAILING TO YIELD RIGHT-OF-WAY","NOT APPLICABLE","500","W","ROOSEVELT RD","124",,,,,,,"2","NONINCAPACITATING INJURY","1","0","0","1","0","1","0","6","6","3","41.8673626926","-87.6392931946","POINT (-87.639293194642 41.867362692617)"
"1c6e8c3e01ba6a0a3074b69e4cdd049b08012c63b1c0b171a3ecc0697793475c2bcc88f38664687f6c00dd67b943c2568bb03ffe3d891b528d584ef7fd334a2e",,"2026-03-13T06:08:00.000","30","NO CONTROLS","NO CONTROLS","CLEAR","DARKNESS","FIXED OBJECT","OTHER",,"STRAIGHT AND LEVEL","DRY","NO DEFECTS","ON SCENE","NO INJURY / DRIVE AWAY",,,,"OVER $1,500","2026-03-13T06:10:00.000","NOT APPLICABLE","NOT APPLICABLE","1000","S","MICHIGAN AVE","123",,,,,,,"1",,,,,,,,,"6","6","3","41.8698775917","-87.6242686987","POINT (-87.624268698672 41.86987759175)"
"ea2dc9fbb785ca4673297355d316f0cd322c5c6d2250e578ab6befc8fe55832d1f2c04ffa7bc86f26d62044144c5ebab117c3af0a23b708607bdf6244c79a8f9",,"2026-03-13T06:00:00.000","30","NO CONTROLS","NO CONTROLS","CLEAR","DAYLIGHT","PARKED MOTOR VEHICLE","NOT DIVIDED",,"STRAIGHT AND LEVEL","UNKNOWN","NO DEFECTS","NOT ON SCENE (DESK REPORT)","NO INJURY / DRIVE AWAY",,,,"OVER $1,500","2026-03-13T13:15:00.000","UNABLE TO DETERMINE","NOT APPLICABLE","1757","W","58TH ST","715",,,,,,,"2","NO INDICATION OF INJURY","0","0","0","0","0","1","0","6","6","3","41.7884031653","-87.6691475001","POINT (-87.669147500077 41.788403165286)"
"8779f68de91d08aa1218fca86569294307bd9ba7a981ff9e8005f9a757bea0c90c463d348b0076b98e2e1b7eddc7d62b6fe4c5ec73e8529575352209dc3fe166",,"2026-03-13T05:56:00.000","30","NO CONTROLS","NO CONTROLS","CLEAR","DARKNESS, LIGHTED ROAD","SIDESWIPE SAME DIRECTION","DIVIDED - W/MEDIAN BARRIER",,"STRAIGHT AND LEVEL","DRY","NO DEFECTS","NOT ON SCENE (DESK REPORT)","NO INJURY / DRIVE AWAY",,,,"OVER $1,500","2026-03-13T06:30:00.000","NOT APPLICABLE","NOT APPLICABLE","3700","N","LAKE SHORE DR","1925",,,,,,,"2","NO INDICATION OF INJURY","0","0","0","0","0","2","0","5","6","3","41.95049927","-87.6447490514","POINT (-87.644749051362 41.950499269971)"
"26ce2d4616fc7e7c1da7386da8aae18352aaa8070c42e229e85c4732d21f64837e3fc389214e98d559dc95a8956839669c292f262c888a6439060f70f6c9855a",,"2026-03-13T05:32:00.000","30","TRAFFIC SIGNAL","FUNCTIONING PROPERLY","CLEAR","DARKNESS, LIGHTED ROAD","TURNING","FOUR WAY",,"STRAIGHT AND LEVEL","WET","UNKNOWN","ON SCENE","INJURY AND / OR TOW DUE TO CRASH",,,,"OVER $1,500","2026-03-13T05:32:00.000","UNABLE TO DETERMINE","UNABLE TO DETERMINE","6398","W","GRAND AVE","2512",,,,,,,"2","NONINCAPACITATING INJURY","2","0","0","2","0","1","0","5","6","3","41.9227129906","-87.7852934021","POINT (-87.785293402103 41.922712990578)"
"8556d4bd13badc5e1c1970c0b720fcd1b39834fe40f75d3c44959fe840cc9f56d5195e93b90c0d3cbb189b27bc7f6a7627da9bd876288ad9b4979865cac6e282",,"2026-03-13T05:30:00.000","30","NO CONTROLS","NO CONTROLS","CLEAR","DARKNESS, LIGHTED ROAD","SIDESWIPE SAME DIRECTION","NOT DIVIDED",,"STRAIGHT AND LEVEL","DRY","UNKNOWN","NOT ON SCENE (DESK REPORT)","NO INJURY / DRIVE AWAY",,,,"OVER $1,500","2026-03-13T15:19:00.000","NOT APPLICABLE","NOT APPLICABLE","4501","S","WESTERN BLVD","924",,,,,,,"2","NO INDICATION OF INJURY","0","0","0","0","0","4","0","5","6","3","41.8120425739","-87.6838161053","POINT (-87.683816105325 41.812042573925)"
"c493f0da6d2028604f7ecb5f5a2fcd664062ed2c2ac6e9213dd596dbf629e9f410320d1f60be497e4d33651bf0c265f2ae2814f382c3e1219cee0da6816d334f","Y","2026-03-13T05:15:00.000","30","NO CONTROLS","NO CONTROLS","CLEAR","DAWN","TURNING","ROUNDABOUT",,"STRAIGHT AND LEVEL","DRY","UNKNOWN","NOT ON SCENE (DESK REPORT)","INJURY AND / OR TOW DUE TO CRASH",,,,"$501 - $1,500","2026-03-13T05:15:00.000","UNABLE TO DETERMINE","FAILING TO REDUCE SPEED TO AVOID CRASH","13000","S","INDIANA AVE","533",,,,,,,"2","NO INDICATION OF INJURY","0","0","0","0","0","2","0","5","6","3","41.6590092158","-87.6174479065","POINT (-87.617447906473 41.659009215787)"
"ba5be759ec208ff7d4b0b0fad0a538b257ab01197517c99a3e9a7d139cca5bda954c0cab45c687257ec8303b53a55368490454481233d0da3cdf2f2c52b91a3b",,"2026-03-13T05:00:00.000","30","NO CONTROLS","NO CONTROLS","CLEAR","DARKNESS, LIGHTED ROAD","PARKED MOTOR VEHICLE","NOT DIVIDED",,"STRAIGHT AND LEVEL","DRY","UNKNOWN","NOT ON SCENE (DESK REPORT)","NO INJURY / DRIVE AWAY",,,"Y","OVER $1,500","2026-03-13T08:25:00.000","FAILING TO REDUCE SPEED TO AVOID CRASH","UNABLE TO DETERMINE","1801","W","CERMAK RD","1034",,,,,,,"2","NO INDICATION OF INJURY","0","0","0","0","0","1","0","5","6","3","41.8521364295","-87.671057749","POINT (-87.671057748976 41.852136429549)"
"214e1630e0d571f95b855aa53927116753cde5c1d726e65dbf76591334c191aa5ab3969da6504cf1630e501b1ef2145eff997581715a63278438704aec38299a",,"2026-03-13T04:49:00.000","30","NO CONTROLS","NO CONTROLS","CLEAR","DARKNESS, LIGHTED ROAD","TURNING","DIVIDED - W/MEDIAN (NOT RAISED)",,"STRAIGHT AND LEVEL","WET","UNKNOWN","ON SCENE","INJURY AND / OR TOW DUE TO CRASH",,,"Y","OVER $1,500","2026-03-13T04:49:00.000","IMPROPER TURNING/NO SIGNAL","NOT APPLICABLE","3238","N","KIMBALL AVE","1732",,,,,,,"2","NO INDICATION OF INJURY","0","0","0","0","0","4","0","4","6","3","41.9404192612","-87.712685897","POINT (-87.712685897045 41.94041926121)"
"a80220c7ba2efc8d4ade536bc0df564a95c7d386b961583a6d8111cbdaa69f6b73e8b23dce4fba8c1bf06535da7542804ab39dab66b891dc4418eb19f086e882",,"2026-03-13T04:45:00.000","30","TRAFFIC SIGNAL","NOT FUNCTIONING","CLEAR","DARKNESS","ANGLE","FOUR WAY",,"STRAIGHT AND LEVEL","DRY","NO DEFECTS","ON SCENE","INJURY AND / OR TOW DUE TO CRASH","Y",,,"OVER $1,500","2026-03-13T05:53:00.000","ROAD CONSTRUCTION/MAINTENANCE","FAILING TO YIELD RIGHT-OF-WAY","4400","W","ROOSEVELT RD","1131",,,,,,,"3","NO INDICATION OF INJURY","0","0","0","0","0","4","0","4","6","3","41.8661408676","-87.7350895601","POINT (-87.735089560082 41.866140867642)"
"53abd2c96ca3309121c73b6b29c598189ddfd740b559fa3dda60462aee0373ce456c20d845d9847210118ca7d7806097147eda6701e90302d9c28eae5906520b",,"2026-03-13T04:30:00.000","35","NO CONTROLS","NO CONTROLS","CLEAR","DARKNESS, LIGHTED ROAD","SIDESWIPE SAME DIRECTION","NOT DIVIDED",,"STRAIGHT AND LEVEL","WET","NO DEFECTS","NOT ON SCENE (DESK REPORT)","NO INJURY / DRIVE AWAY",,,"Y","OVER $1,500","2026-03-13T05:50:00.000","IMPROPER OVERTAKING/PASSING","IMPROPER LANE USAGE","4704","S","CICERO AVE","814",,,,,,,"2","NO INDICATION OF INJURY","0","0","0","0","0","2","0","4","6","3","41.8074171974","-87.7432946955","POINT (-87.743294695532 41.807417197386)"
"42b699973e31a6bdc5908c3d40951907a0c735a342b8a3991c8410e68715ddb3d3fb5fdfb35f32e6bb2e321b40907d12497eb59d4ed6fda7cbb92f81faa7321f",,"2026-03-13T04:05:00.000","30","NO CONTROLS","NO CONTROLS","CLEAR","DARKNESS, LIGHTED ROAD","PARKED MOTOR VEHICLE","DIVIDED - W/MEDIAN (NOT RAISED)",,"STRAIGHT AND LEVEL","DRY","NO DEFECTS","ON SCENE","INJURY AND / OR TOW DUE TO CRASH",,,,"OVER $1,500","2026-03-13T04:09:00.000","IMPROPER LANE USAGE","FAILING TO REDUCE SPEED TO AVOID CRASH","3735","N","BROADWAY","1925",,,,,,,"2","NONINCAPACITATING INJURY","1","0","0","1","0","0","0","4","6","3","41.9502062932","-87.6488420523","POINT (-87.648842052349 41.950206293184)"
"8d5f8e76edc3fb97a5fe2c440387426ca959a26d731601d2e2080c37a41c7bf426b49b764546a18ac34302f6f4dacc1938974d8d6f7d1357e18ab004de386819",,"2026-03-13T02:45:00.000","30","NO CONTROLS","NO CONTROLS","UNKNOWN","DARKNESS, LIGHTED ROAD","TURNING","DIVIDED - W/MEDIAN (NOT RAISED)",,"STRAIGHT AND LEVEL","UNKNOWN","UNKNOWN","NOT ON SCENE (DESK REPORT)","NO INJURY / DRIVE AWAY",,,,"OVER $1,500","2026-03-14T15:50:00.000","FAILING TO YIELD RIGHT-OF-WAY","IMPROPER TURNING/NO SIGNAL","1503","N","HALSTED ST","1822",,,,,,,"2","NO INDICATION OF INJURY","0","0","0","0","0","2","0","2","6","3","41.9087055764","-87.648068015","POINT (-87.648068015035 41.908705576415)"
"6f129aa537d1b7171fc6b02f16b46ba7ae8a8f30295764e63f2e2461e8cec5cce7597de4c9abe93dcc1f61ae034df222bd8a433ddf165067d98ada2303823c2c",,"2026-03-13T02:09:00.000","25","STOP SIGN/FLASHER","FUNCTIONING PROPERLY","RAIN","DARKNESS, LIGHTED ROAD","REAR END","NOT DIVIDED",,"STRAIGHT AND LEVEL","WET","NO DEFECTS","ON SCENE","INJURY AND / OR TOW DUE TO CRASH",,,,"OVER $1,500","2026-03-13T02:15:00.000","FAILING TO REDUCE SPEED TO AVOID CRASH","UNABLE TO DETERMINE","2330","N","ASHLAND AVE","1811",,,,,,,"2","REPORTED, NOT EVIDENT","1","0","0","0","1","2","0","2","6","3","41.9242358719","-87.6682568058","POINT (-87.668256805839 41.924235871859)"
"ddfe0a830bc6234eeb18ab3dda63f65097c7e5e63fd8644591b9bea44e8325ad5247b5d22bf84185c8fd6e77ca33842f124672eb2537d817b5221822834b15bb",,"2026-03-13T01:00:00.000","30","NO CONTROLS","NO CONTROLS","UNKNOWN","UNKNOWN","PARKED MOTOR VEHICLE","NOT DIVIDED",,"STRAIGHT AND LEVEL","UNKNOWN","UNKNOWN","NOT ON SCENE (DESK REPORT)","NO INJURY / DRIVE AWAY",,,"Y","OVER $1,500","2026-03-13T14:20:00.000","UNABLE TO DETERMINE","UNABLE TO DETERMINE","6556","N","WESTERN AVE","2412",,,,,,,"2","NO INDICATION OF INJURY","0","0","0","0","0","1","0","1","6","3","42.0012180925","-87.6901207498","POINT (-87.690120749793 42.00121809254)"
"c238c70d36c935dbf3a11c16c998f2729d22fb83d65e3e6d290155f63cae55a85350f22225827bf0334fceeda072e351986d088602fdfb3edfc384a70f12f140",,"2026-03-13T00:27:00.000","35","TRAFFIC SIGNAL","FUNCTIONING PROPERLY","CLEAR","DARKNESS, LIGHTED ROAD","ANGLE","FOUR WAY",,"STRAIGHT AND LEVEL","DRY","NO DEFECTS","ON SCENE","INJURY AND / OR TOW DUE TO CRASH","Y",,,"OVER $1,500","2026-03-13T00:38:00.000","DISREGARDING TRAFFIC SIGNALS","NOT APPLICABLE","550","E","GRAND AVE","1834",,,,,,,"2","NO INDICATION OF INJURY","0","0","0","0","0","2","0","0","6","3","41.8920636011","-87.6125337239","POINT (-87.612533723924 41.892063601122)"
"7e4e90acb804eddedfa8aee4ff5313916e05cd6dab04a2a103df57c1a8b8e500f40e1b523e0a96f6e6ab9353b11904634b0835de6b497ef2e30659e077df9ad9",,"2026-03-13T00:13:00.000","30","NO CONTROLS","NO CONTROLS","CLEAR","DARKNESS, LIGHTED ROAD","SIDESWIPE SAME DIRECTION","NOT DIVIDED",,"STRAIGHT AND LEVEL","DRY","NO DEFECTS","ON SCENE","NO INJURY / DRIVE AWAY",,,"Y","OVER $1,500","2026-03-13T00:13:00.000","IMPROPER OVERTAKING/PASSING","NOT APPLICABLE","4057","S","WESTERN BLVD","924",,,,,,,"2","NO INDICATION OF INJURY","0","0","0","0","0","2","0","0","6","3","41.8194305695","-87.6840168156","POINT (-87.684016815592 41.819430569545)"
"c1a8d7fc3fdeb4ef11ac8048ace93f69531e5d2f73d0d516e0960e5f82b1795537bfe1e2bb55ddbcbf5f659cdbbaf1eca8b0536a232667786ba29491b8638162",,"2026-03-13T00:12:00.000","30","NO CONTROLS","UNKNOWN","CLEAR","DARKNESS, LIGHTED ROAD","PARKED MOTOR VEHICLE","NOT DIVIDED",,"STRAIGHT AND LEVEL","DRY","UNKNOWN","ON SCENE","INJURY AND / OR TOW DUE TO CRASH",,,"Y","OVER $1,500","2026-03-13T00:12:00.000","UNABLE TO DETERMINE","NOT APPLICABLE","2806","W","WARREN BLVD","1222",,,,,,,"2","NO INDICATION OF INJURY","0","0","0","0","0","1","0","0","6","3","41.8820999811","-87.6966555477","POINT (-87.696655547672 41.88209998111)"
"e823109b0e13b6bf440c29a11587015c7cdf6736f983e1edf0ac3caf95f23753eac372fee816d6985d444c0b51ea6131af94d4a1d2e5f01e262633f9b68aacfc","Y","2026-03-13T00:01:00.000","15","NO CONTROLS","NO CONTROLS","CLEAR","DARKNESS","PARKED MOTOR VEHICLE","ALLEY",,"STRAIGHT AND LEVEL","DRY","NO DEFECTS","NOT ON SCENE (DESK REPORT)","NO INJURY / DRIVE AWAY",,,"Y","OVER $1,500","2026-03-13T18:42:00.000","UNABLE TO DETERMINE","UNABLE TO DETERMINE","7750","S","EMERALD AVE","621",,,,,,,"2","NO INDICATION OF INJURY","0","0","0","0","0","1","0","0","6","3","41.7527829332","-87.643024064","POINT (-87.643024063993 41.75278293318)"
"5c406db4e2ee8a51b2e340558e14d4bd830977cce621eb884a8346ef40091b45d45c650715c532656ee9615c8cbf810bc0bd7e3dfab32e75e406e97e8f4783a0",,"2026-03-13T00:00:00.000","30","NO CONTROLS","NO CONTROLS","CLEAR","DARKNESS, LIGHTED ROAD","PARKED MOTOR VEHICLE","PARKING LOT",,"STRAIGHT AND LEVEL","DRY","NO DEFECTS","NOT ON SCENE (DESK REPORT)","NO INJURY / DRIVE AWAY",,,"Y","OVER $1,500","2026-03-13T08:30:00.000","UNABLE TO DETERMINE","NOT APPLICABLE","21","W","OHIO ST","1831",,,,,,,"2","NO INDICATION OF INJURY","0","0","0","0","0","1","0","0","6","3","41.8923471397","-87.6290074091","POINT (-87.629007409126 41.892347139749)"
"6cccc7053268e804b1d710c7fb3818504185d49c0a7a5e7b9ee2417fe2ad1395ab5fbdd4caeb89f7286b58523e03348f711b811da8b15a667c355c18a0f964a7","Y","2026-03-13T00:00:00.000","30","NO CONTROLS","NO CONTROLS","UNKNOWN","UNKNOWN","PARKED MOTOR VEHICLE","NOT DIVIDED",,"STRAIGHT AND LEVEL","UNKNOWN","NO DEFECTS","ON SCENE","NO INJURY / DRIVE AWAY",,,"Y","OVER $1,500","2026-03-15T14:00:00.000","UNABLE TO DETERMINE","NOT APPLICABLE","1024","N","MILWAUKEE AVE","1213",,,,,,,"2","NO INDICATION OF INJURY","0","0","0","0","0","1","0","0","6","3","41.900423017","-87.6621252722","POINT (-87.662125272239 41.900423016959)"
"20a25bd027dff01272e647fd948c1261cf46b568f2ea0ad148d1b6cef338ab34058c35e360b4c5e618ccccc5fc7b99ab5244a6b8b812232f20b5caaafb32d7ee",,"2026-03-12T23:50:00.000","30","STOP SIGN/FLASHER","FUNCTIONING PROPERLY","CLEAR","DARKNESS, LIGHTED ROAD","ANGLE","FOUR WAY",,"STRAIGHT AND LEVEL","DRY","NO DEFECTS","ON SCENE","INJURY AND / OR TOW DUE TO CRASH","Y",,,"OVER $1,500","2026-03-12T23:51:00.000","DISREGARDING STOP SIGN","NOT APPLICABLE","2901","W","TOUHY AVE","2411",,,,,,,"2","NO INDICATION OF INJURY","0","0","0","0","0","3","0","23","5","3","42.0119070003","-87.7020972082","POINT (-87.702097208248 42.011907000343)"