"crash_record_id","crash_date_est_i","crash_date","posted_speed_limit","traffic_control_device","device_condition","weather_condition","lighting_condition","first_crash_type","trafficway_type","lane_cnt","alignment","roadway_surface_cond","road_defect","report_type","crash_type","intersection_related_i","private_property_i","hit_and_run_i","damage","date_police_notified","prim_contributory_cause","sec_contributory_cause","street_no","street_direction","street_name","beat_of_occurrence","photos_taken_i","statements_taken_i","dooring_i","work_zone_i","work_zone_type","workers_present_i","num_units","most_severe_injury","injuries_total","injuries_fatal","injuries_incapacitating","injuries_non_incapacitating","injuries_reported_not_evident","injuries_no_indication","injuries_unknown","crash_hour","crash_day_of_week","crash_month","latitude","longitude","location"
"98f11d54361c6fa05feee0767b9513159455f16428891894a0d81ae7ff0ed597f3667300dd178f1c2e355b10cf6b2d6e8341b5053fa96e22c6b3dfe615899090",,"2026-03-12T23:45:00.000","30","NO CONTROLS","NO CONTROLS","CLEAR","DARKNESS","PARKED MOTOR VEHICLE","NOT DIVIDED",,"STRAIGHT AND LEVEL","DRY","NO DEFECTS","NOT ON SCENE (DESK REPORT)","NO INJURY / DRIVE AWAY",,,"Y","OVER $1,500","2026-03-13T00:18:00.000","UNABLE TO DETERMINE","NOT APPLICABLE","3339","W","GLADYS AVE","1134",,,,,,,"2","NO INDICATION OF INJURY","0","0","0","0","0","1","0","23","5","3","41.8760930538","-87.7099524349","POINT (-87.709952434904 41.876093053846)"
"75cd989b335d3ff4abd1890103d9cb1c633db2f0f6234601e56269c60f622d91f6fee9be81c21134bcd07a0576e884f3fa2c6d139317e4399c4a94b0a5241523",,"2026-03-12T23:36:00.000","30","NO CONTROLS","NO CONTROLS","CLEAR","DARKNESS, LIGHTED ROAD","ANGLE","NOT DIVIDED",,"STRAIGHT AND LEVEL","UNKNOWN","UNKNOWN","ON SCENE","NO INJURY / DRIVE AWAY",,,"Y","OVER $1,500","2026-03-13T00:29:00.000","FAILING TO YIELD RIGHT-OF-WAY","NOT APPLICABLE","5453","S","KEDZIE AVE","923",,,,,,,"2","NO INDICATION OF INJURY","0","0","0","0","0","2","0","23","5","3","41.7937679565","-87.7034163063","POINT (-87.703416306306 41.793767956524)"
"2f32b7f446ad5d03a7c88bbb5df9295e902c82c13fedddacea84d6ffd81e1042275eaaeab548f680185d9d6e770c301fe08351c2704eb85acad2b2d172c6523d",,"2026-03-12T23:26:00.000","30","NO CONTROLS","NO CONTROLS","CLEAR","DARKNESS","OTHER OBJECT","OTHER",,"STRAIGHT AND LEVEL","DRY","NO DEFECTS","ON SCENE","NO INJURY / DRIVE AWAY",,"Y",,"OVER $1,500","2026-03-12T23:30:00.000","NOT APPLICABLE","NOT APPLICABLE","3700","S","IRON ST","912",,,,,,,"1","NO INDICATION OF INJURY","0","0","0","0","0","1","0","23","5","3","41.8268809129","-87.6594745618","POINT (-87.659474561758 41.826880912871)"
"da0f0753dea9aa383c3ba1993e988c4ebd0a8f002713425cca5e70ba4bcc63ee4f5111c74c83148b210d1e3632f01f0642b17c1abe7cee8fa329ce8da3e11f8d",,"2026-03-12T23:17:00.000","30","TRAFFIC SIGNAL","FUNCTIONING PROPERLY","CLEAR","DARKNESS, LIGHTED ROAD","TURNING","DIVIDED - W/MEDIAN BARRIER",,"STRAIGHT AND LEVEL","DRY","NO DEFECTS",,"INJURY AND / OR TOW DUE TO CRASH","Y",,,"OVER $1,500","2026-03-12T23:17:00.000","DISREGARDING TRAFFIC SIGNALS","IMPROPER TURNING/NO SIGNAL","6600","S","STONY ISLAND AVE","321",,"Y",,,,,"2","NONINCAPACITATING INJURY","1","0","0","1","0","3","0","23","5","3","41.7751408577","-87.5864419717","POINT (-87.586441971694 41.775140857742)"
"e35893f3071c4641985ed8d20a5dca08d7fc1ab262496b8f8d4b445bd5a1f2ab8ad3e1c979086e86b554d9a7510b006652c909c90b72d6ff536f22db05033ada",,"2026-03-12T23:15:00.000","30","NO CONTROLS","NO CONTROLS","CLEAR","DARKNESS, LIGHTED ROAD","PARKED MOTOR VEHICLE","NOT DIVIDED",,"STRAIGHT ON GRADE","DRY","NO DEFECTS","NOT ON SCENE (DESK REPORT)","INJURY AND / OR TOW DUE TO CRASH",,,"Y","$501 - $1,500","2026-03-12T23:50:00.000","UNABLE TO DETERMINE","UNABLE TO DETERMINE","2429","W","44TH ST","922",,,,,,,"3","NO INDICATION OF INJURY","0","0","0","0","0","1","0","23","5","3","41.8137558496","-87.685785285","POINT (-87.685785284953 41.813755849556)"
"3114ec88837c2bd5548c4990f5b4d259bddde802acdbf9fcd3536fb805f2cb472de4c0ba28b896e12607f21b0fda2963d0ee12f4e81e76d9f8de29f2821ad98b",,"2026-03-12T22:55:00.000","50","NO CONTROLS","NO CONTROLS","CLEAR","DARKNESS, LIGHTED ROAD","REAR END","DIVIDED - W/MEDIAN BARRIER",,"STRAIGHT AND LEVEL","DRY","NO DEFECTS","ON SCENE","NO INJURY / DRIVE AWAY",,,"Y","OVER $1,500","2026-03-12T22:58:00.000","FOLLOWING TOO CLOSELY","UNABLE TO DETERMINE","5601","N","MANNHEIM RD","1654",,,,,,,"2","NO INDICATION OF INJURY","0","0","0","0","0","2","0","22","5","3","41.9808994299","-87.8786403244","POINT (-87.878640324414 41.980899429949)"
"435f8f75618d3d2252e3223269ffdf9534c5722625069ee4999711e5ba889c150b1796338b4eaa75a9ca44506f7c24ecb691e33f06d136b3ee9c37f2116285a7",,"2026-03-12T22:55:00.000","30","TRAFFIC SIGNAL","UNKNOWN","UNKNOWN","UNKNOWN","PEDESTRIAN","T-INTERSECTION",,"STRAIGHT AND LEVEL","UNKNOWN","UNKNOWN","NOT ON SCENE (DESK REPORT)","NO INJURY / DRIVE AWAY","Y",,,"OVER $1,500","2026-03-13T13:00:00.000","UNABLE TO DETERMINE","UNABLE TO DETERMINE","6056","N","BROADWAY","2433",,,,,,,"2","NO INDICATION OF INJURY","0","0","0","0","0","2","0","22","5","3","41.9925714521","-87.6604938972","POINT (-87.660493897213 41.992571452113)"
"c971e9e546025a2d296bf840ca10d200dcdbf5198adff31636a6b953629e34efd1e2264bca63b69ee614857ee5966b4750457c94040358cc603b9bb4c3aa3917",,"2026-03-12T22:50:00.000","30","NO CONTROLS","NO CONTROLS","CLEAR","DARKNESS, LIGHTED ROAD","SIDESWIPE SAME DIRECTION","DIVIDED - W/MEDIAN (NOT RAISED)",,"STRAIGHT AND LEVEL","DRY","WORN SURFACE","NOT ON SCENE (DESK REPORT)","NO INJURY / DRIVE AWAY",,,"Y","$501 - $1,500","2026-03-13T00:10:00.000","UNABLE TO DETERMINE","DRIVING SKILLS/KNOWLEDGE/EXPERIENCE","6131","N","SHERIDAN RD","2433",,,,,,,"2","NO INDICATION OF INJURY","0","0","0","0","0","2","0","22","5","3","41.9932691243","-87.6553393365","POINT (-87.655339336512 41.993269124294)"
"e35a796783aa62932a5c7b820de5b1965cf05c57a443526deee76faab773719b0095277f502604ec1e3ef5f79b9382db6b89d99bd49a4dcd367b3357754506cd",,"2026-03-12T22:38:00.000","30","NO CONTROLS","NO CONTROLS","CLEAR","DARKNESS, LIGHTED ROAD","PARKED MOTOR VEHICLE","ONE-WAY",,"STRAIGHT AND LEVEL","DRY","NO DEFECTS",,"INJURY AND / OR TOW DUE TO CRASH",,,"Y","OVER $1,500","2026-03-12T22:40:00.000","UNABLE TO DETERMINE","NOT APPLICABLE","4021","S","LAKE PARK AVE","214",,"Y",,,,,"3","NO INDICATION OF INJURY","0","0","0","0","0","1","0","22","5","3","41.821996997","-87.6018432196","POINT (-87.60184321962 41.821996997014)"
"96349fb7f96c29e3fb6de7a82e0be890a5fdf57b74c854cdb22f27c32745b6640a1497e43e7b9b244b4a2ddea5e75d07d144d8fccb5940a368471de009c47e9d",,"2026-03-12T22:31:00.000","30","NO CONTROLS","NO CONTROLS","CLEAR","DARKNESS","TURNING","DIVIDED - W/MEDIAN (NOT RAISED)",,"STRAIGHT AND LEVEL","UNKNOWN","UNKNOWN","ON SCENE","INJURY AND / OR TOW DUE TO CRASH",,,,"OVER $1,500","2026-03-12T22:59:00.000","PHYSICAL CONDITION OF DRIVER","FAILING TO YIELD RIGHT-OF-WAY","4731","W","FULLERTON AVE","2522",,,,,,,"2","NONINCAPACITATING INJURY","1","0","0","1","0","1","0","22","5","3","41.9241451289","-87.7451361734","POINT (-87.7451361734 41.924145128914)"
"217855e9d7bd5f38760241320eff3b032ecd9b7e025f407541f1f63f5850c1df73bc355da7c7fb734142ce01f2931c57f40c78596fa71534457affc1c636d3ed",,"2026-03-12T22:30:00.000","30","NO CONTROLS","NO CONTROLS","UNKNOWN","UNKNOWN","HEAD ON","NOT DIVIDED",,"STRAIGHT AND LEVEL","UNKNOWN","UNKNOWN","NOT ON SCENE (DESK REPORT)","INJURY AND / OR TOW DUE TO CRASH",,,,"OVER $1,500","2026-03-12T22:45:00.000","FOLLOWING TOO CLOSELY","NOT APPLICABLE","608","E","111TH ST","513",,,,,,,"2","NO INDICATION OF INJURY","0","0","0","0","0","2","0","22","5","3","41.6928919217","-87.6088158028","POINT (-87.608815802795 41.692891921681)"
"b0d9e9ca9b80e96794d0f3cde708dd1a7dbe5dbf6c28c3f688403f79b5e8980cf2a716ecf856ea24aaa9329a968985430b7ac1b13cb7dc4fbaf79ce0d205250f",,"2026-03-12T22:30:00.000","25","NO CONTROLS","NO CONTROLS","RAIN","DARKNESS","REAR END","NOT DIVIDED",,"STRAIGHT AND LEVEL","WET","UNKNOWN",,"NO INJURY / DRIVE AWAY",,,"Y","OVER $1,500","2026-03-13T20:24:00.000","UNABLE TO DETERMINE","UNABLE TO DETERMINE","9100","S","INDIANA AVE","634",,,,,,,"2","NO INDICATION OF INJURY","0","0","0","0","0","2","0","22","5","3","41.7290256381","-87.6193204812","POINT (-87.619320481205 41.729025638073)"
"eebac1ebba94106f5ca785673d01a2b75ee0addf7dc3fc07bb4aae52759098e3b41f00cafd89ca87b4cb976a97760b742ed68c62b02eee0e4153bb2278ab87f8",,"2026-03-12T22:30:00.000","30","TRAFFIC SIGNAL","UNKNOWN","RAIN","DARKNESS","SIDESWIPE SAME DIRECTION","NOT DIVIDED",,"STRAIGHT AND LEVEL","WET","UNKNOWN","NOT ON SCENE (DESK REPORT)","NO INJURY / DRIVE AWAY",,,,"OVER $1,500","2026-03-13T15:05:00.000","IMPROPER OVERTAKING/PASSING","IMPROPER OVERTAKING/PASSING","9601","S","STONY ISLAND AVE","431",,,,,,,"2","NO INDICATION OF INJURY","0","0","0","0","0","2","0","22","5","3","41.7201754526","-87.5847994179","POINT (-87.584799417864 41.720175452587)"
"8f979fb0f6360333340650bc36eb6b1afe9cf83a3f0d94887f1c816f94745d250cd787bd208130792d6fc3792df5a7e5f89f08c202d0ed8025fd8b27bd17bdb2",,"2026-03-12T22:27:00.000","30","NO CONTROLS","NO CONTROLS","CLEAR","DARKNESS","REAR END","DIVIDED - W/MEDIAN (NOT RAISED)",,"STRAIGHT AND LEVEL","DRY","NO DEFECTS","ON SCENE","NO INJURY / DRIVE AWAY",,,"Y","OVER $1,500","2026-03-13T00:10:00.000","FAILING TO REDUCE SPEED TO AVOID CRASH","FAILING TO REDUCE SPEED TO AVOID CRASH","2098","E","79TH ST","414",,,,,,,"3","NO INDICATION OF INJURY","0","0","0","0","0","3","0","22","5","3","41.7517466194","-87.5736067402","POINT (-87.573606740246 41.751746619421)"
"bbcf33482fa7cd07e3fdd394f180d1dfe118b3e58fe3e5858a00e60918fa338c0691ef25d1b33cccb1d3fb12c8d411ee17a334f0b43f8c1c18e8ca480b803aa3",,"2026-03-12T22:22:00.000","30","NO CONTROLS","NO CONTROLS","CLEAR","DARKNESS, LIGHTED ROAD","PARKED MOTOR VEHICLE","NOT DIVIDED",,"STRAIGHT AND LEVEL","DRY","NO DEFECTS","ON SCENE","NO INJURY / DRIVE AWAY",,,"Y","$500 OR LESS","2026-03-12T23:15:00.000","UNABLE TO DETERMINE","UNABLE TO DETERMINE","3207","W","LAWRENCE AVE","1713",,,,,,,"2","NO INDICATION OF INJURY","0","0","0","0","0","1","0","22","5","3","41.9683362745","-87.7087827248","POINT (-87.708782724833 41.968336274546)"
"8169a3f48fbcec2522ceb2269119e702ae461ff8364a7601df9ddcdc5c51f8b2bd65f2cbf1ad97c54f54fa4a5d22dec491fa18b8824e408cd70975caca80fe1a",,"2026-03-12T22:10:00.000","30","NO CONTROLS","NO CONTROLS","CLEAR","DARKNESS, LIGHTED ROAD","PARKED MOTOR VEHICLE","UNKNOWN",,"STRAIGHT AND LEVEL","DRY","UNKNOWN",,"NO INJURY / DRIVE AWAY",,,"Y","OVER $1,500","2026-03-12T22:15:00.000","UNABLE TO DETERMINE","NOT APPLICABLE","4728","N","KEDZIE AVE","1713",,,,,,,"2","NO INDICATION OF INJURY","0","0","0","0","0","1","0","22","5","3","41.9675088683","-87.7085927155","POINT (-87.708592715463 41.967508868284)"
"e39e6254fe67eb8823bfaec0f79d189bb6a3faa366476f3d2ed072176b46773a4fd7cf4baf7824c830cf0378b72c18b217e4983713cd746ad1d5efe12391f112","Y","2026-03-12T22:00:00.000","30","NO CONTROLS","NO CONTROLS","CLOUDY/OVERCAST","DARKNESS, LIGHTED ROAD","SIDESWIPE SAME DIRECTION","NOT DIVIDED",,"STRAIGHT AND LEVEL","DRY","NO DEFECTS","NOT ON SCENE (DESK REPORT)","NO INJURY / DRIVE AWAY",,,,"OVER $1,500","2026-03-12T23:10:00.000","IMPROPER LANE USAGE","IMPROPER OVERTAKING/PASSING","3929","N","WESTERN AVE","1921",,,,,,,"2","NO INDICATION OF INJURY","0","0","0","0","0","2","0","22","5","3","41.9530430064","-87.6882912089","POINT (-87.688291208883 41.953043006379)"
"d87b08ba37dc2e57133e2ee49f263970691fc6a69ed495cac71424020d772666c33270118771f6e690190794651dd86901195593d7d9f106d7037e2e53a3039b",,"2026-03-12T21:42:00.000","35","TRAFFIC SIGNAL","FUNCTIONING PROPERLY","CLEAR","DARKNESS, LIGHTED ROAD","REAR END","NOT DIVIDED",,"STRAIGHT AND LEVEL","DRY","NO DEFECTS","NOT ON SCENE (DESK REPORT)","INJURY AND / OR TOW DUE TO CRASH","Y",,"Y","OVER $1,500","2026-03-13T00:23:00.000","UNABLE TO DETERMINE","UNABLE TO DETERMINE","2000","W","DIVISION ST","1424",,,,,,,"2","NO INDICATION OF INJURY","0","0","0","0","0","2","0","21","5","3","41.9032987927","-87.6773832474","POINT (-87.677383247396 41.903298792682)"
"1a698dfb54bbe1ae73c8cacf8f11f22642b21375772f0175536eddefe789d0625c99cada61a3a3a356042e5f4590964dd10dd68a0baeb9f5f1be59a261193f62","Y","2026-03-12T21:30:00.000","30","NO CONTROLS","NO CONTROLS","UNKNOWN","DARKNESS, LIGHTED ROAD","PARKED MOTOR VEHICLE","DIVIDED - W/MEDIAN (NOT RAISED)",,"STRAIGHT AND LEVEL","UNKNOWN","UNKNOWN","ON SCENE","NO INJURY / DRIVE AWAY",,,"Y","$501 - $1,500","2026-03-12T23:29:00.000","UNABLE TO DETERMINE","NOT APPLICABLE","2300","S","STATE ST","131",,,,,,,"3","NO INDICATION OF INJURY","0","0","0","0","0","1","0","21","5","3","41.8509725795","-87.6271887168","POINT (-87.627188716763 41.850972579463)"
"3095af7fe75c532b3ca15f9f6fd682274ecc4d8301cdedd548a5918b372d746e66e39b1b401b1927b6374443fe0c12b111c0ed6829e9adb0b39d2e6f2e7250f5",,"2026-03-12T21:30:00.000","15","NO CONTROLS","NO CONTROLS","CLEAR","DARKNESS, LIGHTED ROAD","REAR TO SIDE","PARKING LOT",,"STRAIGHT AND LEVEL","DRY","UNKNOWN","ON SCENE","NO INJURY / DRIVE AWAY",,,,"$501 - $1,500","2026-03-12T21:37:00.000","IMPROPER BACKING","NOT APPLICABLE","10402","W","JOHNSON RD","1654",,,,,,,"2","NO INDICATION OF INJURY","0","0","0","0","0","2","0","21","5","3","41.9976559927","-87.8873292534","POINT (-87.887329253384 41.997655992676)"
"406664db76c691299026cf9e715e10e49299aa320f46edf43ae68bbe4375b109f028bd695487f21e352b4023093fa0281a776c4bbbdc4679b74a86abbff42951",,"2026-03-12T21:30:00.000","30","NO CONTROLS","NO CONTROLS","CLEAR","DARKNESS, LIGHTED ROAD","PARKED MOTOR VEHICLE","ONE-WAY",,"STRAIGHT AND LEVEL","DRY","NO DEFECTS","ON SCENE","NO INJURY / DRIVE AWAY",,,"Y","OVER $1,500","2026-03-12T21:40:00.000","IMPROPER OVERTAKING/PASSING","UNABLE TO DETERMINE","6545","S","ST LAWRENCE AVE","321",,,,,,,"2","NO INDICATION OF INJURY","0","0","0","0","0","2","0","21","5","3","41.7753622451","-87.6105405722","POINT (-87.610540572173 41.775362245116)"
"9fe174f81179b6a93f2a4e496c93f216fc6442c98831108666f4091688e996626a1a7878941eb27a0ed0118f0eae4594069fe5d95eeed94e967214a3b2fee070",,"2026-03-12T21:30:00.000","25","NO CONTROLS","NO CONTROLS","CLEAR","DARKNESS, LIGHTED ROAD","PARKED MOTOR VEHICLE","NOT DIVIDED",,"STRAIGHT AND LEVEL","DRY","NO DEFECTS","ON SCENE","NO INJURY / DRIVE AWAY",,,"Y","OVER $1,500","2026-03-12T21:48:00.000","IMPROPER LANE USAGE","FAILING TO REDUCE SPEED TO AVOID CRASH","1514","W","BRYN MAWR AVE","2013",,,,,,,"2","NO INDICATION OF INJURY","0","0","0","0","0","1","0","21","5","3","41.9836093964","-87.6681287394","POINT (-87.668128739428 41.983609396447)"
"ad4d2b8f47fe6135d79301578f9640f5fe17b2f2a4346c1d1847226e4146caa22cff8e3991ac07e4812588049914a69fdf6a16bb26eb7e8c6396746d3071ecf6",,"2026-03-12T21:20:00.000","30","TRAFFIC SIGNAL","UNKNOWN","UNKNOWN","UNKNOWN","SIDESWIPE SAME DIRECTION","NOT DIVIDED",,"STRAIGHT AND LEVEL","UNKNOWN","UNKNOWN","NOT ON SCENE (DESK REPORT)","NO INJURY / DRIVE AWAY",,,,"OVER $1,500","2026-03-12T22:20:00.000","DRIVING SKILLS/KNOWLEDGE/EXPERIENCE","UNABLE TO DETERMINE","4721","S","CICERO AVE","815",,,,,,,"2","NO INDICATION OF INJURY","0","0","0","0","0","2","0","21","5","3","41.8069691462","-87.7429877535","POINT (-87.742987753548 41.806969146184)"
"fbb2f87321197f1cfac3b816c919f4a822f43dd0ead1368fa2087d4c4bdf3d42e33c0579a8b59d207e213fc2227b4eba31834ff640718d8e75d6be4e04323d17",,"2026-03-12T21:18:00.000","30","TRAFFIC SIGNAL","NO CONTROLS","CLEAR","DARKNESS","TURNING","FOUR WAY",,"STRAIGHT AND LEVEL","DRY","NO DEFECTS","ON SCENE","INJURY AND / OR TOW DUE TO CRASH","Y",,,"OVER $1,500","2026-03-12T21:30:00.000","DISREGARDING TRAFFIC SIGNALS","UNDER THE INFLUENCE OF ALCOHOL/DRUGS (USE WHEN ARREST IS EFFECTED)","1000","N","HOMAN AVE","1121",,,,,,,"3","NONINCAPACITATING INJURY","2","0","0","2","0","4","0","21","5","3","41.8991774902","-87.7117041061","POINT (-87.711704106087 41.899177490211)"
"234ccbb15f4a148f8774a81b04bfb9056e4fde919d81208db9a287428cb996eff9d90bc278b3c86ea89507f8d40826640fd72c3138d1dc28092c61c284aad7f6",,"2026-03-12T21:00:00.000","30","NO CONTROLS","NO CONTROLS","CLEAR","DARKNESS, LIGHTED ROAD","HEAD ON","NOT DIVIDED",,"STRAIGHT AND LEVEL","DRY","NO DEFECTS","ON SCENE","INJURY AND / OR TOW DUE TO CRASH",,,,"OVER $1,500","2026-03-12T21:08:00.000","UNABLE TO DETERMINE","NOT APPLICABLE","4100","S","WESTERN AVE","921",,,,,,,"2","REPORTED, NOT EVIDENT","1","0","0","0","1","2","0","21","5","3","41.8191961003","-87.6848637765","POINT (-87.684863776512 41.819196100264)"
"27cd1f0bba19c0cf31a1c27a72fdf0463516e8bd39d7ce50f16163874fd0eca7a556a7d14fc7db8fd94c168f7f1327a44b2d70ba09046273d4a0e29b7dd09927",,"2026-03-12T20:55:00.000","30","TRAFFIC SIGNAL","FUNCTIONING PROPERLY","CLEAR","DARKNESS, LIGHTED ROAD","REAR END","DIVIDED - W/MEDIAN BARRIER",,"STRAIGHT AND LEVEL","DRY","NO DEFECTS","NOT ON SCENE (DESK REPORT)","INJURY AND / OR TOW DUE TO CRASH","Y",,,"OVER $1,500","2026-03-12T22:45:00.000","DISTRACTION - FROM INSIDE VEHICLE","NOT APPLICABLE","156","S","HAMLIN BLVD","1122",,,,,,,"2","NO INDICATION OF INJURY","0","0","0","0","0","2","0","20","5","3","41.8780840263","-87.7207969672","POINT (-87.72079696718 41.878084026341)"
"51b5bc5c9b9646906c4f38d054df2e1ece66e5708b5ce5415e4723720d79113ff6850f62ae6d22b705ba531ca6864da0c9c7b5a63844aef1e231ff37777b09ec",,"2026-03-12T20:45:00.000","30","STOP SIGN/FLASHER","UNKNOWN","CLEAR","DARKNESS, LIGHTED ROAD","TURNING","NOT DIVIDED",,"STRAIGHT AND LEVEL","DRY","NO DEFECTS","NOT ON SCENE (DESK REPORT)","NO INJURY / DRIVE AWAY",,,,"OVER $1,500","2026-03-12T21:00:00.000","UNABLE TO DETERMINE","UNABLE TO DETERMINE","558","S","LEAMINGTON AVE","1533",,,,,,,"2","NO INDICATION OF INJURY","0","0","0","0","0","3","0","20","5","3","41.87301483","-87.753429815","POINT (-87.75342981496 41.873014829988)"
"90b65f1015ed4db58b6500e94763063787001276e5152970a4d8aae277e247535ee874db841ca84d05efd7865f51446bb278f90a17ea8b736999a9a10e85c144","Y","2026-03-12T20:35:00.000","30","NO CONTROLS","FUNCTIONING PROPERLY","CLEAR","DARKNESS","TURNING","FOUR WAY",,"STRAIGHT AND LEVEL","DRY","NO DEFECTS","ON SCENE","NO INJURY / DRIVE AWAY","Y",,"N","$501 - $1,500","2026-03-12T20:40:00.000","IMPROPER TURNING/NO SIGNAL","FAILING TO REDUCE SPEED TO AVOID CRASH","300","S","PULASKI RD","1132",,,,,,,"2","NO INDICATION OF INJURY","0","0","0","0","0","2","0","20","5","3","41.8770392438","-87.7256913586","POINT (-87.725691358578 41.877039243763)"
"02a5d7b6e14dcfa96e1834e5585ddc93199aa8e3fbeca7f2ce2d7f6ea0ed6fec0f34f9cdeecbfc0f92c00a150e9ffb3a0d8469d992973542a76b6b7c4a2647b1",,"2026-03-12T20:30:00.000","25","TRAFFIC SIGNAL","UNKNOWN","CLEAR","DARKNESS, LIGHTED ROAD","SIDESWIPE SAME DIRECTION","DIVIDED - W/MEDIAN (NOT RAISED)",,"STRAIGHT AND LEVEL","DRY","UNKNOWN","NOT ON SCENE (DESK REPORT)","NO INJURY / DRIVE AWAY","Y",,"Y","$500 OR LESS","2026-03-12T20:50:00.000","IMPROPER OVERTAKING/PASSING","UNABLE TO DETERMINE","5600","N","CLARK ST","2012",,,,,,,"2","NO INDICATION OF INJURY","0","0","0","0","0","2","0","20","5","3","41.9835201434","-87.6689130232","POINT (-87.66891302317 41.983520143422)"
"cef9880ba7bd9a21726a75d58440e7a296f73b33c0ae58b2471c9580b6fa456b6fc7be0d58cef75417fbf224f7717e4f2be302551ef9134c9b9ce002192692da",,"2026-03-12T20:30:00.000","30","TRAFFIC SIGNAL","FUNCTIONING PROPERLY","CLEAR","DARKNESS, LIGHTED ROAD","PARKED MOTOR VEHICLE","NOT DIVIDED",,"STRAIGHT AND LEVEL","DRY","NO DEFECTS","NOT ON SCENE (DESK REPORT)","NO INJURY / DRIVE AWAY",,,"Y","OVER $1,500","2026-03-13T00:36:00.000","IMPROPER LANE USAGE","NOT APPLICABLE","3402","N","LARAMIE AVE","1634",,,,,,,"2","NO INDICATION OF INJURY","0","0","0","0","0","1","0","20","5","3","41.94245794","-87.7569564245","POINT (-87.7569564245 41.94245793998)"
"d6d362bfd9cb2719cebeeba902db2f8067674dc57be27bc007d36d3b8dfc8e2ea19e47d466376727726758a8f3695331b63cf48df6a647c63c5de4212a424eaa",,"2026-03-12T20:11:00.000","30","TRAFFIC SIGNAL","FUNCTIONING PROPERLY","CLEAR","DARKNESS, LIGHTED ROAD","TURNING","FOUR WAY",,"STRAIGHT AND LEVEL","DRY","NO DEFECTS","ON SCENE","INJURY AND / OR TOW DUE TO CRASH","Y",,,"OVER $1,500","2026-03-12T20:15:00.000","UNABLE TO DETERMINE","UNABLE TO DETERMINE","11100","S","CORLISS AVE","531",,,,,,,"2","NONINCAPACITATING INJURY","1","0","0","1","0","3","0","20","5","3","41.6928604772","-87.6007418752","POINT (-87.600741875224 41.692860477189)"
"5c8608d52eb458b58f6112333cee9d503b11d82a67fd8392ce5f239834fd131cff02c78524b0ed8d4fe721f55f9895306767b13140d6c32e4210071b07d44f21",,"2026-03-12T20:09:00.000","30","TRAFFIC SIGNAL","FUNCTIONING PROPERLY","CLEAR","DARKNESS","SIDESWIPE SAME DIRECTION","DIVIDED - W/MEDIAN BARRIER",,"STRAIGHT AND LEVEL","DRY","NO DEFECTS","NOT ON SCENE (DESK REPORT)","NO INJURY / DRIVE AWAY","Y",,,"OVER $1,500","2026-03-12T20:10:00.000","IMPROPER LANE USAGE","NOT APPLICABLE","430","N","CLARK ST","1831",,,,,,,"2","NO INDICATION OF INJURY","0","0","0","0","0","2","0","20","5","3","41.890058266","-87.6312298874","POINT (-87.631229887382 41.890058266028)"
"255df99de8605204b88926e553a923b63381565cfb93caadbf4a8238448883a0594cd7f7f1626d53f94fb627fe2ef7f8c068793a341139c7bbc8a9962e6415c1",,"2026-03-12T20:05:00.000","30","STOP SIGN/FLASHER","NO CONTROLS","CLEAR","DARKNESS","TURNING","NOT DIVIDED",,"STRAIGHT AND LEVEL","DRY","NO DEFECTS","ON SCENE","INJURY AND / OR TOW DUE TO CRASH","Y",,,"$501 - $1,500","2026-03-12T20:09:00.000","NOT APPLICABLE","NOT APPLICABLE","5100","S","CALUMET AVE","231",,,,,,,"2","NO INDICATION OF INJURY","0","0","0","0","0","2","0","20","5","3","41.8019838101","-87.6178912805","POINT (-87.617891280487 41.801983810143)"
"3566fe206e44070a983cfd164246ee94c00d713ad720fa11628731749860077f2e001ec15888ad7f5e81c68d8325962269b30a23961d555f8daaea1e3ccacb51",,"2026-03-12T20:03:00.000","20","NO CONTROLS","NO CONTROLS","CLEAR","DARKNESS, LIGHTED ROAD","ANGLE","ONE-WAY",,"STRAIGHT AND LEVEL","DRY","UNKNOWN",,"NO INJURY / DRIVE AWAY",,,,"$501 - $1,500","2026-03-12T21:15:00.000","FAILING TO YIELD RIGHT-OF-WAY","FAILING TO YIELD RIGHT-OF-WAY","1207","W","CATALPA AVE","2013",,,,,,,"2","NO INDICATION OF INJURY","0","0","0","0","0","2","0","20","5","3","41.9816829019","-87.6603656504","POINT (-87.660365650387 41.981682901856)"
"01f7f3b3e362d099c177ef0cfd595e9a260ab179e03578579cc25e6d7550f0ab9da9db1c679e67f64e8c49fc772a9e83f863450ba9d8bf1c1dbe79fac5a16e8a",,"2026-03-12T20:00:00.000","30","NO CONTROLS","NO CONTROLS","UNKNOWN","DARKNESS, LIGHTED ROAD","REAR END","DIVIDED - W/MEDIAN BARRIER",,"STRAIGHT AND LEVEL","UNKNOWN","UNKNOWN","NOT ON SCENE (DESK REPORT)","NO INJURY / DRIVE AWAY",,,,"OVER $1,500","2026-03-12T20:25:00.000","FOLLOWING TOO CLOSELY","FAILING TO REDUCE SPEED TO AVOID CRASH","721","N","OGDEN AVE","1214",,,,,,,"2","NO INDICATION OF INJURY","0","0","0","0","0","2","0","20","5","3","41.8949627841","-87.6555672906","POINT (-87.655567290625 41.894962784092)"