"crash_record_id","crash_date_est_i","crash_date","posted_speed_limit","traffic_control_device","device_condition","weather_condition","lighting_condition","first_crash_type","trafficway_type","lane_cnt","alignment","roadway_surface_cond","road_defect","report_type","crash_type","intersection_related_i","private_property_i","hit_and_run_i","damage","date_police_notified","prim_contributory_cause","sec_contributory_cause","street_no","street_direction","street_name","beat_of_occurrence","photos_taken_i","statements_taken_i","dooring_i","work_zone_i","work_zone_type","workers_present_i","num_units","most_severe_injury","injuries_total","injuries_fatal","injuries_incapacitating","injuries_non_incapacitating","injuries_reported_not_evident","injuries_no_indication","injuries_unknown","crash_hour","crash_day_of_week","crash_month","latitude","longitude","location"
"6d150a9fa89d1de5a9b5ab66f88c175fba6d97c397d048a4c7aab8610b446eeaefc4e116984737a2452ba1ef902edaf0fbee593719091fe6aec7daed115ba1a3",,"2026-03-12T20:00:00.000","25","NO CONTROLS","NO CONTROLS","CLEAR","DARKNESS, LIGHTED ROAD","REAR END","NOT DIVIDED",,"STRAIGHT AND LEVEL","DRY","NO DEFECTS","ON SCENE","NO INJURY / DRIVE AWAY",,,,"OVER $1,500","2026-03-12T20:05:00.000","FOLLOWING TOO CLOSELY","FAILING TO YIELD RIGHT-OF-WAY","1200","N","LA SALLE DR","1821",,,,,,,"2","NO INDICATION OF INJURY","0","0","0","0","0","2","0","20","5","3","41.9039692113","-87.6330707107","POINT (-87.633070710665 41.903969211265)"
"c0e84934db38355a6eb9730c4b43084dc875127397c7ce70ac8b80a521898790fdff1850aa7599eeb72b57f147dbfc63f278551744b29a8dfaf2b07e83e9f9dd",,"2026-03-12T20:00:00.000","35","TRAFFIC SIGNAL","FUNCTIONING PROPERLY","CLEAR","DARKNESS, LIGHTED ROAD","REAR END","DIVIDED - W/MEDIAN (NOT RAISED)",,"STRAIGHT AND LEVEL","DRY","NO DEFECTS","ON SCENE","NO INJURY / DRIVE AWAY",,,,"$501 - $1,500","2026-03-12T20:03:00.000","FOLLOWING TOO CLOSELY","UNABLE TO DETERMINE","8700","S","PEORIA ST","2222",,,,,,,"2","NO INDICATION OF INJURY","0","0","0","0","0","2","0","20","5","3","41.7359536512","-87.6462331391","POINT (-87.646233139093 41.735953651212)"
"a1bf4189e9cb6ef0f41182e7fa4188b2fa63cc035e28185ee0b87194957e5e4a73b450d97f9c5387ce5225a0da3aed32fc96d9048fa4d639620e8b76e08ae14d",,"2026-03-12T19:52:00.000","30","NO CONTROLS","FUNCTIONING PROPERLY","CLEAR","DARKNESS, LIGHTED ROAD","TURNING","CENTER TURN LANE",,"STRAIGHT AND LEVEL","DRY","NO DEFECTS","ON SCENE","INJURY AND / OR TOW DUE TO CRASH",,,,"$501 - $1,500","2026-03-12T20:00:00.000","UNABLE TO DETERMINE","UNABLE TO DETERMINE","2774","N","CALIFORNIA AVE","1411",,,,,,,"2","NO INDICATION OF INJURY","0","0","0","0","0","3","0","19","5","3","41.9320026918","-87.697762419","POINT (-87.697762418956 41.932002691848)"
"e3c9159b4d17da0d96f4b586529ba390f5db32238277bdcb01f49f56ebdb6e9ee2c90f0171f15c801ad2cd9148c6544c66b08c59c5ca76a642422f0759680836",,"2026-03-12T19:51:00.000","30","TRAFFIC SIGNAL","FUNCTIONING PROPERLY","CLOUDY/OVERCAST","DARKNESS, LIGHTED ROAD","PEDALCYCLIST","FOUR WAY",,"STRAIGHT AND LEVEL","OTHER","NO DEFECTS","ON SCENE","NO INJURY / DRIVE AWAY",,,"N","$501 - $1,500","2026-03-12T19:51:00.000","DRIVING SKILLS/KNOWLEDGE/EXPERIENCE","UNABLE TO DETERMINE","300","E","LOWER WACKER DR","114",,,,,,,"2","NO INDICATION OF INJURY","0","0","0","0","0","2","0","19","5","3","41.8880820673","-87.6205011708","POINT (-87.620501170849 41.888082067345)"
"bebd3c91b2485a05c5a3e9f5aa9bd88f60683df52e608d2cdc41cfa1f45a40b87f0837d3421aa526c3424969b758c0a8c9bab0ef6f60d52b822ca2171f4712fb",,"2026-03-12T19:50:00.000","30","TRAFFIC SIGNAL","FUNCTIONING PROPERLY","CLEAR","DAYLIGHT","REAR END","NOT DIVIDED",,"STRAIGHT AND LEVEL","DRY","NO DEFECTS",,"NO INJURY / DRIVE AWAY",,,,"OVER $1,500","2026-03-13T11:00:00.000","FOLLOWING TOO CLOSELY","FOLLOWING TOO CLOSELY","7455","S","CICERO AVE","833",,,,,,,"3","NO INDICATION OF INJURY","0","0","0","0","0","5","0","19","5","3","41.7573805171","-87.7414852913","POINT (-87.741485291316 41.757380517133)"
"09f2e41f060de141445302e7a2a9fe459973db1d9282f366fc6bc49761e5e778ad3b4d9d51bf8e2613883f427b118f9172612da30cd852f811dcc138cbbc3d17",,"2026-03-12T19:41:00.000","30","TRAFFIC SIGNAL","FUNCTIONING PROPERLY","CLEAR","DARKNESS, LIGHTED ROAD","PEDALCYCLIST","NOT DIVIDED",,"STRAIGHT AND LEVEL","DRY","NO DEFECTS","ON SCENE","INJURY AND / OR TOW DUE TO CRASH",,,,"$500 OR LESS","2026-03-12T19:42:00.000","FAILING TO YIELD RIGHT-OF-WAY","UNABLE TO DETERMINE","2572","N","LINCOLN AVE","1932",,,"Y",,,,"2","NONINCAPACITATING INJURY","1","0","0","1","0","1","0","19","5","3","41.9286446243","-87.6534529271","POINT (-87.653452927084 41.928644624281)"
"8b8b10d54ca1a0a128cfe7cadae26606a19861a5f5477b087e0e70d77e1288fb06c88c0b2367e803ffa0d456fb75f9cb6540a7b2647c1e3900904e7a47741be5",,"2026-03-12T19:40:00.000","30","NO CONTROLS","FUNCTIONING PROPERLY","CLEAR","DARKNESS, LIGHTED ROAD","SIDESWIPE SAME DIRECTION","NOT DIVIDED",,"STRAIGHT AND LEVEL","DRY","NO DEFECTS","NOT ON SCENE (DESK REPORT)","NO INJURY / DRIVE AWAY",,,"Y","OVER $1,500","2026-03-12T20:02:00.000","IMPROPER LANE USAGE","NOT APPLICABLE","4100","S","CALIFORNIA AVE","921",,,,,,,"2","NO INDICATION OF INJURY","0","0","0","0","0","2","0","19","5","3","41.8199828328","-87.6947118309","POINT (-87.694711830905 41.819982832784)"
"78dcca067866e4deb0c39c4adaca36ed5c412d3ddcc9ea677cdb3d4c6a394af26ae6db1e4dd56e9ec7f1832de191b1f49e0e0699f3d1b6990fee61c650d31445",,"2026-03-12T19:35:00.000","30","STOP SIGN/FLASHER","FUNCTIONING PROPERLY","CLEAR","DARKNESS","ANGLE","DIVIDED - W/MEDIAN (NOT RAISED)",,"STRAIGHT AND LEVEL","DRY","NO DEFECTS","NOT ON SCENE (DESK REPORT)","NO INJURY / DRIVE AWAY",,,,"OVER $1,500","2026-03-12T20:10:00.000","UNABLE TO DETERMINE","UNABLE TO DETERMINE","1631","W","ADDISON ST","1922",,,,,,,"2","NO INDICATION OF INJURY","0","0","0","0","0","2","0","19","5","3","41.9468656875","-87.6700135555","POINT (-87.67001355553 41.946865687492)"
"d397eea45ea753b22632230a62858ff021566206919d320a5b6bdb92f9abd44823caedd6f9a6b3c5c8ad820858fc12af4e798ec873f7bfcb58a20ccb1cd6c7cf",,"2026-03-12T19:35:00.000","30","NO CONTROLS","NO CONTROLS","CLEAR","DAYLIGHT","SIDESWIPE SAME DIRECTION","NOT DIVIDED",,"STRAIGHT AND LEVEL","DRY","NO DEFECTS","NOT ON SCENE (DESK REPORT)","NO INJURY / DRIVE AWAY",,,,"OVER $1,500","2026-03-12T19:55:00.000","IMPROPER LANE USAGE","NOT APPLICABLE","6210","N","MILWAUKEE AVE","1611",,,,,,,"2","NO INDICATION OF INJURY","0","0","0","0","0","2","0","19","5","3","41.9940065602","-87.7848761434","POINT (-87.784876143366 41.994006560185)"
"6c1382839f906d8fea9973fce4d3b589895ca6139c083e207e3803a3028659786443aa9d852baa06af99c5ec7dbc0765c85b14b68b78d04cdbd4bfc5be91139e",,"2026-03-12T19:30:00.000","30","TRAFFIC SIGNAL","FUNCTIONING PROPERLY","CLEAR","DARKNESS","TURNING","FOUR WAY",,"STRAIGHT AND LEVEL","DRY","NO DEFECTS","ON SCENE","NO INJURY / DRIVE AWAY",,,,"OVER $1,500","2026-03-12T19:41:00.000","IMPROPER TURNING/NO SIGNAL","NOT APPLICABLE","4100","W","DIVISION ST","2534",,,,,,,"2","NO INDICATION OF INJURY","0","0","0","0","0","2","0","19","5","3","41.9027417081","-87.728828429","POINT (-87.728828428989 41.90274170809)"
"83c6c60d5e7a233537f4ef1204183665fd81e5e1429cc12f5af37d2055ffdc098ba5ed2d5c72a9304ea8f5587b16aa84b9e8ba936957f6b0e65e72b35f6179ab",,"2026-03-12T19:30:00.000","30","NO CONTROLS","NO CONTROLS","CLEAR","DARKNESS, LIGHTED ROAD","HEAD ON","DIVIDED - W/MEDIAN (NOT RAISED)",,"STRAIGHT AND LEVEL","DRY","NO DEFECTS","ON SCENE","INJURY AND / OR TOW DUE TO CRASH",,,,"OVER $1,500","2026-03-12T19:30:00.000","DRIVING ON WRONG SIDE/WRONG WAY","DRIVING ON WRONG SIDE/WRONG WAY","640","W","CERMAK RD","1235",,,,,,,"2","REPORTED, NOT EVIDENT","1","0","0","0","1","1","0","19","5","3","41.8527970965","-87.6432930778","POINT (-87.643293077755 41.852797096499)"
"fbfda26c29bad986430a7ebb4245f6a0e4bc365b5176e33e125708a3f7fbdc22e6ca0c33c1fe614f4ec1453b1021f9990a6a849dd1f8c25faf7e34e693a76365",,"2026-03-12T19:27:00.000","30","NO CONTROLS","NO CONTROLS","CLEAR","DARKNESS, LIGHTED ROAD","REAR END","NOT DIVIDED",,"STRAIGHT AND LEVEL","UNKNOWN","UNKNOWN","NOT ON SCENE (DESK REPORT)","NO INJURY / DRIVE AWAY",,,,"OVER $1,500","2026-03-12T20:15:00.000","UNABLE TO DETERMINE","NOT APPLICABLE","2227","W","71ST ST","832",,,,,,,"3","NO INDICATION OF INJURY","0","0","0","0","0","3","0","19","5","3","41.7646353285","-87.6795392371","POINT (-87.679539237112 41.764635328491)"
"e6b0556fdc261adfc229e2713135963961efacc5e1ff833e1e6a7b5747b7802d5f8c16647f2160823012f897aca1cdeb3fb1a3534ea99d6680f19ddd44da9168",,"2026-03-12T19:16:00.000","35","TRAFFIC SIGNAL","FUNCTIONING PROPERLY","CLEAR","DARKNESS, LIGHTED ROAD","TURNING","NOT DIVIDED",,"STRAIGHT AND LEVEL","DRY","NO DEFECTS","ON SCENE","INJURY AND / OR TOW DUE TO CRASH","Y",,,"OVER $1,500","2026-03-12T19:16:00.000","UNABLE TO DETERMINE","UNABLE TO DETERMINE","6701","S","CICERO AVE","833",,,,,,,"2","NO INDICATION OF INJURY","0","0","0","0","0","2","0","19","5","3","41.7710448011","-87.7419056317","POINT (-87.741905631651 41.771044801146)"
"0cabe0dd86a537bb6afad2e22fe0dbfe3e487de1036bb4b97ca6da1fa02b32707cf9465e44aa9232e0aa012113a044f49ac1cac0bfa330155e233e44340e5e86",,"2026-03-12T19:15:00.000","30","NO CONTROLS","NO CONTROLS","CLEAR","DUSK","TURNING","FOUR WAY",,"STRAIGHT AND LEVEL","DRY","NO DEFECTS","ON SCENE","INJURY AND / OR TOW DUE TO CRASH",,,,"OVER $1,500","2026-03-12T19:17:00.000","IMPROPER TURNING/NO SIGNAL","NOT APPLICABLE","301","E","95TH ST","511",,,,,,,"2","NONINCAPACITATING INJURY","3","0","0","3","0","0","0","19","5","3","41.7217421911","-87.6164977974","POINT (-87.616497797391 41.721742191113)"
"a473e757d66bb187c18e35a3a5cb9e363f6330874ab7d05118931efb7bcb37354dc6dcdd06fb9a48028893207c19e0046a9acc09661502620e57b83dedd85c56","N","2026-03-12T19:00:00.000","30","UNKNOWN","UNKNOWN","UNKNOWN","UNKNOWN","PARKED MOTOR VEHICLE","DIVIDED - W/MEDIAN (NOT RAISED)",,"STRAIGHT AND LEVEL","UNKNOWN","UNKNOWN","NOT ON SCENE (DESK REPORT)","NO INJURY / DRIVE AWAY",,,"Y","OVER $1,500","2026-03-16T15:00:00.000","UNABLE TO DETERMINE","UNABLE TO DETERMINE","3630","N","SOUTHPORT AVE","1922",,,,,,,"2","NO INDICATION OF INJURY","0","0","0","0","0","1","0","19","5","3","41.9480045508","-87.6641862307","POINT (-87.664186230701 41.94800455083)"
"4ec81e582a569b6fc52d317fc70f49584414dbf68428e2728c7b433a492d54e71f331fcf08a1815beed64ec8af8ca130df2e278ffc7fb60b445dcc31e474bbd9",,"2026-03-12T18:40:00.000","30","TRAFFIC SIGNAL","FUNCTIONING PROPERLY","CLEAR","DARKNESS, LIGHTED ROAD","SIDESWIPE SAME DIRECTION","NOT DIVIDED",,"STRAIGHT AND LEVEL","DRY","NO DEFECTS","ON SCENE","NO INJURY / DRIVE AWAY",,,,"OVER $1,500","2026-03-12T18:45:00.000","IMPROPER LANE USAGE","NOT APPLICABLE","1620","N","LA SALLE DR","1814",,,,,,,"2","NO INDICATION OF INJURY","0","0","0","0","0","2","0","18","5","3","41.9117762172","-87.6333025973","POINT (-87.633302597259 41.911776217211)"
"d5c263d9e05618ade4670190a05a4ee699b6e33de3435549eb33a87bb1876f278d047b1f36a59b770734ab744c678ec5687693a6dcaf0f8296182ecc3137e517",,"2026-03-12T18:39:00.000","30","NO CONTROLS","NO CONTROLS","CLEAR","DARKNESS","SIDESWIPE OPPOSITE DIRECTION","NOT DIVIDED",,"STRAIGHT AND LEVEL","UNKNOWN","UNKNOWN","ON SCENE","INJURY AND / OR TOW DUE TO CRASH",,,"Y","OVER $1,500","2026-03-12T18:40:00.000","IMPROPER LANE USAGE","UNABLE TO DETERMINE","1940","E","87TH ST","412",,,,,,,"2","NO INDICATION OF INJURY","0","0","0","0","0","4","0","18","5","3","41.7371540921","-87.5765387992","POINT (-87.576538799199 41.737154092061)"
"d92dbc8dc20f6332379fa1f94d1174928d9399dbc9bb3ef09f9b2327e87898541c12f6258c60bb5fb86653f46ac66a527567fdc22923a8c3148a5b0fc262038e",,"2026-03-12T18:33:00.000","30","NO CONTROLS","NO CONTROLS","UNKNOWN","DARKNESS, LIGHTED ROAD","TURNING","NOT DIVIDED",,"STRAIGHT AND LEVEL","UNKNOWN","UNKNOWN","NOT ON SCENE (DESK REPORT)","NO INJURY / DRIVE AWAY",,,,"OVER $1,500","2026-03-12T19:05:00.000","IMPROPER TURNING/NO SIGNAL","NOT APPLICABLE","19","W","119TH ST","522",,,,,,,"2","NO INDICATION OF INJURY","0","0","0","0","0","2","0","18","5","3","41.677906847","-87.623547768","POINT (-87.623547768006 41.677906846967)"
"5d54f2b634492c36d4605a06724dbdee535800584a3d5eb378608db660e82803ab2553e1bcbd884280bb27ccc966c1349ad594ebbeb97929971f51c4174e677a",,"2026-03-12T18:30:00.000","30","STOP SIGN/FLASHER","OTHER","CLEAR","DAYLIGHT","ANGLE","DIVIDED - W/MEDIAN (NOT RAISED)",,"STRAIGHT AND LEVEL","DRY","NO DEFECTS","NOT ON SCENE (DESK REPORT)","NO INJURY / DRIVE AWAY",,,,"OVER $1,500","2026-03-12T18:45:00.000","UNABLE TO DETERMINE","NOT APPLICABLE","1645","W","ROOSEVELT RD","1233",,,,,,,"2","NO INDICATION OF INJURY","0","0","0","0","0","3","0","18","5","3","41.8667496486","-87.6682294831","POINT (-87.668229483078 41.866749648619)"
"a7b3ea4b0eb621b3d343aebff7eeb9bd74d1c0ceca21f5c9c560fe2a6dd450e4cc8352c22b43487856a5bf3bf32d7cc1f65597e02f7597b6b9b83d123ff92e60",,"2026-03-12T18:30:00.000","30","TRAFFIC SIGNAL","FUNCTIONING PROPERLY","CLEAR","DAYLIGHT","SIDESWIPE SAME DIRECTION","NOT DIVIDED",,"STRAIGHT AND LEVEL","DRY","NO DEFECTS","NOT ON SCENE (DESK REPORT)","NO INJURY / DRIVE AWAY",,,"Y","OVER $1,500","2026-03-13T22:14:00.000","UNABLE TO DETERMINE","UNABLE TO DETERMINE","3550","W","GRAND AVE","1121",,,,,,,"2","NO INDICATION OF INJURY","0","0","0","0","0","2","0","18","5","3","41.9018861358","-87.715338257","POINT (-87.71533825703 41.901886135837)"
"d80daf5d1acea4537d8a641602fb8655effb4cde5ed54a13a4facf3596a936c5bfa16acff0f2c813714e4ec24b02e4a4ede7fc7d3a2e12af328be9de5c96b21a",,"2026-03-12T18:30:00.000","30","NO CONTROLS","NO CONTROLS","CLEAR","DARKNESS","SIDESWIPE SAME DIRECTION","OTHER",,"STRAIGHT AND LEVEL","DRY","NO DEFECTS","NOT ON SCENE (DESK REPORT)","NO INJURY / DRIVE AWAY",,,,"OVER $1,500","2026-03-12T21:00:00.000","UNABLE TO DETERMINE","UNABLE TO DETERMINE","4015","W","BELDEN AVE","2525",,,,,,,"2","NO INDICATION OF INJURY","0","0","0","0","0","2","0","18","5","3","41.9225361366","-87.7274625426","POINT (-87.727462542609 41.922536136587)"
"026d463d2613edf00c299abc3ff49b95313a8f0a53d47fd426b83ed066a6f70ed367f619dbefcda898b6b6e7d7c66786cc521e25bc6ebfd4020e1224c0e8ea63","Y","2026-03-12T18:23:00.000","15","NO CONTROLS","NO CONTROLS","CLEAR","DUSK","TURNING","ALLEY",,"STRAIGHT AND LEVEL","DRY","WORN SURFACE","ON SCENE","INJURY AND / OR TOW DUE TO CRASH",,"N","Y","OVER $1,500","2026-03-12T18:23:00.000","UNABLE TO DETERMINE","NOT APPLICABLE","6915","S","ROCKWELL ST","832",,,,,,,"2","NONINCAPACITATING INJURY","1","0","0","1","0","5","0","18","5","3","41.7676164205","-87.6880696433","POINT (-87.68806964332 41.767616420531)"
"97a80133f1fed631803b94212d41c58cfca968a27d437f718044298c44f02cafd9e974b851a9922d0d8a591af5d93efce67f416439fb31f132699574dba708d8",,"2026-03-12T18:23:00.000","30","NO CONTROLS","NO CONTROLS","UNKNOWN","DAYLIGHT","PARKED MOTOR VEHICLE","ALLEY",,"STRAIGHT AND LEVEL","DRY","UNKNOWN","NOT ON SCENE (DESK REPORT)","NO INJURY / DRIVE AWAY",,,,"OVER $1,500","2026-03-13T19:30:00.000","UNABLE TO DETERMINE","NOT APPLICABLE","2431","N","NEW ENGLAND AVE","2512",,,,,,,"2","NO INDICATION OF INJURY","0","0","0","0","0","2","0","18","5","3","41.9245192608","-87.7975600755","POINT (-87.797560075523 41.924519260791)"
"e8187106f9e3cce561c9359b1c3c97c03a9502004b98d6cba5515c3981c6456f6d5af4e08bf53ee0144d2e7e887cbb1023d2584a4f585b6528ab0c90d40b954f",,"2026-03-12T18:21:00.000","30","TRAFFIC SIGNAL","FUNCTIONING PROPERLY","CLOUDY/OVERCAST","DAYLIGHT","SIDESWIPE SAME DIRECTION","FIVE POINT, OR MORE",,"STRAIGHT AND LEVEL","UNKNOWN","UNKNOWN","NOT ON SCENE (DESK REPORT)","NO INJURY / DRIVE AWAY","Y",,,"OVER $1,500","2026-03-12T19:10:00.000","UNABLE TO DETERMINE","NOT APPLICABLE","801","W","GRAND AVE","1214",,,,,,,"2","NO INDICATION OF INJURY","0","0","0","0","0","2","0","18","5","3","41.891074309","-87.6476705556","POINT (-87.64767055558 41.891074309011)"
"030e919d020d49ad2e0f5ed7a1aa6f7aeb8278e360fa6ae34fc728f9c584258e6ee7b9dbc9e08d16293d3521006b5396cfd899079468f1c101ca0be8e8da070b",,"2026-03-12T18:20:00.000","30","TRAFFIC SIGNAL","FUNCTIONING PROPERLY","CLEAR","DAYLIGHT","TURNING","DIVIDED - W/MEDIAN (NOT RAISED)",,"STRAIGHT AND LEVEL","DRY","NO DEFECTS","NOT ON SCENE (DESK REPORT)","NO INJURY / DRIVE AWAY",,,,"$501 - $1,500","2026-03-12T18:50:00.000","IMPROPER BACKING","UNABLE TO DETERMINE","4001","N","CAMPBELL AVE","1911",,,,,,,"2","NO INDICATION OF INJURY","0","0","0","0","0","2","0","18","5","3","41.9540637792","-87.6907379529","POINT (-87.690737952888 41.954063779206)"
"214e15dd758370a5b7a2e4847aec7255f7ec5f63ce1821f06508442cc0d2f2c7f82a91e5bf6ddcd8a7e19b605a53d72dc32a92d2876f61a1dcb73254e0061bbe",,"2026-03-12T18:20:00.000","30","NO CONTROLS","NO CONTROLS","CLEAR","DAYLIGHT","SIDESWIPE SAME DIRECTION","NOT DIVIDED",,"STRAIGHT AND LEVEL","DRY","NO DEFECTS","ON SCENE","NO INJURY / DRIVE AWAY",,,"Y","$501 - $1,500","2026-03-12T18:44:00.000","IMPROPER LANE USAGE","UNABLE TO DETERMINE","1120","W","CHICAGO AVE","1213",,,,,,,"2","NO INDICATION OF INJURY","0","0","0","0","0","2","0","18","5","3","41.8963635027","-87.656095465","POINT (-87.656095465037 41.896363502686)"
"1c342a63e045d06fb78e277696fd1b3480d3db98d21c210cbb013f9ec42dc5de06ea804cc26f17efb33d705f3e87a4da1855891959336e84f9d6874ce06d87a9",,"2026-03-12T18:16:00.000","25","NO CONTROLS","NO CONTROLS","UNKNOWN","UNKNOWN","PARKED MOTOR VEHICLE","ALLEY",,"STRAIGHT AND LEVEL","UNKNOWN","NO DEFECTS","NOT ON SCENE (DESK REPORT)","NO INJURY / DRIVE AWAY",,,,"$500 OR LESS","2026-03-13T10:05:00.000","NOT APPLICABLE","NOT APPLICABLE","1717","W","WALLEN AVE","2432",,,,,,,"2","NO INDICATION OF INJURY","0","0","0","0","0","1","0","18","5","3","42.0024786883","-87.673450322","POINT (-87.673450322001 42.002478688327)"
"3af4fb5a96d6e7e4e97018d8af887322e75b5edd6321e476ca01b2244a402163d327034904714ec200a40cc26b0a6a56d0230ef3e2ace0a29e9696895f526907",,"2026-03-12T18:15:00.000","25","NO CONTROLS","NO CONTROLS","CLEAR","DAYLIGHT","PARKED MOTOR VEHICLE","ONE-WAY",,"STRAIGHT AND LEVEL","DRY","NO DEFECTS","NOT ON SCENE (DESK REPORT)","NO INJURY / DRIVE AWAY",,,,"$501 - $1,500","2026-03-13T15:45:00.000","UNABLE TO DETERMINE","NOT APPLICABLE","662","W","ROSCOE ST","1925",,,,,,,"2","NO INDICATION OF INJURY","0","0","0","0","0","1","0","18","5","3","41.943764633","-87.6469973044","POINT (-87.646997304386 41.943764633014)"
"4e7dbd0e3a1d797d35cf00cb1d47970e4467bf7ea396eaca3b605606223c7df4e0a6113955ffa2e6c3de110b84d16d9e4aa13fde258bb92bdc41e4bee91edf8a",,"2026-03-12T18:15:00.000","30","TRAFFIC SIGNAL","NO CONTROLS","CLEAR","DAYLIGHT","ANGLE","FOUR WAY",,"STRAIGHT AND LEVEL","DRY","NO DEFECTS","NOT ON SCENE (DESK REPORT)","NO INJURY / DRIVE AWAY","Y",,,"$501 - $1,500","2026-03-12T18:20:00.000","FAILING TO YIELD RIGHT-OF-WAY","UNABLE TO DETERMINE","5600","W","DEVON AVE","1621",,,,,,,"2","NO INDICATION OF INJURY","0","0","0","0","0","5","0","18","5","3","41.9973461555","-87.7681774771","POINT (-87.768177477139 41.997346155527)"
"6abe9ccb3ff9b0aadef499d94e449a2bddec76663525898b678adee5bc208feb8251d42b29fa77bc81b6ea596c293d221d6907132754bd9ec5d118c6faad7e3e",,"2026-03-12T18:15:00.000","30","UNKNOWN","UNKNOWN","CLOUDY/OVERCAST","DAYLIGHT","REAR END","NOT DIVIDED",,"STRAIGHT AND LEVEL","UNKNOWN","UNKNOWN","NOT ON SCENE (DESK REPORT)","NO INJURY / DRIVE AWAY",,,,"OVER $1,500","2026-03-12T18:44:00.000","UNABLE TO DETERMINE","UNABLE TO DETERMINE","714","N","LA SALLE DR","1832",,,,,,,"2","NO INDICATION OF INJURY","0","0","0","0","0","2","0","18","5","3","41.8953554955","-87.6328330541","POINT (-87.632833054098 41.895355495494)"
"4165dd750bf41bb681c3409501f3a3d0cc5064f73da9d8286e7d63b9da6db19a486eb450cbeb71fdb292ac07b5cd20c0e4dffcb0cfe65b82b138e88c04253bdb",,"2026-03-12T18:08:00.000","35","NO CONTROLS","NO CONTROLS","CLEAR","DARKNESS","SIDESWIPE SAME DIRECTION","ONE-WAY",,"STRAIGHT AND LEVEL","DRY","NO DEFECTS","NOT ON SCENE (DESK REPORT)","NO INJURY / DRIVE AWAY",,,"Y","$501 - $1,500","2026-03-12T22:09:00.000","UNABLE TO DETERMINE","UNABLE TO DETERMINE","180","N","DEARBORN ST","111",,,,,,,"2","NO INDICATION OF INJURY","0","0","0","0","0","2","0","18","5","3","41.8853449876","-87.6296310827","POINT (-87.629631082697 41.885344987647)"
"28cb9f0ef7f420d1fd242f64253043c58909dac49ff67f78bc5665eea3cf3eb6c71494da7072a4ac97a080cdab7e7bf4557e8d5544762dbcbd545e201acf39fc",,"2026-03-12T18:05:00.000","30","TRAFFIC SIGNAL","UNKNOWN","CLEAR","DAYLIGHT","TURNING","FOUR WAY",,"STRAIGHT AND LEVEL","DRY","UNKNOWN","NOT ON SCENE (DESK REPORT)","NO INJURY / DRIVE AWAY",,,,"OVER $1,500","2026-03-12T19:20:00.000","NOT APPLICABLE","NOT APPLICABLE","303","E","WACKER DR","114",,,,,,,"2","NO INDICATION OF INJURY","0","0","0","0","0","3","0","18","5","3","41.8877053794","-87.6205881439","POINT (-87.620588143928 41.887705379378)"
"ec800e2bc4cfe82ec7d8cadc86aa993c88fbeafa6f6072683c9f3ffae1df12721a939df0b8e9027eda98459512a2ec6ab5a6035ef074b83756d83dbc38962186",,"2026-03-12T18:05:00.000","30","NO CONTROLS","NO CONTROLS","CLEAR","DAWN","TURNING","NOT DIVIDED",,"STRAIGHT AND LEVEL","DRY","NO DEFECTS","ON SCENE","NO INJURY / DRIVE AWAY",,,,"$500 OR LESS","2026-03-12T18:05:00.000","NOT APPLICABLE","NOT APPLICABLE","5400","S","ELLIS AVE","233",,,,,,,"2","NO INDICATION OF INJURY","0","0","0","0","0","2","0","18","5","3","41.7978609751","-87.6014165094","POINT (-87.601416509394 41.797860975093)"
"3666df90857ba33cd69de5493280c3042ce9daa024fce7ff1d1ab98c6db444a630bfcc29bd89af41b23c372fadfcdaf66f226a3cf110b004ebf5d9553b21ed2e",,"2026-03-12T18:00:00.000","30","STOP SIGN/FLASHER","FUNCTIONING PROPERLY","CLEAR","DAYLIGHT","PEDALCYCLIST","FOUR WAY",,"STRAIGHT AND LEVEL","DRY","NO DEFECTS","ON SCENE","INJURY AND / OR TOW DUE TO CRASH","Y",,,"$501 - $1,500","2026-03-12T18:03:00.000","FAILING TO YIELD RIGHT-OF-WAY","UNABLE TO DETERMINE","540","N","CAMPBELL AVE","1221",,,,,,,"2","NONINCAPACITATING INJURY","1","0","0","1","0","1","0","18","5","3","41.8913113743","-87.6893228197","POINT (-87.689322819736 41.891311374311)"
"d5675db45688d4bb4ee91e9bbbe03c3d84420804052479a473ba3f2c5a49a8250ea279450d684b325e3b7b996cb0f9b7cbfe2ac6eb3dcfe9d129bcb4bf62de81",,"2026-03-12T18:00:00.000","30","NO CONTROLS","NO CONTROLS","CLEAR","DAYLIGHT","SIDESWIPE SAME DIRECTION","NOT DIVIDED",,"STRAIGHT AND LEVEL","DRY","NO DEFECTS","NOT ON SCENE (DESK REPORT)","NO INJURY / DRIVE AWAY",,,,"OVER $1,500","2026-03-12T18:44:00.000","IMPROPER LANE USAGE","NOT APPLICABLE","7100","S","WESTERN AVE","832",,,,,,,"2","NO INDICATION OF INJURY","0","0","0","0","0","2","0","18","5","3","41.7646089122","-87.6833870533","POINT (-87.683387053281 41.764608912236)"
"f72a1d34426c4f58de88b8aa1f768001477ab875e73f268ce9fba891f8fdf36d1cce4c2e7e7e308fb057cd1af94f69a61b9440b4fd4091778d6d5b7dd18029c6",,"2026-03-12T17:58:00.000","35","STOP SIGN/FLASHER","FUNCTIONING PROPERLY","CLEAR","DAYLIGHT","ANGLE","NOT DIVIDED",,"STRAIGHT AND LEVEL","DRY","NO DEFECTS","ON SCENE","NO INJURY / DRIVE AWAY","Y",,,"OVER $1,500","2026-03-12T17:58:00.000","FAILING TO YIELD RIGHT-OF-WAY","NOT APPLICABLE","7128","W","ARCHER AVE","811",,,,,,,"2","NO INDICATION OF INJURY","0","0","0","0","0","2","0","17","5","3","41.7920672141","-87.8001988872","POINT (-87.800198887183 41.792067214057)"