"crash_record_id","crash_date_est_i","crash_date","posted_speed_limit","traffic_control_device","device_condition","weather_condition","lighting_condition","first_crash_type","trafficway_type","lane_cnt","alignment","roadway_surface_cond","road_defect","report_type","crash_type","intersection_related_i","private_property_i","hit_and_run_i","damage","date_police_notified","prim_contributory_cause","sec_contributory_cause","street_no","street_direction","street_name","beat_of_occurrence","photos_taken_i","statements_taken_i","dooring_i","work_zone_i","work_zone_type","workers_present_i","num_units","most_severe_injury","injuries_total","injuries_fatal","injuries_incapacitating","injuries_non_incapacitating","injuries_reported_not_evident","injuries_no_indication","injuries_unknown","crash_hour","crash_day_of_week","crash_month","latitude","longitude","location"
"d44db7de345a6d98d610b50873976420d3dac9c70fb845d797c58cc677290f0b082a0c3f0025846d32534a0dddabefb9ba853c820cce709f59cd9c7e3210cfb3",,"2026-03-12T17:51:00.000","45","UNKNOWN","UNKNOWN","UNKNOWN","UNKNOWN","REAR END","DIVIDED - W/MEDIAN BARRIER",,"STRAIGHT AND LEVEL","UNKNOWN","UNKNOWN","NOT ON SCENE (DESK REPORT)","NO INJURY / DRIVE AWAY",,,,"$501 - $1,500","2026-03-12T18:30:00.000","UNABLE TO DETERMINE","NOT APPLICABLE","501","N","LAKE SHORE DR NB","1834",,,,,,,"2","NO INDICATION OF INJURY","0","0","0","0","0","3","0","17","5","3","41.8911523839","-87.6137479277","POINT (-87.613747927652 41.891152383946)"
"fcb55837ed790b51cfd8206eedf987496c03f3f581dd57fa4f2aa581447f07671d6d8ecf997490a95fcc2c2a671b009f42751b7e6c1a18cf73a1029af6ad065c",,"2026-03-12T17:51:00.000","30","STOP SIGN/FLASHER","FUNCTIONING PROPERLY","CLEAR","DAYLIGHT","TURNING","FOUR WAY",,"STRAIGHT AND LEVEL","DRY","NO DEFECTS","NOT ON SCENE (DESK REPORT)","NO INJURY / DRIVE AWAY","Y",,,"$501 - $1,500","2026-03-13T11:30:00.000","IMPROPER OVERTAKING/PASSING","UNABLE TO DETERMINE","6400","N","MINNEHAHA AVE","1621",,,,,,,"2","NO INDICATION OF INJURY","0","0","0","0","0","2","0","17","5","3","41.997423356","-87.762273256","POINT (-87.76227325605 41.997423355975)"
"53baa3b09e3aea3d61b814bd5b19ef41e942c890b509d347f0de292194a6f21d1c73ba024ad4432f1ec3d42869669c13749d9640f668f91482860c47b81dece7",,"2026-03-12T17:45:00.000","30","TRAFFIC SIGNAL","FUNCTIONING PROPERLY","CLEAR","DAYLIGHT","ANGLE","FOUR WAY",,"STRAIGHT AND LEVEL","UNKNOWN","UNKNOWN","NOT ON SCENE (DESK REPORT)","INJURY AND / OR TOW DUE TO CRASH","Y",,,"OVER $1,500","2026-03-12T18:20:00.000","FAILING TO REDUCE SPEED TO AVOID CRASH","NOT APPLICABLE","340","W","GRAND AVE","1831",,,,,,,"2","NO INDICATION OF INJURY","0","0","0","0","0","2","0","17","5","3","41.891654251","-87.6371133308","POINT (-87.637113330842 41.891654250965)"
"83caf7a6533ed5806ad9b6a0f7502ca1e456b419393ed83ea342bbd0567397d2a8174639065d9c9236dedf9e6450e270b38e31ae0cf980765903f30b7541050f",,"2026-03-12T17:45:00.000","30","TRAFFIC SIGNAL","FUNCTIONING PROPERLY","CLEAR","DAYLIGHT","REAR END","T-INTERSECTION",,"STRAIGHT AND LEVEL","DRY","NO DEFECTS","NOT ON SCENE (DESK REPORT)","NO INJURY / DRIVE AWAY",,,,"OVER $1,500","2026-03-12T19:40:00.000","UNABLE TO DETERMINE","NOT APPLICABLE","5310","N","ELSTON AVE","1623",,,,,,,"2","NO INDICATION OF INJURY","0","0","0","0","0","3","0","17","5","3","41.9776091727","-87.7558160961","POINT (-87.755816096104 41.977609172669)"
"2b8ed9e2b62d1b99c0c91ec7b22bd776253decf595548c4150e6ece9b98edd9214deffd961f0fae4027fce52a1c853b6727b8bd60617c511dfdee69d263d2315",,"2026-03-12T17:44:00.000","30","NO CONTROLS","NO CONTROLS","CLEAR","DAWN","PEDESTRIAN","NOT DIVIDED",,"STRAIGHT AND LEVEL","DRY","NO DEFECTS","ON SCENE","INJURY AND / OR TOW DUE TO CRASH",,,"Y","$500 OR LESS","2026-03-12T17:55:00.000","FAILING TO YIELD RIGHT-OF-WAY","FAILING TO REDUCE SPEED TO AVOID CRASH","3232","W","FOSTER AVE","1712",,,,,,,"2","NONINCAPACITATING INJURY","1","0","0","1","0","1","0","17","5","3","41.9758407744","-87.7100383491","POINT (-87.710038349085 41.9758407744)"
"619254b17b66548522254ab5966099b5a4aae875f0702b7efc9799e6341b27c194a1bcdb672706a59d664d744ab89fcb5c5abbd559f1c41ab1e1b3c5f7cdcca8",,"2026-03-12T17:40:00.000","30","UNKNOWN","UNKNOWN","CLEAR","DARKNESS, LIGHTED ROAD","REAR END","NOT DIVIDED",,"STRAIGHT AND LEVEL","UNKNOWN","UNKNOWN","NOT ON SCENE (DESK REPORT)","NO INJURY / DRIVE AWAY",,,"Y","OVER $1,500","2026-03-12T19:00:00.000","UNABLE TO DETERMINE","UNABLE TO DETERMINE","551","N","OGDEN AVE","1214",,,,,,,"2","NO INDICATION OF INJURY","0","0","0","0","0","2","0","17","5","3","41.8923838313","-87.6577269732","POINT (-87.657726973231 41.892383831336)"
"cee00d26502bf5a9bbbbc98e00dc67059cd4d04a8ae051906c4c3cea4bbdffa4cd26a7771427e9913591c552fbf3ae2a1ab97dbea063b08a7193cc436a60019c",,"2026-03-12T17:40:00.000","30","NO CONTROLS","NO CONTROLS","CLEAR","DARKNESS","ANGLE","OTHER",,"STRAIGHT AND LEVEL","UNKNOWN","UNKNOWN","NOT ON SCENE (DESK REPORT)","NO INJURY / DRIVE AWAY",,,,"OVER $1,500","2026-03-12T19:45:00.000","NOT APPLICABLE","NOT APPLICABLE","2527","W","CERMAK RD","1034",,,,,,,"2","NO INDICATION OF INJURY","0","0","0","0","0","2","0","17","5","3","41.8518806699","-87.6890816896","POINT (-87.689081689616 41.851880669888)"
"ebcdd8a33fac2ac4f91180a451ae61d4cd5a6cca00bf67c24e88ebc3b112cbfa034bb6f3785eba32532bb5b0fa4b0a1fc598a4beb12d18370a5bc53c5815ab15",,"2026-03-12T17:35:00.000","30","NO CONTROLS","NO CONTROLS","CLEAR","DARKNESS, LIGHTED ROAD","SIDESWIPE SAME DIRECTION","NOT DIVIDED",,"STRAIGHT AND LEVEL","DRY","NO DEFECTS","NOT ON SCENE (DESK REPORT)","NO INJURY / DRIVE AWAY",,,"Y","OVER $1,500","2026-03-12T18:56:00.000","UNABLE TO DETERMINE","UNABLE TO DETERMINE","3435","S","ARCHER AVE","912",,,,,,,"3","NO INDICATION OF INJURY","0","0","0","0","0","2","0","17","5","3","41.8313499001","-87.6758478479","POINT (-87.675847847859 41.831349900077)"
"4d8a629ed2a43d5fc5bb30a357e71f4b34725786a8131997e19c395deee45e4484c6200074cf3c443c5179d37fab2471b45512241acb061a062cc8e47eb0994a",,"2026-03-12T17:30:00.000","30","NO CONTROLS","NO CONTROLS","CLEAR","DAYLIGHT","REAR END","ONE-WAY",,"STRAIGHT AND LEVEL","DRY","NO DEFECTS","NOT ON SCENE (DESK REPORT)","NO INJURY / DRIVE AWAY",,,"Y","OVER $1,500","2026-03-13T10:10:00.000","UNABLE TO DETERMINE","NOT APPLICABLE","7100","S","STATE ST","323",,,,,,,"2","NO INDICATION OF INJURY","0","0","0","0","0","2","0","17","5","3","41.7653936078","-87.625050475","POINT (-87.625050475006 41.765393607783)"
"fcf1ae7f4e3f2110fe3f83873febd79d13b46525774f481816bd40fe8b318fc50523110553fe514c3e13d0753fb530be76ccd936dcd69b5c321ed48834e0efe5",,"2026-03-12T17:25:00.000","30","NO CONTROLS","NO CONTROLS","CLEAR","DAYLIGHT","TURNING","NOT DIVIDED",,"STRAIGHT AND LEVEL","DRY","NO DEFECTS","ON SCENE","INJURY AND / OR TOW DUE TO CRASH",,,,"OVER $1,500","2026-03-12T17:25:00.000","IMPROPER TURNING/NO SIGNAL","FAILING TO YIELD RIGHT-OF-WAY","2440","W","OGDEN AVE","1023",,,,,,,"2","NONINCAPACITATING INJURY","1","0","0","1","0","1","0","17","5","3","41.8643689119","-87.6874475737","POINT (-87.687447573676 41.86436891189)"
"1fe7028f1674fa56b798cd4d0060f4ed7bd42636616f0a31c1449908ebdfb47e0039be2c32a7d31d634a2448bcd5a8fe1c078cd7456b1d043736ba3dfc4173b3",,"2026-03-12T17:20:00.000","30","TRAFFIC SIGNAL","FUNCTIONING PROPERLY","CLEAR","DAYLIGHT","SIDESWIPE SAME DIRECTION","NOT DIVIDED",,"STRAIGHT AND LEVEL","DRY","UNKNOWN",,"NO INJURY / DRIVE AWAY","Y",,,"OVER $1,500","2026-03-12T19:30:00.000","UNABLE TO DETERMINE","NOT APPLICABLE","1251","N","HAMLIN AVE","2535",,,,,,,"2","NO INDICATION OF INJURY","0","0","0","0","0","3","0","17","5","3","41.9041582816","-87.7213293372","POINT (-87.721329337174 41.904158281612)"
"92678400ce64a62db109bbbf08b8c44db55fe62de9030d034d6dccf491480c10fd0a8a2a863a6dce96c817f734d82f74973051c67a4166e0aeab6fb0228dbdd1",,"2026-03-12T17:20:00.000","30","TRAFFIC SIGNAL","UNKNOWN","CLEAR","DAYLIGHT","REAR END","OTHER",,"STRAIGHT AND LEVEL","DRY","UNKNOWN","NOT ON SCENE (DESK REPORT)","NO INJURY / DRIVE AWAY",,,,"$500 OR LESS","2026-03-12T18:20:00.000","NOT APPLICABLE","NOT APPLICABLE","55","W","ILLINOIS ST","1831",,,,,,,"2","NO INDICATION OF INJURY","0","0","0","0","0","2","0","17","5","3","41.8907159389","-87.6301474451","POINT (-87.630147445061 41.890715938888)"
"657ec470bcba06edcb80af202ae60f7b33fd610649993cb9440acaba5054e6da61ea6ef7b2da49e47864db066ad45d3d3f67f886735709713fee68bedb2fc240",,"2026-03-12T17:13:00.000","30","STOP SIGN/FLASHER","UNKNOWN","CLEAR","DAYLIGHT","ANGLE","OTHER",,"STRAIGHT AND LEVEL","UNKNOWN","UNKNOWN","ON SCENE","INJURY AND / OR TOW DUE TO CRASH",,,,"$501 - $1,500","2026-03-12T17:13:00.000","UNABLE TO DETERMINE","NOT APPLICABLE","2901","W","LAKE ST","1222",,,,,,,"2","REPORTED, NOT EVIDENT","1","0","0","0","1","2","0","17","5","3","41.8840405404","-87.6989454564","POINT (-87.698945456386 41.884040540387)"
"66d57eef096e8e01984fe9e1ccbd98da82f52c0e0315c341ea690be7e348ef268b68b4a9db27d0f3cbaa5a26c75ce67bf28113855334c018be8b2f32e9f98520",,"2026-03-12T17:10:00.000","20","NO CONTROLS","NO CONTROLS","CLEAR","DAYLIGHT","FIXED OBJECT","NOT DIVIDED",,"STRAIGHT AND LEVEL","DRY","NO DEFECTS","ON SCENE","INJURY AND / OR TOW DUE TO CRASH",,,,"$501 - $1,500","2026-03-12T17:12:00.000","EQUIPMENT - VEHICLE CONDITION","NOT APPLICABLE","798","W","68TH ST","723",,"Y",,,,,"1","NO INDICATION OF INJURY","0","0","0","0","0","3","0","17","5","3","41.7707654637","-87.6444896075","POINT (-87.644489607497 41.770765463667)"
"6c54bd2d29f2055739abe145a65cbd3b3fc4b7f990b8a37be8177ec13fbc3c41de5f6111c03b28f1cf36c05f3e0cc4b4613968dd9c3456ebe090b2916ddb5df2",,"2026-03-12T17:10:00.000","30","NO CONTROLS","NO CONTROLS","CLEAR","DARKNESS","REAR END","NOT DIVIDED",,"STRAIGHT AND LEVEL","DRY","NO DEFECTS","NOT ON SCENE (DESK REPORT)","NO INJURY / DRIVE AWAY",,,,"OVER $1,500","2026-03-13T20:35:00.000","UNABLE TO DETERMINE","UNABLE TO DETERMINE","4020","N","DAMEN AVE","1911",,,,,,,"2","NO INDICATION OF INJURY","0","0","0","0","0","2","0","17","5","3","41.9549072066","-87.6789222396","POINT (-87.678922239565 41.95490720664)"
"4da2bee5be18fb5b86624a6ccb350c463d7d9ed3b37448d089238686783dd4b0a230e8f55436ca501224999132ab8245a255ad3eac2b26101b234a4e4fb63fbc",,"2026-03-12T17:09:00.000","30","TRAFFIC SIGNAL","FUNCTIONING PROPERLY","CLEAR","DAYLIGHT","TURNING","FOUR WAY",,"STRAIGHT AND LEVEL","DRY","UNKNOWN","ON SCENE","INJURY AND / OR TOW DUE TO CRASH","Y",,,"OVER $1,500","2026-03-12T17:09:00.000","FAILING TO YIELD RIGHT-OF-WAY","NOT APPLICABLE","6320","N","CALDWELL AVE","1621",,,,,,,"2","NO INDICATION OF INJURY","0","0","0","0","0","2","0","17","5","3","41.9960275634","-87.7642535907","POINT (-87.764253590677 41.996027563389)"
"7beed634896bdd85c29e939223f5fee44ed4bd01d5ccf31ef6a22e19343e7d3bbf0680019ea06c49330425f213397be83973bf593455cd95033912293953bd1d",,"2026-03-12T17:06:00.000","30","OTHER","OTHER","CLEAR","DAYLIGHT","TURNING","NOT DIVIDED",,"STRAIGHT AND LEVEL","DRY","NO DEFECTS","ON SCENE","INJURY AND / OR TOW DUE TO CRASH",,,,"OVER $1,500","2026-03-12T17:28:00.000","UNABLE TO DETERMINE","NOT APPLICABLE","4726","N","WESTERN AVE","1911",,,,,,,"2","NO INDICATION OF INJURY","0","0","0","0","0","3","0","17","5","3","41.9675721599","-87.6890173629","POINT (-87.689017362938 41.967572159891)"
"7d165402aba1ed878221d93e37295d1d54dff854b47fd76e76b3ab81897d091be3f9d65bd1cd936fd83260fe38c9331349bba419a7639956b653ead8b789db99",,"2026-03-12T17:06:00.000","30","NO CONTROLS","NO CONTROLS","CLEAR","DAYLIGHT","REAR END","NOT DIVIDED",,"STRAIGHT AND LEVEL","DRY","NO DEFECTS","ON SCENE","NO INJURY / DRIVE AWAY","Y",,,"OVER $1,500","2026-03-12T17:07:00.000","PHYSICAL CONDITION OF DRIVER","NOT APPLICABLE","629","N","CICERO AVE","1111",,,,,,,"2","NO INDICATION OF INJURY","0","0","0","0","0","2","0","17","5","3","41.8922290004","-87.7455644151","POINT (-87.745564415114 41.892229000387)"
"76b4c4b7747514fdfac4bc9d7d5066e8bbae9609d89c413b6f97f947dd84c73ac53b0c73fb385026519538ffdc767f3dec321b57eecd0ad90af52d9e84d206db",,"2026-03-12T17:05:00.000","10","NO CONTROLS","NO CONTROLS","CLEAR","DAYLIGHT","PARKED MOTOR VEHICLE","OTHER",,"STRAIGHT AND LEVEL","DRY","NO DEFECTS","NOT ON SCENE (DESK REPORT)","NO INJURY / DRIVE AWAY",,,,"$501 - $1,500","2026-03-12T17:55:00.000","IMPROPER BACKING","NOT APPLICABLE","5547","N","KEDZIE AVE","1712",,,,,,,"2","NO INDICATION OF INJURY","0","0","0","0","0","1","0","17","5","3","41.9826440052","-87.7087037124","POINT (-87.708703712434 41.982644005198)"
"f08cdb9365ec9a316812062b3abe09d7ccada8561b1034b92a5133fbd05f491eec8bc01f2dfabd8fac4513ba17de76833c7d8c1556202e75f26da7e5e16b4141",,"2026-03-12T17:04:00.000","30","NO CONTROLS","NO CONTROLS","CLEAR","DUSK","REAR END","NOT DIVIDED",,"STRAIGHT AND LEVEL","DRY","NO DEFECTS","ON SCENE","NO INJURY / DRIVE AWAY",,,"Y","$501 - $1,500","2026-03-12T17:09:00.000","FAILING TO YIELD RIGHT-OF-WAY","FOLLOWING TOO CLOSELY","210","N","SACRAMENTO BLVD","1222",,,,,,,"2","NO INDICATION OF INJURY","0","0","0","0","0","5","0","17","5","3","41.8844377565","-87.7014476226","POINT (-87.701447622636 41.884437756458)"
"24839ae4ccf8050124fbb65bb173288284e9783d2f51ea335b8409e3d46edf299d0fdd2a4b901c69d570f74c268fc898abebc1f93ccd7df01b3cd14a40d0dbf5","Y","2026-03-12T17:00:00.000","30","UNKNOWN","UNKNOWN","UNKNOWN","UNKNOWN","PARKED MOTOR VEHICLE","NOT DIVIDED",,"STRAIGHT AND LEVEL","UNKNOWN","UNKNOWN","NOT ON SCENE (DESK REPORT)","NO INJURY / DRIVE AWAY",,,"Y","OVER $1,500","2026-03-16T12:00:00.000","UNABLE TO DETERMINE","UNABLE TO DETERMINE","1617","N","HONORE ST","1434",,,,,,,"2","NO INDICATION OF INJURY","0","0","0","0","0","1","0","17","5","3","41.9110869374","-87.6736721217","POINT (-87.673672121678 41.911086937358)"
"7d088abab9e36b3521ee888a274643e59c7f7d803f9470ed0ab9ff25ac9eca23623a3742526728d90e9925fc90f3ccfd20f365d934b38e04b77fb311b66cb3c2",,"2026-03-12T17:00:00.000","30","STOP SIGN/FLASHER","FUNCTIONING PROPERLY","CLEAR","DAYLIGHT","ANGLE","NOT DIVIDED",,"STRAIGHT AND LEVEL","DRY","NO DEFECTS","ON SCENE","INJURY AND / OR TOW DUE TO CRASH",,,,"OVER $1,500","2026-03-12T17:10:00.000","FAILING TO YIELD RIGHT-OF-WAY","DRIVING SKILLS/KNOWLEDGE/EXPERIENCE","1805","E","95TH ST","431",,,,,,,"2","NO INDICATION OF INJURY","0","0","0","0","0","2","0","17","5","3","41.7223000876","-87.5798832487","POINT (-87.579883248664 41.722300087598)"
"bad4e5f066b3d2f6f2ee946fc3e241c840d1252a2b9035ac89f1e95db0e58b922006e2f2390ec8d95d6bb32fd1ae1d0627999c7792faa43063c2587b4ac392c3","N","2026-03-12T17:00:00.000","30","NO CONTROLS","NO CONTROLS","CLEAR","DAYLIGHT","PARKED MOTOR VEHICLE","ONE-WAY",,"STRAIGHT AND LEVEL","DRY","NO DEFECTS","ON SCENE","NO INJURY / DRIVE AWAY",,,"Y","OVER $1,500","2026-03-12T18:16:00.000","DRIVING SKILLS/KNOWLEDGE/EXPERIENCE","NOT APPLICABLE","1305","W","49TH PL","933",,,,,,,"2","NO INDICATION OF INJURY","0","0","0","0","0","2","0","17","5","3","41.8040084203","-87.6578247888","POINT (-87.657824788833 41.804008420266)"
"cf5e8982fd1361dec49959d550b8709815d9236fa435b1107a880ce553b226d0ee8cbeee4b0d72e8e4f71dc48cf99bd84f3a85824c6837f6e305b9818297e58e","N","2026-03-12T17:00:00.000","30","NO CONTROLS","NO CONTROLS","CLEAR","DAYLIGHT","PARKED MOTOR VEHICLE","ONE-WAY",,"STRAIGHT AND LEVEL","DRY","NO DEFECTS","ON SCENE","INJURY AND / OR TOW DUE TO CRASH",,,,"OVER $1,500","2026-03-12T17:00:00.000","UNABLE TO DETERMINE","UNABLE TO DETERMINE","5621","S","NATCHEZ AVE","811",,,,,,,"3","NO INDICATION OF INJURY","0","0","0","0","0","1","0","17","5","3","41.7898117288","-87.7840118125","POINT (-87.784011812545 41.789811728806)"
"e97834ffc5d31fb8a8e46e7b2368e38af11f2ce8fb052872ded34256bb93073a06728ffd10f4bd7132859d6bb249003f58d23e295e717620ed9c81e157e717ea",,"2026-03-12T17:00:00.000","30","NO CONTROLS","NO CONTROLS","CLEAR","DAYLIGHT","REAR END","NOT DIVIDED",,"STRAIGHT AND LEVEL","DRY","UNKNOWN","NOT ON SCENE (DESK REPORT)","NO INJURY / DRIVE AWAY",,,,"$501 - $1,500","2026-03-13T17:15:00.000","UNABLE TO DETERMINE","UNABLE TO DETERMINE","3335","N","CLARK ST","1924","Y",,,,,,"2","NO INDICATION OF INJURY","0","0","0","0","0","3","0","17","5","3","41.9426534779","-87.65268842","POINT (-87.652688420042 41.942653477889)"
"18c3631e05686042fd41f3b3d1f9f433357718fbe664108fb1a89bd874bf99de2525f4bbc244a0419bd1c305007d63f00d5fb3a532d1b4bff9d4100b763258c6",,"2026-03-12T16:59:00.000","30","NO CONTROLS","NO CONTROLS","UNKNOWN","UNKNOWN","PARKED MOTOR VEHICLE","PARKING LOT",,"STRAIGHT ON GRADE","UNKNOWN","UNKNOWN","NOT ON SCENE (DESK REPORT)","NO INJURY / DRIVE AWAY",,,,"OVER $1,500","2026-03-12T18:15:00.000","DRIVING SKILLS/KNOWLEDGE/EXPERIENCE","UNABLE TO DETERMINE","9341","S","WESTERN AVE","2221",,,,,,,"2","NO INDICATION OF INJURY","0","0","0","0","0","1","0","16","5","3","41.7233460869","-87.6819941143","POINT (-87.681994114303 41.723346086946)"
"0e5553c668555d705ee2e21a1a6efcbb405d3f957f3ca8d1c30af687c7fb00f53d0a65b0e9c03ffcb4b0107e2da60836594a6337149eab675374a75e8451d2db",,"2026-03-12T16:58:00.000","30","UNKNOWN","UNKNOWN","CLOUDY/OVERCAST","DAYLIGHT","REAR END","NOT DIVIDED",,"STRAIGHT AND LEVEL","UNKNOWN","UNKNOWN","NOT ON SCENE (DESK REPORT)","NO INJURY / DRIVE AWAY",,,,"OVER $1,500","2026-03-12T17:30:00.000","UNABLE TO DETERMINE","UNABLE TO DETERMINE","400","W","DIVISION ST","1821",,,,,,,"2","NO INDICATION OF INJURY","0","0","0","0","0","2","0","16","5","3","41.9039027427","-87.6383708862","POINT (-87.63837088624 41.903902742747)"
"6063312cc42e7c16f46b06db62c349c67576510c8f008cb7f0bccda2a9952156f65084da283666c0c215087a8cd2f43bbb21c11f1f4a4287ae3e59a1148e7470",,"2026-03-12T16:56:00.000","20","NO CONTROLS","NO CONTROLS","CLEAR","DAYLIGHT","SIDESWIPE OPPOSITE DIRECTION","PARKING LOT",,"STRAIGHT AND LEVEL","DRY","NO DEFECTS","NOT ON SCENE (DESK REPORT)","INJURY AND / OR TOW DUE TO CRASH",,,"Y","$501 - $1,500","2026-03-12T17:30:00.000","IMPROPER BACKING","UNABLE TO DETERMINE","1538","E","95TH ST","413","Y",,,,,,"2","NONINCAPACITATING INJURY","1","0","0","1","0","1","0","16","5","3","41.7224394759","-87.5861858365","POINT (-87.586185836462 41.722439475881)"
"2960d9eec52dbff6676efb18f206ecab6f3e1db6e76873e2558d90ceb2132817a972ac1c101fc0e674a6e7965ab409b11bda52f1caa25f62b4bcf951a4fda1b8",,"2026-03-12T16:55:00.000","30","NO CONTROLS","NO CONTROLS","CLEAR","DAYLIGHT","PARKED MOTOR VEHICLE","NOT DIVIDED",,"STRAIGHT ON GRADE","DRY","NO DEFECTS","NOT ON SCENE (DESK REPORT)","NO INJURY / DRIVE AWAY",,,,"OVER $1,500","2026-03-13T15:25:00.000","IMPROPER BACKING","DRIVING SKILLS/KNOWLEDGE/EXPERIENCE","2425","W","113TH ST","2212",,,,,,,"2","NO INDICATION OF INJURY","0","0","0","0","0","3","0","16","5","3","41.6880407683","-87.6822540351","POINT (-87.682254035123 41.688040768254)"
"79ca09ce4a348e4dbeb3efde4e99f192dd9bbb7e80a389036af401b02acf976456f7966cfbc111dd5c038c17247bcc73c1e0322f2238d2a36e0f02df64ae3610",,"2026-03-12T16:52:00.000","30","NO CONTROLS","NO CONTROLS","CLEAR","DAYLIGHT","SIDESWIPE SAME DIRECTION","DIVIDED - W/MEDIAN (NOT RAISED)",,"STRAIGHT AND LEVEL","DRY","NO DEFECTS","NOT ON SCENE (DESK REPORT)","NO INJURY / DRIVE AWAY",,,"Y","OVER $1,500","2026-03-13T17:50:00.000","IMPROPER OVERTAKING/PASSING","UNABLE TO DETERMINE","2700","N","CENTRAL AVE","2514",,,,,,,"2","NO INDICATION OF INJURY","0","0","0","0","0","2","0","16","5","3","41.9294953006","-87.7663302984","POINT (-87.766330298432 41.929495300631)"
"18eee510a8a672d2f575d949bdcd9a25b9474ba0a76e109f9994396396ddec712fa5449b261de0791d5c57b389ec7c12b8ab9a4ac84ebbdc69c9d7ba9e567d0e","Y","2026-03-12T16:50:00.000","35","UNKNOWN","UNKNOWN","CLEAR","DAWN","SIDESWIPE SAME DIRECTION","NOT DIVIDED",,"STRAIGHT AND LEVEL","DRY","UNKNOWN","NOT ON SCENE (DESK REPORT)","NO INJURY / DRIVE AWAY",,,,"$501 - $1,500","2026-03-12T21:30:00.000","UNABLE TO DETERMINE","UNABLE TO DETERMINE","4700","S","WENTWORTH AVE","224",,"Y",,,,,"2","NO INDICATION OF INJURY","0","0","0","0","0","2","0","16","5","3","41.8090824366","-87.6310308737","POINT (-87.63103087365 41.809082436649)"
"46edd203e554d790e3ee9a7ae85328a96f332b97c7ef714cdcc6848153df723a2bda4f3d7e7c2aa30888870259e331f2fa75031af7557119195cfffa0055420a",,"2026-03-12T16:48:00.000","30","NO CONTROLS","NO CONTROLS","CLEAR","DAYLIGHT","TURNING","NOT DIVIDED",,"STRAIGHT AND LEVEL","DRY","UNKNOWN","ON SCENE","NO INJURY / DRIVE AWAY",,,,"OVER $1,500","2026-03-12T17:20:00.000","FAILING TO YIELD RIGHT-OF-WAY","DRIVING SKILLS/KNOWLEDGE/EXPERIENCE","5150","N","CENTRAL AVE","1622",,,,,,,"2","NO INDICATION OF INJURY","0","0","0","0","0","5","0","16","5","3","41.9750146774","-87.7686408584","POINT (-87.768640858408 41.975014677433)"
"96122b90a5282172f1132533f90b30a49a62cac03c57e3b202843e7ed6be188d4ea495736f426479841d6139bc9e5c4a99e7ffdb89c938444e5d2e8cf690f214",,"2026-03-12T16:45:00.000","40","NO CONTROLS","NO CONTROLS","CLEAR","DAYLIGHT","FIXED OBJECT","DIVIDED - W/MEDIAN BARRIER",,"STRAIGHT AND LEVEL","DRY","RUT, HOLES","NOT ON SCENE (DESK REPORT)","NO INJURY / DRIVE AWAY",,,,"$501 - $1,500","2026-03-14T11:00:00.000","ROAD ENGINEERING/SURFACE/MARKING DEFECTS","NOT APPLICABLE","2900","N","LAKE SHORE DR NB","1934",,,,,,,"1","NO INDICATION OF INJURY","0","0","0","0","0","1","0","16","5","3","41.9345141246","-87.632569855","POINT (-87.632569855026 41.934514124639)"
"33ffb450c4284c40f90aeda6285ab6201eb281673178635a3031b1b96e795ca94dfb3360f02096f5f2fc70cffe3e1746c3837e47ca5f1815878825a2c1748bd3",,"2026-03-12T16:40:00.000","25","UNKNOWN","UNKNOWN","UNKNOWN","DAYLIGHT","SIDESWIPE OPPOSITE DIRECTION","NOT DIVIDED",,"STRAIGHT AND LEVEL","UNKNOWN","UNKNOWN","NOT ON SCENE (DESK REPORT)","NO INJURY / DRIVE AWAY",,,,"$501 - $1,500","2026-03-13T17:00:00.000","UNABLE TO DETERMINE","UNABLE TO DETERMINE","6159","N","WINCHESTER AVE","2413",,,,,,,"2","NO INDICATION OF INJURY","0","0","0","0","0","2","0","16","5","3","41.9936420351","-87.6783612102","POINT (-87.678361210205 41.993642035102)"
"37246b108d36646b07310e84ea11526e7784a0596cfc7eed48b95ff5dbb14840422d3959f67c4cbd1e652388cad515ce30dcd1bb7c755da3ff67267e2dd7708f",,"2026-03-12T16:40:00.000","30","NO CONTROLS","NO CONTROLS","CLEAR","DAYLIGHT","SIDESWIPE SAME DIRECTION","NOT DIVIDED",,"STRAIGHT AND LEVEL","DRY","NO DEFECTS",,"NO INJURY / DRIVE AWAY",,,"Y","OVER $1,500","2026-03-12T17:50:00.000","DRIVING SKILLS/KNOWLEDGE/EXPERIENCE","NOT APPLICABLE","3348","S","PULASKI RD","1031",,,,,,,"2","NO INDICATION OF INJURY","0","0","0","0","0","2","0","16","5","3","41.8321440313","-87.7243959235","POINT (-87.724395923478 41.832144031294)"
"4451c9f0f4984d67482a6a2981c4d011cde2cee92d177f950bc18f3d62893fe4df3e76b80882f5ec869cc55edc7176423156cce377486a0d2728fc48648169a9",,"2026-03-12T16:40:00.000","25","TRAFFIC SIGNAL","UNKNOWN","CLEAR","DAYLIGHT","ANGLE","NOT DIVIDED",,"STRAIGHT AND LEVEL","DRY","NO DEFECTS","NOT ON SCENE (DESK REPORT)","NO INJURY / DRIVE AWAY",,,,"$500 OR LESS","2026-03-12T17:05:00.000","UNABLE TO DETERMINE","UNABLE TO DETERMINE","701","W","35TH ST","915",,,,,,,"2","NO INDICATION OF INJURY","0","0","0","0","0","2","0","16","5","3","41.8306703878","-87.6437298325","POINT (-87.643729832457 41.830670387761)"