"crash_record_id","crash_date_est_i","crash_date","posted_speed_limit","traffic_control_device","device_condition","weather_condition","lighting_condition","first_crash_type","trafficway_type","lane_cnt","alignment","roadway_surface_cond","road_defect","report_type","crash_type","intersection_related_i","private_property_i","hit_and_run_i","damage","date_police_notified","prim_contributory_cause","sec_contributory_cause","street_no","street_direction","street_name","beat_of_occurrence","photos_taken_i","statements_taken_i","dooring_i","work_zone_i","work_zone_type","workers_present_i","num_units","most_severe_injury","injuries_total","injuries_fatal","injuries_incapacitating","injuries_non_incapacitating","injuries_reported_not_evident","injuries_no_indication","injuries_unknown","crash_hour","crash_day_of_week","crash_month","latitude","longitude","location"
"6f9d4d4f34e53d8ffe78828696c0f374875946e9a7aaa21c022576fe4018e52af6bc7bd804973efbe7466c2f762886183c6d41f2e83640f3f3bb315e6f222c90",,"2026-03-12T16:40:00.000","30","NO CONTROLS","NO CONTROLS","CLEAR","DAYLIGHT","SIDESWIPE SAME DIRECTION","DIVIDED - W/MEDIAN (NOT RAISED)",,"STRAIGHT AND LEVEL","DRY","NO DEFECTS","NOT ON SCENE (DESK REPORT)","NO INJURY / DRIVE AWAY","N",,,"OVER $1,500","2026-03-12T17:10:00.000","UNABLE TO DETERMINE","UNABLE TO DETERMINE","1740","S","WESTERN AVE","1023",,,,,,,"2","NO INDICATION OF INJURY","0","0","0","0","0","2","0","16","5","3","41.8575015291","-87.6859714381","POINT (-87.685971438053 41.857501529108)"
"72f75cb729dd3ceee09567ece2a5e4a916d02939064a69afa4d3980ad300fa2565aaac03bf207e0c2d381f77518a1872e67a06217bc51502787591fc912c0459",,"2026-03-12T16:37:00.000","30","UNKNOWN","UNKNOWN","CLEAR","DAYLIGHT","SIDESWIPE SAME DIRECTION","NOT DIVIDED",,"STRAIGHT AND LEVEL","DRY","UNKNOWN","ON SCENE","NO INJURY / DRIVE AWAY",,,,"$501 - $1,500","2026-03-12T16:50:00.000","FOLLOWING TOO CLOSELY","NOT APPLICABLE","4236","W","MADISON ST","1115",,,,,,,"2","NO INDICATION OF INJURY","0","0","0","0","0","2","0","16","5","3","41.880760306","-87.7320679814","POINT (-87.732067981396 41.880760305954)"
"62ebd01b088666d2f01b4eeca8d560b6bc976d897da4f207df7bbd0d1da873d8584114f14e48f0b32c4b91f06355f59434e95afc2c781f2a5a53243a1f05c377",,"2026-03-12T16:36:00.000","30","NO CONTROLS","NO CONTROLS","CLEAR","DAYLIGHT","REAR END","NOT DIVIDED",,"STRAIGHT AND LEVEL","DRY","NO DEFECTS","ON SCENE","INJURY AND / OR TOW DUE TO CRASH",,,,"OVER $1,500","2026-03-12T16:38:00.000","FOLLOWING TOO CLOSELY","FOLLOWING TOO CLOSELY","5545","S","PULASKI RD","822",,,,,,,"2","REPORTED, NOT EVIDENT","1","0","0","0","1","1","0","16","5","3","41.7918413796","-87.7229738248","POINT (-87.722973824793 41.791841379562)"
"50fd562db2ef3ac0ab9de9dd1395750d6f45efd3c5462f000eafd21a474da8c1fd4aa330278bf5650279011ebf7e36704c6318057e93d8d6730ceee86db2dde9",,"2026-03-12T16:30:00.000","40","NO CONTROLS","NO CONTROLS","UNKNOWN","UNKNOWN","OTHER OBJECT","DIVIDED - W/MEDIAN BARRIER",,"STRAIGHT AND LEVEL","UNKNOWN","UNKNOWN","NOT ON SCENE (DESK REPORT)","NO INJURY / DRIVE AWAY",,,,"$501 - $1,500","2026-03-16T16:45:00.000","UNABLE TO DETERMINE","NOT APPLICABLE","3000","N","LAKE SHORE DR NB","1934",,,,,,,"1","NO INDICATION OF INJURY","0","0","0","0","0","1","0","16","5","3","41.9366200057","-87.6340534837","POINT (-87.634053483713 41.936620005711)"
"91207cac7940a8ac0c57003626f2384146f4c52aed72b211ad1fc14cb04c87677e028bdf71c64c5254edbc3c7f09f6ef2cf35da0fca41e28038d858f222d6c06",,"2026-03-12T16:30:00.000","35","TRAFFIC SIGNAL","FUNCTIONING PROPERLY","CLEAR","DAYLIGHT","REAR END","DIVIDED - W/MEDIAN (NOT RAISED)",,"STRAIGHT AND LEVEL","DRY","NO DEFECTS","NOT ON SCENE (DESK REPORT)","NO INJURY / DRIVE AWAY","Y",,,"OVER $1,500","2026-03-12T17:10:00.000","UNABLE TO DETERMINE","UNABLE TO DETERMINE","7000","S","DAMEN AVE","735",,,,,,,"2","NO INDICATION OF INJURY","0","0","0","0","0","2","0","16","5","3","41.7665759333","-87.6737255826","POINT (-87.673725582562 41.766575933329)"
"d5ad2d5430ef1935f4b93f679c6c6f5080c447d827af085d6b028cca410e5ee0c48a21b512126fffd94f61cdb54c431fc189c3c4c161d8c13585bbe22e1e7fa4",,"2026-03-12T16:20:00.000","15","STOP SIGN/FLASHER","FUNCTIONING PROPERLY","CLEAR","DAYLIGHT","REAR END","DIVIDED - W/MEDIAN (NOT RAISED)",,"STRAIGHT AND LEVEL","DRY","NO DEFECTS","NOT ON SCENE (DESK REPORT)","INJURY AND / OR TOW DUE TO CRASH",,,,"OVER $1,500","2026-03-12T17:15:00.000","FOLLOWING TOO CLOSELY","FAILING TO REDUCE SPEED TO AVOID CRASH","2901","W","ADDISON ST","1733",,,,,,,"2","REPORTED, NOT EVIDENT","1","0","0","0","1","1","0","16","5","3","41.9465528262","-87.7005357656","POINT (-87.700535765616 41.946552826169)"
"533685d33cc18d7245bdca072125f796bb6231f44ed1f7ff6e988707c2d454c212cd3242e7bab916f7e87873d2f375c0a198553f9bdafd184c461e44214ef0da",,"2026-03-12T16:15:00.000","30","NO CONTROLS","NO CONTROLS","CLEAR","DAYLIGHT","PEDESTRIAN","NOT DIVIDED",,"STRAIGHT AND LEVEL","DRY","UNKNOWN","ON SCENE","INJURY AND / OR TOW DUE TO CRASH","Y",,"Y","OVER $1,500","2026-03-12T16:19:00.000","UNABLE TO DETERMINE","NOT APPLICABLE","5215","W","LE MOYNE ST","2532",,,,,,,"2","NONINCAPACITATING INJURY","1","0","0","1","0","1","0","16","5","3","41.9075695712","-87.7565657711","POINT (-87.756565771138 41.907569571187)"
"a07e2d8379d4d07a6891a5198d12d131cc0fa101cb4bbb6ae82b5f7981dd5aa64155654586b98ad7888b3431034b8a0f5c8b28e24373c845c9481ed66cf3d513",,"2026-03-12T16:13:00.000","30","NO CONTROLS","NO CONTROLS","CLEAR","DAYLIGHT","PARKED MOTOR VEHICLE","ONE-WAY",,"STRAIGHT AND LEVEL","DRY","NO DEFECTS","ON SCENE","NO INJURY / DRIVE AWAY",,,,"$501 - $1,500","2026-03-12T16:23:00.000","NOT APPLICABLE","NOT APPLICABLE","1651","W","CONGRESS PKWY","1231",,,,,,,"2","NO INDICATION OF INJURY","0","0","0","0","0","3","0","16","5","3","41.8750344767","-87.668675874","POINT (-87.668675873966 41.875034476676)"
"26106209c958fed9d433412f428cf65a0eca5283110291fdd79d7bcdc6d3446ed14baacae54b4968e4e1a644415a17e870caa0266332251ad88ace0fce7a5a5f",,"2026-03-12T16:05:00.000","30","NO CONTROLS","NO CONTROLS","CLEAR","DAYLIGHT","SIDESWIPE SAME DIRECTION","ONE-WAY",,"STRAIGHT AND LEVEL","DRY","NO DEFECTS","ON SCENE","INJURY AND / OR TOW DUE TO CRASH",,,,"OVER $1,500","2026-03-12T16:37:00.000","UNABLE TO DETERMINE","UNABLE TO DETERMINE","60","W","VAN BUREN ST","113",,,,,,,"2","NO INDICATION OF INJURY","0","0","0","0","0","2","0","16","5","3","41.8770014386","-87.6297762539","POINT (-87.62977625391 41.877001438608)"
"87038c76dc8062f3776524cbb2ffb46a690c253fd95a53fbdd2081059b982f651de769f60173b51ab0ef34af9c2be20dfa705b74159a337ea7a10d12bae2ddb6",,"2026-03-12T16:05:00.000","30","NO CONTROLS","NO CONTROLS","CLEAR","DAYLIGHT","TURNING","NOT DIVIDED",,"STRAIGHT AND LEVEL","DRY","NO DEFECTS","ON SCENE","INJURY AND / OR TOW DUE TO CRASH",,,,"OVER $1,500","2026-03-12T16:14:00.000","FAILING TO YIELD RIGHT-OF-WAY","UNABLE TO DETERMINE","8640","S","KEDZIE AVE","834",,,,,,,"2","NO INDICATION OF INJURY","0","0","0","0","0","5","0","16","5","3","41.7357635842","-87.7021775616","POINT (-87.702177561605 41.735763584245)"
"21f7f96974ffe30c58c0db114da247d20864f47969f1a07eab1f84fa8eddb24001f211a043a239cda05f4a80378f08f87b92495392755e7d2134200543e6c42d",,"2026-03-12T16:04:00.000","30","NO CONTROLS","NO CONTROLS","CLEAR","DAYLIGHT","PARKED MOTOR VEHICLE","NOT DIVIDED",,"STRAIGHT AND LEVEL","DRY","NO DEFECTS","NOT ON SCENE (DESK REPORT)","NO INJURY / DRIVE AWAY",,,,"$500 OR LESS","2026-03-12T17:20:00.000","UNABLE TO DETERMINE","UNABLE TO DETERMINE","132","W","111TH ST","513",,,,,,,"2","NO INDICATION OF INJURY","0","0","0","0","0","1","0","16","5","3","41.6926456568","-87.6271340966","POINT (-87.62713409661 41.692645656795)"
"1b1c3f90b6b832d0ae37f201f2ec285f3cdd29dae37610369fb44e199c9b713307415e45baba7efa817661f8125650d86b995b3c701f63cefbe5a4b91c85c3cf",,"2026-03-12T16:03:00.000","15","NO CONTROLS","NO CONTROLS","CLEAR","DAYLIGHT","FIXED OBJECT","ALLEY",,"STRAIGHT AND LEVEL","DRY","NO DEFECTS","ON SCENE","NO INJURY / DRIVE AWAY",,,,"$500 OR LESS","2026-03-12T16:05:00.000","IMPROPER BACKING","DISTRACTION - FROM OUTSIDE VEHICLE","4912","N","ST LOUIS AVE","1712",,,,,,,"1","NO INDICATION OF INJURY","0","0","0","0","0","1","0","16","5","3","41.9705764995","-87.716014263","POINT (-87.716014263009 41.970576499496)"
"929793288f4637da8e04a36ee48722df21ae6d77db113cf4b7b68c1849c5ac90f4a6bc58e842d9f0c54ce798e8580846aaedd0df9e59f7bda00784b9f7e7426a",,"2026-03-12T16:02:00.000","30","TRAFFIC SIGNAL","FUNCTIONING PROPERLY","CLEAR","DAYLIGHT","REAR END","FOUR WAY",,"STRAIGHT AND LEVEL","DRY","NO DEFECTS","NOT ON SCENE (DESK REPORT)","NO INJURY / DRIVE AWAY","Y",,,"$500 OR LESS","2026-03-13T18:40:00.000","UNABLE TO DETERMINE","UNABLE TO DETERMINE","1031","W","ROOSEVELT RD","1232",,,,,,,"2","NO INDICATION OF INJURY","0","0","0","0","0","2","0","16","5","3","41.8669590897","-87.6522935991","POINT (-87.652293599072 41.866959089731)"
"011258d5c85b9d4c262f0df82b11f4ec7a3a501d3e267a538f288d8d5ff6028fbe8f2080c076422a1df70ed001ac39a4fc1697b208af8d942487f35851297031",,"2026-03-12T16:00:00.000","35","TRAFFIC SIGNAL","NOT FUNCTIONING","CLEAR","DAYLIGHT","PEDESTRIAN","FOUR WAY",,"STRAIGHT AND LEVEL","DRY","NO DEFECTS","ON SCENE","INJURY AND / OR TOW DUE TO CRASH",,,"Y","$501 - $1,500","2026-03-12T16:32:00.000","FAILING TO YIELD RIGHT-OF-WAY","NOT APPLICABLE","8700","S","LAFAYETTE AVE","634",,,,,,,"2","REPORTED, NOT EVIDENT","1","0","0","0","1","1","0","16","5","3","41.7361651101","-87.625587569","POINT (-87.625587568999 41.736165110086)"
"10d4d34f95d879aa06d4826bf916d9a285fbd14403c7abca40412ef29bcae35d3debf71cf93d6f260ac326831164e58decf91fbfed36455051abeaf7f8d36c61",,"2026-03-12T16:00:00.000","30","STOP SIGN/FLASHER","FUNCTIONING PROPERLY","CLEAR","DAYLIGHT","ANGLE","FOUR WAY",,"STRAIGHT AND LEVEL","DRY","NO DEFECTS","ON SCENE","INJURY AND / OR TOW DUE TO CRASH","Y",,,"OVER $1,500","2026-03-12T16:15:00.000","DISREGARDING STOP SIGN","UNABLE TO DETERMINE","1439","E","MARQUETTE RD","321","Y","Y",,,,,"2","NO INDICATION OF INJURY","0","0","0","0","0","2","0","16","5","3","41.7750325076","-87.5896794994","POINT (-87.589679499422 41.775032507598)"
"6641139c59b01ed9d1391bfdbe359cb814a469d6545da79cbc171085c7c60eb3fd9823bc07d4938ef5f4546af20665d1d628d5f3fa645463016d0c9985582bbc",,"2026-03-12T16:00:00.000","30","TRAFFIC SIGNAL","UNKNOWN","UNKNOWN","UNKNOWN","REAR END","NOT DIVIDED",,"STRAIGHT AND LEVEL","UNKNOWN","UNKNOWN","NOT ON SCENE (DESK REPORT)","NO INJURY / DRIVE AWAY",,,"Y","$501 - $1,500","2026-03-13T10:30:00.000","UNABLE TO DETERMINE","NOT APPLICABLE","4800","S","CICERO AVE","814",,,,,,,"2","NO INDICATION OF INJURY","0","0","0","0","0","5","0","16","5","3","41.8057070122","-87.7432520283","POINT (-87.743252028253 41.805707012223)"
"caeff8226eaeee4274e7d9034b2481be8e3666e4811ca13392f105549f72cb0fbe4de40b6b1f61b279b0a46b20c4eabe5ef261dd451620e1abf56d144de4149f",,"2026-03-12T16:00:00.000","30","UNKNOWN","UNKNOWN","UNKNOWN","UNKNOWN","REAR END","UNKNOWN",,"STRAIGHT AND LEVEL","UNKNOWN","UNKNOWN","NOT ON SCENE (DESK REPORT)","NO INJURY / DRIVE AWAY",,,,"OVER $1,500","2026-03-13T12:00:00.000","UNABLE TO DETERMINE","UNABLE TO DETERMINE","475","E","ILLINOIS ST","1834",,,,,,,"2","NO INDICATION OF INJURY","0","0","0","0","0","2","0","16","5","3","41.8909852288","-87.6152952001","POINT (-87.615295200074 41.890985228757)"
"cb4826fd34733ab233a0f04e46c997738d10478bf8b693f790e55a121906e50901c604fad297fd8069fdbc5df3d4d3a4d6c1a3a6ceaf082125e772ae3c885d7a",,"2026-03-12T16:00:00.000","30","NO CONTROLS","NO CONTROLS","CLEAR","DAYLIGHT","REAR END","NOT DIVIDED",,"STRAIGHT AND LEVEL","DRY","NO DEFECTS","ON SCENE","NO INJURY / DRIVE AWAY",,,,"$501 - $1,500","2026-03-12T16:04:00.000","DISTRACTION - FROM INSIDE VEHICLE","FOLLOWING TOO CLOSELY","7900","S","HALSTED ST","621",,,,,,,"3","NO INDICATION OF INJURY","0","0","0","0","0","3","0","16","5","3","41.7505495594","-87.6441883678","POINT (-87.644188367841 41.750549559439)"
"f224e5e5804fe89dbc704e2561488b9c05398c43e2bedcebf06d0100d77cbd2622f63c655089cb4bae8f73ac7c8dc9dcdd81e752e141dfc5ef9ed458dab69919",,"2026-03-12T16:00:00.000","30","NO CONTROLS","NO CONTROLS","CLEAR","DAYLIGHT","SIDESWIPE SAME DIRECTION","NOT DIVIDED",,"STRAIGHT AND LEVEL","DRY","NO DEFECTS","NOT ON SCENE (DESK REPORT)","NO INJURY / DRIVE AWAY",,,,"OVER $1,500","2026-03-12T17:14:00.000","IMPROPER LANE USAGE","NOT APPLICABLE","3201","W","COLUMBUS AVE","835",,,,,,,"2","NO INDICATION OF INJURY","0","0","0","0","0","4","0","16","5","3","41.7503592534","-87.702387075","POINT (-87.702387074976 41.750359253418)"
"2769598bc0b144aace98b045de5600590cf64235fe8881a036987d23067e55a64323157dc060f860441c1a72807455a2eb25c5420cd68db696d35ff0147bcf11",,"2026-03-12T15:55:00.000","30","TRAFFIC SIGNAL","FUNCTIONING PROPERLY","CLEAR","DAYLIGHT","REAR END","T-INTERSECTION",,"STRAIGHT AND LEVEL","DRY","NO DEFECTS","ON SCENE","NO INJURY / DRIVE AWAY",,,,"$501 - $1,500","2026-03-12T15:55:00.000","NOT APPLICABLE","NOT APPLICABLE","5100","S","DREXEL AVE","233",,,,,,,"2","NO INDICATION OF INJURY","0","0","0","0","0","5","0","15","5","3","41.8022472997","-87.6043440181","POINT (-87.604344018073 41.802247299721)"
"02c723ddd2ef403015710c44c4f080f5ba730e19c94d3b90fab0755c10370a76d1fa4d62b09915a7e60548b2671e4f6e0329469e5702ed9c8ea57bd90655b2b0",,"2026-03-12T15:52:00.000","30","NO CONTROLS","FUNCTIONING PROPERLY","CLEAR","DAYLIGHT","PARKED MOTOR VEHICLE","NOT DIVIDED",,"STRAIGHT AND LEVEL","DRY","NO DEFECTS","ON SCENE","INJURY AND / OR TOW DUE TO CRASH",,,,"OVER $1,500","2026-03-12T15:52:00.000","NOT APPLICABLE","NOT APPLICABLE","1334","N","LARAMIE AVE","2532",,,,,,,"3","NO INDICATION OF INJURY","0","0","0","0","0","1","0","15","5","3","41.9051070331","-87.7559876307","POINT (-87.755987630722 41.90510703314)"
"1d4d2ba3c55ff1d457ff770020123dc5135a435412650c438c2845142b3cf683f1efe37db38daf8924cdf771c54da2e00646ab2f50017b9047e8e1d522fffce6","Y","2026-03-12T15:50:00.000","30","TRAFFIC SIGNAL","FUNCTIONING PROPERLY","CLEAR","DAYLIGHT","REAR END","CENTER TURN LANE",,"STRAIGHT AND LEVEL","DRY","UNKNOWN","NOT ON SCENE (DESK REPORT)","NO INJURY / DRIVE AWAY",,,,"OVER $1,500","2026-03-12T16:20:00.000","FOLLOWING TOO CLOSELY","NOT APPLICABLE","2800","N","ASHLAND AVE","1931",,,,,,,"2","NO INDICATION OF INJURY","0","0","0","0","0","2","0","15","5","3","41.932445362","-87.6685428496","POINT (-87.668542849642 41.932445362001)"
"28f0a817e56e196036e518323ec8eda7b7e16e841d0fa0e4a54ba911c093ff025d10ac8a4984f5d71c36abaf2dc62a3ebb7d7189ba40c12b3b6e9638c7e73e66","N","2026-03-12T15:50:00.000","25","NO CONTROLS","NO CONTROLS","CLEAR","DAYLIGHT","REAR END","ONE-WAY",,"STRAIGHT AND LEVEL","DRY","UNKNOWN","ON SCENE","INJURY AND / OR TOW DUE TO CRASH",,,,"OVER $1,500","2026-03-12T15:55:00.000","FOLLOWING TOO CLOSELY","NOT APPLICABLE","1814","S","ST LOUIS AVE","1021",,,,,,,"2","NO INDICATION OF INJURY","0","0","0","0","0","4","0","15","5","3","41.8566999745","-87.7128545658","POINT (-87.712854565836 41.856699974483)"
"fd626e170df7c7facca3fa9533bd5299fd1ffecbf247277a944ad194e7e31a97268a629a9e7df173079c59cf8a93a0c64fb6457610ee6d9ba270cd9c89ca5dd8",,"2026-03-12T15:50:00.000","30","NO CONTROLS","NO CONTROLS","CLEAR","DAYLIGHT","REAR END","DIVIDED - W/MEDIAN (NOT RAISED)",,"STRAIGHT AND LEVEL","DRY","UNKNOWN","NOT ON SCENE (DESK REPORT)","NO INJURY / DRIVE AWAY",,,,"OVER $1,500","2026-03-12T19:00:00.000","UNABLE TO DETERMINE","UNABLE TO DETERMINE","4415","W","OGDEN AVE","1013",,,,,,,"2","NO INDICATION OF INJURY","0","0","0","0","0","2","0","15","5","3","41.8473948729","-87.7348735731","POINT (-87.734873573129 41.847394872885)"
"fe769eb4d4b88702d56bd1cf862a981b0f167c452edb43e29e4ffe6e8b7ebc0637a5d8b6ffe47b718c0ee29a3a3714baba29e463282b058b485130aef8b23758",,"2026-03-12T15:50:00.000","30","TRAFFIC SIGNAL","FUNCTIONING PROPERLY","UNKNOWN","UNKNOWN","SIDESWIPE SAME DIRECTION","NOT DIVIDED",,"STRAIGHT AND LEVEL","UNKNOWN","UNKNOWN","NOT ON SCENE (DESK REPORT)","NO INJURY / DRIVE AWAY",,,,"OVER $1,500","2026-03-12T17:03:00.000","UNABLE TO DETERMINE","NOT APPLICABLE","419","S","WESTERN AVE","1225",,,,,,,"2","NO INDICATION OF INJURY","0","0","0","0","0","2","0","15","5","3","41.8755702353","-87.6861003676","POINT (-87.686100367611 41.875570235288)"
"1e0e8fa75b6b77f46fabe911d63ea034ff8e5e574e363a8a349e23eeaef612803a396d06feee293d61b4b1997dcf5c24a3f74bbe2035b8c247629cc9b52112e1",,"2026-03-12T15:44:00.000","30","TRAFFIC SIGNAL","UNKNOWN","CLEAR","DAYLIGHT","TURNING","NOT DIVIDED",,"STRAIGHT AND LEVEL","DRY","UNKNOWN","NOT ON SCENE (DESK REPORT)","NO INJURY / DRIVE AWAY","Y",,,"OVER $1,500","2026-03-12T17:44:00.000","IMPROPER OVERTAKING/PASSING","FAILING TO YIELD RIGHT-OF-WAY","7059","S","STATE ST","322",,,,,,,"2","NO INDICATION OF INJURY","0","0","0","0","0","2","0","15","5","3","41.7654690661","-87.6247589405","POINT (-87.624758940498 41.765469066053)"
"e6c7a85f593f52e04052383f2556a3f9e675f8301a2897751ad35b2821fc5e7b4241dc638e1545558af651c9541028043425daebc68c781230bd992f658eb84c",,"2026-03-12T15:43:00.000","15","OTHER","OTHER","CLEAR","DAYLIGHT","ANGLE","NOT DIVIDED",,"STRAIGHT AND LEVEL","DRY","NO DEFECTS","ON SCENE","NO INJURY / DRIVE AWAY",,,,"OVER $1,500","2026-03-12T15:45:00.000","UNABLE TO DETERMINE","NOT APPLICABLE","2746","N","CLYBOURN AVE","1931",,,,,,,"2","NO INDICATION OF INJURY","0","0","0","0","0","4","0","15","5","3","41.9310210058","-87.6768640181","POINT (-87.676864018134 41.931021005798)"
"4f71381ed3c26983947111f533d097114b7c1355149a8a8477d9e8ec10bbc9d9f53242b074cc999178cb42c66cb7575cb837ec4d6a0c965d3481041d4f507dad",,"2026-03-12T15:40:00.000","30","NO CONTROLS","NO CONTROLS","CLEAR","DAYLIGHT","SIDESWIPE SAME DIRECTION","NOT DIVIDED",,"STRAIGHT AND LEVEL","DRY","UNKNOWN","NOT ON SCENE (DESK REPORT)","NO INJURY / DRIVE AWAY",,,"Y","$500 OR LESS","2026-03-13T16:07:00.000","UNABLE TO DETERMINE","NOT APPLICABLE","3844","S","PULASKI RD","815",,,,,,,"2","NO INDICATION OF INJURY","0","0","0","0","0","3","0","15","5","3","41.8229051189","-87.7241952356","POINT (-87.724195235592 41.822905118873)"
"bf1a8ee61c04c3c5ce66495f8fe7ce3b1249d4e5f4cab65e81d450603a7b6b99e2cd77172b9e59f12236663a5fbb6c9988ef5f42290d682b390cf3f7171cd1c8",,"2026-03-12T15:40:00.000","30","NO CONTROLS","NO CONTROLS","CLEAR","DAYLIGHT","SIDESWIPE SAME DIRECTION","NOT DIVIDED",,"STRAIGHT AND LEVEL","DRY","NO DEFECTS","ON SCENE","INJURY AND / OR TOW DUE TO CRASH",,,,"OVER $1,500","2026-03-12T15:43:00.000","FAILING TO YIELD RIGHT-OF-WAY","UNABLE TO DETERMINE","3260","W","FULLERTON AVE","1413",,,,,,,"2","NO INDICATION OF INJURY","0","0","0","0","0","3","0","15","5","3","41.9247996187","-87.7098220957","POINT (-87.709822095652 41.924799618685)"
"78b75c57e78f4621dcdbfdcc09460f970b70a325ce8da90234ec766d4aa80d7b8d65ebcb999862daf5cbd5dbb0c4d7094dca2c0d5c7f8c1fd387dfa9c8757ef5",,"2026-03-12T15:37:00.000","30","NO CONTROLS","NO CONTROLS","CLEAR","DAYLIGHT","REAR TO FRONT","FOUR WAY",,"STRAIGHT AND LEVEL","DRY","NO DEFECTS","NOT ON SCENE (DESK REPORT)","NO INJURY / DRIVE AWAY","Y",,,"$500 OR LESS","2026-03-12T21:30:00.000","UNABLE TO DETERMINE","NOT APPLICABLE","3555","W","ADDISON ST","1732",,,,,,,"2","NO INDICATION OF INJURY","0","0","0","0","0","3","0","15","5","3","41.9463976652","-87.7173205837","POINT (-87.717320583691 41.946397665207)"
"0a5cbedc66b39e8cef43990a3334cca83a6fc664d46614f28c9c1a7a3fe77c3990f1c405957a229500050e7644d66000ede4b9c879b4205da9eb5e766c7d67f1",,"2026-03-12T15:35:00.000","30","TRAFFIC SIGNAL","FUNCTIONING PROPERLY","CLEAR","DAYLIGHT","REAR END","DIVIDED - W/MEDIAN (NOT RAISED)",,"STRAIGHT AND LEVEL","DRY","UNKNOWN","ON SCENE","INJURY AND / OR TOW DUE TO CRASH",,,,"OVER $1,500","2026-03-12T16:35:00.000","FOLLOWING TOO CLOSELY","FOLLOWING TOO CLOSELY","5958","W","FULLERTON AVE","2515",,,,,,,"3","REPORTED, NOT EVIDENT","2","0","0","0","2","5","0","15","5","3","41.9239373192","-87.7756580264","POINT (-87.775658026391 41.923937319159)"
"51f0fa9f540d9f654d2da04214ab1a44abf9c8e23aa8cbef3bb5da10433f03a73c73b2d01cd8799bebae5b4c7e658ab8a6f76f1cf28abe101ce62234de1270b4",,"2026-03-12T15:32:00.000","30","UNKNOWN","UNKNOWN","UNKNOWN","UNKNOWN","SIDESWIPE SAME DIRECTION","UNKNOWN INTERSECTION TYPE",,"STRAIGHT AND LEVEL","UNKNOWN","UNKNOWN","NOT ON SCENE (DESK REPORT)","NO INJURY / DRIVE AWAY",,,,"$500 OR LESS","2026-03-12T17:00:00.000","IMPROPER OVERTAKING/PASSING","NOT APPLICABLE","7255","S","JEFFERY BLVD","333",,,,,,,"2","NO INDICATION OF INJURY","0","0","0","0","0","2","0","15","5","3","41.7626897817","-87.5760786178","POINT (-87.576078617799 41.762689781707)"
"0a32320b2a2cc891ad4d0e69e8092617de4c145bc998c683970c5729ed4b090aecebc9ecfda2328a2052ccfdcdec392f559e28d69b6c2e5e6ffe3d6c50067ea4",,"2026-03-12T15:31:00.000","30","STOP SIGN/FLASHER","FUNCTIONING PROPERLY","CLEAR","DAYLIGHT","PARKED MOTOR VEHICLE","NOT DIVIDED",,"STRAIGHT AND LEVEL","DRY","UNKNOWN","NOT ON SCENE (DESK REPORT)","NO INJURY / DRIVE AWAY",,,"Y","OVER $1,500","2026-03-12T18:45:00.000","UNABLE TO DETERMINE","NOT APPLICABLE","4202","N","LONG AVE","1624",,,,,,,"2","NO INDICATION OF INJURY","0","0","0","0","0","1","0","15","5","3","41.9569970665","-87.7623469419","POINT (-87.762346941906 41.956997066525)"
"c0f49a9a50f58e37e8a46ea556b5b876508da636993120f3777ca1faa6f3b9afef0d47d57424cddf33fcbd7e5c27232ce2ece2908b0338690c01dac41293e6f5",,"2026-03-12T15:30:00.000","30","NO CONTROLS","NO CONTROLS","CLEAR","DAYLIGHT","SIDESWIPE SAME DIRECTION","NOT DIVIDED",,"STRAIGHT AND LEVEL","DRY","NO DEFECTS","NOT ON SCENE (DESK REPORT)","NO INJURY / DRIVE AWAY",,,,"OVER $1,500","2026-03-12T17:00:00.000","IMPROPER LANE USAGE","NOT APPLICABLE","400","N","LAKE SHORE DR","1834",,,,,,,"2","NO INDICATION OF INJURY","0","0","0","0","0","2","0","15","5","3","41.8894184002","-87.6142701882","POINT (-87.614270188222 41.889418400236)"
"c69be06bb06f2e665757b3ad8bab2b4a9ebc1d163a0f0c66d4317b36cf4f5cdc6412822b04bc1c28aa5c90a29c94ace12eaa1a62fb1f7b9cbbd78d9a8450a805",,"2026-03-12T15:20:00.000","30","NO CONTROLS","NO CONTROLS","CLEAR","DAYLIGHT","SIDESWIPE SAME DIRECTION","NOT DIVIDED",,"STRAIGHT AND LEVEL","UNKNOWN","NO DEFECTS","NOT ON SCENE (DESK REPORT)","NO INJURY / DRIVE AWAY",,,,"$501 - $1,500","2026-03-12T15:40:00.000","FOLLOWING TOO CLOSELY","FOLLOWING TOO CLOSELY","4400","N","LAVERGNE AVE","1623",,,,,,,"2","NO INDICATION OF INJURY","0","0","0","0","0","2","0","15","5","3","41.9607008855","-87.7525627667","POINT (-87.752562766715 41.96070088554)"
"d522e3eeb488e18b72bc4b18d7c4e41778fe913567d9ebfae408b8068cec70a514d641392636d9ecec44a6f510a46259e7fe7dff29991ed7cfc0cedd2790432f",,"2026-03-12T15:14:00.000","30","TRAFFIC SIGNAL","FUNCTIONING PROPERLY","UNKNOWN","UNKNOWN","REAR END","NOT DIVIDED",,"STRAIGHT AND LEVEL","UNKNOWN","UNKNOWN","NOT ON SCENE (DESK REPORT)","NO INJURY / DRIVE AWAY",,,"Y","OVER $1,500","2026-03-15T16:00:00.000","FOLLOWING TOO CLOSELY","FOLLOWING TOO CLOSELY","6147","N","SHERIDAN RD","2433",,,,,,,"2","NO INDICATION OF INJURY","0","0","0","0","0","2","0","15","5","3","41.9936933278","-87.6553529147","POINT (-87.655352914733 41.993693327765)"