"crash_record_id","crash_date_est_i","crash_date","posted_speed_limit","traffic_control_device","device_condition","weather_condition","lighting_condition","first_crash_type","trafficway_type","lane_cnt","alignment","roadway_surface_cond","road_defect","report_type","crash_type","intersection_related_i","private_property_i","hit_and_run_i","damage","date_police_notified","prim_contributory_cause","sec_contributory_cause","street_no","street_direction","street_name","beat_of_occurrence","photos_taken_i","statements_taken_i","dooring_i","work_zone_i","work_zone_type","workers_present_i","num_units","most_severe_injury","injuries_total","injuries_fatal","injuries_incapacitating","injuries_non_incapacitating","injuries_reported_not_evident","injuries_no_indication","injuries_unknown","crash_hour","crash_day_of_week","crash_month","latitude","longitude","location"
"520cf9f5f14cead0b83a3618292bd4cf3f931824bd2d7e1d8d4e25ca270c53b0725895e29cb9deb57ddfdc3da840cb3d1c9a81684e70faf2c1b5d58211da4b2e",,"2026-03-12T15:10:00.000","25","NO CONTROLS","NO CONTROLS","UNKNOWN","UNKNOWN","TURNING","ONE-WAY",,"STRAIGHT AND LEVEL","UNKNOWN","UNKNOWN","NOT ON SCENE (DESK REPORT)","NO INJURY / DRIVE AWAY",,,,"OVER $1,500","2026-03-12T18:00:00.000","UNABLE TO DETERMINE","NOT APPLICABLE","6411","N","RICHMOND ST","2412",,,,,,,"2","NO INDICATION OF INJURY","0","0","0","0","0","2","0","15","5","3","41.9978714933","-87.70317422","POINT (-87.703174219978 41.997871493318)"
"0e4566ede814ffe9b523c81c55d67d1f8a0e66983c924993d9820d57fc956509e58b6dfcabe98258e55ad97da98d32f2510e85fa2f033fe840e342471c12dadd",,"2026-03-12T15:08:00.000","25","UNKNOWN","UNKNOWN","CLEAR","DAYLIGHT","SIDESWIPE SAME DIRECTION","ONE-WAY",,"STRAIGHT AND LEVEL","DRY","NO DEFECTS","ON SCENE","INJURY AND / OR TOW DUE TO CRASH",,,,"OVER $1,500","2026-03-12T16:07:00.000","UNABLE TO DETERMINE","UNABLE TO DETERMINE","208","S","WELLS ST","122",,,,,,,"2","NONINCAPACITATING INJURY","3","0","0","3","0","1","0","15","5","3","41.8790876471","-87.6339015883","POINT (-87.633901588279 41.879087647139)"
"e518daec84b72f94d87e6f6b34ec5449e7824e6ae97084968c0635357e671cb04608080ecf0f9d9a3feffb36ec2d2aa0314a7c002d755f9316ceffbe81fe1eab",,"2026-03-12T15:07:00.000","25","NO CONTROLS","NO CONTROLS","CLEAR","DAYLIGHT","REAR END","NOT DIVIDED",,"STRAIGHT AND LEVEL","DRY","NO DEFECTS","NOT ON SCENE (DESK REPORT)","NO INJURY / DRIVE AWAY","N",,"Y","OVER $1,500","2026-03-12T16:47:00.000","FOLLOWING TOO CLOSELY","UNABLE TO DETERMINE","2433","S","CALIFORNIA AVE","1034",,,,,,,"2","NO INDICATION OF INJURY","0","0","0","0","0","2","0","15","5","3","41.8472857563","-87.6951673198","POINT (-87.695167319775 41.847285756281)"
"c77563ec576c040b33d500151b95758a691dcc5f315c69c27773f0e9f64357645370935788c3c3c3ec4c29e0abc8638ecb38d1909f72b990511f7023ec8e7cd1",,"2026-03-12T15:05:00.000","30","NO CONTROLS","NO CONTROLS","CLEAR","DAYLIGHT","SIDESWIPE SAME DIRECTION","OTHER",,"STRAIGHT AND LEVEL","UNKNOWN","UNKNOWN","ON SCENE","NO INJURY / DRIVE AWAY",,,"Y","OVER $1,500","2026-03-12T15:36:00.000","IMPROPER OVERTAKING/PASSING","IMPROPER LANE USAGE","3132","S","WESTERN AVE","911",,,,,,,"2","NO INDICATION OF INJURY","0","0","0","0","0","2","0","15","5","3","41.8361814199","-87.6853515135","POINT (-87.685351513501 41.836181419944)"
"c7c225ba3c9b3ed54ac15d84a80eebff247e9405c4a2dc3aed367d62f1baf5f155932c9924db5dd512a9470817262796449d377179aad5d4eaa2ebf73ac6120a",,"2026-03-12T15:05:00.000","15","NO CONTROLS","NO CONTROLS","CLEAR","DAYLIGHT","TURNING","NOT DIVIDED",,"STRAIGHT AND LEVEL","DRY","NO DEFECTS","NOT ON SCENE (DESK REPORT)","NO INJURY / DRIVE AWAY",,,,"$501 - $1,500","2026-03-12T16:20:00.000","DISTRACTION - FROM INSIDE VEHICLE","UNABLE TO DETERMINE","2398","W","41ST ST","924",,,,,,,"2","NO INDICATION OF INJURY","0","0","0","0","0","2","0","15","5","3","41.8194496238","-87.6840986105","POINT (-87.684098610501 41.8194496238)"
"29fe01ae709a6db77a3375c51655c8a132b33c600944a9b6f966f8a54a95d215e000d572d18c4dbae40796ce38fe1e175bdb2cbc6df0248a05ed48fbd1f00787","Y","2026-03-12T15:00:00.000","30","TRAFFIC SIGNAL","UNKNOWN","CLEAR","DAYLIGHT","REAR END","FOUR WAY",,"STRAIGHT AND LEVEL","DRY","UNKNOWN","ON SCENE","INJURY AND / OR TOW DUE TO CRASH",,,,"OVER $1,500","2026-03-12T15:23:00.000","UNABLE TO DETERMINE","NOT APPLICABLE","4105","W","ARMITAGE AVE","2534",,,,,,,"2","NO INDICATION OF INJURY","0","0","0","0","0","2","0","15","5","3","41.9170222055","-87.7292420684","POINT (-87.729242068355 41.917022205507)"
"72c471d819e0abc5c1c3243a3020fce04f1b4ff8f06381fdd96bfdbd90a7dfc34705397674e640df443d341f56d8718b6daacda42b39d5a1fa30c1a6059101ce",,"2026-03-12T15:00:00.000","30","STOP SIGN/FLASHER","FUNCTIONING PROPERLY","CLEAR","DAYLIGHT","REAR END","DIVIDED - W/MEDIAN (NOT RAISED)",,"STRAIGHT AND LEVEL","DRY","NO DEFECTS","NOT ON SCENE (DESK REPORT)","NO INJURY / DRIVE AWAY",,,,"$501 - $1,500","2026-03-12T16:50:00.000","FAILING TO REDUCE SPEED TO AVOID CRASH","UNABLE TO DETERMINE","1847","W","ROSCOE ST","1922",,,,,,,"2","NO INDICATION OF INJURY","0","0","0","0","0","2","0","15","5","3","41.9431409632","-87.6757073947","POINT (-87.675707394669 41.943140963161)"
"7bcd65bccc5a4d8206cbe1a502e0b065c0c75598ef94b8c9584f86508dc8eceb5fd6427463e91ec468a79ffea63da6ccdf69ab2f551b01cbe7918601168f60f8","Y","2026-03-12T15:00:00.000","30","NO CONTROLS","NO CONTROLS","CLEAR","DAYLIGHT","PARKED MOTOR VEHICLE","ONE-WAY",,"STRAIGHT AND LEVEL","UNKNOWN","UNKNOWN","NOT ON SCENE (DESK REPORT)","NO INJURY / DRIVE AWAY",,,"Y","OVER $1,500","2026-03-12T21:00:00.000","UNABLE TO DETERMINE","NOT APPLICABLE","5712","S","CALUMET AVE","232",,,,,,,"2","NO INDICATION OF INJURY","0","0","0","0","0","1","0","15","5","3","41.7907153456","-87.6176449922","POINT (-87.617644992249 41.790715345609)"
"d1fd1d2b101588d97462ae4a072cdf0cf2cb511c4c19eb707cda9ae0b074612bd58a743eb85565f1b335cb2cd8cdb12cae23bfc7ea4738865d7fa30efcb0941a",,"2026-03-12T14:57:00.000","25","NO CONTROLS","NO CONTROLS","CLEAR","DAYLIGHT","SIDESWIPE SAME DIRECTION","NOT DIVIDED",,"STRAIGHT AND LEVEL","DRY","NO DEFECTS","ON SCENE","NO INJURY / DRIVE AWAY",,,"Y","$501 - $1,500","2026-03-12T14:58:00.000","FAILING TO YIELD RIGHT-OF-WAY","NOT APPLICABLE","349","W","75TH ST","623",,,,,,,"2","NO INDICATION OF INJURY","0","0","0","0","0","2","0","14","5","3","41.7579760451","-87.6340021592","POINT (-87.634002159241 41.757976045121)"
"438ae903298d6b67d4c3bb3ceb0ed711b53d01e3d0eaa6b051e92aeb8cd8f942c18562accf296e6c94bc9e27ecc10ac0c17aebc1a225e6d85bd625bf1204c352",,"2026-03-12T14:55:00.000","15","STOP SIGN/FLASHER","FUNCTIONING PROPERLY","CLEAR","DAYLIGHT","PEDALCYCLIST","ONE-WAY",,"STRAIGHT AND LEVEL","DRY","UNKNOWN","ON SCENE","INJURY AND / OR TOW DUE TO CRASH","Y",,"Y","OVER $1,500","2026-03-12T14:57:00.000","FAILING TO YIELD RIGHT-OF-WAY","DISREGARDING STOP SIGN","2859","W","39TH PL","921",,,,,,,"2","REPORTED, NOT EVIDENT","1","0","0","0","1","1","0","14","5","3","41.8217373716","-87.696968275","POINT (-87.696968274971 41.821737371578)"
"a729fd75cd8279f07d5a8e10b6f17be1abe7209c863bd3377065ee687b3a88936a75e17b685e9c82831b28de7b75dab160ad3e0559128b21fc8bbc301e01152f",,"2026-03-12T14:55:00.000","30","UNKNOWN","UNKNOWN","UNKNOWN","UNKNOWN","TURNING","FOUR WAY",,"STRAIGHT AND LEVEL","UNKNOWN","UNKNOWN","NOT ON SCENE (DESK REPORT)","NO INJURY / DRIVE AWAY",,,,"OVER $1,500","2026-03-13T03:15:00.000","IMPROPER TURNING/NO SIGNAL","IMPROPER TURNING/NO SIGNAL","300","W","WACKER DR","122",,,,,,,"2","NO INDICATION OF INJURY","0","0","0","0","0","2","0","14","5","3","41.8868854561","-87.6356218242","POINT (-87.635621824237 41.886885456143)"
"99e0f873fa4b52504b4c1fa03392dfc97a5d1f4ca025b5f1c080b08a5f05d50515902d84befba86f30e81ef9a125ef6f7292d6fb8fff1cd3602d609990cd3ef9",,"2026-03-12T14:50:00.000","30","NO CONTROLS","NO CONTROLS","CLEAR","DAYLIGHT","SIDESWIPE SAME DIRECTION","ONE-WAY",,"STRAIGHT AND LEVEL","UNKNOWN","UNKNOWN","NOT ON SCENE (DESK REPORT)","NO INJURY / DRIVE AWAY",,,,"OVER $1,500","2026-03-12T15:20:00.000","FAILING TO YIELD RIGHT-OF-WAY","FAILING TO REDUCE SPEED TO AVOID CRASH","145","W","ONTARIO ST","1832",,,,,,,"2","NO INDICATION OF INJURY","0","0","0","0","0","3","0","14","5","3","41.8930934528","-87.6328847712","POINT (-87.632884771238 41.893093452823)"
"f6bc9a92ed99f3819877991986b9d2380833f6f0681d2d09929b38edf231956689cb9a15615098c0ec5046142e00b90533d02165d6ee324b77bba98f15011a27",,"2026-03-12T14:50:00.000","30","STOP SIGN/FLASHER","FUNCTIONING PROPERLY","CLEAR","DAYLIGHT","ANGLE","DIVIDED - W/MEDIAN (NOT RAISED)",,"STRAIGHT AND LEVEL","DRY","UNKNOWN","ON SCENE","INJURY AND / OR TOW DUE TO CRASH","Y",,,"OVER $1,500","2026-03-12T14:53:00.000","UNABLE TO DETERMINE","NOT APPLICABLE","5100","N","KEDZIE AVE","1713",,,,,,,"2","REPORTED, NOT EVIDENT","1","0","0","0","1","3","0","14","5","3","41.9739530902","-87.7087773978","POINT (-87.708777397769 41.97395309023)"
"c4a41713a8b4058be710046d7b87a4a7699f4ee1bb232affa647e0c8453d8bc3c825ad4182766a0bfa8c9eb8c1e9d636e0800690839b1ef3b2764aee10096d9f",,"2026-03-12T14:49:00.000","30","NO CONTROLS","NO CONTROLS","CLEAR","DAYLIGHT","REAR END","OTHER",,"STRAIGHT AND LEVEL","DRY","UNKNOWN","ON SCENE","INJURY AND / OR TOW DUE TO CRASH",,,,"OVER $1,500","2026-03-12T15:29:00.000","FOLLOWING TOO CLOSELY","FAILING TO REDUCE SPEED TO AVOID CRASH","6451","N","RIDGE BLVD","2432",,,,,,,"2","NONINCAPACITATING INJURY","1","0","0","1","0","1","0","14","5","3","41.9993792138","-87.6773322607","POINT (-87.677332260688 41.999379213802)"
"25556ecc8e25220a13739be7205e426ea333d4243fa97d946b43f28247773fde60eeb977cdb8cf8263ac039f2b87b10dfbd50d0ef7b049da370c043c7c221f3b",,"2026-03-12T14:45:00.000","30","NO CONTROLS","NO CONTROLS","CLEAR","DAYLIGHT","TURNING","DIVIDED - W/MEDIAN (NOT RAISED)",,"STRAIGHT AND LEVEL","DRY","NO DEFECTS","NOT ON SCENE (DESK REPORT)","NO INJURY / DRIVE AWAY",,,,"OVER $1,500","2026-03-12T16:00:00.000","FAILING TO YIELD RIGHT-OF-WAY","NOT APPLICABLE","3245","W","NORTH AVE","1422",,,,,,,"2","NO INDICATION OF INJURY","0","0","0","0","0","2","0","14","5","3","41.9099798058","-87.7088256755","POINT (-87.708825675533 41.909979805809)"
"115056fa5252d07ff69e55a0de63b1fc66bf4bac5af585b6f3d0adb71592117190eb2081b5a42ff0b1be03e5dcab63576fafec2b660e3ac82176fd5fd4434a8d",,"2026-03-12T14:40:00.000","30","STOP SIGN/FLASHER","FUNCTIONING PROPERLY","CLEAR","DAYLIGHT","ANGLE","ONE-WAY",,"STRAIGHT AND LEVEL","DRY","NO DEFECTS","ON SCENE","NO INJURY / DRIVE AWAY","Y",,,"OVER $1,500","2026-03-12T14:41:00.000","FAILING TO YIELD RIGHT-OF-WAY","NOT APPLICABLE","3827","W","LELAND AVE","1723",,,,,,,"2","NO INDICATION OF INJURY","0","0","0","0","0","4","0","14","5","3","41.9663486216","-87.7242820816","POINT (-87.724282081626 41.966348621579)"
"d51487661268e68da549add53cb1ef6e9149443178d04a859123d847d9165b60de902f3ec45524ffa5ffa307980c9ee7100fcce0aa1b1e437b6dc98b81b65a1c",,"2026-03-12T14:40:00.000","30","TRAFFIC SIGNAL","FUNCTIONING PROPERLY","CLEAR","DAYLIGHT","REAR TO FRONT","DIVIDED - W/MEDIAN (NOT RAISED)",,"STRAIGHT AND LEVEL","DRY","UNKNOWN","NOT ON SCENE (DESK REPORT)","NO INJURY / DRIVE AWAY",,,"Y","$501 - $1,500","2026-03-12T14:51:00.000","UNABLE TO DETERMINE","UNABLE TO DETERMINE","2553","W","PETERSON AVE","2011",,,,,,,"2","NO INDICATION OF INJURY","0","0","0","0","0","2","0","14","5","3","41.990362961","-87.6942367608","POINT (-87.694236760751 41.990362961016)"
"411a71bb13a2643a8ebe66d5a7f749da611ce8e310c85110941f3f495a94b342647bfcc9fdeb69b320d60af68d792415283318b33581c03878fa4bdc8e02a7ec",,"2026-03-12T14:30:00.000","30","TRAFFIC SIGNAL","FUNCTIONING PROPERLY","CLEAR","DAYLIGHT","REAR END","FOUR WAY",,"STRAIGHT AND LEVEL","DRY","NO DEFECTS","NOT ON SCENE (DESK REPORT)","NO INJURY / DRIVE AWAY","Y",,"Y","$501 - $1,500","2026-03-13T12:10:00.000","UNABLE TO DETERMINE","NOT APPLICABLE","402","E","79TH ST","624",,,,,,,"2","NO INDICATION OF INJURY","0","0","0","0","0","3","0","14","5","3","41.7512244672","-87.6148107293","POINT (-87.614810729318 41.751224467234)"
"5d26440aa41952fb246abc09ea0260b365fcec080cb7bbecff132ffcfe16475090475d8c2bf4431633b4b804c1232e960ae159a3f432fb65788b116dcd492901",,"2026-03-12T14:30:00.000","25","NO CONTROLS","NO CONTROLS","CLEAR","DAYLIGHT","PARKED MOTOR VEHICLE","DIVIDED - W/MEDIAN (NOT RAISED)",,"STRAIGHT AND LEVEL","DRY","NO DEFECTS","NOT ON SCENE (DESK REPORT)","NO INJURY / DRIVE AWAY",,,,"OVER $1,500","2026-03-12T15:30:00.000","UNABLE TO DETERMINE","UNABLE TO DETERMINE","4009","N","KEDZIE AVE","1724",,,,,,,"2","NO INDICATION OF INJURY","0","0","0","0","0","2","0","14","5","3","41.9542382515","-87.7078778171","POINT (-87.707877817063 41.954238251474)"
"ccf8b49244c69e86d2e003153a3429edfa25b10f3eb21b635f8e0153db86d9a328ba9ab9bed1b2be3da8238a30dddde89b0f52ffacf73695e96f4a2463fe6d2f",,"2026-03-12T14:30:00.000","10","NO CONTROLS","NO CONTROLS","CLEAR","DAYLIGHT","PARKED MOTOR VEHICLE","PARKING LOT",,"STRAIGHT AND LEVEL","UNKNOWN","UNKNOWN","NOT ON SCENE (DESK REPORT)","NO INJURY / DRIVE AWAY",,,"Y","OVER $1,500","2026-03-12T21:00:00.000","UNABLE TO DETERMINE","UNABLE TO DETERMINE","5140","N","CALIFORNIA AVE","2031",,,,,,,"2","NO INDICATION OF INJURY","0","0","0","0","0","1","0","14","5","3","41.9752199982","-87.6990467552","POINT (-87.69904675522 41.975219998183)"
"fc1ca74c528c0276f038ada464845e2e93ccf76a7ed6959c787cb02c71b1ab24edc5e8518e6568587fa3e12837476d1a72d9b69672148f922031fcb770f3442a",,"2026-03-12T14:30:00.000","30","TRAFFIC SIGNAL","FUNCTIONING PROPERLY","CLEAR","DAYLIGHT","REAR END","NOT DIVIDED",,"STRAIGHT AND LEVEL","DRY","UNKNOWN","NOT ON SCENE (DESK REPORT)","NO INJURY / DRIVE AWAY",,,,"$501 - $1,500","2026-03-12T19:15:00.000","UNABLE TO DETERMINE","UNABLE TO DETERMINE","1300","N","WESTERN AVE","1423",,,,,,,"2","NO INDICATION OF INJURY","0","0","0","0","0","2","0","14","5","3","41.90493125","-87.6872250946","POINT (-87.687225094559 41.904931250046)"
"c4e7a22540ddef1affc7de06f0dd9251632b6c243c0293dc84420fb49110690a8bcb26e51fb37b80cb6702fe988f014d9daa38a7e2eff0d82df538c0c8cee942",,"2026-03-12T14:18:00.000","30","UNKNOWN","UNKNOWN","UNKNOWN","DAYLIGHT","PEDALCYCLIST","FOUR WAY",,"STRAIGHT AND LEVEL","UNKNOWN","UNKNOWN","NOT ON SCENE (DESK REPORT)","NO INJURY / DRIVE AWAY","Y",,"Y","$501 - $1,500","2026-03-12T16:20:00.000","UNABLE TO DETERMINE","UNABLE TO DETERMINE","770","N","LA SALLE DR","1832",,,,,,,"2","NO INDICATION OF INJURY","0","0","0","0","0","2","0","14","5","3","41.8965617502","-87.6328554826","POINT (-87.632855482633 41.896561750165)"
"baae304b5cdd44476447855908c69cc0c4f030504f748d0fa519e2afee0c80be8b4f1a95290a18e0be1b691fa0dcd8333840373d213ec6fbdc6b898e6dc03662",,"2026-03-12T14:15:00.000","30","NO CONTROLS","NO CONTROLS","CLEAR","DAYLIGHT","TURNING","NOT DIVIDED",,"STRAIGHT AND LEVEL","DRY","NO DEFECTS","ON SCENE","INJURY AND / OR TOW DUE TO CRASH",,,,"OVER $1,500","2026-03-12T14:20:00.000","FAILING TO YIELD RIGHT-OF-WAY","UNABLE TO DETERMINE","1941","N","ASHLAND AVE","1433",,,,,,,"2","NONINCAPACITATING INJURY","3","0","0","3","0","0","0","14","5","3","41.9173539973","-87.6676360161","POINT (-87.667636016088 41.917353997334)"
"d23891247e462b4ff9a8fb15a1242f1bfb5dd71731b793096f9081a253e9d7a828c5cbda5cf44054588c7a5c6ee3aa211b72458cd60de2f3895e2f21537fe039",,"2026-03-12T14:15:00.000","30","STOP SIGN/FLASHER","UNKNOWN","CLEAR","DAYLIGHT","ANGLE","DIVIDED - W/MEDIAN (NOT RAISED)",,"STRAIGHT AND LEVEL","UNKNOWN","UNKNOWN","NOT ON SCENE (DESK REPORT)","NO INJURY / DRIVE AWAY",,,,"$501 - $1,500","2026-03-12T15:30:00.000","FAILING TO YIELD RIGHT-OF-WAY","NOT APPLICABLE","9400","S","ESCANABA AVE","423",,,,,,,"2","NO INDICATION OF INJURY","0","0","0","0","0","2","0","14","5","3","41.7245249906","-87.5540314806","POINT (-87.55403148056 41.724524990635)"
"2a940aa1d009c7a8c5d6ff5a22c8faf12e079707f1a96f39244f5f48cdefe79989af75cb382075ccb38d7a98e4b30f6c81bec6e620f87ae9c8f65b4bc5e5cf66",,"2026-03-12T14:05:00.000","30","NO CONTROLS","NO CONTROLS","CLEAR","DAYLIGHT","PEDESTRIAN","NOT DIVIDED",,"STRAIGHT AND LEVEL","UNKNOWN","UNKNOWN","ON SCENE","INJURY AND / OR TOW DUE TO CRASH",,,,"OVER $1,500","2026-03-12T15:42:00.000","UNABLE TO DETERMINE","UNABLE TO DETERMINE","1442","E","87TH ST","412",,,,,,,"2","NONINCAPACITATING INJURY","2","0","0","1","1","0","0","14","5","3","41.7369820096","-87.588633161","POINT (-87.588633160984 41.736982009554)"
"1275b16416ea2df3021237a95b92a6f95b11d4dbf4526ede3ff09cfec373c2dd3f18f1344b49c817dddc5d6c6cea93c729b5daf7c277cbfc99489d3fcea13330",,"2026-03-12T14:00:00.000","30","TRAFFIC SIGNAL","FUNCTIONING PROPERLY","CLEAR","DAYLIGHT","SIDESWIPE SAME DIRECTION","CENTER TURN LANE",,"STRAIGHT AND LEVEL","DRY","NO DEFECTS","ON SCENE","INJURY AND / OR TOW DUE TO CRASH",,,,"OVER $1,500","2026-03-12T14:58:00.000","IMPROPER OVERTAKING/PASSING","IMPROPER OVERTAKING/PASSING","4808","N","PULASKI RD","1712",,,,,,,"2","NO INDICATION OF INJURY","0","0","0","0","0","4","0","14","5","3","41.9685367702","-87.7281838765","POINT (-87.728183876457 41.968536770208)"
"17a46940e430774416536aec49e9247333d8d8c2b70da34e2e80e1995bc4da0bff8fe70517ad1388fa0ae94544b9ccff49c39a6a5f04e44b2ad97f02f52bbb61",,"2026-03-12T14:00:00.000","5","NO CONTROLS","NO CONTROLS","OTHER","UNKNOWN","REAR END","OTHER",,"STRAIGHT AND LEVEL","WET","UNKNOWN","NOT ON SCENE (DESK REPORT)","NO INJURY / DRIVE AWAY",,,,"$501 - $1,500","2026-03-13T10:00:00.000","UNABLE TO DETERMINE","UNABLE TO DETERMINE","2407","W","23RD ST","1034",,,,,,,"2","NO INDICATION OF INJURY","0","0","0","0","0","5","0","14","5","3","41.8501003098","-87.6859142948","POINT (-87.685914294757 41.850100309813)"
"27cd2ddec1281efffe8b7b77dfc1ac9f30fecee80770e5c22e4cbcdbb01203df26cd7e382dac3c4fd4e6405243fef26cced562c61997f8486b1d9da26d77434a","Y","2026-03-12T14:00:00.000","30","TRAFFIC SIGNAL","FUNCTIONING PROPERLY","CLEAR","DAYLIGHT","ANGLE","FOUR WAY",,"STRAIGHT AND LEVEL","DRY","NO DEFECTS","NOT ON SCENE (DESK REPORT)","NO INJURY / DRIVE AWAY","Y",,,"OVER $1,500","2026-03-13T14:00:00.000","DISREGARDING TRAFFIC SIGNALS","DRIVING SKILLS/KNOWLEDGE/EXPERIENCE","6659","S","WENTWORTH AVE","722",,,,,,,"2","NO INDICATION OF INJURY","0","0","0","0","0","5","0","14","5","3","41.7728093181","-87.6298197873","POINT (-87.629819787263 41.772809318114)"
"76010019f32c2844fc386157cb5d1666fec5dff0f91f087b591f4a457b03875cf33222a7a1dc19a9c526bff6f47e221ca2ded3aab9156991f370cb83c26bcf86",,"2026-03-12T14:00:00.000","30","TRAFFIC SIGNAL","FUNCTIONING PROPERLY","CLOUDY/OVERCAST","DAYLIGHT","SIDESWIPE SAME DIRECTION","FOUR WAY",,"STRAIGHT AND LEVEL","UNKNOWN","UNKNOWN","NOT ON SCENE (DESK REPORT)","NO INJURY / DRIVE AWAY",,,,"OVER $1,500","2026-03-12T16:20:00.000","UNABLE TO DETERMINE","NOT APPLICABLE","1400","S","WABASH AVE","131",,,,,,,"2","NO INDICATION OF INJURY","0","0","0","0","0","2","0","14","5","3","41.8639848932","-87.6258962419","POINT (-87.625896241936 41.863984893215)"
"e8bbd289b03a56bf06f034d3abe3cd46682244b776131ad54cbddb4a0a5135c297cf6c3f8be823a5b04f8ae5c2ed08b5b9b844ae18147f8541011dd253c364fb",,"2026-03-12T14:00:00.000","30","UNKNOWN","UNKNOWN","UNKNOWN","UNKNOWN","PARKED MOTOR VEHICLE","ONE-WAY",,"STRAIGHT AND LEVEL","UNKNOWN","UNKNOWN","NOT ON SCENE (DESK REPORT)","NO INJURY / DRIVE AWAY",,,,"OVER $1,500","2026-03-12T15:15:00.000","UNABLE TO DETERMINE","NOT APPLICABLE","31","W","ADAMS ST","113",,,,,,,"2","NO INDICATION OF INJURY","0","0","0","0","0","2","0","14","5","3","41.8793357319","-87.628955068","POINT (-87.628955068043 41.879335731906)"
"ed94f92e8d02a722be6369e3896463499ac42978d6249aa30ceeec5f439e834ea41db30546264531bccbe440a9a403db313f96d84ef1e166e9e3ce2588dfd330",,"2026-03-12T14:00:00.000","30","STOP SIGN/FLASHER","FUNCTIONING PROPERLY","CLEAR","DAYLIGHT","REAR END","DIVIDED - W/MEDIAN (NOT RAISED)",,"STRAIGHT AND LEVEL","UNKNOWN","UNKNOWN","NOT ON SCENE (DESK REPORT)","NO INJURY / DRIVE AWAY",,,,"OVER $1,500","2026-03-12T17:05:00.000","UNABLE TO DETERMINE","NOT APPLICABLE","198","W","76TH ST","623",,,,,,,"2","NO INDICATION OF INJURY","0","0","0","0","0","3","0","14","5","3","41.7564410855","-87.6295134737","POINT (-87.629513473711 41.756441085501)"
"28339ccb729ecae1f814d043bf2d0ad1e731e7937bfb6abef4f0b59109bd4ab0273436744aa75f1c51b4f0a83c16bf7d01a1083cd1094c5a4d23f0e8edc7ca6c",,"2026-03-12T13:50:00.000","30","TRAFFIC SIGNAL","FUNCTIONING PROPERLY","CLEAR","DAYLIGHT","SIDESWIPE SAME DIRECTION","DIVIDED - W/MEDIAN BARRIER",,"STRAIGHT AND LEVEL","DRY","NO DEFECTS","ON SCENE","NO INJURY / DRIVE AWAY",,,,"OVER $1,500","2026-03-12T14:00:00.000","UNABLE TO DETERMINE","UNABLE TO DETERMINE","802","N","ASHLAND AVE","1213",,,,,,,"2","NO INDICATION OF INJURY","0","0","0","0","0","2","0","13","5","3","41.8961727202","-87.667441216","POINT (-87.667441215987 41.896172720195)"
"0421bed582caef96acf83ece06268c2a9bd9ad4e0dc656213854580164884f7f3804cd63554fea7282b3d17cf29f4dfee283a1261e3542a5e3cf6ac13b95966d",,"2026-03-12T13:49:00.000","30","NO CONTROLS","NO CONTROLS","CLEAR","DAYLIGHT","PARKED MOTOR VEHICLE","NOT DIVIDED",,"STRAIGHT AND LEVEL","DRY","UNKNOWN","NOT ON SCENE (DESK REPORT)","NO INJURY / DRIVE AWAY",,,"Y","OVER $1,500","2026-03-12T15:39:00.000","NOT APPLICABLE","NOT APPLICABLE","676","N","ST CLAIR ST","1834",,,,,,,"2","NO INDICATION OF INJURY","0","0","0","0","0","2","0","13","5","3","41.8948529614","-87.6229018004","POINT (-87.622901800428 41.89485296136)"
"5b60dce24b7902a39598a787a5134b0ee7278bf4118a5cac0a04dbc71cee357c24284241241a9caeea74e44c2be252ce8fa759771c77bb3ee335e33911f115c0",,"2026-03-12T13:45:00.000","15","NO CONTROLS","NO CONTROLS","CLEAR","DAYLIGHT","PARKED MOTOR VEHICLE","DIVIDED - W/MEDIAN (NOT RAISED)",,"STRAIGHT AND LEVEL","DRY","NO DEFECTS","NOT ON SCENE (DESK REPORT)","NO INJURY / DRIVE AWAY",,,,"$501 - $1,500","2026-03-12T14:50:00.000","UNABLE TO DETERMINE","UNABLE TO DETERMINE","1730","W","FULLERTON AVE","1931",,,,,,,"2","NO INDICATION OF INJURY","0","0","0","0","0","1","0","13","5","3","41.9252123276","-87.6719254251","POINT (-87.671925425136 41.925212327594)"
"632c13e87f92bad62c609d7e65d3a3946bf5582150aa7ae36293d82240455752bd6453c76ef66d207e7aa9b8dcb12c20d4b89bbd8a994de38f4d7c286925cb2f",,"2026-03-12T13:42:00.000","30","NO CONTROLS","NO CONTROLS","CLEAR","DAYLIGHT","REAR END","DIVIDED - W/MEDIAN (NOT RAISED)",,"STRAIGHT AND LEVEL","DRY","NO DEFECTS","ON SCENE","INJURY AND / OR TOW DUE TO CRASH",,,,"OVER $1,500","2026-03-12T13:45:00.000","FOLLOWING TOO CLOSELY","NOT APPLICABLE","2202","S","BLUE ISLAND AVE","1034",,,,,,,"2","NO INDICATION OF INJURY","0","0","0","0","0","2","0","13","5","3","41.8522844108","-87.6662862889","POINT (-87.666286288945 41.852284410846)"