"crash_record_id","crash_date_est_i","crash_date","posted_speed_limit","traffic_control_device","device_condition","weather_condition","lighting_condition","first_crash_type","trafficway_type","lane_cnt","alignment","roadway_surface_cond","road_defect","report_type","crash_type","intersection_related_i","private_property_i","hit_and_run_i","damage","date_police_notified","prim_contributory_cause","sec_contributory_cause","street_no","street_direction","street_name","beat_of_occurrence","photos_taken_i","statements_taken_i","dooring_i","work_zone_i","work_zone_type","workers_present_i","num_units","most_severe_injury","injuries_total","injuries_fatal","injuries_incapacitating","injuries_non_incapacitating","injuries_reported_not_evident","injuries_no_indication","injuries_unknown","crash_hour","crash_day_of_week","crash_month","latitude","longitude","location"
"5b7dcb766a4ff869077ddb102e6930ad354a92874794f23e53cc97e8efe8e559708a0d595d0255dd4508ca2beea5ea86270170be99f5ef40ae1f5810d1cc586c",,"2026-03-12T13:37:00.000","30","TRAFFIC SIGNAL","FUNCTIONING PROPERLY","CLEAR","DAYLIGHT","SIDESWIPE OPPOSITE DIRECTION","NOT DIVIDED",,"STRAIGHT AND LEVEL","DRY","NO DEFECTS","ON SCENE","INJURY AND / OR TOW DUE TO CRASH","Y",,,"OVER $1,500","2026-03-12T13:38:00.000","FAILING TO YIELD RIGHT-OF-WAY","IMPROPER OVERTAKING/PASSING","3265","S","ARCHER AVE","912",,"Y",,,,,"5","REPORTED, NOT EVIDENT","1","0","0","0","1","5","0","13","5","3","41.8347454016","-87.6703146772","POINT (-87.670314677237 41.834745401604)"
"5559d8b99827623c266d717b165ec534e0b99b7c42d01922e27c20417b4532529977a5c4337a47fbaf378447bbd4e362a3a223e22f547f5b095089dc85bf7735",,"2026-03-12T13:36:00.000","30","TRAFFIC SIGNAL","FUNCTIONING PROPERLY","CLEAR","DAYLIGHT","SIDESWIPE SAME DIRECTION","DIVIDED - W/MEDIAN (NOT RAISED)",,"STRAIGHT AND LEVEL","DRY","UNKNOWN","NOT ON SCENE (DESK REPORT)","NO INJURY / DRIVE AWAY","Y",,,"OVER $1,500","2026-03-12T14:10:00.000","DISREGARDING ROAD MARKINGS","FAILING TO YIELD RIGHT-OF-WAY","2401","W","OGDEN AVE","1023",,,,,,,"2","NO INDICATION OF INJURY","0","0","0","0","0","2","0","13","5","3","41.8646467296","-87.6860025122","POINT (-87.686002512195 41.864646729616)"
"bcc7d7d8045ca8a3f169c791e371112e3090f62d334c65fc2d8fabdf9d571dfaa95de30bc6c7731e765f356c55e38b040b6ff2e370c55b75a6e8aba555f1c9e8",,"2026-03-12T13:35:00.000","25","NO CONTROLS","NO CONTROLS","CLEAR","DAYLIGHT","TURNING","NOT DIVIDED",,"STRAIGHT AND LEVEL","DRY","UNKNOWN","ON SCENE","INJURY AND / OR TOW DUE TO CRASH","Y",,,"OVER $1,500","2026-03-12T13:35:00.000","FAILING TO YIELD RIGHT-OF-WAY","FAILING TO YIELD RIGHT-OF-WAY","400","S","LARAMIE AVE","1522",,,,,,,"2","INCAPACITATING INJURY","2","0","1","0","1","1","0","13","5","3","41.87479856","-87.755004029","POINT (-87.755004029038 41.874798560005)"
"ea5a5eab4d09a13c6a196628397a5f267e501d089585e1ee8a3f23cc716374695530c6206ed00e42216f59bcc25ce45ddc00e381be431fb229b248b519379267",,"2026-03-12T13:30:00.000","30","NO CONTROLS","NO CONTROLS","UNKNOWN","DAYLIGHT","TURNING","T-INTERSECTION",,"STRAIGHT AND LEVEL","UNKNOWN","UNKNOWN","NOT ON SCENE (DESK REPORT)","NO INJURY / DRIVE AWAY",,,,"OVER $1,500","2026-03-12T16:00:00.000","DRIVING SKILLS/KNOWLEDGE/EXPERIENCE","NOT APPLICABLE","5220","W","LAWRENCE AVE","1623",,,,,,,"2","NO INDICATION OF INJURY","0","0","0","0","0","2","0","13","5","3","41.9680046086","-87.7584884446","POINT (-87.75848844459 41.968004608557)"
"bca007a52f49b899bbfa3b1fdaa74f4ad47877d35db628f74c832b0bd9064f2ac9e84a4ddf155935f2044241fd114e09559f884e29a66ab5887e966e0e5e8c0c",,"2026-03-12T13:20:00.000","30","TRAFFIC SIGNAL","FUNCTIONING PROPERLY","CLEAR","DAYLIGHT","REAR END","NOT DIVIDED",,"STRAIGHT AND LEVEL","DRY","UNKNOWN","NOT ON SCENE (DESK REPORT)","NO INJURY / DRIVE AWAY",,,,"OVER $1,500","2026-03-12T14:45:00.000","UNABLE TO DETERMINE","NOT APPLICABLE","1830","N","CICERO AVE","2533",,,,,,,"2","NO INDICATION OF INJURY","0","0","0","0","0","2","0","13","5","3","41.9142319966","-87.7461479022","POINT (-87.746147902205 41.914231996599)"
"cac9e9be78e6ea4fb61e9ac4a4e9f8d360537df39bc5f346d6964ec8ac2cb6988e97a4adf33e8a8aee1d38bd429a6d74c9401a286a2291174d1cdee496ea008a",,"2026-03-12T13:20:00.000","30","NO CONTROLS","NO CONTROLS","CLEAR","DAYLIGHT","SIDESWIPE SAME DIRECTION","NOT DIVIDED",,"STRAIGHT AND LEVEL","DRY","NO DEFECTS","ON SCENE","NO INJURY / DRIVE AWAY",,,,"OVER $1,500","2026-03-12T13:22:00.000","NOT APPLICABLE","NOT APPLICABLE","1910","E","95TH ST","413",,,,,,,"2","NO INDICATION OF INJURY","0","0","0","0","0","3","0","13","5","3","41.7225533607","-87.5773636722","POINT (-87.577363672231 41.722553360727)"
"e9f1c297b32b2a931a7b1d51a555f869b22b4531c20b113a8352141e069979d3c89a51f3c7cc9f203f9c14fb73a76b13af2abba71750254ee9bd4c4f87627149",,"2026-03-12T13:20:00.000","15","NO CONTROLS","NO CONTROLS","CLEAR","DAYLIGHT","ANGLE","PARKING LOT",,"STRAIGHT AND LEVEL","DRY","NO DEFECTS","NOT ON SCENE (DESK REPORT)","NO INJURY / DRIVE AWAY",,"Y","Y","OVER $1,500","2026-03-12T14:00:00.000","IMPROPER BACKING","UNABLE TO DETERMINE","7500","S","STATE ST","623",,,,,,,"2","NO INDICATION OF INJURY","0","0","0","0","0","2","0","13","5","3","41.7580921764","-87.6249022282","POINT (-87.624902228247 41.758092176383)"
"980e4c577c840e3f8d76b10f188b88e9c708777b41718814805626ac17bb6b41ebc263b10f0f366c3b3281319b89b66a0e67abe2106741796c6faf8c1241ad1c",,"2026-03-12T13:17:00.000","30","NO CONTROLS","NO CONTROLS","CLEAR","DAYLIGHT","REAR END","DIVIDED - W/MEDIAN BARRIER",,"STRAIGHT AND LEVEL","UNKNOWN","UNKNOWN","NOT ON SCENE (DESK REPORT)","NO INJURY / DRIVE AWAY",,,"Y","OVER $1,500","2026-03-12T14:15:00.000","FOLLOWING TOO CLOSELY","FAILING TO REDUCE SPEED TO AVOID CRASH","1307","S","MICHIGAN AVE","132",,,,,,,"2","NO INDICATION OF INJURY","0","0","0","0","0","3","0","13","5","3","41.8655411225","-87.6239637181","POINT (-87.623963718069 41.865541122536)"
"ff99bdf02bdc64fd1bf75497076ceaff215815bc8352306e2911a18e5985bfeae2ea2c4041297966b841efc835862360d9849ee0e2bf41e1033301e4985272be",,"2026-03-12T13:17:00.000","30","TRAFFIC SIGNAL","FUNCTIONING PROPERLY","CLEAR","DAYLIGHT","TURNING","NOT DIVIDED",,"STRAIGHT AND LEVEL","DRY","NO DEFECTS","ON SCENE","NO INJURY / DRIVE AWAY","N",,,"OVER $1,500","2026-03-12T13:20:00.000","IMPROPER TURNING/NO SIGNAL","IMPROPER TURNING/NO SIGNAL","4700","S","WESTERN BLVD","922",,,,,,,"2","NO INDICATION OF INJURY","0","0","0","0","0","2","0","13","5","3","41.8083695489","-87.6840193967","POINT (-87.684019396719 41.808369548854)"
"080e75907729100c13f2669b18f610ab42fa8bd470ce90c4c776b04fc1a288c95b08a212c2844114965683d00b0366ea050ed24b21cd6c8758775e10f187114e",,"2026-03-12T13:05:00.000","30","NO CONTROLS","NO CONTROLS","CLEAR","DAYLIGHT","ANGLE","OTHER",,"STRAIGHT AND LEVEL","DRY","UNKNOWN","ON SCENE","NO INJURY / DRIVE AWAY",,,,"OVER $1,500","2026-03-12T13:30:00.000","UNABLE TO DETERMINE","UNABLE TO DETERMINE","7900","S","MAY ST","612",,,,,,,"2","NO INDICATION OF INJURY","0","0","0","0","0","3","0","13","5","3","41.7504217118","-87.6526719784","POINT (-87.652671978369 41.75042171178)"
"93df3c42105e3f798c097a4e0e0ef123e622109254ec5d00c7e27c39057d8ca717b957e809e7d297db31126802e82eaffc21888bb4c15e042c61a553bdb2bb72",,"2026-03-12T13:05:00.000","25","UNKNOWN","UNKNOWN","CLEAR","DAYLIGHT","REAR TO FRONT","DIVIDED - W/MEDIAN (NOT RAISED)",,"STRAIGHT AND LEVEL","UNKNOWN","UNKNOWN","NOT ON SCENE (DESK REPORT)","NO INJURY / DRIVE AWAY",,,,"OVER $1,500","2026-03-12T13:45:00.000","UNABLE TO DETERMINE","UNABLE TO DETERMINE","1515","W","MORSE AVE","2431",,,,,,,"2","NO INDICATION OF INJURY","0","0","0","0","0","2","0","13","5","3","42.0077540418","-87.6685148124","POINT (-87.668514812368 42.007754041759)"
"8a492759aae2de587ada69993c584fc759b608c1f0a7a7d49a6c56b18aab3d60849cd40a5b9fbeeb33b9dc865273f75574f6cb189837d0eab5ff4f65c5ab7fcc",,"2026-03-12T13:04:00.000","30","NO CONTROLS","NO CONTROLS","CLEAR","DAYLIGHT","SIDESWIPE SAME DIRECTION","NOT DIVIDED",,"STRAIGHT AND LEVEL","DRY","NO DEFECTS","ON SCENE","NO INJURY / DRIVE AWAY",,,,"OVER $1,500","2026-03-12T13:04:00.000","FAILING TO YIELD RIGHT-OF-WAY","NOT APPLICABLE","2323","W","NORTH AVE","1424",,,,,,,"2","NO INDICATION OF INJURY","0","0","0","0","0","2","0","13","5","3","41.9102313937","-87.6857648346","POINT (-87.68576483459 41.910231393741)"
"b8168d5081a0f7f24eebf1cf9ec344a075d28fbf30f79a5fe481275dc6b3926cd8a48ad428c2be41bdb22e62facefb59444bc16d6370a93a9eece42e3aee42b5",,"2026-03-12T13:04:00.000","30","NO CONTROLS","NO CONTROLS","CLEAR","DAYLIGHT","PARKED MOTOR VEHICLE","NOT DIVIDED",,"STRAIGHT AND LEVEL","DRY","NO DEFECTS","NOT ON SCENE (DESK REPORT)","NO INJURY / DRIVE AWAY",,,"Y","OVER $1,500","2026-03-12T19:00:00.000","FAILING TO REDUCE SPEED TO AVOID CRASH","NOT APPLICABLE","3202","N","CICERO AVE","1634",,,,,,,"2","NO INDICATION OF INJURY","0","0","0","0","0","1","0","13","5","3","41.9389292601","-87.7470210297","POINT (-87.74702102972 41.938929260096)"
"0bbae32097b6c8ba8671f2eebc60cff3ba4b8c34290b8d07577ef81a33245961e0d1335d8a5bcd57db833a4a19bf1e767f18bb81faec609cc6fc4c93dd620733","Y","2026-03-12T13:00:00.000","30","UNKNOWN","UNKNOWN","UNKNOWN","UNKNOWN","SIDESWIPE OPPOSITE DIRECTION","PARKING LOT",,"STRAIGHT AND LEVEL","UNKNOWN","UNKNOWN","ON SCENE","NO INJURY / DRIVE AWAY",,,"Y","OVER $1,500","2026-03-12T14:50:00.000","UNABLE TO DETERMINE","UNABLE TO DETERMINE","1615","S","CLARK ST","131",,,,,,,"2","NO INDICATION OF INJURY","0","0","0","0","0","2","0","13","5","3","41.8596296773","-87.6301248993","POINT (-87.630124899277 41.859629677313)"
"5e2a5152f4305f5f9ee94f3214ac82da5c50c06210d08e199178d65cc52e8eee47438e211bc66d3a07bb9c72cd0b77eea473c4c4c3fc6a2335e2b3d7208777ee",,"2026-03-12T13:00:00.000","30","NO CONTROLS","NO CONTROLS","CLEAR","DAYLIGHT","REAR END","DIVIDED - W/MEDIAN BARRIER",,"STRAIGHT AND LEVEL","DRY","NO DEFECTS","ON SCENE","INJURY AND / OR TOW DUE TO CRASH",,,"Y","OVER $1,500","2026-03-12T13:07:00.000","UNABLE TO DETERMINE","NOT APPLICABLE","821","S","WESTERN AVE","1225",,,,,,,"2","NONINCAPACITATING INJURY","3","0","0","3","0","1","0","13","5","3","41.8707068523","-87.6860047595","POINT (-87.686004759488 41.870706852344)"
"89d6f830bb53af3a015b42c854b05ad3fbce4c2086deda2525a0c3262b64846c44badeb8f360ab648039650bacd550bfb1915a513c964166233a54594ba50159",,"2026-03-12T13:00:00.000","20","NO CONTROLS","NO CONTROLS","CLEAR","DAYLIGHT","PARKED MOTOR VEHICLE","NOT DIVIDED",,"STRAIGHT AND LEVEL","DRY","NO DEFECTS","ON SCENE","NO INJURY / DRIVE AWAY",,,"Y","OVER $1,500","2026-03-12T13:29:00.000","NOT APPLICABLE","NOT APPLICABLE","1461","W","91ST ST","2222",,,,,,,"2","NO INDICATION OF INJURY","0","0","0","0","0","1","0","13","5","3","41.7284408581","-87.6603552473","POINT (-87.660355247344 41.728440858068)"
"96be53661e98e76b349b55994f79802dcdf4284d39bcd583dc6842c875290fc74f877d86da50954987c068b3943c3db12b868dc7503f82693e9a359bea3de1bb",,"2026-03-12T13:00:00.000","30","NO CONTROLS","NO CONTROLS","CLEAR","DAYLIGHT","SIDESWIPE SAME DIRECTION","NOT DIVIDED",,"STRAIGHT AND LEVEL","DRY","NO DEFECTS","ON SCENE","INJURY AND / OR TOW DUE TO CRASH",,"N",,"OVER $1,500","2026-03-12T13:15:00.000","IMPROPER LANE USAGE","IMPROPER LANE USAGE","5723","N","RIDGE AVE","2013",,,,,,,"2","NO INDICATION OF INJURY","0","0","0","0","0","3","0","13","5","3","41.9861552876","-87.6639701906","POINT (-87.663970190562 41.98615528756)"
"dfb71c2eef2db1160ec0da2473301a01676d0fefa957585aa9bdb237126b925f6ab0e4f8c303f32479e5e93fa71fd59a50a0e99d15277afb97bda0d7468456c1",,"2026-03-12T13:00:00.000","30","NO CONTROLS","NO CONTROLS","CLEAR","DAYLIGHT","SIDESWIPE SAME DIRECTION","NOT DIVIDED",,"STRAIGHT AND LEVEL","DRY","NO DEFECTS","NOT ON SCENE (DESK REPORT)","NO INJURY / DRIVE AWAY",,,,"$500 OR LESS","2026-03-12T16:06:00.000","FAILING TO YIELD RIGHT-OF-WAY","NOT APPLICABLE","10301","S","VINCENNES AVE","2232",,,,,,,"2","NO INDICATION OF INJURY","0","0","0","0","0","2","0","13","5","3","41.706664318","-87.6559124484","POINT (-87.65591244845 41.706664317965)"
"4650eb1a8e8f6acc95f62096db12a0e7bf41f40e897259beba78420aa77bc16ea277f9b9aa113122e2b05403d167ca0f46f38168b32910e386075597110fd3ac",,"2026-03-12T12:45:00.000","30","TRAFFIC SIGNAL","NO CONTROLS","CLEAR","DAYLIGHT","REAR END","ONE-WAY",,"STRAIGHT AND LEVEL","DRY","NO DEFECTS","NOT ON SCENE (DESK REPORT)","INJURY AND / OR TOW DUE TO CRASH",,,"Y","$501 - $1,500","2026-03-12T14:25:00.000","FOLLOWING TOO CLOSELY","NOT APPLICABLE","101","W","OHIO ST","1831",,,,,,,"2","REPORTED, NOT EVIDENT","1","0","0","0","1","1","0","12","5","3","41.8923167631","-87.6312172041","POINT (-87.631217204072 41.892316763056)"
"1e060ef8c60804db6ab77912743e6e0dd44fa1fcfe1b174c42739245c7182a6e65933140d42544c061158fd49d7a1b3cec53e7788deca5e01be638b4c9aa5236",,"2026-03-12T12:40:00.000","30","STOP SIGN/FLASHER","FUNCTIONING PROPERLY","CLEAR","DAYLIGHT","ANGLE","NOT DIVIDED",,"STRAIGHT AND LEVEL","DRY","NO DEFECTS","NOT ON SCENE (DESK REPORT)","NO INJURY / DRIVE AWAY","Y",,,"OVER $1,500","2026-03-12T13:35:00.000","FAILING TO YIELD RIGHT-OF-WAY","NOT APPLICABLE","4700","S","LAWNDALE AVE","821",,,,,,,"2","NO INDICATION OF INJURY","0","0","0","0","0","2","0","12","5","3","41.8079024497","-87.7163759681","POINT (-87.716375968062 41.807902449705)"
"1ddac946badf601d46264beafe21b55c39d3645731b54f239179b3e969830809e1b8986e8a44901a6a06aae4c75776dfb999145b8d616f96a80cc454098b4f52",,"2026-03-12T12:37:00.000","30","STOP SIGN/FLASHER","FUNCTIONING PROPERLY","CLEAR","DAYLIGHT","TURNING","T-INTERSECTION",,"STRAIGHT AND LEVEL","DRY","NO DEFECTS","NOT ON SCENE (DESK REPORT)","INJURY AND / OR TOW DUE TO CRASH","Y",,,"OVER $1,500","2026-03-12T16:00:00.000","UNABLE TO DETERMINE","UNABLE TO DETERMINE","4700","S","LAWNDALE AVE","821",,,,,,,"2","NONINCAPACITATING INJURY","1","0","0","1","0","1","0","12","5","3","41.8079024497","-87.7163759681","POINT (-87.716375968062 41.807902449705)"
"b10ceca5594d82c49f91afe44d6ba302af9477d970e2ff253bc4ba011158c337836209f82a5d4bf9e4a0b6d50a4965a91c91c4512c8689109b939b7c7c43bf83",,"2026-03-12T12:35:00.000","30","TRAFFIC SIGNAL","FUNCTIONING PROPERLY","CLEAR","DAYLIGHT","PEDALCYCLIST","UNKNOWN",,"STRAIGHT AND LEVEL","DRY","UNKNOWN","ON SCENE","INJURY AND / OR TOW DUE TO CRASH",,,,"$501 - $1,500","2026-03-12T12:39:00.000","VISION OBSCURED (SIGNS, TREE LIMBS, BUILDINGS, ETC.)","NOT APPLICABLE","416","N","DEARBORN ST","1831",,,"N",,,,"2","NONINCAPACITATING INJURY","1","0","0","1","0","1","0","12","5","3","41.88985232","-87.6297488882","POINT (-87.629748888192 41.889852320029)"
"75d9abdc569c10bb40badb63c23ce15bf83aea634f993cfcc33e0c9bf30bee7033e42417316e40fd431fb8dc99ca43467d9d22043df61187ff908af82bf276a0",,"2026-03-12T12:30:00.000","30","NO CONTROLS","NO CONTROLS","CLEAR","DAYLIGHT","SIDESWIPE SAME DIRECTION","DIVIDED - W/MEDIAN (NOT RAISED)",,"STRAIGHT AND LEVEL","DRY","UNKNOWN","NOT ON SCENE (DESK REPORT)","NO INJURY / DRIVE AWAY",,,,"$501 - $1,500","2026-03-12T13:09:00.000","UNABLE TO DETERMINE","UNABLE TO DETERMINE","10000","W","OHARE ST","1651",,,,,,,"2","NO INDICATION OF INJURY","0","0","0","0","0","2","0","12","5","3","41.976201139","-87.9053091251","POINT (-87.905309125103 41.976201139024)"
"7b39502c0e96d00d81241d3352217636519434e61db571ebb5b311623cc65819ee4113a12f8fc302f2c94608cc74faac45716310039ec417715dacb0035363eb",,"2026-03-12T12:30:00.000","30","NO CONTROLS","NO CONTROLS","CLEAR","DAYLIGHT","TURNING","NOT DIVIDED",,"CURVE, LEVEL","DRY","NO DEFECTS","ON SCENE","INJURY AND / OR TOW DUE TO CRASH","Y",,,"OVER $1,500","2026-03-12T12:36:00.000","FAILING TO YIELD RIGHT-OF-WAY","NOT APPLICABLE","3441","W","GRAND AVE","1121",,,,,,,"2","NO INDICATION OF INJURY","0","0","0","0","0","2","0","12","5","3","41.90052616","-87.712682588","POINT (-87.712682587959 41.900526159988)"
"ab61154e016d1ac470ffda010877037da39793cf6fa84d529b6981b4098ca4d6434a72d41b23dbffa891d29b7fb0f806c862d9b145b2b1640db51170208d3e42",,"2026-03-12T12:30:00.000","30","TRAFFIC SIGNAL","FUNCTIONING PROPERLY","CLEAR","DAYLIGHT","REAR END","NOT DIVIDED",,"STRAIGHT AND LEVEL","DRY","NO DEFECTS","ON SCENE","INJURY AND / OR TOW DUE TO CRASH","N",,,"OVER $1,500","2026-03-12T12:32:00.000","FOLLOWING TOO CLOSELY","FOLLOWING TOO CLOSELY","6700","S","JEFFERY BLVD","332",,,,,,,"2","REPORTED, NOT EVIDENT","1","0","0","0","1","2","0","12","5","3","41.7733684085","-87.5766385522","POINT (-87.576638552177 41.773368408547)"
"624d32f8f09fcaecc2ad99e48e3bd4018bb349d8071ab281c6a9bc78ebb6b48f954447d894e759deef6177557b1be0305ca9f983804e7b5c6dc57f56bea039c6",,"2026-03-12T12:27:00.000","25","TRAFFIC SIGNAL","FUNCTIONING PROPERLY","CLEAR","DAYLIGHT","TURNING","NOT DIVIDED",,"STRAIGHT AND LEVEL","DRY","UNKNOWN","ON SCENE","NO INJURY / DRIVE AWAY",,,,"$501 - $1,500","2026-03-12T12:38:00.000","FOLLOWING TOO CLOSELY","FOLLOWING TOO CLOSELY","1","N","CLINTON ST","121",,"Y",,,,,"2","NO INDICATION OF INJURY","0","0","0","0","0","2","0","12","5","3","41.8819284264","-87.6410480704","POINT (-87.641048070427 41.881928426393)"
"9c4613bbaa9b5fa380e512029ac258c97b8c27315947781a5eac81593aadcb9c35ec012a13dd4854bb5f5048fcd6f4ea20b4828e92a56331205b2e169a68d613",,"2026-03-12T12:27:00.000","30","TRAFFIC SIGNAL","NO CONTROLS","CLEAR","DAYLIGHT","TURNING","NOT DIVIDED",,"STRAIGHT AND LEVEL","DRY","NO DEFECTS","ON SCENE","INJURY AND / OR TOW DUE TO CRASH","Y",,,"OVER $1,500","2026-03-12T12:27:00.000","FAILING TO YIELD RIGHT-OF-WAY","NOT APPLICABLE","10000","W","OHARE ST","1651",,,,,,,"2","NONINCAPACITATING INJURY","1","0","0","1","0","1","0","12","5","3","41.976201139","-87.9053091251","POINT (-87.905309125103 41.976201139024)"
"399fcdf349918b99421fc6a8e68a17ece6adf0d77bedaea25a79e11159a4cd1cd14dd70bc8ba08338f9f4695dcf243b1d0338c6e1d99cfb051701f94f2d937ea",,"2026-03-12T12:26:00.000","30","NO CONTROLS","NO CONTROLS","CLEAR","UNKNOWN","PARKED MOTOR VEHICLE","NOT DIVIDED",,"STRAIGHT AND LEVEL","UNKNOWN","UNKNOWN","NOT ON SCENE (DESK REPORT)","NO INJURY / DRIVE AWAY",,,,"$501 - $1,500","2026-03-12T17:20:00.000","UNABLE TO DETERMINE","UNABLE TO DETERMINE","1232","W","FARWELL AVE","2431",,,,,,,"2","NO INDICATION OF INJURY","0","0","0","0","0","1","0","12","5","3","42.0068596852","-87.6625381727","POINT (-87.662538172725 42.00685968523)"
"34e6e68ff465e6ee105459c7001af173164d3cf8edb54f5aacb8da03ab891905d38afb15027aea7c1f068700688abf82f7cada47050af79fe261462f36f3acf6",,"2026-03-12T12:16:00.000","30","NO CONTROLS","NO CONTROLS","CLEAR","DAYLIGHT","REAR END","DIVIDED - W/MEDIAN (NOT RAISED)",,"STRAIGHT AND LEVEL","DRY","NO DEFECTS","ON SCENE","INJURY AND / OR TOW DUE TO CRASH",,,,"OVER $1,500","2026-03-12T12:16:00.000","UNABLE TO DETERMINE","UNABLE TO DETERMINE","555","S","CALIFORNIA AVE","1135",,,,,,,"2","REPORTED, NOT EVIDENT","3","0","0","0","3","0","0","12","5","3","41.8738520011","-87.6959563105","POINT (-87.695956310468 41.873852001059)"
"f128edb51961922c9161b3bdcd7774c9099e822a98cac357efb0efc39eb22f1ff0b18589f64e07dd4dcea14ae0517cb0f0ebe11bda982b104233e72b27a7590e",,"2026-03-12T12:14:00.000","30","NO CONTROLS","NO CONTROLS","CLEAR","DAYLIGHT","PARKED MOTOR VEHICLE","ONE-WAY",,"STRAIGHT AND LEVEL","DRY","UNKNOWN","ON SCENE","INJURY AND / OR TOW DUE TO CRASH",,,,"OVER $1,500","2026-03-12T12:15:00.000","PHYSICAL CONDITION OF DRIVER","UNABLE TO DETERMINE","2336","N","AVERS AVE","2525",,,,,,,"3","NO INDICATION OF INJURY","0","0","0","0","0","2","0","12","5","3","41.9238102678","-87.7232300441","POINT (-87.723230044141 41.923810267758)"
"a8c9cac0181da0850994daeb63e59b352072a4d627f41a8ee086cf5d0116b3d1a650e55ba16caae85fa70f6906cdb271ac34b60d6dac773371915ce33eb447be",,"2026-03-12T12:11:00.000","30","STOP SIGN/FLASHER","FUNCTIONING PROPERLY","CLEAR","DAYLIGHT","ANGLE","FOUR WAY",,"STRAIGHT AND LEVEL","DRY","UNKNOWN","ON SCENE","INJURY AND / OR TOW DUE TO CRASH","Y",,,"OVER $1,500","2026-03-12T12:30:00.000","FAILING TO YIELD RIGHT-OF-WAY","UNABLE TO DETERMINE","5500","S","TRIPP AVE","813",,,,,,,"2","NONINCAPACITATING INJURY","1","0","0","1","0","1","0","12","5","3","41.7930582295","-87.7294326612","POINT (-87.729432661229 41.793058229548)"
"3c7c8382a6b03fc6659869ac6a2abbe98f133cd2dda74fa3a7bdecb2c8259d338db7f88be47aebb4e1a15ea4afc32f921c6f01f4708123c9e1ce022b22299a4d",,"2026-03-12T12:10:00.000","30","TRAFFIC SIGNAL","FUNCTIONING PROPERLY","CLEAR","DAYLIGHT","TURNING","CENTER TURN LANE",,"STRAIGHT AND LEVEL","DRY","UNKNOWN","NOT ON SCENE (DESK REPORT)","NO INJURY / DRIVE AWAY","Y",,,"OVER $1,500","2026-03-12T14:40:00.000","IMPROPER TURNING/NO SIGNAL","NOT APPLICABLE","3600","N","WESTERN AVE","1921",,,,,,,"2","NO INDICATION OF INJURY","0","0","0","0","0","2","0","12","5","3","41.9468199199","-87.6884066621","POINT (-87.688406662062 41.946819919863)"
"67331bd14c7ac09105c1ee36a06da371157cb6c490e830320f98fc3127050e5c5d2f8ccd8b93695018ab49adc90edf26da347dea65b5026dd0a5905043b140c5",,"2026-03-12T12:10:00.000","30","NO CONTROLS","NO CONTROLS","CLEAR","DAYLIGHT","PARKED MOTOR VEHICLE","NOT DIVIDED",,"STRAIGHT AND LEVEL","DRY","NO DEFECTS","NOT ON SCENE (DESK REPORT)","NO INJURY / DRIVE AWAY",,,"Y","$500 OR LESS","2026-03-12T13:55:00.000","IMPROPER OVERTAKING/PASSING","NOT APPLICABLE","676","N","ST CLAIR ST","1834",,,,,,,"2","NO INDICATION OF INJURY","0","0","0","0","0","3","0","12","5","3","41.8948529614","-87.6229018004","POINT (-87.622901800428 41.89485296136)"
"3441d1d6735d6ad70cdb46802ef45f4a25f5d1819d3674f9f47e7766d81dba1536867674e731d787b3f7ba218c01b86aa890affec54581d96494f9cbed9f59a5",,"2026-03-12T12:05:00.000","30","TRAFFIC SIGNAL","NO CONTROLS","CLEAR","DAYLIGHT","SIDESWIPE SAME DIRECTION","DIVIDED - W/MEDIAN (NOT RAISED)",,"STRAIGHT AND LEVEL","DRY","NO DEFECTS","NOT ON SCENE (DESK REPORT)","NO INJURY / DRIVE AWAY",,,,"$501 - $1,500","2026-03-12T15:25:00.000","IMPROPER OVERTAKING/PASSING","NOT APPLICABLE","600","S","ASHLAND AVE","1231",,,,,,,"2","NO INDICATION OF INJURY","0","0","0","0","0","2","0","12","5","3","41.8741332734","-87.6667440829","POINT (-87.66674408286 41.874133273384)"
"1550c1aef45ad258c3d12ef381a3f9ca12a01f3590a3d7cf0353128e7e5cf83bcd2b3ad629419213772d35de59aadee56023df5ba05477dd06084c954402efd8",,"2026-03-12T12:00:00.000","0","NO CONTROLS","NO CONTROLS","CLEAR","DAYLIGHT","PARKED MOTOR VEHICLE","DIVIDED - W/MEDIAN (NOT RAISED)",,"STRAIGHT AND LEVEL","DRY","NO DEFECTS","NOT ON SCENE (DESK REPORT)","NO INJURY / DRIVE AWAY",,,,"$500 OR LESS","2026-03-12T12:30:00.000","UNABLE TO DETERMINE","NOT APPLICABLE","8517","S","COTTAGE GROVE AVE","632",,,,,,,"2","NO INDICATION OF INJURY","0","0","0","0","0","2","0","12","5","3","41.739733476","-87.6047632647","POINT (-87.60476326468 41.739733475996)"
"59eb157f09a963f4109854d4193cd430b50e5f153f1c2e3eb312695c44acf1844480dbd5ba34f88c7840445f28132940ec8f948a1692d83721cd6b8e42cc3bf8",,"2026-03-12T12:00:00.000","30","TRAFFIC SIGNAL","FUNCTIONING PROPERLY","CLEAR","DAYLIGHT","SIDESWIPE SAME DIRECTION","NOT DIVIDED",,"STRAIGHT AND LEVEL","DRY","NO DEFECTS","NOT ON SCENE (DESK REPORT)","NO INJURY / DRIVE AWAY",,,,"$501 - $1,500","2026-03-12T16:53:00.000","FOLLOWING TOO CLOSELY","NOT APPLICABLE","9900","S","WESTERN AVE","2211",,,,,,,"2","NO INDICATION OF INJURY","0","0","0","0","0","3","0","12","5","3","41.7135698994","-87.681985722","POINT (-87.681985722044 41.713569899352)"