"crash_record_id","crash_date_est_i","crash_date","posted_speed_limit","traffic_control_device","device_condition","weather_condition","lighting_condition","first_crash_type","trafficway_type","lane_cnt","alignment","roadway_surface_cond","road_defect","report_type","crash_type","intersection_related_i","private_property_i","hit_and_run_i","damage","date_police_notified","prim_contributory_cause","sec_contributory_cause","street_no","street_direction","street_name","beat_of_occurrence","photos_taken_i","statements_taken_i","dooring_i","work_zone_i","work_zone_type","workers_present_i","num_units","most_severe_injury","injuries_total","injuries_fatal","injuries_incapacitating","injuries_non_incapacitating","injuries_reported_not_evident","injuries_no_indication","injuries_unknown","crash_hour","crash_day_of_week","crash_month","latitude","longitude","location"
"d069ec9f04c433398df2042e3d4c441eb3fdfaf94893f0230afa29f8b0e8a34bd64592d4b2fb9635d96853bfc06b48a05cb7f3eb57e25aa4f227cd02799293af","Y","2026-03-12T12:00:00.000","30","NO CONTROLS","NO CONTROLS","UNKNOWN","DAYLIGHT","SIDESWIPE SAME DIRECTION","ONE-WAY",,"STRAIGHT AND LEVEL","UNKNOWN","UNKNOWN","NOT ON SCENE (DESK REPORT)","NO INJURY / DRIVE AWAY",,,"Y","OVER $1,500","2026-03-16T17:00:00.000","FAILING TO YIELD RIGHT-OF-WAY","NOT APPLICABLE","6821","S","JUSTINE ST","725",,,,,,,"2","NO INDICATION OF INJURY","0","0","0","0","0","2","0","12","5","3","41.7697351242","-87.662591011","POINT (-87.662591010983 41.769735124192)"
"ec661730b6cdf36e1e26e52d79337ecee447341bcd65d35b58edc7a5df864f2326b14f6bd2ea25d6881fe798089577084eb4d20963ef419fe60bf25573c22642",,"2026-03-12T11:51:00.000","30","NO CONTROLS","NO CONTROLS","CLEAR","DAYLIGHT","TURNING","DIVIDED - W/MEDIAN (NOT RAISED)",,"STRAIGHT AND LEVEL","DRY","UNKNOWN","ON SCENE","NO INJURY / DRIVE AWAY",,,,"$501 - $1,500","2026-03-12T12:15:00.000","IMPROPER TURNING/NO SIGNAL","FAILING TO YIELD RIGHT-OF-WAY","4934","W","DIVERSEY AVE","2521",,,,,,,"2","NO INDICATION OF INJURY","0","0","0","0","0","3","0","11","5","3","41.9315913727","-87.7504730431","POINT (-87.750473043062 41.931591372705)"
"65eda78ab7b338d085b7f5212806512c121a68d92be6f1289e9083a0610085291b78c186f10254462a4aa7ec878ba18adc1f09e1c463681ece2fd2c838ce6225",,"2026-03-12T11:45:00.000","20","NO CONTROLS","NO CONTROLS","CLEAR","DAYLIGHT","SIDESWIPE SAME DIRECTION","DIVIDED - W/MEDIAN (NOT RAISED)",,"STRAIGHT AND LEVEL","DRY","NO DEFECTS","ON SCENE","NO INJURY / DRIVE AWAY",,,,"$501 - $1,500","2026-03-12T11:48:00.000","UNABLE TO DETERMINE","NOT APPLICABLE","40","E","OAK ST","1824",,,,,,,"2","NO INDICATION OF INJURY","0","0","0","0","0","2","0","11","5","3","41.9008800855","-87.6268588886","POINT (-87.626858888615 41.900880085521)"
"881e819b76238e5ca1d9f15c64738f7a7314250070d0de534aa12f36097c3069f8d6e8d029e5a80fbb1114f3ba12c0117578eefd8b0a6e2e4ac997ab0cbe6180","Y","2026-03-12T11:45:00.000","15","NO CONTROLS","NO CONTROLS","CLEAR","DAYLIGHT","FIXED OBJECT","RAMP",,"CURVE ON GRADE","DRY","NO DEFECTS","NOT ON SCENE (DESK REPORT)","INJURY AND / OR TOW DUE TO CRASH",,"Y",,"OVER $1,500","2026-03-12T11:52:00.000","FAILING TO REDUCE SPEED TO AVOID CRASH","PHYSICAL CONDITION OF DRIVER","5222","N","CALIFORNIA AVE","2011",,,,,,,"1","NO INDICATION OF INJURY","0","0","0","0","0","1","0","11","5","3","41.9766158782","-87.6990959328","POINT (-87.699095932811 41.976615878241)"
"32b0cc6e42d561ce983518059447e7f0b1b443a91553c0c2c867ecfada816ade19844d5587ab13caf8c2311a6db2e83ee092b7e079129ae2c924e38b71b740e7",,"2026-03-12T11:40:00.000","30","NO CONTROLS","NO CONTROLS","CLEAR","DAYLIGHT","PARKED MOTOR VEHICLE","PARKING LOT",,"STRAIGHT AND LEVEL","DRY","NO DEFECTS",,"NO INJURY / DRIVE AWAY",,,"Y","OVER $1,500","2026-03-12T14:50:00.000","UNABLE TO DETERMINE","NOT APPLICABLE","5328","S","CALUMET AVE","231",,,,,,,"2","NO INDICATION OF INJURY","0","0","0","0","0","1","0","11","5","3","41.7975519026","-87.6178210805","POINT (-87.617821080531 41.797551902638)"
"06c77cbec7949f790a435d8119ea1c5daca969d5cdbd4e9b17cdfc9a4b5a9e9046d6eb7ea5bd60c68d2f240ff1abd5e4cc45656d48be30872b4985b1ce72ee75",,"2026-03-12T11:32:00.000","30","TRAFFIC SIGNAL","FUNCTIONING PROPERLY","CLEAR","DAYLIGHT","TURNING","FOUR WAY",,"STRAIGHT AND LEVEL","DRY","NO DEFECTS","ON SCENE","NO INJURY / DRIVE AWAY","Y",,,"OVER $1,500","2026-03-12T11:40:00.000","FAILING TO YIELD RIGHT-OF-WAY","NOT APPLICABLE","2199","S","DAMEN AVE","1234",,,,,,,"2","NO INDICATION OF INJURY","0","0","0","0","0","2","0","11","5","3","41.8522248793","-87.6756951973","POINT (-87.675695197272 41.8522248793)"
"1f04f840e6e6c39982a641b7180345a1a8f79c0e89073fa38e11695824fed56b818c6111bb81301813bc06d79c26c56ac059da270b42171433d013b3016b38f5",,"2026-03-12T11:23:00.000","35","STOP SIGN/FLASHER","FUNCTIONING PROPERLY","CLEAR","DAYLIGHT","SIDESWIPE SAME DIRECTION","DIVIDED - W/MEDIAN (NOT RAISED)",,"STRAIGHT AND LEVEL","DRY","NO DEFECTS","NOT ON SCENE (DESK REPORT)","NO INJURY / DRIVE AWAY",,,"Y","OVER $1,500","2026-03-12T20:15:00.000","UNABLE TO DETERMINE","UNABLE TO DETERMINE","200","W","JACKSON BLVD","122",,,,,,,"2","NO INDICATION OF INJURY","0","0","0","0","0","2","0","11","5","3","41.8782277031","-87.6338047868","POINT (-87.633804786775 41.878227703089)"
"7cf68a764a8f245ca117b238d47cfbb2db4f65150d9e0b523b90eca41f2c6ea9abed6cf4d091640461aa69ab5e6f9c19c65a0848538a0d19a9acc9a4177f0b4d",,"2026-03-12T11:10:00.000","30","NO CONTROLS","NO CONTROLS","CLEAR","DAYLIGHT","REAR END","NOT DIVIDED",,"STRAIGHT AND LEVEL","DRY","NO DEFECTS","ON SCENE","NO INJURY / DRIVE AWAY",,,"Y","OVER $1,500","2026-03-12T11:19:00.000","UNABLE TO DETERMINE","UNABLE TO DETERMINE","8336","S","KOSTNER AVE","834",,,,,,,"2","NO INDICATION OF INJURY","0","0","0","0","0","3","0","11","5","3","41.7408939877","-87.7314943822","POINT (-87.731494382192 41.740893987749)"
"5613448ac0991c3cf73311d7ca1779d2895750d7b40b4b70e5cf61a7456cb48bfa8b07317837e503fbd234e9862abaa9fc22079d854977ff185694d5d2483160",,"2026-03-12T11:05:00.000","30","TRAFFIC SIGNAL","FUNCTIONING PROPERLY","CLEAR","DAYLIGHT","SIDESWIPE SAME DIRECTION","FOUR WAY",,"STRAIGHT AND LEVEL","DRY","NO DEFECTS","ON SCENE","NO INJURY / DRIVE AWAY","Y",,"Y","OVER $1,500","2026-03-12T11:19:00.000","UNABLE TO DETERMINE","UNABLE TO DETERMINE","3958","W","83RD ST","834",,,,,,,"2","NO INDICATION OF INJURY","0","0","0","0","0","3","0","11","5","3","41.7422911934","-87.7215613275","POINT (-87.721561327456 41.742291193369)"
"8f516c05eb5fc60cc23d61d6ca5e18bd45a47b1d9a475d8b34836825ea4ed0f9398de204777e6ac4847636e64d289ce98551dade3275c60ebf4a48c2a12f9aff",,"2026-03-12T11:03:00.000","30","TRAFFIC SIGNAL","FUNCTIONING PROPERLY","CLEAR","DAYLIGHT","REAR END","NOT DIVIDED",,"STRAIGHT AND LEVEL","DRY","NO DEFECTS","NOT ON SCENE (DESK REPORT)","NO INJURY / DRIVE AWAY",,,"Y","$501 - $1,500","2026-03-12T11:25:00.000","UNABLE TO DETERMINE","NOT APPLICABLE","3150","W","DEVON AVE","2412",,,,,,,"2","NO INDICATION OF INJURY","0","0","0","0","0","3","0","11","5","3","41.9975051531","-87.7089611127","POINT (-87.708961112687 41.997505153109)"
"1a189d995e981778c64f9ed3a52c10ad936350f97b1621f9f988d5dea5e0e214c2a7cd199635c958044d37e8efc2bea474d83e1c9a4c14ca94df057d753ba3df",,"2026-03-12T11:00:00.000","30","TRAFFIC SIGNAL","UNKNOWN","UNKNOWN","DAYLIGHT","REAR END","FOUR WAY",,"STRAIGHT AND LEVEL","UNKNOWN","UNKNOWN","NOT ON SCENE (DESK REPORT)","INJURY AND / OR TOW DUE TO CRASH",,,,"$501 - $1,500","2026-03-12T23:22:00.000","DRIVING SKILLS/KNOWLEDGE/EXPERIENCE","UNABLE TO DETERMINE","6548","W","GRAND AVE","2512",,,,,,,"2","REPORTED, NOT EVIDENT","1","0","0","0","1","1","0","11","5","3","41.9237174929","-87.7884469473","POINT (-87.788446947253 41.923717492899)"
"abde04b3cebd5acd6f8bff57584b95770a679896815849969618d45d73348edc16d4d8055577bb102def9bfdf6adf65c6b82c12defa74831a1e422c8f399fa04",,"2026-03-12T11:00:00.000","20","UNKNOWN","UNKNOWN","CLEAR","DAYLIGHT","ANGLE","ONE-WAY",,"STRAIGHT AND LEVEL","DRY","UNKNOWN","NOT ON SCENE (DESK REPORT)","NO INJURY / DRIVE AWAY",,,,"$501 - $1,500","2026-03-12T17:30:00.000","FAILING TO YIELD RIGHT-OF-WAY","NOT APPLICABLE","3988","N","KILDARE AVE","1731",,,,,,,"2","NO INDICATION OF INJURY","0","0","0","0","0","2","0","11","5","3","41.9534677915","-87.7355817553","POINT (-87.73558175535 41.953467791478)"
"d556a938a3b018d7f679e2bcf0355b6523bed332cf44d0a19002a4e1dc81fd1b6e375e53957be30c02e6386e32f8b13b7697482f270a004f3658ae0ec9d65d4a",,"2026-03-12T11:00:00.000","30","NO CONTROLS","NO CONTROLS","CLEAR","DAYLIGHT","TURNING","NOT DIVIDED",,"STRAIGHT AND LEVEL","DRY","NO DEFECTS","NOT ON SCENE (DESK REPORT)","NO INJURY / DRIVE AWAY",,,,"$501 - $1,500","2026-03-12T13:50:00.000","FAILING TO YIELD RIGHT-OF-WAY","FAILING TO YIELD RIGHT-OF-WAY","5234","N","MILWAUKEE AVE","1623",,,,,,,"2","NO INDICATION OF INJURY","0","0","0","0","0","2","0","11","5","3","41.9753947114","-87.7676728407","POINT (-87.767672840701 41.975394711431)"
"cd076e35dfd2a81bd5bf7627770e79e4d559d9978060fe7f7f10acd8e26f8b7d2a93f7e94090a61766fc1bc21851ac0f57a1e31aa07af81f2004e62f7fcab4c8",,"2026-03-12T10:55:00.000","30","TRAFFIC SIGNAL","FUNCTIONING PROPERLY","CLEAR","DAYLIGHT","REAR END","NOT DIVIDED",,"STRAIGHT AND LEVEL","UNKNOWN","UNKNOWN","NOT ON SCENE (DESK REPORT)","NO INJURY / DRIVE AWAY",,,,"OVER $1,500","2026-03-12T11:15:00.000","UNABLE TO DETERMINE","NOT APPLICABLE","40","E","PERSHING RD","213",,,,,,,"2","NO INDICATION OF INJURY","0","0","0","0","0","2","0","10","5","3","41.8238446202","-87.6249048218","POINT (-87.624904821753 41.823844620169)"
"d1953a1b32e2f2ed21fcff6c7c99d41e6b140e2ad9182a0773d38ed4efd01cbfcde699259bb209d49a43ee4e650fdb17e5f626247a2d255e5d561e364850e0cb",,"2026-03-12T10:46:00.000","30","TRAFFIC SIGNAL","FUNCTIONING PROPERLY","CLEAR","DAYLIGHT","TURNING","FOUR WAY",,"STRAIGHT AND LEVEL","UNKNOWN","NO DEFECTS","ON SCENE","INJURY AND / OR TOW DUE TO CRASH","Y",,,"OVER $1,500","2026-03-12T10:53:00.000","UNABLE TO DETERMINE","UNABLE TO DETERMINE","600","S","DAMEN AVE","1225",,,,,,,"2","NONINCAPACITATING INJURY","2","0","0","2","0","0","0","10","5","3","41.8740036384","-87.6766023411","POINT (-87.676602341069 41.874003638416)"
"c3ab07199a2ab636a62f1ef232146d4970d9d184d81e790a7422ae7c87ce2531136be292e01855bf94b02d1a69d9697f4b16a2886c169afa54cbb059920d742a",,"2026-03-12T10:40:00.000","30","STOP SIGN/FLASHER","NO CONTROLS","CLEAR","DAYLIGHT","ANGLE","FOUR WAY",,"STRAIGHT AND LEVEL","DRY","WORN SURFACE","ON SCENE","INJURY AND / OR TOW DUE TO CRASH","Y",,,"OVER $1,500","2026-03-12T10:42:00.000","FAILING TO YIELD RIGHT-OF-WAY","NOT APPLICABLE","728","E","80TH ST","624","Y",,,,,,"2","NO INDICATION OF INJURY","0","0","0","0","0","2","0","10","5","3","41.749545297","-87.6064644378","POINT (-87.606464437782 41.749545296974)"
"e50ebea637c69d93d7c5585a6119c6c44a67192b1df940d6da9737dd0b86f374d9e4bed5e4636f317307452ffeb299330697eff73ee3b7880a3c1dd22be24add",,"2026-03-12T10:40:00.000","30","STOP SIGN/FLASHER","FUNCTIONING PROPERLY","CLEAR","DAYLIGHT","TURNING","FOUR WAY",,"STRAIGHT AND LEVEL","DRY","NO DEFECTS","ON SCENE","INJURY AND / OR TOW DUE TO CRASH","Y",,,"OVER $1,500","2026-03-12T10:56:00.000","VISION OBSCURED (SIGNS, TREE LIMBS, BUILDINGS, ETC.)","DRIVING SKILLS/KNOWLEDGE/EXPERIENCE","6932","W","GRAND AVE","2512",,,,,,,"2","NO INDICATION OF INJURY","0","0","0","0","0","2","0","10","5","3","41.923677952","-87.7989994505","POINT (-87.798999450465 41.923677951984)"
"eda76e237e377a3655d2c1390cbd107fab3c18b12554a90ff6454eecae2255b877a55d6f3df3390ca072e152afbde9af8b428ec3dc7cabe1c9aba76ddaef3ce0",,"2026-03-12T10:40:00.000","30","TRAFFIC SIGNAL","FUNCTIONING PROPERLY","CLEAR","DAYLIGHT","TURNING","FOUR WAY",,"STRAIGHT AND LEVEL","DRY","NO DEFECTS","NOT ON SCENE (DESK REPORT)","NO INJURY / DRIVE AWAY","Y",,,"$501 - $1,500","2026-03-12T14:00:00.000","UNABLE TO DETERMINE","PHYSICAL CONDITION OF DRIVER","1958","W","VAN BUREN ST","1225",,,,,,,"2","NO INDICATION OF INJURY","0","0","0","0","0","5","0","10","5","3","41.8763168212","-87.6764977909","POINT (-87.676497790855 41.876316821231)"
"80c4539acd7297cb6c28978789df76b7ebbc3f6f9b8f239840d56944bfa64a630d3079005bd757c523d7e99414b1e09baa1c4ab49a9d832eedd9eccadbeb9037",,"2026-03-12T10:35:00.000","30","UNKNOWN","UNKNOWN","UNKNOWN","DAYLIGHT","SIDESWIPE SAME DIRECTION","NOT DIVIDED",,"STRAIGHT AND LEVEL","UNKNOWN","UNKNOWN","NOT ON SCENE (DESK REPORT)","NO INJURY / DRIVE AWAY",,,"Y","OVER $1,500","2026-03-12T12:25:00.000","UNABLE TO DETERMINE","UNABLE TO DETERMINE","4801","S","ASHLAND AVE","933",,,,,,,"2","NO INDICATION OF INJURY","0","0","0","0","0","2","0","10","5","3","41.8066939242","-87.6647716526","POINT (-87.664771652618 41.806693924231)"
"533137b4d4ba5c550c8e47b7ebd140ac06660d46d4ca14755096a5cbc99e0f0a8675fa10e2f83eb3b52e3f630ffc6e96db98ad421fc928bbe3cd2ccbf1196dbe",,"2026-03-12T10:31:00.000","30","NO CONTROLS","NO CONTROLS","CLEAR","DAYLIGHT","REAR END","ONE-WAY",,"STRAIGHT AND LEVEL","DRY","NO DEFECTS","NOT ON SCENE (DESK REPORT)","NO INJURY / DRIVE AWAY",,,,"OVER $1,500","2026-03-12T10:41:00.000","UNABLE TO DETERMINE","UNABLE TO DETERMINE","3122","S","INDIANA AVE","211",,,,,,,"2","NO INDICATION OF INJURY","0","0","0","0","0","2","0","10","5","3","41.83763654","-87.6220541367","POINT (-87.622054136741 41.837636540005)"
"0bdd5dec418a30f0423861e827c78a697a44f6a765a532ce9c56de62b8c38393dc75a7ee312d3dea404852285a567d3f8685ec190ada83133ceaf732432189a0",,"2026-03-12T10:30:00.000","30","OTHER","OTHER","CLEAR","DAYLIGHT","PARKED MOTOR VEHICLE","NOT DIVIDED",,"STRAIGHT AND LEVEL","DRY","NO DEFECTS","ON SCENE","NO INJURY / DRIVE AWAY",,,,"$501 - $1,500","2026-03-12T10:34:00.000","UNABLE TO DETERMINE","UNABLE TO DETERMINE","1753","W","LUNT AVE","2424",,,,,,,"2","NO INDICATION OF INJURY","0","0","0","0","0","1","0","10","5","3","42.0088696771","-87.6743343525","POINT (-87.674334352473 42.008869677056)"
"332fa91c98bdfc84fe8f041a63715293fb739440eafa9cc47b084e4913d2a2c1dd68ec8a4885bcc435be41e7d22bd7e3f1d3ae0dab43aeaef7cce8b0f8f982ba",,"2026-03-12T10:30:00.000","20","NO CONTROLS","NO CONTROLS","CLEAR","DAYLIGHT","TURNING","ONE-WAY",,"STRAIGHT AND LEVEL","DRY","NO DEFECTS","ON SCENE","INJURY AND / OR TOW DUE TO CRASH",,,"Y","OVER $1,500","2026-03-12T10:38:00.000","IMPROPER LANE USAGE","IMPROPER LANE USAGE","132","N","KEELER AVE","1114",,,,,,,"2","NO INDICATION OF INJURY","0","0","0","0","0","2","0","10","5","3","41.8831877172","-87.7307974806","POINT (-87.730797480605 41.883187717166)"
"4918b41b0be81ee6d4ea0c69c1f2eb152c3d80363b5b7407d7c726b230591e473936f35875f3b7c16ad4402706ec5f9043b178c91ae50477df5fca7598a9d1f6",,"2026-03-12T10:30:00.000","30","NO CONTROLS","NO CONTROLS","CLEAR","DAYLIGHT","SIDESWIPE SAME DIRECTION","OTHER",,"STRAIGHT AND LEVEL","DRY","NO DEFECTS","ON SCENE","NO INJURY / DRIVE AWAY",,,,"OVER $1,500","2026-03-12T10:34:00.000","IMPROPER OVERTAKING/PASSING","UNABLE TO DETERMINE","45","N","WESTERN AVE","1223",,,,,,,"2","NO INDICATION OF INJURY","0","0","0","0","0","3","0","10","5","3","41.8825116243","-87.6863244332","POINT (-87.686324433222 41.882511624325)"
"615f3e9daf81608cfdc6c3d53320faac1dc85f7a003c835a5311ecc803a6205608d7f8a47ee4fdb6fa1c0c3cf77e405233c9d3eaddadcebdb872e568dffc277e",,"2026-03-12T10:30:00.000","30","NO CONTROLS","NO CONTROLS","CLEAR","DAYLIGHT","PARKED MOTOR VEHICLE","DIVIDED - W/MEDIAN (NOT RAISED)",,"STRAIGHT AND LEVEL","DRY","NO DEFECTS","ON SCENE","NO INJURY / DRIVE AWAY",,,,"$501 - $1,500","2026-03-12T10:35:00.000","FOLLOWING TOO CLOSELY","NOT APPLICABLE","3653","W","25TH ST","1013",,,,,,,"2","NO INDICATION OF INJURY","0","0","0","0","0","1","0","10","5","3","41.8460814867","-87.7169427346","POINT (-87.716942734628 41.846081486692)"
"05a1aacc528cac87aaebafdeecc5d3e255e5db624366f928cd9db5b6816af8f0db2b0666a28bc5302adb228a1722ac63e04e7c98af168a945ffaabfc77d2c476",,"2026-03-12T10:29:00.000","30","STOP SIGN/FLASHER","FUNCTIONING PROPERLY","CLEAR","DAYLIGHT","TURNING","DIVIDED - W/MEDIAN (NOT RAISED)",,"STRAIGHT AND LEVEL","DRY","NO DEFECTS",,"INJURY AND / OR TOW DUE TO CRASH","Y",,,"OVER $1,500","2026-03-12T10:29:00.000","UNABLE TO DETERMINE","NOT APPLICABLE","4599","W","LAKE ST","1113",,,,,,,"2","NO INDICATION OF INJURY","0","0","0","0","0","3","0","10","5","3","41.8861795599","-87.7401822697","POINT (-87.740182269711 41.886179559945)"
"a63628f37feeec9e2a570b31288025e01826caed9e1a24d9cfe36f96d04c6cdbee6b050436cf7b8ec788cc5313de21044f6d44b79f36d3ee8de6ec7e49c4d47a",,"2026-03-12T10:27:00.000","30","NO CONTROLS","NO CONTROLS","CLEAR","DAYLIGHT","PARKED MOTOR VEHICLE","ONE-WAY",,"STRAIGHT AND LEVEL","DRY","NO DEFECTS","ON SCENE","NO INJURY / DRIVE AWAY",,,,"OVER $1,500","2026-03-12T10:41:00.000","FOLLOWING TOO CLOSELY","NOT APPLICABLE","4505","W","AGATITE AVE","1722",,,,,,,"2","NO INDICATION OF INJURY","0","0","0","0","0","1","0","10","5","3","41.9612467005","-87.7414519855","POINT (-87.741451985548 41.961246700524)"
"96809bd3715f20f6208af1cdb4c60c2fd87edd3c2798bc27dc94b4b007fa015e4e731ca6e36fb370eae5816771763510bf836deea40838da0e781bae755c43db",,"2026-03-12T10:15:00.000","25","NO CONTROLS","NO CONTROLS","CLEAR","DAYLIGHT","PARKED MOTOR VEHICLE","NOT DIVIDED",,"STRAIGHT AND LEVEL","DRY","NO DEFECTS","ON SCENE","INJURY AND / OR TOW DUE TO CRASH",,,,"OVER $1,500","2026-03-12T10:15:00.000","UNABLE TO DETERMINE","NOT APPLICABLE","825","E","61ST ST","313",,,,,,,"2","NO INDICATION OF INJURY","0","0","0","0","0","1","0","10","5","3","41.7839621148","-87.6049528707","POINT (-87.604952870679 41.783962114783)"
"041c0677eab9f797f8e4fcab080f63bf90b16a1dd202f5d39d7cb4ea950d05ff48522c32e1d6501f3db24e1754dfd0643da15c1e4081d666888fbaf865d2db3e",,"2026-03-12T10:10:00.000","15","NO CONTROLS","NO CONTROLS","CLEAR","DAYLIGHT","SIDESWIPE SAME DIRECTION","PARKING LOT",,"STRAIGHT AND LEVEL","DRY","NO DEFECTS","NOT ON SCENE (DESK REPORT)","NO INJURY / DRIVE AWAY",,,"N","$501 - $1,500","2026-03-12T20:00:00.000","UNABLE TO DETERMINE","UNABLE TO DETERMINE","9901","S","DR MARTIN LUTHER KING JR DR","511",,,,,,,"2","NO INDICATION OF INJURY","0","0","0","0","0","2","0","10","5","3","41.7145740319","-87.6138305262","POINT (-87.613830526229 41.714574031879)"
"532d4a460e10db7b9e7aab20c5255adf5fbf873111fe7e77a7448c096a8391716ad9f6ca711717e22cc451a38d2113fffdf420b6efef15913d2c0b3930290ab2","Y","2026-03-12T10:00:00.000","30","NO CONTROLS","NO CONTROLS","UNKNOWN","UNKNOWN","PARKED MOTOR VEHICLE","DIVIDED - W/MEDIAN (NOT RAISED)",,"STRAIGHT AND LEVEL","UNKNOWN","UNKNOWN","NOT ON SCENE (DESK REPORT)","NO INJURY / DRIVE AWAY",,,"Y","$501 - $1,500","2026-03-12T14:30:00.000","UNABLE TO DETERMINE","UNABLE TO DETERMINE","3549","W","GRENSHAW ST","1133",,,,,,,"2","NO INDICATION OF INJURY","0","0","0","0","0","1","0","10","5","3","41.8671420611","-87.7149481641","POINT (-87.714948164082 41.867142061093)"
"635d646c210e463eb57e3785a2640cee5556d1009c46f27b17a7f3ae00abab930b974b464fdd2bda231e961a7b5dc58522207d3a603d4965ce00c0e80f382aef","Y","2026-03-12T10:00:00.000","20","TRAFFIC SIGNAL","FUNCTIONING PROPERLY","CLEAR","DAYLIGHT","REAR END","T-INTERSECTION",,"STRAIGHT AND LEVEL","DRY","UNKNOWN","ON SCENE","INJURY AND / OR TOW DUE TO CRASH",,,,"OVER $1,500","2026-03-12T10:10:00.000","FOLLOWING TOO CLOSELY","UNABLE TO DETERMINE","1109","W","FOSTER AVE","2033",,,,,,,"2","NONINCAPACITATING INJURY","1","0","0","1","0","1","0","10","5","3","41.9762369705","-87.6582371806","POINT (-87.658237180603 41.976236970507)"
"79bacd820a6937593499f5c751f75791d15bb10494935e85614de8f99304533decdb43e74d1adb4d3b17fb8f9886e77e99a125de70649b6f23e446ef74e4c1ca",,"2026-03-12T09:52:00.000","35","TRAFFIC SIGNAL","FUNCTIONING PROPERLY","CLEAR","DAYLIGHT","TURNING","DIVIDED - W/MEDIAN (NOT RAISED)",,"STRAIGHT AND LEVEL","DRY","NO DEFECTS","ON SCENE","NO INJURY / DRIVE AWAY",,,,"OVER $1,500","2026-03-12T09:53:00.000","IMPROPER OVERTAKING/PASSING","FOLLOWING TOO CLOSELY","156","N","WACKER DR","122",,"Y",,,,,"2","NO INDICATION OF INJURY","0","0","0","0","0","2","0","9","5","3","41.8846678492","-87.6372152086","POINT (-87.637215208591 41.884667849223)"
"32f5aad60632137a78bcaf5cc99c07cd81fc486481d167940cc64c6268ce45dbc069dd5a823fa8aed8547b1fe4555e0c45917f9e64414583efa112e9ebf795fd",,"2026-03-12T09:50:00.000","30","TRAFFIC SIGNAL","FUNCTIONING PROPERLY","CLEAR","DAYLIGHT","SIDESWIPE SAME DIRECTION","FOUR WAY",,"STRAIGHT AND LEVEL","DRY","NO DEFECTS","ON SCENE","INJURY AND / OR TOW DUE TO CRASH","Y",,,"OVER $1,500","2026-03-12T09:52:00.000","IMPROPER TURNING/NO SIGNAL","NOT APPLICABLE","299","E","ROOSEVELT RD","132",,,,,,,"2","NO INDICATION OF INJURY","0","0","0","0","0","2","0","9","5","3","41.867402434","-87.6204276049","POINT (-87.620427604931 41.867402433986)"
"71429e17f46dece8f6c436118f9dd8b5aba7cc4fa4cf8e259fb1fe5a98e09aa6ef24e1f48ef8f981e11662771507a7e8f26fe512b00a1d539d2073a0060be25c",,"2026-03-12T09:49:00.000","30","NO CONTROLS","NO CONTROLS","CLEAR","DAYLIGHT","SIDESWIPE SAME DIRECTION","DIVIDED - W/MEDIAN BARRIER",,"STRAIGHT AND LEVEL","DRY","NO DEFECTS","ON SCENE","NO INJURY / DRIVE AWAY",,,"Y","OVER $1,500","2026-03-12T09:49:00.000","UNABLE TO DETERMINE","UNABLE TO DETERMINE","10318","S","HALSTED ST","2232",,,,,,,"2","NO INDICATION OF INJURY","0","0","0","0","0","2","0","9","5","3","41.7063146379","-87.6429617677","POINT (-87.642961767667 41.706314637892)"
"e2900f5dfe348d4c76ac6181b58cf517e3cbceaafdfdad6d9d63118c4cd905c6c3146b44bd6cbf45f559d56e1678c781eeb86198366127d979c6154345bc8fc7",,"2026-03-12T09:40:00.000","30","STOP SIGN/FLASHER","FUNCTIONING PROPERLY","CLEAR","DAYLIGHT","TURNING","FOUR WAY",,"STRAIGHT AND LEVEL","DRY","NO DEFECTS","NOT ON SCENE (DESK REPORT)","NO INJURY / DRIVE AWAY",,,"Y","$501 - $1,500","2026-03-12T13:00:00.000","DISREGARDING STOP SIGN","UNABLE TO DETERMINE","10400","S","MUSKEGON AVE","434",,,,,,,"2","NO INDICATION OF INJURY","0","0","0","0","0","2","0","9","5","3","41.7063152147","-87.5551295051","POINT (-87.555129505102 41.706315214681)"
"be522277b92ad7cfa75d6274419244a13df6f8ed95485b8e17456d396c809b1c507c269a3d1d0d4b34008f4cfb5492f1b0ccf058ff5d4c7ca0fb8298d36a32f1",,"2026-03-12T09:37:00.000","30","NO CONTROLS","NO CONTROLS","CLEAR","DAYLIGHT","PARKED MOTOR VEHICLE","NOT DIVIDED",,"STRAIGHT AND LEVEL","DRY","UNKNOWN","ON SCENE","NO INJURY / DRIVE AWAY",,,,"$500 OR LESS","2026-03-12T09:41:00.000","UNABLE TO DETERMINE","UNABLE TO DETERMINE","2556","N","PULASKI RD","2524",,,,,,,"2","NO INDICATION OF INJURY","0","0","0","0","0","2","0","9","5","3","41.9279829498","-87.7270188286","POINT (-87.727018828607 41.927982949761)"
"1fa40af001c93d62552279a6e35c32d5ead6f936cded5ec62af1a6cbe20df1983962ac8d625813d60dd1b7803e67941c277cafd7e6da69a6ec791a48ffdd2da8",,"2026-03-12T09:30:00.000","30","TRAFFIC SIGNAL","FUNCTIONING PROPERLY","CLEAR","DAYLIGHT","REAR END","DIVIDED - W/MEDIAN (NOT RAISED)",,"STRAIGHT AND LEVEL","DRY","NO DEFECTS","ON SCENE","NO INJURY / DRIVE AWAY",,,"Y","OVER $1,500","2026-03-12T10:15:00.000","UNABLE TO DETERMINE","UNABLE TO DETERMINE","6717","S","PULASKI RD","833",,,,,,,"2","NO INDICATION OF INJURY","0","0","0","0","0","2","0","9","5","3","41.7708226381","-87.7224153983","POINT (-87.722415398295 41.770822638089)"