"crash_record_id","crash_date_est_i","crash_date","posted_speed_limit","traffic_control_device","device_condition","weather_condition","lighting_condition","first_crash_type","trafficway_type","lane_cnt","alignment","roadway_surface_cond","road_defect","report_type","crash_type","intersection_related_i","private_property_i","hit_and_run_i","damage","date_police_notified","prim_contributory_cause","sec_contributory_cause","street_no","street_direction","street_name","beat_of_occurrence","photos_taken_i","statements_taken_i","dooring_i","work_zone_i","work_zone_type","workers_present_i","num_units","most_severe_injury","injuries_total","injuries_fatal","injuries_incapacitating","injuries_non_incapacitating","injuries_reported_not_evident","injuries_no_indication","injuries_unknown","crash_hour","crash_day_of_week","crash_month","latitude","longitude","location"
"330ab11fa9272261e339104791a64a7584ab858e7b75a2d589fd68a39f5407e8fce8243d83db32b5b416aa5f5a3b67c77bbc08061061aa3a4f0cef73d9fbe4bf",,"2026-03-12T09:30:00.000","30","TRAFFIC SIGNAL","UNKNOWN","UNKNOWN","DAYLIGHT","TURNING","FOUR WAY",,"STRAIGHT AND LEVEL","DRY","UNKNOWN",,"NO INJURY / DRIVE AWAY","Y",,,"OVER $1,500","2026-03-12T10:34:00.000","DISREGARDING TRAFFIC SIGNALS","DRIVING SKILLS/KNOWLEDGE/EXPERIENCE","1200","E","MARQUETTE RD","321",,,,,,,"2","NO INDICATION OF INJURY","0","0","0","0","0","4","0","9","5","3","41.7751656863","-87.5959997655","POINT (-87.595999765505 41.775165686276)"
"b4f3ee0dd20499bc5ac67c5d09bbf96ba52bb564a1982596d15f7468513e98ac8ed60b36917a64f8313d3d69cc2753526661f82f0eaf1ab4c663af889d99ab12",,"2026-03-12T09:30:00.000","30","TRAFFIC SIGNAL","FUNCTIONING PROPERLY","CLEAR","DAYLIGHT","REAR END","NOT DIVIDED",,"STRAIGHT AND LEVEL","DRY","NO DEFECTS","NOT ON SCENE (DESK REPORT)","INJURY AND / OR TOW DUE TO CRASH","Y",,"N","OVER $1,500","2026-03-12T11:30:00.000","UNABLE TO DETERMINE","UNABLE TO DETERMINE","136","W","MARQUETTE RD","722","Y","Y",,,,,"2","NONINCAPACITATING INJURY","1","0","0","1","0","2","0","9","5","3","41.772838234","-87.628899278","POINT (-87.628899277977 41.772838234006)"
"ce3d09ffc9732e54757fe846cd5f86e6914f884313cae4c472f4312ec8ad17ec31197666571785b270442307d947c8e6717289e6e0f6a77c0c4af6050590b275","Y","2026-03-12T09:30:00.000","30","TRAFFIC SIGNAL","NOT FUNCTIONING","CLEAR","DAYLIGHT","SIDESWIPE OPPOSITE DIRECTION","NOT DIVIDED",,"STRAIGHT ON GRADE","DRY","NO DEFECTS","ON SCENE","INJURY AND / OR TOW DUE TO CRASH","Y",,"Y","OVER $1,500","2026-03-12T10:44:00.000","IMPROPER LANE USAGE","IMPROPER OVERTAKING/PASSING","161","W","47TH ST","224",,,,,,,"3","NO INDICATION OF INJURY","0","0","0","0","0","3","0","9","5","3","41.8090567145","-87.6304235718","POINT (-87.630423571759 41.809056714539)"
"a4b452cfa1c073c36e72357ee780d0c401d21bfe604880fcfef852515d898d8f22acb100813ddb3313c14e48ea348e1f0fee77d20dfe538bb82e75734571149d",,"2026-03-12T09:26:00.000","30","STOP SIGN/FLASHER","FUNCTIONING PROPERLY","CLEAR","DAYLIGHT","ANGLE","FOUR WAY",,"STRAIGHT AND LEVEL","DRY","NO DEFECTS","ON SCENE","NO INJURY / DRIVE AWAY","Y",,,"OVER $1,500","2026-03-12T09:39:00.000","DISREGARDING STOP SIGN","DISREGARDING STOP SIGN","1130","W","LAKE ST","1214",,,,,,,"2","NO INDICATION OF INJURY","0","0","0","0","0","2","0","9","5","3","41.8856352376","-87.6555864834","POINT (-87.655586483423 41.885635237638)"
"c945bdce764b8685f3fedaaa6a95af324103650aa47f1bb41035259f2f56d07909061670be3ef37a2b305ad6daf97631a0455da69f370cdc62eea106b3212b0b",,"2026-03-12T09:13:00.000","30","NO CONTROLS","NO CONTROLS","CLEAR","DAYLIGHT","SIDESWIPE SAME DIRECTION","ONE-WAY",,"STRAIGHT AND LEVEL","DRY","NO DEFECTS","ON SCENE","NO INJURY / DRIVE AWAY",,,,"OVER $1,500","2026-03-12T09:13:00.000","NOT APPLICABLE","UNABLE TO DETERMINE","1817","W","80TH ST","611",,,,,,,"2","NO INDICATION OF INJURY","0","0","0","0","0","3","0","9","5","3","41.7483550366","-87.6689734751","POINT (-87.668973475097 41.748355036649)"
"fcfd6e1223c926af6bb560f61dc87de43ced6f3c25b3563581de0b8b60ff21bafebbaf4e8372e764f2f8c7be17716588707c49d828cf61988952d32021b2868f",,"2026-03-12T09:10:00.000","25","NO CONTROLS","NO CONTROLS","CLEAR","DAYLIGHT","PARKED MOTOR VEHICLE","NOT DIVIDED",,"STRAIGHT ON GRADE","DRY","NO DEFECTS","ON SCENE","NO INJURY / DRIVE AWAY",,,,"OVER $1,500","2026-03-12T09:14:00.000","DISTRACTION - FROM OUTSIDE VEHICLE","UNABLE TO DETERMINE","1818","W","NORWOOD ST","2413",,,,,,,"2","NO INDICATION OF INJURY","0","0","0","0","0","1","0","9","5","3","41.9920598055","-87.67599931","POINT (-87.675999309978 41.992059805486)"
"512878954e25f6c83bad7a881d58e97868af8bf33c575b068dc552a4e0e8ae70577e19fc5cad556d5fb062d9fd49a12aaa7f776b4ddcb45a8c3b4c523ff62b89",,"2026-03-12T09:00:00.000","30","TRAFFIC SIGNAL","FUNCTIONING PROPERLY","CLEAR","DAYLIGHT","SIDESWIPE SAME DIRECTION","DIVIDED - W/MEDIAN (NOT RAISED)",,"STRAIGHT AND LEVEL","DRY","NO DEFECTS","NOT ON SCENE (DESK REPORT)","NO INJURY / DRIVE AWAY","Y",,"Y","OVER $1,500","2026-03-12T11:15:00.000","UNABLE TO DETERMINE","NOT APPLICABLE","630","N","ORLEANS ST","1831",,,,,,,"2","NO INDICATION OF INJURY","0","0","0","0","0","2","0","9","5","3","41.8932563325","-87.6372296878","POINT (-87.637229687824 41.893256332459)"
"d7f092e020510d50c89ca5602f125820ef296cc2a37b8d017b4ce0020563e6e09fe62a4e6ba2747a3022c7374074640c20df92b7939bd96dabff0dcf90ff1980","Y","2026-03-12T09:00:00.000","10","NO CONTROLS","NO CONTROLS","CLEAR","DAYLIGHT","ANGLE","PARKING LOT",,"STRAIGHT AND LEVEL","DRY","NO DEFECTS","ON SCENE","NO INJURY / DRIVE AWAY",,,"Y","OVER $1,500","2026-03-12T09:41:00.000","FAILING TO YIELD RIGHT-OF-WAY","NOT APPLICABLE","6220","N","CALIFORNIA AVE","2413",,,,,,,"2","NO INDICATION OF INJURY","0","0","0","0","0","2","0","9","5","3","41.9946209588","-87.6996868624","POINT (-87.699686862371 41.994620958775)"
"dd24874019a5c4352e051478351f1eb41665b49e2f835f96fc5b9d78da0a7b01b0ca42065adc4dedca3fb64a283325c906403487d46b45cb16bbc9605a8dab53",,"2026-03-12T09:00:00.000","25","STOP SIGN/FLASHER","FUNCTIONING PROPERLY","CLEAR","DAYLIGHT","TURNING","T-INTERSECTION",,"STRAIGHT AND LEVEL","DRY","NO DEFECTS","NOT ON SCENE (DESK REPORT)","NO INJURY / DRIVE AWAY","Y",,,"OVER $1,500","2026-03-12T09:35:00.000","IMPROPER TURNING/NO SIGNAL","DRIVING SKILLS/KNOWLEDGE/EXPERIENCE","5968","W","ADAMS BLVD","1513",,,,,,,"2","NO INDICATION OF INJURY","0","0","0","0","0","4","0","9","5","3","41.8777276114","-87.773999045","POINT (-87.773999045017 41.877727611423)"
"551bea40a15f439cab4d163b75d2a7a95e5192c4a38833eb8a6854793bb5b3ee30d27b91704983c4dcf72559a1abd2a9f7c41e2bdec115bccfb1dc8f1b261cfc",,"2026-03-12T08:55:00.000","30","NO CONTROLS","NO CONTROLS","FREEZING RAIN/DRIZZLE","DAYLIGHT","FIXED OBJECT","DIVIDED - W/MEDIAN BARRIER",,"STRAIGHT ON HILLCREST","WET","WORN SURFACE","ON SCENE","INJURY AND / OR TOW DUE TO CRASH","Y",,,"OVER $1,500","2026-03-12T08:57:00.000","WEATHER","NOT APPLICABLE","4000","S","CICERO AVE","1031",,,,,,,"1","NO INDICATION OF INJURY","0","0","0","0","0","1","0","8","5","3","41.820565773","-87.7436531982","POINT (-87.743653198213 41.820565772976)"
"8c81f6344cbda89417092c03c58a07984f55802f3a47fbf5d219291554e5b099c544bb3a01b355a6fde0d47529b6bd495d3abbb825896134a26c6bd8f6988146",,"2026-03-12T08:50:00.000","30","TRAFFIC SIGNAL","FUNCTIONING PROPERLY","CLEAR","DAYLIGHT","SIDESWIPE SAME DIRECTION","DIVIDED - W/MEDIAN (NOT RAISED)",,"STRAIGHT AND LEVEL","DRY","NO DEFECTS","ON SCENE","NO INJURY / DRIVE AWAY",,,,"$501 - $1,500","2026-03-12T08:57:00.000","UNABLE TO DETERMINE","UNABLE TO DETERMINE","3158","W","FOSTER AVE","1712",,,,,,,"2","NO INDICATION OF INJURY","0","0","0","0","0","5","0","8","5","3","41.9758581295","-87.7086218878","POINT (-87.70862188779 41.975858129547)"
"9d5c28da4fa16c452df32b53e823f163c9189ec3f768178b4830a9f0949fa941eefe47aa72a5252e922991c89313a4852442cf4ca461111055754229a0160378",,"2026-03-12T08:47:00.000","30","STOP SIGN/FLASHER","FUNCTIONING PROPERLY","CLEAR","DAYLIGHT","SIDESWIPE SAME DIRECTION","NOT DIVIDED",,"STRAIGHT AND LEVEL","DRY","NO DEFECTS","ON SCENE","NO INJURY / DRIVE AWAY",,,,"OVER $1,500","2026-03-12T08:52:00.000","UNABLE TO DETERMINE","UNABLE TO DETERMINE","6958","S","MORGAN ST","733",,,,,,,"2","NO INDICATION OF INJURY","0","0","0","0","0","2","0","8","5","3","41.7670393401","-87.6494586624","POINT (-87.64945866242 41.767039340056)"
"1c0e78ceee1e2c174c06bf0f878a6593283fff6d8c5f9c75b476c5dcbcbd003297f400d162d8bf12b5417783cd7229725da2da2fb62582af3fc5849dce8bb89c",,"2026-03-12T08:45:00.000","30","TRAFFIC SIGNAL","FUNCTIONING PROPERLY","CLEAR","DAYLIGHT","SIDESWIPE SAME DIRECTION","NOT DIVIDED",,"STRAIGHT AND LEVEL","DRY","NO DEFECTS","NOT ON SCENE (DESK REPORT)","NO INJURY / DRIVE AWAY",,,"Y","$501 - $1,500","2026-03-12T14:00:00.000","IMPROPER OVERTAKING/PASSING","UNABLE TO DETERMINE","636","N","ORLEANS ST","1831",,,,,,,"2","NO INDICATION OF INJURY","0","0","0","0","0","2","0","8","5","3","41.8934736071","-87.6372364622","POINT (-87.63723646225 41.893473607144)"
"a21d769c9d624232bc242a1359e640170baa8143f5c8bc29f894e5b204ef5ca7bec836f78c4e7fbfbcd4555991706d0fad5f8edd57fe226bb023561cac158566",,"2026-03-12T08:40:00.000","30","TRAFFIC SIGNAL","FUNCTIONING PROPERLY","CLEAR","DAYLIGHT","TURNING","FOUR WAY",,"STRAIGHT AND LEVEL","DRY","NO DEFECTS","ON SCENE","INJURY AND / OR TOW DUE TO CRASH","Y",,,"OVER $1,500","2026-03-12T08:40:00.000","FAILING TO YIELD RIGHT-OF-WAY","NOT APPLICABLE","500","N","HAMLIN AVE","1122",,,,,,,"2","NO INDICATION OF INJURY","0","0","0","0","0","4","0","8","5","3","41.8899940045","-87.7211858238","POINT (-87.721185823804 41.889994004514)"
"c36774b5f89e35cef15cf8dec705db22ef54239a722dba90987b30536e03323d3f1391b4d680d62e910540b70078aeed385805b3d0e4b7077725af674931f8f2",,"2026-03-12T08:40:00.000","30","NO CONTROLS","NO CONTROLS","CLEAR","DAYLIGHT","SIDESWIPE SAME DIRECTION","NOT DIVIDED",,"STRAIGHT AND LEVEL","DRY","NO DEFECTS","ON SCENE","NO INJURY / DRIVE AWAY",,,"Y","$500 OR LESS","2026-03-12T08:53:00.000","NOT APPLICABLE","NOT APPLICABLE","399","E","71ST ST","323",,"Y",,,,,"2","NO INDICATION OF INJURY","0","0","0","0","0","2","0","8","5","3","41.7655999386","-87.615337949","POINT (-87.61533794902 41.765599938577)"
"d45fc70ed3cf3f54f7537697f93f38c418f640cacae54c09409413343e4f8f18a6428716d206b42c8568afc6580bf9565c5445215ae6355e49f1fa6dca25c852",,"2026-03-12T08:40:00.000","30","NO CONTROLS","NO CONTROLS","CLEAR","DAYLIGHT","ANGLE","ONE-WAY",,"STRAIGHT AND LEVEL","DRY","UNKNOWN","NOT ON SCENE (DESK REPORT)","NO INJURY / DRIVE AWAY",,,,"OVER $1,500","2026-03-12T09:10:00.000","FAILING TO YIELD RIGHT-OF-WAY","FAILING TO YIELD RIGHT-OF-WAY","3747","W","BERTEAU AVE","1723",,,,,,,"2","NO INDICATION OF INJURY","0","0","0","0","0","2","0","8","5","3","41.9572602115","-87.7222846011","POINT (-87.722284601123 41.957260211473)"
"33c535e5e83ee109f1582b55523854db7d8c1a448052d68b8e212df6577768854c35a33b87ac0b25f10e185be1a502f90bb384503c376c88e969e8347dfd9c7b",,"2026-03-12T08:30:00.000","25","UNKNOWN","UNKNOWN","UNKNOWN","UNKNOWN","REAR END","NOT DIVIDED",,"STRAIGHT AND LEVEL","UNKNOWN","UNKNOWN","NOT ON SCENE (DESK REPORT)","NO INJURY / DRIVE AWAY",,,,"OVER $1,500","2026-03-13T17:07:00.000","NOT APPLICABLE","NOT APPLICABLE","2600","N","WESTERN AVE","1411",,,,,,,"2","NO INDICATION OF INJURY","0","0","0","0","0","2","0","8","5","3","41.9286697899","-87.6879222355","POINT (-87.687922235539 41.92866978991)"
"583cbf8fafb76ac2ff81fadd9351b3d1083aad065dd73ae6dd3bff4447786ef154cec3e2fef9e9273edbbc5bd554945b31251279f8ee4836b2b6efa6deb56a41",,"2026-03-12T08:30:00.000","30","NO CONTROLS","NO CONTROLS","CLEAR","DAYLIGHT","SIDESWIPE SAME DIRECTION","NOT DIVIDED",,"STRAIGHT AND LEVEL","DRY","NO DEFECTS","ON SCENE","INJURY AND / OR TOW DUE TO CRASH",,,"Y","OVER $1,500","2026-03-12T08:50:00.000","IMPROPER LANE USAGE","UNABLE TO DETERMINE","4156","S","CICERO AVE","814",,,,,,,"2","NO INDICATION OF INJURY","0","0","0","0","0","2","0","8","5","3","41.8167612218","-87.7435383286","POINT (-87.743538328568 41.81676122178)"
"5e4c89ce90344eef35ac727b19130b776e23ad2f37a4953e6bccaf56d2cd1ee997a2cd836fefd18280f0eba60e5f2b3b85289288be9ef552e27a9c09c00a24a1",,"2026-03-12T08:30:00.000","15","NO CONTROLS","NO CONTROLS","CLEAR","DAYLIGHT","PARKED MOTOR VEHICLE","PARKING LOT",,"STRAIGHT AND LEVEL","DRY","NO DEFECTS","NOT ON SCENE (DESK REPORT)","NO INJURY / DRIVE AWAY",,"Y",,"OVER $1,500","2026-03-12T15:45:00.000","UNABLE TO DETERMINE","UNABLE TO DETERMINE","6543","S","CHAMPLAIN AVE","321",,,,,,,"2","NO INDICATION OF INJURY","0","0","0","0","0","1","0","8","5","3","41.7754406247","-87.6093209474","POINT (-87.609320947418 41.775440624729)"
"a15af085a286771bf631c456f87b2c353b7fd1c41b71f51733a19818a677eba2c5e309a4a473fb979156a8da2b3ddc8515615d46e2b93dafa2e8d19d331934ce",,"2026-03-12T08:30:00.000","20","STOP SIGN/FLASHER","FUNCTIONING PROPERLY","CLEAR","DAYLIGHT","ANGLE","FOUR WAY",,"STRAIGHT AND LEVEL","DRY","NO DEFECTS","ON SCENE","INJURY AND / OR TOW DUE TO CRASH","Y","Y",,"OVER $1,500","2026-03-12T08:40:00.000","FAILING TO YIELD RIGHT-OF-WAY","DISREGARDING STOP SIGN","4301","W","AUGUSTA BLVD","1111",,"Y",,,,,"2","NONINCAPACITATING INJURY","1","0","0","1","0","1","0","8","5","3","41.8987833414","-87.7336985669","POINT (-87.733698566882 41.898783341371)"
"ae8e3bda2ec33af7a39514f4a3a51c8f4e9a7426696b9c6d5d11b0791df1466ce0b87da1039c96a2e9d4df8126bc76a134f5a8505ab5677732765b027ead0cf7",,"2026-03-12T08:30:00.000","40","TRAFFIC SIGNAL","FUNCTIONING PROPERLY","CLEAR","DAYLIGHT","REAR END","DIVIDED - W/MEDIAN (NOT RAISED)",,"STRAIGHT AND LEVEL","DRY","NO DEFECTS","ON SCENE","NO INJURY / DRIVE AWAY",,,"Y","$501 - $1,500","2026-03-12T08:30:00.000","UNABLE TO DETERMINE","UNABLE TO DETERMINE","4750","W","115TH ST","2211",,,,,,,"3","NO INDICATION OF INJURY","0","0","0","0","0","4","0","8","5","3","41.6837545692","-87.738760437","POINT (-87.738760436978 41.683754569195)"
"114735caf66c3fb1fe654200445ed8b135db44bdb5ad013dafb5cc2c735c78586b2f7f98d8d62b3850d9264ee3ac019fabf520cfefbbaadee2f49acafe7b5aa5",,"2026-03-12T08:28:00.000","30","NO CONTROLS","NO CONTROLS","CLEAR","DAYLIGHT","TURNING","NOT DIVIDED",,"STRAIGHT AND LEVEL","DRY","NO DEFECTS","ON SCENE","NO INJURY / DRIVE AWAY",,,,"OVER $1,500","2026-03-12T08:29:00.000","UNABLE TO DETERMINE","NOT APPLICABLE","7600","S","HALSTED ST","621",,,,,,,"2","NO INDICATION OF INJURY","0","0","0","0","0","3","0","8","5","3","41.7559957905","-87.6443282389","POINT (-87.644328238864 41.755995790481)"
"8563e6e98d7dddbccc4d1b128665c527cb9cbc053bdf33155044d56644593ae29104431e9a361bb26d5161bb8b14590f2b3f282a0b653e7cab14fc8b851102ed",,"2026-03-12T08:24:00.000","30","NO CONTROLS","NO CONTROLS","CLEAR","DAYLIGHT","REAR END","NOT DIVIDED",,"STRAIGHT AND LEVEL","DRY","NO DEFECTS","ON SCENE","INJURY AND / OR TOW DUE TO CRASH","Y",,,"OVER $1,500","2026-03-12T08:27:00.000","DRIVING SKILLS/KNOWLEDGE/EXPERIENCE","FOLLOWING TOO CLOSELY","4424","W","DIVERSEY AVE","2523",,,,,,,"2","NO INDICATION OF INJURY","0","0","0","0","0","2","0","8","5","3","41.9317574923","-87.7378103495","POINT (-87.737810349513 41.931757492282)"
"9f4bc54e761a07aff212cfc0377ee9799b462d1c7de20e82b42e076f75081bf0654ad573f9cd37a6786e0441cf4f7e1701b671709b929d8faec9bf148bc5daea",,"2026-03-12T08:19:00.000","20","STOP SIGN/FLASHER","FUNCTIONING PROPERLY","CLEAR","DAYLIGHT","REAR END","ONE-WAY",,"STRAIGHT AND LEVEL","DRY","NO DEFECTS","ON SCENE","NO INJURY / DRIVE AWAY",,,,"$500 OR LESS","2026-03-12T08:48:00.000","UNABLE TO DETERMINE","UNABLE TO DETERMINE","3159","N","LECLAIRE AVE","2521",,,,,,,"2","NO INDICATION OF INJURY","0","0","0","0","0","3","0","8","5","3","41.9386897347","-87.7540941528","POINT (-87.754094152811 41.938689734747)"
"2f1e1ef236909c03f961e206c508133db479982f8037594b4cdd10f2f0bcd1e20f4b57569ce4302708b4b746ef6ad6c368657a4b8c41340f5ef2fba10d9fe60c",,"2026-03-12T08:10:00.000","30","NO CONTROLS","NO CONTROLS","CLEAR","DAYLIGHT","PARKED MOTOR VEHICLE","NOT DIVIDED",,"STRAIGHT AND LEVEL","DRY","NO DEFECTS","ON SCENE","NO INJURY / DRIVE AWAY",,,"Y","OVER $1,500","2026-03-12T08:19:00.000","UNABLE TO DETERMINE","UNABLE TO DETERMINE","1613","W","87TH ST","2221",,,,,,,"2","NO INDICATION OF INJURY","0","0","0","0","0","1","0","8","5","3","41.7356722519","-87.6635915083","POINT (-87.663591508348 41.735672251871)"
"664674e5ba35257991efd6d594cee6bf61e06f5730acbc51ba8f31a2d815d198b68178d3ad19f769eda56184747eace8e44ad28ace6e535c042fb7dac8ae3a87",,"2026-03-12T08:10:00.000","30","TRAFFIC SIGNAL","FUNCTIONING PROPERLY","UNKNOWN","DAYLIGHT","SIDESWIPE SAME DIRECTION","DIVIDED - W/MEDIAN BARRIER",,"STRAIGHT AND LEVEL","UNKNOWN","NO DEFECTS","NOT ON SCENE (DESK REPORT)","NO INJURY / DRIVE AWAY",,,"Y","$501 - $1,500","2026-03-16T16:00:00.000","UNABLE TO DETERMINE","NOT APPLICABLE","7300","S","STONY ISLAND AVE","324",,,,,,,"2","NO INDICATION OF INJURY","0","0","0","0","0","2","0","8","5","3","41.7623619184","-87.5863772347","POINT (-87.586377234748 41.762361918371)"
"8f4643498b4f391399504e69d772cb9ec8d6b73a134081a5073dbfa852c5a4b870f09feedc9769a6cbea817b26f84ec8ba66c5e41fe921a3b4dc7d2748ae475b",,"2026-03-12T08:10:00.000","30","TRAFFIC SIGNAL","FUNCTIONING PROPERLY","CLEAR","DAYLIGHT","REAR END","NOT DIVIDED",,"STRAIGHT AND LEVEL","DRY","NO DEFECTS","ON SCENE","NO INJURY / DRIVE AWAY","Y",,"Y","$501 - $1,500","2026-03-12T08:15:00.000","FOLLOWING TOO CLOSELY","UNABLE TO DETERMINE","1200","N","LA SALLE DR","1821",,,,,,,"2","NO INDICATION OF INJURY","0","0","0","0","0","2","0","8","5","3","41.9039692113","-87.6330707107","POINT (-87.633070710665 41.903969211265)"
"495c90339300a9046d64e033457ac7a4037d1133ae05dc2fdadd19ef65a9b09b4ea9d246a3fd7b8bd3cea768cda03151e5de7de55770d8c57268cad35d0fe4ac","Y","2026-03-12T08:08:00.000","25","TRAFFIC SIGNAL","FUNCTIONING PROPERLY","CLEAR","DAYLIGHT","ANGLE","DIVIDED - W/MEDIAN BARRIER",,"STRAIGHT AND LEVEL","DRY","NO DEFECTS","ON SCENE","INJURY AND / OR TOW DUE TO CRASH","Y",,,"OVER $1,500","2026-03-12T08:16:00.000","UNABLE TO DETERMINE","NOT APPLICABLE","3100","S","DR MARTIN LUTHER KING JR DR","211",,,,,,,"2","REPORTED, NOT EVIDENT","1","0","0","0","1","1","0","8","5","3","41.8383269412","-87.6176126615","POINT (-87.617612661462 41.838326941218)"
"784ab9844c02d6456b1173f4ad5f804320f77aeb46753238379a2d2edf174694c364ef9b2a569d6fd2e9d9c21913b644ad448a064233e1b0fcc9da70defd4565",,"2026-03-12T08:08:00.000","10","NO CONTROLS","NO CONTROLS","CLEAR","DAYLIGHT","PARKED MOTOR VEHICLE","NOT DIVIDED",,"STRAIGHT AND LEVEL","DRY","UNKNOWN","NOT ON SCENE (DESK REPORT)","NO INJURY / DRIVE AWAY",,,,"OVER $1,500","2026-03-12T15:00:00.000","UNABLE TO DETERMINE","UNABLE TO DETERMINE","1153","E","81ST ST","411",,,,,,,"2","NO INDICATION OF INJURY","0","0","0","0","0","1","0","8","5","3","41.7476275751","-87.5957014658","POINT (-87.595701465832 41.747627575121)"
"49bd0e2132ac42fb019fec83a5d056c4068e9ed4ae7a373852d15f07c096543f07522af4799d316a0db19040bed1adf389a547e8903f9e95c45f36afc8dbf1cb",,"2026-03-12T08:05:00.000","30","NO CONTROLS","NO CONTROLS","CLEAR","DAYLIGHT","TURNING","NOT DIVIDED",,"STRAIGHT AND LEVEL","DRY","UNKNOWN","NOT ON SCENE (DESK REPORT)","NO INJURY / DRIVE AWAY",,,,"$500 OR LESS","2026-03-12T08:39:00.000","UNABLE TO DETERMINE","NOT APPLICABLE","4001","W","59TH ST","813",,,,,,,"2","NO INDICATION OF INJURY","0","0","0","0","0","2","0","8","5","3","41.7858256936","-87.7230190712","POINT (-87.723019071166 41.785825693622)"
"b62c520cc73ad1977c5b41eab681ed6f4b5b26ea0859d0f4f7cc75c439894f2733f415fe7e6a6f7d5199d97c6feb9a08b2e05c261eab470bbc3bd6611ffa41c6",,"2026-03-12T08:00:00.000","30","NO CONTROLS","FUNCTIONING PROPERLY","CLEAR","DAYLIGHT","HEAD ON","ONE-WAY",,"STRAIGHT AND LEVEL","DRY","NO DEFECTS","NOT ON SCENE (DESK REPORT)","NO INJURY / DRIVE AWAY",,,"Y","OVER $1,500","2026-03-12T16:00:00.000","DRIVING ON WRONG SIDE/WRONG WAY","DRIVING SKILLS/KNOWLEDGE/EXPERIENCE","3001","E","90TH ST","424",,,,,,,"2","NO INDICATION OF INJURY","0","0","0","0","0","2","0","8","5","3","41.7317932256","-87.5512250704","POINT (-87.551225070449 41.731793225579)"
"c1382a4d87fa2adb2d0abd64e51e8f7f2952138966a06baf51e2b8ee3f21c11910df2ae9e940243d444e7bfab49d54e92bb2ba898bdb3775afe511387904e637","Y","2026-03-12T08:00:00.000","30","UNKNOWN","UNKNOWN","UNKNOWN","UNKNOWN","PARKED MOTOR VEHICLE","NOT DIVIDED",,"STRAIGHT AND LEVEL","UNKNOWN","UNKNOWN","NOT ON SCENE (DESK REPORT)","INJURY AND / OR TOW DUE TO CRASH",,,"Y","$501 - $1,500","2026-03-12T12:18:00.000","UNABLE TO DETERMINE","NOT APPLICABLE","3611","W","59TH PL","822",,,,,,,"2","NO INDICATION OF INJURY","0","0","0","0","0","1","0","8","5","3","41.7850613428","-87.7138724644","POINT (-87.713872464443 41.78506134277)"
"45eb3ee217e458ee5fd370a155701a7220cbed3194a5b5dfba8df6f06408c064ce36296f94491aa3fe033c90a1c43c8d1e2e7117d337709756cd1b50939fe6a1",,"2026-03-12T07:55:00.000","30","TRAFFIC SIGNAL","FUNCTIONING PROPERLY","CLEAR","DAYLIGHT","REAR END","DIVIDED - W/MEDIAN (NOT RAISED)",,"STRAIGHT AND LEVEL","DRY","UNKNOWN","NOT ON SCENE (DESK REPORT)","NO INJURY / DRIVE AWAY",,,,"$501 - $1,500","2026-03-12T09:00:00.000","FOLLOWING TOO CLOSELY","FOLLOWING TOO CLOSELY","4035","W","IRVING PARK RD","1732",,,,,,,"2","NO INDICATION OF INJURY","0","0","0","0","0","2","0","7","5","3","41.9535302586","-87.7285360259","POINT (-87.72853602594 41.953530258638)"
"2e45d8739edd700aa9509dbcfc46226abcf6e5ae835221adc8f8d094386286d736f73d28a734fe61039b12fa7272882b5d311832d3eb3985623c0d7632dbb52a",,"2026-03-12T07:45:00.000","30","UNKNOWN","UNKNOWN","UNKNOWN","UNKNOWN","SIDESWIPE SAME DIRECTION","UNKNOWN",,"STRAIGHT AND LEVEL","UNKNOWN","UNKNOWN","NOT ON SCENE (DESK REPORT)","NO INJURY / DRIVE AWAY",,,"Y","$500 OR LESS","2026-03-12T15:00:00.000","UNABLE TO DETERMINE","NOT APPLICABLE","4354","W","CONGRESS PKWY","1131",,,,,,,"2","NO INDICATION OF INJURY","0","0","0","0","0","2","0","7","5","3","41.8743419546","-87.7350227479","POINT (-87.735022747909 41.874341954577)"
"4877d4484c39371a9ee52d0c8ada23b8cfc81431977ecf0fb5f63cfb6901b3168d3dc53931255a8d24ecb04fadf7796b1a2826236d37b29b308fc3629a1a98c4",,"2026-03-12T07:40:00.000","20","NO CONTROLS","NO CONTROLS","CLEAR","DAYLIGHT","REAR END","NOT DIVIDED",,"STRAIGHT AND LEVEL","DRY","NO DEFECTS","NOT ON SCENE (DESK REPORT)","NO INJURY / DRIVE AWAY",,,,"OVER $1,500","2026-03-12T08:10:00.000","FAILING TO REDUCE SPEED TO AVOID CRASH","NOT APPLICABLE","1550","N","KOSTNER AVE","2533",,,,,,,"2","NO INDICATION OF INJURY","0","0","0","0","0","2","0","7","5","3","41.9091428747","-87.7364739875","POINT (-87.736473987458 41.909142874651)"
"f50af427006cc17cf8823459e3c0a2c54e9ad5ace2e83a0ab15815f34fb9039eb434870aa825df00b116274dd90fafe5855430dc2e25464fd156096287d279c6",,"2026-03-12T07:40:00.000","30","NO CONTROLS","NO CONTROLS","CLEAR","DAYLIGHT","SIDESWIPE SAME DIRECTION","DIVIDED - W/MEDIAN (NOT RAISED)",,"STRAIGHT AND LEVEL","DRY","NO DEFECTS","ON SCENE","NO INJURY / DRIVE AWAY",,,,"$501 - $1,500","2026-03-12T07:58:00.000","UNABLE TO DETERMINE","UNABLE TO DETERMINE","3229","W","47TH ST","821",,,,,,,"2","NO INDICATION OF INJURY","0","0","0","0","0","2","0","7","5","3","41.807994393","-87.7052434929","POINT (-87.705243492934 41.807994393045)"