"crash_record_id","crash_date_est_i","crash_date","posted_speed_limit","traffic_control_device","device_condition","weather_condition","lighting_condition","first_crash_type","trafficway_type","lane_cnt","alignment","roadway_surface_cond","road_defect","report_type","crash_type","intersection_related_i","private_property_i","hit_and_run_i","damage","date_police_notified","prim_contributory_cause","sec_contributory_cause","street_no","street_direction","street_name","beat_of_occurrence","photos_taken_i","statements_taken_i","dooring_i","work_zone_i","work_zone_type","workers_present_i","num_units","most_severe_injury","injuries_total","injuries_fatal","injuries_incapacitating","injuries_non_incapacitating","injuries_reported_not_evident","injuries_no_indication","injuries_unknown","crash_hour","crash_day_of_week","crash_month","latitude","longitude","location"
"5c000735b54752d8be9db43b0e96500aa09ff30e029f7004ea0a0a47c11e35ff37e478b948636fd2d6ed70e1af2f45e38dfc3c79bfce5197d76f02954fa63ab0",,"2026-03-12T07:38:00.000","30","NO CONTROLS","NO CONTROLS","CLEAR","DAYLIGHT","PARKED MOTOR VEHICLE","NOT DIVIDED",,"STRAIGHT AND LEVEL","DRY","NO DEFECTS","NOT ON SCENE (DESK REPORT)","NO INJURY / DRIVE AWAY",,,"Y","OVER $1,500","2026-03-12T07:45:00.000","DISREGARDING STOP SIGN","NOT APPLICABLE","1259","W","115TH ST","524",,,,,,,"2","NO INDICATION OF INJURY","0","0","0","0","0","1","0","7","5","3","41.6848097917","-87.654245615","POINT (-87.654245614966 41.68480979168)"
"72085d6483f4de4f16c79348e99708459b5f4afed358da6a969c5f2ce02c180884cffb4f431b69bc070cb9ca6dcd19f290ca7234079da7b6cc5949dd1dea825f",,"2026-03-12T07:37:00.000","30","UNKNOWN","UNKNOWN","CLEAR","DAYLIGHT","REAR TO SIDE","NOT DIVIDED",,"STRAIGHT AND LEVEL","DRY","UNKNOWN","ON SCENE","NO INJURY / DRIVE AWAY",,,,"OVER $1,500","2026-03-12T07:37:00.000","UNABLE TO DETERMINE","NOT APPLICABLE","6104","S","COTTAGE GROVE AVE","313",,,,,,,"3","NO INDICATION OF INJURY","0","0","0","0","0","2","0","7","5","3","41.7838510975","-87.6061510221","POINT (-87.606151022075 41.783851097453)"
"4b2dcb996c55e5f99b082be2afd0397d0e8c590defcd252cc9aae185a9f59f735aff9722fa264997478d8baf3849c7d2fca5186ac922bfe619a06fc9a25c5f76",,"2026-03-12T07:36:00.000","30","TRAFFIC SIGNAL","NO CONTROLS","CLEAR","DAYLIGHT","REAR END","NOT DIVIDED",,"STRAIGHT AND LEVEL","DRY","NO DEFECTS","NOT ON SCENE (DESK REPORT)","NO INJURY / DRIVE AWAY",,,,"OVER $1,500","2026-03-12T09:42:00.000","UNABLE TO DETERMINE","NOT APPLICABLE","3600","W","WASHINGTON BLVD","1122",,,,,,,"2","NO INDICATION OF INJURY","0","0","0","0","0","2","0","7","5","3","41.8816715757","-87.7159382082","POINT (-87.715938208222 41.881671575671)"
"4d943dbda052bdf93958c63a2d82e70cb9c99981ccf6eb20d27d5a739040092cc06bf687a049077a634a198990b2c06f4ef4103f8964ec0552b773398d94d215",,"2026-03-12T07:35:00.000","30","NO CONTROLS","NO CONTROLS","CLEAR","DAYLIGHT","REAR END","DIVIDED - W/MEDIAN (NOT RAISED)",,"STRAIGHT AND LEVEL","DRY","NO DEFECTS","ON SCENE","NO INJURY / DRIVE AWAY",,,,"OVER $1,500","2026-03-12T08:15:00.000","IMPROPER OVERTAKING/PASSING","NOT APPLICABLE","4143","W","ROOSEVELT RD","1011",,,,,,,"3","NO INDICATION OF INJURY","0","0","0","0","0","4","0","7","5","3","41.8660020059","-87.7293676662","POINT (-87.729367666162 41.866002005936)"
"4fcf23afc874bcc77a08c9e147cb7ee12fc0c1dcb37d553713b48801982b767619997a46a9011fa68e0896b0cdae5216f17b4591bfb6f27bee789a32f1a169b8",,"2026-03-12T07:30:00.000","30","NO CONTROLS","NO CONTROLS","CLEAR","DAYLIGHT","REAR END","NOT DIVIDED",,"STRAIGHT AND LEVEL","DRY","NO DEFECTS",,"NO INJURY / DRIVE AWAY",,,,"$501 - $1,500","2026-03-12T09:30:00.000","FOLLOWING TOO CLOSELY","NOT APPLICABLE","3446","N","WESTERN AVE","1921",,,,,,,"2","NO INDICATION OF INJURY","0","0","0","0","0","2","0","7","5","3","41.9444863246","-87.6883403393","POINT (-87.68834033928 41.944486324647)"
"87956163eb43d758c6c1df1ffc27a0ab35d3ada5efb26193e7524f2e0dcbd9632ea5b7db0d5b1c2f23ab7497857715b13336b92127c384d880676f26df795d84",,"2026-03-12T07:30:00.000","30","STOP SIGN/FLASHER","FUNCTIONING PROPERLY","CLEAR","DAYLIGHT","PARKED MOTOR VEHICLE","NOT DIVIDED",,"STRAIGHT AND LEVEL","DRY","NO DEFECTS","NOT ON SCENE (DESK REPORT)","NO INJURY / DRIVE AWAY",,,,"$501 - $1,500","2026-03-12T12:05:00.000","UNABLE TO DETERMINE","NOT APPLICABLE","2300","S","PRINCETON AVE","914",,,,,,,"2","NO INDICATION OF INJURY","0","0","0","0","0","1","0","7","5","3","41.8508882744","-87.6349061387","POINT (-87.634906138716 41.850888274415)"
"9ee72558d9f5c03dfbdd1d6acd82633a729058aefb465cbae046f67968a58afc7ad4b5ed9127b5e0fd7c01eb82d6643317bb1fb7b0eb5a49ac09230c5ee09df9",,"2026-03-12T07:30:00.000","30","NO CONTROLS","NO CONTROLS","CLEAR","DAYLIGHT","TURNING","NOT DIVIDED",,"STRAIGHT AND LEVEL","DRY","NO DEFECTS","NOT ON SCENE (DESK REPORT)","NO INJURY / DRIVE AWAY",,,,"$501 - $1,500","2026-03-12T09:00:00.000","UNABLE TO DETERMINE","NOT APPLICABLE","3001","W","AUGUSTA BLVD","1211",,,,,,,"2","NO INDICATION OF INJURY","0","0","0","0","0","2","0","7","5","3","41.8991239146","-87.7024938225","POINT (-87.702493822512 41.899123914643)"
"be7b28a98d1d03246064b2ab0d7d26725b3a91f058729577962e0a0f9517beec1d2a055c32b32726b654a43ea77a0a093805965be50b6e3a95814486d547f855",,"2026-03-12T07:29:00.000","40","NO CONTROLS","NO CONTROLS","CLEAR","DAYLIGHT","SIDESWIPE SAME DIRECTION","DIVIDED - W/MEDIAN BARRIER",,"STRAIGHT AND LEVEL","DRY","UNKNOWN","ON SCENE","INJURY AND / OR TOW DUE TO CRASH",,,"Y","$500 OR LESS","2026-03-12T07:30:00.000","UNABLE TO DETERMINE","UNABLE TO DETERMINE","3900","N","LAKE SHORE DR NB","1925",,,,,,,"2","NO INDICATION OF INJURY","0","0","0","0","0","2","0","7","5","3","41.9530968826","-87.6449470833","POINT (-87.644947083251 41.95309688257)"
"a17b6e93ce53c1a0fe415c16e004c13a83a48c0f2b276241883bd9f1a13e2b91098f183942df47d98549e0054be4be37053607844efe9a52f560650122573739",,"2026-03-12T07:25:00.000","30","STOP SIGN/FLASHER","FUNCTIONING PROPERLY","CLEAR","DAYLIGHT","PEDESTRIAN","NOT DIVIDED",,"STRAIGHT AND LEVEL","ICE","NO DEFECTS","ON SCENE","INJURY AND / OR TOW DUE TO CRASH",,,,"$500 OR LESS","2026-03-12T07:30:00.000","FAILING TO YIELD RIGHT-OF-WAY","NOT APPLICABLE","1956","S","KEDZIE AVE","1022",,,,,,,"2","REPORTED, NOT EVIDENT","1","0","0","0","1","1","0","7","5","3","41.8537325566","-87.7054575243","POINT (-87.705457524275 41.853732556561)"
"7f5e28d546c5179aa2dad985f117a82b428dea866d19bd6ac66af4917e42f43ed7504198bd079cfabbed7fd63763689f4edc5976b890acc197dd16ffdeccd5ee",,"2026-03-12T07:24:00.000","30","NO CONTROLS","NO CONTROLS","CLEAR","DAYLIGHT","ANGLE","NOT DIVIDED",,"STRAIGHT AND LEVEL","DRY","NO DEFECTS","ON SCENE","INJURY AND / OR TOW DUE TO CRASH",,,,"OVER $1,500","2026-03-12T07:29:00.000","NOT APPLICABLE","NOT APPLICABLE","512","E","71ST ST","322",,"Y",,,,,"4","REPORTED, NOT EVIDENT","1","0","0","0","1","2","0","7","5","3","41.7658712506","-87.6122856856","POINT (-87.612285685593 41.765871250597)"
"526ae40f5544cf47b55eabc9c68f42233860568619573687ea1426c972ecaf8fdff1cd3151e1f2aa0752626a83c8d059996dc4a9d38d336205097efa34608228",,"2026-03-12T07:16:00.000","30","STOP SIGN/FLASHER","FUNCTIONING PROPERLY","CLEAR","DAYLIGHT","TURNING","NOT DIVIDED",,"STRAIGHT AND LEVEL","DRY","NO DEFECTS","ON SCENE","INJURY AND / OR TOW DUE TO CRASH","Y",,,"OVER $1,500","2026-03-12T07:24:00.000","UNABLE TO DETERMINE","UNABLE TO DETERMINE","9300","S","BRANDON AVE","424",,,,,,,"2","INCAPACITATING INJURY","2","0","1","1","0","2","0","7","5","3","41.7263811744","-87.5469847574","POINT (-87.546984757402 41.726381174445)"
"be2cfbc3fb15a38e10d4ea1976b38b915d9bc2da40f8ad1b896e50047aafb4fcba78fe958f80f788a17aeaaeecd2a9ba7e7cf788170b968c3f50f41da5b2fd51",,"2026-03-12T07:10:00.000","30","TRAFFIC SIGNAL","FUNCTIONING PROPERLY","CLEAR","DAYLIGHT","REAR END","FOUR WAY",,"STRAIGHT AND LEVEL","DRY","NO DEFECTS","ON SCENE","NO INJURY / DRIVE AWAY","Y",,,"OVER $1,500","2026-03-12T07:12:00.000","FOLLOWING TOO CLOSELY","FOLLOWING TOO CLOSELY","711","W","63RD ST","723",,,,,,,"2","NO INDICATION OF INJURY","0","0","0","0","0","2","0","7","5","3","41.7796636616","-87.6432651193","POINT (-87.643265119333 41.77966366158)"
"5687894712e1c569fd0c439f2eb1b22552f36642ea892c6502f716926b726b3d0ea2c90a7b87a24f9ea017322d8d6c4428538e334fbf1f934bd9623dde9f79c9",,"2026-03-12T07:05:00.000","30","TRAFFIC SIGNAL","FUNCTIONING PROPERLY","CLEAR","DAYLIGHT","ANGLE","FOUR WAY",,"STRAIGHT AND LEVEL","ICE","NO DEFECTS","ON SCENE","INJURY AND / OR TOW DUE TO CRASH","Y",,,"OVER $1,500","2026-03-12T07:08:00.000","UNABLE TO DETERMINE","WEATHER","3600","W","WASHINGTON BLVD","1122",,,,,,,"2","REPORTED, NOT EVIDENT","1","0","0","0","1","2","0","7","5","3","41.8816715757","-87.7159382082","POINT (-87.715938208222 41.881671575671)"
"7e4d7bd412934913ab099ee023ee7da50d38cd6479fc1a15bd3922bebce61a70212f8b51d56b4fee743005c86b1b3651759a0aa02c65d124ffa52229562dd5dd",,"2026-03-12T07:05:00.000","30","NO CONTROLS","NO CONTROLS","CLEAR","DAYLIGHT","SIDESWIPE SAME DIRECTION","NOT DIVIDED",,"STRAIGHT AND LEVEL","DRY","NO DEFECTS","NOT ON SCENE (DESK REPORT)","NO INJURY / DRIVE AWAY",,,,"OVER $1,500","2026-03-12T07:50:00.000","IMPROPER LANE USAGE","NOT APPLICABLE","11131","S","CORLISS AVE","531",,,,,,,"2","NO INDICATION OF INJURY","0","0","0","0","0","3","0","7","5","3","41.6919560066","-87.6005582471","POINT (-87.60055824713 41.691956006633)"
"f90cfee53423514315eee2f79f4ea4c03ab19f5f0e4c6a320513dbd510b6ba5da9a383b4f6f5d4d958040d8616200688658b7f536d8cda8daaa062a4891b2be8",,"2026-03-12T07:03:00.000","30","TRAFFIC SIGNAL","FUNCTIONING PROPERLY","CLEAR","DAYLIGHT","ANGLE","FOUR WAY",,"STRAIGHT AND LEVEL","DRY","NO DEFECTS","ON SCENE","INJURY AND / OR TOW DUE TO CRASH","Y",,,"OVER $1,500","2026-03-12T08:20:00.000","DISREGARDING TRAFFIC SIGNALS","FAILING TO REDUCE SPEED TO AVOID CRASH","6600","S","STATE ST","312",,,,,,,"4","INCAPACITATING INJURY","1","0","1","0","0","3","0","7","5","3","41.7749157713","-87.6253269174","POINT (-87.625326917393 41.774915771313)"
"a09568f826684c0e5f78b86e05ab676031d4856d6f86c136200f7860bc0629644e9bbcd75fa2bcc4cc8261b19d888e9794ebc4b6ab1529531c1c969f1a999395",,"2026-03-12T07:00:00.000","30","NO CONTROLS","NO CONTROLS","CLEAR","DAYLIGHT","TURNING","ONE-WAY",,"STRAIGHT AND LEVEL","DRY","NO DEFECTS","ON SCENE","INJURY AND / OR TOW DUE TO CRASH",,,,"OVER $1,500","2026-03-12T07:00:00.000","IMPROPER LANE USAGE","IMPROPER LANE USAGE","8745","S","ESSEX AVE","423",,,,,,,"2","NO INDICATION OF INJURY","0","0","0","0","0","2","0","7","5","3","41.7358279144","-87.5634581736","POINT (-87.563458173622 41.735827914434)"
"be552736899107d231062eb385ee81a3f6844ebd66dfa28247d26097c0e4c92a2ef05289fa0fbbe45391efb9f1d9a0a2f34ad0744d88a9ba2ad90cf1e3458b05",,"2026-03-12T07:00:00.000","20","TRAFFIC SIGNAL","FUNCTIONING PROPERLY","CLEAR","DAYLIGHT","REAR END","RAMP",,"STRAIGHT AND LEVEL","DRY","NO DEFECTS","NOT ON SCENE (DESK REPORT)","NO INJURY / DRIVE AWAY",,,,"$501 - $1,500","2026-03-12T07:15:00.000","FOLLOWING TOO CLOSELY","NOT APPLICABLE","1300","W","CONGRESS PKWY","1231",,,,,,,"2","NO INDICATION OF INJURY","0","0","0","0","0","2","0","7","5","3","41.87541233","-87.6593953529","POINT (-87.659395352879 41.875412329953)"
"b847554a656051f6686bc589bfc321d509a9eab5d2c1b747283d9a17c60f2eff04fba14989cf4a3404055f9ca9e74645dc765a7235dddd3ee6c9af7b4ad7754d",,"2026-03-12T06:40:00.000","40","NO CONTROLS","NO CONTROLS","CLEAR","DAWN","SIDESWIPE SAME DIRECTION","DIVIDED - W/MEDIAN BARRIER",,"STRAIGHT AND LEVEL","WET","NO DEFECTS","ON SCENE","INJURY AND / OR TOW DUE TO CRASH",,,,"OVER $1,500","2026-03-12T06:45:00.000","UNABLE TO DETERMINE","UNABLE TO DETERMINE","48","S","LAKE SHORE DR SB","114",,,,,,,"4","NONINCAPACITATING INJURY","1","0","0","1","0","5","0","6","5","3","41.8813479098","-87.6176290149","POINT (-87.61762901492 41.881347909835)"
"28a6639f5f9b624356ed5333f8f7fa1bf3ba21ba07d846968a9c43e9303e81143a7730ac1641311cfb8b1e0ff919464775deddf5c76498b6f3f04f7953d09aca",,"2026-03-12T06:20:00.000","20","NO CONTROLS","NO CONTROLS","CLEAR","DARKNESS, LIGHTED ROAD","PARKED MOTOR VEHICLE","ONE-WAY",,"STRAIGHT AND LEVEL","DRY","NO DEFECTS","NOT ON SCENE (DESK REPORT)","NO INJURY / DRIVE AWAY",,,"Y","OVER $1,500","2026-03-12T09:20:00.000","OPERATING VEHICLE IN ERRATIC, RECKLESS, CARELESS, NEGLIGENT OR AGGRESSIVE MANNER","NOT APPLICABLE","6500","W","PALMER ST","2512",,,,,,,"2","NO INDICATION OF INJURY","0","0","0","0","0","1","0","6","5","3","41.9204884193","-87.7878356325","POINT (-87.78783563247 41.920488419296)"
"f11667bace456250f898bb70d159e47bdc5325d38a2d78bdedbabc5d25e8221203d427cbd876929c23bada421e988433757fc52ac5f7a1ff954619aad82e203e",,"2026-03-12T06:20:00.000","30","TRAFFIC SIGNAL","FUNCTIONING PROPERLY","CLEAR","DAYLIGHT","REAR END","NOT DIVIDED",,"STRAIGHT AND LEVEL","DRY","NO DEFECTS","NOT ON SCENE (DESK REPORT)","NO INJURY / DRIVE AWAY","Y",,,"OVER $1,500","2026-03-12T08:25:00.000","FOLLOWING TOO CLOSELY","DRIVING SKILLS/KNOWLEDGE/EXPERIENCE","133","N","CICERO AVE","1113",,,,,,,"2","NO INDICATION OF INJURY","0","0","0","0","0","4","0","6","5","3","41.8829978505","-87.7452239806","POINT (-87.745223980648 41.882997850538)"
"9c6c1be00f69e7e0dee471bb0be7da1d079100e3f01d9cfa99422a50975cbe11d926a26531ad51284b623c7ad9c2b5d869b9f9fe5fe54586ed6ef00c124d331a",,"2026-03-12T06:10:00.000","30","TRAFFIC SIGNAL","FUNCTIONING PROPERLY","CLEAR","DARKNESS, LIGHTED ROAD","ANGLE","T-INTERSECTION",,"STRAIGHT AND LEVEL","DRY","NO DEFECTS","NOT ON SCENE (DESK REPORT)","NO INJURY / DRIVE AWAY",,,,"OVER $1,500","2026-03-12T06:25:00.000","FAILING TO YIELD RIGHT-OF-WAY","FAILING TO YIELD RIGHT-OF-WAY","11100","S","MARSHFIELD AVE","2234",,,,,,,"2","NO INDICATION OF INJURY","0","0","0","0","0","2","0","6","5","3","41.6920731982","-87.661003058","POINT (-87.661003057986 41.692073198171)"
"bcf7a9789223e69909181723962267da8302ebb472e220141372adf1d29087479cdeca3a898074af6682ea68cf303d4c0f72b5c4d7c4cba4d57e70a74000506c",,"2026-03-12T05:55:00.000","30","TRAFFIC SIGNAL","FUNCTIONING PROPERLY","CLEAR","DARKNESS, LIGHTED ROAD","REAR END","NOT DIVIDED",,"STRAIGHT AND LEVEL","DRY","NO DEFECTS","ON SCENE","INJURY AND / OR TOW DUE TO CRASH","Y",,,"OVER $1,500","2026-03-12T05:55:00.000","FOLLOWING TOO CLOSELY","UNABLE TO DETERMINE","4401","W","LAKE ST","1113",,,,,,,"3","NONINCAPACITATING INJURY","1","0","0","1","0","3","0","5","5","3","41.8859213668","-87.7357793169","POINT (-87.735779316909 41.88592136685)"
"8d80c85904c7c29323d738ac0262bc4131466b5d21878e1cb3ce2a37c22e89fe4806ac940e072a2375347972bdc49b8d9d64f3e29258d1f1b92e912cb647a0f8",,"2026-03-12T04:10:00.000","25","STOP SIGN/FLASHER","UNKNOWN","CLEAR","DARKNESS, LIGHTED ROAD","PEDESTRIAN","NOT DIVIDED",,"STRAIGHT AND LEVEL","OTHER","UNKNOWN","ON SCENE","INJURY AND / OR TOW DUE TO CRASH","Y",,"Y","OVER $1,500","2026-03-12T04:17:00.000","UNABLE TO DETERMINE","FAILING TO YIELD RIGHT-OF-WAY","3900","W","LAWRENCE AVE","1712",,,,,,,"2","NONINCAPACITATING INJURY","1","0","0","1","0","1","0","4","5","3","41.9683759547","-87.7256609418","POINT (-87.725660941782 41.968375954701)"
"3360da16639a8c317664a66d49cf7273a00b994493ffa42c45e5a528c300fb3b574e246217ccd44d0edd035b92d6396278105961f5ac54d10ec6e1c93e42e8d9",,"2026-03-12T03:24:00.000","30","NO CONTROLS","NO CONTROLS","CLEAR","DARKNESS, LIGHTED ROAD","PARKED MOTOR VEHICLE","NOT DIVIDED",,"STRAIGHT AND LEVEL","DRY","NO DEFECTS","ON SCENE","NO INJURY / DRIVE AWAY",,,,"$501 - $1,500","2026-03-12T03:24:00.000","UNDER THE INFLUENCE OF ALCOHOL/DRUGS (USE WHEN ARREST IS EFFECTED)","NOT APPLICABLE","5431","S","KEDZIE AVE","923",,,,,,,"2","NO INDICATION OF INJURY","0","0","0","0","0","1","0","3","5","3","41.7944747573","-87.7034395018","POINT (-87.703439501751 41.794474757291)"
"438ee68d1737703e0ecff772e4eb13c83f95354ccdbbfa1306aea48055028c9f2c405f9d990f56b7de4997bd15dbbc17b69d550ef932ad6d21860508cb99f9f8",,"2026-03-12T02:39:00.000","30","NO CONTROLS","NO CONTROLS","CLEAR","DARKNESS, LIGHTED ROAD","REAR END","ONE-WAY",,"STRAIGHT AND LEVEL","DRY","NO DEFECTS","ON SCENE","INJURY AND / OR TOW DUE TO CRASH",,,"Y","OVER $1,500","2026-03-12T02:40:00.000","NOT APPLICABLE","NOT APPLICABLE","2256","N","MAJOR AVE","2515",,,,,,,"4","NO INDICATION OF INJURY","0","0","0","0","0","2","0","2","5","3","41.9219682716","-87.7684960054","POINT (-87.768496005449 41.921968271583)"
"94f08b0aca69921f882fdeefe1aecbf84a98d39c35f1d7fb021c9f1bf3606e5e35a9c2875e34b7fa6986eed1366b12609fe0eda7122c116f41c23d939eb9792a",,"2026-03-12T02:06:00.000","30","NO CONTROLS","NO CONTROLS","CLEAR","DARKNESS, LIGHTED ROAD","REAR END","DIVIDED - W/MEDIAN BARRIER",,"STRAIGHT AND LEVEL","DRY","NO DEFECTS","ON SCENE","INJURY AND / OR TOW DUE TO CRASH",,,,"OVER $1,500","2026-03-12T02:06:00.000","OPERATING VEHICLE IN ERRATIC, RECKLESS, CARELESS, NEGLIGENT OR AGGRESSIVE MANNER","NOT APPLICABLE","10222","S","HALSTED ST","2232",,,,,,,"2","NO INDICATION OF INJURY","0","0","0","0","0","4","0","2","5","3","41.7080229004","-87.6430093372","POINT (-87.643009337233 41.70802290038)"
"b3f327683257b3c19e2c5695cdd379eb32bac4abae2eeb0e835056a72226be33207efe86b758828d6b308afb977c4bec0d0b56bacd3f2bfa506df66d6fd73c76","Y","2026-03-12T01:34:00.000","30","STOP SIGN/FLASHER","FUNCTIONING PROPERLY","CLEAR","DARKNESS, LIGHTED ROAD","REAR TO FRONT","NOT DIVIDED",,"STRAIGHT AND LEVEL","DRY","NO DEFECTS","ON SCENE","NO INJURY / DRIVE AWAY","Y",,,"OVER $1,500","2026-03-12T01:34:00.000","IMPROPER BACKING","FAILING TO YIELD RIGHT-OF-WAY","1998","W","56TH ST","715",,"Y",,,,,"2","NO INDICATION OF INJURY","0","0","0","0","0","3","0","1","5","3","41.7922067914","-87.6741891513","POINT (-87.674189151324 41.792206791394)"
"abe21033b15fdb36a719b06c34cb7fc4f1819a21f1c89639d9498351901b473cacd9ff2d61b707e0d474e08b9982c6fd8f5c8e11585f8ce5e487f1d7816b1661",,"2026-03-12T00:57:00.000","30","NO CONTROLS","NO CONTROLS","CLEAR","DARKNESS, LIGHTED ROAD","PARKED MOTOR VEHICLE","NOT DIVIDED",,"STRAIGHT AND LEVEL","DRY","NO DEFECTS","ON SCENE","INJURY AND / OR TOW DUE TO CRASH",,,,"OVER $1,500","2026-03-12T00:58:00.000","CELL PHONE USE OTHER THAN TEXTING","FAILING TO REDUCE SPEED TO AVOID CRASH","634","N","HOMAN AVE","1121",,,,,,,"4","NO INDICATION OF INJURY","0","0","0","0","0","2","0","0","5","3","41.8928991911","-87.7115053883","POINT (-87.711505388285 41.89289919105)"
"b6000fd90c00715a36d5e1cfdad84e63d2131f36aaa409c8cfd68a3ba692991734bfda0f7e5c7b0f00b7c4986f792f10b427f98f2c1ba6016a04181c7b1b940d",,"2026-03-12T00:10:00.000","30","STOP SIGN/FLASHER","FUNCTIONING PROPERLY","CLEAR","DARKNESS, LIGHTED ROAD","REAR END","T-INTERSECTION",,"STRAIGHT AND LEVEL","DRY","NO DEFECTS","ON SCENE","NO INJURY / DRIVE AWAY",,,"Y","$501 - $1,500","2026-03-12T00:15:00.000","IMPROPER BACKING","IMPROPER BACKING","7355","S","RIDGELAND AVE","324",,,,,,,"2","NO INDICATION OF INJURY","0","0","0","0","0","2","0","0","5","3","41.7608024679","-87.582148315","POINT (-87.582148314968 41.760802467879)"
"e5de7e9f21a8dc910a9ee6eea6544cbd20c2bcab8ebb6fa2e318df28f5ae946e169b68a588b2c583cac5960e162d3be5c63a35d85c04a58e2234e1905853c31d","Y","2026-03-12T00:00:00.000","30","NO CONTROLS","NO CONTROLS","CLEAR","DARKNESS, LIGHTED ROAD","ANGLE","ONE-WAY",,"STRAIGHT AND LEVEL","DRY","UNKNOWN","ON SCENE","NO INJURY / DRIVE AWAY",,,"Y","OVER $1,500","2026-03-12T00:04:00.000","FOLLOWING TOO CLOSELY","NOT APPLICABLE","7058","S","CHAPPEL AVE","331",,,,,,,"2","NO INDICATION OF INJURY","0","0","0","0","0","2","0","0","5","3","41.7663371943","-87.5752319894","POINT (-87.575231989378 41.76633719428)"
"1ea094e3eb68e8fa490c4fd6ba316a0e064f814960d2af421c3145560bf51a9a2720ad0171f11afbe3b0ff4564f981ea801af407f62c79fcfc435440477c5dc3",,"2026-03-11T23:59:00.000","30","TRAFFIC SIGNAL","FUNCTIONING PROPERLY","CLEAR","DARKNESS, LIGHTED ROAD","ANGLE","FOUR WAY",,"STRAIGHT AND LEVEL","DRY","NO DEFECTS","ON SCENE","NO INJURY / DRIVE AWAY","Y",,"Y","OVER $1,500","2026-03-12T00:01:00.000","DRIVING ON WRONG SIDE/WRONG WAY","OPERATING VEHICLE IN ERRATIC, RECKLESS, CARELESS, NEGLIGENT OR AGGRESSIVE MANNER","5701","N","SHERIDAN RD","2022",,,,,,,"2","NO INDICATION OF INJURY","0","0","0","0","0","2","0","23","4","3","41.985638421","-87.6550943233","POINT (-87.655094323271 41.985638421049)"
"c47c2bfddd0e45267d4b8c5040793317083621f110407ad431bd2474f2fbbec7e22db483621cf699244f66e45f19cb87848afdb13c5f66b542fff6038a35ea14",,"2026-03-11T23:47:00.000","30","NO CONTROLS","NO CONTROLS","CLEAR","DARKNESS, LIGHTED ROAD","PARKED MOTOR VEHICLE","DIVIDED - W/MEDIAN (NOT RAISED)",,"STRAIGHT AND LEVEL","DRY","NO DEFECTS","ON SCENE","NO INJURY / DRIVE AWAY",,,,"OVER $1,500","2026-03-11T23:49:00.000","UNABLE TO DETERMINE","NOT APPLICABLE","6843","W","ARCHER AVE","811",,,,,,,"2","NO INDICATION OF INJURY","0","0","0","0","0","2","0","23","4","3","41.7920137472","-87.7932764287","POINT (-87.793276428717 41.792013747165)"
"3bc1e9656b2c9b8743b4f387e60940cd1a2129e097f73a801e87c785eaaa45e9d5461c1de62313bbff2edd79430c41f8854bc3ef19c4f4c010b60e7ab56987f2",,"2026-03-11T23:30:00.000","30","NO CONTROLS","NO CONTROLS","CLEAR","DARKNESS, LIGHTED ROAD","PARKED MOTOR VEHICLE","NOT DIVIDED",,"STRAIGHT AND LEVEL","DRY","UNKNOWN","NOT ON SCENE (DESK REPORT)","NO INJURY / DRIVE AWAY",,,"Y","$501 - $1,500","2026-03-11T23:55:00.000","UNABLE TO DETERMINE","UNABLE TO DETERMINE","5424","N","WESTERN AVE","2011",,,,,,,"2","NO INDICATION OF INJURY","0","0","0","0","0","1","0","23","4","3","41.9802817494","-87.68946996","POINT (-87.689469959997 41.980281749392)"
"03ea794ebd64585e99dabc3462db4fdc3109897a4b17d29731837403253c248bafccad4142ed9ce1db97a083fe0f27767fb77089f7e60f5d7701c03b413a2efd",,"2026-03-11T23:15:00.000","30","UNKNOWN","UNKNOWN","CLEAR","DARKNESS, LIGHTED ROAD","REAR END","NOT DIVIDED",,"STRAIGHT AND LEVEL","DRY","NO DEFECTS","ON SCENE","NO INJURY / DRIVE AWAY",,,"Y","$501 - $1,500","2026-03-11T23:43:00.000","FOLLOWING TOO CLOSELY","NOT APPLICABLE","2600","E","79TH ST","421",,,,,,,"2","NO INDICATION OF INJURY","0","0","0","0","0","3","0","23","4","3","41.7519054491","-87.561328022","POINT (-87.561328022003 41.751905449147)"
"4895425581b41c81fc16c9b87e9fcac6aaae730c08f1c40d634df871f8ec3cabe5258da8ebf15f46a0788ea7e819406d3d55d2f095856240b7cca3d9a47f064a",,"2026-03-11T22:34:00.000","40","NO CONTROLS","NO CONTROLS","CLEAR","DARKNESS, LIGHTED ROAD","REAR END","ONE-WAY",,"STRAIGHT AND LEVEL","DRY","NO DEFECTS","ON SCENE","INJURY AND / OR TOW DUE TO CRASH",,,,"OVER $1,500","2026-03-11T22:35:00.000","FOLLOWING TOO CLOSELY","UNABLE TO DETERMINE","3201","N","LAKE SHORE DR NB","1925",,,,,,,"2","NO INDICATION OF INJURY","0","0","0","0","0","2","0","22","4","3","41.9406183489","-87.638193901","POINT (-87.63819390104 41.94061834887)"