"crash_record_id","crash_date_est_i","crash_date","posted_speed_limit","traffic_control_device","device_condition","weather_condition","lighting_condition","first_crash_type","trafficway_type","lane_cnt","alignment","roadway_surface_cond","road_defect","report_type","crash_type","intersection_related_i","private_property_i","hit_and_run_i","damage","date_police_notified","prim_contributory_cause","sec_contributory_cause","street_no","street_direction","street_name","beat_of_occurrence","photos_taken_i","statements_taken_i","dooring_i","work_zone_i","work_zone_type","workers_present_i","num_units","most_severe_injury","injuries_total","injuries_fatal","injuries_incapacitating","injuries_non_incapacitating","injuries_reported_not_evident","injuries_no_indication","injuries_unknown","crash_hour","crash_day_of_week","crash_month","latitude","longitude","location"
"00c5d5cc22f56130e84dbec1fd46755a099b1e39978dce6de6cb79f09ff725ed314a1ad96835a67a2949d71cfbf68317fcb2ba9054fe3eb7f36c565f0f465afa",,"2026-03-11T22:25:00.000","20","NO CONTROLS","NO CONTROLS","CLEAR","DARKNESS, LIGHTED ROAD","PARKED MOTOR VEHICLE","NOT DIVIDED",,"STRAIGHT AND LEVEL","DRY","NO DEFECTS","ON SCENE","NO INJURY / DRIVE AWAY",,,,"$500 OR LESS","2026-03-11T22:25:00.000","FOLLOWING TOO CLOSELY","DRIVING SKILLS/KNOWLEDGE/EXPERIENCE","5629","W","SUNNYSIDE AVE","1622",,,,,,,"2","NO INDICATION OF INJURY","0","0","0","0","0","1","0","22","4","3","41.9622275193","-87.7684622457","POINT (-87.768462245717 41.962227519263)"
"d52acc8cb46fb1e932a0180e67838a05f6fd7bf6c72ff436e6b0698fd25724658e0b0e5ab0f5a290b3655855e9359651909aa1bfc3346c1ca572ca1337467a16",,"2026-03-11T22:20:00.000","30","STOP SIGN/FLASHER","NO CONTROLS","CLEAR","DARKNESS","ANGLE","NOT DIVIDED",,"STRAIGHT AND LEVEL","DRY","NO DEFECTS","NOT ON SCENE (DESK REPORT)","NO INJURY / DRIVE AWAY",,,,"OVER $1,500","2026-03-13T17:11:00.000","PHYSICAL CONDITION OF DRIVER","DRIVING SKILLS/KNOWLEDGE/EXPERIENCE","3600","N","NEVA AVE","1632",,,,,,,"2","NO INDICATION OF INJURY","0","0","0","0","0","2","0","22","4","3","41.9453740091","-87.8059288017","POINT (-87.805928801746 41.945374009099)"
"95e4f55b447af82c2179a865d39b16f2cf548499f6d49f7d3aae28aefbafb1323ec6df80902de2f7c76b6aab46ae4d0b8138597133e2eeee76638c20f6f84413",,"2026-03-11T22:10:00.000","30","NO CONTROLS","NO CONTROLS","RAIN","DARKNESS","FIXED OBJECT","NOT DIVIDED",,"STRAIGHT AND LEVEL","WET","NO DEFECTS","NOT ON SCENE (DESK REPORT)","INJURY AND / OR TOW DUE TO CRASH",,,,"OVER $1,500","2026-03-11T23:00:00.000","UNABLE TO DETERMINE","NOT APPLICABLE","8721","S","JEFFERY BLVD","412",,,,,,,"1","NO INDICATION OF INJURY","0","0","0","0","0","1","0","22","4","3","41.7364003541","-87.5755583526","POINT (-87.575558352606 41.736400354125)"
"2396dc6c32a9f25fd0b45425166c9ac7684c59b2afce12e8b7fd8553419f65f104fcb8dd21760a3b3173d9a174f56e9fa196a1074171064de32f41abbed43c1c",,"2026-03-11T21:52:00.000","30","TRAFFIC SIGNAL","FUNCTIONING PROPERLY","CLEAR","DARKNESS, LIGHTED ROAD","ANGLE","ONE-WAY",,"STRAIGHT AND LEVEL","DRY","NO DEFECTS","ON SCENE","INJURY AND / OR TOW DUE TO CRASH","Y",,,"OVER $1,500","2026-03-11T21:53:00.000","DRIVING ON WRONG SIDE/WRONG WAY","FAILING TO REDUCE SPEED TO AVOID CRASH","36","W","ONTARIO ST","1832",,,,,,,"3","NONINCAPACITATING INJURY","3","0","0","2","1","0","0","21","4","3","41.8933600173","-87.629619981","POINT (-87.629619981007 41.893360017289)"
"9b4f9f64af0fa0b093b431d31f395b3a68ac9259292bbb35505f0afb7d3a16a946d89e16ef70078c984cec0f1ca734a76e3c7b2d950317c51f2deb65e499f11b","Y","2026-03-11T21:37:00.000","30","TRAFFIC SIGNAL","FUNCTIONING PROPERLY","CLEAR","DARKNESS, LIGHTED ROAD","TURNING","OTHER",,"STRAIGHT AND LEVEL","DRY","UNKNOWN","NOT ON SCENE (DESK REPORT)","INJURY AND / OR TOW DUE TO CRASH",,,,"OVER $1,500","2026-03-13T15:50:00.000","IMPROPER OVERTAKING/PASSING","NOT APPLICABLE","3200","N","LAKE SHORE DR SB","1925",,,,,,,"2","NONINCAPACITATING INJURY","1","0","0","1","0","1","0","21","4","3","41.9404429026","-87.6386335392","POINT (-87.638633539238 41.940442902597)"
"dfc72738104afee0ebc1dcd2ba3c951fe7357736bd5c6d60a6cdd4688e34a57c2000eda522ab4ca2b19f29118e8eb3c6aec5196050ca6e5283480f26a8a9a0cc",,"2026-03-11T21:36:00.000","30","TRAFFIC SIGNAL","FUNCTIONING PROPERLY","CLEAR","DARKNESS, LIGHTED ROAD","PEDESTRIAN","FOUR WAY",,"STRAIGHT AND LEVEL","DRY","NO DEFECTS","ON SCENE","INJURY AND / OR TOW DUE TO CRASH","Y",,,"OVER $1,500","2026-03-11T22:48:00.000","FAILING TO YIELD RIGHT-OF-WAY","UNABLE TO DETERMINE","398","N","CENTRAL AVE","1512",,"N",,,,,"2","REPORTED, NOT EVIDENT","1","0","0","0","1","1","0","21","4","3","41.8877170705","-87.7652660117","POINT (-87.765266011737 41.887717070526)"
"4b843393117f403ce83fcfb51e1e14aea65572226ad68a8510f505f65862df12e99935e82ed1f9d1d755e42edfef528ce642a9238c5ec84fd55ca8fb9941dc77",,"2026-03-11T21:18:00.000","30","NO CONTROLS","NO CONTROLS","CLEAR","DARKNESS, LIGHTED ROAD","REAR END","DIVIDED - W/MEDIAN (NOT RAISED)",,"STRAIGHT AND LEVEL","DRY","NO DEFECTS","ON SCENE","NO INJURY / DRIVE AWAY",,,"Y","$501 - $1,500","2026-03-11T21:19:00.000","FOLLOWING TOO CLOSELY","HAD BEEN DRINKING (USE WHEN ARREST IS NOT MADE)","1126","W","VAN BUREN ST","1232",,,,,,,"2","NO INDICATION OF INJURY","0","0","0","0","0","2","0","21","4","3","41.8766559317","-87.6555253177","POINT (-87.655525317731 41.876655931666)"
"8e45c4b805d8f4bb12ee2ad9c6774a21d6610ccddcffc598909e3b9dbee26cdd80013de042d636dda9f4ad49d85f34933cdf4955cbf81bc2a2c2eba4758d9e54",,"2026-03-11T21:18:00.000","30","UNKNOWN","UNKNOWN","CLEAR","DARKNESS, LIGHTED ROAD","PARKED MOTOR VEHICLE","NOT DIVIDED",,"STRAIGHT AND LEVEL","UNKNOWN","UNKNOWN","NOT ON SCENE (DESK REPORT)","NO INJURY / DRIVE AWAY",,,"Y","OVER $1,500","2026-03-13T13:30:00.000","UNABLE TO DETERMINE","NOT APPLICABLE","3207","S","HALSTED ST","915",,,,,,,"2","NO INDICATION OF INJURY","0","0","0","0","0","1","0","21","4","3","41.8359884377","-87.6460816019","POINT (-87.646081601878 41.835988437749)"
"1da314e8bfa79bf003da27c8fd25801230426778aca02bce2752559383c11b609deb2041ad87f7a3e10b014edea225462844b90997f551d65087535e83832d71","Y","2026-03-11T21:00:00.000","20","NO CONTROLS","NO CONTROLS","CLEAR","DARKNESS, LIGHTED ROAD","PARKED MOTOR VEHICLE","NOT DIVIDED",,"STRAIGHT AND LEVEL","DRY","NO DEFECTS",,"NO INJURY / DRIVE AWAY",,,"Y","OVER $1,500","2026-03-12T13:45:00.000","UNABLE TO DETERMINE","UNABLE TO DETERMINE","5849","W","ROSCOE ST","1633",,,,,,,"2","NO INDICATION OF INJURY","0","0","0","0","0","1","0","21","4","3","41.9420355641","-87.7734226936","POINT (-87.773422693615 41.942035564072)"
"2981dca8d32569d55d6a63ceae9ca07c66248a8051bb655b7724edda2c316fcfef49675ee773497a10e5d4e53fd1da7aaf9822a8353df585b039fb5a5df20750",,"2026-03-11T21:00:00.000","30","TRAFFIC SIGNAL","UNKNOWN","CLEAR","DARKNESS, LIGHTED ROAD","TURNING","FOUR WAY",,"STRAIGHT AND LEVEL","UNKNOWN","UNKNOWN","NOT ON SCENE (DESK REPORT)","NO INJURY / DRIVE AWAY","Y",,,"OVER $1,500","2026-03-11T21:30:00.000","UNABLE TO DETERMINE","UNABLE TO DETERMINE","4705","W","FOSTER AVE","1712",,,,,,,"2","NO INDICATION OF INJURY","0","0","0","0","0","2","0","21","4","3","41.9752590481","-87.7458699122","POINT (-87.745869912246 41.975259048051)"
"4acb4651fd6ce8fc103101fb4761bc9b8d48d375229afe181caea5975f10e0fbf6ebe7a9cb48eadad425ac0a6067aa623f357ce60e583dde4b3e7e4d73e38c43",,"2026-03-11T21:00:00.000","30","UNKNOWN","UNKNOWN","CLEAR","DARKNESS, LIGHTED ROAD","SIDESWIPE SAME DIRECTION","NOT DIVIDED",,"STRAIGHT AND LEVEL","DRY","UNKNOWN","ON SCENE","NO INJURY / DRIVE AWAY",,,,"$500 OR LESS","2026-03-11T21:36:00.000","UNABLE TO DETERMINE","UNABLE TO DETERMINE","525","W","MONROE ST","121",,,,,,,"2","NO INDICATION OF INJURY","0","0","0","0","0","2","0","21","4","3","41.8804631471","-87.6408038843","POINT (-87.640803884278 41.880463147078)"
"9335f045515ad229be38de172bbee0ca9204c8603693eb6567a16b77b008b5d5420d38466ed058544860f9f825c9d390ee1f493cc135853ca634b782e0adcbad",,"2026-03-11T21:00:00.000","30","NO CONTROLS","NO CONTROLS","CLEAR","DARKNESS, LIGHTED ROAD","PARKED MOTOR VEHICLE","NOT DIVIDED",,"STRAIGHT AND LEVEL","DRY","NO DEFECTS","NOT ON SCENE (DESK REPORT)","NO INJURY / DRIVE AWAY",,,"Y","OVER $1,500","2026-03-12T15:33:00.000","UNABLE TO DETERMINE","NOT APPLICABLE","5051","S","KOSTNER AVE","815",,,,,,,"2","NO INDICATION OF INJURY","0","0","0","0","0","1","0","21","4","3","41.8007730093","-87.7330308719","POINT (-87.733030871947 41.800773009334)"
"c67357f5c79e2b9151406d608dc9c31528a77be3b63b628bf53f2c9d15433f7a99ff25c878ff71ca7f88cc8d7549195ac635afc3df02f52ed1a6bdb8d0ae3b8f",,"2026-03-11T21:00:00.000","30","NO CONTROLS","NO CONTROLS","CLEAR","DARKNESS, LIGHTED ROAD","REAR TO FRONT","NOT DIVIDED",,"STRAIGHT AND LEVEL","DRY","UNKNOWN","NOT ON SCENE (DESK REPORT)","INJURY AND / OR TOW DUE TO CRASH",,,,"$500 OR LESS","2026-03-11T21:45:00.000","IMPROPER BACKING","IMPROPER BACKING","6221","N","BROADWAY","2433",,,,,,,"2","REPORTED, NOT EVIDENT","1","0","0","0","1","2","0","21","4","3","41.9952114602","-87.6602779929","POINT (-87.660277992909 41.995211460222)"
"a3f16d511b920cc0a6bea24cd70f710b2c6f2b382a92686907842de0977756620c00e7eaded77af43783e66cb8fd4ceacc3866b46aa5fb72359f5c8e54e3f851",,"2026-03-11T20:55:00.000","30","TRAFFIC SIGNAL","UNKNOWN","UNKNOWN","DARKNESS, LIGHTED ROAD","REAR END","NOT DIVIDED",,"STRAIGHT AND LEVEL","UNKNOWN","UNKNOWN","NOT ON SCENE (DESK REPORT)","NO INJURY / DRIVE AWAY","Y",,,"OVER $1,500","2026-03-12T08:10:00.000","FOLLOWING TOO CLOSELY","UNABLE TO DETERMINE","1000","W","ARGYLE ST","2024",,,,,,,"2","NO INDICATION OF INJURY","0","0","0","0","0","3","0","20","4","3","41.9734215574","-87.6550020983","POINT (-87.655002098295 41.973421557377)"
"02c65fd500ad87ac1a6e4dd85ffc030ab481501700c66881b2f1fbce1cb8ef29e024c9c998fcc36f00cd9cfb36cc33e2357ae9c6131f6ee396758db5fd31c808",,"2026-03-11T20:39:00.000","30","STOP SIGN/FLASHER","UNKNOWN","RAIN","DARKNESS","PARKED MOTOR VEHICLE","NOT DIVIDED",,"STRAIGHT AND LEVEL","WET","UNKNOWN","ON SCENE","NO INJURY / DRIVE AWAY",,,,"OVER $1,500","2026-03-11T21:44:00.000","UNABLE TO DETERMINE","UNABLE TO DETERMINE","7305","S","VERNON AVE","323",,,,,,,"2","NO INDICATION OF INJURY","0","0","0","0","0","1","0","20","4","3","41.7618777162","-87.6138184056","POINT (-87.61381840564 41.76187771621)"
"4b2c65c97771746691e1d9ab59fda5ad428ea45ac9b9289c0607d1688207480267ea15bf58b71e9ec5fb269f07e6663684052197dfe8f93a76244367a2ce1779",,"2026-03-11T20:30:00.000","30","NO CONTROLS","NO CONTROLS","CLEAR","DARKNESS, LIGHTED ROAD","PARKED MOTOR VEHICLE","NOT DIVIDED",,"STRAIGHT AND LEVEL","DRY","UNKNOWN","ON SCENE","NO INJURY / DRIVE AWAY",,,"Y","OVER $1,500","2026-03-11T21:00:00.000","UNABLE TO DETERMINE","UNABLE TO DETERMINE","1037","E","47TH ST","222",,,,,,,"2","NO INDICATION OF INJURY","0","0","0","0","0","1","0","20","4","3","41.8094932918","-87.6002615917","POINT (-87.600261591683 41.809493291848)"
"99f60fc04fb71ddb86ce966f291730291fac4e0a7e776740b9a6d197d0f0002100f76adf92d008f02ef6c26da925228a8141fdb7bd4ef02d2da073ade5798710",,"2026-03-11T20:30:00.000","30","TRAFFIC SIGNAL","FUNCTIONING PROPERLY","CLEAR","DARKNESS, LIGHTED ROAD","REAR END","FOUR WAY",,"STRAIGHT AND LEVEL","WET","NO DEFECTS","NOT ON SCENE (DESK REPORT)","NO INJURY / DRIVE AWAY","Y",,"Y","OVER $1,500","2026-03-11T21:30:00.000","FOLLOWING TOO CLOSELY","FAILING TO REDUCE SPEED TO AVOID CRASH","4100","S","MICHIGAN AVE","213",,,,,,,"2","NO INDICATION OF INJURY","0","0","0","0","0","2","0","20","4","3","41.8200554259","-87.6232688365","POINT (-87.623268836451 41.8200554259)"
"bd9660bac69a91e26be2ce687a929c5b94013430c78d6f86273fbcbf2c6e706762d461e1ee509ece31d7f3ab53ecb027d51302ebeaea3fdbf519e7c25163da18","Y","2026-03-11T20:30:00.000","25","NO CONTROLS","NO CONTROLS","UNKNOWN","DARKNESS","PARKED MOTOR VEHICLE","NOT DIVIDED",,"STRAIGHT AND LEVEL","UNKNOWN","UNKNOWN","NOT ON SCENE (DESK REPORT)","INJURY AND / OR TOW DUE TO CRASH",,,"Y","OVER $1,500","2026-03-11T23:00:00.000","DRIVING SKILLS/KNOWLEDGE/EXPERIENCE","UNABLE TO DETERMINE","6203","W","BLOOMINGDALE AVE","2513",,,,,,,"2","NO INDICATION OF INJURY","0","0","0","0","0","1","0","20","4","3","41.9127350964","-87.780366758","POINT (-87.780366758007 41.912735096354)"
"ebb28f978bfdcad7397096d21ebc17ab56ca6cb7421ad9db2564702e37ad4f8fffd699cb493b087c330db9622571f048ace9048e728176865e9d9fb7d334e18e",,"2026-03-11T20:30:00.000","30","NO CONTROLS","NO CONTROLS","CLEAR","DARKNESS","SIDESWIPE SAME DIRECTION","NOT DIVIDED",,"STRAIGHT AND LEVEL","DRY","NO DEFECTS","ON SCENE","INJURY AND / OR TOW DUE TO CRASH",,,,"OVER $1,500","2026-03-11T20:45:00.000","UNABLE TO DETERMINE","UNABLE TO DETERMINE","4120","W","55TH ST","815",,,,,,,"2","NO INDICATION OF INJURY","0","0","0","0","0","2","0","20","4","3","41.7932860549","-87.7265943081","POINT (-87.726594308096 41.793286054872)"
"33db6c494a615c39677249209007f1a48cb4e5f4fddaf0886afaf54e9bd8c622919b70e1b69cff2ab1aabc7cf2f33dbf24ec722c209d42a67120cf4e9067c0ba",,"2026-03-11T20:26:00.000","30","TRAFFIC SIGNAL","UNKNOWN","CLEAR","DARKNESS, LIGHTED ROAD","TURNING","NOT DIVIDED",,"STRAIGHT AND LEVEL","DRY","UNKNOWN","NOT ON SCENE (DESK REPORT)","NO INJURY / DRIVE AWAY",,,"Y","$501 - $1,500","2026-03-11T21:15:00.000","UNABLE TO DETERMINE","UNABLE TO DETERMINE","7550","N","HARLEM AVE","1611",,,,,,,"2","NO INDICATION OF INJURY","0","0","0","0","0","2","0","20","4","3","42.0186515138","-87.8066998762","POINT (-87.806699876241 42.018651513822)"
"aa8d490d869631155bdae3da99ec1e733ebb17c1dfb1b6de5a8dd07a1a3bff4428f9bc6d02e42548c1e2af2ca97b2dafab4aa4decd04100f358d48638129bb43",,"2026-03-11T20:20:00.000","30","NO CONTROLS","NO CONTROLS","CLEAR","DARKNESS, LIGHTED ROAD","SIDESWIPE OPPOSITE DIRECTION","NOT DIVIDED",,"STRAIGHT AND LEVEL","DRY","NO DEFECTS","ON SCENE","INJURY AND / OR TOW DUE TO CRASH",,,,"OVER $1,500","2026-03-11T20:27:00.000","UNABLE TO DETERMINE","FAILING TO REDUCE SPEED TO AVOID CRASH","515","N","NOBLE ST","1215",,,,,,,"5","NO INDICATION OF INJURY","0","0","0","0","0","3","0","20","4","3","41.8915215039","-87.6621323272","POINT (-87.662132327213 41.891521503909)"
"45835e3b35bf8a473aa3dc1e8ac62d1c40170dca1e5e4baab932abaad0155fd1447ab944710830e9031424b77220394203025d28818957ba5d37b607edb587c0",,"2026-03-11T20:19:00.000","30","NO CONTROLS","NO CONTROLS","CLEAR","DARKNESS","PARKED MOTOR VEHICLE","NOT DIVIDED",,"STRAIGHT AND LEVEL","DRY","UNKNOWN","ON SCENE","INJURY AND / OR TOW DUE TO CRASH",,,,"OVER $1,500","2026-03-11T20:34:00.000","PHYSICAL CONDITION OF DRIVER","NOT APPLICABLE","115","W","111TH ST","522",,,,,,,"2","NO INDICATION OF INJURY","0","0","0","0","0","1","0","20","4","3","41.6924340827","-87.62647991","POINT (-87.62647990997 41.692434082732)"
"9c34d56f114e3da1d44e25d4996ec56895f13ad4e721fe3a87af2722c967ff1caf78f11e2dd881ea82ef1aa78d7a489583db091cf11a6140a6bcb1d4e8cd1acd",,"2026-03-11T20:16:00.000","20","STOP SIGN/FLASHER","FUNCTIONING PROPERLY","CLEAR","DARKNESS, LIGHTED ROAD","REAR END","NOT DIVIDED",,"STRAIGHT AND LEVEL","WET","NO DEFECTS","ON SCENE","INJURY AND / OR TOW DUE TO CRASH",,,"Y","$501 - $1,500","2026-03-11T20:16:00.000","UNABLE TO DETERMINE","UNABLE TO DETERMINE","2957","W","PERSHING RD","921",,,,,,,"2","REPORTED, NOT EVIDENT","2","0","0","0","2","1","0","20","4","3","41.8225831971","-87.6993345924","POINT (-87.699334592376 41.822583197085)"
"8e8d9a7ceb4ea9b82c0f95510af57478e3f6596650180638b1dea82d92dabb33998dfafae018357dc41c0f75b0f3cba165c9ca03c9f173b6acf2625ca55606fb",,"2026-03-11T20:15:00.000","30","TRAFFIC SIGNAL","FUNCTIONING PROPERLY","CLEAR","DARKNESS, LIGHTED ROAD","SIDESWIPE SAME DIRECTION","DIVIDED - W/MEDIAN (NOT RAISED)",,"STRAIGHT AND LEVEL","DRY","NO DEFECTS","NOT ON SCENE (DESK REPORT)","NO INJURY / DRIVE AWAY",,,,"OVER $1,500","2026-03-11T21:00:00.000","FAILING TO YIELD RIGHT-OF-WAY","IMPROPER OVERTAKING/PASSING","3900","S","CICERO AVE","1031",,,,,,,"2","NO INDICATION OF INJURY","0","0","0","0","0","3","0","20","4","3","41.8219448331","-87.7436765962","POINT (-87.743676596199 41.821944833083)"
"4c2c98dddf90171307dca1afa868ec4b9b6fe2df15a68365c8178461a5a4cb1b70fcf5ca5ea90a0f35ba40187c7d6588fa8296c1e3e53c6b7fa2e52fbb93f4b1",,"2026-03-11T20:08:00.000","30","TRAFFIC SIGNAL","FUNCTIONING PROPERLY","CLEAR","DARKNESS, LIGHTED ROAD","REAR END","T-INTERSECTION",,"STRAIGHT AND LEVEL","WET","NO DEFECTS","NOT ON SCENE (DESK REPORT)","NO INJURY / DRIVE AWAY","Y",,,"OVER $1,500","2026-03-12T09:11:00.000","FOLLOWING TOO CLOSELY","NOT APPLICABLE","1200","N","LARRABEE ST","1822",,,,,,,"2","NO INDICATION OF INJURY","0","0","0","0","0","2","0","20","4","3","41.9037696064","-87.6433689399","POINT (-87.643368939876 41.903769606378)"
"dd7b5f35c00aff324f164515cd09e28a7e23b06b03af5b649c8db68436dc055e068acc56f21346a20463ee2aa42dbbfd2ca8317745f16a2fe6ec900b98a2fc98",,"2026-03-11T20:03:00.000","30","NO CONTROLS","NO CONTROLS","CLEAR","DAYLIGHT","PARKED MOTOR VEHICLE","ONE-WAY",,"STRAIGHT AND LEVEL","UNKNOWN","UNKNOWN","NOT ON SCENE (DESK REPORT)","NO INJURY / DRIVE AWAY",,,"Y","OVER $1,500","2026-03-11T21:09:00.000","UNABLE TO DETERMINE","UNABLE TO DETERMINE","7543","S","INGLESIDE AVE","624",,,,,,,"3","NO INDICATION OF INJURY","0","0","0","0","0","1","0","20","4","3","41.7573440513","-87.6015496407","POINT (-87.601549640716 41.757344051343)"
"a77575c91bba1862717e5ee61c1e11ee18da50556bf330557c4ebfa4f26039184c71201a06c015851035f0a1f549dad74a71a4e96bb21f14b8e8b78009cc44f2",,"2026-03-11T19:59:00.000","30","TRAFFIC SIGNAL","FUNCTIONING PROPERLY","CLEAR","DARKNESS, LIGHTED ROAD","SIDESWIPE SAME DIRECTION","FOUR WAY",,"STRAIGHT AND LEVEL","DRY","NO DEFECTS","NOT ON SCENE (DESK REPORT)","NO INJURY / DRIVE AWAY","Y",,,"OVER $1,500","2026-03-11T21:00:00.000","IMPROPER OVERTAKING/PASSING","NOT APPLICABLE","11100","S","HALSTED ST","2233",,,,,,,"2","NO INDICATION OF INJURY","0","0","0","0","0","2","0","19","4","3","41.6922631234","-87.6425226876","POINT (-87.642522687627 41.692263123425)"
"21a58079ca63feebad612155d7f761027ca1c70a43c02497587ac422f377ad3520f62cd437a7c08dff7a38c35af8b70537d1f44ea33b8b81f964dc09e15c8715",,"2026-03-11T19:45:00.000","30","NO CONTROLS","NO CONTROLS","RAIN","UNKNOWN","PARKED MOTOR VEHICLE","OTHER",,"STRAIGHT AND LEVEL","WET","UNKNOWN","NOT ON SCENE (DESK REPORT)","NO INJURY / DRIVE AWAY",,,"Y","OVER $1,500","2026-03-11T20:20:00.000","UNABLE TO DETERMINE","UNABLE TO DETERMINE","811","W","16TH ST","1235",,,,,,,"2","NO INDICATION OF INJURY","0","0","0","0","0","1","0","19","4","3","41.859793975","-87.6472366223","POINT (-87.647236622334 41.859793974975)"
"66fcadc46f01c74f90f792d88a1a1f70bbc20e9d2cf51eb456586b0f3eb0e619228453c7ee5af7c48f876eaac99623b2b3876ba8d0b7878719ed58472ba0458d",,"2026-03-11T19:44:00.000","20","STOP SIGN/FLASHER","FUNCTIONING PROPERLY","CLEAR","DARKNESS, LIGHTED ROAD","PARKED MOTOR VEHICLE","ONE-WAY",,"STRAIGHT AND LEVEL","DRY","UNKNOWN","ON SCENE","INJURY AND / OR TOW DUE TO CRASH",,,,"OVER $1,500","2026-03-11T19:45:00.000","UNABLE TO DETERMINE","UNABLE TO DETERMINE","135","N","LOTUS AVE","1523",,,,,,,"5","NONINCAPACITATING INJURY","1","0","0","1","0","0","0","19","4","3","41.8833420139","-87.7614996513","POINT (-87.761499651289 41.883342013902)"
"8f37e9f8eca14102c90fd21c596834dc9307ced19f94ca938a7abfedb63fc729002512eed9f51e32789cbcc53730a0e33f1764e0aba5940a039ba7727fd16b8f",,"2026-03-11T19:40:00.000","30","STOP SIGN/FLASHER","FUNCTIONING PROPERLY","UNKNOWN","UNKNOWN","TURNING","T-INTERSECTION",,"STRAIGHT AND LEVEL","UNKNOWN","UNKNOWN","NOT ON SCENE (DESK REPORT)","NO INJURY / DRIVE AWAY","Y",,,"OVER $1,500","2026-03-13T14:30:00.000","FAILING TO YIELD RIGHT-OF-WAY","FAILING TO REDUCE SPEED TO AVOID CRASH","3900","S","WELLS ST","925",,,,,,,"2","NO INDICATION OF INJURY","0","0","0","0","0","2","0","19","4","3","41.8235388572","-87.6326905498","POINT (-87.632690549793 41.823538857157)"
"b1fd393e4c49c74e7e385ff149c51fadd9e7140e47749925ff368bc3dd9f17241bc53f892985224f71e005be45f6bce9daf6f2858d7693ef5b092d43207b16fb",,"2026-03-11T19:40:00.000","30","NO CONTROLS","NO CONTROLS","CLEAR","DARKNESS, LIGHTED ROAD","PARKED MOTOR VEHICLE","ONE-WAY",,"STRAIGHT AND LEVEL","DRY","NO DEFECTS","NOT ON SCENE (DESK REPORT)","NO INJURY / DRIVE AWAY",,,,"$500 OR LESS","2026-03-11T21:40:00.000","UNABLE TO DETERMINE","UNABLE TO DETERMINE","49","W","109TH ST","513",,,,,,,"2","NO INDICATION OF INJURY","0","0","0","0","0","2","0","19","4","3","41.6960956927","-87.6251076103","POINT (-87.625107610281 41.696095692698)"
"200fddf0674febc0971394b3ecd94a22f2fa82f93cae69763780207fa7b699f7691867917156f1eea02d22ce83e21a20ddad9c204b705523977897b772bb1bf8",,"2026-03-11T19:28:00.000","30","TRAFFIC SIGNAL","FUNCTIONING PROPERLY","CLEAR","DUSK","PEDESTRIAN","FIVE POINT, OR MORE",,"STRAIGHT AND LEVEL","DRY","NO DEFECTS","ON SCENE","INJURY AND / OR TOW DUE TO CRASH",,,,"$500 OR LESS","2026-03-11T19:33:00.000","FAILING TO YIELD RIGHT-OF-WAY","UNABLE TO DETERMINE","2200","N","LINCOLN AVE","1812",,,,,,,"2","INCAPACITATING INJURY","1","0","1","0","0","1","0","19","4","3","41.9218969991","-87.6440133459","POINT (-87.644013345947 41.921896999083)"
"b47fc293951cdd28bd076d39ec883d1e3fa8a0f9620d09da7dc1744e06ee26138968b62a4bfc323e7c97be032802570fe740af714836f152215008e7fb3c316e","Y","2026-03-11T19:27:00.000","25","NO CONTROLS","NO CONTROLS","UNKNOWN","UNKNOWN","PARKED MOTOR VEHICLE","NOT DIVIDED",,"STRAIGHT AND LEVEL","UNKNOWN","UNKNOWN","NOT ON SCENE (DESK REPORT)","NO INJURY / DRIVE AWAY",,,,"OVER $1,500","2026-03-13T15:45:00.000","UNABLE TO DETERMINE","UNABLE TO DETERMINE","2112","W","ARMITAGE AVE","1432",,,,,,,"2","NO INDICATION OF INJURY","0","0","0","0","0","1","0","19","4","3","41.9178039978","-87.6806719875","POINT (-87.68067198752 41.91780399782)"
"ed1420b0f94928cecaf8d047a013e114b3a305a642b87ed89fc9dce982d9b3f66963b7be85a7ff3b120fa5e874e030a5c8f88aa5d0b909907d2cbbc4776786fa",,"2026-03-11T19:10:00.000","30","TRAFFIC SIGNAL","FUNCTIONING PROPERLY","RAIN","DARKNESS","REAR END","DIVIDED - W/MEDIAN (NOT RAISED)",,"STRAIGHT AND LEVEL","WET","NO DEFECTS","NOT ON SCENE (DESK REPORT)","NO INJURY / DRIVE AWAY","Y",,,"OVER $1,500","2026-03-13T13:41:00.000","FOLLOWING TOO CLOSELY","NOT APPLICABLE","7899","S","STATE ST","623",,,,,,,"2","NO INDICATION OF INJURY","0","0","0","0","0","2","0","19","4","3","41.7510095803","-87.6244014161","POINT (-87.624401416141 41.75100958029)"
"87c779d1d819fc2566265c6fa145a8a554d94118005e2b3bcff9eff1d56d5130c5689b7e34ba4c9417f0b8f616db586ac23542c17b9f229a8ad12f4b0a44d430",,"2026-03-11T19:05:00.000","30","NO CONTROLS","NO CONTROLS","CLEAR","DARKNESS, LIGHTED ROAD","SIDESWIPE SAME DIRECTION","DIVIDED - W/MEDIAN (NOT RAISED)",,"STRAIGHT AND LEVEL","DRY","NO DEFECTS","NOT ON SCENE (DESK REPORT)","NO INJURY / DRIVE AWAY",,,"Y","$501 - $1,500","2026-03-11T19:45:00.000","UNABLE TO DETERMINE","UNABLE TO DETERMINE","3355","N","PULASKI RD","1732",,,,,,,"2","NO INDICATION OF INJURY","0","0","0","0","0","3","0","19","4","3","41.9425493555","-87.727141155","POINT (-87.727141155002 41.942549355548)"