"crash_record_id","crash_date_est_i","crash_date","posted_speed_limit","traffic_control_device","device_condition","weather_condition","lighting_condition","first_crash_type","trafficway_type","lane_cnt","alignment","roadway_surface_cond","road_defect","report_type","crash_type","intersection_related_i","private_property_i","hit_and_run_i","damage","date_police_notified","prim_contributory_cause","sec_contributory_cause","street_no","street_direction","street_name","beat_of_occurrence","photos_taken_i","statements_taken_i","dooring_i","work_zone_i","work_zone_type","workers_present_i","num_units","most_severe_injury","injuries_total","injuries_fatal","injuries_incapacitating","injuries_non_incapacitating","injuries_reported_not_evident","injuries_no_indication","injuries_unknown","crash_hour","crash_day_of_week","crash_month","latitude","longitude","location"
"09ca2010525e3c125b9767ba7d413091c4ffb2d6be4fd6d71039c441728ca95db455f5f7c08f39066c72bb1d928f4019b2903a19d8dedbcc404cdca213048d7b","Y","2026-03-11T19:00:00.000","30","NO CONTROLS","NO CONTROLS","UNKNOWN","UNKNOWN","PARKED MOTOR VEHICLE","NOT DIVIDED",,"STRAIGHT AND LEVEL","UNKNOWN","UNKNOWN","NOT ON SCENE (DESK REPORT)","NO INJURY / DRIVE AWAY",,,"Y","OVER $1,500","2026-03-13T16:30:00.000","NOT APPLICABLE","NOT APPLICABLE","2310","S","CANAL ST","914",,,,,,,"2","NO INDICATION OF INJURY","0","0","0","0","0","1","0","19","4","3","41.8505227063","-87.638620422","POINT (-87.638620422007 41.850522706291)"
"4851c3a766c171e15796eeb3397a1c21b966ca08675015af5836d4bf0da9219819e7dedf37fbe6a5e4d2848457d8fc66ad7589e277cd9a6575519e7f0623e361",,"2026-03-11T19:00:00.000","30","NO CONTROLS","NO CONTROLS","CLEAR","DARKNESS, LIGHTED ROAD","TURNING","NOT DIVIDED",,"STRAIGHT AND LEVEL","WET","UNKNOWN","NOT ON SCENE (DESK REPORT)","NO INJURY / DRIVE AWAY",,,,"$501 - $1,500","2026-03-12T17:50:00.000","UNABLE TO DETERMINE","UNABLE TO DETERMINE","10238","S","COTTAGE GROVE AVE","511",,,,,,,"2","NO INDICATION OF INJURY","0","0","0","0","0","2","0","19","4","3","41.708102035","-87.6065182927","POINT (-87.606518292725 41.708102034992)"
"df3ed3930606c1c475ccd67fc8531330ff6c986409d964016b54aab5d582ec2528ba10e635220383fece6d09de65c6e0ae5f928d017c151f9362d42f8b66bd05",,"2026-03-11T18:50:00.000","15","NO CONTROLS","NO CONTROLS","CLEAR","DAYLIGHT","REAR TO SIDE","NOT DIVIDED",,"STRAIGHT AND LEVEL","DRY","NO DEFECTS","ON SCENE","NO INJURY / DRIVE AWAY",,,,"OVER $1,500","2026-03-11T18:57:00.000","DRIVING SKILLS/KNOWLEDGE/EXPERIENCE","FAILING TO YIELD RIGHT-OF-WAY","1","N","HALSTED ST","1224",,,,,,,"2","NO INDICATION OF INJURY","0","0","0","0","0","2","0","18","4","3","41.8818156316","-87.647214717","POINT (-87.647214717041 41.881815631642)"
"7e523931861b6076b4f975e4bbf5954c4465f45cd87f5b4bcb10bafddc8ccf876fe4196acf1ad30a320e6aadeef4be62a389beccac65a6dbda619fff24983816",,"2026-03-11T18:45:00.000","30","STOP SIGN/FLASHER","FUNCTIONING PROPERLY","CLOUDY/OVERCAST","DAYLIGHT","ANGLE","FOUR WAY",,"STRAIGHT AND LEVEL","DRY","NO DEFECTS","NOT ON SCENE (DESK REPORT)","NO INJURY / DRIVE AWAY",,,"Y","OVER $1,500","2026-03-11T19:05:00.000","DISREGARDING STOP SIGN","NOT APPLICABLE","2801","W","53RD ST","923",,,,,,,"2","NO INDICATION OF INJURY","0","0","0","0","0","2","0","18","4","3","41.7972276647","-87.6939571302","POINT (-87.693957130209 41.797227664699)"
"b637b15f1cd4997628734c6736074288c4117422dc714768fe5f9f693d79de5bf1173a689f8925ef6ae1042d8850a187d031ca784ee604e674230ae6272d069a",,"2026-03-11T18:40:00.000","30","TRAFFIC SIGNAL","FUNCTIONING PROPERLY","CLEAR","DARKNESS, LIGHTED ROAD","REAR TO FRONT","DIVIDED - W/MEDIAN (NOT RAISED)",,"STRAIGHT AND LEVEL","DRY","UNKNOWN","ON SCENE","NO INJURY / DRIVE AWAY",,,"Y","OVER $1,500","2026-03-11T18:40:00.000","IMPROPER BACKING","NOT APPLICABLE","2278","S","ARCHER AVE","914",,,,,,,"2","NO INDICATION OF INJURY","0","0","0","0","0","3","0","18","4","3","41.8513752977","-87.638173103","POINT (-87.638173103041 41.851375297704)"
"6e89ef6f1e2f4bdf45626dd8f338fac689088e4565c1bbd6504a6c4e2f991a496a5c7206bc8fe473ee1ba14ae4d7258edce389b43a2cb5e7429d08150f9ffad8",,"2026-03-11T18:30:00.000","30","TRAFFIC SIGNAL","UNKNOWN","CLEAR","DARKNESS","SIDESWIPE SAME DIRECTION","NOT DIVIDED",,"STRAIGHT AND LEVEL","WET","UNKNOWN","NOT ON SCENE (DESK REPORT)","NO INJURY / DRIVE AWAY","Y",,,"OVER $1,500","2026-03-11T19:15:00.000","UNABLE TO DETERMINE","UNABLE TO DETERMINE","5929","S","COTTAGE GROVE AVE","235",,,,,,,"2","NO INDICATION OF INJURY","0","0","0","0","0","2","0","18","4","3","41.7869205371","-87.6059082597","POINT (-87.60590825966 41.786920537075)"
"abc4806b28cef142896fb8eec4021eda14b4904429adc11f930f8e9d766ee795e25c7afbfb345efcf9ee3575cf6190d4a9b033a7477bfee07c46ecf437bc781b",,"2026-03-11T18:30:00.000","30","NO CONTROLS","NO CONTROLS","CLEAR","DARKNESS, LIGHTED ROAD","PARKED MOTOR VEHICLE","PARKING LOT",,"STRAIGHT AND LEVEL","DRY","NO DEFECTS","NOT ON SCENE (DESK REPORT)","NO INJURY / DRIVE AWAY",,,,"OVER $1,500","2026-03-11T19:15:00.000","FAILING TO YIELD RIGHT-OF-WAY","NOT APPLICABLE","4327","S","PULASKI RD","821",,,,,,,"2","NO INDICATION OF INJURY","0","0","0","0","0","1","0","18","4","3","41.8143691649","-87.7236831127","POINT (-87.7236831127 41.81436916493)"
"abf05f444fdbb708e6648cb128d912d917b0ef3504b533090d51952222b05eadc52af400366a880c6a88ca57c66792acffc29cb056b0f3bf37e82ce47fcf2512",,"2026-03-11T18:15:00.000","30","NO CONTROLS","NO CONTROLS","CLEAR","DAYLIGHT","REAR END","NOT DIVIDED",,"STRAIGHT AND LEVEL","DRY","NO DEFECTS","NOT ON SCENE (DESK REPORT)","NO INJURY / DRIVE AWAY",,,"Y","OVER $1,500","2026-03-12T17:25:00.000","FAILING TO REDUCE SPEED TO AVOID CRASH","NOT APPLICABLE","6298","W","MONTROSE AVE","1622",,,,,,,"2","NO INDICATION OF INJURY","0","0","0","0","0","2","0","18","4","3","41.9603603232","-87.7842975014","POINT (-87.784297501441 41.960360323232)"
"9432186b8a135b1083d3b28390b88be0088efb1211726410f43f0094e4fcb035ecc36a749630125af62b45d43feca75ba446b7a4ba47d4c664bdf0b9a50f4264",,"2026-03-11T18:11:00.000","30","NO CONTROLS","NO CONTROLS","CLEAR","DUSK","PARKED MOTOR VEHICLE","PARKING LOT",,"STRAIGHT AND LEVEL","DRY","NO DEFECTS","NOT ON SCENE (DESK REPORT)","NO INJURY / DRIVE AWAY",,"Y",,"$501 - $1,500","2026-03-13T09:45:00.000","DRIVING SKILLS/KNOWLEDGE/EXPERIENCE","UNABLE TO DETERMINE","11255","S","MICHIGAN AVE","531",,,,,,,"2","NO INDICATION OF INJURY","0","0","0","0","0","1","0","18","4","3","41.6891381752","-87.6208626163","POINT (-87.620862616288 41.689138175164)"
"bb668d4bb26d56414151a768f3bb2de810d925bb7fc46eb1c8a270b88de7985717b156efd221c40ce72213ddfaecc38a272537a42baaa247e53d1abcb78cfade",,"2026-03-11T18:10:00.000","30","STOP SIGN/FLASHER","UNKNOWN","CLOUDY/OVERCAST","DAYLIGHT","TURNING","T-INTERSECTION",,"STRAIGHT AND LEVEL","UNKNOWN","UNKNOWN","NOT ON SCENE (DESK REPORT)","NO INJURY / DRIVE AWAY","Y",,,"OVER $1,500","2026-03-11T18:30:00.000","IMPROPER TURNING/NO SIGNAL","FAILING TO REDUCE SPEED TO AVOID CRASH","1132","N","MILWAUKEE AVE","1213",,,,,,,"2","NO INDICATION OF INJURY","0","0","0","0","0","3","0","18","4","3","41.9022267391","-87.6649454677","POINT (-87.66494546766 41.902226739095)"
"285085bb1924aefc3a1e16c2490ef2075a09392f0917ad6ce3686cbfff9108064fe47e742ab0b502c7a5f2f8f28f45c368d2d8ffbcd1d27b90fb051ccd730c88",,"2026-03-11T18:05:00.000","30","NO CONTROLS","NO CONTROLS","CLEAR","DAYLIGHT","SIDESWIPE SAME DIRECTION","NOT DIVIDED",,"STRAIGHT AND LEVEL","DRY","NO DEFECTS","NOT ON SCENE (DESK REPORT)","NO INJURY / DRIVE AWAY",,,"Y","OVER $1,500","2026-03-16T18:24:00.000","NOT APPLICABLE","NOT APPLICABLE","1255","S","WABASH AVE","131",,,,,,,"2","NO INDICATION OF INJURY","0","0","0","0","0","2","0","18","4","3","41.8659484814","-87.6256509531","POINT (-87.625650953137 41.865948481441)"
"f20525b6cbab9773475bdea40fdd01dc58eb80904bb342a7129327c7d5039c31938ab2c8cfb5886550339a6788c9b8637c39886fb80ac831d9a8135342411656",,"2026-03-11T18:04:00.000","15","NO CONTROLS","NO CONTROLS","CLEAR","DAYLIGHT","REAR END","ONE-WAY",,"STRAIGHT AND LEVEL","DRY","NO DEFECTS","ON SCENE","INJURY AND / OR TOW DUE TO CRASH",,,,"$500 OR LESS","2026-03-11T18:22:00.000","UNABLE TO DETERMINE","NOT APPLICABLE","5701","S","CICERO AVE","813",,,,,,,"2","INCAPACITATING INJURY","1","0","1","0","0","1","0","18","4","3","41.7893386418","-87.7413525626","POINT (-87.741352562622 41.789338641753)"
"75e9c38564853411fe6f9c7eadd751ba8b43be755b0b648e8ddf69e986a76ed24924efcc64a8966a7f7b84178327bf2f665ecdcd561d2f820300e220f26fadaa",,"2026-03-11T18:01:00.000","35","STOP SIGN/FLASHER","OTHER","CLEAR","DAYLIGHT","TURNING","DIVIDED - W/MEDIAN (NOT RAISED)",,"STRAIGHT AND LEVEL","DRY","NO DEFECTS","ON SCENE","INJURY AND / OR TOW DUE TO CRASH","Y",,"Y","OVER $1,500","2026-03-11T18:01:00.000","IMPROPER TURNING/NO SIGNAL","IMPROPER TURNING/NO SIGNAL","7150","W","ADDISON ST","1632",,,,,,,"2","NONINCAPACITATING INJURY","1","0","0","1","0","1","0","18","4","3","41.945403315","-87.8054005242","POINT (-87.805400524217 41.94540331496)"
"40e59d0cbb0b06f6ea579b1ad2bfe740dc44871a4a0916611564560512a0580c92a1b9c93e1ba35c9369c290a01acaaf885e0d1e4bd56c49ae48d91d6aafc2c7",,"2026-03-11T18:00:00.000","30","TRAFFIC SIGNAL","FUNCTIONING PROPERLY","CLEAR","DAYLIGHT","TURNING","FOUR WAY",,"STRAIGHT AND LEVEL","DRY","UNKNOWN","ON SCENE","NO INJURY / DRIVE AWAY","Y",,,"OVER $1,500","2026-03-11T18:13:00.000","DRIVING SKILLS/KNOWLEDGE/EXPERIENCE","NOT APPLICABLE","200","W","GRAND AVE","1831",,,,,,,"2","NO INDICATION OF INJURY","0","0","0","0","0","2","0","18","4","3","41.8916961121","-87.634145905","POINT (-87.634145905035 41.891696112063)"
"b4cc1e3c32748ba176cc8d931c096bbf0f89a1b18f2d43237ded17a068466a7d21aa9fae8a5e10f12ffbf3ed52ad03792ede98da0d19655c3c7b7d5c43f3c0ba",,"2026-03-11T18:00:00.000","45","UNKNOWN","UNKNOWN","UNKNOWN","UNKNOWN","FIXED OBJECT","DIVIDED - W/MEDIAN BARRIER",,"STRAIGHT AND LEVEL","UNKNOWN","UNKNOWN","NOT ON SCENE (DESK REPORT)","NO INJURY / DRIVE AWAY",,,,"OVER $1,500","2026-03-11T18:40:00.000","UNABLE TO DETERMINE","UNABLE TO DETERMINE","3000","N","LAKE SHORE DR SB","1934",,,,,,,"1","NO INDICATION OF INJURY","0","0","0","0","0","2","0","18","4","3","41.9366200057","-87.6340534837","POINT (-87.634053483713 41.936620005711)"
"f56f135248556ec86af169b2dce535fe6578fa5a5f2b6b22462e5dc323115ca037674b529560ebbcc132ccfa02e5c0775a8f4ad52cc1ca5d8928c4954cd8b475","Y","2026-03-11T18:00:00.000","30","UNKNOWN","UNKNOWN","UNKNOWN","UNKNOWN","SIDESWIPE SAME DIRECTION","NOT DIVIDED",,"STRAIGHT AND LEVEL","DRY","NO DEFECTS","NOT ON SCENE (DESK REPORT)","NO INJURY / DRIVE AWAY",,,,"$501 - $1,500","2026-03-12T13:00:00.000","FOLLOWING TOO CLOSELY","NOT APPLICABLE","3499","W","GRAND AVE","1121",,,,,,,"2","NO INDICATION OF INJURY","0","0","0","0","0","2","0","18","4","3","41.9009051027","-87.7134899398","POINT (-87.713489939799 41.900905102713)"
"314d1787f15a1b1ecd6d1ac39a8b0dc758f4a93baa37e91a8db366cec16d2c665fbc4178c256fd426e70d36ff34abe79ad9c1dab19f57543d62d7e6f38c5a882",,"2026-03-11T17:54:00.000","30","TRAFFIC SIGNAL","FUNCTIONING PROPERLY","CLOUDY/OVERCAST","DAYLIGHT","REAR END","NOT DIVIDED",,"STRAIGHT AND LEVEL","DRY","NO DEFECTS","ON SCENE","NO INJURY / DRIVE AWAY","Y",,,"OVER $1,500","2026-03-11T18:37:00.000","FOLLOWING TOO CLOSELY","NOT APPLICABLE","8620","S","PULASKI RD","834",,,,,,,"4","NO INDICATION OF INJURY","0","0","0","0","0","4","0","17","4","3","41.7360554672","-87.7216220164","POINT (-87.72162201639 41.736055467217)"
"4f55de2afb73d8a0450c400013a3a3710abe31fda809324bae98c4e82fee3c7864bcefe309d8411e5ceb07e2f773e996b8a13bd2d0cf61870a140e80bf256f0c",,"2026-03-11T17:54:00.000","30","TRAFFIC SIGNAL","FUNCTIONING PROPERLY","CLEAR","DAYLIGHT","REAR END","NOT REPORTED",,"STRAIGHT AND LEVEL","WET","UNKNOWN","NOT ON SCENE (DESK REPORT)","NO INJURY / DRIVE AWAY",,,"Y","OVER $1,500","2026-03-11T18:15:00.000","FOLLOWING TOO CLOSELY","UNABLE TO DETERMINE","115","S","RACINE AVE","1232",,,,,,,"2","NO INDICATION OF INJURY","0","0","0","0","0","2","0","17","4","3","41.8798465367","-87.6569379425","POINT (-87.656937942515 41.879846536732)"
"69f46c58ece56ae9958edac130aac209a193f49f7b3bedb48cca462d2d67ef796a8111559bf71a53ae73072939798dc51301905ffecffe6fc0306f437c9cfd05",,"2026-03-11T17:50:00.000","30","TRAFFIC SIGNAL","FUNCTIONING PROPERLY","CLEAR","DAYLIGHT","ANGLE","DIVIDED - W/MEDIAN (NOT RAISED)",,"STRAIGHT AND LEVEL","WET","NO DEFECTS","ON SCENE","INJURY AND / OR TOW DUE TO CRASH","Y",,,"OVER $1,500","2026-03-11T17:53:00.000","NOT APPLICABLE","NOT APPLICABLE","3200","N","LAMON AVE","1634",,,,,,,"2","NO INDICATION OF INJURY","0","0","0","0","0","3","0","17","4","3","41.9388377419","-87.749488623","POINT (-87.749488623003 41.938837741942)"
"d7fd33f37663a2c9109c6ca814023cb575bc3c654fdf3b262d5baf40f3dd1b5121e415acbda3205c9f400db9bb27b7187da1975496ed931edbe0d9c3bf80efad",,"2026-03-11T17:49:00.000","15","STOP SIGN/FLASHER","FUNCTIONING PROPERLY","CLEAR","DAYLIGHT","SIDESWIPE SAME DIRECTION","PARKING LOT",,"STRAIGHT AND LEVEL","UNKNOWN","UNKNOWN","NOT ON SCENE (DESK REPORT)","NO INJURY / DRIVE AWAY","N",,,"OVER $1,500","2026-03-11T19:10:00.000","FAILING TO YIELD RIGHT-OF-WAY","IMPROPER OVERTAKING/PASSING","1763","W","HOWARD ST","2422",,,,,,,"2","NO INDICATION OF INJURY","0","0","0","0","0","3","0","17","4","3","42.0192885501","-87.6750585094","POINT (-87.675058509388 42.019288550088)"
"f19f3f66adc45b19822f16611936e2a262a92253ebd8bab10a5107f0273a5840577dc57bd4a515469c72184e0f9445ca30f300ff5658ee8657f6d73fae47f2b1",,"2026-03-11T17:49:00.000","20","NO CONTROLS","UNKNOWN","CLEAR","DAYLIGHT","SIDESWIPE SAME DIRECTION","ONE-WAY",,"STRAIGHT AND LEVEL","OTHER","NO DEFECTS","ON SCENE","NO INJURY / DRIVE AWAY",,,,"$500 OR LESS","2026-03-11T17:52:00.000","IMPROPER BACKING","FOLLOWING TOO CLOSELY","10023","S","PRINCETON AVE","511",,"Y",,,,,"2","NO INDICATION OF INJURY","0","0","0","0","0","2","0","17","4","3","41.7118503844","-87.630686549","POINT (-87.630686549013 41.711850384388)"
"443d1af3cbb973994844ca2128f768698edec935fd3ebd50989fee7cb6b1d14a01b4f972e08a327fcd243d17e808d477070328003572f4e1392f38a1888a14fd",,"2026-03-11T17:40:00.000","30","NO CONTROLS","NO CONTROLS","CLEAR","DAYLIGHT","SIDESWIPE SAME DIRECTION","NOT DIVIDED",,"STRAIGHT AND LEVEL","DRY","NO DEFECTS","ON SCENE","NO INJURY / DRIVE AWAY",,,"N","$501 - $1,500","2026-03-11T17:45:00.000","UNABLE TO DETERMINE","UNABLE TO DETERMINE","2121","N","CLYBOURN AVE","1811",,,,,,,"2","NO INDICATION OF INJURY","0","0","0","0","0","2","0","17","4","3","41.919899684","-87.6618055364","POINT (-87.661805536366 41.919899683968)"
"b5af1f09bf18c399244c8c2e0b6dd8c4b220d31ff8073b6d1ad3182d2b2ca4967507bb83abf0cc566ea968f824ca361293645a691e8e2f6f0e6a155d2e738ea2",,"2026-03-11T17:40:00.000","30","TRAFFIC SIGNAL","UNKNOWN","UNKNOWN","UNKNOWN","SIDESWIPE SAME DIRECTION","DIVIDED - W/MEDIAN (NOT RAISED)",,"STRAIGHT AND LEVEL","UNKNOWN","UNKNOWN","NOT ON SCENE (DESK REPORT)","NO INJURY / DRIVE AWAY",,,"Y","$501 - $1,500","2026-03-12T14:00:00.000","UNABLE TO DETERMINE","NOT APPLICABLE","175","W","WACKER DR","122",,,,,,,"2","NO INDICATION OF INJURY","0","0","0","0","0","2","0","17","4","3","41.8867052161","-87.63322232","POINT (-87.633222319985 41.88670521606)"
"47083e4b5a636915ced346d079ad5891ee5a8d0346915f5290dcd75c7e39452ef52cca18814b6472d16291e78446f5b4bc87e73c369880348da1ef5c80c6b961",,"2026-03-11T17:35:00.000","30","TRAFFIC SIGNAL","FUNCTIONING PROPERLY","CLEAR","DAYLIGHT","TURNING","FOUR WAY",,"STRAIGHT AND LEVEL","UNKNOWN","UNKNOWN","NOT ON SCENE (DESK REPORT)","NO INJURY / DRIVE AWAY","Y",,,"$501 - $1,500","2026-03-11T18:45:00.000","DRIVING SKILLS/KNOWLEDGE/EXPERIENCE","NOT APPLICABLE","2800","W","NORTH AVE","1421",,,,,,,"2","NO INDICATION OF INJURY","0","0","0","0","0","3","0","17","4","3","41.9103266682","-87.6970855431","POINT (-87.697085543104 41.910326668179)"
"d5a986992b9f7063f323f362d2f025a95b94fe40a1fac4091c2e55eade1e641dcc6a35bec2aafbb0ef58f70cc62bd2c764ed96a47345bc506fa4cbb3475b309b",,"2026-03-11T17:30:00.000","30","OTHER","NO CONTROLS","CLEAR","DAYLIGHT","PARKED MOTOR VEHICLE","NOT DIVIDED",,"STRAIGHT AND LEVEL","DRY","UNKNOWN","ON SCENE","NO INJURY / DRIVE AWAY",,,"Y","OVER $1,500","2026-03-11T19:48:00.000","UNABLE TO DETERMINE","UNABLE TO DETERMINE","11300","S","WENTWORTH AVE","522",,,,,,,"2","NO INDICATION OF INJURY","0","0","0","0","0","4","0","17","4","3","41.6888459803","-87.6279443482","POINT (-87.627944348178 41.688845980259)"
"7bfe7b332fbc20d9ec4556747dce4edbbdd239472326efb5d571db53a570b4a85e820906485c61b42c3a2d670bcd332b9f6887b4a624250171dec71ed0663a08","Y","2026-03-11T17:20:00.000","30","UNKNOWN","UNKNOWN","CLEAR","DAYLIGHT","SIDESWIPE SAME DIRECTION","DIVIDED - W/MEDIAN (NOT RAISED)",,"STRAIGHT AND LEVEL","WET","UNKNOWN","NOT ON SCENE (DESK REPORT)","NO INJURY / DRIVE AWAY",,,,"$501 - $1,500","2026-03-11T17:30:00.000","UNABLE TO DETERMINE","UNABLE TO DETERMINE","5100","N","LINCOLN AVE","2031",,,,,,,"2","NO INDICATION OF INJURY","0","0","0","0","0","2","0","17","4","3","41.9740452249","-87.6921877278","POINT (-87.692187727784 41.974045224859)"
"5cbbfc34e09e355ac70d8e2a799da0120f2a6360923a68be2d0fc2e0559af0de333c8ceeb7fa28b1ba2126f8462bf450cf639852414d0fa05bace6c30a1d9cb8",,"2026-03-11T17:10:00.000","30","NO CONTROLS","NO CONTROLS","CLEAR","DAYLIGHT","REAR END","DIVIDED - W/MEDIAN BARRIER",,"STRAIGHT AND LEVEL","DRY","NO DEFECTS","ON SCENE","INJURY AND / OR TOW DUE TO CRASH",,,,"OVER $1,500","2026-03-11T17:14:00.000","IMPROPER LANE USAGE","FAILING TO REDUCE SPEED TO AVOID CRASH","2902","N","WESTERN AVE","1411",,,,,,,"2","REPORTED, NOT EVIDENT","1","0","0","0","1","1","0","17","4","3","41.9340467898","-87.6880896108","POINT (-87.688089610772 41.934046789789)"
"784a7064aedfd45ee3646692d38cbb25eb728e191896ec8eafb26e2207519a53b043812e587843ed51fdef17f2d6c1705c3199cc6893521f927015c4ce495460","Y","2026-03-11T17:10:00.000","30","NO CONTROLS","NO CONTROLS","CLEAR","DAYLIGHT","REAR END","DIVIDED - W/MEDIAN (NOT RAISED)",,"STRAIGHT AND LEVEL","DRY","UNKNOWN","ON SCENE","NO INJURY / DRIVE AWAY",,,,"$501 - $1,500","2026-03-11T17:14:00.000","UNABLE TO DETERMINE","NOT APPLICABLE","6431","S","CICERO AVE","813",,,,,,,"2","NO INDICATION OF INJURY","0","0","0","0","0","5","0","17","4","3","41.7756659009","-87.742034547","POINT (-87.742034546998 41.775665900884)"
"f81b04cec0af4ac4a446fc77958dad02b51cf98df31566f87023d5ec9b2bbb8ea9347e021404255967e0d1542becf8f45173847c3a0dab4d7b842d7673a08b52",,"2026-03-11T17:10:00.000","30","NO CONTROLS","NO CONTROLS","CLOUDY/OVERCAST","DAYLIGHT","SIDESWIPE SAME DIRECTION","ONE-WAY",,"STRAIGHT AND LEVEL","WET","UNKNOWN","ON SCENE","NO INJURY / DRIVE AWAY",,,,"$501 - $1,500","2026-03-11T17:15:00.000","IMPROPER OVERTAKING/PASSING","IMPROPER OVERTAKING/PASSING","291","E","ONTARIO ST","1834",,,,,,,"2","NO INDICATION OF INJURY","0","0","0","0","0","3","0","17","4","3","41.8932936766","-87.6203928947","POINT (-87.620392894691 41.893293676585)"
"fcb88b8872a54e68e925bfd5f7db91c69d16a5c977536cca0e7841fae695f42e0770c102f5688cc606f4e1f1c8927d532b33a8b3fd5c74f85c678dd998e24377",,"2026-03-11T17:03:00.000","30","UNKNOWN","UNKNOWN","UNKNOWN","UNKNOWN","REAR END","NOT DIVIDED",,"STRAIGHT AND LEVEL","UNKNOWN","UNKNOWN","NOT ON SCENE (DESK REPORT)","NO INJURY / DRIVE AWAY",,,,"OVER $1,500","2026-03-11T18:20:00.000","UNABLE TO DETERMINE","NOT APPLICABLE","2058","N","CENTRAL AVE","2515",,,,,,,"2","NO INDICATION OF INJURY","0","0","0","0","0","2","0","17","4","3","41.9181166185","-87.765919745","POINT (-87.765919744984 41.91811661852)"
"4223da77e3b7f67a8d6dfa412e1f6974c81bc139114fa5d163559772b30c7c712ea28b5d496328b0047517eb2bbc73207aca32cf2dac58abbac9a13da1d5a11f",,"2026-03-11T17:00:00.000","45","OTHER","FUNCTIONING PROPERLY","CLEAR","DAYLIGHT","FIXED OBJECT","OTHER",,"STRAIGHT AND LEVEL","DRY","NO DEFECTS","NOT ON SCENE (DESK REPORT)","NO INJURY / DRIVE AWAY",,,,"OVER $1,500","2026-03-11T21:30:00.000","FAILING TO YIELD RIGHT-OF-WAY","UNABLE TO DETERMINE","8800","S","ANTHONY AVE","412",,,,,,,"1","NO INDICATION OF INJURY","0","0","0","0","0","1","0","17","4","3","41.7352753534","-87.5671677329","POINT (-87.567167732877 41.735275353432)"
"5157b4018ecc168d610ae960d35741c550dbceb7080f5b5c8474b7066b22d8a824d87fe4ba8026c01f273fc2822a452da04c781dd4c315190964b01d1c2bd989",,"2026-03-11T17:00:00.000","40","TRAFFIC SIGNAL","FUNCTIONING PROPERLY","CLEAR","DAYLIGHT","REAR END","DIVIDED - W/MEDIAN BARRIER",,"STRAIGHT AND LEVEL","DRY","NO DEFECTS","NOT ON SCENE (DESK REPORT)","NO INJURY / DRIVE AWAY",,,,"OVER $1,500","2026-03-12T09:15:00.000","FOLLOWING TOO CLOSELY","NOT APPLICABLE","500","S","LAKE SHORE DR SB","114",,,,,,,"2","NO INDICATION OF INJURY","0","0","0","0","0","2","0","17","4","3","41.8757562552","-87.6175156798","POINT (-87.617515679751 41.875756255241)"
"8dd7ac23aea74ac7f4b449b424a906f3c7a6ad72d9bb9f474ca159215c205869e20d0cb3568d35eb098a6fb3d05a1a8bfab8d74f20da5fb874df45a1ef6194ae",,"2026-03-11T17:00:00.000","30","NO CONTROLS","NO CONTROLS","CLEAR","DAYLIGHT","SIDESWIPE SAME DIRECTION","DIVIDED - W/MEDIAN (NOT RAISED)",,"STRAIGHT AND LEVEL","UNKNOWN","UNKNOWN","NOT ON SCENE (DESK REPORT)","NO INJURY / DRIVE AWAY",,,,"OVER $1,500","2026-03-11T18:45:00.000","UNABLE TO DETERMINE","NOT APPLICABLE","4218","W","NORTH AVE","2534",,,,,,,"2","NO INDICATION OF INJURY","0","0","0","0","0","2","0","17","4","3","41.9099175564","-87.7321368732","POINT (-87.732136873214 41.909917556404)"
"ae9d55770f62652c1d139eb2b0ac654149ad6d434849753bac2f72aeed905ca23b6cc107465b81f6e12c9281e4af4b4e6432415ff9f30b1a536d724dca490607",,"2026-03-11T17:00:00.000","30","TRAFFIC SIGNAL","FUNCTIONING PROPERLY","RAIN","DARKNESS, LIGHTED ROAD","REAR END","DIVIDED - W/MEDIAN (NOT RAISED)",,"STRAIGHT AND LEVEL","WET","NO DEFECTS","NOT ON SCENE (DESK REPORT)","NO INJURY / DRIVE AWAY",,,"Y","$501 - $1,500","2026-03-13T09:15:00.000","NOT APPLICABLE","NOT APPLICABLE","800","E","71ST ST","321",,,,,,,"2","NO INDICATION OF INJURY","0","0","0","0","0","2","0","17","4","3","41.7659788987","-87.6054638688","POINT (-87.605463868765 41.765978898721)"
"ebe905dda3efa7370bd17eb3302ee75a954e0d7e79e39d063221243634d2f00f3cdb0f8c591a1772229032caf642e6ff7438369e8f799a77ad15f305b813da04",,"2026-03-11T17:00:00.000","30","NO CONTROLS","NO CONTROLS","CLEAR","DAYLIGHT","SIDESWIPE SAME DIRECTION","ONE-WAY",,"STRAIGHT AND LEVEL","DRY","NO DEFECTS","NOT ON SCENE (DESK REPORT)","NO INJURY / DRIVE AWAY",,,"Y","OVER $1,500","2026-03-11T21:00:00.000","IMPROPER OVERTAKING/PASSING","FAILING TO YIELD RIGHT-OF-WAY","2210","N","KENNETH AVE","2522",,,,,,,"2","NO INDICATION OF INJURY","0","0","0","0","0","2","0","17","4","3","41.921064702","-87.7378271992","POINT (-87.737827199213 41.921064702001)"
"8ab1de50f656fc68d76ea077639818e13f299b5ceaad43a78dd8640999d934e80639d6e23230b43e96fd396b3cb9cdb7eec555bcd0ff51f7448a2f1bfa04da2e",,"2026-03-11T16:56:00.000","30","TRAFFIC SIGNAL","FUNCTIONING PROPERLY","RAIN","DAYLIGHT","SIDESWIPE SAME DIRECTION","DIVIDED - W/MEDIAN BARRIER",,"STRAIGHT AND LEVEL","WET","NO DEFECTS","ON SCENE","NO INJURY / DRIVE AWAY",,,,"OVER $1,500","2026-03-11T16:56:00.000","IMPROPER OVERTAKING/PASSING","NOT APPLICABLE","700","N","MICHIGAN AVE","1834",,,,,,,"2","NO INDICATION OF INJURY","0","0","0","0","0","2","0","16","4","3","41.8949795111","-87.6243999705","POINT (-87.624399970455 41.8949795111)"