"crash_record_id","crash_date_est_i","crash_date","posted_speed_limit","traffic_control_device","device_condition","weather_condition","lighting_condition","first_crash_type","trafficway_type","lane_cnt","alignment","roadway_surface_cond","road_defect","report_type","crash_type","intersection_related_i","private_property_i","hit_and_run_i","damage","date_police_notified","prim_contributory_cause","sec_contributory_cause","street_no","street_direction","street_name","beat_of_occurrence","photos_taken_i","statements_taken_i","dooring_i","work_zone_i","work_zone_type","workers_present_i","num_units","most_severe_injury","injuries_total","injuries_fatal","injuries_incapacitating","injuries_non_incapacitating","injuries_reported_not_evident","injuries_no_indication","injuries_unknown","crash_hour","crash_day_of_week","crash_month","latitude","longitude","location"
"8eb5935553756badbca7d42b542a3b1fd47e930a1f05964b5a9e0f4d210471e7282c263cc0373e915b085e29d1d8c63a4659a907fcb0c62661337455ee2a532f",,"2026-03-11T16:55:00.000","30","TRAFFIC SIGNAL","FUNCTIONING PROPERLY","CLEAR","DAYLIGHT","SIDESWIPE SAME DIRECTION","DIVIDED - W/MEDIAN BARRIER",,"STRAIGHT AND LEVEL","WET","NO DEFECTS","NOT ON SCENE (DESK REPORT)","NO INJURY / DRIVE AWAY","Y",,,"$500 OR LESS","2026-03-11T18:00:00.000","IMPROPER OVERTAKING/PASSING","NOT APPLICABLE","555","N","MICHIGAN AVE","1834",,,,,,,"2","NO INDICATION OF INJURY","0","0","0","0","0","2","0","16","4","3","41.8925204807","-87.6240374098","POINT (-87.624037409786 41.892520480718)"
"dc01a0c849f0e52b47119a2315869f6f218855889d27b99b128b151fc78120c352b381a0c264fbef0c8748b833f9f0ad629792f9402673b957b96093085b066b",,"2026-03-11T16:55:00.000","30","UNKNOWN","UNKNOWN","UNKNOWN","DAYLIGHT","REAR END","DIVIDED - W/MEDIAN (NOT RAISED)",,"STRAIGHT AND LEVEL","WET","UNKNOWN","NOT ON SCENE (DESK REPORT)","NO INJURY / DRIVE AWAY",,,,"OVER $1,500","2026-03-11T21:00:00.000","PHYSICAL CONDITION OF DRIVER","DRIVING SKILLS/KNOWLEDGE/EXPERIENCE","3644","W","FULLERTON AVE","2524",,,,,,,"2","NO INDICATION OF INJURY","0","0","0","0","0","2","0","16","4","3","41.924691075","-87.7188292869","POINT (-87.718829286898 41.924691075022)"
"8f7360bb60fcfb3b8c709ed5aad89874c69e633b3b0a542a12aa69fb23082c6d885f1f69d52206e8133439ef2f558393d12f159c7a155a7a43aa565aafc27e91",,"2026-03-11T16:52:00.000","30","NO CONTROLS","NO CONTROLS","FREEZING RAIN/DRIZZLE","DAYLIGHT","PARKED MOTOR VEHICLE","ONE-WAY",,"STRAIGHT AND LEVEL","WET","NO DEFECTS","ON SCENE","INJURY AND / OR TOW DUE TO CRASH",,,,"OVER $1,500","2026-03-11T17:44:00.000","WEATHER","UNABLE TO DETERMINE","9101","S","GREENWOOD AVE","413",,,,,,,"2","NO INDICATION OF INJURY","0","0","0","0","0","1","0","16","4","3","41.7293702828","-87.597233334","POINT (-87.597233334034 41.729370282773)"
"508a3f0bb225637c46eddbd82092e9646250cc721dfc9afb618350f49d5df125edb41e05db0b2d2c579e68034591dbed145f52106f52e9880b9ba3820775295f",,"2026-03-11T16:50:00.000","30","UNKNOWN","NO CONTROLS","UNKNOWN","UNKNOWN","SIDESWIPE SAME DIRECTION","NOT DIVIDED",,"STRAIGHT AND LEVEL","UNKNOWN","UNKNOWN","NOT ON SCENE (DESK REPORT)","NO INJURY / DRIVE AWAY","Y",,,"OVER $1,500","2026-03-12T16:07:00.000","IMPROPER OVERTAKING/PASSING","DRIVING SKILLS/KNOWLEDGE/EXPERIENCE","704","W","MADISON ST","1224",,,,,,,"2","NO INDICATION OF INJURY","0","0","0","0","0","3","0","16","4","3","41.8819065463","-87.6458265255","POINT (-87.645826525532 41.881906546328)"
"77d3a36466b1d41e1c1f64b3de1ad9ba5ecf3417e8aa402b8dabe387d013edf2eb4441f2141a7d174b3c61bd69b32dc5eea3333b98e17e019a9b983127aca169",,"2026-03-11T16:50:00.000","30","NO CONTROLS","NO CONTROLS","SNOW","DAYLIGHT","REAR END","NOT DIVIDED",,"STRAIGHT AND LEVEL","UNKNOWN","NO DEFECTS","NOT ON SCENE (DESK REPORT)","INJURY AND / OR TOW DUE TO CRASH",,,,"$501 - $1,500","2026-03-11T19:01:00.000","FOLLOWING TOO CLOSELY","NOT APPLICABLE","4363","S","ARCHER AVE","922",,,,,,,"2","NONINCAPACITATING INJURY","1","0","0","1","0","1","0","16","4","3","41.8142118101","-87.7038198954","POINT (-87.703819895437 41.814211810102)"
"a481d19c68cb7b920dc453f75d09d33ffe1297cf4dc7b734bae5fb350539785800718858d7d4a23f14d0405c27a05d5d928a39ab7f7a30c4f69a40bd6f022cf2",,"2026-03-11T16:50:00.000","30","NO CONTROLS","NO CONTROLS","CLOUDY/OVERCAST","DAYLIGHT","SIDESWIPE SAME DIRECTION","NOT DIVIDED",,"STRAIGHT AND LEVEL","UNKNOWN","NO DEFECTS","NOT ON SCENE (DESK REPORT)","NO INJURY / DRIVE AWAY",,,"Y","$501 - $1,500","2026-03-11T17:16:00.000","NOT APPLICABLE","NOT APPLICABLE","2800","W","63RD ST","823",,,,,,,"2","NO INDICATION OF INJURY","0","0","0","0","0","5","0","16","4","3","41.7792245324","-87.693456441","POINT (-87.693456441033 41.779224532387)"
"bc0871c9a7155f0a85047c607f312255037888fd52447a3953db0947f8b9e31fd4e5cd717d1180f07023d602489a26b911a243d798e195ea69ebb0dbe171ba14",,"2026-03-11T16:41:00.000","30","UNKNOWN","UNKNOWN","UNKNOWN","UNKNOWN","TURNING","NOT DIVIDED",,"STRAIGHT AND LEVEL","UNKNOWN","UNKNOWN","NOT ON SCENE (DESK REPORT)","NO INJURY / DRIVE AWAY",,,,"OVER $1,500","2026-03-11T17:05:00.000","UNABLE TO DETERMINE","NOT APPLICABLE","1751","E","87TH ST","412",,,,,,,"2","NO INDICATION OF INJURY","0","0","0","0","0","2","0","16","4","3","41.7368746565","-87.5807541437","POINT (-87.58075414373 41.736874656455)"
"20ed995b86f7d1f363cd29de1c1caf9242c8ef21ca32733c8bcb9d67fc0362c3b623aa69bd31aa002a3077c3096d83f7875099c2909f7f5896518ac58aea7adf",,"2026-03-11T16:40:00.000","30","NO CONTROLS","NO CONTROLS","CLEAR","DAYLIGHT","REAR END","ONE-WAY",,"STRAIGHT AND LEVEL","WET","NO DEFECTS","ON SCENE","NO INJURY / DRIVE AWAY",,,"Y","$501 - $1,500","2026-03-11T18:10:00.000","FAILING TO REDUCE SPEED TO AVOID CRASH","NOT APPLICABLE","5412","S","WELLS ST","935",,,,,,,"2","NO INDICATION OF INJURY","0","0","0","0","0","2","0","16","4","3","41.7958849268","-87.6320080543","POINT (-87.632008054257 41.795884926844)"
"2c1619332f3ed26c33cb9ea57ed79641c65cc04d169b5a7197090d48db33ff14f2a57697732bdd9ec60eb69d5517d959a5e08e88db0f08cb77310fef9234c0fe",,"2026-03-11T16:40:00.000","30","TRAFFIC SIGNAL","UNKNOWN","CLEAR","DAYLIGHT","REAR TO FRONT","Y-INTERSECTION",,"STRAIGHT AND LEVEL","UNKNOWN","UNKNOWN","NOT ON SCENE (DESK REPORT)","NO INJURY / DRIVE AWAY",,,"Y","OVER $1,500","2026-03-11T17:10:00.000","UNABLE TO DETERMINE","UNABLE TO DETERMINE","4800","W","FERDINAND ST","1532",,,,,,,"2","NO INDICATION OF INJURY","0","0","0","0","0","2","0","16","4","3","41.8896786191","-87.7456475134","POINT (-87.745647513394 41.889678619051)"
"67ab1601636c71efbff388bda97778ffb287857efdfcf04705e9485ffee6af8962d7749029c25b4d8f43d40de76e7758bca8d53ee6c11e0651c12dfb17021e86",,"2026-03-11T16:31:00.000","30","NO CONTROLS","NO CONTROLS","CLOUDY/OVERCAST","DAYLIGHT","REAR END","DIVIDED - W/MEDIAN (NOT RAISED)",,"STRAIGHT AND LEVEL","DRY","NO DEFECTS","NOT ON SCENE (DESK REPORT)","NO INJURY / DRIVE AWAY",,,"Y","$500 OR LESS","2026-03-11T16:40:00.000","PHYSICAL CONDITION OF DRIVER","NOT APPLICABLE","4209","S","WESTERN AVE","921",,,,,,,"2","NO INDICATION OF INJURY","0","0","0","0","0","2","0","16","4","3","41.8171977332","-87.6845210335","POINT (-87.684521033515 41.817197733166)"
"56b18625472cc2e9bbb19bb0b8299bdfb60f2e03e28eab5cc76a6316dae687cd767ee9aa494d9c71b270b4da248dcab48b186ebdc4d6d27dd5cca9450eebdf8e",,"2026-03-11T16:30:00.000","30","TRAFFIC SIGNAL","UNKNOWN","UNKNOWN","DAYLIGHT","SIDESWIPE SAME DIRECTION","DIVIDED - W/MEDIAN BARRIER",,"STRAIGHT AND LEVEL","WET","UNKNOWN",,"NO INJURY / DRIVE AWAY","Y",,,"OVER $1,500","2026-03-12T12:15:00.000","FAILING TO YIELD RIGHT-OF-WAY","UNABLE TO DETERMINE","100","W","IDA B WELLS DR","122",,,,,,,"2","NO INDICATION OF INJURY","0","0","0","0","0","2","0","16","4","3","41.8757194148","-87.6307628076","POINT (-87.63076280757 41.875719414832)"
"7af98e6b4db9e71dc7e67b91a36c056d77c148cd100d048984acee305f50d8cd20d02ed5777f599515c003e2b7b61b77a5a260088758f964bf3317230e99999e",,"2026-03-11T16:27:00.000","30","NO CONTROLS","NO CONTROLS","RAIN","DAYLIGHT","SIDESWIPE SAME DIRECTION","NOT DIVIDED",,"STRAIGHT AND LEVEL","WET","UNKNOWN","ON SCENE","INJURY AND / OR TOW DUE TO CRASH",,,"Y","$501 - $1,500","2026-03-11T16:31:00.000","IMPROPER OVERTAKING/PASSING","DRIVING SKILLS/KNOWLEDGE/EXPERIENCE","4139","S","WESTERN BLVD","924",,,,,,,"2","NONINCAPACITATING INJURY","1","0","0","1","0","1","0","16","4","3","41.818178957","-87.6839835061","POINT (-87.683983506074 41.818178956989)"
"b6fcb66a33b1cda8efdb2be68eadde39309125c845ce39b96f7dabca951909f7dea003a2befb6286aa1fcbbe602f634ed7d43f0ab9789bb2210843069c325173",,"2026-03-11T16:27:00.000","30","TRAFFIC SIGNAL","FUNCTIONING PROPERLY","RAIN","DAYLIGHT","ANGLE","FOUR WAY",,"STRAIGHT AND LEVEL","WET","UNKNOWN","ON SCENE","INJURY AND / OR TOW DUE TO CRASH","Y",,,"OVER $1,500","2026-03-11T16:35:00.000","DISREGARDING TRAFFIC SIGNALS","NOT APPLICABLE","9200","S","HOUSTON AVE","424",,,,,,,"2","NO INDICATION OF INJURY","0","0","0","0","0","2","0","16","4","3","41.7281698188","-87.5499660024","POINT (-87.549966002382 41.728169818783)"
"48e5afa757ec755cc04d73f2eb02942592cb02b5b6c9dd312759b5379057e4a0bc8805de310e6dc7a5df9dfd7b0b254046412b739d2420374d3a7e4846fc0836",,"2026-03-11T16:23:00.000","30","NO CONTROLS","NO CONTROLS","RAIN","DAYLIGHT","REAR END","NOT DIVIDED",,"STRAIGHT AND LEVEL","WET","UNKNOWN","ON SCENE","NO INJURY / DRIVE AWAY",,,,"OVER $1,500","2026-03-11T16:24:00.000","WEATHER","WEATHER","5410","W","DEVON AVE","1621",,,,,,,"2","NO INDICATION OF INJURY","0","0","0","0","0","2","0","16","4","3","41.997437913","-87.7642448557","POINT (-87.764244855708 41.997437912977)"
"d1ad9d976a7ff8b3e2c01975f99f2e736b381f45dc1eae416fb7f290715d35a348d00868d25dbdf8cd194b0aa6043acd35d451436ebd1cea9192c65b3663dc09",,"2026-03-11T16:20:00.000","30","TRAFFIC SIGNAL","FUNCTIONING PROPERLY","RAIN","DAYLIGHT","PEDESTRIAN","NOT DIVIDED",,"STRAIGHT AND LEVEL","WET","UNKNOWN","ON SCENE","INJURY AND / OR TOW DUE TO CRASH","Y",,,"OVER $1,500","2026-03-11T16:23:00.000","FAILING TO YIELD RIGHT-OF-WAY","FAILING TO YIELD RIGHT-OF-WAY","5800","N","PULASKI RD","1711",,,,,,,"2","NONINCAPACITATING INJURY","1","0","0","1","0","2","0","16","4","3","41.9859279924","-87.7286634185","POINT (-87.728663418531 41.9859279924)"
"ffa40a31e2061fcf1f0ea484fc355af3a359aed7193a9e9dbf6602c4e56a55d9354f920525d16ba538f4b5c4a14c8b93515568528ce51f4eee603346d7a2291a",,"2026-03-11T16:20:00.000","30","NO CONTROLS","NO CONTROLS","CLEAR","DAYLIGHT","SIDESWIPE SAME DIRECTION","DIVIDED - W/MEDIAN BARRIER",,"STRAIGHT AND LEVEL","DRY","NO DEFECTS","ON SCENE","INJURY AND / OR TOW DUE TO CRASH",,,,"$501 - $1,500","2026-03-11T16:45:00.000","IMPROPER LANE USAGE","UNABLE TO DETERMINE","7516","S","LAFAYETTE AVE","623",,"Y",,,,,"2","NO INDICATION OF INJURY","0","0","0","0","0","2","0","16","4","3","41.7576220193","-87.6265054932","POINT (-87.626505493155 41.757622019312)"
"2f8d69407af4dad74d8c123d3b7d35843d0e9e1ccf8bcd0ec1b55cf0356e9a78a1d5322f0056e5e122b3ce5dcae3db4d3467461f126f3d3f8abd44e478c533cc",,"2026-03-11T16:16:00.000","30","RAILROAD CROSSING GATE","FUNCTIONING PROPERLY","RAIN","DAYLIGHT","SIDESWIPE SAME DIRECTION","DIVIDED - W/MEDIAN BARRIER",,"STRAIGHT ON GRADE","WET","NO DEFECTS","ON SCENE","INJURY AND / OR TOW DUE TO CRASH",,,,"$501 - $1,500","2026-03-11T16:40:00.000","IMPROPER OVERTAKING/PASSING","UNABLE TO DETERMINE","1055","W","95TH ST","2223",,,,,,,"2","NO INDICATION OF INJURY","0","0","0","0","0","2","0","16","4","3","41.7212643675","-87.6502222577","POINT (-87.650222257742 41.721264367452)"
"27bcc993ecd69fc3f822033910f6506c2c6ce8e55ce08ceae7b740d0bc4ccbe77f7ac8d3511449de229a944b064ce7520ac3e0f916c3a2c68c4fb9b2d0cf8864",,"2026-03-11T16:15:00.000","25","NO CONTROLS","NO CONTROLS","CLOUDY/OVERCAST","DAYLIGHT","SIDESWIPE SAME DIRECTION","NOT DIVIDED",,"STRAIGHT ON GRADE","WET","NO DEFECTS","ON SCENE","NO INJURY / DRIVE AWAY",,,,"$501 - $1,500","2026-03-11T16:18:00.000","UNABLE TO DETERMINE","UNABLE TO DETERMINE","2634","W","107TH ST","2211",,,,,,,"2","NO INDICATION OF INJURY","0","0","0","0","0","5","0","16","4","3","41.6991339019","-87.687761948","POINT (-87.68776194796 41.699133901886)"
"42870c55cb1bf585d402199801da73b85c8408e7cf806020a30ea609d94318342020602986e0ec1ca787aa19b7d8e5c44966e924369b59078736e7c36babbe0e",,"2026-03-11T16:12:00.000","30","NO CONTROLS","NO CONTROLS","UNKNOWN","DAYLIGHT","REAR END","DIVIDED - W/MEDIAN (NOT RAISED)",,"STRAIGHT AND LEVEL","UNKNOWN","UNKNOWN","NOT ON SCENE (DESK REPORT)","NO INJURY / DRIVE AWAY",,,,"OVER $1,500","2026-03-11T18:00:00.000","DRIVING SKILLS/KNOWLEDGE/EXPERIENCE","UNABLE TO DETERMINE","6610","S","HALSTED ST","723",,,,,,,"2","NO INDICATION OF INJURY","0","0","0","0","0","3","0","16","4","3","41.7739575786","-87.6447826437","POINT (-87.644782643732 41.773957578556)"
"fcac83b3f29a1609128e11592ce418337cf628b2757f3d4b9b8f7c0ab508c00ecc76db5c0858b89fd065bf8ca4cbbc55c18356eb3a47c816ab91a06fff65e14a","N","2026-03-11T16:05:00.000","30","STOP SIGN/FLASHER","FUNCTIONING PROPERLY","RAIN","DAYLIGHT","SIDESWIPE SAME DIRECTION","NOT DIVIDED",,"STRAIGHT AND LEVEL","WET","UNKNOWN","ON SCENE","NO INJURY / DRIVE AWAY",,,"Y","OVER $1,500","2026-03-11T16:05:00.000","IMPROPER OVERTAKING/PASSING","NOT APPLICABLE","3860","W","CHICAGO AVE","1112",,,,,,,"2","NO INDICATION OF INJURY","0","0","0","0","0","3","0","16","4","3","41.8954999954","-87.7235769774","POINT (-87.72357697739 41.895499995408)"
"1d15fdb8ef0f21a56692ba4dbeec370c61afdebda6adde0e914dbddc8c0b57e7e2dcf49a0642e2c09ff11b87fb60f012f810cc7a1a8212a74063fe26f68b031d",,"2026-03-11T16:00:00.000","30","TRAFFIC SIGNAL","FUNCTIONING PROPERLY","RAIN","DAYLIGHT","TURNING","FOUR WAY",,"STRAIGHT AND LEVEL","WET","NO DEFECTS","ON SCENE","INJURY AND / OR TOW DUE TO CRASH",,,,"OVER $1,500","2026-03-11T16:05:00.000","EQUIPMENT - VEHICLE CONDITION","FAILING TO YIELD RIGHT-OF-WAY","200","S","KEDZIE AVE","1124",,,,,,,"2","INCAPACITATING INJURY","2","0","1","1","0","2","0","16","4","3","41.8783151932","-87.7061906028","POINT (-87.706190602791 41.878315193183)"
"a54b21f68b7b64123010d255b0321b1e24e99859998e2a6300abad48f198e22998e5e7e41d106811bdd1930496ea004ddcc09b0f2118756b6372067574518b84",,"2026-03-11T16:00:00.000","30","NO CONTROLS","NO CONTROLS","SNOW","DAYLIGHT","REAR END","DIVIDED - W/MEDIAN (NOT RAISED)",,"STRAIGHT AND LEVEL","WET","NO DEFECTS","NOT ON SCENE (DESK REPORT)","INJURY AND / OR TOW DUE TO CRASH",,,,"OVER $1,500","2026-03-11T19:50:00.000","UNABLE TO DETERMINE","UNABLE TO DETERMINE","7920","S","STONY ISLAND AVE","411",,,,,,,"2","REPORTED, NOT EVIDENT","1","0","0","0","1","1","0","16","4","3","41.7506155435","-87.5859390635","POINT (-87.585939063528 41.750615543502)"
"bb85d3da29326893088ad17cf2ee5aa80a9d2d41c32bbf8298495fe15cf08b31742fda115d96cad13d64d7af2857dd9bb675cc5a1d8eb895c5d1708ba186be08",,"2026-03-11T16:00:00.000","30","TRAFFIC SIGNAL","FUNCTIONING PROPERLY","CLEAR","DAYLIGHT","REAR END","FOUR WAY",,"STRAIGHT AND LEVEL","DRY","NO DEFECTS","NOT ON SCENE (DESK REPORT)","NO INJURY / DRIVE AWAY",,,,"OVER $1,500","2026-03-11T21:05:00.000","DRIVING SKILLS/KNOWLEDGE/EXPERIENCE","NOT APPLICABLE","1152","W","GARFIELD BLVD","934",,,,,,,"2","NO INDICATION OF INJURY","0","0","0","0","0","2","0","16","4","3","41.7942801797","-87.6545445085","POINT (-87.654544508483 41.794280179734)"
"f3c287c9307a604af215678114621f1e942175cf893cc7df16db831b9a055e8162485e365fc45517f853c1a4b15c305061102c74fb1b8b092211142707476370",,"2026-03-11T16:00:00.000","30","NO CONTROLS","NO CONTROLS","RAIN","DAYLIGHT","REAR END","NOT DIVIDED",,"STRAIGHT AND LEVEL","WET","NO DEFECTS","NOT ON SCENE (DESK REPORT)","NO INJURY / DRIVE AWAY",,,,"$501 - $1,500","2026-03-11T16:55:00.000","FOLLOWING TOO CLOSELY","NOT APPLICABLE","6620","S","HALSTED ST","723",,,,,,,"2","NO INDICATION OF INJURY","0","0","0","0","0","2","0","16","4","3","41.7736673148","-87.6447752892","POINT (-87.644775289217 41.773667314819)"
"3139e5a34c3b274332cc480fe45a7434317fef557eebfd5ba4dc3cb3c64b33f3b0d21d4ebd78f6ce7e5f36f35b6db82f2e72413c735d46bce4ff35b7625f8a77",,"2026-03-11T15:55:00.000","15","NO CONTROLS","NO CONTROLS","SNOW","DAYLIGHT","PARKED MOTOR VEHICLE","PARKING LOT",,"STRAIGHT AND LEVEL","WET","NO DEFECTS","ON SCENE","NO INJURY / DRIVE AWAY",,,,"OVER $1,500","2026-03-11T16:01:00.000","VISION OBSCURED (SIGNS, TREE LIMBS, BUILDINGS, ETC.)","UNABLE TO DETERMINE","10000","W","OHARE ST","1651",,,,,,,"2","NO INDICATION OF INJURY","0","0","0","0","0","1","0","15","4","3","41.976201139","-87.9053091251","POINT (-87.905309125103 41.976201139024)"
"602e0adf0dde296642505239e2131e6d3715e7141e3dcd95ce94252246d7fe5e7b4747eb3d78061d0c903edb9c67a644711b0818830207e6c12cb281f1dfa3a5",,"2026-03-11T15:54:00.000","30","NO CONTROLS","NO CONTROLS","CLEAR","DAYLIGHT","SIDESWIPE SAME DIRECTION","NOT DIVIDED",,"STRAIGHT AND LEVEL","WET","UNKNOWN","ON SCENE","INJURY AND / OR TOW DUE TO CRASH",,"Y",,"OVER $1,500","2026-03-11T16:12:00.000","UNABLE TO DETERMINE","NOT APPLICABLE","45","E","87TH ST","632",,,,,,,"2","NONINCAPACITATING INJURY","2","0","0","2","0","4","0","15","4","3","41.7362676903","-87.6225186477","POINT (-87.622518647686 41.736267690346)"
"07e309fb3e0af4ecd82ae5cd8f10dfd317fdeba1fa3c1de6afa5fe4abd7b30c732f51ab037df4bff78906f99b4dc64da5782ca01bf4a055d899b03fa6a54a9c8",,"2026-03-11T15:50:00.000","20","NO CONTROLS","NO CONTROLS","CLEAR","DAYLIGHT","PEDESTRIAN","NOT DIVIDED",,"STRAIGHT AND LEVEL","WET","NO DEFECTS","ON SCENE","INJURY AND / OR TOW DUE TO CRASH",,,,"OVER $1,500","2026-03-11T16:04:00.000","FAILING TO YIELD RIGHT-OF-WAY","NOT APPLICABLE","2131","W","MONROE ST","1223",,,,,,,"2","INCAPACITATING INJURY","1","0","1","0","0","2","0","15","4","3","41.8798424201","-87.6803123634","POINT (-87.680312363445 41.879842420057)"
"3bb04cfd93feadbb4111bc6cb84846c2deb49ad9c30f6062c9ed594e98ca7b9a01b224e5041c6f9d164f8e11b6242655ab8290bd361a196531a795ad0729b35f",,"2026-03-11T15:49:00.000","30","TRAFFIC SIGNAL","FUNCTIONING PROPERLY","CLEAR","DAYLIGHT","REAR END","NOT DIVIDED",,"STRAIGHT AND LEVEL","WET","UNKNOWN","ON SCENE","NO INJURY / DRIVE AWAY",,,,"$500 OR LESS","2026-03-11T15:49:00.000","NOT APPLICABLE","NOT APPLICABLE","1000","S","CALIFORNIA AVE","1135",,,,,,,"2","NO INDICATION OF INJURY","0","0","0","0","0","2","0","15","4","3","41.8692136672","-87.696125712","POINT (-87.69612571203 41.86921366718)"
"a83c33e9f57943ea2221ba665b1d1f94d8d25d96db03ec942b7232d7334eef5ab58fb0a9996e6646cb68946631ddcbe492d29f6c6c5221b6098513536b800d23",,"2026-03-11T15:45:00.000","20","STOP SIGN/FLASHER","FUNCTIONING PROPERLY","CLEAR","DAYLIGHT","PEDESTRIAN","NOT DIVIDED",,"STRAIGHT AND LEVEL","UNKNOWN","UNKNOWN","NOT ON SCENE (DESK REPORT)","NO INJURY / DRIVE AWAY","Y",,"Y","$500 OR LESS","2026-03-11T15:45:00.000","FAILING TO YIELD RIGHT-OF-WAY","FAILING TO YIELD RIGHT-OF-WAY","1707","W","MORSE AVE","2431",,,,,,,"2","NO INDICATION OF INJURY","0","0","0","0","0","2","0","15","4","3","42.0076753265","-87.6731575271","POINT (-87.673157527088 42.007675326542)"
"d74504f4842e63ed23cd4ee1428577fe7ce66215b31f6e299a20a7bdc3469b73ae4bbd38ca2ac699186d2bc7541c653e3aa3497392e57674c5018695d464eddd",,"2026-03-11T15:45:00.000","30","TRAFFIC SIGNAL","FUNCTIONING PROPERLY","UNKNOWN","DAYLIGHT","HEAD ON","FOUR WAY",,"STRAIGHT AND LEVEL","WET","NO DEFECTS","NOT ON SCENE (DESK REPORT)","NO INJURY / DRIVE AWAY","Y",,,"OVER $1,500","2026-03-11T16:30:00.000","UNABLE TO DETERMINE","UNABLE TO DETERMINE","3900","S","ARCHER AVE","921",,,,,,,"2","NO INDICATION OF INJURY","0","0","0","0","0","2","0","15","4","3","41.8229096789","-87.6900973342","POINT (-87.690097334163 41.822909678928)"
"f685ad3222cf7e3843f821178874ddb3d3edfe76f4dd2c40fc1005fcac5c7263191bebcc2ad2a65433a2a46c671bfba697f30290bfffdcccefb4d0fba6c8d90e",,"2026-03-11T15:45:00.000","35","NO CONTROLS","NO CONTROLS","SNOW","DAYLIGHT","REAR END","DIVIDED - W/MEDIAN (NOT RAISED)",,"STRAIGHT AND LEVEL","WET","NO DEFECTS","ON SCENE","NO INJURY / DRIVE AWAY",,,,"OVER $1,500","2026-03-11T15:50:00.000","FOLLOWING TOO CLOSELY","FOLLOWING TOO CLOSELY","5610","W","FOSTER AVE","1622",,"N",,,,,"2","NO INDICATION OF INJURY","0","0","0","0","0","2","0","15","4","3","41.9757915749","-87.7689941208","POINT (-87.768994120774 41.975791574876)"
"650bfc9720af19f12414b17b888d4ed72fc6296ac3b5c88fede88f9fe7118c5d3936c3a0d64a0c8f0f5fff5a905a3b0e6c96d8225b5034381a16f973804213a8",,"2026-03-11T15:44:00.000","30","NO CONTROLS","NO CONTROLS","CLEAR","DAYLIGHT","PARKED MOTOR VEHICLE","NOT DIVIDED",,"STRAIGHT AND LEVEL","DRY","NO DEFECTS","ON SCENE","NO INJURY / DRIVE AWAY",,,,"OVER $1,500","2026-03-11T16:15:00.000","DRIVING SKILLS/KNOWLEDGE/EXPERIENCE","DRIVING SKILLS/KNOWLEDGE/EXPERIENCE","35","W","JACKSON BLVD","113",,,,,,,"2","NO INDICATION OF INJURY","0","0","0","0","0","1","0","15","4","3","41.8780603267","-87.6290718763","POINT (-87.629071876332 41.878060326723)"
"2d2786091ab71df092a5f289f971aae3883a1ce7221df0fe2635e8a88644c73444c78dd6dacee3dc0b77af04d0f4f30326f4406529e44aabebc9dd3df7143235",,"2026-03-11T15:40:00.000","30","STOP SIGN/FLASHER","FUNCTIONING PROPERLY","CLOUDY/OVERCAST","DAYLIGHT","ANGLE","FOUR WAY",,"STRAIGHT AND LEVEL","DRY","NO DEFECTS","NOT ON SCENE (DESK REPORT)","NO INJURY / DRIVE AWAY",,,"Y","OVER $1,500","2026-03-11T16:26:00.000","NOT APPLICABLE","NOT APPLICABLE","7201","S","OAKLEY AVE","832",,,,,,,"2","NO INDICATION OF INJURY","0","0","0","0","0","2","0","15","4","3","41.7628208042","-87.6804942333","POINT (-87.680494233294 41.762820804219)"
"f21eb4b48bcc5d607646ffd5572a78ac67a45d2e235a504db68229a05aa9f17f00caa0494c88f86130f2738cc0db31a229011abe2fe0f8bdb757b3c302924e3b",,"2026-03-11T15:39:00.000","30","NO CONTROLS","NO CONTROLS","CLOUDY/OVERCAST","DAYLIGHT","FIXED OBJECT","DIVIDED - W/MEDIAN (NOT RAISED)",,"STRAIGHT AND LEVEL","WET","NO DEFECTS","NOT ON SCENE (DESK REPORT)","NO INJURY / DRIVE AWAY","Y",,"Y","OVER $1,500","2026-03-11T15:39:00.000","UNABLE TO DETERMINE","UNABLE TO DETERMINE","3360","N","WESTERN AVE","1921",,,,,,,"1","NO INDICATION OF INJURY","0","0","0","0","0","2","0","15","4","3","41.9430192747","-87.6883132573","POINT (-87.688313257334 41.943019274702)"
"164296c2f9400d5e22805a21d1b141b627a6b40cb3edefefad4360fb7cc7070237c06bc663827e5556631f3160bc0054ca2b6a174c33a2010326f52e0ee9ecf8",,"2026-03-11T15:35:00.000","30","NO CONTROLS","NO CONTROLS","CLEAR","DAYLIGHT","FIXED OBJECT","DIVIDED - W/MEDIAN (NOT RAISED)",,"STRAIGHT AND LEVEL","WET","NO DEFECTS","ON SCENE","INJURY AND / OR TOW DUE TO CRASH",,,,"OVER $1,500","2026-03-11T15:38:00.000","UNABLE TO DETERMINE","UNABLE TO DETERMINE","12055","S","DOTY AVE W","532",,,,,,,"2","NONINCAPACITATING INJURY","2","0","0","2","0","1","0","15","4","3","41.674851587","-87.6014026147","POINT (-87.60140261471 41.674851587046)"