"crash_record_id","crash_date_est_i","crash_date","posted_speed_limit","traffic_control_device","device_condition","weather_condition","lighting_condition","first_crash_type","trafficway_type","lane_cnt","alignment","roadway_surface_cond","road_defect","report_type","crash_type","intersection_related_i","private_property_i","hit_and_run_i","damage","date_police_notified","prim_contributory_cause","sec_contributory_cause","street_no","street_direction","street_name","beat_of_occurrence","photos_taken_i","statements_taken_i","dooring_i","work_zone_i","work_zone_type","workers_present_i","num_units","most_severe_injury","injuries_total","injuries_fatal","injuries_incapacitating","injuries_non_incapacitating","injuries_reported_not_evident","injuries_no_indication","injuries_unknown","crash_hour","crash_day_of_week","crash_month","latitude","longitude","location"
"b4bf7ce2edcdeefc9fa238e40f6c3691b5266327cb576c1425b6a95b322e47de2e0089d5253cb2166b1d40c100491a68318078e5cd24584e21786e69e2977262",,"2026-03-11T15:35:00.000","30","NO CONTROLS","NO CONTROLS","UNKNOWN","DAYLIGHT","PARKED MOTOR VEHICLE","NOT DIVIDED",,"STRAIGHT AND LEVEL","UNKNOWN","UNKNOWN","NOT ON SCENE (DESK REPORT)","NO INJURY / DRIVE AWAY",,,"Y","$501 - $1,500","2026-03-11T17:40:00.000","DRIVING SKILLS/KNOWLEDGE/EXPERIENCE","NOT APPLICABLE","3748","W","PALMER ST","2525",,,,,,,"2","NO INDICATION OF INJURY","0","0","0","0","0","1","0","15","4","3","41.9209995593","-87.7212776892","POINT (-87.721277689168 41.920999559278)"
"2f109933e67377084c251586576bcc4a9dfd8c81e4cb17e33d1ddf61addeba6b4ec5f90bb19107c89a8c5932485b14618469ded3209a156fd38a92d918b0883a",,"2026-03-11T15:30:00.000","30","NO CONTROLS","NO CONTROLS","CLEAR","DAYLIGHT","SIDESWIPE SAME DIRECTION","ONE-WAY",,"STRAIGHT AND LEVEL","DRY","UNKNOWN","NOT ON SCENE (DESK REPORT)","NO INJURY / DRIVE AWAY",,,,"$501 - $1,500","2026-03-11T19:15:00.000","UNABLE TO DETERMINE","NOT APPLICABLE","7537","S","ESSEX AVE","421",,,,,,,"2","NO INDICATION OF INJURY","0","0","0","0","0","2","0","15","4","3","41.7579158041","-87.5637795704","POINT (-87.56377957044 41.757915804059)"
"bde08c5a3beb33de49fce09e0790c6fa1e6a8d8affbe368fdcb5d278b778b8f259a631e0f6e3e3a40cba082a3f4b0d0db1cdc47a7ff048cae8307b2184818c8b",,"2026-03-11T15:30:00.000","10","NO CONTROLS","NO CONTROLS","UNKNOWN","DAYLIGHT","PARKED MOTOR VEHICLE","PARKING LOT",,"STRAIGHT AND LEVEL","UNKNOWN","UNKNOWN","NOT ON SCENE (DESK REPORT)","NO INJURY / DRIVE AWAY",,,,"OVER $1,500","2026-03-11T16:15:00.000","UNABLE TO DETERMINE","UNABLE TO DETERMINE","4555","S","WESTERN BLVD","924",,,,,,,"2","NO INDICATION OF INJURY","0","0","0","0","0","2","0","15","4","3","41.8104515462","-87.6837744013","POINT (-87.683774401323 41.810451546165)"
"3bd39c33ca7f0eb5d0ebf7b59104028535643b823d9faed156534fe7682a75d1cce414d7b1f7954ccaec0fdd7fdff19d96b0125198de7d893a975786e34d0616",,"2026-03-11T15:27:00.000","30","NO CONTROLS","NO CONTROLS","CLEAR","DAYLIGHT","SIDESWIPE SAME DIRECTION","NOT DIVIDED",,"STRAIGHT AND LEVEL","WET","NO DEFECTS","NOT ON SCENE (DESK REPORT)","NO INJURY / DRIVE AWAY",,,,"OVER $1,500","2026-03-12T09:15:00.000","UNABLE TO DETERMINE","UNABLE TO DETERMINE","3257","W","MONTROSE AVE","1724",,,,,,,"2","NO INDICATION OF INJURY","0","0","0","0","0","2","0","15","4","3","41.961050928","-87.7105426983","POINT (-87.710542698267 41.961050928024)"
"438864c75be7f316806d040ebb48ff95ec147dc1fbcc570a37c30baeb6569260137b56bec5788b9628a031b57ad6ddf0fccc0c20e6f3ff2513875059cfc7da15",,"2026-03-11T15:24:00.000","25","STOP SIGN/FLASHER","FUNCTIONING PROPERLY","CLOUDY/OVERCAST","DAYLIGHT","ANGLE","FOUR WAY",,"STRAIGHT AND LEVEL","UNKNOWN","UNKNOWN","ON SCENE","NO INJURY / DRIVE AWAY","Y",,,"$501 - $1,500","2026-03-11T15:24:00.000","UNABLE TO DETERMINE","NOT APPLICABLE","5800","W","SCHOOL ST","1633",,,,,,,"2","NO INDICATION OF INJURY","0","0","0","0","0","2","0","15","4","3","41.9404482447","-87.7715477118","POINT (-87.771547711806 41.940448244738)"
"08a61c8bdcd36f89e645062d499bd2b19d3cbe3a13391dad8575001bb43dabbb2af1b8c5c488fabb6eef645be389f511cfbafc37e9418e3e209f3e826dca9354",,"2026-03-11T15:20:00.000","30","NO CONTROLS","NO CONTROLS","RAIN","DAYLIGHT","TURNING","ONE-WAY",,"STRAIGHT AND LEVEL","WET","UNKNOWN","ON SCENE","INJURY AND / OR TOW DUE TO CRASH",,,"Y","OVER $1,500","2026-03-11T15:26:00.000","UNABLE TO DETERMINE","UNABLE TO DETERMINE","4520","N","AVERS AVE","1723",,,,,,,"4","REPORTED, NOT EVIDENT","1","0","0","0","1","2","0","15","4","3","41.9634786419","-87.7243767863","POINT (-87.724376786258 41.963478641888)"
"1bd4924dd60e176f0b1c7cde346a722fb56e5125f483b204c3228b2114d63045e9eea035592945bc846bd12667a0133dd4edcbe8c8909c2cba9f4af005402454",,"2026-03-11T15:15:00.000","30","NO CONTROLS","NO CONTROLS","CLEAR","DAYLIGHT","SIDESWIPE SAME DIRECTION","DIVIDED - W/MEDIAN (NOT RAISED)",,"STRAIGHT AND LEVEL","WET","NO DEFECTS","NOT ON SCENE (DESK REPORT)","NO INJURY / DRIVE AWAY",,,"Y","OVER $1,500","2026-03-11T17:00:00.000","UNABLE TO DETERMINE","UNABLE TO DETERMINE","7534","S","COTTAGE GROVE AVE","624",,,,,,,"2","NO INDICATION OF INJURY","0","0","0","0","0","3","0","15","4","3","41.7575581995","-87.6055119962","POINT (-87.605511996167 41.757558199523)"
"82366a3a1af691e79433d508721fa2e99dc5e689ccd9699e0300d464c733960071e492943ee82bb84f405b2c4c81a9b61990130d2ed0d77354cef65f5043a734",,"2026-03-11T15:15:00.000","10","NO CONTROLS","NO CONTROLS","RAIN","DAYLIGHT","PARKED MOTOR VEHICLE","PARKING LOT",,"STRAIGHT AND LEVEL","WET","UNKNOWN","ON SCENE","NO INJURY / DRIVE AWAY",,"Y",,"OVER $1,500","2026-03-11T15:15:00.000","DRIVING SKILLS/KNOWLEDGE/EXPERIENCE","NOT APPLICABLE","5228","N","NORTHWEST HWY","1622",,,,,,,"2","NO INDICATION OF INJURY","0","0","0","0","0","2","0","15","4","3","41.975570733","-87.7693658928","POINT (-87.769365892824 41.975570733035)"
"8b0397d0adcb29f552f01267ae69ac409805cf7db48191ba90e3554071343cb4767070dee741ee99b98f842e9f33c1a776d0d135ec82f6bf133a6482faf57196","Y","2026-03-11T15:15:00.000","30","TRAFFIC SIGNAL","FUNCTIONING PROPERLY","UNKNOWN","DAYLIGHT","REAR END","CENTER TURN LANE",,"STRAIGHT AND LEVEL","UNKNOWN","UNKNOWN","NOT ON SCENE (DESK REPORT)","NO INJURY / DRIVE AWAY","Y",,,"$501 - $1,500","2026-03-11T17:00:00.000","FOLLOWING TOO CLOSELY","NOT APPLICABLE","3700","N","WESTERN AVE","1921",,,,,,,"2","NO INDICATION OF INJURY","0","0","0","0","0","2","0","15","4","3","41.9486368838","-87.6884575065","POINT (-87.688457506457 41.948636883802)"
"b71e20a9161d927eccc5864c89d94f5ad06e31924512d874083eca6982b7527771397cdae158c683db403698aad6ceff20b719c4f27b459fbb1501a8fec95fad",,"2026-03-11T15:15:00.000","30","NO CONTROLS","NO CONTROLS","UNKNOWN","UNKNOWN","SIDESWIPE SAME DIRECTION","DIVIDED - W/MEDIAN BARRIER",,"STRAIGHT AND LEVEL","UNKNOWN","UNKNOWN","NOT ON SCENE (DESK REPORT)","NO INJURY / DRIVE AWAY",,,"Y","OVER $1,500","2026-03-11T15:43:00.000","UNABLE TO DETERMINE","NOT APPLICABLE","1998","W","PETERSON AVE","2413",,,,,,,"2","NO INDICATION OF INJURY","0","0","0","0","0","2","0","15","4","3","41.9907862118","-87.6797603677","POINT (-87.679760367705 41.99078621176)"
"7f719c98959b5c8d6261214f27b145552ea4db810e432f8662a36e84ece40b4f7844c009e55b38bb41c90731a5a3c14a7fc0bf6979d41410f02e7efee23867dd",,"2026-03-11T15:05:00.000","30","NO CONTROLS","NO CONTROLS","CLEAR","DAYLIGHT","PARKED MOTOR VEHICLE","NOT DIVIDED",,"STRAIGHT AND LEVEL","DRY","NO DEFECTS","NOT ON SCENE (DESK REPORT)","NO INJURY / DRIVE AWAY",,,,"OVER $1,500","2026-03-11T15:50:00.000","UNABLE TO DETERMINE","UNABLE TO DETERMINE","5353","N","ELSTON AVE","1621",,,,,,,"3","NO INDICATION OF INJURY","0","0","0","0","0","1","0","15","4","3","41.9787102644","-87.757153772","POINT (-87.757153772042 41.978710264377)"
"99485acf7e939267572342c8247c0eb5ee88adfbb4e18534e51cb2d27d5f6dce0c6840ee850a9a77756e3ea6fb15553099b2f5e2769f0bfb8d3933818cbd111a",,"2026-03-11T15:00:00.000","30","STOP SIGN/FLASHER","FUNCTIONING PROPERLY","FREEZING RAIN/DRIZZLE","DAYLIGHT","ANGLE","FOUR WAY",,"STRAIGHT AND LEVEL","WET","UNKNOWN","NOT ON SCENE (DESK REPORT)","NO INJURY / DRIVE AWAY",,,,"OVER $1,500","2026-03-11T19:20:00.000","UNABLE TO DETERMINE","UNABLE TO DETERMINE","1801","S","JEFFERSON ST","1235",,,,,,,"2","NO INDICATION OF INJURY","0","0","0","0","0","2","0","15","4","3","41.8575814264","-87.6417154034","POINT (-87.641715403369 41.857581426448)"
"f3ff023a67d0f6da9e0642050e9580fef49579dda1ebd8bb197ed1728e58193cb3873cbca82a4e164f01fe6b8b68520314e072d80a2d46bc42167846d73c1bbc",,"2026-03-11T15:00:00.000","30","TRAFFIC SIGNAL","FUNCTIONING PROPERLY","SNOW","DAYLIGHT","PARKED MOTOR VEHICLE","FOUR WAY",,"STRAIGHT AND LEVEL","UNKNOWN","UNKNOWN","NOT ON SCENE (DESK REPORT)","NO INJURY / DRIVE AWAY","Y",,,"OVER $1,500","2026-03-11T16:30:00.000","IMPROPER LANE USAGE","IMPROPER OVERTAKING/PASSING","1791","W","HOWARD ST","2422",,,,,,,"2","NO INDICATION OF INJURY","0","0","0","0","0","1","0","15","4","3","42.0192867305","-87.6761096745","POINT (-87.676109674529 42.019286730531)"
"c699550f4d1475b5f3b06137f0bfce32da3e0c2d2f99be71ca5d052eb1fd873dda9716b255a603848fef35a8a76837f81d9fb82f4579deebc7837eb3948e79fb",,"2026-03-11T14:53:00.000","30","TRAFFIC SIGNAL","FUNCTIONING PROPERLY","CLOUDY/OVERCAST","DAYLIGHT","REAR END","NOT DIVIDED",,"STRAIGHT AND LEVEL","DRY","NO DEFECTS","NOT ON SCENE (DESK REPORT)","NO INJURY / DRIVE AWAY",,,"Y","OVER $1,500","2026-03-11T15:56:00.000","NOT APPLICABLE","NOT APPLICABLE","5591","S","WESTERN AVE","824",,,,,,,"3","NO INDICATION OF INJURY","0","0","0","0","0","3","0","14","4","3","41.7923388699","-87.6838521504","POINT (-87.683852150378 41.79233886986)"
"082d7ef3ac6b116dae6a367e6295dd7ff90d6610d0f1bb3c1c722674f9a005b53c7860faf76ff5cece6ae63e658c471a713e31480ec61ea5c30e2ae3945e7106",,"2026-03-11T14:52:00.000","30","NO CONTROLS","NO CONTROLS","SNOW","DAYLIGHT","TURNING","T-INTERSECTION",,"STRAIGHT AND LEVEL","UNKNOWN","UNKNOWN","NOT ON SCENE (DESK REPORT)","NO INJURY / DRIVE AWAY","Y",,,"OVER $1,500","2026-03-11T16:00:00.000","FAILING TO YIELD RIGHT-OF-WAY","FAILING TO REDUCE SPEED TO AVOID CRASH","6330","N","BELL AVE","2413",,,,,,,"2","NO INDICATION OF INJURY","0","0","0","0","0","2","0","14","4","3","41.9969247111","-87.6863398003","POINT (-87.686339800254 41.996924711142)"
"199ad506ac0ff12ac97b7f84aac0c6d4c2ea4ce6fa62b6d1d7a095629c06f0e1e9c44d85eed9ad311cc314aec2a1d560ad3b065a531db5bcc1ef20134fed53d7",,"2026-03-11T14:49:00.000","30","TRAFFIC SIGNAL","FUNCTIONING PROPERLY","CLEAR","DAYLIGHT","REAR END","CENTER TURN LANE",,"STRAIGHT AND LEVEL","WET","NO DEFECTS","ON SCENE","INJURY AND / OR TOW DUE TO CRASH",,,,"OVER $1,500","2026-03-11T14:50:00.000","FOLLOWING TOO CLOSELY","WEATHER","6905","S","HALSTED ST","732",,,,,,,"3","NONINCAPACITATING INJURY","1","0","0","1","0","3","0","14","4","3","41.7686353858","-87.644355311","POINT (-87.644355310966 41.768635385805)"
"bb92fd8a624ac8f8a3849d4db12fa5d4defa40471b8b7a2458dcc3729dec141a857ea3fd3ef4a909a9702f3d62502f0b6543f2d80dbd25dd52573a309f2717e1",,"2026-03-11T14:45:00.000","30","NO CONTROLS","NO CONTROLS","CLEAR","DAYLIGHT","ANGLE","NOT DIVIDED",,"STRAIGHT AND LEVEL","WET","NO DEFECTS","NOT ON SCENE (DESK REPORT)","NO INJURY / DRIVE AWAY",,,,"OVER $1,500","2026-03-11T15:20:00.000","FAILING TO YIELD RIGHT-OF-WAY","NOT APPLICABLE","6700","S","KEDZIE AVE","831",,,,,,,"2","NO INDICATION OF INJURY","0","0","0","0","0","2","0","14","4","3","41.771645893","-87.7031136981","POINT (-87.70311369808 41.771645892985)"
"dc361b1d172bb72a279e0cfd941e3a73083d34cc42ca69ee412caf8adc3b8637c9c619cdad90c65a1b11087d0bbb7d8f7c41f2add5d1b379482666f50eb86c7b",,"2026-03-11T14:42:00.000","15","STOP SIGN/FLASHER","NO CONTROLS","RAIN","DAYLIGHT","ANGLE","FOUR WAY",,"STRAIGHT AND LEVEL","WET","NO DEFECTS","ON SCENE","INJURY AND / OR TOW DUE TO CRASH","Y",,,"OVER $1,500","2026-03-11T15:50:00.000","DISREGARDING STOP SIGN","NOT APPLICABLE","5400","S","HOMAN AVE","822",,,,,,,"2","NONINCAPACITATING INJURY","1","0","0","1","0","1","0","14","4","3","41.7952201566","-87.7086515502","POINT (-87.708651550159 41.795220156613)"
"b9a19d006363f31d79e91fb3d8d5b706dd4cb6517fb9234907d04bd985f81d44bbf93588dc7413013db2527c81a393527013681dada00445586281bccb1f9a71",,"2026-03-11T14:40:00.000","30","NO CONTROLS","NO CONTROLS","CLEAR","DAYLIGHT","PARKED MOTOR VEHICLE","NOT DIVIDED",,"STRAIGHT AND LEVEL","DRY","NO DEFECTS","NOT ON SCENE (DESK REPORT)","NO INJURY / DRIVE AWAY",,,,"$501 - $1,500","2026-03-12T13:00:00.000","UNABLE TO DETERMINE","NOT APPLICABLE","1610","W","19TH ST","1234",,,,,,,"2","NO INDICATION OF INJURY","0","0","0","0","0","1","0","14","4","3","41.8560645366","-87.6667501177","POINT (-87.666750117684 41.856064536649)"
"61605e1830147744c6466175708a2dd114372deb756a7c4056961fd603043fa71df697ce85e84f8b03d01f3f55c89cdcb72689eddf1c607db5f273784035be22",,"2026-03-11T14:35:00.000","30","TRAFFIC SIGNAL","UNKNOWN","UNKNOWN","DAYLIGHT","REAR END","FOUR WAY",,"STRAIGHT AND LEVEL","UNKNOWN","UNKNOWN","NOT ON SCENE (DESK REPORT)","NO INJURY / DRIVE AWAY","Y",,,"$500 OR LESS","2026-03-11T16:00:00.000","FOLLOWING TOO CLOSELY","NOT APPLICABLE","6658","S","STONY ISLAND AVE","321",,,,,,,"2","NO INDICATION OF INJURY","0","0","0","0","0","2","0","14","4","3","41.7733844267","-87.5864432027","POINT (-87.586443202739 41.773384426707)"
"968551b5cf2310ca7e75eb9c94977d892a02383063640ef77beb2a13ea61d318ec18c28a1edf134e2bcedac518056f5a6e9485ee82000b594b1a4e5495729fa5","Y","2026-03-11T14:30:00.000","15","NO CONTROLS","NO CONTROLS","CLEAR","DAYLIGHT","PARKED MOTOR VEHICLE","NOT DIVIDED",,"STRAIGHT AND LEVEL","DRY","NO DEFECTS","NOT ON SCENE (DESK REPORT)","NO INJURY / DRIVE AWAY",,,"Y","$501 - $1,500","2026-03-11T17:50:00.000","UNABLE TO DETERMINE","UNABLE TO DETERMINE","3220","S","WALLACE ST","915",,,,,,,"2","NO INDICATION OF INJURY","0","0","0","0","0","1","0","14","4","3","41.8356272409","-87.641494817","POINT (-87.641494816979 41.835627240921)"
"e88e6e8eb650a5abb6e693ecc608844bcf69d0f36050cfc05663ac759449547a57a1f053e5bebe1795989f866289206dbb1ef70c1900ee8e4908c2998c363095","N","2026-03-11T14:22:00.000","30","NO CONTROLS","NO CONTROLS","FREEZING RAIN/DRIZZLE","DAYLIGHT","FIXED OBJECT","NOT DIVIDED",,"STRAIGHT AND LEVEL","WET","UNKNOWN","ON SCENE","INJURY AND / OR TOW DUE TO CRASH",,,,"OVER $1,500","2026-03-11T14:24:00.000","UNABLE TO DETERMINE","UNABLE TO DETERMINE","1423","W","59TH ST","713",,,,,,,"1","REPORTED, NOT EVIDENT","2","0","0","0","2","1","0","14","4","3","41.786691302","-87.6606032174","POINT (-87.660603217357 41.786691301982)"
"4b3f59d7e82bb449296f94bee6c4acde16395816a22d39eb990d3fb19b1012add291542bba2cd8a6dd520d9485ce4c14aa9686ea5d95df288ae6df73427cb9e3",,"2026-03-11T14:15:00.000","30","NO CONTROLS","NO CONTROLS","CLOUDY/OVERCAST","DAYLIGHT","PARKED MOTOR VEHICLE","ONE-WAY",,"STRAIGHT AND LEVEL","WET","NO DEFECTS","NOT ON SCENE (DESK REPORT)","NO INJURY / DRIVE AWAY",,,"Y","$501 - $1,500","2026-03-11T15:21:00.000","NOT APPLICABLE","NOT APPLICABLE","3401","W","54TH ST","822",,,,,,,"2","NO INDICATION OF INJURY","0","0","0","0","0","6","0","14","4","3","41.7951571056","-87.7086255871","POINT (-87.708625587085 41.795157105583)"
"8920acb7e175ad44d17c6020690c0d4fef9c78cabada9175c300248cad3df45229ba2d7bc5863af685af13dc4bedc036b6071b612bccb598fe2496122adeabea",,"2026-03-11T14:14:00.000","25","NO CONTROLS","NO CONTROLS","CLOUDY/OVERCAST","DAYLIGHT","SIDESWIPE SAME DIRECTION","NOT DIVIDED",,"STRAIGHT AND LEVEL","DRY","NO DEFECTS","ON SCENE","INJURY AND / OR TOW DUE TO CRASH",,,,"OVER $1,500","2026-03-11T14:15:00.000","FAILING TO YIELD RIGHT-OF-WAY","NOT APPLICABLE","417","E","75TH ST","624",,,,,,,"2","NONINCAPACITATING INJURY","1","0","0","1","0","3","0","14","4","3","41.7583112688","-87.614460186","POINT (-87.614460186008 41.758311268846)"
"4d751f44065cdc633498d5264b54d643199996de865884bcb1c5f91e3e62af32c2fd31380691f34aff930a15a5b21d698a8b4a7e98eee1a67f74871cf28fef6a",,"2026-03-11T14:12:00.000","30","NO CONTROLS","FUNCTIONING PROPERLY","RAIN","DAYLIGHT","TURNING","NOT DIVIDED",,"STRAIGHT AND LEVEL","WET","NO DEFECTS","ON SCENE","INJURY AND / OR TOW DUE TO CRASH",,,,"OVER $1,500","2026-03-11T16:21:00.000","UNABLE TO DETERMINE","UNABLE TO DETERMINE","5321","S","CENTRAL AVE","814",,,,,,,"2","NONINCAPACITATING INJURY","1","0","0","1","0","1","0","14","4","3","41.795744584","-87.7622622532","POINT (-87.762262253154 41.795744584003)"
"d0b0ec5246f1d8e4ed93a6487404a939beea18c4fee986dec7f84d3c92e55e622be0681a24c9b7645e3e54e3988cbe5f7d1a6d5c5cdaa96937c27191999a4a8f",,"2026-03-11T14:09:00.000","30","UNKNOWN","UNKNOWN","UNKNOWN","UNKNOWN","REAR END","NOT DIVIDED",,"STRAIGHT AND LEVEL","UNKNOWN","UNKNOWN","NOT ON SCENE (DESK REPORT)","INJURY AND / OR TOW DUE TO CRASH",,,,"OVER $1,500","2026-03-11T15:00:00.000","UNABLE TO DETERMINE","NOT APPLICABLE","6834","W","GRAND AVE","2512",,,,,,,"2","REPORTED, NOT EVIDENT","1","0","0","0","1","1","0","14","4","3","41.9236968429","-87.7966343002","POINT (-87.79663430024 41.92369684288)"
"d61cbf2d3a23ad721a1a148c9db7d034ab807cdb8aa6586c52f0be2941efbd08240a70081dbc99c982f49d1dcebc03a6d2ab04de734e454670e343a5d66cde91",,"2026-03-11T14:05:00.000","30","OTHER","OTHER","RAIN","DAYLIGHT","ANGLE","OTHER",,"STRAIGHT AND LEVEL","WET","WORN SURFACE","ON SCENE","NO INJURY / DRIVE AWAY",,,"Y","$501 - $1,500","2026-03-11T15:02:00.000","FAILING TO YIELD RIGHT-OF-WAY","NOT APPLICABLE","3657","S","WESTERN BLVD","912",,,,,,,"2","NO INDICATION OF INJURY","0","0","0","0","0","2","0","14","4","3","41.8265838017","-87.6842110086","POINT (-87.684211008585 41.826583801662)"
"d6230e5ee9f80a345e5b69fe7c79e68c8900f2ab83b405265cd5da741ca72f40057b44617a133133c4e9dd7564b1e1a5fad6d1713674c8eb7969be3404618b90",,"2026-03-11T14:05:00.000","25","STOP SIGN/FLASHER","FUNCTIONING PROPERLY","RAIN","DAYLIGHT","TURNING","NOT DIVIDED",,"STRAIGHT AND LEVEL","WET","UNKNOWN","NOT ON SCENE (DESK REPORT)","NO INJURY / DRIVE AWAY","Y",,,"OVER $1,500","2026-03-11T14:35:00.000","UNABLE TO DETERMINE","UNABLE TO DETERMINE","7501","S","GREENWOOD AVE","624",,,,,,,"2","NO INDICATION OF INJURY","0","0","0","0","0","2","0","14","4","3","41.7584980708","-87.5979322126","POINT (-87.59793221264 41.758498070781)"
"2df387477d662fcdb1210ebebe9a619116102a600fca52875d000e771ee50eeeda00a5aa8f12e9b432b43faad2cc24376dec9b2ca69f03410fce9b68ccdf4e98",,"2026-03-11T14:03:00.000","30","STOP SIGN/FLASHER","NO CONTROLS","UNKNOWN","DAYLIGHT","REAR TO FRONT","UNKNOWN",,"STRAIGHT AND LEVEL","UNKNOWN","UNKNOWN","NOT ON SCENE (DESK REPORT)","NO INJURY / DRIVE AWAY",,,,"$500 OR LESS","2026-03-11T14:50:00.000","FAILING TO YIELD RIGHT-OF-WAY","NOT APPLICABLE","7998","S","ANTHONY AVE","411",,,,,,,"2","NO INDICATION OF INJURY","0","0","0","0","0","2","0","14","4","3","41.7496725989","-87.5863517208","POINT (-87.586351720848 41.749672598875)"
"10b719ac8750159d2df6ed5fdb16481326ba9b4d4f4649f2f79d2e157ed694cdd667d73ca11b1476fbe98a8c64bfc9411011593d4355f9b4d95cbc70db3d976f","Y","2026-03-11T14:00:00.000","15","NO CONTROLS","NO CONTROLS","UNKNOWN","DAYLIGHT","REAR TO FRONT","PARKING LOT",,"STRAIGHT AND LEVEL","UNKNOWN","UNKNOWN","NOT ON SCENE (DESK REPORT)","NO INJURY / DRIVE AWAY",,,"Y","$501 - $1,500","2026-03-11T15:50:00.000","UNABLE TO DETERMINE","NOT APPLICABLE","3222","N","MILWAUKEE AVE","1732",,,,,,,"2","NO INDICATION OF INJURY","0","0","0","0","0","2","0","14","4","3","41.9395354943","-87.7248065407","POINT (-87.724806540695 41.939535494268)"
"b1055d6ff66e2e6c3227f4279800e3714e6672cabe8e2a37ec47f8b28e34f8f3fc3ddd4bb0f3ed37d976048ab6927eae5d487f4398f9f0468d632e899c15ce71",,"2026-03-11T14:00:00.000","30","STOP SIGN/FLASHER","NO CONTROLS","UNKNOWN","DAYLIGHT","ANGLE","T-INTERSECTION",,"STRAIGHT ON GRADE","UNKNOWN","UNKNOWN",,"NO INJURY / DRIVE AWAY","Y",,"Y","OVER $1,500","2026-03-11T14:40:00.000","DISREGARDING STOP SIGN","FAILING TO YIELD RIGHT-OF-WAY","1132","W","79TH ST","612",,,,,,,"2","NO INDICATION OF INJURY","0","0","0","0","0","2","0","14","4","3","41.7506228132","-87.6525906546","POINT (-87.652590654621 41.750622813206)"
"b11c72e9424e4cee684814348234cd97d536c02e837a2ea682e5505a008752f4b5a7809443291cc33cc24628bd68c935b132a9761dc275d165413e7e528a575d",,"2026-03-11T14:00:00.000","10","NO CONTROLS","NO CONTROLS","RAIN","DAYLIGHT","PARKED MOTOR VEHICLE","ONE-WAY",,"STRAIGHT AND LEVEL","WET","UNKNOWN","NOT ON SCENE (DESK REPORT)","NO INJURY / DRIVE AWAY",,,,"OVER $1,500","2026-03-11T15:20:00.000","UNABLE TO DETERMINE","UNABLE TO DETERMINE","5238","S","HARPER CT","234",,,,,,,"2","NO INDICATION OF INJURY","0","0","0","0","0","1","0","14","4","3","41.7999448943","-87.5883751741","POINT (-87.588375174149 41.799944894252)"
"8b828cf4c82ed8ac113203f1bdf072c5d1c158f4167b82b74fe2af788c11d5889fef57d07ec6c71faf762bd0fd093741e1032a629197ed1ecf24d450f2642c9f","Y","2026-03-11T13:50:00.000","30","NO CONTROLS","NO CONTROLS","UNKNOWN","UNKNOWN","PARKED MOTOR VEHICLE","ONE-WAY",,"STRAIGHT AND LEVEL","UNKNOWN","UNKNOWN","NOT ON SCENE (DESK REPORT)","NO INJURY / DRIVE AWAY",,,"Y","OVER $1,500","2026-03-11T14:10:00.000","UNABLE TO DETERMINE","UNABLE TO DETERMINE","4653","N","LINDER AVE","1623",,,,,,,"2","NO INDICATION OF INJURY","0","0","0","0","0","1","0","13","4","3","41.965486318","-87.7648060898","POINT (-87.764806089764 41.965486317976)"
"151848c807bc0676ca35fcd961faa5f428309e3021d77da03c2ad02baf205d8053441f64b85c876cc78376351be069c13aa4e0ba533bb5b7ebe5c9a498efdf69",,"2026-03-11T13:30:00.000","30","NO CONTROLS","UNKNOWN","UNKNOWN","UNKNOWN","TURNING","NOT DIVIDED",,"STRAIGHT AND LEVEL","UNKNOWN","UNKNOWN","NOT ON SCENE (DESK REPORT)","INJURY AND / OR TOW DUE TO CRASH","Y",,,"OVER $1,500","2026-03-12T17:52:00.000","IMPROPER LANE USAGE","DRIVING SKILLS/KNOWLEDGE/EXPERIENCE","2643","W","DIVISION ST","1211",,,,,,,"2","REPORTED, NOT EVIDENT","1","0","0","0","1","1","0","13","4","3","41.9028436491","-87.6936796053","POINT (-87.693679605336 41.902843649132)"
"15600961d78e40cbfa0169dee5ebb0b9c5b9c53d8519eb10dca60beead44e20cd4fbece329b8a87bf40b33385113f02b3f8e435a21eca3b82a0e9b6660c66e22",,"2026-03-11T13:30:00.000","30","TRAFFIC SIGNAL","NO CONTROLS","CLEAR","DAYLIGHT","PEDESTRIAN","ONE-WAY",,"STRAIGHT AND LEVEL","UNKNOWN","UNKNOWN","NOT ON SCENE (DESK REPORT)","INJURY AND / OR TOW DUE TO CRASH",,,"Y","OVER $1,500","2026-03-14T10:55:00.000","UNABLE TO DETERMINE","NOT APPLICABLE","27","W","87TH ST","634",,,,,,,"2","NONINCAPACITATING INJURY","1","0","0","1","0","1","0","13","4","3","41.7361617702","-87.6254161892","POINT (-87.625416189243 41.736161770182)"
"27bb9885763f83ff2a72acfda02df827f4244aad0a23b4ed9c633982dfac0ac8e30386009538516f7c86c837afe1850f62f9308c381dc0c4ae6870bfa6c957db",,"2026-03-11T13:30:00.000","30","TRAFFIC SIGNAL","FUNCTIONING PROPERLY","RAIN","DAYLIGHT","REAR END","T-INTERSECTION",,"STRAIGHT AND LEVEL","WET","NO DEFECTS","NOT ON SCENE (DESK REPORT)","NO INJURY / DRIVE AWAY",,,,"$500 OR LESS","2026-03-11T14:00:00.000","NOT APPLICABLE","NOT APPLICABLE","300","E","CERMAK RD","132","Y",,,,,,"2","NO INDICATION OF INJURY","0","0","0","0","0","3","0","13","4","3","41.8530194786","-87.620611214","POINT (-87.620611213991 41.853019478634)"