"crash_record_id","crash_date_est_i","crash_date","posted_speed_limit","traffic_control_device","device_condition","weather_condition","lighting_condition","first_crash_type","trafficway_type","lane_cnt","alignment","roadway_surface_cond","road_defect","report_type","crash_type","intersection_related_i","private_property_i","hit_and_run_i","damage","date_police_notified","prim_contributory_cause","sec_contributory_cause","street_no","street_direction","street_name","beat_of_occurrence","photos_taken_i","statements_taken_i","dooring_i","work_zone_i","work_zone_type","workers_present_i","num_units","most_severe_injury","injuries_total","injuries_fatal","injuries_incapacitating","injuries_non_incapacitating","injuries_reported_not_evident","injuries_no_indication","injuries_unknown","crash_hour","crash_day_of_week","crash_month","latitude","longitude","location"
"856e6546d43e9e4a1739bf6035179ffbe55054688c96d163062ba3d093f37579ef2ebe45825e4952669cc39864f60de4b562beedf41d622b8467bc3194a4222c",,"2026-03-11T13:30:00.000","35","STOP SIGN/FLASHER","FUNCTIONING PROPERLY","RAIN","DAYLIGHT","TURNING","FOUR WAY",,"STRAIGHT AND LEVEL","WET","NO DEFECTS","ON SCENE","INJURY AND / OR TOW DUE TO CRASH","Y",,"Y","OVER $1,500","2026-03-11T13:44:00.000","UNABLE TO DETERMINE","UNABLE TO DETERMINE","6001","S","PULASKI RD","823",,,,,,,"2","NO INDICATION OF INJURY","0","0","0","0","0","2","0","13","4","3","41.7840711496","-87.7227658413","POINT (-87.722765841283 41.784071149576)"
"9974370b95e3e83971e202a801ce8d2bdf39e9a0019e3c66178dc54ae19d7bdafebb72dcffd0941bc42652e00d58416a3e45abe4053717c6ae98811a7e0611ef",,"2026-03-11T13:30:00.000","30","STOP SIGN/FLASHER","FUNCTIONING PROPERLY","RAIN","DAYLIGHT","REAR END","T-INTERSECTION",,"STRAIGHT AND LEVEL","WET","NO DEFECTS","NOT ON SCENE (DESK REPORT)","NO INJURY / DRIVE AWAY","Y",,,"OVER $1,500","2026-03-11T14:00:00.000","FOLLOWING TOO CLOSELY","UNABLE TO DETERMINE","1422","E","48TH ST","222",,,,,,,"2","NO INDICATION OF INJURY","0","0","0","0","0","2","0","13","4","3","41.8081032573","-87.5909436446","POINT (-87.590943644568 41.808103257252)"
"03081b9568a3a7f75170413c932e4f608e09d614be6d1fe0fb9de8652c5994a176e5d63e9b77bf8cb63f04b77f9bc68e9eeeb5c79d5b474d6c8f25980a461860",,"2026-03-11T13:24:00.000","30","NO CONTROLS","NO CONTROLS","RAIN","DAYLIGHT","PARKED MOTOR VEHICLE","NOT DIVIDED",,"STRAIGHT AND LEVEL","WET","UNKNOWN","ON SCENE","NO INJURY / DRIVE AWAY",,,,"OVER $1,500","2026-03-11T13:25:00.000","UNABLE TO DETERMINE","NOT APPLICABLE","920","W","WILSON AVE","1914",,,,,,,"2","NO INDICATION OF INJURY","0","0","0","0","0","1","0","13","4","3","41.9655622983","-87.6532628377","POINT (-87.653262837721 41.965562298306)"
"0d9e7f0dc5a6fe9cbc599d8487249be84afccd86176a025db7b9efd2cf75b94d74f3cadb01027d6e1d7b16bd57405a245952c9f63ee7f6184e67c3c6d1adf439",,"2026-03-11T13:15:00.000","0","STOP SIGN/FLASHER","FUNCTIONING PROPERLY","CLEAR","DAYLIGHT","TURNING","DIVIDED - W/MEDIAN (NOT RAISED)",,"STRAIGHT AND LEVEL","DRY","NO DEFECTS","NOT ON SCENE (DESK REPORT)","NO INJURY / DRIVE AWAY",,,,"OVER $1,500","2026-03-12T07:55:00.000","UNABLE TO DETERMINE","NOT APPLICABLE","1100","E","75TH ST","323",,,,,,,"2","NO INDICATION OF INJURY","0","0","0","0","0","2","0","13","4","3","41.7587625815","-87.5979741179","POINT (-87.597974117914 41.758762581541)"
"472f64581dd04209d4d7fe2147ac05607d46c54b5a3f157635e2bb55fb9289d906d4f92e6a77bf422a5e9b6a17709064d8acb747494e504854bc60e0632a5e41",,"2026-03-11T13:15:00.000","30","TRAFFIC SIGNAL","FUNCTIONING PROPERLY","RAIN","DAYLIGHT","SIDESWIPE SAME DIRECTION","DIVIDED - W/MEDIAN (NOT RAISED)",,"STRAIGHT AND LEVEL","WET","UNKNOWN","NOT ON SCENE (DESK REPORT)","INJURY AND / OR TOW DUE TO CRASH",,,"Y","$501 - $1,500","2026-03-11T13:18:00.000","FAILING TO YIELD RIGHT-OF-WAY","NOT APPLICABLE","7036","S","WESTERN AVE","832",,,,,,,"2","NO INDICATION OF INJURY","0","0","0","0","0","2","0","13","4","3","41.7654099476","-87.68340861","POINT (-87.683408610041 41.765409947579)"
"04f33dff112eecfc9d607b19f08e18c1e5e94efb8869e6f3dd66f5576e3517472481bc9284faf5cc84a387ff930fbefe500616d7208d749a95e4ff75371620eb",,"2026-03-11T13:13:00.000","30","TRAFFIC SIGNAL","FUNCTIONING PROPERLY","SNOW","DAYLIGHT","PEDESTRIAN","NOT DIVIDED",,"STRAIGHT AND LEVEL","WET","NO DEFECTS","ON SCENE","INJURY AND / OR TOW DUE TO CRASH",,,"Y","OVER $1,500","2026-03-11T13:14:00.000","FAILING TO YIELD RIGHT-OF-WAY","FAILING TO YIELD RIGHT-OF-WAY","3966","W","GRAND AVE","2535",,,,,,,"2","REPORTED, NOT EVIDENT","1","0","0","0","1","1","0","13","4","3","41.9062280486","-87.7262766656","POINT (-87.726276665609 41.906228048642)"
"20ca1f4dbd3a58940d6758f905da102fc78916186f22963268a3f24326f81bbe74e194573004210b431a38594c95411842836fece4e85efd46146431839a5a02",,"2026-03-11T13:10:00.000","30","NO CONTROLS","NO CONTROLS","CLEAR","DAYLIGHT","SIDESWIPE SAME DIRECTION","NOT DIVIDED",,"STRAIGHT AND LEVEL","WET","UNKNOWN","ON SCENE","NO INJURY / DRIVE AWAY",,,,"OVER $1,500","2026-03-11T15:00:00.000","IMPROPER OVERTAKING/PASSING","FOLLOWING TOO CLOSELY","2602","W","MADISON ST","1222",,,,,,,"2","NO INDICATION OF INJURY","0","0","0","0","0","2","0","13","4","3","41.8812262347","-87.6912367225","POINT (-87.691236722519 41.881226234706)"
"e83125458980549c2bb6e14a0a318bc73a8b0cfd709b250ae7a51ecee4cc145a52219ed08ee2a79a31b3c9655c31c581ecec99ff5b60fb09deedd71bb72069a3",,"2026-03-11T13:10:00.000","30","TRAFFIC SIGNAL","FUNCTIONING PROPERLY","CLEAR","DAYLIGHT","REAR END","NOT DIVIDED",,"STRAIGHT AND LEVEL","WET","NO DEFECTS","NOT ON SCENE (DESK REPORT)","NO INJURY / DRIVE AWAY",,,,"OVER $1,500","2026-03-11T13:30:00.000","FOLLOWING TOO CLOSELY","NOT APPLICABLE","6500","S","KEDZIE AVE","831",,,,,,,"2","NO INDICATION OF INJURY","0","0","0","0","0","2","0","13","4","3","41.7752744575","-87.7031973331","POINT (-87.703197333057 41.775274457458)"
"57591895c822388e0f77e1c4c95414151c0b953af79055bdf65e1d3df21620133d0754acab353d110c2b5c7a32fac3565c3e1b70f51507bb07864ff8535ee9e0",,"2026-03-11T13:04:00.000","15","NO CONTROLS","NO CONTROLS","SNOW","UNKNOWN","PARKED MOTOR VEHICLE","PARKING LOT",,"STRAIGHT AND LEVEL","WET","NO DEFECTS","NOT ON SCENE (DESK REPORT)","NO INJURY / DRIVE AWAY",,,,"$501 - $1,500","2026-03-11T14:55:00.000","UNABLE TO DETERMINE","UNABLE TO DETERMINE","3380","W","LAWRENCE AVE","1713",,,,,,,"2","NO INDICATION OF INJURY","0","0","0","0","0","1","0","13","4","3","41.9685110544","-87.7133037635","POINT (-87.713303763451 41.968511054386)"
"5175c0af2754ea12bf07423007c68e7db881eb9147cf14ab06e0909565d0d22453d38beb980039ed9752a10e6f069508cfcd525d7e43848f16f092f088e329ae",,"2026-03-11T13:00:00.000","30","NO CONTROLS","NO CONTROLS","UNKNOWN","UNKNOWN","TURNING","NOT DIVIDED",,"STRAIGHT AND LEVEL","UNKNOWN","UNKNOWN","NOT ON SCENE (DESK REPORT)","NO INJURY / DRIVE AWAY",,,,"OVER $1,500","2026-03-11T13:47:00.000","UNABLE TO DETERMINE","NOT APPLICABLE","5929","N","LINCOLN AVE","2011",,,,,,,"2","NO INDICATION OF INJURY","0","0","0","0","0","2","0","13","4","3","41.9890077546","-87.704822442","POINT (-87.704822441991 41.989007754575)"
"922ffa44ac4144b8509937897a054828593c584c033b908bc857cbd35eeb54f5ccb4f80f4e1a2844def229eb6cb7d7cec007063ea4acaa727d7a34c52d969255",,"2026-03-11T12:57:00.000","30","TRAFFIC SIGNAL","FUNCTIONING PROPERLY","SLEET/HAIL","DAYLIGHT","PEDESTRIAN","NOT DIVIDED",,"STRAIGHT AND LEVEL","WET","NO DEFECTS","ON SCENE","INJURY AND / OR TOW DUE TO CRASH","Y",,,"$500 OR LESS","2026-03-11T13:00:00.000","FAILING TO YIELD RIGHT-OF-WAY","VISION OBSCURED (SIGNS, TREE LIMBS, BUILDINGS, ETC.)","6300","W","NORTH AVE","2513",,,,,,,"2","REPORTED, NOT EVIDENT","1","0","0","0","1","1","0","12","4","3","41.9092781532","-87.78343974","POINT (-87.783439739968 41.909278153202)"
"31bda22e9149267c15616e0213086d908b6be56d32270025f6cfaec86670ff607573e153a69d17d3b3672a0f94638100272cbdbafddcde74c20b039eb6b92fbf",,"2026-03-11T12:55:00.000","30","NO CONTROLS","NO CONTROLS","SLEET/HAIL","DAYLIGHT","PARKED MOTOR VEHICLE","DIVIDED - W/MEDIAN BARRIER",,"STRAIGHT AND LEVEL","WET","NO DEFECTS","ON SCENE","NO INJURY / DRIVE AWAY",,,"Y","$500 OR LESS","2026-03-11T13:00:00.000","UNABLE TO DETERMINE","NOT APPLICABLE","7139","S","ASHLAND AVE","734",,,,,,,"3","NO INDICATION OF INJURY","0","0","0","0","0","1","0","12","4","3","41.7637673008","-87.6636065036","POINT (-87.663606503584 41.76376730079)"
"606ee03c6de99e90fc6effe777bfa0866f3adbf6589f190b4fc749d993d4a0dc71d05f5d1ccb9287faebdca687c54bd8ad64a142b86e357f7e9c9393e243c329",,"2026-03-11T12:55:00.000","30","NO CONTROLS","NO CONTROLS","RAIN","DAYLIGHT","ANGLE","NOT DIVIDED",,"STRAIGHT AND LEVEL","WET","NO DEFECTS","NOT ON SCENE (DESK REPORT)","NO INJURY / DRIVE AWAY",,,"Y","OVER $1,500","2026-03-11T13:51:00.000","NOT APPLICABLE","NOT APPLICABLE","4699","S","PULASKI RD","821",,,,,,,"2","NO INDICATION OF INJURY","0","0","0","0","0","3","0","12","4","3","41.8079772027","-87.7234428552","POINT (-87.723442855227 41.807977202659)"
"cf7ba1e61212c077ebd0bacb9fefc882e7f93280ca45a9f88cb4a0e957e05131ed03af907bc239a1e322777b4e3e9a4ddc4d19642b4edfecb226fbf7fc2dd66b",,"2026-03-11T12:55:00.000","30","UNKNOWN","UNKNOWN","UNKNOWN","UNKNOWN","REAR END","ONE-WAY",,"STRAIGHT AND LEVEL","UNKNOWN","UNKNOWN","NOT ON SCENE (DESK REPORT)","INJURY AND / OR TOW DUE TO CRASH",,,,"OVER $1,500","2026-03-11T14:25:00.000","UNABLE TO DETERMINE","NOT APPLICABLE","1050","W","CORNELIA AVE","1924",,,,,,,"2","REPORTED, NOT EVIDENT","1","0","0","0","1","1","0","12","4","3","41.9454697053","-87.6559916585","POINT (-87.655991658475 41.945469705309)"
"d7a13c1b7c7c647da76a9b163bea9acaf7d95944f012ad3c61022d3e0aef2ca7790c3d6dd56847c183c3470ae9129e9c00c2901946d6c5fe2ae9cb7cecaa825f",,"2026-03-11T12:54:00.000","30","NO CONTROLS","NO CONTROLS","RAIN","DAYLIGHT","SIDESWIPE SAME DIRECTION","DIVIDED - W/MEDIAN (NOT RAISED)",,"STRAIGHT AND LEVEL","WET","UNKNOWN","ON SCENE","NO INJURY / DRIVE AWAY",,,,"OVER $1,500","2026-03-11T12:58:00.000","NOT APPLICABLE","NOT APPLICABLE","9040","S","COMMERCIAL AVE","423",,,,,,,"2","NO INDICATION OF INJURY","0","0","0","0","0","2","0","12","4","3","41.7306752244","-87.5514177524","POINT (-87.551417752366 41.730675224355)"
"4c7db24708bd09512fe7d38e9ec78a94cb56d843efbaba42a7aead45c72259f84211d7e48e757b5093ab7d023e7691b2e3b286213f812d62bea0e56b60eb066f",,"2026-03-11T12:50:00.000","25","NO CONTROLS","NO CONTROLS","RAIN","DAYLIGHT","SIDESWIPE SAME DIRECTION","TRAFFIC ROUTE",,"STRAIGHT AND LEVEL","WET","NO DEFECTS","NOT ON SCENE (DESK REPORT)","NO INJURY / DRIVE AWAY",,,,"OVER $1,500","2026-03-11T13:20:00.000","IMPROPER OVERTAKING/PASSING","IMPROPER OVERTAKING/PASSING","9500","S","WOOD ST","2213",,,,,,,"2","NO INDICATION OF INJURY","0","0","0","0","0","3","0","12","4","3","41.7211005274","-87.6675902621","POINT (-87.667590262094 41.721100527432)"
"d11161c5db48eef646de47f05d298a859928843b4f82968ec99906a8c77f0e116b2dee76f3cb2f1b9e60d274a4b72a402dc0afdf1f6cd27d49955c7d8a4fcefd",,"2026-03-11T12:50:00.000","30","NO CONTROLS","NO CONTROLS","RAIN","DAYLIGHT","REAR END","OTHER",,"STRAIGHT AND LEVEL","WET","NO DEFECTS","ON SCENE","NO INJURY / DRIVE AWAY",,,,"OVER $1,500","2026-03-11T14:00:00.000","UNABLE TO DETERMINE","NOT APPLICABLE","1753","E","95TH ST","431",,,,,,,"2","NO INDICATION OF INJURY","0","0","0","0","0","2","0","12","4","3","41.7222932893","-87.5804324685","POINT (-87.58043246847 41.722293289262)"
"43264f50994f282e164d0a8597b37550d1603532994cf6c169108df09ea95f1758eebb40364e160a5ddc6d49782ffda2d7c36320b63c9ed410a811d9f120aa22",,"2026-03-11T12:49:00.000","30","STOP SIGN/FLASHER","FUNCTIONING PROPERLY","FREEZING RAIN/DRIZZLE","DAYLIGHT","REAR TO SIDE","FOUR WAY",,"STRAIGHT AND LEVEL","WET","UNKNOWN","ON SCENE","INJURY AND / OR TOW DUE TO CRASH","Y",,,"OVER $1,500","2026-03-11T12:53:00.000","UNABLE TO DETERMINE","UNABLE TO DETERMINE","1701","N","ELSTON AVE","1433",,"Y",,,,,"2","NO INDICATION OF INJURY","0","0","0","0","0","2","0","12","4","3","41.9131592027","-87.6637986662","POINT (-87.663798666158 41.913159202657)"
"c454fdad6c1871fa4530fb11f9185351f412018eabb1b19e0483dadf146be77091b09f0f0cc6c9196359d06f1b90cf435a8aca69b430ed7a487fa2f53d824e00",,"2026-03-11T12:31:00.000","30","TRAFFIC SIGNAL","FUNCTIONING PROPERLY","SNOW","DAYLIGHT","SIDESWIPE SAME DIRECTION","NOT DIVIDED",,"STRAIGHT AND LEVEL","SNOW OR SLUSH","NO DEFECTS","ON SCENE","NO INJURY / DRIVE AWAY","Y",,,"$501 - $1,500","2026-03-11T12:40:00.000","IMPROPER OVERTAKING/PASSING","UNABLE TO DETERMINE","1961","N","WESTERN AVE","1434",,,,,,,"2","NO INDICATION OF INJURY","0","0","0","0","0","2","0","12","4","3","41.9175316591","-87.6872621029","POINT (-87.68726210292 41.917531659094)"
"bed24d0c4a105d143b432b92258455af6fd0aabbe775f42fa7a6b961feae296c971aeb3fc39b7757f25c6f5bc20c8704913f2b3b7e91b77ec64d38968e1932d7",,"2026-03-11T12:30:00.000","30","NO CONTROLS","NO CONTROLS","RAIN","DAYLIGHT","REAR END","NOT DIVIDED",,"STRAIGHT AND LEVEL","WET","NO DEFECTS","NOT ON SCENE (DESK REPORT)","NO INJURY / DRIVE AWAY",,,,"OVER $1,500","2026-03-11T18:09:00.000","FOLLOWING TOO CLOSELY","NOT APPLICABLE","4040","S","KEDZIE AVE","821",,,,,,,"2","NO INDICATION OF INJURY","0","0","0","0","0","3","0","12","4","3","41.8196166419","-87.7045693667","POINT (-87.704569366697 41.819616641896)"
"b0e3f18e6fdbdbee1d20d12614ae68467a35028e39ac555a1ba7668a4d2a908e43253fb9a94b6dbd43167c31bc273617d410b6a2bacabe0dc3a393a4c0d5b3ba","Y","2026-03-11T12:20:00.000","30","STOP SIGN/FLASHER","FUNCTIONING PROPERLY","RAIN","DAYLIGHT","ANGLE","FOUR WAY",,"STRAIGHT AND LEVEL","WET","NO DEFECTS","ON SCENE","INJURY AND / OR TOW DUE TO CRASH","Y",,,"OVER $1,500","2026-03-11T12:23:00.000","WEATHER","UNABLE TO DETERMINE","10800","S","EWING AVE","432",,,,,,,"2","NO INDICATION OF INJURY","0","0","0","0","0","2","0","12","4","3","41.6990125228","-87.5354279136","POINT (-87.53542791363 41.699012522767)"
"d29a3aca60f223cbb6e010b25ce2c012e4626dbf36d997a735d159a9eb5c435e0059b50e31570a14eb78c3393bfb09f8a0a6fbf35611aa1ed99dbd4cd4d34d63",,"2026-03-11T12:20:00.000","30","UNKNOWN","UNKNOWN","UNKNOWN","DAYLIGHT","PARKED MOTOR VEHICLE","ONE-WAY",,"STRAIGHT AND LEVEL","UNKNOWN","UNKNOWN","NOT ON SCENE (DESK REPORT)","NO INJURY / DRIVE AWAY",,,,"OVER $1,500","2026-03-11T15:30:00.000","UNABLE TO DETERMINE","UNABLE TO DETERMINE","912","W","ROSCOE ST","1924",,,,,,,"2","NO INDICATION OF INJURY","0","0","0","0","0","1","0","12","4","3","41.9436804852","-87.6524521019","POINT (-87.652452101865 41.943680485232)"
"bbc9c8ffad440026d9b82a8423571c875c76e91f46991019e0347a140e013ae33fc9a12903a7257ebf34fd8b16403e9bdbf9e0f3dc3b94525b9cecbf845c113e",,"2026-03-11T12:17:00.000","30","TRAFFIC SIGNAL","FUNCTIONING PROPERLY","RAIN","DAYLIGHT","TURNING","FOUR WAY",,"STRAIGHT AND LEVEL","WET","NO DEFECTS","ON SCENE","NO INJURY / DRIVE AWAY","Y",,,"OVER $1,500","2026-03-11T12:17:00.000","IMPROPER TURNING/NO SIGNAL","DRIVING SKILLS/KNOWLEDGE/EXPERIENCE","5929","N","CICERO AVE","1711",,,,,,,"2","NO INDICATION OF INJURY","0","0","0","0","0","2","0","12","4","3","41.9896142066","-87.74817871","POINT (-87.74817870996 41.989614206562)"
"82d2dcd989b0d49020fd27dc241eef1acfa3cfe82cd784849fce68294c18aeed0a420ec08939ee90c234d33dc301b55c8242c9b110780f8c68623c5abf103191",,"2026-03-11T12:08:00.000","30","NO CONTROLS","NO CONTROLS","RAIN","DAYLIGHT","PARKED MOTOR VEHICLE","NOT DIVIDED",,"STRAIGHT AND LEVEL","WET","NO DEFECTS","NOT ON SCENE (DESK REPORT)","NO INJURY / DRIVE AWAY",,,"Y","$500 OR LESS","2026-03-11T12:30:00.000","UNABLE TO DETERMINE","UNABLE TO DETERMINE","7749","S","COTTAGE GROVE AVE","624",,,,,,,"2","NO INDICATION OF INJURY","0","0","0","0","0","1","0","12","4","3","41.7534834303","-87.605115664","POINT (-87.605115664007 41.753483430286)"
"1c4d784ba6f369a619d5e57977acb54b425e2c6c836542059f947fb7ec1a45197101ea8d5a5b4e65a5bb00e6ae0345f5d7f9ac354681e52ebb2292cbe20ad227",,"2026-03-11T12:00:00.000","30","TRAFFIC SIGNAL","FUNCTIONING PROPERLY","CLOUDY/OVERCAST","DAYLIGHT","REAR END","DIVIDED - W/MEDIAN (NOT RAISED)",,"STRAIGHT AND LEVEL","DRY","NO DEFECTS","NOT ON SCENE (DESK REPORT)","NO INJURY / DRIVE AWAY","Y",,,"OVER $1,500","2026-03-11T12:35:00.000","FOLLOWING TOO CLOSELY","NOT APPLICABLE","142","W","CERMAK RD","914",,,,,,,"2","NO INDICATION OF INJURY","0","0","0","0","0","2","0","12","4","3","41.8529763032","-87.6310557756","POINT (-87.631055775643 41.852976303225)"
"3579b161b0901bae97286a5de01ea3bc215f04b6ca8ec78bb72e2f1ee589eac5c29b41dae1a9d8214424f628c4dfdd2708355f5320d63bb31fb5e50e97e87496",,"2026-03-11T12:00:00.000","20","NO CONTROLS","NO CONTROLS","CLEAR","DAYLIGHT","OTHER OBJECT","ALLEY",,"STRAIGHT AND LEVEL","DRY","NO DEFECTS","NOT ON SCENE (DESK REPORT)","NO INJURY / DRIVE AWAY",,,"Y","$501 - $1,500","2026-03-12T12:23:00.000","UNABLE TO DETERMINE","UNABLE TO DETERMINE","4645","S","KEELER AVE","815",,,,,,,"1","NO INDICATION OF INJURY","0","0","0","0","0","1","0","12","4","3","41.8083020274","-87.7283499252","POINT (-87.728349925218 41.80830202738)"
"a8ff68995d4746a61765e932b16ac78d1cdd8f546a1253e5707ed43b55157b866e6591c80cd5879209827227fd2c9f7348b56c70cbbdc011c19522746262732b",,"2026-03-11T12:00:00.000","30","UNKNOWN","UNKNOWN","UNKNOWN","UNKNOWN","TURNING","FOUR WAY",,"STRAIGHT AND LEVEL","UNKNOWN","UNKNOWN","NOT ON SCENE (DESK REPORT)","NO INJURY / DRIVE AWAY",,,,"OVER $1,500","2026-03-11T19:00:00.000","UNABLE TO DETERMINE","NOT APPLICABLE","1400","S","MICHIGAN AVE","131",,,,,,,"2","NO INDICATION OF INJURY","0","0","0","0","0","2","0","12","4","3","41.8640015435","-87.6242257291","POINT (-87.62422572914 41.86400154355)"
"fd2c24cfb2d676e2195b30752e579ad2294342d563e74a7928c22f7b013ab1788c3782e6484df3c6271ccecba2fa45c33c4f368134afe3e03132810a16b7b64a",,"2026-03-11T12:00:00.000","30","NO CONTROLS","NO CONTROLS","FREEZING RAIN/DRIZZLE","DAYLIGHT","SIDESWIPE SAME DIRECTION","DIVIDED - W/MEDIAN BARRIER",,"STRAIGHT AND LEVEL","WET","NO DEFECTS","NOT ON SCENE (DESK REPORT)","NO INJURY / DRIVE AWAY",,,,"OVER $1,500","2026-03-11T15:55:00.000","UNABLE TO DETERMINE","UNABLE TO DETERMINE","5110","N","BROADWAY","2033",,,,,,,"2","NO INDICATION OF INJURY","0","0","0","0","0","2","0","12","4","3","41.9749115778","-87.6599771362","POINT (-87.659977136217 41.974911577771)"
"a8dd48f21a56a6dbc646ea1ffda206d909602ce7133b760b37846dba35f8a2c7dda5a0017355612fd445b2330cacf13eeb34bfbea18c17b81b2785ef21d45e9c",,"2026-03-11T11:59:00.000","30","NO CONTROLS","NO CONTROLS","RAIN","DAYLIGHT","PARKED MOTOR VEHICLE","NOT DIVIDED",,"STRAIGHT AND LEVEL","WET","NO DEFECTS","ON SCENE","NO INJURY / DRIVE AWAY",,,,"OVER $1,500","2026-03-11T12:01:00.000","UNABLE TO DETERMINE","UNABLE TO DETERMINE","3710","N","PINE GROVE AVE","1925",,,,,,,"2","NO INDICATION OF INJURY","0","0","0","0","0","1","0","11","4","3","41.9500463387","-87.6469980169","POINT (-87.646998016907 41.950046338693)"
"c06caf90a2d2617339d51a4decf433b55e31b5b39fc9b220b4399fac0bdddba9eefa667811dd0c14052dc18bd74d8853a1d1f84fd83dcb48ff29527ef76e39aa",,"2026-03-11T11:42:00.000","25","NO CONTROLS","NO CONTROLS","CLEAR","DAYLIGHT","SIDESWIPE SAME DIRECTION","NOT DIVIDED",,"STRAIGHT AND LEVEL","DRY","NO DEFECTS","NOT ON SCENE (DESK REPORT)","NO INJURY / DRIVE AWAY",,,"Y","$500 OR LESS","2026-03-11T17:45:00.000","UNABLE TO DETERMINE","UNABLE TO DETERMINE","4759","S","ASHLAND AVE","933",,,,,,,"2","NO INDICATION OF INJURY","0","0","0","0","0","2","0","11","4","3","41.8068759659","-87.6647770605","POINT (-87.664777060544 41.806875965861)"
"e5229b99ddcba650f23e99dcfd2893a48731ce81cd7a26728d6dbe1f02e735b3db0d25f76138d7029f9b351786638c413ed68ac8024036e17d1723da97d26de0",,"2026-03-11T11:34:00.000","30","NO CONTROLS","NO CONTROLS","RAIN","DAYLIGHT","ANGLE","ONE-WAY",,"STRAIGHT AND LEVEL","WET","NO DEFECTS","ON SCENE","INJURY AND / OR TOW DUE TO CRASH",,,,"OVER $1,500","2026-03-11T11:35:00.000","FAILING TO YIELD RIGHT-OF-WAY","FAILING TO YIELD RIGHT-OF-WAY","45","S","KILDARE AVE","1115",,,,,,,"2","REPORTED, NOT EVIDENT","2","0","0","0","2","2","0","11","4","3","41.8797240543","-87.7328474953","POINT (-87.732847495272 41.879724054307)"
"553f10ec32ea543ee4abc8e345b60dc24cfdc265c4244ec8f0663ed7acdff8e4f912eb4535f358d6c526d2efcef77aa1d4748348d014176d8d6a531e76857921",,"2026-03-11T11:30:00.000","30","TRAFFIC SIGNAL","FUNCTIONING PROPERLY","CLEAR","DAYLIGHT","TURNING","T-INTERSECTION",,"STRAIGHT AND LEVEL","DRY","NO DEFECTS","NOT ON SCENE (DESK REPORT)","NO INJURY / DRIVE AWAY","Y",,,"OVER $1,500","2026-03-11T12:00:00.000","IMPROPER TURNING/NO SIGNAL","DRIVING SKILLS/KNOWLEDGE/EXPERIENCE","100","N","CANAL ST","121",,,,,,,"2","NO INDICATION OF INJURY","0","0","0","0","0","4","0","11","4","3","41.8832338824","-87.6398959989","POINT (-87.639895998869 41.883233882356)"
"bade13b40e8df0f55271b6354c640c51eacc1c26aa40b29d7b92c79583c4ad18688b75e3c0f512bad7a82204caee727f44367bc0205deaadfacc3455d26cf9e8",,"2026-03-11T11:30:00.000","30","TRAFFIC SIGNAL","FUNCTIONING PROPERLY","RAIN","DAYLIGHT","SIDESWIPE SAME DIRECTION","NOT DIVIDED",,"STRAIGHT AND LEVEL","WET","NO DEFECTS","NOT ON SCENE (DESK REPORT)","NO INJURY / DRIVE AWAY","Y",,,"OVER $1,500","2026-03-11T11:50:00.000","IMPROPER OVERTAKING/PASSING","FOLLOWING TOO CLOSELY","6118","N","SHERIDAN RD","2433",,,,,,,"2","NO INDICATION OF INJURY","0","0","0","0","0","2","0","11","4","3","41.9929455715","-87.6556226961","POINT (-87.655622696105 41.992945571518)"
"dd3cf40254b3242c185dfe94ec5862ee3b0d48ac2c11869a285d2973f8c3722fc3237d8225dbf8a7520274156539fc7b9502d608b94bf8500957fb14b4ef0f12",,"2026-03-11T11:25:00.000","30","NO CONTROLS","NO CONTROLS","CLEAR","DAYLIGHT","PARKED MOTOR VEHICLE","NOT DIVIDED",,"STRAIGHT AND LEVEL","DRY","NO DEFECTS","NOT ON SCENE (DESK REPORT)","NO INJURY / DRIVE AWAY",,,"Y","OVER $1,500","2026-03-11T20:00:00.000","IMPROPER TURNING/NO SIGNAL","UNABLE TO DETERMINE","301","N","JUSTINE ST","1215",,,,,,,"2","NO INDICATION OF INJURY","0","0","0","0","0","1","0","11","4","3","41.8865765215","-87.6653281214","POINT (-87.665328121402 41.886576521509)"
"1dfe9664911823dcf2b8d1ad045467d24a4252bd48cd04789e52957d3ccb1534392083a95ff7985ce62de57a905161885483820a62e0bab960550b7ada86fef5",,"2026-03-11T11:16:00.000","30","TRAFFIC SIGNAL","FUNCTIONING PROPERLY","CLEAR","DAYLIGHT","TURNING","FIVE POINT, OR MORE",,"STRAIGHT AND LEVEL","WET","SHOULDER DEFECT","ON SCENE","NO INJURY / DRIVE AWAY","Y",,,"OVER $1,500","2026-03-11T11:16:00.000","IMPROPER TURNING/NO SIGNAL","UNABLE TO DETERMINE","1644","W","ARMITAGE AVE","1432",,,,,,,"2","NO INDICATION OF INJURY","0","0","0","0","0","2","0","11","4","3","41.9180222121","-87.6693922824","POINT (-87.669392282415 41.918022212065)"
"fc93872bdc2f835ff5e1d8792bf33101cbcebc1ef9079eb27f24c4dc38b2e1a2d1d2852317871a48d30adde1c068996450daaf0a4358e366b921aeeddab65e1e",,"2026-03-11T11:11:00.000","30","NO CONTROLS","NO CONTROLS","RAIN","DAYLIGHT","SIDESWIPE SAME DIRECTION","NOT DIVIDED",,"STRAIGHT AND LEVEL","WET","NO DEFECTS","ON SCENE","INJURY AND / OR TOW DUE TO CRASH",,,,"OVER $1,500","2026-03-11T11:15:00.000","IMPROPER TURNING/NO SIGNAL","NOT APPLICABLE","3396","S","ARCHER AVE","912",,,,,,,"2","NO INDICATION OF INJURY","0","0","0","0","0","2","0","11","4","3","41.8323111125","-87.6747448953","POINT (-87.674744895306 41.832311112452)"