"crash_record_id","crash_date_est_i","crash_date","posted_speed_limit","traffic_control_device","device_condition","weather_condition","lighting_condition","first_crash_type","trafficway_type","lane_cnt","alignment","roadway_surface_cond","road_defect","report_type","crash_type","intersection_related_i","private_property_i","hit_and_run_i","damage","date_police_notified","prim_contributory_cause","sec_contributory_cause","street_no","street_direction","street_name","beat_of_occurrence","photos_taken_i","statements_taken_i","dooring_i","work_zone_i","work_zone_type","workers_present_i","num_units","most_severe_injury","injuries_total","injuries_fatal","injuries_incapacitating","injuries_non_incapacitating","injuries_reported_not_evident","injuries_no_indication","injuries_unknown","crash_hour","crash_day_of_week","crash_month","latitude","longitude","location"
"89e89ebba728d8ae51780086b3a66a25cdf4a14c1f8e3a368f67d4ad3db487ca4484e514e3bfb10e4b5f17e68761fa84be888cc5f0ca1a1bdd16c7a2cc98bad2",,"2026-03-11T11:08:00.000","30","NO CONTROLS","NO CONTROLS","CLEAR","DAYLIGHT","SIDESWIPE SAME DIRECTION","DIVIDED - W/MEDIAN (NOT RAISED)",,"STRAIGHT AND LEVEL","WET","NO DEFECTS","ON SCENE","INJURY AND / OR TOW DUE TO CRASH",,,,"OVER $1,500","2026-03-11T11:09:00.000","IMPROPER TURNING/NO SIGNAL","NOT APPLICABLE","6531","N","HARLEM AVE","1611",,,,,,,"2","NO INDICATION OF INJURY","0","0","0","0","0","4","0","11","4","3","41.9994611496","-87.8066271852","POINT (-87.806627185234 41.999461149565)"
"18dadfebaacf9697a9cdfc88a83214143ae26fe9e5b0d6c7cc7fbb996ee35e6036f5e9d42629b7f254bfb16fe48c503d1ec45ee1eb4a237d2fa7a9fc06b0a6d7",,"2026-03-11T11:06:00.000","30","TRAFFIC SIGNAL","FUNCTIONING PROPERLY","RAIN","DAYLIGHT","FIXED OBJECT","NOT DIVIDED",,"STRAIGHT AND LEVEL","WET","NO DEFECTS","ON SCENE","INJURY AND / OR TOW DUE TO CRASH",,"Y",,"OVER $1,500","2026-03-11T11:13:00.000","DISREGARDING TRAFFIC SIGNALS","WEATHER","810","W","59TH ST","712",,,,,,,"1","NO INDICATION OF INJURY","0","0","0","0","0","1","0","11","4","3","41.7871274416","-87.645487944","POINT (-87.645487943954 41.787127441561)"
"c6c522ef75336b0d70c02dccf2b36834f79e7493757090723fc886910646e4d753f63171afd8db06e9a98bcc4f84d93704f45f4a21db5205e840e23e5019e6a1",,"2026-03-11T11:06:00.000","30","TRAFFIC SIGNAL","FUNCTIONING PROPERLY","RAIN","DAYLIGHT","ANGLE","DIVIDED - W/MEDIAN (NOT RAISED)",,"STRAIGHT AND LEVEL","WET","NO DEFECTS","ON SCENE","INJURY AND / OR TOW DUE TO CRASH","Y",,,"OVER $1,500","2026-03-11T11:08:00.000","DISREGARDING TRAFFIC SIGNALS","DISTRACTION - FROM INSIDE VEHICLE","600","N","MICHIGAN AVE","1834",,,,,,,"2","NONINCAPACITATING INJURY","2","0","0","2","0","1","0","11","4","3","41.8925932255","-87.6243340479","POINT (-87.624334047949 41.892593225538)"
"b8f4b7fc62723b6e04a7b5f686463d49faaa8da6fa013c9342a244c1b6dd57169f5fe34ba55b3d13074c7a8f046d56b73235257010c8ba7927183ae79b4b57d5","N","2026-03-11T11:00:00.000","20","NO CONTROLS","NO CONTROLS","RAIN","DAYLIGHT","TURNING","ONE-WAY",,"STRAIGHT AND LEVEL","WET","NO DEFECTS","ON SCENE","NO INJURY / DRIVE AWAY",,,,"$501 - $1,500","2026-03-11T11:05:00.000","FAILING TO YIELD RIGHT-OF-WAY","UNABLE TO DETERMINE","3121","W","52ND ST","923",,,,,,,"2","NO INDICATION OF INJURY","0","0","0","0","0","3","0","11","4","3","41.7989065017","-87.7022467644","POINT (-87.702246764409 41.798906501736)"
"5378728feec44aada29477cea50e1e9e70881d61fc59d3f035f6d3f6c0536ad8938a95c32524e916a4f34b84f7a1aadf31099cb853fa4b669de69f0de3cd4de5",,"2026-03-11T10:46:00.000","15","NO CONTROLS","NO CONTROLS","CLOUDY/OVERCAST","DAYLIGHT","PARKED MOTOR VEHICLE","PARKING LOT",,"STRAIGHT AND LEVEL","WET","NO DEFECTS","ON SCENE","NO INJURY / DRIVE AWAY",,"Y",,"OVER $1,500","2026-03-11T10:52:00.000","DRIVING SKILLS/KNOWLEDGE/EXPERIENCE","UNABLE TO DETERMINE","4900","N","BERNARD ST","1712",,,,,,,"2","NO INDICATION OF INJURY","0","0","0","0","0","1","0","10","4","3","41.9702866978","-87.7147862496","POINT (-87.714786249553 41.970286697767)"
"426522b60c4398eb9f8fd5f86ca6a6f36ead5d8c6aab366b585a0076ff2ad882d802a11b1479f86a11c0d9573b4b2d95bb1e6c1f337d51922ff33692cb0ccc9e",,"2026-03-11T10:36:00.000","30","NO CONTROLS","NO CONTROLS","RAIN","DAYLIGHT","SIDESWIPE SAME DIRECTION","OTHER",,"STRAIGHT AND LEVEL","WET","NO DEFECTS","ON SCENE","NO INJURY / DRIVE AWAY",,,,"OVER $1,500","2026-03-11T10:50:00.000","UNABLE TO DETERMINE","NOT APPLICABLE","1411","E","83RD ST","412",,,,,,,"2","NO INDICATION OF INJURY","0","0","0","0","0","3","0","10","4","3","41.7440364178","-87.5899638127","POINT (-87.589963812736 41.744036417816)"
"b251455385893b9aebd776b405d64791f8659324ea97ccab6dbb5792e77591cbc7c0a61a46b3b7402c7100f4e475d4b421c243e3a2fdb4f9f3403e83c8956b3a",,"2026-03-11T10:30:00.000","25","NO CONTROLS","NO CONTROLS","CLEAR","DAYLIGHT","PARKED MOTOR VEHICLE","NOT DIVIDED",,"STRAIGHT AND LEVEL","DRY","NO DEFECTS","NOT ON SCENE (DESK REPORT)","NO INJURY / DRIVE AWAY",,,"Y","$501 - $1,500","2026-03-11T11:10:00.000","UNABLE TO DETERMINE","UNABLE TO DETERMINE","6616","S","MICHIGAN AVE","322",,,,,,,"2","NO INDICATION OF INJURY","0","0","0","0","0","2","0","10","4","3","41.7744264061","-87.6228999187","POINT (-87.622899918674 41.774426406056)"
"a1b78ed53c86771c04f0f0f7f27bd85b46961806930951716e0ada36839741729fca5dc5f11aa4621955aae7241981dc5b7748232d166b6616bc52d902e30522",,"2026-03-11T10:20:00.000","30","NO CONTROLS","NO CONTROLS","RAIN","DAYLIGHT","REAR END","FOUR WAY",,"STRAIGHT AND LEVEL","WET","NO DEFECTS","ON SCENE","INJURY AND / OR TOW DUE TO CRASH","Y",,,"OVER $1,500","2026-03-11T10:24:00.000","FOLLOWING TOO CLOSELY","NOT APPLICABLE","3800","S","ASHLAND AVE","912",,,,,,,"2","NO INDICATION OF INJURY","0","0","0","0","0","3","0","10","4","3","41.8249735798","-87.6657239592","POINT (-87.665723959205 41.824973579834)"
"f0aba2ac959f1520183fb26c9d8b635112904a044886fbf2abfb1e062d0350468396211ea662e89856d8bab37aa082dd7d54cb534bd09b3459513751bc83e322",,"2026-03-11T10:20:00.000","30","STOP SIGN/FLASHER","FUNCTIONING PROPERLY","RAIN","DAYLIGHT","TURNING","RAMP",,"STRAIGHT AND LEVEL","WET","NO DEFECTS","ON SCENE","INJURY AND / OR TOW DUE TO CRASH",,,,"OVER $1,500","2026-03-11T10:35:00.000","FAILING TO YIELD RIGHT-OF-WAY","DRIVING SKILLS/KNOWLEDGE/EXPERIENCE","666","W","LAKE ST","1214",,,,,,,"2","NO INDICATION OF INJURY","0","0","0","0","0","2","0","10","4","3","41.885801756","-87.6453278635","POINT (-87.64532786346 41.885801756029)"
"9ec9a32ca48f709811c72384906549b2f3ae368ff187972c223ba54b0b03663f87176162fde291559b4cce7dd9eb1457a8fba40806be7ff0a014db827b656ec5",,"2026-03-11T10:18:00.000","30","NO CONTROLS","NO CONTROLS","RAIN","DAYLIGHT","PARKED MOTOR VEHICLE","OTHER",,"STRAIGHT AND LEVEL","WET","UNKNOWN","NOT ON SCENE (DESK REPORT)","NO INJURY / DRIVE AWAY",,,"N","$501 - $1,500","2026-03-11T10:21:00.000","UNABLE TO DETERMINE","NOT APPLICABLE","6548","S","KEDZIE AVE","831",,,,,,,"2","NO INDICATION OF INJURY","0","0","0","0","0","3","0","10","4","3","41.7738616696","-87.7031664031","POINT (-87.703166403105 41.773861669561)"
"9531c7e708b310f0fd7a0ea65b958999bf80ade537724626d8f15e6ca01d13b7ea343aac8a8ae6fbba45d774614e0466c8186196a924c9bfb2d2a49af4c593de",,"2026-03-11T10:15:00.000","30","NO CONTROLS","NO CONTROLS","CLOUDY/OVERCAST","DAYLIGHT","SIDESWIPE SAME DIRECTION","NOT DIVIDED",,"STRAIGHT AND LEVEL","WET","NO DEFECTS","ON SCENE","NO INJURY / DRIVE AWAY",,,,"$501 - $1,500","2026-03-11T10:16:00.000","IMPROPER OVERTAKING/PASSING","NOT APPLICABLE","1021","S","WOOD ST","1231",,,,,,,"2","NO INDICATION OF INJURY","0","0","0","0","0","2","0","10","4","3","41.868609561","-87.6712517268","POINT (-87.671251726776 41.868609560997)"
"a18d32eb2865320a8197f35caa04e87eab31e54fe29d9143cc974923c729c2bdc3e01df967d6a0dcd97c3d4ed3961c01f13b0eea3c20da5787616d2405cc3050",,"2026-03-11T10:15:00.000","35","NO CONTROLS","NO CONTROLS","RAIN","DAYLIGHT","TURNING","T-INTERSECTION",,"STRAIGHT AND LEVEL","WET","NO DEFECTS","ON SCENE","NO INJURY / DRIVE AWAY","Y",,,"$500 OR LESS","2026-03-11T10:16:00.000","IMPROPER TURNING/NO SIGNAL","DRIVING SKILLS/KNOWLEDGE/EXPERIENCE","400","W","95TH ST","2223",,,,,,,"2","NO INDICATION OF INJURY","0","0","0","0","0","2","0","10","4","3","41.7217012969","-87.633557775","POINT (-87.633557775033 41.721701296874)"
"e80005e2001ede179f049c9df5df94002237afd43589b495f7ae51969ac466fa94add93926d7172485ad0f6ccc624d8bfaaf9180b2ebb9b2d75965ee632c5498",,"2026-03-11T10:15:00.000","30","TRAFFIC SIGNAL","FUNCTIONING PROPERLY","RAIN","DAYLIGHT","TURNING","FOUR WAY",,"STRAIGHT AND LEVEL","WET","UNKNOWN","ON SCENE","INJURY AND / OR TOW DUE TO CRASH","Y",,,"OVER $1,500","2026-03-11T10:18:00.000","UNABLE TO DETERMINE","NOT APPLICABLE","98","E","IDA B WELLS DR","113",,,,,,,"2","NO INDICATION OF INJURY","0","0","0","0","0","2","0","10","4","3","41.8758324041","-87.6243527094","POINT (-87.624352709406 41.875832404097)"
"f404857cf348f709347be285443cc10ff851cc3e3ae45932be7aa8ac3665bb060fb81f40afcc18bda50f21d0c58b3dc2145ffa11af299f1ac3cc17bd379636a7",,"2026-03-11T10:00:00.000","30","TRAFFIC SIGNAL","FUNCTIONING PROPERLY","CLEAR","DAYLIGHT","SIDESWIPE SAME DIRECTION","NOT DIVIDED",,"STRAIGHT AND LEVEL","WET","NO DEFECTS","ON SCENE","INJURY AND / OR TOW DUE TO CRASH",,,,"OVER $1,500","2026-03-11T10:07:00.000","IMPROPER LANE USAGE","IMPROPER OVERTAKING/PASSING","801","N","CICERO AVE","1111",,,,,,,"3","REPORTED, NOT EVIDENT","1","0","0","0","1","2","0","10","4","3","41.8950539854","-87.7456617615","POINT (-87.745661761541 41.895053985434)"
"f4d0a1458b6e1a5d33530c367f1332e1ae4ae747a3dac86aacfbba7b2373ed5f5f6d72fcbb03e80a648a5ec9f5f9738a6684a7a1a54baa6207a02b148462b44b",,"2026-03-11T10:00:00.000","30","NO CONTROLS","NO CONTROLS","RAIN","DAYLIGHT","TURNING","NOT DIVIDED",,"STRAIGHT AND LEVEL","WET","NO DEFECTS","NOT ON SCENE (DESK REPORT)","NO INJURY / DRIVE AWAY",,,"Y","$501 - $1,500","2026-03-11T18:28:00.000","UNABLE TO DETERMINE","UNABLE TO DETERMINE","401","N","WABASH AVE","1834",,,,,,,"2","NO INDICATION OF INJURY","0","0","0","0","0","2","0","10","4","3","41.8892840135","-87.6265485479","POINT (-87.626548547941 41.889284013529)"
"f268d26063206df9155525bdf8c16e4d51255fcf4c44a82d86539403d6cfeab6c66d91b58ef40d2098a8b67c7f28da0af9d936dd41dc275a0ea85a77cea9ddb1",,"2026-03-11T09:50:00.000","30","UNKNOWN","UNKNOWN","UNKNOWN","DAYLIGHT","REAR END","DIVIDED - W/MEDIAN (NOT RAISED)",,"STRAIGHT AND LEVEL","UNKNOWN","UNKNOWN",,"NO INJURY / DRIVE AWAY",,,,"OVER $1,500","2026-03-11T12:15:00.000","FOLLOWING TOO CLOSELY","FOLLOWING TOO CLOSELY","1412","N","ASHLAND AVE","1433",,,,,,,"2","NO INDICATION OF INJURY","0","0","0","0","0","2","0","9","4","3","41.9074387067","-87.6677485001","POINT (-87.667748500113 41.907438706666)"
"b429cc0d6905f4ad01f1a327a17154b99cd0a1b04234ceed816794aaf1dc28c7288e22f8c7a98b767bf9d3a792c95dbf833762f3ab2f0b6a954ffc3d3ceb44a5",,"2026-03-11T09:42:00.000","35","NO CONTROLS","NO CONTROLS","CLEAR","DARKNESS","SIDESWIPE SAME DIRECTION","T-INTERSECTION",,"STRAIGHT AND LEVEL","DRY","NO DEFECTS","ON SCENE","NO INJURY / DRIVE AWAY","Y",,"Y","OVER $1,500","2026-03-11T09:53:00.000","IMPROPER OVERTAKING/PASSING","NOT APPLICABLE","9300","S","JEFFERY AVE","413",,,,,,,"2","NO INDICATION OF INJURY","0","0","0","0","0","3","0","9","4","3","41.7260228502","-87.5755902772","POINT (-87.575590277239 41.726022850207)"
"10ddff68c43ad9f12fea3e5b2685cd59f0db69fd42017a4b25544884a4e3469f6e65e3a2f2a4f0d7f0c73d856e3bf447b1d2c57e70eae0b8cbd5dbb61002fc28",,"2026-03-11T09:40:00.000","30","TRAFFIC SIGNAL","FUNCTIONING PROPERLY","CLEAR","DAYLIGHT","TURNING","DIVIDED - W/MEDIAN BARRIER",,"STRAIGHT AND LEVEL","DRY","NO DEFECTS","NOT ON SCENE (DESK REPORT)","NO INJURY / DRIVE AWAY","Y",,,"OVER $1,500","2026-03-11T10:15:00.000","UNABLE TO DETERMINE","UNABLE TO DETERMINE","100","W","CERMAK RD","131",,,,,,,"2","NO INDICATION OF INJURY","0","0","0","0","0","2","0","9","4","3","41.8529912193","-87.629386933","POINT (-87.629386933044 41.852991219253)"
"aaa0aa0e87db65160156e9455f87a487a79ea51e79c0405399820399d361c84771330157e59cf1e4c11e9436fa1e7bb89e15a267af2816b3f94e6498e2265984",,"2026-03-11T09:40:00.000","30","NO CONTROLS","NO CONTROLS","RAIN","DAYLIGHT","PARKED MOTOR VEHICLE","ONE-WAY",,"STRAIGHT AND LEVEL","WET","NO DEFECTS","ON SCENE","NO INJURY / DRIVE AWAY",,,,"OVER $1,500","2026-03-11T11:11:00.000","DRIVING SKILLS/KNOWLEDGE/EXPERIENCE","NOT APPLICABLE","1422","N","HOYNE AVE","1424",,,,,,,"3","NO INDICATION OF INJURY","0","0","0","0","0","1","0","9","4","3","41.9078402436","-87.6799834991","POINT (-87.679983499077 41.907840243587)"
"9b7d7705e32accadc1c505503b1439d0151d4e9bf34364cac86abbf725f32a12284c6fe2ccde9e705fa124a4a3cd01bed0bdf962b2ce8a79d5b4d81757bb2483",,"2026-03-11T09:32:00.000","30","TRAFFIC SIGNAL","FUNCTIONING PROPERLY","CLOUDY/OVERCAST","DAYLIGHT","REAR END","RAMP",,"CURVE ON GRADE","WET","NO DEFECTS","NOT ON SCENE (DESK REPORT)","NO INJURY / DRIVE AWAY","Y",,,"OVER $1,500","2026-03-11T11:45:00.000","FAILING TO YIELD RIGHT-OF-WAY","FAILING TO YIELD RIGHT-OF-WAY","500","N","LAKE SHORE DR","1834",,,,,,,"2","NO INDICATION OF INJURY","0","0","0","0","0","3","0","9","4","3","41.8911183327","-87.6143846846","POINT (-87.614384684631 41.891118332732)"
"a75ded45788cecca39d2e6804fac0b4a8fd6de7d4a56867611f3b7684bc26ad4fb43c9f4790e0ea03c6c11ebdbd6fa553f4059f2c9ef3cbbd9553c3e696d9088",,"2026-03-11T09:30:00.000","20","NO CONTROLS","NO CONTROLS","CLOUDY/OVERCAST","DAYLIGHT","PARKED MOTOR VEHICLE","DIVIDED - W/MEDIAN (NOT RAISED)",,"STRAIGHT AND LEVEL","WET","NO DEFECTS","NOT ON SCENE (DESK REPORT)","NO INJURY / DRIVE AWAY",,,,"$501 - $1,500","2026-03-11T10:10:00.000","IMPROPER OVERTAKING/PASSING","UNABLE TO DETERMINE","1801","W","13TH ST","1233",,,,,,,"2","NO INDICATION OF INJURY","0","0","0","0","0","2","0","9","4","3","41.8648993527","-87.6714180394","POINT (-87.6714180394 41.864899352697)"
"c6d113d103fa34590aa5f40d8509d30563a676461b38211b3adc77eb7709dd965ba2e70642fdc7deecd444f1627daf7dab5908247e4a3e9ae99bae9d2b6d23dd",,"2026-03-11T09:25:00.000","30","TRAFFIC SIGNAL","FUNCTIONING PROPERLY","RAIN","DAYLIGHT","REAR END","NOT DIVIDED",,"STRAIGHT ON GRADE","WET","NO DEFECTS","ON SCENE","NO INJURY / DRIVE AWAY",,,,"OVER $1,500","2026-03-11T09:26:00.000","FAILING TO REDUCE SPEED TO AVOID CRASH","UNABLE TO DETERMINE","3358","N","KIMBALL AVE","1732",,,,,,,"2","NO INDICATION OF INJURY","0","0","0","0","0","2","0","9","4","3","41.9424321207","-87.7127496384","POINT (-87.712749638384 41.942432120709)"
"1a3d58f81fe325a06a230e2d11765533d312a4763c98a236927142bedf13a7fba13762d60354efd838358c65e477f4e1010d3d710a4ba6a8f785c368cfef3dc0",,"2026-03-11T09:22:00.000","30","STOP SIGN/FLASHER","FUNCTIONING PROPERLY","CLEAR","DAYLIGHT","REAR END","NOT DIVIDED",,"STRAIGHT AND LEVEL","DRY","NO DEFECTS","ON SCENE","NO INJURY / DRIVE AWAY",,,,"OVER $1,500","2026-03-11T09:25:00.000","FOLLOWING TOO CLOSELY","NOT APPLICABLE","498","S","CLARK ST","122",,,,,,,"2","NO INDICATION OF INJURY","0","0","0","0","0","2","0","9","4","3","41.8756706525","-87.6308589554","POINT (-87.630858955362 41.875670652487)"
"4baa8f8d7ab89058494ad2cf2cb25eb06db724578a0dc86d489d238bb74aa73f19ef0606284e2ee511c896423a91891e7e2324ee3749fbdb736e24e1b5ccd727",,"2026-03-11T09:20:00.000","30","STOP SIGN/FLASHER","FUNCTIONING PROPERLY","CLEAR","DAYLIGHT","ANGLE","DIVIDED - W/MEDIAN (NOT RAISED)",,"STRAIGHT AND LEVEL","DRY","NO DEFECTS","NOT ON SCENE (DESK REPORT)","NO INJURY / DRIVE AWAY",,,,"$501 - $1,500","2026-03-11T09:40:00.000","FAILING TO YIELD RIGHT-OF-WAY","NOT APPLICABLE","3245","W","ADDISON ST","1733",,,,,,,"2","NO INDICATION OF INJURY","0","0","0","0","0","2","0","9","4","3","41.9464969358","-87.70969587","POINT (-87.709695870028 41.946496935817)"
"6c0c908d26450b7aa7af89fefffb32a3877717497ca04c62615ffe7ddcb01e6c5e70fa5cdb11ee395632eece20f03d3428bee11ac269c59ea6f597dcd7d983ba",,"2026-03-11T09:20:00.000","30","NO CONTROLS","NO CONTROLS","RAIN","DAYLIGHT","PARKED MOTOR VEHICLE","ONE-WAY",,"STRAIGHT ON HILLCREST","WET","NO DEFECTS","ON SCENE","NO INJURY / DRIVE AWAY",,,,"OVER $1,500","2026-03-11T09:24:00.000","EQUIPMENT - VEHICLE CONDITION","EQUIPMENT - VEHICLE CONDITION","2654","W","HOMER ST","1421",,,,,,,"5",,,,,,,,,"9","4","3","41.9167126423","-87.6944484248","POINT (-87.694448424822 41.916712642324)"
"36eb1290c549d55cb9ac064a76ae419ef9f400560d05df64fdc9c16197569d03fbc395399c85c4f49b44fa51eaf580182b3bdab9dfa44db18d6860b5593201f5",,"2026-03-11T09:05:00.000","30","TRAFFIC SIGNAL","FUNCTIONING PROPERLY","CLOUDY/OVERCAST","DAYLIGHT","TURNING","FOUR WAY",,"STRAIGHT AND LEVEL","WET","UNKNOWN","ON SCENE","INJURY AND / OR TOW DUE TO CRASH","Y",,"Y","OVER $1,500","2026-03-11T09:10:00.000","FAILING TO REDUCE SPEED TO AVOID CRASH","TURNING RIGHT ON RED","4458","W","LAWRENCE AVE","1712",,,,,,,"2","NO INDICATION OF INJURY","0","0","0","0","0","3","0","9","4","3","41.9682178779","-87.7401185475","POINT (-87.740118547518 41.968217877946)"
"5622fb026f08b5aecc0cebe3a91206b581db7d2b152b774780fcc70dd5420d546130260055e53515957cd8816b4f571fcf65bfd0c2246691a8dd48d9e85eb2c2",,"2026-03-11T09:05:00.000","10","NO CONTROLS","NO CONTROLS","CLOUDY/OVERCAST","DAYLIGHT","REAR END","PARKING LOT",,"STRAIGHT AND LEVEL","UNKNOWN","UNKNOWN","NOT ON SCENE (DESK REPORT)","NO INJURY / DRIVE AWAY",,,,"OVER $1,500","2026-03-11T09:40:00.000","FOLLOWING TOO CLOSELY","UNABLE TO DETERMINE","600","S","PAULINA ST","1231",,,,,,,"2","NO INDICATION OF INJURY","0","0","0","0","0","2","0","9","4","3","41.8740930099","-87.66925602","POINT (-87.669256020023 41.874093009902)"
"4bb89e682253aa1ad7611c2357a0e216fe7b796074f858b4bdc469656262d798a39c201a422c19da4afdae38cd74523b30d9eacf2def8308d5aae9bb131d1bdd",,"2026-03-11T09:01:00.000","30","TRAFFIC SIGNAL","FUNCTIONING PROPERLY","RAIN","DAYLIGHT","TURNING","FOUR WAY",,"STRAIGHT AND LEVEL","WET","NO DEFECTS","ON SCENE","INJURY AND / OR TOW DUE TO CRASH","Y",,,"OVER $1,500","2026-03-11T09:01:00.000","FAILING TO REDUCE SPEED TO AVOID CRASH","FAILING TO YIELD RIGHT-OF-WAY","3158","W","47TH ST","922",,,,,,,"3","NONINCAPACITATING INJURY","2","0","0","2","0","2","0","9","4","3","41.8082239436","-87.7039108748","POINT (-87.703910874796 41.808223943591)"
"44d44a358723fad329d97d5cf68a6e1d10c346364d759c4c497df86f1b59189961680ec9d754dbc4b0fb2cba78cbb2759a4fd9a3bc9e0ff3bc67a6ba2767e8da",,"2026-03-11T09:00:00.000","30","TRAFFIC SIGNAL","FUNCTIONING PROPERLY","CLEAR","DAYLIGHT","TURNING","FOUR WAY",,"STRAIGHT AND LEVEL","WET","NO DEFECTS",,"NO INJURY / DRIVE AWAY","Y",,,"OVER $1,500","2026-03-11T10:05:00.000","FAILING TO REDUCE SPEED TO AVOID CRASH","IMPROPER LANE USAGE","530","N","LA SALLE DR","1831",,,,,,,"2","NO INDICATION OF INJURY","0","0","0","0","0","2","0","9","4","3","41.891682324","-87.6327307134","POINT (-87.632730713447 41.891682323987)"
"ca45eb30831060a6b83d2368ab8a1af7bff056ab0e46cb7630644a1875e18cf744753911989033b17ae23062f9c499c533ec87e61c1c8a20fe19afda49605bd5",,"2026-03-11T09:00:00.000","30","NO CONTROLS","NO CONTROLS","RAIN","DAYLIGHT","REAR END","NOT DIVIDED",,"STRAIGHT AND LEVEL","DRY","NO DEFECTS","NOT ON SCENE (DESK REPORT)","INJURY AND / OR TOW DUE TO CRASH",,,,"OVER $1,500","2026-03-11T09:30:00.000","UNABLE TO DETERMINE","UNABLE TO DETERMINE","1800","W","IRVING PARK RD","1912",,,,,,,"2","REPORTED, NOT EVIDENT","1","0","0","0","1","1","0","9","4","3","41.9543238379","-87.6743208369","POINT (-87.674320836882 41.954323837944)"
"e9fd5b5586da1633b0b990e3f84fc049f2a98a705d23873e17b37106c5167d678ada40e988e6f5b9189bfbc4c8bbf00e2f174947cfb124fbd7a6ac1e9cc74c4c",,"2026-03-11T09:00:00.000","30","STOP SIGN/FLASHER","FUNCTIONING PROPERLY","RAIN","DAYLIGHT","TURNING","NOT DIVIDED",,"STRAIGHT AND LEVEL","WET","NO DEFECTS","NOT ON SCENE (DESK REPORT)","NO INJURY / DRIVE AWAY","Y",,"Y","$501 - $1,500","2026-03-11T09:30:00.000","UNABLE TO DETERMINE","UNABLE TO DETERMINE","3334","N","CALIFORNIA AVE","1733",,,,,,,"2","NO INDICATION OF INJURY","0","0","0","0","0","2","0","9","4","3","41.9427431254","-87.698069507","POINT (-87.698069507028 41.942743125404)"
"9eea7e45b69ce1db27ec82df1ae95862b3d2913016c7786d9a66c10c60759f4c43cf5ecfd6ebb75e5b01e864716c6cda713fb451dd818b5724ecdcbcb06b007d",,"2026-03-11T08:54:00.000","30","STOP SIGN/FLASHER","FUNCTIONING PROPERLY","CLOUDY/OVERCAST","DAYLIGHT","TURNING","FOUR WAY",,"STRAIGHT AND LEVEL","WET","NO DEFECTS","NOT ON SCENE (DESK REPORT)","NO INJURY / DRIVE AWAY","Y",,,"OVER $1,500","2026-03-11T09:30:00.000","FAILING TO YIELD RIGHT-OF-WAY","NOT APPLICABLE","1700","W","CORTLAND ST","1433",,,,,,,"2","NO INDICATION OF INJURY","0","0","0","0","0","2","0","8","4","3","41.9161822713","-87.6703413843","POINT (-87.670341384273 41.916182271333)"
"d24387d334df5d099a5b8e4abbb9ab62644b4e8cd9643c29aca762106bf917cb98ffd52161306eba25a0cc123c349c6e1e59c0c5c211e5dfd8bf954053c772ae",,"2026-03-11T08:54:00.000","25","NO CONTROLS","NO CONTROLS","CLEAR","DAYLIGHT","PEDESTRIAN","OTHER",,"STRAIGHT AND LEVEL","DRY","UNKNOWN","NOT ON SCENE (DESK REPORT)","INJURY AND / OR TOW DUE TO CRASH",,,"Y","$500 OR LESS","2026-03-11T21:30:00.000","OPERATING VEHICLE IN ERRATIC, RECKLESS, CARELESS, NEGLIGENT OR AGGRESSIVE MANNER","NOT APPLICABLE","5330","N","WESTERN AVE","2011","Y",,,,,,"2","NONINCAPACITATING INJURY","1","0","0","1","0","1","0","8","4","3","41.9786409664","-87.6894045636","POINT (-87.689404563649 41.978640966417)"
"933050a261134e7626072f697baa98abb1aeedce84e28294e07c09ca8615d00f67703305842715d4f4a2a4ba959750bb0c4c40ba56617bf9d1226b9fe404dc57",,"2026-03-11T08:50:00.000","30","NO CONTROLS","NO CONTROLS","RAIN","DAYLIGHT","ANGLE","NOT DIVIDED",,"STRAIGHT AND LEVEL","WET","NO DEFECTS","ON SCENE","NO INJURY / DRIVE AWAY",,,,"OVER $1,500","2026-03-11T08:57:00.000","IMPROPER BACKING","NOT APPLICABLE","5137","W","FULTON ST","1532",,,,,,,"2","NO INDICATION OF INJURY","0","0","0","0","0","5","0","8","4","3","41.8855441628","-87.7542678419","POINT (-87.754267841902 41.885544162837)"
"bb5682a5f929517c3e24ceb9caa43cedddf300a9d1cbae453d0d28ccb6907c97023bbb58353c4813a55c86b396e222dd41ce495e7dd5e80380b716b99d71e632",,"2026-03-11T08:45:00.000","30","TRAFFIC SIGNAL","FUNCTIONING PROPERLY","RAIN","DAYLIGHT","TURNING","NOT DIVIDED",,"STRAIGHT AND LEVEL","WET","NO DEFECTS",,"NO INJURY / DRIVE AWAY",,,,"OVER $1,500","2026-03-11T12:30:00.000","IMPROPER TURNING/NO SIGNAL","NOT APPLICABLE","3600","N","LARAMIE AVE","1634",,,,,,,"2","NO INDICATION OF INJURY","0","0","0","0","0","3","0","8","4","3","41.9460441027","-87.7570697037","POINT (-87.757069703693 41.946044102655)"
"d7780ef0b354e2190d4364b2238279642c376262f02922b8ae8bcec03f80b2975f3bc2e80ba01bf382b837c0c1b027ef38f4c0e3311aab6d312bc35c8ccd29a6",,"2026-03-11T08:44:00.000","30","TRAFFIC SIGNAL","FUNCTIONING PROPERLY","CLOUDY/OVERCAST","DAYLIGHT","REAR END","DIVIDED - W/MEDIAN (NOT RAISED)",,"STRAIGHT AND LEVEL","WET","NO DEFECTS","ON SCENE","NO INJURY / DRIVE AWAY","Y",,,"OVER $1,500","2026-03-13T07:18:00.000","FOLLOWING TOO CLOSELY","NOT APPLICABLE","5530","N","MILWAUKEE AVE","1622",,,,,,,"2","NO INDICATION OF INJURY","0","0","0","0","0","3","0","8","4","3","41.9822897758","-87.7739604884","POINT (-87.773960488362 41.982289775766)"