"crash_record_id","crash_date_est_i","crash_date","posted_speed_limit","traffic_control_device","device_condition","weather_condition","lighting_condition","first_crash_type","trafficway_type","lane_cnt","alignment","roadway_surface_cond","road_defect","report_type","crash_type","intersection_related_i","private_property_i","hit_and_run_i","damage","date_police_notified","prim_contributory_cause","sec_contributory_cause","street_no","street_direction","street_name","beat_of_occurrence","photos_taken_i","statements_taken_i","dooring_i","work_zone_i","work_zone_type","workers_present_i","num_units","most_severe_injury","injuries_total","injuries_fatal","injuries_incapacitating","injuries_non_incapacitating","injuries_reported_not_evident","injuries_no_indication","injuries_unknown","crash_hour","crash_day_of_week","crash_month","latitude","longitude","location"
"d39a4d103b85e35d44054020cb8f70bc691b20064546e3ef0f0300a786c4cce04dd11b1dbb0bcb06e0938d7b42d3cc3392eb748f8eb2d5e1135307bac40ee677",,"2026-03-11T08:40:00.000","30","NO CONTROLS","NO CONTROLS","RAIN","DAYLIGHT","REAR END","NOT DIVIDED",,"STRAIGHT AND LEVEL","WET","NO DEFECTS",,"NO INJURY / DRIVE AWAY",,,,"OVER $1,500","2026-03-11T21:39:00.000","DRIVING SKILLS/KNOWLEDGE/EXPERIENCE","FOLLOWING TOO CLOSELY","4225","S","CALIFORNIA AVE","921",,,,,,,"3","NO INDICATION OF INJURY","0","0","0","0","0","4","0","8","4","3","41.8165951557","-87.694312299","POINT (-87.694312299021 41.816595155707)"
"9b9ac6914579071fa523ad44500ffe01806aa2745a0f2b66c6f5c0c9dfe115889597747c91d5d04e82d96f0c070785c4e2f1186d789e84597705fbf564d7c53b",,"2026-03-11T08:38:00.000","30","TRAFFIC SIGNAL","FUNCTIONING PROPERLY","RAIN","DAYLIGHT","SIDESWIPE SAME DIRECTION","DIVIDED - W/MEDIAN BARRIER",,"STRAIGHT AND LEVEL","WET","NO DEFECTS","NOT ON SCENE (DESK REPORT)","NO INJURY / DRIVE AWAY",,,,"$500 OR LESS","2026-03-11T12:40:00.000","DRIVING SKILLS/KNOWLEDGE/EXPERIENCE","NOT APPLICABLE","2036","N","KEDZIE AVE","1413",,,,,,,"2","NO INDICATION OF INJURY","0","0","0","0","0","2","0","8","4","3","41.9185037074","-87.7071545897","POINT (-87.707154589662 41.918503707446)"
"b164879a64c92694aea8508c739fcb57130ddf755fdb6941cfd837190ceba995cecc3f8785f6a24c0a160a096cd9168ed10b7f844bde519aa8999783f68ddec5",,"2026-03-11T08:33:00.000","30","NO CONTROLS","NO CONTROLS","CLOUDY/OVERCAST","DAYLIGHT","SIDESWIPE OPPOSITE DIRECTION","NOT DIVIDED",,"STRAIGHT AND LEVEL","WET","NO DEFECTS","ON SCENE","NO INJURY / DRIVE AWAY",,,"Y","OVER $1,500","2026-03-11T08:35:00.000","OPERATING VEHICLE IN ERRATIC, RECKLESS, CARELESS, NEGLIGENT OR AGGRESSIVE MANNER","OPERATING VEHICLE IN ERRATIC, RECKLESS, CARELESS, NEGLIGENT OR AGGRESSIVE MANNER","802","E","63RD ST","313",,,,,,,"3","NO INDICATION OF INJURY","0","0","0","0","0","4","0","8","4","3","41.7805225488","-87.6057870932","POINT (-87.605787093247 41.780522548801)"
"db3a67b3b327cd99a373f4e3d61da0607a3f27f3fff9cc6cddf623d94a0ce6d44f34584e80bd10654c22491c641a98953c40ed254f8e8ed9ef264a5fc17238b8",,"2026-03-11T08:30:00.000","30","TRAFFIC SIGNAL","FUNCTIONING PROPERLY","RAIN","DAYLIGHT","TURNING","DIVIDED - W/MEDIAN (NOT RAISED)",,"STRAIGHT AND LEVEL","WET","UNKNOWN","NOT ON SCENE (DESK REPORT)","NO INJURY / DRIVE AWAY",,,,"OVER $1,500","2026-03-11T08:58:00.000","UNABLE TO DETERMINE","UNABLE TO DETERMINE","1613","W","LAWRENCE AVE","1912",,,,,,,"2","NO INDICATION OF INJURY","0","0","0","0","0","2","0","8","4","3","41.968765065","-87.6700178264","POINT (-87.670017826373 41.968765065029)"
"fe08f65b9a4dbcf38ec66a9be943fb16174f62eb82ccd3c4175c808b69437e3cd9b7dfc58297395ff86f872bc6fc72f8effb52f840c6ad17016a13e6af8c2b46",,"2026-03-11T08:30:00.000","30","NO CONTROLS","NO CONTROLS","FOG/SMOKE/HAZE","DAYLIGHT","SIDESWIPE SAME DIRECTION","RAMP",,"STRAIGHT AND LEVEL","WET","NO DEFECTS","NOT ON SCENE (DESK REPORT)","NO INJURY / DRIVE AWAY",,,,"OVER $1,500","2026-03-11T09:50:00.000","FAILING TO YIELD RIGHT-OF-WAY","FAILING TO YIELD RIGHT-OF-WAY","10","N","CLINTON ST","121",,,,,,,"2","NO INDICATION OF INJURY","0","0","0","0","0","4","0","8","4","3","41.8821729052","-87.6413494409","POINT (-87.641349440945 41.88217290517)"
"39e89f5cb1ce89b31340454cc1c13c3543b1fba3fa461221a4e7bd9ba7b0f85840e2131b7b27c3d82a64d6d531d7cc9295129957c2c5ffe3102df2892098cd6b",,"2026-03-11T08:28:00.000","30","NO CONTROLS","NO CONTROLS","RAIN","DAYLIGHT","TURNING","NOT DIVIDED",,"STRAIGHT AND LEVEL","WET","NO DEFECTS","NOT ON SCENE (DESK REPORT)","NO INJURY / DRIVE AWAY",,,,"OVER $1,500","2026-03-11T16:15:00.000","UNABLE TO DETERMINE","UNABLE TO DETERMINE","2656","N","ELSTON AVE","1432",,,,,,,"2","NO INDICATION OF INJURY","0","0","0","0","0","2","0","8","4","3","41.9298489966","-87.6846437835","POINT (-87.684643783527 41.929848996597)"
"311ce3e0bca9d21a690efa433f20c24860b702d9a8a572c7b7775910c6e0bbd7dde1db6f1eeec0239ebed9e9b9614a7cc6954be52f7fddd8c6705a92416c2dae",,"2026-03-11T08:20:00.000","30","NO CONTROLS","NO CONTROLS","RAIN","DAYLIGHT","TURNING","NOT DIVIDED",,"STRAIGHT AND LEVEL","WET","NO DEFECTS","NOT ON SCENE (DESK REPORT)","NO INJURY / DRIVE AWAY",,,,"OVER $1,500","2026-03-11T08:35:00.000","FAILING TO YIELD RIGHT-OF-WAY","UNABLE TO DETERMINE","2633","W","59TH ST","824",,,,,,,"2","NO INDICATION OF INJURY","0","0","0","0","0","2","0","8","4","3","41.7863562451","-87.6899944201","POINT (-87.689994420126 41.786356245134)"
"041f99dbb08cd608545f80320a20ac27be830e170efb40fba8f6e61949d94c60d0a1a7bb0fdc567b83d7e3a8ff6abb4dc185d21276721f68a98084424bc29e71",,"2026-03-11T08:15:00.000","20","NO CONTROLS","NO CONTROLS","CLEAR","DAYLIGHT","PARKED MOTOR VEHICLE","PARKING LOT",,"STRAIGHT AND LEVEL","UNKNOWN","UNKNOWN","NOT ON SCENE (DESK REPORT)","NO INJURY / DRIVE AWAY",,"Y",,"OVER $1,500","2026-03-11T08:40:00.000","IMPROPER BACKING","NOT APPLICABLE","4821","N","KEDZIE AVE","1713",,,,,,,"2","NO INDICATION OF INJURY","0","0","0","0","0","2","0","8","4","3","41.9691104171","-87.7083494666","POINT (-87.708349466551 41.969110417087)"
"894f5c3212b433d12860c9cf1128d4c037f31dd8f90366d76b4673720a066c03d65894270bc83affe4e0a229b09dea1b94142084409967bf11031a3ef873a16a","Y","2026-03-11T08:15:00.000","30","NO CONTROLS","NO CONTROLS","FOG/SMOKE/HAZE","DAYLIGHT","PARKED MOTOR VEHICLE","NOT DIVIDED",,"STRAIGHT AND LEVEL","WET","NO DEFECTS","ON SCENE","NO INJURY / DRIVE AWAY",,,"Y","$501 - $1,500","2026-03-11T08:31:00.000","IMPROPER LANE USAGE","NOT APPLICABLE","7150","S","JEFFERY BLVD","333",,,,,,,"2","NO INDICATION OF INJURY","0","0","0","0","0","1","0","8","4","3","41.7646080915","-87.5764139556","POINT (-87.576413955611 41.764608091493)"
"a2410b5f1180c35da0ea6addd7470ed82dd945701e714d67d63887598df55de08b268972798e69e34c64b09f520742d55aca0239ced2bdc2974eedbd3dcc770e",,"2026-03-11T08:15:00.000","10","NO CONTROLS","NO CONTROLS","RAIN","DAYLIGHT","SIDESWIPE SAME DIRECTION","ALLEY",,"STRAIGHT AND LEVEL","WET","NO DEFECTS","NOT ON SCENE (DESK REPORT)","NO INJURY / DRIVE AWAY",,,,"$501 - $1,500","2026-03-11T08:38:00.000","UNABLE TO DETERMINE","UNABLE TO DETERMINE","4020","W","IRVING PARK RD","1722",,,,,,,"2","NO INDICATION OF INJURY","0","0","0","0","0","2","0","8","4","3","41.9537526998","-87.7281931249","POINT (-87.728193124938 41.953752699791)"
"f958c4486b1c060625aab4b6bad4fbe5649e7fd2e11a5985d831e56059819d3118fb6ae46c5f61e432478c6f3cc4a9e7c4c30587543351960fb4ac25c65cb210","Y","2026-03-11T08:11:00.000","30","NO CONTROLS","NO CONTROLS","RAIN","DAYLIGHT","TURNING","DIVIDED - W/MEDIAN (NOT RAISED)",,"STRAIGHT AND LEVEL","WET","NO DEFECTS","ON SCENE","NO INJURY / DRIVE AWAY",,,,"OVER $1,500","2026-03-11T08:13:00.000","FAILING TO YIELD RIGHT-OF-WAY","UNABLE TO DETERMINE","8655","S","MORGAN ST","613",,,,,,,"2","NO INDICATION OF INJURY","0","0","0","0","0","2","0","8","4","3","41.7362071884","-87.6483453825","POINT (-87.648345382539 41.73620718835)"
"35d90147ed24cb1d60f43502d568c0b8201c71fdf7a6fcbe359620e806a17dbe6ada29051db11f1cd2c39e91a892d1d36b54f7c4df839f2561c368b6f8cdef9d",,"2026-03-11T08:09:00.000","30","TRAFFIC SIGNAL","FUNCTIONING PROPERLY","RAIN","DAYLIGHT","ANGLE","NOT DIVIDED",,"STRAIGHT AND LEVEL","WET","NO DEFECTS","ON SCENE","NO INJURY / DRIVE AWAY","Y",,,"OVER $1,500","2026-03-11T08:09:00.000","DISREGARDING TRAFFIC SIGNALS","DISREGARDING TRAFFIC SIGNALS","3900","S","WESTERN BLVD","921",,,,,,,"2","NO INDICATION OF INJURY","0","0","0","0","0","5","0","8","4","3","41.8229636279","-87.6843847854","POINT (-87.684384785413 41.82296362788)"
"373b91d8a0ba4e9f8124ea447e3b37722ec0fb6ad9b8714306979b7ce298924976ba1d79d6cd671b859e413c2c47d75a1251a43248d6c11fcdc5ca3d9acba16c",,"2026-03-11T08:05:00.000","10","NO CONTROLS","NO CONTROLS","RAIN","DAYLIGHT","TURNING","ALLEY",,"STRAIGHT AND LEVEL","WET","NO DEFECTS","NOT ON SCENE (DESK REPORT)","NO INJURY / DRIVE AWAY",,,,"OVER $1,500","2026-03-11T09:34:00.000","UNABLE TO DETERMINE","UNABLE TO DETERMINE","5703","W","57TH ST","811",,,,,,,"2","NO INDICATION OF INJURY","0","0","0","0","0","2","0","8","4","3","41.7889072411","-87.7648615304","POINT (-87.764861530443 41.788907241131)"
"52aed47ec02e0835a9b880cdbbe36aaebf82431a4d53accee0762138fcfc8d920bbf0b733553a317cf45d0cf070f139df927fd557a5f5ecc1f11d3425c03a4a9",,"2026-03-11T08:05:00.000","30","NO CONTROLS","NO CONTROLS","RAIN","DAYLIGHT","TURNING","NOT DIVIDED",,"STRAIGHT AND LEVEL","WET","NO DEFECTS","NOT ON SCENE (DESK REPORT)","INJURY AND / OR TOW DUE TO CRASH",,,,"OVER $1,500","2026-03-11T09:35:00.000","WEATHER","UNABLE TO DETERMINE","3230","S","KOSTNER AVE","1031",,,,,,,"2","NO INDICATION OF INJURY","0","0","0","0","0","2","0","8","4","3","41.8340072849","-87.7341466647","POINT (-87.734146664693 41.834007284865)"
"d6d62c0bcf49a72a3f6eb256e88ad05d25f6034dd9c588b9c3c2715edb271c8754ad534cfedb108f524f323820489a7006065b6cea6d7f7eb0d0c6dbb5a5d89c",,"2026-03-11T08:05:00.000","30","TRAFFIC SIGNAL","FUNCTIONING IMPROPERLY","CLEAR","DAYLIGHT","TURNING","FOUR WAY",,"STRAIGHT AND LEVEL","WET","NO DEFECTS","ON SCENE","NO INJURY / DRIVE AWAY","Y",,,"OVER $1,500","2026-03-11T08:07:00.000","FAILING TO YIELD RIGHT-OF-WAY","UNABLE TO DETERMINE","4400","N","CICERO AVE","1623",,,,,,,"2","NO INDICATION OF INJURY","0","0","0","0","0","2","0","8","4","3","41.9607900227","-87.7476893588","POINT (-87.747689358768 41.960790022702)"
"641d8cf383580af9a216ce630f8c95e49a76e3770104642b7722fc98201ae52efd5ed756600314787ad66d9609e1a1327fed58148c9fbbf38ecf4cba4d0f6810","Y","2026-03-11T08:00:00.000","30","NO CONTROLS","NO CONTROLS","FREEZING RAIN/DRIZZLE","DAYLIGHT","PARKED MOTOR VEHICLE","FOUR WAY",,"STRAIGHT AND LEVEL","WET","NO DEFECTS","ON SCENE","NO INJURY / DRIVE AWAY","Y",,"Y","OVER $1,500","2026-03-11T19:48:00.000","WEATHER","FAILING TO REDUCE SPEED TO AVOID CRASH","4204","S","FRANCISCO AVE","921",,,,,,,"2","NO INDICATION OF INJURY","0","0","0","0","0","1","0","8","4","3","41.8171200767","-87.6970740582","POINT (-87.697074058199 41.817120076688)"
"78b802887c2b3c8769a8ee259ebe350233b960ab9d6520d0e70f4678277b6e36c372ff7ba29a846d551d8d71ae930a61284da4281eb321a3f0881d17de368cc6",,"2026-03-11T08:00:00.000","30","NO CONTROLS","NO CONTROLS","RAIN","DAYLIGHT","TURNING","NOT DIVIDED",,"STRAIGHT AND LEVEL","WET","UNKNOWN","NOT ON SCENE (DESK REPORT)","NO INJURY / DRIVE AWAY",,,,"$501 - $1,500","2026-03-12T14:20:00.000","FAILING TO YIELD RIGHT-OF-WAY","FAILING TO YIELD RIGHT-OF-WAY","6000","W","GUNNISON ST","1622",,,,,,,"2","NO INDICATION OF INJURY","0","0","0","0","0","2","0","8","4","3","41.9686419065","-87.7783016362","POINT (-87.778301636168 41.968641906496)"
"19b9d7afbc905c2ed177ab6d1de993284262185568259b959d0b09f3ef488a68a5f4a5d7076373fc3300eb6015744f7622397b3d014cb963611355b993d8f308",,"2026-03-11T07:58:00.000","30","TRAFFIC SIGNAL","FUNCTIONING PROPERLY","RAIN","DAYLIGHT","ANGLE","TRAFFIC ROUTE",,"STRAIGHT AND LEVEL","WET","NO DEFECTS","ON SCENE","INJURY AND / OR TOW DUE TO CRASH","Y",,,"OVER $1,500","2026-03-11T08:10:00.000","DISREGARDING TRAFFIC SIGNALS","NOT APPLICABLE","4700","S","STATE ST","224",,,,,,,"2","NO INDICATION OF INJURY","0","0","0","0","0","2","0","7","4","3","41.8091430179","-87.6262291323","POINT (-87.626229132272 41.809143017867)"
"244ee34d8005fe691ccd47d98bd1f87a96ed24ca008a445ed7a2e7c1bc12ed215d37e2ac2470d432f580a8b937e7ac73c042c3a35fb767d913b1fbe361bc978f",,"2026-03-11T07:55:00.000","30","NO CONTROLS","NO CONTROLS","RAIN","DAYLIGHT","TURNING","T-INTERSECTION",,"STRAIGHT AND LEVEL","WET","UNKNOWN","ON SCENE","INJURY AND / OR TOW DUE TO CRASH",,,,"OVER $1,500","2026-03-11T07:59:00.000","UNABLE TO DETERMINE","UNABLE TO DETERMINE","4598","S","WESTERN AVE","922",,,,,,,"2","REPORTED, NOT EVIDENT","2","0","0","0","2","1","0","7","4","3","41.810297504","-87.6846395259","POINT (-87.684639525907 41.810297503997)"
"a963a21fd2d298c72f45c3d908372afabaef11364b9fd73bde22c9b2d9fdb84d27a4f5863d1ccc91c5007d4f0ed9929e9b1f6a847dd799d780e5bae153a19d64",,"2026-03-11T07:55:00.000","20","NO CONTROLS","NO CONTROLS","CLEAR","DAYLIGHT","PARKED MOTOR VEHICLE","DIVIDED - W/MEDIAN (NOT RAISED)",,"STRAIGHT AND LEVEL","DRY","NO DEFECTS","NOT ON SCENE (DESK REPORT)","NO INJURY / DRIVE AWAY",,,,"OVER $1,500","2026-03-14T08:40:00.000","UNABLE TO DETERMINE","UNABLE TO DETERMINE","2115","E","95TH PL","431",,,,,,,"2","NO INDICATION OF INJURY","0","0","0","0","0","1","0","7","4","3","41.7214404118","-87.5733690065","POINT (-87.573369006477 41.721440411783)"
"f2d8bd281ad974107497c05f0c5759d05189bdb47b0bcf269bece81e845260bfe0595a9f184b51ef3fbf655ec183f6f5a9226bcffd8f344febbf36283493d36f","Y","2026-03-11T07:55:00.000","30","NO CONTROLS","NO CONTROLS","UNKNOWN","DAYLIGHT","PARKED MOTOR VEHICLE","ONE-WAY",,"STRAIGHT AND LEVEL","UNKNOWN","UNKNOWN","NOT ON SCENE (DESK REPORT)","NO INJURY / DRIVE AWAY",,,"Y","OVER $1,500","2026-03-11T18:30:00.000","UNABLE TO DETERMINE","NOT APPLICABLE","2046","W","BERTEAU AVE","1911",,,,,,,"2","NO INDICATION OF INJURY","0","0","0","0","0","1","0","7","4","3","41.9578880171","-87.6806632652","POINT (-87.680663265206 41.95788801709)"
"0b9823b284f11a7f86fae64bf7665ef1a4e3fa380f5dff7277f89fda68c498924a9c65f81a9f61b8af542e42c391353978a90cf1a458daa0b0cdaafd05211ec1",,"2026-03-11T07:50:00.000","30","TRAFFIC SIGNAL","FUNCTIONING PROPERLY","CLEAR","DAYLIGHT","REAR END","ONE-WAY",,"STRAIGHT AND LEVEL","UNKNOWN","UNKNOWN","NOT ON SCENE (DESK REPORT)","NO INJURY / DRIVE AWAY","Y",,,"OVER $1,500","2026-03-11T16:00:00.000","FAILING TO YIELD RIGHT-OF-WAY","FAILING TO YIELD RIGHT-OF-WAY","2020","W","HARRISON ST","1225",,,,,,,"2","NO INDICATION OF INJURY","0","0","0","0","0","2","0","7","4","3","41.8741381903","-87.6772718287","POINT (-87.677271828719 41.874138190275)"
"b8f441392ece43537c5b11095ccd356828f13206c641df4640b1ecf5a6ab7416c7137f1a86878c41fff5448d6f7702c541bc7a8fd7e6b8b92c38b9c81834f3d3",,"2026-03-11T07:49:00.000","30","NO CONTROLS","NO CONTROLS","RAIN","DAYLIGHT","SIDESWIPE SAME DIRECTION","DIVIDED - W/MEDIAN (NOT RAISED)",,"STRAIGHT AND LEVEL","WET","NO DEFECTS","ON SCENE","INJURY AND / OR TOW DUE TO CRASH",,,"Y","OVER $1,500","2026-03-11T08:00:00.000","IMPROPER OVERTAKING/PASSING","IMPROPER OVERTAKING/PASSING","3519","W","CERMAK RD","1024",,,,,,,"3","NO INDICATION OF INJURY","0","0","0","0","0","2","0","7","4","3","41.8515741018","-87.7132717464","POINT (-87.713271746436 41.851574101808)"
"700f9635a1eab683f379b6a4af06b4681224b08dfe59ef34f749085c8eff75686afa5c6bc9d1de0920ac3204fb81b6f91bfdcf5c4a4bb7769a84ed1792e7cf16",,"2026-03-11T07:45:00.000","25","UNKNOWN","UNKNOWN","UNKNOWN","UNKNOWN","SIDESWIPE OPPOSITE DIRECTION","FOUR WAY",,"STRAIGHT AND LEVEL","UNKNOWN","UNKNOWN","NOT ON SCENE (DESK REPORT)","NO INJURY / DRIVE AWAY",,,,"OVER $1,500","2026-03-13T19:57:00.000","NOT APPLICABLE","NOT APPLICABLE","305","W","FULLERTON PKWY","1814",,,,,,,"2","NO INDICATION OF INJURY","0","0","0","0","0","2","0","7","4","3","41.9255420817","-87.6368045572","POINT (-87.636804557194 41.925542081661)"
"e08ccb8809efe7b8d31c7029522d27c3e399ac828759a7a60f897dc90f91f867aaf770446a8adb1578444aa417c2325b0528cf0a3e67cabab6af5ac0530d28f9","N","2026-03-11T07:45:00.000","30","NO CONTROLS","NO CONTROLS","RAIN","DAYLIGHT","PARKED MOTOR VEHICLE","NOT DIVIDED",,"STRAIGHT AND LEVEL","WET","NO DEFECTS","ON SCENE","NO INJURY / DRIVE AWAY",,,,"OVER $1,500","2026-03-11T08:15:00.000","UNABLE TO DETERMINE","UNABLE TO DETERMINE","2136","N","DAMEN AVE","1432",,,,,,,"4","NO INDICATION OF INJURY","0","0","0","0","0","1","0","7","4","3","41.92063348","-87.677873985","POINT (-87.677873984993 41.920633480033)"
"8796a901d15189f1d9f889d843fbb2f7384197056c58312fe27f681a083c184c8826f86793edc9d062f67d3096a80ae29397f7e9e7a21e06ded5c184bb641d89",,"2026-03-11T07:44:00.000","25","STOP SIGN/FLASHER","FUNCTIONING PROPERLY","RAIN","DAYLIGHT","SIDESWIPE SAME DIRECTION","NOT DIVIDED",,"STRAIGHT AND LEVEL","WET","NO DEFECTS","NOT ON SCENE (DESK REPORT)","NO INJURY / DRIVE AWAY",,,,"OVER $1,500","2026-03-11T17:45:00.000","FAILING TO YIELD RIGHT-OF-WAY","IMPROPER TURNING/NO SIGNAL","5130","S","LAKE PARK AVE","234",,,,,,,"2","NO INDICATION OF INJURY","0","0","0","0","0","2","0","7","4","3","41.8014565525","-87.5877418622","POINT (-87.587741862156 41.801456552461)"
"b97939b25190e318699dc973b0833998b87fa8c18e1fe3ae6b5e1aa9bba50b652a717e0d05aa1f4c79da2c89b40a56d097405000a8d87db563f2fac94b6cefe6",,"2026-03-11T07:43:00.000","30","STOP SIGN/FLASHER","FUNCTIONING PROPERLY","CLOUDY/OVERCAST","DAYLIGHT","ANGLE","FOUR WAY",,"STRAIGHT AND LEVEL","WET","NO DEFECTS","ON SCENE","NO INJURY / DRIVE AWAY",,,,"OVER $1,500","2026-03-11T07:44:00.000","FAILING TO YIELD RIGHT-OF-WAY","WEATHER","3100","W","LAWRENCE AVE","1713",,,,,,,"2","NO INDICATION OF INJURY","0","0","0","0","0","2","0","7","4","3","41.9685847551","-87.7060949316","POINT (-87.706094931616 41.968584755116)"
"9a403a0aa8d84653d48c988cd089dcc9898aee65a260b1bcd4f9aa049df02ff6c5ada74a22a70b13ee6445f5426d5b3e00a2e1f300cab8eea761e14de8711810",,"2026-03-11T07:40:00.000","30","UNKNOWN","UNKNOWN","UNKNOWN","UNKNOWN","REAR END","NOT DIVIDED",,"STRAIGHT AND LEVEL","UNKNOWN","UNKNOWN","NOT ON SCENE (DESK REPORT)","NO INJURY / DRIVE AWAY",,,,"OVER $1,500","2026-03-11T10:50:00.000","UNABLE TO DETERMINE","UNABLE TO DETERMINE","21","S","HAMLIN BLVD","1122",,,,,,,"2","NO INDICATION OF INJURY","0","0","0","0","0","2","0","7","4","3","41.8801233214","-87.7205772135","POINT (-87.7205772135 41.880123321361)"
"e1793cc89a8d66e506069389df8de480b8f396c003751e62bff75a94744b0ad343f3d47c3428629f49f5849717dad9fea2015360338d071bb1c7bb085231a58f",,"2026-03-11T07:40:00.000","30","UNKNOWN","NO CONTROLS","RAIN","DAYLIGHT","TURNING","PARKING LOT",,"STRAIGHT AND LEVEL","WET","UNKNOWN","ON SCENE","NO INJURY / DRIVE AWAY",,"Y",,"OVER $1,500","2026-03-11T07:45:00.000","IMPROPER TURNING/NO SIGNAL","NOT APPLICABLE","3204","W","IRVING PARK RD","1724",,,,,,,"2","NO INDICATION OF INJURY","0","0","0","0","0","2","0","7","4","3","41.9540279425","-87.7082349668","POINT (-87.708234966818 41.954027942479)"
"3fe3b37a9496aa66ad963fc0ca0740c828d7b486384e85a7cd8cfdd270c8280899cb0cdfa383e0caf34e731d2500c0c28797a8d73e28ecfffcd40b6124316d40",,"2026-03-11T07:30:00.000","35","NO CONTROLS","NO CONTROLS","CLOUDY/OVERCAST","DAYLIGHT","PARKED MOTOR VEHICLE","NOT DIVIDED",,"STRAIGHT AND LEVEL","WET","NO DEFECTS","ON SCENE","INJURY AND / OR TOW DUE TO CRASH",,,,"OVER $1,500","2026-03-11T09:05:00.000","UNABLE TO DETERMINE","UNABLE TO DETERMINE","5337","N","DELPHIA AVE","1614",,,,,,,"4","NO INDICATION OF INJURY","0","0","0","0","0","1","0","7","4","3","41.9766701439","-87.8413934733","POINT (-87.841393473331 41.97667014392)"
"bf3a9c5957c3f6a0cf9c7cb1d3d0f0c63b0242e087994922400602ca44f70cb75e8a8c9a97cf419c9b8c45fc7185314a7853aded8d6089917d012116568c8a6b","Y","2026-03-11T07:30:00.000","30","NO CONTROLS","NO CONTROLS","RAIN","UNKNOWN","PARKED MOTOR VEHICLE","ONE-WAY",,"STRAIGHT AND LEVEL","WET","NO DEFECTS","NOT ON SCENE (DESK REPORT)","NO INJURY / DRIVE AWAY",,,"Y","OVER $1,500","2026-03-11T13:35:00.000","UNABLE TO DETERMINE","UNABLE TO DETERMINE","8614","S","HERMITAGE AVE","614",,,,,,,"2","NO INDICATION OF INJURY","0","0","0","0","0","1","0","7","4","3","41.7370745354","-87.6668925984","POINT (-87.666892598443 41.737074535368)"
"31686f71769df4acf2bef80c1107a2b1717ae1e083ed82572f1a44c7b321929be630698b88fe86ed4fb16c6ef12efa442c551a15728558016b13d58772d77c6d",,"2026-03-11T07:26:00.000","30","TRAFFIC SIGNAL","FUNCTIONING PROPERLY","RAIN","DAYLIGHT","PEDESTRIAN","FOUR WAY",,"STRAIGHT AND LEVEL","WET","NO DEFECTS","ON SCENE","INJURY AND / OR TOW DUE TO CRASH","Y",,,"$500 OR LESS","2026-03-11T07:28:00.000","FAILING TO YIELD RIGHT-OF-WAY","FAILING TO YIELD RIGHT-OF-WAY","144","N","HALSTED ST","1224",,,,,,,"2","NONINCAPACITATING INJURY","1","0","0","1","0","1","0","7","4","3","41.8843473284","-87.6475814474","POINT (-87.647581447385 41.88434732841)"
"738d50df32d866cd717effc47a159c6afa24dd222dbebe4631ec61f3be0ae297ae4243dac02559620a868ff33347df8552080078567912a72a498c019eb8cf71",,"2026-03-11T07:20:00.000","30","TRAFFIC SIGNAL","FUNCTIONING PROPERLY","UNKNOWN","UNKNOWN","REAR END","NOT REPORTED",,"STRAIGHT AND LEVEL","UNKNOWN","UNKNOWN","NOT ON SCENE (DESK REPORT)","NO INJURY / DRIVE AWAY","Y",,,"OVER $1,500","2026-03-11T16:51:00.000","UNABLE TO DETERMINE","NOT APPLICABLE","6335","W","DEVON AVE","1611",,,,,,,"2","NO INDICATION OF INJURY","0","0","0","0","0","2","0","7","4","3","41.997259154","-87.7867198959","POINT (-87.786719895863 41.997259154019)"
"3de7eb0282e10e30dd9283f5009cb15b54353992f714e3ec4d44644031e618dfbf64eb56bea426d2df8a17b3e1dc39d94b9b495f619b6cba3429264cac93f56d",,"2026-03-11T07:15:00.000","30","NO CONTROLS","NO CONTROLS","CLOUDY/OVERCAST","DAYLIGHT","SIDESWIPE SAME DIRECTION","NOT DIVIDED",,"STRAIGHT AND LEVEL","WET","NO DEFECTS","ON SCENE","INJURY AND / OR TOW DUE TO CRASH",,,,"OVER $1,500","2026-03-11T07:20:00.000","UNABLE TO DETERMINE","UNABLE TO DETERMINE","3811","N","CICERO AVE","1731",,,,,,,"2","NONINCAPACITATING INJURY","1","0","0","1","0","1","0","7","4","3","41.9501063017","-87.7470771028","POINT (-87.747077102754 41.950106301713)"
"dcf9159e99c5671bf862e351d8ab4712637a0d81e55ce276d3d8c9f06e457e00f0a6ecfc9529b42880d12696ff413aace5013f790fd478e72c936f973e93a281",,"2026-03-11T07:04:00.000","30","NO CONTROLS","NO CONTROLS","RAIN","DAYLIGHT","FIXED OBJECT","DIVIDED - W/MEDIAN BARRIER",,"STRAIGHT AND LEVEL","WET","NO DEFECTS","NOT ON SCENE (DESK REPORT)","INJURY AND / OR TOW DUE TO CRASH",,,,"OVER $1,500","2026-03-11T09:10:00.000","WEATHER","NOT APPLICABLE","140","N","LAKE SHORE DR NB","114",,,,,,,"1","NO INDICATION OF INJURY","0","0","0","0","0","1","0","7","4","3","41.8841140542","-87.6147624185","POINT (-87.614762418465 41.88411405421)"