"crash_record_id","crash_date_est_i","crash_date","posted_speed_limit","traffic_control_device","device_condition","weather_condition","lighting_condition","first_crash_type","trafficway_type","lane_cnt","alignment","roadway_surface_cond","road_defect","report_type","crash_type","intersection_related_i","private_property_i","hit_and_run_i","damage","date_police_notified","prim_contributory_cause","sec_contributory_cause","street_no","street_direction","street_name","beat_of_occurrence","photos_taken_i","statements_taken_i","dooring_i","work_zone_i","work_zone_type","workers_present_i","num_units","most_severe_injury","injuries_total","injuries_fatal","injuries_incapacitating","injuries_non_incapacitating","injuries_reported_not_evident","injuries_no_indication","injuries_unknown","crash_hour","crash_day_of_week","crash_month","latitude","longitude","location"
"6732f11b23f482af7f3195abed9b25a64fb99a9f3dcf481605b7ca6cfebceac69ddb368a2dfe1174d0d19eeee018ac4663806081e1654fc48650fabe7c30fd80",,"2026-03-11T07:02:00.000","25","STOP SIGN/FLASHER","FUNCTIONING PROPERLY","RAIN","DAYLIGHT","ANGLE","NOT DIVIDED",,"STRAIGHT AND LEVEL","WET","NO DEFECTS","ON SCENE","NO INJURY / DRIVE AWAY","Y",,,"OVER $1,500","2026-03-11T07:04:00.000","UNABLE TO DETERMINE","NOT APPLICABLE","5500","N","CALIFORNIA AVE","2011",,,,,,,"2","NO INDICATION OF INJURY","0","0","0","0","0","4","0","7","4","3","41.9813381697","-87.6992468018","POINT (-87.699246801796 41.981338169724)"
"d1e3bf153907de4c1dcdc392bc5905baeb3eba137655619a3bf0332659109ee9004db75ac9ce2c4ea176e2e0ceefd44bdc27b1a51d0eeabcb2c54a06b2f9aa22",,"2026-03-11T07:00:00.000","40","NO CONTROLS","NO CONTROLS","RAIN","DAYLIGHT","REAR END","DIVIDED - W/MEDIAN BARRIER",,"STRAIGHT AND LEVEL","WET","NO DEFECTS","NOT ON SCENE (DESK REPORT)","NO INJURY / DRIVE AWAY",,,,"OVER $1,500","2026-03-11T08:00:00.000","FOLLOWING TOO CLOSELY","NOT APPLICABLE","1500","N","LAKE SHORE DR NB","1824",,,,,,,"2","NO INDICATION OF INJURY","0","0","0","0","0","4","0","7","4","3","41.9095798667","-87.6260817682","POINT (-87.626081768182 41.909579866705)"
"bf0c20fac047ef3669037d1f636c2ac31dcce68ff65d293342cad870be90aa7f7677cdd984dd795ec0b632be6e5d0f3a45c2ea30f542a80834f4527a8b9a69f2",,"2026-03-11T06:59:00.000","30","TRAFFIC SIGNAL","FUNCTIONING PROPERLY","RAIN","DAYLIGHT","PEDESTRIAN","CENTER TURN LANE",,"STRAIGHT AND LEVEL","WET","NO DEFECTS","ON SCENE","INJURY AND / OR TOW DUE TO CRASH","Y",,,"OVER $1,500","2026-03-11T07:03:00.000","FAILING TO YIELD RIGHT-OF-WAY","FAILING TO REDUCE SPEED TO AVOID CRASH","1200","N","WESTERN AVE","1423",,,,,,,"2","NONINCAPACITATING INJURY","1","0","0","1","0","1","0","6","4","3","41.9030828245","-87.6871756205","POINT (-87.687175620488 41.903082824517)"
"7cc10d6cbd4e415f84a6f0973d944c2803b426150282a75ea9f7d8ff376fef40af2b87f00130013936f6231bd4c4a30a080609e456510f88c594046fd4f5d0e2",,"2026-03-11T06:51:00.000","30","TRAFFIC SIGNAL","FUNCTIONING PROPERLY","RAIN","DARKNESS, LIGHTED ROAD","REAR END","DIVIDED - W/MEDIAN (NOT RAISED)",,"STRAIGHT AND LEVEL","WET","NO DEFECTS","NOT ON SCENE (DESK REPORT)","NO INJURY / DRIVE AWAY",,,,"OVER $1,500","2026-03-11T07:11:00.000","FOLLOWING TOO CLOSELY","NOT APPLICABLE","4865","N","MILWAUKEE AVE","1623",,,,,,,"2","NO INDICATION OF INJURY","0","0","0","0","0","2","0","6","4","3","41.9695139453","-87.7619909502","POINT (-87.761990950212 41.96951394534)"
"a462ea4ab1bb06ca1a66cc622b885852f89a7a7ce8ee31cc86d30524a14d18549e2186c37bf6961a0ba92f058a1bd2089cf3ea6bfd1e668ee4e1b04a77451290",,"2026-03-11T06:50:00.000","30","FLASHING CONTROL SIGNAL","FUNCTIONING IMPROPERLY","RAIN","DARKNESS","PEDESTRIAN","FOUR WAY",,"STRAIGHT AND LEVEL","WET","UNKNOWN","ON SCENE","INJURY AND / OR TOW DUE TO CRASH","Y",,,"OVER $1,500","2026-03-11T07:05:00.000","FAILING TO YIELD RIGHT-OF-WAY","WEATHER","724","N","MICHIGAN AVE","1834",,,,,,,"2","NONINCAPACITATING INJURY","1","0","0","1","0","1","0","6","4","3","41.8956979684","-87.6244171809","POINT (-87.624417180855 41.895697968389)"
"f5b281b384539e74f208be2443efdaa5626fd2ac0b8a045a11bf188c83b35ce3961296a93a910da3bde9f7b3fc288bff3d7ad3f189344ce9bb2931925c9d07f9",,"2026-03-11T06:50:00.000","30","TRAFFIC SIGNAL","FUNCTIONING PROPERLY","CLEAR","DAYLIGHT","PEDESTRIAN","FOUR WAY",,"STRAIGHT ON GRADE","DRY","NO DEFECTS","NOT ON SCENE (DESK REPORT)","INJURY AND / OR TOW DUE TO CRASH","Y",,"Y","OVER $1,500","2026-03-12T13:50:00.000","FAILING TO YIELD RIGHT-OF-WAY","FAILING TO REDUCE SPEED TO AVOID CRASH","4000","W","LAKE ST","1114",,,,,,,"2","REPORTED, NOT EVIDENT","1","0","0","0","1","1","0","6","4","3","41.8855803183","-87.7259219239","POINT (-87.725921923893 41.885580318349)"
"0612a251e4bcd1254193f73bb859a1e53a3ea153882721983a7fab81d8e938fcfa32cd3d89d01f52cac5a64df511030446de107a10abdd8cd7fb8ae0b5cad9be",,"2026-03-11T06:45:00.000","30","NO CONTROLS","NO CONTROLS","RAIN","DARKNESS, LIGHTED ROAD","PARKED MOTOR VEHICLE","NOT DIVIDED",,"STRAIGHT AND LEVEL","WET","NO DEFECTS","ON SCENE","INJURY AND / OR TOW DUE TO CRASH",,,,"OVER $1,500","2026-03-11T06:48:00.000","EQUIPMENT - VEHICLE CONDITION","WEATHER","4254","W","OGDEN AVE","1013",,,,,,,"3","NONINCAPACITATING INJURY","1","0","0","1","0","2","0","6","4","3","41.848945065","-87.7311554126","POINT (-87.731155412558 41.848945065006)"
"1e6d9fc9ddcf75402213f4b12d5fcb42a3ab8f054871cf5fa3296d29e7425bcf1261f823ebc13505135c5d02e1608283120a104d1ef8239768af9a684c99c506",,"2026-03-11T06:45:00.000","30","TRAFFIC SIGNAL","FUNCTIONING PROPERLY","RAIN","DARKNESS, LIGHTED ROAD","HEAD ON","FIVE POINT, OR MORE",,"STRAIGHT AND LEVEL","WET","UNKNOWN","ON SCENE","INJURY AND / OR TOW DUE TO CRASH","Y",,,"OVER $1,500","2026-03-11T06:49:00.000","CELL PHONE USE OTHER THAN TEXTING","FAILING TO YIELD RIGHT-OF-WAY","600","W","127TH ST","523",,,,,,,"2","INCAPACITATING INJURY","2","0","1","1","0","0","0","6","4","3","41.6633688143","-87.6366675255","POINT (-87.636667525519 41.663368814348)"
"7151be140281eecb751600e2f8d8d9c910303f93848d84ebdd84c97cac2028f0fa9ff0985be8573640c68a8b898c84bb2beb363866e9a09a18d4c7b2dba0204d",,"2026-03-11T06:40:00.000","30","TRAFFIC SIGNAL","FUNCTIONING PROPERLY","RAIN","DAYLIGHT","TURNING","NOT DIVIDED",,"STRAIGHT AND LEVEL","WET","NO DEFECTS","NOT ON SCENE (DESK REPORT)","NO INJURY / DRIVE AWAY","Y",,"Y","$501 - $1,500","2026-03-11T08:15:00.000","IMPROPER TURNING/NO SIGNAL","FAILING TO REDUCE SPEED TO AVOID CRASH","2190","S","KOSTNER AVE","1012",,,,,,,"2","NO INDICATION OF INJURY","0","0","0","0","0","2","0","6","4","3","41.8514500037","-87.7346496868","POINT (-87.734649686838 41.851450003709)"
"88a01d7f86d5c6d4c0122b264d617dd87a82d4d999fc6cd021525db34b70b88ec18639aa8a18c47f9d240aae563196f9b21be2da376588718b75870e9b203dff",,"2026-03-11T06:30:00.000","30","NO CONTROLS","UNKNOWN","RAIN","DAWN","PARKED MOTOR VEHICLE","ONE-WAY",,"STRAIGHT AND LEVEL","WET","NO DEFECTS","ON SCENE","NO INJURY / DRIVE AWAY",,,"Y","OVER $1,500","2026-03-11T06:30:00.000","DRIVING SKILLS/KNOWLEDGE/EXPERIENCE","DISREGARDING OTHER TRAFFIC SIGNS","8945","S","ESCANABA AVE","423",,,,,,,"2","NO INDICATION OF INJURY","0","0","0","0","0","1","0","6","4","3","41.7323601525","-87.55392877","POINT (-87.553928769966 41.732360152522)"
"480fce3f75381b23fa8dc343e9e3ba5e547e9d92093086a5cd7dac214642975b664e2c1eed1cebeb0e1892e902ad7c18b62d8155b3206e7c32494bc606eb45a3",,"2026-03-11T06:20:00.000","30","NO CONTROLS","NO CONTROLS","RAIN","DAYLIGHT","SIDESWIPE SAME DIRECTION","T-INTERSECTION",,"STRAIGHT AND LEVEL","WET","NO DEFECTS","ON SCENE","NO INJURY / DRIVE AWAY",,,"Y","OVER $1,500","2026-03-12T09:15:00.000","UNABLE TO DETERMINE","NOT APPLICABLE","4323","W","GRAND AVE","2534",,,,,,,"2","NO INDICATION OF INJURY","0","0","0","0","0","2","0","6","4","3","41.9093759382","-87.7348633475","POINT (-87.734863347463 41.909375938242)"
"df383404ee965e4b479d48b1a9720d7b197d2d9ca2d06e748ea4135ce291f5b2cb996f5945970da8c35b570a8edb0de5467378203c99b18cc6e72b39dec8e93f",,"2026-03-11T06:11:00.000","30","TRAFFIC SIGNAL","FUNCTIONING IMPROPERLY","RAIN","DARKNESS, LIGHTED ROAD","ANGLE","DIVIDED - W/MEDIAN BARRIER",,"STRAIGHT AND LEVEL","WET","UNKNOWN","ON SCENE","INJURY AND / OR TOW DUE TO CRASH","Y",,,"OVER $1,500","2026-03-11T06:14:00.000","WEATHER","UNABLE TO DETERMINE","4200","S","CICERO AVE","814",,,,,,,"2","NONINCAPACITATING INJURY","1","0","0","1","0","1","0","6","4","3","41.8167293867","-87.7435367125","POINT (-87.743536712476 41.816729386747)"
"1a2df53a2dee3decf16947f4afc12b9b16014e6e214ae8fdf880fa09cdad17ecd2762355883476d2292034d7ee106e945bcdc81a24024a54f7e4da28a99adc9f",,"2026-03-11T05:55:00.000","35","STOP SIGN/FLASHER","FUNCTIONING PROPERLY","RAIN","DAYLIGHT","ANGLE","NOT DIVIDED",,"STRAIGHT AND LEVEL","WET","UNKNOWN","NOT ON SCENE (DESK REPORT)","NO INJURY / DRIVE AWAY",,,,"$501 - $1,500","2026-03-11T10:00:00.000","UNABLE TO DETERMINE","UNABLE TO DETERMINE","834","W","MONROE ST","1232",,,,,,,"2","NO INDICATION OF INJURY","0","0","0","0","0","2","0","5","4","3","41.8805776609","-87.6487158336","POINT (-87.648715833558 41.880577660864)"
"623031289ff40ce8b289bc79b1fa88faad4aa0bbb909498ef91ef26061ea279605cba24f7f565bb0d73b8b5769ed0fcc89779a13578200c2bbfdcc7bd783b05b","Y","2026-03-11T05:20:00.000","30","TRAFFIC SIGNAL","FUNCTIONING PROPERLY","RAIN","DARKNESS, LIGHTED ROAD","PEDESTRIAN","FOUR WAY",,"STRAIGHT AND LEVEL","WET","NO DEFECTS","ON SCENE","INJURY AND / OR TOW DUE TO CRASH",,,"Y","OVER $1,500","2026-03-11T05:27:00.000","FAILING TO YIELD RIGHT-OF-WAY","WEATHER","1201","N","CENTRAL AVE","2532",,,,,,,"2","NONINCAPACITATING INJURY","1","0","0","1","0","1","0","5","4","3","41.9021910503","-87.7655076571","POINT (-87.76550765714 41.902191050333)"
"4465a575a9c3dd577254ed930375c522aaa6cade7c897fdeda2c45748fb4e24dc087690186ec7474c28dddd016d3b33a9e8fea905a957e21887ebf2616e04b88",,"2026-03-11T05:15:00.000","30","NO CONTROLS","NO CONTROLS","CLEAR","DAYLIGHT","PARKED MOTOR VEHICLE","ONE-WAY",,"STRAIGHT AND LEVEL","DRY","NO DEFECTS","NOT ON SCENE (DESK REPORT)","NO INJURY / DRIVE AWAY",,,,"OVER $1,500","2026-03-11T12:55:00.000","IMPROPER BACKING","NOT APPLICABLE","200","S","KILDARE AVE","1115",,,,,,,"2","NO INDICATION OF INJURY","0","0","0","0","0","1","0","5","4","3","41.8778410128","-87.7330759718","POINT (-87.73307597184 41.877841012834)"
"b774a5bc5e80a36fe9f880048103b0a0d8867a3f955e5f3e37996d619932bf9b0b6c1cdb99932d5596c10ac546be0562cca06ea163dcf5251324f9cfdee4d2b7",,"2026-03-11T05:00:00.000","30","STOP SIGN/FLASHER","FUNCTIONING PROPERLY","RAIN","DARKNESS, LIGHTED ROAD","REAR END","T-INTERSECTION",,"STRAIGHT AND LEVEL","WET","NO DEFECTS","NOT ON SCENE (DESK REPORT)","NO INJURY / DRIVE AWAY","Y",,,"OVER $1,500","2026-03-11T05:30:00.000","UNABLE TO DETERMINE","UNABLE TO DETERMINE","1350","N","CALIFORNIA AVE","1423",,,,,,,"2","NO INDICATION OF INJURY","0","0","0","0","0","3","0","5","4","3","41.9062562435","-87.6971079516","POINT (-87.697107951619 41.906256243465)"
"7d8d88b84cb942ccd74f9e517fb65a208bcc738d37f506ad7437329d385f43ca06c7259076bae81931fcb2b4458bc86b01505dde1db36aa9d8c7a5c2cfe29616",,"2026-03-11T04:50:00.000","30","NO CONTROLS","NO CONTROLS","CLEAR","DARKNESS","SIDESWIPE SAME DIRECTION","NOT DIVIDED",,"STRAIGHT AND LEVEL","WET","NO DEFECTS","NOT ON SCENE (DESK REPORT)","NO INJURY / DRIVE AWAY",,,,"OVER $1,500","2026-03-11T12:10:00.000","IMPROPER OVERTAKING/PASSING","IMPROPER OVERTAKING/PASSING","4410","S","CICERO AVE","814",,,,,,,"2","NO INDICATION OF INJURY","0","0","0","0","0","2","0","4","4","3","41.8127202024","-87.7434421812","POINT (-87.743442181177 41.812720202447)"
"360bb2f4b7358a10d0fd6b8c4562ba24670a866d3922a3d8a70357d700dadbec141e9792cc3ee84fe6dee2f638b6d8ef455053d44b450b606203a2877aa25e98",,"2026-03-11T04:40:00.000","30","NO CONTROLS","NO CONTROLS","RAIN","DARKNESS, LIGHTED ROAD","SIDESWIPE SAME DIRECTION","NOT DIVIDED",,"STRAIGHT AND LEVEL","WET","NO DEFECTS","ON SCENE","INJURY AND / OR TOW DUE TO CRASH",,,,"OVER $1,500","2026-03-11T04:40:00.000","UNABLE TO DETERMINE","UNABLE TO DETERMINE","4430","W","FERDINAND ST","1111",,,,,,,"2","NO INDICATION OF INJURY","0","0","0","0","0","2","0","4","4","3","41.8897807946","-87.737142769","POINT (-87.737142769006 41.88978079457)"
"291a1f46906f8e238c74066be796b7594e519018fcaf58dadc96bba06f5977a5d496789e199bedebe018a6b4ea07c79006280bdf7ebba0e0db534cebe3dc59dd",,"2026-03-11T04:29:00.000","30","TRAFFIC SIGNAL","FUNCTIONING PROPERLY","RAIN","DARKNESS, LIGHTED ROAD","PEDALCYCLIST","FOUR WAY",,"STRAIGHT AND LEVEL","WET","NO DEFECTS","ON SCENE","INJURY AND / OR TOW DUE TO CRASH","N",,,"OVER $1,500","2026-03-11T04:29:00.000","UNABLE TO DETERMINE","NOT APPLICABLE","1901","W","29TH ST","912","N","Y",,,,,"2","NONINCAPACITATING INJURY","1","0","0","1","0","1","0","4","4","3","41.8399709539","-87.6725916633","POINT (-87.672591663318 41.839970953943)"
"df9adfd1ab1277ffe84c536a0371ff3c01e4684ac382e947c9e67e502d4a1ceec4dd6fc5800d2860c43d08991c4aca489326225aaae9e8f22b9b1ed7e6e16fa1",,"2026-03-11T02:30:00.000","35","NO CONTROLS","NO CONTROLS","RAIN","DARKNESS","PARKED MOTOR VEHICLE","ONE-WAY",,"STRAIGHT AND LEVEL","WET","UNKNOWN","ON SCENE","INJURY AND / OR TOW DUE TO CRASH",,,"Y","OVER $1,500","2026-03-11T05:47:00.000","NOT APPLICABLE","NOT APPLICABLE","8616","S","HERMITAGE AVE","614",,"N",,,,,"2","NO INDICATION OF INJURY","0","0","0","0","0","1","0","2","4","3","41.7370179559","-87.6668911341","POINT (-87.666891134051 41.737017955927)"
"e3a22d56e38f5316093ae2d215caa9549b25984d61e6fdeb41b05c746714612cef65be2f0f571b39aa057a167fafb4225e72536b8b149f37c0d3367746ca3dbc",,"2026-03-11T01:30:00.000","35","UNKNOWN","FUNCTIONING PROPERLY","RAIN","DARKNESS","ANGLE","T-INTERSECTION",,"STRAIGHT AND LEVEL","WET","NO DEFECTS","NOT ON SCENE (DESK REPORT)","INJURY AND / OR TOW DUE TO CRASH","Y",,,"OVER $1,500","2026-03-11T03:41:00.000","DISREGARDING TRAFFIC SIGNALS","NOT APPLICABLE","205","W","WACKER DR","122",,,,,,,"2","REPORTED, NOT EVIDENT","1","0","0","0","1","1","0","1","4","3","41.8867073041","-87.6341503932","POINT (-87.634150393212 41.886707304096)"
"2af3b45a5df3de1256684b188c50044fbd560d234a27071d6da451e7aabd8ed958a1d7bee976f15a0dddfce3f4bda51fec94ef9e66e34f08009ec76ed7a43076",,"2026-03-11T01:00:00.000","30","NO CONTROLS","NO CONTROLS","CLEAR","DARKNESS, LIGHTED ROAD","PARKED MOTOR VEHICLE","NOT DIVIDED",,"STRAIGHT AND LEVEL","WET","NO DEFECTS","NOT ON SCENE (DESK REPORT)","NO INJURY / DRIVE AWAY",,,"Y","OVER $1,500","2026-03-11T17:35:00.000","UNABLE TO DETERMINE","NOT APPLICABLE","5607","S","MAPLEWOOD AVE","824",,,,,,,"2","NO INDICATION OF INJURY","0","0","0","0","0","1","0","1","4","3","41.7917133333","-87.687495305","POINT (-87.687495304984 41.791713333333)"
"9447aa028ded0b39516577ddeae72042a87c084107f2872950ada3ff1408bcc859d85e7f183d482188a0141c34c29f9c0e39520359e7f39683327016058dbdae","Y","2026-03-11T01:00:00.000","30","NO CONTROLS","NO CONTROLS","UNKNOWN","UNKNOWN","PARKED MOTOR VEHICLE","NOT DIVIDED",,"STRAIGHT AND LEVEL","UNKNOWN","NO DEFECTS","ON SCENE","INJURY AND / OR TOW DUE TO CRASH",,,"Y","OVER $1,500","2026-03-11T16:11:00.000","UNABLE TO DETERMINE","DRIVING SKILLS/KNOWLEDGE/EXPERIENCE","2130","W","TOUHY AVE","2411",,,,,,,"3","NO INDICATION OF INJURY","0","0","0","0","0","1","0","1","4","3","42.0123288441","-87.6841965029","POINT (-87.684196502908 42.012328844051)"
"272a206daf94769048171120a77b610492e49e0e2f1d9793cd0e1a1de2079c96b873590710acf56458e9e396b1999ae16347cca15bb76571eb2e0b0584ec1885",,"2026-03-11T00:53:00.000","30","NO CONTROLS","NO CONTROLS","RAIN","DARKNESS, LIGHTED ROAD","PARKED MOTOR VEHICLE","NOT DIVIDED",,"STRAIGHT AND LEVEL","WET","NO DEFECTS","ON SCENE","NO INJURY / DRIVE AWAY",,,,"OVER $1,500","2026-03-11T00:53:00.000","IMPROPER BACKING","NOT APPLICABLE","1802","W","22ND PL","1034",,,,,,,"2","NO INDICATION OF INJURY","0","0","0","0","0","1","0","0","4","3","41.851577959","-87.6711195586","POINT (-87.671119558574 41.851577959019)"
"bd5b3cb855d101e2a54650564222172afc9d54818be16eed81577eca7d37ecfa8f2c94b6eb9222c288601689c168176a7fcb40fe5ab9d7cd3cfaf8cde9f89e53",,"2026-03-11T00:35:00.000","30","TRAFFIC SIGNAL","FUNCTIONING PROPERLY","CLEAR","DARKNESS, LIGHTED ROAD","ANGLE","OTHER",,"STRAIGHT AND LEVEL","WET","UNKNOWN","NOT ON SCENE (DESK REPORT)","NO INJURY / DRIVE AWAY",,,"Y","OVER $1,500","2026-03-11T01:45:00.000","UNABLE TO DETERMINE","UNABLE TO DETERMINE","5500","S","WABASH AVE","225",,,,,,,"2","NO INDICATION OF INJURY","0","0","0","0","0","3","0","0","4","3","41.7942603437","-87.6242244193","POINT (-87.624224419257 41.794260343739)"
"fc97542f4e9a79d52c3ff61be0b27ac906c39d0580275558b66486a2f46db14e268d08edd6b3b3c20de864394cd558af3c5ff815b834c95ff0f362f50c46ef80",,"2026-03-11T00:18:00.000","40","NO CONTROLS","NO CONTROLS","RAIN","DARKNESS, LIGHTED ROAD","FIXED OBJECT","NOT DIVIDED",,"STRAIGHT AND LEVEL","WET","NO DEFECTS","ON SCENE","INJURY AND / OR TOW DUE TO CRASH",,,,"OVER $1,500","2026-03-11T00:25:00.000","WEATHER","NOT APPLICABLE","2031","N","LAKE SHORE DR NB","1814",,,,,,,"1","REPORTED, NOT EVIDENT","1","0","0","0","1","1","0","0","4","3","41.9193512844","-87.6290234173","POINT (-87.629023417322 41.919351284402)"
"9bf9daf5dc2d4ede8c48e1bd46dd824432bc0fb30b70d22872cb48c180e8e5dcfb04048d540d6ee8253b823edcaef772113615be535e4efcdfcd7d49eeb611b8",,"2026-03-11T00:00:00.000","30","NO CONTROLS","NO CONTROLS","RAIN","DARKNESS","SIDESWIPE OPPOSITE DIRECTION","NOT DIVIDED",,"STRAIGHT AND LEVEL","WET","NO DEFECTS",,"INJURY AND / OR TOW DUE TO CRASH",,,"Y","OVER $1,500","2026-03-11T13:12:00.000","NOT APPLICABLE","NOT APPLICABLE","5812","S","MAY ST","712",,,,,,,"2","NONINCAPACITATING INJURY","1","0","0","1","0","1","0","0","4","3","41.7883216088","-87.6536545159","POINT (-87.653654515903 41.78832160881)"
"d4abee6421d2a0201866e0d9400d758f457c215bbb451d44a3862555fa42251f75de9f3fb915298b34200364e0f91c575efdfd1f2cd572696aeae8c16d336d5b",,"2026-03-11T00:00:00.000","35","TRAFFIC SIGNAL","FUNCTIONING PROPERLY","RAIN","DARKNESS, LIGHTED ROAD","TURNING","FOUR WAY",,"STRAIGHT AND LEVEL","WET","NO DEFECTS","NOT ON SCENE (DESK REPORT)","NO INJURY / DRIVE AWAY","Y",,"Y","OVER $1,500","2026-03-11T01:20:00.000","IMPROPER TURNING/NO SIGNAL","NOT APPLICABLE","1601","N","CLARK ST","1814",,,,,,,"2","NO INDICATION OF INJURY","0","0","0","0","0","2","0","0","4","3","41.9113103613","-87.6315665709","POINT (-87.631566570904 41.911310361329)"
"eefe891cd99bb6a5e41a0db788e42a68352f0a871bd7906d9f180cb8d63a6220b5ccdf2dbf0198b4f47f086c226ee70e4e73743567390cf3ac348c17f50fa6f0","Y","2026-03-11T00:00:00.000","30","NO CONTROLS","NO CONTROLS","CLEAR","UNKNOWN","PARKED MOTOR VEHICLE","NOT DIVIDED",,"STRAIGHT AND LEVEL","WET","NO DEFECTS","ON SCENE","NO INJURY / DRIVE AWAY",,,"Y","$500 OR LESS","2026-03-11T10:16:00.000","UNABLE TO DETERMINE","NOT APPLICABLE","2016","W","TOUHY AVE","2424",,,,,,,"2","NO INDICATION OF INJURY","0","0","0","0","0","1","0","0","4","3","42.0126363371","-87.6808120679","POINT (-87.680812067895 42.012636337121)"
"f1864b6bb8f830c442992a6d306b278a7f0b5637e00d144862e66c836ffd54caf5cf7f3157da8f4876ddd1c43342849abe0a22c0e13aba21977292fb74639acd",,"2026-03-11T00:00:00.000","30","UNKNOWN","UNKNOWN","UNKNOWN","UNKNOWN","PARKED MOTOR VEHICLE","UNKNOWN",,"STRAIGHT AND LEVEL","UNKNOWN","UNKNOWN","NOT ON SCENE (DESK REPORT)","NO INJURY / DRIVE AWAY",,,"Y","$500 OR LESS","2026-03-12T17:35:00.000","UNABLE TO DETERMINE","UNABLE TO DETERMINE","2277","W","HOWARD ST","2411",,,,,,,"2","NO INDICATION OF INJURY","0","0","0","0","0","1","0","0","4","3","42.0194056236","-87.6875944636","POINT (-87.687594463616 42.019405623596)"
"2b1db890d33c535f846632c87ed48348973140606ca644775e5dacedf271b4cb11e79fcdff3b30e95590deb21c68d50658ee0a747d5ea7336e86b1aa8fec8f83",,"2026-03-10T23:17:00.000","30","NO CONTROLS","NO CONTROLS","RAIN","DARKNESS, LIGHTED ROAD","REAR END","DIVIDED - W/MEDIAN BARRIER",,"STRAIGHT AND LEVEL","WET","NO DEFECTS","ON SCENE","NO INJURY / DRIVE AWAY",,,"Y","OVER $1,500","2026-03-10T23:17:00.000","FOLLOWING TOO CLOSELY","NOT APPLICABLE","2111","S","LAKE SHORE DR SB","132",,,,,,,"2","NO INDICATION OF INJURY","0","0","0","0","0","2","0","23","3","3","41.8540033028","-87.6141607878","POINT (-87.614160787773 41.854003302835)"
"93c7afd0ad0099979a9082e08345745e0f5115a0f5d1599ccdb0c77c312d6e108bb3aaab0a18d2aa62696f7bdc8d70f4ddf2c3aac1edc2cc3e88a5d04e0ca151",,"2026-03-10T23:11:00.000","30","TRAFFIC SIGNAL","FUNCTIONING PROPERLY","RAIN","DARKNESS, LIGHTED ROAD","TURNING","FOUR WAY",,"STRAIGHT AND LEVEL","WET","UNKNOWN","NOT ON SCENE (DESK REPORT)","NO INJURY / DRIVE AWAY","Y",,"Y","OVER $1,500","2026-03-10T23:45:00.000","UNABLE TO DETERMINE","NOT APPLICABLE","2400","W","PETERSON AVE","2413",,,,,,,"2","NO INDICATION OF INJURY","0","0","0","0","0","2","0","23","3","3","41.9906090098","-87.6897354809","POINT (-87.68973548093 41.990609009807)"
"f05ae57a6f7db714777bdb5221e6519ec6e1477f5a6e5da042691cd8841f5612d4f2225892a4b81b6d03424862e0a55d44d06c56f3eaaaaf983b217acf419e6e",,"2026-03-10T23:06:00.000","30","STOP SIGN/FLASHER","FUNCTIONING PROPERLY","RAIN","DARKNESS, LIGHTED ROAD","REAR END","DIVIDED - W/MEDIAN (NOT RAISED)",,"STRAIGHT AND LEVEL","WET","NO DEFECTS","NOT ON SCENE (DESK REPORT)","INJURY AND / OR TOW DUE TO CRASH",,,,"OVER $1,500","2026-03-11T20:20:00.000","FOLLOWING TOO CLOSELY","NOT APPLICABLE","10500","S","DR MARTIN LUTHER KING JR DR","512",,,,,,,"2","NO INDICATION OF INJURY","0","0","0","0","0","4","0","23","3","3","41.7035698828","-87.6138136909","POINT (-87.61381369091 41.703569882774)"
"1a208427a92bc3a2a4886a54d7a930e22572a312b8cad54e1b73a630285c652672f5e73488808adc919cefbc75a77896fb78ea80c7bfe1e19853d7e43666e91e",,"2026-03-10T23:00:00.000","30","TRAFFIC SIGNAL","FUNCTIONING PROPERLY","RAIN","DARKNESS, LIGHTED ROAD","TURNING","NOT DIVIDED",,"STRAIGHT AND LEVEL","WET","NO DEFECTS","NOT ON SCENE (DESK REPORT)","INJURY AND / OR TOW DUE TO CRASH","Y",,"Y","OVER $1,500","2026-03-10T23:45:00.000","UNABLE TO DETERMINE","NOT APPLICABLE","4259","S","WESTERN BLVD","924",,,,,,,"2","NO INDICATION OF INJURY","0","0","0","0","0","2","0","23","3","3","41.8157514856","-87.6839269701","POINT (-87.683926970076 41.815751485621)"
"4e2ada488548e1054010371c1b18063c76d38caede5562337a7482b8dc784bf7e208bfcc321eae5f457a94147a8cec369989fd67d408576c9267c2f564d2543d","Y","2026-03-10T22:50:00.000","30","UNKNOWN","FUNCTIONING PROPERLY","RAIN","DARKNESS","PEDESTRIAN","NOT DIVIDED",,"STRAIGHT AND LEVEL","WET","NO DEFECTS","ON SCENE","INJURY AND / OR TOW DUE TO CRASH","Y",,"Y","OVER $1,500","2026-03-10T22:53:00.000","UNABLE TO DETERMINE","UNABLE TO DETERMINE","1730","W","74TH ST","735",,"N",,,,,"2","NONINCAPACITATING INJURY","1","0","0","1","0","1","0","22","3","3","41.7595220419","-87.6672577327","POINT (-87.66725773266 41.759522041943)"
"a5d2164b944357d4c1fff26ecfb15e945c08f07eff7fe2838426b4270a064f4d321fc2eba73a57d111af54b5211974493ca59b942478b5bb66924bf75f4960a3",,"2026-03-10T22:50:00.000","30","TRAFFIC SIGNAL","UNKNOWN","RAIN","DARKNESS, LIGHTED ROAD","TURNING","NOT DIVIDED",,"STRAIGHT AND LEVEL","WET","UNKNOWN","NOT ON SCENE (DESK REPORT)","NO INJURY / DRIVE AWAY","Y",,,"OVER $1,500","2026-03-10T23:00:00.000","UNABLE TO DETERMINE","UNABLE TO DETERMINE","5200","W","FOSTER AVE","1623",,,,,,,"2","NO INDICATION OF INJURY","0","0","0","0","0","2","0","22","3","3","41.9753282642","-87.7578382601","POINT (-87.75783826009 41.975328264207)"