"crash_record_id","crash_date_est_i","crash_date","posted_speed_limit","traffic_control_device","device_condition","weather_condition","lighting_condition","first_crash_type","trafficway_type","lane_cnt","alignment","roadway_surface_cond","road_defect","report_type","crash_type","intersection_related_i","private_property_i","hit_and_run_i","damage","date_police_notified","prim_contributory_cause","sec_contributory_cause","street_no","street_direction","street_name","beat_of_occurrence","photos_taken_i","statements_taken_i","dooring_i","work_zone_i","work_zone_type","workers_present_i","num_units","most_severe_injury","injuries_total","injuries_fatal","injuries_incapacitating","injuries_non_incapacitating","injuries_reported_not_evident","injuries_no_indication","injuries_unknown","crash_hour","crash_day_of_week","crash_month","latitude","longitude","location"
"937696e0317ba08498cbe106965088e6f0e09c0dfaad58a9a0bc4e2bda7f7e3386a4f5cca31ae8159857ffd05f2c56b6792f585f447b0b0379465e0ad4939696",,"2026-03-10T22:30:00.000","30","TRAFFIC SIGNAL","FUNCTIONING PROPERLY","RAIN","DARKNESS, LIGHTED ROAD","PEDALCYCLIST","NOT DIVIDED",,"STRAIGHT AND LEVEL","WET","NO DEFECTS","ON SCENE","INJURY AND / OR TOW DUE TO CRASH","Y",,"Y","$500 OR LESS","2026-03-10T22:40:00.000","FAILING TO YIELD RIGHT-OF-WAY","UNABLE TO DETERMINE","198","E","35TH ST","211",,,,,,,"2","REPORTED, NOT EVIDENT","1","0","0","0","1","3","0","22","3","3","41.8311679451","-87.6218405284","POINT (-87.621840528432 41.831167945072)"
"a7ff17e283c62e69dd134f91f149c65b6eeeffe1fa490dfe0d44891a002522bcc451abe6172ef3d8e9c006185975580fb46731bd622200cae73d1216338a8730",,"2026-03-10T22:30:00.000","30","NO CONTROLS","NO CONTROLS","CLEAR","DARKNESS","TURNING","NOT DIVIDED",,"STRAIGHT AND LEVEL","WET","UNKNOWN","ON SCENE","NO INJURY / DRIVE AWAY",,,"Y","OVER $1,500","2026-03-11T13:00:00.000","UNABLE TO DETERMINE","NOT APPLICABLE","2335","W","HARRISON ST","1225",,,,,,,"2","NO INDICATION OF INJURY","0","0","0","0","0","2","0","22","3","3","41.8737941453","-87.685301528","POINT (-87.685301527966 41.873794145328)"
"80d27099809ac3ab8883757df86a6bc80323a26e4b69555218895515ff727518f728cfa5b7e48684b9e9f90d16dbf0616c36417a07cac64216533b079ddc84fb",,"2026-03-10T22:01:00.000","30","STOP SIGN/FLASHER","FUNCTIONING PROPERLY","RAIN","DARKNESS, LIGHTED ROAD","PEDESTRIAN","NOT DIVIDED",,"STRAIGHT AND LEVEL","WET","UNKNOWN","ON SCENE","INJURY AND / OR TOW DUE TO CRASH","Y",,"Y","OVER $1,500","2026-03-10T23:01:00.000","DISREGARDING STOP SIGN","WEATHER","2106","E","83RD ST","414",,,,,,,"2","FATAL","1","1","0","0","0","1","0","22","3","3","41.7444799055","-87.5731112698","POINT (-87.573111269821 41.744479905458)"
"aaa3fab43dd4fea7aaad81d5be03cb9350f7e783adac4a07418c23cd8c1950ef0d50b75775a4a6a2cc2dc8fcd04ad78febfa7e43d3f06af3eeb70fdb6e8dc179",,"2026-03-10T22:01:00.000","30","NO CONTROLS","NO CONTROLS","CLEAR","DARKNESS, LIGHTED ROAD","REAR END","NOT DIVIDED",,"STRAIGHT AND LEVEL","WET","NO DEFECTS","ON SCENE","INJURY AND / OR TOW DUE TO CRASH","N","Y","Y","OVER $1,500","2026-03-10T22:01:00.000","UNABLE TO DETERMINE","UNABLE TO DETERMINE","11400","S","DOTY AVE W","531",,,,,,,"2","NONINCAPACITATING INJURY","2","0","0","2","0","1","0","22","3","3","41.6875712579","-87.6015000378","POINT (-87.601500037812 41.68757125793)"
"8903b342e69099b9798565567beccb62eb822aa316117e53ddb6cbf8b866f1eb6579863a699b4e270547b9df5b70844514d7ab4b77c1a51a53d7b4fb899d55f0","Y","2026-03-10T22:00:00.000","25","NO CONTROLS","NO CONTROLS","RAIN","DUSK","PARKED MOTOR VEHICLE","TRAFFIC ROUTE",,"STRAIGHT AND LEVEL","WET","NO DEFECTS","NOT ON SCENE (DESK REPORT)","NO INJURY / DRIVE AWAY",,,"Y","OVER $1,500","2026-03-11T17:45:00.000","WEATHER","UNABLE TO DETERMINE","10801","S","AVENUE J","432",,,,,,,"2","NO INDICATION OF INJURY","0","0","0","0","0","1","0","22","3","3","41.6990079382","-87.5339291527","POINT (-87.533929152712 41.699007938234)"
"4d71685e8b4ec99f0920217d6c85597d4e20f5ab33b0c5251e939634b5ee550cbabf4f67bdd00654bbcce995d3e3c8a2e2e57a836dd524a0c04dfc62272ea3a4",,"2026-03-10T21:48:00.000","30","STOP SIGN/FLASHER","FUNCTIONING PROPERLY","RAIN","DARKNESS, LIGHTED ROAD","REAR END","NOT DIVIDED",,"STRAIGHT AND LEVEL","WET","NO DEFECTS","ON SCENE","INJURY AND / OR TOW DUE TO CRASH","Y",,"Y","OVER $1,500","2026-03-10T21:57:00.000","FAILING TO REDUCE SPEED TO AVOID CRASH","NOT APPLICABLE","6000","S","PRINCETON AVE","711",,,,,,,"3","NO INDICATION OF INJURY","0","0","0","0","0","3","0","21","3","3","41.7853668201","-87.6328986174","POINT (-87.632898617446 41.785366820147)"
"29104322fd3df46f6e331c51c953dad57f114572642c51d9e1ebb5d2fc599c5645335e9747b7d636e3bd20fd9d2792ab5f80f5d50b67b45b4e90649ee78be481",,"2026-03-10T21:22:00.000","30","TRAFFIC SIGNAL","FUNCTIONING IMPROPERLY","RAIN","DARKNESS, LIGHTED ROAD","ANGLE","FOUR WAY",,"STRAIGHT AND LEVEL","WET","UNKNOWN","ON SCENE","INJURY AND / OR TOW DUE TO CRASH","Y",,"Y","OVER $1,500","2026-03-10T21:22:00.000","FAILING TO YIELD RIGHT-OF-WAY","NOT APPLICABLE","3798","W","WASHINGTON BLVD","1122",,,,,,,"2","REPORTED, NOT EVIDENT","1","0","0","0","1","1","0","21","3","3","41.8820061742","-87.720701597","POINT (-87.720701596994 41.882006174164)"
"93c77ea1984ad2e6f383d837af287b833f5a3174888619050648136abe242427e37575eadac14124ea7af4f09461f8bbc56ca6abd6b8b6cbd53553457e8c9737",,"2026-03-10T21:10:00.000","35","NO CONTROLS","NO CONTROLS","RAIN","DARKNESS, LIGHTED ROAD","SIDESWIPE SAME DIRECTION","NOT DIVIDED",,"STRAIGHT AND LEVEL","WET","NO DEFECTS","NOT ON SCENE (DESK REPORT)","NO INJURY / DRIVE AWAY",,,,"$500 OR LESS","2026-03-10T23:30:00.000","UNABLE TO DETERMINE","UNABLE TO DETERMINE","1600","W","DIVISION ST","1424",,,,,,,"2","NO INDICATION OF INJURY","0","0","0","0","0","2","0","21","3","3","41.9034553165","-87.667558994","POINT (-87.66755899397 41.903455316484)"
"968d37fa93af4073fbfd4ccfb91c80aa78a227c7805d37becc7ce04dad718f992ad74d86a173a44d3ae2bbac54574f424ab8e8fc870d05153e36379c6027dd9d",,"2026-03-10T21:10:00.000","30","TRAFFIC SIGNAL","FUNCTIONING IMPROPERLY","RAIN","DARKNESS, LIGHTED ROAD","ANGLE","FOUR WAY",,"STRAIGHT AND LEVEL","WET","NO DEFECTS","ON SCENE","INJURY AND / OR TOW DUE TO CRASH","Y",,"Y","OVER $1,500","2026-03-10T21:10:00.000","UNABLE TO DETERMINE","NOT APPLICABLE","100","N","HAMLIN BLVD","1122",,,,,,,"2","NONINCAPACITATING INJURY","1","0","0","1","0","1","0","21","3","3","41.8819494777","-87.7209688023","POINT (-87.720968802268 41.881949477729)"
"46769775c7f9e4f72a6e137b67b30cf5f2ae52fc3464657ec5acdb6edee2b713d5607665e5eac80ab435f7740978b3d1e692eec8816206ccb727e9066b36fcb2",,"2026-03-10T20:50:00.000","20","NO CONTROLS","NO CONTROLS","RAIN","DARKNESS, LIGHTED ROAD","REAR TO FRONT","PARKING LOT",,"STRAIGHT AND LEVEL","WET","NO DEFECTS","NOT ON SCENE (DESK REPORT)","NO INJURY / DRIVE AWAY",,,,"OVER $1,500","2026-03-10T21:40:00.000","IMPROPER BACKING","NOT APPLICABLE","4345","W","ARMITAGE AVE","2534",,,,,,,"2","NO INDICATION OF INJURY","0","0","0","0","0","2","0","20","3","3","41.9169419137","-87.7357096893","POINT (-87.735709689262 41.916941913735)"
"d6157a1f5e57154dd90c985420ac1bdb3f6834505307a03ff3a107019b62a9dc8d901b116c660452e1b1a28315bae2ad8669330fa5df33045bae1de1ba554f97",,"2026-03-10T20:41:00.000","30","TRAFFIC SIGNAL","FUNCTIONING PROPERLY","RAIN","DARKNESS, LIGHTED ROAD","PARKED MOTOR VEHICLE","DIVIDED - W/MEDIAN (NOT RAISED)",,"STRAIGHT AND LEVEL","WET","UNKNOWN","ON SCENE","INJURY AND / OR TOW DUE TO CRASH",,,,"OVER $1,500","2026-03-10T21:45:00.000","PHYSICAL CONDITION OF DRIVER","WEATHER","4712","S","WABASH AVE","224",,"Y",,,,,"3","NO INDICATION OF INJURY","0","0","0","0","0","1","0","20","3","3","41.8088299772","-87.6245908554","POINT (-87.624590855446 41.808829977245)"
"c37a9019ea802e3fe4b2440d2b8f39a1d9a1b2d39520b1b73b4bf2ff3276abcd40ab036fc5c5184036846a4e5ff9f7d4820a9c44e6018d63e310bc5866128f33",,"2026-03-10T20:30:00.000","30","NO CONTROLS","NO CONTROLS","RAIN","DARKNESS, LIGHTED ROAD","PARKED MOTOR VEHICLE","DIVIDED - W/MEDIAN (NOT RAISED)",,"STRAIGHT AND LEVEL","WET","NO DEFECTS","ON SCENE","INJURY AND / OR TOW DUE TO CRASH",,,,"OVER $1,500","2026-03-10T21:07:00.000","UNABLE TO DETERMINE","UNABLE TO DETERMINE","4059","W","CERMAK RD","1013",,,,,,,"2","NONINCAPACITATING INJURY","1","0","0","1","0","0","0","20","3","3","41.8514070167","-87.7268539996","POINT (-87.726853999599 41.851407016705)"
"0d534a0a8f7c22cee948930291ceceddefbfb5c48bd33ed37d68c4c020254dfcfac0e4f54c15ebf54082b06ba83a0d867baf1044298dd492d89b09bc085225f1",,"2026-03-10T20:20:00.000","30","NO CONTROLS","NO CONTROLS","CLEAR","DARKNESS, LIGHTED ROAD","SIDESWIPE SAME DIRECTION","NOT DIVIDED",,"STRAIGHT AND LEVEL","WET","NO DEFECTS","NOT ON SCENE (DESK REPORT)","NO INJURY / DRIVE AWAY",,,,"OVER $1,500","2026-03-11T21:30:00.000","FAILING TO YIELD RIGHT-OF-WAY","NOT APPLICABLE","3545","W","ADDISON ST","1732",,,,,,,"2","NO INDICATION OF INJURY","0","0","0","0","0","4","0","20","3","3","41.9464032543","-87.7168845434","POINT (-87.716884543384 41.946403254255)"
"4dc58ec6dee9644ad0bd0606645e905d665f32a78318fea9dd84472f7b36e94db287450afb28ee539c9d83a845d4833e83ef1aa3798b8aea16cd07802643bf21","N","2026-03-10T20:15:00.000","30","NO CONTROLS","NO CONTROLS","OTHER","DARKNESS, LIGHTED ROAD","ANGLE","NOT DIVIDED",,"STRAIGHT AND LEVEL","WET","UNKNOWN","NOT ON SCENE (DESK REPORT)","NO INJURY / DRIVE AWAY",,,,"OVER $1,500","2026-03-10T20:38:00.000","FAILING TO YIELD RIGHT-OF-WAY","NOT APPLICABLE","2634","W","CERMAK RD","1023",,,,,,,"2","NO INDICATION OF INJURY","0","0","0","0","0","2","0","20","3","3","41.8520595263","-87.6919606842","POINT (-87.691960684239 41.852059526295)"
"ac59844b5f17f7a08d091135ae10bd74923c0dd2b9d6c04cd3920e8f47a0869626d0fc39cb1ae15316f71708d241388bb5506da17bdb5f92dceee2d95793932d",,"2026-03-10T20:00:00.000","30","NO CONTROLS","NO CONTROLS","RAIN","DARKNESS, LIGHTED ROAD","PARKED MOTOR VEHICLE","NOT DIVIDED",,"STRAIGHT AND LEVEL","WET","UNKNOWN","NOT ON SCENE (DESK REPORT)","NO INJURY / DRIVE AWAY",,,,"$500 OR LESS","2026-03-10T20:40:00.000","WEATHER","NOT APPLICABLE","4404","N","ARTESIAN AVE","1911",,,,,,,"2","NO INDICATION OF INJURY","0","0","0","0","0","1","0","20","3","3","41.9615065196","-87.6900602536","POINT (-87.690060253566 41.961506519565)"
"caa59f3f808bbafd83b9e0e69a32186aeac24991d3651c0658ec5e4d4efafaa05bbeca524e20a63a9a1df4cb5dd384ff295df9f3f76c3337be0408d5f8dbd32c",,"2026-03-10T20:00:00.000","25","STOP SIGN/FLASHER","NO CONTROLS","RAIN","DARKNESS, LIGHTED ROAD","PARKED MOTOR VEHICLE","ONE-WAY",,"STRAIGHT AND LEVEL","WET","UNKNOWN","NOT ON SCENE (DESK REPORT)","INJURY AND / OR TOW DUE TO CRASH",,,,"$500 OR LESS","2026-03-10T21:10:00.000","UNABLE TO DETERMINE","WEATHER","1449","S","DRAKE AVE","1021",,,,,,,"2","NO INDICATION OF INJURY","0","0","0","0","0","1","0","20","3","3","41.8608984075","-87.7138961387","POINT (-87.713896138705 41.860898407466)"
"078b07c3f09a5767bd77a8010277b2131b30580aad5251d609035796d07b3920236d1b7a9bd79d56297e2c005b628c62be1fbee88b3e951ee3f0e39d9e1b906e",,"2026-03-10T19:45:00.000","30","NO CONTROLS","NO CONTROLS","CLEAR","DARKNESS","PARKED MOTOR VEHICLE","NOT DIVIDED",,"STRAIGHT AND LEVEL","DRY","NO DEFECTS","NOT ON SCENE (DESK REPORT)","NO INJURY / DRIVE AWAY",,,,"OVER $1,500","2026-03-10T20:36:00.000","FAILING TO YIELD RIGHT-OF-WAY","FAILING TO YIELD RIGHT-OF-WAY","1001","W","FULTON MARKET","1214",,,,,,,"2","NO INDICATION OF INJURY","0","0","0","0","0","3","0","19","3","3","41.8866288007","-87.6522287278","POINT (-87.652228727788 41.886628800654)"
"5816cf873d4c0daa148b0b227737075318ea2e64e2bd66e78978929ebb700d050543cbcf5fcc80a34966463f30f14671ec25f50e253ba6a4c6aa86c0bf197642",,"2026-03-10T19:35:00.000","30","TRAFFIC SIGNAL","FUNCTIONING PROPERLY","RAIN","DARKNESS, LIGHTED ROAD","PEDALCYCLIST","DIVIDED - W/MEDIAN (NOT RAISED)",,"STRAIGHT AND LEVEL","WET","NO DEFECTS","ON SCENE","INJURY AND / OR TOW DUE TO CRASH","Y",,,"OVER $1,500","2026-03-10T19:38:00.000","FAILING TO YIELD RIGHT-OF-WAY","NOT APPLICABLE","1001","N","WELLS ST","1824",,,,,,,"2","REPORTED, NOT EVIDENT","1","0","0","0","1","2","0","19","3","3","41.9005854066","-87.6342086789","POINT (-87.634208678879 41.900585406626)"
"78a94d0aec2244d083bda9b998b3e6f750d5d5aeec258f967c526b222702ee3c17c639f261fdcae7a6a6e6d5544a9c1a0edc311525ac7c6078fcb160d4097501",,"2026-03-10T19:30:00.000","30","NO CONTROLS","OTHER","CLEAR","DARKNESS, LIGHTED ROAD","PARKED MOTOR VEHICLE","OTHER",,"STRAIGHT AND LEVEL","DRY","NO DEFECTS","ON SCENE","NO INJURY / DRIVE AWAY","Y",,"Y","OVER $1,500","2026-03-10T19:47:00.000","UNABLE TO DETERMINE","UNABLE TO DETERMINE","2801","S","KEELEY ST","913",,,,,,,"2","NO INDICATION OF INJURY","0","0","0","0","0","1","0","19","3","3","41.84279768","-87.6552669117","POINT (-87.655266911678 41.842797679981)"
"94f6a6ea5856b21d85fa7fde8fef7ca7a7873f9b9015324a296057981fb7fa7148994c22f8e8bc5c57867ccb8fde64ee3ce07d0d1784515251d996664a7eac50",,"2026-03-10T19:30:00.000","30","TRAFFIC SIGNAL","FUNCTIONING PROPERLY","CLEAR","DARKNESS","REAR END","DIVIDED - W/MEDIAN (NOT RAISED)",,"STRAIGHT AND LEVEL","DRY","NO DEFECTS","NOT ON SCENE (DESK REPORT)","INJURY AND / OR TOW DUE TO CRASH",,,"Y","$500 OR LESS","2026-03-10T20:10:00.000","FOLLOWING TOO CLOSELY","NOT APPLICABLE","800","W","TAYLOR ST","1232",,,,,,,"2","REPORTED, NOT EVIDENT","2","0","0","0","2","2","0","19","3","3","41.8697054313","-87.6470769198","POINT (-87.647076919821 41.869705431293)"
"cc4ab96eafdcea2f9fc697af3a37a914c1c69fc968cd4c6e560222aed20d09189978bfc2725ddaea964d2430e07b9f101ff049f1b15126bd032e2354650a7e86",,"2026-03-10T19:30:00.000","25","NO CONTROLS","NO CONTROLS","RAIN","DARKNESS, LIGHTED ROAD","TURNING","NOT DIVIDED",,"STRAIGHT AND LEVEL","WET","UNKNOWN","ON SCENE","NO INJURY / DRIVE AWAY",,,"Y","OVER $1,500","2026-03-10T19:40:00.000","UNABLE TO DETERMINE","NOT APPLICABLE","5316","S","HARPER AVE","234",,,,,,,"2","NO INDICATION OF INJURY","0","0","0","0","0","2","0","19","3","3","41.7989899475","-87.5892249928","POINT (-87.589224992766 41.79898994746)"
"e79846f471a899f6222c70ef2c587565bdfe2ab4089ea776f0518462aa6843719b73c85b4da4fe710d441bf9c553773d5e1bef39eee67b51bf018e8fdf68d568",,"2026-03-10T19:30:00.000","30","NO CONTROLS","NO CONTROLS","RAIN","DARKNESS","PARKED MOTOR VEHICLE","OTHER",,"STRAIGHT AND LEVEL","WET","RUT, HOLES","ON SCENE","INJURY AND / OR TOW DUE TO CRASH",,,,"$501 - $1,500","2026-03-10T19:59:00.000","IMPROPER OVERTAKING/PASSING","NOT APPLICABLE","860","E","59TH ST","235",,,,,,,"2","NO INDICATION OF INJURY","0","0","0","0","0","1","0","19","3","3","41.7878302794","-87.6037454586","POINT (-87.603745458579 41.787830279361)"
"1dd506233b99c1d806a9278bb6db3f49fb6343b7b9320bad804e0a69f8efca3e3e9b626d5b80f5c8c5197aa9122598b18aa5ac67ddfbd8444ee78b6d552577ae",,"2026-03-10T19:28:00.000","20","NO CONTROLS","NO CONTROLS","RAIN","DARKNESS, LIGHTED ROAD","PEDALCYCLIST","NOT DIVIDED",,"STRAIGHT AND LEVEL","WET","NO DEFECTS","ON SCENE","NO INJURY / DRIVE AWAY",,,,"$500 OR LESS","2026-03-10T19:29:00.000","WEATHER","NOT APPLICABLE","5501","N","ROCKWELL ST","2011",,,"Y",,,,"2","NO INDICATION OF INJURY","0","0","0","0","0","2","0","19","3","3","41.9813696436","-87.6940926507","POINT (-87.694092650738 41.981369643647)"
"f2d1f66189b19b6dcbecf4de0b8c576d7f6604d696cd34f1eeea474c2542e99aeb566dc8561a0b930020dca828e4f8eb1651e06e8d45a051ca1f2ae3278fc5df",,"2026-03-10T19:20:00.000","30","TRAFFIC SIGNAL","FUNCTIONING PROPERLY","CLEAR","DUSK","REAR END","DIVIDED - W/MEDIAN (NOT RAISED)",,"STRAIGHT AND LEVEL","WET","UNKNOWN","NOT ON SCENE (DESK REPORT)","NO INJURY / DRIVE AWAY",,,"Y","OVER $1,500","2026-03-10T19:35:00.000","UNABLE TO DETERMINE","UNABLE TO DETERMINE","45","W","95TH ST","511",,,,,,,"2","NO INDICATION OF INJURY","0","0","0","0","0","2","0","19","3","3","41.7215897036","-87.6255883711","POINT (-87.625588371128 41.721589703626)"
"32a60a4b5c9711fd223cc2cfdea9fd0e89dac0c0f9e84b2c38ae9308aea70f411199f328588abe558996841017ff6824f54f0a35d051a5617a020df48bbbcf80",,"2026-03-10T19:15:00.000","30","NO CONTROLS","NO CONTROLS","UNKNOWN","DUSK","TURNING","DIVIDED - W/MEDIAN (NOT RAISED)",,"STRAIGHT AND LEVEL","UNKNOWN","UNKNOWN","NOT ON SCENE (DESK REPORT)","NO INJURY / DRIVE AWAY",,,"Y","OVER $1,500","2026-03-10T20:00:00.000","DRIVING SKILLS/KNOWLEDGE/EXPERIENCE","UNABLE TO DETERMINE","116","W","95TH ST","634",,,,,,,"2","NO INDICATION OF INJURY","0","0","0","0","0","2","0","19","3","3","41.7217923243","-87.6270285482","POINT (-87.627028548199 41.721792324267)"
"2e6237af075670005cbad7900a75f9ec4280ecb5ead0cf91e9b991dc399f78131b89ad2e1e51c734a69204b254f069b1d1a46b4d456ce5b1caca2860b39aa47d",,"2026-03-10T19:00:00.000","30","NO CONTROLS","NO CONTROLS","CLEAR","DARKNESS","REAR END","NOT DIVIDED",,"STRAIGHT AND LEVEL","DRY","UNKNOWN","NOT ON SCENE (DESK REPORT)","NO INJURY / DRIVE AWAY",,,,"$501 - $1,500","2026-03-10T19:40:00.000","FOLLOWING TOO CLOSELY","FOLLOWING TOO CLOSELY","6000","N","AVONDALE AVE","1612",,,,,,,"2","NO INDICATION OF INJURY","0","0","0","0","0","2","0","19","3","3","41.9902337298","-87.7972198793","POINT (-87.797219879274 41.990233729787)"
"f89d916b3864ba2b07c5d22042489a84a7991925636e913744ae38ec670e924717711b028be7fa59850a407c66976a99d456c9c4c545c70a287f1477980c74a8",,"2026-03-10T19:00:00.000","5","NO CONTROLS","NO CONTROLS","RAIN","DARKNESS, LIGHTED ROAD","PARKED MOTOR VEHICLE","DRIVEWAY",,"STRAIGHT AND LEVEL","WET","NO DEFECTS","ON SCENE","NO INJURY / DRIVE AWAY",,,,"OVER $1,500","2026-03-10T19:14:00.000","FAILING TO REDUCE SPEED TO AVOID CRASH","NOT APPLICABLE","2213","W","WARREN BLVD","1223",,,,,,,"2","NO INDICATION OF INJURY","0","0","0","0","0","1","0","19","3","3","41.8820355925","-87.6820871954","POINT (-87.682087195442 41.882035592463)"
"7e5a4fe8e7d87a3d53f62919eb8bc8432afff67f7227e8b955aaef8dd5b3450b12008283f54fb336a762c5955c6792cb5b9ca984e179212b0cf5333f822f910d",,"2026-03-10T18:58:00.000","30","NO CONTROLS","NO CONTROLS","CLEAR","DARKNESS, LIGHTED ROAD","TURNING","FOUR WAY",,"STRAIGHT AND LEVEL","DRY","NO DEFECTS","ON SCENE","INJURY AND / OR TOW DUE TO CRASH",,,,"OVER $1,500","2026-03-10T19:10:00.000","IMPROPER TURNING/NO SIGNAL","UNABLE TO DETERMINE","7628","S","STONY ISLAND AVE","411",,,,,,,"2","NO INDICATION OF INJURY","0","0","0","0","0","2","0","18","3","3","41.7560702278","-87.586218639","POINT (-87.586218638985 41.756070227788)"
"0b65d215414f453fce3e8f952e77ad4749d051827ca890a11980abbbaa9864f978629ae276af49a465f8a797335e35a9a2f6b016b34a8445861a0031b430d95f",,"2026-03-10T18:40:00.000","30","TRAFFIC SIGNAL","UNKNOWN","RAIN","DARKNESS","TURNING","NOT DIVIDED",,"STRAIGHT AND LEVEL","WET","UNKNOWN","ON SCENE","INJURY AND / OR TOW DUE TO CRASH","Y",,,"OVER $1,500","2026-03-10T18:41:00.000","UNABLE TO DETERMINE","NOT APPLICABLE","6900","S","WESTERN AVE","832",,,,,,,"2","NO INDICATION OF INJURY","0","0","0","0","0","4","0","18","3","3","41.7682384769","-87.6834869571","POINT (-87.68348695709 41.76823847692)"
"36641762a2aaae04fcba470446280a91e438def42d2742535e7d51b27df1e48d0607a240f44c239a241a52a6d773d734584dd02f07352a83706d53a8fb190ebd",,"2026-03-10T18:40:00.000","30","TRAFFIC SIGNAL","FUNCTIONING PROPERLY","RAIN","DARKNESS, LIGHTED ROAD","ANGLE","DIVIDED - W/MEDIAN (NOT RAISED)",,"STRAIGHT AND LEVEL","WET","NO DEFECTS","NOT ON SCENE (DESK REPORT)","INJURY AND / OR TOW DUE TO CRASH",,,"Y","OVER $1,500","2026-03-10T21:10:00.000","FAILING TO YIELD RIGHT-OF-WAY","FAILING TO REDUCE SPEED TO AVOID CRASH","6411","N","WESTERN AVE","2412",,,,,,,"2","NO INDICATION OF INJURY","0","0","0","0","0","2","0","18","3","3","41.9981045776","-87.6897480194","POINT (-87.689748019372 41.998104577645)"
"58897ee38cd0d0a7e45dfabb21529eff47ebb7043b445154454e68361e2e308d76b21a91427bc6b3060bb951d01002266f5d3b009e14b4e07b39f090ec089e2d",,"2026-03-10T18:40:00.000","20","NO CONTROLS","NO CONTROLS","RAIN","DARKNESS, LIGHTED ROAD","SIDESWIPE SAME DIRECTION","NOT DIVIDED",,"STRAIGHT AND LEVEL","WET","NO DEFECTS","NOT ON SCENE (DESK REPORT)","NO INJURY / DRIVE AWAY","Y",,,"OVER $1,500","2026-03-10T19:30:00.000","UNABLE TO DETERMINE","UNABLE TO DETERMINE","10","N","LARAMIE AVE","1522",,,,,,,"2","NO INDICATION OF INJURY","0","0","0","0","0","2","0","18","3","3","41.8806794316","-87.7552240211","POINT (-87.755224021138 41.880679431628)"
"7565e9a202e31670bf1b9d54b289d2807cac14362a4d824428ab3dd4f5e68f496de130623c84787e445b17d7e8d0bf93447cf0d043c4ca0e99d7d9a61f006b69",,"2026-03-10T18:30:00.000","30","NO CONTROLS","NO CONTROLS","RAIN","DAYLIGHT","PARKED MOTOR VEHICLE","DIVIDED - W/MEDIAN (NOT RAISED)",,"STRAIGHT AND LEVEL","WET","UNKNOWN","ON SCENE","INJURY AND / OR TOW DUE TO CRASH",,,,"OVER $1,500","2026-03-10T18:30:00.000","UNABLE TO DETERMINE","WEATHER","6815","N","SHERIDAN RD","2431",,,,,,,"2","NO INDICATION OF INJURY","0","0","0","0","0","1","0","18","3","3","42.0060608254","-87.660911003","POINT (-87.660911003004 42.006060825387)"
"bfad659b3e1c19bb6651722dd334769333bc4a4e38e2f9607b0d7b2a31fa63c7d183db6f3a83a11da8618b9d5618980b20103263b7d45cc73a1b567ee14a1e6e",,"2026-03-10T18:25:00.000","35","TRAFFIC SIGNAL","FUNCTIONING PROPERLY","CLOUDY/OVERCAST","DAYLIGHT","TURNING","NOT DIVIDED",,"STRAIGHT AND LEVEL","WET","UNKNOWN","ON SCENE","INJURY AND / OR TOW DUE TO CRASH","Y",,,"OVER $1,500","2026-03-10T18:27:00.000","FAILING TO YIELD RIGHT-OF-WAY","DRIVING SKILLS/KNOWLEDGE/EXPERIENCE","5401","N","CUMBERLAND AVE","1614",,,,,,,"2","NONINCAPACITATING INJURY","3","0","0","3","0","2","0","18","3","3","41.9774970482","-87.8364603165","POINT (-87.836460316541 41.977497048237)"
"98fad255d69e448c6bdd4b619bce599e364869aed6602bd3679a374fd18ab4a4e5256a7a3d04cc8fc212190e66603496d5565f93968e37721421fdeaba0dc382",,"2026-03-10T18:20:00.000","30","NO CONTROLS","NO CONTROLS","CLEAR","DUSK","REAR END","NOT DIVIDED",,"STRAIGHT AND LEVEL","DRY","UNKNOWN","NOT ON SCENE (DESK REPORT)","NO INJURY / DRIVE AWAY",,,,"OVER $1,500","2026-03-10T21:30:00.000","FOLLOWING TOO CLOSELY","NOT APPLICABLE","6336","N","MILWAUKEE AVE","1611","Y",,,,,,"2","NO INDICATION OF INJURY","0","0","0","0","0","2","0","18","3","3","41.9959330913","-87.7867193987","POINT (-87.786719398716 41.995933091277)"
"3f82b05a0336cde4c50271f8a1c26c0c4652ce440876affe96dd829cbe62ed774cc9c914fc7fc4d82bb864398709c38c47db0b6f5e27cdc6cd6475ec2e132210",,"2026-03-10T18:15:00.000","30","STOP SIGN/FLASHER","OTHER","RAIN","DAWN","PEDESTRIAN","ONE-WAY",,"STRAIGHT AND LEVEL","WET","NO DEFECTS","ON SCENE","INJURY AND / OR TOW DUE TO CRASH",,,,"OVER $1,500","2026-03-10T18:28:00.000","DISREGARDING STOP SIGN","DISREGARDING STOP SIGN","5075","W","HIRSCH ST","2533",,,,,,,"2","NONINCAPACITATING INJURY","1","0","0","1","0","1","0","18","3","3","41.9057950942","-87.7533436239","POINT (-87.753343623942 41.905795094214)"