"crash_record_id","crash_date_est_i","crash_date","posted_speed_limit","traffic_control_device","device_condition","weather_condition","lighting_condition","first_crash_type","trafficway_type","lane_cnt","alignment","roadway_surface_cond","road_defect","report_type","crash_type","intersection_related_i","private_property_i","hit_and_run_i","damage","date_police_notified","prim_contributory_cause","sec_contributory_cause","street_no","street_direction","street_name","beat_of_occurrence","photos_taken_i","statements_taken_i","dooring_i","work_zone_i","work_zone_type","workers_present_i","num_units","most_severe_injury","injuries_total","injuries_fatal","injuries_incapacitating","injuries_non_incapacitating","injuries_reported_not_evident","injuries_no_indication","injuries_unknown","crash_hour","crash_day_of_week","crash_month","latitude","longitude","location"
"bf91560302d225e259667bb76c4ea4b2c0a5fea43bb27312d87432cddc0c92b8ac6c2ef7dc3365a272b6d33e495627ecd34b6f6147e8184fdbd45a4f098e6cc2",,"2026-03-10T18:11:00.000","30","NO CONTROLS","NO CONTROLS","RAIN","DAYLIGHT","REAR END","DIVIDED - W/MEDIAN BARRIER",,"STRAIGHT AND LEVEL","WET","NO DEFECTS","ON SCENE","NO INJURY / DRIVE AWAY","Y",,,"OVER $1,500","2026-03-10T18:11:00.000","FOLLOWING TOO CLOSELY","FOLLOWING TOO CLOSELY","2415","W","26TH ST","1034","Y",,,,,,"2","NO INDICATION OF INJURY","0","0","0","0","0","3","0","18","3","3","41.844701377","-87.686217863","POINT (-87.686217862988 41.844701376999)"
"5c69adbdf00f91aa2fad4299c8a3ddc490053e1ff43c4f1a06c28b9aa800441221a18601d3b95db087ba481a6a4bf02e3da85a62f6ce666ab60efe8d0339d562",,"2026-03-10T18:10:00.000","25","STOP SIGN/FLASHER","FUNCTIONING PROPERLY","RAIN","UNKNOWN","ANGLE","T-INTERSECTION",,"STRAIGHT AND LEVEL","WET","NO DEFECTS","ON SCENE","INJURY AND / OR TOW DUE TO CRASH","Y",,,"OVER $1,500","2026-03-10T18:44:00.000","UNABLE TO DETERMINE","UNABLE TO DETERMINE","300","N","LOCKWOOD AVE","1523",,,,,,,"2","NONINCAPACITATING INJURY","1","0","0","1","0","2","0","18","3","3","41.885692493","-87.7578561937","POINT (-87.75785619366 41.885692492991)"
"56ecb805ac13d0bf134727a31b2f2f4e1d2eb20f071c1f9a0b5bbd0b0d335b3d0a90deb4677b6b28e8e7c5ca72d11117aec6c4b9835e21dc5fb0549fdfd11298",,"2026-03-10T18:00:00.000","30","NO CONTROLS","NO CONTROLS","FREEZING RAIN/DRIZZLE","DAYLIGHT","SIDESWIPE SAME DIRECTION","DIVIDED - W/MEDIAN (NOT RAISED)",,"STRAIGHT AND LEVEL","WET","NO DEFECTS","NOT ON SCENE (DESK REPORT)","NO INJURY / DRIVE AWAY",,,,"OVER $1,500","2026-03-11T10:40:00.000","UNABLE TO DETERMINE","UNABLE TO DETERMINE","1200","N","DEARBORN ST","1824",,,,,,,"2","NO INDICATION OF INJURY","0","0","0","0","0","2","0","18","3","3","41.904014776","-87.6301357182","POINT (-87.630135718189 41.904014776006)"
"b6970f82f589d904678ebc616ef4ffcfe879100d1bd9b30934da705983933e04b6f76a55b812ef55131ba73cd0b732c0210501c0b16f44b232b6d30e8b87ff15",,"2026-03-10T18:00:00.000","25","NO CONTROLS","NO CONTROLS","RAIN","DARKNESS, LIGHTED ROAD","ANGLE","OTHER",,"STRAIGHT AND LEVEL","WET","NO DEFECTS","ON SCENE","INJURY AND / OR TOW DUE TO CRASH",,,,"OVER $1,500","2026-03-11T20:15:00.000","FAILING TO YIELD RIGHT-OF-WAY","FAILING TO YIELD RIGHT-OF-WAY","1632","W","66TH ST","725",,,,,,,"2","NO INDICATION OF INJURY","0","0","0","0","0","2","0","18","3","3","41.7741048707","-87.6653982063","POINT (-87.665398206313 41.77410487072)"
"79fb4aa40655aee394ac700d8b80529ff18d55b6c57f1e8470e8517fd3c1fe2b3df8b64b292fd90ccf7b7b2a67412d96c41cf46a39d74062aefc9c1858867b1c",,"2026-03-10T17:55:00.000","25","NO CONTROLS","NO CONTROLS","RAIN","DAYLIGHT","PARKED MOTOR VEHICLE","ONE-WAY",,"STRAIGHT AND LEVEL","WET","NO DEFECTS","NOT ON SCENE (DESK REPORT)","NO INJURY / DRIVE AWAY",,,,"OVER $1,500","2026-03-10T18:42:00.000","DRIVING SKILLS/KNOWLEDGE/EXPERIENCE","NOT APPLICABLE","7349","S","EVANS AVE","323",,,,,,,"2","NO INDICATION OF INJURY","0","0","0","0","0","2","0","17","3","3","41.7607593147","-87.6065366153","POINT (-87.606536615346 41.760759314685)"
"3c908ba1d8e3c28cb7539c397aa15b6d75fcc52320f67ba3238a126c63bf93736477cfb41a845bd9c1ce43a02661a60b9eff125df5641ab34200fd6b6c785914",,"2026-03-10T17:47:00.000","25","NO CONTROLS","NO CONTROLS","FOG/SMOKE/HAZE","DAYLIGHT","REAR END","NOT DIVIDED",,"STRAIGHT AND LEVEL","DRY","NO DEFECTS","ON SCENE","NO INJURY / DRIVE AWAY","Y",,,"$500 OR LESS","2026-03-10T17:48:00.000","UNABLE TO DETERMINE","NOT APPLICABLE","436","E","87TH ST","632",,,,,,,"3","NO INDICATION OF INJURY","0","0","0","0","0","3","0","17","3","3","41.7366350488","-87.6129899111","POINT (-87.612989911072 41.736635048777)"
"de9d75d5d5e7f60cf8f915c2a6b6885082ca15145e0f814cbc05f37f50cc535550bb6d5e880dfb941b1b2e05a497a6fa34dc108b5f1b74628bc3dc9885327e99",,"2026-03-10T17:45:00.000","30","NO CONTROLS","NO CONTROLS","CLOUDY/OVERCAST","DAYLIGHT","ANGLE","NOT DIVIDED",,"STRAIGHT AND LEVEL","WET","NO DEFECTS","ON SCENE","NO INJURY / DRIVE AWAY",,,,"$501 - $1,500","2026-03-10T17:59:00.000","UNABLE TO DETERMINE","UNABLE TO DETERMINE","3232","N","HARLEM AVE","1631",,,,,,,"2","NO INDICATION OF INJURY","0","0","0","0","0","6","0","17","3","3","41.9389859689","-87.8069290648","POINT (-87.806929064795 41.93898596894)"
"d608ba8ce230e528a784adf5b60d9e3e12bd3707f50e40cb211f73ce01438daa5655528bc9f9a2d4823ed5d4bbddce305f687f0fa92a0d16c505c0a3761d727d",,"2026-03-10T17:40:00.000","30","TRAFFIC SIGNAL","FUNCTIONING PROPERLY","CLEAR","DAYLIGHT","TURNING","NOT DIVIDED",,"STRAIGHT AND LEVEL","DRY","NO DEFECTS","NOT ON SCENE (DESK REPORT)","NO INJURY / DRIVE AWAY",,,,"$501 - $1,500","2026-03-10T17:50:00.000","UNABLE TO DETERMINE","NOT APPLICABLE","11163","S","VINCENNES AVE","2234",,,,,,,"2","NO INDICATION OF INJURY","0","0","0","0","0","3","0","17","3","3","41.6904250936","-87.6642909057","POINT (-87.664290905691 41.690425093607)"
"c265a217e55627d62580cd31a4ccbef4bf80bc1b24a311898f250027ba43f3d37dad8e385e9efca612b0e86830befa639ae8cbb617070bb3107c68ff1decac4a",,"2026-03-10T17:31:00.000","30","TRAFFIC SIGNAL","FUNCTIONING PROPERLY","CLEAR","DAYLIGHT","REAR END","ONE-WAY",,"STRAIGHT AND LEVEL","DRY","NO DEFECTS","NOT ON SCENE (DESK REPORT)","INJURY AND / OR TOW DUE TO CRASH",,,,"$500 OR LESS","2026-03-10T18:30:00.000","UNABLE TO DETERMINE","NOT APPLICABLE","803","N","DEARBORN ST","1832",,,,,,,"2","REPORTED, NOT EVIDENT","1","0","0","0","1","2","0","17","3","3","41.8967834984","-87.6296297031","POINT (-87.629629703136 41.896783498445)"
"77b623c1327e018fdee14005a6b617e64fec09dea48cb920ff80742cd0b34c0efd2a4d9c02bc32b28ed33000d6060e0d441e1acb90a6639c2ba5545f3b68c1e8",,"2026-03-10T17:30:00.000","30","NO CONTROLS","NO CONTROLS","RAIN","DARKNESS, LIGHTED ROAD","SIDESWIPE SAME DIRECTION","ONE-WAY",,"STRAIGHT AND LEVEL","WET","UNKNOWN","NOT ON SCENE (DESK REPORT)","NO INJURY / DRIVE AWAY",,,,"$501 - $1,500","2026-03-11T19:00:00.000","UNABLE TO DETERMINE","UNABLE TO DETERMINE","2548","S","KEELER AVE","1013",,,,,,,"2","NO INDICATION OF INJURY","0","0","0","0","0","2","0","17","3","3","41.8445459874","-87.7295736841","POINT (-87.729573684113 41.844545987395)"
"7b04990b0974fc62680e962d445d6a49f90ca89c86e384748fb89fbcbd9e66d982e7efd1f20e480aebd1102e859899ef8c90474c86a5115bf44d17b5ee3f1de2",,"2026-03-10T17:30:00.000","30","NO CONTROLS","NO CONTROLS","CLEAR","DAYLIGHT","SIDESWIPE SAME DIRECTION","CENTER TURN LANE",,"STRAIGHT AND LEVEL","DRY","NO DEFECTS","NOT ON SCENE (DESK REPORT)","NO INJURY / DRIVE AWAY",,,"Y","$500 OR LESS","2026-03-12T10:00:00.000","IMPROPER OVERTAKING/PASSING","FOLLOWING TOO CLOSELY","1255","W","99TH ST","2213",,,,,,,"2","NO INDICATION OF INJURY","0","0","0","0","0","2","0","17","3","3","41.7139518981","-87.65491999","POINT (-87.654919989964 41.713951898067)"
"d28b129546cca7f1ae53b3296de3ff9db581a836fe77fd4583fb6909817764f22755f43f4540c1f3a8c49e130d6147714bb3d9e94f820a57187e0db260beae0d",,"2026-03-10T17:30:00.000","30","NO CONTROLS","NO CONTROLS","RAIN","DARKNESS","SIDESWIPE SAME DIRECTION","NOT DIVIDED",,"STRAIGHT AND LEVEL","WET","NO DEFECTS","NOT ON SCENE (DESK REPORT)","NO INJURY / DRIVE AWAY",,,,"OVER $1,500","2026-03-10T18:40:00.000","UNABLE TO DETERMINE","NOT APPLICABLE","1525","W","IRVING PARK RD","1922",,,,,,,"2","NO INDICATION OF INJURY","0","0","0","0","0","2","0","17","3","3","41.9541860294","-87.6686256607","POINT (-87.668625660656 41.954186029405)"
"29df37617cccdc15d421070df43294dfd47d72968aaff0492e6cb54c7d71c3ea2248dae9b9b138647c94a99b711b6273e1294b4fe1cad25574ed700f1ded81bf","Y","2026-03-10T17:20:00.000","30","NO CONTROLS","NO CONTROLS","CLEAR","DUSK","ANGLE","NOT DIVIDED",,"STRAIGHT AND LEVEL","DRY","UNKNOWN","NOT ON SCENE (DESK REPORT)","NO INJURY / DRIVE AWAY",,,,"OVER $1,500","2026-03-10T18:00:00.000","FAILING TO YIELD RIGHT-OF-WAY","NOT APPLICABLE","3943","N","HAMILTON AVE","1921",,,,,,,"2","NO INDICATION OF INJURY","0","0","0","0","0","2","0","17","3","3","41.9535629551","-87.6822365269","POINT (-87.682236526859 41.953562955059)"
"554714b5f9cbc8d8f580f2b56a9fdf2eadd17be72bbaf809b458d7e8a29eff8c804790aa2ff7db4231f14feaf71e8b9108e37aee0a76852a2c9a65f919403eb5",,"2026-03-10T17:00:00.000","30","UNKNOWN","UNKNOWN","CLEAR","DAYLIGHT","PARKED MOTOR VEHICLE","ONE-WAY",,"STRAIGHT AND LEVEL","UNKNOWN","UNKNOWN","NOT ON SCENE (DESK REPORT)","NO INJURY / DRIVE AWAY",,,"Y","OVER $1,500","2026-03-10T18:00:00.000","UNABLE TO DETERMINE","UNABLE TO DETERMINE","730","N","LOCKWOOD AVE","1524",,,,,,,"2","NO INDICATION OF INJURY","0","0","0","0","0","1","0","17","3","3","41.8939142879","-87.7581616379","POINT (-87.758161637949 41.893914287891)"
"5f13db231d222014019f4718bffc9901f7e51c3c58266231f376a1f64660b6ad3c5fcb3594b4cb7d604b57f0ec4bd6438f4a2af6d83756daaab6445f9b2c310e",,"2026-03-10T17:00:00.000","30","NO CONTROLS","NO CONTROLS","CLEAR","DAYLIGHT","PARKED MOTOR VEHICLE","DIVIDED - W/MEDIAN (NOT RAISED)",,"STRAIGHT AND LEVEL","DRY","NO DEFECTS","NOT ON SCENE (DESK REPORT)","NO INJURY / DRIVE AWAY",,,,"OVER $1,500","2026-03-11T10:30:00.000","UNABLE TO DETERMINE","UNABLE TO DETERMINE","200","E","47TH ST","215",,,,,,,"2","NO INDICATION OF INJURY","0","0","0","0","0","1","0","17","3","3","41.8094218565","-87.6211340784","POINT (-87.621134078425 41.809421856532)"
"80b3bd84c1b9fcec19ddd5453cc988388d8f04c2939b4a1584589b6f6c472162c2f7f8fc192a69c5c3de04a559f5a0bf39aeb6487da0f46c0fb943b6dc2e07e3","Y","2026-03-10T16:50:00.000","30","NO CONTROLS","NO CONTROLS","CLEAR","DAYLIGHT","PARKED MOTOR VEHICLE","DIVIDED - W/MEDIAN (NOT RAISED)",,"STRAIGHT AND LEVEL","DRY","NO DEFECTS","NOT ON SCENE (DESK REPORT)","NO INJURY / DRIVE AWAY",,,,"OVER $1,500","2026-03-10T17:28:00.000","UNABLE TO DETERMINE","NOT APPLICABLE","2800","S","WESTERN AVE","1034",,,,,,,"2","NO INDICATION OF INJURY","0","0","0","0","0","2","0","16","3","3","41.8411101754","-87.6854255447","POINT (-87.685425544687 41.841110175378)"
"b68296e5b3b0632bdd657b931ade0ee1343d6b2b185757fe5e16095c75b835f9ef14d6da5cae9e12d49d33ef5033b2493fad875987e5af8fde9a06a084fd1b1d",,"2026-03-10T16:50:00.000","30","TRAFFIC SIGNAL","FUNCTIONING PROPERLY","CLEAR","DAYLIGHT","TURNING","DIVIDED - W/MEDIAN (NOT RAISED)",,"STRAIGHT AND LEVEL","DRY","UNKNOWN","NOT ON SCENE (DESK REPORT)","NO INJURY / DRIVE AWAY","Y",,,"OVER $1,500","2026-03-10T18:00:00.000","UNABLE TO DETERMINE","UNABLE TO DETERMINE","701","S","STATE ST","123",,,,,,,"2","NO INDICATION OF INJURY","0","0","0","0","0","4","0","16","3","3","41.8730555764","-87.6274178125","POINT (-87.627417812545 41.873055576445)"
"8dee3d44f5ab8775dcbcad8f98b28ec7f29b6883978b73e4dc1f46c94a4e85ec7b43fad42fd94ebae1350de66b25433c0f40a9148ebfcb16400c27318ba817c4",,"2026-03-10T16:45:00.000","30","NO CONTROLS","NO CONTROLS","CLOUDY/OVERCAST","UNKNOWN","SIDESWIPE OPPOSITE DIRECTION","NOT DIVIDED",,"STRAIGHT AND LEVEL","UNKNOWN","OTHER","NOT ON SCENE (DESK REPORT)","INJURY AND / OR TOW DUE TO CRASH",,,,"OVER $1,500","2026-03-13T14:55:00.000","ROAD CONSTRUCTION/MAINTENANCE","NOT APPLICABLE","4355","S","ARCHER AVE","922",,,,"N",,,"2","NO INDICATION OF INJURY","0","0","0","0","0","2","0","16","3","3","41.8143681439","-87.7035621842","POINT (-87.70356218422 41.814368143878)"
"1b3a8959555630cf6eb34c01692834d8668b5926e17d871868581b21e473ac8a6abe71953ae2f4eb3d405dca6265a0d8fe001f691dab87054cb3d7da854d1c8b",,"2026-03-10T16:35:00.000","30","TRAFFIC SIGNAL","FUNCTIONING PROPERLY","CLEAR","DAYLIGHT","FIXED OBJECT","DIVIDED - W/MEDIAN (NOT RAISED)",,"STRAIGHT AND LEVEL","DRY","UNKNOWN","ON SCENE","INJURY AND / OR TOW DUE TO CRASH",,,,"OVER $1,500","2026-03-10T16:48:00.000","DRIVING SKILLS/KNOWLEDGE/EXPERIENCE","DRIVING SKILLS/KNOWLEDGE/EXPERIENCE","2723","W","DIVERSEY AVE","1411",,,,,,,"1","NO INDICATION OF INJURY","0","0","0","0","0","1","0","16","3","3","41.9319930832","-87.6963066424","POINT (-87.696306642375 41.931993083232)"
"4af9f56624b93fb7eb42274c2e44c2d9b16a2e5306d436fc56cdbb39a059f2d47bbbe1cbf91704159b6fb05b176a62e727709d6e0f404a20ea1b87835ce86d6b",,"2026-03-10T16:30:00.000","30","TRAFFIC SIGNAL","FUNCTIONING PROPERLY","CLEAR","DAYLIGHT","REAR END","DIVIDED - W/MEDIAN (NOT RAISED)",,"STRAIGHT AND LEVEL","UNKNOWN","UNKNOWN","NOT ON SCENE (DESK REPORT)","NO INJURY / DRIVE AWAY","Y",,,"OVER $1,500","2026-03-12T11:00:00.000","FOLLOWING TOO CLOSELY","UNABLE TO DETERMINE","34","N","WESTERN AVE","1222",,,,,,,"2","NO INDICATION OF INJURY","0","0","0","0","0","2","0","16","3","3","41.8821277277","-87.6866059391","POINT (-87.686605939074 41.882127727678)"
"d949a6aefa94a0deaf1751f777c68711f8fe3ce27a08172f23c349fcbe242ee6d8ddf3519d53c926c8c7ab48af87b968640b2629127dc7a6d52e752b5b99457e",,"2026-03-10T16:30:00.000","30","NO CONTROLS","UNKNOWN","CLEAR","DAYLIGHT","FIXED OBJECT","NOT DIVIDED",,"STRAIGHT AND LEVEL","UNKNOWN","RUT, HOLES","NOT ON SCENE (DESK REPORT)","NO INJURY / DRIVE AWAY",,,,"$501 - $1,500","2026-03-10T17:50:00.000","ROAD ENGINEERING/SURFACE/MARKING DEFECTS","NOT APPLICABLE","5743","S","UNION AVE","711",,,,,,,"1","NO INDICATION OF INJURY","0","0","0","0","0","1","0","16","3","3","41.7894335167","-87.64245013","POINT (-87.642450130046 41.789433516676)"
"8a052614a91d1cce154d8d1cc9c894fb610d56fd1979b794d92cf57e4dc79557e90c894c0dd9ee65796cd010140d25feb875d8ea242ee0fcc8cad95d9c18db61",,"2026-03-10T16:17:00.000","30","STOP SIGN/FLASHER","FUNCTIONING PROPERLY","CLEAR","DAYLIGHT","REAR END","ONE-WAY",,"STRAIGHT AND LEVEL","DRY","NO DEFECTS","ON SCENE","NO INJURY / DRIVE AWAY",,,"Y","$501 - $1,500","2026-03-10T16:20:00.000","OPERATING VEHICLE IN ERRATIC, RECKLESS, CARELESS, NEGLIGENT OR AGGRESSIVE MANNER","OPERATING VEHICLE IN ERRATIC, RECKLESS, CARELESS, NEGLIGENT OR AGGRESSIVE MANNER","4828","W","MAYPOLE AVE","1532",,,,,,,"2","NO INDICATION OF INJURY","0","0","0","0","0","3","0","16","3","3","41.8845455835","-87.7465886148","POINT (-87.746588614778 41.884545583458)"
"0fc03aa782f692444c24d5e98388795499eb569bb6738806e7af6dcba7ec8763ce33baa549a34ef406042eead26e61b8093636d905a5db78a03ddf99bd85ec52",,"2026-03-10T16:15:00.000","30","NO CONTROLS","NO CONTROLS","CLEAR","DAYLIGHT","REAR END","DIVIDED - W/MEDIAN (NOT RAISED)",,"STRAIGHT AND LEVEL","DRY","NO DEFECTS","ON SCENE","NO INJURY / DRIVE AWAY",,,,"OVER $1,500","2026-03-10T16:45:00.000","FAILING TO REDUCE SPEED TO AVOID CRASH","FOLLOWING TOO CLOSELY","4116","S","ASHLAND AVE","924",,,,,,,"2","NO INDICATION OF INJURY","0","0","0","0","0","2","0","16","3","3","41.8190607388","-87.665366598","POINT (-87.665366598005 41.819060738762)"
"010fdcf01c60a61e18ea3f1683fdacea3e1ceec752a045d5c48a6902397f71d089dc014e45ef71b056b0f8ff718875dbcb54cc8888109ea1c276a34447362ec5",,"2026-03-10T16:03:00.000","30","TRAFFIC SIGNAL","FUNCTIONING PROPERLY","CLOUDY/OVERCAST","DAYLIGHT","REAR END","NOT DIVIDED",,"STRAIGHT AND LEVEL","DRY","NO DEFECTS","NOT ON SCENE (DESK REPORT)","NO INJURY / DRIVE AWAY","Y",,,"OVER $1,500","2026-03-10T16:25:00.000","FOLLOWING TOO CLOSELY","UNABLE TO DETERMINE","2801","W","HARRISON ST","1135",,,,,,,"2","NO INDICATION OF INJURY","0","0","0","0","0","3","0","16","3","3","41.8736828846","-87.6962220423","POINT (-87.696222042305 41.873682884646)"
"3b839221d57ef21f12d14b658bfb1322148e0baf05d1bb4cdb17a314cc601cb839033c7bdb1a8d6b7d5c13c0a0ef2a73467334a5b5c3efe8be43576b00cb4d94",,"2026-03-10T16:00:00.000","25","NO CONTROLS","NO CONTROLS","CLEAR","DAYLIGHT","PARKED MOTOR VEHICLE","NOT DIVIDED",,"STRAIGHT AND LEVEL","DRY","UNKNOWN","NOT ON SCENE (DESK REPORT)","NO INJURY / DRIVE AWAY",,,,"$501 - $1,500","2026-03-10T17:45:00.000","UNABLE TO DETERMINE","UNABLE TO DETERMINE","3435","N","MARSHFIELD AVE","1922",,,,,,,"2","NO INDICATION OF INJURY","0","0","0","0","0","1","0","16","3","3","41.9443820108","-87.6698640665","POINT (-87.669864066462 41.944382010772)"
"5f2b682013ee69c63aa4bef30e962809a1ada744914e749f0808aa60418a80af5f3e5fd8119d91f62b2f0ab31def38bc439f6655fe53b35ee66ed7f29d9e8fb3",,"2026-03-10T16:00:00.000","25","NO CONTROLS","NO CONTROLS","CLEAR","DAYLIGHT","SIDESWIPE SAME DIRECTION","TRAFFIC ROUTE",,"STRAIGHT AND LEVEL","DRY","NO DEFECTS","NOT ON SCENE (DESK REPORT)","NO INJURY / DRIVE AWAY",,,,"OVER $1,500","2026-03-10T16:38:00.000","UNABLE TO DETERMINE","NOT APPLICABLE","7900","S","STATE ST","623",,,,,,,"2","NO INDICATION OF INJURY","0","0","0","0","0","2","0","16","3","3","41.7509181383","-87.6246901225","POINT (-87.624690122516 41.750918138315)"
"a6fbd2ce828e6cfa5a3ebd314281817e0c1a0060d7dfd928f8b6d1cc293768b41322aa0f9248159afaaf3f8e3826e36f3cdc98a8b23ce7eb0499b4c051355770",,"2026-03-10T16:00:00.000","30","TRAFFIC SIGNAL","FUNCTIONING PROPERLY","CLEAR","DAYLIGHT","SIDESWIPE SAME DIRECTION","DIVIDED - W/MEDIAN (NOT RAISED)",,"STRAIGHT AND LEVEL","DRY","NO DEFECTS","NOT ON SCENE (DESK REPORT)","NO INJURY / DRIVE AWAY",,,,"OVER $1,500","2026-03-10T16:00:00.000","FAILING TO YIELD RIGHT-OF-WAY","IMPROPER LANE USAGE","4405","N","KIMBALL AVE","1724",,,,,,,"2","NO INDICATION OF INJURY","0","0","0","0","0","2","0","16","3","3","41.961337532","-87.7129938587","POINT (-87.71299385873 41.96133753195)"
"c4d60e0f0ca6ddf639c3a7b95702b7a6463eace9e6efbb5be8d0aff71bb62fd76b6acb237289f1e6c92919a3a64bc2104f6aaa6be2302134c2b93c21565e741b",,"2026-03-10T16:00:00.000","30","NO CONTROLS","NO CONTROLS","CLOUDY/OVERCAST","DAYLIGHT","FIXED OBJECT","OTHER",,"STRAIGHT AND LEVEL","DRY","NO DEFECTS","ON SCENE","INJURY AND / OR TOW DUE TO CRASH",,,,"OVER $1,500","2026-03-10T16:04:00.000","UNABLE TO DETERMINE","UNABLE TO DETERMINE","2300","E","130TH ST","434",,,,,,,"1","NONINCAPACITATING INJURY","1","0","0","1","0","0","0","16","3","3","41.6592916541","-87.5678130084","POINT (-87.567813008363 41.659291654117)"
"ef094059bff1d3b4c1450d6e17869cf220d85e05de34002107686c5123297870d3945c0d5ebafdf5c0ce4e702f842f6bc23ddb9095be5bd924d76ebbb99e7790",,"2026-03-10T16:00:00.000","30","UNKNOWN","UNKNOWN","CLOUDY/OVERCAST","DAYLIGHT","TURNING","T-INTERSECTION",,"STRAIGHT AND LEVEL","UNKNOWN","UNKNOWN","NOT ON SCENE (DESK REPORT)","INJURY AND / OR TOW DUE TO CRASH",,,"Y","OVER $1,500","2026-03-10T17:30:00.000","FAILING TO YIELD RIGHT-OF-WAY","NOT APPLICABLE","4000","W","KAMERLING AVE","2534",,,,,,,"2","REPORTED, NOT EVIDENT","1","0","0","0","1","1","0","16","3","3","41.9054842958","-87.7265112534","POINT (-87.726511253437 41.905484295806)"
"b74bd9595b93a408fdc9bce15bb1f7d95c37ea5d7aabec04222202c11270edeb4ae30129c4aa90af976ee8a543788c3f79011eb957294f15c7c5d914e70ea44c",,"2026-03-10T15:56:00.000","30","NO CONTROLS","NO CONTROLS","CLOUDY/OVERCAST","DAYLIGHT","ANGLE","NOT DIVIDED",,"STRAIGHT AND LEVEL","UNKNOWN","UNKNOWN","ON SCENE","NO INJURY / DRIVE AWAY","Y",,"N","OVER $1,500","2026-03-10T16:09:00.000","UNABLE TO DETERMINE","NOT APPLICABLE","8327","S","KEDZIE AVE","835",,"Y",,,,,"2","NO INDICATION OF INJURY","0","0","0","0","0","3","0","15","3","3","41.7416077124","-87.7020272497","POINT (-87.702027249714 41.741607712432)"
"81a65c0e0374bbb90cf5679e2559b33d956ed4bed80a0eb3733aa4ea3fb6defda91e08c1e71c7bcf2b48d345780c18a13f0aa649a58e4afaad788a2b07b81315",,"2026-03-10T15:51:00.000","30","TRAFFIC SIGNAL","FUNCTIONING PROPERLY","CLEAR","DAYLIGHT","ANGLE","FOUR WAY",,"STRAIGHT AND LEVEL","DRY","NO DEFECTS","NOT ON SCENE (DESK REPORT)","NO INJURY / DRIVE AWAY","Y",,"Y","OVER $1,500","2026-03-10T18:40:00.000","OPERATING VEHICLE IN ERRATIC, RECKLESS, CARELESS, NEGLIGENT OR AGGRESSIVE MANNER","NOT APPLICABLE","7300","S","COTTAGE GROVE AVE","323",,,,,,,"2","NO INDICATION OF INJURY","0","0","0","0","0","2","0","15","3","3","41.7621362769","-87.6056334905","POINT (-87.605633490465 41.762136276864)"
"1e7acd05d0173fd028d83be07c39139a8b2e19c0e583d27e051057da1be911674fbba70fb8b179fc63232fa861cd4f4d78866446a5cc6e60355e80014b1f13cb",,"2026-03-10T15:50:00.000","30","NO CONTROLS","NO CONTROLS","CLEAR","DAYLIGHT","PARKED MOTOR VEHICLE","NOT DIVIDED",,"STRAIGHT AND LEVEL","DRY","NO DEFECTS","NOT ON SCENE (DESK REPORT)","NO INJURY / DRIVE AWAY",,,,"OVER $1,500","2026-03-10T15:50:00.000","UNABLE TO DETERMINE","NOT APPLICABLE","201","N","UNION AVE","1214",,,,,,,"2","NO INDICATION OF INJURY","0","0","0","0","0","2","0","15","3","3","41.8857276364","-87.6452370303","POINT (-87.645237030332 41.885727636405)"
"a1a95abe423d6d37911500e9509ae6b4f3b517807bb40b8a07b809e4cc317e65ad3d6e15bc7a1ca4977d4473b4e41b0a7838fdb81905f0e3e9afbd113eb678c7",,"2026-03-10T15:47:00.000","30","NO CONTROLS","NO CONTROLS","CLOUDY/OVERCAST","DAYLIGHT","REAR END","NOT DIVIDED",,"STRAIGHT AND LEVEL","DRY","NO DEFECTS","NOT ON SCENE (DESK REPORT)","INJURY AND / OR TOW DUE TO CRASH",,,,"OVER $1,500","2026-03-10T16:30:00.000","FOLLOWING TOO CLOSELY","UNABLE TO DETERMINE","4151","W","LAWRENCE AVE","1722",,,,,,,"2","REPORTED, NOT EVIDENT","1","0","0","0","1","2","0","15","3","3","41.9680806941","-87.7325868569","POINT (-87.732586856949 41.968080694052)"
"a82e214c4594305b883978bcab1276c833366872460c5fc97148ab6123ab1f6494cec1ad303c150613eaf32924d774b658f103488d319352730186f55751c852",,"2026-03-10T15:45:00.000","25","TRAFFIC SIGNAL","FUNCTIONING PROPERLY","CLEAR","DAYLIGHT","SIDESWIPE SAME DIRECTION","FOUR WAY",,"STRAIGHT AND LEVEL","UNKNOWN","UNKNOWN","NOT ON SCENE (DESK REPORT)","NO INJURY / DRIVE AWAY",,,,"OVER $1,500","2026-03-10T16:00:00.000","IMPROPER OVERTAKING/PASSING","UNABLE TO DETERMINE","4750","W","NORTH AVE","2533",,,,,,,"2","NO INDICATION OF INJURY","0","0","0","0","0","2","0","15","3","3","41.9097403479","-87.7457416028","POINT (-87.74574160284 41.909740347917)"
"ff171b0dc88681572936482471c8a507dea61c934a65085309fb018c9e31fd166cfce8d6c5ce02c49f8b362df8cffe0f6ece8b786a37a2e0b7941a6adb6492df",,"2026-03-10T15:45:00.000","30","NO CONTROLS","NO CONTROLS","CLEAR","DAYLIGHT","REAR END","NOT DIVIDED",,"STRAIGHT AND LEVEL","DRY","NO DEFECTS","ON SCENE","NO INJURY / DRIVE AWAY",,,,"OVER $1,500","2026-03-10T17:05:00.000","UNABLE TO DETERMINE","NOT APPLICABLE","2444","W","FULTON ST","1222",,,,,,,"2","NO INDICATION OF INJURY","0","0","0","0","0","3","0","15","3","3","41.8867283406","-87.6882953853","POINT (-87.688295385277 41.886728340647)"
"7eaf0b320d561f7c81775f8869982b30b403172065c57df38748f54776034cd6ce6752fe4021469b538ad1f9aeecde6124a815c625d7011f46a49c6eb937fa02",,"2026-03-10T15:42:00.000","5","UNKNOWN","UNKNOWN","CLOUDY/OVERCAST","DUSK","PARKED MOTOR VEHICLE","PARKING LOT",,"STRAIGHT AND LEVEL","DRY","UNKNOWN","ON SCENE","NO INJURY / DRIVE AWAY",,"Y","Y","OVER $1,500","2026-03-10T16:10:00.000","DRIVING SKILLS/KNOWLEDGE/EXPERIENCE","DRIVING SKILLS/KNOWLEDGE/EXPERIENCE","208","W","87TH ST","622",,,,,,,"2","NO INDICATION OF INJURY","0","0","0","0","0","1","0","15","3","3","41.7362261216","-87.6292603119","POINT (-87.629260311897 41.736226121559)"