"crash_record_id","crash_date_est_i","crash_date","posted_speed_limit","traffic_control_device","device_condition","weather_condition","lighting_condition","first_crash_type","trafficway_type","lane_cnt","alignment","roadway_surface_cond","road_defect","report_type","crash_type","intersection_related_i","private_property_i","hit_and_run_i","damage","date_police_notified","prim_contributory_cause","sec_contributory_cause","street_no","street_direction","street_name","beat_of_occurrence","photos_taken_i","statements_taken_i","dooring_i","work_zone_i","work_zone_type","workers_present_i","num_units","most_severe_injury","injuries_total","injuries_fatal","injuries_incapacitating","injuries_non_incapacitating","injuries_reported_not_evident","injuries_no_indication","injuries_unknown","crash_hour","crash_day_of_week","crash_month","latitude","longitude","location"
"57944318da045eb7168898a58baf43cd6740156f16a017ec1abdbc8a604777698e9b52edd39b4635433691321e7163b79628916c3aa3a3f344b4c49ef43bc893",,"2026-03-10T15:40:00.000","30","TRAFFIC SIGNAL","UNKNOWN","UNKNOWN","DAYLIGHT","SIDESWIPE SAME DIRECTION","DIVIDED - W/MEDIAN (NOT RAISED)",,"STRAIGHT AND LEVEL","UNKNOWN","UNKNOWN","NOT ON SCENE (DESK REPORT)","NO INJURY / DRIVE AWAY",,,"Y","$501 - $1,500","2026-03-10T16:25:00.000","UNABLE TO DETERMINE","NOT APPLICABLE","1850","W","DEVON AVE","2432",,,,,,,"2","NO INDICATION OF INJURY","0","0","0","0","0","2","0","15","3","3","41.9980700483","-87.6767754344","POINT (-87.676775434372 41.998070048285)"
"5a8a2291aa7b1a0b9ee833d13d2597d6c1474f17c5ec3735e2d8b4c94da37510a6c20f05e432f90141c3fefcde50939b7495bad3ca1027ab6b8f8bd19aaf08e7",,"2026-03-10T15:40:00.000","0","NO CONTROLS","NO CONTROLS","CLEAR","DAYLIGHT","HEAD ON","OTHER",,"STRAIGHT AND LEVEL","DRY","NO DEFECTS","ON SCENE","INJURY AND / OR TOW DUE TO CRASH",,"Y","Y","OVER $1,500","2026-03-10T15:45:00.000","NOT APPLICABLE","NOT APPLICABLE","3130","S","ST LOUIS AVE","1032",,,,,,,"2","NO INDICATION OF INJURY","0","0","0","0","0","4","0","15","3","3","41.8363722138","-87.7122230881","POINT (-87.71222308814 41.836372213764)"
"d37bc8fb4f7e3297f55f2556bbea24ab62034e092378a7a1cadce2f07f2d58682fce646205741b80d222ce16b95c12dd1a41945bc6529956151b2246dfc85cef",,"2026-03-10T15:38:00.000","30","NO CONTROLS","NO CONTROLS","CLEAR","DAYLIGHT","SIDESWIPE OPPOSITE DIRECTION","OTHER",,"STRAIGHT AND LEVEL","DRY","NO DEFECTS","NOT ON SCENE (DESK REPORT)","NO INJURY / DRIVE AWAY",,,,"OVER $1,500","2026-03-11T08:47:00.000","FAILING TO YIELD RIGHT-OF-WAY","NOT APPLICABLE","1501","N","CLYBOURN AVE","1822",,,,,,,"2","NO INDICATION OF INJURY","0","0","0","0","0","3","0","15","3","3","41.9087183157","-87.6462488984","POINT (-87.646248898408 41.908718315733)"
"62dc54d8fd00e7ba51f7207906f5b4e7ab3279f2319f20d45a587be9ab4354699f90685ab56cbfd9571ce6ad0c6458a6083b3fb301b7c81427d5567cd61d2831",,"2026-03-10T15:30:00.000","30","NO CONTROLS","NO CONTROLS","CLEAR","DAYLIGHT","PEDESTRIAN","NOT DIVIDED",,"STRAIGHT AND LEVEL","DRY","NO DEFECTS","ON SCENE","INJURY AND / OR TOW DUE TO CRASH",,,"Y","$500 OR LESS","2026-03-10T16:00:00.000","FAILING TO YIELD RIGHT-OF-WAY","NOT APPLICABLE","2340","W","ROOSEVELT RD","1225",,,,,,,"2","NONINCAPACITATING INJURY","1","0","0","1","0","1","0","15","3","3","41.8667336291","-87.685235033","POINT (-87.685235032982 41.866733629102)"
"8fa85e3f4ea84e2560554066b8907edf1fcff8e56bb89554e42601d50efc77b063717b5bdda969360c7b6e35a74a4ba12c7669841228c1b148ae2b803e26c917",,"2026-03-10T15:30:00.000","30","NO CONTROLS","NO CONTROLS","RAIN","DAYLIGHT","TURNING","NOT DIVIDED",,"STRAIGHT AND LEVEL","WET","UNKNOWN","NOT ON SCENE (DESK REPORT)","NO INJURY / DRIVE AWAY",,,,"OVER $1,500","2026-03-11T16:30:00.000","FOLLOWING TOO CLOSELY","NOT APPLICABLE","1358","N","PULASKI RD","2534",,,,,,,"2","NO INDICATION OF INJURY","0","0","0","0","0","2","0","15","3","3","41.9061278752","-87.7265540309","POINT (-87.726554030886 41.906127875249)"
"e4351ddc54c7f8030f0e2803a5abf1eae76354a680727a9f43c3c56da45fcf36278515087ef11e1c3c537557a6a45ee8c6fb5bf1e2747ef516a948d080e161ff",,"2026-03-10T15:30:00.000","30","NO CONTROLS","NO CONTROLS","CLEAR","DAYLIGHT","SIDESWIPE SAME DIRECTION","DIVIDED - W/MEDIAN (NOT RAISED)",,"STRAIGHT AND LEVEL","DRY","NO DEFECTS","NOT ON SCENE (DESK REPORT)","NO INJURY / DRIVE AWAY",,,,"$500 OR LESS","2026-03-10T15:50:00.000","IMPROPER LANE USAGE","NOT APPLICABLE","1600","W","ROOSEVELT RD","1231",,,,,,,"2","NO INDICATION OF INJURY","0","0","0","0","0","4","0","15","3","3","41.8669711164","-87.6665097438","POINT (-87.666509743796 41.86697111645)"
"f9e1b597ea40e80e798629973a4083cf28921f41b1137646c3f63eab7a747fa12b43518590650b2e3a090beb3c1f559417ad6d3d203d5e4d0a2e025ae61f9725",,"2026-03-10T15:30:00.000","30","NO CONTROLS","NO CONTROLS","CLEAR","DAYLIGHT","PARKED MOTOR VEHICLE","DIVIDED - W/MEDIAN (NOT RAISED)",,"STRAIGHT AND LEVEL","DRY","NO DEFECTS","ON SCENE","NO INJURY / DRIVE AWAY",,,"Y","$500 OR LESS","2026-03-10T15:58:00.000","NOT APPLICABLE","NOT APPLICABLE","1800","W","NORTH AVE","1434",,,,,,,"2","NO INDICATION OF INJURY","0","0","0","0","0","1","0","15","3","3","41.9106704572","-87.6726390811","POINT (-87.672639081104 41.91067045723)"
"48ae71d8bd1b3da884052784cd852bfb8005da081930ef7c566b17c3bdcd094e5ace1577ec4e3e52e1dcf9c33783829021fa0cd1b5fdba2d727471389c2bb5ba",,"2026-03-10T15:20:00.000","55","NO CONTROLS","NO CONTROLS","CLEAR","DAYLIGHT","SIDESWIPE SAME DIRECTION","UNKNOWN",,"STRAIGHT AND LEVEL","DRY","UNKNOWN","ON SCENE","NO INJURY / DRIVE AWAY",,,,"OVER $1,500","2026-03-10T15:30:00.000","FAILING TO YIELD RIGHT-OF-WAY","NOT APPLICABLE","1700","W","VAN BUREN ST","1231",,,,,,,"2","NO INDICATION OF INJURY","0","0","0","0","0","3","0","15","3","3","41.8764268522","-87.6691765203","POINT (-87.669176520302 41.876426852211)"
"c6a8189b8b4c13ee2e53846e42552642645dffe53402b38a6a36f5f57875e46e0c604c2eed7d46bfb1d4471f05de55aaf3701a5e34850f0258bdd664f81d393c",,"2026-03-10T15:20:00.000","30","NO CONTROLS","NO CONTROLS","CLEAR","DAYLIGHT","SIDESWIPE SAME DIRECTION","NOT DIVIDED",,"STRAIGHT AND LEVEL","DRY","NO DEFECTS","NOT ON SCENE (DESK REPORT)","NO INJURY / DRIVE AWAY",,,"Y","OVER $1,500","2026-03-10T17:40:00.000","IMPROPER OVERTAKING/PASSING","UNABLE TO DETERMINE","1810","W","NORTH AVE","1434",,,,,,,"2","NO INDICATION OF INJURY","0","0","0","0","0","2","0","15","3","3","41.9106634277","-87.6730640153","POINT (-87.673064015273 41.910663427712)"
"b3b282f94a066c434c0490e92a12bee2e3999757fed09ff429a185376ca109588f3482b30c3ab2044c617f7234ba3d1c93f264bdb9636401773154fe14e5d530",,"2026-03-10T15:16:00.000","25","TRAFFIC SIGNAL","FUNCTIONING PROPERLY","CLEAR","DAYLIGHT","TURNING","FOUR WAY",,"STRAIGHT AND LEVEL","UNKNOWN","UNKNOWN","NOT ON SCENE (DESK REPORT)","NO INJURY / DRIVE AWAY",,,,"OVER $1,500","2026-03-10T16:20:00.000","HAD BEEN DRINKING (USE WHEN ARREST IS NOT MADE)","UNABLE TO DETERMINE","3198","N","NARRAGANSETT AVE","2511",,,,,,,"2","NO INDICATION OF INJURY","0","0","0","0","0","2","0","15","3","3","41.938250184","-87.7861621771","POINT (-87.786162177119 41.938250183987)"
"7c0d05e8000a24c3dcb6730276ee407dc915290c1e77000c1daaba4d746eeddb6bf55443f4c615103c9320f61f8ac8036b4aece3d6156a407d9ee65b772b8897",,"2026-03-10T15:15:00.000","30","TRAFFIC SIGNAL","FUNCTIONING PROPERLY","CLEAR","DAYLIGHT","REAR END","NOT DIVIDED",,"STRAIGHT ON GRADE","DRY","NO DEFECTS","NOT ON SCENE (DESK REPORT)","NO INJURY / DRIVE AWAY","Y",,,"OVER $1,500","2026-03-12T18:40:00.000","FAILING TO REDUCE SPEED TO AVOID CRASH","DRIVING SKILLS/KNOWLEDGE/EXPERIENCE","2636","S","WESTERN AVE","1034",,,,,,,"2","NO INDICATION OF INJURY","0","0","0","0","0","2","0","15","3","3","41.843729216","-87.6855266642","POINT (-87.685526664208 41.843729216026)"
"cd39282475ae903189b6f30d741d2e1cbb2f5d80725e35fd1ca66060cea442a3c16d5bfedec1b2889a9d2519c0e6022d1ab6c0feef99933eb648c167a91de93b",,"2026-03-10T15:15:00.000","30","NO CONTROLS","NO CONTROLS","CLEAR","DAYLIGHT","PARKED MOTOR VEHICLE","NOT DIVIDED",,"STRAIGHT AND LEVEL","DRY","NO DEFECTS","NOT ON SCENE (DESK REPORT)","NO INJURY / DRIVE AWAY",,,,"OVER $1,500","2026-03-11T12:12:00.000","DRIVING SKILLS/KNOWLEDGE/EXPERIENCE","NOT APPLICABLE","1615","W","CHICAGO AVE","1215",,,,,,,"2","NO INDICATION OF INJURY","0","0","0","0","0","2","0","15","3","3","41.895953607","-87.667900066","POINT (-87.667900065976 41.895953607031)"
"9f6ec93b6a446fa03bbd9e291caf3c5a2a3418f3b58ee5437c37d7d3da09040b869ba78501f98712394531958a96cd3e77d034201cd80c48c3373b16f21ae9a4",,"2026-03-10T15:13:00.000","20","STOP SIGN/FLASHER","FUNCTIONING PROPERLY","CLEAR","DAYLIGHT","ANGLE","FOUR WAY",,"STRAIGHT AND LEVEL","DRY","NO DEFECTS","ON SCENE","INJURY AND / OR TOW DUE TO CRASH","Y",,,"OVER $1,500","2026-03-10T15:40:00.000","FAILING TO YIELD RIGHT-OF-WAY","FAILING TO YIELD RIGHT-OF-WAY","826","W","97TH ST","2223",,"Y",,,,,"2","NONINCAPACITATING INJURY","4","0","0","4","0","3","0","15","3","3","41.7177179497","-87.6442686418","POINT (-87.644268641765 41.717717949653)"
"f4c324f60b8495e9edd5868dacbffd0f1f93a399202ad7af8f1b67b88b2c4ce38e09eb62aaf186b8ed721bc77db326539699f36281c823e4e9f44241ae3eb9b8",,"2026-03-10T15:10:00.000","30","TRAFFIC SIGNAL","FUNCTIONING PROPERLY","CLEAR","DAYLIGHT","SIDESWIPE SAME DIRECTION","NOT DIVIDED",,"STRAIGHT AND LEVEL","DRY","NO DEFECTS","NOT ON SCENE (DESK REPORT)","NO INJURY / DRIVE AWAY",,,"Y","OVER $1,500","2026-03-10T17:32:00.000","FOLLOWING TOO CLOSELY","FAILING TO YIELD RIGHT-OF-WAY","70","E","LAKE ST","111",,,,,,,"2","NO INDICATION OF INJURY","0","0","0","0","0","2","0","15","3","3","41.8858422539","-87.6254549955","POINT (-87.625454995532 41.885842253862)"
"3342e8ef43798bcc0b4f0dca48b1e0b765d437da4b67aa28a4526268e699511057c2eee2ad64f5cac2a87b2f0ee88f3c67ac29b20838134e0e58eafc81bad644",,"2026-03-10T15:08:00.000","30","NO CONTROLS","NO CONTROLS","CLEAR","DAYLIGHT","REAR END","DIVIDED - W/MEDIAN (NOT RAISED)",,"STRAIGHT AND LEVEL","DRY","NO DEFECTS","NOT ON SCENE (DESK REPORT)","NO INJURY / DRIVE AWAY",,,,"OVER $1,500","2026-03-10T15:20:00.000","FOLLOWING TOO CLOSELY","FOLLOWING TOO CLOSELY","500","W","ROOSEVELT RD","124",,,,,,,"3","NO INDICATION OF INJURY","0","0","0","0","0","3","0","15","3","3","41.8673626926","-87.6392931946","POINT (-87.639293194642 41.867362692617)"
"4ebb156b420bcfd141edbf718e47416f86641cdf087d2e3af0a9fe87ca0e545cef10a672e1adc2d2adda8193fe647aafdb11c6de77b6e329d28ff32dd2d50a37",,"2026-03-10T15:04:00.000","30","TRAFFIC SIGNAL","FUNCTIONING PROPERLY","CLEAR","DAYLIGHT","REAR END","FOUR WAY",,"STRAIGHT AND LEVEL","DRY","NO DEFECTS","NOT ON SCENE (DESK REPORT)","NO INJURY / DRIVE AWAY","Y",,,"OVER $1,500","2026-03-10T16:25:00.000","FAILING TO YIELD RIGHT-OF-WAY","FAILING TO YIELD RIGHT-OF-WAY","500","W","ROOSEVELT RD","124",,,,,,,"3","NO INDICATION OF INJURY","0","0","0","0","0","3","0","15","3","3","41.8673626926","-87.6392931946","POINT (-87.639293194642 41.867362692617)"
"08bbd0c9bec6e52f2633f65b84d2492ef9ae75dbc2c311c8941e0f622fc8cbdd9178fa99bfc765a7c09f208fb5a50a0adac6fb32ccd48128a773510a12bed429",,"2026-03-10T15:00:00.000","30","NO CONTROLS","NO CONTROLS","CLEAR","DAYLIGHT","ANGLE","NOT DIVIDED",,"STRAIGHT AND LEVEL","DRY","UNKNOWN","ON SCENE","INJURY AND / OR TOW DUE TO CRASH",,,,"$501 - $1,500","2026-03-10T16:30:00.000","UNABLE TO DETERMINE","NOT APPLICABLE","6140","N","WESTERN AVE","2413",,,,,,,"2","NONINCAPACITATING INJURY","2","0","0","2","0","0","0","15","3","3","41.9934910289","-87.689891672","POINT (-87.689891671999 41.993491028891)"
"0c2f5baf37b43aaed26f1b05bb6a6202775a255807d13560c904eb22769d8e27787e3a7266903b3c0a524018b42b2b06904f24786bbdc4ee59e6592a5f070589",,"2026-03-10T15:00:00.000","20","TRAFFIC SIGNAL","FUNCTIONING PROPERLY","CLOUDY/OVERCAST","DAYLIGHT","REAR TO FRONT","FOUR WAY",,"STRAIGHT AND LEVEL","DRY","NO DEFECTS","NOT ON SCENE (DESK REPORT)","INJURY AND / OR TOW DUE TO CRASH","Y",,"Y","$500 OR LESS","2026-03-10T15:30:00.000","FAILING TO YIELD RIGHT-OF-WAY","IMPROPER OVERTAKING/PASSING","4700","S","INDIANA AVE","224",,"Y",,,,,"2","NO INDICATION OF INJURY","0","0","0","0","0","2","0","15","3","3","41.8092178146","-87.6213569056","POINT (-87.621356905645 41.809217814636)"
"283046fb714552e71002f9fa3ba9ae0b44b298338265ce41a1784845547e314421064d26caf089942a3cca387bb66a9285db2df13b8279649d04c88e0fb48ab0",,"2026-03-10T14:45:00.000","25","NO CONTROLS","NO CONTROLS","CLEAR","DAYLIGHT","SIDESWIPE SAME DIRECTION","NOT DIVIDED",,"STRAIGHT AND LEVEL","DRY","NO DEFECTS","NOT ON SCENE (DESK REPORT)","NO INJURY / DRIVE AWAY","Y",,,"OVER $1,500","2026-03-10T15:08:00.000","UNABLE TO DETERMINE","UNABLE TO DETERMINE","870","W","DIVISION ST","1822",,,,,,,"2","NO INDICATION OF INJURY","0","0","0","0","0","2","0","14","3","3","41.9037160018","-87.6507553235","POINT (-87.650755323502 41.903716001812)"
"dbb140173fd9816055d57b484e98582a1b945b90407dcb425dbae7f45461564c3d19c3d3370d7e06fe81da4aa275465a719f3cce27c837e77aa031b4e84d39a2",,"2026-03-10T14:45:00.000","30","NO CONTROLS","NO CONTROLS","CLEAR","DAYLIGHT","SIDESWIPE SAME DIRECTION","NOT DIVIDED",,"STRAIGHT AND LEVEL","DRY","NO DEFECTS","ON SCENE","NO INJURY / DRIVE AWAY","N",,,"$501 - $1,500","2026-03-10T14:56:00.000","DRIVING SKILLS/KNOWLEDGE/EXPERIENCE","UNABLE TO DETERMINE","6054","N","BROADWAY","2433",,,,,,,"2","NO INDICATION OF INJURY","0","0","0","0","0","2","0","14","3","3","41.9925053685","-87.6604919629","POINT (-87.660491962918 41.992505368507)"
"073bfb19a2b0444f64ad6bc4f8803d9c5bcb5fbbfd0c3b56a41d6a75be2a805f18af9b820b53ce8e20b98902d6f1fa405c83335d3be3f65b3dee05a0ca561d5e",,"2026-03-10T14:43:00.000","15","NO CONTROLS","NO CONTROLS","UNKNOWN","DAYLIGHT","FIXED OBJECT","ALLEY",,"STRAIGHT AND LEVEL","UNKNOWN","UNKNOWN","ON SCENE","INJURY AND / OR TOW DUE TO CRASH",,,"Y","OVER $1,500","2026-03-10T16:01:00.000","UNABLE TO DETERMINE","UNABLE TO DETERMINE","6621","S","COTTAGE GROVE AVE","321",,,,,,,"1","NO INDICATION OF INJURY","0","0","0","0","0","1","0","14","3","3","41.7743058812","-87.6056480253","POINT (-87.605648025339 41.774305881188)"
"19be5e9965196c2b2b0b97c6ea75af29b34037cb888ad5c0ae3b3a5e339ccd0d387225d234625f0f45865a9f2c340708e2e157215c688b5793f954e2caa40df1",,"2026-03-10T14:42:00.000","30","STOP SIGN/FLASHER","FUNCTIONING PROPERLY","CLEAR","DAYLIGHT","REAR END","T-INTERSECTION",,"STRAIGHT AND LEVEL","DRY","NO DEFECTS","ON SCENE","NO INJURY / DRIVE AWAY","Y",,,"OVER $1,500","2026-03-10T16:20:00.000","UNABLE TO DETERMINE","UNABLE TO DETERMINE","101","S","WHIPPLE ST","1124","Y","Y",,,,,"2","NO INDICATION OF INJURY","0","0","0","0","0","3","0","14","3","3","41.8793023566","-87.7024468092","POINT (-87.702446809228 41.879302356646)"
"31e4b89ea5a68e68e34c8f211f353203fb675b2ab1fe8dd421c5ba8c8cbe4f08bfba9b22522d694640f7fab84338e5114ba29f3f996df47e5fe1a5062f26c867",,"2026-03-10T14:37:00.000","30","STOP SIGN/FLASHER","FUNCTIONING PROPERLY","CLEAR","DAYLIGHT","PEDALCYCLIST","NOT DIVIDED",,"STRAIGHT AND LEVEL","DRY","NO DEFECTS","ON SCENE","INJURY AND / OR TOW DUE TO CRASH","Y",,,"$500 OR LESS","2026-03-10T15:02:00.000","UNABLE TO DETERMINE","UNABLE TO DETERMINE","2100","W","NORTH AVE","1434",,,,,,,"2","NONINCAPACITATING INJURY","1","0","0","1","0","1","0","14","3","3","41.9105469808","-87.6801080616","POINT (-87.6801080616 41.910546980784)"
"5ff812d044b6140b2881d3dc183e1c6e8ef0f5d03d0cb8c312cd90add5d3c8fbfd052bdb34abf9595bfd02d33ba10f1039fda4f9748a881d80474f2a1715e376",,"2026-03-10T14:35:00.000","30","TRAFFIC SIGNAL","FUNCTIONING PROPERLY","CLEAR","DAYLIGHT","TURNING","Y-INTERSECTION",,"STRAIGHT AND LEVEL","UNKNOWN","UNKNOWN","ON SCENE","NO INJURY / DRIVE AWAY","Y",,,"OVER $1,500","2026-03-10T14:37:00.000","UNABLE TO DETERMINE","NOT APPLICABLE","3001","N","ELSTON AVE","1411",,,,,,,"2","NO INDICATION OF INJURY","0","0","0","0","0","3","0","14","3","3","41.935908109","-87.6930319005","POINT (-87.693031900485 41.935908108956)"
"8e978b17d84d1fa3396f038b706da4bacabe998464175bcd1f9a67708e4a111df7724b82cb18eb3c2c67499cc515836dbd717e3ccecdd4736f0b8d2dc2b642b5",,"2026-03-10T14:35:00.000","30","UNKNOWN","UNKNOWN","CLEAR","DAYLIGHT","REAR END","NOT DIVIDED",,"STRAIGHT AND LEVEL","DRY","UNKNOWN","NOT ON SCENE (DESK REPORT)","NO INJURY / DRIVE AWAY",,,,"OVER $1,500","2026-03-10T17:00:00.000","UNABLE TO DETERMINE","UNABLE TO DETERMINE","4700","S","COTTAGE GROVE AVE","223",,,,,,,"2","NO INDICATION OF INJURY","0","0","0","0","0","2","0","14","3","3","41.8094854275","-87.6067108184","POINT (-87.606710818433 41.809485427538)"
"c6b26c70fbd74b51c19459660ac8828a73aa8462bafac1323ef859126ce284bbfe166d0aaf2ccc23da324f836a3ea2feac8a07018aaa18a8d62d226b7b6d54b4",,"2026-03-10T14:34:00.000","30","NO CONTROLS","NO CONTROLS","CLEAR","DAYLIGHT","PARKED MOTOR VEHICLE","OTHER",,"STRAIGHT AND LEVEL","DRY","NO DEFECTS","ON SCENE","NO INJURY / DRIVE AWAY",,,,"OVER $1,500","2026-03-10T14:51:00.000","FOLLOWING TOO CLOSELY","UNABLE TO DETERMINE","1113","N","LAWLER AVE","1531",,,,,,,"2","NO INDICATION OF INJURY","0","0","0","0","0","3","0","14","3","3","41.9008896722","-87.7519196726","POINT (-87.751919672587 41.900889672242)"
"6d94a018c54a7b30b2a213ce1f71e8d7da64a0ef4d2648f879be6dcfb94381a629dd47bd952c16723e789bf8942613176a13d6b974cb549e4917cdcbc771f296",,"2026-03-10T14:30:00.000","15","NO CONTROLS","NO CONTROLS","CLEAR","DAYLIGHT","PARKED MOTOR VEHICLE","PARKING LOT",,"STRAIGHT AND LEVEL","DRY","NO DEFECTS","NOT ON SCENE (DESK REPORT)","NO INJURY / DRIVE AWAY",,"Y",,"$501 - $1,500","2026-03-16T12:00:00.000","IMPROPER OVERTAKING/PASSING","IMPROPER LANE USAGE","6324","N","BROADWAY","2433",,,,,,,"2","NO INDICATION OF INJURY","0","0","0","0","0","1","0","14","3","3","41.9971369953","-87.6606196143","POINT (-87.660619614272 41.997136995287)"
"d2c3f83949b28f00bd7ab30fac47689f2944a48486a4b26dba558a628de297f3664e189913f8101bfc9d2690c2ddcb4bca413e01fe1c0db0e7be8ade1b3b13d1",,"2026-03-10T14:30:00.000","25","NO CONTROLS","NO CONTROLS","CLEAR","DAYLIGHT","SIDESWIPE SAME DIRECTION","OTHER",,"STRAIGHT AND LEVEL","DRY","NO DEFECTS","NOT ON SCENE (DESK REPORT)","NO INJURY / DRIVE AWAY",,,,"$501 - $1,500","2026-03-10T15:40:00.000","FAILING TO YIELD RIGHT-OF-WAY","UNABLE TO DETERMINE","6168","N","WINTHROP AVE","2433",,,,,,,"2","NO INDICATION OF INJURY","0","0","0","0","0","2","0","14","3","3","41.9942777479","-87.6584919292","POINT (-87.65849192917 41.994277747924)"
"d36a0e49bed0de49ac48a7779c4621a5859e39f7523383f83ae50eea9d37e53343b9d6481f9683c7c50704c5b9e8caf6d2f3131dd6c658ca9b63c4e4ccacda59",,"2026-03-10T14:30:00.000","30","TRAFFIC SIGNAL","FUNCTIONING PROPERLY","CLEAR","DAYLIGHT","TURNING","DIVIDED - W/MEDIAN (NOT RAISED)",,"STRAIGHT AND LEVEL","DRY","NO DEFECTS","NOT ON SCENE (DESK REPORT)","NO INJURY / DRIVE AWAY",,,,"OVER $1,500","2026-03-10T15:00:00.000","IMPROPER TURNING/NO SIGNAL","IMPROPER TURNING/NO SIGNAL","725","W","ROOSEVELT RD","1232",,,,,,,"2","NO INDICATION OF INJURY","0","0","0","0","0","2","0","14","3","3","41.8670550495","-87.6461477746","POINT (-87.646147774563 41.867055049543)"
"4e14ef7874eb8693e78a5341bcf7145a19388b3f66ac917710ecdad15c547a739e8ee8aa075ec6f7ae85e97b9497a55ffa5ceedd10b7782cbbc11963450b3082",,"2026-03-10T14:07:00.000","30","NO CONTROLS","NO CONTROLS","CLEAR","DAYLIGHT","PARKED MOTOR VEHICLE","DIVIDED - W/MEDIAN (NOT RAISED)",,"STRAIGHT AND LEVEL","DRY","NO DEFECTS","ON SCENE","NO INJURY / DRIVE AWAY",,,,"OVER $1,500","2026-03-10T14:07:00.000","UNABLE TO DETERMINE","NOT APPLICABLE","5158","N","CLARK ST","2032",,"Y",,,,,"2","NO INDICATION OF INJURY","0","0","0","0","0","2","0","14","3","3","41.9761389267","-87.6685605345","POINT (-87.668560534484 41.976138926692)"
"85229c35c2ed0c6c036c36d9e67b64913a224686f52a95eaad1496dbc8eaf56584d1d9e3603a2cdfa5ee924bb71e43eb138d99ebb5cfe19681a9392f18f8d5e1",,"2026-03-10T14:06:00.000","30","NO CONTROLS","NO CONTROLS","CLEAR","DAYLIGHT","REAR END","NOT DIVIDED",,"STRAIGHT AND LEVEL","DRY","NO DEFECTS","ON SCENE","NO INJURY / DRIVE AWAY",,,,"OVER $1,500","2026-03-10T14:48:00.000","DRIVING SKILLS/KNOWLEDGE/EXPERIENCE","EQUIPMENT - VEHICLE CONDITION","4856","N","AUSTIN AVE","1622",,,,,,,"2","NO INDICATION OF INJURY","0","0","0","0","0","2","0","14","3","3","41.9692587258","-87.7784564064","POINT (-87.778456406374 41.969258725835)"
"6d773960afe0aa1a869dd22b0cc7703b48a0ea21534427434a8a6396d9407b3b9536db85946f620d24f3bb14cb66f79e3de15f17f64b3d124c8b9f01374034b1",,"2026-03-10T14:05:00.000","30","NO CONTROLS","NO CONTROLS","CLEAR","DAYLIGHT","SIDESWIPE SAME DIRECTION","DIVIDED - W/MEDIAN (NOT RAISED)",,"STRAIGHT AND LEVEL","DRY","NO DEFECTS",,"INJURY AND / OR TOW DUE TO CRASH","Y",,"Y","OVER $1,500","2026-03-10T14:09:00.000","FOLLOWING TOO CLOSELY","NOT APPLICABLE","6232","S","KEDZIE AVE","823",,,,,,,"2","NONINCAPACITATING INJURY","1","0","0","1","0","1","0","14","3","3","41.7799406322","-87.7033093532","POINT (-87.703309353212 41.779940632153)"
"cac53d0588039a6a50da7a8873a296680b232d74a1d3a6e74936fd48acc20b4b4b7d7603dc09224f7fa99ea0fcbe2defbeede38982f7b52021e21db8d13fb171",,"2026-03-10T13:50:00.000","15","NO CONTROLS","NO CONTROLS","CLEAR","DAYLIGHT","REAR TO SIDE","PARKING LOT",,"STRAIGHT AND LEVEL","DRY","NO DEFECTS","ON SCENE","INJURY AND / OR TOW DUE TO CRASH",,"Y",,"OVER $1,500","2026-03-10T14:00:00.000","UNABLE TO DETERMINE","NOT APPLICABLE","5513","N","CUMBERLAND AVE","1614",,,,,,,"2","REPORTED, NOT EVIDENT","1","0","0","0","1","1","0","13","3","3","41.9797387306","-87.8364344879","POINT (-87.836434487931 41.979738730564)"
"19daf2099400b59cf0334f94eef18d2ecdfdb37f59a171b81b307d97d4606cbf89b02b82885989d57b312a417f2a6727e30d408fa2f7a80a46a8e4a08099182e","Y","2026-03-10T13:48:00.000","30","NO CONTROLS","NO CONTROLS","CLEAR","DAYLIGHT","TURNING","DIVIDED - W/MEDIAN BARRIER",,"STRAIGHT AND LEVEL","DRY","NO DEFECTS","NOT ON SCENE (DESK REPORT)","NO INJURY / DRIVE AWAY","N",,,"OVER $1,500","2026-03-11T11:45:00.000","OPERATING VEHICLE IN ERRATIC, RECKLESS, CARELESS, NEGLIGENT OR AGGRESSIVE MANNER","IMPROPER TURNING/NO SIGNAL","70","E","WACKER DR","111",,,,,,,"2","NO INDICATION OF INJURY","0","0","0","0","0","2","0","13","3","3","41.8880832105","-87.625765846","POINT (-87.625765846 41.888083210533)"
"416e202a7f752b1855aeb94c1d083bde092c775e3865c4caa2e7a5cd8b0ba0ce0772cbc9ae28c54d5599bcca8e228fb70231311b7b16ee4dbd905ced693e00cf",,"2026-03-10T13:45:00.000","20","NO CONTROLS","NO CONTROLS","CLEAR","DAYLIGHT","TURNING","OTHER",,"STRAIGHT AND LEVEL","DRY","NO DEFECTS","ON SCENE","NO INJURY / DRIVE AWAY",,,,"$501 - $1,500","2026-03-10T13:45:00.000","NOT APPLICABLE","IMPROPER TURNING/NO SIGNAL","10000","W","OHARE ST","1651",,,,,,,"2","NO INDICATION OF INJURY","0","0","0","0","0","2","0","13","3","3","41.976201139","-87.9053091251","POINT (-87.905309125103 41.976201139024)"