"crash_record_id","crash_date_est_i","crash_date","posted_speed_limit","traffic_control_device","device_condition","weather_condition","lighting_condition","first_crash_type","trafficway_type","lane_cnt","alignment","roadway_surface_cond","road_defect","report_type","crash_type","intersection_related_i","private_property_i","hit_and_run_i","damage","date_police_notified","prim_contributory_cause","sec_contributory_cause","street_no","street_direction","street_name","beat_of_occurrence","photos_taken_i","statements_taken_i","dooring_i","work_zone_i","work_zone_type","workers_present_i","num_units","most_severe_injury","injuries_total","injuries_fatal","injuries_incapacitating","injuries_non_incapacitating","injuries_reported_not_evident","injuries_no_indication","injuries_unknown","crash_hour","crash_day_of_week","crash_month","latitude","longitude","location"
"f7a8f1db091a9003e4670b582bf0e7b7f0ff61930c5063dff146496111d5c8f86c008e7c4e08c2d4b972e3fb95423c4f24f59bd3cfbd209290fd0f32aa720149",,"2026-03-10T13:40:00.000","15","NO CONTROLS","NO CONTROLS","CLEAR","DAYLIGHT","FIXED OBJECT","PARKING LOT",,"STRAIGHT AND LEVEL","DRY","NO DEFECTS","ON SCENE","NO INJURY / DRIVE AWAY",,,,"$500 OR LESS","2026-03-10T13:43:00.000","UNABLE TO DETERMINE","NOT APPLICABLE","6434","W","NORTH AVE","2513",,,,,,,"1","NO INDICATION OF INJURY","0","0","0","0","0","2","0","13","3","3","41.9092416097","-87.7865145159","POINT (-87.786514515913 41.909241609746)"
"7d4fbbabffb3a6e0e5dc643f7edb2e260373859d7766fb1db2dda5211160d4b07c3455ba23379be57ac00b12ea928a53d71cce7ee3854e08ee369d1b0d7bb326",,"2026-03-10T13:35:00.000","30","NO CONTROLS","NO CONTROLS","CLEAR","DAYLIGHT","SIDESWIPE SAME DIRECTION","NOT DIVIDED",,"STRAIGHT AND LEVEL","DRY","NO DEFECTS",,"NO INJURY / DRIVE AWAY",,,,"$500 OR LESS","2026-03-10T14:10:00.000","UNABLE TO DETERMINE","NOT APPLICABLE","6900","S","WESTERN AVE","832",,,,,,,"2","NO INDICATION OF INJURY","0","0","0","0","0","2","0","13","3","3","41.7682384769","-87.6834869571","POINT (-87.68348695709 41.76823847692)"
"aefcd897d56d15668b5f0d2031530329b51fadd5ca4ee17f7bce0a8a7f257bccd2def2224763e2b32199b63a15e4f36f1e285a187022f17553266d31834b3c72",,"2026-03-10T13:25:00.000","30","NO CONTROLS","NO CONTROLS","UNKNOWN","UNKNOWN","SIDESWIPE SAME DIRECTION","NOT DIVIDED",,"STRAIGHT AND LEVEL","UNKNOWN","UNKNOWN","NOT ON SCENE (DESK REPORT)","NO INJURY / DRIVE AWAY",,,,"OVER $1,500","2026-03-11T18:20:00.000","UNABLE TO DETERMINE","UNABLE TO DETERMINE","4317","N","CENTRAL AVE","1624",,,,,,,"2","NO INDICATION OF INJURY","0","0","0","0","0","3","0","13","3","3","41.9592108427","-87.7670541823","POINT (-87.76705418235 41.959210842731)"
"e6c087237d2b616b9a180710bdf20ece71f13a17cd7bd480c5c539133bf739a7936c7df1bf3361090a2532be112a6a2ced3bf8a0aa0b2656062ff98b6b0a8b49",,"2026-03-10T13:15:00.000","25","NO CONTROLS","NO CONTROLS","CLEAR","DAYLIGHT","PARKED MOTOR VEHICLE","NOT DIVIDED",,"STRAIGHT AND LEVEL","DRY","NO DEFECTS","NOT ON SCENE (DESK REPORT)","NO INJURY / DRIVE AWAY",,,"Y","$500 OR LESS","2026-03-10T15:25:00.000","UNABLE TO DETERMINE","UNABLE TO DETERMINE","3000","W","47TH ST","922",,,,,,,"2","NO INDICATION OF INJURY","0","0","0","0","0","1","0","13","3","3","41.8083092273","-87.6991568076","POINT (-87.699156807634 41.808309227298)"
"edb4209154423887e91dc2b62ed972d4d0fb3ceb478645dea94d4851b588cbb4370087e0f546d932679648906df79f1113d109f95e7dccc58b10210cb8242fa1",,"2026-03-10T13:15:00.000","25","NO CONTROLS","NO CONTROLS","CLEAR","DAYLIGHT","PARKED MOTOR VEHICLE","ALLEY",,"STRAIGHT AND LEVEL","DRY","OTHER","ON SCENE","INJURY AND / OR TOW DUE TO CRASH",,,,"OVER $1,500","2026-03-10T13:15:00.000","OPERATING VEHICLE IN ERRATIC, RECKLESS, CARELESS, NEGLIGENT OR AGGRESSIVE MANNER","UNABLE TO DETERMINE","861","E","63RD PL","312",,,,,,,"3","NO INDICATION OF INJURY","0","0","0","0","0","3","0","13","3","3","41.779419494","-87.6035685197","POINT (-87.60356851968 41.779419494004)"
"285efcb318bc77283a04b4b1f06191811cbc0029f66b1584da21a20b1816d4027fb42b3bfd6f12da5615a8b9c38179de3d9700bc728850c57ff97d5711da1768","Y","2026-03-10T13:00:00.000","20","NO CONTROLS","NO CONTROLS","CLEAR","DAYLIGHT","PARKED MOTOR VEHICLE","NOT DIVIDED",,"STRAIGHT AND LEVEL","DRY","NO DEFECTS","NOT ON SCENE (DESK REPORT)","NO INJURY / DRIVE AWAY",,,"Y","OVER $1,500","2026-03-10T17:30:00.000","UNABLE TO DETERMINE","NOT APPLICABLE","2815","W","ROSCOE ST","1733",,,,,,,"2","NO INDICATION OF INJURY","0","0","0","0","0","1","0","13","3","3","41.942676943","-87.6985448276","POINT (-87.698544827559 41.942676943041)"
"5b2e4c69abbf04a5139a284d56f75b552fea2a35ff08077e8e3d073af835f5162984274bf61596c2e10d5efaaeb7bd4441d39c8ade7689841b6d528a47d19d74",,"2026-03-10T13:00:00.000","10","NO CONTROLS","NO CONTROLS","CLEAR","DAYLIGHT","PARKED MOTOR VEHICLE","PARKING LOT",,"STRAIGHT AND LEVEL","UNKNOWN","UNKNOWN","NOT ON SCENE (DESK REPORT)","NO INJURY / DRIVE AWAY",,,"Y","OVER $1,500","2026-03-10T15:00:00.000","UNABLE TO DETERMINE","NOT APPLICABLE","10900","S","DOTY AVE W","513",,,,,,,"2","NO INDICATION OF INJURY","0","0","0","0","0","1","0","13","3","3","41.696313684","-87.5966322439","POINT (-87.596632243933 41.696313683973)"
"336be9a1aeb4ec67da58340f7d7afaf9a314df4b54582290e33cab617ed52abe9a90da34bab7d2fcd6155b3d0178b4161cb4b90e42c52280068b3ea967471045",,"2026-03-10T12:55:00.000","30","NO CONTROLS","NO CONTROLS","CLEAR","DAYLIGHT","REAR TO FRONT","NOT DIVIDED",,"STRAIGHT AND LEVEL","DRY","UNKNOWN","NOT ON SCENE (DESK REPORT)","NO INJURY / DRIVE AWAY",,,,"$501 - $1,500","2026-03-10T13:05:00.000","UNABLE TO DETERMINE","NOT APPLICABLE","11101","S","VINCENNES AVE","2234",,,,,,,"2","NO INDICATION OF INJURY","0","0","0","0","0","2","0","12","3","3","41.6920606608","-87.6632119483","POINT (-87.663211948284 41.692060660811)"
"14cded8f4b30fa017eb87e9b4ac64b7c87cb204342a6eb194b66d2898165a4e45dc5a4698c50c9e711bd9c625acffaf6218085397a0cb19f7424c6943edfa25b",,"2026-03-10T12:30:00.000","30","TRAFFIC SIGNAL","FUNCTIONING IMPROPERLY","CLEAR","DAYLIGHT","PEDESTRIAN","T-INTERSECTION",,"STRAIGHT AND LEVEL","DRY","NO DEFECTS","ON SCENE","INJURY AND / OR TOW DUE TO CRASH",,,,"OVER $1,500","2026-03-10T12:42:00.000","FAILING TO REDUCE SPEED TO AVOID CRASH","NOT APPLICABLE","3356","W","NORTH AVE","1422",,,,,,,"2","NONINCAPACITATING INJURY","1","0","0","1","0","2","0","12","3","3","41.9101663081","-87.711620514","POINT (-87.711620513962 41.91016630813)"
"52fbcbc977331fcb2df0bba4b19c1e975e08c9113be095106b2b4216b6205f65bb8a89193d96bf907e2e998e71000b4be3fbb4078f158782e141008e7cda40b9",,"2026-03-10T12:30:00.000","30","TRAFFIC SIGNAL","FUNCTIONING PROPERLY","CLEAR","DAYLIGHT","REAR END","NOT DIVIDED",,"STRAIGHT AND LEVEL","DRY","NO DEFECTS","NOT ON SCENE (DESK REPORT)","NO INJURY / DRIVE AWAY",,,,"OVER $1,500","2026-03-10T13:11:00.000","UNABLE TO DETERMINE","NOT APPLICABLE","3200","N","LINCOLN AVE","1922",,,,,,,"2","NO INDICATION OF INJURY","0","0","0","0","0","2","0","12","3","3","41.939688737","-87.6688234462","POINT (-87.668823446215 41.939688736987)"
"77e4ee35195f08e09beb4316d6639446c36a348ccbb55ba4e7ecf4ac2b9dbf7c547bf9a6f145220f67b483f8e7c59de7d2247d966e88bb6791e7b67e6fe4b4b0",,"2026-03-10T12:30:00.000","30","NO CONTROLS","NO CONTROLS","CLEAR","DAYLIGHT","SIDESWIPE SAME DIRECTION","NOT DIVIDED",,"STRAIGHT AND LEVEL","DRY","NO DEFECTS","NOT ON SCENE (DESK REPORT)","NO INJURY / DRIVE AWAY",,,,"$501 - $1,500","2026-03-10T13:37:00.000","IMPROPER OVERTAKING/PASSING","NOT APPLICABLE","5259","S","ARCHER AVE","815",,,,,,,"2","NO INDICATION OF INJURY","0","0","0","0","0","3","0","12","3","3","41.7994133443","-87.7375620545","POINT (-87.737562054496 41.799413344318)"
"a5a527fb1e279b1771c339958f416f3331bd31d8a9a5c133f81c1c1f856d5e2bcfb8a0d45c2fa4a86e3dc703d364fc18b20007a1df5447db9a833f03832318aa",,"2026-03-10T12:30:00.000","25","NO CONTROLS","NO CONTROLS","CLEAR","DAYLIGHT","SIDESWIPE SAME DIRECTION","OTHER",,"STRAIGHT AND LEVEL","DRY","UNKNOWN","NOT ON SCENE (DESK REPORT)","NO INJURY / DRIVE AWAY",,,,"$501 - $1,500","2026-03-10T14:00:00.000","FAILING TO YIELD RIGHT-OF-WAY","UNABLE TO DETERMINE","5406","N","WINTHROP AVE","2023",,,,,,,"2","NO INDICATION OF INJURY","0","0","0","0","0","2","0","12","3","3","41.9802636605","-87.6580685848","POINT (-87.65806858482 41.980263660532)"
"cc853c442d50a0d6d16892ae562b6997ab2678e3165c9be2127decef17dd17351072bf25c68dd2adf474105d2652d0ca885bbd564d325f3cdb5fa82357789b6a",,"2026-03-10T12:30:00.000","30","TRAFFIC SIGNAL","UNKNOWN","CLEAR","DAYLIGHT","REAR END","NOT DIVIDED",,"STRAIGHT AND LEVEL","UNKNOWN","UNKNOWN","NOT ON SCENE (DESK REPORT)","NO INJURY / DRIVE AWAY",,,,"OVER $1,500","2026-03-10T13:38:00.000","FOLLOWING TOO CLOSELY","NOT APPLICABLE","5142","W","BELMONT AVE","1634",,,,,,,"2","NO INDICATION OF INJURY","0","0","0","0","0","2","0","12","3","3","41.9388179898","-87.7559630639","POINT (-87.755963063852 41.938817989793)"
"fcc901daad3583f7df0a9d5bd4160d3457a678847ddb67cacaab25baa24bb923dfe5530d04d5a14d3b00b6ef4153ba4ba8075b9db547ef1b759cad4a53662352",,"2026-03-10T12:30:00.000","30","NO CONTROLS","NO CONTROLS","CLOUDY/OVERCAST","DAYLIGHT","REAR END","NOT DIVIDED",,"STRAIGHT AND LEVEL","DRY","NO DEFECTS","NOT ON SCENE (DESK REPORT)","NO INJURY / DRIVE AWAY",,,,"OVER $1,500","2026-03-10T12:30:00.000","UNABLE TO DETERMINE","UNABLE TO DETERMINE","5541","W","DEVON AVE","1621",,,,,,,"2","NO INDICATION OF INJURY","0","0","0","0","0","2","0","12","3","3","41.9971595899","-87.7671803413","POINT (-87.76718034131 41.997159589942)"
"24fc12d6a7da6a7c8ddc5adb1b81c71661d137c1cf9ecd8507c591cb113223605a5529d6aff110a45f5e3851377580dd984c00abbd72b69717baa31745d2f6e0",,"2026-03-10T12:27:00.000","30","TRAFFIC SIGNAL","FUNCTIONING PROPERLY","CLEAR","DAYLIGHT","TURNING","FOUR WAY",,"STRAIGHT AND LEVEL","DRY","NO DEFECTS","ON SCENE","NO INJURY / DRIVE AWAY","Y",,,"OVER $1,500","2026-03-10T12:27:00.000","FAILING TO YIELD RIGHT-OF-WAY","PHYSICAL CONDITION OF DRIVER","4000","W","PETERSON AVE","1711",,,,,,,"2","NO INDICATION OF INJURY","0","0","0","0","0","2","0","12","3","3","41.9902441856","-87.728714391","POINT (-87.728714391009 41.990244185647)"
"cead77545a7b6f5579f1c73b91f98129b8229d62a258fa117f8ff201b67145c91fb8ea94877d2e7b356f238be500504f1689b7752d2a22d53aab04c4c59c14d9",,"2026-03-10T12:15:00.000","30","TRAFFIC SIGNAL","FUNCTIONING PROPERLY","CLEAR","DAYLIGHT","ANGLE","NOT DIVIDED",,"STRAIGHT AND LEVEL","DRY","NO DEFECTS","ON SCENE","NO INJURY / DRIVE AWAY","Y",,,"OVER $1,500","2026-03-10T12:18:00.000","UNABLE TO DETERMINE","UNABLE TO DETERMINE","1821","N","CICERO AVE","2533",,,,,,,"2","NO INDICATION OF INJURY","0","0","0","0","0","2","0","12","3","3","41.9139518938","-87.7458444306","POINT (-87.745844430573 41.913951893774)"
"f807ff8fec8ad1de94e31c6641683882eac99e3cdcf3d230c7615d0e15ea55fde3a421174d18985fcc8da1babcc9bd9af682e86e0e7b37e9022220b369f65041",,"2026-03-10T12:15:00.000","35","TRAFFIC SIGNAL","FUNCTIONING PROPERLY","CLEAR","DAYLIGHT","ANGLE","DIVIDED - W/MEDIAN (NOT RAISED)",,"STRAIGHT AND LEVEL","DRY","NO DEFECTS","NOT ON SCENE (DESK REPORT)","NO INJURY / DRIVE AWAY","Y",,,"$500 OR LESS","2026-03-10T12:40:00.000","UNABLE TO DETERMINE","UNABLE TO DETERMINE","400","S","FRANKLIN ST","122",,,,,,,"2","NO INDICATION OF INJURY","0","0","0","0","0","2","0","12","3","3","41.8767874094","-87.6353228468","POINT (-87.635322846849 41.876787409425)"
"fffa39280f861ed4e9529e92be4fcdd621c8ff6ae6eb764a5507a1de895ff970e3e8c44bf60384f85887d39af9b4cfe060cf1dce50dfc6686bce42c27ea455d1",,"2026-03-10T12:00:00.000","25","NO CONTROLS","NO CONTROLS","CLEAR","DARKNESS, LIGHTED ROAD","PARKED MOTOR VEHICLE","NOT DIVIDED",,"STRAIGHT AND LEVEL","DRY","NO DEFECTS",,"NO INJURY / DRIVE AWAY",,,,"OVER $1,500","2026-03-10T18:02:00.000","FAILING TO REDUCE SPEED TO AVOID CRASH","NOT APPLICABLE","7134","W","STRONG ST","1613",,,,,,,"2","NO INDICATION OF INJURY","0","0","0","0","0","1","0","12","3","3","41.9701933727","-87.8061475887","POINT (-87.806147588736 41.970193372739)"
"33764188e82f81ca729719f7f040008ed1ae8d6e2ee567a98aea472b61653fa6f9ef58511794c6d9aae0eaa6584b63b4d52b85fec2b8e4a333778e688c2af6d2",,"2026-03-10T11:57:00.000","20","NO CONTROLS","NO CONTROLS","CLEAR","DAYLIGHT","PARKED MOTOR VEHICLE","NOT DIVIDED",,"STRAIGHT AND LEVEL","DRY","NO DEFECTS","NOT ON SCENE (DESK REPORT)","NO INJURY / DRIVE AWAY",,,"Y","$501 - $1,500","2026-03-10T14:17:00.000","UNABLE TO DETERMINE","UNABLE TO DETERMINE","4370","W","26TH ST","1013",,,,,,,"2","NO INDICATION OF INJURY","0","0","0","0","0","1","0","11","3","3","41.8442277264","-87.7339071231","POINT (-87.733907123056 41.844227726371)"
"8b062215307ef78ffb4cc90d54153c3b7c71f2ca740aa3f8f9a412e8ac0c557e7474e6f9c666866cbf4f86d3f2c8585b81ef640acb0b7771e94097675df7a470",,"2026-03-10T11:48:00.000","30","NO CONTROLS","NO CONTROLS","CLEAR","DAYLIGHT","SIDESWIPE SAME DIRECTION","DIVIDED - W/MEDIAN BARRIER",,"STRAIGHT AND LEVEL","DRY","NO DEFECTS","NOT ON SCENE (DESK REPORT)","NO INJURY / DRIVE AWAY",,,"Y","OVER $1,500","2026-03-10T13:14:00.000","IMPROPER LANE USAGE","UNABLE TO DETERMINE","4535","N","ASHLAND AVE","1912",,,,,,,"2","NO INDICATION OF INJURY","0","0","0","0","0","2","0","11","3","3","41.9644672563","-87.6691816284","POINT (-87.669181628393 41.964467256344)"
"2ed5c79fc8cc575ca742b0e562585e42925c468fbf889059b72d462a6e3614a18cb6efef1a64eb52f98689fcbd6f5301ed993ef9301db29187605d8f32726c57",,"2026-03-10T11:30:00.000","30","NO CONTROLS","NO CONTROLS","CLEAR","DAYLIGHT","PARKED MOTOR VEHICLE","PARKING LOT",,"STRAIGHT AND LEVEL","DRY","NO DEFECTS","ON SCENE","NO INJURY / DRIVE AWAY",,,,"$501 - $1,500","2026-03-10T12:15:00.000","FOLLOWING TOO CLOSELY","NOT APPLICABLE","3911","W","OGDEN AVE","1014",,,,,,,"2","NO INDICATION OF INJURY","0","0","0","0","0","1","0","11","3","3","41.8516233929","-87.7227184215","POINT (-87.722718421534 41.851623392912)"
"a1c38141ee138c1a785bc2c3fe892e8ca501c4bf01320d9338a867aa4392b76a31ac173314b1d119784662e904b076ba60f669a525415022550ccf11f2a8d03b",,"2026-03-10T11:30:00.000","30","NO CONTROLS","NO CONTROLS","CLEAR","DAYLIGHT","SIDESWIPE SAME DIRECTION","ONE-WAY",,"STRAIGHT AND LEVEL","DRY","NO DEFECTS","NOT ON SCENE (DESK REPORT)","NO INJURY / DRIVE AWAY",,,,"OVER $1,500","2026-03-10T12:00:00.000","FAILING TO REDUCE SPEED TO AVOID CRASH","IMPROPER LANE USAGE","17","E","ADAMS ST","113",,,,,,,"2","NO INDICATION OF INJURY","0","0","0","0","0","2","0","11","3","3","41.879387334","-87.6270636524","POINT (-87.627063652354 41.87938733398)"
"2f0c1f8b3fe7803d90dc68f03a25d9783251242f8e7e9c0734fe866acac353f0f31193bf322c10d3947c799984fcbf7c810caffe29b3098fb94a281d02597229",,"2026-03-10T11:15:00.000","30","NO CONTROLS","NO CONTROLS","CLEAR","DAYLIGHT","SIDESWIPE SAME DIRECTION","NOT DIVIDED",,"STRAIGHT AND LEVEL","DRY","NO DEFECTS","ON SCENE","INJURY AND / OR TOW DUE TO CRASH",,,"N","$500 OR LESS","2026-03-10T11:20:00.000","OPERATING VEHICLE IN ERRATIC, RECKLESS, CARELESS, NEGLIGENT OR AGGRESSIVE MANNER","IMPROPER OVERTAKING/PASSING","3611","W","MADISON ST","1122",,,,,,,"2","REPORTED, NOT EVIDENT","2","0","0","0","2","1","0","11","3","3","41.8807389968","-87.7163560143","POINT (-87.716356014286 41.880738996814)"
"fc94d7169f6fce454e8aa75c7e04ded774e1c83bc0d213275fdd706fe19870bdc233170fce7d85245e086f9bbf4d67c310c175557b1f164f9ec7ecc8e1d943aa",,"2026-03-10T11:15:00.000","30","TRAFFIC SIGNAL","FUNCTIONING PROPERLY","CLEAR","DAYLIGHT","REAR END","NOT DIVIDED",,"STRAIGHT AND LEVEL","DRY","NO DEFECTS","NOT ON SCENE (DESK REPORT)","NO INJURY / DRIVE AWAY",,,,"$501 - $1,500","2026-03-10T20:44:00.000","FAILING TO YIELD RIGHT-OF-WAY","NOT APPLICABLE","10300","S","KEDZIE AVE","2211",,,,,,,"2","NO INDICATION OF INJURY","0","0","0","0","0","2","0","11","3","3","41.7060829595","-87.7014667184","POINT (-87.701466718439 41.706082959543)"
"5c58e7395944211e6a3cfc0140e26c177650965dedf00749d0f77c340dfc50f0b08ecc43ad20220758b249df3ad179d05f07ee2096b5982c323b89fcaa2c3679",,"2026-03-10T11:02:00.000","30","NO CONTROLS","NO CONTROLS","CLEAR","DAYLIGHT","SIDESWIPE SAME DIRECTION","DIVIDED - W/MEDIAN (NOT RAISED)",,"STRAIGHT AND LEVEL","DRY","NO DEFECTS","ON SCENE","NO INJURY / DRIVE AWAY",,,,"OVER $1,500","2026-03-10T11:06:00.000","UNABLE TO DETERMINE","UNABLE TO DETERMINE","4355","S","PULASKI RD","821",,,,,,,"2","NO INDICATION OF INJURY","0","0","0","0","0","2","0","11","3","3","41.8135742027","-87.7236533055","POINT (-87.72365330547 41.813574202683)"
"bc41a8b64f10a51173beb0a7a83779f6f15e86a44206099ddcfefd339d34a9cf5fbeaa38265d01b8b4ad751e06702ae81ce15448f127c9c77cb10f0f1df11c9f",,"2026-03-10T11:00:00.000","30","NO CONTROLS","NO CONTROLS","CLOUDY/OVERCAST","DAYLIGHT","PARKED MOTOR VEHICLE","ONE-WAY",,"STRAIGHT AND LEVEL","WET","NO DEFECTS","NOT ON SCENE (DESK REPORT)","NO INJURY / DRIVE AWAY",,,,"$501 - $1,500","2026-03-10T11:50:00.000","NOT APPLICABLE","NOT APPLICABLE","8814","S","JUSTINE ST","2221",,,,,,,"2","NO INDICATION OF INJURY","0","0","0","0","0","1","0","11","3","3","41.7335083976","-87.661929447","POINT (-87.661929447043 41.733508397564)"
"af4d7a74924630230faf6609f7ded8b492e1589e77a42cae823f7f44af2d969a6f0a60fc67b18a3b1aa1557c583e960c224a27f095e99d10a569014ee0883012",,"2026-03-10T10:55:00.000","30","NO CONTROLS","NO CONTROLS","CLEAR","DAYLIGHT","SIDESWIPE OPPOSITE DIRECTION","NOT DIVIDED",,"STRAIGHT AND LEVEL","DRY","NO DEFECTS","NOT ON SCENE (DESK REPORT)","NO INJURY / DRIVE AWAY",,,"Y","$500 OR LESS","2026-03-10T11:35:00.000","UNABLE TO DETERMINE","UNABLE TO DETERMINE","3700","W","CERMAK RD","1014",,,,,,,"2","NO INDICATION OF INJURY","0","0","0","0","0","2","0","10","3","3","41.8517426808","-87.7174934383","POINT (-87.717493438332 41.851742680807)"
"551482cef7ae21f901d41d8a42a856abfea5c255ab9fa450b4f143789782f72fc1d1b00485b39372e35759faabcbc331ef3bedda76ca5fb686d53f1a4f39e3d5",,"2026-03-10T10:52:00.000","30","NO CONTROLS","NO CONTROLS","CLOUDY/OVERCAST","DAYLIGHT","SIDESWIPE SAME DIRECTION","NOT DIVIDED",,"STRAIGHT AND LEVEL","DRY","NO DEFECTS","NOT ON SCENE (DESK REPORT)","NO INJURY / DRIVE AWAY",,,,"OVER $1,500","2026-03-10T11:30:00.000","FAILING TO YIELD RIGHT-OF-WAY","NOT APPLICABLE","901","W","BELMONT AVE","1933",,,,,,,"2","NO INDICATION OF INJURY","0","0","0","0","0","2","0","10","3","3","41.9398373864","-87.6516655522","POINT (-87.651665552217 41.939837386402)"
"71d3d72fc8afe6e93645f9117cbdd94c4c2a0e0ef2e95317430f2fb863b89d54308957cb72fa0090ae5d6f7095e8f308cda729c06503122c52f05e7e2ae6e0ec",,"2026-03-10T10:48:00.000","35","STOP SIGN/FLASHER","FUNCTIONING PROPERLY","CLEAR","DAYLIGHT","ANGLE","NOT DIVIDED",,"STRAIGHT AND LEVEL","DRY","NO DEFECTS","NOT ON SCENE (DESK REPORT)","NO INJURY / DRIVE AWAY","Y",,"Y","OVER $1,500","2026-03-10T11:50:00.000","DISREGARDING STOP SIGN","NOT APPLICABLE","4700","W","WASHINGTON BLVD","1113",,,,,,,"2","NO INDICATION OF INJURY","0","0","0","0","0","3","0","10","3","3","41.8819548871","-87.7429975836","POINT (-87.742997583599 41.881954887071)"
"0220280d08818574effb303c83163cd3b730107ce323ff584184d6273d858e9d2d9ecc44e01feae4df27b3ee172fb7193ff2406f81b4b75ca0325cd2e4c8365f",,"2026-03-10T10:45:00.000","30","NO CONTROLS","NO CONTROLS","CLOUDY/OVERCAST","DAYLIGHT","SIDESWIPE SAME DIRECTION","NOT DIVIDED",,"STRAIGHT AND LEVEL","DRY","NO DEFECTS","NOT ON SCENE (DESK REPORT)","NO INJURY / DRIVE AWAY",,,"Y","$501 - $1,500","2026-03-10T11:00:00.000","IMPROPER LANE USAGE","NOT APPLICABLE","7100","S","ASHLAND AVE","735",,,,,,,"2","NO INDICATION OF INJURY","0","0","0","0","0","2","0","10","3","3","41.7648593824","-87.6639401763","POINT (-87.663940176305 41.764859382425)"
"1c6776d7a4a3d61ca6b7d8a8829b9b41c7a215854cf579e00a5512feebe806a3180bcfa1edc94c92c83904c42e224f666df6a114ed60c69f465e84748d06f195",,"2026-03-10T10:45:00.000","20","NO CONTROLS","NO CONTROLS","UNKNOWN","DAYLIGHT","PARKED MOTOR VEHICLE","ONE-WAY",,"STRAIGHT AND LEVEL","UNKNOWN","UNKNOWN","NOT ON SCENE (DESK REPORT)","NO INJURY / DRIVE AWAY",,,"Y","OVER $1,500","2026-03-10T11:00:00.000","UNABLE TO DETERMINE","UNABLE TO DETERMINE","3158","W","19TH ST","1022",,,,,,,"2","NO INDICATION OF INJURY","0","0","0","0","0","1","0","10","3","3","41.8555238386","-87.7052950185","POINT (-87.705295018508 41.855523838636)"
"0613809f2ef8eec3e8d6dde2c3d69caa0b0dbcf88dad5efe4ba22ce7c9cd579d9507e1177397247d780c560f48502590952d4ab8a981d848ce4be940c6c2febf",,"2026-03-10T10:44:00.000","30","NO CONTROLS","NO CONTROLS","CLEAR","DAYLIGHT","TURNING","NOT DIVIDED",,"STRAIGHT AND LEVEL","DRY","NO DEFECTS","ON SCENE","NO INJURY / DRIVE AWAY",,,"Y","OVER $1,500","2026-03-10T10:44:00.000","FAILING TO YIELD RIGHT-OF-WAY","FAILING TO YIELD RIGHT-OF-WAY","5700","S","CENTRAL AVE","811",,,,,,,"2","NO INDICATION OF INJURY","0","0","0","0","0","2","0","10","3","3","41.7889704432","-87.7623107384","POINT (-87.762310738416 41.78897044323)"
"ea846f66a688409045ca3222f8b0256a4389595704efa940516543f3c9b6014a0015ee61c0008379c13df91c0e9ed9afacf0eeda723cbf41ca42026135f25e75",,"2026-03-10T10:40:00.000","30","NO CONTROLS","NO CONTROLS","CLEAR","DAYLIGHT","TURNING","FOUR WAY",,"STRAIGHT AND LEVEL","DRY","NO DEFECTS","ON SCENE","NO INJURY / DRIVE AWAY","Y",,,"$501 - $1,500","2026-03-10T10:43:00.000","IMPROPER OVERTAKING/PASSING","DRIVING SKILLS/KNOWLEDGE/EXPERIENCE","4900","S","RACINE AVE","933",,,,,,,"2","NO INDICATION OF INJURY","0","0","0","0","0","2","0","10","3","3","41.8050768688","-87.6553007113","POINT (-87.655300711279 41.805076868759)"
"8e99625d3cecb026b1772397833640d6fb3b41ee97fe80702f69fb74a387d727b14695bc5202ce232e0da0153693aee39224d60ad6702f70ad149cf95fb2d720",,"2026-03-10T10:39:00.000","30","NO CONTROLS","NO CONTROLS","CLEAR","DAYLIGHT","TURNING","DIVIDED - W/MEDIAN (NOT RAISED)",,"STRAIGHT AND LEVEL","DRY","NO DEFECTS","ON SCENE","NO INJURY / DRIVE AWAY","Y",,"Y","OVER $1,500","2026-03-10T10:41:00.000","UNABLE TO DETERMINE","UNABLE TO DETERMINE","4501","W","GRAND AVE","2533",,,,,,,"2","NO INDICATION OF INJURY","0","0","0","0","0","3","0","10","3","3","41.9109156004","-87.7387193298","POINT (-87.738719329834 41.910915600395)"
"ce0d66fe96fbb2911434c2fefc53a204320f28c61f157bdec0c495bed76925b835d0d8c476bd225de2521359f261f076aa94ce212377c15d4d80ee837f160bda",,"2026-03-10T10:35:00.000","35","NO CONTROLS","NO CONTROLS","CLEAR","DAYLIGHT","SIDESWIPE SAME DIRECTION","FOUR WAY",,"STRAIGHT AND LEVEL","DRY","NO DEFECTS","ON SCENE","NO INJURY / DRIVE AWAY",,,,"OVER $1,500","2026-03-10T10:57:00.000","EQUIPMENT - VEHICLE CONDITION","DRIVING SKILLS/KNOWLEDGE/EXPERIENCE","4901","W","DIVISION ST","1531","Y","Y",,,,,"2","NO INDICATION OF INJURY","0","0","0","0","0","2","0","10","3","3","41.9022154146","-87.748540279","POINT (-87.748540279 41.902215414551)"
"446b2bbd71f2058d78159f7a376ac24de47473f1f131bf8d9f5cb6cee29aa617c5d961a0c619d758216a4761797e72393320a9ee1ce1879f6dadb851c3080bcf",,"2026-03-10T10:31:00.000","30","TRAFFIC SIGNAL","NO CONTROLS","CLEAR","DAYLIGHT","TURNING","NOT DIVIDED",,"STRAIGHT AND LEVEL","DRY","NO DEFECTS","ON SCENE","INJURY AND / OR TOW DUE TO CRASH","Y",,,"OVER $1,500","2026-03-10T10:31:00.000","IMPROPER TURNING/NO SIGNAL","NOT APPLICABLE","300","N","PULASKI RD","1114",,,,,,,"2","NONINCAPACITATING INJURY","1","0","0","1","0","1","0","10","3","3","41.885533551","-87.7259529068","POINT (-87.725952906768 41.885533551021)"