"crash_record_id","crash_date_est_i","crash_date","posted_speed_limit","traffic_control_device","device_condition","weather_condition","lighting_condition","first_crash_type","trafficway_type","lane_cnt","alignment","roadway_surface_cond","road_defect","report_type","crash_type","intersection_related_i","private_property_i","hit_and_run_i","damage","date_police_notified","prim_contributory_cause","sec_contributory_cause","street_no","street_direction","street_name","beat_of_occurrence","photos_taken_i","statements_taken_i","dooring_i","work_zone_i","work_zone_type","workers_present_i","num_units","most_severe_injury","injuries_total","injuries_fatal","injuries_incapacitating","injuries_non_incapacitating","injuries_reported_not_evident","injuries_no_indication","injuries_unknown","crash_hour","crash_day_of_week","crash_month","latitude","longitude","location"
"524ab94042d9562b6ca47faa1c34d2a2f29f48c05744e9322e5b3579306f920117938a86aa8e1345524f587d41b7254fa4b3a5af6d61ef87462d90dca74a49d3",,"2026-03-10T10:30:00.000","20","UNKNOWN","UNKNOWN","UNKNOWN","UNKNOWN","FIXED OBJECT","NOT DIVIDED",,"STRAIGHT AND LEVEL","UNKNOWN","UNKNOWN","NOT ON SCENE (DESK REPORT)","NO INJURY / DRIVE AWAY",,,,"OVER $1,500","2026-03-11T11:20:00.000","UNABLE TO DETERMINE","UNABLE TO DETERMINE","10606","S","OGLESBY AVE","434",,,,,,,"1","NO INDICATION OF INJURY","0","0","0","0","0","1","0","10","3","3","41.7024855451","-87.5652930832","POINT (-87.565293083239 41.70248554512)"
"a9ce00fa22811adfee08efb5121d58d8a6d9225132cf976cd2b9e89ab60819d38d8ec3d43acef7f2b8a77aa2d71814df3d1f22e5eb4c89f4cf6f7f80bc03f435",,"2026-03-10T10:30:00.000","30","NO CONTROLS","NO CONTROLS","CLEAR","DAYLIGHT","PARKED MOTOR VEHICLE","DIVIDED - W/MEDIAN (NOT RAISED)",,"STRAIGHT AND LEVEL","DRY","UNKNOWN","ON SCENE","NO INJURY / DRIVE AWAY",,,"Y","OVER $1,500","2026-03-10T12:30:00.000","UNABLE TO DETERMINE","UNABLE TO DETERMINE","2717","N","SPAULDING AVE","1412",,,,,,,"2","NO INDICATION OF INJURY","0","0","0","0","0","1","0","10","3","3","41.9306016815","-87.7107580201","POINT (-87.710758020123 41.930601681509)"
"e44313e12b59da2e944b868d842128d7ff395f31e9f6e0875971e059ee941254788a09a0ebd146f82cc038e35502f9ffedc022b158926859368b5a5e36a23417",,"2026-03-10T10:30:00.000","30","NO CONTROLS","NO CONTROLS","CLEAR","DAYLIGHT","PARKED MOTOR VEHICLE","NOT DIVIDED",,"STRAIGHT AND LEVEL","DRY","NO DEFECTS","NOT ON SCENE (DESK REPORT)","NO INJURY / DRIVE AWAY",,,,"OVER $1,500","2026-03-10T11:00:00.000","UNABLE TO DETERMINE","UNABLE TO DETERMINE","3000","W","21ST PL","1022",,,,,,,"2","NO INDICATION OF INJURY","0","0","0","0","0","1","0","10","3","3","41.8528542527","-87.7005343066","POINT (-87.700534306569 41.852854252745)"
"47d10fd7f42005b156ef7aaf2e4b1ee301ab1ac3b80c904b4c346432f6e7041344003e5a9f43b18459e5f7090a658fb48cb4d03d1d582170df2b14e0b4f927a8",,"2026-03-10T10:00:00.000","30","NO CONTROLS","NO CONTROLS","RAIN","DAYLIGHT","REAR END","NOT DIVIDED",,"STRAIGHT AND LEVEL","WET","NO DEFECTS","NOT ON SCENE (DESK REPORT)","NO INJURY / DRIVE AWAY",,,,"OVER $1,500","2026-03-10T15:14:00.000","NOT APPLICABLE","NOT APPLICABLE","3900","W","59TH ST","822",,,,,,,"2","NO INDICATION OF INJURY","0","0","0","0","0","2","0","10","3","3","41.7860843985","-87.7206334766","POINT (-87.720633476617 41.786084398524)"
"9526d120dca44e5298e30d679e84e37d7fb5783cad1b3f15a69779073831e0c7b9022423f42838d264a609c554355746949bec9ccf3c88350783d48e74c38878",,"2026-03-10T09:58:00.000","30","TRAFFIC SIGNAL","FUNCTIONING PROPERLY","CLOUDY/OVERCAST","DAYLIGHT","REAR END","DIVIDED - W/MEDIAN (NOT RAISED)",,"STRAIGHT AND LEVEL","DRY","NO DEFECTS","NOT ON SCENE (DESK REPORT)","NO INJURY / DRIVE AWAY","Y",,,"OVER $1,500","2026-03-10T10:30:00.000","UNABLE TO DETERMINE","NOT APPLICABLE","730","W","35TH ST","915",,,,,,,"2","NO INDICATION OF INJURY","0","0","0","0","0","2","0","9","3","3","41.8308769374","-87.6448320219","POINT (-87.644832021929 41.8308769374)"
"4c9c01ccb032c41bb6416ae837bb675b9ebb0986d08bb6dca842db4eaccc69fde62b82c226460c0891877ea87f7eccd5c686500ae990a3f544905de75a59797c",,"2026-03-10T09:49:00.000","30","TRAFFIC SIGNAL","FUNCTIONING PROPERLY","CLEAR","DAYLIGHT","REAR END","DIVIDED - W/MEDIAN BARRIER",,"STRAIGHT AND LEVEL","DRY","UNKNOWN","ON SCENE","INJURY AND / OR TOW DUE TO CRASH",,,"Y","OVER $1,500","2026-03-10T09:52:00.000","NOT APPLICABLE","NOT APPLICABLE","8700","S","LAKE SHORE DR","424",,,,,,,"2","NO INDICATION OF INJURY","0","0","0","0","0","2","0","9","3","3","41.7373263053","-87.5404481599","POINT (-87.540448159856 41.737326305348)"
"3c297cf3c0a367cb09de7a68eeaa6be3b8936e7d3fd4ec0e8ab088baff0f6ca1f02798a5cafe2274d2fe6b905b50dd962b26b473358b3f04466ed96ae75bf5ce",,"2026-03-10T09:45:00.000","30","NO CONTROLS","NO CONTROLS","CLEAR","DAYLIGHT","SIDESWIPE SAME DIRECTION","NOT DIVIDED",,"STRAIGHT AND LEVEL","DRY","NO DEFECTS","NOT ON SCENE (DESK REPORT)","NO INJURY / DRIVE AWAY",,,,"OVER $1,500","2026-03-10T11:36:00.000","UNABLE TO DETERMINE","UNABLE TO DETERMINE","4830","S","WESTERN AVE","922",,,,,,,"2","NO INDICATION OF INJURY","0","0","0","0","0","2","0","9","3","3","41.805724373","-87.6844951089","POINT (-87.684495108884 41.805724373029)"
"95bc46608956f921dd288f588d4a30519072e99c312501aa662e8e5b31623eb39e3132b6861ef9a70f979984a3ab18539d8a87d0f3808b13cf6e1064158d0e5a",,"2026-03-10T09:45:00.000","30","NO CONTROLS","NO CONTROLS","CLEAR","DAYLIGHT","PARKED MOTOR VEHICLE","NOT DIVIDED",,"STRAIGHT AND LEVEL","DRY","NO DEFECTS","ON SCENE","NO INJURY / DRIVE AWAY",,,,"OVER $1,500","2026-03-10T09:47:00.000","UNABLE TO DETERMINE","UNABLE TO DETERMINE","1345","S","THOMPSON DR","1022",,,,,,,"2","NO INDICATION OF INJURY","0","0","0","0","0","1","0","9","3","3","41.8635534809","-87.6993998871","POINT (-87.699399887062 41.863553480909)"
"b4805bee1dc836b8d7b3cded7234239bcc53720a74b05ea3eeb3dc81054c9b12c1e095ada92c4ec5ffaf2a37b313e5e9354d3be88fb5dfe642da51cec5ba1126",,"2026-03-10T09:45:00.000","30","NO CONTROLS","NO CONTROLS","CLEAR","DAYLIGHT","TURNING","T-INTERSECTION",,"STRAIGHT AND LEVEL","DRY","UNKNOWN","ON SCENE","INJURY AND / OR TOW DUE TO CRASH","Y",,,"OVER $1,500","2026-03-10T09:45:00.000","UNABLE TO DETERMINE","FAILING TO YIELD RIGHT-OF-WAY","13000","S","EVANS AVE","533",,"Y",,,,,"2","NONINCAPACITATING INJURY","1","0","0","1","0","1","0","9","3","3","41.6591296231","-87.6035523001","POINT (-87.603552300143 41.659129623085)"
"0a846f6dab35785998ae5e82528143bc493906e85035e71a0a43786ba876f58841164278fcb0b088f99586e741b110a96a76e9f7b7af00826f8454a7efceb0da",,"2026-03-10T09:40:00.000","30","TRAFFIC SIGNAL","NOT FUNCTIONING","CLEAR","DAYLIGHT","SIDESWIPE SAME DIRECTION","FIVE POINT, OR MORE",,"STRAIGHT AND LEVEL","DRY","NO DEFECTS","NOT ON SCENE (DESK REPORT)","NO INJURY / DRIVE AWAY","Y",,"N","OVER $1,500","2026-03-10T13:25:00.000","FAILING TO YIELD RIGHT-OF-WAY","FAILING TO YIELD RIGHT-OF-WAY","801","W","GRAND AVE","1214",,,,,,,"2","NO INDICATION OF INJURY","0","0","0","0","0","2","0","9","3","3","41.891074309","-87.6476705556","POINT (-87.64767055558 41.891074309011)"
"095f5e0a2395fd019f86e1a845edc017a1ece12ac1b3d38e6402cc593c7814393c9be654a0818d25b6f80c3915d92717615f4bc582a9f271222d1b942b4be714",,"2026-03-10T09:39:00.000","30","NO CONTROLS","NO CONTROLS","CLOUDY/OVERCAST","DAYLIGHT","SIDESWIPE SAME DIRECTION","NOT DIVIDED",,"STRAIGHT AND LEVEL","DRY","UNKNOWN","ON SCENE","NO INJURY / DRIVE AWAY",,,"Y","$501 - $1,500","2026-03-10T09:43:00.000","RELATED TO BUS STOP","NOT APPLICABLE","315","W","CHICAGO AVE","1831",,,,,,,"2","NO INDICATION OF INJURY","0","0","0","0","0","2","0","9","3","3","41.8964550634","-87.6363474338","POINT (-87.636347433783 41.896455063442)"
"3748f49ffa67241e82047015ee612e26979d5d89b13225fe75cbda43dde40a55d3e9084621d429f5538909568a6c236891d42a0b305b9e50b545b147c4aa4505",,"2026-03-10T09:30:00.000","10","NO CONTROLS","NO CONTROLS","CLEAR","DAYLIGHT","PARKED MOTOR VEHICLE","NOT DIVIDED",,"STRAIGHT AND LEVEL","DRY","UNKNOWN","NOT ON SCENE (DESK REPORT)","NO INJURY / DRIVE AWAY",,,,"OVER $1,500","2026-03-10T16:15:00.000","UNABLE TO DETERMINE","UNABLE TO DETERMINE","6228","S","MICHIGAN AVE","311",,,,,,,"2","NO INDICATION OF INJURY","0","0","0","0","0","1","0","9","3","3","41.7810455322","-87.6223695634","POINT (-87.62236956338 41.781045532188)"
"3e57a0539bd044811463e89a4537578871eb73477b8761886851e4977a55fabb9acbaff832a0c945a348d0f48f3e506e138c4ecab492401c536e16fb3b1923fa",,"2026-03-10T09:15:00.000","30","NO CONTROLS","NO CONTROLS","RAIN","DAYLIGHT","PARKED MOTOR VEHICLE","NOT DIVIDED",,"CURVE, LEVEL","WET","NO DEFECTS","NOT ON SCENE (DESK REPORT)","NO INJURY / DRIVE AWAY",,,"Y","OVER $1,500","2026-03-13T10:30:00.000","UNABLE TO DETERMINE","UNABLE TO DETERMINE","9961","S","VAN VLISSINGEN RD","431",,,,,,,"2","NO INDICATION OF INJURY","0","0","0","0","0","1","0","9","3","3","41.7139132354","-87.5726596442","POINT (-87.57265964421 41.713913235353)"
"67891d82540e69a47997590648e1f3bf3afaa22a3ae16d7f8c841830e957f6c5c0c269793352dfede2133fc2ed0b8992daa24fb134f13d10073530530286cdae",,"2026-03-10T09:11:00.000","30","NO CONTROLS","NO CONTROLS","CLEAR","DAYLIGHT","TURNING","NOT DIVIDED",,"STRAIGHT AND LEVEL","DRY","NO DEFECTS","ON SCENE","INJURY AND / OR TOW DUE TO CRASH",,,,"OVER $1,500","2026-03-10T09:11:00.000","IMPROPER TURNING/NO SIGNAL","NOT APPLICABLE","11101","S","LANGLEY AVE","531",,,,,,,"2","NONINCAPACITATING INJURY","2","0","0","2","0","0","0","9","3","3","41.6927251902","-87.6058462225","POINT (-87.605846222461 41.692725190185)"
"b23065903216340cb62a5cb760c3e05145431565ed6f55bda430ffafd55c94941ffac32017c145420bfda6c74151e63a2748348927ff8bfa1172623954d9eeb5",,"2026-03-10T09:11:00.000","30","TRAFFIC SIGNAL","FUNCTIONING PROPERLY","CLEAR","DAYLIGHT","PEDESTRIAN","TRAFFIC ROUTE",,"STRAIGHT AND LEVEL","UNKNOWN","UNKNOWN","ON SCENE","INJURY AND / OR TOW DUE TO CRASH","Y",,,"$501 - $1,500","2026-03-10T09:14:00.000","FAILING TO YIELD RIGHT-OF-WAY","UNABLE TO DETERMINE","8699","S","WESTERN AVE","614",,,,,,,"2","NONINCAPACITATING INJURY","1","0","0","1","0","1","0","9","3","3","41.7356229447","-87.6823703448","POINT (-87.682370344756 41.735622944654)"
"85c9b9c69b3996cad96b70a652362a9111c0de37e94afd9f8a483cf9ad16af0e877841cfe0c079caefdf2c24496870c060f1daf80fb0d34f23cb9caf9b56c96c",,"2026-03-10T09:10:00.000","30","STOP SIGN/FLASHER","NO CONTROLS","CLOUDY/OVERCAST","DAYLIGHT","ANGLE","NOT DIVIDED",,"STRAIGHT AND LEVEL","UNKNOWN","UNKNOWN","NOT ON SCENE (DESK REPORT)","NO INJURY / DRIVE AWAY",,,"Y","OVER $1,500","2026-03-10T09:25:00.000","UNABLE TO DETERMINE","NOT APPLICABLE","631","W","35TH ST","915",,,,,,,"2","NO INDICATION OF INJURY","0","0","0","0","0","2","0","9","3","3","41.8306917158","-87.6423895741","POINT (-87.642389574122 41.830691715805)"
"09a7dcd1618b497c714bdf049a595ef8d7554add23c9da3df12a4bfda665bb86807981bb091c259a3b1dda8b72e997d1abaade0950bb0ff1d5450d2ac086ad5b",,"2026-03-10T09:08:00.000","30","STOP SIGN/FLASHER","NO CONTROLS","CLEAR","DAYLIGHT","ANGLE","FOUR WAY",,"STRAIGHT AND LEVEL","DRY","NO DEFECTS","NOT ON SCENE (DESK REPORT)","INJURY AND / OR TOW DUE TO CRASH","Y",,,"OVER $1,500","2026-03-10T09:10:00.000","FAILING TO YIELD RIGHT-OF-WAY","FAILING TO YIELD RIGHT-OF-WAY","400","E","109TH ST","513",,,,,,,"2","NO INDICATION OF INJURY","0","0","0","0","0","4","0","9","3","3","41.6964854561","-87.6134134084","POINT (-87.613413408435 41.69648545613)"
"f41582592212bdbece5f94d0ce1a4145761ab0b30e6c17909bca8d9e1d3768c0333be823e3770182c6c6c7ea1e69b0641b02936cf85fe16b828bcc1c9e9a2a7e",,"2026-03-10T09:06:00.000","30","NO CONTROLS","NO CONTROLS","CLEAR","DAYLIGHT","TURNING","DIVIDED - W/MEDIAN (NOT RAISED)",,"STRAIGHT AND LEVEL","DRY","UNKNOWN","ON SCENE","INJURY AND / OR TOW DUE TO CRASH","Y",,,"OVER $1,500","2026-03-10T09:28:00.000","IMPROPER OVERTAKING/PASSING","IMPROPER LANE USAGE","4130","S","ARCHER AVE","921",,,,,,,"2","NO INDICATION OF INJURY","0","0","0","0","0","3","0","9","3","3","41.8184596871","-87.6973504254","POINT (-87.697350425384 41.818459687138)"
"5b37f1ceb7123b8bfc9f35eca864537e1476fee0d36f2f3bd1f1d90cb99f6713908280cd7958f30f75b449819beb40ae2a560559787d7672cdc23e23b5be3d17",,"2026-03-10T09:00:00.000","30","NO CONTROLS","NO CONTROLS","CLEAR","DAYLIGHT","SIDESWIPE SAME DIRECTION","NOT DIVIDED",,"STRAIGHT AND LEVEL","DRY","NO DEFECTS","ON SCENE","NO INJURY / DRIVE AWAY",,,,"OVER $1,500","2026-03-10T09:05:00.000","IMPROPER LANE USAGE","DRIVING SKILLS/KNOWLEDGE/EXPERIENCE","5435","N","HARLEM AVE","1613",,,,,,,"2","NO INDICATION OF INJURY","0","0","0","0","0","2","0","9","3","3","41.9802032338","-87.8068311183","POINT (-87.806831118316 41.980203233751)"
"b0d30f60aa11cb307c205de533a4a89f8c9a27a9854c828a0599988c88914b8e2fdb7ba3ada4dcf0e4113102f06e000765a1dfe9df7862fd1630feeb8bb3c185",,"2026-03-10T09:00:00.000","30","STOP SIGN/FLASHER","FUNCTIONING PROPERLY","CLEAR","DAYLIGHT","ANGLE","FOUR WAY",,"STRAIGHT AND LEVEL","DRY","NO DEFECTS","NOT ON SCENE (DESK REPORT)","NO INJURY / DRIVE AWAY","Y",,,"OVER $1,500","2026-03-10T18:08:00.000","FAILING TO YIELD RIGHT-OF-WAY","NOT APPLICABLE","630","W","35TH ST","915",,,,,,,"2","NO INDICATION OF INJURY","0","0","0","0","0","2","0","9","3","3","41.8309111801","-87.6423969827","POINT (-87.642396982719 41.830911180131)"
"03f55dd7da2206666841071ff8db925dc4ee18e981dad2fdeb62d58e9042580e23908c869d72f59fa45adc77deaa0a9cc6726d54be683d5f030f28a29f18e512",,"2026-03-10T08:55:00.000","30","NO CONTROLS","NO CONTROLS","CLOUDY/OVERCAST","DAYLIGHT","TURNING","DIVIDED - W/MEDIAN (NOT RAISED)",,"STRAIGHT AND LEVEL","DRY","NO DEFECTS","ON SCENE","INJURY AND / OR TOW DUE TO CRASH","Y",,,"OVER $1,500","2026-03-10T08:55:00.000","UNABLE TO DETERMINE","NOT APPLICABLE","2800","S","CALIFORNIA BLVD","1034",,,,,,,"2","NONINCAPACITATING INJURY","1","0","0","1","0","1","0","8","3","3","41.8411222464","-87.6945022605","POINT (-87.694502260549 41.841122246369)"
"f2bc5d653e0a0028e82f216cc20864e3b22af5cf87de3cf76d0c1a60c2964c3718f3b60ebeee74c32c5b603ebaa82288b15456f8b7243af6eb3f4c819313f242",,"2026-03-10T08:45:00.000","20","STOP SIGN/FLASHER","FUNCTIONING PROPERLY","CLEAR","DAYLIGHT","TURNING","DIVIDED - W/MEDIAN (NOT RAISED)",,"STRAIGHT AND LEVEL","DRY","NO DEFECTS","NOT ON SCENE (DESK REPORT)","NO INJURY / DRIVE AWAY","Y",,,"OVER $1,500","2026-03-10T11:00:00.000","UNABLE TO DETERMINE","UNABLE TO DETERMINE","4900","W","LAKE ST","1532",,,,,,,"2","NO INDICATION OF INJURY","0","0","0","0","0","2","0","8","3","3","41.8868889077","-87.7480694771","POINT (-87.748069477105 41.886888907733)"
"24266c8ffff30eafe812dda5815174e46c1188a6aef77f001aa9188658b638de0584d0c1fd39d505510b98e5183ed049091b7f3140e129550e589037bfac299d",,"2026-03-10T08:44:00.000","30","UNKNOWN","UNKNOWN","CLOUDY/OVERCAST","DAYLIGHT","REAR END","NOT DIVIDED",,"STRAIGHT AND LEVEL","DRY","NO DEFECTS","ON SCENE","NO INJURY / DRIVE AWAY",,,"Y","OVER $1,500","2026-03-10T08:48:00.000","UNABLE TO DETERMINE","UNABLE TO DETERMINE","6108","W","NORTH AVE","2513",,,,,,,"2","NO INDICATION OF INJURY","0","0","0","0","0","3","0","8","3","3","41.9093319262","-87.7780838355","POINT (-87.778083835462 41.909331926247)"
"d22b0648ec93913509156f6466bf8ad78124b374a1aeeb0167fbc3fc9f47fd3fae47601423c431748014b8c214edfc61c2f73081c7784e952d12db3a9109f7fb",,"2026-03-10T08:43:00.000","30","STOP SIGN/FLASHER","FUNCTIONING PROPERLY","FOG/SMOKE/HAZE","DAYLIGHT","ANGLE","FOUR WAY",,"STRAIGHT AND LEVEL","DRY","NO DEFECTS","ON SCENE","NO INJURY / DRIVE AWAY",,,,"OVER $1,500","2026-03-10T08:44:00.000","FAILING TO YIELD RIGHT-OF-WAY","FAILING TO YIELD RIGHT-OF-WAY","1600","E","72ND ST","324",,,,,,,"2","NO INDICATION OF INJURY","0","0","0","0","0","2","0","8","3","3","41.7643484466","-87.5858451682","POINT (-87.585845168175 41.764348446598)"
"b0b1cd54f13b6e91c5e73b60d942ba1ecb2a6c31078281e5ef3b019f65af34609ed12c23c6d6f6c224f10bfc2aef36947af5077a040276eec137038551b81cd0",,"2026-03-10T08:40:00.000","35","NO CONTROLS","NO CONTROLS","CLEAR","DAYLIGHT","SIDESWIPE SAME DIRECTION","DIVIDED - W/MEDIAN (NOT RAISED)",,"STRAIGHT AND LEVEL","DRY","NO DEFECTS","NOT ON SCENE (DESK REPORT)","NO INJURY / DRIVE AWAY",,,"Y","$500 OR LESS","2026-03-10T10:00:00.000","IMPROPER LANE USAGE","IMPROPER BACKING","2425","S","ASHLAND AVE","1235",,,,,,,"2","NO INDICATION OF INJURY","0","0","0","0","0","2","0","8","3","3","41.8477518284","-87.6658116755","POINT (-87.665811675525 41.84775182843)"
"97b27ecfb8e52bac6dfc8cceaba75ff64fe3249468816a84de122aa00b04888b75ad0e71d709a1753452607967182e1e4249533f7442344fef9d0e97c35d0d12",,"2026-03-10T08:30:00.000","30","NO CONTROLS","NO CONTROLS","CLEAR","DAYLIGHT","SIDESWIPE SAME DIRECTION","NOT DIVIDED",,"STRAIGHT AND LEVEL","DRY","NO DEFECTS",,"NO INJURY / DRIVE AWAY",,,"N","$500 OR LESS","2026-03-10T08:50:00.000","UNABLE TO DETERMINE","NOT APPLICABLE","3834","W","47TH ST","821",,,,,,,"2","NO INDICATION OF INJURY","0","0","0","0","0","2","0","8","3","3","41.8080251528","-87.7200374304","POINT (-87.720037430372 41.808025152753)"
"cef715873e11077c0b4edd472a2521b13d14c3e2715480fd9812f8148075cae8fa49fa502888d861077d443907ba8000315e4356a8869d25bbaca272f53ccefc",,"2026-03-10T08:30:00.000","30","TRAFFIC SIGNAL","UNKNOWN","CLOUDY/OVERCAST","DAYLIGHT","SIDESWIPE SAME DIRECTION","DIVIDED - W/MEDIAN (NOT RAISED)",,"STRAIGHT AND LEVEL","UNKNOWN","NO DEFECTS","NOT ON SCENE (DESK REPORT)","NO INJURY / DRIVE AWAY",,,"Y","$500 OR LESS","2026-03-10T09:30:00.000","IMPROPER OVERTAKING/PASSING","NOT APPLICABLE","3601","W","DIVERSEY AVE","2524",,,,,,,"2","NO INDICATION OF INJURY","0","0","0","0","0","3","0","8","3","3","41.9318004365","-87.7172537997","POINT (-87.717253799732 41.931800436541)"
"c8df48c2438e6e833a234ba61df9a775a7e9dcdbfc48d2f28a9d06134442226e64b2bdb091818b1417187297879d7e69e6764910cdb0d4fddd6cfd71032e4251",,"2026-03-10T08:28:00.000","30","NO CONTROLS","NO CONTROLS","CLEAR","DAYLIGHT","REAR END","NOT DIVIDED",,"STRAIGHT AND LEVEL","DRY","NO DEFECTS","NOT ON SCENE (DESK REPORT)","NO INJURY / DRIVE AWAY",,,"N","OVER $1,500","2026-03-10T10:45:00.000","FOLLOWING TOO CLOSELY","UNABLE TO DETERMINE","4101","S","PULASKI RD","821",,,,,,,"2","NO INDICATION OF INJURY","0","0","0","0","0","2","0","8","3","3","41.8183541449","-87.7238030077","POINT (-87.723803007726 41.818354144933)"
"a6a74c89c0d1fee766a13e1d53604c16f813384bf3fc3736e57716d98ce511f7fda3fb0a73b8292feddfa13261f9dba3371832312fea6ab33f94ed205a21c771",,"2026-03-10T08:25:00.000","30","TRAFFIC SIGNAL","FUNCTIONING PROPERLY","CLEAR","DAYLIGHT","ANGLE","FOUR WAY",,"STRAIGHT AND LEVEL","DRY","NO DEFECTS","ON SCENE","INJURY AND / OR TOW DUE TO CRASH","Y",,,"OVER $1,500","2026-03-10T08:27:00.000","DISREGARDING OTHER TRAFFIC SIGNS","FAILING TO YIELD RIGHT-OF-WAY","9500","S","WOODLAWN AVE","511",,,,,,,"2","NONINCAPACITATING INJURY","3","0","0","3","0","0","0","8","3","3","41.7221000893","-87.594936681","POINT (-87.594936680965 41.722100089261)"
"674b4de20192600af4813648b0acf8363c0098fc43371a14276774b198def70cda4308eaad2f8a06a3f67d92f474385c817fbf243cf795c437092aacab1b9618",,"2026-03-10T08:24:00.000","30","OTHER WARNING SIGN","FUNCTIONING PROPERLY","CLEAR","DAYLIGHT","ANGLE","FOUR WAY",,"STRAIGHT AND LEVEL","WET","NO DEFECTS","ON SCENE","NO INJURY / DRIVE AWAY","Y",,,"OVER $1,500","2026-03-10T08:24:00.000","FAILING TO YIELD RIGHT-OF-WAY","DRIVING SKILLS/KNOWLEDGE/EXPERIENCE","2900","W","CERMAK RD","1022",,,,,,,"2","NO INDICATION OF INJURY","0","0","0","0","0","3","0","8","3","3","41.851962509","-87.6991525308","POINT (-87.699152530759 41.851962508985)"
"574d97f944d9ef8c3759938691278067c9644a72a5c17b95fdcbb378dd4486c175c1754c7085c073fb1df7cfa7967cf7d142807edf354db0007b5ecb1b4168db","Y","2026-03-10T08:21:00.000","30","STOP SIGN/FLASHER","UNKNOWN","CLEAR","DAYLIGHT","PEDALCYCLIST","NOT DIVIDED",,"STRAIGHT AND LEVEL","DRY","UNKNOWN","ON SCENE","INJURY AND / OR TOW DUE TO CRASH",,,,"OVER $1,500","2026-03-10T08:21:00.000","DRIVING SKILLS/KNOWLEDGE/EXPERIENCE","DRIVING SKILLS/KNOWLEDGE/EXPERIENCE","1300","S","INDEPENDENCE BLVD","1011",,,,,,,"2","NONINCAPACITATING INJURY","1","0","0","1","0","5","0","8","3","3","41.8643363741","-87.7202053329","POINT (-87.720205332875 41.864336374148)"
"01538ecd3cd04ae2596d6148ee9f075c68974e6539dd2b2cba5c1c113fc47a8ecfb98a22c38b80236c06313f12db3e51fb4e9c39eb7327d4e3c18624e28b9762",,"2026-03-10T08:20:00.000","30","STOP SIGN/FLASHER","FUNCTIONING PROPERLY","CLEAR","DAYLIGHT","TURNING","NOT DIVIDED",,"STRAIGHT AND LEVEL","DRY","NO DEFECTS","NOT ON SCENE (DESK REPORT)","NO INJURY / DRIVE AWAY",,,,"OVER $1,500","2026-03-10T09:00:00.000","FAILING TO YIELD RIGHT-OF-WAY","IMPROPER TURNING/NO SIGNAL","3501","W","71ST ST","831",,,,,,,"2","NO INDICATION OF INJURY","0","0","0","0","0","2","0","8","3","3","41.7641635943","-87.7102593116","POINT (-87.710259311567 41.764163594301)"
"1984a5e363f29890aa192bf115adae7f1553ce363815e0fdb09f99bca045f22de47e601f21cadceb5658089625372910a0e21cafaf4e3f106a04754e2df29c0d",,"2026-03-10T08:20:00.000","30","STOP SIGN/FLASHER","FUNCTIONING PROPERLY","CLEAR","DAYLIGHT","TURNING","NOT DIVIDED",,"STRAIGHT AND LEVEL","DRY","NO DEFECTS","NOT ON SCENE (DESK REPORT)","NO INJURY / DRIVE AWAY","Y",,,"OVER $1,500","2026-03-10T10:00:00.000","UNABLE TO DETERMINE","UNABLE TO DETERMINE","4902","W","LAKE ST","1532",,,,,,,"2","NO INDICATION OF INJURY","0","0","0","0","0","2","0","8","3","3","41.8868929071","-87.748140566","POINT (-87.748140566004 41.886892907127)"
"01ad3819701f521a5f3c486a2b082dad05eaf028c88df82722496104aee608707eb603db83975d81eb589bb304342566d264beabc5654b389d8cb643e85e1754",,"2026-03-10T08:18:00.000","35","TRAFFIC SIGNAL","FUNCTIONING PROPERLY","CLEAR","DAYLIGHT","SIDESWIPE SAME DIRECTION","FOUR WAY",,"STRAIGHT AND LEVEL","DRY","NO DEFECTS","NOT ON SCENE (DESK REPORT)","NO INJURY / DRIVE AWAY","Y",,,"OVER $1,500","2026-03-10T09:29:00.000","UNABLE TO DETERMINE","UNABLE TO DETERMINE","7550","N","HARLEM AVE","1611",,,,,,,"2","NO INDICATION OF INJURY","0","0","0","0","0","2","0","8","3","3","42.0186515138","-87.8066998762","POINT (-87.806699876241 42.018651513822)"
"efc2f5b308c3e813bd133e67b7666f5b6d3f033ff9ae2d746cfdba431a89f70e7b60a5ef0b21c7aa216098dcc2380e6071da87b5ab6fd285d406aaf9ef37a695",,"2026-03-10T08:17:00.000","30","NO CONTROLS","NO CONTROLS","CLEAR","DAYLIGHT","SIDESWIPE SAME DIRECTION","NOT DIVIDED",,"STRAIGHT AND LEVEL","DRY","NO DEFECTS","NOT ON SCENE (DESK REPORT)","NO INJURY / DRIVE AWAY",,,,"OVER $1,500","2026-03-10T11:30:00.000","FAILING TO YIELD RIGHT-OF-WAY","IMPROPER LANE USAGE","1628","N","PULASKI RD","2534",,,,,,,"2","NO INDICATION OF INJURY","0","0","0","0","0","2","0","8","3","3","41.9107657123","-87.7265060448","POINT (-87.726506044847 41.910765712263)"