"crash_record_id","crash_date_est_i","crash_date","posted_speed_limit","traffic_control_device","device_condition","weather_condition","lighting_condition","first_crash_type","trafficway_type","lane_cnt","alignment","roadway_surface_cond","road_defect","report_type","crash_type","intersection_related_i","private_property_i","hit_and_run_i","damage","date_police_notified","prim_contributory_cause","sec_contributory_cause","street_no","street_direction","street_name","beat_of_occurrence","photos_taken_i","statements_taken_i","dooring_i","work_zone_i","work_zone_type","workers_present_i","num_units","most_severe_injury","injuries_total","injuries_fatal","injuries_incapacitating","injuries_non_incapacitating","injuries_reported_not_evident","injuries_no_indication","injuries_unknown","crash_hour","crash_day_of_week","crash_month","latitude","longitude","location"
"5c4646c5822a4c1b2ba8585a379f952593719c44d40cac015f41e9523548d7d32707e4daf7aa91feb6e54688b368cfe43ab27e895499dfde5ffaaf61fb35cfc4",,"2026-03-10T08:15:00.000","20","NO CONTROLS","NO CONTROLS","CLEAR","DAYLIGHT","PARKED MOTOR VEHICLE","ONE-WAY",,"STRAIGHT AND LEVEL","WET","NO DEFECTS","ON SCENE","NO INJURY / DRIVE AWAY",,,"Y","OVER $1,500","2026-03-10T08:20:00.000","IMPROPER TURNING/NO SIGNAL","IMPROPER TURNING/NO SIGNAL","3400","S","HOYNE AVE","912",,,,,,,"2","NO INDICATION OF INJURY","0","0","0","0","0","1","0","8","3","3","41.8321362661","-87.6779257554","POINT (-87.677925755369 41.832136266098)"
"c23286330c78d3d197ee3b2736bf6bcfb2b9460bd2113fc34d55531582a75e0cdb7fa3a897ae4509654e2c8c933daa4d4e726846973cd04d07fe3a84b482d038",,"2026-03-10T08:12:00.000","30","NO CONTROLS","NO CONTROLS","CLOUDY/OVERCAST","DAYLIGHT","OTHER OBJECT","DIVIDED - W/MEDIAN (NOT RAISED)",,"STRAIGHT AND LEVEL","DRY","NO DEFECTS","ON SCENE","INJURY AND / OR TOW DUE TO CRASH",,,,"OVER $1,500","2026-03-10T08:15:00.000","UNABLE TO DETERMINE","UNABLE TO DETERMINE","4106","N","NARRAGANSETT AVE","1632",,,,,,,"1","REPORTED, NOT EVIDENT","1","0","0","0","1","0","0","8","3","3","41.9550168636","-87.7867753464","POINT (-87.786775346406 41.955016863601)"
"017305bf4dabcdfcf2d889e552b43bbd66ae1d54de630ee37d6a404f920e6e6b13eb48f292385afaad8bfecde78e32d589e1b96acc3770c653bb59ca51ae25c4",,"2026-03-10T08:05:00.000","35","STOP SIGN/FLASHER","NO CONTROLS","CLEAR","DAYLIGHT","TURNING","FOUR WAY",,"STRAIGHT AND LEVEL","DRY","NO DEFECTS","ON SCENE","INJURY AND / OR TOW DUE TO CRASH","Y",,"Y","OVER $1,500","2026-03-10T08:06:00.000","UNABLE TO DETERMINE","NOT APPLICABLE","3900","S","PRINCETON AVE","925",,,,,,,"2","NONINCAPACITATING INJURY","1","0","0","1","0","1","0","8","3","3","41.8235312917","-87.6333811517","POINT (-87.633381151689 41.823531291684)"
"41e7dc3c766c406cad41a1db4b10f64846cba007b42f7edf815c392b8b839ca166f41886373e49f42fc7fb05ca45df6cd5cc35d07c6994bd5062ec7af4961f72",,"2026-03-10T08:05:00.000","30","UNKNOWN","UNKNOWN","UNKNOWN","UNKNOWN","SIDESWIPE SAME DIRECTION","ONE-WAY",,"STRAIGHT AND LEVEL","UNKNOWN","UNKNOWN","NOT ON SCENE (DESK REPORT)","NO INJURY / DRIVE AWAY",,,,"OVER $1,500","2026-03-10T08:20:00.000","NOT APPLICABLE","NOT APPLICABLE","59","E","51ST ST","225",,,,,,,"2","NO INDICATION OF INJURY","0","0","0","0","0","3","0","8","3","3","41.8018751881","-87.6235489604","POINT (-87.623548960429 41.801875188078)"
"235fd5e2eaeb1ab0946d77af46bed4e3ae9553c7ec058deeaeea2e3bacd9a4bc4e6b9433aa20a2aa706d63ba309c4dc76c2d2b974ee01608e9fd35f0dbabebe4",,"2026-03-10T08:00:00.000","20","NO CONTROLS","NO CONTROLS","CLEAR","DAYLIGHT","PARKED MOTOR VEHICLE","ONE-WAY",,"STRAIGHT AND LEVEL","DRY","NO DEFECTS","NOT ON SCENE (DESK REPORT)","NO INJURY / DRIVE AWAY",,,,"OVER $1,500","2026-03-10T12:30:00.000","IMPROPER TURNING/NO SIGNAL","UNABLE TO DETERMINE","1439","W","WELLINGTON AVE","1932",,,,,,,"2","NO INDICATION OF INJURY","0","0","0","0","0","2","0","8","3","3","41.9359842481","-87.6652383557","POINT (-87.665238355718 41.93598424806)"
"2fcf53a40d15e4aeaa0d4c6b0d2209c503d693fe4b4946207cd0bacf6b16ef321f71cc69895e3a17c2687f5f419ac21896676135aa01cfd7e6c56c2cbcb000c1",,"2026-03-10T08:00:00.000","30","NO CONTROLS","NO CONTROLS","CLEAR","DAYLIGHT","TURNING","ONE-WAY",,"STRAIGHT AND LEVEL","DRY","NO DEFECTS","ON SCENE","NO INJURY / DRIVE AWAY",,,"Y","$500 OR LESS","2026-03-10T08:40:00.000","FAILING TO YIELD RIGHT-OF-WAY","UNABLE TO DETERMINE","7014","S","CAMPBELL AVE","832",,,,,,,"2","NO INDICATION OF INJURY","0","0","0","0","0","2","0","8","3","3","41.7659896807","-87.6858700824","POINT (-87.685870082392 41.765989680745)"
"4e8afb5b685e5c399c9a19c2e4dfd55043ebb2a6eb73681821abefe19488cc8b07d4b13ca80cd67e748b468f82e226240e6cff46061924c4a191e80fc4160f2f",,"2026-03-10T08:00:00.000","30","NO CONTROLS","NO CONTROLS","CLEAR","DAYLIGHT","SIDESWIPE SAME DIRECTION","NOT DIVIDED",,"STRAIGHT AND LEVEL","DRY","NO DEFECTS","NOT ON SCENE (DESK REPORT)","NO INJURY / DRIVE AWAY",,,,"OVER $1,500","2026-03-10T09:20:00.000","UNABLE TO DETERMINE","UNABLE TO DETERMINE","4287","S","CICERO AVE","815",,,,,,,"2","NO INDICATION OF INJURY","0","0","0","0","0","2","0","8","3","3","41.8150117417","-87.7432134184","POINT (-87.743213418365 41.815011741675)"
"30f847f1d92a338d775aa3e82ad95e5f1dad1054aa89781fc52ef437d5955abeaa92b76d883d619a514b40998b40d65efaa230903d86441420d36d56603ea900",,"2026-03-10T07:57:00.000","30","STOP SIGN/FLASHER","FUNCTIONING PROPERLY","CLEAR","DAYLIGHT","ANGLE","FOUR WAY",,"STRAIGHT AND LEVEL","DRY","NO DEFECTS","ON SCENE","INJURY AND / OR TOW DUE TO CRASH","Y",,,"OVER $1,500","2026-03-10T07:58:00.000","FAILING TO YIELD RIGHT-OF-WAY","FAILING TO YIELD RIGHT-OF-WAY","5400","S","MERRIMAC AVE","811",,,,,,,"2","REPORTED, NOT EVIDENT","1","0","0","0","1","1","0","7","3","3","41.7942526667","-87.7783551708","POINT (-87.77835517078 41.794252666729)"
"d5f114d76294367d10f16767c3246fa3992013342abc5958616c845a9e5ad90f1c21b71ca2cbbea46f588b4e4e60a9167b83bd7acc8175866cb881e588b5e2b6",,"2026-03-10T07:55:00.000","35","TRAFFIC SIGNAL","FUNCTIONING PROPERLY","CLEAR","DAYLIGHT","REAR END","FOUR WAY",,"STRAIGHT AND LEVEL","DRY","UNKNOWN","ON SCENE","NO INJURY / DRIVE AWAY","Y",,,"OVER $1,500","2026-03-10T08:55:00.000","FAILING TO YIELD RIGHT-OF-WAY","FOLLOWING TOO CLOSELY","1801","W","DIVISION ST","1212",,,,,,,"3","NO INDICATION OF INJURY","0","0","0","0","0","5","0","7","3","3","41.903156154","-87.6724223195","POINT (-87.672422319494 41.903156153973)"
"95be3650257069af0ca263ada158b2692bdda2088578f559cafacdc5efdf97bb1fb5d64ec3db414a8c93123be0164cad2cdf3a2e547391ce3cc1be666a3b2a94",,"2026-03-10T07:54:00.000","30","UNKNOWN","UNKNOWN","CLEAR","DAYLIGHT","PARKED MOTOR VEHICLE","NOT DIVIDED",,"STRAIGHT AND LEVEL","UNKNOWN","UNKNOWN","NOT ON SCENE (DESK REPORT)","NO INJURY / DRIVE AWAY",,,"Y","OVER $1,500","2026-03-10T09:24:00.000","UNABLE TO DETERMINE","UNABLE TO DETERMINE","11150","S","WESTERN AVE","2212",,,,,,,"2","NO INDICATION OF INJURY","0","0","0","0","0","3","0","7","3","3","41.6902140815","-87.6812517947","POINT (-87.681251794706 41.690214081548)"
"ed37b2185f4fa799c33d0a711d7190995e7102cad2b795fce9406530e5b19898d1362b339d1ab00463f7c9a3fbeafaae91598db645de0b6ea18a334ce519c88a",,"2026-03-10T07:53:00.000","30","NO CONTROLS","NO CONTROLS","FOG/SMOKE/HAZE","DAWN","FIXED OBJECT","DIVIDED - W/MEDIAN BARRIER",,"STRAIGHT AND LEVEL","DRY","NO DEFECTS","ON SCENE","INJURY AND / OR TOW DUE TO CRASH",,,,"OVER $1,500","2026-03-10T07:53:00.000","UNABLE TO DETERMINE","UNABLE TO DETERMINE","7530","S","SOUTH CHICAGO AVE","411",,,,,,,"1","INCAPACITATING INJURY","1","0","1","0","0","0","0","7","3","3","41.7576051485","-87.5942824717","POINT (-87.594282471717 41.757605148466)"
"c5d4dbdb62a4004cf6c176f902674dee8e56c64ee78c0735116174a4d446f2f4ed71ef1d437988a414384b2ad8406f0b18e7d4f0b03a5f987c6bf9747756a4c0",,"2026-03-10T07:50:00.000","30","NO CONTROLS","NO CONTROLS","CLEAR","DAYLIGHT","REAR END","NOT DIVIDED",,"STRAIGHT ON GRADE","DRY","NO DEFECTS","NOT ON SCENE (DESK REPORT)","NO INJURY / DRIVE AWAY",,,,"OVER $1,500","2026-03-12T12:18:00.000","UNABLE TO DETERMINE","NOT APPLICABLE","2659","W","ROOSEVELT RD","1023",,,,,,,"2","NO INDICATION OF INJURY","0","0","0","0","0","2","0","7","3","3","41.8664280334","-87.693363152","POINT (-87.693363152008 41.86642803343)"
"c0d06fd7a140fde48f7577a07a5607b3d076eea2899c98dfa49598c1c90efdb94f6ae8829f50b89e282cc422cbe8b624414ab4302ee2a7e9163d6eec96436706",,"2026-03-10T07:46:00.000","30","STOP SIGN/FLASHER","FUNCTIONING PROPERLY","CLEAR","DAYLIGHT","TURNING","FOUR WAY",,"STRAIGHT AND LEVEL","DRY","NO DEFECTS","ON SCENE","INJURY AND / OR TOW DUE TO CRASH","Y",,,"OVER $1,500","2026-03-10T07:49:00.000","FAILING TO YIELD RIGHT-OF-WAY","FAILING TO REDUCE SPEED TO AVOID CRASH","10359","S","WESTERN AVE","2212",,,,,,,"2","NO INDICATION OF INJURY","0","0","0","0","0","2","0","7","3","3","41.7046475234","-87.6814203984","POINT (-87.681420398402 41.704647523427)"
"c23c7b82cb74a447756ba4b425eb337e657f7f041dbc1a6c7b92e20c4f1285b438e283d8b3f563651fd6e395f07205262c205fbe056b5d05be3716ed61d1f2fa",,"2026-03-10T07:45:00.000","30","NO CONTROLS","NO CONTROLS","OTHER","DAYLIGHT","HEAD ON","DIVIDED - W/MEDIAN (NOT RAISED)",,"STRAIGHT AND LEVEL","WET","NO DEFECTS","ON SCENE","INJURY AND / OR TOW DUE TO CRASH",,,,"OVER $1,500","2026-03-10T07:53:00.000","IMPROPER OVERTAKING/PASSING","IMPROPER OVERTAKING/PASSING","2055","E","130TH ST","434",,,,,,,"3","NONINCAPACITATING INJURY","4","0","0","4","0","3","0","7","3","3","41.6590917916","-87.5737706781","POINT (-87.573770678101 41.659091791602)"
"6de169d4c2c0f0bbc17c8b46462c5568e62f6c1b725e2c89a754d46004218e52a14d48feafdb89941e85876f45ce97b5b921ab7a6ae70442015157acd6477995",,"2026-03-10T07:40:00.000","15","NO CONTROLS","NO CONTROLS","CLEAR","DAYLIGHT","REAR TO SIDE","PARKING LOT",,"STRAIGHT AND LEVEL","DRY","UNKNOWN","NOT ON SCENE (DESK REPORT)","NO INJURY / DRIVE AWAY",,"Y",,"$501 - $1,500","2026-03-10T08:20:00.000","DRIVING SKILLS/KNOWLEDGE/EXPERIENCE","UNABLE TO DETERMINE","2317","N","CICERO AVE","2522",,,,,,,"2","NO INDICATION OF INJURY","0","0","0","0","0","2","0","7","3","3","41.9229310426","-87.7461194779","POINT (-87.746119477943 41.922931042554)"
"96d86f287c003da22fa512f73ba60e1d25d71ef00ad9fbba9776b98a6ab1d2c7fa9b61df86083102f016d421f2273178c975d11841ba0419eed6108a66ae8171","Y","2026-03-10T07:40:00.000","30","TRAFFIC SIGNAL","FUNCTIONING PROPERLY","CLOUDY/OVERCAST","DAYLIGHT","TURNING","T-INTERSECTION",,"STRAIGHT AND LEVEL","DRY","NO DEFECTS","NOT ON SCENE (DESK REPORT)","NO INJURY / DRIVE AWAY","Y",,,"OVER $1,500","2026-03-10T08:00:00.000","UNABLE TO DETERMINE","UNABLE TO DETERMINE","4857","N","WESTERN AVE","2031",,,,,,,"2","NO INDICATION OF INJURY","0","0","0","0","0","2","0","7","3","3","41.9703229599","-87.6888150665","POINT (-87.688815066503 41.970322959947)"
"8ad023965d26d7b053616ee5d16111894b6d7e9390b08c4097a6df32154657a0aaa9d06e0b8bc02d5e71134b700137066a07a81125349d990a543c791e572cc5",,"2026-03-10T07:32:00.000","30","TRAFFIC SIGNAL","FUNCTIONING PROPERLY","CLEAR","DAYLIGHT","SIDESWIPE SAME DIRECTION","FOUR WAY",,"STRAIGHT AND LEVEL","DRY","UNKNOWN","ON SCENE","NO INJURY / DRIVE AWAY",,,,"$501 - $1,500","2026-03-10T07:49:00.000","UNABLE TO DETERMINE","UNABLE TO DETERMINE","4333","S","KEDZIE AVE","922",,,,,,,"2","NO INDICATION OF INJURY","0","0","0","0","0","5","0","7","3","3","41.8142505977","-87.7040691695","POINT (-87.704069169475 41.814250597664)"
"6331be56181cb6915688bf4353e1aa17797448ccc2f6a2f9127ed7f57b7b23727a9d2d707c02564627d70f9ce1f82a281b4914818ff88c392ae05973e4eff5c0",,"2026-03-10T07:31:00.000","30","NO CONTROLS","NO CONTROLS","CLOUDY/OVERCAST","DAYLIGHT","SIDESWIPE SAME DIRECTION","NOT DIVIDED",,"STRAIGHT AND LEVEL","WET","NO DEFECTS","ON SCENE","NO INJURY / DRIVE AWAY",,,"Y","$501 - $1,500","2026-03-10T07:32:00.000","FAILING TO YIELD RIGHT-OF-WAY","IMPROPER OVERTAKING/PASSING","432","N","CENTRAL AVE","1512",,,,,,,"2","NO INDICATION OF INJURY","0","0","0","0","0","2","0","7","3","3","41.8887402913","-87.7653040207","POINT (-87.76530402067 41.888740291305)"
"09a3205c162669a528e27c6d31f7083644448f421cf388d45b37eb05bf75f93c408a0a526ac541b34df60c8fa5cf292c62b3427c43c508ff1876eea2f1c8ce65",,"2026-03-10T07:30:00.000","30","NO CONTROLS","NO CONTROLS","CLEAR","DAYLIGHT","SIDESWIPE SAME DIRECTION","DIVIDED - W/MEDIAN (NOT RAISED)",,"STRAIGHT AND LEVEL","DRY","NO DEFECTS","NOT ON SCENE (DESK REPORT)","NO INJURY / DRIVE AWAY",,,,"OVER $1,500","2026-03-12T20:35:00.000","DRIVING SKILLS/KNOWLEDGE/EXPERIENCE","UNABLE TO DETERMINE","7601","S","CICERO AVE","833",,,,,,,"2","NO INDICATION OF INJURY","0","0","0","0","0","2","0","7","3","3","41.7546601244","-87.7413847586","POINT (-87.741384758605 41.754660124394)"
"3520d85640255b4c5e58de475f6d72e69b90ac75f8711a4a8551af752622eab9ed8b7e545e57b012f23ec92d72054118d6682a8eaa3c9c6ba024aa5ee7d1c19c",,"2026-03-10T07:30:00.000","25","NO CONTROLS","NO CONTROLS","CLEAR","DAYLIGHT","PARKED MOTOR VEHICLE","ONE-WAY",,"STRAIGHT AND LEVEL","DRY","NO DEFECTS","NOT ON SCENE (DESK REPORT)","NO INJURY / DRIVE AWAY",,,,"OVER $1,500","2026-03-10T08:00:00.000","UNABLE TO DETERMINE","NOT APPLICABLE","1758","W","NORTH SHORE AVE","2432",,,,,,,"2","NO INDICATION OF INJURY","0","0","0","0","0","1","0","7","3","3","42.0035848554","-87.6747291217","POINT (-87.674729121713 42.0035848554)"
"3d95a05f60905fca1036be918101bcd4478036371a65b4606c6e0499bbbba215eb0e023b4dc88d98961d7ddfda6ba1df398bd944b1d8b630454fa97e2e505346",,"2026-03-10T07:18:00.000","30","NO CONTROLS","NO CONTROLS","CLEAR","DAYLIGHT","SIDESWIPE SAME DIRECTION","DIVIDED - W/MEDIAN (NOT RAISED)",,"STRAIGHT AND LEVEL","DRY","UNKNOWN","ON SCENE","NO INJURY / DRIVE AWAY",,,,"$501 - $1,500","2026-03-10T07:23:00.000","NOT APPLICABLE","NOT APPLICABLE","4010","W","IRVING PARK RD","1722",,,,,,,"2","NO INDICATION OF INJURY","0","0","0","0","0","2","0","7","3","3","41.9537547874","-87.727945819","POINT (-87.727945819039 41.9537547874)"
"4081b53c1452a4ee4b38edb2e330a74de05e1c81e56344348251002ee31a3d15d612a08e003bedf9b9c37159a33d0356cdef897012be39adce2b51a4347d74c2",,"2026-03-10T07:05:00.000","30","NO CONTROLS","NO CONTROLS","CLEAR","DAYLIGHT","PARKED MOTOR VEHICLE","NOT DIVIDED",,"STRAIGHT AND LEVEL","DRY","NO DEFECTS","NOT ON SCENE (DESK REPORT)","NO INJURY / DRIVE AWAY",,,"Y","OVER $1,500","2026-03-10T08:20:00.000","UNABLE TO DETERMINE","UNABLE TO DETERMINE","52","E","CULLERTON ST","131",,,,,,,"2","NO INDICATION OF INJURY","0","0","0","0","0","1","0","7","3","3","41.8555848289","-87.6250788194","POINT (-87.625078819372 41.855584828943)"
"8f9cebe1da8033cc938a13e83eb9d823038da3dceb8f0134bf2c433291ccd118e763f2efac574d150812c6ba17256a655dcd63f730654687f955b47f72e9ee1f",,"2026-03-10T07:05:00.000","30","TRAFFIC SIGNAL","FUNCTIONING PROPERLY","CLEAR","DAYLIGHT","FIXED OBJECT","FOUR WAY",,"STRAIGHT AND LEVEL","WET","NO DEFECTS","ON SCENE","INJURY AND / OR TOW DUE TO CRASH","N",,,"OVER $1,500","2026-03-10T07:05:00.000","UNABLE TO DETERMINE","NOT APPLICABLE","1201","N","KOSTNER AVE","2534",,,,,,,"1","NONINCAPACITATING INJURY","1","0","0","1","0","0","0","7","3","3","41.9025613919","-87.7360008835","POINT (-87.736000883501 41.902561391929)"
"108988ac0f267eff714f90b464bd706853be07f4011a567c9609bb8177e4f1a4ce271b38c8537f5f90328915921e3276b2e7efbd51e5dc617f34d404ff25d0c4",,"2026-03-10T07:04:00.000","30","TRAFFIC SIGNAL","FUNCTIONING PROPERLY","CLEAR","DAWN","SIDESWIPE OPPOSITE DIRECTION","NOT DIVIDED",,"STRAIGHT AND LEVEL","WET","UNKNOWN","ON SCENE","NO INJURY / DRIVE AWAY",,,"Y","OVER $1,500","2026-03-10T07:26:00.000","IMPROPER TURNING/NO SIGNAL","UNABLE TO DETERMINE","99","E","103RD ST","512",,,,,,,"2","NO INDICATION OF INJURY","0","0","0","0","0","2","0","7","3","3","41.7071033963","-87.6203121125","POINT (-87.620312112459 41.707103396313)"
"435c35c97df487a7c31ebfcd6a2c118ef7fce0c3b01e4bb9ab338ddc8281472e3407a081c4796effaf6acc6a4571ac0d3ea9df7475114b070bf8899dee39556a",,"2026-03-10T07:04:00.000","15","NO CONTROLS","NO CONTROLS","CLEAR","DAYLIGHT","SIDESWIPE SAME DIRECTION","ONE-WAY",,"STRAIGHT AND LEVEL","DRY","NO DEFECTS","NOT ON SCENE (DESK REPORT)","NO INJURY / DRIVE AWAY",,,,"OVER $1,500","2026-03-10T20:00:00.000","UNABLE TO DETERMINE","UNABLE TO DETERMINE","1618","N","AUSTIN AVE","2513",,,,,,,"2","NO INDICATION OF INJURY","0","0","0","0","0","5","0","7","3","3","41.9098068895","-87.7753918797","POINT (-87.77539187969 41.909806889487)"
"0c58a6bbfc0225379c7273221c3fb2cca02ee3b6c15f8c1b08e53e02555da79a4cd62d032cf9b99107a25e4b8bb7c75aff06d1bd7688f8b80156524e77c46c42",,"2026-03-10T07:00:00.000","20","NO CONTROLS","NO CONTROLS","UNKNOWN","UNKNOWN","PARKED MOTOR VEHICLE","ONE-WAY",,"STRAIGHT AND LEVEL","UNKNOWN","UNKNOWN","NOT ON SCENE (DESK REPORT)","NO INJURY / DRIVE AWAY",,,"Y","OVER $1,500","2026-03-10T16:50:00.000","UNABLE TO DETERMINE","UNABLE TO DETERMINE","3150","W","FLOURNOY ST","1134",,,,,,,"2","NO INDICATION OF INJURY","0","0","0","0","0","1","0","7","3","3","41.8728927278","-87.7054627073","POINT (-87.705462707305 41.872892727767)"
"75666cc87eb1ae3010e29aae64fc77394f71027de44cea92d3b74f12b5dd9634f453063180f39272538b95ac0c201f6581ff0baed7cd3e8ae6ce671535565361","Y","2026-03-10T07:00:00.000","30","NO CONTROLS","NO CONTROLS","UNKNOWN","UNKNOWN","PARKED MOTOR VEHICLE","NOT DIVIDED",,"STRAIGHT AND LEVEL","UNKNOWN","UNKNOWN","NOT ON SCENE (DESK REPORT)","NO INJURY / DRIVE AWAY",,,"Y","OVER $1,500","2026-03-10T10:20:00.000","UNABLE TO DETERMINE","NOT APPLICABLE","300","W","25TH PL","914",,,,,,,"2","NO INDICATION OF INJURY","0","0","0","0","0","1","0","7","3","3","41.8465043581","-87.6347315459","POINT (-87.634731545913 41.846504358137)"
"b8ca2f841968ed17b062547358ee00567de24773f261f4c29e94449d8e12c2ce58f0d0a8ac9bb66e26be5319d9ede5540f7efa89cce9baab41dded8c886a1f9e",,"2026-03-10T07:00:00.000","20","NO CONTROLS","NO CONTROLS","CLEAR","DAYLIGHT","SIDESWIPE OPPOSITE DIRECTION","NOT DIVIDED",,"STRAIGHT AND LEVEL","UNKNOWN","UNKNOWN","NOT ON SCENE (DESK REPORT)","NO INJURY / DRIVE AWAY",,,,"OVER $1,500","2026-03-10T07:05:00.000","UNABLE TO DETERMINE","NOT APPLICABLE","4847","N","CENTRAL PARK AVE","1712",,,,,,,"2","NO INDICATION OF INJURY","0","0","0","0","0","4","0","7","3","3","41.9697409207","-87.7181463601","POINT (-87.71814636008 41.96974092067)"
"ba765d4baccc7ab0a0348a970652d397611a6aa632f151934d92c13a77960f050b8ad652984d7b4e5efd32337e06640650936c6e538775991c8c28936857fe03",,"2026-03-10T07:00:00.000","30","NO CONTROLS","NO CONTROLS","CLEAR","DAWN","PARKED MOTOR VEHICLE","NOT DIVIDED",,"STRAIGHT AND LEVEL","DRY","NO DEFECTS","NOT ON SCENE (DESK REPORT)","NO INJURY / DRIVE AWAY",,,"Y","OVER $1,500","2026-03-10T07:00:00.000","NOT APPLICABLE","NOT APPLICABLE","11300","S","STATE ST","522",,,,,,,"2","NO INDICATION OF INJURY","0","0","0","0","0","1","0","7","3","3","41.6889070792","-87.6231416068","POINT (-87.623141606801 41.688907079153)"
"482eb5c4a6ae452aa5320f50ca6dd74ebd9fb40d68de6dae2f2d7ec3ef8e74ebda6f1af6aa68145efc2cfa110b0846394f3688665cf9db459a655105257f7080",,"2026-03-10T06:30:00.000","30","NO CONTROLS","NO CONTROLS","RAIN","DAWN","REAR END","ONE-WAY",,"STRAIGHT AND LEVEL","WET","NO DEFECTS","NOT ON SCENE (DESK REPORT)","NO INJURY / DRIVE AWAY",,,,"$501 - $1,500","2026-03-11T14:50:00.000","IMPROPER BACKING","IMPROPER BACKING","3315","W","ARGYLE ST","1713",,,,,,,"2","NO INDICATION OF INJURY","0","0","0","0","0","2","0","6","3","3","41.9719276968","-87.7116307182","POINT (-87.711630718237 41.97192769685)"
"dcbf5292d25519b924c4988668edce9a9a523dc54a367863a7bd36c0c3c506d83fca9012473edf78612000b94d90668fa0713ca75ba55b9c358f71b2ea5588e1",,"2026-03-10T06:00:00.000","25","TRAFFIC SIGNAL","FUNCTIONING PROPERLY","CLEAR","DUSK","TURNING","FOUR WAY",,"STRAIGHT AND LEVEL","DRY","NO DEFECTS","NOT ON SCENE (DESK REPORT)","NO INJURY / DRIVE AWAY","Y",,,"OVER $1,500","2026-03-10T07:40:00.000","UNABLE TO DETERMINE","NOT APPLICABLE","4700","S","ARCHER AVE","821",,,,,,,"2","NO INDICATION OF INJURY","0","0","0","0","0","2","0","6","3","3","41.8080130052","-87.7143796234","POINT (-87.714379623416 41.808013005188)"
"e65e9f7cb4e8a09045ae3b26fcb1b1d7c0e3ef00ea8d64ad5bb2c07d888ce7683add9cd99acd3b2b1425157edb076e50d5462dc5e827afc8ba87661dde129131",,"2026-03-10T05:57:00.000","30","NO CONTROLS","NO CONTROLS","RAIN","DARKNESS, LIGHTED ROAD","PARKED MOTOR VEHICLE","DIVIDED - W/MEDIAN (NOT RAISED)",,"STRAIGHT AND LEVEL","WET","NO DEFECTS","ON SCENE","INJURY AND / OR TOW DUE TO CRASH",,,,"OVER $1,500","2026-03-10T05:57:00.000","DISTRACTION - FROM OUTSIDE VEHICLE","WEATHER","3013","W","CERMAK RD","1033",,,,,,,"2","REPORTED, NOT EVIDENT","1","0","0","0","1","0","0","5","3","3","41.8517179461","-87.7009684983","POINT (-87.700968498311 41.851717946126)"
"90bc282bb2e995fd8f5b4f4d48ebc6f8e80cbb492e10d8444896179f23c519c247dd10d7961071903358e7c5e31878054aa01513c7eb17de1fad0d5dbddd45a5",,"2026-03-10T05:52:00.000","30","TRAFFIC SIGNAL","FUNCTIONING PROPERLY","CLEAR","DARKNESS, LIGHTED ROAD","TURNING","OTHER",,"STRAIGHT AND LEVEL","DRY","NO DEFECTS","ON SCENE","INJURY AND / OR TOW DUE TO CRASH","Y",,,"OVER $1,500","2026-03-10T06:46:00.000","IMPROPER TURNING/NO SIGNAL","NOT APPLICABLE","536","W","RANDOLPH ST","121",,,,,,,"2","REPORTED, NOT EVIDENT","2","0","0","0","2","5","0","5","3","3","41.8845472243","-87.6412009371","POINT (-87.64120093714 41.884547224337)"
"fd329a6303bc89544be0eb94b71da7aef41ce4d7379406d4d80b35fc51423d38b02cf91a50c1e2368f8b18cc6a5bab611522663a75d76b19b33364e282ed2890",,"2026-03-10T05:43:00.000","30","NO CONTROLS","NO CONTROLS","CLEAR","DARKNESS, LIGHTED ROAD","SIDESWIPE SAME DIRECTION","DIVIDED - W/MEDIAN (NOT RAISED)",,"STRAIGHT AND LEVEL","DRY","NO DEFECTS","ON SCENE","NO INJURY / DRIVE AWAY",,,,"$501 - $1,500","2026-03-10T05:47:00.000","FAILING TO YIELD RIGHT-OF-WAY","FAILING TO YIELD RIGHT-OF-WAY","3217","N","PULASKI RD","1732",,,,,,,"2","NO INDICATION OF INJURY","0","0","0","0","0","3","0","5","3","3","41.9396106507","-87.7270529358","POINT (-87.727052935841 41.939610650743)"
"462764b744e9f3ae1e9af2dc87ccc1791f7af0afcac489bf422c3efdec1c1f3d593f390f4fe0fa851fced9044a12fe6795a2a2dbcaed234eb0416bf6813358ca",,"2026-03-10T05:10:00.000","30","STOP SIGN/FLASHER","FUNCTIONING PROPERLY","CLEAR","DARKNESS","ANGLE","FOUR WAY",,"STRAIGHT AND LEVEL","DRY","UNKNOWN","ON SCENE","INJURY AND / OR TOW DUE TO CRASH",,,"Y","OVER $1,500","2026-03-10T05:12:00.000","NOT APPLICABLE","NOT APPLICABLE","3801","W","77TH PL","833",,,,,,,"2","NONINCAPACITATING INJURY","1","0","0","1","0","1","0","5","3","3","41.7520205065","-87.7184089866","POINT (-87.718408986614 41.752020506453)"
"ac3a0fff993712ba63ef19813505bd0ac49d4e77823977e4238f496ef2d15b1a00b864de61dedbb1b675b915a881ca202cdd7e774c290000a5272b296cb81c76",,"2026-03-10T05:00:00.000","30","NO CONTROLS","NO CONTROLS","CLEAR","DAWN","PARKED MOTOR VEHICLE","NOT DIVIDED",,"STRAIGHT AND LEVEL","DRY","NO DEFECTS","NOT ON SCENE (DESK REPORT)","NO INJURY / DRIVE AWAY",,,"Y","$501 - $1,500","2026-03-10T14:43:00.000","NOT APPLICABLE","NOT APPLICABLE","2910","W","54TH ST","923",,,,,,,"2","NO INDICATION OF INJURY","0","0","0","0","0","1","0","5","3","3","41.7955716343","-87.6968123468","POINT (-87.696812346765 41.795571634257)"