"crash_record_id","crash_date_est_i","crash_date","posted_speed_limit","traffic_control_device","device_condition","weather_condition","lighting_condition","first_crash_type","trafficway_type","lane_cnt","alignment","roadway_surface_cond","road_defect","report_type","crash_type","intersection_related_i","private_property_i","hit_and_run_i","damage","date_police_notified","prim_contributory_cause","sec_contributory_cause","street_no","street_direction","street_name","beat_of_occurrence","photos_taken_i","statements_taken_i","dooring_i","work_zone_i","work_zone_type","workers_present_i","num_units","most_severe_injury","injuries_total","injuries_fatal","injuries_incapacitating","injuries_non_incapacitating","injuries_reported_not_evident","injuries_no_indication","injuries_unknown","crash_hour","crash_day_of_week","crash_month","latitude","longitude","location"
"7cf0ca4d5545c88c557a11b01039eb12e6182ec7a8b0424da7d7e7904b465e069bde2e27efdcaac77c4658619257ce1dbf293975cc86b9361f44c51e3ad44306",,"2026-03-10T04:45:00.000","30","UNKNOWN","NO CONTROLS","CLEAR","DARKNESS, LIGHTED ROAD","FIXED OBJECT","OTHER",,"STRAIGHT AND LEVEL","DRY","NO DEFECTS","ON SCENE","NO INJURY / DRIVE AWAY",,,,"$500 OR LESS","2026-03-10T04:47:00.000","UNDER THE INFLUENCE OF ALCOHOL/DRUGS (USE WHEN ARREST IS EFFECTED)","UNDER THE INFLUENCE OF ALCOHOL/DRUGS (USE WHEN ARREST IS EFFECTED)","7415","S","DAMEN AVE","735",,,,,,,"1","NO INDICATION OF INJURY","0","0","0","0","0","1","0","4","3","3","41.7588807105","-87.6732338405","POINT (-87.673233840516 41.758880710468)"
"17c92ec39f07b4a371a3d0362f34367588b6fb68cf3ebc3703de0768a2914f16b931c22c76f1d385476f5863d55724c976760d3c046eba9df4260562a626626a",,"2026-03-10T04:40:00.000","30","TRAFFIC SIGNAL","FUNCTIONING PROPERLY","CLEAR","DARKNESS, LIGHTED ROAD","PEDESTRIAN","FOUR WAY",,"STRAIGHT AND LEVEL","DRY","WORN SURFACE","ON SCENE","INJURY AND / OR TOW DUE TO CRASH","Y",,"Y","OVER $1,500","2026-03-10T04:43:00.000","DRIVING SKILLS/KNOWLEDGE/EXPERIENCE","DRIVING SKILLS/KNOWLEDGE/EXPERIENCE","2501","S","ARCHER AVE","913",,,,,,,"2","INCAPACITATING INJURY","1","0","1","0","0","1","0","4","3","3","41.8470808327","-87.6464577026","POINT (-87.646457702574 41.847080832688)"
"f6f7edaa0fc1566258c9ddf2ce3f3f476060ac9dbd1359ad01dca0a967d6176e73a05f090c2f4263563e550f3d0496ec6e37bd9ddb13b0a7ed62f67976ceec78",,"2026-03-10T04:15:00.000","30","NO CONTROLS","NO CONTROLS","UNKNOWN","UNKNOWN","PARKED MOTOR VEHICLE","DIVIDED - W/MEDIAN (NOT RAISED)",,"STRAIGHT AND LEVEL","UNKNOWN","UNKNOWN","NOT ON SCENE (DESK REPORT)","NO INJURY / DRIVE AWAY",,,"Y","$501 - $1,500","2026-03-10T18:00:00.000","UNABLE TO DETERMINE","NOT APPLICABLE","9200","S","COLFAX AVE","423",,,,,,,"2","NO INDICATION OF INJURY","0","0","0","0","0","1","0","4","3","3","41.7280336597","-87.5610165875","POINT (-87.561016587502 41.728033659688)"
"eebe776cf3d5df76f0171108b9f45092d4d36e82e6a955355b5f6b9e23524740da353ffec4b3ac0880c0aed981c7f9c44b6c2554763305f2601405b4fbe15eca","Y","2026-03-10T03:00:00.000","30","NO CONTROLS","NO CONTROLS","CLEAR","UNKNOWN","PARKED MOTOR VEHICLE","NOT DIVIDED",,"STRAIGHT AND LEVEL","DRY","NO DEFECTS","NOT ON SCENE (DESK REPORT)","NO INJURY / DRIVE AWAY",,,"Y","OVER $1,500","2026-03-14T07:30:00.000","UNABLE TO DETERMINE","UNABLE TO DETERMINE","6430","S","STONY ISLAND AVE","314",,,,,,,"2","NO INDICATION OF INJURY","0","0","0","0","0","1","0","3","3","3","41.7778425221","-87.586523291","POINT (-87.586523290999 41.777842522117)"
"2f78d914e538427f0557325c360ca0bbf3372b36814c473ab783fdd79f4b631b779a303b87cf3a1105e1253df0f77c33b2be8c29ad7835ba14d7a58f3091f9b9",,"2026-03-10T02:27:00.000","30","NO CONTROLS","NO CONTROLS","CLEAR","DARKNESS, LIGHTED ROAD","ANGLE","NOT DIVIDED",,"STRAIGHT AND LEVEL","DRY","NO DEFECTS","ON SCENE","NO INJURY / DRIVE AWAY","Y",,,"OVER $1,500","2026-03-10T02:32:00.000","FAILING TO YIELD RIGHT-OF-WAY","FAILING TO YIELD RIGHT-OF-WAY","1465","W","MONTROSE AVE","1912",,,,,,,"2","NO INDICATION OF INJURY","0","0","0","0","0","2","0","2","3","3","41.9615059008","-87.6674830543","POINT (-87.667483054298 41.961505900768)"
"a874dbd1318b5527e1dbb59d92ec632b939b9ee3f038ab814158b8422e91da1785b0f7c6c42a1cf1aab942dde1dbbad218661dc3b559719b0a5411c84f492f54",,"2026-03-10T02:00:00.000","30","STOP SIGN/FLASHER","UNKNOWN","UNKNOWN","DARKNESS, LIGHTED ROAD","PEDALCYCLIST","FOUR WAY",,"STRAIGHT AND LEVEL","UNKNOWN","UNKNOWN","NOT ON SCENE (DESK REPORT)","INJURY AND / OR TOW DUE TO CRASH",,,"Y","$501 - $1,500","2026-03-10T11:20:00.000","UNABLE TO DETERMINE","UNABLE TO DETERMINE","6400","S","RACINE AVE","724",,,,,,,"2","NONINCAPACITATING INJURY","1","0","0","1","0","1","0","2","3","3","41.7776977974","-87.6545943507","POINT (-87.654594350716 41.777697797438)"
"e953e58b874097ff9689127ca655dce122cad97c774dc27da11856c9007e313ca9ddc76b1d2bffe072c4be0099767ad82446859863bb8b5586a56872c993e93c",,"2026-03-10T02:00:00.000","30","NO CONTROLS","NO CONTROLS","UNKNOWN","DARKNESS","PARKED MOTOR VEHICLE","ALLEY",,"STRAIGHT AND LEVEL","UNKNOWN","UNKNOWN","NOT ON SCENE (DESK REPORT)","NO INJURY / DRIVE AWAY",,,"Y","OVER $1,500","2026-03-10T14:33:00.000","UNABLE TO DETERMINE","NOT APPLICABLE","1201","N","AUSTIN BLVD","2531",,,,,,,"2","NO INDICATION OF INJURY","0","0","0","0","0","1","0","2","3","3","41.9020912382","-87.775217894","POINT (-87.77521789397 41.902091238174)"
"f77cb848d739ec572eabb51f6e66bdac738fe948e8d6be134acb1ee764b263ed6ee54c511225c622010fb9a719d1735c75fb13f424efb9f07d3ee2573a7b428d",,"2026-03-10T02:00:00.000","30","TRAFFIC SIGNAL","FUNCTIONING PROPERLY","CLEAR","DARKNESS, LIGHTED ROAD","REAR END","NOT DIVIDED",,"STRAIGHT AND LEVEL","DRY","UNKNOWN","NOT ON SCENE (DESK REPORT)","NO INJURY / DRIVE AWAY",,,,"OVER $1,500","2026-03-10T02:20:00.000","UNABLE TO DETERMINE","UNABLE TO DETERMINE","222","W","63RD ST","711",,,,,,,"2","NO INDICATION OF INJURY","0","0","0","0","0","4","0","2","3","3","41.7800841904","-87.6310441708","POINT (-87.631044170801 41.7800841904)"
"b404b824cfdd3a853157e9a1efe43152a35619963db7beac63e2015d81d082eacfba96d3368f4f22bbac6e24afacf72c57455e70d1adaeca6cbd35b6a63f2ded",,"2026-03-10T01:00:00.000","30","NO CONTROLS","NO CONTROLS","UNKNOWN","DARKNESS, LIGHTED ROAD","PARKED MOTOR VEHICLE","ONE-WAY",,"STRAIGHT AND LEVEL","UNKNOWN","NO DEFECTS","NOT ON SCENE (DESK REPORT)","NO INJURY / DRIVE AWAY",,,"Y","OVER $1,500","2026-03-11T01:00:00.000","UNABLE TO DETERMINE","UNABLE TO DETERMINE","3314","W","EASTWOOD AVE","1713",,,,,,,"2","NO INDICATION OF INJURY","0","0","0","0","0","1","0","1","3","3","41.965668888","-87.7114864134","POINT (-87.711486413412 41.965668887965)"
"cd2554d3e39768f377e7a2e064ce1e985dde270b99a23bceb453e0d8c770cee5050e6a118ad95717e3acd7764d910db9153491a604662af7d196f96632845e18",,"2026-03-10T01:00:00.000","30","NO CONTROLS","NO CONTROLS","UNKNOWN","DARKNESS, LIGHTED ROAD","PARKED MOTOR VEHICLE","DIVIDED - W/MEDIAN (NOT RAISED)",,"STRAIGHT AND LEVEL","UNKNOWN","NO DEFECTS","NOT ON SCENE (DESK REPORT)","NO INJURY / DRIVE AWAY",,,"Y","OVER $1,500","2026-03-10T08:15:00.000","UNABLE TO DETERMINE","UNABLE TO DETERMINE","6119","N","PULASKI RD","1711",,,,,,,"2","NO INDICATION OF INJURY","0","0","0","0","0","1","0","1","3","3","41.9925029338","-87.7287279071","POINT (-87.728727907079 41.992502933764)"
"756f810152c0c696bbff082dc6dc60e87cacbf590ed5ca32951e75fcf0330c71b25e41f9cf4be18d506c609cec321afa986a3ae992475dcfe7e73de4a065fa86",,"2026-03-10T00:56:00.000","30","TRAFFIC SIGNAL","UNKNOWN","CLEAR","DARKNESS, LIGHTED ROAD","REAR END","ONE-WAY",,"STRAIGHT AND LEVEL","DRY","UNKNOWN","NOT ON SCENE (DESK REPORT)","NO INJURY / DRIVE AWAY",,,"Y","OVER $1,500","2026-03-10T01:26:00.000","UNABLE TO DETERMINE","UNABLE TO DETERMINE","7309","S","STONY ISLAND AVE","324",,,,,,,"2","NO INDICATION OF INJURY","0","0","0","0","0","3","0","0","3","3","41.7621368075","-87.5856799744","POINT (-87.585679974382 41.762136807456)"
"a5f1b7bf900f014c60638ef806dc6162fbbd7d9700a2b4ab39aa95bdb3beb3a71892e4ddb5c99301b5234d57e9bd91a8091cb2d92f6533540940f5e8de063a3f","Y","2026-03-10T00:30:00.000","30","NO CONTROLS","NO CONTROLS","UNKNOWN","UNKNOWN","PARKED MOTOR VEHICLE","NOT DIVIDED",,"STRAIGHT AND LEVEL","UNKNOWN","UNKNOWN","NOT ON SCENE (DESK REPORT)","NO INJURY / DRIVE AWAY",,,"Y","OVER $1,500","2026-03-10T10:50:00.000","UNABLE TO DETERMINE","NOT APPLICABLE","6235","N","RIDGE AVE","2433",,,,,,,"2","NO INDICATION OF INJURY","0","0","0","0","0","1","0","0","3","3","41.9954471163","-87.6755066279","POINT (-87.675506627946 41.995447116319)"
"f3440abd447fb3c5a2abc9d888a3e6cd5882ae21f8f180c28700001a998b8192cd0651d9a7d4b1c211c8d43d3b7def228323a4d83e09c97eef5f1d9a1bc4815d",,"2026-03-10T00:25:00.000","25","NO CONTROLS","NO CONTROLS","CLEAR","DARKNESS, LIGHTED ROAD","PARKED MOTOR VEHICLE","NOT DIVIDED",,"STRAIGHT AND LEVEL","DRY","NO DEFECTS","ON SCENE","INJURY AND / OR TOW DUE TO CRASH",,,"Y","OVER $1,500","2026-03-10T00:27:00.000","UNABLE TO DETERMINE","NOT APPLICABLE","2541","W","JEROME ST","2411",,,,,,,"3","NO INDICATION OF INJURY","0","0","0","0","0","1","0","0","3","3","42.0184276147","-87.6942391547","POINT (-87.694239154726 42.018427614691)"
"291d8f12a189110ef653501a54cd1658ce5a340211bc4377cf0644a95a3565916bd179d7a50d65613a9bca160e72b863d72318a9c4fe6728bb4cb34313dcc0dc",,"2026-03-10T00:23:00.000","30","TRAFFIC SIGNAL","FUNCTIONING PROPERLY","CLEAR","DARKNESS, LIGHTED ROAD","OTHER OBJECT","NOT DIVIDED",,"STRAIGHT AND LEVEL","DRY","NO DEFECTS","ON SCENE","INJURY AND / OR TOW DUE TO CRASH",,,,"OVER $1,500","2026-03-10T00:24:00.000","UNABLE TO DETERMINE","UNABLE TO DETERMINE","8142","S","HALSTED ST","613",,,,,,,"1","NONINCAPACITATING INJURY","1","0","0","1","0","0","0","0","3","3","41.7457260065","-87.6440443319","POINT (-87.644044331927 41.745726006453)"
"0c9712ecbedafaac13c9313bc22a18087800c35521c4e10d09d57c27145d6ad11d5a8b072998ef29b1d78b462257576d86cb71c183f11d6d14c6d942f47b197e",,"2026-03-10T00:15:00.000","30","TRAFFIC SIGNAL","UNKNOWN","CLEAR","DARKNESS, LIGHTED ROAD","PARKED MOTOR VEHICLE","DIVIDED - W/MEDIAN (NOT RAISED)",,"STRAIGHT AND LEVEL","DRY","NO DEFECTS","ON SCENE","NO INJURY / DRIVE AWAY",,,"Y","OVER $1,500","2026-03-10T00:27:00.000","OPERATING VEHICLE IN ERRATIC, RECKLESS, CARELESS, NEGLIGENT OR AGGRESSIVE MANNER","OPERATING VEHICLE IN ERRATIC, RECKLESS, CARELESS, NEGLIGENT OR AGGRESSIVE MANNER","491","N","MILWAUKEE AVE","1214",,,,,,,"2","NO INDICATION OF INJURY","0","0","0","0","0","2","0","0","3","3","41.8910464843","-87.6471498856","POINT (-87.647149885569 41.89104648435)"
"fdb89da4887756fa541785c398375a9838c1bbf9e2a37748bd4d116fb3324e4e2121f7c9ba703a418baeb30b0e7619a27d7fb0ffdbef8922c468ae523b48f007",,"2026-03-10T00:09:00.000","30","NO CONTROLS","NO CONTROLS","CLEAR","DUSK","REAR END","PARKING LOT",,"STRAIGHT AND LEVEL","DRY","NO DEFECTS","ON SCENE","NO INJURY / DRIVE AWAY",,"Y",,"$501 - $1,500","2026-03-10T00:30:00.000","FOLLOWING TOO CLOSELY","UNABLE TO DETERMINE","5133","W","NORTH AVE","2533",,,,,,,"2","NO INDICATION OF INJURY","0","0","0","0","0","2","0","0","3","3","41.909404663","-87.7547638736","POINT (-87.754763873627 41.909404662966)"
"2d08e34633e77298cd94fb0bfbbbcd064bba54491af51ba739926a38b74b414a298521dbe28cd50530ad9377595f48a92b32ce4a1309b3049ce5b36ae7ebd962",,"2026-03-10T00:05:00.000","40","NO CONTROLS","NO CONTROLS","CLEAR","DARKNESS, LIGHTED ROAD","FIXED OBJECT","ONE-WAY",,"CURVE ON HILLCREST","DRY","SHOULDER DEFECT","ON SCENE","INJURY AND / OR TOW DUE TO CRASH",,,,"OVER $1,500","2026-03-10T00:10:00.000","DRIVING SKILLS/KNOWLEDGE/EXPERIENCE","NOT APPLICABLE","1500","N","LAKE SHORE DR SB","1824",,,,,,,"1","NONINCAPACITATING INJURY","1","0","0","1","0","3","0","0","3","3","41.9095798667","-87.6260817682","POINT (-87.626081768182 41.909579866705)"
"3bcf47b71295f600b64111494850efeae61cc9f9172877169ef1cd8c500b89e5fc036948610b0affa63c02443f5a162981c3487d77167ff852588347e42b1c22",,"2026-03-10T00:03:00.000","30","TRAFFIC SIGNAL","FUNCTIONING PROPERLY","OTHER","DARKNESS, LIGHTED ROAD","FIXED OBJECT","FOUR WAY",,"STRAIGHT AND LEVEL","WET","NO DEFECTS","NOT ON SCENE (DESK REPORT)","INJURY AND / OR TOW DUE TO CRASH","Y",,,"OVER $1,500","2026-03-10T00:33:00.000","FAILING TO REDUCE SPEED TO AVOID CRASH","NOT APPLICABLE","1601","N","KIMBALL AVE","1422",,,,,,,"1","NO INDICATION OF INJURY","0","0","0","0","0","1","0","0","3","3","41.9101187014","-87.7117097313","POINT (-87.711709731342 41.910118701358)"
"4b9dc86f6ccea1c56bcfa10fdd42649cf68d5a61bdb12a9ffc588cc0a8d7cc0f6bf7d7d2b739e35bed0540651071a2e3053287d4ef74cf23c5c1cf4adeb5bb7c",,"2026-03-09T23:45:00.000","30","TRAFFIC SIGNAL","FUNCTIONING PROPERLY","CLEAR","DARKNESS, LIGHTED ROAD","TURNING","FOUR WAY",,"STRAIGHT ON GRADE","DRY","NO DEFECTS","ON SCENE","INJURY AND / OR TOW DUE TO CRASH","Y",,"Y","OVER $1,500","2026-03-09T23:58:00.000","UNABLE TO DETERMINE","FOLLOWING TOO CLOSELY","4802","W","LEXINGTON ST","1533",,,,,,,"2","REPORTED, NOT EVIDENT","1","0","0","0","1","2","0","23","2","3","41.8712829828","-87.7450875705","POINT (-87.745087570486 41.871282982832)"
"ee20c9a6c6a1da94a0140ea8a8da5d474d1d78de2d8946f9eeae386121ff8a1884d7fbf0c396217e99f913b802d38893e116347ff69022749d55617d16f1e4c6",,"2026-03-09T23:00:00.000","10","NO CONTROLS","NO CONTROLS","CLEAR","DARKNESS","OTHER OBJECT","PARKING LOT",,"STRAIGHT AND LEVEL","DRY","UNKNOWN","ON SCENE","INJURY AND / OR TOW DUE TO CRASH",,,,"OVER $1,500","2026-03-09T23:30:00.000","IMPROPER BACKING","IMPROPER BACKING","3722","W","DOUGLAS BLVD","1011",,,,,,,"1","NO INDICATION OF INJURY","0","0","0","0","0","1","0","23","2","3","41.8629228845","-87.7186386877","POINT (-87.71863868773 41.862922884499)"
"bd41b7a06f6e28c1a6a820caeb8f37e8b5d8bffcc857137f7f5cd69a0df0566d17ec73926d6569357031de3009bc6b1d38e7937eeafeec647d232a7892983e07",,"2026-03-09T22:50:00.000","35","TRAFFIC SIGNAL","UNKNOWN","CLEAR","DARKNESS","SIDESWIPE SAME DIRECTION","NOT DIVIDED",,"STRAIGHT AND LEVEL","DRY","UNKNOWN","NOT ON SCENE (DESK REPORT)","NO INJURY / DRIVE AWAY","N",,"Y","OVER $1,500","2026-03-09T23:44:00.000","IMPROPER LANE USAGE","IMPROPER OVERTAKING/PASSING","14","S","ASHLAND AVE","1224",,,,,,,"2","NO INDICATION OF INJURY","0","0","0","0","0","2","0","22","2","3","41.8810084938","-87.6669393107","POINT (-87.666939310687 41.881008493757)"
"aed4dc6b2d56d7764ee930f001178e4288fee3d51e7297241928aac0b6e6e658e6d9c3821dc2b78c00446ba66f3eb7b68de14726e7791d6a3ceff3db1f97bc9b",,"2026-03-09T22:30:00.000","30","TRAFFIC SIGNAL","FUNCTIONING PROPERLY","CLEAR","DARKNESS, LIGHTED ROAD","ANGLE","FOUR WAY",,"STRAIGHT AND LEVEL","DRY","UNKNOWN","ON SCENE","INJURY AND / OR TOW DUE TO CRASH","Y",,"Y","OVER $1,500","2026-03-09T22:32:00.000","DISREGARDING TRAFFIC SIGNALS","NOT APPLICABLE","1400","W","83RD ST","614",,,,,,,"2","NO INDICATION OF INJURY","0","0","0","0","0","2","0","22","2","3","41.7432528874","-87.6584624216","POINT (-87.658462421619 41.743252887351)"
"8125efc2360b0f2dbd1189c3353d2a924e0f69b15a0337b908ece3f99c99d714449b6460956b393babd6aaecd715fcf9df35d9a9939b72bf2bcd64b85288ec1b",,"2026-03-09T22:28:00.000","30","NO CONTROLS","NO CONTROLS","CLEAR","DARKNESS, LIGHTED ROAD","PARKED MOTOR VEHICLE","NOT DIVIDED",,"STRAIGHT AND LEVEL","DRY","NO DEFECTS","ON SCENE","NO INJURY / DRIVE AWAY",,,"Y","OVER $1,500","2026-03-09T22:28:00.000","PHYSICAL CONDITION OF DRIVER","NOT APPLICABLE","4464","W","58TH ST","813",,,,,,,"3","NO INDICATION OF INJURY","0","0","0","0","0","2","0","22","2","3","41.7877429917","-87.7351872894","POINT (-87.735187289416 41.787742991712)"
"e83751fc410ecca69aaa389b60d1870dee9a73ee6655fecfd32c93308e6c19f0d3d95db9924a3c9d77339e816a1df58540a0a65bc2dd4c224227d5c5f4a24ec5","Y","2026-03-09T22:20:00.000","15","NO CONTROLS","NO CONTROLS","CLEAR","DARKNESS, LIGHTED ROAD","PARKED MOTOR VEHICLE","PARKING LOT",,"STRAIGHT AND LEVEL","DRY","NO DEFECTS","ON SCENE","INJURY AND / OR TOW DUE TO CRASH",,,"Y","OVER $1,500","2026-03-09T23:30:00.000","UNABLE TO DETERMINE","UNABLE TO DETERMINE","8712","S","STONY ISLAND AVE","412",,,,,,,"2","NO INDICATION OF INJURY","0","0","0","0","0","1","0","22","2","3","41.7364816121","-87.5857840135","POINT (-87.585784013468 41.736481612063)"
"e09564b16efa209e4fad9eb5fba6ec7dd3ba63013c8e1f7366d8019a5f955dfbdc25b31f4a46c49646f8943c861d7fbfe9e0eef43cc2428b53b20c8a3c2f4e9b",,"2026-03-09T22:11:00.000","30","STOP SIGN/FLASHER","NO CONTROLS","CLEAR","DARKNESS, LIGHTED ROAD","ANGLE","FOUR WAY",,"STRAIGHT AND LEVEL","DRY","NO DEFECTS","ON SCENE","NO INJURY / DRIVE AWAY","Y",,,"OVER $1,500","2026-03-09T22:47:00.000","UNABLE TO DETERMINE","UNABLE TO DETERMINE","1201","W","WELLINGTON AVE","1933",,"Y",,,,,"2","NO INDICATION OF INJURY","0","0","0","0","0","2","0","22","2","3","41.9360850709","-87.6589568799","POINT (-87.658956879883 41.9360850709)"
"ce3eafe27c30014c45b01b6cedbf48e5c346c2c32b154a6e0ce80a99e33851909be61243403e20f6df2d784de73e2e6f129122ea10c304ec7ba3dce3f10bfd52",,"2026-03-09T22:00:00.000","15","NO CONTROLS","NO CONTROLS","CLEAR","DARKNESS, LIGHTED ROAD","FIXED OBJECT","T-INTERSECTION",,"STRAIGHT AND LEVEL","DRY","DEBRIS ON ROADWAY","NOT ON SCENE (DESK REPORT)","NO INJURY / DRIVE AWAY","Y",,,"$500 OR LESS","2026-03-10T18:45:00.000","UNABLE TO DETERMINE","NOT APPLICABLE","5518","S","THROOP ST","713",,,,,,,"1","NO INDICATION OF INJURY","0","0","0","0","0","2","0","22","2","3","41.7931533397","-87.6574222284","POINT (-87.657422228408 41.793153339664)"
"341cedc3ad49e3fd1e242211e44eb7069c56b26844d8044affd23ceb8b57f8cad07468fa38187cf22d6f9ec45a81ee90abb8da25658696e50ca84e9e94aa58b2",,"2026-03-09T21:47:00.000","30","TRAFFIC SIGNAL","FUNCTIONING PROPERLY","CLEAR","DARKNESS, LIGHTED ROAD","PEDALCYCLIST","UNKNOWN INTERSECTION TYPE",,"STRAIGHT AND LEVEL","DRY","NO DEFECTS","ON SCENE","INJURY AND / OR TOW DUE TO CRASH","Y",,,"OVER $1,500","2026-03-09T21:48:00.000","DISREGARDING TRAFFIC SIGNALS","NOT APPLICABLE","300","W","MADISON ST","122",,,,,,,"2","INCAPACITATING INJURY","1","0","1","0","0","1","0","21","2","3","41.8820426442","-87.635386679","POINT (-87.635386678974 41.882042644219)"
"658de02910f1c82f3f881e674e9607276860bdf08872362c4ff163bb4db3809d19c9fdb4d7be5b4df083278efbce46d6eda1cbc3cae13af8d464121f5b2fa891",,"2026-03-09T21:47:00.000","45","NO CONTROLS","NO CONTROLS","CLEAR","DARKNESS","TURNING","NOT DIVIDED",,"STRAIGHT AND LEVEL","DRY","NO DEFECTS","ON SCENE","INJURY AND / OR TOW DUE TO CRASH",,,,"OVER $1,500","2026-03-09T21:47:00.000","UNABLE TO DETERMINE","UNABLE TO DETERMINE","28","E","87TH ST","632",,,,,,,"2","NONINCAPACITATING INJURY","2","0","0","2","0","0","0","21","2","3","41.736469113","-87.6230241242","POINT (-87.623024124225 41.736469113027)"
"c1d4485a1ffd62ffc3fe0fe4b2160aac06214422e80d959bc5b91451d0d1da8cb45d55b0460d757e70db3169766079d703c5fe89382b149e44fd4e64022309c2",,"2026-03-09T21:45:00.000","30","TRAFFIC SIGNAL","FUNCTIONING PROPERLY","CLEAR","DARKNESS, LIGHTED ROAD","REAR END","NOT DIVIDED",,"STRAIGHT AND LEVEL","DRY","NO DEFECTS","NOT ON SCENE (DESK REPORT)","NO INJURY / DRIVE AWAY",,,,"OVER $1,500","2026-03-09T22:30:00.000","UNABLE TO DETERMINE","NOT APPLICABLE","5501","N","CUMBERLAND AVE","1614",,,,,,,"2","NO INDICATION OF INJURY","0","0","0","0","0","2","0","21","2","3","41.979323218","-87.8364364147","POINT (-87.836436414684 41.979323218033)"
"57b6e0ce6b2b568511fa3417f267e01947248037637ad4498ed5da5acf95bbb0c5e922ae37afae370deab1a6eca7ddf81fb77ac25ed6eb21c6db224f0345b65b",,"2026-03-09T21:41:00.000","30","UNKNOWN","UNKNOWN","UNKNOWN","UNKNOWN","PARKED MOTOR VEHICLE","NOT DIVIDED",,"STRAIGHT AND LEVEL","UNKNOWN","UNKNOWN","NOT ON SCENE (DESK REPORT)","NO INJURY / DRIVE AWAY",,,,"OVER $1,500","2026-03-09T22:05:00.000","UNABLE TO DETERMINE","UNABLE TO DETERMINE","3018","N","PULASKI RD","2523",,,,,,,"2","NO INDICATION OF INJURY","0","0","0","0","0","1","0","21","2","3","41.9359716982","-87.7272414155","POINT (-87.727241415524 41.935971698176)"
"44b1213f67d9b6eff50d56e141b2cfd8ff0a8eab61c83ddba4478542cc8ff156f89836b203ff6bd42cf1236e036ba085df7d21c5dfb0bb0460b008c36cfc4762",,"2026-03-09T21:30:00.000","30","TRAFFIC SIGNAL","FUNCTIONING PROPERLY","CLEAR","DARKNESS, LIGHTED ROAD","TURNING","DIVIDED - W/MEDIAN (NOT RAISED)",,"STRAIGHT AND LEVEL","DRY","NO DEFECTS","NOT ON SCENE (DESK REPORT)","NO INJURY / DRIVE AWAY",,,,"OVER $1,500","2026-03-10T13:45:00.000","UNABLE TO DETERMINE","NOT APPLICABLE","2699","S","CALIFORNIA BLVD","1034",,,,,,,"2","NO INDICATION OF INJURY","0","0","0","0","0","2","0","21","2","3","41.8429692166","-87.6944634426","POINT (-87.694463442634 41.842969216608)"
"f74d004a9be2441b6d9b329049e59d37cbd4df3a356533f2822200221b74cc3c1774bd6ee2c2381028b601797b2181c80811ff4a5317c2b7a4d2c3f8610c8d3f",,"2026-03-09T21:24:00.000","30","TRAFFIC SIGNAL","FUNCTIONING PROPERLY","CLEAR","DARKNESS, LIGHTED ROAD","SIDESWIPE SAME DIRECTION","FOUR WAY",,"STRAIGHT AND LEVEL","DRY","NO DEFECTS","NOT ON SCENE (DESK REPORT)","INJURY AND / OR TOW DUE TO CRASH","Y",,"Y","OVER $1,500","2026-03-09T21:31:00.000","IMPROPER OVERTAKING/PASSING","FAILING TO YIELD RIGHT-OF-WAY","755","W","DIVERSEY PKWY","1935",,"Y",,,,,"2","NONINCAPACITATING INJURY","1","0","0","1","0","2","0","21","2","3","41.9326154877","-87.6487787809","POINT (-87.648778780892 41.93261548771)"
"2a0f192eea2af597eca2b129bd891317df85181664cd428123bcb16410411037a7e9b4055b5a649becd8a2b1feeaeb2792dc8743755c81363ff5ed80c98a68e8",,"2026-03-09T21:17:00.000","30","UNKNOWN","FUNCTIONING PROPERLY","CLEAR","DARKNESS, LIGHTED ROAD","SIDESWIPE SAME DIRECTION","NOT DIVIDED",,"STRAIGHT AND LEVEL","DRY","NO DEFECTS","NOT ON SCENE (DESK REPORT)","NO INJURY / DRIVE AWAY",,,,"OVER $1,500","2026-03-09T23:50:00.000","UNABLE TO DETERMINE","NOT APPLICABLE","3218","N","PULASKI RD","1731",,,,,,,"2","NO INDICATION OF INJURY","0","0","0","0","0","3","0","21","2","3","41.9396647628","-87.7273484705","POINT (-87.727348470533 41.939664762821)"
"4924683ce2f2713048865089ff11b2859d192d10abf0716c6dec395467fa739d3db8703311e791bbac7d0d7a6864ebbd1382729517412f3ed163689523e8584d",,"2026-03-09T21:00:00.000","35","NO CONTROLS","NO CONTROLS","CLEAR","DARKNESS, LIGHTED ROAD","FIXED OBJECT","NOT DIVIDED",,"STRAIGHT AND LEVEL","DRY","UNKNOWN","ON SCENE","INJURY AND / OR TOW DUE TO CRASH",,,,"OVER $1,500","2026-03-09T21:08:00.000","DISTRACTION - FROM INSIDE VEHICLE","DRIVING SKILLS/KNOWLEDGE/EXPERIENCE","4803","N","HARLEM AVE","1613",,,,,,,"1","NO INDICATION OF INJURY","0","0","0","0","0","1","0","21","2","3","41.9683677678","-87.8070082","POINT (-87.807008199988 41.968367767832)"
"9b168dc58fec1da48d83209895a76d5637fe2e55ec324c0a0c3f6de10a845a46ddd676d9b36b3d34acd45fb1d8afd11ef887bf1a10886569a50a231bc32c7d48","Y","2026-03-09T21:00:00.000","30","NO CONTROLS","NO CONTROLS","CLEAR","DARKNESS, LIGHTED ROAD","PARKED MOTOR VEHICLE","NOT DIVIDED",,"STRAIGHT AND LEVEL","DRY","NO DEFECTS","ON SCENE","NO INJURY / DRIVE AWAY",,,"Y","OVER $1,500","2026-03-10T12:40:00.000","UNABLE TO DETERMINE","UNABLE TO DETERMINE","7851","S","KILPATRICK AVE","834",,,,,,,"2","NO INDICATION OF INJURY","0","0","0","0","0","1","0","21","2","3","41.7495118895","-87.7387867782","POINT (-87.738786778218 41.749511889522)"