"crash_record_id","crash_date_est_i","crash_date","posted_speed_limit","traffic_control_device","device_condition","weather_condition","lighting_condition","first_crash_type","trafficway_type","lane_cnt","alignment","roadway_surface_cond","road_defect","report_type","crash_type","intersection_related_i","private_property_i","hit_and_run_i","damage","date_police_notified","prim_contributory_cause","sec_contributory_cause","street_no","street_direction","street_name","beat_of_occurrence","photos_taken_i","statements_taken_i","dooring_i","work_zone_i","work_zone_type","workers_present_i","num_units","most_severe_injury","injuries_total","injuries_fatal","injuries_incapacitating","injuries_non_incapacitating","injuries_reported_not_evident","injuries_no_indication","injuries_unknown","crash_hour","crash_day_of_week","crash_month","latitude","longitude","location"
"a2e4a0caf30276a641d967ba4693d21dcf44f0847bb0333a495a93bd658958c40bd469e7f91413d4d2a3258821a66acf8277f559a17c1a532668d29aa9740c02",,"2026-03-09T20:55:00.000","30","TRAFFIC SIGNAL","FUNCTIONING PROPERLY","CLEAR","DARKNESS, LIGHTED ROAD","SIDESWIPE SAME DIRECTION","NOT DIVIDED",,"STRAIGHT AND LEVEL","DRY","NO DEFECTS","NOT ON SCENE (DESK REPORT)","NO INJURY / DRIVE AWAY",,,,"OVER $1,500","2026-03-09T21:25:00.000","UNABLE TO DETERMINE","NOT APPLICABLE","5729","S","KEDZIE AVE","824",,,,,,,"2","NO INDICATION OF INJURY","0","0","0","0","0","4","0","20","2","3","41.789004599","-87.7032830252","POINT (-87.703283025249 41.789004599022)"
"55f82e0d52fe9cf8f11607cac23b6615f90309c941a7d1dbb0d94825b47cf2d17c756b757d8be1825ae1ef9bb13b4d9ce3a1fab79bc1b33df59b9de0dfae046a",,"2026-03-09T20:44:00.000","30","NO CONTROLS","NO CONTROLS","CLEAR","DARKNESS, LIGHTED ROAD","PARKED MOTOR VEHICLE","NOT DIVIDED",,"STRAIGHT AND LEVEL","DRY","NO DEFECTS","NOT ON SCENE (DESK REPORT)","NO INJURY / DRIVE AWAY",,,"Y","$501 - $1,500","2026-03-09T21:38:00.000","UNABLE TO DETERMINE","NOT APPLICABLE","2825","W","POLK ST","1135",,,,,,,"2","NO INDICATION OF INJURY","0","0","0","0","0","1","0","20","2","3","41.8709433953","-87.6970571029","POINT (-87.697057102866 41.87094339531)"
"8aadd22b75effa79699d8aeed5babb802041d18ed824d25d95f785becdd88c161e239fa9c79238c500035dd05046548b451f6e23ab057a948f39462634058387",,"2026-03-09T20:40:00.000","30","STOP SIGN/FLASHER","NO CONTROLS","CLEAR","DAYLIGHT","TURNING","NOT DIVIDED",,"STRAIGHT AND LEVEL","DRY","NO DEFECTS","NOT ON SCENE (DESK REPORT)","NO INJURY / DRIVE AWAY","N","Y","N","OVER $1,500","2026-03-09T20:50:00.000","UNABLE TO DETERMINE","UNABLE TO DETERMINE","2020","W","OGDEN AVE","1225",,,,,,,"2","NO INDICATION OF INJURY","0","0","0","0","0","2","0","20","2","3","41.8724043507","-87.6770354594","POINT (-87.677035459402 41.872404350718)"
"d6dc4b70d47e79847ebb0f8167f3b85e56899911f6e4208902fd2aced590f4d14d4a3f9a5c0c97057cf35eee7118d05be80e8d3d31f9a7bc55d1ef8e175e4e95",,"2026-03-09T20:30:00.000","30","STOP SIGN/FLASHER","FUNCTIONING PROPERLY","CLEAR","DARKNESS, LIGHTED ROAD","TURNING","NOT DIVIDED",,"STRAIGHT AND LEVEL","DRY","UNKNOWN","NOT ON SCENE (DESK REPORT)","NO INJURY / DRIVE AWAY","Y",,,"OVER $1,500","2026-03-09T21:00:00.000","UNABLE TO DETERMINE","NOT APPLICABLE","11459","S","MORGAN ST","2234",,,,,,,"2","NO INDICATION OF INJURY","0","0","0","0","0","3","0","20","2","3","41.6850576895","-87.646870224","POINT (-87.646870223978 41.685057689499)"
"d91d43520fc401df68e1783282b5b88ca959ea9584dd4abe96aae8be9fb9ccefb83b44e158e78760089c0dcf1b5df130973850b8131e0007bbdb4dd96bd72148",,"2026-03-09T20:22:00.000","30","TRAFFIC SIGNAL","FUNCTIONING PROPERLY","CLEAR","DUSK","SIDESWIPE SAME DIRECTION","NOT DIVIDED",,"STRAIGHT AND LEVEL","DRY","NO DEFECTS","NOT ON SCENE (DESK REPORT)","NO INJURY / DRIVE AWAY",,,"Y","OVER $1,500","2026-03-09T21:00:00.000","UNABLE TO DETERMINE","NOT APPLICABLE","6647","S","WESTERN AVE","832",,,,,,,"2","NO INDICATION OF INJURY","0","0","0","0","0","2","0","20","2","3","41.7724064825","-87.6833095317","POINT (-87.683309531677 41.772406482508)"
"d77f800fde1f2bb2f71dd0509b67e0c2a003e5ecdb43a0edcfeb9f797239eb3bbb9c01fc11ec815d97e6e19dc67ea3e69b909c3513442b27d49ddde3d95f55ec",,"2026-03-09T20:20:00.000","15","NO CONTROLS","NO CONTROLS","CLEAR","DARKNESS, LIGHTED ROAD","FIXED OBJECT","PARKING LOT",,"STRAIGHT AND LEVEL","WET","NO DEFECTS","ON SCENE","INJURY AND / OR TOW DUE TO CRASH",,"Y",,"OVER $1,500","2026-03-09T20:21:00.000","NOT APPLICABLE","NOT APPLICABLE","1101","S","CANAL ST","124",,,,,,,"1","NO INDICATION OF INJURY","0","0","0","0","0","2","0","20","2","3","41.8688897111","-87.6390989281","POINT (-87.639098928088 41.868889711112)"
"909367513a9ce0f98281dadcda85e1c71025a03773ff7988ff4b7123320dbf4c6bc6a7faf321768e71b471c772af08f4004858b8d91de538fb0bddd355d20fee",,"2026-03-09T20:15:00.000","20","NO CONTROLS","NO CONTROLS","CLEAR","DARKNESS, LIGHTED ROAD","PARKED MOTOR VEHICLE","PARKING LOT",,"STRAIGHT AND LEVEL","DRY","NO DEFECTS","NOT ON SCENE (DESK REPORT)","NO INJURY / DRIVE AWAY",,,"Y","$500 OR LESS","2026-03-09T21:10:00.000","IMPROPER BACKING","NOT APPLICABLE","3301","W","ARTHINGTON ST","1134",,,,,,,"2","NO INDICATION OF INJURY","0","0","0","0","0","1","0","20","2","3","41.8699219641","-87.7083340669","POINT (-87.708334066912 41.869921964079)"
"af9d687fc32f017e67c2082bc0dee682215a16d80240e42cd0252faed33f3646d4eab0dfc6ef27dfb71d5f6c2fb50a11428b6ba8085354555653c7024c195f79",,"2026-03-09T20:05:00.000","10","NO CONTROLS","NO CONTROLS","CLEAR","DARKNESS, LIGHTED ROAD","REAR TO FRONT","ALLEY",,"STRAIGHT AND LEVEL","UNKNOWN","UNKNOWN","NOT ON SCENE (DESK REPORT)","NO INJURY / DRIVE AWAY",,,"Y","OVER $1,500","2026-03-09T20:05:00.000","DRIVING SKILLS/KNOWLEDGE/EXPERIENCE","UNABLE TO DETERMINE","2012","W","MC LEAN AVE","1432",,,,,,,"2","NO INDICATION OF INJURY","0","0","0","0","0","2","0","20","2","3","41.91862436","-87.6782203903","POINT (-87.678220390306 41.918624359985)"
"110f1e167d2640effbd5ae0f6720128e79568020f11f9d4091865ac0b1fc570f35ec283da0fdeff3fa102a26beaf5205d987e2679a706c6180de080b7ff8d355","Y","2026-03-09T20:00:00.000","30","NO CONTROLS","NO CONTROLS","UNKNOWN","UNKNOWN","PARKED MOTOR VEHICLE","NOT DIVIDED",,"STRAIGHT AND LEVEL","UNKNOWN","UNKNOWN","NOT ON SCENE (DESK REPORT)","NO INJURY / DRIVE AWAY",,,"Y","OVER $1,500","2026-03-14T11:50:00.000","UNABLE TO DETERMINE","UNABLE TO DETERMINE","4957","S","LAWNDALE AVE","821",,,,,,,"2","NO INDICATION OF INJURY","0","0","0","0","0","1","0","20","2","3","41.8025916682","-87.7159149511","POINT (-87.715914951101 41.802591668169)"
"82406208ffb0f1a6d44361b0c10446efcef41b29d17bdb021b5a0165768b6ba824d9da5399de3fe13259be83c667eeda6cd75084be3a08d980a1c34a132b3c80",,"2026-03-09T20:00:00.000","30","NO CONTROLS","NO CONTROLS","CLEAR","DAYLIGHT","ANGLE","NOT DIVIDED",,"STRAIGHT AND LEVEL","DRY","NO DEFECTS","NOT ON SCENE (DESK REPORT)","NO INJURY / DRIVE AWAY",,,"Y","OVER $1,500","2026-03-12T10:35:00.000","UNABLE TO DETERMINE","NOT APPLICABLE","4127","W","ROOSEVELT RD","1011",,,,,,,"2","NO INDICATION OF INJURY","0","0","0","0","0","2","0","20","2","3","41.8660105871","-87.7287713843","POINT (-87.728771384263 41.866010587068)"
"a0ffecc65e435d478fd565dab9c7da9270817202012c48c3e642cbbd4ee9fa308e4ceef67c32785d80ebcedd9851276a54d30bd08ca642a61178563d93909001",,"2026-03-09T20:00:00.000","30","UNKNOWN","UNKNOWN","CLEAR","DARKNESS, LIGHTED ROAD","SIDESWIPE SAME DIRECTION","NOT DIVIDED",,"STRAIGHT AND LEVEL","UNKNOWN","UNKNOWN","NOT ON SCENE (DESK REPORT)","NO INJURY / DRIVE AWAY",,,,"OVER $1,500","2026-03-16T15:30:00.000","UNABLE TO DETERMINE","UNABLE TO DETERMINE","701","W","DIVISION ST","1822",,,,,,,"2","NO INDICATION OF INJURY","0","0","0","0","0","2","0","20","2","3","41.9035508559","-87.6466259397","POINT (-87.646625939698 41.903550855917)"
"1c6b7dbb3c0dc3bf7699bdd7e5ef61ba141df1d722d11b8f975c748db34ee8732523f22b7f10917e6a880b826611885957723bb14a25b5a5e98658b3e5848326",,"2026-03-09T19:58:00.000","30","NO CONTROLS","NO CONTROLS","CLEAR","DARKNESS, LIGHTED ROAD","PEDESTRIAN","NOT DIVIDED",,"STRAIGHT AND LEVEL","DRY","NO DEFECTS","ON SCENE","NO INJURY / DRIVE AWAY",,"N","Y","$500 OR LESS","2026-03-09T19:58:00.000","OPERATING VEHICLE IN ERRATIC, RECKLESS, CARELESS, NEGLIGENT OR AGGRESSIVE MANNER","OPERATING VEHICLE IN ERRATIC, RECKLESS, CARELESS, NEGLIGENT OR AGGRESSIVE MANNER","11800","S","STATE ST","522",,,,,,,"2","NO INDICATION OF INJURY","0","0","0","0","0","2","0","19","2","3","41.6798024161","-87.6228614653","POINT (-87.62286146532 41.679802416092)"
"61b2ef31bae61526393665114e89cd911ab5210e95037fa4acce44f1ea07cbcbb2e3c268a9a9e5ab1caa7ef89b67855d31f0e67d1028d69f5a916e840350145f",,"2026-03-09T19:55:00.000","30","TRAFFIC SIGNAL","UNKNOWN","UNKNOWN","UNKNOWN","REAR END","DIVIDED - W/MEDIAN (NOT RAISED)",,"STRAIGHT AND LEVEL","UNKNOWN","UNKNOWN","NOT ON SCENE (DESK REPORT)","NO INJURY / DRIVE AWAY",,,"Y","$501 - $1,500","2026-03-09T20:20:00.000","UNABLE TO DETERMINE","NOT APPLICABLE","2746","W","PRATT BLVD","2411",,,,,,,"2","NO INDICATION OF INJURY","0","0","0","0","0","2","0","19","2","3","42.0049716967","-87.6992587658","POINT (-87.699258765784 42.004971696718)"
"8685da26ba68b60ca35ac4081fb5ec97d617f8fde51194e3f03d3b8a97312dae49778444b875de77887d2798af31a090ddb4a0dac4f88211dc233d00b0e84631",,"2026-03-09T19:50:00.000","15","NO CONTROLS","NO CONTROLS","CLEAR","DAYLIGHT","PEDESTRIAN","PARKING LOT",,"STRAIGHT AND LEVEL","DRY","NO DEFECTS","NOT ON SCENE (DESK REPORT)","INJURY AND / OR TOW DUE TO CRASH",,,"Y","$500 OR LESS","2026-03-10T17:00:00.000","UNABLE TO DETERMINE","UNABLE TO DETERMINE","6809","W","BELMONT AVE","2511",,,,,,,"2","NONINCAPACITATING INJURY","1","0","0","1","0","1","0","19","2","3","41.9380422302","-87.7960924065","POINT (-87.796092406531 41.93804223023)"
"bb573e3469a79ed01f7c5a9d525db38cf4b7ff448078743b9c416c048c090bfc281d7d01b00455ab6fa7ae27153b46e3075db56f9fb2330737399cfc47b2d6f2",,"2026-03-09T19:23:00.000","20","NO CONTROLS","NO CONTROLS","CLEAR","DARKNESS","OTHER OBJECT","NOT DIVIDED",,"STRAIGHT AND LEVEL","DRY","NO DEFECTS","ON SCENE","NO INJURY / DRIVE AWAY",,"N",,"$501 - $1,500","2026-03-09T19:25:00.000","UNABLE TO DETERMINE","NOT APPLICABLE","834","W","111TH ST","2233",,,,,,,"1","NO INDICATION OF INJURY","0","0","0","0","0","1","0","19","2","3","41.6924501962","-87.6437438899","POINT (-87.643743889877 41.692450196197)"
"23c3c559486a2416029d99a772e6c2dd08b306c98c15e5b40f33eef5aa6a9584bef22849d4b82311f6040844c16b505c5a1390abe12a98d6eb1e77f462bd213b",,"2026-03-09T19:10:00.000","30","NO CONTROLS","NO CONTROLS","UNKNOWN","DARKNESS, LIGHTED ROAD","PEDALCYCLIST","DIVIDED - W/MEDIAN (NOT RAISED)",,"STRAIGHT AND LEVEL","UNKNOWN","UNKNOWN","NOT ON SCENE (DESK REPORT)","NO INJURY / DRIVE AWAY",,,"Y","OVER $1,500","2026-03-09T19:50:00.000","OPERATING VEHICLE IN ERRATIC, RECKLESS, CARELESS, NEGLIGENT OR AGGRESSIVE MANNER","FAILING TO REDUCE SPEED TO AVOID CRASH","665","W","HUBBARD ST","1214",,,,,,,"2","NO INDICATION OF INJURY","0","0","0","0","0","2","0","19","2","3","41.8900015711","-87.6456380591","POINT (-87.645638059071 41.890001571115)"
"025a20d22028d1397a371f07d0fa71689c389f0e37814d6f37208c8293f444a63b774ac89ab386f801ac3b811295655dfff06a8b13f3a02193f387b553d51bd5",,"2026-03-09T19:00:00.000","35","NO CONTROLS","NO CONTROLS","CLEAR","DARKNESS, LIGHTED ROAD","SIDESWIPE SAME DIRECTION","NOT DIVIDED",,"STRAIGHT AND LEVEL","DRY","NO DEFECTS",,"NO INJURY / DRIVE AWAY",,,,"OVER $1,500","2026-03-10T08:00:00.000","IMPROPER LANE USAGE","NOT APPLICABLE","7600","N","SHERIDAN RD","2422",,,,,,,"2","NO INDICATION OF INJURY","0","0","0","0","0","2","0","19","2","3","42.0192762315","-87.6661973884","POINT (-87.666197388437 42.019276231472)"
"551b2ac4116bcfd8e08f7bcf874886cbfe9fec3d5009b0acd0b263fc3cdfd0e6d30566011fe05768eff8b5ef41c7a8098a847592e8e0d939d84d8f36a3f734e5",,"2026-03-09T19:00:00.000","25","NO CONTROLS","NO CONTROLS","CLEAR","DAYLIGHT","SIDESWIPE SAME DIRECTION","NOT DIVIDED",,"STRAIGHT AND LEVEL","DRY","NO DEFECTS","NOT ON SCENE (DESK REPORT)","NO INJURY / DRIVE AWAY",,,"Y","OVER $1,500","2026-03-10T15:02:00.000","IMPROPER OVERTAKING/PASSING","NOT APPLICABLE","7411","S","JEFFERY BLVD","333",,,,,,,"2","NO INDICATION OF INJURY","0","0","0","0","0","2","0","19","2","3","41.7603475283","-87.5760272363","POINT (-87.576027236294 41.760347528321)"
"3e251f4964c5261a2d13e6429fa357b11bb74beeb5ffec092cade715dc0e826123932342ff36ee6f017846bea9b6b7b433a384289e93fe49a231c9ca3514b079",,"2026-03-09T18:48:00.000","30","NO CONTROLS","NO CONTROLS","CLEAR","DAYLIGHT","FIXED OBJECT","ONE-WAY",,"STRAIGHT AND LEVEL","DRY","UNKNOWN","ON SCENE","INJURY AND / OR TOW DUE TO CRASH",,"Y",,"OVER $1,500","2026-03-09T18:55:00.000","EQUIPMENT - VEHICLE CONDITION","UNABLE TO DETERMINE","2315","N","LOREL AVE","2515",,,,,,,"1","NO INDICATION OF INJURY","0","0","0","0","0","2","0","18","2","3","41.9227233406","-87.7596459997","POINT (-87.759645999667 41.922723340608)"
"62fc4a3d5f39b5dc1143d3982a8da1b27173c1694a7991945e8499f42e6b6e0a14fe4bb4ce9e61d89f8e0c117db48031dc73249b48d5d8c743d36f6dda78446f",,"2026-03-09T18:47:00.000","30","TRAFFIC SIGNAL","FUNCTIONING PROPERLY","CLEAR","DAYLIGHT","SIDESWIPE SAME DIRECTION","ONE-WAY",,"STRAIGHT AND LEVEL","DRY","NO DEFECTS","ON SCENE","NO INJURY / DRIVE AWAY",,,,"OVER $1,500","2026-03-09T18:51:00.000","FAILING TO YIELD RIGHT-OF-WAY","UNABLE TO DETERMINE","201","S","DEARBORN ST","113",,,,,,,"2","NO INDICATION OF INJURY","0","0","0","0","0","5","0","18","2","3","41.8793758384","-87.6292039019","POINT (-87.629203901922 41.879375838435)"
"d5cfdaa89bdf9bb330112a4cd24e665d1fba994f46da04edc16171eca7ed5146a3b9b0d7c4988afda741eb2802a1accdad964ef660b7aaf7de7f2445f988c26d",,"2026-03-09T18:45:00.000","20","NO CONTROLS","NO CONTROLS","CLEAR","DAYLIGHT","REAR END","DIVIDED - W/MEDIAN BARRIER",,"STRAIGHT AND LEVEL","DRY","NO DEFECTS","ON SCENE","INJURY AND / OR TOW DUE TO CRASH",,,,"OVER $1,500","2026-03-09T18:45:00.000","UNABLE TO DETERMINE","UNABLE TO DETERMINE","4318","W","CERMAK RD","1012",,,,,,,"2","REPORTED, NOT EVIDENT","1","0","0","0","1","1","0","18","2","3","41.8515320337","-87.7329148055","POINT (-87.732914805544 41.851532033741)"
"e0c5cb198a77750c187209626e3f37db0dd4f93b6e2905a9b95910508899befd02dcd0601c1c92d6815a37f69f5e2c0eba9ab4348160a9f14b352bfb4c7dcb0c",,"2026-03-09T18:45:00.000","30","TRAFFIC SIGNAL","UNKNOWN","CLEAR","DUSK","REAR END","FOUR WAY",,"STRAIGHT AND LEVEL","DRY","UNKNOWN","ON SCENE","NO INJURY / DRIVE AWAY",,,,"OVER $1,500","2026-03-09T18:50:00.000","DRIVING SKILLS/KNOWLEDGE/EXPERIENCE","NOT APPLICABLE","6300","S","DR MARTIN LUTHER KING JR DR","312",,,,,,,"2","NO INDICATION OF INJURY","0","0","0","0","0","2","0","18","2","3","41.7802113218","-87.6157682918","POINT (-87.615768291828 41.780211321839)"
"0607d9707703bd64f5ac7e1d803ec66f064d4dc158d5ec0ef3a1bcbfb76e91e664e3b987bc7847c2f98c036baf6181192712d3d39c1ced5f74b1c3d923595744",,"2026-03-09T18:40:00.000","35","NO CONTROLS","NO CONTROLS","CLEAR","DUSK","REAR END","DIVIDED - W/MEDIAN BARRIER",,"STRAIGHT AND LEVEL","DRY","NO DEFECTS","ON SCENE","INJURY AND / OR TOW DUE TO CRASH",,,"Y","OVER $1,500","2026-03-09T18:54:00.000","OPERATING VEHICLE IN ERRATIC, RECKLESS, CARELESS, NEGLIGENT OR AGGRESSIVE MANNER","NOT APPLICABLE","10632","S","HALSTED ST","2233","N","Y",,,,,"2","NO INDICATION OF INJURY","0","0","0","0","0","5","0","18","2","3","41.7004623918","-87.6427793211","POINT (-87.642779321104 41.700462391816)"
"25874c7b4b4ce1506da37a635375c3e61fac0dfeb4bd0b9a3b0015876fc40c6e3578fbd4a6d5a6945d5a605635e0e906e1f139cb0b9201cdf13c8075635c62ee",,"2026-03-09T18:34:00.000","30","STOP SIGN/FLASHER","FUNCTIONING PROPERLY","CLEAR","DUSK","TURNING","T-INTERSECTION",,"STRAIGHT AND LEVEL","DRY","NO DEFECTS","ON SCENE","NO INJURY / DRIVE AWAY","Y",,,"OVER $1,500","2026-03-09T18:36:00.000","FAILING TO YIELD RIGHT-OF-WAY","NOT APPLICABLE","7200","S","HALSTED ST","733","Y",,,,,,"2","NO INDICATION OF INJURY","0","0","0","0","0","2","0","18","2","3","41.763290088","-87.6445109252","POINT (-87.644510925186 41.763290088045)"
"51d637967b6cf783a07d5fe717edccad21b658b347c02a3c35157b80c44b4c0b41c7e20a58aef0a3cabc30650544cf3f9ab6520d5a09f18810fbd78f4833282f","Y","2026-03-09T18:30:00.000","30","NO CONTROLS","NO CONTROLS","CLEAR","DARKNESS, LIGHTED ROAD","PARKED MOTOR VEHICLE","NOT DIVIDED",,"STRAIGHT AND LEVEL","DRY","NO DEFECTS","NOT ON SCENE (DESK REPORT)","INJURY AND / OR TOW DUE TO CRASH",,,,"OVER $1,500","2026-03-09T19:23:00.000","DRIVING SKILLS/KNOWLEDGE/EXPERIENCE","NOT APPLICABLE","2412","N","NORMANDY AVE","2512",,,,,,,"2","NONINCAPACITATING INJURY","1","0","0","1","0","0","0","18","2","3","41.9240474001","-87.7929548423","POINT (-87.792954842319 41.924047400114)"
"47e8fa2b3a628da3297f363dfc758b051cefc5d3bb108fb8209a29743ec7130b5e0c7dc46970846b26824624cfcc22a1f373746720c81fac38c3094416d7eff6",,"2026-03-09T18:24:00.000","30","TRAFFIC SIGNAL","FUNCTIONING PROPERLY","CLEAR","DAYLIGHT","SIDESWIPE SAME DIRECTION","DIVIDED - W/MEDIAN BARRIER",,"STRAIGHT AND LEVEL","DRY","NO DEFECTS","ON SCENE","NO INJURY / DRIVE AWAY",,,"Y","$500 OR LESS","2026-03-09T18:30:00.000","IMPROPER LANE USAGE","IMPROPER LANE USAGE","1198","S","MICHIGAN AVE","123",,,,,,,"2","NO INDICATION OF INJURY","0","0","0","0","0","2","0","18","2","3","41.8675023817","-87.6242752602","POINT (-87.624275260194 41.867502381675)"
"2a201591db140acc4e8c159638906d99f71eeb0b80d2fd925eba4599edcca1c0c477ddb03d787a277b3648d93f75ae6b3afc2185fe532ea5baf444eb095f8388",,"2026-03-09T18:18:00.000","30","NO CONTROLS","NO CONTROLS","CLEAR","DUSK","TURNING","NOT DIVIDED",,"STRAIGHT AND LEVEL","DRY","NO DEFECTS","ON SCENE","INJURY AND / OR TOW DUE TO CRASH",,,,"OVER $1,500","2026-03-09T18:29:00.000","UNABLE TO DETERMINE","UNABLE TO DETERMINE","6809","W","BELMONT AVE","2511",,,,,,,"2","REPORTED, NOT EVIDENT","1","0","0","0","1","1","0","18","2","3","41.9380422302","-87.7960924065","POINT (-87.796092406531 41.93804223023)"
"35efe86a7f8d4e49ff8c6a617b04a13884129e0a8ae008af41c242c704480f513e3e60e7b2810200d4f6563116f9b2e15e6f8b3a4b195e9c3e8292e7aad11c0e",,"2026-03-09T18:16:00.000","30","NO CONTROLS","NO CONTROLS","CLEAR","DARKNESS, LIGHTED ROAD","PEDALCYCLIST","NOT DIVIDED",,"STRAIGHT AND LEVEL","DRY","NO DEFECTS","NOT ON SCENE (DESK REPORT)","INJURY AND / OR TOW DUE TO CRASH",,,,"OVER $1,500","2026-03-09T18:18:00.000","IMPROPER OVERTAKING/PASSING","IMPROPER OVERTAKING/PASSING","5914","S","KEDZIE AVE","822",,,,,,,"2","NONINCAPACITATING INJURY","1","0","0","1","0","1","0","18","2","3","41.7857718649","-87.7034830411","POINT (-87.703483041068 41.78577186492)"
"9a0f81f3cb8d00770ddaea5b7fdd6dab9fc8e7de88ab3945da5d062735a0c1d2862ce99d42b90c9b5833487b1c89892522a13f806d79188a6d942ae3d976561d",,"2026-03-09T18:15:00.000","35","NO CONTROLS","NO CONTROLS","CLEAR","DAYLIGHT","SIDESWIPE SAME DIRECTION","NOT DIVIDED",,"STRAIGHT AND LEVEL","DRY","NO DEFECTS","ON SCENE","NO INJURY / DRIVE AWAY",,,,"OVER $1,500","2026-03-09T18:18:00.000","IMPROPER LANE USAGE","NOT APPLICABLE","7005","W","63RD ST","812",,,,,,,"2","NO INDICATION OF INJURY","0","0","0","0","0","2","0","18","2","3","41.7772941512","-87.7962388527","POINT (-87.796238852721 41.777294151154)"
"a40782b77757193c3b2c5054acc2bd56ad108c3a8b90bbd6e4989c9fd82e72fca70ec77f416934824454f7cc27553672c69a4c7b0753982edfe95952ac2bfba4",,"2026-03-09T18:14:00.000","30","NO CONTROLS","NO CONTROLS","CLEAR","DAYLIGHT","PARKED MOTOR VEHICLE","OTHER",,"STRAIGHT AND LEVEL","DRY","UNKNOWN","NOT ON SCENE (DESK REPORT)","NO INJURY / DRIVE AWAY",,,,"OVER $1,500","2026-03-09T20:00:00.000","DISTRACTION - FROM INSIDE VEHICLE","UNABLE TO DETERMINE","125","N","MAY ST","1224",,,,,,,"2","NO INDICATION OF INJURY","0","0","0","0","0","4","0","18","2","3","41.8837516572","-87.6554420785","POINT (-87.655442078523 41.883751657203)"
"0f2dba1557ec3d3b1f645aa77ddb6bfd2bc41bfc281b8d0a1dae21e2772ef4874dbd1d211ade5e292ec0f89cb30ed785efa947f58cc5a9df9e8637564c28e9ab",,"2026-03-09T18:06:00.000","30","NO CONTROLS","NO CONTROLS","CLEAR","DAYLIGHT","TURNING","NOT DIVIDED",,"STRAIGHT AND LEVEL","UNKNOWN","UNKNOWN","ON SCENE","INJURY AND / OR TOW DUE TO CRASH","Y",,,"$501 - $1,500","2026-03-09T18:06:00.000","NOT APPLICABLE","NOT APPLICABLE","2330","W","FULTON ST","1223",,,,,,,"2","REPORTED, NOT EVIDENT","1","0","0","0","1","1","0","18","2","3","41.8867520393","-87.6852954209","POINT (-87.685295420914 41.886752039313)"
"5fd2aff00ea51d5e7ce51bb3098262298106998027e30d985160d7e70cdcd0a668d9fa4562494abbfb9483822288768ba3000811a7f79a7a75e398d87abe34b6",,"2026-03-09T18:00:00.000","30","NO CONTROLS","NO CONTROLS","CLEAR","DAYLIGHT","PARKED MOTOR VEHICLE","NOT DIVIDED",,"STRAIGHT AND LEVEL","DRY","NO DEFECTS","NOT ON SCENE (DESK REPORT)","NO INJURY / DRIVE AWAY",,,"Y","OVER $1,500","2026-03-10T18:20:00.000","UNABLE TO DETERMINE","NOT APPLICABLE","4815","N","CENTRAL PARK AVE","1712",,,,,,,"2","NO INDICATION OF INJURY","0","0","0","0","0","1","0","18","2","3","41.9688368203","-87.7181208207","POINT (-87.718120820664 41.968836820321)"
"7fd3eac2963424bbb5841765386fa9df9d28ff74c3f8f307e88a5a77cdea47e4c7639b6e566008bb26287b40a8a5b028b6629948adc1b4511ee4fda6c775724d",,"2026-03-09T18:00:00.000","35","NO CONTROLS","NO CONTROLS","CLEAR","DAYLIGHT","REAR END","NOT DIVIDED",,"STRAIGHT AND LEVEL","DRY","NO DEFECTS",,"INJURY AND / OR TOW DUE TO CRASH",,,,"OVER $1,500","2026-03-09T18:00:00.000","UNABLE TO DETERMINE","NOT APPLICABLE","9500","S","AVENUE M","432",,,,,,,"2","REPORTED, NOT EVIDENT","2","0","0","0","2","0","0","18","2","3","41.7228473602","-87.5378556429","POINT (-87.537855642905 41.722847360184)"
"ac8933eea9ea3c891fc0276ae86065c0bf10e3f3df020d9d7c35f1541d069b588ac86fcc1f7491c7640aaa16b8f2653c3ba397f5426a7a54cb42ade095173aab",,"2026-03-09T17:53:00.000","30","TRAFFIC SIGNAL","UNKNOWN","CLEAR","DAYLIGHT","PEDESTRIAN","DIVIDED - W/MEDIAN (NOT RAISED)",,"STRAIGHT ON GRADE","DRY","UNKNOWN","ON SCENE","INJURY AND / OR TOW DUE TO CRASH","Y",,"Y","$500 OR LESS","2026-03-09T18:20:00.000","UNABLE TO DETERMINE","NOT APPLICABLE","3400","W","CHICAGO AVE","1121",,,,,,,"2","REPORTED, NOT EVIDENT","1","0","0","0","1","1","0","17","2","3","41.8956158505","-87.7114985896","POINT (-87.711498589633 41.895615850546)"
"3f41450583346db777290890931cd1032c3cc7b20fd489dd037c75564ba2f2bd65cd13e83e9a051a8b330f33285ecc9973bd3aa55ca81cc6c85f4f38e9298459",,"2026-03-09T17:50:00.000","30","NO CONTROLS","NO CONTROLS","CLEAR","DAYLIGHT","PEDALCYCLIST","NOT DIVIDED",,"STRAIGHT AND LEVEL","DRY","NO DEFECTS","ON SCENE","INJURY AND / OR TOW DUE TO CRASH",,,,"$501 - $1,500","2026-03-09T17:55:00.000","UNABLE TO DETERMINE","UNABLE TO DETERMINE","3855","N","ELSTON AVE","1732",,,"Y",,,,"2","NONINCAPACITATING INJURY","1","0","0","1","0","1","0","17","2","3","41.9514504264","-87.7156619194","POINT (-87.715661919354 41.951450426419)"