"crash_record_id","crash_date_est_i","crash_date","posted_speed_limit","traffic_control_device","device_condition","weather_condition","lighting_condition","first_crash_type","trafficway_type","lane_cnt","alignment","roadway_surface_cond","road_defect","report_type","crash_type","intersection_related_i","private_property_i","hit_and_run_i","damage","date_police_notified","prim_contributory_cause","sec_contributory_cause","street_no","street_direction","street_name","beat_of_occurrence","photos_taken_i","statements_taken_i","dooring_i","work_zone_i","work_zone_type","workers_present_i","num_units","most_severe_injury","injuries_total","injuries_fatal","injuries_incapacitating","injuries_non_incapacitating","injuries_reported_not_evident","injuries_no_indication","injuries_unknown","crash_hour","crash_day_of_week","crash_month","latitude","longitude","location"
"8521ff441dd77d0db0684eee531c2d894571bc84110deb98e1bbca6a20f038d17880920c30dd13018b6d497a622ccbc124b7cd4c01ff57c1e7ee89c17df1b086","Y","2026-03-09T17:50:00.000","30","NO CONTROLS","NO CONTROLS","CLEAR","DAYLIGHT","PARKED MOTOR VEHICLE","NOT DIVIDED",,"STRAIGHT AND LEVEL","DRY","NO DEFECTS","NOT ON SCENE (DESK REPORT)","NO INJURY / DRIVE AWAY",,,"Y","OVER $1,500","2026-03-09T18:05:00.000","UNABLE TO DETERMINE","NOT APPLICABLE","6555","N","LAKEWOOD AVE","2432",,,,,,,"2","NO INDICATION OF INJURY","0","0","0","0","0","1","0","17","2","3","42.0016378031","-87.6633624218","POINT (-87.663362421842 42.001637803126)"
"b1a0a5c052c4301c284b590855f3a89e48636a4ef073742490495cd94b9246f3f290641600e0a5790d6bf69e64280b38e204b81a8bb5f3429d3d54423e312df5",,"2026-03-09T17:50:00.000","30","NO CONTROLS","NO CONTROLS","CLEAR","DAYLIGHT","PEDALCYCLIST","NOT DIVIDED",,"STRAIGHT AND LEVEL","DRY","NO DEFECTS","NOT ON SCENE (DESK REPORT)","INJURY AND / OR TOW DUE TO CRASH",,,,"$501 - $1,500","2026-03-09T19:00:00.000","FAILING TO YIELD RIGHT-OF-WAY","NOT APPLICABLE","3526","N","LINCOLN AVE","1922",,,"Y",,,,"2","NONINCAPACITATING INJURY","1","0","0","1","0","1","0","17","2","3","41.94586018","-87.6731445333","POINT (-87.673144533335 41.945860179995)"
"cad090d46b0903841a0e210c348b3a4339ee38ca444c71eb591ed4f206858749e17511693c113b4f3962cd7fa4e92cdae993a7d26d3c32f4d7dab794ea8e7773",,"2026-03-09T17:45:00.000","10","NO CONTROLS","NO CONTROLS","CLEAR","DAYLIGHT","PARKED MOTOR VEHICLE","PARKING LOT",,"STRAIGHT AND LEVEL","DRY","NO DEFECTS","NOT ON SCENE (DESK REPORT)","NO INJURY / DRIVE AWAY",,,,"OVER $1,500","2026-03-09T18:40:00.000","DRIVING SKILLS/KNOWLEDGE/EXPERIENCE","NOT APPLICABLE","4343","S","PULASKI RD","821",,,,,,,"2","NO INDICATION OF INJURY","0","0","0","0","0","1","0","17","2","3","41.8139143113","-87.7236649419","POINT (-87.723664941947 41.813914311347)"
"4b03b6e7a53c6bfb1d5d78b5ef924867ccd473ba2dfae4848e58041e61fbc81cdadcea65543048ca773be606280abbeda43ca206b0b70369eed2ab00398aa983",,"2026-03-09T17:40:00.000","30","NO CONTROLS","NO CONTROLS","CLEAR","DAYLIGHT","ANGLE","T-INTERSECTION",,"STRAIGHT AND LEVEL","DRY","NO DEFECTS","ON SCENE","INJURY AND / OR TOW DUE TO CRASH",,,,"OVER $1,500","2026-03-09T17:40:00.000","OPERATING VEHICLE IN ERRATIC, RECKLESS, CARELESS, NEGLIGENT OR AGGRESSIVE MANNER","UNABLE TO DETERMINE","812","N","HOMAN AVE","1121",,,,,,,"4","NO INDICATION OF INJURY","0","0","0","0","0","3","0","17","2","3","41.8959042933","-87.7115963189","POINT (-87.711596318905 41.895904293296)"
"24038be4b582e0d9700f886e2c8cc386a721ff3d78437c26170a71eebd1754db045a675efd730eb29a978197274cda9f4100240f250f382c80b16bf4c6d39885",,"2026-03-09T17:36:00.000","15","NO CONTROLS","NO CONTROLS","CLEAR","DAYLIGHT","PARKED MOTOR VEHICLE","NOT DIVIDED",,"STRAIGHT AND LEVEL","DRY","NO DEFECTS","ON SCENE","INJURY AND / OR TOW DUE TO CRASH",,,,"OVER $1,500","2026-03-09T17:55:00.000","NOT APPLICABLE","NOT APPLICABLE","1599","E","52ND ST","234",,,,,,,"2","NO INDICATION OF INJURY","0","0","0","0","0","2","0","17","2","3","41.8009182886","-87.5875832037","POINT (-87.587583203731 41.800918288622)"
"33f7dae81b92b8b7d89315921afc10da8f07f9d86bd40fe64b4bc514479b3fbca0a0465bafb2263fff88f9071961a4ba72efeb8875dc23d3663593d56cf04976",,"2026-03-09T17:35:00.000","20","TRAFFIC SIGNAL","FUNCTIONING PROPERLY","CLEAR","DAYLIGHT","REAR END","NOT DIVIDED",,"STRAIGHT AND LEVEL","DRY","UNKNOWN","ON SCENE","NO INJURY / DRIVE AWAY",,,,"OVER $1,500","2026-03-09T17:52:00.000","IMPROPER OVERTAKING/PASSING","NOT APPLICABLE","401","N","MICHIGAN AVE","1834",,,,,,,"2","NO INDICATION OF INJURY","0","0","0","0","0","2","0","17","2","3","41.8893542519","-87.6241024562","POINT (-87.624102456243 41.889354251928)"
"5f4ffd78992aa5e4a44e71df95d1f6d430cc7071087d25a35c871188389dcf611aff6998a88ef1fc2c37bd553fec2af122cb62522006ac781bda1f499d8e5027",,"2026-03-09T17:30:00.000","10","NO CONTROLS","NO CONTROLS","CLEAR","DAYLIGHT","PEDALCYCLIST","ALLEY",,"STRAIGHT AND LEVEL","DRY","NO DEFECTS","ON SCENE","INJURY AND / OR TOW DUE TO CRASH",,,,"$500 OR LESS","2026-03-09T17:45:00.000","UNABLE TO DETERMINE","NOT APPLICABLE","2415","W","99TH ST","2211",,"Y","N",,,,"2","REPORTED, NOT EVIDENT","1","0","0","0","1","1","0","17","2","3","41.7135569806","-87.6825270757","POINT (-87.682527075662 41.713556980633)"
"b268e10f00633b0c03444da57389a255cb5f6417c44bee50111dbd51f7e6e770c778d9fc8be645c6fb340f200439f70b7bfd81693fd4c79b87e8309ee92a1926",,"2026-03-09T17:30:00.000","30","TRAFFIC SIGNAL","FUNCTIONING PROPERLY","CLEAR","DAYLIGHT","SIDESWIPE SAME DIRECTION","DIVIDED - W/MEDIAN (NOT RAISED)",,"STRAIGHT AND LEVEL","DRY","NO DEFECTS","NOT ON SCENE (DESK REPORT)","NO INJURY / DRIVE AWAY","Y",,"Y","OVER $1,500","2026-03-10T17:40:00.000","UNABLE TO DETERMINE","NOT APPLICABLE","8909","S","OGLESBY AVE","413",,,,,,,"2","NO INDICATION OF INJURY","0","0","0","0","0","2","0","17","2","3","41.7332119491","-87.5669705515","POINT (-87.566970551471 41.733211949081)"
"ed2eb316eaa724a587fa09f4834b11fe8d1528f0d3895798e8e2bda4e32dc10d03f2055460d218d888a86f6210175b757896394f3ed465b2860c582096a064c1",,"2026-03-09T17:30:00.000","30","NO CONTROLS","NO CONTROLS","CLEAR","DAYLIGHT","ANGLE","NOT DIVIDED",,"STRAIGHT AND LEVEL","DRY","NO DEFECTS","NOT ON SCENE (DESK REPORT)","NO INJURY / DRIVE AWAY",,,,"OVER $1,500","2026-03-10T17:35:00.000","UNABLE TO DETERMINE","UNABLE TO DETERMINE","5155","S","PULASKI RD","822",,,,,,,"2","NO INDICATION OF INJURY","0","0","0","0","0","2","0","17","2","3","41.7989096071","-87.7231780186","POINT (-87.723178018595 41.798909607107)"
"0a8d14f7da63c7a9e0dce6e85d87f3b3ccfef463a85132e19716e73cc5587af63217c05a0563e8d342c61a8d1d55194ab4cc685e826bd6d162618df63ba66eac",,"2026-03-09T17:21:00.000","30","NO CONTROLS","NO CONTROLS","CLEAR","DAYLIGHT","REAR END","NOT DIVIDED",,"STRAIGHT AND LEVEL","DRY","NO DEFECTS","ON SCENE","NO INJURY / DRIVE AWAY",,,,"OVER $1,500","2026-03-09T17:22:00.000","FOLLOWING TOO CLOSELY","DRIVING SKILLS/KNOWLEDGE/EXPERIENCE","798","E","87TH ST","632",,"Y",,,,,"2","NO INDICATION OF INJURY","0","0","0","0","0","2","0","17","2","3","41.7367587139","-87.6048594111","POINT (-87.604859411063 41.736758713884)"
"24aadf0e4781f4fe07ed681d0e80b4ca3683257facb724a50444dadbaa5ef76e656853d147705741e7ba77378783bbddb5089a048aea1b47ef7f6d7218721c10",,"2026-03-09T17:20:00.000","30","NO CONTROLS","NO CONTROLS","UNKNOWN","DAYLIGHT","REAR END","DIVIDED - W/MEDIAN (NOT RAISED)",,"STRAIGHT AND LEVEL","UNKNOWN","NO DEFECTS","NOT ON SCENE (DESK REPORT)","NO INJURY / DRIVE AWAY",,,"Y","OVER $1,500","2026-03-09T18:45:00.000","UNABLE TO DETERMINE","NOT APPLICABLE","5130","W","NORTH AVE","2533",,,,,,,"2","NO INDICATION OF INJURY","0","0","0","0","0","2","0","17","2","3","41.9096357503","-87.7538981293","POINT (-87.753898129309 41.909635750314)"
"f364143a97807574d91150251c2592da6ded843e2d7ab419e661b146321053b1a468b81cf5d242df9f4613e611ee9509182f566b951f0ac1812eab30df0f4565",,"2026-03-09T17:20:00.000","30","STOP SIGN/FLASHER","FUNCTIONING PROPERLY","CLEAR","DAYLIGHT","ANGLE","T-INTERSECTION",,"STRAIGHT AND LEVEL","DRY","NO DEFECTS","NOT ON SCENE (DESK REPORT)","NO INJURY / DRIVE AWAY",,,"Y","OVER $1,500","2026-03-09T18:00:00.000","FAILING TO YIELD RIGHT-OF-WAY","UNABLE TO DETERMINE","801","S","CICERO AVE","1131",,,,,,,"2","NO INDICATION OF INJURY","0","0","0","0","0","2","0","17","2","3","41.8703663777","-87.7447504925","POINT (-87.744750492544 41.870366377658)"
"1d0ce4162d4983bc76417eee4799b69c44d6eef6a42e4f4d99681d958eb7e0c524da9411f4ef3eec231aaada8224bc8c42e5a65fce97ddf8a80e7890377179b1",,"2026-03-09T17:17:00.000","30","TRAFFIC SIGNAL","FUNCTIONING PROPERLY","CLEAR","DAYLIGHT","TURNING","FOUR WAY",,"STRAIGHT AND LEVEL","DRY","NO DEFECTS","ON SCENE","NO INJURY / DRIVE AWAY","Y",,,"OVER $1,500","2026-03-09T17:39:00.000","FAILING TO REDUCE SPEED TO AVOID CRASH","UNABLE TO DETERMINE","4398","W","MARQUETTE RD","833",,,,,,,"2","NO INDICATION OF INJURY","0","0","0","0","0","2","0","17","2","3","41.7713702976","-87.7322684283","POINT (-87.732268428315 41.771370297592)"
"822a146e105f2a016b275c6cce0f0601bc2f0d969296e18c31e292c3ebcdb3d9d92f2abd6567e2928f674772d69a02fa676ff61e746215082015cacbe664c05e",,"2026-03-09T17:15:00.000","30","NO CONTROLS","NO CONTROLS","CLEAR","DAYLIGHT","SIDESWIPE SAME DIRECTION","DIVIDED - W/MEDIAN (NOT RAISED)",,"STRAIGHT AND LEVEL","DRY","NO DEFECTS","NOT ON SCENE (DESK REPORT)","NO INJURY / DRIVE AWAY","Y",,,"OVER $1,500","2026-03-09T17:55:00.000","DRIVING SKILLS/KNOWLEDGE/EXPERIENCE","UNABLE TO DETERMINE","4030","W","LAWRENCE AVE","1712",,,,,,,"2","NO INDICATION OF INJURY","0","0","0","0","0","2","0","17","2","3","41.9683371787","-87.7293237464","POINT (-87.729323746383 41.968337178688)"
"fd38678c067c2cfd3db72a638648afc1f6ad8cad7f37e0f8b9e5912821bb14341dcf36460789efca67904a94faf1be4bc4ee1e75eb1aaa611acd479488d4076e",,"2026-03-09T17:12:00.000","30","NO CONTROLS","NO CONTROLS","CLEAR","DAYLIGHT","PARKED MOTOR VEHICLE","NOT DIVIDED",,"STRAIGHT AND LEVEL","DRY","NO DEFECTS","ON SCENE","INJURY AND / OR TOW DUE TO CRASH",,,,"OVER $1,500","2026-03-09T17:13:00.000","IMPROPER LANE USAGE","NOT APPLICABLE","31","N","HAMLIN BLVD","1122",,,,,,,"2","NO INDICATION OF INJURY","0","0","0","0","0","2","0","17","2","3","41.881781664","-87.7206696947","POINT (-87.72066969469 41.88178166401)"
"6b7a089755e819be3cf3953164d5b1db6c50b8088baf25b1e5fd80af79bd2e47957f3cc5e71b50ff2739b896871377ee12207a9928315f00cbd2fb5e0998461c","Y","2026-03-09T17:10:00.000","30","TRAFFIC SIGNAL","FUNCTIONING PROPERLY","CLEAR","DAYLIGHT","REAR END","NOT DIVIDED",,"STRAIGHT AND LEVEL","DRY","NO DEFECTS","NOT ON SCENE (DESK REPORT)","NO INJURY / DRIVE AWAY",,,,"$501 - $1,500","2026-03-09T17:20:00.000","UNABLE TO DETERMINE","NOT APPLICABLE","2700","N","WOLCOTT AVE","1931",,,,,,,"2","NO INDICATION OF INJURY","0","0","0","0","0","2","0","17","2","3","41.9301829893","-87.6754948744","POINT (-87.67549487436 41.930182989348)"
"4c4985d2d2732297bc6bc55636f5f6f21519c6cfaedae0a7a1ec7699dae851e1537367bee11c43a8a4362c2544c9635bb85336a6cc571cfbb9312643c6ff8755",,"2026-03-09T17:09:00.000","30","TRAFFIC SIGNAL","NO CONTROLS","CLEAR","DAYLIGHT","REAR END","NOT DIVIDED",,"STRAIGHT AND LEVEL","DRY","NO DEFECTS","NOT ON SCENE (DESK REPORT)","NO INJURY / DRIVE AWAY",,,"Y","$501 - $1,500","2026-03-09T17:09:00.000","FOLLOWING TOO CLOSELY","FOLLOWING TOO CLOSELY","1932","W","MARQUETTE RD","726",,,,,,,"2","NO INDICATION OF INJURY","0","0","0","0","0","2","0","17","2","3","41.7721988663","-87.6725681712","POINT (-87.672568171188 41.772198866345)"
"7e0a5f32abbe7b4dd60eb4513b617ba54e573a6259327880528efb12f4166e567623b9094fd410768d60a1dbf55a37f5d6a57d528e3f80d77bb65ae16130084c",,"2026-03-09T17:02:00.000","30","TRAFFIC SIGNAL","FUNCTIONING PROPERLY","CLEAR","DAYLIGHT","TURNING","Y-INTERSECTION",,"STRAIGHT AND LEVEL","DRY","UNKNOWN","ON SCENE","INJURY AND / OR TOW DUE TO CRASH",,,,"OVER $1,500","2026-03-09T17:04:00.000","FAILING TO REDUCE SPEED TO AVOID CRASH","NOT APPLICABLE","6300","S","CICERO AVE","813",,,,,,,"3","REPORTED, NOT EVIDENT","2","0","0","0","2","1","0","17","2","3","41.7783353905","-87.7424364942","POINT (-87.74243649416 41.778335390453)"
"1ddc141b822b9ce949f427bb3e956b0abd33d35efdaf12eb4f26a34e4a16f62306615432f236eb4c5cc01a096c21150054e5d22408dfaf2316c1bde00ebec083",,"2026-03-09T17:00:00.000","5","NO CONTROLS","NO CONTROLS","CLEAR","DAYLIGHT","PARKED MOTOR VEHICLE","PARKING LOT",,"STRAIGHT AND LEVEL","DRY","UNKNOWN","NOT ON SCENE (DESK REPORT)","NO INJURY / DRIVE AWAY",,,"Y","OVER $1,500","2026-03-10T17:45:00.000","UNABLE TO DETERMINE","UNABLE TO DETERMINE","133","E","75TH ST","623",,,,,,,"2","NO INDICATION OF INJURY","0","0","0","0","0","1","0","17","2","3","41.7582084447","-87.6200884401","POINT (-87.620088440116 41.758208444749)"
"743e2920a649bb953bce8c8839693a5596b5cfa1c52c95073e5ab75b62cfb6d28aca6663bd4a15da565af6e0e6a37160c631d8b031f272755f6f34165f1eca75",,"2026-03-09T17:00:00.000","30","STOP SIGN/FLASHER","FUNCTIONING PROPERLY","CLEAR","DAYLIGHT","ANGLE","NOT DIVIDED",,"STRAIGHT AND LEVEL","DRY","NO DEFECTS","ON SCENE","NO INJURY / DRIVE AWAY",,,,"OVER $1,500","2026-03-09T17:15:00.000","FAILING TO YIELD RIGHT-OF-WAY","UNABLE TO DETERMINE","1901","N","NORMANDY AVE","2513",,,,,,,"2","NO INDICATION OF INJURY","0","0","0","0","0","2","0","17","2","3","41.9146049573","-87.7923684786","POINT (-87.792368478599 41.914604957269)"
"975ec34e07df43f0082bc5fa293345fadfdc0a80f4140abce9006adb697885521e1aca0f75b6f3a3c8616a9da943d3332a007f51f9aff3580aaf1a5d831db49a",,"2026-03-09T17:00:00.000","30","NO CONTROLS","NO CONTROLS","CLEAR","DAYLIGHT","SIDESWIPE SAME DIRECTION","NOT DIVIDED",,"STRAIGHT AND LEVEL","DRY","NO DEFECTS","NOT ON SCENE (DESK REPORT)","NO INJURY / DRIVE AWAY",,,"Y","OVER $1,500","2026-03-10T12:00:00.000","FAILING TO YIELD RIGHT-OF-WAY","NOT APPLICABLE","8400","S","ASHLAND AVE","614",,,,,,,"2","NO INDICATION OF INJURY","0","0","0","0","0","3","0","17","2","3","41.7411575841","-87.6633480723","POINT (-87.663348072287 41.741157584111)"
"b5f46127990fe9304c69bf81ee8c87cfe5d2925165e2402130653a2abd476fa832ead1e4a54ecdc09c0b8b557c0497227ed3a6f8d856ec7c2686acdec38076dd",,"2026-03-09T17:00:00.000","10","NO CONTROLS","NO CONTROLS","CLEAR","DAYLIGHT","ANGLE","NOT DIVIDED",,"STRAIGHT AND LEVEL","DRY","NO DEFECTS","NOT ON SCENE (DESK REPORT)","NO INJURY / DRIVE AWAY",,,"Y","OVER $1,500","2026-03-10T13:45:00.000","IMPROPER BACKING","FOLLOWING TOO CLOSELY","200","W","19TH ST","914",,,,,,,"2","NO INDICATION OF INJURY","0","0","0","0","0","2","0","17","2","3","41.8567370495","-87.6318831301","POINT (-87.631883130099 41.856737049543)"
"5a7fe75a94f45dce1c52626041359377a2675d00a8911ca6007aecec2b232c21554c09ee81e8141e38b56d5d651dfe73fc56d3ac7c75f840ca2488e95934126d",,"2026-03-09T16:59:00.000","25","NO CONTROLS","NO CONTROLS","CLEAR","DAYLIGHT","PARKED MOTOR VEHICLE","ONE-WAY",,"STRAIGHT AND LEVEL","DRY","NO DEFECTS","ON SCENE","INJURY AND / OR TOW DUE TO CRASH",,,,"$501 - $1,500","2026-03-09T17:00:00.000","IMPROPER OVERTAKING/PASSING","DRIVING SKILLS/KNOWLEDGE/EXPERIENCE","6316","N","MOZART ST","2413",,,,,,,"2","NO INDICATION OF INJURY","0","0","0","0","0","2","0","16","2","3","41.9962823382","-87.7009552576","POINT (-87.700955257644 41.996282338223)"
"09a1adf6efcede77464b89e98c2af6bf6e541dd45e91ece68f6bf73df690e145ad584a96dbae4097b0e166a5984ea862aa996fe987e9826bb990ef866e78f478",,"2026-03-09T16:55:00.000","30","NO CONTROLS","NO CONTROLS","UNKNOWN","DAYLIGHT","PARKED MOTOR VEHICLE","DIVIDED - W/MEDIAN (NOT RAISED)",,"STRAIGHT AND LEVEL","UNKNOWN","NO DEFECTS","NOT ON SCENE (DESK REPORT)","NO INJURY / DRIVE AWAY",,,"Y","OVER $1,500","2026-03-09T18:00:00.000","UNABLE TO DETERMINE","NOT APPLICABLE","6852","W","GRAND AVE","2512",,,,,,,"2","NO INDICATION OF INJURY","0","0","0","0","0","1","0","16","2","3","41.9236920338","-87.7972865865","POINT (-87.797286586548 41.923692033844)"
"08cc594dbaa5519b9a8f09bba3e20aa6cc2c367b40ec10250c89bf8597bd62a3334a61c09155e99021f6bb709e31e855189571ff53e409479c81d9d2006513de",,"2026-03-09T16:54:00.000","30","TRAFFIC SIGNAL","FUNCTIONING PROPERLY","CLEAR","DAYLIGHT","TURNING","NOT DIVIDED",,"STRAIGHT AND LEVEL","DRY","NO DEFECTS","NOT ON SCENE (DESK REPORT)","NO INJURY / DRIVE AWAY",,,,"OVER $1,500","2026-03-09T16:56:00.000","IMPROPER TURNING/NO SIGNAL","NOT APPLICABLE","600","E","OHIO ST","1834",,,,,,,"2","NO INDICATION OF INJURY","0","0","0","0","0","2","0","16","2","3","41.8924584618","-87.6116987911","POINT (-87.61169879114 41.892458461838)"
"6bf2e5e18b647c84780eb80097212b1f2d7699494fd453e0a9bac02b20aa3e452c7b8fccb9a74cc86acc997dca43beb5a82caa55e7c5d45689e60d288f27b8c8",,"2026-03-09T16:52:00.000","30","STOP SIGN/FLASHER","OTHER","CLEAR","DAYLIGHT","ANGLE","DIVIDED - W/MEDIAN BARRIER",,"STRAIGHT AND LEVEL","DRY","NO DEFECTS","ON SCENE","INJURY AND / OR TOW DUE TO CRASH","Y",,,"OVER $1,500","2026-03-09T16:52:00.000","FAILING TO YIELD RIGHT-OF-WAY","NOT APPLICABLE","6300","S","HONORE ST","726",,,,,,,"2","NO INDICATION OF INJURY","0","0","0","0","0","2","0","16","2","3","41.7792850939","-87.6704392556","POINT (-87.67043925558 41.779285093908)"
"88dca9499d0bb1c2dc0a2a88394893a07a7f59cbd4cf3267bcb04cabce65d6446741838d6cf0bf266ebf6865e4a91c03d1c2addf92353b43ec1549ad667820cb",,"2026-03-09T16:50:00.000","35","UNKNOWN","NO CONTROLS","CLEAR","DAYLIGHT","SIDESWIPE SAME DIRECTION","DIVIDED - W/MEDIAN (NOT RAISED)",,"STRAIGHT AND LEVEL","UNKNOWN","UNKNOWN","NOT ON SCENE (DESK REPORT)","NO INJURY / DRIVE AWAY",,,,"OVER $1,500","2026-03-09T21:30:00.000","UNABLE TO DETERMINE","UNABLE TO DETERMINE","4459","W","DIVISION ST","1111",,,,,,,"3","NO INDICATION OF INJURY","0","0","0","0","0","3","0","16","2","3","41.9023644913","-87.7384005772","POINT (-87.738400577185 41.90236449125)"
"69d55a79d129b207d5e1a4a54f88b8cade6ac4d79224ba6223c2a465921c316714d5597d3403f2cf1914c03f22779823e7b7d3b2b3a695597127542e18cf9d51",,"2026-03-09T16:45:00.000","15","NO CONTROLS","NO CONTROLS","CLEAR","DAYLIGHT","PARKED MOTOR VEHICLE","OTHER",,"STRAIGHT AND LEVEL","DRY","NO DEFECTS","NOT ON SCENE (DESK REPORT)","NO INJURY / DRIVE AWAY",,"Y",,"OVER $1,500","2026-03-10T08:00:00.000","IMPROPER LANE USAGE","IMPROPER OVERTAKING/PASSING","7540","N","WESTERN AVE","2411",,,,,,,"2","NO INDICATION OF INJURY","0","0","0","0","0","2","0","16","2","3","42.0186444134","-87.6903306842","POINT (-87.69033068416 42.018644413387)"
"902655accbb902bbefa5e39580f469003ca1cab75f36b62d2dab499790f65f493fda27bae0b4ede92a1de3b1ad188b7bc3524ca2551b1f231a58477035beb494",,"2026-03-09T16:45:00.000","30","NO CONTROLS","NO CONTROLS","CLEAR","DAYLIGHT","TURNING","DIVIDED - W/MEDIAN (NOT RAISED)",,"STRAIGHT AND LEVEL","DRY","NO DEFECTS","ON SCENE","INJURY AND / OR TOW DUE TO CRASH",,,,"$501 - $1,500","2026-03-09T16:51:00.000","FAILING TO REDUCE SPEED TO AVOID CRASH","UNABLE TO DETERMINE","8698","S","STATE ST","632",,"Y",,,,,"2","NO INDICATION OF INJURY","0","0","0","0","0","2","0","16","2","3","41.7363550626","-87.6243081325","POINT (-87.624308132539 41.736355062607)"
"9e3f8573db0a79933c32c71904eab0fee0026607c0a2c656dde3d5d25424026370f35639db52b229a025c6638daa00a425293ae92156084b1aeb329d5caf8610",,"2026-03-09T16:45:00.000","30","TRAFFIC SIGNAL","FUNCTIONING PROPERLY","CLEAR","DAYLIGHT","TURNING","NOT DIVIDED",,"STRAIGHT AND LEVEL","DRY","OTHER","NOT ON SCENE (DESK REPORT)","NO INJURY / DRIVE AWAY","N",,,"OVER $1,500","2026-03-09T18:00:00.000","UNABLE TO DETERMINE","NOT APPLICABLE","4632","W","BELMONT AVE","1731",,,,,,,"2","NO INDICATION OF INJURY","0","0","0","0","0","2","0","16","2","3","41.9389826052","-87.7436091307","POINT (-87.743609130686 41.938982605201)"
"c9d2aa16833c5fe3d0fc70109f20ee83a33bfcf8b7ac1d19a3e11cefbaa62b44578283a0180a2485e5b3d7a83b76a52f57ab993f38d3330e5cac62d8bc7f7e53",,"2026-03-09T16:45:00.000","30","NO CONTROLS","NO CONTROLS","UNKNOWN","UNKNOWN","REAR END","NOT DIVIDED",,"STRAIGHT AND LEVEL","UNKNOWN","UNKNOWN","NOT ON SCENE (DESK REPORT)","NO INJURY / DRIVE AWAY",,,,"$501 - $1,500","2026-03-12T17:00:00.000","UNABLE TO DETERMINE","NOT APPLICABLE","3112","W","111TH ST","2211",,,,,,,"2","NO INDICATION OF INJURY","0","0","0","0","0","2","0","16","2","3","41.6916993133","-87.698962356","POINT (-87.698962356001 41.691699313339)"
"d261b7b89acd9ee6216c96e5e1512d00d307feb8ccbea44266f35ae5074f2e6c8d69a89e4391c5a0d5b7274044ee255a558e0db4cfbebfaba53cfb7b42ac9785",,"2026-03-09T16:45:00.000","30","TRAFFIC SIGNAL","FUNCTIONING PROPERLY","CLEAR","DAYLIGHT","REAR END","NOT DIVIDED",,"STRAIGHT AND LEVEL","DRY","NO DEFECTS","NOT ON SCENE (DESK REPORT)","NO INJURY / DRIVE AWAY",,,,"OVER $1,500","2026-03-09T17:00:00.000","UNABLE TO DETERMINE","NOT APPLICABLE","916","S","CALIFORNIA AVE","1135",,,,,,,"2","NO INDICATION OF INJURY","0","0","0","0","0","2","0","16","2","3","41.8695524812","-87.6961331003","POINT (-87.696133100334 41.869552481194)"
"ad7e4fca36a181fe2079fa96fe7483d860116292fdfb751c2c9a8a417e1a686e6e8f9e4d391bbb82572cfe6d047aa8e6036190cc683daaf22a75006e7a17478c",,"2026-03-09T16:44:00.000","20","STOP SIGN/FLASHER","FUNCTIONING PROPERLY","CLEAR","DAYLIGHT","PEDESTRIAN","NOT DIVIDED",,"STRAIGHT AND LEVEL","DRY","UNKNOWN","ON SCENE","INJURY AND / OR TOW DUE TO CRASH","Y",,"Y","$500 OR LESS","2026-03-09T16:44:00.000","DRIVING SKILLS/KNOWLEDGE/EXPERIENCE","VISION OBSCURED (SIGNS, TREE LIMBS, BUILDINGS, ETC.)","3800","N","LONG AVE","1633",,,,,,,"2","NONINCAPACITATING INJURY","1","0","0","1","0","1","0","16","2","3","41.9497366237","-87.7621104819","POINT (-87.762110481857 41.949736623652)"
"ca269c5e64bb1fa1284206c901b7705f3f78bd6177e241e8c5708fc30abb152bafa9b430d0edd0f447ae7aee887e63298536021f92196dadddc1311fe17eeb41",,"2026-03-09T16:40:00.000","5","NO CONTROLS","NO CONTROLS","CLEAR","DAYLIGHT","PARKED MOTOR VEHICLE","PARKING LOT",,"STRAIGHT AND LEVEL","DRY","NO DEFECTS","ON SCENE","NO INJURY / DRIVE AWAY",,,,"OVER $1,500","2026-03-09T17:13:00.000","DRIVING SKILLS/KNOWLEDGE/EXPERIENCE","UNABLE TO DETERMINE","2350","S","LEAVITT ST","1034",,,,,,,"2","NO INDICATION OF INJURY","0","0","0","0","0","2","0","16","2","3","41.8487675905","-87.6807978129","POINT (-87.680797812853 41.848767590537)"
"cb7d3a4abf0dfc6d8fea1547f63ffd0a784ab3b231e24bdbeab77d4e07e0302af2f34c3e205d156af11d8914bab60e72fa25c92cd81ffa73d00d7a573d7e6863",,"2026-03-09T16:40:00.000","30","NO CONTROLS","NO CONTROLS","CLEAR","DAYLIGHT","PARKED MOTOR VEHICLE","ONE-WAY",,"STRAIGHT AND LEVEL","DRY","UNKNOWN","ON SCENE","NO INJURY / DRIVE AWAY",,,"Y","OVER $1,500","2026-03-09T17:10:00.000","UNABLE TO DETERMINE","NOT APPLICABLE","6344","S","THROOP ST","724",,,,,,,"2","NO INDICATION OF INJURY","0","0","0","0","0","1","0","16","2","3","41.7782403599","-87.6570424137","POINT (-87.657042413689 41.778240359905)"
"e80c77920ba785dd438658c3710890c0c78af5f6c57b19114f96929d2da7fcefed64134237ebf67cd9a7f094dd770f93b1c6ee592587a47ae0dd1b6e7dd7ef5c",,"2026-03-09T16:39:00.000","30","NO CONTROLS","NO CONTROLS","CLEAR","DAYLIGHT","SIDESWIPE SAME DIRECTION","ONE-WAY",,"STRAIGHT AND LEVEL","DRY","NO DEFECTS","ON SCENE","NO INJURY / DRIVE AWAY",,,"Y","OVER $1,500","2026-03-09T16:51:00.000","DISTRACTION - FROM INSIDE VEHICLE","UNABLE TO DETERMINE","1515","S","RIDGEWAY AVE","1014",,,,,,,"2","NO INDICATION OF INJURY","0","0","0","0","0","2","0","16","2","3","41.8602750593","-87.7187564343","POINT (-87.718756434297 41.860275059335)"