"crash_record_id","crash_date_est_i","crash_date","posted_speed_limit","traffic_control_device","device_condition","weather_condition","lighting_condition","first_crash_type","trafficway_type","lane_cnt","alignment","roadway_surface_cond","road_defect","report_type","crash_type","intersection_related_i","private_property_i","hit_and_run_i","damage","date_police_notified","prim_contributory_cause","sec_contributory_cause","street_no","street_direction","street_name","beat_of_occurrence","photos_taken_i","statements_taken_i","dooring_i","work_zone_i","work_zone_type","workers_present_i","num_units","most_severe_injury","injuries_total","injuries_fatal","injuries_incapacitating","injuries_non_incapacitating","injuries_reported_not_evident","injuries_no_indication","injuries_unknown","crash_hour","crash_day_of_week","crash_month","latitude","longitude","location"
"726194438dd14e3e986fb1bfa2e2791ac933e798dbfa76e4e69a396b7eae5e1594114385ee72e4d14ce21dfc0e14f0cb101db237254a44d3e6f4031273cc19ad",,"2026-03-09T16:33:00.000","30","NO CONTROLS","NO CONTROLS","CLEAR","DAYLIGHT","SIDESWIPE SAME DIRECTION","DIVIDED - W/MEDIAN BARRIER",,"STRAIGHT ON GRADE","DRY","NO DEFECTS","ON SCENE","NO INJURY / DRIVE AWAY",,,,"OVER $1,500","2026-03-09T16:33:00.000","IMPROPER LANE USAGE","UNABLE TO DETERMINE","10000","W","OHARE ST","1651",,,,,,,"2","NO INDICATION OF INJURY","0","0","0","0","0","3","0","16","2","3","41.976201139","-87.9053091251","POINT (-87.905309125103 41.976201139024)"
"2eed5b0a7282d2973044a6660afef9e24449d21faf32b5d77359c70bbe6c96e178efe89468b363f609e06f3c712804aaa3125becce7e2696263ca377c74d4034",,"2026-03-09T16:30:00.000","30","NO CONTROLS","NO CONTROLS","CLEAR","DAYLIGHT","SIDESWIPE SAME DIRECTION","DIVIDED - W/MEDIAN (NOT RAISED)",,"STRAIGHT AND LEVEL","DRY","UNKNOWN","NOT ON SCENE (DESK REPORT)","NO INJURY / DRIVE AWAY",,,"Y","OVER $1,500","2026-03-09T16:40:00.000","UNABLE TO DETERMINE","UNABLE TO DETERMINE","2373","S","KOSTNER AVE","1013",,,,,,,"2","NO INDICATION OF INJURY","0","0","0","0","0","2","0","16","2","3","41.8477896877","-87.7342442082","POINT (-87.734244208158 41.847789687673)"
"d7cc33fc2de9c037295899dc1fcdfa03fbedccef455302dd8648c6e684cbf51fd107ad080279ce2ecee0140b8ce9096d8ff07e6b5a5c6d6108d52a9600a6cb6a",,"2026-03-09T16:30:00.000","30","TRAFFIC SIGNAL","FUNCTIONING PROPERLY","CLEAR","DAYLIGHT","ANGLE","DIVIDED - W/MEDIAN BARRIER",,"STRAIGHT AND LEVEL","DRY","NO DEFECTS","NOT ON SCENE (DESK REPORT)","NO INJURY / DRIVE AWAY","Y",,,"OVER $1,500","2026-03-09T17:20:00.000","FAILING TO YIELD RIGHT-OF-WAY","DISREGARDING TRAFFIC SIGNALS","9811","S","HALSTED ST","2223",,,,,,,"2","NO INDICATION OF INJURY","0","0","0","0","0","2","0","16","2","3","41.7155976016","-87.6429098586","POINT (-87.642909858635 41.715597601572)"
"12865cde0b618a072eb980739b5f38b7fe37072250539ebf344e9a71a7e1337de3d440d14bda86d9410c871009bcc482fad7948ab5b7e83cd13788d89ebbd9d4",,"2026-03-09T16:20:00.000","30","NO CONTROLS","NO CONTROLS","CLEAR","DAYLIGHT","ANGLE","DIVIDED - W/MEDIAN (NOT RAISED)",,"STRAIGHT AND LEVEL","DRY","NO DEFECTS","ON SCENE","NO INJURY / DRIVE AWAY",,,,"OVER $1,500","2026-03-09T16:21:00.000","PHYSICAL CONDITION OF DRIVER","NOT APPLICABLE","4312","W","NORTH AVE","2534",,,,,,,"2","NO INDICATION OF INJURY","0","0","0","0","0","4","0","16","2","3","41.9098912075","-87.7343027294","POINT (-87.734302729436 41.909891207502)"
"0b16fdc7602d558d979c1a14416030f08da047817e677f2879a49e2b7a06ead0cbcbdd541a661e8d90ba5ec1ac48b2a2bd6de9dbd19e32cebbd99d08649ecec8",,"2026-03-09T16:15:00.000","30","NO CONTROLS","NO CONTROLS","CLEAR","DAYLIGHT","PARKED MOTOR VEHICLE","NOT DIVIDED",,"STRAIGHT AND LEVEL","DRY","UNKNOWN","ON SCENE","NO INJURY / DRIVE AWAY",,,,"OVER $1,500","2026-03-09T16:17:00.000","UNABLE TO DETERMINE","NOT APPLICABLE","5847","S","PRINCETON AVE","711",,,,,,,"2","NO INDICATION OF INJURY","0","0","0","0","0","1","0","16","2","3","41.7876042615","-87.6326675983","POINT (-87.632667598316 41.78760426148)"
"2dfe36653c5a04c82f568c3f33282ff6cb0d90d3c566b729cca0a9084f6b715743d78098b4b5b41d3220bf371b458b1897e952f50a1817b8c2aa7cb9d913f74f",,"2026-03-09T16:15:00.000","30","TRAFFIC SIGNAL","FUNCTIONING PROPERLY","CLEAR","DAYLIGHT","SIDESWIPE SAME DIRECTION","DIVIDED - W/MEDIAN (NOT RAISED)",,"STRAIGHT AND LEVEL","DRY","NO DEFECTS","NOT ON SCENE (DESK REPORT)","NO INJURY / DRIVE AWAY","Y",,"Y","OVER $1,500","2026-03-09T16:40:00.000","IMPROPER LANE USAGE","NOT APPLICABLE","5724","N","PULASKI RD","1711",,,,,,,"2","NO INDICATION OF INJURY","0","0","0","0","0","2","0","16","2","3","41.985057876","-87.7286420921","POINT (-87.728642092149 41.985057875982)"
"6b3717aada94208881e30642f746ba03534c3d8af90ec366fd797a5f61c5995a800b26d6337975fbf56f1a8142712b4c70d506a3daf2084c0e5d0c498a3d12d3",,"2026-03-09T16:15:00.000","30","NO CONTROLS","UNKNOWN","CLEAR","DAYLIGHT","TURNING","DIVIDED - W/MEDIAN (NOT RAISED)",,"STRAIGHT AND LEVEL","DRY","UNKNOWN","NOT ON SCENE (DESK REPORT)","NO INJURY / DRIVE AWAY",,,,"OVER $1,500","2026-03-09T19:00:00.000","UNABLE TO DETERMINE","NOT APPLICABLE","3942","W","ROOSEVELT RD","1132",,,,,,,"2","NO INDICATION OF INJURY","0","0","0","0","0","2","0","16","2","3","41.8662917835","-87.7244831487","POINT (-87.724483148745 41.86629178355)"
"416f73473211a71648b637aacd547576b6f174ec313831c90f4febec340937d5fd7a2eaea32635b562860955d4f0f58ac7a017c253ee7e6490718b51356d4980",,"2026-03-09T16:10:00.000","25","TRAFFIC SIGNAL","FUNCTIONING PROPERLY","CLEAR","DAYLIGHT","REAR END","NOT DIVIDED",,"STRAIGHT AND LEVEL","DRY","NO DEFECTS","NOT ON SCENE (DESK REPORT)","INJURY AND / OR TOW DUE TO CRASH",,,"Y","OVER $1,500","2026-03-10T18:45:00.000","FAILING TO YIELD RIGHT-OF-WAY","FAILING TO YIELD RIGHT-OF-WAY","4900","S","DORCHESTER AVE","222",,,,,,,"2","NONINCAPACITATING INJURY","1","0","0","1","0","2","0","16","2","3","41.8059622196","-87.5920615082","POINT (-87.592061508228 41.805962219601)"
"6cc5e332c527f9d534456c6aab718d5437a155cab8f51e7042f0fe390cddd753b29ff93395dfc964d46577e0ee18401d7f7202c2419267fd60dfbb6475de1b02",,"2026-03-09T16:10:00.000","30","TRAFFIC SIGNAL","FUNCTIONING PROPERLY","CLEAR","DAYLIGHT","TURNING","T-INTERSECTION",,"STRAIGHT AND LEVEL","DRY","NO DEFECTS","NOT ON SCENE (DESK REPORT)","NO INJURY / DRIVE AWAY","Y",,"Y","$501 - $1,500","2026-03-09T17:00:00.000","UNABLE TO DETERMINE","NOT APPLICABLE","4158","W","IRVING PARK RD","1722",,,,,,,"2","NO INDICATION OF INJURY","0","0","0","0","0","2","0","16","2","3","41.9537226497","-87.7314437634","POINT (-87.731443763412 41.953722649671)"
"53efaeacf73f38834d88f514dba6d8800b31fbeb46b59597d1560ba5190a1910bfe8f1f49c481b5a654d5d5ef998863b17d60c9c5aa79a0522cc78d7f00489ea",,"2026-03-09T16:07:00.000","30","TRAFFIC SIGNAL","UNKNOWN","CLEAR","DAYLIGHT","ANGLE","T-INTERSECTION",,"STRAIGHT AND LEVEL","DRY","UNKNOWN","ON SCENE","INJURY AND / OR TOW DUE TO CRASH","Y",,,"OVER $1,500","2026-03-09T17:39:00.000","UNABLE TO DETERMINE","UNABLE TO DETERMINE","3216","N","CENTRAL PARK AVE","1732",,,,,,,"2","NO INDICATION OF INJURY","0","0","0","0","0","4","0","16","2","3","41.9397421238","-87.7175663289","POINT (-87.71756632887 41.939742123799)"
"042132f83a9b33af2dcb0b90b48d57c4a427c9e7ab601f9362fadb83a678919c92ad0b3c92ba88cbff9559bab20994b78c6e9c9564491198d244f083088a857a",,"2026-03-09T16:02:00.000","30","UNKNOWN","UNKNOWN","CLEAR","DAYLIGHT","PARKED MOTOR VEHICLE","NOT DIVIDED",,"STRAIGHT AND LEVEL","DRY","UNKNOWN","ON SCENE","NO INJURY / DRIVE AWAY",,,,"OVER $1,500","2026-03-09T16:04:00.000","NOT APPLICABLE","NOT APPLICABLE","9300","S","EAST END AVE","413",,,,,,,"2","NO INDICATION OF INJURY","0","0","0","0","0","1","0","16","2","3","41.7259262433","-87.5827750635","POINT (-87.582775063501 41.725926243313)"
"19827cc0cf8ff80d753227e7a7a38ad329cf5946f29794bda6c9a4641a8ecc5b9078e15bbedae239eaf1ee9c9be763ed28a6d1b375e1c9665030e309950a1a29",,"2026-03-09T16:01:00.000","30","NO CONTROLS","UNKNOWN","CLEAR","DAYLIGHT","REAR END","DIVIDED - W/MEDIAN BARRIER",,"STRAIGHT AND LEVEL","DRY","UNKNOWN","NOT ON SCENE (DESK REPORT)","NO INJURY / DRIVE AWAY",,,,"OVER $1,500","2026-03-10T09:00:00.000","UNABLE TO DETERMINE","UNABLE TO DETERMINE","3824","W","IRVING PARK RD","1723",,,,,,,"2","NO INDICATION OF INJURY","0","0","0","0","0","2","0","16","2","3","41.9538180948","-87.7237251602","POINT (-87.723725160235 41.95381809478)"
"bcb1c0773045aa7e56e561c681cb249d33f5089e54f9d9f1ea37c6257836a56c55ba5b9fd4c0d42fe343451f641fd5c7e01a7e0d35b99ac735daa8c29bf3e9a9",,"2026-03-09T16:01:00.000","20","NO CONTROLS","NO CONTROLS","CLEAR","DAYLIGHT","SIDESWIPE SAME DIRECTION","ONE-WAY",,"STRAIGHT AND LEVEL","DRY","UNKNOWN","NOT ON SCENE (DESK REPORT)","NO INJURY / DRIVE AWAY",,,,"$500 OR LESS","2026-03-09T17:51:00.000","UNABLE TO DETERMINE","NOT APPLICABLE","4643","S","SPAULDING AVE","821",,,,,,,"2","NO INDICATION OF INJURY","0","0","0","0","0","2","0","16","2","3","41.8086377929","-87.7062638712","POINT (-87.706263871183 41.808637792855)"
"b0b322ee7147a08e552cb6a64ced5d1769010dbffee873f54419d4953470eb8471b4bb06641a9fbb647585a7e99342f60493eb6c0967115fe7aeaf3eec55bece",,"2026-03-09T16:00:00.000","30","NO CONTROLS","NO CONTROLS","CLEAR","DAYLIGHT","PARKED MOTOR VEHICLE","ONE-WAY",,"STRAIGHT AND LEVEL","DRY","UNKNOWN","NOT ON SCENE (DESK REPORT)","NO INJURY / DRIVE AWAY",,,,"OVER $1,500","2026-03-09T20:40:00.000","UNABLE TO DETERMINE","UNABLE TO DETERMINE","3939","S","LAKE PARK AVE","214",,,,,,,"2","NO INDICATION OF INJURY","0","0","0","0","0","1","0","16","2","3","41.8240011646","-87.6031226401","POINT (-87.603122640095 41.824001164606)"
"d8e90066f2172df889fab7e38f5b0b42c7dc1109834c9e6dfc063675de108b2e07cb47b4e05a120c7baf9fbde430809dd6fc95e7a7195ba04b4e10c41e8b800b",,"2026-03-09T16:00:00.000","30","NO CONTROLS","NO CONTROLS","CLEAR","DAYLIGHT","PARKED MOTOR VEHICLE","NOT DIVIDED",,"STRAIGHT AND LEVEL","DRY","NO DEFECTS","ON SCENE","NO INJURY / DRIVE AWAY",,,"Y","$501 - $1,500","2026-03-09T16:01:00.000","NOT APPLICABLE","NOT APPLICABLE","717","S","CLARK ST","123",,,,,,,"2","NO INDICATION OF INJURY","0","0","0","0","0","1","0","16","2","3","41.8730327684","-87.6304856534","POINT (-87.630485653414 41.873032768448)"
"82db9544404a277b6ca4d03763e416d1b228c6f7bec43c0c07fa0cb3cd16a959d6b07e914ddf976b268e3931632506fd258e5e36caebbae003328c6ab514ed69",,"2026-03-09T15:55:00.000","30","NO CONTROLS","NO CONTROLS","CLEAR","DAYLIGHT","REAR TO FRONT","DIVIDED - W/MEDIAN (NOT RAISED)",,"STRAIGHT AND LEVEL","DRY","NO DEFECTS","NOT ON SCENE (DESK REPORT)","NO INJURY / DRIVE AWAY",,,,"$500 OR LESS","2026-03-09T17:10:00.000","UNABLE TO DETERMINE","UNABLE TO DETERMINE","6136","W","BELMONT AVE","1633",,,,,,,"2","NO INDICATION OF INJURY","0","0","0","0","0","2","0","15","2","3","41.9385068219","-87.780124866","POINT (-87.780124865952 41.938506821949)"
"002d6d0110e2b10a3ec1d98a79dd485436441fc956cd5d1138f2daabe5723bf221d068ccf57db1f8a749b2aa2dc2a44fd85fccb2ebc3eab758dc80d80e414652",,"2026-03-09T15:50:00.000","30","TRAFFIC SIGNAL","FUNCTIONING PROPERLY","UNKNOWN","DAYLIGHT","REAR END","NOT DIVIDED",,"STRAIGHT AND LEVEL","UNKNOWN","UNKNOWN","NOT ON SCENE (DESK REPORT)","INJURY AND / OR TOW DUE TO CRASH","Y",,,"$501 - $1,500","2026-03-10T15:50:00.000","FOLLOWING TOO CLOSELY","NOT APPLICABLE","4600","N","WESTERN AVE","1911",,,,,,,"2","REPORTED, NOT EVIDENT","1","0","0","0","1","1","0","15","2","3","41.9649081632","-87.688939911","POINT (-87.688939910998 41.964908163223)"
"db9f48163b5d673f0a96bcfcdce1715f8858c30e41b95b698f82c147df0f1c4e443032af56fd8e2d05448a8a3574188cd5279ff3dd785ea306c8a2ecfcaccd5d",,"2026-03-09T15:45:00.000","30","TRAFFIC SIGNAL","FUNCTIONING PROPERLY","CLEAR","DAYLIGHT","REAR END","DIVIDED - W/MEDIAN (NOT RAISED)",,"STRAIGHT AND LEVEL","DRY","NO DEFECTS","NOT ON SCENE (DESK REPORT)","NO INJURY / DRIVE AWAY",,,,"$501 - $1,500","2026-03-09T16:15:00.000","DRIVING SKILLS/KNOWLEDGE/EXPERIENCE","UNABLE TO DETERMINE","1052","W","87TH ST","613",,,,,,,"2","NO INDICATION OF INJURY","0","0","0","0","0","4","0","15","2","3","41.7360835498","-87.6506068455","POINT (-87.650606845509 41.736083549799)"
"d8d38e3fa7a2020c43ccb01ee105f62e8b3545c6ca0353da5a99a686648793f05de23f4b5f0b61e292b6e62bdc09fd622203c295c12ec909126953b543fdae52",,"2026-03-09T15:43:00.000","45","NO CONTROLS","NO CONTROLS","CLEAR","DAYLIGHT","REAR END","DIVIDED - W/MEDIAN BARRIER",,"STRAIGHT AND LEVEL","DRY","UNKNOWN","ON SCENE","NO INJURY / DRIVE AWAY",,,,"OVER $1,500","2026-03-09T15:43:00.000","FOLLOWING TOO CLOSELY","FOLLOWING TOO CLOSELY","1603","N","LAKE SHORE DR NB","1814",,,,,,,"2","NO INDICATION OF INJURY","0","0","0","0","0","2","0","15","2","3","41.9113638957","-87.6255851047","POINT (-87.625585104709 41.911363895701)"
"fcb5e30625d724da76e248a53996202ef2fb53fe5abd0be31256386c9820e2dd921a78c18df77b4d6472aab49d11a140c2b30f17a17de0d485c6aa6ebdbdcf8d",,"2026-03-09T15:40:00.000","30","NO CONTROLS","NO CONTROLS","CLEAR","DAYLIGHT","SIDESWIPE SAME DIRECTION","NOT DIVIDED",,"STRAIGHT AND LEVEL","DRY","UNKNOWN","NOT ON SCENE (DESK REPORT)","NO INJURY / DRIVE AWAY",,,,"$501 - $1,500","2026-03-10T08:15:00.000","FAILING TO YIELD RIGHT-OF-WAY","FAILING TO YIELD RIGHT-OF-WAY","3362","W","CHICAGO AVE","1121","Y","Y",,,,,"2","NO INDICATION OF INJURY","0","0","0","0","0","2","0","15","2","3","41.8956169094","-87.7113766271","POINT (-87.711376627143 41.895616909442)"
"9360c5c00d099e92bcb5c9514ab65c27cae2ddc72bd02447eb1eceb665229eede782002dfbe19a5ab6be998cf1fd72eabfb940b8c43a54d00c1e279f68f0657e",,"2026-03-09T15:37:00.000","30","NO CONTROLS","NO CONTROLS","CLEAR","DAYLIGHT","PARKED MOTOR VEHICLE","DIVIDED - W/MEDIAN BARRIER",,"STRAIGHT AND LEVEL","DRY","NO DEFECTS","ON SCENE","NO INJURY / DRIVE AWAY",,,"Y","OVER $1,500","2026-03-09T15:57:00.000","UNABLE TO DETERMINE","UNABLE TO DETERMINE","140","N","ASHLAND AVE","1224",,,,,,,"2","NO INDICATION OF INJURY","0","0","0","0","0","1","0","15","2","3","41.884514197","-87.6670420942","POINT (-87.667042094157 41.884514197004)"
"900536c58c45b1534230a44bde5e54148d374ade882f779965a5a03b207cc657413076bbd6597d9e0ee0e9fc469e83b71255eb3c312f8d7a27b1b85cc0affa38",,"2026-03-09T15:33:00.000","30","NO CONTROLS","NO CONTROLS","CLEAR","DAYLIGHT","SIDESWIPE SAME DIRECTION","ONE-WAY",,"STRAIGHT AND LEVEL","UNKNOWN","UNKNOWN","ON SCENE","INJURY AND / OR TOW DUE TO CRASH",,,"Y","OVER $1,500","2026-03-09T15:33:00.000","DRIVING SKILLS/KNOWLEDGE/EXPERIENCE","NOT APPLICABLE","9133","S","BLACKSTONE AVE","413",,,,,,,"2","REPORTED, NOT EVIDENT","2","0","0","0","2","1","0","15","2","3","41.7285949403","-87.5878045738","POINT (-87.587804573778 41.728594940348)"
"b3677f8d937633990e6324c3b280ed73dddf0a262b74c1daf846c673c580c3942e55313d6cc5e90a535fc2c691634852a01bb9dba4d0ba64252d8ef5aeb55150","Y","2026-03-09T15:32:00.000","30","STOP SIGN/FLASHER","FUNCTIONING PROPERLY","CLEAR","DAYLIGHT","PEDESTRIAN","NOT DIVIDED",,"STRAIGHT AND LEVEL","DRY","NO DEFECTS","ON SCENE","INJURY AND / OR TOW DUE TO CRASH","Y",,,"$500 OR LESS","2026-03-09T15:45:00.000","FAILING TO YIELD RIGHT-OF-WAY","UNABLE TO DETERMINE","2637","E","75TH ST","421",,"Y",,,,,"2","NONINCAPACITATING INJURY","1","0","0","1","0","1","0","15","2","3","41.7590019672","-87.5600706261","POINT (-87.560070626091 41.75900196719)"
"1cd147c4e85ab31bf266ca8b6a6f13e505df594f0a09e672b62df1614f39886ab126542cc690b2c70ac011b12c1ddff9018dc9ce3aa3174d3d2845314f02ce40",,"2026-03-09T15:30:00.000","20","STOP SIGN/FLASHER","FUNCTIONING PROPERLY","CLEAR","DAYLIGHT","ANGLE","T-INTERSECTION",,"STRAIGHT AND LEVEL","DRY","NO DEFECTS","ON SCENE","INJURY AND / OR TOW DUE TO CRASH","Y",,,"OVER $1,500","2026-03-09T15:39:00.000","FAILING TO REDUCE SPEED TO AVOID CRASH","NOT APPLICABLE","2051","W","BELMONT AVE","1931",,,,,,,"2","REPORTED, NOT EVIDENT","1","0","0","0","1","2","0","15","2","3","41.939438095","-87.6803554014","POINT (-87.680355401375 41.939438095035)"
"239f002570cd7711a3b91732a6423e4c65afe528864074234c95bd717aa243cf4e70a893f508677e871d364a0f254faf8a79ab41ee4da597fe10f15d981015a1",,"2026-03-09T15:30:00.000","30","TRAFFIC SIGNAL","FUNCTIONING PROPERLY","CLEAR","DAYLIGHT","REAR END","NOT DIVIDED",,"STRAIGHT AND LEVEL","DRY","NO DEFECTS","NOT ON SCENE (DESK REPORT)","NO INJURY / DRIVE AWAY",,,,"OVER $1,500","2026-03-09T15:55:00.000","FOLLOWING TOO CLOSELY","CELL PHONE USE OTHER THAN TEXTING","1741","S","RUBLE ST","1235",,,,,,,"2","NO INDICATION OF INJURY","0","0","0","0","0","2","0","15","2","3","41.8579607319","-87.6436583454","POINT (-87.643658345373 41.857960731855)"
"702683d1c78066b0a270e675359985d3ffd739703c511949056320ef92bfbf9759d1d9ae6282541d1fa2ec3b77fc9824bff5e26ae1f3d4d46349df6b892edbaa",,"2026-03-09T15:30:00.000","30","UNKNOWN","UNKNOWN","CLEAR","DAYLIGHT","REAR END","NOT DIVIDED",,"STRAIGHT AND LEVEL","DRY","UNKNOWN","ON SCENE","INJURY AND / OR TOW DUE TO CRASH",,,"Y","OVER $1,500","2026-03-09T15:30:00.000","UNABLE TO DETERMINE","UNABLE TO DETERMINE","3835","W","CERMAK RD","1013",,,,,,,"2","NONINCAPACITATING INJURY","3","0","0","3","0","2","0","15","2","3","41.8514849268","-87.7211594154","POINT (-87.721159415356 41.851484926807)"
"e8c2d46495109936df9b47c6e1c7d4417da24d7717811c37ca8c6f998a3e541e399f5575364acb3c369878003073036c81c043f97eb0dd1faa240c699d4ccfa5",,"2026-03-09T15:25:00.000","30","STOP SIGN/FLASHER","NO CONTROLS","CLEAR","DAYLIGHT","ANGLE","FOUR WAY",,"STRAIGHT AND LEVEL","DRY","NO DEFECTS","NOT ON SCENE (DESK REPORT)","NO INJURY / DRIVE AWAY","Y",,,"$501 - $1,500","2026-03-09T15:40:00.000","UNABLE TO DETERMINE","UNABLE TO DETERMINE","1701","W","TAYLOR ST","1231",,,,,,,"2","NO INDICATION OF INJURY","0","0","0","0","0","2","0","15","2","3","41.8691140973","-87.6689908992","POINT (-87.668990899172 41.86911409727)"
"f746f9abab393d4b6e1edefcf5f291e3ed3d88f9ef240f86a779c40017709792cec0f1aca93c7e8db1527ae09cdf12a2a948972522464eaffa84d439d926e74f",,"2026-03-09T15:20:00.000","30","NO CONTROLS","UNKNOWN","CLEAR","DAYLIGHT","REAR END","FOUR WAY",,"STRAIGHT AND LEVEL","DRY","UNKNOWN","NOT ON SCENE (DESK REPORT)","NO INJURY / DRIVE AWAY","Y",,,"OVER $1,500","2026-03-09T15:20:00.000","FAILING TO YIELD RIGHT-OF-WAY","DRIVING SKILLS/KNOWLEDGE/EXPERIENCE","1799","S","CANAL ST","1235",,,,,,,"2","NO INDICATION OF INJURY","0","0","0","0","0","2","0","15","2","3","41.8576870143","-87.6387896262","POINT (-87.638789626171 41.85768701433)"
"704826b6e4df50a00df1a532a44f536b72f1c26b422583a53e120dcadf25adbfc68b40892ea6c1beb92e1e4a8d0b4198d702dc38ca945d932c1642edf1054529","Y","2026-03-09T15:18:00.000","25","OTHER","OTHER","CLEAR","DAYLIGHT","REAR END","NOT DIVIDED",,"STRAIGHT AND LEVEL","DRY","UNKNOWN","ON SCENE","INJURY AND / OR TOW DUE TO CRASH",,,,"$501 - $1,500","2026-03-09T15:19:00.000","FAILING TO REDUCE SPEED TO AVOID CRASH","NOT APPLICABLE","1101","N","HAMLIN AVE","1112",,,,,,,"3","REPORTED, NOT EVIDENT","1","0","0","0","1","3","0","15","2","3","41.9009819473","-87.7212286021","POINT (-87.721228602055 41.900981947289)"
"65b11fdd1b476af18420e9cb56701d5e83f7efbac99adf121915c3591dde77d01e0e607fde6a240c2bff5c46b769f8155e7ef435166faaba4eb310f9a9364b66",,"2026-03-09T15:15:00.000","30","NO CONTROLS","NO CONTROLS","CLEAR","DAYLIGHT","PARKED MOTOR VEHICLE","NOT DIVIDED",,"STRAIGHT AND LEVEL","DRY","UNKNOWN","NOT ON SCENE (DESK REPORT)","NO INJURY / DRIVE AWAY",,,,"OVER $1,500","2026-03-09T16:00:00.000","UNABLE TO DETERMINE","UNABLE TO DETERMINE","3101","S","MICHIGAN AVE","211",,,,,,,"2","NO INDICATION OF INJURY","0","0","0","0","0","1","0","15","2","3","41.8382513911","-87.6232948105","POINT (-87.62329481051 41.838251391145)"
"c49db2709e82fe21b707cd8cbc1572f31a3bd267c634229cd878cc6527cfc0b3e6040342ace5bc97e27239a21b4b40ac41227b7ce9df9d614e2a86bddf25ca28",,"2026-03-09T15:15:00.000","30","NO CONTROLS","NO CONTROLS","CLEAR","DAYLIGHT","PARKED MOTOR VEHICLE","ONE-WAY",,"STRAIGHT AND LEVEL","DRY","NO DEFECTS","ON SCENE","NO INJURY / DRIVE AWAY",,,"N","$501 - $1,500","2026-03-09T15:47:00.000","NOT APPLICABLE","NOT APPLICABLE","8204","S","ADA ST","613",,,,,,,"2","NO INDICATION OF INJURY","0","0","0","0","0","1","0","15","2","3","41.744776437","-87.6573749983","POINT (-87.657374998285 41.744776436952)"
"bc268cca649fdb98ad150f29ce635a246f58864ccb653613cc2b710c7c49478cccac4ecad60098eac47fbe7910ca95e5e410162ddb127b418452a3e1491eb0e2",,"2026-03-09T15:13:00.000","10","NO CONTROLS","UNKNOWN","CLEAR","DAYLIGHT","SIDESWIPE OPPOSITE DIRECTION","NOT DIVIDED",,"STRAIGHT AND LEVEL","DRY","NO DEFECTS","ON SCENE","NO INJURY / DRIVE AWAY",,,,"$501 - $1,500","2026-03-09T15:16:00.000","FOLLOWING TOO CLOSELY","NOT APPLICABLE","6523","W","HURLBUT ST","1612",,,,,,,"2","NO INDICATION OF INJURY","0","0","0","0","0","6","0","15","2","3","41.9859717227","-87.7912395864","POINT (-87.79123958643 41.985971722678)"
"132c43338b248bb323bff52e5a5beed13fe80aa23e9d8b6fb9db0da81944bc524ca9cfd5fe9bb6235b0a05909bf70fe32783fa585d173c3b96059f5f6725a601",,"2026-03-09T15:08:00.000","30","TRAFFIC SIGNAL","FUNCTIONING PROPERLY","CLEAR","DAYLIGHT","REAR END","CENTER TURN LANE",,"STRAIGHT AND LEVEL","DRY","UNKNOWN","NOT ON SCENE (DESK REPORT)","NO INJURY / DRIVE AWAY",,,,"OVER $1,500","2026-03-09T15:45:00.000","UNABLE TO DETERMINE","UNABLE TO DETERMINE","1875","N","WESTERN AVE","1434",,,,,,,"2","NO INDICATION OF INJURY","0","0","0","0","0","2","0","15","2","3","41.9157178936","-87.6872154633","POINT (-87.687215463259 41.915717893565)"
"023873f4ade85139878bb4e7be1df28fa66c4a9c46c798053c3795bc7451bea451f56abf05bd56838adb742616df7d380bbce9cd4f1f6c3b178ccbb10e44869c",,"2026-03-09T15:05:00.000","30","NO CONTROLS","NO CONTROLS","CLEAR","DAYLIGHT","PARKED MOTOR VEHICLE","NOT DIVIDED",,"STRAIGHT AND LEVEL","DRY","NO DEFECTS","ON SCENE","INJURY AND / OR TOW DUE TO CRASH",,,,"OVER $1,500","2026-03-09T15:07:00.000","UNABLE TO DETERMINE","NOT APPLICABLE","5935","S","LOOMIS BLVD","713",,,,,,,"2","NO INDICATION OF INJURY","0","0","0","0","0","1","0","15","2","3","41.7857682699","-87.6593675827","POINT (-87.659367582717 41.785768269936)"
"3dba007d50656010227e65492a24d837bedcd90199d2e63870a1eb1d6a7de766e193c818928199891597d537ba376799c08d0dd6bde4c3532d58f606b91da526",,"2026-03-09T15:05:00.000","30","TRAFFIC SIGNAL","FUNCTIONING PROPERLY","CLEAR","DAYLIGHT","TURNING","NOT DIVIDED",,"STRAIGHT AND LEVEL","DRY","NO DEFECTS","ON SCENE","NO INJURY / DRIVE AWAY",,,,"OVER $1,500","2026-03-09T15:45:00.000","IMPROPER TURNING/NO SIGNAL","IMPROPER OVERTAKING/PASSING","4200","S","CALIFORNIA AVE","921",,,,,,,"2","NO INDICATION OF INJURY","0","0","0","0","0","2","0","15","2","3","41.8172647218","-87.6946238436","POINT (-87.694623843555 41.817264721784)"
"55435834164c7d921e6a4c91289680d5adfd7834784f12c7eee764caadac11df887d0b22da53d2ef04eb41cfa08e3c7bf361ed4cb49027d4b18a63ea812e90c3",,"2026-03-09T15:05:00.000","30","NO CONTROLS","NO CONTROLS","CLEAR","DAYLIGHT","SIDESWIPE SAME DIRECTION","NOT DIVIDED",,"STRAIGHT AND LEVEL","DRY","NO DEFECTS","ON SCENE","NO INJURY / DRIVE AWAY",,,,"OVER $1,500","2026-03-09T15:14:00.000","IMPROPER OVERTAKING/PASSING","NOT APPLICABLE","30","W","PERSHING RD","213",,,,,,,"2","NO INDICATION OF INJURY","0","0","0","0","0","3","0","15","2","3","41.8238096998","-87.6275379865","POINT (-87.627537986548 41.823809699787)"