"crash_record_id","crash_date_est_i","crash_date","posted_speed_limit","traffic_control_device","device_condition","weather_condition","lighting_condition","first_crash_type","trafficway_type","lane_cnt","alignment","roadway_surface_cond","road_defect","report_type","crash_type","intersection_related_i","private_property_i","hit_and_run_i","damage","date_police_notified","prim_contributory_cause","sec_contributory_cause","street_no","street_direction","street_name","beat_of_occurrence","photos_taken_i","statements_taken_i","dooring_i","work_zone_i","work_zone_type","workers_present_i","num_units","most_severe_injury","injuries_total","injuries_fatal","injuries_incapacitating","injuries_non_incapacitating","injuries_reported_not_evident","injuries_no_indication","injuries_unknown","crash_hour","crash_day_of_week","crash_month","latitude","longitude","location"
"3d37895ca526d751d2975f0e866765b2283351fd0b4d9f2a9d4a52b92210f60942a546c8cee897b8607629308ae71997bf96afca3dc6013456b2ebb73e0bfed1",,"2026-03-09T15:04:00.000","30","NO CONTROLS","NO CONTROLS","CLEAR","DAYLIGHT","TURNING","DIVIDED - W/MEDIAN (NOT RAISED)",,"STRAIGHT AND LEVEL","DRY","NO DEFECTS","NOT ON SCENE (DESK REPORT)","NO INJURY / DRIVE AWAY",,,,"OVER $1,500","2026-03-09T15:40:00.000","UNABLE TO DETERMINE","NOT APPLICABLE","4800","N","PULASKI RD","1712",,,,,,,"2","NO INDICATION OF INJURY","0","0","0","0","0","3","0","15","2","3","41.9682625951","-87.7281753158","POINT (-87.72817531576 41.968262595101)"
"7b403449056fda395cd7735223f9298afced31201b134cc958a76fa75e1712542a48acd323b37e754ccfb13fb162d7d2bd7e9cab1c05d58e4157f08e4507e200",,"2026-03-09T15:00:00.000","30","TRAFFIC SIGNAL","UNKNOWN","CLEAR","DAYLIGHT","REAR END","NOT DIVIDED",,"STRAIGHT AND LEVEL","DRY","UNKNOWN","NOT ON SCENE (DESK REPORT)","NO INJURY / DRIVE AWAY","Y",,,"OVER $1,500","2026-03-09T16:45:00.000","UNABLE TO DETERMINE","UNABLE TO DETERMINE","2961","E","87TH ST","423",,,,,,,"2","NO INDICATION OF INJURY","0","0","0","0","0","2","0","15","2","3","41.7372645976","-87.551725401","POINT (-87.551725400957 41.737264597601)"
"9d80f1a1f0afc1ea108d1f2ccef54dac1e6b8578f45a079e0ea749cac172bf19fbde202beeadb6cbaaa0d37ab3b385f135dac78b4a253efee255f517c9d32e09",,"2026-03-09T15:00:00.000","30","NO CONTROLS","NO CONTROLS","CLEAR","DAYLIGHT","REAR END","NOT DIVIDED",,"STRAIGHT AND LEVEL","DRY","UNKNOWN","NOT ON SCENE (DESK REPORT)","INJURY AND / OR TOW DUE TO CRASH",,,,"OVER $1,500","2026-03-09T16:30:00.000","UNABLE TO DETERMINE","UNABLE TO DETERMINE","5545","W","DIVERSEY AVE","2514",,,,,,,"3","REPORTED, NOT EVIDENT","1","0","0","0","1","2","0","15","2","3","41.9311759609","-87.7656294769","POINT (-87.765629476937 41.931175960946)"
"f7b114f6c8ccfcbafee1451cba1eb227eb2b011c7093a9c8cf6b44ce9018f2125068075fc681dcc5ef1ad0f7373614379370bf38dfd21545e8b01c2c85c9d565",,"2026-03-09T15:00:00.000","30","NO CONTROLS","NO CONTROLS","CLEAR","DAYLIGHT","PARKED MOTOR VEHICLE","NOT DIVIDED",,"STRAIGHT AND LEVEL","DRY","NO DEFECTS","ON SCENE","NO INJURY / DRIVE AWAY",,,,"OVER $1,500","2026-03-09T15:01:00.000","UNABLE TO DETERMINE","NOT APPLICABLE","2231","W","PERSHING RD","924",,,,,,,"2","NO INDICATION OF INJURY","0","0","0","0","0","1","0","15","2","3","41.8229236363","-87.6813438678","POINT (-87.681343867775 41.822923636343)"
"8c95e2bc4f831d31f7d29198367730bb3174a2e65fc56204e3235235e8f884ae243e8974e7e33cc619ff2c1f068e867ee3de3990340487ee306cfe7e61bcf849",,"2026-03-09T14:58:00.000","15","NO CONTROLS","FUNCTIONING PROPERLY","CLEAR","DAYLIGHT","PARKED MOTOR VEHICLE","ONE-WAY",,"STRAIGHT AND LEVEL","DRY","NO DEFECTS","ON SCENE","NO INJURY / DRIVE AWAY",,,,"OVER $1,500","2026-03-09T15:36:00.000","UNDER THE INFLUENCE OF ALCOHOL/DRUGS (USE WHEN ARREST IS EFFECTED)","UNDER THE INFLUENCE OF ALCOHOL/DRUGS (USE WHEN ARREST IS EFFECTED)","2528","W","LEXINGTON ST","1135",,,,,,,"3","NO INDICATION OF INJURY","0","0","0","0","0","2","0","14","2","3","41.8721430166","-87.6897808445","POINT (-87.689780844476 41.872143016618)"
"fb74dbc6deff089e07924b0e66e785c91f57c5cc3e2784b0d621a57640c479ac8f706bcb07b3ccb6f969612e410daddb1d7d3c68d52b3164443e7971a08bc2e7",,"2026-03-09T14:54:00.000","20","NO CONTROLS","NO CONTROLS","CLEAR","DAYLIGHT","PARKED MOTOR VEHICLE","ONE-WAY",,"STRAIGHT AND LEVEL","DRY","UNKNOWN","ON SCENE","INJURY AND / OR TOW DUE TO CRASH",,,,"$501 - $1,500","2026-03-09T15:44:00.000","DRIVING SKILLS/KNOWLEDGE/EXPERIENCE","UNABLE TO DETERMINE","4949","N","KENNETH AVE","1712",,,,,,,"3","NO INDICATION OF INJURY","0","0","0","0","0","2","0","14","2","3","41.971394233","-87.7391217768","POINT (-87.739121776782 41.971394233004)"
"552cdada5e9dbe6ae329ce9d1c21c036c695cacc14235ddc5dd62d3942f5927cfd55f1c59b58c1b72e367489310ccc1c38557e0f6b45a79acb7e5c89c88216d2",,"2026-03-09T14:38:00.000","30","NO CONTROLS","NO CONTROLS","CLEAR","DAYLIGHT","PARKED MOTOR VEHICLE","NOT DIVIDED",,"STRAIGHT AND LEVEL","DRY","NO DEFECTS",,"INJURY AND / OR TOW DUE TO CRASH",,,,"OVER $1,500","2026-03-09T15:48:00.000","FAILING TO REDUCE SPEED TO AVOID CRASH","UNABLE TO DETERMINE","3137","N","NARRAGANSETT AVE","2511",,,,,,,"3","REPORTED, NOT EVIDENT","3","0","0","0","3","0","0","14","2","3","41.9376321065","-87.7857635601","POINT (-87.785763560128 41.937632106469)"
"acdc5f00677b8e8a888f19d6d32427ebdcabe97b0ebd321ebe9c219a1634105f6737ab2d2afbafbc0feb30780b903d9f52a558b4526e61ba31a33054762adc67",,"2026-03-09T14:32:00.000","30","STOP SIGN/FLASHER","UNKNOWN","UNKNOWN","DAYLIGHT","REAR END","DIVIDED - W/MEDIAN (NOT RAISED)",,"STRAIGHT AND LEVEL","UNKNOWN","UNKNOWN","NOT ON SCENE (DESK REPORT)","NO INJURY / DRIVE AWAY","Y",,,"OVER $1,500","2026-03-09T22:15:00.000","UNABLE TO DETERMINE","NOT APPLICABLE","6301","S","CICERO AVE","813",,,,,,,"2","NO INDICATION OF INJURY","0","0","0","0","0","2","0","14","2","3","41.7783404499","-87.7421432762","POINT (-87.742143276204 41.778340449873)"
"16a19ef49c672febd9b60209757d55c04ce32092546d4461a171361e7c6c4a100512e1e900fa7afcf928cea02d4f929cfdde5de8b285beaa77a2dbb3144d4589",,"2026-03-09T14:30:00.000","30","NO CONTROLS","NO CONTROLS","CLEAR","DAYLIGHT","PARKED MOTOR VEHICLE","NOT DIVIDED",,"STRAIGHT AND LEVEL","DRY","UNKNOWN","NOT ON SCENE (DESK REPORT)","NO INJURY / DRIVE AWAY",,,"Y","$500 OR LESS","2026-03-09T16:28:00.000","UNABLE TO DETERMINE","NOT APPLICABLE","5027","S","ARCHER AVE","815",,,,,,,"2","NO INDICATION OF INJURY","0","0","0","0","0","1","0","14","2","3","41.8014307131","-87.7247211306","POINT (-87.724721130609 41.801430713133)"
"543f505d72251388ebe94bf0390117bf0c3e1d2d9c713e0c2e41f325d3c4814d7ca9bbc4d07ad40d2a6c677c53344242bb5c02a436ec766555ad0673c8a9747c",,"2026-03-09T14:30:00.000","30","NO CONTROLS","NO CONTROLS","CLEAR","DAYLIGHT","SIDESWIPE SAME DIRECTION","DIVIDED - W/MEDIAN (NOT RAISED)",,"STRAIGHT AND LEVEL","DRY","NO DEFECTS","NOT ON SCENE (DESK REPORT)","NO INJURY / DRIVE AWAY",,,,"OVER $1,500","2026-03-10T09:00:00.000","FAILING TO YIELD RIGHT-OF-WAY","DRIVING SKILLS/KNOWLEDGE/EXPERIENCE","2002","S","WENTWORTH AVE","914",,,,,,,"2","NO INDICATION OF INJURY","0","0","0","0","0","2","0","14","2","3","41.8552817038","-87.6319926423","POINT (-87.631992642294 41.855281703774)"
"dcede22a6931483476eb0fd034ca1c4107d4b4b8ff7802a50ef836afaca28e903ac79a050b44f98fe56cec0c9da3490f47a9e7bdd2369f2f6c4a660109cf5f22",,"2026-03-09T14:30:00.000","30","TRAFFIC SIGNAL","FUNCTIONING PROPERLY","CLEAR","DAYLIGHT","REAR END","NOT DIVIDED",,"STRAIGHT AND LEVEL","DRY","NO DEFECTS","ON SCENE","NO INJURY / DRIVE AWAY","Y",,"N","OVER $1,500","2026-03-09T14:31:00.000","UNABLE TO DETERMINE","NOT APPLICABLE","200","W","87TH ST","622",,"N",,,,,"2","NO INDICATION OF INJURY","0","0","0","0","0","2","0","14","2","3","41.7362616994","-87.6290647164","POINT (-87.629064716425 41.736261699376)"
"e3e9a4e2e0931a3f09366f561f54ddeda97d26ccd2a3c7c6df18353b8295e7cde4622936f6bbe4963fcac0fee6a8d1b21800bc87710c4889f66f231198588168",,"2026-03-09T14:29:00.000","30","NO CONTROLS","NO CONTROLS","CLEAR","DAYLIGHT","SIDESWIPE SAME DIRECTION","ONE-WAY",,"STRAIGHT AND LEVEL","DRY","UNKNOWN","NOT ON SCENE (DESK REPORT)","NO INJURY / DRIVE AWAY",,,,"OVER $1,500","2026-03-09T15:45:00.000","FAILING TO YIELD RIGHT-OF-WAY","NOT APPLICABLE","1638","N","SPAULDING AVE","1422","Y","Y",,,,,"2","NO INDICATION OF INJURY","0","0","0","0","0","2","0","14","2","3","41.9112387273","-87.7102503086","POINT (-87.71025030857 41.911238727337)"
"1d3a9e684e48b912903c0e648aab0253e73f8b0bd33c82258103b6e1d72e5d546bdd2a8b4d5cf6d6f379782a76094f108072d49e25e0e8372e29a3d77dc01e41",,"2026-03-09T14:15:00.000","30","NO CONTROLS","NO CONTROLS","CLEAR","DAYLIGHT","REAR TO SIDE","ONE-WAY",,"STRAIGHT AND LEVEL","DRY","NO DEFECTS","ON SCENE","NO INJURY / DRIVE AWAY",,,,"$501 - $1,500","2026-03-09T14:17:00.000","FAILING TO YIELD RIGHT-OF-WAY","NOT APPLICABLE","5503","S","NEENAH AVE","811",,,,,,,"2","NO INDICATION OF INJURY","0","0","0","0","0","2","0","14","2","3","41.7921254256","-87.7853185972","POINT (-87.785318597227 41.792125425579)"
"1e657fc640e99b5d1ee773d004b3506eddffea2e4afe696ca0db501162b9409f917632ea1492d619129fa109729345512e571d721831ee2555bc4f5a9957f330",,"2026-03-09T14:15:00.000","10","NO CONTROLS","NO CONTROLS","CLEAR","DAYLIGHT","PARKED MOTOR VEHICLE","NOT DIVIDED",,"STRAIGHT AND LEVEL","DRY","UNKNOWN","NOT ON SCENE (DESK REPORT)","NO INJURY / DRIVE AWAY",,,"Y","OVER $1,500","2026-03-09T15:02:00.000","UNABLE TO DETERMINE","UNABLE TO DETERMINE","6357","S","BISHOP ST","725",,,,,,,"2","NO INDICATION OF INJURY","0","0","0","0","0","1","0","14","2","3","41.7778572272","-87.660379154","POINT (-87.660379153977 41.777857227179)"
"79c0120aa13622705210b1d8e82c1be20845474872a3b4e2857c3f2a6c98843a4a58fb810c027d8743a952f445ff8c2ad026d8e8b2dfd758dc42a416fc72cafc",,"2026-03-09T14:15:00.000","30","STOP SIGN/FLASHER","FUNCTIONING PROPERLY","CLEAR","DAYLIGHT","REAR END","DIVIDED - W/MEDIAN (NOT RAISED)",,"STRAIGHT AND LEVEL","DRY","NO DEFECTS","NOT ON SCENE (DESK REPORT)","NO INJURY / DRIVE AWAY","Y",,,"$501 - $1,500","2026-03-09T14:28:00.000","FOLLOWING TOO CLOSELY","UNABLE TO DETERMINE","1804","W","MONTEREY AVE","2212",,,,,,,"2","NO INDICATION OF INJURY","0","0","0","0","0","2","0","14","2","3","41.6910720897","-87.6673908115","POINT (-87.667390811495 41.691072089671)"
"a46e2cfae9193384215b2d8231b5048f10f2dcba1577b3499228942a9b03e6689064e17f86c58ece5c9fa509235a362c3cd8c54c9597d308a8b3c8b05db290ac",,"2026-03-09T14:10:00.000","30","NO CONTROLS","NO CONTROLS","CLEAR","DAYLIGHT","REAR END","ONE-WAY",,"STRAIGHT AND LEVEL","DRY","NO DEFECTS","NOT ON SCENE (DESK REPORT)","NO INJURY / DRIVE AWAY",,,,"OVER $1,500","2026-03-09T15:10:00.000","FOLLOWING TOO CLOSELY","UNABLE TO DETERMINE","2942","S","WENTWORTH AVE","914",,,,,,,"2","NO INDICATION OF INJURY","0","0","0","0","0","2","0","14","2","3","41.8398175792","-87.6318649324","POINT (-87.631864932436 41.839817579204)"
"f6faf97e8816dc2f6767ec480a90583ebd6ac6c1768576480da3dff092d39f035e157d1acc1d25fcc9ec3b8573af5a7f193781e072377b9a6982686afa46e20d",,"2026-03-09T14:08:00.000","30","TRAFFIC SIGNAL","FUNCTIONING PROPERLY","CLEAR","DAYLIGHT","REAR END","NOT DIVIDED",,"STRAIGHT AND LEVEL","DRY","NO DEFECTS","NOT ON SCENE (DESK REPORT)","NO INJURY / DRIVE AWAY",,,"Y","$501 - $1,500","2026-03-09T14:35:00.000","FOLLOWING TOO CLOSELY","NOT APPLICABLE","6750","N","WESTERN AVE","2412",,,,,,,"2","NO INDICATION OF INJURY","0","0","0","0","0","2","0","14","2","3","42.004709911","-87.6902098002","POINT (-87.690209800192 42.004709910975)"
"13a36b8196d51acd207df20406004730e03710fc07b2793be77e9cb4533389b100aaee16a04af204ef721bb11e063d1e3d29bf4932af0667745d2e7e2ccfd981",,"2026-03-09T14:06:00.000","30","NO CONTROLS","NO CONTROLS","CLEAR","DAYLIGHT","TURNING","NOT DIVIDED",,"STRAIGHT AND LEVEL","DRY","NO DEFECTS",,"NO INJURY / DRIVE AWAY",,,"Y","$501 - $1,500","2026-03-09T15:30:00.000","UNABLE TO DETERMINE","UNABLE TO DETERMINE","9500","S","LA SALLE ST","511",,,,,,,"2","NO INDICATION OF INJURY","0","0","0","0","0","3","0","14","2","3","41.7215829572","-87.6275944463","POINT (-87.627594446287 41.721582957215)"
"4e34683447832f1f7a9a53284a5bee2c8da79b7cca8e91f1480c7350b9c27992103181101eba6e104d0c0d09fd81e276f3b5079ef43108b9805862b7b01fc016",,"2026-03-09T14:03:00.000","30","TRAFFIC SIGNAL","FUNCTIONING PROPERLY","CLEAR","DAYLIGHT","TURNING","FOUR WAY",,"STRAIGHT AND LEVEL","DRY","NO DEFECTS","ON SCENE","INJURY AND / OR TOW DUE TO CRASH","Y",,,"OVER $1,500","2026-03-09T14:30:00.000","FAILING TO YIELD RIGHT-OF-WAY","NOT APPLICABLE","199","E","CERMAK RD","132",,,,,,,"2","NO INDICATION OF INJURY","0","0","0","0","0","2","0","14","2","3","41.8527777829","-87.6223107535","POINT (-87.622310753529 41.852777782891)"
"8ce8a577a31b92639030e71140b93132fe64d0c8048c52e7a02e5208cd97861074be1e2d1b533dd0b251d97c3960353f7ec02c17d2bccb88590971f758acf41c",,"2026-03-09T14:02:00.000","30","NO CONTROLS","NO CONTROLS","CLEAR","DAYLIGHT","SIDESWIPE OPPOSITE DIRECTION","NOT DIVIDED",,"STRAIGHT AND LEVEL","DRY","NO DEFECTS","NOT ON SCENE (DESK REPORT)","NO INJURY / DRIVE AWAY",,,,"$501 - $1,500","2026-03-09T15:00:00.000","FOLLOWING TOO CLOSELY","NOT APPLICABLE","4531","S","HALSTED ST","925",,,,,,,"2","NO INDICATION OF INJURY","0","0","0","0","0","2","0","14","2","3","41.8115659029","-87.6454615043","POINT (-87.645461504269 41.811565902898)"
"14b03e34ea3a7fb2dca6879614850deeabef6e5d6338e524aaba67554527592b85433f81d6505028d3693133659586fc8ce582b1a54011a0aec45f9bca00382c",,"2026-03-09T14:00:00.000","30","TRAFFIC SIGNAL","NO CONTROLS","CLEAR","DAYLIGHT","SIDESWIPE SAME DIRECTION","NOT DIVIDED",,"STRAIGHT AND LEVEL","DRY","UNKNOWN","ON SCENE","INJURY AND / OR TOW DUE TO CRASH",,,,"$501 - $1,500","2026-03-09T14:00:00.000","NOT APPLICABLE","NOT APPLICABLE","1198","W","MARQUETTE RD","724",,,,,,,"2","REPORTED, NOT EVIDENT","1","0","0","0","1","2","0","14","2","3","41.7724435946","-87.6542519216","POINT (-87.654251921594 41.772443594599)"
"2b3f2cc9c7e32213050f7651e99ea938df2a3ff84a878b3212eb2334b4560f78507db13d9baf8bf50432d11f93d0f2636dd4cc1396b97a01c66f55a0a5ad7564","Y","2026-03-09T14:00:00.000","30","NO CONTROLS","NO CONTROLS","CLEAR","DAYLIGHT","PARKED MOTOR VEHICLE","NOT DIVIDED",,"STRAIGHT AND LEVEL","DRY","NO DEFECTS","ON SCENE","NO INJURY / DRIVE AWAY",,,"Y","OVER $1,500","2026-03-09T16:58:00.000","UNABLE TO DETERMINE","UNABLE TO DETERMINE","4418","S","SPRINGFIELD AVE","821",,,,,,,"2","NO INDICATION OF INJURY","0","0","0","0","0","1","0","14","2","3","41.8128066017","-87.7214715981","POINT (-87.72147159814 41.812806601667)"
"9bf92c71062228f36191e84d57f3b1c6f644e816d242ffe01c6c0281a489e4e4388fc3757d2a2067d0c4726cc8437e502c4fdd5ca34483328d64af1a575cc47e",,"2026-03-09T14:00:00.000","30","UNKNOWN","UNKNOWN","UNKNOWN","UNKNOWN","REAR END","NOT DIVIDED",,"STRAIGHT AND LEVEL","UNKNOWN","UNKNOWN","NOT ON SCENE (DESK REPORT)","NO INJURY / DRIVE AWAY",,,,"$500 OR LESS","2026-03-09T15:09:00.000","UNABLE TO DETERMINE","UNABLE TO DETERMINE","801","W","CERMAK RD","1235",,,,,,,"2","NO INDICATION OF INJURY","0","0","0","0","0","3","0","14","2","3","41.8525356854","-87.6465746614","POINT (-87.646574661399 41.852535685352)"
"eaa3bd138b22c9a00403239ace892f180a7b937dfdc99bd5f4284ffcadb5166bb52860029a15f1c299327def8f1d632854f13dc6f607e98e2d4a680be27dc973","Y","2026-03-09T14:00:00.000","30","NO CONTROLS","NO CONTROLS","CLEAR","DAYLIGHT","SIDESWIPE SAME DIRECTION","NOT DIVIDED",,"STRAIGHT AND LEVEL","DRY","UNKNOWN","NOT ON SCENE (DESK REPORT)","NO INJURY / DRIVE AWAY",,,,"OVER $1,500","2026-03-09T17:30:00.000","IMPROPER OVERTAKING/PASSING","NOT APPLICABLE","100","E","RANDOLPH ST","114",,,,,,,"2","NO INDICATION OF INJURY","0","0","0","0","0","2","0","14","2","3","41.8845772195","-87.6244036339","POINT (-87.62440363391 41.884577219487)"
"0c79714cea2bf884433828eb69973e01ef6f180abb0ccd2ee4d153c877c4d966a14eea9a9778c34aa147bc683ff390db80478a919dd8465bc8d7f1ab3f92b7f0",,"2026-03-09T13:55:00.000","30","TRAFFIC SIGNAL","FUNCTIONING PROPERLY","CLEAR","DAYLIGHT","TURNING","DIVIDED - W/MEDIAN (NOT RAISED)",,"STRAIGHT AND LEVEL","DRY","NO DEFECTS","NOT ON SCENE (DESK REPORT)","NO INJURY / DRIVE AWAY","Y",,,"$501 - $1,500","2026-03-09T14:55:00.000","UNABLE TO DETERMINE","UNABLE TO DETERMINE","800","E","87TH ST","632",,,,,,,"2","NO INDICATION OF INJURY","0","0","0","0","0","2","0","13","2","3","41.7367599578","-87.6047645676","POINT (-87.604764567582 41.736759957791)"
"4f3fe48faf65aacbd453c3244a842cae45e228d59d6d6a835889c57aa2c67d85bb9b5aa17c1ca6db14bb7848fcbf31244a299e16fa27656da3bf06a6a369316a",,"2026-03-09T13:40:00.000","20","NO CONTROLS","NO CONTROLS","CLEAR","DAYLIGHT","ANGLE","PARKING LOT",,"STRAIGHT AND LEVEL","DRY","NO DEFECTS","NOT ON SCENE (DESK REPORT)","NO INJURY / DRIVE AWAY",,,,"OVER $1,500","2026-03-09T15:35:00.000","UNABLE TO DETERMINE","UNABLE TO DETERMINE","5401","S","WENTWORTH AVE","225",,,,,,,"2","NO INDICATION OF INJURY","0","0","0","0","0","2","0","13","2","3","41.7962348752","-87.6304049244","POINT (-87.630404924387 41.796234875219)"
"cc37ae19e7828180f2d59d4a168269034441b29715be32fa6d9fb08765e8adbe8500fc134e4517c3d16e997d983bb0eb1c85caeb0c40a9f5505c3a10e4b4e2d1",,"2026-03-09T13:38:00.000","30","NO CONTROLS","NO CONTROLS","CLEAR","DAYLIGHT","SIDESWIPE SAME DIRECTION","ONE-WAY",,"STRAIGHT AND LEVEL","DRY","UNKNOWN","ON SCENE","NO INJURY / DRIVE AWAY",,,,"$501 - $1,500","2026-03-09T13:47:00.000","FAILING TO YIELD RIGHT-OF-WAY","UNABLE TO DETERMINE","7153","S","DOBSON AVE","324",,"Y",,,,,"2","NO INDICATION OF INJURY","0","0","0","0","0","2","0","13","2","3","41.7643712627","-87.5992967302","POINT (-87.599296730203 41.76437126272)"
"fc91ac2bc719e09eb4f6b6c3113fa1657de7cc92e1b16af21f42f83cd9cf70db2c8b42314eedfef9069ddcf83ee01cab75f87e2af302fcdfc8f3ebaaa5c14b0b",,"2026-03-09T13:35:00.000","15","NO CONTROLS","NO CONTROLS","CLEAR","DAYLIGHT","ANGLE","PARKING LOT",,"STRAIGHT AND LEVEL","DRY","NO DEFECTS","ON SCENE","INJURY AND / OR TOW DUE TO CRASH",,,,"OVER $1,500","2026-03-09T15:18:00.000","FAILING TO YIELD RIGHT-OF-WAY","UNABLE TO DETERMINE","5401","S","WENTWORTH AVE","225",,,,,,,"2","NO INDICATION OF INJURY","0","0","0","0","0","3","0","13","2","3","41.7962348752","-87.6304049244","POINT (-87.630404924387 41.796234875219)"
"6a4c90faba592048cc46c9eb5ef868dd21e96b20d78c34a04046827ac3372429de429857b267ee2b2c36ea1159883c873e110e02c7b579f6e6f9a07c2af75fcc",,"2026-03-09T13:33:00.000","30","TRAFFIC SIGNAL","FUNCTIONING PROPERLY","CLEAR","DAYLIGHT","TURNING","DIVIDED - W/MEDIAN (NOT RAISED)",,"STRAIGHT AND LEVEL","DRY","NO DEFECTS","ON SCENE","INJURY AND / OR TOW DUE TO CRASH",,,"Y","OVER $1,500","2026-03-09T13:34:00.000","FAILING TO YIELD RIGHT-OF-WAY","NOT APPLICABLE","4814","W","DIVISION ST","2533",,"Y",,,,,"2","NO INDICATION OF INJURY","0","0","0","0","0","4","0","13","2","3","41.9024546373","-87.7466328389","POINT (-87.746632838908 41.902454637335)"
"f4dee20c76792aa67388d52bb0688d5e91cf4bcf9c95ffe1e1a58b5fb6ae182cf20584050a1ccc168476e313d1a1e72323391186ddae29c2a658e5aa36166d6d",,"2026-03-09T13:30:00.000","30","NO CONTROLS","NO CONTROLS","CLEAR","DAYLIGHT","PARKED MOTOR VEHICLE","NOT DIVIDED",,"STRAIGHT AND LEVEL","DRY","NO DEFECTS","NOT ON SCENE (DESK REPORT)","NO INJURY / DRIVE AWAY",,,"Y","$501 - $1,500","2026-03-10T13:03:00.000","FOLLOWING TOO CLOSELY","FOLLOWING TOO CLOSELY","1400","W","ROSEMONT AVE","2433",,,,,,,"2","NO INDICATION OF INJURY","0","0","0","0","0","1","0","13","2","3","41.9965417846","-87.6654611656","POINT (-87.665461165638 41.996541784641)"
"27d908c25a224ba4041923ad82a8c0b49a11c47b1470a8fd47dbd64b6eba06ebdafbc8aab04188628ba41427c0a7b5521cbf5b5ce1bbbc073a9ea91ea09315f0",,"2026-03-09T13:15:00.000","30","NO CONTROLS","NO CONTROLS","CLEAR","DAYLIGHT","PARKED MOTOR VEHICLE","OTHER",,"STRAIGHT AND LEVEL","DRY","NO DEFECTS","NOT ON SCENE (DESK REPORT)","NO INJURY / DRIVE AWAY",,,"Y","$501 - $1,500","2026-03-09T13:35:00.000","NOT APPLICABLE","NOT APPLICABLE","7100","S","DAMEN AVE","735",,,,,,,"2","NO INDICATION OF INJURY","0","0","0","0","0","4","0","13","2","3","41.7647131874","-87.6736784893","POINT (-87.673678489303 41.764713187398)"
"167420f9502d11829b53b7d9b2d9e99c7d6dff1d986e68d0118933943b2ff061b454d1b526ebcc2e5a3574c03d1aa573ca26381773a44e26dd590a5e78b05fe0","Y","2026-03-09T13:10:00.000","30","TRAFFIC SIGNAL","FUNCTIONING PROPERLY","CLEAR","DAYLIGHT","SIDESWIPE SAME DIRECTION","NOT DIVIDED",,"STRAIGHT AND LEVEL","DRY","UNKNOWN","NOT ON SCENE (DESK REPORT)","NO INJURY / DRIVE AWAY",,,,"OVER $1,500","2026-03-09T15:00:00.000","IMPROPER LANE USAGE","IMPROPER LANE USAGE","5900","S","COTTAGE GROVE AVE","233",,,,,,,"2","NO INDICATION OF INJURY","0","0","0","0","0","2","0","13","2","3","41.7876664163","-87.6062261594","POINT (-87.606226159394 41.787666416266)"
"e10b9136f570439a25128f346e16b393eef53ab59fd64b67f4e5619886b99c11f96ee7aba2378820530ead7dded6943033cd69b5f4f275fa9605b29bc19b13f2",,"2026-03-09T13:10:00.000","10","NO CONTROLS","NO CONTROLS","CLEAR","DAYLIGHT","PARKED MOTOR VEHICLE","ONE-WAY",,"STRAIGHT AND LEVEL","DRY","UNKNOWN","NOT ON SCENE (DESK REPORT)","NO INJURY / DRIVE AWAY",,,"Y","OVER $1,500","2026-03-09T13:30:00.000","UNABLE TO DETERMINE","UNABLE TO DETERMINE","1548","E","65TH PL","321",,,,,,,"2","NO INDICATION OF INJURY","0","0","0","0","0","1","0","13","2","3","41.7761877054","-87.5869477309","POINT (-87.586947730916 41.776187705396)"
"73d092c63e4ac6f29b2dcf4dfaab592873eb700b91f8b638ac8436d446738ea9f96a02f673df8f5b85912e971582e93cfe9801877d9a74e699874ee57deac07c",,"2026-03-09T13:05:00.000","30","STOP SIGN/FLASHER","NO CONTROLS","CLEAR","DAYLIGHT","SIDESWIPE OPPOSITE DIRECTION","FOUR WAY",,"STRAIGHT AND LEVEL","DRY","NO DEFECTS","ON SCENE","INJURY AND / OR TOW DUE TO CRASH","Y",,,"OVER $1,500","2026-03-09T13:10:00.000","FAILING TO YIELD RIGHT-OF-WAY","UNABLE TO DETERMINE","8800","S","HALSTED ST","2223",,,,,,,"2","NO INDICATION OF INJURY","0","0","0","0","0","2","0","13","2","3","41.7342226305","-87.6437125899","POINT (-87.643712589891 41.734222630546)"
"34bc577b32e17722f7997f554f3e57353744a7d1dfd3c5cf808923b7d912e8e122ec062ec24b6f42eaa7aa5cc81624471499b6434e88ddfd5a7ff6139b2e7083",,"2026-03-09T13:00:00.000","30","UNKNOWN","UNKNOWN","CLEAR","DAYLIGHT","TURNING","NOT DIVIDED",,"STRAIGHT AND LEVEL","DRY","NO DEFECTS","NOT ON SCENE (DESK REPORT)","NO INJURY / DRIVE AWAY",,,,"$501 - $1,500","2026-03-09T15:02:00.000","NOT APPLICABLE","NOT APPLICABLE","2245","W","PERSHING RD","924",,,,,,,"2","NO INDICATION OF INJURY","0","0","0","0","0","2","0","13","2","3","41.8229185871","-87.6817786271","POINT (-87.681778627121 41.822918587086)"
"5bb399b86b23949e7b901aca55a48384bc89a3e11a732c0a5bde3a5851aaca90388fec8d00b6a065a23a9191954195c842dcee95037cb1c2c8b2531b7537ff6f",,"2026-03-09T13:00:00.000","30","NO CONTROLS","NO CONTROLS","CLEAR","DAYLIGHT","REAR TO FRONT","DIVIDED - W/MEDIAN BARRIER",,"STRAIGHT AND LEVEL","UNKNOWN","UNKNOWN","NOT ON SCENE (DESK REPORT)","NO INJURY / DRIVE AWAY",,,,"OVER $1,500","2026-03-09T15:00:00.000","IMPROPER BACKING","FAILING TO REDUCE SPEED TO AVOID CRASH","863","N","LA SALLE DR","1832",,,,,,,"2","NO INDICATION OF INJURY","0","0","0","0","0","2","0","13","2","3","41.8984518574","-87.6326105658","POINT (-87.632610565786 41.898451857357)"