"crash_record_id","crash_date_est_i","crash_date","posted_speed_limit","traffic_control_device","device_condition","weather_condition","lighting_condition","first_crash_type","trafficway_type","lane_cnt","alignment","roadway_surface_cond","road_defect","report_type","crash_type","intersection_related_i","private_property_i","hit_and_run_i","damage","date_police_notified","prim_contributory_cause","sec_contributory_cause","street_no","street_direction","street_name","beat_of_occurrence","photos_taken_i","statements_taken_i","dooring_i","work_zone_i","work_zone_type","workers_present_i","num_units","most_severe_injury","injuries_total","injuries_fatal","injuries_incapacitating","injuries_non_incapacitating","injuries_reported_not_evident","injuries_no_indication","injuries_unknown","crash_hour","crash_day_of_week","crash_month","latitude","longitude","location"
"72abf36f8565801bd5ad0a0fb2a80af4f669be04f69b4f028674221f2167a669742de76b296788893869dbe8901d7a4782fc2d2cc95a6f34cd11937d3c8e1da1",,"2026-03-09T13:00:00.000","30","NO CONTROLS","NO CONTROLS","CLEAR","DAYLIGHT","PARKED MOTOR VEHICLE","NOT DIVIDED",,"STRAIGHT AND LEVEL","DRY","NO DEFECTS","NOT ON SCENE (DESK REPORT)","NO INJURY / DRIVE AWAY",,,,"$501 - $1,500","2026-03-10T11:10:00.000","UNABLE TO DETERMINE","NOT APPLICABLE","10","S","LOWER WACKER DR","122",,,,,,,"2","NO INDICATION OF INJURY","0","0","0","0","0","1","0","13","2","3","41.881652852","-87.6371989852","POINT (-87.6371989852 41.881652851998)"
"dfb703a2274bff87d611a0c3984132f0db68d21d334b3ccba221a1e1b7fd054c574a15092e9bfbd98b12f3c20a45c1ea115438799902b720869d1335e44a41b9",,"2026-03-09T12:50:00.000","30","UNKNOWN","UNKNOWN","CLEAR","DAYLIGHT","REAR END","UNKNOWN INTERSECTION TYPE",,"STRAIGHT AND LEVEL","DRY","UNKNOWN","NOT ON SCENE (DESK REPORT)","NO INJURY / DRIVE AWAY",,,"Y","OVER $1,500","2026-03-09T13:40:00.000","FOLLOWING TOO CLOSELY","UNABLE TO DETERMINE","622","W","ROOSEVELT RD","124",,,,,,,"2","NO INDICATION OF INJURY","0","0","0","0","0","2","0","12","2","3","41.8673165142","-87.6431222267","POINT (-87.643122226661 41.867316514174)"
"9e46083ed9c0d5fc390695ded7617aac6ae9b6515d2e0b4c6927ef86b305054a3a435c6de0e4d4cd0041eae360889869f9e62320da59e4659a19bf5b95add121",,"2026-03-09T12:45:00.000","20","NO CONTROLS","FUNCTIONING PROPERLY","CLEAR","DAYLIGHT","REAR END","NOT DIVIDED",,"STRAIGHT AND LEVEL","DRY","NO DEFECTS","NOT ON SCENE (DESK REPORT)","NO INJURY / DRIVE AWAY",,,"Y","OVER $1,500","2026-03-09T13:20:00.000","UNABLE TO DETERMINE","UNABLE TO DETERMINE","100","N","WESTERN AVE","1222",,,,,,,"2","NO INDICATION OF INJURY","0","0","0","0","0","2","0","12","2","3","41.8830365754","-87.6866324686","POINT (-87.686632468607 41.883036575386)"
"585800b7408750538ae8ab9b0971fdca98ae8056b98565dfec1e58348821876d3dcfc2ab2a45f60116b43f9549651981ee3f11313bc34974f3ff1b2a5b7e69c7",,"2026-03-09T12:40:00.000","35","UNKNOWN","UNKNOWN","UNKNOWN","UNKNOWN","TURNING","UNKNOWN",,"STRAIGHT AND LEVEL","DRY","NO DEFECTS","NOT ON SCENE (DESK REPORT)","NO INJURY / DRIVE AWAY",,,"Y","$501 - $1,500","2026-03-10T11:20:00.000","UNABLE TO DETERMINE","UNABLE TO DETERMINE","8700","S","LAFAYETTE AVE","634",,,,,,,"2","NO INDICATION OF INJURY","0","0","0","0","0","2","0","12","2","3","41.7361651101","-87.625587569","POINT (-87.625587568999 41.736165110086)"
"db28d5fc1264597f8fcf198efcdf65e958732ea1514d53d94a4400aedb879417c5001f6d68b89f70a98953adc309b792a1e3b4a95f24771743a49c01988414b2",,"2026-03-09T12:35:00.000","15","NO CONTROLS","NO CONTROLS","CLEAR","DAYLIGHT","ANGLE","NOT DIVIDED",,"STRAIGHT AND LEVEL","DRY","NO DEFECTS","ON SCENE","NO INJURY / DRIVE AWAY",,,,"$500 OR LESS","2026-03-09T12:35:00.000","FAILING TO YIELD RIGHT-OF-WAY","FAILING TO YIELD RIGHT-OF-WAY","7850","W","ADDISON ST","1631",,,,,,,"2","NO INDICATION OF INJURY","0","0","0","0","0","2","0","12","2","3","41.9452125788","-87.8237277802","POINT (-87.823727780177 41.945212578835)"
"0d03646777672dd35cc673e0bcf19d89c731b21ec0cbe6e839e70268fac72832d2d95dba161b942956a5afbfe6f5c7a5bf780a940bf40c76e6d3515ebea85074",,"2026-03-09T12:30:00.000","15","NO CONTROLS","NO CONTROLS","CLEAR","DAYLIGHT","PARKED MOTOR VEHICLE","OTHER",,"STRAIGHT AND LEVEL","DRY","NO DEFECTS","NOT ON SCENE (DESK REPORT)","NO INJURY / DRIVE AWAY",,"Y","Y","OVER $1,500","2026-03-09T14:00:00.000","FAILING TO YIELD RIGHT-OF-WAY","FAILING TO YIELD RIGHT-OF-WAY","1121","S","JEFFERSON ST","124",,,,,,,"2","NO INDICATION OF INJURY","0","0","0","0","0","1","0","12","2","3","41.86833974","-87.6420790222","POINT (-87.642079022152 41.868339739959)"
"5cfe203ac9a5a8122d8984242fc46548b444689cf8c1976b4b3537f226b35e69eee86e24b94da562ce2b4d04d50d6ad08f590376476d18c3a520a31f7cf140e1",,"2026-03-09T12:30:00.000","30","STOP SIGN/FLASHER","FUNCTIONING PROPERLY","CLEAR","DAYLIGHT","REAR END","ONE-WAY",,"STRAIGHT AND LEVEL","DRY","NO DEFECTS","ON SCENE","NO INJURY / DRIVE AWAY",,,,"OVER $1,500","2026-03-09T12:51:00.000","FOLLOWING TOO CLOSELY","FAILING TO REDUCE SPEED TO AVOID CRASH","11103","S","FAIRFIELD AVE","2212",,,,,,,"3","NO INDICATION OF INJURY","0","0","0","0","0","3","0","12","2","3","41.6915557819","-87.6896099622","POINT (-87.689609962197 41.691555781915)"
"6b2f0131ba1cf9f948cd5653a42ca6dacbfebc6c2fe1b8f857d69ee6fd655fbee3f5c7b1f7409deeb1269bf575c91c56374abe7cccbce21ea610c6abbcf579ea","Y","2026-03-09T12:30:00.000","25","NO CONTROLS","NO CONTROLS","CLEAR","DAYLIGHT","PARKED MOTOR VEHICLE","NOT DIVIDED",,"STRAIGHT AND LEVEL","DRY","NO DEFECTS","ON SCENE","NO INJURY / DRIVE AWAY",,,,"OVER $1,500","2026-03-09T18:06:00.000","FOLLOWING TOO CLOSELY","DRIVING SKILLS/KNOWLEDGE/EXPERIENCE","1010","N","MARSHFIELD AVE","1213",,,,,,,"2","NO INDICATION OF INJURY","0","0","0","0","0","1","0","12","2","3","41.9000371299","-87.6687621139","POINT (-87.668762113871 41.900037129929)"
"9a904a2d12020745c052ead22c01315f3cd466d4783c8b76d9676968380749bbe6e03cf0bf17154bfdc951d6faeeb708154fc3402eb096df83aa9badd99cc991",,"2026-03-09T12:25:00.000","30","TRAFFIC SIGNAL","FUNCTIONING PROPERLY","CLEAR","DAYLIGHT","REAR TO FRONT","NOT DIVIDED",,"STRAIGHT AND LEVEL","DRY","NO DEFECTS","NOT ON SCENE (DESK REPORT)","NO INJURY / DRIVE AWAY","Y",,,"OVER $1,500","2026-03-09T12:45:00.000","IMPROPER BACKING","NOT APPLICABLE","3858","S","MORGAN ST","915",,,,,,,"2","NO INDICATION OF INJURY","0","0","0","0","0","2","0","12","2","3","41.8234449019","-87.6509338221","POINT (-87.650933822147 41.823444901893)"
"9eaf7d6d429566f1186bd2a8836d9a95d8ae6dd481b0e27cc48594cc0780a7407efc70690b6f7f29c7a5abc8e3b898595ecc5ac642bac8d209fca34ed5d33480",,"2026-03-09T12:25:00.000","10","NO CONTROLS","NO CONTROLS","UNKNOWN","UNKNOWN","REAR END","OTHER",,"STRAIGHT AND LEVEL","UNKNOWN","UNKNOWN","NOT ON SCENE (DESK REPORT)","NO INJURY / DRIVE AWAY",,,,"$501 - $1,500","2026-03-13T15:15:00.000","UNABLE TO DETERMINE","NOT APPLICABLE","3218","W","IRVING PARK RD","1724",,,,,,,"2","NO INDICATION OF INJURY","0","0","0","0","0","2","0","12","2","3","41.9540240752","-87.7087861222","POINT (-87.708786122247 41.954024075237)"
"2ed5e410daf8e243ed57f555a1e1519e5769bd29ddf5c810e0c14a0d922925db2269c2c4d408a38d95f2a459b86f6ef7ac3de7731630762ed3e93b716508f73b",,"2026-03-09T12:20:00.000","10","NO CONTROLS","NO CONTROLS","CLEAR","DAYLIGHT","OTHER OBJECT","PARKING LOT",,"STRAIGHT AND LEVEL","DRY","NO DEFECTS","ON SCENE","NO INJURY / DRIVE AWAY",,"Y",,"OVER $1,500","2026-03-09T12:31:00.000","IMPROPER BACKING","IMPROPER BACKING","2200","S","WESTERN AVE","1034",,,,,,,"1","NO INDICATION OF INJURY","0","0","0","0","0","1","0","12","2","3","41.8519838396","-87.6857857042","POINT (-87.685785704205 41.851983839573)"
"ab14c41db85bd86a088be02e803059ed4fafa51a0cb0a65ec48f44f4431fd18c7fcb35ecafc24306a9b77ac6d1e54aad48073bc898b9d4dc052d4c23db4c502e",,"2026-03-09T12:20:00.000","30","TRAFFIC SIGNAL","FUNCTIONING PROPERLY","UNKNOWN","DAYLIGHT","TURNING","FOUR WAY",,"STRAIGHT AND LEVEL","UNKNOWN","NO DEFECTS","NOT ON SCENE (DESK REPORT)","NO INJURY / DRIVE AWAY",,,,"OVER $1,500","2026-03-09T17:00:00.000","UNABLE TO DETERMINE","NOT APPLICABLE","3359","N","AUSTIN AVE","1633",,,,,,,"2","NO INDICATION OF INJURY","0","0","0","0","0","2","0","12","2","3","41.9420692311","-87.7762081818","POINT (-87.776208181849 41.942069231056)"
"171b0474c400d166e2fc6a75796760f17b75d1af6bf952e5210517de0de9ecef09dc0e0e815ed53d03bf48ca0a7b65af338b0b62de39c7a7718b3eed4fdd4da1",,"2026-03-09T12:15:00.000","25","NO CONTROLS","NO CONTROLS","CLEAR","DAYLIGHT","PARKED MOTOR VEHICLE","NOT DIVIDED",,"STRAIGHT AND LEVEL","DRY","NO DEFECTS","ON SCENE","NO INJURY / DRIVE AWAY",,,,"$500 OR LESS","2026-03-09T12:30:00.000","DISTRACTION - FROM OUTSIDE VEHICLE","NOT APPLICABLE","5046","N","SIMONDS DR","2024",,,,,,,"2","NO INDICATION OF INJURY","0","0","0","0","0","1","0","12","2","3","41.9741142427","-87.6471508386","POINT (-87.647150838623 41.974114242719)"
"7322ab583581e9ba2d7b8d2a7619dce67b2007c1cde49de2370a18a56ebb172e3a97bcc2f56269a0bc97cfbf51aa2cbb960d2fca8284f75b39ff9a2e302c1bd5",,"2026-03-09T12:14:00.000","25","NO CONTROLS","NO CONTROLS","CLEAR","DAYLIGHT","FIXED OBJECT","ONE-WAY",,"STRAIGHT AND LEVEL","DRY","NO DEFECTS","NOT ON SCENE (DESK REPORT)","NO INJURY / DRIVE AWAY",,,"Y","OVER $1,500","2026-03-11T15:15:00.000","PHYSICAL CONDITION OF DRIVER","PHYSICAL CONDITION OF DRIVER","10618","S","CALHOUN AVE","434","Y",,,,,,"1","NO INDICATION OF INJURY","0","0","0","0","0","1","0","12","2","3","41.7021755483","-87.5621570194","POINT (-87.562157019428 41.702175548328)"
"a05f285452acc0f32608c0741e82e19cec2ad88606b8036076f54967bd7776ecdad40885f0afc191be73486f4d701e7fa5343ce00b386872385b77fc78a9d4a4",,"2026-03-09T12:12:00.000","30","TRAFFIC SIGNAL","FUNCTIONING PROPERLY","CLEAR","DAYLIGHT","TURNING","DIVIDED - W/MEDIAN (NOT RAISED)",,"STRAIGHT AND LEVEL","DRY","NO DEFECTS","ON SCENE","NO INJURY / DRIVE AWAY","Y",,,"OVER $1,500","2026-03-09T12:22:00.000","FAILING TO YIELD RIGHT-OF-WAY","FOLLOWING TOO CLOSELY","3545","N","CICERO AVE","1731",,,,,,,"2","NO INDICATION OF INJURY","0","0","0","0","0","3","0","12","2","3","41.9460282247","-87.7469105537","POINT (-87.746910553739 41.946028224719)"
"1964c735f072148b3a0d55fc8458be60f1b1cb76d9dc3df44740ca17ce7074b517e9db7731287f0c3b6e06ce2e4fc9d0a33c7f96b6b1a84f81a750d187413f6b",,"2026-03-09T12:07:00.000","30","NO CONTROLS","NO CONTROLS","CLEAR","DAYLIGHT","PARKED MOTOR VEHICLE","NOT DIVIDED",,"STRAIGHT AND LEVEL","DRY","NO DEFECTS","ON SCENE","INJURY AND / OR TOW DUE TO CRASH",,,,"OVER $1,500","2026-03-09T12:08:00.000","PHYSICAL CONDITION OF DRIVER","UNABLE TO DETERMINE","2616","N","CICERO AVE","2521",,,,,,,"2","REPORTED, NOT EVIDENT","1","0","0","0","1","0","0","12","2","3","41.9284540814","-87.7466156311","POINT (-87.746615631056 41.928454081408)"
"7c58d6a629ef591794c8192530aaf5e224155ec18b45804d544e7ac1f4807fafc1335c9c2d83e4d8620a0deb0c29ef656b7f47c6aa8c8a4e5a264eec6019ac24",,"2026-03-09T12:00:00.000","20","NO CONTROLS","NO CONTROLS","CLEAR","DAYLIGHT","PARKED MOTOR VEHICLE","NOT DIVIDED",,"STRAIGHT AND LEVEL","DRY","NO DEFECTS","NOT ON SCENE (DESK REPORT)","INJURY AND / OR TOW DUE TO CRASH","Y",,"Y","OVER $1,500","2026-03-10T16:10:00.000","UNABLE TO DETERMINE","UNABLE TO DETERMINE","4705","W","FLOURNOY ST","1131",,,,,,,"2","NO INDICATION OF INJURY","0","0","0","0","0","1","0","12","2","3","41.8721997795","-87.7427629448","POINT (-87.742762944803 41.872199779518)"
"a02c4f4970abaf554782457e1b0cf2846684f58ee23773d525810b3d8ddc18cac44148e1087fe62641ac271fa59afed5ffac0267af1a595da9574f48744bbfd8",,"2026-03-09T12:00:00.000","30","TRAFFIC SIGNAL","FUNCTIONING PROPERLY","CLEAR","DAYLIGHT","ANGLE","FOUR WAY",,"STRAIGHT AND LEVEL","DRY","NO DEFECTS","ON SCENE","INJURY AND / OR TOW DUE TO CRASH","Y",,,"OVER $1,500","2026-03-09T12:05:00.000","DISREGARDING TRAFFIC SIGNALS","VISION OBSCURED (SIGNS, TREE LIMBS, BUILDINGS, ETC.)","8600","W","BRYN MAWR AVE","1614",,,,,,,"2","NONINCAPACITATING INJURY","1","0","0","1","0","1","0","12","2","3","41.9811345454","-87.8416384229","POINT (-87.841638422924 41.981134545431)"
"cf11a39d24f73eed58aaf1838326fb2076e5b3426657b85c93c436f862def47fd12ec4db2f589dfe05cefab73044faf952a4e2eac56e5bfe1223c22fe1485247",,"2026-03-09T12:00:00.000","30","NO CONTROLS","NO CONTROLS","UNKNOWN","DAYLIGHT","PARKED MOTOR VEHICLE","ONE-WAY",,"STRAIGHT AND LEVEL","UNKNOWN","NO DEFECTS","NOT ON SCENE (DESK REPORT)","NO INJURY / DRIVE AWAY",,,"Y","OVER $1,500","2026-03-11T08:00:00.000","UNABLE TO DETERMINE","UNABLE TO DETERMINE","3834","N","DRAKE AVE","1732",,,,,,,"2","NO INDICATION OF INJURY","0","0","0","0","0","1","0","12","2","3","41.9511644276","-87.7166618688","POINT (-87.716661868776 41.951164427571)"
"c9b83f4de7a5e65ae3aacb549c2dc3b2c61e642681c5d7feb6ffbd7567680cec027f56bbe9d18e91973386416e71b70b5ad4592e4f4ac52cb94b20c4728e768b",,"2026-03-09T11:51:00.000","30","TRAFFIC SIGNAL","FUNCTIONING PROPERLY","CLEAR","DAYLIGHT","PARKED MOTOR VEHICLE","DIVIDED - W/MEDIAN (NOT RAISED)",,"STRAIGHT AND LEVEL","DRY","UNKNOWN","ON SCENE","NO INJURY / DRIVE AWAY",,,"N","$500 OR LESS","2026-03-09T11:55:00.000","UNABLE TO DETERMINE","FOLLOWING TOO CLOSELY","1000","E","73RD ST","324",,,,,,,"2","NO INDICATION OF INJURY","0","0","0","0","0","3","0","11","2","3","41.7623954182","-87.6005121664","POINT (-87.600512166437 41.762395418197)"
"9a01df4a60cc4fea2512f08a172cbceadfd538882a446b72fd6c528b6d166c6a5f627ade53a779bcca729c4d767596344942cb6fdc5df2511b26f200bb81bc5e",,"2026-03-09T11:50:00.000","30","TRAFFIC SIGNAL","FUNCTIONING PROPERLY","CLEAR","DAYLIGHT","TURNING","FOUR WAY",,"STRAIGHT AND LEVEL","DRY","NO DEFECTS","NOT ON SCENE (DESK REPORT)","NO INJURY / DRIVE AWAY","Y",,,"OVER $1,500","2026-03-09T12:15:00.000","DISREGARDING ROAD MARKINGS","DRIVING SKILLS/KNOWLEDGE/EXPERIENCE","10","S","CANAL ST","121",,,,,,,"2","NO INDICATION OF INJURY","0","0","0","0","0","2","0","11","2","3","41.8815816305","-87.6398243894","POINT (-87.639824389389 41.88158163053)"
"537f0b0c120f5f982d7aee60dff029e345194670fa1f67a50491f6ac635e2af2d8428eb23f336ccac2e572256eb9ca5ca6bbd5088c9a2a91bd3c1dd1bd5b97b0",,"2026-03-09T11:45:00.000","30","NO CONTROLS","NO CONTROLS","CLEAR","DAYLIGHT","REAR TO FRONT","NOT DIVIDED",,"STRAIGHT AND LEVEL","DRY","NO DEFECTS","NOT ON SCENE (DESK REPORT)","NO INJURY / DRIVE AWAY",,,,"OVER $1,500","2026-03-09T14:15:00.000","IMPROPER BACKING","NOT APPLICABLE","2734","N","NORMANDY AVE","2512",,,,,,,"2","NO INDICATION OF INJURY","0","0","0","0","0","2","0","11","2","3","41.9301413652","-87.7931563872","POINT (-87.793156387179 41.930141365229)"
"6cc79db69b2ca5168477d29b52afec862c8eb744fb48b1ce8f4dccb23eec9b8b93f9ee611478e63b061198df3c23b17883f6ed148ea3f935c3a960ef7261e392",,"2026-03-09T11:30:00.000","30","NO CONTROLS","NO CONTROLS","CLEAR","DAYLIGHT","REAR END","DIVIDED - W/MEDIAN (NOT RAISED)",,"STRAIGHT AND LEVEL","DRY","UNKNOWN","NOT ON SCENE (DESK REPORT)","NO INJURY / DRIVE AWAY",,,,"OVER $1,500","2026-03-09T21:00:00.000","UNABLE TO DETERMINE","NOT APPLICABLE","6155","N","WESTERN AVE","2413",,,,,,,"2","NO INDICATION OF INJURY","0","0","0","0","0","2","0","11","2","3","41.9938916762","-87.6896103919","POINT (-87.689610391926 41.993891676212)"
"bbaab43a4b1dfc1844dc074e2afd34ce4b20aa24654e6ff016d1b16bf476e959fcfb1f95e22e1f556f10e38e60f1697dd88721bad420a72d503c3309eda27e76",,"2026-03-09T11:30:00.000","30","NO CONTROLS","NO CONTROLS","CLEAR","DAYLIGHT","PARKED MOTOR VEHICLE","NOT DIVIDED",,"STRAIGHT AND LEVEL","DRY","NO DEFECTS","NOT ON SCENE (DESK REPORT)","NO INJURY / DRIVE AWAY",,,"Y","$501 - $1,500","2026-03-16T14:15:00.000","UNABLE TO DETERMINE","UNABLE TO DETERMINE","5515","W","AGATITE AVE","1623",,,,,,,"2","NO INDICATION OF INJURY","0","0","0","0","0","1","0","11","2","3","41.9613062245","-87.7654659674","POINT (-87.765465967369 41.961306224496)"
"f9b1bdc6bb34e8d2782afb8b874fd347c9b1147b5506a86235330a44e811515739e1931bd1957cc59cd074e395a28d2158951af7e0fd1bd23e877e3c32fb3038",,"2026-03-09T11:30:00.000","30","TRAFFIC SIGNAL","FUNCTIONING PROPERLY","CLEAR","DAYLIGHT","REAR END","NOT DIVIDED",,"STRAIGHT AND LEVEL","DRY","NO DEFECTS",,"NO INJURY / DRIVE AWAY",,,,"$501 - $1,500","2026-03-09T13:00:00.000","FAILING TO YIELD RIGHT-OF-WAY","UNABLE TO DETERMINE","3015","W","DIVISION ST","1211",,,,,,,"3","NO INDICATION OF INJURY","0","0","0","0","0","3","0","11","2","3","41.9027679348","-87.7022444278","POINT (-87.702244427784 41.902767934755)"
"0875143d91843b1a423d0dc43ec8324844283c0f76b70fdeeadb92e76d0a945d6e31da06c39452d770454120e9b15c5c4e631bf4131ac2192108741769f7c57e",,"2026-03-09T11:29:00.000","35","UNKNOWN","UNKNOWN","CLEAR","DAYLIGHT","PEDESTRIAN","DIVIDED - W/MEDIAN (NOT RAISED)",,"STRAIGHT AND LEVEL","DRY","NO DEFECTS","ON SCENE","INJURY AND / OR TOW DUE TO CRASH",,,"Y","$500 OR LESS","2026-03-09T11:29:00.000","UNABLE TO DETERMINE","NOT APPLICABLE","7100","S","WABASH AVE","323",,,,,,,"2","NONINCAPACITATING INJURY","1","0","0","1","0","1","0","11","2","3","41.7654513957","-87.6234412543","POINT (-87.623441254312 41.765451395655)"
"dd81261d9814b25b2848f8b8d55d6ba673ed185aefa146cbb3034f44a98a7e0c8aeda0db8ae1439774e1bb0645baaaca5db4c74e2d90447dcf7bff78ea932ea2",,"2026-03-09T11:25:00.000","30","TRAFFIC SIGNAL","FUNCTIONING PROPERLY","CLEAR","DARKNESS, LIGHTED ROAD","ANGLE","FOUR WAY",,"STRAIGHT AND LEVEL","DRY","NO DEFECTS","ON SCENE","INJURY AND / OR TOW DUE TO CRASH","Y",,,"OVER $1,500","2026-03-09T23:25:00.000","DISREGARDING TRAFFIC SIGNALS","DISREGARDING TRAFFIC SIGNALS","2000","W","71ST ST","735",,,,,,,"2","NONINCAPACITATING INJURY","2","0","0","2","0","4","0","11","2","3","41.7649156415","-87.6735964405","POINT (-87.673596440497 41.764915641541)"
"9f8d6af7706e41d553858102212a31fde87999c99f7bb9c72dd7ad4cfcb7d88e1c6ef1af20af0cba54a21c4fcea2410e83779110c9821124c22778d09d347944",,"2026-03-09T11:20:00.000","10","NO CONTROLS","NO CONTROLS","CLEAR","DAYLIGHT","REAR END","PARKING LOT",,"STRAIGHT AND LEVEL","DRY","NO DEFECTS","NOT ON SCENE (DESK REPORT)","NO INJURY / DRIVE AWAY",,,,"$501 - $1,500","2026-03-09T11:48:00.000","IMPROPER BACKING","IMPROPER BACKING","6155","N","WESTERN AVE","2413",,,,,,,"2","NO INDICATION OF INJURY","0","0","0","0","0","2","0","11","2","3","41.9938916762","-87.6896103919","POINT (-87.689610391926 41.993891676212)"
"15c8422ac444856758e7b7b5993f9a4da03641b89ac2741bf78cf2e7babbc6bd25f532bb2a3e7991d5f9ffef9e7de2751b66d6848f8f2baeb044e97128b2013f",,"2026-03-09T11:16:00.000","30","NO CONTROLS","NO CONTROLS","CLEAR","DAYLIGHT","ANGLE","OTHER",,"STRAIGHT AND LEVEL","DRY","UNKNOWN","ON SCENE","NO INJURY / DRIVE AWAY",,,,"OVER $1,500","2026-03-09T11:30:00.000","IMPROPER BACKING","IMPROPER BACKING","300","N","STATE ST","1831",,,,,,,"2","NO INDICATION OF INJURY","0","0","0","0","0","2","0","11","2","3","41.8875578728","-87.6281530647","POINT (-87.628153064672 41.887557872813)"
"015d032b429638abcfdac53c5fd1dfc048960ff46ee824f868491062ff2a99dab9ceae1a7981ca734c8035a3be729b9063e57b0cdcfb1ee135b7a53566dbc2fe",,"2026-03-09T11:15:00.000","30","NO CONTROLS","NO CONTROLS","CLEAR","DAYLIGHT","PARKED MOTOR VEHICLE","NOT DIVIDED",,"STRAIGHT AND LEVEL","DRY","NO DEFECTS","ON SCENE","NO INJURY / DRIVE AWAY",,,,"OVER $1,500","2026-03-09T11:20:00.000","UNABLE TO DETERMINE","UNABLE TO DETERMINE","5943","W","IRVING PARK RD","1633",,,,,,,"2","NO INDICATION OF INJURY","0","0","0","0","0","1","0","11","2","3","41.9529568115","-87.7760850938","POINT (-87.776085093848 41.952956811507)"
"eccaf2f401b408b514f2661ca98d6c7c44f3300e60571de844fb67aef1e3b3ecb4a07fd635b48c2bca81ed9f56389df3bd495e3cbf7461386ca82c14c7a59f13","Y","2026-03-09T11:15:00.000","15","NO CONTROLS","NO CONTROLS","CLEAR","DAYLIGHT","TURNING","ONE-WAY",,"STRAIGHT AND LEVEL","DRY","NO DEFECTS","ON SCENE","NO INJURY / DRIVE AWAY",,,"Y","$500 OR LESS","2026-03-09T11:33:00.000","IMPROPER TURNING/NO SIGNAL","IMPROPER OVERTAKING/PASSING","112","W","87TH ST","622",,,,,,,"2","NO INDICATION OF INJURY","0","0","0","0","0","2","0","11","2","3","41.7363800456","-87.627509219","POINT (-87.627509219026 41.736380045588)"
"cdf73e6b9f8e4a9d90f1de6428eb9ca6caa1a604d1bc0ac4aed3f084fbc091454a7be0acf99a3d57c7605dd8af66cdc5c33f39a3ccc089f3000cb5395c4798c1",,"2026-03-09T11:04:00.000","25","NO CONTROLS","NO CONTROLS","CLEAR","DAYLIGHT","PARKED MOTOR VEHICLE","NOT DIVIDED",,"STRAIGHT AND LEVEL","DRY","NO DEFECTS","ON SCENE","INJURY AND / OR TOW DUE TO CRASH",,,,"OVER $1,500","2026-03-09T11:30:00.000","NOT APPLICABLE","NOT APPLICABLE","10041","S","VAN VLISSINGEN RD","431",,,,,,,"2","NO INDICATION OF INJURY","0","0","0","0","0","1","0","11","2","3","41.7123339025","-87.5711747464","POINT (-87.571174746438 41.712333902476)"
"46e8cdf70660b2f4b5cf6d2ea7c640c843e5c39b694ecb7561d03f3978de51a05c4502725aded2659e9ad34d42ae9967e4bc08b00f85e2b253712cee07d90165",,"2026-03-09T11:00:00.000","30","STOP SIGN/FLASHER","NO CONTROLS","CLEAR","DAYLIGHT","TURNING","T-INTERSECTION",,"STRAIGHT ON GRADE","DRY","NO DEFECTS","NOT ON SCENE (DESK REPORT)","NO INJURY / DRIVE AWAY","Y",,"Y","$500 OR LESS","2026-03-09T13:10:00.000","UNABLE TO DETERMINE","UNABLE TO DETERMINE","831","W","18TH ST","1235",,,,,,,"2","NO INDICATION OF INJURY","0","0","0","0","0","2","0","11","2","3","41.8579591911","-87.6479086023","POINT (-87.647908602275 41.857959191072)"
"a6d6cc0b719bff7580a6533ff9d6ac2b73519e842987f97bf1817457d2035a5ebeb4f9530ff553b8eaa5eddaa19deda54ae01902d0974870709343822e1b6a0a",,"2026-03-09T11:00:00.000","25","STOP SIGN/FLASHER","NO CONTROLS","CLEAR","DAYLIGHT","ANGLE","T-INTERSECTION",,"STRAIGHT AND LEVEL","DRY","NO DEFECTS","NOT ON SCENE (DESK REPORT)","NO INJURY / DRIVE AWAY","Y",,,"OVER $1,500","2026-03-09T16:30:00.000","FAILING TO YIELD RIGHT-OF-WAY","NOT APPLICABLE","7300","S","RACINE AVE","734",,,,,,,"2","NO INDICATION OF INJURY","0","0","0","0","0","2","0","11","2","3","41.7613691715","-87.6541658301","POINT (-87.6541658301 41.761369171548)"
"88efb445b1232b22d4a286378f8526e59e9e6410f7f339423aec2c951605c9448cf9fdea2a63cc94580a541b0c37247e6e62c7c039bbf95ea9508cb226f8c986",,"2026-03-09T10:57:00.000","30","NO CONTROLS","NO CONTROLS","CLEAR","DAYLIGHT","SIDESWIPE SAME DIRECTION","DIVIDED - W/MEDIAN (NOT RAISED)",,"STRAIGHT AND LEVEL","DRY","UNKNOWN","NOT ON SCENE (DESK REPORT)","NO INJURY / DRIVE AWAY",,,,"OVER $1,500","2026-03-09T14:15:00.000","UNABLE TO DETERMINE","UNABLE TO DETERMINE","2047","W","DIVISION ST","1212",,,,,,,"2","NO INDICATION OF INJURY","0","0","0","0","0","2","0","10","2","3","41.903046998","-87.6791193272","POINT (-87.679119327173 41.903046997993)"