"crash_record_id","crash_date_est_i","crash_date","posted_speed_limit","traffic_control_device","device_condition","weather_condition","lighting_condition","first_crash_type","trafficway_type","lane_cnt","alignment","roadway_surface_cond","road_defect","report_type","crash_type","intersection_related_i","private_property_i","hit_and_run_i","damage","date_police_notified","prim_contributory_cause","sec_contributory_cause","street_no","street_direction","street_name","beat_of_occurrence","photos_taken_i","statements_taken_i","dooring_i","work_zone_i","work_zone_type","workers_present_i","num_units","most_severe_injury","injuries_total","injuries_fatal","injuries_incapacitating","injuries_non_incapacitating","injuries_reported_not_evident","injuries_no_indication","injuries_unknown","crash_hour","crash_day_of_week","crash_month","latitude","longitude","location"
"2da65e4acf33ad4609c22f83679b0cc38c0aed2019bf8408623d89e30921a41a248548d846404ef133a70a958206fcdecf70f03bc2f9cd821d39aec685d562e6",,"2026-03-09T10:50:00.000","10","NO CONTROLS","NO CONTROLS","CLEAR","DAYLIGHT","REAR END","PARKING LOT",,"STRAIGHT AND LEVEL","DRY","NO DEFECTS","NOT ON SCENE (DESK REPORT)","NO INJURY / DRIVE AWAY",,"Y",,"OVER $1,500","2026-03-09T11:15:00.000","NOT APPLICABLE","UNABLE TO DETERMINE","2746","N","CLYBOURN AVE","1931",,,,,,,"3","NO INDICATION OF INJURY","0","0","0","0","0","3","0","10","2","3","41.9310210058","-87.6768640181","POINT (-87.676864018134 41.931021005798)"
"716e156da4854dc473eb241cd518546d8315df4447e0ba8fb44c4da994e74a287fa22e936a77b87cb4ca59e37031025cb444a5206b70bc54b9494812c88821ab",,"2026-03-09T10:46:00.000","15","NO CONTROLS","NO CONTROLS","CLEAR","DAYLIGHT","PARKED MOTOR VEHICLE","PARKING LOT",,"STRAIGHT AND LEVEL","DRY","NO DEFECTS","ON SCENE","NO INJURY / DRIVE AWAY",,,,"$501 - $1,500","2026-03-09T10:47:00.000","NOT APPLICABLE","NOT APPLICABLE","112","W","111TH PL","522",,,,,,,"2","NO INDICATION OF INJURY","0","0","0","0","0","1","0","10","2","3","41.6917520426","-87.6262917425","POINT (-87.62629174248 41.691752042558)"
"695e57025197f85ffa34d27af505d2907a707b29f90e182af2ec5a7344ec826f96d07d8630a7bfd757583c3c7966cb209932064d6d6b86ac855ad73be35e1f4f","Y","2026-03-09T10:41:00.000","30","NO CONTROLS","NO CONTROLS","CLEAR","UNKNOWN","PARKED MOTOR VEHICLE","ONE-WAY",,"STRAIGHT AND LEVEL","DRY","NO DEFECTS","ON SCENE","NO INJURY / DRIVE AWAY",,,"Y","OVER $1,500","2026-03-09T10:42:00.000","UNABLE TO DETERMINE","NOT APPLICABLE","5035","W","WELLINGTON AVE","2521",,,,,,,"2","NO INDICATION OF INJURY","0","0","0","0","0","1","0","10","2","3","41.9349895678","-87.7530634559","POINT (-87.753063455899 41.934989567799)"
"56605628fa49c27c03b63dc29f24ec4cdf20d28392f9db4fe158add7be7a8050577944789b59ab1b9a31a4ddb4ee5a76520dfc9b7f2ec98610e0007fd36e1433",,"2026-03-09T10:26:00.000","30","TRAFFIC SIGNAL","FUNCTIONING PROPERLY","CLEAR","DAYLIGHT","ANGLE","NOT DIVIDED",,"STRAIGHT AND LEVEL","DRY","NO DEFECTS","NOT ON SCENE (DESK REPORT)","NO INJURY / DRIVE AWAY","Y",,,"$501 - $1,500","2026-03-09T11:30:00.000","DISREGARDING TRAFFIC SIGNALS","NOT APPLICABLE","2600","S","DR MARTIN LUTHER KING JR DR","133",,,,,,,"2","NO INDICATION OF INJURY","0","0","0","0","0","2","0","10","2","3","41.8456529118","-87.617816391","POINT (-87.617816391009 41.845652911763)"
"7126046b3394679440253db2d9082a1a2d3785791582b8ab3e74b2f2687071b3ed59d2126e6934349b7d88802f7e35902df6666fe83fde26eaf8372c91079854","Y","2026-03-09T10:26:00.000","30","TRAFFIC SIGNAL","FUNCTIONING PROPERLY","CLEAR","DAYLIGHT","TURNING","FOUR WAY",,"STRAIGHT AND LEVEL","DRY","NO DEFECTS","ON SCENE","INJURY AND / OR TOW DUE TO CRASH","Y",,"Y","OVER $1,500","2026-03-09T10:29:00.000","IMPROPER LANE USAGE","IMPROPER TURNING/NO SIGNAL","398","W","79TH ST","623",,,,,,,"2","NO INDICATION OF INJURY","0","0","0","0","0","2","0","10","2","3","41.7508936249","-87.6341764273","POINT (-87.634176427344 41.75089362487)"
"36d0269ee7edf987d8cbcaf153946fbf8c165f77968db8b70b2746e0d5dc0c1f856173465558deeff7f1dd60ef332a81870f55ce78d522c71082cfcc514461eb",,"2026-03-09T10:22:00.000","30","NO CONTROLS","NO CONTROLS","CLEAR","DAYLIGHT","REAR END","NOT DIVIDED",,"STRAIGHT AND LEVEL","DRY","NO DEFECTS","NOT ON SCENE (DESK REPORT)","NO INJURY / DRIVE AWAY",,,,"OVER $1,500","2026-03-09T11:15:00.000","FAILING TO REDUCE SPEED TO AVOID CRASH","FAILING TO REDUCE SPEED TO AVOID CRASH","111","E","WACKER DR","114",,,,,,,"2","NO INDICATION OF INJURY","0","0","0","0","0","2","0","10","2","3","41.8880794261","-87.6240473698","POINT (-87.624047369764 41.888079426105)"
"07b98b007f6db8d41bfee2eced4799d085cd2b3db7e87d4dab5946c284b7e7ee9750fe01ef5220e852b20f92e44d2bcd40e0337512022962d3d19579379628ac","Y","2026-03-09T10:00:00.000","25","STOP SIGN/FLASHER","UNKNOWN","CLEAR","DAYLIGHT","REAR TO FRONT","NOT DIVIDED",,"STRAIGHT AND LEVEL","DRY","NO DEFECTS","ON SCENE","NO INJURY / DRIVE AWAY","Y",,,"OVER $1,500","2026-03-09T10:04:00.000","FAILING TO YIELD RIGHT-OF-WAY","IMPROPER BACKING","1057","W","TAYLOR ST","1232",,,,,,,"2","NO INDICATION OF INJURY","0","0","0","0","0","2","0","10","2","3","41.8693642295","-87.6532525948","POINT (-87.65325259481 41.869364229534)"
"8208e8644e1aa57236005c0ae0cf9d498b339b730646836d0a41aa30db2e85ed9a4e256f2752ad232897904f4d16f32f184373da92c0dca0e91b01ca6caffb37",,"2026-03-09T09:56:00.000","30","TRAFFIC SIGNAL","FUNCTIONING PROPERLY","CLEAR","DAYLIGHT","ANGLE","DIVIDED - W/MEDIAN (NOT RAISED)",,"STRAIGHT AND LEVEL","DRY","NO DEFECTS","ON SCENE","INJURY AND / OR TOW DUE TO CRASH","Y",,,"$501 - $1,500","2026-03-09T09:59:00.000","DISTRACTION - FROM INSIDE VEHICLE","FAILING TO YIELD RIGHT-OF-WAY","7098","S","INDIANA AVE","322",,,,,,,"2","NO INDICATION OF INJURY","0","0","0","0","0","2","0","9","2","3","41.7657002914","-87.6202595786","POINT (-87.620259578566 41.765700291439)"
"a37895919ea7fb9ab2c3efda4cbdb1de0f3dc26aebfbe6fcbcecfcaef5417b8b1ac68a90af3b5051d5215e74f99182bec6f09c2b9d8a48617721564793cdd578",,"2026-03-09T09:46:00.000","30","NO CONTROLS","NO CONTROLS","CLEAR","DAYLIGHT","REAR END","CENTER TURN LANE",,"STRAIGHT AND LEVEL","DRY","NO DEFECTS","ON SCENE","INJURY AND / OR TOW DUE TO CRASH",,,,"OVER $1,500","2026-03-09T09:50:00.000","FOLLOWING TOO CLOSELY","NOT APPLICABLE","1063","S","CICERO AVE","1131",,"Y",,,,,"2","NONINCAPACITATING INJURY","1","0","0","1","0","1","0","9","2","3","41.867535369","-87.7446555382","POINT (-87.744655538192 41.867535369016)"
"a71c0ad111dedbcaf8e56d7c299fea9a541ce99e05b7886e1e87ac8ec3425c8061618f575c42b6f94127e5ffa680eaa3c417e1610785852be909eea04faee943",,"2026-03-09T09:46:00.000","30","NO CONTROLS","NO CONTROLS","CLEAR","DAYLIGHT","REAR END","NOT DIVIDED",,"STRAIGHT AND LEVEL","DRY","NO DEFECTS","NOT ON SCENE (DESK REPORT)","NO INJURY / DRIVE AWAY",,,,"OVER $1,500","2026-03-09T11:25:00.000","UNABLE TO DETERMINE","UNABLE TO DETERMINE","3340","N","PULASKI RD","1731",,,,,,,"2","NO INDICATION OF INJURY","0","0","0","0","0","2","0","9","2","3","41.9420026664","-87.7274198078","POINT (-87.727419807827 41.942002666379)"
"1ccb0b1bf4c98a894d1340d8f5cd6fe5982748447866033a0e8341d5cb74966510fd867a5fda58ea1745d5d560ff117231e6aad5a0c97ada206c695f0fc51b3b",,"2026-03-09T09:30:00.000","30","NO CONTROLS","NO CONTROLS","RAIN","DARKNESS","REAR END","T-INTERSECTION",,"STRAIGHT AND LEVEL","WET","NO DEFECTS","ON SCENE","NO INJURY / DRIVE AWAY","Y",,,"OVER $1,500","2026-03-09T23:17:00.000","NOT APPLICABLE","FAILING TO REDUCE SPEED TO AVOID CRASH","2200","E","130TH ST","434",,,,,,,"2","NO INDICATION OF INJURY","0","0","0","0","0","2","0","9","2","3","41.6592969527","-87.5701290445","POINT (-87.570129044549 41.659296952728)"
"bff6801965816c6017d892f2af944210991383193421435e11f06d4fceadeb6334420b7f02f65fea07164b48387915c38c3bf2570ef82a661f9bd65881cdb216",,"2026-03-09T09:30:00.000","30","STOP SIGN/FLASHER","FUNCTIONING PROPERLY","CLEAR","DAYLIGHT","PEDESTRIAN","FOUR WAY",,"STRAIGHT AND LEVEL","DRY","NO DEFECTS","NOT ON SCENE (DESK REPORT)","INJURY AND / OR TOW DUE TO CRASH","Y",,"Y","OVER $1,500","2026-03-10T20:18:00.000","FAILING TO YIELD RIGHT-OF-WAY","NOT APPLICABLE","1658","W","52ND ST","932",,,,,,,"2","NONINCAPACITATING INJURY","1","0","0","1","0","1","0","9","2","3","41.799584025","-87.6671036209","POINT (-87.667103620916 41.79958402499)"
"fdbfbfeaf513f0a78632f6e0ce49ad4869a1949f9bf3aff58eada815f00c49047ba96be5de8b00a2d60f8f2a327df14e5c3f3b9bf002e0552d48c36655eb4d98",,"2026-03-09T09:30:00.000","30","YIELD","NO CONTROLS","CLEAR","DAYLIGHT","SIDESWIPE SAME DIRECTION","RAMP",,"CURVE, LEVEL","DRY","NO DEFECTS","ON SCENE","NO INJURY / DRIVE AWAY",,,,"$501 - $1,500","2026-03-09T09:45:00.000","IMPROPER OVERTAKING/PASSING","NOT APPLICABLE","1555","N","LAKE SHORE DR SB","1814",,,,,,,"2","NO INDICATION OF INJURY","0","0","0","0","0","2","0","9","2","3","41.9111277018","-87.6255834934","POINT (-87.625583493388 41.911127701835)"
"fb2bbbf176e2826dd0fa747654bb5c1d135c8761d13cca030b51388e051c210743c01f23180dcf4bd39027011509b6f6a36360f6aa238357748cdf6503c310bf",,"2026-03-09T09:07:00.000","30","STOP SIGN/FLASHER","FUNCTIONING PROPERLY","CLEAR","DAYLIGHT","REAR END","NOT DIVIDED",,"STRAIGHT ON GRADE","DRY","NO DEFECTS","NOT ON SCENE (DESK REPORT)","NO INJURY / DRIVE AWAY",,,,"OVER $1,500","2026-03-09T09:30:00.000","FAILING TO REDUCE SPEED TO AVOID CRASH","FOLLOWING TOO CLOSELY","558","W","GRAND AVE","1214",,,,,,,"2","NO INDICATION OF INJURY","0","0","0","0","0","3","0","9","2","3","41.89137681","-87.6427346614","POINT (-87.642734661431 41.891376809965)"
"73906f0549b46d24dd445654cd707fff35d3edf9902efe694a5349afe18a2d97cc3f1de027babba8a5bfc089815ff9976bb04f908b7df07b91847bf87981e382",,"2026-03-09T09:00:00.000","40","TRAFFIC SIGNAL","FUNCTIONING PROPERLY","CLEAR","DAYLIGHT","SIDESWIPE SAME DIRECTION","DIVIDED - W/MEDIAN BARRIER",,"STRAIGHT AND LEVEL","DRY","NO DEFECTS","ON SCENE","NO INJURY / DRIVE AWAY",,,"N","OVER $1,500","2026-03-09T09:05:00.000","IMPROPER OVERTAKING/PASSING","NOT APPLICABLE","300","S","LAKE SHORE DR NB","114",,,,,,,"2","NO INDICATION OF INJURY","0","0","0","0","0","2","0","9","2","3","41.8783101346","-87.6175759034","POINT (-87.617575903416 41.878310134581)"
"ede5a0170709269ed9c959603f383fdba2538c9d2c4c171207d4909d0899bed606a54bcfd04f57c24c10a21850aaeb3d911224374e11588ecf0a49385c7921cf",,"2026-03-09T09:00:00.000","30","TRAFFIC SIGNAL","FUNCTIONING PROPERLY","CLEAR","DAYLIGHT","REAR END","FOUR WAY",,"STRAIGHT AND LEVEL","DRY","NO DEFECTS","NOT ON SCENE (DESK REPORT)","INJURY AND / OR TOW DUE TO CRASH","Y",,,"OVER $1,500","2026-03-09T10:00:00.000","UNABLE TO DETERMINE","UNABLE TO DETERMINE","2759","N","CICERO AVE","2521",,,,,,,"2","REPORTED, NOT EVIDENT","1","0","0","0","1","1","0","9","2","3","41.9314909676","-87.7464459494","POINT (-87.746445949379 41.931490967585)"
"0cd1b948612ce8204008123451021193bc23bf3b0dcc62de6fdcea8564c60aca8d88f9af1f93ded0c0d06b16a558c2ab0f025f5e3339b70a042dc29b4ae9a416",,"2026-03-09T08:48:00.000","30","NO CONTROLS","NO CONTROLS","CLEAR","DAYLIGHT","SIDESWIPE SAME DIRECTION","NOT DIVIDED",,"STRAIGHT AND LEVEL","DRY","NO DEFECTS","ON SCENE","INJURY AND / OR TOW DUE TO CRASH",,,,"OVER $1,500","2026-03-09T09:07:00.000","IMPROPER OVERTAKING/PASSING","FAILING TO YIELD RIGHT-OF-WAY","1048","W","NORTH AVE","1811",,,,,,,"2","NO INDICATION OF INJURY","0","0","0","0","0","2","0","8","2","3","41.9109202068","-87.6549283613","POINT (-87.654928361251 41.910920206808)"
"514c0e1af02ad5715baa26895af05a025cd8860b934d88cd529622b533620fdd30d766d8a171a76054c181e2513ea8893859988db2fdd2d2c969f3f82a51e486",,"2026-03-09T08:45:00.000","30","TRAFFIC SIGNAL","FUNCTIONING PROPERLY","CLEAR","DAYLIGHT","PARKED MOTOR VEHICLE","NOT DIVIDED",,"STRAIGHT AND LEVEL","DRY","NO DEFECTS","ON SCENE","NO INJURY / DRIVE AWAY",,,,"OVER $1,500","2026-03-09T08:53:00.000","UNABLE TO DETERMINE","UNABLE TO DETERMINE","3201","W","LAWRENCE AVE","1713",,,,,,,"2","NO INDICATION OF INJURY","0","0","0","0","0","2","0","8","2","3","41.9683411012","-87.7085288823","POINT (-87.708528882333 41.96834110122)"
"93b72cfc5a3569e2e0eec2153a16403cd743bf08e878cd3b6bd1b65100e5bb03acc33cfdd7a44a1c27def16cd7d737b3eee42f80bb026c4d7f02fcbd58e2eaf4",,"2026-03-09T08:45:00.000","30","TRAFFIC SIGNAL","FUNCTIONING PROPERLY","CLEAR","DAYLIGHT","TURNING","T-INTERSECTION",,"STRAIGHT AND LEVEL","DRY","NO DEFECTS","NOT ON SCENE (DESK REPORT)","NO INJURY / DRIVE AWAY",,,,"OVER $1,500","2026-03-09T11:50:00.000","UNABLE TO DETERMINE","UNABLE TO DETERMINE","3800","S","PULASKI RD","815",,,,,,,"2","NO INDICATION OF INJURY","0","0","0","0","0","4","0","8","2","3","41.8245084404","-87.7242346667","POINT (-87.724234666706 41.824508440396)"
"04de148390d3f13b7f864c70a6cb737e9d128b3b1f24b1dec482de37265effbf7842781aab512a4d496f16a37c69485e0bb2fd513ebe1ef496b8cb9bc9979569","Y","2026-03-09T08:40:00.000","30","NO CONTROLS","NO CONTROLS","CLEAR","DAYLIGHT","SIDESWIPE SAME DIRECTION","DIVIDED - W/MEDIAN BARRIER",,"STRAIGHT AND LEVEL","DRY","NO DEFECTS","ON SCENE","INJURY AND / OR TOW DUE TO CRASH",,,,"OVER $1,500","2026-03-09T08:53:00.000","FOLLOWING TOO CLOSELY","IMPROPER LANE USAGE","5461","W","LAKE ST","1523",,,,,,,"2","NO INDICATION OF INJURY","0","0","0","0","0","2","0","8","2","3","41.8871577553","-87.7626452303","POINT (-87.762645230328 41.887157755292)"
"ccd238b10b8f87ab3bfad437fbc39ca90299a004770e615883c53b69b0777074341210205f1a3cae8ccd131132f0e3f0e595baf725e0e99c111f160addd18796",,"2026-03-09T08:40:00.000","30","NO CONTROLS","NO CONTROLS","CLEAR","DAYLIGHT","PARKED MOTOR VEHICLE","ONE-WAY",,"STRAIGHT AND LEVEL","DRY","NO DEFECTS","ON SCENE","NO INJURY / DRIVE AWAY",,,"Y","OVER $1,500","2026-03-10T07:16:00.000","UNABLE TO DETERMINE","UNABLE TO DETERMINE","8120","S","INGLESIDE AVE","631",,,,,,,"2","NO INDICATION OF INJURY","0","0","0","0","0","1","0","8","2","3","41.7470049661","-87.6015721053","POINT (-87.601572105255 41.747004966116)"
"dc7e60f3845c706c83153ef6fb0b73cc6a4cbe011e8791e9aedc9345eb4a5317d91057aa6cd5a75bd8f95ddf1e76c5b8c8290534480b7e4c2eb6f2300219e28d",,"2026-03-09T08:38:00.000","30","NO CONTROLS","NO CONTROLS","CLEAR","DAYLIGHT","PARKED MOTOR VEHICLE","DIVIDED - W/MEDIAN BARRIER",,"STRAIGHT AND LEVEL","DRY","NO DEFECTS","ON SCENE","INJURY AND / OR TOW DUE TO CRASH",,,,"OVER $1,500","2026-03-09T08:41:00.000","PHYSICAL CONDITION OF DRIVER","IMPROPER LANE USAGE","6352","N","LINCOLN AVE","1711",,,,,,,"2","NO INDICATION OF INJURY","0","0","0","0","0","2","0","8","2","3","41.996734534","-87.7179321171","POINT (-87.717932117051 41.996734534039)"
"1dec53007a4ca42da43cb6b5eba4c5e7079b1983c356a862e80511d313cc9af85a3287c029cd5bfa4864c086299dccad5560be65ffac2e2be725c04b48cd1ca3",,"2026-03-09T08:35:00.000","30","TRAFFIC SIGNAL","FUNCTIONING PROPERLY","CLEAR","DAYLIGHT","TURNING","NOT DIVIDED",,"STRAIGHT AND LEVEL","DRY","NO DEFECTS","NOT ON SCENE (DESK REPORT)","NO INJURY / DRIVE AWAY","Y",,"Y","OVER $1,500","2026-03-10T19:30:00.000","IMPROPER TURNING/NO SIGNAL","FAILING TO YIELD RIGHT-OF-WAY","3600","N","LAKE SHORE DR","1925","Y",,,,,,"2","NO INDICATION OF INJURY","0","0","0","0","0","2","0","8","2","3","41.9486836744","-87.6436497585","POINT (-87.643649758505 41.948683674375)"
"4ea96db87acbd6a4bfabc83a78bd515b8d0db8fa7788642164e5202dfa6c77530a38ee61e9a27e9e0d17b89c91e390d47011f762ac054e089b8b12d023ad038b",,"2026-03-09T08:30:00.000","10","NO CONTROLS","NO CONTROLS","CLEAR","DAYLIGHT","PARKED MOTOR VEHICLE","PARKING LOT",,"STRAIGHT AND LEVEL","DRY","NO DEFECTS","NOT ON SCENE (DESK REPORT)","NO INJURY / DRIVE AWAY",,,"Y","OVER $1,500","2026-03-09T18:30:00.000","UNABLE TO DETERMINE","UNABLE TO DETERMINE","2345","S","CHRISTIANA AVE","1024",,,,,,,"2","NO INDICATION OF INJURY","0","0","0","0","0","1","0","8","2","3","41.8485793015","-87.7086695409","POINT (-87.708669540912 41.848579301506)"
"ec3d14fa3fad1456fe887bd9d349a26fbe35a6b7b2599d171a16e3ca31930943fce0eb37f7fce6825b16f25816dd6176020c685a54d269517ff60edf8ade102d",,"2026-03-09T08:30:00.000","30","NO CONTROLS","NO CONTROLS","CLEAR","DAYLIGHT","PARKED MOTOR VEHICLE","NOT DIVIDED",,"STRAIGHT AND LEVEL","DRY","NO DEFECTS","NOT ON SCENE (DESK REPORT)","NO INJURY / DRIVE AWAY",,,,"OVER $1,500","2026-03-09T11:05:00.000","UNABLE TO DETERMINE","UNABLE TO DETERMINE","350","W","HUBBARD ST","1831",,,,,,,"2","NO INDICATION OF INJURY","0","0","0","0","0","3","0","8","2","3","41.8900472489","-87.6374673818","POINT (-87.63746738177 41.890047248889)"
"be09573480a5413ce182fe1600d09f53470751d7eb708b091c25267d52ba71cd564bc62b65eba4361d64a04df179943c08ca3fe169892d60a3ef60bf01d72636",,"2026-03-09T08:25:00.000","30","NO CONTROLS","NO CONTROLS","CLEAR","DAYLIGHT","SIDESWIPE SAME DIRECTION","DIVIDED - W/MEDIAN (NOT RAISED)",,"STRAIGHT AND LEVEL","DRY","NO DEFECTS","ON SCENE","NO INJURY / DRIVE AWAY",,,,"OVER $1,500","2026-03-09T08:37:00.000","IMPROPER OVERTAKING/PASSING","IMPROPER OVERTAKING/PASSING","2821","W","DIVISION ST","1211",,,,,,,"2","NO INDICATION OF INJURY","0","0","0","0","0","3","0","8","2","3","41.9028073873","-87.6978797733","POINT (-87.69787977327 41.902807387275)"
"f7465224b3d7b5bb633638b8c95b033e794242d69f73a15759295c15b94c7ccda13af68d3ccc6ae29ac42a360606f0cc769fde82c36b98a73316d859ac58adf4",,"2026-03-09T08:24:00.000","30","TRAFFIC SIGNAL","FUNCTIONING PROPERLY","CLEAR","DAYLIGHT","PEDALCYCLIST","FOUR WAY",,"STRAIGHT AND LEVEL","DRY","UNKNOWN","ON SCENE","INJURY AND / OR TOW DUE TO CRASH",,,,"$501 - $1,500","2026-03-09T08:27:00.000","UNABLE TO DETERMINE","UNABLE TO DETERMINE","3900","S","CALIFORNIA AVE","921",,,,,,,"2","REPORTED, NOT EVIDENT","1","0","0","0","1","1","0","8","2","3","41.8227482278","-87.6947772933","POINT (-87.69477729328 41.822748227787)"
"8ef09c3c654f739e6566c0f53d39b90502aba01eeec4196a0b2d39c0d27a902fdf3a22fc644659ac3013aa2f2f7daea70771a634e93fb391da6141848787cace",,"2026-03-09T08:22:00.000","30","TRAFFIC SIGNAL","FUNCTIONING PROPERLY","CLEAR","DAYLIGHT","ANGLE","FOUR WAY",,"STRAIGHT AND LEVEL","DRY","NO DEFECTS","ON SCENE","INJURY AND / OR TOW DUE TO CRASH","Y",,,"OVER $1,500","2026-03-09T08:22:00.000","FAILING TO REDUCE SPEED TO AVOID CRASH","UNABLE TO DETERMINE","11100","S","LONGWOOD DR","2212",,"Y",,,,,"2","REPORTED, NOT EVIDENT","1","0","0","0","1","1","0","8","2","3","41.6919366088","-87.6720474475","POINT (-87.672047447541 41.691936608788)"
"521b9c47a9a5d5f17404bd830b53fc3216eb68530ec179234e77afc1bfa2bf50284cc38e0b245f589310d553053945a43054102a478f523f4a382dcf9ca17df8",,"2026-03-09T08:20:00.000","30","TRAFFIC SIGNAL","FUNCTIONING PROPERLY","CLEAR","DAYLIGHT","SIDESWIPE SAME DIRECTION","DIVIDED - W/MEDIAN (NOT RAISED)",,"STRAIGHT AND LEVEL","DRY","NO DEFECTS","NOT ON SCENE (DESK REPORT)","NO INJURY / DRIVE AWAY",,,,"$500 OR LESS","2026-03-09T18:30:00.000","IMPROPER LANE USAGE","NOT APPLICABLE","1540","W","DIVERSEY PKWY","1932",,,,,,,"2","NO INDICATION OF INJURY","0","0","0","0","0","2","0","8","2","3","41.9325227304","-87.6676407414","POINT (-87.66764074143 41.932522730447)"
"7f21bd35d70625312518068a43def94d3f76641388f898c4513e6fff93c22c426873390ebcd4b99cc49c8243cb3cd1154856687d71a041d832f6473a2eef3e00",,"2026-03-09T08:15:00.000","30","STOP SIGN/FLASHER","FUNCTIONING PROPERLY","CLEAR","DAYLIGHT","TURNING","FOUR WAY",,"STRAIGHT AND LEVEL","DRY","NO DEFECTS","NOT ON SCENE (DESK REPORT)","NO INJURY / DRIVE AWAY",,,"Y","OVER $1,500","2026-03-09T11:45:00.000","FAILING TO REDUCE SPEED TO AVOID CRASH","NOT APPLICABLE","4056","W","CERMAK RD","1012",,,,,,,"2","NO INDICATION OF INJURY","0","0","0","0","0","2","0","8","2","3","41.8516242511","-87.7269901246","POINT (-87.726990124575 41.851624251073)"
"e563088e713e798b439015d24d7d88308174785039d2e812afbd50093fa65c472d81002c4c4ab95ac852d30ccaa513a4a0cd0174a9e882b5a5dd7b2e68b43032",,"2026-03-09T08:15:00.000","30","NO CONTROLS","NO CONTROLS","CLEAR","DAYLIGHT","PARKED MOTOR VEHICLE","ONE-WAY",,"STRAIGHT AND LEVEL","DRY","NO DEFECTS","ON SCENE","INJURY AND / OR TOW DUE TO CRASH",,,,"OVER $1,500","2026-03-09T08:16:00.000","UNABLE TO DETERMINE","NOT APPLICABLE","8415","S","DREXEL AVE","632",,,,,,,"3","NO INDICATION OF INJURY","0","0","0","0","0","3","0","8","2","3","41.741667598","-87.602391881","POINT (-87.602391880962 41.741667597999)"
"847b649df5966eca7cc6f6f33da1fa325a882e2afa6a916a221ffe83e51ced6e70950a4631bdc97e3cceb1f62aa713c3e26c026ef47dbe5bce43f4ed9ef1c026",,"2026-03-09T08:10:00.000","30","NO CONTROLS","NO CONTROLS","CLEAR","DAYLIGHT","SIDESWIPE SAME DIRECTION","DIVIDED - W/MEDIAN BARRIER",,"STRAIGHT AND LEVEL","DRY","NO DEFECTS","NOT ON SCENE (DESK REPORT)","NO INJURY / DRIVE AWAY",,,,"OVER $1,500","2026-03-09T11:30:00.000","IMPROPER OVERTAKING/PASSING","IMPROPER LANE USAGE","4125","W","CERMAK RD","1013",,,,,,,"2","NO INDICATION OF INJURY","0","0","0","0","0","2","0","8","2","3","41.851384607","-87.7281461033","POINT (-87.728146103251 41.851384606963)"
"d9aec0d95f2337d458513a22e9cc86a75d369f0d10c42c346f6806fb76097fd3358743b5e35b181f604eef65a6ef9d4ca4aa14fb92166ef712c2f3c24854117b",,"2026-03-09T08:10:00.000","30","PEDESTRIAN CROSSING SIGN","FUNCTIONING PROPERLY","CLEAR","DAYLIGHT","REAR END","NOT DIVIDED",,"STRAIGHT AND LEVEL","DRY","NO DEFECTS","ON SCENE","NO INJURY / DRIVE AWAY","Y",,,"OVER $1,500","2026-03-09T08:13:00.000","FOLLOWING TOO CLOSELY","FOLLOWING TOO CLOSELY","3300","W","LAWRENCE AVE","1713",,"Y",,,,,"2","NO INDICATION OF INJURY","0","0","0","0","0","2","0","8","2","3","41.9685385404","-87.710984233","POINT (-87.710984232962 41.968538540359)"
"e198be233eb0a55f84afdaed44e905b00d6f34c7a1f5b33008a5d4ba32293dcea41be2b4774b9ed2d16496f9483c24aabd5627167afe0b2735c68702f8ee1a8b",,"2026-03-09T08:10:00.000","30","STOP SIGN/FLASHER","FUNCTIONING PROPERLY","CLEAR","DAYLIGHT","REAR END","FOUR WAY",,"STRAIGHT AND LEVEL","UNKNOWN","UNKNOWN","ON SCENE","INJURY AND / OR TOW DUE TO CRASH",,,"Y","$500 OR LESS","2026-03-09T08:15:00.000","FOLLOWING TOO CLOSELY","UNABLE TO DETERMINE","1700","W","TAYLOR ST","1231",,,,,,,"2","REPORTED, NOT EVIDENT","1","0","0","0","1","1","0","8","2","3","41.8693335841","-87.6689969499","POINT (-87.668996949909 41.86933358415)"
"ed28e0e69a835a8edb3dbc40cfee90112ace6b980eda4753ab365dc2d7642747022864903f0869c0c8d4e93e9d14f5cc76c3720bb20d780f41e4e561ba4409a6",,"2026-03-09T08:10:00.000","30","TRAFFIC SIGNAL","FUNCTIONING PROPERLY","CLEAR","DAYLIGHT","TURNING","FOUR WAY",,"STRAIGHT AND LEVEL","DRY","NO DEFECTS","ON SCENE","NO INJURY / DRIVE AWAY",,,,"OVER $1,500","2026-03-09T08:10:00.000","IMPROPER TURNING/NO SIGNAL","IMPROPER TURNING/NO SIGNAL","5500","S","CALIFORNIA AVE","824",,,,,,,"2","NO INDICATION OF INJURY","0","0","0","0","0","3","0","8","2","3","41.7935975128","-87.6939420481","POINT (-87.6939420481 41.793597512795)"
"0ae499e78f73adc468c2591e1ea2685e409ece6028f24eb5a4b59b28a1f6f7240c8cb45a8833f7e7ed9d5a3594e9bed93bd68bc811a46fccfdde7118d76575f7",,"2026-03-09T08:05:00.000","30","TRAFFIC SIGNAL","UNKNOWN","CLEAR","DAYLIGHT","ANGLE","DIVIDED - W/MEDIAN (NOT RAISED)",,"STRAIGHT AND LEVEL","DRY","NO DEFECTS","ON SCENE","INJURY AND / OR TOW DUE TO CRASH","Y",,,"OVER $1,500","2026-03-09T08:33:00.000","DISREGARDING TRAFFIC SIGNALS","NOT APPLICABLE","11500","S","RACINE AVE","524",,,,,,,"2","NONINCAPACITATING INJURY","1","0","0","1","0","1","0","8","2","3","41.684859123","-87.652019493","POINT (-87.652019492954 41.684859122993)"