"crash_record_id","crash_date_est_i","crash_date","posted_speed_limit","traffic_control_device","device_condition","weather_condition","lighting_condition","first_crash_type","trafficway_type","lane_cnt","alignment","roadway_surface_cond","road_defect","report_type","crash_type","intersection_related_i","private_property_i","hit_and_run_i","damage","date_police_notified","prim_contributory_cause","sec_contributory_cause","street_no","street_direction","street_name","beat_of_occurrence","photos_taken_i","statements_taken_i","dooring_i","work_zone_i","work_zone_type","workers_present_i","num_units","most_severe_injury","injuries_total","injuries_fatal","injuries_incapacitating","injuries_non_incapacitating","injuries_reported_not_evident","injuries_no_indication","injuries_unknown","crash_hour","crash_day_of_week","crash_month","latitude","longitude","location"
"fff979ac02a7d22c661c62fe25aab90061594a42d07e358b988b2f7e3a4f30721a1a6ddb7a0c9b88131f0782ffc0a740741d87fd5391e330a49d9e7a666b7d3c",,"2026-03-09T08:04:00.000","30","STOP SIGN/FLASHER","FUNCTIONING PROPERLY","CLEAR","DAYLIGHT","PARKED MOTOR VEHICLE","ONE-WAY",,"STRAIGHT AND LEVEL","DRY","NO DEFECTS","ON SCENE","NO INJURY / DRIVE AWAY",,,,"$501 - $1,500","2026-03-09T08:05:00.000","DRIVING SKILLS/KNOWLEDGE/EXPERIENCE","UNABLE TO DETERMINE","4959","N","ALBANY AVE","1713",,,,,,,"2","NO INDICATION OF INJURY","0","0","0","0","0","9","0","8","2","3","41.9720217817","-87.7059854218","POINT (-87.705985421821 41.972021781737)"
"01f4d31d92d9819289fc6fecdfb410755a95e0790a0a4f580ff7742476e6ec567a077fb2e80ac46fbf073d1538c29c01dbc19688f0f0ebba34b11ee1f76a8b6e",,"2026-03-09T08:00:00.000","10","NO CONTROLS","NO CONTROLS","CLEAR","DAYLIGHT","PARKED MOTOR VEHICLE","NOT DIVIDED",,"STRAIGHT AND LEVEL","DRY","UNKNOWN","NOT ON SCENE (DESK REPORT)","NO INJURY / DRIVE AWAY",,,"Y","OVER $1,500","2026-03-09T14:12:00.000","UNABLE TO DETERMINE","UNABLE TO DETERMINE","651","E","82ND ST","631",,,,,,,"2","NO INDICATION OF INJURY","0","0","0","0","0","1","0","8","2","3","41.7456426228","-87.6079006372","POINT (-87.607900637161 41.745642622798)"
"1d2730fa6671197210d921a8655223db99b7dcec2626d476e998eef1e3c46797e205a179945fe4c5c02559626323c5c1f8d68f93fe9e55a441c54ccdd887080f",,"2026-03-09T08:00:00.000","30","NO CONTROLS","NO CONTROLS","CLEAR","DAYLIGHT","SIDESWIPE SAME DIRECTION","DIVIDED - W/MEDIAN (NOT RAISED)",,"STRAIGHT AND LEVEL","DRY","NO DEFECTS","NOT ON SCENE (DESK REPORT)","INJURY AND / OR TOW DUE TO CRASH",,,,"$501 - $1,500","2026-03-09T09:20:00.000","UNABLE TO DETERMINE","UNABLE TO DETERMINE","7627","S","STONY ISLAND AVE","411",,,,,,,"2","REPORTED, NOT EVIDENT","1","0","0","0","1","4","0","8","2","3","41.7561417207","-87.585529792","POINT (-87.585529791956 41.756141720684)"
"46c7957befc3f7115eda254f620ed8a854adc6da967436d621826f7b27393f98af9f2c480a896eac389d74bb65df3f39ba5000b3e9e6437b41e5e901e97dd0e9","Y","2026-03-09T08:00:00.000","30","STOP SIGN/FLASHER","FUNCTIONING PROPERLY","CLEAR","DAYLIGHT","TURNING","NOT DIVIDED",,"STRAIGHT AND LEVEL","DRY","NO DEFECTS","NOT ON SCENE (DESK REPORT)","NO INJURY / DRIVE AWAY",,,,"$501 - $1,500","2026-03-09T09:00:00.000","IMPROPER TURNING/NO SIGNAL","IMPROPER TURNING/NO SIGNAL","2800","W","JARVIS AVE","2411",,,,,,,"2","NO INDICATION OF INJURY","0","0","0","0","0","2","0","8","2","3","42.0158079872","-87.6997704628","POINT (-87.699770462774 42.015807987219)"
"5947f82821dab6a211b4f1af50a0983c014936cfdf3328b48ddac7dc14a999e288897259e1d69008ed8c079aabcdefc3536967790979dd75f41ef46e47b5d07b",,"2026-03-09T08:00:00.000","30","NO CONTROLS","NO CONTROLS","CLEAR","DAYLIGHT","REAR TO FRONT","ONE-WAY",,"STRAIGHT AND LEVEL","DRY","NO DEFECTS","ON SCENE","NO INJURY / DRIVE AWAY",,,,"$501 - $1,500","2026-03-09T08:30:00.000","NOT APPLICABLE","UNABLE TO DETERMINE","3029","W","BELDEN AVE","1414",,,,,,,"2","NO INDICATION OF INJURY","0","0","0","0","0","2","0","8","2","3","41.923149604","-87.7033893556","POINT (-87.703389355561 41.923149603974)"
"70cba10e8855d77ed39db9152fc3516facfddaf04058251dd94bb99a7b74831b99bef0175a84a9e564d2a110b89de118af9aac40b82afe8912f94534895b4a9a",,"2026-03-09T08:00:00.000","30","STOP SIGN/FLASHER","FUNCTIONING PROPERLY","CLEAR","DAYLIGHT","ANGLE","FOUR WAY",,"STRAIGHT AND LEVEL","DRY","NO DEFECTS","ON SCENE","INJURY AND / OR TOW DUE TO CRASH","Y",,,"OVER $1,500","2026-03-09T08:05:00.000","UNABLE TO DETERMINE","UNABLE TO DETERMINE","4701","N","DAMEN AVE","1912",,,,,,,"3","NO INDICATION OF INJURY","0","0","0","0","0","2","0","8","2","3","41.9669677519","-87.6789874731","POINT (-87.678987473115 41.966967751941)"
"afd1f94f6d086852fd6aecf3e1dbb966a7392bbd2d08ee0caf7871ac765a70d9bcdf77c78b6072bb382a7fc3b0f540a25b1684b101a1aab68f0a353341cd5791",,"2026-03-09T08:00:00.000","20","STOP SIGN/FLASHER","FUNCTIONING PROPERLY","CLEAR","DAYLIGHT","PEDESTRIAN","ONE-WAY",,"STRAIGHT AND LEVEL","DRY","NO DEFECTS","ON SCENE","NO INJURY / DRIVE AWAY","Y",,,"$500 OR LESS","2026-03-09T08:05:00.000","FAILING TO YIELD RIGHT-OF-WAY","UNABLE TO DETERMINE","1","W","GOETHE ST","1824",,,,,,,"2","NO INDICATION OF INJURY","0","0","0","0","0","2","0","8","2","3","41.9057089913","-87.6288071662","POINT (-87.628807166185 41.905708991292)"
"d7660550b58238235e620fc1df5deeaf7ef68b4d21d20754f501d6733b29891b86fc875f1c73f6616fed46fea2be52bdc8629f6ba4faac55b5fef70f17e038e3",,"2026-03-09T07:45:00.000","30","NO CONTROLS","NO CONTROLS","CLEAR","DAYLIGHT","REAR END","NOT DIVIDED",,"STRAIGHT AND LEVEL","DRY","UNKNOWN","NOT ON SCENE (DESK REPORT)","NO INJURY / DRIVE AWAY",,,,"OVER $1,500","2026-03-09T09:00:00.000","UNABLE TO DETERMINE","NOT APPLICABLE","2234","W","TOUHY AVE","2411",,,,,,,"2","NO INDICATION OF INJURY","0","0","0","0","0","2","0","7","2","3","42.0123616347","-87.6874871453","POINT (-87.687487145287 42.012361634684)"
"9bc9c4c70ec45e1bf07bc3e9a5691fc1cd8b662883d945b833f0a6be71bb89753c6178874940c348f023194a8bf4c48d97cd3650f41fe75cad46fabe1c555b26",,"2026-03-09T07:35:00.000","35","STOP SIGN/FLASHER","FUNCTIONING PROPERLY","CLEAR","DAYLIGHT","ANGLE","DIVIDED - W/MEDIAN BARRIER",,"STRAIGHT AND LEVEL","DRY","NO DEFECTS","NOT ON SCENE (DESK REPORT)","NO INJURY / DRIVE AWAY","Y",,,"OVER $1,500","2026-03-09T08:30:00.000","FAILING TO YIELD RIGHT-OF-WAY","FAILING TO YIELD RIGHT-OF-WAY","915","S","PAULINA ST","1231",,,,,,,"2","NO INDICATION OF INJURY","0","0","0","0","0","4","0","7","2","3","41.869951271","-87.6688413298","POINT (-87.668841329779 41.869951271047)"
"e7833a484a7e55bc6d4019d9cda2757fa7c43d74af45c0730168600099a7132b6dd13c40ead43b8746ae020c0cfd6fb62cee6d9b75023bc703d1752adf04f025",,"2026-03-09T07:35:00.000","30","TRAFFIC SIGNAL","FUNCTIONING PROPERLY","CLEAR","DAYLIGHT","TURNING","DIVIDED - W/MEDIAN BARRIER",,"STRAIGHT AND LEVEL","DRY","NO DEFECTS","NOT ON SCENE (DESK REPORT)","NO INJURY / DRIVE AWAY",,,"Y","$501 - $1,500","2026-03-09T08:15:00.000","IMPROPER OVERTAKING/PASSING","FAILING TO YIELD RIGHT-OF-WAY","800","S","HALSTED ST","1232",,,,,,,"2","NO INDICATION OF INJURY","0","0","0","0","0","3","0","7","2","3","41.8718503749","-87.6471664652","POINT (-87.647166465184 41.871850374852)"
"afb98a31a6dfac58f07d5991384565ce013a9dad6fc748fea5ad918d3a1cf861412d2998cdc3654b42d6d6a8f01b20d85f9c797ee61a88b537640c1d6d31c96e","Y","2026-03-09T07:30:00.000","30","TRAFFIC SIGNAL","FUNCTIONING PROPERLY","CLEAR","DAYLIGHT","ANGLE","FOUR WAY",,"STRAIGHT AND LEVEL","DRY","NO DEFECTS","NOT ON SCENE (DESK REPORT)","NO INJURY / DRIVE AWAY","Y","Y",,"OVER $1,500","2026-03-09T07:45:00.000","DISREGARDING TRAFFIC SIGNALS","UNABLE TO DETERMINE","6000","N","LINCOLN AVE","2413",,,,,,,"2","NO INDICATION OF INJURY","0","0","0","0","0","2","0","7","2","3","41.9903366392","-87.7075344147","POINT (-87.707534414707 41.990336639159)"
"9bfecb980e6afd70ee4cb729ee731a722b1f3fe58c427226dfe502dfcc81cec96a39574f3fc9ace2315762854afd5b983b358870a0e7004921a1fc2ddda74c99",,"2026-03-09T07:27:00.000","30","TRAFFIC SIGNAL","FUNCTIONING PROPERLY","CLEAR","DAYLIGHT","TURNING","DIVIDED - W/MEDIAN (NOT RAISED)",,"STRAIGHT AND LEVEL","DRY","NO DEFECTS","ON SCENE","INJURY AND / OR TOW DUE TO CRASH","Y",,,"OVER $1,500","2026-03-09T07:28:00.000","UNABLE TO DETERMINE","NOT APPLICABLE","4500","W","LAKE ST","1113",,,,,,,"2","NO INDICATION OF INJURY","0","0","0","0","0","2","0","7","2","3","41.8862827142","-87.7382065929","POINT (-87.738206592881 41.886282714158)"
"ed63b402688a62ead8e521ee3ca6a9d50a416efc3b52d4f08b3ea1f27e4569299a5a3f29e64c096d50935e07f584f26793d59314634bfe063efc613d81f5602c",,"2026-03-09T07:17:00.000","35","NO CONTROLS","NO CONTROLS","CLEAR","DAYLIGHT","ANGLE","PARKING LOT",,"STRAIGHT AND LEVEL","DRY","UNKNOWN","ON SCENE","INJURY AND / OR TOW DUE TO CRASH",,,"Y","OVER $1,500","2026-03-09T07:17:00.000","OPERATING VEHICLE IN ERRATIC, RECKLESS, CARELESS, NEGLIGENT OR AGGRESSIVE MANNER","OPERATING VEHICLE IN ERRATIC, RECKLESS, CARELESS, NEGLIGENT OR AGGRESSIVE MANNER","5320","S","PULASKI RD","815","Y",,,,,,"2","NONINCAPACITATING INJURY","2","0","0","2","0","3","0","7","2","3","41.7961975914","-87.7233918834","POINT (-87.723391883445 41.796197591416)"
"dd586c6c22467468d1cd94cc573f675a258688a9e176053a2fcaa0c93428f5ab93008f0989ace3b91fb7b6103ff6240d890853ad0abc8d23cbaaaa585f346ca3",,"2026-03-09T07:15:00.000","25","TRAFFIC SIGNAL","FUNCTIONING PROPERLY","CLEAR","DAYLIGHT","REAR END","ONE-WAY",,"STRAIGHT AND LEVEL","DRY","NO DEFECTS","ON SCENE","NO INJURY / DRIVE AWAY",,,,"OVER $1,500","2026-03-09T07:15:00.000","UNABLE TO DETERMINE","NOT APPLICABLE","3900","S","LA SALLE ST","213",,,,,,,"2","NO INDICATION OF INJURY","0","0","0","0","0","2","0","7","2","3","41.8236423349","-87.6297873161","POINT (-87.629787316104 41.823642334896)"
"eff72c3c2cb507171c90b55ca395c3c7140be154264e885ebd7a3697f96f09ed3d9787d182798a11551fb142be86bb9521209f9aa3d04f1ef2d2fc7b627d8ddd",,"2026-03-09T07:07:00.000","25","NO CONTROLS","NO CONTROLS","CLEAR","DAYLIGHT","PARKED MOTOR VEHICLE","ONE-WAY",,"STRAIGHT AND LEVEL","DRY","NO DEFECTS","ON SCENE","INJURY AND / OR TOW DUE TO CRASH",,,,"$501 - $1,500","2026-03-09T07:11:00.000","DRIVING ON WRONG SIDE/WRONG WAY","NOT APPLICABLE","60","E","OHIO ST","1834",,,,,,,"2","REPORTED, NOT EVIDENT","1","0","0","0","1","2","0","7","2","3","41.8926253056","-87.6257263004","POINT (-87.62572630042 41.89262530563)"
"667e14f00f926318631ec5d68e84010be6bee996f0bebdb1c420b5ff3157cdbce88222524ed57284d09cda1fa89575165154dae4aeec1e7e4fdc70706e5625d1",,"2026-03-09T06:58:00.000","35","STOP SIGN/FLASHER","FUNCTIONING PROPERLY","CLEAR","DAYLIGHT","ANGLE","DIVIDED - W/MEDIAN (NOT RAISED)",,"STRAIGHT AND LEVEL","DRY","NO DEFECTS",,"INJURY AND / OR TOW DUE TO CRASH","Y",,,"OVER $1,500","2026-03-09T11:00:00.000","FAILING TO YIELD RIGHT-OF-WAY","FAILING TO YIELD RIGHT-OF-WAY","4600","W","LAKE ST","1113",,,,,,,"2","REPORTED, NOT EVIDENT","1","0","0","0","1","1","0","6","2","3","41.8864048359","-87.740285418","POINT (-87.740285417973 41.886404835909)"
"c2c81bba72b14badbfbc346b24f77c2e0d3b839f11bb32b39b2db102ee980897304b22e5c59ee5b8afcf080a60ebda9144fbe30f1ab9a40292d9bc5c65b168b1",,"2026-03-09T06:30:00.000","30","NO CONTROLS","NO CONTROLS","CLEAR","DAWN","FIXED OBJECT","DRIVEWAY",,"STRAIGHT AND LEVEL","DRY","NO DEFECTS","ON SCENE","INJURY AND / OR TOW DUE TO CRASH",,,,"OVER $1,500","2026-03-09T10:30:00.000","EVASIVE ACTION DUE TO ANIMAL, OBJECT, NONMOTORIST","NOT APPLICABLE","1465","W","95TH ST","2213",,,,,,,"1","NO INDICATION OF INJURY","0","0","0","0","0","1","0","6","2","3","41.7211342826","-87.6601915552","POINT (-87.660191555169 41.721134282579)"
"c51d837fd791dbfcbac55a71c254a86e619a25a6c44f9bd7920500e51f7577f4eaa6dec5dcff3e4e59016a1a93ce4e651e53902df3b010aa6d9dfe95145db74a","N","2026-03-09T06:30:00.000","15","NO CONTROLS","NO CONTROLS","CLEAR","DAYLIGHT","PARKED MOTOR VEHICLE","PARKING LOT",,"STRAIGHT AND LEVEL","DRY","NO DEFECTS","ON SCENE","NO INJURY / DRIVE AWAY",,,"Y","OVER $1,500","2026-03-09T12:13:00.000","UNABLE TO DETERMINE","NOT APPLICABLE","609","S","STATE ST","123",,,,,,,"2","NO INDICATION OF INJURY","0","0","0","0","0","1","0","6","2","3","41.8743089032","-87.6274586596","POINT (-87.627458659561 41.874308903227)"
"7a64baed019b8b347d8a6dbf47b28b81b6b50a346ae122ba75e367948229cd3b93b2afd81ff01b5e03249b5acc4c59cb15da046ae09ec741f9bc28bf70f8a765",,"2026-03-09T06:15:00.000","30","STOP SIGN/FLASHER","FUNCTIONING PROPERLY","CLEAR","DAYLIGHT","ANGLE","FOUR WAY",,"STRAIGHT AND LEVEL","DRY","NO DEFECTS","NOT ON SCENE (DESK REPORT)","INJURY AND / OR TOW DUE TO CRASH",,,"Y","OVER $1,500","2026-03-10T13:10:00.000","DISREGARDING OTHER TRAFFIC SIGNS","OPERATING VEHICLE IN ERRATIC, RECKLESS, CARELESS, NEGLIGENT OR AGGRESSIVE MANNER","2232","E","76TH ST","414",,,,,,,"2","NONINCAPACITATING INJURY","1","0","0","1","0","3","0","6","2","3","41.7572421114","-87.569953673","POINT (-87.569953673013 41.757242111432)"
"a6bbf552b3453331732e848ce4a1bf2f65d297a0d3227cc6736808a45a0c0d374542c1c7ee795f88b43b8379a4750b3a779e61815118ba8c00592cf1becf811e",,"2026-03-09T05:45:00.000","25","NO CONTROLS","NO CONTROLS","CLEAR","DAYLIGHT","PARKED MOTOR VEHICLE","ONE-WAY",,"STRAIGHT AND LEVEL","DRY","NO DEFECTS","NOT ON SCENE (DESK REPORT)","NO INJURY / DRIVE AWAY",,,,"$500 OR LESS","2026-03-09T10:40:00.000","IMPROPER BACKING","NOT APPLICABLE","251","S","KILPATRICK AVE","1113",,,,"Y","CONSTRUCTION",,"2","NO INDICATION OF INJURY","0","0","0","0","0","7","0","5","2","3","41.8769386609","-87.7425526675","POINT (-87.74255266755 41.876938660942)"
"34c0ef5f2b6450e585b9c87e8f31130ea281d34b9dd62a947c6670d80a0b4da1906969a73aae4f662ba9badbcfe4d249d879dca9a1f0fa89b5dac6d49ad3c57f",,"2026-03-09T05:33:00.000","30","STOP SIGN/FLASHER","FUNCTIONING PROPERLY","CLEAR","DARKNESS, LIGHTED ROAD","PARKED MOTOR VEHICLE","NOT DIVIDED",,"STRAIGHT AND LEVEL","DRY","WORN SURFACE","ON SCENE","NO INJURY / DRIVE AWAY",,,"Y","OVER $1,500","2026-03-09T05:34:00.000","UNABLE TO DETERMINE","UNABLE TO DETERMINE","570","W","38TH ST","915",,,,,,,"3","NO INDICATION OF INJURY","0","0","0","0","0","1","0","5","2","3","41.8254547054","-87.6410421711","POINT (-87.64104217113 41.825454705447)"
"f2a3cb568fa37edb64aaa76b640053202ade387138a518e0ac9197ff4e8253cdd818d3d301a1cae7da48ad79813782d36c797197dffba202a3437b7f47638cab",,"2026-03-09T05:30:00.000","30","NO CONTROLS","NO CONTROLS","UNKNOWN","DARKNESS, LIGHTED ROAD","SIDESWIPE SAME DIRECTION","ONE-WAY",,"STRAIGHT AND LEVEL","UNKNOWN","UNKNOWN","NOT ON SCENE (DESK REPORT)","NO INJURY / DRIVE AWAY",,,,"OVER $1,500","2026-03-09T13:35:00.000","IMPROPER OVERTAKING/PASSING","FAILING TO REDUCE SPEED TO AVOID CRASH","355","E","ERIE ST","1834",,,,,,,"2","NO INDICATION OF INJURY","0","0","0","0","0","2","0","5","2","3","41.8941336002","-87.6181791496","POINT (-87.61817914958 41.894133600184)"
"2f2539694cd5a01e6998f3176708103ffd71b000d76dc509c1c69cebe8ae07f134bdd65612cb7599cdfc4b84d11376103ed12691796017810d09ad47c26b9a75",,"2026-03-09T05:00:00.000","30","TRAFFIC SIGNAL","FUNCTIONING PROPERLY","CLEAR","DARKNESS, LIGHTED ROAD","PEDESTRIAN","FOUR WAY",,"STRAIGHT AND LEVEL","DRY","UNKNOWN","ON SCENE","INJURY AND / OR TOW DUE TO CRASH","Y",,,"OVER $1,500","2026-03-09T05:00:00.000","FAILING TO YIELD RIGHT-OF-WAY","NOT APPLICABLE","2760","N","PULASKI RD","2524",,,,,,,"2","NONINCAPACITATING INJURY","1","0","0","1","0","1","0","5","2","3","41.9317423572","-87.7271243936","POINT (-87.727124393637 41.931742357206)"
"ffcdf34ec046ca224a6ef69568c1646050f26653597c7b4c5ec98afd7517d6c548aa6b14d0a656297c733173d5762bd09fff6b35e27b808b5a45d67e9eb23145",,"2026-03-09T04:30:00.000","20","NO CONTROLS","NO CONTROLS","CLEAR","DARKNESS, LIGHTED ROAD","REAR END","NOT DIVIDED",,"STRAIGHT AND LEVEL","DRY","NO DEFECTS","ON SCENE","INJURY AND / OR TOW DUE TO CRASH",,,,"OVER $1,500","2026-03-09T04:45:00.000","FOLLOWING TOO CLOSELY","IMPROPER OVERTAKING/PASSING","12400","S","TORRENCE AVE","434",,,,,,,"2","NONINCAPACITATING INJURY","2","0","0","1","1","0","0","4","2","3","41.6701216434","-87.5594050156","POINT (-87.559405015605 41.670121643392)"
"5cff390f772dc0d6d19f36711c9d83f6cfde5e4fc1de86c6c17831e77076fd61eb234a52427a7e9e018428e1a318fc7ace38546df22ef1e4fa675c00c95ff6bf",,"2026-03-09T03:47:00.000","20","NO CONTROLS","NO CONTROLS","CLEAR","DARKNESS, LIGHTED ROAD","FIXED OBJECT","OTHER",,"STRAIGHT AND LEVEL","DRY","NO DEFECTS","ON SCENE","INJURY AND / OR TOW DUE TO CRASH",,,,"OVER $1,500","2026-03-09T03:48:00.000","UNABLE TO DETERMINE","UNABLE TO DETERMINE","6900","S","HOLLETT DR","831",,,,,,,"1","FATAL","4","1","1","2","0","0","0","3","2","3","41.7678192846","-87.7121584962","POINT (-87.712158496203 41.767819284643)"
"7df01b87b83bc54d2c605cc2b3ff9ab4f11cd4be3ffca71492da1822ade1ab96c510526500e3af88929b379a66642ab5f6f7736b552deeebef3092e53eac70e9",,"2026-03-09T03:45:00.000","30","STOP SIGN/FLASHER","NO CONTROLS","CLEAR","DAWN","PARKED MOTOR VEHICLE","NOT DIVIDED",,"STRAIGHT AND LEVEL","DRY","NO DEFECTS","NOT ON SCENE (DESK REPORT)","INJURY AND / OR TOW DUE TO CRASH",,,"Y","OVER $1,500","2026-03-10T13:08:00.000","NOT APPLICABLE","NOT APPLICABLE","4035","W","59TH ST","813",,,,,,,"2","NO INDICATION OF INJURY","0","0","0","0","0","1","0","3","2","3","41.7858141086","-87.7243312279","POINT (-87.724331227907 41.785814108641)"
"65da83c9b86c997fde022a0b6f6edaee8cbc90777803ba8682cf199fbb4842f5cd84753ae14ad409597ec8826319b6ca80c25dd959662d7b28378dbd108be99d",,"2026-03-09T03:38:00.000","30","TRAFFIC SIGNAL","FUNCTIONING PROPERLY","CLEAR","DARKNESS, LIGHTED ROAD","REAR END","DIVIDED - W/MEDIAN (NOT RAISED)",,"STRAIGHT AND LEVEL","DRY","NO DEFECTS","ON SCENE","INJURY AND / OR TOW DUE TO CRASH",,,"Y","OVER $1,500","2026-03-09T03:38:00.000","UNABLE TO DETERMINE","NOT APPLICABLE","3718","N","ELSTON AVE","1733",,,,,,,"2","NO INDICATION OF INJURY","0","0","0","0","0","2","0","3","2","3","41.948869047","-87.7123401222","POINT (-87.71234012218 41.948869046966)"
"2e18cf67cf799559f14cf92940c8b85b00c355bd256cee19877ac6c3facafe9894010afe9ff97392b289775a6675d6b064d2054284392fbf30592c9761bdafa5",,"2026-03-09T03:30:00.000","30","NO CONTROLS","NO CONTROLS","CLEAR","DARKNESS, LIGHTED ROAD","FIXED OBJECT","DIVIDED - W/MEDIAN (NOT RAISED)",,"STRAIGHT AND LEVEL","DRY","UNKNOWN","ON SCENE","INJURY AND / OR TOW DUE TO CRASH",,,"Y","OVER $1,500","2026-03-09T03:34:00.000","NOT APPLICABLE","NOT APPLICABLE","8155","S","STONY ISLAND AVE","411",,,,,,,"1","NO INDICATION OF INJURY","0","0","0","0","0","1","0","3","2","3","41.7462334095","-87.5852635455","POINT (-87.585263545538 41.746233409513)"
"12e129c3163451badd29b0ef9e1581eb27a558d9b9a92eb4902344e19cce788f01e27427c76c7ce125daf138d7440bcf3d9686137ea71f6895c139530aace7e5","N","2026-03-09T03:15:00.000","30","STOP SIGN/FLASHER","FUNCTIONING PROPERLY","CLEAR","UNKNOWN","PARKED MOTOR VEHICLE","ONE-WAY",,"STRAIGHT AND LEVEL","DRY","UNKNOWN","ON SCENE","NO INJURY / DRIVE AWAY",,,"Y","OVER $1,500","2026-03-09T09:28:00.000","UNABLE TO DETERMINE","UNABLE TO DETERMINE","10744","S","CALUMET AVE","513",,,,,,,"2","NO INDICATION OF INJURY","0","0","0","0","0","1","0","3","2","3","41.6986301525","-87.6148977675","POINT (-87.61489776749 41.698630152549)"
"e62a741914bc50e01e1b1243c199ff982966a1cc29887aa8ff5499e512a828c51ddf27f809b8828ceab666882b906d13e1aaa91ee31dd3604ad9138084726de7",,"2026-03-09T02:24:00.000","15","NO CONTROLS","NO CONTROLS","CLEAR","DARKNESS, LIGHTED ROAD","PARKED MOTOR VEHICLE","OTHER",,"STRAIGHT AND LEVEL","DRY","NO DEFECTS","ON SCENE","NO INJURY / DRIVE AWAY",,,,"$501 - $1,500","2026-03-09T02:25:00.000","UNABLE TO DETERMINE","NOT APPLICABLE","2404","S","WOLCOTT AVE","1034",,,,,,,"2","NO INDICATION OF INJURY","0","0","0","0","0","2","0","2","2","3","41.8483246554","-87.6734341567","POINT (-87.673434156694 41.848324655385)"
"90d2b30ca417d578ec07d8d4879fe817a17530094e958fdcd232553aa214e1b477ee98a925faaecfd51308e015243df29fe9c7517987adefaca54ee5d4ba23a9",,"2026-03-09T01:48:00.000","35","TRAFFIC SIGNAL","FUNCTIONING PROPERLY","CLEAR","DARKNESS, LIGHTED ROAD","ANGLE","FOUR WAY",,"STRAIGHT AND LEVEL","DRY","NO DEFECTS","ON SCENE","INJURY AND / OR TOW DUE TO CRASH","Y",,,"OVER $1,500","2026-03-09T01:48:00.000","DISREGARDING TRAFFIC SIGNALS","UNABLE TO DETERMINE","6817","S","SOUTH CHICAGO AVE","321",,,,,,,"2","REPORTED, NOT EVIDENT","2","0","0","0","2","3","0","1","2","3","41.7706229858","-87.6119986361","POINT (-87.611998636054 41.770622985834)"
"646314d8acaca2bb411e584e801af8ebd7c19fb18bcec82c9973666bc2e3df97554bb09f8385d47eac29f4c45c30e88623c97646d3b4723a6e56ebddb6ce831b",,"2026-03-09T01:29:00.000","30","NO CONTROLS","NO CONTROLS","CLEAR","DARKNESS, LIGHTED ROAD","PARKED MOTOR VEHICLE","NOT DIVIDED",,"STRAIGHT AND LEVEL","DRY","NO DEFECTS","ON SCENE","INJURY AND / OR TOW DUE TO CRASH",,,"Y","OVER $1,500","2026-03-09T01:30:00.000","UNABLE TO DETERMINE","NOT APPLICABLE","833","W","WILSON AVE","1914",,,,,,,"3","NO INDICATION OF INJURY","0","0","0","0","0","1","0","1","2","3","41.9653727533","-87.6513173773","POINT (-87.651317377325 41.965372753324)"
"c7b1f5349617411b7881a6b417074eac35cbdee238fb116bb31a42fa9da2a259900f12e511d96a86371f160cf39de14e407c84f095bb925abc61d11de52ff50b",,"2026-03-09T01:00:00.000","10","NO CONTROLS","NO CONTROLS","CLEAR","DARKNESS","PARKED MOTOR VEHICLE","NOT DIVIDED",,"STRAIGHT AND LEVEL","DRY","UNKNOWN","NOT ON SCENE (DESK REPORT)","NO INJURY / DRIVE AWAY",,,"Y","OVER $1,500","2026-03-09T14:45:00.000","UNABLE TO DETERMINE","UNABLE TO DETERMINE","6198","S","LA SALLE ST","311",,,,,,,"2","NO INDICATION OF INJURY","0","0","0","0","0","1","0","1","2","3","41.7817755912","-87.6290846856","POINT (-87.62908468559 41.781775591233)"
"79bc86d33f19afba7e267881a0cb5b983bd795b39d50e3966f6fccaa0877c53fb63a254adc01d64d7947e162261fe186f441df6c5faf69ac46819baf12854855",,"2026-03-09T00:49:00.000","30","NO CONTROLS","NO CONTROLS","CLEAR","DARKNESS, LIGHTED ROAD","HEAD ON","NOT DIVIDED",,"STRAIGHT AND LEVEL","DRY","NO DEFECTS","ON SCENE","INJURY AND / OR TOW DUE TO CRASH","Y",,,"OVER $1,500","2026-03-09T00:59:00.000","DRIVING ON WRONG SIDE/WRONG WAY","NOT APPLICABLE","1313","E","87TH ST","412",,,,,,,"2","INCAPACITATING INJURY","2","0","1","0","1","1","0","0","2","3","41.7367132584","-87.5923943655","POINT (-87.592394365536 41.736713258431)"
"f04c1dbfb5c1b3571fe2c3dbd04000528078cdad29175e7e6077e8f109a8c6034edbebb8dafc5cbb9119838b7227e4ed4eb6bd9ac106db1ec57b05cd7e8a49a3",,"2026-03-09T00:30:00.000","30","TRAFFIC SIGNAL","FUNCTIONING PROPERLY","CLEAR","DARKNESS, LIGHTED ROAD","SIDESWIPE SAME DIRECTION","DIVIDED - W/MEDIAN (NOT RAISED)",,"STRAIGHT AND LEVEL","DRY","UNKNOWN","NOT ON SCENE (DESK REPORT)","NO INJURY / DRIVE AWAY",,,"Y","$501 - $1,500","2026-03-09T00:43:00.000","FAILING TO YIELD RIGHT-OF-WAY","UNABLE TO DETERMINE","5500","S","NORMAL BLVD","711",,,,,,,"2","NO INDICATION OF INJURY","0","0","0","0","0","2","0","0","2","3","41.7940254213","-87.6380025998","POINT (-87.63800259978 41.794025421291)"