"crash_record_id","crash_date_est_i","crash_date","posted_speed_limit","traffic_control_device","device_condition","weather_condition","lighting_condition","first_crash_type","trafficway_type","lane_cnt","alignment","roadway_surface_cond","road_defect","report_type","crash_type","intersection_related_i","private_property_i","hit_and_run_i","damage","date_police_notified","prim_contributory_cause","sec_contributory_cause","street_no","street_direction","street_name","beat_of_occurrence","photos_taken_i","statements_taken_i","dooring_i","work_zone_i","work_zone_type","workers_present_i","num_units","most_severe_injury","injuries_total","injuries_fatal","injuries_incapacitating","injuries_non_incapacitating","injuries_reported_not_evident","injuries_no_indication","injuries_unknown","crash_hour","crash_day_of_week","crash_month","latitude","longitude","location"
"97025862f7a6f35bae67c250a4fa01f8f082153a4c3490005fa4f403581dfd5580b7ce005a6118f8b087684d9a6a46cad6d0f98970a4213e73da9882e57a0a31",,"2026-03-09T00:24:00.000","30","UNKNOWN","UNKNOWN","CLEAR","DARKNESS, LIGHTED ROAD","PARKED MOTOR VEHICLE","OTHER",,"STRAIGHT AND LEVEL","DRY","NO DEFECTS","NOT ON SCENE (DESK REPORT)","INJURY AND / OR TOW DUE TO CRASH",,,,"OVER $1,500","2026-03-09T00:24:00.000","NOT APPLICABLE","NOT APPLICABLE","7455","S","STATE ST","323",,,,,,,"2","REPORTED, NOT EVIDENT","1","0","0","0","1","0","0","0","2","3","41.7583559961","-87.6246160016","POINT (-87.624616001648 41.758355996099)"
"5272421c3b26e9b2c8c12ea78b35877878bbd83fadf3cc093fdc870222edca363b7f49ab3d6d21f06f6ec956583f5e0d5fd1028c5ade4f792a014e5d5c8c59f3",,"2026-03-09T00:04:00.000","30","TRAFFIC SIGNAL","FUNCTIONING PROPERLY","CLEAR","DARKNESS, LIGHTED ROAD","PARKED MOTOR VEHICLE","ONE-WAY",,"STRAIGHT AND LEVEL","DRY","WORN SURFACE","ON SCENE","NO INJURY / DRIVE AWAY",,,,"OVER $1,500","2026-03-09T00:04:00.000","DRIVING SKILLS/KNOWLEDGE/EXPERIENCE","DRIVING SKILLS/KNOWLEDGE/EXPERIENCE","3016","S","WENTWORTH AVE","914",,,,,,,"2","NO INDICATION OF INJURY","0","0","0","0","0","1","0","0","2","3","41.839156237","-87.6318473025","POINT (-87.631847302539 41.839156237023)"
"8599459b3de6a76fc466c120175867f8202f9b00183d600fca0593f1d2b6e0c49baf01f69bbf16765374dd63a6cb96f33f52b39cb95c6cd8e2893eb76d6276ee","Y","2026-03-09T00:00:00.000","30","STOP SIGN/FLASHER","UNKNOWN","UNKNOWN","UNKNOWN","PARKED MOTOR VEHICLE","DIVIDED - W/MEDIAN (NOT RAISED)",,"STRAIGHT AND LEVEL","UNKNOWN","NO DEFECTS","ON SCENE","INJURY AND / OR TOW DUE TO CRASH",,,"Y","OVER $1,500","2026-03-09T06:41:00.000","UNABLE TO DETERMINE","NOT APPLICABLE","3747","W","MARQUETTE RD","833",,,,,,,"3","NO INDICATION OF INJURY","0","0","0","0","0","1","0","0","2","3","41.7713487602","-87.7170919854","POINT (-87.717091985424 41.771348760152)"
"797bf29824ec18668debca66975762eea5bedc021953348d49570d04c17fb623b950f2c18f80cd716b3abeff0c5b83d14d303fbf459f46117e5b73c814e88b1d",,"2026-03-08T23:47:00.000","35","TRAFFIC SIGNAL","FUNCTIONING PROPERLY","CLEAR","DARKNESS, LIGHTED ROAD","TURNING","NOT DIVIDED",,"STRAIGHT AND LEVEL","DRY","NO DEFECTS","ON SCENE","INJURY AND / OR TOW DUE TO CRASH","Y",,,"OVER $1,500","2026-03-08T23:47:00.000","FAILING TO YIELD RIGHT-OF-WAY","UNABLE TO DETERMINE","1400","N","PULASKI RD","2534",,,,,,,"2","NONINCAPACITATING INJURY","3","0","0","3","0","1","0","23","1","3","41.9062502664","-87.7265567736","POINT (-87.726556773589 41.906250266381)"
"4fce804cf954aa05ef2d5de3373ca1785a9663baa61ff0ce292eac41c2ba95129818c75a4e450e5949e2c792437cd9463e2e4faede4ec79efa99d08e1ed071aa","Y","2026-03-08T23:30:00.000","25","NO CONTROLS","NO CONTROLS","CLEAR","DARKNESS, LIGHTED ROAD","PARKED MOTOR VEHICLE","ONE-WAY",,"STRAIGHT AND LEVEL","DRY","NO DEFECTS","ON SCENE","NO INJURY / DRIVE AWAY",,,"Y","OVER $1,500","2026-03-09T00:01:00.000","UNABLE TO DETERMINE","NOT APPLICABLE","1516","E","65TH PL","321",,,,,,,"2","NO INDICATION OF INJURY","0","0","0","0","0","1","0","23","1","3","41.7761771136","-87.5881399534","POINT (-87.588139953424 41.776177113614)"
"280d6a1651dde4eb4ade75e2b50b3855eccfd192cdec5ed492c1f21149ecd3d4343f7667ceae74aff430d5ef5ab42d43451679a6c7022f7990e067e2a83196b5",,"2026-03-08T23:15:00.000","30","NO CONTROLS","NO CONTROLS","CLEAR","DARKNESS, LIGHTED ROAD","SIDESWIPE SAME DIRECTION","ONE-WAY",,"STRAIGHT AND LEVEL","DRY","NO DEFECTS","NOT ON SCENE (DESK REPORT)","NO INJURY / DRIVE AWAY",,,,"OVER $1,500","2026-03-09T00:15:00.000","FAILING TO YIELD RIGHT-OF-WAY","TURNING RIGHT ON RED","169","W","ONTARIO ST","1832",,,,,,,"2","NO INDICATION OF INJURY","0","0","0","0","0","3","0","23","1","3","41.8930809814","-87.6339460742","POINT (-87.63394607418 41.893080981391)"
"7184433c8a6e2a4bf4d3b65c58b3591dd14ed2e4729ff9516a270e12747a07e16f72fcd27f2b3702c0b00fa90a6e0746ae88225bbf36620e8e3921e78695d769",,"2026-03-08T23:15:00.000","15","NO CONTROLS","NO CONTROLS","CLEAR","DARKNESS, LIGHTED ROAD","PARKED MOTOR VEHICLE","PARKING LOT",,"STRAIGHT AND LEVEL","DRY","NO DEFECTS","ON SCENE","NO INJURY / DRIVE AWAY",,,,"OVER $1,500","2026-03-08T23:35:00.000","DRIVING SKILLS/KNOWLEDGE/EXPERIENCE","UNABLE TO DETERMINE","10255","W","ZEMKE RD","1654",,,,,,,"2","NO INDICATION OF INJURY","0","0","0","0","0","1","0","23","1","3","41.9947933861","-87.8827076595","POINT (-87.882707659516 41.994793386112)"
"b50c5bafb950e4c0f41e7a935bab1713554031e5b1030eaf13bcf40cf8f16e12cbc5af34d636ca323f098d0be31797ffb4260933b00c16cd48d3956ee61383a5",,"2026-03-08T23:10:00.000","30","STOP SIGN/FLASHER","FUNCTIONING PROPERLY","CLEAR","DARKNESS, LIGHTED ROAD","ANGLE","DIVIDED - W/MEDIAN BARRIER",,"STRAIGHT AND LEVEL","DRY","NO DEFECTS","ON SCENE","INJURY AND / OR TOW DUE TO CRASH","Y",,"Y","OVER $1,500","2026-03-08T23:12:00.000","FAILING TO YIELD RIGHT-OF-WAY","FAILING TO YIELD RIGHT-OF-WAY","301","E","GARFIELD BLVD","231",,,,,,,"2","NONINCAPACITATING INJURY","1","0","0","1","0","1","0","23","1","3","41.7943136791","-87.6191321536","POINT (-87.619132153621 41.794313679095)"
"efe22e22c5d01db6bf35459d0390e1ff6a5b1673a036951358d9f98448200557e7253ddaa27493ae13734be25fdca898bad77ee356ed9266a5b8d05432ce29bb",,"2026-03-08T23:08:00.000","25","NO CONTROLS","NO CONTROLS","CLEAR","DARKNESS, LIGHTED ROAD","SIDESWIPE SAME DIRECTION","ONE-WAY",,"STRAIGHT AND LEVEL","DRY","NO DEFECTS","ON SCENE","INJURY AND / OR TOW DUE TO CRASH",,,,"OVER $1,500","2026-03-08T23:09:00.000","UNDER THE INFLUENCE OF ALCOHOL/DRUGS (USE WHEN ARREST IS EFFECTED)","HAD BEEN DRINKING (USE WHEN ARREST IS NOT MADE)","2754","W","62ND ST","825",,,,,,,"5","NONINCAPACITATING INJURY","2","0","0","1","1","2","0","23","1","3","41.7810532174","-87.6932181104","POINT (-87.693218110419 41.781053217434)"
"4acaddaa5720c80696c5e9f3fbc2beea9b581630766e6ee1ee68e39745d092bda87a2d73f7fdb1c41b128201d5d74000fbf7e55e5d2fea3cbf9673295d68ea72",,"2026-03-08T23:00:00.000","30","TRAFFIC SIGNAL","FUNCTIONING PROPERLY","CLEAR","DARKNESS, LIGHTED ROAD","REAR END","DIVIDED - W/MEDIAN (NOT RAISED)",,"STRAIGHT AND LEVEL","DRY","NO DEFECTS","NOT ON SCENE (DESK REPORT)","NO INJURY / DRIVE AWAY",,,"Y","OVER $1,500","2026-03-08T23:30:00.000","FOLLOWING TOO CLOSELY","UNABLE TO DETERMINE","78","E","PERSHING RD","213","Y",,,,,,"2","NO INDICATION OF INJURY","0","0","0","0","0","3","0","23","1","3","41.8238616621","-87.6234592528","POINT (-87.623459252843 41.82386166214)"
"ee483e5dc04d36f7ace3657f8ded89834d968e5bb245c363b5b9cb40eb770a8ed583ecc08223dc15a41c030c67a641aca32f6b6cfe559183531dff5842f5bdee",,"2026-03-08T23:00:00.000","25","NO CONTROLS","NO CONTROLS","CLEAR","DAYLIGHT","PARKED MOTOR VEHICLE","NOT DIVIDED",,"STRAIGHT AND LEVEL","DRY","NO DEFECTS","NOT ON SCENE (DESK REPORT)","INJURY AND / OR TOW DUE TO CRASH",,,,"OVER $1,500","2026-03-09T13:40:00.000","UNABLE TO DETERMINE","UNABLE TO DETERMINE","4932","W","FULTON ST","1532",,,,,,,"2","NO INDICATION OF INJURY","0","0","0","0","0","1","0","23","1","3","41.8857992885","-87.7492817348","POINT (-87.749281734797 41.885799288506)"
"7d5d3d5e320e091c9154bb84a6a84cd9ddf4200c1cc010e818b3af90edc25742d679b2aec7e199520d819aab471432ed76c4d1ff4dbf8bb5492f1093b65f35cd",,"2026-03-08T22:55:00.000","30","TRAFFIC SIGNAL","FUNCTIONING PROPERLY","CLEAR","DARKNESS, LIGHTED ROAD","ANGLE","FOUR WAY",,"STRAIGHT AND LEVEL","DRY","NO DEFECTS","ON SCENE","INJURY AND / OR TOW DUE TO CRASH","Y",,,"OVER $1,500","2026-03-08T22:57:00.000","UNABLE TO DETERMINE","UNABLE TO DETERMINE","11898","S","ASHLAND AVE","2234",,,,,,,"2","NO INDICATION OF INJURY","0","0","0","0","0","2","0","22","1","3","41.6776007693","-87.661502746","POINT (-87.661502745983 41.677600769296)"
"6aea8b3016c4b0ac5d5135b2f94af6cc05be3d78d45cdea210ec9cc2f5cbdcf56360d9bf3a5c7d3df3eb47419d65e67b1e5964df46e1a1caa32cbf861eec8f50",,"2026-03-08T22:45:00.000","30","NO CONTROLS","NO CONTROLS","CLEAR","DARKNESS, LIGHTED ROAD","SIDESWIPE SAME DIRECTION","DIVIDED - W/MEDIAN (NOT RAISED)",,"STRAIGHT AND LEVEL","DRY","NO DEFECTS","NOT ON SCENE (DESK REPORT)","INJURY AND / OR TOW DUE TO CRASH",,,,"OVER $1,500","2026-03-08T23:30:00.000","UNABLE TO DETERMINE","NOT APPLICABLE","6500","S","PULASKI RD","833",,,,,,,"2","NONINCAPACITATING INJURY","2","0","0","1","1","2","0","22","1","3","41.7749649984","-87.7228122268","POINT (-87.722812226815 41.774964998435)"
"a3ee177f9c4c338c724c5c0da5e1b6cd68db22a75f5522bb4ae35ce31467451b0eb5f25c0df377d4c1dc07bb80d4b855c423d5cac753c78b6dd78acfe442dfa4",,"2026-03-08T22:39:00.000","30","NO CONTROLS","UNKNOWN","CLEAR","DARKNESS, LIGHTED ROAD","ANGLE","NOT DIVIDED",,"STRAIGHT AND LEVEL","DRY","UNKNOWN","ON SCENE","NO INJURY / DRIVE AWAY",,,,"$501 - $1,500","2026-03-08T22:46:00.000","FAILING TO YIELD RIGHT-OF-WAY","UNABLE TO DETERMINE","23","N","WESTERN AVE","1223",,,,,,,"2","NO INDICATION OF INJURY","0","0","0","0","0","2","0","22","1","3","41.8819144601","-87.6863038519","POINT (-87.686303851898 41.881914460121)"
"19e3b3ddb3837caf59df5ce9eb01700439bbaddae1a0e1cdf0a7b56bc4d603d9abfc74a2f27b76d65c606086772d29679e25c136c559498d2944a24c6f1a562d",,"2026-03-08T22:30:00.000","30","NO CONTROLS","NO CONTROLS","CLEAR","DARKNESS, LIGHTED ROAD","REAR END","DIVIDED - W/MEDIAN (NOT RAISED)",,"STRAIGHT AND LEVEL","DRY","NO DEFECTS","NOT ON SCENE (DESK REPORT)","NO INJURY / DRIVE AWAY",,,,"OVER $1,500","2026-03-08T23:35:00.000","UNABLE TO DETERMINE","NOT APPLICABLE","1401","S","LAKE SHORE DR SB","132",,,,,,,"2","NO INDICATION OF INJURY","0","0","0","0","0","4","0","22","1","3","41.8641530913","-87.6186602973","POINT (-87.618660297344 41.864153091273)"
"5c0ee779f2f0607afb7af562ab74a441d1ab0c0b54f0eadc8a6a25f391891b19f17e9b71191aa49c20f6b7f232150dd824cafc9ef5c4ad0754e41cdba6fa50e3","Y","2026-03-08T22:30:00.000","30","NO CONTROLS","NO CONTROLS","CLEAR","DARKNESS, LIGHTED ROAD","PARKED MOTOR VEHICLE","ONE-WAY",,"STRAIGHT AND LEVEL","DRY","UNKNOWN","NOT ON SCENE (DESK REPORT)","INJURY AND / OR TOW DUE TO CRASH",,,"Y","OVER $1,500","2026-03-09T01:40:00.000","UNABLE TO DETERMINE","UNABLE TO DETERMINE","4153","W","21ST PL","1012",,,,,,,"2","NO INDICATION OF INJURY","0","0","0","0","0","1","0","22","1","3","41.852411952","-87.7293014254","POINT (-87.729301425429 41.852411951989)"
"c4934f0888294b6e7f2d21ed2c70aaf3c4b254248eaa0747e14cb13aa8f928ea2a8604500f4c949fd583cfa502741e02b2a134649244d9189efae09fe6897f7a",,"2026-03-08T22:07:00.000","30","STOP SIGN/FLASHER","FUNCTIONING PROPERLY","CLEAR","DARKNESS, LIGHTED ROAD","TURNING","NOT DIVIDED",,"STRAIGHT AND LEVEL","DRY","NO DEFECTS","ON SCENE","INJURY AND / OR TOW DUE TO CRASH",,,,"OVER $1,500","2026-03-08T22:07:00.000","FAILING TO YIELD RIGHT-OF-WAY","NOT APPLICABLE","4329","N","LARAMIE AVE","1624",,,,,,,"2","NO INDICATION OF INJURY","0","0","0","0","0","2","0","22","1","3","41.9596459963","-87.7572079512","POINT (-87.757207951171 41.959645996304)"
"e597a4d1bc6abe236701959048ecfaaf983dcb70e7e0a7a21a30329bec0da42773dc62a17d3780641f7708476a53ddd5e619e871d335f97353d2cc0b97ea05b2",,"2026-03-08T22:00:00.000","30","NO CONTROLS","NO CONTROLS","CLEAR","DARKNESS, LIGHTED ROAD","PARKED MOTOR VEHICLE","ONE-WAY",,"STRAIGHT AND LEVEL","DRY","SHOULDER DEFECT","ON SCENE","NO INJURY / DRIVE AWAY",,,,"$500 OR LESS","2026-03-08T22:00:00.000","UNDER THE INFLUENCE OF ALCOHOL/DRUGS (USE WHEN ARREST IS EFFECTED)","FAILING TO REDUCE SPEED TO AVOID CRASH","531","E","80TH ST","631",,,,,,,"2","NO INDICATION OF INJURY","0","0","0","0","0","1","0","22","1","3","41.7492431065","-87.6112995362","POINT (-87.611299536197 41.749243106459)"
"d092a9e79eaf9a3807139882dad560100584505bc037c2452ba88b5e76ff13215af3f6fed6b9ef13bddce2ee56b96fcdefb672762015013e5437580bca4acabe",,"2026-03-08T21:59:00.000","40","NO CONTROLS","NO CONTROLS","CLEAR","DARKNESS, LIGHTED ROAD","SIDESWIPE SAME DIRECTION","ONE-WAY",,"STRAIGHT AND LEVEL","DRY","NO DEFECTS","ON SCENE","NO INJURY / DRIVE AWAY",,,,"OVER $1,500","2026-03-08T22:00:00.000","FAILING TO REDUCE SPEED TO AVOID CRASH","NOT APPLICABLE","1600","S","LAKE SHORE DR SB","132",,,,,,,"2","NO INDICATION OF INJURY","0","0","0","0","0","3","0","21","1","3","41.8602208955","-87.6179433356","POINT (-87.617943335642 41.860220895539)"
"ea5294900e8f933eab258491640b280d1736e3c684f0ae8d65dd773fcb7f4223edf4c008c6ab58d7edbe1441e6694c5cf76a4b54f59e34dafc53117a821b42b7",,"2026-03-08T21:54:00.000","30","NO CONTROLS","NO CONTROLS","CLEAR","DARKNESS, LIGHTED ROAD","REAR END","DIVIDED - W/MEDIAN BARRIER",,"STRAIGHT AND LEVEL","DRY","NO DEFECTS","ON SCENE","INJURY AND / OR TOW DUE TO CRASH",,,,"OVER $1,500","2026-03-08T21:54:00.000","FOLLOWING TOO CLOSELY","NOT APPLICABLE","1800","S","LAKE SHORE DR SB","132",,,,,,,"2","REPORTED, NOT EVIDENT","1","0","0","0","1","3","0","21","1","3","41.8578490871","-87.6168408794","POINT (-87.616840879395 41.857849087118)"
"d70bc25dbe39c1ca2cd97dc1d8fc01f49ca772b815fe5cd3a170917a429d3a648ce134c33bef72b5f77e27f40d67618c019a5eb02d5f80375ad97715f0d36823",,"2026-03-08T21:47:00.000","30","NO CONTROLS","NO CONTROLS","CLEAR","DARKNESS, LIGHTED ROAD","PARKED MOTOR VEHICLE","DIVIDED - W/MEDIAN (NOT RAISED)",,"STRAIGHT AND LEVEL","DRY","NO DEFECTS","ON SCENE","INJURY AND / OR TOW DUE TO CRASH",,,,"OVER $1,500","2026-03-08T21:49:00.000","DRIVING SKILLS/KNOWLEDGE/EXPERIENCE","NOT APPLICABLE","3637","W","59TH ST","822",,,,,,,"2","INCAPACITATING INJURY","1","0","1","0","0","0","0","21","1","3","41.7859560271","-87.7147724374","POINT (-87.714772437406 41.785956027087)"
"240dbfe3fcb8460e94f495e4c1227f5b11c1c04e96a3f72c11393607f7e2183a17541631af1a338b507dfd02f6dae653b30a9320cbfdf9c212a7a0806ea79f03",,"2026-03-08T21:45:00.000","30","STOP SIGN/FLASHER","FUNCTIONING PROPERLY","CLEAR","DARKNESS, LIGHTED ROAD","ANGLE","FOUR WAY",,"STRAIGHT AND LEVEL","DRY","NO DEFECTS","NOT ON SCENE (DESK REPORT)","INJURY AND / OR TOW DUE TO CRASH",,,,"OVER $1,500","2026-03-08T23:25:00.000","UNABLE TO DETERMINE","NOT APPLICABLE","5104","S","KEELER AVE","815",,,,,,,"2","REPORTED, NOT EVIDENT","2","0","0","0","2","0","0","21","1","3","41.8002921084","-87.728412355","POINT (-87.728412354962 41.800292108449)"
"41cafe5be8793cb5c958cc6cc23cf354a15e0f2812176fdef78283bef52aa827b3f07a03615b7b15d87dcb4dcdc9f3c150d968b97cee61ba2c037de13dab8485",,"2026-03-08T21:32:00.000","30","NO CONTROLS","NO CONTROLS","CLEAR","DARKNESS, LIGHTED ROAD","PARKED MOTOR VEHICLE","ONE-WAY",,"STRAIGHT AND LEVEL","DRY","UNKNOWN","ON SCENE","NO INJURY / DRIVE AWAY",,,,"OVER $1,500","2026-03-08T21:49:00.000","UNABLE TO DETERMINE","UNABLE TO DETERMINE","3936","W","LEXINGTON ST","1132",,,,,,,"2","NO INDICATION OF INJURY","0","0","0","0","0","1","0","21","1","3","41.8717510269","-87.7244147364","POINT (-87.724414736406 41.871751026859)"
"43a515374305ded8304f3b93475da174d69d04c9592061017a3415c03baf2409a0e521008d6c8f51de7a5058b3fbc244e1037336627bdfeeb5eedb36288e3af8",,"2026-03-08T21:31:00.000","30","NO CONTROLS","NO CONTROLS","CLEAR","DARKNESS, LIGHTED ROAD","OTHER OBJECT","ALLEY",,"STRAIGHT AND LEVEL","DRY","NO DEFECTS","ON SCENE","INJURY AND / OR TOW DUE TO CRASH",,"Y",,"$501 - $1,500","2026-03-08T21:35:00.000","UNDER THE INFLUENCE OF ALCOHOL/DRUGS (USE WHEN ARREST IS EFFECTED)","NOT APPLICABLE","6649","S","ARTESIAN AVE","832",,,,,,,"1","NO INDICATION OF INJURY","0","0","0","0","0","1","0","21","1","3","41.7723335638","-87.6845283971","POINT (-87.684528397059 41.772333563819)"
"052a5f1deb25013f2a733c2446335d5bade6dfc8f666d78dcb4c5105c1e4ac2ad7c185931e3507ab3a5edf632c62809b30bd958b0243cff0cd56da6808b6d742","Y","2026-03-08T21:30:00.000","30","NO CONTROLS","NO CONTROLS","UNKNOWN","UNKNOWN","PARKED MOTOR VEHICLE","NOT DIVIDED",,"STRAIGHT AND LEVEL","UNKNOWN","UNKNOWN","NOT ON SCENE (DESK REPORT)","NO INJURY / DRIVE AWAY",,,"Y","OVER $1,500","2026-03-10T13:24:00.000","UNABLE TO DETERMINE","NOT APPLICABLE","5115","N","WESTERN AVE","2031",,,,,,,"2","NO INDICATION OF INJURY","0","0","0","0","0","1","0","21","1","3","41.9746116335","-87.6889589612","POINT (-87.688958961219 41.974611633485)"
"0a631bf5c5b6c6316b2dc515976322f487c045307f5e20b189cac30df29d36571036bf3d5e00960a641e93f0827ebc6ae2adcea67cb7811150f46f436db6a8b0",,"2026-03-08T21:30:00.000","30","NO CONTROLS","NO CONTROLS","CLEAR","DARKNESS, LIGHTED ROAD","REAR END","NOT DIVIDED",,"STRAIGHT AND LEVEL","DRY","NO DEFECTS","NOT ON SCENE (DESK REPORT)","INJURY AND / OR TOW DUE TO CRASH",,,,"OVER $1,500","2026-03-09T17:50:00.000","UNABLE TO DETERMINE","UNABLE TO DETERMINE","3524","W","BELMONT AVE","1732",,,,,,,"2","REPORTED, NOT EVIDENT","1","0","0","0","1","1","0","21","1","3","41.9393413877","-87.7161284025","POINT (-87.716128402526 41.939341387678)"
"32d0817e48b37fedd008d2cf0700dfa293d83b8b9942da631c6535f0c1bbcbbce0f8cabca7d3ec79ff73add2a1b87328082ded2089094495be6ecf5aa9bb91f5",,"2026-03-08T21:30:00.000","25","TRAFFIC SIGNAL","NO CONTROLS","CLEAR","DARKNESS, LIGHTED ROAD","SIDESWIPE SAME DIRECTION","FOUR WAY",,"STRAIGHT AND LEVEL","DRY","NO DEFECTS","ON SCENE","NO INJURY / DRIVE AWAY",,,,"$500 OR LESS","2026-03-08T21:49:00.000","UNABLE TO DETERMINE","NOT APPLICABLE","3856","S","CALIFORNIA AVE","911",,,,,,,"2","NO INDICATION OF INJURY","0","0","0","0","0","3","0","21","1","3","41.822901484","-87.6947649999","POINT (-87.69476499993 41.822901484045)"
"70e534233e8e1e712d43a7584c56f4bb3c5d062d6c936f7c556f46badd8c9fa88ed6c6b529738e596fb67b18723a36adf792b06b035944ee57a60ffb857d69ff",,"2026-03-08T21:30:00.000","30","NO CONTROLS","NO CONTROLS","CLEAR","DARKNESS, LIGHTED ROAD","PEDESTRIAN","DIVIDED - W/MEDIAN (NOT RAISED)",,"STRAIGHT AND LEVEL","DRY","NO DEFECTS","NOT ON SCENE (DESK REPORT)","NO INJURY / DRIVE AWAY","Y",,,"OVER $1,500","2026-03-08T22:00:00.000","NOT APPLICABLE","NOT APPLICABLE","6532","W","NORTH AVE","2513",,,,,,,"2","NO INDICATION OF INJURY","0","0","0","0","0","2","0","21","1","3","41.909202601","-87.7897608354","POINT (-87.789760835382 41.909202600999)"
"8aac6d28cd6368de3ab4e31280ad16f4f6a09c064cd2afacc48b6875ff512b2ec7115678539eade2b3e77e3631bbe9912844ea9d2143c4bcf3369e0ab5f81f90",,"2026-03-08T21:24:00.000","30","NO CONTROLS","NO CONTROLS","CLEAR","DARKNESS, LIGHTED ROAD","HEAD ON","ONE-WAY",,"STRAIGHT AND LEVEL","DRY","NO DEFECTS","ON SCENE","INJURY AND / OR TOW DUE TO CRASH",,,"Y","OVER $1,500","2026-03-08T21:25:00.000","DRIVING ON WRONG SIDE/WRONG WAY","UNABLE TO DETERMINE","904","W","CARMEN AVE","2024",,,,,,,"3","NONINCAPACITATING INJURY","1","0","0","1","0","1","0","21","1","3","41.9744397155","-87.6528521671","POINT (-87.65285216706 41.97443971552)"
"b4fd12a583271b7763a966f820810550bbde7626dd8cda7eb12cb6d4442f5c062c030e3e22845ebbf4ffa0cd7a3fefc0da74ed0fd741b1a6f6f31b241aeb5b2a",,"2026-03-08T21:09:00.000","30","UNKNOWN","UNKNOWN","UNKNOWN","UNKNOWN","REAR TO SIDE","DRIVEWAY",,"STRAIGHT AND LEVEL","UNKNOWN","UNKNOWN","NOT ON SCENE (DESK REPORT)","NO INJURY / DRIVE AWAY",,,,"OVER $1,500","2026-03-08T23:10:00.000","UNABLE TO DETERMINE","UNABLE TO DETERMINE","8542","S","YATES BLVD","412",,,,,,,"2","NO INDICATION OF INJURY","0","0","0","0","0","2","0","21","1","3","41.7396634428","-87.5662034085","POINT (-87.566203408542 41.739663442791)"
"46da5d87c1c49d0bd000dd85afe028928c173784f3d98f99f390fe48ff2064c4589e0cf684453a35173f193736fdbc6d17683ea44cf7be1f84149e7ab3a5ee92",,"2026-03-08T21:00:00.000","30","NO CONTROLS","NO CONTROLS","UNKNOWN","DARKNESS, LIGHTED ROAD","REAR END","NOT DIVIDED",,"STRAIGHT AND LEVEL","UNKNOWN","NO DEFECTS","NOT ON SCENE (DESK REPORT)","NO INJURY / DRIVE AWAY",,,,"OVER $1,500","2026-03-09T08:00:00.000","UNABLE TO DETERMINE","DRIVING SKILLS/KNOWLEDGE/EXPERIENCE","359","E","57TH ST","232",,,,,,,"2","NO INDICATION OF INJURY","0","0","0","0","0","7","0","21","1","3","41.791049289","-87.6167762144","POINT (-87.616776214432 41.791049289002)"
"61e39b64adf54f986c5b5571e033b3c3fbfee324f5630533ca1d3b2f20f61f7051fdd41d8c02e927e174adf273bd5585287db57e27746b199f43fb835cde7c02",,"2026-03-08T21:00:00.000","30","TRAFFIC SIGNAL","FUNCTIONING PROPERLY","CLEAR","DARKNESS, LIGHTED ROAD","ANGLE","FOUR WAY",,"STRAIGHT AND LEVEL","DRY","NO DEFECTS","ON SCENE","INJURY AND / OR TOW DUE TO CRASH","Y",,,"OVER $1,500","2026-03-08T21:05:00.000","DISREGARDING TRAFFIC SIGNALS","DISREGARDING TRAFFIC SIGNALS","4758","W","LEXINGTON ST","1131",,,,,,,"3","NONINCAPACITATING INJURY","1","0","0","1","0","3","0","21","1","3","41.8713019442","-87.7448184037","POINT (-87.744818403719 41.871301944171)"
"c3863a0fc62fa7fd28fa766b4241ffe284f0c26912e4e8207d8bd78c7d52f1754e7ead1d62b7031c114a61fe706657edd8a56cc02b3eddbb5c1d30166023842a",,"2026-03-08T21:00:00.000","30","TRAFFIC SIGNAL","FUNCTIONING PROPERLY","CLEAR","DARKNESS, LIGHTED ROAD","SIDESWIPE SAME DIRECTION","DIVIDED - W/MEDIAN (NOT RAISED)",,"STRAIGHT AND LEVEL","DRY","NO DEFECTS","NOT ON SCENE (DESK REPORT)","NO INJURY / DRIVE AWAY",,,,"$500 OR LESS","2026-03-08T22:46:00.000","IMPROPER TURNING/NO SIGNAL","NOT APPLICABLE","101","W","IDA B WELLS DR","123",,,,,,,"2","NO INDICATION OF INJURY","0","0","0","0","0","2","0","21","1","3","41.875499909","-87.6307582499","POINT (-87.63075824989 41.875499909006)"
"314ecc85eb543cb085e5b3ce6a0245da54ea95055bbf2e04126df6fb4f3bd81910c74865306b71f2c413bcc6ee7ead093e1fb123eb186779fcc63b9507513d5e",,"2026-03-08T20:55:00.000","30","TRAFFIC SIGNAL","FUNCTIONING PROPERLY","CLEAR","DUSK","REAR END","NOT DIVIDED",,"STRAIGHT AND LEVEL","DRY","NO DEFECTS","NOT ON SCENE (DESK REPORT)","NO INJURY / DRIVE AWAY","Y",,,"$501 - $1,500","2026-03-08T21:52:00.000","IMPROPER LANE USAGE","UNABLE TO DETERMINE","1986","E","67TH ST","331",,,,,,,"2","NO INDICATION OF INJURY","0","0","0","0","0","2","0","20","1","3","41.7735649152","-87.5765509068","POINT (-87.576550906768 41.773564915243)"
"9c8ec03dc568951a957a624bca52cbc6a7c58503ea5f2a7ca4ff28f820aff8b8b6da65a803ef53053132fc936e9233e4ed8776386580e9be69d78796d6fcc387",,"2026-03-08T20:54:00.000","30","TRAFFIC SIGNAL","FUNCTIONING PROPERLY","CLEAR","DARKNESS, LIGHTED ROAD","REAR END","NOT DIVIDED",,"STRAIGHT AND LEVEL","DRY","NO DEFECTS","ON SCENE","NO INJURY / DRIVE AWAY","Y",,,"$500 OR LESS","2026-03-08T20:54:00.000","FOLLOWING TOO CLOSELY","NOT APPLICABLE","5158","W","BELMONT AVE","1634",,,,,,,"2","NO INDICATION OF INJURY","0","0","0","0","0","4","0","20","1","3","41.9388110919","-87.7565691758","POINT (-87.756569175752 41.938811091916)"