"crash_record_id","crash_date_est_i","crash_date","posted_speed_limit","traffic_control_device","device_condition","weather_condition","lighting_condition","first_crash_type","trafficway_type","lane_cnt","alignment","roadway_surface_cond","road_defect","report_type","crash_type","intersection_related_i","private_property_i","hit_and_run_i","damage","date_police_notified","prim_contributory_cause","sec_contributory_cause","street_no","street_direction","street_name","beat_of_occurrence","photos_taken_i","statements_taken_i","dooring_i","work_zone_i","work_zone_type","workers_present_i","num_units","most_severe_injury","injuries_total","injuries_fatal","injuries_incapacitating","injuries_non_incapacitating","injuries_reported_not_evident","injuries_no_indication","injuries_unknown","crash_hour","crash_day_of_week","crash_month","latitude","longitude","location"
"faa3536c662147f2963210691727fdf7b5ba22676368469851cf9d13ec3471d11efcb64cba391af9f104ffab114ef269ae8a1693f993fb7276ed507bc79cdec4",,"2026-03-08T20:10:00.000","30","TRAFFIC SIGNAL","UNKNOWN","UNKNOWN","DARKNESS, LIGHTED ROAD","PEDALCYCLIST","FOUR WAY",,"STRAIGHT AND LEVEL","UNKNOWN","UNKNOWN","NOT ON SCENE (DESK REPORT)","INJURY AND / OR TOW DUE TO CRASH","Y",,,"OVER $1,500","2026-03-08T20:40:00.000","FOLLOWING TOO CLOSELY","FAILING TO REDUCE SPEED TO AVOID CRASH","200","W","DIVISION ST","1821",,,,,,,"2","REPORTED, NOT EVIDENT","1","0","0","0","1","1","0","20","1","3","41.9039624962","-87.6345551206","POINT (-87.634555120597 41.90396249623)"
"0353a382eda8f1f1bdbd10f14fda9dbc2b2825a5429e8c0dfbb85eacf3fe53d0c47ec767e5f2b7432e6e1212c01ddb9a87a4210e519d5701489aceab804fc3c6",,"2026-03-08T20:07:00.000","30","NO CONTROLS","NO CONTROLS","CLEAR","DARKNESS, LIGHTED ROAD","TURNING","DIVIDED - W/MEDIAN (NOT RAISED)",,"STRAIGHT AND LEVEL","DRY","NO DEFECTS",,"INJURY AND / OR TOW DUE TO CRASH",,,,"OVER $1,500","2026-03-08T20:23:00.000","FAILING TO YIELD RIGHT-OF-WAY","NOT APPLICABLE","3106","N","HARLEM AVE","2511",,,,,,,"2","NONINCAPACITATING INJURY","1","0","0","1","0","2","0","20","1","3","41.9366131328","-87.8068475211","POINT (-87.806847521101 41.936613132849)"
"c014b6ef87db1999f643e263ca478873c7bd2709960ad51075840cac405807cd0411723fa29ea1e4f539edb53fa7de2220d17961b7322b022064f278b86c96ce",,"2026-03-08T19:54:00.000","30","NO CONTROLS","NO CONTROLS","CLEAR","DARKNESS, LIGHTED ROAD","REAR END","DIVIDED - W/MEDIAN (NOT RAISED)",,"STRAIGHT AND LEVEL","DRY","NO DEFECTS","ON SCENE","INJURY AND / OR TOW DUE TO CRASH",,,,"$501 - $1,500","2026-03-08T19:55:00.000","FAILING TO REDUCE SPEED TO AVOID CRASH","NOT APPLICABLE","4024","N","ASHLAND AVE","1912",,,,,,,"2","NONINCAPACITATING INJURY","1","0","0","1","0","3","0","19","1","3","41.9550645393","-87.6692178925","POINT (-87.669217892492 41.955064539251)"
"374a0f8ed9006566f07ea258b8d7b1d76cef76c5d242f0d0c4cc4897119d94a42e4dafa36ed65873e6090c713e6b548b480dd9ac17d162be20c1a6cff77e4248",,"2026-03-08T19:53:00.000","30","NO CONTROLS","NO CONTROLS","CLEAR","DARKNESS, LIGHTED ROAD","REAR END","DIVIDED - W/MEDIAN (NOT RAISED)",,"STRAIGHT AND LEVEL","DRY","NO DEFECTS","ON SCENE","NO INJURY / DRIVE AWAY",,,,"OVER $1,500","2026-03-08T19:53:00.000","FOLLOWING TOO CLOSELY","FOLLOWING TOO CLOSELY","2898","W","MARQUETTE RD","831",,,,,,,"2","NO INDICATION OF INJURY","0","0","0","0","0","3","0","19","1","3","41.7718986739","-87.6955908423","POINT (-87.695590842318 41.771898673889)"
"0edeb046080cd44e8593738e29a91bea43d9bd61fde9a5ba214fd24c5516adbf575ac5d2495ac5ec809b066e2df0d2845a6e4a3e628040cac94d80b0b2ad3b0b",,"2026-03-08T19:51:00.000","30","TRAFFIC SIGNAL","FUNCTIONING PROPERLY","CLEAR","DARKNESS, LIGHTED ROAD","TURNING","FOUR WAY",,"STRAIGHT AND LEVEL","DRY","NO DEFECTS","ON SCENE","INJURY AND / OR TOW DUE TO CRASH","Y",,"Y","OVER $1,500","2026-03-08T19:57:00.000","IMPROPER TURNING/NO SIGNAL","FAILING TO YIELD RIGHT-OF-WAY","5600","W","DIVERSEY AVE","2514",,,,,,,"2","NONINCAPACITATING INJURY","2","0","0","1","1","1","0","19","1","3","41.9313859768","-87.7663105316","POINT (-87.766310531552 41.931385976833)"
"a4de9b2f0bc58d4f79cfa3f6e77b2150b6242e97c570114e3241d11d6faf8c2093f07dce24741f9a76b4fc7005e2ab80fe3c85219ceda546fcee906fae190364",,"2026-03-08T19:50:00.000","30","TRAFFIC SIGNAL","FUNCTIONING PROPERLY","CLEAR","DARKNESS, LIGHTED ROAD","REAR END","NOT DIVIDED",,"STRAIGHT AND LEVEL","DRY","NO DEFECTS","NOT ON SCENE (DESK REPORT)","NO INJURY / DRIVE AWAY",,,"Y","OVER $1,500","2026-03-08T21:00:00.000","IMPROPER OVERTAKING/PASSING","FOLLOWING TOO CLOSELY","2801","N","CENTRAL AVE","2514",,,,,,,"2","NO INDICATION OF INJURY","0","0","0","0","0","2","0","19","1","3","41.9313713149","-87.7661026335","POINT (-87.766102633534 41.931371314905)"
"273c041c163f0469984066b1f15434c40f7f0504f95f1c5484b4ba6a531a3773963763ccb8efc28bd95f182c8c4f5d0e8a4677c0b3e90b8dc76048d721c7777e",,"2026-03-08T19:40:00.000","30","TRAFFIC SIGNAL","FUNCTIONING PROPERLY","CLEAR","DARKNESS, LIGHTED ROAD","TURNING","FOUR WAY",,"STRAIGHT AND LEVEL","DRY","UNKNOWN","ON SCENE","INJURY AND / OR TOW DUE TO CRASH","Y",,,"OVER $1,500","2026-03-08T19:48:00.000","UNABLE TO DETERMINE","UNABLE TO DETERMINE","5900","S","RACINE AVE","713",,,,,,,"2","REPORTED, NOT EVIDENT","2","0","0","0","2","2","0","19","1","3","41.7867934463","-87.6548270777","POINT (-87.654827077712 41.786793446291)"
"f2e311242b194c71da62fddd47fe82ee05f584052e62a798ab7f2237b2a701caa81d08e9d30c5f945f4292a25520c567c7aa137e1cc258458311f309e5f53ed5",,"2026-03-08T19:33:00.000","30","STOP SIGN/FLASHER","FUNCTIONING PROPERLY","CLEAR","DARKNESS, LIGHTED ROAD","ANGLE","NOT DIVIDED",,"STRAIGHT AND LEVEL","DRY","NO DEFECTS","ON SCENE","INJURY AND / OR TOW DUE TO CRASH",,,,"OVER $1,500","2026-03-08T19:34:00.000","FAILING TO YIELD RIGHT-OF-WAY","FAILING TO REDUCE SPEED TO AVOID CRASH","5159","S","CENTRAL AVE","814",,,,,,,"2","NONINCAPACITATING INJURY","1","0","0","1","0","1","0","19","1","3","41.7983329625","-87.7623244644","POINT (-87.762324464382 41.798332962453)"
"fe769c2dcf047871492dcd8d91531137769eb65d68afe114486879eba6f65b057824d6e1c48ea3ae5fc775040953ad0033a9d12d2e7769a642a1de08e69383f6",,"2026-03-08T19:30:00.000","30","NO CONTROLS","NO CONTROLS","CLEAR","DAYLIGHT","SIDESWIPE SAME DIRECTION","NOT DIVIDED",,"STRAIGHT AND LEVEL","DRY","NO DEFECTS","NOT ON SCENE (DESK REPORT)","NO INJURY / DRIVE AWAY",,,,"$500 OR LESS","2026-03-09T14:43:00.000","UNABLE TO DETERMINE","UNABLE TO DETERMINE","3413","W","51ST ST","822",,,,,,,"2","NO INDICATION OF INJURY","0","0","0","0","0","2","0","19","1","3","41.8006366513","-87.7092737779","POINT (-87.709273777897 41.80063665132)"
"0b258466c7ad81afc5da4a1e3750f763e4a09e0ab477e0d1a4b370a026090f9bc1f98b2fe0f52da61d01bb0d335459cfbf08c845f29ae9fca6c0c4d086d9d2dc",,"2026-03-08T18:45:00.000","30","NO CONTROLS","NO CONTROLS","UNKNOWN","DARKNESS, LIGHTED ROAD","SIDESWIPE SAME DIRECTION","ONE-WAY",,"STRAIGHT AND LEVEL","UNKNOWN","UNKNOWN","NOT ON SCENE (DESK REPORT)","NO INJURY / DRIVE AWAY",,,,"OVER $1,500","2026-03-08T19:45:00.000","FAILING TO YIELD RIGHT-OF-WAY","NOT APPLICABLE","10","W","MAPLE ST","1824",,,,,,,"2","NO INDICATION OF INJURY","0","0","0","0","0","3","0","18","1","3","41.9019888336","-87.6287610342","POINT (-87.628761034226 41.901988833619)"
"7b4fb3574891ec370c998f482840d6f54a5e0374c8baf4bd80a26c62420da43ba71aad9495a52e7085475606ca5b1ff87227147fc5fcbcb6b31eace41d7304ed",,"2026-03-08T18:45:00.000","25","NO CONTROLS","UNKNOWN","CLEAR","DARKNESS, LIGHTED ROAD","TURNING","DIVIDED - W/MEDIAN (NOT RAISED)",,"STRAIGHT AND LEVEL","UNKNOWN","UNKNOWN","NOT ON SCENE (DESK REPORT)","INJURY AND / OR TOW DUE TO CRASH","N",,"Y","$501 - $1,500","2026-03-08T18:55:00.000","IMPROPER TURNING/NO SIGNAL","UNABLE TO DETERMINE","1900","W","LAWRENCE AVE","2032",,,,,,,"2","NONINCAPACITATING INJURY","1","0","0","1","0","1","0","18","1","3","41.9689035752","-87.6762826511","POINT (-87.67628265112 41.968903575201)"
"f9af7025a223c0cf3ce3de191b9a7067c20260211a2fc7629650bfbe7bd9d96b6116017ac299f1d5f7a6a492d6c240d9c53770f1a1a688d23d5fef590d9ec13b",,"2026-03-08T18:45:00.000","20","NO CONTROLS","NO CONTROLS","CLEAR","DAYLIGHT","PEDESTRIAN","PARKING LOT",,"STRAIGHT AND LEVEL","DRY","NO DEFECTS",,"INJURY AND / OR TOW DUE TO CRASH",,"Y",,"OVER $1,500","2026-03-09T18:25:00.000","DRIVING SKILLS/KNOWLEDGE/EXPERIENCE","UNABLE TO DETERMINE","1430","S","ASHLAND AVE","1233",,,,,,,"2","NONINCAPACITATING INJURY","1","0","0","1","0","1","0","18","1","3","41.8624024249","-87.6664189682","POINT (-87.666418968157 41.862402424927)"
"a3503a050f12b5b6d9396d3954e2ef10ef3bb9476c01941bbfa50fb82bf0a6e33ecd853701c15ab73244415d21bff278391f2e4fd28d627118922c562202aae5",,"2026-03-08T18:30:00.000","30","TRAFFIC SIGNAL","FUNCTIONING PROPERLY","CLEAR","DARKNESS, LIGHTED ROAD","SIDESWIPE SAME DIRECTION","NOT DIVIDED",,"STRAIGHT AND LEVEL","DRY","UNKNOWN","NOT ON SCENE (DESK REPORT)","NO INJURY / DRIVE AWAY",,,,"OVER $1,500","2026-03-10T17:40:00.000","UNABLE TO DETERMINE","UNABLE TO DETERMINE","624","N","FRANKLIN ST","1831",,,,,,,"2","NO INDICATION OF INJURY","0","0","0","0","0","2","0","18","1","3","41.89312554","-87.6357604248","POINT (-87.635760424789 41.893125539975)"
"bcc90ad594e0b8cde240ec71fc532cc0eddf8f767b0626631dc992c9881b14a7803dcb15c3ae049ec1a892061decf10eb5eed911096aed3857d177494718cef5",,"2026-03-08T18:10:00.000","35","TRAFFIC SIGNAL","FUNCTIONING PROPERLY","CLEAR","DAYLIGHT","ANGLE","DIVIDED - W/MEDIAN (NOT RAISED)",,"STRAIGHT AND LEVEL","DRY","NO DEFECTS","ON SCENE","INJURY AND / OR TOW DUE TO CRASH","Y",,,"OVER $1,500","2026-03-08T18:14:00.000","DISREGARDING TRAFFIC SIGNALS","NOT APPLICABLE","2001","N","HUMBOLDT BLVD","1414",,,,,,,"2","REPORTED, NOT EVIDENT","1","0","0","0","1","2","0","18","1","3","41.9174990528","-87.7019437474","POINT (-87.701943747437 41.917499052819)"
"ab53a316b5063a4b1b366f282ec1a65146afea1ca4a087ca6987364aa2c363676366225e42446561b4fba4fee0811be3cfd237469cfa602c74977e66e5301f0d",,"2026-03-08T18:07:00.000","20","NO CONTROLS","NO CONTROLS","CLEAR","DAYLIGHT","PARKED MOTOR VEHICLE","ONE-WAY",,"STRAIGHT AND LEVEL","DRY","UNKNOWN","ON SCENE","INJURY AND / OR TOW DUE TO CRASH",,,"Y","OVER $1,500","2026-03-08T18:07:00.000","UNABLE TO DETERMINE","UNABLE TO DETERMINE","6010","W","DIVERSEY AVE","2511",,,,,,,"3","NO INDICATION OF INJURY","0","0","0","0","0","1","0","18","1","3","41.9312429938","-87.7764207766","POINT (-87.776420776599 41.931242993824)"
"de6242b7312b9540715350dde4724e3d40544ca2a8f98391b2e7b33e8fe043de410043787e15a157d8deabab67bf8fe216682c89c0a8675d414f7b062c44adc5",,"2026-03-08T18:07:00.000","30","NO CONTROLS","NO CONTROLS","CLEAR","DARKNESS, LIGHTED ROAD","PARKED MOTOR VEHICLE","NOT DIVIDED",,"STRAIGHT AND LEVEL","DRY","NO DEFECTS","ON SCENE","NO INJURY / DRIVE AWAY",,,"Y","OVER $1,500","2026-03-08T19:21:00.000","UNABLE TO DETERMINE","NOT APPLICABLE","3643","N","OCONTO AVE","1631",,,,,,,"2","NO INDICATION OF INJURY","0","0","0","0","0","1","0","18","1","3","41.9465047454","-87.8081106285","POINT (-87.80811062848 41.94650474542)"
"89b0bf3c88caf44818171b1ce4493fb025f1a81700103f7888c2fbd30b202c9c88d792b22562cad0bbb7c770f2df387b7ea23caebd9343b5dbe37789310584ff",,"2026-03-08T18:06:00.000","30","TRAFFIC SIGNAL","FUNCTIONING PROPERLY","CLEAR","DAYLIGHT","PEDESTRIAN","FOUR WAY",,"STRAIGHT AND LEVEL","DRY","NO DEFECTS","ON SCENE","INJURY AND / OR TOW DUE TO CRASH",,,,"$501 - $1,500","2026-03-08T18:06:00.000","FAILING TO YIELD RIGHT-OF-WAY","NOT APPLICABLE","800","W","TAYLOR ST","1232",,,,,,,"2","NONINCAPACITATING INJURY","1","0","0","1","0","1","0","18","1","3","41.8697054313","-87.6470769198","POINT (-87.647076919821 41.869705431293)"
"50f7ad21661ee9f26e86f30f70e9c993029b24e039e84e8d61fe7caa2453346a45658a085e46eebb92db177fe522334d9191a3a986e5c3853a40a5aa5b991724",,"2026-03-08T18:05:00.000","30","OTHER","OTHER","CLEAR","DAYLIGHT","PEDESTRIAN","OTHER",,"STRAIGHT AND LEVEL","DRY","WORN SURFACE","ON SCENE","INJURY AND / OR TOW DUE TO CRASH",,,,"$500 OR LESS","2026-03-08T18:07:00.000","FAILING TO YIELD RIGHT-OF-WAY","NOT APPLICABLE","810","W","31ST ST","913",,,,,,,"2","NONINCAPACITATING INJURY","1","0","0","1","0","1","0","18","1","3","41.8381517449","-87.646679205","POINT (-87.646679205005 41.838151744949)"
"3a67016a5069169775ab46b21288926cc1360e4962f1bc65b511cccdaabae91182d665cd28641b46378bee10fb7b6773627b763cf404ac2ea941330728cb3fc0",,"2026-03-08T18:00:00.000","35","TRAFFIC SIGNAL","FUNCTIONING PROPERLY","CLEAR","DAYLIGHT","SIDESWIPE SAME DIRECTION","NOT DIVIDED",,"STRAIGHT AND LEVEL","DRY","NO DEFECTS","NOT ON SCENE (DESK REPORT)","NO INJURY / DRIVE AWAY",,,"Y","OVER $1,500","2026-03-09T08:00:00.000","DRIVING SKILLS/KNOWLEDGE/EXPERIENCE","UNABLE TO DETERMINE","9505","S","STONY ISLAND AVE","431",,,,,,,"2","NO INDICATION OF INJURY","0","0","0","0","0","2","0","18","1","3","41.7221141443","-87.5849545247","POINT (-87.584954524679 41.722114144277)"
"3e7f9a8acd291a7764065a3063df3ec812d8f9df729e3bc80eda46b30ca83829ab58569c0671b1e1af9acd287987142a023e0accce9a402a1ecb0d4bfeb92acc",,"2026-03-08T18:00:00.000","30","NO CONTROLS","NO CONTROLS","CLEAR","DAYLIGHT","PARKED MOTOR VEHICLE","DIVIDED - W/MEDIAN (NOT RAISED)",,"STRAIGHT AND LEVEL","DRY","NO DEFECTS","NOT ON SCENE (DESK REPORT)","INJURY AND / OR TOW DUE TO CRASH",,,,"OVER $1,500","2026-03-08T18:40:00.000","UNABLE TO DETERMINE","NOT APPLICABLE","10128","S","TORRENCE AVE","431",,,,,,,"2","NO INDICATION OF INJURY","0","0","0","0","0","1","0","18","1","3","41.7109210655","-87.5598625261","POINT (-87.559862526095 41.710921065506)"
"7435f92e5c55d70125f775740717bf3ca07318648d903405c660b7fb457e7a85472d5049f24c49b3365e1831a4d3af47c2e6197eb0a1ef8079a35df6bc09b846",,"2026-03-08T18:00:00.000","30","TRAFFIC SIGNAL","FUNCTIONING PROPERLY","CLEAR","DARKNESS, LIGHTED ROAD","REAR END","DIVIDED - W/MEDIAN (NOT RAISED)",,"STRAIGHT AND LEVEL","DRY","NO DEFECTS","NOT ON SCENE (DESK REPORT)","INJURY AND / OR TOW DUE TO CRASH","Y",,,"OVER $1,500","2026-03-08T18:25:00.000","FAILING TO REDUCE SPEED TO AVOID CRASH","UNABLE TO DETERMINE","800","W","95TH ST","2223",,,,,,,"2","REPORTED, NOT EVIDENT","1","0","0","0","1","2","0","18","1","3","41.7215669005","-87.6432753034","POINT (-87.643275303397 41.721566900478)"
"489cc09c072cee543a29c38745664e2c5d2e33f8ec692386ac30e13ce6bff5ffafd4a4fe470bbc90efcbd841d743d4be180a52510d57da335ce9b96bd5ec7654",,"2026-03-08T17:57:00.000","30","TRAFFIC SIGNAL","UNKNOWN","CLEAR","DAYLIGHT","REAR END","FOUR WAY",,"STRAIGHT AND LEVEL","DRY","NO DEFECTS","ON SCENE","NO INJURY / DRIVE AWAY","Y",,,"$500 OR LESS","2026-03-08T18:01:00.000","UNABLE TO DETERMINE","NOT APPLICABLE","1559","N","CENTRAL AVE","2532",,,,,,,"2","NO INDICATION OF INJURY","0","0","0","0","0","2","0","17","1","3","41.9092610822","-87.7656157132","POINT (-87.765615713163 41.909261082154)"
"5e063c3e79e41695d178bee89d157b0f30711c9c419abf95a162ad151b8bf166be00b6413c114b5a038082e49e179aee15f6cc63d089bba92dfc0e5b8c5a9671",,"2026-03-08T17:51:00.000","30","NO CONTROLS","NO CONTROLS","CLEAR","DAYLIGHT","PARKED MOTOR VEHICLE","DIVIDED - W/MEDIAN BARRIER",,"STRAIGHT AND LEVEL","DRY","NO DEFECTS","ON SCENE","INJURY AND / OR TOW DUE TO CRASH",,,,"OVER $1,500","2026-03-08T18:45:00.000","UNABLE TO DETERMINE","UNABLE TO DETERMINE","2429","W","IRVING PARK RD","1921",,,,,,,"2","NONINCAPACITATING INJURY","1","0","0","1","0","0","0","17","1","3","41.9538856622","-87.6896301287","POINT (-87.68963012875 41.953885662217)"
"773813c42c2b83f0265fb47bdcf3c606013a42cf65de53b2232ee8b70ce008c6a3c37f21aabce38b086941671fc2a969f45ef703cbeaed866f8f87befb91a9f0",,"2026-03-08T17:50:00.000","30","NO CONTROLS","NO CONTROLS","CLEAR","DAYLIGHT","PEDESTRIAN","ONE-WAY",,"STRAIGHT AND LEVEL","DRY","NO DEFECTS","ON SCENE","INJURY AND / OR TOW DUE TO CRASH",,,,"OVER $1,500","2026-03-08T18:02:00.000","UNABLE TO DETERMINE","FAILING TO REDUCE SPEED TO AVOID CRASH","3924","W","70TH ST","833",,,,,,,"2","INCAPACITATING INJURY","1","0","1","0","0","1","0","17","1","3","41.7660439298","-87.7210287326","POINT (-87.721028732631 41.766043929777)"
"204c744c0e32153eba02dbd12c327dcfc85045dea2cd4df4fbf085568b6c3980c10fd8abd0e4d338de1196707349724e0aa9e46f05616fde943b070bf0e790f5",,"2026-03-08T17:39:00.000","30","NO CONTROLS","NO CONTROLS","CLEAR","DAYLIGHT","SIDESWIPE SAME DIRECTION","NOT DIVIDED",,"STRAIGHT AND LEVEL","UNKNOWN","UNKNOWN","NOT ON SCENE (DESK REPORT)","NO INJURY / DRIVE AWAY",,,,"OVER $1,500","2026-03-08T18:50:00.000","IMPROPER LANE USAGE","NOT APPLICABLE","661","W","GRAND AVE","1214",,,,,,,"2","NO INDICATION OF INJURY","0","0","0","0","0","2","0","17","1","3","41.8911081606","-87.6452773542","POINT (-87.645277354211 41.891108160582)"
"2bb3f8ffd6aab12f5c014807bf092856a271e304dab5bc8f36f4867ccc85b93f5b7215eecff92551e507aeb0ed451781a128dc9f3b6d9a1a39c0fe4f02d1e877",,"2026-03-08T17:39:00.000","30","TRAFFIC SIGNAL","FUNCTIONING PROPERLY","UNKNOWN","DAYLIGHT","ANGLE","FOUR WAY",,"STRAIGHT AND LEVEL","DRY","NO DEFECTS","ON SCENE","NO INJURY / DRIVE AWAY","Y",,,"OVER $1,500","2026-03-08T17:39:00.000","FAILING TO YIELD RIGHT-OF-WAY","FAILING TO YIELD RIGHT-OF-WAY","6500","S","ASHLAND AVE","725",,,,,,,"2","NO INDICATION OF INJURY","0","0","0","0","0","5","0","17","1","3","41.7757389337","-87.6642641093","POINT (-87.66426410929 41.775738933736)"
"140523e9246367b7d9f2af2e72b4a99dcdae8a650b9ea687dd95ebfc27cc7e03a9d6a0c48bb26579a3a4c7d8f5c0a55feb90c70faf7e4a72da83d624eb293600",,"2026-03-08T17:30:00.000","30","UNKNOWN","FUNCTIONING PROPERLY","CLEAR","DAYLIGHT","PARKED MOTOR VEHICLE","NOT DIVIDED",,"STRAIGHT AND LEVEL","DRY","NO DEFECTS","ON SCENE","NO INJURY / DRIVE AWAY",,,,"$501 - $1,500","2026-03-08T17:41:00.000","IMPROPER BACKING","NOT APPLICABLE","7701","S","PHILLIPS AVE","421",,,,,,,"2","NO INDICATION OF INJURY","0","0","0","0","0","1","0","17","1","3","41.7552858389","-87.5649418832","POINT (-87.564941883203 41.755285838871)"
"39ddf06f84fe9757282eade9ab118e65d067b20092b96302a3f4a956d1284f7413da2659de17807f06718208e42ce6095544abdda76530416e13bf82c100ac59",,"2026-03-08T17:30:00.000","30","TRAFFIC SIGNAL","FUNCTIONING PROPERLY","CLEAR","DAYLIGHT","TURNING","NOT DIVIDED",,"STRAIGHT AND LEVEL","DRY","NO DEFECTS","NOT ON SCENE (DESK REPORT)","NO INJURY / DRIVE AWAY",,,,"OVER $1,500","2026-03-08T17:30:00.000","UNABLE TO DETERMINE","NOT APPLICABLE","400","W","BELMONT AVE","1925",,,,,,,"2","NO INDICATION OF INJURY","0","0","0","0","0","4","0","17","1","3","41.9402411933","-87.6396391143","POINT (-87.639639114276 41.940241193256)"
"dae6c14a87ddfe6e34f1666d46ddce97e79990584e07d66fda2dabacc96142c5885f170830fe1fbaf256c6a3b14cae9aeaa950f881449729f51654d09e112dcb",,"2026-03-08T17:30:00.000","30","NO CONTROLS","NO CONTROLS","CLEAR","DAYLIGHT","TURNING","NOT DIVIDED",,"STRAIGHT AND LEVEL","DRY","NO DEFECTS","ON SCENE","NO INJURY / DRIVE AWAY",,,"Y","OVER $1,500","2026-03-08T17:31:00.000","FAILING TO YIELD RIGHT-OF-WAY","NOT APPLICABLE","2323","W","CERMAK RD","1034",,,,,,,"2","NO INDICATION OF INJURY","0","0","0","0","0","3","0","17","1","3","41.851936664","-87.6841741711","POINT (-87.684174171122 41.851936663977)"
"f5eb9b9bba543db71b4e71349fd5af0945dddba778eacb8e65c6699fffa080f6f3fe85e1657e47a77ad1a3f712a03b6f7b0529499aa682176177e5d28ec8e325",,"2026-03-08T17:30:00.000","30","NO CONTROLS","NO CONTROLS","CLEAR","DUSK","PARKED MOTOR VEHICLE","DIVIDED - W/MEDIAN (NOT RAISED)",,"STRAIGHT AND LEVEL","UNKNOWN","UNKNOWN","NOT ON SCENE (DESK REPORT)","NO INJURY / DRIVE AWAY",,,,"$501 - $1,500","2026-03-08T21:00:00.000","UNABLE TO DETERMINE","UNABLE TO DETERMINE","5632","W","WABANSIA AVE","2531",,,,,,,"2","NO INDICATION OF INJURY","0","0","0","0","0","1","0","17","1","3","41.9112960393","-87.7669438669","POINT (-87.766943866899 41.911296039347)"
"6201428bf22af9b063943584ad0b6849334027e9eede0ba048a022ffb8f2624039c216995f11e0790e096050e7e91d97ce802b80ab2203dea456cbea94bc8b10",,"2026-03-08T17:27:00.000","30","NO CONTROLS","NO CONTROLS","CLEAR","DAYLIGHT","ANGLE","DIVIDED - W/MEDIAN (NOT RAISED)",,"STRAIGHT ON GRADE","DRY","NO DEFECTS","ON SCENE","NO INJURY / DRIVE AWAY","Y",,,"OVER $1,500","2026-03-08T17:36:00.000","FAILING TO YIELD RIGHT-OF-WAY","VISION OBSCURED (SIGNS, TREE LIMBS, BUILDINGS, ETC.)","4700","W","63RD ST","813",,,,,,,"2","NO INDICATION OF INJURY","0","0","0","0","0","5","0","17","1","3","41.778567203","-87.7399094751","POINT (-87.739909475119 41.778567202964)"
"5034abc0e76ea311463ec99c7079dde09499a9d86f84ad93ec36e65e101ddf2086dd548810ebd7f6afc761c7a39e5d4f92b6e9d34f8b9ee869735176ea84e06e",,"2026-03-08T17:26:00.000","30","NO CONTROLS","NO CONTROLS","UNKNOWN","UNKNOWN","PARKED MOTOR VEHICLE","PARKING LOT",,"STRAIGHT AND LEVEL","UNKNOWN","UNKNOWN","NOT ON SCENE (DESK REPORT)","NO INJURY / DRIVE AWAY",,"Y","Y","$501 - $1,500","2026-03-08T18:25:00.000","UNABLE TO DETERMINE","NOT APPLICABLE","7562","N","WESTERN AVE","2411",,,,,,,"3","NO INDICATION OF INJURY","0","0","0","0","0","1","0","17","1","3","42.0191042615","-87.6903261069","POINT (-87.690326106893 42.019104261473)"
"f440cba93aad7a9c52417267f5312c418c966c8b543d5ee7fd6bcec9755ea7927e19476d1bc77362c5ec78945b654eebf004dceb27f383f2063a291105b91cd0",,"2026-03-08T17:26:00.000","30","STOP SIGN/FLASHER","FUNCTIONING PROPERLY","CLOUDY/OVERCAST","DAYLIGHT","TURNING","FOUR WAY",,"STRAIGHT AND LEVEL","UNKNOWN","UNKNOWN","NOT ON SCENE (DESK REPORT)","NO INJURY / DRIVE AWAY","Y",,,"OVER $1,500","2026-03-08T18:45:00.000","FAILING TO YIELD RIGHT-OF-WAY","FAILING TO REDUCE SPEED TO AVOID CRASH","1040","W","DIVISION ST","1822",,,,,,,"2","NO INDICATION OF INJURY","0","0","0","0","0","4","0","17","1","3","41.903663097","-87.6540279397","POINT (-87.654027939687 41.903663097045)"
"4592adebf2c1ccab0147960bf09542e693a8c0f8e26b8e2ccffc0b4fce51b16868b90e2f7c754ac8c6fd43d3d345b39f4f450314875a3033f0d45c2d8ef52459",,"2026-03-08T17:25:00.000","30","NO CONTROLS","NO CONTROLS","CLEAR","DAYLIGHT","SIDESWIPE SAME DIRECTION","NOT DIVIDED",,"STRAIGHT AND LEVEL","DRY","UNKNOWN","NOT ON SCENE (DESK REPORT)","NO INJURY / DRIVE AWAY",,,,"$500 OR LESS","2026-03-09T18:15:00.000","UNABLE TO DETERMINE","NOT APPLICABLE","6201","S","KEDZIE AVE","823",,,,,,,"2","NO INDICATION OF INJURY","0","0","0","0","0","2","0","17","1","3","41.7807529132","-87.7030397094","POINT (-87.703039709383 41.780752913204)"
"4230d9a950100252ea08e14319a9b4b255db27e34f67bef277feefc6bc22653b43e95dd5a523ce4f73c5bb4557d77831b44f7de78c2e241a2f4c13ef360ac5b7","Y","2026-03-08T17:23:00.000","30","NO CONTROLS","NO CONTROLS","CLEAR","DAWN","REAR END","FOUR WAY",,"STRAIGHT AND LEVEL","DRY","NO DEFECTS","NOT ON SCENE (DESK REPORT)","NO INJURY / DRIVE AWAY","Y",,,"$500 OR LESS","2026-03-08T18:30:00.000","UNABLE TO DETERMINE","UNABLE TO DETERMINE","12700","S","HALSTED ST","523",,,,,,,"2","NO INDICATION OF INJURY","0","0","0","0","0","2","0","17","1","3","41.6631821012","-87.6415652652","POINT (-87.641565265157 41.663182101231)"