"crash_record_id","crash_date_est_i","crash_date","posted_speed_limit","traffic_control_device","device_condition","weather_condition","lighting_condition","first_crash_type","trafficway_type","lane_cnt","alignment","roadway_surface_cond","road_defect","report_type","crash_type","intersection_related_i","private_property_i","hit_and_run_i","damage","date_police_notified","prim_contributory_cause","sec_contributory_cause","street_no","street_direction","street_name","beat_of_occurrence","photos_taken_i","statements_taken_i","dooring_i","work_zone_i","work_zone_type","workers_present_i","num_units","most_severe_injury","injuries_total","injuries_fatal","injuries_incapacitating","injuries_non_incapacitating","injuries_reported_not_evident","injuries_no_indication","injuries_unknown","crash_hour","crash_day_of_week","crash_month","latitude","longitude","location"
"84992f681f5d6900b6189597a71650ed8db69bb70e8686972408de40c36507612f11d447f844a20a3e19e7a047101a7a3eb9d3619a252970870df928cdf66489",,"2026-03-08T17:23:00.000","20","NO CONTROLS","NO CONTROLS","CLEAR","DAYLIGHT","REAR TO FRONT","PARKING LOT",,"STRAIGHT AND LEVEL","DRY","NO DEFECTS","ON SCENE","NO INJURY / DRIVE AWAY",,,,"OVER $1,500","2026-03-08T17:24:00.000","FAILING TO YIELD RIGHT-OF-WAY","FAILING TO YIELD RIGHT-OF-WAY","1430","S","ASHLAND AVE","1233",,,,,,,"2","NO INDICATION OF INJURY","0","0","0","0","0","2","0","17","1","3","41.8624024249","-87.6664189682","POINT (-87.666418968157 41.862402424927)"
"f6db5fa3093e55d309881e966e9f3cca4d425b9dd7c0f2257a9f8f79c67b8212ffec9b237c515aff8839ab182d38a23f3eedbfde3facc0cc6bd8e966a167bc82",,"2026-03-08T17:17:00.000","30","NO CONTROLS","NO CONTROLS","CLEAR","DAYLIGHT","SIDESWIPE OPPOSITE DIRECTION","ONE-WAY",,"STRAIGHT AND LEVEL","UNKNOWN","UNKNOWN","NOT ON SCENE (DESK REPORT)","NO INJURY / DRIVE AWAY",,,"Y","OVER $1,500","2026-03-08T17:39:00.000","DRIVING SKILLS/KNOWLEDGE/EXPERIENCE","NOT APPLICABLE","3200","W","65TH ST","823",,,,,,,"2","NO INDICATION OF INJURY","0","0","0","0","0","5","0","17","1","3","41.7754308192","-87.7031752646","POINT (-87.703175264606 41.775430819218)"
"7418894fcc8c41fa1f46b4da969e31bebfc5a5d2b72ddea90967aa43984b72871b8c297c35eb02296f3df0914ed7a01bf6c5c07157f44da7cfe722d19d528d22",,"2026-03-08T17:15:00.000","30","NO CONTROLS","NO CONTROLS","CLEAR","DAYLIGHT","PARKED MOTOR VEHICLE","NOT DIVIDED",,"STRAIGHT AND LEVEL","DRY","NO DEFECTS","NOT ON SCENE (DESK REPORT)","NO INJURY / DRIVE AWAY","Y",,,"OVER $1,500","2026-03-09T16:57:00.000","DRIVING SKILLS/KNOWLEDGE/EXPERIENCE","NOT APPLICABLE","2945","N","BROADWAY","1934",,,,,,,"2","NO INDICATION OF INJURY","0","0","0","0","0","1","0","17","1","3","41.9362483027","-87.6441209128","POINT (-87.64412091275 41.936248302739)"
"8644dd3840f629a62fce0fcc7946f35481023b0c615e5f51db319ba9c78a93bf0a1388ed272200e7b2bf25689b727f20e287a3d89410c5a220e5ca7440f7bd9f",,"2026-03-08T17:15:00.000","30","UNKNOWN","UNKNOWN","CLEAR","DAYLIGHT","PARKED MOTOR VEHICLE","NOT DIVIDED",,"STRAIGHT AND LEVEL","UNKNOWN","UNKNOWN","NOT ON SCENE (DESK REPORT)","NO INJURY / DRIVE AWAY",,,,"OVER $1,500","2026-03-08T17:40:00.000","UNABLE TO DETERMINE","UNABLE TO DETERMINE","2945","N","BROADWAY","1934",,,,,,,"2","NO INDICATION OF INJURY","0","0","0","0","0","4","0","17","1","3","41.9362483027","-87.6441209128","POINT (-87.64412091275 41.936248302739)"
"6bd9710c72e14e94419deb62434ff8c4628f38bd3770f04b706e8bc9b27c20bc408875174573231c649b49bc838cbaa87776b3c2a570d793e42c43eb377a7c01",,"2026-03-08T17:10:00.000","30","STOP SIGN/FLASHER","NO CONTROLS","CLEAR","DAYLIGHT","SIDESWIPE SAME DIRECTION","NOT DIVIDED",,"STRAIGHT AND LEVEL","DRY","NO DEFECTS","ON SCENE","NO INJURY / DRIVE AWAY",,,,"$501 - $1,500","2026-03-08T17:15:00.000","IMPROPER OVERTAKING/PASSING","NOT APPLICABLE","3998","S","SACRAMENTO AVE","921",,,,,,,"2","NO INDICATION OF INJURY","0","0","0","0","0","3","0","17","1","3","41.8209223803","-87.6996818067","POINT (-87.699681806688 41.820922380272)"
"3a89d59ab4c2fadb7545ee2b46da36617fb778904822b1bfa4aaad6f519fe2c45ad17de0c0f699a87ae45aa123ca75073a101fb73e3ea18a3e45c00034d2c0ba",,"2026-03-08T17:09:00.000","30","TRAFFIC SIGNAL","FUNCTIONING PROPERLY","CLEAR","DAYLIGHT","REAR END","DIVIDED - W/MEDIAN (NOT RAISED)",,"STRAIGHT AND LEVEL","DRY","NO DEFECTS","NOT ON SCENE (DESK REPORT)","NO INJURY / DRIVE AWAY",,,,"OVER $1,500","2026-03-08T18:10:00.000","UNABLE TO DETERMINE","NOT APPLICABLE","1799","W","PERSHING RD","924",,,,,,,"2","NO INDICATION OF INJURY","0","0","0","0","0","4","0","17","1","3","41.8230613414","-87.670149856","POINT (-87.670149855985 41.823061341381)"
"3fa574423413873394a6943ca6f5cd0e8d73d6b01d0aae909d2b344f860ce0c1a03731dc2783f352922b642055a84f28b2fdf443385fe6f494a30e47bc63f259",,"2026-03-08T17:08:00.000","25","NO CONTROLS","NO CONTROLS","CLEAR","DAYLIGHT","ANGLE","NOT DIVIDED",,"STRAIGHT AND LEVEL","UNKNOWN","UNKNOWN","ON SCENE","NO INJURY / DRIVE AWAY","Y",,,"OVER $1,500","2026-03-08T17:10:00.000","FAILING TO YIELD RIGHT-OF-WAY","FAILING TO YIELD RIGHT-OF-WAY","7916","S","EMERALD AVE","621",,,,,,,"2","NO INDICATION OF INJURY","0","0","0","0","0","2","0","17","1","3","41.7501152501","-87.6429517124","POINT (-87.642951712354 41.750115250063)"
"c9eab0ab47f99bd89df8f7417fecf0c9a89d5f265acd9709430c28c433bcb30e34508a7801260eaeaa85cb5c4a2577ab67e8906527cbb1483546254b5499f7b8",,"2026-03-08T17:05:00.000","25","UNKNOWN","UNKNOWN","CLEAR","DAYLIGHT","PARKED MOTOR VEHICLE","ONE-WAY",,"STRAIGHT AND LEVEL","UNKNOWN","UNKNOWN","ON SCENE","INJURY AND / OR TOW DUE TO CRASH",,,,"OVER $1,500","2026-03-08T17:05:00.000","UNABLE TO DETERMINE","UNABLE TO DETERMINE","6720","S","CORNELL AVE","332",,,,,,,"2","NO INDICATION OF INJURY","0","0","0","0","0","1","0","17","1","3","41.7726833007","-87.5852082873","POINT (-87.585208287342 41.772683300707)"
"2debbddbc9f7336cf179e37c1591f81f294c89007fccf14f127b6f19746444896a4f0b0481101b4c9122aee934f15956ff20e24f825714f612935f3012049de1","Y","2026-03-08T17:00:00.000","15","NO CONTROLS","NO CONTROLS","CLEAR","DAYLIGHT","PARKED MOTOR VEHICLE","ONE-WAY",,"STRAIGHT AND LEVEL","DRY","NO DEFECTS","ON SCENE","NO INJURY / DRIVE AWAY",,,,"OVER $1,500","2026-03-08T17:15:00.000","UNABLE TO DETERMINE","UNABLE TO DETERMINE","4815","W","ADAMS ST","1533",,,,,,,"2","NO INDICATION OF INJURY","0","0","0","0","0","3","0","17","1","3","41.8784788035","-87.7458339102","POINT (-87.745833910237 41.878478803484)"
"b5b1bdf1cbe3a970389986de25e5258ba3da05bd0fd071b423870c98d406dcbd31b8ab17a11550bac62e37a0211e11f0f8b9b7c07294adbbe4faab4a49a4f925",,"2026-03-08T17:00:00.000","30","NO CONTROLS","NO CONTROLS","UNKNOWN","UNKNOWN","PARKED MOTOR VEHICLE","ONE-WAY",,"STRAIGHT AND LEVEL","UNKNOWN","UNKNOWN","NOT ON SCENE (DESK REPORT)","NO INJURY / DRIVE AWAY",,,"Y","OVER $1,500","2026-03-09T17:00:00.000","FAILING TO REDUCE SPEED TO AVOID CRASH","NOT APPLICABLE","241","W","GOETHE ST","1821",,,,,,,"2","NO INDICATION OF INJURY","0","0","0","0","0","1","0","17","1","3","41.9055940032","-87.6359853042","POINT (-87.635985304236 41.905594003239)"
"c02531c83dba5019c985da8a6fc06541f4d31169919e53649c9e9f728466ef93a56b6343e27e49175899b5548a720890be9dd82b7e62c040e7c745741f94594e",,"2026-03-08T17:00:00.000","30","NO CONTROLS","NO CONTROLS","CLEAR","DAYLIGHT","SIDESWIPE OPPOSITE DIRECTION","NOT DIVIDED",,"STRAIGHT AND LEVEL","DRY","NO DEFECTS","NOT ON SCENE (DESK REPORT)","NO INJURY / DRIVE AWAY","N",,,"OVER $1,500","2026-03-08T17:30:00.000","UNABLE TO DETERMINE","NOT APPLICABLE","8130","S","FAIRFIELD AVE","835",,,,,,,"2","NO INDICATION OF INJURY","0","0","0","0","0","2","0","17","1","3","41.7453865751","-87.6914344442","POINT (-87.691434444192 41.745386575056)"
"01924ba4a5a40549ebfbdc5acf3e1da391127b6bfd13c0dcc04d7324d86128f483c05a9f3eee26a5b954c44023afd63acc83ce8de163fa276369a36959a9c00c",,"2026-03-08T16:49:00.000","30","NO CONTROLS","NO CONTROLS","CLEAR","DAYLIGHT","PARKED MOTOR VEHICLE","ONE-WAY",,"STRAIGHT AND LEVEL","DRY","NO DEFECTS",,"NO INJURY / DRIVE AWAY",,,"N","OVER $1,500","2026-03-08T16:49:00.000","FAILING TO REDUCE SPEED TO AVOID CRASH","UNABLE TO DETERMINE","1453","W","RANDOLPH ST","1224",,,,,,,"2","NO INDICATION OF INJURY","0","0","0","0","0","1","0","16","1","3","41.8846332518","-87.6643658051","POINT (-87.664365805099 41.884633251777)"
"a7236b0074baa11624fbdf2463c7b3c3511ea5b77de28a1362a72f572301f792b8b2ed69650851ca69f6309888a970adca4ace3f438e4f22be74a0fed56df9f0",,"2026-03-08T16:45:00.000","5","FLASHING CONTROL SIGNAL","UNKNOWN","CLEAR","DAYLIGHT","REAR END","OTHER",,"STRAIGHT AND LEVEL","WET","UNKNOWN","NOT ON SCENE (DESK REPORT)","NO INJURY / DRIVE AWAY",,,,"$501 - $1,500","2026-03-08T16:55:00.000","UNABLE TO DETERMINE","UNABLE TO DETERMINE","1538","E","95TH ST","413",,,,,,,"2","NO INDICATION OF INJURY","0","0","0","0","0","3","0","16","1","3","41.7224394759","-87.5861858365","POINT (-87.586185836462 41.722439475881)"
"c3af29c3621636d3a10ee8ae3b5a82cd54d34b786dae857b56312a8a4877468f44904135967e4268cd7c42aeb651b463c4938b8e61473da23a6059d8de19428f",,"2026-03-08T16:40:00.000","30","NO CONTROLS","NO CONTROLS","CLEAR","DAYLIGHT","REAR END","NOT DIVIDED",,"STRAIGHT AND LEVEL","DRY","NO DEFECTS","NOT ON SCENE (DESK REPORT)","NO INJURY / DRIVE AWAY",,,"Y","$501 - $1,500","2026-03-08T17:10:00.000","FOLLOWING TOO CLOSELY","FOLLOWING TOO CLOSELY","232","N","PULASKI RD","1114",,,,,,,"3","NO INDICATION OF INJURY","0","0","0","0","0","5","0","16","1","3","41.8845118246","-87.7259246755","POINT (-87.725924675457 41.88451182461)"
"190bdaab0fba4bbad7dd3fa33dac1681e0f0f8c600aa81c6a333d40fd99e37debb0e78ea334f79000b9224f0f415e0f89357e976ca6d3caac9c022de598a1b5b",,"2026-03-08T16:35:00.000","30","TRAFFIC SIGNAL","FUNCTIONING PROPERLY","CLEAR","DAYLIGHT","SIDESWIPE SAME DIRECTION","NOT DIVIDED",,"STRAIGHT ON GRADE","DRY","NO DEFECTS","ON SCENE","NO INJURY / DRIVE AWAY",,,,"$501 - $1,500","2026-03-08T16:57:00.000","UNABLE TO DETERMINE","NOT APPLICABLE","218","W","GARFIELD BLVD","935",,,,,,,"2","NO INDICATION OF INJURY","0","0","0","0","0","2","0","16","1","3","41.7946445367","-87.6313764707","POINT (-87.6313764707 41.794644536708)"
"b96008dd9b7c7e0f531cadff7d9f23096fac6881aeaacabb5170abc8726dadf001eb97bc253be48602f5959d48304cb03d0b57dc3559aa3b965e2bf50058586d",,"2026-03-08T16:34:00.000","30","TRAFFIC SIGNAL","FUNCTIONING PROPERLY","CLEAR","DAWN","PARKED MOTOR VEHICLE","NOT DIVIDED",,"STRAIGHT AND LEVEL","DRY","NO DEFECTS",,"NO INJURY / DRIVE AWAY",,,,"OVER $1,500","2026-03-08T19:39:00.000","FAILING TO YIELD RIGHT-OF-WAY","FAILING TO YIELD RIGHT-OF-WAY","1547","N","ASHLAND AVE","1433",,,,,,,"2","NO INDICATION OF INJURY","0","0","0","0","0","4","0","16","1","3","41.9102189523","-87.6675345375","POINT (-87.667534537484 41.910218952345)"
"138cbe0e3f15fd0bbbe9e1315a36e467490f68e95afd826b6cb40407b469808ee144c936f179fccd80886952612632e245595906bd13ad56f4e5e880d145f9e6",,"2026-03-08T16:30:00.000","30","NO CONTROLS","NO CONTROLS","CLEAR","DAYLIGHT","FIXED OBJECT","FOUR WAY",,"STRAIGHT AND LEVEL","DRY","NO DEFECTS","NOT ON SCENE (DESK REPORT)","NO INJURY / DRIVE AWAY",,,,"OVER $1,500","2026-03-08T17:58:00.000","OPERATING VEHICLE IN ERRATIC, RECKLESS, CARELESS, NEGLIGENT OR AGGRESSIVE MANNER","UNABLE TO DETERMINE","1150","N","CICERO AVE","1531",,,,,,,"1","NO INDICATION OF INJURY","0","0","0","0","0","1","0","16","1","3","41.9020284377","-87.7461170556","POINT (-87.746117055647 41.902028437703)"
"e369a32c1c9f2983313fec21566df00bf04d17e261904ce299235270b87b87c3f3b4ea9035ab78196ca6eb7d74bdcb1c4c8a502d6aac15900816f62cf36a5893",,"2026-03-08T16:29:00.000","20","NO CONTROLS","NO CONTROLS","CLEAR","DAYLIGHT","SIDESWIPE SAME DIRECTION","NOT DIVIDED",,"STRAIGHT AND LEVEL","DRY","NO DEFECTS","ON SCENE","NO INJURY / DRIVE AWAY",,,,"$501 - $1,500","2026-03-08T16:29:00.000","IMPROPER OVERTAKING/PASSING","NOT APPLICABLE","1301","W","NORTH AVE","1433",,,,,,,"2","NO INDICATION OF INJURY","0","0","0","0","0","2","0","16","1","3","41.910631213","-87.6604276953","POINT (-87.660427695263 41.910631212954)"
"af3dc4b50c2b7f393ffe51b6e2805c9c1f4381075c2799a85d5cff07893a17cb010d8105a7dbb4fe17ae5d78fab21e4bdbaebd9030148ba7ea88e91342eb625c",,"2026-03-08T16:22:00.000","30","STOP SIGN/FLASHER","OTHER","CLEAR","DAYLIGHT","TURNING","T-INTERSECTION",,"STRAIGHT ON GRADE","DRY","UNKNOWN","NOT ON SCENE (DESK REPORT)","NO INJURY / DRIVE AWAY",,,,"OVER $1,500","2026-03-08T19:40:00.000","IMPROPER OVERTAKING/PASSING","NOT APPLICABLE","10","E","48TH ST","224",,,,,,,"2","NO INDICATION OF INJURY","0","0","0","0","0","2","0","16","1","3","41.8075327406","-87.6255883303","POINT (-87.625588330339 41.807532740589)"
"ade429181e0d88cc21fb38e6aeab46e5d756e4284f64ae8b8af702275edc67b63c71908b88d20db959b0349488a4b85e496f83c897972cbeb5659495f0a34122",,"2026-03-08T16:20:00.000","30","STOP SIGN/FLASHER","FUNCTIONING PROPERLY","CLEAR","DAYLIGHT","TURNING","FOUR WAY",,"STRAIGHT AND LEVEL","DRY","NO DEFECTS","NOT ON SCENE (DESK REPORT)","NO INJURY / DRIVE AWAY",,,"Y","$501 - $1,500","2026-03-08T17:00:00.000","IMPROPER OVERTAKING/PASSING","UNABLE TO DETERMINE","7158","W","BYRON ST","1632",,,,,,,"2","NO INDICATION OF INJURY","0","0","0","0","0","2","0","16","1","3","41.950860276","-87.8059335506","POINT (-87.805933550601 41.950860275962)"
"d344bdad3593147369d4b3fc504590db9064e2f1e104d3ef0873dc00316259239827639cdd6e2de56cd6b61674f75e3526e4d5c35bf0a6001ddc66ab222b990b",,"2026-03-08T16:15:00.000","25","NO CONTROLS","UNKNOWN","CLEAR","DAYLIGHT","SIDESWIPE SAME DIRECTION","NOT DIVIDED",,"STRAIGHT AND LEVEL","DRY","UNKNOWN","ON SCENE","NO INJURY / DRIVE AWAY",,,,"OVER $1,500","2026-03-08T16:27:00.000","UNABLE TO DETERMINE","NOT APPLICABLE","4698","N","KELSO AVE","1722",,,,,,,"2","NO INDICATION OF INJURY","0","0","0","0","0","6","0","16","1","3","41.9658084836","-87.733396294","POINT (-87.733396294014 41.965808483621)"
"35e7f39d92dc00594876283aa5408d278917a50483760c80bb9b5a96fa4058813b77637edf83425e05dd14ae37c84be7be6499108f19142acf1e9a614f209842",,"2026-03-08T16:07:00.000","30","STOP SIGN/FLASHER","FUNCTIONING PROPERLY","CLEAR","DAYLIGHT","PEDESTRIAN","NOT DIVIDED",,"STRAIGHT AND LEVEL","DRY","NO DEFECTS","ON SCENE","INJURY AND / OR TOW DUE TO CRASH",,,,"$500 OR LESS","2026-03-08T16:08:00.000","DISREGARDING STOP SIGN","FAILING TO REDUCE SPEED TO AVOID CRASH","5700","W","60TH ST","812",,,,,,,"2","NONINCAPACITATING INJURY","1","0","0","1","0","2","0","16","1","3","41.7836186992","-87.7644505886","POINT (-87.764450588565 41.783618699218)"
"0707dbd4cc678ef496cb58f2bd9ecec3315cf098591483ce37846df996f063ab9f3e933dc21241655143155afff62869050b83be7324269ea6602739d0c24b14","Y","2026-03-08T16:00:00.000","30","TRAFFIC SIGNAL","FUNCTIONING PROPERLY","CLEAR","DAYLIGHT","SIDESWIPE SAME DIRECTION","NOT DIVIDED",,"STRAIGHT AND LEVEL","DRY","UNKNOWN","NOT ON SCENE (DESK REPORT)","INJURY AND / OR TOW DUE TO CRASH",,,,"OVER $1,500","2026-03-14T16:15:00.000","FAILING TO YIELD RIGHT-OF-WAY","NOT APPLICABLE","1996","N","SHEFFIELD AVE","1811",,,,,,,"2","NONINCAPACITATING INJURY","1","0","0","1","0","1","0","16","1","3","41.9179949224","-87.6535103812","POINT (-87.653510381177 41.917994922447)"
"46f3b7ac7a1d5ea13d6c9048830adcf3b64705cccfae1244bddb7c56b012a72ce0c8ee5e0dfc23a67dedf64eb11c0a6ad63e9c9913f6f24358fd38328e08218d",,"2026-03-08T16:00:00.000","30","TRAFFIC SIGNAL","FUNCTIONING PROPERLY","CLEAR","DAYLIGHT","REAR END","FOUR WAY",,"STRAIGHT AND LEVEL","DRY","NO DEFECTS","NOT ON SCENE (DESK REPORT)","NO INJURY / DRIVE AWAY","Y",,,"OVER $1,500","2026-03-08T16:15:00.000","FAILING TO REDUCE SPEED TO AVOID CRASH","UNABLE TO DETERMINE","1155","W","81ST ST","613",,,,,,,"2","NO INDICATION OF INJURY","0","0","0","0","0","2","0","16","1","3","41.7467512786","-87.6534087632","POINT (-87.653408763169 41.74675127865)"
"6440560eaabcd5cf91b0887e44f21d6861e5ffbc6bb33b41a85d371428438baceec05056e0a6edc98c73d64b9aec3a044515965a80e9735353545ea9d686018d","Y","2026-03-08T16:00:00.000","30","NO CONTROLS","NO CONTROLS","CLEAR","DARKNESS, LIGHTED ROAD","PARKED MOTOR VEHICLE","NOT DIVIDED",,"STRAIGHT AND LEVEL","DRY","UNKNOWN","ON SCENE","NO INJURY / DRIVE AWAY",,"N","Y","OVER $1,500","2026-03-09T00:33:00.000","UNABLE TO DETERMINE","UNABLE TO DETERMINE","3516","W","44TH ST","821",,,,,,,"2","NO INDICATION OF INJURY","0","0","0","0","0","1","0","16","1","3","41.8136254929","-87.7121067194","POINT (-87.712106719436 41.813625492868)"
"aaf90b55dbb7a511e820463cc18a552ca7c47e006188ee649c390e3ce863a8afc2c8d58620f3c701bbaba2237e8e91db24e0618d077e55452c649811caae0e45",,"2026-03-08T16:00:00.000","30","NO CONTROLS","NO CONTROLS","CLEAR","DAYLIGHT","SIDESWIPE OPPOSITE DIRECTION","NOT DIVIDED",,"STRAIGHT AND LEVEL","DRY","NO DEFECTS","NOT ON SCENE (DESK REPORT)","NO INJURY / DRIVE AWAY",,,,"$500 OR LESS","2026-03-08T16:55:00.000","UNABLE TO DETERMINE","NOT APPLICABLE","6024","S","PULASKI RD","813",,,,,,,"2","NO INDICATION OF INJURY","0","0","0","0","0","5","0","16","1","3","41.7834105404","-87.7230407928","POINT (-87.723040792805 41.783410540413)"
"dc9c0fd816f411a84e5d725a3bb354bd50da17a073b1968953911853bbe01f7be21c3cc2c3643cfe875fc54e4fdd45a992058df26d2402ebe4ba5863c22228e9",,"2026-03-08T16:00:00.000","10","NO CONTROLS","NO CONTROLS","CLEAR","DARKNESS, LIGHTED ROAD","PARKED MOTOR VEHICLE","PARKING LOT",,"STRAIGHT AND LEVEL","DRY","NO DEFECTS","NOT ON SCENE (DESK REPORT)","NO INJURY / DRIVE AWAY",,,,"OVER $1,500","2026-03-08T21:15:00.000","IMPROPER BACKING","FAILING TO REDUCE SPEED TO AVOID CRASH","240","E","ILLINOIS ST","1834",,,,,,,"2","NO INDICATION OF INJURY","0","0","0","0","0","1","0","16","1","3","41.8910996167","-87.6209676381","POINT (-87.620967638105 41.891099616664)"
"e8c6bb2e8e866c4b5e6aeedcac0c628c6194971d007bc420a680ce90e002042e10b5db93494be46f0a97843edca76fa49cfcb198e52bd2ff19274df0c12e07eb",,"2026-03-08T16:00:00.000","10","NO CONTROLS","NO CONTROLS","UNKNOWN","UNKNOWN","PARKED MOTOR VEHICLE","PARKING LOT",,"STRAIGHT AND LEVEL","UNKNOWN","UNKNOWN","NOT ON SCENE (DESK REPORT)","NO INJURY / DRIVE AWAY",,"Y","Y","OVER $1,500","2026-03-12T20:00:00.000","FAILING TO REDUCE SPEED TO AVOID CRASH","NOT APPLICABLE","202","W","HILL ST","1823",,,,,,,"2","NO INDICATION OF INJURY","0","0","0","0","0","1","0","16","1","3","41.9022119152","-87.634571522","POINT (-87.634571522045 41.902211915199)"
"774f71ce9e2de2b282e1ce6a00e08e37d83c9519ed2f346d4ef0bb60ef01e92094fa28b42e73075ed19263fdf780ca1bae9ad347024c6080bc2837beca498e5a",,"2026-03-08T15:55:00.000","25","STOP SIGN/FLASHER","UNKNOWN","CLEAR","DAYLIGHT","PARKED MOTOR VEHICLE","NOT DIVIDED",,"STRAIGHT AND LEVEL","DRY","NO DEFECTS","ON SCENE","NO INJURY / DRIVE AWAY",,,,"OVER $1,500","2026-03-08T16:03:00.000","UNABLE TO DETERMINE","UNABLE TO DETERMINE","1610","N","NORTH PARK AVE","1814",,,,,,,"2","NO INDICATION OF INJURY","0","0","0","0","0","1","0","15","1","3","41.9114735186","-87.636819964","POINT (-87.636819963966 41.911473518556)"
"77fce542c04f0477169edcd0b2b915980716f20641d02d3bfa2114f6a08c62c012e764567e41370c8467c2a85b240af7992fac138933c5192dfc56694914f6e1",,"2026-03-08T15:55:00.000","25","NO CONTROLS","NO CONTROLS","CLEAR","DAYLIGHT","TURNING","TRAFFIC ROUTE",,"STRAIGHT AND LEVEL","DRY","NO DEFECTS","NOT ON SCENE (DESK REPORT)","NO INJURY / DRIVE AWAY",,,,"OVER $1,500","2026-03-08T16:38:00.000","UNABLE TO DETERMINE","NOT APPLICABLE","8554","S","STONY ISLAND AVE","412",,,,,,,"2","NO INDICATION OF INJURY","0","0","0","0","0","2","0","15","1","3","41.7389007481","-87.5858379229","POINT (-87.58583792293 41.738900748117)"
"bf8efc176165e69018a603136e8b2d66150a6567a0ef5ef042ce7f707fc96236a9c888a104f6dd016b3243e6be38ea9eb635464e0d0b312f42207a300e47d9ae",,"2026-03-08T15:48:00.000","45","UNKNOWN","UNKNOWN","CLEAR","DAYLIGHT","SIDESWIPE SAME DIRECTION","DIVIDED - W/MEDIAN BARRIER",,"STRAIGHT AND LEVEL","DRY","UNKNOWN","ON SCENE","NO INJURY / DRIVE AWAY",,,,"OVER $1,500","2026-03-08T16:11:00.000","NOT APPLICABLE","NOT APPLICABLE","2000","N","LAKE SHORE DR NB","1814",,,,,,,"2","NO INDICATION OF INJURY","0","0","0","0","0","4","0","15","1","3","41.9184162335","-87.6292248208","POINT (-87.62922482077 41.918416233534)"
"0fb09699fb20d6dcbb099d72e78e673e7acfcfe21a13f58173bc8b1e5d4189a9683ad6129d01d7cb0234390aef5aa0ff5ec3a95d021e65991c07ffaa767dc043",,"2026-03-08T15:45:00.000","30","STOP SIGN/FLASHER","FUNCTIONING PROPERLY","CLEAR","DAYLIGHT","ANGLE","DIVIDED - W/MEDIAN (NOT RAISED)",,"STRAIGHT AND LEVEL","DRY","NO DEFECTS","NOT ON SCENE (DESK REPORT)","NO INJURY / DRIVE AWAY","Y",,,"OVER $1,500","2026-03-08T16:20:00.000","UNABLE TO DETERMINE","UNABLE TO DETERMINE","4700","W","MADISON ST","1113",,,,,,,"2","NO INDICATION OF INJURY","0","0","0","0","0","2","0","15","1","3","41.8806340554","-87.7429547312","POINT (-87.742954731159 41.880634055402)"
"f70ea0bda28386e53aed2817aa16e6368d227d70232db7f3aa7703c6006ad3326cc96d25f0bd94775f1889f7f7f058ba24d0baa77759c9de7a9031ac8c91d6c7",,"2026-03-08T15:44:00.000","15","NO CONTROLS","NO CONTROLS","CLEAR","DAYLIGHT","PARKED MOTOR VEHICLE","PARKING LOT",,"STRAIGHT AND LEVEL","DRY","NO DEFECTS","NOT ON SCENE (DESK REPORT)","NO INJURY / DRIVE AWAY",,"Y",,"OVER $1,500","2026-03-10T19:30:00.000","FAILING TO REDUCE SPEED TO AVOID CRASH","NOT APPLICABLE","5600","W","IRVING PARK RD","1624",,,,,,,"2","NO INDICATION OF INJURY","0","0","0","0","0","1","0","15","1","3","41.9532928473","-87.7670657078","POINT (-87.767065707753 41.953292847298)"
"5eddd7175ff54e54c3fa6778cf7dbac320fc73b1a97b3ffbfca0359a34a210312b69fcc3b7d83330f54a1126cd7d3171c52d842c3867befac11befc3b522ca08",,"2026-03-08T15:43:00.000","30","STOP SIGN/FLASHER","FUNCTIONING PROPERLY","CLEAR","DAYLIGHT","ANGLE","ONE-WAY",,"STRAIGHT AND LEVEL","DRY","UNKNOWN","ON SCENE","INJURY AND / OR TOW DUE TO CRASH","Y",,,"OVER $1,500","2026-03-08T15:43:00.000","NOT APPLICABLE","NOT APPLICABLE","98","E","46TH ST","215",,,,,,,"2","REPORTED, NOT EVIDENT","1","0","0","0","1","1","0","15","1","3","41.8112078316","-87.622969683","POINT (-87.622969682993 41.811207831645)"
"fbd76d62462967a4b6d3dc9bfaf8758f10b7e073382317705f7ed7d9dab40c64de28b8240b3c68feabf39fed0913dc6bd454717a7cbeadfe675a620978bc33b4",,"2026-03-08T15:40:00.000","30","NO CONTROLS","NO CONTROLS","CLEAR","DAYLIGHT","PARKED MOTOR VEHICLE","ONE-WAY",,"STRAIGHT AND LEVEL","UNKNOWN","UNKNOWN","NOT ON SCENE (DESK REPORT)","NO INJURY / DRIVE AWAY",,,,"$501 - $1,500","2026-03-08T16:50:00.000","IMPROPER BACKING","NOT APPLICABLE","872","N","RUSH ST","1833",,,,,,,"2","NO INDICATION OF INJURY","0","0","0","0","0","1","0","15","1","3","41.8982765409","-87.6264865205","POINT (-87.626486520461 41.898276540872)"
"43623bcfa9c0c2e91d42deba78c8284a8452849fbe671338c1c650083ccca04af52a34aea2c28ff20ab63066f31bcd76c45dbc28df99f8f9f390f53d98f1869b",,"2026-03-08T15:36:00.000","30","NO CONTROLS","NO CONTROLS","CLEAR","DAYLIGHT","PARKED MOTOR VEHICLE","DIVIDED - W/MEDIAN BARRIER",,"STRAIGHT AND LEVEL","DRY","NO DEFECTS","ON SCENE","NO INJURY / DRIVE AWAY",,,,"OVER $1,500","2026-03-08T16:23:00.000","UNABLE TO DETERMINE","UNABLE TO DETERMINE","2527","W","PATTERSON AVE","1921",,,,,,,"2","NO INDICATION OF INJURY","0","0","0","0","0","1","0","15","1","3","41.9475013939","-87.691363265","POINT (-87.691363265015 41.947501393878)"