"crash_record_id","crash_date_est_i","crash_date","posted_speed_limit","traffic_control_device","device_condition","weather_condition","lighting_condition","first_crash_type","trafficway_type","lane_cnt","alignment","roadway_surface_cond","road_defect","report_type","crash_type","intersection_related_i","private_property_i","hit_and_run_i","damage","date_police_notified","prim_contributory_cause","sec_contributory_cause","street_no","street_direction","street_name","beat_of_occurrence","photos_taken_i","statements_taken_i","dooring_i","work_zone_i","work_zone_type","workers_present_i","num_units","most_severe_injury","injuries_total","injuries_fatal","injuries_incapacitating","injuries_non_incapacitating","injuries_reported_not_evident","injuries_no_indication","injuries_unknown","crash_hour","crash_day_of_week","crash_month","latitude","longitude","location"
"ebbac2171c4c18bbd8f255abaabfb9abc7b60e32832f41883fab61a63132c5fad5e8d5399b55f20fabd4f2db5d905e857ed804d052c0f421b349452157d9a93f",,"2026-03-08T15:33:00.000","15","NO CONTROLS","NO CONTROLS","CLEAR","DAYLIGHT","FIXED OBJECT","ALLEY",,"STRAIGHT AND LEVEL","DRY","NO DEFECTS","ON SCENE","INJURY AND / OR TOW DUE TO CRASH",,"Y",,"OVER $1,500","2026-03-08T15:58:00.000","IMPROPER TURNING/NO SIGNAL","DRIVING SKILLS/KNOWLEDGE/EXPERIENCE","416","E","46TH ST","221",,,,,,,"1","NO INDICATION OF INJURY","0","0","0","0","0","1","0","15","1","3","41.8113236263","-87.6156214682","POINT (-87.615621468235 41.811323626297)"
"962a6400b764c0d10bc0e5153abf0244bac3ca400db2cbcf5f6c0a81247a34d80a32f00075d9dcb82f6461e685cd716e288db15e9f1ca15b8a6719d27215697f",,"2026-03-08T15:30:00.000","35","NO CONTROLS","NO CONTROLS","CLEAR","DAYLIGHT","SIDESWIPE SAME DIRECTION","NOT DIVIDED",,"STRAIGHT AND LEVEL","DRY","NO DEFECTS",,"INJURY AND / OR TOW DUE TO CRASH",,,"N","OVER $1,500","2026-03-08T15:31:00.000","FAILING TO YIELD RIGHT-OF-WAY","NOT APPLICABLE","614","E","79TH ST","624",,,,,,,"2","REPORTED, NOT EVIDENT","4","0","0","0","4","1","0","15","1","3","41.7513205924","-87.609438487","POINT (-87.609438486962 41.751320592407)"
"fac6188c5fb52412eeaa3a06c96c7f64731656348c0d4077ca72d68a34da7deac2ee9de2650d1c2d27e1871541fe6b37d20e2d20a6bde790595b2944fc86c3d2",,"2026-03-08T15:23:00.000","30","STOP SIGN/FLASHER","NO CONTROLS","CLEAR","DAYLIGHT","ANGLE","FOUR WAY",,"STRAIGHT AND LEVEL","DRY","NO DEFECTS","ON SCENE","NO INJURY / DRIVE AWAY","Y",,,"OVER $1,500","2026-03-08T15:39:00.000","UNABLE TO DETERMINE","UNABLE TO DETERMINE","1600","S","ASHLAND AVE","1234",,,,,,,"2","NO INDICATION OF INJURY","0","0","0","0","0","8","0","15","1","3","41.859559782","-87.6663438504","POINT (-87.666343850368 41.859559781969)"
"1c54b935d35ec88b0ff81e9269fe4ff0cf7b8510bec44508cc7c90ea58edeff85b70550c5c2a764e822e18f2c9b89985c6d55d930ef8b7c9d470b56afaf0be18",,"2026-03-08T15:20:00.000","30","NO CONTROLS","NO CONTROLS","UNKNOWN","UNKNOWN","FIXED OBJECT","DRIVEWAY",,"STRAIGHT AND LEVEL","UNKNOWN","UNKNOWN","ON SCENE","INJURY AND / OR TOW DUE TO CRASH",,"Y",,"$500 OR LESS","2026-03-08T16:30:00.000","UNABLE TO DETERMINE","NOT APPLICABLE","300","S","DAMEN AVE","1225",,,,,,,"1","REPORTED, NOT EVIDENT","2","0","0","0","2","1","0","15","1","3","41.8774128376","-87.6766908959","POINT (-87.676690895903 41.877412837573)"
"615f7926d5b71c75d3dc8e91be22d84b7f62c234b4954395992ecd36deeb2c4e99c0b38256535c275d567637e78c1f4632e2334eadc116ee477eb0121123bf67",,"2026-03-08T15:20:00.000","30","NO CONTROLS","NO CONTROLS","CLEAR","DAYLIGHT","SIDESWIPE SAME DIRECTION","NOT DIVIDED",,"STRAIGHT AND LEVEL","DRY","NO DEFECTS","NOT ON SCENE (DESK REPORT)","NO INJURY / DRIVE AWAY",,,"Y","OVER $1,500","2026-03-08T21:40:00.000","FAILING TO YIELD RIGHT-OF-WAY","UNABLE TO DETERMINE","950","W","MONROE ST","1232",,,,,,,"2","NO INDICATION OF INJURY","0","0","0","0","0","2","0","15","1","3","41.880524949","-87.6516927154","POINT (-87.651692715423 41.88052494896)"
"9cd2d7538ef49960398b1806df07c444286be217d4fe3bb0c2f9d9b195ac91d1d782c39ab70c2abc7038eb7426a5a5806c41baaae0882ef5e00e1652d0197727",,"2026-03-08T15:17:00.000","25","NO CONTROLS","NO CONTROLS","CLEAR","DAYLIGHT","PARKED MOTOR VEHICLE","ONE-WAY",,"STRAIGHT AND LEVEL","DRY","NO DEFECTS","NOT ON SCENE (DESK REPORT)","NO INJURY / DRIVE AWAY",,,"Y","$501 - $1,500","2026-03-08T15:30:00.000","UNABLE TO DETERMINE","NOT APPLICABLE","827","W","AGATITE AVE","1914",,,,,,,"2","NO INDICATION OF INJURY","0","0","0","0","0","1","0","15","1","3","41.9626239502","-87.6510293063","POINT (-87.65102930634 41.962623950229)"
"45128be219bd7d9dff0bc629cd3b20de793f79e8a8996bea83543da6491a93efa2de34fb477eed6fd31455d90533d63702523436e3cf4c1cdb3040341690ea3d",,"2026-03-08T15:15:00.000","30","TRAFFIC SIGNAL","FUNCTIONING PROPERLY","CLEAR","DAYLIGHT","SIDESWIPE SAME DIRECTION","OTHER",,"STRAIGHT AND LEVEL","DRY","WORN SURFACE","ON SCENE","NO INJURY / DRIVE AWAY",,,,"$500 OR LESS","2026-03-08T15:36:00.000","FAILING TO YIELD RIGHT-OF-WAY","NOT APPLICABLE","728","W","31ST ST","914",,,,,,,"2","NO INDICATION OF INJURY","0","0","0","0","0","2","0","15","1","3","41.8381699143","-87.6450067177","POINT (-87.645006717689 41.838169914285)"
"df593dd7b0a799039a4e6a2a21f1e76db53bffa3d40aa0c1ced65f855f2cacd3d2d2abc99a14f7ca1faa34b7578c6ebb6d9ece12cd19120d31c5203f9396b4f6",,"2026-03-08T15:11:00.000","30","TRAFFIC SIGNAL","FUNCTIONING PROPERLY","CLEAR","DAYLIGHT","TURNING","T-INTERSECTION",,"STRAIGHT AND LEVEL","DRY","NO DEFECTS","ON SCENE","INJURY AND / OR TOW DUE TO CRASH","Y",,,"OVER $1,500","2026-03-08T15:13:00.000","DISREGARDING TRAFFIC SIGNALS","NOT APPLICABLE","4259","S","DR MARTIN LUTHER KING JR DR","214",,,,,,,"4","NONINCAPACITATING INJURY","1","0","0","1","0","2","0","15","1","3","41.8166823137","-87.6166469648","POINT (-87.616646964843 41.816682313748)"
"f37387dfcaa32588f9f391aebcea6dc0eeca94c739db134d2080a151891c42054b08e31fab58efbd6468963b5e9a91e12a3dc08fee4f2d417807b131b3e1ca19",,"2026-03-08T15:04:00.000","30","TRAFFIC SIGNAL","FUNCTIONING PROPERLY","CLEAR","DAYLIGHT","REAR END","FOUR WAY",,"STRAIGHT AND LEVEL","DRY","NO DEFECTS","NOT ON SCENE (DESK REPORT)","NO INJURY / DRIVE AWAY",,,,"OVER $1,500","2026-03-08T16:00:00.000","FOLLOWING TOO CLOSELY","UNABLE TO DETERMINE","834","N","CICERO AVE","1531",,,,,,,"2","NO INDICATION OF INJURY","0","0","0","0","0","6","0","15","1","3","41.895995205","-87.7459784807","POINT (-87.745978480676 41.895995204958)"
"4c477bbb1d2adb0ef2bd0b6c8d88b3ac349464a2030c67b4f423f2a8333c425fd63581e8952470f80465bd3a5fe858816d242b489a5027afac19e598707faf8c",,"2026-03-08T15:00:00.000","30","TRAFFIC SIGNAL","FUNCTIONING PROPERLY","UNKNOWN","DAYLIGHT","REAR END","DIVIDED - W/MEDIAN (NOT RAISED)",,"STRAIGHT AND LEVEL","UNKNOWN","UNKNOWN","NOT ON SCENE (DESK REPORT)","NO INJURY / DRIVE AWAY",,,"Y","OVER $1,500","2026-03-09T19:45:00.000","UNABLE TO DETERMINE","NOT APPLICABLE","1949","N","CICERO AVE","2533",,,,,,,"2","NO INDICATION OF INJURY","0","0","0","0","0","6","0","15","1","3","41.9165628167","-87.7459414712","POINT (-87.74594147124 41.916562816731)"
"eca516be7be669678825ecc24e380cb137741048de84bdc4cd0605ae3a81c2c9fba832990bc77d1de55d9de6a1cacbc7b309b4ef7c4ed72e3872b89fa3d2cf97",,"2026-03-08T15:00:00.000","20","NO CONTROLS","NO CONTROLS","CLEAR","DAYLIGHT","PARKED MOTOR VEHICLE","ONE-WAY",,"STRAIGHT AND LEVEL","DRY","NO DEFECTS","NOT ON SCENE (DESK REPORT)","NO INJURY / DRIVE AWAY",,,,"OVER $1,500","2026-03-10T10:00:00.000","NOT APPLICABLE","NOT APPLICABLE","10000","W","OHARE ST","1651",,,,,,,"2","NO INDICATION OF INJURY","0","0","0","0","0","5","0","15","1","3","41.976201139","-87.9053091251","POINT (-87.905309125103 41.976201139024)"
"f18e4b3ce8d3a946fd1f748946cbda38b13a31d94a183c833ba94b42047d5e4dd38c2d99eaf96e8958a9363197c2d0a2e28fbd3331b87ff76c7bc1b9c47a0b52",,"2026-03-08T15:00:00.000","35","NO CONTROLS","NO CONTROLS","CLEAR","DAYLIGHT","TURNING","DIVIDED - W/MEDIAN (NOT RAISED)",,"STRAIGHT AND LEVEL","DRY","UNKNOWN","NOT ON SCENE (DESK REPORT)","NO INJURY / DRIVE AWAY",,,,"OVER $1,500","2026-03-08T22:30:00.000","UNABLE TO DETERMINE","NOT APPLICABLE","4010","W","115TH ST","2211",,,,,,,"2","NO INDICATION OF INJURY","0","0","0","0","0","2","0","15","1","3","41.6840692598","-87.7205121312","POINT (-87.720512131199 41.684069259765)"
"bbb3a1567216680d03114cc7e03753a01d0d63cce4d5c8fd5eebf5b977bc1bdd1877d93c60a820af70721e65ed7100a946198607b5a435c3e86164134ea0493b",,"2026-03-08T14:59:00.000","25","NO CONTROLS","NO CONTROLS","CLEAR","DAYLIGHT","PARKED MOTOR VEHICLE","ONE-WAY",,"STRAIGHT AND LEVEL","DRY","NO DEFECTS","ON SCENE","INJURY AND / OR TOW DUE TO CRASH",,,"Y","$500 OR LESS","2026-03-08T16:09:00.000","UNABLE TO DETERMINE","NOT APPLICABLE","4417","S","FAIRFIELD AVE","922",,,,,,,"2","NO INDICATION OF INJURY","0","0","0","0","0","1","0","14","1","3","41.8132155586","-87.6929845138","POINT (-87.69298451379 41.813215558638)"
"f410a9bac8ddbcf2fb085e694d92dd4082a5d556094fc3d35c9b134b26c26f81cafae53c7332f8583eae36bc271a98cdcede709ca7cbcda81077fdf8a3729d67",,"2026-03-08T14:57:00.000","30","NO CONTROLS","NO CONTROLS","CLEAR","DAYLIGHT","PARKED MOTOR VEHICLE","PARKING LOT",,"STRAIGHT AND LEVEL","DRY","NO DEFECTS","ON SCENE","NO INJURY / DRIVE AWAY",,,"Y","$500 OR LESS","2026-03-08T15:37:00.000","IMPROPER BACKING","DRIVING SKILLS/KNOWLEDGE/EXPERIENCE","7529","N","CLARK ST","2422",,,,,,,"2","NO INDICATION OF INJURY","0","0","0","0","0","1","0","14","1","3","42.0186311303","-87.675844598","POINT (-87.675844598018 42.018631130261)"
"33fb558bc3e99939346c8981890d400b9177cb6892c14256f4478f2d231183811490845157bbb654aacc8dc379c7bafc1aecb0b937c1d4bb515c913c427c9da8",,"2026-03-08T14:55:00.000","30","STOP SIGN/FLASHER","FUNCTIONING PROPERLY","CLEAR","DAYLIGHT","ANGLE","FOUR WAY",,"STRAIGHT AND LEVEL","DRY","NO DEFECTS","ON SCENE","INJURY AND / OR TOW DUE TO CRASH","Y",,"Y","OVER $1,500","2026-03-08T15:01:00.000","FAILING TO YIELD RIGHT-OF-WAY","DRIVING SKILLS/KNOWLEDGE/EXPERIENCE","799","W","128TH PL","523",,,,,,,"2","NONINCAPACITATING INJURY","1","0","0","1","0","1","0","14","1","3","41.660350779","-87.6412648425","POINT (-87.641264842535 41.660350779046)"
"4c64194e270fd8458e348daa7e8d70c18dcc9da7c06173f0384504e29ec37cbdff7776b0d6cb51233034764d7d16c6dfb138dc9b2f5de2e4c5226c9b4de2095c",,"2026-03-08T14:50:00.000","30","NO CONTROLS","NO CONTROLS","CLEAR","DAYLIGHT","PARKED MOTOR VEHICLE","PARKING LOT",,"STRAIGHT AND LEVEL","DRY","UNKNOWN","ON SCENE","NO INJURY / DRIVE AWAY",,"Y","Y","OVER $1,500","2026-03-08T15:43:00.000","UNABLE TO DETERMINE","UNABLE TO DETERMINE","431","N","AUSTIN BLVD","1512",,,,,,,"2","NO INDICATION OF INJURY","0","0","0","0","0","1","0","14","1","3","41.8879931145","-87.7747628316","POINT (-87.774762831621 41.887993114473)"
"7019a27ca2641b156b174e4ce2abd15917e2d76b5c741f5c8c667ba9dbdd7a3dbd8543f7dda50a6f8eb4847a7b7cd63abee4f7dc1a452ce6ce7438309aaf7c07",,"2026-03-08T14:50:00.000","30","UNKNOWN","UNKNOWN","CLEAR","DAYLIGHT","REAR END","NOT DIVIDED",,"STRAIGHT AND LEVEL","UNKNOWN","UNKNOWN","NOT ON SCENE (DESK REPORT)","NO INJURY / DRIVE AWAY",,,,"$500 OR LESS","2026-03-09T10:54:00.000","FOLLOWING TOO CLOSELY","DRIVING SKILLS/KNOWLEDGE/EXPERIENCE","2417","W","PETERSON AVE","2011",,,,,,,"2","NO INDICATION OF INJURY","0","0","0","0","0","2","0","14","1","3","41.9903831481","-87.6904022725","POINT (-87.690402272532 41.990383148106)"
"d0bb09477f54e984c550a048dc2fb5970a195b368e624279bec373d32edadf747c2f25e1f10eb832c1468f1b50df266af4ce292f4575212025e59e57f451b25b",,"2026-03-08T14:45:00.000","10","NO CONTROLS","NO CONTROLS","CLEAR","DAYLIGHT","SIDESWIPE OPPOSITE DIRECTION","PARKING LOT",,"STRAIGHT AND LEVEL","DRY","NO DEFECTS","NOT ON SCENE (DESK REPORT)","NO INJURY / DRIVE AWAY",,"Y",,"OVER $1,500","2026-03-08T17:10:00.000","UNABLE TO DETERMINE","NOT APPLICABLE","4137","N","ELSTON AVE","1723",,,,,,,"2","NO INDICATION OF INJURY","0","0","0","0","0","3","0","14","1","3","41.9561262015","-87.7224828263","POINT (-87.722482826292 41.956126201479)"
"e70593e9706833f2756a29675aba42533d3a5a3bf656b757626a1b0bee5697e5f2434fd7d3f227ff50718930e65f7358f1a5d5011d526df27fdef5dacb97ce63",,"2026-03-08T14:45:00.000","45","NO CONTROLS","NO CONTROLS","CLEAR","DAYLIGHT","SIDESWIPE SAME DIRECTION","DIVIDED - W/MEDIAN BARRIER",,"STRAIGHT AND LEVEL","DRY","NO DEFECTS","ON SCENE","INJURY AND / OR TOW DUE TO CRASH",,,,"$501 - $1,500","2026-03-08T14:48:00.000","IMPROPER LANE USAGE","NOT APPLICABLE","3446","S","LAKE SHORE DR SB","211",,,,,,,"2","NONINCAPACITATING INJURY","1","0","0","1","0","1","0","14","1","3","41.831558644","-87.6066206399","POINT (-87.60662063994 41.831558644044)"
"220311b2897bd31a0808403bc0be07c4bf6cd0e65dc27bd6f0ccb4dfd7236dfc3e9b645f6d49e5e6cfccfc5635d1ed215fea46e5425d96e01f249c8a88b768ac","Y","2026-03-08T14:35:00.000","30","NO CONTROLS","NO CONTROLS","CLEAR","DAYLIGHT","SIDESWIPE SAME DIRECTION","DIVIDED - W/MEDIAN (NOT RAISED)",,"STRAIGHT AND LEVEL","DRY","NO DEFECTS","ON SCENE","INJURY AND / OR TOW DUE TO CRASH",,,,"OVER $1,500","2026-03-08T14:50:00.000","FAILING TO YIELD RIGHT-OF-WAY","NOT APPLICABLE","7306","W","ADDISON ST","1631",,,,,,,"2","NONINCAPACITATING INJURY","1","0","0","1","0","3","0","14","1","3","41.9453195331","-87.8097427876","POINT (-87.809742787597 41.945319533056)"
"62c1935e30a8073eac7e963e9e7a5e87d22f8f884aa28dab6d05cd117cab9886c3e9eda428f6ef1461a2b30aec77d163ee75dea8f4de1d0fb93b3e30fb7c6b80",,"2026-03-08T14:32:00.000","30","NO CONTROLS","NO CONTROLS","CLEAR","DAYLIGHT","PARKED MOTOR VEHICLE","ONE-WAY",,"STRAIGHT AND LEVEL","DRY","UNKNOWN","ON SCENE","NO INJURY / DRIVE AWAY",,,,"$500 OR LESS","2026-03-08T14:44:00.000","IMPROPER BACKING","NOT APPLICABLE","6344","N","ARTESIAN AVE","2413",,,,,,,"2","NO INDICATION OF INJURY","0","0","0","0","0","1","0","14","1","3","41.9972226084","-87.6912366517","POINT (-87.691236651735 41.997222608427)"
"6a3978514cb770c268e7becd3708c405a6f872f66affc415603b8ead6da118165c858a8ce4a048f6eb747925d15ace67d37949fc377920021b6606181e02c41c",,"2026-03-08T14:30:00.000","15","NO CONTROLS","NO CONTROLS","CLEAR","DAYLIGHT","PARKED MOTOR VEHICLE","PARKING LOT",,"STRAIGHT AND LEVEL","UNKNOWN","UNKNOWN","NOT ON SCENE (DESK REPORT)","NO INJURY / DRIVE AWAY",,"Y",,"OVER $1,500","2026-03-08T16:25:00.000","DRIVING SKILLS/KNOWLEDGE/EXPERIENCE","NOT APPLICABLE","4385","S","ARCHER AVE","821",,,,,,,"2","NO INDICATION OF INJURY","0","0","0","0","0","1","0","14","1","3","41.8136949509","-87.7046580154","POINT (-87.704658015436 41.813694950921)"
"e17a9c1cbeea1cdd9792f99cea7f18c521384637f7a44720e8711bc2ca6906b9132a6fbf6e5b0d86dcba93910ccd2c656fc20b84d91529cccd129eb825f059c2",,"2026-03-08T14:24:00.000","10","NO CONTROLS","NO CONTROLS","CLEAR","DAYLIGHT","REAR TO FRONT","PARKING LOT",,"STRAIGHT AND LEVEL","DRY","NO DEFECTS","NOT ON SCENE (DESK REPORT)","NO INJURY / DRIVE AWAY",,"Y",,"$501 - $1,500","2026-03-08T15:36:00.000","FAILING TO REDUCE SPEED TO AVOID CRASH","UNABLE TO DETERMINE","6020","N","CICERO AVE","1621",,,,,,,"2","NO INDICATION OF INJURY","0","0","0","0","0","2","0","14","1","3","41.9904947718","-87.7484774142","POINT (-87.748477414229 41.99049477183)"
"4c03a86ac98a585d5d765f61a0ddaef22b41fb61baab1f191ac38a183ad7cf17f5b78fd61ead7bef0f5570359f04ebd3ad15a36fa420fbe7d73d2da87869aac8",,"2026-03-08T14:20:00.000","30","TRAFFIC SIGNAL","FUNCTIONING PROPERLY","CLEAR","DAYLIGHT","SIDESWIPE SAME DIRECTION","NOT DIVIDED",,"STRAIGHT AND LEVEL","DRY","NO DEFECTS","ON SCENE","NO INJURY / DRIVE AWAY","Y",,,"OVER $1,500","2026-03-08T14:24:00.000","FAILING TO YIELD RIGHT-OF-WAY","UNABLE TO DETERMINE","1201","W","ROOSEVELT RD","1233",,,,,,,"2","NO INDICATION OF INJURY","0","0","0","0","0","2","0","14","1","3","41.8668859833","-87.656739298","POINT (-87.656739298014 41.866885983327)"
"200ab81649267aebecca7ed4004d8341feea83fdb4094dec33d86cf1e02b8ccb95f4986db9fb3fb86f3c4f5681d446ca6fefe8d460d5e6a38bf7d12d37a66f17",,"2026-03-08T14:15:00.000","10","NO CONTROLS","NO CONTROLS","CLEAR","DAYLIGHT","PARKED MOTOR VEHICLE","OTHER",,"STRAIGHT AND LEVEL","DRY","NO DEFECTS","ON SCENE","NO INJURY / DRIVE AWAY",,,,"OVER $1,500","2026-03-08T14:22:00.000","UNABLE TO DETERMINE","FAILING TO REDUCE SPEED TO AVOID CRASH","8145","S","PULASKI RD","834",,,,,,,"2","NO INDICATION OF INJURY","0","0","0","0","0","1","0","14","1","3","41.7444721654","-87.7216021308","POINT (-87.721602130824 41.744472165415)"
"728f1f8388e45bddc912272d38693e1239cec2ee26ab1e2eafe399f78790dc17657fe287babe2427cf49ef6802a2f92cfd55bcee7fcfc8cb371f64b52801daf5",,"2026-03-08T14:15:00.000","30","NO CONTROLS","NO CONTROLS","CLEAR","DAYLIGHT","SIDESWIPE SAME DIRECTION","NOT DIVIDED",,"STRAIGHT AND LEVEL","DRY","NO DEFECTS","NOT ON SCENE (DESK REPORT)","NO INJURY / DRIVE AWAY",,,,"OVER $1,500","2026-03-08T20:08:00.000","FAILING TO YIELD RIGHT-OF-WAY","DRIVING SKILLS/KNOWLEDGE/EXPERIENCE","2370","N","STOCKTON DR","1814",,,,,,,"2","NO INDICATION OF INJURY","0","0","0","0","0","2","0","14","1","3","41.925546396","-87.6361647913","POINT (-87.636164791316 41.925546396009)"
"ae05b40403d5eac28f96129f6f571a229256dc56d3c678496a7640250835f079024c86b9de5c1e0771926ef21726c380f4e28f1e40d4601b19f4f6b368f1db16",,"2026-03-08T14:15:00.000","30","UNKNOWN","UNKNOWN","UNKNOWN","DAYLIGHT","PARKED MOTOR VEHICLE","NOT DIVIDED",,"STRAIGHT AND LEVEL","UNKNOWN","UNKNOWN","NOT ON SCENE (DESK REPORT)","NO INJURY / DRIVE AWAY",,,"Y","OVER $1,500","2026-03-16T15:26:00.000","UNABLE TO DETERMINE","NOT APPLICABLE","5049","W","POTOMAC AVE","2533",,,,,,,"2","NO INDICATION OF INJURY","0","0","0","0","0","1","0","14","1","3","41.9039849602","-87.7528607291","POINT (-87.752860729056 41.903984960194)"
"e7f05ceb6ba08ec071e21c397ab2f7ace8c459b9070b2133eaf1a24521d17f9d002963f0efa927b2dc5ea536590dd12cfd1fd4b7a3c50fc89cd53a4d9199c8b7",,"2026-03-08T14:15:00.000","30","TRAFFIC SIGNAL","FUNCTIONING PROPERLY","CLEAR","DAYLIGHT","ANGLE","FOUR WAY",,"STRAIGHT AND LEVEL","UNKNOWN","UNKNOWN","NOT ON SCENE (DESK REPORT)","NO INJURY / DRIVE AWAY","Y",,,"OVER $1,500","2026-03-08T15:30:00.000","DISREGARDING TRAFFIC SIGNALS","FAILING TO REDUCE SPEED TO AVOID CRASH","550","E","GRAND AVE","1834",,,,,,,"2","NO INDICATION OF INJURY","0","0","0","0","0","2","0","14","1","3","41.8920636011","-87.6125337239","POINT (-87.612533723924 41.892063601122)"
"eed36b9c5ad533cbce768ddd7a4f4dc01839deb13751ba055e554786efd83334e32042810c0c40b99b35430dc592d353e588cf0ca4a8a95977523bc2d6690531",,"2026-03-08T14:15:00.000","30","TRAFFIC SIGNAL","UNKNOWN","UNKNOWN","DAYLIGHT","ANGLE","T-INTERSECTION",,"STRAIGHT AND LEVEL","UNKNOWN","UNKNOWN","NOT ON SCENE (DESK REPORT)","NO INJURY / DRIVE AWAY","Y",,,"OVER $1,500","2026-03-09T21:30:00.000","UNABLE TO DETERMINE","NOT APPLICABLE","500","N","LAKE SHORE DR","1834",,,,,,,"2","NO INDICATION OF INJURY","0","0","0","0","0","5","0","14","1","3","41.8911183327","-87.6143846846","POINT (-87.614384684631 41.891118332732)"
"f4fb32aa5449c29121759715bf934401b0a88ab955dc2593e55911c75db9b3bdcebb12253b24e06eaa2560deacc4b719fa9be64da75c633881e96be8f252a969",,"2026-03-08T14:15:00.000","35","TRAFFIC SIGNAL","FUNCTIONING PROPERLY","CLEAR","DAYLIGHT","SIDESWIPE SAME DIRECTION","NOT DIVIDED",,"STRAIGHT AND LEVEL","DRY","NO DEFECTS",,"INJURY AND / OR TOW DUE TO CRASH","Y",,,"$500 OR LESS","2026-03-08T14:20:00.000","UNABLE TO DETERMINE","UNABLE TO DETERMINE","1900","S","PULASKI RD","1012",,,,,,,"2","NO INDICATION OF INJURY","0","0","0","0","0","2","0","14","1","3","41.8549831324","-87.7249964832","POINT (-87.724996483158 41.854983132358)"
"75423f9479e7205dfa99151257f22c58250ce0b30326e6002d5ac12b6d2557dbcf5e05e0c11eb70bf08742604a11d195832beaf8e005f10e410f5fbc3465389e","Y","2026-03-08T14:10:00.000","25","UNKNOWN","UNKNOWN","UNKNOWN","DAYLIGHT","SIDESWIPE OPPOSITE DIRECTION","NOT DIVIDED",,"STRAIGHT AND LEVEL","UNKNOWN","UNKNOWN","NOT ON SCENE (DESK REPORT)","NO INJURY / DRIVE AWAY",,,,"OVER $1,500","2026-03-08T18:40:00.000","UNABLE TO DETERMINE","UNABLE TO DETERMINE","5538","N","ODELL AVE","1613",,,,,,,"2","NO INDICATION OF INJURY","0","0","0","0","0","2","0","14","1","3","41.9801173143","-87.8109825853","POINT (-87.810982585333 41.98011731432)"
"4947f48f2b828aff8c47bb1cc1787a936a16403c2cbfea05d4f69e0973cce59d2a76d559e8d06bfe357103d7908776ce276c7f88679b45e276ec3add6a8919b1",,"2026-03-08T14:05:00.000","25","STOP SIGN/FLASHER","FUNCTIONING PROPERLY","CLEAR","DAYLIGHT","PEDALCYCLIST","UNKNOWN INTERSECTION TYPE",,"STRAIGHT AND LEVEL","DRY","NO DEFECTS","ON SCENE","INJURY AND / OR TOW DUE TO CRASH","Y",,"Y","OVER $1,500","2026-03-08T14:07:00.000","UNABLE TO DETERMINE","NOT APPLICABLE","5300","N","WINTHROP AVE","2023",,,,,,,"2","NONINCAPACITATING INJURY","1","0","0","1","0","1","0","14","1","3","41.9782668338","-87.6580143511","POINT (-87.658014351127 41.978266833819)"
"74a961b921274d3695db91a6732f940f5cdeff08a28c18b1072c9025f2cc75089e773e33004288e66097c3a911bc3e5bb4560d1973e3cc666c1bd1181a13431e",,"2026-03-08T14:05:00.000","30","NO CONTROLS","NO CONTROLS","CLEAR","DAYLIGHT","PEDESTRIAN","ONE-WAY",,"STRAIGHT AND LEVEL","WET","NO DEFECTS","ON SCENE","INJURY AND / OR TOW DUE TO CRASH",,,"Y","OVER $1,500","2026-03-08T14:08:00.000","UNABLE TO DETERMINE","NOT APPLICABLE","5347","W","IOWA ST","1524",,,,,,,"2","INCAPACITATING INJURY","1","0","1","0","0","1","0","14","1","3","41.8966106079","-87.7600425359","POINT (-87.760042535862 41.896610607861)"
"f2c6e1a0ca6a3aefd112b1aae1a0a7f6d4a5e0e58196866c582ca31bea03a346f2aa210f83fe5a9faf2b838c79bcf3a6253448d735462d8714a405f807267d51","Y","2026-03-08T14:00:00.000","20","NO CONTROLS","NO CONTROLS","CLEAR","DAYLIGHT","REAR END","NOT DIVIDED",,"STRAIGHT AND LEVEL","DRY","UNKNOWN","NOT ON SCENE (DESK REPORT)","NO INJURY / DRIVE AWAY",,,,"OVER $1,500","2026-03-14T18:20:00.000","FOLLOWING TOO CLOSELY","NOT APPLICABLE","4759","N","BEACON ST","1913",,,,,,,"2","NO INDICATION OF INJURY","0","0","0","0","0","2","0","14","1","3","41.9688755103","-87.6642705441","POINT (-87.664270544074 41.968875510268)"
"5e22a3fc20c2016892ae1df71e2afa7205aa72ca80b3cffafd9f96fecf8d3996eb3957b0b49c4ca6044f501e91bf02dd369538a7e1b5cabe2551987b46c6acdf",,"2026-03-08T13:46:00.000","30","NO CONTROLS","NO CONTROLS","CLEAR","DAYLIGHT","PEDESTRIAN","FOUR WAY",,"STRAIGHT AND LEVEL","DRY","UNKNOWN","ON SCENE","INJURY AND / OR TOW DUE TO CRASH",,,"Y","$500 OR LESS","2026-03-08T13:46:00.000","UNABLE TO DETERMINE","UNABLE TO DETERMINE","7047","S","STATE ST","322",,,,,,,"2","NONINCAPACITATING INJURY","1","0","0","1","0","1","0","13","1","3","41.7660256051","-87.6247763257","POINT (-87.624776325687 41.766025605135)"
"03643ac769808ea1b4b62e156d4b25c9d52b61b4ea59d5b9e0a9ad8baac580f29ce13fd375894d05459e5e930ee911689d3d47e44f064f3c7ab87729781b961d",,"2026-03-08T13:44:00.000","30","TRAFFIC SIGNAL","FUNCTIONING PROPERLY","CLEAR","DAYLIGHT","TURNING","FOUR WAY",,"STRAIGHT AND LEVEL","DRY","NO DEFECTS","ON SCENE","INJURY AND / OR TOW DUE TO CRASH","Y",,,"OVER $1,500","2026-03-08T13:44:00.000","FAILING TO YIELD RIGHT-OF-WAY","DRIVING SKILLS/KNOWLEDGE/EXPERIENCE","839","W","87TH ST","2223",,,,,,,"2","NONINCAPACITATING INJURY","2","0","0","1","1","2","0","13","1","3","41.735942014","-87.6451541748","POINT (-87.645154174803 41.735942013966)"