"crash_record_id","crash_date_est_i","crash_date","posted_speed_limit","traffic_control_device","device_condition","weather_condition","lighting_condition","first_crash_type","trafficway_type","lane_cnt","alignment","roadway_surface_cond","road_defect","report_type","crash_type","intersection_related_i","private_property_i","hit_and_run_i","damage","date_police_notified","prim_contributory_cause","sec_contributory_cause","street_no","street_direction","street_name","beat_of_occurrence","photos_taken_i","statements_taken_i","dooring_i","work_zone_i","work_zone_type","workers_present_i","num_units","most_severe_injury","injuries_total","injuries_fatal","injuries_incapacitating","injuries_non_incapacitating","injuries_reported_not_evident","injuries_no_indication","injuries_unknown","crash_hour","crash_day_of_week","crash_month","latitude","longitude","location"
"280be23672891945fee64db8d8682b95cf6cc56ad4f5afcf2533298bddff4d8eacad43b53548d4dc454e3e6d69fd17bd9b3415831a4a56ba60748a273a8dd509",,"2026-03-08T13:42:00.000","30","NO CONTROLS","NO CONTROLS","CLEAR","DAYLIGHT","HEAD ON","ALLEY",,"STRAIGHT AND LEVEL","DRY","UNKNOWN","NOT ON SCENE (DESK REPORT)","NO INJURY / DRIVE AWAY",,,,"OVER $1,500","2026-03-08T14:14:00.000","FAILING TO YIELD RIGHT-OF-WAY","UNABLE TO DETERMINE","1740","W","GREGORY ST","2012",,,,,,,"2","NO INDICATION OF INJURY","0","0","0","0","0","2","0","13","1","3","41.9826074858","-87.6738708948","POINT (-87.673870894752 41.982607485788)"
"475e28dd8a34fd586957d7c66b89ca1282b36d7c2afebd3eade5daa3bca9a9e7b0e852fdd1c142cd9bcd68795ccc5b6c1ce8f3893eb1e32190ab69138609c4a3",,"2026-03-08T13:42:00.000","10","NO CONTROLS","NO CONTROLS","CLEAR","DAYLIGHT","ANGLE","ALLEY",,"STRAIGHT AND LEVEL","DRY","NO DEFECTS","NOT ON SCENE (DESK REPORT)","NO INJURY / DRIVE AWAY","Y",,,"OVER $1,500","2026-03-08T14:02:00.000","UNABLE TO DETERMINE","UNABLE TO DETERMINE","2614","S","AVERS AVE","1031",,,,,,,"2","NO INDICATION OF INJURY","0","0","0","0","0","2","0","13","1","3","41.8438051323","-87.7210225298","POINT (-87.721022529841 41.843805132265)"
"538646ed9e2872bc29eb5218cb79974df6c73ca5fdf621774ffb5a2e0e5744065d0b44c3fd34d5b795d65d78a010c7b80ab6bcd55660fdc35c8b96f9049c07fc",,"2026-03-08T13:40:00.000","20","NO CONTROLS","NO CONTROLS","CLEAR","DAYLIGHT","ANGLE","PARKING LOT",,"STRAIGHT AND LEVEL","DRY","NO DEFECTS","NOT ON SCENE (DESK REPORT)","NO INJURY / DRIVE AWAY",,,,"OVER $1,500","2026-03-08T14:00:00.000","FAILING TO YIELD RIGHT-OF-WAY","UNABLE TO DETERMINE","11730","S","MARSHFIELD AVE","2234",,,,,,,"2","NO INDICATION OF INJURY","0","0","0","0","0","3","0","13","1","3","41.6803322053","-87.6625846787","POINT (-87.662584678739 41.680332205335)"
"03a7db27278829508457a8ac3721fd0fbd54c52f540c649b842d7a9aa6527075397c1b95a87e15ae1bec9b7178af8ef129a9eeef4efbfeb5b72bf3db440be64b",,"2026-03-08T13:30:00.000","30","NO CONTROLS","NO CONTROLS","CLEAR","DAYLIGHT","TURNING","DIVIDED - W/MEDIAN (NOT RAISED)",,"STRAIGHT AND LEVEL","DRY","NO DEFECTS","NOT ON SCENE (DESK REPORT)","NO INJURY / DRIVE AWAY",,,,"$501 - $1,500","2026-03-08T14:00:00.000","IMPROPER TURNING/NO SIGNAL","IMPROPER TURNING/NO SIGNAL","1101","S","CANAL ST","124",,,,,,,"2","NO INDICATION OF INJURY","0","0","0","0","0","3","0","13","1","3","41.8688897111","-87.6390989281","POINT (-87.639098928088 41.868889711112)"
"51f66b449effda3707b763def93f56bcfd76796bbdd153a59a6abeb542bfc7a990ed3184441247618135d60054e409dcb8e13376dda9821ccc71b94d05fd8e6c",,"2026-03-08T13:30:00.000","30","UNKNOWN","UNKNOWN","CLEAR","DAYLIGHT","PARKED MOTOR VEHICLE","UNKNOWN",,"STRAIGHT AND LEVEL","UNKNOWN","UNKNOWN","NOT ON SCENE (DESK REPORT)","NO INJURY / DRIVE AWAY",,,,"OVER $1,500","2026-03-08T16:10:00.000","UNABLE TO DETERMINE","UNABLE TO DETERMINE","1617","E","50TH ST","222",,,,,,,"2","NO INDICATION OF INJURY","0","0","0","0","0","1","0","13","1","3","41.8042579146","-87.5856863901","POINT (-87.585686390056 41.804257914639)"
"d2c7e9895326ef9db07cca2f5df98616ad1827eab0417cfd26b80b9260c3026a80af4bc4f525d2faa218a28bb39607f0c75b669950f74bf66bd91dbe9cf8d409",,"2026-03-08T13:30:00.000","15","NO CONTROLS","NO CONTROLS","CLEAR","DAYLIGHT","REAR TO REAR","PARKING LOT",,"STRAIGHT AND LEVEL","DRY","NO DEFECTS","NOT ON SCENE (DESK REPORT)","NO INJURY / DRIVE AWAY",,"Y",,"OVER $1,500","2026-03-08T14:00:00.000","IMPROPER BACKING","NOT APPLICABLE","5012","N","CLARK ST","2032",,,,,,,"2","NO INDICATION OF INJURY","0","0","0","0","0","2","0","13","1","3","41.9729041666","-87.6681329986","POINT (-87.668132998606 41.972904166556)"
"0e5922fc064ffcb9f0681f44ce63bd86b1e6a0bc6f62536caa7b19966cb23adf1f4fcffb7e3359b91ce5673950b308574cd3eec1421062cd4eaef230c0f3c349",,"2026-03-08T13:18:00.000","30","TRAFFIC SIGNAL","FUNCTIONING PROPERLY","CLEAR","DAYLIGHT","PEDESTRIAN","FOUR WAY",,"STRAIGHT AND LEVEL","DRY","UNKNOWN","ON SCENE","INJURY AND / OR TOW DUE TO CRASH","Y",,,"OVER $1,500","2026-03-08T13:20:00.000","FAILING TO YIELD RIGHT-OF-WAY","FAILING TO YIELD RIGHT-OF-WAY","401","E","ILLINOIS ST","1834",,,,,,,"3","INCAPACITATING INJURY","2","0","1","0","1","1","0","13","1","3","41.8909436152","-87.6175405926","POINT (-87.617540592608 41.890943615222)"
"8cafeed62495776a4205f93b7e6777b769657683add53db2ef034e12a62021f03e8ee0f69940ff94ee247cf7b94492db38420f02b09f5f1957f8018eb3087d2c",,"2026-03-08T13:10:00.000","30","NO CONTROLS","NO CONTROLS","CLEAR","DAYLIGHT","SIDESWIPE SAME DIRECTION","NOT DIVIDED",,"STRAIGHT AND LEVEL","DRY","NO DEFECTS","NOT ON SCENE (DESK REPORT)","NO INJURY / DRIVE AWAY",,,,"OVER $1,500","2026-03-08T13:35:00.000","UNABLE TO DETERMINE","NOT APPLICABLE","10986","S","CHURCH ST","2212",,,,,,,"2","NO INDICATION OF INJURY","0","0","0","0","0","2","0","13","1","3","41.6935900036","-87.6640511002","POINT (-87.664051100221 41.693590003623)"
"4e21e6c1d584ba1ab069878946559d950f8ddd89f8453d7b1a761db5ace4f91cd752b56195f36c1f25ae10b0b3fb685f2ca219a19d0038fbdb4a7e037604210c","Y","2026-03-08T13:05:00.000","15","NO CONTROLS","NO CONTROLS","CLEAR","DAYLIGHT","PARKED MOTOR VEHICLE","OTHER",,"STRAIGHT AND LEVEL","DRY","UNKNOWN","NOT ON SCENE (DESK REPORT)","NO INJURY / DRIVE AWAY",,,"Y","OVER $1,500","2026-03-09T16:30:00.000","NOT APPLICABLE","NOT APPLICABLE","1428","W","71ST PL","734",,,,,,,"2","NO INDICATION OF INJURY","0","0","0","0","0","1","0","13","1","3","41.7641633123","-87.6601551863","POINT (-87.660155186338 41.764163312328)"
"b66e997d530087dea2c99fa952ae58fb2735b585300383ba0b6e487398c4c1faef980020cf85744e80f168f816e6b163d8a11a5d3fc7a2344643889def801bff",,"2026-03-08T13:04:00.000","35","TRAFFIC SIGNAL","FUNCTIONING PROPERLY","CLEAR","DAYLIGHT","TURNING","NOT DIVIDED",,"STRAIGHT AND LEVEL","DRY","UNKNOWN","NOT ON SCENE (DESK REPORT)","NO INJURY / DRIVE AWAY","Y",,,"OVER $1,500","2026-03-11T17:00:00.000","NOT APPLICABLE","NOT APPLICABLE","170","W","CERMAK RD","914","Y","Y",,,,,"2","NO INDICATION OF INJURY","0","0","0","0","0","2","0","13","1","3","41.8529618416","-87.6320003897","POINT (-87.632000389706 41.852961841603)"
"49194490482254a5f797b083ea503ff6783d64f23b66cdb5adb1ae5dcda15dc27f9475113736e2bad5880541155485f2317aefdd786ba245b9a8d8dd600143d6",,"2026-03-08T13:00:00.000","30","NO CONTROLS","UNKNOWN","CLEAR","DAYLIGHT","SIDESWIPE SAME DIRECTION","FOUR WAY",,"STRAIGHT AND LEVEL","DRY","UNKNOWN","NOT ON SCENE (DESK REPORT)","NO INJURY / DRIVE AWAY","Y",,,"OVER $1,500","2026-03-08T14:04:00.000","IMPROPER OVERTAKING/PASSING","DRIVING SKILLS/KNOWLEDGE/EXPERIENCE","101","E","IDA B WELLS DR","114",,,,,,,"2","NO INDICATION OF INJURY","0","0","0","0","0","4","0","13","1","3","41.8756155857","-87.624207556","POINT (-87.624207555961 41.875615585698)"
"491ff8a665699fca9d02cd84809cbf0b68cd8238a7752a4b7dafea5752bae4728a317a61ff77e538a084d56a243f6e67ee46c51dcbc11c075fd16efdeefec91e",,"2026-03-08T12:59:00.000","30","UNKNOWN","UNKNOWN","CLEAR","DAYLIGHT","SIDESWIPE SAME DIRECTION","UNKNOWN",,"STRAIGHT AND LEVEL","UNKNOWN","UNKNOWN","NOT ON SCENE (DESK REPORT)","NO INJURY / DRIVE AWAY",,,,"OVER $1,500","2026-03-08T12:59:00.000","UNABLE TO DETERMINE","UNABLE TO DETERMINE","2147","S","CLARK ST","131",,,,,,,"2","NO INDICATION OF INJURY","0","0","0","0","0","2","0","12","1","3","41.8529504172","-87.6299214318","POINT (-87.629921431809 41.852950417239)"
"15109b157faa4c97aeed43d68f8c009d485937c0b9a6fa3fcbacdb9c86ca6fdb0afd5639febf5d9e8dc5eb5343f2cc5c5c22356924c79d23c1d44da105932d6a",,"2026-03-08T12:58:00.000","20","TRAFFIC SIGNAL","FUNCTIONING PROPERLY","CLEAR","DAYLIGHT","REAR END","NOT DIVIDED",,"STRAIGHT AND LEVEL","DRY","NO DEFECTS","NOT ON SCENE (DESK REPORT)","NO INJURY / DRIVE AWAY","Y",,,"OVER $1,500","2026-03-08T13:30:00.000","UNABLE TO DETERMINE","UNABLE TO DETERMINE","4316","N","PULASKI RD","1722",,,,,,,"2","NO INDICATION OF INJURY","0","0","0","0","0","2","0","12","1","3","41.9595869892","-87.7279354138","POINT (-87.727935413844 41.959586989175)"
"bef1f9e28b58aee0fd8ea7ba2823175e219d31fcf2806345ded165fefa30bec3a489eb2b1df24606e37fc9c8626637f7dec20a92c5240eb20ff7e315a4a0aadd",,"2026-03-08T12:58:00.000","30","NO CONTROLS","NO CONTROLS","CLEAR","DAYLIGHT","PARKED MOTOR VEHICLE","ONE-WAY",,"STRAIGHT AND LEVEL","DRY","NO DEFECTS","ON SCENE","INJURY AND / OR TOW DUE TO CRASH",,,"Y","OVER $1,500","2026-03-08T12:58:00.000","NOT APPLICABLE","NOT APPLICABLE","3046","N","KEATING AVE","2521",,,,,,,"4","NO INDICATION OF INJURY","0","0","0","0","0","1","0","12","1","3","41.9365883925","-87.7456722512","POINT (-87.745672251209 41.936588392451)"
"8e7134cbd7f23d4c8110c6138751f302109632c00b897c6efb4ea81ccdf113632f2c191eb94a417679d7860a59ec9732e6300bfaa4733ab69e71ebaa4a834edb",,"2026-03-08T12:56:00.000","30","NO CONTROLS","NO CONTROLS","CLEAR","DAYLIGHT","REAR TO SIDE","PARKING LOT",,"STRAIGHT AND LEVEL","DRY","NO DEFECTS","ON SCENE","NO INJURY / DRIVE AWAY",,,,"OVER $1,500","2026-03-08T12:59:00.000","IMPROPER BACKING","NOT APPLICABLE","4804","W","POLK ST","1533",,,,,,,"2","NO INDICATION OF INJURY","0","0","0","0","0","5","0","12","1","3","41.870373963","-87.74516","POINT (-87.745159999991 41.870373963023)"
"2cff9e06a2c53b88d11d0fa578cb0da9957434a2029a23e1ed92a25eb779d06ceaee5947d52b257ebc221a843060505a5722678fd460d7b7d1eddc72170cd464",,"2026-03-08T12:53:00.000","30","NO CONTROLS","NO CONTROLS","CLEAR","DAYLIGHT","REAR END","DIVIDED - W/MEDIAN (NOT RAISED)",,"STRAIGHT AND LEVEL","DRY","NO DEFECTS","ON SCENE","INJURY AND / OR TOW DUE TO CRASH",,,,"$500 OR LESS","2026-03-08T12:53:00.000","PHYSICAL CONDITION OF DRIVER","PHYSICAL CONDITION OF DRIVER","7844","S","HALSTED ST","621",,,,,,,"2","NONINCAPACITATING INJURY","1","0","0","1","0","1","0","12","1","3","41.751125054","-87.6442008246","POINT (-87.644200824582 41.751125053988)"
"fcc9533b0c994ad5321ebbc280c65886ddb67179e91946d4d890274a21ac69d2c7f9a4b376e48e383cd8beb121e90e2024631cdaf5c57ecb0d1f4542e1293905",,"2026-03-08T12:50:00.000","30","NO CONTROLS","NO CONTROLS","CLEAR","DAYLIGHT","PEDALCYCLIST","FOUR WAY",,"STRAIGHT AND LEVEL","UNKNOWN","UNKNOWN","NOT ON SCENE (DESK REPORT)","INJURY AND / OR TOW DUE TO CRASH",,,,"$501 - $1,500","2026-03-08T13:25:00.000","UNABLE TO DETERMINE","NOT APPLICABLE","579","W","KINZIE ST","1214",,,,,,,"2","NONINCAPACITATING INJURY","1","0","0","1","0","1","0","12","1","3","41.8889398261","-87.6427988876","POINT (-87.642798887632 41.88893982615)"
"884b9178902f0e16c90eb489376e43c2fa31c255fc4ae7757b9b5f1b1946f320b7679c56c2b9135cc427d645dde6b7a07c2e552422f2ebfa782870cd5ccaa7ab",,"2026-03-08T12:48:00.000","30","TRAFFIC SIGNAL","FUNCTIONING PROPERLY","CLEAR","DAYLIGHT","SIDESWIPE SAME DIRECTION","FOUR WAY",,"STRAIGHT AND LEVEL","DRY","UNKNOWN","NOT ON SCENE (DESK REPORT)","NO INJURY / DRIVE AWAY",,,,"$501 - $1,500","2026-03-08T13:30:00.000","DRIVING SKILLS/KNOWLEDGE/EXPERIENCE","NOT APPLICABLE","2556","W","FULLERTON AVE","1431",,,,,,,"2","NO INDICATION OF INJURY","0","0","0","0","0","2","0","12","1","3","41.9249652238","-87.6924009192","POINT (-87.692400919174 41.924965223754)"
"ea0bee9aed146bb51e4560715d79bb4a5be1a873b2893c95fbceec95b21d94ba5abc3f53c62ad97673fa2da9e82a874750559853fdd43e427aacd2e28a547290",,"2026-03-08T12:45:00.000","30","TRAFFIC SIGNAL","FUNCTIONING PROPERLY","CLEAR","DAYLIGHT","REAR END","DIVIDED - W/MEDIAN (NOT RAISED)",,"STRAIGHT AND LEVEL","DRY","NO DEFECTS","NOT ON SCENE (DESK REPORT)","INJURY AND / OR TOW DUE TO CRASH",,,,"$500 OR LESS","2026-03-13T08:40:00.000","FAILING TO REDUCE SPEED TO AVOID CRASH","UNABLE TO DETERMINE","3356","W","NORTH AVE","1422",,,,,,,"2","REPORTED, NOT EVIDENT","1","0","0","0","1","1","0","12","1","3","41.9101663081","-87.711620514","POINT (-87.711620513962 41.91016630813)"
"f6f2bc018edb6476fa0d9ca1029b05bc55837c226993be5db032c70e2944f58eb2a408659f3046edfa3f9eab0133ac4dbfc21b7d7b7563f12d7bfc1aa0f08df6",,"2026-03-08T12:35:00.000","30","TRAFFIC SIGNAL","FUNCTIONING PROPERLY","CLEAR","DAYLIGHT","REAR END","DIVIDED - W/MEDIAN (NOT RAISED)",,"STRAIGHT AND LEVEL","DRY","NO DEFECTS","NOT ON SCENE (DESK REPORT)","NO INJURY / DRIVE AWAY",,,,"$501 - $1,500","2026-03-08T13:25:00.000","UNABLE TO DETERMINE","UNABLE TO DETERMINE","7900","S","LAFAYETTE AVE","623",,,,,,,"2","NO INDICATION OF INJURY","0","0","0","0","0","3","0","12","1","3","41.7508910466","-87.6259685054","POINT (-87.625968505423 41.750891046593)"
"6cfc0d33fbe32fd577edfc315ee0ed8be8f9fa0b4c92c62c6413b710cc551390e38f745501987cd6fa88fbfbb745bcbe02a2a5e2a50b72c3710c521dd042c8c6",,"2026-03-08T12:30:00.000","30","TRAFFIC SIGNAL","FUNCTIONING PROPERLY","CLEAR","DAYLIGHT","SIDESWIPE SAME DIRECTION","NOT DIVIDED",,"STRAIGHT AND LEVEL","DRY","NO DEFECTS","NOT ON SCENE (DESK REPORT)","NO INJURY / DRIVE AWAY",,,"Y","OVER $1,500","2026-03-08T16:30:00.000","OPERATING VEHICLE IN ERRATIC, RECKLESS, CARELESS, NEGLIGENT OR AGGRESSIVE MANNER","NOT APPLICABLE","258","W","51ST ST","935",,,,,,,"2","NO INDICATION OF INJURY","0","0","0","0","0","3","0","12","1","3","41.8019193206","-87.6331238307","POINT (-87.63312383068 41.80191932058)"
"b754a6b6867a18e8d850d7030d2dd221e1e5156f4707380efb2963dc6b8675bd9407845541d3f9a3c6685a74380b8277330c0c8b78d71fd648cb33b874cd93a4",,"2026-03-08T12:20:00.000","30","NO CONTROLS","NO CONTROLS","CLEAR","DAYLIGHT","PARKED MOTOR VEHICLE","NOT DIVIDED",,"STRAIGHT AND LEVEL","DRY","UNKNOWN","NOT ON SCENE (DESK REPORT)","NO INJURY / DRIVE AWAY",,,,"OVER $1,500","2026-03-08T13:40:00.000","UNABLE TO DETERMINE","UNABLE TO DETERMINE","4120","S","INDIANA AVE","213",,,,,,,"2","NO INDICATION OF INJURY","0","0","0","0","0","1","0","12","1","3","41.8195174584","-87.6216347684","POINT (-87.62163476839 41.819517458398)"
"13f84b03108a60c8df88501c49b3b929cb1beedb5959ee863d432f2c7a08d48d9a5440bdded37b34598c231a98fa60b2d7a03a048c97bd29a53f5bdd5b677d7f",,"2026-03-08T12:06:00.000","30","NO CONTROLS","NO CONTROLS","CLEAR","DAYLIGHT","SIDESWIPE SAME DIRECTION","NOT DIVIDED",,"STRAIGHT AND LEVEL","UNKNOWN","UNKNOWN","NOT ON SCENE (DESK REPORT)","NO INJURY / DRIVE AWAY",,,"Y","OVER $1,500","2026-03-08T13:10:00.000","DRIVING SKILLS/KNOWLEDGE/EXPERIENCE","NOT APPLICABLE","5601","S","PULASKI RD","822",,,,,,,"2","NO INDICATION OF INJURY","0","0","0","0","0","2","0","12","1","3","41.7913532116","-87.722962012","POINT (-87.722962012043 41.79135321158)"
"c7352bc28cf6fff2ddff5fe00cca22b542efef342168cba5f5544bb72a2b7c491be76bb2a158e69fcaad0b90fc63fc1974cec6985ee3511e4ea37154af88cf22",,"2026-03-08T12:05:00.000","15","NO CONTROLS","NO CONTROLS","CLEAR","DAYLIGHT","ANGLE","PARKING LOT",,"STRAIGHT AND LEVEL","DRY","NO DEFECTS","NOT ON SCENE (DESK REPORT)","NO INJURY / DRIVE AWAY","Y",,,"OVER $1,500","2026-03-09T13:15:00.000","FAILING TO YIELD RIGHT-OF-WAY","NOT APPLICABLE","5222","S","LAKE PARK AVE","234",,,,,,,"2","NO INDICATION OF INJURY","0","0","0","0","0","2","0","12","1","3","41.8003391257","-87.5875374205","POINT (-87.587537420458 41.800339125702)"
"14bba235b25e0e40018cac896d70a942218eb72d24dced11e298520382fec0f310dab30432169987d8e2fd069029ce35685d4637a3679cef5b77e03a2f70b5e9","Y","2026-03-08T12:00:00.000","15","NO CONTROLS","NO CONTROLS","UNKNOWN","UNKNOWN","PARKED MOTOR VEHICLE","PARKING LOT",,"STRAIGHT AND LEVEL","UNKNOWN","UNKNOWN","NOT ON SCENE (DESK REPORT)","NO INJURY / DRIVE AWAY",,,"Y","OVER $1,500","2026-03-08T14:30:00.000","UNABLE TO DETERMINE","NOT APPLICABLE","810","W","KINZIE ST","1214",,,,,,,"2","NO INDICATION OF INJURY","0","0","0","0","0","1","0","12","1","3","41.8891548487","-87.6479786155","POINT (-87.647978615504 41.889154848698)"
"244a540094e73dd9d5749d5ea1e5a49d8803ba87d674513b225ee61d22e43428c4ff12371e372d73665b193a506898ad2174ed1c7d160b6ab95f2086a9bcf22e",,"2026-03-08T12:00:00.000","30","TRAFFIC SIGNAL","FUNCTIONING PROPERLY","UNKNOWN","UNKNOWN","TURNING","DIVIDED - W/MEDIAN (NOT RAISED)",,"STRAIGHT AND LEVEL","UNKNOWN","UNKNOWN","NOT ON SCENE (DESK REPORT)","NO INJURY / DRIVE AWAY","Y",,"Y","$501 - $1,500","2026-03-08T15:21:00.000","FOLLOWING TOO CLOSELY","FOLLOWING TOO CLOSELY","198","W","CHICAGO AVE","1832",,,,,,,"2","NO INDICATION OF INJURY","0","0","0","0","0","2","0","12","1","3","41.8967065646","-87.6341308559","POINT (-87.634130855908 41.896706564591)"
"5fe505e9e94269c1491a0657bf8f8972b6645f3ad7c8efdd21e20c31a6a2fcd76146b5891075774fcaf8042a33932468527431fb4a7b73460a8895b32b34a72a",,"2026-03-08T12:00:00.000","30","NO CONTROLS","NO CONTROLS","CLEAR","DAYLIGHT","SIDESWIPE SAME DIRECTION","NOT DIVIDED",,"STRAIGHT AND LEVEL","DRY","NO DEFECTS","ON SCENE","INJURY AND / OR TOW DUE TO CRASH",,,,"OVER $1,500","2026-03-08T12:05:00.000","IMPROPER LANE USAGE","NOT APPLICABLE","8338","W","IRVING PARK RD","1614",,,,,,,"2","REPORTED, NOT EVIDENT","1","0","0","0","1","2","0","12","1","3","41.9521720912","-87.8357903326","POINT (-87.835790332592 41.952172091206)"
"71c339a63338552f409284b69c2562d21ca4e7751e14a00c6660b1796462671727c01d4eaba96c836ee7bbd2b94b7aba40ebfde7dfd13d77516a7affc1e24b5d","Y","2026-03-08T12:00:00.000","30","NO CONTROLS","NO CONTROLS","UNKNOWN","DARKNESS, LIGHTED ROAD","PARKED MOTOR VEHICLE","NOT DIVIDED",,"STRAIGHT AND LEVEL","DRY","UNKNOWN","NOT ON SCENE (DESK REPORT)","NO INJURY / DRIVE AWAY",,,"Y","OVER $1,500","2026-03-08T13:00:00.000","UNABLE TO DETERMINE","NOT APPLICABLE","2941","N","DAMEN AVE","1931",,,,,,,"2","NO INDICATION OF INJURY","0","0","0","0","0","1","0","12","1","3","41.9353184428","-87.6780704298","POINT (-87.678070429788 41.935318442751)"
"757c54c44598edba824f23302a14283aa3ee2ee31f364c244080007da60109cbcbd29de8fd5f6675f7980227ab99ed8e2ec58be46b10ac27d4d9bf4839e2086c",,"2026-03-08T12:00:00.000","40","UNKNOWN","UNKNOWN","CLEAR","DAYLIGHT","SIDESWIPE SAME DIRECTION","UNKNOWN",,"STRAIGHT AND LEVEL","DRY","UNKNOWN","NOT ON SCENE (DESK REPORT)","NO INJURY / DRIVE AWAY",,,,"OVER $1,500","2026-03-08T18:15:00.000","UNABLE TO DETERMINE","UNABLE TO DETERMINE","800","N","LAKE SHORE DR NB","1833",,,,,,,"2","NO INDICATION OF INJURY","0","0","0","0","0","2","0","12","1","3","41.8968049724","-87.6170274232","POINT (-87.617027423234 41.896804972416)"
"75ea71b06f9a02b9e24621de0731fd622fdf7442a35c1944a384f7d77f63ddba1069a77da7874bb7cee9c9ce454f45a483b4ea4903c2d6f7b21108e920971684",,"2026-03-08T12:00:00.000","30","NO CONTROLS","NO CONTROLS","CLEAR","DAYLIGHT","PARKED MOTOR VEHICLE","NOT DIVIDED",,"STRAIGHT AND LEVEL","DRY","NO DEFECTS",,"NO INJURY / DRIVE AWAY",,,"Y","OVER $1,500","2026-03-08T12:24:00.000","NOT APPLICABLE","NOT APPLICABLE","7634","S","ST LOUIS AVE","835",,,,,,,"2","NO INDICATION OF INJURY","0","0","0","0","0","1","0","12","1","3","41.7541385611","-87.7100220585","POINT (-87.710022058533 41.754138561084)"
"e288f8523228b8be828af1dc5e18520f5af5a47877bb24fbb14328cec515969dd16a80d106ed4e9550287ca63433a462de77facb90fdf87c24a4258d0e57d2d7",,"2026-03-08T11:55:00.000","30","NO CONTROLS","NO CONTROLS","CLEAR","DAYLIGHT","PARKED MOTOR VEHICLE","NOT DIVIDED",,"STRAIGHT AND LEVEL","DRY","NO DEFECTS","NOT ON SCENE (DESK REPORT)","NO INJURY / DRIVE AWAY",,,,"$501 - $1,500","2026-03-08T12:05:00.000","IMPROPER BACKING","NOT APPLICABLE","3724","W","26TH ST","1013",,,,,,,"2","NO INDICATION OF INJURY","0","0","0","0","0","4","0","11","1","3","41.8444404228","-87.7183949235","POINT (-87.718394923541 41.844440422792)"
"a7ff4123209372f2b234757324b8a16f07b1f5f92bfad611775108d514ac237d3aab4f3eca74d3136bd9a6445444332e3f9b6839cdafeeafa852bd733b8a26eb",,"2026-03-08T11:50:00.000","30","NO CONTROLS","NO CONTROLS","CLEAR","DAYLIGHT","ANGLE","NOT DIVIDED",,"STRAIGHT AND LEVEL","DRY","NO DEFECTS","NOT ON SCENE (DESK REPORT)","NO INJURY / DRIVE AWAY",,,,"OVER $1,500","2026-03-08T13:10:00.000","UNABLE TO DETERMINE","NOT APPLICABLE","1753","W","HOWARD ST","2422",,,,,,,"2","NO INDICATION OF INJURY","0","0","0","0","0","2","0","11","1","3","42.0192868656","-87.6746852568","POINT (-87.674685256789 42.019286865649)"
"487504abef213916eb559e6b2fb918818e59f7cb44eabde119616353c34f55b7e3993187d66a2572b252fccb28984680c6c8134594bde534fda193e6bb35bd8f","Y","2026-03-08T11:30:00.000","30","NO CONTROLS","NO CONTROLS","CLEAR","DAYLIGHT","PARKED MOTOR VEHICLE","NOT DIVIDED",,"STRAIGHT AND LEVEL","DRY","NO DEFECTS","ON SCENE","NO INJURY / DRIVE AWAY",,,"Y","OVER $1,500","2026-03-08T12:34:00.000","UNABLE TO DETERMINE","NOT APPLICABLE","1830","N","RIDGEWAY AVE","2535",,,,,,,"2","NO INDICATION OF INJURY","0","0","0","0","0","1","0","11","1","3","41.9146388035","-87.7205199833","POINT (-87.720519983287 41.914638803465)"
"e80a050a571ff92cfbd6ee401bc64b4e08c0baf534eb970283c3a41e9781237690c711331e6fa2c798561eec9adfeded53f462fe7b894d989265f4a1005cb93b",,"2026-03-08T11:30:00.000","30","STOP SIGN/FLASHER","FUNCTIONING PROPERLY","CLEAR","DAYLIGHT","REAR TO FRONT","T-INTERSECTION",,"STRAIGHT AND LEVEL","DRY","NO DEFECTS","ON SCENE","NO INJURY / DRIVE AWAY","Y",,,"$501 - $1,500","2026-03-08T12:10:00.000","IMPROPER BACKING","DRIVING SKILLS/KNOWLEDGE/EXPERIENCE","10000","W","OHARE ST","1651",,,,,,,"2","NO INDICATION OF INJURY","0","0","0","0","0","2","0","11","1","3","41.976201139","-87.9053091251","POINT (-87.905309125103 41.976201139024)"
"2c0189f267f7dd03301ec84cdd94b8e9af871ddf272214e55b9187ac6b379afbc71dcd565c1d68385e9a163490780e4b36835c743ce5b5d7a5f6477e0ae4a9e1",,"2026-03-08T11:25:00.000","30","TRAFFIC SIGNAL","FUNCTIONING PROPERLY","CLEAR","DAYLIGHT","OTHER OBJECT","CENTER TURN LANE",,"STRAIGHT AND LEVEL","DRY","NO DEFECTS","ON SCENE","INJURY AND / OR TOW DUE TO CRASH","Y",,,"$500 OR LESS","2026-03-08T11:26:00.000","IMPROPER LANE USAGE","IMPROPER LANE USAGE","4759","W","ADDISON ST","1731",,,,,,,"2","NONINCAPACITATING INJURY","1","0","0","1","0","1","0","11","1","3","41.9460172739","-87.7468997443","POINT (-87.746899744273 41.946017273895)"
"78afea997553421778371cd6eec96fb87459b691aa6bb5d24f4cfc112b3dcb638c8e430cb7b84feb77cf590f88e81dca3e6ffcc2ee588a69b44ec137bb614b5a",,"2026-03-08T11:15:00.000","30","NO CONTROLS","NO CONTROLS","CLEAR","DAYLIGHT","PARKED MOTOR VEHICLE","NOT DIVIDED",,"STRAIGHT AND LEVEL","DRY","UNKNOWN","NOT ON SCENE (DESK REPORT)","NO INJURY / DRIVE AWAY",,,,"$500 OR LESS","2026-03-08T13:23:00.000","UNABLE TO DETERMINE","NOT APPLICABLE","7051","W","ARCHER AVE","811",,,,,,,"2","NO INDICATION OF INJURY","0","0","0","0","0","1","0","11","1","3","41.7918917727","-87.7985735116","POINT (-87.798573511633 41.791891772664)"