"crash_record_id","crash_date_est_i","crash_date","posted_speed_limit","traffic_control_device","device_condition","weather_condition","lighting_condition","first_crash_type","trafficway_type","lane_cnt","alignment","roadway_surface_cond","road_defect","report_type","crash_type","intersection_related_i","private_property_i","hit_and_run_i","damage","date_police_notified","prim_contributory_cause","sec_contributory_cause","street_no","street_direction","street_name","beat_of_occurrence","photos_taken_i","statements_taken_i","dooring_i","work_zone_i","work_zone_type","workers_present_i","num_units","most_severe_injury","injuries_total","injuries_fatal","injuries_incapacitating","injuries_non_incapacitating","injuries_reported_not_evident","injuries_no_indication","injuries_unknown","crash_hour","crash_day_of_week","crash_month","latitude","longitude","location"
"084fca2025abc00d8d89f5edd81d29e70bdaf077ef3081916f5bbc894004fa9a2a815b11a7218a2dd6ea1d11ffdab6c9f7aba9a4a9e8c915707bf2a510ab9e6b",,"2026-03-08T11:00:00.000","30","NO CONTROLS","NO CONTROLS","CLEAR","DAYLIGHT","PARKED MOTOR VEHICLE","DIVIDED - W/MEDIAN BARRIER",,"STRAIGHT AND LEVEL","DRY","NO DEFECTS","ON SCENE","NO INJURY / DRIVE AWAY",,,"Y","$501 - $1,500","2026-03-08T11:18:00.000","FOLLOWING TOO CLOSELY","UNABLE TO DETERMINE","5230","S","LAKE PARK AVE","234",,,,,,,"2","NO INDICATION OF INJURY","0","0","0","0","0","1","0","11","1","3","41.8001233787","-87.5875099104","POINT (-87.58750991043 41.800123378668)"
"1f2fd2f38a2bae05ae5903d0b9fb46e54049ebb9503e8b3eb12032cbafae5b95ca94f19437f904f60d9aaf5dc77a5eadbbb782c6963b524748a262036ae63f50",,"2026-03-08T11:00:00.000","30","NO CONTROLS","NO CONTROLS","CLEAR","DAYLIGHT","SIDESWIPE SAME DIRECTION","NOT DIVIDED",,"STRAIGHT AND LEVEL","DRY","NO DEFECTS","NOT ON SCENE (DESK REPORT)","NO INJURY / DRIVE AWAY",,,,"OVER $1,500","2026-03-08T11:50:00.000","UNABLE TO DETERMINE","UNABLE TO DETERMINE","4843","W","ARMITAGE AVE","2533",,,,,,,"2","NO INDICATION OF INJURY","0","0","0","0","0","2","0","11","1","3","41.9167985616","-87.7478833656","POINT (-87.747883365639 41.916798561578)"
"cdfb839a50f5c1102b8f793938900d05dd85d39461ad489f48e11533c83770ec38a29405e17ac3625ca19c9394ebd41b413d0f0a637fb31e06559e2005e060c4","Y","2026-03-08T11:00:00.000","20","NO CONTROLS","NO CONTROLS","CLEAR","DAYLIGHT","PARKED MOTOR VEHICLE","ONE-WAY",,"STRAIGHT AND LEVEL","DRY","NO DEFECTS",,"INJURY AND / OR TOW DUE TO CRASH",,,"Y","OVER $1,500","2026-03-08T11:09:00.000","UNABLE TO DETERMINE","NOT APPLICABLE","2822","S","TROY ST","1033",,,,,,,"2","NO INDICATION OF INJURY","0","0","0","0","0","1","0","11","1","3","41.8401814677","-87.703828252","POINT (-87.703828252036 41.84018146766)"
"8fcc87ead998874572639ab80da0dc7c8e912aadc7d16959bd52b4ae0f4168d77adfd95a43ef52038a1c9243119f919be9c73c0916868f28df5df96615ef2e30",,"2026-03-08T10:48:00.000","30","NO CONTROLS","NO CONTROLS","CLEAR","DAYLIGHT","PARKED MOTOR VEHICLE","NOT DIVIDED",,"STRAIGHT AND LEVEL","DRY","NO DEFECTS","NOT ON SCENE (DESK REPORT)","NO INJURY / DRIVE AWAY",,,"Y","OVER $1,500","2026-03-10T12:21:00.000","UNABLE TO DETERMINE","DRIVING SKILLS/KNOWLEDGE/EXPERIENCE","624","W","SCHUBERT AVE","1935",,,,,,,"2","NO INDICATION OF INJURY","0","0","0","0","0","1","0","10","1","3","41.9317604401","-87.6455646023","POINT (-87.645564602307 41.931760440055)"
"b338af599ac9ad942151936de5d9d25f014499bde52de325267a8697a54325a3955a2943e3f1a69718ec40ca2b4a5430a0248f9cf705c2ac5aa889d9905ab85c",,"2026-03-08T10:43:00.000","35","TRAFFIC SIGNAL","FUNCTIONING PROPERLY","CLEAR","DAYLIGHT","ANGLE","FOUR WAY",,"STRAIGHT AND LEVEL","DRY","NO DEFECTS","ON SCENE","INJURY AND / OR TOW DUE TO CRASH","Y",,,"OVER $1,500","2026-03-08T10:46:00.000","DISREGARDING TRAFFIC SIGNALS","OPERATING VEHICLE IN ERRATIC, RECKLESS, CARELESS, NEGLIGENT OR AGGRESSIVE MANNER","4800","W","ROOSEVELT RD","1533","Y","Y",,,,,"2","NONINCAPACITATING INJURY","1","0","0","1","0","3","0","10","1","3","41.8660060394","-87.7448173762","POINT (-87.74481737621 41.866006039367)"
"da5a20ba0d83facf2765951ad155d956691535747172f407f3fefdad9980bc8bc9ff768847b7e5573c2af74316ff842e015f2a8bc3a318ca9e64462e1309ed12",,"2026-03-08T10:39:00.000","30","NO CONTROLS","NO CONTROLS","CLEAR","DAYLIGHT","PARKED MOTOR VEHICLE","DIVIDED - W/MEDIAN BARRIER",,"STRAIGHT AND LEVEL","DRY","NO DEFECTS","ON SCENE","NO INJURY / DRIVE AWAY",,,,"$500 OR LESS","2026-03-08T10:40:00.000","IMPROPER BACKING","NOT APPLICABLE","1157","N","ASHLAND AVE","1213",,"N",,,,,"2","NO INDICATION OF INJURY","0","0","0","0","0","3","0","10","1","3","41.9033030099","-87.6673470201","POINT (-87.667347020112 41.903303009942)"
"1b9db001d8a46621a3f12c21279ee7d901690434982c5165ce00ab6a217d622f1bd0b02ada74a48d211665b1c7567355a0f37716185de18587c3ca4e2bdb8085",,"2026-03-08T10:30:00.000","30","TRAFFIC SIGNAL","NOT FUNCTIONING","CLEAR","DAYLIGHT","SIDESWIPE SAME DIRECTION","FOUR WAY",,"STRAIGHT AND LEVEL","DRY","NO DEFECTS","NOT ON SCENE (DESK REPORT)","NO INJURY / DRIVE AWAY","Y",,,"OVER $1,500","2026-03-10T09:00:00.000","UNABLE TO DETERMINE","UNABLE TO DETERMINE","600","W","VERMONT ST","523",,,,,,,"2","NO INDICATION OF INJURY","0","0","0","0","0","2","0","10","1","3","41.6633483087","-87.6367173563","POINT (-87.636717356329 41.663348308734)"
"f896c66095ec66d7388935e6cfbf2c64af9fa4683e7df00a2478c078019b2f832bd270c16264ceb70791a3cf83fef5ca11e12cfe5c189fbea538512fd3f84826",,"2026-03-08T10:28:00.000","30","STOP SIGN/FLASHER","FUNCTIONING PROPERLY","CLEAR","DAYLIGHT","SIDESWIPE SAME DIRECTION","NOT DIVIDED",,"STRAIGHT AND LEVEL","DRY","NO DEFECTS","ON SCENE","INJURY AND / OR TOW DUE TO CRASH","Y",,"Y","OVER $1,500","2026-03-08T10:33:00.000","FAILING TO REDUCE SPEED TO AVOID CRASH","UNABLE TO DETERMINE","5300","W","BELMONT AVE","1634",,,,,,,"2","NO INDICATION OF INJURY","0","0","0","0","0","2","0","10","1","3","41.9387762188","-87.7592621838","POINT (-87.75926218379 41.938776218815)"
"0a0ca499cc62f3a97094cf1b640317c8fe73aebead666982870d6ab9e1a075644ed45090940638c19a00eeee13575853aa1f05a2193f7c1d010efe3aedfe25e5",,"2026-03-08T10:13:00.000","30","STOP SIGN/FLASHER","FUNCTIONING PROPERLY","CLEAR","DAYLIGHT","TURNING","NOT DIVIDED",,"STRAIGHT AND LEVEL","DRY","NO DEFECTS","NOT ON SCENE (DESK REPORT)","NO INJURY / DRIVE AWAY","Y",,,"OVER $1,500","2026-03-08T11:37:00.000","FAILING TO YIELD RIGHT-OF-WAY","UNABLE TO DETERMINE","8700","S","LAFAYETTE AVE","634",,,,,,,"2","NO INDICATION OF INJURY","0","0","0","0","0","3","0","10","1","3","41.7361651101","-87.625587569","POINT (-87.625587568999 41.736165110086)"
"25bd9b4f691cb2044b3d8cc6bc9b4ee14dc87329dc89587b7f524f90185f587bb3f1408e3348d83b135edd8433d26008ad6dd81b7ead6868416b801643666231",,"2026-03-08T10:03:00.000","30","TRAFFIC SIGNAL","FUNCTIONING PROPERLY","CLEAR","DAYLIGHT","ANGLE","T-INTERSECTION",,"STRAIGHT AND LEVEL","DRY","NO DEFECTS","ON SCENE","INJURY AND / OR TOW DUE TO CRASH","Y",,,"OVER $1,500","2026-03-08T10:12:00.000","UNABLE TO DETERMINE","UNABLE TO DETERMINE","5463","S","WENTWORTH AVE","225",,,,,,,"2","NONINCAPACITATING INJURY","1","0","0","1","0","1","0","10","1","3","41.7945705114","-87.6303626345","POINT (-87.630362634526 41.794570511442)"
"6457317366b94c67293df9cd56c9c07bee82f05232298219a8ef57f1e587bec10c77e321ef3c29610637710cdd928f8f5d790428f4d8846f4f597ff47ee92834",,"2026-03-08T10:00:00.000","30","NO CONTROLS","UNKNOWN","CLEAR","DAYLIGHT","SIDESWIPE SAME DIRECTION","DIVIDED - W/MEDIAN (NOT RAISED)",,"STRAIGHT AND LEVEL","UNKNOWN","UNKNOWN","NOT ON SCENE (DESK REPORT)","NO INJURY / DRIVE AWAY",,,"Y","$501 - $1,500","2026-03-08T20:10:00.000","UNABLE TO DETERMINE","UNABLE TO DETERMINE","5679","N","RIDGE AVE","2013",,,,,,,"2","NO INDICATION OF INJURY","0","0","0","0","0","2","0","10","1","3","41.9852667698","-87.6625168041","POINT (-87.662516804053 41.985266769831)"
"f9d10d08b151c39a49d54fdcd62d60a67a39448fa0adc8a0343ccb523031606eb655ab0208be5d1a653361f9f05d9c2783f04eac3feef21abb8e864fc3e3c80f",,"2026-03-08T09:45:00.000","25","NO CONTROLS","NO CONTROLS","CLEAR","DAYLIGHT","TURNING","FOUR WAY",,"STRAIGHT AND LEVEL","DRY","NO DEFECTS",,"NO INJURY / DRIVE AWAY","Y",,,"OVER $1,500","2026-03-08T10:15:00.000","FAILING TO REDUCE SPEED TO AVOID CRASH","FAILING TO YIELD RIGHT-OF-WAY","1012","W","DICKENS AVE","1811",,,,,,,"2","NO INDICATION OF INJURY","0","0","0","0","0","2","0","9","1","3","41.9200240784","-87.6539961448","POINT (-87.653996144772 41.920024078402)"
"fa2c39e6f3399f1b707977f6ff1a7e350ed9965d92a5017c10015c64592abc6af7e45690996354189db3f57aec0d44d7e01a5412a2f9ee62905b77eaa4f4cef6",,"2026-03-08T09:42:00.000","30","TRAFFIC SIGNAL","FUNCTIONING PROPERLY","CLEAR","DAYLIGHT","REAR END","DIVIDED - W/MEDIAN BARRIER",,"STRAIGHT AND LEVEL","DRY","NO DEFECTS","ON SCENE","NO INJURY / DRIVE AWAY",,,,"OVER $1,500","2026-03-08T09:46:00.000","FOLLOWING TOO CLOSELY","FAILING TO REDUCE SPEED TO AVOID CRASH","2400","E","130TH ST","434",,,,,,,"2","NO INDICATION OF INJURY","0","0","0","0","0","2","0","9","1","3","41.6592860391","-87.5655178632","POINT (-87.565517863218 41.659286039143)"
"6b5742fa4f0daacc8705570588aa6047ae45d1e02ea768bdf94467e9c2fa2ed9b254ce7d8e28955f93361d05a0059fa5f0a0c4ee9293430fe8f7c6d74ccf4d1b",,"2026-03-08T09:40:00.000","10","NO CONTROLS","NO CONTROLS","CLEAR","DAYLIGHT","REAR END","PARKING LOT",,"STRAIGHT AND LEVEL","DRY","NO DEFECTS","ON SCENE","INJURY AND / OR TOW DUE TO CRASH",,,,"$500 OR LESS","2026-03-08T09:43:00.000","DISTRACTION - FROM OUTSIDE VEHICLE","NOT APPLICABLE","6737","S","PULASKI RD","833",,,,,,,"2","NONINCAPACITATING INJURY","1","0","0","1","0","1","0","9","1","3","41.7702902639","-87.722401324","POINT (-87.722401324025 41.770290263912)"
"c0f1bef902e2133a69d8399be43e02015dd7f0ec0aa285d7b789b2ebfca837a636b4e11a22d7d1b9012a722a0c26a293e5d10969774d13a0636b581bfd7b504c",,"2026-03-08T09:30:00.000","30","STOP SIGN/FLASHER","FUNCTIONING PROPERLY","CLEAR","DAYLIGHT","PARKED MOTOR VEHICLE","ONE-WAY",,"STRAIGHT AND LEVEL","DRY","NO DEFECTS","ON SCENE","NO INJURY / DRIVE AWAY",,,,"OVER $1,500","2026-03-08T10:08:00.000","UNABLE TO DETERMINE","NOT APPLICABLE","5045","W","PALMER ST","2522",,,,,,,"2","NO INDICATION OF INJURY","0","0","0","0","0","1","0","9","1","3","41.9203875588","-87.7529660305","POINT (-87.75296603047 41.920387558841)"
"e0b1a5566738128fa096109c384beb5d2bd5c8958ac5f1370dc1416ee60ea481b384a7148d40fdd639724091fccd9061dd2fb40ef71ba92472863ad2e120c628","Y","2026-03-08T09:30:00.000","30","NO CONTROLS","NO CONTROLS","CLEAR","DAYLIGHT","SIDESWIPE SAME DIRECTION","NOT DIVIDED",,"STRAIGHT AND LEVEL","DRY","NO DEFECTS","NOT ON SCENE (DESK REPORT)","NO INJURY / DRIVE AWAY",,,"Y","$501 - $1,500","2026-03-08T10:10:00.000","UNABLE TO DETERMINE","UNABLE TO DETERMINE","5673","N","RIDGE AVE","2013",,,,,,,"2","NO INDICATION OF INJURY","0","0","0","0","0","2","0","9","1","3","41.9851416323","-87.6623137435","POINT (-87.662313743497 41.985141632309)"
"949ee5bf5871758d4df2bda1a918566e4e16bdd4ea63037f93a6534664979dd3e5e85955a6208149b25a7a6192dd35dca7653117abf90bd08c1afcb66a698f92",,"2026-03-08T09:23:00.000","30","STOP SIGN/FLASHER","NO CONTROLS","CLEAR","DAYLIGHT","ANGLE","FOUR WAY",,"STRAIGHT AND LEVEL","DRY","NO DEFECTS","ON SCENE","INJURY AND / OR TOW DUE TO CRASH","Y",,,"OVER $1,500","2026-03-08T09:25:00.000","DISREGARDING STOP SIGN","UNABLE TO DETERMINE","7501","S","EXCHANGE AVE","421",,,,,,,"2","NONINCAPACITATING INJURY","2","0","0","2","0","1","0","9","1","3","41.7591364588","-87.5598861011","POINT (-87.55988610113 41.759136458755)"
"4ad63670d19b4ff4e07510ebed885cbbc253cbb909e2195ab247ae570bf55d2cda05a3722b2eadf78fa92ea3164839cda62d6900d6cba807ddc51b48616c937f",,"2026-03-08T09:22:00.000","30","UNKNOWN","UNKNOWN","CLEAR","DAYLIGHT","OTHER NONCOLLISION","ALLEY",,"STRAIGHT AND LEVEL","DRY","UNKNOWN","ON SCENE","NO INJURY / DRIVE AWAY",,"Y",,"OVER $1,500","2026-03-08T09:25:00.000","NOT APPLICABLE","NOT APPLICABLE","946","N","LECLAIRE AVE","1531",,,,,,,"1","NO INDICATION OF INJURY","0","0","0","0","0","1","0","9","1","3","41.898171706","-87.7533759968","POINT (-87.753375996819 41.898171705979)"
"a530d4170fcfb9aa25af5a00fd87ee856d9f85bc0ca06511fc3bdadaa8ee60d128197e347b1ccdab54219675a5a37ab259eba66eb9243ed155fcf574cc388e5b",,"2026-03-08T09:20:00.000","30","TRAFFIC SIGNAL","FUNCTIONING PROPERLY","CLEAR","DAYLIGHT","TURNING","FOUR WAY",,"STRAIGHT AND LEVEL","DRY","NO DEFECTS","NOT ON SCENE (DESK REPORT)","NO INJURY / DRIVE AWAY","Y",,,"$501 - $1,500","2026-03-08T10:30:00.000","FAILING TO YIELD RIGHT-OF-WAY","UNABLE TO DETERMINE","3989","W","27TH ST","1031",,,,,,,"2","NO INDICATION OF INJURY","0","0","0","0","0","2","0","9","1","3","41.8423005947","-87.7244363753","POINT (-87.724436375274 41.842300594656)"
"c5d891d9f229c17f771f7f85a016723c6510ba878331f209175bb6b6c21794db020029a2ecf807b6984fcbcd46dbee84c62725cd1173d9ab858b443eb46bfe1a","Y","2026-03-08T09:15:00.000","25","NO CONTROLS","NO CONTROLS","CLEAR","DAYLIGHT","ANGLE","NOT DIVIDED",,"STRAIGHT AND LEVEL","DRY","UNKNOWN","ON SCENE","NO INJURY / DRIVE AWAY",,,,"OVER $1,500","2026-03-08T09:18:00.000","UNABLE TO DETERMINE","HAD BEEN DRINKING (USE WHEN ARREST IS NOT MADE)","8800","S","ABERDEEN ST","2222",,,,,,,"2","NO INDICATION OF INJURY","0","0","0","0","0","2","0","9","1","3","41.7340558371","-87.6510111232","POINT (-87.651011123208 41.734055837114)"
"f0479a62ef8baaae810964c21a0eebfc41d1c45cc3ff1124df8fdffff022a8dbb3dcdaae21433f2307d560973379aac233d9738f4a85fde8d6ba9bfd99e2b911",,"2026-03-08T09:15:00.000","30","UNKNOWN","UNKNOWN","UNKNOWN","UNKNOWN","REAR TO FRONT","ONE-WAY",,"STRAIGHT AND LEVEL","UNKNOWN","UNKNOWN","NOT ON SCENE (DESK REPORT)","NO INJURY / DRIVE AWAY",,,"Y","OVER $1,500","2026-03-08T09:44:00.000","IMPROPER OVERTAKING/PASSING","IMPROPER OVERTAKING/PASSING","817","W","CUYLER AVE","1915",,,,,,,"2","NO INDICATION OF INJURY","0","0","0","0","0","2","0","9","1","3","41.9558175504","-87.6503362287","POINT (-87.65033622868 41.955817550379)"
"90ea0f9de4d2e9a5e643e0cc6b82c4ae5c183136610befbdeabee4d0e0d7e69ad2f41ff820384388af816acf645fc4574a972dee9722372967ff539aa2e827c1",,"2026-03-08T09:13:00.000","30","NO CONTROLS","NO CONTROLS","CLEAR","DAYLIGHT","REAR TO SIDE","PARKING LOT",,"STRAIGHT AND LEVEL","DRY","NO DEFECTS","ON SCENE","NO INJURY / DRIVE AWAY",,"Y","Y","OVER $1,500","2026-03-08T09:14:00.000","DRIVING SKILLS/KNOWLEDGE/EXPERIENCE","FAILING TO REDUCE SPEED TO AVOID CRASH","1201","N","AUSTIN BLVD","2531",,,,,,,"2","NO INDICATION OF INJURY","0","0","0","0","0","3","0","9","1","3","41.9020912382","-87.775217894","POINT (-87.77521789397 41.902091238174)"
"166adb8551634a3ef8f084eec358d1a1fd525e128b64df5b3fb1e2deeda07b6d457ec211aa4099974ce4505001262b67f6ff274c34799d01ba488df76edf9cdd",,"2026-03-08T09:10:00.000","35","NO CONTROLS","NO CONTROLS","CLEAR","DAYLIGHT","FIXED OBJECT","NOT DIVIDED",,"STRAIGHT AND LEVEL","DRY","UNKNOWN","ON SCENE","NO INJURY / DRIVE AWAY",,,,"$501 - $1,500","2026-03-08T09:16:00.000","UNABLE TO DETERMINE","UNABLE TO DETERMINE","5300","S","PULASKI RD","815",,,,,,,"1","NO INDICATION OF INJURY","0","0","0","0","0","1","0","9","1","3","41.7967545719","-87.7234092203","POINT (-87.7234092203 41.796754571853)"
"96c44e4b7d364d60e203b0732a014cc4ddb4953ecf55c199c3bf4c7c49c58ed2da60666a7c4573ebc75c007d2f9662127fb72b8532aa69b093342714f8dc4687",,"2026-03-08T09:10:00.000","25","NO CONTROLS","NO CONTROLS","CLEAR","DAYLIGHT","PARKED MOTOR VEHICLE","ONE-WAY",,"STRAIGHT AND LEVEL","DRY","NO DEFECTS","ON SCENE","NO INJURY / DRIVE AWAY",,,,"$500 OR LESS","2026-03-08T09:16:00.000","WEATHER","NOT APPLICABLE","1337","S","MILLARD AVE","1011",,,,,,,"2","NO INDICATION OF INJURY","0","0","0","0","0","1","0","9","1","3","41.8632825213","-87.7164036978","POINT (-87.716403697771 41.863282521325)"
"208be000a87574d6a0f846927627ad6e303e4dae5e7159f93c99244a65276d0b8f7dd049c8f3794229adbd8c3a42ca4f44fd6df5fd48a893813908518e7e826f",,"2026-03-08T09:00:00.000","30","UNKNOWN","UNKNOWN","CLEAR","DAYLIGHT","PARKED MOTOR VEHICLE","ONE-WAY",,"STRAIGHT AND LEVEL","DRY","NO DEFECTS","NOT ON SCENE (DESK REPORT)","NO INJURY / DRIVE AWAY",,,"Y","$500 OR LESS","2026-03-08T17:00:00.000","UNABLE TO DETERMINE","UNABLE TO DETERMINE","7815","S","RHODES AVE","624",,,,,,,"2","NO INDICATION OF INJURY","0","0","0","0","0","1","0","9","1","3","41.7525178995","-87.6111816471","POINT (-87.611181647123 41.752517899458)"
"875add37fc3552876b4dfae41d914b0486b5e1fd1459098f892a2a597091a16d5bed44e1952e1015f2018b8f4d93f64efd5908fef3cb63e7ab0a3128f327099b",,"2026-03-08T09:00:00.000","10","NO CONTROLS","NO CONTROLS","CLEAR","DAYLIGHT","PARKED MOTOR VEHICLE","PARKING LOT",,"STRAIGHT AND LEVEL","DRY","NO DEFECTS","NOT ON SCENE (DESK REPORT)","NO INJURY / DRIVE AWAY",,,"Y","OVER $1,500","2026-03-08T09:20:00.000","UNABLE TO DETERMINE","NOT APPLICABLE","2431","W","MONTROSE AVE","1911",,,,,,,"2","NO INDICATION OF INJURY","0","0","0","0","0","2","0","9","1","3","41.9611940986","-87.6899669704","POINT (-87.689966970401 41.961194098637)"
"65cd17c0eacaa145f9f932e6a70d147ace3d4320be10eb6f6005f28ecf95f97caacf704d951330dc841fd9c86222702bdaf502b1ccac85a8bd2aa0757eb9785b",,"2026-03-08T08:57:00.000","30","TRAFFIC SIGNAL","FUNCTIONING PROPERLY","CLEAR","DAYLIGHT","PEDESTRIAN","NOT DIVIDED",,"STRAIGHT AND LEVEL","DRY","NO DEFECTS","ON SCENE","INJURY AND / OR TOW DUE TO CRASH","Y",,,"$500 OR LESS","2026-03-08T09:02:00.000","FAILING TO REDUCE SPEED TO AVOID CRASH","UNABLE TO DETERMINE","6159","W","IRVING PARK RD","1633",,,,,,,"2","NONINCAPACITATING INJURY","1","0","0","1","0","1","0","8","1","3","41.952871932","-87.7815951989","POINT (-87.781595198939 41.952871932029)"
"deea91d50f5238b6745e4868f5973a5cd92220634a5c6fd24f8aef5dd9864d14e12a0897a6e16c3e787743191ff41f77dcfce4eb3c2f1bf71c5a1a3cfb4fc7c4",,"2026-03-08T08:57:00.000","30","NO CONTROLS","NO CONTROLS","CLEAR","DAYLIGHT","PARKED MOTOR VEHICLE","NOT DIVIDED",,"STRAIGHT AND LEVEL","DRY","NO DEFECTS","ON SCENE","INJURY AND / OR TOW DUE TO CRASH","N",,,"$501 - $1,500","2026-03-08T08:58:00.000","DISTRACTION - FROM OUTSIDE VEHICLE","UNABLE TO DETERMINE","5632","S","KEDZIE AVE","822","N","N",,,,,"2","NO INDICATION OF INJURY","0","0","0","0","0","1","0","8","1","3","41.7907041246","-87.7036230511","POINT (-87.703623051069 41.790704124646)"
"6ad8af18470d503d9fa49dc2402803c3bb499ab8de353aedc4834fb8ed43eb6d442d3afc45a1dc33e39af3decd668881b1c331c4c49a83fdeeed4afe10806cce",,"2026-03-08T08:50:00.000","20","NO CONTROLS","NO CONTROLS","CLEAR","DAYLIGHT","ANGLE","PARKING LOT",,"STRAIGHT AND LEVEL","DRY","NO DEFECTS","ON SCENE","NO INJURY / DRIVE AWAY",,,,"OVER $1,500","2026-03-08T08:55:00.000","NOT APPLICABLE","NOT APPLICABLE","10000","W","OHARE ST","1651",,,,,,,"2","NO INDICATION OF INJURY","0","0","0","0","0","2","0","8","1","3","41.976201139","-87.9053091251","POINT (-87.905309125103 41.976201139024)"
"8f9dbf96088b28a86790a1d92d0969494cc5e64d5d8390b22865dd7f23b60ddf68d8b4bf604f9e778c19acc895ecb78a97ae6850134f4ae6d87198aad445f720",,"2026-03-08T08:40:00.000","30","TRAFFIC SIGNAL","FUNCTIONING PROPERLY","CLEAR","DAYLIGHT","ANGLE","DIVIDED - W/MEDIAN (NOT RAISED)",,"STRAIGHT AND LEVEL","DRY","UNKNOWN","NOT ON SCENE (DESK REPORT)","NO INJURY / DRIVE AWAY","Y",,,"$501 - $1,500","2026-03-08T09:30:00.000","UNABLE TO DETERMINE","UNABLE TO DETERMINE","4501","S","PULASKI RD","821",,,,,,,"2","NO INDICATION OF INJURY","0","0","0","0","0","2","0","8","1","3","41.8114515422","-87.7235746544","POINT (-87.72357465442 41.811451542236)"
"9be46ed1424d0fd38be62f4e09d20060f64829887e3c3f60dce52b78f10e94e30557df880cce856154aafe80881e8b885a30ce45e23873f1ebb8e1266d808dba",,"2026-03-08T08:35:00.000","30","TRAFFIC SIGNAL","FUNCTIONING PROPERLY","CLEAR","DAYLIGHT","REAR END","DIVIDED - W/MEDIAN BARRIER",,"STRAIGHT AND LEVEL","DRY","NO DEFECTS","ON SCENE","INJURY AND / OR TOW DUE TO CRASH",,,,"OVER $1,500","2026-03-08T08:35:00.000","UNABLE TO DETERMINE","UNABLE TO DETERMINE","9901","S","HALSTED ST","2232",,,,,,,"2","NO INDICATION OF INJURY","0","0","0","0","0","2","0","8","1","3","41.7141256493","-87.6428525474","POINT (-87.642852547443 41.714125649277)"
"9e0d84e67920cfff3008b6c2a2620e2265bc95ee8734c369a039ba9f3e8a9ce5c7a83a4c3da4ce7050b3f4adeb17e2c0b0eee12b12eb2b7e34cdfae5989ce94b",,"2026-03-08T08:10:00.000","30","TRAFFIC SIGNAL","FUNCTIONING PROPERLY","CLEAR","DAYLIGHT","REAR END","NOT DIVIDED",,"STRAIGHT AND LEVEL","DRY","NO DEFECTS","ON SCENE","INJURY AND / OR TOW DUE TO CRASH",,,"Y","OVER $1,500","2026-03-08T08:16:00.000","UNABLE TO DETERMINE","UNABLE TO DETERMINE","5698","N","HARLEM AVE","1612",,,,,,,"2","NO INDICATION OF INJURY","0","0","0","0","0","2","0","8","1","3","41.9845816062","-87.8070731657","POINT (-87.807073165672 41.984581606158)"
"b38957bf9194a36dd7caa21fd1f3082fa60971ca92124e62507069636951e80033cc39bf7994fc5fad7d29ead620429a74544bcd4572a699dd421e72939208c8",,"2026-03-08T08:10:00.000","30","UNKNOWN","UNKNOWN","CLEAR","DAYLIGHT","REAR END","FOUR WAY",,"STRAIGHT AND LEVEL","DRY","UNKNOWN","NOT ON SCENE (DESK REPORT)","NO INJURY / DRIVE AWAY",,,"N","OVER $1,500","2026-03-08T17:00:00.000","FOLLOWING TOO CLOSELY","NOT APPLICABLE","5200","N","BROADWAY","2013",,,,,,,"2","NO INDICATION OF INJURY","0","0","0","0","0","2","0","8","1","3","41.9764121429","-87.6600150821","POINT (-87.660015082054 41.976412142948)"
"2a013bd66ec0a2e5131dad12c79f82324bb30d56cc1bf5b96bdda3ce7ee8acb2284d2394648bc409d6b036dc3d7c2a38b49ed29119884e17a4a353297be523bc",,"2026-03-08T07:34:00.000","30","TRAFFIC SIGNAL","FUNCTIONING PROPERLY","CLEAR","DAYLIGHT","ANGLE","NOT REPORTED",,"STRAIGHT AND LEVEL","DRY","OTHER","ON SCENE","INJURY AND / OR TOW DUE TO CRASH","Y",,,"OVER $1,500","2026-03-08T07:41:00.000","DISREGARDING TRAFFIC SIGNALS","NOT APPLICABLE","400","S","CANAL ST","121",,,,,,,"2","NO INDICATION OF INJURY","0","0","0","0","0","3","0","7","1","3","41.8767466675","-87.6397852865","POINT (-87.639785286517 41.876746667521)"
"86f8f83e49e2c929afd4d563b1852e1973bc856e40cf14a0e9c25b0b26f7be02ca0ea306cf30f9c80ff30da0dd696b953c89948c5d208b3be21b4a090aa0ae37",,"2026-03-08T07:31:00.000","30","TRAFFIC SIGNAL","FUNCTIONING PROPERLY","CLEAR","DAYLIGHT","ANGLE","FOUR WAY",,"STRAIGHT AND LEVEL","DRY","NO DEFECTS","ON SCENE","INJURY AND / OR TOW DUE TO CRASH","Y",,,"OVER $1,500","2026-03-08T07:32:00.000","FAILING TO YIELD RIGHT-OF-WAY","FAILING TO REDUCE SPEED TO AVOID CRASH","4800","W","GRAND AVE","2533",,,,,,,"3","NO INDICATION OF INJURY","0","0","0","0","0","4","0","7","1","3","41.9140601958","-87.7460277339","POINT (-87.746027733918 41.914060195761)"