"crash_record_id","crash_date_est_i","crash_date","posted_speed_limit","traffic_control_device","device_condition","weather_condition","lighting_condition","first_crash_type","trafficway_type","lane_cnt","alignment","roadway_surface_cond","road_defect","report_type","crash_type","intersection_related_i","private_property_i","hit_and_run_i","damage","date_police_notified","prim_contributory_cause","sec_contributory_cause","street_no","street_direction","street_name","beat_of_occurrence","photos_taken_i","statements_taken_i","dooring_i","work_zone_i","work_zone_type","workers_present_i","num_units","most_severe_injury","injuries_total","injuries_fatal","injuries_incapacitating","injuries_non_incapacitating","injuries_reported_not_evident","injuries_no_indication","injuries_unknown","crash_hour","crash_day_of_week","crash_month","latitude","longitude","location"
"31e7a56aedcfd5916a136b71f8dec00e5838c05b9807a72e4584e377c862da0916708c09c2fd4a986eb069103bdd8bb3125a375601920adcb3a2723d2fc47f97",,"2026-03-08T07:30:00.000","30","NO CONTROLS","NO CONTROLS","CLEAR","DAYLIGHT","TURNING","NOT DIVIDED",,"STRAIGHT AND LEVEL","DRY","NO DEFECTS","NOT ON SCENE (DESK REPORT)","NO INJURY / DRIVE AWAY",,,,"OVER $1,500","2026-03-08T08:20:00.000","UNABLE TO DETERMINE","UNABLE TO DETERMINE","4340","W","ARMITAGE AVE","2522",,,,,,,"2","NO INDICATION OF INJURY","0","0","0","0","0","3","0","7","1","3","41.9171631703","-87.7355555988","POINT (-87.735555598811 41.917163170274)"
"3fc87968b30f946325c4cbbb1a8f70c43d99ece2313df05080212dbe894efb4c104843a9be6275c355586136aaad30095614b67bff16a617b8c9c3307b4ed096",,"2026-03-08T07:30:00.000","30","TRAFFIC SIGNAL","FUNCTIONING PROPERLY","CLEAR","DAYLIGHT","REAR END","OTHER",,"STRAIGHT AND LEVEL","DRY","NO DEFECTS","ON SCENE","NO INJURY / DRIVE AWAY",,,,"$500 OR LESS","2026-03-08T07:35:00.000","UNABLE TO DETERMINE","NOT APPLICABLE","9274","S","SOUTH CHICAGO AVE","423",,,,,,,"2","NO INDICATION OF INJURY","0","0","0","0","0","2","0","7","1","3","41.7267102913","-87.551351344","POINT (-87.551351344004 41.726710291289)"
"800fcbc804c02b2ad5cf72fc0c398c556fb123fe5ee01ae2e326be6a6456f3798ccc4d48724e0b1fd73e74a2d8455c8469acedf1416a570745bb670b86c5e1c1",,"2026-03-08T07:30:00.000","30","NO CONTROLS","NO CONTROLS","CLEAR","DAWN","PARKED MOTOR VEHICLE","DIVIDED - W/MEDIAN (NOT RAISED)",,"STRAIGHT AND LEVEL","DRY","NO DEFECTS","ON SCENE","NO INJURY / DRIVE AWAY","N",,"Y","$501 - $1,500","2026-03-08T08:30:00.000","UNABLE TO DETERMINE","PHYSICAL CONDITION OF DRIVER","615","E","50TH ST","223",,,,,,,"2","NO INDICATION OF INJURY","0","0","0","0","0","1","0","7","1","3","41.8039017268","-87.6106592012","POINT (-87.610659201222 41.803901726804)"
"e4960abf0bad9de1cd8c5d58424b4fa80383cb49eb1388958034d4fd3d67bce8fbfad5a468351b943f1500071950d74ff25f8c24c39c2b4940fd97ee54185f6a",,"2026-03-08T07:29:00.000","25","STOP SIGN/FLASHER","FUNCTIONING PROPERLY","UNKNOWN","UNKNOWN","PARKED MOTOR VEHICLE","FOUR WAY",,"STRAIGHT AND LEVEL","UNKNOWN","UNKNOWN","ON SCENE","INJURY AND / OR TOW DUE TO CRASH","Y",,,"OVER $1,500","2026-03-08T07:29:00.000","UNDER THE INFLUENCE OF ALCOHOL/DRUGS (USE WHEN ARREST IS EFFECTED)","UNDER THE INFLUENCE OF ALCOHOL/DRUGS (USE WHEN ARREST IS EFFECTED)","7601","S","WOLCOTT AVE","611",,,,,,,"2","NO INDICATION OF INJURY","0","0","0","0","0","1","0","7","1","3","41.7556364661","-87.6707116198","POINT (-87.670711619835 41.755636466061)"
"89c83fed2c751969fb84cb8b74d75fd2e3a97ecb013371c95665212a8b23b0f26d4bca8beb2bafac2e69fbd4ddd2f0238749f4214ed8b2da931f8a674520e9eb",,"2026-03-08T07:25:00.000","30","TRAFFIC SIGNAL","FUNCTIONING PROPERLY","CLEAR","DAYLIGHT","REAR END","NOT DIVIDED",,"STRAIGHT AND LEVEL","UNKNOWN","UNKNOWN","ON SCENE","NO INJURY / DRIVE AWAY","Y",,,"$501 - $1,500","2026-03-08T07:35:00.000","FOLLOWING TOO CLOSELY","NOT APPLICABLE","7500","S","JEFFERY BLVD","414",,,,,,,"2","NO INDICATION OF INJURY","0","0","0","0","0","2","0","7","1","3","41.7587838191","-87.5762866492","POINT (-87.576286649151 41.758783819129)"
"1db23cac53f8f0ac5c7ce3672d34bbcf9990c1dee6283b22c79aa0e2ef829d7387ce49118bb0e958dddfc1a9ba7f97e71f37cde2f0ff7979a738470a4d90932c",,"2026-03-08T06:30:00.000","30","TRAFFIC SIGNAL","FUNCTIONING PROPERLY","CLEAR","DAWN","TURNING","ONE-WAY",,"STRAIGHT AND LEVEL","DRY","NO DEFECTS","ON SCENE","INJURY AND / OR TOW DUE TO CRASH","Y",,,"$501 - $1,500","2026-03-08T07:00:00.000","IMPROPER TURNING/NO SIGNAL","NOT APPLICABLE","202","S","FRANKLIN ST","122",,,,,,,"2","NO INDICATION OF INJURY","0","0","0","0","0","2","0","6","1","3","41.8792658034","-87.6353803777","POINT (-87.635380377716 41.879265803379)"
"9cff2c3b7bace2c397382e520d2039caa67696b83154351cacca5ccff6338e6d0a76d2e7d8fd85b380c40cc28f3e3dd55f18be05925c8e48b0c54b89964524fd",,"2026-03-08T06:30:00.000","30","NO CONTROLS","NO CONTROLS","CLEAR","DAYLIGHT","OTHER OBJECT","NOT DIVIDED",,"STRAIGHT AND LEVEL","DRY","NO DEFECTS","NOT ON SCENE (DESK REPORT)","INJURY AND / OR TOW DUE TO CRASH",,,,"OVER $1,500","2026-03-09T17:15:00.000","UNABLE TO DETERMINE","NOT APPLICABLE","200","E","63RD ST","311",,,,,,,"1","NONINCAPACITATING INJURY","1","0","0","1","0","0","0","6","1","3","41.7802272622","-87.6203636412","POINT (-87.620363641189 41.780227262204)"
"18bd69d7b4e648abeadc1b4c9db90f7e8ab95b0d705c75560a78bef4866a1f4f8c0e4bb87b0677cbf844285848815023d06d02e91e604a91dd476d82f69ce977",,"2026-03-08T06:15:00.000","30","TRAFFIC SIGNAL","FUNCTIONING IMPROPERLY","CLEAR","DARKNESS, LIGHTED ROAD","REAR END","NOT DIVIDED",,"STRAIGHT AND LEVEL","DRY","NO DEFECTS","ON SCENE","INJURY AND / OR TOW DUE TO CRASH","N",,"Y","OVER $1,500","2026-03-08T06:25:00.000","UNABLE TO DETERMINE","NOT APPLICABLE","1600","E","87TH ST","412",,"Y",,,,,"2","NO INDICATION OF INJURY","0","0","0","0","0","3","0","6","1","3","41.7370309923","-87.5850864535","POINT (-87.585086453532 41.737030992315)"
"861c49213757385d7904b3bea3a75f0f8ee8964ba3fa0dc2daa91626f9243c90cbe6660bcce7f3e7c589879850e5aa0c821aa191c3ac12e4ecd40911f7933148",,"2026-03-08T06:10:00.000","35","TRAFFIC SIGNAL","FUNCTIONING PROPERLY","CLEAR","DARKNESS, LIGHTED ROAD","REAR END","NOT DIVIDED",,"STRAIGHT AND LEVEL","DRY","NO DEFECTS",,"INJURY AND / OR TOW DUE TO CRASH","Y",,"Y","OVER $1,500","2026-03-09T08:30:00.000","FAILING TO REDUCE SPEED TO AVOID CRASH","FOLLOWING TOO CLOSELY","2402","N","AUSTIN AVE","2512",,,,,,,"2","NO INDICATION OF INJURY","0","0","0","0","0","2","0","6","1","3","41.9239052587","-87.7758652705","POINT (-87.775865270488 41.923905258674)"
"91237077b3010fdd03e0e1fe996621d225445d3c3e18e978f55209a89a6db70379267c5830fc7753579d1c6f5b2d881f842bb6dc5f7fad833833bec3599fd6dd",,"2026-03-08T06:05:00.000","20","NO CONTROLS","NO CONTROLS","UNKNOWN","DARKNESS, LIGHTED ROAD","PARKED MOTOR VEHICLE","ONE-WAY",,"STRAIGHT AND LEVEL","UNKNOWN","NO DEFECTS","ON SCENE","INJURY AND / OR TOW DUE TO CRASH",,,"Y","OVER $1,500","2026-03-08T08:17:00.000","UNABLE TO DETERMINE","NOT APPLICABLE","6011","W","GEORGE ST","2511",,,,,,,"2","NO INDICATION OF INJURY","0","0","0","0","0","1","0","6","1","3","41.9328504929","-87.7764745097","POINT (-87.776474509683 41.932850492906)"
"057734ca46a03369cd65329387da580a5b91b6cd5f7fbf974c08b670b49a9cf26f6e2b49fa7794eb1d6f5d1a6e3c884fdc82a5f749bc98a932bb20dce1814055","Y","2026-03-08T06:00:00.000","35","UNKNOWN","UNKNOWN","CLEAR","UNKNOWN","PARKED MOTOR VEHICLE","NOT DIVIDED",,"STRAIGHT AND LEVEL","UNKNOWN","UNKNOWN","NOT ON SCENE (DESK REPORT)","NO INJURY / DRIVE AWAY",,,"Y","OVER $1,500","2026-03-08T21:10:00.000","NOT APPLICABLE","NOT APPLICABLE","4227","S","OAKENWALD AVE","214",,,,,,,"2","NO INDICATION OF INJURY","0","0","0","0","0","1","0","6","1","3","41.8173345511","-87.5976647344","POINT (-87.597664734411 41.817334551053)"
"4614ada6973de549dce8fd393e8cca56c2da6931dbb7a8a7cd90b76f857ad33adc47c472b7a1243307c68c4789040506282dc21826a1c8d0ae910b878fa34e32",,"2026-03-08T06:00:00.000","35","TRAFFIC SIGNAL","FUNCTIONING PROPERLY","CLEAR","DARKNESS, LIGHTED ROAD","ANGLE","NOT DIVIDED",,"STRAIGHT AND LEVEL","UNKNOWN","NO DEFECTS","NOT ON SCENE (DESK REPORT)","NO INJURY / DRIVE AWAY",,,,"OVER $1,500","2026-03-08T06:10:00.000","UNABLE TO DETERMINE","UNABLE TO DETERMINE","1830","W","OGDEN AVE","1225",,,,,,,"2","NO INDICATION OF INJURY","0","0","0","0","0","2","0","6","1","3","41.8762094216","-87.6724962975","POINT (-87.672496297524 41.87620942156)"
"62e19e49443c82059786f9ea99c9cb67093d1e8f84e3a8cc3ffa3fb060f86a83a2f757cfa133d09e2409c957f736e7e1be720150074e0d7a183f61cb50af59b0",,"2026-03-08T06:00:00.000","30","TRAFFIC SIGNAL","FUNCTIONING PROPERLY","CLEAR","DAWN","SIDESWIPE SAME DIRECTION","NOT DIVIDED",,"STRAIGHT AND LEVEL","DRY","NO DEFECTS","ON SCENE","INJURY AND / OR TOW DUE TO CRASH",,,"Y","OVER $1,500","2026-03-08T06:11:00.000","UNABLE TO DETERMINE","UNABLE TO DETERMINE","1042","N","WESTERN AVE","1212",,,,,,,"2","NO INDICATION OF INJURY","0","0","0","0","0","2","0","6","1","3","41.9006505246","-87.6871123459","POINT (-87.687112345855 41.900650524577)"
"2aa165547e14d48d85002ebd4c91e4b0a0e70dafa4cea0ea604caa1456d96d65bd6ae0cec11a7ed7fbb50f62174b0fb14972f08970a8a3f8b59a00468ed72391",,"2026-03-08T05:40:00.000","30","TRAFFIC SIGNAL","FUNCTIONING PROPERLY","CLEAR","DARKNESS, LIGHTED ROAD","ANGLE","OTHER",,"STRAIGHT AND LEVEL","DRY","NO DEFECTS","NOT ON SCENE (DESK REPORT)","NO INJURY / DRIVE AWAY","Y",,,"OVER $1,500","2026-03-08T06:30:00.000","DISREGARDING TRAFFIC SIGNALS","NOT APPLICABLE","1818","W","VAN BUREN ST","1225",,,,,,,"2","NO INDICATION OF INJURY","0","0","0","0","0","2","0","5","1","3","41.876371807","-87.6724835923","POINT (-87.672483592264 41.876371807008)"
"45e8a8825cd6381fed3f04546105363ccd3f1af4dee6454b8308ba1cc37f273ab3f49c6cdb9b200a719d02e19066aec3e6f23a95ac1b3a981f729cc17bef2416",,"2026-03-08T05:33:00.000","15","NO CONTROLS","NO CONTROLS","CLEAR","DARKNESS, LIGHTED ROAD","PARKED MOTOR VEHICLE","ONE-WAY",,"STRAIGHT AND LEVEL","DRY","NO DEFECTS","ON SCENE","INJURY AND / OR TOW DUE TO CRASH",,,,"OVER $1,500","2026-03-08T06:21:00.000","DISTRACTION - FROM INSIDE VEHICLE","NOT APPLICABLE","4511","N","KOSTNER AVE","1722",,,,,,,"2","NO INDICATION OF INJURY","0","0","0","0","0","2","0","5","1","3","41.9630276736","-87.7383539098","POINT (-87.738353909795 41.963027673643)"
"d3d81aca4cad3fcf1f16c2a217173ed45526ffb0ebbcdd607483a2810ec7e79b183f85a94594fbc114fbffa487a393e2de43b38358aaed5d4661f88a33a58cc4",,"2026-03-08T05:30:00.000","30","TRAFFIC SIGNAL","UNKNOWN","UNKNOWN","DARKNESS","REAR END","ONE-WAY",,"STRAIGHT AND LEVEL","UNKNOWN","UNKNOWN","NOT ON SCENE (DESK REPORT)","NO INJURY / DRIVE AWAY","Y",,"N","OVER $1,500","2026-03-09T23:00:00.000","UNABLE TO DETERMINE","NOT APPLICABLE","363","W","ONTARIO ST","1831",,,,,,,"2","NO INDICATION OF INJURY","0","0","0","0","0","2","0","5","1","3","41.8930250628","-87.6380232726","POINT (-87.638023272571 41.893025062847)"
"df1b7e2f9521fc59c645ab070088760e667a1c5f777df36e705cad3b8837316b03f28359a61978f7e485e3175627c2a959ad09cec7a591a7d011e96750fb8f78",,"2026-03-08T05:10:00.000","30","NO CONTROLS","NO CONTROLS","CLEAR","DARKNESS, LIGHTED ROAD","FIXED OBJECT","DIVIDED - W/MEDIAN BARRIER",,"STRAIGHT AND LEVEL","DRY","NO DEFECTS","ON SCENE","INJURY AND / OR TOW DUE TO CRASH",,,,"OVER $1,500","2026-03-08T05:10:00.000","EQUIPMENT - VEHICLE CONDITION","EQUIPMENT - VEHICLE CONDITION","10000","W","OHARE ST","1651",,,,,,,"1","NO INDICATION OF INJURY","0","0","0","0","0","1","0","5","1","3","41.976201139","-87.9053091251","POINT (-87.905309125103 41.976201139024)"
"238d0c4a6d26b176935df7a701912113a3975d6a1207d99d8549874d368bad16671f58049916a0355df48e8d8e2e7ef70038e889c5182e42e5415fe8d09500d9",,"2026-03-08T05:08:00.000","30","NO CONTROLS","NO CONTROLS","CLEAR","DARKNESS, LIGHTED ROAD","PARKED MOTOR VEHICLE","NOT DIVIDED",,"STRAIGHT AND LEVEL","DRY","NO DEFECTS","ON SCENE","NO INJURY / DRIVE AWAY",,,"Y","$501 - $1,500","2026-03-08T05:08:00.000","IMPROPER BACKING","NOT APPLICABLE","7020","S","JEFFERY BLVD","332",,,,,,,"2","NO INDICATION OF INJURY","0","0","0","0","0","2","0","5","1","3","41.7673529546","-87.5764779584","POINT (-87.576477958446 41.767352954568)"
"322b29fdf875dee63caf2f4e283a0bba9da0fe864a154871ed4c52849a29ba13470c65ce5626d797a7fc12ce80817aa1d4fa0803af0e1e7f1c20c5fad1c8919c",,"2026-03-08T04:46:00.000","30","TRAFFIC SIGNAL","FUNCTIONING PROPERLY","CLEAR","DARKNESS, LIGHTED ROAD","REAR END","NOT DIVIDED",,"STRAIGHT AND LEVEL","DRY","NO DEFECTS","NOT ON SCENE (DESK REPORT)","NO INJURY / DRIVE AWAY",,,"Y","OVER $1,500","2026-03-08T11:33:00.000","UNABLE TO DETERMINE","NOT APPLICABLE","3000","W","GRAND AVE","1211",,,,,,,"2","NO INDICATION OF INJURY","0","0","0","0","0","2","0","4","1","3","41.8966610612","-87.7021775244","POINT (-87.702177524363 41.896661061228)"
"92fe8dcd02c8734e0e50c83e46320e64c22c0ebe491d0c150d7f8d106ec69a46e8aa9e2d65c553d9084e7b58408c1d95e6877ef910f5a380e0b7ea674bd034c4",,"2026-03-08T04:24:00.000","30","TRAFFIC SIGNAL","FUNCTIONING PROPERLY","CLEAR","DARKNESS, LIGHTED ROAD","FIXED OBJECT","FOUR WAY",,"STRAIGHT AND LEVEL","DRY","NO DEFECTS","ON SCENE","INJURY AND / OR TOW DUE TO CRASH","Y",,,"OVER $1,500","2026-03-08T04:24:00.000","UNDER THE INFLUENCE OF ALCOHOL/DRUGS (USE WHEN ARREST IS EFFECTED)","NOT APPLICABLE","5509","N","HARLEM AVE","1613",,,,,,,"1","NO INDICATION OF INJURY","0","0","0","0","0","1","0","4","1","3","41.9813913204","-87.8067953904","POINT (-87.806795390421 41.981391320426)"
"732bbacb14b049e986aa1e925766945f9c86b151a2dee9272d8cfdf3ace2e263b8d529a0723a077a245aeebffea60f6a2e1b83ec1d0cd1ec368cd9015ddbc4a1",,"2026-03-08T04:23:00.000","35","TRAFFIC SIGNAL","FUNCTIONING PROPERLY","CLEAR","DARKNESS, LIGHTED ROAD","TURNING","NOT DIVIDED",,"STRAIGHT AND LEVEL","DRY","UNKNOWN","NOT ON SCENE (DESK REPORT)","NO INJURY / DRIVE AWAY","Y",,"Y","OVER $1,500","2026-03-08T05:05:00.000","NOT APPLICABLE","NOT APPLICABLE","4700","S","ARCHER AVE","821",,,,,,,"2","NO INDICATION OF INJURY","0","0","0","0","0","2","0","4","1","3","41.8080130052","-87.7143796234","POINT (-87.714379623416 41.808013005188)"
"241fc280e0663d255c457d5c5ffde141aded5eb53152f26302b848240a7bfacdca9f09fe5fe3d2013e86886188baba23decdf4bd0907663cbbd6d53aa50e194a",,"2026-03-08T04:15:00.000","30","NO CONTROLS","NO CONTROLS","CLEAR","DARKNESS, LIGHTED ROAD","PARKED MOTOR VEHICLE","NOT DIVIDED",,"STRAIGHT AND LEVEL","DRY","NO DEFECTS","ON SCENE","NO INJURY / DRIVE AWAY",,,,"OVER $1,500","2026-03-08T05:14:00.000","IMPROPER OVERTAKING/PASSING","FAILING TO REDUCE SPEED TO AVOID CRASH","5515","N","WESTERN AVE","2012",,,,,,,"2","NO INDICATION OF INJURY","0","0","0","0","0","1","0","4","1","3","41.9818595414","-87.6892360815","POINT (-87.689236081523 41.981859541355)"
"0906597937c10c41406936a25d8e1ea826e89adb822c6c186f925a80c278d1313053a0f689c4926abfd84498b5bf496b963708ae495bb7372aa540d1b8eeef64",,"2026-03-08T03:56:00.000","30","TRAFFIC SIGNAL","FUNCTIONING PROPERLY","CLEAR","DARKNESS","REAR END","NOT DIVIDED",,"STRAIGHT AND LEVEL","DRY","NO DEFECTS","ON SCENE","NO INJURY / DRIVE AWAY",,,,"$500 OR LESS","2026-03-08T03:56:00.000","FOLLOWING TOO CLOSELY","FOLLOWING TOO CLOSELY","3204","W","IRVING PARK RD","1724",,,,,,,"2","NO INDICATION OF INJURY","0","0","0","0","0","2","0","3","1","3","41.9540279425","-87.7082349668","POINT (-87.708234966818 41.954027942479)"
"9dc3c49c4d0678963d8e9a69e213d02b98a81bc47f31404c2e1bac0a1922f18159ee8d802ed4b53e7896d111e4996f321a5d569379bce7aa6857e853827b14e7",,"2026-03-08T03:37:00.000","30","NO CONTROLS","NO CONTROLS","CLEAR","DARKNESS, LIGHTED ROAD","FIXED OBJECT","DIVIDED - W/MEDIAN BARRIER",,"STRAIGHT AND LEVEL","DRY","NO DEFECTS","ON SCENE","INJURY AND / OR TOW DUE TO CRASH",,,,"OVER $1,500","2026-03-08T03:57:00.000","UNABLE TO DETERMINE","UNABLE TO DETERMINE","301","S","LARAMIE AVE","1533",,,,,,,"1","NO INDICATION OF INJURY","0","0","0","0","0","1","0","3","1","3","41.8766172556","-87.7547808767","POINT (-87.754780876715 41.876617255645)"
"1f91ab705960ea5503d6ee1c5a58db8b479b95c03178c947b34904dfde7d1af882458a0dac437feed8ba84e45e412a4bb7ef20b9e4f525559ae5d21b2eff8069",,"2026-03-08T03:35:00.000","30","TRAFFIC SIGNAL","FUNCTIONING PROPERLY","CLEAR","DARKNESS, LIGHTED ROAD","SIDESWIPE OPPOSITE DIRECTION","NOT DIVIDED",,"STRAIGHT AND LEVEL","DRY","UNKNOWN","ON SCENE","NO INJURY / DRIVE AWAY","Y",,"Y","OVER $1,500","2026-03-08T03:50:00.000","UNABLE TO DETERMINE","IMPROPER LANE USAGE","1198","W","SHERIDAN RD","2432",,,,,,,"2","NO INDICATION OF INJURY","0","0","0","0","0","2","0","3","1","3","41.9982993797","-87.6605079444","POINT (-87.660507944426 41.998299379733)"
"c0ab4cec94e565bebc0642f812888cf9d08be40c80ce4cf45f27f10550fbcbdbff3ab4e42a92a9c1ff23f57793fd25e9b344bd5a8a70f97f48ccbad9dab547f7",,"2026-03-08T03:35:00.000","30","NO CONTROLS","NO CONTROLS","CLEAR","DARKNESS, LIGHTED ROAD","PARKED MOTOR VEHICLE","NOT DIVIDED",,"STRAIGHT AND LEVEL","DRY","NO DEFECTS","ON SCENE","INJURY AND / OR TOW DUE TO CRASH",,,"Y","OVER $1,500","2026-03-08T03:39:00.000","UNABLE TO DETERMINE","NOT APPLICABLE","5926","S","DR MARTIN LUTHER KING JR DR","232",,,,,,,"3","NO INDICATION OF INJURY","0","0","0","0","0","1","0","3","1","3","41.7866939091","-87.6159289888","POINT (-87.61592898878 41.786693909117)"
"aa120a3671b985ec489f469446adb70296d0dccd0429c1ff396f9a59ee5efcf104e65de60a3a7123226f575890243d40f192a83e85f94043157e271001be93cf",,"2026-03-08T03:30:00.000","30","TRAFFIC SIGNAL","FUNCTIONING PROPERLY","CLEAR","DAWN","REAR END","DIVIDED - W/MEDIAN BARRIER",,"STRAIGHT AND LEVEL","DRY","NO DEFECTS",,"NO INJURY / DRIVE AWAY",,,"Y","OVER $1,500","2026-03-08T12:00:00.000","FAILING TO REDUCE SPEED TO AVOID CRASH","FOLLOWING TOO CLOSELY","100","S","LAKE SHORE DR SB","114",,,,,,,"2","NO INDICATION OF INJURY","0","0","0","0","0","3","0","3","1","3","41.8808560477","-87.6176358918","POINT (-87.617635891755 41.880856047671)"
"ad2b8d9979650af19a521b5e293b7116a44667a455f290b88dfa55ea5b9fdd89ab3d5eb6825c384defb3d7e2b76d6312699ac030d7de97cec7bc5c81e6376531",,"2026-03-08T03:30:00.000","25","NO CONTROLS","NO CONTROLS","CLEAR","DARKNESS, LIGHTED ROAD","PARKED MOTOR VEHICLE","NOT DIVIDED",,"STRAIGHT AND LEVEL","DRY","NO DEFECTS","ON SCENE","INJURY AND / OR TOW DUE TO CRASH",,,"N","OVER $1,500","2026-03-08T03:31:00.000","UNABLE TO DETERMINE","UNABLE TO DETERMINE","633","W","FULLERTON PKWY","1812",,,,,,,"2","NO INDICATION OF INJURY","0","0","0","0","0","5","0","3","1","3","41.9254015159","-87.6452406243","POINT (-87.645240624322 41.925401515907)"
"b5f93e7276a37abb9b7984db99dc50287f9eff393736ed16a70eb55edd061e660904a33fcaf9e72aacf55e7821f48b54654c8334bff3e8f3b698ca9dcc31f90b",,"2026-03-08T03:26:00.000","30","NO CONTROLS","NO CONTROLS","CLEAR","DARKNESS, LIGHTED ROAD","PARKED MOTOR VEHICLE","NOT DIVIDED",,"STRAIGHT AND LEVEL","DRY","NO DEFECTS","ON SCENE","INJURY AND / OR TOW DUE TO CRASH",,,"Y","OVER $1,500","2026-03-08T03:45:00.000","UNABLE TO DETERMINE","NOT APPLICABLE","4451","N","CLARENDON AVE","1914",,,,,,,"3","NO INDICATION OF INJURY","0","0","0","0","0","1","0","3","1","3","41.9633022515","-87.6498071817","POINT (-87.649807181694 41.963302251499)"
"dde0eaeb7a1e9f082342521f1d7836f984d5371304455f4988bcea9de0bd5bd41803071c66f5772bd441f9010906a8d45101a5398eca7506700afadf30d07774",,"2026-03-08T03:25:00.000","30","TRAFFIC SIGNAL","FUNCTIONING PROPERLY","CLEAR","DARKNESS, LIGHTED ROAD","TURNING","NOT DIVIDED",,"STRAIGHT AND LEVEL","DRY","UNKNOWN","ON SCENE","NO INJURY / DRIVE AWAY",,,"Y","$501 - $1,500","2026-03-08T03:27:00.000","IMPROPER TURNING/NO SIGNAL","NOT APPLICABLE","5100","S","PULASKI RD","815",,,,,,,"2","NO INDICATION OF INJURY","0","0","0","0","0","2","0","3","1","3","41.8005277021","-87.7235192748","POINT (-87.723519274799 41.80052770213)"
"072bc4119c9e6b5356ceb3583c6c428e12120d7ef9beedb27d7487f4dd259752dd429c2b3bd538b27dd87f4d3c6a3b15ffc292fa475b95103848ef2857ed6798",,"2026-03-08T03:18:00.000","30","NO CONTROLS","NO CONTROLS","CLEAR","DARKNESS, LIGHTED ROAD","SIDESWIPE SAME DIRECTION","DIVIDED - W/MEDIAN (NOT RAISED)",,"STRAIGHT AND LEVEL","DRY","NO DEFECTS","NOT ON SCENE (DESK REPORT)","NO INJURY / DRIVE AWAY",,,"Y","$501 - $1,500","2026-03-08T04:00:00.000","IMPROPER OVERTAKING/PASSING","NOT APPLICABLE","3701","W","BELMONT AVE","2523",,,,,,,"2","NO INDICATION OF INJURY","0","0","0","0","0","2","0","3","1","3","41.9390771998","-87.7197642249","POINT (-87.719764224877 41.939077199783)"
"0f3fad90e8c5b44ac971f8cf5902ea6620cc387e2367f4b8ae655ef33441943d0993bceb20b89ed129615442b100db05e979e68aada2dec8a758dfc5e8da3dc5",,"2026-03-08T03:15:00.000","30","NO CONTROLS","NO CONTROLS","CLEAR","DARKNESS, LIGHTED ROAD","ANGLE","ONE-WAY",,"STRAIGHT AND LEVEL","DRY","NO DEFECTS","NOT ON SCENE (DESK REPORT)","INJURY AND / OR TOW DUE TO CRASH",,,"Y","OVER $1,500","2026-03-08T13:15:00.000","UNABLE TO DETERMINE","NOT APPLICABLE","3915","W","19TH ST","1014",,,,,,,"2","REPORTED, NOT EVIDENT","1","0","0","0","1","2","0","3","1","3","41.8549031586","-87.7230130952","POINT (-87.723013095178 41.854903158567)"
"ac6bafebd99f33dce499de10a825d3f67a3d5eaa38c3f2238c99bf040a55e2f7eb006f715c57e77e3b23869f27342f815c978ec939d3b5c1796aca84666bf263",,"2026-03-08T03:15:00.000","30","TRAFFIC SIGNAL","FUNCTIONING PROPERLY","CLEAR","DARKNESS, LIGHTED ROAD","TURNING","FOUR WAY",,"STRAIGHT AND LEVEL","DRY","UNKNOWN","ON SCENE","NO INJURY / DRIVE AWAY","Y",,,"OVER $1,500","2026-03-08T03:18:00.000","FAILING TO YIELD RIGHT-OF-WAY","NOT APPLICABLE","2701","S","PULASKI RD","1031",,,,,,,"2","NO INDICATION OF INJURY","0","0","0","0","0","2","0","3","1","3","41.8423184004","-87.7243514603","POINT (-87.724351460299 41.842318400365)"
"f2fb8ace773f766f706113cd51ae28f0ca1d659679b4d79956ce048989a8824109f1e9dd5900769ebf467bbeaa06c1be4e035aca90174d6b6842b0a7b2a2083e",,"2026-03-08T03:15:00.000","30","NO CONTROLS","NO CONTROLS","CLEAR","DARKNESS, LIGHTED ROAD","PARKED MOTOR VEHICLE","DIVIDED - W/MEDIAN (NOT RAISED)",,"STRAIGHT AND LEVEL","DRY","UNKNOWN","NOT ON SCENE (DESK REPORT)","NO INJURY / DRIVE AWAY",,,"Y","OVER $1,500","2026-03-08T05:00:00.000","UNABLE TO DETERMINE","UNABLE TO DETERMINE","3433","W","CERMAK RD","1024",,,,,,,"2","NO INDICATION OF INJURY","0","0","0","0","0","1","0","3","1","3","41.8518324479","-87.7113418284","POINT (-87.711341828422 41.85183244792)"
"20597902163c1609fb1d877861ec6de1a0f0501e9dd5256d9256ed633118c87b990d545f54e85297ec10275b14869d66eaea1bfcfa5a8278a1d804b25271f138",,"2026-03-08T03:05:00.000","10","NO CONTROLS","NO CONTROLS","CLEAR","DARKNESS, LIGHTED ROAD","FIXED OBJECT","ALLEY",,"STRAIGHT AND LEVEL","DRY","RUT, HOLES","ON SCENE","NO INJURY / DRIVE AWAY",,,"Y","$500 OR LESS","2026-03-08T03:05:00.000","OPERATING VEHICLE IN ERRATIC, RECKLESS, CARELESS, NEGLIGENT OR AGGRESSIVE MANNER","UNABLE TO DETERMINE","2340","N","PARKSIDE AVE","2515",,,,,,,"1","NO INDICATION OF INJURY","0","0","0","0","0","1","0","3","1","3","41.9233580646","-87.767331713","POINT (-87.767331713046 41.923358064594)"
"da7fc66f7f474d63feafab862f4a0fecdc90a59e35fe9a951b9f406c82a660b01348c889baf3c8c3b6d4366f01df33dcbb50e5744c233966d8c8a4beb4eab871",,"2026-03-08T03:05:00.000","30","NO CONTROLS","NO CONTROLS","CLEAR","DARKNESS, LIGHTED ROAD","SIDESWIPE OPPOSITE DIRECTION","NOT DIVIDED",,"STRAIGHT AND LEVEL","UNKNOWN","UNKNOWN","ON SCENE","NO INJURY / DRIVE AWAY",,,"Y","$500 OR LESS","2026-03-08T03:05:00.000","OPERATING VEHICLE IN ERRATIC, RECKLESS, CARELESS, NEGLIGENT OR AGGRESSIVE MANNER","NOT APPLICABLE","4129","W","DIVISION ST","1111",,,,,,,"2","NO INDICATION OF INJURY","0","0","0","0","0","2","0","3","1","3","41.9025025712","-87.729926543","POINT (-87.729926543041 41.902502571191)"