"crash_record_id","crash_date_est_i","crash_date","posted_speed_limit","traffic_control_device","device_condition","weather_condition","lighting_condition","first_crash_type","trafficway_type","lane_cnt","alignment","roadway_surface_cond","road_defect","report_type","crash_type","intersection_related_i","private_property_i","hit_and_run_i","damage","date_police_notified","prim_contributory_cause","sec_contributory_cause","street_no","street_direction","street_name","beat_of_occurrence","photos_taken_i","statements_taken_i","dooring_i","work_zone_i","work_zone_type","workers_present_i","num_units","most_severe_injury","injuries_total","injuries_fatal","injuries_incapacitating","injuries_non_incapacitating","injuries_reported_not_evident","injuries_no_indication","injuries_unknown","crash_hour","crash_day_of_week","crash_month","latitude","longitude","location"
"175639fe99bb68a990f9c71bd851b149681b35ace9f11ce1bd9610c93949539cb71b39dbcae4d385a2da9ee95ba5d71821981ba130220dc03ce7dadaf525175a",,"2026-03-08T03:00:00.000","30","NO CONTROLS","NO CONTROLS","CLEAR","DARKNESS, LIGHTED ROAD","PARKED MOTOR VEHICLE","T-INTERSECTION",,"STRAIGHT AND LEVEL","DRY","NO DEFECTS","ON SCENE","INJURY AND / OR TOW DUE TO CRASH",,,"Y","$501 - $1,500","2026-03-08T03:15:00.000","UNABLE TO DETERMINE","NOT APPLICABLE","2028","E","83RD ST","414",,,,,,,"2","NO INDICATION OF INJURY","0","0","0","0","0","1","0","3","1","3","41.7444591811","-87.5746864545","POINT (-87.574686454516 41.744459181087)"
"643657f7260d1dc6bcd882df86af401fc767bba3cd7d021f82087d017834edcda6c9021565022eb22571e4d0987166764aa3def51178629afbf7307a31d15484",,"2026-03-08T03:00:00.000","20","NO CONTROLS","NO CONTROLS","CLEAR","DARKNESS","PARKED MOTOR VEHICLE","DIVIDED - W/MEDIAN (NOT RAISED)",,"STRAIGHT AND LEVEL","DRY","NO DEFECTS","NOT ON SCENE (DESK REPORT)","NO INJURY / DRIVE AWAY",,,,"OVER $1,500","2026-03-08T11:30:00.000","UNABLE TO DETERMINE","UNABLE TO DETERMINE","531","W","91ST ST","2223",,,,,,,"2","NO INDICATION OF INJURY","0","0","0","0","0","1","0","3","1","3","41.7287422242","-87.6372797225","POINT (-87.637279722523 41.728742224231)"
"75773125ae09e8f9bb401c99ae4b494c00fdaf6db27476ff002637802ad5c88012e02d6a3a14011278217c3d4eb78c2b61d1f47d86cc6260d0d3505bcbb7a4ae",,"2026-03-08T03:00:00.000","30","NO CONTROLS","NO CONTROLS","CLEAR","DARKNESS, LIGHTED ROAD","HEAD ON","NOT DIVIDED",,"STRAIGHT AND LEVEL","DRY","NO DEFECTS","ON SCENE","INJURY AND / OR TOW DUE TO CRASH",,,,"OVER $1,500","2026-03-08T03:00:00.000","FAILING TO REDUCE SPEED TO AVOID CRASH","NOT APPLICABLE","3219","W","26TH ST","1032",,,,,,,"2","NO INDICATION OF INJURY","0","0","0","0","0","2","0","3","1","3","41.8443986433","-87.7057135888","POINT (-87.705713588839 41.844398643349)"
"793085ba20e9c12c5c2736c41563dba0451be153be2175391709ffc29a546eb92d61fddbdc4dddd6cd79edfded800d6be6c0939a268d8e43f09f3011bd4f6e29","Y","2026-03-08T03:00:00.000","30","UNKNOWN","UNKNOWN","CLEAR","DARKNESS, LIGHTED ROAD","SIDESWIPE SAME DIRECTION","TRAFFIC ROUTE",,"STRAIGHT AND LEVEL","DRY","UNKNOWN","ON SCENE","INJURY AND / OR TOW DUE TO CRASH",,,"Y","OVER $1,500","2026-03-08T03:36:00.000","DISREGARDING ROAD MARKINGS","NOT APPLICABLE","3801","W","HARRISON ST","1133",,,,,,,"2","NONINCAPACITATING INJURY","1","0","0","1","0","3","0","3","1","3","41.8734046453","-87.7203996283","POINT (-87.720399628297 41.873404645345)"
"43d2fea5f69a2eab7463ef99864eac4e48e8089e37a7bd0e45d48a48f6bee6ba0b3e9f36d7b6e7befcaabfbcd07f723e06851dacd24574e9d286cb94a2324a1f",,"2026-03-08T01:58:00.000","30","TRAFFIC SIGNAL","UNKNOWN","CLEAR","DARKNESS, LIGHTED ROAD","SIDESWIPE SAME DIRECTION","FOUR WAY",,"STRAIGHT AND LEVEL","DRY","UNKNOWN","ON SCENE","NO INJURY / DRIVE AWAY","Y",,"Y","OVER $1,500","2026-03-08T01:58:00.000","UNABLE TO DETERMINE","UNABLE TO DETERMINE","200","W","87TH ST","622",,,,,,,"2","NO INDICATION OF INJURY","0","0","0","0","0","2","0","1","1","3","41.7362616994","-87.6290647164","POINT (-87.629064716425 41.736261699376)"
"d9af651c51bfce94e8c3e4df94bc75aa96d9d6945a99fc78a2bc91b43d77e5da6c5eba2cb232d577dd1ea00017eec52f5f6bfab2f7c739738fa0a1565c08739d",,"2026-03-08T01:43:00.000","30","TRAFFIC SIGNAL","FUNCTIONING PROPERLY","CLEAR","DARKNESS, LIGHTED ROAD","SIDESWIPE SAME DIRECTION","NOT DIVIDED",,"STRAIGHT AND LEVEL","OTHER","UNKNOWN","NOT ON SCENE (DESK REPORT)","NO INJURY / DRIVE AWAY",,,"Y","OVER $1,500","2026-03-08T03:15:00.000","IMPROPER OVERTAKING/PASSING","NOT APPLICABLE","8301","S","LAFAYETTE AVE","622",,,,,,,"2","NO INDICATION OF INJURY","0","0","0","0","0","4","0","1","1","3","41.7435467359","-87.6254801805","POINT (-87.625480180462 41.743546735913)"
"31e1efae597031124b87d3aafcb9e8a6d03f7a8d4d9c1e212fedfe7885b185f1af384f72750885ba2697bfd7ae07c5942fc012ef5ec8fdd788d061fdce9fe54a",,"2026-03-08T01:36:00.000","30","TRAFFIC SIGNAL","FUNCTIONING PROPERLY","CLEAR","DARKNESS, LIGHTED ROAD","TURNING","NOT DIVIDED",,"STRAIGHT AND LEVEL","DRY","NO DEFECTS","NOT ON SCENE (DESK REPORT)","NO INJURY / DRIVE AWAY",,,,"OVER $1,500","2026-03-08T03:23:00.000","IMPROPER OVERTAKING/PASSING","IMPROPER TURNING/NO SIGNAL","4049","S","CALIFORNIA AVE","921","Y","Y",,,,,"2","NO INDICATION OF INJURY","0","0","0","0","0","7","0","1","1","3","41.81945368","-87.6944017448","POINT (-87.694401744802 41.819453680046)"
"66d87d95b17606f790401b689a40ccaebb235b97c73647da297adcc73ffaa65a8f616b04575b3be3954a57df7d7ca96f1c7afb2d8c7ed0cdef4f5335ac0b50c3","N","2026-03-08T01:30:00.000","35","NO CONTROLS","NO CONTROLS","CLEAR","DARKNESS","PARKED MOTOR VEHICLE","DIVIDED - W/MEDIAN (NOT RAISED)",,"STRAIGHT AND LEVEL","DRY","NO DEFECTS","ON SCENE","INJURY AND / OR TOW DUE TO CRASH",,,"Y","$500 OR LESS","2026-03-08T15:39:00.000","UNABLE TO DETERMINE","NOT APPLICABLE","5014","S","DR MARTIN LUTHER KING JR DR","224","Y","Y",,,,,"2","NO INDICATION OF INJURY","0","0","0","0","0","1","0","1","1","3","41.8034911756","-87.6165836754","POINT (-87.616583675373 41.803491175579)"
"89c2c57a1fdc9e6061f198e1c5b7040750796ab0a4de076c6d1fa1aea903de4ce1f093df16c73aceec2a83362f48c9503a069a84968d1a22619f68c6a774ab5e",,"2026-03-08T01:30:00.000","30","TRAFFIC SIGNAL","FUNCTIONING PROPERLY","CLEAR","DARKNESS, LIGHTED ROAD","TURNING","FOUR WAY",,"STRAIGHT AND LEVEL","DRY","NO DEFECTS","NOT ON SCENE (DESK REPORT)","NO INJURY / DRIVE AWAY","Y",,,"OVER $1,500","2026-03-08T11:10:00.000","IMPROPER TURNING/NO SIGNAL","FAILING TO REDUCE SPEED TO AVOID CRASH","4800","W","MADISON ST","1533",,,,,,,"2","NO INDICATION OF INJURY","0","0","0","0","0","2","0","1","1","3","41.8806062243","-87.7454022859","POINT (-87.745402285926 41.880606224313)"
"c698e5aeeff1cca770d36f787e466ce6803db8e49779b597f449230c27972a1ec30fc1cbd45a8236462ce489e759c2713c65514b740666ebfaabd12c28689b5e",,"2026-03-08T01:27:00.000","30","TRAFFIC SIGNAL","FUNCTIONING PROPERLY","CLEAR","DARKNESS","FIXED OBJECT","OTHER",,"STRAIGHT AND LEVEL","DRY","NO DEFECTS","ON SCENE","INJURY AND / OR TOW DUE TO CRASH",,,,"OVER $1,500","2026-03-08T01:27:00.000","PHYSICAL CONDITION OF DRIVER","NOT APPLICABLE","2911","N","CICERO AVE","2521",,,,,,,"1","NO INDICATION OF INJURY","0","0","0","0","0","1","0","1","1","3","41.9336962169","-87.7465318244","POINT (-87.746531824357 41.933696216876)"
"072cb2654b23608968463dc7c9bca4440c7da5c605015b17816c4f0390c0d010a0460907f5cb9b34af964e8e355fad011cf2ca366c1f48dfbc62a516b3eb5cbe",,"2026-03-08T01:25:00.000","30","STOP SIGN/FLASHER","NO CONTROLS","CLEAR","DARKNESS, LIGHTED ROAD","ANGLE","FOUR WAY",,"STRAIGHT AND LEVEL","DRY","NO DEFECTS","ON SCENE","INJURY AND / OR TOW DUE TO CRASH","Y",,,"OVER $1,500","2026-03-08T01:35:00.000","UNABLE TO DETERMINE","UNABLE TO DETERMINE","6201","W","BRYN MAWR AVE","1622",,,,,,,"2","NO INDICATION OF INJURY","0","0","0","0","0","4","0","1","1","3","41.9828041321","-87.7836322392","POINT (-87.783632239163 41.982804132116)"
"04030336dfd6dee89baf720cd2602bbc88141ab9d4a25def0a1692aea4e24d429deb045d40fc2b7208f8cf75feb64e7c8f614d6104bad3bd71547ebdb3cdcd97",,"2026-03-08T01:10:00.000","30","TRAFFIC SIGNAL","FUNCTIONING PROPERLY","CLEAR","DARKNESS, LIGHTED ROAD","ANGLE","FOUR WAY",,"STRAIGHT ON GRADE","DRY","UNKNOWN","ON SCENE","INJURY AND / OR TOW DUE TO CRASH","Y",,,"OVER $1,500","2026-03-08T01:20:00.000","FAILING TO YIELD RIGHT-OF-WAY","NOT APPLICABLE","5459","S","WELLS ST","935",,,,,,,"2","NO INDICATION OF INJURY","0","0","0","0","0","4","0","1","1","3","41.7945610058","-87.6316351113","POINT (-87.631635111252 41.794561005835)"
"b83f1892cd1e8ba824f11436f06cdf4cc952393cf96fd4e5c1a6e741874f1118002339f350e8db483157bb07460290779f795392a508c8631b55f6aa81b42445",,"2026-03-08T01:00:00.000","35","NO CONTROLS","NO CONTROLS","CLEAR","DARKNESS, LIGHTED ROAD","FIXED OBJECT","DIVIDED - W/MEDIAN BARRIER",,"STRAIGHT ON GRADE","DRY","DEBRIS ON ROADWAY","NOT ON SCENE (DESK REPORT)","NO INJURY / DRIVE AWAY",,,,"OVER $1,500","2026-03-08T01:40:00.000","UNABLE TO DETERMINE","UNABLE TO DETERMINE","2245","W","87TH ST","2221",,,,,,,"1","NO INDICATION OF INJURY","0","0","0","0","0","1","0","1","1","3","41.7354600264","-87.6795697273","POINT (-87.679569727298 41.735460026414)"
"dd66ce7ca742f810e866607e74dc275d2c79dd4b808c5082056d266f22d62d59f6659d13832b4041940ad30612223abd8a94c567ed07ecb5920e8932a0f6451a","Y","2026-03-08T01:00:00.000","20","TRAFFIC SIGNAL","FUNCTIONING PROPERLY","CLEAR","DARKNESS, LIGHTED ROAD","SIDESWIPE SAME DIRECTION","DIVIDED - W/MEDIAN (NOT RAISED)",,"STRAIGHT AND LEVEL","DRY","NO DEFECTS","NOT ON SCENE (DESK REPORT)","NO INJURY / DRIVE AWAY",,,,"OVER $1,500","2026-03-08T12:00:00.000","UNABLE TO DETERMINE","UNABLE TO DETERMINE","1650","W","DIVISION ST","1424",,,,,,,"2","NO INDICATION OF INJURY","0","0","0","0","0","2","0","1","1","3","41.9034232437","-87.6694734157","POINT (-87.669473415696 41.903423243723)"
"0024505cb0fa2c1d5d865178aa2390501c1aa331af544b8ad12e4a68dce1fd7de0e4fdb781ec5df50e3ba1fad679c7cf1ad8c00694670cdef5ebc8529b9c04fc",,"2026-03-08T00:40:00.000","30","STOP SIGN/FLASHER","FUNCTIONING PROPERLY","CLEAR","DARKNESS, LIGHTED ROAD","REAR END","NOT DIVIDED",,"STRAIGHT AND LEVEL","DRY","NO DEFECTS","NOT ON SCENE (DESK REPORT)","NO INJURY / DRIVE AWAY",,,"Y","OVER $1,500","2026-03-08T01:30:00.000","UNABLE TO DETERMINE","NOT APPLICABLE","911","W","LAKE ST","1224",,,,,,,"2","NO INDICATION OF INJURY","0","0","0","0","0","3","0","0","1","3","41.8855081087","-87.6502998584","POINT (-87.650299858354 41.885508108661)"
"12833b877bcbb0bbbf00232fb23e6afb7a6f449d9367d50b8ef0cbe908af348102122a9f4cca6608cb010baeb24665251063d98d094ef304d2e037067270a1d8",,"2026-03-08T00:30:00.000","30","TRAFFIC SIGNAL","FUNCTIONING PROPERLY","CLEAR","DARKNESS, LIGHTED ROAD","TURNING","FOUR WAY",,"STRAIGHT AND LEVEL","DRY","NO DEFECTS","NOT ON SCENE (DESK REPORT)","NO INJURY / DRIVE AWAY","Y",,,"$501 - $1,500","2026-03-08T00:55:00.000","UNABLE TO DETERMINE","UNABLE TO DETERMINE","12702","S","HALSTED ST","523",,,,,,,"2","NO INDICATION OF INJURY","0","0","0","0","0","2","0","0","1","3","41.6631183086","-87.6415631306","POINT (-87.641563130568 41.663118308643)"
"13ef2f3347accd1f02aaa00cf892cfc5b973c9ba248731b86af8aff4eaeedd6d7aa28bd4f0c780610cbe17c29ecf2a29b93dd5de064c2e32dde84624a6eb9720","Y","2026-03-08T00:30:00.000","25","NO CONTROLS","NO CONTROLS","UNKNOWN","UNKNOWN","SIDESWIPE SAME DIRECTION","NOT DIVIDED",,"STRAIGHT AND LEVEL","UNKNOWN","UNKNOWN","NOT ON SCENE (DESK REPORT)","NO INJURY / DRIVE AWAY",,,"Y","OVER $1,500","2026-03-08T13:30:00.000","UNABLE TO DETERMINE","UNABLE TO DETERMINE","1755","W","DIVISION ST","1213",,,,,,,"2","NO INDICATION OF INJURY","0","0","0","0","0","2","0","0","1","3","41.9031624786","-87.6720650446","POINT (-87.672065044568 41.903162478576)"
"0b9f11c2a3d5c1c7aaba1d772f2b019994c253f7a69b5b3b09686f2cbc4d81effe9a5a73824ce33e46b2f668931384347a331872183ad801694dfe20597c21f6",,"2026-03-08T00:21:00.000","30","NO CONTROLS","NO CONTROLS","CLEAR","DARKNESS, LIGHTED ROAD","FIXED OBJECT","DIVIDED - W/MEDIAN BARRIER",,"STRAIGHT AND LEVEL","DRY","NO DEFECTS","ON SCENE","INJURY AND / OR TOW DUE TO CRASH",,,,"OVER $1,500","2026-03-08T00:22:00.000","DRIVING SKILLS/KNOWLEDGE/EXPERIENCE","NOT APPLICABLE","2139","W","87TH ST","2221",,,,,,,"1","NONINCAPACITATING INJURY","1","0","0","1","0","0","0","0","1","3","41.7354854915","-87.6775049491","POINT (-87.677504949086 41.73548549148)"
"95cd413083ac749ac38f4c8d1b096395a5fd70aff38d5c2036d277576008209cbd15fe04cca7dcd4d444ef862e8bc7e2473bf8130fd2af17d21c7a6c1c5d7d60",,"2026-03-07T23:50:00.000","30","NO CONTROLS","NO CONTROLS","CLEAR","DARKNESS","SIDESWIPE SAME DIRECTION","FOUR WAY",,"STRAIGHT AND LEVEL","DRY","NO DEFECTS","NOT ON SCENE (DESK REPORT)","NO INJURY / DRIVE AWAY","Y",,,"OVER $1,500","2026-03-08T01:00:00.000","UNABLE TO DETERMINE","NOT APPLICABLE","5146","W","ROOSEVELT RD","1533",,,,,,,"2","NO INDICATION OF INJURY","0","0","0","0","0","2","0","23","7","3","41.8658708008","-87.7538938341","POINT (-87.753893834149 41.865870800846)"
"d26b193bf3abe2eeb5af151e98a72a26b2a5fb95b04aa0969142c1e8b921acae279d741e6ccbc664a2dd9a774cac824759d3231946cb4d9ef1cfdb60c25d38c8","Y","2026-03-07T23:49:00.000","30","NO CONTROLS","NO CONTROLS","CLEAR","DARKNESS, LIGHTED ROAD","SIDESWIPE OPPOSITE DIRECTION","NOT DIVIDED",,"STRAIGHT AND LEVEL","DRY","NO DEFECTS","ON SCENE","INJURY AND / OR TOW DUE TO CRASH",,,,"OVER $1,500","2026-03-07T23:55:00.000","DRIVING ON WRONG SIDE/WRONG WAY","FAILING TO REDUCE SPEED TO AVOID CRASH","220","N","ABERDEEN ST","1214",,,,,,,"2","NO INDICATION OF INJURY","0","0","0","0","0","4","0","23","7","3","41.8862487098","-87.6546390589","POINT (-87.654639058878 41.886248709847)"
"7e66b2f2f705e16931955a770ef2e8a11af8f0c7d314132342ce1782170320d2ac3a7861d4045a5067c3723b283da76924e400c4a5b3b421baf26dda703e348e",,"2026-03-07T23:45:00.000","30","TRAFFIC SIGNAL","FUNCTIONING PROPERLY","CLEAR","DARKNESS, LIGHTED ROAD","REAR END","NOT DIVIDED",,"STRAIGHT AND LEVEL","DRY","NO DEFECTS","ON SCENE","NO INJURY / DRIVE AWAY","Y",,"Y","$501 - $1,500","2026-03-08T00:16:00.000","UNABLE TO DETERMINE","NOT APPLICABLE","3200","N","MILWAUKEE AVE","1732",,,,,,,"2","NO INDICATION OF INJURY","0","0","0","0","0","2","0","23","7","3","41.9390862529","-87.7240729962","POINT (-87.724072996185 41.939086252865)"
"8e2334bc3488bdd1fcab4b059d4e3cf2edbfbab7d890f43a5e6fdf50068471afb272ceb49fd9afcf64391dfad65c452f408f2761874790ed17502783ce1b53eb",,"2026-03-07T23:35:00.000","30","NO CONTROLS","NO CONTROLS","CLEAR","DARKNESS, LIGHTED ROAD","PARKED MOTOR VEHICLE","NOT DIVIDED",,"STRAIGHT AND LEVEL","DRY","UNKNOWN","ON SCENE","INJURY AND / OR TOW DUE TO CRASH",,,,"OVER $1,500","2026-03-07T23:35:00.000","EQUIPMENT - VEHICLE CONDITION","NOT APPLICABLE","3641","W","55TH ST","822",,,,,,,"3","NO INDICATION OF INJURY","0","0","0","0","0","1","0","23","7","3","41.7932120245","-87.7153299613","POINT (-87.715329961269 41.793212024499)"
"e27fa45829d4b6f049528b11acda2dd5f021504d181872263a8ae355180024952ac809479583bac86b65eeeff7183af0f4db393033dd535d762057961bfbe9e3",,"2026-03-07T23:33:00.000","30","OTHER","OTHER","CLEAR","DARKNESS, LIGHTED ROAD","SIDESWIPE SAME DIRECTION","OTHER",,"STRAIGHT AND LEVEL","DRY","NO DEFECTS","ON SCENE","NO INJURY / DRIVE AWAY",,"Y",,"OVER $1,500","2026-03-07T23:37:00.000","UNDER THE INFLUENCE OF ALCOHOL/DRUGS (USE WHEN ARREST IS EFFECTED)","NOT APPLICABLE","4601","W","DIVERSEY AVE","2521",,,,,,,"3","NO INDICATION OF INJURY","0","0","0","0","0","6","0","23","7","3","41.9314835918","-87.7419918714","POINT (-87.741991871441 41.931483591782)"
"bf3a5aa2644531e544574f69e4e67148dbdd76eafb09b4cdb128f3c52403cfc845354f86b4da77ef20074c894cc003a0f6f90e154c47ce3e39c1f979bb5a602c",,"2026-03-07T23:30:00.000","30","TRAFFIC SIGNAL","FUNCTIONING PROPERLY","CLEAR","DARKNESS, LIGHTED ROAD","REAR END","NOT DIVIDED",,"STRAIGHT AND LEVEL","DRY","NO DEFECTS","NOT ON SCENE (DESK REPORT)","NO INJURY / DRIVE AWAY",,,"Y","OVER $1,500","2026-03-09T01:00:00.000","UNABLE TO DETERMINE","NOT APPLICABLE","9500","S","STONY ISLAND AVE","511",,,,,,,"2","NO INDICATION OF INJURY","0","0","0","0","0","3","0","23","7","3","41.722257273","-87.5852755651","POINT (-87.585275565077 41.722257273006)"
"191fbfc832f5e19f4bafd0a119564bc9d2cda386648426f0660cf64ec506a26cb2219093095e7a4e4ee09fafced37bdf8f38c0600b4e1f99a91dc9c47db5432d",,"2026-03-07T23:25:00.000","30","NO CONTROLS","NO CONTROLS","CLEAR","DARKNESS, LIGHTED ROAD","SIDESWIPE OPPOSITE DIRECTION","ONE-WAY",,"STRAIGHT AND LEVEL","DRY","NO DEFECTS","ON SCENE","INJURY AND / OR TOW DUE TO CRASH",,,,"OVER $1,500","2026-03-07T23:35:00.000","OPERATING VEHICLE IN ERRATIC, RECKLESS, CARELESS, NEGLIGENT OR AGGRESSIVE MANNER","OPERATING VEHICLE IN ERRATIC, RECKLESS, CARELESS, NEGLIGENT OR AGGRESSIVE MANNER","2204","S","HAMLIN AVE","1013",,,,,,,"4","NONINCAPACITATING INJURY","1","0","0","1","0","2","0","23","7","3","41.8513944569","-87.7200143697","POINT (-87.720014369683 41.851394456919)"
"1f50f1c19313eeed4ff81a6f3e1d8d919b068e425917221ef590815ca864ccac7c7ec3552800ed2ff63b80de8dcc3435697ae2152757337a7b518cabfcb4f390",,"2026-03-07T23:20:00.000","30","TRAFFIC SIGNAL","UNKNOWN","CLEAR","DARKNESS, LIGHTED ROAD","TURNING","DIVIDED - W/MEDIAN (NOT RAISED)",,"STRAIGHT AND LEVEL","DRY","UNKNOWN","NOT ON SCENE (DESK REPORT)","NO INJURY / DRIVE AWAY",,,,"OVER $1,500","2026-03-08T17:30:00.000","IMPROPER OVERTAKING/PASSING","NOT APPLICABLE","2404","N","WESTERN AVE","1431",,,,,,,"2","NO INDICATION OF INJURY","0","0","0","0","0","4","0","23","7","3","41.9250737904","-87.6877953518","POINT (-87.687795351766 41.925073790423)"
"99d3e0889b891f1dfb8eaab4fa0a79916c7431f7eeae1ba760b1f868c0f7e8a48905c037ffc6d2c6c9a4eaa150df28d895fc3a3c7c7a4c4f54ca3099d3f58348",,"2026-03-07T23:20:00.000","25","NO CONTROLS","NO CONTROLS","CLEAR","DARKNESS, LIGHTED ROAD","PARKED MOTOR VEHICLE","NOT DIVIDED",,"STRAIGHT AND LEVEL","DRY","NO DEFECTS","ON SCENE","INJURY AND / OR TOW DUE TO CRASH",,,,"OVER $1,500","2026-03-07T23:23:00.000","DRIVING SKILLS/KNOWLEDGE/EXPERIENCE","DRIVING SKILLS/KNOWLEDGE/EXPERIENCE","1914","W","WABANSIA AVE","1434",,,,,,,"2","NO INDICATION OF INJURY","0","0","0","0","0","1","0","23","7","3","41.9124449983","-87.6757255258","POINT (-87.675725525788 41.912444998267)"
"70ace4fb9aad0c0c9f184efd0ef12b5abd7b34004be97cd290c22a03828797756d12a0ba40681fad7373dcb2c6888ae745ff405a1c7aed7efbb32792aaf725b5","Y","2026-03-07T23:18:00.000","30","STOP SIGN/FLASHER","FUNCTIONING PROPERLY","CLEAR","DARKNESS, LIGHTED ROAD","ANGLE","FOUR WAY",,"STRAIGHT AND LEVEL","UNKNOWN","UNKNOWN","ON SCENE","INJURY AND / OR TOW DUE TO CRASH","Y",,,"OVER $1,500","2026-03-07T23:19:00.000","UNABLE TO DETERMINE","UNABLE TO DETERMINE","4700","S","CALIFORNIA AVE","922",,,,,,,"2","NO INDICATION OF INJURY","0","0","0","0","0","4","0","23","7","3","41.8082170512","-87.6943500349","POINT (-87.694350034906 41.808217051245)"
"b2371c769885f24d9d44e2cf241742a7304838583c4dbb7d7a703f1e5e2dbe245fb30e42c6e3b9896a9248105155f2a1ef8980b1c75747088913104b58889344",,"2026-03-07T23:10:00.000","30","TRAFFIC SIGNAL","UNKNOWN","CLEAR","DARKNESS","PEDESTRIAN","T-INTERSECTION",,"STRAIGHT AND LEVEL","DRY","NO DEFECTS","NOT ON SCENE (DESK REPORT)","INJURY AND / OR TOW DUE TO CRASH",,,"Y","OVER $1,500","2026-03-08T13:30:00.000","FAILING TO YIELD RIGHT-OF-WAY","FAILING TO YIELD RIGHT-OF-WAY","2354","N","LINCOLN PARK WEST","1814",,,,,,,"2","NONINCAPACITATING INJURY","1","0","0","1","0","1","0","23","7","3","41.925449251","-87.6367101836","POINT (-87.636710183627 41.925449250964)"
"6158cb580046cc0481af890101fb55fcd8a7c2a94aa96bfb377db3151129e33bcbb26ec01a19e6a9f888debdc1942bcc8786c4640685bb7a3e04c2a04823909f","Y","2026-03-07T23:00:00.000","30","NO CONTROLS","NO CONTROLS","CLEAR","DARKNESS, LIGHTED ROAD","PARKED MOTOR VEHICLE","NOT DIVIDED",,"STRAIGHT AND LEVEL","DRY","NO DEFECTS","ON SCENE","NO INJURY / DRIVE AWAY",,,"Y","OVER $1,500","2026-03-08T00:10:00.000","UNABLE TO DETERMINE","UNABLE TO DETERMINE","4156","S","WASHTENAW AVE","921",,,,,,,"2","NO INDICATION OF INJURY","0","0","0","0","0","1","0","23","7","3","41.8176089253","-87.692186642","POINT (-87.692186641987 41.817608925257)"
"3c6c73d658d629f76a21be7e11bb01e17db3cd2a3f9621955a8cf4406f0ef616f7b10cc862587008852e8c1ae85ab70a5a665ab805c86216b8aa4715a3f6e9b7",,"2026-03-07T22:52:00.000","20","TRAFFIC SIGNAL","FUNCTIONING PROPERLY","CLEAR","DARKNESS, LIGHTED ROAD","PEDESTRIAN","NOT DIVIDED",,"STRAIGHT AND LEVEL","DRY","NO DEFECTS","ON SCENE","INJURY AND / OR TOW DUE TO CRASH",,,,"$500 OR LESS","2026-03-07T22:52:00.000","UNABLE TO DETERMINE","NOT APPLICABLE","4700","W","BELMONT AVE","1731",,,,,,,"2","INCAPACITATING INJURY","1","0","1","0","0","2","0","22","7","3","41.9389779582","-87.7439264445","POINT (-87.743926444547 41.938977958246)"
"33349edc71a713faa93ed8637424093fc5972a036a420505d3d73e75403d3f42eaedcec63783049e8d85592b6553dd42e36a4f9708a7d3ee2825b9fb6d76d922",,"2026-03-07T22:40:00.000","30","UNKNOWN","UNKNOWN","UNKNOWN","UNKNOWN","REAR END","NOT DIVIDED",,"STRAIGHT AND LEVEL","UNKNOWN","UNKNOWN","NOT ON SCENE (DESK REPORT)","NO INJURY / DRIVE AWAY",,,,"OVER $1,500","2026-03-07T23:20:00.000","NOT APPLICABLE","NOT APPLICABLE","3600","N","CLARK ST","1923",,,,,,,"2","NO INDICATION OF INJURY","0","0","0","0","0","2","0","22","7","3","41.9472022255","-87.6566877556","POINT (-87.656687755593 41.947202225469)"
"3a3f31aae09676f885f92fba29a25d9e91e769b2035a0747e42ff5e5d3e09cc402900afb6c6182ba649f0c8e96ce11897ae69e0aedb5921c8f336e0ef6f8a276",,"2026-03-07T22:31:00.000","30","TRAFFIC SIGNAL","FUNCTIONING PROPERLY","CLEAR","DARKNESS, LIGHTED ROAD","TURNING","NOT DIVIDED",,"STRAIGHT AND LEVEL","DRY","NO DEFECTS","ON SCENE","NO INJURY / DRIVE AWAY","Y",,,"OVER $1,500","2026-03-07T22:31:00.000","FOLLOWING TOO CLOSELY","NOT APPLICABLE","4157","N","PULASKI RD","1723",,,,,,,"2","NO INDICATION OF INJURY","0","0","0","0","0","4","0","22","7","3","41.9571549753","-87.7275720157","POINT (-87.727572015725 41.957154975327)"
"e1512a74f09872687e049a5b0056b585103a8ce8cfcbcf2335c11c88610edc1468475d8c5d5ce2857e2a1437824270d6a4a7f33ba4f7d53af333b9d36f2916fa",,"2026-03-07T22:31:00.000","30","NO CONTROLS","NO CONTROLS","CLEAR","DARKNESS, LIGHTED ROAD","PARKED MOTOR VEHICLE","FOUR WAY",,"STRAIGHT AND LEVEL","DRY","NO DEFECTS","ON SCENE","INJURY AND / OR TOW DUE TO CRASH",,,"Y","OVER $1,500","2026-03-07T23:45:00.000","UNABLE TO DETERMINE","NOT APPLICABLE","8700","S","BALTIMORE AVE","424",,,,,,,"2","NO INDICATION OF INJURY","0","0","0","0","0","1","0","22","7","3","41.7373227754","-87.5488282187","POINT (-87.548828218725 41.737322775367)"