"crash_record_id","crash_date_est_i","crash_date","posted_speed_limit","traffic_control_device","device_condition","weather_condition","lighting_condition","first_crash_type","trafficway_type","lane_cnt","alignment","roadway_surface_cond","road_defect","report_type","crash_type","intersection_related_i","private_property_i","hit_and_run_i","damage","date_police_notified","prim_contributory_cause","sec_contributory_cause","street_no","street_direction","street_name","beat_of_occurrence","photos_taken_i","statements_taken_i","dooring_i","work_zone_i","work_zone_type","workers_present_i","num_units","most_severe_injury","injuries_total","injuries_fatal","injuries_incapacitating","injuries_non_incapacitating","injuries_reported_not_evident","injuries_no_indication","injuries_unknown","crash_hour","crash_day_of_week","crash_month","latitude","longitude","location"
"44c672d78632c08e258ddb3f871595294732690e3465a66355438aa4a28b24aa86c26a7f06225996c8d5915d18d5905d8bb05a4e297c41498078f4fec7974bcd",,"2026-03-07T22:30:00.000","10","NO CONTROLS","NO CONTROLS","CLEAR","DARKNESS, LIGHTED ROAD","PARKED MOTOR VEHICLE","PARKING LOT",,"STRAIGHT AND LEVEL","DRY","NO DEFECTS","NOT ON SCENE (DESK REPORT)","NO INJURY / DRIVE AWAY",,,,"OVER $1,500","2026-03-07T23:15:00.000","FAILING TO REDUCE SPEED TO AVOID CRASH","NOT APPLICABLE","17","E","ADAMS ST","113",,,,,,,"2","NO INDICATION OF INJURY","0","0","0","0","0","1","0","22","7","3","41.879387334","-87.6270636524","POINT (-87.627063652354 41.87938733398)"
"e7337c7cebcf206cce74d4cd94096535d4beaad208d5d85657697826568c843327edca3c1682bff3b7a02c9fae0dbfa1b68ccd8724b06c1040aa259a639f22e0","Y","2026-03-07T22:20:00.000","45","NO CONTROLS","UNKNOWN","CLEAR","DARKNESS, LIGHTED ROAD","OTHER OBJECT","DIVIDED - W/MEDIAN BARRIER",,"STRAIGHT AND LEVEL","DRY","NO DEFECTS","ON SCENE","INJURY AND / OR TOW DUE TO CRASH",,,,"OVER $1,500","2026-03-07T22:21:00.000","UNABLE TO DETERMINE","NOT APPLICABLE","5698","S","LAKE SHORE DR SB","331",,,,,,,"1","NO INDICATION OF INJURY","0","0","0","0","0","1","0","22","7","3","41.7915339165","-87.5802087355","POINT (-87.580208735455 41.791533916538)"
"3a134223aad489e779ab6a12fed77ae281f63742212fd6fdd120bb262f84d5889c7fc8423db0b456490b6c296da42a4fa48f7abe5950b0d10b8e84472d800426",,"2026-03-07T22:10:00.000","30","FLASHING CONTROL SIGNAL","FUNCTIONING PROPERLY","CLEAR","DARKNESS, LIGHTED ROAD","FIXED OBJECT","DIVIDED - W/MEDIAN (NOT RAISED)",,"STRAIGHT AND LEVEL","DRY","UNKNOWN","ON SCENE","INJURY AND / OR TOW DUE TO CRASH",,,,"OVER $1,500","2026-03-07T22:10:00.000","UNABLE TO DETERMINE","UNABLE TO DETERMINE","368","N","PULASKI RD","1114","Y","Y",,,,,"1","NO INDICATION OF INJURY","0","0","0","0","0","1","0","22","7","3","41.8874381863","-87.726006166","POINT (-87.726006166001 41.887438186272)"
"e412b1d7352d374c3b9f972b0312291c9b9ee7cf88601127588fd984a6879f2c0c80f6a17434a06fd6d400e8795a04fc7040ff110446e5827162c2a13fa0416f",,"2026-03-07T22:10:00.000","25","NO CONTROLS","NO CONTROLS","CLEAR","DARKNESS, LIGHTED ROAD","PARKED MOTOR VEHICLE","ONE-WAY",,"STRAIGHT AND LEVEL","DRY","NO DEFECTS","ON SCENE","NO INJURY / DRIVE AWAY",,,"Y","OVER $1,500","2026-03-07T22:15:00.000","UNABLE TO DETERMINE","UNABLE TO DETERMINE","913","W","GARFIELD BLVD","712",,,,,,,"2","NO INDICATION OF INJURY","0","0","0","0","0","1","0","22","7","3","41.7937825081","-87.6481861457","POINT (-87.648186145729 41.793782508052)"
"775e1426ec6198ceed29f671fe7f18e84f11b4b072d8edf3a0665266c9f97a7de055fd7c506ed3e586f005dc4ab931ef0c3f155aa6f5bbc793e079b5b6916439",,"2026-03-07T22:05:00.000","30","TRAFFIC SIGNAL","FUNCTIONING PROPERLY","RAIN","DARKNESS","REAR END","NOT DIVIDED",,"STRAIGHT AND LEVEL","DRY","NO DEFECTS","ON SCENE","NO INJURY / DRIVE AWAY",,,,"OVER $1,500","2026-03-07T22:08:00.000","UNABLE TO DETERMINE","UNABLE TO DETERMINE","2014","W","DIVISION ST","1424",,,,,,,"2","NO INDICATION OF INJURY","0","0","0","0","0","2","0","22","7","3","41.9032891416","-87.6779140956","POINT (-87.67791409557 41.903289141647)"
"55972670adee7f8e7b361aaeec3b88b0fb46a30833b0abdfc7c383dfa18767f0f64197e2774cc9a00156a09f382531ae8c37e3cf8c1f6bcdb32e86b1bd0bef55",,"2026-03-07T22:00:00.000","30","TRAFFIC SIGNAL","FUNCTIONING PROPERLY","CLEAR","DARKNESS, LIGHTED ROAD","ANGLE","FOUR WAY",,"STRAIGHT AND LEVEL","DRY","NO DEFECTS","ON SCENE","INJURY AND / OR TOW DUE TO CRASH","Y",,"Y","OVER $1,500","2026-03-07T22:00:00.000","FAILING TO YIELD RIGHT-OF-WAY","OPERATING VEHICLE IN ERRATIC, RECKLESS, CARELESS, NEGLIGENT OR AGGRESSIVE MANNER","35","N","CALIFORNIA AVE","1222",,,,,,,"2","REPORTED, NOT EVIDENT","2","0","0","0","2","1","0","22","7","3","41.8820409248","-87.6961640805","POINT (-87.696164080548 41.882040924803)"
"5830558ad644127fde67554144f6ecbfdcd3ff8519bb435316c65dfa73de23ef04b2b7ea5866d167be8c64c608a97cbfac987c00ac6179545990141bf22476ee",,"2026-03-07T22:00:00.000","30","NO CONTROLS","NO CONTROLS","CLEAR","DARKNESS, LIGHTED ROAD","REAR END","NOT DIVIDED",,"STRAIGHT AND LEVEL","UNKNOWN","UNKNOWN","NOT ON SCENE (DESK REPORT)","NO INJURY / DRIVE AWAY",,,"Y","OVER $1,500","2026-03-07T23:00:00.000","FAILING TO REDUCE SPEED TO AVOID CRASH","NOT APPLICABLE","1116","W","79TH ST","612",,,,,,,"3","NO INDICATION OF INJURY","0","0","0","0","0","3","0","22","7","3","41.7506311774","-87.6520499296","POINT (-87.652049929551 41.750631177445)"
"c593a84cc96508af3fb9764c7ee09331e1950268789a401f939fc88b9d41a534ac9986402e874b2132864143c10d3a49b0719c40d57672fd35964ead25007c3c","Y","2026-03-07T22:00:00.000","30","NO CONTROLS","NO CONTROLS","CLEAR","DARKNESS, LIGHTED ROAD","PARKED MOTOR VEHICLE","ONE-WAY",,"STRAIGHT AND LEVEL","UNKNOWN","UNKNOWN","NOT ON SCENE (DESK REPORT)","NO INJURY / DRIVE AWAY",,,"Y","OVER $1,500","2026-03-08T11:10:00.000","UNABLE TO DETERMINE","UNABLE TO DETERMINE","2143","S","HARDING AVE","1014",,,,,,,"2","NO INDICATION OF INJURY","0","0","0","0","0","1","0","22","7","3","41.8520315149","-87.7233627022","POINT (-87.723362702192 41.852031514946)"
"d8a09a3b04f3b04ee72845afacb992e6bf0002ca36f39fa88ed2ab9454ffc3d3ecde1606cb76fafeb2343e7752efe29dace6cb53fbe25135921cbccfba67363d",,"2026-03-07T21:43:00.000","30","TRAFFIC SIGNAL","FUNCTIONING PROPERLY","CLEAR","DARKNESS, LIGHTED ROAD","SIDESWIPE SAME DIRECTION","DIVIDED - W/MEDIAN (NOT RAISED)",,"STRAIGHT AND LEVEL","DRY","NO DEFECTS","NOT ON SCENE (DESK REPORT)","NO INJURY / DRIVE AWAY",,,,"OVER $1,500","2026-03-07T21:53:00.000","IMPROPER OVERTAKING/PASSING","IMPROPER TURNING/NO SIGNAL","120","W","LA SALLE DR","1814","Y","Y",,,,,"2","NO INDICATION OF INJURY","0","0","0","0","0","3","0","21","7","3","41.9132250268","-87.6328291877","POINT (-87.632829187684 41.913225026781)"
"581f710b98d9c7726c9744af6d7e9a44681f7642c83e5238ffa7f66b137b2aeeea939d6d9df4aca124d4010c9595a31cf0c30215aeb56bfce50de727a04dfde6",,"2026-03-07T21:40:00.000","30","TRAFFIC SIGNAL","FUNCTIONING PROPERLY","CLEAR","DARKNESS, LIGHTED ROAD","REAR END","DIVIDED - W/MEDIAN BARRIER",,"STRAIGHT AND LEVEL","DRY","NO DEFECTS","NOT ON SCENE (DESK REPORT)","NO INJURY / DRIVE AWAY",,,,"OVER $1,500","2026-03-08T17:15:00.000","FOLLOWING TOO CLOSELY","NOT APPLICABLE","150","N","WACKER DR","122",,,,,,,"2","NO INDICATION OF INJURY","0","0","0","0","0","3","0","21","7","3","41.884525461","-87.6372163925","POINT (-87.637216392475 41.884525460956)"
"9ed4fedc869a422801cdf3127ad2a8fa123fd4516b12c4e62a5c314b0c8433a237b10b07438b6c058322c8646069f7837caec9bc5c4a4215d30d1153fca8f7af",,"2026-03-07T21:32:00.000","30","NO CONTROLS","NO CONTROLS","UNKNOWN","UNKNOWN","SIDESWIPE OPPOSITE DIRECTION","NOT DIVIDED",,"STRAIGHT AND LEVEL","UNKNOWN","UNKNOWN","NOT ON SCENE (DESK REPORT)","NO INJURY / DRIVE AWAY",,,"Y","$500 OR LESS","2026-03-07T23:25:00.000","UNABLE TO DETERMINE","UNABLE TO DETERMINE","2216","W","CULLERTON ST","1234",,,,,,,"2","NO INDICATION OF INJURY","0","0","0","0","0","6","0","21","7","3","41.8549561097","-87.6815907249","POINT (-87.681590724915 41.85495610971)"
"56d9353bf98d13a039692260ba5d7b031421a484dace9accf5e18427c8bf8929e66a2ce9da4fb95b4e972b22991b1a49ea1ca562df592ce6772e0f1aff231bad",,"2026-03-07T21:30:00.000","30","NO CONTROLS","NO CONTROLS","CLEAR","DARKNESS, LIGHTED ROAD","PARKED MOTOR VEHICLE","ONE-WAY",,"STRAIGHT AND LEVEL","DRY","NO DEFECTS","NOT ON SCENE (DESK REPORT)","NO INJURY / DRIVE AWAY",,,"Y","$501 - $1,500","2026-03-08T11:30:00.000","UNABLE TO DETERMINE","RELATED TO BUS STOP","2342","N","KEATING AVE","2522",,,,,,,"2","NO INDICATION OF INJURY","0","0","0","0","0","1","0","21","7","3","41.9237089198","-87.7452142025","POINT (-87.745214202505 41.923708919809)"
"c5ef3d5a48b9b795fcc70ca6dda0665ffd6602914721774d4aacce5f4810797a85635afc85dd0112ef9afd66d4b039dd00f01ac3b1a4a55e9b47daefcbc7e0e2",,"2026-03-07T21:30:00.000","30","NO CONTROLS","NO CONTROLS","CLEAR","DARKNESS, LIGHTED ROAD","TURNING","NOT DIVIDED",,"STRAIGHT AND LEVEL","DRY","NO DEFECTS","NOT ON SCENE (DESK REPORT)","NO INJURY / DRIVE AWAY",,,,"OVER $1,500","2026-03-07T22:15:00.000","IMPROPER TURNING/NO SIGNAL","IMPROPER TURNING/NO SIGNAL","1002","W","WINONA ST","2024",,,,,,,"2","NO INDICATION OF INJURY","0","0","0","0","0","3","0","21","7","3","41.9753872311","-87.6551376606","POINT (-87.655137660585 41.975387231119)"
"e9624c368a085514838cc593040cb88b87f1ed6e91146788aa84953fe27bdc7b719be056fb06a74c741342f724a9972866e92cc48584401209d805607df6e33f",,"2026-03-07T21:30:00.000","10","NO CONTROLS","NO CONTROLS","CLEAR","DARKNESS, LIGHTED ROAD","PARKED MOTOR VEHICLE","DIVIDED - W/MEDIAN BARRIER",,"STRAIGHT AND LEVEL","DRY","NO DEFECTS","NOT ON SCENE (DESK REPORT)","NO INJURY / DRIVE AWAY",,,,"OVER $1,500","2026-03-07T22:45:00.000","IMPROPER BACKING","FAILING TO REDUCE SPEED TO AVOID CRASH","576","E","SOLIDARITY DR","132",,,,,,,"2","NO INDICATION OF INJURY","0","0","0","0","0","3","0","21","7","3","41.8665344615","-87.6128720472","POINT (-87.612872047165 41.866534461521)"
"5dc8cd443628d964dc1a537dedea14e7c11ef2c963a4830c739de3c537f046f8c8c8039b2ed121ed836227f5a9713654e65a20650393be7f9841a2a43b6e77d4",,"2026-03-07T21:25:00.000","30","TRAFFIC SIGNAL","FUNCTIONING PROPERLY","CLEAR","DARKNESS, LIGHTED ROAD","TURNING","FOUR WAY",,"STRAIGHT AND LEVEL","DRY","NO DEFECTS","ON SCENE","NO INJURY / DRIVE AWAY","Y",,"Y","$500 OR LESS","2026-03-07T21:27:00.000","RELATED TO BUS STOP","IMPROPER TURNING/NO SIGNAL","748","W","BELMONT AVE","1925",,,,,,,"2","NO INDICATION OF INJURY","0","0","0","0","0","2","0","21","7","3","41.940097513","-87.648770603","POINT (-87.648770602975 41.940097513044)"
"3d19ca1d74c4e602dc1b94f85ff7a0f4dbe185f55af0fa8d7e24fec2cdd1ca52e9117ea6eafd2a6c4b1e59b43e914f9c7ec2d1dc2f0a7d580df2cc482fa68c76",,"2026-03-07T21:20:00.000","30","TRAFFIC SIGNAL","NO CONTROLS","CLEAR","DARKNESS","SIDESWIPE SAME DIRECTION","NOT DIVIDED",,"STRAIGHT AND LEVEL","DRY","UNKNOWN","NOT ON SCENE (DESK REPORT)","NO INJURY / DRIVE AWAY",,,,"$501 - $1,500","2026-03-07T21:35:00.000","OPERATING VEHICLE IN ERRATIC, RECKLESS, CARELESS, NEGLIGENT OR AGGRESSIVE MANNER","OPERATING VEHICLE IN ERRATIC, RECKLESS, CARELESS, NEGLIGENT OR AGGRESSIVE MANNER","4000","N","NARRAGANSETT AVE","1632",,,,,,,"2","NO INDICATION OF INJURY","0","0","0","0","0","2","0","21","7","3","41.9529586511","-87.7867085022","POINT (-87.786708502186 41.952958651098)"
"088953fe5df80b317b3833a77204b992e3846b0f158128230cd3bba92fe773855c63c8e04dc9a4a50a87aae22142e3ffeacd87c80071a00f35b275805deadab6",,"2026-03-07T21:17:00.000","35","TRAFFIC SIGNAL","FUNCTIONING PROPERLY","FOG/SMOKE/HAZE","DARKNESS, LIGHTED ROAD","SIDESWIPE SAME DIRECTION","ONE-WAY",,"STRAIGHT AND LEVEL","DRY","UNKNOWN","NOT ON SCENE (DESK REPORT)","NO INJURY / DRIVE AWAY","Y",,,"$501 - $1,500","2026-03-07T21:50:00.000","IMPROPER LANE USAGE","IMPROPER LANE USAGE","5700","S","LAKE SHORE DR","331",,,,,,,"2","NO INDICATION OF INJURY","0","0","0","0","0","3","0","21","7","3","41.7914202821","-87.5801477687","POINT (-87.580147768689 41.791420282098)"
"0ce7f3f13669d808961cbb0fa897213a273c53d4ba995fdae143f552a49c6dcfc2637686c919649aac9a41c4af05635d6abb21adbd5312150cc5016821c1c0ae",,"2026-03-07T21:09:00.000","30","UNKNOWN","UNKNOWN","CLEAR","DARKNESS, LIGHTED ROAD","PARKED MOTOR VEHICLE","ONE-WAY",,"STRAIGHT AND LEVEL","DRY","NO DEFECTS","ON SCENE","NO INJURY / DRIVE AWAY",,,,"OVER $1,500","2026-03-07T21:09:00.000","DRIVING ON WRONG SIDE/WRONG WAY","NOT APPLICABLE","4598","S","DREXEL BLVD","221",,,,,,,"2","NO INDICATION OF INJURY","0","0","0","0","0","1","0","21","7","3","41.8114717234","-87.6045606281","POINT (-87.604560628143 41.811471723364)"
"c170faa1f55bb46ed098e3cce867ae7334ef8af357c88047fddfdb4a076c1ee0405174a2c0597d80a988b3ce07fad5cde6302f48f563aa9c956a1c8d952e927c",,"2026-03-07T21:08:00.000","30","UNKNOWN","UNKNOWN","CLEAR","DARKNESS, LIGHTED ROAD","SIDESWIPE OPPOSITE DIRECTION","NOT DIVIDED",,"STRAIGHT AND LEVEL","UNKNOWN","UNKNOWN","NOT ON SCENE (DESK REPORT)","NO INJURY / DRIVE AWAY",,,,"OVER $1,500","2026-03-07T22:15:00.000","IMPROPER LANE USAGE","NOT APPLICABLE","5730","S","HALSTED ST","712",,,,,,,"2","NO INDICATION OF INJURY","0","0","0","0","0","2","0","21","7","3","41.7897264526","-87.6451866348","POINT (-87.645186634829 41.789726452595)"
"d3d596bddf190e494a6724a1ad01749c33b152eb23a009d1fc37baa4c3cdf6cb20c041b13f37308ca1f2c8afd018fec2c10f7c7e5e293595e8f31cb0f6691ee3",,"2026-03-07T21:02:00.000","25","NO CONTROLS","NO CONTROLS","CLEAR","DARKNESS, LIGHTED ROAD","SIDESWIPE SAME DIRECTION","OTHER",,"STRAIGHT AND LEVEL","OTHER","OTHER","ON SCENE","INJURY AND / OR TOW DUE TO CRASH",,,,"OVER $1,500","2026-03-07T21:02:00.000","UNABLE TO DETERMINE","NOT APPLICABLE","1924","N","CALIFORNIA AVE","1421",,,,"Y","CONSTRUCTION",,"4","NONINCAPACITATING INJURY","3","0","0","3","0","2","0","21","7","3","41.9164374048","-87.6973152431","POINT (-87.697315243123 41.916437404766)"
"c385328bbe02d3a37ac6a435aa1e8d6a5644bdd0c68e7cf988d366a0de18a824571c1081fe46c1ea3d3f9d83ccbdf7b322d4cca9e3e309acbd5492304c928371",,"2026-03-07T21:01:00.000","30","NO CONTROLS","FUNCTIONING PROPERLY","RAIN","DARKNESS, LIGHTED ROAD","FIXED OBJECT","NOT REPORTED",,"STRAIGHT ON GRADE","SAND, MUD, DIRT","DEBRIS ON ROADWAY","ON SCENE","NO INJURY / DRIVE AWAY",,,,"$501 - $1,500","2026-03-07T21:01:00.000","VISION OBSCURED (SIGNS, TREE LIMBS, BUILDINGS, ETC.)","UNABLE TO DETERMINE","1905","N","CALIFORNIA AVE","1421",,,,,,,"1","NO INDICATION OF INJURY","0","0","0","0","0","3","0","21","7","3","41.915878081","-87.6970050675","POINT (-87.697005067489 41.91587808102)"
"8bb3fad6fc32cc0b12b75afe464d96d1b05253c2abc98827fc4969b430eed5e3ff7d3e19f187e423a6dd7da5d8a0da16e1b0508fb785e2973a7dc68520ff979d","Y","2026-03-07T21:00:00.000","30","TRAFFIC SIGNAL","FUNCTIONING PROPERLY","UNKNOWN","DARKNESS","SIDESWIPE SAME DIRECTION","CENTER TURN LANE",,"STRAIGHT AND LEVEL","UNKNOWN","UNKNOWN","NOT ON SCENE (DESK REPORT)","NO INJURY / DRIVE AWAY",,,,"OVER $1,500","2026-03-10T16:30:00.000","FAILING TO YIELD RIGHT-OF-WAY","NOT APPLICABLE","2400","W","LOGAN BLVD","1411",,,,,,,"2","NO INDICATION OF INJURY","0","0","0","0","0","3","0","21","7","3","41.9287113217","-87.6878827514","POINT (-87.687882751439 41.928711321724)"
"086d7bef15bb205bb8c7f5a46c54498c13f61422de8cc2d5d198ed55f3262f13a9c23a7b6072939deae12ecaed925ba4f5be2dcd636f257d3ae44df6a15955d3",,"2026-03-07T20:45:00.000","30","TRAFFIC SIGNAL","FUNCTIONING PROPERLY","UNKNOWN","DARKNESS, LIGHTED ROAD","REAR END","NOT DIVIDED",,"STRAIGHT AND LEVEL","UNKNOWN","UNKNOWN","NOT ON SCENE (DESK REPORT)","NO INJURY / DRIVE AWAY",,,,"OVER $1,500","2026-03-09T08:30:00.000","UNABLE TO DETERMINE","NOT APPLICABLE","6533","N","SHERIDAN RD","2432",,,,,,,"2","NO INDICATION OF INJURY","0","0","0","0","0","2","0","20","7","3","42.0011259691","-87.6605804297","POINT (-87.660580429676 42.001125969093)"
"63094c61e834506b87fd7ad3fae8f7b6bd63c824f64afd2f8e10daa885c557a90c4ec4926afb596d9121bdab532f539f3b8e7041b7efd1d489d11ae65e77a251",,"2026-03-07T20:30:00.000","30","NO CONTROLS","NO CONTROLS","CLEAR","DARKNESS, LIGHTED ROAD","HEAD ON","NOT DIVIDED",,"STRAIGHT AND LEVEL","DRY","NO DEFECTS","NOT ON SCENE (DESK REPORT)","NO INJURY / DRIVE AWAY",,,,"$501 - $1,500","2026-03-07T21:19:00.000","IMPROPER TURNING/NO SIGNAL","FAILING TO YIELD RIGHT-OF-WAY","7856","S","MARYLAND AVE","624","Y",,,,,,"2","NO INDICATION OF INJURY","0","0","0","0","0","2","0","20","7","3","41.7514465506","-87.6041179894","POINT (-87.604117989355 41.751446550586)"
"72bca50d21e7a57e286061f8245670b83aac6999aa29b6f0519c5bebdda45836373fb0ec0437523de61aba6a03898febd0c7878ed13c619d3c11d50c4f34b7af",,"2026-03-07T20:30:00.000","30","UNKNOWN","FUNCTIONING PROPERLY","CLEAR","DARKNESS","TURNING","NOT DIVIDED",,"STRAIGHT AND LEVEL","DRY","NO DEFECTS","ON SCENE","INJURY AND / OR TOW DUE TO CRASH",,,"Y","OVER $1,500","2026-03-07T20:35:00.000","IMPROPER LANE USAGE","IMPROPER LANE USAGE","1701","E","95TH ST","431",,,,,,,"3","NONINCAPACITATING INJURY","3","0","0","3","0","0","0","20","7","3","41.7222677958","-87.5825101943","POINT (-87.582510194343 41.722267795816)"
"eaa72ab01f5eb608d3464d9384ab38f06a7993a6e555ba0c7bcac370e447a4017d1ad9ec3a41a0ae5f293a36338e1752f9328240fd71a3bf8b870b975fc9b2a7",,"2026-03-07T20:25:00.000","30","NO CONTROLS","NO CONTROLS","CLEAR","DARKNESS, LIGHTED ROAD","REAR END","NOT DIVIDED",,"STRAIGHT AND LEVEL","DRY","NO DEFECTS","ON SCENE","INJURY AND / OR TOW DUE TO CRASH",,,"Y","$500 OR LESS","2026-03-07T20:28:00.000","UNABLE TO DETERMINE","UNABLE TO DETERMINE","3150","N","SHERIDAN RD","1934",,,,,,,"2","REPORTED, NOT EVIDENT","1","0","0","0","1","1","0","20","7","3","41.939221635","-87.6396649875","POINT (-87.639664987503 41.939221635022)"
"4d48687dd72c8e4e6b5bba6f44a3bc609e802eaee966036c0f63aed247dcfb97bc15384134daba45a61625b38ed6beb3e883dd8dfb0cbf1a55bc5979e2c53c1c",,"2026-03-07T20:18:00.000","30","NO CONTROLS","NO CONTROLS","CLEAR","DARKNESS","SIDESWIPE SAME DIRECTION","ONE-WAY",,"STRAIGHT AND LEVEL","DRY","UNKNOWN","NOT ON SCENE (DESK REPORT)","NO INJURY / DRIVE AWAY",,,,"$501 - $1,500","2026-03-14T12:15:00.000","FAILING TO YIELD RIGHT-OF-WAY","UNABLE TO DETERMINE","7911","S","ABERDEEN ST","612",,,,,,,"2","NO INDICATION OF INJURY","0","0","0","0","0","3","0","20","7","3","41.7501611371","-87.6511609301","POINT (-87.651160930135 41.750161137076)"
"5afec20f9fa7a258009e4849575bf329e1f83cd2de814b739b7999160972a18f8eae4fb68941e7ed4824c84e6ab29601c01637d19875dc5caed1d7e99977b1b2","Y","2026-03-07T20:00:00.000","30","STOP SIGN/FLASHER","FUNCTIONING PROPERLY","CLEAR","DARKNESS, LIGHTED ROAD","PARKED MOTOR VEHICLE","NOT DIVIDED",,"STRAIGHT AND LEVEL","DRY","UNKNOWN","ON SCENE","NO INJURY / DRIVE AWAY",,,"Y","OVER $1,500","2026-03-07T22:51:00.000","UNABLE TO DETERMINE","UNABLE TO DETERMINE","1657","N","CENTRAL AVE","2532",,,,,,,"2","NO INDICATION OF INJURY","0","0","0","0","0","1","0","20","7","3","41.9110578748","-87.7654190437","POINT (-87.765419043676 41.911057874817)"
"68cbc3e48eabade7021ba2658a630bc5dcb528647ed1fac32f281c9804839ee5adbd9abc351b2e448349a1cdf1dd63290153188e61d1af0bbe6d8c8f4f6b9ef0",,"2026-03-07T19:55:00.000","30","NO CONTROLS","NO CONTROLS","CLEAR","DARKNESS, LIGHTED ROAD","TURNING","NOT DIVIDED",,"STRAIGHT AND LEVEL","DRY","NO DEFECTS","NOT ON SCENE (DESK REPORT)","NO INJURY / DRIVE AWAY",,,,"$501 - $1,500","2026-03-07T21:30:00.000","UNABLE TO DETERMINE","UNABLE TO DETERMINE","1016","W","WINONA ST","2024",,,,,,,"2","NO INDICATION OF INJURY","0","0","0","0","0","5","0","19","7","3","41.9753794681","-87.6557275756","POINT (-87.655727575615 41.975379468124)"
"d2d07d8c0bd423f9b571a6486b49475f8452b4b2cfd9274cd091d7fce1dbb84626e2f94eb4a7211d83bdf3aaabc4508b10d045d07db76d8f21fc75a036373bc0",,"2026-03-07T19:55:00.000","30","NO CONTROLS","NO CONTROLS","CLEAR","DARKNESS","REAR END","NOT DIVIDED",,"STRAIGHT AND LEVEL","DRY","NO DEFECTS","NOT ON SCENE (DESK REPORT)","NO INJURY / DRIVE AWAY",,,,"$501 - $1,500","2026-03-07T20:15:00.000","FOLLOWING TOO CLOSELY","FOLLOWING TOO CLOSELY","5600","W","MONTROSE AVE","1622",,,,,,,"2","NO INDICATION OF INJURY","0","0","0","0","0","2","0","19","7","3","41.9605934955","-87.7673062651","POINT (-87.767306265052 41.960593495452)"
"a07f5e305d9cc09e53e31c38ea485fbac28ee71a9b8869dd34be086a46cf419c141729369ebdef5a969af6b1b45d3fd18a029d6b725ff81cfa2d61d57ee4b6a2",,"2026-03-07T19:50:00.000","30","TRAFFIC SIGNAL","FUNCTIONING PROPERLY","CLEAR","DARKNESS, LIGHTED ROAD","SIDESWIPE SAME DIRECTION","FOUR WAY",,"STRAIGHT AND LEVEL","DRY","NO DEFECTS","NOT ON SCENE (DESK REPORT)","NO INJURY / DRIVE AWAY","Y",,"Y","OVER $1,500","2026-03-07T21:27:00.000","NOT APPLICABLE","PHYSICAL CONDITION OF DRIVER","2401","N","CANNON DR","1935",,,,,,,"2","NO INDICATION OF INJURY","0","0","0","0","0","3","0","19","7","3","41.9258879364","-87.6335464265","POINT (-87.633546426518 41.925887936422)"
"8060a70bff6af95ea8d80d1eeb2283467bcbc50438e7fc85ad81b67799c23f4237d751157c485846af61623a90e523af653bcd5d24b476ea16939416ffb45781",,"2026-03-07T19:49:00.000","30","UNKNOWN","UNKNOWN","CLEAR","DARKNESS","SIDESWIPE SAME DIRECTION","DIVIDED - W/MEDIAN (NOT RAISED)",,"STRAIGHT AND LEVEL","DRY","NO DEFECTS","ON SCENE","NO INJURY / DRIVE AWAY",,,,"OVER $1,500","2026-03-07T19:50:00.000","UNABLE TO DETERMINE","UNABLE TO DETERMINE","4756","W","BELMONT AVE","1731",,,,,,,"2","NO INDICATION OF INJURY","0","0","0","0","0","2","0","19","7","3","41.9389454365","-87.7461664682","POINT (-87.746166468201 41.938945436543)"
"049d54f65cc6eea931dbd58a35dd01af2f1af624bcbcb5fae4d560142c30910ee99d68c3ba3b45d779f27d318350a7c4d0b4c49bbc85c88027555dd48f55c23f",,"2026-03-07T19:40:00.000","30","TRAFFIC SIGNAL","FUNCTIONING PROPERLY","UNKNOWN","UNKNOWN","TURNING","DIVIDED - W/MEDIAN (NOT RAISED)",,"STRAIGHT AND LEVEL","UNKNOWN","UNKNOWN","NOT ON SCENE (DESK REPORT)","NO INJURY / DRIVE AWAY","Y",,,"OVER $1,500","2026-03-07T20:39:00.000","FAILING TO YIELD RIGHT-OF-WAY","FAILING TO YIELD RIGHT-OF-WAY","2332","W","HARRISON ST","1225",,,,,,,"2","NO INDICATION OF INJURY","0","0","0","0","0","3","0","19","7","3","41.8740163915","-87.6850689135","POINT (-87.685068913452 41.874016391458)"
"b278dbd02c373f799f6b114c5debfe584c8a4d7bf61a7e609c0224606bb38da87cf28a2d4c09285fce9b345eb69a8f602414adbec8afc158b93c9fa12f7bd278",,"2026-03-07T19:30:00.000","30","NO CONTROLS","NO CONTROLS","CLEAR","DARKNESS, LIGHTED ROAD","PARKED MOTOR VEHICLE","NOT DIVIDED",,"STRAIGHT AND LEVEL","DRY","UNKNOWN","NOT ON SCENE (DESK REPORT)","NO INJURY / DRIVE AWAY",,,"Y","$501 - $1,500","2026-03-07T21:30:00.000","UNABLE TO DETERMINE","UNABLE TO DETERMINE","1423","W","BRYN MAWR AVE","2013",,,,,,,"2","NO INDICATION OF INJURY","0","0","0","0","0","1","0","19","7","3","41.9834281892","-87.6658653729","POINT (-87.665865372922 41.983428189179)"
"cd5ab91613d6c5bb301b4fc49ceb63b2a5374a85fcb12d3037c1d755475bb4b33ac532f88f4de59ab6d0cbbceaf3c0e3db7a7fdff7c177b313622febac158178",,"2026-03-07T19:30:00.000","30","NO CONTROLS","NO CONTROLS","CLOUDY/OVERCAST","DARKNESS","TURNING","FOUR WAY",,"STRAIGHT AND LEVEL","WET","NO DEFECTS",,"INJURY AND / OR TOW DUE TO CRASH","Y",,,"OVER $1,500","2026-03-07T20:00:00.000","IMPROPER TURNING/NO SIGNAL","FAILING TO YIELD RIGHT-OF-WAY","5700","S","COTTAGE GROVE AVE","233",,,,,,,"2","NO INDICATION OF INJURY","0","0","0","0","0","2","0","19","7","3","41.7912332589","-87.6062982132","POINT (-87.606298213182 41.791233258933)"