"crash_record_id","crash_date_est_i","crash_date","posted_speed_limit","traffic_control_device","device_condition","weather_condition","lighting_condition","first_crash_type","trafficway_type","lane_cnt","alignment","roadway_surface_cond","road_defect","report_type","crash_type","intersection_related_i","private_property_i","hit_and_run_i","damage","date_police_notified","prim_contributory_cause","sec_contributory_cause","street_no","street_direction","street_name","beat_of_occurrence","photos_taken_i","statements_taken_i","dooring_i","work_zone_i","work_zone_type","workers_present_i","num_units","most_severe_injury","injuries_total","injuries_fatal","injuries_incapacitating","injuries_non_incapacitating","injuries_reported_not_evident","injuries_no_indication","injuries_unknown","crash_hour","crash_day_of_week","crash_month","latitude","longitude","location"
"0a18a5e8087ecc9a6c52b47fdcd733676bbf5bc9d7420ba759071b40bc0a93b40cf9bb96884e6b46d6ffb0113d741832f91dd7d31e96ae95d81ba3ed130d534b",,"2026-03-07T19:11:00.000","30","TRAFFIC SIGNAL","FUNCTIONING PROPERLY","CLOUDY/OVERCAST","DARKNESS, LIGHTED ROAD","REAR END","NOT DIVIDED",,"STRAIGHT AND LEVEL","DRY","NO DEFECTS","NOT ON SCENE (DESK REPORT)","INJURY AND / OR TOW DUE TO CRASH","Y",,,"$501 - $1,500","2026-03-07T19:40:00.000","FOLLOWING TOO CLOSELY","UNABLE TO DETERMINE","29","N","KEDZIE AVE","1222",,,,,,,"2","REPORTED, NOT EVIDENT","1","0","0","0","1","1","0","19","7","3","41.8818391065","-87.7059996155","POINT (-87.705999615454 41.881839106531)"
"3fae43791547afe4cb93ecca1b6933520fa362b95f800cbab9eb28f6d5de78ca05d6313b2428a5897fe7ad2529e0564c296efdc734c40cd594882d3cf1ec05b2",,"2026-03-07T19:00:00.000","30","UNKNOWN","UNKNOWN","UNKNOWN","DARKNESS","REAR END","NOT DIVIDED",,"STRAIGHT AND LEVEL","UNKNOWN","UNKNOWN","NOT ON SCENE (DESK REPORT)","NO INJURY / DRIVE AWAY","Y",,"Y","OVER $1,500","2026-03-07T19:21:00.000","FAILING TO YIELD RIGHT-OF-WAY","DRIVING SKILLS/KNOWLEDGE/EXPERIENCE","76","E","MONROE ST","112",,,,,,,"2","NO INDICATION OF INJURY","0","0","0","0","0","3","0","19","7","3","41.8809240351","-87.6249341999","POINT (-87.624934199852 41.880924035095)"
"989d02942366e8c93c30993cb2990100ecf776367068863868c394019d00461e7cc03f0edac4cb45dafed7a6fbbe8ed1af02a492bf41902e58c151224d7cfb43",,"2026-03-07T19:00:00.000","30","NO CONTROLS","NO CONTROLS","CLEAR","DAYLIGHT","REAR END","PARKING LOT",,"STRAIGHT AND LEVEL","UNKNOWN","UNKNOWN","NOT ON SCENE (DESK REPORT)","NO INJURY / DRIVE AWAY",,,,"OVER $1,500","2026-03-08T14:25:00.000","DRIVING SKILLS/KNOWLEDGE/EXPERIENCE","NOT APPLICABLE","3200","W","COLUMBUS AVE","835",,,,,,,"2","NO INDICATION OF INJURY","0","0","0","0","0","3","0","19","7","3","41.7505319204","-87.702568133","POINT (-87.702568133027 41.750531920353)"
"cb997e37d2f4184b5958201765370b772b8582e110e4eb35b698e71a385cd91f577b054724c41f655ba17cb2c7bf72eb2f233fe2cf47de3903b659f4e8baeb0c","Y","2026-03-07T19:00:00.000","30","NO CONTROLS","NO CONTROLS","CLEAR","DARKNESS","FIXED OBJECT","DRIVEWAY",,"STRAIGHT AND LEVEL","OTHER","RUT, HOLES","NOT ON SCENE (DESK REPORT)","NO INJURY / DRIVE AWAY",,,,"$501 - $1,500","2026-03-16T20:46:00.000","ROAD CONSTRUCTION/MAINTENANCE","ROAD ENGINEERING/SURFACE/MARKING DEFECTS","11140","S","NORMAL AVE","2233",,,,"Y","MAINTENANCE",,"1","NO INDICATION OF INJURY","0","0","0","0","0","1","0","19","7","3","41.6912217533","-87.6352440728","POINT (-87.635244072843 41.69122175327)"
"6fd291c7d680ffdb93450dcffe8d7b7deed6941cec5aa3df6e0a5c23fa1389abf1f9c99e653f6784c622e464d08e8ef2aeb0bc02554da1e459a15bd7c9469795",,"2026-03-07T18:55:00.000","30","STOP SIGN/FLASHER","FUNCTIONING PROPERLY","CLEAR","DARKNESS, LIGHTED ROAD","PEDESTRIAN","DIVIDED - W/MEDIAN (NOT RAISED)",,"STRAIGHT AND LEVEL","DRY","NO DEFECTS","ON SCENE","NO INJURY / DRIVE AWAY","Y",,,"$500 OR LESS","2026-03-07T18:58:00.000","UNABLE TO DETERMINE","UNABLE TO DETERMINE","2134","N","CALIFORNIA AVE","1414",,,,,,,"2","NO INDICATION OF INJURY","0","0","0","0","0","2","0","18","7","3","41.9206681007","-87.6974389006","POINT (-87.697438900558 41.920668100737)"
"941cec15aacc14beb5bead0c8f334667ceae9deec45a30cc98f065febc8e8254a03fc2ac16103bf2776ac04d9a6a6531b4d1dabf09659a2942970ad3450ea417",,"2026-03-07T18:53:00.000","25","TRAFFIC SIGNAL","UNKNOWN","CLEAR","DARKNESS, LIGHTED ROAD","SIDESWIPE OPPOSITE DIRECTION","DIVIDED - W/MEDIAN (NOT RAISED)",,"STRAIGHT AND LEVEL","DRY","NO DEFECTS","ON SCENE","NO INJURY / DRIVE AWAY",,,"Y","OVER $1,500","2026-03-07T19:05:00.000","UNABLE TO DETERMINE","UNABLE TO DETERMINE","2551","W","DEVON AVE","2413",,,,,,,"2","NO INDICATION OF INJURY","0","0","0","0","0","3","0","18","7","3","41.9975444833","-87.6943621253","POINT (-87.694362125288 41.997544483322)"
"95709771f475587f71a3a29ebc0024054f4e78464225462d73be2d6644a1c678bb58391c0e0560a077e7e46eec88bee313fe3655c524a2a6253ebd47e51961b2",,"2026-03-07T18:50:00.000","30","TRAFFIC SIGNAL","FUNCTIONING PROPERLY","CLEAR","DARKNESS, LIGHTED ROAD","REAR END","NOT DIVIDED",,"STRAIGHT AND LEVEL","DRY","NO DEFECTS","ON SCENE","NO INJURY / DRIVE AWAY",,,,"OVER $1,500","2026-03-07T18:53:00.000","FOLLOWING TOO CLOSELY","NOT APPLICABLE","2556","W","59TH ST","824",,,,,,,"2","NO INDICATION OF INJURY","0","0","0","0","0","4","0","18","7","3","41.7865986778","-87.6885754708","POINT (-87.688575470833 41.786598677828)"
"97f5f82d4ecdfaa4d65d3cc8b6c74daae6e4799b71abfd45eb8d8bf23c3ae645b4b07ff77bf709599c098e61042622550e83c557b0d8f096da84685b83bcbe59",,"2026-03-07T18:48:00.000","50","NO CONTROLS","NO CONTROLS","CLEAR","DARKNESS, LIGHTED ROAD","REAR END","DIVIDED - W/MEDIAN BARRIER",,"CURVE, LEVEL","DRY","NO DEFECTS","ON SCENE","INJURY AND / OR TOW DUE TO CRASH",,,,"OVER $1,500","2026-03-07T18:54:00.000","WEATHER","UNABLE TO DETERMINE","6401","N","MANNHEIM RD","1654",,,,,,,"2","INCAPACITATING INJURY","1","0","1","0","0","1","0","18","7","3","41.9950812393","-87.8843952457","POINT (-87.884395245688 41.995081239342)"
"6183e0f614a6f8c988fe683588e483697c017c8e15be1c2c3c764fba3975aa756e4d7c8b2aa85ec821dbb2d25f72af397a2d01639c6e336e4d512e1be9893435",,"2026-03-07T18:38:00.000","30","STOP SIGN/FLASHER","UNKNOWN","CLEAR","DARKNESS","ANGLE","FOUR WAY",,"STRAIGHT AND LEVEL","DRY","UNKNOWN","ON SCENE","INJURY AND / OR TOW DUE TO CRASH","Y",,,"OVER $1,500","2026-03-07T18:49:00.000","FAILING TO YIELD RIGHT-OF-WAY","FAILING TO YIELD RIGHT-OF-WAY","11099","S","ASHLAND AVE","2234",,"Y",,,,,"2","NONINCAPACITATING INJURY","1","0","0","1","0","2","0","18","7","3","41.6921367883","-87.6616976286","POINT (-87.661697628619 41.692136788334)"
"b062ab98aaaab6704cb6ac1e9b881e6eb6c4f425576816487ddd69833bd857a2cfa8c810961fef6b969a94b42d833ae343a24f2943110e9980db5bd127cc4ac2",,"2026-03-07T18:37:00.000","30","STOP SIGN/FLASHER","FUNCTIONING PROPERLY","CLEAR","DARKNESS, LIGHTED ROAD","ANGLE","T-INTERSECTION",,"STRAIGHT AND LEVEL","DRY","UNKNOWN","ON SCENE","INJURY AND / OR TOW DUE TO CRASH","Y",,,"OVER $1,500","2026-03-07T18:50:00.000","DISREGARDING STOP SIGN","FAILING TO REDUCE SPEED TO AVOID CRASH","1001","N","LAMON AVE","1531",,,,,,,"2","NO INDICATION OF INJURY","0","0","0","0","0","4","0","18","7","3","41.8987035009","-87.7481955078","POINT (-87.748195507804 41.898703500885)"
"43c18a9fa8d4af8a6c077b4505a4e9e6d1a88c7e783292ca9b3a3660e4e9ef20b9c3e6163f5be1ac339b82271e4c985d322fecf36c3f062512afef83097d9417",,"2026-03-07T18:32:00.000","30","TRAFFIC SIGNAL","FUNCTIONING PROPERLY","CLEAR","DARKNESS, LIGHTED ROAD","PARKED MOTOR VEHICLE","DIVIDED - W/MEDIAN (NOT RAISED)",,"STRAIGHT AND LEVEL","DRY","UNKNOWN","ON SCENE","NO INJURY / DRIVE AWAY",,,,"OVER $1,500","2026-03-07T18:35:00.000","IMPROPER TURNING/NO SIGNAL","DRIVING SKILLS/KNOWLEDGE/EXPERIENCE","5202","N","ASHLAND AVE","2012",,,,,,,"2","NO INDICATION OF INJURY","0","0","0","0","0","5","0","18","7","3","41.9762712049","-87.6697624953","POINT (-87.669762495281 41.976271204917)"
"50aade2dac6cebd0f01a91b2b7b27e0258a2d8723a6bc0384005a6d6995a42e119e495a17c077aa3b3de16916130c6a6117b8cfd1a4a9bd76393140349c4283b",,"2026-03-07T18:30:00.000","30","NO CONTROLS","NO CONTROLS","CLEAR","DARKNESS, LIGHTED ROAD","ANGLE","NOT DIVIDED",,"STRAIGHT AND LEVEL","DRY","NO DEFECTS","NOT ON SCENE (DESK REPORT)","NO INJURY / DRIVE AWAY",,,,"OVER $1,500","2026-03-07T19:00:00.000","UNABLE TO DETERMINE","UNABLE TO DETERMINE","4635","N","ELSTON AVE","1722",,,,,,,"2","NO INDICATION OF INJURY","0","0","0","0","0","2","0","18","7","3","41.9654079778","-87.7359917219","POINT (-87.735991721928 41.965407977786)"
"78284613f4e9347a068bfb467af1f52328e81ccc6dde32f753630b7192243ff1acc8486151077160fc07746f8dfd01b130e756cad39e039713173a166d7ba261",,"2026-03-07T18:30:00.000","30","UNKNOWN","UNKNOWN","CLOUDY/OVERCAST","DARKNESS, LIGHTED ROAD","SIDESWIPE SAME DIRECTION","NOT DIVIDED",,"STRAIGHT AND LEVEL","UNKNOWN","UNKNOWN","NOT ON SCENE (DESK REPORT)","NO INJURY / DRIVE AWAY",,,,"OVER $1,500","2026-03-07T19:00:00.000","UNABLE TO DETERMINE","UNABLE TO DETERMINE","111","W","ADAMS ST","122",,,,,,,"2","NO INDICATION OF INJURY","0","0","0","0","0","2","0","18","7","3","41.8793012847","-87.6311677928","POINT (-87.631167792781 41.879301284703)"
"cb52ec3cc2c37b9001763e58477c06240c6aff7a6491c56f75d17c75f0242ed9c037cbceede13c52a36c2c6e05e1135b108d5f6901b85a086fee85bbe96b5f38",,"2026-03-07T18:30:00.000","30","NO CONTROLS","NO CONTROLS","RAIN","DAYLIGHT","ANGLE","NOT DIVIDED",,"STRAIGHT AND LEVEL","WET","NO DEFECTS","NOT ON SCENE (DESK REPORT)","NO INJURY / DRIVE AWAY",,,,"OVER $1,500","2026-03-08T16:20:00.000","FAILING TO YIELD RIGHT-OF-WAY","UNABLE TO DETERMINE","4618","N","ELSTON AVE","1722",,,,,,,"2","NO INDICATION OF INJURY","0","0","0","0","0","2","0","18","7","3","41.964918803","-87.7357123043","POINT (-87.735712304254 41.964918803034)"
"b7c2eca5016031f60663a8f04d16738410608343a656a18f26098e79ef5edab073a3f7db9d206374f4ece8848e31032dffb0a3ffbb99f118aa0d756f931a656b",,"2026-03-07T18:24:00.000","30","NO CONTROLS","NO CONTROLS","CLEAR","DARKNESS, LIGHTED ROAD","TURNING","DIVIDED - W/MEDIAN (NOT RAISED)",,"STRAIGHT AND LEVEL","DRY","NO DEFECTS","ON SCENE","INJURY AND / OR TOW DUE TO CRASH","Y",,,"OVER $1,500","2026-03-07T18:24:00.000","FAILING TO YIELD RIGHT-OF-WAY","FAILING TO YIELD RIGHT-OF-WAY","11800","S","WESTERN AVE","2212",,,,,,,"2","NO INDICATION OF INJURY","0","0","0","0","0","2","0","18","7","3","41.6788439529","-87.6808968259","POINT (-87.680896825911 41.678843952905)"
"69edb5cb3ec242b346ac160b4a7df4bb6adb1ae301e4f6eb9d4c27570a4ecaa80f896637ffdafcd7587d28b30897340a467037f3e02eda7385a6a0bfb6d5ebc8",,"2026-03-07T18:15:00.000","30","UNKNOWN","UNKNOWN","CLEAR","DARKNESS, LIGHTED ROAD","SIDESWIPE SAME DIRECTION","NOT DIVIDED",,"STRAIGHT AND LEVEL","UNKNOWN","UNKNOWN","NOT ON SCENE (DESK REPORT)","NO INJURY / DRIVE AWAY",,,,"OVER $1,500","2026-03-10T15:00:00.000","UNABLE TO DETERMINE","UNABLE TO DETERMINE","520","N","KINGSBURY ST","1831",,,,,,,"2","NO INDICATION OF INJURY","0","0","0","0","0","2","0","18","7","3","41.8912307869","-87.6398459931","POINT (-87.639845993127 41.891230786935)"
"f11e89e6948f039ddd12aed9fbdc87eed15b25bd60a952b240bae216bdb3c9b453a2595519748a732d0fda8a4f8d8bdabffc527a693111d127af04752734624f",,"2026-03-07T18:10:00.000","35","NO CONTROLS","NO CONTROLS","CLEAR","DARKNESS, LIGHTED ROAD","ANGLE","DIVIDED - W/MEDIAN BARRIER",,"STRAIGHT AND LEVEL","DRY","NO DEFECTS","ON SCENE","NO INJURY / DRIVE AWAY",,,"Y","OVER $1,500","2026-03-07T18:15:00.000","FAILING TO YIELD RIGHT-OF-WAY","UNABLE TO DETERMINE","10315","S","HALSTED ST","2232",,,,,,,"2","NO INDICATION OF INJURY","0","0","0","0","0","2","0","18","7","3","41.7064326378","-87.6426722511","POINT (-87.6426722511 41.706432637755)"
"fe6066c880135475ab68f79f79001dfce30e95646239c8b37b18262d8547ca5d43dcef09c89d4865941e14b1dc80449f44cb1c3eac1c82d68861d3f935c1e064",,"2026-03-07T18:10:00.000","30","TRAFFIC SIGNAL","FUNCTIONING PROPERLY","CLEAR","DARKNESS, LIGHTED ROAD","PARKED MOTOR VEHICLE","NOT DIVIDED",,"STRAIGHT AND LEVEL","DRY","NO DEFECTS","ON SCENE","NO INJURY / DRIVE AWAY",,,,"OVER $1,500","2026-03-07T18:11:00.000","UNABLE TO DETERMINE","NOT APPLICABLE","2805","W","ROSCOE ST","1733",,,,,,,"2","NO INDICATION OF INJURY","0","0","0","0","0","3","0","18","7","3","41.9426789181","-87.6981923523","POINT (-87.69819235228 41.942678918129)"
"3d65e261c3291a6deb3bedd18429703d78cac612e70fd25f76833acf7f1b012996b9bca267ac96800f3a8cfab60123eb766fde6793d1a311b8c582ae2aaa3d51",,"2026-03-07T18:09:00.000","30","TRAFFIC SIGNAL","FUNCTIONING PROPERLY","CLEAR","DARKNESS, LIGHTED ROAD","TURNING","DIVIDED - W/MEDIAN (NOT RAISED)",,"STRAIGHT AND LEVEL","DRY","NO DEFECTS","ON SCENE","INJURY AND / OR TOW DUE TO CRASH","Y",,"Y","OVER $1,500","2026-03-07T18:09:00.000","DISREGARDING TRAFFIC SIGNALS","FAILING TO REDUCE SPEED TO AVOID CRASH","1600","N","CICERO AVE","2533",,,,,,,"2","NONINCAPACITATING INJURY","1","0","0","1","0","5","0","18","7","3","41.9096720015","-87.7462613036","POINT (-87.74626130363 41.90967200151)"
"01518afe0748b0dea58fd65a5abb5849dbab60f5e6578b474db572a8aee0688e1aacd285221e07e067a48fb5e2f267d508495c32180bf14897c91c249e6ee212","Y","2026-03-07T18:00:00.000","30","NO CONTROLS","NO CONTROLS","CLEAR","UNKNOWN","PARKED MOTOR VEHICLE","ONE-WAY",,"STRAIGHT AND LEVEL","UNKNOWN","UNKNOWN","NOT ON SCENE (DESK REPORT)","NO INJURY / DRIVE AWAY",,,"Y","OVER $1,500","2026-03-08T11:15:00.000","UNABLE TO DETERMINE","UNABLE TO DETERMINE","309","N","LATROBE AVE","1523",,,,,,,"2","NO INDICATION OF INJURY","0","0","0","0","0","1","0","18","7","3","41.8859438139","-87.7563460772","POINT (-87.756346077153 41.885943813903)"
"371c771349d7d8762060afe18763e62a2b25700667cc72c7c6f10a4327a5bbc67824d148d49efbe3345481e6a68c6cd8e40875fc24929d2e4af007244444b773",,"2026-03-07T18:00:00.000","30","STOP SIGN/FLASHER","UNKNOWN","CLEAR","DAYLIGHT","REAR TO REAR","ONE-WAY",,"STRAIGHT AND LEVEL","DRY","NO DEFECTS","NOT ON SCENE (DESK REPORT)","NO INJURY / DRIVE AWAY",,,,"OVER $1,500","2026-03-08T19:00:00.000","DRIVING SKILLS/KNOWLEDGE/EXPERIENCE","DRIVING SKILLS/KNOWLEDGE/EXPERIENCE","732","W","RANDOLPH ST","1224",,,,,,,"2","NO INDICATION OF INJURY","0","0","0","0","0","2","0","18","7","3","41.8845199957","-87.6470417551","POINT (-87.647041755098 41.884519995721)"
"58df6390c41b5ce723fc779181256a06afb378a38a4886a695f49cc197cc137951b67205da7666a567e6c61e5eeaa5c06cb6faeafb31e5648f886ee148a3c3b1",,"2026-03-07T18:00:00.000","35","NO CONTROLS","NO CONTROLS","UNKNOWN","UNKNOWN","PARKED MOTOR VEHICLE","UNKNOWN",,"STRAIGHT AND LEVEL","UNKNOWN","UNKNOWN","NOT ON SCENE (DESK REPORT)","NO INJURY / DRIVE AWAY",,,,"OVER $1,500","2026-03-08T11:30:00.000","UNABLE TO DETERMINE","UNABLE TO DETERMINE","914","W","54TH ST","934",,,,,,,"2","NO INDICATION OF INJURY","0","0","0","0","0","1","0","18","7","3","41.796109486","-87.6483061867","POINT (-87.648306186686 41.796109486002)"
"0ad08723ec6575bd838e48a78ee625496830f5cb77bf056068d73f3f682059494dc6bab2cf114f198a7960f6f352f1fffebc7dcb9eba4331e2ab03a03f033739",,"2026-03-07T17:55:00.000","30","NO CONTROLS","NO CONTROLS","CLEAR","DUSK","REAR END","DIVIDED - W/MEDIAN (NOT RAISED)",,"STRAIGHT AND LEVEL","DRY","NO DEFECTS","NOT ON SCENE (DESK REPORT)","NO INJURY / DRIVE AWAY",,,,"OVER $1,500","2026-03-07T19:15:00.000","UNABLE TO DETERMINE","UNABLE TO DETERMINE","901","S","AUSTIN BLVD","1513",,,,,,,"2","NO INDICATION OF INJURY","0","0","0","0","0","2","0","17","7","3","41.8703465244","-87.7741287805","POINT (-87.774128780491 41.870346524362)"
"0e66f29d423b41e2ed17019e44dacb69de5f8d991f245131338d14413239d40e00a17e81d2d9876a2a4022901299f2b9ad878d74a770fb64a44241dce8639736",,"2026-03-07T17:47:00.000","30","TRAFFIC SIGNAL","FUNCTIONING PROPERLY","CLEAR","DUSK","TURNING","FOUR WAY",,"STRAIGHT AND LEVEL","DRY","NO DEFECTS","ON SCENE","NO INJURY / DRIVE AWAY","Y",,,"OVER $1,500","2026-03-07T18:42:00.000","FAILING TO YIELD RIGHT-OF-WAY","NOT APPLICABLE","4900","W","NORTH AVE","2533",,,,,,,"2","NO INDICATION OF INJURY","0","0","0","0","0","3","0","17","7","3","41.9096941747","-87.7492956528","POINT (-87.749295652768 41.909694174654)"
"1cde095a7373ec9aed2f6b61f2f96bbe4e5578a5884c491e1b633f08a99cb6c30287e3be7392246678d413da87a64527505d66f8541057abdc40bf9d8d361c57",,"2026-03-07T17:47:00.000","30","TRAFFIC SIGNAL","FUNCTIONING PROPERLY","CLEAR","DUSK","SIDESWIPE SAME DIRECTION","DIVIDED - W/MEDIAN (NOT RAISED)",,"STRAIGHT AND LEVEL","DRY","NO DEFECTS","ON SCENE","INJURY AND / OR TOW DUE TO CRASH",,,,"OVER $1,500","2026-03-07T17:47:00.000","FAILING TO YIELD RIGHT-OF-WAY","UNABLE TO DETERMINE","717","W","IRVING PARK RD","1925",,,,,,,"2","NONINCAPACITATING INJURY","1","0","0","1","0","1","0","17","7","3","41.9544719097","-87.6485503168","POINT (-87.648550316755 41.954471909703)"
"d0d7575b6deda2a4257d742767703479750129919cc93affdb4f0dff6d06ce2f787aaacae1c5aaa909853096a7cd4eb5ff2fb59ccf3bba12570e46764348558a",,"2026-03-07T17:47:00.000","30","TRAFFIC SIGNAL","FUNCTIONING PROPERLY","CLEAR","DARKNESS, LIGHTED ROAD","TURNING","FOUR WAY",,"STRAIGHT AND LEVEL","DRY","NO DEFECTS","ON SCENE","INJURY AND / OR TOW DUE TO CRASH","Y",,,"OVER $1,500","2026-03-07T17:49:00.000","DISREGARDING TRAFFIC SIGNALS","FAILING TO REDUCE SPEED TO AVOID CRASH","3220","W","COLUMBUS AVE","835",,,,,,,"2","REPORTED, NOT EVIDENT","3","0","0","0","3","0","0","17","7","3","41.7501532252","-87.703191517","POINT (-87.703191517038 41.750153225207)"
"7bd22e83720811be661fd374a5da0a0868ae94c14dc4e2a4f05a2902cd0ac313eab3e7584dd9e372fde1b6f25384fd6eb36d9e9113b51f8a1c25603a653c5bca",,"2026-03-07T17:45:00.000","30","NO CONTROLS","NO CONTROLS","CLEAR","DARKNESS, LIGHTED ROAD","REAR END","DIVIDED - W/MEDIAN BARRIER",,"STRAIGHT AND LEVEL","DRY","NO DEFECTS","ON SCENE","NO INJURY / DRIVE AWAY",,,"Y","OVER $1,500","2026-03-07T17:45:00.000","FOLLOWING TOO CLOSELY","NOT APPLICABLE","301","E","GARFIELD BLVD","231",,,,,,,"2","NO INDICATION OF INJURY","0","0","0","0","0","3","0","17","7","3","41.7943136791","-87.6191321536","POINT (-87.619132153621 41.794313679095)"
"89a07b9cf1fd37bfe0b569270f7b3e97f5ff9e749c28e71353d100c73954ee5962893432d3c5fa5a8ebd022da983ed1762f31142dc34adcdfbdd15f31a56bee8",,"2026-03-07T17:45:00.000","30","NO CONTROLS","NO CONTROLS","UNKNOWN","DARKNESS, LIGHTED ROAD","TURNING","DIVIDED - W/MEDIAN (NOT RAISED)",,"STRAIGHT AND LEVEL","UNKNOWN","UNKNOWN","NOT ON SCENE (DESK REPORT)","NO INJURY / DRIVE AWAY",,,"Y","OVER $1,500","2026-03-07T18:45:00.000","IMPROPER BACKING","FAILING TO REDUCE SPEED TO AVOID CRASH","1211","N","STATE PKWY","1824",,,,,,,"2","NO INDICATION OF INJURY","0","0","0","0","0","2","0","17","7","3","41.9043062524","-87.6285441111","POINT (-87.628544111129 41.904306252397)"
"9b4d4f9a18135e0baf06ac9570e7895ece972c4ab288702da0c868ef6b98fc7cd398423c53c78f351869b5f5a91a3f53a7b2ea341bf9d14e0c8c5894f0714121",,"2026-03-07T17:30:00.000","15","NO CONTROLS","NO CONTROLS","CLEAR","DAYLIGHT","TURNING","NOT DIVIDED",,"STRAIGHT AND LEVEL","UNKNOWN","NO DEFECTS","NOT ON SCENE (DESK REPORT)","NO INJURY / DRIVE AWAY",,,,"OVER $1,500","2026-03-07T17:59:00.000","DRIVING SKILLS/KNOWLEDGE/EXPERIENCE","NOT APPLICABLE","5360","S","CAMPBELL AVE","923",,,,,,,"2","NO INDICATION OF INJURY","0","0","0","0","0","2","0","17","7","3","41.7956943488","-87.6866823066","POINT (-87.686682306644 41.79569434884)"
"d0fd151a8255a3739def11b120a3071e20bca50e71028a9d934669e1d9604b55ade6d9d4da7f9ff6de2c1a84fe79e9e63165326466d143981d7b1b934381b42a",,"2026-03-07T17:30:00.000","35","TRAFFIC SIGNAL","FUNCTIONING PROPERLY","CLEAR","DAYLIGHT","ANGLE","NOT DIVIDED",,"STRAIGHT AND LEVEL","DRY","NO DEFECTS","ON SCENE","NO INJURY / DRIVE AWAY","N",,"Y","$500 OR LESS","2026-03-07T17:35:00.000","UNABLE TO DETERMINE","UNABLE TO DETERMINE","4198","W","OGDEN AVE","1013",,,,,,,"2","NO INDICATION OF INJURY","0","0","0","0","0","2","0","17","7","3","41.8495228765","-87.7295344269","POINT (-87.729534426858 41.849522876527)"
"06880439dbe35de08c337937786742953c1318a286c8d86a6b1f08af71efce964f1ae1d36c4b6870457523ec6ffd8a0dfdd440606f4722ca83270abfb56fa3dc","Y","2026-03-07T17:20:00.000","30","NO CONTROLS","NO CONTROLS","CLEAR","DUSK","SIDESWIPE SAME DIRECTION","DIVIDED - W/MEDIAN (NOT RAISED)",,"STRAIGHT AND LEVEL","DRY","UNKNOWN","ON SCENE","NO INJURY / DRIVE AWAY",,,,"OVER $1,500","2026-03-07T17:22:00.000","UNABLE TO DETERMINE","UNABLE TO DETERMINE","7900","S","LANGLEY AVE","624",,,,,,,"2","NO INDICATION OF INJURY","0","0","0","0","0","2","0","17","7","3","41.7511501753","-87.6078020362","POINT (-87.607802036151 41.7511501753)"
"1eedcebeb0f2860d632567c83fee0f54667859f202ef6394380673d87796f10e16bfd6802c33ba01da9e189cbc84d2632cc4c2d3579f348fc019a8f5d10c6c09",,"2026-03-07T17:15:00.000","30","TRAFFIC SIGNAL","FUNCTIONING PROPERLY","CLEAR","DUSK","SIDESWIPE SAME DIRECTION","DIVIDED - W/MEDIAN (NOT RAISED)",,"STRAIGHT AND LEVEL","UNKNOWN","UNKNOWN","ON SCENE","INJURY AND / OR TOW DUE TO CRASH","Y",,,"OVER $1,500","2026-03-07T18:36:00.000","FAILING TO YIELD RIGHT-OF-WAY","IMPROPER OVERTAKING/PASSING","524","N","STATE ST","1831",,,,,,,"2","NO INDICATION OF INJURY","0","0","0","0","0","2","0","17","7","3","41.8916310557","-87.6282158453","POINT (-87.628215845305 41.891631055727)"
"eaad7ad45c5d3b33c6485e39eb72045c22080e8bae324dd375cc84201c66da26b9047ec88072ea1103938a2cd9b0a646ebe532697b9a82824b9eb1f7e2f5feef",,"2026-03-07T17:03:00.000","30","TRAFFIC SIGNAL","FUNCTIONING PROPERLY","CLEAR","DARKNESS, LIGHTED ROAD","REAR END","NOT DIVIDED",,"STRAIGHT AND LEVEL","DRY","NO DEFECTS","NOT ON SCENE (DESK REPORT)","INJURY AND / OR TOW DUE TO CRASH",,,"Y","OVER $1,500","2026-03-07T19:30:00.000","FOLLOWING TOO CLOSELY","HAD BEEN DRINKING (USE WHEN ARREST IS NOT MADE)","5320","N","CUMBERLAND AVE","1614",,,,,,,"2","REPORTED, NOT EVIDENT","3","0","0","0","3","1","0","17","7","3","41.9762654513","-87.8367659911","POINT (-87.836765991052 41.976265451313)"
"051ab2735450af4335f5d6c16729eb91f97ab7a035d5e60fc3e92b4dd35cbf48ff5920ac8a9613560a9fde9e974ddda61ca11f018d2fd3ee46a3ebe5a8744d2c",,"2026-03-07T17:00:00.000","20","NO CONTROLS","NO CONTROLS","UNKNOWN","UNKNOWN","PARKED MOTOR VEHICLE","NOT DIVIDED",,"STRAIGHT AND LEVEL","UNKNOWN","UNKNOWN","NOT ON SCENE (DESK REPORT)","NO INJURY / DRIVE AWAY",,,"Y","OVER $1,500","2026-03-07T19:20:00.000","UNABLE TO DETERMINE","NOT APPLICABLE","3041","W","THORNDALE AVE","2011",,,,,,,"2","NO INDICATION OF INJURY","0","0","0","0","0","1","0","17","7","3","41.9883954678","-87.7057318877","POINT (-87.7057318877 41.988395467758)"
"ef45c1f714f68858f3cb01dde9d5db3c33bb15277ea6bb9e07dde8bc0a7f24b155bf5e046f65846bfa905ee6522cb52f7371f664e944ef2ecfdda8dd2d697085",,"2026-03-07T16:59:00.000","30","NO CONTROLS","NO CONTROLS","CLEAR","DAYLIGHT","PEDESTRIAN","NOT DIVIDED",,"STRAIGHT AND LEVEL","DRY","NO DEFECTS","ON SCENE","INJURY AND / OR TOW DUE TO CRASH",,,,"OVER $1,500","2026-03-07T16:59:00.000","UNABLE TO DETERMINE","UNABLE TO DETERMINE","1137","W","WAVELAND AVE","1923",,,,,,,"2","NONINCAPACITATING INJURY","1","0","0","1","0","1","0","16","7","3","41.9488708687","-87.6583151301","POINT (-87.658315130087 41.948870868734)"