"crash_record_id","crash_date_est_i","crash_date","posted_speed_limit","traffic_control_device","device_condition","weather_condition","lighting_condition","first_crash_type","trafficway_type","lane_cnt","alignment","roadway_surface_cond","road_defect","report_type","crash_type","intersection_related_i","private_property_i","hit_and_run_i","damage","date_police_notified","prim_contributory_cause","sec_contributory_cause","street_no","street_direction","street_name","beat_of_occurrence","photos_taken_i","statements_taken_i","dooring_i","work_zone_i","work_zone_type","workers_present_i","num_units","most_severe_injury","injuries_total","injuries_fatal","injuries_incapacitating","injuries_non_incapacitating","injuries_reported_not_evident","injuries_no_indication","injuries_unknown","crash_hour","crash_day_of_week","crash_month","latitude","longitude","location"
"418750c65fc8ef2eafc3994b5e060d1a4094871ba941fac90337294b7cf686559b0b90898ac395f9ad6f43b1565c6d4cec867791038971ccc3503f8d90942362",,"2026-03-07T16:50:00.000","30","STOP SIGN/FLASHER","FUNCTIONING PROPERLY","CLEAR","DAYLIGHT","ANGLE","NOT DIVIDED",,"STRAIGHT AND LEVEL","DRY","NO DEFECTS","ON SCENE","INJURY AND / OR TOW DUE TO CRASH","Y",,,"OVER $1,500","2026-03-07T16:52:00.000","DISREGARDING STOP SIGN","NOT APPLICABLE","4757","S","INDIANA AVE","224",,,,,,,"2","REPORTED, NOT EVIDENT","2","0","0","0","2","0","0","16","7","3","41.8076418453","-87.6210223998","POINT (-87.621022399823 41.807641845293)"
"fcb90edb5b541ea9681e5727b2e1639456d70c2fbf42a17c1fa9f272cf6095ab7cee31fb590128b5a64cc39f7623c81e8e9d53e2b2af078d77084206644dc3f5",,"2026-03-07T16:50:00.000","30","NO CONTROLS","NO CONTROLS","CLEAR","DAYLIGHT","TURNING","NOT DIVIDED",,"STRAIGHT AND LEVEL","DRY","NO DEFECTS","NOT ON SCENE (DESK REPORT)","NO INJURY / DRIVE AWAY",,,"Y","OVER $1,500","2026-03-07T16:53:00.000","IMPROPER OVERTAKING/PASSING","NOT APPLICABLE","1055","W","WILSON AVE","1914",,,,,,,"2","NO INDICATION OF INJURY","0","0","0","0","0","3","0","16","7","3","41.9652951098","-87.6571185986","POINT (-87.657118598596 41.965295109791)"
"27f390d5a6bb307c60130c72fedf9db4a0cabdc559db67afb8cba7624807bc01c2b74e32674e51843452d7422899ea93913d759c065bcc8247f8364a4cbb1c8d",,"2026-03-07T16:38:00.000","30","STOP SIGN/FLASHER","FUNCTIONING PROPERLY","CLEAR","DAWN","TURNING","T-INTERSECTION",,"STRAIGHT AND LEVEL","WET","UNKNOWN","ON SCENE","INJURY AND / OR TOW DUE TO CRASH","Y",,,"OVER $1,500","2026-03-07T16:48:00.000","FAILING TO YIELD RIGHT-OF-WAY","UNABLE TO DETERMINE","3901","W","FOSTER AVE","1712",,,,,,,"2","NONINCAPACITATING INJURY","1","0","0","1","0","2","0","16","7","3","41.9754462696","-87.7258767257","POINT (-87.72587672569 41.975446269603)"
"6714a6c95d0313ae2fe7c70ddcf8024ed9f0912fffa128db96641cc4a7572c8694f2204408f3c4c965eac9741cdd22e0c306e2817b32f1636ba3f96abcd287b9",,"2026-03-07T16:37:00.000","20","TRAFFIC SIGNAL","FUNCTIONING PROPERLY","CLEAR","DAYLIGHT","REAR END","DIVIDED - W/MEDIAN BARRIER",,"STRAIGHT AND LEVEL","DRY","UNKNOWN","NOT ON SCENE (DESK REPORT)","NO INJURY / DRIVE AWAY","Y",,"Y","OVER $1,500","2026-03-07T18:55:00.000","UNABLE TO DETERMINE","NOT APPLICABLE","150","N","STATE ST","111",,,,,,,"2","NO INDICATION OF INJURY","0","0","0","0","0","3","0","16","7","3","41.8845205564","-87.6280582821","POINT (-87.628058282128 41.8845205564)"
"0791e0d94becccf03f34076df311a1821b96f080a3b7b34fa240f5cc6678402d363a1d60954ca776f7b28a6d4c159545adf127c5b42559d15ac1c100e51194c4",,"2026-03-07T16:30:00.000","10","NO CONTROLS","NO CONTROLS","CLEAR","DAYLIGHT","PARKED MOTOR VEHICLE","ALLEY",,"STRAIGHT AND LEVEL","DRY","NO DEFECTS","NOT ON SCENE (DESK REPORT)","NO INJURY / DRIVE AWAY",,,"Y","$500 OR LESS","2026-03-08T10:00:00.000","UNABLE TO DETERMINE","UNABLE TO DETERMINE","2045","W","GRAND AVE","1221",,,,,,,"2","NO INDICATION OF INJURY","0","0","0","0","0","1","0","16","7","3","41.8906841285","-87.6786957704","POINT (-87.678695770388 41.890684128517)"
"1822c5078041204f73461987a8f63e8641511204e55e2c7530016c2f2cbf2015ef56dd02f58e54ce4c0c4d2a98440d5ee76c09ab371687e647a85baf50337a8d",,"2026-03-07T16:30:00.000","35","NO CONTROLS","NO CONTROLS","CLEAR","DAYLIGHT","TURNING","FOUR WAY",,"STRAIGHT AND LEVEL","DRY","NO DEFECTS","ON SCENE","NO INJURY / DRIVE AWAY","Y",,,"OVER $1,500","2026-03-07T16:32:00.000","IMPROPER TURNING/NO SIGNAL","FAILING TO YIELD RIGHT-OF-WAY","3159","S","PULASKI RD","1031",,,,,,,"2","NO INDICATION OF INJURY","0","0","0","0","0","2","0","16","7","3","41.8351557833","-87.7241643801","POINT (-87.724164380109 41.835155783277)"
"77b8b629231a6fb9b1b9c6ed738bacab8c286609cb4bd3c84da95b56cefe55c3b7f7a93e125cc7a2f4918593fd2be241c526bc2cfb5d1c9679c79bdf1438d310",,"2026-03-07T16:30:00.000","30","NO CONTROLS","NO CONTROLS","CLEAR","DAYLIGHT","PARKED MOTOR VEHICLE","DIVIDED - W/MEDIAN BARRIER",,"STRAIGHT AND LEVEL","DRY","NO DEFECTS","ON SCENE","INJURY AND / OR TOW DUE TO CRASH",,,,"OVER $1,500","2026-03-07T16:45:00.000","UNABLE TO DETERMINE","UNABLE TO DETERMINE","8836","S","HALSTED ST","2223",,,,,,,"2","INCAPACITATING INJURY","1","0","1","0","0","0","0","16","7","3","41.7332036556","-87.6436838916","POINT (-87.643683891593 41.733203655581)"
"fbd3c3c556acd806a2da9151d6715ce6457d9db3e099109a3ea3ccd17df3981a512af3cdf20a70c76d6b7464d5f097898603cb6fa5aea3a8d141d20c871cbb46",,"2026-03-07T16:30:00.000","10","NO CONTROLS","NO CONTROLS","CLEAR","DAYLIGHT","PARKED MOTOR VEHICLE","PARKING LOT",,"STRAIGHT AND LEVEL","DRY","NO DEFECTS","NOT ON SCENE (DESK REPORT)","NO INJURY / DRIVE AWAY",,,"Y","OVER $1,500","2026-03-08T14:31:00.000","UNABLE TO DETERMINE","NOT APPLICABLE","7601","S","CICERO AVE","833",,,,,,,"2","NO INDICATION OF INJURY","0","0","0","0","0","1","0","16","7","3","41.7546601244","-87.7413847586","POINT (-87.741384758605 41.754660124394)"
"9410353b21a055b61f269c9ca8d7c12edc8b0c59e4d91f2c9f369f2c09ffb3a86c0fb594b4788f0aa438987ef3701317032b00fab5781b3191c2823b0f1aed15",,"2026-03-07T16:25:00.000","25","RR CROSSING SIGN","UNKNOWN","CLEAR","DAYLIGHT","PARKED MOTOR VEHICLE","NOT DIVIDED",,"STRAIGHT AND LEVEL","DRY","UNKNOWN","ON SCENE","NO INJURY / DRIVE AWAY",,,,"$501 - $1,500","2026-03-07T16:26:00.000","UNABLE TO DETERMINE","NOT APPLICABLE","2943","N","LOCKWOOD AVE","2514",,,,,,,"2","NO INDICATION OF INJURY","0","0","0","0","0","4","0","16","7","3","41.9345074444","-87.7588287181","POINT (-87.758828718084 41.93450744442)"
"4e26909eb25cd47eb969f2f75a9a7b7d39a99c5e884c0224f7e526080adee95fa529ea0814edc68f4b041cf3608b12ffd1d794988b5b84bf1ae738bd6589875e",,"2026-03-07T16:20:00.000","20","NO CONTROLS","NO CONTROLS","CLEAR","DAYLIGHT","PARKED MOTOR VEHICLE","ONE-WAY",,"STRAIGHT AND LEVEL","DRY","NO DEFECTS","NOT ON SCENE (DESK REPORT)","NO INJURY / DRIVE AWAY",,,"Y","OVER $1,500","2026-03-07T17:40:00.000","UNABLE TO DETERMINE","UNABLE TO DETERMINE","1447","N","LEAMINGTON AVE","2533",,,,,,,"2","NO INDICATION OF INJURY","0","0","0","0","0","1","0","16","7","3","41.9072755505","-87.754523595","POINT (-87.754523595029 41.907275550497)"
"3a765f37a03c8e00cf3c40b13437288b13ee3baf55342e5d2efcd232dcdaae8e97057c2b9e644004afbcc4200b1f48677f43f50d55742288a769c34118432e2c",,"2026-03-07T16:17:00.000","30","TRAFFIC SIGNAL","FUNCTIONING PROPERLY","CLOUDY/OVERCAST","DAYLIGHT","REAR END","DIVIDED - W/MEDIAN (NOT RAISED)",,"STRAIGHT AND LEVEL","DRY","NO DEFECTS","ON SCENE","INJURY AND / OR TOW DUE TO CRASH",,,,"OVER $1,500","2026-03-07T16:46:00.000","FOLLOWING TOO CLOSELY","UNABLE TO DETERMINE","4025","W","PETERSON AVE","1711",,,,,,,"2","NO INDICATION OF INJURY","0","0","0","0","0","3","0","16","7","3","41.9900137339","-87.7296161987","POINT (-87.72961619868 41.990013733891)"
"ccf9cb5c76da9bdc05d2e920bff09d3b512b3958f0b082578783dd7150d8f13aa4c58213ebcc658435e9a0270713d9e3f232918fdc2d37c7bf2120463d1a33f7",,"2026-03-07T16:07:00.000","30","NO CONTROLS","NO CONTROLS","CLEAR","DAYLIGHT","REAR END","FOUR WAY",,"STRAIGHT ON GRADE","DRY","NO DEFECTS","NOT ON SCENE (DESK REPORT)","NO INJURY / DRIVE AWAY","Y",,,"OVER $1,500","2026-03-07T17:15:00.000","FAILING TO REDUCE SPEED TO AVOID CRASH","DRIVING SKILLS/KNOWLEDGE/EXPERIENCE","12000","S","HALSTED ST","524",,,,,,,"2","NO INDICATION OF INJURY","0","0","0","0","0","2","0","16","7","3","41.6758965588","-87.6419907812","POINT (-87.641990781206 41.675896558815)"
"da58624ee11b71eb72cc1772fd5c3c2c58a01f48ae29136318ed6898c41cdcc9bedc0b41b7134bd1f199c6472d5d56c085eb68b0d3cae3453445a8e9d3595f77",,"2026-03-07T16:03:00.000","15","NO CONTROLS","NO CONTROLS","CLEAR","DAYLIGHT","FIXED OBJECT","NOT DIVIDED",,"STRAIGHT AND LEVEL","DRY","NO DEFECTS","ON SCENE","NO INJURY / DRIVE AWAY",,,,"$501 - $1,500","2026-03-07T16:08:00.000","UNABLE TO DETERMINE","UNABLE TO DETERMINE","10","E","BENTON PL","111",,,,,,,"1","NO INDICATION OF INJURY","0","0","0","0","0","1","0","16","7","3","41.8852334545","-87.6275595982","POINT (-87.627559598195 41.885233454463)"
"aea9df9f28ba6d1cb2a7069ccc143f788d38fd3f0f6a85d103dd15333d5fe014ed4609338290e55a1abd61d540efac971bcdafbc621d051c574787f8b6caf468",,"2026-03-07T15:52:00.000","30","NO CONTROLS","NO CONTROLS","CLEAR","DAYLIGHT","ANGLE","NOT DIVIDED",,"STRAIGHT AND LEVEL","DRY","NO DEFECTS","ON SCENE","INJURY AND / OR TOW DUE TO CRASH",,,,"OVER $1,500","2026-03-07T15:58:00.000","FAILING TO YIELD RIGHT-OF-WAY","FAILING TO YIELD RIGHT-OF-WAY","3299","W","DEVON AVE","1711",,,,,,,"2","NO INDICATION OF INJURY","0","0","0","0","0","3","0","15","7","3","41.9972392258","-87.7116783305","POINT (-87.711678330492 41.997239225816)"
"a4ac3db900666376e7d03cb4bc1c9970b06aa7e5f642a973092f89fc87eb363ae173d16037b4b69a3edfebd2e5dc2aed6a3af162d9bfdbe46a3db24153f49619",,"2026-03-07T15:51:00.000","30","NO CONTROLS","NO CONTROLS","CLEAR","DAYLIGHT","SIDESWIPE SAME DIRECTION","NOT DIVIDED",,"STRAIGHT AND LEVEL","DRY","NO DEFECTS","ON SCENE","NO INJURY / DRIVE AWAY",,,,"OVER $1,500","2026-03-07T15:52:00.000","IMPROPER LANE USAGE","NOT APPLICABLE","3052","W","87TH ST","835",,,,,,,"2","NO INDICATION OF INJURY","0","0","0","0","0","3","0","15","7","3","41.7353572747","-87.6989712441","POINT (-87.698971244067 41.735357274736)"
"21bc92eaeabe2dd33ee577d5474d226d03d97c0a6d4fb7667acfc45464aff4d7d1a1871e22539bb9be0911be05c25e75968f6aa4efeb83eab832847f4583c3b9",,"2026-03-07T15:46:00.000","30","NO CONTROLS","NO CONTROLS","CLEAR","DAYLIGHT","REAR END","NOT DIVIDED",,"STRAIGHT AND LEVEL","DRY","UNKNOWN","ON SCENE","NO INJURY / DRIVE AWAY",,,,"OVER $1,500","2026-03-07T15:46:00.000","FOLLOWING TOO CLOSELY","NOT APPLICABLE","1259","W","MARQUETTE RD","724",,,,,,,"2","NO INDICATION OF INJURY","0","0","0","0","0","2","0","15","7","3","41.7721889891","-87.6566741917","POINT (-87.656674191747 41.772188989148)"
"ff1cae96b17449102b4114805ec7cd74615b742244653f160485dd055cade0289dc3e5e27ab6f6176f913abd173bcd1156a248957903bdd1baf2486bad9064d8",,"2026-03-07T15:39:00.000","30","NO CONTROLS","NO CONTROLS","CLEAR","DAYLIGHT","SIDESWIPE SAME DIRECTION","DIVIDED - W/MEDIAN BARRIER",,"STRAIGHT AND LEVEL","UNKNOWN","UNKNOWN","NOT ON SCENE (DESK REPORT)","NO INJURY / DRIVE AWAY",,,,"OVER $1,500","2026-03-07T16:35:00.000","UNABLE TO DETERMINE","NOT APPLICABLE","4644","S","ASHLAND AVE","924",,,,,,,"2","NO INDICATION OF INJURY","0","0","0","0","0","3","0","15","7","3","41.8091306798","-87.6651308271","POINT (-87.665130827088 41.809130679824)"
"0dcb56e587359be92429fee5cde35530746456abe400308e18d3213534db49e9a4ff4f41c3fdb14fd2d7ae5f62fbcbfa2d586577bdd2888ee14505adcf1a9bd1",,"2026-03-07T15:30:00.000","30","TRAFFIC SIGNAL","FUNCTIONING PROPERLY","CLEAR","DAYLIGHT","REAR END","DIVIDED - W/MEDIAN (NOT RAISED)",,"STRAIGHT AND LEVEL","DRY","NO DEFECTS","NOT ON SCENE (DESK REPORT)","NO INJURY / DRIVE AWAY",,,,"OVER $1,500","2026-03-07T16:00:00.000","DISTRACTION - FROM INSIDE VEHICLE","NOT APPLICABLE","1862","S","PULASKI RD","1012",,,,,,,"2","NO INDICATION OF INJURY","0","0","0","0","0","2","0","15","7","3","41.8552236509","-87.7250000965","POINT (-87.725000096524 41.855223650924)"
"2efa258e6f9072e55959128ed0ed112b1538d55780a51ee9fdc037085f480d67c9bae99ee16fab495dff595b9a33bccf150a8d348debf34c0c3c34b766a3c1e5",,"2026-03-07T15:30:00.000","30","TRAFFIC SIGNAL","FUNCTIONING PROPERLY","CLEAR","DAYLIGHT","ANGLE","FOUR WAY",,"STRAIGHT AND LEVEL","DRY","NO DEFECTS","NOT ON SCENE (DESK REPORT)","NO INJURY / DRIVE AWAY","Y",,,"OVER $1,500","2026-03-07T16:00:00.000","FAILING TO YIELD RIGHT-OF-WAY","FAILING TO YIELD RIGHT-OF-WAY","101","S","CANAL ST","121",,,,,,,"2","NO INDICATION OF INJURY","0","0","0","0","0","2","0","15","7","3","41.8805287108","-87.6394979718","POINT (-87.639497971836 41.880528710785)"
"5c0ce7b25a897d567aac886d8c378e629bfed53894c4ffa94981f2fe8c0cd56d548c0bbcd551f63117fc6559874975e64fd5c562d5711fea8ee1b157b7bc5908",,"2026-03-07T15:30:00.000","30","NO CONTROLS","NO CONTROLS","CLEAR","DAYLIGHT","SIDESWIPE SAME DIRECTION","DIVIDED - W/MEDIAN (NOT RAISED)",,"STRAIGHT AND LEVEL","DRY","NO DEFECTS","NOT ON SCENE (DESK REPORT)","NO INJURY / DRIVE AWAY",,,,"OVER $1,500","2026-03-07T15:40:00.000","IMPROPER OVERTAKING/PASSING","UNABLE TO DETERMINE","2111","N","CLYBOURN AVE","1811",,,,,,,"2","NO INDICATION OF INJURY","0","0","0","0","0","2","0","15","7","3","41.9196879611","-87.661511321","POINT (-87.661511320953 41.919687961052)"
"94d25d32ea3c2af9878c20c53fb4aeebee1471760a18cfbb5cbf2e7901bfc5c8a655b088f893c98b4cb745b13f11adf0b5bfbcaaa85c25f04466b825143431a1",,"2026-03-07T15:30:00.000","30","NO CONTROLS","NO CONTROLS","CLEAR","DAYLIGHT","SIDESWIPE SAME DIRECTION","NOT DIVIDED",,"STRAIGHT AND LEVEL","DRY","NO DEFECTS","ON SCENE","INJURY AND / OR TOW DUE TO CRASH",,,,"OVER $1,500","2026-03-07T15:40:00.000","FOLLOWING TOO CLOSELY","NOT APPLICABLE","2520","S","DAMEN AVE","1034",,,,,,,"2","REPORTED, NOT EVIDENT","1","0","0","0","1","1","0","15","7","3","41.8461017657","-87.6758262997","POINT (-87.675826299658 41.846101765673)"
"c78bc529f24cd1f474adf1d05950c1d1b2e271c189127bfa531f62f25d8ecde2aa73d54722fba55368db887a40339584efc958579b0f70eb6a37bc0a9154b47f",,"2026-03-07T15:30:00.000","10","NO CONTROLS","NO CONTROLS","CLEAR","DAYLIGHT","REAR TO REAR","PARKING LOT",,"STRAIGHT AND LEVEL","DRY","NO DEFECTS",,"NO INJURY / DRIVE AWAY",,,,"OVER $1,500","2026-03-07T16:44:00.000","IMPROPER BACKING","NOT APPLICABLE","7535","S","ASHLAND AVE","612",,,,,,,"2","NO INDICATION OF INJURY","0","0","0","0","0","3","0","15","7","3","41.7565454141","-87.6634438529","POINT (-87.663443852852 41.756545414126)"
"fcab50773f8c620dc0819ad52fab5d45d2f9d0ff3a5481bac1f7f272e15349edcd0a0afe4d2f356e131a052878bb027466d135ade1c062eee75fbdfaf591571d",,"2026-03-07T15:30:00.000","30","NO CONTROLS","NO CONTROLS","CLEAR","DAYLIGHT","ANGLE","NOT DIVIDED",,"STRAIGHT AND LEVEL","DRY","NO DEFECTS","NOT ON SCENE (DESK REPORT)","NO INJURY / DRIVE AWAY",,,,"$501 - $1,500","2026-03-07T15:30:00.000","FAILING TO YIELD RIGHT-OF-WAY","FAILING TO YIELD RIGHT-OF-WAY","2448","W","DIVERSEY AVE","1411",,,,,,,"2","NO INDICATION OF INJURY","0","0","0","0","0","2","0","15","7","3","41.9322647954","-87.6898955755","POINT (-87.689895575546 41.932264795427)"
"2152a19e9b6e601f1ce56fc1ce6ff8fd5befac4d7f8877271e70d619fc28bc69f1e9bdde245bb0b247073e5a60dc3efdb010ff3d5fe353d234a0fab19c496fa0",,"2026-03-07T15:25:00.000","30","NO CONTROLS","NO CONTROLS","CLEAR","DAYLIGHT","TURNING","DIVIDED - W/MEDIAN (NOT RAISED)",,"STRAIGHT AND LEVEL","UNKNOWN","UNKNOWN","NOT ON SCENE (DESK REPORT)","NO INJURY / DRIVE AWAY",,,"Y","OVER $1,500","2026-03-07T18:20:00.000","UNABLE TO DETERMINE","NOT APPLICABLE","3700","W","FULLERTON AVE","2524",,,,,,,"2","NO INDICATION OF INJURY","0","0","0","0","0","2","0","15","7","3","41.9246823997","-87.7195018354","POINT (-87.719501835372 41.92468239973)"
"fcc89498f2731963eed18c8c44820710c4f7f43d78f640a85362f7958652240f50b81778e85dd427e52cac81f0fee6cf84ea61ca50648f8519471c28b55f042c",,"2026-03-07T15:08:00.000","30","UNKNOWN","UNKNOWN","UNKNOWN","UNKNOWN","SIDESWIPE SAME DIRECTION","NOT DIVIDED",,"STRAIGHT AND LEVEL","UNKNOWN","UNKNOWN","NOT ON SCENE (DESK REPORT)","NO INJURY / DRIVE AWAY",,,,"$500 OR LESS","2026-03-08T14:01:00.000","UNABLE TO DETERMINE","UNABLE TO DETERMINE","7225","N","WESTERN AVE","2411",,,,,,,"2","NO INDICATION OF INJURY","0","0","0","0","0","2","0","15","7","3","42.013050453","-87.6900960727","POINT (-87.690096072664 42.013050452987)"
"4bcdd2b0d88f737085495c7b30374f2bd071b4cc8b5796bb09e3d1b3ba6cbb653032ee78553e411a48d762704215223ac385bb1fe6266da34daefe6e667c3be1",,"2026-03-07T15:01:00.000","30","NO CONTROLS","NO CONTROLS","CLEAR","DAYLIGHT","REAR END","NOT DIVIDED",,"STRAIGHT AND LEVEL","UNKNOWN","UNKNOWN","NOT ON SCENE (DESK REPORT)","NO INJURY / DRIVE AWAY",,,,"OVER $1,500","2026-03-07T15:20:00.000","FOLLOWING TOO CLOSELY","NOT APPLICABLE","3946","W","63RD ST","823",,,,,,,"2","NO INDICATION OF INJURY","0","0","0","0","0","2","0","15","7","3","41.7787747433","-87.7221835838","POINT (-87.722183583817 41.778774743321)"
"07498d88a9102c851cf2136461614142b3c02f5f274a38e9d40302a99839630985621422a36449a6ce08b6e351eed9c64c6f41822964b9d6b23ba72d5be062b3",,"2026-03-07T15:00:00.000","10","NO CONTROLS","NO CONTROLS","CLEAR","DAYLIGHT","PEDESTRIAN","PARKING LOT",,"STRAIGHT AND LEVEL","DRY","NO DEFECTS","ON SCENE","INJURY AND / OR TOW DUE TO CRASH",,,,"OVER $1,500","2026-03-07T15:05:00.000","FAILING TO YIELD RIGHT-OF-WAY","FAILING TO YIELD RIGHT-OF-WAY","6540","W","FULLERTON AVE","2512",,,,,,,"3","REPORTED, NOT EVIDENT","2","0","0","0","2","1","0","15","7","3","41.9237564042","-87.7892957868","POINT (-87.789295786827 41.923756404176)"
"7e50cde9987ef33dcd2e9ba63d701f43983a171f10fdbdcf346155453e0310fbc2949fbdc52bf6b26cd64651fa52b42b1bafd9089e5298b94190c825aa749914",,"2026-03-07T15:00:00.000","10","NO CONTROLS","NO CONTROLS","CLEAR","DAYLIGHT","PARKED MOTOR VEHICLE","NOT DIVIDED",,"STRAIGHT AND LEVEL","DRY","UNKNOWN","NOT ON SCENE (DESK REPORT)","NO INJURY / DRIVE AWAY",,,,"OVER $1,500","2026-03-11T17:20:00.000","UNABLE TO DETERMINE","UNABLE TO DETERMINE","7443","S","INGLESIDE AVE","323",,,,,,,"2","NO INDICATION OF INJURY","0","0","0","0","0","1","0","15","7","3","41.759168176","-87.6015914398","POINT (-87.601591439848 41.759168176006)"
"c0e9a667ff3583244407ef893208f006e09bfc8a47e0b42c0403666b3f0ead2708d78629ba9ef0317c679f751a7e538ef51b9cca2c0110eafb21e0048d615a74",,"2026-03-07T15:00:00.000","30","TRAFFIC SIGNAL","FUNCTIONING PROPERLY","CLOUDY/OVERCAST","DAYLIGHT","PEDALCYCLIST","FOUR WAY",,"STRAIGHT AND LEVEL","DRY","WORN SURFACE","ON SCENE","INJURY AND / OR TOW DUE TO CRASH","Y",,,"$501 - $1,500","2026-03-07T15:03:00.000","FAILING TO YIELD RIGHT-OF-WAY","NOT APPLICABLE","3900","S","WESTERN BLVD","921",,,,,,,"2","NONINCAPACITATING INJURY","1","0","0","1","0","3","0","15","7","3","41.8229636279","-87.6843847854","POINT (-87.684384785413 41.82296362788)"
"e9337ad5a5e5d573289dae9baac85a9b7b95a17b49075e182896e048b09acf25e4e9ed3443cb4cf3a29ab19508048ff6bb43614b89b13c8d596db4d2a2de01f6",,"2026-03-07T14:59:00.000","25","TRAFFIC SIGNAL","FUNCTIONING PROPERLY","CLEAR","DAYLIGHT","SIDESWIPE SAME DIRECTION","NOT DIVIDED",,"STRAIGHT AND LEVEL","DRY","NO DEFECTS","NOT ON SCENE (DESK REPORT)","NO INJURY / DRIVE AWAY","Y",,,"OVER $1,500","2026-03-07T15:20:00.000","UNABLE TO DETERMINE","UNABLE TO DETERMINE","1401","S","SACRAMENTO DR","1022",,,,,,,"2","NO INDICATION OF INJURY","0","0","0","0","0","2","0","14","7","3","41.8629040013","-87.7018665447","POINT (-87.701866544677 41.862904001286)"
"cd97d8fb52d238dbee53c56ce8be00bfe0b1a5346166e55b8e055f7ba011505463e9f5cb7302bcceddf9d492ebafe17e0101e1ea2990b66fe939107b30fe005d",,"2026-03-07T14:50:00.000","30","NO CONTROLS","NO CONTROLS","CLEAR","DAYLIGHT","TURNING","DIVIDED - W/MEDIAN (NOT RAISED)",,"STRAIGHT AND LEVEL","UNKNOWN","UNKNOWN","NOT ON SCENE (DESK REPORT)","NO INJURY / DRIVE AWAY",,,,"$501 - $1,500","2026-03-07T15:15:00.000","DRIVING SKILLS/KNOWLEDGE/EXPERIENCE","NOT APPLICABLE","2447","W","DIVERSEY AVE","1411",,,,,,,"2","NO INDICATION OF INJURY","0","0","0","0","0","2","0","14","7","3","41.9320455747","-87.6898155321","POINT (-87.689815532083 41.932045574677)"
"d45d7661f8a6106c875979ed6e5a9821ffb705df5d4e47975cab847e4c029f5ccb12b47f55d0d71e54fba42b6e19f13e657242aab9c14e75db42ba0dcdfa3df7",,"2026-03-07T14:50:00.000","30","NO CONTROLS","NO CONTROLS","CLEAR","DAYLIGHT","SIDESWIPE SAME DIRECTION","NOT DIVIDED",,"STRAIGHT AND LEVEL","UNKNOWN","UNKNOWN","NOT ON SCENE (DESK REPORT)","NO INJURY / DRIVE AWAY",,,,"OVER $1,500","2026-03-07T16:08:00.000","DRIVING SKILLS/KNOWLEDGE/EXPERIENCE","NOT APPLICABLE","1055","W","BRYN MAWR AVE","2023",,,,,,,"2","NO INDICATION OF INJURY","0","0","0","0","0","3","0","14","7","3","41.9835594258","-87.6573820241","POINT (-87.657382024073 41.983559425774)"
"493c87764a507924867a5415bbe2aba6e72a35435ec764c9b71610cb62d88555ce19f2ea5f60dacc23ddeb8f4abf7b83ac49d2b6fddf518f04b3d2c174230685",,"2026-03-07T14:44:00.000","30","NO CONTROLS","NO CONTROLS","CLEAR","DAYLIGHT","REAR END","NOT DIVIDED",,"STRAIGHT AND LEVEL","DRY","NO DEFECTS","NOT ON SCENE (DESK REPORT)","NO INJURY / DRIVE AWAY",,,,"$501 - $1,500","2026-03-07T14:53:00.000","UNABLE TO DETERMINE","UNABLE TO DETERMINE","4957","W","FOSTER AVE","1623",,,,,,,"2","NO INDICATION OF INJURY","0","0","0","0","0","2","0","14","7","3","41.9751663116","-87.7526174347","POINT (-87.752617434656 41.975166311556)"
"e5b0da2c9bb6886e0d87a63e1cc745d1654c68d140bd28bd89783d220fc997ddfd20225f1833c215eb9f1b55494c5461adc9d653f53ad6847928efaaabf104bd",,"2026-03-07T14:28:00.000","30","NO CONTROLS","NO CONTROLS","CLOUDY/OVERCAST","DAYLIGHT","FIXED OBJECT","ALLEY",,"STRAIGHT AND LEVEL","DRY","NO DEFECTS","ON SCENE","NO INJURY / DRIVE AWAY",,,,"OVER $1,500","2026-03-07T14:28:00.000","OPERATING VEHICLE IN ERRATIC, RECKLESS, CARELESS, NEGLIGENT OR AGGRESSIVE MANNER","FAILING TO REDUCE SPEED TO AVOID CRASH","6242","S","MULLIGAN AVE","812",,,,,,,"1","NO INDICATION OF INJURY","0","0","0","0","0","2","0","14","7","3","41.7782419637","-87.7802105824","POINT (-87.780210582385 41.778241963693)"
"c3f7d42dee439fbe4ababfef7a053944810df5a951a3e3850731a237242eec141ca56f3c1a3e1418280a1c7d5c13e769be20e93cd6322630f71202a8519bfa5f",,"2026-03-07T14:24:00.000","30","STOP SIGN/FLASHER","FUNCTIONING PROPERLY","CLEAR","DAYLIGHT","PEDALCYCLIST","NOT DIVIDED",,"STRAIGHT AND LEVEL","DRY","NO DEFECTS","NOT ON SCENE (DESK REPORT)","INJURY AND / OR TOW DUE TO CRASH",,,"Y","$500 OR LESS","2026-03-07T16:40:00.000","FAILING TO YIELD RIGHT-OF-WAY","UNABLE TO DETERMINE","3800","N","LONG AVE","1633",,,,,,,"2","NONINCAPACITATING INJURY","1","0","0","1","0","1","0","14","7","3","41.9497366237","-87.7621104819","POINT (-87.762110481857 41.949736623652)"
"47a2e735e0621a6676caefc3574232fdeab0fde32993df98a407b567481b4ad61d7f8836fbaff577106560b6035698206a1159d704440443bfd732b45c047a96",,"2026-03-07T14:15:00.000","30","TRAFFIC SIGNAL","FUNCTIONING PROPERLY","CLEAR","DAYLIGHT","REAR END","NOT DIVIDED",,"STRAIGHT AND LEVEL","WET","NO DEFECTS","NOT ON SCENE (DESK REPORT)","NO INJURY / DRIVE AWAY",,,,"OVER $1,500","2026-03-07T15:00:00.000","UNABLE TO DETERMINE","UNABLE TO DETERMINE","970","W","PERSHING RD","915",,,,,,,"2","NO INDICATION OF INJURY","0","0","0","0","0","2","0","14","7","3","41.8235035927","-87.6506663765","POINT (-87.650666376522 41.823503592662)"