"crash_record_id","crash_date_est_i","crash_date","posted_speed_limit","traffic_control_device","device_condition","weather_condition","lighting_condition","first_crash_type","trafficway_type","lane_cnt","alignment","roadway_surface_cond","road_defect","report_type","crash_type","intersection_related_i","private_property_i","hit_and_run_i","damage","date_police_notified","prim_contributory_cause","sec_contributory_cause","street_no","street_direction","street_name","beat_of_occurrence","photos_taken_i","statements_taken_i","dooring_i","work_zone_i","work_zone_type","workers_present_i","num_units","most_severe_injury","injuries_total","injuries_fatal","injuries_incapacitating","injuries_non_incapacitating","injuries_reported_not_evident","injuries_no_indication","injuries_unknown","crash_hour","crash_day_of_week","crash_month","latitude","longitude","location"
"52625d277c508f06466db3346c9dd6de6e34ab4c3d0be97c1bdfd6deb34b3e8ceb6e216437fce90bf4d9088caa7826e04cc5ab7e1312eb8572ffe3b281cf764e",,"2026-03-07T14:15:00.000","30","NO CONTROLS","NO CONTROLS","CLEAR","DAYLIGHT","SIDESWIPE OPPOSITE DIRECTION","DIVIDED - W/MEDIAN (NOT RAISED)",,"STRAIGHT AND LEVEL","DRY","NO DEFECTS","ON SCENE","INJURY AND / OR TOW DUE TO CRASH",,,"Y","$501 - $1,500","2026-03-07T14:21:00.000","UNABLE TO DETERMINE","UNABLE TO DETERMINE","1032","W","35TH ST","913",,,,,,,"2","NONINCAPACITATING INJURY","1","0","0","1","0","1","0","14","7","3","41.8307791472","-87.6522552618","POINT (-87.652255261819 41.830779147193)"
"097e8a4652eb897b32120f3d4d984be463e13c8ac3b189231b0e6509cd48805e4d802bc6012e8a52dbbf1fabfaca01ac8c0f49b93ae6eda89dc38e2113941d15",,"2026-03-07T14:05:00.000","30","TRAFFIC SIGNAL","FUNCTIONING PROPERLY","CLEAR","DAYLIGHT","REAR END","DIVIDED - W/MEDIAN (NOT RAISED)",,"STRAIGHT AND LEVEL","DRY","NO DEFECTS","NOT ON SCENE (DESK REPORT)","NO INJURY / DRIVE AWAY",,,,"OVER $1,500","2026-03-07T14:07:00.000","FAILING TO REDUCE SPEED TO AVOID CRASH","FAILING TO REDUCE SPEED TO AVOID CRASH","137","S","HAMLIN BLVD","1122",,,,,,,"3","NO INDICATION OF INJURY","0","0","0","0","0","5","0","14","7","3","41.878757236","-87.720527209","POINT (-87.720527209025 41.878757236038)"
"769b3adba2e75375f606e3fdb1a947ebb9a185bfbc104577b0cf66220e36347478213441f3250b4df3be57c4b84c817de293605271bb1e0f42b43a4f709e3172",,"2026-03-07T14:00:00.000","25","STOP SIGN/FLASHER","FUNCTIONING PROPERLY","CLEAR","DAYLIGHT","PARKED MOTOR VEHICLE","ONE-WAY",,"STRAIGHT AND LEVEL","DRY","NO DEFECTS",,"NO INJURY / DRIVE AWAY",,,"Y","OVER $1,500","2026-03-07T14:02:00.000","IMPROPER LANE USAGE","UNABLE TO DETERMINE","2300","N","SPRINGFIELD AVE","2525",,,,,,,"2","NO INDICATION OF INJURY","0","0","0","0","0","1","0","14","7","3","41.9227723618","-87.7244233792","POINT (-87.724423379155 41.922772361796)"
"cb3305e94106d842b960ef5b4841d46bf179ab13fc09dc9c39b3b38ff485576d7ba485a3e4197b302ccec9995aa11ebd874cb31a25ee9693a232842089a956f3",,"2026-03-07T14:00:00.000","30","TRAFFIC SIGNAL","FUNCTIONING PROPERLY","CLEAR","DAYLIGHT","PARKED MOTOR VEHICLE","DIVIDED - W/MEDIAN (NOT RAISED)",,"STRAIGHT AND LEVEL","DRY","NO DEFECTS","NOT ON SCENE (DESK REPORT)","NO INJURY / DRIVE AWAY",,,,"OVER $1,500","2026-03-07T14:55:00.000","UNABLE TO DETERMINE","NOT APPLICABLE","3611","E","106TH ST","432",,,,,,,"2","NO INDICATION OF INJURY","0","0","0","0","0","6","0","14","7","3","41.7026266903","-87.5360147243","POINT (-87.53601472432 41.702626690343)"
"f501f95731d34fa1260c67f0af89fd8591e71bb9d7dcc9c66b4155cbe5ddfd818005b019db3639ae4e306a156326bbc28a31271694677e6709a89d67322223dd",,"2026-03-07T14:00:00.000","30","NO CONTROLS","FUNCTIONING PROPERLY","CLOUDY/OVERCAST","DAYLIGHT","REAR END","NOT DIVIDED",,"STRAIGHT AND LEVEL","WET","NO DEFECTS","NOT ON SCENE (DESK REPORT)","NO INJURY / DRIVE AWAY",,,"Y","OVER $1,500","2026-03-07T14:45:00.000","FOLLOWING TOO CLOSELY","FOLLOWING TOO CLOSELY","6400","S","DR MARTIN LUTHER KING JR DR","312",,,,,,,"2","NO INDICATION OF INJURY","0","0","0","0","0","2","0","14","7","3","41.7783290987","-87.6157257922","POINT (-87.615725792181 41.778329098667)"
"c0a4bd8646e14cb62266758954a8f16f3c1b94c23435613877d36fbf701f3ee52698e4bad9ac78300c0c5df3ae06e4af5ba768bd23d47d928adf255829ef92f6",,"2026-03-07T13:59:00.000","15","NO CONTROLS","NO CONTROLS","CLEAR","DAYLIGHT","REAR TO REAR","PARKING LOT",,"STRAIGHT AND LEVEL","DRY","NO DEFECTS","NOT ON SCENE (DESK REPORT)","NO INJURY / DRIVE AWAY",,,,"OVER $1,500","2026-03-07T14:25:00.000","IMPROPER BACKING","NOT APPLICABLE","4837","N","KEDZIE AVE","1713",,,,,,,"2","NO INDICATION OF INJURY","0","0","0","0","0","3","0","13","7","3","41.9695611506","-87.7083622652","POINT (-87.708362265181 41.969561150595)"
"803d266d352908c52ffdcb0dffa992bdcfc0eee82480d794aa82ae5d51c2023deda41399ff89e4d8f35a61877882c409a8492891202d8b5e6c10130253c84bc2",,"2026-03-07T13:54:00.000","15","UNKNOWN","UNKNOWN","UNKNOWN","UNKNOWN","REAR TO REAR","PARKING LOT",,"STRAIGHT AND LEVEL","UNKNOWN","UNKNOWN","NOT ON SCENE (DESK REPORT)","NO INJURY / DRIVE AWAY",,"Y",,"OVER $1,500","2026-03-07T19:25:00.000","UNABLE TO DETERMINE","UNABLE TO DETERMINE","4837","N","KEDZIE AVE","1713",,,,,,,"2","NO INDICATION OF INJURY","0","0","0","0","0","5","0","13","7","3","41.9695611506","-87.7083622652","POINT (-87.708362265181 41.969561150595)"
"c5120261b174f6067b335b2aff6f886b9b2457d9a0cf3d8738823002afef1036a5e739050bdd178aef1be3676a52a916f758aeb314fe0440aa7185f674e24685",,"2026-03-07T13:35:00.000","30","NO CONTROLS","FUNCTIONING PROPERLY","CLEAR","DAYLIGHT","REAR END","NOT DIVIDED",,"STRAIGHT AND LEVEL","DRY","NO DEFECTS","ON SCENE","NO INJURY / DRIVE AWAY",,,,"$501 - $1,500","2026-03-07T13:39:00.000","EQUIPMENT - VEHICLE CONDITION","NOT APPLICABLE","222","E","76TH ST","623",,,,,,,"2","NO INDICATION OF INJURY","0","0","0","0","0","2","0","13","7","3","41.756625979","-87.6188720826","POINT (-87.61887208261 41.756625978996)"
"5dccd1b4af4f37b1fb746a55ec0ecaf10509c6dbd82d10a1877d93328fb6e8f2968376c9c507bfd513752f95797215e7128e5cc9ce3a67f1691f82f9db77453e",,"2026-03-07T13:30:00.000","30","NO CONTROLS","NO CONTROLS","CLEAR","DAYLIGHT","TURNING","ALLEY",,"STRAIGHT AND LEVEL","DRY","NO DEFECTS",,"NO INJURY / DRIVE AWAY",,,,"OVER $1,500","2026-03-07T21:30:00.000","IMPROPER LANE USAGE","UNABLE TO DETERMINE","617","W","BELMONT AVE","1934",,,,,,,"2","NO INDICATION OF INJURY","0","0","0","0","0","2","0","13","7","3","41.9399196128","-87.6451016143","POINT (-87.6451016143 41.939919612763)"
"f0fedd5e82e351aa36b76c19d7f701848109f22c32a4bc1ad84bed9102343451e8f2e0784ce7516244c26a0f8066dd4bb8720347d9de8f1ccbf3d5dbd2a1eeea",,"2026-03-07T13:30:00.000","30","NO CONTROLS","FUNCTIONING PROPERLY","CLOUDY/OVERCAST","DAYLIGHT","REAR END","FOUR WAY",,"STRAIGHT AND LEVEL","WET","NO DEFECTS","NOT ON SCENE (DESK REPORT)","NO INJURY / DRIVE AWAY","Y",,"Y","OVER $1,500","2026-03-07T14:00:00.000","FOLLOWING TOO CLOSELY","FAILING TO YIELD RIGHT-OF-WAY","7901","S","DR MARTIN LUTHER KING JR DR","624",,,,,,,"2","NO INDICATION OF INJURY","0","0","0","0","0","2","0","13","7","3","41.7510253304","-87.6148091501","POINT (-87.614809150056 41.751025330398)"
"a718e2674576d8d87aa2cb137b3360d26a7bfcb443007aad8ae63313d744cc7aa2f9796a506976e3a60f03ebba57639457b3b8bea33d515d8ff4ec7193a46e2a",,"2026-03-07T13:10:00.000","20","NO CONTROLS","NO CONTROLS","CLEAR","DAYLIGHT","REAR TO SIDE","PARKING LOT",,"STRAIGHT AND LEVEL","WET","NO DEFECTS","NOT ON SCENE (DESK REPORT)","NO INJURY / DRIVE AWAY",,,,"OVER $1,500","2026-03-07T13:36:00.000","FAILING TO YIELD RIGHT-OF-WAY","IMPROPER BACKING","4821","W","NORTH AVE","2533",,,,,,,"2","NO INDICATION OF INJURY","0","0","0","0","0","2","0","13","7","3","41.9095051477","-87.7469599363","POINT (-87.746959936272 41.909505147743)"
"583ba8ce2d89fbfc757e136fd3386d29fc19fcafd071f4f8fa85c65b45372445787ac13ea601297fac9ad7024e6cf33dbc3dc85d21f5b3aa94bc77f7ef1d2927","N","2026-03-07T13:04:00.000","35","NO CONTROLS","NO CONTROLS","CLOUDY/OVERCAST","DAYLIGHT","FIXED OBJECT","DIVIDED - W/MEDIAN (NOT RAISED)",,"STRAIGHT AND LEVEL","WET","NO DEFECTS","ON SCENE","INJURY AND / OR TOW DUE TO CRASH",,"N",,"OVER $1,500","2026-03-07T13:04:00.000","UNABLE TO DETERMINE","UNABLE TO DETERMINE","5637","S","CENTRAL AVE","813",,,,,,,"1","NO INDICATION OF INJURY","0","0","0","0","0","1","0","13","7","3","41.7897856337","-87.7620493299","POINT (-87.762049329898 41.789785633725)"
"5b036c6de4ccb50d451460520ba2dd8938bb704103464907f9a84d793cde8c500f796c2eed11f4785f0aa9685b467a58b120304dc3eda68634faea3cc46ec66d",,"2026-03-07T13:00:00.000","30","NO CONTROLS","NO CONTROLS","RAIN","DAYLIGHT","SIDESWIPE SAME DIRECTION","DIVIDED - W/MEDIAN (NOT RAISED)",,"STRAIGHT AND LEVEL","WET","UNKNOWN","NOT ON SCENE (DESK REPORT)","NO INJURY / DRIVE AWAY",,,,"OVER $1,500","2026-03-07T13:20:00.000","UNABLE TO DETERMINE","NOT APPLICABLE","4358","W","AUGUSTA BLVD","1111",,,,,,,"2","NO INDICATION OF INJURY","0","0","0","0","0","2","0","13","7","3","41.8989607187","-87.7359210881","POINT (-87.735921088146 41.898960718654)"
"d258ec2d8294d6e39d0dcaaa5ccae64ada4ea0d77e053aacaa47357a01943c381a2df2d09b0ff12800939f12a50ca8d670bea93958dde878161c2d9350909148",,"2026-03-07T13:00:00.000","30","NO CONTROLS","NO CONTROLS","CLEAR","DAYLIGHT","SIDESWIPE SAME DIRECTION","DIVIDED - W/MEDIAN (NOT RAISED)",,"STRAIGHT AND LEVEL","DRY","NO DEFECTS","NOT ON SCENE (DESK REPORT)","NO INJURY / DRIVE AWAY",,,,"OVER $1,500","2026-03-08T15:10:00.000","UNABLE TO DETERMINE","NOT APPLICABLE","920","N","WELLS ST","1823",,,,,,,"2","NO INDICATION OF INJURY","0","0","0","0","0","2","0","13","7","3","41.8996585214","-87.634464691","POINT (-87.634464690979 41.899658521408)"
"e8929c9abe30d51f2ef5c9ec5c9c9a1344d8e88d71efb78db23c9bce5c661c1ee17f0112889b0ba7a130216d46d5f1fb55c028267fe40a999d504e923869301c",,"2026-03-07T13:00:00.000","30","NO CONTROLS","NO CONTROLS","CLEAR","DAYLIGHT","PARKED MOTOR VEHICLE","NOT DIVIDED",,"STRAIGHT AND LEVEL","DRY","NO DEFECTS","NOT ON SCENE (DESK REPORT)","NO INJURY / DRIVE AWAY",,,,"OVER $1,500","2026-03-09T20:00:00.000","IMPROPER LANE USAGE","UNABLE TO DETERMINE","2739","N","MAGNOLIA AVE","1932",,,,,,,"2","NO INDICATION OF INJURY","0","0","0","0","0","1","0","13","7","3","41.9318847132","-87.6597501995","POINT (-87.659750199515 41.931884713186)"
"1804b31f968d4f9982dea562646498dbd222187493138d8f4aa25f13614de7ef4f4c8a315028eab844ec860379475bca4fb4f66e1e47d13d34e94b817eb461c0",,"2026-03-07T12:45:00.000","30","NO CONTROLS","NO CONTROLS","CLEAR","DAYLIGHT","ANGLE","NOT DIVIDED",,"STRAIGHT AND LEVEL","DRY","NO DEFECTS","NOT ON SCENE (DESK REPORT)","NO INJURY / DRIVE AWAY",,,,"$500 OR LESS","2026-03-07T12:45:00.000","UNABLE TO DETERMINE","UNABLE TO DETERMINE","2740","W","PERSHING RD","911",,,,,,,"2","NO INDICATION OF INJURY","0","0","0","0","0","2","0","12","7","3","41.8229157858","-87.6938184793","POINT (-87.693818479305 41.822915785782)"
"5d1284ffc3a23851b566b80bdd1cc73168b5bc2dd8889567557abacf5e5dcb627289ee747c6cbadf66c8715d6d4dee2f9465cd305b8ecdf14bbfb7fdbe229e39",,"2026-03-07T12:40:00.000","30","TRAFFIC SIGNAL","FUNCTIONING PROPERLY","CLEAR","DAYLIGHT","REAR END","NOT DIVIDED",,"STRAIGHT AND LEVEL","DRY","NO DEFECTS","NOT ON SCENE (DESK REPORT)","NO INJURY / DRIVE AWAY",,,"Y","OVER $1,500","2026-03-07T13:55:00.000","FOLLOWING TOO CLOSELY","FAILING TO REDUCE SPEED TO AVOID CRASH","4700","S","ASHLAND AVE","931",,,,,,,"2","NO INDICATION OF INJURY","0","0","0","0","0","4","0","12","7","3","41.8085115972","-87.6651172917","POINT (-87.665117291733 41.808511597247)"
"ac82b084cf6d605ca40464b5c289ae50a91d8ab83f7ffa0578688f38aa61d041f2037097d7c08850740fb75008532612d47901346b2b8d3e3d26d377ed2345cf",,"2026-03-07T12:35:00.000","30","NO CONTROLS","NO CONTROLS","CLEAR","DAYLIGHT","SIDESWIPE SAME DIRECTION","DIVIDED - W/MEDIAN (NOT RAISED)",,"STRAIGHT AND LEVEL","UNKNOWN","UNKNOWN","NOT ON SCENE (DESK REPORT)","NO INJURY / DRIVE AWAY",,,,"$501 - $1,500","2026-03-07T13:00:00.000","DRIVING SKILLS/KNOWLEDGE/EXPERIENCE","NOT APPLICABLE","1814","W","NORTH AVE","1434",,,,,,,"2","NO INDICATION OF INJURY","0","0","0","0","0","2","0","12","7","3","41.9106605097","-87.6732334102","POINT (-87.673233410159 41.910660509738)"
"93d89d3bd1922ba84e21e63913d6025d32b4f4758f51a25b1e2cb3607bf4646c9672420798438c33bf1f9858e89a735af898c27617c58be9a0ada67eec834044",,"2026-03-07T12:30:00.000","30","NO CONTROLS","NO CONTROLS","CLEAR","DAYLIGHT","TURNING","DIVIDED - W/MEDIAN (NOT RAISED)",,"STRAIGHT AND LEVEL","DRY","NO DEFECTS","ON SCENE","INJURY AND / OR TOW DUE TO CRASH",,,,"OVER $1,500","2026-03-07T12:37:00.000","IMPROPER TURNING/NO SIGNAL","IMPROPER LANE USAGE","3200","S","DAMEN AVE","912",,,,,,,"2","NO INDICATION OF INJURY","0","0","0","0","0","2","0","12","7","3","41.8357699388","-87.6755650067","POINT (-87.675565006716 41.83576993883)"
"d00c55d366a9f0b7f17e7645803860eb092503055985eaecc29d687e3ef1c26620e675f899ef4a2085861b6f5d05e857d31764fc179e9768ac00808810b6c434",,"2026-03-07T12:30:00.000","30","NO CONTROLS","NO CONTROLS","CLOUDY/OVERCAST","DAYLIGHT","SIDESWIPE SAME DIRECTION","ONE-WAY",,"STRAIGHT AND LEVEL","UNKNOWN","UNKNOWN","NOT ON SCENE (DESK REPORT)","NO INJURY / DRIVE AWAY",,,"Y","OVER $1,500","2026-03-07T13:40:00.000","IMPROPER OVERTAKING/PASSING","IMPROPER OVERTAKING/PASSING","28","N","FRANKLIN ST","122",,,,,,,"2","NO INDICATION OF INJURY","0","0","0","0","0","2","0","12","7","3","41.8826499932","-87.6354734702","POINT (-87.635473470153 41.882649993217)"
"e686b9693185d1ed3139a443025422263ee7d1e7f3f7e4af1f83954eb8ee55e4d73cf503c81be7845ab155b72d91eb9f45f17f27ca50eea6d27df36c3d9b3c8e",,"2026-03-07T12:30:00.000","25","TRAFFIC SIGNAL","UNKNOWN","CLEAR","DAYLIGHT","SIDESWIPE SAME DIRECTION","NOT DIVIDED",,"STRAIGHT AND LEVEL","DRY","NO DEFECTS","NOT ON SCENE (DESK REPORT)","NO INJURY / DRIVE AWAY",,,"Y","OVER $1,500","2026-03-08T13:39:00.000","DRIVING SKILLS/KNOWLEDGE/EXPERIENCE","NOT APPLICABLE","123","E","63RD ST","312",,,,,,,"2","NO INDICATION OF INJURY","0","0","0","0","0","3","0","12","7","3","41.7799322109","-87.6214628491","POINT (-87.621462849081 41.77993221087)"
"d470f7a5ad9b858a8e6bf5ef48941be367ac36171d4e2371b14c795d4216b6f1939adaf1de2bd946c5632997a67d4c085075f1a886e66a6835ed4731a4dc9518",,"2026-03-07T12:29:00.000","30","TRAFFIC SIGNAL","FUNCTIONING PROPERLY","CLOUDY/OVERCAST","DAYLIGHT","TURNING","NOT DIVIDED",,"STRAIGHT AND LEVEL","DRY","NO DEFECTS","NOT ON SCENE (DESK REPORT)","NO INJURY / DRIVE AWAY","Y",,,"OVER $1,500","2026-03-07T13:00:00.000","UNABLE TO DETERMINE","NOT APPLICABLE","4800","N","KEDZIE AVE","1713",,,,,,,"2","NO INDICATION OF INJURY","0","0","0","0","0","2","0","12","7","3","41.968539734","-87.7086221452","POINT (-87.708622145243 41.968539734001)"
"acb25deab9bc1e35802514c56dfa7d36fc0aa74637bd85093bf8be90b0feae3cbd65e5fe361cd9aeaa5950922dd2cb990bfb36ec7529943fa1d1a080aa3ba1d6",,"2026-03-07T12:19:00.000","30","TRAFFIC SIGNAL","FUNCTIONING PROPERLY","RAIN","DUSK","REAR END","NOT DIVIDED",,"STRAIGHT AND LEVEL","WET","NO DEFECTS","ON SCENE","NO INJURY / DRIVE AWAY",,,,"OVER $1,500","2026-03-07T12:19:00.000","FOLLOWING TOO CLOSELY","FOLLOWING TOO CLOSELY","230","S","CENTRAL AVE","1513",,,,,,,"2","NO INDICATION OF INJURY","0","0","0","0","0","2","0","12","7","3","41.8770527542","-87.7648938146","POINT (-87.764893814575 41.877052754172)"
"11b623175efd0fbf52f78dda82b2772cf991d4d06061aaa5f9cf38276fd93af23538c44d72a4e5401ab8eac0017a0353292b89bbd7aae82d48faa551e69088f5",,"2026-03-07T12:15:00.000","30","NO CONTROLS","NO CONTROLS","CLEAR","DAYLIGHT","SIDESWIPE SAME DIRECTION","DIVIDED - W/MEDIAN (NOT RAISED)",,"STRAIGHT AND LEVEL","DRY","UNKNOWN","NOT ON SCENE (DESK REPORT)","INJURY AND / OR TOW DUE TO CRASH",,,,"OVER $1,500","2026-03-07T13:00:00.000","IMPROPER LANE USAGE","NOT APPLICABLE","4000","W","DIVERSEY AVE","2523",,,,,,,"2","REPORTED, NOT EVIDENT","1","0","0","0","1","1","0","12","7","3","41.9318977231","-87.7271050305","POINT (-87.727105030454 41.931897723146)"
"aa997a0bfc6588273fe21798dd8f76c24a0d30462167ab818b59419c3941ace4ebfbb69a8b16841e95dc337a0ca8fa11309ef2f6b69d34b58c7a94bce828a31c",,"2026-03-07T12:15:00.000","20","NO CONTROLS","NO CONTROLS","CLEAR","DAYLIGHT","SIDESWIPE SAME DIRECTION","NOT DIVIDED",,"STRAIGHT AND LEVEL","DRY","NO DEFECTS","NOT ON SCENE (DESK REPORT)","NO INJURY / DRIVE AWAY",,,,"OVER $1,500","2026-03-07T13:00:00.000","FAILING TO YIELD RIGHT-OF-WAY","UNABLE TO DETERMINE","5221","W","DEVON AVE","1621",,,,,,,"2","NO INDICATION OF INJURY","0","0","0","0","0","2","0","12","7","3","41.9972144715","-87.7588331977","POINT (-87.75883319767 41.997214471525)"
"fb23800024061440fc5481469a5325e5f7670cab540675967825d7db923ed44dfc3f7302b827843abd13f506ae3475466daa136ee71b92d56da94491049a6dcb",,"2026-03-07T12:12:00.000","30","NO CONTROLS","NO CONTROLS","CLEAR","DAYLIGHT","REAR END","DIVIDED - W/MEDIAN (NOT RAISED)",,"STRAIGHT AND LEVEL","DRY","NO DEFECTS","NOT ON SCENE (DESK REPORT)","NO INJURY / DRIVE AWAY",,,,"$501 - $1,500","2026-03-07T13:00:00.000","FAILING TO YIELD RIGHT-OF-WAY","IMPROPER LANE USAGE","139","N","HALSTED ST","1224",,,,,,,"2","NO INDICATION OF INJURY","0","0","0","0","0","2","0","12","7","3","41.8842807784","-87.6472855272","POINT (-87.647285527156 41.884280778362)"
"39dbdc3ee88b2ea19a423d17c948e2a7d4bfa30d60cd7054eae27a431ef5485d49eb0ea758239e6b537259ef66bd281e3435692367fd7190528cfbf8c715ff70","Y","2026-03-07T12:00:00.000","30","UNKNOWN","UNKNOWN","UNKNOWN","UNKNOWN","PARKED MOTOR VEHICLE","NOT DIVIDED",,"STRAIGHT AND LEVEL","UNKNOWN","UNKNOWN","NOT ON SCENE (DESK REPORT)","NO INJURY / DRIVE AWAY",,,"Y","OVER $1,500","2026-03-12T13:30:00.000","UNABLE TO DETERMINE","NOT APPLICABLE","1112","W","MONTANA ST","1932",,,,,,,"2","NO INDICATION OF INJURY","0","0","0","0","0","1","0","12","7","3","41.9264004907","-87.6566395094","POINT (-87.656639509443 41.926400490691)"
"514c18d82e9b957ad3a83f75d3dccd73c69c7d33a5c406bdf851d96a78db93254744c030c0e2cf3566d322f062c141068e5027cb599b16bb8a13976af264adb7",,"2026-03-07T12:00:00.000","30","NO CONTROLS","NO CONTROLS","CLEAR","DAYLIGHT","SIDESWIPE SAME DIRECTION","DIVIDED - W/MEDIAN BARRIER",,"STRAIGHT AND LEVEL","WET","NO DEFECTS","ON SCENE","INJURY AND / OR TOW DUE TO CRASH",,,,"OVER $1,500","2026-03-07T12:20:00.000","UNABLE TO DETERMINE","UNABLE TO DETERMINE","3407","W","FULLERTON AVE","1413",,,,,,,"2","REPORTED, NOT EVIDENT","1","0","0","0","1","2","0","12","7","3","41.9245475154","-87.7124010428","POINT (-87.712401042809 41.924547515424)"
"b17e4fae075d660f10a8844bbace32d2ba3d4a127e97edef59de23a16007ccf71eed311d0bd2972c5243c6ed3412debf391fbb281997de93c59997b8415a0fe2",,"2026-03-07T12:00:00.000","30","TRAFFIC SIGNAL","UNKNOWN","UNKNOWN","DAYLIGHT","REAR END","NOT DIVIDED",,"STRAIGHT AND LEVEL","UNKNOWN","UNKNOWN","NOT ON SCENE (DESK REPORT)","NO INJURY / DRIVE AWAY",,,,"$501 - $1,500","2026-03-07T13:05:00.000","UNABLE TO DETERMINE","NOT APPLICABLE","10301","S","PULASKI RD","2211",,,,,,,"2","NO INDICATION OF INJURY","0","0","0","0","0","2","0","12","7","3","41.7057855782","-87.7207658902","POINT (-87.720765890228 41.705785578192)"
"67373479aeae57d6f927008cda8b91a4df025039ec398b0387b67d4029daccc6b4f93c89e4ea6f8ac78a0b21b4734a2362b83e69fdb6a356d921599e8e401c08",,"2026-03-07T11:56:00.000","30","TRAFFIC SIGNAL","FUNCTIONING PROPERLY","RAIN","DAYLIGHT","PEDESTRIAN","NOT DIVIDED",,"STRAIGHT AND LEVEL","WET","NO DEFECTS","ON SCENE","INJURY AND / OR TOW DUE TO CRASH","Y",,,"$500 OR LESS","2026-03-07T11:58:00.000","FAILING TO YIELD RIGHT-OF-WAY","UNABLE TO DETERMINE","2001","W","47TH ST","931",,,,,,,"2","INCAPACITATING INJURY","2","0","1","1","0","0","0","11","7","3","41.8083990068","-87.6748140184","POINT (-87.674814018382 41.808399006752)"
"ca382e185f0acce773fa39d3dc804e6e4410d081e68f0ac8d716621b8569c335f6d484486b5f02e9e14809cd21b6b30b6fe87958b48bc683a03f647609e3fb87",,"2026-03-07T11:55:00.000","10","NO CONTROLS","NO CONTROLS","CLEAR","DAYLIGHT","FIXED OBJECT","PARKING LOT",,"STRAIGHT AND LEVEL","DRY","NO DEFECTS","NOT ON SCENE (DESK REPORT)","NO INJURY / DRIVE AWAY",,"Y","Y","OVER $1,500","2026-03-11T12:30:00.000","UNDER THE INFLUENCE OF ALCOHOL/DRUGS (USE WHEN ARREST IS EFFECTED)","DISTRACTION - FROM INSIDE VEHICLE","6301","S","BELL AVE","825",,,,,,,"1","NO INDICATION OF INJURY","0","0","0","0","0","1","0","11","7","3","41.7791459439","-87.6797056732","POINT (-87.679705673231 41.779145943868)"
"fe80b05bb703beb8bcaa403d3d1e3969be0f3a843d28f51f15c511d96eb570816615394fe96c97b1c1f0836986ab09cfb44db411557875fbf6be6b1474b24e4b",,"2026-03-07T11:50:00.000","30","NO CONTROLS","NO CONTROLS","CLEAR","DARKNESS, LIGHTED ROAD","SIDESWIPE SAME DIRECTION","NOT DIVIDED",,"STRAIGHT AND LEVEL","DRY","NO DEFECTS","NOT ON SCENE (DESK REPORT)","NO INJURY / DRIVE AWAY",,,,"OVER $1,500","2026-03-08T11:30:00.000","FAILING TO REDUCE SPEED TO AVOID CRASH","IMPROPER LANE USAGE","210","N","HALSTED ST","1214",,,,,,,"2","NO INDICATION OF INJURY","0","0","0","0","0","3","0","11","7","3","41.8860483963","-87.6476323383","POINT (-87.647632338276 41.886048396337)"
"37244f4c25fd5dd54f961bc247bca6eec1c290f02cd0749cdf5df46d7dc15485b909746626b7d9bda9f9be1f530c9851d64a415e1ed70dbbfa7d818e3be18b36",,"2026-03-07T11:45:00.000","30","NO CONTROLS","NO CONTROLS","OTHER","DAYLIGHT","TURNING","NOT DIVIDED",,"STRAIGHT AND LEVEL","DRY","NO DEFECTS","NOT ON SCENE (DESK REPORT)","NO INJURY / DRIVE AWAY",,,,"OVER $1,500","2026-03-07T12:33:00.000","FAILING TO YIELD RIGHT-OF-WAY","NOT APPLICABLE","10231","S","WESTERN AVE","2213",,,,,,,"2","NO INDICATION OF INJURY","0","0","0","0","0","3","0","11","7","3","41.7072620497","-87.6815019757","POINT (-87.681501975686 41.707262049698)"
"4a19b62b4cfb531af390e175b7571196646e458c31c0d8416a2e53e36a4317d92808c49f07e485042538c22aafa47c52e007cff991328b78d27861299164ed62",,"2026-03-07T11:45:00.000","15","NO CONTROLS","NO CONTROLS","CLEAR","DAYLIGHT","FIXED OBJECT","PARKING LOT",,"STRAIGHT AND LEVEL","DRY","NO DEFECTS","ON SCENE","NO INJURY / DRIVE AWAY",,"Y",,"OVER $1,500","2026-03-07T12:30:00.000","EQUIPMENT - VEHICLE CONDITION","UNABLE TO DETERMINE","3601","S","IRON ST","912",,,,,,,"1","NO INDICATION OF INJURY","0","0","0","0","0","1","0","11","7","3","41.8286516186","-87.6591660292","POINT (-87.659166029194 41.828651618594)"
"ecfbce6f52962c9cf01ae251486a2b0bb8b9d2a978269e035014c498e73987c7f2de2615047477328d73513eb4593b57f84e842710cb7e266b949f5602419545",,"2026-03-07T11:40:00.000","30","NO CONTROLS","NO CONTROLS","RAIN","DAYLIGHT","PARKED MOTOR VEHICLE","NOT DIVIDED",,"STRAIGHT AND LEVEL","WET","NO DEFECTS","ON SCENE","INJURY AND / OR TOW DUE TO CRASH",,,,"OVER $1,500","2026-03-07T11:50:00.000","WEATHER","DRIVING SKILLS/KNOWLEDGE/EXPERIENCE","5031","N","KEDZIE AVE","1713",,,,,,,"2","NO INDICATION OF INJURY","0","0","0","0","0","1","0","11","7","3","41.9730339995","-87.7084589866","POINT (-87.708458986565 41.973033999473)"