"crash_record_id","crash_date_est_i","crash_date","posted_speed_limit","traffic_control_device","device_condition","weather_condition","lighting_condition","first_crash_type","trafficway_type","lane_cnt","alignment","roadway_surface_cond","road_defect","report_type","crash_type","intersection_related_i","private_property_i","hit_and_run_i","damage","date_police_notified","prim_contributory_cause","sec_contributory_cause","street_no","street_direction","street_name","beat_of_occurrence","photos_taken_i","statements_taken_i","dooring_i","work_zone_i","work_zone_type","workers_present_i","num_units","most_severe_injury","injuries_total","injuries_fatal","injuries_incapacitating","injuries_non_incapacitating","injuries_reported_not_evident","injuries_no_indication","injuries_unknown","crash_hour","crash_day_of_week","crash_month","latitude","longitude","location"
"85771f4ad2403da60c36909f078c66ca44abbede27d44fcfdafdbf844de55f63e93cc78417c7830e64491bec8fc9b768df42b0453ea027cef2546355807d7cbc",,"2026-03-07T11:35:00.000","30","NO CONTROLS","NO CONTROLS","CLOUDY/OVERCAST","DAYLIGHT","TURNING","NOT DIVIDED",,"STRAIGHT AND LEVEL","DRY","NO DEFECTS","ON SCENE","NO INJURY / DRIVE AWAY","Y",,,"$501 - $1,500","2026-03-07T11:35:00.000","UNABLE TO DETERMINE","UNABLE TO DETERMINE","1335","N","HALSTED ST","1822",,,,,,,"2","NO INDICATION OF INJURY","0","0","0","0","0","2","0","11","7","3","41.906097306","-87.6479992738","POINT (-87.647999273785 41.906097306012)"
"d11f95055c2778f497983a8afb5ecd6f129e3d1fd1c3cbd7255fbcb84ebf31ee10b1eff7f1d8387e9f03698d2d4a379699c1e66d3c14bc3964be0387715ebae5",,"2026-03-07T11:30:00.000","30","TRAFFIC SIGNAL","FUNCTIONING PROPERLY","CLEAR","DAYLIGHT","REAR END","NOT DIVIDED",,"STRAIGHT AND LEVEL","WET","NO DEFECTS","ON SCENE","NO INJURY / DRIVE AWAY",,,"Y","OVER $1,500","2026-03-07T11:36:00.000","DRIVING SKILLS/KNOWLEDGE/EXPERIENCE","UNABLE TO DETERMINE","300","W","ERIE ST","1831",,,,,,,"3","NO INDICATION OF INJURY","0","0","0","0","0","3","0","11","7","3","41.8940780342","-87.635715892","POINT (-87.635715891975 41.894078034204)"
"fe3790e410121dca6be278c41bd419440baaf68a21d27419fc9ef3f17b338df4104f4d7b73be3a750d8d54ba98364a5b8c7902063c092b70c8f98e27dfb8be65",,"2026-03-07T11:20:00.000","45","NO CONTROLS","NO CONTROLS","RAIN","DAYLIGHT","ANGLE","ONE-WAY",,"STRAIGHT AND LEVEL","DRY","NO DEFECTS","NOT ON SCENE (DESK REPORT)","NO INJURY / DRIVE AWAY",,,"Y","$501 - $1,500","2026-03-07T13:45:00.000","IMPROPER LANE USAGE","NOT APPLICABLE","5200","N","LAKE SHORE DR SB","2024",,,,,,,"2","NO INDICATION OF INJURY","0","0","0","0","0","4","0","11","7","3","41.9766216279","-87.6507900262","POINT (-87.650790026249 41.976621627865)"
"fe7182ad28a561ddc5eadb4380bac56fb8ea092eb2af6cd815b1429f096f91ce0e6d5e8de7b36c3132af285f73e5d2f9265ddf53ee1d8144db5c7acb2ebeafcb",,"2026-03-07T11:20:00.000","25","NO CONTROLS","NO CONTROLS","RAIN","DAYLIGHT","PARKED MOTOR VEHICLE","NOT DIVIDED",,"STRAIGHT AND LEVEL","WET","NO DEFECTS","NOT ON SCENE (DESK REPORT)","NO INJURY / DRIVE AWAY",,,"Y","OVER $1,500","2026-03-07T11:45:00.000","IMPROPER TURNING/NO SIGNAL","UNABLE TO DETERMINE","645","E","87TH ST","632",,,,,,,"2","NO INDICATION OF INJURY","0","0","0","0","0","1","0","11","7","3","41.7364971051","-87.6078468912","POINT (-87.607846891222 41.736497105094)"
"d74898397111cc7b6ed09696a304593eb0a6d460986e9ebcf240b3c09b2e02df86b63f28c0f0aef357c6448d04c41cf5131bc4e4e0f4273f9fc7c1d4433c8543",,"2026-03-07T11:03:00.000","30","NO CONTROLS","NO CONTROLS","CLOUDY/OVERCAST","DAYLIGHT","SIDESWIPE SAME DIRECTION","NOT DIVIDED",,"STRAIGHT AND LEVEL","WET","NO DEFECTS","ON SCENE","NO INJURY / DRIVE AWAY",,,,"OVER $1,500","2026-03-07T11:23:00.000","UNABLE TO DETERMINE","UNABLE TO DETERMINE","5828","W","BELMONT AVE","1633",,,,,,,"2","NO INDICATION OF INJURY","0","0","0","0","0","2","0","11","7","3","41.938605635","-87.7725152051","POINT (-87.772515205079 41.938605634968)"
"1c526e374674534658ca3e9678fa76b48be72197c2d8c0179cf361630f3529ff6af77bc062b18e2c9d1c3ee4dbb0bf81b810c55e189c3ae95ba1ce2e22d3e9eb",,"2026-03-07T11:00:00.000","30","NO CONTROLS","NO CONTROLS","RAIN","DAYLIGHT","SIDESWIPE SAME DIRECTION","NOT DIVIDED",,"STRAIGHT AND LEVEL","WET","NO DEFECTS","NOT ON SCENE (DESK REPORT)","NO INJURY / DRIVE AWAY",,,,"OVER $1,500","2026-03-07T13:25:00.000","DRIVING SKILLS/KNOWLEDGE/EXPERIENCE","NOT APPLICABLE","47","W","POLK ST","123",,,,,,,"2","NO INDICATION OF INJURY","0","0","0","0","0","2","0","11","7","3","41.8721669578","-87.6295767973","POINT (-87.6295767973 41.872166957801)"
"5dbdff9045d6758573cfbb16605ea27ece8277eb976f5f2e6edf73f665dce3f3713ccf3030a48bc83ab49441e072bf6cf99285b883280efb726c84a8c008eec3",,"2026-03-07T11:00:00.000","30","NO CONTROLS","NO CONTROLS","RAIN","DAYLIGHT","ANGLE","NOT DIVIDED",,"STRAIGHT AND LEVEL","WET","NO DEFECTS","NOT ON SCENE (DESK REPORT)","NO INJURY / DRIVE AWAY",,,,"OVER $1,500","2026-03-07T12:05:00.000","UNABLE TO DETERMINE","NOT APPLICABLE","600","S","FEDERAL ST","123",,,,,,,"2","NO INDICATION OF INJURY","0","0","0","0","0","2","0","11","7","3","41.8744721494","-87.629813215","POINT (-87.629813215024 41.874472149412)"
"4f111d82996e59612d8fbbba59f755ab9da4931de82e41a09819abd28ccd8c72d266c198a5ee0fb7dde169770dd2b3c0a38d64e549e1b6c5f9b80baba156d653","Y","2026-03-07T10:55:00.000","25","NO CONTROLS","NO CONTROLS","CLEAR","DAYLIGHT","SIDESWIPE OPPOSITE DIRECTION","NOT DIVIDED",,"STRAIGHT AND LEVEL","DRY","UNKNOWN","NOT ON SCENE (DESK REPORT)","NO INJURY / DRIVE AWAY",,,,"OVER $1,500","2026-03-07T13:50:00.000","FAILING TO YIELD RIGHT-OF-WAY","NOT APPLICABLE","2710","W","BELMONT AVE","1733",,,,,,,"2","NO INDICATION OF INJURY","0","0","0","0","0","2","0","10","7","3","41.939511922","-87.6957582752","POINT (-87.695758275195 41.939511922006)"
"17722c0f5e51da98ceec205d7b5b027a9030bf91f7ae53b0d041a817f1c6e953928a0dc0d4e0c27642b43168e17050f1daa8fa422d71ab02cfd575d15eec02ec",,"2026-03-07T10:52:00.000","30","STOP SIGN/FLASHER","FUNCTIONING PROPERLY","CLEAR","DAYLIGHT","ANGLE","T-INTERSECTION",,"STRAIGHT AND LEVEL","WET","NO DEFECTS","ON SCENE","INJURY AND / OR TOW DUE TO CRASH","Y",,,"OVER $1,500","2026-03-07T10:52:00.000","VISION OBSCURED (SIGNS, TREE LIMBS, BUILDINGS, ETC.)","FAILING TO YIELD RIGHT-OF-WAY","200","E","44TH ST","215",,,,,,,"2","NONINCAPACITATING INJURY","2","0","0","2","0","0","0","10","7","3","41.8148626081","-87.621281042","POINT (-87.621281042042 41.814862608104)"
"b8c94e27158438f8b2f289c0f9c22f585bc431a781bbb74565c426a34a250cfe86682e26c1c5177450b8de03f438ac690d57b03551335456720090a82ff49f46",,"2026-03-07T10:51:00.000","30","NO CONTROLS","NO CONTROLS","CLEAR","DAYLIGHT","PARKED MOTOR VEHICLE","ONE-WAY",,"STRAIGHT AND LEVEL","DRY","NO DEFECTS","ON SCENE","NO INJURY / DRIVE AWAY",,,"Y","OVER $1,500","2026-03-07T10:51:00.000","OPERATING VEHICLE IN ERRATIC, RECKLESS, CARELESS, NEGLIGENT OR AGGRESSIVE MANNER","NOT APPLICABLE","6446","S","MARSHFIELD AVE","725",,,,,,,"4","NO INDICATION OF INJURY","0","0","0","0","0","1","0","10","7","3","41.776244547","-87.6655468196","POINT (-87.665546819644 41.776244546953)"
"4a627789f36c025a6fd7636e370996c3cdc04eb212492c0484bcedb36a3aacedc48de1442474bfd5a4d1bbbc8b89dbe8fe3382fa1d7027c5228ecc98583e5dd5",,"2026-03-07T10:50:00.000","30","NO CONTROLS","NO CONTROLS","CLEAR","DAYLIGHT","REAR END","DIVIDED - W/MEDIAN (NOT RAISED)",,"STRAIGHT AND LEVEL","DRY","NO DEFECTS","NOT ON SCENE (DESK REPORT)","NO INJURY / DRIVE AWAY",,,,"OVER $1,500","2026-03-07T11:16:00.000","UNABLE TO DETERMINE","NOT APPLICABLE","6840","S","COTTAGE GROVE AVE","321",,,,,,,"2","NO INDICATION OF INJURY","0","0","0","0","0","3","0","10","7","3","41.7701000021","-87.6058452692","POINT (-87.605845269241 41.770100002059)"
"bda6c38a47ee62ee7c229d3bb1d06db7812492117111fc77a39cd81999ca916794ef37455b7d5ab99765ed3f626691f00add090ef47fffc8dfa1cec9d66b3cf6",,"2026-03-07T10:50:00.000","30","STOP SIGN/FLASHER","FUNCTIONING PROPERLY","CLEAR","DAYLIGHT","ANGLE","FOUR WAY",,"STRAIGHT AND LEVEL","DRY","NO DEFECTS","NOT ON SCENE (DESK REPORT)","NO INJURY / DRIVE AWAY",,,,"OVER $1,500","2026-03-07T12:00:00.000","FAILING TO YIELD RIGHT-OF-WAY","FAILING TO REDUCE SPEED TO AVOID CRASH","1101","S","CANAL ST","124",,,,,,,"2","NO INDICATION OF INJURY","0","0","0","0","0","3","0","10","7","3","41.8688897111","-87.6390989281","POINT (-87.639098928088 41.868889711112)"
"ca6fa67291118c6416abb4a32b109338b8ea888ff3737325242f8d7a0f47b7e298c12e1c80da7182d6b44e11f36b5a391b0031d9097c4dfe45996de5dc79bbbd",,"2026-03-07T10:45:00.000","30","NO CONTROLS","NO CONTROLS","UNKNOWN","DAYLIGHT","PARKED MOTOR VEHICLE","UNKNOWN",,"STRAIGHT AND LEVEL","UNKNOWN","NO DEFECTS","NOT ON SCENE (DESK REPORT)","NO INJURY / DRIVE AWAY",,,"Y","OVER $1,500","2026-03-07T23:00:00.000","UNABLE TO DETERMINE","UNABLE TO DETERMINE","5729","N","NATOMA AVE","1612",,,,,,,"2","NO INDICATION OF INJURY","0","0","0","0","0","1","0","10","7","3","41.9859669445","-87.7937448552","POINT (-87.793744855185 41.985966944492)"
"8eeb17c7ae587d35b44ca7b7ee3762aa3897c2a25cd2bd43ecf4c66823ac94a7df90f46a69288c97ac02aec19efbf19b01905f06eaf3f84933478b41f3bb2d40",,"2026-03-07T10:38:00.000","10","NO CONTROLS","NO CONTROLS","RAIN","DAYLIGHT","REAR TO REAR","PARKING LOT",,"STRAIGHT AND LEVEL","WET","NO DEFECTS","NOT ON SCENE (DESK REPORT)","NO INJURY / DRIVE AWAY",,,,"OVER $1,500","2026-03-07T11:50:00.000","UNABLE TO DETERMINE","NOT APPLICABLE","3615","W","IRVING PARK RD","1732",,,,,,,"2","NO INDICATION OF INJURY","0","0","0","0","0","2","0","10","7","3","41.9536466519","-87.7184849051","POINT (-87.71848490505 41.953646651916)"
"79b559696089d13ae6cce6131c797c8cb783caeac9b9f6035924472ab5c7142a164573b705eb8cc1ae682036105315fb6d291c22f798437757c5c53a258f42bb",,"2026-03-07T10:20:00.000","30","NO CONTROLS","NO CONTROLS","CLEAR","DAYLIGHT","ANGLE","ALLEY",,"STRAIGHT AND LEVEL","DRY","UNKNOWN","NOT ON SCENE (DESK REPORT)","NO INJURY / DRIVE AWAY",,,,"OVER $1,500","2026-03-07T11:03:00.000","UNABLE TO DETERMINE","UNABLE TO DETERMINE","3552","W","77TH ST","835",,,,,,,"2","NO INDICATION OF INJURY","0","0","0","0","0","2","0","10","7","3","41.7534182589","-87.7118908181","POINT (-87.711890818128 41.753418258873)"
"8888a19730a23f04be7967196af99fc9bbf15e6fb237d7f230ee479fae898f64308c020651693fe2a930a00176e4a5760ee7985cbbde75c3736459cea0ace863",,"2026-03-07T10:01:00.000","30","NO CONTROLS","NO CONTROLS","CLOUDY/OVERCAST","DAYLIGHT","SIDESWIPE SAME DIRECTION","NOT DIVIDED",,"STRAIGHT AND LEVEL","DRY","NO DEFECTS","ON SCENE","NO INJURY / DRIVE AWAY",,,"Y","OVER $1,500","2026-03-07T10:01:00.000","OPERATING VEHICLE IN ERRATIC, RECKLESS, CARELESS, NEGLIGENT OR AGGRESSIVE MANNER","EVASIVE ACTION DUE TO ANIMAL, OBJECT, NONMOTORIST","750","W","NORTH AVE","1813",,,,,,,"3","NO INDICATION OF INJURY","0","0","0","0","0","4","0","10","7","3","41.9110351619","-87.6478582738","POINT (-87.64785827383 41.911035161943)"
"2715a1975d97709849e27615e224c1cfc914ff04350f8192f29d848a58f0c0b9c52ed07a19552dea30941639ce345950984ee3047eb35d7e00318c88db53c539",,"2026-03-07T10:00:00.000","30","NO CONTROLS","NO CONTROLS","RAIN","DAYLIGHT","TURNING","PARKING LOT",,"STRAIGHT AND LEVEL","WET","UNKNOWN","NOT ON SCENE (DESK REPORT)","NO INJURY / DRIVE AWAY",,,"Y","OVER $1,500","2026-03-07T12:15:00.000","FOLLOWING TOO CLOSELY","NOT APPLICABLE","1934","S","STATE ST","131",,,,,,,"2","NO INDICATION OF INJURY","0","0","0","0","0","2","0","10","7","3","41.855555054","-87.6272954993","POINT (-87.627295499348 41.855555053988)"
"7dfd80da18c957a1c4ee534cd0ca73abf50da7aaa9a2807ca0a8c126d7be34ceddae5cf5452fdc523957aab46343cb5cfb09019b63cf995811076b9adcb2ed10",,"2026-03-07T10:00:00.000","15","NO CONTROLS","NO CONTROLS","CLEAR","DAYLIGHT","PARKED MOTOR VEHICLE","NOT DIVIDED",,"STRAIGHT AND LEVEL","DRY","NO DEFECTS","ON SCENE","INJURY AND / OR TOW DUE TO CRASH",,"Y","Y","OVER $1,500","2026-03-07T10:00:00.000","FAILING TO REDUCE SPEED TO AVOID CRASH","FAILING TO REDUCE SPEED TO AVOID CRASH","1002","N","LEAMINGTON AVE","1531",,,,,,,"2","NO INDICATION OF INJURY","0","0","0","0","0","1","0","10","7","3","41.898739666","-87.7546141343","POINT (-87.754614134304 41.898739665976)"
"95ffd8904f05b699113725f79cdbd7ced4933f71bb5dcac86d36569847a9cedfdf36b1bb1e4b5381a05f57d81b06ff9ce6a1ff4b26f117f59632f4df7c768e8a",,"2026-03-07T10:00:00.000","30","NO CONTROLS","NO CONTROLS","UNKNOWN","UNKNOWN","PARKED MOTOR VEHICLE","DIVIDED - W/MEDIAN (NOT RAISED)",,"STRAIGHT AND LEVEL","UNKNOWN","UNKNOWN","NOT ON SCENE (DESK REPORT)","NO INJURY / DRIVE AWAY",,,"Y","$501 - $1,500","2026-03-08T18:50:00.000","FOLLOWING TOO CLOSELY","FOLLOWING TOO CLOSELY","3138","W","FILLMORE ST","1134",,,,,,,"2","NO INDICATION OF INJURY","0","0","0","0","0","1","0","10","7","3","41.8683438251","-87.7048811229","POINT (-87.704881122862 41.868343825089)"
"ca83ceaf578d30e51c221bae537e5e5e1ed5b3568152ee1ca772a27722af8b5eb9d7beacbe353e166e9d01e931a5b0b84275f7eb2881d9ad1476267d47fad183",,"2026-03-07T09:56:00.000","30","STOP SIGN/FLASHER","FUNCTIONING PROPERLY","CLEAR","DAYLIGHT","FIXED OBJECT","OTHER",,"STRAIGHT AND LEVEL","DRY","NO DEFECTS","ON SCENE","INJURY AND / OR TOW DUE TO CRASH","Y",,,"OVER $1,500","2026-03-07T10:19:00.000","UNABLE TO DETERMINE","NOT APPLICABLE","1831","S","HOMAN AVE","1021",,,,,,,"1","NO INDICATION OF INJURY","0","0","0","0","0","1","0","9","7","3","41.8562786944","-87.710109683","POINT (-87.710109682966 41.856278694389)"
"a2c58b9b06cd6851db5537f314001fd890cbe9625262fecc367d95ba409344846da2a97610d340d32531267630a27bd4be92d5c2a7fd1d19526e434d3eb22501",,"2026-03-07T09:50:00.000","30","TRAFFIC SIGNAL","FUNCTIONING PROPERLY","CLEAR","DAYLIGHT","TURNING","FOUR WAY",,"STRAIGHT AND LEVEL","DRY","NO DEFECTS","NOT ON SCENE (DESK REPORT)","INJURY AND / OR TOW DUE TO CRASH","Y",,,"OVER $1,500","2026-03-07T09:50:00.000","FAILING TO YIELD RIGHT-OF-WAY","NOT APPLICABLE","4800","N","WESTERN AVE","2031",,,,,,,"2","NO INDICATION OF INJURY","0","0","0","0","0","2","0","9","7","3","41.9686407275","-87.6890542408","POINT (-87.689054240837 41.968640727477)"
"e0626082af4e477d3ee270228592a21f9e45f3889cf22d5027f3d2a7486e5e27bf4ff89f7da52dc4160e87a2cf78537eca58f3a2b31072fe6b5bbca5ac46be8e",,"2026-03-07T09:50:00.000","30","NO CONTROLS","NO CONTROLS","CLEAR","DAYLIGHT","ANGLE","DIVIDED - W/MEDIAN (NOT RAISED)",,"STRAIGHT AND LEVEL","UNKNOWN","UNKNOWN","NOT ON SCENE (DESK REPORT)","NO INJURY / DRIVE AWAY",,,,"OVER $1,500","2026-03-07T15:30:00.000","UNABLE TO DETERMINE","NOT APPLICABLE","2336","N","CICERO AVE","2522",,,,,,,"2","NO INDICATION OF INJURY","0","0","0","0","0","2","0","9","7","3","41.9235453941","-87.7464277791","POINT (-87.746427779132 41.923545394118)"
"fa4e6e14bd1137c2e5843af56ad55cb091e9909fbc8459a499b6cccfaed5fc8da0672727acba586a9d9daf1c33653b31b1f1264973a500187bc5e1c48dabc65c",,"2026-03-07T09:50:00.000","30","TRAFFIC SIGNAL","FUNCTIONING PROPERLY","UNKNOWN","UNKNOWN","REAR END","DIVIDED - W/MEDIAN BARRIER",,"STRAIGHT AND LEVEL","UNKNOWN","UNKNOWN","NOT ON SCENE (DESK REPORT)","NO INJURY / DRIVE AWAY","Y",,,"$501 - $1,500","2026-03-07T17:05:00.000","FOLLOWING TOO CLOSELY","FOLLOWING TOO CLOSELY","4452","W","HARRISON ST","1131",,,,,,,"2","NO INDICATION OF INJURY","0","0","0","0","0","2","0","9","7","3","41.8734040259","-87.737294588","POINT (-87.73729458801 41.873404025869)"
"1640baa674dc8231d9009cedbb991c41f032730efab482a884d65366bc62c98c8bf30c21500522ad99fae969821ec0794536d89cda53be502374ca88f384d38d",,"2026-03-07T09:45:00.000","30","TRAFFIC SIGNAL","FUNCTIONING PROPERLY","CLEAR","DAYLIGHT","TURNING","FOUR WAY",,"STRAIGHT AND LEVEL","UNKNOWN","UNKNOWN","NOT ON SCENE (DESK REPORT)","NO INJURY / DRIVE AWAY","Y",,,"OVER $1,500","2026-03-07T10:22:00.000","UNABLE TO DETERMINE","NOT APPLICABLE","1400","W","DEVON AVE","2432",,,,,,,"2","NO INDICATION OF INJURY","0","0","0","0","0","2","0","9","7","3","41.9982442213","-87.6655697774","POINT (-87.665569777386 41.99824422132)"
"aac2d0bf2d686c5d9e5310c2fafe3965034661c48911eb9ddc49a8c1f92d9522474b71ec10f3809be1dec67f8def305be35bae16298034464db914e75476a518",,"2026-03-07T09:44:00.000","30","NO CONTROLS","NO CONTROLS","CLEAR","DAYLIGHT","REAR END","DIVIDED - W/MEDIAN (NOT RAISED)",,"STRAIGHT AND LEVEL","DRY","NO DEFECTS","NOT ON SCENE (DESK REPORT)","NO INJURY / DRIVE AWAY",,,,"OVER $1,500","2026-03-07T11:10:00.000","UNABLE TO DETERMINE","UNABLE TO DETERMINE","9541","S","STONY ISLAND AVE","431",,,,,,,"2","NO INDICATION OF INJURY","0","0","0","0","0","2","0","9","7","3","41.7209416628","-87.5848253913","POINT (-87.584825391297 41.720941662796)"
"e2fdd475b94b9368034e20ebe35a49c3ba52a9cca14720827eff018133d5349a7e7b2716c0144bd6986311f31d53cf8a9e2b775a94c9fb05c7d9fab5bd4328ee",,"2026-03-07T09:40:00.000","20","NO CONTROLS","NO CONTROLS","CLEAR","DAYLIGHT","PARKED MOTOR VEHICLE","ONE-WAY",,"STRAIGHT AND LEVEL","DRY","NO DEFECTS","NOT ON SCENE (DESK REPORT)","NO INJURY / DRIVE AWAY",,,,"$501 - $1,500","2026-03-07T11:00:00.000","DRIVING SKILLS/KNOWLEDGE/EXPERIENCE","NOT APPLICABLE","1316","N","HARDING AVE","2535",,,,,,,"2","NO INDICATION OF INJURY","0","0","0","0","0","1","0","9","7","3","41.9049670616","-87.725304373","POINT (-87.725304372978 41.904967061569)"
"d10786e0cca5fedb3adb47b38bd613a5a5c30e724ffc0b23f38cef1aad3885cc4db0240672e1c35f809c84b2b5c734b43473b22ad2df000b1cab9e728f93e477",,"2026-03-07T09:30:00.000","30","NO CONTROLS","NO CONTROLS","CLEAR","DAYLIGHT","PARKED MOTOR VEHICLE","NOT DIVIDED",,"STRAIGHT AND LEVEL","DRY","NO DEFECTS","NOT ON SCENE (DESK REPORT)","NO INJURY / DRIVE AWAY",,,"Y","$500 OR LESS","2026-03-08T15:00:00.000","UNABLE TO DETERMINE","NOT APPLICABLE","3800","W","80TH ST","834",,,,,,,"2","NO INDICATION OF INJURY","0","0","0","0","0","1","0","9","7","3","41.7478561444","-87.717093203","POINT (-87.717093203047 41.747856144447)"
"873ab49bf077ae4965b7763b3a5a34bb0ca252bd94f362582cc8ff8fe4853b30e3d5cb0322009c9ebfba2359a90e915feb7fc485680cb13c0392f2beb3ed370e",,"2026-03-07T09:20:00.000","30","NO CONTROLS","FUNCTIONING PROPERLY","CLOUDY/OVERCAST","DAYLIGHT","REAR END","NOT DIVIDED",,"STRAIGHT AND LEVEL","WET","NO DEFECTS","NOT ON SCENE (DESK REPORT)","NO INJURY / DRIVE AWAY",,,"Y","OVER $1,500","2026-03-07T16:00:00.000","FOLLOWING TOO CLOSELY","FOLLOWING TOO CLOSELY","1700","E","HAYES DR","331",,,,,,,"2","NO INDICATION OF INJURY","0","0","0","0","0","3","0","9","7","3","41.7810203265","-87.584218425","POINT (-87.584218425034 41.781020326546)"
"cb49da1c51dbefb6296933c7d572567c45ec343627d30ea6ee2bddfd638f711e130b7032940757e8a58b621f05425d8859be86695364cde52acc24f8a223cc8a",,"2026-03-07T09:09:00.000","30","STOP SIGN/FLASHER","FUNCTIONING PROPERLY","CLEAR","DAYLIGHT","FIXED OBJECT","NOT DIVIDED",,"STRAIGHT AND LEVEL","WET","UNKNOWN","ON SCENE","INJURY AND / OR TOW DUE TO CRASH",,,,"OVER $1,500","2026-03-07T09:15:00.000","PHYSICAL CONDITION OF DRIVER","NOT APPLICABLE","7808","S","KENWOOD AVE","411",,,,,,,"2","NONINCAPACITATING INJURY","1","0","0","1","0","0","0","9","7","3","41.7529518452","-87.5920214154","POINT (-87.592021415431 41.752951845249)"
"2c238e8801657e068d8492898a4a77f4ca060e919671579968170550f6b76a7900a14bdd755e3cef3a1112b3d5c40813871be707f8c36f90ac55c38fba5d4e31",,"2026-03-07T09:05:00.000","30","NO CONTROLS","NO CONTROLS","RAIN","DAYLIGHT","REAR END","DIVIDED - W/MEDIAN (NOT RAISED)",,"STRAIGHT AND LEVEL","WET","NO DEFECTS","ON SCENE","INJURY AND / OR TOW DUE TO CRASH",,,,"OVER $1,500","2026-03-07T09:05:00.000","FOLLOWING TOO CLOSELY","FOLLOWING TOO CLOSELY","9200","S","EWING AVE","424",,,,,,,"3","NONINCAPACITATING INJURY","1","0","0","1","0","7","0","9","7","3","41.7284164225","-87.5429248555","POINT (-87.54292485552 41.728416422524)"
"7491c00a27f5abfb6eb831623ad6c425e7ddd9a652d9b1456bcfc932cc5847c89655b32cca9490679e7e08866478506f9d7ae17cb9f92387c6ed3742fb6be99a",,"2026-03-07T09:02:00.000","35","STOP SIGN/FLASHER","FUNCTIONING PROPERLY","CLEAR","DAYLIGHT","REAR END","FOUR WAY",,"STRAIGHT AND LEVEL","DRY","NO DEFECTS","NOT ON SCENE (DESK REPORT)","NO INJURY / DRIVE AWAY","Y",,"Y","OVER $1,500","2026-03-07T09:30:00.000","FAILING TO YIELD RIGHT-OF-WAY","FOLLOWING TOO CLOSELY","400","E","83RD ST","631",,,,,,,"2","NO INDICATION OF INJURY","0","0","0","0","0","3","0","9","7","3","41.7439229064","-87.6146874861","POINT (-87.614687486131 41.743922906387)"
"f4618709903af5e2e06d06eb10b42375614be38b05094706b4904b8e660238f6a2f0d929822319f720ed3a46d8cab480d75675fc1cf6eb8de112f17a5c7aef57",,"2026-03-07T09:00:00.000","30","NO CONTROLS","UNKNOWN","CLEAR","DAYLIGHT","SIDESWIPE SAME DIRECTION","NOT DIVIDED",,"STRAIGHT AND LEVEL","DRY","NO DEFECTS","ON SCENE","NO INJURY / DRIVE AWAY",,,"Y","OVER $1,500","2026-03-07T09:55:00.000","FOLLOWING TOO CLOSELY","NOT APPLICABLE","911","W","87TH ST","2222",,,,,,,"2","NO INDICATION OF INJURY","0","0","0","0","0","2","0","9","7","3","41.7359205191","-87.6466040715","POINT (-87.64660407147 41.735920519076)"
"7581840c652a794d2335a9bb2be3adcb2e6eb8ee5c2e8940c65df80e613ca1ecea05b0876cd0459b688d5b4be8f1d4587536ede037e383898bbf099451dae6d2",,"2026-03-07T08:50:00.000","30","TRAFFIC SIGNAL","FUNCTIONING PROPERLY","RAIN","DAYLIGHT","ANGLE","DIVIDED - W/MEDIAN BARRIER",,"STRAIGHT AND LEVEL","WET","NO DEFECTS","NOT ON SCENE (DESK REPORT)","NO INJURY / DRIVE AWAY",,,,"OVER $1,500","2026-03-07T09:00:00.000","UNABLE TO DETERMINE","NOT APPLICABLE","3500","S","WENTWORTH AVE","915",,,,,,,"2","NO INDICATION OF INJURY","0","0","0","0","0","2","0","8","7","3","41.8309224418","-87.6316505184","POINT (-87.631650518377 41.830922441769)"
"857ca6ea19545ee59d56a0d7917d281863498ad64d9cee1496d180e79f2f4a53749e70847c70e65564970b0dcd85d7a0903784d96275d977ef76259dcfeb7d99",,"2026-03-07T08:50:00.000","30","UNKNOWN","UNKNOWN","CLEAR","DAYLIGHT","REAR END","UNKNOWN",,"STRAIGHT AND LEVEL","DRY","UNKNOWN","NOT ON SCENE (DESK REPORT)","NO INJURY / DRIVE AWAY",,,,"OVER $1,500","2026-03-08T17:10:00.000","UNABLE TO DETERMINE","UNABLE TO DETERMINE","7500","S","JEFFERY BLVD","414",,,,,,,"2","NO INDICATION OF INJURY","0","0","0","0","0","2","0","8","7","3","41.7587838191","-87.5762866492","POINT (-87.576286649151 41.758783819129)"
"16b9197272cde8ff0d9ef38366d1f398b6423cd53535fc779b543d880515794d45bc8c1856a8c8e6285c0b7757a5e5d22908a5b3a2d291a7dd75c77e7a9a9204",,"2026-03-07T08:40:00.000","30","TRAFFIC SIGNAL","FUNCTIONING PROPERLY","CLEAR","DAYLIGHT","SIDESWIPE SAME DIRECTION","T-INTERSECTION",,"STRAIGHT AND LEVEL","DRY","NO DEFECTS","ON SCENE","NO INJURY / DRIVE AWAY",,,,"OVER $1,500","2026-03-07T08:45:00.000","UNABLE TO DETERMINE","UNABLE TO DETERMINE","2225","W","FULLERTON AVE","1432",,,,,,,"2","NO INDICATION OF INJURY","0","0","0","0","0","2","0","8","7","3","41.9248397851","-87.6840939415","POINT (-87.684093941542 41.924839785095)"