"crash_record_id","crash_date_est_i","crash_date","posted_speed_limit","traffic_control_device","device_condition","weather_condition","lighting_condition","first_crash_type","trafficway_type","lane_cnt","alignment","roadway_surface_cond","road_defect","report_type","crash_type","intersection_related_i","private_property_i","hit_and_run_i","damage","date_police_notified","prim_contributory_cause","sec_contributory_cause","street_no","street_direction","street_name","beat_of_occurrence","photos_taken_i","statements_taken_i","dooring_i","work_zone_i","work_zone_type","workers_present_i","num_units","most_severe_injury","injuries_total","injuries_fatal","injuries_incapacitating","injuries_non_incapacitating","injuries_reported_not_evident","injuries_no_indication","injuries_unknown","crash_hour","crash_day_of_week","crash_month","latitude","longitude","location"
"1fd632d34736e9c982a217d3ff69498cfe4d8de74541680196c5e696a75ab7d9f80ab4c7a4d218c5387927809c36089af13cb145e34cb4a428853bf64055ce09",,"2026-03-07T08:40:00.000","35","TRAFFIC SIGNAL","NOT FUNCTIONING","CLEAR","DAYLIGHT","REAR END","NOT DIVIDED",,"STRAIGHT AND LEVEL","DRY","NO DEFECTS","NOT ON SCENE (DESK REPORT)","NO INJURY / DRIVE AWAY",,,,"$500 OR LESS","2026-03-07T09:00:00.000","FAILING TO REDUCE SPEED TO AVOID CRASH","NOT APPLICABLE","5521","W","JACKSON BLVD","1522",,,,,,,"2","NO INDICATION OF INJURY","0","0","0","0","0","4","0","8","7","3","41.8764516554","-87.7625785641","POINT (-87.762578564067 41.876451655375)"
"705551920c02fb892137a71dd037875f50bd2dc97b016e7b4ed855476795a45228bf281859e9f5ce1f45a8fc8b509cc387de798b5adc0d6215e6ff4562dbd53c",,"2026-03-07T08:40:00.000","30","TRAFFIC SIGNAL","NO CONTROLS","RAIN","DAYLIGHT","SIDESWIPE SAME DIRECTION","NOT DIVIDED",,"STRAIGHT AND LEVEL","WET","NO DEFECTS","ON SCENE","NO INJURY / DRIVE AWAY","Y",,,"$501 - $1,500","2026-03-07T08:45:00.000","IMPROPER OVERTAKING/PASSING","UNABLE TO DETERMINE","5100","S","ASHLAND AVE","932",,,,,,,"2","NO INDICATION OF INJURY","0","0","0","0","0","2","0","8","7","3","41.8012250602","-87.6649209577","POINT (-87.664920957694 41.801225060191)"
"a3df68915a8e055a7d522a9932e0b18e9797d73762688d349a3b3bd693920687bdc2f7c4b159bf61a302018850002430327b8d3353767c845f4308ed0c9d9774",,"2026-03-07T08:39:00.000","30","NO CONTROLS","NO CONTROLS","CLOUDY/OVERCAST","DAYLIGHT","SIDESWIPE SAME DIRECTION","DIVIDED - W/MEDIAN BARRIER",,"STRAIGHT AND LEVEL","WET","UNKNOWN","ON SCENE","NO INJURY / DRIVE AWAY",,,,"$500 OR LESS","2026-03-07T08:45:00.000","UNABLE TO DETERMINE","UNABLE TO DETERMINE","6201","S","CICERO AVE","813",,,,,,,"2","NO INDICATION OF INJURY","0","0","0","0","0","3","0","8","7","3","41.7801681289","-87.7422010621","POINT (-87.742201062053 41.78016812889)"
"3d113190ef8d2096f50f9146b610549d35dc546266487323c33d4121fba79796e57c01d11b144d1b6105a0968c402c3c70ea3f79dda958505f9b94e75bc7ffb8",,"2026-03-07T08:37:00.000","35","NO CONTROLS","NO CONTROLS","CLEAR","DAYLIGHT","PARKED MOTOR VEHICLE","PARKING LOT",,"STRAIGHT AND LEVEL","DRY","NO DEFECTS","NOT ON SCENE (DESK REPORT)","NO INJURY / DRIVE AWAY",,,,"$500 OR LESS","2026-03-07T10:05:00.000","UNABLE TO DETERMINE","UNABLE TO DETERMINE","3350","W","CARMEN AVE","1713",,,,,,,"2","NO INDICATION OF INJURY","0","0","0","0","0","2","0","8","7","3","41.9740263301","-87.7131372833","POINT (-87.713137283337 41.974026330075)"
"8f5f275ea124c66131ea9387a9f67ba0c4deade0fbd1a28291a449ed13893a0336c8db91f0385a466f2b0f9c1d410448f0ea79f35f242913cd5bf51d4c1ecf38",,"2026-03-07T08:20:00.000","10","NO CONTROLS","NO CONTROLS","CLOUDY/OVERCAST","DAYLIGHT","PARKED MOTOR VEHICLE","PARKING LOT",,"STRAIGHT AND LEVEL","WET","NO DEFECTS","NOT ON SCENE (DESK REPORT)","NO INJURY / DRIVE AWAY",,,"Y","OVER $1,500","2026-03-07T09:31:00.000","UNABLE TO DETERMINE","NOT APPLICABLE","87","W","87TH ST","634",,,,,,,"2","NO INDICATION OF INJURY","0","0","0","0","0","1","0","8","7","3","41.7361451282","-87.626917844","POINT (-87.626917843973 41.736145128237)"
"fd9fa44e42dca108cab6c1cb6e751a32cc92370c03c554add2eecb5a1c77a34b2d65b10ef992df0f856ba8ac8d72a7f4d5b49283af2642fa8c3ab5b2a55bcb08",,"2026-03-07T08:10:00.000","25","TRAFFIC SIGNAL","FUNCTIONING PROPERLY","CLEAR","DAYLIGHT","REAR END","FOUR WAY",,"STRAIGHT AND LEVEL","UNKNOWN","NO DEFECTS","NOT ON SCENE (DESK REPORT)","NO INJURY / DRIVE AWAY","Y",,,"OVER $1,500","2026-03-07T08:30:00.000","FOLLOWING TOO CLOSELY","NOT APPLICABLE","800","W","GRAND AVE","1214",,,,,,,"2","NO INDICATION OF INJURY","0","0","0","0","0","2","0","8","7","3","41.891293713","-87.647680593","POINT (-87.647680593026 41.891293712961)"
"52b1f9cbc43e8d9a4da28d07338030be47d5e91174ed1c0bc7e48b842673e2e2ec3e743ca41a767d1d6dc0098ec60308aae305846b7194f4992fb6e7ad2207b4",,"2026-03-07T08:00:00.000","35","STOP SIGN/FLASHER","NO CONTROLS","CLEAR","UNKNOWN","PARKED MOTOR VEHICLE","ONE-WAY",,"STRAIGHT AND LEVEL","DRY","NO DEFECTS","NOT ON SCENE (DESK REPORT)","NO INJURY / DRIVE AWAY",,,"Y","OVER $1,500","2026-03-07T10:30:00.000","UNABLE TO DETERMINE","NOT APPLICABLE","5412","W","CONGRESS PKWY","1522",,,,,,,"2","NO INDICATION OF INJURY","0","0","0","0","0","1","0","8","7","3","41.8739920763","-87.7600825251","POINT (-87.760082525076 41.873992076269)"
"68ea29807358dcd7b9e6c3af312fa0722a7fba8ba8ed0e1b71da1c49379cb7d6bcd05fa357d16dffad6c0b40b5ab5a0272f431410916794bdb5e5df1b0839c0c",,"2026-03-07T07:45:00.000","30","UNKNOWN","UNKNOWN","UNKNOWN","UNKNOWN","FIXED OBJECT","UNKNOWN",,"STRAIGHT AND LEVEL","UNKNOWN","NO DEFECTS","ON SCENE","NO INJURY / DRIVE AWAY",,,,"OVER $1,500","2026-03-07T14:11:00.000","NOT APPLICABLE","NOT APPLICABLE","1600","N","LAKE SHORE DR SB","1814",,,,,,,"1","NO INDICATION OF INJURY","0","0","0","0","0","2","0","7","7","3","41.9118569525","-87.6261695233","POINT (-87.626169523312 41.911856952541)"
"89c4ea681107a942fbea8e4706d70d9f1035382e53b4f990fda5ae3c4d8520dcb7f87f8c6d337c28643c2c62de2596575b36b5b28801f912a2a90e694a35c8bf",,"2026-03-07T07:44:00.000","30","NO CONTROLS","NO CONTROLS","CLEAR","DAYLIGHT","TURNING","NOT DIVIDED",,"STRAIGHT AND LEVEL","WET","NO DEFECTS","NOT ON SCENE (DESK REPORT)","NO INJURY / DRIVE AWAY",,,"Y","$501 - $1,500","2026-03-07T08:25:00.000","DRIVING SKILLS/KNOWLEDGE/EXPERIENCE","DRIVING SKILLS/KNOWLEDGE/EXPERIENCE","7901","S","DR MARTIN LUTHER KING JR DR","624","Y","Y",,,,,"2","NO INDICATION OF INJURY","0","0","0","0","0","3","0","7","7","3","41.7510253304","-87.6148091501","POINT (-87.614809150056 41.751025330398)"
"6524e229c806e943c8efcf4cbbe9aa28ceae9e43a7bd209de8af28a9b85aa9eeaf3823da009c801c62d6f25cf1d15e1d477808f077c1b086295c65a228091173",,"2026-03-07T07:20:00.000","30","NO CONTROLS","NO CONTROLS","CLEAR","DAYLIGHT","TURNING","DRIVEWAY",,"STRAIGHT AND LEVEL","DRY","NO DEFECTS","NOT ON SCENE (DESK REPORT)","NO INJURY / DRIVE AWAY",,,"Y","$500 OR LESS","2026-03-07T21:10:00.000","UNABLE TO DETERMINE","NOT APPLICABLE","4704","S","CICERO AVE","814",,,,,,,"2","NO INDICATION OF INJURY","0","0","0","0","0","2","0","7","7","3","41.8074171974","-87.7432946955","POINT (-87.743294695532 41.807417197386)"
"c679c3803a867951728af13bd930e12a48edd046ccc2601f19f2da634a0442c86148e2214f50fd03d3ccdf531a3d3b6e5bc875c10c4174285f87ea7558eb1e2f",,"2026-03-07T07:15:00.000","30","TRAFFIC SIGNAL","FUNCTIONING PROPERLY","RAIN","DAYLIGHT","TURNING","FOUR WAY",,"STRAIGHT AND LEVEL","WET","NO DEFECTS","ON SCENE","INJURY AND / OR TOW DUE TO CRASH","Y",,,"OVER $1,500","2026-03-07T07:24:00.000","IMPROPER TURNING/NO SIGNAL","IMPROPER TURNING/NO SIGNAL","4599","N","CICERO AVE","1722",,,,,,,"2","NO INDICATION OF INJURY","0","0","0","0","0","3","0","7","7","3","41.9643234441","-87.7474685449","POINT (-87.747468544931 41.964323444127)"
"093420dd9c810ecca12978f8653aa5f296ddd20e946044ae6d0f7e9eba7679ecbecf09055d0e08bdef97f5fbb1cd08b7a87ffd8e8937af1324f205b16ea93fa7",,"2026-03-07T07:10:00.000","30","NO CONTROLS","NO CONTROLS","CLEAR","DAYLIGHT","PARKED MOTOR VEHICLE","DIVIDED - W/MEDIAN (NOT RAISED)",,"STRAIGHT AND LEVEL","DRY","NO DEFECTS","ON SCENE","NO INJURY / DRIVE AWAY",,,"Y","$501 - $1,500","2026-03-07T09:48:00.000","UNABLE TO DETERMINE","UNABLE TO DETERMINE","6028","S","CALIFORNIA AVE","823",,,,,,,"2","NO INDICATION OF INJURY","0","0","0","0","0","1","0","7","7","3","41.7836986226","-87.6936664404","POINT (-87.693666440398 41.783698622563)"
"0f40caae8cb49e8ae1ced998453ab2b2103a685181e59fe78f35c487d9b55aecc00f39e798a79353d912853088d440ba11651f4332d2d2d3f619f971c77706e1",,"2026-03-07T07:00:00.000","30","NO CONTROLS","NO CONTROLS","CLEAR","DAYLIGHT","PARKED MOTOR VEHICLE","NOT DIVIDED",,"STRAIGHT AND LEVEL","WET","NO DEFECTS","NOT ON SCENE (DESK REPORT)","NO INJURY / DRIVE AWAY",,,"Y","OVER $1,500","2026-03-07T07:00:00.000","UNABLE TO DETERMINE","UNABLE TO DETERMINE","3639","W","69TH ST","833",,,,,,,"2","NO INDICATION OF INJURY","0","0","0","0","0","1","0","7","7","3","41.767746203","-87.7143766489","POINT (-87.714376648894 41.767746202985)"
"3f1f41671521b21247eeb0dacda0d413da2a7757c72f88df13a06eff53476ecb705a3759aea0be2918eef41d6b7b81ebe5497f2b9113cfe944432b811ef436fc","Y","2026-03-07T07:00:00.000","30","NO CONTROLS","NO CONTROLS","CLEAR","DAYLIGHT","PARKED MOTOR VEHICLE","NOT DIVIDED",,"STRAIGHT AND LEVEL","WET","NO DEFECTS","NOT ON SCENE (DESK REPORT)","NO INJURY / DRIVE AWAY",,,"Y","OVER $1,500","2026-03-07T08:50:00.000","UNABLE TO DETERMINE","UNABLE TO DETERMINE","4513","S","CALIFORNIA AVE","922",,,,,,,"2","NO INDICATION OF INJURY","0","0","0","0","0","1","0","7","7","3","41.8114835776","-87.6941537506","POINT (-87.694153750621 41.811483577601)"
"a35df912b5b4a79889de258b54826bb06126eb2355d355b47de4c66c3af0c8ebc218ce4c841072d7f7b5e666d231517fa21f1fde0d12e79420f129d6e77c6ea9",,"2026-03-07T06:48:00.000","30","NO CONTROLS","NO CONTROLS","CLOUDY/OVERCAST","DAYLIGHT","PARKED MOTOR VEHICLE","ONE-WAY",,"STRAIGHT AND LEVEL","WET","UNKNOWN","ON SCENE","NO INJURY / DRIVE AWAY",,,"Y","OVER $1,500","2026-03-07T09:45:00.000","OPERATING VEHICLE IN ERRATIC, RECKLESS, CARELESS, NEGLIGENT OR AGGRESSIVE MANNER","FAILING TO REDUCE SPEED TO AVOID CRASH","5510","W","WRIGHTWOOD AVE","2514",,,,,,,"3","NO INDICATION OF INJURY","0","0","0","0","0","1","0","6","7","3","41.927763454","-87.7641187826","POINT (-87.764118782576 41.927763453979)"
"bf0875fe4ea46ded55aafce61df8d53f87ef281ac01767a3795377c5130005459fff6ac66badc83fb74b80c28d56a3060867496c6437431899a7f780a120bcef",,"2026-03-07T06:38:00.000","30","TRAFFIC SIGNAL","FUNCTIONING PROPERLY","RAIN","DAYLIGHT","ANGLE","FOUR WAY",,"STRAIGHT AND LEVEL","WET","NO DEFECTS","ON SCENE","INJURY AND / OR TOW DUE TO CRASH","Y",,,"$501 - $1,500","2026-03-07T06:45:00.000","DISREGARDING TRAFFIC SIGNALS","FAILING TO YIELD RIGHT-OF-WAY","500","W","VAN BUREN ST","121",,,,,,,"2","NO INDICATION OF INJURY","0","0","0","0","0","2","0","6","7","3","41.8768807268","-87.6396363852","POINT (-87.639636385215 41.876880726785)"
"69d5ab5ff01eeca9631e3e9d6250de3ee7b642d8f5ce467eaf110199862b1ba950553e08f9c15e7ea72e21d125d9e8b583eed456e92a70d5ae11aaaa37292f61","Y","2026-03-07T05:43:00.000","25","TRAFFIC SIGNAL","FUNCTIONING PROPERLY","RAIN","DARKNESS, LIGHTED ROAD","FIXED OBJECT","NOT DIVIDED",,"STRAIGHT AND LEVEL","WET","UNKNOWN","ON SCENE","INJURY AND / OR TOW DUE TO CRASH","Y",,,"OVER $1,500","2026-03-07T05:43:00.000","UNABLE TO DETERMINE","NOT APPLICABLE","443","W","71ST ST","732",,,,,,,"1","REPORTED, NOT EVIDENT","1","0","0","0","1","0","0","5","7","3","41.7652203379","-87.6363876724","POINT (-87.636387672423 41.765220337893)"
"b1611575d1c47c076813a79d9652eb1d0a61f652821312db723674037ff30dc3a1bd2f6937b3a5fd92de41f4c8c798210363eb117eb539b6de72e76c7fd2fcca",,"2026-03-07T05:40:00.000","30","TRAFFIC SIGNAL","FUNCTIONING PROPERLY","RAIN","DARKNESS, LIGHTED ROAD","TURNING","ONE-WAY",,"STRAIGHT AND LEVEL","WET","NO DEFECTS","NOT ON SCENE (DESK REPORT)","NO INJURY / DRIVE AWAY","Y",,,"OVER $1,500","2026-03-08T14:05:00.000","IMPROPER TURNING/NO SIGNAL","UNABLE TO DETERMINE","789","W","98TH PL","2223",,,,,,,"2","NO INDICATION OF INJURY","0","0","0","0","0","2","0","5","7","3","41.7150044901","-87.642975006","POINT (-87.64297500604 41.715004490051)"
"bc8c1f2569b29e5d6eedf33f1979678cb9cf79fc14204f81e4b519e68b351bf596ad9e445342b4dc9df13a81a640f04d0b922a47d4996425d607f72f7559c111",,"2026-03-07T05:32:00.000","30","STOP SIGN/FLASHER","NO CONTROLS","RAIN","DARKNESS, LIGHTED ROAD","ANGLE","NOT DIVIDED",,"STRAIGHT AND LEVEL","WET","NO DEFECTS","ON SCENE","INJURY AND / OR TOW DUE TO CRASH","Y",,,"OVER $1,500","2026-03-07T05:33:00.000","UNABLE TO DETERMINE","NOT APPLICABLE","1829","W","ARMITAGE AVE","1434",,,,,,,"2","NO INDICATION OF INJURY","0","0","0","0","0","2","0","5","7","3","41.9177183869","-87.6739114287","POINT (-87.673911428706 41.917718386924)"
"ca66ed8d7c7473996f6e2f869155714c94681fbc2b2b0d6c98a4a0d0a20a38fe022e0ccf57474a4cdab26fafe491ad546fb93c3a3bd841cbc4d013dac5439f6f",,"2026-03-07T05:10:00.000","30","STOP SIGN/FLASHER","FUNCTIONING PROPERLY","RAIN","DARKNESS, LIGHTED ROAD","TURNING","NOT DIVIDED",,"STRAIGHT AND LEVEL","WET","NO DEFECTS","ON SCENE","INJURY AND / OR TOW DUE TO CRASH","Y",,"Y","OVER $1,500","2026-03-07T05:19:00.000","DISREGARDING STOP SIGN","UNABLE TO DETERMINE","1666","N","CALIFORNIA AVE","1421",,,,,,,"2","NONINCAPACITATING INJURY","1","0","0","1","0","1","0","5","7","3","41.9122494474","-87.6971928826","POINT (-87.697192882639 41.912249447422)"
"306302298f875366cf9677672dcd50ecc7ffb47de477622dad3a1fef0cd520c67c017617dda1390aeb6de3fb804ded807e07ddffd0800e070f9354de73560413","Y","2026-03-07T05:00:00.000","30","NO CONTROLS","NO CONTROLS","UNKNOWN","UNKNOWN","PARKED MOTOR VEHICLE","UNKNOWN",,"STRAIGHT AND LEVEL","UNKNOWN","UNKNOWN","NOT ON SCENE (DESK REPORT)","INJURY AND / OR TOW DUE TO CRASH",,,"Y","OVER $1,500","2026-03-07T07:30:00.000","NOT APPLICABLE","NOT APPLICABLE","1250","N","CENTRAL PARK AVE","2535",,,,,,,"2","NO INDICATION OF INJURY","0","0","0","0","0","1","0","5","7","3","41.9042442232","-87.716758592","POINT (-87.716758592036 41.904244223217)"
"6e9c83289492976d44e41c7ec35bf9aed7691763aedd2601ba188f1e30c317b475f8e9adcdcdaec363ef2a9ce9271feab899d843655a13fa12f17398f117b632",,"2026-03-07T04:38:00.000","30","TRAFFIC SIGNAL","FUNCTIONING PROPERLY","RAIN","DARKNESS, LIGHTED ROAD","TURNING","NOT DIVIDED",,"STRAIGHT AND LEVEL","WET","NO DEFECTS","NOT ON SCENE (DESK REPORT)","NO INJURY / DRIVE AWAY",,,"Y","OVER $1,500","2026-03-07T21:20:00.000","FAILING TO YIELD RIGHT-OF-WAY","UNABLE TO DETERMINE","2600","S","KEDZIE AVE","1032",,,,,,,"2","NO INDICATION OF INJURY","0","0","0","0","0","2","0","4","7","3","41.8444248308","-87.7051854523","POINT (-87.705185452332 41.844424830844)"
"91c08b7d73c9265fbddfd82644f0d122e31b5a9a3451463c2701c3104a6e327e398cbd7d5c8dec47a6331b9ad7323e67c7b8a2fa29cd2ff03a99f7339a13e029",,"2026-03-07T04:22:00.000","15","NO CONTROLS","NO CONTROLS","CLEAR","DARKNESS, LIGHTED ROAD","PARKED MOTOR VEHICLE","ONE-WAY",,"STRAIGHT AND LEVEL","WET","NO DEFECTS",,"INJURY AND / OR TOW DUE TO CRASH",,,"Y","OVER $1,500","2026-03-07T04:25:00.000","FAILING TO REDUCE SPEED TO AVOID CRASH","UNABLE TO DETERMINE","3625","N","OLCOTT AVE","1631",,,,,,,"4","NO INDICATION OF INJURY","0","0","0","0","0","1","0","4","7","3","41.945877145","-87.8142170378","POINT (-87.814217037779 41.945877145035)"
"05f56e9ff19a73e05ce1a271cc74513f97072d02d72dbd18b900e89d0044aa546687cc40c4e83fa542adbb465daa21bc1277948b56492d0cc16d1eed9f138aba",,"2026-03-07T04:20:00.000","30","TRAFFIC SIGNAL","FUNCTIONING PROPERLY","RAIN","DAWN","SIDESWIPE SAME DIRECTION","NOT DIVIDED",,"STRAIGHT AND LEVEL","WET","NO DEFECTS","ON SCENE","NO INJURY / DRIVE AWAY","Y",,,"OVER $1,500","2026-03-07T04:30:00.000","DRIVING SKILLS/KNOWLEDGE/EXPERIENCE","WEATHER","3398","W","JACKSON BLVD","1124",,,,,,,"2","NO INDICATION OF INJURY","0","0","0","0","0","2","0","4","7","3","41.8773876715","-87.7108334219","POINT (-87.710833421927 41.877387671513)"
"7d09c2dc90423f26b33fb7e3af544b0d6e9740b6b670e6b18a5c48d9aa4c54d928d8b36fdb8bf9d4946f651bbb4ff898dbc05eabcfb04525199d763140ad9408",,"2026-03-07T04:20:00.000","30","NO CONTROLS","WORN REFLECTIVE MATERIAL","RAIN","DARKNESS, LIGHTED ROAD","FIXED OBJECT","DIVIDED - W/MEDIAN BARRIER",,"STRAIGHT AND LEVEL","WET","NO DEFECTS","ON SCENE","INJURY AND / OR TOW DUE TO CRASH",,,,"OVER $1,500","2026-03-07T04:31:00.000","DRIVING SKILLS/KNOWLEDGE/EXPERIENCE","WEATHER","1000","N","LAKE SHORE DR NB","1824",,,,,,,"1","NO INDICATION OF INJURY","0","0","0","0","0","1","0","4","7","3","41.9009589191","-87.6199281737","POINT (-87.619928173678 41.900958919109)"
"3df50d8c2f2263edbf11d9a1c4445571784a98bdd26dfce19c68eb87dd19dc990fc5a75edfd93485264209e23b802748f89f0fd3535d0533550329b97fb2544b",,"2026-03-07T04:07:00.000","30","TRAFFIC SIGNAL","FUNCTIONING PROPERLY","RAIN","DARKNESS, LIGHTED ROAD","TURNING","DIVIDED - W/MEDIAN (NOT RAISED)",,"STRAIGHT AND LEVEL","WET","NO DEFECTS","NOT ON SCENE (DESK REPORT)","NO INJURY / DRIVE AWAY","Y",,,"OVER $1,500","2026-03-07T05:26:00.000","IMPROPER LANE USAGE","NOT APPLICABLE","1043","N","HOMAN AVE","1121",,,,,,,"2","NO INDICATION OF INJURY","0","0","0","0","0","2","0","4","7","3","41.9005280358","-87.7114373518","POINT (-87.711437351752 41.900528035768)"
"7161bbe26a36daca48c25ba7b6a7d7cd461ea6c28b7c4d7c841e03cee3370a5e07d360796a565b4c90b1d005375a81486094f10d9a20b6bcf5843f456c5c6f9e",,"2026-03-07T04:00:00.000","20","NO CONTROLS","NO CONTROLS","CLEAR","DARKNESS, LIGHTED ROAD","PARKED MOTOR VEHICLE","ONE-WAY",,"STRAIGHT AND LEVEL","UNKNOWN","UNKNOWN","NOT ON SCENE (DESK REPORT)","NO INJURY / DRIVE AWAY",,,"Y","OVER $1,500","2026-03-09T13:00:00.000","UNABLE TO DETERMINE","UNABLE TO DETERMINE","10511","S","NORMAL AVE","2233",,,,,,,"2","NO INDICATION OF INJURY","0","0","0","0","0","1","0","4","7","3","41.7029981741","-87.6353217533","POINT (-87.635321753276 41.702998174103)"
"df10425058d75bcb19dd6e21a59aced58e2c90826407a12f708aa8c4938a26f3734931583606ab581b2aebe6adc5fb55b56ddb89e10644ef063de34ed253374f",,"2026-03-07T03:51:00.000","30","STOP SIGN/FLASHER","NO CONTROLS","RAIN","DARKNESS, LIGHTED ROAD","TURNING","NOT DIVIDED",,"STRAIGHT AND LEVEL","WET","NO DEFECTS","ON SCENE","INJURY AND / OR TOW DUE TO CRASH","Y",,,"OVER $1,500","2026-03-07T03:51:00.000","UNABLE TO DETERMINE","NOT APPLICABLE","3900","N","CALIFORNIA AVE","1733",,,,,,,"2","NO INDICATION OF INJURY","0","0","0","0","0","3","0","3","7","3","41.9522419103","-87.6983380102","POINT (-87.698338010216 41.95224191031)"
"8420fbb74ff641cc18e57ff27bf8cec8b1905e9dc55aeec5b7b9e486e29da0349d6e2e320b3326bc817f13306322e6c4590b804fadc1aa9d736bc36c5419def2",,"2026-03-07T03:46:00.000","30","TRAFFIC SIGNAL","FUNCTIONING PROPERLY","RAIN","DARKNESS, LIGHTED ROAD","FIXED OBJECT","DIVIDED - W/MEDIAN BARRIER",,"STRAIGHT ON HILLCREST","WET","DEBRIS ON ROADWAY","ON SCENE","INJURY AND / OR TOW DUE TO CRASH",,,,"OVER $1,500","2026-03-07T03:46:00.000","EVASIVE ACTION DUE TO ANIMAL, OBJECT, NONMOTORIST","WEATHER","2400","S","HALSTED ST","913",,,,,,,"1","REPORTED, NOT EVIDENT","1","0","0","0","1","0","0","3","7","3","41.8492284245","-87.6466201395","POINT (-87.646620139507 41.849228424508)"
"dbbc2794e2ab13d51260d6453cc7ac2fbf86eb9a4ea65d1df2ceb1ba04454e014c759bb5b41d331dddfe4b766edb614040683cea6c06a6ca8d7d4527e65be9c3",,"2026-03-07T03:40:00.000","30","NO CONTROLS","NO CONTROLS","RAIN","DARKNESS, LIGHTED ROAD","SIDESWIPE OPPOSITE DIRECTION","NOT DIVIDED",,"STRAIGHT AND LEVEL","WET","NO DEFECTS","ON SCENE","NO INJURY / DRIVE AWAY",,,"Y","OVER $1,500","2026-03-07T03:43:00.000","UNABLE TO DETERMINE","NOT APPLICABLE","704","N","CENTRAL PARK AVE","1112",,,,,,,"2","NO INDICATION OF INJURY","0","0","0","0","0","4","0","3","7","3","41.8938334653","-87.7164146524","POINT (-87.716414652371 41.893833465289)"
"83514b27d0af67d33e32b4faa51ef241c2949b4a4e0db28f13f232a91df7afa7371c4201e01187caf532b2c66402f8b11890f469b1bd871a60cc49339b754d99",,"2026-03-07T03:33:00.000","30","NO CONTROLS","NO CONTROLS","RAIN","DARKNESS, LIGHTED ROAD","REAR END","NOT DIVIDED",,"STRAIGHT AND LEVEL","WET","NO DEFECTS","ON SCENE","INJURY AND / OR TOW DUE TO CRASH",,,,"OVER $1,500","2026-03-07T03:34:00.000","WEATHER","WEATHER","5148","W","CHICAGO AVE","1531",,,,,,,"2","REPORTED, NOT EVIDENT","2","0","0","0","2","0","0","3","7","3","41.8950542749","-87.7551467907","POINT (-87.755146790721 41.89505427492)"
"4a58350961e012de26b5319b04e3b8c93fc421b33b24162882d84d1ef5179fd45bcf78a7e932ab1196c540dc6328aac813411b2274bf514286750945653e2079",,"2026-03-07T03:17:00.000","30","TRAFFIC SIGNAL","FUNCTIONING PROPERLY","RAIN","DARKNESS, LIGHTED ROAD","ANGLE","FOUR WAY",,"STRAIGHT AND LEVEL","WET","UNKNOWN","ON SCENE","INJURY AND / OR TOW DUE TO CRASH","Y",,"Y","OVER $1,500","2026-03-07T03:39:00.000","UNABLE TO DETERMINE","UNABLE TO DETERMINE","2201","S","KOSTNER AVE","1013",,,,,,,"2","REPORTED, NOT EVIDENT","1","0","0","0","1","1","0","3","7","3","41.8513089597","-87.7343515887","POINT (-87.734351588658 41.851308959678)"
"cec023fabae8859d68a9679e91dc815de21df5c1eaad77f85b0630497073748af1fe32161ac4148285d4bfda0fa109d340a43cf06c5a84dbf3658536cdd2e3f3","Y","2026-03-07T03:10:00.000","30","NO CONTROLS","NO CONTROLS","RAIN","DARKNESS, LIGHTED ROAD","PARKED MOTOR VEHICLE","NOT DIVIDED",,"STRAIGHT AND LEVEL","WET","UNKNOWN","ON SCENE","INJURY AND / OR TOW DUE TO CRASH",,,,"OVER $1,500","2026-03-07T03:10:00.000","UNABLE TO DETERMINE","UNABLE TO DETERMINE","3707","W","AUGUSTA BLVD","1112",,,,,,,"3","NO INDICATION OF INJURY","0","0","0","0","0","4","0","3","7","3","41.8989720143","-87.7192071861","POINT (-87.719207186139 41.898972014262)"
"25be1877de432561136f3ae2447121e0bdd3a279a99a5281172aa2c6e137cb2c474769fb370475ada2b8a9058b1f1692b680c997ff9615878c8a845705e6c2db",,"2026-03-07T03:00:00.000","30","NO CONTROLS","NO CONTROLS","UNKNOWN","DARKNESS, LIGHTED ROAD","PARKED MOTOR VEHICLE","NOT DIVIDED",,"STRAIGHT AND LEVEL","UNKNOWN","UNKNOWN","NOT ON SCENE (DESK REPORT)","NO INJURY / DRIVE AWAY",,,"Y","OVER $1,500","2026-03-09T01:20:00.000","UNABLE TO DETERMINE","NOT APPLICABLE","9706","S","DAMEN AVE","2213",,,,,,,"2","NO INDICATION OF INJURY","0","0","0","0","0","1","0","3","7","3","41.7171803586","-87.6723940219","POINT (-87.672394021877 41.717180358635)"
"62b1d655f93f93719b88563f0b7f8fead0a8b642ceb2a1c7a31ae127163b0ca336fdaa320e73c5583a8ada4ee50fd34e887985dc78db8ff8782ae94fe76ed740",,"2026-03-07T03:00:00.000","30","NO CONTROLS","NO CONTROLS","CLEAR","DARKNESS, LIGHTED ROAD","PARKED MOTOR VEHICLE","NOT DIVIDED",,"STRAIGHT AND LEVEL","UNKNOWN","NO DEFECTS","NOT ON SCENE (DESK REPORT)","INJURY AND / OR TOW DUE TO CRASH",,,,"OVER $1,500","2026-03-07T20:28:00.000","DRIVING SKILLS/KNOWLEDGE/EXPERIENCE","NOT APPLICABLE","2940","W","55TH ST","923",,,,,,,"2","NO INDICATION OF INJURY","0","0","0","0","0","1","0","3","7","3","41.7937299125","-87.6978621578","POINT (-87.697862157773 41.793729912529)"
"963be24340283b5e3fc9421d8a29803423046a261862d104e0e5ccfdfda6ac00bae33a7c2ab68a7a91e408dcb1b9a80e0500df4dd7fd065f5d7529256bff6c3f","Y","2026-03-07T03:00:00.000","25","NO CONTROLS","NO CONTROLS","UNKNOWN","UNKNOWN","PARKED MOTOR VEHICLE","NOT DIVIDED",,"STRAIGHT AND LEVEL","UNKNOWN","NO DEFECTS","NOT ON SCENE (DESK REPORT)","NO INJURY / DRIVE AWAY",,,"Y","OVER $1,500","2026-03-10T07:30:00.000","UNABLE TO DETERMINE","NOT APPLICABLE","6931","N","GREENVIEW AVE","2431",,,,,,,"2","NO INDICATION OF INJURY","0","0","0","0","0","1","0","3","7","3","42.0075846502","-87.6677044928","POINT (-87.66770449279 42.00758465019)"