"crash_record_id","crash_date_est_i","crash_date","posted_speed_limit","traffic_control_device","device_condition","weather_condition","lighting_condition","first_crash_type","trafficway_type","lane_cnt","alignment","roadway_surface_cond","road_defect","report_type","crash_type","intersection_related_i","private_property_i","hit_and_run_i","damage","date_police_notified","prim_contributory_cause","sec_contributory_cause","street_no","street_direction","street_name","beat_of_occurrence","photos_taken_i","statements_taken_i","dooring_i","work_zone_i","work_zone_type","workers_present_i","num_units","most_severe_injury","injuries_total","injuries_fatal","injuries_incapacitating","injuries_non_incapacitating","injuries_reported_not_evident","injuries_no_indication","injuries_unknown","crash_hour","crash_day_of_week","crash_month","latitude","longitude","location"
"9e8214084058da46cbb8710e02141c79da0ea3a1bc02881c3f59872c0882008144c2c9540a754fdad6474da881a3cf674ca677fdfbc1b0fd6e1920fda3d6274e",,"2026-03-07T03:00:00.000","30","STOP SIGN/FLASHER","FUNCTIONING PROPERLY","CLEAR","DARKNESS, LIGHTED ROAD","SIDESWIPE SAME DIRECTION","NOT DIVIDED",,"STRAIGHT AND LEVEL","DRY","NO DEFECTS","NOT ON SCENE (DESK REPORT)","NO INJURY / DRIVE AWAY",,,,"$500 OR LESS","2026-03-09T20:33:00.000","UNABLE TO DETERMINE","NOT APPLICABLE","6709","S","CALIFORNIA AVE","831",,,,,,,"2","NO INDICATION OF INJURY","0","0","0","0","0","2","0","3","7","3","41.7715038497","-87.6930513826","POINT (-87.693051382624 41.771503849659)"
"efd8bfdcd10ef1770def647e3e731843fbbb14f520e2b0647f2b834defe944508aeabb80907a50f7333d358055b0eeab84a59e133f89e4216cb869ceb80e59e2","Y","2026-03-07T03:00:00.000","20","NO CONTROLS","NO CONTROLS","UNKNOWN","UNKNOWN","PARKED MOTOR VEHICLE","ONE-WAY",,"STRAIGHT AND LEVEL","UNKNOWN","NO DEFECTS","NOT ON SCENE (DESK REPORT)","NO INJURY / DRIVE AWAY",,,"Y","OVER $1,500","2026-03-08T17:30:00.000","UNABLE TO DETERMINE","NOT APPLICABLE","6600","S","BLACKSTONE AVE","321",,,,,,,"2","NO INDICATION OF INJURY","0","0","0","0","0","1","0","3","7","3","41.7751027608","-87.5889849605","POINT (-87.588984960521 41.775102760801)"
"bdcee677966e03fc49a1115c6cb92ddcb6fdb4956e3d0b96a640132adbfec3c7ee2caab9925dcac7ab0b913c0d72ebfbcfc28faa83ff6b7462cdebe4d31428f8",,"2026-03-07T02:52:00.000","30","NO CONTROLS","NO CONTROLS","UNKNOWN","DARKNESS, LIGHTED ROAD","PARKED MOTOR VEHICLE","ONE-WAY",,"STRAIGHT AND LEVEL","UNKNOWN","NO DEFECTS","NOT ON SCENE (DESK REPORT)","NO INJURY / DRIVE AWAY",,,"Y","OVER $1,500","2026-03-07T06:45:00.000","UNABLE TO DETERMINE","UNABLE TO DETERMINE","600","W","JACKSON BLVD","121",,,,,,,"2","NO INDICATION OF INJURY","0","0","0","0","0","1","0","2","7","3","41.8781080613","-87.6426088294","POINT (-87.642608829372 41.878108061297)"
"a42a0bd974d1712cb36b96de88cc79439a49bd9fae7c01e0314d33965d7bd59326b0d7582d5432b90b436391e4b7ccc47656426cb03224e2b70bdb14383ae5d2",,"2026-03-07T02:50:00.000","30","NO CONTROLS","NO CONTROLS","RAIN","DARKNESS, LIGHTED ROAD","FIXED OBJECT","DIVIDED - W/MEDIAN BARRIER",,"STRAIGHT AND LEVEL","WET","NO DEFECTS","ON SCENE","INJURY AND / OR TOW DUE TO CRASH",,,,"OVER $1,500","2026-03-07T02:55:00.000","UNABLE TO DETERMINE","UNABLE TO DETERMINE","4625","W","PETERSON AVE","1711",,,,,,,"1","NO INDICATION OF INJURY","0","0","0","0","0","1","0","2","7","3","41.9898454923","-87.743480395","POINT (-87.743480395021 41.989845492332)"
"866faa46e3f24fcf8c5168209586e9e5c996811d95f42bd2da8d4822c74f901159430cfa221751a8787278937bb0dd494e4d42b28c50e69ec1e79c509b137f32",,"2026-03-07T02:39:00.000","30","UNKNOWN","UNKNOWN","UNKNOWN","DARKNESS","REAR END","NOT DIVIDED",,"STRAIGHT AND LEVEL","DRY","UNKNOWN","NOT ON SCENE (DESK REPORT)","NO INJURY / DRIVE AWAY",,,"Y","OVER $1,500","2026-03-07T11:00:00.000","FOLLOWING TOO CLOSELY","IMPROPER OVERTAKING/PASSING","1003","W","ROOSEVELT RD","1232",,,,,,,"2","NO INDICATION OF INJURY","0","0","0","0","0","2","0","2","7","3","41.8669755571","-87.6511685043","POINT (-87.651168504322 41.86697555713)"
"424b288fabe168d8a2ad6b2bc195f0de1178b2684f2785e5efbd6c128375c875540109b31475991feb5fd07fabcedc7a8de420d923f5c034f26c9b491fbed552",,"2026-03-07T02:38:00.000","30","TRAFFIC SIGNAL","FUNCTIONING PROPERLY","RAIN","DARKNESS, LIGHTED ROAD","ANGLE","FOUR WAY",,"STRAIGHT AND LEVEL","WET","NO DEFECTS","ON SCENE","INJURY AND / OR TOW DUE TO CRASH","Y",,"Y","OVER $1,500","2026-03-07T02:43:00.000","DISREGARDING TRAFFIC SIGNALS","UNABLE TO DETERMINE","4558","N","KIMBALL AVE","1723",,,,,,,"2","NO INDICATION OF INJURY","0","0","0","0","0","3","0","2","7","3","41.9646180019","-87.7133948545","POINT (-87.713394854517 41.964618001936)"
"d801356619058a1ecb8fb3b57d9ed877c0616cd2092fa7c67d6d377dc5a37b2154595cffa791684177ac9ce6f25d027bf2dd68f449e4e9ac889c20f59969fddc",,"2026-03-07T02:33:00.000","35","STOP SIGN/FLASHER","NO CONTROLS","RAIN","DARKNESS, LIGHTED ROAD","ANGLE","FOUR WAY",,"STRAIGHT AND LEVEL","WET","NO DEFECTS","ON SCENE","INJURY AND / OR TOW DUE TO CRASH","Y",,,"OVER $1,500","2026-03-07T02:33:00.000","DISREGARDING STOP SIGN","NOT APPLICABLE","2325","W","DEVON AVE","2413",,,,,,,"2","NO INDICATION OF INJURY","0","0","0","0","0","5","0","2","7","3","41.9976428885","-87.6885145047","POINT (-87.688514504742 41.99764288847)"
"fad00c788ccb18b0231f72b110b999466c30ae817a0105122612f3f63143e527665928acbc5cc1b11f2cb75266a3eca9928eb62d058744f9f4c436ff01e21784",,"2026-03-07T02:30:00.000","30","TRAFFIC SIGNAL","FUNCTIONING PROPERLY","CLEAR","DARKNESS","TURNING","FOUR WAY",,"STRAIGHT AND LEVEL","WET","NO DEFECTS","ON SCENE","NO INJURY / DRIVE AWAY","Y",,,"$500 OR LESS","2026-03-07T02:35:00.000","UNABLE TO DETERMINE","NOT APPLICABLE","4000","W","115TH ST","2211",,,,,,,"2","NO INDICATION OF INJURY","0","0","0","0","0","2","0","2","7","3","41.6840755946","-87.7201277556","POINT (-87.720127755565 41.684075594578)"
"d98c786d917831238992f70e05c844cbb8fdb4955df4a7ffd1afb5791187fdc14c6b2a9bb810ed38db6d506049a14e97fbce72ed0ad2923d2b648e8141e33b08",,"2026-03-07T02:28:00.000","30","NO CONTROLS","NO CONTROLS","RAIN","DARKNESS, LIGHTED ROAD","FIXED OBJECT","DIVIDED - W/MEDIAN BARRIER",,"STRAIGHT AND LEVEL","WET","NO DEFECTS","ON SCENE","INJURY AND / OR TOW DUE TO CRASH",,,,"OVER $1,500","2026-03-07T02:28:00.000","UNABLE TO DETERMINE","NOT APPLICABLE","387","N","ASHLAND AVE","1215",,,,,,,"1","NO INDICATION OF INJURY","0","0","0","0","0","2","0","2","7","3","41.8888476586","-87.6669213186","POINT (-87.666921318605 41.888847658604)"
"47c2ae29dcdb882c45f047bb3938af604966f5ec15f32e280611704bf083b92f28b49268e57229bfea0e84790cd0bd16704f20c14c71921f0f15377472c27fc2",,"2026-03-07T02:00:00.000","30","TRAFFIC SIGNAL","FUNCTIONING PROPERLY","RAIN","DARKNESS, LIGHTED ROAD","REAR END","NOT DIVIDED",,"STRAIGHT AND LEVEL","WET","NO DEFECTS","NOT ON SCENE (DESK REPORT)","NO INJURY / DRIVE AWAY",,,"Y","OVER $1,500","2026-03-07T03:15:00.000","FAILING TO YIELD RIGHT-OF-WAY","NOT APPLICABLE","2","S","CICERO AVE","1533",,,,,,,"2","NO INDICATION OF INJURY","0","0","0","0","0","2","0","2","7","3","41.8804450632","-87.7454225261","POINT (-87.745422526067 41.880445063162)"
"b2e0aebe9a1d62cc8fb60eaddd6e16e169a6e558cac89478c22364c5314554382eac699a0a44b7fb8cfa8f7f6cc3f2f18709b731212e5f09bb9eacad97dab546",,"2026-03-07T02:00:00.000","30","STOP SIGN/FLASHER","FUNCTIONING PROPERLY","CLOUDY/OVERCAST","DARKNESS, LIGHTED ROAD","ANGLE","UNKNOWN",,"STRAIGHT AND LEVEL","WET","NO DEFECTS",,"NO INJURY / DRIVE AWAY","Y",,"Y","OVER $1,500","2026-03-07T02:11:00.000","UNABLE TO DETERMINE","UNABLE TO DETERMINE","6634","W","58TH ST","811",,,,,,,"2","NO INDICATION OF INJURY","0","0","0","0","0","2","0","2","7","3","41.7868525155","-87.7878552308","POINT (-87.787855230796 41.786852515461)"
"7e26aecc766d8d766eb35b34c224b71290afc03f67afc2ca66932d14c6877f5e0342649e5d18192e877257ef97a6f7a37551d03227cc6866230cb520cd1b59fd",,"2026-03-07T01:58:00.000","30","NO CONTROLS","NO CONTROLS","RAIN","DARKNESS, LIGHTED ROAD","TURNING","DIVIDED - W/MEDIAN (NOT RAISED)",,"STRAIGHT AND LEVEL","WET","NO DEFECTS","ON SCENE","INJURY AND / OR TOW DUE TO CRASH",,,"Y","OVER $1,500","2026-03-07T02:09:00.000","DRIVING ON WRONG SIDE/WRONG WAY","UNABLE TO DETERMINE","727","W","MADISON ST","1232",,,,,,,"2","NO INDICATION OF INJURY","0","0","0","0","0","2","0","1","7","3","41.8816780304","-87.646721187","POINT (-87.646721187024 41.881678030436)"
"88aac3ec95df340c2dd230e90adafa8a0c6a2fe93d12bc7027c01bd0f33d5dcff4c54a15b71254f9d7aa18a85677602df6e8f4ed6bb007b40749c5011983c3b0",,"2026-03-07T01:37:00.000","30","NO CONTROLS","NO CONTROLS","CLEAR","DARKNESS, LIGHTED ROAD","SIDESWIPE SAME DIRECTION","NOT DIVIDED",,"STRAIGHT AND LEVEL","WET","NO DEFECTS","ON SCENE","INJURY AND / OR TOW DUE TO CRASH",,,"Y","OVER $1,500","2026-03-07T01:44:00.000","UNABLE TO DETERMINE","UNABLE TO DETERMINE","1700","N","LARAMIE AVE","2532",,,,,,,"2","NO INDICATION OF INJURY","0","0","0","0","0","6","0","1","7","3","41.9113792237","-87.7558768347","POINT (-87.755876834695 41.911379223701)"
"528f010cc2523de471bc60ef95583d7bf6eca3eb8547a5538d6c6940782f16eeabd6b1af8fb821283862a28f5d09e263d19d282299845be18fcc11842d12b48b",,"2026-03-07T01:36:00.000","30","UNKNOWN","UNKNOWN","CLEAR","DARKNESS, LIGHTED ROAD","PARKED MOTOR VEHICLE","NOT DIVIDED",,"STRAIGHT AND LEVEL","WET","NO DEFECTS","ON SCENE","INJURY AND / OR TOW DUE TO CRASH",,,"N","OVER $1,500","2026-03-07T01:48:00.000","FAILING TO REDUCE SPEED TO AVOID CRASH","NOT APPLICABLE","315","S","KARLOV AVE","1132",,,,,,,"2","NO INDICATION OF INJURY","0","0","0","0","0","2","0","1","7","3","41.8765367883","-87.7278350691","POINT (-87.727835069143 41.876536788306)"
"2a7de572609b212c0dce1173bc368a83c0776611ab60ac2227da49519f66264440ceec29e44cda9a8feb27683f9e0b91ba13cf8bad1cc0aaaf834db7e91d0e9f",,"2026-03-07T01:27:00.000","30","NO CONTROLS","NO CONTROLS","RAIN","DARKNESS","PARKED MOTOR VEHICLE","ONE-WAY",,"STRAIGHT AND LEVEL","WET","UNKNOWN","ON SCENE","INJURY AND / OR TOW DUE TO CRASH",,,,"OVER $1,500","2026-03-07T01:38:00.000","FAILING TO REDUCE SPEED TO AVOID CRASH","DRIVING SKILLS/KNOWLEDGE/EXPERIENCE","4318","W","LE MOYNE ST","2534",,,,,,,"4","NO INDICATION OF INJURY","0","0","0","0","0","1","0","1","7","3","41.907763765","-87.7347147218","POINT (-87.73471472185 41.907763765023)"
"f4ac7f810a2af492349148a37533c83bd983a397fa7d0861026beb8dc8c9e76d36d30caaa49fcc4d3de828f5b40597ec52babd528f72fe66dd1e061a5d75c488",,"2026-03-07T01:21:00.000","30","NO CONTROLS","NO CONTROLS","CLEAR","DARKNESS, LIGHTED ROAD","PARKED MOTOR VEHICLE","NOT DIVIDED",,"STRAIGHT AND LEVEL","WET","NO DEFECTS","ON SCENE","INJURY AND / OR TOW DUE TO CRASH","N",,,"OVER $1,500","2026-03-07T01:21:00.000","UNABLE TO DETERMINE","NOT APPLICABLE","743","E","75TH ST","624",,,,,,,"2","REPORTED, NOT EVIDENT","1","0","0","0","1","1","0","1","7","3","41.7584582873","-87.6061354122","POINT (-87.606135412164 41.758458287281)"
"ec17adaba94f2fdff669e2bb247843f1193e8e9bf6390f7855cc82855d291ff35a051a55131aeca92c6887a195face6c8a64b937d15dcef93854f10acd3333cd",,"2026-03-07T01:20:00.000","30","TRAFFIC SIGNAL","FUNCTIONING PROPERLY","RAIN","DARKNESS","TURNING","CENTER TURN LANE",,"STRAIGHT AND LEVEL","WET","NO DEFECTS","ON SCENE","INJURY AND / OR TOW DUE TO CRASH","Y",,,"OVER $1,500","2026-03-07T01:31:00.000","FAILING TO YIELD RIGHT-OF-WAY","UNABLE TO DETERMINE","739","S","CICERO AVE","1131",,,,,,,"2","NO INDICATION OF INJURY","0","0","0","0","0","2","0","1","7","3","41.8711484774","-87.7447783586","POINT (-87.744778358623 41.871148477362)"
"ed20fde0dc3470a3258764035fc48bfc0281a1d8eb352a1b2db047b77c7a0f3ea20698c308837f36c43f7310241549f4e1a9936e26630f084df79ee8beed3ec8",,"2026-03-07T01:20:00.000","30","TRAFFIC SIGNAL","FUNCTIONING PROPERLY","RAIN","DARKNESS, LIGHTED ROAD","REAR END","DIVIDED - W/MEDIAN (NOT RAISED)",,"STRAIGHT AND LEVEL","WET","NO DEFECTS","ON SCENE","NO INJURY / DRIVE AWAY",,,"Y","$500 OR LESS","2026-03-07T01:26:00.000","FOLLOWING TOO CLOSELY","UNABLE TO DETERMINE","2","N","MORGAN ST","1224",,,,,,,"2","NO INDICATION OF INJURY","0","0","0","0","0","4","0","1","7","3","41.8817654467","-87.6521806382","POINT (-87.652180638165 41.881765446675)"
"c48aec0209cf1350987d221f50f634bf30aa42b37a6fb215eb9a2ce53c2bad3a3903ac3e9a32f3b23b47f42da3dab5fa5839aa897aa085368b053db92ff87fa6",,"2026-03-07T01:09:00.000","30","TRAFFIC SIGNAL","FUNCTIONING PROPERLY","OTHER","DARKNESS, LIGHTED ROAD","FIXED OBJECT","DIVIDED - W/MEDIAN BARRIER",,"STRAIGHT AND LEVEL","WET","RUT, HOLES","ON SCENE","INJURY AND / OR TOW DUE TO CRASH","Y",,,"OVER $1,500","2026-03-07T01:18:00.000","FAILING TO REDUCE SPEED TO AVOID CRASH","UNDER THE INFLUENCE OF ALCOHOL/DRUGS (USE WHEN ARREST IS EFFECTED)","8500","S","HALSTED ST","613",,,,,,,"1","NO INDICATION OF INJURY","0","0","0","0","0","1","0","1","7","3","41.7396614159","-87.6438709516","POINT (-87.643870951608 41.739661415891)"
"5cc1252c9d188729c7663a7eab8f80f05231fb56e96ef96a0f216bfee33b443543518900324fa240954ec163bba42432d3472a174802397a8657aee5d14659f5",,"2026-03-07T01:00:00.000","30","TRAFFIC SIGNAL","FUNCTIONING PROPERLY","OTHER","DARKNESS, LIGHTED ROAD","REAR END","FOUR WAY",,"STRAIGHT AND LEVEL","UNKNOWN","UNKNOWN","ON SCENE","NO INJURY / DRIVE AWAY",,,,"$500 OR LESS","2026-03-07T01:08:00.000","NOT APPLICABLE","NOT APPLICABLE","800","E","130TH ST","532",,"Y",,,,,"2","NO INDICATION OF INJURY","0","0","0","0","0","6","0","1","7","3","41.6592629881","-87.6031206186","POINT (-87.603120618565 41.659262988066)"
"d97ca8b49b0c5e101bff39b4c6c03e8df23ad3546b4e4079b373ba7c4a5bf19da110c8c3e8ec2e77e8db6370b119abd5692a85dde04c0e22c6bb6953a0e35c1e",,"2026-03-07T01:00:00.000","30","TRAFFIC SIGNAL","FUNCTIONING PROPERLY","CLEAR","DARKNESS, LIGHTED ROAD","TURNING","NOT DIVIDED",,"STRAIGHT AND LEVEL","DRY","NO DEFECTS","NOT ON SCENE (DESK REPORT)","NO INJURY / DRIVE AWAY","Y",,,"OVER $1,500","2026-03-07T15:30:00.000","DRIVING SKILLS/KNOWLEDGE/EXPERIENCE","UNABLE TO DETERMINE","1556","W","112TH PL","2234",,,,,,,"2","NO INDICATION OF INJURY","0","0","0","0","0","3","0","1","7","3","41.6893956054","-87.6618492654","POINT (-87.661849265382 41.689395605436)"
"dd2810f00d8832afbb5111eeccbd9ef14c23d4ecef9160186f5203f07fe400a04847c91b02e80ce49dfddc46e972c50871488e5c45b11d555c421a9de54e6bdc",,"2026-03-07T00:50:00.000","45","NO CONTROLS","FUNCTIONING PROPERLY","CLEAR","DARKNESS, LIGHTED ROAD","REAR END","FOUR WAY",,"STRAIGHT AND LEVEL","DRY","NO DEFECTS","ON SCENE","NO INJURY / DRIVE AWAY",,,"Y","OVER $1,500","2026-03-07T01:00:00.000","IMPROPER LANE USAGE","UNABLE TO DETERMINE","11500","S","HALSTED ST","524",,,,,,,"2","NO INDICATION OF INJURY","0","0","0","0","0","2","0","0","7","3","41.6850262563","-87.642297367","POINT (-87.642297366963 41.685026256307)"
"7acedb41263f4d7b32cae9a2a35a27d5a75958146a89e2dd4663bc6f02aeeed0352d0eb61d49816e985a5569534f04c3139d399278fe4a9c74d0570453d3e061",,"2026-03-07T00:35:00.000","20","TRAFFIC SIGNAL","FUNCTIONING PROPERLY","RAIN","DARKNESS","REAR END","NOT DIVIDED",,"STRAIGHT AND LEVEL","WET","UNKNOWN","NOT ON SCENE (DESK REPORT)","NO INJURY / DRIVE AWAY",,,,"OVER $1,500","2026-03-07T01:17:00.000","UNABLE TO DETERMINE","UNABLE TO DETERMINE","3348","W","BELMONT AVE","1733",,,,,,,"2","NO INDICATION OF INJURY","0","0","0","0","0","2","0","0","7","3","41.939403872","-87.7120457715","POINT (-87.712045771496 41.939403872021)"
"77d0b496e868f47e50c851441a036c5ceb0a019e36faa5e0bf6ceaac7a7224e6af5e31c8838eebaebbbd728d71b84dc36e961cd598692921d849a3249962fd7e",,"2026-03-07T00:30:00.000","15","NO CONTROLS","NO CONTROLS","UNKNOWN","DARKNESS, LIGHTED ROAD","FIXED OBJECT","ALLEY",,"STRAIGHT AND LEVEL","UNKNOWN","NO DEFECTS","ON SCENE","INJURY AND / OR TOW DUE TO CRASH",,,"Y","OVER $1,500","2026-03-07T01:27:00.000","UNABLE TO DETERMINE","UNABLE TO DETERMINE","5948","W","RICE ST","1511",,,,,,,"1","NO INDICATION OF INJURY","0","0","0","0","0","1","0","0","7","3","41.8957416451","-87.7742696042","POINT (-87.774269604217 41.895741645081)"
"54e03cdc85f60299ec1d1090954f43062e1a8610c925287cada51aa7a49d6daec6aa0febf7ccb56e8de0c915b5e18e93340b5d1c2e9e7e883f022dbefef4b2c3",,"2026-03-07T00:20:00.000","30","STOP SIGN/FLASHER","NO CONTROLS","RAIN","DARKNESS, LIGHTED ROAD","ANGLE","NOT DIVIDED",,"STRAIGHT AND LEVEL","WET","NO DEFECTS","ON SCENE","NO INJURY / DRIVE AWAY","Y",,,"OVER $1,500","2026-03-07T00:23:00.000","FAILING TO YIELD RIGHT-OF-WAY","UNABLE TO DETERMINE","7199","N","WASHTENAW AVE","2411",,,,,,,"2","NO INDICATION OF INJURY","0","0","0","0","0","3","0","0","7","3","42.0120774287","-87.6972042017","POINT (-87.697204201667 42.012077428714)"
"d89d273c9987787de0d26bdd062ef32b455d6280b92d291a077f87f05d8075dafc65e1901d377529b6cc486dd0b80b9832cc41d58d3aee0f6eb2d8b4e370dbcd","Y","2026-03-07T00:15:00.000","30","STOP SIGN/FLASHER","NO CONTROLS","CLEAR","DARKNESS, LIGHTED ROAD","ANGLE","FOUR WAY",,"STRAIGHT AND LEVEL","DRY","NO DEFECTS","ON SCENE","INJURY AND / OR TOW DUE TO CRASH","Y",,"Y","OVER $1,500","2026-03-07T00:15:00.000","DISREGARDING STOP SIGN","DISREGARDING STOP SIGN","10200","S","WENTWORTH AVE","511",,,,,,,"2","NO INDICATION OF INJURY","0","0","0","0","0","3","0","0","7","3","41.708838551","-87.6285067845","POINT (-87.628506784498 41.708838550955)"
"002a57a268b87675950ed6ea2b4644aed5bfc80b4205dc5fb2511fe6dd6922f91887f11bec6fdac83602725c0f7854c756bf3608bfacedf0c5954ebe802de8e9",,"2026-03-07T00:00:00.000","30","NO CONTROLS","NO CONTROLS","CLEAR","DARKNESS, LIGHTED ROAD","TURNING","NOT DIVIDED",,"STRAIGHT AND LEVEL","WET","NO DEFECTS","ON SCENE","INJURY AND / OR TOW DUE TO CRASH",,,,"OVER $1,500","2026-03-07T00:05:00.000","IMPROPER TURNING/NO SIGNAL","UNABLE TO DETERMINE","10974","S","VINCENNES AVE","2212",,,,,,,"2","NO INDICATION OF INJURY","0","0","0","0","0","5","0","0","7","3","41.6939821112","-87.6621950014","POINT (-87.662195001414 41.693982111159)"
"4e62d1ba14468c18f3442979bfb36d9a3fd2fb0caf2d815bb6684c7e4d8cc60d3b4cc5363eaf04bf16eded0ab32655ff84afc3d2746983ad9bdc4168c42828cf",,"2026-03-06T23:34:00.000","30","TRAFFIC SIGNAL","FUNCTIONING PROPERLY","RAIN","DARKNESS, LIGHTED ROAD","PARKED MOTOR VEHICLE","NOT DIVIDED",,"STRAIGHT AND LEVEL","WET","NO DEFECTS","ON SCENE","NO INJURY / DRIVE AWAY",,,,"OVER $1,500","2026-03-06T23:35:00.000","FAILING TO REDUCE SPEED TO AVOID CRASH","WEATHER","9515","S","MICHIGAN AVE","511",,,,,,,"2","NO INDICATION OF INJURY","0","0","0","0","0","1","0","23","6","3","41.72129694","-87.6204321162","POINT (-87.620432116179 41.721296939983)"
"3ff866700e3850e590f49b7f38a8e5e495271d5889d57d2b2df25b09e80c0c33f665a63402469a6a5178a542d21341e812d7a6f10c8469dec2bc3cd18aabb317",,"2026-03-06T23:30:00.000","20","NO CONTROLS","NO CONTROLS","CLEAR","DAYLIGHT","PARKED MOTOR VEHICLE","ONE-WAY",,"STRAIGHT AND LEVEL","DRY","NO DEFECTS","NOT ON SCENE (DESK REPORT)","NO INJURY / DRIVE AWAY",,,"Y","OVER $1,500","2026-03-08T18:25:00.000","OPERATING VEHICLE IN ERRATIC, RECKLESS, CARELESS, NEGLIGENT OR AGGRESSIVE MANNER","NOT APPLICABLE","6202","S","INDIANA AVE","311",,,,,,,"2","NO INDICATION OF INJURY","0","0","0","0","0","1","0","23","6","3","41.7817899381","-87.6207656756","POINT (-87.620765675559 41.781789938083)"
"c58ff114ae898fcdbc11c5489bff33f96432fa94f79b657382b9b2ddc721e38b0d59e9aa15fdfc2cea6d0d7008f0a52c18ae137b415b93d68d8fa03ed9f0099c",,"2026-03-06T22:55:00.000","30","TRAFFIC SIGNAL","FUNCTIONING PROPERLY","UNKNOWN","UNKNOWN","REAR END","FOUR WAY",,"STRAIGHT AND LEVEL","UNKNOWN","UNKNOWN","NOT ON SCENE (DESK REPORT)","NO INJURY / DRIVE AWAY",,,"Y","$501 - $1,500","2026-03-12T20:25:00.000","FOLLOWING TOO CLOSELY","UNABLE TO DETERMINE","4000","N","WESTERN AVE","1911",,,,,,,"2","NO INDICATION OF INJURY","0","0","0","0","0","2","0","22","6","3","41.9540567135","-87.688614472","POINT (-87.688614471985 41.954056713542)"
"f58de9470bbd3ea91d2b90317e271d1067ff2734208b6d8c7a31ec3ac0c556beaf6f9d2ff1d7ce47c6d066c2fff7aef37cbebc861a28641cf148c5f6e92cc53c",,"2026-03-06T22:55:00.000","30","NO CONTROLS","NO CONTROLS","CLEAR","DARKNESS, LIGHTED ROAD","TURNING","NOT DIVIDED",,"STRAIGHT AND LEVEL","WET","NO DEFECTS","ON SCENE","NO INJURY / DRIVE AWAY",,,,"OVER $1,500","2026-03-06T22:59:00.000","IMPROPER TURNING/NO SIGNAL","IMPROPER TURNING/NO SIGNAL","2954","W","NORTH AVE","1421",,,,,,,"2","NO INDICATION OF INJURY","0","0","0","0","0","2","0","22","6","3","41.9102865641","-87.701290372","POINT (-87.701290371991 41.910286564066)"
"12f9ff0e358e46542484c3a6f273a358075f827dd2a062d3d8ce86f721af2ce2c32e26642e6a6189e7ff367a0d3cabf4405fd653522ca03907a9bfb32dec5e83",,"2026-03-06T22:54:00.000","30","NO CONTROLS","NO CONTROLS","CLEAR","DARKNESS, LIGHTED ROAD","PARKED MOTOR VEHICLE","NOT DIVIDED",,"STRAIGHT AND LEVEL","WET","NO DEFECTS","ON SCENE","NO INJURY / DRIVE AWAY",,,"Y","OVER $1,500","2026-03-06T23:22:00.000","IMPROPER OVERTAKING/PASSING","IMPROPER OVERTAKING/PASSING","5517","W","BARRY AVE","2514",,,,,,,"3","NO INDICATION OF INJURY","0","0","0","0","0","3","0","22","6","3","41.9366640167","-87.7647778414","POINT (-87.764777841426 41.936664016654)"
"cdc616e29a6f62337935365f8f5f53e7434612ed1672a6e39bc957403e6390e4893532cf8ed0e292a618398818b6418c63d8f8fc41b0c38811f77dc34b13c3eb",,"2026-03-06T22:30:00.000","30","STOP SIGN/FLASHER","NO CONTROLS","CLEAR","DARKNESS, LIGHTED ROAD","ANGLE","FOUR WAY",,"STRAIGHT AND LEVEL","WET","UNKNOWN","NOT ON SCENE (DESK REPORT)","NO INJURY / DRIVE AWAY","Y",,"Y","$501 - $1,500","2026-03-07T01:10:00.000","FAILING TO YIELD RIGHT-OF-WAY","UNABLE TO DETERMINE","1501","W","TOUHY AVE","2423",,,,,,,"2","NO INDICATION OF INJURY","0","0","0","0","0","2","0","22","6","3","42.0126400942","-87.6681320786","POINT (-87.668132078613 42.012640094191)"
"ead7a9f2ea67159b6d80f1e375d9e1e3eb1ab26b6ad6fbb39cf444e7f6e4060bbfbe0fdf0a6f699a1ea89215c6ece14348ec7df88ac8f07a262588f1a3d59044",,"2026-03-06T22:21:00.000","30","NO CONTROLS","NO CONTROLS","CLEAR","DARKNESS, LIGHTED ROAD","TURNING","DIVIDED - W/MEDIAN (NOT RAISED)",,"STRAIGHT AND LEVEL","WET","NO DEFECTS","NOT ON SCENE (DESK REPORT)","NO INJURY / DRIVE AWAY","Y",,"Y","OVER $1,500","2026-03-06T23:50:00.000","IMPROPER TURNING/NO SIGNAL","IMPROPER TURNING/NO SIGNAL","4323","W","MADISON ST","1115",,,,,,,"2","NO INDICATION OF INJURY","0","0","0","0","0","2","0","22","6","3","41.8805185008","-87.7339821186","POINT (-87.733982118632 41.880518500762)"
"e3ca973723ccd780f4c28b2690b534ce5a6ea7aedc4aa499fe117c1e2d7cfa2a39bd080cafc9e6df63d420f96bcd550d2a472e54e141604981537ba3275105bc",,"2026-03-06T22:14:00.000","30","NO CONTROLS","NO CONTROLS","RAIN","DARKNESS, LIGHTED ROAD","OTHER OBJECT","DIVIDED - W/MEDIAN BARRIER",,"STRAIGHT AND LEVEL","WET","UNKNOWN","ON SCENE","INJURY AND / OR TOW DUE TO CRASH",,,"N","OVER $1,500","2026-03-06T22:47:00.000","UNABLE TO DETERMINE","UNABLE TO DETERMINE","1046","S","KOSTNER AVE","1131",,,,,,,"1","INCAPACITATING INJURY","1","0","1","0","0","1","0","22","6","3","41.8678735046","-87.7351755752","POINT (-87.735175575153 41.867873504622)"