"crash_record_id","crash_date_est_i","crash_date","posted_speed_limit","traffic_control_device","device_condition","weather_condition","lighting_condition","first_crash_type","trafficway_type","lane_cnt","alignment","roadway_surface_cond","road_defect","report_type","crash_type","intersection_related_i","private_property_i","hit_and_run_i","damage","date_police_notified","prim_contributory_cause","sec_contributory_cause","street_no","street_direction","street_name","beat_of_occurrence","photos_taken_i","statements_taken_i","dooring_i","work_zone_i","work_zone_type","workers_present_i","num_units","most_severe_injury","injuries_total","injuries_fatal","injuries_incapacitating","injuries_non_incapacitating","injuries_reported_not_evident","injuries_no_indication","injuries_unknown","crash_hour","crash_day_of_week","crash_month","latitude","longitude","location"
"63d501e454de54ade25e0fb16e0761d2f6be4e0ab08517f114ab925009290db1e58b5eead606e1b21245ddad4bbfbe4a0766a703f55c407111cb53be79fd9855",,"2026-03-06T22:00:00.000","30","TRAFFIC SIGNAL","FUNCTIONING PROPERLY","CLEAR","DARKNESS, LIGHTED ROAD","FIXED OBJECT","PARKING LOT",,"STRAIGHT AND LEVEL","WET","NO DEFECTS",,"INJURY AND / OR TOW DUE TO CRASH",,,"N","OVER $1,500","2026-03-07T00:29:00.000","UNABLE TO DETERMINE","UNABLE TO DETERMINE","7859","S","STATE ST","623",,,,,,,"1","NO INDICATION OF INJURY","0","0","0","0","0","1","0","22","6","3","41.7510095803","-87.6244014161","POINT (-87.624401416141 41.75100958029)"
"8cb35fcf5fca7f97d79b1b239ce468b074ea5ff2eb8279495afad55425e5b9a512d28978aa3dbd026deeab89a83d6c8d398f0d33c32bf026963ba08e8426743b",,"2026-03-06T22:00:00.000","30","NO CONTROLS","NO CONTROLS","RAIN","DARKNESS, LIGHTED ROAD","ANGLE","ONE-WAY",,"STRAIGHT AND LEVEL","WET","NO DEFECTS","NOT ON SCENE (DESK REPORT)","NO INJURY / DRIVE AWAY",,,"Y","OVER $1,500","2026-03-07T12:15:00.000","FAILING TO YIELD RIGHT-OF-WAY","NOT APPLICABLE","728","W","98TH PL","2223",,,,,,,"2","NO INDICATION OF INJURY","0","0","0","0","0","2","0","22","6","3","41.7152556683","-87.6417743156","POINT (-87.641774315622 41.715255668275)"
"dcbda3226a5821f13beb55c3bff74e2ee3a0d932466e03369b7c7f8440af926fae03cdfabcec97db34b980c28e58e97d20cc5208d297052e198b51fcc78e2fa7",,"2026-03-06T22:00:00.000","25","NO CONTROLS","NO CONTROLS","CLEAR","UNKNOWN","PARKED MOTOR VEHICLE","ONE-WAY",,"STRAIGHT AND LEVEL","UNKNOWN","NO DEFECTS","NOT ON SCENE (DESK REPORT)","INJURY AND / OR TOW DUE TO CRASH",,,"Y","OVER $1,500","2026-03-13T10:35:00.000","UNABLE TO DETERMINE","NOT APPLICABLE","122","N","LAVERGNE AVE","1532",,,,,,,"2","NO INDICATION OF INJURY","0","0","0","0","0","1","0","22","6","3","41.8825381819","-87.7503976353","POINT (-87.750397635275 41.882538181928)"
"68e91c03928678e7c6f2b3f1d635bbd01636fe8fa666fab584ac8c1e828c263e7fda0454636146d0bfb264ba17fdfa00851c9df94e464b3c0284f1e8158f9098",,"2026-03-06T21:57:00.000","30","NO CONTROLS","NO CONTROLS","CLEAR","DARKNESS, LIGHTED ROAD","SIDESWIPE SAME DIRECTION","DIVIDED - W/MEDIAN (NOT RAISED)",,"STRAIGHT AND LEVEL","DRY","NO DEFECTS","NOT ON SCENE (DESK REPORT)","NO INJURY / DRIVE AWAY",,,"Y","OVER $1,500","2026-03-06T22:30:00.000","IMPROPER OVERTAKING/PASSING","NOT APPLICABLE","2391","N","CENTRAL AVE","2515",,,,,,,"2","NO INDICATION OF INJURY","0","0","0","0","0","2","0","21","6","3","41.9238933905","-87.7658399483","POINT (-87.765839948307 41.9238933905)"
"c68c741221cde2e965d2c78167db6949152805a4a89cd921a61dac8888643c6018f860a39f48f372c453d480a5347ac91a5c166ac15976524367116c698c2011",,"2026-03-06T21:45:00.000","30","NO CONTROLS","NO CONTROLS","CLEAR","DARKNESS","REAR END","NOT DIVIDED",,"STRAIGHT AND LEVEL","DRY","NO DEFECTS","NOT ON SCENE (DESK REPORT)","NO INJURY / DRIVE AWAY",,,,"$501 - $1,500","2026-03-09T16:15:00.000","UNABLE TO DETERMINE","UNABLE TO DETERMINE","3009","W","SCHUBERT AVE","1411",,,,,,,"2","NO INDICATION OF INJURY","0","0","0","0","0","2","0","21","6","3","41.9301222373","-87.702846224","POINT (-87.702846223952 41.93012223728)"
"22e198980ca6907b3a584fc3ee0ca37c834c263c83dbae483ed8eb5711d82d3e4bab7047c0099b95d96cd46bf752981dcb73cc98f6698614ff60ffcb1c73573b",,"2026-03-06T21:30:00.000","30","UNKNOWN","UNKNOWN","UNKNOWN","UNKNOWN","REAR END","FOUR WAY",,"STRAIGHT AND LEVEL","UNKNOWN","UNKNOWN","NOT ON SCENE (DESK REPORT)","NO INJURY / DRIVE AWAY","Y",,"Y","OVER $1,500","2026-03-16T11:46:00.000","UNABLE TO DETERMINE","UNABLE TO DETERMINE","8300","S","DORCHESTER AVE","412",,,,,,,"2","NO INDICATION OF INJURY","0","0","0","0","0","2","0","21","6","3","41.7440488411","-87.590595042","POINT (-87.590595042037 41.744048841075)"
"6249710227495330aec3982c08ae1d53f49c3e45bf020ad9a521bbf0fde2206beb7360e8b948bf9aea5a2650bcfd422294050193c3bdaa3f0a28828bdd1f2244",,"2026-03-06T21:30:00.000","30","NO CONTROLS","NO CONTROLS","CLEAR","DAYLIGHT","REAR END","NOT DIVIDED",,"STRAIGHT AND LEVEL","DRY","NO DEFECTS","NOT ON SCENE (DESK REPORT)","NO INJURY / DRIVE AWAY",,,,"OVER $1,500","2026-03-12T14:10:00.000","UNABLE TO DETERMINE","NOT APPLICABLE","3500","S","DR MARTIN LUTHER KING JR DR","212",,,,,,,"2","NO INDICATION OF INJURY","0","0","0","0","0","2","0","21","6","3","41.8310865742","-87.6174605419","POINT (-87.617460541867 41.831086574167)"
"7007845a02f3af778f49d408fbc36d459b2b9e9e0ce81c421d149c26e86b958ce14dd2946f36540e088b45a35f93e68b5854194d3767161951939a22f07508b6",,"2026-03-06T21:30:00.000","30","UNKNOWN","UNKNOWN","CLEAR","DARKNESS, LIGHTED ROAD","FIXED OBJECT","DIVIDED - W/MEDIAN (NOT RAISED)",,"STRAIGHT AND LEVEL","WET","UNKNOWN","ON SCENE","INJURY AND / OR TOW DUE TO CRASH",,,,"OVER $1,500","2026-03-06T21:42:00.000","UNABLE TO DETERMINE","UNABLE TO DETERMINE","6300","S","COTTAGE GROVE AVE","312",,,,,,,"1","NO INDICATION OF INJURY","0","0","0","0","0","2","0","21","6","3","41.7803174705","-87.6060745584","POINT (-87.606074558366 41.78031747049)"
"aa5e5a7635d596c59c5bbd3beeb2ce458965a1027a4d8838683fb969506469492b2e294e2723ce2a624f93ae7e20e66849f2b4c21d770fa5499d69707d31eb3f",,"2026-03-06T21:30:00.000","30","TRAFFIC SIGNAL","UNKNOWN","UNKNOWN","UNKNOWN","SIDESWIPE SAME DIRECTION","T-INTERSECTION",,"STRAIGHT AND LEVEL","UNKNOWN","UNKNOWN","NOT ON SCENE (DESK REPORT)","NO INJURY / DRIVE AWAY",,,"Y","OVER $1,500","2026-03-06T23:30:00.000","IMPROPER OVERTAKING/PASSING","DRIVING SKILLS/KNOWLEDGE/EXPERIENCE","1000","S","WESTERN AVE","1135",,,,,,,"2","NO INDICATION OF INJURY","0","0","0","0","0","2","0","21","6","3","41.8693183197","-87.6862582255","POINT (-87.686258225534 41.869318319727)"
"dbab0a3911d11511d84c816603544d5cc77afbdde6043ff9deef685d27220cce6d88acc2ada2ead879b0939d7708d645e4359903ec58e59733f8b7662f044fa6",,"2026-03-06T21:30:00.000","30","NO CONTROLS","NO CONTROLS","CLOUDY/OVERCAST","DARKNESS, LIGHTED ROAD","REAR END","NOT DIVIDED",,"STRAIGHT AND LEVEL","WET","NO DEFECTS","ON SCENE","INJURY AND / OR TOW DUE TO CRASH",,,,"OVER $1,500","2026-03-06T21:40:00.000","DISTRACTION - FROM OUTSIDE VEHICLE","NOT APPLICABLE","505","W","BELMONT AVE","1934",,,,,,,"2","NONINCAPACITATING INJURY","1","0","0","1","0","2","0","21","6","3","41.9399696616","-87.6422059639","POINT (-87.642205963859 41.939969661581)"
"790070d5ae2af7bfc59982b6b3b81f16fb2fc12c6dc657512a9171291dd07ab7694ee08342363ccaf0c372eedb7c75bc3a8eb663acf28c7dd71d8e0b14209892",,"2026-03-06T21:29:00.000","30","NO CONTROLS","NO CONTROLS","CLOUDY/OVERCAST","DARKNESS, LIGHTED ROAD","FIXED OBJECT","DIVIDED - W/MEDIAN (NOT RAISED)",,"STRAIGHT AND LEVEL","WET","NO DEFECTS","ON SCENE","INJURY AND / OR TOW DUE TO CRASH",,,,"OVER $1,500","2026-03-06T21:31:00.000","UNABLE TO DETERMINE","UNABLE TO DETERMINE","1301","S","PULASKI RD","1011",,,,,,,"1","NO INDICATION OF INJURY","0","0","0","0","0","1","0","21","6","3","41.8642519403","-87.7249691037","POINT (-87.724969103719 41.864251940319)"
"48b6efb444925afe8e8fb8937118342e31e58129914cc4f52bfebf8337af952e4a0e5d52321bc339e80080d8be220bf0526b6ca5e70b253ae7e3c50830570b1a",,"2026-03-06T21:28:00.000","30","NO CONTROLS","NO CONTROLS","CLEAR","DARKNESS, LIGHTED ROAD","SIDESWIPE SAME DIRECTION","ONE-WAY",,"STRAIGHT AND LEVEL","WET","NO DEFECTS","NOT ON SCENE (DESK REPORT)","INJURY AND / OR TOW DUE TO CRASH",,,"Y","OVER $1,500","2026-03-06T21:46:00.000","IMPROPER OVERTAKING/PASSING","IMPROPER LANE USAGE","5700","S","LAKE SHORE DR","331",,,,,,,"2","REPORTED, NOT EVIDENT","1","0","0","0","1","1","0","21","6","3","41.7914202821","-87.5801477687","POINT (-87.580147768689 41.791420282098)"
"55642fd5d66ca15bb00b1d182466d6fc8996f49efb96ff68a7bf5effb6ef843680e8df2a2ff1cd06d346bb779e1a723dc1be10f5dc143748b9f915384b925829",,"2026-03-06T21:15:00.000","30","TRAFFIC SIGNAL","FUNCTIONING PROPERLY","RAIN","DARKNESS, LIGHTED ROAD","REAR END","NOT DIVIDED",,"STRAIGHT AND LEVEL","WET","UNKNOWN","NOT ON SCENE (DESK REPORT)","NO INJURY / DRIVE AWAY",,,"Y","OVER $1,500","2026-03-06T21:25:00.000","FAILING TO REDUCE SPEED TO AVOID CRASH","NOT APPLICABLE","801","W","79TH ST","621",,,,,,,"2","NO INDICATION OF INJURY","0","0","0","0","0","2","0","21","6","3","41.7505316805","-87.6441009199","POINT (-87.644100919891 41.750531680457)"
"b43da3c5803953c21f18a512649d6e931ebf0d59e04f17daa6774ce989466578103f69d9c62ae4385ea9e093f164632f1e8f2ad9220c54e393382b821fdad7c8",,"2026-03-06T21:15:00.000","30","TRAFFIC SIGNAL","OTHER","CLEAR","DARKNESS, LIGHTED ROAD","ANGLE","FOUR WAY",,"STRAIGHT AND LEVEL","WET","NO DEFECTS","ON SCENE","INJURY AND / OR TOW DUE TO CRASH","Y",,,"OVER $1,500","2026-03-06T21:18:00.000","FAILING TO YIELD RIGHT-OF-WAY","UNABLE TO DETERMINE","3001","W","WARREN BLVD","1222",,,,,,,"2","REPORTED, NOT EVIDENT","1","0","0","0","1","2","0","21","6","3","41.8818297888","-87.7013514168","POINT (-87.701351416819 41.881829788833)"
"001f782d9bee73b7bc542f64cc9b5c835f44fb9c07e705bd7a3419dd3eeee35a3b3f816ccc3134e89fa96cd18fba2217e6cf14f5f80f275093994710d6ea0996",,"2026-03-06T21:00:00.000","30","NO CONTROLS","NO CONTROLS","CLEAR","DARKNESS","PARKED MOTOR VEHICLE","PARKING LOT",,"STRAIGHT AND LEVEL","DRY","NO DEFECTS","NOT ON SCENE (DESK REPORT)","NO INJURY / DRIVE AWAY",,,"Y","OVER $1,500","2026-03-10T17:00:00.000","UNABLE TO DETERMINE","FAILING TO YIELD RIGHT-OF-WAY","6659","S","DAMEN AVE","726",,,,,,,"2","NO INDICATION OF INJURY","0","0","0","0","0","1","0","21","6","3","41.7721674229","-87.6735665679","POINT (-87.673566567906 41.772167422941)"
"3c33113b41e92c9a119987b5b71796306cad7933c08374ad7f2968218e96025f5879374980f7491b0b9954e2178c751034d6fd744d9bac31dbe14aac5f061b68",,"2026-03-06T21:00:00.000","25","STOP SIGN/FLASHER","FUNCTIONING PROPERLY","RAIN","DARKNESS, LIGHTED ROAD","ANGLE","FOUR WAY",,"STRAIGHT AND LEVEL","WET","NO DEFECTS","NOT ON SCENE (DESK REPORT)","NO INJURY / DRIVE AWAY","Y",,"Y","OVER $1,500","2026-03-06T21:15:00.000","DISREGARDING STOP SIGN","UNABLE TO DETERMINE","4400","S","WABASH AVE","215",,,,,,,"2","NO INDICATION OF INJURY","0","0","0","0","0","2","0","21","6","3","41.8146207913","-87.6247534009","POINT (-87.624753400923 41.814620791267)"
"4d265874ccc1a229be60564455de0cc19801e00b275dff5136dfa1b0bfaadf9449b09458b558bc91d0e04aff5a91ee582ee9b0b92eff0496abbe8f7b4acc718e",,"2026-03-06T21:00:00.000","30","NO CONTROLS","NO CONTROLS","RAIN","DARKNESS, LIGHTED ROAD","PARKED MOTOR VEHICLE","DIVIDED - W/MEDIAN (NOT RAISED)",,"STRAIGHT AND LEVEL","WET","NO DEFECTS","NOT ON SCENE (DESK REPORT)","NO INJURY / DRIVE AWAY",,,"Y","OVER $1,500","2026-03-07T12:15:00.000","IMPROPER LANE USAGE","UNABLE TO DETERMINE","3246","N","CENTRAL AVE","1633",,,,,,,"2","NO INDICATION OF INJURY","0","0","0","0","0","1","0","21","6","3","41.9400006308","-87.7666966056","POINT (-87.766696605566 41.940000630784)"
"d98f0e82e37363cf51f63286c9f0a1975beab8e6e3fe36e6f18bf0b349d21cbbf519937caa447b9372d4d61d0c2f71a475325ad74870fdf25f50c9cad75a44a8",,"2026-03-06T21:00:00.000","30","NO CONTROLS","NO CONTROLS","CLEAR","DARKNESS, LIGHTED ROAD","SIDESWIPE SAME DIRECTION","NOT DIVIDED",,"STRAIGHT AND LEVEL","DRY","NO DEFECTS","NOT ON SCENE (DESK REPORT)","NO INJURY / DRIVE AWAY",,,"Y","OVER $1,500","2026-03-10T11:30:00.000","DRIVING SKILLS/KNOWLEDGE/EXPERIENCE","NOT APPLICABLE","5900","N","GLENWOOD AVE","2013",,,,,,,"2","NO INDICATION OF INJURY","0","0","0","0","0","3","0","21","6","3","41.9890506285","-87.6652622209","POINT (-87.665262220887 41.989050628507)"
"fa42bfb6f124077a814b37e75c93d8ae3facce3b90c54ed04db44c5503c40a94bdbec44e7f5bc9adda87ab0f4e38c0db13e2b9e7e6d1a8fd5eb65e21ee0a491e",,"2026-03-06T21:00:00.000","30","NO CONTROLS","NO CONTROLS","RAIN","DARKNESS","PARKED MOTOR VEHICLE","OTHER",,"STRAIGHT AND LEVEL","WET","UNKNOWN","NOT ON SCENE (DESK REPORT)","NO INJURY / DRIVE AWAY",,,"Y","OVER $1,500","2026-03-09T20:00:00.000","UNABLE TO DETERMINE","UNABLE TO DETERMINE","566","E","72ND ST","323",,,,,,,"2","NO INDICATION OF INJURY","0","0","0","0","0","1","0","21","6","3","41.7640772697","-87.6104496447","POINT (-87.610449644695 41.764077269719)"
"ca51e3772a728b37326e9239653c94d8389ba2af2fc1d2e5cf50425d18fe2318e8d97174492b8c2cb11d812bd1b5884bee0822b20a8493fa6d333f090797ca24",,"2026-03-06T20:59:00.000","25","NO CONTROLS","UNKNOWN","RAIN","DARKNESS, LIGHTED ROAD","TURNING","NOT DIVIDED",,"STRAIGHT AND LEVEL","WET","UNKNOWN","ON SCENE","INJURY AND / OR TOW DUE TO CRASH",,,,"OVER $1,500","2026-03-06T21:00:00.000","NOT APPLICABLE","NOT APPLICABLE","600","W","24TH PL","914",,,,,,,"2","NO INDICATION OF INJURY","0","0","0","0","0","2","0","20","6","3","41.8482285456","-87.6416704712","POINT (-87.641670471245 41.848228545609)"
"3ebaa26468dafe839d001cccaf51ecca04f26396dab99c31e82e1c73539526a593d82b6114d13aea14c1b7078c27fcdb778175e88a0290914ca41fa2850935ba",,"2026-03-06T20:49:00.000","30","NO CONTROLS","NO CONTROLS","RAIN","DARKNESS, LIGHTED ROAD","FIXED OBJECT","NOT DIVIDED",,"STRAIGHT AND LEVEL","WET","NO DEFECTS","ON SCENE","INJURY AND / OR TOW DUE TO CRASH",,,"Y","OVER $1,500","2026-03-06T20:49:00.000","OPERATING VEHICLE IN ERRATIC, RECKLESS, CARELESS, NEGLIGENT OR AGGRESSIVE MANNER","OPERATING VEHICLE IN ERRATIC, RECKLESS, CARELESS, NEGLIGENT OR AGGRESSIVE MANNER","6980","W","DEVON AVE","1611",,,,,,,"1","NO INDICATION OF INJURY","0","0","0","0","0","1","0","20","6","3","41.9974845866","-87.8024050161","POINT (-87.802405016076 41.997484586591)"
"9d49ac56c3d54c1841a7678c5b80971b905379e5f56cce00d1486db57ac92aee26d8db7b49fac2b443ecb8dd5ceea5dfc45c7082bc2f678af7d5460cbad07770",,"2026-03-06T20:49:00.000","30","TRAFFIC SIGNAL","FUNCTIONING PROPERLY","RAIN","DARKNESS, LIGHTED ROAD","TURNING","NOT DIVIDED",,"STRAIGHT AND LEVEL","WET","UNKNOWN","ON SCENE","NO INJURY / DRIVE AWAY",,,,"OVER $1,500","2026-03-06T20:49:00.000","UNABLE TO DETERMINE","UNABLE TO DETERMINE","2218","S","PULASKI RD","1013",,,,,,,"3","NO INDICATION OF INJURY","0","0","0","0","0","4","0","20","6","3","41.8508561301","-87.7248865143","POINT (-87.724886514333 41.850856130061)"
"c8755c30a38927a49baf8f2988726db7c5bb079d77eb517a83b10a1bf0a25be71a2f251a65b31ae98a5c4ff4039269cf6388276071df2708657b4b50ecd13110",,"2026-03-06T20:45:00.000","30","NO CONTROLS","NO CONTROLS","RAIN","DUSK","REAR TO FRONT","NOT DIVIDED",,"STRAIGHT AND LEVEL","WET","NO DEFECTS","ON SCENE","NO INJURY / DRIVE AWAY",,,,"OVER $1,500","2026-03-06T20:50:00.000","IMPROPER BACKING","NOT APPLICABLE","2734","N","KIMBALL AVE","1412",,,,,,,"2","NO INDICATION OF INJURY","0","0","0","0","0","2","0","20","6","3","41.9312285494","-87.7124264903","POINT (-87.712426490301 41.931228549422)"
"48004254d32052fdf2c04d30145a8ceb6f1186025099de68f630b1c3691a6a8f25a37519c0948859bcafa34df63478d21aa4357f88b1e09b3e7380db938c7041",,"2026-03-06T20:39:00.000","30","TRAFFIC SIGNAL","FUNCTIONING PROPERLY","CLEAR","DARKNESS, LIGHTED ROAD","ANGLE","DIVIDED - W/MEDIAN (NOT RAISED)",,"STRAIGHT AND LEVEL","DRY","NO DEFECTS","NOT ON SCENE (DESK REPORT)","NO INJURY / DRIVE AWAY","Y",,,"OVER $1,500","2026-03-06T21:15:00.000","IMPROPER OVERTAKING/PASSING","NOT APPLICABLE","4399","W","GRAND AVE","2534",,,,,,,"2","NO INDICATION OF INJURY","0","0","0","0","0","2","0","20","6","3","41.9096618114","-87.7355705215","POINT (-87.735570521523 41.909661811436)"
"7f153681dcec91e2f2d76eb90eff1febf12616a9c4cebe58b695f95a7a24d696c66e78bf91dd4b3dd1d91aec346b1050a2fc9c7622ff80bc0b0ddafb113e0a67",,"2026-03-06T20:38:00.000","30","NO CONTROLS","NO CONTROLS","RAIN","DARKNESS, LIGHTED ROAD","REAR TO FRONT","NOT DIVIDED",,"STRAIGHT AND LEVEL","WET","UNKNOWN","NOT ON SCENE (DESK REPORT)","NO INJURY / DRIVE AWAY",,,,"$501 - $1,500","2026-03-06T23:00:00.000","IMPROPER LANE USAGE","UNABLE TO DETERMINE","98","E","14TH ST","131",,,,,,,"2","NO INDICATION OF INJURY","0","0","0","0","0","2","0","20","6","3","41.8642017535","-87.6241742997","POINT (-87.624174299667 41.864201753503)"
"9a80d4af6d3ebcaee634765e5179f2c5e72364f4cfb0a468ca97e5affba201d5997662dc24dbd0650b45b7daac1e3c88c8c87425860b876be38ed0781e181e2d",,"2026-03-06T20:37:00.000","35","NO CONTROLS","NO CONTROLS","RAIN","DARKNESS, LIGHTED ROAD","REAR END","NOT DIVIDED",,"STRAIGHT AND LEVEL","WET","NO DEFECTS","ON SCENE","NO INJURY / DRIVE AWAY",,,,"OVER $1,500","2026-03-06T20:37:00.000","DRIVING SKILLS/KNOWLEDGE/EXPERIENCE","NOT APPLICABLE","8558","S","PULASKI RD","834",,,,,,,"2","NO INDICATION OF INJURY","0","0","0","0","0","2","0","20","6","3","41.7367284717","-87.7216436606","POINT (-87.721643660608 41.736728471688)"
"d377dccad33f921ee125c6f1465f9dd8143db105a45c0993f59d1816234aab16cc7f76afb9f40739b9fc14a4ce6a85bd8ebd57a55a8c2a978e73af84af42649e",,"2026-03-06T20:35:00.000","30","NO CONTROLS","NO CONTROLS","RAIN","DARKNESS, LIGHTED ROAD","PARKED MOTOR VEHICLE","NOT DIVIDED",,"STRAIGHT AND LEVEL","WET","NO DEFECTS","ON SCENE","NO INJURY / DRIVE AWAY",,,,"$500 OR LESS","2026-03-06T20:36:00.000","FOLLOWING TOO CLOSELY","NOT APPLICABLE","7100","S","CAMPBELL AVE","832",,,,,,,"2","NO INDICATION OF INJURY","0","0","0","0","0","1","0","20","6","3","41.764564454","-87.6858323974","POINT (-87.68583239742 41.764564454039)"
"f10244efe776766e84e2592c4d281cceffa9c7548eff232d52695b09df5e48f7a089d0aad5a854d205961608ac3f2fbc683f6375e54fdf85c30ee36c74315762",,"2026-03-06T20:35:00.000","30","TRAFFIC SIGNAL","FUNCTIONING PROPERLY","CLEAR","DARKNESS, LIGHTED ROAD","ANGLE","FOUR WAY",,"STRAIGHT AND LEVEL","WET","NO DEFECTS","ON SCENE","INJURY AND / OR TOW DUE TO CRASH","Y",,,"OVER $1,500","2026-03-06T20:40:00.000","DISREGARDING TRAFFIC SIGNALS","NOT APPLICABLE","3532","S","STATE ST","213",,,,,,,"2","NO INDICATION OF INJURY","0","0","0","0","0","2","0","20","6","3","41.8300114928","-87.6267623805","POINT (-87.626762380494 41.830011492826)"
"172b77ac9e82f02232120a7a8d208f4bac2422059650501964e8dad27ad46603641f43a6e48c1d4771bc1145b594599d09de99e32318a6a7b8eed95ca1665b61",,"2026-03-06T20:30:00.000","30","UNKNOWN","UNKNOWN","RAIN","DARKNESS, LIGHTED ROAD","SIDESWIPE SAME DIRECTION","DIVIDED - W/MEDIAN BARRIER",,"STRAIGHT AND LEVEL","WET","NO DEFECTS","NOT ON SCENE (DESK REPORT)","NO INJURY / DRIVE AWAY",,,,"OVER $1,500","2026-03-06T21:20:00.000","UNABLE TO DETERMINE","NOT APPLICABLE","10000","W","OHARE ST","1651",,,,,,,"2","NO INDICATION OF INJURY","0","0","0","0","0","3","0","20","6","3","41.976201139","-87.9053091251","POINT (-87.905309125103 41.976201139024)"
"b1df6a4fceff7bd61a5554a30e89d57f7b8ceb7832f59908b3c4ba20a3457d47f3e8052b832144e4bf947aa71ac6ac2b10abb350524e19aa86176d5d9e4ddc30",,"2026-03-06T20:30:00.000","30","TRAFFIC SIGNAL","UNKNOWN","RAIN","DUSK","REAR END","NOT DIVIDED",,"STRAIGHT AND LEVEL","WET","UNKNOWN","NOT ON SCENE (DESK REPORT)","NO INJURY / DRIVE AWAY",,,,"$501 - $1,500","2026-03-06T20:50:00.000","UNABLE TO DETERMINE","NOT APPLICABLE","3938","W","111TH ST","2211",,,,,,,"2","NO INDICATION OF INJURY","0","0","0","0","0","2","0","20","6","3","41.6913959947","-87.719444268","POINT (-87.719444268018 41.691395994692)"
"d1db2065689979599ee66852628957d133630043536b4a8069a9ce98b68e222d01e723bb890fe82d4bdb42c5201b40b753ff8723b5a7d5185910e17e2e495ab3",,"2026-03-06T20:30:00.000","15","NO CONTROLS","NO CONTROLS","CLEAR","DARKNESS, LIGHTED ROAD","TURNING","PARKING LOT",,"STRAIGHT AND LEVEL","WET","NO DEFECTS","NOT ON SCENE (DESK REPORT)","NO INJURY / DRIVE AWAY",,,,"OVER $1,500","2026-03-07T15:30:00.000","UNABLE TO DETERMINE","NOT APPLICABLE","3222","N","MILWAUKEE AVE","1732",,,,,,,"2","NO INDICATION OF INJURY","0","0","0","0","0","3","0","20","6","3","41.9395354943","-87.7248065407","POINT (-87.724806540695 41.939535494268)"
"d314c5b61d1e0281d8dca949f38f3afff07372120dfde1491db21195248c0b2a356f3b154046f864fe65387488ee463cd8e0d0cb31efd8d8c96a748f5a749e33",,"2026-03-06T20:30:00.000","25","NO CONTROLS","NO CONTROLS","RAIN","DARKNESS, LIGHTED ROAD","PARKED MOTOR VEHICLE","OTHER",,"STRAIGHT AND LEVEL","WET","UNKNOWN","NOT ON SCENE (DESK REPORT)","NO INJURY / DRIVE AWAY",,,,"OVER $1,500","2026-03-06T20:50:00.000","UNABLE TO DETERMINE","NOT APPLICABLE","7305","N","ROGERS AVE","2424",,,,,,,"2","NO INDICATION OF INJURY","0","0","0","0","0","1","0","20","6","3","42.0136829507","-87.6799454362","POINT (-87.679945436189 42.013682950667)"
"3483ea03d17d5eef880ec57cf8accc5e982e642675342e768754382525c771cf5777dc10de47ea2fd1a615d9149c1ce80eadb23358a216ff0a1e32c057018e6c",,"2026-03-06T20:05:00.000","30","STOP SIGN/FLASHER","FUNCTIONING PROPERLY","CLOUDY/OVERCAST","DARKNESS, LIGHTED ROAD","TURNING","FOUR WAY",,"STRAIGHT AND LEVEL","WET","NO DEFECTS","NOT ON SCENE (DESK REPORT)","NO INJURY / DRIVE AWAY","Y",,,"OVER $1,500","2026-03-07T10:19:00.000","FAILING TO YIELD RIGHT-OF-WAY","NOT APPLICABLE","6132","W","BERTEAU AVE","1624",,,,,,,"2","NO INDICATION OF INJURY","0","0","0","0","0","2","0","20","6","3","41.9567622145","-87.7805119827","POINT (-87.78051198267 41.956762214489)"
"63869a4cdaf68d3c41142f4ec2bc0925e7a2a6f2524c1dd9812a6541bdf38c69e84f887e576b054b59b20f5632a1eb611977ed26e62fc36423411cafd0abfd50",,"2026-03-06T20:02:00.000","30","NO CONTROLS","NO CONTROLS","RAIN","DARKNESS","PARKED MOTOR VEHICLE","ONE-WAY",,"STRAIGHT AND LEVEL","WET","NO DEFECTS","ON SCENE","INJURY AND / OR TOW DUE TO CRASH",,,"Y","OVER $1,500","2026-03-06T20:03:00.000","UNABLE TO DETERMINE","NOT APPLICABLE","7013","S","LAFLIN ST","734",,,,,,,"3","NO INDICATION OF INJURY","0","0","0","0","0","1","0","20","6","3","41.7663371915","-87.6612832651","POINT (-87.661283265092 41.766337191542)"
"c61d44b5c820366a283850d7644a0aa731690f010627eb63b078c7baabc6052ec75face2b805550515e790bc052293158f483117f77c2fc589c32c0ad2d39984",,"2026-03-06T20:00:00.000","30","TRAFFIC SIGNAL","FUNCTIONING PROPERLY","RAIN","DARKNESS, LIGHTED ROAD","ANGLE","FOUR WAY",,"STRAIGHT AND LEVEL","WET","NO DEFECTS","ON SCENE","INJURY AND / OR TOW DUE TO CRASH","Y",,,"OVER $1,500","2026-03-06T20:00:00.000","DISREGARDING TRAFFIC SIGNALS","FAILING TO REDUCE SPEED TO AVOID CRASH","7399","S","ASHLAND AVE","734",,"Y",,,,,"3","NO INDICATION OF INJURY","0","0","0","0","0","3","0","20","6","3","41.7595002451","-87.6634942145","POINT (-87.663494214476 41.759500245093)"