"crash_record_id","crash_date_est_i","crash_date","posted_speed_limit","traffic_control_device","device_condition","weather_condition","lighting_condition","first_crash_type","trafficway_type","lane_cnt","alignment","roadway_surface_cond","road_defect","report_type","crash_type","intersection_related_i","private_property_i","hit_and_run_i","damage","date_police_notified","prim_contributory_cause","sec_contributory_cause","street_no","street_direction","street_name","beat_of_occurrence","photos_taken_i","statements_taken_i","dooring_i","work_zone_i","work_zone_type","workers_present_i","num_units","most_severe_injury","injuries_total","injuries_fatal","injuries_incapacitating","injuries_non_incapacitating","injuries_reported_not_evident","injuries_no_indication","injuries_unknown","crash_hour","crash_day_of_week","crash_month","latitude","longitude","location"
"52156b709ae76d6d6dfb1a93975e632fad3a1e6af834365a602addfb390d85ca16596d01a5a1b8fe24cae150aa4fd522398d7fdd0d303eaa39535828df9871f1",,"2026-03-06T19:45:00.000","30","NO CONTROLS","NO CONTROLS","RAIN","DARKNESS, LIGHTED ROAD","PEDESTRIAN","DIVIDED - W/MEDIAN (NOT RAISED)",,"STRAIGHT AND LEVEL","WET","NO DEFECTS","ON SCENE","INJURY AND / OR TOW DUE TO CRASH",,,"Y","OVER $1,500","2026-03-06T21:17:00.000","UNABLE TO DETERMINE","NOT APPLICABLE","10500","S","MICHIGAN AVE","512",,,,,,,"2","NONINCAPACITATING INJURY","1","0","0","1","0","1","0","19","6","3","41.7034152187","-87.6208096791","POINT (-87.620809679116 41.703415218678)"
"ecdaaddb56238242319932c037c7a2d8182ef27bfa09a9d14c0ade95d932e2c90277979ce4b6511360a497cde080bbc7efc945984b23e51b5acab4643675e0af",,"2026-03-06T19:45:00.000","30","NO CONTROLS","NO CONTROLS","RAIN","DARKNESS, LIGHTED ROAD","PARKED MOTOR VEHICLE","OTHER",,"STRAIGHT AND LEVEL","WET","NO DEFECTS","ON SCENE","NO INJURY / DRIVE AWAY",,,"Y","OVER $1,500","2026-03-06T19:45:00.000","UNABLE TO DETERMINE","NOT APPLICABLE","616","S","LAFLIN ST","1231",,,,,,,"2","NO INDICATION OF INJURY","0","0","0","0","0","1","0","19","6","3","41.8735844115","-87.6643576797","POINT (-87.664357679708 41.873584411486)"
"3206a91ddcfde581fb630cc351605644673e4f80e8bd5ddbd007ce26640ce024860383aadd6dbf4e76e3d9e9e6f460abc350f97b09dd4dd259656b5380eb6aa9",,"2026-03-06T19:40:00.000","25","STOP SIGN/FLASHER","FUNCTIONING PROPERLY","FREEZING RAIN/DRIZZLE","DARKNESS","ANGLE","FOUR WAY",,"STRAIGHT AND LEVEL","WET","NO DEFECTS","ON SCENE","INJURY AND / OR TOW DUE TO CRASH","Y",,,"OVER $1,500","2026-03-06T19:47:00.000","FAILING TO YIELD RIGHT-OF-WAY","FAILING TO YIELD RIGHT-OF-WAY","6198","N","RICHMOND ST","2413",,,,,,,"2","NO INDICATION OF INJURY","0","0","0","0","0","2","0","19","6","3","41.9938451271","-87.703301719","POINT (-87.703301718976 41.993845127136)"
"dfb0ff310df36e1bc7192f477aa291b49c9044159b204b6f5f8c2cb028a106979c51e948d4816208ac594e06044ceba5cafff65408df48291649c95f6265a0cd",,"2026-03-06T19:40:00.000","30","STOP SIGN/FLASHER","UNKNOWN","UNKNOWN","UNKNOWN","ANGLE","FOUR WAY",,"STRAIGHT AND LEVEL","UNKNOWN","UNKNOWN","NOT ON SCENE (DESK REPORT)","NO INJURY / DRIVE AWAY","Y",,,"OVER $1,500","2026-03-06T21:25:00.000","DRIVING SKILLS/KNOWLEDGE/EXPERIENCE","UNABLE TO DETERMINE","4000","W","30TH ST","1031",,,,,,,"2","NO INDICATION OF INJURY","0","0","0","0","0","2","0","19","6","3","41.838831713","-87.7244636824","POINT (-87.724463682386 41.838831713034)"
"e05786da1cee210faf28e563d2f894705840ed63d8b2278756ea420106bd7cfccdbeb6ad97564fd6fcd63fcc1709f7545a48cd8c7b706d698da7f1005ee17909",,"2026-03-06T19:32:00.000","30","NO CONTROLS","NO CONTROLS","RAIN","DUSK","PARKED MOTOR VEHICLE","ONE-WAY",,"STRAIGHT AND LEVEL","WET","NO DEFECTS","ON SCENE","NO INJURY / DRIVE AWAY",,,,"OVER $1,500","2026-03-06T19:44:00.000","WEATHER","NOT APPLICABLE","5110","S","MOBILE AVE","811",,,,,,,"2","NO INDICATION OF INJURY","0","0","0","0","0","1","0","19","6","3","41.799338135","-87.7797282636","POINT (-87.779728263639 41.799338135032)"
"7134b552fe92eed57cd95fb323c402db8b060c55a1783db54e3d960439b3e1edb8086b76e18377048d7679a0357cfe2e43a056d2056a40bbc2fee0a41da9bd1e",,"2026-03-06T19:30:00.000","30","NO CONTROLS","NO CONTROLS","CLEAR","DARKNESS, LIGHTED ROAD","TURNING","ALLEY",,"STRAIGHT AND LEVEL","DRY","NO DEFECTS","NOT ON SCENE (DESK REPORT)","NO INJURY / DRIVE AWAY",,,,"OVER $1,500","2026-03-06T19:53:00.000","FAILING TO YIELD RIGHT-OF-WAY","NOT APPLICABLE","1330","N","KOSTNER AVE","2533",,,,,,,"2","NO INDICATION OF INJURY","0","0","0","0","0","2","0","19","6","3","41.9051821367","-87.7363611429","POINT (-87.736361142945 41.905182136704)"
"73993c25e8b02cddf05a3eb2708505087c8471014c202a82de046b29d3d6856b8dd4ea1fa79691599a9b1763af2fdd74e4f1a953910310f2f5a6c2572f02f203",,"2026-03-06T19:30:00.000","30","UNKNOWN","UNKNOWN","UNKNOWN","UNKNOWN","ANGLE","ONE-WAY",,"STRAIGHT AND LEVEL","UNKNOWN","UNKNOWN","NOT ON SCENE (DESK REPORT)","NO INJURY / DRIVE AWAY",,,,"OVER $1,500","2026-03-06T21:20:00.000","UNABLE TO DETERMINE","UNABLE TO DETERMINE","1020","W","ADAMS ST","1232",,,,,,,"2","NO INDICATION OF INJURY","0","0","0","0","0","2","0","19","6","3","41.8792355201","-87.6528350933","POINT (-87.652835093311 41.879235520062)"
"bcdc77c048082791548f744e85d288676eb803417ed435d9502a4430901cb657782ba2eb991314da375cef37628108fe1920560210823d714d8aeebb0595eb70",,"2026-03-06T19:30:00.000","30","NO CONTROLS","NO CONTROLS","RAIN","DARKNESS, LIGHTED ROAD","PARKED MOTOR VEHICLE","DIVIDED - W/MEDIAN BARRIER",,"STRAIGHT AND LEVEL","WET","OTHER","ON SCENE","INJURY AND / OR TOW DUE TO CRASH",,,,"OVER $1,500","2026-03-06T19:33:00.000","DRIVING SKILLS/KNOWLEDGE/EXPERIENCE","WEATHER","9207","S","WESTERN AVE","2221",,,,,,,"4","REPORTED, NOT EVIDENT","1","0","0","0","1","0","0","19","6","3","41.7261074755","-87.682079687","POINT (-87.682079686973 41.726107475469)"
"cafb5c0c7ac86f5f0d8abab07c42d3bc83056abacb9e5fdbd0867af21a6c26811740fb5f2d75e75acba4374df7f5eb8c1af7807a0cebea23aa1bf2d1d62b0eef",,"2026-03-06T19:30:00.000","30","TRAFFIC SIGNAL","FUNCTIONING PROPERLY","CLEAR","DARKNESS, LIGHTED ROAD","SIDESWIPE SAME DIRECTION","NOT DIVIDED",,"STRAIGHT AND LEVEL","UNKNOWN","NO DEFECTS","NOT ON SCENE (DESK REPORT)","NO INJURY / DRIVE AWAY","Y",,,"OVER $1,500","2026-03-06T20:09:00.000","FAILING TO YIELD RIGHT-OF-WAY","UNABLE TO DETERMINE","1201","W","FOSTER AVE","2033",,,,,,,"2","NO INDICATION OF INJURY","0","0","0","0","0","2","0","19","6","3","41.9762124084","-87.6599281051","POINT (-87.659928105138 41.976212408391)"
"e8507e1f2d233e727817a392fb13180eb3714fce8cf6aee112c8033790c67ff7d528b94284bc6fad6cf8a0168c13c54b5419860325a5c6e09486e0d2248dc2a0","Y","2026-03-06T19:30:00.000","30","NO CONTROLS","NO CONTROLS","CLEAR","DARKNESS, LIGHTED ROAD","PARKED MOTOR VEHICLE","ONE-WAY",,"STRAIGHT AND LEVEL","WET","NO DEFECTS","ON SCENE","NO INJURY / DRIVE AWAY",,,,"$500 OR LESS","2026-03-07T18:01:00.000","NOT APPLICABLE","NOT APPLICABLE","2200","W","RICE ST","1212",,,,,,,"2","NO INDICATION OF INJURY","0","0","0","0","0","1","0","19","6","3","41.8968551574","-87.6820995246","POINT (-87.682099524569 41.896855157449)"
"fb32f25f1e046cb1b200fb97c429d95ddc7cb57c4e88845f2cc7d45c4ead485c8550a0fb88a585fecb0a65b4116844f281d16a9a1d61c02ab79a24ae7080d4c9",,"2026-03-06T19:30:00.000","30","STOP SIGN/FLASHER","NO CONTROLS","CLEAR","DUSK","SIDESWIPE SAME DIRECTION","ONE-WAY",,"STRAIGHT AND LEVEL","UNKNOWN","NO DEFECTS","NOT ON SCENE (DESK REPORT)","NO INJURY / DRIVE AWAY",,,,"OVER $1,500","2026-03-06T19:55:00.000","FAILING TO YIELD RIGHT-OF-WAY","FAILING TO YIELD RIGHT-OF-WAY","1020","W","ADAMS ST","1232",,,,,,,"2","NO INDICATION OF INJURY","0","0","0","0","0","2","0","19","6","3","41.8792355201","-87.6528350933","POINT (-87.652835093311 41.879235520062)"
"15634f39ea4d023d9ca60513eff13c62b0faf0b4ab941d8beb3d9552bf01ddbbe820bb7a40ec3c24e4ad2d55a3d9d3a4aaf4109a5a297c77e001fa1e58d8d17f",,"2026-03-06T19:25:00.000","30","TRAFFIC SIGNAL","UNKNOWN","UNKNOWN","UNKNOWN","TURNING","FOUR WAY",,"STRAIGHT AND LEVEL","UNKNOWN","UNKNOWN","NOT ON SCENE (DESK REPORT)","NO INJURY / DRIVE AWAY","Y",,,"OVER $1,500","2026-03-06T20:15:00.000","UNABLE TO DETERMINE","UNABLE TO DETERMINE","1000","W","FOSTER AVE","2023",,,,,,,"2","NO INDICATION OF INJURY","0","0","0","0","0","2","0","19","6","3","41.976505116","-87.6550318822","POINT (-87.655031882248 41.976505115957)"
"ff2424304197815031adc9091fc669eb97b6524c97c502e998cdf6e3355ef90af77e47cd2a1a2a152144699796e457289b438769ea0ee2dab6fccb4a2b44f5dc",,"2026-03-06T19:25:00.000","30","TRAFFIC SIGNAL","FUNCTIONING PROPERLY","RAIN","DARKNESS, LIGHTED ROAD","REAR END","NOT DIVIDED",,"STRAIGHT AND LEVEL","WET","NO DEFECTS","ON SCENE","NO INJURY / DRIVE AWAY",,,"Y","$501 - $1,500","2026-03-06T19:25:00.000","FAILING TO REDUCE SPEED TO AVOID CRASH","NOT APPLICABLE","7900","S","DR MARTIN LUTHER KING JR DR","623",,,,,,,"2","NO INDICATION OF INJURY","0","0","0","0","0","2","0","19","6","3","41.7510204707","-87.6151022455","POINT (-87.615102245534 41.751020470682)"
"c31b1702f6b75791dec5c39ec444e478389088f988a0470133163bf425ad7a352ff2b6b103eff6548876c75d73ee94e848f2353111e4e109f51df13570c63f35",,"2026-03-06T19:20:00.000","30","TRAFFIC SIGNAL","UNKNOWN","UNKNOWN","DARKNESS, LIGHTED ROAD","PEDESTRIAN","FOUR WAY",,"STRAIGHT AND LEVEL","UNKNOWN","UNKNOWN","NOT ON SCENE (DESK REPORT)","INJURY AND / OR TOW DUE TO CRASH","Y",,,"OVER $1,500","2026-03-07T15:40:00.000","IMPROPER TURNING/NO SIGNAL","FAILING TO REDUCE SPEED TO AVOID CRASH","300","N","WELLS ST","1831",,,,,,,"2","REPORTED, NOT EVIDENT","1","0","0","0","1","1","0","19","6","3","41.8875559104","-87.6341176575","POINT (-87.634117657502 41.88755591037)"
"74ac6d20ba8d5705d54683d5153d1a33281c6d2b2948ead2b20ff7ce12b62a291b514d9fe15d07ff959053597628e6298d626d2ac985f493695b63406929b5d2",,"2026-03-06T19:18:00.000","30","TRAFFIC SIGNAL","FUNCTIONING PROPERLY","RAIN","DARKNESS, LIGHTED ROAD","REAR END","FOUR WAY",,"STRAIGHT AND LEVEL","WET","NO DEFECTS","ON SCENE","INJURY AND / OR TOW DUE TO CRASH","Y",,"Y","OVER $1,500","2026-03-06T19:19:00.000","FAILING TO REDUCE SPEED TO AVOID CRASH","FOLLOWING TOO CLOSELY","9100","S","COTTAGE GROVE AVE","633",,,,,,,"2","NONINCAPACITATING INJURY","1","0","0","1","0","1","0","19","6","3","41.7293068345","-87.604792543","POINT (-87.604792543012 41.729306834503)"
"b58a05d029c5f0f367aa1d2fa04d3c24f445028d93e4ef5ea7e15685ef3c67fc4587d938a52ebf67f5a2c47b776c6a474cbb6818591982423486b0b2b4470094",,"2026-03-06T19:15:00.000","30","TRAFFIC SIGNAL","FUNCTIONING PROPERLY","RAIN","DARKNESS, LIGHTED ROAD","SIDESWIPE SAME DIRECTION","DIVIDED - W/MEDIAN (NOT RAISED)",,"STRAIGHT AND LEVEL","WET","NO DEFECTS","ON SCENE","NO INJURY / DRIVE AWAY",,,"Y","OVER $1,500","2026-03-06T19:47:00.000","IMPROPER LANE USAGE","NOT APPLICABLE","1101","S","CANAL ST","124",,"Y",,,,,"2","NO INDICATION OF INJURY","0","0","0","0","0","2","0","19","6","3","41.8688897111","-87.6390989281","POINT (-87.639098928088 41.868889711112)"
"b63283cfbd3deedb93e37fef9bf09097800e3b80f69eddb58b827e8b3048f2a8fb573313a03f174ce19bad8cdf3204c281a2c5965b10dbd0e5ccd8e608294738",,"2026-03-06T19:15:00.000","20","STOP SIGN/FLASHER","FUNCTIONING PROPERLY","RAIN","DARKNESS, LIGHTED ROAD","REAR END","FOUR WAY",,"STRAIGHT AND LEVEL","WET","NO DEFECTS","ON SCENE","INJURY AND / OR TOW DUE TO CRASH",,,"Y","OVER $1,500","2026-03-06T19:25:00.000","FOLLOWING TOO CLOSELY","UNABLE TO DETERMINE","4600","W","WEST END AVE","1113",,,,,,,"2","NONINCAPACITATING INJURY","3","0","0","1","2","1","0","19","6","3","41.8832986008","-87.7401976879","POINT (-87.740197687864 41.883298600831)"
"51c5d408791c4d4d23a5559ab1b3c30f1dce3081b8f21bb2d0e6e6498bd932b05116ac8060a0ccdef3221e60e875e9e272a1172fe219bb66bf3ff8c88df87a0a",,"2026-03-06T19:01:00.000","30","TRAFFIC SIGNAL","FUNCTIONING PROPERLY","RAIN","DARKNESS, LIGHTED ROAD","TURNING","FOUR WAY",,"STRAIGHT AND LEVEL","WET","NO DEFECTS","ON SCENE","NO INJURY / DRIVE AWAY","Y",,"Y","$501 - $1,500","2026-03-06T19:13:00.000","IMPROPER LANE USAGE","UNABLE TO DETERMINE","1198","W","MARQUETTE RD","724",,,,,,,"2","NO INDICATION OF INJURY","0","0","0","0","0","2","0","19","6","3","41.7724435946","-87.6542519216","POINT (-87.654251921594 41.772443594599)"
"14982e8c4ae83b6dcd1cd56738e6684cb45e6244d7a4abdf9bd26b112dedf532ce6d4333081a64ec31391420e2d929c8cbdebc9b66ae2debaa92a7f9f38c483b",,"2026-03-06T19:00:00.000","30","NO CONTROLS","NO CONTROLS","CLEAR","DARKNESS, LIGHTED ROAD","PARKED MOTOR VEHICLE","ONE-WAY",,"STRAIGHT AND LEVEL","WET","NO DEFECTS","NOT ON SCENE (DESK REPORT)","NO INJURY / DRIVE AWAY",,,"Y","OVER $1,500","2026-03-06T20:20:00.000","UNABLE TO DETERMINE","NOT APPLICABLE","327","N","KEELER AVE","1114",,,,,,,"2","NO INDICATION OF INJURY","0","0","0","0","0","1","0","19","6","3","41.886221844","-87.7305919204","POINT (-87.730591920366 41.88622184397)"
"539e1a25d1b664df638e83f4e9a78ca45b9aa44e0d372204ed2252609fb80956ac8df9344a18beda93120e6874f80e90e1b7e987825798623c07aa10bc022537",,"2026-03-06T19:00:00.000","20","STOP SIGN/FLASHER","FUNCTIONING PROPERLY","RAIN","DARKNESS, LIGHTED ROAD","ANGLE","DIVIDED - W/MEDIAN (NOT RAISED)",,"STRAIGHT AND LEVEL","WET","NO DEFECTS","NOT ON SCENE (DESK REPORT)","NO INJURY / DRIVE AWAY","Y",,,"OVER $1,500","2026-03-07T09:39:00.000","DISREGARDING STOP SIGN","FAILING TO YIELD RIGHT-OF-WAY","4301","W","83RD ST","834",,,,,,,"2","NO INDICATION OF INJURY","0","0","0","0","0","2","0","19","6","3","41.7419405823","-87.729012943","POINT (-87.729012943027 41.741940582341)"
"9e2277670febd750defe23806056846db458bc0483889d677234b978519f8669451ef05926bd5347d3329e5427602dbbe3d3cef02139b7d4faaf5d0fdce279b5",,"2026-03-06T18:59:00.000","30","STOP SIGN/FLASHER","FUNCTIONING PROPERLY","RAIN","DUSK","REAR END","NOT DIVIDED",,"STRAIGHT AND LEVEL","WET","NO DEFECTS","ON SCENE","INJURY AND / OR TOW DUE TO CRASH",,,"Y","OVER $1,500","2026-03-06T19:10:00.000","UNABLE TO DETERMINE","NOT APPLICABLE","1656","N","LARAMIE AVE","2532",,,,,,,"2","REPORTED, NOT EVIDENT","5","0","0","0","5","1","0","18","6","3","41.9112289865","-87.7558709298","POINT (-87.755870929825 41.911228986451)"
"03307e240e66fbb2b278204fd315ad5dee4a480e16bd382b9fd67cf227d4446122c8981c94e11ac5662f184b7c46f17352a321ece3c1438b1107703300617cf1",,"2026-03-06T18:50:00.000","30","NO CONTROLS","NO CONTROLS","RAIN","DARKNESS, LIGHTED ROAD","PARKED MOTOR VEHICLE","ONE-WAY",,"STRAIGHT AND LEVEL","WET","NO DEFECTS","ON SCENE","NO INJURY / DRIVE AWAY",,,,"$500 OR LESS","2026-03-06T18:53:00.000","NOT APPLICABLE","NOT APPLICABLE","5240","S","WINCHESTER AVE","932",,,,,,,"2","NO INDICATION OF INJURY","0","0","0","0","0","1","0","18","6","3","41.7982060798","-87.6733551259","POINT (-87.673355125895 41.798206079753)"
"29fea4627e1fde60441391241568a530b2a33f5f45cbf786f339a377485513a558228bde3210d693ebd65424bb34844b33ba08e608b2bd0d8d9f9d9e494d418c",,"2026-03-06T18:50:00.000","30","NO CONTROLS","NO CONTROLS","RAIN","DARKNESS, LIGHTED ROAD","PARKED MOTOR VEHICLE","NOT DIVIDED",,"STRAIGHT AND LEVEL","WET","NO DEFECTS","ON SCENE","NO INJURY / DRIVE AWAY",,,"Y","OVER $1,500","2026-03-06T19:41:00.000","IMPROPER BACKING","DRIVING SKILLS/KNOWLEDGE/EXPERIENCE","11309","S","PEORIA ST","2234",,,,,,,"2","NO INDICATION OF INJURY","0","0","0","0","0","1","0","18","6","3","41.6883964324","-87.6445396069","POINT (-87.644539606917 41.688396432365)"
"dbd6c29e263fefa180f5281fed642e0f83622195c07983f76c676946fc069721c778422af3715d4f569f1bac1ed2fbf2e6df713f9a84f46bb761d1a54a96d105",,"2026-03-06T18:50:00.000","30","TRAFFIC SIGNAL","FUNCTIONING PROPERLY","RAIN","DARKNESS, LIGHTED ROAD","REAR END","NOT DIVIDED",,"STRAIGHT AND LEVEL","WET","NO DEFECTS","NOT ON SCENE (DESK REPORT)","NO INJURY / DRIVE AWAY",,,"Y","OVER $1,500","2026-03-06T23:00:00.000","UNABLE TO DETERMINE","NOT APPLICABLE","6515","S","ASHLAND AVE","725",,,,,,,"2","NO INDICATION OF INJURY","0","0","0","0","0","3","0","18","6","3","41.7753491523","-87.6639586095","POINT (-87.663958609545 41.77534915234)"
"a77e574757b2817ef0c29d9c2998e3fc56af6f23a1ba896da4707a7cb629b1077cc3f8dde187ab29b76c8b95a33de79838ce6867c0973bde7c19dcdf673addef",,"2026-03-06T18:49:00.000","30","TRAFFIC SIGNAL","FUNCTIONING PROPERLY","UNKNOWN","DARKNESS","REAR END","DIVIDED - W/MEDIAN (NOT RAISED)",,"STRAIGHT AND LEVEL","UNKNOWN","UNKNOWN","NOT ON SCENE (DESK REPORT)","NO INJURY / DRIVE AWAY",,,,"OVER $1,500","2026-03-06T20:00:00.000","FAILING TO REDUCE SPEED TO AVOID CRASH","UNABLE TO DETERMINE","3256","N","DAMEN AVE","1921",,,,,,,"2","NO INDICATION OF INJURY","0","0","0","0","0","3","0","18","6","3","41.941286375","-87.6785488465","POINT (-87.678548846466 41.941286374993)"
"2d43056d455cb53b79de3653322ccc338ca3ad26ac1d3dfc246c4b51bc8d76e9bce6599ddfdd7192c280e32e9aaf50fda2d908e118d0b4a6ae42ab57ac893a10",,"2026-03-06T18:45:00.000","30","STOP SIGN/FLASHER","FUNCTIONING PROPERLY","CLEAR","DARKNESS, LIGHTED ROAD","TURNING","FOUR WAY",,"STRAIGHT AND LEVEL","WET","UNKNOWN","NOT ON SCENE (DESK REPORT)","NO INJURY / DRIVE AWAY","Y",,,"OVER $1,500","2026-03-06T20:00:00.000","DRIVING SKILLS/KNOWLEDGE/EXPERIENCE","NOT APPLICABLE","1130","N","WESTERN AVE","1212",,,,,,,"2","NO INDICATION OF INJURY","0","0","0","0","0","2","0","18","6","3","41.9020413725","-87.6871520897","POINT (-87.687152089687 41.902041372482)"
"0183c73014638d41539cf8216f3eca108f5cb06a6e8648590c8896bde6e0393897d7d1a8a0e8e71d16d7b2daad691489e90bb27a2cff1a1ea90a8714f9e7e367",,"2026-03-06T18:44:00.000","30","STOP SIGN/FLASHER","FUNCTIONING PROPERLY","RAIN","DARKNESS, LIGHTED ROAD","ANGLE","FOUR WAY",,"STRAIGHT AND LEVEL","WET","UNKNOWN","ON SCENE","INJURY AND / OR TOW DUE TO CRASH","Y",,,"$501 - $1,500","2026-03-06T19:12:00.000","WEATHER","NOT APPLICABLE","2900","N","OAK PARK AVE","2511",,,,,,,"2","NONINCAPACITATING INJURY","1","0","0","1","0","2","0","18","6","3","41.9327922203","-87.795674233","POINT (-87.795674233045 41.932792220293)"
"a71ae9ad006312e61165dc78f4b00d5cdb2e87999e3fc12fdcc144280d71278a8aff25c45b3b750a20a5a39cf32cbe87865135962b1459fd10d2c80469940c43",,"2026-03-06T18:34:00.000","30","TRAFFIC SIGNAL","UNKNOWN","RAIN","DARKNESS, LIGHTED ROAD","REAR END","DIVIDED - W/MEDIAN (NOT RAISED)",,"STRAIGHT AND LEVEL","WET","UNKNOWN","ON SCENE","INJURY AND / OR TOW DUE TO CRASH",,,,"OVER $1,500","2026-03-06T18:36:00.000","FOLLOWING TOO CLOSELY","NOT APPLICABLE","6200","W","GRAND AVE","2512",,,,,,,"2","NO INDICATION OF INJURY","0","0","0","0","0","3","0","18","6","3","41.9215805668","-87.7805281246","POINT (-87.780528124638 41.921580566785)"
"3893c8e0c8de704f0206ec273d7564c48b25e1eb4aec461aceb48a4c96ffd06b712e11d90e9ec52d2355265305a91e5f10828b507bcd8143d8f97eaff6b4b686",,"2026-03-06T18:30:00.000","30","NO CONTROLS","NO CONTROLS","RAIN","DARKNESS, LIGHTED ROAD","SIDESWIPE SAME DIRECTION","NOT DIVIDED",,"STRAIGHT AND LEVEL","WET","NO DEFECTS","ON SCENE","NO INJURY / DRIVE AWAY",,,"Y","OVER $1,500","2026-03-06T18:36:00.000","UNABLE TO DETERMINE","NOT APPLICABLE","6142","N","SHERIDAN RD","2433",,,,,,,"2","NO INDICATION OF INJURY","0","0","0","0","0","2","0","18","6","3","41.9935820361","-87.6556437156","POINT (-87.655643715587 41.993582036083)"
"b7ebd7da48cf5f40db84345092d8a9ad2f55a16e870557f18991fe2955f221796852a8bbaf3a30120b3f77b52267a505543a35e7ef81793529c55842072984c5",,"2026-03-06T18:30:00.000","30","UNKNOWN","UNKNOWN","RAIN","DARKNESS, LIGHTED ROAD","SIDESWIPE SAME DIRECTION","ONE-WAY",,"STRAIGHT AND LEVEL","WET","UNKNOWN","NOT ON SCENE (DESK REPORT)","NO INJURY / DRIVE AWAY",,,"Y","OVER $1,500","2026-03-07T15:40:00.000","UNABLE TO DETERMINE","UNABLE TO DETERMINE","222","E","PEARSON ST","1833",,,,,,,"2","NO INDICATION OF INJURY","0","0","0","0","0","2","0","18","6","3","41.897739439","-87.6208954378","POINT (-87.620895437846 41.89773943904)"
"cb9017454edcf8d242325f083c99ab7b0d28ebed07e1552b5feabdb722689815065427b2584acfed0cbc6eea311ca14632eb1d5c7ba27d63efff4eb7b476396a",,"2026-03-06T18:30:00.000","30","STOP SIGN/FLASHER","FUNCTIONING PROPERLY","RAIN","DARKNESS, LIGHTED ROAD","SIDESWIPE SAME DIRECTION","ONE-WAY",,"STRAIGHT AND LEVEL","WET","NO DEFECTS","ON SCENE","INJURY AND / OR TOW DUE TO CRASH",,,,"OVER $1,500","2026-03-06T18:30:00.000","NOT APPLICABLE","NOT APPLICABLE","1700","E","86TH PL","412",,,,,,,"3","NO INDICATION OF INJURY","0","0","0","0","0","3","0","18","6","3","41.7379765076","-87.5826620819","POINT (-87.582662081948 41.737976507587)"
"8b606dcf7cb5fae9633f9455f3477e7b320707ff9cd1ed4775fbeed8d57b55ffe503daaf1ae5f46a94d75c7daee0dd06f44560c7a0be26d975e320726baf6240",,"2026-03-06T18:25:00.000","30","STOP SIGN/FLASHER","FUNCTIONING PROPERLY","UNKNOWN","DARKNESS, LIGHTED ROAD","ANGLE","UNKNOWN INTERSECTION TYPE",,"STRAIGHT AND LEVEL","UNKNOWN","UNKNOWN","NOT ON SCENE (DESK REPORT)","INJURY AND / OR TOW DUE TO CRASH","Y",,,"OVER $1,500","2026-03-08T13:15:00.000","DISREGARDING STOP SIGN","UNABLE TO DETERMINE","1248","W","WASHINGTON BLVD","1224",,,,,,,"2","NONINCAPACITATING INJURY","1","0","0","1","0","1","0","18","6","3","41.883062567","-87.6586546703","POINT (-87.658654670347 41.88306256699)"
"6e5a5203df90cef190373c9b6d297f8046819100d2db3c9df10f92d5c5deb3fe79e5b38b54a82f6823c95973b9d8750d308d7d328351a7125c703b8a3b76412b",,"2026-03-06T18:15:00.000","30","NO CONTROLS","NO CONTROLS","RAIN","DARKNESS, LIGHTED ROAD","SIDESWIPE SAME DIRECTION","NOT DIVIDED",,"STRAIGHT AND LEVEL","UNKNOWN","UNKNOWN","NOT ON SCENE (DESK REPORT)","NO INJURY / DRIVE AWAY",,,,"OVER $1,500","2026-03-06T18:35:00.000","DRIVING SKILLS/KNOWLEDGE/EXPERIENCE","NOT APPLICABLE","5033","S","KEDZIE AVE","923",,,,,,,"2","NO INDICATION OF INJURY","0","0","0","0","0","2","0","18","6","3","41.8016491872","-87.703644311","POINT (-87.703644310968 41.801649187191)"
"6e153e64c57058c42531d2d1ea78ff54748ff9852dbacddda560c189535f64a441e8538bed4acca7dd82bb5a8f38149a985493d027bd6fad4b5e2542d0ea6739",,"2026-03-06T18:10:00.000","30","UNKNOWN","UNKNOWN","UNKNOWN","UNKNOWN","SIDESWIPE SAME DIRECTION","UNKNOWN",,"STRAIGHT AND LEVEL","UNKNOWN","UNKNOWN","NOT ON SCENE (DESK REPORT)","NO INJURY / DRIVE AWAY",,,,"$500 OR LESS","2026-03-06T19:17:00.000","UNABLE TO DETERMINE","UNABLE TO DETERMINE","6330","N","BELL AVE","2413",,,,,,,"2","NO INDICATION OF INJURY","0","0","0","0","0","2","0","18","6","3","41.9969247111","-87.6863398003","POINT (-87.686339800254 41.996924711142)"
"b5834efa39041816157f9ba1d9bdf32e6640b2bb9894c5bbf30d3b56ce5aba3778fe8e8ec0db58621541bcb2162b72d6e5035c4fd22c3b5f6444e229be385fda",,"2026-03-06T18:09:00.000","30","TRAFFIC SIGNAL","FUNCTIONING PROPERLY","RAIN","DARKNESS","TURNING","DIVIDED - W/MEDIAN (NOT RAISED)",,"STRAIGHT AND LEVEL","WET","NO DEFECTS","ON SCENE","NO INJURY / DRIVE AWAY","Y",,"Y","OVER $1,500","2026-03-06T18:37:00.000","FAILING TO YIELD RIGHT-OF-WAY","DISREGARDING TRAFFIC SIGNALS","7600","S","LAFAYETTE AVE","623",,,,,,,"2","NO INDICATION OF INJURY","0","0","0","0","0","2","0","18","6","3","41.7563200058","-87.6264755773","POINT (-87.626475577283 41.756320005823)"