"crash_record_id","crash_date_est_i","crash_date","posted_speed_limit","traffic_control_device","device_condition","weather_condition","lighting_condition","first_crash_type","trafficway_type","lane_cnt","alignment","roadway_surface_cond","road_defect","report_type","crash_type","intersection_related_i","private_property_i","hit_and_run_i","damage","date_police_notified","prim_contributory_cause","sec_contributory_cause","street_no","street_direction","street_name","beat_of_occurrence","photos_taken_i","statements_taken_i","dooring_i","work_zone_i","work_zone_type","workers_present_i","num_units","most_severe_injury","injuries_total","injuries_fatal","injuries_incapacitating","injuries_non_incapacitating","injuries_reported_not_evident","injuries_no_indication","injuries_unknown","crash_hour","crash_day_of_week","crash_month","latitude","longitude","location"
"42ff4eab1d4f35d20ee907a7f4dbd7ead34328dfea7ea16b94b27e8246525c332760cd426ed992b30445100e9598b4d6be04587191370bf44b2dd28a68b93c63",,"2026-03-06T18:05:00.000","35","NO CONTROLS","NO CONTROLS","RAIN","DARKNESS, LIGHTED ROAD","FIXED OBJECT","DIVIDED - W/MEDIAN BARRIER",,"STRAIGHT AND LEVEL","WET","NO DEFECTS","ON SCENE","INJURY AND / OR TOW DUE TO CRASH",,,,"$501 - $1,500","2026-03-06T18:06:00.000","DRIVING SKILLS/KNOWLEDGE/EXPERIENCE","UNABLE TO DETERMINE","9700","S","HALSTED ST","2223",,,,,,,"1","NO INDICATION OF INJURY","0","0","0","0","0","3","0","18","6","3","41.7175374349","-87.64325162","POINT (-87.643251620045 41.717537434869)"
"12f2f00f0ff77960d879d6b724126e5072f60fed6261d0e0807530ebf63f9cc04c8029eed11a2f43ee29d1de13f87643bad8d31de8bf433b166e27fb7a280ccb",,"2026-03-06T18:00:00.000","20","NO CONTROLS","NO CONTROLS","RAIN","DARKNESS, LIGHTED ROAD","PARKED MOTOR VEHICLE","NOT DIVIDED",,"STRAIGHT AND LEVEL","WET","NO DEFECTS","ON SCENE","NO INJURY / DRIVE AWAY",,,,"OVER $1,500","2026-03-06T18:04:00.000","UNABLE TO DETERMINE","UNABLE TO DETERMINE","618","W","SCHUBERT AVE","1935",,,,,,,"2","NO INDICATION OF INJURY","0","0","0","0","0","1","0","18","6","3","41.9317906038","-87.6453492819","POINT (-87.645349281902 41.93179060379)"
"3f5fe50c641196ae67eac051f46f680442d972cbd62dc9c4e92dc591355f91373d0a54c00aa73efa7501f8f16ccc47511e5fd6af2ef7083b28dd7b2f992f2577",,"2026-03-06T18:00:00.000","30","NO CONTROLS","NO CONTROLS","RAIN","DARKNESS, LIGHTED ROAD","PARKED MOTOR VEHICLE","NOT DIVIDED",,"STRAIGHT AND LEVEL","WET","NO DEFECTS","NOT ON SCENE (DESK REPORT)","INJURY AND / OR TOW DUE TO CRASH",,,"Y","OVER $1,500","2026-03-06T18:10:00.000","UNABLE TO DETERMINE","NOT APPLICABLE","6223","S","LOOMIS BLVD","713",,,,,,,"2","NO INDICATION OF INJURY","0","0","0","0","0","3","0","18","6","3","41.7805583307","-87.65923951","POINT (-87.659239510012 41.78055833072)"
"4ca36f3d14b36165f3d4e667b75b1e5f41d4e9fbdbeab1af05ce1bbf9376c260338bb970952dbb4671c5563b1b3f1c1429259d421aaf56a112bba6b3496cdcc2","Y","2026-03-06T18:00:00.000","30","TRAFFIC SIGNAL","FUNCTIONING PROPERLY","RAIN","DUSK","ANGLE","NOT DIVIDED",,"STRAIGHT AND LEVEL","WET","UNKNOWN","ON SCENE","NO INJURY / DRIVE AWAY","Y",,"Y","OVER $1,500","2026-03-06T18:03:00.000","FAILING TO YIELD RIGHT-OF-WAY","UNABLE TO DETERMINE","4700","S","STATE ST","224",,,,,,,"2","NO INDICATION OF INJURY","0","0","0","0","0","4","0","18","6","3","41.8091430179","-87.6262291323","POINT (-87.626229132272 41.809143017867)"
"cb6af5c596a0ce044c4b7754e77011bb88cbe1397ca923521650bd6b2d8cdb34e54c62c804987d4d234c5f261f9c261d6386a8265889da0b8493340d25a096b4","Y","2026-03-06T18:00:00.000","25","UNKNOWN","UNKNOWN","UNKNOWN","UNKNOWN","ANGLE","NOT DIVIDED",,"STRAIGHT AND LEVEL","UNKNOWN","UNKNOWN","NOT ON SCENE (DESK REPORT)","INJURY AND / OR TOW DUE TO CRASH",,,,"OVER $1,500","2026-03-08T16:30:00.000","UNABLE TO DETERMINE","UNABLE TO DETERMINE","3454","N","PLAINFIELD AVE","1631",,,,,,,"2","NO INDICATION OF INJURY","0","0","0","0","0","2","0","18","6","3","41.9427049914","-87.8339858361","POINT (-87.833985836053 41.942704991384)"
"f4b6b2bcbf8a9e14952b9b276995599bbb2f0b4af6816116788d8c50404b0e912d8836ad23f96e7d1334127200bfcb1aa47dc09a39b53998cc80a6a50e7484c1",,"2026-03-06T18:00:00.000","20","NO CONTROLS","NO CONTROLS","CLEAR","DARKNESS","PARKED MOTOR VEHICLE","ALLEY",,"STRAIGHT AND LEVEL","WET","UNKNOWN","NOT ON SCENE (DESK REPORT)","NO INJURY / DRIVE AWAY",,"Y",,"OVER $1,500","2026-03-07T14:20:00.000","IMPROPER OVERTAKING/PASSING","OPERATING VEHICLE IN ERRATIC, RECKLESS, CARELESS, NEGLIGENT OR AGGRESSIVE MANNER","5434","S","HYDE PARK BLVD","234",,,,,,,"2","NO INDICATION OF INJURY","0","0","0","0","0","1","0","18","6","3","41.7970862765","-87.5841396455","POINT (-87.584139645536 41.797086276451)"
"1c0983373aec4e576cccc7a2f2421825439357fb72e414a486b37ec67660bd4c803ff5aa486a1a4e32250a136d050a761a67005fd9b6f36d39029c3f3e890765",,"2026-03-06T17:58:00.000","30","TRAFFIC SIGNAL","FUNCTIONING PROPERLY","CLEAR","DARKNESS, LIGHTED ROAD","PEDALCYCLIST","Y-INTERSECTION",,"STRAIGHT AND LEVEL","DRY","NO DEFECTS","ON SCENE","INJURY AND / OR TOW DUE TO CRASH","Y",,,"$501 - $1,500","2026-03-06T18:03:00.000","NOT APPLICABLE","NOT APPLICABLE","830","N","MILWAUKEE AVE","1213",,,,,,,"2","REPORTED, NOT EVIDENT","1","0","0","0","1","1","0","17","6","3","41.896918237","-87.6566862418","POINT (-87.656686241843 41.896918237041)"
"7c5f7c423a4f276ebd9e67881ab0744273d4d95cdbab08df607b74eb5e50e4f4d724e7a8d4ef7b64652a6c810a2bd7ed90aeb95713228a16d0599fed361e4947",,"2026-03-06T17:50:00.000","25","NO CONTROLS","NO CONTROLS","RAIN","DARKNESS, LIGHTED ROAD","PARKED MOTOR VEHICLE","ONE-WAY",,"STRAIGHT AND LEVEL","WET","NO DEFECTS","ON SCENE","INJURY AND / OR TOW DUE TO CRASH",,,,"OVER $1,500","2026-03-06T17:50:00.000","FAILING TO REDUCE SPEED TO AVOID CRASH","OPERATING VEHICLE IN ERRATIC, RECKLESS, CARELESS, NEGLIGENT OR AGGRESSIVE MANNER","5439","S","NATOMA AVE","811",,,,,,,"3","REPORTED, NOT EVIDENT","1","0","0","0","1","0","0","17","6","3","41.7929579712","-87.787788165","POINT (-87.787788164998 41.792957971218)"
"b31cbcf903a9970f97a7a640b698c17a4867b9c9c1515f95e74f4f21d98ab99272aff0607009017c8704ba2598e2c2a01abb6083e1ee53741bc5a39630dd6a9f",,"2026-03-06T17:48:00.000","30","NO CONTROLS","NO CONTROLS","RAIN","DARKNESS, LIGHTED ROAD","REAR END","NOT DIVIDED",,"STRAIGHT AND LEVEL","WET","UNKNOWN","NOT ON SCENE (DESK REPORT)","NO INJURY / DRIVE AWAY",,,,"OVER $1,500","2026-03-07T13:10:00.000","FOLLOWING TOO CLOSELY","NOT APPLICABLE","3231","W","MARQUETTE RD","831",,,,,,,"2","NO INDICATION OF INJURY","0","0","0","0","0","3","0","17","6","3","41.7715461722","-87.7042089154","POINT (-87.704208915393 41.771546172247)"
"8270e6e70dd7f8341920f30c5b98b1e65b2aa96de231c3c243019df835f5de5476b2f1ce96fc97f6306c255f1d5b8c8f229c638c6a5aa690866e5faa52297bc3",,"2026-03-06T17:41:00.000","25","NO CONTROLS","NO CONTROLS","CLEAR","DAYLIGHT","PARKED MOTOR VEHICLE","ONE-WAY",,"STRAIGHT AND LEVEL","DRY","NO DEFECTS",,"NO INJURY / DRIVE AWAY",,,"Y","OVER $1,500","2026-03-08T10:00:00.000","UNABLE TO DETERMINE","NOT APPLICABLE","2452","W","ARDMORE AVE","2011",,,,,,,"2","NO INDICATION OF INJURY","0","0","0","0","0","1","0","17","6","3","41.9869074306","-87.691691883","POINT (-87.691691883018 41.986907430623)"
"81b806b1bcf0826e452bf7efee124699230390262709497e4af619029dbdf1d743727b0f403ffb8873d5c54dafd69e4376f299e87873abc3dc2483fdf23529e2",,"2026-03-06T17:40:00.000","30","TRAFFIC SIGNAL","FUNCTIONING PROPERLY","CLOUDY/OVERCAST","DAYLIGHT","SIDESWIPE SAME DIRECTION","FOUR WAY",,"STRAIGHT AND LEVEL","DRY","NO DEFECTS","NOT ON SCENE (DESK REPORT)","NO INJURY / DRIVE AWAY",,,,"OVER $1,500","2026-03-07T17:10:00.000","UNABLE TO DETERMINE","UNABLE TO DETERMINE","340","N","LAKE SHORE DR SB","114",,,,,,,"2","NO INDICATION OF INJURY","0","0","0","0","0","2","0","17","6","3","41.8877843193","-87.6142955109","POINT (-87.614295510886 41.88778431932)"
"c1c1369e644a18783316ff30dd1be2728293fa279cfc3bb149bf1d8e6cc287ccbbea91f99fb1ac492da70f1071bfb33bac20e707b30175ba62287e331617ef26",,"2026-03-06T17:40:00.000","30","STOP SIGN/FLASHER","FUNCTIONING PROPERLY","CLEAR","DAWN","REAR TO FRONT","FOUR WAY",,"STRAIGHT AND LEVEL","UNKNOWN","NO DEFECTS","NOT ON SCENE (DESK REPORT)","NO INJURY / DRIVE AWAY",,,"Y","OVER $1,500","2026-03-06T19:30:00.000","UNABLE TO DETERMINE","UNABLE TO DETERMINE","1027","W","MARQUETTE RD","724","Y","Y",,,,,"2","NO INDICATION OF INJURY","0","0","0","0","0","2","0","17","6","3","41.7722766576","-87.6506046207","POINT (-87.650604620736 41.772276657584)"
"f75fa11115374184f83c0698593b3f0f5c63898dfc94ce271b20ea30991de6f998440bd22a94aee7651c02b2c66adc274694c554f9a36324efb816a07b03f176",,"2026-03-06T17:40:00.000","30","TRAFFIC SIGNAL","FUNCTIONING PROPERLY","RAIN","DAYLIGHT","TURNING","DIVIDED - W/MEDIAN (NOT RAISED)",,"STRAIGHT AND LEVEL","WET","UNKNOWN","ON SCENE","INJURY AND / OR TOW DUE TO CRASH","Y",,,"OVER $1,500","2026-03-06T17:45:00.000","IMPROPER LANE USAGE","IMPROPER LANE USAGE","798","E","87TH ST","632",,,,,,,"2","REPORTED, NOT EVIDENT","1","0","0","0","1","1","0","17","6","3","41.7367587139","-87.6048594111","POINT (-87.604859411063 41.736758713884)"
"07a34251a124c206a6ef0bae133320cd0d03d771acef6251ea48f8f88b0bff95ca2c3a43508a1ed599b0da6b1847e090ac6aca1bdedefcb170f047a4b20425b1",,"2026-03-06T17:30:00.000","30","NO CONTROLS","NO CONTROLS","RAIN","DARKNESS, LIGHTED ROAD","SIDESWIPE SAME DIRECTION","DIVIDED - W/MEDIAN (NOT RAISED)",,"STRAIGHT AND LEVEL","WET","UNKNOWN","NOT ON SCENE (DESK REPORT)","INJURY AND / OR TOW DUE TO CRASH",,,,"OVER $1,500","2026-03-06T19:25:00.000","IMPROPER LANE USAGE","NOT APPLICABLE","2921","N","MILWAUKEE AVE","1412",,,,,,,"2","NO INDICATION OF INJURY","0","0","0","0","0","2","0","17","6","3","41.9344325136","-87.7159645074","POINT (-87.715964507393 41.934432513619)"
"3c21f4697b41ba0069692a123012c047fe857a04cf52edef48ca3bf3743f015aadca3fb4298f42a56951f453ebb6e2a9017fd38bfb11dda5d6e95babc936d2f7",,"2026-03-06T17:30:00.000","25","TRAFFIC SIGNAL","FUNCTIONING PROPERLY","CLEAR","DAYLIGHT","SIDESWIPE SAME DIRECTION","DIVIDED - W/MEDIAN (NOT RAISED)",,"STRAIGHT AND LEVEL","WET","UNKNOWN","NOT ON SCENE (DESK REPORT)","NO INJURY / DRIVE AWAY",,,,"OVER $1,500","2026-03-06T18:30:00.000","DRIVING SKILLS/KNOWLEDGE/EXPERIENCE","DRIVING SKILLS/KNOWLEDGE/EXPERIENCE","4006","W","LAKE ST","1114",,,,,,,"2","NO INDICATION OF INJURY","0","0","0","0","0","2","0","17","6","3","41.8855874324","-87.7261512894","POINT (-87.726151289359 41.88558743236)"
"5c600029ccc674686d33ff4e0ea5b92c391e4dfc1f9d9f9dad510dc76cfafef14ecd0cbb6d60969332df433a82525140c9844d576c9788707acc2c4f512067bd",,"2026-03-06T17:30:00.000","20","NO CONTROLS","NO CONTROLS","RAIN","DAYLIGHT","PARKED MOTOR VEHICLE","NOT DIVIDED",,"STRAIGHT AND LEVEL","WET","NO DEFECTS","NOT ON SCENE (DESK REPORT)","NO INJURY / DRIVE AWAY",,,"Y","OVER $1,500","2026-03-06T18:15:00.000","IMPROPER LANE USAGE","UNABLE TO DETERMINE","5310","N","CHESTER AVE","1614",,,,,,,"2","NO INDICATION OF INJURY","0","0","0","0","0","1","0","17","6","3","41.9758613391","-87.8392637312","POINT (-87.839263731246 41.975861339149)"
"920dfa0911802996b3760847769587ba2b381d60842b8b9c14270e443627b5c17b2a5f7361a7c0924e3e24e512e1dd24cd07a621c2e70ef6d19cf94f9241f3df",,"2026-03-06T17:30:00.000","30","NO CONTROLS","NO CONTROLS","RAIN","DARKNESS, LIGHTED ROAD","PARKED MOTOR VEHICLE","ONE-WAY",,"STRAIGHT AND LEVEL","WET","NO DEFECTS","NOT ON SCENE (DESK REPORT)","NO INJURY / DRIVE AWAY",,,,"OVER $1,500","2026-03-06T22:09:00.000","UNABLE TO DETERMINE","UNABLE TO DETERMINE","9025","S","PAXTON AVE","413",,,,,,,"2","NO INDICATION OF INJURY","0","0","0","0","0","1","0","17","6","3","41.7308824323","-87.5705569188","POINT (-87.570556918757 41.730882432324)"
"39f5a78d6fd6f24456ba81cd82b9734885df2b4d44200d04ae6e92633b3157503cc0dc1370201705bbb6d6828b1485698b7dd689eead6bd17229a42445f22b60",,"2026-03-06T17:26:00.000","30","TRAFFIC SIGNAL","FUNCTIONING PROPERLY","RAIN","DARKNESS, LIGHTED ROAD","REAR END","DIVIDED - W/MEDIAN (NOT RAISED)",,"STRAIGHT AND LEVEL","WET","NO DEFECTS","ON SCENE","NO INJURY / DRIVE AWAY","Y",,,"OVER $1,500","2026-03-06T17:37:00.000","FAILING TO REDUCE SPEED TO AVOID CRASH","UNABLE TO DETERMINE","4500","W","ADDISON ST","1731","Y","Y",,,,,"2","NO INDICATION OF INJURY","0","0","0","0","0","2","0","17","6","3","41.9463301689","-87.739340663","POINT (-87.739340663045 41.946330168936)"
"6cdac728e8c984eba6ae8af471a735f4bf74db12f0a2691b7557a3e881f180ddba4398a5bc0353ef2cf8be2b1cecd20875e8f020937dfee45fcb6eeb2b158025",,"2026-03-06T17:25:00.000","30","TRAFFIC SIGNAL","FUNCTIONING PROPERLY","CLEAR","DAYLIGHT","SIDESWIPE SAME DIRECTION","NOT DIVIDED",,"STRAIGHT AND LEVEL","DRY","NO DEFECTS","NOT ON SCENE (DESK REPORT)","NO INJURY / DRIVE AWAY",,,"Y","OVER $1,500","2026-03-06T18:10:00.000","FOLLOWING TOO CLOSELY","IMPROPER OVERTAKING/PASSING","1199","W","MONROE ST","1232",,,,,,,"2","NO INDICATION OF INJURY","0","0","0","0","0","2","0","17","6","3","41.8802221601","-87.6569742335","POINT (-87.656974233493 41.880222160118)"
"fb6c71277cb87d10165d91cde30659fea8a2e4b6b85c2241db3fdc7757c194109b2feecb930355ca7b5d63882000d98872b1a61ea41567b90728a5db21d39113",,"2026-03-06T17:25:00.000","20","NO CONTROLS","NO CONTROLS","RAIN","DARKNESS, LIGHTED ROAD","PARKED MOTOR VEHICLE","OTHER",,"STRAIGHT AND LEVEL","WET","UNKNOWN","ON SCENE","NO INJURY / DRIVE AWAY",,,,"OVER $1,500","2026-03-06T17:37:00.000","DRIVING SKILLS/KNOWLEDGE/EXPERIENCE","NOT APPLICABLE","3049","W","61ST ST","823",,,,,,,"2","NO INDICATION OF INJURY","0","0","0","0","0","3","0","17","6","3","41.7825418524","-87.7003196102","POINT (-87.700319610181 41.782541852435)"
"b87f192fedd50a62ece955f549b134696dbf7fcf55f26e8763aaa2dab3b98ab569edf3c8d61da6bcd3f88afea872690eb9a01bd56836d945a1ec8dc833540a86",,"2026-03-06T17:20:00.000","30","NO CONTROLS","NO CONTROLS","RAIN","DAYLIGHT","SIDESWIPE SAME DIRECTION","ONE-WAY",,"STRAIGHT AND LEVEL","WET","NO DEFECTS","NOT ON SCENE (DESK REPORT)","NO INJURY / DRIVE AWAY",,,"Y","OVER $1,500","2026-03-06T17:49:00.000","FAILING TO YIELD RIGHT-OF-WAY","NOT APPLICABLE","1650","N","MOODY AVE","2513",,,,,,,"2","NO INDICATION OF INJURY","0","0","0","0","0","2","0","17","6","3","41.9107168546","-87.779064469","POINT (-87.779064469 41.910716854602)"
"d1d773aafc97dce580aedeb44423a41be5b49562ff9aff671de9160ef9eb42880439aa5b908ac5b366e010d0fbf99b10f93d9cec4e94e2061ebe394cfefb5f3f",,"2026-03-06T17:20:00.000","30","NO CONTROLS","NO CONTROLS","CLOUDY/OVERCAST","DAYLIGHT","PARKED MOTOR VEHICLE","NOT DIVIDED",,"STRAIGHT AND LEVEL","WET","NO DEFECTS","ON SCENE","NO INJURY / DRIVE AWAY",,,,"$500 OR LESS","2026-03-06T17:21:00.000","UNABLE TO DETERMINE","NOT APPLICABLE","3820","S","PRAIRIE AVE","212",,"N",,,,,"2","NO INDICATION OF INJURY","0","0","0","0","0","1","0","17","6","3","41.82495279","-87.6205631966","POINT (-87.620563196615 41.824952790047)"
"39e7214e1c81b2e85012c145535dafccc6c71a1bb0a9efca7d48aebde07cc3f67fc5125eb714aa711cb529c0e01ac15081c77fec1d39a9d0af3484f32055c90c",,"2026-03-06T17:16:00.000","30","NO CONTROLS","NO CONTROLS","RAIN","DAYLIGHT","REAR END","FOUR WAY",,"STRAIGHT ON GRADE","WET","NO DEFECTS","ON SCENE","NO INJURY / DRIVE AWAY","Y",,,"$500 OR LESS","2026-03-06T17:16:00.000","FOLLOWING TOO CLOSELY","NOT APPLICABLE","5400","S","ASHLAND AVE","932",,,,,,,"2","NO INDICATION OF INJURY","0","0","0","0","0","2","0","17","6","3","41.7957571649","-87.664781391","POINT (-87.664781390978 41.795757164868)"
"28a51169fd891c7b1596d5fe56b14f93fa14d171d553524aab9c85240fea9d73ef52ef86a1bd9c79a230a15cb0c7b87c44e9361ee44750a9a14c675f3a69961e",,"2026-03-06T17:10:00.000","30","NO CONTROLS","NO CONTROLS","CLEAR","DAYLIGHT","REAR TO FRONT","ONE-WAY",,"STRAIGHT AND LEVEL","WET","NO DEFECTS","NOT ON SCENE (DESK REPORT)","NO INJURY / DRIVE AWAY",,,,"$500 OR LESS","2026-03-06T17:50:00.000","IMPROPER BACKING","NOT APPLICABLE","3058","W","AINSLIE ST","1713",,,,,,,"2","NO INDICATION OF INJURY","0","0","0","0","0","2","0","17","6","3","41.9704027207","-87.7060252286","POINT (-87.706025228578 41.970402720685)"
"0a8d78803cd066deaae7553701636eedec5f27cba12025e2b3a7ea24cb230aa939eb578b826940158ec4a7beadd7a5ec7a53695307b750eb1712a71117f84989",,"2026-03-06T17:08:00.000","30","STOP SIGN/FLASHER","NO CONTROLS","RAIN","DAYLIGHT","REAR TO SIDE","NOT DIVIDED",,"STRAIGHT AND LEVEL","WET","NO DEFECTS","NOT ON SCENE (DESK REPORT)","NO INJURY / DRIVE AWAY",,,,"$501 - $1,500","2026-03-06T17:38:00.000","WEATHER","NOT APPLICABLE","8800","S","RACINE AVE","2222",,,,,,,"2","NO INDICATION OF INJURY","0","0","0","0","0","3","0","17","6","3","41.7340218149","-87.6534312061","POINT (-87.65343120608 41.7340218149)"
"a6b8226b5d8d64779944908a9132f625de3e29e31cb53e08712aafc00734407d350394b381fa09a584fb5cc004be71bc693235484d6373bb1ea46ed662d9bcd5",,"2026-03-06T17:05:00.000","30","UNKNOWN","UNKNOWN","FOG/SMOKE/HAZE","DUSK","TURNING","FOUR WAY",,"STRAIGHT AND LEVEL","WET","UNKNOWN","NOT ON SCENE (DESK REPORT)","NO INJURY / DRIVE AWAY","Y",,,"OVER $1,500","2026-03-06T17:50:00.000","WEATHER","DRIVING SKILLS/KNOWLEDGE/EXPERIENCE","501","W","18TH ST","1235",,,,,,,"2","NO INDICATION OF INJURY","0","0","0","0","0","2","0","17","6","3","41.8575549193","-87.638984179","POINT (-87.638984179032 41.857554919296)"
"4394c42fe25610988e2e1c6d24070110b9aa5db5141043653e09a2e0228ced3fe39df89b7ed5e95db68783777d66c5f5e3dd07fc67b4ef63ac82ff92c399323b",,"2026-03-06T17:01:00.000","30","STOP SIGN/FLASHER","FUNCTIONING PROPERLY","CLEAR","DAYLIGHT","TURNING","FOUR WAY",,"STRAIGHT AND LEVEL","WET","NO DEFECTS","ON SCENE","NO INJURY / DRIVE AWAY",,,,"OVER $1,500","2026-03-06T17:03:00.000","FAILING TO YIELD RIGHT-OF-WAY","FAILING TO YIELD RIGHT-OF-WAY","4400","W","51ST ST","815",,,,,,,"2","NO INDICATION OF INJURY","0","0","0","0","0","2","0","17","6","3","41.8005388221","-87.7332837771","POINT (-87.733283777123 41.800538822099)"
"016ff6129197f08eb68d11b0033e5315c85a66346f3c5c2fa899b97b7cd30f5f7c82b3cfd7a5d57ee8b96a4dba391e313fef7f0f60359a7b5e9d59e36a1d2b09","Y","2026-03-06T17:00:00.000","30","NO CONTROLS","NO CONTROLS","RAIN","DAWN","HEAD ON","DIVIDED - W/MEDIAN (NOT RAISED)",,"STRAIGHT AND LEVEL","WET","UNKNOWN","ON SCENE","NO INJURY / DRIVE AWAY",,,,"OVER $1,500","2026-03-06T17:01:00.000","DRIVING ON WRONG SIDE/WRONG WAY","DRIVING ON WRONG SIDE/WRONG WAY","1016","W","87TH ST","613",,,,,,,"2","NO INDICATION OF INJURY","0","0","0","0","0","2","0","17","6","3","41.7361020946","-87.6492266227","POINT (-87.64922662268 41.736102094581)"
"40c2d28a6658fbe6c69e3fa9195b755d6feb28215c0755dcc9f975735959c7581d50e15f68141b8aa1b6015e603c16a15c91b3c2807bff46eb4961e3ef37c244",,"2026-03-06T17:00:00.000","30","NO CONTROLS","NO CONTROLS","RAIN","DUSK","PARKED MOTOR VEHICLE","NOT DIVIDED",,"STRAIGHT AND LEVEL","WET","UNKNOWN","ON SCENE","NO INJURY / DRIVE AWAY",,,"Y","OVER $1,500","2026-03-06T17:30:00.000","UNABLE TO DETERMINE","UNABLE TO DETERMINE","6950","N","OSCEOLA AVE","1611",,,,,,,"2","NO INDICATION OF INJURY","0","0","0","0","0","1","0","17","6","3","42.0076214309","-87.8124276349","POINT (-87.812427634911 42.007621430903)"
"4be716520844fbb09c6bf91a9b79a7a1c90c8a9f733edde27288b75f35f05ac753dd6a4623661fc414d188d703e23fd4f56e1278fc8e8932acbb002f088bf4f6",,"2026-03-06T17:00:00.000","30","TRAFFIC SIGNAL","FUNCTIONING PROPERLY","CLEAR","DAYLIGHT","TURNING","DIVIDED - W/MEDIAN (NOT RAISED)",,"STRAIGHT AND LEVEL","WET","UNKNOWN","NOT ON SCENE (DESK REPORT)","NO INJURY / DRIVE AWAY",,,,"OVER $1,500","2026-03-06T18:50:00.000","UNABLE TO DETERMINE","UNABLE TO DETERMINE","5500","S","CICERO AVE","813",,,,,,,"3","NO INDICATION OF INJURY","0","0","0","0","0","3","0","17","6","3","41.7929108835","-87.742077343","POINT (-87.742077342959 41.792910883497)"
"8f80e2ba9994649dd86ee739c371865a5282a2789cf054cf1f7b2e9866794f1acf3beb6180a62ec85706368da7a60ffafe91085afd79c91d7a73b6681149d021","Y","2026-03-06T17:00:00.000","15","NO CONTROLS","NO CONTROLS","RAIN","DARKNESS, LIGHTED ROAD","PARKED MOTOR VEHICLE","PARKING LOT",,"STRAIGHT AND LEVEL","WET","UNKNOWN","NOT ON SCENE (DESK REPORT)","NO INJURY / DRIVE AWAY",,"Y","Y","$501 - $1,500","2026-03-06T21:15:00.000","UNABLE TO DETERMINE","UNABLE TO DETERMINE","500","E","33RD ST","211",,,,,,,"2","NO INDICATION OF INJURY","0","0","0","0","0","1","0","17","6","3","41.8348429174","-87.6133900145","POINT (-87.613390014497 41.834842917384)"
"ca86377e45a8f56c119c5792f326dd3e528a4d8a7a1ec99a549c442b173b5dce2427b02263587833ede87d5b3d29d5e5c72bab0db9872e9f5000c0df4c8226f4",,"2026-03-06T17:00:00.000","30","NO CONTROLS","NO CONTROLS","RAIN","DAYLIGHT","PARKED MOTOR VEHICLE","PARKING LOT",,"STRAIGHT AND LEVEL","WET","NO DEFECTS","NOT ON SCENE (DESK REPORT)","NO INJURY / DRIVE AWAY",,,"Y","OVER $1,500","2026-03-06T19:16:00.000","UNABLE TO DETERMINE","NOT APPLICABLE","1730","W","OGDEN AVE","1225",,,,,,,"2","NO INDICATION OF INJURY","0","0","0","0","0","1","0","17","6","3","41.8782215396","-87.670141975","POINT (-87.670141975021 41.87822153958)"
"2d724c03178557d7142e2807cb046325f49c09a6b049318a44968b79113b8efea2dc17fa4ea1dec03f25d7c404c930f8191737894652557129ac5ec27511d156",,"2026-03-06T16:54:00.000","35","TRAFFIC SIGNAL","FUNCTIONING PROPERLY","RAIN","DAYLIGHT","REAR END","FOUR WAY",,"STRAIGHT AND LEVEL","WET","UNKNOWN","ON SCENE","NO INJURY / DRIVE AWAY","Y",,,"OVER $1,500","2026-03-06T17:05:00.000","FOLLOWING TOO CLOSELY","DRIVING SKILLS/KNOWLEDGE/EXPERIENCE","6858","S","WESTERN AVE","832",,,,,,,"2","NO INDICATION OF INJURY","0","0","0","0","0","2","0","16","6","3","41.7684201181","-87.6834930325","POINT (-87.683493032482 41.768420118063)"
"0eab576d8e97235f5af14a897b5dcfcbedc1de6858520a30fe5e89a752b95a70445dc12990b2f92e339d23f374d3ee7b83f455ee38db983fe89c08bbe527386b",,"2026-03-06T16:50:00.000","30","TRAFFIC SIGNAL","FUNCTIONING PROPERLY","CLOUDY/OVERCAST","DAYLIGHT","REAR END","NOT DIVIDED",,"STRAIGHT AND LEVEL","WET","NO DEFECTS","NOT ON SCENE (DESK REPORT)","NO INJURY / DRIVE AWAY",,,"Y","OVER $1,500","2026-03-06T17:15:00.000","FOLLOWING TOO CLOSELY","NOT APPLICABLE","6400","N","RIDGE BLVD","2412",,,,,,,"2","NO INDICATION OF INJURY","0","0","0","0","0","3","0","16","6","3","41.9980192582","-87.6770194601","POINT (-87.677019460109 41.998019258165)"
"f0e1012a0987bd816e59e0c49322ed80c138ce2bdfc17563fc359b22aea23e2f468b694d328e3f6d95bafed4cb749b73f7397de51b93177074c14a49c23fe686",,"2026-03-06T16:49:00.000","20","SCHOOL ZONE","FUNCTIONING PROPERLY","RAIN","DAYLIGHT","REAR END","NOT DIVIDED",,"STRAIGHT AND LEVEL","WET","NO DEFECTS","ON SCENE","NO INJURY / DRIVE AWAY",,,,"$501 - $1,500","2026-03-06T16:49:00.000","FAILING TO REDUCE SPEED TO AVOID CRASH","FOLLOWING TOO CLOSELY","1234","W","103RD ST","2232",,,,,,,"3","NO INDICATION OF INJURY","0","0","0","0","0","4","0","16","6","3","41.7069278815","-87.6538264636","POINT (-87.653826463624 41.706927881501)"
"892ae8a675f3ba085bc9f73535ed6c2d3e25ff561aa4c7e567811e32174b65364549a26021d3563381e054dd0d58c11a0212346f678179d18e8e61e2c4dc81f8",,"2026-03-06T16:48:00.000","30","UNKNOWN","UNKNOWN","UNKNOWN","UNKNOWN","SIDESWIPE SAME DIRECTION","NOT DIVIDED",,"STRAIGHT AND LEVEL","UNKNOWN","UNKNOWN","NOT ON SCENE (DESK REPORT)","NO INJURY / DRIVE AWAY",,,"Y","$500 OR LESS","2026-03-06T16:48:00.000","UNABLE TO DETERMINE","UNABLE TO DETERMINE","5701","N","BROADWAY","2022",,,,,,,"2","NO INDICATION OF INJURY","0","0","0","0","0","2","0","16","6","3","41.9854791879","-87.6599788425","POINT (-87.659978842493 41.985479187915)"