"crash_record_id","crash_date_est_i","crash_date","posted_speed_limit","traffic_control_device","device_condition","weather_condition","lighting_condition","first_crash_type","trafficway_type","lane_cnt","alignment","roadway_surface_cond","road_defect","report_type","crash_type","intersection_related_i","private_property_i","hit_and_run_i","damage","date_police_notified","prim_contributory_cause","sec_contributory_cause","street_no","street_direction","street_name","beat_of_occurrence","photos_taken_i","statements_taken_i","dooring_i","work_zone_i","work_zone_type","workers_present_i","num_units","most_severe_injury","injuries_total","injuries_fatal","injuries_incapacitating","injuries_non_incapacitating","injuries_reported_not_evident","injuries_no_indication","injuries_unknown","crash_hour","crash_day_of_week","crash_month","latitude","longitude","location"
"1a8211ef9df86310467dffce8c80edc0abd2c9fcccb7b2f3c7df673bcd4f9ed6b4a06a400b9de3daf021317a4233188d04b91e514538d227bd32bbfa67264733",,"2026-03-06T16:47:00.000","30","NO CONTROLS","NO CONTROLS","RAIN","DAYLIGHT","SIDESWIPE SAME DIRECTION","OTHER",,"STRAIGHT AND LEVEL","WET","UNKNOWN","ON SCENE","NO INJURY / DRIVE AWAY",,,,"OVER $1,500","2026-03-06T16:50:00.000","WEATHER","FAILING TO REDUCE SPEED TO AVOID CRASH","5254","N","LAKE SHORE DR SB","2023",,,,,,,"2","NO INDICATION OF INJURY","0","0","0","0","0","2","0","16","6","3","41.9779751715","-87.6514224564","POINT (-87.651422456397 41.977975171508)"
"8328e8fcd9e9c154aa3efb4a98218eb6602044f2d1b7ff9a8f52e056851573d49646f3a5c80489559039aa038bc34546a639f8915fb6a4adb5d71383471d9d8d",,"2026-03-06T16:46:00.000","30","NO CONTROLS","UNKNOWN","RAIN","DAYLIGHT","PEDESTRIAN","DIVIDED - W/MEDIAN (NOT RAISED)",,"STRAIGHT AND LEVEL","WET","UNKNOWN","ON SCENE","NO INJURY / DRIVE AWAY",,,,"$500 OR LESS","2026-03-06T16:47:00.000","UNABLE TO DETERMINE","NOT APPLICABLE","4619","W","MONTROSE AVE","1722",,,,,,,"3","NO INDICATION OF INJURY","0","0","0","0","0","3","0","16","6","3","41.9606580985","-87.7435546336","POINT (-87.743554633616 41.960658098475)"
"f95b60db85114137ec4d3f11baff99ed953986d99f3ca2fdffa77e6d3de1521ab1038c4fde37540ecc70d669e181c9534149bcd65f4c4b6489a7805180a38e5f",,"2026-03-06T16:46:00.000","30","TRAFFIC SIGNAL","FUNCTIONING PROPERLY","RAIN","DAYLIGHT","ANGLE","NOT DIVIDED",,"STRAIGHT AND LEVEL","WET","NO DEFECTS","ON SCENE","INJURY AND / OR TOW DUE TO CRASH","Y",,,"OVER $1,500","2026-03-06T16:46:00.000","UNABLE TO DETERMINE","UNABLE TO DETERMINE","800","E","MIDWAY PLAISANCE","235",,,,,,,"2","NO INDICATION OF INJURY","0","0","0","0","0","3","0","16","6","3","41.7872413184","-87.6059405872","POINT (-87.605940587195 41.787241318357)"
"f8348390dfe09f396c225e1a9d5c3da4df037fec9b141ec529a3c428a357ebf5bb696c0d92283e2857fe27a09fcd642700a2913d9d4d722584b2349e5068b69f",,"2026-03-06T16:44:00.000","30","STOP SIGN/FLASHER","FUNCTIONING PROPERLY","RAIN","DAYLIGHT","ANGLE","NOT DIVIDED",,"STRAIGHT AND LEVEL","WET","NO DEFECTS","ON SCENE","NO INJURY / DRIVE AWAY","Y",,"Y","$501 - $1,500","2026-03-06T16:51:00.000","DISREGARDING STOP SIGN","FAILING TO YIELD RIGHT-OF-WAY","7400","W","FOSTER AVE","1613",,,,,,,"2","NO INDICATION OF INJURY","0","0","0","0","0","4","0","16","6","3","41.9745244485","-87.8120706861","POINT (-87.812070686126 41.974524448505)"
"f13c445f1d21109bf66eb1a0a97699cf7d95bceeccf669a68fa1b05403f9bdc7185c6ef8fbd29db63044f4792e53ea8b541a587a8614306b271d2579571e809a",,"2026-03-06T16:43:00.000","30","NO CONTROLS","NO CONTROLS","RAIN","DARKNESS, LIGHTED ROAD","REAR END","NOT DIVIDED",,"STRAIGHT AND LEVEL","WET","NO DEFECTS","ON SCENE","INJURY AND / OR TOW DUE TO CRASH",,,,"OVER $1,500","2026-03-06T16:43:00.000","FAILING TO REDUCE SPEED TO AVOID CRASH","NOT APPLICABLE","4420","W","31ST ST","1031",,,,,,,"3","NONINCAPACITATING INJURY","1","0","0","1","0","4","0","16","6","3","41.837231282","-87.7349214585","POINT (-87.734921458465 41.837231281968)"
"b8083ab6ff1f84ea35dcd4e0a88295bc73cc9dba6622b88f28752672bb459ae3751a0aa8fdb1131d305c0b63894fd1740f6756d757acb6014d8dc56264885185",,"2026-03-06T16:42:00.000","25","STOP SIGN/FLASHER","FUNCTIONING PROPERLY","UNKNOWN","UNKNOWN","ANGLE","ONE-WAY",,"STRAIGHT AND LEVEL","WET","UNKNOWN","ON SCENE","INJURY AND / OR TOW DUE TO CRASH","Y",,"Y","OVER $1,500","2026-03-06T16:42:00.000","DISREGARDING STOP SIGN","NOT APPLICABLE","8100","S","MARYLAND AVE","631",,,,,,,"2","NONINCAPACITATING INJURY","3","0","0","3","0","3","0","16","6","3","41.7475470053","-87.6040076283","POINT (-87.604007628344 41.747547005327)"
"674b7a8e0c02c626f832069ec2700d9dc779d637182edec38dcfb6e7544f795bf811e9619f710c0bdfe1d9f4e08126349c019004017c689105e7988d6587c630",,"2026-03-06T16:40:00.000","30","TRAFFIC SIGNAL","FUNCTIONING PROPERLY","RAIN","DAYLIGHT","SIDESWIPE SAME DIRECTION","NOT DIVIDED",,"STRAIGHT AND LEVEL","WET","NO DEFECTS","NOT ON SCENE (DESK REPORT)","NO INJURY / DRIVE AWAY",,,,"OVER $1,500","2026-03-06T17:30:00.000","IMPROPER LANE USAGE","NOT APPLICABLE","3156","W","FOSTER AVE","1712",,,,,,,"2","NO INDICATION OF INJURY","0","0","0","0","0","2","0","16","6","3","41.9758589119","-87.7085434278","POINT (-87.708543427761 41.975858911902)"
"a7c53eb877842282b9ded08c4b434baf42d36b7f10d95a77c13f5173268ba6e880845c1ac2a6515281ef749c4dd5c0f67aedc9b406f231db47593aac98992595",,"2026-03-06T16:40:00.000","25","STOP SIGN/FLASHER","FUNCTIONING PROPERLY","RAIN","DAYLIGHT","ANGLE","FOUR WAY",,"STRAIGHT AND LEVEL","WET","NO DEFECTS","NOT ON SCENE (DESK REPORT)","NO INJURY / DRIVE AWAY","Y",,,"OVER $1,500","2026-03-06T17:20:00.000","WEATHER","NOT APPLICABLE","8801","S","RACINE AVE","2222","Y",,,,,,"2","NO INDICATION OF INJURY","0","0","0","0","0","2","0","16","6","3","41.7340266333","-87.6531381853","POINT (-87.653138185344 41.734026633253)"
"d2388a02ff2733fd4a37799257978d483f631d4d5088c356cd867f52394af519c67fbefa7c50535d12a0971ad4ce3d8201f674a318f80249e649bf6ce935cd9c",,"2026-03-06T16:40:00.000","10","NO CONTROLS","NO CONTROLS","CLEAR","DAYLIGHT","PARKED MOTOR VEHICLE","OTHER",,"STRAIGHT AND LEVEL","DRY","NO DEFECTS","NOT ON SCENE (DESK REPORT)","NO INJURY / DRIVE AWAY",,"Y","Y","OVER $1,500","2026-03-06T17:00:00.000","UNABLE TO DETERMINE","NOT APPLICABLE","7901","S","DAMEN AVE","611",,,,,,,"2","NO INDICATION OF INJURY","0","0","0","0","0","1","0","16","6","3","41.7501893423","-87.6729858398","POINT (-87.672985839772 41.750189342293)"
"f11dab0be3f1a17254ff7794c223485bdc82a1aba33d252df4fbcf953919fffa62e7f8af21504b16c57c32da072f6789e907fdc07e3d809c0e5e4fe565318371",,"2026-03-06T16:40:00.000","30","TRAFFIC SIGNAL","FUNCTIONING PROPERLY","RAIN","DAYLIGHT","SIDESWIPE SAME DIRECTION","NOT DIVIDED",,"STRAIGHT AND LEVEL","WET","NO DEFECTS","NOT ON SCENE (DESK REPORT)","NO INJURY / DRIVE AWAY",,,"Y","OVER $1,500","2026-03-07T14:30:00.000","UNABLE TO DETERMINE","UNABLE TO DETERMINE","100","W","OHIO ST","1832",,,,,,,"2","NO INDICATION OF INJURY","0","0","0","0","0","4","0","16","6","3","41.8925362695","-87.6312216512","POINT (-87.631221651201 41.892536269534)"
"dda132bf9cea74fd00e5cfb58b75686c348ea56e7a22fbf303c18674d43e27e774047d83dfa1db31b38761293ac47713b51013edec519505dd1b286f3f3b74d6","Y","2026-03-06T16:38:00.000","30","STOP SIGN/FLASHER","FUNCTIONING PROPERLY","RAIN","DUSK","ANGLE","NOT DIVIDED",,"STRAIGHT AND LEVEL","WET","UNKNOWN","NOT ON SCENE (DESK REPORT)","NO INJURY / DRIVE AWAY","Y",,,"OVER $1,500","2026-03-06T18:10:00.000","FAILING TO YIELD RIGHT-OF-WAY","NOT APPLICABLE","2000","W","HUBBARD ST","1221",,,,,,,"2","NO INDICATION OF INJURY","0","0","0","0","0","4","0","16","6","3","41.8898339228","-87.6769997238","POINT (-87.676999723815 41.889833922823)"
"a76753a7ce308856a5429702a4b52fb391471ac5884165d42d4d7399e9ec177cb9925aafd709617d203c61eba6265c4ceb03818bbebdf3c6b28e843533932f99",,"2026-03-06T16:35:00.000","30","NO CONTROLS","NO CONTROLS","RAIN","DAYLIGHT","SIDESWIPE SAME DIRECTION","NOT DIVIDED",,"STRAIGHT AND LEVEL","WET","NO DEFECTS","ON SCENE","NO INJURY / DRIVE AWAY",,,,"$501 - $1,500","2026-03-06T16:35:00.000","FAILING TO YIELD RIGHT-OF-WAY","DRIVING SKILLS/KNOWLEDGE/EXPERIENCE","2816","N","DAMEN AVE","1931",,,,,,,"2","NO INDICATION OF INJURY","0","0","0","0","0","5","0","16","6","3","41.9327982178","-87.6782875493","POINT (-87.678287549265 41.932798217796)"
"babcdac999cf315f7782d39d89a4453f8cffceb95daef7750f9a60fc9dd10325cc0b692ece5073f66a78628e9b05b1679e294c529436a920e096892f2c1fee01",,"2026-03-06T16:34:00.000","30","NO CONTROLS","NO CONTROLS","RAIN","DUSK","SIDESWIPE SAME DIRECTION","DIVIDED - W/MEDIAN (NOT RAISED)",,"STRAIGHT AND LEVEL","WET","UNKNOWN","NOT ON SCENE (DESK REPORT)","NO INJURY / DRIVE AWAY",,,,"$501 - $1,500","2026-03-06T18:40:00.000","UNABLE TO DETERMINE","UNABLE TO DETERMINE","5830","N","RIDGE AVE","2013",,,,,,,"2","NO INDICATION OF INJURY","0","0","0","0","0","2","0","16","6","3","41.9877907468","-87.6671015021","POINT (-87.667101502133 41.987790746762)"
"4d9af3e9314fa36282a43915529754b0bde874b4b80b09e0019249d8d69d29e18c0be3ff875ee19ed6a66aa6e4db012b8ff4ca2ef8b08e63388edaee26bb5a11",,"2026-03-06T16:32:00.000","30","NO CONTROLS","NO CONTROLS","CLEAR","DAYLIGHT","SIDESWIPE SAME DIRECTION","NOT DIVIDED",,"STRAIGHT AND LEVEL","WET","NO DEFECTS","NOT ON SCENE (DESK REPORT)","NO INJURY / DRIVE AWAY",,,,"OVER $1,500","2026-03-06T17:00:00.000","FAILING TO YIELD RIGHT-OF-WAY","UNABLE TO DETERMINE","6300","N","NORTHWEST HWY","1612",,,,,,,"2","NO INDICATION OF INJURY","0","0","0","0","0","3","0","16","6","3","41.9958252449","-87.8050974542","POINT (-87.805097454181 41.995825244901)"
"1179c255b451c47b48a5d742de5d788219148a93697012ea16a418b90cc16a641342e57098ef07a4e59704e3bfaeaaaf83af845bd5c156d5a79a7d859588830a","Y","2026-03-06T16:30:00.000","30","NO CONTROLS","NO CONTROLS","UNKNOWN","UNKNOWN","PEDESTRIAN","PARKING LOT",,"STRAIGHT AND LEVEL","UNKNOWN","UNKNOWN","ON SCENE","INJURY AND / OR TOW DUE TO CRASH",,"Y","Y","$500 OR LESS","2026-03-06T16:43:00.000","UNABLE TO DETERMINE","NOT APPLICABLE","5133","W","NORTH AVE","2533",,,,,,,"2","REPORTED, NOT EVIDENT","1","0","0","0","1","1","0","16","6","3","41.909404663","-87.7547638736","POINT (-87.754763873627 41.909404662966)"
"2de1e519aca3cbfd2606aa3795b62f7d6dd7ba0dbd2e6f2d793d9c529f3f96385049b939ecae323652b9f6b5c514945129ade635acc14d6bc3da1b2ac0e90713",,"2026-03-06T16:30:00.000","30","NO CONTROLS","NO CONTROLS","RAIN","DAYLIGHT","SIDESWIPE SAME DIRECTION","DIVIDED - W/MEDIAN (NOT RAISED)",,"STRAIGHT AND LEVEL","WET","UNKNOWN","NOT ON SCENE (DESK REPORT)","NO INJURY / DRIVE AWAY",,,,"$501 - $1,500","2026-03-06T17:30:00.000","UNABLE TO DETERMINE","UNABLE TO DETERMINE","2109","W","IRVING PARK RD","1921",,,,,,,"2","NO INDICATION OF INJURY","0","0","0","0","0","2","0","16","6","3","41.9540047174","-87.6816060436","POINT (-87.681606043642 41.954004717356)"
"3a95303b33c38d2712578d250d4a9f60c28fcab2639e960145379ac476033a8cbd2ed82b80dad9f1d43c32936778fbe0b575e84e7beacaf8a49dbb8151510ea9",,"2026-03-06T16:30:00.000","30","TRAFFIC SIGNAL","FUNCTIONING PROPERLY","OTHER","DAYLIGHT","REAR END","NOT DIVIDED",,"STRAIGHT AND LEVEL","WET","NO DEFECTS","NOT ON SCENE (DESK REPORT)","NO INJURY / DRIVE AWAY",,,,"$501 - $1,500","2026-03-11T15:07:00.000","FOLLOWING TOO CLOSELY","FOLLOWING TOO CLOSELY","6500","S","DAMEN AVE","726",,,,,,,"2","NO INDICATION OF INJURY","0","0","0","0","0","3","0","16","6","3","41.7756135059","-87.6739523672","POINT (-87.673952367202 41.775613505891)"
"41359d1645d31693ca97644f9893a844bf2b6868a776ea97e97d523e6ff6d9240636cfe811dc7a369e8c86a80d366ba68d5f2097ac72eca013bb0dd0f9a9dbb2",,"2026-03-06T16:30:00.000","30","TRAFFIC SIGNAL","FUNCTIONING PROPERLY","RAIN","DAYLIGHT","ANGLE","NOT DIVIDED",,"STRAIGHT AND LEVEL","WET","NO DEFECTS","NOT ON SCENE (DESK REPORT)","NO INJURY / DRIVE AWAY",,,,"OVER $1,500","2026-03-06T16:55:00.000","DISREGARDING TRAFFIC SIGNALS","NOT APPLICABLE","1979","S","CANALPORT AVE","1235",,,,,,,"2","NO INDICATION OF INJURY","0","0","0","0","0","2","0","16","6","3","41.8556562523","-87.6442360638","POINT (-87.644236063819 41.855656252262)"
"4ea0fd54185cc191d8042d9165913c04c519a3c2dae68641d9451602fb0f7393600f4c8bb5e1d3b807d0564028ed49f28fa1f1e6a5b4f25beb2c0410f82213df",,"2026-03-06T16:30:00.000","30","NO CONTROLS","NO CONTROLS","CLEAR","DAYLIGHT","PEDALCYCLIST","ONE-WAY",,"STRAIGHT AND LEVEL","DRY","NO DEFECTS","NOT ON SCENE (DESK REPORT)","INJURY AND / OR TOW DUE TO CRASH",,,,"$500 OR LESS","2026-03-06T17:40:00.000","UNABLE TO DETERMINE","NOT APPLICABLE","105","N","MAY ST","1224",,,,,,,"2","REPORTED, NOT EVIDENT","1","0","0","0","1","1","0","16","6","3","41.8831764959","-87.6554253831","POINT (-87.655425383087 41.883176495866)"
"a404588322c9507943cbabc2049bc9ce24a47b72961827de2cd2f25191124b478f14c44e58b0fb137da2398117d218682334ad69a0e88171e5e5b7bca05c04b1",,"2026-03-06T16:30:00.000","30","STOP SIGN/FLASHER","FUNCTIONING PROPERLY","RAIN","DAYLIGHT","ANGLE","UNKNOWN INTERSECTION TYPE",,"STRAIGHT AND LEVEL","WET","NO DEFECTS",,"INJURY AND / OR TOW DUE TO CRASH","Y",,,"OVER $1,500","2026-03-06T16:33:00.000","FAILING TO YIELD RIGHT-OF-WAY","UNABLE TO DETERMINE","2","S","KILPATRICK AVE","1113",,,,,,,"2","NO INDICATION OF INJURY","0","0","0","0","0","4","0","16","6","3","41.8804603974","-87.742974644","POINT (-87.742974644037 41.8804603974)"
"e800b4358706630c8627ec2c955944fcd49f3f77066dda68957a0f059002d203fe4ad5a5b11a6aecb386a55869449ad4aad0bcfd3c90d699fbd288518550fd4e",,"2026-03-06T16:30:00.000","30","TRAFFIC SIGNAL","UNKNOWN","RAIN","DAYLIGHT","REAR END","FOUR WAY",,"STRAIGHT AND LEVEL","WET","UNKNOWN","NOT ON SCENE (DESK REPORT)","NO INJURY / DRIVE AWAY","Y",,,"OVER $1,500","2026-03-06T16:45:00.000","FOLLOWING TOO CLOSELY","FAILING TO REDUCE SPEED TO AVOID CRASH","666","N","ORLEANS ST","1831",,,,,,,"2","NO INDICATION OF INJURY","0","0","0","0","0","2","0","16","6","3","41.8942772248","-87.6372582532","POINT (-87.637258253181 41.894277224763)"
"18c935c9af4a2ef4c1ee3a274da2f563e74d1fc53f6493185d06521f95b3d2f827748012afdf7aa79ed20ab4d4c56b3a213bf54adc1ef55b968942f45ddcff2d",,"2026-03-06T16:29:00.000","30","NO CONTROLS","NO CONTROLS","RAIN","DAYLIGHT","ANGLE","NOT DIVIDED",,"STRAIGHT AND LEVEL","WET","NO DEFECTS","ON SCENE","INJURY AND / OR TOW DUE TO CRASH",,,,"OVER $1,500","2026-03-06T16:35:00.000","DRIVING ON WRONG SIDE/WRONG WAY","DRIVING ON WRONG SIDE/WRONG WAY","3335","W","DIVERSEY AVE","1412",,,,,,,"2","NO INDICATION OF INJURY","0","0","0","0","0","3","0","16","6","3","41.9318714995","-87.711340287","POINT (-87.711340286964 41.931871499538)"
"c24fc893cda01544cd75d788c1d83e5b7c1d89b1697f24c59f380bd2a24c1260eb95355b45763095ac2e4cc5dc677b763c85bc698cbc255ba9ddec42be541232",,"2026-03-06T16:22:00.000","30","TRAFFIC SIGNAL","UNKNOWN","UNKNOWN","UNKNOWN","REAR END","ONE-WAY",,"STRAIGHT AND LEVEL","UNKNOWN","UNKNOWN","NOT ON SCENE (DESK REPORT)","NO INJURY / DRIVE AWAY","Y",,,"OVER $1,500","2026-03-06T19:35:00.000","UNABLE TO DETERMINE","UNABLE TO DETERMINE","3210","N","LAKE SHORE DR","1925",,,,,,,"2","NO INDICATION OF INJURY","0","0","0","0","0","3","0","16","6","3","41.94097454","-87.6394662828","POINT (-87.63946628281 41.940974540034)"
"32c0630afe6e5ca7212210c20b2d7b0579c0dfe8b91179c32f0b93aa2ff8a2fda44c15916219e3c813334c375145aeba3f7ef308f52432f143e1fe301179c64d",,"2026-03-06T16:21:00.000","30","NO CONTROLS","NO CONTROLS","CLEAR","DAYLIGHT","REAR TO FRONT","PARKING LOT",,"STRAIGHT AND LEVEL","WET","UNKNOWN","NOT ON SCENE (DESK REPORT)","NO INJURY / DRIVE AWAY",,,,"OVER $1,500","2026-03-06T17:30:00.000","UNABLE TO DETERMINE","NOT APPLICABLE","1700","W","JACKSON BLVD","1231",,,,,,,"2","NO INDICATION OF INJURY","0","0","0","0","0","2","0","16","6","3","41.8776940163","-87.6692255368","POINT (-87.669225536826 41.87769401626)"
"83fab6d52b9775ede161b6e6e7e59310b6c62b4f17ebb58665b179dfb93da450ffddcf1e3f1e484cd4b8bab59b4dfbe9c625ff5b38711c513991fc5b5ac10e6d",,"2026-03-06T16:20:00.000","30","NO CONTROLS","NO CONTROLS","RAIN","DAYLIGHT","SIDESWIPE SAME DIRECTION","NOT DIVIDED",,"STRAIGHT AND LEVEL","WET","NO DEFECTS","ON SCENE","NO INJURY / DRIVE AWAY",,,"N","OVER $1,500","2026-03-06T16:23:00.000","IMPROPER OVERTAKING/PASSING","IMPROPER OVERTAKING/PASSING","6298","S","INDIANA AVE","311",,,,,,,"2","NO INDICATION OF INJURY","0","0","0","0","0","4","0","16","6","3","41.7801902329","-87.6205765432","POINT (-87.620576543192 41.780190232865)"
"abeeaa926bf28392d3c1a96f3424c61b34e97ec7b925d900336e42e2bc22bdcc36d7372917fe4bd03bd1fed6845ac46a2b9866d0761df9cbf6094c7b50bf317e",,"2026-03-06T16:17:00.000","30","NO CONTROLS","NO CONTROLS","RAIN","DAYLIGHT","REAR END","DIVIDED - W/MEDIAN (NOT RAISED)",,"STRAIGHT AND LEVEL","WET","NO DEFECTS","NOT ON SCENE (DESK REPORT)","NO INJURY / DRIVE AWAY",,,,"OVER $1,500","2026-03-06T16:24:00.000","FOLLOWING TOO CLOSELY","NOT APPLICABLE","4815","W","BELMONT AVE","2521",,,,,,,"2","NO INDICATION OF INJURY","0","0","0","0","0","2","0","16","6","3","41.9387089256","-87.7475305875","POINT (-87.747530587528 41.938708925553)"
"cb7318b74609835f4fd9fd2311e14a26ee5bac55767f85e0ca44213bf46fdd140a887e155f9a293a5485bcca399d3929501ffeb9a171d100c62b1167ee3d1812",,"2026-03-06T16:17:00.000","30","NO CONTROLS","NO CONTROLS","RAIN","DAYLIGHT","PEDALCYCLIST","ALLEY",,"STRAIGHT AND LEVEL","WET","NO DEFECTS","ON SCENE","INJURY AND / OR TOW DUE TO CRASH",,,,"$501 - $1,500","2026-03-06T16:20:00.000","UNABLE TO DETERMINE","UNABLE TO DETERMINE","222","W","DIVISION ST","1821",,,"N",,,,"2","INCAPACITATING INJURY","1","0","1","0","0","1","0","16","6","3","41.9039491153","-87.6354894473","POINT (-87.635489447283 41.903949115336)"
"1b6892f9bb029c9da6e3a78b5e8315bdd74a94085c335cb5ad9ff641dd3b6ed30a103e6d3bf16b706b44c002c8feaf50fd13d4103558f9272d5b8ba90b24079c",,"2026-03-06T16:07:00.000","30","TRAFFIC SIGNAL","FUNCTIONING PROPERLY","CLEAR","DAYLIGHT","SIDESWIPE SAME DIRECTION","DIVIDED - W/MEDIAN (NOT RAISED)",,"STRAIGHT AND LEVEL","WET","NO DEFECTS","NOT ON SCENE (DESK REPORT)","NO INJURY / DRIVE AWAY",,,"Y","$501 - $1,500","2026-03-06T17:35:00.000","UNABLE TO DETERMINE","UNABLE TO DETERMINE","1200","W","87TH ST","613",,,,,,,"2","NO INDICATION OF INJURY","0","0","0","0","0","2","0","16","6","3","41.7360440895","-87.6534042418","POINT (-87.653404241798 41.736044089544)"
"0200d82e64604ce63a16f6a8336a8ab7c24a222f8943691af0be6c3f7a3b221ef2723d1895b15fe55c76267275825aee076b874558822d5b574c2042f2d9a91d",,"2026-03-06T16:05:00.000","30","NO CONTROLS","NO CONTROLS","RAIN","DAYLIGHT","SIDESWIPE SAME DIRECTION","OTHER",,"STRAIGHT AND LEVEL","WET","NO DEFECTS","ON SCENE","NO INJURY / DRIVE AWAY",,,,"OVER $1,500","2026-03-06T16:09:00.000","FAILING TO YIELD RIGHT-OF-WAY","NOT APPLICABLE","3949","W","LEXINGTON ST","1132",,,,,,,"2","NO INDICATION OF INJURY","0","0","0","0","0","4","0","16","6","3","41.8715264106","-87.7248671673","POINT (-87.724867167266 41.871526410582)"
"7c77d4e39cbec9887b7986bfcf9d3ea74d27e15f091174b7c711270a4a4a644206edecaff4fe1049f879a2d7d630413a7c3f7a7ac83aeb4009180b700c1360da",,"2026-03-06T16:05:00.000","30","NO CONTROLS","NO CONTROLS","RAIN","DAYLIGHT","PARKED MOTOR VEHICLE","NOT DIVIDED",,"STRAIGHT AND LEVEL","WET","NO DEFECTS","ON SCENE","NO INJURY / DRIVE AWAY",,,"Y","OVER $1,500","2026-03-06T16:05:00.000","UNABLE TO DETERMINE","NOT APPLICABLE","5475","S","RIDGEWOOD CT","234",,,,,,,"2","NO INDICATION OF INJURY","0","0","0","0","0","1","0","16","6","3","41.7959871039","-87.5924212775","POINT (-87.592421277544 41.795987103879)"
"f49fe8f98e860f97404801e049052fa1a665e19fd5f7644ceaacd71bae312cbb8faf899af45921bf5e4bbd8e8e87a5de74d9f707af75c179b53dc7f9d272fbcc",,"2026-03-06T16:02:00.000","30","TRAFFIC SIGNAL","FUNCTIONING PROPERLY","RAIN","DAYLIGHT","PEDESTRIAN","FOUR WAY",,"STRAIGHT AND LEVEL","WET","NO DEFECTS","ON SCENE","INJURY AND / OR TOW DUE TO CRASH","Y",,,"OVER $1,500","2026-03-06T16:03:00.000","VISION OBSCURED (SIGNS, TREE LIMBS, BUILDINGS, ETC.)","EQUIPMENT - VEHICLE CONDITION","2200","S","ROCKWELL ST","1034",,,,,,,"2","REPORTED, NOT EVIDENT","1","0","0","0","1","1","0","16","6","3","41.8519207457","-87.690687797","POINT (-87.690687796965 41.851920745663)"
"5330378072b70138c703f8a0939d73927a5bc0cb260cee8d1d241ea7ce3beb29a8541edc94f73cbd92a4ee8bcdb230ac2edc2008201ca471c4bbdaf53481eced",,"2026-03-06T15:58:00.000","30","NO CONTROLS","NO CONTROLS","RAIN","DAYLIGHT","TURNING","DIVIDED - W/MEDIAN (NOT RAISED)",,"STRAIGHT AND LEVEL","WET","NO DEFECTS","ON SCENE","NO INJURY / DRIVE AWAY","Y",,,"OVER $1,500","2026-03-06T16:12:00.000","FAILING TO YIELD RIGHT-OF-WAY","FAILING TO YIELD RIGHT-OF-WAY","27","S","CICERO AVE","1113",,,,,,,"2","NO INDICATION OF INJURY","0","0","0","0","0","2","0","15","6","3","41.8795544817","-87.745098848","POINT (-87.745098847954 41.879554481735)"
"ddc33979e375bbb8d2df39e36d8c9200246a9fbde35f91b8a52151124975ca067ea98e55af7eeed640793ec5f9b27bc5df47dcaab5bc1226f7ef2a8677765868",,"2026-03-06T15:55:00.000","30","NO CONTROLS","NO CONTROLS","RAIN","DAYLIGHT","REAR END","NOT DIVIDED",,"STRAIGHT AND LEVEL","WET","NO DEFECTS","ON SCENE","NO INJURY / DRIVE AWAY",,,,"$500 OR LESS","2026-03-06T16:39:00.000","FAILING TO REDUCE SPEED TO AVOID CRASH","DRIVING SKILLS/KNOWLEDGE/EXPERIENCE","3010","W","PRATT BLVD","2411",,,,,,,"2","NO INDICATION OF INJURY","0","0","0","0","0","2","0","15","6","3","42.0048538825","-87.7050405877","POINT (-87.705040587683 42.004853882496)"
"b6ba2bcbf309f7313752e855bff85d7c74d8e5c4362574f6b0ced5baf509bf98035d5f1265027138b675e11838199fb900800468f1d58a3084226b111732e2b6",,"2026-03-06T15:52:00.000","25","NO CONTROLS","NO CONTROLS","RAIN","DAYLIGHT","REAR TO FRONT","NOT DIVIDED",,"STRAIGHT AND LEVEL","WET","NO DEFECTS","ON SCENE","NO INJURY / DRIVE AWAY",,,,"OVER $1,500","2026-03-06T15:54:00.000","IMPROPER BACKING","UNABLE TO DETERMINE","6106","N","DAMEN AVE","2413",,,,,,,"2","NO INDICATION OF INJURY","0","0","0","0","0","2","0","15","6","3","41.9921068427","-87.6800152907","POINT (-87.680015290734 41.992106842684)"
"641a94ac2f8260298a05f50d9d24850327f663823b4a0890889f18ec0c65e31a7d46a8bf2fcf69285e319c66e4c21d431e2725429d09656250e2375635455859",,"2026-03-06T15:50:00.000","25","NO CONTROLS","NO CONTROLS","RAIN","DAYLIGHT","PEDESTRIAN","FOUR WAY",,"STRAIGHT AND LEVEL","WET","NO DEFECTS","ON SCENE","INJURY AND / OR TOW DUE TO CRASH","Y",,"Y","$501 - $1,500","2026-03-06T16:31:00.000","UNABLE TO DETERMINE","NOT APPLICABLE","10200","S","DR MARTIN LUTHER KING JR DR","511",,,,,,,"2","NONINCAPACITATING INJURY","1","0","0","1","0","1","0","15","6","3","41.7090441014","-87.6139579934","POINT (-87.613957993398 41.709044101401)"