"crash_record_id","crash_date_est_i","crash_date","posted_speed_limit","traffic_control_device","device_condition","weather_condition","lighting_condition","first_crash_type","trafficway_type","lane_cnt","alignment","roadway_surface_cond","road_defect","report_type","crash_type","intersection_related_i","private_property_i","hit_and_run_i","damage","date_police_notified","prim_contributory_cause","sec_contributory_cause","street_no","street_direction","street_name","beat_of_occurrence","photos_taken_i","statements_taken_i","dooring_i","work_zone_i","work_zone_type","workers_present_i","num_units","most_severe_injury","injuries_total","injuries_fatal","injuries_incapacitating","injuries_non_incapacitating","injuries_reported_not_evident","injuries_no_indication","injuries_unknown","crash_hour","crash_day_of_week","crash_month","latitude","longitude","location"
"22754ea3c4ffbd1323f3051d66614a08ad5fc27ff216767f225158f9412196e5b9bab96c68691195d85cbb38a7d0503203792a03089b183e1d96f3b7ec168d5c",,"2026-03-06T15:45:00.000","30","NO CONTROLS","NO CONTROLS","CLEAR","DAYLIGHT","REAR TO SIDE","NOT DIVIDED",,"STRAIGHT AND LEVEL","WET","NO DEFECTS","ON SCENE","NO INJURY / DRIVE AWAY",,,,"$501 - $1,500","2026-03-06T15:48:00.000","IMPROPER BACKING","FAILING TO YIELD RIGHT-OF-WAY","408","S","MORGAN ST","1232",,,,,,,"2","NO INDICATION OF INJURY","0","0","0","0","0","4","0","15","6","3","41.8763019195","-87.6520121612","POINT (-87.652012161169 41.876301919473)"
"f708c3c2363116a869391436cc231db7a475e7a8a34c1b03ca8c81cdb865d543ff39c43d6df816e22fa6d4d8265ba91df544a503bfc9eddcb1fd508c9b486c4b",,"2026-03-06T15:45:00.000","30","TRAFFIC SIGNAL","NO CONTROLS","CLEAR","DAYLIGHT","TURNING","FOUR WAY",,"STRAIGHT AND LEVEL","UNKNOWN","NO DEFECTS","NOT ON SCENE (DESK REPORT)","NO INJURY / DRIVE AWAY","Y",,,"OVER $1,500","2026-03-06T17:18:00.000","FAILING TO YIELD RIGHT-OF-WAY","FAILING TO YIELD RIGHT-OF-WAY","2898","S","ARCHER AVE","913",,,,,,,"2","NO INDICATION OF INJURY","0","0","0","0","0","2","0","15","6","3","41.8418884461","-87.6577267165","POINT (-87.657726716455 41.841888446118)"
"15b76535c1245a9bcb9057fd18a0ee0940fafe3efcdebc9b3dd88a9e13fe7268be246783d411965d4892e806def52fb3d3539afeca5131000bc2303fd7e3f0b7",,"2026-03-06T15:43:00.000","30","TRAFFIC SIGNAL","FUNCTIONING IMPROPERLY","RAIN","DAYLIGHT","ANGLE","DIVIDED - W/MEDIAN (NOT RAISED)",,"STRAIGHT AND LEVEL","WET","NO DEFECTS","ON SCENE","NO INJURY / DRIVE AWAY","Y",,"Y","OVER $1,500","2026-03-06T16:00:00.000","UNABLE TO DETERMINE","NOT APPLICABLE","1600","N","PULASKI RD","2534",,,,,,,"2","NO INDICATION OF INJURY","0","0","0","0","0","2","0","15","6","3","41.9099750102","-87.7264805231","POINT (-87.726480523066 41.909975010237)"
"2a6bcd55b1f06bc7df2b9f1aabc33d1ab0169598a250c9ae03d22021b6c8b97e288690928e551aa6f3ed3af57766f85b0ca1a2f7534aff4da38d74f72d708772",,"2026-03-06T15:40:00.000","30","STOP SIGN/FLASHER","FUNCTIONING PROPERLY","RAIN","DAYLIGHT","ANGLE","NOT DIVIDED",,"STRAIGHT AND LEVEL","WET","NO DEFECTS","ON SCENE","INJURY AND / OR TOW DUE TO CRASH","Y",,,"OVER $1,500","2026-03-06T15:40:00.000","UNABLE TO DETERMINE","UNABLE TO DETERMINE","8298","W","IRVING PARK RD","1614",,,,,,,"2","NONINCAPACITATING INJURY","1","0","0","1","0","1","0","15","6","3","41.9522126854","-87.8341951752","POINT (-87.834195175223 41.952212685435)"
"48dff09f1e78f77048da73d82773e55defd96805061b0803b0df528ed875a6349b0e0d9793f062bbbdbe813823c2e03f438e7e015d69fbabb27a769e96f1570f",,"2026-03-06T15:40:00.000","30","STOP SIGN/FLASHER","UNKNOWN","UNKNOWN","UNKNOWN","REAR TO FRONT","OTHER",,"STRAIGHT AND LEVEL","UNKNOWN","UNKNOWN","NOT ON SCENE (DESK REPORT)","NO INJURY / DRIVE AWAY",,,,"OVER $1,500","2026-03-06T22:25:00.000","UNABLE TO DETERMINE","UNABLE TO DETERMINE","3032","W","26TH ST","1033",,,,,,,"2","NO INDICATION OF INJURY","0","0","0","0","0","2","0","15","6","3","41.8446937619","-87.701427088","POINT (-87.701427087975 41.844693761879)"
"f7d73331750563353915cba082bda2e8c88c23b3298c61e6286d03ec1149235fb7fc75898b701a472bee35b6e863a1b75a8c46c7529a57d6b114a95c053a9467",,"2026-03-06T15:38:00.000","30","TRAFFIC SIGNAL","FUNCTIONING PROPERLY","RAIN","DAYLIGHT","SIDESWIPE SAME DIRECTION","ONE-WAY",,"STRAIGHT AND LEVEL","WET","UNKNOWN","ON SCENE","NO INJURY / DRIVE AWAY",,,,"OVER $1,500","2026-03-06T16:00:00.000","FAILING TO YIELD RIGHT-OF-WAY","NOT APPLICABLE","7806","S","STONY ISLAND AVE","411",,,,,,,"2","NO INDICATION OF INJURY","0","0","0","0","0","2","0","15","6","3","41.7530738324","-87.5862182942","POINT (-87.586218294153 41.753073832378)"
"10040a84f40117e333539f808a9da5971b5393c809d6d24d35f54ecf8f0da90f9981f4ea64fee64256db5e46734ea94b22f9ac39ab07b9142a6befad45c943b3",,"2026-03-06T15:35:00.000","30","NO CONTROLS","NO CONTROLS","RAIN","DAYLIGHT","REAR TO FRONT","NOT DIVIDED",,"STRAIGHT AND LEVEL","WET","NO DEFECTS","NOT ON SCENE (DESK REPORT)","NO INJURY / DRIVE AWAY",,,"Y","OVER $1,500","2026-03-06T16:15:00.000","IMPROPER BACKING","NOT APPLICABLE","5607","N","BROADWAY","2022",,,,,,,"2","NO INDICATION OF INJURY","0","0","0","0","0","2","0","15","6","3","41.9838879014","-87.6599291121","POINT (-87.659929112095 41.983887901429)"
"1f3eeb7b6dc9ddef5c0da7a68423cb2890b3e66fa9e45ef6503c5d6e857bd1c4fb04e1701863e8965fe9f07a4fb3f6e6072c0d3d2dc0c8c39f6f456543a92554",,"2026-03-06T15:30:00.000","30","NO CONTROLS","NO CONTROLS","RAIN","DAYLIGHT","PARKED MOTOR VEHICLE","NOT DIVIDED",,"STRAIGHT AND LEVEL","WET","NO DEFECTS","ON SCENE","NO INJURY / DRIVE AWAY",,,,"$501 - $1,500","2026-03-06T15:37:00.000","FAILING TO REDUCE SPEED TO AVOID CRASH","UNABLE TO DETERMINE","3424","N","OAK PARK AVE","1632",,,,,,,"2","NO INDICATION OF INJURY","0","0","0","0","0","1","0","15","6","3","41.9425835522","-87.7960170685","POINT (-87.796017068544 41.942583552173)"
"2844c684a0a3383df5416f37a59244301bbf13c6f88922d9ac93921a19bfd43382c2e024b16ba7e70bb52c96be9eee5980870377ec54cf023b9e054df19bc6a9",,"2026-03-06T15:30:00.000","30","UNKNOWN","UNKNOWN","UNKNOWN","UNKNOWN","REAR END","NOT DIVIDED",,"STRAIGHT AND LEVEL","UNKNOWN","UNKNOWN","NOT ON SCENE (DESK REPORT)","INJURY AND / OR TOW DUE TO CRASH",,,,"OVER $1,500","2026-03-07T14:45:00.000","UNABLE TO DETERMINE","NOT APPLICABLE","1537","N","LAWNDALE AVE","2535",,,,,,,"2","REPORTED, NOT EVIDENT","1","0","0","0","1","4","0","15","6","3","41.9092337165","-87.7190594168","POINT (-87.71905941681 41.909233716523)"
"7492ed08b7955faee61fc48e9cf09fe1cbce1571b693c4faee42a94870970573a01f301836796907e77b319a3a1a13dfe11ec847d32b4622d96842c2ccaa2745",,"2026-03-06T15:30:00.000","30","NO CONTROLS","NO CONTROLS","RAIN","DAYLIGHT","SIDESWIPE SAME DIRECTION","DIVIDED - W/MEDIAN (NOT RAISED)",,"STRAIGHT AND LEVEL","WET","NO DEFECTS","ON SCENE","INJURY AND / OR TOW DUE TO CRASH",,,"Y","OVER $1,500","2026-03-06T15:30:00.000","UNABLE TO DETERMINE","NOT APPLICABLE","4600","N","CLARK ST","1912",,,,,,,"2","NO INDICATION OF INJURY","0","0","0","0","0","2","0","15","6","3","41.9653453147","-87.6668974006","POINT (-87.66689740065 41.965345314732)"
"f44bcdfb17ba6dc204d7e150b17ead44dbcee9061f4edb769d9a56a7656c43c8a0db42490e126b04b023d3aacecff3fd918a7f76414f5c241f0e9281f65ae013",,"2026-03-06T15:30:00.000","30","TRAFFIC SIGNAL","FUNCTIONING PROPERLY","RAIN","DAYLIGHT","TURNING","FOUR WAY",,"STRAIGHT AND LEVEL","WET","NO DEFECTS","NOT ON SCENE (DESK REPORT)","NO INJURY / DRIVE AWAY","Y",,,"OVER $1,500","2026-03-06T17:00:00.000","UNABLE TO DETERMINE","UNABLE TO DETERMINE","2800","S","ARCHER AVE","913",,,,,,,"2","NO INDICATION OF INJURY","0","0","0","0","0","3","0","15","6","3","41.8435639283","-87.6542511312","POINT (-87.654251131242 41.843563928321)"
"e8c3cfa2eb39988965d855bd890903a689987f401d7fec14d4c677dba22f7626690f75324c76c77028f74819aeb8475c9eef245930020baa5a597018c3458237",,"2026-03-06T15:27:00.000","30","TRAFFIC SIGNAL","FUNCTIONING PROPERLY","RAIN","DAYLIGHT","REAR END","NOT DIVIDED",,"STRAIGHT AND LEVEL","WET","NO DEFECTS","NOT ON SCENE (DESK REPORT)","NO INJURY / DRIVE AWAY",,,"Y","$501 - $1,500","2026-03-06T17:40:00.000","FOLLOWING TOO CLOSELY","NOT APPLICABLE","6000","W","BELMONT AVE","1633",,,,,,,"2","NO INDICATION OF INJURY","0","0","0","0","0","2","0","15","6","3","41.9385562651","-87.7763387581","POINT (-87.776338758084 41.93855626509)"
"c9d2b17e3ca11da20b3c2f3c8260c2fcb04209bc57e50ae94e124d51c1b2ea7f1be4ff392d9278dc4b6bde60ee18d4a514530256e4679b8bc65d2009f23f8a83","Y","2026-03-06T15:25:00.000","30","STOP SIGN/FLASHER","FUNCTIONING PROPERLY","RAIN","DAYLIGHT","ANGLE","FOUR WAY",,"STRAIGHT AND LEVEL","WET","NO DEFECTS","ON SCENE","INJURY AND / OR TOW DUE TO CRASH","Y",,"Y","OVER $1,500","2026-03-06T15:42:00.000","FAILING TO YIELD RIGHT-OF-WAY","FAILING TO YIELD RIGHT-OF-WAY","400","E","82ND ST","631",,,,,,,"2","NO INDICATION OF INJURY","0","0","0","0","0","2","0","15","6","3","41.7457480394","-87.6147895377","POINT (-87.614789537711 41.745748039443)"
"8aeb549d25890220ae06f387951fe4ead8cd430947dc7d429a9c5307b8fa29ce56feea62870870a25fed0d717ead44c9b7f750328b11c7b9ecc778df2146a3cd",,"2026-03-06T15:20:00.000","30","NO CONTROLS","NO CONTROLS","RAIN","DAYLIGHT","ANGLE","NOT DIVIDED",,"STRAIGHT AND LEVEL","WET","NO DEFECTS","NOT ON SCENE (DESK REPORT)","NO INJURY / DRIVE AWAY",,,,"OVER $1,500","2026-03-06T16:20:00.000","FAILING TO YIELD RIGHT-OF-WAY","UNABLE TO DETERMINE","6737","W","IRVING PARK RD","1632",,,,,,,"2","NO INDICATION OF INJURY","0","0","0","0","0","2","0","15","6","3","41.9526520185","-87.7953184571","POINT (-87.795318457062 41.952652018495)"
"0f1544cb06053ec1d5f79027b7209950b716f4f7b0b68c669b6512225e6256fbf3d27ef1d057b9e33a799fbf244a360b452eee1374f005288cc6093ef17b22be",,"2026-03-06T15:18:00.000","30","NO CONTROLS","FUNCTIONING PROPERLY","CLOUDY/OVERCAST","DAYLIGHT","SIDESWIPE SAME DIRECTION","NOT DIVIDED",,"STRAIGHT AND LEVEL","WET","NO DEFECTS","NOT ON SCENE (DESK REPORT)","NO INJURY / DRIVE AWAY",,,,"OVER $1,500","2026-03-07T19:15:00.000","FAILING TO YIELD RIGHT-OF-WAY","FAILING TO YIELD RIGHT-OF-WAY","1327","E","57TH ST","235",,,,,,,"2","NO INDICATION OF INJURY","0","0","0","0","0","2","0","15","6","3","41.7913650295","-87.5937003851","POINT (-87.593700385143 41.791365029529)"
"bca1ac2583d89f929629c3a13c06b8d65cb55313d24032d33060e564d38f9676a24fd22803623b35cfcff2f55eaabb65aafd4311acaadd3291d302e36662449b",,"2026-03-06T15:18:00.000","25","NO CONTROLS","NO CONTROLS","RAIN","DAWN","PARKED MOTOR VEHICLE","PARKING LOT",,"STRAIGHT AND LEVEL","WET","NO DEFECTS","NOT ON SCENE (DESK REPORT)","NO INJURY / DRIVE AWAY",,,"Y","$501 - $1,500","2026-03-06T16:03:00.000","NOT APPLICABLE","NOT APPLICABLE","7535","S","ASHLAND AVE","612",,,,,,,"2",,,,,,,,,"15","6","3","41.7565454141","-87.6634438529","POINT (-87.663443852852 41.756545414126)"
"5a1aa8b35c5b92ee4c7a2f9e3fd63f80114764d97e0adff758d4d81e0197929a6b18fb3e177419ced959e4a36e267d57366e78b7d11162d5be7f231a89caeee0",,"2026-03-06T15:15:00.000","30","TRAFFIC SIGNAL","FUNCTIONING PROPERLY","CLOUDY/OVERCAST","DAWN","TURNING","NOT DIVIDED",,"STRAIGHT AND LEVEL","DRY","NO DEFECTS","ON SCENE","NO INJURY / DRIVE AWAY",,,,"OVER $1,500","2026-03-06T15:18:00.000","IMPROPER TURNING/NO SIGNAL","DRIVING SKILLS/KNOWLEDGE/EXPERIENCE","1552","W","71ST ST","734",,,,,,,"2","NO INDICATION OF INJURY","0","0","0","0","0","2","0","15","6","3","41.765021763","-87.6634914994","POINT (-87.66349149944 41.765021762995)"
"f8243558bef887eab1c92886a69e87129d967b80d660a1c4879a6efdd5619d0614c86e43b56da9027d6858e293378f033444bf1ad6f7d29597fd745b84542c10",,"2026-03-06T15:15:00.000","30","NO CONTROLS","NO CONTROLS","CLEAR","DAYLIGHT","SIDESWIPE SAME DIRECTION","NOT DIVIDED",,"STRAIGHT AND LEVEL","DRY","NO DEFECTS","NOT ON SCENE (DESK REPORT)","NO INJURY / DRIVE AWAY",,,,"OVER $1,500","2026-03-06T16:00:00.000","DRIVING SKILLS/KNOWLEDGE/EXPERIENCE","NOT APPLICABLE","3400","W","55TH ST","822",,,,,,,"2","NO INDICATION OF INJURY","0","0","0","0","0","2","0","15","6","3","41.7935494395","-87.708523971","POINT (-87.708523970978 41.793549439541)"
"a866b0ebef1077a65173eb94c436b329df89536515ddaa2f01c48d48d16c5b16e10ff2c9807a6ab41d220fa030740dad4b88c75e62c7796b56b8ab4702ffee81",,"2026-03-06T15:10:00.000","15","NO CONTROLS","NO CONTROLS","RAIN","DAYLIGHT","PARKED MOTOR VEHICLE","PARKING LOT",,"STRAIGHT AND LEVEL","WET","UNKNOWN","ON SCENE","NO INJURY / DRIVE AWAY",,,"Y","$501 - $1,500","2026-03-06T15:11:00.000","NOT APPLICABLE","NOT APPLICABLE","10402","W","JOHNSON RD","1654",,,,,,,"2","NO INDICATION OF INJURY","0","0","0","0","0","1","0","15","6","3","41.9976559927","-87.8873292534","POINT (-87.887329253384 41.997655992676)"
"d9df18b91d77d4a9ad2e78fd8901ffc0824f967482f05a9bfbe6149c4c3698c65dde3ac0ab65bd6ff6b3a05f5055cfaafc6f4e47d0792d7d9173dba8dd545f8e",,"2026-03-06T15:10:00.000","30","NO CONTROLS","NO CONTROLS","RAIN","DAYLIGHT","SIDESWIPE SAME DIRECTION","NOT DIVIDED",,"STRAIGHT AND LEVEL","WET","UNKNOWN","NOT ON SCENE (DESK REPORT)","NO INJURY / DRIVE AWAY",,,,"OVER $1,500","2026-03-06T16:08:00.000","DRIVING SKILLS/KNOWLEDGE/EXPERIENCE","NOT APPLICABLE","2315","W","GARFIELD BLVD","824",,,,,,,"2","NO INDICATION OF INJURY","0","0","0","0","0","2","0","15","6","3","41.7933550774","-87.6819557568","POINT (-87.681955756793 41.793355077358)"
"ee999c0045deb533fc7d3065d8bbcb4a6a3d7e81458d461562fc7170910bbfe5830714550a5e925365bfc6fcc3310ecc186580623304945c325c5ae4fde71147",,"2026-03-06T15:10:00.000","35","NO CONTROLS","NO CONTROLS","RAIN","DAYLIGHT","REAR END","NOT DIVIDED",,"STRAIGHT AND LEVEL","WET","WORN SURFACE","ON SCENE","NO INJURY / DRIVE AWAY",,,,"$500 OR LESS","2026-03-06T15:15:00.000","FOLLOWING TOO CLOSELY","FOLLOWING TOO CLOSELY","3544","S","CALIFORNIA AVE","911",,,,,,,"2","NO INDICATION OF INJURY","0","0","0","0","0","3","0","15","6","3","41.8287559476","-87.6949261328","POINT (-87.694926132778 41.82875594759)"
"5c237d6dfd3932df4d78c481e12965c78d6d97b699a5f4db19104a2053fa6c18de5c711b9ffdc146d64c11454fb216539aff7b47144432b70fd14fb0188d3269",,"2026-03-06T15:03:00.000","20","STOP SIGN/FLASHER","FUNCTIONING PROPERLY","CLEAR","DAYLIGHT","REAR END","DIVIDED - W/MEDIAN (NOT RAISED)",,"STRAIGHT AND LEVEL","DRY","OTHER","NOT ON SCENE (DESK REPORT)","NO INJURY / DRIVE AWAY",,,,"OVER $1,500","2026-03-13T13:15:00.000","FOLLOWING TOO CLOSELY","FOLLOWING TOO CLOSELY","1526","E","53RD ST","234",,,,,,,"2","NO INDICATION OF INJURY","0","0","0","0","0","2","0","15","6","3","41.7996620038","-87.5880033987","POINT (-87.588003398737 41.799662003766)"
"1d4058f14749c8f53d9896f1a575e272a38876a714e6b926e8372ae49f827b63351af4c9c0338d120281c828e82968c9d1d1638529a4bf35be325e1d9222c2fc",,"2026-03-06T15:00:00.000","30","TRAFFIC SIGNAL","FUNCTIONING PROPERLY","RAIN","DAYLIGHT","SIDESWIPE SAME DIRECTION","DIVIDED - W/MEDIAN BARRIER",,"STRAIGHT AND LEVEL","WET","NO DEFECTS","ON SCENE","NO INJURY / DRIVE AWAY","Y",,"Y","$501 - $1,500","2026-03-06T15:08:00.000","IMPROPER OVERTAKING/PASSING","UNABLE TO DETERMINE","1100","S","CLARK ST","123",,,,,,,"2","NO INDICATION OF INJURY","0","0","0","0","0","2","0","15","6","3","41.869057497","-87.6306228843","POINT (-87.630622884334 41.869057497035)"
"78b7e776ca919bb9fcdc7a9f8e7215b2f89ddbe47bf8f017a148309debabbfbbcbdb69f55827410abce77ea747a151b8ad9716df229f8880f6caf3783e862fb5",,"2026-03-06T15:00:00.000","30","TRAFFIC SIGNAL","FUNCTIONING PROPERLY","CLEAR","DAYLIGHT","REAR END","DIVIDED - W/MEDIAN (NOT RAISED)",,"STRAIGHT AND LEVEL","WET","NO DEFECTS","NOT ON SCENE (DESK REPORT)","NO INJURY / DRIVE AWAY",,,"Y","$501 - $1,500","2026-03-06T16:00:00.000","FOLLOWING TOO CLOSELY","NOT APPLICABLE","2100","S","ASHLAND AVE","1234",,,,,,,"2","NO INDICATION OF INJURY","0","0","0","0","0","2","0","15","6","3","41.8541165001","-87.6661959393","POINT (-87.666195939254 41.854116500052)"
"e6975da4cb61bba378caa292624eb81259dfcc6a3a786b2960f0db66d153a44940b42f6fae24929e3df882cc0ebcd42415a5e82e4e2b268718998e3072d06dbd",,"2026-03-06T15:00:00.000","30","TRAFFIC SIGNAL","FUNCTIONING PROPERLY","CLEAR","DAYLIGHT","REAR END","NOT DIVIDED",,"STRAIGHT AND LEVEL","DRY","NO DEFECTS","NOT ON SCENE (DESK REPORT)","NO INJURY / DRIVE AWAY","Y",,,"OVER $1,500","2026-03-06T15:40:00.000","FOLLOWING TOO CLOSELY","NOT APPLICABLE","2400","W","63RD ST","825",,,,,,,"2","NO INDICATION OF INJURY","0","0","0","0","0","2","0","15","6","3","41.7793318443","-87.6836757608","POINT (-87.683675760848 41.779331844298)"
"8c11fa596fa38db7b66d07c0ab3febd424fca3b82a3dd54f6d26adced19e1c774c1813e1975cde1c1e4cd300a6e5a1f609caf7ee74bd742cf54cf18495336714",,"2026-03-06T14:58:00.000","20","NO CONTROLS","NO CONTROLS","CLEAR","DAYLIGHT","PARKED MOTOR VEHICLE","ONE-WAY",,"STRAIGHT AND LEVEL","DRY","NO DEFECTS","NOT ON SCENE (DESK REPORT)","NO INJURY / DRIVE AWAY",,,"Y","OVER $1,500","2026-03-06T15:18:00.000","DRIVING SKILLS/KNOWLEDGE/EXPERIENCE","NOT APPLICABLE","5836","S","CHRISTIANA AVE","822",,,,,,,"2","NO INDICATION OF INJURY","0","0","0","0","0","2","0","14","6","3","41.7868983688","-87.707187004","POINT (-87.70718700401 41.786898368817)"
"6771504d3f492637ad9fbaa1c38e2cf53aa629788d36b8ea8beba1369b6e00eb02c4948ae5f5cabb9cc7f162f8190bf7b6ea4fcf479a1fa54b4a74b7359186be",,"2026-03-06T14:55:00.000","30","NO CONTROLS","NO CONTROLS","CLEAR","DAYLIGHT","FIXED OBJECT","NOT DIVIDED",,"STRAIGHT AND LEVEL","DRY","UNKNOWN","NOT ON SCENE (DESK REPORT)","NO INJURY / DRIVE AWAY",,,,"$501 - $1,500","2026-03-06T15:55:00.000","UNABLE TO DETERMINE","NOT APPLICABLE","4154","W","115TH ST","2211",,,,,,,"1","NO INDICATION OF INJURY","0","0","0","0","0","1","0","14","6","3","41.6839966833","-87.7246823462","POINT (-87.724682346197 41.683996683305)"
"f13afcb60fb99c8e626ca596f2be15a0297a97997c1c542f369febe9ed58198161a68aab1070e40a01492aedbe3dcbdbbbeb3fbf3a6c4db1505ab44fc50d6d2a",,"2026-03-06T14:51:00.000","30","TRAFFIC SIGNAL","FUNCTIONING PROPERLY","RAIN","DAYLIGHT","TURNING","NOT DIVIDED",,"STRAIGHT AND LEVEL","WET","UNKNOWN","ON SCENE","NO INJURY / DRIVE AWAY",,,,"OVER $1,500","2026-03-06T15:00:00.000","DRIVING SKILLS/KNOWLEDGE/EXPERIENCE","DRIVING SKILLS/KNOWLEDGE/EXPERIENCE","2398","W","DIVERSEY AVE","1432",,,,,,,"2","NO INDICATION OF INJURY","0","0","0","0","0","2","0","14","6","3","41.9322878197","-87.6877600124","POINT (-87.687760012447 41.932287819694)"
"3b73497e291f22c5b69c74e6f8b86c66ac7e4b68eb3978da9728fc6fa526bbb2bf0d9a61dd80c3ce5852b4837616fcb8847b8684a1c7dbb21ef26e06f866d2f4",,"2026-03-06T14:50:00.000","30","TRAFFIC SIGNAL","FUNCTIONING PROPERLY","CLOUDY/OVERCAST","DAYLIGHT","ANGLE","NOT DIVIDED",,"STRAIGHT AND LEVEL","UNKNOWN","NO DEFECTS",,"INJURY AND / OR TOW DUE TO CRASH","Y",,"Y","$500 OR LESS","2026-03-06T15:32:00.000","DISREGARDING TRAFFIC SIGNALS","NOT APPLICABLE","200","E","79TH ST","623",,,,,,,"2","REPORTED, NOT EVIDENT","1","0","0","0","1","1","0","14","6","3","41.7511453841","-87.6196917653","POINT (-87.61969176533 41.751145384148)"
"b5d286fe3d04371b58581b5b42accdaa6d9379afc11513ae080d09130d0bf892d6d7d19afb160cda739ea7e4e5bd77406fcab2de8868b1dd6c55e85ee185f36d",,"2026-03-06T14:50:00.000","30","NO CONTROLS","NO CONTROLS","RAIN","DAYLIGHT","REAR END","NOT DIVIDED",,"STRAIGHT AND LEVEL","WET","NO DEFECTS","NOT ON SCENE (DESK REPORT)","NO INJURY / DRIVE AWAY",,,,"OVER $1,500","2026-03-06T16:50:00.000","FOLLOWING TOO CLOSELY","FOLLOWING TOO CLOSELY","1840","W","TAYLOR ST","1231",,,,,,,"2","NO INDICATION OF INJURY","0","0","0","0","0","2","0","14","6","3","41.8692762227","-87.6729510742","POINT (-87.672951074151 41.86927622273)"
"151cf6b948250bfb6cd60b6030a9c95d5fd2deeece91b218ea023e7826e7b9a0a281a4ca3daa903b7a858d2dcf9c457f16ca1650281b93c5c37ff6255c2e3497",,"2026-03-06T14:48:00.000","30","TRAFFIC SIGNAL","FUNCTIONING PROPERLY","RAIN","DAYLIGHT","ANGLE","DIVIDED - W/MEDIAN (NOT RAISED)",,"STRAIGHT AND LEVEL","WET","NO DEFECTS","NOT ON SCENE (DESK REPORT)","NO INJURY / DRIVE AWAY",,,,"$501 - $1,500","2026-03-06T15:25:00.000","UNABLE TO DETERMINE","UNABLE TO DETERMINE","1956","W","79TH ST","611",,,,,,,"2","NO INDICATION OF INJURY","0","0","0","0","0","2","0","14","6","3","41.7503420616","-87.6730023909","POINT (-87.673002390874 41.750342061599)"
"82bd51cdb0f24d727abc877d2ad35b17c5555d32b052590a89c5ed179d43fb93084b301a54863f9a002f191361fa087e8de197a4177b7dcb7bf5cf193d3fac51",,"2026-03-06T14:48:00.000","30","NO CONTROLS","NO CONTROLS","RAIN","DAYLIGHT","TURNING","DIVIDED - W/MEDIAN (NOT RAISED)",,"STRAIGHT AND LEVEL","WET","UNKNOWN","ON SCENE","INJURY AND / OR TOW DUE TO CRASH",,,,"OVER $1,500","2026-03-06T14:53:00.000","IMPROPER LANE USAGE","WEATHER","3911","W","ADDISON ST","1732",,,,,,,"2","NO INDICATION OF INJURY","0","0","0","0","0","2","0","14","6","3","41.9462899575","-87.7254244547","POINT (-87.725424454665 41.946289957462)"
"8b3780cd04255a12a9274b69d8ee26321d3d93f2e445ff8d0b8b980f4eb35087e378967549a3f491844500082374884f80e3f85ec675e4a781cac9ef28a5da01",,"2026-03-06T14:45:00.000","30","TRAFFIC SIGNAL","FUNCTIONING IMPROPERLY","UNKNOWN","DAYLIGHT","PEDESTRIAN","FOUR WAY",,"STRAIGHT AND LEVEL","UNKNOWN","UNKNOWN","NOT ON SCENE (DESK REPORT)","INJURY AND / OR TOW DUE TO CRASH","Y",,,"OVER $1,500","2026-03-08T16:30:00.000","FAILING TO YIELD RIGHT-OF-WAY","FAILING TO REDUCE SPEED TO AVOID CRASH","431","N","DEARBORN ST","1831",,,,,,,"2","REPORTED, NOT EVIDENT","1","0","0","0","1","1","0","14","6","3","41.8900821736","-87.6294615288","POINT (-87.629461528774 41.890082173601)"
"a48005412a958f0b492ebaffe57cad2eb96a55afe5c0dcf0909a0a1ac44459d41a4bd6b946f827aec5a6ff07272852c2c96060b655fb7d8fdaeebe2b725a164f",,"2026-03-06T14:33:00.000","35","TRAFFIC SIGNAL","FUNCTIONING PROPERLY","CLEAR","DAYLIGHT","SIDESWIPE SAME DIRECTION","DIVIDED - W/MEDIAN BARRIER",,"STRAIGHT AND LEVEL","WET","NO DEFECTS","ON SCENE","NO INJURY / DRIVE AWAY",,,"Y","$501 - $1,500","2026-03-06T14:33:00.000","UNABLE TO DETERMINE","NOT APPLICABLE","5501","S","HARLEM AVE","811",,,,,,,"2","NO INDICATION OF INJURY","0","0","0","0","0","2","0","14","6","3","41.7918520654","-87.8013777989","POINT (-87.801377798929 41.79185206544)"
"8f077e064d4cbd6b353072cfd0ef7d9f71a0595add5cf58fe11f4876ca5ee3d26a7863134dd7b5a8e4be675dc6e021c95a320a9d2d5c822a4b23b87f676220de",,"2026-03-06T14:30:00.000","25","NO CONTROLS","NO CONTROLS","CLEAR","DAYLIGHT","SIDESWIPE SAME DIRECTION","NOT DIVIDED",,"STRAIGHT AND LEVEL","DRY","UNKNOWN","NOT ON SCENE (DESK REPORT)","NO INJURY / DRIVE AWAY",,,"Y","OVER $1,500","2026-03-06T17:00:00.000","UNABLE TO DETERMINE","UNABLE TO DETERMINE","1400","S","ASHLAND AVE","1233",,,,,,,"2","NO INDICATION OF INJURY","0","0","0","0","0","2","0","14","6","3","41.8632202264","-87.6664415695","POINT (-87.666441569504 41.863220226428)"
"9d8f1085b5bbd104809c74dcea3f7f62c749a89521dbb621ff91cda530041a24a8aee0a4c9a3108c46f53349e7db8941583586cf6c434908b5bf5c7ed57701bd",,"2026-03-06T14:30:00.000","30","TRAFFIC SIGNAL","FUNCTIONING PROPERLY","RAIN","DAYLIGHT","PARKED MOTOR VEHICLE","FOUR WAY",,"STRAIGHT AND LEVEL","WET","UNKNOWN","NOT ON SCENE (DESK REPORT)","NO INJURY / DRIVE AWAY","Y",,,"$501 - $1,500","2026-03-06T16:30:00.000","UNABLE TO DETERMINE","UNABLE TO DETERMINE","6005","N","DAMEN AVE","2413",,,,,,,"2","NO INDICATION OF INJURY","0","0","0","0","0","1","0","14","6","3","41.9908595391","-87.6796857279","POINT (-87.679685727869 41.990859539079)"