"crash_record_id","crash_date_est_i","crash_date","posted_speed_limit","traffic_control_device","device_condition","weather_condition","lighting_condition","first_crash_type","trafficway_type","lane_cnt","alignment","roadway_surface_cond","road_defect","report_type","crash_type","intersection_related_i","private_property_i","hit_and_run_i","damage","date_police_notified","prim_contributory_cause","sec_contributory_cause","street_no","street_direction","street_name","beat_of_occurrence","photos_taken_i","statements_taken_i","dooring_i","work_zone_i","work_zone_type","workers_present_i","num_units","most_severe_injury","injuries_total","injuries_fatal","injuries_incapacitating","injuries_non_incapacitating","injuries_reported_not_evident","injuries_no_indication","injuries_unknown","crash_hour","crash_day_of_week","crash_month","latitude","longitude","location"
"c1d26553ae4bf3544d8dcb9ac525af7e7e478d9015d74813d5ff5c176e614c10a12b9dda458ac8a6748f34aa8c375863d3d99ef221b8a64425316c2e4963fb51",,"2026-03-06T14:30:00.000","20","STOP SIGN/FLASHER","FUNCTIONING PROPERLY","CLEAR","DAYLIGHT","SIDESWIPE OPPOSITE DIRECTION","NOT DIVIDED",,"STRAIGHT AND LEVEL","DRY","NO DEFECTS","NOT ON SCENE (DESK REPORT)","NO INJURY / DRIVE AWAY",,,"Y","OVER $1,500","2026-03-06T16:13:00.000","IMPROPER OVERTAKING/PASSING","UNABLE TO DETERMINE","1046","W","76TH ST","612",,,,,,,"2","NO INDICATION OF INJURY","0","0","0","0","0","2","0","14","6","3","41.7561123695","-87.65089352","POINT (-87.650893520014 41.756112369539)"
"cfbf7bf9029ac7178488ba97e26b5730ea6f33b371b035ec1a2f186f20253d514d5ee2b741d073692fe21991ce9f210c72c2e1f3ddfbe60af840f40fc1e5d031",,"2026-03-06T14:30:00.000","30","TRAFFIC SIGNAL","FUNCTIONING PROPERLY","CLEAR","DAYLIGHT","REAR END","FOUR WAY",,"STRAIGHT AND LEVEL","DRY","NO DEFECTS","NOT ON SCENE (DESK REPORT)","NO INJURY / DRIVE AWAY",,,,"OVER $1,500","2026-03-06T15:00:00.000","UNABLE TO DETERMINE","UNABLE TO DETERMINE","8304","S","JEFFERY BLVD","414","Y","Y",,,,,"2","NO INDICATION OF INJURY","0","0","0","0","0","2","0","14","6","3","41.7444557442","-87.5760026956","POINT (-87.576002695623 41.744455744205)"
"7d609b8a22a868ab50a8714e0c59a1a354710c2c40ff69927d2ff8eed02a71f2d82dc6c1a24f91e1a18332fc3deffb2e81239942e3ca431e3a5879f47ad53bb5",,"2026-03-06T14:28:00.000","30","TRAFFIC SIGNAL","FUNCTIONING PROPERLY","RAIN","DAYLIGHT","ANGLE","NOT DIVIDED",,"STRAIGHT AND LEVEL","WET","NO DEFECTS","ON SCENE","INJURY AND / OR TOW DUE TO CRASH","N",,,"OVER $1,500","2026-03-06T14:28:00.000","FAILING TO YIELD RIGHT-OF-WAY","WEATHER","141","N","DESPLAINES ST","121",,,,,,,"2","REPORTED, NOT EVIDENT","1","0","0","0","1","1","0","14","6","3","41.8843958938","-87.6440576911","POINT (-87.64405769112 41.884395893847)"
"2b1899e063995808057c29c8513bf5c9647b78e19f929d8f84b5c30085083209971da9b95229116b40f208e76b31985405fccb010d886b4079e9b184ac067243",,"2026-03-06T14:19:00.000","25","NO CONTROLS","NO CONTROLS","CLOUDY/OVERCAST","DAYLIGHT","PARKED MOTOR VEHICLE","NOT DIVIDED",,"STRAIGHT AND LEVEL","WET","NO DEFECTS","ON SCENE","NO INJURY / DRIVE AWAY",,,,"OVER $1,500","2026-03-06T14:20:00.000","UNABLE TO DETERMINE","UNABLE TO DETERMINE","4919","N","LESTER AVE","1623",,,,,,,"2","NO INDICATION OF INJURY","0","0","0","0","0","1","0","14","6","3","41.9705873034","-87.7646768943","POINT (-87.764676894325 41.970587303447)"
"45fcbd173c2a68f9d99edbff5b2e027a6d01cc90ebb90619940ce91a443aa07ba41b10d71c6c8daec7771a2ced289cf519b61455a7b187b9921c9bae4c68524e",,"2026-03-06T14:16:00.000","30","NO CONTROLS","NO CONTROLS","RAIN","DAYLIGHT","REAR END","NOT DIVIDED",,"STRAIGHT AND LEVEL","WET","UNKNOWN","ON SCENE","INJURY AND / OR TOW DUE TO CRASH",,,"Y","$500 OR LESS","2026-03-06T15:00:00.000","DRIVING SKILLS/KNOWLEDGE/EXPERIENCE","NOT APPLICABLE","2401","N","WESTERN AVE","1432",,,,,,,"2","REPORTED, NOT EVIDENT","1","0","0","0","1","2","0","14","6","3","41.9249420035","-87.687496402","POINT (-87.687496402044 41.924942003503)"
"b880ead89aef575d41bd01f7051f31574fcd66e2de77f031f85851f9f7d76ee14c01d456312f8c85a8bb10eea91671417f22228df97b59d3dd3334796cd10dd7",,"2026-03-06T14:15:00.000","35","UNKNOWN","UNKNOWN","RAIN","DAYLIGHT","REAR END","NOT DIVIDED",,"STRAIGHT AND LEVEL","UNKNOWN","UNKNOWN","ON SCENE","INJURY AND / OR TOW DUE TO CRASH",,,,"OVER $1,500","2026-03-06T14:50:00.000","UNABLE TO DETERMINE","NOT APPLICABLE","6300","S","KENNETH AVE","813",,,,,,,"2","NO INDICATION OF INJURY","0","0","0","0","0","2","0","14","6","3","41.7785063534","-87.7338909881","POINT (-87.73389098812 41.778506353434)"
"5e8649a5517135b1f7a0a2b98fbf20eef8b720e7f76d40f6b690efa4583c790916d16b1316d6a238c7fbcc7d0e93c787b8f9d061fd77542c320c02229184db40",,"2026-03-06T14:10:00.000","30","STOP SIGN/FLASHER","FUNCTIONING PROPERLY","RAIN","DAYLIGHT","TURNING","FOUR WAY",,"STRAIGHT AND LEVEL","WET","NO DEFECTS","ON SCENE","NO INJURY / DRIVE AWAY",,,,"OVER $1,500","2026-03-06T14:14:00.000","FAILING TO YIELD RIGHT-OF-WAY","FAILING TO YIELD RIGHT-OF-WAY","4100","W","47TH ST","815",,,,,,,"2","NO INDICATION OF INJURY","0","0","0","0","0","2","0","14","6","3","41.8079499104","-87.7260957236","POINT (-87.726095723575 41.807949910396)"
"369c6de04bfb06285d1073ca5a1ff0ce72ac33d9a0cae2776df91c58db04cbfdbb9d22484635dcfc55cf5d40cb908a03d2bf4fddabc8c0fe1d9da061440332bc",,"2026-03-06T14:00:00.000","25","TRAFFIC SIGNAL","FUNCTIONING PROPERLY","CLEAR","DAYLIGHT","REAR END","NOT DIVIDED",,"STRAIGHT AND LEVEL","DRY","UNKNOWN","NOT ON SCENE (DESK REPORT)","NO INJURY / DRIVE AWAY","Y",,,"OVER $1,500","2026-03-06T14:15:00.000","UNABLE TO DETERMINE","UNABLE TO DETERMINE","1400","S","KEDZIE AVE","1022",,,,,,,"2","NO INDICATION OF INJURY","0","0","0","0","0","2","0","14","6","3","41.862446507","-87.7057016259","POINT (-87.705701625883 41.862446506971)"
"43d18854adda2297123d67f7344e5db3a0d8a9f91441a9c04d2d6863bca3db3dc89bea5fed48713d3c477487c87be5c3ef8b8c5f937eabf52475fccca9254943",,"2026-03-06T14:00:00.000","30","TRAFFIC SIGNAL","FUNCTIONING PROPERLY","CLEAR","DAYLIGHT","REAR END","DIVIDED - W/MEDIAN (NOT RAISED)",,"STRAIGHT AND LEVEL","WET","NO DEFECTS","NOT ON SCENE (DESK REPORT)","INJURY AND / OR TOW DUE TO CRASH",,,,"$501 - $1,500","2026-03-06T14:40:00.000","FOLLOWING TOO CLOSELY","NOT APPLICABLE","200","N","WESTERN AVE","1222",,,,,,,"2","REPORTED, NOT EVIDENT","2","0","0","0","2","2","0","14","6","3","41.8846863716","-87.6866766609","POINT (-87.68667666091 41.884686371563)"
"a436a2e8824d728ca042ef244353cc777d8cd1784ba1d06c32d633195b9dcad5f1c746fe02c163493dd4f40bda177a027e6dfdfbc07a22df24b211f2e827f451",,"2026-03-06T14:00:00.000","30","NO CONTROLS","NO CONTROLS","RAIN","DAYLIGHT","ANGLE","FOUR WAY",,"STRAIGHT AND LEVEL","WET","NO DEFECTS","NOT ON SCENE (DESK REPORT)","NO INJURY / DRIVE AWAY","Y",,"Y","OVER $1,500","2026-03-06T18:36:00.000","FAILING TO YIELD RIGHT-OF-WAY","NOT APPLICABLE","101","N","PINE AVE","1523",,,,,,,"2","NO INDICATION OF INJURY","0","0","0","0","0","2","0","14","6","3","41.8823691119","-87.7631145997","POINT (-87.763114599702 41.882369111871)"
"a80d82837dcaecab84ba9e4a679d2db49b606402fa65e849351e6a8953a50f42fd3006094a03d4fd4624b029cfd54708b7d03bc3737cea13bd1ad32e5d73589e",,"2026-03-06T14:00:00.000","30","TRAFFIC SIGNAL","FUNCTIONING PROPERLY","UNKNOWN","DAYLIGHT","SIDESWIPE SAME DIRECTION","FOUR WAY",,"STRAIGHT AND LEVEL","UNKNOWN","UNKNOWN","NOT ON SCENE (DESK REPORT)","NO INJURY / DRIVE AWAY","Y",,"Y","OVER $1,500","2026-03-06T15:20:00.000","UNABLE TO DETERMINE","NOT APPLICABLE","48","W","HARRISON ST","123",,,,,,,"2","NO INDICATION OF INJURY","0","0","0","0","0","2","0","14","6","3","41.8746442832","-87.6296485038","POINT (-87.629648503841 41.874644283241)"
"e8198a6daa33a226a3809093c23c3d4203e0ecc69f4aa29539da1321311d8d10ffd56ac45498bf9869891dfccdfdb10fe4cba82d37c773fec1abe794bbeae937",,"2026-03-06T14:00:00.000","30","TRAFFIC SIGNAL","UNKNOWN","CLEAR","DAYLIGHT","REAR END","NOT DIVIDED",,"STRAIGHT AND LEVEL","UNKNOWN","UNKNOWN",,"NO INJURY / DRIVE AWAY",,,,"$501 - $1,500","2026-03-06T14:10:00.000","UNABLE TO DETERMINE","NOT APPLICABLE","3400","W","115TH ST","2211",,,,,,,"2","NO INDICATION OF INJURY","0","0","0","0","0","2","0","14","6","3","41.6842950089","-87.7055424441","POINT (-87.705542444142 41.68429500893)"
"1ca7aad3266a776cded6ca84e89b95ed0b04239926a5149ddb160c7e6b6ac76e259b98bd0bc6882c054d047db9627e72eddfce567cf4c9e4d9c71e0f965e557a",,"2026-03-06T13:50:00.000","30","TRAFFIC SIGNAL","FUNCTIONING PROPERLY","CLEAR","DAYLIGHT","REAR TO FRONT","T-INTERSECTION",,"STRAIGHT AND LEVEL","WET","NO DEFECTS","NOT ON SCENE (DESK REPORT)","NO INJURY / DRIVE AWAY","Y",,"Y","OVER $1,500","2026-03-06T14:15:00.000","IMPROPER BACKING","NOT APPLICABLE","9511","S","COTTAGE GROVE AVE","511",,,,,,,"2","NO INDICATION OF INJURY","0","0","0","0","0","2","0","13","6","3","41.7216648287","-87.6031187732","POINT (-87.603118773241 41.721664828677)"
"b74281b1383d5f04afc9cb67790831ce63c051020e922c81cccf7bcd26e40521157ec5f6873391eb3c2695a1184b2edc5f3dd0c601630d1899308a4cda0fd4c3",,"2026-03-06T13:46:00.000","30","TRAFFIC SIGNAL","FUNCTIONING PROPERLY","UNKNOWN","UNKNOWN","REAR END","DIVIDED - W/MEDIAN (NOT RAISED)",,"STRAIGHT AND LEVEL","UNKNOWN","UNKNOWN","NOT ON SCENE (DESK REPORT)","NO INJURY / DRIVE AWAY","Y",,,"$501 - $1,500","2026-03-07T14:00:00.000","FOLLOWING TOO CLOSELY","FOLLOWING TOO CLOSELY","4101","W","FULLERTON AVE","2525",,,,,,,"2","NO INDICATION OF INJURY","0","0","0","0","0","3","0","13","6","3","41.924347529","-87.7292797537","POINT (-87.729279753723 41.924347528955)"
"90147b3596de0fd7e866d535b3abc14d514958da905a7c07a8a5393a65e9259b3009f8571dc564f6e734866d35e749ebadb78bd3916607f7e05a9730b0dd7afb",,"2026-03-06T13:40:00.000","30","TRAFFIC SIGNAL","FUNCTIONING PROPERLY","CLEAR","DAYLIGHT","TURNING","FOUR WAY",,"STRAIGHT AND LEVEL","WET","NO DEFECTS","NOT ON SCENE (DESK REPORT)","NO INJURY / DRIVE AWAY",,,"Y","OVER $1,500","2026-03-06T14:05:00.000","UNABLE TO DETERMINE","NOT APPLICABLE","3201","W","OGDEN AVE","1022",,,,,,,"2","NO INDICATION OF INJURY","0","0","0","0","0","6","0","13","6","3","41.8577234636","-87.7054219729","POINT (-87.705421972862 41.857723463569)"
"2083cb1fd77a595635d423473c5a0e84ae71fc2072b9b3bb58742b2a6570b984a7a7d28064cbcf15177b5f21a792bfc44db64b19c97685818ff1cc171695d80a",,"2026-03-06T13:30:00.000","30","UNKNOWN","UNKNOWN","UNKNOWN","UNKNOWN","SIDESWIPE SAME DIRECTION","FOUR WAY",,"STRAIGHT AND LEVEL","UNKNOWN","UNKNOWN","NOT ON SCENE (DESK REPORT)","NO INJURY / DRIVE AWAY","Y",,,"OVER $1,500","2026-03-06T15:15:00.000","IMPROPER OVERTAKING/PASSING","DRIVING SKILLS/KNOWLEDGE/EXPERIENCE","407","E","MONROE DR","114",,,,,,,"2","NO INDICATION OF INJURY","0","0","0","0","0","2","0","13","6","3","41.8808778283","-87.6169207277","POINT (-87.616920727703 41.880877828255)"
"5d6356c566793520401822fd715b9b50b4d3185e8ae36b55e5c2fcb45d85203be4fb88e6fb1058c16cf4eef06c8a9ea7f1753c3f40d57f9104c4bd94522a3ae7","Y","2026-03-06T13:30:00.000","30","STOP SIGN/FLASHER","FUNCTIONING PROPERLY","CLEAR","DAYLIGHT","ANGLE","NOT DIVIDED",,"STRAIGHT AND LEVEL","DRY","UNKNOWN","NOT ON SCENE (DESK REPORT)","INJURY AND / OR TOW DUE TO CRASH",,,,"OVER $1,500","2026-03-06T18:10:00.000","DISREGARDING STOP SIGN","UNABLE TO DETERMINE","432","E","76TH ST","624",,,,,,,"2","NO INDICATION OF INJURY","0","0","0","0","0","2","0","13","6","3","41.7567157297","-87.6137855432","POINT (-87.613785543209 41.756715729689)"
"bbee8c4d2866bf2c6cf5acf963e17cc468ac6fb82bccbdda76f2400bf383a062ec19216b42a7e2c4c513b500febb256bdfac9b18809176a41732eeeb314152db",,"2026-03-06T13:30:00.000","30","NO CONTROLS","NO CONTROLS","RAIN","DAYLIGHT","SIDESWIPE OPPOSITE DIRECTION","NOT DIVIDED",,"STRAIGHT AND LEVEL","WET","NO DEFECTS",,"INJURY AND / OR TOW DUE TO CRASH",,,"Y","OVER $1,500","2026-03-06T13:34:00.000","IMPROPER OVERTAKING/PASSING","NOT APPLICABLE","903","N","HOMAN AVE","1121",,,,,,,"3","NONINCAPACITATING INJURY","2","0","0","2","0","1","0","13","6","3","41.8974368908","-87.7113508498","POINT (-87.71135084978 41.897436890755)"
"d29ca1a97035af66f90bde8d2ad1928d94f4110c01b0172723727cf5a4f7750e8ad848c9523f783482c6ba087e84566cb71f9826de36e726ae4a979f257cbba4",,"2026-03-06T13:30:00.000","30","NO CONTROLS","UNKNOWN","RAIN","DAYLIGHT","PARKED MOTOR VEHICLE","PARKING LOT",,"STRAIGHT AND LEVEL","UNKNOWN","UNKNOWN","NOT ON SCENE (DESK REPORT)","NO INJURY / DRIVE AWAY",,,,"OVER $1,500","2026-03-06T14:25:00.000","UNABLE TO DETERMINE","UNABLE TO DETERMINE","5045","W","MADISON ST","1533",,,,,,,"2","NO INDICATION OF INJURY","0","0","0","0","0","1","0","13","6","3","41.8803058284","-87.7517171805","POINT (-87.751717180458 41.880305828359)"
"f84cae8bf7952867c44ddb5705023126d6e3eb6d12674863a929332bd3216c000bc75ef82b5d715fa1cfe5fc780f27c5aa0279f3af5ddd784bb5fefb004ad394",,"2026-03-06T13:30:00.000","25","NO CONTROLS","NO CONTROLS","RAIN","DAYLIGHT","PARKED MOTOR VEHICLE","PARKING LOT",,"STRAIGHT AND LEVEL","WET","NO DEFECTS","NOT ON SCENE (DESK REPORT)","NO INJURY / DRIVE AWAY",,,"Y","$501 - $1,500","2026-03-06T15:03:00.000","UNABLE TO DETERMINE","UNABLE TO DETERMINE","51","W","87TH ST","634",,,,,,,"2","NO INDICATION OF INJURY","0","0","0","0","0","1","0","13","6","3","41.7361464831","-87.6260758871","POINT (-87.62607588709 41.736146483145)"
"cdb3d67090b220bbec8ca207af3a510b46d949777b700d94bfe2519310c3c74d00f419e632dd683de9ae4989fc025ad91613defc7601595f7d195dda7fed3b20",,"2026-03-06T13:26:00.000","30","TRAFFIC SIGNAL","FUNCTIONING PROPERLY","CLEAR","DAYLIGHT","REAR END","NOT DIVIDED",,"STRAIGHT AND LEVEL","DRY","NO DEFECTS","NOT ON SCENE (DESK REPORT)","NO INJURY / DRIVE AWAY",,,,"OVER $1,500","2026-03-09T06:00:00.000","FOLLOWING TOO CLOSELY","NOT APPLICABLE","3202","N","PAULINA ST","1922",,,,,,,"2","NO INDICATION OF INJURY","0","0","0","0","0","2","0","13","6","3","41.9397693526","-87.6712452415","POINT (-87.671245241503 41.939769352639)"
"e0123838c7a69e33a2d62daea333fefe9bbbc8530a70ac0a594155e2702af1b345d1c3efd87863c90a7afb234b50801f5e4f5c73cf3d8ef409fedb1f85d2b7e9",,"2026-03-06T13:25:00.000","30","NO CONTROLS","NO CONTROLS","CLEAR","DAYLIGHT","SIDESWIPE SAME DIRECTION","DIVIDED - W/MEDIAN (NOT RAISED)",,"STRAIGHT AND LEVEL","DRY","NO DEFECTS","ON SCENE","NO INJURY / DRIVE AWAY",,,,"OVER $1,500","2026-03-06T13:25:00.000","IMPROPER TURNING/NO SIGNAL","NOT APPLICABLE","3945","W","MADISON ST","1122",,,,,,,"2","NO INDICATION OF INJURY","0","0","0","0","0","2","0","13","6","3","41.8806333395","-87.724434995","POINT (-87.724434994997 41.880633339499)"
"9f708b218cf6b5102b33f31b7625e977cb6b0322b92d9747967c35b279ec1c86988619288d0f523084c3295f2051a028cba4532d2100e7c9854afc52d5390551",,"2026-03-06T13:20:00.000","10","NO CONTROLS","NO CONTROLS","UNKNOWN","DAYLIGHT","FIXED OBJECT","PARKING LOT",,"STRAIGHT AND LEVEL","UNKNOWN","UNKNOWN","NOT ON SCENE (DESK REPORT)","NO INJURY / DRIVE AWAY",,"Y",,"$501 - $1,500","2026-03-08T10:25:00.000","UNABLE TO DETERMINE","UNABLE TO DETERMINE","1943","W","MONTEREY AVE","2212",,,,,,,"1","NO INDICATION OF INJURY","0","0","0","0","0","1","0","13","6","3","41.6917054141","-87.6701137203","POINT (-87.670113720334 41.691705414101)"
"97b7f91e075e80620d108debe0f5f213af460c55cf603591dbdca6dba2e381b95333834589edaf65ace484272b1d03e3da59e2f664a4ef763709b11d3dd0bff1",,"2026-03-06T13:17:00.000","30","STOP SIGN/FLASHER","FUNCTIONING PROPERLY","RAIN","DAYLIGHT","ANGLE","DIVIDED - W/MEDIAN (NOT RAISED)",,"STRAIGHT AND LEVEL","WET","NO DEFECTS","ON SCENE","INJURY AND / OR TOW DUE TO CRASH","Y",,"Y","OVER $1,500","2026-03-06T13:19:00.000","FAILING TO YIELD RIGHT-OF-WAY","UNABLE TO DETERMINE","6800","S","ASHLAND AVE","725",,,,,,,"2","NONINCAPACITATING INJURY","1","0","0","1","0","1","0","13","6","3","41.7702787561","-87.6641124326","POINT (-87.664112432605 41.770278756122)"
"2a6258ca5d184a43cd43dbdb3d09dd811ac2b3f39dc40784623f4831077870a684a2497cc94ba37e9ec6bb14dce8435eb62a5ed31b8c15511fa05ff1e4daa2ef",,"2026-03-06T13:15:00.000","30","NO CONTROLS","NO CONTROLS","RAIN","DAYLIGHT","SIDESWIPE SAME DIRECTION","FOUR WAY",,"STRAIGHT AND LEVEL","WET","UNKNOWN","NOT ON SCENE (DESK REPORT)","NO INJURY / DRIVE AWAY","Y",,"Y","$501 - $1,500","2026-03-06T14:12:00.000","IMPROPER OVERTAKING/PASSING","NOT APPLICABLE","506","N","CICERO AVE","1532",,,,,,,"2","NO INDICATION OF INJURY","0","0","0","0","0","2","0","13","6","3","41.8898167436","-87.7457714502","POINT (-87.745771450244 41.889816743599)"
"abceaf753a9368674d1837930aaced015eeaad3059199d3fbbe4541c76717f7e5108ddf526ef55812dae49810bad377b5d2e0cfb303fb7f75927a0408a0c045b",,"2026-03-06T13:15:00.000","30","NO CONTROLS","NO CONTROLS","UNKNOWN","UNKNOWN","REAR END","DIVIDED - W/MEDIAN (NOT RAISED)",,"STRAIGHT AND LEVEL","UNKNOWN","UNKNOWN","NOT ON SCENE (DESK REPORT)","NO INJURY / DRIVE AWAY",,,,"$501 - $1,500","2026-03-06T14:18:00.000","FOLLOWING TOO CLOSELY","FOLLOWING TOO CLOSELY","916","N","WESTERN AVE","1212",,,,,,,"2","NO INDICATION OF INJURY","0","0","0","0","0","4","0","13","6","3","41.8981503622","-87.6870505018","POINT (-87.687050501845 41.898150362217)"
"4411085b30ae4a8e29aa6b951cc4d9778399fa496f767e6e17e817be0001267685b5bf86e42b62a3a2bc589173fa4a0cd5d111ce995202a2a67208a50c1f9579",,"2026-03-06T13:00:00.000","30","STOP SIGN/FLASHER","FUNCTIONING PROPERLY","CLOUDY/OVERCAST","DAYLIGHT","TURNING","FOUR WAY",,"STRAIGHT AND LEVEL","WET","NO DEFECTS","NOT ON SCENE (DESK REPORT)","NO INJURY / DRIVE AWAY","Y",,,"OVER $1,500","2026-03-06T16:00:00.000","IMPROPER OVERTAKING/PASSING","FAILING TO YIELD RIGHT-OF-WAY","7000","S","DR MARTIN LUTHER KING JR DR","322",,,,,,,"2","NO INDICATION OF INJURY","0","0","0","0","0","4","0","13","6","3","41.7674771765","-87.6154518101","POINT (-87.615451810109 41.767477176487)"
"5d118264cdac7be8418a124fa2159cc752e572479d410ed1501cd565fe47ebe366546f7227696cf008e10d2b68d11d8fa21da9d5878019e2e1b6f043182b7abb",,"2026-03-06T13:00:00.000","30","UNKNOWN","UNKNOWN","RAIN","DAYLIGHT","SIDESWIPE SAME DIRECTION","NOT DIVIDED",,"STRAIGHT AND LEVEL","UNKNOWN","UNKNOWN","NOT ON SCENE (DESK REPORT)","NO INJURY / DRIVE AWAY",,,,"OVER $1,500","2026-03-06T13:40:00.000","UNABLE TO DETERMINE","UNABLE TO DETERMINE","1200","N","LARRABEE ST","1822",,,,,,,"2","NO INDICATION OF INJURY","0","0","0","0","0","2","0","13","6","3","41.9037696064","-87.6433689399","POINT (-87.643368939876 41.903769606378)"
"79517e54f2bdaee7ba3f48052eedccc9d02e8f2aae921bd78c62c5c24a6f5db0b1cf8d6b5f41a351f7af397204d54db90adc3fda41885c478a4645d904e9c010",,"2026-03-06T13:00:00.000","30","NO CONTROLS","NO CONTROLS","RAIN","DAYLIGHT","SIDESWIPE SAME DIRECTION","FOUR WAY",,"STRAIGHT AND LEVEL","WET","NO DEFECTS","NOT ON SCENE (DESK REPORT)","NO INJURY / DRIVE AWAY","Y",,,"$500 OR LESS","2026-03-06T13:30:00.000","IMPROPER OVERTAKING/PASSING","IMPROPER OVERTAKING/PASSING","1101","W","JACKSON BLVD","1232",,,,,,,"2","NO INDICATION OF INJURY","0","0","0","0","0","2","0","13","6","3","41.8777202072","-87.6546900011","POINT (-87.654690001107 41.877720207181)"
"9276c64efa561084b9de7f44fe0d18dcb3c5b7a1a04dbb6888bdcce557cea029c602557685ea7cc7996eeb4d269be16a391d51db67a91b09312d61d44c0bcb08",,"2026-03-06T13:00:00.000","30","TRAFFIC SIGNAL","FUNCTIONING PROPERLY","RAIN","DAYLIGHT","SIDESWIPE SAME DIRECTION","ONE-WAY",,"STRAIGHT AND LEVEL","WET","NO DEFECTS","ON SCENE","NO INJURY / DRIVE AWAY",,,,"OVER $1,500","2026-03-06T13:04:00.000","FAILING TO YIELD RIGHT-OF-WAY","NOT APPLICABLE","2415","N","LAVERGNE AVE","2521",,,,,,,"2","NO INDICATION OF INJURY","0","0","0","0","0","2","0","13","6","3","41.924723637","-87.7510918281","POINT (-87.751091828144 41.92472363698)"
"e0b5260ad9acbd9f7882c106456b6eae8f7ef70c84c3682099c150386eec72ee4e1e5b3c1b618f3c68016491011f1d13787525b646ff7ccaa0a7c86817297ec2",,"2026-03-06T13:00:00.000","30","UNKNOWN","UNKNOWN","UNKNOWN","UNKNOWN","REAR END","UNKNOWN",,"STRAIGHT AND LEVEL","UNKNOWN","UNKNOWN","NOT ON SCENE (DESK REPORT)","NO INJURY / DRIVE AWAY",,,,"OVER $1,500","2026-03-06T18:00:00.000","UNABLE TO DETERMINE","NOT APPLICABLE","6332","N","NORTHWEST HWY","1612",,,,,,,"2","NO INDICATION OF INJURY","0","0","0","0","0","2","0","13","6","3","41.9963972701","-87.8060578492","POINT (-87.806057849245 41.996397270108)"
"e5cf4dd5642d8d2ab40f219055d2eb3b702e29cb60ad10cfd70b14175b3f0c9de31fc2a837f2079c32f4494f9c0888d60442102fc626df235b8834773799d078",,"2026-03-06T12:58:00.000","30","NO CONTROLS","NO CONTROLS","UNKNOWN","DAYLIGHT","PARKED MOTOR VEHICLE","OTHER",,"STRAIGHT AND LEVEL","WET","NO DEFECTS","ON SCENE","NO INJURY / DRIVE AWAY",,"Y","Y","OVER $1,500","2026-03-06T13:13:00.000","NOT APPLICABLE","NOT APPLICABLE","4718","S","PAULINA ST","931",,,,,,,"3","NO INDICATION OF INJURY","0","0","0","0","0","2","0","12","6","3","41.8079800902","-87.6675249882","POINT (-87.667524988177 41.807980090177)"
"9de7bb522dbe6c06e1b0bc4f9647086bef0c70728f25901268daa1966908d9d8f85eb3b25feb69d7ed1c3d2c807c6c9337e5012b934a88f773ad2f3b1ca88612",,"2026-03-06T12:55:00.000","30","TRAFFIC SIGNAL","FUNCTIONING PROPERLY","RAIN","DAYLIGHT","PEDESTRIAN","FOUR WAY",,"STRAIGHT AND LEVEL","WET","NO DEFECTS","ON SCENE","INJURY AND / OR TOW DUE TO CRASH","Y",,,"OVER $1,500","2026-03-06T13:03:00.000","FAILING TO YIELD RIGHT-OF-WAY","UNABLE TO DETERMINE","5759","W","IRVING PARK RD","1633",,,,,,,"2","REPORTED, NOT EVIDENT","1","0","0","0","1","2","0","12","6","3","41.9530121102","-87.7718231225","POINT (-87.771823122534 41.953012110179)"
"a5fbc6977b82433494f5d056fd873866aef1b5fd074c46e0a519b892772c7ed9148765b4cdbdab265f5e70bc5b4b084c72d10b648ac6cdd89b8093830a5921c3",,"2026-03-06T12:55:00.000","30","NO CONTROLS","NO CONTROLS","CLEAR","DAYLIGHT","SIDESWIPE SAME DIRECTION","NOT DIVIDED",,"STRAIGHT AND LEVEL","UNKNOWN","UNKNOWN","NOT ON SCENE (DESK REPORT)","NO INJURY / DRIVE AWAY",,,,"OVER $1,500","2026-03-06T14:06:00.000","DRIVING SKILLS/KNOWLEDGE/EXPERIENCE","NOT APPLICABLE","7015","W","63RD ST","812",,,,,,,"2","NO INDICATION OF INJURY","0","0","0","0","0","2","0","12","6","3","41.7772833578","-87.7966218648","POINT (-87.796621864835 41.777283357844)"
"7fdb523e149c082bdd5093c584e81f3a55ccb5539d655c1a78b03f6e1524664a0da8c21f78e6d321decf725ffd04d1b95060cbc8210b0a222dcc1704f9561e33",,"2026-03-06T12:52:00.000","30","NO CONTROLS","NO CONTROLS","RAIN","DAYLIGHT","SIDESWIPE SAME DIRECTION","DIVIDED - W/MEDIAN (NOT RAISED)",,"STRAIGHT AND LEVEL","WET","NO DEFECTS","ON SCENE","NO INJURY / DRIVE AWAY",,,,"OVER $1,500","2026-03-06T12:52:00.000","UNABLE TO DETERMINE","UNABLE TO DETERMINE","3510","N","KEDZIE AVE","1733","Y","Y",,,,,"2","NO INDICATION OF INJURY","0","0","0","0","0","2","0","12","6","3","41.9451506372","-87.7079314202","POINT (-87.707931420187 41.945150637173)"
"a51405c0de745abaae6ec23714c1ac7ebd13561c5c9600b821729b5211b2a02e6554e6e087d469792be770a873d406a441ec0ecba4eee80cd08da406f6ed8251",,"2026-03-06T12:52:00.000","30","OTHER","OTHER","CLEAR","DAYLIGHT","ANGLE","FOUR WAY",,"STRAIGHT ON GRADE","DRY","NO DEFECTS","ON SCENE","INJURY AND / OR TOW DUE TO CRASH","Y",,,"OVER $1,500","2026-03-06T12:53:00.000","FAILING TO YIELD RIGHT-OF-WAY","NOT APPLICABLE","800","E","79TH ST","624",,,,,,,"3","NONINCAPACITATING INJURY","5","0","0","5","0","1","0","12","6","3","41.7513967014","-87.6051546581","POINT (-87.605154658072 41.751396701356)"