"crash_record_id","crash_date_est_i","crash_date","posted_speed_limit","traffic_control_device","device_condition","weather_condition","lighting_condition","first_crash_type","trafficway_type","lane_cnt","alignment","roadway_surface_cond","road_defect","report_type","crash_type","intersection_related_i","private_property_i","hit_and_run_i","damage","date_police_notified","prim_contributory_cause","sec_contributory_cause","street_no","street_direction","street_name","beat_of_occurrence","photos_taken_i","statements_taken_i","dooring_i","work_zone_i","work_zone_type","workers_present_i","num_units","most_severe_injury","injuries_total","injuries_fatal","injuries_incapacitating","injuries_non_incapacitating","injuries_reported_not_evident","injuries_no_indication","injuries_unknown","crash_hour","crash_day_of_week","crash_month","latitude","longitude","location"
"1f731bd71dfd26c4e98154e4af62f14d9dd544e50de6b22b3bf213abea0ee2e05a9be0530d2e8800de25a9443e86adfdd4129def119d112cb4f5cbbb67e2e748",,"2026-03-06T12:50:00.000","30","NO CONTROLS","NO CONTROLS","RAIN","DAYLIGHT","PARKED MOTOR VEHICLE","DIVIDED - W/MEDIAN (NOT RAISED)",,"STRAIGHT AND LEVEL","WET","UNKNOWN","NOT ON SCENE (DESK REPORT)","NO INJURY / DRIVE AWAY",,,"Y","$501 - $1,500","2026-03-06T13:50:00.000","DRIVING SKILLS/KNOWLEDGE/EXPERIENCE","NOT APPLICABLE","1331","N","WESTERN AVE","1424",,,,,,,"2","NO INDICATION OF INJURY","0","0","0","0","0","1","0","12","6","3","41.9057847481","-87.6869540667","POINT (-87.686954066727 41.905784748076)"
"200855328471c8c947156ca0601fc089c4ca87a8d3a0559dba8e274e857a0c0bbeb353c05486d9e572ee0f6be0542285d8fd05bfa84b5c056a8034ac6b2c4bf1",,"2026-03-06T12:50:00.000","30","STOP SIGN/FLASHER","FUNCTIONING PROPERLY","RAIN","DAYLIGHT","ANGLE","ONE-WAY",,"STRAIGHT AND LEVEL","WET","NO DEFECTS","ON SCENE","INJURY AND / OR TOW DUE TO CRASH","Y",,"Y","OVER $1,500","2026-03-06T12:50:00.000","DISREGARDING STOP SIGN","FAILING TO REDUCE SPEED TO AVOID CRASH","4232","W","14TH ST","1011",,,,,,,"2","REPORTED, NOT EVIDENT","2","0","0","0","2","1","0","12","6","3","41.8625427729","-87.7312331805","POINT (-87.731233180495 41.86254277291)"
"5a594cde3d0970c9b10e14a8f08766a8de66e59f9ecabd87962aa92395b928b82c5fc84b09c998476dff91e7cba5e84af3f2bc6d74a9d8273567471babcfd41a",,"2026-03-06T12:45:00.000","30","NO CONTROLS","NO CONTROLS","RAIN","DAYLIGHT","SIDESWIPE SAME DIRECTION","NOT DIVIDED",,"STRAIGHT AND LEVEL","WET","NO DEFECTS","ON SCENE","INJURY AND / OR TOW DUE TO CRASH",,,,"OVER $1,500","2026-03-06T12:50:00.000","FAILING TO YIELD RIGHT-OF-WAY","NOT APPLICABLE","1846","W","BELMONT AVE","1922",,,,,,,"3","NO INDICATION OF INJURY","0","0","0","0","0","3","0","12","6","3","41.9397129596","-87.6757786229","POINT (-87.675778622899 41.939712959568)"
"46cc1a6a8d88c12af2bf05691e101db6c24c0171032b4028741543a5f60b22b472535917c29724180730b98b6647650b3abc319a1ede65932882dc92c57c5dba",,"2026-03-06T12:35:00.000","30","NO CONTROLS","NO CONTROLS","RAIN","DAYLIGHT","REAR END","NOT DIVIDED",,"STRAIGHT AND LEVEL","WET","UNKNOWN","NOT ON SCENE (DESK REPORT)","NO INJURY / DRIVE AWAY",,,,"$501 - $1,500","2026-03-06T13:15:00.000","UNABLE TO DETERMINE","UNABLE TO DETERMINE","5887","N","RIDGE AVE","2013",,,,,,,"2","NO INDICATION OF INJURY","0","0","0","0","0","2","0","12","6","3","41.988935872","-87.6685069617","POINT (-87.668506961663 41.98893587201)"
"d526e20cd0ca11fb02176df1dc59a8263fc19b8a6f174afd14889b11dbb79ca07c3d6342df8aa7ec6b38b49185d7936da6999572c5d09537b1113d22b1b761ac",,"2026-03-06T12:34:00.000","30","NO CONTROLS","NO CONTROLS","RAIN","DAYLIGHT","PARKED MOTOR VEHICLE","NOT DIVIDED",,"STRAIGHT AND LEVEL","WET","NO DEFECTS","ON SCENE","NO INJURY / DRIVE AWAY",,,"Y","$501 - $1,500","2026-03-06T14:05:00.000","UNABLE TO DETERMINE","NOT APPLICABLE","3918","W","FLOURNOY ST","1132",,"Y",,,,,"2","NO INDICATION OF INJURY","0","0","0","0","0","1","0","12","6","3","41.8726681551","-87.7237573761","POINT (-87.723757376119 41.872668155069)"
"f52e92306fb195b2fe3584b4e797e606471b15f8140c29286502ebfd90b42ee29d6a7ba6ea7c7c32e28698c2bca9d3864f25f80745f532102e01a7a7205e60f8",,"2026-03-06T12:32:00.000","30","TRAFFIC SIGNAL","FUNCTIONING PROPERLY","RAIN","DAYLIGHT","REAR END","NOT DIVIDED",,"STRAIGHT AND LEVEL","WET","NO DEFECTS","ON SCENE","NO INJURY / DRIVE AWAY",,,"Y","OVER $1,500","2026-03-06T12:32:00.000","FOLLOWING TOO CLOSELY","EQUIPMENT - VEHICLE CONDITION","3305","N","CALIFORNIA AVE","1733",,,,,,,"2","NO INDICATION OF INJURY","0","0","0","0","0","2","0","12","6","3","41.9420526003","-87.6977576664","POINT (-87.697757666446 41.942052600342)"
"b66d930fe17b2b9aaa7b617a2bbe3b2cb3e6967160976dec4bcb35954fec6fd81943d32fc0d1175b8726951279f46731523ca3d2ed235c06889d0c1c808a0cfa",,"2026-03-06T12:30:00.000","30","NO CONTROLS","NO CONTROLS","CLEAR","DAYLIGHT","PARKED MOTOR VEHICLE","PARKING LOT",,"STRAIGHT AND LEVEL","DRY","NO DEFECTS","NOT ON SCENE (DESK REPORT)","NO INJURY / DRIVE AWAY",,,"Y","OVER $1,500","2026-03-06T16:00:00.000","UNABLE TO DETERMINE","NOT APPLICABLE","4120","S","PULASKI RD","815",,,,,,,"2","NO INDICATION OF INJURY","0","0","0","0","0","1","0","12","6","3","41.8178316665","-87.724077152","POINT (-87.724077152023 41.817831666459)"
"a72b05308dd1e89ea2ccee7980774ced21f1357555b3dd47eba5b61cbcbf0c4831a42198c63997052ec56b04a45b1840ecf4dbb7a03424700fc3d2e65f0aba2c",,"2026-03-06T12:20:00.000","30","TRAFFIC SIGNAL","UNKNOWN","UNKNOWN","DAYLIGHT","PEDESTRIAN","FOUR WAY",,"STRAIGHT AND LEVEL","UNKNOWN","UNKNOWN","ON SCENE","INJURY AND / OR TOW DUE TO CRASH","Y",,"Y","OVER $1,500","2026-03-06T14:37:00.000","NOT APPLICABLE","NOT APPLICABLE","1000","W","FOSTER AVE","2023",,,,,,,"2","NONINCAPACITATING INJURY","1","0","0","1","0","1","0","12","6","3","41.976505116","-87.6550318822","POINT (-87.655031882248 41.976505115957)"
"a700ffdb10211c4660bf28705afe46ea8c46be63b39c30d59f0b6258a05d8293ad2ecef058244f63c160777fd23604e776f8546ed318b9aed832479fa2ab95d7",,"2026-03-06T12:15:00.000","30","STOP SIGN/FLASHER","FUNCTIONING PROPERLY","CLOUDY/OVERCAST","DAYLIGHT","REAR END","NOT DIVIDED",,"STRAIGHT AND LEVEL","WET","NO DEFECTS","ON SCENE","NO INJURY / DRIVE AWAY",,,,"OVER $1,500","2026-03-06T12:34:00.000","UNABLE TO DETERMINE","UNABLE TO DETERMINE","901","W","LAKE ST","1224",,,,,,,"2","NO INDICATION OF INJURY","0","0","0","0","0","2","0","12","6","3","41.8855166698","-87.64986417","POINT (-87.649864169994 41.885516669814)"
"2ba80805c1f4fd81f79f876be1e9b153fa784b76d7a9fa4a5a12e8f0d21829effbff0db0196d0f02b37ff2608a7889ffbd0eee12c399677b307a96adc9d6e346","Y","2026-03-06T12:00:00.000","30","NO CONTROLS","NO CONTROLS","RAIN","DAYLIGHT","PARKED MOTOR VEHICLE","NOT DIVIDED",,"STRAIGHT AND LEVEL","WET","NO DEFECTS","ON SCENE","INJURY AND / OR TOW DUE TO CRASH",,,"Y","OVER $1,500","2026-03-06T16:30:00.000","UNABLE TO DETERMINE","UNABLE TO DETERMINE","7758","S","JEFFERY BLVD","414",,,,,,,"2","NO INDICATION OF INJURY","0","0","0","0","0","1","0","12","6","3","41.7535130519","-87.5761746847","POINT (-87.576174684733 41.7535130519)"
"5c082067bb503a75d1338cff8cdf1103eae0317a0c1db24ce61608d714e197002f36cd9985204018ae19b826e9bde408c1a31a629c31a7f1c9be9a595b807029",,"2026-03-06T12:00:00.000","25","NO CONTROLS","NOT FUNCTIONING","CLEAR","DAYLIGHT","SIDESWIPE SAME DIRECTION","NOT DIVIDED",,"STRAIGHT AND LEVEL","WET","UNKNOWN","NOT ON SCENE (DESK REPORT)","NO INJURY / DRIVE AWAY","Y",,"Y","OVER $1,500","2026-03-06T13:20:00.000","UNABLE TO DETERMINE","UNABLE TO DETERMINE","2876","W","CERMAK RD","1023",,,,,,,"2","NO INDICATION OF INJURY","0","0","0","0","0","2","0","12","6","3","41.8519666536","-87.698669718","POINT (-87.698669717952 41.85196665364)"
"a333f12c068d063e2233967c4cdb236d82a10f2667543f739f6fb769836a3a4d0d080f02edb1b2e1320439b7563d5b8defba1b6aa0aa40a07f5191f51a3935bb",,"2026-03-06T12:00:00.000","25","NO CONTROLS","NO CONTROLS","CLEAR","DARKNESS, LIGHTED ROAD","PARKED MOTOR VEHICLE","ONE-WAY",,"STRAIGHT AND LEVEL","DRY","NO DEFECTS","NOT ON SCENE (DESK REPORT)","NO INJURY / DRIVE AWAY",,,"Y","OVER $1,500","2026-03-07T09:00:00.000","NOT APPLICABLE","NOT APPLICABLE","55","E","SCOTT ST","1824",,,,,,,"2","NO INDICATION OF INJURY","0","0","0","0","0","1","0","12","6","3","41.9047798131","-87.6266442248","POINT (-87.626644224833 41.904779813081)"
"75608bd594a010e09e28448d73b2c13f82bc80cd25279a273130fe4ae9cf10927a3995d8d1f361cfe54052af98957419ae2b7cbe741c06aa7504250b35b63268",,"2026-03-06T11:55:00.000","30","TRAFFIC SIGNAL","FUNCTIONING PROPERLY","RAIN","DAYLIGHT","REAR END","NOT DIVIDED",,"STRAIGHT AND LEVEL","WET","NO DEFECTS","ON SCENE","NO INJURY / DRIVE AWAY",,,"Y","OVER $1,500","2026-03-06T11:59:00.000","FOLLOWING TOO CLOSELY","UNABLE TO DETERMINE","599","W","127TH ST","523",,,,,,,"2","NO INDICATION OF INJURY","0","0","0","0","0","2","0","11","6","3","41.6631453042","-87.6365621919","POINT (-87.636562191929 41.663145304161)"
"0d045ec57bad871eb185528e088674da1803b6b7557cff3e142ffceab9aa59fbb4ef2b426fe3a4bbdf13ad28944a8138ec30d01a7acec79af7668273f6695050",,"2026-03-06T11:50:00.000","30","TRAFFIC SIGNAL","FUNCTIONING PROPERLY","RAIN","DAYLIGHT","ANGLE","FOUR WAY",,"STRAIGHT AND LEVEL","WET","UNKNOWN","NOT ON SCENE (DESK REPORT)","NO INJURY / DRIVE AWAY","Y",,,"$501 - $1,500","2026-03-13T14:40:00.000","FAILING TO YIELD RIGHT-OF-WAY","NOT APPLICABLE","3559","N","CICERO AVE","1731",,,,,,,"2","NO INDICATION OF INJURY","0","0","0","0","0","2","0","11","6","3","41.9460875414","-87.7469149796","POINT (-87.746914979618 41.946087541368)"
"4d1e09819a54ce85686b90d195c9f8b1c0252453ad55e1f06a56910d067988dc9d2b2c5b6079699e9696ccee56d53658177e2b6558b61a1dc177ad13399de6c4",,"2026-03-06T11:50:00.000","30","STOP SIGN/FLASHER","FUNCTIONING PROPERLY","RAIN","DAYLIGHT","ANGLE","FOUR WAY",,"STRAIGHT AND LEVEL","WET","NO DEFECTS","ON SCENE","INJURY AND / OR TOW DUE TO CRASH","Y",,,"OVER $1,500","2026-03-06T11:55:00.000","FAILING TO YIELD RIGHT-OF-WAY","NOT APPLICABLE","5400","N","MULLIGAN AVE","1622",,,,,,,"2","NO INDICATION OF INJURY","0","0","0","0","0","2","0","11","6","3","41.9793691479","-87.7867376308","POINT (-87.786737630837 41.979369147889)"
"cf2a7dab8885184ce591cd7ada9b60db08804f1a3ba12cd34b62ede4026deec6c4a8e4cd006e5b5f33737a4cb64b5ffa6a81591011f04f899dd2248c4a38ee3f",,"2026-03-06T11:50:00.000","30","TRAFFIC SIGNAL","FUNCTIONING PROPERLY","CLEAR","DAYLIGHT","SIDESWIPE SAME DIRECTION","NOT DIVIDED",,"STRAIGHT AND LEVEL","DRY","UNKNOWN","NOT ON SCENE (DESK REPORT)","NO INJURY / DRIVE AWAY",,,,"$500 OR LESS","2026-03-07T16:53:00.000","UNABLE TO DETERMINE","UNABLE TO DETERMINE","7199","W","60TH ST","812",,,,,,,"2","NO INDICATION OF INJURY","0","0","0","0","0","2","0","11","6","3","41.782664961","-87.8010061101","POINT (-87.801006110073 41.782664961018)"
"53ed6eb27c906c95cabf4350e590ddab0ef9a981fb3b0b07931d18fbb60b123bf3d2c647ef96e9c9fa9d9cf6d0f9f2f6013d9852938ec9fa5b6c58ff753fadf1",,"2026-03-06T11:40:00.000","35","TRAFFIC SIGNAL","FUNCTIONING PROPERLY","RAIN","DAYLIGHT","REAR END","NOT DIVIDED",,"STRAIGHT AND LEVEL","WET","NO DEFECTS","NOT ON SCENE (DESK REPORT)","NO INJURY / DRIVE AWAY",,,,"OVER $1,500","2026-03-06T12:30:00.000","FAILING TO REDUCE SPEED TO AVOID CRASH","FOLLOWING TOO CLOSELY","3600","W","ADDISON ST","1732",,,,,,,"2","NO INDICATION OF INJURY","0","0","0","0","0","4","0","11","6","3","41.9466121615","-87.7177041362","POINT (-87.71770413624 41.946612161493)"
"5a7e2b07383ea613c4055bf2bcf47713c8834494eb646706e0960c64c1280e0d6a50e1f3347ff42c4c01ee61d5da2bdd7f7e43920c9eaced854d6daaf490c882",,"2026-03-06T11:35:00.000","30","TRAFFIC SIGNAL","FUNCTIONING PROPERLY","CLOUDY/OVERCAST","DAYLIGHT","REAR END","NOT DIVIDED",,"STRAIGHT AND LEVEL","WET","NO DEFECTS","ON SCENE","INJURY AND / OR TOW DUE TO CRASH","Y",,,"OVER $1,500","2026-03-06T11:37:00.000","FOLLOWING TOO CLOSELY","FAILING TO REDUCE SPEED TO AVOID CRASH","9300","S","COLFAX AVE","423",,,,,,,"2","NONINCAPACITATING INJURY","1","0","0","1","0","1","0","11","6","3","41.7262075704","-87.5609628453","POINT (-87.560962845266 41.7262075704)"
"6703719d6734e288044b9a9bc5c6374f84ddde4dddf67100d4650b7c7b770596380679ae9dc7a6f4d7bbf3cb27de30c876cd7ed17693d19c1cffc18fbaa4cd1b",,"2026-03-06T11:30:00.000","30","NO CONTROLS","NO CONTROLS","UNKNOWN","DAYLIGHT","PARKED MOTOR VEHICLE","NOT DIVIDED",,"STRAIGHT AND LEVEL","WET","NO DEFECTS","ON SCENE","NO INJURY / DRIVE AWAY",,,,"OVER $1,500","2026-03-06T11:52:00.000","UNABLE TO DETERMINE","NOT APPLICABLE","3644","W","DIVERSEY AVE","2523",,,,,,,"2","NO INDICATION OF INJURY","0","0","0","0","0","1","0","11","6","3","41.931996161","-87.7190287941","POINT (-87.719028794065 41.931996160991)"
"51caa253597d3f808383fbe4a2458c27bc8de566a54d217b7d7eefb1d6290db410e17c927eed6b518ef160bb0d22bdd922c999f6b9a4b8fcfb3650f09287b1db",,"2026-03-06T11:27:00.000","30","OTHER","OTHER","RAIN","DAYLIGHT","TURNING","DIVIDED - W/MEDIAN (NOT RAISED)",,"STRAIGHT AND LEVEL","WET","NO DEFECTS","ON SCENE","INJURY AND / OR TOW DUE TO CRASH",,,"Y","OVER $1,500","2026-03-06T11:28:00.000","IMPROPER TURNING/NO SIGNAL","FAILING TO YIELD RIGHT-OF-WAY","510","E","79TH ST","624",,,,,,,"3","NO INDICATION OF INJURY","0","0","0","0","0","4","0","11","6","3","41.7512762574","-87.6120262551","POINT (-87.612026255066 41.75127625742)"
"066ff72287c6c7ce2c9bcab656304878c31c68430b103f3a7c576367a7d8963e3897c012dea23f918d3fa6233b58aa0117bbc4564fb6815341935480ffbe65ad",,"2026-03-06T11:15:00.000","30","NO CONTROLS","NO CONTROLS","CLEAR","DAYLIGHT","PARKED MOTOR VEHICLE","NOT DIVIDED",,"STRAIGHT AND LEVEL","DRY","NO DEFECTS","ON SCENE","NO INJURY / DRIVE AWAY",,,"Y","$500 OR LESS","2026-03-06T12:10:00.000","DRIVING SKILLS/KNOWLEDGE/EXPERIENCE","DRIVING SKILLS/KNOWLEDGE/EXPERIENCE","8928","S","COMMERCIAL AVE","423",,,,,,,"2","NO INDICATION OF INJURY","0","0","0","0","0","2","0","11","6","3","41.7328422114","-87.551469154","POINT (-87.551469153985 41.732842211373)"
"2d2f5f4f3f6ab29d2a4a6533fe94268bbcf04599fcd09622458dc8c1b3697050ce5d1326e7b986929d9f82251e04c3da9b27278533d8183869f52c8e435a1aab",,"2026-03-06T11:00:00.000","30","NO CONTROLS","NO CONTROLS","CLEAR","DAYLIGHT","ANGLE","NOT DIVIDED",,"STRAIGHT AND LEVEL","DRY","NO DEFECTS","NOT ON SCENE (DESK REPORT)","NO INJURY / DRIVE AWAY",,,,"$501 - $1,500","2026-03-12T12:31:00.000","FAILING TO YIELD RIGHT-OF-WAY","NOT APPLICABLE","448","N","DAMEN AVE","1221",,,,,,,"2","NO INDICATION OF INJURY","0","0","0","0","0","2","0","11","6","3","41.8901003205","-87.677034699","POINT (-87.677034698966 41.890100320473)"
"323ddcb14b46a531592ca95ec7f3624133dc1947eda8ac5996f105402848bff1e1ae2fb94f09352aa1aaf08d16df8d4d82dbe298500acdc9a5e3e86c7e4e94e9",,"2026-03-06T11:00:00.000","30","UNKNOWN","UNKNOWN","RAIN","DAYLIGHT","SIDESWIPE SAME DIRECTION","NOT DIVIDED",,"STRAIGHT AND LEVEL","WET","UNKNOWN","NOT ON SCENE (DESK REPORT)","NO INJURY / DRIVE AWAY",,,"Y","OVER $1,500","2026-03-07T18:15:00.000","UNABLE TO DETERMINE","UNABLE TO DETERMINE","11749","S","JUSTINE ST","524",,,,,,,"2","NO INDICATION OF INJURY","0","0","0","0","0","2","0","11","6","3","41.6797547758","-87.6600910351","POINT (-87.660091035104 41.679754775768)"
"4983653f6bdf9976ea28dced359f7b0cc36a3abaaaf570176686bff7bed39910ebf6b3e32405bf2f3e0b29bcbf03aecf450f2089951855ea628b54b46364d3a7",,"2026-03-06T11:00:00.000","30","NO CONTROLS","NO CONTROLS","CLEAR","DAYLIGHT","PARKED MOTOR VEHICLE","NOT DIVIDED",,"STRAIGHT AND LEVEL","DRY","NO DEFECTS","NOT ON SCENE (DESK REPORT)","NO INJURY / DRIVE AWAY",,,,"OVER $1,500","2026-03-14T10:05:00.000","UNABLE TO DETERMINE","NOT APPLICABLE","239","W","26TH ST","914",,,,,,,"2","NO INDICATION OF INJURY","0","0","0","0","0","1","0","11","6","3","41.8453946438","-87.6334660024","POINT (-87.633466002395 41.845394643755)"
"aae4c2b72d0966bee891ffd3f2b388e1c9a4740c31232cd2871960d65da3b56ac922ee33c556e1385a1f94dee094cda5bc294384eb51cc80cbbb8f92a1293d17",,"2026-03-06T10:47:00.000","30","NO CONTROLS","NO CONTROLS","RAIN","DAYLIGHT","REAR END","DIVIDED - W/MEDIAN (NOT RAISED)",,"STRAIGHT AND LEVEL","WET","UNKNOWN","ON SCENE","INJURY AND / OR TOW DUE TO CRASH",,,,"OVER $1,500","2026-03-06T10:49:00.000","FOLLOWING TOO CLOSELY","NOT APPLICABLE","4445","W","IRVING PARK RD","1731",,,,,,,"2","NO INDICATION OF INJURY","0","0","0","0","0","2","0","10","6","3","41.9534018801","-87.7397748179","POINT (-87.739774817883 41.953401880059)"
"17080243b3cb26d83e36c66b8d33b8c2d2f381e604017f247015883b7e8991e5f0f84e74ab1e14a4649174f277f0102063991e41209edfad5904b78f04f645d3",,"2026-03-06T10:45:00.000","30","TRAFFIC SIGNAL","UNKNOWN","RAIN","DAYLIGHT","SIDESWIPE SAME DIRECTION","DIVIDED - W/MEDIAN (NOT RAISED)",,"STRAIGHT AND LEVEL","WET","UNKNOWN","NOT ON SCENE (DESK REPORT)","NO INJURY / DRIVE AWAY",,,,"OVER $1,500","2026-03-06T11:15:00.000","IMPROPER OVERTAKING/PASSING","IMPROPER OVERTAKING/PASSING","1298","W","IRVING PARK RD","1915",,,,,,,"2","NO INDICATION OF INJURY","0","0","0","0","0","2","0","10","6","3","41.9544903715","-87.6621055936","POINT (-87.662105593576 41.954490371527)"
"7332ae111081451f7337ad114ba2ee73d4ac55b24fe7ae8605444462a643dfb0f54336061222fe8693de4953cd5f92193bf791f84780c79096ae1e0e6ae14027",,"2026-03-06T10:45:00.000","30","NO CONTROLS","NO CONTROLS","CLOUDY/OVERCAST","DAYLIGHT","SIDESWIPE SAME DIRECTION","DIVIDED - W/MEDIAN (NOT RAISED)",,"STRAIGHT AND LEVEL","WET","NO DEFECTS","ON SCENE","NO INJURY / DRIVE AWAY",,,"Y","$501 - $1,500","2026-03-06T10:50:00.000","IMPROPER OVERTAKING/PASSING","NOT APPLICABLE","75","E","OHIO ST","1834",,,,"Y","CONSTRUCTION","N","2","NO INDICATION OF INJURY","0","0","0","0","0","2","0","10","6","3","41.8924134873","-87.6254533866","POINT (-87.625453386562 41.89241348727)"
"bc252c77da099d6ee2dc1160bcf075fa0774759864deab8bc2b13af60553328facbe01b1be6a0c50087702c18f4dc5c662b1732e221b4da5b49c902a42a6abab",,"2026-03-06T10:45:00.000","30","TRAFFIC SIGNAL","FUNCTIONING PROPERLY","RAIN","DAYLIGHT","ANGLE","DIVIDED - W/MEDIAN (NOT RAISED)",,"STRAIGHT AND LEVEL","WET","NO DEFECTS","ON SCENE","INJURY AND / OR TOW DUE TO CRASH","Y",,,"OVER $1,500","2026-03-06T10:48:00.000","DISREGARDING TRAFFIC SIGNALS","DISREGARDING TRAFFIC SIGNALS","2559","S","WESTERN AVE","1034",,,,,,,"2","NO INDICATION OF INJURY","0","0","0","0","0","2","0","10","6","3","41.8449294555","-87.685304331","POINT (-87.685304330982 41.844929455482)"
"9d3d9401bad9e78714143eacf79be0f4c5f6eb42774eba05ae9bd350aa4fd6ce0f25917ee1f8e00d11613fef6ff0bb8816bf95173ba2382b5f5c0d624dc715be",,"2026-03-06T10:37:00.000","30","UNKNOWN","UNKNOWN","RAIN","DAYLIGHT","ANGLE","NOT DIVIDED",,"STRAIGHT AND LEVEL","WET","UNKNOWN",,"INJURY AND / OR TOW DUE TO CRASH",,,,"OVER $1,500","2026-03-06T10:38:00.000","UNABLE TO DETERMINE","NOT APPLICABLE","5707","W","NORTH AVE","2531",,,,,,,"2","NO INDICATION OF INJURY","0","0","0","0","0","4","0","10","6","3","41.9092296625","-87.7686248443","POINT (-87.76862484425 41.909229662506)"
"6e4834c2e1b8b7b214f95936b74a5fbec114f610f6275572c48d80870b4d5e7e59b2406ea1ff51e026416d2d49a58feb82bf092ed7aabd4ba812ad36e9e824c6",,"2026-03-06T10:30:00.000","25","STOP SIGN/FLASHER","FUNCTIONING PROPERLY","RAIN","DAYLIGHT","ANGLE","FOUR WAY",,"STRAIGHT AND LEVEL","WET","NO DEFECTS","NOT ON SCENE (DESK REPORT)","NO INJURY / DRIVE AWAY","Y",,,"OVER $1,500","2026-03-06T11:30:00.000","UNABLE TO DETERMINE","NOT APPLICABLE","2819","W","GRANVILLE AVE","2413",,,,,,,"2","NO INDICATION OF INJURY","0","0","0","0","0","2","0","10","6","3","41.9938583431","-87.7003319704","POINT (-87.700331970442 41.993858343149)"
"c1e735f39c283ce5ef4b3b1a405a681dedce07a6111b312da1f292667c411eaad476a7b42861655ee3dab40af48290ae61476b49c628db2a9a0a566675028d22",,"2026-03-06T10:30:00.000","35","NO CONTROLS","NO CONTROLS","RAIN","DAYLIGHT","TURNING","NOT DIVIDED",,"STRAIGHT AND LEVEL","WET","NO DEFECTS","NOT ON SCENE (DESK REPORT)","NO INJURY / DRIVE AWAY",,,,"OVER $1,500","2026-03-06T10:45:00.000","IMPROPER TURNING/NO SIGNAL","NOT APPLICABLE","4920","N","MILWAUKEE AVE","1623",,,,,,,"2","NO INDICATION OF INJURY","0","0","0","0","0","2","0","10","6","3","41.9701332769","-87.7629128573","POINT (-87.762912857344 41.970133276923)"
"cf3c3163656c98553527f0b5a302e33761cc446fb641ac2483a9f703e0172dd3aebd4b243553dcd0d14a593974290d0dbfa16611fd0084e8f55cf0e693f49763",,"2026-03-06T10:30:00.000","10","NO CONTROLS","NO CONTROLS","RAIN","DAYLIGHT","PARKED MOTOR VEHICLE","PARKING LOT",,"STRAIGHT AND LEVEL","WET","NO DEFECTS","NOT ON SCENE (DESK REPORT)","NO INJURY / DRIVE AWAY",,"Y",,"OVER $1,500","2026-03-06T11:45:00.000","IMPROPER BACKING","IMPROPER BACKING","9400","S","ASHLAND AVE","2221",,,,,,,"2","NO INDICATION OF INJURY","0","0","0","0","0","2","0","10","6","3","41.7229412182","-87.6628628713","POINT (-87.662862871273 41.72294121821)"
"3b21e7fbd0547004598c2d486ebead6b229faaab0ecf6f2ab42e4492f3c909fef18f1b3368f04a230a07793f4af08de22b6ecce3c6d2ce7a77f836e81d0b97c4",,"2026-03-06T10:25:00.000","30","NO CONTROLS","NO CONTROLS","CLEAR","DAYLIGHT","PARKED MOTOR VEHICLE","ONE-WAY",,"STRAIGHT AND LEVEL","WET","NO DEFECTS","NOT ON SCENE (DESK REPORT)","NO INJURY / DRIVE AWAY",,,,"OVER $1,500","2026-03-06T13:00:00.000","IMPROPER BACKING","NOT APPLICABLE","6900","S","CRANDON AVE","331",,"Y",,,,,"2","NO INDICATION OF INJURY","0","0","0","0","0","1","0","10","6","3","41.7697785455","-87.5700153009","POINT (-87.570015300923 41.76977854545)"
"de6b41e596708075e7cb34e8524c90181d00cfcbc70087802580d0ab498c67e684e5a3c3ec8b0e59a1a048d377d93678ac3da6e62b5569573e057914a314a957",,"2026-03-06T10:15:00.000","30","NO CONTROLS","NO CONTROLS","CLOUDY/OVERCAST","DAYLIGHT","TURNING","NOT DIVIDED",,"STRAIGHT AND LEVEL","WET","NO DEFECTS","NOT ON SCENE (DESK REPORT)","NO INJURY / DRIVE AWAY",,,,"$501 - $1,500","2026-03-06T11:30:00.000","NOT APPLICABLE","NOT APPLICABLE","10400","S","TORRENCE AVE","434",,,,,,,"2","NO INDICATION OF INJURY","0","0","0","0","0","2","0","10","6","3","41.7063077218","-87.5597909176","POINT (-87.559790917563 41.706307721812)"
"58de30a8c608d586fb77de9f7220b09e745343c8f3d4c5b6de087e69341c07f008f53c0e0a6c2182b7c1ba3fe4ccc46abdb7e138c521efa3e62523a4a4346f05",,"2026-03-06T10:07:00.000","20","UNKNOWN","UNKNOWN","UNKNOWN","DAYLIGHT","PARKED MOTOR VEHICLE","NOT DIVIDED",,"STRAIGHT AND LEVEL","UNKNOWN","UNKNOWN","ON SCENE","NO INJURY / DRIVE AWAY",,,"Y","$501 - $1,500","2026-03-06T11:01:00.000","UNABLE TO DETERMINE","UNABLE TO DETERMINE","6500","S","DR MARTIN LUTHER KING JR DR","312",,,,,,,"2","NO INDICATION OF INJURY","0","0","0","0","0","1","0","10","6","3","41.7765106171","-87.6156798597","POINT (-87.615679859657 41.776510617137)"
"3f13ad6638bcbbcf72d5f679d00e9362c0707e49830e6dce70dbe50e4a7a58461712cea89691fec4b064f87517ea0892d6c7ea9acf463b01430285b6f74164bf",,"2026-03-06T10:03:00.000","30","NO CONTROLS","FUNCTIONING PROPERLY","RAIN","DAYLIGHT","TURNING","FOUR WAY",,"STRAIGHT AND LEVEL","WET","UNKNOWN","NOT ON SCENE (DESK REPORT)","NO INJURY / DRIVE AWAY","Y",,"Y","OVER $1,500","2026-03-06T10:30:00.000","UNABLE TO DETERMINE","NOT APPLICABLE","2959","N","MILWAUKEE AVE","1412",,,,,,,"2","NO INDICATION OF INJURY","0","0","0","0","0","2","0","10","6","3","41.9351069145","-87.7170721522","POINT (-87.717072152195 41.935106914488)"