"crash_record_id","crash_date_est_i","crash_date","posted_speed_limit","traffic_control_device","device_condition","weather_condition","lighting_condition","first_crash_type","trafficway_type","lane_cnt","alignment","roadway_surface_cond","road_defect","report_type","crash_type","intersection_related_i","private_property_i","hit_and_run_i","damage","date_police_notified","prim_contributory_cause","sec_contributory_cause","street_no","street_direction","street_name","beat_of_occurrence","photos_taken_i","statements_taken_i","dooring_i","work_zone_i","work_zone_type","workers_present_i","num_units","most_severe_injury","injuries_total","injuries_fatal","injuries_incapacitating","injuries_non_incapacitating","injuries_reported_not_evident","injuries_no_indication","injuries_unknown","crash_hour","crash_day_of_week","crash_month","latitude","longitude","location"
"16e5b24303ecbd51916343dc41ea92a8f2bdf5bfa73917365eb7ffb57f94fc037725d937a0285078be6f4bef827b6870d96d41b1e1927779a2c96eb9d5d898c2",,"2026-03-06T10:00:00.000","20","NO CONTROLS","NO CONTROLS","CLEAR","DAYLIGHT","PARKED MOTOR VEHICLE","NOT DIVIDED",,"STRAIGHT AND LEVEL","WET","UNKNOWN","ON SCENE","NO INJURY / DRIVE AWAY",,,,"$501 - $1,500","2026-03-06T10:05:00.000","NOT APPLICABLE","DRIVING SKILLS/KNOWLEDGE/EXPERIENCE","2443","W","ERIE ST","1221",,,,,,,"2","NO INDICATION OF INJURY","0","0","0","0","0","1","0","10","6","3","41.8928925027","-87.6884609141","POINT (-87.68846091407 41.892892502684)"
"5e7515e1e1e473546ff78fe3f5708be39c22846a345a74c8fbe6a8a83b7d289948fb8b504565869f712671eeac7c41e87b8902d9eac7d2b148bd6bab6d77cdb6","Y","2026-03-06T10:00:00.000","30","NO CONTROLS","NO CONTROLS","CLEAR","DAYLIGHT","PEDESTRIAN","NOT DIVIDED",,"STRAIGHT AND LEVEL","UNKNOWN","UNKNOWN","NOT ON SCENE (DESK REPORT)","INJURY AND / OR TOW DUE TO CRASH",,,"Y","OVER $1,500","2026-03-07T17:20:00.000","DRIVING SKILLS/KNOWLEDGE/EXPERIENCE","NOT APPLICABLE","6518","S","WESTERN AVE","832",,,,,,,"2","NONINCAPACITATING INJURY","1","0","0","1","0","1","0","10","6","3","41.774998799","-87.6836755786","POINT (-87.683675578607 41.774998799011)"
"05db5addd7ab390323aae9e00aa6302d6cb5a445e60e6d3140ecc919e3c9feaae77d5a1596ae6809a0ad543397eb3b505be65c4492d747c7f9f7ff317c61c85f",,"2026-03-06T09:58:00.000","30","UNKNOWN","FUNCTIONING PROPERLY","RAIN","DAYLIGHT","REAR END","NOT DIVIDED",,"STRAIGHT AND LEVEL","DRY","NO DEFECTS","ON SCENE","NO INJURY / DRIVE AWAY","Y",,,"OVER $1,500","2026-03-06T09:59:00.000","UNABLE TO DETERMINE","UNABLE TO DETERMINE","1059","W","BELMONT AVE","1933",,,,,,,"2","NO INDICATION OF INJURY","0","0","0","0","0","2","0","9","6","3","41.9397646845","-87.6564730101","POINT (-87.656473010144 41.939764684493)"
"cb3b9912efa5eb56fd008d82f86b346237d22c89482d18b9b464666a1a610b5cd6c7f4fea77eb4db0bd286c1b999f43ddb7bac840036aa8dc2f66e93561577e8",,"2026-03-06T09:42:00.000","30","NO CONTROLS","NO CONTROLS","RAIN","DAYLIGHT","TURNING","ALLEY",,"STRAIGHT AND LEVEL","DRY","NO DEFECTS","ON SCENE","INJURY AND / OR TOW DUE TO CRASH",,,,"OVER $1,500","2026-03-06T09:42:00.000","FAILING TO YIELD RIGHT-OF-WAY","UNABLE TO DETERMINE","1213","W","WELLINGTON AVE","1933",,,,,,,"2","NONINCAPACITATING INJURY","1","0","0","1","0","1","0","9","6","3","41.9360778583","-87.6594064417","POINT (-87.659406441718 41.936077858344)"
"a53f91871e7221bc22324736ac4d84c0ebae276a1920b208820efca5e9da28ddee00d9589ed6168a4fe3ce8513978fe4cfe0225d41b1dade65ec7dfafae4bae0",,"2026-03-06T09:35:00.000","30","STOP SIGN/FLASHER","FUNCTIONING PROPERLY","RAIN","DAYLIGHT","ANGLE","FOUR WAY",,"STRAIGHT AND LEVEL","WET","UNKNOWN","ON SCENE","NO INJURY / DRIVE AWAY","Y",,"Y","$500 OR LESS","2026-03-06T09:44:00.000","UNABLE TO DETERMINE","UNABLE TO DETERMINE","2832","W","63RD ST","823",,,,,,,"2","NO INDICATION OF INJURY","0","0","0","0","0","2","0","9","6","3","41.7792074739","-87.6946750793","POINT (-87.694675079348 41.779207473943)"
"91fd857bdc7eaf2a4c129e47f490b988d29eead78e381d90ad327f875c6471f414640b259e89dd3987fef8ec08e422956b83406b93fd970da2081261c11408a0",,"2026-03-06T09:27:00.000","30","NO CONTROLS","NO CONTROLS","CLOUDY/OVERCAST","DAYLIGHT","PARKED MOTOR VEHICLE","NOT DIVIDED",,"STRAIGHT AND LEVEL","WET","NO DEFECTS","ON SCENE","NO INJURY / DRIVE AWAY",,,"Y","OVER $1,500","2026-03-06T09:27:00.000","OPERATING VEHICLE IN ERRATIC, RECKLESS, CARELESS, NEGLIGENT OR AGGRESSIVE MANNER","NOT APPLICABLE","911","N","HAMLIN AVE","1112",,,,,,,"3","NO INDICATION OF INJURY","0","0","0","0","0","2","0","9","6","3","41.8976139611","-87.7211175679","POINT (-87.72111756791 41.897613961138)"
"5a0b162fd4c36a61fcb0062ef078cb9f43e8d3cfa6f8a46e37998fe9e826c237e89294a6257326b22199212a221ec3be349f80f514a407c0c278229585708256",,"2026-03-06T09:22:00.000","30","NO CONTROLS","NO CONTROLS","RAIN","DAYLIGHT","PEDESTRIAN","NOT DIVIDED",,"STRAIGHT AND LEVEL","WET","NO DEFECTS","ON SCENE","INJURY AND / OR TOW DUE TO CRASH",,,"Y","$500 OR LESS","2026-03-06T09:35:00.000","UNABLE TO DETERMINE","NOT APPLICABLE","448","E","87TH ST","632",,,,,,,"2","NONINCAPACITATING INJURY","1","0","0","1","0","1","0","9","6","3","41.7366408497","-87.6126028737","POINT (-87.612602873725 41.73664084968)"
"3692f2cf022cc44e34d0c2e0623e44db9682055e993f7e009d8a42927a3795a16d80d4e2b9bd24cb79724be17439e39d74f21a4d2fe093db313ca7e2a988b3d1",,"2026-03-06T09:20:00.000","30","NO CONTROLS","NO CONTROLS","RAIN","DAYLIGHT","FIXED OBJECT","ONE-WAY",,"STRAIGHT AND LEVEL","WET","NO DEFECTS","ON SCENE","NO INJURY / DRIVE AWAY",,"N",,"OVER $1,500","2026-03-06T09:25:00.000","UNABLE TO DETERMINE","UNABLE TO DETERMINE","2458","W","CONGRESS PKWY","1135",,,,,,,"1","NO INDICATION OF INJURY","0","0","0","0","0","1","0","9","6","3","41.8750847483","-87.6886226227","POINT (-87.688622622684 41.87508474828)"
"8c56c8b8fcad01d98d1363f7c82d7eaa2ec270fc88e2364559592e790e203b03f4d8acb1728a74cc5d7aae4f78c891e8c33b4cb6dec9b71d44ad82d11439c623",,"2026-03-06T09:20:00.000","30","TRAFFIC SIGNAL","FUNCTIONING PROPERLY","RAIN","DAYLIGHT","TURNING","FOUR WAY",,"STRAIGHT AND LEVEL","WET","NO DEFECTS","ON SCENE","INJURY AND / OR TOW DUE TO CRASH","Y",,,"OVER $1,500","2026-03-06T09:20:00.000","VISION OBSCURED (SIGNS, TREE LIMBS, BUILDINGS, ETC.)","UNABLE TO DETERMINE","3200","W","79TH ST","835",,,,,,,"2","NO INDICATION OF INJURY","0","0","0","0","0","2","0","9","6","3","41.7499520014","-87.7024484781","POINT (-87.702448478087 41.749952001423)"
"b7ab06bf5f755d0c02f7362cd09705acbe668f85749b7cae6c898580ac286b2db1a184c02f9920216e33afca9bcef881be2c6d25133f45d24182bc473d43757f",,"2026-03-06T09:20:00.000","30","NO CONTROLS","UNKNOWN","CLEAR","DAYLIGHT","PARKED MOTOR VEHICLE","NOT DIVIDED",,"STRAIGHT AND LEVEL","WET","NO DEFECTS","ON SCENE","NO INJURY / DRIVE AWAY",,,,"OVER $1,500","2026-03-06T09:22:00.000","NOT APPLICABLE","NOT APPLICABLE","1045","W","115TH ST","524",,,,,,,"2","NO INDICATION OF INJURY","0","0","0","0","0","3","0","9","6","3","41.6848841621","-87.6487932481","POINT (-87.648793248147 41.684884162068)"
"e6429515d30951c73a52afd6ed0d640bbaca588130b5bb8c73e7fa4a6dbde9a0d0acd5d95df878b2f5406e8982aa86bed45f1f0d52d3fbce67795a8dd8bce278",,"2026-03-06T09:15:00.000","35","UNKNOWN","UNKNOWN","UNKNOWN","UNKNOWN","PARKED MOTOR VEHICLE","UNKNOWN",,"STRAIGHT AND LEVEL","UNKNOWN","UNKNOWN","NOT ON SCENE (DESK REPORT)","NO INJURY / DRIVE AWAY",,,,"$501 - $1,500","2026-03-06T10:00:00.000","UNABLE TO DETERMINE","NOT APPLICABLE","3710","E","106TH ST","432",,,,,,,"2","NO INDICATION OF INJURY","0","0","0","0","0","1","0","9","6","3","41.7028344359","-87.5335988068","POINT (-87.533598806757 41.702834435943)"
"36f51eee18a1df1f14d6efff960f95c16b02f0161743142281d6390e54622dae57fcee644fac038db9a7b4b940fd61b3a98ea2c4223c1f16901f859f551a5089",,"2026-03-06T09:10:00.000","30","NO CONTROLS","NO CONTROLS","FOG/SMOKE/HAZE","DAYLIGHT","REAR TO FRONT","NOT DIVIDED",,"STRAIGHT AND LEVEL","WET","NO DEFECTS","NOT ON SCENE (DESK REPORT)","NO INJURY / DRIVE AWAY",,,,"$501 - $1,500","2026-03-06T09:20:00.000","IMPROPER BACKING","NOT APPLICABLE","1410","W","ADDISON ST","1922",,,,,,,"2","NO INDICATION OF INJURY","0","0","0","0","0","2","0","9","6","3","41.9471694213","-87.6644998468","POINT (-87.664499846814 41.947169421314)"
"472843bc8b32211bbfba46cba18daaa4aa1a2df6ad3dfe0cc68ad207821bff8f98ce86d0d9935627ed9661909c73d4d520f3a98d1ae587e8ae5548b1d70da67b",,"2026-03-06T09:00:00.000","35","NO CONTROLS","NO CONTROLS","CLEAR","DAYLIGHT","PARKED MOTOR VEHICLE","NOT DIVIDED",,"STRAIGHT AND LEVEL","WET","NO DEFECTS","NOT ON SCENE (DESK REPORT)","NO INJURY / DRIVE AWAY",,,,"$501 - $1,500","2026-03-06T15:00:00.000","IMPROPER OVERTAKING/PASSING","FAILING TO REDUCE SPEED TO AVOID CRASH","3314","N","HARLEM AVE","1631",,,,,,,"2","NO INDICATION OF INJURY","0","0","0","0","0","1","0","9","6","3","41.9402730926","-87.8069741806","POINT (-87.806974180643 41.940273092609)"
"6309c2dc670c0631e8e1a43bbb5de83e002db56a9f542ae48c6148665c4e85bf5c9baeed3d59bbeefce98b4a7bc6f38c6f7108ee1db1640d159409565a5ca99e","Y","2026-03-06T09:00:00.000","30","NO CONTROLS","NO CONTROLS","CLEAR","UNKNOWN","PARKED MOTOR VEHICLE","NOT DIVIDED",,"STRAIGHT AND LEVEL","UNKNOWN","NO DEFECTS","ON SCENE","NO INJURY / DRIVE AWAY",,,"Y","OVER $1,500","2026-03-06T09:08:00.000","FOLLOWING TOO CLOSELY","NOT APPLICABLE","4006","W","BELMONT AVE","1731",,,,,,,"3","NO INDICATION OF INJURY","0","0","0","0","0","1","0","9","6","3","41.939201182","-87.7275402312","POINT (-87.727540231162 41.939201181991)"
"87f15fab320115681faae7f9dae5b447d8ba0b8afa9e84b42a2c199d0dff8e0854c8f718ae17c8a70ff6ae8bc2a5dea3b1c0942c4275869591c2ba7bf6eeb1e4",,"2026-03-06T09:00:00.000","25","NO CONTROLS","NO CONTROLS","CLEAR","DAYLIGHT","PEDESTRIAN","ONE-WAY",,"STRAIGHT AND LEVEL","DRY","NO DEFECTS","NOT ON SCENE (DESK REPORT)","NO INJURY / DRIVE AWAY",,,,"$500 OR LESS","2026-03-06T13:15:00.000","UNABLE TO DETERMINE","NOT APPLICABLE","8600","S","VERNON AVE","632",,,,,,,"2","NO INDICATION OF INJURY","0","0","0","0","0","2","0","9","6","3","41.7382634363","-87.6131000188","POINT (-87.613100018813 41.73826343626)"
"ea7ca1fc47e8f4d6a4aee6be1755e910bed202cfd6bb19a9f00e691f81242fae895162c03175f1f4283bf5398de68f4e0f3456a3a67b86b132ef944a05505705",,"2026-03-06T09:00:00.000","30","NO CONTROLS","NO CONTROLS","RAIN","DAYLIGHT","REAR END","NOT DIVIDED",,"STRAIGHT AND LEVEL","WET","NO DEFECTS","ON SCENE","NO INJURY / DRIVE AWAY",,,,"OVER $1,500","2026-03-06T10:07:00.000","IMPROPER BACKING","UNABLE TO DETERMINE","5088","W","JACKSON BLVD","1533",,,,,,,"2","NO INDICATION OF INJURY","0","0","0","0","0","2","0","9","6","3","41.8767953924","-87.7528332352","POINT (-87.752833235239 41.876795392444)"
"efd9955ed68399727fd80d6405afb9a9b03ad9cbd79ca6f4e40add3aa0cccecb6cb0f9d9c63d0e1a33f6f68dbe2ec75115bd5af70f99bc664a2ecd8c035c88ee","Y","2026-03-06T09:00:00.000","30","NO CONTROLS","NO CONTROLS","CLEAR","DAYLIGHT","PARKED MOTOR VEHICLE","NOT DIVIDED",,"STRAIGHT AND LEVEL","DRY","NO DEFECTS","NOT ON SCENE (DESK REPORT)","NO INJURY / DRIVE AWAY",,,"Y","OVER $1,500","2026-03-16T20:50:00.000","UNABLE TO DETERMINE","UNABLE TO DETERMINE","1711","S","PEORIA ST","1235",,,,,,,"2","NO INDICATION OF INJURY","0","0","0","0","0","1","0","9","6","3","41.8586453764","-87.6486081617","POINT (-87.648608161716 41.858645376432)"
"df4091a098446df599e74555f92a1e777cfe9c662c5fe3bff3b5933dd8b8f7b4c2f6b90e57098a4402df203328c25a81e2f3f076cdf71f63542374d6d8f18f57",,"2026-03-06T08:57:00.000","30","TRAFFIC SIGNAL","FUNCTIONING PROPERLY","RAIN","DAWN","SIDESWIPE SAME DIRECTION","NOT DIVIDED",,"STRAIGHT AND LEVEL","WET","NO DEFECTS","ON SCENE","NO INJURY / DRIVE AWAY",,,"Y","OVER $1,500","2026-03-06T09:55:00.000","IMPROPER OVERTAKING/PASSING","IMPROPER TURNING/NO SIGNAL","1","S","CENTRAL AVE","1522",,,,,,,"2","NO INDICATION OF INJURY","0","0","0","0","0","2","0","8","6","3","41.8801968597","-87.7647163899","POINT (-87.764716389906 41.880196859672)"
"783309e63d72c41786778475520f8e635f80f4f31515d7b0d34bfd350c83d531b2247328681006eefac9133d05962547ea581f62ccc464117538a4ba77d347ab",,"2026-03-06T08:55:00.000","30","NO CONTROLS","NO CONTROLS","RAIN","DAYLIGHT","PARKED MOTOR VEHICLE","DIVIDED - W/MEDIAN (NOT RAISED)",,"STRAIGHT AND LEVEL","WET","NO DEFECTS","ON SCENE","INJURY AND / OR TOW DUE TO CRASH","Y",,,"OVER $1,500","2026-03-06T08:58:00.000","NOT APPLICABLE","NOT APPLICABLE","2955","W","51ST ST","923",,,,,,,"2","REPORTED, NOT EVIDENT","2","0","0","0","2","0","0","8","6","3","41.8007987041","-87.6986499794","POINT (-87.698649979351 41.800798704098)"
"ce9369f5e2701a532a0319fa651ddbbdb65007d05d2a866676cf473d1fa2b3293223613a5cebf012196b45a5f1e56146ab12ad8e6c6552eaf6d7a84def267619",,"2026-03-06T08:55:00.000","30","NO CONTROLS","NO CONTROLS","RAIN","DAYLIGHT","REAR TO FRONT","NOT DIVIDED",,"STRAIGHT AND LEVEL","WET","NO DEFECTS","NOT ON SCENE (DESK REPORT)","NO INJURY / DRIVE AWAY",,,,"OVER $1,500","2026-03-06T11:30:00.000","UNABLE TO DETERMINE","NOT APPLICABLE","5088","W","JACKSON BLVD","1533",,,,,,,"2","NO INDICATION OF INJURY","0","0","0","0","0","2","0","8","6","3","41.8767953924","-87.7528332352","POINT (-87.752833235239 41.876795392444)"
"c620911fa608242bedd5742ab0101f35d0778d1880099e24f5ee5062d387a860fdc1f7fc771a9a26d08e4650eea278485a6c85cbe39f4f7c5476fcf9b020fb7e",,"2026-03-06T08:53:00.000","30","NO CONTROLS","NO CONTROLS","CLOUDY/OVERCAST","DAYLIGHT","FIXED OBJECT","NOT DIVIDED",,"STRAIGHT AND LEVEL","WET","NO DEFECTS","ON SCENE","INJURY AND / OR TOW DUE TO CRASH",,,,"OVER $1,500","2026-03-06T08:56:00.000","UNABLE TO DETERMINE","NOT APPLICABLE","4700","W","ARMITAGE AVE","2522",,,,,,,"1","NONINCAPACITATING INJURY","1","0","0","1","0","0","0","8","6","3","41.9170691133","-87.7438185051","POINT (-87.743818505092 41.917069113336)"
"370366993e8925e948929cbd6723bdea8fa4f22ee1da711f77eefbcebd3c3f05a7dedcebe02c23bf7c5a848dd18fd2aca0d8af1e7530f3d2ac7587bb4dd5a8e2",,"2026-03-06T08:50:00.000","30","TRAFFIC SIGNAL","FUNCTIONING PROPERLY","FOG/SMOKE/HAZE","DAYLIGHT","REAR END","ONE-WAY",,"STRAIGHT AND LEVEL","WET","NO DEFECTS","NOT ON SCENE (DESK REPORT)","NO INJURY / DRIVE AWAY",,,"Y","OVER $1,500","2026-03-06T09:30:00.000","DRIVING SKILLS/KNOWLEDGE/EXPERIENCE","DRIVING SKILLS/KNOWLEDGE/EXPERIENCE","9458","S","MICHIGAN AVE","634","Y","Y",,,,,"2","NO INDICATION OF INJURY","0","0","0","0","0","2","0","8","6","3","41.7218710729","-87.6207384557","POINT (-87.620738455725 41.721871072866)"
"fbd2e23d13b8a963cd21da02af291254e1e13bd957228d4f02cf6958a0db7fb0512525c9393054df71033e4785c90d5f531de815fa22213f2ece89931402cc78",,"2026-03-06T08:46:00.000","30","NO CONTROLS","NO CONTROLS","CLEAR","DAYLIGHT","SIDESWIPE SAME DIRECTION","NOT DIVIDED",,"STRAIGHT AND LEVEL","DRY","NO DEFECTS","NOT ON SCENE (DESK REPORT)","NO INJURY / DRIVE AWAY",,,"Y","$501 - $1,500","2026-03-06T09:40:00.000","IMPROPER OVERTAKING/PASSING","NOT APPLICABLE","5600","S","KEDZIE AVE","822",,,,,,,"2","NO INDICATION OF INJURY","0","0","0","0","0","2","0","8","6","3","41.7916050351","-87.7036488822","POINT (-87.703648882176 41.791605035051)"
"52a01b3ff5777812b9827f6746161c1f90340afe3ab79e057192da63c887844b18730a228cc068b394c416819b8e999840f90af96514cd8ef6eb5ad8ab6d31d3",,"2026-03-06T08:45:00.000","30","TRAFFIC SIGNAL","FUNCTIONING PROPERLY","CLOUDY/OVERCAST","DAYLIGHT","SIDESWIPE SAME DIRECTION","NOT DIVIDED",,"STRAIGHT AND LEVEL","DRY","NO DEFECTS","NOT ON SCENE (DESK REPORT)","NO INJURY / DRIVE AWAY",,,"Y","$501 - $1,500","2026-03-06T09:05:00.000","UNABLE TO DETERMINE","NOT APPLICABLE","2264","N","CLARK ST","1812",,,,,,,"2","NO INDICATION OF INJURY","0","0","0","0","0","2","0","8","6","3","41.9236499832","-87.6394549689","POINT (-87.639454968895 41.923649983245)"
"6453917ff5367d075780d07621ade0a4f822d285365ac62154661996e04e4b597479dc63bde990d2bbdcfadcb7d004e38409bf50a5c817cd885f808a5736072e",,"2026-03-06T08:33:00.000","30","TRAFFIC SIGNAL","FUNCTIONING PROPERLY","CLEAR","DAYLIGHT","REAR END","NOT DIVIDED",,"STRAIGHT AND LEVEL","WET","NO DEFECTS","ON SCENE","NO INJURY / DRIVE AWAY",,,,"OVER $1,500","2026-03-06T10:29:00.000","DRIVING SKILLS/KNOWLEDGE/EXPERIENCE","DRIVING SKILLS/KNOWLEDGE/EXPERIENCE","10","N","CENTRAL AVE","1513",,,,,,,"2","NO INDICATION OF INJURY","0","0","0","0","0","2","0","8","6","3","41.8805753882","-87.7650151537","POINT (-87.765015153652 41.8805753882)"
"d0294f757cb41ce9f34d67b390e211ed6e8c23928ed861e074c05b9d9abdcf7099ce25c5d61246043a386824ff49222c9a6d2f620f7aa6adb5498560e60edd02",,"2026-03-06T08:33:00.000","30","NO CONTROLS","NO CONTROLS","RAIN","DAYLIGHT","REAR END","DIVIDED - W/MEDIAN (NOT RAISED)",,"STRAIGHT AND LEVEL","WET","UNKNOWN","ON SCENE","NO INJURY / DRIVE AWAY",,,,"OVER $1,500","2026-03-06T09:03:00.000","FOLLOWING TOO CLOSELY","UNABLE TO DETERMINE","1238","N","CICERO AVE","2533",,,,"Y","CONSTRUCTION","Y","2","NO INDICATION OF INJURY","0","0","0","0","0","3","0","8","6","3","41.9034444752","-87.7461302366","POINT (-87.746130236553 41.903444475172)"
"447a19b74f4776e658c720428330a1de959c2d66e460b357e70a0940cccbe54473e46193b2ad77437a1de1d6df52941bcac7e9725619d4e6af6eebceb172eec5",,"2026-03-06T08:30:00.000","30","UNKNOWN","UNKNOWN","CLOUDY/OVERCAST","UNKNOWN","TURNING","UNKNOWN",,"STRAIGHT AND LEVEL","UNKNOWN","UNKNOWN","NOT ON SCENE (DESK REPORT)","NO INJURY / DRIVE AWAY",,,,"OVER $1,500","2026-03-06T16:45:00.000","UNABLE TO DETERMINE","NOT APPLICABLE","6400","N","CALDWELL AVE","1621",,,,,,,"3","NO INDICATION OF INJURY","0","0","0","0","0","3","0","8","6","3","41.9972314882","-87.7668182559","POINT (-87.766818255859 41.997231488192)"
"5694597480d9dad2e3fafbaa60565a0dad53e89360391ad83173097e2eace17f0a16f055bcf9aff3940a20058224aad117115eaaf7802e09c528a54d0d3606ef",,"2026-03-06T08:30:00.000","35","NO CONTROLS","NO CONTROLS","CLEAR","DAYLIGHT","TURNING","NOT DIVIDED",,"STRAIGHT AND LEVEL","DRY","NO DEFECTS","NOT ON SCENE (DESK REPORT)","NO INJURY / DRIVE AWAY",,,,"OVER $1,500","2026-03-06T09:20:00.000","IMPROPER TURNING/NO SIGNAL","NOT APPLICABLE","8600","W","FOREST PRESERVE AVE","1631",,,,,,,"2","NO INDICATION OF INJURY","0","0","0","0","0","2","0","8","6","3","41.9395277997","-87.8400399547","POINT (-87.840039954651 41.939527799733)"
"7e8cd88ca0dca7e278787e17d84a3071b565e01ad3b2e1632499a3e24a0c8554ee8dd64409ee959a83863ac96d55ac9651b66d72835b7cf6ca6da167a18c003c",,"2026-03-06T08:27:00.000","30","NO CONTROLS","NO CONTROLS","RAIN","DAYLIGHT","SIDESWIPE SAME DIRECTION","FOUR WAY",,"STRAIGHT AND LEVEL","WET","UNKNOWN","ON SCENE","NO INJURY / DRIVE AWAY",,,"Y","$500 OR LESS","2026-03-06T08:43:00.000","IMPROPER OVERTAKING/PASSING","IMPROPER OVERTAKING/PASSING","2930","W","47TH ST","922",,,,,,,"2","NO INDICATION OF INJURY","0","0","0","0","0","2","0","8","6","3","41.808330459","-87.6978106221","POINT (-87.697810622117 41.808330459004)"
"37f57dd07e121c264486ae253a9aa1b6822f8657e259dbbecbdb6809d29db8808ffb82332cb483309afdde226460c79e86853615eb6e01ecdd38fdd5ce06ec68",,"2026-03-06T08:25:00.000","30","NO CONTROLS","NO CONTROLS","RAIN","DAYLIGHT","TURNING","NOT DIVIDED",,"STRAIGHT AND LEVEL","WET","NO DEFECTS","ON SCENE","NO INJURY / DRIVE AWAY","Y",,,"OVER $1,500","2026-03-06T08:32:00.000","UNABLE TO DETERMINE","NOT APPLICABLE","3014","W","25TH ST","1033",,,,,,,"2","NO INDICATION OF INJURY","0","0","0","0","0","4","0","8","6","3","41.8464970438","-87.7009013351","POINT (-87.700901335071 41.846497043835)"
"507780778c3e8c24517e6be9388db80de9a194dd82a680a985d976067ca63534333432aac21cf5281b8e96af5f0ba349c40bea39a8036ec6a5db3a13fec7b33b",,"2026-03-06T08:25:00.000","35","UNKNOWN","UNKNOWN","UNKNOWN","UNKNOWN","SIDESWIPE SAME DIRECTION","UNKNOWN",,"STRAIGHT ON HILLCREST","UNKNOWN","UNKNOWN","NOT ON SCENE (DESK REPORT)","NO INJURY / DRIVE AWAY",,,,"OVER $1,500","2026-03-06T11:55:00.000","UNABLE TO DETERMINE","NOT APPLICABLE","2199","E","103RD ST","434",,,,,,,"2","NO INDICATION OF INJURY","0","0","0","0","0","2","0","8","6","3","41.707899616","-87.5707135808","POINT (-87.5707135808 41.70789961603)"
"bee11b9b14a97023d828ab68ab1ac7f40e2de6f67de0272cef06ce7306ee4025b3f171eac93344dd8fd3e974967bdf2ae71ca55689345dd2209bc8965b904c89",,"2026-03-06T08:17:00.000","15","STOP SIGN/FLASHER","FUNCTIONING PROPERLY","CLOUDY/OVERCAST","DAYLIGHT","PARKED MOTOR VEHICLE","ONE-WAY",,"STRAIGHT AND LEVEL","WET","NO DEFECTS","ON SCENE","NO INJURY / DRIVE AWAY","Y",,,"OVER $1,500","2026-03-06T08:18:00.000","UNABLE TO DETERMINE","NOT APPLICABLE","3904","W","BARRY AVE","2523",,,,,,,"2","NO INDICATION OF INJURY","0","0","0","0","0","1","0","8","6","3","41.9362683848","-87.7240183156","POINT (-87.724018315561 41.93626838477)"
"e8577948ac601e1f058ac7b30e91efd7cee9b39684506d1d8391e453db6f4f3afd0cc8950833dd872d2a07df374cbedfb35d10d5ec62cb25b36a040101826881",,"2026-03-06T08:15:00.000","30","NO CONTROLS","NO CONTROLS","CLOUDY/OVERCAST","DAYLIGHT","SIDESWIPE SAME DIRECTION","NOT DIVIDED",,"STRAIGHT AND LEVEL","DRY","NO DEFECTS","ON SCENE","INJURY AND / OR TOW DUE TO CRASH",,,,"OVER $1,500","2026-03-06T08:19:00.000","FAILING TO YIELD RIGHT-OF-WAY","NOT APPLICABLE","7940","S","JEFFERY BLVD","414",,,,,,,"2","NO INDICATION OF INJURY","0","0","0","0","0","2","0","8","6","3","41.7503859415","-87.5761045359","POINT (-87.57610453589 41.75038594153)"
"efa91d41c25e4c8c51f26d351e285256f85ffd29483454c4e77db38c1f120baaa1289d742df881398468c9fb8c4c4e80d1035bd24e2d8126f2fb8c69616bf1bc",,"2026-03-06T08:15:00.000","30","STOP SIGN/FLASHER","FUNCTIONING PROPERLY","CLEAR","DAYLIGHT","TURNING","DIVIDED - W/MEDIAN (NOT RAISED)",,"STRAIGHT AND LEVEL","DRY","UNKNOWN","ON SCENE","NO INJURY / DRIVE AWAY",,,,"OVER $1,500","2026-03-06T08:19:00.000","FAILING TO REDUCE SPEED TO AVOID CRASH","FAILING TO REDUCE SPEED TO AVOID CRASH","3725","W","DIVERSEY AVE","2524",,,,,,,"2","NO INDICATION OF INJURY","0","0","0","0","0","2","0","8","6","3","41.9317586028","-87.7207941239","POINT (-87.720794123879 41.931758602812)"
"58ebda24fcc855cb05cdc58a930bdc5306e1fc4a7bf0ec75b979c1444d279dab5b152d3b1645cde889cf07f14e62cf9a60bc408dd13675f37a978818813d8e38",,"2026-03-06T08:10:00.000","30","NO CONTROLS","NO CONTROLS","CLOUDY/OVERCAST","DAYLIGHT","SIDESWIPE SAME DIRECTION","ONE-WAY",,"STRAIGHT AND LEVEL","WET","NO DEFECTS","ON SCENE","NO INJURY / DRIVE AWAY",,,,"OVER $1,500","2026-03-06T08:10:00.000","DRIVING SKILLS/KNOWLEDGE/EXPERIENCE","NOT APPLICABLE","3456","S","CLAREMONT AVE","912",,,,,,,"2","NO INDICATION OF INJURY","0","0","0","0","0","2","0","8","6","3","41.8304472716","-87.6838649953","POINT (-87.683864995271 41.83044727157)"
"892602d8bcd8b1795366b7c19ff123bcb9a6c056036b98ddf74fcdf842eccb69d0d056b94a3925145584a5f2bfc9bed8e78393eb8c1e84ad4d63f9587ff8cfa4",,"2026-03-06T08:05:00.000","30","STOP SIGN/FLASHER","FUNCTIONING PROPERLY","RAIN","DAYLIGHT","SIDESWIPE SAME DIRECTION","DIVIDED - W/MEDIAN (NOT RAISED)",,"STRAIGHT AND LEVEL","WET","UNKNOWN","NOT ON SCENE (DESK REPORT)","NO INJURY / DRIVE AWAY",,,"Y","OVER $1,500","2026-03-06T16:45:00.000","UNABLE TO DETERMINE","NOT APPLICABLE","2596","W","WABANSIA AVE","1434",,,,,,,"2","NO INDICATION OF INJURY","0","0","0","0","0","2","0","8","6","3","41.9122032189","-87.6920921706","POINT (-87.692092170554 41.9122032189)"