"crash_record_id","crash_date_est_i","crash_date","posted_speed_limit","traffic_control_device","device_condition","weather_condition","lighting_condition","first_crash_type","trafficway_type","lane_cnt","alignment","roadway_surface_cond","road_defect","report_type","crash_type","intersection_related_i","private_property_i","hit_and_run_i","damage","date_police_notified","prim_contributory_cause","sec_contributory_cause","street_no","street_direction","street_name","beat_of_occurrence","photos_taken_i","statements_taken_i","dooring_i","work_zone_i","work_zone_type","workers_present_i","num_units","most_severe_injury","injuries_total","injuries_fatal","injuries_incapacitating","injuries_non_incapacitating","injuries_reported_not_evident","injuries_no_indication","injuries_unknown","crash_hour","crash_day_of_week","crash_month","latitude","longitude","location"
"a77edbe7c10a0ee42df2033f366e3b81eb239d0169b3c7f0a0c522e40707c79bff3507bd85b55b5bfa1b37b7d79675d29222f8d593c0087c16653b785d88fd09",,"2026-03-06T08:05:00.000","30","NO CONTROLS","NO CONTROLS","FOG/SMOKE/HAZE","DAYLIGHT","SIDESWIPE SAME DIRECTION","DIVIDED - W/MEDIAN (NOT RAISED)",,"STRAIGHT AND LEVEL","WET","NO DEFECTS","NOT ON SCENE (DESK REPORT)","NO INJURY / DRIVE AWAY",,,,"OVER $1,500","2026-03-06T09:00:00.000","FAILING TO YIELD RIGHT-OF-WAY","UNABLE TO DETERMINE","1359","S","WABASH AVE","131",,,,,,,"2","NO INDICATION OF INJURY","0","0","0","0","0","2","0","8","6","3","41.8641544495","-87.6256056544","POINT (-87.625605654364 41.864154449452)"
"7ebd367350acee84ed73b2cff24f4a831974e8172ad9194a166cfc2a4854306abd012e16b8e6fd17e8d15255f26ecd1457689d2df6f4336b1c8308191df3d2ad",,"2026-03-06T08:04:00.000","30","NO CONTROLS","NO CONTROLS","CLOUDY/OVERCAST","DAYLIGHT","REAR END","NOT DIVIDED",,"STRAIGHT AND LEVEL","WET","NO DEFECTS","ON SCENE","NO INJURY / DRIVE AWAY",,,,"OVER $1,500","2026-03-06T08:18:00.000","WEATHER","FOLLOWING TOO CLOSELY","700","N","CICERO AVE","1531",,,,,,,"2","NO INDICATION OF INJURY","0","0","0","0","0","2","0","8","6","3","41.8932031855","-87.7458948734","POINT (-87.745894873368 41.893203185537)"
"642a7e55473db6a9cc7dadc309cf869edc3ab6d528261cd9efefb945b0bbd9b8cd5b8e14d4bec5654e9eba2e66acf2d5b80df3b7f53b523dbf09e71c96311de3",,"2026-03-06T08:00:00.000","30","TRAFFIC SIGNAL","FUNCTIONING PROPERLY","CLEAR","DAYLIGHT","TURNING","NOT DIVIDED",,"STRAIGHT AND LEVEL","WET","NO DEFECTS","ON SCENE","INJURY AND / OR TOW DUE TO CRASH","Y",,,"OVER $1,500","2026-03-06T08:00:00.000","DRIVING SKILLS/KNOWLEDGE/EXPERIENCE","UNABLE TO DETERMINE","899","W","NORTH AVE","1822",,,,,,,"2","NONINCAPACITATING INJURY","2","0","0","2","0","2","0","8","6","3","41.9107653387","-87.6510223336","POINT (-87.651022333642 41.910765338694)"
"cd8644d34f8ea5a010548eab76483911e0bc0a9e68d13b6adcb39c677594eb517c1afd29332f1d9ab3c884de38437d4231853fd6a66e1011cab186a83159b827",,"2026-03-06T08:00:00.000","30","UNKNOWN","UNKNOWN","UNKNOWN","DAYLIGHT","PARKED MOTOR VEHICLE","NOT DIVIDED",,"STRAIGHT AND LEVEL","UNKNOWN","UNKNOWN","NOT ON SCENE (DESK REPORT)","NO INJURY / DRIVE AWAY",,,"Y","OVER $1,500","2026-03-06T12:15:00.000","UNABLE TO DETERMINE","UNABLE TO DETERMINE","4277","N","HAZEL ST","1915",,,,,,,"2","NO INDICATION OF INJURY","0","0","0","0","0","1","0","8","6","3","41.9603146711","-87.6519917522","POINT (-87.651991752216 41.960314671106)"
"c32f3839d90d21f2b506c620428bbbd9fb76418cb0f1df7fd2e6e97691d7e65a14611883e0421c40b2f7c53f788375c49e7d28a72a9b3323275c9da7dc2b6ecc",,"2026-03-06T07:56:00.000","30","TRAFFIC SIGNAL","FUNCTIONING PROPERLY","FOG/SMOKE/HAZE","DAYLIGHT","TURNING","FOUR WAY",,"STRAIGHT AND LEVEL","WET","UNKNOWN","ON SCENE","NO INJURY / DRIVE AWAY","Y",,"Y","OVER $1,500","2026-03-06T08:15:00.000","DISREGARDING OTHER TRAFFIC SIGNS","OPERATING VEHICLE IN ERRATIC, RECKLESS, CARELESS, NEGLIGENT OR AGGRESSIVE MANNER","1700","N","STOCKTON DR","1814",,,,,,,"2","NO INDICATION OF INJURY","0","0","0","0","0","2","0","7","6","3","41.9134124658","-87.6318735574","POINT (-87.631873557423 41.913412465781)"
"97118eb358a4a68c4312d71b331adbc4c32ff920682478e277b71692e738b87abec1c1d5072c4d06a8a873b36e54eabcd33bce95049b57eb0658a6618f550e6f",,"2026-03-06T07:45:00.000","35","TRAFFIC SIGNAL","FUNCTIONING PROPERLY","RAIN","DAYLIGHT","SIDESWIPE SAME DIRECTION","NOT DIVIDED",,"STRAIGHT AND LEVEL","WET","NO DEFECTS","NOT ON SCENE (DESK REPORT)","NO INJURY / DRIVE AWAY",,,"Y","$501 - $1,500","2026-03-07T17:30:00.000","DRIVING SKILLS/KNOWLEDGE/EXPERIENCE","UNABLE TO DETERMINE","1400","W","NORTH AVE","1433","Y",,,"N",,,"2","NO INDICATION OF INJURY","0","0","0","0","0","2","0","7","6","3","41.9108068192","-87.6631049341","POINT (-87.66310493406 41.910806819199)"
"cc70b94cdff12e4912f163bf5465b13747a9c7f88a3c0e24d3852dbeeb1d6bca306590fc7769ab3456746d8812f7c33b84ddae285bb91728af03d918cb4cd907",,"2026-03-06T07:40:00.000","15","NO CONTROLS","NO CONTROLS","UNKNOWN","DAYLIGHT","REAR TO FRONT","PARKING LOT",,"STRAIGHT AND LEVEL","UNKNOWN","UNKNOWN","NOT ON SCENE (DESK REPORT)","NO INJURY / DRIVE AWAY",,,,"OVER $1,500","2026-03-06T17:00:00.000","UNABLE TO DETERMINE","NOT APPLICABLE","3640","N","WESTERN AVE","1921",,,,,,,"2","NO INDICATION OF INJURY","0","0","0","0","0","2","0","7","6","3","41.9479473244","-87.6884404339","POINT (-87.688440433925 41.947947324374)"
"97ce129d19de916873266dd9b3b5ecbeb512cf90576f849c5875abeaf83ee37258d6aa95ce3eb33c530236a36e5251461bf8d2c6dde4241bcc037da0cc39ca51",,"2026-03-06T07:30:00.000","15","UNKNOWN","UNKNOWN","UNKNOWN","UNKNOWN","REAR TO FRONT","PARKING LOT",,"STRAIGHT AND LEVEL","UNKNOWN","UNKNOWN","NOT ON SCENE (DESK REPORT)","NO INJURY / DRIVE AWAY",,"Y",,"OVER $1,500","2026-03-06T15:50:00.000","UNABLE TO DETERMINE","UNABLE TO DETERMINE","3640","N","WESTERN AVE","1921",,,,,,,"2","NO INDICATION OF INJURY","0","0","0","0","0","3","0","7","6","3","41.9479473244","-87.6884404339","POINT (-87.688440433925 41.947947324374)"
"79a08a3740970f842cda4f98bf35f8f1248bd5abb0f04e129adbf939cdbdf71e737e5b9cf697a83623d36274d9e69fe09aa8a81b5dc912f7eef3b1efc70b1bf9",,"2026-03-06T07:21:00.000","20","TRAFFIC SIGNAL","FUNCTIONING PROPERLY","CLOUDY/OVERCAST","DAYLIGHT","REAR TO REAR","ONE-WAY",,"STRAIGHT AND LEVEL","WET","NO DEFECTS","ON SCENE","NO INJURY / DRIVE AWAY",,,,"$501 - $1,500","2026-03-06T07:58:00.000","IMPROPER BACKING","NOT APPLICABLE","804","N","LAVERGNE AVE","1531",,,,,,,"2","NO INDICATION OF INJURY","0","0","0","0","0","4","0","7","6","3","41.8951232285","-87.7508567653","POINT (-87.75085676526 41.895123228549)"
"556cc6545855eb1e58cdfb3f7f93dad25a1b2bc4302671d426bf55544367bc4244649e22e92d8da9a3bceeaedce78b18ed68ce7f6c06a88f00b5b1f1d7e86df4",,"2026-03-06T07:20:00.000","35","STOP SIGN/FLASHER","NO CONTROLS","RAIN","DAYLIGHT","REAR END","OTHER",,"STRAIGHT AND LEVEL","WET","OTHER","ON SCENE","INJURY AND / OR TOW DUE TO CRASH",,,,"$501 - $1,500","2026-03-06T07:25:00.000","FOLLOWING TOO CLOSELY","NOT APPLICABLE","46","E","51ST ST","224",,,,,,,"2","INCAPACITATING INJURY","1","0","1","0","0","6","0","7","6","3","41.8020838745","-87.6241947386","POINT (-87.624194738592 41.802083874454)"
"4698ef69d95b36bc4c3dd1f9ab7a9ee6a50f6e38e3b52a896a0b6a76da5c3a8064479c0b3a598e4d7b36a784f02c7a5dbbb55f875cc1c90e48af8932a45131c6",,"2026-03-06T07:10:00.000","15","NO CONTROLS","NO CONTROLS","CLEAR","DAYLIGHT","FIXED OBJECT","PARKING LOT",,"STRAIGHT AND LEVEL","WET","NO DEFECTS","NOT ON SCENE (DESK REPORT)","NO INJURY / DRIVE AWAY",,"Y",,"$501 - $1,500","2026-03-06T07:35:00.000","UNABLE TO DETERMINE","UNABLE TO DETERMINE","2319","S","WESTERN AVE","1034",,,,,,,"1","NO INDICATION OF INJURY","0","0","0","0","0","1","0","7","6","3","41.8496041656","-87.6854212769","POINT (-87.685421276936 41.8496041656)"
"0583839dfe5bad64999d9ee9d016b9d5a4653af7c20bac7a08491275db1a14e62bad1bb0d6be8464462b9fde877e065302f4f9104826468360164fc37ba859eb","Y","2026-03-06T07:00:00.000","30","UNKNOWN","UNKNOWN","UNKNOWN","UNKNOWN","PARKED MOTOR VEHICLE","ONE-WAY",,"STRAIGHT AND LEVEL","UNKNOWN","UNKNOWN","NOT ON SCENE (DESK REPORT)","NO INJURY / DRIVE AWAY",,,"Y","$501 - $1,500","2026-03-06T10:07:00.000","UNABLE TO DETERMINE","NOT APPLICABLE","6729","S","OAKLEY AVE","832",,,,,,,"2","NO INDICATION OF INJURY","0","0","0","0","0","1","0","7","6","3","41.7711119638","-87.6807356548","POINT (-87.680735654756 41.77111196381)"
"4e2d3aa673c3aeaec0502cce78d86cefb2005579b106a267488a2115cd2e3658fa1ef1746ba1a7533b345d2de439435379f0154cde9d4b644034a9d41f82f1d5",,"2026-03-06T07:00:00.000","10","NO CONTROLS","NO CONTROLS","UNKNOWN","DAYLIGHT","REAR TO SIDE","ONE-WAY",,"STRAIGHT AND LEVEL","UNKNOWN","UNKNOWN","NOT ON SCENE (DESK REPORT)","NO INJURY / DRIVE AWAY",,,,"$501 - $1,500","2026-03-06T19:00:00.000","UNABLE TO DETERMINE","NOT APPLICABLE","5615","W","BERENICE AVE","1633",,,,,,,"2","NO INDICATION OF INJURY","0","0","0","0","0","2","0","7","6","3","41.9503143578","-87.7675611785","POINT (-87.767561178493 41.950314357826)"
"6168749d65a1473f9f113391fbbfa0719b7d998e7e72f09718714f50492d625ffedc0e06f78f907d475704d56415c6f366911769ab353b27728b48c182bf2df7",,"2026-03-06T07:00:00.000","30","NO CONTROLS","NO CONTROLS","CLEAR","DAYLIGHT","PARKED MOTOR VEHICLE","NOT DIVIDED",,"STRAIGHT AND LEVEL","DRY","NO DEFECTS","NOT ON SCENE (DESK REPORT)","NO INJURY / DRIVE AWAY",,,,"$500 OR LESS","2026-03-06T07:00:00.000","UNABLE TO DETERMINE","NOT APPLICABLE","5252","N","LARAMIE AVE","1623",,,,,,,"2","NO INDICATION OF INJURY","0","0","0","0","0","1","0","7","6","3","41.976735942","-87.7579619304","POINT (-87.757961930397 41.976735942043)"
"c4f8b286abc143b247db9f40c4ce8b106d2aca25d3233c1f25477492aba67674246e12d47edb2e2b8388a1a35279a27683d3dd47ceb65881453bec5e7debc758",,"2026-03-06T07:00:00.000","20","NO CONTROLS","NO CONTROLS","RAIN","DAYLIGHT","SIDESWIPE SAME DIRECTION","NOT DIVIDED",,"STRAIGHT AND LEVEL","WET","NO DEFECTS","ON SCENE","NO INJURY / DRIVE AWAY",,,"Y","$500 OR LESS","2026-03-06T07:18:00.000","IMPROPER LANE USAGE","FAILING TO YIELD RIGHT-OF-WAY","4349","N","MARINE DR","1915",,,,,,,"2","NO INDICATION OF INJURY","0","0","0","0","0","2","0","7","6","3","41.961857908","-87.6467134621","POINT (-87.646713462097 41.961857908017)"
"64b7721e612931b394c6a8db6e75fe0e1b127e0bdc2265a60950f8f41e632d4552aa51be3b7f84f445a862c437ddcac987d65a136bf92709342a94b55f267d98",,"2026-03-06T06:51:00.000","30","NO CONTROLS","NO CONTROLS","CLOUDY/OVERCAST","DAYLIGHT","PARKED MOTOR VEHICLE","DIVIDED - W/MEDIAN (NOT RAISED)",,"STRAIGHT AND LEVEL","WET","NO DEFECTS","ON SCENE","INJURY AND / OR TOW DUE TO CRASH",,,,"OVER $1,500","2026-03-06T07:06:00.000","FAILING TO REDUCE SPEED TO AVOID CRASH","DRIVING SKILLS/KNOWLEDGE/EXPERIENCE","6362","N","RIDGE AVE","2413",,,,,,,"2","NONINCAPACITATING INJURY","2","0","0","1","1","0","0","6","6","3","41.9973132072","-87.6766935895","POINT (-87.676693589479 41.997313207159)"
"d2e81a73b92b0507a596ab0462e8642f29989e698cbf6efcd84989ebf6e4ae39a4d8e6bdb4eff328e90ffdab6ddd631a9d07a7865414453554372627a3f01338",,"2026-03-06T06:45:00.000","15","NO CONTROLS","NO CONTROLS","CLEAR","DAYLIGHT","FIXED OBJECT","PARKING LOT",,"STRAIGHT AND LEVEL","WET","NO DEFECTS","NOT ON SCENE (DESK REPORT)","NO INJURY / DRIVE AWAY",,"Y",,"OVER $1,500","2026-03-06T08:00:00.000","IMPROPER BACKING","DRIVING SKILLS/KNOWLEDGE/EXPERIENCE","2352","S","ASHLAND AVE","1034",,,,,,,"1","NO INDICATION OF INJURY","0","0","0","0","0","1","0","6","6","3","41.8488745555","-87.666125923","POINT (-87.666125923002 41.848874555502)"
"fb937b980604bbc5b648d3a3b55f3a11d4eb6bbc6dc1ff67f76349002799085e13e3466b4aaec9dd23825e358393bbd73d3d7a563991de70fd0396ffd67f77bc",,"2026-03-06T06:30:00.000","30","STOP SIGN/FLASHER","FUNCTIONING IMPROPERLY","CLEAR","DAYLIGHT","SIDESWIPE SAME DIRECTION","DIVIDED - W/MEDIAN (NOT RAISED)",,"STRAIGHT AND LEVEL","DRY","NO DEFECTS","NOT ON SCENE (DESK REPORT)","INJURY AND / OR TOW DUE TO CRASH","Y",,"Y","OVER $1,500","2026-03-06T09:50:00.000","UNABLE TO DETERMINE","NOT APPLICABLE","4900","S","WESTERN AVE","923",,,,,,,"2","NO INDICATION OF INJURY","0","0","0","0","0","2","0","6","6","3","41.804641245","-87.6845169054","POINT (-87.684516905411 41.804641245012)"
"da080b0c72cc2f7b8fb995fb60fe47430c04420ed3ebc7d5faa1ca1c860450a475241beb4a0ccc6888a658f4d50605253091fab5c1cefcb2e131af119f5985ba",,"2026-03-06T06:28:00.000","25","TRAFFIC SIGNAL","FUNCTIONING PROPERLY","CLEAR","DAYLIGHT","ANGLE","ONE-WAY",,"STRAIGHT AND LEVEL","WET","NO DEFECTS",,"INJURY AND / OR TOW DUE TO CRASH","Y",,,"OVER $1,500","2026-03-06T06:45:00.000","UNABLE TO DETERMINE","NOT APPLICABLE","100","W","SUPERIOR ST","1832",,,,,,,"2","REPORTED, NOT EVIDENT","3","0","0","0","3","0","0","6","6","3","41.8957431899","-87.6312996333","POINT (-87.631299633321 41.895743189877)"
"25be5c96333ba70abf31b91aaa47f57892392c5b9b4d8d1afd615489f3df641acb62389159756e4de2e8540a76922f6500c553bca67075960f41343aaa167fb9",,"2026-03-06T06:00:00.000","35","NO CONTROLS","NO CONTROLS","CLEAR","DAYLIGHT","OTHER OBJECT","DIVIDED - W/MEDIAN (NOT RAISED)",,"STRAIGHT AND LEVEL","DRY","NO DEFECTS","ON SCENE","INJURY AND / OR TOW DUE TO CRASH",,,,"OVER $1,500","2026-03-06T06:47:00.000","UNABLE TO DETERMINE","NOT APPLICABLE","4035","W","MADISON ST","1115",,,,,,,"1","REPORTED, NOT EVIDENT","1","0","0","0","1","0","0","6","6","3","41.8805993229","-87.7270821455","POINT (-87.727082145548 41.880599322943)"
"606ccbd0ee63e7d85b96d2cd9fec9d1f5a03cbe9d14f7bfeeef0e2ce503dc09738b2eb84070cacbce27e05e5053ccebe386331bbaa3f8b93353de2fb65684850","Y","2026-03-06T06:00:00.000","30","NO CONTROLS","NO CONTROLS","UNKNOWN","UNKNOWN","PARKED MOTOR VEHICLE","NOT DIVIDED",,"STRAIGHT AND LEVEL","UNKNOWN","UNKNOWN","NOT ON SCENE (DESK REPORT)","NO INJURY / DRIVE AWAY",,,"Y","OVER $1,500","2026-03-06T18:45:00.000","UNABLE TO DETERMINE","UNABLE TO DETERMINE","4400","W","ADAMS ST","1113",,,,,,,"2","NO INDICATION OF INJURY","0","0","0","0","0","1","0","6","6","3","41.87796921","-87.7355046581","POINT (-87.735504658135 41.877969209965)"
"f793e959c44e8f25caed0194a1b2f71aaa0fb49592db1029162354aeb51e593299ddf4d90690d7122cf720c63939cedecb8dee6ef0689f3fb238d002f747720a",,"2026-03-06T05:55:00.000","30","TRAFFIC SIGNAL","UNKNOWN","FOG/SMOKE/HAZE","DUSK","ANGLE","FOUR WAY",,"STRAIGHT AND LEVEL","UNKNOWN","UNKNOWN","NOT ON SCENE (DESK REPORT)","INJURY AND / OR TOW DUE TO CRASH","Y",,,"OVER $1,500","2026-03-06T06:40:00.000","DISREGARDING TRAFFIC SIGNALS","UNABLE TO DETERMINE","1600","W","FULLERTON AVE","1931",,,,,,,"2","REPORTED, NOT EVIDENT","1","0","0","0","1","2","0","5","6","3","41.9252605694","-87.668206473","POINT (-87.668206472959 41.92526056938)"
"62603af74ca09409e2ca4d61c6165d588264198a8f2be6d04fa1b075c12704a440a7286774af754c81bbf0cd34872b09e8a841c1652a82acf71d18016e7f8dca",,"2026-03-06T05:49:00.000","30","NO CONTROLS","NO CONTROLS","RAIN","DARKNESS, LIGHTED ROAD","SIDESWIPE SAME DIRECTION","NOT DIVIDED",,"STRAIGHT AND LEVEL","DRY","NO DEFECTS",,"NO INJURY / DRIVE AWAY",,,,"OVER $1,500","2026-03-06T10:30:00.000","UNABLE TO DETERMINE","NOT APPLICABLE","3430","S","IRON ST","912",,,,,,,"2","NO INDICATION OF INJURY","0","0","0","0","0","3","0","5","6","3","41.8315402229","-87.6599270869","POINT (-87.659927086926 41.83154022295)"
"c8ba470c646144b67177f0d98f8f53ebee9ae2ab75ac2234ebb9a3c678b0f069e713feec30c70d962e5db534ba871abc6659b2a5e35df9b71cd537c66da60779","Y","2026-03-06T05:40:00.000","30","UNKNOWN","UNKNOWN","UNKNOWN","UNKNOWN","PARKED MOTOR VEHICLE","NOT DIVIDED",,"STRAIGHT AND LEVEL","UNKNOWN","UNKNOWN","NOT ON SCENE (DESK REPORT)","INJURY AND / OR TOW DUE TO CRASH",,,"Y","$501 - $1,500","2026-03-06T07:10:00.000","UNABLE TO DETERMINE","NOT APPLICABLE","2932","W","73RD ST","831",,,,,,,"2","NO INDICATION OF INJURY","0","0","0","0","0","1","0","5","6","3","41.7609407997","-87.696660273","POINT (-87.696660272985 41.760940799671)"
"31236432be3ba29f95a169a4cc0f8fbe6c73792306214644578ad4c5a3d9b3d7c711dfe60c12d6e0ca99ba96dade7e0799b3ce2f5062943b45a8d41e66b08d74",,"2026-03-06T05:20:00.000","30","NO CONTROLS","NO CONTROLS","CLEAR","DAYLIGHT","PARKED MOTOR VEHICLE","NOT DIVIDED",,"STRAIGHT AND LEVEL","DRY","NO DEFECTS","ON SCENE","INJURY AND / OR TOW DUE TO CRASH",,,,"OVER $1,500","2026-03-06T06:37:00.000","CELL PHONE USE OTHER THAN TEXTING","NOT APPLICABLE","2130","S","WABASH AVE","131",,,,,,,"4","NO INDICATION OF INJURY","0","0","0","0","0","1","0","5","6","3","41.8532825897","-87.6256537087","POINT (-87.62565370868 41.853282589666)"
"1d4ec298bca1ef3a4818ce33c06abe244f39076990f6abc6bd6a3bacbad32f446a87f2ceb6732071f132c2f92e5ebfaf8df9eb640b9b8a30336b80eee1cd6b76",,"2026-03-06T05:00:00.000","30","TRAFFIC SIGNAL","FUNCTIONING PROPERLY","FOG/SMOKE/HAZE","DARKNESS, LIGHTED ROAD","TURNING","FOUR WAY",,"STRAIGHT AND LEVEL","WET","UNKNOWN","NOT ON SCENE (DESK REPORT)","NO INJURY / DRIVE AWAY","Y",,,"OVER $1,500","2026-03-06T08:00:00.000","UNABLE TO DETERMINE","UNABLE TO DETERMINE","516","N","RUSH ST","1834",,,,,,,"2","NO INDICATION OF INJURY","0","0","0","0","0","2","0","5","6","3","41.891525359","-87.6255196638","POINT (-87.625519663838 41.891525358986)"
"4887117dfa589a9607be1659223e8985c13695172ca713122ba584cb1a414f6700ed07ad212b78d93d90ee55189129533c45f3330e0e98b5d0a35e755ae0fe12",,"2026-03-06T05:00:00.000","15","NO CONTROLS","NO CONTROLS","FOG/SMOKE/HAZE","DARKNESS, LIGHTED ROAD","PARKED MOTOR VEHICLE","OTHER",,"STRAIGHT AND LEVEL","WET","NO DEFECTS","ON SCENE","NO INJURY / DRIVE AWAY",,,"Y","$501 - $1,500","2026-03-06T05:38:00.000","FAILING TO REDUCE SPEED TO AVOID CRASH","NOT APPLICABLE","3212","W","65TH ST","823",,,,,,,"2","NO INDICATION OF INJURY","0","0","0","0","0","1","0","5","6","3","41.7754256131","-87.7036247237","POINT (-87.703624723732 41.775425613135)"
"e42444e10e19dfe52952d0820824e7e228b487b1f047851bbf581e83f7f0a0c41672bcd0b7c04d780790a4af65c93a03b960c72a339e643cc0a8e98451cd0b52",,"2026-03-06T05:00:00.000","20","NO CONTROLS","NO CONTROLS","UNKNOWN","DAYLIGHT","PARKED MOTOR VEHICLE","ONE-WAY",,"STRAIGHT AND LEVEL","DRY","NO DEFECTS","NOT ON SCENE (DESK REPORT)","NO INJURY / DRIVE AWAY",,"N","Y","$501 - $1,500","2026-03-06T15:00:00.000","UNABLE TO DETERMINE","NOT APPLICABLE","21","E","94TH ST","634",,,,,,,"2","NO INDICATION OF INJURY","0","0","0","0","0","1","0","5","6","3","41.7234629058","-87.6228405333","POINT (-87.622840533301 41.723462905834)"
"649de4a9125bf65d64313b55d00f27a548ce2374338999d6638d705525aa0a563d266ee62048533a6f7b9c994dd7f2f139c620d2ff4b93789292acf3b997e756",,"2026-03-06T04:57:00.000","30","TRAFFIC SIGNAL","UNKNOWN","UNKNOWN","DARKNESS, LIGHTED ROAD","TURNING","FOUR WAY",,"STRAIGHT AND LEVEL","UNKNOWN","UNKNOWN","NOT ON SCENE (DESK REPORT)","NO INJURY / DRIVE AWAY","Y",,,"OVER $1,500","2026-03-06T15:30:00.000","IMPROPER TURNING/NO SIGNAL","FAILING TO REDUCE SPEED TO AVOID CRASH","65","E","ILLINOIS ST","1834",,,,,,,"2","NO INDICATION OF INJURY","0","0","0","0","0","2","0","4","6","3","41.8908035553","-87.6254141663","POINT (-87.62541416632 41.890803555257)"
"41b26a934f89ef704a8be4786ce275d764fa62da602ea70f7a892e8b3e7ac0f3436b5b188ac12c7aafead85a7f1618cc6a2cb651965b30f9ade18812d81f09c1",,"2026-03-06T04:45:00.000","30","NO CONTROLS","NO CONTROLS","CLEAR","DARKNESS, LIGHTED ROAD","FIXED OBJECT","DIVIDED - W/MEDIAN BARRIER",,"STRAIGHT AND LEVEL","DRY","NO DEFECTS","ON SCENE","INJURY AND / OR TOW DUE TO CRASH",,,,"OVER $1,500","2026-03-06T04:57:00.000","UNABLE TO DETERMINE","UNABLE TO DETERMINE","354","W","87TH ST","622",,,,,,,"1","NO INDICATION OF INJURY","0","0","0","0","0","1","0","4","6","3","41.7360624372","-87.6335926925","POINT (-87.633592692518 41.736062437207)"
"4ffead2ec064b26d4bea5489c008a8f6cf8fca07266d276bd8ebc26c1ab5b092cf9e2ea6fc497db3f33bd0d326766da95698f2d6585e59506474bf10d63caed5",,"2026-03-06T04:45:00.000","30","NO CONTROLS","NO CONTROLS","FOG/SMOKE/HAZE","DARKNESS, LIGHTED ROAD","TURNING","NOT DIVIDED",,"STRAIGHT AND LEVEL","WET","NO DEFECTS","NOT ON SCENE (DESK REPORT)","NO INJURY / DRIVE AWAY",,,,"OVER $1,500","2026-03-06T05:00:00.000","IMPROPER TURNING/NO SIGNAL","NOT APPLICABLE","1421","W","FULLERTON AVE","1811",,,,,,,"2","NO INDICATION OF INJURY","0","0","0","0","0","2","0","4","6","3","41.925094969","-87.6642501457","POINT (-87.664250145723 41.925094968966)"
"33d3916d36f7db8f4a6b1aa4ff27e98937c6ba496965bf6990d0237e823dfecfce48e48e46762e26faa166674b30b6265bb480d1705a2f5881455bb8f50f3ec1",,"2026-03-06T04:15:00.000","10","NO CONTROLS","NO CONTROLS","CLEAR","DARKNESS, LIGHTED ROAD","PARKED MOTOR VEHICLE","RAMP",,"STRAIGHT ON HILLCREST","UNKNOWN","NO DEFECTS","ON SCENE","NO INJURY / DRIVE AWAY",,"Y",,"$501 - $1,500","2026-03-06T04:20:00.000","IMPROPER BACKING","IMPROPER BACKING","862","W","WELLINGTON AVE","1933",,,,,,,"2","NO INDICATION OF INJURY","0","0","0","0","0","3","0","4","6","3","41.9364316524","-87.6514421194","POINT (-87.651442119406 41.936431652382)"
"a7a026fb9aae8e7b7f46ed1e39348e86b27043b403889f334a9ce78601c714c9fdd24ff4f8b29e7ac07d2393987e1b065a04db4ca25108398aa70f84150c5910",,"2026-03-06T03:58:00.000","30","UNKNOWN","UNKNOWN","RAIN","DARKNESS, LIGHTED ROAD","PARKED MOTOR VEHICLE","NOT DIVIDED",,"STRAIGHT AND LEVEL","WET","UNKNOWN",,"INJURY AND / OR TOW DUE TO CRASH",,,"Y","OVER $1,500","2026-03-06T03:59:00.000","UNABLE TO DETERMINE","NOT APPLICABLE","2637","W","GRAND AVE","1221",,,,,,,"3","NO INDICATION OF INJURY","0","0","0","0","0","1","0","3","6","3","41.8927590856","-87.6930512358","POINT (-87.693051235797 41.892759085579)"
"76ea04bcf66f10e6e7cf4c8cd891bc22bacc5673c157d052c1232fc4f43ade4af277c9f0ff99cc64e8fc88b816d1e5cabe759aa9872a6b9f1a244d6311150aee",,"2026-03-06T02:58:00.000","20","NO CONTROLS","NO CONTROLS","RAIN","DARKNESS, LIGHTED ROAD","PARKED MOTOR VEHICLE","ONE-WAY",,"STRAIGHT AND LEVEL","WET","NO DEFECTS","ON SCENE","NO INJURY / DRIVE AWAY",,,"Y","$501 - $1,500","2026-03-06T03:08:00.000","UNABLE TO DETERMINE","UNABLE TO DETERMINE","2550","N","HAMLIN AVE","2524",,,,,,,"5","NO INDICATION OF INJURY","0","0","0","0","0","1","0","2","6","3","41.927889769","-87.7221258609","POINT (-87.722125860898 41.927889768993)"
"147291fa9002516fa16dfdcdb73e2368adcb5268bc0eba246ced4f823f9406df5fbb38c6072c31d3d3d821258b081dd72d527d12635d3cf02ab6e1bb66e7e82f",,"2026-03-06T02:39:00.000","25","NO CONTROLS","NO CONTROLS","FREEZING RAIN/DRIZZLE","DARKNESS, LIGHTED ROAD","PARKED MOTOR VEHICLE","ONE-WAY",,"STRAIGHT AND LEVEL","WET","NO DEFECTS","ON SCENE","NO INJURY / DRIVE AWAY",,,"Y","OVER $1,500","2026-03-06T02:40:00.000","IMPROPER BACKING","UNABLE TO DETERMINE","1201","N","WASHTENAW AVE","1423",,,,,,,"3","NO INDICATION OF INJURY","0","0","0","0","0","1","0","2","6","3","41.9029977264","-87.6942709101","POINT (-87.694270910146 41.902997726429)"