"crash_record_id","crash_date_est_i","crash_date","posted_speed_limit","traffic_control_device","device_condition","weather_condition","lighting_condition","first_crash_type","trafficway_type","lane_cnt","alignment","roadway_surface_cond","road_defect","report_type","crash_type","intersection_related_i","private_property_i","hit_and_run_i","damage","date_police_notified","prim_contributory_cause","sec_contributory_cause","street_no","street_direction","street_name","beat_of_occurrence","photos_taken_i","statements_taken_i","dooring_i","work_zone_i","work_zone_type","workers_present_i","num_units","most_severe_injury","injuries_total","injuries_fatal","injuries_incapacitating","injuries_non_incapacitating","injuries_reported_not_evident","injuries_no_indication","injuries_unknown","crash_hour","crash_day_of_week","crash_month","latitude","longitude","location"
"3ab6a7e3d8dc2183a7f1a42d7cb146cdb65ff60dee1cefa59e5cd8abbea55bf7c68dd69a92b4dcdf65528f09b17a8f8f9103d0edf8ca7b04031e0cdb3fee1724",,"2026-03-06T02:36:00.000","30","TRAFFIC SIGNAL","FUNCTIONING PROPERLY","FOG/SMOKE/HAZE","DARKNESS, LIGHTED ROAD","PEDESTRIAN","NOT DIVIDED",,"STRAIGHT AND LEVEL","WET","UNKNOWN","ON SCENE","INJURY AND / OR TOW DUE TO CRASH",,,,"OVER $1,500","2026-03-06T02:36:00.000","UNABLE TO DETERMINE","UNABLE TO DETERMINE","6300","S","COTTAGE GROVE AVE","312",,,,,,,"2","REPORTED, NOT EVIDENT","1","0","0","0","1","1","0","2","6","3","41.7803174705","-87.6060745584","POINT (-87.606074558366 41.78031747049)"
"f3ace26d5eb56474c2ad8982e42a64428b40f5bf1729d05bc2325df8dfc97309597898c0d884f754ac716d564c9527e0cbd5a7c6800eae8a3200ce64abe74dff",,"2026-03-06T02:31:00.000","40","NO CONTROLS","NO CONTROLS","RAIN","DARKNESS, LIGHTED ROAD","OTHER NONCOLLISION","DIVIDED - W/MEDIAN BARRIER",,"STRAIGHT AND LEVEL","WET","NO DEFECTS","ON SCENE","INJURY AND / OR TOW DUE TO CRASH",,,,"OVER $1,500","2026-03-06T02:32:00.000","UNABLE TO DETERMINE","UNABLE TO DETERMINE","900","N","LAKE SHORE DR SB","1833",,,,,,,"1","NO INDICATION OF INJURY","0","0","0","0","0","1","0","2","6","3","41.8993222788","-87.6187384331","POINT (-87.618738433114 41.899322278833)"
"6602892a1d1e7099d7759311523fd23d8641ea15353ea109ec78323e6ee76542bfd660dee5edfe96cf61fd2ae3280b067895638811fb3cf5c482ff4c71a3140c",,"2026-03-06T01:50:00.000","30","NO CONTROLS","NO CONTROLS","FOG/SMOKE/HAZE","DARKNESS, LIGHTED ROAD","FIXED OBJECT","FOUR WAY",,"STRAIGHT AND LEVEL","WET","NO DEFECTS","ON SCENE","INJURY AND / OR TOW DUE TO CRASH",,,,"OVER $1,500","2026-03-06T01:54:00.000","IMPROPER TURNING/NO SIGNAL","NOT APPLICABLE","7098","S","STATE ST","322",,,,,,,"1","NO INDICATION OF INJURY","0","0","0","0","0","1","0","1","6","3","41.7654652708","-87.6250521301","POINT (-87.625052130096 41.765465270809)"
"848dd906cdcef088796ec6ba886adc2485c4b22ad99d8c2a09f7f6bd3515ecd891bc7546a68bf354300f301160d88d54d55826f3a11d4cccb6c8a86890e8fe5f",,"2026-03-06T01:28:00.000","15","NO CONTROLS","NO CONTROLS","FOG/SMOKE/HAZE","DARKNESS, LIGHTED ROAD","PARKED MOTOR VEHICLE","PARKING LOT",,"STRAIGHT AND LEVEL","DRY","NO DEFECTS","NOT ON SCENE (DESK REPORT)","NO INJURY / DRIVE AWAY",,"Y","Y","OVER $1,500","2026-03-06T13:00:00.000","UNABLE TO DETERMINE","UNABLE TO DETERMINE","9705","S","HALSTED ST","2223",,,,,,,"2","NO INDICATION OF INJURY","0","0","0","0","0","1","0","1","6","3","41.7175419624","-87.6429586663","POINT (-87.642958666289 41.717541962365)"
"2be27c923ece94817d3cda8cdde7361b3df8ac48ddbe366e29564d9e0ddaf849277c363943f13603eaf442dde8417c79cbe35a84506c759f9af66cf68fa8a7c1",,"2026-03-06T01:00:00.000","30","NO CONTROLS","NO CONTROLS","CLEAR","DARKNESS, LIGHTED ROAD","TURNING","DIVIDED - W/MEDIAN (NOT RAISED)",,"STRAIGHT AND LEVEL","DRY","NO DEFECTS","NOT ON SCENE (DESK REPORT)","NO INJURY / DRIVE AWAY",,,,"OVER $1,500","2026-03-06T21:30:00.000","UNABLE TO DETERMINE","UNABLE TO DETERMINE","1537","N","MILWAUKEE AVE","1424",,,,,,,"2","NO INDICATION OF INJURY","0","0","0","0","0","3","0","1","6","3","41.9095265496","-87.6759097765","POINT (-87.675909776516 41.909526549568)"
"34e60e8b987cc6687122fdd7dbc697c2c76d35cca841482dce1da7c9701751cd618665ad8bd1bbc6f8ec3c8133ff5477e756b7312f1f5812227562597e5ff124","Y","2026-03-06T01:00:00.000","30","UNKNOWN","UNKNOWN","UNKNOWN","UNKNOWN","PARKED MOTOR VEHICLE","NOT DIVIDED",,"STRAIGHT AND LEVEL","UNKNOWN","UNKNOWN","NOT ON SCENE (DESK REPORT)","NO INJURY / DRIVE AWAY",,,"Y","$501 - $1,500","2026-03-09T10:00:00.000","UNABLE TO DETERMINE","UNABLE TO DETERMINE","1952","W","21ST ST","1234",,,,,,,"2","NO INDICATION OF INJURY","0","0","0","0","0","1","0","1","6","3","41.8541261805","-87.6755468519","POINT (-87.675546851922 41.854126180496)"
"3aaffde083fe73b95e17f7a7d472412207f95071ea816a8ca27d466966f0e9aa23d5818490442e2653b54b3e665197cbbd02fd96c7df9cda4cce1f2a95404786","N","2026-03-06T01:00:00.000","30","UNKNOWN","UNKNOWN","CLOUDY/OVERCAST","DARKNESS, LIGHTED ROAD","FIXED OBJECT","DIVIDED - W/MEDIAN (NOT RAISED)",,"STRAIGHT AND LEVEL","WET","NO DEFECTS","ON SCENE","INJURY AND / OR TOW DUE TO CRASH",,,,"OVER $1,500","2026-03-06T01:09:00.000","EQUIPMENT - VEHICLE CONDITION","UNABLE TO DETERMINE","1101","E","MARQUETTE RD","321",,,,,,,"1","REPORTED, NOT EVIDENT","1","0","0","0","1","0","0","1","6","3","41.7749285126","-87.5984771035","POINT (-87.598477103537 41.774928512562)"
"81e3320a6de0af88aeefe56b87401dc3af6c64d056b9cc8ad481622b70484e3040df27a46daca22b1d6dc5dc6698092a7b3ffa1debd45172c7e966e1e00e6e06",,"2026-03-06T00:58:00.000","30","NO CONTROLS","NO CONTROLS","RAIN","DARKNESS, LIGHTED ROAD","FIXED OBJECT","DIVIDED - W/MEDIAN BARRIER",,"STRAIGHT AND LEVEL","WET","NO DEFECTS","ON SCENE","INJURY AND / OR TOW DUE TO CRASH","N",,"Y","OVER $1,500","2026-03-06T00:58:00.000","UNABLE TO DETERMINE","UNABLE TO DETERMINE","5601","S","ASHLAND AVE","713",,,,,,,"1","NO INDICATION OF INJURY","0","0","0","0","0","2","0","0","6","3","41.7921179755","-87.6643898617","POINT (-87.664389861743 41.792117975497)"
"0f85fe52047270ffe91f061d60817e815bdd806fd1c318acc86d80e7ce4f7b9e47fd4f26ba8800e3b7c98d2a89796d8253946050d3f49e78718243483415bd8b",,"2026-03-06T00:50:00.000","30","TRAFFIC SIGNAL","FUNCTIONING PROPERLY","CLEAR","DARKNESS, LIGHTED ROAD","SIDESWIPE SAME DIRECTION","DIVIDED - W/MEDIAN BARRIER",,"STRAIGHT AND LEVEL","WET","NO DEFECTS","ON SCENE","NO INJURY / DRIVE AWAY",,,,"$501 - $1,500","2026-03-06T00:55:00.000","FOLLOWING TOO CLOSELY","NOT APPLICABLE","101","E","IDA B WELLS DR","114",,,,,,,"2","NO INDICATION OF INJURY","0","0","0","0","0","3","0","0","6","3","41.8756155857","-87.624207556","POINT (-87.624207555961 41.875615585698)"
"0cfdbbbbabf077133217d25d1bb8dcd5beb9a62e8f5fc38ad0bd7047857dd4f402ca58de1e82ef7f42421be2c7daddec0612cff6ea6d8cb4aa9751a1a94963f5",,"2026-03-06T00:45:00.000","30","NO CONTROLS","NO CONTROLS","UNKNOWN","UNKNOWN","SIDESWIPE OPPOSITE DIRECTION","DIVIDED - W/MEDIAN (NOT RAISED)",,"STRAIGHT AND LEVEL","UNKNOWN","UNKNOWN","NOT ON SCENE (DESK REPORT)","NO INJURY / DRIVE AWAY",,,"Y","OVER $1,500","2026-03-06T00:55:00.000","UNABLE TO DETERMINE","UNABLE TO DETERMINE","1664","S","BLUE ISLAND AVE","1233",,,,,,,"2","NO INDICATION OF INJURY","0","0","0","0","0","2","0","0","6","3","41.8581282111","-87.6611125635","POINT (-87.661112563515 41.858128211052)"
"69986bc45badb8d08c285f83055dae41d04be5d7fc54691abde2dd7ca84d74e2aa7f8b242f9ed7a572a979cc52738f800d98c145747728d93ddcd956f8b40d45","Y","2026-03-06T00:22:00.000","15","NO CONTROLS","NO CONTROLS","RAIN","DARKNESS","REAR TO FRONT","ALLEY",,"STRAIGHT AND LEVEL","WET","UNKNOWN","ON SCENE","INJURY AND / OR TOW DUE TO CRASH",,,"N","OVER $1,500","2026-03-06T00:22:00.000","FAILING TO REDUCE SPEED TO AVOID CRASH","NOT APPLICABLE","1233","W","74TH PL","734",,,,,,,"2","NO INDICATION OF INJURY","0","0","0","0","0","4","0","0","6","3","41.7585575103","-87.6552736054","POINT (-87.655273605367 41.758557510281)"
"06f0187370ecd1e293a79e6ae3911115dea903f543762b8339169c28b4ba66b0a5affe12d686c3aacd16b901c95d45d93ae5dfd7543b3f56b7eb9f428ee9b6e5",,"2026-03-06T00:20:00.000","35","NO CONTROLS","NO CONTROLS","RAIN","DARKNESS, LIGHTED ROAD","FIXED OBJECT","NOT DIVIDED",,"STRAIGHT AND LEVEL","WET","NO DEFECTS","NOT ON SCENE (DESK REPORT)","INJURY AND / OR TOW DUE TO CRASH",,,,"OVER $1,500","2026-03-06T00:20:00.000","UNABLE TO DETERMINE","UNABLE TO DETERMINE","3620","W","LAKE ST","1123",,"Y",,,,,"1","NONINCAPACITATING INJURY","2","0","0","2","0","0","0","0","6","3","41.8850689261","-87.7167080289","POINT (-87.716708028862 41.885068926056)"
"49dce355887d2702262b6e64e9edcf1b935c84cebd6aaad6aa1188f9d31b3de60d49b2aa06a1b61565549c000d9e6e2c7dda3951fcc5616ea14ad64290bdaf7a",,"2026-03-06T00:06:00.000","30","STOP SIGN/FLASHER","FUNCTIONING PROPERLY","RAIN","DARKNESS, LIGHTED ROAD","PARKED MOTOR VEHICLE","ONE-WAY",,"STRAIGHT AND LEVEL","WET","NO DEFECTS",,"NO INJURY / DRIVE AWAY",,,"Y","OVER $1,500","2026-03-06T00:08:00.000","IMPROPER OVERTAKING/PASSING","NOT APPLICABLE","3221","N","LAMON AVE","1634",,,,,,,"3","NO INDICATION OF INJURY","0","0","0","0","0","1","0","0","6","3","41.9394297845","-87.7492116498","POINT (-87.749211649813 41.939429784548)"
"f0d3f034df0c49ab81ffdbee6a317b317c975bf65cb7014abfb5e81877bf2b37716b20b6aa96c915402a431f2541060a752b40fc56c05257cae0fad0160d93a1","Y","2026-03-06T00:02:00.000","30","NO CONTROLS","NO CONTROLS","RAIN","DARKNESS, LIGHTED ROAD","SIDESWIPE SAME DIRECTION","DIVIDED - W/MEDIAN (NOT RAISED)",,"STRAIGHT AND LEVEL","WET","NO DEFECTS","ON SCENE","NO INJURY / DRIVE AWAY","N",,,"$500 OR LESS","2026-03-06T00:08:00.000","IMPROPER TURNING/NO SIGNAL","DRIVING SKILLS/KNOWLEDGE/EXPERIENCE","1130","W","SHERIDAN RD","2432",,,,,,,"2","NO INDICATION OF INJURY","0","0","0","0","0","2","0","0","6","3","41.9983048146","-87.6599311179","POINT (-87.659931117893 41.998304814572)"
"d4faf3e26c156704d4aba5ffcc1f986750c0f359f81b9fce381b97910b277e7676fc203b137c1111e5376547bb25b74677427e9013b419e737d5969d1740ea90",,"2026-03-05T23:44:00.000","30","NO CONTROLS","NO CONTROLS","RAIN","DARKNESS, LIGHTED ROAD","PARKED MOTOR VEHICLE","ALLEY",,"STRAIGHT AND LEVEL","WET","NO DEFECTS","ON SCENE","INJURY AND / OR TOW DUE TO CRASH",,,"Y","OVER $1,500","2026-03-05T23:44:00.000","UNABLE TO DETERMINE","UNABLE TO DETERMINE","832","N","AVERS AVE","1112",,,,,,,"2","NO INDICATION OF INJURY","0","0","0","0","0","1","0","23","5","3","41.896396575","-87.7225907152","POINT (-87.722590715208 41.896396575032)"
"a818184fc8dff33f8229b54af3bd59979d41739a1418c45b055624bbc9449ba3288f6e118d2d806208ba1b67c0edf85897f90276f26a3a87585a887b423d9ab8",,"2026-03-05T23:40:00.000","20","NO CONTROLS","NO CONTROLS","CLEAR","DARKNESS, LIGHTED ROAD","PARKED MOTOR VEHICLE","ONE-WAY",,"STRAIGHT AND LEVEL","DRY","NO DEFECTS","NOT ON SCENE (DESK REPORT)","NO INJURY / DRIVE AWAY",,,"Y","OVER $1,500","2026-03-06T10:35:00.000","UNABLE TO DETERMINE","UNABLE TO DETERMINE","3455","W","64TH PL","823",,,,,,,"2","NO INDICATION OF INJURY","0","0","0","0","0","1","0","23","5","3","41.7760077465","-87.7100706386","POINT (-87.710070638559 41.776007746494)"
"6da3e1c016907f394f7981e9d154269634c15424c15412159ca5f07397136e621fef637b0e2460e9dcf0c961dcd7493d1682f077f2e6b6ec2a07c8dc130b3a7c",,"2026-03-05T23:30:00.000","20","NO CONTROLS","NO CONTROLS","CLEAR","DARKNESS, LIGHTED ROAD","PARKED MOTOR VEHICLE","ONE-WAY",,"STRAIGHT AND LEVEL","DRY","NO DEFECTS","NOT ON SCENE (DESK REPORT)","NO INJURY / DRIVE AWAY",,,"Y","OVER $1,500","2026-03-07T09:50:00.000","UNABLE TO DETERMINE","UNABLE TO DETERMINE","704","N","LATROBE AVE","1524",,,,,,,"2","NO INDICATION OF INJURY","0","0","0","0","0","1","0","23","5","3","41.8931953019","-87.7569087536","POINT (-87.756908753584 41.893195301911)"
"aa0ad653f76ca25022e0708bd0437203cc5c561223dc35ca686332f5c1c7de14edff6c371fa9378054ef5ee07440fb9a2a7652f990de822ad247a49dd232754d",,"2026-03-05T23:30:00.000","30","NO CONTROLS","NO CONTROLS","UNKNOWN","DARKNESS, LIGHTED ROAD","PARKED MOTOR VEHICLE","ONE-WAY",,"STRAIGHT ON GRADE","UNKNOWN","NO DEFECTS","NOT ON SCENE (DESK REPORT)","NO INJURY / DRIVE AWAY",,,"Y","OVER $1,500","2026-03-07T07:00:00.000","IMPROPER LANE USAGE","UNABLE TO DETERMINE","4810","W","ARGYLE ST","1623",,,,,,,"2","NO INDICATION OF INJURY","0","0","0","0","0","1","0","23","5","3","41.9717827437","-87.7484006864","POINT (-87.748400686389 41.971782743681)"
"2d688e4b56526c9ea42374a81abaf8a2e55db7aee5bf2ed284a7018b3f58dddec40b73ea570a6b3be16a3f8e491ee88f0657f3bd1d6b8cb72fd99ad589756d0b",,"2026-03-05T23:19:00.000","30","TRAFFIC SIGNAL","UNKNOWN","CLEAR","DARKNESS, LIGHTED ROAD","TURNING","DIVIDED - W/MEDIAN BARRIER",,"STRAIGHT AND LEVEL","DRY","UNKNOWN","ON SCENE","INJURY AND / OR TOW DUE TO CRASH",,,,"OVER $1,500","2026-03-05T23:20:00.000","IMPROPER TURNING/NO SIGNAL","DRIVING SKILLS/KNOWLEDGE/EXPERIENCE","3601","N","ASHLAND AVE","1922",,,,,,,"2","NO INDICATION OF INJURY","0","0","0","0","0","4","0","23","5","3","41.9470832477","-87.6687132792","POINT (-87.668713279207 41.947083247714)"
"707ec369266d19813aebe2a2030ac39a5d6c53f61b112eab596aeff8fd0d65e67b3a5b116f2bd25dfcbae10964cad0423b722dc0b4f78ef702239a3d8af874ef",,"2026-03-05T23:00:00.000","15","NO CONTROLS","NO CONTROLS","CLEAR","DARKNESS","OTHER OBJECT","ALLEY",,"STRAIGHT AND LEVEL","DRY","NO DEFECTS","NOT ON SCENE (DESK REPORT)","NO INJURY / DRIVE AWAY",,"Y",,"OVER $1,500","2026-03-13T18:35:00.000","UNABLE TO DETERMINE","UNABLE TO DETERMINE","3953","W","BARRY AVE","2523",,,,,,,"1","NO INDICATION OF INJURY","0","0","0","0","0","1","0","23","5","3","41.9369746743","-87.7256443148","POINT (-87.725644314835 41.936974674265)"
"b50e236497a60a9d0ecd2d2bfeb1575a39c72e413c831003de596f81845416b7b0669b7a4ffb8ca5f233df94b63b8183678f3b697cf8b9c4f04ce83194c020b5",,"2026-03-05T22:55:00.000","30","NO CONTROLS","NO CONTROLS","CLEAR","DARKNESS, LIGHTED ROAD","PARKED MOTOR VEHICLE","NOT DIVIDED",,"STRAIGHT AND LEVEL","DRY","NO DEFECTS",,"INJURY AND / OR TOW DUE TO CRASH",,,"N","OVER $1,500","2026-03-06T00:27:00.000","FAILING TO REDUCE SPEED TO AVOID CRASH","UNABLE TO DETERMINE","8700","S","MANISTEE AVE","423",,,,,,,"2","NO INDICATION OF INJURY","0","0","0","0","0","1","0","22","5","3","41.7372189188","-87.5571160412","POINT (-87.55711604125 41.737218918757)"
"b463c159855439eaec7578b7110dc30044f1b9777d80381218d2331f6403aba1c59aee89480a56473714dc703f426b877c0a6df0b149d2a875d760f57b2b3673",,"2026-03-05T22:50:00.000","30","TRAFFIC SIGNAL","FUNCTIONING PROPERLY","UNKNOWN","DARKNESS, LIGHTED ROAD","TURNING","DIVIDED - W/MEDIAN (NOT RAISED)",,"STRAIGHT AND LEVEL","UNKNOWN","UNKNOWN","ON SCENE","NO INJURY / DRIVE AWAY","Y",,,"OVER $1,500","2026-03-06T13:40:00.000","IMPROPER TURNING/NO SIGNAL","NOT APPLICABLE","304","E","WACKER DR","114",,,,,,,"2","NO INDICATION OF INJURY","0","0","0","0","0","2","0","22","5","3","41.8880404077","-87.6204309847","POINT (-87.620430984659 41.88804040767)"
"84fa603f69d3dc7ec1552a57bdb90226024da8274d218ea2278bfc751395fbaad744f97ea6907240b4dd0ebac68821dfa7d6408f48f3eb3a758eac7c1b9708eb",,"2026-03-05T22:38:00.000","30","TRAFFIC SIGNAL","FUNCTIONING PROPERLY","CLEAR","DARKNESS, LIGHTED ROAD","TURNING","T-INTERSECTION",,"STRAIGHT AND LEVEL","DRY","NO DEFECTS","ON SCENE","INJURY AND / OR TOW DUE TO CRASH","Y",,,"OVER $1,500","2026-03-05T22:38:00.000","IMPROPER OVERTAKING/PASSING","NOT APPLICABLE","798","E","60TH ST","233",,"Y",,,,,"3","INCAPACITATING INJURY","6","0","1","2","3","0","0","22","5","3","41.7859818412","-87.606165681","POINT (-87.606165680992 41.78598184119)"
"9b185047f7c212773a8fa45a9cad1e264844f353532ae6586f99a2950cd401a356d1538d17f8ca574fc887ca79594eb45ca3d4324efe753b4eb8171f75515688",,"2026-03-05T22:17:00.000","30","NO CONTROLS","NO CONTROLS","CLEAR","DARKNESS, LIGHTED ROAD","PARKED MOTOR VEHICLE","NOT DIVIDED",,"STRAIGHT AND LEVEL","WET","NO DEFECTS","ON SCENE","NO INJURY / DRIVE AWAY",,,"Y","$500 OR LESS","2026-03-05T22:40:00.000","UNABLE TO DETERMINE","UNABLE TO DETERMINE","1728","W","TOUHY AVE","2423",,,,,,,"2","NO INDICATION OF INJURY","0","0","0","0","0","1","0","22","5","3","42.0127646813","-87.6735433744","POINT (-87.673543374352 42.012764681298)"
"2365c6d5fff7a540279f4b3224094477b5f060047e8123623df94d6b876015a6dec20af3de99ffbbd262f2c62b99e8e68cb7d03b97af67a8bed8241ff04e591f",,"2026-03-05T22:12:00.000","30","STOP SIGN/FLASHER","FUNCTIONING PROPERLY","CLEAR","DARKNESS, LIGHTED ROAD","ANGLE","FOUR WAY",,"STRAIGHT AND LEVEL","DRY","NO DEFECTS","ON SCENE","INJURY AND / OR TOW DUE TO CRASH","Y",,,"OVER $1,500","2026-03-05T22:12:00.000","UNDER THE INFLUENCE OF ALCOHOL/DRUGS (USE WHEN ARREST IS EFFECTED)","UNDER THE INFLUENCE OF ALCOHOL/DRUGS (USE WHEN ARREST IS EFFECTED)","6900","S","CAMPBELL AVE","832",,,,,,,"2","NO INDICATION OF INJURY","0","0","0","0","0","3","0","22","5","3","41.7682033003","-87.6859292096","POINT (-87.685929209638 41.768203300263)"
"e06fd1b424f185fc4caa33cc1822e3549c7b7aca6a84a73439fb94cd1193ca375f2f21d01caa8a8d9098779bd11b84cd7fba5a93a9735291e6467adcb053441e",,"2026-03-05T21:58:00.000","15","UNKNOWN","UNKNOWN","FOG/SMOKE/HAZE","DUSK","REAR END","NOT DIVIDED",,"STRAIGHT AND LEVEL","DRY","UNKNOWN","ON SCENE","INJURY AND / OR TOW DUE TO CRASH",,,,"OVER $1,500","2026-03-05T21:58:00.000","FOLLOWING TOO CLOSELY","UNABLE TO DETERMINE","1803","S","WESTERN AVE","1234",,,,,,,"3","NO INDICATION OF INJURY","0","0","0","0","0","3","0","21","5","3","41.8574173073","-87.6856669513","POINT (-87.685666951286 41.857417307322)"
"8abef6a057bd7783a1ea07633bd14cab7dd6bc35f12a9a821d36aebcea6de47428aaab6944d9c97ef78d7a8456bf00c0850b5984f69d44b1dd90f4e083596e16",,"2026-03-05T21:54:00.000","30","TRAFFIC SIGNAL","FUNCTIONING PROPERLY","CLEAR","DARKNESS, LIGHTED ROAD","REAR END","FOUR WAY",,"STRAIGHT AND LEVEL","WET","NO DEFECTS","NOT ON SCENE (DESK REPORT)","NO INJURY / DRIVE AWAY","Y",,,"$501 - $1,500","2026-03-05T22:56:00.000","IMPROPER LANE USAGE","IMPROPER LANE USAGE","1352","E","47TH ST","222",,,,,,,"2","NO INDICATION OF INJURY","0","0","0","0","0","2","0","21","5","3","41.8097928754","-87.5930162844","POINT (-87.593016284422 41.809792875429)"
"cbffd52b91a46fac48b4b8bf646628cbf6f4d07151654b434bd9fedee084830149cfd5d8e5f7c522e95415eb39b81df02f445929987c555b64a3a3ed0febf9ba",,"2026-03-05T21:45:00.000","30","NO CONTROLS","NO CONTROLS","RAIN","DARKNESS","PARKED MOTOR VEHICLE","ONE-WAY",,"STRAIGHT AND LEVEL","WET","NO DEFECTS","NOT ON SCENE (DESK REPORT)","INJURY AND / OR TOW DUE TO CRASH",,,,"OVER $1,500","2026-03-06T19:30:00.000","UNABLE TO DETERMINE","UNABLE TO DETERMINE","544","W","85TH ST","622",,,,,,,"2","NONINCAPACITATING INJURY","2","0","0","2","0","0","0","21","5","3","41.7397308021","-87.6382145711","POINT (-87.638214571102 41.739730802089)"
"5733fed8d95a326c665594a3a23695e124e6b24647d21161d51c3ff7644bcc3d28f3b0f8b554979bb16e9105452a6510e26ae812c4c91cb24d2358658d22ae15",,"2026-03-05T21:40:00.000","30","NO CONTROLS","NO CONTROLS","CLEAR","DARKNESS, LIGHTED ROAD","HEAD ON","DIVIDED - W/MEDIAN (NOT RAISED)",,"STRAIGHT AND LEVEL","DRY","NO DEFECTS","NOT ON SCENE (DESK REPORT)","INJURY AND / OR TOW DUE TO CRASH",,,"Y","OVER $1,500","2026-03-05T22:30:00.000","DRIVING ON WRONG SIDE/WRONG WAY","UNABLE TO DETERMINE","4752","W","LAKE ST","1113",,,,,,,"2","NO INDICATION OF INJURY","0","0","0","0","0","2","0","21","5","3","41.886692338","-87.7451313713","POINT (-87.745131371277 41.886692337972)"
"672e0fa59490169c28d78cca747f2bace4451ae24b976fc3f6bc9951bca320822e8c271e243bd03afaa2f10f59024862405327682113ad58413db4f0d53d213f","Y","2026-03-05T21:40:00.000","30","NO CONTROLS","NO CONTROLS","CLEAR","DARKNESS, LIGHTED ROAD","TURNING","FIVE POINT, OR MORE",,"STRAIGHT AND LEVEL","DRY","NO DEFECTS","ON SCENE","INJURY AND / OR TOW DUE TO CRASH","Y",,,"$501 - $1,500","2026-03-05T21:43:00.000","UNABLE TO DETERMINE","NOT APPLICABLE","2358","W","BELMONT AVE","1921",,,,,,,"2","NO INDICATION OF INJURY","0","0","0","0","0","2","0","21","5","3","41.9395694664","-87.6877960171","POINT (-87.687796017109 41.939569466394)"
"0367a9b99f7f840525d5f0965e5fb10cf9f70ab63cd5beb36a9865d2bdaac03ff24a89f5a575aaa5e53d21c1a572a9024792fa29b1d23fb5cc147ea344bda231",,"2026-03-05T21:21:00.000","30","TRAFFIC SIGNAL","FUNCTIONING PROPERLY","CLEAR","DARKNESS, LIGHTED ROAD","ANGLE","NOT DIVIDED",,"STRAIGHT AND LEVEL","DRY","UNKNOWN","ON SCENE","NO INJURY / DRIVE AWAY","Y",,,"$501 - $1,500","2026-03-05T21:41:00.000","DISREGARDING TRAFFIC SIGNALS","DISREGARDING OTHER TRAFFIC SIGNS","398","S","OAKLEY BLVD","1225",,,,,,,"2","NO INDICATION OF INJURY","0","0","0","0","0","2","0","21","5","3","41.8761900335","-87.6839772041","POINT (-87.683977204105 41.876190033461)"
"e6f02fc95198a42bd244cb2f4d23ee88b13aea84f6a6a4e6b1261c90ec75f0f17961fe7b05f6b41b5754931f069aadcc38ba639b6f53d645cfd6ab39a2fd2f53",,"2026-03-05T21:15:00.000","30","TRAFFIC SIGNAL","FUNCTIONING PROPERLY","CLEAR","DARKNESS, LIGHTED ROAD","REAR END","NOT DIVIDED",,"STRAIGHT AND LEVEL","DRY","NO DEFECTS","NOT ON SCENE (DESK REPORT)","INJURY AND / OR TOW DUE TO CRASH","Y",,,"OVER $1,500","2026-03-06T12:30:00.000","FOLLOWING TOO CLOSELY","UNABLE TO DETERMINE","620","W","TAYLOR ST","124",,,,,,,"2","REPORTED, NOT EVIDENT","1","0","0","0","1","1","0","21","5","3","41.8698158831","-87.6431258024","POINT (-87.643125802425 41.869815883065)"
"241b85912c52eee5733192447c2b4b0c45b0c85e92075f6c306993b95341dab0de2b0b23c13b07dc99b29a6dc387b5dd831367228c10bbf78c82c183e68ae488",,"2026-03-05T21:10:00.000","30","NO CONTROLS","NO CONTROLS","UNKNOWN","DARKNESS, LIGHTED ROAD","SIDESWIPE SAME DIRECTION","DIVIDED - W/MEDIAN BARRIER",,"STRAIGHT AND LEVEL","UNKNOWN","UNKNOWN","ON SCENE","NO INJURY / DRIVE AWAY",,,,"OVER $1,500","2026-03-05T21:12:00.000","UNABLE TO DETERMINE","UNABLE TO DETERMINE","420","W","47TH ST","925",,,,,,,"2","NO INDICATION OF INJURY","0","0","0","0","0","2","0","21","5","3","41.809138535","-87.6368343224","POINT (-87.636834322405 41.809138534984)"
"bcdf7a2a16779571fed4705fc1c7c5aa48dd0cf00604798d44314826ed67dfea4fe3d4d3822d55bfc7964dae5e85507f92bfd6c078f3fa476d5e42c7cdd552c6",,"2026-03-05T21:10:00.000","30","NO CONTROLS","NO CONTROLS","CLEAR","DARKNESS, LIGHTED ROAD","REAR END","NOT DIVIDED",,"STRAIGHT AND LEVEL","UNKNOWN","UNKNOWN","NOT ON SCENE (DESK REPORT)","NO INJURY / DRIVE AWAY",,,,"OVER $1,500","2026-03-05T21:35:00.000","FOLLOWING TOO CLOSELY","FOLLOWING TOO CLOSELY","2693","N","CLARK ST","1935",,,,,,,"2","NO INDICATION OF INJURY","0","0","0","0","0","2","0","21","5","3","41.9313505084","-87.6441211843","POINT (-87.644121184252 41.931350508422)"
"e5336d8e725b044c17fce0ac2b4cca241ebe143f15ab5261c8c1c156e3997547f8ffd1c9e7acabff4be2fe793d3f931489c8c86d190fba9915b05b0e3944f490",,"2026-03-05T20:58:00.000","30","NO CONTROLS","NO CONTROLS","UNKNOWN","DARKNESS, LIGHTED ROAD","REAR TO FRONT","NOT DIVIDED",,"STRAIGHT AND LEVEL","UNKNOWN","UNKNOWN","NOT ON SCENE (DESK REPORT)","NO INJURY / DRIVE AWAY",,,"Y","OVER $1,500","2026-03-05T21:05:00.000","IMPROPER BACKING","DISTRACTION - FROM OUTSIDE VEHICLE","801","E","79TH ST","624",,,,,,,"2","NO INDICATION OF INJURY","0","0","0","0","0","3","0","20","5","3","41.7511771969","-87.6051496641","POINT (-87.605149664106 41.751177196908)"