"crash_record_id","crash_date_est_i","crash_date","posted_speed_limit","traffic_control_device","device_condition","weather_condition","lighting_condition","first_crash_type","trafficway_type","lane_cnt","alignment","roadway_surface_cond","road_defect","report_type","crash_type","intersection_related_i","private_property_i","hit_and_run_i","damage","date_police_notified","prim_contributory_cause","sec_contributory_cause","street_no","street_direction","street_name","beat_of_occurrence","photos_taken_i","statements_taken_i","dooring_i","work_zone_i","work_zone_type","workers_present_i","num_units","most_severe_injury","injuries_total","injuries_fatal","injuries_incapacitating","injuries_non_incapacitating","injuries_reported_not_evident","injuries_no_indication","injuries_unknown","crash_hour","crash_day_of_week","crash_month","latitude","longitude","location"
"ec9dcb8afd0e7d05691381d6263009a99b673429ca564dd45a732ba3dd49c5605adead714aa8a335382c4fdfd3d4dd23d052c05bbb32b304c1bc7649951963df",,"2026-03-05T20:57:00.000","30","STOP SIGN/FLASHER","FUNCTIONING PROPERLY","CLEAR","DARKNESS","ANGLE","T-INTERSECTION",,"STRAIGHT AND LEVEL","DRY","NO DEFECTS","ON SCENE","NO INJURY / DRIVE AWAY",,,,"OVER $1,500","2026-03-05T21:46:00.000","FAILING TO YIELD RIGHT-OF-WAY","DRIVING SKILLS/KNOWLEDGE/EXPERIENCE","6225","W","FULLERTON AVE","2512",,,,,,,"2","NO INDICATION OF INJURY","0","0","0","0","0","2","0","20","5","3","41.9236273277","-87.7815744564","POINT (-87.781574456447 41.923627327671)"
"5f85f9dc5ad8446ce8b2719690f673955e326480073ba2f7aa76480428c14c648e89b21912031a6efbc2c3e771fd0daf65eb2927de433f5c6d58b89426d8d202",,"2026-03-05T20:40:00.000","30","NO CONTROLS","NO CONTROLS","CLEAR","DARKNESS","PARKED MOTOR VEHICLE","DIVIDED - W/MEDIAN BARRIER",,"STRAIGHT AND LEVEL","WET","NO DEFECTS","ON SCENE","INJURY AND / OR TOW DUE TO CRASH","N",,,"OVER $1,500","2026-03-05T20:47:00.000","IMPROPER LANE USAGE","NOT APPLICABLE","929","W","ROOSEVELT RD","1232",,,,,,,"2","NO INDICATION OF INJURY","0","0","0","0","0","1","0","20","5","3","41.8669912319","-87.6501996152","POINT (-87.650199615174 41.86699123192)"
"9c055bea2c0e483d8a5c592fcddb5fbd79f6c8f7d3a06b88bf09a443e582a3d3960e27a941818ad7869537f7797635f07c78de6ce9e76d0826dff5a66ee0d54f",,"2026-03-05T20:31:00.000","30","TRAFFIC SIGNAL","FUNCTIONING PROPERLY","FOG/SMOKE/HAZE","DARKNESS, LIGHTED ROAD","TURNING","FOUR WAY",,"STRAIGHT AND LEVEL","DRY","NO DEFECTS","ON SCENE","INJURY AND / OR TOW DUE TO CRASH","Y",,,"OVER $1,500","2026-03-05T20:35:00.000","FAILING TO REDUCE SPEED TO AVOID CRASH","NOT APPLICABLE","2600","S","WENTWORTH AVE","914",,"N",,,,,"2","REPORTED, NOT EVIDENT","2","0","0","0","2","2","0","20","5","3","41.845494944","-87.6319704313","POINT (-87.631970431289 41.845494943967)"
"af99b8888281f8a38930cf49c7a374d38aa5c8982bcf963c73204b7dc0ba3611d06dbd47cb4dcd8e7a1bb0e62b8e973f3bc9640a699136a719df1ecc31200337",,"2026-03-05T20:26:00.000","30","NO CONTROLS","NO CONTROLS","FOG/SMOKE/HAZE","DARKNESS","PEDESTRIAN","NOT DIVIDED",,"STRAIGHT AND LEVEL","DRY","UNKNOWN","ON SCENE","INJURY AND / OR TOW DUE TO CRASH",,,,"$500 OR LESS","2026-03-05T20:26:00.000","UNABLE TO DETERMINE","UNABLE TO DETERMINE","5001","W","CHICAGO AVE","1531",,,,,,,"2","NONINCAPACITATING INJURY","1","0","0","1","0","6","0","20","5","3","41.8948538698","-87.750764972","POINT (-87.750764972015 41.894853869786)"
"50f05778718b6cc15fcf52ee0731484c4fb5af9a42dc6329c9e97b3e0f7e42fd9b65417a62f27aea90c179618491d8b015ece8c7975b84070bdce4bdd609c1d4",,"2026-03-05T20:20:00.000","30","NO CONTROLS","NO CONTROLS","RAIN","DARKNESS","PEDESTRIAN","NOT DIVIDED",,"STRAIGHT AND LEVEL","WET","NO DEFECTS","NOT ON SCENE (DESK REPORT)","INJURY AND / OR TOW DUE TO CRASH",,,"Y","$500 OR LESS","2026-03-05T23:46:00.000","UNABLE TO DETERMINE","UNABLE TO DETERMINE","1547","N","SEDGWICK ST","1821",,,,,,,"2","NONINCAPACITATING INJURY","1","0","0","1","0","1","0","20","5","3","41.9107042514","-87.6384320076","POINT (-87.638432007577 41.910704251367)"
"bdf5de9242cbf32fffd57924aa7adbc9598215e217136b8f00cfb653f8e05abcc318dc811fd76a3d5aad635aea31d509010881f09344203d0212b3e8e74b3b85",,"2026-03-05T20:15:00.000","30","TRAFFIC SIGNAL","FUNCTIONING PROPERLY","CLEAR","DARKNESS, LIGHTED ROAD","SIDESWIPE SAME DIRECTION","NOT DIVIDED",,"STRAIGHT AND LEVEL","DRY","NO DEFECTS","NOT ON SCENE (DESK REPORT)","NO INJURY / DRIVE AWAY","Y",,,"OVER $1,500","2026-03-06T12:45:00.000","UNABLE TO DETERMINE","NOT APPLICABLE","2080","W","FULLERTON AVE","1432",,,,,,,"2","NO INDICATION OF INJURY","0","0","0","0","0","2","0","20","5","3","41.925103687","-87.6804164949","POINT (-87.680416494934 41.925103686955)"
"26fcc5e605074fbbb5235fab6b41f45e19f1db3f92db82edf9f034dea250f6a8e5a73c6fc807850f07d9da87277f132d1104d2ad2bd99733155f131c135e5517","Y","2026-03-05T20:10:00.000","30","NO CONTROLS","NO CONTROLS","CLEAR","DARKNESS, LIGHTED ROAD","SIDESWIPE OPPOSITE DIRECTION","NOT DIVIDED",,"STRAIGHT AND LEVEL","WET","NO DEFECTS","ON SCENE","NO INJURY / DRIVE AWAY",,,"Y","$500 OR LESS","2026-03-05T20:15:00.000","FAILING TO REDUCE SPEED TO AVOID CRASH","UNABLE TO DETERMINE","4815","W","51ST ST","814",,,,,,,"2","NO INDICATION OF INJURY","0","0","0","0","0","3","0","20","5","3","41.8002096674","-87.7436619977","POINT (-87.743661997728 41.80020966738)"
"64badfa29fef159c0cdfb759de869f2af1bca321145d7e51b33a43ce88a683b7fc50eae80939f9aa0526e37be36f37aabb192ee23e812e5ace1ff8f85ffdbb31",,"2026-03-05T20:00:00.000","30","UNKNOWN","UNKNOWN","OTHER","DARKNESS","REAR END","NOT DIVIDED",,"STRAIGHT AND LEVEL","DRY","UNKNOWN","NOT ON SCENE (DESK REPORT)","NO INJURY / DRIVE AWAY",,,,"$501 - $1,500","2026-03-05T20:05:00.000","FOLLOWING TOO CLOSELY","NOT APPLICABLE","438","S","KEDZIE AVE","1134",,,,,,,"2","NO INDICATION OF INJURY","0","0","0","0","0","3","0","20","5","3","41.8748478023","-87.7060960203","POINT (-87.706096020346 41.874847802285)"
"9d9904b787bd52a21581ebd1c01b37abf081c9730afa635a6faabedca44a8322b910522fb795262cbf1bdf886d56efd936ff94a104e5f67aee7bab607d3b8471",,"2026-03-05T20:00:00.000","30","NO CONTROLS","NO CONTROLS","RAIN","DARKNESS, LIGHTED ROAD","REAR END","DIVIDED - W/MEDIAN (NOT RAISED)",,"STRAIGHT AND LEVEL","WET","NO DEFECTS","NOT ON SCENE (DESK REPORT)","NO INJURY / DRIVE AWAY","N",,,"OVER $1,500","2026-03-07T10:00:00.000","FOLLOWING TOO CLOSELY","FOLLOWING TOO CLOSELY","5724","S","KEDZIE AVE","822",,,,,,,"2","NO INDICATION OF INJURY","0","0","0","0","0","2","0","20","5","3","41.789112548","-87.7035797266","POINT (-87.703579726608 41.789112548017)"
"ef4b2116f6f9d27878d8e9705b626c261be44e0dea10d5d17f16cae850190a1e6a1abb2c183611506c20b0860ccde2f74a540935773dffdf7072be7ac695ddfb",,"2026-03-05T20:00:00.000","30","UNKNOWN","UNKNOWN","UNKNOWN","UNKNOWN","TURNING","CENTER TURN LANE",,"STRAIGHT AND LEVEL","UNKNOWN","UNKNOWN",,"INJURY AND / OR TOW DUE TO CRASH",,,,"OVER $1,500","2026-03-05T21:45:00.000","UNABLE TO DETERMINE","UNABLE TO DETERMINE","1554","E","83RD ST","411",,,,,,,"3","NO INDICATION OF INJURY","0","0","0","0","0","3","0","20","5","3","41.7443070573","-87.5858635425","POINT (-87.585863542457 41.74430705733)"
"67b7da24e2e60cffd802d66e81ce15b2214bcd0aafa3ee15934a4014fe86195fe8bce97057eb7cfac52e9ba5185c76f782d8748c1f8cd29957df040910b6a316",,"2026-03-05T19:45:00.000","30","NO CONTROLS","NO CONTROLS","CLEAR","DARKNESS","ANGLE","NOT DIVIDED",,"STRAIGHT AND LEVEL","DRY","NO DEFECTS","NOT ON SCENE (DESK REPORT)","NO INJURY / DRIVE AWAY",,,,"OVER $1,500","2026-03-05T19:52:00.000","IMPROPER BACKING","NOT APPLICABLE","1035","W","RANDOLPH ST","1224",,,,,,,"2","NO INDICATION OF INJURY","0","0","0","0","0","2","0","19","5","3","41.8841930626","-87.6534119166","POINT (-87.653411916619 41.884193062618)"
"c8a5734cee747c2c3df5b356fab0f6d35308d8793e96a13a48edf96c50ef655ca214d215321e1ae80bb7d2672b57876ee436d9e53cf6fc309ff3f9b6aa3b29a3",,"2026-03-05T19:35:00.000","30","NO CONTROLS","NO CONTROLS","CLOUDY/OVERCAST","DARKNESS, LIGHTED ROAD","TURNING","ONE-WAY",,"STRAIGHT AND LEVEL","WET","NO DEFECTS","ON SCENE","INJURY AND / OR TOW DUE TO CRASH",,,"Y","OVER $1,500","2026-03-05T19:39:00.000","FAILING TO YIELD RIGHT-OF-WAY","NOT APPLICABLE","1130","W","VAN BUREN ST","1232",,,,,,,"2","REPORTED, NOT EVIDENT","1","0","0","0","1","1","0","19","5","3","41.8766533756","-87.6556634416","POINT (-87.655663441608 41.876653375611)"
"c8846693695e8ce549688b7bf1ea61b57bcae6f667d1bae7ceae8b381126b68da0c5041038ee9d39d50a98b05dd304db1c99c5f7566fa5c9a605090d3995080e",,"2026-03-05T19:30:00.000","30","NO CONTROLS","NO CONTROLS","CLEAR","DAYLIGHT","SIDESWIPE SAME DIRECTION","NOT DIVIDED",,"STRAIGHT AND LEVEL","DRY","NO DEFECTS","NOT ON SCENE (DESK REPORT)","NO INJURY / DRIVE AWAY",,,,"OVER $1,500","2026-03-05T20:10:00.000","FAILING TO REDUCE SPEED TO AVOID CRASH","NOT APPLICABLE","3212","N","CENTRAL AVE","1633",,,,,,,"2","NO INDICATION OF INJURY","0","0","0","0","0","2","0","19","5","3","41.9389970461","-87.7666617929","POINT (-87.766661792912 41.938997046109)"
"0dc256b59be1ab8c9dbeeccbe12962053b1a655a474894e3a440bbe102847aedeb2237c18afcd36106916dcef9a8ddedc617b3da68e940e456a5a3e3974a706b",,"2026-03-05T19:17:00.000","30","TRAFFIC SIGNAL","FUNCTIONING PROPERLY","CLEAR","DARKNESS","TURNING","NOT DIVIDED",,"STRAIGHT AND LEVEL","DRY","NO DEFECTS","NOT ON SCENE (DESK REPORT)","NO INJURY / DRIVE AWAY","Y",,,"OVER $1,500","2026-03-05T21:00:00.000","UNABLE TO DETERMINE","UNABLE TO DETERMINE","2600","N","WESTERN AVE","1411",,,,,,,"2","NO INDICATION OF INJURY","0","0","0","0","0","3","0","19","5","3","41.9286697899","-87.6879222355","POINT (-87.687922235539 41.92866978991)"
"ff890fa97008d948bb66a3abffb954e29e871a06f3b1394e086d1352906ac40563e69a98c47665d8926045a1552ce7dd4d334b3dec8a021582b026105286fea4",,"2026-03-05T19:15:00.000","30","TRAFFIC SIGNAL","UNKNOWN","UNKNOWN","UNKNOWN","REAR TO SIDE","FOUR WAY",,"STRAIGHT AND LEVEL","UNKNOWN","UNKNOWN","NOT ON SCENE (DESK REPORT)","NO INJURY / DRIVE AWAY",,,,"OVER $1,500","2026-03-05T20:05:00.000","UNABLE TO DETERMINE","UNABLE TO DETERMINE","1600","W","HOLLYWOOD AVE","2012",,,,,,,"2","NO INDICATION OF INJURY","0","0","0","0","0","3","0","19","5","3","41.9852246126","-87.6700238957","POINT (-87.670023895733 41.985224612593)"
"b23ea187b3940bb582456be5992f0fc8e922b37dd715ccdd47020c22a7c782ef9d1aec3811b7f25aa7f81e258b0c2ff9f1c8c741d247d3de02907aaf63ab7600",,"2026-03-05T19:10:00.000","30","TRAFFIC SIGNAL","FUNCTIONING PROPERLY","CLEAR","DARKNESS, LIGHTED ROAD","PEDALCYCLIST","NOT DIVIDED",,"STRAIGHT AND LEVEL","WET","NO DEFECTS","ON SCENE","INJURY AND / OR TOW DUE TO CRASH",,,"Y","OVER $1,500","2026-03-05T19:16:00.000","UNABLE TO DETERMINE","UNABLE TO DETERMINE","251","E","HURON ST","1834",,,,,,,"2","NONINCAPACITATING INJURY","1","0","0","1","0","1","0","19","5","3","41.8949033024","-87.6207437262","POINT (-87.62074372624 41.894903302355)"
"ae9e8628e5edca32a0ce8c6a8a507286493c3fbc866b627b960bc771d16256451518fb888e9d6861a7135b094e445ff08ade6de7b111fa5c3674538110a2347d",,"2026-03-05T19:08:00.000","30","UNKNOWN","UNKNOWN","CLEAR","DAYLIGHT","TURNING","DIVIDED - W/MEDIAN (NOT RAISED)",,"STRAIGHT AND LEVEL","DRY","NO DEFECTS","NOT ON SCENE (DESK REPORT)","INJURY AND / OR TOW DUE TO CRASH",,,"Y","OVER $1,500","2026-03-05T20:00:00.000","FOLLOWING TOO CLOSELY","NOT APPLICABLE","6647","S","WESTERN AVE","832",,,,,,,"2","REPORTED, NOT EVIDENT","1","0","0","0","1","1","0","19","5","3","41.7724064825","-87.6833095317","POINT (-87.683309531677 41.772406482508)"
"5528df16dc97fa52b7c2d7bea653d39da0fd1dafc3d46086ca100e9274aa88f7468140a03c8a907585db59d997fbd68fc838279c6e8acc996cf259e09ecd5281",,"2026-03-05T19:00:00.000","30","TRAFFIC SIGNAL","FUNCTIONING PROPERLY","CLEAR","DARKNESS, LIGHTED ROAD","SIDESWIPE SAME DIRECTION","NOT DIVIDED",,"STRAIGHT AND LEVEL","DRY","NO DEFECTS","NOT ON SCENE (DESK REPORT)","NO INJURY / DRIVE AWAY","Y",,,"OVER $1,500","2026-03-05T19:30:00.000","IMPROPER OVERTAKING/PASSING","NOT APPLICABLE","2400","W","55TH ST","923",,,,,,,"2","NO INDICATION OF INJURY","0","0","0","0","0","2","0","19","5","3","41.7939813466","-87.6841417413","POINT (-87.684141741284 41.793981346574)"
"845de6439826b11ac1a35ec3f76f33beac91f4a57d26a4be4d8c8235de431124270caf4f0d155e714ad5d38139e53afd73605f8d5fbef96c579d4ecf19a56367",,"2026-03-05T19:00:00.000","15","NO CONTROLS","NO CONTROLS","FOG/SMOKE/HAZE","DUSK","FIXED OBJECT","ALLEY",,"STRAIGHT AND LEVEL","UNKNOWN","NO DEFECTS","ON SCENE","NO INJURY / DRIVE AWAY",,"Y","Y","$501 - $1,500","2026-03-06T19:14:00.000","UNABLE TO DETERMINE","NOT APPLICABLE","3015","N","SEMINARY AVE","1933",,,,,,,"1","NO INDICATION OF INJURY","0","0","0","0","0","1","0","19","5","3","41.9367228303","-87.6562826352","POINT (-87.656282635176 41.936722830287)"
"d0a803643e2682ab8e4a430bc8d8c2208d0e798ffb022e4c6bf30a5e6f677eb65595e2a2819e6a59d4ebd52c44bd2ed46e98746bcd710e60651d2c9dbbd5d1d4",,"2026-03-05T19:00:00.000","30","UNKNOWN","UNKNOWN","CLEAR","DAYLIGHT","SIDESWIPE SAME DIRECTION","NOT DIVIDED",,"STRAIGHT AND LEVEL","DRY","UNKNOWN","NOT ON SCENE (DESK REPORT)","NO INJURY / DRIVE AWAY",,,,"$501 - $1,500","2026-03-05T19:45:00.000","FOLLOWING TOO CLOSELY","NOT APPLICABLE","1143","N","DAMEN AVE","1212",,,,,,,"2","NO INDICATION OF INJURY","0","0","0","0","0","2","0","19","5","3","41.9026794811","-87.6770956988","POINT (-87.677095698847 41.902679481115)"
"6d8d38de09caea372173c70178db8c3cb56557ef8f542d88a9288bf64649b2d75e46450da0f1ef8ba5bf848696fb9d38d0f4337124242b1a216864b37c259f49",,"2026-03-05T18:49:00.000","30","NO CONTROLS","NO CONTROLS","CLEAR","DAWN","FIXED OBJECT","DIVIDED - W/MEDIAN BARRIER",,"STRAIGHT AND LEVEL","DRY","UNKNOWN","ON SCENE","INJURY AND / OR TOW DUE TO CRASH",,,,"OVER $1,500","2026-03-05T18:49:00.000","UNABLE TO DETERMINE","UNABLE TO DETERMINE","2351","W","59TH ST","825",,,,,,,"1","NONINCAPACITATING INJURY","1","0","0","1","0","0","0","18","5","3","41.7864063229","-87.6831329243","POINT (-87.683132924346 41.786406322901)"
"984243c882212d7147f2e6096a5afdca55b614f6298225ee232b1f661319a052923047f58f62a4cbf5062aff98fd35f218014db224db53acb43edaca8cecd674",,"2026-03-05T18:40:00.000","30","TRAFFIC SIGNAL","FUNCTIONING PROPERLY","CLEAR","DARKNESS","REAR END","ONE-WAY",,"STRAIGHT AND LEVEL","DRY","NO DEFECTS","NOT ON SCENE (DESK REPORT)","NO INJURY / DRIVE AWAY",,,,"OVER $1,500","2026-03-06T09:02:00.000","UNABLE TO DETERMINE","NOT APPLICABLE","4800","W","HARRISON ST","1533",,,,,,,"2","NO INDICATION OF INJURY","0","0","0","0","0","4","0","18","5","3","41.8732454644","-87.7451171789","POINT (-87.745117178881 41.87324546438)"
"d64b1ca265c4c35a6a2e4d8c200d72a91285e58c04c16b0ace1ef9c383235861e4b2026bcd32762df7a0adb8c3dbda02202bcf9a1ab93808eaecce43652bd935","N","2026-03-05T18:40:00.000","10","NO CONTROLS","NO CONTROLS","CLEAR","DARKNESS, LIGHTED ROAD","PARKED MOTOR VEHICLE","ONE-WAY",,"STRAIGHT AND LEVEL","DRY","NO DEFECTS","ON SCENE","NO INJURY / DRIVE AWAY",,,,"$500 OR LESS","2026-03-05T18:43:00.000","UNABLE TO DETERMINE","NOT APPLICABLE","2536","N","KILDARE AVE","2524",,,,,,,"2","NO INDICATION OF INJURY","0","0","0","0","0","1","0","18","5","3","41.927315718","-87.7343541698","POINT (-87.734354169802 41.927315717979)"
"0dae8c4840f4b0e2862609d896d7b29e69980a67957d71c670ba2221aff797a41f63c63c3b57e28dda04710ae1404bc509da0bf4bb5c5a157443fdd659aadd21",,"2026-03-05T18:34:00.000","30","NO CONTROLS","NO CONTROLS","CLEAR","DARKNESS, LIGHTED ROAD","TURNING","NOT DIVIDED",,"STRAIGHT AND LEVEL","DRY","NO DEFECTS","ON SCENE","INJURY AND / OR TOW DUE TO CRASH","Y",,,"OVER $1,500","2026-03-05T18:42:00.000","UNABLE TO DETERMINE","NOT APPLICABLE","3659","W","LAWRENCE AVE","1723",,,,,,,"2","NO INDICATION OF INJURY","0","0","0","0","0","4","0","18","5","3","41.9682131295","-87.7206330602","POINT (-87.720633060174 41.968213129498)"
"05cfe8494610a44a423ed348bc70d3e431b137167f7adf8b759c29fc66b596de93950ecbeb11421c91774e2f3931a979606e9bd23e79f3f1d6ff87023c9fd13c","Y","2026-03-05T18:30:00.000","30","NO CONTROLS","NO CONTROLS","CLEAR","DARKNESS, LIGHTED ROAD","SIDESWIPE SAME DIRECTION","ONE-WAY",,"STRAIGHT AND LEVEL","UNKNOWN","UNKNOWN","NOT ON SCENE (DESK REPORT)","NO INJURY / DRIVE AWAY",,,"Y","OVER $1,500","2026-03-09T19:30:00.000","NOT APPLICABLE","NOT APPLICABLE","2751","W","64TH ST","825",,,,,,,"2","NO INDICATION OF INJURY","0","0","0","0","0","2","0","18","5","3","41.7771204219","-87.6930176072","POINT (-87.693017607198 41.777120421926)"
"599e6bfb3c1c893004025919cd6014ea6f194274bdd6db1fcf0c5636cc7773bf8b98f7f8e150e7413899f2db6b1e2dbd22ed75f3d2d301f2bea49e40010aa614",,"2026-03-05T18:30:00.000","30","TRAFFIC SIGNAL","UNKNOWN","UNKNOWN","DARKNESS, LIGHTED ROAD","TURNING","FOUR WAY",,"STRAIGHT AND LEVEL","UNKNOWN","UNKNOWN","NOT ON SCENE (DESK REPORT)","INJURY AND / OR TOW DUE TO CRASH","Y",,,"OVER $1,500","2026-03-05T19:28:00.000","FAILING TO YIELD RIGHT-OF-WAY","NOT APPLICABLE","700","S","CICERO AVE","1533",,,,,,,"2","NO INDICATION OF INJURY","0","0","0","0","0","3","0","18","5","3","41.8720580505","-87.7450793431","POINT (-87.745079343101 41.872058050459)"
"d921ffb7232273774054caa25af60a72b327f72154ac8669a681fe36280e2ae5f5aac094a0647c0f7450b029088f0617ac7663e82e780c1636cbb4f1c85f39cc",,"2026-03-05T18:30:00.000","30","NO CONTROLS","NO CONTROLS","CLEAR","DARKNESS, LIGHTED ROAD","SIDESWIPE SAME DIRECTION","NOT DIVIDED",,"STRAIGHT AND LEVEL","DRY","NO DEFECTS","ON SCENE","NO INJURY / DRIVE AWAY",,,,"OVER $1,500","2026-03-05T18:35:00.000","UNABLE TO DETERMINE","NOT APPLICABLE","6311","S","HARLEM AVE","812",,,,,,,"2","NO INDICATION OF INJURY","0","0","0","0","0","2","0","18","5","3","41.777011188","-87.8007299712","POINT (-87.80072997123 41.777011188011)"
"f1841591e62b66188f7cecf7aff86cbd45e2ebfb2fe594b6b27e1c34b114a152a4f8949f52d5227cd2e00307271365b04bde16d4ed880faf92601dcbb7ced99e",,"2026-03-05T18:30:00.000","30","TRAFFIC SIGNAL","FUNCTIONING PROPERLY","CLEAR","DARKNESS, LIGHTED ROAD","SIDESWIPE SAME DIRECTION","DIVIDED - W/MEDIAN (NOT RAISED)",,"STRAIGHT AND LEVEL","UNKNOWN","UNKNOWN","NOT ON SCENE (DESK REPORT)","NO INJURY / DRIVE AWAY",,,,"OVER $1,500","2026-03-05T19:35:00.000","DRIVING SKILLS/KNOWLEDGE/EXPERIENCE","NOT APPLICABLE","1143","N","DAMEN AVE","1212",,,,,,,"2","NO INDICATION OF INJURY","0","0","0","0","0","2","0","18","5","3","41.9026794811","-87.6770956988","POINT (-87.677095698847 41.902679481115)"
"0d961de51d5c58e28e09a9a6e80892f52691638b1f9b049c46684a8c3e063c9231f5cab8a35ac69cde74cf794ea8bddd881e8e529cfdc2749c9c02cda6ebac14",,"2026-03-05T18:29:00.000","40","TRAFFIC SIGNAL","FUNCTIONING PROPERLY","CLEAR","DARKNESS, LIGHTED ROAD","TURNING","DIVIDED - W/MEDIAN BARRIER",,"STRAIGHT AND LEVEL","DRY","NO DEFECTS","ON SCENE","INJURY AND / OR TOW DUE TO CRASH","Y",,,"OVER $1,500","2026-03-05T18:29:00.000","UNABLE TO DETERMINE","UNABLE TO DETERMINE","300","S","LAKE SHORE DR SB","114",,,,,,,"2","NO INDICATION OF INJURY","0","0","0","0","0","2","0","18","5","3","41.8783101346","-87.6175759034","POINT (-87.617575903416 41.878310134581)"
"1d70e71e7ad8c07b54d1e524e8c2f98c1dfd6ec07e0a6c17be444e53d2af9a81710065c42655e385ae86e3764a6dc9d75c3e0f4722e92e2c772b57aabf6bb32a",,"2026-03-05T18:29:00.000","40","TRAFFIC SIGNAL","FUNCTIONING PROPERLY","CLEAR","DARKNESS","PARKED MOTOR VEHICLE","T-INTERSECTION",,"STRAIGHT AND LEVEL","DRY","UNKNOWN","ON SCENE","NO INJURY / DRIVE AWAY","Y",,,"OVER $1,500","2026-03-05T18:30:00.000","OPERATING VEHICLE IN ERRATIC, RECKLESS, CARELESS, NEGLIGENT OR AGGRESSIVE MANNER","NOT APPLICABLE","300","S","LAKE SHORE DR SB","114",,,,,,,"2","NO INDICATION OF INJURY","0","0","0","0","0","2","0","18","5","3","41.8783101346","-87.6175759034","POINT (-87.617575903416 41.878310134581)"
"732f89dc3cbd6ba7fd311ecce2dfef27eeee06f0e0acbd57bf05e797b421f3e245a64a8b5617ae3a6c06e9787205bf3f4abf73b7779630b2fdb851e114c2e32f",,"2026-03-05T18:25:00.000","20","NO CONTROLS","NO CONTROLS","CLEAR","DARKNESS, LIGHTED ROAD","PARKED MOTOR VEHICLE","NOT DIVIDED",,"STRAIGHT AND LEVEL","DRY","UNKNOWN","ON SCENE","INJURY AND / OR TOW DUE TO CRASH",,,"Y","OVER $1,500","2026-03-05T18:29:00.000","UNABLE TO DETERMINE","UNABLE TO DETERMINE","436","W","72ND ST","732",,,,,,,"2","NONINCAPACITATING INJURY","2","0","0","2","0","1","0","18","5","3","41.7636158328","-87.636267555","POINT (-87.63626755498 41.763615832784)"
"56a2388ab24fc11684df34ed6aad2090f4673bbe5e624f1a004a31f354aa26e440b2ee4ce89976dc954dae7d0301501882a378c3040327b225f7168c035e5042",,"2026-03-05T18:23:00.000","30","NO CONTROLS","NO CONTROLS","CLEAR","DARKNESS, LIGHTED ROAD","PARKED MOTOR VEHICLE","ONE-WAY",,"STRAIGHT AND LEVEL","DRY","NO DEFECTS","ON SCENE","NO INJURY / DRIVE AWAY",,,,"OVER $1,500","2026-03-05T18:24:00.000","IMPROPER OVERTAKING/PASSING","IMPROPER LANE USAGE","713","E","87TH PL","632",,,,,,,"2","NO INDICATION OF INJURY","0","0","0","0","0","1","0","18","5","3","41.7356008969","-87.6066339786","POINT (-87.606633978615 41.735600896856)"
"b14eaaa15157393f65cb240bede49aa95f06f89d124575725a4e79c00104a242278ddea4bfc99c6cf58898651441b6ecc210c9c65f36067d2c6b7b7d0ea2e4c5",,"2026-03-05T18:15:00.000","30","NO CONTROLS","NO CONTROLS","CLEAR","DUSK","PEDALCYCLIST","NOT DIVIDED",,"STRAIGHT AND LEVEL","DRY","NO DEFECTS","NOT ON SCENE (DESK REPORT)","INJURY AND / OR TOW DUE TO CRASH",,,,"$501 - $1,500","2026-03-07T15:45:00.000","UNABLE TO DETERMINE","NOT APPLICABLE","4635","N","ELSTON AVE","1722",,,,,,,"2","REPORTED, NOT EVIDENT","1","0","0","0","1","1","0","18","5","3","41.9654079778","-87.7359917219","POINT (-87.735991721928 41.965407977786)"
"597f8504c3b312c1dd671c4a2e1d9307edd5925e2069149ea9a31ceba8a6b3cfcc5eaa94f272521ebfeb362abc3ceb0c238d1c9dd5896e68ba154b8f18c6d6d6",,"2026-03-05T18:11:00.000","30","STOP SIGN/FLASHER","FUNCTIONING PROPERLY","CLEAR","DARKNESS, LIGHTED ROAD","TURNING","UNKNOWN INTERSECTION TYPE",,"STRAIGHT AND LEVEL","DRY","NO DEFECTS","ON SCENE","NO INJURY / DRIVE AWAY","N",,"Y","OVER $1,500","2026-03-05T18:12:00.000","UNABLE TO DETERMINE","UNABLE TO DETERMINE","10300","S","CORLISS AVE","512",,,,,,,"2","NO INDICATION OF INJURY","0","0","0","0","0","2","0","18","5","3","41.7074364499","-87.6041600097","POINT (-87.604160009748 41.707436449917)"
"2a07962ca6bce3a19d91e22ba052e18f7dca1608022eac14045adfc5dbfc77264509ff48bc006a62fe531521f2bd190cc164fb232e575e3289f3bfce2645299b",,"2026-03-05T18:10:00.000","30","TRAFFIC SIGNAL","FUNCTIONING PROPERLY","CLEAR","DARKNESS, LIGHTED ROAD","TURNING","T-INTERSECTION",,"STRAIGHT AND LEVEL","DRY","UNKNOWN","ON SCENE","NO INJURY / DRIVE AWAY","Y",,,"OVER $1,500","2026-03-05T18:13:00.000","FOLLOWING TOO CLOSELY","FAILING TO REDUCE SPEED TO AVOID CRASH","8355","W","BRYN MAWR AVE","1614",,,,,,,"2","NO INDICATION OF INJURY","0","0","0","0","0","2","0","18","5","3","41.9794452434","-87.8363888152","POINT (-87.8363888152 41.979445243358)"