"crash_record_id","crash_date_est_i","crash_date","posted_speed_limit","traffic_control_device","device_condition","weather_condition","lighting_condition","first_crash_type","trafficway_type","lane_cnt","alignment","roadway_surface_cond","road_defect","report_type","crash_type","intersection_related_i","private_property_i","hit_and_run_i","damage","date_police_notified","prim_contributory_cause","sec_contributory_cause","street_no","street_direction","street_name","beat_of_occurrence","photos_taken_i","statements_taken_i","dooring_i","work_zone_i","work_zone_type","workers_present_i","num_units","most_severe_injury","injuries_total","injuries_fatal","injuries_incapacitating","injuries_non_incapacitating","injuries_reported_not_evident","injuries_no_indication","injuries_unknown","crash_hour","crash_day_of_week","crash_month","latitude","longitude","location"
"494e99bfaee2f72908879037f0930dea18c286f4dcd0ce1379efa9587e60bf2393fb0a944994edb547c94b8f1809293b865b6851e71c64730356dd1313bbfcf2",,"2026-03-05T18:09:00.000","30","NO CONTROLS","NO CONTROLS","CLEAR","DARKNESS, LIGHTED ROAD","SIDESWIPE OPPOSITE DIRECTION","NOT DIVIDED",,"STRAIGHT AND LEVEL","DRY","UNKNOWN","ON SCENE","NO INJURY / DRIVE AWAY",,,,"$500 OR LESS","2026-03-05T18:10:00.000","UNABLE TO DETERMINE","UNABLE TO DETERMINE","304","N","ADA ST","1215",,,,,,,"2","NO INDICATION OF INJURY","0","0","0","0","0","2","0","18","5","3","41.8867870414","-87.6609462515","POINT (-87.660946251547 41.886787041428)"
"731fe3953e4801b1347096f84789c08f88e44abc352fda6fe62c2e855df0efc8627a5e89744bcf729d55fcf8379a76b5ceeefc2b1711d7581a3b33e20020fc15",,"2026-03-05T18:08:00.000","30","TRAFFIC SIGNAL","FUNCTIONING PROPERLY","CLEAR","DARKNESS, LIGHTED ROAD","REAR END","NOT DIVIDED",,"STRAIGHT AND LEVEL","DRY","NO DEFECTS","ON SCENE","INJURY AND / OR TOW DUE TO CRASH",,,"Y","OVER $1,500","2026-03-05T18:08:00.000","UNABLE TO DETERMINE","NOT APPLICABLE","5055","S","CALIFORNIA AVE","923",,,,,,,"2","NO INDICATION OF INJURY","0","0","0","0","0","4","0","18","5","3","41.8011951127","-87.6938596298","POINT (-87.693859629821 41.801195112717)"
"cdfd5d67da042554cadddb80785cb4b637fc35089a7d66acdda4a3e7c3f9dced4f64128663ae66a48afe2968682db1d9ed1d8e4c46cab83261007dcf70c22c00",,"2026-03-05T18:08:00.000","30","STOP SIGN/FLASHER","FUNCTIONING PROPERLY","CLEAR","DARKNESS, LIGHTED ROAD","TURNING","DIVIDED - W/MEDIAN (NOT RAISED)",,"STRAIGHT AND LEVEL","DRY","NO DEFECTS",,"INJURY AND / OR TOW DUE TO CRASH",,,,"OVER $1,500","2026-03-05T18:08:00.000","IMPROPER TURNING/NO SIGNAL","IMPROPER TURNING/NO SIGNAL","1704","W","95TH ST","2221",,,,,,,"2","REPORTED, NOT EVIDENT","2","0","0","0","2","1","0","18","5","3","41.7212908785","-87.665017716","POINT (-87.665017716042 41.721290878495)"
"ef4282b6347aaed152111897c96c2b4acff1a34a520c938d32d982c6dce2295a306faba8011d358b4db8e36d9ec5a4a0fe647e569e8a035e81fb9c848087487d",,"2026-03-05T18:03:00.000","30","TRAFFIC SIGNAL","FUNCTIONING PROPERLY","CLEAR","DAYLIGHT","HEAD ON","NOT DIVIDED",,"STRAIGHT AND LEVEL","DRY","NO DEFECTS","NOT ON SCENE (DESK REPORT)","NO INJURY / DRIVE AWAY","Y",,,"OVER $1,500","2026-03-05T20:21:00.000","FAILING TO REDUCE SPEED TO AVOID CRASH","DISTRACTION - FROM INSIDE VEHICLE","700","S","CICERO AVE","1533",,,,,,,"2","NO INDICATION OF INJURY","0","0","0","0","0","2","0","18","5","3","41.8720580505","-87.7450793431","POINT (-87.745079343101 41.872058050459)"
"24120b3a15dd3fac60fda3c5ee49cebe137749a4ec5b8ccc43ab8aae2636d752707b402cbf6b7d56749c53159358c44b9636a3734b433cc7757a3f3f90be9aac",,"2026-03-05T18:01:00.000","30","NO CONTROLS","NO CONTROLS","CLEAR","DARKNESS, LIGHTED ROAD","TURNING","NOT DIVIDED",,"STRAIGHT AND LEVEL","UNKNOWN","UNKNOWN","NOT ON SCENE (DESK REPORT)","NO INJURY / DRIVE AWAY",,,,"OVER $1,500","2026-03-05T19:25:00.000","DRIVING SKILLS/KNOWLEDGE/EXPERIENCE","NOT APPLICABLE","6454","W","63RD ST","812",,,,,,,"2","NO INDICATION OF INJURY","0","0","0","0","0","3","0","18","5","3","41.7777522045","-87.7834832011","POINT (-87.783483201126 41.777752204494)"
"c7596c9cd43847d2ef330de0262d8264f047d6b6d248800f90249f18368e0da1a65bf327ca1ea72166be3e0c76f0d0a535e1ae96753a851237b981fca65f862b",,"2026-03-05T18:00:00.000","30","TRAFFIC SIGNAL","FUNCTIONING PROPERLY","CLEAR","DAYLIGHT","REAR END","NOT DIVIDED",,"STRAIGHT AND LEVEL","DRY","NO DEFECTS","NOT ON SCENE (DESK REPORT)","NO INJURY / DRIVE AWAY",,,,"OVER $1,500","2026-03-06T17:30:00.000","UNABLE TO DETERMINE","UNABLE TO DETERMINE","1543","W","MADISON ST","1224",,,,,,,"2","NO INDICATION OF INJURY","0","0","0","0","0","3","0","18","5","3","41.8813525082","-87.6659992581","POINT (-87.665999258098 41.881352508178)"
"d3c3c2ccb356acb561b85152c5d1409bc5bee4e5ddd1ba8fb42c73b5b8ac39b63b3b3ec1312503e5af0ed5deddfb1557d191dffe726d09d0a65dec8bca1d3d8a",,"2026-03-05T18:00:00.000","30","NO CONTROLS","NO CONTROLS","RAIN","DARKNESS","PARKED MOTOR VEHICLE","NOT DIVIDED",,"STRAIGHT AND LEVEL","WET","NO DEFECTS","NOT ON SCENE (DESK REPORT)","INJURY AND / OR TOW DUE TO CRASH",,,,"OVER $1,500","2026-03-05T20:09:00.000","UNABLE TO DETERMINE","NOT APPLICABLE","1612","W","109TH PL","2212",,,,,,,"3","NO INDICATION OF INJURY","0","0","0","0","0","1","0","18","5","3","41.6948540173","-87.6622589905","POINT (-87.662258990546 41.694854017287)"
"d417a4dedd328ba38e66fc1b2086e08a1d3d9095b38fee6927d1f03d38f27ca90e97b46c42b85504457ea4d0edc631ade203ddfe95d3c8861c3e38940c3cd655",,"2026-03-05T18:00:00.000","35","NO CONTROLS","NO CONTROLS","CLEAR","DARKNESS","PARKED MOTOR VEHICLE","NOT DIVIDED",,"STRAIGHT AND LEVEL","UNKNOWN","UNKNOWN","ON SCENE","NO INJURY / DRIVE AWAY",,,"Y","$500 OR LESS","2026-03-06T18:30:00.000","UNABLE TO DETERMINE","UNABLE TO DETERMINE","7949","S","COLFAX AVE","422",,,,,,,"2","NO INDICATION OF INJURY","0","0","0","0","0","1","0","18","5","3","41.7503542828","-87.5612137396","POINT (-87.561213739639 41.75035428279)"
"dc9a4346c863d14be976dd90064c5d8c036ca751e973285e1b6678e3f78139f0d19958be4fc4a821876b4806792305dc15874dbdd7c931ecbbe2cdbd7bcdc43b",,"2026-03-05T18:00:00.000","25","TRAFFIC SIGNAL","FUNCTIONING PROPERLY","CLEAR","DAYLIGHT","REAR END","NOT DIVIDED",,"STRAIGHT AND LEVEL","DRY","NO DEFECTS","NOT ON SCENE (DESK REPORT)","NO INJURY / DRIVE AWAY","Y",,,"OVER $1,500","2026-03-05T19:40:00.000","UNABLE TO DETERMINE","UNABLE TO DETERMINE","2400","S","CALIFORNIA AVE","1033",,,,,,,"2","NO INDICATION OF INJURY","0","0","0","0","0","2","0","18","5","3","41.848242799","-87.6954908639","POINT (-87.695490863877 41.848242798978)"
"e1566a7b3a5f0a9e461526dc46d22cec8f04de22fc2d73d86c02fbec40991da3e3c9ad0458ac274defa7138a13e0d96418d91a490571e8e9be42d294b07d014c",,"2026-03-05T18:00:00.000","25","TRAFFIC SIGNAL","UNKNOWN","CLEAR","DARKNESS","REAR END","NOT DIVIDED",,"STRAIGHT AND LEVEL","WET","UNKNOWN","NOT ON SCENE (DESK REPORT)","NO INJURY / DRIVE AWAY",,,"Y","OVER $1,500","2026-03-05T19:15:00.000","UNABLE TO DETERMINE","UNABLE TO DETERMINE","7701","S","SOUTH CHICAGO AVE","411",,,,,,,"2","NO INDICATION OF INJURY","0","0","0","0","0","3","0","18","5","3","41.7547225699","-87.5898440976","POINT (-87.589844097642 41.754722569886)"
"f6e9633c424cb3708eecdecdc038cc545a3fc76b1aed13da996832a6cc7ff48bfbefd3785fdf751d06a05c46b65ab306f345ce88bf50d90532897e93782c215d","Y","2026-03-05T18:00:00.000","30","TRAFFIC SIGNAL","FUNCTIONING PROPERLY","UNKNOWN","DUSK","REAR END","NOT DIVIDED",,"STRAIGHT AND LEVEL","UNKNOWN","UNKNOWN","NOT ON SCENE (DESK REPORT)","NO INJURY / DRIVE AWAY",,,,"OVER $1,500","2026-03-06T14:50:00.000","FOLLOWING TOO CLOSELY","NOT APPLICABLE","726","N","MICHIGAN AVE","1833",,,,,,,"2","NO INDICATION OF INJURY","0","0","0","0","0","2","0","18","5","3","41.8956979684","-87.6244171809","POINT (-87.624417180855 41.895697968389)"
"1e6dc64ad8e1a81d4ce6133d6a59cecff0e019dece215b6c6e04d0913f125a30bfe4408ba4961dba9f77416df07fd701d764612cbb1a414439f43eca59318b97",,"2026-03-05T17:57:00.000","25","NO CONTROLS","NO CONTROLS","CLEAR","DARKNESS, LIGHTED ROAD","PARKED MOTOR VEHICLE","ONE-WAY",,"STRAIGHT AND LEVEL","DRY","NO DEFECTS","ON SCENE","INJURY AND / OR TOW DUE TO CRASH",,,,"OVER $1,500","2026-03-05T18:22:00.000","DRIVING SKILLS/KNOWLEDGE/EXPERIENCE","NOT APPLICABLE","6128","N","ROCKWELL ST","2413",,,,,,,"2","NO INDICATION OF INJURY","0","0","0","0","0","1","0","17","5","3","41.9931010457","-87.6947639062","POINT (-87.694763906213 41.993101045742)"
"c2cde958c212e420d42b82a1b9d7c85229a45869c20e4b2b866af409a83f0c49991ae89f29fc83d9c32fd8b9fae1b20ce7540282c1ca6eed31bd3f6f87ec2e2d",,"2026-03-05T17:52:00.000","25","NO CONTROLS","NO CONTROLS","CLEAR","DUSK","PARKED MOTOR VEHICLE","PARKING LOT",,"STRAIGHT AND LEVEL","DRY","NO DEFECTS","ON SCENE","NO INJURY / DRIVE AWAY",,,"Y","OVER $1,500","2026-03-05T18:36:00.000","UNABLE TO DETERMINE","NOT APPLICABLE","8725","W","HIGGINS RD","1614",,,,,,,"2","NO INDICATION OF INJURY","0","0","0","0","0","1","0","17","5","3","41.9874095968","-87.844388665","POINT (-87.844388665036 41.987409596818)"
"6cec4f6b47fe3a1970c697fe355f0dedc08427a877d28cd838ded16219e48aacd713ce8a039ec1219a2669b9b22b0aec3c8c36e5f623269402d19bc8a04aa4d3",,"2026-03-05T17:50:00.000","25","NO CONTROLS","NO CONTROLS","CLEAR","DAYLIGHT","SIDESWIPE SAME DIRECTION","NOT DIVIDED",,"STRAIGHT AND LEVEL","WET","NO DEFECTS","NOT ON SCENE (DESK REPORT)","NO INJURY / DRIVE AWAY",,,,"OVER $1,500","2026-03-05T18:50:00.000","UNABLE TO DETERMINE","UNABLE TO DETERMINE","623","W","SCHUBERT AVE","1935","Y",,,,,,"3","NO INDICATION OF INJURY","0","0","0","0","0","2","0","17","5","3","41.9315530436","-87.6454386967","POINT (-87.645438696713 41.931553043622)"
"6e40794ba19dd9632f74aee8ca2d898355edcc26c1ca959a0cdc2d86e81e441995c3211178a7680142baa66c0a9ef082693b66666bf1d354cc5290a5a2325592",,"2026-03-05T17:50:00.000","30","NO CONTROLS","NO CONTROLS","CLEAR","DUSK","PARKED MOTOR VEHICLE","NOT DIVIDED",,"STRAIGHT AND LEVEL","DRY","NO DEFECTS","ON SCENE","INJURY AND / OR TOW DUE TO CRASH",,,,"OVER $1,500","2026-03-05T17:54:00.000","FAILING TO REDUCE SPEED TO AVOID CRASH","UNABLE TO DETERMINE","3330","N","LOCKWOOD AVE","1634",,,,,,,"2","NO INDICATION OF INJURY","0","0","0","0","0","1","0","17","5","3","41.9414500592","-87.7593814966","POINT (-87.759381496585 41.941450059175)"
"d6e6170a94fa5de440e0461618229f365f80ce32a9788982d487d6ece82790f4f3cbf36d1e4b05205db01a3bba49be40dc7788bef32385d4a395fff26ee1ec45",,"2026-03-05T17:50:00.000","30","NO CONTROLS","NO CONTROLS","RAIN","DARKNESS, LIGHTED ROAD","SIDESWIPE SAME DIRECTION","NOT DIVIDED",,"STRAIGHT AND LEVEL","WET","UNKNOWN","NOT ON SCENE (DESK REPORT)","NO INJURY / DRIVE AWAY",,,,"$501 - $1,500","2026-03-06T21:40:00.000","UNABLE TO DETERMINE","UNABLE TO DETERMINE","1250","N","LAKE SHORE DR SB","1824",,,,,,,"2","NO INDICATION OF INJURY","0","0","0","0","0","2","0","17","5","3","41.9054621861","-87.6251474135","POINT (-87.625147413477 41.905462186135)"
"d740a0dfa6cdc2b37f013dfaf452e48ba18150fb8853974c10f60eeb8fa7050d9afabe4265616ff994f97bca9c7c714c64613940799db1f6cae668f17e5996ef",,"2026-03-05T17:40:00.000","30","TRAFFIC SIGNAL","FUNCTIONING PROPERLY","CLEAR","DARKNESS, LIGHTED ROAD","SIDESWIPE SAME DIRECTION","NOT DIVIDED",,"STRAIGHT AND LEVEL","DRY","NO DEFECTS","NOT ON SCENE (DESK REPORT)","NO INJURY / DRIVE AWAY","Y",,,"$500 OR LESS","2026-03-05T19:05:00.000","FOLLOWING TOO CLOSELY","FAILING TO REDUCE SPEED TO AVOID CRASH","3900","S","ARCHER AVE","921",,,,,,,"2","NO INDICATION OF INJURY","0","0","0","0","0","2","0","17","5","3","41.8229096789","-87.6900973342","POINT (-87.690097334163 41.822909678928)"
"18bf293349f1cde297056ca198255ac6048ad3297a89dda9ee8d580036bc68bd023607b6fe2e504ec2687599b8ac839cc2138e2defa00f97216f6182e3f563f3",,"2026-03-05T17:30:00.000","30","TRAFFIC SIGNAL","FUNCTIONING PROPERLY","CLEAR","DARKNESS, LIGHTED ROAD","PEDESTRIAN","ONE-WAY",,"STRAIGHT AND LEVEL","DRY","NO DEFECTS","ON SCENE","INJURY AND / OR TOW DUE TO CRASH",,,,"$500 OR LESS","2026-03-05T17:47:00.000","NOT APPLICABLE","NOT APPLICABLE","2","N","STATE ST","112",,"Y",,,,,"2","NONINCAPACITATING INJURY","1","0","0","1","0","1","0","17","5","3","41.8820827517","-87.6279636464","POINT (-87.627963646408 41.882082751744)"
"53d10798e218f794db3292b97fa7612e6132dcc4052a16979d3c0123195cbe2df1230b35a54fbdcacfc221fb53bed5c1b63f92e5afa256a0c9f9c919808eb1a9",,"2026-03-05T17:30:00.000","30","NO CONTROLS","NO CONTROLS","CLEAR","DAYLIGHT","SIDESWIPE SAME DIRECTION","DIVIDED - W/MEDIAN (NOT RAISED)",,"STRAIGHT AND LEVEL","DRY","UNKNOWN","NOT ON SCENE (DESK REPORT)","NO INJURY / DRIVE AWAY",,,,"$501 - $1,500","2026-03-05T18:00:00.000","IMPROPER OVERTAKING/PASSING","UNABLE TO DETERMINE","3754","W","IRVING PARK RD","1723",,,,,,,"2","NO INDICATION OF INJURY","0","0","0","0","0","2","0","17","5","3","41.9538377896","-87.7224940574","POINT (-87.722494057353 41.953837789556)"
"ba300610f6ebd53a07a6e0003c63dc9bb9bf79d37cdeae0c24c723f41ea22a6b9d57122707103c70537a41bb066749cdfb0bc892ba9795fca2485b64cab053dc",,"2026-03-05T17:30:00.000","10","NO CONTROLS","NO CONTROLS","CLEAR","DAWN","PARKED MOTOR VEHICLE","PARKING LOT",,"STRAIGHT AND LEVEL","UNKNOWN","UNKNOWN","NOT ON SCENE (DESK REPORT)","NO INJURY / DRIVE AWAY",,"Y",,"$501 - $1,500","2026-03-09T12:00:00.000","UNABLE TO DETERMINE","UNABLE TO DETERMINE","3210","W","47TH ST","821",,,,,,,"2","NO INDICATION OF INJURY","0","0","0","0","0","1","0","17","5","3","41.8082254473","-87.7044573931","POINT (-87.704457393056 41.808225447349)"
"d0ce8b37bf9e9abfdad292107a5464154b6e73e09394e357c522689fcff04acfc12c25cfd883a79a99dfef5347c35b69a13a0f7fec6f34a51d0b4d3ac8cae6d0",,"2026-03-05T17:26:00.000","30","NO CONTROLS","NO CONTROLS","CLEAR","DAYLIGHT","TURNING","FOUR WAY",,"STRAIGHT AND LEVEL","DRY","UNKNOWN","ON SCENE","INJURY AND / OR TOW DUE TO CRASH","Y",,,"OVER $1,500","2026-03-05T17:26:00.000","UNABLE TO DETERMINE","FAILING TO YIELD RIGHT-OF-WAY","6200","S","ASHLAND AVE","714",,,,,,,"2","NO INDICATION OF INJURY","0","0","0","0","0","3","0","17","5","3","41.7812004499","-87.6644065393","POINT (-87.66440653932 41.781200449899)"
"103b56ccba0ee67d866e8bbee4a73f325a874df9fdceca6da726b5f0fd836d76e7ec2329fb18976505309322a84232757e272868437d338f4be970f991c2ae9f",,"2026-03-05T17:20:00.000","30","NO CONTROLS","NO CONTROLS","CLEAR","DARKNESS, LIGHTED ROAD","SIDESWIPE SAME DIRECTION","NOT DIVIDED",,"STRAIGHT AND LEVEL","UNKNOWN","UNKNOWN","NOT ON SCENE (DESK REPORT)","NO INJURY / DRIVE AWAY",,,,"OVER $1,500","2026-03-05T18:50:00.000","DRIVING SKILLS/KNOWLEDGE/EXPERIENCE","NOT APPLICABLE","2354","W","47TH ST","922",,,,,,,"2","NO INDICATION OF INJURY","0","0","0","0","0","5","0","17","5","3","41.8085265716","-87.6837782353","POINT (-87.683778235311 41.808526571636)"
"94308ce8e35dc1d4658559f7fb07553c467d209a3f8b79e69952026d9a0500df42100583d6de68c7fe8b9eb19d7bd2d2654d5457f7e87c03e9498e13fdc37c46",,"2026-03-05T17:17:00.000","30","NO CONTROLS","NO CONTROLS","CLEAR","DAYLIGHT","PEDESTRIAN","FOUR WAY",,"STRAIGHT AND LEVEL","WET","NO DEFECTS","ON SCENE","INJURY AND / OR TOW DUE TO CRASH","Y",,,"$500 OR LESS","2026-03-05T17:21:00.000","FAILING TO YIELD RIGHT-OF-WAY","DRIVING SKILLS/KNOWLEDGE/EXPERIENCE","6300","S","SEELEY AVE","726",,,,,,,"2","NONINCAPACITATING INJURY","1","0","0","1","0","1","0","17","5","3","41.7792115162","-87.6752671643","POINT (-87.675267164283 41.779211516206)"
"541de96afc3a84df6f6f4688f6a096da92dec5f01201c48ab62ac12f2959f5d3f772d00c1a5b8639c73dcc71de233ba4abcb9f637b1ec43bd3846807c2ffe764",,"2026-03-05T17:15:00.000","30","TRAFFIC SIGNAL","FUNCTIONING PROPERLY","CLEAR","DAYLIGHT","TURNING","FOUR WAY",,"STRAIGHT AND LEVEL","DRY","NO DEFECTS","NOT ON SCENE (DESK REPORT)","NO INJURY / DRIVE AWAY",,,"Y","OVER $1,500","2026-03-06T19:18:00.000","UNABLE TO DETERMINE","NOT APPLICABLE","149","W","ONTARIO ST","1832",,,,,,,"2","NO INDICATION OF INJURY","0","0","0","0","0","2","0","17","5","3","41.8930916195","-87.6330633312","POINT (-87.633063331213 41.893091619514)"
"57c73487b2dfbcc1dc09fcab761664afb50fc03fda275fe8d39422b9fb1e2c517f9e258988ce66788ccfd227d5347c7a5a2bf01169c535777f33c4428a93283d",,"2026-03-05T17:15:00.000","10","NO CONTROLS","NO CONTROLS","UNKNOWN","DAYLIGHT","PARKED MOTOR VEHICLE","PARKING LOT",,"STRAIGHT AND LEVEL","UNKNOWN","UNKNOWN","NOT ON SCENE (DESK REPORT)","NO INJURY / DRIVE AWAY",,"Y",,"$500 OR LESS","2026-03-05T17:40:00.000","UNABLE TO DETERMINE","NOT APPLICABLE","1147","S","WABASH AVE","123",,,,,,,"2","NO INDICATION OF INJURY","0","0","0","0","0","1","0","17","5","3","41.8678670902","-87.6256868412","POINT (-87.625686841193 41.867867090171)"
"b3c35a98c8cecfe7143887d593a4774c95161a9dfeca09ee05c8981304b12054e19c50a9a0ae8a45517e9e8ee063350dd03f1c77dd267ddfe6b856ba18725339",,"2026-03-05T17:15:00.000","30","UNKNOWN","UNKNOWN","UNKNOWN","UNKNOWN","REAR TO FRONT","ALLEY",,"STRAIGHT AND LEVEL","UNKNOWN","UNKNOWN","NOT ON SCENE (DESK REPORT)","NO INJURY / DRIVE AWAY",,,,"OVER $1,500","2026-03-05T18:00:00.000","UNABLE TO DETERMINE","NOT APPLICABLE","5959","N","ELSTON AVE","1622",,,,,,,"2","NO INDICATION OF INJURY","0","0","0","0","0","2","0","17","5","3","41.9896958623","-87.7771208495","POINT (-87.777120849483 41.98969586232)"
"e64fa663ad4fae67fe57df9e39a6619894510af2714e776595a25aca4ab9f74a906b05f562acd37235f817299f1ccb2fda18c7cda32e42a5bbc96da783bea2f8","Y","2026-03-05T17:15:00.000","30","STOP SIGN/FLASHER","UNKNOWN","UNKNOWN","UNKNOWN","TURNING","FOUR WAY",,"STRAIGHT AND LEVEL","UNKNOWN","UNKNOWN",,"NO INJURY / DRIVE AWAY","Y",,,"OVER $1,500","2026-03-05T17:16:00.000","UNABLE TO DETERMINE","UNABLE TO DETERMINE","4300","S","WESTERN BLVD","922",,,,,,,"2","NO INDICATION OF INJURY","0","0","0","0","0","2","0","17","5","3","41.8156049513","-87.6842159161","POINT (-87.684215916118 41.815604951255)"
"fe1faea667b5eaca441d318fdfd529aa615711fd81bf492d8133ea6f61f356010e7757c31281510b4b6c9a3b4a7df33d66c701f2c320cd336ab88c7ec7796ee2",,"2026-03-05T17:15:00.000","30","UNKNOWN","UNKNOWN","RAIN","DAYLIGHT","SIDESWIPE SAME DIRECTION","DIVIDED - W/MEDIAN BARRIER",,"STRAIGHT AND LEVEL","WET","UNKNOWN","NOT ON SCENE (DESK REPORT)","NO INJURY / DRIVE AWAY",,,,"$501 - $1,500","2026-03-05T17:15:00.000","UNABLE TO DETERMINE","UNABLE TO DETERMINE","800","N","LAKE SHORE DR SB","1833",,,,,,,"2","NO INDICATION OF INJURY","0","0","0","0","0","2","0","17","5","3","41.8968049724","-87.6170274232","POINT (-87.617027423234 41.896804972416)"
"3ba17968bd6843c8a3ccf962aea675faa13d789794ea20ec8dba4d8cc60268a0572bc548545f2e8cb7a57150d993848f6ac75500d34ad8b6929de2dcb96d9f99",,"2026-03-05T17:13:00.000","30","TRAFFIC SIGNAL","FUNCTIONING PROPERLY","CLEAR","DARKNESS, LIGHTED ROAD","TURNING","FOUR WAY",,"STRAIGHT AND LEVEL","DRY","NO DEFECTS","ON SCENE","NO INJURY / DRIVE AWAY",,,,"OVER $1,500","2026-03-05T18:13:00.000","UNABLE TO DETERMINE","NOT APPLICABLE","4658","S","WENTWORTH AVE","925",,,,,,,"2","NO INDICATION OF INJURY","0","0","0","0","0","2","0","17","5","3","41.8092494388","-87.6326713564","POINT (-87.632671356368 41.809249438775)"
"cd94619bf012b77b39427de664592e605c4b1a0ecccb6b90c5963ecff2029a1c148fe17a7449983d880f765a57b2b6dd5a69edf56b629893f2ba81375cfdfc8a",,"2026-03-05T17:03:00.000","30","NO CONTROLS","NO CONTROLS","CLEAR","DAYLIGHT","PARKED MOTOR VEHICLE","NOT DIVIDED",,"STRAIGHT AND LEVEL","DRY","NO DEFECTS","ON SCENE","NO INJURY / DRIVE AWAY",,,,"$501 - $1,500","2026-03-05T17:03:00.000","IMPROPER LANE USAGE","NOT APPLICABLE","802","W","21ST ST","1235",,"Y",,,,,"2","NO INDICATION OF INJURY","0","0","0","0","0","1","0","17","5","3","41.8540569692","-87.6466970877","POINT (-87.646697087708 41.854056969154)"
"7875ee912ed231969c53a9b928d08c1f01fa5706857b26bc0acd0171842b930d3ef7035a32478fef0e81019fc98316f7c42024253f861071efcb562eef96401d",,"2026-03-05T17:02:00.000","30","TRAFFIC SIGNAL","FUNCTIONING PROPERLY","CLEAR","DAYLIGHT","REAR END","DIVIDED - W/MEDIAN BARRIER",,"STRAIGHT AND LEVEL","DRY","NO DEFECTS","ON SCENE","NO INJURY / DRIVE AWAY",,,,"OVER $1,500","2026-03-05T17:04:00.000","UNABLE TO DETERMINE","NOT APPLICABLE","3800","W","IRVING PARK RD","1723",,,,,,,"2","NO INDICATION OF INJURY","0","0","0","0","0","3","0","17","5","3","41.9538343971","-87.7227754787","POINT (-87.722775478732 41.953834397066)"
"151beca918be21408e8a99dd3f38cee18cd1ab6cf323fbd84f21d7c1ff33948afe205a2bdc2fa7551841a72a7c617b237944cc8077ffe7e56cce0c4d2b9a7931",,"2026-03-05T17:00:00.000","30","NO CONTROLS","NO CONTROLS","CLEAR","DAYLIGHT","SIDESWIPE SAME DIRECTION","DIVIDED - W/MEDIAN (NOT RAISED)",,"STRAIGHT AND LEVEL","WET","NO DEFECTS","NOT ON SCENE (DESK REPORT)","NO INJURY / DRIVE AWAY",,,,"OVER $1,500","2026-03-05T17:15:00.000","UNABLE TO DETERMINE","NOT APPLICABLE","8614","S","COMMERCIAL AVE","423",,,,,,,"2","NO INDICATION OF INJURY","0","0","0","0","0","2","0","17","5","3","41.7387117513","-87.55160133","POINT (-87.551601329987 41.738711751256)"
"c9f95cefea234001f0b6d9c1081b25050964beb4267f0fc794c889e4a1144bfef6d5054add8b6c5784277fbc68def4f8234e0f31aee4573a54f89747184ac092",,"2026-03-05T17:00:00.000","15","NO CONTROLS","NO CONTROLS","RAIN","DARKNESS, LIGHTED ROAD","REAR TO SIDE","PARKING LOT",,"STRAIGHT AND LEVEL","WET","NO DEFECTS","NOT ON SCENE (DESK REPORT)","NO INJURY / DRIVE AWAY",,,"Y","OVER $1,500","2026-03-05T17:55:00.000","UNABLE TO DETERMINE","UNABLE TO DETERMINE","3316","S","WABASH AVE","211",,,,,,,"2","NO INDICATION OF INJURY","0","0","0","0","0","2","0","17","5","3","41.8341356633","-87.6251991631","POINT (-87.62519916312 41.834135663319)"
"cb9454e408a002c84f17ad73c5edbbaf714a065080b60f0c27d6da4fe9baae9cd76738586b39d8ce43de0f44ab0ad8ee86ccc8260ee7bf5a19a23031b546c597","Y","2026-03-05T17:00:00.000","30","NO CONTROLS","NO CONTROLS","CLEAR","DAYLIGHT","PARKED MOTOR VEHICLE","ALLEY",,"STRAIGHT ON GRADE","DRY","NO DEFECTS","NOT ON SCENE (DESK REPORT)","NO INJURY / DRIVE AWAY",,,"Y","OVER $1,500","2026-03-06T11:00:00.000","UNABLE TO DETERMINE","NOT APPLICABLE","548","W","BARRY AVE","1934",,,,,,,"2","NO INDICATION OF INJURY","0","0","0","0","0","1","0","17","5","3","41.9377739192","-87.643823479","POINT (-87.643823479042 41.937773919158)"
"d9c6e8061bce6613992cb3c1313f0e7dee260d09155d8da8b7bd9342585bd2af2162f881a881f2814df256d89ecfdad2b8dfa61d37896efa4d471a6c9d44b523","Y","2026-03-05T17:00:00.000","30","TRAFFIC SIGNAL","FUNCTIONING PROPERLY","CLEAR","DAWN","SIDESWIPE SAME DIRECTION","NOT DIVIDED",,"STRAIGHT AND LEVEL","UNKNOWN","UNKNOWN","NOT ON SCENE (DESK REPORT)","NO INJURY / DRIVE AWAY",,,"Y","$500 OR LESS","2026-03-05T17:40:00.000","IMPROPER OVERTAKING/PASSING","IMPROPER OVERTAKING/PASSING","553","W","127TH ST","523",,,,,,,"2","NO INDICATION OF INJURY","0","0","0","0","0","2","0","17","5","3","41.6631384514","-87.6363684513","POINT (-87.636368451281 41.663138451394)"
"39b88a9c71fa798ae89a324c6555b0075adb3f72992ea623d71e2952057d29f88abd9fc44c6591d312d1deae7ea37d122a61be380b22f78321d7b7cf78d89c56",,"2026-03-05T16:51:00.000","30","NO CONTROLS","UNKNOWN","CLEAR","UNKNOWN","REAR END","FOUR WAY",,"STRAIGHT AND LEVEL","DRY","UNKNOWN","NOT ON SCENE (DESK REPORT)","NO INJURY / DRIVE AWAY","Y",,,"OVER $1,500","2026-03-05T18:29:00.000","FAILING TO YIELD RIGHT-OF-WAY","DRIVING SKILLS/KNOWLEDGE/EXPERIENCE","1120","N","LAKE SHORE DR NB","1824",,,,,,,"2","NO INDICATION OF INJURY","0","0","0","0","0","3","0","16","5","3","41.9030537957","-87.6244936068","POINT (-87.624493606837 41.903053795694)"