"crash_record_id","crash_date_est_i","crash_date","posted_speed_limit","traffic_control_device","device_condition","weather_condition","lighting_condition","first_crash_type","trafficway_type","lane_cnt","alignment","roadway_surface_cond","road_defect","report_type","crash_type","intersection_related_i","private_property_i","hit_and_run_i","damage","date_police_notified","prim_contributory_cause","sec_contributory_cause","street_no","street_direction","street_name","beat_of_occurrence","photos_taken_i","statements_taken_i","dooring_i","work_zone_i","work_zone_type","workers_present_i","num_units","most_severe_injury","injuries_total","injuries_fatal","injuries_incapacitating","injuries_non_incapacitating","injuries_reported_not_evident","injuries_no_indication","injuries_unknown","crash_hour","crash_day_of_week","crash_month","latitude","longitude","location"
"41c14e92dc2938f4614d1aaa70e616dde1c572d0b8fb86f8656cbc8a02599526088ee8194893bd64caff926e3218dedf5f99bc11874a259c92566f069c6f9ad9",,"2026-03-05T16:45:00.000","30","TRAFFIC SIGNAL","FUNCTIONING PROPERLY","CLEAR","DAYLIGHT","REAR END","DIVIDED - W/MEDIAN BARRIER",,"STRAIGHT AND LEVEL","DRY","NO DEFECTS","ON SCENE","INJURY AND / OR TOW DUE TO CRASH",,,,"OVER $1,500","2026-03-05T16:47:00.000","UNABLE TO DETERMINE","NOT APPLICABLE","3308","N","WESTERN AVE","1921",,,,,,,"3","NO INDICATION OF INJURY","0","0","0","0","0","3","0","16","5","3","41.9415857135","-87.6883761992","POINT (-87.688376199196 41.941585713454)"
"14f0eb12ee0c2e93437b1ae743f5d458191c0d0d08f32fda9856c2a8f55fb36b022152b785093859df6d2a56ad51c4f0bfe63a6d23c69e3fbd080137d190ff65",,"2026-03-05T16:44:00.000","30","NO CONTROLS","NO CONTROLS","CLEAR","DAYLIGHT","REAR END","DIVIDED - W/MEDIAN (NOT RAISED)",,"STRAIGHT AND LEVEL","DRY","NO DEFECTS","NOT ON SCENE (DESK REPORT)","NO INJURY / DRIVE AWAY",,,,"OVER $1,500","2026-03-05T17:45:00.000","FAILING TO REDUCE SPEED TO AVOID CRASH","UNABLE TO DETERMINE","3147","N","HARLEM AVE","2511",,,,,,,"2","NO INDICATION OF INJURY","0","0","0","0","0","2","0","16","5","3","41.9377998492","-87.806593318","POINT (-87.806593318048 41.937799849238)"
"d5c0b09301c193726f0a0815be3104e3e3285900ea02766da92a210ce415dc307eeb1726f3364b8446200170b2326a16dd443afd42127df003977403e8e47f66",,"2026-03-05T16:43:00.000","30","NO CONTROLS","NO CONTROLS","CLOUDY/OVERCAST","DUSK","TURNING","FOUR WAY",,"STRAIGHT AND LEVEL","WET","NO DEFECTS","ON SCENE","NO INJURY / DRIVE AWAY","Y","Y",,"OVER $1,500","2026-03-05T16:44:00.000","DRIVING SKILLS/KNOWLEDGE/EXPERIENCE","NOT APPLICABLE","2481","N","LINCOLN AVE","1935",,,,,,,"2","NO INDICATION OF INJURY","0","0","0","0","0","2","0","16","5","3","41.9272860515","-87.6511217519","POINT (-87.651121751882 41.927286051525)"
"18e12fb86cd452dc0ee2c6b135deeb449c8164336ef63e84457c8771d541ee63d4cc714b5eba816ee599669a3dbbd01d8b3a018e1f80f24498f3933d0ba1c9a1",,"2026-03-05T16:30:00.000","30","NO CONTROLS","NO CONTROLS","CLEAR","DAYLIGHT","SIDESWIPE SAME DIRECTION","DIVIDED - W/MEDIAN BARRIER",,"STRAIGHT AND LEVEL","UNKNOWN","UNKNOWN","NOT ON SCENE (DESK REPORT)","NO INJURY / DRIVE AWAY",,,,"OVER $1,500","2026-03-05T20:05:00.000","FAILING TO YIELD RIGHT-OF-WAY","NOT APPLICABLE","11300","S","WESTERN AVE","2212",,,,,,,"2","NO INDICATION OF INJURY","0","0","0","0","0","2","0","16","5","3","41.6881108763","-87.6811859296","POINT (-87.681185929643 41.688110876324)"
"d5c93fd7aa6a12ffd6ee0118d02ff97bde318421b4f9a08abf65b57e421662b8352298bafb387dc5f554d6a56199ed89ebcbcbb754bb0db3b11c6defe54d1df9",,"2026-03-05T16:30:00.000","30","NO CONTROLS","NO CONTROLS","UNKNOWN","UNKNOWN","SIDESWIPE OPPOSITE DIRECTION","ONE-WAY",,"STRAIGHT AND LEVEL","UNKNOWN","UNKNOWN","NOT ON SCENE (DESK REPORT)","NO INJURY / DRIVE AWAY",,,,"OVER $1,500","2026-03-08T09:50:00.000","IMPROPER OVERTAKING/PASSING","UNABLE TO DETERMINE","6441","N","FRANCISCO AVE","2412",,,,,,,"2","NO INDICATION OF INJURY","0","0","0","0","0","2","0","16","5","3","41.9987443857","-87.7019727934","POINT (-87.701972793429 41.998744385743)"
"e969c3b767c1f23eb996ef82a378712ab8c741d825922653a39c67d9c13352295d597ff3ddc976d6f6773eb9df92f1ab344d5c6b8ca665c06d27c71ba2a2b2d1",,"2026-03-05T16:16:00.000","30","NO CONTROLS","NO CONTROLS","CLEAR","DAYLIGHT","REAR END","NOT DIVIDED",,"STRAIGHT AND LEVEL","DRY","NO DEFECTS","NOT ON SCENE (DESK REPORT)","NO INJURY / DRIVE AWAY",,,,"$501 - $1,500","2026-03-05T17:05:00.000","FOLLOWING TOO CLOSELY","UNABLE TO DETERMINE","5328","W","ADDISON ST","1634",,,,,,,"2","NO INDICATION OF INJURY","0","0","0","0","0","3","0","16","5","3","41.9460661871","-87.7605695678","POINT (-87.760569567754 41.946066187053)"
"a01a7e47929606cd215c2bc8ad52612d2f2311bdda5e2c54dcf62387fc877ddf212ef90eb779940a534367d8f42cb232b06cfbfe9c964af92e05c2213768cdb3",,"2026-03-05T16:10:00.000","30","NO CONTROLS","NO CONTROLS","UNKNOWN","DAYLIGHT","SIDESWIPE SAME DIRECTION","NOT DIVIDED",,"STRAIGHT AND LEVEL","UNKNOWN","NO DEFECTS","NOT ON SCENE (DESK REPORT)","NO INJURY / DRIVE AWAY",,,,"$501 - $1,500","2026-03-06T20:00:00.000","UNABLE TO DETERMINE","UNABLE TO DETERMINE","2624","W","OGDEN AVE","1023",,,,,,,"2","NO INDICATION OF INJURY","0","0","0","0","0","2","0","16","5","3","41.8627829147","-87.6919434528","POINT (-87.691943452784 41.862782914717)"
"0536692110f73e00d7fc6f1b08429f35d5a895743684f1868b48a6beddd283ed6dd1233a6516f4fae7d608d4eb947c8050824eacccebac8dc98c2f15f208e7d4",,"2026-03-05T16:00:00.000","10","NO CONTROLS","NO CONTROLS","CLOUDY/OVERCAST","DAYLIGHT","PARKED MOTOR VEHICLE","PARKING LOT",,"STRAIGHT AND LEVEL","DRY","UNKNOWN","NOT ON SCENE (DESK REPORT)","NO INJURY / DRIVE AWAY",,,"Y","OVER $1,500","2026-03-06T12:00:00.000","UNABLE TO DETERMINE","NOT APPLICABLE","1900","W","JACKSON BLVD","1225",,,,,,,"2","NO INDICATION OF INJURY","0","0","0","0","0","1","0","16","5","3","41.8776116582","-87.6742278678","POINT (-87.674227867806 41.877611658237)"
"1f91d74419498fb7615342727642bd4c5311123677912541789c320cd307004ac632ab76b42e668eb2f966a7859781c0427bc77ef02d8fca148bf83d08049e33",,"2026-03-05T16:00:00.000","30","TRAFFIC SIGNAL","UNKNOWN","CLEAR","DAYLIGHT","SIDESWIPE SAME DIRECTION","DIVIDED - W/MEDIAN (NOT RAISED)",,"STRAIGHT AND LEVEL","UNKNOWN","UNKNOWN","NOT ON SCENE (DESK REPORT)","NO INJURY / DRIVE AWAY",,,"Y","$501 - $1,500","2026-03-05T17:45:00.000","DRIVING SKILLS/KNOWLEDGE/EXPERIENCE","NOT APPLICABLE","701","S","KOSTNER AVE","1131",,,,,,,"2","NO INDICATION OF INJURY","0","0","0","0","0","2","0","16","5","3","41.8723981891","-87.7350380821","POINT (-87.735038082055 41.872398189082)"
"216836141a88e774ff92013eb026435c5d154e0edf51e8e859223a7bb0b0e14889d11d559df2137ff298d3939d96356cb84e0e4cc866f948afcefb0dc4802257",,"2026-03-05T16:00:00.000","30","UNKNOWN","UNKNOWN","UNKNOWN","UNKNOWN","SIDESWIPE SAME DIRECTION","UNKNOWN",,"STRAIGHT AND LEVEL","UNKNOWN","OTHER","NOT ON SCENE (DESK REPORT)","NO INJURY / DRIVE AWAY",,,,"OVER $1,500","2026-03-06T15:55:00.000","UNABLE TO DETERMINE","NOT APPLICABLE","7","W","HURON ST","1832",,,,,,,"2","NO INDICATION OF INJURY","0","0","0","0","0","2","0","16","5","3","41.8947614848","-87.6284785508","POINT (-87.628478550831 41.894761484833)"
"31b8a0eae4bca11ba62cb7107ac52dc3a03bd30974715b17092d2d00f1d59fdca69029edbba0a40a802f3187a912437bcc63e7f4281cda6dc69002e2dc91422d",,"2026-03-05T16:00:00.000","10","NO CONTROLS","NO CONTROLS","CLOUDY/OVERCAST","DAYLIGHT","PARKED MOTOR VEHICLE","PARKING LOT",,"STRAIGHT AND LEVEL","DRY","NO DEFECTS","NOT ON SCENE (DESK REPORT)","NO INJURY / DRIVE AWAY",,"Y",,"OVER $1,500","2026-03-12T19:00:00.000","UNABLE TO DETERMINE","NOT APPLICABLE","201","W","MADISON ST","122",,,,,,,"2","NO INDICATION OF INJURY","0","0","0","0","0","1","0","16","5","3","41.8818354659","-87.6338973886","POINT (-87.633897388601 41.88183546591)"
"58c27fd203fa4f73d73b35ec97cd2f89f9142c9e3259ef84610e4cf7dc4d7b45514a63358be512a3b7a894fb392cdc5cc7e8f8034ae04f9b6b78f58de5423daf","Y","2026-03-05T16:00:00.000","30","UNKNOWN","UNKNOWN","UNKNOWN","UNKNOWN","PARKED MOTOR VEHICLE","NOT DIVIDED",,"STRAIGHT AND LEVEL","UNKNOWN","UNKNOWN","NOT ON SCENE (DESK REPORT)","NO INJURY / DRIVE AWAY",,,"Y","OVER $1,500","2026-03-06T17:00:00.000","UNABLE TO DETERMINE","UNABLE TO DETERMINE","4453","N","HAZEL ST","1914",,,,,,,"2","NO INDICATION OF INJURY","0","0","0","0","0","1","0","16","5","3","41.9634015396","-87.652214208","POINT (-87.652214208003 41.963401539582)"
"a082af1eadaee7ffe2edca993911820eec7a857dbcfeedb97f6f36b58bc6420d651ee336c77f7f17019319ae372e041cba098f5847b29b49b11b4e483fd7d4aa",,"2026-03-05T16:00:00.000","30","TRAFFIC SIGNAL","FUNCTIONING PROPERLY","CLEAR","DAYLIGHT","REAR END","FOUR WAY",,"STRAIGHT AND LEVEL","WET","NO DEFECTS","NOT ON SCENE (DESK REPORT)","INJURY AND / OR TOW DUE TO CRASH","Y",,,"OVER $1,500","2026-03-05T16:07:00.000","UNABLE TO DETERMINE","UNABLE TO DETERMINE","209","E","103RD ST","512",,,,,,,"3","NONINCAPACITATING INJURY","2","0","0","1","1","3","0","16","5","3","41.7071353216","-87.6182417299","POINT (-87.618241729934 41.707135321618)"
"b56004539359d9c26c230fd96ce6b6d97d5569ec897f9184d47f441e52498eb2beaa1e26007c2df6718de9becf11657135baa10f2a4164d7cc13390f13d0f19a",,"2026-03-05T16:00:00.000","20","NO CONTROLS","NO CONTROLS","RAIN","DAYLIGHT","REAR END","NOT DIVIDED",,"STRAIGHT AND LEVEL","WET","NO DEFECTS","NOT ON SCENE (DESK REPORT)","NO INJURY / DRIVE AWAY",,,,"$501 - $1,500","2026-03-06T15:15:00.000","FOLLOWING TOO CLOSELY","UNABLE TO DETERMINE","3501","W","FOSTER AVE","1712",,,,,,,"2","NO INDICATION OF INJURY","0","0","0","0","0","2","0","16","5","3","41.9755541555","-87.7160486366","POINT (-87.716048636615 41.975554155548)"
"d9044ab9e64702637bc90a645d286371f518f54aed989d5c4163926fd4e29cd811c2c7963c2a9f3082006675af951a742006ec51494a27d0a1b6c9c04f2bd484",,"2026-03-05T16:00:00.000","10","NO CONTROLS","NO CONTROLS","CLEAR","DAYLIGHT","PARKED MOTOR VEHICLE","PARKING LOT",,"STRAIGHT AND LEVEL","DRY","UNKNOWN",,"INJURY AND / OR TOW DUE TO CRASH",,,,"OVER $1,500","2026-03-05T17:50:00.000","UNABLE TO DETERMINE","DRIVING SKILLS/KNOWLEDGE/EXPERIENCE","2490","N","ELSTON AVE","1432",,,,,,,"2","NO INDICATION OF INJURY","0","0","0","0","0","2","0","16","5","3","41.9267240533","-87.6801080771","POINT (-87.680108077127 41.926724053323)"
"e935147b0649f8209adb84368e55cc90d81694baf959524305796f4e3a30a17284d30d216331a5b6ebd6b5726883ca851c40783857fa6ffd40ba388a4956ed87",,"2026-03-05T16:00:00.000","35","NO CONTROLS","NO CONTROLS","CLOUDY/OVERCAST","DAYLIGHT","REAR END","NOT DIVIDED",,"STRAIGHT ON GRADE","WET","UNKNOWN","ON SCENE","INJURY AND / OR TOW DUE TO CRASH",,,,"$501 - $1,500","2026-03-05T16:02:00.000","WEATHER","UNABLE TO DETERMINE","1830","E","130TH ST","434",,,,,,,"3","REPORTED, NOT EVIDENT","1","0","0","0","1","2","0","16","5","3","41.6593511176","-87.5818338355","POINT (-87.581833835466 41.659351117647)"
"788bc0cebb59490aaafbf0207a8659359d259e8af4703ac6b01a7dd7f8197d1cdde4234662998abe5959a8fc569aabe9be3f1f4f2cee4966232ca148627e17fd",,"2026-03-05T15:58:00.000","30","NO CONTROLS","UNKNOWN","CLEAR","DAYLIGHT","PARKED MOTOR VEHICLE","ONE-WAY",,"STRAIGHT AND LEVEL","UNKNOWN","UNKNOWN","NOT ON SCENE (DESK REPORT)","NO INJURY / DRIVE AWAY",,,,"OVER $1,500","2026-03-05T19:15:00.000","UNABLE TO DETERMINE","UNABLE TO DETERMINE","2169","W","GIDDINGS ST","1911",,,,,,,"2","NO INDICATION OF INJURY","0","0","0","0","0","1","0","15","5","3","41.9676646399","-87.6834699846","POINT (-87.683469984552 41.967664639887)"
"d8150c2eeb0415b614b069ab17ce6c170b54b056ef110d4d86a23b2a96532706c512aa578d57643b517a1d79520b2a42a969ff42efea1a40f1e9a023a7991fa4",,"2026-03-05T15:53:00.000","30","TRAFFIC SIGNAL","FUNCTIONING PROPERLY","CLEAR","DAYLIGHT","REAR END","NOT DIVIDED",,"STRAIGHT AND LEVEL","DRY","NO DEFECTS","NOT ON SCENE (DESK REPORT)","NO INJURY / DRIVE AWAY","Y",,,"$501 - $1,500","2026-03-05T16:45:00.000","FOLLOWING TOO CLOSELY","NOT APPLICABLE","3231","W","COLUMBUS AVE","835",,,,,,,"2","NO INDICATION OF INJURY","0","0","0","0","0","2","0","15","5","3","41.7497892079","-87.7033006029","POINT (-87.703300602852 41.749789207895)"
"a4bd85703fdcf72c715b344b68de63d93e31b8714774edcd3edb1326c41e4214f51f54df1bca21d670ce94296bb8cac2c420a43c5f03b9adb79e82324bba7e18",,"2026-03-05T15:50:00.000","30","NO CONTROLS","NO CONTROLS","CLEAR","DUSK","SIDESWIPE SAME DIRECTION","DIVIDED - W/MEDIAN BARRIER",,"STRAIGHT AND LEVEL","DRY","UNKNOWN","NOT ON SCENE (DESK REPORT)","NO INJURY / DRIVE AWAY",,,,"$501 - $1,500","2026-03-05T18:45:00.000","IMPROPER LANE USAGE","IMPROPER OVERTAKING/PASSING","1501","E","130TH ST","434",,,,,,,"2","NO INDICATION OF INJURY","0","0","0","0","0","2","0","15","5","3","41.6602841634","-87.5886219374","POINT (-87.588621937422 41.660284163355)"
"138219da118e68b478104636cead568000b580d5cd505267016f0a49f94c8712dde72b9099d8cfb9fda9655d13ac85abc8620306d011e92de4b36ce0394e7b78",,"2026-03-05T15:45:00.000","30","NO CONTROLS","NO CONTROLS","CLEAR","DAYLIGHT","REAR END","NOT DIVIDED",,"STRAIGHT AND LEVEL","UNKNOWN","UNKNOWN","NOT ON SCENE (DESK REPORT)","NO INJURY / DRIVE AWAY",,,,"OVER $1,500","2026-03-05T15:56:00.000","DRIVING SKILLS/KNOWLEDGE/EXPERIENCE","NOT APPLICABLE","7858","S","WESTERN AVE","835",,,,,,,"2","NO INDICATION OF INJURY","0","0","0","0","0","6","0","15","5","3","41.7501917279","-87.6829967216","POINT (-87.682996721559 41.750191727925)"
"1d7135dea357e1b39287375399770cbc885b3318e6ea227e8602e7c953a41f997a8ce2066b0c93fad16d270f7800f7d88463a90c47aa5c7407b73664e7dc6faf",,"2026-03-05T15:41:00.000","30","TRAFFIC SIGNAL","FUNCTIONING PROPERLY","CLEAR","DAYLIGHT","TURNING","NOT DIVIDED",,"STRAIGHT AND LEVEL","DRY","NO DEFECTS","ON SCENE","INJURY AND / OR TOW DUE TO CRASH","Y",,"Y","OVER $1,500","2026-03-05T15:44:00.000","IMPROPER TURNING/NO SIGNAL","FAILING TO YIELD RIGHT-OF-WAY","5100","S","DR MARTIN LUTHER KING JR DR","231",,,,,,,"2","INCAPACITATING INJURY","1","0","1","0","0","1","0","15","5","3","41.8020231541","-87.6162718395","POINT (-87.616271839461 41.8020231541)"
"2aa6d6afb7dcd073e00a0b898ac7cb77527b36e5f2f2e8601af716fc7b9cff74e6664285e10cca5154a118b86cbabf3be9deca7ccd72bdfa24d78ff29e5737c5",,"2026-03-05T15:40:00.000","30","NO CONTROLS","NO CONTROLS","CLEAR","DUSK","SIDESWIPE SAME DIRECTION","NOT DIVIDED",,"STRAIGHT AND LEVEL","WET","NO DEFECTS","ON SCENE","NO INJURY / DRIVE AWAY",,,"Y","OVER $1,500","2026-03-05T16:40:00.000","FOLLOWING TOO CLOSELY","IMPROPER LANE USAGE","1900","W","MONTEREY AVE","2212",,,,,,,"3","NO INDICATION OF INJURY","0","0","0","0","0","3","0","15","5","3","41.6914347795","-87.6685203937","POINT (-87.668520393669 41.691434779531)"
"9fc32c8aeea75ea0aff3f8dad1b0324e3631e7e73a224b36c7e29913371040a235090c80c0bb2dcb4fb0016af9c0a59f23a794570456af9270f97d43b91dae9a",,"2026-03-05T15:40:00.000","15","NO CONTROLS","NO CONTROLS","CLEAR","DARKNESS, LIGHTED ROAD","REAR TO SIDE","PARKING LOT",,"STRAIGHT AND LEVEL","DRY","UNKNOWN","NOT ON SCENE (DESK REPORT)","NO INJURY / DRIVE AWAY",,,"Y","OVER $1,500","2026-03-05T16:15:00.000","UNABLE TO DETERMINE","UNABLE TO DETERMINE","667","W","DIVERSEY PKWY","1935",,,,,,,"2","NO INDICATION OF INJURY","0","0","0","0","0","3","0","15","5","3","41.9326660117","-87.6461872718","POINT (-87.646187271815 41.932666011669)"
"5140371ad11230ccd3a3a956719cd318e36b506ae017a471fa4742daaf908db064c6f4ff707ffd66868ca6ace15a041fe1d3f93941670fcaa63923e6b3109914",,"2026-03-05T15:30:00.000","30","STOP SIGN/FLASHER","UNKNOWN","CLEAR","DAYLIGHT","REAR END","FOUR WAY",,"STRAIGHT AND LEVEL","DRY","UNKNOWN",,"INJURY AND / OR TOW DUE TO CRASH","Y",,,"OVER $1,500","2026-03-05T15:59:00.000","UNABLE TO DETERMINE","UNABLE TO DETERMINE","98","E","71ST ST","322",,,,,,,"2","NONINCAPACITATING INJURY","1","0","0","1","0","1","0","15","5","3","41.7656874488","-87.6217754867","POINT (-87.621775486717 41.765687448825)"
"93c7d46c3c2a90a2f8e2816ca05d940c130c3aecc64310b700de8a0a2d0afcd9afac3d748f5625a34b2980be54da6178669872fb236952ab224833928d8a3a7e",,"2026-03-05T15:21:00.000","30","NO CONTROLS","NO CONTROLS","FOG/SMOKE/HAZE","DAYLIGHT","TURNING","NOT DIVIDED",,"STRAIGHT AND LEVEL","DRY","UNKNOWN","ON SCENE","INJURY AND / OR TOW DUE TO CRASH",,,,"OVER $1,500","2026-03-05T15:29:00.000","IMPROPER LANE USAGE","NOT APPLICABLE","132","E","CHICAGO AVE","1833",,"N",,,,,"2","NO INDICATION OF INJURY","0","0","0","0","0","2","0","15","5","3","41.8968432178","-87.6242757137","POINT (-87.624275713714 41.896843217756)"
"09475406519a36047046951e19a65b851645cf6b23d8d3c59b713362ec8445c0fa2b069dac0701354091b4167abe13825f4e206c83ca9b744d9f91952691bc21",,"2026-03-05T15:20:00.000","30","UNKNOWN","UNKNOWN","CLEAR","DAYLIGHT","ANGLE","T-INTERSECTION",,"STRAIGHT AND LEVEL","DRY","NO DEFECTS","NOT ON SCENE (DESK REPORT)","NO INJURY / DRIVE AWAY",,,,"OVER $1,500","2026-03-05T18:20:00.000","UNABLE TO DETERMINE","NOT APPLICABLE","3500","W","26TH ST","1024",,,,,,,"2","NO INDICATION OF INJURY","0","0","0","0","0","3","0","15","5","3","41.8445211025","-87.7124155125","POINT (-87.712415512524 41.844521102527)"
"31f9e126b00ac74014c7215c24679bdd1226fd84778bbd26fc493986c5c090ca87f7beae13a0e68cb1908ca959e44fdec7f3e4980bc57ef236c69416c927985c",,"2026-03-05T15:20:00.000","30","NO CONTROLS","NO CONTROLS","CLEAR","DAYLIGHT","PEDALCYCLIST","NOT DIVIDED",,"STRAIGHT AND LEVEL","DRY","NO DEFECTS",,"INJURY AND / OR TOW DUE TO CRASH",,,,"OVER $1,500","2026-03-05T16:30:00.000","UNABLE TO DETERMINE","NOT APPLICABLE","3241","S","HALSTED ST","915",,,,,,,"2","REPORTED, NOT EVIDENT","1","0","0","0","1","1","0","15","5","3","41.8350647903","-87.646058492","POINT (-87.646058492001 41.835064790349)"
"70020f807be3ae8920211b842ab15e2ffe91db4b5890f23fa65992480aeb93d5873f3337a6d0ecf35153ae7393a62318d89c93df46b24a0cc0d96ea20613088c",,"2026-03-05T15:20:00.000","30","NO CONTROLS","NO CONTROLS","FOG/SMOKE/HAZE","DAYLIGHT","OTHER OBJECT","PARKING LOT",,"STRAIGHT AND LEVEL","DRY","NO DEFECTS","ON SCENE","INJURY AND / OR TOW DUE TO CRASH",,"N",,"OVER $1,500","2026-03-05T15:20:00.000","IMPROPER TURNING/NO SIGNAL","NOT APPLICABLE","8181","S","CICERO AVE","834",,,,,,,"1","NO INDICATION OF INJURY","0","0","0","0","0","1","0","15","5","3","41.7435365011","-87.7410164988","POINT (-87.7410164988 41.743536501138)"
"8c934fbeb905a68bf3c22216d3cf349f0bd44e74ba5bcb4d98e9b53e9fe83bc473c8723ebe2a575a445e9ddc313dd82580d27c88d928f7a07cbc597aa800b0fa",,"2026-03-05T15:18:00.000","30","NO CONTROLS","NO CONTROLS","CLEAR","DAYLIGHT","TURNING","NOT DIVIDED",,"STRAIGHT AND LEVEL","DRY","NO DEFECTS","ON SCENE","NO INJURY / DRIVE AWAY",,,,"$501 - $1,500","2026-03-05T15:18:00.000","IMPROPER OVERTAKING/PASSING","IMPROPER OVERTAKING/PASSING","4058","N","DAMEN AVE","1911",,,,,,,"2","NO INDICATION OF INJURY","0","0","0","0","0","2","0","15","5","3","41.9559361556","-87.6789566589","POINT (-87.678956658852 41.955936155638)"
"53a963de2f084b2759e8855aacbac30ca8acc9ae17f75cb16a472f08fca6500d07d77eeb59f89223a96bd6cc7170ca4b87864f10d6960678dd7b6bab2cab1efa",,"2026-03-05T15:15:00.000","25","NO CONTROLS","NO CONTROLS","CLEAR","DAYLIGHT","TURNING","DIVIDED - W/MEDIAN (NOT RAISED)",,"STRAIGHT AND LEVEL","DRY","UNKNOWN","NOT ON SCENE (DESK REPORT)","NO INJURY / DRIVE AWAY",,,,"OVER $1,500","2026-03-05T16:00:00.000","IMPROPER TURNING/NO SIGNAL","NOT APPLICABLE","1340","S","DAMEN AVE","1233",,,,,,,"2","NO INDICATION OF INJURY","0","0","0","0","0","2","0","15","5","3","41.8637343909","-87.67631269","POINT (-87.676312689993 41.863734390899)"
"7a3056e59c7623d4b71672f94f2d5b417ba079ab82547ae6e3b38e33fcd761cfe1c859eeaecd9a52974dbbc0095ccdcb2ea4876b81012c269862b2e9b760e947",,"2026-03-05T15:15:00.000","35","TRAFFIC SIGNAL","FUNCTIONING PROPERLY","CLEAR","DAYLIGHT","SIDESWIPE SAME DIRECTION","DIVIDED - W/MEDIAN (NOT RAISED)",,"STRAIGHT AND LEVEL","DRY","NO DEFECTS","ON SCENE","INJURY AND / OR TOW DUE TO CRASH","N",,,"OVER $1,500","2026-03-05T17:03:00.000","FAILING TO YIELD RIGHT-OF-WAY","NOT APPLICABLE","7032","S","PULASKI RD","833",,,,,,,"2","NO INDICATION OF INJURY","0","0","0","0","0","4","0","15","5","3","41.7648953891","-87.7225553439","POINT (-87.722555343881 41.764895389111)"
"80e2cbb6702c26d25289f9cfb90a1a0932860c762d1a539310ae6b04989123a7c353855dcb53c615cabdf89a95b3e811ca1db6cef121c12924f18320ef8e4e72",,"2026-03-05T15:15:00.000","30","STOP SIGN/FLASHER","FUNCTIONING PROPERLY","RAIN","DAYLIGHT","ANGLE","NOT DIVIDED",,"STRAIGHT AND LEVEL","WET","NO DEFECTS","ON SCENE","INJURY AND / OR TOW DUE TO CRASH",,,,"OVER $1,500","2026-03-05T15:23:00.000","FAILING TO YIELD RIGHT-OF-WAY","NOT APPLICABLE","5801","S","KEDZIE AVE","824",,,,,,,"2","NO INDICATION OF INJURY","0","0","0","0","0","2","0","15","5","3","41.7879763642","-87.7032512421","POINT (-87.703251242135 41.78797636417)"
"b26d84bcf2b9a50239bdcd417a34160749e2025247e83fd163b2c7a889628ec5495022273b8dbb3fcdde2a81e5cf577bd8469a31204599164c7eb927f466f1de",,"2026-03-05T15:15:00.000","0","TRAFFIC SIGNAL","FUNCTIONING PROPERLY","CLEAR","DAYLIGHT","TURNING","DIVIDED - W/MEDIAN (NOT RAISED)",,"STRAIGHT AND LEVEL","DRY","NO DEFECTS","NOT ON SCENE (DESK REPORT)","NO INJURY / DRIVE AWAY",,,,"OVER $1,500","2026-03-06T08:00:00.000","UNABLE TO DETERMINE","NOT APPLICABLE","35","W","71ST ST","731",,,,,,,"2","NO INDICATION OF INJURY","0","0","0","0","0","2","0","15","5","3","41.7653336951","-87.6263374613","POINT (-87.62633746133 41.765333695116)"
"c5a4f44f86c24b39bfb134201a6862ccfa85716b5e46283fea8f011b76f638cc533dd24f771cd6283be6b3caf3c740e3f9014f6449e67821e5c75641a529a55d",,"2026-03-05T15:15:00.000","30","UNKNOWN","UNKNOWN","CLOUDY/OVERCAST","UNKNOWN","PARKED MOTOR VEHICLE","UNKNOWN",,"STRAIGHT AND LEVEL","UNKNOWN","UNKNOWN","NOT ON SCENE (DESK REPORT)","NO INJURY / DRIVE AWAY",,,"Y","OVER $1,500","2026-03-05T15:50:00.000","UNABLE TO DETERMINE","NOT APPLICABLE","5346","W","LAWRENCE AVE","1623",,,,,,,"2","NO INDICATION OF INJURY","0","0","0","0","0","1","0","15","5","3","41.9677079367","-87.7614066169","POINT (-87.761406616885 41.967707936694)"
"2b542cea3d14bcc8ced93ae3153e76a9277a352f9e5226c4d2c1af2ff447f68f5f9a7de7b1475970af530eb457caef7a37919251ef2ca42006fddcff1b09e011",,"2026-03-05T15:10:00.000","30","TRAFFIC SIGNAL","FUNCTIONING PROPERLY","CLEAR","DAYLIGHT","ANGLE","NOT REPORTED",,"STRAIGHT AND LEVEL","DRY","NO DEFECTS",,"NO INJURY / DRIVE AWAY","Y",,,"OVER $1,500","2026-03-05T15:14:00.000","DISREGARDING TRAFFIC SIGNALS","UNABLE TO DETERMINE","77","S","LOWER WACKER DR","122",,,,,,,"2","NO INDICATION OF INJURY","0","0","0","0","0","2","0","15","5","3","41.880691942","-87.6365519631","POINT (-87.636551963101 41.880691942049)"
"68d67288459b672be35df59b5ce8098e88d20df2c2374367d67777e2af6b67f9b5538ffe69f66d87d013621b91caf4904813df02c74d78bda846e311112a79a8",,"2026-03-05T15:05:00.000","30","NO CONTROLS","NO CONTROLS","CLEAR","DAYLIGHT","SIDESWIPE SAME DIRECTION","ONE-WAY",,"STRAIGHT AND LEVEL","DRY","NO DEFECTS","ON SCENE","NO INJURY / DRIVE AWAY",,,,"OVER $1,500","2026-03-05T15:08:00.000","FAILING TO YIELD RIGHT-OF-WAY","NOT APPLICABLE","2605","S","CHRISTIANA AVE","1032",,,,,,,"2","NO INDICATION OF INJURY","0","0","0","0","0","4","0","15","5","3","41.8442662139","-87.7085328385","POINT (-87.708532838515 41.844266213927)"