"crash_record_id","crash_date_est_i","crash_date","posted_speed_limit","traffic_control_device","device_condition","weather_condition","lighting_condition","first_crash_type","trafficway_type","lane_cnt","alignment","roadway_surface_cond","road_defect","report_type","crash_type","intersection_related_i","private_property_i","hit_and_run_i","damage","date_police_notified","prim_contributory_cause","sec_contributory_cause","street_no","street_direction","street_name","beat_of_occurrence","photos_taken_i","statements_taken_i","dooring_i","work_zone_i","work_zone_type","workers_present_i","num_units","most_severe_injury","injuries_total","injuries_fatal","injuries_incapacitating","injuries_non_incapacitating","injuries_reported_not_evident","injuries_no_indication","injuries_unknown","crash_hour","crash_day_of_week","crash_month","latitude","longitude","location"
"1d08a69632a476d1d8c032caa54c7ac8419d810db71c68c3e5eb918a00827af66b41d5317b59a35a638126f996668816034595f3a2bf1de79c7d347d51e6a812",,"2026-03-05T15:00:00.000","30","TRAFFIC SIGNAL","UNKNOWN","UNKNOWN","DAYLIGHT","SIDESWIPE SAME DIRECTION","DIVIDED - W/MEDIAN (NOT RAISED)",,"STRAIGHT AND LEVEL","UNKNOWN","UNKNOWN","NOT ON SCENE (DESK REPORT)","NO INJURY / DRIVE AWAY","Y",,,"$501 - $1,500","2026-03-05T16:40:00.000","UNABLE TO DETERMINE","NOT APPLICABLE","5757","N","RIDGE AVE","2013",,,,,,,"2","NO INDICATION OF INJURY","0","0","0","0","0","4","0","15","5","3","41.9867125559","-87.6648796897","POINT (-87.664879689721 41.986712555877)"
"482f411314254a3687a7e29797c9424d124bd1d5708e65cc35b72190f776d71c901c9260293a2146bf68e48f280cde5a65ca288d27ebe83415eaf21e951c3bac",,"2026-03-05T15:00:00.000","30","NO CONTROLS","NO CONTROLS","CLEAR","DAYLIGHT","SIDESWIPE SAME DIRECTION","NOT DIVIDED",,"STRAIGHT AND LEVEL","DRY","NO DEFECTS","ON SCENE","NO INJURY / DRIVE AWAY",,,,"OVER $1,500","2026-03-07T14:30:00.000","IMPROPER OVERTAKING/PASSING","UNABLE TO DETERMINE","2800","N","CAMPBELL AVE","1411",,,,,,,"2","NO INDICATION OF INJURY","0","0","0","0","0","2","0","15","5","3","41.9322389271","-87.6904988738","POINT (-87.690498873816 41.932238927137)"
"bb252b80670f456ecfc3994f81b366a1a15757374174b8695bbf304e026370a7bdef45614c22d0a017dda726a40aaecbaff46271a0558708fe91e866650410f5",,"2026-03-05T15:00:00.000","30","NO CONTROLS","NO CONTROLS","CLEAR","DAYLIGHT","PARKED MOTOR VEHICLE","NOT DIVIDED",,"STRAIGHT AND LEVEL","DRY","NO DEFECTS","NOT ON SCENE (DESK REPORT)","NO INJURY / DRIVE AWAY",,,,"OVER $1,500","2026-03-06T15:00:00.000","UNABLE TO DETERMINE","UNABLE TO DETERMINE","820","S","PULASKI RD","1132",,,,,,,"2","NO INDICATION OF INJURY","0","0","0","0","0","1","0","15","5","3","41.87022896","-87.7254720622","POINT (-87.725472062182 41.87022896004)"
"da6131d8c7d4e91c56437cc7da5da67c982d8b1998bd04b71ff9303716be58b646d7520ace66debd9146d4d5283ae587078aa2bdb1ec594d406b91d1b52c81b7",,"2026-03-05T15:00:00.000","30","TRAFFIC SIGNAL","FUNCTIONING PROPERLY","CLEAR","DAYLIGHT","TURNING","DIVIDED - W/MEDIAN (NOT RAISED)",,"STRAIGHT AND LEVEL","DRY","NO DEFECTS","NOT ON SCENE (DESK REPORT)","NO INJURY / DRIVE AWAY",,,,"OVER $1,500","2026-03-05T16:00:00.000","UNABLE TO DETERMINE","NOT APPLICABLE","6236","S","DAMEN AVE","714",,,,,,,"2","NO INDICATION OF INJURY","0","0","0","0","0","3","0","15","5","3","41.7800362471","-87.6740657738","POINT (-87.67406577384 41.78003624706)"
"f3aa10ca6185888010025f05d4a1e87b5a50e30d20a203a56007335b6c9c12d68945d54f70b2bae3aa43158da3940a698e4ef6b57435169bde065e9c0475061a",,"2026-03-05T14:55:00.000","30","TRAFFIC SIGNAL","FUNCTIONING PROPERLY","CLEAR","DAYLIGHT","TURNING","FOUR WAY",,"STRAIGHT AND LEVEL","WET","UNKNOWN","NOT ON SCENE (DESK REPORT)","NO INJURY / DRIVE AWAY","Y",,,"OVER $1,500","2026-03-05T15:35:00.000","FAILING TO YIELD RIGHT-OF-WAY","NOT APPLICABLE","2953","N","SACRAMENTO AVE","1411",,,,,,,"2","NO INDICATION OF INJURY","0","0","0","0","0","2","0","14","5","3","41.9354462051","-87.7024624823","POINT (-87.702462482328 41.935446205064)"
"c675252e9078696cffddeae29c7f0d0da9cc4ca120ed0eb37fe508ac24f9d6338ee90774db1d81f0aab514536044241e71b7b4027841b0fdedfbd613e6585824",,"2026-03-05T14:54:00.000","30","NO CONTROLS","NO CONTROLS","CLEAR","DAYLIGHT","PARKED MOTOR VEHICLE","OTHER",,"STRAIGHT AND LEVEL","WET","NO DEFECTS","NOT ON SCENE (DESK REPORT)","NO INJURY / DRIVE AWAY",,,,"$500 OR LESS","2026-03-05T15:09:00.000","NOT APPLICABLE","NOT APPLICABLE","7100","S","VINCENNES AVE","731",,,,,,,"2","NO INDICATION OF INJURY","0","0","0","0","0","1","0","14","5","3","41.7654659279","-87.6280736816","POINT (-87.6280736816 41.765465927861)"
"a45d74ba6e40e3289b26400b41701f69d756e74739db54d45d0719bbde40cd39a893825699fa12415f3d80417de7f4c87de107961fbcfc8af8ac1b580536acb7",,"2026-03-05T14:45:00.000","15","NO CONTROLS","NO CONTROLS","CLOUDY/OVERCAST","DUSK","ANGLE","PARKING LOT",,"STRAIGHT AND LEVEL","WET","NO DEFECTS","ON SCENE","INJURY AND / OR TOW DUE TO CRASH",,,,"OVER $1,500","2026-03-05T14:48:00.000","FAILING TO YIELD RIGHT-OF-WAY","NOT APPLICABLE","1642","W","59TH ST","715",,,,,,,"2","NONINCAPACITATING INJURY","1","0","0","1","0","2","0","14","5","3","41.7868368329","-87.6661381065","POINT (-87.666138106515 41.786836832914)"
"a9a20a73a779d93ddce87cb6c2511809f5911ae9d2f2c37a9cbec419abcdef08c0597890f1411a7f9bc086d6575576af0fc45c479e4ae64359c984594f178a15",,"2026-03-05T14:44:00.000","30","NO CONTROLS","NO CONTROLS","CLEAR","DAYLIGHT","TURNING","FOUR WAY",,"STRAIGHT AND LEVEL","DRY","NO DEFECTS","ON SCENE","NO INJURY / DRIVE AWAY","Y",,,"OVER $1,500","2026-03-05T14:53:00.000","IMPROPER TURNING/NO SIGNAL","DRIVING SKILLS/KNOWLEDGE/EXPERIENCE","6100","N","WESTERN AVE","2413",,,,,,,"2","NO INDICATION OF INJURY","0","0","0","0","0","2","0","14","5","3","41.9923616024","-87.6898547751","POINT (-87.689854775125 41.992361602441)"
"bd6db6c97691520924404533930898902ff160c0166fba583fc12ecfcd27dca0e64dea63024c12be64559327197b8ceb6720dfb8520119fb4b5bda8ce570ddf2",,"2026-03-05T14:40:00.000","30","NO CONTROLS","NO CONTROLS","CLEAR","DAYLIGHT","PARKED MOTOR VEHICLE","NOT DIVIDED",,"STRAIGHT AND LEVEL","DRY","NO DEFECTS","NOT ON SCENE (DESK REPORT)","NO INJURY / DRIVE AWAY",,,"Y","OVER $1,500","2026-03-13T17:45:00.000","UNABLE TO DETERMINE","UNABLE TO DETERMINE","2041","W","21ST PL","1234",,,,,,,"2","NO INDICATION OF INJURY","0","0","0","0","0","1","0","14","5","3","41.8529606507","-87.6775091182","POINT (-87.67750911817 41.852960650682)"
"a1b423d79dc1a05b7b04cd28e06b5d16aeb8f93163509c2e0f4fd4a1a7a107ab1394bf79c173f6ed412a7aad80a37fc443f73b23ea8016a6f5bab0f245eb4c1e",,"2026-03-05T14:39:00.000","30","NO CONTROLS","NO CONTROLS","CLEAR","DAYLIGHT","TURNING","DIVIDED - W/MEDIAN BARRIER",,"STRAIGHT AND LEVEL","WET","NO DEFECTS","ON SCENE","NO INJURY / DRIVE AWAY",,,,"OVER $1,500","2026-03-05T14:40:00.000","UNABLE TO DETERMINE","UNABLE TO DETERMINE","708","N","OGDEN AVE","1215",,,,,,,"2","NO INDICATION OF INJURY","0","0","0","0","0","2","0","14","5","3","41.8946839365","-87.656150895","POINT (-87.656150894955 41.894683936528)"
"9cd0ab363c6ede8d16c37287280e14d982100371d37a6a53d2592867ed44cb3088b7a9a6fe5d1e6ae90a3cabf07ed19c6e2b3cdac8b802e1450a06fd14a93c40",,"2026-03-05T14:36:00.000","30","NO CONTROLS","NO CONTROLS","CLEAR","DAYLIGHT","TURNING","DIVIDED - W/MEDIAN (NOT RAISED)",,"STRAIGHT AND LEVEL","DRY","NO DEFECTS",,"NO INJURY / DRIVE AWAY",,,,"$501 - $1,500","2026-03-06T17:20:00.000","IMPROPER TURNING/NO SIGNAL","NOT APPLICABLE","1400","S","DAMEN AVE","1233",,,,,,,"2","NO INDICATION OF INJURY","0","0","0","0","0","2","0","14","5","3","41.8631031773","-87.676296565","POINT (-87.676296565004 41.863103177295)"
"2672be7676c3409018b72ded05a4355a744532eafd2f97d61b7535912d00a9d32bf24cdb36c9bf5fb81f6435b85cb782e2421fd7396df2c7c744342ef3b88b15",,"2026-03-05T14:30:00.000","25","UNKNOWN","UNKNOWN","UNKNOWN","UNKNOWN","SIDESWIPE SAME DIRECTION","ONE-WAY",,"STRAIGHT AND LEVEL","UNKNOWN","UNKNOWN","NOT ON SCENE (DESK REPORT)","NO INJURY / DRIVE AWAY",,,,"OVER $1,500","2026-03-05T15:13:00.000","NOT APPLICABLE","NOT APPLICABLE","15","E","OAK ST","1833",,,,,,,"2","NO INDICATION OF INJURY","0","0","0","0","0","2","0","14","5","3","41.9006472539","-87.6275474141","POINT (-87.627547414115 41.900647253926)"
"f1f279ceb46e5c288d5598db4b11931152e4e67c49df1e25291e1086413ef2419e97f4815b3a2f80f5946dc9833eab443bb1ed69d3c26891327ea8701b41cce9",,"2026-03-05T14:30:00.000","30","NO CONTROLS","NO CONTROLS","CLOUDY/OVERCAST","DAYLIGHT","REAR TO REAR","PARKING LOT",,"STRAIGHT AND LEVEL","WET","NO DEFECTS","NOT ON SCENE (DESK REPORT)","NO INJURY / DRIVE AWAY",,,,"$501 - $1,500","2026-03-05T14:45:00.000","IMPROPER BACKING","UNABLE TO DETERMINE","10302","S","HALSTED ST","2232",,,,,,,"2","NO INDICATION OF INJURY","0","0","0","0","0","2","0","14","5","3","41.7067667937","-87.6429756438","POINT (-87.642975643798 41.706766793677)"
"f8e221f32c1e944e0c5c0c2c175a9946ae07f393c5ae7aafb762da276710c58b6374a083060b7cdb6ae194121c01c92b8207bbd8bf967b63028870feae1da296",,"2026-03-05T14:27:00.000","30","NO CONTROLS","NO CONTROLS","CLEAR","DAYLIGHT","PEDESTRIAN","ONE-WAY",,"STRAIGHT AND LEVEL","DRY","NO DEFECTS","NOT ON SCENE (DESK REPORT)","INJURY AND / OR TOW DUE TO CRASH",,,"Y","OVER $1,500","2026-03-05T14:40:00.000","FAILING TO YIELD RIGHT-OF-WAY","FAILING TO REDUCE SPEED TO AVOID CRASH","150","E","HURON ST","1834",,,,,,,"2","NONINCAPACITATING INJURY","1","0","0","1","0","1","0","14","5","3","41.8950607857","-87.6235075091","POINT (-87.623507509116 41.895060785681)"
"02ca771870ae7f1e6efb21d5e22cf7fe68d293d3dd71983b20bbcc2831e91e4e6e586bc55314993962018f9bb354ae34edcebd2f3260a6414236544570369d06",,"2026-03-05T14:20:00.000","30","NO CONTROLS","NO CONTROLS","CLEAR","DAYLIGHT","HEAD ON","DIVIDED - W/MEDIAN (NOT RAISED)",,"STRAIGHT AND LEVEL","DRY","UNKNOWN","NOT ON SCENE (DESK REPORT)","NO INJURY / DRIVE AWAY",,,"Y","$501 - $1,500","2026-03-05T16:00:00.000","UNABLE TO DETERMINE","UNABLE TO DETERMINE","6401","N","RIDGE BLVD","2432",,,,,,,"2","NO INDICATION OF INJURY","0","0","0","0","0","2","0","14","5","3","41.9980889165","-87.6767403683","POINT (-87.676740368289 41.998088916541)"
"0b5d61e69c1e2de484f9569e7ba04097ed8a2baca48c03d2c651e5a930ea6d2cf9b2a24aeac486a9dd1a52e85d95787b8b9175a5886d391cf7badaff3fb16000",,"2026-03-05T14:20:00.000","30","NO CONTROLS","NO CONTROLS","CLEAR","DAYLIGHT","REAR END","NOT DIVIDED",,"STRAIGHT AND LEVEL","UNKNOWN","UNKNOWN","NOT ON SCENE (DESK REPORT)","NO INJURY / DRIVE AWAY",,,,"OVER $1,500","2026-03-05T15:08:00.000","DRIVING SKILLS/KNOWLEDGE/EXPERIENCE","NOT APPLICABLE","3696","S","ARCHER AVE","912",,,,,,,"2","NO INDICATION OF INJURY","0","0","0","0","0","2","0","14","5","3","41.8265185429","-87.6842049824","POINT (-87.684204982395 41.826518542923)"
"12dbddb74b633834f6c50b031374078e07a9badd27d926820fceb07457e7ffe4350b6c73304cdf8fa1af8dac49c9dacb3ef7ec5d1efffdf97c47f5a30708a821",,"2026-03-05T14:12:00.000","30","TRAFFIC SIGNAL","FUNCTIONING PROPERLY","CLEAR","DAYLIGHT","ANGLE","OTHER",,"STRAIGHT AND LEVEL","DRY","WORN SURFACE","ON SCENE","INJURY AND / OR TOW DUE TO CRASH","Y",,"Y","$501 - $1,500","2026-03-05T15:07:00.000","UNABLE TO DETERMINE","NOT APPLICABLE","5102","S","ASHLAND AVE","932",,,,,,,"2","REPORTED, NOT EVIDENT","1","0","0","0","1","1","0","14","5","3","41.8011677548","-87.6649192046","POINT (-87.66491920462 41.801167754772)"
"6d76c8a0b81db94232ec8254bc78efce20eddd628345167e5aeb821d34abf974812749bd1ce3fc13fddf0827c3294e093f95f27be6d037d766e33dfc3454de28",,"2026-03-05T14:10:00.000","35","NO CONTROLS","NO CONTROLS","CLEAR","DAYLIGHT","TURNING","NOT DIVIDED",,"STRAIGHT AND LEVEL","UNKNOWN","UNKNOWN","ON SCENE","INJURY AND / OR TOW DUE TO CRASH",,,,"OVER $1,500","2026-03-05T14:48:00.000","FOLLOWING TOO CLOSELY","FOLLOWING TOO CLOSELY","3741","S","PULASKI RD","821",,,,,,,"2","REPORTED, NOT EVIDENT","1","0","0","0","1","1","0","14","5","3","41.8253199299","-87.7239599966","POINT (-87.723959996597 41.825319929875)"
"2655ace794fad6563554afccf0134529b12af3bb0f9b65c3b2f6d06e7169c7e7c094ff2b2d56915e49c15f4b04041d2eefd73f5b45e583282cb1bc1f284d41c3",,"2026-03-05T14:00:00.000","30","TRAFFIC SIGNAL","FUNCTIONING PROPERLY","CLOUDY/OVERCAST","DAYLIGHT","TURNING","NOT DIVIDED",,"STRAIGHT AND LEVEL","DRY","NO DEFECTS","ON SCENE","NO INJURY / DRIVE AWAY",,,,"OVER $1,500","2026-03-05T14:04:00.000","NOT APPLICABLE","NOT APPLICABLE","800","N","PULASKI RD","1111",,,,,,,"2","NO INDICATION OF INJURY","0","0","0","0","0","2","0","14","5","3","41.8954564568","-87.7262305405","POINT (-87.726230540513 41.895456456825)"
"2c0e46bbc9cb184f707210bd0c43f70a7ca52713b5734d412d315a4714e146713202bb88053702fbb56e4ff3820784bf188597030e62c92f8d5a715e592bb207",,"2026-03-05T14:00:00.000","30","TRAFFIC SIGNAL","FUNCTIONING PROPERLY","CLEAR","DAYLIGHT","REAR END","DIVIDED - W/MEDIAN (NOT RAISED)",,"STRAIGHT AND LEVEL","DRY","NO DEFECTS","NOT ON SCENE (DESK REPORT)","NO INJURY / DRIVE AWAY",,,,"$501 - $1,500","2026-03-06T17:30:00.000","UNABLE TO DETERMINE","UNABLE TO DETERMINE","8385","S","VINCENNES AVE","622",,,,,,,"2","NO INDICATION OF INJURY","0","0","0","0","0","2","0","14","5","3","41.7413708353","-87.6381201872","POINT (-87.638120187216 41.741370835325)"
"8d468c1604460a1ea950ed49ae1036dedb122efde4b07549e1b62a389d350bb4c868746e0566b8a541f16f4c687f80478d43f0a0c8dcd81e3342aef2ef20a56f",,"2026-03-05T14:00:00.000","30","UNKNOWN","UNKNOWN","CLEAR","DAYLIGHT","REAR END","NOT DIVIDED",,"STRAIGHT AND LEVEL","UNKNOWN","UNKNOWN","NOT ON SCENE (DESK REPORT)","NO INJURY / DRIVE AWAY",,,"Y","OVER $1,500","2026-03-06T17:35:00.000","UNABLE TO DETERMINE","UNABLE TO DETERMINE","2350","N","RACINE AVE","1811",,,,,,,"2","NO INDICATION OF INJURY","0","0","0","0","0","2","0","14","5","3","41.9249955504","-87.6585896961","POINT (-87.658589696145 41.924995550379)"
"bde6417ec191e380e304dae769edf87fecc2acd48c03c71d924f3f08eea81a6075562a6c35907c06b27d6c5368c947a0a75ef827ce5cef43d0a26e4c1e865376",,"2026-03-05T14:00:00.000","20","NO CONTROLS","NO CONTROLS","CLEAR","DAYLIGHT","PARKED MOTOR VEHICLE","ONE-WAY",,"STRAIGHT AND LEVEL","UNKNOWN","UNKNOWN","ON SCENE","NO INJURY / DRIVE AWAY","Y",,,"OVER $1,500","2026-03-05T14:03:00.000","UNABLE TO DETERMINE","NOT APPLICABLE","3360","W","WELLINGTON AVE","1412",,,,,,,"2","NO INDICATION OF INJURY","0","0","0","0","0","1","0","14","5","3","41.9357623205","-87.7123634478","POINT (-87.712363447805 41.935762320538)"
"d50e90dc65f665c5fde98f49702c383ef0bd8c219e702e6b0b220d7c5216b03ef3c697d27ea401d79c3af9ac52c939680e6a7883cc0fc2de0e2b281ed33b6918","Y","2026-03-05T13:55:00.000","30","TRAFFIC SIGNAL","FUNCTIONING PROPERLY","CLEAR","DAYLIGHT","PEDESTRIAN","NOT DIVIDED",,"STRAIGHT AND LEVEL","DRY","NO DEFECTS","ON SCENE","INJURY AND / OR TOW DUE TO CRASH","Y",,"Y","$500 OR LESS","2026-03-05T13:56:00.000","UNABLE TO DETERMINE","CELL PHONE USE OTHER THAN TEXTING","3998","W","16TH ST","1014",,,,,,,"2","NONINCAPACITATING INJURY","1","0","0","1","0","1","0","13","5","3","41.8589779313","-87.7248926741","POINT (-87.724892674073 41.858977931336)"
"fccdb58d224c9fe2be67ad8ba41ffb1604eb563ecec4280f5c7357b29e339d0c460a02874cff3d6792281fb452968210d4a90c0fe48a53ffb2b722a420544c0d",,"2026-03-05T13:55:00.000","30","TRAFFIC SIGNAL","FUNCTIONING PROPERLY","CLEAR","DAYLIGHT","REAR END","DIVIDED - W/MEDIAN (NOT RAISED)",,"STRAIGHT AND LEVEL","DRY","NO DEFECTS","NOT ON SCENE (DESK REPORT)","NO INJURY / DRIVE AWAY",,,,"OVER $1,500","2026-03-05T16:40:00.000","FAILING TO REDUCE SPEED TO AVOID CRASH","UNABLE TO DETERMINE","1600","W","FULLERTON AVE","1931",,,,,,,"2","NO INDICATION OF INJURY","0","0","0","0","0","2","0","13","5","3","41.9252605694","-87.668206473","POINT (-87.668206472959 41.92526056938)"
"ceadca8dd39740e4126312f53fb32502d0d2a091dbc72ed81318a9d53a946d0a0d031c71e160c722ef739d930bff88ed70caf3f31de5739e402e0570cba5d3ac",,"2026-03-05T13:50:00.000","30","TRAFFIC SIGNAL","FUNCTIONING PROPERLY","CLEAR","DAYLIGHT","ANGLE","NOT DIVIDED",,"STRAIGHT AND LEVEL","DRY","NO DEFECTS","NOT ON SCENE (DESK REPORT)","INJURY AND / OR TOW DUE TO CRASH",,,,"OVER $1,500","2026-03-05T13:50:00.000","UNABLE TO DETERMINE","NOT APPLICABLE","670","W","18TH ST","1235",,,,,,,"2","NO INDICATION OF INJURY","0","0","0","0","0","2","0","13","5","3","41.8576858448","-87.644620959","POINT (-87.644620959009 41.857685844788)"
"7444055cad2ee28b3cbfb457950f0c82b5d55653e6340ef173760f503cebc4f873fd5e293d519002355ec9b6f7687fd7f5b1d434798ce0ccd7367bdd7ed09776",,"2026-03-05T13:43:00.000","30","STOP SIGN/FLASHER","FUNCTIONING PROPERLY","CLEAR","DAYLIGHT","TURNING","T-INTERSECTION",,"STRAIGHT AND LEVEL","DRY","NO DEFECTS","NOT ON SCENE (DESK REPORT)","NO INJURY / DRIVE AWAY","Y",,,"OVER $1,500","2026-03-06T14:25:00.000","IMPROPER TURNING/NO SIGNAL","FAILING TO YIELD RIGHT-OF-WAY","9400","S","ASHLAND AVE","2221",,,,,,,"2","NO INDICATION OF INJURY","0","0","0","0","0","3","0","13","5","3","41.7229412182","-87.6628628713","POINT (-87.662862871273 41.72294121821)"
"aa3e976ded520c260675cb58522516042fbc1970f58a1e51ae0a7c6fcf60d389234e6a7498be67fc28b6a0fd9f4ec663148331f310e79951ee8642421f085180",,"2026-03-05T13:38:00.000","30","NO CONTROLS","NO CONTROLS","CLOUDY/OVERCAST","DAYLIGHT","PARKED MOTOR VEHICLE","NOT DIVIDED",,"STRAIGHT AND LEVEL","DRY","NO DEFECTS","ON SCENE","NO INJURY / DRIVE AWAY",,,,"OVER $1,500","2026-03-05T13:39:00.000","UNABLE TO DETERMINE","NOT APPLICABLE","2318","N","CICERO AVE","2522",,,,,,,"2","NO INDICATION OF INJURY","0","0","0","0","0","1","0","13","5","3","41.9229858685","-87.746414703","POINT (-87.74641470299 41.922985868481)"
"b3e0904fa24683834caf1946305cbe7b39f20fc45748b123272fe7d054cf05330b13d633ed76ff4c26219db425d3793bf3010f8c150e7c4d980456795cd1a59b",,"2026-03-05T13:31:00.000","30","NO CONTROLS","NO CONTROLS","CLEAR","DAYLIGHT","REAR END","DIVIDED - W/MEDIAN BARRIER",,"STRAIGHT AND LEVEL","DRY","UNKNOWN","ON SCENE","INJURY AND / OR TOW DUE TO CRASH",,,,"OVER $1,500","2026-03-05T13:31:00.000","FAILING TO REDUCE SPEED TO AVOID CRASH","NOT APPLICABLE","6060","N","LINCOLN AVE","1711","Y","Y",,,,,"2","NO INDICATION OF INJURY","0","0","0","0","0","2","0","13","5","3","41.9922870602","-87.7106861541","POINT (-87.710686154131 41.992287060189)"
"e7d489e26e21880afe0e673188d17fd6caa6fe2d00030f62167721f5405d08861bd9f49e2ccf1f255ecc03764a032517a68658a5f2a4ca9d59d117dab5ce929f",,"2026-03-05T13:30:00.000","30","STOP SIGN/FLASHER","FUNCTIONING PROPERLY","CLEAR","DAYLIGHT","TURNING","NOT DIVIDED",,"STRAIGHT AND LEVEL","DRY","NO DEFECTS","NOT ON SCENE (DESK REPORT)","NO INJURY / DRIVE AWAY","Y",,,"OVER $1,500","2026-03-05T13:35:00.000","FAILING TO YIELD RIGHT-OF-WAY","UNABLE TO DETERMINE","3500","W","BRYN MAWR AVE","1711",,,,,,,"2","NO INDICATION OF INJURY","0","0","0","0","0","2","0","13","5","3","41.9830817227","-87.7162412804","POINT (-87.716241280395 41.983081722666)"
"1a8c9764fd16e42d6959530c83779bcb0331d5be858cfa4f0f403ad346042fda0cec774fdbdfa1692c1a0a0761278e4830cb8b91659f941c66d402a553b1f7ed",,"2026-03-05T13:27:00.000","30","TRAFFIC SIGNAL","FUNCTIONING PROPERLY","FREEZING RAIN/DRIZZLE","DAYLIGHT","ANGLE","FOUR WAY",,"STRAIGHT AND LEVEL","WET","NO DEFECTS","ON SCENE","INJURY AND / OR TOW DUE TO CRASH","Y",,,"OVER $1,500","2026-03-05T13:29:00.000","DISREGARDING TRAFFIC SIGNALS","FAILING TO YIELD RIGHT-OF-WAY","7800","S","SOUTH CHICAGO AVE","411",,,,,,,"2","NO INDICATION OF INJURY","0","0","0","0","0","2","0","13","5","3","41.7527456405","-87.5875234853","POINT (-87.587523485262 41.752745640488)"
"2094c91dcf5d1e95a3f887691e058c413f02ac7026be7e936764bef1f2a06bfa0e7139a65491a5763b0e936051927cbf84488dd280307fb4e5403bef147f0555",,"2026-03-05T13:18:00.000","30","TRAFFIC SIGNAL","FUNCTIONING PROPERLY","CLEAR","DAYLIGHT","ANGLE","FOUR WAY",,"STRAIGHT AND LEVEL","DRY","NO DEFECTS","ON SCENE","NO INJURY / DRIVE AWAY","Y",,,"OVER $1,500","2026-03-05T13:22:00.000","UNABLE TO DETERMINE","NOT APPLICABLE","2898","S","DR MARTIN LUTHER KING JR DR","133",,,,,,,"2","NO INDICATION OF INJURY","0","0","0","0","0","2","0","13","5","3","41.8421286537","-87.617724017","POINT (-87.617724017014 41.842128653694)"
"07a6017d11e219e2a96d15325714296aca5ecf9e618e3baee709a2a85508a80b05ec14204d3a6ed59c59f881dda87573a1910ec24ab59f045ee7975f0b9914e4",,"2026-03-05T13:00:00.000","20","NO CONTROLS","NO CONTROLS","RAIN","DAYLIGHT","PARKED MOTOR VEHICLE","ONE-WAY",,"STRAIGHT AND LEVEL","WET","NO DEFECTS","NOT ON SCENE (DESK REPORT)","NO INJURY / DRIVE AWAY",,,"Y","OVER $1,500","2026-03-06T11:40:00.000","UNABLE TO DETERMINE","NOT APPLICABLE","916","N","KILBOURN AVE","1111",,,,,,,"2","NO INDICATION OF INJURY","0","0","0","0","0","1","0","13","5","3","41.8975785976","-87.7386178505","POINT (-87.738617850533 41.897578597601)"
"284b088e5a7a66d6dcfb1f20e3ec020442fe717149678e20ab9f49d7f8581c13a995350e38c152985af245faf0dc7468067392c6f4aad5ea66940247b31e6d31",,"2026-03-05T12:45:00.000","30","TRAFFIC SIGNAL","FUNCTIONING PROPERLY","RAIN","DAYLIGHT","REAR END","NOT DIVIDED",,"STRAIGHT AND LEVEL","WET","NO DEFECTS","NOT ON SCENE (DESK REPORT)","NO INJURY / DRIVE AWAY",,,,"$500 OR LESS","2026-03-05T12:45:00.000","UNABLE TO DETERMINE","UNABLE TO DETERMINE","2001","N","ASHLAND AVE","1432",,,,,,,"2","NO INDICATION OF INJURY","0","0","0","0","0","3","0","12","5","3","41.9179832723","-87.667824642","POINT (-87.667824641958 41.917983272251)"
"6258736600302387016b592e6d8b9f9e4f6cd9560003ffecd94ffa82e88403bcfd27c8f77534e926a91b68162cb7ae4d99d3195df6d06ee228d49b2b4e67f1c3","Y","2026-03-05T12:44:00.000","30","TRAFFIC SIGNAL","NO CONTROLS","CLEAR","DAYLIGHT","TURNING","FOUR WAY",,"STRAIGHT AND LEVEL","DRY","NO DEFECTS","ON SCENE","NO INJURY / DRIVE AWAY","Y",,,"OVER $1,500","2026-03-05T13:01:00.000","UNABLE TO DETERMINE","NOT APPLICABLE","4357","N","CICERO AVE","1722",,,,,,,"2","NO INDICATION OF INJURY","0","0","0","0","0","2","0","12","5","3","41.9606218937","-87.7473781286","POINT (-87.747378128634 41.960621893685)"
"7e5f6353b7846de8caa7b23b8431139350365da96ecf5dd9a591ad36106b75d9fe6db058a7324b3d3903a828eed784a29e5a1cb407adab9e781737dae9853d71",,"2026-03-05T12:40:00.000","20","TRAFFIC SIGNAL","FUNCTIONING PROPERLY","CLEAR","DAYLIGHT","ANGLE","NOT DIVIDED",,"STRAIGHT AND LEVEL","DRY","NO DEFECTS","ON SCENE","INJURY AND / OR TOW DUE TO CRASH",,"Y",,"OVER $1,500","2026-03-05T12:55:00.000","DISREGARDING OTHER TRAFFIC SIGNS","DISREGARDING OTHER TRAFFIC SIGNS","260","N","PULASKI RD","1114",,,,,,,"5","NONINCAPACITATING INJURY","4","0","0","1","3","1","0","12","5","3","41.8852672244","-87.7259475795","POINT (-87.725947579501 41.885267224369)"
"7158c48fc00bd976206eb5e0ce423307c6aabee2e03773c54c40dcf406b8c5018c3b45a0bf65b2a2ccf19826acfad19c64b2ea944a6a29032d98f7745233e7ca",,"2026-03-05T12:36:00.000","30","NO CONTROLS","NO CONTROLS","CLEAR","DAYLIGHT","TURNING","ONE-WAY",,"STRAIGHT AND LEVEL","DRY","NO DEFECTS","ON SCENE","INJURY AND / OR TOW DUE TO CRASH",,,,"OVER $1,500","2026-03-05T12:36:00.000","IMPROPER TURNING/NO SIGNAL","UNABLE TO DETERMINE","6200","S","YALE AVE","711",,,,,,,"2","REPORTED, NOT EVIDENT","1","0","0","0","1","3","0","12","5","3","41.7816324711","-87.6320409848","POINT (-87.632040984849 41.78163247109)"