"crash_record_id","crash_date_est_i","crash_date","posted_speed_limit","traffic_control_device","device_condition","weather_condition","lighting_condition","first_crash_type","trafficway_type","lane_cnt","alignment","roadway_surface_cond","road_defect","report_type","crash_type","intersection_related_i","private_property_i","hit_and_run_i","damage","date_police_notified","prim_contributory_cause","sec_contributory_cause","street_no","street_direction","street_name","beat_of_occurrence","photos_taken_i","statements_taken_i","dooring_i","work_zone_i","work_zone_type","workers_present_i","num_units","most_severe_injury","injuries_total","injuries_fatal","injuries_incapacitating","injuries_non_incapacitating","injuries_reported_not_evident","injuries_no_indication","injuries_unknown","crash_hour","crash_day_of_week","crash_month","latitude","longitude","location"
"a7e04f371437a611f37c8e44f495d885a43202f5e7cebc613863c1e05e11ea804c8938a68df0d5e74a9a2d87b0384ea3d86c1cc7da49d88e4ced28515d5508aa",,"2026-03-05T12:35:00.000","30","UNKNOWN","UNKNOWN","FOG/SMOKE/HAZE","DAYLIGHT","PARKED MOTOR VEHICLE","ONE-WAY",,"STRAIGHT AND LEVEL","WET","NO DEFECTS","ON SCENE","NO INJURY / DRIVE AWAY",,,,"$500 OR LESS","2026-03-05T12:43:00.000","IMPROPER OVERTAKING/PASSING","UNABLE TO DETERMINE","555","W","SURF ST","1934",,,,,,,"2","NO INDICATION OF INJURY","0","0","0","0","0","1","0","12","5","3","41.9341550732","-87.6435615899","POINT (-87.643561589918 41.934155073209)"
"4149d2208c21c5c60b33703611ca00ef0f5e75437b84359f293bcdf54f5651bd78c9385173a93a4ab4ba6d40fb80d1bca84498bd966eefd163ac4028c817f11d",,"2026-03-05T12:30:00.000","30","NO CONTROLS","NO CONTROLS","CLEAR","DAYLIGHT","REAR END","NOT DIVIDED",,"STRAIGHT AND LEVEL","WET","UNKNOWN","NOT ON SCENE (DESK REPORT)","NO INJURY / DRIVE AWAY",,,"Y","$500 OR LESS","2026-03-05T13:03:00.000","UNABLE TO DETERMINE","NOT APPLICABLE","9900","S","WINSTON AVE","2213",,,,,,,"2","NO INDICATION OF INJURY","0","0","0","0","0","2","0","12","5","3","41.7138473207","-87.658056748","POINT (-87.658056748013 41.713847320707)"
"9e0f9fede4006ce9111f6f88da1c13013e42b8e112bf3edc7de0d5c7f7c3ead512d16debffedb6c51aeef441410ef40409a077ff57070d6abcc9afc349b6135b",,"2026-03-05T12:30:00.000","25","NO CONTROLS","NO CONTROLS","CLEAR","DAYLIGHT","PARKED MOTOR VEHICLE","OTHER",,"STRAIGHT AND LEVEL","DRY","NO DEFECTS",,"NO INJURY / DRIVE AWAY",,,"Y","OVER $1,500","2026-03-05T13:00:00.000","UNABLE TO DETERMINE","UNABLE TO DETERMINE","1401","S","SACRAMENTO DR","1022",,,,,,,"2","NO INDICATION OF INJURY","0","0","0","0","0","4","0","12","5","3","41.8629040013","-87.7018665447","POINT (-87.701866544677 41.862904001286)"
"9fb15f8a52fcd0ac03ea198bcadcce5e4c067d6b677723c9b396e6db5b9e4946f13bdb4eed0d6e19761f08b7e9edfef53e95deecd1af0f6c5655696c33884bcf",,"2026-03-05T12:30:00.000","30","NO CONTROLS","NO CONTROLS","CLOUDY/OVERCAST","DAYLIGHT","FIXED OBJECT","NOT DIVIDED",,"STRAIGHT AND LEVEL","WET","NO DEFECTS","ON SCENE","NO INJURY / DRIVE AWAY",,,,"$501 - $1,500","2026-03-05T12:35:00.000","DRIVING SKILLS/KNOWLEDGE/EXPERIENCE","NOT APPLICABLE","1558","E","76TH ST","411",,,,,,,"1","NO INDICATION OF INJURY","0","0","0","0","0","1","0","12","5","3","41.7570532078","-87.5862023428","POINT (-87.586202342839 41.757053207769)"
"b30535ef8c96146a7c72b3347db3515b8e5ba96cf530b7ebd5513797509970f78cef006c1d978d8dd6bd61fb3aff812532d87a5a55f38849015d37250c9f83ae",,"2026-03-05T12:25:00.000","30","TRAFFIC SIGNAL","FUNCTIONING PROPERLY","CLEAR","DAYLIGHT","TURNING","T-INTERSECTION",,"STRAIGHT AND LEVEL","WET","NO DEFECTS","ON SCENE","INJURY AND / OR TOW DUE TO CRASH",,,"N","OVER $1,500","2026-03-05T13:10:00.000","IMPROPER LANE USAGE","DISREGARDING TRAFFIC SIGNALS","8700","S","DR MARTIN LUTHER KING JR DR","632",,,,,,,"4","NONINCAPACITATING INJURY","5","0","0","5","0","9","0","12","5","3","41.7364550458","-87.6146729127","POINT (-87.614672912717 41.736455045812)"
"c7e0766598f8033f87e1ee3a4d7a0f77aeb4b2fa342f5ca0bf84521e6d8ddee2c095ba4b27cc8f22ec7d9b1053e14ef4cfd5b5e0d6994899efb5e644d6ae5b70",,"2026-03-05T12:15:00.000","30","TRAFFIC SIGNAL","FUNCTIONING PROPERLY","CLEAR","DAYLIGHT","TURNING","NOT DIVIDED",,"STRAIGHT AND LEVEL","DRY","UNKNOWN","NOT ON SCENE (DESK REPORT)","INJURY AND / OR TOW DUE TO CRASH",,,,"$501 - $1,500","2026-03-05T15:35:00.000","IMPROPER TURNING/NO SIGNAL","NOT APPLICABLE","299","E","MONROE DR","114",,,,,,,"2","NONINCAPACITATING INJURY","1","0","0","1","0","1","0","12","5","3","41.8807624227","-87.6208838703","POINT (-87.620883870254 41.880762422701)"
"2ecf790209c164a28b870e5badcfc9e4afcde3a5efc443fcff47c0c87656553cbcb20d0cbc31e6a0c200643d531b5f76b6343afd2a999c0c66c8da1d084d8f71",,"2026-03-05T12:00:00.000","30","NO CONTROLS","NO CONTROLS","CLEAR","DAYLIGHT","PARKED MOTOR VEHICLE","NOT DIVIDED",,"STRAIGHT AND LEVEL","DRY","NO DEFECTS","NOT ON SCENE (DESK REPORT)","NO INJURY / DRIVE AWAY",,,"Y","OVER $1,500","2026-03-05T14:00:00.000","UNABLE TO DETERMINE","UNABLE TO DETERMINE","6535","W","BARRY AVE","2511",,,,,,,"2","NO INDICATION OF INJURY","0","0","0","0","0","1","0","12","5","3","41.9363242592","-87.7897310699","POINT (-87.789731069877 41.936324259235)"
"87cfa078a617b9a3ac002bfae9169a80651164f436ef4bc2d9fcbefc098ddedfb3d80533034fdc3f8b78324d4a74dcf76b3d9e82455c68ca2b0079ce41466e44",,"2026-03-05T12:00:00.000","30","NO CONTROLS","NO CONTROLS","CLEAR","DAYLIGHT","TURNING","NOT DIVIDED",,"STRAIGHT AND LEVEL","DRY","UNKNOWN",,"INJURY AND / OR TOW DUE TO CRASH",,,,"OVER $1,500","2026-03-05T12:05:00.000","IMPROPER OVERTAKING/PASSING","UNABLE TO DETERMINE","5401","S","HALSTED ST","935",,,,,,,"2","REPORTED, NOT EVIDENT","1","0","0","0","1","1","0","12","5","3","41.7960868802","-87.6450568396","POINT (-87.645056839582 41.796086880227)"
"3442009ac50f041ae8b3a0713a555fc20059b0f436cc1105be01e2ed240fd9fcaf9df37253d1c06c0c3bd8c068a96a5bdd944f2cb0b888de5a57bb3b2a6feb17",,"2026-03-05T11:51:00.000","25","TRAFFIC SIGNAL","FUNCTIONING PROPERLY","RAIN","DAYLIGHT","ANGLE","FOUR WAY",,"STRAIGHT AND LEVEL","WET","NO DEFECTS","ON SCENE","INJURY AND / OR TOW DUE TO CRASH","Y",,,"OVER $1,500","2026-03-05T11:51:00.000","DISREGARDING TRAFFIC SIGNALS","DISREGARDING TRAFFIC SIGNALS","7400","S","ASHLAND AVE","735",,,,,,,"2","NO INDICATION OF INJURY","0","0","0","0","0","4","0","11","5","3","41.7593683965","-87.6637857159","POINT (-87.663785715867 41.75936839646)"
"8a4e9ca73d1a0997de7ece146b335093e5f100b8d5477777203965c6fbda57dba0fe102814d8d9ff54145ae17754c841ab75b019559006d5de6ffd565b958eb8",,"2026-03-05T11:50:00.000","30","TRAFFIC SIGNAL","FUNCTIONING PROPERLY","CLOUDY/OVERCAST","DAYLIGHT","PEDESTRIAN","FOUR WAY",,"STRAIGHT AND LEVEL","DRY","NO DEFECTS","ON SCENE","NO INJURY / DRIVE AWAY","Y",,"Y","$500 OR LESS","2026-03-05T12:25:00.000","UNABLE TO DETERMINE","NOT APPLICABLE","300","S","WACKER DR","122",,,,,,,"2","NO INDICATION OF INJURY","0","0","0","0","0","2","0","11","5","3","41.8780109237","-87.6370585223","POINT (-87.637058522337 41.878010923718)"
"ea40d453cde8a0b41580224375185d4445d3de7676ddc113c31339d5473aad26574dcfd73a63c338ef651da235d5832597ac4fae362ca2221527484c9229eaee",,"2026-03-05T11:48:00.000","30","NO CONTROLS","NO CONTROLS","CLEAR","DAYLIGHT","TURNING","NOT DIVIDED",,"STRAIGHT AND LEVEL","DRY","NO DEFECTS","ON SCENE","NO INJURY / DRIVE AWAY",,,"Y","OVER $1,500","2026-03-05T11:57:00.000","IMPROPER OVERTAKING/PASSING","DRIVING ON WRONG SIDE/WRONG WAY","4242","W","OGDEN AVE","1013",,,,,,,"2","NO INDICATION OF INJURY","0","0","0","0","0","2","0","11","5","3","41.848945065","-87.7311554126","POINT (-87.731155412558 41.848945065006)"
"3c34a347143b65940cd7c5a560b5fa597fa24cd1d5e23eac83596b17d29c8c257801c8060df6c954a8fc101dcce12e98835cf02cd3fb70131154b8610db8e3bd",,"2026-03-05T11:45:00.000","30","NO CONTROLS","NO CONTROLS","RAIN","DAYLIGHT","REAR END","NOT DIVIDED",,"STRAIGHT AND LEVEL","WET","NO DEFECTS","ON SCENE","NO INJURY / DRIVE AWAY",,,,"OVER $1,500","2026-03-05T11:45:00.000","FOLLOWING TOO CLOSELY","NOT APPLICABLE","5635","S","CENTRAL AVE","813",,,,,,,"2","NO INDICATION OF INJURY","0","0","0","0","0","2","0","11","5","3","41.7898425905","-87.7620514207","POINT (-87.762051420692 41.789842590544)"
"c65e5978d5cf471555225b0650cb51b752e4ed8d56dff25c30cd28c62ca5b904b09df245a1b7850d70208412f3583ff42e14bda8175ab06c3991c05a065b2fa5",,"2026-03-05T11:45:00.000","20","TRAFFIC SIGNAL","FUNCTIONING IMPROPERLY","RAIN","DAYLIGHT","ANGLE","NOT DIVIDED",,"STRAIGHT AND LEVEL","WET","NO DEFECTS","ON SCENE","INJURY AND / OR TOW DUE TO CRASH","Y",,,"$501 - $1,500","2026-03-05T11:45:00.000","FAILING TO YIELD RIGHT-OF-WAY","FAILING TO YIELD RIGHT-OF-WAY","1098","W","HOLLYWOOD AVE","2022","Y","Y",,,,,"2","NO INDICATION OF INJURY","0","0","0","0","0","2","0","11","5","3","41.9855938104","-87.6580056033","POINT (-87.658005603307 41.985593810398)"
"adcab37c86b0e163af760a5918ea88feb5828497043f44c3be04bedc8d2249c5f356c680e7ca86d9d3a9b087b5ec7c668aec70537d9e85e268ed6ef88d24ccaa",,"2026-03-05T11:35:00.000","30","NO CONTROLS","NO CONTROLS","RAIN","DAYLIGHT","SIDESWIPE SAME DIRECTION","NOT DIVIDED",,"STRAIGHT AND LEVEL","WET","NO DEFECTS","NOT ON SCENE (DESK REPORT)","NO INJURY / DRIVE AWAY",,,,"OVER $1,500","2026-03-05T11:59:00.000","IMPROPER OVERTAKING/PASSING","NOT APPLICABLE","198","W","26TH ST","914",,,,,,,"2","NO INDICATION OF INJURY","0","0","0","0","0","2","0","11","5","3","41.845640059","-87.6318102874","POINT (-87.631810287406 41.845640059011)"
"5548224542882dc5497ee74ad7ee93872f844f97876b5fedd41db27fe78c1ad81228c26002fc87e3918b0d276efb596ef80c4c8b1ea6e54f9545ab563bf92374",,"2026-03-05T11:20:00.000","30","TRAFFIC SIGNAL","FUNCTIONING PROPERLY","RAIN","DAYLIGHT","ANGLE","NOT DIVIDED",,"STRAIGHT AND LEVEL","WET","NO DEFECTS","ON SCENE","INJURY AND / OR TOW DUE TO CRASH",,,,"OVER $1,500","2026-03-05T11:36:00.000","DRIVING SKILLS/KNOWLEDGE/EXPERIENCE","UNABLE TO DETERMINE","2156","W","FULLERTON AVE","1432",,,,,,,"2","NONINCAPACITATING INJURY","1","0","0","1","0","1","0","11","5","3","41.9250686595","-87.6833734279","POINT (-87.683373427874 41.925068659528)"
"3877b23b5e3a1afd62646a47d7fa469aaefa8f9889b71bda2aaeedb40f61a4edeb05c05177f270bb58770f1076f312282b366fdd1fe0c0112160f10527ded935",,"2026-03-05T11:15:00.000","30","TRAFFIC SIGNAL","FUNCTIONING PROPERLY","FOG/SMOKE/HAZE","DAYLIGHT","REAR END","NOT DIVIDED",,"STRAIGHT AND LEVEL","WET","NO DEFECTS","NOT ON SCENE (DESK REPORT)","NO INJURY / DRIVE AWAY",,,,"$501 - $1,500","2026-03-05T13:05:00.000","FOLLOWING TOO CLOSELY","NOT APPLICABLE","7553","N","RIDGE BLVD","2424",,,,,,,"2","NO INDICATION OF INJURY","0","0","0","0","0","2","0","11","5","3","42.0192548496","-87.6844774643","POINT (-87.684477464342 42.019254849611)"
"2f53a669a809716afdbd319f56ca181d242bd08818c8663b12b6f6a329892fb6c2b037ee54990a6e301efeac9653ce8c222724468acb81ec02684d249d9eaa90","Y","2026-03-05T11:07:00.000","15","NO CONTROLS","NO CONTROLS","CLEAR","DAYLIGHT","PARKED MOTOR VEHICLE","PARKING LOT",,"STRAIGHT AND LEVEL","DRY","NO DEFECTS","NOT ON SCENE (DESK REPORT)","NO INJURY / DRIVE AWAY",,,"Y","OVER $1,500","2026-03-05T16:20:00.000","DRIVING SKILLS/KNOWLEDGE/EXPERIENCE","NOT APPLICABLE","2000","N","DAMEN AVE","1432",,,,,,,"2","NO INDICATION OF INJURY","0","0","0","0","0","1","0","11","5","3","41.917793041","-87.6777697677","POINT (-87.677769767737 41.917793041023)"
"e10d2e097c9c522a19d30ade780e02439c7ca8f49b8fea1309b6da02d58573451828caf18f5f5c725a76ff1a3251f72770035101d65b1b49e489c913257ee68c",,"2026-03-05T11:02:00.000","30","TRAFFIC SIGNAL","FUNCTIONING PROPERLY","RAIN","DAYLIGHT","REAR END","NOT DIVIDED",,"STRAIGHT AND LEVEL","WET","NO DEFECTS","NOT ON SCENE (DESK REPORT)","NO INJURY / DRIVE AWAY",,,,"$501 - $1,500","2026-03-05T13:10:00.000","FOLLOWING TOO CLOSELY","NOT APPLICABLE","4198","W","OGDEN AVE","1013",,,,,,,"2","NO INDICATION OF INJURY","0","0","0","0","0","2","0","11","5","3","41.8495228765","-87.7295344269","POINT (-87.729534426858 41.849522876527)"
"3f8d3aac5d6221e63e97e06971db75f57a7981c791736639efb1661384597b219fd91b4d37e51fdf5090c1e2b7ab84c6aff5ea82bf672487761cabe2557288df",,"2026-03-05T11:00:00.000","30","TRAFFIC SIGNAL","FUNCTIONING PROPERLY","CLOUDY/OVERCAST","DAYLIGHT","REAR END","NOT DIVIDED",,"STRAIGHT AND LEVEL","WET","OTHER","ON SCENE","NO INJURY / DRIVE AWAY","Y",,,"OVER $1,500","2026-03-05T11:24:00.000","FOLLOWING TOO CLOSELY","NOT APPLICABLE","4415","W","ROOSEVELT RD","1011",,,,,,,"2","NO INDICATION OF INJURY","0","0","0","0","0","2","0","11","5","3","41.8659136068","-87.7356136822","POINT (-87.735613682182 41.865913606818)"
"69b73963770cae96d3dfbc690c516161c5a3e16facbfa7a43b28205c0ac5f669c3de0c88c7a74624a4d50061c462996db081542e9138190005ccc82534ba4cb2",,"2026-03-05T11:00:00.000","25","NO CONTROLS","NO CONTROLS","CLOUDY/OVERCAST","DAYLIGHT","SIDESWIPE SAME DIRECTION","DIVIDED - W/MEDIAN BARRIER",,"CURVE, LEVEL","WET","NO DEFECTS","ON SCENE","INJURY AND / OR TOW DUE TO CRASH",,,"Y","OVER $1,500","2026-03-05T11:10:00.000","FAILING TO REDUCE SPEED TO AVOID CRASH","UNABLE TO DETERMINE","999","N","LAKE SHORE DR SB","1833",,,,,,,"2","REPORTED, NOT EVIDENT","1","0","0","0","1","1","0","11","5","3","41.9009476671","-87.6193351759","POINT (-87.619335175935 41.900947667149)"
"8106007b3277703169c497a1f0dfd1a7fa4cc774d62528b5f9d7616066b2ed53a3625c2b5ba02238525ee59e87f46283f82d3c31a0199bd85683cbec88b4eb41",,"2026-03-05T11:00:00.000","30","TRAFFIC SIGNAL","FUNCTIONING PROPERLY","FOG/SMOKE/HAZE","DAYLIGHT","SIDESWIPE SAME DIRECTION","T-INTERSECTION",,"STRAIGHT AND LEVEL","WET","NO DEFECTS","NOT ON SCENE (DESK REPORT)","NO INJURY / DRIVE AWAY","Y",,,"OVER $1,500","2026-03-06T07:15:00.000","UNABLE TO DETERMINE","NOT APPLICABLE","4600","N","CICERO AVE","1623",,,,,,,"2","NO INDICATION OF INJURY","0","0","0","0","0","2","0","11","5","3","41.9644511676","-87.7477764313","POINT (-87.747776431281 41.964451167552)"
"ed855e76ba68be9e2fd83e70bccee3ab9078d3a0ec3599b04bd5fc8b28b9d76bffdedd7f0e08efbef2e74d5856ddc1cac4a8a9618098051bef4d8f62abd5550b",,"2026-03-05T11:00:00.000","30","NO CONTROLS","NO CONTROLS","CLOUDY/OVERCAST","DAYLIGHT","TURNING","NOT DIVIDED",,"STRAIGHT AND LEVEL","WET","NO DEFECTS","NOT ON SCENE (DESK REPORT)","NO INJURY / DRIVE AWAY",,,,"OVER $1,500","2026-03-05T15:00:00.000","FAILING TO YIELD RIGHT-OF-WAY","NOT APPLICABLE","6260","N","MC CORMICK RD","1711",,,,,,,"2","NO INDICATION OF INJURY","0","0","0","0","0","2","0","11","5","3","41.9958437442","-87.7128579521","POINT (-87.712857952143 41.995843744187)"
"00f5a44d11f01f7343d08eeab6239f90f4d52cab9528aaa1b383b74602d0b55fc612e7a1b4e0b629563d97868fd11adb89851a75f2bfb7000bb272f8cc654763",,"2026-03-05T10:45:00.000","25","NO CONTROLS","NO CONTROLS","FREEZING RAIN/DRIZZLE","DAYLIGHT","PEDESTRIAN","NOT DIVIDED",,"STRAIGHT AND LEVEL","WET","NO DEFECTS","ON SCENE","INJURY AND / OR TOW DUE TO CRASH",,,,"OVER $1,500","2026-03-05T10:50:00.000","IMPROPER BACKING","FAILING TO YIELD RIGHT-OF-WAY","331","N","LA SALLE DR","1831",,,,,,,"2","REPORTED, NOT EVIDENT","1","0","0","0","1","1","0","10","5","3","41.8883660331","-87.6323632199","POINT (-87.632363219924 41.888366033074)"
"9b9ca8f2e929fb372de429ab7deaf868de257d2493dd7bf3e3aacb94f9524ce1ed8bef1d8e4b4041a4a4e3f304fe98d92d92603a776d2a0c47bd27503e185462",,"2026-03-05T10:45:00.000","30","STOP SIGN/FLASHER","FUNCTIONING PROPERLY","CLEAR","DAYLIGHT","ANGLE","NOT DIVIDED",,"STRAIGHT AND LEVEL","DRY","NO DEFECTS","NOT ON SCENE (DESK REPORT)","NO INJURY / DRIVE AWAY",,,,"OVER $1,500","2026-03-05T11:15:00.000","FAILING TO YIELD RIGHT-OF-WAY","UNABLE TO DETERMINE","5030","S","WESTERN AVE","923",,,,,,,"2","NO INDICATION OF INJURY","0","0","0","0","0","2","0","10","5","3","41.8019612696","-87.6843940923","POINT (-87.684394092338 41.801961269625)"
"e32b99725a206dea7a5c5adb9d495abd7871845b66ca77d35352959222155c3b27caa8702e01c321b42ffc9c424b0b82bd84eedcce5f1e6830b68df140a9114a",,"2026-03-05T10:43:00.000","30","NO CONTROLS","NO CONTROLS","RAIN","DAYLIGHT","SIDESWIPE SAME DIRECTION","DIVIDED - W/MEDIAN BARRIER",,"STRAIGHT AND LEVEL","WET","NO DEFECTS","ON SCENE","NO INJURY / DRIVE AWAY","Y",,,"OVER $1,500","2026-03-05T10:48:00.000","NOT APPLICABLE","NOT APPLICABLE","4744","S","ASHLAND AVE","931",,,,,,,"2","NO INDICATION OF INJURY","0","0","0","0","0","5","0","10","5","3","41.8072667169","-87.6650829002","POINT (-87.66508290017 41.807266716938)"
"054905ad43982daa5613d56e8966fe4da9bdd8d9ec56d76c340f6954297be23c931bf6880ae2591dd93132c7c215dd2e3e1bf7cdab2d16bd65982141ea80fa45",,"2026-03-05T10:42:00.000","35","NO CONTROLS","NO CONTROLS","RAIN","DAYLIGHT","SIDESWIPE SAME DIRECTION","NOT DIVIDED",,"STRAIGHT AND LEVEL","WET","UNKNOWN","NOT ON SCENE (DESK REPORT)","NO INJURY / DRIVE AWAY",,,,"OVER $1,500","2026-03-05T11:10:00.000","NOT APPLICABLE","NOT APPLICABLE","3628","W","26TH ST","1013","Y",,,,,,"2","NO INDICATION OF INJURY","0","0","0","0","0","2","0","10","5","3","41.8444781398","-87.715952126","POINT (-87.715952126007 41.844478139765)"
"0332a1cace85c7ca058206130a0b898ef8fcb6367ae0a4ce30d495236d0446c12002315c0f58d6778cae65d484647666706cd75614abfb96c379eca8d14002a2",,"2026-03-05T10:30:00.000","30","NO CONTROLS","NO CONTROLS","FREEZING RAIN/DRIZZLE","DAYLIGHT","REAR TO FRONT","DRIVEWAY",,"STRAIGHT AND LEVEL","WET","NO DEFECTS","NOT ON SCENE (DESK REPORT)","NO INJURY / DRIVE AWAY",,,"Y","OVER $1,500","2026-03-05T11:00:00.000","UNABLE TO DETERMINE","UNABLE TO DETERMINE","2810","W","HARRISON ST","1135",,,,,,,"2","NO INDICATION OF INJURY","0","0","0","0","0","3","0","10","5","3","41.8738999738","-87.6966054362","POINT (-87.696605436249 41.873899973846)"
"7bd7c25066de9270bc020ec4ea0ec4a7795e69239b07964b406a08c6f8aacb19363ea5d640548bb8edfaa22874460fa090b6c7c4528d6a804419e29349fba08e",,"2026-03-05T10:30:00.000","25","UNKNOWN","UNKNOWN","UNKNOWN","DAYLIGHT","PARKED MOTOR VEHICLE","NOT DIVIDED",,"STRAIGHT AND LEVEL","UNKNOWN","UNKNOWN","NOT ON SCENE (DESK REPORT)","NO INJURY / DRIVE AWAY",,,,"OVER $1,500","2026-03-05T14:50:00.000","UNABLE TO DETERMINE","NOT APPLICABLE","4905","S","KOSTNER AVE","815",,,,,,,"2","NO INDICATION OF INJURY","0","0","0","0","0","1","0","10","5","3","41.803891373","-87.7331188849","POINT (-87.733118884891 41.803891372953)"
"ab1dddfbaa9c2f6bffb21271ba952c37b7dac0ed4316e78f71cf79c34312af5742784dc3d436039714dac0e17c2a3adf82c2766e0ee5beb1ab56860929a061fe",,"2026-03-05T10:29:00.000","35","NO CONTROLS","NO CONTROLS","UNKNOWN","DAYLIGHT","FIXED OBJECT","NOT DIVIDED",,"STRAIGHT AND LEVEL","UNKNOWN","UNKNOWN","ON SCENE","INJURY AND / OR TOW DUE TO CRASH",,"Y",,"OVER $1,500","2026-03-05T16:18:00.000","UNABLE TO DETERMINE","NOT APPLICABLE","6730","S","SOUTH SHORE DR","331",,,,,,,"1","NO INDICATION OF INJURY","0","0","0","0","0","1","0","10","5","3","41.772627187","-87.5667665396","POINT (-87.566766539599 41.772627186963)"
"ccbead11908c93d3f9615bc398ace9cf002cf09fe2043d76c000ccebbbde9bd0806d3d61662c7b65ff6746623f2cf4763e6577fbeb03e3f24ca4e154338a0130",,"2026-03-05T10:23:00.000","25","STOP SIGN/FLASHER","FUNCTIONING PROPERLY","CLEAR","DAYLIGHT","PARKED MOTOR VEHICLE","FOUR WAY",,"STRAIGHT AND LEVEL","DRY","UNKNOWN","NOT ON SCENE (DESK REPORT)","NO INJURY / DRIVE AWAY",,,,"$501 - $1,500","2026-03-16T19:00:00.000","UNABLE TO DETERMINE","UNABLE TO DETERMINE","2356","W","MORSE AVE","2411",,,,,,,"2","NO INDICATION OF INJURY","0","0","0","0","0","1","0","10","5","3","42.0072694582","-87.6900246125","POINT (-87.690024612463 42.007269458193)"
"a5aa9e1339deb309c8a4adcf5c22da5f5172bbc708da0bf6767dba211e4e3838d978e2a65410203843c3fd2eb3d76bfc3961f14e7c7910b75d3b02a4fbfc1f93",,"2026-03-05T10:20:00.000","30","NO CONTROLS","NO CONTROLS","CLEAR","DAYLIGHT","PARKED MOTOR VEHICLE","NOT DIVIDED",,"STRAIGHT AND LEVEL","DRY","NO DEFECTS","NOT ON SCENE (DESK REPORT)","NO INJURY / DRIVE AWAY",,,"Y","$500 OR LESS","2026-03-05T11:20:00.000","UNABLE TO DETERMINE","UNABLE TO DETERMINE","7251","S","SOUTH SHORE DR","334",,,,,,,"2","NO INDICATION OF INJURY","0","0","0","0","0","1","0","10","5","3","41.7646147089","-87.5609753232","POINT (-87.560975323163 41.764614708883)"
"6f6d13ca374b72e62d150e97a51ef4423e20750083de36b8468331ab6e4ee0aad05e9297ceeaabd1d05b57572335e85b7850cee7826b94c48faf1fc16d9e8882",,"2026-03-05T10:19:00.000","30","TRAFFIC SIGNAL","FUNCTIONING PROPERLY","RAIN","DAYLIGHT","SIDESWIPE SAME DIRECTION","DIVIDED - W/MEDIAN (NOT RAISED)",,"STRAIGHT AND LEVEL","WET","UNKNOWN","ON SCENE","NO INJURY / DRIVE AWAY","Y",,"Y","OVER $1,500","2026-03-05T10:30:00.000","UNABLE TO DETERMINE","UNABLE TO DETERMINE","4457","S","PULASKI RD","821",,,,,,,"2","NO INDICATION OF INJURY","0","0","0","0","0","2","0","10","5","3","41.8116914027","-87.723581663","POINT (-87.72358166302 41.811691402685)"
"240fab3c8b17338609d5c9aa1e75417e096eca4606e7a03b21d19365a65425613eb1291fbbbb93663ea6195c70e0dd8d142ae217413b87e3175beddfd2e6bb5b",,"2026-03-05T10:10:00.000","30","TRAFFIC SIGNAL","FUNCTIONING PROPERLY","RAIN","DAYLIGHT","SIDESWIPE SAME DIRECTION","NOT DIVIDED",,"STRAIGHT AND LEVEL","WET","NO DEFECTS","NOT ON SCENE (DESK REPORT)","NO INJURY / DRIVE AWAY",,,,"OVER $1,500","2026-03-05T10:55:00.000","UNABLE TO DETERMINE","UNABLE TO DETERMINE","4701","S","KEDZIE AVE","922",,,,,,,"2","NO INDICATION OF INJURY","0","0","0","0","0","2","0","10","5","3","41.8080542676","-87.7038255411","POINT (-87.70382554115 41.808054267646)"
"a36860ed5b0049c2cf6e4e1bfa2a82a05b0f98ee8d943841d9398b693981d30205174651a940d53f1396abd4c420a609fca72a6681cc8ee5ccb620eacd445fcc",,"2026-03-05T10:00:00.000","30","TRAFFIC SIGNAL","FUNCTIONING PROPERLY","CLEAR","DAYLIGHT","REAR END","NOT DIVIDED",,"STRAIGHT AND LEVEL","DRY","NO DEFECTS","NOT ON SCENE (DESK REPORT)","NO INJURY / DRIVE AWAY",,,,"$500 OR LESS","2026-03-06T11:00:00.000","UNABLE TO DETERMINE","NOT APPLICABLE","3300","S","DAMEN AVE","912",,,,,,,"2","NO INDICATION OF INJURY","0","0","0","0","0","2","0","10","5","3","41.8339634962","-87.6755215865","POINT (-87.675521586541 41.833963496158)"
"a704234f0c81f71e3778c973f1fccd83698d7926444f4852e4c7a83e092572b07a8ee945d8158a0128f686a95ca8a454775d1656dc26a74cb2a846e9ba7faa02",,"2026-03-05T09:58:00.000","30","STOP SIGN/FLASHER","NO CONTROLS","CLEAR","DAYLIGHT","ANGLE","FOUR WAY",,"STRAIGHT AND LEVEL","WET","UNKNOWN","ON SCENE","INJURY AND / OR TOW DUE TO CRASH","Y",,,"OVER $1,500","2026-03-05T10:07:00.000","FAILING TO YIELD RIGHT-OF-WAY","NOT APPLICABLE","1586","E","72ND ST","324",,,,,,,"2","NO INDICATION OF INJURY","0","0","0","0","0","3","0","9","5","3","41.7643478316","-87.5858953413","POINT (-87.585895341327 41.764347831566)"
"ea9ce280c15f6ed2991ba92df25c09b6d99c2814fbb7de1bc6f5ee4762d84cd426335a69dcae31b4f679ab2b29cde2f6230e1b5a4868f638cb96423ff5837c2d",,"2026-03-05T09:58:00.000","30","NO CONTROLS","NO CONTROLS","RAIN","DAYLIGHT","REAR TO FRONT","NOT DIVIDED",,"STRAIGHT AND LEVEL","WET","NO DEFECTS","ON SCENE","NO INJURY / DRIVE AWAY",,,,"$501 - $1,500","2026-03-05T09:58:00.000","UNABLE TO DETERMINE","NOT APPLICABLE","304","W","91ST ST","634",,,,,,,"2","NO INDICATION OF INJURY","0","0","0","0","0","2","0","9","5","3","41.7290457525","-87.631289443","POINT (-87.631289443007 41.729045752537)"