"crash_record_id","crash_date_est_i","crash_date","posted_speed_limit","traffic_control_device","device_condition","weather_condition","lighting_condition","first_crash_type","trafficway_type","lane_cnt","alignment","roadway_surface_cond","road_defect","report_type","crash_type","intersection_related_i","private_property_i","hit_and_run_i","damage","date_police_notified","prim_contributory_cause","sec_contributory_cause","street_no","street_direction","street_name","beat_of_occurrence","photos_taken_i","statements_taken_i","dooring_i","work_zone_i","work_zone_type","workers_present_i","num_units","most_severe_injury","injuries_total","injuries_fatal","injuries_incapacitating","injuries_non_incapacitating","injuries_reported_not_evident","injuries_no_indication","injuries_unknown","crash_hour","crash_day_of_week","crash_month","latitude","longitude","location"
"461d381aefe55b5b6857c9d05ee0c50d407b7d57d076bebb41b9bbdc2eb0229a74814fc313b6bc4d7d718a8b570782ad1f1481f9a7932f0e4916de1b38d912b1",,"2026-03-05T09:44:00.000","30","TRAFFIC SIGNAL","FUNCTIONING PROPERLY","RAIN","DAYLIGHT","REAR END","NOT DIVIDED",,"STRAIGHT AND LEVEL","WET","NO DEFECTS","NOT ON SCENE (DESK REPORT)","NO INJURY / DRIVE AWAY",,,"Y","$500 OR LESS","2026-03-05T10:00:00.000","NOT APPLICABLE","NOT APPLICABLE","7501","S","JEFFERY BLVD","414",,,,,,,"2","NO INDICATION OF INJURY","0","0","0","0","0","2","0","9","5","3","41.7587872873","-87.5759934845","POINT (-87.575993484524 41.758787287295)"
"9fc2864cb3fab6989aeb7ff8901ecca435fdd03ec5bcd08a02d73b5d0ed10d488b1d2e68c3ad5e803a9580831a23cc2e069f55727bb5ce4ee2befead8c08ab69",,"2026-03-05T09:34:00.000","40","NO CONTROLS","NO CONTROLS","RAIN","DAYLIGHT","REAR END","DIVIDED - W/MEDIAN BARRIER",,"STRAIGHT AND LEVEL","WET","UNKNOWN","ON SCENE","INJURY AND / OR TOW DUE TO CRASH",,,,"OVER $1,500","2026-03-05T09:36:00.000","UNABLE TO DETERMINE","UNABLE TO DETERMINE","2700","N","LAKE SHORE DR SB","1935",,,,,,,"3","NO INDICATION OF INJURY","0","0","0","0","0","5","0","9","5","3","41.9315207868","-87.6322739368","POINT (-87.63227393683 41.931520786818)"
"e52c55912b19d0bb49662a930f7fac0c888828f819ceebfa9e27b8e699c7e1d27e22c8886b492724860b3ca7feb709cee64b10cc7375fbd75ddc0eea22e50ce7",,"2026-03-05T09:30:00.000","30","NO CONTROLS","NO CONTROLS","RAIN","DAYLIGHT","PARKED MOTOR VEHICLE","ONE-WAY",,"STRAIGHT AND LEVEL","WET","UNKNOWN","ON SCENE","NO INJURY / DRIVE AWAY",,,"Y","OVER $1,500","2026-03-05T10:15:00.000","UNABLE TO DETERMINE","NOT APPLICABLE","2959","E","80TH PL","422",,,,,,,"2","NO INDICATION OF INJURY","0","0","0","0","0","1","0","9","5","3","41.7491018837","-87.5517001092","POINT (-87.551700109167 41.749101883651)"
"fd0bbfe55a54cc500cb523db561e3a896d320d219c0e960f506b29a3759776c1fc3b11200ace761bfcb9ef0b046919dbb0a852563027445e8eeb42bbd0b721d1",,"2026-03-05T09:30:00.000","30","NO CONTROLS","NO CONTROLS","RAIN","DAYLIGHT","PARKED MOTOR VEHICLE","OTHER",,"STRAIGHT AND LEVEL","WET","UNKNOWN","ON SCENE","NO INJURY / DRIVE AWAY",,,,"OVER $1,500","2026-03-05T09:35:00.000","UNABLE TO DETERMINE","NOT APPLICABLE","8010","S","COLES AVE","422",,,,,,,"2","NO INDICATION OF INJURY","0","0","0","0","0","1","0","9","5","3","41.7497678517","-87.5493729536","POINT (-87.549372953618 41.749767851687)"
"d4a85df67f269831462f335473024f07ecb83c3f202279f10292da03d8f4cdfba96ff05b65f8d84059084a425c8a7c3d10eac817cd664ad6e4abc6b0293fe882","Y","2026-03-05T09:24:00.000","30","STOP SIGN/FLASHER","NO CONTROLS","RAIN","DAYLIGHT","ANGLE","FOUR WAY",,"STRAIGHT AND LEVEL","WET","UNKNOWN","ON SCENE","INJURY AND / OR TOW DUE TO CRASH","Y",,,"OVER $1,500","2026-03-05T09:29:00.000","UNABLE TO DETERMINE","NOT APPLICABLE","1630","N","LAMON AVE","2533",,,,,,,"3","INCAPACITATING INJURY","1","0","1","0","0","1","0","9","5","3","41.9105465115","-87.7493774781","POINT (-87.749377478103 41.910546511507)"
"0ed7e9d668607311572323371811fa39aa516aeab47e8f1571fce3c3751e8ff0baee284a71e56e0ff8d70b69327ee2db809a0f91eef25188cab89de1dac16fa7",,"2026-03-05T09:20:00.000","30","UNKNOWN","UNKNOWN","UNKNOWN","DAYLIGHT","SIDESWIPE SAME DIRECTION","NOT DIVIDED",,"STRAIGHT AND LEVEL","WET","UNKNOWN","NOT ON SCENE (DESK REPORT)","NO INJURY / DRIVE AWAY",,,"Y","$501 - $1,500","2026-03-05T10:12:00.000","UNABLE TO DETERMINE","NOT APPLICABLE","5943","S","CENTRAL AVE","813",,,,,,,"2","NO INDICATION OF INJURY","0","0","0","0","0","2","0","9","5","3","41.7840902836","-87.7618223154","POINT (-87.76182231538 41.784090283609)"
"d4ddc4122fe6bc5388b1bee3a180365230a493c8a2a2b92b5e0b99cf178038c01f816ca66337053840d4930c53fd3d1e2794c06eb032b75a33575a33194b8e28",,"2026-03-05T09:14:00.000","30","TRAFFIC SIGNAL","FUNCTIONING PROPERLY","RAIN","DAYLIGHT","REAR END","NOT DIVIDED",,"STRAIGHT AND LEVEL","WET","NO DEFECTS",,"NO INJURY / DRIVE AWAY",,,,"OVER $1,500","2026-03-05T10:00:00.000","FAILING TO REDUCE SPEED TO AVOID CRASH","CELL PHONE USE OTHER THAN TEXTING","11500","S","LONGWOOD DR","2212",,,,,,,"2","NO INDICATION OF INJURY","0","0","0","0","0","3","0","9","5","3","41.6846075976","-87.6735909836","POINT (-87.673590983605 41.684607597597)"
"a512c5c38bedbab159a7edea94899190ce5c539a3f0434ce125545a854ba437699fa8857c3b7e848d03093f64626e09e1fb52cf3ebbece1d3e42d8cc168bd10a",,"2026-03-05T09:00:00.000","30","NO CONTROLS","NO CONTROLS","CLOUDY/OVERCAST","DAYLIGHT","SIDESWIPE SAME DIRECTION","NOT DIVIDED",,"STRAIGHT AND LEVEL","WET","UNKNOWN","NOT ON SCENE (DESK REPORT)","NO INJURY / DRIVE AWAY",,,"Y","$501 - $1,500","2026-03-05T09:00:00.000","IMPROPER LANE USAGE","UNABLE TO DETERMINE","1900","W","MARQUETTE RD","726",,,,,,,"2","NO INDICATION OF INJURY","0","0","0","0","0","2","0","9","5","3","41.7722140677","-87.6713585927","POINT (-87.671358592748 41.772214067747)"
"e280afab1a8edd09ee596f8bd619848094c2238959f5973936a0e87474b5066f0ca3aaa3a0d64a0637c65aab1561283282ef50529f0a93e76e3e8b7c48c39dd8",,"2026-03-05T09:00:00.000","20","NO CONTROLS","NO CONTROLS","RAIN","DAYLIGHT","SIDESWIPE SAME DIRECTION","ONE-WAY",,"STRAIGHT AND LEVEL","WET","NO DEFECTS","NOT ON SCENE (DESK REPORT)","NO INJURY / DRIVE AWAY",,,,"OVER $1,500","2026-03-05T09:25:00.000","UNABLE TO DETERMINE","NOT APPLICABLE","4340","N","RAVENSWOOD AVE","1912",,,,,,,"3","NO INDICATION OF INJURY","0","0","0","0","0","2","0","9","5","3","41.960923635","-87.6741061362","POINT (-87.674106136199 41.960923634961)"
"e7397235fdfabf3b23bf6fa6e94d0ba18c9804076d39107c90365efd5382574e325a87776c8014482d8d74b5f65141b81924ff46322ab96f9b61d76f3d4158a8","Y","2026-03-05T09:00:00.000","30","NO CONTROLS","NO CONTROLS","RAIN","DAYLIGHT","PARKED MOTOR VEHICLE","NOT DIVIDED",,"STRAIGHT AND LEVEL","WET","NO DEFECTS","ON SCENE","NO INJURY / DRIVE AWAY","N",,"Y","OVER $1,500","2026-03-05T10:58:00.000","UNABLE TO DETERMINE","UNABLE TO DETERMINE","2798","W","37TH PL","911",,,,,,,"2","NO INDICATION OF INJURY","0","0","0","0","0","1","0","9","5","3","41.8256338617","-87.6945712595","POINT (-87.694571259496 41.825633861744)"
"0af04d16dbf0f6a9a5a8f2c50d67e993b5e94eaf0f934560621425e9d7d1705ca3c60f89f95649afe6ac23780573cf45ffedc928bd6ba18236247bf2b1620858",,"2026-03-05T08:50:00.000","30","NO CONTROLS","NO CONTROLS","FOG/SMOKE/HAZE","DAYLIGHT","REAR END","NOT DIVIDED",,"STRAIGHT AND LEVEL","DRY","NO DEFECTS","ON SCENE","NO INJURY / DRIVE AWAY",,,,"OVER $1,500","2026-03-05T08:53:00.000","FOLLOWING TOO CLOSELY","FAILING TO REDUCE SPEED TO AVOID CRASH","4005","S","WESTERN BLVD","924",,,,,,,"3","NO INDICATION OF INJURY","0","0","0","0","0","4","0","8","5","3","41.820909464","-87.6840551311","POINT (-87.684055131089 41.820909463954)"
"45c76ed08561c2a2e32aa943bb3c372b8959ff5c2d07dd7c8894dcb8e7e5cefdfdf7b215fef9a68d207dd800dedd2f40da660bac87010f0b5c14a1df6c620d09",,"2026-03-05T08:50:00.000","30","UNKNOWN","UNKNOWN","RAIN","DAYLIGHT","TURNING","NOT DIVIDED",,"STRAIGHT AND LEVEL","WET","UNKNOWN","NOT ON SCENE (DESK REPORT)","NO INJURY / DRIVE AWAY",,,,"OVER $1,500","2026-03-05T09:20:00.000","IMPROPER TURNING/NO SIGNAL","IMPROPER TURNING/NO SIGNAL","4025","N","LEAVITT ST","1911",,,,,,,"2","NO INDICATION OF INJURY","0","0","0","0","0","2","0","8","5","3","41.9548635916","-87.6834881739","POINT (-87.683488173918 41.954863591596)"
"fdf48cb80370babb6640163f2b10cd0d4682e091e9d09e11d3914e742e36636e6f2d8d13db0f5ff99500f4a0cc3571878c812542d88411e9d720d5e3fcaafaf2",,"2026-03-05T08:45:00.000","30","STOP SIGN/FLASHER","FUNCTIONING PROPERLY","RAIN","DAYLIGHT","TURNING","ONE-WAY",,"STRAIGHT AND LEVEL","WET","NO DEFECTS","NOT ON SCENE (DESK REPORT)","NO INJURY / DRIVE AWAY",,,,"OVER $1,500","2026-03-05T09:50:00.000","FAILING TO YIELD RIGHT-OF-WAY","IMPROPER TURNING/NO SIGNAL","3034","W","POPE JOHN PAUL II DR","921",,,,,,,"2","NO INDICATION OF INJURY","0","0","0","0","0","2","0","8","5","3","41.8155601361","-87.7007072239","POINT (-87.70070722387 41.815560136144)"
"24e4e1c2ed427c260f6d6c978e8a32c2cc9123330da671aadabca86c6e15960ee593fb582613df48a5be2a5ed3ffff5223a4a32731effab784eba7b7ba960bf6",,"2026-03-05T08:40:00.000","25","NO CONTROLS","NO CONTROLS","RAIN","DAYLIGHT","REAR END","ONE-WAY",,"STRAIGHT AND LEVEL","WET","NO DEFECTS","NOT ON SCENE (DESK REPORT)","NO INJURY / DRIVE AWAY",,,,"OVER $1,500","2026-03-05T10:20:00.000","UNABLE TO DETERMINE","NOT APPLICABLE","6990","N","RAVENSWOOD AVE","2424",,,,,,,"2","NO INDICATION OF INJURY","0","0","0","0","0","2","0","8","5","3","42.008889654","-87.6759453801","POINT (-87.675945380074 42.008889654008)"
"e9c035a9d69323653f3cc2b3caa6253b215ac1db635b38891bc53f859748553fffd479d0b765a427fda5cf7fadacc970b8cbad3a1814718bef7a838003c65922",,"2026-03-05T08:40:00.000","30","STOP SIGN/FLASHER","FUNCTIONING PROPERLY","CLOUDY/OVERCAST","DAYLIGHT","ANGLE","FOUR WAY",,"STRAIGHT AND LEVEL","WET","NO DEFECTS","ON SCENE","INJURY AND / OR TOW DUE TO CRASH","Y",,,"OVER $1,500","2026-03-05T08:46:00.000","FAILING TO YIELD RIGHT-OF-WAY","UNABLE TO DETERMINE","3300","N","NARRAGANSETT AVE","1632",,,,,,,"2","REPORTED, NOT EVIDENT","2","0","0","0","2","0","0","8","5","3","41.9401948331","-87.7862816305","POINT (-87.786281630453 41.940194833075)"
"f8a4dfb6b5f6282cbe6f8123835b668d9eb4d573db39a295a3e919144247cb6196f6f75701875b8c0423116df2b17d7cc29c639223796d6b48938f15ce457211",,"2026-03-05T08:40:00.000","30","TRAFFIC SIGNAL","FUNCTIONING PROPERLY","CLEAR","DAYLIGHT","PARKED MOTOR VEHICLE","NOT DIVIDED",,"STRAIGHT AND LEVEL","DRY","NO DEFECTS","NOT ON SCENE (DESK REPORT)","NO INJURY / DRIVE AWAY",,,,"$501 - $1,500","2026-03-05T09:45:00.000","EQUIPMENT - VEHICLE CONDITION","NOT APPLICABLE","1863","S","WABASH AVE","131",,,,,,,"2","NO INDICATION OF INJURY","0","0","0","0","0","2","0","8","5","3","41.8566397381","-87.6254374538","POINT (-87.625437453789 41.856639738149)"
"555048b55a1ec478125dc97e140c85e2b725fb2fe749d0a22c4502bb7f2988d8cb938e620c820908de47b2e51b25b1c686a50a8f44e34c54246e7d41086bd805",,"2026-03-05T08:39:00.000","30","TRAFFIC SIGNAL","FUNCTIONING PROPERLY","CLOUDY/OVERCAST","DAYLIGHT","TURNING","DIVIDED - W/MEDIAN (NOT RAISED)",,"STRAIGHT AND LEVEL","WET","NO DEFECTS",,"NO INJURY / DRIVE AWAY","Y",,,"OVER $1,500","2026-03-05T09:50:00.000","IMPROPER TURNING/NO SIGNAL","NOT APPLICABLE","6371","N","MILWAUKEE AVE","1611",,,,,,,"2","NO INDICATION OF INJURY","0","0","0","0","0","3","0","8","5","3","41.9967963851","-87.7871740245","POINT (-87.787174024497 41.996796385085)"
"3397340e5e452aa3bae16a5709c9bb16115d30dc78ef852ffea9b2a292add5042681412516ee5edc26dd497b20707025d0b929733ba276ec5e05342005d74e8f",,"2026-03-05T08:30:00.000","30","NO CONTROLS","UNKNOWN","RAIN","UNKNOWN","PARKED MOTOR VEHICLE","ONE-WAY",,"STRAIGHT AND LEVEL","WET","NO DEFECTS","ON SCENE","INJURY AND / OR TOW DUE TO CRASH",,,"Y","OVER $1,500","2026-03-05T08:53:00.000","UNABLE TO DETERMINE","NOT APPLICABLE","7528","S","LAFAYETTE AVE","623",,,,,,,"2","NO INDICATION OF INJURY","0","0","0","0","0","1","0","8","5","3","41.7572869167","-87.6264973391","POINT (-87.626497339073 41.757286916726)"
"79501ac30db2219499496161955a938b7d4a526ad48a2a41e2e9d73f83e70d87ed9990932cf715b08a43f90bbc6b6f3fad4b0b013f465a05e2cd96c1b5c018cc",,"2026-03-05T08:28:00.000","20","NO CONTROLS","NO CONTROLS","UNKNOWN","UNKNOWN","REAR END","ONE-WAY",,"STRAIGHT AND LEVEL","UNKNOWN","UNKNOWN","NOT ON SCENE (DESK REPORT)","NO INJURY / DRIVE AWAY",,,"Y","$501 - $1,500","2026-03-05T09:20:00.000","UNABLE TO DETERMINE","NOT APPLICABLE","8541","S","YATES BLVD","423",,,,,,,"2","NO INDICATION OF INJURY","0","0","0","0","0","2","0","8","5","3","41.7396485271","-87.565910091","POINT (-87.565910090973 41.739648527092)"
"4a80fa5e9df3f9d35ce63d9ba5f484327e5a341aec4555508a8399a3063a6d94e75b7c69c09b222491f6998aa88491b93669285c28fc9f542a22c4bc3f02a1a6",,"2026-03-05T08:25:00.000","35","NO CONTROLS","NO CONTROLS","RAIN","DAYLIGHT","SIDESWIPE SAME DIRECTION","NOT DIVIDED",,"STRAIGHT AND LEVEL","WET","NO DEFECTS","NOT ON SCENE (DESK REPORT)","NO INJURY / DRIVE AWAY",,,,"OVER $1,500","2026-03-05T08:45:00.000","NOT APPLICABLE","NOT APPLICABLE","3315","W","OGDEN AVE","1024","Y",,,,,,"2","NO INDICATION OF INJURY","0","0","0","0","0","2","0","8","5","3","41.8566845327","-87.708381958","POINT (-87.70838195803 41.856684532692)"
"08ce55a94b82a0914bc286e2fc5606929bca1dfd6f9f8feb4e782d7369348c3d21ed934b39e250db4ea34e07457ae538e2872dd89116722a835d66da691dcaea",,"2026-03-05T08:20:00.000","30","NO CONTROLS","NO CONTROLS","RAIN","DAYLIGHT","REAR END","DIVIDED - W/MEDIAN (NOT RAISED)",,"STRAIGHT AND LEVEL","WET","UNKNOWN","ON SCENE","NO INJURY / DRIVE AWAY",,,,"$501 - $1,500","2026-03-05T08:22:00.000","WEATHER","NOT APPLICABLE","2713","W","IRVING PARK RD","1733",,,,,,,"2","NO INDICATION OF INJURY","0","0","0","0","0","2","0","8","5","3","41.9538731321","-87.6965943482","POINT (-87.696594348165 41.953873132129)"
"e272c499df6504e613a533614f30c18e18d30305115110efe8dbc15568689b549f8a30b71eede74529905642ea50fd4d0f88e66089478ff58d71886078b7235e",,"2026-03-05T08:15:00.000","30","STOP SIGN/FLASHER","FUNCTIONING PROPERLY","RAIN","DAYLIGHT","ANGLE","FOUR WAY",,"STRAIGHT AND LEVEL","WET","NO DEFECTS","ON SCENE","NO INJURY / DRIVE AWAY",,,,"OVER $1,500","2026-03-05T08:16:00.000","FAILING TO YIELD RIGHT-OF-WAY","NOT APPLICABLE","3600","N","TROY ST","1733",,,,,,,"2","NO INDICATION OF INJURY","0","0","0","0","0","2","0","8","5","3","41.9467283277","-87.7067456599","POINT (-87.70674565993 41.946728327743)"
"af858d026f7a80fd9a59f9760fdf9994dc5ac3959b574211b610f2d3ba4f2e2cdf498a754e9a5573510464e11e26b5ba339e9569111856604429a1a50e85dd3c",,"2026-03-05T08:10:00.000","30","TRAFFIC SIGNAL","FUNCTIONING PROPERLY","RAIN","DAYLIGHT","REAR END","OTHER",,"STRAIGHT AND LEVEL","WET","NO DEFECTS","NOT ON SCENE (DESK REPORT)","NO INJURY / DRIVE AWAY",,,,"OVER $1,500","2026-03-05T09:50:00.000","FOLLOWING TOO CLOSELY","UNABLE TO DETERMINE","2424","S","HALSTED ST","913",,,,,,,"2","NO INDICATION OF INJURY","0","0","0","0","0","2","0","8","5","3","41.8484860045","-87.6466551651","POINT (-87.646655165075 41.848486004454)"
"b1f7d263ac491b86e2e65058d7a2b6f5853e14161bb57987c22b476e3d989f96d44306d2049694a966b81e041a2ce4303130294fcc3301d7f7c8c38e6b4253ea",,"2026-03-05T08:10:00.000","30","TRAFFIC SIGNAL","FUNCTIONING PROPERLY","RAIN","DAYLIGHT","REAR END","ONE-WAY",,"STRAIGHT AND LEVEL","WET","NO DEFECTS","NOT ON SCENE (DESK REPORT)","NO INJURY / DRIVE AWAY",,,,"OVER $1,500","2026-03-05T08:30:00.000","FOLLOWING TOO CLOSELY","FAILING TO REDUCE SPEED TO AVOID CRASH","5454","S","HOMAN AVE","822",,,,,,,"2","NO INDICATION OF INJURY","0","0","0","0","0","2","0","8","5","3","41.7936117646","-87.7086075018","POINT (-87.708607501798 41.793611764608)"
"b25133b7c5fd6bdf0303bedc2791914015c088354c28c9fb4962b038b09126d8343f89a5bc5442a987c853259fcc2633193499055704f1608edd532d0d9a1c02",,"2026-03-05T08:10:00.000","30","TRAFFIC SIGNAL","FUNCTIONING PROPERLY","RAIN","UNKNOWN","TURNING","Y-INTERSECTION",,"STRAIGHT AND LEVEL","WET","NO DEFECTS","ON SCENE","INJURY AND / OR TOW DUE TO CRASH","Y",,,"OVER $1,500","2026-03-05T08:13:00.000","UNABLE TO DETERMINE","UNABLE TO DETERMINE","1544","W","MADISON ST","1224",,,,,,,"2","NO INDICATION OF INJURY","0","0","0","0","0","2","0","8","5","3","41.8815710162","-87.6661218342","POINT (-87.666121834225 41.88157101621)"
"7a141ac533c57083737c19ef04fc483ef3ded95297e98889fd9788004621443e85f0370859a22a245cb3f73b966597c3361586266899ceb68b0f8be6fec3c1b9",,"2026-03-05T08:00:00.000","30","NO CONTROLS","NO CONTROLS","UNKNOWN","UNKNOWN","PARKED MOTOR VEHICLE","DIVIDED - W/MEDIAN BARRIER",,"STRAIGHT AND LEVEL","UNKNOWN","NO DEFECTS","NOT ON SCENE (DESK REPORT)","NO INJURY / DRIVE AWAY",,,"Y","OVER $1,500","2026-03-11T03:37:00.000","UNABLE TO DETERMINE","UNABLE TO DETERMINE","7812","S","HALSTED ST","621","Y",,,,,,"2","NO INDICATION OF INJURY","0","0","0","0","0","1","0","8","5","3","41.7520243452","-87.644225437","POINT (-87.644225437035 41.752024345215)"
"be77f29b86203a1c548dccd973cc8cc785a4e70e32d1f7a18a0a984100c2d6498d34d1b791b198b939b32183a244edb993e2ff6167060ccc824f9399e2227fa9",,"2026-03-05T08:00:00.000","30","NO CONTROLS","NO CONTROLS","RAIN","DAYLIGHT","SIDESWIPE SAME DIRECTION","NOT DIVIDED",,"STRAIGHT AND LEVEL","WET","NO DEFECTS","ON SCENE","NO INJURY / DRIVE AWAY",,,,"OVER $1,500","2026-03-05T08:01:00.000","UNABLE TO DETERMINE","UNABLE TO DETERMINE","9740","S","TORRENCE AVE","431",,,,,,,"2","NO INDICATION OF INJURY","0","0","0","0","0","2","0","8","5","3","41.7177596573","-87.5599557237","POINT (-87.559955723651 41.717759657325)"
"ae4e5230fc272192551d757a90796f6657f89e35ed2527a12bcbb33bd81638f00e4613bf99171d39824a8135a3261eafb86be5a088dda148781f7569590ea27a",,"2026-03-05T07:57:00.000","30","TRAFFIC SIGNAL","FUNCTIONING PROPERLY","RAIN","DAYLIGHT","ANGLE","FOUR WAY",,"STRAIGHT AND LEVEL","WET","NO DEFECTS","ON SCENE","INJURY AND / OR TOW DUE TO CRASH","Y",,,"OVER $1,500","2026-03-05T07:58:00.000","DISREGARDING TRAFFIC SIGNALS","NOT APPLICABLE","6300","S","WOOD ST","726",,,,,,,"2","NONINCAPACITATING INJURY","2","0","0","1","1","0","0","7","5","3","41.7793015253","-87.669233693","POINT (-87.669233692983 41.779301525282)"
"766b42fe91281e7a47178f8a137eb4df1efa0af271df143f5dbf430cd86a34954a4f7a180c3abcff37b8dd7a3a19559699d8fb4a303995aaa15b9ca339d26745",,"2026-03-05T07:51:00.000","30","NO CONTROLS","NO CONTROLS","RAIN","DAYLIGHT","PARKED MOTOR VEHICLE","DIVIDED - W/MEDIAN (NOT RAISED)",,"STRAIGHT AND LEVEL","WET","UNKNOWN","NOT ON SCENE (DESK REPORT)","NO INJURY / DRIVE AWAY",,,"Y","OVER $1,500","2026-03-05T08:20:00.000","IMPROPER LANE USAGE","NOT APPLICABLE","3004","N","PULASKI RD","2523",,,,,,,"2","NO INDICATION OF INJURY","0","0","0","0","0","1","0","7","5","3","41.9355854384","-87.7272309254","POINT (-87.727230925392 41.935585438429)"
"33d7244801b271133c8c232c5de031630857e2af368cd55259a15b0d7a06a49410aff56440bddc1d04d3122c659cf097a944dfafb5365551b973e0f5c0809b88",,"2026-03-05T07:50:00.000","30","TRAFFIC SIGNAL","FUNCTIONING PROPERLY","RAIN","DAYLIGHT","REAR END","NOT DIVIDED",,"STRAIGHT AND LEVEL","WET","NO DEFECTS","NOT ON SCENE (DESK REPORT)","NO INJURY / DRIVE AWAY",,,"Y","OVER $1,500","2026-03-05T09:30:00.000","UNABLE TO DETERMINE","NOT APPLICABLE","903","S","KEDZIE AVE","1134",,,,,,,"2","NO INDICATION OF INJURY","0","0","0","0","0","2","0","7","5","3","41.8699420696","-87.7056373097","POINT (-87.705637309665 41.869942069632)"
"56641b4189d2230595f5c28c75d327ba3ad33b3f1c33fcfb41d3666eca4db426501056d6c8cf91bdc4e873471e589178f8e9f2a2b90b94e7471b8ae04d4c2ee4",,"2026-03-05T07:45:00.000","30","NO CONTROLS","NO CONTROLS","CLEAR","DAYLIGHT","SIDESWIPE OPPOSITE DIRECTION","NOT DIVIDED",,"STRAIGHT AND LEVEL","WET","NO DEFECTS","NOT ON SCENE (DESK REPORT)","NO INJURY / DRIVE AWAY",,,"Y","$500 OR LESS","2026-03-05T08:05:00.000","UNABLE TO DETERMINE","NOT APPLICABLE","3810","W","LAKE ST","1122",,,,,,,"2","NO INDICATION OF INJURY","0","0","0","0","0","2","0","7","5","3","41.8853436062","-87.7214019691","POINT (-87.721401969094 41.885343606195)"
"7aed4a4f362fb5bf01afd1134161f8638e16ee4844f957baa15991aa4b241ab1cc92a7e63eea7fb159e7bbf4338352c4556285242684a16e2d501de76e7a0b45",,"2026-03-05T07:45:00.000","30","NO CONTROLS","NO CONTROLS","CLEAR","DAYLIGHT","REAR END","NOT DIVIDED",,"STRAIGHT AND LEVEL","DRY","NO DEFECTS","NOT ON SCENE (DESK REPORT)","NO INJURY / DRIVE AWAY",,,,"OVER $1,500","2026-03-05T13:25:00.000","FOLLOWING TOO CLOSELY","NOT APPLICABLE","4900","S","CICERO AVE","814",,,,,,,"2","NO INDICATION OF INJURY","0","0","0","0","0","2","0","7","5","3","41.8038771466","-87.7432043372","POINT (-87.743204337182 41.803877146599)"
"7acd7dc098656998a5023eddd69b1a993cb3cc202b8d5364c5471f5eed400deabf1558b0ef08539b27f48e207b59889aa1f28df1b201ac8449f414ab28f0f940",,"2026-03-05T07:40:00.000","25","NO CONTROLS","NO CONTROLS","RAIN","DAYLIGHT","REAR TO FRONT","NOT DIVIDED",,"STRAIGHT AND LEVEL","WET","NO DEFECTS","NOT ON SCENE (DESK REPORT)","NO INJURY / DRIVE AWAY",,,"Y","$501 - $1,500","2026-03-05T08:00:00.000","IMPROPER BACKING","UNABLE TO DETERMINE","3653","W","CULLOM AVE","1723",,,,,,,"2","NO INDICATION OF INJURY","0","0","0","0","0","2","0","7","5","3","41.9591118958","-87.7201279904","POINT (-87.720127990443 41.959111895824)"
"b353168a342eba5f988d342544ac627fa9d21880123dfd6dd3c46d9632ea6e2a436dddc31f19c68a222a1a0e4a3c31d2488abe6db9a75feea7d295eb0f3d77fc",,"2026-03-05T07:32:00.000","30","TRAFFIC SIGNAL","FUNCTIONING PROPERLY","RAIN","DAYLIGHT","TURNING","DIVIDED - W/MEDIAN (NOT RAISED)",,"STRAIGHT AND LEVEL","WET","NO DEFECTS","ON SCENE","NO INJURY / DRIVE AWAY",,,"Y","$501 - $1,500","2026-03-05T07:46:00.000","DRIVING SKILLS/KNOWLEDGE/EXPERIENCE","NOT APPLICABLE","3559","N","PULASKI RD","1732",,,,,,,"2","NO INDICATION OF INJURY","0","0","0","0","0","2","0","7","5","3","41.9463377886","-87.7272528952","POINT (-87.727252895249 41.946337788601)"
"67e34ad1ec8f5c46a3adb356b4592f62cbaf6a8476385def2cb4c01bed5ffc56670c6fbe8bd4d744363be6e63a87f0871ca18a468b9575bbaf92728e178c428e",,"2026-03-05T07:30:00.000","30","NO CONTROLS","NO CONTROLS","RAIN","DAYLIGHT","REAR END","FOUR WAY",,"STRAIGHT AND LEVEL","WET","NO DEFECTS","NOT ON SCENE (DESK REPORT)","NO INJURY / DRIVE AWAY","Y",,,"OVER $1,500","2026-03-05T09:30:00.000","UNABLE TO DETERMINE","UNABLE TO DETERMINE","511","S","CALIFORNIA AVE","1135",,,,,,,"2","NO INDICATION OF INJURY","0","0","0","0","0","4","0","7","5","3","41.8745328641","-87.6959711882","POINT (-87.695971188232 41.874532864088)"
"8178dbfea864ce8487d20ae1a9adcf2468a21f26f4a5f521587524f8fdb016e9a9116f5ae6e1e53fd0628a78178334a603c8bed817a8c424b525d30edadd47eb",,"2026-03-05T07:25:00.000","25","STOP SIGN/FLASHER","FUNCTIONING PROPERLY","RAIN","DAYLIGHT","TURNING","DIVIDED - W/MEDIAN (NOT RAISED)",,"STRAIGHT AND LEVEL","WET","UNKNOWN","ON SCENE","NO INJURY / DRIVE AWAY","Y",,"Y","$500 OR LESS","2026-03-05T07:27:00.000","FAILING TO YIELD RIGHT-OF-WAY","NOT APPLICABLE","3600","S","DAMEN AVE","912",,,,,,,"2","NO INDICATION OF INJURY","0","0","0","0","0","2","0","7","5","3","41.8284748965","-87.6753811585","POINT (-87.675381158462 41.828474896477)"