"crash_record_id","crash_date_est_i","crash_date","posted_speed_limit","traffic_control_device","device_condition","weather_condition","lighting_condition","first_crash_type","trafficway_type","lane_cnt","alignment","roadway_surface_cond","road_defect","report_type","crash_type","intersection_related_i","private_property_i","hit_and_run_i","damage","date_police_notified","prim_contributory_cause","sec_contributory_cause","street_no","street_direction","street_name","beat_of_occurrence","photos_taken_i","statements_taken_i","dooring_i","work_zone_i","work_zone_type","workers_present_i","num_units","most_severe_injury","injuries_total","injuries_fatal","injuries_incapacitating","injuries_non_incapacitating","injuries_reported_not_evident","injuries_no_indication","injuries_unknown","crash_hour","crash_day_of_week","crash_month","latitude","longitude","location"
"03144317819640075e43cafef71ff25281432d4d342fed17fffa4b4f6791eaee313598e6d8b78377ec04581ba488a4e46de2065db96b63addcddb00be753a5ba",,"2026-03-05T07:19:00.000","30","NO CONTROLS","NO CONTROLS","CLOUDY/OVERCAST","DAYLIGHT","REAR END","NOT DIVIDED",,"STRAIGHT AND LEVEL","WET","UNKNOWN","ON SCENE","INJURY AND / OR TOW DUE TO CRASH",,,,"OVER $1,500","2026-03-05T07:25:00.000","UNABLE TO DETERMINE","NOT APPLICABLE","6031","W","ADDISON ST","1633","Y","Y",,,,,"4","REPORTED, NOT EVIDENT","1","0","0","0","1","8","0","7","5","3","41.9456492633","-87.7777569775","POINT (-87.777756977474 41.945649263277)"
"7dd665fe78fd4a9a94ab49bb9ddbea591b7df5aebe404e4ca53d6e3bd4e608bc54bf633c9c0040bd9915beb41c7c26630f1be8276792d5177972e2f5207c8447",,"2026-03-05T07:15:00.000","30","NO CONTROLS","NO CONTROLS","RAIN","DAYLIGHT","SIDESWIPE SAME DIRECTION","DIVIDED - W/MEDIAN (NOT RAISED)",,"STRAIGHT AND LEVEL","WET","UNKNOWN","NOT ON SCENE (DESK REPORT)","NO INJURY / DRIVE AWAY",,,,"OVER $1,500","2026-03-05T07:40:00.000","UNABLE TO DETERMINE","UNABLE TO DETERMINE","2550","S","KOSTNER AVE","1013",,,,,,,"2","NO INDICATION OF INJURY","0","0","0","0","0","2","0","7","5","3","41.8444098727","-87.7344352657","POINT (-87.734435265718 41.844409872706)"
"d5162e5829585450903328dc3fefe03ba7458c3fa73aca94f06362655500d89a59a72a67da644d2f4036220d576a76d704c2b6f0ee596c899955b13287112d11",,"2026-03-05T07:15:00.000","30","NO CONTROLS","NO CONTROLS","RAIN","DAWN","SIDESWIPE SAME DIRECTION","DIVIDED - W/MEDIAN (NOT RAISED)",,"STRAIGHT AND LEVEL","WET","NO DEFECTS","ON SCENE","INJURY AND / OR TOW DUE TO CRASH",,,,"OVER $1,500","2026-03-05T07:19:00.000","IMPROPER LANE USAGE","NOT APPLICABLE","6030","N","SHERIDAN RD","2433",,,,,,,"2","NO INDICATION OF INJURY","0","0","0","0","0","2","0","7","5","3","41.991870574","-87.6555886975","POINT (-87.655588697476 41.991870574046)"
"fcb9f39dc074883e1744014b868b0e75067c3d7f2c42524b778fd80c4a4010225690b3bcf32f1586c808ab217c07b44f33005b3f1d42b4e147b1528c20d2fe72",,"2026-03-05T07:14:00.000","30","TRAFFIC SIGNAL","FUNCTIONING PROPERLY","RAIN","DAYLIGHT","ANGLE","FOUR WAY",,"STRAIGHT AND LEVEL","WET","UNKNOWN","ON SCENE","INJURY AND / OR TOW DUE TO CRASH",,,,"OVER $1,500","2026-03-05T07:49:00.000","UNABLE TO DETERMINE","UNABLE TO DETERMINE","4833","S","WESTERN BLVD","931",,,,,,,"2","NO INDICATION OF INJURY","0","0","0","0","0","2","0","7","5","3","41.8057360234","-87.6836402147","POINT (-87.683640214718 41.805736023397)"
"7cbc1ed33b8cb0af6e975c7d7d4ad20a0c8d4edd087bc146698c71a5f1481e93deef4e7172fc1b5ab0bcd3c0bb09efed99e7eaa3f407d9d5ee5c4ba507c112bc",,"2026-03-05T07:10:00.000","30","STOP SIGN/FLASHER","NO CONTROLS","RAIN","DAWN","REAR END","DIVIDED - W/MEDIAN BARRIER",,"STRAIGHT AND LEVEL","WET","NO DEFECTS","ON SCENE","NO INJURY / DRIVE AWAY",,,,"$501 - $1,500","2026-03-05T07:12:00.000","FOLLOWING TOO CLOSELY","WEATHER","1857","N","KEDZIE AVE","1421",,,,,,,"2","NO INDICATION OF INJURY","0","0","0","0","0","2","0","7","5","3","41.9154776504","-87.7067659611","POINT (-87.706765961082 41.915477650351)"
"8a65a8b4e040688df4987c37dfec3f9ec0c53feed845fc5dee9c0c333b2f9b627875c531c3345f893d2997150052efc3cb4b97dcaa3947217d2d94dde7c2c4c0",,"2026-03-05T07:00:00.000","25","NO CONTROLS","NO CONTROLS","CLOUDY/OVERCAST","DAWN","PARKED MOTOR VEHICLE","NOT DIVIDED",,"STRAIGHT AND LEVEL","WET","NO DEFECTS","NOT ON SCENE (DESK REPORT)","NO INJURY / DRIVE AWAY",,,,"OVER $1,500","2026-03-05T08:00:00.000","FAILING TO YIELD RIGHT-OF-WAY","NOT APPLICABLE","1618","N","AUSTIN AVE","2513",,,,,,,"2","NO INDICATION OF INJURY","0","0","0","0","0","2","0","7","5","3","41.9098068895","-87.7753918797","POINT (-87.77539187969 41.909806889487)"
"811fab27e30a03ff5b610f60786d558c1209f711f86169d3d525871618f75a125d52f6edd0c65b3362b167504b09831a614c1706da583f6e87c9ca0ccdd6b47a",,"2026-03-05T06:58:00.000","30","NO CONTROLS","NO CONTROLS","RAIN","DAYLIGHT","REAR TO FRONT","ONE-WAY",,"STRAIGHT AND LEVEL","WET","NO DEFECTS","ON SCENE","NO INJURY / DRIVE AWAY",,,,"OVER $1,500","2026-03-05T06:58:00.000","IMPROPER BACKING","DRIVING SKILLS/KNOWLEDGE/EXPERIENCE","460","W","MADISON ST","121",,,,,,,"2","NO INDICATION OF INJURY","0","0","0","0","0","2","0","6","5","3","41.8819934136","-87.639636251","POINT (-87.639636251001 41.881993413565)"
"e025589cfe0d0a551e0594d0f443f84cb2014885804a1790bef6aee83c1bb430f65f837fe3a4ce1863116c9816d295bc55e2483a319d2eacc3adc43e6907f4d2",,"2026-03-05T06:54:00.000","30","NO CONTROLS","NO CONTROLS","RAIN","DAYLIGHT","FIXED OBJECT","ONE-WAY",,"STRAIGHT AND LEVEL","WET","NO DEFECTS","ON SCENE","INJURY AND / OR TOW DUE TO CRASH",,,,"OVER $1,500","2026-03-05T06:54:00.000","DRIVING SKILLS/KNOWLEDGE/EXPERIENCE","NOT APPLICABLE","454","W","GARFIELD BLVD","935",,,,,,,"1","NONINCAPACITATING INJURY","1","0","0","1","0","0","0","6","5","3","41.7945487572","-87.6376104675","POINT (-87.637610467543 41.794548757177)"
"fb172495d2403b4228ae2bc223fd46b56a8e2fbc33235a8c466cc7065be51dd452da5061a27a39c40f7b14f2ab831df4dab31bb4a08c619902384c57136cdc73",,"2026-03-05T06:54:00.000","30","NO CONTROLS","NO CONTROLS","RAIN","DAYLIGHT","SIDESWIPE SAME DIRECTION","NOT DIVIDED",,"STRAIGHT AND LEVEL","WET","NO DEFECTS","ON SCENE","NO INJURY / DRIVE AWAY",,,,"OVER $1,500","2026-03-05T06:54:00.000","IMPROPER OVERTAKING/PASSING","NOT APPLICABLE","4751","N","PULASKI RD","1723",,,,,,,"2","NO INDICATION OF INJURY","0","0","0","0","0","2","0","6","5","3","41.9679471115","-87.7278713646","POINT (-87.727871364558 41.96794711153)"
"3044296e8ad69efd08ff91ec788a2fbb94b96aef070942c8431ad5166410d65505dac6dffcf023f0ccaf9210acbbd3433ef15d4b7ffcd7cef7fd16368c2c4109",,"2026-03-05T06:00:00.000","30","TRAFFIC SIGNAL","FUNCTIONING PROPERLY","UNKNOWN","DAYLIGHT","REAR END","DIVIDED - W/MEDIAN (NOT RAISED)",,"STRAIGHT AND LEVEL","UNKNOWN","UNKNOWN","NOT ON SCENE (DESK REPORT)","NO INJURY / DRIVE AWAY",,,,"$500 OR LESS","2026-03-07T05:10:00.000","FOLLOWING TOO CLOSELY","UNABLE TO DETERMINE","643","W","18TH ST","1235",,,,,,,"2","NO INDICATION OF INJURY","0","0","0","0","0","2","0","6","5","3","41.8574839144","-87.6435698358","POINT (-87.643569835771 41.857483914386)"
"ae5390debfe33b7ee53801ba4ff45a60f47281525dcaccd08e862f85952f2d9e24ddead6dffdbff2290a686950922a8ef7a93706bcc824a4b81e99a99abf2a8d",,"2026-03-05T06:00:00.000","30","TRAFFIC SIGNAL","FUNCTIONING PROPERLY","FOG/SMOKE/HAZE","DAWN","FIXED OBJECT","FOUR WAY",,"STRAIGHT AND LEVEL","WET","NO DEFECTS","ON SCENE","INJURY AND / OR TOW DUE TO CRASH","Y",,,"OVER $1,500","2026-03-05T06:05:00.000","UNABLE TO DETERMINE","UNABLE TO DETERMINE","1630","W","119TH ST","2234",,,,,,,"1","NO INDICATION OF INJURY","0","0","0","0","0","1","0","6","5","3","41.6776306491","-87.6624507112","POINT (-87.662450711185 41.677630649115)"
"2d42065d18f5a5384ea725f05bfa5e02ca5c643f53c6eb9b44479ee66f99f5c4c849bb99e079a22c9c18c14b89cccb4e8604e9824636c7292ceedb0573a3f1a7","Y","2026-03-05T05:21:00.000","30","NO CONTROLS","NO CONTROLS","FOG/SMOKE/HAZE","DARKNESS","PARKED MOTOR VEHICLE","NOT DIVIDED",,"STRAIGHT AND LEVEL","WET","UNKNOWN","ON SCENE","INJURY AND / OR TOW DUE TO CRASH",,,"Y","$501 - $1,500","2026-03-05T05:21:00.000","UNABLE TO DETERMINE","UNABLE TO DETERMINE","698","W","120TH ST","524",,,,,,,"2","NO INDICATION OF INJURY","0","0","0","0","0","1","0","5","5","3","41.6761316182","-87.6393860992","POINT (-87.639386099221 41.67613161821)"
"91a171d5bef0d996b4cceed5853937bf4b8c09ffc408e03a444c68d6ac98783ecdd0bbfe7d07eb2e0320ee48247df07223da482a6ecc8cb006398ff80103ea80",,"2026-03-05T05:13:00.000","30","NO CONTROLS","NO CONTROLS","FOG/SMOKE/HAZE","DUSK","TURNING","NOT DIVIDED",,"STRAIGHT AND LEVEL","WET","NO DEFECTS","ON SCENE","NO INJURY / DRIVE AWAY",,,,"$501 - $1,500","2026-03-05T05:18:00.000","IMPROPER OVERTAKING/PASSING","FAILING TO YIELD RIGHT-OF-WAY","12200","S","TORRENCE AVE","434",,,,,,,"2","NO INDICATION OF INJURY","0","0","0","0","0","2","0","5","5","3","41.6736789862","-87.5593986073","POINT (-87.559398607312 41.673678986233)"
"3db5331a0de836d144f4cf6a29dddd4bb98c4451e533b9d3f866d3b1a29e0188b72c45d36c817334f8bad7c807b990368cf62e373ab9c64eba0d9e73a960ba47",,"2026-03-05T05:04:00.000","30","NO CONTROLS","NO CONTROLS","FOG/SMOKE/HAZE","DARKNESS, LIGHTED ROAD","FIXED OBJECT","DIVIDED - W/MEDIAN (NOT RAISED)",,"STRAIGHT AND LEVEL","WET","UNKNOWN","ON SCENE","NO INJURY / DRIVE AWAY",,"Y","Y","OVER $1,500","2026-03-05T05:04:00.000","UNABLE TO DETERMINE","NOT APPLICABLE","4835","W","55TH ST","813",,,,,,,"1","NO INDICATION OF INJURY","0","0","0","0","0","1","0","5","5","3","41.7928989154","-87.7441966339","POINT (-87.744196633901 41.792898915395)"
"f320803f7dc890ea4ed1d407aa3fe3a731bcaa2cb661a79f60fc2920a66f8357cdc020f4762f3a97a8e2cc0daf6598d3e823928495b638f67291eabe08b0b947",,"2026-03-05T05:00:00.000","40","TRAFFIC SIGNAL","FUNCTIONING PROPERLY","FOG/SMOKE/HAZE","DARKNESS, LIGHTED ROAD","TURNING","DIVIDED - W/MEDIAN BARRIER",,"STRAIGHT AND LEVEL","WET","UNKNOWN","ON SCENE","INJURY AND / OR TOW DUE TO CRASH","Y",,,"OVER $1,500","2026-03-05T05:02:00.000","UNABLE TO DETERMINE","UNABLE TO DETERMINE","6300","S","COAST GUARD DR","331",,,,,,,"2","REPORTED, NOT EVIDENT","1","0","0","0","1","1","0","5","5","3","41.7796807607","-87.575066734","POINT (-87.575066733953 41.77968076067)"
"c97e28f8c2c5897dfcf96e14ab1f580fd1668ab2b22066ec2072ab5705f297d850ddc6195cf512fea77cfa1b8d1e99ecbbdec7cd236fe01fead2afe9491e01c9",,"2026-03-05T04:30:00.000","20","NO CONTROLS","NO CONTROLS","RAIN","DARKNESS, LIGHTED ROAD","PARKED MOTOR VEHICLE","NOT DIVIDED",,"STRAIGHT AND LEVEL","WET","NO DEFECTS","NOT ON SCENE (DESK REPORT)","NO INJURY / DRIVE AWAY",,,"Y","OVER $1,500","2026-03-05T12:15:00.000","UNABLE TO DETERMINE","UNABLE TO DETERMINE","3246","W","110TH ST","2211",,,,,,,"2","NO INDICATION OF INJURY","0","0","0","0","0","1","0","4","5","3","41.6934772713","-87.7027270178","POINT (-87.702727017798 41.69347727128)"
"b9f8ab119c4f44ef366961768c63d5523796cf9ecfb43c120e5896dfedcf69f8e6c1bd0d01d7110acb7c7f75c6b208bbaeb5f600a251ab7110430c526c66b2f6",,"2026-03-05T03:41:00.000","25","NO CONTROLS","UNKNOWN","RAIN","DARKNESS, LIGHTED ROAD","SIDESWIPE SAME DIRECTION","ONE-WAY",,"STRAIGHT AND LEVEL","WET","UNKNOWN","ON SCENE","NO INJURY / DRIVE AWAY",,,"Y","$501 - $1,500","2026-03-05T03:42:00.000","IMPROPER OVERTAKING/PASSING","NOT APPLICABLE","1121","S","RICHMOND ST","1135",,,,,,,"2","NO INDICATION OF INJURY","0","0","0","0","0","2","0","3","5","3","41.8676188044","-87.6994538244","POINT (-87.69945382436 41.867618804358)"
"6ee3dc0fd6ed201d0fc597e4ba9e56308f08ac38a6107e8aa014bb8cc9613875f279532feb3a8a0e00db929ee5bcca0b3704209fbda9be1225078ebbda6d8495",,"2026-03-05T03:25:00.000","30","NO CONTROLS","NO CONTROLS","CLEAR","DARKNESS, LIGHTED ROAD","TURNING","NOT DIVIDED",,"STRAIGHT AND LEVEL","DRY","NO DEFECTS","NOT ON SCENE (DESK REPORT)","NO INJURY / DRIVE AWAY",,,"Y","OVER $1,500","2026-03-05T17:16:00.000","IMPROPER TURNING/NO SIGNAL","UNABLE TO DETERMINE","1320","N","CENTRAL AVE","2531",,,,,,,"2","NO INDICATION OF INJURY","0","0","0","0","0","2","0","3","5","3","41.9045343618","-87.7658882981","POINT (-87.765888298069 41.904534361757)"
"df026d15b72a82d9e6b3568ca2f750ab222c4f12cda46085ea72f2ad130d56576cd6eac9e802817c7ea2d168307d5849a01aae4be4d4dc5062839379ed5425c0",,"2026-03-05T03:00:00.000","25","NO CONTROLS","NO CONTROLS","FOG/SMOKE/HAZE","DARKNESS, LIGHTED ROAD","PARKED MOTOR VEHICLE","NOT DIVIDED",,"STRAIGHT AND LEVEL","WET","NO DEFECTS","NOT ON SCENE (DESK REPORT)","NO INJURY / DRIVE AWAY",,,"Y","OVER $1,500","2026-03-06T10:50:00.000","UNABLE TO DETERMINE","NOT APPLICABLE","6743","N","SHERIDAN RD","2432",,,,,,,"2","NO INDICATION OF INJURY","0","0","0","0","0","1","0","3","5","3","42.0047854195","-87.660711198","POINT (-87.660711198025 42.004785419498)"
"5e9d8bdd6dd97ebcc76b117b665bd8da9c45e96261879ac2b4adc25c7c0d3eb86a32e2e1cfd400c7282e20e12c49f90b8afdeefc88aab76bd06c7dea61d11030","Y","2026-03-05T02:35:00.000","30","UNKNOWN","NO CONTROLS","FOG/SMOKE/HAZE","DARKNESS, LIGHTED ROAD","FIXED OBJECT","DIVIDED - W/MEDIAN BARRIER",,"STRAIGHT AND LEVEL","WET","UNKNOWN","ON SCENE","INJURY AND / OR TOW DUE TO CRASH",,,,"OVER $1,500","2026-03-05T02:47:00.000","WEATHER","DRIVING SKILLS/KNOWLEDGE/EXPERIENCE","999","N","LAKE SHORE DR SB","1833",,,,,,,"1","NO INDICATION OF INJURY","0","0","0","0","0","2","0","2","5","3","41.9009476671","-87.6193351759","POINT (-87.619335175935 41.900947667149)"
"835bc5f3f44176e99409c8bbfc77727b37b7ef4b432c2449d0358ef015064d502e1d842010ed903c7c1768add1b3a3286978126f0f1a01c8cf3e8bb4accbfe87",,"2026-03-05T02:00:00.000","45","NO CONTROLS","NO CONTROLS","FOG/SMOKE/HAZE","DARKNESS, LIGHTED ROAD","SIDESWIPE SAME DIRECTION","DIVIDED - W/MEDIAN BARRIER",,"STRAIGHT AND LEVEL","WET","NO DEFECTS","NOT ON SCENE (DESK REPORT)","NO INJURY / DRIVE AWAY",,,"Y","OVER $1,500","2026-03-06T19:45:00.000","IMPROPER OVERTAKING/PASSING","NOT APPLICABLE","751","N","LAKE SHORE DR","1833",,,,,,,"2","NO INDICATION OF INJURY","0","0","0","0","0","2","0","2","5","3","41.8965271824","-87.6166729968","POINT (-87.616672996801 41.896527182418)"
"d3b9224302b52ef1f692ffee5697ba64a05070000855359c482fc996505f1123f7b7688125c99892adececcacd2e228b1b8a6e432415b2d45034a6da7693937e",,"2026-03-05T01:54:00.000","30","NO CONTROLS","NO CONTROLS","FOG/SMOKE/HAZE","DARKNESS, LIGHTED ROAD","FIXED OBJECT","DIVIDED - W/MEDIAN BARRIER",,"STRAIGHT AND LEVEL","WET","NO DEFECTS","ON SCENE","INJURY AND / OR TOW DUE TO CRASH","Y",,,"OVER $1,500","2026-03-05T01:54:00.000","UNABLE TO DETERMINE","NOT APPLICABLE","6511","N","SHERIDAN RD","2432",,,,,,,"1","REPORTED, NOT EVIDENT","1","0","0","0","1","0","0","1","5","3","42.0005516602","-87.6605694665","POINT (-87.660569466513 42.000551660155)"
"b16c0fe4dfd543e515cf99b14ec8493caa7aa7b5082d57b8aa8b0320c700025300e828a4123cb74ad6d5a1d69ad46f3fe46551b04038f599e606ff8c4d7d6eea",,"2026-03-05T01:49:00.000","30","NO CONTROLS","NO CONTROLS","FOG/SMOKE/HAZE","DARKNESS","TURNING","NOT DIVIDED",,"STRAIGHT AND LEVEL","OTHER","NO DEFECTS","ON SCENE","NO INJURY / DRIVE AWAY",,,,"OVER $1,500","2026-03-05T01:50:00.000","IMPROPER TURNING/NO SIGNAL","NOT APPLICABLE","169","E","63RD ST","312",,,,,,,"2","NO INDICATION OF INJURY","0","0","0","0","0","2","0","1","5","3","41.7799779765","-87.6205379636","POINT (-87.620537963594 41.779977976508)"
"03deaaff5e40638564f41fdaa0707108d74318a080011e9826ce7d1f0f1a03f958460a4f2dc870d9b41047e3d8f5ae9e52eb1d228af401d36ab76e6fe1748645","Y","2026-03-05T01:00:00.000","30","NO CONTROLS","NO CONTROLS","RAIN","DARKNESS, LIGHTED ROAD","PARKED MOTOR VEHICLE","T-INTERSECTION",,"STRAIGHT AND LEVEL","WET","UNKNOWN","NOT ON SCENE (DESK REPORT)","NO INJURY / DRIVE AWAY",,,"Y","OVER $1,500","2026-03-05T08:00:00.000","UNABLE TO DETERMINE","NOT APPLICABLE","1955","N","ST LOUIS AVE","1422",,,,,,,"2","NO INDICATION OF INJURY","0","0","0","0","0","1","0","1","5","3","41.9172552391","-87.7133892335","POINT (-87.713389233454 41.917255239137)"
"61c28455473609167c9aea493580cabcda0c78ce01fa5748d6794e3e7b01ec88dbb76b3ece502bd200cb12bed1a4c9c9c0bc513d5ac7aff70262363def3206c5",,"2026-03-05T00:54:00.000","30","UNKNOWN","UNKNOWN","UNKNOWN","UNKNOWN","PARKED MOTOR VEHICLE","ONE-WAY",,"STRAIGHT AND LEVEL","UNKNOWN","UNKNOWN","NOT ON SCENE (DESK REPORT)","NO INJURY / DRIVE AWAY",,,,"OVER $1,500","2026-03-05T15:05:00.000","UNABLE TO DETERMINE","UNABLE TO DETERMINE","4621","N","WINTHROP AVE","1914",,,,,,,"2","NO INDICATION OF INJURY","0","0","0","0","0","1","0","0","5","3","41.9660887135","-87.6567871485","POINT (-87.656787148468 41.966088713507)"
"256b66de0863faedfc68bf253121184f709ea9ed4f7dff2cabfecc8929c99bb55486af6d6a7d2a02462764099a602f37ef5553350898442e7b18540f2338ba35",,"2026-03-05T00:40:00.000","30","TRAFFIC SIGNAL","FUNCTIONING PROPERLY","FOG/SMOKE/HAZE","DARKNESS, LIGHTED ROAD","TURNING","FOUR WAY",,"STRAIGHT AND LEVEL","WET","UNKNOWN","NOT ON SCENE (DESK REPORT)","NO INJURY / DRIVE AWAY",,,,"$501 - $1,500","2026-03-05T01:30:00.000","UNABLE TO DETERMINE","UNABLE TO DETERMINE","1062","W","CHICAGO AVE","1213",,,,,,,"2","NO INDICATION OF INJURY","0","0","0","0","0","2","0","0","5","3","41.8963821859","-87.6550673266","POINT (-87.655067326612 41.896382185909)"
"42aa64d4c61e76e81ba01c9c5db4a05c98f01e86981ef9a468f17575d664bd0bf1cf4b9f75ce834b9163199b6f741ae4396471d3eede2271b6913db1068b5348",,"2026-03-05T00:33:00.000","30","TRAFFIC SIGNAL","FUNCTIONING PROPERLY","FOG/SMOKE/HAZE","DARKNESS, LIGHTED ROAD","REAR TO SIDE","FOUR WAY",,"STRAIGHT AND LEVEL","WET","NO DEFECTS","ON SCENE","NO INJURY / DRIVE AWAY","Y",,,"OVER $1,500","2026-03-05T00:35:00.000","DISREGARDING TRAFFIC SIGNALS","NOT APPLICABLE","2201","W","HOWARD ST","2411",,"Y",,,,,"2","NO INDICATION OF INJURY","0","0","0","0","0","3","0","0","5","3","42.0193759176","-87.6847477954","POINT (-87.684747795441 42.019375917635)"
"51d32f6a8711cb88de1feda237108a8476a761b9f3de7f0d7fa17b078f0e5a95f8e5e51b6b8c07b709e72791001c455379ce85a4e61d32936b84d388df4656ce",,"2026-03-05T00:15:00.000","30","TRAFFIC SIGNAL","FUNCTIONING PROPERLY","FOG/SMOKE/HAZE","DARKNESS","PARKED MOTOR VEHICLE","DIVIDED - W/MEDIAN (NOT RAISED)",,"STRAIGHT AND LEVEL","WET","NO DEFECTS","ON SCENE","INJURY AND / OR TOW DUE TO CRASH",,,,"OVER $1,500","2026-03-05T00:15:00.000","WEATHER","UNABLE TO DETERMINE","375","E","47TH ST","224",,,,,,,"3","NO INDICATION OF INJURY","0","0","0","0","0","3","0","0","5","3","41.8092741496","-87.6165984424","POINT (-87.616598442402 41.809274149635)"
"e09e0e863114658a22b322a6834834319b65f6c94ef78c3ab11e440e5fb6e9a5fb0fe392c191f1bda7fed88cf10f6d1456aa02397346e3e43df4f6d8d69c30b6",,"2026-03-05T00:15:00.000","35","STOP SIGN/FLASHER","FUNCTIONING PROPERLY","CLEAR","DARKNESS, LIGHTED ROAD","TURNING","DIVIDED - W/MEDIAN (NOT RAISED)",,"STRAIGHT AND LEVEL","UNKNOWN","UNKNOWN","NOT ON SCENE (DESK REPORT)","NO INJURY / DRIVE AWAY",,,,"$501 - $1,500","2026-03-05T01:00:00.000","UNABLE TO DETERMINE","UNABLE TO DETERMINE","7231","W","BELMONT AVE","2511",,,,,,,"2","NO INDICATION OF INJURY","0","0","0","0","0","2","0","0","5","3","41.9378797545","-87.8078995076","POINT (-87.807899507608 41.937879754499)"
"1e7f704928def4ed85c103ca3291677a258ebc35d60ef9d00b0c16e803947313a0a741abe00403ca6b4faa28d99e3c71af6cae606c91c2ae4624de35a87039c9",,"2026-03-04T23:39:00.000","20","NO CONTROLS","NO CONTROLS","FOG/SMOKE/HAZE","DARKNESS, LIGHTED ROAD","PARKED MOTOR VEHICLE","NOT DIVIDED",,"STRAIGHT AND LEVEL","WET","UNKNOWN","ON SCENE","NO INJURY / DRIVE AWAY",,,,"OVER $1,500","2026-03-04T23:39:00.000","FOLLOWING TOO CLOSELY","UNABLE TO DETERMINE","1503","W","LE MOYNE ST","1433",,,,,,,"2","NO INDICATION OF INJURY","0","0","0","0","0","1","0","23","4","3","41.9087326557","-87.6653528897","POINT (-87.665352889667 41.908732655682)"
"23c46bd86f88db063c50da59fdb015d35acb5dd664dae12021f6c3935904df4bcc4a39e0d321c2977d9a46ecdffeae42441d168e7e20eb0e75705e3e1277c9e4",,"2026-03-04T23:35:00.000","30","TRAFFIC SIGNAL","FUNCTIONING PROPERLY","FOG/SMOKE/HAZE","DARKNESS, LIGHTED ROAD","ANGLE","DIVIDED - W/MEDIAN (NOT RAISED)",,"STRAIGHT AND LEVEL","WET","NO DEFECTS","ON SCENE","INJURY AND / OR TOW DUE TO CRASH","Y",,,"OVER $1,500","2026-03-04T23:45:00.000","DISREGARDING TRAFFIC SIGNALS","UNABLE TO DETERMINE","2598","W","47TH ST","922",,,,,,,"2","NONINCAPACITATING INJURY","1","0","0","1","0","2","0","23","4","3","41.808470688","-87.689265971","POINT (-87.68926597098 41.808470688032)"
"604cbe7c0b0877922e05a247b836354bd8d6ea1af28094e82c5a81f7a1213cec002255ee992c01d139c60fa84fe3e7c6bad503f115a9316af910344cd0f3aac9",,"2026-03-04T23:30:00.000","30","TRAFFIC SIGNAL","FUNCTIONING PROPERLY","CLEAR","DARKNESS, LIGHTED ROAD","SIDESWIPE SAME DIRECTION","DIVIDED - W/MEDIAN (NOT RAISED)",,"STRAIGHT AND LEVEL","WET","NO DEFECTS","NOT ON SCENE (DESK REPORT)","NO INJURY / DRIVE AWAY",,,,"$501 - $1,500","2026-03-05T00:26:00.000","UNABLE TO DETERMINE","NOT APPLICABLE","171","W","RANDOLPH ST","122",,,,,,,"2","NO INDICATION OF INJURY","0","0","0","0","0","2","0","23","4","3","41.8843618775","-87.6331645376","POINT (-87.633164537609 41.884361877482)"
"6b3c780cd47d0138cafacd6f96b767e0fb172e122dfc6609ac3d1f0f39823397e0469f513c7a3089016b763dbee1306f43d3d8eed901186e36b61cc07f2e70a1",,"2026-03-04T23:25:00.000","40","NO CONTROLS","NO CONTROLS","FOG/SMOKE/HAZE","DARKNESS, LIGHTED ROAD","FIXED OBJECT","ONE-WAY",,"STRAIGHT AND LEVEL","WET","NO DEFECTS","ON SCENE","INJURY AND / OR TOW DUE TO CRASH",,,"Y","OVER $1,500","2026-03-04T23:26:00.000","NOT APPLICABLE","WEATHER","1150","N","LAKE SHORE DR NB","1824",,,,,,,"1",,,,,,,,,"23","4","3","41.9039027406","-87.6247535206","POINT (-87.62475352064 41.903902740571)"
"fcb82a6998e33794b21e61a91a46582955c016d03b743c3cbc71fb7218aa399e3cdbed525eb2519417bf03131a28796c2e93f4405e82395e81b81f6c2d244839",,"2026-03-04T23:10:00.000","30","TRAFFIC SIGNAL","FUNCTIONING PROPERLY","FOG/SMOKE/HAZE","DARKNESS, LIGHTED ROAD","TURNING","FOUR WAY",,"STRAIGHT AND LEVEL","UNKNOWN","UNKNOWN","NOT ON SCENE (DESK REPORT)","NO INJURY / DRIVE AWAY","Y",,,"$501 - $1,500","2026-03-04T23:35:00.000","UNABLE TO DETERMINE","UNABLE TO DETERMINE","200","W","RANDOLPH ST","122",,,,,,,"2","NO INDICATION OF INJURY","0","0","0","0","0","2","0","23","4","3","41.8845790459","-87.633969721","POINT (-87.633969720953 41.884579045949)"
"306537439fb72c77eef3a3a0fc4396ee7d0d52a5ff489b1841cff2d37eefdf7ea36afdfd5d97a68d0d0f3731cab3fc8acdf8c1d266342863f059fbfb60fcb209","Y","2026-03-04T23:00:00.000","30","NO CONTROLS","NO CONTROLS","RAIN","DARKNESS, LIGHTED ROAD","PARKED MOTOR VEHICLE","NOT DIVIDED",,"STRAIGHT AND LEVEL","WET","NO DEFECTS","NOT ON SCENE (DESK REPORT)","INJURY AND / OR TOW DUE TO CRASH",,,"Y","OVER $1,500","2026-03-05T08:15:00.000","UNABLE TO DETERMINE","UNABLE TO DETERMINE","7140","S","RACINE AVE","734",,,,,,,"2","NO INDICATION OF INJURY","0","0","0","0","0","1","0","23","4","3","41.7638471797","-87.6542286528","POINT (-87.654228652823 41.763847179731)"