"crash_record_id","crash_date_est_i","crash_date","posted_speed_limit","traffic_control_device","device_condition","weather_condition","lighting_condition","first_crash_type","trafficway_type","lane_cnt","alignment","roadway_surface_cond","road_defect","report_type","crash_type","intersection_related_i","private_property_i","hit_and_run_i","damage","date_police_notified","prim_contributory_cause","sec_contributory_cause","street_no","street_direction","street_name","beat_of_occurrence","photos_taken_i","statements_taken_i","dooring_i","work_zone_i","work_zone_type","workers_present_i","num_units","most_severe_injury","injuries_total","injuries_fatal","injuries_incapacitating","injuries_non_incapacitating","injuries_reported_not_evident","injuries_no_indication","injuries_unknown","crash_hour","crash_day_of_week","crash_month","latitude","longitude","location"
"0c7e9b619f07b516f184c5ce75390bf5dfdf9ce58da583fb0182878cccd90c0a2b88ef501c435994653800d6365edf311b6ee1e026d79b7bed93fc898c9eccff",,"2026-03-04T22:48:00.000","30","UNKNOWN","UNKNOWN","RAIN","DARKNESS","PARKED MOTOR VEHICLE","NOT DIVIDED",,"STRAIGHT AND LEVEL","WET","NO DEFECTS","ON SCENE","NO INJURY / DRIVE AWAY",,,"Y","$500 OR LESS","2026-03-04T22:48:00.000","IMPROPER BACKING","UNABLE TO DETERMINE","929","S","LAFLIN ST","1231",,"N",,,,,"3","NO INDICATION OF INJURY","0","0","0","0","0","3","0","22","4","3","41.869644726","-87.6639379564","POINT (-87.663937956384 41.869644725955)"
"9016da82fbd765236e6cc427bb96a9e1c5345995a9d1c7e19ad7954e69ea860b8a3ee44f3b75c3d509245f1def03e67735cc259c8b0a21abb95ea11a53172aec",,"2026-03-04T22:30:00.000","30","NO CONTROLS","NO CONTROLS","RAIN","DARKNESS, LIGHTED ROAD","PARKED MOTOR VEHICLE","ONE-WAY",,"STRAIGHT AND LEVEL","WET","UNKNOWN","NOT ON SCENE (DESK REPORT)","NO INJURY / DRIVE AWAY",,,"Y","OVER $1,500","2026-03-04T22:50:00.000","UNABLE TO DETERMINE","UNABLE TO DETERMINE","3920","W","LELAND AVE","1723",,,,,,,"2","NO INDICATION OF INJURY","0","0","0","0","0","1","0","22","4","3","41.9665447662","-87.7264455865","POINT (-87.726445586529 41.966544766188)"
"fed993b8048cf3fc6d64f2d4f6089b31f66519d9ff276bf74dd733f5ca1ac4de2aee8e4eaea4d8eff5d57c983b1874c025b16d093ac214c87b158cb3591866ba",,"2026-03-04T22:25:00.000","30","UNKNOWN","UNKNOWN","CLEAR","DARKNESS","ANGLE","UNKNOWN",,"STRAIGHT AND LEVEL","DRY","UNKNOWN","NOT ON SCENE (DESK REPORT)","NO INJURY / DRIVE AWAY",,"Y",,"OVER $1,500","2026-03-06T15:00:00.000","UNABLE TO DETERMINE","UNABLE TO DETERMINE","7900","S","STONY ISLAND AVE","411",,,,,,,"2","NO INDICATION OF INJURY","0","0","0","0","0","2","0","22","4","3","41.7514606032","-87.585971993","POINT (-87.585971992965 41.751460603167)"
"5139c0195e630934fe86e331ad1aa8cadf32b65d2a822b713ef6453ede483a418a1202cf6c7c079ae102ba6b1625f1fd6fa7366f71d60cb9d2b65f02df8e2111",,"2026-03-04T22:20:00.000","25","STOP SIGN/FLASHER","UNKNOWN","FOG/SMOKE/HAZE","UNKNOWN","PEDESTRIAN","FOUR WAY",,"STRAIGHT AND LEVEL","WET","UNKNOWN","ON SCENE","INJURY AND / OR TOW DUE TO CRASH","Y",,"Y","OVER $1,500","2026-03-05T02:55:00.000","FAILING TO YIELD RIGHT-OF-WAY","DISREGARDING STOP SIGN","1433","E","53RD ST","234",,,"N",,,,"2","REPORTED, NOT EVIDENT","1","0","0","0","1","1","0","22","4","3","41.799416619","-87.5905023607","POINT (-87.590502360655 41.799416619)"
"14681d0e3184494186280d8106bff0a88f7f189afa4f8373794ffec9f54b233e49a8da2d2748174dee155d4494d9a5f39a256cc841c4d0e6168a4c858bc09838",,"2026-03-04T22:16:00.000","30","STOP SIGN/FLASHER","FUNCTIONING PROPERLY","CLEAR","DARKNESS, LIGHTED ROAD","ANGLE","FOUR WAY",,"STRAIGHT AND LEVEL","DRY","NO DEFECTS","NOT ON SCENE (DESK REPORT)","NO INJURY / DRIVE AWAY",,,,"OVER $1,500","2026-03-04T23:30:00.000","FAILING TO YIELD RIGHT-OF-WAY","NOT APPLICABLE","6101","W","DIVERSEY AVE","2512",,,,,,,"2","NO INDICATION OF INJURY","0","0","0","0","0","2","0","22","4","3","41.9309946347","-87.7784517165","POINT (-87.77845171654 41.930994634691)"
"f6a9324aae23894d70123d923d009c1c140ea66ead53bb454f914d52ffd6d86c03c033c4dfd58688463afe5d00f02f2136197b1f819ff04bd48fcfeeacbc0ef6","Y","2026-03-04T21:47:00.000","30","TRAFFIC SIGNAL","FUNCTIONING PROPERLY","FOG/SMOKE/HAZE","DARKNESS, LIGHTED ROAD","TURNING","DIVIDED - W/MEDIAN (NOT RAISED)",,"STRAIGHT AND LEVEL","WET","NO DEFECTS","ON SCENE","INJURY AND / OR TOW DUE TO CRASH","Y",,,"OVER $1,500","2026-03-04T22:52:00.000","IMPROPER TURNING/NO SIGNAL","IMPROPER TURNING/NO SIGNAL","2400","W","48TH ST","922",,,,,,,"2","NO INDICATION OF INJURY","0","0","0","0","0","2","0","21","4","3","41.8067220918","-87.6844987212","POINT (-87.684498721228 41.806722091818)"
"14e376649a99e5845d25af4393d1ee88474717bd525d8bc1350c6eb62ba14d3f7fd347883bcca774255fcd1a662a784ef849e0dece91b39a18bb9a92f43c08cb",,"2026-03-04T21:37:00.000","45","NO CONTROLS","NO CONTROLS","FOG/SMOKE/HAZE","DARKNESS, LIGHTED ROAD","REAR END","DIVIDED - W/MEDIAN BARRIER",,"STRAIGHT AND LEVEL","WET","NO DEFECTS","ON SCENE","INJURY AND / OR TOW DUE TO CRASH",,,,"OVER $1,500","2026-03-04T21:39:00.000","UNABLE TO DETERMINE","UNABLE TO DETERMINE","2827","N","LAKE SHORE DR","1934",,,,,,,"3","NONINCAPACITATING INJURY","2","0","0","1","1","3","0","21","4","3","41.9337821441","-87.6362058228","POINT (-87.636205822847 41.933782144126)"
"2d98f9a061658aba20f8006a28853f645f6b74a1f0ef2061ff8f048356c2631d63bab0aadca0c7a56c9359c225251b196e08af25836c3425d183d55515a71fd0",,"2026-03-04T21:30:00.000","35","UNKNOWN","UNKNOWN","RAIN","DARKNESS","REAR END","FOUR WAY",,"STRAIGHT AND LEVEL","WET","NO DEFECTS","NOT ON SCENE (DESK REPORT)","INJURY AND / OR TOW DUE TO CRASH",,,,"OVER $1,500","2026-03-04T22:34:00.000","FAILING TO REDUCE SPEED TO AVOID CRASH","NOT APPLICABLE","1955","S","CANALPORT AVE","1235",,,,,,,"2","NO INDICATION OF INJURY","0","0","0","0","0","2","0","21","4","3","41.8558184492","-87.6436569319","POINT (-87.643656931931 41.855818449182)"
"ad51951c753b28e13abe7ba74901c450d01c42494f41073d626d1958e5967a56d57ecf4e4c13fd0ac3938838447deaecbb2f51a2e654d14b2fec4987a10d3f82","Y","2026-03-04T21:30:00.000","15","NO CONTROLS","NO CONTROLS","CLEAR","DAYLIGHT","PARKED MOTOR VEHICLE","OTHER",,"STRAIGHT AND LEVEL","DRY","UNKNOWN","NOT ON SCENE (DESK REPORT)","NO INJURY / DRIVE AWAY",,,"Y","OVER $1,500","2026-03-05T13:20:00.000","UNABLE TO DETERMINE","NOT APPLICABLE","1867","S","HAMLIN AVE","1014",,,,,,,"2","NO INDICATION OF INJURY","0","0","0","0","0","1","0","21","4","3","41.8551466269","-87.7197944696","POINT (-87.719794469625 41.855146626897)"
"446735c0c07a0e2d60ea5197f266e122e4f9860e8b420a0057877c76dd9d100eb84271f3c3d54b2f058ce75b3ba1ec5684890f3820404b5a35ff860b40ac6bdf",,"2026-03-04T21:20:00.000","30","TRAFFIC SIGNAL","FUNCTIONING PROPERLY","FREEZING RAIN/DRIZZLE","DARKNESS, LIGHTED ROAD","SIDESWIPE SAME DIRECTION","FOUR WAY",,"STRAIGHT AND LEVEL","WET","NO DEFECTS","NOT ON SCENE (DESK REPORT)","NO INJURY / DRIVE AWAY",,,,"OVER $1,500","2026-03-04T21:50:00.000","DRIVING SKILLS/KNOWLEDGE/EXPERIENCE","FAILING TO REDUCE SPEED TO AVOID CRASH","6316","S","KEDZIE AVE","823",,,,,,,"2","NO INDICATION OF INJURY","0","0","0","0","0","4","0","21","4","3","41.7783487163","-87.7032685042","POINT (-87.703268504165 41.778348716254)"
"954ca3d14916fef26a2b5e4d5f91ef30f9ebbf502926fcef0fb3ca80c7f050df97b3ab1caa5ddcd006511cc6029bec73ee0d178e416435b54b6ec5ff266942d6",,"2026-03-04T21:15:00.000","30","TRAFFIC SIGNAL","UNKNOWN","UNKNOWN","UNKNOWN","REAR END","UNKNOWN INTERSECTION TYPE",,"STRAIGHT AND LEVEL","WET","UNKNOWN","NOT ON SCENE (DESK REPORT)","NO INJURY / DRIVE AWAY","Y",,,"OVER $1,500","2026-03-05T12:02:00.000","UNABLE TO DETERMINE","NOT APPLICABLE","2230","W","DIVERSEY AVE","1432",,,,,,,"2","NO INDICATION OF INJURY","0","0","0","0","0","4","0","21","4","3","41.9323201143","-87.6844262394","POINT (-87.6844262394 41.932320114275)"
"33def46e79b8679fd001bf1d7c5447e55c895834833841ea38fce75e80c42609099eefee50c1a0129fb4f2166adac29e538f2070d30a0175fe916dbf00dc7a9d",,"2026-03-04T21:10:00.000","30","STOP SIGN/FLASHER","NO CONTROLS","FOG/SMOKE/HAZE","DARKNESS, LIGHTED ROAD","ANGLE","T-INTERSECTION",,"STRAIGHT AND LEVEL","UNKNOWN","NO DEFECTS","NOT ON SCENE (DESK REPORT)","NO INJURY / DRIVE AWAY","Y",,,"$501 - $1,500","2026-03-05T05:00:00.000","NOT APPLICABLE","NOT APPLICABLE","201","E","50TH ST","224",,,,,,,"2","NO INDICATION OF INJURY","0","0","0","0","0","2","0","21","4","3","41.8037392938","-87.6209883069","POINT (-87.620988306909 41.803739293829)"
"468fc63dfc982a13df7a6951d0f2c6764dd7e31bbec7a5da868138d0dac9628947052d7368bae27dc48fb3a1a1c3db7144420c0187dd548b1fdb13d92047fd98",,"2026-03-04T21:10:00.000","30","TRAFFIC SIGNAL","UNKNOWN","RAIN","DARKNESS, LIGHTED ROAD","SIDESWIPE SAME DIRECTION","DIVIDED - W/MEDIAN (NOT RAISED)",,"STRAIGHT AND LEVEL","WET","UNKNOWN","NOT ON SCENE (DESK REPORT)","NO INJURY / DRIVE AWAY","Y",,,"OVER $1,500","2026-03-04T21:30:00.000","UNABLE TO DETERMINE","NOT APPLICABLE","6474","N","SHERIDAN RD","2432","N",,,,,,"2","NO INDICATION OF INJURY","0","0","0","0","0","2","0","21","4","3","42.0003505604","-87.660855421","POINT (-87.660855420981 42.000350560382)"
"837835dd4659797bbeedcf288c1b027f49fdb98b15a93aa2b4d61d9b499e47d230a061f9ad3f89568022524749d11e6339baf539cbb2d9918a3a6a2c7ac99877","Y","2026-03-04T21:00:00.000","20","NO CONTROLS","NO CONTROLS","FOG/SMOKE/HAZE","DARKNESS, LIGHTED ROAD","PARKED MOTOR VEHICLE","NOT DIVIDED",,"STRAIGHT AND LEVEL","WET","NO DEFECTS","ON SCENE","NO INJURY / DRIVE AWAY",,,,"OVER $1,500","2026-03-04T21:14:00.000","WEATHER","VISION OBSCURED (SIGNS, TREE LIMBS, BUILDINGS, ETC.)","4359","S","PACKERS AVE","924",,,,,,,"2","NO INDICATION OF INJURY","0","0","0","0","0","1","0","21","4","3","41.8142104548","-87.6584645841","POINT (-87.658464584104 41.814210454849)"
"f62e59023beca4b2bf216711c119ac2a9e00b5f8ecbc1d7e7c88b5e74c3f03a659898347f53516c5fef2bea394063d9871a7cf3e4283e8b8c15ba7957783ce1c",,"2026-03-04T21:00:00.000","30","NO CONTROLS","NO CONTROLS","RAIN","DARKNESS, LIGHTED ROAD","SIDESWIPE SAME DIRECTION","DIVIDED - W/MEDIAN BARRIER",,"STRAIGHT AND LEVEL","WET","UNKNOWN","NOT ON SCENE (DESK REPORT)","NO INJURY / DRIVE AWAY",,,,"OVER $1,500","2026-03-04T21:45:00.000","UNABLE TO DETERMINE","NOT APPLICABLE","843","W","GARFIELD BLVD","712",,,,,,,"2","NO INDICATION OF INJURY","0","0","0","0","0","2","0","21","4","3","41.7938010897","-87.6468831472","POINT (-87.646883147239 41.793801089691)"
"b2c98ec75e37bee2b2c059e87301d37e239ab59823898090dec5359987769cc4b9e27fd5f266af98c7edbb2d4441eed4890a9b421a9ae0cdfb79ebea94b6c61f",,"2026-03-04T20:45:00.000","30","STOP SIGN/FLASHER","UNKNOWN","RAIN","DARKNESS, LIGHTED ROAD","ANGLE","OTHER",,"STRAIGHT AND LEVEL","WET","UNKNOWN","ON SCENE","INJURY AND / OR TOW DUE TO CRASH",,,,"OVER $1,500","2026-03-04T20:45:00.000","UNDER THE INFLUENCE OF ALCOHOL/DRUGS (USE WHEN ARREST IS EFFECTED)","NOT APPLICABLE","7600","S","DR MARTIN LUTHER KING JR DR","623",,,,,,,"2","REPORTED, NOT EVIDENT","1","0","0","0","1","1","0","20","4","3","41.7564901494","-87.6152267936","POINT (-87.61522679361 41.756490149368)"
"a76b9bb21a255c180c2e28d9b4f070004d640366877b654e739fac3565bf9858fd83752f18b7ed24dc273553e4a5355fa40a8c91e3c20233c976bd64540403ee",,"2026-03-04T20:40:00.000","30","NO CONTROLS","NO CONTROLS","CLEAR","DARKNESS","PARKED MOTOR VEHICLE","NOT DIVIDED",,"STRAIGHT AND LEVEL","DRY","NO DEFECTS","NOT ON SCENE (DESK REPORT)","NO INJURY / DRIVE AWAY",,,,"OVER $1,500","2026-03-05T22:45:00.000","UNABLE TO DETERMINE","UNABLE TO DETERMINE","1813","N","LAWNDALE AVE","2535",,,,,,,"2","NO INDICATION OF INJURY","0","0","0","0","0","1","0","20","4","3","41.9140719451","-87.7189750768","POINT (-87.718975076793 41.91407194509)"
"6a936b4ef05a957c77556f31c956d5bac774b9605fd31f32f003121481a9b3e4b6e95ff4af4c4aaf4544af4620cd64beefe3b7581769f7a4b738f6410acdf09d",,"2026-03-04T20:35:00.000","30","TRAFFIC SIGNAL","FUNCTIONING PROPERLY","RAIN","DARKNESS","PEDESTRIAN","NOT DIVIDED",,"STRAIGHT AND LEVEL","WET","NO DEFECTS","ON SCENE","NO INJURY / DRIVE AWAY",,,,"$500 OR LESS","2026-03-04T20:38:00.000","UNABLE TO DETERMINE","UNABLE TO DETERMINE","3601","W","ROOSEVELT RD","1011",,,,,,,"2","NO INDICATION OF INJURY","0","0","0","0","0","2","0","20","4","3","41.8661793812","-87.7154793243","POINT (-87.715479324302 41.866179381243)"
"1b6043f9a610638ade98936b0e5704bf3518ded958305c7f468611b911165c19649da9d3b50fe98de31b6d0b5be5c6169a9e2e0f8b4d2519b0ddfab860325dec",,"2026-03-04T20:30:00.000","30","TRAFFIC SIGNAL","FUNCTIONING PROPERLY","RAIN","DARKNESS, LIGHTED ROAD","REAR END","FOUR WAY",,"STRAIGHT AND LEVEL","WET","NO DEFECTS","ON SCENE","INJURY AND / OR TOW DUE TO CRASH",,,,"OVER $1,500","2026-03-04T20:49:00.000","UNABLE TO DETERMINE","UNABLE TO DETERMINE","2713","W","31ST BLVD","1034",,,,,,,"3","NONINCAPACITATING INJURY","1","0","0","1","0","3","0","20","4","3","41.8379741732","-87.693309957","POINT (-87.693309956986 41.837974173155)"
"8ac35383e986383e391f5377af78e6c7c06f92d9c4a6daea539a4b1a2b25ffc8115f0118799372065a7d74c01f883225de545beecdb0977459b1205f23cde96c",,"2026-03-04T20:30:00.000","45","NO CONTROLS","NO CONTROLS","RAIN","DARKNESS, LIGHTED ROAD","SIDESWIPE SAME DIRECTION","NOT DIVIDED",,"STRAIGHT AND LEVEL","WET","NO DEFECTS","ON SCENE","NO INJURY / DRIVE AWAY",,,"Y","OVER $1,500","2026-03-04T20:32:00.000","OPERATING VEHICLE IN ERRATIC, RECKLESS, CARELESS, NEGLIGENT OR AGGRESSIVE MANNER","NOT APPLICABLE","1805","N","LAKE SHORE DR SB","1814",,,,,,,"2","NO INDICATION OF INJURY","0","0","0","0","0","3","0","20","4","3","41.9153973952","-87.6272878664","POINT (-87.627287866407 41.915397395156)"
"dba01698ce4f9bdfcdf24d0cd14bf825c4cefd6e75c17f1f48d801ecbbe6f8800ba7af36a183ca110e0a8ac2b763491f9135ab8b9934d48a9afc8427d75ad1e3",,"2026-03-04T20:30:00.000","30","TRAFFIC SIGNAL","FUNCTIONING PROPERLY","RAIN","DARKNESS, LIGHTED ROAD","REAR END","FOUR WAY",,"STRAIGHT AND LEVEL","WET","UNKNOWN","NOT ON SCENE (DESK REPORT)","NO INJURY / DRIVE AWAY","Y",,,"OVER $1,500","2026-03-04T21:50:00.000","UNABLE TO DETERMINE","UNABLE TO DETERMINE","4800","W","LAWRENCE AVE","1623",,"N",,,,,"3","NO INDICATION OF INJURY","0","0","0","0","0","4","0","20","4","3","41.9681329619","-87.7480531882","POINT (-87.748053188199 41.96813296193)"
"b58169f7a88f85f3bdc4eca93cf2d29de1b10d0194b18772cf4e03c0d5815cefcb9de71db659faab949210e4692b515db6c5275834e8ef04ead7bf334fb7aec2",,"2026-03-04T20:22:00.000","30","NO CONTROLS","NO CONTROLS","RAIN","DARKNESS, LIGHTED ROAD","FIXED OBJECT","NOT DIVIDED",,"STRAIGHT AND LEVEL","WET","NO DEFECTS","ON SCENE","INJURY AND / OR TOW DUE TO CRASH",,"N","N","OVER $1,500","2026-03-04T20:23:00.000","UNABLE TO DETERMINE","UNABLE TO DETERMINE","5414","S","ARCHER AVE","814",,,,,,,"1","REPORTED, NOT EVIDENT","1","0","0","0","1","1","0","20","4","3","41.7986720327","-87.7435987784","POINT (-87.743598778437 41.798672032748)"
"b1df9a178fd8ce6c707b53993ad463ab2517ea4f6fe1ae907b5d3407dcb183b287e2b0308d31db5c41f01ce70ffe21307f082a5b73c6f85f3929ec3c194fa139",,"2026-03-04T20:15:00.000","30","TRAFFIC SIGNAL","FUNCTIONING PROPERLY","RAIN","DARKNESS, LIGHTED ROAD","REAR END","NOT DIVIDED",,"STRAIGHT AND LEVEL","WET","UNKNOWN","ON SCENE","INJURY AND / OR TOW DUE TO CRASH",,,,"OVER $1,500","2026-03-04T20:18:00.000","FOLLOWING TOO CLOSELY","NOT APPLICABLE","2201","W","MONTROSE AVE","1911",,,,,,,"3","REPORTED, NOT EVIDENT","2","0","0","0","2","3","0","20","4","3","41.9612745458","-87.6838870289","POINT (-87.683887028908 41.961274545829)"
"29b8b17b11f8db67d7f9b386c2680eecf5ba4312c457e86b170a9e57819b62eb018b989ef2cf8640fd5523b2519cbc0b64dae32981f0f28d8de6a67830c698a5",,"2026-03-04T20:07:00.000","30","TRAFFIC SIGNAL","FUNCTIONING IMPROPERLY","RAIN","DARKNESS, LIGHTED ROAD","PEDESTRIAN","DIVIDED - W/MEDIAN (NOT RAISED)",,"STRAIGHT AND LEVEL","WET","UNKNOWN","ON SCENE","INJURY AND / OR TOW DUE TO CRASH",,,,"OVER $1,500","2026-03-04T20:07:00.000","HAD BEEN DRINKING (USE WHEN ARREST IS NOT MADE)","NOT APPLICABLE","10558","S","EWING AVE","432",,,,,,,"2","NONINCAPACITATING INJURY","1","0","0","1","0","1","0","20","4","3","41.7028251548","-87.5354302885","POINT (-87.535430288464 41.702825154788)"
"79d8f1e63f64c19b8ac21188f2c3c660cb24a81a2ed5f1357d43a01ef1641088bbd37ac3bcfcdfe06010bb9c067be046755528716c3802e35ea92024ea1b2179","Y","2026-03-04T20:00:00.000","30","NO CONTROLS","NO CONTROLS","CLEAR","DARKNESS","PARKED MOTOR VEHICLE","NOT DIVIDED",,"STRAIGHT AND LEVEL","UNKNOWN","UNKNOWN","NOT ON SCENE (DESK REPORT)","NO INJURY / DRIVE AWAY",,,"Y","OVER $1,500","2026-03-05T08:34:00.000","UNABLE TO DETERMINE","NOT APPLICABLE","13137","S","RHODES AVE","533",,,,,,,"2","NO INDICATION OF INJURY","0","0","0","0","0","1","0","20","4","3","41.6563235316","-87.6093742131","POINT (-87.609374213087 41.656323531584)"
"af23091e33f487476ae8640501d2a5700d4da4201202b31de379fd52692a32dc6750fa21590a96a86f9f101f122d4c5e916b753f7e6957f71849754be3341b86","Y","2026-03-04T20:00:00.000","30","TRAFFIC SIGNAL","FUNCTIONING PROPERLY","RAIN","DARKNESS, LIGHTED ROAD","REAR TO SIDE","T-INTERSECTION",,"STRAIGHT AND LEVEL","WET","WORN SURFACE","ON SCENE","NO INJURY / DRIVE AWAY","Y",,"Y","OVER $1,500","2026-03-04T21:35:00.000","FAILING TO YIELD RIGHT-OF-WAY","NOT APPLICABLE","5900","S","INDIANA AVE","232",,,,,,,"2","NO INDICATION OF INJURY","0","0","0","0","0","3","0","20","4","3","41.7873511405","-87.6208027124","POINT (-87.620802712403 41.787351140458)"
"8d334f9e7915ec9c2357d5c202b4df684bb5d5a8d3c9f51a805b3eaeb0f3b890d86cf7279211c40fce12e5a68f7e87494aa0510ac07f66d34315f2f28ddea569",,"2026-03-04T19:58:00.000","30","TRAFFIC SIGNAL","FUNCTIONING PROPERLY","RAIN","DARKNESS, LIGHTED ROAD","TURNING","NOT DIVIDED",,"STRAIGHT ON GRADE","WET","WORN SURFACE","ON SCENE","NO INJURY / DRIVE AWAY","Y",,,"$501 - $1,500","2026-03-04T20:00:00.000","TURNING RIGHT ON RED","NOT APPLICABLE","3500","S","LA SALLE ST","213",,,,,,,"2","NO INDICATION OF INJURY","0","0","0","0","0","2","0","19","4","3","41.8309350952","-87.6299753048","POINT (-87.629975304804 41.830935095228)"
"095a3c8b5d717aad8a86ad4fcfeb6c5fbb88d9a7d27ad55f37dcebebeb129bc74608a585b8f9624d027c6d0a05bd74ea06345be3aeb51242151c11d69db875eb",,"2026-03-04T19:57:00.000","30","STOP SIGN/FLASHER","FUNCTIONING PROPERLY","CLEAR","DARKNESS, LIGHTED ROAD","SIDESWIPE SAME DIRECTION","FOUR WAY",,"STRAIGHT AND LEVEL","WET","NO DEFECTS","ON SCENE","NO INJURY / DRIVE AWAY",,,"Y","OVER $1,500","2026-03-04T19:59:00.000","IMPROPER OVERTAKING/PASSING","IMPROPER OVERTAKING/PASSING","9298","S","PAXTON AVE","413",,,,,,,"2","NO INDICATION OF INJURY","0","0","0","0","0","2","0","19","4","3","41.7262660667","-87.5707274028","POINT (-87.570727402802 41.726266066709)"
"420b09cee2bb0ae21845826bb7bec46cdbc2de8dfc02b44cfde6c846cd1ed63d84846b42c095c522f1f3722f403e8c9c7260c7ce22983215c08c22538d5f2866",,"2026-03-04T19:57:00.000","30","NO CONTROLS","NO CONTROLS","RAIN","DARKNESS","ANGLE","OTHER",,"STRAIGHT AND LEVEL","WET","NO DEFECTS","ON SCENE","NO INJURY / DRIVE AWAY","Y",,,"OVER $1,500","2026-03-04T20:55:00.000","FAILING TO YIELD RIGHT-OF-WAY","NOT APPLICABLE","1858","E","71ST ST","332",,,,,,,"2","NO INDICATION OF INJURY","0","0","0","0","0","2","0","19","4","3","41.7663279568","-87.578794079","POINT (-87.578794079041 41.766327956799)"
"b4842097dc75abd2483ecfcea9e5bdb9fd77678e5d287592a755ca3e3dbd6a2a5f44521ba522c0166f29cf6afeaba241e7e33aa32b6a2114494d90f10a85900c",,"2026-03-04T19:45:00.000","10","NO CONTROLS","NO CONTROLS","FOG/SMOKE/HAZE","DARKNESS, LIGHTED ROAD","ANGLE","PARKING LOT",,"STRAIGHT AND LEVEL","WET","NO DEFECTS","NOT ON SCENE (DESK REPORT)","NO INJURY / DRIVE AWAY","N","Y","Y","$501 - $1,500","2026-03-04T21:11:00.000","DRIVING SKILLS/KNOWLEDGE/EXPERIENCE","DRIVING SKILLS/KNOWLEDGE/EXPERIENCE","1999","N","SEDGWICK ST","1814",,,,,,,"2","NO INDICATION OF INJURY","0","0","0","0","0","2","0","19","4","3","41.91823429","-87.6386657933","POINT (-87.638665793294 41.918234289962)"
"55ade1461cf8704530bf020a9f80a8cfb01848c9fca7fc22000410b10edea93ced8f5a5934b58306434b016bcc91b15b427fb55fc40539df349a85153f639573",,"2026-03-04T19:30:00.000","30","NO CONTROLS","NO CONTROLS","CLEAR","DARKNESS, LIGHTED ROAD","SIDESWIPE SAME DIRECTION","ONE-WAY",,"STRAIGHT AND LEVEL","WET","NO DEFECTS","ON SCENE","NO INJURY / DRIVE AWAY",,,,"OVER $1,500","2026-03-04T19:35:00.000","FAILING TO YIELD RIGHT-OF-WAY","DRIVING SKILLS/KNOWLEDGE/EXPERIENCE","835","W","WASHINGTON BLVD","1224",,,,,,,"2","NO INDICATION OF INJURY","0","0","0","0","0","2","0","19","4","3","41.8830133535","-87.6487097422","POINT (-87.648709742209 41.883013353531)"
"f9f99ab615c695baa4a2060a4747a5c2591142436370ec1fa053efc0b50625cbb7ec958f802cd4f9061d240516cebf7a544cdcf9d4929e80ad9deffa1e0e7195",,"2026-03-04T19:30:00.000","30","UNKNOWN","UNKNOWN","UNKNOWN","UNKNOWN","SIDESWIPE SAME DIRECTION","NOT DIVIDED",,"STRAIGHT AND LEVEL","UNKNOWN","UNKNOWN","NOT ON SCENE (DESK REPORT)","INJURY AND / OR TOW DUE TO CRASH",,,,"OVER $1,500","2026-03-04T20:17:00.000","UNABLE TO DETERMINE","NOT APPLICABLE","3245","S","PULASKI RD","1031",,,,,,,"2","REPORTED, NOT EVIDENT","2","0","0","0","2","1","0","19","4","3","41.8337623475","-87.7241371582","POINT (-87.724137158243 41.833762347533)"
"5d80bcbae6978eda6abb0bbd950c425bcadca408c8a5098a53259ddc60971344a8e36ba0eb467b9fc8e3bbd38ebd1379cc840af3adb8457195ad4c76b8a93455",,"2026-03-04T19:25:00.000","30","NO CONTROLS","NO CONTROLS","RAIN","DARKNESS, LIGHTED ROAD","SIDESWIPE SAME DIRECTION","NOT DIVIDED",,"STRAIGHT AND LEVEL","WET","NO DEFECTS","NOT ON SCENE (DESK REPORT)","INJURY AND / OR TOW DUE TO CRASH",,,,"$501 - $1,500","2026-03-05T13:00:00.000","IMPROPER TURNING/NO SIGNAL","NOT APPLICABLE","2383","S","HALSTED ST","1235",,,,,,,"2","REPORTED, NOT EVIDENT","1","0","0","0","1","1","0","19","4","3","41.8493226774","-87.6463274298","POINT (-87.646327429811 41.849322677421)"
"5b86238c95589ff83d435fd416fc4293be4b8615ab6027de4543509eaa8c58b62f6f93e80f07231ffe99b01c2b0a69d5c26af7e6663f5b94c9dfa616c6aa89d4",,"2026-03-04T19:00:00.000","30","TRAFFIC SIGNAL","FUNCTIONING PROPERLY","RAIN","DARKNESS, LIGHTED ROAD","REAR END","FOUR WAY",,"STRAIGHT AND LEVEL","WET","NO DEFECTS","NOT ON SCENE (DESK REPORT)","NO INJURY / DRIVE AWAY",,,,"$501 - $1,500","2026-03-04T19:20:00.000","UNABLE TO DETERMINE","UNABLE TO DETERMINE","11500","S","MICHIGAN AVE","532",,,,,,,"2","NO INDICATION OF INJURY","0","0","0","0","0","2","0","19","4","3","41.6852712229","-87.6209471584","POINT (-87.620947158386 41.685271222904)"
"64e49f28f58c241c9311c42cb567adec5f3b85bca911602178fa49d82cd8e172f7be6c9baa9ee83bd516b91752ac5048c9a3b7a3d80ee82498b9c6151448391c",,"2026-03-04T19:00:00.000","30","NO CONTROLS","NO CONTROLS","RAIN","DARKNESS","PARKED MOTOR VEHICLE","NOT DIVIDED",,"STRAIGHT AND LEVEL","WET","UNKNOWN","NOT ON SCENE (DESK REPORT)","NO INJURY / DRIVE AWAY",,,,"$501 - $1,500","2026-03-04T19:50:00.000","UNABLE TO DETERMINE","UNABLE TO DETERMINE","3152","N","BROADWAY","1934",,,,,,,"2","NO INDICATION OF INJURY","0","0","0","0","0","1","0","19","4","3","41.9391878498","-87.6445178638","POINT (-87.644517863798 41.939187849785)"