"crash_record_id","crash_date_est_i","crash_date","posted_speed_limit","traffic_control_device","device_condition","weather_condition","lighting_condition","first_crash_type","trafficway_type","lane_cnt","alignment","roadway_surface_cond","road_defect","report_type","crash_type","intersection_related_i","private_property_i","hit_and_run_i","damage","date_police_notified","prim_contributory_cause","sec_contributory_cause","street_no","street_direction","street_name","beat_of_occurrence","photos_taken_i","statements_taken_i","dooring_i","work_zone_i","work_zone_type","workers_present_i","num_units","most_severe_injury","injuries_total","injuries_fatal","injuries_incapacitating","injuries_non_incapacitating","injuries_reported_not_evident","injuries_no_indication","injuries_unknown","crash_hour","crash_day_of_week","crash_month","latitude","longitude","location"
"bb9003d9373f650add2740e761e6e9b42f03c35185b40078de4a5d321db10056762cb2f3f21645cdb6c0325adfbdc4981f2e70726e3dcb7ebf68d9c9ae87d28c",,"2026-03-04T19:00:00.000","30","NO CONTROLS","NO CONTROLS","RAIN","DARKNESS, LIGHTED ROAD","FIXED OBJECT","OTHER",,"CURVE ON GRADE","WET","UNKNOWN","NOT ON SCENE (DESK REPORT)","INJURY AND / OR TOW DUE TO CRASH",,,,"OVER $1,500","2026-03-04T19:30:00.000","UNABLE TO DETERMINE","NOT APPLICABLE","9523","S","STONY ISLAND AVE","431",,,,,,,"1","NO INDICATION OF INJURY","0","0","0","0","0","1","0","19","4","3","41.7215379616","-87.5848773402","POINT (-87.584877340201 41.721537961573)"
"5ed9247c4f8155bf052e300ae24bd89d03884fc38f41990441492ecd5ad09abb9aaa896b9c7cec736654dc95742920950d951afbcc9984855e31b9a78f49dffc",,"2026-03-04T18:50:00.000","30","UNKNOWN","UNKNOWN","RAIN","DARKNESS, LIGHTED ROAD","SIDESWIPE SAME DIRECTION","DIVIDED - W/MEDIAN BARRIER",,"STRAIGHT AND LEVEL","UNKNOWN","UNKNOWN","NOT ON SCENE (DESK REPORT)","NO INJURY / DRIVE AWAY",,,,"OVER $1,500","2026-03-04T20:00:00.000","UNABLE TO DETERMINE","UNABLE TO DETERMINE","150","N","MICHIGAN AVE","111",,,,,,,"2","NO INDICATION OF INJURY","0","0","0","0","0","2","0","18","4","3","41.8845309638","-87.6246020446","POINT (-87.624602044601 41.884530963783)"
"13b55b71a9d34c51ee260ac729180836287842b99cff32e1e43a9de0f9320137369fb5ea8a30b2bbb71c6b92ecfb2e091e7e8e8960cdcce82305afaf648baa91","Y","2026-03-04T18:45:00.000","25","NO CONTROLS","NO CONTROLS","RAIN","DAWN","PARKED MOTOR VEHICLE","Y-INTERSECTION",,"STRAIGHT ON GRADE","WET","NO DEFECTS","NOT ON SCENE (DESK REPORT)","NO INJURY / DRIVE AWAY",,,"Y","OVER $1,500","2026-03-10T10:30:00.000","IMPROPER BACKING","UNABLE TO DETERMINE","1938","W","BERENICE AVE","1922",,,,,,,"2","NO INDICATION OF INJURY","0","0","0","0","0","1","0","18","4","3","41.9515366168","-87.6784348963","POINT (-87.678434896259 41.951536616806)"
"44f7dec9e4a048c92d4bf470c77a716f5d15b8aa5289ce4988c6ed68c5d09c9ced5f17a52b96e060d7eb97ad3d7c17d714450ccae83c540432e501f8649c0e75","Y","2026-03-04T18:45:00.000","15","NO CONTROLS","NO CONTROLS","CLEAR","DARKNESS","REAR TO SIDE","PARKING LOT",,"STRAIGHT AND LEVEL","UNKNOWN","UNKNOWN","NOT ON SCENE (DESK REPORT)","NO INJURY / DRIVE AWAY",,,,"OVER $1,500","2026-03-04T19:20:00.000","UNABLE TO DETERMINE","NOT APPLICABLE","2550","N","CLYBOURN AVE","1931",,,,,,,"2","NO INDICATION OF INJURY","0","0","0","0","0","3","0","18","4","3","41.9278717231","-87.6732588146","POINT (-87.67325881463 41.927871723118)"
"69001ae979edce739eba851418cd5b339dac9c237f500bdc2b0007c9b3fbad2184d435a2c775e8285fbd110d2568308f1a0926babe66ceb4f8e707fa86d28499",,"2026-03-04T18:40:00.000","10","NO CONTROLS","NO CONTROLS","RAIN","DARKNESS, LIGHTED ROAD","PEDESTRIAN","PARKING LOT",,"STRAIGHT AND LEVEL","WET","NO DEFECTS","ON SCENE","NO INJURY / DRIVE AWAY",,,,"$500 OR LESS","2026-03-04T18:40:00.000","UNABLE TO DETERMINE","NOT APPLICABLE","7128","W","ARCHER AVE","811",,,,,,,"2","NO INDICATION OF INJURY","0","0","0","0","0","2","0","18","4","3","41.7920672141","-87.8001988872","POINT (-87.800198887183 41.792067214057)"
"bc3b5391a0f6e813045082cd8388d4fe01c9b65987dec927a1d44b415ebdaca4dd1b5338d0a6b386546af506e7f3860f440ebb918389ef6f43c8e0122c9b9abe",,"2026-03-04T18:40:00.000","30","NO CONTROLS","NO CONTROLS","RAIN","DARKNESS, LIGHTED ROAD","SIDESWIPE SAME DIRECTION","NOT DIVIDED",,"STRAIGHT AND LEVEL","WET","NO DEFECTS","NOT ON SCENE (DESK REPORT)","NO INJURY / DRIVE AWAY",,,"Y","OVER $1,500","2026-03-04T19:25:00.000","IMPROPER OVERTAKING/PASSING","UNABLE TO DETERMINE","1140","N","ASHLAND AVE","1213",,,,,,,"2","NO INDICATION OF INJURY","0","0","0","0","0","2","0","18","4","3","41.9027910592","-87.6676244462","POINT (-87.667624446164 41.9027910592)"
"fbeb4b9478b426e9228f56ff8f8925084cef534218232baac457872f07f6d329d8df3a54aa7a89540b827ce183af3b64c5547d9ad81acad38d72d96c8d12729a",,"2026-03-04T18:37:00.000","35","TRAFFIC SIGNAL","FUNCTIONING PROPERLY","RAIN","DAYLIGHT","TURNING","FOUR WAY",,"STRAIGHT AND LEVEL","WET","NO DEFECTS","ON SCENE","INJURY AND / OR TOW DUE TO CRASH","Y",,,"OVER $1,500","2026-03-04T18:37:00.000","NOT APPLICABLE","NOT APPLICABLE","307","W","59TH ST","711",,,,,,,"4","NONINCAPACITATING INJURY","5","0","0","5","0","3","0","18","4","3","41.7871076819","-87.6330978765","POINT (-87.633097876499 41.787107681861)"
"6aca4a05fe74d70d11b57c98e53395d7b5dd8ee5864472ccaab243baa72bf0de5070897f702449cfa898fd9b9fb9fca6452ad3eec51c51dc8cb1feba8e3c5a79",,"2026-03-04T18:35:00.000","30","NO CONTROLS","NO CONTROLS","RAIN","DARKNESS, LIGHTED ROAD","REAR END","NOT DIVIDED",,"STRAIGHT AND LEVEL","WET","NO DEFECTS","ON SCENE","INJURY AND / OR TOW DUE TO CRASH",,,,"OVER $1,500","2026-03-04T18:45:00.000","FOLLOWING TOO CLOSELY","FOLLOWING TOO CLOSELY","2510","S","WESTERN AVE","1034",,,,,,,"3","NO INDICATION OF INJURY","0","0","0","0","0","4","0","18","4","3","41.846224441","-87.6856272877","POINT (-87.685627287741 41.846224441002)"
"9badb08bf5488ba8befe3b58ce0719999de1e1aac3eebf964e041529f6ca3b8bb75fb5a1201bf28e83d146c7a343a2c807c865b4a20d5d6edda46be040420e39",,"2026-03-04T18:35:00.000","30","NO CONTROLS","NO CONTROLS","RAIN","DARKNESS, LIGHTED ROAD","SIDESWIPE SAME DIRECTION","NOT DIVIDED",,"STRAIGHT AND LEVEL","WET","NO DEFECTS","ON SCENE","NO INJURY / DRIVE AWAY",,,,"OVER $1,500","2026-03-04T18:41:00.000","FOLLOWING TOO CLOSELY","DRIVING SKILLS/KNOWLEDGE/EXPERIENCE","9050","S","ASHLAND AVE","2221",,,,,,,"2","NO INDICATION OF INJURY","0","0","0","0","0","2","0","18","4","3","41.7287961454","-87.6630065429","POINT (-87.6630065429 41.728796145387)"
"f0c390a2c84e28e56d36d95f1f09a2c723d7c63be5d0e871dfcb724ff3ec125dea11497e03dec85313b8b63c4b7bf703d623db2b064a735a3bc3c0189ad62fcb",,"2026-03-04T18:35:00.000","30","NO CONTROLS","NO CONTROLS","CLEAR","DARKNESS, LIGHTED ROAD","SIDESWIPE SAME DIRECTION","DIVIDED - W/MEDIAN (NOT RAISED)",,"STRAIGHT AND LEVEL","WET","NO DEFECTS","NOT ON SCENE (DESK REPORT)","NO INJURY / DRIVE AWAY",,,,"$501 - $1,500","2026-03-04T19:30:00.000","IMPROPER LANE USAGE","DRIVING SKILLS/KNOWLEDGE/EXPERIENCE","8421","S","WESTERN AVE","614",,,,,,,"2","NO INDICATION OF INJURY","0","0","0","0","0","3","0","18","4","3","41.7404104479","-87.6824790186","POINT (-87.682479018557 41.740410447916)"
"19aa947edddc351620109843bbeb1f74adc5316513545d4f054360ee7a5506afff495af16b8cad0894779be6c6c70e14913b30dc5f502616fcea933e7fdf0628",,"2026-03-04T18:32:00.000","20","TRAFFIC SIGNAL","FUNCTIONING PROPERLY","RAIN","DARKNESS","PEDESTRIAN","NOT DIVIDED",,"STRAIGHT AND LEVEL","WET","NO DEFECTS","ON SCENE","INJURY AND / OR TOW DUE TO CRASH","Y",,"Y","OVER $1,500","2026-03-04T18:36:00.000","DISREGARDING OTHER TRAFFIC SIGNS","DISREGARDING TRAFFIC SIGNALS","1398","N","MILWAUKEE AVE","1424",,"Y",,,,,"2","NONINCAPACITATING INJURY","1","0","0","1","0","1","0","18","4","3","41.9072205897","-87.6727535219","POINT (-87.672753521862 41.907220589735)"
"6aca7e594a0678012af4634418a69114f5c9de0b8f1a9e031f6f67163432875f5b754e05c8116e08e5d31a54db9758894bb9f4cdab23b50b36003c45c0a1d432",,"2026-03-04T18:32:00.000","30","NO CONTROLS","NO CONTROLS","RAIN","DARKNESS, LIGHTED ROAD","SIDESWIPE SAME DIRECTION","DIVIDED - W/MEDIAN (NOT RAISED)",,"STRAIGHT AND LEVEL","WET","NO DEFECTS","NOT ON SCENE (DESK REPORT)","NO INJURY / DRIVE AWAY",,,,"OVER $1,500","2026-03-05T06:50:00.000","IMPROPER OVERTAKING/PASSING","IMPROPER OVERTAKING/PASSING","2701","W","NORTH AVE","1423",,,,,,,"2","NO INDICATION OF INJURY","0","0","0","0","0","2","0","18","4","3","41.9101322404","-87.6946003939","POINT (-87.694600393866 41.910132240414)"
"8dc4ddab7b98455bff96781f25c4697b5dc062fc761714ec786fbf212db8c4d970b21de5eb9345f403a1310cfb1acef5652246ab2dfb3b8a60fe4b1a9383ad51",,"2026-03-04T18:30:00.000","30","NO CONTROLS","NO CONTROLS","RAIN","DUSK","REAR END","NOT DIVIDED",,"STRAIGHT AND LEVEL","WET","NO DEFECTS","NOT ON SCENE (DESK REPORT)","NO INJURY / DRIVE AWAY",,,,"OVER $1,500","2026-03-04T20:00:00.000","FOLLOWING TOO CLOSELY","NOT APPLICABLE","4833","W","DIVERSEY AVE","2521",,,,,,,"2","NO INDICATION OF INJURY","0","0","0","0","0","3","0","18","4","3","41.931406291","-87.7479369735","POINT (-87.747936973516 41.931406291047)"
"a945a947119fb0fef1ad22b5b805a7ab49c3823f07906de5c470d61b441ee8da50233d5119fcf921720e26a2e890d62830e072d39a7514395e8e191456090f2c",,"2026-03-04T18:30:00.000","30","NO CONTROLS","NO CONTROLS","CLEAR","DAYLIGHT","SIDESWIPE SAME DIRECTION","NOT DIVIDED",,"STRAIGHT AND LEVEL","DRY","NO DEFECTS","NOT ON SCENE (DESK REPORT)","NO INJURY / DRIVE AWAY",,,,"OVER $1,500","2026-03-06T11:30:00.000","UNABLE TO DETERMINE","NOT APPLICABLE","2252","N","MILWAUKEE AVE","1431",,,,,,,"2","NO INDICATION OF INJURY","0","0","0","0","0","2","0","18","4","3","41.921795342","-87.6957819435","POINT (-87.695781943525 41.921795342016)"
"1864fffcbb797818e197f104993d59675fb39ca580102bee29d2d0012e879c9d7015e8ffcff7acdf473dc9570e20d45c71154d79486d4c3bfe5fb072b2989cb9",,"2026-03-04T18:29:00.000","30","NO CONTROLS","NO CONTROLS","CLOUDY/OVERCAST","DARKNESS, LIGHTED ROAD","TURNING","NOT DIVIDED",,"STRAIGHT AND LEVEL","WET","NO DEFECTS","ON SCENE","NO INJURY / DRIVE AWAY",,,,"OVER $1,500","2026-03-04T18:29:00.000","FAILING TO YIELD RIGHT-OF-WAY","UNABLE TO DETERMINE","2325","N","NARRAGANSETT AVE","2512",,,,,,,"2","NO INDICATION OF INJURY","0","0","0","0","0","3","0","18","4","3","41.9225953036","-87.7852631756","POINT (-87.785263175644 41.922595303649)"
"36a742ee769879f98fa6939ddd0ef1c46b5c97c8e52e737acecca2d0da73ae8cba044d49e77044abd83376721e44fc77ae7b7951e280e215b6fb3bcfc7ab6f83",,"2026-03-04T18:25:00.000","30","NO CONTROLS","NO CONTROLS","CLEAR","DARKNESS, LIGHTED ROAD","ANGLE","ALLEY",,"STRAIGHT AND LEVEL","WET","NO DEFECTS","NOT ON SCENE (DESK REPORT)","NO INJURY / DRIVE AWAY",,,,"OVER $1,500","2026-03-04T19:28:00.000","FAILING TO YIELD RIGHT-OF-WAY","FAILING TO REDUCE SPEED TO AVOID CRASH","4300","S","CHRISTIANA AVE","821",,,,,,,"2","NO INDICATION OF INJURY","0","0","0","0","0","2","0","18","4","3","41.8153030432","-87.7080808314","POINT (-87.708080831388 41.815303043152)"
"270373a1f63c0abc1d3219ee809b03bd31fbd04fd5bb92af03e0a14773ba1cd9ff3b47f2255c2bfd9e0eabdd1314419a453f0ac6c4326b989c4f2da6ea120680",,"2026-03-04T18:23:00.000","30","NO CONTROLS","NO CONTROLS","RAIN","DARKNESS, LIGHTED ROAD","PARKED MOTOR VEHICLE","NOT DIVIDED",,"STRAIGHT AND LEVEL","WET","UNKNOWN","ON SCENE","INJURY AND / OR TOW DUE TO CRASH",,,,"OVER $1,500","2026-03-04T18:30:00.000","UNABLE TO DETERMINE","NOT APPLICABLE","2123","W","111TH ST","2212",,,,,,,"3","NO INDICATION OF INJURY","0","0","0","0","0","3","0","18","4","3","41.6917661332","-87.6749308666","POINT (-87.674930866562 41.691766133176)"
"4ed974d3b2dcb1e950173a948c51f1675bebffad8c5f6d065fbfad2184bd047989beb04a8e99d385af42300ba5375947de690f101fd4d1dff0cdce89b5338c03",,"2026-03-04T18:21:00.000","30","STOP SIGN/FLASHER","FUNCTIONING PROPERLY","RAIN","DARKNESS, LIGHTED ROAD","REAR END","NOT DIVIDED",,"STRAIGHT AND LEVEL","WET","NO DEFECTS","ON SCENE","NO INJURY / DRIVE AWAY",,,,"$500 OR LESS","2026-03-04T18:21:00.000","FOLLOWING TOO CLOSELY","NOT APPLICABLE","6001","W","GUNNISON ST","1622",,"Y",,,,,"2","NO INDICATION OF INJURY","0","0","0","0","0","4","0","18","4","3","41.9684224018","-87.7782969856","POINT (-87.77829698564 41.968422401773)"
"a81d8b839c0d1663791c861109f9c2367218b5849538e736b088e763503511a7b3dd354776e0c11d460a4b569e74737e6f549173449f92772eb25bd4221830b0","N","2026-03-04T18:20:00.000","30","STOP SIGN/FLASHER","FUNCTIONING PROPERLY","RAIN","DUSK","TURNING","DIVIDED - W/MEDIAN (NOT RAISED)",,"STRAIGHT AND LEVEL","WET","NO DEFECTS","NOT ON SCENE (DESK REPORT)","NO INJURY / DRIVE AWAY",,,,"$501 - $1,500","2026-03-04T18:40:00.000","FAILING TO YIELD RIGHT-OF-WAY","NOT APPLICABLE","13000","S","DOTY AVE E","434",,,,,,,"2","NO INDICATION OF INJURY","0","0","0","0","0","2","0","18","4","3","41.6610078086","-87.5860817366","POINT (-87.586081736631 41.661007808554)"
"8585d6971c8df09eac7697d723d9f71c8d541104307e6212717ae54d80d9e98f1a434fdc8abe9d1f355dd7ac12ac32f7402793c639086fae16f08264c0aa26eb",,"2026-03-04T18:15:00.000","30","TRAFFIC SIGNAL","FUNCTIONING PROPERLY","RAIN","DARKNESS, LIGHTED ROAD","REAR TO FRONT","DIVIDED - W/MEDIAN (NOT RAISED)",,"STRAIGHT AND LEVEL","WET","NO DEFECTS","NOT ON SCENE (DESK REPORT)","NO INJURY / DRIVE AWAY","Y",,,"$501 - $1,500","2026-03-04T18:30:00.000","FAILING TO REDUCE SPEED TO AVOID CRASH","NOT APPLICABLE","5157","N","WESTERN AVE","2031",,,,,,,"2","NO INDICATION OF INJURY","0","0","0","0","0","2","0","18","4","3","41.9757430354","-87.6889974195","POINT (-87.688997419474 41.975743035411)"
"9a051e061801671cb4af16aacc10ff280d06f0a68b84b6f3ea20d57df9eddcabfda937a5ce9bbb84fec7fc0657276770da7c864addc7dc53333f386151d2ce6f",,"2026-03-04T18:15:00.000","30","NO CONTROLS","NO CONTROLS","RAIN","DARKNESS","ANGLE","NOT DIVIDED",,"STRAIGHT AND LEVEL","WET","NO DEFECTS","NOT ON SCENE (DESK REPORT)","NO INJURY / DRIVE AWAY",,,,"OVER $1,500","2026-03-04T18:25:00.000","FAILING TO YIELD RIGHT-OF-WAY","FAILING TO YIELD RIGHT-OF-WAY","5700","W","MONTROSE AVE","1622",,,,,,,"2","NO INDICATION OF INJURY","0","0","0","0","0","2","0","18","4","3","41.9605602601","-87.7697538659","POINT (-87.769753865928 41.960560260059)"
"f14261254993ea6aa5ee17349f6f7b4014bdb7cb6326ea12438d57f05f4557264a06e192b413c6d355497f3fcd4775458fb3504e2233f1bb84f8eeeeedd790d3",,"2026-03-04T18:15:00.000","30","NO CONTROLS","NO CONTROLS","CLEAR","DARKNESS, LIGHTED ROAD","TURNING","DIVIDED - W/MEDIAN (NOT RAISED)",,"STRAIGHT AND LEVEL","WET","UNKNOWN","NOT ON SCENE (DESK REPORT)","NO INJURY / DRIVE AWAY",,,,"OVER $1,500","2026-03-04T18:50:00.000","UNABLE TO DETERMINE","UNABLE TO DETERMINE","1206","S","PULASKI RD","1011",,,,,,,"2","NO INDICATION OF INJURY","0","0","0","0","0","2","0","18","4","3","41.8659089467","-87.7253024515","POINT (-87.725302451453 41.865908946746)"
"3d283223c3a8f8761ec4fb3a463efd20ffa6888019cfc524ec7507bddd9fbe6172ab78d366537670f2503a9012e1fb7277d55691692f302243058900fc9c5543",,"2026-03-04T18:14:00.000","30","STOP SIGN/FLASHER","FUNCTIONING PROPERLY","RAIN","DUSK","REAR END","NOT DIVIDED",,"STRAIGHT AND LEVEL","WET","NO DEFECTS","ON SCENE","INJURY AND / OR TOW DUE TO CRASH",,,"Y","OVER $1,500","2026-03-04T18:15:00.000","FAILING TO YIELD RIGHT-OF-WAY","FAILING TO YIELD RIGHT-OF-WAY","742","S","SACRAMENTO BLVD","1134",,,,,,,"2","NO INDICATION OF INJURY","0","0","0","0","0","4","0","18","4","3","41.8714600075","-87.7010868078","POINT (-87.701086807761 41.871460007515)"
"9678c3d7c178341ce4c823206f89f337331032046e2dc7e5fc14899dfcd76ee1f98f0a3df731c8285f29d12ccf78c88c2d28b875e9e7b4f35b4ab0b68cf658d9",,"2026-03-04T18:13:00.000","30","STOP SIGN/FLASHER","FUNCTIONING PROPERLY","RAIN","DARKNESS, LIGHTED ROAD","ANGLE","FOUR WAY",,"STRAIGHT AND LEVEL","WET","NO DEFECTS","ON SCENE","INJURY AND / OR TOW DUE TO CRASH","Y",,,"OVER $1,500","2026-03-04T18:33:00.000","UNABLE TO DETERMINE","NOT APPLICABLE","3101","W","ADDISON ST","1733",,,,,,,"2","NO INDICATION OF INJURY","0","0","0","0","0","3","0","18","4","3","41.9465358471","-87.7054295656","POINT (-87.70542956556 41.946535847143)"
"b83f0c7794cfe7ab4ecc80f845769e6860352a96b02850d45512140a392a9bb7668e4e72f167ef04f19bb7daee96b161e01115aad4720d96c376347c8203ecb7",,"2026-03-04T18:13:00.000","30","PEDESTRIAN CROSSING SIGN","FUNCTIONING PROPERLY","RAIN","DARKNESS, LIGHTED ROAD","PEDESTRIAN","NOT DIVIDED",,"STRAIGHT AND LEVEL","WET","NO DEFECTS","ON SCENE","INJURY AND / OR TOW DUE TO CRASH","N",,"Y","$500 OR LESS","2026-03-04T18:13:00.000","FAILING TO YIELD RIGHT-OF-WAY","VISION OBSCURED (SIGNS, TREE LIMBS, BUILDINGS, ETC.)","6327","N","MILWAUKEE AVE","1611",,,,,,,"2","NONINCAPACITATING INJURY","1","0","0","1","0","1","0","18","4","3","41.9958748927","-87.7863029102","POINT (-87.786302910159 41.995874892683)"
"c3612101417df2f7ed88a87f19a99b4a80744d4b2c9f60d864ddda97a5e7880ae4a6ad5928b26dbf343b967894cbe8770f77d27bc4d63041ea260d5055d54d2a",,"2026-03-04T18:11:00.000","30","NO CONTROLS","NO CONTROLS","RAIN","DARKNESS, LIGHTED ROAD","PARKED MOTOR VEHICLE","DIVIDED - W/MEDIAN BARRIER",,"STRAIGHT AND LEVEL","WET","NO DEFECTS","NOT ON SCENE (DESK REPORT)","NO INJURY / DRIVE AWAY",,,"Y","OVER $1,500","2026-03-04T18:50:00.000","UNABLE TO DETERMINE","UNABLE TO DETERMINE","4621","N","ASHLAND AVE","1912",,,,,,,"2","NO INDICATION OF INJURY","0","0","0","0","0","2","0","18","4","3","41.9658719456","-87.669216634","POINT (-87.669216633953 41.965871945608)"
"e156e15e29f8a45acf2e9644c4af6be0675402b973b48d424a1a48bf0bcbfe46e872ce1e3bf0134bea445259d3629bb210e60db0d536e308f358945bfd1d1022",,"2026-03-04T18:08:00.000","30","STOP SIGN/FLASHER","FUNCTIONING PROPERLY","RAIN","DARKNESS, LIGHTED ROAD","ANGLE","FOUR WAY",,"STRAIGHT AND LEVEL","WET","UNKNOWN","ON SCENE","INJURY AND / OR TOW DUE TO CRASH","Y",,,"OVER $1,500","2026-03-04T18:57:00.000","FAILING TO YIELD RIGHT-OF-WAY","NOT APPLICABLE","7104","W","GRAND AVE","2512",,,,,,,"2","NONINCAPACITATING INJURY","1","0","0","1","0","2","0","18","4","3","41.9236501731","-87.8028341973","POINT (-87.802834197296 41.923650173091)"
"49357ea148f297206644408289863478d01c2cca5676b755b21223bcdedc99caa14e5e53ae68c1e59bb8f684526eb46f8636866bc9997d09f0e366c46f36e478",,"2026-03-04T18:05:00.000","30","TRAFFIC SIGNAL","FUNCTIONING PROPERLY","RAIN","DARKNESS, LIGHTED ROAD","PEDESTRIAN","FOUR WAY",,"STRAIGHT AND LEVEL","WET","NO DEFECTS","NOT ON SCENE (DESK REPORT)","INJURY AND / OR TOW DUE TO CRASH","Y",,,"OVER $1,500","2026-03-13T20:00:00.000","UNABLE TO DETERMINE","UNABLE TO DETERMINE","257","S","DAMEN AVE","1225",,,,,,,"2","NONINCAPACITATING INJURY","1","0","0","1","0","1","0","18","4","3","41.8775440406","-87.6764005121","POINT (-87.676400512064 41.877544040584)"
"a4f9eb9f64a714846437788014ff8712a70b56e87c0f607ece801a9f2ec6d32e5522221a2730dc5bd20a34e3c985be1949a695349196d0d4e89e9c6b8e11d14a",,"2026-03-04T18:05:00.000","30","STOP SIGN/FLASHER","OTHER","UNKNOWN","DARKNESS, LIGHTED ROAD","ANGLE","FOUR WAY",,"STRAIGHT AND LEVEL","UNKNOWN","NO DEFECTS","NOT ON SCENE (DESK REPORT)","NO INJURY / DRIVE AWAY","Y",,,"OVER $1,500","2026-03-04T19:27:00.000","NOT APPLICABLE","NOT APPLICABLE","7000","S","CHAPPEL AVE","331",,,,,,,"2","NO INDICATION OF INJURY","0","0","0","0","0","2","0","18","4","3","41.7679065838","-87.5752693289","POINT (-87.575269328888 41.767906583766)"
"6ad2c3fdfc224eb30ad17dd6f329e5e26c284c2caf841bb759253136de3dd16fb6558ac2e3e858c0ec33a2049862a4876ce885c97325a9265b6da44c370abe8f",,"2026-03-04T18:02:00.000","30","TRAFFIC SIGNAL","FUNCTIONING PROPERLY","FREEZING RAIN/DRIZZLE","DARKNESS, LIGHTED ROAD","ANGLE","NOT DIVIDED",,"STRAIGHT AND LEVEL","WET","UNKNOWN","ON SCENE","NO INJURY / DRIVE AWAY",,,"Y","$500 OR LESS","2026-03-04T18:07:00.000","IMPROPER OVERTAKING/PASSING","FAILING TO YIELD RIGHT-OF-WAY","2000","N","WESTERN AVE","1431",,,,,,,"2","NO INDICATION OF INJURY","0","0","0","0","0","3","0","18","4","3","41.9176038179","-87.6875578776","POINT (-87.687557877557 41.917603817942)"
"03ff8f5cad28cde620a965941267c0152c1a0c84e443d5767301472cc3997b352340619f46d9efae47b74d18dff7552c09c2eb41d092abb42413a8b402b05925",,"2026-03-04T18:00:00.000","30","OTHER","NO CONTROLS","RAIN","DARKNESS, LIGHTED ROAD","SIDESWIPE SAME DIRECTION","NOT DIVIDED",,"STRAIGHT AND LEVEL","WET","UNKNOWN","NOT ON SCENE (DESK REPORT)","NO INJURY / DRIVE AWAY",,,,"OVER $1,500","2026-03-04T19:00:00.000","FAILING TO YIELD RIGHT-OF-WAY","NOT APPLICABLE","5516","S","HALSTED ST","712",,,,,,,"2","NO INDICATION OF INJURY","0","0","0","0","0","2","0","18","4","3","41.793391399","-87.6452826145","POINT (-87.645282614541 41.793391398953)"
"2dd06f15898f017240ed377057a0fd2a4b02d209bcb6debeaefd2d189a145c9c3b2e98afac4bd73fc30eab2ac649ec647bba7f02b64f376e473ec6f20fdb42b5",,"2026-03-04T18:00:00.000","30","TRAFFIC SIGNAL","FUNCTIONING PROPERLY","UNKNOWN","UNKNOWN","PEDESTRIAN","DIVIDED - W/MEDIAN (NOT RAISED)",,"STRAIGHT AND LEVEL","UNKNOWN","UNKNOWN","NOT ON SCENE (DESK REPORT)","NO INJURY / DRIVE AWAY","Y",,,"$500 OR LESS","2026-03-05T18:12:00.000","FAILING TO YIELD RIGHT-OF-WAY","FAILING TO YIELD RIGHT-OF-WAY","599","W","MONROE ST","121",,,,,,,"2","NO INDICATION OF INJURY","0","0","0","0","0","2","0","18","4","3","41.8804387208","-87.642543158","POINT (-87.642543158049 41.880438720776)"
"2fd5c4cdf65d8abbed2509712034852c694f2c8f35ce2cc58d8024e5b66e48fdc7665c8952bd6d0cc413e0f323c5dea7530e25074e2c1683587d5fda230867fb",,"2026-03-04T18:00:00.000","30","STOP SIGN/FLASHER","NO CONTROLS","RAIN","DARKNESS, LIGHTED ROAD","REAR END","DIVIDED - W/MEDIAN (NOT RAISED)",,"STRAIGHT AND LEVEL","WET","NO DEFECTS","NOT ON SCENE (DESK REPORT)","NO INJURY / DRIVE AWAY",,,,"$500 OR LESS","2026-03-04T18:01:00.000","FOLLOWING TOO CLOSELY","NOT APPLICABLE","1000","W","GRAND AVE","1214",,,,,,,"2","NO INDICATION OF INJURY","0","0","0","0","0","2","0","18","4","3","41.8912422896","-87.652355874","POINT (-87.652355873963 41.89124228961)"
"6c614f3c1b2cb23ff3241c8d3d103648c0b02c723b9882c8aacb5b5c2eed696fd448b90820870ea7154c9cde0a2f43cec791dc972138fa39c81d7e783b92ba02",,"2026-03-04T18:00:00.000","30","NO CONTROLS","NO CONTROLS","UNKNOWN","DUSK","PEDESTRIAN","ONE-WAY",,"STRAIGHT AND LEVEL","UNKNOWN","NO DEFECTS","NOT ON SCENE (DESK REPORT)","NO INJURY / DRIVE AWAY",,,,"$500 OR LESS","2026-03-16T16:00:00.000","UNABLE TO DETERMINE","UNABLE TO DETERMINE","1900","W","JACKSON BLVD","1225",,,,,,,"2","NO INDICATION OF INJURY","0","0","0","0","0","2","0","18","4","3","41.8776116582","-87.6742278678","POINT (-87.674227867806 41.877611658237)"
"4d01f3c00940f58bded0dcfd15d60d821799ad0baaaed062d8129cdf91392a7b00944766e8605c3489ceda224be1ce0cfb3e2a4d4a239a8b8a898c6424fb226c",,"2026-03-04T17:58:00.000","35","NO CONTROLS","NO CONTROLS","RAIN","UNKNOWN","SIDESWIPE SAME DIRECTION","NOT DIVIDED",,"STRAIGHT AND LEVEL","WET","UNKNOWN","NOT ON SCENE (DESK REPORT)","NO INJURY / DRIVE AWAY",,,,"$501 - $1,500","2026-03-04T18:41:00.000","UNABLE TO DETERMINE","UNABLE TO DETERMINE","7401","N","WESTERN AVE","2411",,,,,,,"2","NO INDICATION OF INJURY","0","0","0","0","0","2","0","17","4","3","42.015675848","-87.6900689645","POINT (-87.690068964544 42.015675847992)"