"crash_record_id","crash_date_est_i","crash_date","posted_speed_limit","traffic_control_device","device_condition","weather_condition","lighting_condition","first_crash_type","trafficway_type","lane_cnt","alignment","roadway_surface_cond","road_defect","report_type","crash_type","intersection_related_i","private_property_i","hit_and_run_i","damage","date_police_notified","prim_contributory_cause","sec_contributory_cause","street_no","street_direction","street_name","beat_of_occurrence","photos_taken_i","statements_taken_i","dooring_i","work_zone_i","work_zone_type","workers_present_i","num_units","most_severe_injury","injuries_total","injuries_fatal","injuries_incapacitating","injuries_non_incapacitating","injuries_reported_not_evident","injuries_no_indication","injuries_unknown","crash_hour","crash_day_of_week","crash_month","latitude","longitude","location"
"3c635febfa8e0a35195278a938ecf7adabbc96ecf244346e507cbf8ad9d82640ed3bfba5e8f61689e3b399d4184a803dc9b0c8236f971c136dc77c4808110f6a",,"2026-03-04T17:55:00.000","35","TRAFFIC SIGNAL","FUNCTIONING PROPERLY","RAIN","DARKNESS, LIGHTED ROAD","SIDESWIPE SAME DIRECTION","DIVIDED - W/MEDIAN (NOT RAISED)",,"STRAIGHT AND LEVEL","WET","NO DEFECTS","NOT ON SCENE (DESK REPORT)","NO INJURY / DRIVE AWAY",,,"Y","OVER $1,500","2026-03-06T16:00:00.000","IMPROPER LANE USAGE","NOT APPLICABLE","1647","N","LA SALLE DR","1814",,,,,,,"2","NO INDICATION OF INJURY","0","0","0","0","0","2","0","17","4","3","41.9125032395","-87.6330119329","POINT (-87.633011932875 41.912503239452)"
"756356909d4276fec796cf34afdb45ebfb87b59b044b074c3d522641706f327056027cb87c11f85146bf8a6806bc44e2b0cb957f6da7275562c4d698f74ad2b4",,"2026-03-04T17:55:00.000","30","TRAFFIC SIGNAL","FUNCTIONING PROPERLY","FREEZING RAIN/DRIZZLE","DUSK","SIDESWIPE SAME DIRECTION","NOT DIVIDED",,"STRAIGHT AND LEVEL","WET","NO DEFECTS","NOT ON SCENE (DESK REPORT)","NO INJURY / DRIVE AWAY",,,,"OVER $1,500","2026-03-04T21:10:00.000","IMPROPER OVERTAKING/PASSING","FAILING TO REDUCE SPEED TO AVOID CRASH","3230","W","COLUMBUS AVE","835",,,,,,,"2","NO INDICATION OF INJURY","0","0","0","0","0","2","0","17","4","3","41.7499537023","-87.7034947549","POINT (-87.703494754851 41.749953702331)"
"f11c8f422516af437b35e1ec572a2128578f2fb11d1f73eac4a540221bb7919ff8743c00e260cd0fe9f28956b697b2d404311cef1d42ce1ed5d23f954ed77a92",,"2026-03-04T17:55:00.000","30","STOP SIGN/FLASHER","FUNCTIONING PROPERLY","RAIN","DARKNESS, LIGHTED ROAD","ANGLE","FOUR WAY",,"STRAIGHT AND LEVEL","WET","UNKNOWN","ON SCENE","INJURY AND / OR TOW DUE TO CRASH","Y",,"Y","OVER $1,500","2026-03-04T18:11:00.000","UNABLE TO DETERMINE","UNABLE TO DETERMINE","2235","S","DAMEN AVE","1034",,,,,,,"2","NONINCAPACITATING INJURY","1","0","0","1","0","1","0","17","4","3","41.8511631601","-87.6756629973","POINT (-87.675662997333 41.851163160114)"
"334fd91a5ce2a93f88426333751c6c149bc2e237857bb3822f8293b91bbefe49e52e1caaf9c0377eeaebfe2489eb263bc2dafa4b6826f074b365cde70cf7a597",,"2026-03-04T17:50:00.000","25","TRAFFIC SIGNAL","UNKNOWN","CLEAR","DARKNESS, LIGHTED ROAD","REAR END","NOT DIVIDED",,"STRAIGHT AND LEVEL","DRY","NO DEFECTS","NOT ON SCENE (DESK REPORT)","NO INJURY / DRIVE AWAY",,,,"$500 OR LESS","2026-03-05T15:45:00.000","UNABLE TO DETERMINE","UNABLE TO DETERMINE","4759","S","CICERO AVE","815",,,,,,,"2","NO INDICATION OF INJURY","0","0","0","0","0","2","0","17","4","3","41.8058924065","-87.7429617024","POINT (-87.742961702353 41.805892406451)"
"2fd8c894b7c0a45bc6121d6828ee335e78a0e5675b4cb83adc2eb775009bd33cf92f62ea5902fadcb7c761df6e6b5085d35ba2e5f55593810a65412442c805ee",,"2026-03-04T17:48:00.000","25","TRAFFIC SIGNAL","FUNCTIONING PROPERLY","RAIN","DARKNESS, LIGHTED ROAD","TURNING","FOUR WAY",,"STRAIGHT AND LEVEL","WET","NO DEFECTS","ON SCENE","NO INJURY / DRIVE AWAY",,,,"OVER $1,500","2026-03-04T17:49:00.000","UNABLE TO DETERMINE","UNABLE TO DETERMINE","635","W","MADISON ST","121",,,,,,,"2","NO INDICATION OF INJURY","0","0","0","0","0","2","0","17","4","3","41.8817113749","-87.644051246","POINT (-87.644051245984 41.881711374867)"
"0a57d956ba178fc717d0da8d1ac73559276161debce32979964080d8d3a3c340107b4c0f1f4791148b5674169b2d11300ca8715afee90d7f097b308f762ab9c9",,"2026-03-04T17:45:00.000","30","TRAFFIC SIGNAL","UNKNOWN","RAIN","DARKNESS","TURNING","NOT DIVIDED",,"STRAIGHT AND LEVEL","WET","UNKNOWN","NOT ON SCENE (DESK REPORT)","NO INJURY / DRIVE AWAY",,,,"OVER $1,500","2026-03-05T06:26:00.000","UNABLE TO DETERMINE","UNABLE TO DETERMINE","2419","W","COLUMBUS AVE","835",,,,,,,"2","NO INDICATION OF INJURY","0","0","0","0","0","2","0","17","4","3","41.7586978839","-87.6836897641","POINT (-87.683689764066 41.758697883882)"
"6722fadf897e76f732f97c976a52fd74e7aad106abe21cd17573186605ec7fb42130f4e7f1f2b839142b2e3b9c686611f80b2816e1ceb5ce8b6f9fd5b837229e",,"2026-03-04T17:40:00.000","30","UNKNOWN","UNKNOWN","UNKNOWN","UNKNOWN","SIDESWIPE SAME DIRECTION","NOT DIVIDED",,"STRAIGHT AND LEVEL","UNKNOWN","UNKNOWN","NOT ON SCENE (DESK REPORT)","NO INJURY / DRIVE AWAY",,,,"$500 OR LESS","2026-03-04T18:25:00.000","IMPROPER LANE USAGE","NOT APPLICABLE","600","N","MICHIGAN AVE","1834",,,,,,,"2","NO INDICATION OF INJURY","0","0","0","0","0","2","0","17","4","3","41.8925932255","-87.6243340479","POINT (-87.624334047949 41.892593225538)"
"9da34a833f7bc1e6b2273ddce349d5b9f1881b75508706647c2ca676cd4f316957deb2ec6e685dd2e1d6e2a871f4735af609c527b5eda59fc2bb9aa22f8c9adc",,"2026-03-04T17:40:00.000","30","TRAFFIC SIGNAL","FUNCTIONING PROPERLY","RAIN","DARKNESS, LIGHTED ROAD","HEAD ON","NOT DIVIDED",,"STRAIGHT AND LEVEL","WET","NO DEFECTS","ON SCENE","INJURY AND / OR TOW DUE TO CRASH",,,"Y","OVER $1,500","2026-03-04T17:45:00.000","UNABLE TO DETERMINE","UNABLE TO DETERMINE","4000","N","DAMEN AVE","1911","Y","Y",,,,,"2","REPORTED, NOT EVIDENT","1","0","0","0","1","1","0","17","4","3","41.9541748304","-87.6789019611","POINT (-87.678901961085 41.954174830379)"
"e4a34762cbac9e2c0bc85ce71bcb8df931b1843e8283c08d0e7262ef0d2a7224d9c2580d64c4a166f43eeeef829bd14ee2717a15872a6744e7b95936b2dfea73",,"2026-03-04T17:40:00.000","30","NO CONTROLS","NO CONTROLS","RAIN","DAYLIGHT","REAR END","DIVIDED - W/MEDIAN BARRIER",,"STRAIGHT AND LEVEL","WET","NO DEFECTS","ON SCENE","INJURY AND / OR TOW DUE TO CRASH",,,,"OVER $1,500","2026-03-04T17:43:00.000","IMPROPER OVERTAKING/PASSING","NOT APPLICABLE","2860","S","LAKE SHORE DR SB","133",,,,,,,"2","REPORTED, NOT EVIDENT","4","0","0","0","4","1","0","17","4","3","41.8421711619","-87.6103422063","POINT (-87.610342206256 41.84217116193)"
"d6925ad34721743430b3dc1b72438f04af4006ee0653bb239d22ff3d24ef07ae6d9d464a2ecfd6056cc53666cf4511e769549dcc3484aa2dad668ba0b1e6f3a5",,"2026-03-04T17:37:00.000","30","NO CONTROLS","NO CONTROLS","FOG/SMOKE/HAZE","DARKNESS, LIGHTED ROAD","SIDESWIPE SAME DIRECTION","DIVIDED - W/MEDIAN BARRIER",,"STRAIGHT AND LEVEL","WET","NO DEFECTS","ON SCENE","NO INJURY / DRIVE AWAY",,,,"OVER $1,500","2026-03-04T17:52:00.000","UNABLE TO DETERMINE","NOT APPLICABLE","85","E","WACKER DR","111",,,,,,,"2","NO INDICATION OF INJURY","0","0","0","0","0","7","0","17","4","3","41.8880962904","-87.625177279","POINT (-87.625177278957 41.888096290382)"
"ff99625fd7bffeff85645c82140bbcb3b6c6b17a20b5fe4c38a8e5852ec7708930b73602d7e41b30d7d86349b038d40d601af972a120188f47701eb9c6ec6ffd",,"2026-03-04T17:35:00.000","30","NO CONTROLS","NO CONTROLS","RAIN","UNKNOWN","REAR TO FRONT","NOT DIVIDED",,"STRAIGHT AND LEVEL","UNKNOWN","UNKNOWN","NOT ON SCENE (DESK REPORT)","NO INJURY / DRIVE AWAY",,,"Y","OVER $1,500","2026-03-04T17:45:00.000","UNABLE TO DETERMINE","UNABLE TO DETERMINE","6300","S","STATE ST","312",,,,,,,"2","NO INDICATION OF INJURY","0","0","0","0","0","2","0","17","4","3","41.7800082774","-87.6255225119","POINT (-87.625522511916 41.780008277408)"
"851e4ee098f3b70e13b38307704c8b19c035d7cd3cd19f49610f9f91f86d2c40e6d5b06764c5d28899dfd5c23dcb024ddbacf37c4648bb60a914af2bc25a3073",,"2026-03-04T17:34:00.000","30","NO CONTROLS","NO CONTROLS","CLEAR","DAYLIGHT","SIDESWIPE SAME DIRECTION","DIVIDED - W/MEDIAN (NOT RAISED)",,"STRAIGHT AND LEVEL","DRY","NO DEFECTS","NOT ON SCENE (DESK REPORT)","NO INJURY / DRIVE AWAY",,,"Y","OVER $1,500","2026-03-04T18:00:00.000","UNABLE TO DETERMINE","UNABLE TO DETERMINE","211","E","GARFIELD BLVD","231",,,,,,,"2","NO INDICATION OF INJURY","0","0","0","0","0","2","0","17","4","3","41.7942922001","-87.6203479163","POINT (-87.620347916348 41.794292200109)"
"186665c97fa174e0a3d915aa543a47d4dcc882a42aba58621fe03a46281cda520d8c58dc79848a18f0056f20d58d63a9ab3531394e66f20bc062d824c538cf8d",,"2026-03-04T17:30:00.000","30","NO CONTROLS","NO CONTROLS","RAIN","DARKNESS, LIGHTED ROAD","SIDESWIPE SAME DIRECTION","NOT DIVIDED",,"STRAIGHT AND LEVEL","WET","NO DEFECTS","NOT ON SCENE (DESK REPORT)","NO INJURY / DRIVE AWAY",,,,"$500 OR LESS","2026-03-04T20:01:00.000","WEATHER","UNABLE TO DETERMINE","2028","S","MICHIGAN AVE","131",,,,,,,"2","NO INDICATION OF INJURY","0","0","0","0","0","3","0","17","4","3","41.8546285241","-87.6240066308","POINT (-87.624006630756 41.8546285241)"
"bce5867ed18755de252c7dc64cee26695205b3b47173c9d9b51f9f17ba3bd3b753f8bf618c8a205fd2b2b35e10899beace173103644b020238113e4016a8b0f7",,"2026-03-04T17:30:00.000","20","NO CONTROLS","NO CONTROLS","RAIN","DARKNESS, LIGHTED ROAD","PARKED MOTOR VEHICLE","ONE-WAY",,"STRAIGHT AND LEVEL","WET","NO DEFECTS","ON SCENE","INJURY AND / OR TOW DUE TO CRASH",,,,"OVER $1,500","2026-03-04T17:31:00.000","PHYSICAL CONDITION OF DRIVER","NOT APPLICABLE","11041","S","NORMAL AVE","2233",,,,,,,"3","NO INDICATION OF INJURY","0","0","0","0","0","1","0","17","4","3","41.6930609513","-87.6350097567","POINT (-87.635009756733 41.693060951296)"
"f8ae4c61614586c4530cbc58b29e19ecee08c9a35637bd4b0ad16b6b95cbe45127613109238b16559b22bb6d0a15d1b29ed84f7dbc86d576578021e5cb2f730b","Y","2026-03-04T17:30:00.000","10","NO CONTROLS","NO CONTROLS","UNKNOWN","UNKNOWN","PARKED MOTOR VEHICLE","OTHER",,"STRAIGHT AND LEVEL","UNKNOWN","UNKNOWN","NOT ON SCENE (DESK REPORT)","NO INJURY / DRIVE AWAY",,"Y","Y","OVER $1,500","2026-03-06T10:10:00.000","UNABLE TO DETERMINE","UNABLE TO DETERMINE","3420","N","LAKE SHORE DR","1925",,,,,,,"2","NO INDICATION OF INJURY","0","0","0","0","0","1","0","17","4","3","41.9440546233","-87.6410337082","POINT (-87.641033708248 41.944054623262)"
"fa3150c5b526b145c9c8ea6ec2d32deef7d79d8932e6b3059cc4464701b889ebc343588a0429919d7f555c3ee042b13d3a7fe398f1a05dc263d5cdbd0856febf",,"2026-03-04T17:25:00.000","35","TRAFFIC SIGNAL","FUNCTIONING PROPERLY","RAIN","DARKNESS, LIGHTED ROAD","TURNING","DIVIDED - W/MEDIAN (NOT RAISED)",,"STRAIGHT AND LEVEL","WET","NO DEFECTS","ON SCENE","NO INJURY / DRIVE AWAY",,,"Y","OVER $1,500","2026-03-04T17:29:00.000","FAILING TO YIELD RIGHT-OF-WAY","NOT APPLICABLE","201","N","ASHLAND AVE","1215",,,,,,,"2","NO INDICATION OF INJURY","0","0","0","0","0","3","0","17","4","3","41.8853896601","-87.666825816","POINT (-87.666825816005 41.88538966011)"
"670c5186f55dbe90e6ccfb15bdc6814bcea8fe91eb5cab69b39314408c5e0efe703f7a5fe748ae8471fb0a068e9cd45814d9886f7836e42a7d76acb4e251fc16",,"2026-03-04T17:24:00.000","30","STOP SIGN/FLASHER","FUNCTIONING PROPERLY","CLEAR","DUSK","SIDESWIPE SAME DIRECTION","T-INTERSECTION",,"STRAIGHT AND LEVEL","DRY","NO DEFECTS","NOT ON SCENE (DESK REPORT)","NO INJURY / DRIVE AWAY",,,"Y","OVER $1,500","2026-03-06T14:00:00.000","OPERATING VEHICLE IN ERRATIC, RECKLESS, CARELESS, NEGLIGENT OR AGGRESSIVE MANNER","IMPROPER OVERTAKING/PASSING","540","N","LAKE SHORE DR","1834",,,,,,,"2","NO INDICATION OF INJURY","0","0","0","0","0","2","0","17","4","3","41.8923492672","-87.6145571703","POINT (-87.614557170251 41.892349267241)"
"29a9aaf61acc4259c64b957f5198bb06b8ed0103c74f9d26acacd8a431bd32c195b73643f76113d0fe4156205f722ad1a85e8865b0a653262a5dd4166481aef5",,"2026-03-04T17:20:00.000","30","NO CONTROLS","NO CONTROLS","RAIN","DAYLIGHT","PARKED MOTOR VEHICLE","NOT DIVIDED",,"STRAIGHT AND LEVEL","WET","UNKNOWN","NOT ON SCENE (DESK REPORT)","NO INJURY / DRIVE AWAY",,,"Y","$501 - $1,500","2026-03-04T19:10:00.000","UNABLE TO DETERMINE","NOT APPLICABLE","10435","S","KEDZIE AVE","2211",,,,,,,"2","NO INDICATION OF INJURY","0","0","0","0","0","1","0","17","4","3","41.7033000215","-87.7010979784","POINT (-87.701097978385 41.703300021547)"
"a896bb7c2653c4e97cdd9a9c9bf19e2cca69b93f9147864bcc1cf991589da6ba435f08bc59012e29a57a4eab523c7dea46daacae96436437a7d55e125e8c7077",,"2026-03-04T17:20:00.000","30","NO CONTROLS","NO CONTROLS","RAIN","DARKNESS, LIGHTED ROAD","REAR END","DIVIDED - W/MEDIAN BARRIER",,"STRAIGHT AND LEVEL","WET","UNKNOWN","ON SCENE","NO INJURY / DRIVE AWAY",,,"Y","$501 - $1,500","2026-03-04T17:29:00.000","FOLLOWING TOO CLOSELY","UNABLE TO DETERMINE","3548","N","CICERO AVE","1634",,,,,,,"2","NO INDICATION OF INJURY","0","0","0","0","0","2","0","17","4","3","41.9457232406","-87.7471975312","POINT (-87.747197531232 41.945723240617)"
"e93ce71209e28c32f43ce19a4eb701fec93b36d406b6d5379864a786a3d8dadce92e93f34eadc9a6b0e1e7fa4ae36b6895fd120365d041d409fcd78e9dd4784b","Y","2026-03-04T17:18:00.000","30","NO CONTROLS","WORN REFLECTIVE MATERIAL","UNKNOWN","UNKNOWN","PEDALCYCLIST","CENTER TURN LANE",,"STRAIGHT AND LEVEL","UNKNOWN","UNKNOWN","NOT ON SCENE (DESK REPORT)","INJURY AND / OR TOW DUE TO CRASH",,,"Y","OVER $1,500","2026-03-06T16:00:00.000","FAILING TO YIELD RIGHT-OF-WAY","NOT APPLICABLE","4617","N","CLARK ST","1913",,,,,,,"2","REPORTED, NOT EVIDENT","1","0","0","0","1","1","0","17","4","3","41.9658274665","-87.6667035563","POINT (-87.666703556274 41.965827466539)"
"fc6df98084c4168f480ecf297339ca7a99460e17cef672625011e1d23b3623d063ad105f0b989e89c7762d5557ebd3775980c6615288fa2893b32037334d9bf7",,"2026-03-04T17:17:00.000","30","NO CONTROLS","NO CONTROLS","RAIN","DUSK","REAR END","DIVIDED - W/MEDIAN (NOT RAISED)",,"STRAIGHT AND LEVEL","WET","UNKNOWN","ON SCENE","NO INJURY / DRIVE AWAY",,,,"OVER $1,500","2026-03-04T17:20:00.000","UNABLE TO DETERMINE","UNABLE TO DETERMINE","6532","N","HARLEM AVE","1611",,,,,,,"2","NO INDICATION OF INJURY","0","0","0","0","0","3","0","17","4","3","41.9996783294","-87.8069202739","POINT (-87.806920273943 41.999678329382)"
"a8a55cb858e3104deb6d8c4f95ba78d6a17092632aea8b7e61c7842338a8364161a5976269b6647bfaac6e1062e8be2ad4453df935c825192e71632d05703629",,"2026-03-04T17:08:00.000","35","OTHER","NO CONTROLS","RAIN","DARKNESS, LIGHTED ROAD","TURNING","NOT DIVIDED",,"STRAIGHT AND LEVEL","WET","UNKNOWN","ON SCENE","INJURY AND / OR TOW DUE TO CRASH",,,"Y","OVER $1,500","2026-03-04T17:08:00.000","IMPROPER TURNING/NO SIGNAL","FAILING TO YIELD RIGHT-OF-WAY","2928","W","COLUMBUS AVE","835",,,,,,,"2","NO INDICATION OF INJURY","0","0","0","0","0","3","0","17","4","3","41.7533753108","-87.6962389205","POINT (-87.696238920548 41.75337531079)"
"072180cf793cf416f68b9eb3dd186fab0192976d292b78fdb173dfd9020064b267a9e7f4f0bd70dd8a8448b273daf168be89a5e3d4a59640051db370e908614f",,"2026-03-04T17:05:00.000","35","NO CONTROLS","NO CONTROLS","RAIN","DAWN","PEDESTRIAN","NOT DIVIDED",,"STRAIGHT AND LEVEL","WET","UNKNOWN","ON SCENE","INJURY AND / OR TOW DUE TO CRASH",,,"Y","OVER $1,500","2026-03-04T17:10:00.000","FAILING TO YIELD RIGHT-OF-WAY","UNABLE TO DETERMINE","3504","W","26TH ST","1024",,,,,,,"2","NONINCAPACITATING INJURY","1","0","0","1","0","1","0","17","4","3","41.8445165074","-87.7125981632","POINT (-87.71259816321 41.844516507356)"
"91d3d79de6892b4493df5e7d4c1f75838b00729691e1a6048e5d699dff2518677f05f08da0cc9d5dc8edc0ee26b271d0b44f6aa3d3bc7f9ecaf9bf588d653b20",,"2026-03-04T17:05:00.000","30","TRAFFIC SIGNAL","FUNCTIONING PROPERLY","CLOUDY/OVERCAST","DAWN","REAR END","FOUR WAY",,"STRAIGHT AND LEVEL","WET","NO DEFECTS","NOT ON SCENE (DESK REPORT)","NO INJURY / DRIVE AWAY",,,"Y","OVER $1,500","2026-03-04T17:30:00.000","FOLLOWING TOO CLOSELY","NOT APPLICABLE","3400","W","IRVING PARK RD","1723",,,,,,,"2","NO INDICATION OF INJURY","0","0","0","0","0","2","0","17","4","3","41.9539656778","-87.7129687632","POINT (-87.712968763225 41.953965677765)"
"99ecd3777fea0cc37d4207293bf4621d81936f00a664d3214c3b3267dc2aa692176156b03521e3f80c6fbda28e3df2f67054c217fce434428b8c3623de82ff17",,"2026-03-04T17:02:00.000","30","TRAFFIC SIGNAL","FUNCTIONING PROPERLY","CLEAR","DAWN","REAR END","DIVIDED - W/MEDIAN (NOT RAISED)",,"STRAIGHT AND LEVEL","WET","NO DEFECTS","NOT ON SCENE (DESK REPORT)","NO INJURY / DRIVE AWAY",,,,"$501 - $1,500","2026-03-04T17:30:00.000","UNABLE TO DETERMINE","UNABLE TO DETERMINE","1813","W","83RD ST","614",,,,,,,"2","NO INDICATION OF INJURY","0","0","0","0","0","2","0","17","4","3","41.742891151","-87.6686343053","POINT (-87.668634305301 41.74289115097)"
"0ae611f821c8eb69dc6bb81e2068a050c33e438a45d31dc7ce426a78d045deda37be6c8a5a7d1afbe554471adb829f2565642267a604b6723479434dec0134d9",,"2026-03-04T17:00:00.000","30","NO CONTROLS","NO CONTROLS","CLEAR","DAYLIGHT","PARKED MOTOR VEHICLE","NOT DIVIDED",,"STRAIGHT AND LEVEL","UNKNOWN","NO DEFECTS","NOT ON SCENE (DESK REPORT)","NO INJURY / DRIVE AWAY",,,"Y","OVER $1,500","2026-03-04T17:40:00.000","UNABLE TO DETERMINE","NOT APPLICABLE","1014","S","PAULINA ST","1231",,,,,,,"2","NO INDICATION OF INJURY","0","0","0","0","0","1","0","17","4","3","41.8687534118","-87.6691016535","POINT (-87.669101653544 41.868753411764)"
"1737459434b753cda7a238b7c8ba78b7a6206d655199a8b4520edf233f4417e79b87087fa9ca7c1669a8523e1523cd005185b5586f0a9c38e853b9753c893aad","Y","2026-03-04T17:00:00.000","30","NO CONTROLS","NO CONTROLS","RAIN","DUSK","TURNING","NOT DIVIDED",,"STRAIGHT AND LEVEL","WET","UNKNOWN","NOT ON SCENE (DESK REPORT)","NO INJURY / DRIVE AWAY",,,,"OVER $1,500","2026-03-04T18:00:00.000","FAILING TO YIELD RIGHT-OF-WAY","NOT APPLICABLE","2600","W","DIVERSEY AVE","1411",,,,,,,"2","NO INDICATION OF INJURY","0","0","0","0","0","2","0","17","4","3","41.9322394964","-87.6928314955","POINT (-87.692831495492 41.932239496426)"
"a1e418a7a678625e746991b842188d46d4ef83862634040d0a597b99fb98ba92b2b71ddba75aeaee32c5bcafa3f55170cb94e2cdeda996815541fa8a0f86a177",,"2026-03-04T17:00:00.000","30","NO CONTROLS","NO CONTROLS","RAIN","DARKNESS, LIGHTED ROAD","ANGLE","NOT DIVIDED",,"STRAIGHT AND LEVEL","WET","NO DEFECTS","ON SCENE","INJURY AND / OR TOW DUE TO CRASH",,,,"OVER $1,500","2026-03-04T17:06:00.000","FAILING TO YIELD RIGHT-OF-WAY","FAILING TO YIELD RIGHT-OF-WAY","1198","W","20TH PL","1235",,,,,,,"2","REPORTED, NOT EVIDENT","1","0","0","0","1","1","0","17","4","3","41.8544270308","-87.6562431411","POINT (-87.656243141076 41.854427030837)"
"e04560395e0c74ff8ce4ddc0f071abed16de30cf77dce464ffde13a12fa7a57d51ab836275a1c9bbabf0f5bc0a385b3ae2d29b7c0deed28dd1aad58887863b81",,"2026-03-04T16:53:00.000","30","STOP SIGN/FLASHER","FUNCTIONING PROPERLY","RAIN","DUSK","ANGLE","FOUR WAY",,"STRAIGHT AND LEVEL","WET","NO DEFECTS","ON SCENE","INJURY AND / OR TOW DUE TO CRASH","Y",,,"OVER $1,500","2026-03-04T16:53:00.000","FAILING TO YIELD RIGHT-OF-WAY","NOT APPLICABLE","5000","S","WESTERN AVE","923",,,,,,,"2","NO INDICATION OF INJURY","0","0","0","0","0","3","0","16","4","3","41.8028708167","-87.6844163419","POINT (-87.684416341899 41.802870816721)"
"84ca795c1c050eea7e2ab818cd2d859f1f724b368662affe91a8808c0f94d86bbeb3317708d4b5eb3e7c859973ddeca2087f9b5686c676dc44dbe8a13aae079b","Y","2026-03-04T16:50:00.000","15","NO CONTROLS","NO CONTROLS","UNKNOWN","DAYLIGHT","ANGLE","ALLEY",,"STRAIGHT AND LEVEL","UNKNOWN","UNKNOWN","NOT ON SCENE (DESK REPORT)","NO INJURY / DRIVE AWAY",,,,"$500 OR LESS","2026-03-05T16:15:00.000","FAILING TO YIELD RIGHT-OF-WAY","NOT APPLICABLE","1640","S","MICHIGAN AVE","131",,,,,,,"2","NO INDICATION OF INJURY","0","0","0","0","0","2","0","16","4","3","41.8591138384","-87.6241082235","POINT (-87.624108223515 41.859113838421)"
"8faebffdeee97dd1ba56f51ad8f03fefef16d7f9c11c55ec8fbd061fc3504886fc1f0a62073f495aa5c1e850cf20bb7b7b76c5b3c1785db6c998e8f53f4e78cc",,"2026-03-04T16:46:00.000","30","STOP SIGN/FLASHER","FUNCTIONING PROPERLY","RAIN","DUSK","TURNING","NOT DIVIDED",,"STRAIGHT AND LEVEL","WET","NO DEFECTS","ON SCENE","INJURY AND / OR TOW DUE TO CRASH","Y",,,"OVER $1,500","2026-03-04T16:51:00.000","FAILING TO YIELD RIGHT-OF-WAY","DRIVING SKILLS/KNOWLEDGE/EXPERIENCE","6934","W","HIGGINS AVE","1613",,,,,,,"2","NO INDICATION OF INJURY","0","0","0","0","0","2","0","16","4","3","41.9799797618","-87.8011922246","POINT (-87.80119222464 41.979979761786)"
"0d6ad0118021834bb2de56fc60130570f54adab5aab5bfcc3e5ef77c79e152c0eb82707b3f169fe62d79d14e1f688c732ed413694a0b7545b848a1e8c9f5afdd",,"2026-03-04T16:45:00.000","30","NO CONTROLS","NO CONTROLS","RAIN","DUSK","SIDESWIPE SAME DIRECTION","FOUR WAY",,"STRAIGHT AND LEVEL","WET","NO DEFECTS",,"INJURY AND / OR TOW DUE TO CRASH","N",,,"OVER $1,500","2026-03-04T16:47:00.000","IMPROPER OVERTAKING/PASSING","DRIVING ON WRONG SIDE/WRONG WAY","6915","S","JUSTINE ST","734",,,,,,,"2","NONINCAPACITATING INJURY","1","0","0","1","0","1","0","16","4","3","41.7680839365","-87.6625440297","POINT (-87.662544029676 41.768083936456)"
"5d022da7c636d3784211a7d03c2b082b7b0fd2cd9414380bd0154fcc8167a2909fd1b96b9209d7ac3c389253b9d406da1b795ffb59cb94e285cbb9b21ceb587f",,"2026-03-04T16:45:00.000","30","NO CONTROLS","NO CONTROLS","RAIN","DAYLIGHT","TURNING","DIVIDED - W/MEDIAN (NOT RAISED)",,"STRAIGHT AND LEVEL","WET","NO DEFECTS","ON SCENE","INJURY AND / OR TOW DUE TO CRASH","Y",,,"OVER $1,500","2026-03-04T16:55:00.000","FAILING TO YIELD RIGHT-OF-WAY","FAILING TO YIELD RIGHT-OF-WAY","656","N","ASHLAND AVE","1215",,"N",,,,,"2","NONINCAPACITATING INJURY","2","0","0","2","0","1","0","16","4","3","41.894145552","-87.6673801965","POINT (-87.667380196531 41.894145551953)"
"30a28772956e163664728cb345385fc82ea481dedada431541dd5bc96f1bdb79de7cbd65d80b7270bf761e2369022a7c9fe5c2af66d57a289b18bc077294bfea",,"2026-03-04T16:40:00.000","30","TRAFFIC SIGNAL","FUNCTIONING PROPERLY","RAIN","DAYLIGHT","TURNING","DIVIDED - W/MEDIAN (NOT RAISED)",,"STRAIGHT AND LEVEL","WET","UNKNOWN","NOT ON SCENE (DESK REPORT)","NO INJURY / DRIVE AWAY",,,,"OVER $1,500","2026-03-04T17:40:00.000","UNABLE TO DETERMINE","NOT APPLICABLE","10000","S","COMMERCIAL AVE","431",,,,,,,"2","NO INDICATION OF INJURY","0","0","0","0","0","2","0","16","4","3","41.7133092794","-87.5510964501","POINT (-87.5510964501 41.713309279442)"
"6b7bef073d1139e7c9b321473a48cf8e643879706e4a128eb8594cc3c0195d488f212672251567ac2749d5aafbacf95c01e9b6c4ad184ac0ca094b0f5a8614dd",,"2026-03-04T16:40:00.000","30","NO CONTROLS","NO CONTROLS","RAIN","DAYLIGHT","PEDALCYCLIST","TRAFFIC ROUTE",,"STRAIGHT ON GRADE","DRY","UNKNOWN","ON SCENE","INJURY AND / OR TOW DUE TO CRASH","Y",,,"OVER $1,500","2026-03-04T16:43:00.000","FAILING TO YIELD RIGHT-OF-WAY","NOT APPLICABLE","4600","N","LAKE SHORE DR SB","1914",,,,,,,"2","REPORTED, NOT EVIDENT","1","0","0","0","1","2","0","16","4","3","41.9657184879","-87.6474766551","POINT (-87.647476655051 41.965718487888)"