"crash_record_id","crash_date_est_i","crash_date","posted_speed_limit","traffic_control_device","device_condition","weather_condition","lighting_condition","first_crash_type","trafficway_type","lane_cnt","alignment","roadway_surface_cond","road_defect","report_type","crash_type","intersection_related_i","private_property_i","hit_and_run_i","damage","date_police_notified","prim_contributory_cause","sec_contributory_cause","street_no","street_direction","street_name","beat_of_occurrence","photos_taken_i","statements_taken_i","dooring_i","work_zone_i","work_zone_type","workers_present_i","num_units","most_severe_injury","injuries_total","injuries_fatal","injuries_incapacitating","injuries_non_incapacitating","injuries_reported_not_evident","injuries_no_indication","injuries_unknown","crash_hour","crash_day_of_week","crash_month","latitude","longitude","location"
"3fae231dbf3c255ffa20d5c90af29fe3eeda6625cd89e02a2e3358d533f8254529d93cd03077c5ff17b895cf38324ca9e94b1c1e02a2127922bce7d3e4b54d0c",,"2026-03-04T16:39:00.000","30","NO CONTROLS","NO CONTROLS","OTHER","DAYLIGHT","REAR END","NOT DIVIDED",,"STRAIGHT AND LEVEL","WET","NO DEFECTS","ON SCENE","INJURY AND / OR TOW DUE TO CRASH",,,,"OVER $1,500","2026-03-04T16:48:00.000","FOLLOWING TOO CLOSELY","FOLLOWING TOO CLOSELY","3222","W","LAWRENCE AVE","1713",,,,,,,"2","NO INDICATION OF INJURY","0","0","0","0","0","3","0","16","4","3","41.9685516975","-87.7094657077","POINT (-87.709465707692 41.968551697531)"
"f59ab1b7a95081e044d4bfbbdcc9e94ac962a827737a5caa7b2a886fa74fc0ec0996ad8e55d667e0f7f0c02c9ebce96fc38c233071fc6221cc1e6b9e9fa00ea1",,"2026-03-04T16:34:00.000","30","TRAFFIC SIGNAL","FUNCTIONING PROPERLY","RAIN","DAYLIGHT","ANGLE","DIVIDED - W/MEDIAN (NOT RAISED)",,"STRAIGHT AND LEVEL","WET","NO DEFECTS","NOT ON SCENE (DESK REPORT)","NO INJURY / DRIVE AWAY","Y",,,"OVER $1,500","2026-03-04T17:20:00.000","UNABLE TO DETERMINE","NOT APPLICABLE","3024","E","92ND ST","424",,,,,,,"2","NO INDICATION OF INJURY","0","0","0","0","0","3","0","16","4","3","41.7283722514","-87.550143979","POINT (-87.550143978958 41.728372251365)"
"511d33b78bf480fb26b454d956b11009780845603d4ffc32fe321e774006edd6e9ef90f78a4ccb0dd959c521719de39281ede3d02ef1d13b7175138c1b70a7f2",,"2026-03-04T16:30:00.000","30","OTHER","NO CONTROLS","RAIN","DAYLIGHT","REAR END","NOT DIVIDED",,"STRAIGHT AND LEVEL","WET","OTHER","NOT ON SCENE (DESK REPORT)","NO INJURY / DRIVE AWAY",,,"N","$501 - $1,500","2026-03-05T08:50:00.000","UNABLE TO DETERMINE","NOT APPLICABLE","3330","W","MARQUETTE RD","831",,,,,,,"2","NO INDICATION OF INJURY","0","0","0","0","0","2","0","16","4","3","41.7717259732","-87.7066364874","POINT (-87.706636487427 41.771725973203)"
"9c828e509226523ec973599f876cc9d753c10ab360935fa4a54a2e7a1f66551b03e48cec436927d3ae0baa98fd29b772ecd6177f498c2516762b6799b9ea27fb",,"2026-03-04T16:30:00.000","30","NO CONTROLS","NO CONTROLS","RAIN","DAYLIGHT","SIDESWIPE SAME DIRECTION","NOT DIVIDED",,"STRAIGHT AND LEVEL","WET","NO DEFECTS","ON SCENE","NO INJURY / DRIVE AWAY",,,,"OVER $1,500","2026-03-04T16:42:00.000","UNABLE TO DETERMINE","DRIVING SKILLS/KNOWLEDGE/EXPERIENCE","8424","W","BRYN MAWR AVE","1614",,,,,,,"2","NO INDICATION OF INJURY","0","0","0","0","0","2","0","16","4","3","41.9812158612","-87.8377953953","POINT (-87.837795395288 41.981215861211)"
"f6fca1585fefd8892ee7e47dd4bd379eeba5299e3a90ce0f69170cb833e49ce69066bf5e1b5a5677432ea6ddd836340cdb4b6ebc933f3ea517c77f2b5a101809","Y","2026-03-04T16:30:00.000","25","NO CONTROLS","NO CONTROLS","CLEAR","DARKNESS","PARKED MOTOR VEHICLE","OTHER",,"STRAIGHT AND LEVEL","UNKNOWN","UNKNOWN","NOT ON SCENE (DESK REPORT)","NO INJURY / DRIVE AWAY",,,"Y","$500 OR LESS","2026-03-05T00:05:00.000","IMPROPER BACKING","NOT APPLICABLE","860","E","59TH ST","235",,,,,,,"2","NO INDICATION OF INJURY","0","0","0","0","0","2","0","16","4","3","41.7878302794","-87.6037454586","POINT (-87.603745458579 41.787830279361)"
"1fe87e644d8f8a333f378b00a639b18294968e2a43518ac8164b3f14b6085cda62b65bbb8b0ee04658654c18bf9833f4ba195f68cc6c679a0cc3c1593a30ade6",,"2026-03-04T16:26:00.000","30","NO CONTROLS","NO CONTROLS","RAIN","DAYLIGHT","SIDESWIPE SAME DIRECTION","ONE-WAY",,"STRAIGHT AND LEVEL","WET","UNKNOWN","NOT ON SCENE (DESK REPORT)","NO INJURY / DRIVE AWAY",,,,"OVER $1,500","2026-03-04T16:28:00.000","IMPROPER OVERTAKING/PASSING","NOT APPLICABLE","4998","S","INDIANA AVE","224",,,,,,,"2","NO INDICATION OF INJURY","0","0","0","0","0","2","0","16","4","3","41.8039366667","-87.6212216984","POINT (-87.621221698439 41.803936666725)"
"6a937472cffac4f724948f1b85515be53554f4967c7a4b9c8cd86ade8cd1ff40d26a888b50ce19354d6fb237ba72e12ae5621f97f2f6d7828e5fa309e62a8522","Y","2026-03-04T16:20:00.000","30","STOP SIGN/FLASHER","FUNCTIONING PROPERLY","RAIN","DAYLIGHT","ANGLE","NOT DIVIDED",,"STRAIGHT AND LEVEL","WET","NO DEFECTS","ON SCENE","INJURY AND / OR TOW DUE TO CRASH","Y",,,"OVER $1,500","2026-03-04T16:22:00.000","UNABLE TO DETERMINE","UNABLE TO DETERMINE","1300","S","PULASKI RD","1011",,,,,,,"2","NO INDICATION OF INJURY","0","0","0","0","0","4","0","16","4","3","41.864251194","-87.7252627897","POINT (-87.725262789691 41.864251193953)"
"cbac8f7ef913ffec3477b184c7e08c3f81091e69567c6488de0350061af726d56eeaf433bd1d5ebcd1344b07952b081fbbbcf045a2354ba4be753a967cd6dc18",,"2026-03-04T16:20:00.000","30","NO CONTROLS","NO CONTROLS","RAIN","DUSK","SIDESWIPE SAME DIRECTION","DIVIDED - W/MEDIAN BARRIER",,"STRAIGHT AND LEVEL","WET","NO DEFECTS","ON SCENE","NO INJURY / DRIVE AWAY",,,,"OVER $1,500","2026-03-04T16:30:00.000","IMPROPER LANE USAGE","IMPROPER OVERTAKING/PASSING","11706","S","WESTERN AVE","2212",,,,,,,"2","NO INDICATION OF INJURY","0","0","0","0","0","3","0","16","4","3","41.6806588301","-87.6809537106","POINT (-87.680953710591 41.680658830103)"
"ec154ee8b1da7e9159afe1faa4b97a76f3ba0140d2ee1f96b71c7250a998f12d723e5ce35a835484f7b410a50664c07335ca592831802b58efd47baa83e62586",,"2026-03-04T16:20:00.000","30","TRAFFIC SIGNAL","FUNCTIONING PROPERLY","RAIN","DAYLIGHT","TURNING","NOT DIVIDED",,"STRAIGHT AND LEVEL","WET","NO DEFECTS","NOT ON SCENE (DESK REPORT)","NO INJURY / DRIVE AWAY","Y",,,"OVER $1,500","2026-03-04T17:20:00.000","IMPROPER TURNING/NO SIGNAL","FAILING TO YIELD RIGHT-OF-WAY","3200","W","FOSTER AVE","1712",,,,,,,"2","NO INDICATION OF INJURY","0","0","0","0","0","3","0","16","4","3","41.9758569155","-87.7087436416","POINT (-87.708743641643 41.975856915535)"
"9283d02c8f961c8313cb5aa3d2509330eaa6876dc5e9e6789ac011b55d535fce5d6d596a3350d6eaa1e550081ffffe1644de73e9082c67a0760dbc814a45881b",,"2026-03-04T16:18:00.000","30","NO CONTROLS","NO CONTROLS","RAIN","DAYLIGHT","TURNING","NOT DIVIDED",,"STRAIGHT AND LEVEL","WET","NO DEFECTS","ON SCENE","INJURY AND / OR TOW DUE TO CRASH",,,,"OVER $1,500","2026-03-04T16:19:00.000","UNABLE TO DETERMINE","NOT APPLICABLE","39","E","83RD ST","632",,,,,,,"2","REPORTED, NOT EVIDENT","1","0","0","0","1","2","0","16","4","3","41.7435690763","-87.6228743392","POINT (-87.622874339244 41.743569076274)"
"31e7609d9bab2c305d9af35cedcd3b19a3b5b41c10306f70d78458cb23a0b07a7b8f2aeb31b862c2f75bea4ef4503ad950aff2c0fcf7abd0194009b92c25fce9",,"2026-03-04T16:15:00.000","30","NO CONTROLS","NO CONTROLS","CLEAR","DAYLIGHT","SIDESWIPE SAME DIRECTION","NOT DIVIDED",,"STRAIGHT AND LEVEL","DRY","UNKNOWN","NOT ON SCENE (DESK REPORT)","NO INJURY / DRIVE AWAY",,,"Y","OVER $1,500","2026-03-04T19:19:00.000","UNABLE TO DETERMINE","NOT APPLICABLE","9800","S","HALSTED ST","2223",,,,,,,"2","NO INDICATION OF INJURY","0","0","0","0","0","2","0","16","4","3","41.7158702032","-87.6432101395","POINT (-87.643210139548 41.715870203216)"
"d22280882f4f4b546313e11266115df1a6f051624820af44271cfec91b1209b11a27044f192c678c4827be9464ff50ec33701dfd88e31f66455b51ba326c02a3",,"2026-03-04T16:15:00.000","30","NO CONTROLS","NO CONTROLS","RAIN","DAYLIGHT","TURNING","NOT DIVIDED",,"STRAIGHT AND LEVEL","WET","NO DEFECTS","ON SCENE","INJURY AND / OR TOW DUE TO CRASH","Y",,,"$501 - $1,500","2026-03-04T16:47:00.000","FAILING TO YIELD RIGHT-OF-WAY","IMPROPER TURNING/NO SIGNAL","4700","W","LAKE ST","1113",,,,,,,"2","NO INDICATION OF INJURY","0","0","0","0","0","2","0","16","4","3","41.8865747476","-87.7431421442","POINT (-87.743142144178 41.886574747571)"
"14433a10177dc2b3ea2505cc73786d331fa0aef1557995b8e5559abddb67dfe1832c8eb18d3dc4a3b09fd5884af3c5804c25d01cda8c678661d30178f26df7f4",,"2026-03-04T16:10:00.000","30","TRAFFIC SIGNAL","FUNCTIONING PROPERLY","RAIN","DAYLIGHT","SIDESWIPE SAME DIRECTION","FOUR WAY",,"STRAIGHT AND LEVEL","WET","NO DEFECTS","NOT ON SCENE (DESK REPORT)","NO INJURY / DRIVE AWAY","Y",,,"OVER $1,500","2026-03-04T16:45:00.000","IMPROPER LANE USAGE","NOT APPLICABLE","2","E","GARFIELD BLVD","225",,,,,,,"2","NO INDICATION OF INJURY","0","0","0","0","0","2","0","16","4","3","41.7947522007","-87.6256185914","POINT (-87.625618591418 41.794752200697)"
"b4dceb1f2a68ff435ef200a91b37cb62e7d65b85dc4af1b029cf0d03b6d5c2dd91f5c88e12093bf94fab49df5b3b00d30452223730bc952bab995f3ec3400e79",,"2026-03-04T16:07:00.000","30","NO CONTROLS","NO CONTROLS","RAIN","DAYLIGHT","REAR END","FOUR WAY",,"STRAIGHT AND LEVEL","WET","NO DEFECTS","ON SCENE","INJURY AND / OR TOW DUE TO CRASH",,,,"OVER $1,500","2026-03-04T16:13:00.000","UNABLE TO DETERMINE","NOT APPLICABLE","5244","S","ARCHER AVE","815",,,,,,,"3","NO INDICATION OF INJURY","0","0","0","0","0","3","0","16","4","3","41.7997535195","-87.7367878167","POINT (-87.736787816678 41.799753519548)"
"c02474cf2fa34c0ac144fb7e111d84200faea22ae11e53b926017112ba2cd53f23a7c20e18178786a842aab1d90fe9f6b6df2b2b3aecfc3a234cb912bcc9b6ed",,"2026-03-04T16:01:00.000","30","TRAFFIC SIGNAL","FUNCTIONING PROPERLY","RAIN","DAYLIGHT","SIDESWIPE SAME DIRECTION","FOUR WAY",,"STRAIGHT AND LEVEL","WET","UNKNOWN","ON SCENE","NO INJURY / DRIVE AWAY","Y",,,"OVER $1,500","2026-03-04T16:10:00.000","UNABLE TO DETERMINE","NOT APPLICABLE","1598","W","95TH ST","2221",,,,,,,"2","NO INDICATION OF INJURY","0","0","0","0","0","2","0","16","4","3","41.7213257508","-87.6626250979","POINT (-87.662625097876 41.721325750833)"
"089f85f8c7b0680594f7d8e5662047aa0cb8737b4c1d356e6f4b7b3a95decc3027f0070a61ecf0d4a298b74379f8e9f3faafa9a99f390ee481e65ef44b2b4c45",,"2026-03-04T16:00:00.000","25","UNKNOWN","UNKNOWN","UNKNOWN","UNKNOWN","SIDESWIPE SAME DIRECTION","ONE-WAY",,"STRAIGHT AND LEVEL","UNKNOWN","UNKNOWN","NOT ON SCENE (DESK REPORT)","NO INJURY / DRIVE AWAY",,,,"OVER $1,500","2026-03-04T18:04:00.000","NOT APPLICABLE","NOT APPLICABLE","251","E","HURON ST","1834",,,,,,,"2","NO INDICATION OF INJURY","0","0","0","0","0","2","0","16","4","3","41.8949033024","-87.6207437262","POINT (-87.62074372624 41.894903302355)"
"71ba15b7b92167dc5617f571ea1c5e5117d4c9fe438576b8776dca0dc93d18dcfe1ae609202de4701bcb535603b663c709f0efff712eca6799a3962b51178411",,"2026-03-04T16:00:00.000","30","TRAFFIC SIGNAL","FUNCTIONING PROPERLY","CLEAR","DAYLIGHT","SIDESWIPE SAME DIRECTION","DIVIDED - W/MEDIAN (NOT RAISED)",,"STRAIGHT AND LEVEL","WET","NO DEFECTS","NOT ON SCENE (DESK REPORT)","NO INJURY / DRIVE AWAY",,,"Y","$501 - $1,500","2026-03-04T16:47:00.000","IMPROPER LANE USAGE","DRIVING SKILLS/KNOWLEDGE/EXPERIENCE","4959","S","ARCHER AVE","821",,,,,,,"2","NO INDICATION OF INJURY","0","0","0","0","0","2","0","16","4","3","41.8030461464","-87.7220067336","POINT (-87.722006733579 41.803046146366)"
"eceec1e49af5cb54007308e659d0aba975bad8eefdb5fada95940a6b8fa0ef78512c4cbab2a78ffa52a55ef1cafba6adef0ab23d948439dde6ba4e4659a363eb","Y","2026-03-04T16:00:00.000","30","STOP SIGN/FLASHER","FUNCTIONING PROPERLY","RAIN","DUSK","TURNING","T-INTERSECTION",,"STRAIGHT AND LEVEL","WET","UNKNOWN","ON SCENE","INJURY AND / OR TOW DUE TO CRASH","Y",,,"OVER $1,500","2026-03-04T16:00:00.000","UNABLE TO DETERMINE","UNABLE TO DETERMINE","9198","S","STONY ISLAND AVE","413",,,,,,,"2","REPORTED, NOT EVIDENT","1","0","0","0","1","1","0","16","4","3","41.7279086103","-87.5855836829","POINT (-87.585583682916 41.727908610332)"
"4a4de761d2a265c8253a743aedad1f5ae41032467b63bfd616e71496cdb67aa065b94f0576331480457111b1d506c17f7276e2f257493578229e413afe5b0f20",,"2026-03-04T15:55:00.000","35","NO CONTROLS","NO CONTROLS","RAIN","DAYLIGHT","FIXED OBJECT","FOUR WAY",,"STRAIGHT AND LEVEL","WET","NO DEFECTS","ON SCENE","INJURY AND / OR TOW DUE TO CRASH",,,,"OVER $1,500","2026-03-04T15:57:00.000","UNABLE TO DETERMINE","NOT APPLICABLE","6200","S","COTTAGE GROVE AVE","313",,,,,,,"1","NO INDICATION OF INJURY","0","0","0","0","0","2","0","15","4","3","41.7821402603","-87.6061137012","POINT (-87.606113701174 41.782140260312)"
"bab1b4713483b9d33294f7ad45ac4ca4436f0e5c5390e583df78fedab766dd8ff67951b3a96b156588f410c194b722ae1b558705e0c225b4e574591ffb11ebca",,"2026-03-04T15:55:00.000","30","NO CONTROLS","NO CONTROLS","RAIN","DAYLIGHT","PARKED MOTOR VEHICLE","DIVIDED - W/MEDIAN (NOT RAISED)",,"STRAIGHT AND LEVEL","WET","NO DEFECTS","NOT ON SCENE (DESK REPORT)","NO INJURY / DRIVE AWAY",,,"Y","OVER $1,500","2026-03-04T16:15:00.000","DRIVING SKILLS/KNOWLEDGE/EXPERIENCE","UNABLE TO DETERMINE","4757","N","WESTERN AVE","1911",,,,,,,"2","NO INDICATION OF INJURY","0","0","0","0","0","1","0","15","4","3","41.9684124259","-87.6887551118","POINT (-87.688755111819 41.968412425893)"
"fc3899e0a22f9bf0caa00e92bce1fbc851ddac2c3f8400c64b212f5f88e38af111f6dc67e4aaf9fa4cc0ef2edbba7003b2d06187a36d77d94231ce4fec58ab03",,"2026-03-04T15:54:00.000","30","NO CONTROLS","NO CONTROLS","CLOUDY/OVERCAST","DAYLIGHT","REAR END","NOT DIVIDED",,"STRAIGHT AND LEVEL","WET","NO DEFECTS","NOT ON SCENE (DESK REPORT)","NO INJURY / DRIVE AWAY",,,"Y","$501 - $1,500","2026-03-04T17:26:00.000","FOLLOWING TOO CLOSELY","NOT APPLICABLE","7554","N","CLARK ST","2424",,,,,,,"2","NO INDICATION OF INJURY","0","0","0","0","0","2","0","15","4","3","42.0193007607","-87.6764261525","POINT (-87.676426152507 42.019300760677)"
"ab1019ee0cde932b6439332e487ad500995d6716cfe3d8d27684dcd0c8541bb5ef9bcfcfee1fd90fd26ce044ad261ad606cc8c924cdf90fdeb319590f04e3c97",,"2026-03-04T15:53:00.000","30","NO CONTROLS","NO CONTROLS","RAIN","DAYLIGHT","REAR END","DIVIDED - W/MEDIAN BARRIER",,"STRAIGHT AND LEVEL","WET","NO DEFECTS","NOT ON SCENE (DESK REPORT)","NO INJURY / DRIVE AWAY",,,,"$501 - $1,500","2026-03-04T16:00:00.000","FOLLOWING TOO CLOSELY","FOLLOWING TOO CLOSELY","8320","S","VINCENNES AVE","622",,,,,,,"2","NO INDICATION OF INJURY","0","0","0","0","0","3","0","15","4","3","41.7429402969","-87.6371465582","POINT (-87.63714655823 41.742940296911)"
"b39b1051acce0057006da62e0d5f20ac3c7faca16078c04338fc5dccd55ddc7fbef593ce1fdb89920331ef7da1835f3bf05f3571f2b39e0ba24af3a2826328e2",,"2026-03-04T15:50:00.000","30","TRAFFIC SIGNAL","FUNCTIONING PROPERLY","RAIN","DAYLIGHT","FIXED OBJECT","NOT DIVIDED",,"STRAIGHT AND LEVEL","WET","NO DEFECTS","ON SCENE","NO INJURY / DRIVE AWAY","N",,,"$501 - $1,500","2026-03-04T16:00:00.000","IMPROPER TURNING/NO SIGNAL","NOT APPLICABLE","800","W","PERSHING RD","915",,,,,,,"1","NO INDICATION OF INJURY","0","0","0","0","0","1","0","15","4","3","41.8235667404","-87.6460521714","POINT (-87.646052171444 41.823566740363)"
"daf208f505d0a691a07867b9c310d7ad32a1b7a7a8bb65e8435cb9327d7a1022c8e8f3972ec16ee8e3f33fd4e3ff37f62da5dbc3039843aab5193bb12f3067e6",,"2026-03-04T15:50:00.000","30","NO CONTROLS","NO CONTROLS","RAIN","UNKNOWN","TURNING","NOT DIVIDED",,"STRAIGHT AND LEVEL","UNKNOWN","UNKNOWN","ON SCENE","NO INJURY / DRIVE AWAY",,,,"$501 - $1,500","2026-03-04T15:52:00.000","UNABLE TO DETERMINE","UNABLE TO DETERMINE","5355","S","PRINCETON AVE","935",,,,,,,"2","NO INDICATION OF INJURY","0","0","0","0","0","2","0","15","4","3","41.7966118556","-87.6329046221","POINT (-87.632904622141 41.796611855581)"
"0319020292f95af260a355a5dc2b0c0810eab648403269adf2fb1b038386674b0116ad5c326ff8024a83fad17ce1cdfeea8543fe39c065c6e6a5c3cf2b8aebca",,"2026-03-04T15:45:00.000","30","TRAFFIC SIGNAL","FUNCTIONING PROPERLY","CLEAR","DAYLIGHT","SIDESWIPE SAME DIRECTION","OTHER",,"STRAIGHT AND LEVEL","DRY","NO DEFECTS","ON SCENE","NO INJURY / DRIVE AWAY",,,"Y","OVER $1,500","2026-03-04T16:00:00.000","UNABLE TO DETERMINE","NOT APPLICABLE","4801","W","ARMITAGE AVE","2533",,,,,,,"2","NO INDICATION OF INJURY","0","0","0","0","0","2","0","15","4","3","41.91682247","-87.7461730914","POINT (-87.746173091407 41.916822470032)"
"0ae1ca2afb5db2a4086c70a7119d905ede728004f4bd4a52db3a50e478f72c9174f64e08bf1794773446429394ead3b26024d3db1540bd990ddafaea65d82c35",,"2026-03-04T15:44:00.000","30","TRAFFIC SIGNAL","UNKNOWN","RAIN","DAYLIGHT","PEDALCYCLIST","ONE-WAY",,"STRAIGHT AND LEVEL","WET","NO DEFECTS","ON SCENE","INJURY AND / OR TOW DUE TO CRASH",,,,"$500 OR LESS","2026-03-04T15:44:00.000","FAILING TO REDUCE SPEED TO AVOID CRASH","FAILING TO REDUCE SPEED TO AVOID CRASH","2452","N","KEDZIE BLVD","1413",,,,,,,"2","REPORTED, NOT EVIDENT","1","0","0","0","1","1","0","15","4","3","41.9264132059","-87.7074142717","POINT (-87.707414271692 41.92641320594)"
"01450e33933edd224cd1346c948b42a1e0a88dc21e06f20f5882e7458f93cc9290d1e7d0a53e60b27a3bd1b0463905631dff2a68a72e08000e91f497fe83273f",,"2026-03-04T15:40:00.000","30","NO CONTROLS","NO CONTROLS","RAIN","DAYLIGHT","FIXED OBJECT","NOT DIVIDED",,"STRAIGHT AND LEVEL","WET","UNKNOWN","ON SCENE","NO INJURY / DRIVE AWAY",,,,"OVER $1,500","2026-03-04T15:40:00.000","UNABLE TO DETERMINE","NOT APPLICABLE","5823","N","RAVENSWOOD AVE","2012",,,,,,,"1","NO INDICATION OF INJURY","0","0","0","0","0","1","0","15","4","3","41.9873891874","-87.6744708068","POINT (-87.674470806832 41.987389187425)"
"7f4b2efcba7ab37892ce06c35f93abe5eca188a13e6615eb0651f860694c4554f93e10c535e002c52f09ae14b1698b067329fad17fd9f27bdeee09db4639ee72",,"2026-03-04T15:40:00.000","25","TRAFFIC SIGNAL","FUNCTIONING PROPERLY","RAIN","DAYLIGHT","TURNING","FOUR WAY",,"STRAIGHT AND LEVEL","WET","NO DEFECTS",,"NO INJURY / DRIVE AWAY","Y",,,"OVER $1,500","2026-03-06T10:00:00.000","UNABLE TO DETERMINE","NOT APPLICABLE","3220","N","LAKE SHORE DR","1925",,,,,,,"2","NO INDICATION OF INJURY","0","0","0","0","0","2","0","15","4","3","41.9410399167","-87.6395634059","POINT (-87.639563405862 41.941039916719)"
"791dc284414d1c2d28707d852730728fd11d0c89f96765c30b3cd920623ac295be857f5cd82ff2c8981c44888638f8ee45aa16c9cb07f7962e9aa467cdd67fe2",,"2026-03-04T15:35:00.000","30","NO CONTROLS","NO CONTROLS","RAIN","DUSK","SIDESWIPE SAME DIRECTION","NOT DIVIDED",,"STRAIGHT AND LEVEL","WET","NO DEFECTS","ON SCENE","NO INJURY / DRIVE AWAY",,,,"$500 OR LESS","2026-03-04T15:59:00.000","FAILING TO YIELD RIGHT-OF-WAY","NOT APPLICABLE","5917","S","WESTERN AVE","825",,,,,,,"2","NO INDICATION OF INJURY","0","0","0","0","0","3","0","15","4","3","41.7860102279","-87.6836723404","POINT (-87.683672340351 41.786010227936)"
"f812607a141a1429ac2d929f8151c8aa04d060c405ea6e0cae15bf9331368d26d186715c81c61905736f003712e5eef27a6c788287f9f868c8850aefdeca7902",,"2026-03-04T15:34:00.000","25","TRAFFIC SIGNAL","FUNCTIONING PROPERLY","FOG/SMOKE/HAZE","DAYLIGHT","SIDESWIPE SAME DIRECTION","NOT DIVIDED",,"STRAIGHT AND LEVEL","WET","NO DEFECTS","ON SCENE","INJURY AND / OR TOW DUE TO CRASH","Y",,,"OVER $1,500","2026-03-04T15:34:00.000","UNABLE TO DETERMINE","NOT APPLICABLE","8201","S","DR MARTIN LUTHER KING JR DR","631",,,,,,,"2","REPORTED, NOT EVIDENT","1","0","0","0","1","1","0","15","4","3","41.7455491134","-87.6146699063","POINT (-87.614669906271 41.745549113377)"
"8ae3941be7d0c87db037aacefd3ba0699e925d1c67a9960a34a4998fd4beb34d727d5d0f51cc047d1ccb1c773f852a26a18a22a1a2a8e7b66fed58ba5353b773",,"2026-03-04T15:32:00.000","30","NO CONTROLS","NO CONTROLS","RAIN","DAYLIGHT","TURNING","NOT DIVIDED",,"STRAIGHT AND LEVEL","WET","UNKNOWN","NOT ON SCENE (DESK REPORT)","NO INJURY / DRIVE AWAY",,,,"$500 OR LESS","2026-03-04T16:17:00.000","FAILING TO YIELD RIGHT-OF-WAY","NOT APPLICABLE","11128","S","MICHIGAN AVE","531",,,,,,,"2","NO INDICATION OF INJURY","0","0","0","0","0","2","0","15","4","3","41.691747554","-87.6211857915","POINT (-87.62118579145 41.691747554002)"
"889b2fc38018c6632025a715b424d14d80a598a240e7e828f2fe08982ec0e037a346e568edf591196adedd4352ebeb5db0b94560f2f6e215b8013e10d1d5c77d",,"2026-03-04T15:30:00.000","30","STOP SIGN/FLASHER","OTHER","FREEZING RAIN/DRIZZLE","DAYLIGHT","ANGLE","FOUR WAY",,"STRAIGHT AND LEVEL","WET","NO DEFECTS","NOT ON SCENE (DESK REPORT)","NO INJURY / DRIVE AWAY",,,"Y","OVER $1,500","2026-03-04T16:30:00.000","UNABLE TO DETERMINE","NOT APPLICABLE","1","S","SANGAMON ST","1232",,,,,,,"2","NO INDICATION OF INJURY","0","0","0","0","0","2","0","15","4","3","41.8816565081","-87.6507176319","POINT (-87.650717631931 41.881656508112)"
"9513ad92f36a97c8cc98e6db85ed38da55b3cab50cb5efe4ddc9d381dfa373da6313ec32a16fab404b201648442316a3514550784c9cdaed4877b9de56a74b16",,"2026-03-04T15:25:00.000","35","TRAFFIC SIGNAL","FUNCTIONING PROPERLY","RAIN","DAYLIGHT","SIDESWIPE SAME DIRECTION","FOUR WAY",,"STRAIGHT AND LEVEL","WET","NO DEFECTS","ON SCENE","INJURY AND / OR TOW DUE TO CRASH","Y",,,"OVER $1,500","2026-03-04T15:48:00.000","FAILING TO YIELD RIGHT-OF-WAY","IMPROPER LANE USAGE","8646","S","STONY ISLAND AVE","412",,,,,,,"2","NONINCAPACITATING INJURY","1","0","0","1","0","2","0","15","4","3","41.7373369918","-87.5857818134","POINT (-87.585781813384 41.737336991817)"
"872a554859e5b5e0fce9c870455226e3c19d8a1b267f73b416291f95ce5e81d0986692e9041d07d9c7c60c693e86bd0d1b8e4515cd4c1ecd57bce7699dd9c9f3",,"2026-03-04T15:23:00.000","30","NO CONTROLS","NO CONTROLS","RAIN","DAYLIGHT","PARKED MOTOR VEHICLE","NOT DIVIDED",,"STRAIGHT AND LEVEL","WET","NO DEFECTS","ON SCENE","NO INJURY / DRIVE AWAY",,,,"OVER $1,500","2026-03-04T15:25:00.000","UNABLE TO DETERMINE","NOT APPLICABLE","855","E","52ND ST","233",,,,,,,"2","NO INDICATION OF INJURY","0","0","0","0","0","1","0","15","4","3","41.800356513","-87.6041346686","POINT (-87.604134668562 41.800356513008)"
"86434c33758838abee78104e18ccf97c149b8b94a373e72ed5da4819fc97cb7836d9ca759d6361fb077c64637e2e03340c12eb33b25f355b6462d39fcf4b6d3d",,"2026-03-04T15:20:00.000","30","STOP SIGN/FLASHER","FUNCTIONING PROPERLY","FREEZING RAIN/DRIZZLE","DAYLIGHT","TURNING","T-INTERSECTION",,"STRAIGHT AND LEVEL","WET","NO DEFECTS","ON SCENE","INJURY AND / OR TOW DUE TO CRASH","Y",,,"OVER $1,500","2026-03-04T15:23:00.000","FAILING TO YIELD RIGHT-OF-WAY","FAILING TO YIELD RIGHT-OF-WAY","801","E","130TH ST","533",,,,,,,"2","NO INDICATION OF INJURY","0","0","0","0","0","3","0","15","4","3","41.6590434515","-87.6031190328","POINT (-87.603119032833 41.659043451537)"
"638972120fe2789be532950ce4513ca1b1f96b3b500ead832958b12db43f7c27633c2317f5544cab77e68dbc0e1ad685620872661f6b2b2b6eb7bf79813cad1a",,"2026-03-04T15:15:00.000","30","UNKNOWN","UNKNOWN","UNKNOWN","UNKNOWN","REAR TO SIDE","UNKNOWN",,"STRAIGHT AND LEVEL","UNKNOWN","UNKNOWN","NOT ON SCENE (DESK REPORT)","NO INJURY / DRIVE AWAY",,,,"OVER $1,500","2026-03-04T16:00:00.000","UNABLE TO DETERMINE","NOT APPLICABLE","7447","W","TALCOTT AVE","1612",,,,,,,"2","NO INDICATION OF INJURY","0","0","0","0","0","2","0","15","4","3","41.9887415617","-87.8133090511","POINT (-87.813309051094 41.98874156174)"