"crash_record_id","crash_date_est_i","crash_date","posted_speed_limit","traffic_control_device","device_condition","weather_condition","lighting_condition","first_crash_type","trafficway_type","lane_cnt","alignment","roadway_surface_cond","road_defect","report_type","crash_type","intersection_related_i","private_property_i","hit_and_run_i","damage","date_police_notified","prim_contributory_cause","sec_contributory_cause","street_no","street_direction","street_name","beat_of_occurrence","photos_taken_i","statements_taken_i","dooring_i","work_zone_i","work_zone_type","workers_present_i","num_units","most_severe_injury","injuries_total","injuries_fatal","injuries_incapacitating","injuries_non_incapacitating","injuries_reported_not_evident","injuries_no_indication","injuries_unknown","crash_hour","crash_day_of_week","crash_month","latitude","longitude","location"
"7e141788d15e886f4f42e773242aa0bac0544be3d53465dd53c78ac6bd41aecfb5dbe8fe0e3b3d1857418166708e36a0745c86e51e17e52070415753e464a628",,"2026-03-04T15:15:00.000","30","TRAFFIC SIGNAL","UNKNOWN","UNKNOWN","DAYLIGHT","TURNING","FOUR WAY",,"STRAIGHT AND LEVEL","UNKNOWN","UNKNOWN","NOT ON SCENE (DESK REPORT)","NO INJURY / DRIVE AWAY","Y",,"Y","$501 - $1,500","2026-03-04T15:48:00.000","IMPROPER TURNING/NO SIGNAL","NOT APPLICABLE","1200","S","KOSTNER AVE","1011",,,,,,,"2","NO INDICATION OF INJURY","0","0","0","0","0","3","0","15","4","3","41.8659388389","-87.735108549","POINT (-87.735108549013 41.865938838909)"
"8e06750eed82adb5a2f612b94c75897dad960dfb1876bd22c26dcbb598fb3d367f83ef7daf769189014f84efe842f9433da52fe61654a2766499dd0c0d5dfc1b",,"2026-03-04T15:15:00.000","30","NO CONTROLS","NO CONTROLS","CLEAR","DAYLIGHT","PARKED MOTOR VEHICLE","NOT DIVIDED",,"STRAIGHT AND LEVEL","DRY","UNKNOWN","NOT ON SCENE (DESK REPORT)","NO INJURY / DRIVE AWAY",,,"Y","OVER $1,500","2026-03-09T18:25:00.000","IMPROPER TURNING/NO SIGNAL","NOT APPLICABLE","1746","N","HERMITAGE AVE","1433","Y",,,,,,"2","NO INDICATION OF INJURY","0","0","0","0","0","1","0","15","4","3","41.9137157376","-87.6715809228","POINT (-87.67158092282 41.913715737638)"
"dd8008a3f4b772580efa900b109c26d56f73dd5ec120ad9c2eff5a2cec825b2376181c692452b4df4b1b0a711b1a00c95f6210d4941f110175236a8b19caef71",,"2026-03-04T15:15:00.000","30","TRAFFIC SIGNAL","FUNCTIONING PROPERLY","CLEAR","DAYLIGHT","TURNING","FOUR WAY",,"STRAIGHT AND LEVEL","UNKNOWN","NO DEFECTS","NOT ON SCENE (DESK REPORT)","NO INJURY / DRIVE AWAY",,,,"OVER $1,500","2026-03-04T17:45:00.000","FOLLOWING TOO CLOSELY","FOLLOWING TOO CLOSELY","2315","W","OGDEN AVE","1233",,,,,,,"2","NO INDICATION OF INJURY","0","0","0","0","0","2","0","15","4","3","41.8661911527","-87.6840609635","POINT (-87.684060963465 41.866191152721)"
"1de38885060c3069b5955e50947f4e4ba2ae1437e0178ec3fde391f4336760602d77990ed9ec0d99d7cde6953ed8db84769fffd5e77f2ced7c35816593b09545",,"2026-03-04T15:02:00.000","25","NO CONTROLS","NO CONTROLS","CLOUDY/OVERCAST","DAYLIGHT","SIDESWIPE SAME DIRECTION","ONE-WAY",,"STRAIGHT AND LEVEL","DRY","NO DEFECTS","ON SCENE","NO INJURY / DRIVE AWAY",,,,"$500 OR LESS","2026-03-04T15:04:00.000","DRIVING SKILLS/KNOWLEDGE/EXPERIENCE","IMPROPER OVERTAKING/PASSING","1428","S","ST LOUIS AVE","1021",,,,,,,"2","NO INDICATION OF INJURY","0","0","0","0","0","2","0","15","4","3","41.861506485","-87.7129882445","POINT (-87.712988244514 41.861506484953)"
"caf300563aa6acc9a5227f9f0d657dfdb35497e689878c02fe39b8ea07ef2aa1cdea73a0626d720e32487bf0d497ec938491e35662573645ed16872b2d2de8b2",,"2026-03-04T15:00:00.000","30","TRAFFIC SIGNAL","FUNCTIONING PROPERLY","CLEAR","DAYLIGHT","SIDESWIPE SAME DIRECTION","ONE-WAY",,"STRAIGHT AND LEVEL","DRY","NO DEFECTS","NOT ON SCENE (DESK REPORT)","NO INJURY / DRIVE AWAY","Y",,,"OVER $1,500","2026-03-04T15:35:00.000","FOLLOWING TOO CLOSELY","FAILING TO REDUCE SPEED TO AVOID CRASH","5400","S","WESTERN BLVD","923",,,,,,,"2","NO INDICATION OF INJURY","0","0","0","0","0","2","0","15","4","3","41.7955489055","-87.6836656221","POINT (-87.683665622076 41.795548905521)"
"07883fee8c841f62ae40ab77d8c5b35f4140dc4f96a59db2843103a6847f1a7658c8bc06a8198b9b91b2848c4d2a231e0aede51eb0ad08157b04875769843e99",,"2026-03-04T14:54:00.000","30","STOP SIGN/FLASHER","FUNCTIONING PROPERLY","CLEAR","DAYLIGHT","REAR END","FOUR WAY",,"STRAIGHT AND LEVEL","DRY","NO DEFECTS","ON SCENE","INJURY AND / OR TOW DUE TO CRASH","Y",,"Y","OVER $1,500","2026-03-04T14:54:00.000","UNABLE TO DETERMINE","UNABLE TO DETERMINE","11900","S","HALSTED ST","524",,,,,,,"2","NONINCAPACITATING INJURY","2","0","0","2","0","1","0","14","4","3","41.6777208292","-87.642051845","POINT (-87.642051844982 41.677720829248)"
"0049a541abd0c60d9c0c5ef44c18e9ba2a0aa9f962c62062eba565e8bec8c53ceb8277aaec5b80da15e2a9e1983e8ffa13952fdea8c790d7d7604af07492c1d7",,"2026-03-04T14:50:00.000","30","NO CONTROLS","NO CONTROLS","FREEZING RAIN/DRIZZLE","DAYLIGHT","REAR END","ONE-WAY",,"STRAIGHT AND LEVEL","WET","NO DEFECTS","NOT ON SCENE (DESK REPORT)","INJURY AND / OR TOW DUE TO CRASH",,,,"OVER $1,500","2026-03-04T17:34:00.000","UNABLE TO DETERMINE","NOT APPLICABLE","7436","S","EXCHANGE AVE","334",,,,,,,"2","NONINCAPACITATING INJURY","1","0","0","1","0","1","0","14","4","3","41.759878685","-87.5611955086","POINT (-87.561195508625 41.759878684957)"
"3302e0a5a0576b6d0beb1876a214bbac22f15f74eff792a80851a8ab8089cb13eb2af804d003964c9a422589d6c08be6a9a6a2bf48227a88a42e88fa188953df",,"2026-03-04T14:50:00.000","30","NO CONTROLS","NO CONTROLS","RAIN","DAYLIGHT","TURNING","ONE-WAY",,"STRAIGHT AND LEVEL","WET","NO DEFECTS","ON SCENE","INJURY AND / OR TOW DUE TO CRASH",,,"Y","OVER $1,500","2026-03-04T14:56:00.000","UNABLE TO DETERMINE","NOT APPLICABLE","100","W","69TH ST","722",,,,,,,"2","NO INDICATION OF INJURY","0","0","0","0","0","2","0","14","4","3","41.7692396319","-87.627511606","POINT (-87.627511606013 41.769239631893)"
"53711728c19f4b24ef98e64afd143f0295fe8fd13abc5d8b6301bf87da05c4bf1847cff2033aff49d207d23476ef58ef7d5ca3cd5eaaaa4477230db8b6be14e9",,"2026-03-04T14:50:00.000","30","STOP SIGN/FLASHER","FUNCTIONING PROPERLY","CLEAR","DAYLIGHT","ANGLE","FOUR WAY",,"STRAIGHT AND LEVEL","DRY","NO DEFECTS","ON SCENE","NO INJURY / DRIVE AWAY","Y",,,"$501 - $1,500","2026-03-04T15:16:00.000","UNABLE TO DETERMINE","UNABLE TO DETERMINE","6501","N","RICHMOND ST","2412","N",,,,,,"2","NO INDICATION OF INJURY","0","0","0","0","0","2","0","14","4","3","41.9994131289","-87.70321523","POINT (-87.703215229988 41.999413128868)"
"f42cce5a290e1cc765e5174c7ea6ebe7b4d5d29b4dc508fcfe2c545b40d7f47454f772c4282f93aad758d29d8cfe9eb14d616937939920126e37c0ea44fa0d98",,"2026-03-04T14:49:00.000","30","STOP SIGN/FLASHER","FUNCTIONING PROPERLY","RAIN","DAYLIGHT","PEDALCYCLIST","NOT DIVIDED",,"STRAIGHT AND LEVEL","WET","NO DEFECTS","ON SCENE","INJURY AND / OR TOW DUE TO CRASH",,,,"OVER $1,500","2026-03-04T14:50:00.000","FAILING TO YIELD RIGHT-OF-WAY","DRIVING SKILLS/KNOWLEDGE/EXPERIENCE","1436","W","19TH ST","1233",,,,,,,"2","REPORTED, NOT EVIDENT","1","0","0","0","1","1","0","14","4","3","41.8561492217","-87.6626469702","POINT (-87.66264697023 41.856149221678)"
"33f61cd2f75dfb84100da5b0b7308228237ef45977489b772e5767007eb35ab876c3821baac00db0a95ffa8b955b592efe1cb0b72388b6993221b5dc36a55ba8",,"2026-03-04T14:45:00.000","20","NO CONTROLS","NO CONTROLS","RAIN","DAYLIGHT","PARKED MOTOR VEHICLE","NOT DIVIDED",,"STRAIGHT AND LEVEL","WET","UNKNOWN","NOT ON SCENE (DESK REPORT)","NO INJURY / DRIVE AWAY",,,"Y","$501 - $1,500","2026-03-05T07:40:00.000","UNABLE TO DETERMINE","UNABLE TO DETERMINE","11000","S","OAKLEY AVE","2212",,,,,,,"2","NO INDICATION OF INJURY","0","0","0","0","0","1","0","14","4","3","41.6939180479","-87.6787016791","POINT (-87.678701679132 41.693918047923)"
"6d8f7866d6b82d6798c32f958f3bb631947f4138bfe7e562c4c5aa14193442286d9e10306fa5ff3f388c3118fc1981ecf6ae03fa324f71acad3ff3a75b8fe759",,"2026-03-04T14:44:00.000","30","UNKNOWN","UNKNOWN","RAIN","DAYLIGHT","PARKED MOTOR VEHICLE","DIVIDED - W/MEDIAN (NOT RAISED)",,"STRAIGHT AND LEVEL","UNKNOWN","UNKNOWN","NOT ON SCENE (DESK REPORT)","NO INJURY / DRIVE AWAY",,,"Y","$501 - $1,500","2026-03-04T16:28:00.000","UNABLE TO DETERMINE","NOT APPLICABLE","13135","S","AVENUE O","433",,,,,,,"2","NO INDICATION OF INJURY","0","0","0","0","0","1","0","14","4","3","41.6562976776","-87.5397450512","POINT (-87.539745051185 41.656297677639)"
"f547f773ffc130575d598bfa64749ed1e2f62cc38f5550c7ca52ebfb30fc2a1a5c67df7d91c81d5d3f37b90214d539bc1bb95d555ac8ff2f01ce740063c97c5f",,"2026-03-04T14:42:00.000","30","TRAFFIC SIGNAL","FUNCTIONING PROPERLY","CLOUDY/OVERCAST","DAYLIGHT","TURNING","FOUR WAY",,"STRAIGHT AND LEVEL","WET","NO DEFECTS","ON SCENE","NO INJURY / DRIVE AWAY","Y",,,"OVER $1,500","2026-03-04T14:49:00.000","UNABLE TO DETERMINE","UNABLE TO DETERMINE","4200","W","IRVING PARK RD","1722",,,,,,,"2","NO INDICATION OF INJURY","0","0","0","0","0","2","0","14","4","3","41.9537055097","-87.7325509812","POINT (-87.732550981181 41.953705509686)"
"0dd159cf864d84eb78b40476698057e064eaa257282f61e84f770d19c585a29324925929c9b23b33cfaf3ce39be6a17841e28a8310bd4d7e215c7cb6a8798b7f",,"2026-03-04T14:40:00.000","30","NO CONTROLS","NO CONTROLS","CLEAR","DAYLIGHT","REAR END","NOT DIVIDED",,"STRAIGHT AND LEVEL","UNKNOWN","UNKNOWN","NOT ON SCENE (DESK REPORT)","NO INJURY / DRIVE AWAY",,,,"OVER $1,500","2026-03-04T14:50:00.000","FOLLOWING TOO CLOSELY","NOT APPLICABLE","237","W","MARQUETTE RD","722",,,,,,,"2","NO INDICATION OF INJURY","0","0","0","0","0","2","0","14","4","3","41.7725786444","-87.6314781745","POINT (-87.631478174466 41.772578644438)"
"573fed28d388816d76dd44161906aea897756edfa8307e39eb34eb53a115ed286886d41b0af0dab12da1e8b9ee375478e86fe3a7697b3052f0babfd45f8c1c06",,"2026-03-04T14:40:00.000","30","NO CONTROLS","NO CONTROLS","CLEAR","DAYLIGHT","PARKED MOTOR VEHICLE","CENTER TURN LANE",,"STRAIGHT AND LEVEL","DRY","NO DEFECTS","NOT ON SCENE (DESK REPORT)","NO INJURY / DRIVE AWAY",,,"N","OVER $1,500","2026-03-04T16:30:00.000","UNABLE TO DETERMINE","UNABLE TO DETERMINE","2849","W","FULLERTON AVE","1414",,,,,,,"2","NO INDICATION OF INJURY","0","0","0","0","0","2","0","14","4","3","41.9246817476","-87.69928082","POINT (-87.699280820004 41.92468174759)"
"1714d722696830bc438d255cbaed7512fee3a12f1d2c20ef25d421a7feb3893130ce34dbb646c02ac50dfdd07c0055262ae6f665220bede6f59c3b04e14643c1",,"2026-03-04T14:30:00.000","30","NO CONTROLS","NO CONTROLS","RAIN","DAYLIGHT","SIDESWIPE SAME DIRECTION","NOT DIVIDED",,"STRAIGHT AND LEVEL","WET","NO DEFECTS","ON SCENE","NO INJURY / DRIVE AWAY",,,,"$501 - $1,500","2026-03-04T14:30:00.000","FAILING TO YIELD RIGHT-OF-WAY","FAILING TO REDUCE SPEED TO AVOID CRASH","5140","W","MONTROSE AVE","1623",,,,,,,"2","NO INDICATION OF INJURY","0","0","0","0","0","2","0","14","4","3","41.9607245066","-87.7561646732","POINT (-87.756164673198 41.960724506648)"
"3a9c947a823f6e5f63f6e700e37803537abd9e35f534c5184fdfb5cfd80a1a7d3f32505ebc61a801e97ddc3f04145b2b2543f69dcf8582d776ae609a33416d2f",,"2026-03-04T14:30:00.000","30","NO CONTROLS","NO CONTROLS","RAIN","DAYLIGHT","FIXED OBJECT","NOT DIVIDED",,"STRAIGHT AND LEVEL","WET","NO DEFECTS","ON SCENE","NO INJURY / DRIVE AWAY",,,"Y","$500 OR LESS","2026-03-04T16:11:00.000","UNABLE TO DETERMINE","UNABLE TO DETERMINE","1551","N","SHEFFIELD AVE","1822",,,,,,,"1","NO INDICATION OF INJURY","0","0","0","0","0","1","0","14","4","3","41.9099287163","-87.6529680435","POINT (-87.652968043486 41.909928716344)"
"535ca5d42e5b91356152b46f55c9d4ce671d8c6f3c9881b55f08af9a30999c6c87c3158bbd4231a69af2dbb69ebd03fe88673c903743f7f7b5489ffd19feefe9",,"2026-03-04T14:30:00.000","30","UNKNOWN","UNKNOWN","CLEAR","DAYLIGHT","PARKED MOTOR VEHICLE","ONE-WAY",,"STRAIGHT AND LEVEL","DRY","NO DEFECTS","NOT ON SCENE (DESK REPORT)","NO INJURY / DRIVE AWAY",,,"Y","OVER $1,500","2026-03-05T13:20:00.000","UNABLE TO DETERMINE","NOT APPLICABLE","4660","S","KEDVALE AVE","815",,,,,,,"2","NO INDICATION OF INJURY","0","0","0","0","0","1","0","14","4","3","41.8079143402","-87.727406139","POINT (-87.727406139036 41.807914340232)"
"fcf170449b0f16f0ea56815636119a58d6cf2ca98b138b95b7b21ce00fb69e3f8fe6f9139c69c6c832162dd6f25420f4136773dd470d32ae02abed9f641bf281",,"2026-03-04T14:30:00.000","30","NO CONTROLS","NO CONTROLS","CLEAR","DAYLIGHT","PARKED MOTOR VEHICLE","NOT DIVIDED",,"STRAIGHT AND LEVEL","DRY","NO DEFECTS","NOT ON SCENE (DESK REPORT)","NO INJURY / DRIVE AWAY",,,,"OVER $1,500","2026-03-04T15:15:00.000","UNABLE TO DETERMINE","UNABLE TO DETERMINE","2328","W","HARRISON ST","1225",,,,,,,"2","NO INDICATION OF INJURY","0","0","0","0","0","2","0","14","4","3","41.8740178084","-87.6849461973","POINT (-87.684946197259 41.874017808379)"
"3516a40e56476f79eb5db436d5ac8da224f59916050bd7b950a7d68521132ca2412963a043c37a41683c014a8dbe0c3c8ac2d8b02b77b99da238705fec5770e3",,"2026-03-04T14:28:00.000","25","NO CONTROLS","NO CONTROLS","CLEAR","DAYLIGHT","ANGLE","ALLEY",,"STRAIGHT AND LEVEL","DRY","NO DEFECTS","NOT ON SCENE (DESK REPORT)","NO INJURY / DRIVE AWAY",,,,"OVER $1,500","2026-03-04T15:20:00.000","FAILING TO YIELD RIGHT-OF-WAY","FAILING TO REDUCE SPEED TO AVOID CRASH","4754","W","ROSCOE ST","1731",,,,,,,"2","NO INDICATION OF INJURY","0","0","0","0","0","2","0","14","4","3","41.9425993553","-87.7460535944","POINT (-87.746053594391 41.942599355261)"
"8eb4a72378295ed131acf8b1acb1e89d4aa828ff33a306ee4170e337783c0b3615c31d4a26bf3b4565d0a7eeb6a355d2ed211766b5cf830ccac94d5517c17b4f",,"2026-03-04T14:25:00.000","30","NO CONTROLS","FUNCTIONING PROPERLY","RAIN","DAYLIGHT","SIDESWIPE SAME DIRECTION","NOT DIVIDED",,"STRAIGHT AND LEVEL","WET","NO DEFECTS","ON SCENE","NO INJURY / DRIVE AWAY",,,,"$501 - $1,500","2026-03-04T14:25:00.000","IMPROPER BACKING","UNABLE TO DETERMINE","5100","W","BELMONT AVE","1634",,,,,,,"2","NO INDICATION OF INJURY","0","0","0","0","0","2","0","14","4","3","41.9388403818","-87.7543679477","POINT (-87.754367947678 41.938840381802)"
"069df2fb61aa77d5a8c5d1e3be9457f90eec5c073a175b53e66c892c45bddbbabc0106309920f6d8e38bdb4507b50e8b2626479e3c2e28d060cbe1dec8448141",,"2026-03-04T14:23:00.000","30","NO CONTROLS","NO CONTROLS","FREEZING RAIN/DRIZZLE","DAYLIGHT","TURNING","DIVIDED - W/MEDIAN (NOT RAISED)",,"STRAIGHT AND LEVEL","WET","NO DEFECTS","ON SCENE","INJURY AND / OR TOW DUE TO CRASH",,,,"OVER $1,500","2026-03-04T15:46:00.000","FAILING TO YIELD RIGHT-OF-WAY","FAILING TO YIELD RIGHT-OF-WAY","1317","W","TOUHY AVE","2423",,,,,,,"2","NONINCAPACITATING INJURY","1","0","0","1","0","1","0","14","4","3","42.0127073726","-87.6641869399","POINT (-87.664186939927 42.012707372587)"
"8bb3ff0c335554f62609abcdb2461e844b6a979540edb35cfcc58f8a5f3f4c87bec2f8dadafc6b267d0ae933437bce63761bc57da85ff8c42ca29c802e4d1bd9",,"2026-03-04T14:23:00.000","30","NO CONTROLS","NO CONTROLS","CLEAR","DAYLIGHT","TURNING","NOT DIVIDED",,"STRAIGHT AND LEVEL","WET","NO DEFECTS","ON SCENE","NO INJURY / DRIVE AWAY","Y",,,"OVER $1,500","2026-03-04T15:00:00.000","FAILING TO YIELD RIGHT-OF-WAY","NOT APPLICABLE","4428","W","63RD ST","813",,,,,,,"2","NO INDICATION OF INJURY","0","0","0","0","0","2","0","14","4","3","41.7786398574","-87.733686282","POINT (-87.733686281973 41.778639857359)"
"0ff0232d8fd2dfc119ecab186cbc6caca2686bc8573e49ee5bc5fbc07178be382de5d2f78446d25f3199f2960639155337d02f9395550672b54aa6641a6c8e4d",,"2026-03-04T14:20:00.000","30","TRAFFIC SIGNAL","FUNCTIONING PROPERLY","CLEAR","DAYLIGHT","REAR END","DIVIDED - W/MEDIAN (NOT RAISED)",,"STRAIGHT AND LEVEL","WET","UNKNOWN","NOT ON SCENE (DESK REPORT)","NO INJURY / DRIVE AWAY",,,"N","OVER $1,500","2026-03-04T16:00:00.000","FOLLOWING TOO CLOSELY","NOT APPLICABLE","1299","W","NORTH AVE","1433","Y",,,,,,"2","NO INDICATION OF INJURY","0","0","0","0","0","2","0","14","4","3","41.9106345419","-87.6603323308","POINT (-87.6603323308 41.910634541916)"
"3422ec7a32f1f07b9be35e2b7951c03fc8f5f81281ee5a15cdba9e3d79df46403f4bf68d7a17cf93637009cfc395dfd83abab83341257aeab7b1118c0e8a077e",,"2026-03-04T14:20:00.000","30","TRAFFIC SIGNAL","FUNCTIONING PROPERLY","UNKNOWN","UNKNOWN","REAR END","DIVIDED - W/MEDIAN (NOT RAISED)",,"STRAIGHT AND LEVEL","UNKNOWN","UNKNOWN",,"NO INJURY / DRIVE AWAY","Y",,,"$501 - $1,500","2026-03-04T18:32:00.000","FOLLOWING TOO CLOSELY","FOLLOWING TOO CLOSELY","1","N","HOMAN BLVD","1123",,,,,,,"2","NO INDICATION OF INJURY","0","0","0","0","0","3","0","14","4","3","41.8809643699","-87.7108601379","POINT (-87.71086013791 41.88096436989)"
"ced28b798f3b5f9a99c7d7b5444870159c4aac032de69e66f8109e84860888d240ae296a9d645f88e4da7f4cf12fe6854197e81f8ed773d6f04acc5c3e195511",,"2026-03-04T14:19:00.000","25","TRAFFIC SIGNAL","FUNCTIONING PROPERLY","CLEAR","DAYLIGHT","ANGLE","FOUR WAY",,"STRAIGHT AND LEVEL","WET","NO DEFECTS","ON SCENE","INJURY AND / OR TOW DUE TO CRASH","Y",,,"OVER $1,500","2026-03-04T14:44:00.000","UNABLE TO DETERMINE","UNABLE TO DETERMINE","1","N","PAULINA ST","1224",,,,,,,"2","NONINCAPACITATING INJURY","1","0","0","1","0","5","0","14","4","3","41.8814687291","-87.6691581258","POINT (-87.669158125755 41.881468729062)"
"7a9076c3221719f93f473199ed41de56123078502e550b67ceaa4638fc7c490c30d65bfe7c6fb4e91b3db9a5cd278fba2369c91409acffcfecccaa2b0d850f6c",,"2026-03-04T14:15:00.000","25","NO CONTROLS","NO CONTROLS","CLEAR","DAYLIGHT","PARKED MOTOR VEHICLE","PARKING LOT",,"STRAIGHT AND LEVEL","UNKNOWN","UNKNOWN","ON SCENE","NO INJURY / DRIVE AWAY",,"Y",,"OVER $1,500","2026-03-04T15:42:00.000","IMPROPER OVERTAKING/PASSING","IMPROPER LANE USAGE","2270","N","CLYBOURN AVE","1811",,,,,,,"2","NO INDICATION OF INJURY","0","0","0","0","0","1","0","14","4","3","41.9230775256","-87.6666493042","POINT (-87.666649304247 41.923077525582)"
"b52edfb1c1208005341f5fb184ccc36609afbcdb3247fdca0afc101766f53929fd6b377cd9beac22ede1275031c2c55376eedd925e7254cad680ceaff433ce4a",,"2026-03-04T14:14:00.000","20","NO CONTROLS","NO CONTROLS","FREEZING RAIN/DRIZZLE","DUSK","REAR END","DIVIDED - W/MEDIAN (NOT RAISED)",,"STRAIGHT AND LEVEL","WET","NO DEFECTS","ON SCENE","INJURY AND / OR TOW DUE TO CRASH",,,,"$501 - $1,500","2026-03-04T14:14:00.000","FAILING TO YIELD RIGHT-OF-WAY","IMPROPER OVERTAKING/PASSING","2604","S","CALIFORNIA AVE","1033",,,,,,,"2","REPORTED, NOT EVIDENT","1","0","0","0","1","1","0","14","4","3","41.8444562395","-87.6953563208","POINT (-87.695356320758 41.84445623952)"
"91c8943b47a6483658c201418ba1ef390548d3fe55d53a63b0775aebd98363ab3b24ff9d86443a2fcbff6c0cb8e1fde3d5487fe35ac499d76f79c7a837731d72",,"2026-03-04T13:57:00.000","30","NO CONTROLS","NO CONTROLS","RAIN","DAYLIGHT","SIDESWIPE SAME DIRECTION","ONE-WAY",,"STRAIGHT AND LEVEL","WET","NO DEFECTS","ON SCENE","NO INJURY / DRIVE AWAY",,,,"$500 OR LESS","2026-03-04T13:57:00.000","NOT APPLICABLE","NOT APPLICABLE","2131","N","NATCHEZ AVE","2512",,,,,,,"2","NO INDICATION OF INJURY","0","0","0","0","0","2","0","13","4","3","41.9191421259","-87.78760741","POINT (-87.787607409971 41.919142125917)"
"5a4a3a93a3e7703fa8e261735720348b54717d732d4e25304341d1f50f753a29f8e2cd277d956353d916e62e1ef167c057ff3fd425ec9dc7bb72c96bdbe6a63a",,"2026-03-04T13:54:00.000","30","UNKNOWN","UNKNOWN","RAIN","DAWN","TURNING","FOUR WAY",,"STRAIGHT AND LEVEL","WET","DEBRIS ON ROADWAY","ON SCENE","INJURY AND / OR TOW DUE TO CRASH","Y",,,"OVER $1,500","2026-03-04T14:03:00.000","UNABLE TO DETERMINE","UNABLE TO DETERMINE","6900","S","STATE ST","322",,,,,,,"2","NONINCAPACITATING INJURY","1","0","0","1","0","1","0","13","4","3","41.7691039752","-87.6250922828","POINT (-87.625092282754 41.769103975226)"
"97a1121a15a84c6c0dbdf16553f07b96a9649630b1d722e1923496ed949d980ac2d0e3f86fb0623023dd9cf91e260c651b7c3a099c190a332616af2d6254e060",,"2026-03-04T13:50:00.000","30","NO CONTROLS","NO CONTROLS","CLEAR","DAYLIGHT","SIDESWIPE SAME DIRECTION","NOT DIVIDED",,"STRAIGHT AND LEVEL","DRY","UNKNOWN","NOT ON SCENE (DESK REPORT)","NO INJURY / DRIVE AWAY",,,,"$500 OR LESS","2026-03-07T18:29:00.000","UNABLE TO DETERMINE","NOT APPLICABLE","375","E","CHICAGO AVE","1833",,,,,,,"2","NO INDICATION OF INJURY","0","0","0","0","0","2","0","13","4","3","41.8967201137","-87.6175675066","POINT (-87.617567506554 41.896720113748)"
"df15f3eed361dbd6b874a5994e1184bd5ff1b64d33dffab2b847e3614ba01f582faf0b8489a2dac5363e3d930bb8f6bf7b149f4c7c1c24188cb491f4dd71fd6e",,"2026-03-04T13:45:00.000","30","UNKNOWN","UNKNOWN","RAIN","DAYLIGHT","SIDESWIPE SAME DIRECTION","NOT DIVIDED",,"STRAIGHT AND LEVEL","UNKNOWN","UNKNOWN",,"NO INJURY / DRIVE AWAY",,,,"OVER $1,500","2026-03-04T16:20:00.000","UNABLE TO DETERMINE","UNABLE TO DETERMINE","1400","N","ASHLAND AVE","1433",,,,,,,"2","NO INDICATION OF INJURY","0","0","0","0","0","2","0","13","4","3","41.9070344812","-87.6677379022","POINT (-87.667737902188 41.907034481167)"
"75925ddeaab909fd2c40e7432d212657e7daee1823c3abe66d2537d6f814961c7c5f4945ea8a40e5b2cff0cd2e01766390fddfb753fbb001b66f8a33a5e66afb",,"2026-03-04T13:43:00.000","20","SCHOOL ZONE","NO CONTROLS","RAIN","DAYLIGHT","PEDESTRIAN","NOT DIVIDED",,"STRAIGHT AND LEVEL","WET","NO DEFECTS","ON SCENE","INJURY AND / OR TOW DUE TO CRASH",,,,"OVER $1,500","2026-03-04T13:44:00.000","FAILING TO YIELD RIGHT-OF-WAY","UNABLE TO DETERMINE","430","N","LARAMIE AVE","1523",,,,,,,"3","NONINCAPACITATING INJURY","2","0","0","1","1","1","0","13","4","3","41.8885921461","-87.7555140223","POINT (-87.755514022293 41.88859214607)"
"e1a274935734946949c0f1e90bf16a1ad123cb79c21d27e5d78aede9dd3933fe497b362926d4f92c654403e809643e8f065d4147830ba2a81730645a94626960",,"2026-03-04T13:40:00.000","20","STOP SIGN/FLASHER","FUNCTIONING PROPERLY","FREEZING RAIN/DRIZZLE","DAYLIGHT","ANGLE","FOUR WAY",,"STRAIGHT AND LEVEL","WET","NO DEFECTS","ON SCENE","INJURY AND / OR TOW DUE TO CRASH","Y",,,"OVER $1,500","2026-03-04T13:41:00.000","UNABLE TO DETERMINE","UNABLE TO DETERMINE","4651","W","MADISON ST","1113",,,,,,,"2","REPORTED, NOT EVIDENT","2","0","0","0","2","2","0","13","4","3","41.8804201273","-87.7425035582","POINT (-87.742503558164 41.88042012731)"
"4c521feed4536fba11070147f66b6649ecd87143cdc56caaf2252c34cfb97b0bd2d4add3d08f2d114765c279000f731b2f6f44bd0f2ce34928c487f0bf1170cc",,"2026-03-04T13:30:00.000","25","STOP SIGN/FLASHER","FUNCTIONING PROPERLY","CLEAR","DAYLIGHT","SIDESWIPE SAME DIRECTION","OTHER",,"STRAIGHT AND LEVEL","DRY","NO DEFECTS","NOT ON SCENE (DESK REPORT)","NO INJURY / DRIVE AWAY","Y",,"Y","OVER $1,500","2026-03-04T14:00:00.000","IMPROPER OVERTAKING/PASSING","NOT APPLICABLE","6400","S","ALBANY AVE","823",,,,,,,"2","NO INDICATION OF INJURY","0","0","0","0","0","2","0","13","4","3","41.7770994899","-87.7007961175","POINT (-87.700796117453 41.777099489915)"
"6ce55ed8126419156fa56269e2f34c86586f1d0fe8a99222cc9172cc0c68e2f3d41b9e4414f2990e490af950f7035fffc4a491feb6a80b9da1b0918a75fcfa78",,"2026-03-04T13:15:00.000","30","TRAFFIC SIGNAL","FUNCTIONING PROPERLY","UNKNOWN","UNKNOWN","REAR END","DIVIDED - W/MEDIAN (NOT RAISED)",,"STRAIGHT AND LEVEL","UNKNOWN","UNKNOWN","NOT ON SCENE (DESK REPORT)","NO INJURY / DRIVE AWAY","Y",,,"$501 - $1,500","2026-03-04T13:18:00.000","FOLLOWING TOO CLOSELY","FOLLOWING TOO CLOSELY","300","S","HAMLIN BLVD","1133",,,,,,,"2","NO INDICATION OF INJURY","0","0","0","0","0","4","0","13","4","3","41.8771738555","-87.7207841409","POINT (-87.720784140945 41.877173855545)"