"crash_record_id","crash_date_est_i","crash_date","posted_speed_limit","traffic_control_device","device_condition","weather_condition","lighting_condition","first_crash_type","trafficway_type","lane_cnt","alignment","roadway_surface_cond","road_defect","report_type","crash_type","intersection_related_i","private_property_i","hit_and_run_i","damage","date_police_notified","prim_contributory_cause","sec_contributory_cause","street_no","street_direction","street_name","beat_of_occurrence","photos_taken_i","statements_taken_i","dooring_i","work_zone_i","work_zone_type","workers_present_i","num_units","most_severe_injury","injuries_total","injuries_fatal","injuries_incapacitating","injuries_non_incapacitating","injuries_reported_not_evident","injuries_no_indication","injuries_unknown","crash_hour","crash_day_of_week","crash_month","latitude","longitude","location"
"2497a13a8f61f04b1037848589219c54094fe70fba8db74dbde694d3f02a66032bb405b043a6ba4aede983e9cf96e8185bc9e3e1d360abcc5950bae1993970c8",,"2026-03-04T13:11:00.000","25","NO CONTROLS","NO CONTROLS","CLOUDY/OVERCAST","DAYLIGHT","REAR TO FRONT","ONE-WAY",,"STRAIGHT AND LEVEL","WET","NO DEFECTS","ON SCENE","INJURY AND / OR TOW DUE TO CRASH",,,,"$501 - $1,500","2026-03-04T13:11:00.000","UNABLE TO DETERMINE","UNABLE TO DETERMINE","4008","N","SPAULDING AVE","1724",,,,,,,"2","REPORTED, NOT EVIDENT","1","0","0","0","1","1","0","13","4","3","41.954182216","-87.7106205555","POINT (-87.710620555494 41.954182216022)"
"09e02fa80e790fa1d4be2847ab1a3b449c55c9895bed6987ca486dd35a0fa9e9d1b318e77340e3a106291dfb99997c8e52905643cc1af961f55d7047892803a6",,"2026-03-04T13:03:00.000","30","NO CONTROLS","NO CONTROLS","CLEAR","DAYLIGHT","ANGLE","ONE-WAY",,"STRAIGHT AND LEVEL","DRY","NO DEFECTS","NOT ON SCENE (DESK REPORT)","NO INJURY / DRIVE AWAY",,,,"OVER $1,500","2026-03-05T12:00:00.000","DRIVING SKILLS/KNOWLEDGE/EXPERIENCE","NOT APPLICABLE","417","E","GRAND AVE","1834",,,,,,,"2","NO INDICATION OF INJURY","0","0","0","0","0","2","0","13","4","3","41.8917478043","-87.616984987","POINT (-87.616984987013 41.891747804343)"
"9388245923612d166ee1a478ea2b1023659105aa07e6dbe96f6f5c61d0c97278e0745d913aefeba84412a6694c82c10052aa4435b82d541d2f6624bdb5cd477d",,"2026-03-04T13:03:00.000","35","TRAFFIC SIGNAL","FUNCTIONING PROPERLY","CLEAR","DAYLIGHT","REAR END","NOT DIVIDED",,"STRAIGHT AND LEVEL","DRY","NO DEFECTS","NOT ON SCENE (DESK REPORT)","INJURY AND / OR TOW DUE TO CRASH",,,,"OVER $1,500","2026-03-04T16:00:00.000","UNABLE TO DETERMINE","NOT APPLICABLE","6300","S","COAST GUARD DR","331",,,,,,,"2","NO INDICATION OF INJURY","0","0","0","0","0","2","0","13","4","3","41.7796807607","-87.575066734","POINT (-87.575066733953 41.77968076067)"
"4e6e2fa5f38296850ec1147eb0f41527ec8b090cc0a1c472657c7c0c43da56c07b780009341b0460c94286db147a9567373573afa8adc29bda4de5344e0c6d02",,"2026-03-04T13:00:00.000","30","TRAFFIC SIGNAL","FUNCTIONING PROPERLY","CLEAR","DAYLIGHT","TURNING","NOT DIVIDED",,"STRAIGHT AND LEVEL","DRY","NO DEFECTS","NOT ON SCENE (DESK REPORT)","NO INJURY / DRIVE AWAY",,,,"OVER $1,500","2026-03-04T13:15:00.000","IMPROPER BACKING","IMPROPER BACKING","305","N","CENTRAL PARK AVE","1123",,,,,,,"2","NO INDICATION OF INJURY","0","0","0","0","0","2","0","13","4","3","41.8864736074","-87.7159130664","POINT (-87.715913066357 41.886473607385)"
"6a9ac82cf059a41571193b9293db80efb18d63168e412908520b4cbdf88783a4bd75f54071c68fdeb3b391d8fbf9fcc4fc11f18a178730042884aabddbcff6d6",,"2026-03-04T13:00:00.000","30","NO CONTROLS","NO CONTROLS","CLEAR","DAYLIGHT","REAR END","DIVIDED - W/MEDIAN (NOT RAISED)",,"STRAIGHT AND LEVEL","DRY","NO DEFECTS","NOT ON SCENE (DESK REPORT)","NO INJURY / DRIVE AWAY",,,,"OVER $1,500","2026-03-04T19:00:00.000","FOLLOWING TOO CLOSELY","DRIVING SKILLS/KNOWLEDGE/EXPERIENCE","4600","S","CICERO AVE","814","Y","N",,,,,"2","NO INDICATION OF INJURY","0","0","0","0","0","2","0","13","4","3","41.8093523672","-87.7433410195","POINT (-87.74334101951 41.809352367172)"
"73c5b079367dd61ea7ce8094d5fbc00409cddc406952588599a921bb8f4c7ff412bafe035a3e446bb29671831c73b9c0deba6dfdb142d2f0d4fc1d59446da912",,"2026-03-04T13:00:00.000","15","NO CONTROLS","NO CONTROLS","CLEAR","DAYLIGHT","REAR END","PARKING LOT",,"STRAIGHT AND LEVEL","DRY","UNKNOWN","NOT ON SCENE (DESK REPORT)","NO INJURY / DRIVE AWAY",,"Y","Y","$500 OR LESS","2026-03-05T17:20:00.000","UNABLE TO DETERMINE","UNABLE TO DETERMINE","3531","N","BROADWAY","1925",,,,,,,"2","NO INDICATION OF INJURY","0","0","0","0","0","2","0","13","4","3","41.9463846516","-87.6465248633","POINT (-87.646524863347 41.946384651554)"
"cbd60349be0143caa017b1b78e12c595b4989cba7bed813cb65598d6f3f84c04794d20e71f770bccf7ea114845fb54ee15c4f5dfdbd9ab3a6e8e5add76fdd607",,"2026-03-04T12:40:00.000","30","TRAFFIC SIGNAL","UNKNOWN","UNKNOWN","DAYLIGHT","TURNING","RAMP",,"STRAIGHT AND LEVEL","UNKNOWN","UNKNOWN","NOT ON SCENE (DESK REPORT)","NO INJURY / DRIVE AWAY","Y",,,"OVER $1,500","2026-03-05T10:45:00.000","UNABLE TO DETERMINE","NOT APPLICABLE","3200","N","LAKE SHORE DR NB","1925",,,,,,,"2","NO INDICATION OF INJURY","0","0","0","0","0","2","0","12","4","3","41.9404429026","-87.6386335392","POINT (-87.638633539238 41.940442902597)"
"e55db09c7ac906026551566ede4794fd1650eaf78f7198c1a09c5b43e16b082908f9cbee575a4536df42d4b08d496d14f5df45c948c90960fa48f09e5d4ab6d6",,"2026-03-04T12:40:00.000","30","NO CONTROLS","NO CONTROLS","CLEAR","DAYLIGHT","PARKED MOTOR VEHICLE","PARKING LOT",,"STRAIGHT AND LEVEL","DRY","NO DEFECTS","ON SCENE","NO INJURY / DRIVE AWAY",,,"Y","OVER $1,500","2026-03-04T13:05:00.000","IMPROPER BACKING","DRIVING SKILLS/KNOWLEDGE/EXPERIENCE","3640","N","HALSTED ST","1923",,,,,,,"2","NO INDICATION OF INJURY","0","0","0","0","0","2","0","12","4","3","41.948519803","-87.6496701249","POINT (-87.649670124865 41.948519803033)"
"f891a4f49acc26572934684dfd64101958521d3bcefeec6a3ee32032d1391023f7c034df5baa8c7dc2f556c827d4cce0a9a938ad4dca520f4afa3b481f9a730f",,"2026-03-04T12:31:00.000","30","TRAFFIC SIGNAL","FUNCTIONING PROPERLY","CLEAR","DAYLIGHT","ANGLE","FOUR WAY",,"STRAIGHT AND LEVEL","DRY","NO DEFECTS","ON SCENE","NO INJURY / DRIVE AWAY","Y",,,"OVER $1,500","2026-03-04T12:45:00.000","FAILING TO YIELD RIGHT-OF-WAY","NOT APPLICABLE","100","W","OHIO ST","1832",,,,,,,"2","NO INDICATION OF INJURY","0","0","0","0","0","5","0","12","4","3","41.8925362695","-87.6312216512","POINT (-87.631221651201 41.892536269534)"
"3b2f8110981f5ca57e7dd226b523fe1a51d13018d3da04b1c20d219ea1f5ce67cbb7b588aa8e9f01fb9d008afa9c77e13d6b0241267bca756980d4f5446534d6",,"2026-03-04T12:25:00.000","30","NO CONTROLS","NO CONTROLS","CLOUDY/OVERCAST","DAYLIGHT","REAR TO FRONT","ONE-WAY",,"STRAIGHT AND LEVEL","DRY","NO DEFECTS","ON SCENE","INJURY AND / OR TOW DUE TO CRASH",,,"Y","OVER $1,500","2026-03-04T12:29:00.000","DRIVING SKILLS/KNOWLEDGE/EXPERIENCE","OPERATING VEHICLE IN ERRATIC, RECKLESS, CARELESS, NEGLIGENT OR AGGRESSIVE MANNER","2030","N","ORCHARD ST","1812",,,,,,,"2","REPORTED, NOT EVIDENT","2","0","0","0","2","1","0","12","4","3","41.9191019199","-87.6462970433","POINT (-87.646297043313 41.919101919931)"
"60fc8803fb24ff59a8da8ca70ddcc86cf59568636d81b7a3fe190af6521556d7c5c60d4fcc247b77ec3b1ea35f0620114785b4654541b610cacd6249a98c7b91",,"2026-03-04T12:00:00.000","30","NO CONTROLS","UNKNOWN","CLEAR","DAYLIGHT","PARKED MOTOR VEHICLE","PARKING LOT",,"STRAIGHT AND LEVEL","DRY","UNKNOWN","NOT ON SCENE (DESK REPORT)","NO INJURY / DRIVE AWAY","Y","Y",,"OVER $1,500","2026-03-04T13:30:00.000","IMPROPER OVERTAKING/PASSING","DRIVING SKILLS/KNOWLEDGE/EXPERIENCE","1915","S","ARCHER AVE","131",,,,,,,"2","NO INDICATION OF INJURY","0","0","0","0","0","2","0","12","4","3","41.8561865919","-87.6276713955","POINT (-87.627671395452 41.856186591945)"
"7110ed08379ab8055d71717c9f755c72e5bfe3e86d2b1404f2fca11cc6114fcdc0663d91ecc83517932ea09a95805caa596e57992157d62a3bd9843fbd86165e",,"2026-03-04T12:00:00.000","30","NO CONTROLS","NO CONTROLS","CLEAR","DAYLIGHT","PEDESTRIAN","NOT DIVIDED",,"STRAIGHT AND LEVEL","DRY","NO DEFECTS","ON SCENE","NO INJURY / DRIVE AWAY",,,,"$500 OR LESS","2026-03-04T12:04:00.000","UNABLE TO DETERMINE","UNABLE TO DETERMINE","4031","W","57TH ST","813",,,,,,,"2","NO INDICATION OF INJURY","0","0","0","0","0","2","0","12","4","3","41.7894532722","-87.7243227237","POINT (-87.724322723742 41.789453272171)"
"f68bef683f5519e8eb7666ae97dfeebbf77ab630493a871958344401a000d54632502f2dbfd799e77e86c20688c0c868bbb63f6815da4b69d394ea97903a7e67",,"2026-03-04T12:00:00.000","30","NO CONTROLS","NO CONTROLS","CLEAR","DAYLIGHT","TURNING","T-INTERSECTION",,"STRAIGHT AND LEVEL","DRY","NO DEFECTS","ON SCENE","NO INJURY / DRIVE AWAY","Y",,,"OVER $1,500","2026-03-04T12:01:00.000","FAILING TO YIELD RIGHT-OF-WAY","UNABLE TO DETERMINE","2900","N","WESTERN AVE","1411",,,,,,,"2","NO INDICATION OF INJURY","0","0","0","0","0","2","0","12","4","3","41.9340055839","-87.688088762","POINT (-87.688088761979 41.934005583879)"
"9f8bd813a4369b8aaea023453b3db3651c5a1718c7e2c46d8722370f6402a2a08bf507b39fa049428f9018cc6bad7972385ff5a5ac8e17d949d946cdd425ee70",,"2026-03-04T11:41:00.000","10","NO CONTROLS","NO CONTROLS","CLEAR","DAYLIGHT","SIDESWIPE SAME DIRECTION","ONE-WAY",,"STRAIGHT AND LEVEL","DRY","UNKNOWN","ON SCENE","NO INJURY / DRIVE AWAY",,"Y","Y","OVER $1,500","2026-03-04T12:07:00.000","UNABLE TO DETERMINE","UNABLE TO DETERMINE","3100","W","76TH ST","835",,,,,,,"2","NO INDICATION OF INJURY","0","0","0","0","0","2","0","11","4","3","41.7553893772","-87.70029918","POINT (-87.700299179988 41.755389377227)"
"7a897915ff59659bce03ea4d3ef93fb60a8b99500051bb982cc94e23dcd22b9a65133723d0479dbe0cae9ae1aaacbb3174a8d31288fb3eea4c870fd1c4fcfaf7",,"2026-03-04T11:40:00.000","30","TRAFFIC SIGNAL","FUNCTIONING PROPERLY","CLOUDY/OVERCAST","DAYLIGHT","TURNING","ONE-WAY",,"STRAIGHT AND LEVEL","DRY","NO DEFECTS","NOT ON SCENE (DESK REPORT)","NO INJURY / DRIVE AWAY","Y",,,"OVER $1,500","2026-03-04T15:15:00.000","IMPROPER LANE USAGE","FAILING TO YIELD RIGHT-OF-WAY","45","N","WESTERN AVE","1223",,,,,,,"2","NO INDICATION OF INJURY","0","0","0","0","0","2","0","11","4","3","41.8825116243","-87.6863244332","POINT (-87.686324433222 41.882511624325)"
"139ea883db82358b8d02e3121fb4efef4171405219f43edd557151e463ba7abd61e76ebc667bbe5801cd9c5e2d32c16e62179654968abd829fbc9612d58c5256",,"2026-03-04T11:35:00.000","30","TRAFFIC SIGNAL","FUNCTIONING PROPERLY","CLOUDY/OVERCAST","DAYLIGHT","REAR END","DIVIDED - W/MEDIAN (NOT RAISED)",,"STRAIGHT AND LEVEL","DRY","NO DEFECTS","ON SCENE","NO INJURY / DRIVE AWAY",,,,"OVER $1,500","2026-03-04T11:39:00.000","FOLLOWING TOO CLOSELY","FOLLOWING TOO CLOSELY","1925","N","WESTERN AVE","1434",,,,,,,"3","NO INDICATION OF INJURY","0","0","0","0","0","3","0","11","4","3","41.9165688754","-87.6872361541","POINT (-87.687236154132 41.916568875382)"
"821df388f93a8583aebfbd4b87826c43750897c6bad5cd81c92318f3f0c3c3336a6656c03844f4194239eb0155c316f687228feb8f63192c2953290e990526ff",,"2026-03-04T11:25:00.000","30","TRAFFIC SIGNAL","FUNCTIONING PROPERLY","UNKNOWN","DAYLIGHT","SIDESWIPE SAME DIRECTION","NOT DIVIDED",,"STRAIGHT AND LEVEL","UNKNOWN","UNKNOWN","NOT ON SCENE (DESK REPORT)","NO INJURY / DRIVE AWAY",,,,"OVER $1,500","2026-03-04T13:30:00.000","IMPROPER LANE USAGE","IMPROPER LANE USAGE","1617","N","AUSTIN AVE","2531",,,,,,,"2","NO INDICATION OF INJURY","0","0","0","0","0","2","0","11","4","3","41.9097447921","-87.7751012976","POINT (-87.775101297551 41.909744792074)"
"865c9dade3541500f9a0468e353740a8d2d1e28666269670a02518326961148cb8679bc24bfb1f919a867d275836dc7620eafe6ab22b5b4878b21507310f9cba",,"2026-03-04T11:19:00.000","30","NO CONTROLS","NO CONTROLS","CLEAR","DAYLIGHT","PARKED MOTOR VEHICLE","DIVIDED - W/MEDIAN (NOT RAISED)",,"STRAIGHT AND LEVEL","DRY","NO DEFECTS","NOT ON SCENE (DESK REPORT)","NO INJURY / DRIVE AWAY",,,,"OVER $1,500","2026-03-04T11:53:00.000","IMPROPER LANE USAGE","UNABLE TO DETERMINE","6741","W","DIVERSEY AVE","2512",,,,,,,"2","NO INDICATION OF INJURY","0","0","0","0","0","2","0","11","4","3","41.9307854429","-87.7946966147","POINT (-87.794696614701 41.930785442881)"
"8252a57f5d7c7b9b93508247525b3a5e209f1ca04da49aa6000d676e509a663dee9981d23f211503b98c7b57e9278a0672b3a1297fe91ee5b5ff624f169cee62",,"2026-03-04T11:15:00.000","25","NO CONTROLS","UNKNOWN","CLEAR","DAYLIGHT","TURNING","FOUR WAY",,"STRAIGHT AND LEVEL","UNKNOWN","UNKNOWN","NOT ON SCENE (DESK REPORT)","NO INJURY / DRIVE AWAY",,,,"OVER $1,500","2026-03-05T00:43:00.000","FAILING TO YIELD RIGHT-OF-WAY","NOT APPLICABLE","4600","W","WILSON AVE","1722",,,,,,,"2","NO INDICATION OF INJURY","0","0","0","0","0","2","0","11","4","3","41.9645393728","-87.742787196","POINT (-87.742787195995 41.964539372844)"
"9292336d999347f99fd6c6b7e6f99f8d843475598c98c00fbbc586cdea4c0beff4b1b1bd0454ec9a54c9eee63a39e3dc416abefcf0278f2938df5519c6f80959",,"2026-03-04T11:05:00.000","25","TRAFFIC SIGNAL","FUNCTIONING PROPERLY","CLEAR","DAYLIGHT","REAR END","NOT DIVIDED",,"STRAIGHT AND LEVEL","DRY","NO DEFECTS","NOT ON SCENE (DESK REPORT)","NO INJURY / DRIVE AWAY","Y",,,"OVER $1,500","2026-03-05T19:00:00.000","UNABLE TO DETERMINE","UNABLE TO DETERMINE","1","W","59TH ST","232",,,,,,,"2","NO INDICATION OF INJURY","0","0","0","0","0","2","0","11","4","3","41.787251536","-87.6255638034","POINT (-87.625563803432 41.787251535986)"
"a933b7c05842ecef9aaf278a575766067da1ab3f462e478661b1bafb6ec1ef9853b34ae1236ea4a69f85a59d2bf53427c9aeec697efd9029917305bef6a715b8",,"2026-03-04T10:38:00.000","30","TRAFFIC SIGNAL","FUNCTIONING PROPERLY","UNKNOWN","DAYLIGHT","REAR END","DIVIDED - W/MEDIAN BARRIER",,"STRAIGHT AND LEVEL","UNKNOWN","UNKNOWN","NOT ON SCENE (DESK REPORT)","NO INJURY / DRIVE AWAY",,,"Y","$501 - $1,500","2026-03-04T11:30:00.000","UNABLE TO DETERMINE","NOT APPLICABLE","6001","S","STONY ISLAND AVE","331",,,,,,,"2","NO INDICATION OF INJURY","0","0","0","0","0","2","0","10","4","3","41.7860297803","-87.5864452182","POINT (-87.586445218215 41.786029780315)"
"e18dfff750487cc691d03eaf973e217777ad820e4c3433722aefe876977e4fb88eac3a3b6af3045f1811390dcb5998885ed4803311c0a02e0bbf0c86fc03a4ac",,"2026-03-04T10:28:00.000","30","NO CONTROLS","NO CONTROLS","CLOUDY/OVERCAST","DAYLIGHT","TURNING","NOT DIVIDED",,"STRAIGHT ON GRADE","DRY","NO DEFECTS","ON SCENE","INJURY AND / OR TOW DUE TO CRASH",,,,"$501 - $1,500","2026-03-04T10:29:00.000","FAILING TO YIELD RIGHT-OF-WAY","DRIVING SKILLS/KNOWLEDGE/EXPERIENCE","1550","E","79TH ST","411",,,,,,,"2","NO INDICATION OF INJURY","0","0","0","0","0","2","0","10","4","3","41.7516032259","-87.5865654253","POINT (-87.58656542529 41.751603225932)"
"a4286dd5df24c8b79e2f9ef8b5c62d161a19c1c7f0f7909bce7e1bf20755e9b72ed3ea53d0538e2e8b364134120a9b8f670e92d4f9ad332655986ec828292166",,"2026-03-04T10:08:00.000","30","UNKNOWN","UNKNOWN","CLEAR","DAYLIGHT","TURNING","NOT DIVIDED",,"STRAIGHT AND LEVEL","UNKNOWN","UNKNOWN","NOT ON SCENE (DESK REPORT)","NO INJURY / DRIVE AWAY",,,,"$500 OR LESS","2026-03-04T10:31:00.000","DRIVING SKILLS/KNOWLEDGE/EXPERIENCE","UNABLE TO DETERMINE","2650","W","PETERSON AVE","2413",,,,,,,"2","NO INDICATION OF INJURY","0","0","0","0","0","2","0","10","4","3","41.9905687379","-87.6965941441","POINT (-87.696594144061 41.99056873792)"
"3d39edd3921599f81a5a05b2cba5738239edb916ac581571dda72c30adfce33e24ccb20bcefea780e520534c8c1577af247eedc138e8ea153a1e0080b8f865f9",,"2026-03-04T10:00:00.000","30","NO CONTROLS","NO CONTROLS","CLEAR","DAYLIGHT","TURNING","ONE-WAY",,"STRAIGHT AND LEVEL","DRY","NO DEFECTS","NOT ON SCENE (DESK REPORT)","NO INJURY / DRIVE AWAY",,,,"$500 OR LESS","2026-03-06T07:47:00.000","UNABLE TO DETERMINE","NOT APPLICABLE","100","W","ERIE ST","1832",,,,,,,"2","NO INDICATION OF INJURY","0","0","0","0","0","2","0","10","4","3","41.8941397779","-87.6312642984","POINT (-87.631264298408 41.894139777931)"
"7e146c95d0e07098c6f148a5e49ea9deedeeb9955d54042569023f96770afd5c92c10d558572aa2d9f2cad26e41e43c3c7f7dd53f67edb5a70e42d03c700af86",,"2026-03-04T10:00:00.000","25","TRAFFIC SIGNAL","NO CONTROLS","CLEAR","DAYLIGHT","SIDESWIPE SAME DIRECTION","DIVIDED - W/MEDIAN (NOT RAISED)",,"STRAIGHT AND LEVEL","DRY","NO DEFECTS","NOT ON SCENE (DESK REPORT)","NO INJURY / DRIVE AWAY","Y",,"Y","OVER $1,500","2026-03-04T15:00:00.000","DRIVING SKILLS/KNOWLEDGE/EXPERIENCE","NOT APPLICABLE","7705","S","KEDZIE AVE","835",,,,,,,"2","NO INDICATION OF INJURY","0","0","0","0","0","2","0","10","4","3","41.7532598103","-87.7023462326","POINT (-87.702346232639 41.753259810333)"
"b3b4f95c81812dd22d3569b2c27bafd8b65421d7b575aba711148536275b5c35e758bd9164dd6242a54f08d15a5f2e25124d3b3aedfb7ca947ec5c26b9708d4d",,"2026-03-04T10:00:00.000","30","NO CONTROLS","NO CONTROLS","CLEAR","DAYLIGHT","REAR END","NOT DIVIDED",,"STRAIGHT AND LEVEL","DRY","NO DEFECTS","ON SCENE","INJURY AND / OR TOW DUE TO CRASH",,,,"OVER $1,500","2026-03-04T10:20:00.000","FAILING TO REDUCE SPEED TO AVOID CRASH","FAILING TO REDUCE SPEED TO AVOID CRASH","2103","N","HARLEM AVE","2512",,,,,,,"2","NO INDICATION OF INJURY","0","0","0","0","0","2","0","10","4","3","41.9181740746","-87.8059223957","POINT (-87.805922395698 41.918174074629)"
"e6e5b79676e744a4db2269a6bc658eb54459905b22fdd4a6d0045b8ef153774ea369b30cfa891a1d4860711c15a25fc4b3fdd5554edc00b0a8a46e729cc63337",,"2026-03-04T10:00:00.000","30","NO CONTROLS","NO CONTROLS","UNKNOWN","DAYLIGHT","TURNING","DIVIDED - W/MEDIAN BARRIER",,"STRAIGHT AND LEVEL","UNKNOWN","UNKNOWN","NOT ON SCENE (DESK REPORT)","NO INJURY / DRIVE AWAY",,,,"OVER $1,500","2026-03-07T14:20:00.000","IMPROPER TURNING/NO SIGNAL","FAILING TO REDUCE SPEED TO AVOID CRASH","650","N","LA SALLE DR","1832",,,,,,,"2","NO INDICATION OF INJURY","0","0","0","0","0","2","0","10","4","3","41.8939693996","-87.6328072823","POINT (-87.632807282324 41.893969399572)"
"5fa7666d13879fc948ae70eff8953da5e23c05e6081399f20c837a82827338363aa215be9eb057b2a50388545456830533dfbba0272e7918b421df1cba4c721a",,"2026-03-04T09:55:00.000","20","NO CONTROLS","NO CONTROLS","OTHER","DAYLIGHT","PARKED MOTOR VEHICLE","DIVIDED - W/MEDIAN (NOT RAISED)",,"STRAIGHT AND LEVEL","DRY","UNKNOWN","NOT ON SCENE (DESK REPORT)","NO INJURY / DRIVE AWAY",,,,"OVER $1,500","2026-03-04T10:15:00.000","UNABLE TO DETERMINE","UNABLE TO DETERMINE","2875","W","19TH ST","1022",,,,,,,"2","NO INDICATION OF INJURY","0","0","0","0","0","2","0","9","4","3","41.8554028935","-87.6987075449","POINT (-87.698707544873 41.8554028935)"
"f4fe8b463242309fad4cb5d2affcbc1ed39c855b80b965b0012047202fcf0a72a8df886a3b667f5e259826b4badfa9179d63c3ff2ff55ba1c80235e1b5ebe34b",,"2026-03-04T09:39:00.000","30","NO CONTROLS","NO CONTROLS","CLEAR","DAYLIGHT","PARKED MOTOR VEHICLE","PARKING LOT",,"STRAIGHT AND LEVEL","DRY","NO DEFECTS","NOT ON SCENE (DESK REPORT)","NO INJURY / DRIVE AWAY",,,"Y","OVER $1,500","2026-03-09T09:00:00.000","UNABLE TO DETERMINE","UNABLE TO DETERMINE","3636","S","IRON ST","912",,,,,,,"2","NO INDICATION OF INJURY","0","0","0","0","0","1","0","9","4","3","41.8277327042","-87.6594676008","POINT (-87.659467600755 41.827732704178)"
"0c7474dcc5723ef6757ed7bd85f6020da8e8bc178b1bb5537499378c34a2ce3c61eb24d2076bdb587bf1135f00d86f4fb3ffcec5a88ac75613f79d60988f062a",,"2026-03-04T09:30:00.000","30","NO CONTROLS","NO CONTROLS","CLEAR","DAYLIGHT","PARKED MOTOR VEHICLE","ONE-WAY",,"STRAIGHT AND LEVEL","DRY","NO DEFECTS","NOT ON SCENE (DESK REPORT)","NO INJURY / DRIVE AWAY",,,"Y","OVER $1,500","2026-03-04T12:15:00.000","UNABLE TO DETERMINE","UNABLE TO DETERMINE","227","W","MONROE ST","122",,,,,,,"2","NO INDICATION OF INJURY","0","0","0","0","0","2","0","9","4","3","41.88053925","-87.6345924635","POINT (-87.634592463514 41.88053924995)"
"50852aa8b0d80f9f28ec5834951f903595b605add6fc6a3311fbc8511c089d9291fab32f360b028c0953e1001fa37813439e0a7312c58047e2f479990ed40e75",,"2026-03-04T09:30:00.000","15","NO CONTROLS","NO CONTROLS","CLEAR","DAYLIGHT","SIDESWIPE SAME DIRECTION","NOT DIVIDED",,"STRAIGHT AND LEVEL","DRY","UNKNOWN","NOT ON SCENE (DESK REPORT)","NO INJURY / DRIVE AWAY",,,,"OVER $1,500","2026-03-04T10:15:00.000","UNABLE TO DETERMINE","NOT APPLICABLE","5629","W","BARRY AVE","2514",,,,,,,"2","NO INDICATION OF INJURY","0","0","0","0","0","2","0","9","4","3","41.9366228076","-87.7675881522","POINT (-87.767588152161 41.936622807649)"
"ecca816336df1ffd34665b98fd69d1bf1fb334eefbe545659d4224c8a411ab4b6ae01cd68efa84b8babfd43aff36bb06322e479126d74984f1fdccb6689d3afd",,"2026-03-04T09:26:00.000","30","NO CONTROLS","NO CONTROLS","CLEAR","DAYLIGHT","SIDESWIPE SAME DIRECTION","ONE-WAY",,"STRAIGHT AND LEVEL","DRY","NO DEFECTS","NOT ON SCENE (DESK REPORT)","NO INJURY / DRIVE AWAY",,,"Y","$501 - $1,500","2026-03-04T10:45:00.000","DRIVING SKILLS/KNOWLEDGE/EXPERIENCE","IMPROPER LANE USAGE","227","W","MONROE ST","122",,,,,,,"2","NO INDICATION OF INJURY","0","0","0","0","0","2","0","9","4","3","41.88053925","-87.6345924635","POINT (-87.634592463514 41.88053924995)"
"a7f008d376b07a4ae32f27ef509143cbbd6bbd4da06b073b649fc839055f6f57886e2a104f3dfd3392770836de51881210097fd3bf66bd678e534dd013ff037e",,"2026-03-04T09:20:00.000","30","NO CONTROLS","NO CONTROLS","CLOUDY/OVERCAST","DAYLIGHT","SIDESWIPE SAME DIRECTION","ONE-WAY",,"STRAIGHT AND LEVEL","DRY","UNKNOWN",,"NO INJURY / DRIVE AWAY",,,,"$501 - $1,500","2026-03-04T09:43:00.000","UNABLE TO DETERMINE","NOT APPLICABLE","861","N","RUSH ST","1833",,,,,,,"2","NO INDICATION OF INJURY","0","0","0","0","0","2","0","9","4","3","41.898352335","-87.6262107485","POINT (-87.626210748511 41.898352335026)"
"ed21c7db5d0cba2d7c1706461368ba8a65349fb687139fc70e501c8365b09ccfaccf62aaf2a1f15df1db6c8f268368ea12ab595eb01d39b3295df0424794835d",,"2026-03-04T09:10:00.000","30","NO CONTROLS","NO CONTROLS","CLEAR","DAYLIGHT","ANGLE","FOUR WAY",,"STRAIGHT AND LEVEL","DRY","NO DEFECTS","ON SCENE","NO INJURY / DRIVE AWAY","Y",,"Y","OVER $1,500","2026-03-04T09:15:00.000","FAILING TO YIELD RIGHT-OF-WAY","UNABLE TO DETERMINE","4400","W","HADDON AVE","1111",,,,,,,"2","NO INDICATION OF INJURY","0","0","0","0","0","2","0","9","4","3","41.9016981859","-87.7362476027","POINT (-87.736247602718 41.901698185888)"
"04ac538a8a3fc6cbd2ca01dd5a0938727f4fe4f2931a665e849f920ef775fe8e22395951e224dd868f089d308a638198affdc26c04d71f35788d69e6eeff0b96",,"2026-03-04T09:05:00.000","30","TRAFFIC SIGNAL","FUNCTIONING PROPERLY","CLEAR","DAYLIGHT","REAR END","FOUR WAY",,"STRAIGHT AND LEVEL","DRY","NO DEFECTS","NOT ON SCENE (DESK REPORT)","NO INJURY / DRIVE AWAY","Y",,,"OVER $1,500","2026-03-04T13:00:00.000","FOLLOWING TOO CLOSELY","DRIVING SKILLS/KNOWLEDGE/EXPERIENCE","100","N","CENTRAL PARK DR","1122","Y","Y",,,,,"2","NO INDICATION OF INJURY","0","0","0","0","0","5","0","9","4","3","41.8833553223","-87.7156652316","POINT (-87.715665231597 41.883355322314)"
"0046c86607db6356ef3ffe755e68b12925f0f2ec1315aad61b5fe1ebf21d7c6381d03352489e3faed4ef84f632a7b397c02bcd05b267f25e53f2e0229c986262",,"2026-03-04T09:03:00.000","25","TRAFFIC SIGNAL","FUNCTIONING PROPERLY","CLEAR","DAYLIGHT","TURNING","FOUR WAY",,"STRAIGHT AND LEVEL","DRY","NO DEFECTS","ON SCENE","INJURY AND / OR TOW DUE TO CRASH",,,,"OVER $1,500","2026-03-04T09:06:00.000","NOT APPLICABLE","NOT APPLICABLE","6400","N","WESTERN AVE","2412",,,,,,,"2","NONINCAPACITATING INJURY","1","0","0","1","0","1","0","9","4","3","41.997817807","-87.6900330347","POINT (-87.690033034693 41.997817807026)"