"crash_record_id","crash_date_est_i","crash_date","posted_speed_limit","traffic_control_device","device_condition","weather_condition","lighting_condition","first_crash_type","trafficway_type","lane_cnt","alignment","roadway_surface_cond","road_defect","report_type","crash_type","intersection_related_i","private_property_i","hit_and_run_i","damage","date_police_notified","prim_contributory_cause","sec_contributory_cause","street_no","street_direction","street_name","beat_of_occurrence","photos_taken_i","statements_taken_i","dooring_i","work_zone_i","work_zone_type","workers_present_i","num_units","most_severe_injury","injuries_total","injuries_fatal","injuries_incapacitating","injuries_non_incapacitating","injuries_reported_not_evident","injuries_no_indication","injuries_unknown","crash_hour","crash_day_of_week","crash_month","latitude","longitude","location"
"fa8ddd900beb86fbf5c0b8aecfa3aab9f34b8332a31f24d325ae0faa9e37295396b904ddad13964399a111d97888966f4a5e9a20cfd77633835b8c15aaf3080d",,"2026-03-04T09:02:00.000","30","NO CONTROLS","NO CONTROLS","CLEAR","DAYLIGHT","PARKED MOTOR VEHICLE","DIVIDED - W/MEDIAN (NOT RAISED)",,"STRAIGHT AND LEVEL","DRY","NO DEFECTS","ON SCENE","NO INJURY / DRIVE AWAY",,,,"OVER $1,500","2026-03-04T09:05:00.000","IMPROPER OVERTAKING/PASSING","DRIVING SKILLS/KNOWLEDGE/EXPERIENCE","1932","N","MILWAUKEE AVE","1434",,,,,,,"2","NO INDICATION OF INJURY","0","0","0","0","0","1","0","9","4","3","41.9165231294","-87.6871697859","POINT (-87.687169785876 41.916523129352)"
"29d27908a3b978ddf2e02f6b0b572917f203274db8a4ccc721e44e94a4ecb1e2c027a1effc6712e9eb14c03714eabd37b7c1759545fe27b442e9e4f4d2987d78",,"2026-03-04T09:00:00.000","15","NO CONTROLS","NO CONTROLS","CLEAR","DAYLIGHT","PARKED MOTOR VEHICLE","ONE-WAY",,"STRAIGHT AND LEVEL","DRY","UNKNOWN","ON SCENE","NO INJURY / DRIVE AWAY",,,"Y","OVER $1,500","2026-03-04T09:28:00.000","NOT APPLICABLE","NOT APPLICABLE","8822","S","EXCHANGE AVE","423",,,,,,,"2","NO INDICATION OF INJURY","0","0","0","0","0","1","0","9","4","3","41.7348235881","-87.5529029747","POINT (-87.55290297466 41.734823588089)"
"45868d51774da854c0665d1d53a248fb9050ddf543e3fabc8ba27608a91d8afa9e4c8fd253a8971a1d02b1460d791b6a6dae17a1e2bdefed1a4f32f13accf0c7",,"2026-03-04T09:00:00.000","10","NO CONTROLS","NO CONTROLS","CLEAR","DAYLIGHT","HEAD ON","ALLEY",,"STRAIGHT AND LEVEL","DRY","NO DEFECTS","NOT ON SCENE (DESK REPORT)","NO INJURY / DRIVE AWAY",,,"Y","OVER $1,500","2026-03-04T10:13:00.000","UNABLE TO DETERMINE","NOT APPLICABLE","7223","S","CHAMPLAIN AVE","323",,,,,,,"2","NO INDICATION OF INJURY","0","0","0","0","0","2","0","9","4","3","41.7632793373","-87.609016348","POINT (-87.609016347991 41.76327933726)"
"96c82688615c8334bc70c6ee08f1a7fa1e0a29b4e4e0e3f65e7ec3dd8a26739912aa0320c8d43f9738e12da8b41bbbf78617b98084c280b3c5336adefe9117ed",,"2026-03-04T09:00:00.000","25","NO CONTROLS","NO CONTROLS","CLEAR","DAYLIGHT","SIDESWIPE SAME DIRECTION","NOT DIVIDED",,"STRAIGHT AND LEVEL","DRY","NO DEFECTS","ON SCENE","INJURY AND / OR TOW DUE TO CRASH",,,,"OVER $1,500","2026-03-04T09:05:00.000","FOLLOWING TOO CLOSELY","NOT APPLICABLE","911","N","CALIFORNIA AVE","1211",,,,,,,"3","INCAPACITATING INJURY","1","0","1","0","0","2","0","9","4","3","41.8977985601","-87.6966103665","POINT (-87.69661036647 41.897798560118)"
"ac133d4986f5e576d1259fb706304451d71666393c714fa35f9eb0c3d424bfc96fa5b31540a5c44f30b5f0d519fb7d50b00778b4c792d17b9febd43b2987defe",,"2026-03-04T09:00:00.000","20","TRAFFIC SIGNAL","FUNCTIONING PROPERLY","CLEAR","DAYLIGHT","PARKED MOTOR VEHICLE","DIVIDED - W/MEDIAN (NOT RAISED)",,"STRAIGHT AND LEVEL","DRY","NO DEFECTS","NOT ON SCENE (DESK REPORT)","NO INJURY / DRIVE AWAY",,,"Y","OVER $1,500","2026-03-13T17:30:00.000","UNABLE TO DETERMINE","NOT APPLICABLE","2348","S","WESTERN AVE","1034",,,,,,,"2","NO INDICATION OF INJURY","0","0","0","0","0","2","0","9","4","3","41.8487335704","-87.6856917342","POINT (-87.685691734202 41.84873357041)"
"b4bc6d0978591aa03a7471397aa23bd8c17fa20a824848528c7bd68a48ae418474d9cabaec83d6538d1a1c4cd227a1a07236bbf516db156462cc79a8e3406c4d",,"2026-03-04T09:00:00.000","25","NO CONTROLS","NO CONTROLS","CLEAR","DAYLIGHT","TURNING","NOT DIVIDED",,"STRAIGHT AND LEVEL","DRY","NO DEFECTS","NOT ON SCENE (DESK REPORT)","NO INJURY / DRIVE AWAY",,,,"OVER $1,500","2026-03-04T09:30:00.000","IMPROPER OVERTAKING/PASSING","DRIVING ON WRONG SIDE/WRONG WAY","850","W","84TH ST","613",,,,,,,"2","NO INDICATION OF INJURY","0","0","0","0","0","2","0","9","4","3","41.7416105949","-87.6458392129","POINT (-87.645839212867 41.741610594905)"
"f37e0f1dc8d4dad3653d28697895418082cab624ffc779b793350c47e4d784e5cd6877252663be3053fa186b6be1baa07bb8f95de376e9dc486b67dcb8cb26e8",,"2026-03-04T09:00:00.000","30","NO CONTROLS","NO CONTROLS","CLEAR","DAYLIGHT","ANGLE","DIVIDED - W/MEDIAN BARRIER",,"STRAIGHT AND LEVEL","DRY","NO DEFECTS","ON SCENE","INJURY AND / OR TOW DUE TO CRASH",,,,"OVER $1,500","2026-03-04T09:00:00.000","VISION OBSCURED (SIGNS, TREE LIMBS, BUILDINGS, ETC.)","VISION OBSCURED (SIGNS, TREE LIMBS, BUILDINGS, ETC.)","828","W","95TH ST","2223",,,,,,,"2","NONINCAPACITATING INJURY","2","0","0","2","0","1","0","9","4","3","41.7215547013","-87.6443676137","POINT (-87.644367613712 41.721554701297)"
"f73ae30695937cda9ef26b9d5d6b5819c94d58a1680d71aa8d5c020597cf1065f6755d77c8e136a9fc0480ffbb09d8b05f8a73ba5f5a806456779d6f1a912c6a",,"2026-03-04T08:53:00.000","30","NO CONTROLS","NO CONTROLS","CLEAR","DAYLIGHT","SIDESWIPE SAME DIRECTION","ONE-WAY",,"STRAIGHT AND LEVEL","DRY","UNKNOWN","NOT ON SCENE (DESK REPORT)","NO INJURY / DRIVE AWAY",,,,"OVER $1,500","2026-03-04T09:00:00.000","UNABLE TO DETERMINE","UNABLE TO DETERMINE","1315","S","INDEPENDENCE BLVD","1011",,,,,,,"2","NO INDICATION OF INJURY","0","0","0","0","0","3","0","8","4","3","41.8639112583","-87.7193059094","POINT (-87.719305909427 41.863911258335)"
"9c950ba06127fe2131e313c02a0e08d95dcd4e85806017d6f282ec8a30f560296e4dd2f8cd772f5e5c2493b43046bec8481ed315614d9a4262a0f051e5aec307",,"2026-03-04T08:45:00.000","15","NO CONTROLS","NO CONTROLS","CLEAR","DAYLIGHT","OTHER OBJECT","ALLEY",,"STRAIGHT AND LEVEL","DRY","SHOULDER DEFECT","ON SCENE","NO INJURY / DRIVE AWAY",,,,"$500 OR LESS","2026-03-04T08:45:00.000","NOT APPLICABLE","NOT APPLICABLE","1936","W","NELSON ST","1931",,,,,,,"1","NO INDICATION OF INJURY","0","0","0","0","0","1","0","8","4","3","41.9369615591","-87.6773197388","POINT (-87.677319738846 41.936961559055)"
"1f8ef42b5121684dfa3f8cb388ce5d6fa1b86312280fdd0889e383793138bd819a716d5eaf387cb39833e83fc9c9ac15a828706d42747d4dd74ff8e6765eb30c",,"2026-03-04T08:40:00.000","30","STOP SIGN/FLASHER","FUNCTIONING PROPERLY","CLEAR","DAYLIGHT","SIDESWIPE SAME DIRECTION","NOT DIVIDED",,"STRAIGHT AND LEVEL","DRY","NO DEFECTS","ON SCENE","NO INJURY / DRIVE AWAY","Y",,"Y","OVER $1,500","2026-03-04T08:53:00.000","DRIVING ON WRONG SIDE/WRONG WAY","NOT APPLICABLE","3799","S","PULASKI RD","821",,,,,,,"2","NO INDICATION OF INJURY","0","0","0","0","0","2","0","8","4","3","41.8246146793","-87.7239441495","POINT (-87.723944149495 41.824614679305)"
"223c354b40b3f2002f6268e16a29448ebe250f967b980fa314fba990fdb4933b6d388108aec5ae8fcf7f478e447b58439260fa9f3f84fc592f88510223d62721",,"2026-03-04T08:40:00.000","20","STOP SIGN/FLASHER","FUNCTIONING PROPERLY","CLEAR","DAYLIGHT","PARKED MOTOR VEHICLE","T-INTERSECTION",,"STRAIGHT AND LEVEL","DRY","UNKNOWN","ON SCENE","NO INJURY / DRIVE AWAY","Y",,,"$501 - $1,500","2026-03-04T10:15:00.000","UNABLE TO DETERMINE","UNABLE TO DETERMINE","227","W","26TH ST","914",,,,,,,"2","NO INDICATION OF INJURY","0","0","0","0","0","1","0","8","4","3","41.8454036852","-87.6330016867","POINT (-87.633001686721 41.845403685186)"
"4d1a6999adf3bf986b1a7238816e84b342b6415c4c2cc0d3a83fbcc7a3a070cbe7e8215aced4a8cd1da825312deb808e5f9a62ced6fe6a6d10809b447b2dd37d",,"2026-03-04T08:40:00.000","30","NO CONTROLS","NO CONTROLS","CLEAR","DAYLIGHT","SIDESWIPE OPPOSITE DIRECTION","ONE-WAY",,"STRAIGHT AND LEVEL","DRY","UNKNOWN","ON SCENE","NO INJURY / DRIVE AWAY",,,"Y","$500 OR LESS","2026-03-04T08:50:00.000","DRIVING ON WRONG SIDE/WRONG WAY","UNABLE TO DETERMINE","1234","W","57TH ST","713",,,,,,,"2","NO INDICATION OF INJURY","0","0","0","0","0","2","0","8","4","3","41.7906162479","-87.6561434036","POINT (-87.656143403607 41.790616247858)"
"39e6151f731022de53a1fb89a3927604f2064558753e704304f39de93becd35f2e18e3532ffc8358fc1728d609c687e6e0b76ebc48911337629b40dce3733e9e",,"2026-03-04T08:30:00.000","30","TRAFFIC SIGNAL","FUNCTIONING PROPERLY","CLEAR","DAYLIGHT","REAR END","NOT DIVIDED",,"STRAIGHT AND LEVEL","DRY","NO DEFECTS","ON SCENE","NO INJURY / DRIVE AWAY",,,"Y","OVER $1,500","2026-03-04T08:34:00.000","UNABLE TO DETERMINE","NOT APPLICABLE","2200","S","CALIFORNIA AVE","1033",,,,,,,"2","NO INDICATION OF INJURY","0","0","0","0","0","2","0","8","4","3","41.8518543059","-87.6955913949","POINT (-87.695591394946 41.851854305869)"
"dfd30f335e060f56e27c2df32ac612636602885c5ca3022309e6094da90ae3b2addf12c9c265df913d44043df9dcdfa1af4e0ee5dc9ac7620eb58eb45da859af",,"2026-03-04T08:30:00.000","30","TRAFFIC SIGNAL","FUNCTIONING PROPERLY","CLEAR","DAYLIGHT","ANGLE","ONE-WAY",,"STRAIGHT AND LEVEL","DRY","NO DEFECTS","NOT ON SCENE (DESK REPORT)","NO INJURY / DRIVE AWAY","Y",,,"OVER $1,500","2026-03-04T10:30:00.000","FAILING TO YIELD RIGHT-OF-WAY","NOT APPLICABLE","33","W","GRAND AVE","1831",,,,,,,"3","NO INDICATION OF INJURY","0","0","0","0","0","3","0","8","4","3","41.8915384912","-87.6294864078","POINT (-87.629486407789 41.891538491228)"
"aa0bb11ffbe468a471af5fb4987386116f6cd46b769e033f5a87976a44e8e1063ecfc09a05ba8da51131c4c686fbd0e4a02ecc46e7b80acba68b4431821c4f95",,"2026-03-04T08:25:00.000","20","STOP SIGN/FLASHER","FUNCTIONING PROPERLY","CLEAR","DAYLIGHT","PEDESTRIAN","NOT DIVIDED",,"STRAIGHT AND LEVEL","DRY","UNKNOWN","ON SCENE","INJURY AND / OR TOW DUE TO CRASH",,,"Y","$500 OR LESS","2026-03-04T08:45:00.000","FAILING TO YIELD RIGHT-OF-WAY","CELL PHONE USE OTHER THAN TEXTING","1655","W","18TH PL","1234",,,,,,,"2","NONINCAPACITATING INJURY","1","0","0","1","0","1","0","8","4","3","41.8567371258","-87.6683866838","POINT (-87.668386683849 41.856737125751)"
"f73b1770f7712fbcd454ecba21fb605a2120dc04fc5ebbd230c7c6d134c23e412a4bdb76ede164e7fac60368bb650d34bc5b2975fae318bac16e7cce14150435",,"2026-03-04T08:20:00.000","30","NO CONTROLS","NO CONTROLS","CLEAR","DAYLIGHT","REAR END","FOUR WAY",,"STRAIGHT AND LEVEL","DRY","NO DEFECTS","NOT ON SCENE (DESK REPORT)","NO INJURY / DRIVE AWAY","Y",,,"OVER $1,500","2026-03-04T09:05:00.000","FOLLOWING TOO CLOSELY","UNABLE TO DETERMINE","5500","W","ADDISON ST","1633",,,,,,,"2","NO INDICATION OF INJURY","0","0","0","0","0","2","0","8","4","3","41.9460170195","-87.7643622945","POINT (-87.764362294476 41.946017019504)"
"0eb91f5693d8b053549b96e4a0d3d0b6dbd69543e91f88dab3bea3514e5a4dcaa7a15e65eb19d9c9e3637a50ff832c70d3541c231001f386bec55e92c416d08c",,"2026-03-04T08:15:00.000","30","NO CONTROLS","NO CONTROLS","CLEAR","DAYLIGHT","PARKED MOTOR VEHICLE","DIVIDED - W/MEDIAN (NOT RAISED)",,"STRAIGHT AND LEVEL","DRY","NO DEFECTS","ON SCENE","INJURY AND / OR TOW DUE TO CRASH",,,,"OVER $1,500","2026-03-04T08:53:00.000","UNABLE TO DETERMINE","UNABLE TO DETERMINE","322","S","GREEN ST","1232",,,,,,,"2","NO INDICATION OF INJURY","0","0","0","0","0","1","0","8","4","3","41.8771989993","-87.6485347611","POINT (-87.648534761067 41.877198999349)"
"2065bf3c6a99dc33e34ce9ec6f65c3773f29f8ae29dd83f5624916ae586350aba03de12eb0a1cf3b0f9b298b246eb25a6f212030d8f7dde87ece34b3b5d4ae8d",,"2026-03-04T08:15:00.000","30","NO CONTROLS","NO CONTROLS","CLEAR","DAYLIGHT","REAR END","NOT DIVIDED",,"STRAIGHT AND LEVEL","DRY","NO DEFECTS","ON SCENE","INJURY AND / OR TOW DUE TO CRASH","N",,,"OVER $1,500","2026-03-04T08:20:00.000","FOLLOWING TOO CLOSELY","NOT APPLICABLE","105","S","HOMAN AVE","1124",,,,,,,"2","REPORTED, NOT EVIDENT","1","0","0","0","1","1","0","8","4","3","41.8794054316","-87.7108116454","POINT (-87.710811645374 41.879405431578)"
"2719f1920b92202021e7bdb170b20c4203878c615682e022c5c05cf8c7d34e986cacd045cb5b446c04cd03a7d859498ab750671e1e080d35dcfe9272e76c6661",,"2026-03-04T08:15:00.000","30","NO CONTROLS","NO CONTROLS","CLEAR","DAYLIGHT","ANGLE","NOT DIVIDED",,"STRAIGHT AND LEVEL","DRY","NO DEFECTS",,"NO INJURY / DRIVE AWAY",,,,"$501 - $1,500","2026-03-04T08:50:00.000","IMPROPER BACKING","NOT APPLICABLE","525","W","BELMONT AVE","1934",,,,,,,"2","NO INDICATION OF INJURY","0","0","0","0","0","2","0","8","4","3","41.9399578945","-87.6430448709","POINT (-87.643044870873 41.939957894505)"
"3137bb114ef6a0467d41ba493a9a17fee86b6ef483ddb6277d209969f1515fab5da4e41901031edef7484e678f65e619926a358ecad35281dc6e627f426b94ff",,"2026-03-04T08:15:00.000","30","NO CONTROLS","NO CONTROLS","UNKNOWN","DAYLIGHT","REAR END","NOT DIVIDED",,"STRAIGHT AND LEVEL","UNKNOWN","UNKNOWN","NOT ON SCENE (DESK REPORT)","NO INJURY / DRIVE AWAY",,,,"OVER $1,500","2026-03-04T16:00:00.000","FOLLOWING TOO CLOSELY","NOT APPLICABLE","3000","N","KEDZIE AVE","1412",,,,,,,"2","NO INDICATION OF INJURY","0","0","0","0","0","2","0","8","4","3","41.9357869651","-87.7076782831","POINT (-87.707678283111 41.93578696513)"
"52bef10abf820fa52e37f20c8871b881f75c049e15d2bd9c9193a62fa548a060536f1c57545a4c8f80c323883f81ed0980cb670bdf67af1fbac008a0f2caa405",,"2026-03-04T08:15:00.000","30","NO CONTROLS","NO CONTROLS","CLEAR","DAYLIGHT","REAR END","NOT DIVIDED",,"STRAIGHT AND LEVEL","UNKNOWN","UNKNOWN","NOT ON SCENE (DESK REPORT)","NO INJURY / DRIVE AWAY",,,,"OVER $1,500","2026-03-07T18:40:00.000","FOLLOWING TOO CLOSELY","NOT APPLICABLE","3800","S","PULASKI RD","815",,,,,,,"2","NO INDICATION OF INJURY","0","0","0","0","0","5","0","8","4","3","41.8245084404","-87.7242346667","POINT (-87.724234666706 41.824508440396)"
"d00aafe56e079ea8bd34bfc3fa634636936e81de06c4de52514d52099edb670199a1b03f44c5f13a92129e7cec4e8c7e67047514ae54e35eec4d37e29b70ddb6",,"2026-03-04T08:15:00.000","35","TRAFFIC SIGNAL","FUNCTIONING PROPERLY","CLEAR","DAYLIGHT","ANGLE","FOUR WAY",,"STRAIGHT AND LEVEL","DRY","NO DEFECTS","ON SCENE","INJURY AND / OR TOW DUE TO CRASH","Y",,,"OVER $1,500","2026-03-04T08:17:00.000","DISREGARDING TRAFFIC SIGNALS","FAILING TO YIELD RIGHT-OF-WAY","9500","S","VINCENNES AVE","2213",,,,,,,"2","NO INDICATION OF INJURY","0","0","0","0","0","3","0","8","4","3","41.721345885","-87.6507963336","POINT (-87.650796333578 41.721345885031)"
"e76c6f02aefbcae33fc9fdd08e0bf5fb7949e270c7ae701caf8f691ca8af678ff26a2874af8588df687292ae32d0bfd7da6e540a675959803b355d41629ec6a9",,"2026-03-04T08:15:00.000","30","NO CONTROLS","NO CONTROLS","CLEAR","DAYLIGHT","SIDESWIPE SAME DIRECTION","NOT DIVIDED",,"STRAIGHT AND LEVEL","DRY","UNKNOWN","NOT ON SCENE (DESK REPORT)","NO INJURY / DRIVE AWAY",,,,"$501 - $1,500","2026-03-04T09:10:00.000","FAILING TO YIELD RIGHT-OF-WAY","FAILING TO YIELD RIGHT-OF-WAY","4035","W","MADISON ST","1115","Y","Y",,,,,"2","NO INDICATION OF INJURY","0","0","0","0","0","2","0","8","4","3","41.8805993229","-87.7270821455","POINT (-87.727082145548 41.880599322943)"
"f6c8a2a2a3b49b134be8b399d7eaaabf631a039d9e8e8dc5a8d1f5f5134cb48647e3378f64c7f6952a804d8f3894947f9d3649973825d6d52f9c483e73498c79",,"2026-03-04T08:11:00.000","20","NO CONTROLS","NO CONTROLS","CLOUDY/OVERCAST","DAYLIGHT","ANGLE","NOT DIVIDED",,"STRAIGHT AND LEVEL","DRY","NO DEFECTS","NOT ON SCENE (DESK REPORT)","NO INJURY / DRIVE AWAY",,,,"OVER $1,500","2026-03-04T10:15:00.000","UNABLE TO DETERMINE","NOT APPLICABLE","2411","W","40TH ST","921",,,,,,,"2","NO INDICATION OF INJURY","0","0","0","0","0","2","0","8","4","3","41.8209807958","-87.6853084553","POINT (-87.685308455311 41.820980795805)"
"15520f9903dea9e796b087c87481ebe0af6125b11de8724de64437437b649354c92bf340b676fed0ddac84625b6545cecf4df92b94bb185eeaf8b703ff9a4eac",,"2026-03-04T08:10:00.000","30","NO CONTROLS","NO CONTROLS","CLEAR","DAYLIGHT","TURNING","NOT DIVIDED",,"STRAIGHT AND LEVEL","DRY","NO DEFECTS","ON SCENE","NO INJURY / DRIVE AWAY","Y",,,"OVER $1,500","2026-03-04T08:47:00.000","FOLLOWING TOO CLOSELY","FAILING TO YIELD RIGHT-OF-WAY","8800","S","HOLLAND RD","634",,,,,,,"2","NO INDICATION OF INJURY","0","0","0","0","0","2","0","8","4","3","41.7343393301","-87.6309888947","POINT (-87.630988894727 41.734339330123)"
"1c0925486f9c40179bd1eb8581cccc4d6698f566cd647eae86fda950762460c8842bff93f9173b9fe43b6a2be1642254369f7dd8e8ba0eac85f5c12519814e07",,"2026-03-04T08:06:00.000","15","PEDESTRIAN CROSSING SIGN","FUNCTIONING PROPERLY","CLEAR","DAYLIGHT","REAR TO FRONT","PARKING LOT",,"STRAIGHT AND LEVEL","DRY","NO DEFECTS","NOT ON SCENE (DESK REPORT)","NO INJURY / DRIVE AWAY",,"Y",,"$501 - $1,500","2026-03-04T20:31:00.000","IMPROPER BACKING","NOT APPLICABLE","1611","W","HARRISON ST","1231",,,,,,,"2","NO INDICATION OF INJURY","0","0","0","0","0","2","0","8","4","3","41.8740819887","-87.6672227593","POINT (-87.66722275935 41.874081988696)"
"2e43f9cfabe0bdfba6ee513e7e3a8c8ad3c73fec61313c5f78cba990e617593fb7799ede2fc26d8e3684c71640666d21aaa3ee86203512965c515b3ae851ed39",,"2026-03-04T08:06:00.000","30","OTHER","FUNCTIONING PROPERLY","CLEAR","DAYLIGHT","SIDESWIPE SAME DIRECTION","DIVIDED - W/MEDIAN BARRIER",,"STRAIGHT AND LEVEL","DRY","UNKNOWN","NOT ON SCENE (DESK REPORT)","NO INJURY / DRIVE AWAY","Y",,,"OVER $1,500","2026-03-04T09:00:00.000","IMPROPER LANE USAGE","UNABLE TO DETERMINE","3400","S","WESTERN BLVD","911",,,,,,,"2","NO INDICATION OF INJURY","0","0","0","0","0","4","0","8","4","3","41.8320330436","-87.684785143","POINT (-87.68478514301 41.83203304357)"
"c1d812f35e72f1b11ca9869e59908baa396ce5e167d9dea4eb4714599e151fb99f88c49f5cd9d11b288dc0f439a58ffdcc2df7c4e57177c994ab89161d097afe",,"2026-03-04T08:02:00.000","30","STOP SIGN/FLASHER","FUNCTIONING PROPERLY","CLOUDY/OVERCAST","DAYLIGHT","ANGLE","NOT REPORTED",,"STRAIGHT AND LEVEL","DRY","NO DEFECTS","ON SCENE","NO INJURY / DRIVE AWAY","Y",,,"OVER $1,500","2026-03-04T08:30:00.000","DISREGARDING STOP SIGN","VISION OBSCURED (SIGNS, TREE LIMBS, BUILDINGS, ETC.)","1800","W","JACKSON BLVD","1225",,,,,,,"2","NO INDICATION OF INJURY","0","0","0","0","0","3","0","8","4","3","41.8776515241","-87.6717745928","POINT (-87.671774592755 41.877651524062)"
"430c1ffd20971978d7945115575e79631e35c79d84d0c25e386276f4abc85ad9534e55623a9c74a6d7a3032d5189008aaaf44074ee1942bed03ee7122f450eaa",,"2026-03-04T08:00:00.000","30","STOP SIGN/FLASHER","FUNCTIONING PROPERLY","CLEAR","DAYLIGHT","REAR END","FOUR WAY",,"STRAIGHT AND LEVEL","DRY","NO DEFECTS","ON SCENE","INJURY AND / OR TOW DUE TO CRASH","Y",,,"OVER $1,500","2026-03-04T08:05:00.000","PHYSICAL CONDITION OF DRIVER","FOLLOWING TOO CLOSELY","2706","N","LARAMIE AVE","2514",,,,,,,"2","NO INDICATION OF INJURY","0","0","0","0","0","3","0","8","4","3","41.9298342953","-87.756507941","POINT (-87.756507940956 41.929834295267)"
"92f5c889e48a21fc054c143560357f5f567df9dcc436542541c616402e790a1a177cca88fc3d13fa49d0388490acfcde88f042e5c0d682f95bf3fcfbd287da57",,"2026-03-04T08:00:00.000","30","TRAFFIC SIGNAL","FUNCTIONING PROPERLY","CLEAR","DAYLIGHT","SIDESWIPE SAME DIRECTION","NOT DIVIDED",,"STRAIGHT AND LEVEL","DRY","NO DEFECTS","NOT ON SCENE (DESK REPORT)","NO INJURY / DRIVE AWAY",,,"Y","$500 OR LESS","2026-03-04T08:15:00.000","IMPROPER LANE USAGE","UNABLE TO DETERMINE","1800","W","IRVING PARK RD","1912",,,,,,,"2","NO INDICATION OF INJURY","0","0","0","0","0","2","0","8","4","3","41.9543238379","-87.6743208369","POINT (-87.674320836882 41.954323837944)"
"d88e466454a1f8ed865cc5494239f1b7906a55ce131ee890d6735cfeb87563f0124820d8db7c8e257ae0fb4e333aa1290c57838b906800a4e171eace93dff72e",,"2026-03-04T08:00:00.000","30","NO CONTROLS","NO CONTROLS","CLEAR","DAYLIGHT","ANGLE","NOT DIVIDED",,"STRAIGHT AND LEVEL","UNKNOWN","UNKNOWN","NOT ON SCENE (DESK REPORT)","NO INJURY / DRIVE AWAY",,,"Y","OVER $1,500","2026-03-04T08:20:00.000","FAILING TO YIELD RIGHT-OF-WAY","NOT APPLICABLE","6728","W","DIVERSEY AVE","2511",,,,,,,"2","NO INDICATION OF INJURY","0","0","0","0","0","2","0","8","4","3","41.9310092292","-87.7941854005","POINT (-87.79418540052 41.931009229244)"
"f44f273d1d99808e435ec6ebf1d443beb105169cb834f07f857916d51598a175aaaca47159834ef1c831e8dde734173e4ea8fce0030e1d65bd17b78c11be57e3",,"2026-03-04T07:57:00.000","30","TRAFFIC SIGNAL","FUNCTIONING PROPERLY","CLEAR","DAYLIGHT","SIDESWIPE SAME DIRECTION","NOT DIVIDED",,"STRAIGHT AND LEVEL","DRY","NO DEFECTS","NOT ON SCENE (DESK REPORT)","NO INJURY / DRIVE AWAY",,,,"OVER $1,500","2026-03-04T09:29:00.000","UNABLE TO DETERMINE","NOT APPLICABLE","2000","N","WESTERN AVE","1431",,,,,,,"2","NO INDICATION OF INJURY","0","0","0","0","0","2","0","7","4","3","41.9176038179","-87.6875578776","POINT (-87.687557877557 41.917603817942)"
"4ec1bf70d9029859281d74165f051fd4543bb1dc6235ded8bf61218c86b8cfdd3d64c4c63cdabe99ea07c24ab3c5537d152ddde1d2722cff10b817b5118feea2",,"2026-03-04T07:55:00.000","30","TRAFFIC SIGNAL","FUNCTIONING PROPERLY","CLEAR","DAYLIGHT","REAR END","RAMP",,"STRAIGHT ON GRADE","DRY","NO DEFECTS","NOT ON SCENE (DESK REPORT)","NO INJURY / DRIVE AWAY",,,,"$501 - $1,500","2026-03-04T08:15:00.000","UNABLE TO DETERMINE","FOLLOWING TOO CLOSELY","340","N","LAKE SHORE DR RAMP","114",,,,,,,"2","NO INDICATION OF INJURY","0","0","0","0","0","2","0","7","4","3","41.8874716063","-87.6141715459","POINT (-87.614171545924 41.887471606342)"
"725af13af413b9e30302900bb5f9bb5c76adb17bff8782d97f2002a8b148ca8a2587f477715a345f993a24a87f0c6b12a215652a66186f08c1afff13ed840486",,"2026-03-04T07:52:00.000","30","TRAFFIC SIGNAL","FUNCTIONING PROPERLY","CLEAR","DAYLIGHT","REAR END","NOT DIVIDED",,"STRAIGHT AND LEVEL","DRY","NO DEFECTS","NOT ON SCENE (DESK REPORT)","NO INJURY / DRIVE AWAY","Y",,,"OVER $1,500","2026-03-04T10:00:00.000","CELL PHONE USE OTHER THAN TEXTING","CELL PHONE USE OTHER THAN TEXTING","5713","S","ARCHER AVE","814",,,,,,,"2","NO INDICATION OF INJURY","0","0","0","0","0","3","0","7","4","3","41.7967911457","-87.754689796","POINT (-87.754689795955 41.796791145683)"
"9df736138006bcd0d711cf4bfeff3b808cc6aad9b75d9ad6cc80ba7ed7b5a8e905cb95ed7525cf95524275ce1d7b92ce8c5055dd1dac429d43ecf51a5f31d379",,"2026-03-04T07:50:00.000","30","TRAFFIC SIGNAL","FUNCTIONING PROPERLY","CLEAR","DAYLIGHT","SIDESWIPE SAME DIRECTION","NOT DIVIDED",,"STRAIGHT AND LEVEL","DRY","NO DEFECTS","ON SCENE","NO INJURY / DRIVE AWAY",,,,"OVER $1,500","2026-03-04T07:53:00.000","FAILING TO YIELD RIGHT-OF-WAY","IMPROPER TURNING/NO SIGNAL","247","W","47TH ST","935",,,,,,,"2","NO INDICATION OF INJURY","0","0","0","0","0","2","0","7","4","3","41.8089913263","-87.6326087016","POINT (-87.632608701577 41.808991326336)"