"crash_record_id","crash_date_est_i","crash_date","posted_speed_limit","traffic_control_device","device_condition","weather_condition","lighting_condition","first_crash_type","trafficway_type","lane_cnt","alignment","roadway_surface_cond","road_defect","report_type","crash_type","intersection_related_i","private_property_i","hit_and_run_i","damage","date_police_notified","prim_contributory_cause","sec_contributory_cause","street_no","street_direction","street_name","beat_of_occurrence","photos_taken_i","statements_taken_i","dooring_i","work_zone_i","work_zone_type","workers_present_i","num_units","most_severe_injury","injuries_total","injuries_fatal","injuries_incapacitating","injuries_non_incapacitating","injuries_reported_not_evident","injuries_no_indication","injuries_unknown","crash_hour","crash_day_of_week","crash_month","latitude","longitude","location"
"3437484cbedfcd3ee98f9baca57732b045096d9ab216549eb7a2cb057dcbba64ed69391ac85416b2c1f9cca7c3db73074078f2cf6ac34c47f5ecfe836d5ce653",,"2026-03-04T07:49:00.000","30","TRAFFIC SIGNAL","FUNCTIONING PROPERLY","CLEAR","DAYLIGHT","TURNING","DIVIDED - W/MEDIAN (NOT RAISED)",,"STRAIGHT AND LEVEL","DRY","UNKNOWN","ON SCENE","NO INJURY / DRIVE AWAY","Y",,,"$501 - $1,500","2026-03-04T07:50:00.000","IMPROPER LANE USAGE","NOT APPLICABLE","4300","S","WESTERN AVE","922",,,,,,,"2","NO INDICATION OF INJURY","0","0","0","0","0","3","0","7","4","3","41.8156032045","-87.6847727236","POINT (-87.684772723609 41.815603204509)"
"7b096e4f626000ef7e73220962b007a64de08788fe703e3f8d35ed67cb0e53efbbf9be187431f568e4517c2be8a0797bd6a5228a62186d95bd5e141f9704b92d",,"2026-03-04T07:48:00.000","30","TRAFFIC SIGNAL","FUNCTIONING PROPERLY","CLEAR","DAYLIGHT","ANGLE","Y-INTERSECTION",,"STRAIGHT AND LEVEL","DRY","NO DEFECTS","ON SCENE","INJURY AND / OR TOW DUE TO CRASH","Y",,,"OVER $1,500","2026-03-04T07:50:00.000","DISREGARDING TRAFFIC SIGNALS","UNABLE TO DETERMINE","798","E","65TH ST","312","Y","Y",,,,,"2","NONINCAPACITATING INJURY","1","0","0","1","0","1","0","7","4","3","41.7768862884","-87.6059155203","POINT (-87.605915520317 41.776886288372)"
"feca21f43c0e2e2f4f3cd501b77f4e4323bf65b9c3c66870ece9b2373ed1b8a2e60ce089a526e54dcdd06c5c01e3032c9b2f3f4c94048361227292602e4ab678",,"2026-03-04T07:48:00.000","30","STOP SIGN/FLASHER","FUNCTIONING PROPERLY","CLEAR","DAWN","PEDESTRIAN","FOUR WAY",,"STRAIGHT AND LEVEL","DRY","NO DEFECTS","ON SCENE","INJURY AND / OR TOW DUE TO CRASH",,,,"OVER $1,500","2026-03-04T07:50:00.000","UNABLE TO DETERMINE","NOT APPLICABLE","3831","W","WRIGHTWOOD AVE","2524",,"N",,,,,"2","NONINCAPACITATING INJURY","1","0","0","1","0","1","0","7","4","3","41.9280798401","-87.7232682409","POINT (-87.723268240896 41.928079840108)"
"5270bdf00b30f55cae5fd93b46f2c40c2385a1867fde6c7cd4d16258eddc3fa27858dcf6f60b0187b60257eaec7d0b9da6f21785fa9af18381a2abf52d8ccb9f",,"2026-03-04T07:44:00.000","30","TRAFFIC SIGNAL","UNKNOWN","UNKNOWN","UNKNOWN","TURNING","FOUR WAY",,"STRAIGHT AND LEVEL","UNKNOWN","UNKNOWN","NOT ON SCENE (DESK REPORT)","NO INJURY / DRIVE AWAY","Y",,,"OVER $1,500","2026-03-05T13:36:00.000","UNABLE TO DETERMINE","UNABLE TO DETERMINE","1400","W","NORTH AVE","1433",,,,,,,"2","NO INDICATION OF INJURY","0","0","0","0","0","2","0","7","4","3","41.9108068192","-87.6631049341","POINT (-87.66310493406 41.910806819199)"
"26bb84982863011490875c0b6b0970daa0f48c30f2fb8a1629430a44ffb7684b825a921fce04869d44d11ef73af9ab1eec5f89bbce40e10ee02d8ea53e34d07b",,"2026-03-04T07:42:00.000","30","TRAFFIC SIGNAL","FUNCTIONING PROPERLY","CLEAR","DAYLIGHT","PEDESTRIAN","FOUR WAY",,"STRAIGHT AND LEVEL","DRY","NO DEFECTS","ON SCENE","INJURY AND / OR TOW DUE TO CRASH","Y",,,"OVER $1,500","2026-03-04T07:42:00.000","NOT APPLICABLE","NOT APPLICABLE","6399","N","MC CORMICK RD","1711",,,,,,,"2","NONINCAPACITATING INJURY","1","0","0","1","0","1","0","7","4","3","41.9972588191","-87.7115717033","POINT (-87.711571703287 41.99725881908)"
"864ba50c3f1384dbe71c7bce2f2cae7c3add8bc672f4891958a003fe7b9493f3d0a13aa2d60d7507c9acffaeadd6766e0ac596d394918d00ea0fd0a493b9fc98",,"2026-03-04T07:42:00.000","30","STOP SIGN/FLASHER","FUNCTIONING PROPERLY","CLEAR","DAYLIGHT","PEDESTRIAN","FOUR WAY",,"STRAIGHT AND LEVEL","DRY","NO DEFECTS","ON SCENE","INJURY AND / OR TOW DUE TO CRASH","Y","N",,"$500 OR LESS","2026-03-04T07:54:00.000","VISION OBSCURED (SIGNS, TREE LIMBS, BUILDINGS, ETC.)","NOT APPLICABLE","2700","W","TOUHY AVE","2411",,,,,,,"2","NONINCAPACITATING INJURY","1","0","0","1","0","2","0","7","4","3","42.0122295423","-87.6974749859","POINT (-87.697474985947 42.012229542311)"
"9466677eb65722b594f001c3187685bef80012120631290459dc412a78b9af3e57a156a26607e041550feb99573970679baa3f12c2313d774fdb3f617a17c630",,"2026-03-04T07:32:00.000","25","NO CONTROLS","NO CONTROLS","CLEAR","DAYLIGHT","OTHER OBJECT","DIVIDED - W/MEDIAN BARRIER",,"STRAIGHT AND LEVEL","DRY","NO DEFECTS","ON SCENE","NO INJURY / DRIVE AWAY",,,,"OVER $1,500","2026-03-04T07:33:00.000","DRIVING SKILLS/KNOWLEDGE/EXPERIENCE","UNABLE TO DETERMINE","121","E","LOWER SOUTH WATER ST","114",,,,,,,"1","NO INDICATION OF INJURY","0","0","0","0","0","1","0","7","4","3","41.8867072025","-87.6237228392","POINT (-87.623722839162 41.886707202512)"
"30bd1f8ebbba66f2fbd983ac2384cd247a1bef714252505d388945e2836dc45eecb32b80ab519dab6ffba8f087ad2a648c0f96f4374f95b1b36413e05d10f74e",,"2026-03-04T07:30:00.000","30","NO CONTROLS","NO CONTROLS","UNKNOWN","UNKNOWN","PARKED MOTOR VEHICLE","NOT DIVIDED",,"STRAIGHT AND LEVEL","UNKNOWN","UNKNOWN","NOT ON SCENE (DESK REPORT)","NO INJURY / DRIVE AWAY",,,"Y","OVER $1,500","2026-03-04T07:56:00.000","UNABLE TO DETERMINE","DRIVING SKILLS/KNOWLEDGE/EXPERIENCE","200","W","44TH PL","925",,,,,,,"2","NO INDICATION OF INJURY","0","0","0","0","0","1","0","7","4","3","41.8138545864","-87.6311832256","POINT (-87.63118322558 41.813854586437)"
"8c88097105261361f985ccf18eac5fdd0fded50252e39d870e821fea04aab6f8bf9c203afc48dea2ee952e842562724e12b2570e54434384cb4ff864a6fa4cd9",,"2026-03-04T07:30:00.000","30","STOP SIGN/FLASHER","NO CONTROLS","CLEAR","DAYLIGHT","ANGLE","NOT DIVIDED",,"STRAIGHT AND LEVEL","UNKNOWN","UNKNOWN","NOT ON SCENE (DESK REPORT)","NO INJURY / DRIVE AWAY","Y",,,"OVER $1,500","2026-03-04T08:10:00.000","UNABLE TO DETERMINE","NOT APPLICABLE","2000","S","EMERALD AVE","1235",,,,,,,"2","NO INDICATION OF INJURY","0","0","0","0","0","2","0","7","4","3","41.8553673531","-87.645302212","POINT (-87.645302211975 41.85536735314)"
"5b8f0e7467127cf7bb4c92e30a47ac440d45c218d8c6d8c374a5600588d73fc1a651ec8111b58898dc56c7885e2061b50c27c7bee09b96401905cf0e22e6e51d",,"2026-03-04T07:25:00.000","30","TRAFFIC SIGNAL","FUNCTIONING PROPERLY","CLEAR","DAYLIGHT","REAR END","NOT DIVIDED",,"STRAIGHT AND LEVEL","DRY","NO DEFECTS","NOT ON SCENE (DESK REPORT)","NO INJURY / DRIVE AWAY",,,,"$501 - $1,500","2026-03-04T08:30:00.000","FOLLOWING TOO CLOSELY","FAILING TO REDUCE SPEED TO AVOID CRASH","4950","S","PULASKI RD","815",,,,,,,"2","NO INDICATION OF INJURY","0","0","0","0","0","3","0","7","4","3","41.8026445448","-87.7235810971","POINT (-87.723581097102 41.802644544771)"
"3867fdb7339d1686b0589c8ed2c9b98cbeb2dab7e92e13bcfc51c765d3d9dcda3e8f3b95915e727b31bf537113fe6bed74eba375cf45eaa2b448cb7d185dc8a8",,"2026-03-04T07:20:00.000","30","NO CONTROLS","NO CONTROLS","CLEAR","DAYLIGHT","SIDESWIPE OPPOSITE DIRECTION","NOT DIVIDED",,"STRAIGHT AND LEVEL","DRY","NO DEFECTS","ON SCENE","NO INJURY / DRIVE AWAY",,,"Y","OVER $1,500","2026-03-04T07:26:00.000","UNABLE TO DETERMINE","UNABLE TO DETERMINE","4957","S","CALIFORNIA AVE","923",,,,,,,"2","NO INDICATION OF INJURY","0","0","0","0","0","2","0","7","4","3","41.8029414592","-87.6939060448","POINT (-87.693906044786 41.802941459197)"
"828140bce99c562d78f5040171b6df8956343c814185bd76c6dda5dd922aea3ecad18122dc40b0e7958b87baa58677818232e8517b08f5c24d1961364d4f82de",,"2026-03-04T07:14:00.000","20","UNKNOWN","UNKNOWN","RAIN","DAYLIGHT","TURNING","NOT DIVIDED",,"STRAIGHT AND LEVEL","WET","UNKNOWN",,"NO INJURY / DRIVE AWAY","Y",,,"$501 - $1,500","2026-03-04T07:38:00.000","IMPROPER TURNING/NO SIGNAL","FOLLOWING TOO CLOSELY","401","N","LARAMIE AVE","1532",,,,,,,"2","NO INDICATION OF INJURY","0","0","0","0","0","2","0","7","4","3","41.8878690642","-87.7551926358","POINT (-87.755192635817 41.887869064154)"
"d443f7e506683bee784568adf92abdd57aab95dd60431487a5da8ea7375f12c2b5a904a426ea385ea004244c2680303a93f47e9cb82ca8f83322a722794e2578",,"2026-03-04T07:10:00.000","30","NO CONTROLS","NO CONTROLS","CLEAR","DAYLIGHT","TURNING","T-INTERSECTION",,"STRAIGHT AND LEVEL","DRY","NO DEFECTS","NOT ON SCENE (DESK REPORT)","NO INJURY / DRIVE AWAY","Y",,,"OVER $1,500","2026-03-04T07:25:00.000","FAILING TO YIELD RIGHT-OF-WAY","NOT APPLICABLE","11433","S","COTTAGE GROVE AVE","531",,,,,,,"2","NO INDICATION OF INJURY","0","0","0","0","0","2","0","7","4","3","41.6863666527","-87.6111653684","POINT (-87.611165368384 41.686366652738)"
"beb5051f99d5be645b02d5c41de13f4dfa1358c8ef1e2d0cf44104ec61d62d3617937f76e45d08177b542ac9fce514c431b825fd5a8b05f19357b1ec33341ebc",,"2026-03-04T07:07:00.000","30","STOP SIGN/FLASHER","FUNCTIONING PROPERLY","CLEAR","DAYLIGHT","ANGLE","UNKNOWN INTERSECTION TYPE",,"STRAIGHT AND LEVEL","DRY","NO DEFECTS","ON SCENE","NO INJURY / DRIVE AWAY","Y",,,"OVER $1,500","2026-03-04T08:00:00.000","DISREGARDING STOP SIGN","UNABLE TO DETERMINE","8332","S","HAMLIN AVE","834",,,,,,,"2","NO INDICATION OF INJURY","0","0","0","0","0","2","0","7","4","3","41.7412949306","-87.7169248056","POINT (-87.716924805556 41.741294930561)"
"68a16c4c68074472f74f6c5f334d24627c35ac93006aa68eb292c11845121e4993f3ae058dcf86f9829257796fb051c18e7faf18fdf53c66e5c9bcf5112d8707",,"2026-03-04T07:05:00.000","30","NO CONTROLS","NO CONTROLS","CLEAR","DAYLIGHT","REAR END","NOT DIVIDED",,"STRAIGHT AND LEVEL","DRY","OTHER","NOT ON SCENE (DESK REPORT)","NO INJURY / DRIVE AWAY",,,,"OVER $1,500","2026-03-04T07:55:00.000","UNABLE TO DETERMINE","UNABLE TO DETERMINE","4827","W","HARRISON ST","1533",,,,,,,"2","NO INDICATION OF INJURY","0","0","0","0","0","2","0","7","4","3","41.8729948485","-87.7460642536","POINT (-87.746064253584 41.872994848487)"
"3f66d65bf132b088265b841c23b569029846e2c8a17fbaef172711aae48eab5a7b3286e00bf445954ae1da680505382c2b10f9f81686f00d2dd37cb780dce4a4",,"2026-03-04T06:55:00.000","30","TRAFFIC SIGNAL","FUNCTIONING PROPERLY","CLEAR","DAWN","PEDALCYCLIST","NOT DIVIDED",,"STRAIGHT AND LEVEL","WET","NO DEFECTS",,"INJURY AND / OR TOW DUE TO CRASH",,,"Y","$500 OR LESS","2026-03-07T12:20:00.000","FAILING TO YIELD RIGHT-OF-WAY","UNABLE TO DETERMINE","120","W","KINZIE ST","1831",,,,,,,"2","REPORTED, NOT EVIDENT","1","0","0","0","1","1","0","6","4","3","41.8893065969","-87.6320164382","POINT (-87.632016438236 41.88930659691)"
"5dbd0cd03a5529c7f43797908929b81f9ddfa2488538c30c865784336508de22c4b49589a5eac6cc9253c8f47f8a6a608b4cf761da1c9e45ffcec81b2fe9a30f",,"2026-03-04T06:40:00.000","30","NO CONTROLS","NO CONTROLS","CLEAR","DAYLIGHT","TURNING","NOT DIVIDED",,"STRAIGHT AND LEVEL","DRY","NO DEFECTS",,"INJURY AND / OR TOW DUE TO CRASH",,,,"OVER $1,500","2026-03-04T06:44:00.000","FAILING TO YIELD RIGHT-OF-WAY","FAILING TO YIELD RIGHT-OF-WAY","3865","S","ARCHER AVE","911",,,,,,,"2","NONINCAPACITATING INJURY","1","0","0","1","0","1","0","6","4","3","41.8231928552","-87.6891800288","POINT (-87.689180028757 41.82319285519)"
"07de706ffa5bca4f09fdaf35de88fa78f18fc43d3b992a2a6a97f4b129e414e58913105f0d77a3ef5b5a63db5d3649f993577f96cfff6f0c94ad3e610d442435",,"2026-03-04T06:30:00.000","35","NO CONTROLS","NO CONTROLS","CLEAR","DAYLIGHT","REAR END","NOT DIVIDED",,"STRAIGHT AND LEVEL","DRY","UNKNOWN","ON SCENE","INJURY AND / OR TOW DUE TO CRASH",,,"N","OVER $1,500","2026-03-04T06:45:00.000","FOLLOWING TOO CLOSELY","FOLLOWING TOO CLOSELY","4141","S","PULASKI RD","821",,,,,,,"2","NO INDICATION OF INJURY","0","0","0","0","0","4","0","6","4","3","41.8172321285","-87.7237647224","POINT (-87.72376472236 41.817232128476)"
"90e22dcdd1ff975d68f8f6719640332406218cc114a61ab94d4023cf2887d9354bb2fc4ed9cc78fc89ec37b4653c35a20b09474ec7ce0f0f1cdb19c06e5888cf",,"2026-03-04T06:21:00.000","30","TRAFFIC SIGNAL","FUNCTIONING PROPERLY","CLEAR","DAYLIGHT","TURNING","CENTER TURN LANE",,"STRAIGHT AND LEVEL","DRY","NO DEFECTS","ON SCENE","INJURY AND / OR TOW DUE TO CRASH","Y",,,"$500 OR LESS","2026-03-04T06:47:00.000","DISREGARDING TRAFFIC SIGNALS","UNABLE TO DETERMINE","1200","N","CENTRAL AVE","2531",,,,,,,"2","NO INDICATION OF INJURY","0","0","0","0","0","2","0","6","4","3","41.9021883135","-87.765801497","POINT (-87.765801496951 41.902188313458)"
"89ae8dcc1f9192dcd074addf5ac78602620d9450b05713b1d65ad7502b31ae11c0c3565fe70fddb66fafd85377e3acf33ba17495bc2c448c8f49f91dc128187f",,"2026-03-04T05:30:00.000","30","TRAFFIC SIGNAL","FUNCTIONING IMPROPERLY","CLEAR","DAYLIGHT","REAR END","ONE-WAY",,"STRAIGHT AND LEVEL","UNKNOWN","UNKNOWN","ON SCENE","NO INJURY / DRIVE AWAY",,,"Y","OVER $1,500","2026-03-04T06:00:00.000","FOLLOWING TOO CLOSELY","NOT APPLICABLE","201","S","DEARBORN ST","113",,,,,,,"2","NO INDICATION OF INJURY","0","0","0","0","0","2","0","5","4","3","41.8793758384","-87.6292039019","POINT (-87.629203901922 41.879375838435)"
"20e2f10ad9d4abe3d418b7e32963cbb4c16b9d06f5a7dc6e7df161291cfb58ade88815ad120aafb5ab9675970910b97353671f3ac40c287b6bbb928d2c0d2a72","N","2026-03-04T05:20:00.000","30","TRAFFIC SIGNAL","FUNCTIONING PROPERLY","CLEAR","DAWN","TURNING","NOT DIVIDED",,"STRAIGHT AND LEVEL","DRY","NO DEFECTS","NOT ON SCENE (DESK REPORT)","NO INJURY / DRIVE AWAY","Y",,,"$501 - $1,500","2026-03-04T05:23:00.000","IMPROPER TURNING/NO SIGNAL","UNABLE TO DETERMINE","3900","S","CICERO AVE","1031",,,,,,,"2","NO INDICATION OF INJURY","0","0","0","0","0","2","0","5","4","3","41.8219448331","-87.7436765962","POINT (-87.743676596199 41.821944833083)"
"8eef5c645a79bb28b0f40be9bf85ef45c94ca4a9dd7dcc682cee685684402326d06bb0539d73ab313295b9815d1ed7615d70f5923fcb6438f17ded53d4863d6d",,"2026-03-04T05:05:00.000","30","TRAFFIC SIGNAL","FUNCTIONING PROPERLY","CLEAR","DARKNESS, LIGHTED ROAD","REAR END","DIVIDED - W/MEDIAN (NOT RAISED)",,"STRAIGHT AND LEVEL","DRY","NO DEFECTS","NOT ON SCENE (DESK REPORT)","INJURY AND / OR TOW DUE TO CRASH",,,,"$501 - $1,500","2026-03-04T17:25:00.000","DRIVING SKILLS/KNOWLEDGE/EXPERIENCE","NOT APPLICABLE","5525","S","PULASKI RD","822",,,,,,,"2","NONINCAPACITATING INJURY","1","0","0","1","0","1","0","5","4","3","41.7923300399","-87.7229862302","POINT (-87.722986230219 41.792330039883)"
"c8ac256a0266cd25589e92bd1db0b1f8aa07e0d123299c0747580da06e392f3722098680830993bc03737df729f92023954b0930ffd296d086ce06be4eb79de8",,"2026-03-04T05:00:00.000","15","NO CONTROLS","NO CONTROLS","CLEAR","DARKNESS","PARKED MOTOR VEHICLE","ONE-WAY",,"STRAIGHT AND LEVEL","DRY","NO DEFECTS","ON SCENE","NO INJURY / DRIVE AWAY",,,,"OVER $1,500","2026-03-04T06:50:00.000","NOT APPLICABLE","NOT APPLICABLE","6252","N","RICHMOND ST","2413",,,,,,,"2","NO INDICATION OF INJURY","0","0","0","0","0","1","0","5","4","3","41.9954595869","-87.7033549673","POINT (-87.703354967296 41.995459586919)"
"2fc60a6525869d502ba9f746e0fdfdbd1fd17add2f5756869e3581a5a8d643556a94b7e0affb5e4d701745b606947b9041d95c9fa768409b79035d05197f5325",,"2026-03-04T04:19:00.000","25","NO CONTROLS","NO CONTROLS","CLEAR","DARKNESS, LIGHTED ROAD","PARKED MOTOR VEHICLE","NOT DIVIDED",,"STRAIGHT AND LEVEL","DRY","NO DEFECTS","ON SCENE","INJURY AND / OR TOW DUE TO CRASH",,,"Y","OVER $1,500","2026-03-04T04:20:00.000","UNABLE TO DETERMINE","UNABLE TO DETERMINE","5926","S","WHIPPLE ST","824",,,,,,,"2","NO INDICATION OF INJURY","0","0","0","0","0","1","0","4","4","3","41.7854788185","-87.6998140276","POINT (-87.699814027635 41.785478818498)"
"e27c1ed75f3289bdd0cd179be921846f9602620fd7b2f2405d57bb8cec49407152ecd555eb106041564c6cf87a2068031f748bcfde3d36751eb697871cecec0e","N","2026-03-04T03:45:00.000","40","TRAFFIC SIGNAL","FUNCTIONING PROPERLY","CLEAR","DAWN","SIDESWIPE SAME DIRECTION","DIVIDED - W/MEDIAN BARRIER",,"STRAIGHT AND LEVEL","DRY","NO DEFECTS","NOT ON SCENE (DESK REPORT)","NO INJURY / DRIVE AWAY",,,,"OVER $1,500","2026-03-14T07:50:00.000","IMPROPER LANE USAGE","UNABLE TO DETERMINE","112","N","LAKE SHORE DR SB","114",,,,,,,"2","NO INDICATION OF INJURY","0","0","0","0","0","4","0","3","4","3","41.8834943819","-87.6157647177","POINT (-87.615764717711 41.883494381929)"
"ab64116fa05dbcd922e0aa98f4701c0fe62191c90a595cf4faac83437685a5ae63ee886fd244a77ae2802d99c3242e46ca627f046ad5ce52c84b1db22375af34",,"2026-03-04T03:00:00.000","25","UNKNOWN","UNKNOWN","UNKNOWN","UNKNOWN","PARKED MOTOR VEHICLE","ONE-WAY",,"STRAIGHT AND LEVEL","UNKNOWN","UNKNOWN","NOT ON SCENE (DESK REPORT)","NO INJURY / DRIVE AWAY",,,"Y","OVER $1,500","2026-03-04T18:45:00.000","UNABLE TO DETERMINE","NOT APPLICABLE","6425","S","LOWE AVE","723",,,,,,,"2","NO INDICATION OF INJURY","0","0","0","0","0","1","0","3","4","3","41.7772211998","-87.6406535511","POINT (-87.64065355106 41.77722119984)"
"4510420f78b34c646d8e37a531c8e050e88fba25f1328e27ec61444e1b95b2b812faa071cdcb40cfb1938e8a0dee7230a6d351629492b7a13805564ccc468d48",,"2026-03-04T02:40:00.000","35","NO CONTROLS","NO CONTROLS","FOG/SMOKE/HAZE","DARKNESS, LIGHTED ROAD","FIXED OBJECT","CENTER TURN LANE",,"STRAIGHT AND LEVEL","DRY","NO DEFECTS","ON SCENE","INJURY AND / OR TOW DUE TO CRASH",,,,"$500 OR LESS","2026-03-04T02:43:00.000","NOT APPLICABLE","UNABLE TO DETERMINE","7225","W","HIGGINS AVE","1613",,,,,,,"1","NONINCAPACITATING INJURY","3","0","0","3","0","0","0","2","4","3","41.9813839836","-87.8086160634","POINT (-87.808616063408 41.981383983574)"
"1fcc1e02af35d6167307112ac1d438c928e68794f96e4a34de9f995df87b08de53ed93cddc1d2aff262e389e912b4ce12dd02756a3e6f75cb640dd403d81deb9",,"2026-03-04T01:15:00.000","35","NO CONTROLS","NO CONTROLS","CLEAR","DARKNESS, LIGHTED ROAD","ANIMAL","NOT DIVIDED",,"STRAIGHT AND LEVEL","DRY","NO DEFECTS","ON SCENE","NO INJURY / DRIVE AWAY","Y",,,"OVER $1,500","2026-03-04T01:30:00.000","ANIMAL","ANIMAL","11500","S","TORRENCE AVE","434",,,,,,,"2","NO INDICATION OF INJURY","0","0","0","0","0","2","0","1","4","3","41.6863525209","-87.5595431863","POINT (-87.559543186284 41.686352520912)"
"58794deeaa39daac30a6ac1638add6514a36eccdd68353bfb15a9b76e483f470bbdb73dcdd93120d0f26abb1aa17470dae7d29575cd30a959775cdf4c6ae3b1f",,"2026-03-04T00:45:00.000","30","TRAFFIC SIGNAL","FUNCTIONING PROPERLY","CLEAR","DARKNESS, LIGHTED ROAD","SIDESWIPE SAME DIRECTION","FOUR WAY",,"STRAIGHT AND LEVEL","DRY","UNKNOWN","NOT ON SCENE (DESK REPORT)","INJURY AND / OR TOW DUE TO CRASH","Y",,"Y","$501 - $1,500","2026-03-04T03:15:00.000","UNABLE TO DETERMINE","UNABLE TO DETERMINE","334","W","ONTARIO ST","1831",,,,,,,"2","REPORTED, NOT EVIDENT","1","0","0","0","1","1","0","0","4","3","41.8932567111","-87.6370077971","POINT (-87.637007797127 41.893256711085)"
"9947caba65dad8c3c01fa3e1866272a38b7293be0cc01f5bf108ce429a0273a3585ddd7c79f9c85bdba8e931c29ae5f786d88fe6cf378dd0bc3544606b3c1f3d",,"2026-03-04T00:35:00.000","30","TRAFFIC SIGNAL","FUNCTIONING PROPERLY","CLEAR","DARKNESS, LIGHTED ROAD","SIDESWIPE SAME DIRECTION","DIVIDED - W/MEDIAN (NOT RAISED)",,"STRAIGHT AND LEVEL","DRY","NO DEFECTS","ON SCENE","NO INJURY / DRIVE AWAY","Y",,"Y","OVER $1,500","2026-03-04T00:40:00.000","UNABLE TO DETERMINE","UNABLE TO DETERMINE","4000","W","PETERSON AVE","1711",,,,,,,"2","NO INDICATION OF INJURY","0","0","0","0","0","2","0","0","4","3","41.9902441856","-87.728714391","POINT (-87.728714391009 41.990244185647)"
"6fdece6582fab04b3505f99290d6158e5ab1a9d732f20b0ad86237c2edcaf008970190a1dbae5cad65c89b9871442038ad6112ffaca0be313a74af61a48a309a",,"2026-03-04T00:34:00.000","30","NO CONTROLS","NO CONTROLS","CLEAR","DARKNESS, LIGHTED ROAD","PARKED MOTOR VEHICLE","NOT DIVIDED",,"STRAIGHT AND LEVEL","DRY","UNKNOWN","ON SCENE","INJURY AND / OR TOW DUE TO CRASH",,,"Y","OVER $1,500","2026-03-04T00:34:00.000","UNABLE TO DETERMINE","UNABLE TO DETERMINE","367","N","HAMLIN AVE","1122",,,,,,,"2","NO INDICATION OF INJURY","0","0","0","0","0","1","0","0","4","3","41.8871154358","-87.7208089601","POINT (-87.720808960104 41.887115435824)"
"e3daa41086b411411d9b979f4b8f8568962dd85e7c9a6aed21092739f1c1d9360f04840010047b7305ce19bfa754902018744abdf7768d28d59b5b3a284915c3",,"2026-03-04T00:21:00.000","30","TRAFFIC SIGNAL","FUNCTIONING PROPERLY","CLEAR","DARKNESS","REAR END","FOUR WAY",,"STRAIGHT AND LEVEL","DRY","UNKNOWN","ON SCENE","INJURY AND / OR TOW DUE TO CRASH","Y",,,"$501 - $1,500","2026-03-04T00:23:00.000","FOLLOWING TOO CLOSELY","UNDER THE INFLUENCE OF ALCOHOL/DRUGS (USE WHEN ARREST IS EFFECTED)","4734","W","ROOSEVELT RD","1131",,,,,,,"2","NO INDICATION OF INJURY","0","0","0","0","0","2","0","0","4","3","41.8660176032","-87.7437219759","POINT (-87.743721975914 41.866017603237)"
"34b89b8d55a6c8e25bc7ddb3ceac32bc2dc2c18f990403b3d8d6b395b38923e9ab981676a4c1fde37da8e7d8b9ece87b1ff7f78293b497ac517f21b9ef98e352",,"2026-03-04T00:04:00.000","25","TRAFFIC SIGNAL","UNKNOWN","CLEAR","DARKNESS, LIGHTED ROAD","PARKED MOTOR VEHICLE","DIVIDED - W/MEDIAN (NOT RAISED)",,"STRAIGHT AND LEVEL","DRY","UNKNOWN","ON SCENE","INJURY AND / OR TOW DUE TO CRASH","Y",,"Y","OVER $1,500","2026-03-04T00:04:00.000","PHYSICAL CONDITION OF DRIVER","UNDER THE INFLUENCE OF ALCOHOL/DRUGS (USE WHEN ARREST IS EFFECTED)","2","S","SACRAMENTO BLVD","1124",,,,,,,"4","REPORTED, NOT EVIDENT","2","0","0","0","2","0","0","0","4","3","41.8809879458","-87.7013530834","POINT (-87.701353083388 41.880987945774)"
"9a3a2fb6bcb32bc66b7e23776376f8d464a80509109355059a3876991d595ae8479e2c075d65222a98a789f5362362f5dba06f1a150ce29e554e568ef039cd93",,"2026-03-03T23:40:00.000","30","NO CONTROLS","NO CONTROLS","CLEAR","DARKNESS, LIGHTED ROAD","PARKED MOTOR VEHICLE","NOT DIVIDED",,"STRAIGHT AND LEVEL","DRY","NO DEFECTS","ON SCENE","NO INJURY / DRIVE AWAY",,,,"OVER $1,500","2026-03-03T23:42:00.000","IMPROPER BACKING","NOT APPLICABLE","1638","W","HUBBARD ST","1215",,,,,,,"2","NO INDICATION OF INJURY","0","0","0","0","0","1","0","23","3","3","41.8899718246","-87.6687235558","POINT (-87.668723555797 41.889971824637)"
"ac2c2490e38fa2c8f10025b8c9f9009c1ab563d1bc81e5de31f6706e98a19ee79c2d94fc3b88be54aa3bfa46c49a4c4f5923df0b0df9994abba4a2814d08c9cf",,"2026-03-03T23:40:00.000","30","NO CONTROLS","NO CONTROLS","CLEAR","DARKNESS, LIGHTED ROAD","PEDESTRIAN","NOT DIVIDED",,"STRAIGHT AND LEVEL","DRY","NO DEFECTS","NOT ON SCENE (DESK REPORT)","INJURY AND / OR TOW DUE TO CRASH",,,"Y","$501 - $1,500","2026-03-06T08:45:00.000","NOT APPLICABLE","NOT APPLICABLE","26","E","ADAMS ST","112",,,,,,,"2","NONINCAPACITATING INJURY","1","0","0","1","0","1","0","23","3","3","41.8796122139","-87.6267857789","POINT (-87.626785778865 41.87961221387)"
"d8149efba1b4ae5ee62f4ac2f86b80f1282d890e08aa559d25d297dec9e36d804f3c079e90bb723a267661afd0b334c99663c8726872610ae25861a69797f55b",,"2026-03-03T23:25:00.000","30","NO CONTROLS","NO CONTROLS","CLEAR","DARKNESS, LIGHTED ROAD","PARKED MOTOR VEHICLE","NOT DIVIDED",,"STRAIGHT AND LEVEL","DRY","NO DEFECTS","ON SCENE","INJURY AND / OR TOW DUE TO CRASH",,,,"OVER $1,500","2026-03-03T23:29:00.000","CELL PHONE USE OTHER THAN TEXTING","TEXTING","6701","N","DAMEN AVE","2412",,,,,,,"3","NO INDICATION OF INJURY","0","0","0","0","0","3","0","23","3","3","42.0033944506","-87.6801664674","POINT (-87.680166467362 42.003394450609)"