"crash_record_id","crash_date_est_i","crash_date","posted_speed_limit","traffic_control_device","device_condition","weather_condition","lighting_condition","first_crash_type","trafficway_type","lane_cnt","alignment","roadway_surface_cond","road_defect","report_type","crash_type","intersection_related_i","private_property_i","hit_and_run_i","damage","date_police_notified","prim_contributory_cause","sec_contributory_cause","street_no","street_direction","street_name","beat_of_occurrence","photos_taken_i","statements_taken_i","dooring_i","work_zone_i","work_zone_type","workers_present_i","num_units","most_severe_injury","injuries_total","injuries_fatal","injuries_incapacitating","injuries_non_incapacitating","injuries_reported_not_evident","injuries_no_indication","injuries_unknown","crash_hour","crash_day_of_week","crash_month","latitude","longitude","location"
"ec1dc38612fbba6033ed2b5a30a1cb58ae093e175e6bb874946482c20c951ae2c99c91df986088b133f61b652171d79894b62169ed05910fd48e9263a2aab8af",,"2026-03-03T23:20:00.000","30","OTHER","OTHER","OTHER","UNKNOWN","REAR END","UNKNOWN",,"STRAIGHT AND LEVEL","UNKNOWN","UNKNOWN","NOT ON SCENE (DESK REPORT)","INJURY AND / OR TOW DUE TO CRASH",,,,"$500 OR LESS","2026-03-03T23:35:00.000","UNABLE TO DETERMINE","UNABLE TO DETERMINE","2516","W","COLUMBUS AVE","835",,,,,,,"2","REPORTED, NOT EVIDENT","1","0","0","0","1","1","0","23","3","3","41.7578018472","-87.6862468514","POINT (-87.686246851378 41.7578018472)"
"fc82794abf538439005d9b30cbc4a9368a85332453649c46aa292b689528b3abd38d30fbdf894fbd1d2ba54c288af7f8c915a2c234fbb2b12bb398969ed5c01f","Y","2026-03-03T23:15:00.000","30","NO CONTROLS","NO CONTROLS","CLEAR","DARKNESS, LIGHTED ROAD","FIXED OBJECT","NOT DIVIDED",,"STRAIGHT AND LEVEL","DRY","NO DEFECTS","ON SCENE","INJURY AND / OR TOW DUE TO CRASH",,,,"OVER $1,500","2026-03-03T23:18:00.000","FAILING TO REDUCE SPEED TO AVOID CRASH","NOT APPLICABLE","9963","S","AVENUE J","432",,,,,,,"1","NONINCAPACITATING INJURY","2","0","0","2","0","0","0","23","3","3","41.7141839326","-87.5339196467","POINT (-87.533919646721 41.714183932587)"
"99714e3c5adca2e5ebb0daa5df7581595075ab8342b80277ccde99a190bca135598c9b134aa5a5f03ec5245a03000926568b6b2f0169031892f6f90fddbc1414",,"2026-03-03T22:59:00.000","30","NO CONTROLS","NO CONTROLS","CLEAR","DUSK","SIDESWIPE SAME DIRECTION","NOT DIVIDED",,"STRAIGHT AND LEVEL","DRY","NO DEFECTS","NOT ON SCENE (DESK REPORT)","NO INJURY / DRIVE AWAY",,,"Y","$501 - $1,500","2026-03-03T23:05:00.000","IMPROPER LANE USAGE","UNABLE TO DETERMINE","6800","S","EAST END AVE","332",,,,,,,"2","NO INDICATION OF INJURY","0","0","0","0","0","2","0","22","3","3","41.7714238919","-87.5839555111","POINT (-87.583955511137 41.771423891907)"
"a260adac5c70f5ccd96a52c365c9c5a00e6a6e6a88cde1dab80e662c05c54bea7d9f05c89b1ea40a6979b16db67ad5a4f6ca9b11ea52573860e1020d49e3f7f5",,"2026-03-03T22:49:00.000","30","NO CONTROLS","NO CONTROLS","CLEAR","DARKNESS, LIGHTED ROAD","ANGLE","ONE-WAY",,"STRAIGHT AND LEVEL","DRY","NO DEFECTS","ON SCENE","NO INJURY / DRIVE AWAY",,,,"OVER $1,500","2026-03-03T22:52:00.000","FAILING TO YIELD RIGHT-OF-WAY","NOT APPLICABLE","2148","W","WARREN BLVD","1223",,,,,,,"2","NO INDICATION OF INJURY","0","0","0","0","0","2","0","22","3","3","41.8822714424","-87.6810462747","POINT (-87.681046274677 41.882271442432)"
"242d1962d9daceaa4c8a64068b3e941a08c633353395551f8edd2f266fac28e49e286b2245e1b4bedf374325c03db7515878c64e9d1652d6c5679fac7947251d",,"2026-03-03T22:48:00.000","30","NO CONTROLS","NO CONTROLS","CLEAR","DARKNESS, LIGHTED ROAD","FIXED OBJECT","ONE-WAY",,"STRAIGHT AND LEVEL","DRY","NO DEFECTS","ON SCENE","INJURY AND / OR TOW DUE TO CRASH",,,,"OVER $1,500","2026-03-03T22:49:00.000","UNABLE TO DETERMINE","NOT APPLICABLE","2813","S","SHORT ST","913",,"Y",,,,,"1","NO INDICATION OF INJURY","0","0","0","0","0","1","0","22","3","3","41.8428765714","-87.6603474594","POINT (-87.660347459361 41.842876571378)"
"fff0ab00425039b29f72dfc95a65de2e8403ccf6d8d3ba15f227133a7db7ee8829f755dbaefcadd00668f09ecf87958a410afa86d0c3c34fcf2c9e1551bbaf60",,"2026-03-03T22:41:00.000","30","STOP SIGN/FLASHER","NO CONTROLS","CLEAR","DARKNESS, LIGHTED ROAD","TURNING","NOT DIVIDED",,"STRAIGHT AND LEVEL","DRY","NO DEFECTS","ON SCENE","NO INJURY / DRIVE AWAY","Y",,,"$501 - $1,500","2026-03-03T22:58:00.000","FAILING TO YIELD RIGHT-OF-WAY","NOT APPLICABLE","5099","N","KEDZIE AVE","1713",,,,,,,"2","NO INDICATION OF INJURY","0","0","0","0","0","4","0","22","3","3","41.9738279412","-87.7084797837","POINT (-87.708479783727 41.973827941196)"
"bf8ab1db1822c3d96378f6e5f363c6205b72317589569b8e7cefe8e3c13c99216513c01f0df02afcb73301f69b2df297bfb059a56b83e1965dd9a27176a61906",,"2026-03-03T22:39:00.000","30","NO CONTROLS","NO CONTROLS","CLEAR","DARKNESS, LIGHTED ROAD","TURNING","NOT DIVIDED",,"STRAIGHT AND LEVEL","DRY","NO DEFECTS","ON SCENE","INJURY AND / OR TOW DUE TO CRASH",,,,"OVER $1,500","2026-03-03T22:39:00.000","FAILING TO YIELD RIGHT-OF-WAY","NOT APPLICABLE","3228","W","ADDISON ST","1733",,,,,,,"2","NO INDICATION OF INJURY","0","0","0","0","0","2","0","22","3","3","41.9467332402","-87.7087935679","POINT (-87.708793567892 41.946733240155)"
"725996951558dcaaad80372e40483f5bf1d6fca90bf86c3bfa5c561faf927d8939e9e82d33b7874fca9a784c6afa40749d5cfc7018cea35e99421ffab5d1200a",,"2026-03-03T22:30:00.000","30","NO CONTROLS","NO CONTROLS","CLEAR","DARKNESS","SIDESWIPE SAME DIRECTION","NOT DIVIDED",,"STRAIGHT AND LEVEL","DRY","NO DEFECTS","NOT ON SCENE (DESK REPORT)","NO INJURY / DRIVE AWAY",,,"Y","OVER $1,500","2026-03-04T13:30:00.000","UNABLE TO DETERMINE","UNABLE TO DETERMINE","738","E","83RD ST","631",,,,,,,"3","NO INDICATION OF INJURY","0","0","0","0","0","3","0","22","3","3","41.74406459","-87.6059601267","POINT (-87.605960126655 41.744064589987)"
"2bb87b5fd483ad3b036c2679f4b68d6f52b12d19ee4e7a238496e6135befbb020d4ad16ee254b2cc9e31b64ea36038636fcd89379282676a315811a9f80b4f6d",,"2026-03-03T22:23:00.000","30","NO CONTROLS","NO CONTROLS","UNKNOWN","DARKNESS, LIGHTED ROAD","TURNING","DIVIDED - W/MEDIAN (NOT RAISED)",,"STRAIGHT AND LEVEL","WET","NO DEFECTS","ON SCENE","INJURY AND / OR TOW DUE TO CRASH",,,,"OVER $1,500","2026-03-03T22:52:00.000","IMPROPER OVERTAKING/PASSING","NOT APPLICABLE","4608","W","FULLERTON AVE","2521",,,,,,,"2","NO INDICATION OF INJURY","0","0","0","0","0","4","0","22","3","3","41.9244047414","-87.7421721583","POINT (-87.742172158309 41.924404741363)"
"e68d3187782c53f3fafdefa6af00731896434692d9a9800583947b1f88c8d28a5e12f22f71d4f0fbf437706a46830b8fc760880d328f4f6598ba6a83328d5f71",,"2026-03-03T21:07:00.000","30","TRAFFIC SIGNAL","FUNCTIONING PROPERLY","CLEAR","DARKNESS","ANGLE","UNKNOWN",,"STRAIGHT AND LEVEL","DRY","NO DEFECTS","ON SCENE","NO INJURY / DRIVE AWAY","Y",,"Y","OVER $1,500","2026-03-03T21:23:00.000","UNABLE TO DETERMINE","UNABLE TO DETERMINE","4050","S","ARCHER AVE","921",,,,,,,"2","NO INDICATION OF INJURY","0","0","0","0","0","3","0","21","3","3","41.8200587622","-87.6947386527","POINT (-87.694738652658 41.82005876222)"
"8af54ff45b0e0263f201df1c3a770fd12493c2cd669ef2b349e0f1cadbe2d3bd3e816f114d9dc8681613298ab8486d33e4a9164722a433ca54364507ba72201a",,"2026-03-03T21:00:00.000","30","TRAFFIC SIGNAL","FUNCTIONING PROPERLY","CLEAR","DARKNESS, LIGHTED ROAD","REAR END","NOT DIVIDED",,"STRAIGHT AND LEVEL","DRY","NO DEFECTS","NOT ON SCENE (DESK REPORT)","NO INJURY / DRIVE AWAY",,,,"$500 OR LESS","2026-03-03T22:15:00.000","FOLLOWING TOO CLOSELY","NOT APPLICABLE","5800","W","BELMONT AVE","1633",,,,,,,"2","NO INDICATION OF INJURY","0","0","0","0","0","2","0","21","3","3","41.9386199287","-87.7714203313","POINT (-87.771420331278 41.938619928748)"
"f0bba85fda0f87b9ab10a3c8a65499821604914a6c64795e7122362c9b7cb3ed6cec6e4941e520d11eb345b356d5ddce2ab621d1a228dc55f42cd5c47c438bc2",,"2026-03-03T21:00:00.000","30","TRAFFIC SIGNAL","FUNCTIONING PROPERLY","CLEAR","DARKNESS, LIGHTED ROAD","TURNING","FOUR WAY",,"STRAIGHT AND LEVEL","UNKNOWN","UNKNOWN","NOT ON SCENE (DESK REPORT)","NO INJURY / DRIVE AWAY",,,"Y","OVER $1,500","2026-03-03T22:10:00.000","UNABLE TO DETERMINE","UNABLE TO DETERMINE","4509","N","KIMBALL AVE","1724",,,,,,,"2","NO INDICATION OF INJURY","0","0","0","0","0","2","0","21","3","3","41.963270332","-87.7130598458","POINT (-87.713059845765 41.96327033204)"
"4123e79d9a78fb601275b1ec02e3900eee2bcf50c0942f460407e616a92eb036204d89818d315581f4e28a9d87f3c6f785fb394a493b3fec318aa1e69e8ba373",,"2026-03-03T20:39:00.000","30","NO CONTROLS","NO CONTROLS","CLEAR","DARKNESS, LIGHTED ROAD","TURNING","NOT DIVIDED",,"STRAIGHT AND LEVEL","DRY","NO DEFECTS","ON SCENE","NO INJURY / DRIVE AWAY",,,,"OVER $1,500","2026-03-03T20:39:00.000","IMPROPER TURNING/NO SIGNAL","IMPROPER TURNING/NO SIGNAL","730","E","79TH ST","624","Y",,,,,,"2","NO INDICATION OF INJURY","0","0","0","0","0","3","0","20","3","3","41.7513713792","-87.6065093302","POINT (-87.606509330233 41.75137137919)"
"7d5298816ab4bd37663f15be8c0473d1cbe054ecfd0d68e686dc7820c9a0cc2a5ee9f8c069c6f98a90598227c59309c8deb229353dbba571f86966d7a1bdfe24",,"2026-03-03T20:35:00.000","30","TRAFFIC SIGNAL","FUNCTIONING PROPERLY","CLEAR","DARKNESS, LIGHTED ROAD","SIDESWIPE SAME DIRECTION","DIVIDED - W/MEDIAN (NOT RAISED)",,"STRAIGHT AND LEVEL","DRY","NO DEFECTS","NOT ON SCENE (DESK REPORT)","NO INJURY / DRIVE AWAY",,,"Y","OVER $1,500","2026-03-03T22:58:00.000","UNABLE TO DETERMINE","NOT APPLICABLE","1800","S","UNION AVE","1235",,,,,,,"2","NO INDICATION OF INJURY","0","0","0","0","0","2","0","20","3","3","41.8575308592","-87.6449286074","POINT (-87.644928607359 41.857530859236)"
"488cbe498e59d584a0110044090d2e91ded8769a7f84fba4a5f2faf15a18ee00962dae69f6ea090f8b6bb9a7fbee7e664c0104193f935ce2ad1d14fd00f28b7f",,"2026-03-03T20:00:00.000","30","NO CONTROLS","NO CONTROLS","CLEAR","DARKNESS, LIGHTED ROAD","TURNING","DIVIDED - W/MEDIAN (NOT RAISED)",,"STRAIGHT AND LEVEL","DRY","NO DEFECTS","ON SCENE","INJURY AND / OR TOW DUE TO CRASH",,,,"OVER $1,500","2026-03-03T20:01:00.000","IMPROPER TURNING/NO SIGNAL","FAILING TO YIELD RIGHT-OF-WAY","5244","N","BROADWAY","2013",,,,,,,"2","NO INDICATION OF INJURY","0","0","0","0","0","2","0","20","3","3","41.9776547327","-87.6600505508","POINT (-87.660050550813 41.977654732744)"
"cd4a704d4ca21092d3841def12390704c51f296097060b097a20d119cee594476ce093ca76ca420643c0a41de21c676cbb822cbf1a6f8c7d9151ae9eaf53ab81","Y","2026-03-03T20:00:00.000","30","NO CONTROLS","NO CONTROLS","CLEAR","DARKNESS, LIGHTED ROAD","TURNING","DIVIDED - W/MEDIAN BARRIER",,"STRAIGHT AND LEVEL","DRY","NO DEFECTS","ON SCENE","NO INJURY / DRIVE AWAY",,,,"OVER $1,500","2026-03-04T07:38:00.000","FAILING TO YIELD RIGHT-OF-WAY","FAILING TO YIELD RIGHT-OF-WAY","5901","W","NORTH AVE","2531",,,,,,,"2","NO INDICATION OF INJURY","0","0","0","0","0","2","0","20","3","3","41.9091728139","-87.7732159341","POINT (-87.773215934078 41.909172813889)"
"704dd8015f1e95cdd58094f934f1f747d12c64190789ebcb2530d09e9fb03f3d789368329172ee649ff1558c9061c0737139ab4a0756f136724b07adbc28f7e2",,"2026-03-03T19:57:00.000","30","TRAFFIC SIGNAL","FUNCTIONING PROPERLY","CLEAR","DUSK","SIDESWIPE SAME DIRECTION","NOT DIVIDED",,"STRAIGHT AND LEVEL","DRY","NO DEFECTS","NOT ON SCENE (DESK REPORT)","NO INJURY / DRIVE AWAY","Y",,"Y","$501 - $1,500","2026-03-03T21:22:00.000","IMPROPER LANE USAGE","UNABLE TO DETERMINE","8700","S","LAFAYETTE AVE","634",,,,,,,"2","NO INDICATION OF INJURY","0","0","0","0","0","3","0","19","3","3","41.7361651101","-87.625587569","POINT (-87.625587568999 41.736165110086)"
"1dc52cb002e57dc6f07d5e9133e68209b4a7b5d215d45cbf7a5ce3e2218c1db1bbdd08246b7908e4149d915dea29ac7d6d946dc8fdf3ce08a429ccd5c427d300",,"2026-03-03T19:45:00.000","30","TRAFFIC SIGNAL","FUNCTIONING PROPERLY","CLEAR","DARKNESS, LIGHTED ROAD","ANGLE","OTHER",,"STRAIGHT AND LEVEL","DRY","NO DEFECTS","NOT ON SCENE (DESK REPORT)","NO INJURY / DRIVE AWAY",,,,"OVER $1,500","2026-03-03T20:00:00.000","FAILING TO REDUCE SPEED TO AVOID CRASH","UNABLE TO DETERMINE","5500","S","LAFAYETTE AVE","225",,"Y",,,,,"2","NO INDICATION OF INJURY","0","0","0","0","0","2","0","19","3","3","41.7941950813","-87.6269307584","POINT (-87.626930758373 41.79419508128)"
"279e7f0042e953e3e7cad456ad0a6cf5eafb425c290c464a70b6076f4ac1d7fba52de959fbf6cb0fdf0b3fa0adfade7b713c2bbed2d07d829137bcb36ef83d87",,"2026-03-03T19:10:00.000","30","NO CONTROLS","NO CONTROLS","CLEAR","DARKNESS, LIGHTED ROAD","PARKED MOTOR VEHICLE","NOT DIVIDED",,"STRAIGHT AND LEVEL","DRY","NO DEFECTS","ON SCENE","NO INJURY / DRIVE AWAY",,,,"$501 - $1,500","2026-03-03T19:15:00.000","FAILING TO REDUCE SPEED TO AVOID CRASH","FAILING TO REDUCE SPEED TO AVOID CRASH","3541","W","LAWRENCE AVE","1723",,,,,,,"2","NO INDICATION OF INJURY","0","0","0","0","0","1","0","19","3","3","41.9682493102","-87.7174844938","POINT (-87.717484493755 41.968249310152)"
"50ed83a09388bdf63db591e88de0761026b4287064362ed9f7d21fdfe3578740fbe6667565810e5da7fe59ffdaf545d84317a0ea28fae0e7315baef3ebaac53e",,"2026-03-03T19:03:00.000","30","STOP SIGN/FLASHER","UNKNOWN","CLEAR","DARKNESS, LIGHTED ROAD","REAR END","ONE-WAY",,"STRAIGHT AND LEVEL","DRY","NO DEFECTS","ON SCENE","NO INJURY / DRIVE AWAY",,,,"OVER $1,500","2026-03-03T19:03:00.000","UNABLE TO DETERMINE","NOT APPLICABLE","233","W","74TH ST","731",,,,,,,"2","NO INDICATION OF INJURY","0","0","0","0","0","2","0","19","3","3","41.7598455653","-87.630936824","POINT (-87.630936824048 41.75984556533)"
"67b6ca5634bcb28c411dddb355dfa129b0d968763a02e99205c8837f7e8a779bb6f6a63ee3073156388a96e4f42d3cd748b59e0999a13e369c32d778b422ea8a",,"2026-03-03T19:00:00.000","30","TRAFFIC SIGNAL","FUNCTIONING PROPERLY","CLEAR","DARKNESS, LIGHTED ROAD","SIDESWIPE SAME DIRECTION","NOT DIVIDED",,"STRAIGHT AND LEVEL","DRY","NO DEFECTS","NOT ON SCENE (DESK REPORT)","NO INJURY / DRIVE AWAY","Y",,,"OVER $1,500","2026-03-03T19:07:00.000","FAILING TO YIELD RIGHT-OF-WAY","FAILING TO YIELD RIGHT-OF-WAY","3200","W","OGDEN AVE","1022",,,,,,,"2","NO INDICATION OF INJURY","0","0","0","0","0","2","0","19","3","3","41.8580532553","-87.705555636","POINT (-87.705555636014 41.858053255297)"
"0d4f8e79279bb8acf48063bbc36c81c1d52f5fe5a3b8c8dda709bcdedb29f5c34f4c9f450e408663436d65cd580b9c6085480b0cea0eef62d325856e80a1064a",,"2026-03-03T18:48:00.000","30","TRAFFIC SIGNAL","FUNCTIONING PROPERLY","CLEAR","DARKNESS, LIGHTED ROAD","TURNING","CENTER TURN LANE",,"STRAIGHT AND LEVEL","DRY","NO DEFECTS","ON SCENE","INJURY AND / OR TOW DUE TO CRASH","Y",,,"OVER $1,500","2026-03-03T18:48:00.000","FAILING TO YIELD RIGHT-OF-WAY","IMPROPER TURNING/NO SIGNAL","26","W","MARQUETTE RD","722",,,,,,,"2","NONINCAPACITATING INJURY","1","0","0","1","0","1","0","18","3","3","41.772806858","-87.626323163","POINT (-87.626323163035 41.772806857952)"
"4788c3132d0286343a39e1c03d3f1554dc4efc1da6ff235093ae17a2d3aaa14ef1681906a01fe734f894f2057a390d81d5a859b8a426fbc723f7bc0c32b3ebdc",,"2026-03-03T18:45:00.000","30","TRAFFIC SIGNAL","FUNCTIONING PROPERLY","CLEAR","DUSK","REAR END","FOUR WAY",,"STRAIGHT AND LEVEL","DRY","NO DEFECTS","ON SCENE","NO INJURY / DRIVE AWAY",,,,"OVER $1,500","2026-03-03T18:55:00.000","UNABLE TO DETERMINE","UNABLE TO DETERMINE","936","S","DAMEN AVE","1225",,,,,,,"2","NO INDICATION OF INJURY","0","0","0","0","0","4","0","18","3","3","41.8691586459","-87.6764643478","POINT (-87.676464347845 41.86915864588)"
"f64005a2d1273007e3be96d52b363e5678c8a6b912355a2a5414a41d2671e61d27b2bd1a84da6c8025614f129e523a49520d3d1e14d0c056bf8c4b0cadf8f8fb",,"2026-03-03T18:45:00.000","30","NO CONTROLS","NO CONTROLS","CLEAR","DARKNESS, LIGHTED ROAD","SIDESWIPE SAME DIRECTION","NOT DIVIDED",,"STRAIGHT AND LEVEL","DRY","NO DEFECTS","NOT ON SCENE (DESK REPORT)","INJURY AND / OR TOW DUE TO CRASH",,,"Y","OVER $1,500","2026-03-04T10:51:00.000","IMPROPER LANE USAGE","NOT APPLICABLE","10510","S","TORRENCE AVE","434",,,,,,,"2","NO INDICATION OF INJURY","0","0","0","0","0","2","0","18","3","3","41.7042122031","-87.559770856","POINT (-87.559770856004 41.704212203135)"
"b51f5268363d7539952bd9d0fcb40b94d90a90e83388139439a68fa137f2147e78e9d2d0d8dd74cab50e699cca57d948b98f982f02df02f995190db9af223699",,"2026-03-03T18:30:00.000","30","STOP SIGN/FLASHER","FUNCTIONING PROPERLY","CLEAR","DARKNESS","ANGLE","FOUR WAY",,"STRAIGHT AND LEVEL","DRY","NO DEFECTS","ON SCENE","INJURY AND / OR TOW DUE TO CRASH","Y",,"Y","OVER $1,500","2026-03-03T18:43:00.000","FAILING TO YIELD RIGHT-OF-WAY","FAILING TO YIELD RIGHT-OF-WAY","6110","S","PRAIRIE AVE","311",,,,,,,"2","NO INDICATION OF INJURY","0","0","0","0","0","6","0","18","3","3","41.7834645415","-87.6190824915","POINT (-87.619082491486 41.783464541496)"
"edfc398d5b2ae79a7f3be55fb067467c9f295c171b94c439674c6fdf3be40b09cd11cc5ba6aaf1f0de5e34f0cb5f259a324e42fcc6c80e9caafad0cce6c4ae2f",,"2026-03-03T18:30:00.000","30","UNKNOWN","UNKNOWN","CLEAR","DUSK","TURNING","DIVIDED - W/MEDIAN (NOT RAISED)",,"STRAIGHT AND LEVEL","DRY","NO DEFECTS","ON SCENE","NO INJURY / DRIVE AWAY",,,,"OVER $1,500","2026-03-03T18:32:00.000","UNABLE TO DETERMINE","UNABLE TO DETERMINE","5200","S","LAKE PARK AVE","234",,,,,,,"2","NO INDICATION OF INJURY","0","0","0","0","0","2","0","18","3","3","41.800941976","-87.5876367922","POINT (-87.587636792157 41.800941975966)"
"41014e544a61fbb2ec7f2acb1b1e7526c3e48c0fc8fae6f404ef5518fee8420711dde5b3c4b294967f032ee5114f937fff3e5ef019646a735960eb70ec36f6ba",,"2026-03-03T18:21:00.000","30","TRAFFIC SIGNAL","UNKNOWN","UNKNOWN","DARKNESS, LIGHTED ROAD","PEDESTRIAN","FOUR WAY",,"STRAIGHT AND LEVEL","UNKNOWN","UNKNOWN","NOT ON SCENE (DESK REPORT)","INJURY AND / OR TOW DUE TO CRASH","Y",,"Y","$500 OR LESS","2026-03-03T19:45:00.000","FAILING TO YIELD RIGHT-OF-WAY","FAILING TO REDUCE SPEED TO AVOID CRASH","400","W","GRAND AVE","1831",,,,,,,"2","REPORTED, NOT EVIDENT","1","0","0","0","1","1","0","18","3","3","41.89163298","-87.6386869507","POINT (-87.638686950674 41.891632979994)"
"8007224dd2829d7ef988a5933a18dfa8142f987463d3e96c95a3ca4605f9b20e1bab07308e12455563bd7716d1efbbb9f53a336d92f181d8070e03c6ab1f2337",,"2026-03-03T18:20:00.000","20","STOP SIGN/FLASHER","NO CONTROLS","CLEAR","DARKNESS, LIGHTED ROAD","ANGLE","DIVIDED - W/MEDIAN (NOT RAISED)",,"STRAIGHT AND LEVEL","DRY","NO DEFECTS","ON SCENE","INJURY AND / OR TOW DUE TO CRASH",,,,"OVER $1,500","2026-03-03T18:31:00.000","DISTRACTION - FROM OUTSIDE VEHICLE","UNABLE TO DETERMINE","2156","W","ROSCOE ST","1921",,,,,,,"2","NO INDICATION OF INJURY","0","0","0","0","0","2","0","18","3","3","41.9432695071","-87.6831599351","POINT (-87.683159935053 41.943269507058)"
"1be62576c5d8cb338511a9826fe098b0256cd2b238ca3d70e4b3455a32e3948840905aada02fbe2a49fd5198712dbde7265e20fa9d4c313740afb03b08c756f1",,"2026-03-03T18:18:00.000","30","STOP SIGN/FLASHER","FUNCTIONING PROPERLY","CLEAR","DARKNESS","TURNING","DIVIDED - W/MEDIAN (NOT RAISED)",,"STRAIGHT AND LEVEL","DRY","NO DEFECTS","ON SCENE","NO INJURY / DRIVE AWAY","Y",,,"OVER $1,500","2026-03-03T18:24:00.000","NOT APPLICABLE","NOT APPLICABLE","3032","N","PULASKI RD","2523",,,,,,,"2","NO INDICATION OF INJURY","0","0","0","0","0","3","0","18","3","3","41.9363943768","-87.7272542676","POINT (-87.727254267586 41.936394376769)"
"9fdde50fa1994886407e0a080b850ee59473904170450c2e547103eead31de55e10eaa2a8ca2a54e43268127a57ff153d29a60da51161afeae0483e1aa031a88",,"2026-03-03T18:12:00.000","30","TRAFFIC SIGNAL","FUNCTIONING PROPERLY","CLEAR","DARKNESS, LIGHTED ROAD","PEDESTRIAN","FOUR WAY",,"STRAIGHT AND LEVEL","DRY","NO DEFECTS","ON SCENE","INJURY AND / OR TOW DUE TO CRASH","N",,,"OVER $1,500","2026-03-03T18:15:00.000","UNABLE TO DETERMINE","UNABLE TO DETERMINE","4000","W","FOSTER AVE","1712",,,,,,,"2","FATAL","1","1","0","0","0","1","0","18","3","3","41.9756406162","-87.7283354693","POINT (-87.728335469266 41.975640616232)"
"196945350359e5335ae4cb3a13b2f75f8ac20538f5a16d5b39418adebb25440d21306061508868ab90cfbfdf3bca347f68b3759565deb16867d4d5681bd4a953",,"2026-03-03T18:07:00.000","30","TRAFFIC SIGNAL","FUNCTIONING PROPERLY","CLOUDY/OVERCAST","DARKNESS, LIGHTED ROAD","TURNING","DIVIDED - W/MEDIAN (NOT RAISED)",,"STRAIGHT AND LEVEL","DRY","NO DEFECTS","NOT ON SCENE (DESK REPORT)","NO INJURY / DRIVE AWAY",,,,"OVER $1,500","2026-03-03T22:10:00.000","FOLLOWING TOO CLOSELY","NOT APPLICABLE","4807","S","WESTERN AVE","922",,,,,,,"2","NO INDICATION OF INJURY","0","0","0","0","0","2","0","18","3","3","41.806375529","-87.6842177387","POINT (-87.684217738654 41.806375529037)"
"756f63f6b7120ce0859ea3ede009333b8809d7e307812710aea95763286ec6dc2f39ec422763f08e311d1f4bccdc7df2fb2996f4151dedef792f46e07cbc3306",,"2026-03-03T18:00:00.000","30","UNKNOWN","UNKNOWN","UNKNOWN","UNKNOWN","REAR END","UNKNOWN",,"STRAIGHT AND LEVEL","UNKNOWN","UNKNOWN","NOT ON SCENE (DESK REPORT)","INJURY AND / OR TOW DUE TO CRASH",,,,"OVER $1,500","2026-03-03T20:00:00.000","UNABLE TO DETERMINE","UNABLE TO DETERMINE","5800","S","WESTERN AVE","824",,,,,,,"3","REPORTED, NOT EVIDENT","1","0","0","0","1","3","0","18","3","3","41.788264057","-87.6840280022","POINT (-87.684028002172 41.788264056992)"
"9e243d9b577d3539502f626b80c5373b1b6e7f44f67dddef987d503eeb07d5309c06a6a0d661b7ac41844931f4e62eab4dc38534fd2de416852771b8caac9cc1",,"2026-03-03T17:58:00.000","30","NO CONTROLS","NO CONTROLS","CLEAR","DARKNESS, LIGHTED ROAD","SIDESWIPE SAME DIRECTION","NOT DIVIDED",,"STRAIGHT AND LEVEL","DRY","NO DEFECTS","NOT ON SCENE (DESK REPORT)","NO INJURY / DRIVE AWAY",,,,"OVER $1,500","2026-03-03T18:25:00.000","UNABLE TO DETERMINE","UNABLE TO DETERMINE","622","W","ROOSEVELT RD","124",,,,,,,"2","NO INDICATION OF INJURY","0","0","0","0","0","2","0","17","3","3","41.8673165142","-87.6431222267","POINT (-87.643122226661 41.867316514174)"
"9046f780c5a658ccbb62002e05d50d884c07d35d26c25b4010bb04da3d8ba6faddc4e7604c250205ad03582d024816c75d5f1d270b411c916c560740250ad641",,"2026-03-03T17:52:00.000","30","NO CONTROLS","NO CONTROLS","CLEAR","DARKNESS, LIGHTED ROAD","PARKED MOTOR VEHICLE","ONE-WAY",,"STRAIGHT AND LEVEL","DRY","NO DEFECTS","NOT ON SCENE (DESK REPORT)","NO INJURY / DRIVE AWAY",,,,"OVER $1,500","2026-03-03T21:00:00.000","DRIVING SKILLS/KNOWLEDGE/EXPERIENCE","NOT APPLICABLE","525","W","OAKDALE AVE","1934",,,,,,,"2","NO INDICATION OF INJURY","0","0","0","0","0","1","0","17","3","3","41.9354355366","-87.642844429","POINT (-87.642844428981 41.935435536639)"
"d6d89440c6e24b1bdf292e03b5130845035e374de7313ad40f40647098a83484d4e2d6f8bba7ab895fc744cb6188e0f058cacd490c50f7f2fec77ca2a731ed39",,"2026-03-03T17:52:00.000","30","TRAFFIC SIGNAL","FUNCTIONING PROPERLY","CLEAR","DAYLIGHT","PEDESTRIAN","NOT DIVIDED",,"STRAIGHT AND LEVEL","DRY","NO DEFECTS","ON SCENE","INJURY AND / OR TOW DUE TO CRASH",,,,"$500 OR LESS","2026-03-03T17:54:00.000","UNABLE TO DETERMINE","UNABLE TO DETERMINE","5100","S","LAWNDALE AVE","822",,,,,,,"2","INCAPACITATING INJURY","1","0","1","0","0","1","0","17","3","3","41.8005635028","-87.7161544228","POINT (-87.716154422752 41.800563502801)"