"crash_record_id","crash_date_est_i","crash_date","posted_speed_limit","traffic_control_device","device_condition","weather_condition","lighting_condition","first_crash_type","trafficway_type","lane_cnt","alignment","roadway_surface_cond","road_defect","report_type","crash_type","intersection_related_i","private_property_i","hit_and_run_i","damage","date_police_notified","prim_contributory_cause","sec_contributory_cause","street_no","street_direction","street_name","beat_of_occurrence","photos_taken_i","statements_taken_i","dooring_i","work_zone_i","work_zone_type","workers_present_i","num_units","most_severe_injury","injuries_total","injuries_fatal","injuries_incapacitating","injuries_non_incapacitating","injuries_reported_not_evident","injuries_no_indication","injuries_unknown","crash_hour","crash_day_of_week","crash_month","latitude","longitude","location"
"d5805a18c6973048b5f4a8b6236f55e495c32a7678c50102196f08f1b0c7e8b77af065949b9373a8be8e13deadb089799d64f4c44c24bfdcf88b5ba151146a27",,"2026-03-03T17:50:00.000","30","NO CONTROLS","NO CONTROLS","CLEAR","DARKNESS, LIGHTED ROAD","SIDESWIPE SAME DIRECTION","DIVIDED - W/MEDIAN (NOT RAISED)",,"STRAIGHT AND LEVEL","DRY","NO DEFECTS","NOT ON SCENE (DESK REPORT)","NO INJURY / DRIVE AWAY",,,,"OVER $1,500","2026-03-07T10:00:00.000","UNABLE TO DETERMINE","NOT APPLICABLE","3302","W","BELMONT AVE","1733",,,,,,,"2","NO INDICATION OF INJURY","0","0","0","0","0","2","0","17","3","3","41.9394136206","-87.7101934316","POINT (-87.710193431581 41.939413620564)"
"9bb29a6c40032447ca7bfa9803c65b7abf73a958e14e82b6a72add8ca767c81b99f5b0bf8961c53ac08ab1f11d3841b97f022b724ea64c519f7b6d1401bd417d",,"2026-03-03T17:45:00.000","15","NO CONTROLS","NO CONTROLS","CLEAR","DAYLIGHT","ANGLE","ALLEY",,"STRAIGHT AND LEVEL","DRY","UNKNOWN","NOT ON SCENE (DESK REPORT)","NO INJURY / DRIVE AWAY","Y",,,"OVER $1,500","2026-03-03T19:15:00.000","UNABLE TO DETERMINE","UNABLE TO DETERMINE","2101","S","KOSTNER AVE","1012",,,,,,,"2","NO INDICATION OF INJURY","0","0","0","0","0","2","0","17","3","3","41.853316582","-87.7344141536","POINT (-87.734414153636 41.853316582009)"
"7b88d3e39800a44b5fdd0773a79020095b481eef7d68aa62343e99235f690cbc181c8b76142900ddc3319fc8e5ec7a7c7df5ca03f670cc248f0e878c6e0ce1d3",,"2026-03-03T17:40:00.000","25","OTHER REG. SIGN","NO CONTROLS","CLEAR","DARKNESS, LIGHTED ROAD","TURNING","T-INTERSECTION",,"STRAIGHT AND LEVEL","DRY","NO DEFECTS","NOT ON SCENE (DESK REPORT)","NO INJURY / DRIVE AWAY","Y",,,"OVER $1,500","2026-03-03T18:30:00.000","UNABLE TO DETERMINE","UNABLE TO DETERMINE","801","E","103RD ST","512",,,,,,,"2","NO INDICATION OF INJURY","0","0","0","0","0","2","0","17","3","3","41.7073769295","-87.6039534647","POINT (-87.603953464652 41.707376929462)"
"695e1408868900bece16aa2ab2ecc04813620e084001acdda58f87e7e86516fea45cf6aa91e71b342f172984092e7fc4fcfed6c13226fd923ba98ca8a1aa3d92",,"2026-03-03T17:38:00.000","30","NO CONTROLS","NO CONTROLS","CLEAR","DAWN","SIDESWIPE SAME DIRECTION","NOT DIVIDED",,"STRAIGHT AND LEVEL","DRY","NO DEFECTS","NOT ON SCENE (DESK REPORT)","NO INJURY / DRIVE AWAY",,,"Y","$500 OR LESS","2026-03-03T19:00:00.000","UNABLE TO DETERMINE","UNABLE TO DETERMINE","1538","E","95TH ST","413",,,,,,,"2","NO INDICATION OF INJURY","0","0","0","0","0","2","0","17","3","3","41.7224394759","-87.5861858365","POINT (-87.586185836462 41.722439475881)"
"ceaa18895e987a7ac7ff9faee91f2532f8ec469bf4bab4e4747bda61252ac9b3cec587f40f5bffe340f811a374dee1145f9888ace9d0a3828f2dca764b5cadfd",,"2026-03-03T17:36:00.000","15","NO CONTROLS","NO CONTROLS","CLEAR","DAWN","ANGLE","ALLEY",,"STRAIGHT AND LEVEL","DRY","NO DEFECTS","NOT ON SCENE (DESK REPORT)","NO INJURY / DRIVE AWAY",,,,"OVER $1,500","2026-03-03T18:00:00.000","DISTRACTION - FROM INSIDE VEHICLE","UNABLE TO DETERMINE","1847","S","CALIFORNIA AVE","1023",,,,,,,"2","NO INDICATION OF INJURY","0","0","0","0","0","2","0","17","3","3","41.8559881597","-87.6954372292","POINT (-87.695437229222 41.855988159714)"
"1fdfa07074680ce73b5b9de584a5f3a357ec45047157ac4a3c88796879a4b4bf0fff3ef4427968d8bc227bbdbdc75d385b2652dfc4d4ea8283bea9bd058962a3",,"2026-03-03T17:35:00.000","30","TRAFFIC SIGNAL","FUNCTIONING PROPERLY","CLEAR","DAYLIGHT","PEDALCYCLIST","TRAFFIC ROUTE",,"STRAIGHT AND LEVEL","DRY","NO DEFECTS","ON SCENE","INJURY AND / OR TOW DUE TO CRASH","Y",,,"OVER $1,500","2026-03-03T17:36:00.000","UNABLE TO DETERMINE","UNABLE TO DETERMINE","776","N","MILWAUKEE AVE","1214",,,,,,,"2","REPORTED, NOT EVIDENT","1","0","0","0","1","2","0","17","3","3","41.8957962445","-87.6549535956","POINT (-87.654953595644 41.895796244484)"
"23903840ee1329fbd9cf584ee204000caf7254f190121e5ae21d32c8580f1113a10f39a4888fac17c147c3e395c1b889bd0d8b7916aeec6ab275853a92d8dae0",,"2026-03-03T17:35:00.000","30","NO CONTROLS","NO CONTROLS","CLEAR","DARKNESS, LIGHTED ROAD","PARKED MOTOR VEHICLE","DIVIDED - W/MEDIAN (NOT RAISED)",,"STRAIGHT AND LEVEL","DRY","UNKNOWN","ON SCENE","NO INJURY / DRIVE AWAY",,,"Y","OVER $1,500","2026-03-03T18:30:00.000","IMPROPER OVERTAKING/PASSING","UNABLE TO DETERMINE","2655","W","PETERSON AVE","2011",,,,,,,"2","NO INDICATION OF INJURY","0","0","0","0","0","1","0","17","3","3","41.9903476992","-87.6968201484","POINT (-87.696820148445 41.990347699168)"
"063b0d8f943d1ee4241ae505c383474b0029a5da40c5bdb03970dae57f27d2b4531e7d7469eb181b7bc516a7a961e3480993600dc0c4c85d27e7b635109170d1",,"2026-03-03T17:30:00.000","30","NO CONTROLS","NO CONTROLS","CLEAR","DAYLIGHT","REAR END","ONE-WAY",,"STRAIGHT AND LEVEL","DRY","NO DEFECTS","NOT ON SCENE (DESK REPORT)","NO INJURY / DRIVE AWAY",,,,"$501 - $1,500","2026-03-03T17:45:00.000","UNABLE TO DETERMINE","UNABLE TO DETERMINE","2600","W","RASCHER AVE","2011",,,,,,,"2","NO INDICATION OF INJURY","0","0","0","0","0","3","0","17","3","3","41.9805199179","-87.6943296805","POINT (-87.694329680509 41.980519917902)"
"53e0ca25b1d22de036c0ccb060aa1c7d312c2546550406f04d3eae0bf7729b10bc5b7780f48caf7ba7ca920285b52d4934c9b933bae5cbd94be1f53e7180dfe3",,"2026-03-03T17:30:00.000","30","UNKNOWN","UNKNOWN","UNKNOWN","UNKNOWN","PARKED MOTOR VEHICLE","NOT DIVIDED",,"STRAIGHT AND LEVEL","UNKNOWN","UNKNOWN","NOT ON SCENE (DESK REPORT)","NO INJURY / DRIVE AWAY",,,,"OVER $1,500","2026-03-07T13:45:00.000","UNABLE TO DETERMINE","NOT APPLICABLE","6954","W","NORTH AVE","2513",,,,,,,"2","NO INDICATION OF INJURY","0","0","0","0","0","2","0","17","3","3","41.9090757489","-87.7993386036","POINT (-87.799338603564 41.909075748933)"
"713f1b683508407bf7e8437099b3c0145eb695057e39ecefa90067db587a7b53ab29a57ec40e9b7a07c96f3fe68fc534761c41c4ff175e3277c9aabf66ea01cb",,"2026-03-03T17:30:00.000","30","TRAFFIC SIGNAL","FUNCTIONING PROPERLY","CLEAR","DAYLIGHT","FIXED OBJECT","OTHER",,"STRAIGHT AND LEVEL","DRY","NO DEFECTS","ON SCENE","INJURY AND / OR TOW DUE TO CRASH",,,,"OVER $1,500","2026-03-03T18:00:00.000","PHYSICAL CONDITION OF DRIVER","UNABLE TO DETERMINE","200","E","51ST ST","224",,,,,,,"1","INCAPACITATING INJURY","1","0","1","0","0","1","0","17","3","3","41.8021379499","-87.6209491795","POINT (-87.620949179536 41.802137949948)"
"29956c0e5794ff837a335947a8d3636206c621bbbb8092bac09f11dc08a19bf251070154773d16b95c428a91d51bd2376bc1006dedcb0bdc3147a26f6a71080d",,"2026-03-03T17:00:00.000","30","NO CONTROLS","NO CONTROLS","CLEAR","DAYLIGHT","PARKED MOTOR VEHICLE","NOT DIVIDED",,"STRAIGHT AND LEVEL","DRY","NO DEFECTS","NOT ON SCENE (DESK REPORT)","NO INJURY / DRIVE AWAY",,,"Y","OVER $1,500","2026-03-03T17:09:00.000","UNABLE TO DETERMINE","NOT APPLICABLE","3505","S","STATE ST","213",,,,,,,"2","NO INDICATION OF INJURY","0","0","0","0","0","1","0","17","3","3","41.8308387488","-87.6263418097","POINT (-87.62634180966 41.830838748791)"
"6e334d941c80b4f91fe8c6728836ecb478699f2d39025054ba268b64fe04f4ef23b4763e5dbfb229b14846f9e608d6df38e187a887c889b6652e1c5733ac1d2f",,"2026-03-03T17:00:00.000","30","TRAFFIC SIGNAL","FUNCTIONING PROPERLY","CLEAR","DARKNESS, LIGHTED ROAD","ANGLE","NOT DIVIDED",,"STRAIGHT AND LEVEL","DRY","NO DEFECTS","NOT ON SCENE (DESK REPORT)","NO INJURY / DRIVE AWAY","Y",,,"OVER $1,500","2026-03-04T10:15:00.000","DISREGARDING TRAFFIC SIGNALS","UNABLE TO DETERMINE","8700","S","STONY ISLAND AVE","412",,,,,,,"2","NO INDICATION OF INJURY","0","0","0","0","0","2","0","17","3","3","41.7368226302","-87.5857834203","POINT (-87.585783420329 41.736822630157)"
"7bf92d56a46e053d3d014b1239f9bf22b4208a4fa6d1ba7158ea2673cd26a460b19786360095373c6db129249595a46dbc51dc958a347f78cc074f89a0bdb0f0",,"2026-03-03T17:00:00.000","30","NO CONTROLS","NO CONTROLS","CLEAR","DAYLIGHT","REAR END","NOT DIVIDED",,"STRAIGHT AND LEVEL","DRY","NO DEFECTS","NOT ON SCENE (DESK REPORT)","NO INJURY / DRIVE AWAY",,,,"OVER $1,500","2026-03-03T17:30:00.000","UNABLE TO DETERMINE","UNABLE TO DETERMINE","5661","S","PAYNE DR","233",,,,,,,"2","NO INDICATION OF INJURY","0","0","0","0","0","2","0","17","3","3","41.7913370322","-87.6078311199","POINT (-87.607831119936 41.791337032219)"
"0a77456580ef18877ab76757560a20bafa51549f387b83b28139bdc3ce9243bb41a35baf5da75f27662b7e37401606e38d655179194a49fe6f89bda3897e6157",,"2026-03-03T16:55:00.000","20","NO CONTROLS","NO CONTROLS","CLEAR","DAYLIGHT","PARKED MOTOR VEHICLE","PARKING LOT",,"STRAIGHT AND LEVEL","DRY","NO DEFECTS","NOT ON SCENE (DESK REPORT)","NO INJURY / DRIVE AWAY",,,"Y","$501 - $1,500","2026-03-03T17:00:00.000","UNABLE TO DETERMINE","UNABLE TO DETERMINE","41","W","87TH ST","634",,,,,,,"2","NO INDICATION OF INJURY","0","0","0","0","0","1","0","16","3","3","41.7361505366","-87.6258423404","POINT (-87.62584234039 41.736150536597)"
"b86741c340cd290332a31ce88f3f719850c150011e2d5cd88f059611f53372e9d8a261c07d017e11065ca64a978f8888d6766155c6ba03c4b3e1e375591714df",,"2026-03-03T16:45:00.000","30","NO CONTROLS","NO CONTROLS","CLEAR","DAYLIGHT","ANGLE","NOT DIVIDED",,"STRAIGHT AND LEVEL","DRY","UNKNOWN","NOT ON SCENE (DESK REPORT)","NO INJURY / DRIVE AWAY","Y",,"N","$500 OR LESS","2026-03-03T17:50:00.000","UNABLE TO DETERMINE","UNABLE TO DETERMINE","2398","W","52ND ST","932",,,,,,,"2","NO INDICATION OF INJURY","0","0","0","0","0","2","0","16","3","3","41.7989375364","-87.6835163824","POINT (-87.683516382369 41.798937536372)"
"a2c1c9a58d4f6d73379eaf8075ef97c57f22717f031196b3d42a811a3b3fdea2a9129513980cc92b2c4bcbb144c805b2bde0734cc3283bcb0fa895a72c6d845e",,"2026-03-03T16:40:00.000","30","NO CONTROLS","NO CONTROLS","CLEAR","DAYLIGHT","SIDESWIPE SAME DIRECTION","NOT DIVIDED",,"STRAIGHT AND LEVEL","DRY","NO DEFECTS","NOT ON SCENE (DESK REPORT)","NO INJURY / DRIVE AWAY",,,,"OVER $1,500","2026-03-03T18:07:00.000","IMPROPER LANE USAGE","NOT APPLICABLE","202","W","GRAND AVE","1831",,,,,,,"2","NO INDICATION OF INJURY","0","0","0","0","0","2","0","16","3","3","41.8916952409","-87.6342310125","POINT (-87.634231012482 41.891695240875)"
"7c99c394f1eff316897f0d0e1eaeb35d175fe387ae62a19382058ffd0c611ac615238f231602a12bf3263c9ceb1b70b1a037f07553677e6db648b223bcc4f017",,"2026-03-03T16:31:00.000","30","NO CONTROLS","NO CONTROLS","CLEAR","DAYLIGHT","PARKED MOTOR VEHICLE","DIVIDED - W/MEDIAN (NOT RAISED)",,"STRAIGHT AND LEVEL","DRY","NO DEFECTS","ON SCENE","NO INJURY / DRIVE AWAY",,,,"$501 - $1,500","2026-03-03T16:31:00.000","IMPROPER OVERTAKING/PASSING","IMPROPER OVERTAKING/PASSING","1715","N","LEAVITT ST","1434",,,,,,,"2","NO INDICATION OF INJURY","0","0","0","0","0","2","0","16","3","3","41.9132340468","-87.6822632896","POINT (-87.682263289607 41.913234046757)"
"0f2c1fc7bb18491419fb7df6780b8a5b722c946ff7787ac0e235ebe63f352d1005cc8f0caf020b261b0aafe160698e68d8204cf90e7a33d1083d098fab964305",,"2026-03-03T16:30:00.000","20","STOP SIGN/FLASHER","FUNCTIONING PROPERLY","CLEAR","DAYLIGHT","ANGLE","NOT DIVIDED",,"STRAIGHT AND LEVEL","DRY","NO DEFECTS","NOT ON SCENE (DESK REPORT)","NO INJURY / DRIVE AWAY","Y",,,"OVER $1,500","2026-03-03T17:20:00.000","UNABLE TO DETERMINE","UNABLE TO DETERMINE","4400","W","VAN BUREN ST","1131",,,,,,,"2","NO INDICATION OF INJURY","0","0","0","0","0","3","0","16","3","3","41.8752521963","-87.7354087","POINT (-87.735408699981 41.875252196316)"
"5cc5238f4b107c6613a3d818cd3056eb5c712d201e1d2a2f280d14d422b0ea6a829475bf51dff1c7babbd47a77aada6bee6684a95c4747479bce3c99d7be5cf9",,"2026-03-03T16:30:00.000","30","TRAFFIC SIGNAL","FUNCTIONING PROPERLY","CLEAR","DAYLIGHT","REAR TO FRONT","FOUR WAY",,"STRAIGHT AND LEVEL","DRY","NO DEFECTS","NOT ON SCENE (DESK REPORT)","NO INJURY / DRIVE AWAY",,,,"$501 - $1,500","2026-03-03T18:00:00.000","IMPROPER BACKING","UNABLE TO DETERMINE","3600","S","KEDZIE AVE","911",,,,,,,"2","NO INDICATION OF INJURY","0","0","0","0","0","2","0","16","3","3","41.8280351411","-87.7046977316","POINT (-87.704697731614 41.828035141054)"
"7bad743fd93ca52454268afd0409f5290be4ea1e87a3c86ad843c2b894e551eda5b45ac397c803d68de12fe8a5ec88252c78dfb534374860fc031ffe27170e18",,"2026-03-03T16:30:00.000","30","TRAFFIC SIGNAL","FUNCTIONING PROPERLY","CLEAR","DAYLIGHT","REAR END","DIVIDED - W/MEDIAN (NOT RAISED)",,"STRAIGHT AND LEVEL","DRY","NO DEFECTS","ON SCENE","INJURY AND / OR TOW DUE TO CRASH","Y",,,"OVER $1,500","2026-03-03T16:37:00.000","CELL PHONE USE OTHER THAN TEXTING","FAILING TO REDUCE SPEED TO AVOID CRASH","1190","W","ROOSEVELT RD","1232",,,,,,,"2","REPORTED, NOT EVIDENT","2","0","0","0","2","1","0","16","3","3","41.8671074499","-87.6566092204","POINT (-87.656609220389 41.867107449939)"
"dcd347e906de3a625d1793eb4444f1664061516f734a4ecf3ec7c05c488a398abf5ae7f9a64bfc8da4c8933334b56953c53cf10fc06c64a6432ba4d1b073337a",,"2026-03-03T16:30:00.000","30","UNKNOWN","UNKNOWN","UNKNOWN","UNKNOWN","SIDESWIPE SAME DIRECTION","UNKNOWN",,"STRAIGHT AND LEVEL","UNKNOWN","UNKNOWN","NOT ON SCENE (DESK REPORT)","NO INJURY / DRIVE AWAY",,,,"OVER $1,500","2026-03-03T19:00:00.000","UNABLE TO DETERMINE","UNABLE TO DETERMINE","2300","W","52ND PL","932",,,,,,,"2","NO INDICATION OF INJURY","0","0","0","0","0","2","0","16","3","3","41.7977906037","-87.6817579165","POINT (-87.681757916455 41.79779060368)"
"b65c55056f4e5b92ac236a23ee38294a1a5e64d860edf05396f85207ac5f827d8f06a8c656591a57a71ff9ce780464b2f6d39d690d5534ca30d0c66440bf6565",,"2026-03-03T16:28:00.000","30","NO CONTROLS","NO CONTROLS","CLEAR","DAYLIGHT","REAR END","FOUR WAY",,"STRAIGHT AND LEVEL","DRY","NO DEFECTS","NOT ON SCENE (DESK REPORT)","NO INJURY / DRIVE AWAY","Y",,"Y","OVER $1,500","2026-03-03T16:38:00.000","UNABLE TO DETERMINE","NOT APPLICABLE","5901","N","CICERO AVE","1711",,,,,,,"2","NO INDICATION OF INJURY","0","0","0","0","0","2","0","16","3","3","41.9888155328","-87.7481753921","POINT (-87.74817539212 41.988815532788)"
"0dd42be8f2977221315eb152f887b787acab5c10c575e7ab8ac71b2819de5b5dbb93e12ea17331364163f5e67c8c5106181166fc8498ec6a26bb73b044e49827",,"2026-03-03T16:27:00.000","25","STOP SIGN/FLASHER","FUNCTIONING PROPERLY","CLEAR","DAYLIGHT","PARKED MOTOR VEHICLE","T-INTERSECTION",,"STRAIGHT AND LEVEL","DRY","NO DEFECTS","ON SCENE","NO INJURY / DRIVE AWAY",,,,"OVER $1,500","2026-03-03T16:37:00.000","IMPROPER TURNING/NO SIGNAL","IMPROPER TURNING/NO SIGNAL","4230","W","LELAND AVE","1722",,"N",,,,,"2","NO INDICATION OF INJURY","0","0","0","0","0","6","0","16","3","3","41.9671806647","-87.7340481926","POINT (-87.7340481926 41.96718066474)"
"c590079a5c48137142e0e0f288a74278743015514f03955b98f4401ecaeb34cca86f9ae2d00ecaa52607cf7a209524e31cc4b513da548452057e7fd3eeba1e6b",,"2026-03-03T16:25:00.000","30","NO CONTROLS","NO CONTROLS","CLEAR","DAYLIGHT","REAR END","NOT DIVIDED",,"STRAIGHT AND LEVEL","DRY","NO DEFECTS","ON SCENE","INJURY AND / OR TOW DUE TO CRASH",,,,"OVER $1,500","2026-03-03T16:25:00.000","UNABLE TO DETERMINE","NOT APPLICABLE","424","W","59TH ST","711",,,,,,,"2","REPORTED, NOT EVIDENT","2","0","0","0","2","1","0","16","3","3","41.787281363","-87.6365131429","POINT (-87.636513142851 41.787281362954)"
"0f85c3aefd10acadcf2dc84c02a30be45314bcbb45f12802b104cc6441d8b8fb1c34aa6a78a5ab0a8261950d7db681c11be49f53cafba991258622d4477f5fff",,"2026-03-03T16:22:00.000","30","NO CONTROLS","NO CONTROLS","CLEAR","DAYLIGHT","SIDESWIPE SAME DIRECTION","ONE-WAY",,"STRAIGHT AND LEVEL","DRY","NO DEFECTS","ON SCENE","NO INJURY / DRIVE AWAY",,,"Y","OVER $1,500","2026-03-03T16:25:00.000","FOLLOWING TOO CLOSELY","FAILING TO YIELD RIGHT-OF-WAY","1230","W","VAN BUREN ST","1231",,,,,,,"2","NO INDICATION OF INJURY","0","0","0","0","0","2","0","16","3","3","41.8766082586","-87.6582610166","POINT (-87.658261016613 41.876608258626)"
"bc1c5edce7da84aaeab6c7728d31931a43fafc977480c596399414c51175f91a61ac1b71d5d129f7f028d5782d26e54344491f87aabdc08c9fe020ac4665b934",,"2026-03-03T16:22:00.000","30","NO CONTROLS","NO CONTROLS","CLEAR","DAYLIGHT","ANGLE","NOT DIVIDED",,"STRAIGHT AND LEVEL","DRY","NO DEFECTS","NOT ON SCENE (DESK REPORT)","NO INJURY / DRIVE AWAY",,,,"$501 - $1,500","2026-03-03T17:35:00.000","FAILING TO YIELD RIGHT-OF-WAY","FAILING TO YIELD RIGHT-OF-WAY","5930","W","MONTROSE AVE","1622",,,,,,,"2","NO INDICATION OF INJURY","0","0","0","0","0","2","0","16","3","3","41.9604772495","-87.7758614245","POINT (-87.775861424505 41.960477249472)"
"c29c1a3b0d20773ad8780b7620c8f49d0475a295303ab35d58bbb1cdd910cc53e9abf89cd0c16efb14f27dce9e65127d6df33166126d0a4f0311ce8a5bbfeca4",,"2026-03-03T16:22:00.000","30","TRAFFIC SIGNAL","FUNCTIONING PROPERLY","CLEAR","DAYLIGHT","TURNING","DIVIDED - W/MEDIAN (NOT RAISED)",,"STRAIGHT AND LEVEL","DRY","NO DEFECTS","NOT ON SCENE (DESK REPORT)","NO INJURY / DRIVE AWAY",,,,"OVER $1,500","2026-03-03T17:45:00.000","UNABLE TO DETERMINE","UNABLE TO DETERMINE","3824","N","PULASKI RD","1732",,,,,,,"2","NO INDICATION OF INJURY","0","0","0","0","0","2","0","16","3","3","41.9507999778","-87.7276770782","POINT (-87.727677078178 41.950799977795)"
"f512d4bb0739b2a238054fc56a8d501494de44c039d42a88de3422fb9b77fc7bffc251dce63b80921a451938735025295d7ff6c499b059fe877511e3b1275bb8",,"2026-03-03T16:20:00.000","30","NO CONTROLS","NO CONTROLS","CLEAR","DAYLIGHT","SIDESWIPE SAME DIRECTION","NOT DIVIDED",,"STRAIGHT AND LEVEL","DRY","NO DEFECTS","ON SCENE","NO INJURY / DRIVE AWAY",,,"Y","$501 - $1,500","2026-03-03T17:19:00.000","UNABLE TO DETERMINE","UNABLE TO DETERMINE","6600","S","STATE ST","312",,,,,,,"2","NO INDICATION OF INJURY","0","0","0","0","0","4","0","16","3","3","41.7749157713","-87.6253269174","POINT (-87.625326917393 41.774915771313)"
"4a202d21f463554eb3423076529ae254d7208c15193f28e4f6f30cafaa43070b1314f22cbe65cea85390087e90d7a684710fb4375758b4bc153e0184806ebcc9",,"2026-03-03T16:14:00.000","30","TRAFFIC SIGNAL","FUNCTIONING PROPERLY","CLEAR","DAYLIGHT","TURNING","FOUR WAY",,"STRAIGHT AND LEVEL","DRY","NO DEFECTS","ON SCENE","INJURY AND / OR TOW DUE TO CRASH","Y",,,"OVER $1,500","2026-03-03T16:17:00.000","FAILING TO YIELD RIGHT-OF-WAY","NOT APPLICABLE","4599","N","CICERO AVE","1722",,,,,,,"2","NO INDICATION OF INJURY","0","0","0","0","0","3","0","16","3","3","41.9643234441","-87.7474685449","POINT (-87.747468544931 41.964323444127)"
"03aad207c3598b8cb74d50a2af48725856dcdff327b95116f8c69699a381ef894fe40af7adb914bfea06638624965272f5cf5cd7243d86001d52f84463e7a132",,"2026-03-03T16:10:00.000","30","NO CONTROLS","NO CONTROLS","CLEAR","DAYLIGHT","SIDESWIPE SAME DIRECTION","NOT DIVIDED",,"STRAIGHT AND LEVEL","DRY","UNKNOWN","ON SCENE","NO INJURY / DRIVE AWAY",,,,"$500 OR LESS","2026-03-03T16:10:00.000","UNABLE TO DETERMINE","UNABLE TO DETERMINE","4946","N","MILWAUKEE AVE","1623",,,,,,,"2","NO INDICATION OF INJURY","0","0","0","0","0","2","0","16","3","3","41.9706775856","-87.7634289442","POINT (-87.76342894418 41.97067758561)"
"8d6fd82a9f6d4735b3c7b709f2bd9bd34c56d29b2aa86591c38b5974696eb72d9999d0456115cbf3bb245bebce68a2a6ad8817072bf7aefa71710e1d45a782e3",,"2026-03-03T16:04:00.000","30","NO CONTROLS","NO CONTROLS","CLEAR","DAYLIGHT","ANGLE","PARKING LOT",,"STRAIGHT AND LEVEL","DRY","NO DEFECTS","NOT ON SCENE (DESK REPORT)","NO INJURY / DRIVE AWAY",,,,"$501 - $1,500","2026-03-04T16:30:00.000","FOLLOWING TOO CLOSELY","NOT APPLICABLE","4600","N","RAVENSWOOD AVE","1912",,,,,,,"2","NO INDICATION OF INJURY","0","0","0","0","0","3","0","16","3","3","41.9652507718","-87.6747717657","POINT (-87.674771765712 41.965250771788)"
"fa8f1d33788b306afc4213345f247581569b18f3a0600aadde18078fb05117223d3d8b9cc5a5e4ee73d16426b77ed34dfbf4decbffe1272e2bc79064dbe3df4f",,"2026-03-03T16:01:00.000","30","NO CONTROLS","NO CONTROLS","CLEAR","DAYLIGHT","FIXED OBJECT","DIVIDED - W/MEDIAN BARRIER",,"STRAIGHT AND LEVEL","DRY","NO DEFECTS","ON SCENE","NO INJURY / DRIVE AWAY",,,,"OVER $1,500","2026-03-03T16:01:00.000","ROAD ENGINEERING/SURFACE/MARKING DEFECTS","NOT APPLICABLE","7900","S","KEDZIE AVE","834",,,,,,,"1","NO INDICATION OF INJURY","0","0","0","0","0","1","0","16","3","3","41.7497239717","-87.7025395717","POINT (-87.702539571674 41.749723971726)"
"84f87050148ca9a7f28e0abe8d5d4ba589648623c4ed1fc2c4237785e3544d38612857c31d4541590f6e1b31040e76284f3fbd93731e01aa7b9dc6f5175eaeb3",,"2026-03-03T16:00:00.000","30","STOP SIGN/FLASHER","FUNCTIONING PROPERLY","CLEAR","DAYLIGHT","REAR END","T-INTERSECTION",,"STRAIGHT AND LEVEL","DRY","NO DEFECTS","NOT ON SCENE (DESK REPORT)","NO INJURY / DRIVE AWAY",,,,"OVER $1,500","2026-03-03T17:23:00.000","UNABLE TO DETERMINE","UNABLE TO DETERMINE","6900","S","CALIFORNIA AVE","831",,,,,,,"2","NO INDICATION OF INJURY","0","0","0","0","0","2","0","16","3","3","41.768084201","-87.6932646416","POINT (-87.693264641648 41.768084200953)"
"c15d3d5d4f1903580a07d0a2b33fc0730b6de868c2a65f83f715ee1bd6d5cf82f44d1ec0f570cc0808b755bef3357d9a600eda40e816df1060a3fd49f618fb75",,"2026-03-03T16:00:00.000","30","NO CONTROLS","NO CONTROLS","CLEAR","DAYLIGHT","REAR END","NOT DIVIDED",,"STRAIGHT AND LEVEL","DRY","NO DEFECTS","NOT ON SCENE (DESK REPORT)","NO INJURY / DRIVE AWAY",,,"Y","OVER $1,500","2026-03-04T13:45:00.000","UNABLE TO DETERMINE","UNABLE TO DETERMINE","4895","W","DIVISION ST","1531",,,,,,,"2","NO INDICATION OF INJURY","0","0","0","0","0","2","0","16","3","3","41.9022182716","-87.7482955789","POINT (-87.748295578931 41.90221827164)"
"e1c375956052fb6383f4e04502414c18e9df42a7bc7cf73ae6a17790612bb7d29090a294acb2a82513807612e65074dc858ef29fbc6bbb364b34b49cf91695e5",,"2026-03-03T15:45:00.000","30","TRAFFIC SIGNAL","FUNCTIONING PROPERLY","CLOUDY/OVERCAST","DAYLIGHT","REAR END","DIVIDED - W/MEDIAN (NOT RAISED)",,"STRAIGHT AND LEVEL","DRY","NO DEFECTS","NOT ON SCENE (DESK REPORT)","NO INJURY / DRIVE AWAY","Y",,"Y","OVER $1,500","2026-03-03T16:30:00.000","FOLLOWING TOO CLOSELY","DISTRACTION - FROM INSIDE VEHICLE","11438","S","MICHIGAN AVE","531",,,,,,,"2","NO INDICATION OF INJURY","0","0","0","0","0","2","0","15","3","3","41.685954108","-87.6209731806","POINT (-87.620973180635 41.685954108028)"
"5c1cd75a7fa095437ad4ed5e887edd5ffe8ee08419fdad537f7a8eefde35df0eb590a882eb0802d143d71d65119773d830564ce5b1f1cd3b7cba599af0c15e91",,"2026-03-03T15:40:00.000","30","NO CONTROLS","NO CONTROLS","CLEAR","DAYLIGHT","TURNING","NOT DIVIDED",,"STRAIGHT ON GRADE","DRY","NO DEFECTS","ON SCENE","NO INJURY / DRIVE AWAY",,,,"OVER $1,500","2026-03-03T15:45:00.000","IMPROPER OVERTAKING/PASSING","IMPROPER LANE USAGE","8747","W","BRYN MAWR AVE","1614",,,,,,,"2","NO INDICATION OF INJURY","0","0","0","0","0","2","0","15","3","3","41.9808404694","-87.845843534","POINT (-87.845843533994 41.980840469404)"