"crash_record_id","crash_date_est_i","crash_date","posted_speed_limit","traffic_control_device","device_condition","weather_condition","lighting_condition","first_crash_type","trafficway_type","lane_cnt","alignment","roadway_surface_cond","road_defect","report_type","crash_type","intersection_related_i","private_property_i","hit_and_run_i","damage","date_police_notified","prim_contributory_cause","sec_contributory_cause","street_no","street_direction","street_name","beat_of_occurrence","photos_taken_i","statements_taken_i","dooring_i","work_zone_i","work_zone_type","workers_present_i","num_units","most_severe_injury","injuries_total","injuries_fatal","injuries_incapacitating","injuries_non_incapacitating","injuries_reported_not_evident","injuries_no_indication","injuries_unknown","crash_hour","crash_day_of_week","crash_month","latitude","longitude","location"
"77e0cc87e3a051696f53efec5c26bbe6bc2106b031311c249390e6bd31728f2c532f8bbd58d5f837372e769ede4a6e8a9dcba2bd862bb4f15be240ff8cd467b1",,"2026-03-03T15:40:00.000","25","UNKNOWN","UNKNOWN","CLOUDY/OVERCAST","DAYLIGHT","TURNING","FOUR WAY",,"STRAIGHT AND LEVEL","DRY","UNKNOWN","ON SCENE","INJURY AND / OR TOW DUE TO CRASH","Y",,,"OVER $1,500","2026-03-03T15:41:00.000","IMPROPER LANE USAGE","IMPROPER OVERTAKING/PASSING","2100","S","PULASKI RD","1012",,,,,,,"3","NO INDICATION OF INJURY","0","0","0","0","0","4","0","15","3","3","41.8533671384","-87.7249469885","POINT (-87.724946988508 41.853367138386)"
"9f77095952fac67fb6a0377ebcf4cdeee36abe09f0eae9a9437ee49ae03833decac5f4a1b0d0548154bcd02a40c78dfaa93794616ce1928f840e368d0acc80e3",,"2026-03-03T15:40:00.000","30","NO CONTROLS","NO CONTROLS","CLEAR","DAYLIGHT","SIDESWIPE SAME DIRECTION","NOT DIVIDED",,"STRAIGHT AND LEVEL","DRY","NO DEFECTS","ON SCENE","NO INJURY / DRIVE AWAY",,,,"OVER $1,500","2026-03-03T16:45:00.000","DRIVING SKILLS/KNOWLEDGE/EXPERIENCE","NOT APPLICABLE","1","E","69TH ST","322",,,,,,,"2","NO INDICATION OF INJURY","0","0","0","0","0","2","0","15","3","3","41.7690851994","-87.6248626064","POINT (-87.624862606352 41.769085199384)"
"9e938a76061805dc2cac5470d73c592ba8165cc4393da7d99a4fe7cf2d66807f72e80abf3e0caa51a07bda89800820edd2c29420e66464d33c0a0e476294fe39",,"2026-03-03T15:39:00.000","30","TRAFFIC SIGNAL","FUNCTIONING PROPERLY","CLEAR","DAYLIGHT","SIDESWIPE SAME DIRECTION","NOT DIVIDED",,"STRAIGHT AND LEVEL","DRY","NO DEFECTS","NOT ON SCENE (DESK REPORT)","NO INJURY / DRIVE AWAY",,,,"$500 OR LESS","2026-03-03T17:16:00.000","UNABLE TO DETERMINE","UNABLE TO DETERMINE","4275","S","WESTERN AVE","921",,,,,,,"2","NO INDICATION OF INJURY","0","0","0","0","0","2","0","15","3","3","41.815788875","-87.6844840462","POINT (-87.684484046237 41.815788874962)"
"0bfbddaf7d6e100885e525637e38efb5b266672813d6030215273ca4369c5ac4e35a052c1ff3bfa3899d503d4ebba858000f56cb3906ef56cc9b40a83f55167d",,"2026-03-03T15:30:00.000","30","NO CONTROLS","NO CONTROLS","CLEAR","DAYLIGHT","PARKED MOTOR VEHICLE","T-INTERSECTION",,"STRAIGHT AND LEVEL","DRY","NO DEFECTS",,"NO INJURY / DRIVE AWAY",,,,"$501 - $1,500","2026-03-03T15:33:00.000","UNABLE TO DETERMINE","UNABLE TO DETERMINE","3751","W","AGATITE AVE","1723",,,,,,,"2","NO INDICATION OF INJURY","0","0","0","0","0","6","0","15","3","3","41.9618113261","-87.7225290397","POINT (-87.722529039672 41.961811326127)"
"78dadd2d664301580b6c11f81bc6dfb3c35a19148daec63a4535e1fa10fc03f505e30f87c3cc72b0611b6f9fd9a6a47742a5f3d4b6f925e9e3cb9f074d1b60b0",,"2026-03-03T15:30:00.000","30","NO CONTROLS","NO CONTROLS","CLEAR","DAYLIGHT","SIDESWIPE SAME DIRECTION","NOT DIVIDED",,"STRAIGHT AND LEVEL","DRY","NO DEFECTS","ON SCENE","INJURY AND / OR TOW DUE TO CRASH",,,,"OVER $1,500","2026-03-03T15:30:00.000","UNABLE TO DETERMINE","UNABLE TO DETERMINE","5535","W","64TH ST","813",,,,,,,"2","NO INDICATION OF INJURY","0","0","0","0","0","2","0","15","3","3","41.7761533172","-87.7606235877","POINT (-87.760623587657 41.776153317185)"
"cd6e31cd6c307d7f3967528e60956c08b4df59bcc450e2c30c318f122068a40ab552dc881102dabe8219a9f1915847b83851e3a90a2388995593765e84c27651",,"2026-03-03T15:30:00.000","30","TRAFFIC SIGNAL","FUNCTIONING PROPERLY","CLEAR","DAYLIGHT","REAR END","TRAFFIC ROUTE",,"STRAIGHT AND LEVEL","DRY","NO DEFECTS","ON SCENE","NO INJURY / DRIVE AWAY",,,,"$501 - $1,500","2026-03-03T15:38:00.000","IMPROPER LANE USAGE","IMPROPER LANE USAGE","4700","S","CORNELL AVE","222",,,,,,,"2","NO INDICATION OF INJURY","0","0","0","0","0","2","0","15","3","3","41.8102195856","-87.5903019893","POINT (-87.590301989324 41.810219585589)"
"cf1ede6cbc58a490b708d3cce46ebca154c17d047f3cfd3a4055b7a0b51bbc27e4eaf0cb0a0d0ceeda059a2438f56448b8996ca056224281d7010167551cf493","Y","2026-03-03T15:30:00.000","30","UNKNOWN","UNKNOWN","UNKNOWN","UNKNOWN","PARKED MOTOR VEHICLE","ONE-WAY",,"STRAIGHT AND LEVEL","UNKNOWN","UNKNOWN","NOT ON SCENE (DESK REPORT)","NO INJURY / DRIVE AWAY",,,"Y","OVER $1,500","2026-03-03T16:02:00.000","UNABLE TO DETERMINE","UNABLE TO DETERMINE","7808","S","HALSTED ST","621",,,,,,,"2","NO INDICATION OF INJURY","0","0","0","0","0","1","0","15","3","3","41.7521368378","-87.6442289066","POINT (-87.644228906559 41.752136837768)"
"578a0dcfad55a00382959af99458a22c66a29554a14010e0b2f9df9fac8899800585910c4a0bd0279f3d512e12c456e641e25b95ee298df47eba0b3026a24950",,"2026-03-03T15:25:00.000","35","NO CONTROLS","NO CONTROLS","CLEAR","DAYLIGHT","REAR END","NOT DIVIDED",,"STRAIGHT AND LEVEL","DRY","NO DEFECTS","ON SCENE","NO INJURY / DRIVE AWAY",,,,"$500 OR LESS","2026-03-03T15:28:00.000","UNABLE TO DETERMINE","UNABLE TO DETERMINE","6460","W","DEVON AVE","1611",,"Y",,,,,"2","NO INDICATION OF INJURY","0","0","0","0","0","2","0","15","3","3","41.9974490753","-87.7897957604","POINT (-87.789795760395 41.997449075302)"
"a54b80b66fe2ca62afc89c466e67f279c14f47a80ce75375daf9c8c5af7be4116b45efc8d322abd356127734d12de5da4306afc83aa35daa7890211627473819",,"2026-03-03T15:15:00.000","30","NO CONTROLS","NO CONTROLS","CLEAR","DAYLIGHT","SIDESWIPE OPPOSITE DIRECTION","NOT DIVIDED",,"STRAIGHT AND LEVEL","DRY","NO DEFECTS","ON SCENE","NO INJURY / DRIVE AWAY",,,"Y","$500 OR LESS","2026-03-03T15:19:00.000","UNABLE TO DETERMINE","NOT APPLICABLE","3835","S","SACRAMENTO AVE","911",,,,,,,"2","NO INDICATION OF INJURY","0","0","0","0","0","2","0","15","3","3","41.8234934093","-87.6993791635","POINT (-87.699379163507 41.82349340934)"
"4cc54fc835f382c24b241103991ba012a9f0134db81205d5041f7be4e780f3c31856baeca6fde61fdd64ff69a6870a85ccd1e5216407c29ac4fc127f39a986c3",,"2026-03-03T15:13:00.000","30","STOP SIGN/FLASHER","FUNCTIONING PROPERLY","CLEAR","DAYLIGHT","ANGLE","NOT DIVIDED",,"STRAIGHT AND LEVEL","DRY","NO DEFECTS","ON SCENE","INJURY AND / OR TOW DUE TO CRASH",,,,"OVER $1,500","2026-03-03T15:15:00.000","FAILING TO YIELD RIGHT-OF-WAY","FAILING TO YIELD RIGHT-OF-WAY","3701","W","47TH ST","821",,,,,,,"2","NO INDICATION OF INJURY","0","0","0","0","0","3","0","15","3","3","41.8078535989","-87.7162884081","POINT (-87.716288408085 41.807853598853)"
"aa0d0f4dabfe8deb21105ae80b019a205b83927437f350605631d6e771f85cb2e42a3e10e90ee5f58edb1ee2555ccc4f27e49d18753b4877a399fe20ddb07122",,"2026-03-03T15:11:00.000","30","STOP SIGN/FLASHER","NO CONTROLS","UNKNOWN","UNKNOWN","ANGLE","UNKNOWN INTERSECTION TYPE",,"STRAIGHT ON GRADE","UNKNOWN","UNKNOWN","NOT ON SCENE (DESK REPORT)","NO INJURY / DRIVE AWAY","Y",,,"OVER $1,500","2026-03-03T16:00:00.000","DISREGARDING OTHER TRAFFIC SIGNS","FAILING TO YIELD RIGHT-OF-WAY","1232","W","81ST ST","612",,,,,,,"2","NO INDICATION OF INJURY","0","0","0","0","0","3","0","15","3","3","41.7469480363","-87.6549156158","POINT (-87.654915615823 41.746948036253)"
"187351272d37cc10ec512bb59404c112c29e2e20cb0f0b942e2ba001a901d64c16a80b9646b55cfb1913e26f25fc6cc7e3673236fb9cbc9f0f0041f68b423966",,"2026-03-03T15:10:00.000","30","UNKNOWN","UNKNOWN","UNKNOWN","UNKNOWN","PARKED MOTOR VEHICLE","NOT DIVIDED",,"STRAIGHT AND LEVEL","UNKNOWN","UNKNOWN","NOT ON SCENE (DESK REPORT)","NO INJURY / DRIVE AWAY",,,,"$500 OR LESS","2026-03-03T15:51:00.000","UNABLE TO DETERMINE","UNABLE TO DETERMINE","2805","W","DEVON AVE","2413",,,,,,,"2","NO INDICATION OF INJURY","0","0","0","0","0","2","0","15","3","3","41.9974471279","-87.6998681827","POINT (-87.699868182691 41.99744712792)"
"ad83eb66f264e36d4a0d796974c63d5713c17eb9d5daeba4441f5e5c79edf62c4e588bbbf90d69efb8777fea2fcbaf30e46714fcd71a6887f8f9283fe35e8f90",,"2026-03-03T15:10:00.000","30","NO CONTROLS","NO CONTROLS","CLEAR","DAYLIGHT","ANGLE","DIVIDED - W/MEDIAN (NOT RAISED)",,"STRAIGHT AND LEVEL","DRY","NO DEFECTS","NOT ON SCENE (DESK REPORT)","NO INJURY / DRIVE AWAY",,,,"OVER $1,500","2026-03-04T13:55:00.000","UNABLE TO DETERMINE","UNABLE TO DETERMINE","1610","W","PETERSON AVE","2433",,,,,,,"2","NO INDICATION OF INJURY","0","0","0","0","0","2","0","15","3","3","41.9909006343","-87.6705096967","POINT (-87.670509696671 41.990900634254)"
"92aed2b5bb932999ff09298e88bcdbba11236471f2d6af34be3ef98fe6b77f4dba248617a9b4395334cc3018c1526ce959765db5c71351b1824f051b89f3b98a",,"2026-03-03T15:05:00.000","30","TRAFFIC SIGNAL","FUNCTIONING IMPROPERLY","CLEAR","DAYLIGHT","TURNING","FOUR WAY",,"STRAIGHT AND LEVEL","UNKNOWN","UNKNOWN","ON SCENE","NO INJURY / DRIVE AWAY",,,,"OVER $1,500","2026-03-03T15:46:00.000","FAILING TO YIELD RIGHT-OF-WAY","NOT APPLICABLE","2044","N","CENTRAL AVE","2515",,,,,,,"2","NO INDICATION OF INJURY","0","0","0","0","0","2","0","15","3","3","41.9181166185","-87.765919745","POINT (-87.765919744984 41.91811661852)"
"04c257e6e79d010b49dd527293bb453ca6afb1a09ec878fb8a48b01abba0353bb4731352c3fdd819e92efa9786e369bced970028be1bcaa03007b80f4c5b5fbb",,"2026-03-03T15:00:00.000","30","STOP SIGN/FLASHER","FUNCTIONING PROPERLY","CLEAR","DAYLIGHT","REAR END","DIVIDED - W/MEDIAN (NOT RAISED)",,"STRAIGHT AND LEVEL","DRY","NO DEFECTS","NOT ON SCENE (DESK REPORT)","NO INJURY / DRIVE AWAY","Y",,"Y","$501 - $1,500","2026-03-03T15:45:00.000","UNABLE TO DETERMINE","NOT APPLICABLE","7199","S","LOOMIS BLVD","734",,,,,,,"2","NO INDICATION OF INJURY","0","0","0","0","0","2","0","15","3","3","41.7632120223","-87.6587751862","POINT (-87.658775186171 41.763212022261)"
"0a166b9e24eca77f60cd7e70266bac5c293c5ccfc4c6a32213ba4090c008bb8aee182532a23047459b4998c60c3bed7528f5cd615046b351c877873f517f11a6",,"2026-03-03T15:00:00.000","10","NO CONTROLS","NO CONTROLS","CLEAR","DAYLIGHT","PARKED MOTOR VEHICLE","PARKING LOT",,"STRAIGHT AND LEVEL","DRY","NO DEFECTS","NOT ON SCENE (DESK REPORT)","NO INJURY / DRIVE AWAY",,,,"OVER $1,500","2026-03-04T09:00:00.000","UNABLE TO DETERMINE","NOT APPLICABLE","2929","N","OAKLEY AVE","1931",,,,,,,"2","NO INDICATION OF INJURY","0","0","0","0","0","2","0","15","3","3","41.9349219659","-87.6853739404","POINT (-87.685373940447 41.934921965856)"
"e116e8376d77ab0ffc0ed5b8ce1470a7bc1588f1f28c68e4feb85dfa6c896dccd4c585b45f204778e916504e7c2973371409ba24be877c336ac3321ae1b36dbc","Y","2026-03-03T15:00:00.000","30","NO CONTROLS","NO CONTROLS","CLEAR","DAYLIGHT","PARKED MOTOR VEHICLE","DRIVEWAY",,"STRAIGHT AND LEVEL","DRY","UNKNOWN","ON SCENE","NO INJURY / DRIVE AWAY",,,,"$500 OR LESS","2026-03-04T07:26:00.000","IMPROPER BACKING","IMPROPER BACKING","6030","N","AVONDALE AVE","1612",,,,,,,"2","NO INDICATION OF INJURY","0","0","0","0","0","1","0","15","3","3","41.9909109106","-87.7984132769","POINT (-87.798413276943 41.990910910614)"
"1266974f37373d54098c38b982164d8f7a0351b3ff0c4b5a32cc448e7373e4f9135cf75b8ff14481d97d67f14694b4c0927ff21bca6d3de95ac2b1b551ff55a3",,"2026-03-03T14:50:00.000","25","NO CONTROLS","NO CONTROLS","CLEAR","DAYLIGHT","PARKED MOTOR VEHICLE","NOT DIVIDED",,"STRAIGHT AND LEVEL","DRY","NO DEFECTS","NOT ON SCENE (DESK REPORT)","NO INJURY / DRIVE AWAY",,,,"$501 - $1,500","2026-03-04T18:03:00.000","FAILING TO REDUCE SPEED TO AVOID CRASH","NOT APPLICABLE","6141","N","LEMONT AVE","1711",,,,,,,"2","NO INDICATION OF INJURY","0","0","0","0","0","1","0","14","3","3","41.9923029425","-87.7461351544","POINT (-87.746135154408 41.99230294247)"
"29d25a7b1100f6585d7b3ae5c5bd621df7e26839558999baf2cb64ea669870a8a809f3e18c1e7d330ecc0c39a41bad2d951dd15c1269d44f1f6e95887b1976f3",,"2026-03-03T14:50:00.000","30","TRAFFIC SIGNAL","FUNCTIONING PROPERLY","CLEAR","DAYLIGHT","REAR END","DIVIDED - W/MEDIAN (NOT RAISED)",,"STRAIGHT AND LEVEL","DRY","NO DEFECTS","NOT ON SCENE (DESK REPORT)","NO INJURY / DRIVE AWAY","Y",,,"$501 - $1,500","2026-03-03T16:10:00.000","FOLLOWING TOO CLOSELY","UNABLE TO DETERMINE","4801","W","PETERSON AVE","1621",,,,,,,"2","NO INDICATION OF INJURY","0","0","0","0","0","2","0","14","3","3","41.9897884888","-87.7483738445","POINT (-87.748373844489 41.989788488824)"
"3eb96a1d94ad0eddbd3908b14749c90097cfcf88719c09d984a6e24bfee632a4d916566ac0c139acc258413454060f90c3c14c3252113ed11d220c93c1123837",,"2026-03-03T14:42:00.000","20","NO CONTROLS","NO CONTROLS","UNKNOWN","UNKNOWN","SIDESWIPE OPPOSITE DIRECTION","ONE-WAY",,"STRAIGHT AND LEVEL","UNKNOWN","UNKNOWN","NOT ON SCENE (DESK REPORT)","NO INJURY / DRIVE AWAY",,,"Y","$501 - $1,500","2026-03-04T09:30:00.000","IMPROPER BACKING","NOT APPLICABLE","1501","E","83RD PL","412",,,,,,,"2","NO INDICATION OF INJURY","0","0","0","0","0","2","0","14","3","3","41.7431524491","-87.5878828647","POINT (-87.587882864698 41.743152449072)"
"c69dd3f95b97e3165ff27d1ce4cb564b552da8499d40efbb26ca91b256a09035f307144833a03a640a906d9d9dcd0a20c6f91ca6cced68386878f92aa6314608",,"2026-03-03T14:41:00.000","35","UNKNOWN","NO CONTROLS","CLEAR","DAYLIGHT","REAR END","NOT DIVIDED",,"STRAIGHT AND LEVEL","DRY","UNKNOWN","ON SCENE","INJURY AND / OR TOW DUE TO CRASH",,,"Y","OVER $1,500","2026-03-03T15:11:00.000","FOLLOWING TOO CLOSELY","NOT APPLICABLE","2938","W","DEVON AVE","2412",,,,,,,"2","NONINCAPACITATING INJURY","1","0","0","1","0","2","0","14","3","3","41.9976012808","-87.7036126719","POINT (-87.703612671945 41.997601280846)"
"d7d0400b6242f88e1b24b853eb4022d5390a79bf7ac48bb5576996431580935773129b857de4fb1ed2c0413c3b7b11d8bc49e76cd5a36a454197afd3fe66d3ff",,"2026-03-03T14:40:00.000","30","UNKNOWN","UNKNOWN","UNKNOWN","DAYLIGHT","PARKED MOTOR VEHICLE","PARKING LOT",,"STRAIGHT AND LEVEL","UNKNOWN","UNKNOWN","NOT ON SCENE (DESK REPORT)","NO INJURY / DRIVE AWAY",,,"Y","OVER $1,500","2026-03-04T17:45:00.000","UNABLE TO DETERMINE","UNABLE TO DETERMINE","4552","N","MAGNOLIA AVE","1913",,,,,,,"2","NO INDICATION OF INJURY","0","0","0","0","0","1","0","14","3","3","41.9650839645","-87.6611609518","POINT (-87.661160951807 41.965083964484)"
"26583f9ad9db4581a5c1fe5b39ecd8c827014adef16798ddd9cc1a602c93858a438fa791cfda2ced05fc5e65c18ebb42a08216fb497ba463bfa3455bab40889a",,"2026-03-03T14:35:00.000","30","STOP SIGN/FLASHER","FUNCTIONING PROPERLY","CLEAR","DAYLIGHT","REAR END","ONE-WAY",,"STRAIGHT AND LEVEL","DRY","NO DEFECTS","NOT ON SCENE (DESK REPORT)","NO INJURY / DRIVE AWAY",,,"Y","OVER $1,500","2026-03-03T15:35:00.000","FOLLOWING TOO CLOSELY","FOLLOWING TOO CLOSELY","118","N","ABERDEEN ST","1224",,,,,,,"2","NO INDICATION OF INJURY","0","0","0","0","0","2","0","14","3","3","41.8835955559","-87.6545620565","POINT (-87.654562056531 41.883595555897)"
"37ba7555491ac3d9d29ce55feed40d47b780a7f6806d38a387eb4fd8ed4e8588f8dfdc0f74a3a90fd9c5a1e20ba84d278cdd252fb176ff227abada36bd1dd318",,"2026-03-03T14:33:00.000","30","NO CONTROLS","NO CONTROLS","CLEAR","DAYLIGHT","SIDESWIPE OPPOSITE DIRECTION","NOT DIVIDED",,"STRAIGHT AND LEVEL","DRY","NO DEFECTS","ON SCENE","NO INJURY / DRIVE AWAY",,,"Y","$500 OR LESS","2026-03-03T15:47:00.000","IMPROPER OVERTAKING/PASSING","IMPROPER OVERTAKING/PASSING","2753","W","BELMONT AVE","1411",,,,,,,"2","NO INDICATION OF INJURY","0","0","0","0","0","3","0","14","3","3","41.939285758","-87.6972641792","POINT (-87.697264179155 41.939285757999)"
"ae81aed2aa0522230fc4f1c25f0c874f6ca5c0c0b736a8443fbccdf81eeb4b9fd7a02aba45f46faf91e71b9d5853ecca20cac036ae9fe9ca3301679f80628097",,"2026-03-03T14:30:00.000","35","STOP SIGN/FLASHER","NO CONTROLS","CLEAR","DAYLIGHT","TURNING","NOT DIVIDED",,"STRAIGHT AND LEVEL","DRY","NO DEFECTS","ON SCENE","INJURY AND / OR TOW DUE TO CRASH","Y",,,"OVER $1,500","2026-03-03T14:40:00.000","NOT APPLICABLE","NOT APPLICABLE","4561","N","MILWAUKEE AVE","1623",,,,,,,"2","NO INDICATION OF INJURY","0","0","0","0","0","2","0","14","3","3","41.964029146","-87.7572470785","POINT (-87.757247078475 41.964029145996)"
"e1d781130cc231fcebbb4fded94870a323fcaaee3229437e43a5590419dfb65c81f0709e94875c672af884badb08571986d929f80cd94a50f1262f6add1be5d2",,"2026-03-03T14:30:00.000","30","STOP SIGN/FLASHER","FUNCTIONING PROPERLY","CLOUDY/OVERCAST","DAYLIGHT","REAR TO FRONT","ONE-WAY",,"STRAIGHT AND LEVEL","DRY","NO DEFECTS","NOT ON SCENE (DESK REPORT)","NO INJURY / DRIVE AWAY",,,,"OVER $1,500","2026-03-03T16:30:00.000","UNABLE TO DETERMINE","UNABLE TO DETERMINE","2755","N","LINDER AVE","2514",,,,,,,"2","NO INDICATION OF INJURY","0","0","0","0","0","2","0","14","3","3","41.9311501004","-87.7636370752","POINT (-87.763637075184 41.931150100368)"
"aaaf0ec53d5bbe23a8cce5ed82c6e2551c19015b043eeb68abe5bf8eb1635b7c491ccce3fff57ceebfb6bdc53dd21f1523bb0dd283d01caa30d6c8a42e3e4ce3",,"2026-03-03T14:15:00.000","30","STOP SIGN/FLASHER","FUNCTIONING PROPERLY","CLEAR","DAYLIGHT","TURNING","T-INTERSECTION",,"STRAIGHT AND LEVEL","DRY","NO DEFECTS","ON SCENE","INJURY AND / OR TOW DUE TO CRASH","Y",,,"OVER $1,500","2026-03-03T14:43:00.000","FAILING TO YIELD RIGHT-OF-WAY","UNABLE TO DETERMINE","1600","W","BEACH AVE","1433",,,,,,,"2","NO INDICATION OF INJURY","0","0","0","0","0","3","0","14","3","3","41.9077134542","-87.6677300667","POINT (-87.667730066745 41.907713454189)"
"bdcd642c62119e706502870c0d9de92cf398641f9b755ec5688b4e90b9d9bd72ab4b2d583410ddb36264b81713018188a7d4092f28fe08853037847f4a4716e7",,"2026-03-03T14:00:00.000","35","NO CONTROLS","NO CONTROLS","CLEAR","DAYLIGHT","PARKED MOTOR VEHICLE","NOT DIVIDED",,"STRAIGHT AND LEVEL","DRY","NO DEFECTS","ON SCENE","NO INJURY / DRIVE AWAY",,,"N","OVER $1,500","2026-03-03T15:09:00.000","UNABLE TO DETERMINE","UNABLE TO DETERMINE","850","W","LAWRENCE AVE","2024",,,,,,,"2","NO INDICATION OF INJURY","0","0","0","0","0","2","0","14","3","3","41.9692345074","-87.6521198247","POINT (-87.652119824734 41.969234507421)"
"30eb7d292d1c5ef098769344049d5232a48adc6d91eb691eca71dab4f0be5754381129e34fb60171460da34d1dc21cb9a0bb22c02f5c7d36d4e657af6f0f1116","Y","2026-03-03T13:46:00.000","30","TRAFFIC SIGNAL","FUNCTIONING PROPERLY","CLEAR","DAYLIGHT","PEDESTRIAN","NOT DIVIDED",,"STRAIGHT AND LEVEL","DRY","NO DEFECTS","ON SCENE","INJURY AND / OR TOW DUE TO CRASH",,,,"$500 OR LESS","2026-03-03T13:47:00.000","DRIVING SKILLS/KNOWLEDGE/EXPERIENCE","UNABLE TO DETERMINE","2598","W","CERMAK RD","1023",,,,,,,"2","NONINCAPACITATING INJURY","1","0","0","1","0","1","0","13","3","3","41.8520817279","-87.6904130529","POINT (-87.690413052881 41.852081727919)"
"302b18b0ef79d852783a76789c9b8cd484932597042be3848e3ee120993be08992c1ad02e770ce9b60320ecaf2acab9d9040fd3cc6e7f3007fb103dbde1e1601",,"2026-03-03T13:45:00.000","35","NO CONTROLS","NO CONTROLS","CLEAR","DAYLIGHT","OTHER OBJECT","OTHER",,"STRAIGHT AND LEVEL","DRY","NO DEFECTS","NOT ON SCENE (DESK REPORT)","INJURY AND / OR TOW DUE TO CRASH",,,,"$501 - $1,500","2026-03-05T12:45:00.000","NOT APPLICABLE","NOT APPLICABLE","5600","N","EAST RIVER RD","1614",,,,,,,"1","NO INDICATION OF INJURY","0","0","0","0","0","1","0","13","3","3","41.9810872621","-87.8465814314","POINT (-87.846581431391 41.981087262071)"
"d7a63aed9377e2dcf35efb6faeeb9563cd1af247a549fcc2299304d7b8732c0fcf576271397cd97fee29448825a9a7b00933c17e1af0c46a4065f762564b425a",,"2026-03-03T13:45:00.000","10","NO CONTROLS","NO CONTROLS","CLEAR","DAYLIGHT","REAR END","PARKING LOT",,"STRAIGHT AND LEVEL","DRY","NO DEFECTS","NOT ON SCENE (DESK REPORT)","INJURY AND / OR TOW DUE TO CRASH",,,,"$501 - $1,500","2026-03-03T14:00:00.000","UNABLE TO DETERMINE","NOT APPLICABLE","6646","S","HALSTED ST","723",,,,,,,"2","REPORTED, NOT EVIDENT","2","0","0","0","2","1","0","13","3","3","41.7728706346","-87.6447537839","POINT (-87.644753783889 41.772870634607)"
"5d4657511865ddcd85dd01a0ad5c6ab2c8a43ca8604c53e717a53b36fc6329b9dcaf443c9f6517cd7c151d248587d6fb8880d983c92ceffdcf83b2e431c02547",,"2026-03-03T13:30:00.000","30","NO CONTROLS","NO CONTROLS","CLEAR","DAYLIGHT","REAR END","NOT DIVIDED",,"STRAIGHT AND LEVEL","DRY","NO DEFECTS","NOT ON SCENE (DESK REPORT)","NO INJURY / DRIVE AWAY","Y",,,"OVER $1,500","2026-03-03T14:00:00.000","FOLLOWING TOO CLOSELY","NOT APPLICABLE","3280","W","FULLERTON AVE","1413",,,,,,,"2","NO INDICATION OF INJURY","0","0","0","0","0","4","0","13","3","3","41.924786071","-87.7107439543","POINT (-87.710743954298 41.92478607099)"
"e98bb9a07233027fc0b06602cbd58095350d292c3c18ff339ad662b3efb12832d03c5ce09c7bdeb320980b24911e944e23232739b06fe3f8a9992740df18eb41",,"2026-03-03T13:28:00.000","10","NO CONTROLS","NO CONTROLS","CLEAR","DAYLIGHT","PARKED MOTOR VEHICLE","PARKING LOT",,"STRAIGHT AND LEVEL","DRY","UNKNOWN","NOT ON SCENE (DESK REPORT)","NO INJURY / DRIVE AWAY",,"Y","Y","OVER $1,500","2026-03-03T14:48:00.000","UNABLE TO DETERMINE","UNABLE TO DETERMINE","6014","S","COTTAGE GROVE AVE","313",,,,,,,"2","NO INDICATION OF INJURY","0","0","0","0","0","1","0","13","3","3","41.785387445","-87.606183761","POINT (-87.606183761008 41.785387444959)"
"a00e62523b72984680523adaea808ee02202c4f45198fca91f217e0ada16d9429ab3cc7fd90d248804e4d69075997bd2d3747b068c3e1fad153cf1cdc647c3f3",,"2026-03-03T13:12:00.000","20","TRAFFIC SIGNAL","FUNCTIONING PROPERLY","CLEAR","DAYLIGHT","REAR END","NOT DIVIDED",,"STRAIGHT AND LEVEL","DRY","NO DEFECTS","NOT ON SCENE (DESK REPORT)","NO INJURY / DRIVE AWAY","Y",,"Y","OVER $1,500","2026-03-03T18:20:00.000","UNABLE TO DETERMINE","UNABLE TO DETERMINE","1101","W","ROOSEVELT RD","1232",,,,,,,"2","NO INDICATION OF INJURY","0","0","0","0","0","3","0","13","3","3","41.8669235347","-87.6544196859","POINT (-87.65441968592 41.866923534725)"
"96a48d9609083b63ea513930fc7b478b56a846b64aa4132faa4cc72963a45101feece95fd932f87d91694f0befb1f4b10add8e61f8f249616a7438c1c0698102",,"2026-03-03T13:10:00.000","30","NO CONTROLS","NO CONTROLS","CLEAR","DAYLIGHT","REAR END","PARKING LOT",,"STRAIGHT AND LEVEL","DRY","NO DEFECTS","NOT ON SCENE (DESK REPORT)","NO INJURY / DRIVE AWAY",,,"Y","OVER $1,500","2026-03-03T21:15:00.000","IMPROPER BACKING","NOT APPLICABLE","5421","N","EAST RIVER RD","1614",,,,,,,"2","NO INDICATION OF INJURY","0","0","0","0","0","2","0","13","3","3","41.9776056715","-87.8463210797","POINT (-87.846321079691 41.977605671534)"
"a8e9bfd71629ceada51ef453bf8cc4f14484b419ac6ca6388bc2b6bee446f234389bc30761318b4f7f3acf7e4f601762179a851f20a9674c5cf25dc7e5f15aa6",,"2026-03-03T13:10:00.000","30","TRAFFIC SIGNAL","FUNCTIONING PROPERLY","CLEAR","DAYLIGHT","TURNING","ONE-WAY",,"STRAIGHT AND LEVEL","DRY","NO DEFECTS","NOT ON SCENE (DESK REPORT)","NO INJURY / DRIVE AWAY","Y",,"Y","OVER $1,500","2026-03-03T13:25:00.000","UNABLE TO DETERMINE","UNABLE TO DETERMINE","3200","W","LAWRENCE AVE","1713",,,,,,,"2","NO INDICATION OF INJURY","0","0","0","0","0","2","0","13","3","3","41.9685605606","-87.7085363745","POINT (-87.708536374456 41.968560560641)"