"crash_record_id","crash_date_est_i","crash_date","posted_speed_limit","traffic_control_device","device_condition","weather_condition","lighting_condition","first_crash_type","trafficway_type","lane_cnt","alignment","roadway_surface_cond","road_defect","report_type","crash_type","intersection_related_i","private_property_i","hit_and_run_i","damage","date_police_notified","prim_contributory_cause","sec_contributory_cause","street_no","street_direction","street_name","beat_of_occurrence","photos_taken_i","statements_taken_i","dooring_i","work_zone_i","work_zone_type","workers_present_i","num_units","most_severe_injury","injuries_total","injuries_fatal","injuries_incapacitating","injuries_non_incapacitating","injuries_reported_not_evident","injuries_no_indication","injuries_unknown","crash_hour","crash_day_of_week","crash_month","latitude","longitude","location"
"304620343e470507dab4fcb5b0560ecf8b878e1fd24180c82918bbae42407c3386cd8fa04467d540286dee89ea34913d14ffdcf372e2b903c65a38bb5f874db4",,"2026-03-03T13:07:00.000","30","NO CONTROLS","NO CONTROLS","CLEAR","DAYLIGHT","REAR TO FRONT","DIVIDED - W/MEDIAN (NOT RAISED)",,"STRAIGHT AND LEVEL","DRY","NO DEFECTS","ON SCENE","INJURY AND / OR TOW DUE TO CRASH",,,,"OVER $1,500","2026-03-03T13:20:00.000","IMPROPER BACKING","UNABLE TO DETERMINE","1317","N","WESTERN AVE","1424",,,,,,,"2","NONINCAPACITATING INJURY","1","0","0","1","0","2","0","13","3","3","41.9053885538","-87.6869434036","POINT (-87.686943403595 41.90538855379)"
"ea29315901e53853084f987b776b2f917f65d89fee3c8bce0f002877567233fae3201e9404b03eba4a31ea43f45281f6c08795f24103adb90cf1b2cb6f3f9c33",,"2026-03-03T13:00:00.000","30","NO CONTROLS","NO CONTROLS","CLEAR","DAYLIGHT","SIDESWIPE SAME DIRECTION","ONE-WAY",,"STRAIGHT AND LEVEL","DRY","NO DEFECTS","NOT ON SCENE (DESK REPORT)","NO INJURY / DRIVE AWAY",,,,"$501 - $1,500","2026-03-04T11:30:00.000","IMPROPER LANE USAGE","IMPROPER LANE USAGE","201","E","ERIE ST","1834",,,,,,,"2","NO INDICATION OF INJURY","0","0","0","0","0","2","0","13","3","3","41.8940440697","-87.6226160385","POINT (-87.622616038493 41.894044069693)"
"0e17a0bab0b7a5f7f48fb586a0f5dac695ef272e702b650b67fc83c28b43d75659c94affd557e85ad3acdca9d1055f95a2fc80cb25b0a8fd586cf23b97d2e306",,"2026-03-03T12:57:00.000","10","NO CONTROLS","UNKNOWN","UNKNOWN","DAYLIGHT","OTHER OBJECT","ALLEY",,"STRAIGHT AND LEVEL","UNKNOWN","UNKNOWN","ON SCENE","NO INJURY / DRIVE AWAY",,,,"OVER $1,500","2026-03-03T12:58:00.000","UNABLE TO DETERMINE","UNABLE TO DETERMINE","7146","W","DIVERSEY AVE","2511",,,,,,,"1","NO INDICATION OF INJURY","0","0","0","0","0","1","0","12","3","3","41.9308726678","-87.8055815653","POINT (-87.805581565275 41.930872667848)"
"eaf35fd6011942ecedeb045a6a8386ec5b5b68a90ae4e60189c971222a301aceda6fcb4e0c0f42986574567e230f0716e83483a0e0e002c3f4399f1f6e2c513d",,"2026-03-03T12:51:00.000","30","TRAFFIC SIGNAL","FUNCTIONING PROPERLY","CLEAR","DAYLIGHT","TURNING","CENTER TURN LANE",,"STRAIGHT AND LEVEL","DRY","NO DEFECTS","NOT ON SCENE (DESK REPORT)","NO INJURY / DRIVE AWAY",,,,"OVER $1,500","2026-03-03T14:15:00.000","IMPROPER TURNING/NO SIGNAL","DRIVING SKILLS/KNOWLEDGE/EXPERIENCE","620","W","TAYLOR ST","124",,,,,,,"3","NO INDICATION OF INJURY","0","0","0","0","0","5","0","12","3","3","41.8698158831","-87.6431258024","POINT (-87.643125802425 41.869815883065)"
"6a64b3800fe0aba138d71b0cbdfe989caa2ba4513a9a3dc1c3a3c4f3cab42ef451ab62697c9731f637e878f4a254ca691f9d1ff0552be91b09a8acbab2f97ed1",,"2026-03-03T12:50:00.000","30","TRAFFIC SIGNAL","FUNCTIONING PROPERLY","CLEAR","DAYLIGHT","PEDESTRIAN","NOT DIVIDED",,"STRAIGHT AND LEVEL","DRY","NO DEFECTS","ON SCENE","INJURY AND / OR TOW DUE TO CRASH",,,"Y","OVER $1,500","2026-03-03T12:55:00.000","UNABLE TO DETERMINE","UNABLE TO DETERMINE","6101","S","KEDZIE AVE","823",,,,,,,"2","INCAPACITATING INJURY","2","0","1","1","0","0","0","12","3","3","41.7825673899","-87.703096673","POINT (-87.703096673031 41.782567389854)"
"56b7c9bcffb7dff0c591112a199e33335f331e649db09dbc91df5b49c7771fa47dc69ca2fc9dd57093647790802305946be063d258127e039302dade909c2b60",,"2026-03-03T12:40:00.000","30","NO CONTROLS","NO CONTROLS","CLEAR","DAYLIGHT","PARKED MOTOR VEHICLE","PARKING LOT",,"STRAIGHT AND LEVEL","DRY","NO DEFECTS","NOT ON SCENE (DESK REPORT)","NO INJURY / DRIVE AWAY",,,,"OVER $1,500","2026-03-03T13:00:00.000","IMPROPER OVERTAKING/PASSING","IMPROPER OVERTAKING/PASSING","3252","W","31ST ST","1032",,,,,,,"2","NO INDICATION OF INJURY","0","0","0","0","0","2","0","12","3","3","41.8372991408","-87.7069288393","POINT (-87.706928839342 41.837299140755)"
"df9d3a41f2990d72f0809ef3630bdba25aa07d74950e2242d95115882b07acbe0d9a202ff100a954fa37943e807502cdcb1777dae1cd6e52e96d757991872c25",,"2026-03-03T12:35:00.000","25","STOP SIGN/FLASHER","FUNCTIONING PROPERLY","CLEAR","DAYLIGHT","SIDESWIPE SAME DIRECTION","ONE-WAY",,"STRAIGHT AND LEVEL","DRY","NO DEFECTS",,"NO INJURY / DRIVE AWAY","Y",,,"OVER $1,500","2026-03-06T12:05:00.000","IMPROPER OVERTAKING/PASSING","DRIVING SKILLS/KNOWLEDGE/EXPERIENCE","1202","N","WALLER AVE","2531",,,,,,,"2","NO INDICATION OF INJURY","0","0","0","0","0","3","0","12","3","3","41.9022507378","-87.7682349146","POINT (-87.768234914631 41.902250737783)"
"9b5503081245fcc08be935f5c71df201c3aacf0dd0e6b789477a7f90f7d2783879a4566647fdf1e502708e525235119ba8ab84875f55e554717752232f573d78",,"2026-03-03T12:30:00.000","15","NO CONTROLS","NO CONTROLS","CLEAR","DAYLIGHT","REAR TO REAR","ONE-WAY",,"STRAIGHT AND LEVEL","DRY","NO DEFECTS","ON SCENE","NO INJURY / DRIVE AWAY",,,,"$500 OR LESS","2026-03-03T12:40:00.000","IMPROPER BACKING","NOT APPLICABLE","10255","W","ZEMKE RD","1654",,,,,,,"2","NO INDICATION OF INJURY","0","0","0","0","0","2","0","12","3","3","41.9947933861","-87.8827076595","POINT (-87.882707659516 41.994793386112)"
"625c8f8336538fa2b2300a6ae74f5fc86a927f465c5581b08345dd4eef98a7454249206f1503190b80e11aeb9e1995600530d2621203f210558af77d0cffd898",,"2026-03-03T12:26:00.000","30","NO CONTROLS","NO CONTROLS","CLEAR","DAYLIGHT","TURNING","NOT DIVIDED",,"STRAIGHT AND LEVEL","DRY","UNKNOWN","ON SCENE","NO INJURY / DRIVE AWAY",,,,"OVER $1,500","2026-03-03T12:28:00.000","NOT APPLICABLE","NOT APPLICABLE","3925","W","103RD ST","2211",,,,,,,"2","NO INDICATION OF INJURY","0","0","0","0","0","2","0","12","3","3","41.7058044025","-87.7195262252","POINT (-87.719526225202 41.705804402538)"
"260c7e3b5f60425374c0766b499c002e22a7dcc67f31b0fcfa8e02b10068e7dfcbb39cad4db83b6aaaf252cdb7035b9502bdeeaad068755f5f0639e2d780c8f6",,"2026-03-03T12:20:00.000","30","NO CONTROLS","NO CONTROLS","CLEAR","DAYLIGHT","ANGLE","NOT DIVIDED",,"STRAIGHT AND LEVEL","DRY","NO DEFECTS","NOT ON SCENE (DESK REPORT)","NO INJURY / DRIVE AWAY",,,,"$501 - $1,500","2026-03-03T15:30:00.000","FAILING TO YIELD RIGHT-OF-WAY","FAILING TO YIELD RIGHT-OF-WAY","6783","N","NORTHWEST HWY","1611",,,,,,,"2","NO INDICATION OF INJURY","0","0","0","0","0","2","0","12","3","3","42.0043992612","-87.8184857554","POINT (-87.818485755394 42.004399261223)"
"8b4a89469ddb61ac15b3ebadca35ac5f3c0cdb40882ce5caed0683c65c21d201cffe874632b65ef66a581bf767b4e1ed8e745e056444bae7138e122900601416",,"2026-03-03T12:20:00.000","30","NO CONTROLS","NO CONTROLS","CLOUDY/OVERCAST","DAYLIGHT","SIDESWIPE SAME DIRECTION","ONE-WAY",,"STRAIGHT AND LEVEL","UNKNOWN","UNKNOWN","NOT ON SCENE (DESK REPORT)","NO INJURY / DRIVE AWAY",,,,"OVER $1,500","2026-03-03T15:25:00.000","IMPROPER OVERTAKING/PASSING","FAILING TO REDUCE SPEED TO AVOID CRASH","875","N","MIES VAN DER ROHE WAY","1833",,,,,,,"2","NO INDICATION OF INJURY","0","0","0","0","0","2","0","12","3","3","41.899002091","-87.6217181842","POINT (-87.621718184232 41.899002090962)"
"9679f00d7b5f0e2479e9deabae4617d64f53a5a80abdd4658e1e66d4e6d6a8eef243174b3a7883c1d491a2d360a74519d96e599366f3f54450d735258b42bb32",,"2026-03-03T12:20:00.000","30","UNKNOWN","UNKNOWN","UNKNOWN","DAYLIGHT","PARKED MOTOR VEHICLE","ONE-WAY",,"STRAIGHT AND LEVEL","DRY","UNKNOWN","NOT ON SCENE (DESK REPORT)","NO INJURY / DRIVE AWAY",,,,"OVER $1,500","2026-03-03T15:39:00.000","NOT APPLICABLE","NOT APPLICABLE","876","N","MIES VAN DER ROHE WAY","1833","Y",,,,,,"2","NO INDICATION OF INJURY","0","0","0","0","0","1","0","12","3","3","41.8990655324","-87.6220136368","POINT (-87.622013636813 41.899065532377)"
"25b2b59429fd6544f100198d688c604cfb2a9ad4e1f5b4501bd54c2d5bb2eb24dd9e304fb1485ec3e0350a28ceabd788ce1ba98a2003e69f04522a94d883dc4d",,"2026-03-03T12:15:00.000","35","TRAFFIC SIGNAL","FUNCTIONING PROPERLY","CLEAR","DAYLIGHT","TURNING","NOT DIVIDED",,"STRAIGHT AND LEVEL","DRY","NO DEFECTS","ON SCENE","INJURY AND / OR TOW DUE TO CRASH","Y",,,"OVER $1,500","2026-03-03T12:18:00.000","DISREGARDING TRAFFIC SIGNALS","NOT APPLICABLE","4100","N","CICERO AVE","1624",,,,,,,"2","NO INDICATION OF INJURY","0","0","0","0","0","3","0","12","3","3","41.9552502833","-87.7475016045","POINT (-87.747501604523 41.955250283297)"
"bcb1660be353f670ccac2794b436926998ac90ea29da26eb9001a3a72b97e2c782e67af1b76f44939200233050328f719cc52fcfc42d7646cd2aea03201e9f9d",,"2026-03-03T12:15:00.000","10","NO CONTROLS","NO CONTROLS","CLEAR","DAYLIGHT","OTHER OBJECT","OTHER",,"STRAIGHT AND LEVEL","DRY","NO DEFECTS","ON SCENE","NO INJURY / DRIVE AWAY",,,,"OVER $1,500","2026-03-03T12:34:00.000","UNABLE TO DETERMINE","UNABLE TO DETERMINE","3901","W","63RD ST","823",,,,,,,"2","NO INDICATION OF INJURY","0","0","0","0","0","2","0","12","3","3","41.778584029","-87.7204274783","POINT (-87.720427478295 41.77858402896)"
"ea6fc997901892d2d329fae242259f251540f1df11088d3fcaf705e02b80965c2004181199498658f3778bcd96841fd897012148936be6b6798ffe9b270a9a65","Y","2026-03-03T12:05:00.000","30","NO CONTROLS","NO CONTROLS","CLEAR","DAYLIGHT","SIDESWIPE SAME DIRECTION","NOT DIVIDED",,"STRAIGHT AND LEVEL","DRY","UNKNOWN","NOT ON SCENE (DESK REPORT)","NO INJURY / DRIVE AWAY",,,"Y","OVER $1,500","2026-03-03T14:40:00.000","IMPROPER OVERTAKING/PASSING","NOT APPLICABLE","3350","W","DIVERSEY AVE","1412",,,,,,,"2","NO INDICATION OF INJURY","0","0","0","0","0","2","0","12","3","3","41.9320909651","-87.7120147389","POINT (-87.712014738929 41.932090965142)"
"0be21b9c1d7391eb68978f6ec1e9049802ae3a1647f3af158b0a1efcf3cffbbaec77707b209b487e66194141d5e90a59d8e2504d6d8bf3bc996618f96358f268",,"2026-03-03T12:01:00.000","30","UNKNOWN","UNKNOWN","UNKNOWN","UNKNOWN","ANGLE","UNKNOWN INTERSECTION TYPE",,"STRAIGHT AND LEVEL","UNKNOWN","UNKNOWN","NOT ON SCENE (DESK REPORT)","INJURY AND / OR TOW DUE TO CRASH","Y",,,"OVER $1,500","2026-03-03T12:20:00.000","UNABLE TO DETERMINE","NOT APPLICABLE","800","W","ALDINE AVE","1924",,,,,,,"2","REPORTED, NOT EVIDENT","1","0","0","0","1","1","0","12","3","3","41.9419049343","-87.6494181626","POINT (-87.649418162633 41.941904934314)"
"765530a1282d98a491f0df8b6b37cf3767b1302ed1ff4f4a9b6383a17da6f403b3ffb2dbab673d416c11433e6835920d0b0f7c69183d75b15d06fae2bbc6e8c7","Y","2026-03-03T12:00:00.000","20","NO CONTROLS","NO CONTROLS","UNKNOWN","UNKNOWN","PARKED MOTOR VEHICLE","NOT DIVIDED",,"STRAIGHT AND LEVEL","UNKNOWN","UNKNOWN","NOT ON SCENE (DESK REPORT)","NO INJURY / DRIVE AWAY",,,"Y","OVER $1,500","2026-03-03T17:20:00.000","UNABLE TO DETERMINE","NOT APPLICABLE","1124","W","EDDY ST","1924",,,,,,,"2","NO INDICATION OF INJURY","0","0","0","0","0","1","0","12","3","3","41.9463704465","-87.6569218981","POINT (-87.656921898128 41.946370446547)"
"a5d6f078a60de46c2a1b28d04964d79f3a8c32c0290710f72b86f6aa82c9a131027cfd41ac22da122e429c0ee27fb1ca39bca5fa9d74343309cc1728cb08706a","Y","2026-03-03T12:00:00.000","30","NO CONTROLS","NO CONTROLS","CLEAR","DAYLIGHT","PARKED MOTOR VEHICLE","NOT DIVIDED",,"STRAIGHT AND LEVEL","DRY","NO DEFECTS","NOT ON SCENE (DESK REPORT)","INJURY AND / OR TOW DUE TO CRASH",,,"Y","$501 - $1,500","2026-03-03T15:15:00.000","IMPROPER OVERTAKING/PASSING","UNABLE TO DETERMINE","5056","W","WINNEMAC AVE","1623",,,,,,,"2","NO INDICATION OF INJURY","0","0","0","0","0","1","0","12","3","3","41.9726172709","-87.7550064327","POINT (-87.755006432686 41.972617270946)"
"cfb8964abff8730062014139abf48077449fa56c27dbeac3011406f551626e35ccd78af8c4d1a07086e6a53173d828a555a084283d4f95bd81356aed3f4fe7d6",,"2026-03-03T12:00:00.000","30","NO CONTROLS","NO CONTROLS","CLEAR","DAYLIGHT","REAR END","NOT DIVIDED",,"STRAIGHT AND LEVEL","DRY","NO DEFECTS","NOT ON SCENE (DESK REPORT)","NO INJURY / DRIVE AWAY",,,,"OVER $1,500","2026-03-03T19:10:00.000","FAILING TO YIELD RIGHT-OF-WAY","NOT APPLICABLE","151","E","CHICAGO AVE","1833",,,,,,,"2","NO INDICATION OF INJURY","0","0","0","0","0","2","0","12","3","3","41.8966347473","-87.6235455303","POINT (-87.623545530338 41.896634747261)"
"3096456417ad90784cd0c2b6f98a1120f578066f63947aa2000a16cd883f4a40b40c3e7f9368cfda8fcd832d5fcb3b89f6bdcd8a01e67e62f696917a4e7bee5d",,"2026-03-03T11:59:00.000","30","TRAFFIC SIGNAL","FUNCTIONING PROPERLY","CLOUDY/OVERCAST","DAYLIGHT","REAR END","CENTER TURN LANE",,"STRAIGHT AND LEVEL","DRY","NO DEFECTS","ON SCENE","NO INJURY / DRIVE AWAY",,,,"OVER $1,500","2026-03-03T11:59:00.000","IMPROPER OVERTAKING/PASSING","FOLLOWING TOO CLOSELY","356","N","CICERO AVE","1532",,"Y",,,,,"2","NO INDICATION OF INJURY","0","0","0","0","0","2","0","11","3","3","41.8868512629","-87.7456535196","POINT (-87.745653519601 41.886851262919)"
"b721d56cf66db8a1442f1f709e3d98dee676b4988869cc0dbd5f97015c76be30ca12b9090b89e67451fefff6d5ee72872f66672ac19a0c2c04adcf13ed5f22e0",,"2026-03-03T11:40:00.000","30","NO CONTROLS","NO CONTROLS","CLEAR","DAYLIGHT","PARKED MOTOR VEHICLE","NOT DIVIDED",,"STRAIGHT AND LEVEL","DRY","NO DEFECTS","NOT ON SCENE (DESK REPORT)","NO INJURY / DRIVE AWAY",,,,"OVER $1,500","2026-03-03T12:30:00.000","IMPROPER LANE USAGE","FAILING TO REDUCE SPEED TO AVOID CRASH","2350","N","LINCOLN AVE","1812",,,,,,,"2","NO INDICATION OF INJURY","0","0","0","0","0","1","0","11","3","3","41.9246990999","-87.6479290249","POINT (-87.64792902485 41.924699099903)"
"407c04dad7620aebe951f7432cd1d7e1a854d6ccdefb778cba3ddb4ca92a72d5f7c0dabaad6ea0ce92d24cdcfa78c57f7f474172a47ca7a256f52c5b1285d1cb",,"2026-03-03T11:30:00.000","30","TRAFFIC SIGNAL","NO CONTROLS","CLEAR","DAYLIGHT","REAR END","NOT DIVIDED",,"STRAIGHT AND LEVEL","DRY","NO DEFECTS","NOT ON SCENE (DESK REPORT)","NO INJURY / DRIVE AWAY",,,,"$501 - $1,500","2026-03-03T12:00:00.000","DISTRACTION - FROM INSIDE VEHICLE","FOLLOWING TOO CLOSELY","7049","S","DAMEN AVE","735",,,,,,,"2","NO INDICATION OF INJURY","0","0","0","0","0","3","0","11","3","3","41.7651466362","-87.6733950273","POINT (-87.673395027321 41.765146636195)"
"ad181fe1506eebdc76c3c8b720a3bf11eb0d71601bf8aa1abc16855c5559cd78240e3309722c072b2a1a9b622eed3889027f66cde1912c1c5712a2616fd158b1",,"2026-03-03T11:30:00.000","30","NO CONTROLS","NO CONTROLS","CLEAR","DAYLIGHT","SIDESWIPE SAME DIRECTION","NOT DIVIDED",,"STRAIGHT AND LEVEL","DRY","NO DEFECTS","NOT ON SCENE (DESK REPORT)","NO INJURY / DRIVE AWAY",,,,"OVER $1,500","2026-03-03T16:25:00.000","IMPROPER OVERTAKING/PASSING","IMPROPER OVERTAKING/PASSING","728","N","DEARBORN ST","1832",,,,,,,"2","NO INDICATION OF INJURY","0","0","0","0","0","2","0","11","3","3","41.8957045313","-87.6299024203","POINT (-87.629902420333 41.895704531328)"
"a5cbb7c78fdbfe048e27c9796e07476c5128777ef84ef2bf1a3976f71ac11de2c5cb277d5b16aac71a58f3191504bd7f34cc01b155730b78a00451b24f80e699",,"2026-03-03T11:28:00.000","30","STOP SIGN/FLASHER","FUNCTIONING PROPERLY","CLEAR","DARKNESS","REAR END","NOT DIVIDED",,"STRAIGHT AND LEVEL","DRY","NO DEFECTS","NOT ON SCENE (DESK REPORT)","NO INJURY / DRIVE AWAY",,,,"$501 - $1,500","2026-03-04T14:19:00.000","FOLLOWING TOO CLOSELY","NOT APPLICABLE","1805","W","MONTEREY AVE","2212",,,,,,,"2","NO INDICATION OF INJURY","0","0","0","0","0","2","0","11","3","3","41.6908703162","-87.6675062383","POINT (-87.667506238336 41.690870316222)"
"290a89297f2c1dfbf7700387e6bbb89b842a707eb82a86d75fcba07bd01a2cd56fa0044fed72876f9745e8872320623854b243008a93be86a8c2564e2bf87197",,"2026-03-03T11:17:00.000","25","TRAFFIC SIGNAL","FUNCTIONING PROPERLY","CLEAR","DAYLIGHT","REAR TO FRONT","ONE-WAY",,"STRAIGHT AND LEVEL","DRY","NO DEFECTS","ON SCENE","NO INJURY / DRIVE AWAY",,,,"$500 OR LESS","2026-03-03T11:17:00.000","IMPROPER BACKING","NOT APPLICABLE","1559","N","LOCKWOOD AVE","2532",,,,,,,"2","NO INDICATION OF INJURY","0","0","0","0","0","2","0","11","3","3","41.9093784872","-87.7582869247","POINT (-87.758286924681 41.909378487211)"
"523dfaf05f8f77defa38ba02f477762d64b3910fffbecef457c70f4e35c679b18215d16f2c096de6e8f885b9d49d7207a791bcfd09be69ccc1c76cf88c951f5f",,"2026-03-03T11:05:00.000","30","TRAFFIC SIGNAL","FUNCTIONING PROPERLY","CLOUDY/OVERCAST","DAYLIGHT","REAR END","FOUR WAY",,"STRAIGHT AND LEVEL","DRY","UNKNOWN","ON SCENE","NO INJURY / DRIVE AWAY",,,,"OVER $1,500","2026-03-03T11:15:00.000","FOLLOWING TOO CLOSELY","FOLLOWING TOO CLOSELY","15","W","95TH ST","511",,,,,,,"2","NO INDICATION OF INJURY","0","0","0","0","0","2","0","11","3","3","41.7215149692","-87.6246101656","POINT (-87.624610165642 41.721514969204)"
"6120fe18e9967be7be144532545c1a64564b03b156134d385b3c48cfeeebcc7d6dbe489b1788f31dd5d228a1952aca0b4d401b8ffeaa3a168050ae6af8aaabd7",,"2026-03-03T11:05:00.000","30","NO CONTROLS","NO CONTROLS","CLEAR","DAYLIGHT","REAR END","DIVIDED - W/MEDIAN (NOT RAISED)",,"STRAIGHT AND LEVEL","DRY","NO DEFECTS","NOT ON SCENE (DESK REPORT)","INJURY AND / OR TOW DUE TO CRASH",,,,"OVER $1,500","2026-03-03T11:50:00.000","FOLLOWING TOO CLOSELY","UNABLE TO DETERMINE","2828","N","CENTRAL AVE","2514",,,,,,,"2","REPORTED, NOT EVIDENT","1","0","0","0","1","1","0","11","3","3","41.9321576791","-87.7664245988","POINT (-87.766424598831 41.932157679148)"
"e90aa745581f8c50f5d285fd68534157ebc6a31993695cd844b541301af9329ee37d288be392d79f41a982cdbe15b0495965af6ec4992374112eb19b8a83c6d8",,"2026-03-03T11:05:00.000","30","TRAFFIC SIGNAL","FUNCTIONING PROPERLY","CLOUDY/OVERCAST","DAYLIGHT","REAR END","DIVIDED - W/MEDIAN (NOT RAISED)",,"STRAIGHT AND LEVEL","DRY","NO DEFECTS","ON SCENE","NO INJURY / DRIVE AWAY",,,,"$501 - $1,500","2026-03-03T11:06:00.000","FOLLOWING TOO CLOSELY","NOT APPLICABLE","4003","W","FULLERTON AVE","2525",,,,,,,"3","NO INDICATION OF INJURY","0","0","0","0","0","5","0","11","3","3","41.9243724156","-87.7268920421","POINT (-87.726892042117 41.92437241557)"
"0f0e9802a2b4f86e2f5952a7eec7d1be6e3fe26d5f8fc4fed67cb9a5ae131aed7a629af8e99fda20eb38b53f6ef50e061a00c2cddb89fe727396931b180822e0",,"2026-03-03T11:00:00.000","30","NO CONTROLS","NO CONTROLS","CLEAR","DAYLIGHT","SIDESWIPE SAME DIRECTION","NOT DIVIDED",,"STRAIGHT AND LEVEL","DRY","NO DEFECTS","NOT ON SCENE (DESK REPORT)","NO INJURY / DRIVE AWAY",,,,"$501 - $1,500","2026-03-03T11:30:00.000","UNABLE TO DETERMINE","NOT APPLICABLE","2998","W","CHICAGO AVE","1211",,,,,,,"2","NO INDICATION OF INJURY","0","0","0","0","0","2","0","11","3","3","41.8957048512","-87.7021840067","POINT (-87.702184006729 41.895704851222)"
"24358afc2f40853342a140a70e19775dab8a7e9d8c6e97930c423582320fb69f4b896eb494b9b2e5ccc186c55c4af1050233d2812bc7e3ba500de6a89f6b7697",,"2026-03-03T11:00:00.000","30","NO CONTROLS","NO CONTROLS","CLOUDY/OVERCAST","DAYLIGHT","FIXED OBJECT","ALLEY",,"STRAIGHT AND LEVEL","UNKNOWN","UNKNOWN","NOT ON SCENE (DESK REPORT)","INJURY AND / OR TOW DUE TO CRASH",,,,"$500 OR LESS","2026-03-03T11:40:00.000","DRIVING SKILLS/KNOWLEDGE/EXPERIENCE","UNABLE TO DETERMINE","5540","W","NORTH AVE","2532",,,,,,,"1","NONINCAPACITATING INJURY","1","0","0","1","0","1","0","11","3","3","41.909499045","-87.7647109791","POINT (-87.764710979125 41.909499044958)"
"b9e8049dbbd7c914a1be9f7526b96e9f23b1714d08982f873e262ddfe52a0ebd2af17a80e13755baf3a3f0da663be0e5373ce6c4d02bf19c7e3480c65e7aca68",,"2026-03-03T11:00:00.000","30","TRAFFIC SIGNAL","FUNCTIONING PROPERLY","CLOUDY/OVERCAST","DAYLIGHT","REAR END","DIVIDED - W/MEDIAN BARRIER",,"STRAIGHT AND LEVEL","DRY","NO DEFECTS","ON SCENE","NO INJURY / DRIVE AWAY","Y",,,"$501 - $1,500","2026-03-03T11:22:00.000","FOLLOWING TOO CLOSELY","NOT APPLICABLE","625","N","ASHLAND AVE","1215",,,,,,,"3","NO INDICATION OF INJURY","0","0","0","0","0","3","0","11","3","3","41.8932049993","-87.6670611221","POINT (-87.667061122104 41.893204999322)"
"d3244979b23ef53e4ef3002a4bfd6dfc3d803453efb9e93ba32802e2e014ed5454e656c2788e151cfeb631af16aeab89463af7b3bfbefddeb5e3756f148981dc",,"2026-03-03T11:00:00.000","20","NO CONTROLS","NO CONTROLS","CLEAR","DAYLIGHT","PARKED MOTOR VEHICLE","ONE-WAY",,"STRAIGHT AND LEVEL","WET","NO DEFECTS","NOT ON SCENE (DESK REPORT)","NO INJURY / DRIVE AWAY",,,,"OVER $1,500","2026-03-03T11:28:00.000","IMPROPER BACKING","UNABLE TO DETERMINE","2641","W","SUPERIOR ST","1221",,,,,,,"2","NO INDICATION OF INJURY","0","0","0","0","0","1","0","11","3","3","41.8946476096","-87.6933951507","POINT (-87.69339515074 41.894647609601)"
"5cb956e7448f308b1f379f7ee36eb90e29a800590e5ff7d509554f5a90bcc86837c692b81796df770aa51df66a8b0b79289d613d3240e68d5375ad7cf694d6b6",,"2026-03-03T10:55:00.000","25","NO CONTROLS","NO CONTROLS","CLEAR","DAYLIGHT","PARKED MOTOR VEHICLE","NOT DIVIDED",,"STRAIGHT AND LEVEL","UNKNOWN","UNKNOWN","ON SCENE","NO INJURY / DRIVE AWAY",,,"Y","OVER $1,500","2026-03-03T11:00:00.000","UNABLE TO DETERMINE","UNABLE TO DETERMINE","1642","E","56TH ST","235",,,,,,,"2","NO INDICATION OF INJURY","0","0","0","0","0","1","0","10","3","3","41.7935140762","-87.58494662","POINT (-87.584946620018 41.793514076195)"
"c4882861d489d8802ec5b2662577c13d5d0935bb4de9a0529971e11b71b849d398e12b49507d4473c7a67b7b4cf04aeaa4602bd3c0e35f4c21a11e5df82f5aee",,"2026-03-03T10:55:00.000","25","NO CONTROLS","NO CONTROLS","CLEAR","DAYLIGHT","PARKED MOTOR VEHICLE","ONE-WAY",,"STRAIGHT AND LEVEL","WET","NO DEFECTS","ON SCENE","NO INJURY / DRIVE AWAY",,,,"OVER $1,500","2026-03-03T10:57:00.000","IMPROPER TURNING/NO SIGNAL","UNABLE TO DETERMINE","3354","W","EASTWOOD AVE","1713",,,,,,,"2","NO INDICATION OF INJURY","0","0","0","0","0","2","0","10","3","3","41.9656549127","-87.7130035441","POINT (-87.713003544117 41.965654912656)"
"4766b91e4e03152b6a6eadac11066d7c26da593cc2903ee93153f905e5a3b51308765e7191f38bfda20f446282873670913ad0027eeac11f410d6845c2dc396e",,"2026-03-03T10:50:00.000","30","NO CONTROLS","NO CONTROLS","CLEAR","DAYLIGHT","FIXED OBJECT","ALLEY",,"STRAIGHT AND LEVEL","DRY","NO DEFECTS","ON SCENE","NO INJURY / DRIVE AWAY",,,,"OVER $1,500","2026-03-03T11:00:00.000","DRIVING SKILLS/KNOWLEDGE/EXPERIENCE","DRIVING SKILLS/KNOWLEDGE/EXPERIENCE","415","W","41ST ST","925",,,,,,,"1","NO INDICATION OF INJURY","0","0","0","0","0","1","0","10","3","3","41.819846285","-87.6370083975","POINT (-87.63700839747 41.819846285025)"
"116369f4d190c8b9d34eec75df67068323e3c0e5965c12617980051a64706f7456f21d0cd9e3a6c2885cc41952f4957dc9a50b20cd1e3ce4e9376e7d7dc2876b",,"2026-03-03T10:44:00.000","30","NO CONTROLS","NO CONTROLS","CLEAR","DAYLIGHT","SIDESWIPE OPPOSITE DIRECTION","NOT DIVIDED",,"STRAIGHT AND LEVEL","DRY","UNKNOWN","ON SCENE","INJURY AND / OR TOW DUE TO CRASH",,,"Y","OVER $1,500","2026-03-03T10:44:00.000","NOT APPLICABLE","NOT APPLICABLE","8516","S","COMMERCIAL AVE","423",,,,,,,"2","NO INDICATION OF INJURY","0","0","0","0","0","3","0","10","3","3","41.7404750523","-87.5516342495","POINT (-87.551634249515 41.740475052336)"