"crash_record_id","crash_date_est_i","crash_date","posted_speed_limit","traffic_control_device","device_condition","weather_condition","lighting_condition","first_crash_type","trafficway_type","lane_cnt","alignment","roadway_surface_cond","road_defect","report_type","crash_type","intersection_related_i","private_property_i","hit_and_run_i","damage","date_police_notified","prim_contributory_cause","sec_contributory_cause","street_no","street_direction","street_name","beat_of_occurrence","photos_taken_i","statements_taken_i","dooring_i","work_zone_i","work_zone_type","workers_present_i","num_units","most_severe_injury","injuries_total","injuries_fatal","injuries_incapacitating","injuries_non_incapacitating","injuries_reported_not_evident","injuries_no_indication","injuries_unknown","crash_hour","crash_day_of_week","crash_month","latitude","longitude","location"
"fdfe680ee672c2a1abe2f040673fc0e832c9129bd0e0bc72eca5dd89ce33acb71b2fd129478e1748ed50bb4cbf4aa14627165814591f7dec713789f809f2b6aa",,"2026-03-03T10:38:00.000","30","TRAFFIC SIGNAL","FUNCTIONING PROPERLY","CLEAR","DAYLIGHT","ANGLE","FOUR WAY",,"STRAIGHT AND LEVEL","DRY","NO DEFECTS","ON SCENE","INJURY AND / OR TOW DUE TO CRASH","Y",,,"OVER $1,500","2026-03-03T11:25:00.000","DISREGARDING TRAFFIC SIGNALS","FAILING TO YIELD RIGHT-OF-WAY","11201","S","VINCENNES AVE","2234",,,,,,,"2","REPORTED, NOT EVIDENT","1","0","0","0","1","1","0","10","3","3","41.6899919062","-87.6645500027","POINT (-87.664550002742 41.689991906161)"
"f37470ffd7f581aa1311b9123fb8b438fb99c48e89730bc6d03b554d9bf197a703dc75cd9a0e6cb6f1fb5ced571e34a80ed6624e19a7e15c5d6aa222b2520ca7",,"2026-03-03T10:35:00.000","30","UNKNOWN","UNKNOWN","CLEAR","DAYLIGHT","REAR END","DIVIDED - W/MEDIAN BARRIER",,"STRAIGHT AND LEVEL","DRY","UNKNOWN","ON SCENE","INJURY AND / OR TOW DUE TO CRASH",,,,"OVER $1,500","2026-03-03T10:36:00.000","DISTRACTION - FROM OUTSIDE VEHICLE","UNABLE TO DETERMINE","4203","S","KEDZIE AVE","921",,,,,,,"2","NONINCAPACITATING INJURY","2","0","0","2","0","1","0","10","3","3","41.8170891643","-87.7041794754","POINT (-87.704179475352 41.817089164274)"
"0234e67f39aa1aa8c57facce114ff8254015cfcaa9d9defde82b4d4616208e896ebc810bcfe89e0260110cd93723db09602fcfbd02ae5b3fbb4ffdbf7809adf3",,"2026-03-03T10:34:00.000","30","NO CONTROLS","NO CONTROLS","CLEAR","DAYLIGHT","PARKED MOTOR VEHICLE","NOT DIVIDED",,"STRAIGHT AND LEVEL","DRY","NO DEFECTS","ON SCENE","INJURY AND / OR TOW DUE TO CRASH",,,,"OVER $1,500","2026-03-03T10:36:00.000","EVASIVE ACTION DUE TO ANIMAL, OBJECT, NONMOTORIST","DISTRACTION - FROM OUTSIDE VEHICLE","4239","S","KEDZIE AVE","921",,,,,,,"3",,,,,,,,,"10","3","3","41.8160748795","-87.7041436275","POINT (-87.704143627479 41.816074879492)"
"8a9451c4943196b9b34a09d8e76a160c03764f9f30719d84f3f85cb4c491ad15e95064ff08ca5a5046ba8f32120fec511a87d53830f94ad931eaa8940020b58b",,"2026-03-03T10:30:00.000","30","NO CONTROLS","NO CONTROLS","CLOUDY/OVERCAST","DAYLIGHT","PARKED MOTOR VEHICLE","DIVIDED - W/MEDIAN (NOT RAISED)",,"STRAIGHT AND LEVEL","WET","NO DEFECTS","ON SCENE","NO INJURY / DRIVE AWAY",,,,"OVER $1,500","2026-03-03T12:00:00.000","UNABLE TO DETERMINE","UNABLE TO DETERMINE","3401","N","ELSTON AVE","1733",,,,,,,"2","NO INDICATION OF INJURY","0","0","0","0","0","1","0","10","3","3","41.9428708739","-87.7031622085","POINT (-87.70316220851 41.942870873864)"
"68614b991f921b43978b5f441c2526f3ff90d95194ae69136ab67228bfa27b41c5e6257184d08c2e22fbe6ec6965925dbeed230e8e654e260ef37c95715b68a5",,"2026-03-03T10:23:00.000","30","NO CONTROLS","NO CONTROLS","CLOUDY/OVERCAST","DAYLIGHT","PEDESTRIAN","DIVIDED - W/MEDIAN (NOT RAISED)",,"STRAIGHT AND LEVEL","DRY","NO DEFECTS","ON SCENE","NO INJURY / DRIVE AWAY","N",,,"$500 OR LESS","2026-03-03T10:23:00.000","UNABLE TO DETERMINE","UNABLE TO DETERMINE","528","E","43RD ST","214",,,,,,,"2","NO INDICATION OF INJURY","0","0","0","0","0","2","0","10","3","3","41.8168150183","-87.6129230812","POINT (-87.612923081158 41.81681501829)"
"64ddc198390e23da614101a66413c9a79de8709079c7e859c25f55205fa487dad971f6eda7fdaee5586aabb65822ba8a9eea626f83d4bb02ef22eb10a8c99d35",,"2026-03-03T10:10:00.000","30","NO CONTROLS","NO CONTROLS","CLEAR","DAYLIGHT","TURNING","NOT DIVIDED",,"STRAIGHT AND LEVEL","DRY","NO DEFECTS",,"NO INJURY / DRIVE AWAY",,,"Y","OVER $1,500","2026-03-03T10:14:00.000","UNABLE TO DETERMINE","UNABLE TO DETERMINE","4348","W","57TH ST","813",,,,,,,"3","NO INDICATION OF INJURY","0","0","0","0","0","3","0","10","3","3","41.7895919618","-87.7323725194","POINT (-87.732372519364 41.789591961799)"
"41d29027c993db2eaf365c2b8a08177833452130e06c2ee4bcc489a0be8328742e8aa4249b5c81dc28b0f5d837001b5a59b6bb3f3887cb759f8a2fe0e28f5e11",,"2026-03-03T10:00:00.000","10","NO CONTROLS","NO CONTROLS","CLEAR","DAYLIGHT","PARKED MOTOR VEHICLE","PARKING LOT",,"STRAIGHT AND LEVEL","DRY","NO DEFECTS","NOT ON SCENE (DESK REPORT)","NO INJURY / DRIVE AWAY",,,,"OVER $1,500","2026-03-03T10:50:00.000","FAILING TO YIELD RIGHT-OF-WAY","NOT APPLICABLE","3160","N","MILWAUKEE AVE","2523",,,,,,,"2","NO INDICATION OF INJURY","0","0","0","0","0","1","0","10","3","3","41.9382338488","-87.7226712325","POINT (-87.722671232536 41.938233848787)"
"46553359d08203757e0153539d2a3e25e92dff7fcdc8c333a99b063ed24311d0da277a5d75a33b3f91e4c832b758b9dc4bfa0f988b2f2b4c2700be3753325008",,"2026-03-03T10:00:00.000","30","NO CONTROLS","NO CONTROLS","CLEAR","DAYLIGHT","PARKED MOTOR VEHICLE","PARKING LOT",,"STRAIGHT AND LEVEL","DRY","NO DEFECTS","ON SCENE","NO INJURY / DRIVE AWAY",,"N",,"$501 - $1,500","2026-03-03T10:10:00.000","DRIVING SKILLS/KNOWLEDGE/EXPERIENCE","NOT APPLICABLE","11717","S","HALSTED ST","524",,,,,,,"2","NO INDICATION OF INJURY","0","0","0","0","0","1","0","10","3","3","41.6812224659","-87.6418765702","POINT (-87.64187657016 41.681222465932)"
"d5f0f9fc144b58d64eec8812051ba9acb428d923ba1c980e781de200e6829767355dc7aec542f3721e01430b24365aedecbafe0b9d27c79f5a809bd53c2a745e",,"2026-03-03T10:00:00.000","30","TRAFFIC SIGNAL","FUNCTIONING PROPERLY","CLEAR","DAYLIGHT","ANGLE","DIVIDED - W/MEDIAN (NOT RAISED)",,"STRAIGHT AND LEVEL","UNKNOWN","UNKNOWN","NOT ON SCENE (DESK REPORT)","NO INJURY / DRIVE AWAY",,,,"OVER $1,500","2026-03-03T10:45:00.000","FAILING TO YIELD RIGHT-OF-WAY","UNABLE TO DETERMINE","3200","N","KIMBALL AVE","1732",,,,,,,"2","NO INDICATION OF INJURY","0","0","0","0","0","4","0","10","3","3","41.9393196632","-87.7126412851","POINT (-87.712641285082 41.939319663188)"
"5292430d87526d93869feb275cb7b15cb0d0466bece78ef0b3d6f5c714099d20016a5de85defebaf1defc3e2f04280da673b5608944466d141eb1b3be19be25d",,"2026-03-03T09:50:00.000","30","STOP SIGN/FLASHER","NO CONTROLS","CLEAR","DAYLIGHT","TURNING","T-INTERSECTION",,"STRAIGHT AND LEVEL","DRY","UNKNOWN","ON SCENE","INJURY AND / OR TOW DUE TO CRASH",,,,"OVER $1,500","2026-03-03T09:52:00.000","UNABLE TO DETERMINE","UNABLE TO DETERMINE","4744","S","KEDZIE AVE","821",,,,,,,"2","REPORTED, NOT EVIDENT","2","0","0","0","2","1","0","9","3","3","41.8067901688","-87.7040849834","POINT (-87.704084983365 41.806790168831)"
"88f6b55db6dc8de70014185ff4b48e4cf488317bc24b89f8bc7be38cc909ca2445cce2c9042f34f1d1055765c13410c672739c1d106decda7092a3b0ba6f0d48",,"2026-03-03T09:50:00.000","30","NO CONTROLS","NO CONTROLS","CLEAR","DAYLIGHT","SIDESWIPE SAME DIRECTION","FOUR WAY",,"STRAIGHT AND LEVEL","DRY","NO DEFECTS","NOT ON SCENE (DESK REPORT)","NO INJURY / DRIVE AWAY","N",,,"$501 - $1,500","2026-03-03T12:15:00.000","IMPROPER LANE USAGE","IMPROPER LANE USAGE","299","E","HURON ST","1834",,,,,,,"2","NO INDICATION OF INJURY","0","0","0","0","0","2","0","9","3","3","41.8949054771","-87.6204447947","POINT (-87.62044479469 41.894905477067)"
"7cce560d7541792424037107bf387215eef15d0d19d8333890bf3eac78b10268e2c0daac4b84078ca005bc8d5f1fcb770b37397b2cc9d3c169469aa2ae4116da",,"2026-03-03T09:40:00.000","30","STOP SIGN/FLASHER","FUNCTIONING PROPERLY","CLEAR","DAYLIGHT","REAR END","ONE-WAY",,"STRAIGHT AND LEVEL","DRY","NO DEFECTS","ON SCENE","NO INJURY / DRIVE AWAY",,,,"OVER $1,500","2026-03-03T09:43:00.000","UNABLE TO DETERMINE","UNABLE TO DETERMINE","3700","S","IRON ST","912",,,,,,,"2","NO INDICATION OF INJURY","0","0","0","0","0","2","0","9","3","3","41.8268809129","-87.6594745618","POINT (-87.659474561758 41.826880912871)"
"92b40994425fbeb4d73f5651106221c2be08e029eeb06574057c98214d84c407ccfe5208309ad1195228d08eb87a5fcc030e222de41bf33a0923837d1b301f08",,"2026-03-03T09:30:00.000","30","NO CONTROLS","NO CONTROLS","UNKNOWN","UNKNOWN","PARKED MOTOR VEHICLE","ALLEY",,"STRAIGHT AND LEVEL","UNKNOWN","NO DEFECTS","ON SCENE","INJURY AND / OR TOW DUE TO CRASH",,,"Y","OVER $1,500","2026-03-03T11:44:00.000","UNABLE TO DETERMINE","UNABLE TO DETERMINE","2821","W","LUNT AVE","2411",,,,,,,"2","NO INDICATION OF INJURY","0","0","0","0","0","1","0","9","3","3","42.0083338311","-87.7006243923","POINT (-87.700624392303 42.008333831135)"
"0883cb2f9f4acf4cd3a02e22310b577a0305ac5761f3179786b1ec74005ff42ed9abd5eb4692b891c972c4f4bd0623a6ed2b3da13503772a5e74fc6d77054c58",,"2026-03-03T09:28:00.000","30","STOP SIGN/FLASHER","NO CONTROLS","CLEAR","DAYLIGHT","ANGLE","NOT DIVIDED",,"STRAIGHT AND LEVEL","DRY","NO DEFECTS","ON SCENE","INJURY AND / OR TOW DUE TO CRASH",,,,"OVER $1,500","2026-03-03T09:32:00.000","FAILING TO YIELD RIGHT-OF-WAY","FAILING TO YIELD RIGHT-OF-WAY","3498","N","NARRAGANSETT AVE","1632",,,,,,,"2","NO INDICATION OF INJURY","0","0","0","0","0","2","0","9","3","3","41.9437790453","-87.7864357779","POINT (-87.786435777859 41.943779045301)"
"4731599e8228fee9029af85434562adfdadecd5fc6fb467efa6c5fc7e768f0402ad1c26cc5b5e887ef9715767d5ccdd3efe06aee12edd3bd3d927bc3b1b86706",,"2026-03-03T09:21:00.000","30","TRAFFIC SIGNAL","FUNCTIONING PROPERLY","CLEAR","DAYLIGHT","SIDESWIPE SAME DIRECTION","NOT DIVIDED",,"STRAIGHT AND LEVEL","DRY","UNKNOWN","NOT ON SCENE (DESK REPORT)","NO INJURY / DRIVE AWAY",,,,"OVER $1,500","2026-03-03T13:20:00.000","UNABLE TO DETERMINE","NOT APPLICABLE","717","N","DEARBORN ST","1832",,,,,,,"2","NO INDICATION OF INJURY","0","0","0","0","0","2","0","9","3","3","41.8954747079","-87.6296017937","POINT (-87.629601793666 41.895474707911)"
"d5ba2dea8c4a0a84df9d38157bca2d9d70f92dc3ad4337a37e2910e0e39c8a06ff7e2928b67c83e3a150f0a22908d7654dc1eb3a27a6a0496859e536fa3b7320",,"2026-03-03T09:20:00.000","30","TRAFFIC SIGNAL","FUNCTIONING PROPERLY","CLEAR","DAYLIGHT","REAR END","NOT DIVIDED",,"STRAIGHT AND LEVEL","WET","NO DEFECTS","ON SCENE","INJURY AND / OR TOW DUE TO CRASH",,,,"OVER $1,500","2026-03-03T09:42:00.000","FOLLOWING TOO CLOSELY","NOT APPLICABLE","2700","S","PULASKI RD","1031",,,,,,,"2","REPORTED, NOT EVIDENT","1","0","0","0","1","1","0","9","3","3","41.8423166582","-87.7246450384","POINT (-87.724645038379 41.84231665823)"
"2eb655bc11da0c2721e5bb19f67d3372019510f80e848740109438426d362f3c8c4a7233d5d41a5953340a4f0f36d7043ab84cc12dd2fb6dd8a6ce48579faafe",,"2026-03-03T09:15:00.000","30","NO CONTROLS","NO CONTROLS","CLEAR","DAYLIGHT","REAR END","DIVIDED - W/MEDIAN BARRIER",,"STRAIGHT AND LEVEL","DRY","NO DEFECTS","NOT ON SCENE (DESK REPORT)","NO INJURY / DRIVE AWAY",,,,"$500 OR LESS","2026-03-03T09:50:00.000","DRIVING SKILLS/KNOWLEDGE/EXPERIENCE","UNABLE TO DETERMINE","1205","S","STATE ST","131",,,,,,,"2","NO INDICATION OF INJURY","0","0","0","0","0","2","0","9","3","3","41.8672258033","-87.6272729392","POINT (-87.627272939209 41.86722580329)"
"a52d8131a001e261c67e18a15868f2d2794e03c70ba4e3ec6a0cc34a0e9d225d2f23e095216028b5fe5526a2094d654f9e01715ea8c01903115c0f7fb629f1ad",,"2026-03-03T09:15:00.000","30","STOP SIGN/FLASHER","FUNCTIONING PROPERLY","CLEAR","DAYLIGHT","REAR END","NOT DIVIDED",,"STRAIGHT AND LEVEL","DRY","NO DEFECTS","NOT ON SCENE (DESK REPORT)","NO INJURY / DRIVE AWAY",,,,"OVER $1,500","2026-03-04T13:45:00.000","FAILING TO REDUCE SPEED TO AVOID CRASH","UNABLE TO DETERMINE","3808","N","LINCOLN AVE","1922",,,,,,,"2","NO INDICATION OF INJURY","0","0","0","0","0","2","0","9","3","3","41.9507407172","-87.6765469041","POINT (-87.676546904129 41.950740717196)"
"c13cf2d3afcc1ed174238906d9ff5f7d9e3fa1eab48314de0d5173a498d9be402f21efff8e7675c38427ffaf2525410dc8b213e4e436fc993168d89a90325c5d",,"2026-03-03T09:15:00.000","35","NO CONTROLS","NO CONTROLS","CLEAR","DAYLIGHT","PARKED MOTOR VEHICLE","NOT DIVIDED",,"STRAIGHT AND LEVEL","DRY","NO DEFECTS","NOT ON SCENE (DESK REPORT)","NO INJURY / DRIVE AWAY",,,"Y","OVER $1,500","2026-03-03T10:44:00.000","UNABLE TO DETERMINE","UNABLE TO DETERMINE","5701","S","CLAREMONT AVE","824",,,,,,,"2","NO INDICATION OF INJURY","0","0","0","0","0","1","0","9","3","3","41.7901217771","-87.6823807988","POINT (-87.682380798769 41.790121777073)"
"df50b180e68809ff0fcd51a4634f9afa84579f53a121683274647d384251842e004a15ece2353d9681b3f438f3085bfafea18c60c523ef7a0fb0876279e0e783",,"2026-03-03T09:06:00.000","20","TRAFFIC SIGNAL","FUNCTIONING PROPERLY","CLEAR","DAYLIGHT","REAR END","DIVIDED - W/MEDIAN (NOT RAISED)",,"STRAIGHT AND LEVEL","DRY","NO DEFECTS","NOT ON SCENE (DESK REPORT)","NO INJURY / DRIVE AWAY",,,,"OVER $1,500","2026-03-03T09:35:00.000","UNABLE TO DETERMINE","UNABLE TO DETERMINE","557","N","LARAMIE AVE","1532",,,,,,,"2","NO INDICATION OF INJURY","0","0","0","0","0","2","0","9","3","3","41.890979583","-87.7553076075","POINT (-87.755307607478 41.890979582973)"
"619a6a0f26ed0ee8f056557b1dd2d15aee02e994230251b6e711d09788251ba300bbe34662104084920b948d3f62fb768cc1e0a6b3a1fc1b8e880f7451115827",,"2026-03-03T09:05:00.000","30","STOP SIGN/FLASHER","FUNCTIONING PROPERLY","UNKNOWN","UNKNOWN","ANGLE","FOUR WAY",,"STRAIGHT AND LEVEL","UNKNOWN","UNKNOWN","NOT ON SCENE (DESK REPORT)","NO INJURY / DRIVE AWAY","Y",,"Y","OVER $1,500","2026-03-03T10:35:00.000","DISREGARDING STOP SIGN","NOT APPLICABLE","131","W","61ST ST","311",,,,,,,"2","NO INDICATION OF INJURY","0","0","0","0","0","2","0","9","3","3","41.7830401442","-87.6288410526","POINT (-87.628841052614 41.783040144207)"
"f6eeebcc2b59dec240272ec77b7dc25c9cf2c4b9290639e9aee8c606baa4abe4128e16623a49b109f955c9243aea662f654a0ca710af467a813cbdbdd5f395e2",,"2026-03-03T09:05:00.000","30","TRAFFIC SIGNAL","FUNCTIONING PROPERLY","CLEAR","DAYLIGHT","PEDESTRIAN","T-INTERSECTION",,"STRAIGHT AND LEVEL","DRY","NO DEFECTS","ON SCENE","INJURY AND / OR TOW DUE TO CRASH","N",,,"$501 - $1,500","2026-03-03T09:05:00.000","UNABLE TO DETERMINE","UNABLE TO DETERMINE","399","E","69TH ST","322",,,,,,,"2","NONINCAPACITATING INJURY","1","0","0","1","0","1","0","9","3","3","41.7692284113","-87.6154317765","POINT (-87.615431776544 41.769228411278)"
"60931ee739e72b2bb4e43114106a78ba02d7217f7eb94056ddd57f0aaf86845971cba8d961e73bee65072bb060bf3b384f4e31e2e6afd15307dcef53b3fa4823",,"2026-03-03T08:55:00.000","30","NO CONTROLS","NO CONTROLS","UNKNOWN","DAYLIGHT","TURNING","FOUR WAY",,"STRAIGHT AND LEVEL","UNKNOWN","NO DEFECTS","ON SCENE","NO INJURY / DRIVE AWAY","Y",,"Y","$501 - $1,500","2026-03-03T09:02:00.000","UNABLE TO DETERMINE","UNABLE TO DETERMINE","1829","S","ASHLAND AVE","1233",,,,,,,"2","NO INDICATION OF INJURY","0","0","0","0","0","2","0","8","3","3","41.8569319221","-87.6659771033","POINT (-87.665977103315 41.856931922123)"
"3771700bc9b22d11509a811a5340841b93ac38d4254d3007b8e25f9967e41eafbbb80c34696206a4c99eeca60c93e05f75e7a266e7e337f9cec8efedf3e95eda",,"2026-03-03T08:54:00.000","30","TRAFFIC SIGNAL","FUNCTIONING PROPERLY","CLEAR","DAYLIGHT","TURNING","DIVIDED - W/MEDIAN (NOT RAISED)",,"STRAIGHT AND LEVEL","WET","NO DEFECTS","ON SCENE","NO INJURY / DRIVE AWAY","Y",,,"OVER $1,500","2026-03-03T08:54:00.000","FAILING TO YIELD RIGHT-OF-WAY","NOT APPLICABLE","1540","E","53RD ST","234",,,,,,,"2","NO INDICATION OF INJURY","0","0","0","0","0","3","0","8","3","3","41.7996713419","-87.5875906951","POINT (-87.587590695078 41.799671341907)"
"63e8b14b74778cd3f2648b0bc9a13110e17a12c98b55a906d76ca750244b4bc0ea15439d0e35f6903d5f26e6c9693d35a65fc3bc7881af9809552c1344fb7c3f",,"2026-03-03T08:50:00.000","30","NO CONTROLS","NO CONTROLS","CLEAR","DAYLIGHT","TURNING","NOT DIVIDED",,"STRAIGHT AND LEVEL","DRY","UNKNOWN","ON SCENE","NO INJURY / DRIVE AWAY",,,,"OVER $1,500","2026-03-03T09:00:00.000","IMPROPER BACKING","UNABLE TO DETERMINE","22","E","CULLERTON ST","131",,,,,,,"2","NO INDICATION OF INJURY","0","0","0","0","0","3","0","8","3","3","41.8555699327","-87.6261478153","POINT (-87.62614781525 41.855569932749)"
"98973ddfced3a6c516c5821f2971d2ea0bc3b03348df0c318615f95e7549bc3076b591e08b4f1e8d2c6d4165ea23eb0675fb2b0efd16c8c8c5fe93722a0f8b9f",,"2026-03-03T08:45:00.000","30","NO CONTROLS","UNKNOWN","CLEAR","DAYLIGHT","SIDESWIPE SAME DIRECTION","DIVIDED - W/MEDIAN (NOT RAISED)",,"STRAIGHT AND LEVEL","DRY","UNKNOWN","NOT ON SCENE (DESK REPORT)","NO INJURY / DRIVE AWAY",,,,"OVER $1,500","2026-03-03T09:00:00.000","IMPROPER LANE USAGE","IMPROPER LANE USAGE","348","W","63RD ST","711",,,,,,,"2","NO INDICATION OF INJURY","0","0","0","0","0","2","0","8","3","3","41.7800252289","-87.6346248283","POINT (-87.634624828323 41.780025228872)"
"2fd03cc66196ec13ae7f2dc0b72646410025714b3337b673c4b03bb3926673438843f4a44d679ac01d04b5c31e96a0eb3dd708024a02ac915f9ea8fa67610334",,"2026-03-03T08:41:00.000","30","TRAFFIC SIGNAL","FUNCTIONING PROPERLY","CLOUDY/OVERCAST","DAYLIGHT","HEAD ON","NOT DIVIDED",,"STRAIGHT AND LEVEL","DRY","NO DEFECTS","ON SCENE","INJURY AND / OR TOW DUE TO CRASH","Y",,,"OVER $1,500","2026-03-03T08:42:00.000","IMPROPER OVERTAKING/PASSING","IMPROPER LANE USAGE","399","E","87TH ST","632",,,,,,,"3","INCAPACITATING INJURY","2","0","1","0","1","3","0","8","3","3","41.7363920974","-87.6146055839","POINT (-87.614605583901 41.736392097414)"
"6b7705e7a0cdcf22ebd3697288e3c879d4eb2c539845e0a9a842469b14ee9b079b76b29d198a276c1392b8199bebc13eff6981173e4b1cb15e2d2243e35275c9",,"2026-03-03T08:40:00.000","35","NO CONTROLS","NO CONTROLS","CLEAR","DAYLIGHT","REAR END","NOT DIVIDED",,"STRAIGHT AND LEVEL","DRY","UNKNOWN","ON SCENE","INJURY AND / OR TOW DUE TO CRASH",,,,"OVER $1,500","2026-03-03T08:45:00.000","UNABLE TO DETERMINE","UNABLE TO DETERMINE","3632","N","CICERO AVE","1634",,,,,,,"2","INCAPACITATING INJURY","1","0","1","0","0","2","0","8","3","3","41.9471341194","-87.7472636497","POINT (-87.74726364968 41.947134119371)"
"abfea87fe1378547676088fa51bdf0c9accbcbfb5f2efdcb1e168e0dee577610588a1755e72cc1b24c34d19a8e773c62dc49aeea1ba4af93fa75ce0768dcee23",,"2026-03-03T08:40:00.000","30","NO CONTROLS","NO CONTROLS","CLEAR","DAYLIGHT","ANGLE","NOT DIVIDED",,"STRAIGHT AND LEVEL","DRY","NO DEFECTS","ON SCENE","NO INJURY / DRIVE AWAY",,,,"$501 - $1,500","2026-03-03T08:57:00.000","UNABLE TO DETERMINE","UNABLE TO DETERMINE","3051","N","CLARK ST","1934",,,,,,,"2","NO INDICATION OF INJURY","0","0","0","0","0","2","0","8","3","3","41.9377749399","-87.6487408072","POINT (-87.648740807219 41.937774939895)"
"2eb0f9df252e850b48d587ba79466b4a0287bda5c25058f4e1dc1714eece970d421c4104c70260f1df8638cf8ea4af72d61e3ff443be0b5ad7dafa5d1e22ff85","N","2026-03-03T08:38:00.000","45","NO CONTROLS","NO CONTROLS","CLOUDY/OVERCAST","DAYLIGHT","REAR END","DIVIDED - W/MEDIAN BARRIER",,"STRAIGHT AND LEVEL","DRY","NO DEFECTS","ON SCENE","NO INJURY / DRIVE AWAY",,,,"OVER $1,500","2026-03-03T08:39:00.000","FOLLOWING TOO CLOSELY","UNABLE TO DETERMINE","1605","S","LAKE SHORE DR NB","132",,,,,,,"2","NO INDICATION OF INJURY","0","0","0","0","0","2","0","8","3","3","41.8602062652","-87.6173734026","POINT (-87.617373402578 41.860206265209)"
"405791e8de8ff5c6144b44aee2cdfd2b09f3ccdce1cd890a1a9c96f8888dbd0fa0bcc1b8fb26add58d0fddb5f765b258854e8ad9c265052fce23f5d0f71205d4",,"2026-03-03T08:32:00.000","30","TRAFFIC SIGNAL","FUNCTIONING PROPERLY","CLOUDY/OVERCAST","DAYLIGHT","REAR END","DIVIDED - W/MEDIAN (NOT RAISED)",,"STRAIGHT AND LEVEL","WET","NO DEFECTS","ON SCENE","INJURY AND / OR TOW DUE TO CRASH",,,,"OVER $1,500","2026-03-03T08:43:00.000","FOLLOWING TOO CLOSELY","UNABLE TO DETERMINE","4825","N","AUSTIN AVE","1622",,,,,,,"2","REPORTED, NOT EVIDENT","2","0","0","0","2","2","0","8","3","3","41.9684000206","-87.7778976204","POINT (-87.777897620365 41.968400020635)"
"65fb996a7ec9e92f0f6be2877858a79b40da9ba7c50afd6b2f95519f9fadeae6b863130396c0a3b30fadb17b83c5188336a067a026a53bb77277c95df6b37dce",,"2026-03-03T08:30:00.000","20","NO CONTROLS","NO CONTROLS","CLEAR","DAYLIGHT","SIDESWIPE SAME DIRECTION","ONE-WAY",,"STRAIGHT AND LEVEL","DRY","NO DEFECTS","NOT ON SCENE (DESK REPORT)","NO INJURY / DRIVE AWAY",,,,"OVER $1,500","2026-03-03T09:40:00.000","IMPROPER OVERTAKING/PASSING","UNABLE TO DETERMINE","1221","N","MONTICELLO AVE","2535",,,,,,,"2","NO INDICATION OF INJURY","0","0","0","0","0","3","0","8","3","3","41.9033984988","-87.7176559673","POINT (-87.717655967262 41.903398498801)"
"7e3de3c4916dd4ef7930025e4024bc3b30251333182501dc4f3736adc8780156bdd2476cf522417aa1e4185af32b43f1af68f21999e172e1ef4794f1492df244",,"2026-03-03T08:30:00.000","30","TRAFFIC SIGNAL","FUNCTIONING PROPERLY","UNKNOWN","DAYLIGHT","ANGLE","FOUR WAY",,"STRAIGHT AND LEVEL","UNKNOWN","UNKNOWN","NOT ON SCENE (DESK REPORT)","NO INJURY / DRIVE AWAY","Y",,,"OVER $1,500","2026-03-07T14:55:00.000","UNABLE TO DETERMINE","NOT APPLICABLE","6900","S","ASHLAND AVE","735",,,,,,,"2","NO INDICATION OF INJURY","0","0","0","0","0","4","0","8","3","3","41.7684549099","-87.664038433","POINT (-87.664038433009 41.768454909931)"
"7ed71c6664ea911c51929fe48d57cb1438142c2f5bda8b56d2ba25b5bc492854cd8f9e77240c44479eef2ab0c2e1c5f02d99d23ce9e072e4cd324a94205969d1",,"2026-03-03T08:30:00.000","10","NO CONTROLS","NO CONTROLS","CLEAR","DAYLIGHT","FIXED OBJECT","PARKING LOT",,"STRAIGHT AND LEVEL","DRY","NO DEFECTS","ON SCENE","INJURY AND / OR TOW DUE TO CRASH",,,,"OVER $1,500","2026-03-03T08:34:00.000","UNABLE TO DETERMINE","UNABLE TO DETERMINE","6430","S","CICERO AVE","813",,,,,,,"1","REPORTED, NOT EVIDENT","1","0","0","0","1","0","0","8","3","3","41.7756633676","-87.7423278111","POINT (-87.742327811139 41.775663367554)"
"e0275293fe332f4bc0aab039a33c1d0098f4e99537df92a1f31931d06fe24e1fdf4a9eb9cf27baef648dad0e7ca60e0c41f6640e0361f11ac08ec4dd6fb1ba90",,"2026-03-03T08:25:00.000","20","STOP SIGN/FLASHER","FUNCTIONING PROPERLY","CLEAR","DAYLIGHT","SIDESWIPE SAME DIRECTION","NOT DIVIDED",,"STRAIGHT AND LEVEL","DRY","NO DEFECTS","ON SCENE","NO INJURY / DRIVE AWAY",,,"Y","OVER $1,500","2026-03-03T08:48:00.000","IMPROPER OVERTAKING/PASSING","NOT APPLICABLE","11500","S","THROOP ST","524",,,,,,,"2","NO INDICATION OF INJURY","0","0","0","0","0","2","0","8","3","3","41.684825039","-87.6544512779","POINT (-87.654451277895 41.68482503897)"
"e387f4942d3228088ec062487789cae34bf998a18b9e9a407f71ff0624f90266245abd6fb547f35dfddba6d175d87066cd606a7ef5b529706979b55a419d6aa5",,"2026-03-03T08:20:00.000","30","NO CONTROLS","NO CONTROLS","CLEAR","DAYLIGHT","SIDESWIPE SAME DIRECTION","DIVIDED - W/MEDIAN BARRIER",,"STRAIGHT AND LEVEL","WET","NO DEFECTS","ON SCENE","INJURY AND / OR TOW DUE TO CRASH",,,,"OVER $1,500","2026-03-03T08:45:00.000","IMPROPER OVERTAKING/PASSING","NOT APPLICABLE","800","S","INDEPENDENCE BLVD","1133",,,,,,,"2","NO INDICATION OF INJURY","0","0","0","0","0","2","0","8","3","3","41.8707377306","-87.7204174302","POINT (-87.720417430161 41.870737730633)"