"crash_record_id","crash_date_est_i","crash_date","posted_speed_limit","traffic_control_device","device_condition","weather_condition","lighting_condition","first_crash_type","trafficway_type","lane_cnt","alignment","roadway_surface_cond","road_defect","report_type","crash_type","intersection_related_i","private_property_i","hit_and_run_i","damage","date_police_notified","prim_contributory_cause","sec_contributory_cause","street_no","street_direction","street_name","beat_of_occurrence","photos_taken_i","statements_taken_i","dooring_i","work_zone_i","work_zone_type","workers_present_i","num_units","most_severe_injury","injuries_total","injuries_fatal","injuries_incapacitating","injuries_non_incapacitating","injuries_reported_not_evident","injuries_no_indication","injuries_unknown","crash_hour","crash_day_of_week","crash_month","latitude","longitude","location"
"30b853563b58125a4aa2bfd449efbf7ba656680a6b77f3bb43b48d42bf9bd52201ae25944dbf1761636bf40fcdeb7f713674aed968dc3f57d72179070603ad21",,"2026-03-03T08:15:00.000","25","NO CONTROLS","NO CONTROLS","CLEAR","DAYLIGHT","TURNING","FOUR WAY",,"STRAIGHT AND LEVEL","DRY","NO DEFECTS","ON SCENE","NO INJURY / DRIVE AWAY",,,,"OVER $1,500","2026-03-03T08:27:00.000","FAILING TO YIELD RIGHT-OF-WAY","IMPROPER LANE USAGE","3299","N","WESTERN AVE","1921",,,,,,,"2","NO INDICATION OF INJURY","0","0","0","0","0","2","0","8","3","3","41.9412325782","-87.6878212825","POINT (-87.687821282463 41.941232578176)"
"e697d1ed913ad09166fb6baae23330cc481c794c2608f6799b62042cbcfeb6271e41a9b59acea5bc731001ca64b6177bee7a575e73e19623faeb108c02bff149",,"2026-03-03T08:07:00.000","30","TRAFFIC SIGNAL","FUNCTIONING PROPERLY","CLEAR","DAYLIGHT","REAR END","NOT DIVIDED",,"STRAIGHT AND LEVEL","DRY","NO DEFECTS","NOT ON SCENE (DESK REPORT)","NO INJURY / DRIVE AWAY",,,,"OVER $1,500","2026-03-03T08:44:00.000","UNABLE TO DETERMINE","UNABLE TO DETERMINE","3132","W","DEVON AVE","2412",,,,,,,"2","NO INDICATION OF INJURY","0","0","0","0","0","2","0","8","3","3","41.997518303","-87.7082241638","POINT (-87.708224163769 41.997518303002)"
"f06c2851b3f8dc0e624301a6657648812e21854e7a35ef75208c18cfce0fe5fa980630988bb13b015f0586d585f3cf14a171807736c40d4b5ac270333471b8db",,"2026-03-03T08:06:00.000","30","NO CONTROLS","NO CONTROLS","CLOUDY/OVERCAST","DAYLIGHT","SIDESWIPE SAME DIRECTION","NOT DIVIDED",,"STRAIGHT AND LEVEL","UNKNOWN","UNKNOWN","ON SCENE","NO INJURY / DRIVE AWAY","N",,,"OVER $1,500","2026-03-03T08:25:00.000","UNABLE TO DETERMINE","NOT APPLICABLE","3735","N","KIMBALL AVE","1733",,,,,,,"2","NO INDICATION OF INJURY","0","0","0","0","0","5","0","8","3","3","41.9494901397","-87.7126472117","POINT (-87.712647211658 41.949490139675)"
"11f3572f0cf0077af383949a96742e409d46cec34dcc348a6ee9ed0e3656fff15f16f83b86e1ba6bf9aeca0177c1dc957eeb13de4a5ac34b53d72c569b17cfff",,"2026-03-03T08:00:00.000","25","NO CONTROLS","NO CONTROLS","CLEAR","DAYLIGHT","SIDESWIPE SAME DIRECTION","NOT DIVIDED",,"STRAIGHT AND LEVEL","DRY","NO DEFECTS","NOT ON SCENE (DESK REPORT)","NO INJURY / DRIVE AWAY",,,,"OVER $1,500","2026-03-03T09:40:00.000","FAILING TO YIELD RIGHT-OF-WAY","NOT APPLICABLE","5340","N","OLCOTT AVE","1613",,,,,,,"2","NO INDICATION OF INJURY","0","0","0","0","0","3","0","8","3","3","41.9773836378","-87.8145656125","POINT (-87.81456561248 41.977383637755)"
"5689f3bc638a281fbf846c15ccd290e5b7c5e53df5bf90bd3c4a91e5b21fe952a3fb2176b414d8a58dd7da0b34f1ada8773ed588d42bf90f76a19a666b41f89b",,"2026-03-03T08:00:00.000","30","NO CONTROLS","NO CONTROLS","CLEAR","DAYLIGHT","REAR END","DIVIDED - W/MEDIAN (NOT RAISED)",,"STRAIGHT AND LEVEL","DRY","UNKNOWN","NOT ON SCENE (DESK REPORT)","NO INJURY / DRIVE AWAY",,,,"OVER $1,500","2026-03-03T10:30:00.000","FOLLOWING TOO CLOSELY","FOLLOWING TOO CLOSELY","1526","W","MONROE ST","1224","Y","Y",,,,,"3","NO INDICATION OF INJURY","0","0","0","0","0","3","0","8","3","3","41.8802973384","-87.6654992073","POINT (-87.665499207251 41.880297338397)"
"7bb234fb29eddf02239371e67193a94acb18eaacc6559e1a3760f2fc50b9d85a02f8f97721460da2cd792bee9edabb4491346ab2c16b22187bacd500207efcbc",,"2026-03-03T08:00:00.000","30","TRAFFIC SIGNAL","FUNCTIONING PROPERLY","CLOUDY/OVERCAST","DARKNESS, LIGHTED ROAD","SIDESWIPE SAME DIRECTION","FOUR WAY",,"STRAIGHT AND LEVEL","WET","NO DEFECTS","ON SCENE","NO INJURY / DRIVE AWAY",,,,"OVER $1,500","2026-03-03T08:02:00.000","FAILING TO REDUCE SPEED TO AVOID CRASH","IMPROPER LANE USAGE","6512","N","SHERIDAN RD","2432",,,,,,,"3","NO INDICATION OF INJURY","0","0","0","0","0","3","0","8","3","3","42.0005953623","-87.6608657723","POINT (-87.660865772271 42.000595362291)"
"e127a0a5c53dc66b5101aa604974a51758040aaeb3fd27f2010aa7ce80f267f4fa567a4ed2dc8d28555125e3bde7a8fa723f35714e980e87660097b25d0decf1",,"2026-03-03T08:00:00.000","30","NO CONTROLS","NO CONTROLS","CLEAR","DAYLIGHT","SIDESWIPE SAME DIRECTION","NOT DIVIDED",,"STRAIGHT AND LEVEL","DRY","NO DEFECTS","NOT ON SCENE (DESK REPORT)","NO INJURY / DRIVE AWAY",,,,"OVER $1,500","2026-03-03T08:30:00.000","UNABLE TO DETERMINE","UNABLE TO DETERMINE","7100","S","ASHLAND AVE","735",,,,,,,"2","NO INDICATION OF INJURY","0","0","0","0","0","2","0","8","3","3","41.7648593824","-87.6639401763","POINT (-87.663940176305 41.764859382425)"
"fa9e1839d65cbbd2967093243c5e11d239b89012524e678f3fedf2b89c7469bea184da3c00a5f5c70aa4c7ee7e8ae4cc8c1603552c123f55d4f52e2a387380e5",,"2026-03-03T08:00:00.000","30","UNKNOWN","UNKNOWN","UNKNOWN","UNKNOWN","REAR TO FRONT","UNKNOWN",,"STRAIGHT AND LEVEL","UNKNOWN","UNKNOWN","NOT ON SCENE (DESK REPORT)","NO INJURY / DRIVE AWAY",,,"N","OVER $1,500","2026-03-03T17:00:00.000","UNABLE TO DETERMINE","UNABLE TO DETERMINE","5301","S","MASSASOIT AVE","811",,,,,,,"2","NO INDICATION OF INJURY","0","0","0","0","0","2","0","8","3","3","41.7963030748","-87.7659238948","POINT (-87.765923894823 41.796303074817)"
"b441a829e6b2182f8872d66a16cc40d1daac6272669a0914e22bf2929d025b760da47e243ccfafb60fbf1f6b992c744b6b9a1910c99f8e8e5622f6d096226da2",,"2026-03-03T07:47:00.000","30","NO CONTROLS","NO CONTROLS","CLEAR","DAYLIGHT","SIDESWIPE SAME DIRECTION","ONE-WAY",,"STRAIGHT AND LEVEL","DRY","NO DEFECTS","NOT ON SCENE (DESK REPORT)","NO INJURY / DRIVE AWAY",,,,"OVER $1,500","2026-03-03T08:30:00.000","UNABLE TO DETERMINE","HAD BEEN DRINKING (USE WHEN ARREST IS NOT MADE)","1","W","MADISON ST","112",,,,,,,"2","NO INDICATION OF INJURY","0","0","0","0","0","2","0","7","3","3","41.8819255474","-87.6278666394","POINT (-87.627866639431 41.881925547425)"
"3b336928ef15591bab64cc52e3e3a472db9b064b786e33f84bbc7b9cd1e3e5883b6a59cf0cd8ed1061c42652686fe27cec605fa442321a49b32ef42905ff012c",,"2026-03-03T07:46:00.000","30","STOP SIGN/FLASHER","FUNCTIONING PROPERLY","CLOUDY/OVERCAST","DAYLIGHT","ANGLE","FOUR WAY",,"STRAIGHT AND LEVEL","WET","NO DEFECTS","ON SCENE","NO INJURY / DRIVE AWAY","Y",,,"OVER $1,500","2026-03-03T07:46:00.000","FAILING TO YIELD RIGHT-OF-WAY","NOT APPLICABLE","7000","N","WASHTENAW AVE","2411",,,,,,,"2","NO INDICATION OF INJURY","0","0","0","0","0","3","0","7","3","3","42.0085560168","-87.6975177749","POINT (-87.697517774918 42.008556016829)"
"3dd4bd001b2717cde698208b2050a31849d64e2b9669b2bc5d5f496fb9723b8d6487080019136af5438a753b95a101895391ad17b239f7c3f0e595fd78cb2344",,"2026-03-03T07:45:00.000","30","TRAFFIC SIGNAL","FUNCTIONING PROPERLY","CLEAR","DAYLIGHT","SIDESWIPE SAME DIRECTION","NOT DIVIDED",,"STRAIGHT AND LEVEL","DRY","NO DEFECTS","ON SCENE","INJURY AND / OR TOW DUE TO CRASH",,,,"OVER $1,500","2026-03-03T07:48:00.000","UNABLE TO DETERMINE","UNABLE TO DETERMINE","1333","W","DIVISION ST","1213",,,,,,,"2","NO INDICATION OF INJURY","0","0","0","0","0","2","0","7","3","3","41.9033173454","-87.6618512005","POINT (-87.661851200532 41.903317345372)"
"6598feff597b79c1cd51ef28e34378d7f3599e593694d60c4b8ae5ede7155cdb89052cfbb2c36532a7080960c5c04aa148ce3da70a0c8c12df8410199cd0c42d",,"2026-03-03T07:45:00.000","30","STOP SIGN/FLASHER","NO CONTROLS","CLOUDY/OVERCAST","DAWN","SIDESWIPE SAME DIRECTION","ONE-WAY",,"STRAIGHT AND LEVEL","DRY","NO DEFECTS","NOT ON SCENE (DESK REPORT)","NO INJURY / DRIVE AWAY",,,"Y","$501 - $1,500","2026-03-03T07:56:00.000","FAILING TO YIELD RIGHT-OF-WAY","NOT APPLICABLE","1300","S","PULASKI RD","1011",,,,,,,"2","NO INDICATION OF INJURY","0","0","0","0","0","2","0","7","3","3","41.864251194","-87.7252627897","POINT (-87.725262789691 41.864251193953)"
"594a524a9a876d0e4e8569ce7fa5350536bca7f32b95c2b3562857edda1154698435b04d050f88cb3224d9e0508fac9e33ff1abca8bc022a7592054eda435b00",,"2026-03-03T07:42:00.000","30","NO CONTROLS","NO CONTROLS","CLEAR","DAYLIGHT","REAR END","NOT DIVIDED",,"STRAIGHT AND LEVEL","DRY","NO DEFECTS","NOT ON SCENE (DESK REPORT)","NO INJURY / DRIVE AWAY",,,,"$501 - $1,500","2026-03-03T16:30:00.000","UNABLE TO DETERMINE","UNABLE TO DETERMINE","8059","S","STONY ISLAND AVE","411",,,,,,,"2","NO INDICATION OF INJURY","0","0","0","0","0","2","0","7","3","3","41.7481200087","-87.5853093033","POINT (-87.585309303259 41.748120008663)"
"a886ccd7c7553444e7337d49cbab9a789ed233e7d8b3866aeb448464cb28fb4366c7e6dc49069d5d205bc7c0f702d744c912087b9797bf3935f50fe8dff569a6",,"2026-03-03T07:40:00.000","35","NO CONTROLS","NO CONTROLS","UNKNOWN","DAWN","OTHER OBJECT","DIVIDED - W/MEDIAN (NOT RAISED)",,"STRAIGHT AND LEVEL","UNKNOWN","UNKNOWN","ON SCENE","INJURY AND / OR TOW DUE TO CRASH",,"Y",,"OVER $1,500","2026-03-03T07:41:00.000","PHYSICAL CONDITION OF DRIVER","PHYSICAL CONDITION OF DRIVER","3019","N","AUSTIN AVE","2514",,,,,,,"1","NONINCAPACITATING INJURY","1","0","0","1","0","0","0","7","3","3","41.9353711087","-87.7759633354","POINT (-87.775963335445 41.935371108743)"
"07e3ba44b74cf50fdc5fbe20b3d8c27ce834b123342cfa428b9efcbb55ab70a7f9cc9f0f0dfb60df12eddb6af1143ea8fb34d5d54d5babaf6b4c707843a1a702",,"2026-03-03T07:30:00.000","30","TRAFFIC SIGNAL","FUNCTIONING PROPERLY","UNKNOWN","UNKNOWN","ANGLE","T-INTERSECTION",,"STRAIGHT AND LEVEL","UNKNOWN","UNKNOWN","NOT ON SCENE (DESK REPORT)","NO INJURY / DRIVE AWAY","Y",,"Y","OVER $1,500","2026-03-03T08:30:00.000","DISREGARDING TRAFFIC SIGNALS","NOT APPLICABLE","557","E","75TH ST","624",,,,,,,"2","NO INDICATION OF INJURY","0","0","0","0","0","2","0","7","3","3","41.7583733671","-87.6103969635","POINT (-87.610396963474 41.758373367094)"
"4da79a5e4910669ae43543fb38f09c4a2123a34538aaa80f78b003bf759392922c9d0deef38197df0aba94e8b98b7c206221eecce605ed69b8498c53bdef5116",,"2026-03-03T07:30:00.000","30","NO CONTROLS","NO CONTROLS","CLEAR","DAYLIGHT","PARKED MOTOR VEHICLE","ONE-WAY",,"STRAIGHT AND LEVEL","DRY","UNKNOWN","NOT ON SCENE (DESK REPORT)","NO INJURY / DRIVE AWAY",,,,"$500 OR LESS","2026-03-03T16:00:00.000","UNABLE TO DETERMINE","UNABLE TO DETERMINE","7302","S","CALIFORNIA AVE","835",,,,,,,"2","NO INDICATION OF INJURY","0","0","0","0","0","1","0","7","3","3","41.7607469518","-87.6930688387","POINT (-87.693068838673 41.760746951767)"
"5e7e1e9ddeb18085bba8d627992bcb15c9390e4059fc794d3275b91462e0f7dfd89377b30c9e974210a60fc68447f26171cf488deab65558f9c9f1ac5e3a4039",,"2026-03-03T07:30:00.000","25","STOP SIGN/FLASHER","NO CONTROLS","CLOUDY/OVERCAST","DAYLIGHT","REAR END","ONE-WAY",,"STRAIGHT AND LEVEL","UNKNOWN","UNKNOWN","NOT ON SCENE (DESK REPORT)","NO INJURY / DRIVE AWAY",,,,"$501 - $1,500","2026-03-03T09:30:00.000","UNABLE TO DETERMINE","NOT APPLICABLE","6601","W","GREGORY ST","1613",,,,,,,"2","NO INDICATION OF INJURY","0","0","0","0","0","2","0","7","3","3","41.9819642781","-87.7926650493","POINT (-87.792665049258 41.981964278141)"
"b454531380fd06b3e8022e8c0f745b6910fcdcc4444a7d78f01bf5f387ebbeb97e7c6e36049e1aa03098f10d9cf509efb3cd3c4c03256a542459d7252970cca7",,"2026-03-03T07:30:00.000","30","NO CONTROLS","NO CONTROLS","CLEAR","DAYLIGHT","PARKED MOTOR VEHICLE","ONE-WAY",,"STRAIGHT AND LEVEL","DRY","NO DEFECTS","NOT ON SCENE (DESK REPORT)","NO INJURY / DRIVE AWAY",,,,"OVER $1,500","2026-03-03T17:40:00.000","FAILING TO REDUCE SPEED TO AVOID CRASH","NOT APPLICABLE","6645","W","GREGORY ST","1613",,,,,,,"2","NO INDICATION OF INJURY","0","0","0","0","0","1","0","7","3","3","41.9820188257","-87.7944385264","POINT (-87.794438526378 41.982018825748)"
"645ef62190c3fa13923f5c5af58c5422a5104d3d88ccc4f5c247faad9948b21767576845e4630847acfc5648b736b75aa47801be60c903b3b3a38335e0eaaf09",,"2026-03-03T07:20:00.000","30","NO CONTROLS","NO CONTROLS","CLEAR","DAYLIGHT","REAR END","NOT DIVIDED",,"STRAIGHT AND LEVEL","DRY","NO DEFECTS","ON SCENE","NO INJURY / DRIVE AWAY",,,"Y","OVER $1,500","2026-03-03T07:30:00.000","FAILING TO REDUCE SPEED TO AVOID CRASH","FOLLOWING TOO CLOSELY","6857","W","HIGGINS AVE","1613",,,,,,,"2","NO INDICATION OF INJURY","0","0","0","0","0","3","0","7","3","3","41.9794318375","-87.7996938977","POINT (-87.799693897734 41.979431837517)"
"eb9f0cde3e90727cf5d1455b56e52d13e832a0083d0496a7957d9815185654c1b97baae82a871153ffff1f2f0da5e4dcdf9bbd004d140f871ca5c88b08a97681",,"2026-03-03T07:20:00.000","35","NO CONTROLS","NO CONTROLS","CLEAR","DAYLIGHT","SIDESWIPE SAME DIRECTION","NOT DIVIDED",,"STRAIGHT AND LEVEL","DRY","NO DEFECTS",,"NO INJURY / DRIVE AWAY",,,"Y","$501 - $1,500","2026-03-03T07:30:00.000","UNABLE TO DETERMINE","UNABLE TO DETERMINE","5129","W","MONTROSE AVE","1624",,,,,,,"2","NO INDICATION OF INJURY","0","0","0","0","0","2","0","7","3","3","41.9605111337","-87.7556665928","POINT (-87.755666592843 41.960511133702)"
"7e82927d1c08d7600a45886f976181ca43a918a28de1f83912f31e5eabfcb873e365a43f34522f3cb08c49320bc41f54fedd2577c04fbeef200145e4ee33aa13",,"2026-03-03T07:15:00.000","30","NO CONTROLS","NO CONTROLS","CLEAR","DAYLIGHT","SIDESWIPE SAME DIRECTION","DIVIDED - W/MEDIAN BARRIER",,"STRAIGHT AND LEVEL","DRY","UNKNOWN","ON SCENE","NO INJURY / DRIVE AWAY",,,,"OVER $1,500","2026-03-03T07:30:00.000","IMPROPER LANE USAGE","NOT APPLICABLE","1500","N","LAKE SHORE DR SB","1824",,,,,,,"2","NO INDICATION OF INJURY","0","0","0","0","0","2","0","7","3","3","41.9095798667","-87.6260817682","POINT (-87.626081768182 41.909579866705)"
"e9b46a7b17838e6857df65b7ce084b237fd0d2cbab29648d43f518892944ab45243b3fe5060f4d6d0520b56dbb0c2cf0aaa3a1a1230ff56e26eafd4c40d993b0",,"2026-03-03T07:01:00.000","30","TRAFFIC SIGNAL","FUNCTIONING PROPERLY","CLEAR","DAYLIGHT","TURNING","DIVIDED - W/MEDIAN BARRIER",,"STRAIGHT AND LEVEL","DRY","NO DEFECTS","NOT ON SCENE (DESK REPORT)","NO INJURY / DRIVE AWAY",,,,"OVER $1,500","2026-03-03T07:15:00.000","IMPROPER TURNING/NO SIGNAL","DRIVING SKILLS/KNOWLEDGE/EXPERIENCE","100","W","CERMAK RD","131",,,,,,,"2","NO INDICATION OF INJURY","0","0","0","0","0","2","0","7","3","3","41.8529912193","-87.629386933","POINT (-87.629386933044 41.852991219253)"
"16213993afc6595f4ad7fa63519ffcfe4e8a7c616abf288b334e692b2b43f7021e968fb8bddc0a4e40ba6837228bfa788381e1f16c178986a1adcc4751eb14eb","Y","2026-03-03T07:00:00.000","30","NO CONTROLS","NO CONTROLS","RAIN","DAYLIGHT","PARKED MOTOR VEHICLE","T-INTERSECTION",,"STRAIGHT AND LEVEL","WET","NO DEFECTS","ON SCENE","INJURY AND / OR TOW DUE TO CRASH",,,"Y","OVER $1,500","2026-03-03T07:35:00.000","UNABLE TO DETERMINE","UNABLE TO DETERMINE","3015","N","PULASKI RD","2523",,,,,,,"2","NO INDICATION OF INJURY","0","0","0","0","0","1","0","7","3","3","41.9358659126","-87.7269443558","POINT (-87.726944355806 41.935865912592)"
"773efa3617070bfc73d537751af71517955ceaccdfeaeaae098ce5c6f786853bbbf0df9c1d7897e0450a0c54958393fd005ff2ac9f61a49cd0d9422067eaafe3",,"2026-03-03T07:00:00.000","30","NO CONTROLS","NO CONTROLS","CLEAR","DAYLIGHT","PARKED MOTOR VEHICLE","NOT DIVIDED",,"STRAIGHT AND LEVEL","DRY","UNKNOWN","NOT ON SCENE (DESK REPORT)","NO INJURY / DRIVE AWAY",,,"Y","$501 - $1,500","2026-03-07T13:00:00.000","UNABLE TO DETERMINE","UNABLE TO DETERMINE","2102","W","SUNNYSIDE AVE","1911",,,,,,,"2","NO INDICATION OF INJURY","0","0","0","0","0","1","0","7","3","3","41.9633581256","-87.680802529","POINT (-87.680802528956 41.963358125594)"
"b1f6fec089c90db446d52a5d3a554df29f1bc90f1ad677ded4955b3f756e09c216519ea3ee28f0169985897dfe4f1c57e507171990323b1fd33c43a7082c5f70",,"2026-03-03T06:55:00.000","30","NO CONTROLS","NO CONTROLS","CLOUDY/OVERCAST","DAYLIGHT","PEDALCYCLIST","NOT DIVIDED",,"STRAIGHT AND LEVEL","DRY","NO DEFECTS","ON SCENE","INJURY AND / OR TOW DUE TO CRASH",,,,"$501 - $1,500","2026-03-03T06:57:00.000","FAILING TO YIELD RIGHT-OF-WAY","NOT APPLICABLE","1520","W","HARRISON ST","1231",,,,,,,"2","INCAPACITATING INJURY","1","0","1","0","0","1","0","6","3","3","41.8743251279","-87.6651417459","POINT (-87.665141745938 41.874325127882)"
"4e9166b570ddbc4da1345f938490ae65957096ed0b58cdadea8d54e83ca7fe480d199111a3ac98ab371f6b90e6819470bb7bbb026f1b412a6fcf3dd7afd8e68f",,"2026-03-03T06:54:00.000","30","NO CONTROLS","NO CONTROLS","CLEAR","DAWN","REAR END","NOT DIVIDED",,"STRAIGHT AND LEVEL","DRY","NO DEFECTS","NOT ON SCENE (DESK REPORT)","NO INJURY / DRIVE AWAY",,,,"OVER $1,500","2026-03-03T10:00:00.000","FOLLOWING TOO CLOSELY","FAILING TO REDUCE SPEED TO AVOID CRASH","3145","W","COLUMBUS AVE","835",,,,,,,"2","NO INDICATION OF INJURY","0","0","0","0","0","2","0","6","3","3","41.7508140261","-87.7014178399","POINT (-87.701417839949 41.750814026101)"
"6aa1752f10a6323acf6438dcac1dffdf7805b96defb7e047fa5ef50d93d7b43e59be7c01598c70a5cb6594f2fd10f532c07956a4add3755653ada2bbbd70d490",,"2026-03-03T06:51:00.000","30","UNKNOWN","UNKNOWN","CLEAR","DAWN","REAR END","NOT DIVIDED",,"STRAIGHT AND LEVEL","UNKNOWN","UNKNOWN","NOT ON SCENE (DESK REPORT)","INJURY AND / OR TOW DUE TO CRASH",,,"Y","OVER $1,500","2026-03-03T08:26:00.000","UNABLE TO DETERMINE","UNABLE TO DETERMINE","2398","W","87TH ST","614",,,,,,,"2","REPORTED, NOT EVIDENT","1","0","0","0","1","1","0","6","3","3","41.7356384439","-87.682405788","POINT (-87.682405788023 41.735638443917)"
"0d2e14b6281c1332f5150ea894d0d175395c97ad0cd34c4dfae724d3af541250f782080f18d9f38bef44077ed9b3acc3ee63c09981fecfe22e0a2a8b9a4f4652",,"2026-03-03T06:50:00.000","30","TRAFFIC SIGNAL","FUNCTIONING PROPERLY","CLOUDY/OVERCAST","DAYLIGHT","REAR END","DIVIDED - W/MEDIAN (NOT RAISED)",,"STRAIGHT AND LEVEL","UNKNOWN","UNKNOWN","NOT ON SCENE (DESK REPORT)","NO INJURY / DRIVE AWAY","Y",,,"OVER $1,500","2026-03-03T09:00:00.000","FOLLOWING TOO CLOSELY","UNABLE TO DETERMINE","100","N","HAMLIN BLVD","1122",,,,,,,"2","NO INDICATION OF INJURY","0","0","0","0","0","2","0","6","3","3","41.8819494777","-87.7209688023","POINT (-87.720968802268 41.881949477729)"
"b3a03b36aacdbb549a66b566fecafa2f8b0e31c7496dd6ff1c569370dc94bab31932051ca624e8eb561b6f7f0c505268840b2f3ce4c341acf5eff0a04213928a",,"2026-03-03T06:40:00.000","30","NO CONTROLS","NO CONTROLS","CLEAR","DAYLIGHT","TURNING","DIVIDED - W/MEDIAN BARRIER",,"STRAIGHT AND LEVEL","WET","NO DEFECTS","ON SCENE","INJURY AND / OR TOW DUE TO CRASH",,,,"OVER $1,500","2026-03-03T06:45:00.000","IMPROPER TURNING/NO SIGNAL","NOT APPLICABLE","1400","S","TALMAN AVE","1023",,,,,,,"2","NO INDICATION OF INJURY","0","0","0","0","0","2","0","6","3","3","41.8627028321","-87.6921683449","POINT (-87.692168344852 41.862702832118)"
"c4af5901fc373b52ce6f6b6897499638e433e6e4727358020fa96e23b194ef0a7e90acf062058be27b688fa8c3b428ff2f71c9650d8e99a58810e1d8ddf2f3d0",,"2026-03-03T06:40:00.000","30","NO CONTROLS","NO CONTROLS","CLEAR","DAYLIGHT","SIDESWIPE SAME DIRECTION","NOT DIVIDED",,"STRAIGHT AND LEVEL","DRY","NO DEFECTS","NOT ON SCENE (DESK REPORT)","NO INJURY / DRIVE AWAY",,,"Y","OVER $1,500","2026-03-03T07:04:00.000","UNABLE TO DETERMINE","NOT APPLICABLE","300","S","SACRAMENTO BLVD","1124",,,,,,,"2","NO INDICATION OF INJURY","0","0","0","0","0","2","0","6","3","3","41.8773028284","-87.7012537884","POINT (-87.701253788355 41.877302828389)"
"a03ed96a4e25300df9f74a5908500e5357608f478637d13186fc4402e8366ea907a555f69421d4973c2e7319772cac24c402e1a0743bae8cca13b933bd0b5898",,"2026-03-03T06:30:00.000","30","STOP SIGN/FLASHER","FUNCTIONING PROPERLY","CLEAR","DAYLIGHT","ANGLE","DIVIDED - W/MEDIAN (NOT RAISED)",,"STRAIGHT AND LEVEL","DRY","NO DEFECTS","ON SCENE","INJURY AND / OR TOW DUE TO CRASH","Y",,,"OVER $1,500","2026-03-03T06:43:00.000","UNABLE TO DETERMINE","NOT APPLICABLE","4500","W","KINZIE ST","1111",,,,,,,"2","REPORTED, NOT EVIDENT","2","0","0","0","2","0","0","6","3","3","41.8877401328","-87.7382701169","POINT (-87.738270116892 41.887740132764)"
"b2cc5a1bad8b44c8c9561b308502c0d0de57cf4799206ba5427ba57c845af6cf65063d06994df6d73b58f3402deb9c934260ab022a5c6e2a132848c0d225bea2",,"2026-03-03T06:30:00.000","30","TRAFFIC SIGNAL","FUNCTIONING PROPERLY","CLOUDY/OVERCAST","DAYLIGHT","REAR END","DIVIDED - W/MEDIAN (NOT RAISED)",,"STRAIGHT AND LEVEL","DRY","UNKNOWN","NOT ON SCENE (DESK REPORT)","NO INJURY / DRIVE AWAY",,,"Y","OVER $1,500","2026-03-03T07:30:00.000","UNABLE TO DETERMINE","UNABLE TO DETERMINE","5901","S","WESTERN AVE","825",,,,,,,"2","NO INDICATION OF INJURY","0","0","0","0","0","5","0","6","3","3","41.7864408438","-87.6836819565","POINT (-87.683681956485 41.786440843824)"
"61dcf26ac353b2bcfb76173076adc1c44f824d0efbd878d1d594758c55aa5bae9a1a318e11f3506048e25d279710f8a4f21e4d38759b8396fc8d0bdbd8c520c2",,"2026-03-03T06:20:00.000","30","STOP SIGN/FLASHER","FUNCTIONING PROPERLY","CLEAR","DAYLIGHT","REAR END","DIVIDED - W/MEDIAN (NOT RAISED)",,"STRAIGHT AND LEVEL","DRY","UNKNOWN","ON SCENE","INJURY AND / OR TOW DUE TO CRASH",,,,"OVER $1,500","2026-03-04T06:43:00.000","UNABLE TO DETERMINE","UNABLE TO DETERMINE","5509","S","HARLEM AVE","811",,,,,,,"4","NO INDICATION OF INJURY","0","0","0","0","0","4","0","6","3","3","41.7916115156","-87.8013683109","POINT (-87.801368310903 41.791611515639)"
"9252d3ed47c0107b2a720a108f01e4d7a51f656d10d7e8728e5816a5147015cba7e00e2d2c12578dfb4872d777a94dcfa11ff6768ad4f48d341c62180419e48e",,"2026-03-03T06:14:00.000","30","NO CONTROLS","NO CONTROLS","RAIN","DAWN","SIDESWIPE SAME DIRECTION","NOT DIVIDED",,"STRAIGHT AND LEVEL","WET","NO DEFECTS","NOT ON SCENE (DESK REPORT)","NO INJURY / DRIVE AWAY",,,,"OVER $1,500","2026-03-03T06:40:00.000","IMPROPER LANE USAGE","UNABLE TO DETERMINE","4000","W","BELMONT AVE","1731",,,,,,,"2","NO INDICATION OF INJURY","0","0","0","0","0","3","0","6","3","3","41.9392037499","-87.7273101341","POINT (-87.727310134144 41.939203749866)"
"e224019ff67d3447de6dd5a15eba996f338276744a83f623d9749a6720a4d1065d64717f3a90f06ac8bec04aac6599f4b1583bc4f07e9aad0ae5b31319ac7a85",,"2026-03-03T06:13:00.000","30","NO CONTROLS","NO CONTROLS","CLEAR","DARKNESS, LIGHTED ROAD","PEDESTRIAN","NOT DIVIDED",,"CURVE ON GRADE","WET","NO DEFECTS","NOT ON SCENE (DESK REPORT)","INJURY AND / OR TOW DUE TO CRASH",,,,"$500 OR LESS","2026-03-03T07:50:00.000","FAILING TO YIELD RIGHT-OF-WAY","FAILING TO REDUCE SPEED TO AVOID CRASH","440","N","WABASH AVE","1834",,,,,,,"2","REPORTED, NOT EVIDENT","1","0","0","0","1","1","0","6","3","3","41.8904864444","-87.6268244603","POINT (-87.626824460289 41.890486444372)"