"crash_record_id","crash_date_est_i","crash_date","posted_speed_limit","traffic_control_device","device_condition","weather_condition","lighting_condition","first_crash_type","trafficway_type","lane_cnt","alignment","roadway_surface_cond","road_defect","report_type","crash_type","intersection_related_i","private_property_i","hit_and_run_i","damage","date_police_notified","prim_contributory_cause","sec_contributory_cause","street_no","street_direction","street_name","beat_of_occurrence","photos_taken_i","statements_taken_i","dooring_i","work_zone_i","work_zone_type","workers_present_i","num_units","most_severe_injury","injuries_total","injuries_fatal","injuries_incapacitating","injuries_non_incapacitating","injuries_reported_not_evident","injuries_no_indication","injuries_unknown","crash_hour","crash_day_of_week","crash_month","latitude","longitude","location"
"43c8ae5ce34507270e384ec92607dbb3b6b4faa5984ddcdd2dca5ea5f3b6a88ef2c693aaa0a2cd83ab755c0697b34861ab358152e23512e8155e527e49d24dc7",,"2026-03-03T06:05:00.000","30","STOP SIGN/FLASHER","OTHER","CLOUDY/OVERCAST","DAYLIGHT","TURNING","FOUR WAY",,"STRAIGHT AND LEVEL","WET","OTHER","ON SCENE","INJURY AND / OR TOW DUE TO CRASH","Y",,,"OVER $1,500","2026-03-03T06:05:00.000","FAILING TO YIELD RIGHT-OF-WAY","ROAD CONSTRUCTION/MAINTENANCE","3700","W","71ST ST","833",,,,"N",,,"2","NO INDICATION OF INJURY","0","0","0","0","0","2","0","6","3","3","41.7643134949","-87.7151117531","POINT (-87.715111753123 41.764313494891)"
"24f014ac90d23b29f91c5fd0db7bdc9cd7c3274d262e20c6385a7dc253812d04e1aa54411dd1d274d16c87fceb237b3cbb6b2a146fa5c61781acf1199d8137ef","Y","2026-03-03T06:00:00.000","15","NO CONTROLS","NO CONTROLS","CLEAR","DAYLIGHT","PARKED MOTOR VEHICLE","PARKING LOT",,"STRAIGHT AND LEVEL","WET","NO DEFECTS","ON SCENE","NO INJURY / DRIVE AWAY","Y","Y",,"OVER $1,500","2026-03-03T10:00:00.000","UNABLE TO DETERMINE","NOT APPLICABLE","5441","N","EAST RIVER RD","1614",,,,,,,"2","NO INDICATION OF INJURY","0","0","0","0","0","1","0","6","3","3","41.9783071461","-87.846315578","POINT (-87.846315578024 41.978307146086)"
"76cd1debaf90bf3adfb4eac415e93d202e0dbabc1d489206210f9e449f46b94116b681bd81f1679ab15d9ce6d76f60c1ef5be7b48115b03c53a0114d177687db",,"2026-03-03T05:15:00.000","25","NO CONTROLS","NO CONTROLS","CLEAR","DAYLIGHT","PARKED MOTOR VEHICLE","ONE-WAY",,"STRAIGHT AND LEVEL","DRY","NO DEFECTS","NOT ON SCENE (DESK REPORT)","NO INJURY / DRIVE AWAY",,,"Y","$501 - $1,500","2026-03-03T10:41:00.000","UNABLE TO DETERMINE","UNABLE TO DETERMINE","7444","S","PAXTON AVE","333",,,,,,,"2","NO INDICATION OF INJURY","0","0","0","0","0","1","0","5","3","3","41.7594207263","-87.5713858965","POINT (-87.571385896503 41.759420726282)"
"6c06dd006c9055dce118cc6c04c92b31ec1361b77f5a977654f6517af287c26ed33ba25c895ea6a8368804c96a453adb68a7d20c5e05de79373b11873f876bbf",,"2026-03-03T04:55:00.000","15","NO CONTROLS","NO CONTROLS","UNKNOWN","DARKNESS, LIGHTED ROAD","PARKED MOTOR VEHICLE","ONE-WAY",,"STRAIGHT AND LEVEL","WET","NO DEFECTS","ON SCENE","INJURY AND / OR TOW DUE TO CRASH",,,,"OVER $1,500","2026-03-03T07:38:00.000","NOT APPLICABLE","NOT APPLICABLE","2450","N","KILBOURN AVE","2521",,,,,,,"2","NO INDICATION OF INJURY","0","0","0","0","0","2","0","4","3","3","41.9259386679","-87.7391974816","POINT (-87.739197481626 41.925938667868)"
"04234a9c555c781cada50bb60faafe8e7a2dc16f244d45e74fcc7e8d9dbddc9506d37e979dd67ac290ff0baf6bfc2c5675e5c983523678393f57b5c8eae78209",,"2026-03-03T02:00:00.000","20","NO CONTROLS","NO CONTROLS","CLEAR","DARKNESS, LIGHTED ROAD","PARKED MOTOR VEHICLE","ONE-WAY",,"STRAIGHT AND LEVEL","DRY","UNKNOWN","NOT ON SCENE (DESK REPORT)","NO INJURY / DRIVE AWAY",,,"Y","OVER $1,500","2026-03-03T11:05:00.000","UNABLE TO DETERMINE","UNABLE TO DETERMINE","4815","W","MONROE ST","1533",,,,,,,"2","NO INDICATION OF INJURY","0","0","0","0","0","1","0","2","3","3","41.8793845349","-87.7458688775","POINT (-87.745868877544 41.879384534895)"
"40179a1f80b51164658d46e69266c857c6b59cc51534c86cfd7f9e912cff7437775603b2510b74bb2b40471ef64753dc0bff5ac6de33279b408b706f92075d8e",,"2026-03-03T01:55:00.000","30","TRAFFIC SIGNAL","FUNCTIONING PROPERLY","CLEAR","DARKNESS, LIGHTED ROAD","ANGLE","NOT DIVIDED",,"STRAIGHT AND LEVEL","DRY","NO DEFECTS","ON SCENE","INJURY AND / OR TOW DUE TO CRASH","Y",,,"OVER $1,500","2026-03-03T01:55:00.000","DISREGARDING TRAFFIC SIGNALS","UNABLE TO DETERMINE","2000","N","CICERO AVE","2522",,,,,,,"3","NONINCAPACITATING INJURY","1","0","0","1","0","1","0","1","3","3","41.9169733245","-87.7462602225","POINT (-87.746260222511 41.916973324511)"
"bb3a43768f6ac26c2ee42251fc106de1d772aeb915d728673bf908c0a238a2865b9d30e65711f3601d0aabe352de1826c8ebd558e4e5053eb007f8ef70743f56",,"2026-03-03T01:30:00.000","25","NO CONTROLS","NO CONTROLS","CLEAR","DARKNESS, LIGHTED ROAD","PARKED MOTOR VEHICLE","DIVIDED - W/MEDIAN (NOT RAISED)",,"STRAIGHT ON GRADE","DRY","NO DEFECTS","NOT ON SCENE (DESK REPORT)","INJURY AND / OR TOW DUE TO CRASH",,,"Y","OVER $1,500","2026-03-03T23:50:00.000","FAILING TO REDUCE SPEED TO AVOID CRASH","UNABLE TO DETERMINE","1848","W","ESTES AVE","2424",,,,,,,"2","NO INDICATION OF INJURY","0","0","0","0","0","1","0","1","3","3","42.0114599888","-87.6778291322","POINT (-87.677829132197 42.011459988789)"
"51c3bb2f6d213f7f63421425515371d4f906cc1e48b59b819d741749c9aa7f17ce080e76b3c27bff0eddb96bf2e396b4177888c05f7bfd6f6860fee4e5963931",,"2026-03-03T00:10:00.000","35","TRAFFIC SIGNAL","FUNCTIONING PROPERLY","CLEAR","DARKNESS, LIGHTED ROAD","REAR END","DIVIDED - W/MEDIAN BARRIER",,"STRAIGHT AND LEVEL","DRY","NO DEFECTS","ON SCENE","INJURY AND / OR TOW DUE TO CRASH",,,,"$500 OR LESS","2026-03-03T00:11:00.000","UNABLE TO DETERMINE","UNABLE TO DETERMINE","9101","S","HALSTED ST","2223",,,,,,,"2","REPORTED, NOT EVIDENT","1","0","0","0","1","2","0","0","3","3","41.7286804414","-87.6432650952","POINT (-87.643265095171 41.728680441439)"
"cd25ad0b37d40b6a96527255434b1e81a2869e63663be67268b59fe35a9075d6b3d4a6bca1e0ce8c78776bd0f72f210113aa00a3484e4e8d2be68ad8ea94b7f4",,"2026-03-02T23:50:00.000","30","TRAFFIC SIGNAL","FUNCTIONING PROPERLY","CLEAR","DARKNESS, LIGHTED ROAD","OTHER OBJECT","NOT DIVIDED",,"STRAIGHT AND LEVEL","DRY","NO DEFECTS","ON SCENE","INJURY AND / OR TOW DUE TO CRASH",,,"N","OVER $1,500","2026-03-02T23:55:00.000","UNABLE TO DETERMINE","UNABLE TO DETERMINE","15","N","PULASKI RD","1122",,,,"N",,,"1","NO INDICATION OF INJURY","0","0","0","0","0","1","0","23","2","3","41.8811907616","-87.7255356966","POINT (-87.725535696617 41.881190761638)"
"97d955fdfc537a544c5f73df15134c9c32ff55725a80eeef11d9391b110c1914a70f2d00a748a7bda8b5e6f7ec862e83f8b513a80084993816e88be00b85886c",,"2026-03-02T23:30:00.000","25","TRAFFIC SIGNAL","FUNCTIONING PROPERLY","CLEAR","DARKNESS, LIGHTED ROAD","ANGLE","NOT DIVIDED",,"STRAIGHT AND LEVEL","DRY","NO DEFECTS",,"INJURY AND / OR TOW DUE TO CRASH","Y",,"Y","OVER $1,500","2026-03-03T09:00:00.000","DISREGARDING TRAFFIC SIGNALS","OPERATING VEHICLE IN ERRATIC, RECKLESS, CARELESS, NEGLIGENT OR AGGRESSIVE MANNER","5200","W","WELLINGTON AVE","2514",,,,,,,"4","NO INDICATION OF INJURY","0","0","0","0","0","3","0","23","2","3","41.9351598926","-87.7566816549","POINT (-87.756681654867 41.935159892552)"
"7a0d65936f37fba76c4f2f2bf0de4b4c5a33d4ff05033ca61db945c988ce1422219cef1167b03ebd1d467d1345494ced6b61a94dca771927ce137482b5822bfc",,"2026-03-02T23:02:00.000","20","NO CONTROLS","NO CONTROLS","UNKNOWN","UNKNOWN","PARKED MOTOR VEHICLE","UNKNOWN",,"STRAIGHT AND LEVEL","UNKNOWN","UNKNOWN","NOT ON SCENE (DESK REPORT)","NO INJURY / DRIVE AWAY",,,"Y","OVER $1,500","2026-03-05T18:00:00.000","UNABLE TO DETERMINE","UNABLE TO DETERMINE","8126","S","HOUSTON AVE","422",,,,,,,"2","NO INDICATION OF INJURY","0","0","0","0","0","1","0","23","2","3","41.7474828082","-87.5505370788","POINT (-87.550537078824 41.747482808249)"
"1c17ed2d6f89d0cb3dbf196b5cfd7613e42c60525f6ee98a8dac6cc16f1180fe31e8cb1801d2886259697eccc1a7a9548ce1255869ac74187389adc0386892d1",,"2026-03-02T22:44:00.000","35","NO CONTROLS","NO CONTROLS","CLEAR","DARKNESS, LIGHTED ROAD","PEDALCYCLIST","NOT DIVIDED",,"STRAIGHT AND LEVEL","DRY","NO DEFECTS","ON SCENE","INJURY AND / OR TOW DUE TO CRASH",,,,"OVER $1,500","2026-03-02T22:49:00.000","UNABLE TO DETERMINE","UNABLE TO DETERMINE","4336","W","ARMITAGE AVE","2522",,,"Y",,,,"2","NONINCAPACITATING INJURY","1","0","0","1","0","1","0","22","2","3","41.9171647731","-87.7353969811","POINT (-87.735396981083 41.917164773067)"
"a248d5c1a4ad3935fce57b755119faee8b17096f49038d9374e38bae015964a090f7aa74c2a9980da9b14e3a6496fed87258b5730e77e1daf2003de32a4fd1ca",,"2026-03-02T22:35:00.000","30","STOP SIGN/FLASHER","FUNCTIONING PROPERLY","CLEAR","DARKNESS, LIGHTED ROAD","TURNING","T-INTERSECTION",,"STRAIGHT AND LEVEL","DRY","NO DEFECTS","ON SCENE","INJURY AND / OR TOW DUE TO CRASH","Y",,,"OVER $1,500","2026-03-02T22:46:00.000","FAILING TO YIELD RIGHT-OF-WAY","FAILING TO YIELD RIGHT-OF-WAY","5100","S","UNIVERSITY AVE","233",,,,,,,"2","NONINCAPACITATING INJURY","1","0","0","1","0","1","0","22","2","3","41.8022756234","-87.598392145","POINT (-87.59839214504 41.802275623386)"
"977c0ed39d2d8d29102bab93bd3b3b2e81d26757e2b99e51d5da6b5ed96352d0270bdafaff0327753e44a4f7009f5a2e4b44c379ba787abb61128683c70c313d",,"2026-03-02T22:32:00.000","30","NO CONTROLS","NO CONTROLS","CLEAR","DARKNESS, LIGHTED ROAD","PARKED MOTOR VEHICLE","NOT DIVIDED",,"STRAIGHT AND LEVEL","DRY","UNKNOWN","ON SCENE","NO INJURY / DRIVE AWAY",,,"Y","OVER $1,500","2026-03-02T22:53:00.000","UNABLE TO DETERMINE","UNABLE TO DETERMINE","718","W","66TH PL","723",,,,,,,"2","NO INDICATION OF INJURY","0","0","0","0","0","1","0","22","2","3","41.7735152891","-87.6434395547","POINT (-87.643439554723 41.773515289143)"
"0ab9aa006b64792ec1c3a5ed65c2f1157d0ac0e21cfe93560a3b83c5211627f71afb242256f5969647e81b612a0a0dc82771913fca59e3eb56a0230ccd5f168a",,"2026-03-02T22:10:00.000","25","NO CONTROLS","NO CONTROLS","CLEAR","DARKNESS, LIGHTED ROAD","PARKED MOTOR VEHICLE","ONE-WAY",,"STRAIGHT AND LEVEL","DRY","UNKNOWN","NOT ON SCENE (DESK REPORT)","NO INJURY / DRIVE AWAY",,,"Y","OVER $1,500","2026-03-02T22:50:00.000","UNABLE TO DETERMINE","UNABLE TO DETERMINE","6940","S","BELL AVE","832",,,,,,,"2","NO INDICATION OF INJURY","0","0","0","0","0","1","0","22","2","3","41.7671557348","-87.6797039554","POINT (-87.679703955429 41.767155734835)"
"ad10dccd1d6a42e113750faf1778aa79dccf60847595b3adf2af49a2e23217ae9cb96bc0e9df05e290909326a83c637bd4d822a74db48f446d521af01bc058ff",,"2026-03-02T22:00:00.000","45","TRAFFIC SIGNAL","FUNCTIONING PROPERLY","UNKNOWN","DARKNESS, LIGHTED ROAD","SIDESWIPE SAME DIRECTION","DIVIDED - W/MEDIAN BARRIER",,"STRAIGHT AND LEVEL","UNKNOWN","UNKNOWN","NOT ON SCENE (DESK REPORT)","NO INJURY / DRIVE AWAY",,,,"OVER $1,500","2026-03-03T08:00:00.000","UNABLE TO DETERMINE","NOT APPLICABLE","100","S","LAKE SHORE DR SB","114",,,,,,,"2","NO INDICATION OF INJURY","0","0","0","0","0","2","0","22","2","3","41.8808560477","-87.6176358918","POINT (-87.617635891755 41.880856047671)"
"1e03f7673a4861115db28c010f77857e4effe87d7ac6cbd777efb86ee6c0df3db2c88af56ff0b01522608d619054840bb94b62481abff50f8531b962772ede67",,"2026-03-02T21:48:00.000","30","TRAFFIC SIGNAL","FUNCTIONING PROPERLY","CLEAR","DARKNESS, LIGHTED ROAD","TURNING","DIVIDED - W/MEDIAN (NOT RAISED)",,"STRAIGHT AND LEVEL","DRY","UNKNOWN","NOT ON SCENE (DESK REPORT)","NO INJURY / DRIVE AWAY","Y",,,"OVER $1,500","2026-03-10T20:15:00.000","UNABLE TO DETERMINE","UNABLE TO DETERMINE","4000","W","26TH ST","1013",,,,,,,"2","NO INDICATION OF INJURY","0","0","0","0","0","2","0","21","2","3","41.8443648213","-87.7246141354","POINT (-87.724614135449 41.844364821304)"
"96f31e75238bfea2415093f99c4cce5db72f0f8f26fdfb194432e195ac1c4021b67ae27f486cd3e86a9e1589928a1961b7883a674d96f96870968853980b64ee",,"2026-03-02T21:43:00.000","20","NO CONTROLS","NO CONTROLS","CLEAR","DARKNESS","ANGLE","NOT DIVIDED",,"STRAIGHT AND LEVEL","DRY","NO DEFECTS","ON SCENE","INJURY AND / OR TOW DUE TO CRASH",,,,"OVER $1,500","2026-03-02T21:44:00.000","FAILING TO YIELD RIGHT-OF-WAY","FAILING TO YIELD RIGHT-OF-WAY","115","E","42ND ST","213",,,,,,,"2","REPORTED, NOT EVIDENT","1","0","0","0","1","3","0","21","2","3","41.8182435376","-87.6223548908","POINT (-87.622354890772 41.818243537638)"
"5f72be3459f0e426c26a54eb0160b5e7cc81b04289bd8082bc8ec2a79a355ce2bfae7a4f12d5bba2bab2f364cc713298dcf6b8cc5eb00ac480ed7274cd28606e",,"2026-03-02T21:01:00.000","30","NO CONTROLS","NO CONTROLS","CLEAR","DARKNESS, LIGHTED ROAD","SIDESWIPE SAME DIRECTION","DIVIDED - W/MEDIAN (NOT RAISED)",,"STRAIGHT AND LEVEL","UNKNOWN","UNKNOWN","ON SCENE","NO INJURY / DRIVE AWAY",,,"Y","OVER $1,500","2026-03-02T21:04:00.000","UNABLE TO DETERMINE","UNABLE TO DETERMINE","5630","W","BELMONT AVE","1633",,,,,,,"2","NO INDICATION OF INJURY","0","0","0","0","0","2","0","21","2","3","41.9386693214","-87.7677755434","POINT (-87.767775543408 41.938669321443)"
"946ee5ee2ea9e1614ad095772b0b8d0d666ce96ba6f70e8f83b9ef85bc219ddd10d47a9d218a04fbe9f4ed57496898d6fb6b61858d410597f745c21141eb640b",,"2026-03-02T21:00:00.000","20","NO CONTROLS","NO CONTROLS","UNKNOWN","DARKNESS, LIGHTED ROAD","PARKED MOTOR VEHICLE","NOT DIVIDED",,"STRAIGHT AND LEVEL","UNKNOWN","UNKNOWN","NOT ON SCENE (DESK REPORT)","NO INJURY / DRIVE AWAY",,,"Y","OVER $1,500","2026-03-03T13:50:00.000","UNABLE TO DETERMINE","UNABLE TO DETERMINE","3455","W","FOSTER AVE","1712",,,,,,,"2","NO INDICATION OF INJURY","0","0","0","0","0","1","0","21","2","3","41.9755571044","-87.7157699773","POINT (-87.715769977262 41.975557104378)"
"9216f8a70554f5fb1c262543002304c10bd6c6c91f272bf35e175cae730ef45fc75690e17a6d2b85926a0c2b9b9522ce34486210f93e742220a50bef81e24e4a",,"2026-03-02T20:50:00.000","30","STOP SIGN/FLASHER","FUNCTIONING PROPERLY","CLEAR","DARKNESS, LIGHTED ROAD","TURNING","T-INTERSECTION",,"STRAIGHT AND LEVEL","DRY","NO DEFECTS","ON SCENE","INJURY AND / OR TOW DUE TO CRASH",,,,"OVER $1,500","2026-03-02T20:53:00.000","DRIVING SKILLS/KNOWLEDGE/EXPERIENCE","DRIVING SKILLS/KNOWLEDGE/EXPERIENCE","5758","S","COTTAGE GROVE AVE","233",,,,,,,"2","NO INDICATION OF INJURY","0","0","0","0","0","4","0","20","2","3","41.7896021988","-87.6062666983","POINT (-87.606266698255 41.789602198824)"
"58258a4e2b2045505ac8c7b516bfd81132d3c0d47d420d169a56be7ebf35b9ddbf2324962bfe6327741002fa4f01722869a884580304e37edd5cd87cb6c352bf",,"2026-03-02T20:46:00.000","30","STOP SIGN/FLASHER","NO CONTROLS","CLEAR","DARKNESS, LIGHTED ROAD","REAR END","NOT DIVIDED",,"STRAIGHT AND LEVEL","DRY","UNKNOWN","NOT ON SCENE (DESK REPORT)","NO INJURY / DRIVE AWAY",,,,"OVER $1,500","2026-03-02T21:13:00.000","UNABLE TO DETERMINE","UNABLE TO DETERMINE","87","E","83RD ST","632",,,,,,,"2","NO INDICATION OF INJURY","0","0","0","0","0","2","0","20","2","3","41.7435953025","-87.6212635761","POINT (-87.621263576063 41.743595302482)"
"1904a87aa20d2673c5e7ebfe0305ff7611991e08f84f8f7e14589825a28472dab6072586053fd373b55ebbec47be17e4e2536e3cb53e146cae04a831e33af5b6","Y","2026-03-02T20:30:00.000","35","STOP SIGN/FLASHER","FUNCTIONING PROPERLY","CLEAR","DARKNESS, LIGHTED ROAD","SIDESWIPE SAME DIRECTION","NOT DIVIDED",,"STRAIGHT AND LEVEL","DRY","UNKNOWN","NOT ON SCENE (DESK REPORT)","NO INJURY / DRIVE AWAY","Y",,"Y","OVER $1,500","2026-03-02T20:56:00.000","IMPROPER OVERTAKING/PASSING","NOT APPLICABLE","2658","S","KEDZIE AVE","1032",,,,,,,"2","NO INDICATION OF INJURY","0","0","0","0","0","2","0","20","2","3","41.8427845479","-87.7051345742","POINT (-87.705134574246 41.84278454789)"
"b7fa90bc627e698da45fee7592632eaed40b91a63b74fc961f130eedfc2949087d4045a7b3327fac92b90daf265dc425e3798d025e9192bc2644b2f70b21f446",,"2026-03-02T20:30:00.000","20","STOP SIGN/FLASHER","FUNCTIONING PROPERLY","CLEAR","DARKNESS, LIGHTED ROAD","ANGLE","NOT DIVIDED",,"STRAIGHT AND LEVEL","DRY","NO DEFECTS","NOT ON SCENE (DESK REPORT)","INJURY AND / OR TOW DUE TO CRASH",,,,"OVER $1,500","2026-03-02T21:00:00.000","UNABLE TO DETERMINE","NOT APPLICABLE","5900","S","KILDARE AVE","813",,,,,,,"2","NO INDICATION OF INJURY","0","0","0","0","0","2","0","20","2","3","41.7857718271","-87.730447607","POINT (-87.730447607034 41.785771827107)"
"5885973a7b6ef314e735898f75cbaef6564885479da2e35ad6b56bb18839aa9b4df32cabb953db61c197a1dd7d29cbc9db8483334733b1a2b89f6bb3b3bac8f3",,"2026-03-02T20:05:00.000","30","NO CONTROLS","UNKNOWN","CLEAR","DARKNESS, LIGHTED ROAD","TURNING","NOT DIVIDED",,"STRAIGHT AND LEVEL","UNKNOWN","UNKNOWN","NOT ON SCENE (DESK REPORT)","NO INJURY / DRIVE AWAY",,,,"OVER $1,500","2026-03-03T00:13:00.000","UNABLE TO DETERMINE","UNABLE TO DETERMINE","4001","W","59TH ST","813",,,,,,,"2","NO INDICATION OF INJURY","0","0","0","0","0","3","0","20","2","3","41.7858256936","-87.7230190712","POINT (-87.723019071166 41.785825693622)"
"59246ebb772fdfc3be867d60a603de3e7f0b0442155da676edd9ab8957e84b9a7b8a6d67ce53fbd003fb46f35b64544615770e21839829ee75b88cc653832bb6",,"2026-03-02T19:49:00.000","30","NO CONTROLS","NO CONTROLS","CLEAR","DARKNESS, LIGHTED ROAD","PARKED MOTOR VEHICLE","NOT DIVIDED",,"STRAIGHT AND LEVEL","DRY","UNKNOWN","ON SCENE","INJURY AND / OR TOW DUE TO CRASH",,,,"OVER $1,500","2026-03-02T19:55:00.000","EQUIPMENT - VEHICLE CONDITION","EQUIPMENT - VEHICLE CONDITION","6241","W","ADDISON ST","1633",,,,,,,"3","NO INDICATION OF INJURY","0","0","0","0","0","2","0","19","2","3","41.945595179","-87.7830065932","POINT (-87.783006593201 41.945595178959)"
"4c34a8814da405656af75fd62d5b2e51580506f81b920c8c7ac0950d40233c87ef6fb8a4b0c89b915aa6522903648e364404fd8e991ca9f7f1c104a749af9fd4",,"2026-03-02T19:47:00.000","30","NO CONTROLS","NO CONTROLS","CLEAR","DARKNESS, LIGHTED ROAD","SIDESWIPE SAME DIRECTION","NOT DIVIDED",,"STRAIGHT AND LEVEL","DRY","NO DEFECTS","ON SCENE","NO INJURY / DRIVE AWAY",,,,"OVER $1,500","2026-03-02T19:48:00.000","IMPROPER LANE USAGE","NOT APPLICABLE","3124","S","ARCHER AVE","912",,,,,,,"2","NO INDICATION OF INJURY","0","0","0","0","0","2","0","19","2","3","41.8372898027","-87.6666204726","POINT (-87.66662047257 41.837289802683)"
"b94452b142d25d86cd75d12c010c4ed0018c569c7a05cd3681dbf78d0d26a87f37d68cb7c0f68a725484325f3012a8ce57a2ee05aa6406d0163b52ae678d71e3",,"2026-03-02T19:45:00.000","30","TRAFFIC SIGNAL","FUNCTIONING PROPERLY","CLEAR","DARKNESS, LIGHTED ROAD","REAR END","DIVIDED - W/MEDIAN (NOT RAISED)",,"STRAIGHT AND LEVEL","DRY","NO DEFECTS","NOT ON SCENE (DESK REPORT)","NO INJURY / DRIVE AWAY","Y",,,"OVER $1,500","2026-03-02T22:00:00.000","FAILING TO REDUCE SPEED TO AVOID CRASH","FAILING TO YIELD RIGHT-OF-WAY","2205","W","TOUHY AVE","2411",,,,,,,"2","NO INDICATION OF INJURY","0","0","0","0","0","2","0","19","2","3","42.0121311605","-87.6864256843","POINT (-87.686425684315 42.012131160469)"
"dc29330a57c51a4ed4f1758c6af10a4f539b9b9d1713b1b964450d6be39b63d2664d3f4d675a02ae30c71ef8bd2e985f5f5b19a1cbd0f267e57641a8dbba5f68",,"2026-03-02T19:45:00.000","30","NO CONTROLS","NO CONTROLS","UNKNOWN","DARKNESS","SIDESWIPE SAME DIRECTION","DIVIDED - W/MEDIAN (NOT RAISED)",,"STRAIGHT AND LEVEL","UNKNOWN","UNKNOWN","NOT ON SCENE (DESK REPORT)","NO INJURY / DRIVE AWAY",,,,"OVER $1,500","2026-03-03T13:00:00.000","UNABLE TO DETERMINE","UNABLE TO DETERMINE","15","N","LARAMIE AVE","1533",,,,,,,"2","NO INDICATION OF INJURY","0","0","0","0","0","2","0","19","2","3","41.8808474571","-87.7549356841","POINT (-87.754935684139 41.880847457107)"
"1d44b63e82bf4fe059280274105c4055647fd62223e8fe04ca2f4348e543d91dc5c19df43830e8e107ff93cb6305aab8ddd9127a2d05a1b7a94b3b4de9f21d63",,"2026-03-02T19:40:00.000","30","NO CONTROLS","UNKNOWN","CLEAR","DUSK","REAR END","DIVIDED - W/MEDIAN (NOT RAISED)",,"STRAIGHT AND LEVEL","DRY","NO DEFECTS","NOT ON SCENE (DESK REPORT)","NO INJURY / DRIVE AWAY",,,,"$500 OR LESS","2026-03-02T20:15:00.000","FAILING TO REDUCE SPEED TO AVOID CRASH","FOLLOWING TOO CLOSELY","50","E","RANDOLPH ST","111",,,,,,,"2","NO INDICATION OF INJURY","0","0","0","0","0","2","0","19","2","3","41.8846063011","-87.6260588617","POINT (-87.626058861676 41.884606301089)"
"762d702b82060eee789141f0d45325c0762808062439bf4773624502ba2dc10751abb5d7652ff5c589d8526a83f1f7d670c4f322894439079bb39434cd9244c7",,"2026-03-02T19:37:00.000","30","TRAFFIC SIGNAL","FUNCTIONING PROPERLY","CLEAR","DARKNESS, LIGHTED ROAD","TURNING","NOT DIVIDED",,"STRAIGHT AND LEVEL","DRY","NO DEFECTS","ON SCENE","NO INJURY / DRIVE AWAY","N",,"Y","OVER $1,500","2026-03-02T20:18:00.000","UNABLE TO DETERMINE","UNABLE TO DETERMINE","715","W","TAYLOR ST","1232",,,,,,,"2","NO INDICATION OF INJURY","0","0","0","0","0","2","0","19","2","3","41.8695842135","-87.644440373","POINT (-87.644440373013 41.869584213478)"
"bb3f79534c76fa4e1aeb503afac2cc536ef028debebf463b972d474e43cc77750f886329d45b80a907367f57b0e07f024236c6a5a2ae8fdc33f049edd1df2d25",,"2026-03-02T19:35:00.000","30","UNKNOWN","UNKNOWN","CLEAR","DARKNESS, LIGHTED ROAD","REAR TO FRONT","NOT DIVIDED",,"STRAIGHT AND LEVEL","UNKNOWN","UNKNOWN","NOT ON SCENE (DESK REPORT)","NO INJURY / DRIVE AWAY",,,,"OVER $1,500","2026-03-06T14:20:00.000","UNABLE TO DETERMINE","UNABLE TO DETERMINE","5158","N","KOSTNER AVE","1712",,,,,,,"2","NO INDICATION OF INJURY","0","0","0","0","0","2","0","19","2","3","41.9753342687","-87.7382475952","POINT (-87.738247595152 41.975334268706)"
"c7bedb4a02442d2b0f8f50824e38cebcf2d61982b2753c88bd9b4f6b43e14986a9b7911d623cf9da4c888ca25204f3e4e6b5739e955ce4648b1cce8a5893c2b5",,"2026-03-02T19:28:00.000","25","TRAFFIC SIGNAL","FUNCTIONING PROPERLY","CLEAR","DARKNESS, LIGHTED ROAD","PEDESTRIAN","FOUR WAY",,"STRAIGHT AND LEVEL","DRY","UNKNOWN","NOT ON SCENE (DESK REPORT)","INJURY AND / OR TOW DUE TO CRASH",,,,"OVER $1,500","2026-03-02T23:05:00.000","FAILING TO YIELD RIGHT-OF-WAY","NOT APPLICABLE","801","W","GARFIELD BLVD","712",,,,,,,"2","REPORTED, NOT EVIDENT","1","0","0","0","1","1","0","19","2","3","41.7938334743","-87.6452072749","POINT (-87.645207274947 41.793833474309)"
"e50e309be13811507c3b94f7a392c0205b258bc1b4519d1f906ea66777c1feb3ef0992d0726e4d4f02f0c74fa2753db76d0068d7f38bdd374c77350b1c566e30",,"2026-03-02T19:20:00.000","25","NO CONTROLS","NO CONTROLS","CLEAR","DARKNESS, LIGHTED ROAD","PARKED MOTOR VEHICLE","ONE-WAY",,"STRAIGHT AND LEVEL","DRY","NO DEFECTS","NOT ON SCENE (DESK REPORT)","INJURY AND / OR TOW DUE TO CRASH",,,"Y","OVER $1,500","2026-03-02T20:00:00.000","UNABLE TO DETERMINE","UNABLE TO DETERMINE","216","N","KILPATRICK AVE","1113",,,,,,,"2","NO INDICATION OF INJURY","0","0","0","0","0","1","0","19","2","3","41.8837837834","-87.7430905533","POINT (-87.743090553313 41.883783783373)"
"3b90997d50456306f4d4e8a663d8dbbbaec6ace5583da52c30e1125c83f302cdb380e4f8af346281a32fdf9d95bb4f92c16c18d1efbc197659e97fe2cd69c9ab",,"2026-03-02T19:15:00.000","30","NO CONTROLS","NO CONTROLS","CLEAR","DARKNESS","ANGLE","PARKING LOT",,"STRAIGHT AND LEVEL","DRY","NO DEFECTS","NOT ON SCENE (DESK REPORT)","NO INJURY / DRIVE AWAY",,,,"$501 - $1,500","2026-03-02T20:03:00.000","IMPROPER BACKING","NOT APPLICABLE","6159","W","64TH PL","812",,,,,,,"2","NO INDICATION OF INJURY","0","0","0","0","0","2","0","19","2","3","41.7749344621","-87.7761466494","POINT (-87.776146649363 41.774934462116)"