"crash_record_id","crash_date_est_i","crash_date","posted_speed_limit","traffic_control_device","device_condition","weather_condition","lighting_condition","first_crash_type","trafficway_type","lane_cnt","alignment","roadway_surface_cond","road_defect","report_type","crash_type","intersection_related_i","private_property_i","hit_and_run_i","damage","date_police_notified","prim_contributory_cause","sec_contributory_cause","street_no","street_direction","street_name","beat_of_occurrence","photos_taken_i","statements_taken_i","dooring_i","work_zone_i","work_zone_type","workers_present_i","num_units","most_severe_injury","injuries_total","injuries_fatal","injuries_incapacitating","injuries_non_incapacitating","injuries_reported_not_evident","injuries_no_indication","injuries_unknown","crash_hour","crash_day_of_week","crash_month","latitude","longitude","location"
"a013c0efcac8eea120f8181750d3950ac289f51f77e51d5080b979165391c42bf7a32bfdbfa8f8c7c600cd65516f7f7ddd52782fa898d5e1ca696bf86c40eede",,"2026-03-02T19:10:00.000","30","NO CONTROLS","NO CONTROLS","CLEAR","DARKNESS, LIGHTED ROAD","REAR END","NOT DIVIDED",,"STRAIGHT AND LEVEL","DRY","NO DEFECTS","NOT ON SCENE (DESK REPORT)","NO INJURY / DRIVE AWAY",,,,"OVER $1,500","2026-03-02T19:55:00.000","UNABLE TO DETERMINE","NOT APPLICABLE","3134","W","FULLERTON AVE","1414",,,,,,,"2","NO INDICATION OF INJURY","0","0","0","0","0","2","0","19","2","3","41.9248397169","-87.7060188009","POINT (-87.706018800899 41.924839716904)"
"0e7ff6473f3092814c576e9a0482050a0462cdf8165c03cf27d902d408d499d3bb7c5526589cce9a4ad02d8b4c073d60387362c33594655af291c6a4bbb9d21e",,"2026-03-02T19:04:00.000","30","TRAFFIC SIGNAL","FUNCTIONING PROPERLY","CLEAR","DARKNESS, LIGHTED ROAD","TURNING","NOT DIVIDED",,"STRAIGHT AND LEVEL","DRY","NO DEFECTS","ON SCENE","INJURY AND / OR TOW DUE TO CRASH","Y",,,"OVER $1,500","2026-03-02T19:31:00.000","UNABLE TO DETERMINE","NOT APPLICABLE","5999","W","FULLERTON AVE","2515",,,,,,,"2","NONINCAPACITATING INJURY","1","0","0","1","0","3","0","19","2","3","41.9237178378","-87.7756516025","POINT (-87.775651602541 41.923717837772)"
"1fa776b614bf6358ad42d1a4d43713b0aced52f7714219221bf46e3dcc6b917edf4808b07103cb4e850388b2b4d0127663f0c2c523efcc8ac6f1ef27c13e2175",,"2026-03-02T19:00:00.000","10","NO CONTROLS","NO CONTROLS","CLEAR","DARKNESS","PARKED MOTOR VEHICLE","PARKING LOT",,"STRAIGHT AND LEVEL","DRY","UNKNOWN","NOT ON SCENE (DESK REPORT)","NO INJURY / DRIVE AWAY",,,"Y","OVER $1,500","2026-03-04T16:30:00.000","UNABLE TO DETERMINE","UNABLE TO DETERMINE","6621","S","COTTAGE GROVE AVE","321",,,,,,,"2","NO INDICATION OF INJURY","0","0","0","0","0","2","0","19","2","3","41.7743058812","-87.6056480253","POINT (-87.605648025339 41.774305881188)"
"83a5c80f3ca9683262b686564677697814b118c944255d2ff5cd9d8380edea164b45ae5dc8b3eda0c8c75dcf4bef2b75702623eda991285c406d77c243cf1d8a",,"2026-03-02T19:00:00.000","30","NO CONTROLS","NO CONTROLS","CLEAR","DARKNESS","PARKED MOTOR VEHICLE","DIVIDED - W/MEDIAN (NOT RAISED)",,"STRAIGHT AND LEVEL","DRY","NO DEFECTS","NOT ON SCENE (DESK REPORT)","NO INJURY / DRIVE AWAY",,,"Y","OVER $1,500","2026-03-03T19:56:00.000","UNABLE TO DETERMINE","NOT APPLICABLE","3417","S","RACINE AVE","913",,,,,,,"2","NO INDICATION OF INJURY","0","0","0","0","0","1","0","19","2","3","41.8318253849","-87.6557050074","POINT (-87.655705007417 41.831825384944)"
"cddc9604a5b4bb1eb2f6fced2b075c4989ccdd1531f444ce52a4a5936b57d60b31d93a3399a4ae8832e24dffd817a809707cda9f3464fd1e34c12507c5f0e3db",,"2026-03-02T19:00:00.000","30","NO CONTROLS","NO CONTROLS","UNKNOWN","UNKNOWN","SIDESWIPE OPPOSITE DIRECTION","PARKING LOT",,"STRAIGHT AND LEVEL","UNKNOWN","UNKNOWN","NOT ON SCENE (DESK REPORT)","NO INJURY / DRIVE AWAY",,,,"OVER $1,500","2026-03-02T19:50:00.000","DRIVING SKILLS/KNOWLEDGE/EXPERIENCE","NOT APPLICABLE","10900","S","DOTY AVE E","513",,,,,,,"2","NO INDICATION OF INJURY","0","0","0","0","0","2","0","19","2","3","41.6962325277","-87.5958061971","POINT (-87.59580619714 41.696232527674)"
"6c3ceec42ae7d73adbb400c5b30eef14639b1e6b9b0259aad1d3b56c33c037952a3139300291ccc3faf6100992e3e59760bf64a3121f0bfe0b23f7b261428b8f",,"2026-03-02T18:50:00.000","30","NO CONTROLS","NO CONTROLS","CLEAR","DARKNESS, LIGHTED ROAD","REAR END","ONE-WAY",,"STRAIGHT AND LEVEL","DRY","NO DEFECTS","NOT ON SCENE (DESK REPORT)","NO INJURY / DRIVE AWAY",,"Y","Y","OVER $1,500","2026-03-02T19:15:00.000","FOLLOWING TOO CLOSELY","NOT APPLICABLE","3233","W","NORTH AVE","1422",,,,,,,"2","NO INDICATION OF INJURY","0","0","0","0","0","2","0","18","2","3","41.9099876933","-87.7082840813","POINT (-87.708284081311 41.90998769334)"
"f0ca6aac8cda477059845e682716cd643c2b8b30720a98e9386fe7ae0e6184f950078c92b972c8a25b548913203b656e7b5fd67b159908094259526bfee26c24",,"2026-03-02T18:45:00.000","30","TRAFFIC SIGNAL","FUNCTIONING PROPERLY","CLEAR","DARKNESS, LIGHTED ROAD","ANGLE","FOUR WAY",,"STRAIGHT AND LEVEL","DRY","NO DEFECTS","NOT ON SCENE (DESK REPORT)","INJURY AND / OR TOW DUE TO CRASH","Y",,,"OVER $1,500","2026-03-03T10:30:00.000","UNABLE TO DETERMINE","NOT APPLICABLE","4900","N","WESTERN AVE","2031",,,,,,,"2","NO INDICATION OF INJURY","0","0","0","0","0","3","0","18","2","3","41.9705014746","-87.689115784","POINT (-87.689115784038 41.970501474594)"
"242ea1f0868db01dc1b5a263b7b2f50c941c809c25da4146149d39c77ce548539ddd34975cf7bda227769bdc133eb7b039242e09a98a71df2fa60bdb11985755",,"2026-03-02T18:44:00.000","30","TRAFFIC SIGNAL","FUNCTIONING PROPERLY","CLEAR","DAYLIGHT","REAR END","DIVIDED - W/MEDIAN (NOT RAISED)",,"STRAIGHT AND LEVEL","DRY","NO DEFECTS","NOT ON SCENE (DESK REPORT)","NO INJURY / DRIVE AWAY",,,,"OVER $1,500","2026-03-02T19:20:00.000","UNABLE TO DETERMINE","NOT APPLICABLE","2314","N","MILWAUKEE AVE","1414",,,,,,,"2","NO INDICATION OF INJURY","0","0","0","0","0","2","0","18","2","3","41.9231103722","-87.6979123842","POINT (-87.697912384196 41.923110372188)"
"979be160517513df0b96673559bdf8eeb065b670262dbd6ecb58836b617c51e039536cbb894f5c669fc989ba964fac8d60c8b38be0b90de3fedc0db7cc79db42",,"2026-03-02T18:41:00.000","30","TRAFFIC SIGNAL","FUNCTIONING PROPERLY","CLEAR","DARKNESS, LIGHTED ROAD","FIXED OBJECT","DIVIDED - W/MEDIAN (NOT RAISED)",,"STRAIGHT AND LEVEL","DRY","NO DEFECTS","ON SCENE","INJURY AND / OR TOW DUE TO CRASH",,,,"OVER $1,500","2026-03-02T18:44:00.000","PHYSICAL CONDITION OF DRIVER","NOT APPLICABLE","4599","W","79TH ST","834",,,,,,,"1","NONINCAPACITATING INJURY","1","0","0","1","0","0","0","18","2","3","41.7491299212","-87.7372180105","POINT (-87.737218010479 41.749129921172)"
"e7416a047d6826ee47afa5db42e4f877bc06b55e5fee8945fce59384f66354c83cfa25baf8108945d41ab17634a060aac37f4fd862b671443b4f87d1143f3e31",,"2026-03-02T18:40:00.000","30","TRAFFIC SIGNAL","FUNCTIONING PROPERLY","CLEAR","DARKNESS, LIGHTED ROAD","SIDESWIPE SAME DIRECTION","NOT DIVIDED",,"STRAIGHT AND LEVEL","DRY","NO DEFECTS","NOT ON SCENE (DESK REPORT)","NO INJURY / DRIVE AWAY",,,,"OVER $1,500","2026-03-02T20:40:00.000","IMPROPER LANE USAGE","UNABLE TO DETERMINE","4835","N","AUSTIN AVE","1622",,,,,,,"2","NO INDICATION OF INJURY","0","0","0","0","0","2","0","18","2","3","41.9686886436","-87.7781146301","POINT (-87.778114630124 41.968688643614)"
"1aab164e09f9d135a6c5d15d8fc2f03aeba00cad0784852965f3e15ecaef1e454cf54c6b65977753d062b380c462cdaae719e2b16820365ae6b8d8862b38bffa",,"2026-03-02T18:30:00.000","30","NO CONTROLS","NO CONTROLS","CLEAR","DARKNESS","TURNING","DIVIDED - W/MEDIAN (NOT RAISED)",,"STRAIGHT AND LEVEL","DRY","UNKNOWN","NOT ON SCENE (DESK REPORT)","NO INJURY / DRIVE AWAY",,,,"OVER $1,500","2026-03-02T20:30:00.000","IMPROPER TURNING/NO SIGNAL","NOT APPLICABLE","2767","N","PULASKI RD","2524","Y",,,,,,"2","NO INDICATION OF INJURY","0","0","0","0","0","4","0","18","2","3","41.9317469394","-87.7268304605","POINT (-87.726830460546 41.931746939425)"
"1e326d595ef6efbe7678f1cb7a6a58bb4f16d7d1c5d36ac8497c878f831353331f16695fc1aec6b08adf13ea4fa829c7756c376e663489a0241963e1a5d478ad",,"2026-03-02T18:28:00.000","30","STOP SIGN/FLASHER","FUNCTIONING PROPERLY","CLEAR","DARKNESS, LIGHTED ROAD","TURNING","T-INTERSECTION",,"STRAIGHT AND LEVEL","DRY","NO DEFECTS","ON SCENE","NO INJURY / DRIVE AWAY","Y",,,"OVER $1,500","2026-03-02T18:32:00.000","FAILING TO YIELD RIGHT-OF-WAY","FAILING TO REDUCE SPEED TO AVOID CRASH","6200","W","NORTH AVE","2513",,,,,,,"2","NO INDICATION OF INJURY","0","0","0","0","0","4","0","18","2","3","41.9093062925","-87.7801462144","POINT (-87.78014621442 41.909306292465)"
"0ee30f05f30afbce3a2e86ad3fc72e99f387015279ff8608c6b9f701be3982b1a13e4bf5b58ab7541c591ebc338cfabf686e2aa5d09f99aeba9944a06c041816",,"2026-03-02T18:25:00.000","30","NO CONTROLS","NO CONTROLS","CLEAR","DARKNESS","TURNING","NOT DIVIDED",,"STRAIGHT AND LEVEL","DRY","UNKNOWN","ON SCENE","INJURY AND / OR TOW DUE TO CRASH","Y",,,"OVER $1,500","2026-03-02T18:30:00.000","FAILING TO YIELD RIGHT-OF-WAY","NOT APPLICABLE","3552","W","GRAND AVE","1121",,,,,,,"2","NO INDICATION OF INJURY","0","0","0","0","0","3","0","18","2","3","41.9019126231","-87.7154044009","POINT (-87.715404400915 41.901912623078)"
"c2380287c4d70d7b9ad4bcc0272202954239fbab551c28a40dfb4cbf56c77f9d93557172207a2bd341dfbb23fef3fa24afcb28eb366cb7e9bbdab55c4da1c8b5",,"2026-03-02T18:25:00.000","20","STOP SIGN/FLASHER","NO CONTROLS","CLEAR","DAYLIGHT","PARKED MOTOR VEHICLE","PARKING LOT",,"STRAIGHT AND LEVEL","DRY","NO DEFECTS","NOT ON SCENE (DESK REPORT)","NO INJURY / DRIVE AWAY",,"Y",,"OVER $1,500","2026-03-04T18:50:00.000","UNABLE TO DETERMINE","UNABLE TO DETERMINE","2233","W","DIVISION ST","1212",,,,,,,"2","NO INDICATION OF INJURY","0","0","0","0","0","2","0","18","2","3","41.9029719123","-87.6834849313","POINT (-87.683484931346 41.902971912262)"
"a9a359510202232ba4510425632ec6907d0e2fb4b34d344ef23f9032dc3ea8c3909a7c7a39bfa69110f97e6e589ea7785a45627311e649592e7ba366031fef75",,"2026-03-02T18:22:00.000","30","NO CONTROLS","NO CONTROLS","UNKNOWN","UNKNOWN","PARKED MOTOR VEHICLE","NOT DIVIDED",,"STRAIGHT AND LEVEL","UNKNOWN","UNKNOWN","ON SCENE","INJURY AND / OR TOW DUE TO CRASH",,,"Y","OVER $1,500","2026-03-02T18:23:00.000","UNABLE TO DETERMINE","UNABLE TO DETERMINE","6087","N","ALBANY AVE","2413",,,,,,,"2","NO INDICATION OF INJURY","0","0","0","0","0","1","0","18","2","3","41.9927754048","-87.7066143722","POINT (-87.706614372159 41.992775404823)"
"e7a1ec0df2bcd00abde906a899e11821f21378ac833c32e97258358efd7d8b8543289803f11205e8cd669993df184c99e27c3149c00accdf54bf0f6e8b091c4f",,"2026-03-02T18:15:00.000","30","NO CONTROLS","NO CONTROLS","CLEAR","DAYLIGHT","OTHER OBJECT","ONE-WAY",,"STRAIGHT AND LEVEL","DRY","NO DEFECTS","NOT ON SCENE (DESK REPORT)","INJURY AND / OR TOW DUE TO CRASH",,,,"$500 OR LESS","2026-03-03T17:48:00.000","NOT APPLICABLE","NOT APPLICABLE","7100","S","EAST END AVE","324",,,,,,,"2","NONINCAPACITATING INJURY","1","0","0","1","0","1","0","18","2","3","41.7659131821","-87.5838194932","POINT (-87.583819493195 41.765913182124)"
"f8202b9be57ffc6921bf5e360c289a8ed82d59706d97b6fac9ac101cb113effb778d493452f37b0f848fb07d25c2ad02e85ae06227afddf5f49af9878c22c6ee",,"2026-03-02T18:10:00.000","30","NO CONTROLS","NO CONTROLS","CLEAR","DARKNESS, LIGHTED ROAD","SIDESWIPE SAME DIRECTION","UNKNOWN",,"STRAIGHT AND LEVEL","DRY","UNKNOWN","NOT ON SCENE (DESK REPORT)","NO INJURY / DRIVE AWAY",,,"Y","OVER $1,500","2026-03-02T18:40:00.000","IMPROPER LANE USAGE","UNABLE TO DETERMINE","1300","W","ROOSEVELT RD","1231",,,,,,,"2","NO INDICATION OF INJURY","0","0","0","0","0","2","0","18","2","3","41.8670646703","-87.6592497364","POINT (-87.659249736397 41.867064670267)"
"6edc50d9b9581bc617c6e2fa7ec30ee3debf3819c563331c7f738c0d290554e5489de56eb9688a5a485f834edbf6cfd51824b9f015127e9c0b1dad16f02739f5",,"2026-03-02T18:05:00.000","30","STOP SIGN/FLASHER","FUNCTIONING PROPERLY","CLEAR","DARKNESS, LIGHTED ROAD","ANGLE","FOUR WAY",,"STRAIGHT AND LEVEL","DRY","NO DEFECTS","ON SCENE","NO INJURY / DRIVE AWAY","Y",,,"OVER $1,500","2026-03-02T18:14:00.000","IMPROPER LANE USAGE","FAILING TO YIELD RIGHT-OF-WAY","3658","W","CERMAK RD","1014","Y",,,,,,"2","NO INDICATION OF INJURY","0","0","0","0","0","2","0","18","2","3","41.8517427472","-87.7173746161","POINT (-87.717374616093 41.851742747167)"
"7a5b69b296c5cd99c482a12e84d2bc3f77b9f3dc82b3dbdcbf1a8c80ea81b08a0fc186f1307d9209d32e0c9d2c2f9e2051282634aa25e641d58e0727037f1d31",,"2026-03-02T18:04:00.000","25","TRAFFIC SIGNAL","FUNCTIONING PROPERLY","CLEAR","DARKNESS, LIGHTED ROAD","HEAD ON","DIVIDED - W/MEDIAN (NOT RAISED)",,"STRAIGHT AND LEVEL","DRY","NO DEFECTS",,"INJURY AND / OR TOW DUE TO CRASH","Y",,,"OVER $1,500","2026-03-02T18:06:00.000","IMPROPER LANE USAGE","UNABLE TO DETERMINE","2198","S","ARCHER AVE","914",,,,,,,"2","REPORTED, NOT EVIDENT","2","0","0","0","2","0","0","18","2","3","41.8530297191","-87.6347447606","POINT (-87.634744760558 41.853029719113)"
"50fe543f1a19de4d74bd3451e9425de248f93236d71fa8b5f32f78121879dc70be43732ffb896f3b2d362498f88487538e10cf3096aefcdb6b1b4fb381b07f44",,"2026-03-02T18:00:00.000","30","NO CONTROLS","UNKNOWN","CLEAR","DARKNESS, LIGHTED ROAD","PARKED MOTOR VEHICLE","PARKING LOT",,"STRAIGHT AND LEVEL","DRY","UNKNOWN","NOT ON SCENE (DESK REPORT)","NO INJURY / DRIVE AWAY",,,"Y","OVER $1,500","2026-03-03T00:20:00.000","UNABLE TO DETERMINE","NOT APPLICABLE","3112","W","FOSTER AVE","1712",,,,,,,"2","NO INDICATION OF INJURY","0","0","0","0","0","1","0","18","2","3","41.9758721551","-87.7067697566","POINT (-87.706769756576 41.975872155054)"
"e6c9d20af16cd938eded1898487e07a06829de1cf8e767d464face713aec3d4ea5c0c1d195e8767a4ef43063cb2d970e71c4a6170134e4102c9a97a6d18cca26",,"2026-03-02T17:54:00.000","30","NO CONTROLS","NO CONTROLS","CLEAR","DARKNESS, LIGHTED ROAD","PARKED MOTOR VEHICLE","NOT DIVIDED",,"STRAIGHT AND LEVEL","UNKNOWN","UNKNOWN","ON SCENE","NO INJURY / DRIVE AWAY",,,,"OVER $1,500","2026-03-02T18:52:00.000","DRIVING SKILLS/KNOWLEDGE/EXPERIENCE","DRIVING SKILLS/KNOWLEDGE/EXPERIENCE","5212","S","DR MARTIN LUTHER KING JR DR","231",,,,,,,"2","NO INDICATION OF INJURY","0","0","0","0","0","1","0","17","2","3","41.7998111093","-87.6162522225","POINT (-87.61625222253 41.799811109274)"
"355259e539e8bb84066175753d2d2b66051d26d1d620ab1e42193140c7efd571b8c418d6b83f4ad2ad7a873f1b806acb0e448c6f703d20ee0db583735818e392",,"2026-03-02T17:52:00.000","30","UNKNOWN","UNKNOWN","CLEAR","DARKNESS, LIGHTED ROAD","PEDALCYCLIST","DIVIDED - W/MEDIAN (NOT RAISED)",,"STRAIGHT AND LEVEL","DRY","UNKNOWN","ON SCENE","NO INJURY / DRIVE AWAY",,,,"OVER $1,500","2026-03-02T17:55:00.000","UNABLE TO DETERMINE","NOT APPLICABLE","4526","N","PULASKI RD","1722",,,,,,,"2","NO INDICATION OF INJURY","0","0","0","0","0","2","0","17","2","3","41.9633458631","-87.72804171","POINT (-87.728041710007 41.963345863103)"
"414a14b9456b3e2cb26937ba9db0f9c5ca2cd359f136b787c0f47f826f697ab1bb3a7e80b3498bc7991391dea600b37bdb3c10c5e40378ff7a140ce1be949437",,"2026-03-02T17:50:00.000","25","NO CONTROLS","NO CONTROLS","CLEAR","DUSK","PARKED MOTOR VEHICLE","ONE-WAY",,"STRAIGHT AND LEVEL","UNKNOWN","UNKNOWN","NOT ON SCENE (DESK REPORT)","NO INJURY / DRIVE AWAY",,,,"OVER $1,500","2026-03-02T19:45:00.000","UNABLE TO DETERMINE","UNABLE TO DETERMINE","432","E","111TH PL","531",,,,,,,"2","NO INDICATION OF INJURY","0","0","0","0","0","1","0","17","2","3","41.6919823828","-87.6120832486","POINT (-87.612083248573 41.691982382796)"
"a0c1d605a61c0f6b263ab05390f6964e7e63bf3b9a618374003aaac272e79487ddb371cacb79deb6e0deb2b940465a47bd9003e60a75b75ff67168eaca81ef60",,"2026-03-02T17:50:00.000","30","TRAFFIC SIGNAL","FUNCTIONING PROPERLY","RAIN","DAWN","SIDESWIPE SAME DIRECTION","FOUR WAY",,"STRAIGHT AND LEVEL","DRY","NO DEFECTS","NOT ON SCENE (DESK REPORT)","NO INJURY / DRIVE AWAY","Y",,,"OVER $1,500","2026-03-02T18:48:00.000","FAILING TO YIELD RIGHT-OF-WAY","FAILING TO YIELD RIGHT-OF-WAY","6303","S","DR MARTIN LUTHER KING JR DR","312",,,,,,,"2","NO INDICATION OF INJURY","0","0","0","0","0","4","0","17","2","3","41.7801384554","-87.6154730597","POINT (-87.615473059686 41.780138455408)"
"adc1e8fa7df18fcead1ed75e7d1b3616bd3487e718673a83d95c07c4738ae77b0a4eb34c204b655ff42d62776f58e5215f72fe49dfd2fac734ab34c90a8b554e",,"2026-03-02T17:50:00.000","30","NO CONTROLS","NO CONTROLS","CLEAR","DARKNESS, LIGHTED ROAD","SIDESWIPE SAME DIRECTION","DIVIDED - W/MEDIAN BARRIER",,"STRAIGHT AND LEVEL","DRY","NO DEFECTS","ON SCENE","INJURY AND / OR TOW DUE TO CRASH",,,"Y","OVER $1,500","2026-03-02T17:50:00.000","IMPROPER OVERTAKING/PASSING","NOT APPLICABLE","4530","S","ASHLAND AVE","924",,,,,,,"2","REPORTED, NOT EVIDENT","1","0","0","0","1","1","0","17","2","3","41.8112920694","-87.6651880509","POINT (-87.66518805086 41.811292069422)"
"d09c188522238184ca78c44f5148f63d6d0432fe3d5844f8ad32fc595b224ea357694eb5088bdf53435fde428514d16f8e628ef084adbac438c4418400598755",,"2026-03-02T17:49:00.000","30","TRAFFIC SIGNAL","FUNCTIONING PROPERLY","CLEAR","DUSK","REAR END","FOUR WAY",,"STRAIGHT AND LEVEL","DRY","NO DEFECTS","ON SCENE","NO INJURY / DRIVE AWAY","Y",,,"$500 OR LESS","2026-03-02T17:49:00.000","UNABLE TO DETERMINE","UNABLE TO DETERMINE","4354","N","LARAMIE AVE","1624",,,,,,,"2","NO INDICATION OF INJURY","0","0","0","0","0","2","0","17","2","3","41.9604348803","-87.7575289082","POINT (-87.757528908199 41.960434880265)"
"2fe6bc473f7a2ea903a24e0b305176ce4e531a77462a225cb51a4ec2b17d3a3af9a01f7c36b33d57bf87f0fa51ce31f77b93f8cf9ef3bbaf69f097b3c97e98c1",,"2026-03-02T17:45:00.000","30","NO CONTROLS","NO CONTROLS","CLEAR","DARKNESS, LIGHTED ROAD","REAR END","NOT DIVIDED",,"STRAIGHT AND LEVEL","DRY","NO DEFECTS","ON SCENE","NO INJURY / DRIVE AWAY",,,"Y","OVER $1,500","2026-03-02T17:49:00.000","FAILING TO REDUCE SPEED TO AVOID CRASH","NOT APPLICABLE","4658","S","HALSTED ST","925",,,,,,,"2","NO INDICATION OF INJURY","0","0","0","0","0","2","0","17","2","3","41.8091936548","-87.645696615","POINT (-87.645696614992 41.809193654829)"
"5efc7719d1c08296675df9dc311a15eef4a433839491d6819ba225cdcda92a7524ec215555682830e33bd542808ef1013ce0af9d17fffe2d090895020d195468",,"2026-03-02T17:45:00.000","25","TRAFFIC SIGNAL","FUNCTIONING PROPERLY","CLEAR","UNKNOWN","SIDESWIPE SAME DIRECTION","NOT DIVIDED",,"STRAIGHT AND LEVEL","DRY","UNKNOWN","ON SCENE","NO INJURY / DRIVE AWAY","Y",,"Y","OVER $1,500","2026-03-02T17:56:00.000","IMPROPER LANE USAGE","NOT APPLICABLE","1200","W","47TH ST","924",,,,,,,"2","NO INDICATION OF INJURY","0","0","0","0","0","2","0","17","2","3","41.8088429385","-87.6553045946","POINT (-87.655304594554 41.808842938485)"
"a7d9e9c60583b5d1fff24a5aa80412b4ecc12bd516c4a0a39b1ff0b9d22f4a080888c8b265c84ac40e03b24629ed3633f30fd5e937fbe379ae66ce8bfcbad7ea",,"2026-03-02T17:45:00.000","30","STOP SIGN/FLASHER","FUNCTIONING PROPERLY","CLEAR","DAYLIGHT","ANGLE","Y-INTERSECTION",,"STRAIGHT AND LEVEL","DRY","UNKNOWN","ON SCENE","NO INJURY / DRIVE AWAY","Y",,,"OVER $1,500","2026-03-02T17:50:00.000","UNABLE TO DETERMINE","UNABLE TO DETERMINE","6300","N","HARLEM AVE","1612",,,,,,,"2","NO INDICATION OF INJURY","0","0","0","0","0","2","0","17","2","3","41.9954120841","-87.8069650269","POINT (-87.806965026884 41.995412084135)"
"03dde5f9bd1914932b26f6b85eaec3d4e8c0252056d6cea8cff291e8ebb7a5057168afd95c6a25e7fd76065fdd72724d6af7c0023404da071fd5f0754e59733e",,"2026-03-02T17:40:00.000","30","NO CONTROLS","NO CONTROLS","CLEAR","DAYLIGHT","PARKED MOTOR VEHICLE","NOT DIVIDED",,"STRAIGHT AND LEVEL","DRY","NO DEFECTS","NOT ON SCENE (DESK REPORT)","NO INJURY / DRIVE AWAY",,,"Y","OVER $1,500","2026-03-02T18:40:00.000","UNABLE TO DETERMINE","UNABLE TO DETERMINE","401","S","SANGAMON ST","1232",,,,,,,"2","NO INDICATION OF INJURY","0","0","0","0","0","1","0","17","2","3","41.8765897763","-87.6505553385","POINT (-87.650555338451 41.876589776254)"
"76754704d564845fed963c802e89186b98b3212bd3baa8bd8692b68844294ea22f832b4227974eff2b447ee7d008725036b5901c06d8be57610b2d9be1551ec7",,"2026-03-02T17:40:00.000","30","NO CONTROLS","NO CONTROLS","CLEAR","DAYLIGHT","TURNING","DIVIDED - W/MEDIAN (NOT RAISED)",,"STRAIGHT AND LEVEL","DRY","NO DEFECTS","NOT ON SCENE (DESK REPORT)","NO INJURY / DRIVE AWAY",,,,"OVER $1,500","2026-03-02T17:45:00.000","IMPROPER TURNING/NO SIGNAL","UNABLE TO DETERMINE","2542","W","119TH ST","2212",,,,,,,"2","NO INDICATION OF INJURY","0","0","0","0","0","2","0","17","2","3","41.6773375724","-87.6848362339","POINT (-87.684836233893 41.677337572409)"
"e066cf704d7bfb2f256d443cbaae178715d0b44b2c212f36edc21d9f7be9034976f5a6c87a9e30fd8700af66093273aa5e8cd42b8425b500c80bf0412771a382","Y","2026-03-02T17:37:00.000","30","NO CONTROLS","NO CONTROLS","CLEAR","DAYLIGHT","PARKED MOTOR VEHICLE","PARKING LOT",,"STRAIGHT AND LEVEL","DRY","UNKNOWN","NOT ON SCENE (DESK REPORT)","NO INJURY / DRIVE AWAY",,,"Y","OVER $1,500","2026-03-02T18:50:00.000","UNABLE TO DETERMINE","NOT APPLICABLE","2570","N","ELSTON AVE","1432","Y",,,,,,"2","NO INDICATION OF INJURY","0","0","0","0","0","1","0","17","2","3","41.9282040802","-87.6822548266","POINT (-87.682254826596 41.928204080164)"
"ebb56bab17e191f0ce328a2a949fa96e02a1cff3f425fc44c21045041ce6a470f29ccd5ae0e38a3c0217fbf5185db5a24d0970ebdf732a8f92c73ab234e4ebce",,"2026-03-02T17:36:00.000","30","UNKNOWN","UNKNOWN","CLEAR","DAYLIGHT","SIDESWIPE SAME DIRECTION","UNKNOWN INTERSECTION TYPE",,"STRAIGHT AND LEVEL","DRY","NO DEFECTS",,"NO INJURY / DRIVE AWAY",,,,"OVER $1,500","2026-03-02T17:37:00.000","UNABLE TO DETERMINE","UNABLE TO DETERMINE","2400","W","87TH ST","835",,,,,,,"2","NO INDICATION OF INJURY","0","0","0","0","0","4","0","17","2","3","41.7356353288","-87.6826503426","POINT (-87.682650342555 41.735635328819)"
"1fb45ea1b264cb984e430f52055d3b38d7523a791d4a35d32c4adfce678a562e9432583e429eb50eb99e23a4fdad132f29fdc8541cd23395f8d70c235b19efc1",,"2026-03-02T17:35:00.000","30","STOP SIGN/FLASHER","NO CONTROLS","CLEAR","DARKNESS, LIGHTED ROAD","ANGLE","FOUR WAY",,"STRAIGHT AND LEVEL","DRY","NO DEFECTS","ON SCENE","NO INJURY / DRIVE AWAY","Y",,,"OVER $1,500","2026-03-02T18:00:00.000","FAILING TO YIELD RIGHT-OF-WAY","UNABLE TO DETERMINE","1098","S","INDEPENDENCE BLVD","1133",,,,,,,"2","NO INDICATION OF INJURY","0","0","0","0","0","4","0","17","2","3","41.8680737157","-87.7203283048","POINT (-87.720328304803 41.868073715746)"
"2eb68d649aa644dc5df2579d913f280c3612611eb5363cb34d9154e956ecc6afef9648b59d2046ac53a6144a08ca78ff43c7510ba58e9070a5130c498de919c9",,"2026-03-02T17:33:00.000","30","NO CONTROLS","NO CONTROLS","CLEAR","DUSK","PARKED MOTOR VEHICLE","NOT DIVIDED",,"STRAIGHT AND LEVEL","DRY","NO DEFECTS",,"INJURY AND / OR TOW DUE TO CRASH",,,,"OVER $1,500","2026-03-02T17:36:00.000","UNABLE TO DETERMINE","NOT APPLICABLE","111","S","CALIFORNIA AVE","1125",,,,,,,"2","NO INDICATION OF INJURY","0","0","0","0","0","1","0","17","2","3","41.8797799656","-87.6961040527","POINT (-87.696104052692 41.879779965567)"