"crash_record_id","crash_date_est_i","crash_date","posted_speed_limit","traffic_control_device","device_condition","weather_condition","lighting_condition","first_crash_type","trafficway_type","lane_cnt","alignment","roadway_surface_cond","road_defect","report_type","crash_type","intersection_related_i","private_property_i","hit_and_run_i","damage","date_police_notified","prim_contributory_cause","sec_contributory_cause","street_no","street_direction","street_name","beat_of_occurrence","photos_taken_i","statements_taken_i","dooring_i","work_zone_i","work_zone_type","workers_present_i","num_units","most_severe_injury","injuries_total","injuries_fatal","injuries_incapacitating","injuries_non_incapacitating","injuries_reported_not_evident","injuries_no_indication","injuries_unknown","crash_hour","crash_day_of_week","crash_month","latitude","longitude","location"
"01fd0091eba197a4df1ce0113dc2635978f82d54b79c6e0ca196c1d5c5504e1a405e3b141be42a99d00d644552598533f990ac46adb876d9b9df549ac2cc9fd3",,"2026-03-02T17:30:00.000","30","TRAFFIC SIGNAL","FUNCTIONING PROPERLY","CLEAR","DUSK","REAR END","OTHER",,"STRAIGHT AND LEVEL","DRY","WORN SURFACE","ON SCENE","INJURY AND / OR TOW DUE TO CRASH",,,"Y","OVER $1,500","2026-03-02T17:33:00.000","FOLLOWING TOO CLOSELY","NOT APPLICABLE","3502","S","RACINE AVE","912",,,,,,,"2","REPORTED, NOT EVIDENT","2","0","0","0","2","1","0","17","2","3","41.8304548097","-87.6558661503","POINT (-87.655866150271 41.830454809678)"
"1273376e2351e68b885e808ae072b1f032589bc0a069f917b7b219117cce5ce9c2268559f3a90e0a031fcf1a944aa5334cce93c6cd1a2c07392ec375fdb1a4d9",,"2026-03-02T17:30:00.000","30","TRAFFIC SIGNAL","FUNCTIONING PROPERLY","CLEAR","DAYLIGHT","TURNING","DIVIDED - W/MEDIAN (NOT RAISED)",,"STRAIGHT AND LEVEL","DRY","NO DEFECTS","NOT ON SCENE (DESK REPORT)","NO INJURY / DRIVE AWAY",,,,"OVER $1,500","2026-03-02T19:25:00.000","FAILING TO YIELD RIGHT-OF-WAY","NOT APPLICABLE","200","E","103RD ST","511",,,,,,,"2","NO INDICATION OF INJURY","0","0","0","0","0","2","0","17","2","3","41.7073495903","-87.6185847616","POINT (-87.618584761621 41.707349590259)"
"e66d6821ff101050cb3fd8501932e22c29225ea3805179906cb1feac0ff41b9e5ad1f07867ff8c26fca5e04549675cfa48a33a210326e1105d68f65bf9bd9050",,"2026-03-02T17:30:00.000","25","UNKNOWN","UNKNOWN","UNKNOWN","DUSK","PEDESTRIAN","NOT DIVIDED",,"STRAIGHT AND LEVEL","UNKNOWN","UNKNOWN","ON SCENE","INJURY AND / OR TOW DUE TO CRASH","Y",,"Y","$500 OR LESS","2026-03-04T11:30:00.000","UNABLE TO DETERMINE","UNABLE TO DETERMINE","701","N","MICHIGAN AVE","1834",,,,,,,"2","NONINCAPACITATING INJURY","1","0","0","1","0","1","0","17","2","3","41.8949836069","-87.6241061965","POINT (-87.624106196489 41.894983606939)"
"f50bc143f7fcd4f89e6c098e19cc4813ce65cccb8f034ad1d3840af2591e2994a8768f3634465142b3715a069c758d201fe2e7cef3bd5b91d6e68e8aa6b03b9d",,"2026-03-02T17:27:00.000","10","NO CONTROLS","NO CONTROLS","CLEAR","DUSK","FIXED OBJECT","PARKING LOT",,"STRAIGHT AND LEVEL","DRY","NO DEFECTS","ON SCENE","INJURY AND / OR TOW DUE TO CRASH",,,,"$501 - $1,500","2026-03-02T17:33:00.000","NOT APPLICABLE","NOT APPLICABLE","5401","S","WENTWORTH AVE","225",,,,,,,"1","REPORTED, NOT EVIDENT","1","0","0","0","1","0","0","17","2","3","41.7962348752","-87.6304049244","POINT (-87.630404924387 41.796234875219)"
"d790f40c3d6cdcde1cbcb4c458c78b1019b09cc4c83af0f4865b7a4172ae651d25c46af2ce1d69947c4e1272e30e9f179625c114ce67292a1b2f504201648982",,"2026-03-02T17:24:00.000","30","TRAFFIC SIGNAL","FUNCTIONING PROPERLY","CLEAR","DUSK","PEDESTRIAN","NOT DIVIDED",,"STRAIGHT AND LEVEL","DRY","SHOULDER DEFECT","ON SCENE","INJURY AND / OR TOW DUE TO CRASH",,,,"$500 OR LESS","2026-03-02T17:25:00.000","UNABLE TO DETERMINE","UNABLE TO DETERMINE","1551","N","KEDZIE AVE","1423",,,,,,,"2","INCAPACITATING INJURY","1","0","1","0","0","3","0","17","2","3","41.9098327231","-87.7068536972","POINT (-87.706853697186 41.909832723118)"
"eb826a52c9971d00b3213b58d5a0c82c79bec2b8ef9539770ae32be70784f5905d0c01465a7c1ca8e27cc6eec0aff4224e7da51a320b8d83b5820940eb230970",,"2026-03-02T17:23:00.000","30","NO CONTROLS","NO CONTROLS","CLEAR","DAYLIGHT","REAR END","NOT DIVIDED",,"STRAIGHT AND LEVEL","DRY","NO DEFECTS","ON SCENE","NO INJURY / DRIVE AWAY",,,,"OVER $1,500","2026-03-02T17:41:00.000","UNABLE TO DETERMINE","UNABLE TO DETERMINE","16","S","CENTRAL AVE","1513",,,,,,,"2","NO INDICATION OF INJURY","0","0","0","0","0","5","0","17","2","3","41.8797443135","-87.7649958138","POINT (-87.764995813823 41.879744313526)"
"c67a7523bf661525a33ef2db7fff2b97e0d97f26ce8818f002da1555895e12209015895ae31c5972692fb0d069730256b7013e1facc85f8f4a65e2fb57f78d26",,"2026-03-02T17:20:00.000","30","TRAFFIC SIGNAL","FUNCTIONING PROPERLY","CLEAR","DUSK","ANGLE","DIVIDED - W/MEDIAN (NOT RAISED)",,"STRAIGHT AND LEVEL","DRY","NO DEFECTS","NOT ON SCENE (DESK REPORT)","NO INJURY / DRIVE AWAY",,,,"OVER $1,500","2026-03-03T16:00:00.000","UNABLE TO DETERMINE","UNABLE TO DETERMINE","4758","W","LEXINGTON ST","1131",,,,,,,"2","NO INDICATION OF INJURY","0","0","0","0","0","2","0","17","2","3","41.8713019442","-87.7448184037","POINT (-87.744818403719 41.871301944171)"
"7c789b2a3cdb681117908b5d2762ae063aedf8619db92784c10e098e69b495e92e93ef964b2ae37f33796c1adb0d9ed8e402e2d38a689ecc59fd8c0572e8ac04",,"2026-03-02T17:19:00.000","30","TRAFFIC SIGNAL","FUNCTIONING PROPERLY","CLEAR","DAYLIGHT","REAR END","FOUR WAY",,"STRAIGHT AND LEVEL","DRY","NO DEFECTS","NOT ON SCENE (DESK REPORT)","INJURY AND / OR TOW DUE TO CRASH","Y",,,"OVER $1,500","2026-03-02T18:50:00.000","UNABLE TO DETERMINE","NOT APPLICABLE","5413","W","BELMONT AVE","2514",,,,,,,"2","REPORTED, NOT EVIDENT","1","0","0","0","1","3","0","17","2","3","41.9385220802","-87.7621278022","POINT (-87.762127802176 41.938522080216)"
"95bccca56ab03b65a88867ee60f0fb986ab6d9efa0576b47dcfaa9b562276e3b7fae229de991169b7f9e58b9d2023da54e34b5e056abef3bdd586d810bd0f656",,"2026-03-02T17:15:00.000","30","STOP SIGN/FLASHER","NO CONTROLS","CLEAR","DAYLIGHT","REAR TO SIDE","FOUR WAY",,"STRAIGHT AND LEVEL","DRY","NO DEFECTS","NOT ON SCENE (DESK REPORT)","NO INJURY / DRIVE AWAY","Y",,"Y","OVER $1,500","2026-03-02T17:40:00.000","UNABLE TO DETERMINE","UNABLE TO DETERMINE","1831","S","ASHLAND AVE","1233",,,,,,,"2","NO INDICATION OF INJURY","0","0","0","0","0","3","0","17","2","3","41.8569319221","-87.6659771033","POINT (-87.665977103315 41.856931922123)"
"9d45e9391c377bf1832d71d1c6979654d861524aea4429a85ba0081489caf4303b1808469c2979df58124e188e3ebf257a0818b50d3c4055df2bdbf846935ab3",,"2026-03-02T17:15:00.000","30","NO CONTROLS","NO CONTROLS","CLEAR","DAYLIGHT","SIDESWIPE SAME DIRECTION","NOT DIVIDED",,"STRAIGHT AND LEVEL","DRY","UNKNOWN","NOT ON SCENE (DESK REPORT)","NO INJURY / DRIVE AWAY",,,,"$500 OR LESS","2026-03-02T19:08:00.000","UNABLE TO DETERMINE","UNABLE TO DETERMINE","6222","S","KEDZIE AVE","823",,,,,,,"2","NO INDICATION OF INJURY","0","0","0","0","0","2","0","17","2","3","41.7800638379","-87.7033126221","POINT (-87.703312622146 41.780063837873)"
"8e0976e6dd082ec637980c4febc3b4d392e9924a205126cbdb417def421a22bc3f13e7fd5297eea347284d3a40f51bc46d564d194fe55b66f87380eec2b65708",,"2026-03-02T17:07:00.000","30","TRAFFIC SIGNAL","FUNCTIONING PROPERLY","CLEAR","DAWN","TURNING","ONE-WAY",,"STRAIGHT AND LEVEL","DRY","NO DEFECTS","ON SCENE","INJURY AND / OR TOW DUE TO CRASH",,,,"$501 - $1,500","2026-03-02T17:07:00.000","UNABLE TO DETERMINE","NOT APPLICABLE","3500","S","MICHIGAN AVE","213",,,,,,,"2","NO INDICATION OF INJURY","0","0","0","0","0","2","0","17","2","3","41.8309701294","-87.6234021222","POINT (-87.623402122211 41.830970129402)"
"c95a354a5bcb42912473152b3b2f85001e67fa4fe9221dcad97f27129a9fc2626ced6d912305ff6badafdd013ce96f29fb38678b19ebf3ca7bad1f6dff617ae9",,"2026-03-02T17:07:00.000","30","NO CONTROLS","NO CONTROLS","CLEAR","DAYLIGHT","SIDESWIPE SAME DIRECTION","NOT DIVIDED",,"STRAIGHT AND LEVEL","DRY","NO DEFECTS","NOT ON SCENE (DESK REPORT)","NO INJURY / DRIVE AWAY",,,,"$500 OR LESS","2026-03-02T18:59:00.000","IMPROPER OVERTAKING/PASSING","FAILING TO YIELD RIGHT-OF-WAY","3239","S","ARCHER AVE","912",,,,,,,"2","NO INDICATION OF INJURY","0","0","0","0","0","2","0","17","2","3","41.8351685323","-87.6696208258","POINT (-87.66962082579 41.835168532299)"
"f7e3cf6339e3ecb79bfe15cd302dac8260aaf951479f29bf7230219efd546f18cf53be7380ba54f61e13a6a629a2a7ebcb3197bc3a74063898875632fd7509e3",,"2026-03-02T17:04:00.000","30","TRAFFIC SIGNAL","FUNCTIONING PROPERLY","CLEAR","DAYLIGHT","REAR END","NOT DIVIDED",,"STRAIGHT AND LEVEL","DRY","NO DEFECTS","ON SCENE","NO INJURY / DRIVE AWAY",,,,"OVER $1,500","2026-03-02T17:04:00.000","FOLLOWING TOO CLOSELY","NOT APPLICABLE","5600","W","FOSTER AVE","1622",,,,,,,"2","NO INDICATION OF INJURY","0","0","0","0","0","2","0","17","2","3","41.9757923513","-87.7685235711","POINT (-87.768523571082 41.975792351339)"
"5bf6dee55b057d99e34bda74922a76718c5a39820518b405c8d3659bf2f6ed83bd3390c25f649db854e76b51f6ab01a4f6257aa47f1588b903fc66237eefce4f",,"2026-03-02T17:00:00.000","30","NO CONTROLS","NO CONTROLS","CLEAR","DAYLIGHT","TURNING","DIVIDED - W/MEDIAN BARRIER",,"STRAIGHT AND LEVEL","WET","NO DEFECTS","NOT ON SCENE (DESK REPORT)","NO INJURY / DRIVE AWAY",,,"N","OVER $1,500","2026-03-02T19:00:00.000","FOLLOWING TOO CLOSELY","FOLLOWING TOO CLOSELY","1538","E","95TH ST","413",,,,,,,"2","NO INDICATION OF INJURY","0","0","0","0","0","2","0","17","2","3","41.7224394759","-87.5861858365","POINT (-87.586185836462 41.722439475881)"
"d9f0d90c4afc01ff73a4ad371ae57a258c20c4251fd43881309d3f41b97d662d967e480a9d9b1416c901bce69dc1b2d894d99a90806945972c0a4e9ce84a0c0b",,"2026-03-02T17:00:00.000","30","NO CONTROLS","NO CONTROLS","CLEAR","DAYLIGHT","SIDESWIPE OPPOSITE DIRECTION","ONE-WAY",,"STRAIGHT AND LEVEL","DRY","NO DEFECTS","NOT ON SCENE (DESK REPORT)","NO INJURY / DRIVE AWAY",,,"Y","OVER $1,500","2026-03-02T21:00:00.000","DRIVING ON WRONG SIDE/WRONG WAY","DRIVING ON WRONG SIDE/WRONG WAY","218","W","ALEXANDER ST","914",,,,,,,"2","NO INDICATION OF INJURY","0","0","0","0","0","2","0","17","2","3","41.8515506605","-87.6327876755","POINT (-87.632787675471 41.851550660454)"
"f3c85c356b8b413cf047929aefcdb78eba1ab3740bf77c3c1dec91067ca606751d5f838a239fa68421e0f8d418e2d4b61bd22246a8226f3dde4e54871c7fcdc9",,"2026-03-02T17:00:00.000","30","NO CONTROLS","NO CONTROLS","CLEAR","DAYLIGHT","REAR TO SIDE","PARKING LOT",,"STRAIGHT AND LEVEL","DRY","NO DEFECTS","ON SCENE","NO INJURY / DRIVE AWAY",,,"Y","$501 - $1,500","2026-03-02T17:02:00.000","IMPROPER BACKING","FAILING TO REDUCE SPEED TO AVOID CRASH","3311","W","26TH ST","1032",,,,,,,"2","NO INDICATION OF INJURY","0","0","0","0","0","2","0","17","2","3","41.8443667287","-87.7078980538","POINT (-87.707898053784 41.844366728746)"
"f4f7f43c6786f5fed1c72699f211977335c9aca9dab7be6f2bf0adae6da9222fb9011aacdf54f6e705b05bd37ae542a736b8f6a52ff5571a8abab8a4a66a8066",,"2026-03-02T17:00:00.000","25","TRAFFIC SIGNAL","FUNCTIONING PROPERLY","CLEAR","DAYLIGHT","TURNING","DIVIDED - W/MEDIAN (NOT RAISED)",,"STRAIGHT AND LEVEL","DRY","UNKNOWN","NOT ON SCENE (DESK REPORT)","NO INJURY / DRIVE AWAY",,,"Y","OVER $1,500","2026-03-02T17:27:00.000","DRIVING SKILLS/KNOWLEDGE/EXPERIENCE","DRIVING SKILLS/KNOWLEDGE/EXPERIENCE","1208","S","KEELER AVE","1011",,,,,,,"2","NO INDICATION OF INJURY","0","0","0","0","0","3","0","17","2","3","41.8657810532","-87.7302011474","POINT (-87.730201147433 41.865781053225)"
"e91105a129426caf91c688aeceb15bae236e3f49654e2527736b94d978a77725f754233e9962a391e2f1e81370cf0165f0ce6764a98b19bedc2b849008970a3f",,"2026-03-02T16:55:00.000","30","STOP SIGN/FLASHER","FUNCTIONING PROPERLY","CLEAR","DAYLIGHT","ANGLE","FOUR WAY",,"STRAIGHT AND LEVEL","DRY","NO DEFECTS","ON SCENE","INJURY AND / OR TOW DUE TO CRASH","Y",,,"OVER $1,500","2026-03-02T16:58:00.000","FAILING TO YIELD RIGHT-OF-WAY","FAILING TO YIELD RIGHT-OF-WAY","12700","S","LOWE AVE","523",,,,,,,"2","REPORTED, NOT EVIDENT","1","0","0","0","1","2","0","16","2","3","41.6632755029","-87.6379599768","POINT (-87.637959976755 41.663275502901)"
"988a9ad6bdcce74d2f320089718ee9c36cfa9ab1b03c3e2db5eb800cb64d6d3757ae883593c9654276bc51d97a210dd7bbaa64d56e7033c31f2a57a653a01490",,"2026-03-02T16:51:00.000","30","NO CONTROLS","NO CONTROLS","CLEAR","DAYLIGHT","PARKED MOTOR VEHICLE","NOT DIVIDED",,"STRAIGHT AND LEVEL","DRY","NO DEFECTS","ON SCENE","INJURY AND / OR TOW DUE TO CRASH",,,"Y","OVER $1,500","2026-03-02T16:55:00.000","OPERATING VEHICLE IN ERRATIC, RECKLESS, CARELESS, NEGLIGENT OR AGGRESSIVE MANNER","NOT APPLICABLE","5751","S","ABERDEEN ST","712",,,,,,,"2","NONINCAPACITATING INJURY","2","0","0","2","0","2","0","16","2","3","41.7891555464","-87.6521703943","POINT (-87.652170394294 41.789155546431)"
"fc5b17fb83bdc41a49bd7d803a552346e6cbe40fd716d5ba3db4bf4ea32d89c3a0118f66ddbdb59dbf10f8298adda67964bcf831568ef40c93c999bbe69a55c4",,"2026-03-02T16:49:00.000","30","TRAFFIC SIGNAL","FUNCTIONING PROPERLY","CLEAR","DAYLIGHT","TURNING","NOT DIVIDED",,"STRAIGHT AND LEVEL","DRY","NO DEFECTS","ON SCENE","INJURY AND / OR TOW DUE TO CRASH","Y",,"Y","OVER $1,500","2026-03-02T16:49:00.000","DISREGARDING TRAFFIC SIGNALS","TURNING RIGHT ON RED","1900","N","PULASKI RD","2534",,,,,,,"2","NONINCAPACITATING INJURY","1","0","0","1","0","2","0","16","2","3","41.9154288609","-87.7266636183","POINT (-87.726663618316 41.915428860875)"
"bce8bf3980b7c34ea879f4da71f67bcc121c799d80eb51e3b2d0b901afca9571156a2f33dcfad8455cfcb75d0b65563a22ed714f1f2d4c93b63d07e162e66aeb",,"2026-03-02T16:45:00.000","30","TRAFFIC SIGNAL","UNKNOWN","UNKNOWN","DAYLIGHT","TURNING","ONE-WAY",,"STRAIGHT AND LEVEL","UNKNOWN","UNKNOWN","NOT ON SCENE (DESK REPORT)","NO INJURY / DRIVE AWAY",,,"Y","OVER $1,500","2026-03-03T16:30:00.000","IMPROPER TURNING/NO SIGNAL","FAILING TO REDUCE SPEED TO AVOID CRASH","400","S","WELLS ST","122",,,,,,,"2","NO INDICATION OF INJURY","0","0","0","0","0","2","0","16","2","3","41.8767848314","-87.6338389102","POINT (-87.63383891021 41.876784831446)"
"6b4cdeaf8da78507c0f3c413a97de636360372398e87ed6f950f480594b30aa0b3733f695425279fbf4f439958c7087b4901537ff84abcd4e0c838f338af607c",,"2026-03-02T16:43:00.000","30","TRAFFIC SIGNAL","FUNCTIONING PROPERLY","CLEAR","DAYLIGHT","TURNING","FOUR WAY",,"STRAIGHT AND LEVEL","UNKNOWN","UNKNOWN","ON SCENE","INJURY AND / OR TOW DUE TO CRASH","Y",,,"OVER $1,500","2026-03-02T16:56:00.000","IMPROPER TURNING/NO SIGNAL","UNABLE TO DETERMINE","8700","S","STONY ISLAND AVE","412",,,,,,,"2","NONINCAPACITATING INJURY","2","0","0","2","0","2","0","16","2","3","41.7368226302","-87.5857834203","POINT (-87.585783420329 41.736822630157)"
"078bf53fa0dea87977987aab705ed808254e9b5fe7f78f003e035f4ed1884c06be9f63d917c90075cfd98b134cfb9ca337b62720b511bb75a85e6575b639749a",,"2026-03-02T16:40:00.000","30","UNKNOWN","UNKNOWN","CLEAR","DAYLIGHT","REAR END","NOT DIVIDED",,"STRAIGHT AND LEVEL","DRY","NO DEFECTS","NOT ON SCENE (DESK REPORT)","NO INJURY / DRIVE AWAY",,,,"OVER $1,500","2026-03-02T17:00:00.000","FOLLOWING TOO CLOSELY","UNABLE TO DETERMINE","1122","W","63RD ST","712",,,,,,,"3","NO INDICATION OF INJURY","0","0","0","0","0","4","0","16","2","3","41.7797424789","-87.6530606756","POINT (-87.653060675557 41.779742478935)"
"00fdb8becb3f73f12efc4bc5b67af38bae13e998cd861bd9dbc99e64c07950af68095e9b923f9f93186fbb25f555e468aeefd4efd24820bbf5d548004859767f",,"2026-03-02T16:38:00.000","30","TRAFFIC SIGNAL","FUNCTIONING PROPERLY","CLEAR","DAYLIGHT","SIDESWIPE SAME DIRECTION","DIVIDED - W/MEDIAN BARRIER",,"STRAIGHT AND LEVEL","DRY","NO DEFECTS","ON SCENE","NO INJURY / DRIVE AWAY",,,,"$501 - $1,500","2026-03-02T17:19:00.000","UNABLE TO DETERMINE","UNABLE TO DETERMINE","11050","S","HALSTED ST","2233","Y",,,,,,"2","NO INDICATION OF INJURY","0","0","0","0","0","3","0","16","2","3","41.6926712398","-87.6425326234","POINT (-87.642532623355 41.69267123975)"
"0e8c1f01ee7260a302a7d594a0c11ab06b3a2a4a8c7a755c2cfec82e20632c038137c2474a7cfd26a47b2401d97210caa72ba7bffbe31007ae936a19b724d789",,"2026-03-02T16:35:00.000","30","TRAFFIC SIGNAL","FUNCTIONING PROPERLY","CLEAR","DAYLIGHT","REAR END","DIVIDED - W/MEDIAN BARRIER",,"STRAIGHT AND LEVEL","DRY","NO DEFECTS","NOT ON SCENE (DESK REPORT)","NO INJURY / DRIVE AWAY","Y",,,"OVER $1,500","2026-03-04T18:15:00.000","FAILING TO REDUCE SPEED TO AVOID CRASH","NOT APPLICABLE","5","E","ROOSEVELT RD","131",,,,,,,"2","NO INDICATION OF INJURY","0","0","0","0","0","2","0","16","2","3","41.8673074987","-87.6271531211","POINT (-87.627153121083 41.867307498739)"
"67a3aedb390bc019a0c47c2cc7542e3abae22b778ebb265fe2039d7f74d12c4bdc2eaa762508d5b85de2f6d96f5b780a91383edfe0bf45e615c46edadd4f91dd",,"2026-03-02T16:35:00.000","20","NO CONTROLS","NO CONTROLS","CLEAR","DAYLIGHT","SIDESWIPE SAME DIRECTION","DIVIDED - W/MEDIAN BARRIER",,"STRAIGHT AND LEVEL","DRY","NO DEFECTS","ON SCENE","NO INJURY / DRIVE AWAY",,,,"OVER $1,500","2026-03-02T16:37:00.000","IMPROPER LANE USAGE","UNABLE TO DETERMINE","10255","W","ZEMKE RD","1654",,,,,,,"2","NO INDICATION OF INJURY","0","0","0","0","0","2","0","16","2","3","41.9947933861","-87.8827076595","POINT (-87.882707659516 41.994793386112)"
"d5aa3f799755a4c169bd87796ad1882b7f2ccf11e14a48674ff8e8fcc33721f0d2a353edaebe6b94103325b018cee9a2b02d66c06b130af25ed65f3b2f6f3832",,"2026-03-02T16:35:00.000","30","NO CONTROLS","NO CONTROLS","CLEAR","DAYLIGHT","PARKED MOTOR VEHICLE","DIVIDED - W/MEDIAN (NOT RAISED)",,"STRAIGHT AND LEVEL","DRY","NO DEFECTS","ON SCENE","NO INJURY / DRIVE AWAY",,,,"$500 OR LESS","2026-03-02T16:35:00.000","UNABLE TO DETERMINE","UNABLE TO DETERMINE","1818","W","18TH ST","1234",,,,,,,"2","NO INDICATION OF INJURY","0","0","0","0","0","3","0","16","2","3","41.8578220323","-87.6719078981","POINT (-87.671907898132 41.857822032258)"
"f361d717665860bbe5548431ec378cc9882a7eab185be5cecce72909cdee24df3a295a4cabeb28d8f6717ac446b166d4a95c0439fbf6ab0fdff792921e00cc7d",,"2026-03-02T16:32:00.000","35","TRAFFIC SIGNAL","FUNCTIONING PROPERLY","CLEAR","DAYLIGHT","TURNING","DIVIDED - W/MEDIAN (NOT RAISED)",,"STRAIGHT AND LEVEL","DRY","NO DEFECTS","ON SCENE","NO INJURY / DRIVE AWAY","Y",,"Y","OVER $1,500","2026-03-02T16:35:00.000","UNABLE TO DETERMINE","NOT APPLICABLE","759","N","KEDZIE AVE","1221",,,,,,,"3","NO INDICATION OF INJURY","0","0","0","0","0","4","0","16","2","3","41.8954646591","-87.7064064593","POINT (-87.706406459259 41.895464659105)"
"c307452ec69498c4b060fa97bde8de2ffd0a57ce9c63f5ae118c4f1028786c62fe7f118429bdd489cb3a5cda18c29a3176535cabe98f6866d2833ee35e91931f",,"2026-03-02T16:31:00.000","30","NO CONTROLS","NO CONTROLS","CLEAR","DAYLIGHT","TURNING","NOT DIVIDED",,"STRAIGHT AND LEVEL","UNKNOWN","UNKNOWN","NOT ON SCENE (DESK REPORT)","NO INJURY / DRIVE AWAY",,,,"OVER $1,500","2026-03-02T17:30:00.000","IMPROPER TURNING/NO SIGNAL","NOT APPLICABLE","4852","S","ASHLAND AVE","931",,,,,,,"2","NO INDICATION OF INJURY","0","0","0","0","0","6","0","16","2","3","41.8052216513","-87.665025813","POINT (-87.665025813005 41.805221651291)"
"54be63b135b16c8d6db5ac4438592b8590f6358b75acd5f487a8d54080865f6022162737f2cd2af4ae24ace0e8e3b1f668c2c7b81f7691d6af2d8cc88ccb90b4",,"2026-03-02T16:30:00.000","30","NO CONTROLS","NO CONTROLS","CLEAR","DAYLIGHT","REAR TO FRONT","NOT DIVIDED",,"STRAIGHT AND LEVEL","DRY","UNKNOWN","NOT ON SCENE (DESK REPORT)","NO INJURY / DRIVE AWAY",,,,"OVER $1,500","2026-03-02T16:50:00.000","IMPROPER BACKING","NOT APPLICABLE","5700","S","MARYLAND AVE","235",,,,,,,"2","NO INDICATION OF INJURY","0","0","0","0","0","4","0","16","2","3","41.7912606178","-87.605084912","POINT (-87.605084912006 41.791260617836)"
"62839513d95c403cc49ccaeb9253631e1fe903e8fc904026362dfb783c0d40a98bfdaaf9da3d7f7bf8a5b4a6f61d1815716996a11563d8ae32f7fae5e829c325",,"2026-03-02T16:30:00.000","30","TRAFFIC SIGNAL","FUNCTIONING PROPERLY","CLEAR","DAYLIGHT","REAR END","FOUR WAY",,"STRAIGHT AND LEVEL","DRY","NO DEFECTS","NOT ON SCENE (DESK REPORT)","NO INJURY / DRIVE AWAY","Y",,"Y","OVER $1,500","2026-03-03T14:25:00.000","FAILING TO YIELD RIGHT-OF-WAY","FAILING TO YIELD RIGHT-OF-WAY","1229","W","DIVISION ST","1213",,,,,,,"2","NO INDICATION OF INJURY","0","0","0","0","0","2","0","16","2","3","41.903382191","-87.6586195131","POINT (-87.658619513127 41.903382190956)"
"a9aa8c7b36ed2fdc9457ec07dc4294204b88761d3a3c168bc5181d984111d7c038e7ff7e2da7c441bf9f9066d6698332f09be7014ca5040849f61d00d02d9837",,"2026-03-02T16:30:00.000","30","TRAFFIC SIGNAL","NO CONTROLS","CLEAR","DAYLIGHT","TURNING","ONE-WAY",,"STRAIGHT AND LEVEL","DRY","NO DEFECTS","NOT ON SCENE (DESK REPORT)","NO INJURY / DRIVE AWAY",,,,"OVER $1,500","2026-03-02T18:00:00.000","IMPROPER LANE USAGE","IMPROPER TURNING/NO SIGNAL","628","N","WELLS ST","1831",,,,,,,"2","NO INDICATION OF INJURY","0","0","0","0","0","3","0","16","2","3","41.8932267242","-87.6342583864","POINT (-87.6342583864 41.893226724216)"
"c2cc9993bd87f181c7df5a86a6729a7a0714e599d76016960d80006886bf5d456f9521b2aeb718d079595253e840e174fae6729b27f388403a71b0186e110b2a",,"2026-03-02T16:30:00.000","25","NO CONTROLS","NO CONTROLS","UNKNOWN","UNKNOWN","REAR END","NOT DIVIDED",,"STRAIGHT AND LEVEL","UNKNOWN","UNKNOWN","ON SCENE","INJURY AND / OR TOW DUE TO CRASH",,,"Y","OVER $1,500","2026-03-02T16:39:00.000","UNABLE TO DETERMINE","NOT APPLICABLE","350","W","95TH ST","634",,,,,,,"2","NONINCAPACITATING INJURY","1","0","0","1","0","1","0","16","2","3","41.721708058","-87.6331441375","POINT (-87.633144137495 41.721708058003)"
"df7507817a2f9e70bfb010bb00656b1ddf5cca0950bb43009f1940aa5e20d60a19a45ea75952be26b1f4aba575850cb6d74b8040b86f68efb0f7d0f225e8cf3a",,"2026-03-02T16:30:00.000","35","NO CONTROLS","NO CONTROLS","CLEAR","DAYLIGHT","REAR TO FRONT","DIVIDED - W/MEDIAN (NOT RAISED)",,"STRAIGHT AND LEVEL","DRY","NO DEFECTS","NOT ON SCENE (DESK REPORT)","NO INJURY / DRIVE AWAY","Y",,"Y","OVER $1,500","2026-03-02T17:40:00.000","UNABLE TO DETERMINE","UNABLE TO DETERMINE","5300","S","WALLACE ST","935",,,,,,,"2","NO INDICATION OF INJURY","0","0","0","0","0","2","0","16","2","3","41.7979307151","-87.6406178763","POINT (-87.640617876256 41.79793071512)"
"e036bd3cf3f29db20ec7031d2408753ae56cec4ecc41c4ca645eece5e0bf72519fa7c26c41cf9ce71b9123f0fd18cc1342fc68f20af5b9681443e91ce5047318",,"2026-03-02T16:30:00.000","30","NO CONTROLS","NO CONTROLS","CLEAR","DAYLIGHT","PARKED MOTOR VEHICLE","DIVIDED - W/MEDIAN (NOT RAISED)",,"STRAIGHT AND LEVEL","DRY","UNKNOWN","NOT ON SCENE (DESK REPORT)","NO INJURY / DRIVE AWAY",,,"Y","OVER $1,500","2026-03-02T17:30:00.000","UNABLE TO DETERMINE","NOT APPLICABLE","2637","N","CENTRAL AVE","2514",,,,,,,"2","NO INDICATION OF INJURY","0","0","0","0","0","1","0","16","2","3","41.9287672413","-87.7660071056","POINT (-87.766007105627 41.928767241291)"
"7caef716d0a5c23e8fc04bb4bdeb4226c46283323e0cee24b682803565e369b473cd4d65d45385c995eaa1ade0b7d996d66afcb41bf28937f0a8398e7c2379b0",,"2026-03-02T16:27:00.000","30","TRAFFIC SIGNAL","FUNCTIONING PROPERLY","CLEAR","DAYLIGHT","FIXED OBJECT","DIVIDED - W/MEDIAN (NOT RAISED)",,"STRAIGHT AND LEVEL","DRY","NO DEFECTS","ON SCENE","INJURY AND / OR TOW DUE TO CRASH",,,,"OVER $1,500","2026-03-02T16:30:00.000","IMPROPER TURNING/NO SIGNAL","FAILING TO REDUCE SPEED TO AVOID CRASH","4741","W","FULLERTON AVE","2522",,,,,,,"1","NONINCAPACITATING INJURY","1","0","0","1","0","2","0","16","2","3","41.924140635","-87.7455293386","POINT (-87.74552933865 41.924140634977)"