"crash_record_id","crash_date_est_i","crash_date","posted_speed_limit","traffic_control_device","device_condition","weather_condition","lighting_condition","first_crash_type","trafficway_type","lane_cnt","alignment","roadway_surface_cond","road_defect","report_type","crash_type","intersection_related_i","private_property_i","hit_and_run_i","damage","date_police_notified","prim_contributory_cause","sec_contributory_cause","street_no","street_direction","street_name","beat_of_occurrence","photos_taken_i","statements_taken_i","dooring_i","work_zone_i","work_zone_type","workers_present_i","num_units","most_severe_injury","injuries_total","injuries_fatal","injuries_incapacitating","injuries_non_incapacitating","injuries_reported_not_evident","injuries_no_indication","injuries_unknown","crash_hour","crash_day_of_week","crash_month","latitude","longitude","location"
"a67ae4bc5a35a64cb1a2d82e30c41e55685cffd7f0e0785677f7846df026f49720e27f80555ee13414a13b4de8184bf5388e18e24798c7b59be65ded4713c56a",,"2026-03-02T16:26:00.000","30","NO CONTROLS","NO CONTROLS","CLEAR","DAYLIGHT","PARKED MOTOR VEHICLE","DIVIDED - W/MEDIAN (NOT RAISED)",,"STRAIGHT AND LEVEL","DRY","NO DEFECTS","ON SCENE","NO INJURY / DRIVE AWAY",,,,"$500 OR LESS","2026-03-02T16:32:00.000","IMPROPER BACKING","IMPROPER BACKING","5025","N","HARLEM AVE","1613",,,,,,,"2","NO INDICATION OF INJURY","0","0","0","0","0","2","0","16","2","3","41.9726235249","-87.806930843","POINT (-87.806930842997 41.972623524937)"
"d11181c19c6b8635971bbd2b6d7a4d934b0a0937c90d54974f74646d797408a684979a12164dea7cc56cc669b59c1ad7707188cc7c3ddba7ce459d4585740ba5",,"2026-03-02T16:25:00.000","30","STOP SIGN/FLASHER","FUNCTIONING PROPERLY","CLEAR","DUSK","ANGLE","FOUR WAY",,"STRAIGHT AND LEVEL","DRY","NO DEFECTS","ON SCENE","INJURY AND / OR TOW DUE TO CRASH","Y",,,"OVER $1,500","2026-03-02T16:27:00.000","FAILING TO YIELD RIGHT-OF-WAY","NOT APPLICABLE","3300","W","BRYN MAWR AVE","1711",,,,,,,"2","NO INDICATION OF INJURY","0","0","0","0","0","2","0","16","2","3","41.983148128","-87.71136489","POINT (-87.711364889983 41.983148127979)"
"d9b7ea009885a07b23c90841cc5b7703a142557a8ac7cdc64a4ad55efe75c8c17d0f5efade78666d2d7734af171cdff1e9e51a68809466a1bfc7781db862094b",,"2026-03-02T16:20:00.000","30","TRAFFIC SIGNAL","UNKNOWN","UNKNOWN","UNKNOWN","REAR END","NOT DIVIDED",,"STRAIGHT AND LEVEL","UNKNOWN","UNKNOWN","ON SCENE","INJURY AND / OR TOW DUE TO CRASH",,,,"OVER $1,500","2026-03-02T16:29:00.000","UNABLE TO DETERMINE","NOT APPLICABLE","6900","S","WESTERN AVE","832",,,,,,,"2","NONINCAPACITATING INJURY","1","0","0","1","0","1","0","16","2","3","41.7682384769","-87.6834869571","POINT (-87.68348695709 41.76823847692)"
"d49c0d8997fb475c76f559c428a7da756a7bcd2129cd2ad1a326fc276330003c37073f41476f578cb6bcbdb6b5c0aeee711a3f4ef544b49a74c74a4ada2917fc",,"2026-03-02T16:16:00.000","30","NO CONTROLS","NO CONTROLS","CLEAR","DAYLIGHT","SIDESWIPE SAME DIRECTION","NOT DIVIDED",,"STRAIGHT AND LEVEL","UNKNOWN","UNKNOWN","NOT ON SCENE (DESK REPORT)","NO INJURY / DRIVE AWAY",,,,"OVER $1,500","2026-03-02T16:30:00.000","IMPROPER LANE USAGE","IMPROPER LANE USAGE","4646","W","LAKE ST","1113",,,,,,,"2","NO INDICATION OF INJURY","0","0","0","0","0","2","0","16","2","3","41.8865130706","-87.7421832698","POINT (-87.742183269814 41.886513070646)"
"e57df54078ea51cc70572c10e4d1e1ab68f06087be1eee5a4c89467d291be6a8dfe51c624af7f0d81c6869b66dafcf06471e3b82a205cea58c85416aead01e48",,"2026-03-02T16:15:00.000","25","UNKNOWN","UNKNOWN","UNKNOWN","UNKNOWN","ANGLE","NOT DIVIDED",,"STRAIGHT AND LEVEL","UNKNOWN","UNKNOWN","NOT ON SCENE (DESK REPORT)","NO INJURY / DRIVE AWAY",,,,"OVER $1,500","2026-03-04T15:03:00.000","NOT APPLICABLE","NOT APPLICABLE","735","W","DIVISION ST","1822",,,,,,,"2","NO INDICATION OF INJURY","0","0","0","0","0","2","0","16","2","3","41.9035379266","-87.6474235837","POINT (-87.647423583714 41.903537926645)"
"2b723ff1353e55228c830014b0f3ea4d8e53ed298968ad382d522353b59e0133829d36c1cbfa36a8daa58fa88f7657578fc266659e782bfba04b6eadf65fd60e",,"2026-03-02T16:10:00.000","30","NO CONTROLS","NO CONTROLS","CLEAR","DAYLIGHT","SIDESWIPE SAME DIRECTION","NOT DIVIDED",,"STRAIGHT AND LEVEL","DRY","NO DEFECTS","NOT ON SCENE (DESK REPORT)","NO INJURY / DRIVE AWAY",,,"Y","OVER $1,500","2026-03-02T16:48:00.000","NOT APPLICABLE","NOT APPLICABLE","5931","S","KEDZIE AVE","824",,,,,,,"2","NO INDICATION OF INJURY","0","0","0","0","0","2","0","16","2","3","41.7853401913","-87.7031743238","POINT (-87.703174323842 41.785340191257)"
"94daab97aee0127dfef428834aa175f289bcb5f9e51169e1a241fcff0466b8f20f361f94869ce2f8ef4e96868d3723a265c4233aebed51df76eadc5bc0df9802",,"2026-03-02T16:05:00.000","30","TRAFFIC SIGNAL","FUNCTIONING PROPERLY","CLEAR","DAYLIGHT","REAR TO FRONT","NOT DIVIDED",,"STRAIGHT AND LEVEL","DRY","UNKNOWN","ON SCENE","NO INJURY / DRIVE AWAY",,,"Y","OVER $1,500","2026-03-02T16:10:00.000","FOLLOWING TOO CLOSELY","IMPROPER BACKING","3260","S","ARCHER AVE","912",,,,,,,"2","NO INDICATION OF INJURY","0","0","0","0","0","2","0","16","2","3","41.8348497483","-87.6706075416","POINT (-87.670607541635 41.834849748333)"
"d80c7c46aa0761875f71c246d27434dcf5a403ec39285b013bf56f106feae1f33d3d4742ddbe816bc9d67e31d8467bfa0412d99cfdc226e3b1a5483220c91bfc",,"2026-03-02T16:05:00.000","30","NO CONTROLS","NO CONTROLS","CLEAR","DAYLIGHT","REAR END","NOT DIVIDED",,"STRAIGHT AND LEVEL","DRY","NO DEFECTS","ON SCENE","INJURY AND / OR TOW DUE TO CRASH",,,,"OVER $1,500","2026-03-02T16:45:00.000","FOLLOWING TOO CLOSELY","NOT APPLICABLE","1824","S","KOSTNER AVE","1012",,,,,,,"3","NONINCAPACITATING INJURY","1","0","0","1","0","3","0","16","2","3","41.8560944779","-87.7347980153","POINT (-87.734798015259 41.856094477869)"
"6b8ef20fed7c6c63e887a10d86b1f90bd380163940a0349cfe593cfe139771a1d27a27b5b1aa505b8e850218810b6ab9d4b3901f7650cad4d7b982a6873937da",,"2026-03-02T16:00:00.000","10","NO CONTROLS","NO CONTROLS","CLEAR","DARKNESS, LIGHTED ROAD","OTHER OBJECT","PARKING LOT",,"STRAIGHT AND LEVEL","DRY","NO DEFECTS","NOT ON SCENE (DESK REPORT)","NO INJURY / DRIVE AWAY",,"Y",,"$500 OR LESS","2026-03-03T11:46:00.000","DRIVING SKILLS/KNOWLEDGE/EXPERIENCE","FAILING TO REDUCE SPEED TO AVOID CRASH","1030","N","STATE ST","1824",,,,,,,"1","NO INDICATION OF INJURY","0","0","0","0","0","1","0","16","2","3","41.9014634149","-87.6284813715","POINT (-87.628481371486 41.901463414903)"
"86de5b09f894607694f64a1a84782075f11cf2f7a708238c77eea6e5b21cb3e718569ecb7bb07f9960a65e99ad7c878cc6a817a6062c333c7e2b0af5c6cf43b0",,"2026-03-02T16:00:00.000","30","STOP SIGN/FLASHER","FUNCTIONING PROPERLY","CLEAR","DARKNESS","PARKED MOTOR VEHICLE","ONE-WAY",,"STRAIGHT AND LEVEL","DRY","NO DEFECTS","ON SCENE","NO INJURY / DRIVE AWAY",,,"Y","OVER $1,500","2026-03-02T20:57:00.000","FOLLOWING TOO CLOSELY","NOT APPLICABLE","2452","W","45TH PL","922",,,,,,,"2","NO INDICATION OF INJURY","0","0","0","0","0","1","0","16","2","3","41.8112399968","-87.6865710964","POINT (-87.68657109642 41.811239996802)"
"8d4060c12e3d24ae65f2f906e8dd623f1bc9ef4a09b89d9b15c9c3b889630ed7dbe87a2cf0ae6b2036738062c363b6f05d486674a8b501bb45d96dc10b0b2514",,"2026-03-02T16:00:00.000","15","NO CONTROLS","NO CONTROLS","CLEAR","DAYLIGHT","PARKED MOTOR VEHICLE","PARKING LOT",,"STRAIGHT AND LEVEL","DRY","NO DEFECTS","NOT ON SCENE (DESK REPORT)","NO INJURY / DRIVE AWAY",,,"Y","OVER $1,500","2026-03-02T18:30:00.000","UNABLE TO DETERMINE","NOT APPLICABLE","2723","N","FAIRFIELD AVE","1411",,,,,,,"2","NO INDICATION OF INJURY","0","0","0","0","0","1","0","16","2","3","41.9309704718","-87.6962575818","POINT (-87.696257581766 41.930970471754)"
"baddbff63c45163d80897e9401b8cc466133c5ad42c2caa1fd5fc320331d6bc5b7d6d350ba2789fe2511ada7a30bdee2da6f8f3bb67332898f162484626856d4",,"2026-03-02T16:00:00.000","30","YIELD","UNKNOWN","CLEAR","DAYLIGHT","TURNING","T-INTERSECTION",,"STRAIGHT AND LEVEL","DRY","UNKNOWN","ON SCENE","NO INJURY / DRIVE AWAY",,,,"OVER $1,500","2026-03-02T18:28:00.000","FAILING TO YIELD RIGHT-OF-WAY","NOT APPLICABLE","10900","S","DOTY AVE W","513",,,,,,,"2","NO INDICATION OF INJURY","0","0","0","0","0","4","0","16","2","3","41.696313684","-87.5966322439","POINT (-87.596632243933 41.696313683973)"
"0462e56eedb1023ce509d48f8dd0dd06d0815c523411a72d92f36e8de1201f3268bb83948992207f9896bf5391fc7de492e750d8133c59adc944eb34fb5961d3",,"2026-03-02T15:59:00.000","30","TRAFFIC SIGNAL","FUNCTIONING PROPERLY","CLEAR","DARKNESS","ANGLE","FOUR WAY",,"STRAIGHT AND LEVEL","DRY","NO DEFECTS","ON SCENE","INJURY AND / OR TOW DUE TO CRASH","Y",,,"OVER $1,500","2026-03-02T15:59:00.000","DISREGARDING TRAFFIC SIGNALS","DRIVING SKILLS/KNOWLEDGE/EXPERIENCE","652","W","TAYLOR ST","124",,,,,,,"2","NONINCAPACITATING INJURY","3","0","0","3","0","1","0","15","2","3","41.86980688","-87.6436700931","POINT (-87.643670093094 41.869806880037)"
"b2ccae1682ada77a1aa11c45946af5033ccaf559a5009669d12e8006e9ff0cfb3fef9b1b541b341eceb4909f6ffecaeab7c34f2158fea879146e08f6e97e8959","Y","2026-03-02T15:50:00.000","20","SCHOOL ZONE","NO CONTROLS","CLEAR","DAYLIGHT","PARKED MOTOR VEHICLE","NOT DIVIDED",,"STRAIGHT AND LEVEL","DRY","UNKNOWN","NOT ON SCENE (DESK REPORT)","NO INJURY / DRIVE AWAY",,,,"OVER $1,500","2026-03-02T16:20:00.000","FAILING TO YIELD RIGHT-OF-WAY","NOT APPLICABLE","5504","S","MORGAN ST","712",,,,,,,"2","NO INDICATION OF INJURY","0","0","0","0","0","1","0","15","2","3","41.7936764987","-87.6501514137","POINT (-87.650151413719 41.793676498714)"
"563a39fe3c329a5ae631dbabb4d70f3661b3d1fcf3f50d3de098a1285cbf6927c2737ec7e32b73d6dea8c6965586d71a0372a4e4495e0bfe476a3b6ab4563589",,"2026-03-02T15:45:00.000","30","NO CONTROLS","NO CONTROLS","CLEAR","DAYLIGHT","SIDESWIPE SAME DIRECTION","DIVIDED - W/MEDIAN (NOT RAISED)",,"STRAIGHT AND LEVEL","DRY","UNKNOWN","NOT ON SCENE (DESK REPORT)","NO INJURY / DRIVE AWAY",,,,"OVER $1,500","2026-03-02T18:15:00.000","UNABLE TO DETERMINE","NOT APPLICABLE","1733","N","HARLEM AVE","2513",,,,,,,"2","NO INDICATION OF INJURY","0","0","0","0","0","2","0","15","2","3","41.9117071121","-87.8057150513","POINT (-87.80571505133 41.911707112108)"
"4e3e2bc9ad3a1d53bc9620340d7debdc8cacaf3742cce17e3a199114c1b7c5af47aaba71db0abd90a7a4f4c2092ee7957682beb40b060d4b854db056e7bb425b",,"2026-03-02T15:40:00.000","35","NO CONTROLS","NO CONTROLS","CLEAR","DAYLIGHT","SIDESWIPE SAME DIRECTION","NOT DIVIDED",,"STRAIGHT AND LEVEL","DRY","WORN SURFACE","ON SCENE","INJURY AND / OR TOW DUE TO CRASH",,,"Y","OVER $1,500","2026-03-02T15:48:00.000","OPERATING VEHICLE IN ERRATIC, RECKLESS, CARELESS, NEGLIGENT OR AGGRESSIVE MANNER","OPERATING VEHICLE IN ERRATIC, RECKLESS, CARELESS, NEGLIGENT OR AGGRESSIVE MANNER","1824","W","69TH ST","726",,,,,,,"3","NO INDICATION OF INJURY","0","0","0","0","0","5","0","15","2","3","41.7685989306","-87.6697111701","POINT (-87.669711170089 41.768598930557)"
"f375e5eb9acb35c7bd6be4923f2198511a568c37b365ee13dfbaf4c3571f4317120f20d1514726852385f3e7c9174af52d7f77eff74cdb77604a49a4ad7cbe2a",,"2026-03-02T15:40:00.000","30","TRAFFIC SIGNAL","UNKNOWN","CLEAR","DAYLIGHT","ANGLE","NOT DIVIDED",,"STRAIGHT AND LEVEL","DRY","UNKNOWN","NOT ON SCENE (DESK REPORT)","NO INJURY / DRIVE AWAY","Y",,,"OVER $1,500","2026-03-02T16:25:00.000","UNABLE TO DETERMINE","UNABLE TO DETERMINE","8300","S","COLFAX AVE","423",,,,,,,"2","NO INDICATION OF INJURY","0","0","0","0","0","2","0","15","2","3","41.7444334906","-87.5614058118","POINT (-87.561405811777 41.744433490609)"
"dab07074b75c8b3e455738ecb8731526f20766fcdc0c7567e62f77051434cfadf1c12d5097d4170472026fae147efceca396346351b74b24aeb88b6faf921fb3",,"2026-03-02T15:37:00.000","30","UNKNOWN","UNKNOWN","UNKNOWN","UNKNOWN","FIXED OBJECT","ALLEY",,"STRAIGHT AND LEVEL","UNKNOWN","UNKNOWN","ON SCENE","NO INJURY / DRIVE AWAY",,,,"OVER $1,500","2026-03-02T15:53:00.000","NOT APPLICABLE","NOT APPLICABLE","5346","W","CRYSTAL ST","2532",,,,,,,"2","NO INDICATION OF INJURY","0","0","0","0","0","2","0","15","2","3","41.9032182047","-87.7600683312","POINT (-87.760068331235 41.903218204735)"
"0988236390018f0c03646f34a76e27d516bb33cc8b88a13af586833963f30d0242fe062163e3da14d3b7b2075dda1e15341f74201429bd32c3104ac980a704b7",,"2026-03-02T15:34:00.000","30","UNKNOWN","UNKNOWN","CLEAR","DAYLIGHT","TURNING","DIVIDED - W/MEDIAN (NOT RAISED)",,"STRAIGHT AND LEVEL","DRY","UNKNOWN","ON SCENE","NO INJURY / DRIVE AWAY",,,,"OVER $1,500","2026-03-02T16:18:00.000","FAILING TO YIELD RIGHT-OF-WAY","NOT APPLICABLE","5240","N","PULASKI RD","1712",,,,,,,"2","NO INDICATION OF INJURY","0","0","0","0","0","2","0","15","2","3","41.9767523138","-87.7284136216","POINT (-87.728413621629 41.976752313791)"
"de605b5769c07f0ff40c36941b7dc05d3c1c7c48631e0497fc0573e1d9754014c4ff3983d72b5e5557290c8f87c7d5d4cce3861e686952c621cba877646545a6",,"2026-03-02T15:32:00.000","30","TRAFFIC SIGNAL","FUNCTIONING PROPERLY","CLEAR","DAYLIGHT","TURNING","NOT DIVIDED",,"STRAIGHT AND LEVEL","DRY","NO DEFECTS","ON SCENE","NO INJURY / DRIVE AWAY","Y",,,"OVER $1,500","2026-03-02T16:55:00.000","IMPROPER TURNING/NO SIGNAL","NOT APPLICABLE","2757","W","PERSHING RD","921",,,,,,,"2","NO INDICATION OF INJURY","0","0","0","0","0","2","0","15","2","3","41.822681059","-87.6944225143","POINT (-87.694422514314 41.822681058979)"
"70b75e43028f3a5fb2beb764874298b079d9a55a2d66f9e99775a224a0bae7b9329befff730d60a9c098b90709842aaac1e34a2ad7e89462a7598af485babc11",,"2026-03-02T15:30:00.000","30","NO CONTROLS","NO CONTROLS","CLEAR","DAYLIGHT","SIDESWIPE SAME DIRECTION","NOT DIVIDED",,"STRAIGHT AND LEVEL","DRY","NO DEFECTS","NOT ON SCENE (DESK REPORT)","NO INJURY / DRIVE AWAY",,,"Y","OVER $1,500","2026-03-02T17:21:00.000","IMPROPER OVERTAKING/PASSING","NOT APPLICABLE","3968","W","87TH ST","834",,,,,,,"3","NO INDICATION OF INJURY","0","0","0","0","0","3","0","15","2","3","41.7349705466","-87.7213740848","POINT (-87.721374084832 41.73497054665)"
"e4ee833d6cdc1a1ea60bb81d5c04b4da8d8706c5a6e71161471012c8af3bd39b92c4128ec2b6f91f3b3f732da7feb0f7d33c7987b6c2d321b340a93571cce9c3",,"2026-03-02T15:27:00.000","30","TRAFFIC SIGNAL","FUNCTIONING PROPERLY","CLEAR","DAYLIGHT","REAR END","NOT DIVIDED",,"STRAIGHT AND LEVEL","DRY","NO DEFECTS","ON SCENE","INJURY AND / OR TOW DUE TO CRASH","Y",,,"OVER $1,500","2026-03-02T17:31:00.000","FAILING TO YIELD RIGHT-OF-WAY","FOLLOWING TOO CLOSELY","352","N","CICERO AVE","1532",,,,,,,"2","NO INDICATION OF INJURY","0","0","0","0","0","2","0","15","2","3","41.8867151094","-87.7456478772","POINT (-87.74564787716 41.886715109402)"
"4ea7602b7a78b005eb0c37809353bf55b2ab01e8c176aa218b33df4350347accd6f9a2f6ce036ab54f697fb03b40c529f2b9bcafc53b24ec4df38afcb32d5fde",,"2026-03-02T15:25:00.000","25","NO CONTROLS","NO CONTROLS","CLEAR","DAYLIGHT","REAR END","DIVIDED - W/MEDIAN (NOT RAISED)",,"STRAIGHT AND LEVEL","DRY","UNKNOWN","NOT ON SCENE (DESK REPORT)","INJURY AND / OR TOW DUE TO CRASH",,,"Y","OVER $1,500","2026-03-02T16:05:00.000","DRIVING SKILLS/KNOWLEDGE/EXPERIENCE","DRIVING SKILLS/KNOWLEDGE/EXPERIENCE","725","S","HOMAN AVE","1134",,,,,,,"2","NONINCAPACITATING INJURY","2","0","0","2","0","1","0","15","2","3","41.8718653075","-87.7105768032","POINT (-87.710576803245 41.871865307512)"
"d7c9cca7a3a6210298d158b358fe67c7c6a52c2f0e45e7d69f0a7b09888444f19aa6207b06b73b65a5760a91df07b3b8aeadfba1ffbc3940955056dab9b9303f",,"2026-03-02T15:13:00.000","30","NO CONTROLS","NO CONTROLS","CLEAR","DAYLIGHT","REAR END","NOT DIVIDED",,"STRAIGHT AND LEVEL","DRY","NO DEFECTS","NOT ON SCENE (DESK REPORT)","NO INJURY / DRIVE AWAY",,,,"OVER $1,500","2026-03-02T16:05:00.000","FAILING TO YIELD RIGHT-OF-WAY","UNABLE TO DETERMINE","7900","S","NORMAL AVE","621",,,,,,,"2","NO INDICATION OF INJURY","0","0","0","0","0","2","0","15","2","3","41.7506940441","-87.636872551","POINT (-87.636872551049 41.7506940441)"
"30c2057c18d7c9b35ada033f66333146845c16e41f22177f6b68281f1db9f64f36885d42344e00c52838fcdfbb8a8f493b93ca2f768ded6dce3bce58c426ed24",,"2026-03-02T15:11:00.000","30","NO CONTROLS","NO CONTROLS","CLEAR","DAYLIGHT","REAR TO FRONT","NOT DIVIDED",,"STRAIGHT AND LEVEL","DRY","NO DEFECTS","NOT ON SCENE (DESK REPORT)","NO INJURY / DRIVE AWAY",,,,"$500 OR LESS","2026-03-02T16:20:00.000","IMPROPER OVERTAKING/PASSING","FOLLOWING TOO CLOSELY","243","W","22ND PL","914",,,,,,,"2","NO INDICATION OF INJURY","0","0","0","0","0","2","0","15","2","3","41.852039682","-87.6336834384","POINT (-87.633683438382 41.852039682031)"
"a67112183bf30de5ea74738654dfd53667cbda4acfaf827862589e914f794ad66cb174c83d6dbe6a01e11f19e635aa2e5a5edbaa19584482b28932b346a24d17",,"2026-03-02T15:10:00.000","20","NO CONTROLS","NO CONTROLS","CLEAR","DAYLIGHT","SIDESWIPE SAME DIRECTION","NOT DIVIDED",,"STRAIGHT AND LEVEL","DRY","NO DEFECTS","ON SCENE","NO INJURY / DRIVE AWAY",,,,"$500 OR LESS","2026-03-02T16:06:00.000","PASSING STOPPED SCHOOL BUS","NOT APPLICABLE","11012","S","LAWNDALE AVE","2211",,,,,,,"2","NO INDICATION OF INJURY","0","0","0","0","0","2","0","15","2","3","41.6927691997","-87.7132520355","POINT (-87.713252035529 41.692769199659)"
"40e5867933eee7067b193bef3d63b9e8e7f2d4a643ddfd1e9fa338647520379e64e8644bb2bc06ecd23bd645071791379d31cc848d02a0d6f838ea5321524194",,"2026-03-02T15:09:00.000","30","TRAFFIC SIGNAL","FUNCTIONING PROPERLY","CLEAR","DAYLIGHT","REAR END","NOT DIVIDED",,"STRAIGHT AND LEVEL","DRY","NO DEFECTS","ON SCENE","NO INJURY / DRIVE AWAY",,,,"OVER $1,500","2026-03-02T15:10:00.000","FAILING TO REDUCE SPEED TO AVOID CRASH","NOT APPLICABLE","6701","W","FOREST PRESERVE AVE","1632",,,,,,,"2","NO INDICATION OF INJURY","0","0","0","0","0","2","0","15","2","3","41.9599501856","-87.7940912316","POINT (-87.794091231646 41.959950185559)"
"5372cab551200d7f40c86d984b319c43d2441188079dab0b59cd77b9fcda78b63a0b27939b6adcbe37de8b55895e66382ad72877beff111c88c60a78f90bb2ab",,"2026-03-02T15:03:00.000","30","NO CONTROLS","FUNCTIONING PROPERLY","CLEAR","DAYLIGHT","SIDESWIPE SAME DIRECTION","NOT DIVIDED",,"STRAIGHT AND LEVEL","DRY","NO DEFECTS","ON SCENE","NO INJURY / DRIVE AWAY",,,,"$500 OR LESS","2026-03-02T15:22:00.000","UNABLE TO DETERMINE","NOT APPLICABLE","1800","E","130TH ST","434",,,,,,,"2","NO INDICATION OF INJURY","0","0","0","0","0","2","0","15","2","3","41.6595443936","-87.5830824316","POINT (-87.583082431589 41.659544393583)"
"3624b19b606703e60dbe8b4bff7b50570226eec72a436534e8b2fbc33577281410502009888aecb0a9ea6a4d41fa04e245b57ef2c0b2c06425dd5a134e22e6cb",,"2026-03-02T15:00:00.000","30","NO CONTROLS","NO CONTROLS","CLEAR","DAYLIGHT","SIDESWIPE SAME DIRECTION","NOT DIVIDED",,"STRAIGHT AND LEVEL","DRY","NO DEFECTS","NOT ON SCENE (DESK REPORT)","NO INJURY / DRIVE AWAY",,,,"OVER $1,500","2026-03-03T13:20:00.000","UNABLE TO DETERMINE","NOT APPLICABLE","3950","W","87TH ST","834",,,,,,,"2","NO INDICATION OF INJURY","0","0","0","0","0","2","0","15","2","3","41.7349773345","-87.7209724819","POINT (-87.720972481856 41.734977334547)"
"7afdfadf9d57fd192aa82cf46509811d0fd2eb0e99826315688a1a7b99ad5e8eab7da76cb4185304c0af38602301b601fa68843691ed5d8570960ede570a44e4",,"2026-03-02T15:00:00.000","30","NO CONTROLS","NO CONTROLS","CLEAR","DAYLIGHT","PARKED MOTOR VEHICLE","PARKING LOT",,"STRAIGHT AND LEVEL","DRY","NO DEFECTS","NOT ON SCENE (DESK REPORT)","NO INJURY / DRIVE AWAY",,,,"OVER $1,500","2026-03-02T16:20:00.000","UNABLE TO DETERMINE","UNABLE TO DETERMINE","3033","S","HALSTED ST","914",,,,,,,"2","NO INDICATION OF INJURY","0","0","0","0","0","1","0","15","2","3","41.8388723304","-87.6461509665","POINT (-87.646150966469 41.838872330415)"
"22d24c013b3f337dacd348d7fe3fb12485cbdd8255c02417472e5d387d879f80d5adc9070f0e804df10eb981f542775dd84c74e34cd49af791e9f7f08feab998",,"2026-03-02T14:46:00.000","30","NO CONTROLS","NO CONTROLS","CLEAR","DAYLIGHT","SIDESWIPE OPPOSITE DIRECTION","NOT DIVIDED",,"STRAIGHT AND LEVEL","DRY","NO DEFECTS","ON SCENE","INJURY AND / OR TOW DUE TO CRASH",,,"Y","OVER $1,500","2026-03-02T14:47:00.000","DRIVING ON WRONG SIDE/WRONG WAY","DRIVING ON WRONG SIDE/WRONG WAY","3257","N","KIMBALL AVE","1733",,,,,,,"2","REPORTED, NOT EVIDENT","2","0","0","0","2","1","0","14","2","3","41.9409462971","-87.7124054756","POINT (-87.712405475569 41.94094629709)"
"5e3eb0012c6bc5c07f60f6b71fcaf360b5acd869fccfd5a3923265a75ddde3b4fd7f3752d34af3430575137f856d7bb05e53361137d05d04f61f586da5f0aebe","Y","2026-03-02T14:45:00.000","30","NO CONTROLS","NO CONTROLS","UNKNOWN","UNKNOWN","PARKED MOTOR VEHICLE","ONE-WAY",,"STRAIGHT AND LEVEL","UNKNOWN","NO DEFECTS","ON SCENE","NO INJURY / DRIVE AWAY",,,"Y","OVER $1,500","2026-03-05T11:50:00.000","NOT APPLICABLE","NOT APPLICABLE","2412","N","LINDEN PL","1414",,,,,,,"2","NO INDICATION OF INJURY","0","0","0","0","0","1","0","14","2","3","41.9256002845","-87.7029006019","POINT (-87.702900601866 41.925600284457)"
"71e4e35161472b340a37cf79e92e2c1af57cb8a249da9933f03f7e52f080ac22a1c4beaec7fecbacbbaca60851a7ef70f3a1122115ffd5c04f781305c6a9bbcb",,"2026-03-02T14:45:00.000","30","STOP SIGN/FLASHER","FUNCTIONING PROPERLY","CLEAR","DAYLIGHT","TURNING","FOUR WAY",,"STRAIGHT AND LEVEL","DRY","NO DEFECTS","ON SCENE","NO INJURY / DRIVE AWAY","Y",,,"$501 - $1,500","2026-03-02T14:45:00.000","FAILING TO YIELD RIGHT-OF-WAY","NOT APPLICABLE","4998","S","DAMEN AVE","931",,,,,,,"2","NO INDICATION OF INJURY","0","0","0","0","0","2","0","14","2","3","41.8031330053","-87.6747011361","POINT (-87.674701136073 41.803133005317)"
"c659193d739720cb63373e09d5764dad68d13a039eea3c493281fb058fecd0b3d4828afad14a0d97503620cd2625a78ce3bf7603f28b35accc86d6382545b2a0",,"2026-03-02T14:45:00.000","30","NO CONTROLS","NO CONTROLS","CLEAR","DAYLIGHT","REAR END","NOT DIVIDED",,"STRAIGHT AND LEVEL","DRY","NO DEFECTS","NOT ON SCENE (DESK REPORT)","NO INJURY / DRIVE AWAY",,,"Y","OVER $1,500","2026-03-02T15:44:00.000","FOLLOWING TOO CLOSELY","FOLLOWING TOO CLOSELY","442","W","76TH ST","621",,,,,,,"2","NO INDICATION OF INJURY","0","0","0","0","0","4","0","14","2","3","41.7563384069","-87.636110411","POINT (-87.636110411009 41.756338406879)"
"068ed9c750eab8e042aaa9f1966d5d3381eb68923a4f476be3cc3e3c36c29c8d7dae01b3f94978236acf83ee1079435a7bd6041b7729e4ea645cf2b14d2dbba1",,"2026-03-02T14:40:00.000","30","UNKNOWN","UNKNOWN","UNKNOWN","UNKNOWN","REAR END","NOT DIVIDED",,"STRAIGHT AND LEVEL","UNKNOWN","UNKNOWN","NOT ON SCENE (DESK REPORT)","NO INJURY / DRIVE AWAY",,,,"$500 OR LESS","2026-03-02T15:35:00.000","DRIVING SKILLS/KNOWLEDGE/EXPERIENCE","UNABLE TO DETERMINE","1224","S","WABASH AVE","131",,,,,,,"2","NO INDICATION OF INJURY","0","0","0","0","0","2","0","14","2","3","41.8667243541","-87.6259611484","POINT (-87.625961148378 41.866724354056)"
"99da0273cc2ee18401d1321d57e88f74e39e08446d74a2a69f9e283382de0afd80b635749179007a61e0484cb90208728092eb32ec6d6d9508abcf21f78223d0",,"2026-03-02T14:35:00.000","30","TRAFFIC SIGNAL","FUNCTIONING PROPERLY","CLEAR","DAYLIGHT","TURNING","NOT DIVIDED",,"STRAIGHT AND LEVEL","DRY","NO DEFECTS","ON SCENE","NO INJURY / DRIVE AWAY","Y",,,"OVER $1,500","2026-03-02T14:42:00.000","UNABLE TO DETERMINE","UNABLE TO DETERMINE","1200","W","63RD ST","713",,,,,,,"2","NO INDICATION OF INJURY","0","0","0","0","0","3","0","14","2","3","41.7797176826","-87.6545655245","POINT (-87.654565524531 41.779717682556)"