"crash_record_id","crash_date_est_i","crash_date","posted_speed_limit","traffic_control_device","device_condition","weather_condition","lighting_condition","first_crash_type","trafficway_type","lane_cnt","alignment","roadway_surface_cond","road_defect","report_type","crash_type","intersection_related_i","private_property_i","hit_and_run_i","damage","date_police_notified","prim_contributory_cause","sec_contributory_cause","street_no","street_direction","street_name","beat_of_occurrence","photos_taken_i","statements_taken_i","dooring_i","work_zone_i","work_zone_type","workers_present_i","num_units","most_severe_injury","injuries_total","injuries_fatal","injuries_incapacitating","injuries_non_incapacitating","injuries_reported_not_evident","injuries_no_indication","injuries_unknown","crash_hour","crash_day_of_week","crash_month","latitude","longitude","location"
"a0e78e7e5f2b9ddd04c9f7c0aa4b0cb6a228f517d2f09b8efc2cd09e925e05853f3ab21d07c3a85fecc5215c50266a8c3d63375a2e5785968c914e17ca1d2ecb",,"2026-03-02T14:35:00.000","30","STOP SIGN/FLASHER","FUNCTIONING PROPERLY","CLEAR","DAYLIGHT","ANGLE","FOUR WAY",,"STRAIGHT AND LEVEL","DRY","NO DEFECTS","ON SCENE","INJURY AND / OR TOW DUE TO CRASH",,,"Y","OVER $1,500","2026-03-02T14:35:00.000","DISREGARDING STOP SIGN","NOT APPLICABLE","5599","S","LOOMIS BLVD","713",,,,,,,"2","NO INDICATION OF INJURY","0","0","0","0","0","2","0","14","2","3","41.7923512397","-87.6595393693","POINT (-87.659539369277 41.792351239704)"
"57fdb4c5316fceceef1b29ec90299e858863ee3401826ee86ba1782888514d0b46098762d59da505b8926542b693a7e961ae224c1e24c289f137ac45123a199b",,"2026-03-02T14:31:00.000","30","UNKNOWN","UNKNOWN","UNKNOWN","UNKNOWN","PARKED MOTOR VEHICLE","DIVIDED - W/MEDIAN (NOT RAISED)",,"STRAIGHT AND LEVEL","UNKNOWN","UNKNOWN","NOT ON SCENE (DESK REPORT)","NO INJURY / DRIVE AWAY",,,"Y","$501 - $1,500","2026-03-02T16:05:00.000","UNABLE TO DETERMINE","NOT APPLICABLE","200","N","COLUMBUS DR","114",,,,,,,"2","NO INDICATION OF INJURY","0","0","0","0","0","2","0","14","2","3","41.8860058334","-87.6208289567","POINT (-87.620828956741 41.886005833425)"
"23cb72728e0be55d8db5bbbf8de6e5bcf43aeb696cea4760ad38625b0a2839dfd0e508cff08d89dbe4c09118a9cfe664d48589b4580d069e2e5d5ae2cc24180c",,"2026-03-02T14:30:00.000","30","NO CONTROLS","NO CONTROLS","CLEAR","DAYLIGHT","TURNING","NOT DIVIDED",,"STRAIGHT AND LEVEL","UNKNOWN","UNKNOWN","NOT ON SCENE (DESK REPORT)","NO INJURY / DRIVE AWAY",,,"Y","OVER $1,500","2026-03-02T16:30:00.000","DRIVING SKILLS/KNOWLEDGE/EXPERIENCE","NOT APPLICABLE","7119","S","KEDZIE AVE","831",,,,,,,"2","NO INDICATION OF INJURY","0","0","0","0","0","2","0","14","2","3","41.763787684","-87.702649128","POINT (-87.702649127961 41.763787683954)"
"2d8d9625ca83f8951b8acc39a8b5a289237737507e559592e2648e7b600aefbbb56e81c2d4c93f02cbf2e495ebc93304a869621b5389688eb2954702ff878157",,"2026-03-02T14:30:00.000","30","NO CONTROLS","NO CONTROLS","CLEAR","DAYLIGHT","REAR END","NOT DIVIDED",,"STRAIGHT AND LEVEL","DRY","NO DEFECTS","ON SCENE","NO INJURY / DRIVE AWAY","Y",,,"OVER $1,500","2026-03-02T15:00:00.000","FOLLOWING TOO CLOSELY","FAILING TO REDUCE SPEED TO AVOID CRASH","3810","S","ARCHER AVE","911",,,,,,,"2","NO INDICATION OF INJURY","0","0","0","0","0","4","0","14","2","3","41.8242927031","-87.6878380369","POINT (-87.687838036864 41.824292703115)"
"8528419dbe4c5f1a70745637e25befe06bf78badd77a292594cd71832cec44f10b4cdc8d42ac46ff1f215bef7b8d5f6c9e72c2a931b1fd06f5da59e427955fee",,"2026-03-02T14:30:00.000","30","STOP SIGN/FLASHER","NO CONTROLS","CLEAR","DAYLIGHT","PARKED MOTOR VEHICLE","NOT DIVIDED",,"STRAIGHT AND LEVEL","DRY","NO DEFECTS","ON SCENE","INJURY AND / OR TOW DUE TO CRASH",,,"Y","OVER $1,500","2026-03-02T16:27:00.000","UNABLE TO DETERMINE","UNABLE TO DETERMINE","6311","S","CALUMET AVE","312",,,,,,,"3","NO INDICATION OF INJURY","0","0","0","0","0","1","0","14","2","3","41.7797970049","-87.6171749424","POINT (-87.617174942397 41.779797004907)"
"d9884843b5d5eb7b69e87d64b3a3d5cf8957b298e57141020ac383e84ca4ce1e7a7f91e47ef315f39da0e877e69b1a51fce50fb6f791cb92478daae09b146373",,"2026-03-02T14:30:00.000","30","NO CONTROLS","NO CONTROLS","CLEAR","DAYLIGHT","TURNING","NOT DIVIDED",,"STRAIGHT AND LEVEL","DRY","NO DEFECTS","NOT ON SCENE (DESK REPORT)","NO INJURY / DRIVE AWAY",,,,"OVER $1,500","2026-03-02T15:12:00.000","IMPROPER TURNING/NO SIGNAL","NOT APPLICABLE","4232","W","47TH ST","815",,,,,,,"2","NO INDICATION OF INJURY","0","0","0","0","0","3","0","14","2","3","41.8079028321","-87.7297524795","POINT (-87.729752479535 41.807902832141)"
"e656e7b07a93c329c57ae9b5f1c8fb49a11d6ed3d433a95d00ae16abb9675d441f8851f4206704a873a7902a5b43d2855cfcc01156b032cc566eb3e3ab6dec68",,"2026-03-02T14:30:00.000","30","TRAFFIC SIGNAL","FUNCTIONING PROPERLY","CLEAR","DAYLIGHT","TURNING","NOT DIVIDED",,"STRAIGHT AND LEVEL","DRY","NO DEFECTS","ON SCENE","INJURY AND / OR TOW DUE TO CRASH","Y",,"Y","OVER $1,500","2026-03-02T14:38:00.000","FAILING TO YIELD RIGHT-OF-WAY","DISREGARDING OTHER TRAFFIC SIGNS","3600","W","BELMONT AVE","1732",,,,,,,"2","REPORTED, NOT EVIDENT","1","0","0","0","1","1","0","14","2","3","41.9393251925","-87.7174616251","POINT (-87.717461625053 41.939325192495)"
"48469efe992a11cbb85fbbf6f1727d894f5eb25cce49eddd19b829238578c161c8bfd286efbb7cbbe01579792e971ba3d03f88554c662a9cd18c3b55cb359196",,"2026-03-02T14:26:00.000","30","NO CONTROLS","NO CONTROLS","CLEAR","DAYLIGHT","REAR END","DIVIDED - W/MEDIAN (NOT RAISED)",,"STRAIGHT AND LEVEL","DRY","UNKNOWN","NOT ON SCENE (DESK REPORT)","INJURY AND / OR TOW DUE TO CRASH",,,,"OVER $1,500","2026-03-02T14:55:00.000","UNABLE TO DETERMINE","NOT APPLICABLE","1524","W","FULLERTON AVE","1932",,,,,,,"2","REPORTED, NOT EVIDENT","1","0","0","0","1","1","0","14","2","3","41.9252800679","-87.6667740088","POINT (-87.666774008805 41.925280067941)"
"ec9c83a62c5809303bf3ac93b2b61bff30e89bd777b51c8a4cb011bbdcf242b8f24ba11b4e20f2034e7fc744e90eb62ec043f0297f044e92e47f1239c0479daa","Y","2026-03-02T14:20:00.000","25","TRAFFIC SIGNAL","FUNCTIONING PROPERLY","CLEAR","DAYLIGHT","REAR END","NOT DIVIDED",,"STRAIGHT AND LEVEL","DRY","NO DEFECTS","NOT ON SCENE (DESK REPORT)","NO INJURY / DRIVE AWAY","Y",,"Y","OVER $1,500","2026-03-02T14:40:00.000","UNABLE TO DETERMINE","UNABLE TO DETERMINE","3100","S","KEDZIE AVE","1032",,,,,,,"2","NO INDICATION OF INJURY","0","0","0","0","0","2","0","14","2","3","41.8371326714","-87.7049671148","POINT (-87.704967114787 41.837132671422)"
"44daa3db7d116aa161d70f31ed3baa42a7166e5bd44cfd5bdf8f923fe98cb799f02ad1ba9f0c2bcbaf199e14feb220afb4fd194271ac52bc8aeabfd6322004c6",,"2026-03-02T14:00:00.000","30","TRAFFIC SIGNAL","FUNCTIONING PROPERLY","CLEAR","DAYLIGHT","SIDESWIPE SAME DIRECTION","DIVIDED - W/MEDIAN BARRIER",,"STRAIGHT AND LEVEL","DRY","NO DEFECTS","ON SCENE","NO INJURY / DRIVE AWAY",,,,"OVER $1,500","2026-03-02T15:49:00.000","UNABLE TO DETERMINE","UNABLE TO DETERMINE","47","W","87TH ST","634",,,,,,,"2","NO INDICATION OF INJURY","0","0","0","0","0","2","0","14","2","3","41.7361479145","-87.6259833142","POINT (-87.625983314215 41.736147914487)"
"6f1e3321db757a1396530101b10b09d99600882fdafbdc7d9a87b25f31a3c6834e1d52ca5d64d8427d96930ef9ee066e34dcefb6b594927149bce6d62ebabc20",,"2026-03-02T14:00:00.000","15","UNKNOWN","UNKNOWN","UNKNOWN","UNKNOWN","PARKED MOTOR VEHICLE","PARKING LOT",,"STRAIGHT AND LEVEL","UNKNOWN","UNKNOWN","NOT ON SCENE (DESK REPORT)","NO INJURY / DRIVE AWAY",,"Y","Y","$500 OR LESS","2026-03-02T15:15:00.000","UNABLE TO DETERMINE","UNABLE TO DETERMINE","6009","N","BROADWAY","2433",,,,,,,"2","NO INDICATION OF INJURY","0","0","0","0","0","1","0","14","2","3","41.9911817534","-87.6601550832","POINT (-87.660155083224 41.991181753447)"
"804debea28c810457de44272caf10645fed5aae5d9ae117005f4733d3402f409f8e2aa840d6db638ac0bdd6eec33baf991f65d166b928b7dca792990871f7791",,"2026-03-02T14:00:00.000","30","UNKNOWN","UNKNOWN","UNKNOWN","UNKNOWN","PARKED MOTOR VEHICLE","UNKNOWN",,"STRAIGHT AND LEVEL","UNKNOWN","UNKNOWN",,"NO INJURY / DRIVE AWAY",,,,"OVER $1,500","2026-03-03T20:42:00.000","UNABLE TO DETERMINE","UNABLE TO DETERMINE","4420","S","WASHTENAW AVE","922",,,,,,,"2","NO INDICATION OF INJURY","0","0","0","0","0","1","0","14","2","3","41.8131156773","-87.6920489363","POINT (-87.69204893628 41.81311567734)"
"9032daffa8e9437147a38b938614975e9a1713cb17ca787d7521d65a701917fdd60dcaae1a0172ba4e930d7dba4593a60c10a33831530e4c02509bdd03ed968c",,"2026-03-02T14:00:00.000","35","NO CONTROLS","NO CONTROLS","CLEAR","DAYLIGHT","PEDESTRIAN","NOT DIVIDED",,"STRAIGHT AND LEVEL","DRY","NO DEFECTS","ON SCENE","INJURY AND / OR TOW DUE TO CRASH",,,,"$500 OR LESS","2026-03-02T14:20:00.000","UNABLE TO DETERMINE","UNABLE TO DETERMINE","3750","W","63RD ST","823",,,,,,,"2","NONINCAPACITATING INJURY","1","0","0","1","0","0","0","14","2","3","41.7788507481","-87.7174302828","POINT (-87.717430282831 41.778850748097)"
"9cbd865989ca469816bf5b9d586827a49a288e6b1cd7efd8ddda67d7329deece04284fdfd846a2bbb4937c33d6a05be590c8bac74f7b031262d3b9a5cb6b9331",,"2026-03-02T14:00:00.000","15","NO CONTROLS","NO CONTROLS","CLEAR","DAYLIGHT","PEDESTRIAN","ALLEY",,"STRAIGHT AND LEVEL","DRY","NO DEFECTS","ON SCENE","INJURY AND / OR TOW DUE TO CRASH",,"N",,"$501 - $1,500","2026-03-02T15:22:00.000","FAILING TO YIELD RIGHT-OF-WAY","UNABLE TO DETERMINE","2812","W","DEVON AVE","2412",,,,,,,"2","NONINCAPACITATING INJURY","1","0","0","1","0","1","0","14","2","3","41.9976605449","-87.7002125193","POINT (-87.700212519329 41.997660544937)"
"7be2ef3b1b228aa3bc843aba22b6a741ed96226ceaf8ac1aa248ceb4c85e2044aaf76473f323c5cce3ec22a3835f16e7b12eb8102eaf55d80b39d53bec4ae769",,"2026-03-02T13:50:00.000","30","NO CONTROLS","NO CONTROLS","CLEAR","DAYLIGHT","SIDESWIPE SAME DIRECTION","ONE-WAY",,"STRAIGHT AND LEVEL","DRY","NO DEFECTS","NOT ON SCENE (DESK REPORT)","NO INJURY / DRIVE AWAY",,,,"OVER $1,500","2026-03-02T17:10:00.000","FAILING TO YIELD RIGHT-OF-WAY","NOT APPLICABLE","8238","S","ELLIS AVE","631",,,,,,,"2","NO INDICATION OF INJURY","0","0","0","0","0","2","0","13","2","3","41.7446860274","-87.600293781","POINT (-87.600293780971 41.744686027364)"
"8fc6343d6941b706d648327d96befb562d5bfccc93b7a1e1b5110049998e070a802b609d0a9719e65c914a0145bd16b17f1228db0c02159b8292252fc4dacff8",,"2026-03-02T13:50:00.000","30","TRAFFIC SIGNAL","FUNCTIONING PROPERLY","CLEAR","DAYLIGHT","REAR END","FOUR WAY",,"STRAIGHT AND LEVEL","DRY","NO DEFECTS","ON SCENE","NO INJURY / DRIVE AWAY","Y",,,"$500 OR LESS","2026-03-02T13:50:00.000","FOLLOWING TOO CLOSELY","FOLLOWING TOO CLOSELY","800","N","STATE ST","1832",,,,,,,"2","NO INDICATION OF INJURY","0","0","0","0","0","2","0","13","2","3","41.8967175756","-87.6283472902","POINT (-87.628347290222 41.896717575598)"
"490ed3ace572fe2c45b120f7226aae3a77b35c592a34455d2068f7192ffb3bed8d9f7a34672acae2f175d15fff4e403c5f30315c9050e9e478b6c082ae0b80e2",,"2026-03-02T13:45:00.000","30","TRAFFIC SIGNAL","FUNCTIONING PROPERLY","CLEAR","DAYLIGHT","ANGLE","NOT DIVIDED",,"STRAIGHT AND LEVEL","DRY","NO DEFECTS","ON SCENE","NO INJURY / DRIVE AWAY","Y",,,"OVER $1,500","2026-03-02T13:55:00.000","DISREGARDING TRAFFIC SIGNALS","FAILING TO YIELD RIGHT-OF-WAY","5600","N","HARLEM AVE","1612",,,,,,,"2","NO INDICATION OF INJURY","0","0","0","0","0","3","0","13","2","3","41.9828152029","-87.8070891663","POINT (-87.807089166308 41.982815202873)"
"88a867743d1c28accac483bc2428d3a966bbb251d15b8ed664c4ef53a91af79f26a1c0a608c86ebf3f4ec92384e75f3e8a9f217fc6421951e0fd826057bdce35",,"2026-03-02T13:41:00.000","30","TRAFFIC SIGNAL","FUNCTIONING PROPERLY","CLEAR","DAYLIGHT","SIDESWIPE SAME DIRECTION","DIVIDED - W/MEDIAN BARRIER",,"STRAIGHT AND LEVEL","DRY","UNKNOWN","ON SCENE","NO INJURY / DRIVE AWAY",,,,"OVER $1,500","2026-03-02T14:14:00.000","UNABLE TO DETERMINE","NOT APPLICABLE","800","S","STATE ST","123",,"Y",,,,,"2","NO INDICATION OF INJURY","0","0","0","0","0","2","0","13","2","3","41.8717406197","-87.6276706791","POINT (-87.627670679085 41.871740619681)"
"aac1123b1159c815b31ef29bcb2c9416f4ca57edf4c1eba0b830f83e02c67f83230131d2fec78d1b9aa3df19357f3ba9ad537f1987dec9292e82bde81284e302",,"2026-03-02T13:40:00.000","30","TRAFFIC SIGNAL","FUNCTIONING PROPERLY","CLEAR","DAYLIGHT","ANGLE","FOUR WAY",,"STRAIGHT AND LEVEL","DRY","NO DEFECTS","ON SCENE","NO INJURY / DRIVE AWAY","Y",,,"OVER $1,500","2026-03-02T13:42:00.000","DISREGARDING TRAFFIC SIGNALS","FAILING TO YIELD RIGHT-OF-WAY","1399","W","87TH ST","2222",,,,,,,"2","NO INDICATION OF INJURY","0","0","0","0","0","2","0","13","2","3","41.7357527221","-87.6581413367","POINT (-87.658141336728 41.735752722069)"
"0fa8a31d0f69438183b533ca7d6dd42d3f4d048f5c265ea5d7685fc1160b5741eb5ef04d8854bc0dd6862e81670783b60e093cad95328e5c35343246b15ff5ab",,"2026-03-02T13:38:00.000","30","NO CONTROLS","NO CONTROLS","CLEAR","DAYLIGHT","PARKED MOTOR VEHICLE","NOT DIVIDED",,"STRAIGHT AND LEVEL","DRY","NO DEFECTS","ON SCENE","INJURY AND / OR TOW DUE TO CRASH",,,,"OVER $1,500","2026-03-02T13:38:00.000","FAILING TO REDUCE SPEED TO AVOID CRASH","DRIVING SKILLS/KNOWLEDGE/EXPERIENCE","3225","S","PULASKI RD","1031",,,,,,,"2","NONINCAPACITATING INJURY","1","0","0","1","0","0","0","13","2","3","41.8343139091","-87.7241498204","POINT (-87.724149820356 41.834313909122)"
"42c53abbb47d4672313639a9e0a3350865e74b0ee005bf2a8bb84fee7137bf29032febd720d013aa93c25960c70a32f872620cf562e1a63239558e78d904daf7",,"2026-03-02T13:30:00.000","30","NO CONTROLS","NO CONTROLS","CLEAR","DAYLIGHT","SIDESWIPE SAME DIRECTION","DIVIDED - W/MEDIAN (NOT RAISED)",,"STRAIGHT AND LEVEL","DRY","NO DEFECTS","NOT ON SCENE (DESK REPORT)","NO INJURY / DRIVE AWAY",,,,"OVER $1,500","2026-03-03T12:00:00.000","DRIVING SKILLS/KNOWLEDGE/EXPERIENCE","UNABLE TO DETERMINE","1150","S","WABASH AVE","123",,,,,,,"2","NO INDICATION OF INJURY","0","0","0","0","0","2","0","13","2","3","41.8677514672","-87.6259795303","POINT (-87.625979530259 41.867751467227)"
"714c716b1df45a81d4851e8f01192fe83face7671e013a220d6961e76baf9200d2aa8ad599a70ab4841094e5f6d54a4612f5ff718632f5437de4dec2a8c713e7",,"2026-03-02T13:30:00.000","30","NO CONTROLS","NO CONTROLS","CLEAR","UNKNOWN","REAR END","NOT DIVIDED",,"STRAIGHT AND LEVEL","UNKNOWN","UNKNOWN","NOT ON SCENE (DESK REPORT)","NO INJURY / DRIVE AWAY",,,,"OVER $1,500","2026-03-02T14:48:00.000","FOLLOWING TOO CLOSELY","NOT APPLICABLE","2300","S","LAKE SHORE DR SB","132",,,,,,,"2","NO INDICATION OF INJURY","0","0","0","0","0","3","0","13","2","3","41.8510197772","-87.6138821225","POINT (-87.613882122521 41.8510197772)"
"d821933fcf69c79c95e762269de7842280e0fb675e92bb685ea93eee14774dcf6d047c2d56f9a876f6d07d223f0ee3b2e2d87108b80b8900c26824c75104908a",,"2026-03-02T13:30:00.000","30","NO CONTROLS","NO CONTROLS","CLEAR","DAYLIGHT","REAR END","NOT DIVIDED",,"STRAIGHT AND LEVEL","DRY","NO DEFECTS","NOT ON SCENE (DESK REPORT)","NO INJURY / DRIVE AWAY",,,"Y","$500 OR LESS","2026-03-02T14:50:00.000","FOLLOWING TOO CLOSELY","IMPROPER OVERTAKING/PASSING","5000","S","WESTERN BLVD","923",,,,,,,"2","NO INDICATION OF INJURY","0","0","0","0","0","2","0","13","2","3","41.8029113419","-87.6838495786","POINT (-87.683849578595 41.802911341924)"
"a2046ab99d30f8e1ebb4b3ec1c8f92dcfdf24966b93e14c4d2f6ab2ccfb785187ca79139c83a1d231020fc8edf7e91414ff1f6e8adc28851c812b92eecff52f7",,"2026-03-02T13:19:00.000","30","STOP SIGN/FLASHER","FUNCTIONING PROPERLY","CLEAR","DAYLIGHT","ANGLE","FOUR WAY",,"STRAIGHT AND LEVEL","DRY","NO DEFECTS","NOT ON SCENE (DESK REPORT)","NO INJURY / DRIVE AWAY","Y",,,"OVER $1,500","2026-03-02T15:50:00.000","DISREGARDING STOP SIGN","NOT APPLICABLE","2703","W","DEVON AVE","2413",,,,,,,"2","NO INDICATION OF INJURY","0","0","0","0","0","2","0","13","2","3","41.9974896341","-87.6973413513","POINT (-87.697341351289 41.997489634076)"
"1d30fda16fc399d0cef088bb75fed50880411e16dd6f0af011f14490c71245ac34b9548524ff6468513d15a604abdb298eaa9512207d7e76e418114d091722bd",,"2026-03-02T13:12:00.000","30","NO CONTROLS","NO CONTROLS","CLEAR","DAYLIGHT","SIDESWIPE SAME DIRECTION","DIVIDED - W/MEDIAN BARRIER",,"STRAIGHT AND LEVEL","DRY","NO DEFECTS","NOT ON SCENE (DESK REPORT)","NO INJURY / DRIVE AWAY",,,"Y","OVER $1,500","2026-03-02T14:00:00.000","UNABLE TO DETERMINE","UNABLE TO DETERMINE","4156","S","WESTERN AVE","921",,,,,,,"2","NO INDICATION OF INJURY","0","0","0","0","0","2","0","13","2","3","41.8176545432","-87.6848233621","POINT (-87.684823362094 41.817654543234)"
"e3eb580e1186e33077801934b43de556a3d9f13f48c3a15cecfc4f84a0c3a0acf68d8ad410d0ebc9181367523af2d9d004e9e35be2de2d1ac898d745816d5117",,"2026-03-02T13:10:00.000","30","TRAFFIC SIGNAL","FUNCTIONING PROPERLY","CLEAR","DAYLIGHT","REAR END","DIVIDED - W/MEDIAN (NOT RAISED)",,"STRAIGHT AND LEVEL","DRY","NO DEFECTS","ON SCENE","NO INJURY / DRIVE AWAY",,,,"OVER $1,500","2026-03-02T13:11:00.000","UNABLE TO DETERMINE","NOT APPLICABLE","100","N","HAMLIN BLVD","1122",,,,,,,"2","NO INDICATION OF INJURY","0","0","0","0","0","2","0","13","2","3","41.8819494777","-87.7209688023","POINT (-87.720968802268 41.881949477729)"
"9ea89625abda3d52fb2fbf6a78ff330bbb0cbef5f45038501684158ec43c359a24822680b5c61fc99c9d919bbd9107fcef5adb24687385bd009ac85765c15c8c",,"2026-03-02T13:05:00.000","15","NO CONTROLS","NO CONTROLS","CLEAR","DAYLIGHT","FIXED OBJECT","PARKING LOT",,"STRAIGHT AND LEVEL","DRY","NO DEFECTS","ON SCENE","NO INJURY / DRIVE AWAY",,"Y",,"OVER $1,500","2026-03-02T13:19:00.000","DRIVING SKILLS/KNOWLEDGE/EXPERIENCE","FAILING TO REDUCE SPEED TO AVOID CRASH","2222","W","DIVISION ST","1424",,,,,,,"1","NO INDICATION OF INJURY","0","0","0","0","0","1","0","13","2","3","41.9031985613","-87.6831241362","POINT (-87.683124136212 41.903198561266)"
"78741320ef3f8fd262e8861a38e70ae01337f2ed1c350b7d82d567e10d524c175dd3ae1a25f12c33d59310f65d57b528e5c72261d6f4ad86c4b71fa0c48fa9c2",,"2026-03-02T13:03:00.000","30","TRAFFIC SIGNAL","UNKNOWN","CLEAR","DAYLIGHT","REAR END","NOT DIVIDED",,"STRAIGHT AND LEVEL","UNKNOWN","UNKNOWN","NOT ON SCENE (DESK REPORT)","NO INJURY / DRIVE AWAY",,,"Y","OVER $1,500","2026-03-02T13:30:00.000","FOLLOWING TOO CLOSELY","UNABLE TO DETERMINE","402","N","PULASKI RD","1111",,,,,,,"2","NO INDICATION OF INJURY","0","0","0","0","0","3","0","13","2","3","41.8878661231","-87.7260179336","POINT (-87.726017933555 41.887866123119)"
"9ff420de09153547cb73b0e5d93fc69d1f60357f3231ad1f8134e0c9ece3cca08a5d0699b7f1e825403ade567d61f7da8b1080cd517a3ff816c557fed7754360",,"2026-03-02T13:00:00.000","30","STOP SIGN/FLASHER","UNKNOWN","CLEAR","DAYLIGHT","ANGLE","NOT DIVIDED",,"STRAIGHT AND LEVEL","DRY","UNKNOWN","NOT ON SCENE (DESK REPORT)","INJURY AND / OR TOW DUE TO CRASH","Y",,,"OVER $1,500","2026-03-02T15:20:00.000","UNABLE TO DETERMINE","UNABLE TO DETERMINE","1233","E","63RD ST","314",,,,,,,"2","NO INDICATION OF INJURY","0","0","0","0","0","2","0","13","2","3","41.7804259134","-87.5948055459","POINT (-87.594805545852 41.780425913362)"
"f149e3336e527475050d44bdea5da940b964c3f061aeaeab54b93f2fa887c508dc3007c7615b3560a7c021818625a656e26ef46d09418f9108698de5d3801489",,"2026-03-02T13:00:00.000","30","NO CONTROLS","NO CONTROLS","CLEAR","DAYLIGHT","TURNING","NOT DIVIDED",,"STRAIGHT AND LEVEL","DRY","NO DEFECTS","NOT ON SCENE (DESK REPORT)","NO INJURY / DRIVE AWAY",,,,"OVER $1,500","2026-03-02T13:13:00.000","NOT APPLICABLE","NOT APPLICABLE","7100","S","BELL AVE","832",,,,,,,"2","NO INDICATION OF INJURY","0","0","0","0","0","2","0","13","2","3","41.7646456936","-87.6796164277","POINT (-87.679616427703 41.764645693576)"
"2c299c5e45855df7ccb25aa7a315eb0211e9737d46bfd97ece2a4a58710415ea1a225496569cf306496bd598c961b4e361237e54a3bba88016ba824cbc4c4085",,"2026-03-02T12:59:00.000","35","NO CONTROLS","NO CONTROLS","CLEAR","DAYLIGHT","PARKED MOTOR VEHICLE","DIVIDED - W/MEDIAN BARRIER",,"STRAIGHT AND LEVEL","DRY","NO DEFECTS","ON SCENE","INJURY AND / OR TOW DUE TO CRASH",,,,"OVER $1,500","2026-03-02T13:02:00.000","FAILING TO REDUCE SPEED TO AVOID CRASH","NOT APPLICABLE","10814","S","HALSTED ST","2233",,,,,,,"2","NO INDICATION OF INJURY","0","0","0","0","0","1","0","12","2","3","41.6973410894","-87.6426813526","POINT (-87.642681352634 41.697341089416)"
"e149c581ee8e379dc2194591bfa6f2634fd55b430b7f7aa6fd8362f923cc38bacd71181e1ebb76d7a68fe5631c3ca3c9f31f0457c7ee87e995e0c0cf0fc38de4",,"2026-03-02T12:57:00.000","40","TRAFFIC SIGNAL","FUNCTIONING PROPERLY","CLEAR","DAYLIGHT","PEDESTRIAN","T-INTERSECTION",,"STRAIGHT AND LEVEL","DRY","NO DEFECTS","ON SCENE","INJURY AND / OR TOW DUE TO CRASH","Y",,,"OVER $1,500","2026-03-02T13:02:00.000","FAILING TO YIELD RIGHT-OF-WAY","NOT APPLICABLE","5800","N","WESTERN AVE","2011",,,,,,,"2","NONINCAPACITATING INJURY","1","0","0","1","0","2","0","12","2","3","41.9868999657","-87.6896992668","POINT (-87.689699266778 41.986899965669)"
"2fc5a60852a9a39217d217feb181d28ed2a9079e38d7678c5c31c5982a3b5fbf2c70b78d4c1ec0ab30340b6a97a818164b77e4fe4e82227c24b91146459854d7",,"2026-03-02T12:55:00.000","10","NO CONTROLS","NO CONTROLS","CLEAR","DAYLIGHT","PARKED MOTOR VEHICLE","PARKING LOT",,"STRAIGHT AND LEVEL","DRY","NO DEFECTS","NOT ON SCENE (DESK REPORT)","NO INJURY / DRIVE AWAY",,,,"$501 - $1,500","2026-03-02T13:55:00.000","UNABLE TO DETERMINE","UNABLE TO DETERMINE","4521","W","ROOSEVELT RD","1011",,,,,,,"2","NO INDICATION OF INJURY","0","0","0","0","0","3","0","12","2","3","41.8658750179","-87.7382161157","POINT (-87.7382161157 41.865875017932)"
"d5082cdc0a3420d08aef80e8624c61040f61241d783456377dba247bdd87c33d03a564fbf15542f67659b449568df64a438f718fbaebef96cb8a97f76dd5a6df",,"2026-03-02T12:33:00.000","30","NO CONTROLS","NO CONTROLS","CLEAR","DAYLIGHT","TURNING","NOT DIVIDED",,"STRAIGHT AND LEVEL","DRY","NO DEFECTS","ON SCENE","INJURY AND / OR TOW DUE TO CRASH",,,"Y","OVER $1,500","2026-03-02T12:33:00.000","OPERATING VEHICLE IN ERRATIC, RECKLESS, CARELESS, NEGLIGENT OR AGGRESSIVE MANNER","UNABLE TO DETERMINE","1300","S","CANAL ST","124",,,,,,,"2","NO INDICATION OF INJURY","0","0","0","0","0","3","0","12","2","3","41.8655331694","-87.6393416438","POINT (-87.639341643824 41.865533169393)"
"427d05519e1dad89f560a98a388d2e12586fdcc2f6cda3337b52ec6c2deeec71bbd8ac97450d03dee8502085dc80bba72d6ebc840b8c7ac9a3546633c39cdb32",,"2026-03-02T12:30:00.000","30","NO CONTROLS","NO CONTROLS","CLEAR","DAYLIGHT","PARKED MOTOR VEHICLE","NOT DIVIDED",,"STRAIGHT AND LEVEL","DRY","NO DEFECTS","ON SCENE","NO INJURY / DRIVE AWAY",,,,"$501 - $1,500","2026-03-02T12:36:00.000","UNABLE TO DETERMINE","UNABLE TO DETERMINE","2546","S","KEDZIE AVE","1024",,,,,,,"2","NO INDICATION OF INJURY","0","0","0","0","0","4","0","12","2","3","41.844945333","-87.7051954212","POINT (-87.705195421173 41.844945332969)"
"6e7c4b97923f2ffc25f0670e7bb580032dbcef967a05b60b9a9b8ac7682de48e996468a4252d0003ccdd03891e474fc0de327c009db1d2426246e42c38c35b2a",,"2026-03-02T12:30:00.000","30","TRAFFIC SIGNAL","FUNCTIONING PROPERLY","CLEAR","DAYLIGHT","REAR END","FOUR WAY",,"STRAIGHT AND LEVEL","DRY","NO DEFECTS","NOT ON SCENE (DESK REPORT)","NO INJURY / DRIVE AWAY",,,,"OVER $1,500","2026-03-02T17:00:00.000","FOLLOWING TOO CLOSELY","NOT APPLICABLE","6901","S","WESTERN AVE","832",,,,,,,"2","NO INDICATION OF INJURY","0","0","0","0","0","2","0","12","2","3","41.768243972","-87.6831938009","POINT (-87.683193800933 41.768243971967)"