"crash_record_id","crash_date_est_i","crash_date","posted_speed_limit","traffic_control_device","device_condition","weather_condition","lighting_condition","first_crash_type","trafficway_type","lane_cnt","alignment","roadway_surface_cond","road_defect","report_type","crash_type","intersection_related_i","private_property_i","hit_and_run_i","damage","date_police_notified","prim_contributory_cause","sec_contributory_cause","street_no","street_direction","street_name","beat_of_occurrence","photos_taken_i","statements_taken_i","dooring_i","work_zone_i","work_zone_type","workers_present_i","num_units","most_severe_injury","injuries_total","injuries_fatal","injuries_incapacitating","injuries_non_incapacitating","injuries_reported_not_evident","injuries_no_indication","injuries_unknown","crash_hour","crash_day_of_week","crash_month","latitude","longitude","location"
"ccaefd0a468655fe4285f87fb7da1e5897cfd13003687a4d415f28567811b2c6188bd598fd4c85a2a3b1a2420978c2947443347665a8b04f2aea52f669209636",,"2026-03-02T12:30:00.000","30","NO CONTROLS","NO CONTROLS","CLEAR","DAYLIGHT","SIDESWIPE SAME DIRECTION","NOT DIVIDED",,"STRAIGHT AND LEVEL","DRY","NO DEFECTS","ON SCENE","NO INJURY / DRIVE AWAY",,,,"OVER $1,500","2026-03-02T12:46:00.000","FAILING TO YIELD RIGHT-OF-WAY","UNABLE TO DETERMINE","5858","S","WESTERN AVE","824",,,,,,,"2","NO INDICATION OF INJURY","0","0","0","0","0","2","0","12","2","3","41.7866177815","-87.6839799077","POINT (-87.683979907742 41.786617781518)"
"c487cb1bb75b49d024d3ab32f50a99e301734dbcc90920e2648ed9996ddcbb20e8706ef14ff7273ccf2cbfcecd4c748fa0e1fae3ab4d6d1d79639ef96b768a37","Y","2026-03-02T12:16:00.000","30","NO CONTROLS","NO CONTROLS","UNKNOWN","DARKNESS","PARKED MOTOR VEHICLE","ONE-WAY",,"STRAIGHT AND LEVEL","UNKNOWN","UNKNOWN","NOT ON SCENE (DESK REPORT)","NO INJURY / DRIVE AWAY",,,"Y","OVER $1,500","2026-03-03T17:00:00.000","UNABLE TO DETERMINE","NOT APPLICABLE","3226","N","FRANCISCO AVE","1733",,,,,,,"2","NO INDICATION OF INJURY","0","0","0","0","0","1","0","12","2","3","41.9401642475","-87.7004439964","POINT (-87.700443996368 41.940164247459)"
"352e169a0c71469166293569aa09c513c3a52de5672ead4c4183a67aa8f7996f949d07974e068d9b831b101937b8cf2a3c21026d264944afefbbaa871f671f85",,"2026-03-02T12:07:00.000","10","NO CONTROLS","NO CONTROLS","CLEAR","DAYLIGHT","ANGLE","PARKING LOT",,"STRAIGHT AND LEVEL","DRY","NO DEFECTS","ON SCENE","NO INJURY / DRIVE AWAY","Y","N",,"$501 - $1,500","2026-03-02T12:24:00.000","DISTRACTION - FROM INSIDE VEHICLE","DISTRACTION - FROM OUTSIDE VEHICLE","2525","S","DR MARTIN LUTHER KING JR DR","133",,,,,,,"2","NO INDICATION OF INJURY","0","0","0","0","0","2","0","12","2","3","41.8467666109","-87.6171757775","POINT (-87.61717577755 41.846766610919)"
"1f1814d2b1d68a3dc015e68b26900c8a65d5af6a3664d27acb72b8ebabea0509e73ca40d003aba816b04993ccf846cbb3af608b529d003390221c456715da6c4",,"2026-03-02T12:06:00.000","30","TRAFFIC SIGNAL","FUNCTIONING PROPERLY","CLEAR","DAYLIGHT","REAR END","DIVIDED - W/MEDIAN BARRIER",,"STRAIGHT AND LEVEL","DRY","NO DEFECTS","ON SCENE","INJURY AND / OR TOW DUE TO CRASH",,,,"OVER $1,500","2026-03-02T12:06:00.000","FOLLOWING TOO CLOSELY","FOLLOWING TOO CLOSELY","4401","W","PETERSON AVE","1711",,,,,,,"4","NONINCAPACITATING INJURY","1","0","0","1","0","5","0","12","2","3","41.9899076147","-87.7384240077","POINT (-87.738424007652 41.989907614667)"
"14d4eaacc43c3386dda10dbc1a5aba767fc2cea3797b3704afa7ff3e20275b8a6698349ed451e57739e46ed649134528b9dfb4edaa25415b7132ae1b5a26e75c",,"2026-03-02T12:00:00.000","30","NO CONTROLS","NO CONTROLS","CLEAR","DAYLIGHT","SIDESWIPE SAME DIRECTION","NOT DIVIDED",,"STRAIGHT AND LEVEL","DRY","NO DEFECTS","NOT ON SCENE (DESK REPORT)","NO INJURY / DRIVE AWAY",,,"Y","$501 - $1,500","2026-03-02T13:40:00.000","IMPROPER LANE USAGE","UNABLE TO DETERMINE","5679","N","RIDGE AVE","2013",,,,,,,"2","NO INDICATION OF INJURY","0","0","0","0","0","2","0","12","2","3","41.9852667698","-87.6625168041","POINT (-87.662516804053 41.985266769831)"
"20d55a069969a06a4b09e7c8ba67553b53e0d9debc12b32b2fbf2873a262bf64afb663cfe80cb486f0055e0b7e1743559119dd649758d9030a6f5f55e37807d0",,"2026-03-02T12:00:00.000","30","NO CONTROLS","NO CONTROLS","CLEAR","DAYLIGHT","SIDESWIPE SAME DIRECTION","ONE-WAY",,"STRAIGHT AND LEVEL","DRY","NO DEFECTS","NOT ON SCENE (DESK REPORT)","NO INJURY / DRIVE AWAY",,,"Y","$501 - $1,500","2026-03-02T12:15:00.000","UNABLE TO DETERMINE","UNABLE TO DETERMINE","7223","N","CLAREMONT AVE","2411",,,,,,,"2","NO INDICATION OF INJURY","0","0","0","0","0","2","0","12","2","3","42.0129802973","-87.6887514142","POINT (-87.6887514142 42.012980297297)"
"4b380b567313644d9ecf4a796678e10bb610df3e71bdbfd789b19378d7414d325fe2c645a41e7a1131cd82a7e7228e7701f1ec46d7eb72b3ddeade289d3acdea",,"2026-03-02T12:00:00.000","30","NO CONTROLS","NO CONTROLS","CLEAR","DAYLIGHT","PARKED MOTOR VEHICLE","NOT DIVIDED",,"STRAIGHT AND LEVEL","UNKNOWN","UNKNOWN","NOT ON SCENE (DESK REPORT)","NO INJURY / DRIVE AWAY",,,"Y","OVER $1,500","2026-03-02T17:00:00.000","DRIVING SKILLS/KNOWLEDGE/EXPERIENCE","NOT APPLICABLE","7044","S","WESTERN AVE","832",,,,,,,"2","NO INDICATION OF INJURY","0","0","0","0","0","1","0","12","2","3","41.7651847331","-87.6834021675","POINT (-87.683402167495 41.765184733072)"
"54ad0af99e5fa0a5355b8fc6f543ef726232cc82e7828d8f126f54a37ae7624ab2dd24c2256cda78f17153b3239f9410f73da55ff907554e3b2204eb22151c22",,"2026-03-02T12:00:00.000","30","UNKNOWN","UNKNOWN","CLEAR","DAYLIGHT","PARKED MOTOR VEHICLE","NOT DIVIDED",,"STRAIGHT AND LEVEL","DRY","NO DEFECTS","NOT ON SCENE (DESK REPORT)","NO INJURY / DRIVE AWAY",,,"Y","OVER $1,500","2026-03-02T18:51:00.000","UNABLE TO DETERMINE","UNABLE TO DETERMINE","4102","N","KOLMAR AVE","1722",,,,,,,"2","NO INDICATION OF INJURY","0","0","0","0","0","1","0","12","2","3","41.955521912","-87.741959204","POINT (-87.74195920397 41.955521911997)"
"ad380a52ef16a935fd5a490830aabc75e556525ae0a7cd04595302ee606f5f847f15a39891abc730cec811851964798da31af6cd541096d678f6d2545fc2acf0",,"2026-03-02T12:00:00.000","30","NO CONTROLS","NO CONTROLS","CLEAR","DAYLIGHT","ANGLE","NOT DIVIDED",,"STRAIGHT AND LEVEL","DRY","NO DEFECTS","NOT ON SCENE (DESK REPORT)","NO INJURY / DRIVE AWAY",,,,"OVER $1,500","2026-03-02T12:22:00.000","UNABLE TO DETERMINE","FAILING TO YIELD RIGHT-OF-WAY","9400","S","ASHLAND AVE","2221",,,,,,,"2","NO INDICATION OF INJURY","0","0","0","0","0","2","0","12","2","3","41.7229412182","-87.6628628713","POINT (-87.662862871273 41.72294121821)"
"e5ca7bd33d8cbb84e270b65b4e107c9032c30b95049fb99a96964e9976451c70220fa50d6cafcef18d322801f3b743e8ba0c30570b5db9c98acc7fba65397cf0",,"2026-03-02T12:00:00.000","30","TRAFFIC SIGNAL","FUNCTIONING PROPERLY","UNKNOWN","UNKNOWN","REAR END","NOT DIVIDED",,"STRAIGHT AND LEVEL","UNKNOWN","UNKNOWN","NOT ON SCENE (DESK REPORT)","NO INJURY / DRIVE AWAY",,,,"OVER $1,500","2026-03-02T16:12:00.000","UNABLE TO DETERMINE","NOT APPLICABLE","1555","W","DIVERSEY PKWY","1932",,,,,,,"2","NO INDICATION OF INJURY","0","0","0","0","0","2","0","12","2","3","41.9322965145","-87.6681649425","POINT (-87.668164942522 41.932296514542)"
"d7211b3069b2075419711a65b557612b73efaedb4ebff91452acf67af183f02ac60157544c1238907e6214f8597d51fb854884e8a9413b62f691749fe922be5b",,"2026-03-02T11:58:00.000","10","NO CONTROLS","NO CONTROLS","CLOUDY/OVERCAST","DAYLIGHT","PARKED MOTOR VEHICLE","PARKING LOT",,"STRAIGHT AND LEVEL","DRY","NO DEFECTS","NOT ON SCENE (DESK REPORT)","NO INJURY / DRIVE AWAY",,,,"OVER $1,500","2026-03-05T11:30:00.000","UNABLE TO DETERMINE","NOT APPLICABLE","2477","S","ARCHER AVE","914",,,,,,,"2","NO INDICATION OF INJURY","0","0","0","0","0","1","0","11","2","3","41.8475580502","-87.6454959917","POINT (-87.645495991682 41.847558050164)"
"46088e4a617cf43eb55f6f5c2111ecfbaff9179f1f1fbc12bab9d2a3473402ef8dd4bfdad8e030bf961ffcbea4a2cd0f5f748c951580eeb39be733ce973b2214",,"2026-03-02T11:54:00.000","30","TRAFFIC SIGNAL","FUNCTIONING PROPERLY","CLEAR","DAYLIGHT","PEDESTRIAN","FIVE POINT, OR MORE",,"STRAIGHT AND LEVEL","DRY","NO DEFECTS","ON SCENE","INJURY AND / OR TOW DUE TO CRASH","Y",,,"$500 OR LESS","2026-03-02T11:58:00.000","FAILING TO YIELD RIGHT-OF-WAY","UNABLE TO DETERMINE","3898","S","ROCKWELL ST","911",,,,,,,"2","NONINCAPACITATING INJURY","1","0","0","1","0","1","0","11","2","3","41.8228871328","-87.6898738934","POINT (-87.689873893381 41.822887132829)"
"a4f5620313a5889752cb8031dcccfc02651760757dc843cab681898c024a7ff18f4bd007836cdfe4a29bccb84f2702b2b4814ed08a456238db6dce165131219a",,"2026-03-02T11:45:00.000","25","UNKNOWN","NO CONTROLS","CLEAR","DAYLIGHT","PARKED MOTOR VEHICLE","OTHER",,"STRAIGHT AND LEVEL","DRY","NO DEFECTS","ON SCENE","NO INJURY / DRIVE AWAY",,,,"$500 OR LESS","2026-03-02T12:00:00.000","NOT APPLICABLE","NOT APPLICABLE","10000","W","OHARE ST","1651",,,,,,,"2","NO INDICATION OF INJURY","0","0","0","0","0","1","0","11","2","3","41.976201139","-87.9053091251","POINT (-87.905309125103 41.976201139024)"
"baf9ecabd669287e59a343797fc744110f89866c7dd5f406f5eab00397461b401a1f4ca6e88417e03433324d3908869686e4d21d10229712923668b6194b0086",,"2026-03-02T11:42:00.000","25","TRAFFIC SIGNAL","FUNCTIONING PROPERLY","CLEAR","DAYLIGHT","REAR END","NOT DIVIDED",,"STRAIGHT AND LEVEL","DRY","NO DEFECTS","ON SCENE","INJURY AND / OR TOW DUE TO CRASH","Y",,,"OVER $1,500","2026-03-02T11:50:00.000","DISTRACTION - FROM INSIDE VEHICLE","FOLLOWING TOO CLOSELY","436","E","87TH ST","632",,,,,,,"2","NONINCAPACITATING INJURY","1","0","0","1","0","2","0","11","2","3","41.7366350488","-87.6129899111","POINT (-87.612989911072 41.736635048777)"
"1d5011b07a829592db952497ba51d5be105669b57e2e7f57f1ee551255ca154e0da9adfd215b0718045f3d32b0d745ea29b59112d2b2eeab978b23ff7cf86ab9",,"2026-03-02T11:38:00.000","20","NO CONTROLS","NO CONTROLS","CLEAR","DAYLIGHT","SIDESWIPE SAME DIRECTION","NOT DIVIDED",,"STRAIGHT AND LEVEL","DRY","NO DEFECTS","ON SCENE","NO INJURY / DRIVE AWAY",,,"Y","$500 OR LESS","2026-03-02T11:38:00.000","IMPROPER OVERTAKING/PASSING","NOT APPLICABLE","1501","N","MILWAUKEE AVE","1424",,,,,,,"2","NO INDICATION OF INJURY","0","0","0","0","0","2","0","11","2","3","41.9087774878","-87.6747401388","POINT (-87.674740138752 41.908777487809)"
"1571f0dd2fc32b5067df198bbe1116abd429953f9334b38a14a1d7a609cf6d7fafc1982740823217b3b45154b192206732e82ed1b39e1cd65ddf97629a9dcf1c",,"2026-03-02T11:32:00.000","30","TRAFFIC SIGNAL","FUNCTIONING PROPERLY","CLEAR","DAYLIGHT","PEDESTRIAN","ONE-WAY",,"STRAIGHT AND LEVEL","DRY","NO DEFECTS","ON SCENE","INJURY AND / OR TOW DUE TO CRASH",,,,"OVER $1,500","2026-03-02T11:34:00.000","UNABLE TO DETERMINE","PHYSICAL CONDITION OF DRIVER","3100","S","UNION AVE","915",,,,,,,"2","NONINCAPACITATING INJURY","2","0","0","2","0","0","0","11","2","3","41.8379801313","-87.6439893838","POINT (-87.643989383831 41.837980131318)"
"b5eb3f063fe0fa81014b273a7ec28487a349a0080edd68159d05a47d62f692dd062ccc707cc91c45340cc5dfd3200d2583e02fba4ef5bbc9d78acdea2ac3f2d7",,"2026-03-02T11:30:00.000","35","TRAFFIC SIGNAL","FUNCTIONING PROPERLY","CLEAR","DAYLIGHT","ANGLE","T-INTERSECTION",,"STRAIGHT AND LEVEL","DRY","NO DEFECTS","ON SCENE","NO INJURY / DRIVE AWAY","Y",,"Y","OVER $1,500","2026-03-02T11:33:00.000","DISREGARDING TRAFFIC SIGNALS","UNABLE TO DETERMINE","4300","S","LA SALLE ST","215",,,,,,,"2","NO INDICATION OF INJURY","0","0","0","0","0","2","0","11","2","3","41.8164388049","-87.6295865961","POINT (-87.629586596136 41.816438804918)"
"ddc8eeb591caf7302b380e451e01238aba56297793d93eae0b2ff2a40f04337e93e38c97c7b0290353dae63a8b10a2ac5b5f7d143f9f92b0873ab0f21ddcd8f7",,"2026-03-02T11:30:00.000","25","UNKNOWN","UNKNOWN","CLEAR","DAYLIGHT","PARKED MOTOR VEHICLE","PARKING LOT",,"STRAIGHT AND LEVEL","DRY","NO DEFECTS","NOT ON SCENE (DESK REPORT)","NO INJURY / DRIVE AWAY",,,,"OVER $1,500","2026-03-02T12:10:00.000","UNABLE TO DETERMINE","UNABLE TO DETERMINE","2020","N","CALIFORNIA AVE","1414",,,,,,,"2","NO INDICATION OF INJURY","0","0","0","0","0","1","0","11","2","3","41.9181071242","-87.6973652954","POINT (-87.697365295386 41.91810712422)"
"df1c16d7584b1a8455424ea0dc1d36bfc62709b6fd03444f492c05e5d31d3cc795d8bd518e2f42d73b4773fc9dccfeae87b9cc2021704c5a82ee34f474406097",,"2026-03-02T11:30:00.000","30","NO CONTROLS","NO CONTROLS","CLEAR","DAYLIGHT","OTHER NONCOLLISION","NOT DIVIDED",,"STRAIGHT AND LEVEL","DRY","NO DEFECTS","NOT ON SCENE (DESK REPORT)","NO INJURY / DRIVE AWAY",,,,"OVER $1,500","2026-03-02T15:15:00.000","ROAD CONSTRUCTION/MAINTENANCE","ROAD CONSTRUCTION/MAINTENANCE","1952","N","SEMINARY AVE","1811",,,,,,,"2","NO INDICATION OF INJURY","0","0","0","0","0","1","0","11","2","3","41.9174332905","-87.6555365836","POINT (-87.655536583633 41.917433290527)"
"f24228d104f79741170bfe5a35c03c2f22650d16e2d799c9124e5dbc16a4bc647e23ba651bd1e7e86a3ac515280f26cd256ec94ad82f1ee2344ebd91f4d21eca",,"2026-03-02T11:30:00.000","30","TRAFFIC SIGNAL","FUNCTIONING PROPERLY","CLEAR","DAYLIGHT","REAR END","NOT DIVIDED",,"STRAIGHT AND LEVEL","DRY","NO DEFECTS","NOT ON SCENE (DESK REPORT)","NO INJURY / DRIVE AWAY","Y",,,"OVER $1,500","2026-03-02T12:30:00.000","FAILING TO YIELD RIGHT-OF-WAY","NOT APPLICABLE","5000","W","DIVERSEY AVE","2521",,,,,,,"2","NO INDICATION OF INJURY","0","0","0","0","0","2","0","11","2","3","41.9315744439","-87.7516312803","POINT (-87.751631280336 41.931574443856)"
"8b38ed648699f2bebf308b59abf36fb9c6c00c545e3a2f3c58e0f16b1044a3f3376b203f58f746ffde7264853594d61803d3d42f515852517b98a7df2776cf14",,"2026-03-02T11:23:00.000","30","STOP SIGN/FLASHER","NO CONTROLS","CLEAR","DAYLIGHT","TURNING","NOT DIVIDED",,"STRAIGHT AND LEVEL","DRY","NO DEFECTS","ON SCENE","INJURY AND / OR TOW DUE TO CRASH",,,,"OVER $1,500","2026-03-02T11:39:00.000","UNABLE TO DETERMINE","UNABLE TO DETERMINE","4200","S","WESTERN AVE","921",,,,,,,"2","NO INDICATION OF INJURY","0","0","0","0","0","2","0","11","2","3","41.8174198697","-87.6848194757","POINT (-87.684819475725 41.817419869684)"
"1ffabf3ae312f3a7a305b72ce54630b82ddab3c26b24bae317345f9cbf9f6f963ae04f6431ef16e29b6905fccbccb6fe5bf0dc780f769acb82c681275699b518",,"2026-03-02T11:14:00.000","30","TRAFFIC SIGNAL","FUNCTIONING PROPERLY","CLEAR","DAYLIGHT","PEDALCYCLIST","FOUR WAY",,"STRAIGHT AND LEVEL","DRY","NO DEFECTS","ON SCENE","INJURY AND / OR TOW DUE TO CRASH","Y",,,"$501 - $1,500","2026-03-02T11:20:00.000","FAILING TO YIELD RIGHT-OF-WAY","IMPROPER LANE USAGE","46","W","HARRISON ST","123",,,,,,,"2","REPORTED, NOT EVIDENT","1","0","0","0","1","1","0","11","2","3","41.8746469029","-87.6294412541","POINT (-87.629441254142 41.874646902872)"
"41775347cf55d7d37cfc3bab7d5af7af7a66e8b1727e5821f5805a80e11bff9c5140a25fd2b660c180b50490a7368c11c4a257fb0d8bac2e37b90377fd1f7607",,"2026-03-02T11:08:00.000","35","UNKNOWN","UNKNOWN","CLEAR","DAYLIGHT","PARKED MOTOR VEHICLE","UNKNOWN",,"STRAIGHT AND LEVEL","DRY","UNKNOWN","NOT ON SCENE (DESK REPORT)","NO INJURY / DRIVE AWAY",,,"Y","$501 - $1,500","2026-03-02T11:40:00.000","UNABLE TO DETERMINE","NOT APPLICABLE","5700","S","MARYLAND AVE","235",,,,,,,"2","NO INDICATION OF INJURY","0","0","0","0","0","1","0","11","2","3","41.7912606178","-87.605084912","POINT (-87.605084912006 41.791260617836)"
"46f285b623d0fb93ae01b15fea692555d166295007db06dab61b8543e7cb5bd2a6322812c8eb83754d1e51fb5ff8419555e16df644514e8a70cabc3853e5e670",,"2026-03-02T11:08:00.000","35","TRAFFIC SIGNAL","FUNCTIONING PROPERLY","CLEAR","DAYLIGHT","SIDESWIPE SAME DIRECTION","ONE-WAY",,"STRAIGHT AND LEVEL","DRY","NO DEFECTS","ON SCENE","INJURY AND / OR TOW DUE TO CRASH",,,"Y","OVER $1,500","2026-03-02T11:55:00.000","IMPROPER TURNING/NO SIGNAL","IMPROPER TURNING/NO SIGNAL","403","E","ONTARIO ST","1834",,,,,,,"2","REPORTED, NOT EVIDENT","1","0","0","0","1","1","0","11","2","3","41.8933428912","-87.6175224318","POINT (-87.61752243176 41.893342891213)"
"37afddb4de8cc86d18b917e0dc0a6cab425c0603246c720000924f77bba82099f75efcf3a0e602b31a0dc2560d7f92877a0d72c3f8618372ba57541ac3d2c7b3",,"2026-03-02T11:00:00.000","20","STOP SIGN/FLASHER","FUNCTIONING PROPERLY","CLEAR","DAYLIGHT","PARKED MOTOR VEHICLE","ONE-WAY",,"STRAIGHT AND LEVEL","DRY","UNKNOWN","NOT ON SCENE (DESK REPORT)","INJURY AND / OR TOW DUE TO CRASH",,,"Y","OVER $1,500","2026-03-02T16:00:00.000","UNABLE TO DETERMINE","NOT APPLICABLE","5400","S","TRIPP AVE","815",,,,,,,"2","NO INDICATION OF INJURY","0","0","0","0","0","1","0","11","2","3","41.7948930116","-87.7294861454","POINT (-87.729486145413 41.794893011552)"
"667fa01bd3f10b36a12b75eca5b34375e6b04d87d441d189820ba294b37c08ebbb4cb89cf7609bcdd4d81013fb3b15d8fb5382b787652bb75134ccd6a2e3ca22","Y","2026-03-02T10:45:00.000","30","NO CONTROLS","NO CONTROLS","CLEAR","DAYLIGHT","REAR END","NOT DIVIDED",,"STRAIGHT AND LEVEL","DRY","NO DEFECTS","ON SCENE","INJURY AND / OR TOW DUE TO CRASH","N",,"Y","OVER $1,500","2026-03-02T10:52:00.000","UNABLE TO DETERMINE","UNABLE TO DETERMINE","2100","S","WESTERN AVE","1023",,,,,,,"3","NONINCAPACITATING INJURY","2","0","0","2","0","1","0","10","2","3","41.8538282529","-87.6858339647","POINT (-87.685833964746 41.853828252932)"
"c2d3567431392ec7eab8f89194c4049023f91c256c5f238d69216635650f65f00f836abba05d94d1329dda95073ab9f39ebf5093ee0542d16d203b258bfbc0a2",,"2026-03-02T10:35:00.000","30","NO CONTROLS","NO CONTROLS","CLEAR","DAYLIGHT","TURNING","NOT DIVIDED",,"STRAIGHT AND LEVEL","DRY","NO DEFECTS","ON SCENE","INJURY AND / OR TOW DUE TO CRASH",,,,"OVER $1,500","2026-03-02T10:44:00.000","FAILING TO YIELD RIGHT-OF-WAY","NOT APPLICABLE","2555","S","BLUE ISLAND AVE","1034",,,,,,,"2","NO INDICATION OF INJURY","0","0","0","0","0","2","0","10","2","3","41.8456329083","-87.6830124492","POINT (-87.683012449239 41.845632908315)"
"53d25f79164a0a531fd7ef073dbc4827d62deeb2a21f463b4a95f2689362ac10fc28f6e3b553afa4fe990001007bad595ed72292dafd3ab6a38ab6c3008749d1",,"2026-03-02T10:32:00.000","25","TRAFFIC SIGNAL","FUNCTIONING PROPERLY","CLEAR","DAYLIGHT","TURNING","DIVIDED - W/MEDIAN BARRIER",,"STRAIGHT AND LEVEL","DRY","NO DEFECTS","ON SCENE","NO INJURY / DRIVE AWAY","Y",,,"$501 - $1,500","2026-03-02T10:45:00.000","DRIVING SKILLS/KNOWLEDGE/EXPERIENCE","DRIVING SKILLS/KNOWLEDGE/EXPERIENCE","38","W","LA SALLE DR","1814",,,,,,,"3","NO INDICATION OF INJURY","0","0","0","0","0","3","0","10","2","3","41.9131651612","-87.6302187333","POINT (-87.630218733254 41.913165161182)"
"543b4d7b7ec364509c338f82b901f3790e68371ec8530f1a3b44e1de86525be54bd25fab5e9de19458923d1a73f4e3b9a6f8180e78f3d9864460101d897b5fa7",,"2026-03-02T10:30:00.000","30","NO CONTROLS","NO CONTROLS","CLEAR","DAYLIGHT","PARKED MOTOR VEHICLE","ONE-WAY",,"STRAIGHT AND LEVEL","DRY","NO DEFECTS","NOT ON SCENE (DESK REPORT)","NO INJURY / DRIVE AWAY",,,"Y","OVER $1,500","2026-03-02T14:15:00.000","FOLLOWING TOO CLOSELY","NOT APPLICABLE","8501","S","PAULINA ST","614",,,,,,,"2","NO INDICATION OF INJURY","0","0","0","0","0","1","0","10","2","3","41.739314807","-87.6654322469","POINT (-87.665432246855 41.739314807033)"
"bd4515c5373004504ba60b172bf79f149d73b72ee339f09304382e1e9ff63852565d6fed8c54884bd5113be6ab9d470f82d973a6f4d07cb3d5eeca7463e5d8b5",,"2026-03-02T10:30:00.000","15","NO CONTROLS","NO CONTROLS","CLEAR","DAYLIGHT","PARKED MOTOR VEHICLE","PARKING LOT",,"STRAIGHT AND LEVEL","DRY","NO DEFECTS","NOT ON SCENE (DESK REPORT)","NO INJURY / DRIVE AWAY",,"Y",,"OVER $1,500","2026-03-03T15:00:00.000","DRIVING SKILLS/KNOWLEDGE/EXPERIENCE","NOT APPLICABLE","3311","N","HALSTED ST","1925",,,,,,,"2","NO INDICATION OF INJURY","0","0","0","0","0","1","0","10","2","3","41.9421601056","-87.6491923854","POINT (-87.649192385416 41.942160105573)"
"ec5f3ebadaaf60fefbb0a367d4b45b337b210c647d03440fa9156c930a517a46b8b8c00618723346e942d0dfad1009266f007099fd22bf21d0f2d6de3d83df4c",,"2026-03-02T10:24:00.000","30","TRAFFIC SIGNAL","UNKNOWN","CLEAR","DAYLIGHT","TURNING","FOUR WAY",,"STRAIGHT AND LEVEL","UNKNOWN","UNKNOWN","ON SCENE","INJURY AND / OR TOW DUE TO CRASH","Y",,,"OVER $1,500","2026-03-02T10:26:00.000","UNABLE TO DETERMINE","NOT APPLICABLE","4001","W","IRVING PARK RD","1732",,,,,,,"4","NO INDICATION OF INJURY","0","0","0","0","0","7","0","10","2","3","41.9535373569","-87.7276951888","POINT (-87.727695188773 41.953537356864)"
"d3276abd96c432a2304a99d58d800cbc22bd97d9f92706844ba4a5c81babfb97b7ea92bbb89502ea855ce5ee56132f7efda1add40a2399cc12e977277b2bb789",,"2026-03-02T10:20:00.000","35","TRAFFIC SIGNAL","FUNCTIONING PROPERLY","CLEAR","DAYLIGHT","ANGLE","NOT DIVIDED",,"STRAIGHT AND LEVEL","DRY","NO DEFECTS","ON SCENE","INJURY AND / OR TOW DUE TO CRASH","Y",,,"OVER $1,500","2026-03-02T10:22:00.000","UNABLE TO DETERMINE","NOT APPLICABLE","730","W","PERSHING RD","915",,,,"Y","CONSTRUCTION","Y","3","NONINCAPACITATING INJURY","3","0","0","3","0","4","0","10","2","3","41.8235831744","-87.6447823425","POINT (-87.644782342522 41.823583174407)"
"87cee70906166b2940589bc43be2e785401916c71497869f616d1406f575077edc5f4486dfd342051ecaf1889ff744d4bc83c1a8ee502a23937e34abeda92aaa","Y","2026-03-02T10:15:00.000","30","STOP SIGN/FLASHER","FUNCTIONING PROPERLY","CLEAR","DAYLIGHT","ANGLE","DIVIDED - W/MEDIAN BARRIER",,"STRAIGHT AND LEVEL","DRY","NO DEFECTS","ON SCENE","INJURY AND / OR TOW DUE TO CRASH","Y",,,"OVER $1,500","2026-03-02T10:17:00.000","DISREGARDING STOP SIGN","FAILING TO YIELD RIGHT-OF-WAY","400","W","26TH ST","914",,,,,,,"2","NONINCAPACITATING INJURY","2","0","0","2","0","0","0","10","2","3","41.8455670276","-87.6368550875","POINT (-87.636855087545 41.845567027585)"
"1a622703e8b09c8f645298976efcd3a0e207d5b3deec456a7b85c19eceb6cf7b2a2a9848532e8fe8144a246bb9c2f3ba0f7362240f01a88e544a3eb1ff70d6b0",,"2026-03-02T10:10:00.000","30","TRAFFIC SIGNAL","UNKNOWN","CLEAR","DAYLIGHT","SIDESWIPE SAME DIRECTION","ONE-WAY",,"STRAIGHT AND LEVEL","UNKNOWN","UNKNOWN","NOT ON SCENE (DESK REPORT)","NO INJURY / DRIVE AWAY","N",,,"OVER $1,500","2026-03-02T13:45:00.000","FAILING TO YIELD RIGHT-OF-WAY","FAILING TO REDUCE SPEED TO AVOID CRASH","11","E","ONTARIO ST","1834",,,,,,,"2","NO INDICATION OF INJURY","0","0","0","0","0","2","0","10","2","3","41.893170453","-87.6276103357","POINT (-87.627610335651 41.893170452983)"
"7c973f59b3eeac2ae62010457d7191914c9747ada058daf4aafa116ae7f83c96fb231a693a53ccf168cd8f20c65a432d7e407ccae36f64d0118a09f12ab8f885",,"2026-03-02T10:08:00.000","30","UNKNOWN","UNKNOWN","CLEAR","DAYLIGHT","SIDESWIPE SAME DIRECTION","NOT DIVIDED",,"STRAIGHT AND LEVEL","DRY","UNKNOWN","NOT ON SCENE (DESK REPORT)","NO INJURY / DRIVE AWAY",,,,"OVER $1,500","2026-03-02T10:35:00.000","NOT APPLICABLE","NOT APPLICABLE","8700","S","GREENWOOD AVE","412",,,,,,,"2","NO INDICATION OF INJURY","0","0","0","0","0","2","0","10","2","3","41.7366505191","-87.5976965968","POINT (-87.597696596754 41.736650519082)"