"crash_record_id","crash_date_est_i","crash_date","posted_speed_limit","traffic_control_device","device_condition","weather_condition","lighting_condition","first_crash_type","trafficway_type","lane_cnt","alignment","roadway_surface_cond","road_defect","report_type","crash_type","intersection_related_i","private_property_i","hit_and_run_i","damage","date_police_notified","prim_contributory_cause","sec_contributory_cause","street_no","street_direction","street_name","beat_of_occurrence","photos_taken_i","statements_taken_i","dooring_i","work_zone_i","work_zone_type","workers_present_i","num_units","most_severe_injury","injuries_total","injuries_fatal","injuries_incapacitating","injuries_non_incapacitating","injuries_reported_not_evident","injuries_no_indication","injuries_unknown","crash_hour","crash_day_of_week","crash_month","latitude","longitude","location"
"11fbe311ec86696f0061228091d836bbecdbcc9585ef15c6592c08bda9028cafccfde92866064a5cf9a3821356e0c5e3d3b8d0bdb255311d5d4252a999e1fe85",,"2026-03-02T10:02:00.000","30","STOP SIGN/FLASHER","FUNCTIONING PROPERLY","CLEAR","DAYLIGHT","TURNING","FOUR WAY",,"STRAIGHT AND LEVEL","DRY","NO DEFECTS","ON SCENE","INJURY AND / OR TOW DUE TO CRASH","Y",,,"OVER $1,500","2026-03-02T10:12:00.000","UNABLE TO DETERMINE","UNABLE TO DETERMINE","4301","S","KEDZIE AVE","922",,,,,,,"2","NO INDICATION OF INJURY","0","0","0","0","0","5","0","10","2","3","41.815359075","-87.7041129503","POINT (-87.704112950256 41.815359075021)"
"0022ba9444aa8d6d18088f28a1eb595f18788c2021dcaf77c9bc6d19b56180dc01c63e7dcc6cfda6d91d8c22804c3e46ffc223c58b5327d73256beda5a25ec90",,"2026-03-02T10:00:00.000","15","NO CONTROLS","NO CONTROLS","CLEAR","DAYLIGHT","PARKED MOTOR VEHICLE","PARKING LOT",,"STRAIGHT AND LEVEL","DRY","NO DEFECTS","NOT ON SCENE (DESK REPORT)","NO INJURY / DRIVE AWAY",,,,"$501 - $1,500","2026-03-07T13:00:00.000","DRIVING SKILLS/KNOWLEDGE/EXPERIENCE","NOT APPLICABLE","3348","S","PULASKI RD","1031",,,,,,,"2","NO INDICATION OF INJURY","0","0","0","0","0","1","0","10","2","3","41.8321440313","-87.7243959235","POINT (-87.724395923478 41.832144031294)"
"ce988959ac8d976c992b13cb980638167083cb222ec47a5dc482f34e91333a96e3ab10dd742b79b5f2462bf84c8af4aa88ac84a73338908dc97567c75a8536ec",,"2026-03-02T09:55:00.000","35","NO CONTROLS","NO CONTROLS","CLEAR","DAYLIGHT","SIDESWIPE SAME DIRECTION","NOT DIVIDED",,"STRAIGHT AND LEVEL","DRY","UNKNOWN","NOT ON SCENE (DESK REPORT)","NO INJURY / DRIVE AWAY",,,"Y","OVER $1,500","2026-03-02T10:21:00.000","UNABLE TO DETERMINE","UNABLE TO DETERMINE","996","W","21ST ST","1235",,,,,,,"2","NO INDICATION OF INJURY","0","0","0","0","0","2","0","9","2","3","41.8539895873","-87.6513682442","POINT (-87.651368244244 41.853989587278)"
"a3aa0a3d01a0623763117e36fe9c9c6d28be2da581d4c8e373f9eaab9c790de6d57abfe895459f81c21f5537d7a36f49ce922bf0c53a0b330c4750c5a3229ae7",,"2026-03-02T09:50:00.000","30","TRAFFIC SIGNAL","FUNCTIONING PROPERLY","CLEAR","DAYLIGHT","SIDESWIPE SAME DIRECTION","ONE-WAY",,"STRAIGHT AND LEVEL","DRY","UNKNOWN","ON SCENE","NO INJURY / DRIVE AWAY",,,,"OVER $1,500","2026-03-02T09:56:00.000","UNABLE TO DETERMINE","NOT APPLICABLE","546","W","WASHINGTON BLVD","121",,,,,,,"2","NO INDICATION OF INJURY","0","0","0","0","0","2","0","9","2","3","41.8832861121","-87.641570717","POINT (-87.641570717012 41.883286112142)"
"d10f08fec20c9b20827b54211076082ce764445f2a8009fd6d982cf0ecff208810d4dda5579100e11dee421c54524b1eb3128627020ac7d3bf2240c28074e787",,"2026-03-02T09:50:00.000","30","NO CONTROLS","NO CONTROLS","CLEAR","DAYLIGHT","SIDESWIPE SAME DIRECTION","NOT DIVIDED",,"STRAIGHT AND LEVEL","DRY","NO DEFECTS","ON SCENE","INJURY AND / OR TOW DUE TO CRASH",,,"Y","OVER $1,500","2026-03-02T10:03:00.000","IMPROPER LANE USAGE","FAILING TO YIELD RIGHT-OF-WAY","1646","W","FULLERTON AVE","1931",,,,,,,"2","NO INDICATION OF INJURY","0","0","0","0","0","2","0","9","2","3","41.9252389119","-87.6698243971","POINT (-87.669824397123 41.925238911907)"
"5824e0ce54c5e4f06f319d0733e46414debea413822fe431548476fed5c1ce0d39f6610ae53f732d32196788db06a6df6434da04f364f9f7e55e1e1f4143691c",,"2026-03-02T09:45:00.000","30","TRAFFIC SIGNAL","FUNCTIONING PROPERLY","CLEAR","DAYLIGHT","TURNING","NOT DIVIDED",,"STRAIGHT AND LEVEL","DRY","NO DEFECTS","ON SCENE","NO INJURY / DRIVE AWAY","Y",,,"OVER $1,500","2026-03-02T09:48:00.000","FAILING TO YIELD RIGHT-OF-WAY","IMPROPER OVERTAKING/PASSING","4701","S","HOYNE AVE","931",,,,,,,"2","NO INDICATION OF INJURY","0","0","0","0","0","3","0","9","2","3","41.8084132694","-87.6769696545","POINT (-87.676969654479 41.808413269354)"
"8a2b1e1eab6215915d610bccff902fedb5d6a18b2199a10d455212759cdd9d5f687ed138c764b375b87655df83f9c529dd39a0ad66525aef17183b29abdb74bf",,"2026-03-02T09:45:00.000","30","NO CONTROLS","NO CONTROLS","CLEAR","DAYLIGHT","TURNING","DIVIDED - W/MEDIAN (NOT RAISED)",,"STRAIGHT AND LEVEL","DRY","NO DEFECTS","NOT ON SCENE (DESK REPORT)","NO INJURY / DRIVE AWAY",,,,"$501 - $1,500","2026-03-02T10:05:00.000","NOT APPLICABLE","NOT APPLICABLE","2369","N","NORMANDY AVE","2512",,,,,,,"2","NO INDICATION OF INJURY","0","0","0","0","0","3","0","9","2","3","41.9232189272","-87.7922483629","POINT (-87.792248362876 41.923218927157)"
"59b5ec8600a8794fc97d52fd809f35c30ca9319a606adbff66b0d1bce626ecd834a5b83889c48ca4561b3d2514a0b5d4339e354532e92a679d47424c1a422d02",,"2026-03-02T09:40:00.000","30","NO CONTROLS","NO CONTROLS","CLEAR","DAYLIGHT","REAR END","NOT DIVIDED",,"STRAIGHT AND LEVEL","DRY","NO DEFECTS","ON SCENE","INJURY AND / OR TOW DUE TO CRASH",,,"Y","OVER $1,500","2026-03-02T09:54:00.000","FOLLOWING TOO CLOSELY","NOT APPLICABLE","1718","W","FULLERTON AVE","1931",,,,,,,"2","NONINCAPACITATING INJURY","1","0","0","1","0","1","0","9","2","3","41.9252186128","-87.6714636246","POINT (-87.671463624584 41.925218612816)"
"5e4944d757ed1178be2a9110db26157fd9833883d87b636881f1547740fb6d24b58805eeebabe18baa510de176548e4c3a356798e9d642433e54f9f1c2f45ddb",,"2026-03-02T09:40:00.000","30","TRAFFIC SIGNAL","FUNCTIONING PROPERLY","CLEAR","DAYLIGHT","REAR END","CENTER TURN LANE",,"STRAIGHT AND LEVEL","DRY","NO DEFECTS","ON SCENE","INJURY AND / OR TOW DUE TO CRASH",,,,"$501 - $1,500","2026-03-02T09:40:00.000","DISTRACTION - FROM INSIDE VEHICLE","NOT APPLICABLE","374","E","87TH ST","632",,,,,,,"2","REPORTED, NOT EVIDENT","2","0","0","0","2","1","0","9","2","3","41.7366092258","-87.6147723344","POINT (-87.614772334444 41.736609225786)"
"c8696293921faf27c6d9cb6450a31634c6cd8874e57495057f37ba51f6a55284b91f75aa5a8f35a3c40d8a4dea13c5ccfd00a732f92c2496f124c12270f23f63",,"2026-03-02T09:40:00.000","30","TRAFFIC SIGNAL","FUNCTIONING PROPERLY","CLEAR","DAYLIGHT","REAR END","T-INTERSECTION",,"STRAIGHT AND LEVEL","DRY","NO DEFECTS","NOT ON SCENE (DESK REPORT)","NO INJURY / DRIVE AWAY",,,,"$501 - $1,500","2026-03-02T10:00:00.000","FOLLOWING TOO CLOSELY","FOLLOWING TOO CLOSELY","5999","N","RIDGE AVE","2012",,,,,,,"2","NO INDICATION OF INJURY","0","0","0","0","0","2","0","9","2","3","41.9908501734","-87.6720211781","POINT (-87.672021178093 41.990850173449)"
"ec9c2355e19ae711a4039f22aeb43aed2d16058d3dfd655a1d3aba2f8b5346821f7ffa98bc03279603f4fbc403d6dd4da226e64a7ffa6017a2e2cb4f9be6d8d0",,"2026-03-02T09:35:00.000","30","NO CONTROLS","NO CONTROLS","CLEAR","DAYLIGHT","SIDESWIPE SAME DIRECTION","DIVIDED - W/MEDIAN (NOT RAISED)",,"STRAIGHT AND LEVEL","DRY","UNKNOWN","ON SCENE","NO INJURY / DRIVE AWAY",,,"Y","$500 OR LESS","2026-03-02T09:37:00.000","UNABLE TO DETERMINE","UNABLE TO DETERMINE","2662","N","CICERO AVE","2521",,,,,,,"2","NO INDICATION OF INJURY","0","0","0","0","0","2","0","9","2","3","41.9297106412","-87.746665897","POINT (-87.746665897029 41.929710641181)"
"3dcd0a7b481617f30552b565053f523f2b9060f261b1ad19e689d2210625d0427fe8dbe727a018b05baf85ea46c548f2055767745326b90bbd26020c44157abd",,"2026-03-02T09:30:00.000","30","NO CONTROLS","NO CONTROLS","CLEAR","DAYLIGHT","SIDESWIPE SAME DIRECTION","NOT DIVIDED",,"STRAIGHT AND LEVEL","DRY","NO DEFECTS",,"NO INJURY / DRIVE AWAY",,,,"OVER $1,500","2026-03-02T09:45:00.000","UNABLE TO DETERMINE","NOT APPLICABLE","3711","N","RAVENSWOOD AVE","1922",,,,,,,"3","NO INDICATION OF INJURY","0","0","0","0","0","2","0","9","2","3","41.9491260489","-87.6735414876","POINT (-87.673541487636 41.949126048934)"
"9910ce58cf757e1776f685e990105046551fed158b51d028640de2eabb63e6597c1013523fb355837b9678dde83eece59ae33a9a35f813ffb62917ef9a485161",,"2026-03-02T09:30:00.000","30","NO CONTROLS","NO CONTROLS","CLEAR","DAYLIGHT","FIXED OBJECT","NOT DIVIDED",,"STRAIGHT AND LEVEL","DRY","NO DEFECTS","ON SCENE","INJURY AND / OR TOW DUE TO CRASH",,,,"OVER $1,500","2026-03-02T09:56:00.000","UNABLE TO DETERMINE","UNABLE TO DETERMINE","3016","E","91ST ST","424",,,,,,,"1","NO INDICATION OF INJURY","0","0","0","0","0","1","0","9","2","3","41.7301968289","-87.5504743968","POINT (-87.550474396848 41.730196828897)"
"b5d6ff32b095bc7fe00f05a4cc6e3255d96c639d60dc687949596ee14270e7eb4e66bcaadb37ce4a8eedef7045769bd420dda219e5c7f61cc7406e8b4d33268d",,"2026-03-02T09:29:00.000","30","TRAFFIC SIGNAL","FUNCTIONING PROPERLY","CLEAR","DAYLIGHT","PEDALCYCLIST","NOT DIVIDED",,"STRAIGHT AND LEVEL","DRY","NO DEFECTS","ON SCENE","NO INJURY / DRIVE AWAY",,,"Y","$501 - $1,500","2026-03-02T09:30:00.000","FAILING TO YIELD RIGHT-OF-WAY","NOT APPLICABLE","3357","N","LINCOLN AVE","1922",,,,,,,"2","NO INDICATION OF INJURY","0","0","0","0","0","2","0","9","2","3","41.9430337589","-87.6708422825","POINT (-87.670842282538 41.943033758897)"
"8b1e0d94e3a422d7af30bd34ad43a85fff4232c15bb031abee93f88912b43f0359b0ffc581e9dbfeff4177c5875bf1d138215f74107ae32036e61cba43ac8d2c",,"2026-03-02T09:27:00.000","30","NO CONTROLS","NO CONTROLS","CLEAR","DAYLIGHT","PARKED MOTOR VEHICLE","ONE-WAY",,"STRAIGHT AND LEVEL","DRY","NO DEFECTS","ON SCENE","INJURY AND / OR TOW DUE TO CRASH",,,,"OVER $1,500","2026-03-02T09:30:00.000","NOT APPLICABLE","NOT APPLICABLE","3645","S","LAKE PARK AVE","212",,,,,,,"3","NO INDICATION OF INJURY","0","0","0","0","0","1","0","9","2","3","41.8287952258","-87.6062654675","POINT (-87.606265467522 41.82879522576)"
"2633ff8171dd893d29e7e9bd067be3e77cd3fc1952393d43a19828cea9f6984e121711ce0c8d9285081c450f16e0e1c95b8732b37e6222bd3e0d470173cb2b88",,"2026-03-02T09:15:00.000","30","NO CONTROLS","NO CONTROLS","CLEAR","DAYLIGHT","REAR END","PARKING LOT",,"STRAIGHT AND LEVEL","DRY","NO DEFECTS","ON SCENE","NO INJURY / DRIVE AWAY",,,,"OVER $1,500","2026-03-02T09:18:00.000","VISION OBSCURED (SIGNS, TREE LIMBS, BUILDINGS, ETC.)","NOT APPLICABLE","2800","S","KEDZIE AVE","1032",,,,,,,"2","NO INDICATION OF INJURY","0","0","0","0","0","2","0","9","2","3","41.8408096454","-87.7050749478","POINT (-87.705074947842 41.840809645357)"
"bb0f5e14f45f3c38ac06e3a6ed44f1d7286fe30f58b95dc03985c689f06557cebed85eae103c44d9dd467157e111f2a003afb3d65d40dbacf54d8ef4bbb0565a",,"2026-03-02T09:15:00.000","40","NO CONTROLS","NO CONTROLS","CLEAR","DAYLIGHT","SIDESWIPE SAME DIRECTION","DIVIDED - W/MEDIAN BARRIER",,"STRAIGHT AND LEVEL","DRY","NO DEFECTS","ON SCENE","INJURY AND / OR TOW DUE TO CRASH",,,,"OVER $1,500","2026-03-02T09:16:00.000","DRIVING SKILLS/KNOWLEDGE/EXPERIENCE","DRIVING SKILLS/KNOWLEDGE/EXPERIENCE","5200","N","LAKE SHORE DR NB","2024",,,,,,,"2","NONINCAPACITATING INJURY","1","0","0","1","0","1","0","9","2","3","41.9766216279","-87.6507900262","POINT (-87.650790026249 41.976621627865)"
"2b46f84922abee1ca49e4041c524499fabcb2fc6886e77c0d953b14ef3de4cb22d2ebe98f4adfc75206bceb284325183fa74ff2572a80e4c4adb6f60b404753f",,"2026-03-02T09:00:00.000","30","NO CONTROLS","NO CONTROLS","CLEAR","DAYLIGHT","SIDESWIPE SAME DIRECTION","NOT DIVIDED",,"STRAIGHT AND LEVEL","DRY","NO DEFECTS","NOT ON SCENE (DESK REPORT)","NO INJURY / DRIVE AWAY",,,,"OVER $1,500","2026-03-04T16:50:00.000","UNABLE TO DETERMINE","UNABLE TO DETERMINE","2657","W","15TH ST","1023",,,,,,,"2","NO INDICATION OF INJURY","0","0","0","0","0","2","0","9","2","3","41.8609672138","-87.6931123019","POINT (-87.693112301924 41.860967213825)"
"fb869d44be314762f9b706430305da466024d17a29a4cd43f8467019f75ab95e75e834aebfa49d6619ea4e3823c8fd8d5eecec43df1cebed4f81b3dbbe149ae2",,"2026-03-02T08:52:00.000","30","OTHER REG. SIGN","FUNCTIONING PROPERLY","CLEAR","DAYLIGHT","TURNING","DIVIDED - W/MEDIAN (NOT RAISED)",,"STRAIGHT AND LEVEL","DRY","NO DEFECTS","ON SCENE","INJURY AND / OR TOW DUE TO CRASH",,,,"OVER $1,500","2026-03-02T08:52:00.000","IMPROPER TURNING/NO SIGNAL","NOT APPLICABLE","2501","N","ELSTON AVE","1432",,"Y",,,,,"2","NONINCAPACITATING INJURY","2","0","0","2","0","0","0","8","2","3","41.9270922614","-87.6802084928","POINT (-87.680208492847 41.927092261357)"
"0c1600f4387b922ab5792dcb30212c3b7bac2d2930d94f661b47c4affcfafde55de09d8e75a2403ea6596906855bb689ed784d41a105ec237877796d54e2da5b",,"2026-03-02T08:50:00.000","30","SCHOOL ZONE","FUNCTIONING PROPERLY","CLEAR","DAYLIGHT","PARKED MOTOR VEHICLE","ONE-WAY",,"STRAIGHT AND LEVEL","DRY","NO DEFECTS","NOT ON SCENE (DESK REPORT)","NO INJURY / DRIVE AWAY","Y",,,"OVER $1,500","2026-03-02T13:55:00.000","TEXTING","NOT APPLICABLE","5612","S","KIMBARK AVE","235",,,,,,,"2","NO INDICATION OF INJURY","0","0","0","0","0","2","0","8","2","3","41.7928557388","-87.5950210569","POINT (-87.595021056924 41.792855738798)"
"ff7759c4680954b109deeb461a8a822e67bd0645ec8c2b71f6cabebe0ea1f293719b9b0ffb2cd3dc6b63ea390b1a571abd05ad86dbfb3eb7d89436a554b23e4e",,"2026-03-02T08:47:00.000","30","TRAFFIC SIGNAL","FUNCTIONING PROPERLY","CLEAR","DAYLIGHT","PEDALCYCLIST","ONE-WAY",,"STRAIGHT AND LEVEL","DRY","NO DEFECTS","NOT ON SCENE (DESK REPORT)","NO INJURY / DRIVE AWAY","Y",,,"OVER $1,500","2026-03-02T09:35:00.000","BICYCLE ADVANCING LEGALLY ON RED LIGHT","NOT APPLICABLE","320","N","WELLS ST","1831",,,,,,,"2","NO INDICATION OF INJURY","0","0","0","0","0","2","0","8","2","3","41.888155613","-87.6341287608","POINT (-87.634128760815 41.888155612973)"
"d8c526b6050e4f827d76c8454fe08ff0df1ded8d0942a1245223e4b955abd8a2f19894c9af97d88bca1e21bdb2d0b00ed7143c8e626ba967c82fefcdc3418b39",,"2026-03-02T08:45:00.000","30","TRAFFIC SIGNAL","FUNCTIONING PROPERLY","CLEAR","DAYLIGHT","REAR END","NOT DIVIDED",,"STRAIGHT AND LEVEL","UNKNOWN","UNKNOWN","NOT ON SCENE (DESK REPORT)","NO INJURY / DRIVE AWAY",,,,"OVER $1,500","2026-03-02T09:10:00.000","UNABLE TO DETERMINE","NOT APPLICABLE","2405","W","HOWARD ST","2411",,,,,,,"2","NO INDICATION OF INJURY","0","0","0","0","0","2","0","8","2","3","42.0194146753","-87.6904360912","POINT (-87.6904360912 42.019414675321)"
"dbdf3f383395e5a079922511993b632ea0c03c6ec249ba673ba6a367d9a6cb47ba87c216d662a2b5e6b7377605eeea73284adfe2f7873a107658c9ac2a3aab7d",,"2026-03-02T08:45:00.000","30","NO CONTROLS","NO CONTROLS","CLEAR","DAYLIGHT","REAR END","DIVIDED - W/MEDIAN (NOT RAISED)",,"STRAIGHT AND LEVEL","DRY","NO DEFECTS","NOT ON SCENE (DESK REPORT)","NO INJURY / DRIVE AWAY",,,,"OVER $1,500","2026-03-02T09:20:00.000","FOLLOWING TOO CLOSELY","FOLLOWING TOO CLOSELY","2911","W","CERMAK RD","1033",,,,,,,"2","NO INDICATION OF INJURY","0","0","0","0","0","2","0","8","2","3","41.8517357461","-87.6998669623","POINT (-87.699866962284 41.851735746142)"
"65ff5ff7f5da60807b924272fb9b2c51536aecf7bffa52cded891d846bdc67cb1b8f6435ffdcd384ae97dd5156a08fdf6bec2ddc10644b5b95dde28eac3d591e",,"2026-03-02T08:40:00.000","30","NO CONTROLS","NO CONTROLS","CLEAR","DARKNESS, LIGHTED ROAD","PARKED MOTOR VEHICLE","NOT DIVIDED",,"STRAIGHT AND LEVEL","DRY","NO DEFECTS","NOT ON SCENE (DESK REPORT)","NO INJURY / DRIVE AWAY",,,"Y","OVER $1,500","2026-03-02T08:50:00.000","UNABLE TO DETERMINE","UNABLE TO DETERMINE","1131","N","LARRABEE ST","1823",,,,,,,"2","NO INDICATION OF INJURY","0","0","0","0","0","1","0","8","2","3","41.9024724157","-87.6430254009","POINT (-87.643025400879 41.902472415705)"
"d545cc288fb1d22358be0a1af4840aaf5749aa2fd7f3779c3ac265faf8142b1e4501074aca650ec1c35f9bd25dda1ef8d4f0b025a4fcf449f8df3e952146800e",,"2026-03-02T08:40:00.000","30","NO CONTROLS","NO CONTROLS","CLEAR","DAYLIGHT","SIDESWIPE SAME DIRECTION","NOT DIVIDED",,"STRAIGHT AND LEVEL","DRY","UNKNOWN","NOT ON SCENE (DESK REPORT)","NO INJURY / DRIVE AWAY",,,,"OVER $1,500","2026-03-02T08:56:00.000","FAILING TO YIELD RIGHT-OF-WAY","DRIVING SKILLS/KNOWLEDGE/EXPERIENCE","5630","N","LINCOLN AVE","2011",,,,,,,"2","NO INDICATION OF INJURY","0","0","0","0","0","3","0","8","2","3","41.983697976","-87.6963157662","POINT (-87.696315766173 41.983697976037)"
"834ce94ce2b14b89a2940bdfe4085b993bcca6cbf1fa650c4042c3ca6ea1c3feedecd7817270602c8b8f198a131979ddc0f015862e02991cd8f674d29e72ac6c",,"2026-03-02T08:30:00.000","35","UNKNOWN","UNKNOWN","CLEAR","UNKNOWN","PARKED MOTOR VEHICLE","ONE-WAY",,"STRAIGHT AND LEVEL","DRY","UNKNOWN","NOT ON SCENE (DESK REPORT)","NO INJURY / DRIVE AWAY",,,"Y","OVER $1,500","2026-03-02T11:00:00.000","UNABLE TO DETERMINE","UNABLE TO DETERMINE","5600","S","MICHIGAN AVE","225",,,,,,,"2","NO INDICATION OF INJURY","0","0","0","0","0","1","0","8","2","3","41.7928095051","-87.622562967","POINT (-87.622562966972 41.792809505121)"
"6b9932463e1428261cbb0f1b916cb0fbd3f6e69bebb6c6e023de3cb7d8bcd763ddedd4736814bae7c9de916fb64f22f6e0d2a1607725de15d9828056f4ae159a",,"2026-03-02T08:26:00.000","30","TRAFFIC SIGNAL","FUNCTIONING PROPERLY","CLEAR","DAYLIGHT","TURNING","UNKNOWN",,"STRAIGHT AND LEVEL","DRY","UNKNOWN","NOT ON SCENE (DESK REPORT)","NO INJURY / DRIVE AWAY",,,"Y","OVER $1,500","2026-03-02T09:32:00.000","UNABLE TO DETERMINE","UNABLE TO DETERMINE","5510","S","DAMEN AVE","715",,,,,,,"2","NO INDICATION OF INJURY","0","0","0","0","0","2","0","8","2","3","41.7931815912","-87.6744179697","POINT (-87.674417969661 41.793181591195)"
"a4b071a59e0a99b96a2112bc901406820b34d65b55fb7796b75a2e5e7654edd8f1b9d0ceb1cf0a9acc635760856529fa1be1fa68cfe40ef5df47bbd390567a8c",,"2026-03-02T08:22:00.000","30","TRAFFIC SIGNAL","FUNCTIONING PROPERLY","CLEAR","DAYLIGHT","SIDESWIPE SAME DIRECTION","NOT DIVIDED",,"STRAIGHT AND LEVEL","DRY","NO DEFECTS","ON SCENE","NO INJURY / DRIVE AWAY",,,"Y","OVER $1,500","2026-03-02T08:24:00.000","FAILING TO YIELD RIGHT-OF-WAY","FAILING TO YIELD RIGHT-OF-WAY","3543","N","HARLEM AVE","1632",,,,,,,"2","NO INDICATION OF INJURY","0","0","0","0","0","3","0","8","2","3","41.9447258101","-87.8068374854","POINT (-87.80683748543 41.944725810054)"
"b92404e8f6c05519bb5428a4d4db13a22303cc1ea9d426a2d1d2c3d10c0e4e8729db9e55652f7e55bf65aeb941f302845b73db10f5241db65c72aab90561ca25",,"2026-03-02T08:20:00.000","30","NO CONTROLS","NO CONTROLS","CLEAR","DAYLIGHT","SIDESWIPE SAME DIRECTION","NOT DIVIDED",,"STRAIGHT AND LEVEL","DRY","NO DEFECTS","NOT ON SCENE (DESK REPORT)","NO INJURY / DRIVE AWAY",,,"Y","OVER $1,500","2026-03-02T09:40:00.000","IMPROPER OVERTAKING/PASSING","FAILING TO REDUCE SPEED TO AVOID CRASH","3235","W","51ST ST","822",,,,,,,"3","NO INDICATION OF INJURY","0","0","0","0","0","3","0","8","2","3","41.8006926266","-87.7051311254","POINT (-87.705131125388 41.800692626629)"
"3d1bc54dc5e22abf63971a42dba223398ed4e03da1563a478b7b436f59fe7e23db036a97355684a0fc4bcea46a747160c48f8e9c838b58d2cfe67e7bf09fade0",,"2026-03-02T08:19:00.000","30","UNKNOWN","UNKNOWN","CLEAR","DAYLIGHT","REAR END","NOT DIVIDED",,"STRAIGHT AND LEVEL","UNKNOWN","UNKNOWN","NOT ON SCENE (DESK REPORT)","NO INJURY / DRIVE AWAY",,,,"OVER $1,500","2026-03-04T15:40:00.000","UNABLE TO DETERMINE","UNABLE TO DETERMINE","443","W","KINZIE ST","1214",,,,,,,"2","NO INDICATION OF INJURY","0","0","0","0","0","2","0","8","2","3","41.8889381429","-87.6399430524","POINT (-87.639943052364 41.88893814287)"
"14ab0bec10ef6e339b52eb0a39308f5afd5a75abdab901dc698fac94ae388a4195c6dd2f76412ab9031419c138e4ad554c8779957823090701648df5d0c3af4b",,"2026-03-02T08:16:00.000","30","NO CONTROLS","UNKNOWN","CLEAR","DAYLIGHT","SIDESWIPE SAME DIRECTION","NOT DIVIDED",,"STRAIGHT AND LEVEL","DRY","NO DEFECTS","ON SCENE","NO INJURY / DRIVE AWAY",,,"Y","OVER $1,500","2026-03-02T08:24:00.000","UNABLE TO DETERMINE","RELATED TO BUS STOP","8801","S","JEFFERY BLVD","412",,,,,,,"2","NO INDICATION OF INJURY","0","0","0","0","0","2","0","8","2","3","41.7351430991","-87.5755274501","POINT (-87.575527450056 41.735143099065)"
"dd5b1fa47c31387bdf82a7e860f81a990b4b25d75d1c40ae8a627858e5f2b48835d63ee2f839a43e5e23da754334cc7376a66f682070a91d7906eeb2d8fabcb3",,"2026-03-02T08:15:00.000","30","UNKNOWN","UNKNOWN","UNKNOWN","UNKNOWN","PARKED MOTOR VEHICLE","NOT DIVIDED",,"STRAIGHT AND LEVEL","UNKNOWN","UNKNOWN","NOT ON SCENE (DESK REPORT)","NO INJURY / DRIVE AWAY",,,"Y","OVER $1,500","2026-03-02T15:45:00.000","UNABLE TO DETERMINE","UNABLE TO DETERMINE","707","W","MONTROSE AVE","1915",,,,,,,"2","NO INDICATION OF INJURY","0","0","0","0","0","1","0","8","2","3","41.9617655799","-87.6478841101","POINT (-87.647884110116 41.961765579856)"
"f30f93b27864c2718a41b1ec98c54490a75aac5d16629ccb5528dea6acfc4ec10598cd009f4ba826f66ccdabbde22bdde6da0fc87d5b2544d0e363e10b823a39","Y","2026-03-02T08:15:00.000","30","NO CONTROLS","NO CONTROLS","CLEAR","DAYLIGHT","SIDESWIPE SAME DIRECTION","DRIVEWAY",,"STRAIGHT AND LEVEL","DRY","NO DEFECTS","ON SCENE","NO INJURY / DRIVE AWAY",,"Y",,"$500 OR LESS","2026-03-02T08:15:00.000","DRIVING SKILLS/KNOWLEDGE/EXPERIENCE","UNABLE TO DETERMINE","1520","W","HARRISON ST","1231",,,,,,,"2","NO INDICATION OF INJURY","0","0","0","0","0","3","0","8","2","3","41.8743251279","-87.6651417459","POINT (-87.665141745938 41.874325127882)"
"37b423fbeb9797a54331f5f25df95bc79dbcbba57ec1ee986913a5ac9030268d311e9070ed4f26b9fbd7e4621428b6ea307c16d35bdee89b9d5b2fc83e30e97a",,"2026-03-02T08:00:00.000","20","NO CONTROLS","NO CONTROLS","CLEAR","DAYLIGHT","PARKED MOTOR VEHICLE","NOT DIVIDED",,"STRAIGHT AND LEVEL","DRY","NO DEFECTS","NOT ON SCENE (DESK REPORT)","NO INJURY / DRIVE AWAY",,,,"$501 - $1,500","2026-03-02T12:00:00.000","FAILING TO YIELD RIGHT-OF-WAY","NOT APPLICABLE","546","N","CENTRAL PARK AVE","1122",,,,,,,"2","NO INDICATION OF INJURY","0","0","0","0","0","2","0","8","2","3","41.8914077227","-87.7163424656","POINT (-87.71634246563 41.891407722746)"
"9713d0a0b00615b587f5b6ec177e47fa4800ddc96d0ce150a5a18851957a17f9daa3493872d8d9407c3c4c7ad405efe1a2a3cb786beaf357f3504213de44d35e",,"2026-03-02T08:00:00.000","30","NO CONTROLS","NO CONTROLS","CLEAR","DAYLIGHT","ANGLE","ONE-WAY",,"STRAIGHT AND LEVEL","DRY","NO DEFECTS","ON SCENE","INJURY AND / OR TOW DUE TO CRASH",,,,"OVER $1,500","2026-03-02T08:05:00.000","FAILING TO YIELD RIGHT-OF-WAY","NOT APPLICABLE","419","N","MAYFIELD AVE","1512",,,,,,,"3","REPORTED, NOT EVIDENT","2","0","0","0","2","3","0","8","2","3","41.8877269159","-87.7718937187","POINT (-87.771893718652 41.88772691588)"
"e238c022c70b12941f1afc8e357ed96747c41e60a3307d93b0fb7988e6cb9f5c3cdea738ba174acb0bb20f1e5cca276913323ae30851657ddd36afb8392cee4d",,"2026-03-02T07:59:00.000","30","TRAFFIC SIGNAL","FUNCTIONING PROPERLY","CLEAR","DAYLIGHT","REAR END","DIVIDED - W/MEDIAN (NOT RAISED)",,"STRAIGHT AND LEVEL","DRY","NO DEFECTS","NOT ON SCENE (DESK REPORT)","NO INJURY / DRIVE AWAY",,,,"OVER $1,500","2026-03-02T07:59:00.000","FOLLOWING TOO CLOSELY","DRIVING SKILLS/KNOWLEDGE/EXPERIENCE","16","E","87TH ST","632",,,,,,,"2","NO INDICATION OF INJURY","0","0","0","0","0","3","0","7","2","3","41.7364356804","-87.6235155544","POINT (-87.623515554382 41.736435680352)"