"crash_record_id","crash_date_est_i","crash_date","posted_speed_limit","traffic_control_device","device_condition","weather_condition","lighting_condition","first_crash_type","trafficway_type","lane_cnt","alignment","roadway_surface_cond","road_defect","report_type","crash_type","intersection_related_i","private_property_i","hit_and_run_i","damage","date_police_notified","prim_contributory_cause","sec_contributory_cause","street_no","street_direction","street_name","beat_of_occurrence","photos_taken_i","statements_taken_i","dooring_i","work_zone_i","work_zone_type","workers_present_i","num_units","most_severe_injury","injuries_total","injuries_fatal","injuries_incapacitating","injuries_non_incapacitating","injuries_reported_not_evident","injuries_no_indication","injuries_unknown","crash_hour","crash_day_of_week","crash_month","latitude","longitude","location"
"b04d3e6512afe493d4d1284df1593282a626e6b44eea64b1bbd5a0d62498da1c5cb38fa0ab4590cc2ce86f70e00ee61e29f5c614528160f6dd136422e8bbf9fe",,"2026-03-02T07:56:00.000","30","NO CONTROLS","NO CONTROLS","CLEAR","DAYLIGHT","PARKED MOTOR VEHICLE","PARKING LOT",,"STRAIGHT AND LEVEL","DRY","NO DEFECTS",,"NO INJURY / DRIVE AWAY",,"Y",,"OVER $1,500","2026-03-02T11:20:00.000","IMPROPER OVERTAKING/PASSING","NOT APPLICABLE","7013","S","STONY ISLAND AVE","332",,,,,,,"2","NO INDICATION OF INJURY","0","0","0","0","0","1","0","7","2","3","41.7674752862","-87.5858110642","POINT (-87.585811064246 41.767475286201)"
"2c3220d2f7590468b05953481abe1cb2e8aba01f99d0b91af585f1751529eb259eab0e46581a66dcaf3273984599773b483b3f5002e6c969471604e71dc6b993",,"2026-03-02T07:55:00.000","25","STOP SIGN/FLASHER","FUNCTIONING PROPERLY","CLEAR","DAYLIGHT","PEDESTRIAN","FOUR WAY",,"STRAIGHT AND LEVEL","DRY","NO DEFECTS","ON SCENE","INJURY AND / OR TOW DUE TO CRASH",,,,"$500 OR LESS","2026-03-02T07:57:00.000","FAILING TO YIELD RIGHT-OF-WAY","NOT APPLICABLE","5798","N","CALIFORNIA AVE","2011",,,,,,,"2","NONINCAPACITATING INJURY","1","0","0","1","0","2","0","7","2","3","41.9866940293","-87.6994226164","POINT (-87.699422616356 41.986694029276)"
"b0ca8ca65be9f63a13e447d6564bf6c39c5dff1d92bce022e11bbd8130682b20961215003d89739e3cf45300d0ff584c503a53565e98ee252d6a05ae487dced2",,"2026-03-02T07:53:00.000","35","TRAFFIC SIGNAL","FUNCTIONING PROPERLY","CLEAR","DAYLIGHT","TURNING","DIVIDED - W/MEDIAN (NOT RAISED)",,"STRAIGHT AND LEVEL","UNKNOWN","UNKNOWN","ON SCENE","NO INJURY / DRIVE AWAY",,,,"OVER $1,500","2026-03-02T07:54:00.000","IMPROPER OVERTAKING/PASSING","UNABLE TO DETERMINE","7429","W","BELMONT AVE","2511",,,,,,,"2","NO INDICATION OF INJURY","0","0","0","0","0","2","0","7","2","3","41.9378645463","-87.8127900935","POINT (-87.812790093512 41.937864546255)"
"3166e27a6c6cbd9d3175ce84a939c6999d8462cc98f55ee9034c80b6282ca6e2658f070adafe5335283ed1478f290a7319c8ba3c5b221a6bf53021d214f41c15",,"2026-03-02T07:51:00.000","20","TRAFFIC SIGNAL","FUNCTIONING PROPERLY","CLEAR","DAYLIGHT","REAR END","DIVIDED - W/MEDIAN (NOT RAISED)",,"STRAIGHT AND LEVEL","DRY","NO DEFECTS","ON SCENE","NO INJURY / DRIVE AWAY",,,,"OVER $1,500","2026-03-02T07:51:00.000","FAILING TO REDUCE SPEED TO AVOID CRASH","DRIVING SKILLS/KNOWLEDGE/EXPERIENCE","1391","N","MILWAUKEE AVE","1433",,,,,,,"2","NO INDICATION OF INJURY","0","0","0","0","0","2","0","7","2","3","41.9071745856","-87.672228361","POINT (-87.672228360977 41.907174585629)"
"e4ffda3adeec7884b626b54eaf04b32987b2eed345554e57baba7ce58b763bbad62da836b4c150a6013fb8447612f7c0d096c5b87b96244c1ddac2567cbce5a3",,"2026-03-02T07:50:00.000","20","SCHOOL ZONE","FUNCTIONING PROPERLY","CLEAR","DAYLIGHT","SIDESWIPE SAME DIRECTION","NOT DIVIDED",,"STRAIGHT AND LEVEL","DRY","NO DEFECTS","NOT ON SCENE (DESK REPORT)","NO INJURY / DRIVE AWAY",,,"Y","OVER $1,500","2026-03-02T14:40:00.000","IMPROPER OVERTAKING/PASSING","NOT APPLICABLE","8000","S","JEFFERY BLVD","414",,,,,,,"2","NO INDICATION OF INJURY","0","0","0","0","0","3","0","7","2","3","41.7496962609","-87.5760946417","POINT (-87.57609464168 41.749696260927)"
"b451cb769cb6c8d27442a0a1e261272067c6915a9f2fbd2bd24c62952db65c47ab21cc0036567f05c452ceafa72cf20550c0c114676d7a6a46255b1f6da01297",,"2026-03-02T07:48:00.000","25","STOP SIGN/FLASHER","FUNCTIONING PROPERLY","CLEAR","DAYLIGHT","PEDESTRIAN","ONE-WAY",,"STRAIGHT AND LEVEL","DRY","NO DEFECTS","ON SCENE","INJURY AND / OR TOW DUE TO CRASH","Y",,,"$501 - $1,500","2026-03-02T07:50:00.000","FAILING TO YIELD RIGHT-OF-WAY","NOT APPLICABLE","4033","W","27TH ST","1031",,,,,,,"2","NONINCAPACITATING INJURY","1","0","0","1","0","6","0","7","2","3","41.8422835632","-87.7257723644","POINT (-87.725772364449 41.842283563234)"
"915a1e03f22684b927c90bcbc49abdd16be95c4b12ce9b5619f82a1bb3e2b22dcd51d19f7eb4dfade8b9a2bd9ba8b4fcf3c05f6e32abf015ede5e7a2eb8923d9",,"2026-03-02T07:47:00.000","30","NO CONTROLS","NO CONTROLS","CLEAR","DAYLIGHT","SIDESWIPE SAME DIRECTION","NOT DIVIDED",,"STRAIGHT AND LEVEL","DRY","NO DEFECTS","ON SCENE","INJURY AND / OR TOW DUE TO CRASH",,"Y",,"OVER $1,500","2026-03-02T07:47:00.000","OPERATING VEHICLE IN ERRATIC, RECKLESS, CARELESS, NEGLIGENT OR AGGRESSIVE MANNER","DRIVING SKILLS/KNOWLEDGE/EXPERIENCE","10220","S","VAN VLISSINGEN RD","431",,,,,,,"2","NO INDICATION OF INJURY","0","0","0","0","0","2","0","7","2","3","41.7092663165","-87.5690370156","POINT (-87.569037015633 41.709266316472)"
"3fde0ec4e916aece9ed0b2b6fe827d9df0ba7a4961fc14c4008a7ad6dd095b168638725a06803183859478e9409b042fd4efa1c1ce97a79e2a6265e1e8f035f5",,"2026-03-02T07:45:00.000","20","STOP SIGN/FLASHER","NO CONTROLS","CLEAR","DAWN","REAR TO SIDE","ONE-WAY",,"STRAIGHT AND LEVEL","DRY","NO DEFECTS","NOT ON SCENE (DESK REPORT)","NO INJURY / DRIVE AWAY",,,,"OVER $1,500","2026-03-02T09:26:00.000","UNABLE TO DETERMINE","UNABLE TO DETERMINE","2265","W","110TH ST","2212",,,,,,,"2","NO INDICATION OF INJURY","0","0","0","0","0","2","0","7","2","3","41.6939067203","-87.6784971749","POINT (-87.678497174895 41.693906720266)"
"ba621ebf0d3c2f9d751da54148830c2e62557eb971c7a8f6e2660d13f2c2be257c5f26127816af57d0aa3972e5dc08d33b0efb3ca80f2fec5a2a7302fba729a0",,"2026-03-02T07:45:00.000","30","NO CONTROLS","NO CONTROLS","CLEAR","DAYLIGHT","TURNING","DIVIDED - W/MEDIAN (NOT RAISED)",,"STRAIGHT AND LEVEL","DRY","NO DEFECTS","NOT ON SCENE (DESK REPORT)","NO INJURY / DRIVE AWAY",,,,"OVER $1,500","2026-03-02T08:30:00.000","IMPROPER TURNING/NO SIGNAL","NOT APPLICABLE","1945","W","PRATT BLVD","2432",,,,,,,"2","NO INDICATION OF INJURY","0","0","0","0","0","2","0","7","2","3","42.0051073038","-87.6797432247","POINT (-87.679743224714 42.005107303799)"
"752181ad961bdf3f2dd42193676b0489a2e8f6a64feaa42c41e21bc6876dc8e958ea18e64e01b4d003b2b68fcba78b5245a12f751b6c347031c534c556ba5a7e",,"2026-03-02T07:43:00.000","15","NO CONTROLS","NO CONTROLS","CLEAR","DAYLIGHT","PARKED MOTOR VEHICLE","NOT DIVIDED",,"STRAIGHT AND LEVEL","DRY","NO DEFECTS","ON SCENE","INJURY AND / OR TOW DUE TO CRASH","Y",,,"OVER $1,500","2026-03-02T07:46:00.000","DISTRACTION - FROM OUTSIDE VEHICLE","DISTRACTION - FROM INSIDE VEHICLE","351","E","EASTGATE PL","133",,,,,,,"2","NO INDICATION OF INJURY","0","0","0","0","0","1","0","7","2","3","41.8466089168","-87.6185020485","POINT (-87.618502048536 41.846608916754)"
"087cf80db0db6a33f8a16be43434921b8c7a8cac12c01b11cb7134a9767941709112fb21ecda3519f66bbe61bfb4c07a70491b5c9fd1d824ad13faf2da85d282",,"2026-03-02T07:40:00.000","30","TRAFFIC SIGNAL","FUNCTIONING PROPERLY","CLEAR","DAYLIGHT","REAR END","DIVIDED - W/MEDIAN (NOT RAISED)",,"STRAIGHT AND LEVEL","DRY","NO DEFECTS","NOT ON SCENE (DESK REPORT)","NO INJURY / DRIVE AWAY","Y",,,"$501 - $1,500","2026-03-02T08:20:00.000","FAILING TO YIELD RIGHT-OF-WAY","FAILING TO YIELD RIGHT-OF-WAY","228","W","LOWER WACKER DR","122",,,,,,,"2","NO INDICATION OF INJURY","0","0","0","0","0","2","0","7","2","3","41.8870564689","-87.6349370377","POINT (-87.634937037709 41.887056468859)"
"520041959496a71daeafd804abfadf55eec5789ad31a2fd52d84f0064e3af8f9aa441a0635114ccc74c99a007879429cc30077fc1ae1eced24897f592059c0cb",,"2026-03-02T07:40:00.000","30","NO CONTROLS","NO CONTROLS","CLEAR","DAYLIGHT","SIDESWIPE SAME DIRECTION","NOT DIVIDED",,"STRAIGHT AND LEVEL","DRY","NO DEFECTS","NOT ON SCENE (DESK REPORT)","NO INJURY / DRIVE AWAY",,,,"OVER $1,500","2026-03-02T08:00:00.000","FAILING TO YIELD RIGHT-OF-WAY","FAILING TO YIELD RIGHT-OF-WAY","8618","S","MORGAN ST","613",,,,,,,"2","NO INDICATION OF INJURY","0","0","0","0","0","2","0","7","2","3","41.7372219145","-87.6486604608","POINT (-87.648660460757 41.737221914496)"
"3f163db00cf7695d97505c45bbd7c2d08332c794ecf636f9024b4c95c3985940ddb073b2eba4c5e552641678354a22962308e11db96e93133f7f666280c65805",,"2026-03-02T07:30:00.000","30","TRAFFIC SIGNAL","FUNCTIONING PROPERLY","CLEAR","DAYLIGHT","PEDESTRIAN","FOUR WAY",,"STRAIGHT AND LEVEL","DRY","NO DEFECTS","ON SCENE","INJURY AND / OR TOW DUE TO CRASH",,,"Y","OVER $1,500","2026-03-02T07:48:00.000","UNABLE TO DETERMINE","NOT APPLICABLE","2610","W","PERSHING RD","911",,,,,,,"2","REPORTED, NOT EVIDENT","1","0","0","0","1","1","0","7","2","3","41.8229745986","-87.6903883955","POINT (-87.690388395509 41.822974598617)"
"61f7e117ed7fe6465346fee429b598936e2b60752336068e2c0feb56b4f3861eed7c15fb981630cd01d0c58018ba0b7af29adf52535fa5b92dad9210a3265138",,"2026-03-02T07:30:00.000","30","STOP SIGN/FLASHER","FUNCTIONING PROPERLY","CLEAR","DAYLIGHT","ANGLE","NOT DIVIDED",,"STRAIGHT AND LEVEL","DRY","NO DEFECTS","NOT ON SCENE (DESK REPORT)","NO INJURY / DRIVE AWAY","Y",,,"$501 - $1,500","2026-03-02T08:15:00.000","FAILING TO YIELD RIGHT-OF-WAY","RELATED TO BUS STOP","5299","W","MONTROSE AVE","1624",,,,,,,"2","NO INDICATION OF INJURY","0","0","0","0","0","3","0","7","2","3","41.9604624235","-87.7597259783","POINT (-87.759725978304 41.960462423535)"
"92966d1e3651dc279b005c13b9dc2b94ff3e9f23df4af1dea0b7e6de0ae12e591178a18972b88d809bb2c75db7c0dcba7cd8184ac1859bbdebddd438e9216690",,"2026-03-02T07:30:00.000","30","STOP SIGN/FLASHER","FUNCTIONING PROPERLY","CLEAR","DAYLIGHT","ANGLE","NOT REPORTED",,"STRAIGHT AND LEVEL","DRY","NO DEFECTS","ON SCENE","INJURY AND / OR TOW DUE TO CRASH","Y",,,"OVER $1,500","2026-03-02T08:10:00.000","FAILING TO YIELD RIGHT-OF-WAY","DRIVING SKILLS/KNOWLEDGE/EXPERIENCE","6400","N","WHIPPLE ST","2412",,,,,,,"2","NO INDICATION OF INJURY","0","0","0","0","0","2","0","7","2","3","41.9975403384","-87.7059019938","POINT (-87.705901993808 41.997540338416)"
"b3832790f4f04bb9999cc68b39319b553e9607dcf105a59891597118b9da874ec2662f096f925b86f1c50b0fa96399e8adc8af7eb3f2a1e37aba6cac026b59ad",,"2026-03-02T07:30:00.000","30","TRAFFIC SIGNAL","FUNCTIONING PROPERLY","CLEAR","DAYLIGHT","REAR END","NOT DIVIDED",,"STRAIGHT AND LEVEL","DRY","NO DEFECTS","NOT ON SCENE (DESK REPORT)","NO INJURY / DRIVE AWAY",,,,"OVER $1,500","2026-03-02T14:50:00.000","FOLLOWING TOO CLOSELY","FOLLOWING TOO CLOSELY","5201","W","MADISON ST","1522",,,,,,,"2","NO INDICATION OF INJURY","0","0","0","0","0","2","0","7","2","3","41.8802612545","-87.7551249799","POINT (-87.755124979873 41.880261254492)"
"d2d747e4255083ab5028fbb7dd2fe0702151592e112f9275a5fddeaffefc2989d36cb00392f63596e42c132b5ef18705f3387736961d51e89003644e39c1a32f",,"2026-03-02T07:30:00.000","30","NO CONTROLS","NO CONTROLS","CLEAR","DAYLIGHT","REAR TO SIDE","NOT DIVIDED",,"STRAIGHT AND LEVEL","DRY","NO DEFECTS","NOT ON SCENE (DESK REPORT)","NO INJURY / DRIVE AWAY",,,,"$501 - $1,500","2026-03-02T07:30:00.000","IMPROPER BACKING","IMPROPER BACKING","1901","W","LOYOLA AVE","2412",,,,,,,"2","NO INDICATION OF INJURY","0","0","0","0","0","2","0","7","2","3","42.0002466819","-87.6779881621","POINT (-87.677988162094 42.000246681912)"
"fa075261fe6283651c879b32f806e5de34a2a3c4fc3c010302e235daace86fe9ec1bcf95ba4219978934bf697e3a56edc007c0c2efdaa835d6645055512e10f1",,"2026-03-02T07:30:00.000","35","NO CONTROLS","NO CONTROLS","CLEAR","DAYLIGHT","TURNING","PARKING LOT",,"STRAIGHT AND LEVEL","DRY","NO DEFECTS","ON SCENE","NO INJURY / DRIVE AWAY",,,"Y","OVER $1,500","2026-03-02T07:54:00.000","UNABLE TO DETERMINE","UNABLE TO DETERMINE","3628","N","MILWAUKEE AVE","1731",,,,,,,"2","NO INDICATION OF INJURY","0","0","0","0","0","2","0","7","2","3","41.9466899315","-87.7365495134","POINT (-87.736549513423 41.946689931485)"
"b2d21301a6f8a1db5ef4807bde8cbfe2097addf89d16ed679fbb9b14437f46764b0987c8ad78c1df9dbc9fec973078a54f1bb57be50bfc31319c0fc09dc1f1be",,"2026-03-02T07:20:00.000","35","TRAFFIC SIGNAL","FUNCTIONING PROPERLY","CLEAR","DAYLIGHT","SIDESWIPE SAME DIRECTION","DIVIDED - W/MEDIAN (NOT RAISED)",,"STRAIGHT AND LEVEL","DRY","NO DEFECTS","ON SCENE","NO INJURY / DRIVE AWAY","Y",,,"OVER $1,500","2026-03-02T07:45:00.000","DRIVING SKILLS/KNOWLEDGE/EXPERIENCE","FAILING TO REDUCE SPEED TO AVOID CRASH","8710","S","HALSTED ST","2223",,,,,,,"2","NO INDICATION OF INJURY","0","0","0","0","0","2","0","7","2","3","41.7355052992","-87.643749066","POINT (-87.643749065952 41.735505299216)"
"6bf8658186d51d6213405c4200dc567c2f90c3b045bbe806b4107b15e2010fb87451c37534f981ec550b82f8bd1c2ba7002dc44da35bafcfde870bf7a7c83faf",,"2026-03-02T07:15:00.000","35","STOP SIGN/FLASHER","FUNCTIONING PROPERLY","CLEAR","DAYLIGHT","REAR TO SIDE","T-INTERSECTION",,"STRAIGHT AND LEVEL","DRY","NO DEFECTS","NOT ON SCENE (DESK REPORT)","NO INJURY / DRIVE AWAY",,,"Y","OVER $1,500","2026-03-02T07:36:00.000","UNABLE TO DETERMINE","UNABLE TO DETERMINE","5352","W","SUNNYSIDE AVE","1623",,,,,,,"2","NO INDICATION OF INJURY","0","0","0","0","0","2","0","7","2","3","41.962527156","-87.7620444136","POINT (-87.762044413623 41.962527156035)"
"6eb867baed344161dc9de8b8f418a0b55f01af99267372b5a1911bd3066a8486e5966b253828d9ed893369e613398a1dd9d253c42c6732dce4f2df0797ef919e",,"2026-03-02T07:15:00.000","30","TRAFFIC SIGNAL","FUNCTIONING PROPERLY","CLEAR","DAYLIGHT","ANGLE","FOUR WAY",,"STRAIGHT AND LEVEL","DRY","NO DEFECTS","ON SCENE","NO INJURY / DRIVE AWAY","Y",,,"OVER $1,500","2026-03-02T07:38:00.000","NOT APPLICABLE","NOT APPLICABLE","6340","N","CALDWELL AVE","1621",,,,,,,"2","NO INDICATION OF INJURY","0","0","0","0","0","2","0","7","2","3","41.9963365566","-87.7649165672","POINT (-87.764916567224 41.996336556573)"
"b145495d297c6419d9c2b9fc591b9a46d3475734c228cdeaa3d1d3a93aca39cfca050c805c657ee059b990ba53c9df907d9582a3cf3a186515d4998fd8c594dc",,"2026-03-02T07:10:00.000","30","TRAFFIC SIGNAL","FUNCTIONING PROPERLY","UNKNOWN","DAYLIGHT","SIDESWIPE SAME DIRECTION","DIVIDED - W/MEDIAN (NOT RAISED)",,"STRAIGHT AND LEVEL","UNKNOWN","UNKNOWN","NOT ON SCENE (DESK REPORT)","NO INJURY / DRIVE AWAY","Y",,,"OVER $1,500","2026-03-10T12:30:00.000","UNABLE TO DETERMINE","NOT APPLICABLE","7601","S","HALSTED ST","621",,,,,,,"2","NO INDICATION OF INJURY","0","0","0","0","0","2","0","7","2","3","41.7559994533","-87.6440350887","POINT (-87.644035088693 41.755999453296)"
"dd68354dae3c60967296d3679b6c10a12bafa89526cac5492b84d62b8927908b48263db746fe025f1a15ebadf5647ef783e4a7593496cc46bf4c770c3e55db64",,"2026-03-02T06:57:00.000","30","NO CONTROLS","NO CONTROLS","CLEAR","DAYLIGHT","PARKED MOTOR VEHICLE","NOT DIVIDED",,"STRAIGHT AND LEVEL","DRY","NO DEFECTS","ON SCENE","NO INJURY / DRIVE AWAY",,,,"OVER $1,500","2026-03-02T07:05:00.000","UNABLE TO DETERMINE","NOT APPLICABLE","198","W","69TH ST","722",,,,,,,"2","NO INDICATION OF INJURY","0","0","0","0","0","3","0","6","2","3","41.7691928061","-87.6297828427","POINT (-87.629782842746 41.769192806092)"
"28dd51fb964883ca13b434e49fda2e8e358e43335ac2cd9223ad943d48ff0333bf430d00c7da894292ecce1e96511d5ef24333f50792d2c028908ad51764c618",,"2026-03-02T06:46:00.000","30","NO CONTROLS","NO CONTROLS","CLEAR","DAYLIGHT","FIXED OBJECT","ONE-WAY",,"STRAIGHT AND LEVEL","DRY","UNKNOWN","NOT ON SCENE (DESK REPORT)","NO INJURY / DRIVE AWAY",,,,"$500 OR LESS","2026-03-02T08:30:00.000","UNABLE TO DETERMINE","UNABLE TO DETERMINE","1855","W","64TH ST","726",,,,,,,"1","NO INDICATION OF INJURY","0","0","0","0","0","1","0","6","2","3","41.7774493544","-87.6712215993","POINT (-87.671221599275 41.777449354362)"
"29fafa665a0ce9bca033b703f6a359fc095ba1f010239078a8e4c7d341006ed173d40bc5e063081866fccbb22102a788933d7011eb003d7caf2556afa17f793d",,"2026-03-02T06:45:00.000","30","TRAFFIC SIGNAL","FUNCTIONING PROPERLY","CLEAR","DAYLIGHT","REAR END","DIVIDED - W/MEDIAN (NOT RAISED)",,"STRAIGHT AND LEVEL","DRY","NO DEFECTS","NOT ON SCENE (DESK REPORT)","NO INJURY / DRIVE AWAY","Y",,"Y","$501 - $1,500","2026-03-02T17:50:00.000","UNABLE TO DETERMINE","NOT APPLICABLE","1209","W","DEVON AVE","2433",,,,,,,"2","NO INDICATION OF INJURY","0","0","0","0","0","2","0","6","2","3","41.9980747585","-87.6609642117","POINT (-87.66096421167 41.998074758516)"
"c1ad9bd2fd52f1874572197e21e2aa0a51115d3cf3a54baed785baf07febf179e6e5c1afdd68ca59bc47dd43153a4ff2a2ddce055dd811cc3fd9f56536480053",,"2026-03-02T06:43:00.000","30","TRAFFIC SIGNAL","FUNCTIONING PROPERLY","CLEAR","DAYLIGHT","SIDESWIPE SAME DIRECTION","DIVIDED - W/MEDIAN (NOT RAISED)",,"STRAIGHT AND LEVEL","DRY","NO DEFECTS","NOT ON SCENE (DESK REPORT)","NO INJURY / DRIVE AWAY",,,"Y","OVER $1,500","2026-03-02T08:40:00.000","UNABLE TO DETERMINE","NOT APPLICABLE","3554","S","WESTERN AVE","911",,,,,,,"2","NO INDICATION OF INJURY","0","0","0","0","0","2","0","6","2","3","41.8286542443","-87.6851304643","POINT (-87.685130464262 41.828654244345)"
"595df04ab68e49f114986e0b41998fe2271456c88d352cf1ded9a0b8256c91e30dcc03ed4f89062ac69d529247ec8bd46dc9acb7e1f49daffcd26d398319ff67",,"2026-03-02T06:40:00.000","30","NO CONTROLS","NO CONTROLS","CLEAR","DAYLIGHT","SIDESWIPE OPPOSITE DIRECTION","NOT DIVIDED",,"STRAIGHT AND LEVEL","DRY","UNKNOWN","NOT ON SCENE (DESK REPORT)","NO INJURY / DRIVE AWAY",,,,"$500 OR LESS","2026-03-02T16:24:00.000","UNABLE TO DETERMINE","UNABLE TO DETERMINE","5522","S","KEDZIE AVE","822",,,,,,,"2","NO INDICATION OF INJURY","0","0","0","0","0","2","0","6","2","3","41.7928017836","-87.7036814881","POINT (-87.703681488079 41.792801783553)"
"7b918b5d83146dcfcdcfeb636f85a6623521c1e82f7721ee2b598287a95a77432389bb038eef6e1e541627b99a6dabb779d143e2667f5efa2fa548377edb561a",,"2026-03-02T06:37:00.000","30","TRAFFIC SIGNAL","FUNCTIONING PROPERLY","CLEAR","DAYLIGHT","ANGLE","FOUR WAY",,"STRAIGHT AND LEVEL","DRY","WORN SURFACE","ON SCENE","INJURY AND / OR TOW DUE TO CRASH","Y",,"Y","OVER $1,500","2026-03-02T07:05:00.000","FAILING TO YIELD RIGHT-OF-WAY","NOT APPLICABLE","8300","S","DR MARTIN LUTHER KING JR DR","632",,,,,,,"2","INCAPACITATING INJURY","1","0","1","0","0","1","0","6","2","3","41.7437109663","-87.6148811193","POINT (-87.614881119323 41.743710966316)"
"dce1a04938f222982b28f1cf736265343e119bca70929091698613514d5b6983a115ba11c3e372bdf2e416baf71152103eb6bd7bd6cc88390fca05ed562a1ae6",,"2026-03-02T06:25:00.000","30","NO CONTROLS","NO CONTROLS","CLEAR","DAYLIGHT","TURNING","DIVIDED - W/MEDIAN (NOT RAISED)",,"STRAIGHT AND LEVEL","DRY","UNKNOWN","ON SCENE","INJURY AND / OR TOW DUE TO CRASH",,,,"OVER $1,500","2026-03-02T06:29:00.000","IMPROPER LANE USAGE","IMPROPER LANE USAGE","2036","N","CICERO AVE","2522",,,,,,,"2","NO INDICATION OF INJURY","0","0","0","0","0","2","0","6","2","3","41.91806312","-87.746298891","POINT (-87.746298890978 41.918063119995)"
"d99f8002a2b2a1185a840143c17934cea6a01e573e672ede432caaf92ffb248e73abaca5bdc6795738dc6b559615abe4d019f1ade8f817af6b57db12ebd394f6",,"2026-03-02T06:15:00.000","30","TRAFFIC SIGNAL","FUNCTIONING PROPERLY","CLEAR","DAYLIGHT","REAR END","NOT DIVIDED",,"STRAIGHT AND LEVEL","DRY","NO DEFECTS","NOT ON SCENE (DESK REPORT)","NO INJURY / DRIVE AWAY",,,"Y","OVER $1,500","2026-03-02T06:40:00.000","FOLLOWING TOO CLOSELY","UNABLE TO DETERMINE","3956","W","47TH ST","821",,,,,,,"2","NO INDICATION OF INJURY","0","0","0","0","0","2","0","6","2","3","41.8079944771","-87.7234419002","POINT (-87.723441900225 41.807994477139)"
"18c7d07b8f97a661afa09ae0125eec52b929c7dd9c94f0e116cc706bb7aa5069cd53059f284d17cb412729493c4126426d04ffd16edfafafe9afc2c3b91f93a5",,"2026-03-02T06:03:00.000","30","NO CONTROLS","NO CONTROLS","CLEAR","DAYLIGHT","PARKED MOTOR VEHICLE","NOT DIVIDED",,"STRAIGHT AND LEVEL","DRY","NO DEFECTS","ON SCENE","INJURY AND / OR TOW DUE TO CRASH",,"Y","N","OVER $1,500","2026-03-02T06:10:00.000","UNABLE TO DETERMINE","UNABLE TO DETERMINE","702","W","76TH ST","621","Y",,,,,,"3","REPORTED, NOT EVIDENT","1","0","0","0","1","0","0","6","2","3","41.7562232621","-87.6418878498","POINT (-87.641887849772 41.756223262117)"
"387047a0bb30d3d1f5c21e628638982ab85115d93c80794da39a9727dadb8d5830cb5be53a623962a9d9df3c47def007bd29b107323939de7ea04c1dd65019eb",,"2026-03-02T05:15:00.000","30","NO CONTROLS","NO CONTROLS","CLEAR","DAWN","SIDESWIPE SAME DIRECTION","ONE-WAY",,"STRAIGHT AND LEVEL","DRY","NO DEFECTS","NOT ON SCENE (DESK REPORT)","NO INJURY / DRIVE AWAY",,,"Y","$501 - $1,500","2026-03-02T18:48:00.000","IMPROPER OVERTAKING/PASSING","NOT APPLICABLE","5400","S","KIMBARK AVE","234",,,,,,,"2","NO INDICATION OF INJURY","0","0","0","0","0","2","0","5","2","3","41.7978594994","-87.5951356925","POINT (-87.595135692459 41.797859499419)"
"542ef486bbb965771e153440a23e956153ba766aeb951a211cd9001981aa282be84bbd654eeb1700f1573179d448a7199257a59dca2b70a808b1c992e210fcf6",,"2026-03-02T05:10:00.000","25","UNKNOWN","NO CONTROLS","CLEAR","UNKNOWN","SIDESWIPE OPPOSITE DIRECTION","ALLEY",,"STRAIGHT AND LEVEL","UNKNOWN","UNKNOWN","ON SCENE","NO INJURY / DRIVE AWAY",,,"Y","$501 - $1,500","2026-03-02T05:15:00.000","UNABLE TO DETERMINE","UNABLE TO DETERMINE","5758","W","DIVERSEY AVE","2514",,,,,,,"2","NO INDICATION OF INJURY","0","0","0","0","0","2","0","5","2","3","41.9313195219","-87.7710472263","POINT (-87.771047226286 41.931319521906)"
"1e458133768f253f25fdddd83b61b0c4d54df8aa5fbd3f44cf173b31bd13dd3fb4be37c860c8487d96ef404137582d14194b65effdee7b2b3e42a9bcd58af97a",,"2026-03-02T04:52:00.000","25","NO CONTROLS","NO CONTROLS","CLEAR","DARKNESS, LIGHTED ROAD","PARKED MOTOR VEHICLE","NOT DIVIDED",,"STRAIGHT AND LEVEL","DRY","NO DEFECTS","ON SCENE","NO INJURY / DRIVE AWAY",,,,"OVER $1,500","2026-03-02T04:54:00.000","FAILING TO REDUCE SPEED TO AVOID CRASH","DRIVING SKILLS/KNOWLEDGE/EXPERIENCE","1110","N","WALLER AVE","1511",,,,,,,"3","NO INDICATION OF INJURY","0","0","0","0","0","1","0","4","2","3","41.900654318","-87.7681741696","POINT (-87.768174169638 41.900654317983)"
"6bb1618f55d068d03e9769f6f269419d576a8170837b0f18e3006e30cc89df79a10e7cbceba1c38759ed509965caecef4462e655e092c4ecfcc5fc02bbb49232",,"2026-03-02T04:40:00.000","30","TRAFFIC SIGNAL","FUNCTIONING PROPERLY","CLEAR","DAWN","PARKED MOTOR VEHICLE","NOT DIVIDED",,"STRAIGHT AND LEVEL","DRY","NO DEFECTS","NOT ON SCENE (DESK REPORT)","NO INJURY / DRIVE AWAY",,,,"$501 - $1,500","2026-03-05T07:55:00.000","IMPROPER BACKING","NOT APPLICABLE","200","N","LA SALLE ST","122",,,,,,,"2","NO INDICATION OF INJURY","0","0","0","0","0","2","0","4","2","3","41.8857611245","-87.6325951531","POINT (-87.632595153109 41.885761124491)"