"crash_record_id","crash_date_est_i","crash_date","posted_speed_limit","traffic_control_device","device_condition","weather_condition","lighting_condition","first_crash_type","trafficway_type","lane_cnt","alignment","roadway_surface_cond","road_defect","report_type","crash_type","intersection_related_i","private_property_i","hit_and_run_i","damage","date_police_notified","prim_contributory_cause","sec_contributory_cause","street_no","street_direction","street_name","beat_of_occurrence","photos_taken_i","statements_taken_i","dooring_i","work_zone_i","work_zone_type","workers_present_i","num_units","most_severe_injury","injuries_total","injuries_fatal","injuries_incapacitating","injuries_non_incapacitating","injuries_reported_not_evident","injuries_no_indication","injuries_unknown","crash_hour","crash_day_of_week","crash_month","latitude","longitude","location"
"6030fd0a38c93e5637827602be284396b63277119cb4d856f6d013d6bbb29afb57e016a3a08006c97e99a9f7ee3b34e766e878498b03369dfa5d4aa8abcc9385",,"2026-03-02T04:37:00.000","30","NO CONTROLS","NO CONTROLS","CLEAR","DAYLIGHT","REAR TO FRONT","DIVIDED - W/MEDIAN BARRIER",,"STRAIGHT AND LEVEL","DRY","NO DEFECTS","ON SCENE","NO INJURY / DRIVE AWAY",,,,"$501 - $1,500","2026-03-03T10:15:00.000","IMPROPER BACKING","DRIVING SKILLS/KNOWLEDGE/EXPERIENCE","200","N","LA SALLE ST","122",,,,,,,"2","NO INDICATION OF INJURY","0","0","0","0","0","2","0","4","2","3","41.8857611245","-87.6325951531","POINT (-87.632595153109 41.885761124491)"
"41edac9a77cab384fb42500170ee664e22c28433ee54ed610a0a638eeedb6c08b85c5302620289418b398d007342df682adde3f5081644866f1f895b541c23c0",,"2026-03-02T04:30:00.000","30","TRAFFIC SIGNAL","FUNCTIONING PROPERLY","CLEAR","DAYLIGHT","OTHER OBJECT","NOT DIVIDED",,"STRAIGHT AND LEVEL","DRY","NO DEFECTS","NOT ON SCENE (DESK REPORT)","NO INJURY / DRIVE AWAY","Y",,,"$501 - $1,500","2026-03-02T07:40:00.000","ROAD CONSTRUCTION/MAINTENANCE","NOT APPLICABLE","3100","S","WESTERN AVE","911",,,,,,,"1","NO INDICATION OF INJURY","0","0","0","0","0","1","0","4","2","3","41.8377948997","-87.685148751","POINT (-87.685148751027 41.837794899723)"
"21553c301cb09f9cc676a30af8b8930d40c1e6b95b899ae67c00d1e49d9f6dd8fd8f7272efb5e6675c042c92d120fe4ee1560b532c849ddc755299f77a2557ef",,"2026-03-02T04:01:00.000","30","TRAFFIC SIGNAL","FUNCTIONING PROPERLY","CLEAR","DARKNESS, LIGHTED ROAD","REAR END","DIVIDED - W/MEDIAN (NOT RAISED)",,"STRAIGHT AND LEVEL","DRY","NO DEFECTS","ON SCENE","INJURY AND / OR TOW DUE TO CRASH",,,,"OVER $1,500","2026-03-02T04:02:00.000","UNABLE TO DETERMINE","UNABLE TO DETERMINE","4194","S","ARCHER AVE","921",,,,,,,"2","NO INDICATION OF INJURY","0","0","0","0","0","3","0","4","2","3","41.8172173491","-87.6993789174","POINT (-87.699378917391 41.817217349078)"
"40bf9f21b1a2f185d04a8548cc07fa2892af840877ae0e0ff8fbed6a82bb35a6da5766fc5b6281d0255f70525b983e9da0d4fb105977a1529fa30f87ec8f8b1f",,"2026-03-02T03:50:00.000","30","NO CONTROLS","NO CONTROLS","CLEAR","DARKNESS, LIGHTED ROAD","FIXED OBJECT","DIVIDED - W/MEDIAN (NOT RAISED)",,"STRAIGHT AND LEVEL","DRY","NO DEFECTS","ON SCENE","INJURY AND / OR TOW DUE TO CRASH",,,"Y","OVER $1,500","2026-03-02T04:38:00.000","UNABLE TO DETERMINE","UNABLE TO DETERMINE","1409","N","CICERO AVE","2533",,,,,,,"1","NO INDICATION OF INJURY","0","0","0","0","0","1","0","3","2","3","41.9063069085","-87.7458958868","POINT (-87.745895886788 41.906306908501)"
"8260c1b8599dee933057ddc56cae4af4ee60ca7fc80b91a01e8d8fb2e0f2c48075cbf930730137368343ba6032f871921f13ba4990acd19c95afb49de5248dfd",,"2026-03-02T03:00:00.000","35","NO CONTROLS","NO CONTROLS","CLEAR","DAYLIGHT","PARKED MOTOR VEHICLE","ONE-WAY",,"STRAIGHT AND LEVEL","DRY","NO DEFECTS","NOT ON SCENE (DESK REPORT)","NO INJURY / DRIVE AWAY",,,,"OVER $1,500","2026-03-02T06:19:00.000","UNABLE TO DETERMINE","UNABLE TO DETERMINE","4826","N","KENMORE AVE","2024",,,,,,,"2","NO INDICATION OF INJURY","0","0","0","0","0","1","0","3","2","3","41.9699028896","-87.6563849694","POINT (-87.656384969413 41.969902889555)"
"2960549ebff07d57c233f69ae4d11918f8457ccf3750a846cf39f1a7e63a4b535972190124bcc2977e72f7f19afd8d02cf0ca15ad4e257e0fbc837c72c8624cb","N","2026-03-02T02:45:00.000","30","TRAFFIC SIGNAL","FUNCTIONING PROPERLY","CLEAR","DARKNESS, LIGHTED ROAD","FIXED OBJECT","NOT DIVIDED",,"STRAIGHT AND LEVEL","DRY","UNKNOWN","ON SCENE","INJURY AND / OR TOW DUE TO CRASH","Y",,"Y","OVER $1,500","2026-03-02T02:50:00.000","UNABLE TO DETERMINE","UNABLE TO DETERMINE","5157","N","CENTRAL AVE","1623",,,,,,,"1","NO INDICATION OF INJURY","0","0","0","0","0","1","0","2","2","3","41.9751748736","-87.7683442004","POINT (-87.768344200415 41.975174873583)"
"223d5e94828d107471e22b196b3e246f1d41dc384146a83492bc4a9dc9c605cc1a553468d3a24e09599a5a035879bedbf0664e5a8c5f481d3e36774979e9552f",,"2026-03-02T01:40:00.000","30","NO CONTROLS","NO CONTROLS","CLEAR","DARKNESS, LIGHTED ROAD","PARKED MOTOR VEHICLE","ONE-WAY",,"STRAIGHT AND LEVEL","DRY","NO DEFECTS","NOT ON SCENE (DESK REPORT)","NO INJURY / DRIVE AWAY",,,"Y","OVER $1,500","2026-03-02T02:20:00.000","DRIVING ON WRONG SIDE/WRONG WAY","IMPROPER LANE USAGE","2551","S","CHRISTIANA AVE","1024",,,,,,,"2","NO INDICATION OF INJURY","0","0","0","0","0","5","0","1","2","3","41.8447846408","-87.708554727","POINT (-87.70855472698 41.844784640751)"
"198472e342a3769befd78ef3d186606c176339fc8c6b228542f841597a6d48d50fdc4380670d2d131fe1f95b9c5ab1d8a60c37f5a820cbab0cd2d7a3c711e8b5",,"2026-03-02T01:30:00.000","30","NO CONTROLS","NO CONTROLS","CLEAR","DARKNESS, LIGHTED ROAD","SIDESWIPE SAME DIRECTION","ONE-WAY",,"STRAIGHT AND LEVEL","DRY","NO DEFECTS","NOT ON SCENE (DESK REPORT)","NO INJURY / DRIVE AWAY",,,"Y","OVER $1,500","2026-03-02T14:43:00.000","NOT APPLICABLE","NOT APPLICABLE","4330","S","KEDVALE AVE","815",,,,,,,"3","NO INDICATION OF INJURY","0","0","0","0","0","3","0","1","2","3","41.8142003583","-87.7276358873","POINT (-87.727635887289 41.814200358305)"
"0a95a9e53dcc4c5767b76afe08836b36b6e4cf817d374a47a809eadc4125c2daf42052e735b2532942c178e885081a92dff9b55e2c2f59b41a8c0f29cf4e4d54",,"2026-03-02T01:17:00.000","30","NO CONTROLS","NO CONTROLS","CLEAR","DARKNESS, LIGHTED ROAD","FIXED OBJECT","ROUNDABOUT",,"STRAIGHT AND LEVEL","DRY","NO DEFECTS","ON SCENE","INJURY AND / OR TOW DUE TO CRASH",,,,"OVER $1,500","2026-03-02T01:19:00.000","UNABLE TO DETERMINE","NOT APPLICABLE","3430","E","87TH ST","424",,,,,,,"1","NO INDICATION OF INJURY","0","0","0","0","0","2","0","1","2","3","41.7376184656","-87.5405016642","POINT (-87.540501664179 41.737618465598)"
"45751d07bb7d963a1a085c616da00ac16ed73a5640d60f74eb716f43337e3c8523ec1c96ec46d05e011ae311bf17dd85817e987eb71c7e72dfa3d040d4c30a9a","Y","2026-03-02T01:00:00.000","30","NO CONTROLS","NO CONTROLS","CLEAR","DARKNESS, LIGHTED ROAD","PARKED MOTOR VEHICLE","PARKING LOT",,"STRAIGHT AND LEVEL","DRY","NO DEFECTS","ON SCENE","NO INJURY / DRIVE AWAY",,,"Y","OVER $1,500","2026-03-02T01:54:00.000","UNABLE TO DETERMINE","FAILING TO REDUCE SPEED TO AVOID CRASH","12350","S","AVENUE O","433",,,,,,,"3","NO INDICATION OF INJURY","0","0","0","0","0","1","0","1","2","3","41.6696907959","-87.5391987742","POINT (-87.539198774152 41.669690795902)"
"d2ce796ca16369278f7f4e3517c2eb16242fd02c9142da20bf53f84c65491628bc984add74305ca0e726f898c3e255c3f3d9088eefb738c319d826468568982f","Y","2026-03-02T01:00:00.000","30","NO CONTROLS","UNKNOWN","CLEAR","DARKNESS","PARKED MOTOR VEHICLE","NOT DIVIDED",,"STRAIGHT AND LEVEL","DRY","NO DEFECTS","ON SCENE","NO INJURY / DRIVE AWAY",,,"Y","OVER $1,500","2026-03-02T14:12:00.000","UNABLE TO DETERMINE","UNABLE TO DETERMINE","5335","S","WOODLAWN AVE","234",,,,,,,"2","NO INDICATION OF INJURY","0","0","0","0","0","1","0","1","2","3","41.7983632133","-87.5964712152","POINT (-87.596471215189 41.798363213331)"
"d7198f25faad89f413f17380611c8b5b4842f7161f2ed945c6f6577d82c4f0207214e82614232fc7ebe288f1934383edd38619e45e9d319d404adfc048678642",,"2026-03-02T00:02:00.000","30","NO CONTROLS","NO CONTROLS","CLEAR","DARKNESS, LIGHTED ROAD","SIDESWIPE SAME DIRECTION","DIVIDED - W/MEDIAN BARRIER",,"STRAIGHT AND LEVEL","DRY","NO DEFECTS","ON SCENE","NO INJURY / DRIVE AWAY",,,,"OVER $1,500","2026-03-02T00:02:00.000","IMPROPER OVERTAKING/PASSING","NOT APPLICABLE","898","N","LAKE SHORE DR SB","1833",,,,,,,"2","NO INDICATION OF INJURY","0","0","0","0","0","2","0","0","2","3","41.8992013312","-87.6186555801","POINT (-87.618655580105 41.899201331199)"
"734ec290ea24970f7979f8bcd62efa56da1d4f89df0f3663f63adc49fb0d60977ab18a9af8f1cf4ea37a4d21e0e894f8fdd448d74472204a8f9b59e0c11f3aff",,"2026-03-01T23:51:00.000","30","NO CONTROLS","NO CONTROLS","CLEAR","DARKNESS","FIXED OBJECT","DIVIDED - W/MEDIAN BARRIER",,"STRAIGHT AND LEVEL","DRY","NO DEFECTS","ON SCENE","INJURY AND / OR TOW DUE TO CRASH",,,"Y","OVER $1,500","2026-03-01T23:51:00.000","UNABLE TO DETERMINE","NOT APPLICABLE","4244","S","ASHLAND AVE","924",,,,,,,"1","NO INDICATION OF INJURY","0","0","0","0","0","1","0","23","1","3","41.8163169814","-87.6653042899","POINT (-87.665304289933 41.81631698145)"
"1a1a0f746765c63b28da868a52ddb258354d4ec944e65ab257a6747a082821bd8b21fc28ab6bf0459f17a477792a9e4311e894cd7f95883c6b49a36491f85226",,"2026-03-01T23:35:00.000","30","TRAFFIC SIGNAL","FUNCTIONING PROPERLY","CLEAR","DARKNESS, LIGHTED ROAD","TURNING","DIVIDED - W/MEDIAN (NOT RAISED)",,"STRAIGHT AND LEVEL","DRY","NO DEFECTS","NOT ON SCENE (DESK REPORT)","NO INJURY / DRIVE AWAY",,,,"OVER $1,500","2026-03-02T00:15:00.000","FAILING TO YIELD RIGHT-OF-WAY","NOT APPLICABLE","7101","S","WESTERN AVE","832",,,,,,,"2","NO INDICATION OF INJURY","0","0","0","0","0","3","0","23","1","3","41.764612952","-87.6830938714","POINT (-87.683093871433 41.76461295199)"
"df4817a3b2ca4b54a4b72895016576ec911f53f20d482fb7e324a833c7f5050fc04d1ac157659b0a58c2d0957a212ba59956843f9eec951c4bacd3b5e83db76b",,"2026-03-01T23:30:00.000","25","STOP SIGN/FLASHER","NO CONTROLS","CLEAR","DARKNESS","ANGLE","NOT DIVIDED",,"STRAIGHT AND LEVEL","DRY","NO DEFECTS","NOT ON SCENE (DESK REPORT)","NO INJURY / DRIVE AWAY","Y",,"Y","OVER $1,500","2026-03-07T10:35:00.000","FAILING TO YIELD RIGHT-OF-WAY","UNABLE TO DETERMINE","2632","E","77TH ST","421",,,,,,,"2","NO INDICATION OF INJURY","0","0","0","0","0","2","0","23","1","3","41.7555479554","-87.560137959","POINT (-87.560137959004 41.755547955353)"
"b1f208914526b9235304587e54268e2244cdde3ecce4e8ade2f9c8942925631ed2efcf8603a92914375202f3ae94806729a1b526c155c01fdf692f612dd03b2c",,"2026-03-01T23:00:00.000","30","STOP SIGN/FLASHER","FUNCTIONING PROPERLY","CLEAR","DARKNESS, LIGHTED ROAD","REAR END","NOT DIVIDED",,"STRAIGHT AND LEVEL","DRY","NO DEFECTS","NOT ON SCENE (DESK REPORT)","NO INJURY / DRIVE AWAY","N",,"N","OVER $1,500","2026-03-02T17:40:00.000","FOLLOWING TOO CLOSELY","NOT APPLICABLE","1555","E","90TH ST","413",,,,,,,"2","NO INDICATION OF INJURY","0","0","0","0","0","2","0","23","1","3","41.7313333304","-87.5858357244","POINT (-87.585835724396 41.73133333038)"
"2e360c9066a15b9c09a23df960fcbfeb79303c74feb638fab18ae34655083cfbb84749c19e6d2b192826f67c2a277f8f1d880723842d9f92dc84c184fe3fa713",,"2026-03-01T22:30:00.000","25","NO CONTROLS","NO CONTROLS","CLEAR","DARKNESS, LIGHTED ROAD","SIDESWIPE SAME DIRECTION","DIVIDED - W/MEDIAN (NOT RAISED)",,"STRAIGHT AND LEVEL","DRY","NO DEFECTS","ON SCENE","INJURY AND / OR TOW DUE TO CRASH",,,,"OVER $1,500","2026-03-01T22:43:00.000","UNABLE TO DETERMINE","UNABLE TO DETERMINE","4400","W","CERMAK RD","1012",,,,,,,"2","REPORTED, NOT EVIDENT","1","0","0","0","1","5","0","22","1","3","41.8515091963","-87.734559326","POINT (-87.734559326014 41.851509196295)"
"a46d595e388575cebee37940592c79322c7c6ed6db98aec314bbf55a39e91ea751a15461aff4073ea6454aa71370fe2aecb55f4150139c7685ec9afae0c066de",,"2026-03-01T22:30:00.000","30","TRAFFIC SIGNAL","FUNCTIONING PROPERLY","CLEAR","DARKNESS, LIGHTED ROAD","TURNING","NOT DIVIDED",,"STRAIGHT AND LEVEL","DRY","WORN SURFACE","NOT ON SCENE (DESK REPORT)","NO INJURY / DRIVE AWAY",,,,"$501 - $1,500","2026-03-02T09:50:00.000","HAD BEEN DRINKING (USE WHEN ARREST IS NOT MADE)","UNABLE TO DETERMINE","39","W","75TH ST","623",,,,,,,"2","NO INDICATION OF INJURY","0","0","0","0","0","2","0","22","1","3","41.758051433","-87.6263415839","POINT (-87.626341583898 41.758051432973)"
"1e34faecff7f473e00e6271ce613d01659866f122f7d49c96c2ba45a7cc02c24a390579d4e4c4395f5b64105d5bf7297adbf29e34936b2517ea67b095646e1a8",,"2026-03-01T22:25:00.000","30","STOP SIGN/FLASHER","FUNCTIONING PROPERLY","CLEAR","DARKNESS, LIGHTED ROAD","ANGLE","T-INTERSECTION",,"STRAIGHT AND LEVEL","DRY","NO DEFECTS","ON SCENE","INJURY AND / OR TOW DUE TO CRASH","Y",,"Y","OVER $1,500","2026-03-01T22:30:00.000","DISREGARDING STOP SIGN","UNABLE TO DETERMINE","5600","S","INDIANA AVE","231",,,,,,,"2","NO INDICATION OF INJURY","0","0","0","0","0","3","0","22","1","3","41.7928307341","-87.6209453941","POINT (-87.620945394098 41.792830734133)"
"efbb06d61f3d4c30f18e9720ba32ba068232ebab0d5ac5f47bd941ba7006e84e59cd612f553bca06a0865459bf75971f58ef0d06215e8ea982fdeb64b245e9da",,"2026-03-01T22:25:00.000","25","NO CONTROLS","NO CONTROLS","CLEAR","DARKNESS, LIGHTED ROAD","REAR END","NOT DIVIDED",,"STRAIGHT AND LEVEL","DRY","NO DEFECTS","ON SCENE","INJURY AND / OR TOW DUE TO CRASH",,,,"OVER $1,500","2026-03-01T22:26:00.000","FOLLOWING TOO CLOSELY","NOT APPLICABLE","2536","W","DEVON AVE","2412",,,,,,,"3","NO INDICATION OF INJURY","0","0","0","0","0","4","0","22","1","3","41.997773648","-87.6937767045","POINT (-87.693776704521 41.997773647976)"
"f25e073196bd831115a23e0f5da794f5e8ef0a3df1c6be92a0211c9badb49865dd9cf58011367691142fa9bc2184fa6652f364c3d1094023131f010af3c0f039",,"2026-03-01T22:22:00.000","30","NO CONTROLS","NO CONTROLS","CLEAR","DARKNESS, LIGHTED ROAD","ANGLE","DIVIDED - W/MEDIAN (NOT RAISED)",,"STRAIGHT AND LEVEL","DRY","NO DEFECTS","NOT ON SCENE (DESK REPORT)","NO INJURY / DRIVE AWAY",,,"Y","$501 - $1,500","2026-03-01T23:25:00.000","FAILING TO YIELD RIGHT-OF-WAY","NOT APPLICABLE","1461","N","MAGNOLIA AVE","1433",,,,,,,"2","NO INDICATION OF INJURY","0","0","0","0","0","3","0","22","1","3","41.908809277","-87.6591618766","POINT (-87.659161876609 41.908809277049)"
"ac3ddd27bdc94934c901171488d80e3afcccddf8e998bf1d3fd3e8e2762fa09088a8b751a60279922bf7a0ed6bd08c05f725da97ff3a14948c6dd6d9b0985339",,"2026-03-01T22:20:00.000","30","NO CONTROLS","NO CONTROLS","UNKNOWN","DARKNESS, LIGHTED ROAD","TURNING","NOT DIVIDED",,"STRAIGHT AND LEVEL","UNKNOWN","UNKNOWN","NOT ON SCENE (DESK REPORT)","NO INJURY / DRIVE AWAY",,,"Y","OVER $1,500","2026-03-01T22:40:00.000","FOLLOWING TOO CLOSELY","NOT APPLICABLE","110","W","75TH ST","731",,,,,,,"2","NO INDICATION OF INJURY","0","0","0","0","0","2","0","22","1","3","41.7582973143","-87.6276976433","POINT (-87.62769764332 41.758297314319)"
"0a90998e8f5f6ac85922f7863f5682b07b81701278064ff2cd4af1982ae58daa49b0de761f3026e2d65d4aab9e17e6c90c463e37ac1e1e1c54dfb30532fc2b62",,"2026-03-01T22:00:00.000","30","TRAFFIC SIGNAL","FUNCTIONING PROPERLY","CLEAR","DARKNESS, LIGHTED ROAD","TURNING","NOT DIVIDED",,"STRAIGHT AND LEVEL","DRY","NO DEFECTS",,"NO INJURY / DRIVE AWAY",,,"N","OVER $1,500","2026-03-01T23:00:00.000","UNABLE TO DETERMINE","NOT APPLICABLE","2003","W","69TH ST","735",,,,,,,"2","NO INDICATION OF INJURY","0","0","0","0","0","7","0","22","1","3","41.7683283348","-87.673819384","POINT (-87.673819384027 41.768328334801)"
"a0b5d7864ed48ca048a80f45f6a4f7985376949e97a80c6dd75a5541af1eaa4d7a407940d9984538830c627ea000adb2607a373fef99fa40d0e37222b2c4ab58",,"2026-03-01T22:00:00.000","30","NO CONTROLS","NO CONTROLS","CLEAR","DARKNESS, LIGHTED ROAD","PARKED MOTOR VEHICLE","ONE-WAY",,"STRAIGHT AND LEVEL","DRY","NO DEFECTS","NOT ON SCENE (DESK REPORT)","NO INJURY / DRIVE AWAY",,,,"OVER $1,500","2026-03-01T23:15:00.000","UNABLE TO DETERMINE","NOT APPLICABLE","3100","W","60TH ST","824",,,,,,,"2","NO INDICATION OF INJURY","0","0","0","0","0","1","0","22","1","3","41.7845747291","-87.7009217933","POINT (-87.70092179331 41.784574729139)"
"39fb53e06f3d36bcbbda2bdee250cd426d6964353f48df9d1b3b246c7182e14fa0bf74f76a52bd414bc1756bc5135e11c116f267b24383f1885e4a2d67d4d816",,"2026-03-01T21:50:00.000","30","NO CONTROLS","NO CONTROLS","CLEAR","DARKNESS, LIGHTED ROAD","PARKED MOTOR VEHICLE","NOT DIVIDED",,"STRAIGHT AND LEVEL","DRY","NO DEFECTS","NOT ON SCENE (DESK REPORT)","NO INJURY / DRIVE AWAY",,,"Y","OVER $1,500","2026-03-01T22:50:00.000","UNABLE TO DETERMINE","UNABLE TO DETERMINE","2357","N","MILWAUKEE AVE","1414",,,,,,,"2","NO INDICATION OF INJURY","0","0","0","0","0","3","0","21","1","3","41.9241503056","-87.6991508827","POINT (-87.699150882692 41.924150305628)"
"a7a6f801c6b63efef1a6f5f935bba8a5b3e0948526f185a0abf8edcdd9cae35617c9c4b6e07e79c4e5c66d170ee8bedbd25a9d31e3068090cd892c0e60f0babf",,"2026-03-01T21:40:00.000","30","NO CONTROLS","NO CONTROLS","CLEAR","DARKNESS, LIGHTED ROAD","REAR TO FRONT","ONE-WAY",,"STRAIGHT AND LEVEL","DRY","NO DEFECTS","NOT ON SCENE (DESK REPORT)","NO INJURY / DRIVE AWAY",,,,"OVER $1,500","2026-03-02T13:30:00.000","DRIVING SKILLS/KNOWLEDGE/EXPERIENCE","NOT APPLICABLE","1616","N","AUSTIN AVE","2513",,,,,,,"2","NO INDICATION OF INJURY","0","0","0","0","0","2","0","21","1","3","41.9097541444","-87.7753949283","POINT (-87.77539492833 41.909754144417)"
"4696e01f6a85a2d64e4cf3cf423f6ddcadd00c5bce477ab790b88288dd8f5a59f3ff0b2990b4f26f86d571b95f0f6761531701e5ac89d1e0a7fae1bb8c9f44ed",,"2026-03-01T21:30:00.000","30","TRAFFIC SIGNAL","FUNCTIONING PROPERLY","CLEAR","DARKNESS, LIGHTED ROAD","SIDESWIPE SAME DIRECTION","FOUR WAY",,"STRAIGHT AND LEVEL","DRY","NO DEFECTS","NOT ON SCENE (DESK REPORT)","NO INJURY / DRIVE AWAY","Y",,"Y","OVER $1,500","2026-03-02T18:45:00.000","IMPROPER OVERTAKING/PASSING","NOT APPLICABLE","7900","S","HALSTED ST","621",,,,,,,"2","NO INDICATION OF INJURY","0","0","0","0","0","2","0","21","1","3","41.7505495594","-87.6441883678","POINT (-87.644188367841 41.750549559439)"
"acc4cd4f7915ecc6018e90a6e562077e3758518b48022e6dc4ef106920b56028e9c70b76c550f13bb783affee00cdfdfbe4316b3998d01936372c8e4e28c4a19",,"2026-03-01T21:30:00.000","15","NO CONTROLS","NO CONTROLS","CLEAR","DARKNESS, LIGHTED ROAD","PARKED MOTOR VEHICLE","PARKING LOT",,"STRAIGHT AND LEVEL","DRY","NO DEFECTS","NOT ON SCENE (DESK REPORT)","NO INJURY / DRIVE AWAY",,,"Y","$500 OR LESS","2026-03-01T21:30:00.000","UNABLE TO DETERMINE","UNABLE TO DETERMINE","1900","W","MONTEREY AVE","2212",,,,,,,"2","NO INDICATION OF INJURY","0","0","0","0","0","1","0","21","1","3","41.6914347795","-87.6685203937","POINT (-87.668520393669 41.691434779531)"
"f1325685458039bfa826ee8f4731cf3d34019bbc43cbaafd3e67b72c98e123c49ab1eeadb1e9991b5438c7d9bbc0998bc4c5e08f808a77c40e9a86b96f6d3ee4",,"2026-03-01T21:20:00.000","25","NO CONTROLS","NO CONTROLS","CLEAR","DARKNESS, LIGHTED ROAD","PARKED MOTOR VEHICLE","ONE-WAY",,"STRAIGHT AND LEVEL","DRY","NO DEFECTS","ON SCENE","NO INJURY / DRIVE AWAY",,,,"$500 OR LESS","2026-03-01T21:29:00.000","UNABLE TO DETERMINE","NOT APPLICABLE","5359","S","MAY ST","934",,,,,,,"2","NO INDICATION OF INJURY","0","0","0","0","0","4","0","21","1","3","41.7960990177","-87.6535654757","POINT (-87.653565475703 41.796099017678)"
"f2c287938cdf940c779d9d7b0a3464e0030baac145243da22a313a8b1ad3db889ef70bbd2da34f7b25b7a2ed1a8bd3f384448ed0dd769d97693e27d50558dd45",,"2026-03-01T21:15:00.000","25","NO CONTROLS","NO CONTROLS","UNKNOWN","DARKNESS","PARKED MOTOR VEHICLE","NOT DIVIDED",,"STRAIGHT AND LEVEL","UNKNOWN","UNKNOWN","NOT ON SCENE (DESK REPORT)","NO INJURY / DRIVE AWAY",,,"Y","OVER $1,500","2026-03-01T21:40:00.000","UNABLE TO DETERMINE","UNABLE TO DETERMINE","765","S","KOLMAR AVE","1131",,,,,,,"2","NO INDICATION OF INJURY","0","0","0","0","0","2","0","21","1","3","41.8705849542","-87.7388005941","POINT (-87.738800594091 41.870584954156)"
"05fad2f75654365bbea28ce146bda546d8b6b29c62dd5b9dbfdfff9b70cec2abdd5592c9fb1002ca50bfa0282975183141df1f2000593f4940b44ac5cf35a369",,"2026-03-01T21:12:00.000","30","TRAFFIC SIGNAL","FUNCTIONING PROPERLY","CLEAR","DARKNESS, LIGHTED ROAD","TURNING","NOT DIVIDED",,"STRAIGHT AND LEVEL","DRY","NO DEFECTS","ON SCENE","NO INJURY / DRIVE AWAY","Y",,,"OVER $1,500","2026-03-01T21:48:00.000","IMPROPER TURNING/NO SIGNAL","FAILING TO YIELD RIGHT-OF-WAY","400","E","ILLINOIS ST","1834",,,,,,,"2","NO INDICATION OF INJURY","0","0","0","0","0","2","0","21","1","3","41.891163079","-87.6175478816","POINT (-87.617547881573 41.891163078971)"
"3c8ad213fbbe9543b3b4bf4568b159bd66bbbbe5fd73ce93c5dd5581c7385d3f29d875236b466a42e1e5ca899203e2e99e2c90a51524f9803c41411239254bad",,"2026-03-01T21:09:00.000","30","TRAFFIC SIGNAL","FUNCTIONING PROPERLY","CLEAR","DARKNESS, LIGHTED ROAD","PEDESTRIAN","DIVIDED - W/MEDIAN (NOT RAISED)",,"STRAIGHT AND LEVEL","DRY","NO DEFECTS","ON SCENE","INJURY AND / OR TOW DUE TO CRASH",,,"Y","OVER $1,500","2026-03-01T21:09:00.000","FAILING TO YIELD RIGHT-OF-WAY","UNABLE TO DETERMINE","453","N","HAMLIN AVE","1122",,,,,,,"2","NONINCAPACITATING INJURY","1","0","0","1","0","1","0","21","1","3","41.8894639189","-87.7208748926","POINT (-87.720874892607 41.889463918942)"
"55b5c8a5b88ed48e1626e3b07a3e97f88f3aa4aae78a5660270ea7ebf42beabb16fabef65d7c4c59fdc767bc54b8a2509e61d6e8a2f71896c4c904cb134a3a7f",,"2026-03-01T21:00:00.000","25","NO CONTROLS","NO CONTROLS","CLEAR","DARKNESS, LIGHTED ROAD","PARKED MOTOR VEHICLE","ONE-WAY",,"STRAIGHT ON GRADE","DRY","NO DEFECTS","ON SCENE","INJURY AND / OR TOW DUE TO CRASH",,,,"OVER $1,500","2026-03-01T21:02:00.000","NOT APPLICABLE","NOT APPLICABLE","5243","W","63RD PL","813",,,,,,,"2","NONINCAPACITATING INJURY","1","0","0","1","0","1","0","21","1","3","41.7772677918","-87.7535008346","POINT (-87.753500834628 41.777267791829)"
"c589a5a4d448d1a6357b03baf128982a546d77f9c305b4d88c497a69479fd8c0c24b6c3cd9eca9b05de57fccacb581d2bd01cccd9524fe637fde4255fd46b4bb",,"2026-03-01T21:00:00.000","10","NO CONTROLS","NO CONTROLS","CLEAR","DARKNESS","ANGLE","PARKING LOT",,"STRAIGHT AND LEVEL","DRY","UNKNOWN","NOT ON SCENE (DESK REPORT)","NO INJURY / DRIVE AWAY",,,,"OVER $1,500","2026-03-02T10:00:00.000","UNABLE TO DETERMINE","UNABLE TO DETERMINE","2754","N","NARRAGANSETT AVE","2512",,,,,,,"2","NO INDICATION OF INJURY","0","0","0","0","0","2","0","21","1","3","41.9307937989","-87.7858301322","POINT (-87.785830132238 41.930793798935)"
"03001158a0e352f20c5d101e4e060d861d330907cd345d8dcef565679cffe1c70561b74200a9dd5148e0352fa2899856d19521f6ee6e2ed5f4248223176f9398","Y","2026-03-01T20:30:00.000","25","NO CONTROLS","NO CONTROLS","UNKNOWN","UNKNOWN","PARKED MOTOR VEHICLE","ONE-WAY",,"STRAIGHT AND LEVEL","DRY","NO DEFECTS","ON SCENE","NO INJURY / DRIVE AWAY",,,"Y","OVER $1,500","2026-03-02T08:07:00.000","UNABLE TO DETERMINE","UNABLE TO DETERMINE","4844","N","ALBANY AVE","1713",,,,,,,"2","NO INDICATION OF INJURY","0","0","0","0","0","1","0","20","1","3","41.9698339816","-87.7062173307","POINT (-87.706217330706 41.969833981562)"
"0f1ab1bd72614e40a53072c4539ae1cfa9e64110fbedb4fb37a3d95aa7fffcefab6cc84c3184c60dc107a4879af04bb61b4d7af24909962736f981be0a7d1cc7",,"2026-03-01T20:30:00.000","30","NO CONTROLS","NO CONTROLS","CLEAR","DARKNESS, LIGHTED ROAD","OTHER OBJECT","DIVIDED - W/MEDIAN (NOT RAISED)",,"STRAIGHT AND LEVEL","DRY","RUT, HOLES","NOT ON SCENE (DESK REPORT)","NO INJURY / DRIVE AWAY",,,,"$501 - $1,500","2026-03-06T11:30:00.000","NOT APPLICABLE","NOT APPLICABLE","5010","N","PULASKI RD","1712",,,,,,,"1","NO INDICATION OF INJURY","0","0","0","0","0","1","0","20","1","3","41.9722451","-87.7282872347","POINT (-87.728287234689 41.972245099998)"