"crash_record_id","crash_date_est_i","crash_date","posted_speed_limit","traffic_control_device","device_condition","weather_condition","lighting_condition","first_crash_type","trafficway_type","lane_cnt","alignment","roadway_surface_cond","road_defect","report_type","crash_type","intersection_related_i","private_property_i","hit_and_run_i","damage","date_police_notified","prim_contributory_cause","sec_contributory_cause","street_no","street_direction","street_name","beat_of_occurrence","photos_taken_i","statements_taken_i","dooring_i","work_zone_i","work_zone_type","workers_present_i","num_units","most_severe_injury","injuries_total","injuries_fatal","injuries_incapacitating","injuries_non_incapacitating","injuries_reported_not_evident","injuries_no_indication","injuries_unknown","crash_hour","crash_day_of_week","crash_month","latitude","longitude","location"
"19d1de0dee55608897d784de7044f4e07e42b771c63af4a80b62093fa2a0a6a392203b7737e74723257b3651a0cfef8792aa2ea091dbfe6cf31da13bc28628ca",,"2026-03-01T20:30:00.000","30","UNKNOWN","UNKNOWN","CLEAR","DARKNESS","SIDESWIPE SAME DIRECTION","ONE-WAY",,"STRAIGHT AND LEVEL","DRY","NO DEFECTS","NOT ON SCENE (DESK REPORT)","NO INJURY / DRIVE AWAY",,,,"OVER $1,500","2026-03-02T14:35:00.000","IMPROPER TURNING/NO SIGNAL","IMPROPER LANE USAGE","2165","S","CHINA PL","914",,,,,,,"2","NO INDICATION OF INJURY","0","0","0","0","0","2","0","20","1","3","41.8535727447","-87.6351634373","POINT (-87.635163437306 41.853572744714)"
"71aaacd4de6021f9e31b6936e476001513dc52baf46a0f9aa70549d234fdc86c70bc266649b334d68ad152c69591ba831db9e6b328dd794924c1ff101abaec92",,"2026-03-01T20:30:00.000","35","STOP SIGN/FLASHER","FUNCTIONING PROPERLY","CLEAR","DAYLIGHT","TURNING","NOT DIVIDED",,"STRAIGHT AND LEVEL","UNKNOWN","UNKNOWN","NOT ON SCENE (DESK REPORT)","NO INJURY / DRIVE AWAY",,,"Y","OVER $1,500","2026-03-01T20:50:00.000","IMPROPER OVERTAKING/PASSING","UNABLE TO DETERMINE","1047","W","LELAND AVE","1914",,,,,,,"2","NO INDICATION OF INJURY","0","0","0","0","0","2","0","20","1","3","41.9671293132","-87.6566455383","POINT (-87.656645538332 41.967129313201)"
"65bb9a2d0b3d30576ff95fb80ae096d8860cacea613d94592b6e859b8e8ee4bc06032d03669908015620918860603ee4dff406b724d6ff26956023406dee300a",,"2026-03-01T20:24:00.000","25","NO CONTROLS","UNKNOWN","CLEAR","DARKNESS, LIGHTED ROAD","PARKED MOTOR VEHICLE","ONE-WAY",,"STRAIGHT AND LEVEL","DRY","NO DEFECTS","ON SCENE","NO INJURY / DRIVE AWAY",,,"Y","$501 - $1,500","2026-03-01T20:24:00.000","UNABLE TO DETERMINE","UNABLE TO DETERMINE","12407","S","NORMAL AVE","523","Y","Y",,,,,"2","NO INDICATION OF INJURY","0","0","0","0","0","1","0","20","1","3","41.6685440719","-87.634235812","POINT (-87.634235812033 41.66854407189)"
"dee6ba8906f6fc2e4ae715c1b3fc407b7a3b09779bb737f291ff34f166776d024c9671eb4bade9fdabb919ab708ead0755926e0ec26830edafef991673842a47",,"2026-03-01T20:11:00.000","30","NO CONTROLS","NO CONTROLS","CLEAR","DARKNESS","FIXED OBJECT","DIVIDED - W/MEDIAN BARRIER",,"STRAIGHT AND LEVEL","DRY","NO DEFECTS","ON SCENE","INJURY AND / OR TOW DUE TO CRASH",,,"Y","OVER $1,500","2026-03-01T20:17:00.000","UNABLE TO DETERMINE","NOT APPLICABLE","3554","W","MARQUETTE RD","831",,,,,,,"1","NONINCAPACITATING INJURY","1","0","0","1","0","1","0","20","1","3","41.7716339523","-87.7123602069","POINT (-87.712360206899 41.771633952342)"
"e5f3af18770ecdafed25e82df01993fc3129f7179214d18125acf5b9d13f91f6699bbfd57d629686150c33386da7bdf285ecc2d00aac0bbbf4b83669c8d2e251",,"2026-03-01T20:08:00.000","15","NO CONTROLS","NO CONTROLS","CLEAR","DARKNESS","PARKED MOTOR VEHICLE","PARKING LOT",,"STRAIGHT AND LEVEL","DRY","NO DEFECTS","ON SCENE","NO INJURY / DRIVE AWAY",,,,"$500 OR LESS","2026-03-01T20:10:00.000","IMPROPER BACKING","NOT APPLICABLE","222","W","22ND PL","914",,,,,,,"2","NO INDICATION OF INJURY","0","0","0","0","0","1","0","20","1","3","41.8522694897","-87.6329512903","POINT (-87.632951290311 41.852269489708)"
"b7c690017aab00d6db948b0fc9a40eeb8b3f6dc81fcbd195d04f1cf8398f8b2099627b3fc0f771967c02f4762aee95fdb64e6aca7845a3daef2e731e15a26191",,"2026-03-01T20:05:00.000","30","NO CONTROLS","NO CONTROLS","CLEAR","DARKNESS, LIGHTED ROAD","REAR END","NOT DIVIDED",,"STRAIGHT AND LEVEL","DRY","NO DEFECTS","NOT ON SCENE (DESK REPORT)","NO INJURY / DRIVE AWAY",,,,"OVER $1,500","2026-03-02T07:45:00.000","UNABLE TO DETERMINE","UNABLE TO DETERMINE","2849","W","IRVING PARK RD","1733",,,,,,,"2","NO INDICATION OF INJURY","0","0","0","0","0","2","0","20","1","3","41.9538542613","-87.7002293061","POINT (-87.700229306083 41.953854261253)"
"4f364f0fe52e3f5570497e7b5c3717e6df8325eb0344f44904bf1b345cb8058610f341183c786297f0edbfe8c112a3ca93e046f1a53a8d201e54307cbde4ed74",,"2026-03-01T20:00:00.000","30","NO CONTROLS","NO CONTROLS","CLEAR","DAWN","ANGLE","NOT DIVIDED",,"STRAIGHT AND LEVEL","DRY","NO DEFECTS","NOT ON SCENE (DESK REPORT)","NO INJURY / DRIVE AWAY",,,,"OVER $1,500","2026-03-01T21:00:00.000","UNABLE TO DETERMINE","UNABLE TO DETERMINE","2834","W","IRVING PARK RD","1724",,,,,,,"2","NO INDICATION OF INJURY","0","0","0","0","0","2","0","20","1","3","41.9540762774","-87.6996821557","POINT (-87.699682155672 41.95407627735)"
"de9944348a6f68d1d606de45ffcbae84e00a6f73c9ee082b790ca2a4f261f2a300212200b3f9c4d90c9bc3255db7107c59006729702302db7b472561a7794381",,"2026-03-01T20:00:00.000","30","TRAFFIC SIGNAL","FUNCTIONING PROPERLY","CLEAR","DARKNESS, LIGHTED ROAD","ANGLE","FOUR WAY",,"STRAIGHT AND LEVEL","DRY","UNKNOWN",,"INJURY AND / OR TOW DUE TO CRASH","Y",,,"OVER $1,500","2026-03-01T20:00:00.000","DISREGARDING TRAFFIC SIGNALS","NOT APPLICABLE","201","W","GARFIELD BLVD","225",,,,,,,"3","NONINCAPACITATING INJURY","1","0","0","1","0","3","0","20","1","3","41.794090446","-87.630527331","POINT (-87.630527331008 41.794090445987)"
"5149313b6e41c437b4218d2ac0e028adb5da03589b85759ad77e00e1a3e7bbfed8b218a6dff8c6635890e005cf8fa77bdb519b12ef5b2e533e531de3fb1b760d",,"2026-03-01T19:45:00.000","30","TRAFFIC SIGNAL","FUNCTIONING PROPERLY","CLEAR","DARKNESS, LIGHTED ROAD","REAR END","NOT DIVIDED",,"STRAIGHT AND LEVEL","DRY","NO DEFECTS","NOT ON SCENE (DESK REPORT)","NO INJURY / DRIVE AWAY",,,"Y","OVER $1,500","2026-03-01T21:00:00.000","UNABLE TO DETERMINE","NOT APPLICABLE","10701","S","WESTERN AVE","2212",,,,,,,"2","NO INDICATION OF INJURY","0","0","0","0","0","2","0","19","1","3","41.6990180292","-87.6812391676","POINT (-87.681239167602 41.699018029218)"
"8d605a73c53ea5af838e8009ab48056f14ed7bfe879ef6e51b3a399be4ed155a415ecbc605a36cbb3ce58aa66c799cb0afa2b5ad97604402efe63d5a6ab779b9",,"2026-03-01T19:45:00.000","30","NO CONTROLS","NO CONTROLS","CLEAR","DARKNESS, LIGHTED ROAD","PARKED MOTOR VEHICLE","PARKING LOT",,"STRAIGHT AND LEVEL","DRY","NO DEFECTS","NOT ON SCENE (DESK REPORT)","NO INJURY / DRIVE AWAY",,"Y",,"$500 OR LESS","2026-03-01T21:00:00.000","IMPROPER BACKING","IMPROPER BACKING","3570","N","ELSTON AVE","1733",,,,,,,"2","NO INDICATION OF INJURY","0","0","0","0","0","1","0","19","1","3","41.946057604","-87.7082301098","POINT (-87.708230109805 41.946057604016)"
"da6efda2225231d8d62e99e403ced41ea710783712b64ccfb9536215b510bb720077f184c703034b03eb610752f7cb27674203acaf50aa7bc0ecccec03f0251a",,"2026-03-01T19:45:00.000","30","NO CONTROLS","NO CONTROLS","CLEAR","DARKNESS, LIGHTED ROAD","PARKED MOTOR VEHICLE","NOT DIVIDED",,"STRAIGHT ON GRADE","DRY","NO DEFECTS","NOT ON SCENE (DESK REPORT)","NO INJURY / DRIVE AWAY",,,"Y","$501 - $1,500","2026-03-01T22:00:00.000","UNABLE TO DETERMINE","NOT APPLICABLE","1110","W","50TH ST","933",,,,,,,"2","NO INDICATION OF INJURY","0","0","0","0","0","1","0","19","1","3","41.8034081923","-87.6531295428","POINT (-87.653129542786 41.803408192257)"
"282e27b4eb4df15e77ab04f8758e3206f914c40936ea453ef44acdab752c4ef6615a30351d54eb16c07e077b9f987fda0a8057230583d44f5406cb3023f898d7","Y","2026-03-01T19:30:00.000","30","NO CONTROLS","NO CONTROLS","UNKNOWN","UNKNOWN","PARKED MOTOR VEHICLE","ONE-WAY",,"STRAIGHT AND LEVEL","UNKNOWN","UNKNOWN","NOT ON SCENE (DESK REPORT)","NO INJURY / DRIVE AWAY",,,"Y","OVER $1,500","2026-03-03T07:30:00.000","UNABLE TO DETERMINE","UNABLE TO DETERMINE","2406","W","CARMEN AVE","2031",,,,,,,"2","NO INDICATION OF INJURY","0","0","0","0","0","1","0","19","1","3","41.9742031957","-87.6894530096","POINT (-87.689453009585 41.974203195736)"
"96aa6b331671d60887a224092979b428bd3207573c58f0241798c0090947ecea8797dde180b2073b29e603ee9488977462d002285b008ccf6d8c90688a1e2f4e",,"2026-03-01T19:27:00.000","30","NO CONTROLS","NO CONTROLS","CLEAR","DARKNESS","SIDESWIPE SAME DIRECTION","NOT DIVIDED",,"STRAIGHT AND LEVEL","DRY","NO DEFECTS","ON SCENE","INJURY AND / OR TOW DUE TO CRASH",,,,"OVER $1,500","2026-03-01T19:29:00.000","IMPROPER OVERTAKING/PASSING","FOLLOWING TOO CLOSELY","1540","N","CENTRAL PARK AVE","2535",,,,,,,"2","REPORTED, NOT EVIDENT","1","0","0","0","1","2","0","19","1","3","41.9094152656","-87.7169238764","POINT (-87.716923876364 41.909415265619)"
"7e8a65b07ba3c4f196efd37f7e3bf7f12a929178eb56a40c9b91db50e6b81896b26851c978810ed996d08260e979f060703a72de809db55ecafa7d666615cf52",,"2026-03-01T19:03:00.000","25","NO CONTROLS","NO CONTROLS","CLEAR","DARKNESS, LIGHTED ROAD","PARKED MOTOR VEHICLE","FOUR WAY",,"STRAIGHT AND LEVEL","DRY","NO DEFECTS","ON SCENE","NO INJURY / DRIVE AWAY",,,,"OVER $1,500","2026-03-01T19:05:00.000","UNABLE TO DETERMINE","NOT APPLICABLE","955","W","61ST ST","712",,,,,,,"2","NO INDICATION OF INJURY","0","0","0","0","0","1","0","19","1","3","41.7832083537","-87.6495048312","POINT (-87.64950483121 41.783208353738)"
"3caf8bbd9a548cfbb743579f9f31f8a5af72b090634bd56839d3b73e3784077b6adb2b7cc88f61fc1e45f1af670916e1a33423e1e35f0cb8c28091926ff53cbb",,"2026-03-01T19:02:00.000","30","TRAFFIC SIGNAL","FUNCTIONING PROPERLY","CLEAR","DARKNESS, LIGHTED ROAD","REAR END","NOT DIVIDED",,"STRAIGHT AND LEVEL","DRY","UNKNOWN","NOT ON SCENE (DESK REPORT)","NO INJURY / DRIVE AWAY",,,,"OVER $1,500","2026-03-01T20:15:00.000","UNABLE TO DETERMINE","NOT APPLICABLE","3202","N","CENTRAL AVE","1633",,,,,,,"2","NO INDICATION OF INJURY","0","0","0","0","0","2","0","19","1","3","41.9386807271","-87.7666505462","POINT (-87.766650546175 41.938680727081)"
"edade1f619b384771f003167a23b3797dfc4922cbfd625741c579040713d3214e3112e47ab56d78370c6b7fe52f380bca98f73eb96799ed19c38ce7465f34864",,"2026-03-01T18:55:00.000","30","NO CONTROLS","NO CONTROLS","UNKNOWN","UNKNOWN","REAR END","DIVIDED - W/MEDIAN (NOT RAISED)",,"STRAIGHT AND LEVEL","UNKNOWN","UNKNOWN","NOT ON SCENE (DESK REPORT)","NO INJURY / DRIVE AWAY","Y",,"Y","$501 - $1,500","2026-03-01T18:55:00.000","FOLLOWING TOO CLOSELY","FOLLOWING TOO CLOSELY","298","S","SACRAMENTO BLVD","1124",,,,,,,"2","NO INDICATION OF INJURY","0","0","0","0","0","2","0","18","1","3","41.8774206325","-87.701255894","POINT (-87.701255894046 41.877420632502)"
"6c67dd33f8ae699b206a6e124773041725f7f988c9567c958afc99d8f8b1ced3993acd8f172cd7d45d6cc8eaf5d2c58f85bcc3bd0c1916c2989ae78a757c6c21",,"2026-03-01T18:43:00.000","30","NO CONTROLS","NO CONTROLS","CLEAR","DARKNESS, LIGHTED ROAD","TURNING","FOUR WAY",,"STRAIGHT AND LEVEL","DRY","NO DEFECTS","NOT ON SCENE (DESK REPORT)","NO INJURY / DRIVE AWAY",,,"Y","OVER $1,500","2026-03-01T20:00:00.000","FOLLOWING TOO CLOSELY","NOT APPLICABLE","2313","S","ARCHER AVE","914",,,,,,,"2","NO INDICATION OF INJURY","0","0","0","0","0","2","0","18","1","3","41.8506282629","-87.6391774646","POINT (-87.639177464622 41.85062826288)"
"294e59affa57e8bcbcf665537a53595249caca9f187c605c5650880bee8cd4c86e6485f82a9f314b3496f7a8935c2608438de3b34ccad6c0a8f2aeb22decdfad",,"2026-03-01T18:40:00.000","30","NO CONTROLS","NO CONTROLS","CLEAR","DARKNESS, LIGHTED ROAD","TURNING","NOT DIVIDED",,"STRAIGHT AND LEVEL","DRY","NO DEFECTS","ON SCENE","INJURY AND / OR TOW DUE TO CRASH",,,,"OVER $1,500","2026-03-01T18:42:00.000","UNABLE TO DETERMINE","UNABLE TO DETERMINE","5135","W","FULLERTON AVE","2522",,,,,,,"5","NO INDICATION OF INJURY","0","0","0","0","0","4","0","18","1","3","41.9240126554","-87.7551027975","POINT (-87.755102797528 41.924012655356)"
"433879dcbb2d0828c8b027a2abd0d56646630a2330bd573ab4df54596a26ff93e5f4819faa5fdb5de4c95bf0c4f9f9e0099bdd8ffc805f49a4feffb73b3e18d8",,"2026-03-01T18:35:00.000","30","STOP SIGN/FLASHER","UNKNOWN","UNKNOWN","UNKNOWN","TURNING","FOUR WAY",,"STRAIGHT AND LEVEL","UNKNOWN","UNKNOWN","NOT ON SCENE (DESK REPORT)","NO INJURY / DRIVE AWAY",,,"Y","$501 - $1,500","2026-03-03T09:15:00.000","FAILING TO YIELD RIGHT-OF-WAY","IMPROPER TURNING/NO SIGNAL","5498","W","FOSTER AVE","1623",,,,,,,"2","NO INDICATION OF INJURY","0","0","0","0","0","2","0","18","1","3","41.9752384303","-87.7657095247","POINT (-87.765709524664 41.975238430327)"
"1d29a683654e60121af15b8289c56bd5e99b98958a13bd02da9873851f7a10ba0d5eadab9294acd6dd8e48d47f781f305a03a078c493a83349348310e6bcc6d3",,"2026-03-01T18:30:00.000","30","UNKNOWN","FUNCTIONING PROPERLY","CLEAR","DARKNESS, LIGHTED ROAD","SIDESWIPE SAME DIRECTION","DIVIDED - W/MEDIAN (NOT RAISED)",,"STRAIGHT AND LEVEL","DRY","NO DEFECTS","NOT ON SCENE (DESK REPORT)","NO INJURY / DRIVE AWAY",,,,"$500 OR LESS","2026-03-01T20:54:00.000","NOT APPLICABLE","NOT APPLICABLE","646","N","MICHIGAN AVE","1834",,,,,,,"2","NO INDICATION OF INJURY","0","0","0","0","0","2","0","18","1","3","41.8939733475","-87.6243815186","POINT (-87.624381518625 41.893973347467)"
"522f22ba27cf103d411f52c9c131c5e990ea1848e9b5787e0b5c350ca970e50fa5126fb6828fd025d63a711f35a167c32630eb4f708331dc650b6d5132005642",,"2026-03-01T18:30:00.000","30","STOP SIGN/FLASHER","FUNCTIONING PROPERLY","CLEAR","DUSK","TURNING","NOT DIVIDED",,"STRAIGHT AND LEVEL","DRY","NO DEFECTS","ON SCENE","INJURY AND / OR TOW DUE TO CRASH",,,,"OVER $1,500","2026-03-01T18:34:00.000","IMPROPER TURNING/NO SIGNAL","IMPROPER LANE USAGE","1328","E","83RD ST","411",,,,,,,"2","REPORTED, NOT EVIDENT","3","0","0","0","3","1","0","18","1","3","41.7442377108","-87.5917296456","POINT (-87.591729645572 41.744237710838)"
"94d459abec9636323258ae22ea3af9b5304e4d12cfb6191a045b56ec34746600f07724136e333583bd7eb215fabb05d7ce26b6171b2332de33661f3d65906b7e",,"2026-03-01T18:25:00.000","30","UNKNOWN","UNKNOWN","UNKNOWN","UNKNOWN","PARKED MOTOR VEHICLE","UNKNOWN",,"STRAIGHT AND LEVEL","UNKNOWN","UNKNOWN","NOT ON SCENE (DESK REPORT)","NO INJURY / DRIVE AWAY",,,,"OVER $1,500","2026-03-01T21:00:00.000","UNABLE TO DETERMINE","UNABLE TO DETERMINE","3325","E","106TH ST","432",,,,,,,"2","NO INDICATION OF INJURY","0","0","0","0","0","1","0","18","1","3","41.7026492063","-87.5427056981","POINT (-87.542705698079 41.702649206263)"
"1fc253b8093b340a3f8fdebbc55315693a8ab42f78d025a7d68fa2acac9457d05d431533bad550310cb8d5a099822379a0ccd022a0d9bc04135865975e547226",,"2026-03-01T18:22:00.000","30","TRAFFIC SIGNAL","FUNCTIONING PROPERLY","CLEAR","DARKNESS, LIGHTED ROAD","ANGLE","NOT DIVIDED",,"STRAIGHT AND LEVEL","DRY","NO DEFECTS","ON SCENE","INJURY AND / OR TOW DUE TO CRASH","Y",,,"OVER $1,500","2026-03-01T18:28:00.000","UNABLE TO DETERMINE","UNABLE TO DETERMINE","2800","N","CALIFORNIA AVE","1411",,,,,,,"3","NO INDICATION OF INJURY","0","0","0","0","0","4","0","18","1","3","41.9321207191","-87.6977653004","POINT (-87.697765300365 41.932120719106)"
"591c2cb2443aabcfe90bbb7a3a23e34e4676d7836467903e12222a01ec44b359cf89310825295ede2487cffdb7749587d277eb55b7fdaf3d216012d789d03afe",,"2026-03-01T18:22:00.000","35","NO CONTROLS","NO CONTROLS","CLEAR","DARKNESS, LIGHTED ROAD","REAR END","NOT DIVIDED",,"STRAIGHT AND LEVEL","DRY","NO DEFECTS","ON SCENE","INJURY AND / OR TOW DUE TO CRASH",,,,"OVER $1,500","2026-03-01T18:42:00.000","PHYSICAL CONDITION OF DRIVER","FAILING TO REDUCE SPEED TO AVOID CRASH","3900","W","87TH ST","834",,,,,,,"2","REPORTED, NOT EVIDENT","1","0","0","0","1","1","0","18","1","3","41.7350069227","-87.7191168339","POINT (-87.719116833915 41.735006922695)"
"c36af672016f1cf44572f21c1fc64166f4da52263d39e9da43767e500b4aec8b1b836ee727c743fbf44a4b008295840d986072343c87b42abe2745a4ec829f4a",,"2026-03-01T18:20:00.000","30","NO CONTROLS","NO CONTROLS","CLEAR","DARKNESS, LIGHTED ROAD","REAR END","NOT DIVIDED",,"STRAIGHT AND LEVEL","UNKNOWN","NO DEFECTS","NOT ON SCENE (DESK REPORT)","INJURY AND / OR TOW DUE TO CRASH",,,,"OVER $1,500","2026-03-01T18:45:00.000","DRIVING SKILLS/KNOWLEDGE/EXPERIENCE","NOT APPLICABLE","6419","S","KEDZIE AVE","823",,,,,,,"3","REPORTED, NOT EVIDENT","1","0","0","0","1","4","0","18","1","3","41.7765720082","-87.7029359895","POINT (-87.702935989522 41.776572008232)"
"bdcc042b759bae5f30aa120df68d10d8118f0dcaeddaa2eefc4109bbc8a67a958c9629fb5b7e4089b55cd46b369ca11c57f688763d56c3711262be741e7b0c82",,"2026-03-01T18:00:00.000","30","NO CONTROLS","NO CONTROLS","CLEAR","DARKNESS, LIGHTED ROAD","SIDESWIPE SAME DIRECTION","NOT DIVIDED",,"STRAIGHT AND LEVEL","DRY","NO DEFECTS","NOT ON SCENE (DESK REPORT)","NO INJURY / DRIVE AWAY",,,"Y","OVER $1,500","2026-03-04T18:05:00.000","IMPROPER OVERTAKING/PASSING","FAILING TO YIELD RIGHT-OF-WAY","5247","W","NORTH AVE","2532",,,,,,,"2","NO INDICATION OF INJURY","0","0","0","0","0","2","0","18","1","3","41.9093706612","-87.7574400931","POINT (-87.757440093061 41.909370661237)"
"e80a37625321002c955f2847b59e8e7056c23dffb12ba3b080d7f5ea7793728000d7819cbd1a7cc8a9b64d2557a30eddde50dfc17dbc9a2a946ce6912f28c154",,"2026-03-01T18:00:00.000","35","NO CONTROLS","NO CONTROLS","CLEAR","DARKNESS, LIGHTED ROAD","TURNING","T-INTERSECTION",,"STRAIGHT AND LEVEL","DRY","NO DEFECTS","NOT ON SCENE (DESK REPORT)","NO INJURY / DRIVE AWAY","Y",,,"OVER $1,500","2026-03-01T20:00:00.000","IMPROPER LANE USAGE","UNABLE TO DETERMINE","3600","N","HARLEM AVE","1631",,,,,,,"2","NO INDICATION OF INJURY","0","0","0","0","0","4","0","18","1","3","41.9453384125","-87.8071547691","POINT (-87.80715476912 41.945338412466)"
"61bf66c9412a879af83f3667622dd957fdbca4dd1f94787ccc26e7f6c81ee9cdd16f6bab665e4290d915b47a9d20d6006e61a1fb3d4690b42477c17ee5f2c5f8",,"2026-03-01T17:55:00.000","30","NO CONTROLS","NO CONTROLS","CLEAR","DARKNESS, LIGHTED ROAD","REAR END","NOT DIVIDED",,"STRAIGHT AND LEVEL","DRY","NO DEFECTS","NOT ON SCENE (DESK REPORT)","NO INJURY / DRIVE AWAY",,,,"OVER $1,500","2026-03-01T19:10:00.000","UNABLE TO DETERMINE","NOT APPLICABLE","3644","W","FULLERTON AVE","2524",,,,,,,"2","NO INDICATION OF INJURY","0","0","0","0","0","2","0","17","1","3","41.924691075","-87.7188292869","POINT (-87.718829286898 41.924691075022)"
"a6ea7fe4bc56c35b62581d0be5c5834adb511dfa29c1fbbd5fce2b25399bcc690d56f4f56e44253f9018a05f5714eab30b2e9024a33b932e89f89db748e251d0",,"2026-03-01T17:55:00.000","30","TRAFFIC SIGNAL","FUNCTIONING PROPERLY","CLEAR","DARKNESS, LIGHTED ROAD","REAR END","NOT DIVIDED",,"STRAIGHT AND LEVEL","DRY","NO DEFECTS","ON SCENE","NO INJURY / DRIVE AWAY",,,,"$500 OR LESS","2026-03-01T17:59:00.000","FAILING TO REDUCE SPEED TO AVOID CRASH","FOLLOWING TOO CLOSELY","4660","W","FULLERTON AVE","2521",,,,,,,"2","NO INDICATION OF INJURY","0","0","0","0","0","3","0","17","1","3","41.9243809394","-87.7438086612","POINT (-87.743808661225 41.92438093937)"
"fbe80ae6493e50ca819c7eb44afba14451c10e9248d25c04a4d7cab01a3c9021646e654b260760835ff008cd3f8d53370a0eb5157306260df580895c79314098",,"2026-03-01T17:54:00.000","30","NO CONTROLS","NO CONTROLS","CLEAR","DUSK","PARKED MOTOR VEHICLE","ONE-WAY",,"STRAIGHT AND LEVEL","DRY","NO DEFECTS","NOT ON SCENE (DESK REPORT)","NO INJURY / DRIVE AWAY",,,,"OVER $1,500","2026-03-07T11:20:00.000","UNABLE TO DETERMINE","UNABLE TO DETERMINE","2302","S","KIRKLAND AVE","1013",,,,,,,"2","NO INDICATION OF INJURY","0","0","0","0","0","1","0","17","1","3","41.8493802303","-87.7335034365","POINT (-87.733503436546 41.849380230317)"
"f8fd82653402a76f2bdc4f6627497d50e2a8c7006883ce94b5e9d3d4c01f6e08aa2f48be470b4c781abf5ad631d2281d90e6980d6e5d06ac3d3122336b147109","Y","2026-03-01T17:42:00.000","30","NO CONTROLS","NO CONTROLS","UNKNOWN","UNKNOWN","PARKED MOTOR VEHICLE","ONE-WAY",,"STRAIGHT AND LEVEL","DRY","NO DEFECTS","ON SCENE","NO INJURY / DRIVE AWAY",,,"Y","OVER $1,500","2026-03-01T17:51:00.000","UNABLE TO DETERMINE","UNABLE TO DETERMINE","412","S","WELLS ST","122",,,,,,,"2","NO INDICATION OF INJURY","0","0","0","0","0","1","0","17","1","3","41.8765126041","-87.6338323141","POINT (-87.63383231411 41.8765126041)"
"b096927f0a7c4f6282c151d0ecd136ef82d99eb96ed0537a43276216ccb76409920df2259990a8834a474bb7a08aa221978fd9cd84eaf99d21be8a1e7898bd1f",,"2026-03-01T17:41:00.000","30","NO CONTROLS","NO CONTROLS","CLEAR","DARKNESS, LIGHTED ROAD","REAR END","NOT DIVIDED",,"STRAIGHT AND LEVEL","DRY","NO DEFECTS","ON SCENE","INJURY AND / OR TOW DUE TO CRASH",,,,"$501 - $1,500","2026-03-01T17:47:00.000","FAILING TO REDUCE SPEED TO AVOID CRASH","FOLLOWING TOO CLOSELY","4401","S","KEDZIE AVE","922",,,,,,,"2","REPORTED, NOT EVIDENT","1","0","0","0","1","2","0","17","1","3","41.8134908544","-87.7040397933","POINT (-87.704039793293 41.813490854366)"
"04953674c178b7f10286ea8dc0af9e562e904aafeeb38feaef69552d2691ab2bdf078694a94adf18b5764611e0fa9690ae43a6e861244ea9d753b17f517b0513",,"2026-03-01T17:40:00.000","30","NO CONTROLS","NO CONTROLS","CLEAR","DAYLIGHT","PARKED MOTOR VEHICLE","PARKING LOT",,"STRAIGHT AND LEVEL","DRY","UNKNOWN","NOT ON SCENE (DESK REPORT)","NO INJURY / DRIVE AWAY",,,,"OVER $1,500","2026-03-02T12:43:00.000","UNABLE TO DETERMINE","UNABLE TO DETERMINE","5601","S","HARLEM AVE","811",,,,,,,"2","NO INDICATION OF INJURY","0","0","0","0","0","1","0","17","1","3","41.7900439686","-87.8013003947","POINT (-87.801300394739 41.790043968552)"
"754da6a6c7747b42f67946f7c4f26a2096fbdfcfbc9e1bc6d795a61b780066a3598015cf324502c7b7899c99691d7e3c92896307d442ce6ca2438f52aa378c0f",,"2026-03-01T17:40:00.000","20","NO CONTROLS","NO CONTROLS","CLEAR","DARKNESS, LIGHTED ROAD","PARKED MOTOR VEHICLE","ONE-WAY",,"STRAIGHT AND LEVEL","DRY","NO DEFECTS","ON SCENE","INJURY AND / OR TOW DUE TO CRASH",,,"N","OVER $1,500","2026-03-01T18:40:00.000","UNDER THE INFLUENCE OF ALCOHOL/DRUGS (USE WHEN ARREST IS EFFECTED)","NOT APPLICABLE","2622","S","AVERS AVE","1031",,,,,,,"2","NO INDICATION OF INJURY","0","0","0","0","0","1","0","17","1","3","41.8435776187","-87.7210154975","POINT (-87.721015497527 41.843577618691)"
"cff1845cca482800732dc88dfe03e97bb0e554257fd07dd52923f03d7f9c1e18e523fe82bc6272665a908dbb15d3a45fa4f2968aa3e517a0a025f98c0e519139",,"2026-03-01T17:40:00.000","30","STOP SIGN/FLASHER","FUNCTIONING PROPERLY","CLEAR","DARKNESS, LIGHTED ROAD","REAR END","ONE-WAY",,"STRAIGHT AND LEVEL","DRY","NO DEFECTS","NOT ON SCENE (DESK REPORT)","INJURY AND / OR TOW DUE TO CRASH",,,"Y","OVER $1,500","2026-03-01T18:33:00.000","FOLLOWING TOO CLOSELY","FAILING TO REDUCE SPEED TO AVOID CRASH","7658","S","BLACKSTONE AVE","411",,,,,,,"3","REPORTED, NOT EVIDENT","2","0","0","0","2","1","0","17","1","3","41.7551453318","-87.5884234355","POINT (-87.588423435499 41.755145331803)"