"crash_record_id","crash_date_est_i","crash_date","posted_speed_limit","traffic_control_device","device_condition","weather_condition","lighting_condition","first_crash_type","trafficway_type","lane_cnt","alignment","roadway_surface_cond","road_defect","report_type","crash_type","intersection_related_i","private_property_i","hit_and_run_i","damage","date_police_notified","prim_contributory_cause","sec_contributory_cause","street_no","street_direction","street_name","beat_of_occurrence","photos_taken_i","statements_taken_i","dooring_i","work_zone_i","work_zone_type","workers_present_i","num_units","most_severe_injury","injuries_total","injuries_fatal","injuries_incapacitating","injuries_non_incapacitating","injuries_reported_not_evident","injuries_no_indication","injuries_unknown","crash_hour","crash_day_of_week","crash_month","latitude","longitude","location"
"05b7abe36c7fee1f8698acda6c413a0afea27102d935b411aea0a5e7f419a66e905aaa6a5d651cba326d18f9dc97c35aef585394e2f51e7e047d7f2ca99c7c19",,"2026-03-01T17:36:00.000","30","UNKNOWN","FUNCTIONING PROPERLY","CLEAR","DUSK","SIDESWIPE SAME DIRECTION","FOUR WAY",,"STRAIGHT AND LEVEL","DRY","NO DEFECTS",,"NO INJURY / DRIVE AWAY",,,,"OVER $1,500","2026-03-01T18:13:00.000","NOT APPLICABLE","NOT APPLICABLE","50","W","IDA B WELLS DR","113",,,,,,,"2","NO INDICATION OF INJURY","0","0","0","0","0","2","0","17","1","3","41.8757346084","-87.6294391189","POINT (-87.629439118933 41.875734608374)"
"904639aae74f1ae779b96a75350215590de28dbf5a522cec93f2ba88ddc5f965656ce9943e02393769e3250d70509f2e457a5594ea2ab8801343f45f31544bf7",,"2026-03-01T17:35:00.000","10","NO CONTROLS","NO CONTROLS","CLEAR","DUSK","PARKED MOTOR VEHICLE","OTHER",,"STRAIGHT AND LEVEL","UNKNOWN","UNKNOWN","NOT ON SCENE (DESK REPORT)","NO INJURY / DRIVE AWAY",,,,"$501 - $1,500","2026-03-01T18:40:00.000","DRIVING SKILLS/KNOWLEDGE/EXPERIENCE","NOT APPLICABLE","2100","S","WENTWORTH AVE","914",,,,,,,"2","NO INDICATION OF INJURY","0","0","0","0","0","1","0","17","1","3","41.8541207417","-87.6319579225","POINT (-87.631957922462 41.854120741734)"
"aced2e83a6b7bc2e431f327e0c1d38a63b65a76d69e0e928c939e184f35fcd21dbb45d8e79167f1c57951b057fbb68ba81815bca5e95e28113e82a4383fc7e89",,"2026-03-01T17:34:00.000","30","NO CONTROLS","NO CONTROLS","CLEAR","DARKNESS, LIGHTED ROAD","REAR END","ONE-WAY",,"STRAIGHT AND LEVEL","DRY","NO DEFECTS",,"NO INJURY / DRIVE AWAY",,,,"OVER $1,500","2026-03-01T18:04:00.000","OPERATING VEHICLE IN ERRATIC, RECKLESS, CARELESS, NEGLIGENT OR AGGRESSIVE MANNER","NOT APPLICABLE","5048","S","CORNELL AVE","222",,,,,,,"2","NO INDICATION OF INJURY","0","0","0","0","0","2","0","17","1","3","41.8028311201","-87.5865925253","POINT (-87.586592525291 41.802831120071)"
"4a576e30b92ece8bae87caf29ce6c69f4b3e6ebb3f6ee7c29502824bc96f5492556279ea691d9642d12bfb05bd9a131a60bee3d701f0ba52702104a93a977142",,"2026-03-01T17:30:00.000","20","UNKNOWN","UNKNOWN","CLEAR","DAYLIGHT","PARKED MOTOR VEHICLE","NOT DIVIDED",,"STRAIGHT AND LEVEL","DRY","UNKNOWN","ON SCENE","NO INJURY / DRIVE AWAY",,,"Y","OVER $1,500","2026-03-01T17:40:00.000","IMPROPER OVERTAKING/PASSING","DRIVING SKILLS/KNOWLEDGE/EXPERIENCE","1720","N","DAMEN AVE","1434",,,,,,,"2","NO INDICATION OF INJURY","0","0","0","0","0","1","0","17","1","3","41.9129721752","-87.6776671504","POINT (-87.677667150396 41.912972175176)"
"0726a91a4c5bd83fab0ff24c4837592116789897f5daafa739cfd0d78c34adaec480014b6061589fb88790a95bbabd360acea463fd02108ff1c95ef62c0a902b",,"2026-03-01T17:25:00.000","30","TRAFFIC SIGNAL","FUNCTIONING PROPERLY","CLEAR","DAYLIGHT","PARKED MOTOR VEHICLE","DIVIDED - W/MEDIAN (NOT RAISED)",,"STRAIGHT AND LEVEL","DRY","NO DEFECTS","ON SCENE","INJURY AND / OR TOW DUE TO CRASH",,,,"OVER $1,500","2026-03-01T17:26:00.000","IMPROPER LANE USAGE","NOT APPLICABLE","2929","N","CENTRAL AVE","2514",,,,,,,"4","NONINCAPACITATING INJURY","2","0","0","2","0","0","0","17","1","3","41.9339885605","-87.7661913671","POINT (-87.766191367127 41.933988560458)"
"e7d660269dfcb7d61771093222ec9daf9d3b752f53bc15a468ee0a3b956ca9680c8aaf1f651c2d23db80260da0982881f626c07a3dc56effcf01ab1bc5c74ffe",,"2026-03-01T17:25:00.000","35","UNKNOWN","UNKNOWN","CLEAR","DAYLIGHT","ANGLE","FOUR WAY",,"STRAIGHT AND LEVEL","UNKNOWN","UNKNOWN","ON SCENE","INJURY AND / OR TOW DUE TO CRASH","Y",,,"OVER $1,500","2026-03-01T17:28:00.000","NOT APPLICABLE","UNABLE TO DETERMINE","8300","S","KEDZIE AVE","834",,,,,,,"2","NO INDICATION OF INJURY","0","0","0","0","0","2","0","17","1","3","41.7424714376","-87.7023443826","POINT (-87.702344382642 41.742471437585)"
"b62c94ebf80c734071736424792d101dee22fcb9db5e1654d6f4d807777729d8fc284678c409a8df1f027271a91b44a1eb5c3991c53db1a2c6957d46d0309638",,"2026-03-01T17:18:00.000","30","UNKNOWN","UNKNOWN","CLEAR","DARKNESS, LIGHTED ROAD","REAR END","DIVIDED - W/MEDIAN BARRIER",,"STRAIGHT AND LEVEL","DRY","UNKNOWN","ON SCENE","INJURY AND / OR TOW DUE TO CRASH",,,,"OVER $1,500","2026-03-01T17:41:00.000","UNABLE TO DETERMINE","NOT APPLICABLE","4225","W","LAWRENCE AVE","1722",,,,,,,"2","NONINCAPACITATING INJURY","1","0","0","1","0","1","0","17","1","3","41.9680651035","-87.7340530092","POINT (-87.734053009242 41.968065103473)"
"2cd719a47bfdda3d7a11fa43ff3fc8467a3d1732fccc900f69312be5c61e371dfad25c78e5495e77f11ee8b907bc72936498411b65826d3dae037af67d6a312a",,"2026-03-01T17:15:00.000","30","NO CONTROLS","NO CONTROLS","CLEAR","DAYLIGHT","TURNING","NOT DIVIDED",,"STRAIGHT AND LEVEL","DRY","NO DEFECTS","ON SCENE","NO INJURY / DRIVE AWAY","Y",,,"OVER $1,500","2026-03-01T17:18:00.000","UNABLE TO DETERMINE","NOT APPLICABLE","7030","S","ASHLAND AVE","735",,,,,,,"2","NO INDICATION OF INJURY","0","0","0","0","0","2","0","17","1","3","41.7657907704","-87.6639668865","POINT (-87.663966886455 41.765790770432)"
"ddc6288803de356e90c421a8e1124fd40b9f4d5b28137f3912934b2678b0a6bf740bc9e15ef91156d115700482bdd907ed8dbaa9db675b417ae5f4c4ad3e6c2c",,"2026-03-01T17:10:00.000","30","UNKNOWN","UNKNOWN","UNKNOWN","UNKNOWN","PARKED MOTOR VEHICLE","NOT DIVIDED",,"STRAIGHT AND LEVEL","UNKNOWN","UNKNOWN","NOT ON SCENE (DESK REPORT)","NO INJURY / DRIVE AWAY",,,,"OVER $1,500","2026-03-01T17:10:00.000","UNABLE TO DETERMINE","UNABLE TO DETERMINE","3434","N","BROADWAY","1925",,,,,,,"2","NO INDICATION OF INJURY","0","0","0","0","0","3","0","17","1","3","41.944175149","-87.6454931458","POINT (-87.645493145774 41.944175149045)"
"6b0469774d499f1049becb2792ba46fd3c80b7e9480d126c0e577773ded15aa51cc82d611a5150271e5bc88e77bedf5e2770d9c7c59c6754913c06da7c7ea819",,"2026-03-01T17:07:00.000","30","TRAFFIC SIGNAL","FUNCTIONING PROPERLY","CLEAR","DAYLIGHT","SIDESWIPE SAME DIRECTION","NOT DIVIDED",,"STRAIGHT AND LEVEL","DRY","NO DEFECTS","NOT ON SCENE (DESK REPORT)","NO INJURY / DRIVE AWAY","Y",,,"OVER $1,500","2026-03-01T17:40:00.000","FAILING TO YIELD RIGHT-OF-WAY","DRIVING SKILLS/KNOWLEDGE/EXPERIENCE","355","W","BELMONT AVE","1934",,,,,,,"2","NO INDICATION OF INJURY","0","0","0","0","0","2","0","17","1","3","41.9400492914","-87.6392988584","POINT (-87.639298858358 41.940049291442)"
"a53c99d1de904f00e9170626324f955a2b4cf80af251c47dc9712d3dbe56b1c1472ac0070036794fca3bfff25845d205e74f3ea4dd16f7cad5a86f2c89af5d33",,"2026-03-01T17:05:00.000","30","TRAFFIC SIGNAL","FUNCTIONING PROPERLY","CLEAR","DAYLIGHT","TURNING","NOT DIVIDED",,"STRAIGHT AND LEVEL","DRY","NO DEFECTS","NOT ON SCENE (DESK REPORT)","INJURY AND / OR TOW DUE TO CRASH","Y",,,"OVER $1,500","2026-03-01T17:35:00.000","IMPROPER OVERTAKING/PASSING","IMPROPER LANE USAGE","749","S","CICERO AVE","1131",,,,,,,"2","REPORTED, NOT EVIDENT","2","0","0","0","2","1","0","17","1","3","41.8708260144","-87.7447676388","POINT (-87.744767638847 41.870826014449)"
"5222445ca393bb4d8e0864c09a7c4104286c9fbd69bb043b4a3b87dba66ca1001744e2d0be3691acdcd9a87d2b993f8d679b774fb32cd8435c14e095861212dc",,"2026-03-01T17:00:00.000","30","NO CONTROLS","NO CONTROLS","CLEAR","DAYLIGHT","SIDESWIPE SAME DIRECTION","ONE-WAY",,"STRAIGHT AND LEVEL","DRY","NO DEFECTS","NOT ON SCENE (DESK REPORT)","NO INJURY / DRIVE AWAY",,,,"$501 - $1,500","2026-03-01T18:05:00.000","NOT APPLICABLE","IMPROPER LANE USAGE","1318","S","KILDARE AVE","1011",,,,,,,"2","NO INDICATION OF INJURY","0","0","0","0","0","2","0","17","1","3","41.8636380792","-87.7325835462","POINT (-87.732583546183 41.863638079235)"
"5ed584ece44b06f5a8cab5eb2ecb3fac6d485c59dd1215ceaee8c086156cb32a57683eaf5131d6f1a8183e321ad173976310a178f39e274a81a3028a45518fae",,"2026-03-01T17:00:00.000","10","NO CONTROLS","NO CONTROLS","CLEAR","DAYLIGHT","HEAD ON","NOT DIVIDED",,"CURVE, LEVEL","DRY","NO DEFECTS","NOT ON SCENE (DESK REPORT)","NO INJURY / DRIVE AWAY",,"Y",,"OVER $1,500","2026-03-01T17:10:00.000","DRIVING SKILLS/KNOWLEDGE/EXPERIENCE","NOT APPLICABLE","1000","S","MICHIGAN AVE","123",,,,,,,"2","NO INDICATION OF INJURY","0","0","0","0","0","2","0","17","1","3","41.8698775917","-87.6242686987","POINT (-87.624268698672 41.86987759175)"
"e2ec30d892db5954c91a9032f2f04cc388831f0cca621807682c7d6a32a5c83fc31632d001fec594411f9e29a8539f7ca3e79dde631d5b02f7c28f98f0edc3ce",,"2026-03-01T17:00:00.000","30","NO CONTROLS","NO CONTROLS","CLEAR","DAYLIGHT","PARKED MOTOR VEHICLE","NOT DIVIDED",,"STRAIGHT AND LEVEL","DRY","NO DEFECTS","NOT ON SCENE (DESK REPORT)","NO INJURY / DRIVE AWAY",,,,"OVER $1,500","2026-03-02T18:40:00.000","UNABLE TO DETERMINE","UNABLE TO DETERMINE","547","W","40TH PL","925",,,,,,,"2","NO INDICATION OF INJURY","0","0","0","0","0","1","0","17","1","3","41.8206687686","-87.6404097329","POINT (-87.640409732862 41.820668768619)"
"c2887c456968c0bacebc6261c59c59368d17485b67f07f3c7bc76cbd21ce3d585e7092156769e989e92d9535964ae00df72ab325e42e44859febb90c816b349a",,"2026-03-01T16:56:00.000","30","TRAFFIC SIGNAL","FUNCTIONING PROPERLY","CLEAR","DAYLIGHT","TURNING","NOT DIVIDED",,"STRAIGHT AND LEVEL","UNKNOWN","UNKNOWN","NOT ON SCENE (DESK REPORT)","NO INJURY / DRIVE AWAY",,,,"OVER $1,500","2026-03-01T17:20:00.000","DRIVING SKILLS/KNOWLEDGE/EXPERIENCE","NOT APPLICABLE","5400","S","WESTERN BLVD","923",,,,,,,"2","NO INDICATION OF INJURY","0","0","0","0","0","4","0","16","1","3","41.7955489055","-87.6836656221","POINT (-87.683665622076 41.795548905521)"
"66336e231e83db5fdfda13b00d1ab15ae4d93fb556c21f4e731d515b8648a96567ac7c1be71a7c689154b7218c6e10fcd201242f1704890c7adac9fc5bff7645",,"2026-03-01T16:50:00.000","35","NO CONTROLS","NO CONTROLS","CLEAR","DAYLIGHT","REAR END","NOT DIVIDED",,"STRAIGHT AND LEVEL","DRY","NO DEFECTS","ON SCENE","NO INJURY / DRIVE AWAY",,,,"OVER $1,500","2026-03-01T16:58:00.000","FOLLOWING TOO CLOSELY","UNABLE TO DETERMINE","9927","S","LONGWOOD DR","2213",,,,,,,"2","NO INDICATION OF INJURY","0","0","0","0","0","2","0","16","1","3","41.7130402546","-87.6687644606","POINT (-87.668764460589 41.713040254644)"
"5b940b8c25d8b0231b85b099a57918fa96d05781de2560366c4818a5c3f12b9ff3ef7a6b1427ba863ff154f75002ef8cb02dc8e1a329b4e8a63f408696a4d2b7",,"2026-03-01T16:48:00.000","30","NO CONTROLS","NO CONTROLS","CLEAR","DAYLIGHT","PARKED MOTOR VEHICLE","DIVIDED - W/MEDIAN (NOT RAISED)",,"STRAIGHT AND LEVEL","DRY","NO DEFECTS","ON SCENE","NO INJURY / DRIVE AWAY",,,"Y","OVER $1,500","2026-03-01T17:06:00.000","DRIVING SKILLS/KNOWLEDGE/EXPERIENCE","UNABLE TO DETERMINE","1043","W","GRANVILLE AVE","2433",,,,,,,"2","NO INDICATION OF INJURY","0","0","0","0","0","1","0","16","1","3","41.9944802912","-87.6572579851","POINT (-87.657257985072 41.994480291168)"
"82cffe52cc19ee2c12e793bf003a080c1d3ca42b5b71ae15e2fdfba2987972163fde82ea88dc1e69bb37f538df63a315ebc2ae6f99ef10d77cd471e89bbe301b",,"2026-03-01T16:48:00.000","30","NO CONTROLS","NO CONTROLS","CLEAR","DAYLIGHT","TURNING","NOT DIVIDED",,"STRAIGHT AND LEVEL","DRY","NO DEFECTS","ON SCENE","NO INJURY / DRIVE AWAY",,,"Y","OVER $1,500","2026-03-01T16:55:00.000","IMPROPER TURNING/NO SIGNAL","FAILING TO YIELD RIGHT-OF-WAY","2613","N","SHEFFIELD AVE","1935",,,,,,,"2","NO INDICATION OF INJURY","0","0","0","0","0","4","0","16","1","3","41.9294396604","-87.6536024419","POINT (-87.653602441927 41.92943966039)"
"4784ca96ca814a1d038a53d68e46c1a1c49ee396f887bc059c0e788264cbc598351f14577ea4a045daeee629fb0036ac2de62f34b550ef102c239099e0103b37",,"2026-03-01T16:46:00.000","35","NO CONTROLS","NO CONTROLS","CLEAR","DAYLIGHT","SIDESWIPE SAME DIRECTION","DIVIDED - W/MEDIAN (NOT RAISED)",,"STRAIGHT AND LEVEL","DRY","UNKNOWN","ON SCENE","NO INJURY / DRIVE AWAY",,,"Y","OVER $1,500","2026-03-01T16:56:00.000","IMPROPER LANE USAGE","NOT APPLICABLE","1638","N","CLARK ST","1814",,,,,,,"2","NO INDICATION OF INJURY","0","0","0","0","0","2","0","16","1","3","41.9122655624","-87.6324594004","POINT (-87.632459400384 41.912265562365)"
"48f50d5289d945899ea06b9c8913bbc0460a792abb51c00980e56c9e94e1214f4b7ef0aac43068c31f9f3d12c8789b14376cc345d5595264356284377bcb285d",,"2026-03-01T16:40:00.000","25","NO CONTROLS","NO CONTROLS","CLEAR","DUSK","PARKED MOTOR VEHICLE","NOT DIVIDED",,"STRAIGHT AND LEVEL","DRY","UNKNOWN","NOT ON SCENE (DESK REPORT)","NO INJURY / DRIVE AWAY",,,"Y","OVER $1,500","2026-03-02T12:42:00.000","UNABLE TO DETERMINE","UNABLE TO DETERMINE","11201","S","LANGLEY AVE","531",,,,,,,"2","NO INDICATION OF INJURY","0","0","0","0","0","1","0","16","1","3","41.6909160986","-87.6058140077","POINT (-87.605814007722 41.690916098625)"
"28a59077024e0452c2ff07d3a09d211d259aafecd02630f3a4600c28d977e00f690642f3e0405fe94a43785ce1b89a23439537450e1b72b1b60da4f6befb348a",,"2026-03-01T16:30:00.000","30","NO CONTROLS","NO CONTROLS","CLEAR","DAYLIGHT","SIDESWIPE SAME DIRECTION","DIVIDED - W/MEDIAN (NOT RAISED)",,"STRAIGHT AND LEVEL","DRY","NO DEFECTS","NOT ON SCENE (DESK REPORT)","NO INJURY / DRIVE AWAY",,,,"OVER $1,500","2026-03-02T08:30:00.000","FAILING TO YIELD RIGHT-OF-WAY","NOT APPLICABLE","3927","W","LAWRENCE AVE","1723",,,,,,,"2","NO INDICATION OF INJURY","0","0","0","0","0","3","0","16","1","3","41.9681446145","-87.7267513842","POINT (-87.726751384218 41.96814461455)"
"6249654a8e25e2f9e87f838cc56b8cfe94a1145b8b0e3fc6c2f652aff33cdd3df47e3246150c5f3bf2ee92ce53c423fbccab0a3cb647c835eaf0532f746b5c46",,"2026-03-01T16:30:00.000","35","NO CONTROLS","NO CONTROLS","CLOUDY/OVERCAST","DAYLIGHT","SIDESWIPE SAME DIRECTION","NOT DIVIDED",,"STRAIGHT AND LEVEL","DRY","NO DEFECTS","ON SCENE","NO INJURY / DRIVE AWAY",,,"Y","OVER $1,500","2026-03-07T11:50:00.000","UNABLE TO DETERMINE","UNABLE TO DETERMINE","3310","W","ADDISON ST","1733",,,,,,,"3","NO INDICATION OF INJURY","0","0","0","0","0","3","0","16","1","3","41.9467004409","-87.7108635816","POINT (-87.710863581633 41.946700440917)"
"a3eeddffc04b74a7423c36ff750eeaa099fc819f9ade7b6305fba4969e25b530e7837b9d16090d6bddd1964c753aca755d4f249eaee5b40f93874b390425affd",,"2026-03-01T16:30:00.000","30","NO CONTROLS","NO CONTROLS","CLEAR","DAYLIGHT","ANGLE","NOT DIVIDED",,"STRAIGHT AND LEVEL","DRY","NO DEFECTS","NOT ON SCENE (DESK REPORT)","NO INJURY / DRIVE AWAY","Y",,,"OVER $1,500","2026-03-01T18:39:00.000","UNABLE TO DETERMINE","UNABLE TO DETERMINE","4801","N","SPRINGFIELD AVE","1712",,,,,,,"2","NO INDICATION OF INJURY","0","0","0","0","0","2","0","16","1","3","41.968292447","-87.725450701","POINT (-87.725450700989 41.968292447016)"
"e0b07e6d5038d7991b2ad799e20d13c941bf99f34ee764861c6601cb475612f18c5175a2c83b0c320033d3af0a28a429c8fb8e7017ccc155521a9c0e133b97a9",,"2026-03-01T16:25:00.000","30","NO CONTROLS","NO CONTROLS","CLEAR","DAYLIGHT","REAR END","OTHER",,"STRAIGHT AND LEVEL","DRY","UNKNOWN","ON SCENE","INJURY AND / OR TOW DUE TO CRASH",,,,"$501 - $1,500","2026-03-01T16:27:00.000","UNABLE TO DETERMINE","UNABLE TO DETERMINE","9","S","PULASKI RD","1122",,,,,,,"2","NONINCAPACITATING INJURY","4","0","0","4","0","0","0","16","1","3","41.8804146122","-87.7255142858","POINT (-87.72551428582 41.880414612157)"
"9f5dd4f411801d71e14c01d99af777f54783c51f58d680f6d3b9a279d1daa009525a64135e2e2cbbf5814b7ddb4833313c2118b9bbdaf3a9a993bd2316263978",,"2026-03-01T16:22:00.000","30","NO CONTROLS","NO CONTROLS","CLOUDY/OVERCAST","DAYLIGHT","SIDESWIPE SAME DIRECTION","DIVIDED - W/MEDIAN (NOT RAISED)",,"STRAIGHT AND LEVEL","UNKNOWN","UNKNOWN","NOT ON SCENE (DESK REPORT)","NO INJURY / DRIVE AWAY",,,,"OVER $1,500","2026-03-01T17:40:00.000","IMPROPER OVERTAKING/PASSING","FAILING TO REDUCE SPEED TO AVOID CRASH","880","N","MILWAUKEE AVE","1213",,,,,,,"2","NO INDICATION OF INJURY","0","0","0","0","0","2","0","16","1","3","41.8978563615","-87.6581396399","POINT (-87.658139639912 41.89785636148)"
"c91a80218964b3e4a10a87ce0f1bf0c32a3ab2987472f4fd33db05b706366ddd231e271c5c844721f8d2b635e94eceb6183074c93e6c140087f33d0a4eb740e4",,"2026-03-01T16:22:00.000","30","NO CONTROLS","NO CONTROLS","CLEAR","DAYLIGHT","PARKED MOTOR VEHICLE","ONE-WAY",,"STRAIGHT AND LEVEL","DRY","NO DEFECTS","ON SCENE","NO INJURY / DRIVE AWAY",,,"Y","OVER $1,500","2026-03-02T10:13:00.000","IMPROPER BACKING","UNABLE TO DETERMINE","4624","S","HONORE ST","924",,,,,,,"2","NO INDICATION OF INJURY","0","0","0","0","0","1","0","16","1","3","41.8095959367","-87.6712226179","POINT (-87.671222617899 41.809595936721)"
"f316aa34641b1dec1baa556aa58760d241b00cae7479cb6f8d319c028a04a7a0fd8b87c495761e470f322f09d71c810245d2ab81157f014c5ffaf9b9d88980fc",,"2026-03-01T16:22:00.000","30","TRAFFIC SIGNAL","FUNCTIONING PROPERLY","CLEAR","DUSK","PARKED MOTOR VEHICLE","DIVIDED - W/MEDIAN (NOT RAISED)",,"STRAIGHT AND LEVEL","DRY","NO DEFECTS","NOT ON SCENE (DESK REPORT)","NO INJURY / DRIVE AWAY",,,"Y","OVER $1,500","2026-03-01T16:55:00.000","UNABLE TO DETERMINE","UNABLE TO DETERMINE","3","S","AUSTIN BLVD","1513",,,,,,,"2","NO INDICATION OF INJURY","0","0","0","0","0","2","0","16","1","3","41.8799695009","-87.7745048552","POINT (-87.774504855153 41.879969500892)"
"2e3e0493450942c6e32d777ecb26ac46fa7e7a35aa3e7336cc93b8dcc19f325d252587736cd52ec4e101492552eed3d1c6fd09ff040a1b58d03603bd0ccea6b9",,"2026-03-01T16:20:00.000","30","NO CONTROLS","NO CONTROLS","CLEAR","DAYLIGHT","PARKED MOTOR VEHICLE","ONE-WAY",,"STRAIGHT AND LEVEL","DRY","NO DEFECTS","NOT ON SCENE (DESK REPORT)","NO INJURY / DRIVE AWAY",,,,"$501 - $1,500","2026-03-01T17:00:00.000","UNABLE TO DETERMINE","NOT APPLICABLE","1065","W","BALMORAL AVE","2023",,,,,,,"2","NO INDICATION OF INJURY","0","0","0","0","0","1","0","16","1","3","41.9798977772","-87.6576972577","POINT (-87.657697257694 41.979897777166)"
"4f7e8dee3aa541776f571cf790d265974b216c40a7b73c671973923884a4956b16b4ab2e41d85274c42dceaa7ac2d43e0a35c7698ee7af73ce7d24b880596841",,"2026-03-01T16:10:00.000","30","NO CONTROLS","NO CONTROLS","CLEAR","DAYLIGHT","SIDESWIPE SAME DIRECTION","DIVIDED - W/MEDIAN (NOT RAISED)",,"STRAIGHT AND LEVEL","DRY","NO DEFECTS","NOT ON SCENE (DESK REPORT)","NO INJURY / DRIVE AWAY",,,,"$501 - $1,500","2026-03-01T16:30:00.000","UNABLE TO DETERMINE","UNABLE TO DETERMINE","6349","N","CLARK ST","2433",,,,,,,"2","NO INDICATION OF INJURY","0","0","0","0","0","2","0","16","1","3","41.9976662626","-87.6703350155","POINT (-87.670335015503 41.997666262611)"
"8da2ff44cdd3792171e7bd4616033502b24f48064d062b1ecfaa2c1645936b65c3a3a5448e4ca5bc79e1343be0aa4e2c587b3457f42a5b0e6301074fe21e1ab1",,"2026-03-01T16:10:00.000","30","NO CONTROLS","NO CONTROLS","CLEAR","DAYLIGHT","SIDESWIPE SAME DIRECTION","ONE-WAY",,"STRAIGHT AND LEVEL","UNKNOWN","UNKNOWN","ON SCENE","INJURY AND / OR TOW DUE TO CRASH","Y",,,"OVER $1,500","2026-03-01T16:44:00.000","IMPROPER OVERTAKING/PASSING","FAILING TO YIELD RIGHT-OF-WAY","2000","N","CLYBOURN AVE","1811",,,,,,,"2","NO INDICATION OF INJURY","0","0","0","0","0","2","0","16","1","3","41.9175817916","-87.6590228977","POINT (-87.659022897666 41.917581791564)"
"5409aec303cb7e355dc18fd1736ec1ceafcdc49ac873e35ae91aa7e20f749502d4a0326cf0d6f05888e9201508482e873771c394c5ca67e07246267d1ac2f28c",,"2026-03-01T16:00:00.000","25","NO CONTROLS","NO CONTROLS","CLEAR","DAYLIGHT","PARKED MOTOR VEHICLE","ONE-WAY",,"STRAIGHT AND LEVEL","DRY","NO DEFECTS","NOT ON SCENE (DESK REPORT)","NO INJURY / DRIVE AWAY",,,,"OVER $1,500","2026-03-02T11:20:00.000","UNABLE TO DETERMINE","NOT APPLICABLE","845","E","88TH ST","632",,,,,,,"2","NO INDICATION OF INJURY","0","0","0","0","0","1","0","16","1","3","41.7347408216","-87.6029614655","POINT (-87.602961465467 41.734740821603)"
"eb9022f69b5bdcadd34d8a0f7dd72387bc280f9bf34a18c2c716e6e71258a55ba48677077825d83969782f4c7915eac7bc12a3748f0b2cee29f7875bf765733a","Y","2026-03-01T16:00:00.000","30","NO CONTROLS","NO CONTROLS","CLEAR","DAYLIGHT","PARKED MOTOR VEHICLE","NOT DIVIDED",,"STRAIGHT AND LEVEL","DRY","NO DEFECTS","ON SCENE","INJURY AND / OR TOW DUE TO CRASH",,,"Y","OVER $1,500","2026-03-01T16:20:00.000","UNABLE TO DETERMINE","NOT APPLICABLE","898","E","46TH ST","221",,,,,,,"2","NO INDICATION OF INJURY","0","0","0","0","0","1","0","16","1","3","41.811490672","-87.6045244569","POINT (-87.604524456866 41.811490671971)"
"343bd3c17c478aa3c22c11dad4307e3e64d0b3682c8f488fe8ce37bb4abd1738bbf0784bb8a0b14f29090d65904feb3ee01e8e9d9782a6b566347d1bb782e93e","Y","2026-03-01T15:45:00.000","30","TRAFFIC SIGNAL","FUNCTIONING PROPERLY","CLEAR","DAYLIGHT","REAR END","DIVIDED - W/MEDIAN (NOT RAISED)",,"STRAIGHT AND LEVEL","DRY","NO DEFECTS","ON SCENE","NO INJURY / DRIVE AWAY",,,"Y","$500 OR LESS","2026-03-01T15:50:00.000","FAILING TO REDUCE SPEED TO AVOID CRASH","FAILING TO REDUCE SPEED TO AVOID CRASH","3101","S","ARCHER AVE","912",,,,,,,"2","NO INDICATION OF INJURY","0","0","0","0","0","2","0","15","1","3","41.8375618313","-87.6657100899","POINT (-87.665710089902 41.83756183133)"
"4b99fe527ac811a077ed876ee214498b6928292fcc920e855de92605b308a612fe8cf300caabda1a4bcc8b4a3c44dc71fe1585c4b3a7df97fc58aeea4615a656",,"2026-03-01T15:41:00.000","30","TRAFFIC SIGNAL","UNKNOWN","CLEAR","DAYLIGHT","PEDALCYCLIST","UNKNOWN",,"STRAIGHT AND LEVEL","DRY","UNKNOWN","ON SCENE","INJURY AND / OR TOW DUE TO CRASH",,,"Y","$500 OR LESS","2026-03-01T15:43:00.000","DRIVING SKILLS/KNOWLEDGE/EXPERIENCE","NOT APPLICABLE","4700","S","PRINCETON AVE","935",,,,,,,"2","REPORTED, NOT EVIDENT","1","0","0","0","1","1","0","15","1","3","41.8089773182","-87.6335134645","POINT (-87.633513464501 41.808977318162)"
"d0a948c8a6d614f04ec2670956da3f0f32c71889981a6787f0e68f3f4778843618bafc30b567b592e80ce13a71b8feaf30011fc4971c3418a67d970ecb30e012",,"2026-03-01T15:40:00.000","30","UNKNOWN","UNKNOWN","UNKNOWN","UNKNOWN","REAR END","NOT DIVIDED",,"STRAIGHT AND LEVEL","UNKNOWN","UNKNOWN","NOT ON SCENE (DESK REPORT)","INJURY AND / OR TOW DUE TO CRASH",,,,"OVER $1,500","2026-03-01T16:30:00.000","NOT APPLICABLE","NOT APPLICABLE","4736","W","DIVERSEY AVE","2521",,,,,,,"2","REPORTED, NOT EVIDENT","1","0","0","0","1","3","0","15","1","3","41.9316556889","-87.7456415358","POINT (-87.745641535848 41.931655688869)"
"ecbb90fd8ded25c3e19b0f4f4cc96dca4257abc212adf98df64a06c48f864d39bb0c67c22aeed92818177ae4f1287dafce94c249c373d91cdcb64429457d7d66",,"2026-03-01T15:30:00.000","30","NO CONTROLS","NO CONTROLS","CLEAR","DAYLIGHT","REAR END","NOT DIVIDED",,"STRAIGHT AND LEVEL","DRY","NO DEFECTS",,"NO INJURY / DRIVE AWAY",,,,"OVER $1,500","2026-03-01T17:55:00.000","FOLLOWING TOO CLOSELY","NOT APPLICABLE","5801","S","PULASKI RD","822",,,,,,,"2","NO INDICATION OF INJURY","0","0","0","0","0","3","0","15","1","3","41.7877124917","-87.7228613648","POINT (-87.722861364763 41.787712491739)"