"crash_record_id","crash_date_est_i","crash_date","posted_speed_limit","traffic_control_device","device_condition","weather_condition","lighting_condition","first_crash_type","trafficway_type","lane_cnt","alignment","roadway_surface_cond","road_defect","report_type","crash_type","intersection_related_i","private_property_i","hit_and_run_i","damage","date_police_notified","prim_contributory_cause","sec_contributory_cause","street_no","street_direction","street_name","beat_of_occurrence","photos_taken_i","statements_taken_i","dooring_i","work_zone_i","work_zone_type","workers_present_i","num_units","most_severe_injury","injuries_total","injuries_fatal","injuries_incapacitating","injuries_non_incapacitating","injuries_reported_not_evident","injuries_no_indication","injuries_unknown","crash_hour","crash_day_of_week","crash_month","latitude","longitude","location"
"44476625bb6b6555e8975c7dcfe2612bdd7e2635e84ca32dd0909b73e260ec347f13f2527fc5d52a2ab2583d019754409bff71c2e4643bf3783ee782a44eb165",,"2026-03-01T15:27:00.000","30","NO CONTROLS","NO CONTROLS","CLEAR","DAYLIGHT","SIDESWIPE SAME DIRECTION","NOT DIVIDED",,"STRAIGHT AND LEVEL","DRY","NO DEFECTS","NOT ON SCENE (DESK REPORT)","NO INJURY / DRIVE AWAY","N",,"Y","$501 - $1,500","2026-03-01T15:45:00.000","UNABLE TO DETERMINE","UNABLE TO DETERMINE","2131","S","ASHLAND AVE","1235",,,,,,,"2","NO INDICATION OF INJURY","0","0","0","0","0","3","0","15","1","3","41.8533465332","-87.6658868781","POINT (-87.665886878053 41.85334653321)"
"dc5f2c749bed1229a0b97b2b0e103d52c24593690b8d29d1b50253ea8bb199ed90ec4cb75de7c3f6d2891fffe481c7b2f93ff41c4bcc184b395482f7c08ee321",,"2026-03-01T15:20:00.000","5","NO CONTROLS","NO CONTROLS","CLEAR","DAYLIGHT","FIXED OBJECT","PARKING LOT",,"STRAIGHT AND LEVEL","DRY","NO DEFECTS","ON SCENE","NO INJURY / DRIVE AWAY",,,,"OVER $1,500","2026-03-01T15:20:00.000","DRIVING SKILLS/KNOWLEDGE/EXPERIENCE","DRIVING SKILLS/KNOWLEDGE/EXPERIENCE","1337","W","FULLERTON AVE","1811",,,,,,,"1","NO INDICATION OF INJURY","0","0","0","0","0","1","0","15","1","3","41.9251276854","-87.6620406708","POINT (-87.662040670832 41.925127685393)"
"0c3d03f7e1a25712b68cff1c3c8b799559a47557304924df2d5eba6bc1e3804f18f15d5eefe67676441414e48fa24b9a57204ac242e44b1ea76f7897d1884b30",,"2026-03-01T15:15:00.000","20","STOP SIGN/FLASHER","FUNCTIONING PROPERLY","CLEAR","DAYLIGHT","PARKED MOTOR VEHICLE","NOT DIVIDED",,"STRAIGHT AND LEVEL","DRY","NO DEFECTS","ON SCENE","NO INJURY / DRIVE AWAY",,,,"OVER $1,500","2026-03-01T15:16:00.000","UNABLE TO DETERMINE","UNABLE TO DETERMINE","726","W","WRIGHTWOOD AVE","1935",,,,,,,"2","NO INDICATION OF INJURY","0","0","0","0","0","1","0","15","1","3","41.9292041598","-87.6476060077","POINT (-87.647606007742 41.929204159774)"
"c3eca1f776fb55a6bbc16ae8955e8dc767b3dcc599d1f51fa219b1222897d093c99dfb35e2309e9d4d44e085440ace19d390eea4c59d27fd27772fe50dd99863",,"2026-03-01T15:15:00.000","30","NO CONTROLS","NO CONTROLS","CLEAR","DAYLIGHT","PARKED MOTOR VEHICLE","NOT DIVIDED",,"STRAIGHT AND LEVEL","DRY","NO DEFECTS","ON SCENE","NO INJURY / DRIVE AWAY",,,"Y","OVER $1,500","2026-03-01T15:36:00.000","IMPROPER BACKING","UNABLE TO DETERMINE","833","E","44TH ST","221",,,,,,,"2","NO INDICATION OF INJURY","0","0","0","0","0","1","0","15","1","3","41.8148996496","-87.6053070009","POINT (-87.605307000938 41.814899649552)"
"a5e7218174d445bf1988a0170e9fb4818bda739ea9505a294f84121e9d01179fb8e19677fb4e0713b035c6c08da9e91d4a37aa3327f2e05f0b99314a58fb5820",,"2026-03-01T15:01:00.000","30","NO CONTROLS","NO CONTROLS","CLEAR","DAYLIGHT","REAR END","NOT DIVIDED",,"STRAIGHT AND LEVEL","DRY","NO DEFECTS","ON SCENE","INJURY AND / OR TOW DUE TO CRASH",,,"Y","OVER $1,500","2026-03-01T15:16:00.000","IMPROPER OVERTAKING/PASSING","RELATED TO BUS STOP","3259","W","LAWRENCE AVE","1713",,,,,,,"2","NO INDICATION OF INJURY","0","0","0","0","0","2","0","15","1","3","41.9683202132","-87.7108577488","POINT (-87.710857748796 41.968320213185)"
"0e3169d5da87a9b020195df80e3af76539cfd36a4969cc7119b16d358f1d35cc39f435d192f440c175ae2e6ce8dab0d121ee2abc922aa62f3a089f73fe22f4f8",,"2026-03-01T15:00:00.000","30","TRAFFIC SIGNAL","FUNCTIONING PROPERLY","CLEAR","DAYLIGHT","SIDESWIPE SAME DIRECTION","NOT DIVIDED",,"STRAIGHT AND LEVEL","DRY","NO DEFECTS","NOT ON SCENE (DESK REPORT)","NO INJURY / DRIVE AWAY",,,"Y","OVER $1,500","2026-03-01T17:20:00.000","IMPROPER LANE USAGE","UNABLE TO DETERMINE","8258","S","COTTAGE GROVE AVE","631",,,,,,,"2","NO INDICATION OF INJURY","0","0","0","0","0","2","0","15","1","3","41.7440581207","-87.6051829924","POINT (-87.605182992393 41.744058120721)"
"317f54c64a77f856c142cb6b2cc2e93881ab6fbf0e297d612a711ee431b5d765fa2c9fa57f280434b2d1211768f170dc34e44b3e452fc5ddbdadc891ebf3bdbf","Y","2026-03-01T15:00:00.000","30","NO CONTROLS","NO CONTROLS","CLEAR","UNKNOWN","PARKED MOTOR VEHICLE","NOT DIVIDED",,"STRAIGHT AND LEVEL","DRY","NO DEFECTS","ON SCENE","INJURY AND / OR TOW DUE TO CRASH",,,"Y","$501 - $1,500","2026-03-02T23:38:00.000","UNABLE TO DETERMINE","UNABLE TO DETERMINE","1943","W","GREENLEAF AVE","2424","N",,,,,,"4","NO INDICATION OF INJURY","0","0","0","0","0","1","0","15","1","3","42.0099914882","-87.6798421906","POINT (-87.679842190565 42.009991488158)"
"5e84d48155183559576984cd82dd12f66eeecd1dd5f9053b8fa6651a0d8840ecf7617b1e61d14effe9986275f7491f03541c60791f95faf85a5c9002802178b5","Y","2026-03-01T15:00:00.000","25","UNKNOWN","UNKNOWN","CLEAR","DAYLIGHT","REAR TO FRONT","NOT DIVIDED",,"STRAIGHT AND LEVEL","UNKNOWN","UNKNOWN","NOT ON SCENE (DESK REPORT)","NO INJURY / DRIVE AWAY",,,,"OVER $1,500","2026-03-01T15:05:00.000","UNABLE TO DETERMINE","UNABLE TO DETERMINE","5001","N","HARLEM AVE","1613",,,,,,,"2","NO INDICATION OF INJURY","0","0","0","0","0","2","0","15","1","3","41.9719263967","-87.8069406831","POINT (-87.806940683122 41.971926396737)"
"a57e69bd4676b383c6ac34aaeb4430d2c7435d66cd2fab0dde8868c885fb35867fcb610409a4f2318dd5a6380b06fa3a42b287d4c9ed31701a8a91b79b98234d",,"2026-03-01T15:00:00.000","20","NO CONTROLS","NO CONTROLS","CLEAR","DAYLIGHT","ANGLE","NOT DIVIDED",,"STRAIGHT AND LEVEL","DRY","NO DEFECTS","NOT ON SCENE (DESK REPORT)","NO INJURY / DRIVE AWAY",,,,"OVER $1,500","2026-03-01T16:00:00.000","FAILING TO YIELD RIGHT-OF-WAY","UNABLE TO DETERMINE","4930","N","KIMBALL AVE","1712",,,,,,,"2","NO INDICATION OF INJURY","0","0","0","0","0","2","0","15","1","3","41.9710770237","-87.7135856732","POINT (-87.713585673231 41.971077023731)"
"b57a3820ee0c93234d03ceb5a21acb314fe7c57f3063aa0eb664b214eeff70fb60f228e7d5d5844c6da62846f0aff61c789148672a0efd8a9534458c463fd586",,"2026-03-01T15:00:00.000","30","NO CONTROLS","NO CONTROLS","CLEAR","DAYLIGHT","ANGLE","ONE-WAY",,"STRAIGHT AND LEVEL","DRY","NO DEFECTS","NOT ON SCENE (DESK REPORT)","NO INJURY / DRIVE AWAY",,,,"OVER $1,500","2026-03-01T18:00:00.000","UNABLE TO DETERMINE","NOT APPLICABLE","1555","N","TRIPP AVE","2534",,,,,,,"2","NO INDICATION OF INJURY","0","0","0","0","0","2","0","15","1","3","41.9093702945","-87.7324898531","POINT (-87.732489853082 41.909370294498)"
"bcad7969f6f0501552f0da6b1f795687a9d3fc7fdc2c0e06bddebd18f0d8b263390048b31932f873d1db7419452a4c9fc4cfcaee7bd9fe5a184aa38cc704ac8b",,"2026-03-01T15:00:00.000","30","NO CONTROLS","NO CONTROLS","CLEAR","DAYLIGHT","REAR END","NOT DIVIDED",,"STRAIGHT AND LEVEL","DRY","NO DEFECTS","NOT ON SCENE (DESK REPORT)","NO INJURY / DRIVE AWAY",,,,"OVER $1,500","2026-03-01T15:22:00.000","FAILING TO YIELD RIGHT-OF-WAY","FAILING TO YIELD RIGHT-OF-WAY","3701","S","WESTERN BLVD","912",,,,,,,"2","NO INDICATION OF INJURY","0","0","0","0","0","2","0","15","1","3","41.8262108164","-87.6841998879","POINT (-87.684199887907 41.826210816385)"
"a6453e2c73cf40d9f1d4a06f9de8cef39cf7d2e7a26badb338ff7a991f32ce87cd8a62e889916ae3db0a16307c34cb6e0778256bebead881186ad6959da42694",,"2026-03-01T14:59:00.000","30","UNKNOWN","UNKNOWN","UNKNOWN","UNKNOWN","ANGLE","UNKNOWN",,"STRAIGHT AND LEVEL","UNKNOWN","UNKNOWN","ON SCENE","INJURY AND / OR TOW DUE TO CRASH",,,"Y","$500 OR LESS","2026-03-01T15:00:00.000","UNABLE TO DETERMINE","NOT APPLICABLE","8300","S","COTTAGE GROVE AVE","632",,,,,,,"2","REPORTED, NOT EVIDENT","1","0","0","0","1","3","0","14","1","3","41.743873821","-87.6051761606","POINT (-87.605176160557 41.743873821012)"
"d98b5fed6973932e0815a9b2da4c335de4ab36c6df4d21c4a372ebc727860493491b70600828165cdf8a292d3e1081e2a00f090a956b7c570ae700ad7651a335",,"2026-03-01T14:56:00.000","30","NO CONTROLS","NO CONTROLS","CLEAR","DAYLIGHT","TURNING","NOT DIVIDED",,"STRAIGHT AND LEVEL","DRY","UNKNOWN","ON SCENE","INJURY AND / OR TOW DUE TO CRASH","Y",,,"OVER $1,500","2026-03-01T15:56:00.000","FAILING TO YIELD RIGHT-OF-WAY","FAILING TO YIELD RIGHT-OF-WAY","459","W","76TH ST","621",,,,,,,"2","NO INDICATION OF INJURY","0","0","0","0","0","3","0","14","1","3","41.7561080179","-87.6368074462","POINT (-87.636807446243 41.756108017949)"
"caee99c8edf8e3b2b04af586396bc50c2a789e4a5181ae644259670f1d73793e9c7948f760e006f9e7627cefd72f92e2256441c4fb50154a03fe1c7ceff0f627",,"2026-03-01T14:55:00.000","30","TRAFFIC SIGNAL","FUNCTIONING PROPERLY","CLEAR","DAYLIGHT","REAR TO FRONT","T-INTERSECTION",,"STRAIGHT AND LEVEL","DRY","NO DEFECTS","NOT ON SCENE (DESK REPORT)","NO INJURY / DRIVE AWAY","Y",,"Y","OVER $1,500","2026-03-05T10:18:00.000","IMPROPER BACKING","UNABLE TO DETERMINE","1501","S","CALIFORNIA BLVD","1023",,,,,,,"2","NO INDICATION OF INJURY","0","0","0","0","0","2","0","14","1","3","41.8611244326","-87.6956023372","POINT (-87.695602337173 41.861124432598)"
"22da5bd112417116e8e4d3b2bfb5f192cfe5c22c9b0d4614ad67d51cc743155e5917f5e1d76f1ca3a342e31d972525856fdf9c100720a5d7775e2822b257eb49",,"2026-03-01T14:52:00.000","30","STOP SIGN/FLASHER","FUNCTIONING PROPERLY","CLEAR","DAYLIGHT","PEDESTRIAN","TRAFFIC ROUTE",,"STRAIGHT AND LEVEL","DRY","NO DEFECTS",,"NO INJURY / DRIVE AWAY","Y",,,"$500 OR LESS","2026-03-01T15:51:00.000","VISION OBSCURED (SIGNS, TREE LIMBS, BUILDINGS, ETC.)","UNABLE TO DETERMINE","3859","W","47TH ST","821",,,,,,,"2","NO INDICATION OF INJURY","0","0","0","0","0","2","0","14","1","3","41.8077933358","-87.721060387","POINT (-87.721060387035 41.807793335752)"
"10d5a1dcf4756af12a42ad577ae577f7c1ea35dc92ef0af9c911dbae194beb81efacad3cf956ef2dd98f7d2699b1975e64d0e97ec527a5cff1dc570545a144dc",,"2026-03-01T14:40:00.000","30","STOP SIGN/FLASHER","FUNCTIONING PROPERLY","CLEAR","DAYLIGHT","SIDESWIPE SAME DIRECTION","T-INTERSECTION",,"STRAIGHT AND LEVEL","DRY","NO DEFECTS","NOT ON SCENE (DESK REPORT)","NO INJURY / DRIVE AWAY",,,,"OVER $1,500","2026-03-01T15:53:00.000","FAILING TO YIELD RIGHT-OF-WAY","NOT APPLICABLE","2101","S","STATE ST","131",,,,,,,"2","NO INDICATION OF INJURY","0","0","0","0","0","4","0","14","1","3","41.8541843446","-87.6269648514","POINT (-87.626964851379 41.854184344584)"
"440ebd944af031808c45a39891ccd6e4c53c8c31e6dae166542b96b5305c9a3bfef2694216603db189d28c755377658ccf003092ffd740f8f84d775e5e9a8f07",,"2026-03-01T14:37:00.000","30","NO CONTROLS","NO CONTROLS","RAIN","DAYLIGHT","SIDESWIPE SAME DIRECTION","DIVIDED - W/MEDIAN (NOT RAISED)",,"STRAIGHT AND LEVEL","DRY","NO DEFECTS","NOT ON SCENE (DESK REPORT)","NO INJURY / DRIVE AWAY",,,,"OVER $1,500","2026-03-01T15:06:00.000","FAILING TO YIELD RIGHT-OF-WAY","NOT APPLICABLE","3148","W","47TH ST","922",,,,,,,"2","NO INDICATION OF INJURY","0","0","0","0","0","3","0","14","1","3","41.808236774","-87.7035007974","POINT (-87.703500797425 41.808236774045)"
"714eff1b73d97d06e6d199373ad0af3ba6b1afc1b4c0d7928c82c208ba65f024219fb1e07c364d9943eba9208b2874ce4ba71383db7facf741a2bde8f284c694",,"2026-03-01T14:31:00.000","30","NO CONTROLS","NO CONTROLS","CLEAR","DAYLIGHT","REAR END","NOT DIVIDED",,"STRAIGHT AND LEVEL","DRY","NO DEFECTS","NOT ON SCENE (DESK REPORT)","NO INJURY / DRIVE AWAY",,,,"OVER $1,500","2026-03-02T12:30:00.000","FAILING TO REDUCE SPEED TO AVOID CRASH","NOT APPLICABLE","2431","S","CANAL ST","914",,,,,,,"2","NO INDICATION OF INJURY","0","0","0","0","0","2","0","14","1","3","41.8482103919","-87.6382637327","POINT (-87.638263732694 41.848210391915)"
"766b0745bd406cd02abe216a9e0eb8043716c62d36eb983f474223ce655bb3b6b986a20321425a0ab0f290c0c447c4578668952441110658f3f802002fb7a047",,"2026-03-01T14:25:00.000","30","TRAFFIC SIGNAL","FUNCTIONING PROPERLY","CLEAR","DAYLIGHT","TURNING","NOT DIVIDED",,"STRAIGHT AND LEVEL","DRY","NO DEFECTS","ON SCENE","INJURY AND / OR TOW DUE TO CRASH",,,,"OVER $1,500","2026-03-01T14:44:00.000","FAILING TO YIELD RIGHT-OF-WAY","NOT APPLICABLE","1333","W","IRVING PARK RD","1923",,,,,,,"2","NONINCAPACITATING INJURY","1","0","0","1","0","1","0","14","1","3","41.9542541916","-87.663525136","POINT (-87.663525135971 41.954254191627)"
"13cbfe754a2d4ea2c30e5d665f3dea87961e05fda9e2a275130af13e10f9845a97cee2f7750d070720ad31a1af73f58f8caa233520fccfafc8b8edf178fe9d24",,"2026-03-01T14:12:00.000","30","TRAFFIC SIGNAL","FUNCTIONING PROPERLY","CLEAR","DAYLIGHT","REAR END","FOUR WAY",,"STRAIGHT AND LEVEL","DRY","NO DEFECTS","NOT ON SCENE (DESK REPORT)","NO INJURY / DRIVE AWAY","Y",,,"OVER $1,500","2026-03-01T15:30:00.000","FAILING TO YIELD RIGHT-OF-WAY","FOLLOWING TOO CLOSELY","4815","S","WESTERN BLVD","931",,,,,,,"2","NO INDICATION OF INJURY","0","0","0","0","0","2","0","14","1","3","41.8060783447","-87.6836500139","POINT (-87.683650013909 41.806078344717)"
"6d4669c566fba05f7ae16c2e41d0f402c132788b8483409cda846bbc7669246284a0fec6aa77911f3a49e95f683455b25e2ab7d6695ccc696d42361e3cb55d93",,"2026-03-01T14:11:00.000","30","NO CONTROLS","NO CONTROLS","CLEAR","DAYLIGHT","REAR END","DIVIDED - W/MEDIAN (NOT RAISED)",,"STRAIGHT AND LEVEL","DRY","NO DEFECTS","NOT ON SCENE (DESK REPORT)","NO INJURY / DRIVE AWAY",,,"Y","OVER $1,500","2026-03-01T15:01:00.000","UNABLE TO DETERMINE","FOLLOWING TOO CLOSELY","549","E","PERSHING RD","214",,,,,,,"2","NO INDICATION OF INJURY","0","0","0","0","0","2","0","14","1","3","41.8237738491","-87.6131693751","POINT (-87.613169375133 41.823773849094)"
"076a87a2b947db8a50d35f082d12350e7b16b7f32a2b9910948bb059697fa0a1afa36f259ff122a40e5f229b7c8f4bd74802c5d2e137da8aa9476394c3496368",,"2026-03-01T14:10:00.000","30","NO CONTROLS","FUNCTIONING PROPERLY","CLEAR","DAYLIGHT","TURNING","DIVIDED - W/MEDIAN BARRIER",,"STRAIGHT AND LEVEL","DRY","NO DEFECTS","ON SCENE","INJURY AND / OR TOW DUE TO CRASH","Y",,"Y","OVER $1,500","2026-03-01T15:48:00.000","FOLLOWING TOO CLOSELY","FAILING TO REDUCE SPEED TO AVOID CRASH","1556","E","76TH PL","411",,,,,,,"2","REPORTED, NOT EVIDENT","1","0","0","0","1","1","0","14","1","3","41.7561362831","-87.5860598762","POINT (-87.586059876177 41.756136283091)"
"f2b250a739e44f6a273f289f2e1dc2181109b35d35e42f5910056dc96c198d90b2e73358e74b89b2b7e449beb7fa8bba0270ad8d063bb44eaa573f98bef69655",,"2026-03-01T14:09:00.000","30","TRAFFIC SIGNAL","FUNCTIONING PROPERLY","CLEAR","DAYLIGHT","REAR END","FOUR WAY",,"STRAIGHT AND LEVEL","DRY","NO DEFECTS","ON SCENE","NO INJURY / DRIVE AWAY",,,"Y","OVER $1,500","2026-03-01T14:09:00.000","FOLLOWING TOO CLOSELY","FOLLOWING TOO CLOSELY","4632","W","47TH ST","815",,,,,,,"2","NO INDICATION OF INJURY","0","0","0","0","0","2","0","14","1","3","41.8077761313","-87.7397219844","POINT (-87.739721984416 41.807776131284)"
"04051185de419b0aedd6cb3d27d4f7df8772ec89cc288d5fc587a44910a9925208a88d25c1b45a6eb0fea075d3f7bd49ca1bdf9b12901e1016aeacdeb7b399dc",,"2026-03-01T14:08:00.000","30","STOP SIGN/FLASHER","FUNCTIONING PROPERLY","CLEAR","DAYLIGHT","ANGLE","T-INTERSECTION",,"STRAIGHT AND LEVEL","DRY","NO DEFECTS","ON SCENE","INJURY AND / OR TOW DUE TO CRASH","Y",,,"$501 - $1,500","2026-03-01T14:35:00.000","IMPROPER OVERTAKING/PASSING","NOT APPLICABLE","2398","S","STEWART AVE","914",,,,,,,"2","NO INDICATION OF INJURY","0","0","0","0","0","2","0","14","1","3","41.8491413559","-87.6367934423","POINT (-87.636793442281 41.849141355882)"
"98fe89c4dea904d850f656546a01bbe3ae3b25e7405c2db0c831e3d3b160630b66247e04476eda00ccfe5fdb943066f280b8e33c4ed918738b11d26831285683","Y","2026-03-01T14:00:00.000","25","UNKNOWN","NO CONTROLS","UNKNOWN","DAYLIGHT","ANGLE","NOT DIVIDED",,"STRAIGHT AND LEVEL","UNKNOWN","UNKNOWN","NOT ON SCENE (DESK REPORT)","NO INJURY / DRIVE AWAY",,,,"OVER $1,500","2026-03-01T19:06:00.000","UNABLE TO DETERMINE","UNABLE TO DETERMINE","3335","N","AUSTIN AVE","1633",,,,,,,"2","NO INDICATION OF INJURY","0","0","0","0","0","2","0","14","1","3","41.9413595543","-87.7761800219","POINT (-87.776180021888 41.94135955425)"
"cc0f8a0be492e3c3a5c7edcbba7944d092630d8a10db4544e32fb82c932fa82c784ee7a2557f0499b202a05f3155ecc7cca989cb01d3dc184d5590f2614dfd60",,"2026-03-01T14:00:00.000","45","NO CONTROLS","NO CONTROLS","CLEAR","DAYLIGHT","REAR END","DIVIDED - W/MEDIAN BARRIER",,"STRAIGHT AND LEVEL","DRY","UNKNOWN","ON SCENE","INJURY AND / OR TOW DUE TO CRASH",,,,"OVER $1,500","2026-03-01T14:00:00.000","IMPROPER OVERTAKING/PASSING","FAILING TO REDUCE SPEED TO AVOID CRASH","3100","S","LAKE SHORE DR NB","211",,,,,,,"2","NONINCAPACITATING INJURY","1","0","0","1","0","1","0","14","1","3","41.8383932992","-87.6087495204","POINT (-87.608749520406 41.838393299151)"
"7a140911d081d933aad247b36db53a683ff9b0cd4a59cbc558a498d409e91b41961d6ab26db41fedd7b24707710c3dea7f36345406c41fbf0b265017822d20df",,"2026-03-01T13:50:00.000","15","NO CONTROLS","NO CONTROLS","CLEAR","DAYLIGHT","REAR TO FRONT","PARKING LOT",,"STRAIGHT AND LEVEL","DRY","NO DEFECTS","NOT ON SCENE (DESK REPORT)","NO INJURY / DRIVE AWAY",,,,"OVER $1,500","2026-03-01T14:35:00.000","IMPROPER BACKING","NOT APPLICABLE","4140","S","PULASKI RD","815",,,,,,,"2","NO INDICATION OF INJURY","0","0","0","0","0","2","0","13","1","3","41.8173162376","-87.7240592905","POINT (-87.724059290489 41.817316237608)"
"ccb2e452dec5f2389a0b65fc6383b8a86c0e7671ea900c7dc7e94589475d310afdf76f5de0e5654f463f975d15eba9a03148fac84c3a7607f5d059ec83d7f722",,"2026-03-01T13:40:00.000","30","STOP SIGN/FLASHER","FUNCTIONING PROPERLY","CLEAR","DAYLIGHT","REAR END","NOT DIVIDED",,"STRAIGHT AND LEVEL","DRY","NO DEFECTS","ON SCENE","NO INJURY / DRIVE AWAY",,,"Y","OVER $1,500","2026-03-01T13:45:00.000","OPERATING VEHICLE IN ERRATIC, RECKLESS, CARELESS, NEGLIGENT OR AGGRESSIVE MANNER","UNABLE TO DETERMINE","4433","W","53RD ST","815",,,,,,,"2","NO INDICATION OF INJURY","0","0","0","0","0","2","0","13","1","3","41.7966580947","-87.7343486383","POINT (-87.734348638341 41.796658094743)"
"df3b831660096da8fb35b5b03a77341f22fab0e6cd930171c1a2c48e164ad8a28697f189210cd2a9669d24d44efe562dddf8db3e171bbc611740c1b125e4893d",,"2026-03-01T13:40:00.000","25","NO CONTROLS","NO CONTROLS","CLEAR","DAYLIGHT","REAR TO SIDE","NOT DIVIDED",,"STRAIGHT AND LEVEL","DRY","NO DEFECTS","NOT ON SCENE (DESK REPORT)","INJURY AND / OR TOW DUE TO CRASH",,,,"OVER $1,500","2026-03-06T09:30:00.000","IMPROPER BACKING","UNABLE TO DETERMINE","45","N","WOLCOTT AVE","1223",,,,,,,"2","REPORTED, NOT EVIDENT","1","0","0","0","1","2","0","13","1","3","41.8826615559","-87.6740758904","POINT (-87.674075890425 41.882661555874)"
"26be0710212931cbd2820df61e7bc71b36755a7412af1b0ddedbccdd3df48afc214665af0d4481bfd0b542719b1200fb0b0f06d23d2f819fd04fccdc06531d57",,"2026-03-01T13:30:00.000","30","NO CONTROLS","NO CONTROLS","CLEAR","DAYLIGHT","FIXED OBJECT","UNKNOWN",,"STRAIGHT AND LEVEL","DRY","NO DEFECTS","ON SCENE","INJURY AND / OR TOW DUE TO CRASH",,"Y",,"OVER $1,500","2026-03-01T13:40:00.000","UNABLE TO DETERMINE","UNABLE TO DETERMINE","7777","W","IRVING PARK RD","1631",,,,,,,"1","NONINCAPACITATING INJURY","1","0","0","1","0","0","0","13","1","3","41.9523030194","-87.8219109955","POINT (-87.821910995518 41.95230301938)"
"b450edbfc7d9c3c460c48d7d8745d15eebc2737b4bf3c34ebf5790c3b5cd01cc36cb7cf7c4edfbba7699ac9c33a5b37a3e1acb3d529a106ce4c89d9855f1eb87",,"2026-03-01T13:28:00.000","30","NO CONTROLS","NO CONTROLS","CLEAR","DAYLIGHT","REAR END","NOT DIVIDED",,"STRAIGHT AND LEVEL","DRY","NO DEFECTS","NOT ON SCENE (DESK REPORT)","NO INJURY / DRIVE AWAY",,,"Y","$500 OR LESS","2026-03-01T14:00:00.000","IMPROPER OVERTAKING/PASSING","DRIVING SKILLS/KNOWLEDGE/EXPERIENCE","3659","S","SEELEY AVE","912",,,,,,,"2","NO INDICATION OF INJURY","0","0","0","0","0","2","0","13","1","3","41.8268232459","-87.6762584402","POINT (-87.676258440187 41.826823245853)"
"d8bac32346719f73465b1ca599ede4e2b5dbb4789be80a0bd0ed515b86215f4bce03d8a1065b408a5dda28920bdc23760df3bce21642994b2fe4ddd887571773",,"2026-03-01T13:20:00.000","25","NO CONTROLS","NO CONTROLS","CLEAR","DAYLIGHT","REAR END","NOT DIVIDED",,"STRAIGHT AND LEVEL","DRY","UNKNOWN","NOT ON SCENE (DESK REPORT)","NO INJURY / DRIVE AWAY",,,,"$501 - $1,500","2026-03-01T15:00:00.000","UNABLE TO DETERMINE","UNABLE TO DETERMINE","6438","N","DAMEN AVE","2412",,,,,,,"2","NO INDICATION OF INJURY","0","0","0","0","0","2","0","13","1","3","41.9990518382","-87.6803215382","POINT (-87.680321538166 41.999051838179)"
"c1fe1a3932d4085f52fb0dcf1bb0ca19a6341fe3207a6e97fbb66ba101d5ba5dc590b51b824d299f2650c762be831f2e6c3416cb7008a7950fb73805b40f2fc1",,"2026-03-01T13:15:00.000","30","UNKNOWN","UNKNOWN","CLEAR","DAYLIGHT","REAR END","NOT DIVIDED",,"STRAIGHT AND LEVEL","UNKNOWN","UNKNOWN","NOT ON SCENE (DESK REPORT)","NO INJURY / DRIVE AWAY",,,,"OVER $1,500","2026-03-01T13:45:00.000","UNABLE TO DETERMINE","UNABLE TO DETERMINE","1647","N","LA SALLE DR","1814",,,,,,,"2","NO INDICATION OF INJURY","0","0","0","0","0","2","0","13","1","3","41.9125032395","-87.6330119329","POINT (-87.633011932875 41.912503239452)"
"a26954bd0003e77b0eba71d7271b61719706572967fed2d9830902a26e5e719c7fd21d63e1842fa6f5398f5578f2ee92db0bf5caadc0573bd83b626adca912c0",,"2026-03-01T13:10:00.000","15","NO CONTROLS","NO CONTROLS","CLEAR","DAYLIGHT","PARKED MOTOR VEHICLE","PARKING LOT",,"STRAIGHT AND LEVEL","DRY","NO DEFECTS","ON SCENE","NO INJURY / DRIVE AWAY",,"Y",,"$500 OR LESS","2026-03-01T13:10:00.000","UNABLE TO DETERMINE","UNABLE TO DETERMINE","3558","N","SPAULDING AVE","1733",,,,,,,"2","NO INDICATION OF INJURY","0","0","0","0","0","1","0","13","1","3","41.9465285252","-87.7099750799","POINT (-87.709975079944 41.946528525249)"
"afa6e8b534c5b8ac117e417b258ce00a10cdb0d99c5a96d9bba176c39d889e5721c4a8af03ee5139e6ce449b3d20fd6ccf810cbf4f25a4f34b7172df65d1713b",,"2026-03-01T13:04:00.000","30","UNKNOWN","UNKNOWN","CLEAR","DAYLIGHT","REAR END","NOT DIVIDED",,"STRAIGHT AND LEVEL","DRY","UNKNOWN","ON SCENE","NO INJURY / DRIVE AWAY",,,,"OVER $1,500","2026-03-01T13:35:00.000","FOLLOWING TOO CLOSELY","FAILING TO REDUCE SPEED TO AVOID CRASH","6620","W","BELMONT AVE","1632",,,,,,,"2","NO INDICATION OF INJURY","0","0","0","0","0","3","0","13","1","3","41.9383324326","-87.7917756879","POINT (-87.79177568791 41.938332432619)"
"d4908b231e4189586e68c558fc64a29826edc1fc42df1eabe2bfceba4342fa34b6724252b527354cdf5fe568417a9994e743806bfda3f1319f19a0aa16e0b0cc",,"2026-03-01T13:04:00.000","25","TRAFFIC SIGNAL","FUNCTIONING PROPERLY","CLEAR","DAYLIGHT","REAR END","DIVIDED - W/MEDIAN (NOT RAISED)",,"STRAIGHT AND LEVEL","DRY","NO DEFECTS","ON SCENE","NO INJURY / DRIVE AWAY",,,,"$501 - $1,500","2026-03-01T13:04:00.000","PHYSICAL CONDITION OF DRIVER","DRIVING SKILLS/KNOWLEDGE/EXPERIENCE","3198","W","FOSTER AVE","1712",,,,,,,"2","NO INDICATION OF INJURY","0","0","0","0","0","2","0","13","1","3","41.9758581295","-87.7086218878","POINT (-87.70862188779 41.975858129547)"