"crash_record_id","crash_date_est_i","crash_date","posted_speed_limit","traffic_control_device","device_condition","weather_condition","lighting_condition","first_crash_type","trafficway_type","lane_cnt","alignment","roadway_surface_cond","road_defect","report_type","crash_type","intersection_related_i","private_property_i","hit_and_run_i","damage","date_police_notified","prim_contributory_cause","sec_contributory_cause","street_no","street_direction","street_name","beat_of_occurrence","photos_taken_i","statements_taken_i","dooring_i","work_zone_i","work_zone_type","workers_present_i","num_units","most_severe_injury","injuries_total","injuries_fatal","injuries_incapacitating","injuries_non_incapacitating","injuries_reported_not_evident","injuries_no_indication","injuries_unknown","crash_hour","crash_day_of_week","crash_month","latitude","longitude","location"
"345bb71604b805cfcf6ec04d49b06b36ba8aeee198dca952e5bfcea83c835df19749c1c95f79aa167cfd5201a9dcd4d1766df73202845ba750727f2c7122167a",,"2026-03-01T13:00:00.000","30","NO CONTROLS","NO CONTROLS","CLEAR","DAYLIGHT","PARKED MOTOR VEHICLE","ONE-WAY",,"STRAIGHT AND LEVEL","DRY","NO DEFECTS","NOT ON SCENE (DESK REPORT)","NO INJURY / DRIVE AWAY",,,"Y","OVER $1,500","2026-03-01T13:30:00.000","UNABLE TO DETERMINE","UNABLE TO DETERMINE","2303","W","CONGRESS PKWY","1225",,,,,,,"2","NO INDICATION OF INJURY","0","0","0","0","0","1","0","13","1","3","41.8748505244","-87.6839547443","POINT (-87.683954744316 41.874850524361)"
"97d62cc17f4d706dac873a3260dbbd1c2ce275b2c57bd2d41a1adef5704576a8e38849b993f9ed06dd2befc4b43ffe4e4a543ed2422f352442ca656e15dbfe31",,"2026-03-01T13:00:00.000","30","NO CONTROLS","NO CONTROLS","CLEAR","DAYLIGHT","REAR END","DIVIDED - W/MEDIAN BARRIER",,"STRAIGHT AND LEVEL","UNKNOWN","UNKNOWN","NOT ON SCENE (DESK REPORT)","NO INJURY / DRIVE AWAY",,,,"OVER $1,500","2026-03-01T13:15:00.000","FOLLOWING TOO CLOSELY","FAILING TO REDUCE SPEED TO AVOID CRASH","876","N","MICHIGAN AVE","1833",,,,,,,"2","NO INDICATION OF INJURY","0","0","0","0","0","2","0","13","1","3","41.8990181545","-87.6242708488","POINT (-87.624270848806 41.899018154506)"
"1ca5d8387251431d6ca2907c0e77e7d9565a90ad7efbed76250a85df5deeb419b43b365ecacdc6255b906b1f25be99de82dba75bc4dee4281911ae0e45c64501","Y","2026-03-01T12:59:00.000","15","NO CONTROLS","NO CONTROLS","CLEAR","DAYLIGHT","PARKED MOTOR VEHICLE","ONE-WAY",,"STRAIGHT AND LEVEL","DRY","NO DEFECTS","ON SCENE","NO INJURY / DRIVE AWAY",,,"Y","OVER $1,500","2026-03-01T13:00:00.000","DRIVING SKILLS/KNOWLEDGE/EXPERIENCE","UNABLE TO DETERMINE","2420","W","53RD ST","923",,,,,,,"2","NO INDICATION OF INJURY","0","0","0","0","0","1","0","12","1","3","41.7976046889","-87.6850844924","POINT (-87.685084492437 41.797604688866)"
"6f4f68ee3f23e1091fb2185757527c1983abf1f6b28b1a8e10031e48d7ef5777da91423dd181c637f98215f2d53f2f28b0b2dc28c049c0e14e74795051a9b21f",,"2026-03-01T12:53:00.000","30","TRAFFIC SIGNAL","FUNCTIONING PROPERLY","CLEAR","DAYLIGHT","ANGLE","NOT DIVIDED",,"STRAIGHT AND LEVEL","DRY","NO DEFECTS","NOT ON SCENE (DESK REPORT)","NO INJURY / DRIVE AWAY","Y",,,"$501 - $1,500","2026-03-01T14:40:00.000","UNABLE TO DETERMINE","NOT APPLICABLE","6700","N","CLARK ST","2432",,,,,,,"2","NO INDICATION OF INJURY","0","0","0","0","0","2","0","12","1","3","42.0035318029","-87.672637494","POINT (-87.67263749403 42.003531802902)"
"4c3f28463f2309dc96dcf8593fb31e80b87e175cf0ff89e9c15b1b3a0fac47b3a1f37018d600ef4dce9d34a1827a3a7c79e4db38c9e72a77fcabfb6af4455574","Y","2026-03-01T12:45:00.000","25","UNKNOWN","UNKNOWN","CLEAR","DAYLIGHT","ANGLE","NOT DIVIDED",,"STRAIGHT AND LEVEL","UNKNOWN","UNKNOWN","NOT ON SCENE (DESK REPORT)","NO INJURY / DRIVE AWAY",,,,"OVER $1,500","2026-03-01T13:08:00.000","UNABLE TO DETERMINE","UNABLE TO DETERMINE","5053","N","SAYRE AVE","1613",,,,,,,"2","NO INDICATION OF INJURY","0","0","0","0","0","2","0","12","1","3","41.9734697908","-87.8010882778","POINT (-87.801088277832 41.97346979082)"
"eed91492f16db2d0a066098e2689bfc02fbb62166899a9b76b0edd082dac9f0662e9d3c92168d90a5f8013ec2d3fabd794fb1694e3654c37aea7974267f85041",,"2026-03-01T12:32:00.000","30","TRAFFIC SIGNAL","FUNCTIONING PROPERLY","CLEAR","DAYLIGHT","REAR END","NOT DIVIDED",,"STRAIGHT AND LEVEL","DRY","NO DEFECTS","NOT ON SCENE (DESK REPORT)","NO INJURY / DRIVE AWAY","Y",,,"OVER $1,500","2026-03-01T16:40:00.000","FOLLOWING TOO CLOSELY","DRIVING SKILLS/KNOWLEDGE/EXPERIENCE","1000","W","FULLERTON AVE","1932",,,,,,,"2","NO INDICATION OF INJURY","0","0","0","0","0","2","0","12","1","3","41.9254844446","-87.6536765004","POINT (-87.653676500405 41.92548444455)"
"1c9ad44c97a38183c8ea343e42badf729b51994c3c848e997d1c9acc9b87ec094e16c6641306fc9099eb25a5b3e45e161e3c7b48829476c0d4d1c55b29af6c2b",,"2026-03-01T12:30:00.000","30","UNKNOWN","NO CONTROLS","CLEAR","DAYLIGHT","SIDESWIPE SAME DIRECTION","DIVIDED - W/MEDIAN (NOT RAISED)",,"STRAIGHT AND LEVEL","DRY","NO DEFECTS","NOT ON SCENE (DESK REPORT)","NO INJURY / DRIVE AWAY",,,,"OVER $1,500","2026-03-01T13:25:00.000","NOT APPLICABLE","NOT APPLICABLE","3534","W","26TH ST","1024",,,,,,,"2","NO INDICATION OF INJURY","0","0","0","0","0","2","0","12","1","3","41.8445084482","-87.7137154127","POINT (-87.71371541265 41.844508448209)"
"69afedd85aa47e974c3ea4984b6e54476df64d3af2ae70a8d025ae5f714ca645e31af00e259bd86f527cce14ec4d2e3c3c4b9a3b1952c6b2e861bcf2846658e5",,"2026-03-01T12:30:00.000","30","TRAFFIC SIGNAL","FUNCTIONING PROPERLY","CLEAR","DAYLIGHT","SIDESWIPE SAME DIRECTION","UNKNOWN INTERSECTION TYPE",,"STRAIGHT AND LEVEL","UNKNOWN","UNKNOWN","NOT ON SCENE (DESK REPORT)","NO INJURY / DRIVE AWAY",,,,"OVER $1,500","2026-03-01T13:00:00.000","DRIVING SKILLS/KNOWLEDGE/EXPERIENCE","NOT APPLICABLE","1299","S","COLUMBUS DR","132",,,,,,,"2","NO INDICATION OF INJURY","0","0","0","0","0","2","0","12","1","3","41.865895547","-87.6196474757","POINT (-87.61964747574 41.865895547012)"
"6e6339d61845718634370b7eb3b1a59f3f9507ae23e57f6022c1c750bda23b14e8b34db221467af44d29bd1491810ce23ce834e234c59b73950b2703e47a0228",,"2026-03-01T12:30:00.000","30","NO CONTROLS","NO CONTROLS","CLEAR","DAYLIGHT","PARKED MOTOR VEHICLE","NOT DIVIDED",,"STRAIGHT AND LEVEL","DRY","UNKNOWN","NOT ON SCENE (DESK REPORT)","NO INJURY / DRIVE AWAY",,,,"OVER $1,500","2026-03-02T10:10:00.000","UNABLE TO DETERMINE","UNABLE TO DETERMINE","749","W","DICKENS AVE","1812",,,,,,,"2","NO INDICATION OF INJURY","0","0","0","0","0","3","0","12","1","3","41.9198935161","-87.6480985116","POINT (-87.648098511565 41.919893516135)"
"92cef2353f3dbba7081a2fe5e393d00d1f8243625dfaaa5e42824a3bb186dcdf1b84268c526bf8d9e9c5818675c1b43fbbabd6917736d1c8a33ef661d32bcd8f",,"2026-03-01T12:30:00.000","20","NO CONTROLS","NO CONTROLS","UNKNOWN","DARKNESS, LIGHTED ROAD","PARKED MOTOR VEHICLE","ONE-WAY",,"STRAIGHT AND LEVEL","UNKNOWN","UNKNOWN","ON SCENE","NO INJURY / DRIVE AWAY",,,,"$501 - $1,500","2026-03-02T20:15:00.000","UNABLE TO DETERMINE","NOT APPLICABLE","2911","N","MELVINA AVE","2511",,,,,,,"2","NO INDICATION OF INJURY","0","0","0","0","0","1","0","12","1","3","41.9332768569","-87.7807552062","POINT (-87.780755206226 41.933276856937)"
"b400975297c5607e96feb17bf8800768de44cb17bbb78f38c3bb2694fd069d4c020c22268be72f015194eb258aff9423ce933da57b8513d36d46abd07bb171e1",,"2026-03-01T12:27:00.000","10","NO CONTROLS","NO CONTROLS","CLEAR","DAYLIGHT","PEDESTRIAN","PARKING LOT",,"STRAIGHT AND LEVEL","DRY","NO DEFECTS","ON SCENE","INJURY AND / OR TOW DUE TO CRASH",,,,"$500 OR LESS","2026-03-01T12:28:00.000","IMPROPER BACKING","UNABLE TO DETERMINE","5701","N","BROADWAY","2022",,,,,,,"2","NONINCAPACITATING INJURY","1","0","0","1","0","1","0","12","1","3","41.9854791879","-87.6599788425","POINT (-87.659978842493 41.985479187915)"
"075d6c8c7c4325fdbe0dac8e579fab1b334a9995a3da91aef0c5076ff6dbd843a86bb95f08f00a653f489cb99ed94f4a7b57013e06e14e257cb5ee4aa83bc114",,"2026-03-01T12:00:00.000","30","NO CONTROLS","NO CONTROLS","UNKNOWN","UNKNOWN","PARKED MOTOR VEHICLE","ONE-WAY",,"STRAIGHT AND LEVEL","UNKNOWN","UNKNOWN","NOT ON SCENE (DESK REPORT)","NO INJURY / DRIVE AWAY",,,"Y","OVER $1,500","2026-03-01T15:00:00.000","UNABLE TO DETERMINE","NOT APPLICABLE","5734","W","GEORGE ST","2514",,,,,,,"2","NO INDICATION OF INJURY","0","0","0","0","0","1","0","12","1","3","41.9331562883","-87.7701737064","POINT (-87.770173706373 41.933156288277)"
"087cfc86051c5711b70234f6aa1d965a36d7fa0753beb4b235f172f2a57ba23472f50a73da4eb86b01355800b36557f065b322818126de72094ea84edcd8deea",,"2026-03-01T12:00:00.000","30","NO CONTROLS","NO CONTROLS","CLEAR","DAYLIGHT","REAR END","NOT DIVIDED",,"STRAIGHT AND LEVEL","DRY","NO DEFECTS","NOT ON SCENE (DESK REPORT)","INJURY AND / OR TOW DUE TO CRASH",,,,"OVER $1,500","2026-03-02T18:20:00.000","FOLLOWING TOO CLOSELY","NOT APPLICABLE","6400","W","FULLERTON AVE","2512",,,,,,,"2","NONINCAPACITATING INJURY","1","0","0","1","0","2","0","12","1","3","41.9237861887","-87.7855672056","POINT (-87.785567205622 41.923786188711)"
"3b2f3cd09a18d7b7e16d8581d893fa1fc96141e2f71aa8315f2e95541e631338a09c1e8652eb20fc5757351d890da6ab30276d913195ffac27724308a392bae3","Y","2026-03-01T12:00:00.000","30","NO CONTROLS","NO CONTROLS","CLEAR","UNKNOWN","PARKED MOTOR VEHICLE","NOT DIVIDED",,"STRAIGHT AND LEVEL","DRY","NO DEFECTS",,"NO INJURY / DRIVE AWAY",,,"Y","$501 - $1,500","2026-03-01T12:20:00.000","UNABLE TO DETERMINE","UNABLE TO DETERMINE","3707","W","26TH ST","1031",,,,,,,"2","NO INDICATION OF INJURY","0","0","0","0","0","1","0","12","1","3","41.8442349658","-87.7175646955","POINT (-87.717564695538 41.844234965792)"
"561ebbf11b8034525c18bcedec092757fef8cea8d97a8b912396ef01a8088916e8f5b7361aabd8ae6d4a67a0c3794218e025f4bf8f5efa9853111f9645027cd9",,"2026-03-01T12:00:00.000","30","NO CONTROLS","NO CONTROLS","CLEAR","DAYLIGHT","PARKED MOTOR VEHICLE","UNKNOWN",,"STRAIGHT AND LEVEL","DRY","UNKNOWN","NOT ON SCENE (DESK REPORT)","NO INJURY / DRIVE AWAY",,,"Y","$501 - $1,500","2026-03-01T14:15:00.000","UNABLE TO DETERMINE","UNABLE TO DETERMINE","6510","N","SHERIDAN RD","2432",,,,,,,"2","NO INDICATION OF INJURY","0","0","0","0","0","1","0","12","1","3","42.0004434961","-87.6608593509","POINT (-87.660859350903 42.000443496129)"
"5a4b8bcabe382b5f678526f7ed51a3a6134c1b40f43825639890cfff65872dbb0710be17488b9536a17060c31e5cc7848a45f47cc9ec429f1fa4ea0aca2299fd",,"2026-03-01T12:00:00.000","0","TRAFFIC SIGNAL","FUNCTIONING PROPERLY","CLEAR","DAYLIGHT","REAR END","DIVIDED - W/MEDIAN BARRIER",,"STRAIGHT AND LEVEL","DRY","NO DEFECTS","NOT ON SCENE (DESK REPORT)","NO INJURY / DRIVE AWAY",,,"Y","OVER $1,500","2026-03-01T12:20:00.000","UNABLE TO DETERMINE","NOT APPLICABLE","1550","E","79TH ST","411",,,,,,,"2","NO INDICATION OF INJURY","0","0","0","0","0","2","0","12","1","3","41.7516032259","-87.5865654253","POINT (-87.58656542529 41.751603225932)"
"85fa93b24e68a5b36bf54c978624cc9d09a5326dee119348dba4befaf1d309be7e6b7b467a383bd45220089b295b0ea13286489c1d1f58e6088bd07026519dde",,"2026-03-01T12:00:00.000","30","TRAFFIC SIGNAL","FUNCTIONING PROPERLY","CLEAR","DAYLIGHT","TURNING","TRAFFIC ROUTE",,"STRAIGHT AND LEVEL","DRY","NO DEFECTS","ON SCENE","NO INJURY / DRIVE AWAY","Y",,,"OVER $1,500","2026-03-01T12:01:00.000","DISREGARDING TRAFFIC SIGNALS","UNABLE TO DETERMINE","622","S","INDEPENDENCE BLVD","1133",,,,,,,"2","NO INDICATION OF INJURY","0","0","0","0","0","2","0","12","1","3","41.8727139358","-87.7204832101","POINT (-87.720483210105 41.872713935838)"
"671268ea35a6a3ecd460e0ab606c221365101d02cc809705958e9310eab8c38aca0f38e23cdfc6b102668464e9c0af8916491c7cea762ac821823c65db0c25e1",,"2026-03-01T11:55:00.000","30","TRAFFIC SIGNAL","FUNCTIONING PROPERLY","CLEAR","DAYLIGHT","TURNING","TRAFFIC ROUTE",,"STRAIGHT AND LEVEL","DRY","NO DEFECTS","NOT ON SCENE (DESK REPORT)","NO INJURY / DRIVE AWAY",,,"Y","OVER $1,500","2026-03-01T18:15:00.000","FAILING TO YIELD RIGHT-OF-WAY","UNABLE TO DETERMINE","1698","W","119TH ST","2234",,,,,,,"2","NO INDICATION OF INJURY","0","0","0","0","0","3","0","11","1","3","41.6775968909","-87.6641491991","POINT (-87.664149199056 41.677596890931)"
"cb25ecb350716fcdfaa91d7d9d7212fddb5801b7731d449e4c322bd24cb8bff3567b1318ae77ccf158e3675e5a7cee92700499532ee2de23d9b53c4044116085",,"2026-03-01T11:50:00.000","30","TRAFFIC SIGNAL","FUNCTIONING PROPERLY","CLEAR","DAYLIGHT","REAR END","NOT DIVIDED",,"STRAIGHT AND LEVEL","DRY","NO DEFECTS","NOT ON SCENE (DESK REPORT)","NO INJURY / DRIVE AWAY","Y",,,"OVER $1,500","2026-03-01T14:46:00.000","UNABLE TO DETERMINE","UNABLE TO DETERMINE","1000","N","HAMLIN AVE","1112",,,,,,,"2","NO INDICATION OF INJURY","0","0","0","0","0","2","0","11","1","3","41.8991505862","-87.721462286","POINT (-87.721462285974 41.899150586232)"
"73338643ee80d5f410331bf2996a74c0593c60c258b08378f9efeded14afee1f16e21bc594cd864b4d45181c2c6753e4b830e394ce6598045b17470106ee6fa6",,"2026-03-01T11:40:00.000","30","TRAFFIC SIGNAL","FUNCTIONING PROPERLY","CLEAR","DAYLIGHT","REAR END","ONE-WAY",,"STRAIGHT AND LEVEL","DRY","NO DEFECTS","ON SCENE","NO INJURY / DRIVE AWAY",,,,"$501 - $1,500","2026-03-01T11:40:00.000","FOLLOWING TOO CLOSELY","PHYSICAL CONDITION OF DRIVER","1540","W","VAN BUREN ST","1231",,,,,,,"2","NO INDICATION OF INJURY","0","0","0","0","0","2","0","11","1","3","41.8764686014","-87.6659644014","POINT (-87.665964401396 41.876468601388)"
"dda74a50cce511e698963e19bd30ad417bef8113f73801baea8dc6d22406cf14f43d2b76facfd7dd688c942a745428c0c558b07088f8b7ad3b01d1270314ebf3",,"2026-03-01T11:20:00.000","30","TRAFFIC SIGNAL","UNKNOWN","CLEAR","DAYLIGHT","SIDESWIPE SAME DIRECTION","FOUR WAY",,"STRAIGHT AND LEVEL","UNKNOWN","UNKNOWN","NOT ON SCENE (DESK REPORT)","NO INJURY / DRIVE AWAY","Y",,,"OVER $1,500","2026-03-01T12:25:00.000","UNABLE TO DETERMINE","UNABLE TO DETERMINE","800","W","WAVELAND AVE","1923",,,,,,,"2","NO INDICATION OF INJURY","0","0","0","0","0","2","0","11","1","3","41.9492249518","-87.649662349","POINT (-87.649662349009 41.949224951833)"
"24f4c9780111f7eb47c1cda290b5f053c7b797578093dfa81cb0f6d75562e5d5f7769664e4f86b7bd05a0438db163682832aa544eb3e95ef589712353596af17",,"2026-03-01T11:15:00.000","30","TRAFFIC SIGNAL","FUNCTIONING PROPERLY","CLEAR","DAYLIGHT","REAR END","NOT DIVIDED",,"STRAIGHT AND LEVEL","DRY","NO DEFECTS","ON SCENE","NO INJURY / DRIVE AWAY",,,,"OVER $1,500","2026-03-01T11:16:00.000","UNABLE TO DETERMINE","NOT APPLICABLE","2202","N","LARAMIE AVE","2515",,,,,,,"2","NO INDICATION OF INJURY","0","0","0","0","0","4","0","11","1","3","41.9206026895","-87.7561935743","POINT (-87.756193574335 41.920602689519)"
"fb7e2abc25e98698d62ad33d08c3fb1701beca785fd1fb0c5897183a67275a06816c73edb048f18370291668d2eeda105d32bd6b40d63d11465c9e0d52f57974",,"2026-03-01T11:12:00.000","25","UNKNOWN","UNKNOWN","CLEAR","DAYLIGHT","ANGLE","NOT DIVIDED",,"STRAIGHT AND LEVEL","DRY","NO DEFECTS","NOT ON SCENE (DESK REPORT)","NO INJURY / DRIVE AWAY","Y",,,"OVER $1,500","2026-03-01T11:12:00.000","UNABLE TO DETERMINE","NOT APPLICABLE","4357","W","ARMITAGE AVE","2534",,,,,,,"2","NO INDICATION OF INJURY","0","0","0","0","0","3","0","11","1","3","41.9169366707","-87.7361849788","POINT (-87.736184978847 41.916936670655)"
"fdcff390c6d93fc8f2c97dd1dcc3010596dc7723efc4206382f0b5073abd333c6f5ee2cc8f725a9f43c822681cedf7d4d50496db585f2e3b0caa9d9918795a01",,"2026-03-01T11:08:00.000","30","NO CONTROLS","NO CONTROLS","CLEAR","DAYLIGHT","PARKED MOTOR VEHICLE","NOT DIVIDED",,"STRAIGHT AND LEVEL","UNKNOWN","UNKNOWN","ON SCENE","INJURY AND / OR TOW DUE TO CRASH",,,"Y","OVER $1,500","2026-03-01T11:15:00.000","UNABLE TO DETERMINE","NOT APPLICABLE","2611","W","21ST ST","1023",,,,,,,"3","NO INDICATION OF INJURY","0","0","0","0","0","1","0","11","1","3","41.8537054927","-87.6911007791","POINT (-87.691100779147 41.853705492711)"
"a769925196ac47ad2c6c383e845b4ac465aebef0fd06dc6b38c0cb1b7d59cdceb53c08498fc429c57150fd95f0f3645648db754f1cf16b3018913a73d4e99604",,"2026-03-01T11:04:00.000","20","STOP SIGN/FLASHER","FUNCTIONING PROPERLY","CLEAR","DAYLIGHT","REAR END","ONE-WAY",,"STRAIGHT AND LEVEL","DRY","NO DEFECTS","ON SCENE","INJURY AND / OR TOW DUE TO CRASH","Y",,,"$501 - $1,500","2026-03-01T11:08:00.000","EQUIPMENT - VEHICLE CONDITION","NOT APPLICABLE","3202","W","27TH ST","1032",,,,,,,"2","REPORTED, NOT EVIDENT","1","0","0","0","1","2","0","11","1","3","41.8428040387","-87.705139685","POINT (-87.705139684952 41.842804038656)"
"0ea72e6b8eeca460646b415ae87dd180451181e7121044d3c49cc843818a0c900e3b42db073d3e4ca3997b73da482413b6ead12cae7952643f664fedab29bd36",,"2026-03-01T10:30:00.000","30","NO CONTROLS","NO CONTROLS","CLEAR","DAYLIGHT","REAR END","NOT DIVIDED",,"STRAIGHT AND LEVEL","DRY","NO DEFECTS","NOT ON SCENE (DESK REPORT)","NO INJURY / DRIVE AWAY",,,,"$501 - $1,500","2026-03-01T11:00:00.000","UNABLE TO DETERMINE","NOT APPLICABLE","8300","S","JEFFERY BLVD","414",,,,,,,"2","NO INDICATION OF INJURY","0","0","0","0","0","2","0","10","1","3","41.7444938326","-87.5760035609","POINT (-87.5760035609 41.74449383257)"
"d8ea0f0d70d385fd582103cebd009010dbfd19fd818143a8605c128c0a9520984619bf835482a04e3ed8be67b677774634900b2771013741e6f4580a0a19bad1","N","2026-03-01T10:30:00.000","20","UNKNOWN","UNKNOWN","CLEAR","DAYLIGHT","PARKED MOTOR VEHICLE","ONE-WAY",,"STRAIGHT AND LEVEL","DRY","UNKNOWN","NOT ON SCENE (DESK REPORT)","NO INJURY / DRIVE AWAY",,"N","Y","$501 - $1,500","2026-03-02T14:00:00.000","NOT APPLICABLE","NOT APPLICABLE","2158","S","ARCHER AVE","914",,,,,,,"2","NO INDICATION OF INJURY","0","0","0","0","0","1","0","10","1","3","41.8533388006","-87.6341058796","POINT (-87.634105879639 41.85333880057)"
"55936b5f3454e0bdde3a516c4cd1e867b343880d1e4eb559adc7c087ae2255d3b11aabe1b54d191be572ce60a4a457ee2cd27274010e29eb0e34d87291d72a71",,"2026-03-01T10:25:00.000","30","STOP SIGN/FLASHER","FUNCTIONING PROPERLY","CLEAR","DAYLIGHT","SIDESWIPE SAME DIRECTION","ONE-WAY",,"STRAIGHT AND LEVEL","DRY","NO DEFECTS","NOT ON SCENE (DESK REPORT)","NO INJURY / DRIVE AWAY",,,,"$501 - $1,500","2026-03-01T14:33:00.000","NOT APPLICABLE","NOT APPLICABLE","6159","S","MAPLEWOOD AVE","825",,,,,,,"2","NO INDICATION OF INJURY","0","0","0","0","0","4","0","10","1","3","41.7811227906","-87.6872137596","POINT (-87.687213759627 41.781122790613)"
"caf4f72a3ec767b67381dd4dc6761c3403dd6ac02d476ef0e24eca69ecdab0f203585d73b827ff544f29246775fb2012fbc44e12ab569c19e27a5855937b0172",,"2026-03-01T10:15:00.000","30","NO CONTROLS","NO CONTROLS","CLEAR","DAYLIGHT","ANGLE","NOT DIVIDED",,"STRAIGHT AND LEVEL","DRY","NO DEFECTS","NOT ON SCENE (DESK REPORT)","NO INJURY / DRIVE AWAY",,,"Y","$501 - $1,500","2026-03-01T13:35:00.000","FAILING TO YIELD RIGHT-OF-WAY","FAILING TO YIELD RIGHT-OF-WAY","1535","W","87TH ST","2221",,,,,,,"2","NO INDICATION OF INJURY","0","0","0","0","0","2","0","10","1","3","41.7356961147","-87.6619908209","POINT (-87.661990820878 41.735696114656)"
"d97db269516bc6aa6f2545f76485f8658f47d264d1a0c5d4ebc1771b8112064b8e0ff2b65ec082f9c4d456b726e2ce7df11fe3413be626838e5c4f409c4f871d",,"2026-03-01T10:15:00.000","30","NO CONTROLS","NO CONTROLS","CLEAR","DAYLIGHT","FIXED OBJECT","NOT DIVIDED",,"STRAIGHT AND LEVEL","DRY","UNKNOWN","NOT ON SCENE (DESK REPORT)","INJURY AND / OR TOW DUE TO CRASH",,,,"OVER $1,500","2026-03-01T10:30:00.000","PHYSICAL CONDITION OF DRIVER","NOT APPLICABLE","4209","W","47TH ST","815",,,,,,,"1","INCAPACITATING INJURY","1","0","1","0","0","0","0","10","1","3","41.8076936264","-87.7289042601","POINT (-87.728904260129 41.807693626441)"
"c20786294e2648219bf06f24ec54bf3017024eaa4650eecaf535df7cd4ad699c8b6f2f272d67896360973e4a6aa2f73c97bd0dbc7c72aeac1215b641ff4abede",,"2026-03-01T10:04:00.000","50","TRAFFIC SIGNAL","FUNCTIONING PROPERLY","CLEAR","DAYLIGHT","REAR END","FOUR WAY",,"STRAIGHT AND LEVEL","DRY","NO DEFECTS","ON SCENE","INJURY AND / OR TOW DUE TO CRASH","Y",,,"OVER $1,500","2026-03-01T10:18:00.000","FAILING TO REDUCE SPEED TO AVOID CRASH","DISTRACTION - FROM OUTSIDE VEHICLE","1200","S","LAKE SHORE DR NB","132",,,,,,,"2","NO INDICATION OF INJURY","0","0","0","0","0","3","0","10","1","3","41.8674842272","-87.6191503834","POINT (-87.619150383382 41.867484227164)"
"d5c37ddc1bb6ad70f40276fc26649b5e1dceb4aee9f4ce7c5b9663f9b56e7d2bd8208b58d8685f522ae9ec11c29a7362459c340708efe4c0f8602e499f9cd7c1","Y","2026-03-01T10:00:00.000","30","NO CONTROLS","NO CONTROLS","UNKNOWN","UNKNOWN","PARKED MOTOR VEHICLE","ONE-WAY",,"STRAIGHT AND LEVEL","DRY","NO DEFECTS","NOT ON SCENE (DESK REPORT)","NO INJURY / DRIVE AWAY",,,"Y","OVER $1,500","2026-03-02T19:20:00.000","UNABLE TO DETERMINE","UNABLE TO DETERMINE","601","S","DESPLAINES ST","124",,,,,,,"2","NO INDICATION OF INJURY","0","0","0","0","0","1","0","10","1","3","41.8743139704","-87.6437388937","POINT (-87.643738893737 41.874313970403)"
"641231288ad691dcf0385bbbeebb4e30355c3ffd87450684fb4d1221d11cd0d2ceb019e03c037ac14955f9e98bf46e6621d3dd116fc2f5061e1527cfedb0fa32",,"2026-03-01T09:55:00.000","35","NO CONTROLS","NO CONTROLS","CLEAR","DAYLIGHT","PARKED MOTOR VEHICLE","ONE-WAY",,"STRAIGHT AND LEVEL","DRY","NO DEFECTS","ON SCENE","INJURY AND / OR TOW DUE TO CRASH",,,"Y","OVER $1,500","2026-03-01T10:21:00.000","UNABLE TO DETERMINE","UNABLE TO DETERMINE","1135","S","INDEPENDENCE BLVD","1133",,,,,,,"2","NO INDICATION OF INJURY","0","0","0","0","0","1","0","9","1","3","41.8671097054","-87.719402803","POINT (-87.719402802962 41.8671097054)"
"51f41eaef7a30f5d3ff698cfdb2718c26ede8174c79ef724456dcdaeff766436054b4cc16fa08d811488941daf8115e5c727c8582937a149c297771725ec7722",,"2026-03-01T09:47:00.000","20","NO CONTROLS","NO CONTROLS","CLEAR","DAYLIGHT","PARKED MOTOR VEHICLE","DIVIDED - W/MEDIAN (NOT RAISED)",,"STRAIGHT AND LEVEL","DRY","NO DEFECTS","ON SCENE","INJURY AND / OR TOW DUE TO CRASH",,,,"OVER $1,500","2026-03-01T09:47:00.000","UNABLE TO DETERMINE","UNABLE TO DETERMINE","2907","N","LAVERGNE AVE","2521",,,,,,,"3","NONINCAPACITATING INJURY","1","0","0","1","0","0","0","9","1","3","41.9335174995","-87.7514386627","POINT (-87.751438662658 41.93351749951)"
"14b3d30ea7d2ff3f7637b41b47564fdd587b32c708794b544b3b03b4e9eb67b3bc0f0cc2a3a9709a9622216a033ebb89367bec8802c999038909291c8896bcf2",,"2026-03-01T09:36:00.000","30","TRAFFIC SIGNAL","FUNCTIONING PROPERLY","CLEAR","DAYLIGHT","SIDESWIPE SAME DIRECTION","NOT DIVIDED",,"STRAIGHT AND LEVEL","DRY","UNKNOWN","NOT ON SCENE (DESK REPORT)","NO INJURY / DRIVE AWAY",,,,"OVER $1,500","2026-03-01T13:30:00.000","UNABLE TO DETERMINE","NOT APPLICABLE","4750","W","DIVERSEY AVE","2521",,,,,,,"2","NO INDICATION OF INJURY","0","0","0","0","0","2","0","9","1","3","41.9316481318","-87.7462094579","POINT (-87.746209457852 41.931648131756)"