"crash_record_id","crash_date_est_i","crash_date","posted_speed_limit","traffic_control_device","device_condition","weather_condition","lighting_condition","first_crash_type","trafficway_type","lane_cnt","alignment","roadway_surface_cond","road_defect","report_type","crash_type","intersection_related_i","private_property_i","hit_and_run_i","damage","date_police_notified","prim_contributory_cause","sec_contributory_cause","street_no","street_direction","street_name","beat_of_occurrence","photos_taken_i","statements_taken_i","dooring_i","work_zone_i","work_zone_type","workers_present_i","num_units","most_severe_injury","injuries_total","injuries_fatal","injuries_incapacitating","injuries_non_incapacitating","injuries_reported_not_evident","injuries_no_indication","injuries_unknown","crash_hour","crash_day_of_week","crash_month","latitude","longitude","location"
"462b1577615ecf7a6eac2c1ffec1f5916487730a7858a6b51250122f826b308f2b215e943616ae73ea8ce7e01f717d78becf2975393abd7b2c91aa229c6743fa",,"2026-03-01T09:30:00.000","30","NO CONTROLS","NO CONTROLS","CLEAR","DAYLIGHT","ANGLE","ONE-WAY",,"STRAIGHT AND LEVEL","DRY","UNKNOWN","NOT ON SCENE (DESK REPORT)","NO INJURY / DRIVE AWAY",,,,"OVER $1,500","2026-03-01T10:00:00.000","FAILING TO YIELD RIGHT-OF-WAY","UNABLE TO DETERMINE","3618","W","AINSLIE ST","1712",,,,,,,"2","NO INDICATION OF INJURY","0","0","0","0","0","6","0","9","1","3","41.9702687279","-87.7191290729","POINT (-87.719129072943 41.970268727929)"
"a4c4659536ca5f063ae2eabfbe08d648371b5287a57d4db6d0f0526e1b70bbbe072af6c6645ca36a8b20d3385aa40f3fbcf1947e0b6ef81b73f27e016827d1ba",,"2026-03-01T09:30:00.000","15","NO CONTROLS","NO CONTROLS","CLEAR","DAYLIGHT","PARKED MOTOR VEHICLE","PARKING LOT",,"STRAIGHT AND LEVEL","DRY","NO DEFECTS","NOT ON SCENE (DESK REPORT)","NO INJURY / DRIVE AWAY",,"Y",,"OVER $1,500","2026-03-01T16:00:00.000","FOLLOWING TOO CLOSELY","FOLLOWING TOO CLOSELY","9830","S","THROOP ST","2213",,,,,,,"2","NO INDICATION OF INJURY","0","0","0","0","0","1","0","9","1","3","41.71502884","-87.6553567448","POINT (-87.655356744815 41.715028840031)"
"fa64a208014ed2b1b15a09cbef3eae76cf763587f085abeddbf6184d8f8fa12ba549a0e6158eb541358532cad695a1a4db26b080fa0cc241c634ead0fd8271f7",,"2026-03-01T09:30:00.000","35","TRAFFIC SIGNAL","FUNCTIONING PROPERLY","CLEAR","DAYLIGHT","REAR END","NOT DIVIDED",,"STRAIGHT AND LEVEL","DRY","NO DEFECTS","NOT ON SCENE (DESK REPORT)","NO INJURY / DRIVE AWAY",,,,"OVER $1,500","2026-03-01T11:15:00.000","FOLLOWING TOO CLOSELY","NOT APPLICABLE","1","S","KOSTNER AVE","1115",,,,,,,"2","NO INDICATION OF INJURY","0","0","0","0","0","4","0","9","1","3","41.8805653333","-87.7353271041","POINT (-87.73532710411 41.880565333258)"
"8ecf993f535bb8b882827a3d56547bca6ee702a7d11cefca3ccfe83baa3e1e769888634cdfae070d46f2dae97359af19872b02c8b338879eb8c39af207277643",,"2026-03-01T09:27:00.000","35","STOP SIGN/FLASHER","FUNCTIONING PROPERLY","CLEAR","DAYLIGHT","TURNING","NOT DIVIDED",,"STRAIGHT AND LEVEL","DRY","UNKNOWN",,"NO INJURY / DRIVE AWAY","Y","N",,"OVER $1,500","2026-03-01T09:27:00.000","NOT APPLICABLE","NOT APPLICABLE","3835","W","26TH ST","1031",,,,,,,"2","NO INDICATION OF INJURY","0","0","0","0","0","3","0","9","1","3","41.8441880803","-87.7209498689","POINT (-87.720949868944 41.8441880803)"
"7d183bddb54c2e34ab147ce998f33a1666ef538adacfeaf2431c99b00bec6db3c3a00bde51b58837b2663e043d401d44655826a62c5962710a77a5fee6423642",,"2026-03-01T09:17:00.000","30","NO CONTROLS","NO CONTROLS","CLEAR","DAYLIGHT","ANGLE","NOT REPORTED",,"STRAIGHT AND LEVEL","UNKNOWN","UNKNOWN","ON SCENE","NO INJURY / DRIVE AWAY","Y",,"Y","OVER $1,500","2026-03-01T09:18:00.000","DRIVING ON WRONG SIDE/WRONG WAY","OPERATING VEHICLE IN ERRATIC, RECKLESS, CARELESS, NEGLIGENT OR AGGRESSIVE MANNER","5701","W","FULLERTON AVE","2515",,,,,,,"2","NO INDICATION OF INJURY","0","0","0","0","0","2","0","9","1","3","41.9238316714","-87.7684788437","POINT (-87.768478843667 41.923831671387)"
"47003d4bc1a169d305711f27892c4effba53f17efb835a0288dcc4397ffde3d3053c7147d468803ed3992ac298be4f1992f6b412f55adad8313d218ce5584d4e",,"2026-03-01T09:15:00.000","30","NO CONTROLS","NO CONTROLS","CLEAR","DAYLIGHT","TURNING","NOT DIVIDED",,"STRAIGHT AND LEVEL","DRY","NO DEFECTS","NOT ON SCENE (DESK REPORT)","NO INJURY / DRIVE AWAY",,,,"OVER $1,500","2026-03-03T11:50:00.000","FAILING TO REDUCE SPEED TO AVOID CRASH","FAILING TO YIELD RIGHT-OF-WAY","635","W","BELMONT AVE","1934",,,,,,,"2","NO INDICATION OF INJURY","0","0","0","0","0","2","0","9","1","3","41.939911742","-87.6457641161","POINT (-87.645764116087 41.939911742014)"
"7d1a3a89ddeac51f49f340bc094173d2c271a0bacc1a402fe05278673c9a866f95a2fdc7dc969df0791f90ece34b8540aa5bf2b1e235571850e20add7cda6f19",,"2026-03-01T09:01:00.000","30","NO CONTROLS","NO CONTROLS","CLEAR","DAYLIGHT","TURNING","NOT DIVIDED",,"STRAIGHT AND LEVEL","DRY","NO DEFECTS","ON SCENE","INJURY AND / OR TOW DUE TO CRASH",,,,"OVER $1,500","2026-03-01T09:15:00.000","FAILING TO YIELD RIGHT-OF-WAY","UNABLE TO DETERMINE","4045","W","64TH ST","813",,,,,,,"2","NO INDICATION OF INJURY","0","0","0","0","0","2","0","9","1","3","41.7767043271","-87.7245002914","POINT (-87.72450029139 41.776704327064)"
"30595825bc0b9ed2fe3c3629f4e579e73dfce9c9ff9fdb06f2f5ec47336e05135c46ded4751c3e7457c80864266f40d087bfbb6d53509fd7a6cc9efdd0825d2d",,"2026-03-01T08:57:00.000","30","TRAFFIC SIGNAL","FUNCTIONING PROPERLY","CLEAR","DAYLIGHT","TURNING","DIVIDED - W/MEDIAN (NOT RAISED)",,"STRAIGHT AND LEVEL","DRY","NO DEFECTS","NOT ON SCENE (DESK REPORT)","NO INJURY / DRIVE AWAY",,,,"OVER $1,500","2026-03-01T15:27:00.000","FAILING TO YIELD RIGHT-OF-WAY","NOT APPLICABLE","3439","E","112TH ST","433",,,,,,,"2","NO INDICATION OF INJURY","0","0","0","0","0","2","0","8","1","3","41.6917499941","-87.5397978702","POINT (-87.539797870248 41.691749994066)"
"a3ec65368c20a0b6d45bf16e0af71e84868370b983ef187c104983f1ebd36764615cd77369aaac31652b73471db7cbdaa00f15567beb486514d1caad15ef852a",,"2026-03-01T08:30:00.000","30","TRAFFIC SIGNAL","FUNCTIONING PROPERLY","CLEAR","DAYLIGHT","PEDESTRIAN","DIVIDED - W/MEDIAN (NOT RAISED)",,"STRAIGHT AND LEVEL","DRY","NO DEFECTS","NOT ON SCENE (DESK REPORT)","INJURY AND / OR TOW DUE TO CRASH","Y",,"Y","OVER $1,500","2026-03-02T13:05:00.000","FAILING TO YIELD RIGHT-OF-WAY","DRIVING SKILLS/KNOWLEDGE/EXPERIENCE","22","E","ROOSEVELT RD","123",,,,,,,"2","NONINCAPACITATING INJURY","1","0","0","1","0","1","0","8","1","3","41.8675369955","-87.6263769007","POINT (-87.626376900723 41.867536995544)"
"f0c4b0a0ec84da121d26050cdd0983f11fb0d147f32c7bf5de20532b2116636d2132fc331e88a2cf106433fdaf501f508dd14b92aa882ad3c6374cd4c0e38428",,"2026-03-01T08:13:00.000","30","TRAFFIC SIGNAL","FUNCTIONING PROPERLY","CLEAR","DAYLIGHT","SIDESWIPE SAME DIRECTION","NOT DIVIDED",,"STRAIGHT AND LEVEL","DRY","NO DEFECTS","ON SCENE","NO INJURY / DRIVE AWAY","Y",,"Y","OVER $1,500","2026-03-01T08:14:00.000","UNABLE TO DETERMINE","UNABLE TO DETERMINE","3358","W","ARMITAGE AVE","1413",,,,,,,"2","NO INDICATION OF INJURY","0","0","0","0","0","2","0","8","1","3","41.9174530434","-87.7118261418","POINT (-87.711826141848 41.917453043449)"
"f7c471ca802e8fb8aa890efac67b26782dc214d38df8a7d39afc5489e793e3b40a5291c798263b3878350e26327a6743e3fdf4a72e0990f19f551d37a9a549be",,"2026-03-01T08:10:00.000","30","STOP SIGN/FLASHER","FUNCTIONING PROPERLY","CLEAR","DAYLIGHT","PARKED MOTOR VEHICLE","DIVIDED - W/MEDIAN (NOT RAISED)",,"STRAIGHT AND LEVEL","DRY","NO DEFECTS","ON SCENE","NO INJURY / DRIVE AWAY",,,,"$501 - $1,500","2026-03-01T08:15:00.000","IMPROPER TURNING/NO SIGNAL","NOT APPLICABLE","3057","W","26TH ST","1033",,,,,,,"2","NO INDICATION OF INJURY","0","0","0","0","0","2","0","8","1","3","41.8444551468","-87.702422443","POINT (-87.702422442981 41.844455146756)"
"20408912885b2a912469b3b5d9f733b52834d9ce7b697138368a9e5a79d2343068932e27d36efd6a3981116472de097ef365b5a732c69c420dc4bffd447edbec","Y","2026-03-01T08:00:00.000","25","NO CONTROLS","NO CONTROLS","UNKNOWN","DAYLIGHT","PARKED MOTOR VEHICLE","NOT DIVIDED",,"STRAIGHT AND LEVEL","OTHER","UNKNOWN","NOT ON SCENE (DESK REPORT)","NO INJURY / DRIVE AWAY",,,"Y","OVER $1,500","2026-03-02T10:10:00.000","UNABLE TO DETERMINE","NOT APPLICABLE","7458","N","GREENVIEW AVE","2422",,,,,,,"2","NO INDICATION OF INJURY","0","0","0","0","0","1","0","8","1","3","42.017757475","-87.6683457365","POINT (-87.668345736529 42.017757474986)"
"22db463033bc7b36905383cc996b4ed4815cfdce5a50fc44183ac540d216a429006272941d92ee40bb424aa116d13fffb37f794d61bd5684a438e14a4b2aa251",,"2026-03-01T08:00:00.000","10","NO CONTROLS","NO CONTROLS","CLEAR","DAYLIGHT","SIDESWIPE SAME DIRECTION","DRIVEWAY",,"STRAIGHT AND LEVEL","DRY","NO DEFECTS","NOT ON SCENE (DESK REPORT)","NO INJURY / DRIVE AWAY",,,,"OVER $1,500","2026-03-01T09:49:00.000","UNABLE TO DETERMINE","NOT APPLICABLE","6700","S","SOUTH SHORE DR","331",,,,,,,"2","NO INDICATION OF INJURY","0","0","0","0","0","2","0","8","1","3","41.773438566","-87.5668993058","POINT (-87.566899305833 41.773438566009)"
"e382f5d3f1d23e4e3a49618dbfdd406e7b084c7faab716ee23284c26e641fbf5946def89f73d509a98de2e40a16b3433eb8bc9f9b0e492c4ec0e13a5837bd0d8","Y","2026-03-01T08:00:00.000","30","NO CONTROLS","NO CONTROLS","UNKNOWN","UNKNOWN","PARKED MOTOR VEHICLE","DIVIDED - W/MEDIAN (NOT RAISED)",,"STRAIGHT AND LEVEL","UNKNOWN","NO DEFECTS","ON SCENE","NO INJURY / DRIVE AWAY",,,"Y","$501 - $1,500","2026-03-01T12:09:00.000","UNABLE TO DETERMINE","NOT APPLICABLE","1432","E","HYDE PARK BLVD","222",,,,,,,"2","NO INDICATION OF INJURY","0","0","0","0","0","1","0","8","1","3","41.8025465727","-87.5905761045","POINT (-87.590576104502 41.802546572724)"
"8d45f2e6cc7f7178aed8fa27a10bb001973c58ca80c45442c2d89ddcb223305aee621789b99678e0b8d5c7aa5810a2f665a748bb0a089d57ad8fa64261fca193",,"2026-03-01T07:54:00.000","15","NO CONTROLS","NO CONTROLS","CLEAR","DAYLIGHT","HEAD ON","NOT DIVIDED",,"STRAIGHT AND LEVEL","DRY","NO DEFECTS","ON SCENE","NO INJURY / DRIVE AWAY",,,"Y","OVER $1,500","2026-03-01T08:05:00.000","DRIVING SKILLS/KNOWLEDGE/EXPERIENCE","UNABLE TO DETERMINE","2932","W","52ND ST","923",,,,,,,"2","NO INDICATION OF INJURY","0","0","0","0","0","2","0","7","1","3","41.79920761","-87.6976785105","POINT (-87.697678510507 41.799207610047)"
"4a066975954e444a2126ddb9152cc323d16386de21662603439ec915ff3e198de8a456b45d44abf487e91eee11d883b16423553c11cf0ab2f36b855cd9e4dfd6",,"2026-03-01T07:30:00.000","15","NO CONTROLS","NO CONTROLS","CLEAR","DAYLIGHT","FIXED OBJECT","PARKING LOT",,"STRAIGHT AND LEVEL","DRY","NO DEFECTS","ON SCENE","INJURY AND / OR TOW DUE TO CRASH",,,,"OVER $1,500","2026-03-01T07:41:00.000","UNABLE TO DETERMINE","NOT APPLICABLE","8550","W","BRYN MAWR AVE","1614",,,,,,,"1","NO INDICATION OF INJURY","0","0","0","0","0","1","0","7","1","3","41.9811439641","-87.8410873746","POINT (-87.841087374554 41.981143964083)"
"58f21acf55760389c4e5acb826d84ecbbea1e04495ba2e91a85d221dfc2db028ba9ce315b29e6f1785f78c9bf95a15631c68cce455ed572a7d32b3a48ecdc613",,"2026-03-01T07:19:00.000","30","TRAFFIC SIGNAL","FUNCTIONING PROPERLY","CLEAR","DAYLIGHT","TURNING","NOT DIVIDED",,"STRAIGHT AND LEVEL","DRY","NO DEFECTS","ON SCENE","INJURY AND / OR TOW DUE TO CRASH","Y","Y",,"OVER $1,500","2026-03-01T07:28:00.000","IMPROPER OVERTAKING/PASSING","FAILING TO YIELD RIGHT-OF-WAY","3001","W","31ST ST","1033",,,,,,,"2","NONINCAPACITATING INJURY","1","0","0","1","0","1","0","7","1","3","41.8372125582","-87.7000438225","POINT (-87.700043822485 41.837212558201)"
"c5bb2784062a02d829eb905a218274a7d3fdd5b650eea6c71fe387e6140c0905e70c88f02ca01ddc3eaf7a80310f7ea16e70f1027aaca46221b6cbd2aad315e3",,"2026-03-01T07:00:00.000","5","NO CONTROLS","NO CONTROLS","UNKNOWN","DARKNESS, LIGHTED ROAD","PARKED MOTOR VEHICLE","PARKING LOT",,"STRAIGHT AND LEVEL","DRY","UNKNOWN","NOT ON SCENE (DESK REPORT)","NO INJURY / DRIVE AWAY",,"Y","Y","$501 - $1,500","2026-03-04T20:55:00.000","UNABLE TO DETERMINE","UNABLE TO DETERMINE","270","E","ONTARIO ST","1834",,,,,,,"2","NO INDICATION OF INJURY","0","0","0","0","0","1","0","7","1","3","41.8935027147","-87.6209272438","POINT (-87.620927243824 41.893502714726)"
"a8580b945b0265d318c0fff5dcf5fb3e464e248e562642af4da45f1ca0c37bc97c5475d633d30702f95b9c8967839189a084379538c1ea0464f045da88eebd49",,"2026-03-01T06:30:00.000","30","UNKNOWN","UNKNOWN","CLEAR","DAWN","FIXED OBJECT","DIVIDED - W/MEDIAN BARRIER",,"STRAIGHT AND LEVEL","DRY","NO DEFECTS","ON SCENE","INJURY AND / OR TOW DUE TO CRASH",,,,"OVER $1,500","2026-03-01T06:30:00.000","UNABLE TO DETERMINE","UNABLE TO DETERMINE","325","E","MARQUETTE RD","322",,,,,,,"1","NONINCAPACITATING INJURY","1","0","0","1","0","0","0","6","1","3","41.772819666","-87.6177108974","POINT (-87.61771089743 41.772819665968)"
"2e9d141cd22adb5ddf4ae2133a505c61936a9fa5d878da1285971daefedbb11999b3428bb1631f5ccd5363bc18f50fc06b45bb2c703c67bc392ced68ebb1a596",,"2026-03-01T05:56:00.000","30","NO CONTROLS","NO CONTROLS","CLEAR","DARKNESS","PARKED MOTOR VEHICLE","ONE-WAY",,"STRAIGHT AND LEVEL","DRY","NO DEFECTS","NOT ON SCENE (DESK REPORT)","NO INJURY / DRIVE AWAY",,,"Y","OVER $1,500","2026-03-07T17:30:00.000","UNABLE TO DETERMINE","UNABLE TO DETERMINE","4332","S","VERNON AVE","221",,,,,,,"2","NO INDICATION OF INJURY","0","0","0","0","0","1","0","5","1","3","41.8157719062","-87.6153883768","POINT (-87.615388376814 41.815771906204)"
"21cae24220d957da2a3bd9ffebb053d70c4718ac6601ab2e1195eeaa3ca8314c3bc86ab1d13b10c6363bc249cef421738c2af7871e6383adb13984c7ed345abd",,"2026-03-01T05:45:00.000","30","NO CONTROLS","NO CONTROLS","CLEAR","DAYLIGHT","PARKED MOTOR VEHICLE","ONE-WAY",,"STRAIGHT AND LEVEL","DRY","NO DEFECTS","NOT ON SCENE (DESK REPORT)","NO INJURY / DRIVE AWAY",,,,"OVER $1,500","2026-03-01T15:20:00.000","FAILING TO YIELD RIGHT-OF-WAY","FAILING TO YIELD RIGHT-OF-WAY","601","S","DESPLAINES ST","124",,,,,,,"2","NO INDICATION OF INJURY","0","0","0","0","0","1","0","5","1","3","41.8743139704","-87.6437388937","POINT (-87.643738893737 41.874313970403)"
"1934e7689b6562debb6ccfa5de3dcef8a413622b705864107ece6c82edf60459a7f490d9622850a3f426254b54c053706fd45a518e38fb427d49da1fc725406e",,"2026-03-01T05:17:00.000","30","NO CONTROLS","NO CONTROLS","CLEAR","DARKNESS","PARKED MOTOR VEHICLE","NOT DIVIDED",,"STRAIGHT AND LEVEL","DRY","NO DEFECTS","ON SCENE","INJURY AND / OR TOW DUE TO CRASH",,,"Y","OVER $1,500","2026-03-01T05:17:00.000","UNABLE TO DETERMINE","UNABLE TO DETERMINE","2412","E","100TH ST","431",,,,,,,"2","NO INDICATION OF INJURY","0","0","0","0","0","1","0","5","1","3","41.7136274517","-87.5651944932","POINT (-87.565194493166 41.713627451674)"
"ac8aaddfcd14f62d4984690c7511c9fdc04cc46227ac671557a9e31e08e00aca31c5d0702effe25aea94010f1a03f700494ef186e0034e0a2f92ea0001acd4e8",,"2026-03-01T05:00:00.000","30","NO CONTROLS","NO CONTROLS","CLEAR","DARKNESS, LIGHTED ROAD","PARKED MOTOR VEHICLE","NOT DIVIDED",,"STRAIGHT AND LEVEL","DRY","NO DEFECTS","ON SCENE","NO INJURY / DRIVE AWAY",,,"Y","OVER $1,500","2026-03-01T13:35:00.000","UNABLE TO DETERMINE","UNABLE TO DETERMINE","2603","N","MOODY AVE","2512",,,,,,,"2","NO INDICATION OF INJURY","0","0","0","0","0","1","0","5","1","3","41.9275799262","-87.7793466448","POINT (-87.779346644825 41.927579926192)"
"6d73594b00af847ce8b9ce09a115ba0f0417f2839f7dba78010c61442549545cc6bdbedc83355d6247deabaceb2f0c308c0b76a72a9f89107cfb1a9711021dea",,"2026-03-01T04:50:00.000","25","NO CONTROLS","NO CONTROLS","UNKNOWN","UNKNOWN","PARKED MOTOR VEHICLE","ONE-WAY",,"STRAIGHT AND LEVEL","UNKNOWN","UNKNOWN","NOT ON SCENE (DESK REPORT)","NO INJURY / DRIVE AWAY",,,"Y","OVER $1,500","2026-03-01T07:00:00.000","NOT APPLICABLE","NOT APPLICABLE","2431","S","AVERS AVE","1013",,,,,,,"2","NO INDICATION OF INJURY","0","0","0","0","0","1","0","4","1","3","41.8470293698","-87.7208182559","POINT (-87.720818255924 41.847029369801)"
"0d2cce1fefd0fd652c573a8a79cb58f6e0575e70eaf581faa47c1849c20f38c9341dac956d8fb7addbf9163f76915b1655d27721052e191194db1260cb11992e",,"2026-03-01T04:40:00.000","30","NO CONTROLS","NO CONTROLS","CLEAR","DARKNESS, LIGHTED ROAD","PARKED MOTOR VEHICLE","NOT DIVIDED",,"STRAIGHT AND LEVEL","DRY","UNKNOWN","ON SCENE","INJURY AND / OR TOW DUE TO CRASH",,,"Y","OVER $1,500","2026-03-01T05:07:00.000","UNABLE TO DETERMINE","UNABLE TO DETERMINE","4711","W","BELMONT AVE","2521",,,,,,,"4","NO INDICATION OF INJURY","0","0","0","0","0","1","0","4","1","3","41.938744698","-87.7448514442","POINT (-87.744851444157 41.93874469802)"
"5e7571c637a4b66e1d91196606b606c8e3e2bd8285d9a72ddf91ea4ee6b38c5b427e445c900f050d04af3b2b27546adc4f0e109afe066f693dba5745f07da24e",,"2026-03-01T04:30:00.000","30","NO CONTROLS","NO CONTROLS","CLEAR","DARKNESS, LIGHTED ROAD","ANGLE","NOT DIVIDED",,"STRAIGHT AND LEVEL","DRY","NO DEFECTS","NOT ON SCENE (DESK REPORT)","NO INJURY / DRIVE AWAY",,,,"OVER $1,500","2026-03-01T05:15:00.000","UNABLE TO DETERMINE","UNABLE TO DETERMINE","640","W","CERMAK RD","1235",,,,,,,"2","NO INDICATION OF INJURY","0","0","0","0","0","2","0","4","1","3","41.8527970965","-87.6432930778","POINT (-87.643293077755 41.852797096499)"
"8cb8d6e6a4bda3d71c6d8b3942819c629a22fa9c5af569ff5c6fff3efcf2b84e7b57ac8f7f31c819a33f8d6f6c736af09e2767740e43af1e374c797eecec5613",,"2026-03-01T04:30:00.000","25","UNKNOWN","UNKNOWN","UNKNOWN","UNKNOWN","PEDALCYCLIST","UNKNOWN",,"STRAIGHT AND LEVEL","UNKNOWN","UNKNOWN","ON SCENE","INJURY AND / OR TOW DUE TO CRASH","Y",,"Y","$500 OR LESS","2026-03-03T10:45:00.000","UNABLE TO DETERMINE","UNABLE TO DETERMINE","33","W","ILLINOIS ST","1831",,,,"N",,,"2","NONINCAPACITATING INJURY","1","0","0","1","0","1","0","4","1","3","41.8907289081","-87.6293856562","POINT (-87.629385656182 41.89072890813)"
"7284c4c41d54742705fa7b1f8f7a5d1a9d6faa087dd957c961f6a3f863942b84b272d6e2d1d98e8aaa7aece6b1a0d5d64c0a6aa74e128231bacd409f0f3f1561",,"2026-03-01T04:20:00.000","30","NO CONTROLS","NO CONTROLS","CLEAR","DARKNESS","OTHER OBJECT","DIVIDED - W/MEDIAN (NOT RAISED)",,"STRAIGHT AND LEVEL","DRY","NO DEFECTS","ON SCENE","INJURY AND / OR TOW DUE TO CRASH","Y",,,"$501 - $1,500","2026-03-01T04:30:00.000","UNABLE TO DETERMINE","UNABLE TO DETERMINE","243","W","111TH ST","522",,,,,,,"1","NO INDICATION OF INJURY","0","0","0","0","0","1","0","4","1","3","41.6923986022","-87.6295930976","POINT (-87.629593097555 41.692398602197)"
"5129b6d993a94965674acdea19f914393044e2031396ee096418641cecb1b8b0932bef7de2ec21d9202f125c049bb4e59c2c5a282a1383ec7405d4a2f384cdaa",,"2026-03-01T04:10:00.000","30","NO CONTROLS","NO CONTROLS","CLEAR","DARKNESS, LIGHTED ROAD","FIXED OBJECT","NOT DIVIDED",,"STRAIGHT AND LEVEL","DRY","NO DEFECTS","ON SCENE","INJURY AND / OR TOW DUE TO CRASH",,,"Y","OVER $1,500","2026-03-01T04:10:00.000","FAILING TO REDUCE SPEED TO AVOID CRASH","UNABLE TO DETERMINE","6520","W","ADDISON ST","1632",,,,,,,"1","NO INDICATION OF INJURY","0","0","0","0","0","1","0","4","1","3","41.9457142986","-87.789621426","POINT (-87.789621426 41.9457142986)"
"64cf080320c058ae2c66390f07a9235d0de4af839ccf46c3b647e2820f7f5810109dd0c1faaa3b362c126c01a2a443f21c514a0893a770cf6cee5219d896d8a5",,"2026-03-01T04:10:00.000","30","NO CONTROLS","UNKNOWN","CLEAR","DARKNESS, LIGHTED ROAD","PARKED MOTOR VEHICLE","PARKING LOT",,"STRAIGHT AND LEVEL","DRY","NO DEFECTS","ON SCENE","NO INJURY / DRIVE AWAY",,"Y",,"OVER $1,500","2026-03-01T04:13:00.000","IMPROPER TURNING/NO SIGNAL","NOT APPLICABLE","6071","S","LANGLEY AVE","313",,,,,,,"2","NO INDICATION OF INJURY","0","0","0","0","0","3","0","4","1","3","41.7840966397","-87.6083588079","POINT (-87.608358807914 41.784096639682)"
"8f20bd1064b472192a39c1d42e4e2310c932ecea71e66d0e15a13c9091de8d11dc00a91650f373046734da1110dcb1ba941d1a0808670528f4158c453c06b788","Y","2026-03-01T04:00:00.000","30","NO CONTROLS","NO CONTROLS","CLEAR","UNKNOWN","PARKED MOTOR VEHICLE","ONE-WAY",,"STRAIGHT AND LEVEL","UNKNOWN","UNKNOWN","ON SCENE","NO INJURY / DRIVE AWAY",,,"Y","OVER $1,500","2026-03-02T15:25:00.000","UNABLE TO DETERMINE","NOT APPLICABLE","7017","S","MAPLEWOOD AVE","832",,,,,,,"2","NO INDICATION OF INJURY","0","0","0","0","0","1","0","4","1","3","41.7659175064","-87.6868002808","POINT (-87.68680028078 41.765917506438)"
"6778bd8e3185a0eeb0cf648afeeaf1b605ca75aa177a7387cf801fe96a83cd47bda6914ac72cf17706d7b2fbcc1345d894cb84105f268bcd92abd72c1982b229",,"2026-03-01T03:33:00.000","30","NO CONTROLS","NO CONTROLS","CLEAR","DARKNESS, LIGHTED ROAD","PARKED MOTOR VEHICLE","ONE-WAY",,"STRAIGHT AND LEVEL","DRY","NO DEFECTS","NOT ON SCENE (DESK REPORT)","NO INJURY / DRIVE AWAY",,,"Y","OVER $1,500","2026-03-01T08:00:00.000","UNABLE TO DETERMINE","UNABLE TO DETERMINE","266","N","KILDARE AVE","1114",,,,,,,"2","NO INDICATION OF INJURY","0","0","0","0","0","4","0","3","1","3","41.8853651289","-87.7333168246","POINT (-87.733316824621 41.885365128885)"
"3593ad5dee596bd5f048a4d5f5b65b793f4014c2e59d2f66e3d198866fed628e5369a7aa45c62e79981285236c5a6fadb05ce085604c4529160a71582c8ea251",,"2026-03-01T03:30:00.000","30","TRAFFIC SIGNAL","FUNCTIONING PROPERLY","CLEAR","DARKNESS, LIGHTED ROAD","REAR END","FOUR WAY",,"STRAIGHT AND LEVEL","DRY","NO DEFECTS","ON SCENE","NO INJURY / DRIVE AWAY",,,"Y","OVER $1,500","2026-03-01T03:33:00.000","UNABLE TO DETERMINE","UNABLE TO DETERMINE","5603","W","BELMONT AVE","2514",,,,,,,"2","NO INDICATION OF INJURY","0","0","0","0","0","3","0","3","1","3","41.9384634098","-87.7666361157","POINT (-87.766636115735 41.938463409798)"
"f8a9929eb3db7e1306ebc599fbb2b947cc692c5397ca6858dc1887f7ef519375d3afc99ba586ca47049a0338bff70355be3757ff843dc857d62c088aebee0c1d",,"2026-03-01T03:30:00.000","30","NO CONTROLS","NO CONTROLS","CLEAR","DARKNESS, LIGHTED ROAD","TURNING","DIVIDED - W/MEDIAN BARRIER",,"STRAIGHT AND LEVEL","DRY","UNKNOWN","NOT ON SCENE (DESK REPORT)","NO INJURY / DRIVE AWAY",,,,"OVER $1,500","2026-03-02T14:15:00.000","UNABLE TO DETERMINE","NOT APPLICABLE","4905","W","FULLERTON AVE","2522",,,,,,,"2","NO INDICATION OF INJURY","0","0","0","0","0","3","0","3","1","3","41.9240935402","-87.7490327093","POINT (-87.749032709312 41.924093540211)"
"6964edf1c468e106d98a9818ca1efcb4f772d70effed0cf885b23595d802655b9aff302d628db37c3127e08f74130afd67c5805e0c5ce535f10d7f91c643c633",,"2026-03-01T03:25:00.000","30","NO CONTROLS","NO CONTROLS","CLEAR","DARKNESS, LIGHTED ROAD","PARKED MOTOR VEHICLE","NOT DIVIDED",,"STRAIGHT AND LEVEL","DRY","UNKNOWN","ON SCENE","INJURY AND / OR TOW DUE TO CRASH",,,,"OVER $1,500","2026-03-01T04:01:00.000","UNABLE TO DETERMINE","UNABLE TO DETERMINE","3637","N","LARAMIE AVE","1634",,,,,,,"3","NO INDICATION OF INJURY","0","0","0","0","0","1","0","3","1","3","41.9471406998","-87.7568083544","POINT (-87.756808354436 41.947140699812)"
"b6503818e7bf920fa8656480cb83cc1a983c4f544ea1f9147ee931eb4ea97f2afa4632e9d87c985c9082091c0c9bd56bc804399d1eabf3ae7b900c1d8b77df1d",,"2026-03-01T03:25:00.000","30","TRAFFIC SIGNAL","UNKNOWN","CLEAR","DARKNESS, LIGHTED ROAD","TURNING","NOT DIVIDED",,"STRAIGHT AND LEVEL","UNKNOWN","UNKNOWN","NOT ON SCENE (DESK REPORT)","NO INJURY / DRIVE AWAY",,,"Y","OVER $1,500","2026-03-01T04:36:00.000","UNABLE TO DETERMINE","UNABLE TO DETERMINE","2200","E","67TH ST","331",,,,,,,"2","NO INDICATION OF INJURY","0","0","0","0","0","2","0","3","1","3","41.7736123564","-87.5715376517","POINT (-87.571537651666 41.773612356373)"