"crash_record_id","crash_date_est_i","crash_date","posted_speed_limit","traffic_control_device","device_condition","weather_condition","lighting_condition","first_crash_type","trafficway_type","lane_cnt","alignment","roadway_surface_cond","road_defect","report_type","crash_type","intersection_related_i","private_property_i","hit_and_run_i","damage","date_police_notified","prim_contributory_cause","sec_contributory_cause","street_no","street_direction","street_name","beat_of_occurrence","photos_taken_i","statements_taken_i","dooring_i","work_zone_i","work_zone_type","workers_present_i","num_units","most_severe_injury","injuries_total","injuries_fatal","injuries_incapacitating","injuries_non_incapacitating","injuries_reported_not_evident","injuries_no_indication","injuries_unknown","crash_hour","crash_day_of_week","crash_month","latitude","longitude","location"
"772423f72c3df7bbcd1162ad43df93b5feb220fa8d390e98310c446b08991fbb890c4adab9858f798c836e3a6298a4022a9f0560200581a0147c5491301ecedd",,"2026-03-01T03:21:00.000","30","TRAFFIC SIGNAL","FUNCTIONING PROPERLY","CLEAR","DARKNESS, LIGHTED ROAD","ANGLE","FOUR WAY",,"STRAIGHT AND LEVEL","DRY","NO DEFECTS","ON SCENE","INJURY AND / OR TOW DUE TO CRASH","Y",,,"OVER $1,500","2026-03-01T03:23:00.000","FAILING TO YIELD RIGHT-OF-WAY","IMPROPER OVERTAKING/PASSING","2355","W","ADDISON ST","1921",,,,,,,"3","INCAPACITATING INJURY","6","0","3","3","0","0","0","3","1","3","41.9466232282","-87.6880268325","POINT (-87.688026832456 41.946623228221)"
"076b2e4db62d39bb354983e2341a58d31efed6317b85497402554fae425afa8e274da7c30e8f79d992777be204144e66aa8387eb70359ec67e8aabdca04f1739",,"2026-03-01T03:20:00.000","30","NO CONTROLS","NO CONTROLS","CLEAR","DARKNESS","OTHER OBJECT","NOT DIVIDED",,"STRAIGHT AND LEVEL","DRY","NO DEFECTS","ON SCENE","INJURY AND / OR TOW DUE TO CRASH",,,,"OVER $1,500","2026-03-01T03:25:00.000","FOLLOWING TOO CLOSELY","NOT APPLICABLE","8300","S","WABASH AVE","632",,,,,,,"1","NO INDICATION OF INJURY","0","0","0","0","0","1","0","3","1","3","41.7435868283","-87.6229453434","POINT (-87.622945343409 41.743586828342)"
"1036d3ecdbfde2989830f8daf9ba38377f530a6865206aa49d90f731ea24542a61a420173047c5b73510e2c99fda20165b9dcd30da4adca34fa93ed4d6f3663b",,"2026-03-01T03:10:00.000","30","NO CONTROLS","NO CONTROLS","CLEAR","DARKNESS, LIGHTED ROAD","TURNING","NOT DIVIDED",,"STRAIGHT AND LEVEL","DRY","UNKNOWN","ON SCENE","NO INJURY / DRIVE AWAY",,,,"OVER $1,500","2026-03-01T03:11:00.000","IMPROPER OVERTAKING/PASSING","NOT APPLICABLE","1032","E","MARQUETTE RD","321",,,,,,,"2","NO INDICATION OF INJURY","0","0","0","0","0","3","0","3","1","3","41.7751350478","-87.5996672932","POINT (-87.599667293177 41.775135047824)"
"45776b5ea522d780d4ecc95b9e3c44f7a8770f0bb4dc29a5afdb7b48d01f8f72b7fd13636dc09399264f07b35e21a66014c490b6dc162f4f8376adeb2582409e",,"2026-03-01T03:10:00.000","15","NO CONTROLS","NO CONTROLS","CLEAR","DARKNESS, LIGHTED ROAD","FIXED OBJECT","ALLEY",,"STRAIGHT AND LEVEL","DRY","UNKNOWN","ON SCENE","NO INJURY / DRIVE AWAY",,,"Y","OVER $1,500","2026-03-01T03:17:00.000","FAILING TO REDUCE SPEED TO AVOID CRASH","UNABLE TO DETERMINE","1223","N","AUSTIN BLVD","2531",,,,,,,"1","NO INDICATION OF INJURY","0","0","0","0","0","1","0","3","1","3","41.9027102432","-87.7752384782","POINT (-87.775238478169 41.902710243198)"
"e1bb155da0193ea2f72e302b6ce74173f1ea1a6545b11038b76f607f4e60829bbb19dda803eb34afe083e952626259dd2ca31b4904cf690e3a3df465de2da887",,"2026-03-01T03:10:00.000","25","TRAFFIC SIGNAL","FUNCTIONING PROPERLY","CLEAR","DARKNESS, LIGHTED ROAD","PARKED MOTOR VEHICLE","FOUR WAY",,"STRAIGHT AND LEVEL","DRY","NO DEFECTS","ON SCENE","NO INJURY / DRIVE AWAY",,,,"$500 OR LESS","2026-03-01T03:12:00.000","UNDER THE INFLUENCE OF ALCOHOL/DRUGS (USE WHEN ARREST IS EFFECTED)","PHYSICAL CONDITION OF DRIVER","1979","S","HAMLIN AVE","1014",,,,,,,"2","NO INDICATION OF INJURY","0","0","0","0","0","1","0","3","1","3","41.8527336739","-87.7197442447","POINT (-87.719744244725 41.852733673912)"
"0488c981da1f67eec0c1e39b50953f6b0304ba44f147f2806fc8572d2671b63d8ee7a961dcd3d3b5595d613567d1dee3a53d5e2b90c10a6a7defd913c5644ca7",,"2026-03-01T03:00:00.000","30","NO CONTROLS","NO CONTROLS","CLEAR","DARKNESS, LIGHTED ROAD","TURNING","FOUR WAY",,"STRAIGHT AND LEVEL","DRY","NO DEFECTS","ON SCENE","NO INJURY / DRIVE AWAY","N",,"Y","$501 - $1,500","2026-03-01T03:04:00.000","IMPROPER TURNING/NO SIGNAL","IMPROPER LANE USAGE","898","W","103RD ST","2232",,,,,,,"2","NO INDICATION OF INJURY","0","0","0","0","0","2","0","3","1","3","41.7070046406","-87.6452053413","POINT (-87.645205341319 41.707004640591)"
"21f5ce046fc94457233e4b027379c7416a8ca5cdf4132c61b3637419f8309f24efdec78c9feb75b8fd9ba910b3afed434f3ee79e7db232dc87af10bd11666523",,"2026-03-01T03:00:00.000","30","NO CONTROLS","NO CONTROLS","CLEAR","DARKNESS, LIGHTED ROAD","PARKED MOTOR VEHICLE","NOT DIVIDED",,"STRAIGHT AND LEVEL","DRY","NO DEFECTS","NOT ON SCENE (DESK REPORT)","NO INJURY / DRIVE AWAY",,,"Y","OVER $1,500","2026-03-02T11:30:00.000","NOT APPLICABLE","NOT APPLICABLE","9324","S","WOODLAWN AVE","413",,,,,,,"2","NO INDICATION OF INJURY","0","0","0","0","0","1","0","3","1","3","41.7250893085","-87.5950056186","POINT (-87.595005618585 41.72508930852)"
"665ec614f2d01fb9b8116d1fec540dda42631cfa2fb8201071e746589e78029b5ecda2ce57e7c57dba0759dfdca6219a8325faafb82e85b24b183412109efd47",,"2026-03-01T03:00:00.000","30","NO CONTROLS","NO CONTROLS","CLEAR","DARKNESS","PARKED MOTOR VEHICLE","NOT DIVIDED",,"STRAIGHT AND LEVEL","DRY","NO DEFECTS","NOT ON SCENE (DESK REPORT)","NO INJURY / DRIVE AWAY",,,"Y","$501 - $1,500","2026-03-01T15:28:00.000","UNABLE TO DETERMINE","UNABLE TO DETERMINE","401","N","WELLS ST","1831",,,,,,,"2","NO INDICATION OF INJURY","0","0","0","0","0","1","0","3","1","3","41.8892152218","-87.6338644008","POINT (-87.633864400819 41.889215221757)"
"d22763963af371dac9dd13fb081601d8f1934a577a04d48c9ff50eaea40609ed41f85450617c1cf156d31f3f6b3481de2ad9a4ff9dc3906107490d7a639c452f",,"2026-03-01T03:00:00.000","25","NO CONTROLS","NO CONTROLS","CLEAR","DARKNESS, LIGHTED ROAD","PARKED MOTOR VEHICLE","NOT DIVIDED",,"STRAIGHT AND LEVEL","DRY","SHOULDER DEFECT","NOT ON SCENE (DESK REPORT)","NO INJURY / DRIVE AWAY",,,"Y","OVER $1,500","2026-03-01T09:20:00.000","UNABLE TO DETERMINE","NOT APPLICABLE","1400","S","CENTRAL PARK AVE","1011",,,,,,,"2","NO INDICATION OF INJURY","0","0","0","0","0","1","0","3","1","3","41.8623151143","-87.7154483454","POINT (-87.715448345409 41.862315114335)"
"ed7faed303074d714d6b3f51d8e39f5f95b8f5963a62d10471d723a2909f172b0b31176ec4ac6bc81195b8bee34a257620bb189eca8228aa891db58f84570f89",,"2026-03-01T02:50:00.000","25","NO CONTROLS","NO CONTROLS","CLEAR","DARKNESS, LIGHTED ROAD","PARKED MOTOR VEHICLE","NOT DIVIDED",,"STRAIGHT AND LEVEL","OTHER","UNKNOWN","ON SCENE","INJURY AND / OR TOW DUE TO CRASH",,,,"OVER $1,500","2026-03-01T02:54:00.000","FAILING TO REDUCE SPEED TO AVOID CRASH","UNABLE TO DETERMINE","4054","N","KEDZIE AVE","1724",,,,,,,"2","NONINCAPACITATING INJURY","2","0","0","2","0","1","0","2","1","3","41.9555313337","-87.7082078565","POINT (-87.708207856499 41.955531333702)"
"c91c5611ea7e4c11ce36fec90a04f26e12d99de477f6b762d2ba5389190482ae100c4b2ee2e53fabe835d902f5b910473ee7827405f79798e64b1bc0d8aaab0e",,"2026-03-01T02:45:00.000","30","NO CONTROLS","NO CONTROLS","CLEAR","DARKNESS, LIGHTED ROAD","TURNING","NOT DIVIDED",,"STRAIGHT AND LEVEL","DRY","NO DEFECTS","ON SCENE","NO INJURY / DRIVE AWAY","Y",,,"OVER $1,500","2026-03-01T02:58:00.000","UNABLE TO DETERMINE","UNABLE TO DETERMINE","207","W","79TH ST","623",,,,,,,"2","NO INDICATION OF INJURY","0","0","0","0","0","2","0","2","1","3","41.750749996","-87.6297922443","POINT (-87.629792244319 41.750749995985)"
"5c7fc6c79c1132b852d9b6ec0c2a6363fe0f4957f52197ee7fecac68d2b49b5745054b9e1331211cb6176a7776628c1b4be2ea1b5a8bca04bc1f264b18b55ab9",,"2026-03-01T02:30:00.000","30","NO CONTROLS","NO CONTROLS","CLEAR","DARKNESS, LIGHTED ROAD","PARKED MOTOR VEHICLE","NOT DIVIDED",,"STRAIGHT AND LEVEL","DRY","NO DEFECTS","ON SCENE","INJURY AND / OR TOW DUE TO CRASH",,,"Y","OVER $1,500","2026-03-01T02:30:00.000","UNABLE TO DETERMINE","NOT APPLICABLE","4220","W","CARROLL AVE","1114",,,,,,,"3","NO INDICATION OF INJURY","0","0","0","0","0","1","0","2","1","3","41.8870390343","-87.7316475111","POINT (-87.731647511122 41.887039034285)"
"71e3e8b639a0eb3b2bbffb944b05152b34e6ad60d2c2cc3ae7a0aa7afa5dba9529b726bdb0c34055f2d44b7ba0251b487b136630cc9767282dc929317b66c9e7",,"2026-03-01T02:15:00.000","30","NO CONTROLS","NO CONTROLS","CLEAR","DARKNESS, LIGHTED ROAD","TURNING","T-INTERSECTION",,"STRAIGHT AND LEVEL","DRY","NO DEFECTS","NOT ON SCENE (DESK REPORT)","INJURY AND / OR TOW DUE TO CRASH",,,"Y","OVER $1,500","2026-03-01T02:29:00.000","UNABLE TO DETERMINE","UNABLE TO DETERMINE","328","N","KEELER AVE","1114",,,,,,,"2","NO INDICATION OF INJURY","0","0","0","0","0","2","0","2","1","3","41.886137133","-87.7308832948","POINT (-87.730883294844 41.886137133024)"
"64adeb66aabe5cbb0a373aa3ffd1dba8dabf80fb22206a6ecd8d91d963811690bf9fd49433acaec43ba52ea7748a9776f18af075a7abb289898af13adc77b809",,"2026-03-01T02:12:00.000","30","TRAFFIC SIGNAL","FUNCTIONING PROPERLY","CLEAR","DARKNESS, LIGHTED ROAD","FIXED OBJECT","RAMP",,"STRAIGHT AND LEVEL","DRY","UNKNOWN","ON SCENE","INJURY AND / OR TOW DUE TO CRASH",,,,"OVER $1,500","2026-03-01T02:12:00.000","OPERATING VEHICLE IN ERRATIC, RECKLESS, CARELESS, NEGLIGENT OR AGGRESSIVE MANNER","UNDER THE INFLUENCE OF ALCOHOL/DRUGS (USE WHEN ARREST IS EFFECTED)","1305","S","CLARK ST","131",,,,,,,"1","NO INDICATION OF INJURY","0","0","0","0","0","2","0","2","1","3","41.8654690252","-87.6302254326","POINT (-87.630225432618 41.865469025243)"
"0c2db715fd38b18f1233e85c5311fec8bab2bae9ff43ee646fa9967d56d6adf202a03d10cce9ec66a3e9d3d607fd9622fad5e1175348584e27340da4aea90c65",,"2026-03-01T01:49:00.000","30","TRAFFIC SIGNAL","FUNCTIONING PROPERLY","CLEAR","DARKNESS, LIGHTED ROAD","REAR END","DIVIDED - W/MEDIAN BARRIER",,"STRAIGHT AND LEVEL","DRY","NO DEFECTS","ON SCENE","INJURY AND / OR TOW DUE TO CRASH",,,,"OVER $1,500","2026-03-01T01:49:00.000","UNABLE TO DETERMINE","NOT APPLICABLE","5927","N","CLARK ST","2013",,,,,,,"2","NO INDICATION OF INJURY","0","0","0","0","0","2","0","1","1","3","41.9892390479","-87.6698040107","POINT (-87.669804010688 41.989239047872)"
"ede1f3432f021845c1761921b7bff6db7d16768fb7d2d2184f94a9c2e51c35ee6ea137350ea753fa2ddbbe106faa5af7a71a79d579e3f02737a1ac0be995bd5d",,"2026-03-01T01:48:00.000","30","TRAFFIC SIGNAL","FUNCTIONING PROPERLY","CLEAR","DARKNESS, LIGHTED ROAD","ANGLE","UNKNOWN INTERSECTION TYPE",,"STRAIGHT AND LEVEL","DRY","UNKNOWN","ON SCENE","INJURY AND / OR TOW DUE TO CRASH","Y",,"Y","OVER $1,500","2026-03-01T01:49:00.000","DISREGARDING TRAFFIC SIGNALS","NOT APPLICABLE","3401","W","DOUGLAS BLVD","1021",,,,,,,"2","NO INDICATION OF INJURY","0","0","0","0","0","3","0","1","1","3","41.8623434767","-87.7104907499","POINT (-87.71049074995 41.862343476719)"
"26e6f71e122d507098f462f808bd1460f2f4180f41db4758b490f38af636511cbb31165b392b8d31dc533acb0f3614a7ef95e6c9babf334427aa25c188775fc2",,"2026-03-01T01:45:00.000","30","NO CONTROLS","NO CONTROLS","CLEAR","DARKNESS, LIGHTED ROAD","SIDESWIPE SAME DIRECTION","DIVIDED - W/MEDIAN (NOT RAISED)",,"STRAIGHT AND LEVEL","DRY","NO DEFECTS","ON SCENE","INJURY AND / OR TOW DUE TO CRASH",,,"N","OVER $1,500","2026-03-01T01:49:00.000","IMPROPER OVERTAKING/PASSING","NOT APPLICABLE","6454","W","NORTH AVE","2513",,,,,,,"2","NO INDICATION OF INJURY","0","0","0","0","0","6","0","1","1","3","41.909229895","-87.7871288207","POINT (-87.787128820718 41.909229895)"
"cfc6780ceb09d4b2169c0441392447521fe930e6cf744dea78cfe2302e46b81f0d257b4c13409994a48d24ea92a9bd22f39690688d3e9e1b2c15b1709fe7c23a",,"2026-03-01T01:45:00.000","35","TRAFFIC SIGNAL","FUNCTIONING PROPERLY","CLEAR","DAYLIGHT","SIDESWIPE SAME DIRECTION","FOUR WAY",,"STRAIGHT AND LEVEL","DRY","NO DEFECTS","NOT ON SCENE (DESK REPORT)","NO INJURY / DRIVE AWAY",,,"Y","$500 OR LESS","2026-03-02T10:03:00.000","UNABLE TO DETERMINE","UNABLE TO DETERMINE","2349","W","HOWARD ST","2411",,,,,,,"2","NO INDICATION OF INJURY","0","0","0","0","0","3","0","1","1","3","42.0194208806","-87.6896908395","POINT (-87.68969083947 42.019420880645)"
"6dd85c1b29bf45e2542aa780387793b91fb84b75404a060cea46aaf9c84ad835db5275e196d55548b98b12c7e58039fb2673c3b8078ffa29f38b6fc2220c47e2",,"2026-03-01T01:41:00.000","30","TRAFFIC SIGNAL","FUNCTIONING PROPERLY","CLEAR","DARKNESS, LIGHTED ROAD","TURNING","TRAFFIC ROUTE",,"STRAIGHT AND LEVEL","DRY","NO DEFECTS","ON SCENE","INJURY AND / OR TOW DUE TO CRASH","Y",,"Y","OVER $1,500","2026-03-01T01:43:00.000","DISREGARDING TRAFFIC SIGNALS","DISREGARDING OTHER TRAFFIC SIGNS","98","N","KILBOURN AVE","1113",,,,,,,"2","REPORTED, NOT EVIDENT","2","0","0","0","2","1","0","1","1","3","41.8818314731","-87.7381146697","POINT (-87.738114669677 41.881831473123)"
"7c3d18f3a8d4b616762a36e587a72529bb57f26f71e93cbc7760dbe74b026461275561fed694a4c5397d73fcc24d7e45cbf5289c090ca28dddb5e5cc21566d40",,"2026-03-01T01:30:00.000","30","TRAFFIC SIGNAL","FUNCTIONING PROPERLY","CLEAR","DARKNESS","FIXED OBJECT","FOUR WAY",,"STRAIGHT AND LEVEL","DRY","NO DEFECTS","ON SCENE","INJURY AND / OR TOW DUE TO CRASH","N",,,"OVER $1,500","2026-03-01T01:36:00.000","IMPROPER LANE USAGE","UNABLE TO DETERMINE","299","N","HAMLIN BLVD","1122",,,,,,,"1","NO INDICATION OF INJURY","0","0","0","0","0","1","0","1","1","3","41.8851505014","-87.7207719938","POINT (-87.720771993829 41.885150501407)"
"87724243f3dc155f796691aa93b52836d5bf4223836aa841d4abc70cd1a4e98c38f56472dfc73ffdb420f74059d8e2001fc3feb7162cf842f935601fdded7188",,"2026-03-01T01:08:00.000","30","STOP SIGN/FLASHER","NO CONTROLS","CLEAR","DARKNESS, LIGHTED ROAD","ANGLE","ONE-WAY",,"STRAIGHT AND LEVEL","DRY","NO DEFECTS","ON SCENE","INJURY AND / OR TOW DUE TO CRASH",,,"Y","OVER $1,500","2026-03-01T01:09:00.000","DISREGARDING STOP SIGN","UNABLE TO DETERMINE","2701","S","SAWYER AVE","1032",,,,,,,"4","NO INDICATION OF INJURY","0","0","0","0","0","2","0","1","1","3","41.8425893927","-87.7060535548","POINT (-87.706053554784 41.842589392731)"
"48cb07bf213263f49f3c8bfcc520be3ee84533de9319869fe8c6f6e74b80a2894327787c728c34c63783a0a10e9eb48f0e5da68db165b4b3d54bca1da423037b",,"2026-03-01T00:53:00.000","25","NO CONTROLS","UNKNOWN","CLEAR","DARKNESS, LIGHTED ROAD","PARKED MOTOR VEHICLE","DIVIDED - W/MEDIAN (NOT RAISED)",,"STRAIGHT AND LEVEL","DRY","NO DEFECTS","ON SCENE","INJURY AND / OR TOW DUE TO CRASH",,,,"OVER $1,500","2026-03-01T00:53:00.000","IMPROPER LANE USAGE","NOT APPLICABLE","6898","N","CALIFORNIA AVE","2411",,,,,,,"2","NONINCAPACITATING INJURY","1","0","0","1","0","0","0","0","1","3","42.0066123407","-87.6999495587","POINT (-87.699949558686 42.006612340712)"
"1805f2883274f9308d69d2e74cb12c0d363260d3404d64b2598bfbeb9e21ddaeabc975641d25a1be1a83d537c263c2467ecbdc8b35fb445d6206dc6e2e05e962",,"2026-03-01T00:50:00.000","30","TRAFFIC SIGNAL","FUNCTIONING PROPERLY","CLEAR","DARKNESS, LIGHTED ROAD","TURNING","NOT DIVIDED",,"STRAIGHT AND LEVEL","DRY","NO DEFECTS","NOT ON SCENE (DESK REPORT)","INJURY AND / OR TOW DUE TO CRASH",,,"Y","OVER $1,500","2026-03-01T08:16:00.000","UNABLE TO DETERMINE","NOT APPLICABLE","3398","W","DOUGLAS BLVD","1021",,,,,,,"2","NONINCAPACITATING INJURY","1","0","0","1","0","4","0","0","1","3","41.8630182167","-87.710383455","POINT (-87.710383454984 41.863018216699)"
"77b0adbedbb4a0fee4ad90c89ea40dce3f5c53d414e8eaa988a531912a807613a6021629e9c4fee10ec9ba6ff2b17c99369a487b1c42a32c06de9ecd1625898a",,"2026-03-01T00:30:00.000","30","NO CONTROLS","NO CONTROLS","CLEAR","DARKNESS, LIGHTED ROAD","SIDESWIPE SAME DIRECTION","DIVIDED - W/MEDIAN BARRIER",,"STRAIGHT AND LEVEL","DRY","UNKNOWN","NOT ON SCENE (DESK REPORT)","NO INJURY / DRIVE AWAY",,,"Y","$501 - $1,500","2026-03-01T01:00:00.000","UNABLE TO DETERMINE","NOT APPLICABLE","400","S","LOWER WACKER DR","122",,,,,,,"2","NO INDICATION OF INJURY","0","0","0","0","0","5","0","0","1","3","41.8767499692","-87.6369077406","POINT (-87.636907740642 41.876749969186)"
"7e8b84520347328f68dbc8d05f11fc47ae6b5bb0527ca279aae699c1e2ca417f87697aae801eb1335b285fd6153d9990cf597ac4602413932e150ea53b929b87",,"2026-03-01T00:09:00.000","20","NO CONTROLS","NO CONTROLS","CLEAR","DARKNESS, LIGHTED ROAD","FIXED OBJECT","ONE-WAY",,"STRAIGHT AND LEVEL","DRY","NO DEFECTS","ON SCENE","INJURY AND / OR TOW DUE TO CRASH",,,"Y","OVER $1,500","2026-03-01T00:09:00.000","UNABLE TO DETERMINE","NOT APPLICABLE","8201","S","EBERHART AVE","631",,,,,,,"1",,,,,,,,,"0","1","3","41.7455882066","-87.6122016832","POINT (-87.612201683159 41.745588206624)"
"adfbedb224231d54e530914315690fde707f83155f43fbe089dcd31a35391685aff4ae2106236d52e8c66feffc49f1b058696d7124b6d66dca6d2403e9c3843f","N","2026-03-01T00:06:00.000","25","NO CONTROLS","NO CONTROLS","CLEAR","DARKNESS, LIGHTED ROAD","PARKED MOTOR VEHICLE","ONE-WAY",,"STRAIGHT AND LEVEL","DRY","NO DEFECTS",,"NO INJURY / DRIVE AWAY",,,"Y","OVER $1,500","2026-03-01T00:19:00.000","UNABLE TO DETERMINE","NOT APPLICABLE","4826","N","KENMORE AVE","2024",,"Y",,,,,"2","NO INDICATION OF INJURY","0","0","0","0","0","2","0","0","1","3","41.9699028896","-87.6563849694","POINT (-87.656384969413 41.969902889555)"
"e93d46f6a35ff8731f4e9dc64d7dc87d77f305aca38fddced0d86159e3e3a8eb816d72c88dbabd9921750df4bc03676dd35902f37ce9f7a621328cc7bffc8246",,"2026-03-01T00:05:00.000","45","TRAFFIC SIGNAL","FUNCTIONING PROPERLY","CLEAR","DARKNESS, LIGHTED ROAD","REAR END","DIVIDED - W/MEDIAN BARRIER",,"STRAIGHT AND LEVEL","DRY","NO DEFECTS","NOT ON SCENE (DESK REPORT)","NO INJURY / DRIVE AWAY",,,"Y","OVER $1,500","2026-03-02T09:45:00.000","FAILING TO REDUCE SPEED TO AVOID CRASH","FOLLOWING TOO CLOSELY","700","N","LAKE SHORE DR NB","1834",,,,,,,"2","NO INDICATION OF INJURY","0","0","0","0","0","2","0","0","1","3","41.895078838","-87.6158466585","POINT (-87.615846658479 41.895078838031)"
"b572f84456dc25bfd26cba84ccab03df221e1524a620b3b651ce6cb1aeba2c4e0bae8e12cf1a9b4864474085d385aaf1853cee6ce6f05d091d8d52d3698ae2e9",,"2026-03-01T00:02:00.000","30","NO CONTROLS","NO CONTROLS","CLEAR","DARKNESS","ANGLE","NOT DIVIDED",,"STRAIGHT AND LEVEL","DRY","NO DEFECTS","ON SCENE","INJURY AND / OR TOW DUE TO CRASH",,,,"OVER $1,500","2026-03-01T00:05:00.000","UNABLE TO DETERMINE","UNABLE TO DETERMINE","5053","S","ELLIS AVE","222",,,,,,,"2","REPORTED, NOT EVIDENT","1","0","0","0","1","1","0","0","1","3","41.8025743587","-87.6014171033","POINT (-87.6014171033 41.802574358699)"
"6746ff2d63721e30491360fac584e3c7f7f4a714e419d081c72a7019a71e092e5d9f0d90ead6aa61afb07def7dfe6f7db829103eee1705f910ab6e0a6d719683",,"2026-03-01T00:00:00.000","35","NO CONTROLS","NO CONTROLS","CLEAR","DARKNESS, LIGHTED ROAD","PARKED MOTOR VEHICLE","DIVIDED - W/MEDIAN (NOT RAISED)",,"STRAIGHT AND LEVEL","DRY","NO DEFECTS","NOT ON SCENE (DESK REPORT)","NO INJURY / DRIVE AWAY",,,"Y","OVER $1,500","2026-03-01T19:00:00.000","IMPROPER OVERTAKING/PASSING","UNABLE TO DETERMINE","8124","S","HARVARD AVE","622",,,,,,,"2","NO INDICATION OF INJURY","0","0","0","0","0","1","0","0","1","3","41.7464372601","-87.633120988","POINT (-87.633120987954 41.746437260054)"
"8f3a4764d14e7eede1a64d19c79bb8ec85e7ca1bb01ce9072e7e2b888ac507f4ba0e73a5f45574d5fb82463dfb77f7c7e422eff92e407881da3367301d16600e",,"2026-02-28T23:57:00.000","30","TRAFFIC SIGNAL","FUNCTIONING PROPERLY","CLEAR","DARKNESS, LIGHTED ROAD","ANGLE","FOUR WAY",,"STRAIGHT AND LEVEL","DRY","NO DEFECTS","ON SCENE","INJURY AND / OR TOW DUE TO CRASH","Y",,,"OVER $1,500","2026-03-01T00:02:00.000","UNABLE TO DETERMINE","UNABLE TO DETERMINE","3956","W","CERMAK RD","1014",,,,,,,"2","NONINCAPACITATING INJURY","4","0","0","4","0","0","0","23","7","2","41.8516599","-87.72453636","POINT (-87.724536359985 41.851659899998)"
"50727f7ea9cb33a8b68f5a61bc3f9e9eac6d50255968ad3d9140eba08b3e8c2a14c442c1a6bece9461964d1e22c13300805d46eec00839ba34553393fd8fc4e2",,"2026-02-28T23:44:00.000","30","UNKNOWN","UNKNOWN","UNKNOWN","UNKNOWN","ANGLE","OTHER",,"STRAIGHT AND LEVEL","OTHER","UNKNOWN","NOT ON SCENE (DESK REPORT)","NO INJURY / DRIVE AWAY","Y",,,"OVER $1,500","2026-03-01T00:56:00.000","NOT APPLICABLE","NOT APPLICABLE","2300","N","LINCOLN AVE","1812",,,,,,,"2","NO INDICATION OF INJURY","0","0","0","0","0","2","0","23","7","2","41.9236244659","-87.6464272903","POINT (-87.64642729029 41.92362446591)"
"8e0ebfe746da982e19379138cb707b38657557f4efffbe68b9ebb90e11129afc6f23d99ab95e77a5faaaae86836de4f9b0cb2a29b92632504ec898267e54dd11",,"2026-02-28T23:30:00.000","30","STOP SIGN/FLASHER","FUNCTIONING PROPERLY","CLEAR","DARKNESS","ANGLE","NOT DIVIDED",,"STRAIGHT AND LEVEL","DRY","NO DEFECTS","NOT ON SCENE (DESK REPORT)","NO INJURY / DRIVE AWAY","Y",,"Y","OVER $1,500","2026-03-01T14:06:00.000","FAILING TO YIELD RIGHT-OF-WAY","FAILING TO YIELD RIGHT-OF-WAY","3000","S","LOWE AVE","914",,,,,,,"2","NO INDICATION OF INJURY","0","0","0","0","0","2","0","23","7","2","41.8398215718","-87.6428352481","POINT (-87.642835248073 41.839821571787)"
"9ca554135a3a8ba4e671d67a5e3d692e3ba0e06caa0f94d58d17995462a042f8517f541709d3443a89da1c32fa014b7f6ba902fcf7e696d46987c51fe36ebefa",,"2026-02-28T23:00:00.000","20","STOP SIGN/FLASHER","FUNCTIONING PROPERLY","CLEAR","DARKNESS, LIGHTED ROAD","ANGLE","NOT DIVIDED",,"STRAIGHT AND LEVEL","DRY","NO DEFECTS","NOT ON SCENE (DESK REPORT)","NO INJURY / DRIVE AWAY",,,"Y","OVER $1,500","2026-03-02T11:15:00.000","UNABLE TO DETERMINE","UNABLE TO DETERMINE","2333","W","72ND ST","832",,,,,,,"2","NO INDICATION OF INJURY","0","0","0","0","0","2","0","23","7","2","41.7627878162","-87.6819335484","POINT (-87.681933548407 41.762787816221)"
"f0630b2f420a82098e8cec621e9dba70c15a705f548414dd39b91f6ecdfe71852adbb47ed2cceb287a9621ab258cb4201140efdb3bdfa94808a47b34921c1236",,"2026-02-28T22:50:00.000","30","TRAFFIC SIGNAL","FUNCTIONING PROPERLY","CLEAR","DARKNESS, LIGHTED ROAD","REAR END","NOT DIVIDED",,"STRAIGHT AND LEVEL","DRY","NO DEFECTS","ON SCENE","INJURY AND / OR TOW DUE TO CRASH",,,"Y","OVER $1,500","2026-02-28T22:58:00.000","FAILING TO REDUCE SPEED TO AVOID CRASH","UNABLE TO DETERMINE","3607","W","FULLERTON AVE","2525",,,,,,,"2","NO INDICATION OF INJURY","0","0","0","0","0","2","0","22","7","2","41.924490094","-87.717288131","POINT (-87.717288130979 41.924490093998)"
"4446ccd6474ad0579202d965b8016b47e5c45d6a795f4ff9cba7f7a0a7a96e908db99e983f1c32e7e4a97c5dfe33bc4f61abb7011541379e26e80000d0e01cb6",,"2026-02-28T22:39:00.000","30","TRAFFIC SIGNAL","FUNCTIONING PROPERLY","CLEAR","DARKNESS, LIGHTED ROAD","REAR END","NOT DIVIDED",,"STRAIGHT AND LEVEL","DRY","NO DEFECTS","ON SCENE","INJURY AND / OR TOW DUE TO CRASH",,,,"OVER $1,500","2026-02-28T22:44:00.000","UNDER THE INFLUENCE OF ALCOHOL/DRUGS (USE WHEN ARREST IS EFFECTED)","UNABLE TO DETERMINE","5510","S","WESTERN AVE","824",,,,,,,"2","NONINCAPACITATING INJURY","3","0","0","3","0","1","0","22","7","2","41.7930659362","-87.6841661271","POINT (-87.684166127145 41.793065936157)"