"crash_record_id","crash_date_est_i","crash_date","posted_speed_limit","traffic_control_device","device_condition","weather_condition","lighting_condition","first_crash_type","trafficway_type","lane_cnt","alignment","roadway_surface_cond","road_defect","report_type","crash_type","intersection_related_i","private_property_i","hit_and_run_i","damage","date_police_notified","prim_contributory_cause","sec_contributory_cause","street_no","street_direction","street_name","beat_of_occurrence","photos_taken_i","statements_taken_i","dooring_i","work_zone_i","work_zone_type","workers_present_i","num_units","most_severe_injury","injuries_total","injuries_fatal","injuries_incapacitating","injuries_non_incapacitating","injuries_reported_not_evident","injuries_no_indication","injuries_unknown","crash_hour","crash_day_of_week","crash_month","latitude","longitude","location"
"4f9a259335555011e2a0ac167d4a9312210d40cacc12021303112f2e9fa002478a44a7f3d56ec296379b48ade200527cf9c80c4f1dd619dd769e7a2d0bcb1bbf",,"2026-02-28T22:35:00.000","25","UNKNOWN","FUNCTIONING PROPERLY","CLEAR","DARKNESS","SIDESWIPE OPPOSITE DIRECTION","ALLEY",,"STRAIGHT AND LEVEL","DRY","NO DEFECTS","ON SCENE","NO INJURY / DRIVE AWAY",,,"Y","OVER $1,500","2026-02-28T23:47:00.000","UNABLE TO DETERMINE","NOT APPLICABLE","6709","S","EAST END AVE","332",,,,,,,"2","NO INDICATION OF INJURY","0","0","0","0","0","2","0","22","7","2","41.7730497607","-87.583707027","POINT (-87.583707026966 41.773049760691)"
"307edcdab71a7ad155dc31d0cff897bbf29c9027ddfe04dbf369cd6173ed11661a406b2f051546b505f766cc365513f17df0c2b8c1736086bf25897a66cb32e1",,"2026-02-28T22:30:00.000","30","TRAFFIC SIGNAL","FUNCTIONING PROPERLY","CLEAR","DARKNESS","REAR END","FOUR WAY",,"STRAIGHT AND LEVEL","DRY","NO DEFECTS","NOT ON SCENE (DESK REPORT)","INJURY AND / OR TOW DUE TO CRASH","Y",,,"OVER $1,500","2026-02-28T23:45:00.000","FOLLOWING TOO CLOSELY","FOLLOWING TOO CLOSELY","1399","E","83RD ST","412",,,,,,,"2","NO INDICATION OF INJURY","0","0","0","0","0","3","0","22","7","2","41.7440318529","-87.5905103536","POINT (-87.590510353574 41.744031852881)"
"59e203ccb4f427347cc57655c61135cd37e0576cd2d86cf76da65a27f74bd876accca9247f0e9dc30de99d25ac3ad387edde793d547080ef6fd1862f06e4ccbc",,"2026-02-28T22:30:00.000","30","NO CONTROLS","NO CONTROLS","CLEAR","DARKNESS, LIGHTED ROAD","TURNING","NOT DIVIDED",,"STRAIGHT AND LEVEL","UNKNOWN","UNKNOWN","NOT ON SCENE (DESK REPORT)","NO INJURY / DRIVE AWAY",,,"Y","$501 - $1,500","2026-02-28T23:25:00.000","IMPROPER OVERTAKING/PASSING","NOT APPLICABLE","3214","W","WILSON AVE","1713",,,,,,,"2","NO INDICATION OF INJURY","0","0","0","0","0","4","0","22","7","2","41.9648039664","-87.7089691994","POINT (-87.708969199415 41.964803966373)"
"7ab1eb56429a0474430f8787aa648a64da360e2528dd637666e004c5f3df2cef32424e7d2c1db12e91f544b1b48c39e3cc01a07e9e3add52dad8dab0aab77dee",,"2026-02-28T22:30:00.000","30","NO CONTROLS","NO CONTROLS","CLEAR","DARKNESS, LIGHTED ROAD","SIDESWIPE SAME DIRECTION","NOT DIVIDED",,"STRAIGHT AND LEVEL","DRY","NO DEFECTS","ON SCENE","NO INJURY / DRIVE AWAY",,,"Y","$501 - $1,500","2026-02-28T23:15:00.000","UNABLE TO DETERMINE","IMPROPER LANE USAGE","3207","W","WILSON AVE","1724",,,,,,,"2","NO INDICATION OF INJURY","0","0","0","0","0","2","0","22","7","2","41.9645855442","-87.7086520667","POINT (-87.708652066699 41.964585544242)"
"8f495b7d6905163568c059253bd2b47cf28bda84d79f5df635731d4941fc13cebbac1b2b937dc85783bec6a60e81cd2a1ed17433ac8c4706b3880296726cfd30",,"2026-02-28T22:20:00.000","30","NO CONTROLS","NO CONTROLS","CLEAR","DARKNESS","PARKED MOTOR VEHICLE","NOT DIVIDED",,"STRAIGHT AND LEVEL","DRY","NO DEFECTS","ON SCENE","INJURY AND / OR TOW DUE TO CRASH",,,"Y","OVER $1,500","2026-02-28T23:40:00.000","UNABLE TO DETERMINE","UNABLE TO DETERMINE","3935","W","59TH ST","822",,,,,,,"3","NO INDICATION OF INJURY","0","0","0","0","0","1","0","22","7","2","41.7858441594","-87.7219214788","POINT (-87.72192147876 41.785844159413)"
"7605c7c162b377e06143db2a0434e0744992df37646ead500a32046adf7a4bd1a1274724a4a27b91f0fbce8bc705678823bdc3605714676d81ff13e5321be03b",,"2026-02-28T22:15:00.000","30","TRAFFIC SIGNAL","UNKNOWN","CLEAR","DARKNESS, LIGHTED ROAD","REAR END","NOT DIVIDED",,"STRAIGHT AND LEVEL","DRY","UNKNOWN","NOT ON SCENE (DESK REPORT)","NO INJURY / DRIVE AWAY","Y",,,"OVER $1,500","2026-02-28T23:45:00.000","FAILING TO YIELD RIGHT-OF-WAY","FOLLOWING TOO CLOSELY","600","N","ORLEANS ST","1831",,,,,,,"2","NO INDICATION OF INJURY","0","0","0","0","0","2","0","22","7","2","41.8924106658","-87.63720268","POINT (-87.637202679986 41.892410665824)"
"408dfb6c00c6b4344b3200bf3f5170ebedc995b8ec9114438b56e255dc4411d59de963e57aa8bb81151399920e450e86cb27de75714776ac3a12df48fcfa32d0",,"2026-02-28T22:10:00.000","25","NO CONTROLS","NO CONTROLS","CLEAR","DARKNESS, LIGHTED ROAD","FIXED OBJECT","ALLEY",,"STRAIGHT AND LEVEL","DRY","NO DEFECTS","NOT ON SCENE (DESK REPORT)","NO INJURY / DRIVE AWAY",,,,"$500 OR LESS","2026-02-28T22:25:00.000","UNABLE TO DETERMINE","NOT APPLICABLE","4810","W","IOWA ST","1531",,,,,,,"1","NO INDICATION OF INJURY","0","0","0","0","0","2","0","22","7","2","41.8969366322","-87.7463501641","POINT (-87.746350164055 41.896936632229)"
"9197368d58f18d836cd57308c05736a79e6666eaddff62d72a6ce512a6939e499b33d8622a809b02b395a70877f5fc23718cb463069e7988029b3e42840c8e3e",,"2026-02-28T22:10:00.000","30","NO CONTROLS","NO CONTROLS","CLEAR","DARKNESS, LIGHTED ROAD","TURNING","NOT DIVIDED",,"STRAIGHT AND LEVEL","DRY","NO DEFECTS","ON SCENE","NO INJURY / DRIVE AWAY",,,,"OVER $1,500","2026-02-28T22:10:00.000","FAILING TO YIELD RIGHT-OF-WAY","NOT APPLICABLE","6625","S","KEDZIE AVE","831",,,,,,,"2","NO INDICATION OF INJURY","0","0","0","0","0","5","0","22","7","2","41.7726539438","-87.7028451528","POINT (-87.702845152843 41.772653943847)"
"1db2807acfbe2c0a85403df59993fafabe95da4a7cccc8f9875f80477e9c305844539d94ad500b3ca68a496ee6775355bdca1d77fa34ac325795bc2958993383",,"2026-02-28T22:00:00.000","25","NO CONTROLS","NO CONTROLS","CLEAR","DARKNESS, LIGHTED ROAD","PARKED MOTOR VEHICLE","ONE-WAY",,"STRAIGHT AND LEVEL","DRY","NO DEFECTS","ON SCENE","NO INJURY / DRIVE AWAY",,,"N","OVER $1,500","2026-03-01T00:05:00.000","UNABLE TO DETERMINE","NOT APPLICABLE","2444","E","72ND ST","334",,,,,,,"2","NO INDICATION OF INJURY","0","0","0","0","0","1","0","22","7","2","41.7646891791","-87.5647960537","POINT (-87.564796053717 41.764689179077)"
"d9b4754ac7d805ccadbdb5d2090942cb4e88a8b925b441ee1a5445f50b60c8316159d5a615a26fa4105d1a11cc05fed0bed1f8a7e988ee4986c70d6bcd8742a3",,"2026-02-28T22:00:00.000","40","NO CONTROLS","NO CONTROLS","CLEAR","DARKNESS, LIGHTED ROAD","REAR END","DIVIDED - W/MEDIAN BARRIER",,"STRAIGHT AND LEVEL","DRY","NO DEFECTS",,"INJURY AND / OR TOW DUE TO CRASH",,,,"OVER $1,500","2026-02-28T22:11:00.000","FOLLOWING TOO CLOSELY","UNABLE TO DETERMINE","1400","N","LAKE SHORE DR SB","1824",,,,,,,"4","REPORTED, NOT EVIDENT","1","0","0","0","1","2","0","22","7","2","41.9079099261","-87.6257410883","POINT (-87.625741088327 41.90790992609)"
"01717a0bfa243154910baa3e5d9f65752943555008262872ba690d22a04a5a40c5e2fb383455374bbb5c9e265bf87c1b7dd3045da7d360eff74c10da0aa4dc6b",,"2026-02-28T21:52:00.000","30","STOP SIGN/FLASHER","FUNCTIONING PROPERLY","CLEAR","DARKNESS","REAR END","DIVIDED - W/MEDIAN (NOT RAISED)",,"STRAIGHT AND LEVEL","DRY","UNKNOWN","NOT ON SCENE (DESK REPORT)","NO INJURY / DRIVE AWAY",,,"Y","OVER $1,500","2026-03-01T09:25:00.000","FOLLOWING TOO CLOSELY","FOLLOWING TOO CLOSELY","5718","S","ARCHER AVE","814",,,,,,,"2","NO INDICATION OF INJURY","0","0","0","0","0","3","0","21","7","2","41.7969674958","-87.7549909148","POINT (-87.754990914833 41.796967495803)"
"d67c7c4c15b242cc1c58e4739fa04b2226c6109c05fd6368100144c5af5db70f81a794824b7352a9d939be88051a75bfff118116c099821ddcb93467e8bd8382","Y","2026-02-28T21:47:00.000","30","NO CONTROLS","NO CONTROLS","CLOUDY/OVERCAST","DARKNESS, LIGHTED ROAD","ANGLE","PARKING LOT",,"STRAIGHT AND LEVEL","DRY","NO DEFECTS","NOT ON SCENE (DESK REPORT)","NO INJURY / DRIVE AWAY",,,,"$500 OR LESS","2026-02-28T22:40:00.000","IMPROPER BACKING","UNABLE TO DETERMINE","1901","W","MADISON ST","1223",,,,,,,"2","NO INDICATION OF INJURY","0","0","0","0","0","2","0","21","7","2","41.8812414568","-87.674282534","POINT (-87.674282533953 41.881241456803)"
"faaa954df9f036d925c905609910da0a2d094d507c25ddaeb1d2ea79b8e1b15467de140036a7bc73008b9ca6099634d255ffaf21ebb42dabe4c6316a65de2408",,"2026-02-28T21:40:00.000","30","TRAFFIC SIGNAL","FUNCTIONING PROPERLY","CLEAR","DARKNESS, LIGHTED ROAD","REAR END","ONE-WAY",,"STRAIGHT AND LEVEL","DRY","NO DEFECTS","NOT ON SCENE (DESK REPORT)","NO INJURY / DRIVE AWAY",,,,"$501 - $1,500","2026-02-28T22:20:00.000","NOT APPLICABLE","NOT APPLICABLE","1037","W","WASHINGTON BLVD","1224",,,,,,,"2","NO INDICATION OF INJURY","0","0","0","0","0","2","0","21","7","2","41.8829295018","-87.6534639594","POINT (-87.653463959373 41.882929501765)"
"69cff66b73269fe2c2134c1f981eecbe87f08146151510ed674e06b32036a0e234e3ef5b27f7a841abd2b08d789e4e8388841b5ad7e00e05fd944293ccf32274",,"2026-02-28T21:30:00.000","30","TRAFFIC SIGNAL","FUNCTIONING PROPERLY","CLEAR","DARKNESS, LIGHTED ROAD","REAR END","ONE-WAY",,"STRAIGHT AND LEVEL","DRY","NO DEFECTS","NOT ON SCENE (DESK REPORT)","NO INJURY / DRIVE AWAY","Y",,,"OVER $1,500","2026-02-28T21:55:00.000","FOLLOWING TOO CLOSELY","NOT APPLICABLE","2233","W","FULLERTON AVE","1432",,,,,,,"2","NO INDICATION OF INJURY","0","0","0","0","0","2","0","21","7","2","41.9248381944","-87.6842328744","POINT (-87.684232874392 41.924838194435)"
"6e5cc1f9d26a3e7657e8136b4a69933a3ae07f64cdea12382ef3944b3bcf672b314beb10fcabf9df37907567be1120458aa8b8c2c6082e7b5f29497dafbf3000",,"2026-02-28T21:30:00.000","25","NO CONTROLS","NO CONTROLS","CLEAR","DARKNESS","PARKED MOTOR VEHICLE","ONE-WAY",,"STRAIGHT AND LEVEL","DRY","NO DEFECTS",,"NO INJURY / DRIVE AWAY","Y",,,"$501 - $1,500","2026-03-01T09:15:00.000","UNABLE TO DETERMINE","UNABLE TO DETERMINE","2353","N","CLEVELAND AVE","1812",,,,,,,"2","NO INDICATION OF INJURY","0","0","0","0","0","1","0","21","7","2","41.9253117092","-87.6413240362","POINT (-87.641324036227 41.925311709209)"
"ddeb53f5cb2aa146fa8f4bb13124d4dbc1725c35f070274b6df6ddaec88adf8ed74b0e05244f1c0f07bf06ebdc6a754bb98da2a1a4d69be775e7072a65414e94",,"2026-02-28T21:28:00.000","35","NO CONTROLS","NO CONTROLS","CLEAR","DARKNESS, LIGHTED ROAD","FIXED OBJECT","T-INTERSECTION",,"STRAIGHT AND LEVEL","DRY","NO DEFECTS","ON SCENE","INJURY AND / OR TOW DUE TO CRASH",,,,"OVER $1,500","2026-02-28T21:28:00.000","FAILING TO REDUCE SPEED TO AVOID CRASH","NOT APPLICABLE","3515","W","IRVING PARK RD","1732",,,,,,,"1","NO INDICATION OF INJURY","0","0","0","0","0","1","0","21","7","2","41.9537024724","-87.7160147778","POINT (-87.716014777822 41.953702472436)"
"ac8592f50aec68c07982ebf8d4d1ebceb90bda18ccf5d24bed2ded5eb4eaecb41d5c36e47644027591f29c43066f582c6a7699226d2443b932cdd21e7b686c09","Y","2026-02-28T21:09:00.000","30","TRAFFIC SIGNAL","FUNCTIONING PROPERLY","CLOUDY/OVERCAST","DARKNESS, LIGHTED ROAD","REAR END","FIVE POINT, OR MORE",,"STRAIGHT AND LEVEL","DRY","NO DEFECTS","NOT ON SCENE (DESK REPORT)","NO INJURY / DRIVE AWAY",,,"Y","$501 - $1,500","2026-02-28T21:30:00.000","FOLLOWING TOO CLOSELY","DISTRACTION - FROM INSIDE VEHICLE","2406","N","ELSTON AVE","1432",,,,,,,"2","NO INDICATION OF INJURY","0","0","0","0","0","2","0","21","7","2","41.9256183296","-87.6757485933","POINT (-87.675748593319 41.925618329622)"
"0a0778f61c13baa05482c3f72a1f71064d770429bd9878ec4f394d0e0cc43122cc21db43e6c942dfb9c5399a56d00131afa135100c707bc6f714377d386d6938",,"2026-02-28T21:05:00.000","10","NO CONTROLS","NO CONTROLS","CLEAR","DARKNESS, LIGHTED ROAD","PARKED MOTOR VEHICLE","PARKING LOT",,"STRAIGHT AND LEVEL","DRY","NO DEFECTS","ON SCENE","NO INJURY / DRIVE AWAY",,"Y","Y","$500 OR LESS","2026-02-28T21:05:00.000","UNABLE TO DETERMINE","NOT APPLICABLE","833","W","BUENA AVE","1915",,,,,,,"2","NO INDICATION OF INJURY","0","0","0","0","0","1","0","21","7","2","41.9583624056","-87.6511138427","POINT (-87.651113842689 41.958362405589)"
"26de0c93e3cebd045631557fc5f5a4fd3be9654086d44ce1036e6f08949da9483276a77e68ecd1b54fb9a98b7e3c1eca186766da25757a0cb3bc5f0393568eed",,"2026-02-28T21:00:00.000","25","UNKNOWN","UNKNOWN","CLEAR","DARKNESS, LIGHTED ROAD","PARKED MOTOR VEHICLE","DIVIDED - W/MEDIAN (NOT RAISED)",,"STRAIGHT AND LEVEL","DRY","NO DEFECTS","NOT ON SCENE (DESK REPORT)","NO INJURY / DRIVE AWAY",,,"Y","OVER $1,500","2026-03-02T10:50:00.000","UNABLE TO DETERMINE","UNABLE TO DETERMINE","1914","N","KIMBALL AVE","1422",,,,,,,"2","NO INDICATION OF INJURY","0","0","0","0","0","1","0","21","7","2","41.9167585512","-87.712041366","POINT (-87.712041365958 41.916758551206)"
"3487103fdcaef3ef3487dc2d3792841bcbcb20b50345dcd24d1e080f18b474a500826647a3887b1285c63106e91aa6cade5ec508752ce75ac6cafce8bc3bc30f",,"2026-02-28T21:00:00.000","30","STOP SIGN/FLASHER","FUNCTIONING PROPERLY","CLEAR","DARKNESS, LIGHTED ROAD","ANGLE","FOUR WAY",,"STRAIGHT AND LEVEL","DRY","NO DEFECTS","NOT ON SCENE (DESK REPORT)","NO INJURY / DRIVE AWAY","Y",,,"OVER $1,500","2026-03-06T16:30:00.000","FAILING TO YIELD RIGHT-OF-WAY","UNABLE TO DETERMINE","4400","S","INDIANA AVE","215",,,,,,,"2","NO INDICATION OF INJURY","0","0","0","0","0","2","0","21","7","2","41.8146686294","-87.6215035309","POINT (-87.621503530892 41.81466862942)"
"74222ffaf632c125c30b352b4eed93bb6f3f465e18c6941cb7518702d0b7c85da9bece2893b65f9bdbb3fd1f03919359b2d935dc9d12213fed816e0399cde74b",,"2026-02-28T21:00:00.000","5","NO CONTROLS","NO CONTROLS","CLEAR","DAWN","REAR TO SIDE","PARKING LOT",,"STRAIGHT AND LEVEL","DRY","NO DEFECTS","ON SCENE","NO INJURY / DRIVE AWAY",,,,"$501 - $1,500","2026-02-28T21:05:00.000","IMPROPER BACKING","NOT APPLICABLE","1855","S","BLUE ISLAND AVE","1233",,,,,,,"2","NO INDICATION OF INJURY","0","0","0","0","0","2","0","21","7","2","41.8564445587","-87.6621944423","POINT (-87.662194442344 41.856444558725)"
"86d37f3a68ee2118b3ea4fdd1a08c6ec6ebe3b9d08fcc59b87a62c71cbc0c78b297cff259a34fc5242e240a5370389f92ab25e367803a48ec8ec8e2979380bb5",,"2026-02-28T21:00:00.000","30","UNKNOWN","UNKNOWN","CLEAR","DARKNESS, LIGHTED ROAD","REAR END","FOUR WAY",,"STRAIGHT AND LEVEL","DRY","UNKNOWN","NOT ON SCENE (DESK REPORT)","NO INJURY / DRIVE AWAY",,,,"OVER $1,500","2026-02-28T23:30:00.000","UNABLE TO DETERMINE","NOT APPLICABLE","4400","W","LAWRENCE AVE","1712",,,,,,,"2","NO INDICATION OF INJURY","0","0","0","0","0","2","0","21","7","2","41.968242774","-87.7379687782","POINT (-87.737968778247 41.968242773953)"
"4ef1b150d11dd847fea176678648b1ce6b7af0d822a7b95bf1ac24a84f685e2f6c5455a2eb5f4cc5a2f558fa83846a09f38998a4fe259436258f26de67d90851",,"2026-02-28T20:48:00.000","10","NO CONTROLS","NO CONTROLS","CLEAR","DARKNESS, LIGHTED ROAD","PARKED MOTOR VEHICLE","PARKING LOT",,"STRAIGHT AND LEVEL","DRY","NO DEFECTS","NOT ON SCENE (DESK REPORT)","NO INJURY / DRIVE AWAY",,,,"OVER $1,500","2026-03-01T12:30:00.000","UNABLE TO DETERMINE","NOT APPLICABLE","6030","N","BROADWAY","2433",,,,,,,"2","NO INDICATION OF INJURY","0","0","0","0","0","1","0","20","7","2","41.9917743873","-87.6604689144","POINT (-87.66046891443 41.991774387282)"
"a4b1919979366c4b9f2a8744242219bae6093e512d7842ce5aedb2d165d7a1967a8640946b62bfb9b7a0d9ebaa4634400761b888209a8a9c9a3e567b0a870720",,"2026-02-28T20:45:00.000","15","NO CONTROLS","NO CONTROLS","CLEAR","DARKNESS, LIGHTED ROAD","ANGLE","PARKING LOT",,"STRAIGHT AND LEVEL","DRY","UNKNOWN","ON SCENE","NO INJURY / DRIVE AWAY",,"Y",,"$500 OR LESS","2026-02-28T20:48:00.000","DISREGARDING ROAD MARKINGS","DRIVING SKILLS/KNOWLEDGE/EXPERIENCE","10500","S","WOODLAWN AVE","512",,,,,,,"2","NO INDICATION OF INJURY","0","0","0","0","0","2","0","20","7","2","41.7037181724","-87.5943561357","POINT (-87.594356135652 41.70371817243)"
"11efd816d3760f78ea5bed83cdb0cd1ab886f0abf016a6502ef1cc567d9e6f6b1b55453da174a517eab32316aa2b2db14cc0327d421b9f76445fc3b7843972bb",,"2026-02-28T20:30:00.000","30","TRAFFIC SIGNAL","FUNCTIONING PROPERLY","CLEAR","DARKNESS, LIGHTED ROAD","PEDESTRIAN","ONE-WAY",,"STRAIGHT AND LEVEL","DRY","NO DEFECTS","ON SCENE","INJURY AND / OR TOW DUE TO CRASH",,,"Y","OVER $1,500","2026-02-28T20:40:00.000","UNABLE TO DETERMINE","UNABLE TO DETERMINE","600","N","WELLS ST","1831",,,,,,,"2","NONINCAPACITATING INJURY","1","0","0","1","0","1","0","20","7","2","41.8924247847","-87.6342371356","POINT (-87.634237135636 41.892424784651)"
"78bd8d135b7afe6c786dbacfb9db936da068ca2e6bc6a9f2a6a2ad4e0212cc686f475c7f53a7aa48a282940f7b596144f37b49080e111fd8cf3d93711b6c1fb2",,"2026-02-28T20:30:00.000","30","NO CONTROLS","NO CONTROLS","CLEAR","DARKNESS, LIGHTED ROAD","REAR TO FRONT","DIVIDED - W/MEDIAN (NOT RAISED)",,"STRAIGHT AND LEVEL","DRY","NO DEFECTS","NOT ON SCENE (DESK REPORT)","NO INJURY / DRIVE AWAY",,,"Y","$501 - $1,500","2026-03-01T10:15:00.000","UNABLE TO DETERMINE","UNABLE TO DETERMINE","4504","N","KEDZIE AVE","1724",,,,,,,"2","NO INDICATION OF INJURY","0","0","0","0","0","5","0","20","7","2","41.9632069584","-87.7084556888","POINT (-87.708455688834 41.963206958356)"
"875379ab1e6d0a639459f58871a2435a30ebe8c8b5f3037c3130f48ebda52cc9b64e4da9b529ab3acd6cf36f897a2233260bd67f2121fed945f41726784fd132",,"2026-02-28T20:30:00.000","30","TRAFFIC SIGNAL","FUNCTIONING PROPERLY","CLEAR","DARKNESS","SIDESWIPE SAME DIRECTION","NOT DIVIDED",,"STRAIGHT AND LEVEL","DRY","NO DEFECTS",,"NO INJURY / DRIVE AWAY",,,,"$501 - $1,500","2026-03-01T16:48:00.000","FAILING TO YIELD RIGHT-OF-WAY","NOT APPLICABLE","9900","S","HALSTED ST","2232",,,,,,,"2","NO INDICATION OF INJURY","0","0","0","0","0","2","0","20","7","2","41.7141188681","-87.6431454082","POINT (-87.643145408182 41.71411886809)"
"88c57abf64a82a742766caf2259a82537877fb3433c045b103be403aca714298c2d46d53a52c169e9d853a06d8739e220b30670a52c429ecf62e8084440a62ea",,"2026-02-28T20:15:00.000","30","TRAFFIC SIGNAL","FUNCTIONING PROPERLY","CLEAR","DARKNESS, LIGHTED ROAD","TURNING","FOUR WAY",,"STRAIGHT AND LEVEL","DRY","UNKNOWN",,"NO INJURY / DRIVE AWAY",,,,"OVER $1,500","2026-02-28T20:21:00.000","RELATED TO BUS STOP","NOT APPLICABLE","3200","N","LAKE SHORE DR","1925",,,,,,,"2","NO INDICATION OF INJURY","0","0","0","0","0","2","0","20","7","2","41.9409091633","-87.63936916","POINT (-87.639369159955 41.940909163268)"
"25c98bdfb73a528ef0bf356c2da1096de34670de016f29ad0188a53748d674da329cb0d8948a73d8a67f74e490ecad632c0763970d1a1e91e955564dd95aea16",,"2026-02-28T20:03:00.000","30","NO CONTROLS","NO CONTROLS","CLEAR","DARKNESS, LIGHTED ROAD","REAR END","NOT DIVIDED",,"STRAIGHT AND LEVEL","DRY","UNKNOWN","NOT ON SCENE (DESK REPORT)","INJURY AND / OR TOW DUE TO CRASH",,,,"OVER $1,500","2026-02-28T21:38:00.000","UNABLE TO DETERMINE","UNABLE TO DETERMINE","7852","S","SOUTH CHICAGO AVE","411",,,,,,,"2","NO INDICATION OF INJURY","0","0","0","0","0","5","0","20","7","2","41.7517657273","-87.5861625668","POINT (-87.586162566787 41.751765727264)"
"4943210eec95743e706408b2d2af82095675937a28eb1aa6c43b4c9e85e80cfe555613a17c70b11ca0be86304f0bef67b1b8274ca376d82714de056541119b54",,"2026-02-28T20:00:00.000","30","NO CONTROLS","NO CONTROLS","UNKNOWN","UNKNOWN","PARKED MOTOR VEHICLE","ONE-WAY",,"STRAIGHT AND LEVEL","UNKNOWN","UNKNOWN","NOT ON SCENE (DESK REPORT)","NO INJURY / DRIVE AWAY",,,"Y","$501 - $1,500","2026-03-01T10:00:00.000","UNABLE TO DETERMINE","UNABLE TO DETERMINE","6015","S","MENARD AVE","812",,,,,,,"2","NO INDICATION OF INJURY","0","0","0","0","0","1","0","20","7","2","41.7829750185","-87.7666576743","POINT (-87.766657674308 41.782975018452)"
"a30db3679b37436a9ddf1da4dae16e0298dc618f409041340e4744bb431e8eeb07b7e59a29e654e0cd0c460415a5f6df0626b47de22220acef714c0acd265c01",,"2026-02-28T20:00:00.000","30","TRAFFIC SIGNAL","FUNCTIONING PROPERLY","CLEAR","DARKNESS, LIGHTED ROAD","TURNING","FOUR WAY",,"STRAIGHT AND LEVEL","DRY","UNKNOWN","NOT ON SCENE (DESK REPORT)","NO INJURY / DRIVE AWAY","Y",,,"OVER $1,500","2026-02-28T22:30:00.000","FAILING TO YIELD RIGHT-OF-WAY","IMPROPER TURNING/NO SIGNAL","2569","N","MILWAUKEE AVE","1414",,,,,,,"2","NO INDICATION OF INJURY","0","0","0","0","0","2","0","20","7","2","41.928078074","-87.7055520554","POINT (-87.705552055427 41.928078074023)"
"a763dec4bb07f864a83bb15aeff3d8409fae94e08917a15dec422bf9cb67b0c16e224eae7d6c2686efd922268b12eb22a0df17e3b23b5ed3ff87df9cc2253b64",,"2026-02-28T20:00:00.000","35","NO CONTROLS","FUNCTIONING PROPERLY","CLEAR","DARKNESS","ANGLE","NOT DIVIDED",,"STRAIGHT AND LEVEL","DRY","NO DEFECTS","NOT ON SCENE (DESK REPORT)","NO INJURY / DRIVE AWAY",,,,"$501 - $1,500","2026-03-02T13:00:00.000","UNABLE TO DETERMINE","NOT APPLICABLE","1041","W","WILSON AVE","1914",,,,,,,"2","NO INDICATION OF INJURY","0","0","0","0","0","2","0","20","7","2","41.9653027479","-87.6564457378","POINT (-87.6564457378 41.965302747946)"
"fdd77e3be4620923d0f5fb5b2d499b134b77e952b7f64548005b1cb1b29ad3b39110102d055f19522e3090d47dba18e1d6215bdb80befca6c725f57bc3dc548e",,"2026-02-28T19:49:00.000","30","TRAFFIC SIGNAL","FUNCTIONING PROPERLY","CLEAR","DARKNESS, LIGHTED ROAD","REAR TO FRONT","DIVIDED - W/MEDIAN (NOT RAISED)",,"STRAIGHT AND LEVEL","DRY","NO DEFECTS","ON SCENE","NO INJURY / DRIVE AWAY",,,,"OVER $1,500","2026-02-28T20:02:00.000","IMPROPER BACKING","NOT APPLICABLE","731","W","RANDOLPH ST","1224",,,,,,,"2","NO INDICATION OF INJURY","0","0","0","0","0","3","0","19","7","2","41.8843009455","-87.6469527383","POINT (-87.6469527383 41.884300945481)"
"2784621589ca7836b14aeb101b2d0bc0f81952da156874aee0577737a499b4cee0e0592fbcc1fbc11629c5a97a2b24b6ba082231c47fcb64b05fdb70dcbdd30f",,"2026-02-28T19:48:00.000","30","TRAFFIC SIGNAL","FUNCTIONING PROPERLY","CLEAR","DARKNESS, LIGHTED ROAD","SIDESWIPE SAME DIRECTION","NOT DIVIDED",,"STRAIGHT AND LEVEL","DRY","NO DEFECTS","ON SCENE","NO INJURY / DRIVE AWAY",,,,"OVER $1,500","2026-02-28T20:00:00.000","UNABLE TO DETERMINE","NOT APPLICABLE","3306","N","PULASKI RD","1731",,,,,,,"2","NO INDICATION OF INJURY","0","0","0","0","0","3","0","19","7","2","41.9411504293","-87.7273930873","POINT (-87.727393087269 41.941150429285)"
"a28cb7a952314e0902add687077845e872bdddff5361500554f6b526a93f80549661eddac8dc06cbd5508b67b2b428700e4888eed50faaad17b35316a68764ba",,"2026-02-28T19:40:00.000","30","NO CONTROLS","NO CONTROLS","UNKNOWN","UNKNOWN","PARKED MOTOR VEHICLE","DIVIDED - W/MEDIAN (NOT RAISED)",,"STRAIGHT AND LEVEL","UNKNOWN","UNKNOWN","NOT ON SCENE (DESK REPORT)","NO INJURY / DRIVE AWAY",,,"Y","$501 - $1,500","2026-02-28T20:05:00.000","FOLLOWING TOO CLOSELY","FOLLOWING TOO CLOSELY","3737","W","CHICAGO AVE","1112",,,,,,,"2","NO INDICATION OF INJURY","0","0","0","0","0","2","0","19","7","2","41.895314759","-87.7201998415","POINT (-87.720199841524 41.895314759041)"
"de78a4e5ba16c5cac09a86128e3abef996faf4e06849c0afb69cdb16788e19e574b15e7af0aa3012043f0390c2835d78c50517e2d3371c7228e5365062996c90",,"2026-02-28T19:40:00.000","30","TRAFFIC SIGNAL","FUNCTIONING PROPERLY","CLEAR","DARKNESS, LIGHTED ROAD","PEDALCYCLIST","FOUR WAY",,"STRAIGHT AND LEVEL","DRY","NO DEFECTS","ON SCENE","INJURY AND / OR TOW DUE TO CRASH","Y",,"Y","$500 OR LESS","2026-02-28T19:41:00.000","FAILING TO YIELD RIGHT-OF-WAY","UNABLE TO DETERMINE","3200","N","DAMEN AVE","1921",,,,,,,"2","INCAPACITATING INJURY","1","0","1","0","0","1","0","19","7","2","41.9396161047","-87.6785035287","POINT (-87.678503528692 41.939616104748)"