"crash_record_id","crash_date_est_i","crash_date","posted_speed_limit","traffic_control_device","device_condition","weather_condition","lighting_condition","first_crash_type","trafficway_type","lane_cnt","alignment","roadway_surface_cond","road_defect","report_type","crash_type","intersection_related_i","private_property_i","hit_and_run_i","damage","date_police_notified","prim_contributory_cause","sec_contributory_cause","street_no","street_direction","street_name","beat_of_occurrence","photos_taken_i","statements_taken_i","dooring_i","work_zone_i","work_zone_type","workers_present_i","num_units","most_severe_injury","injuries_total","injuries_fatal","injuries_incapacitating","injuries_non_incapacitating","injuries_reported_not_evident","injuries_no_indication","injuries_unknown","crash_hour","crash_day_of_week","crash_month","latitude","longitude","location"
"9ebd864811aaf21316bf7aec4a288159aee56bb0f839fc655d7c10493880554361f5d9f968a37c843468efd576fe6582d97bbb8a2f0dbecb9f56260306b38f07",,"2026-02-28T19:35:00.000","30","TRAFFIC SIGNAL","FUNCTIONING PROPERLY","CLEAR","DARKNESS, LIGHTED ROAD","REAR END","NOT DIVIDED",,"STRAIGHT AND LEVEL","DRY","UNKNOWN","ON SCENE","NO INJURY / DRIVE AWAY","Y",,,"$500 OR LESS","2026-02-28T19:43:00.000","DISTRACTION - FROM INSIDE VEHICLE","NOT APPLICABLE","6355","N","CENTRAL AVE","1621",,,,,,,"2","NO INDICATION OF INJURY","0","0","0","0","0","2","0","19","7","2","41.9971665847","-87.7636946072","POINT (-87.763694607162 41.997166584701)"
"4882eb78a134953e9f3aa1a07da5b74a9dd1966b62ee355b06a17e0fa319ed3bd9d4c889975ffd40b80127af4f38f572110aaba232b102e36e451f1618a230d3",,"2026-02-28T19:34:00.000","30","YIELD","OTHER","CLEAR","DARKNESS, LIGHTED ROAD","ANGLE","ONE-WAY",,"STRAIGHT AND LEVEL","DRY","NO DEFECTS","ON SCENE","INJURY AND / OR TOW DUE TO CRASH","Y",,,"OVER $1,500","2026-02-28T20:02:00.000","UNABLE TO DETERMINE","UNABLE TO DETERMINE","3028","N","PAULINA ST","1931",,,,,,,"2","NO INDICATION OF INJURY","0","0","0","0","0","3","0","19","7","2","41.936881201","-87.6711355151","POINT (-87.671135515101 41.936881201025)"
"b6e2a2165f35724f2e0f2e439026240778bfbe3409c5c045bae4be0898753bd6a80e5a261ae02d3dd4fa2177f32dd7c2dd228ed31b31c4f44543d8ca82aac68d",,"2026-02-28T19:34:00.000","35","NO CONTROLS","NO CONTROLS","CLEAR","DARKNESS","SIDESWIPE SAME DIRECTION","NOT DIVIDED",,"STRAIGHT AND LEVEL","DRY","NO DEFECTS","NOT ON SCENE (DESK REPORT)","NO INJURY / DRIVE AWAY",,,,"OVER $1,500","2026-02-28T19:55:00.000","IMPROPER LANE USAGE","NOT APPLICABLE","1835","E","95TH ST","431",,,,,,,"2","NO INDICATION OF INJURY","0","0","0","0","0","2","0","19","7","2","41.7223152189","-87.5788543234","POINT (-87.578854323402 41.72231521886)"
"ebffaed505165085c6cfb2780a18ac7d083a75f118eb68ad05006272e5b4db1a1b9f3c3bff479528796fe667e7f6d0f7ee49d5a598dbbbfc26e0fb5d8deb47eb",,"2026-02-28T19:30:00.000","30","UNKNOWN","UNKNOWN","CLEAR","DARKNESS","TURNING","DIVIDED - W/MEDIAN (NOT RAISED)",,"STRAIGHT AND LEVEL","DRY","NO DEFECTS","NOT ON SCENE (DESK REPORT)","NO INJURY / DRIVE AWAY","N",,"Y","OVER $1,500","2026-03-01T15:40:00.000","NOT APPLICABLE","NOT APPLICABLE","3050","W","ROOSEVELT RD","1134",,,,,,,"2","NO INDICATION OF INJURY","0","0","0","0","0","2","0","19","7","2","41.8665420535","-87.7027876251","POINT (-87.702787625082 41.866542053511)"
"c256e821fb1a205c8dfedf1ddd593b18ccf764d57fbed9a91f7569af0937b337c1166fddf3da945f6da11167669e9dcf1fa845dcb6149415ee544bd28ded09e8",,"2026-02-28T19:28:00.000","30","NO CONTROLS","NO CONTROLS","CLEAR","DARKNESS","FIXED OBJECT","DIVIDED - W/MEDIAN BARRIER",,"STRAIGHT AND LEVEL","DRY","UNKNOWN","ON SCENE","INJURY AND / OR TOW DUE TO CRASH",,,,"OVER $1,500","2026-02-28T19:28:00.000","UNABLE TO DETERMINE","IMPROPER TURNING/NO SIGNAL","150","W","35TH ST","915",,,,,,,"1","NO INDICATION OF INJURY","0","0","0","0","0","1","0","19","7","2","41.8310574391","-87.6310893427","POINT (-87.63108934271 41.831057439081)"
"cf049fb42c7fd8251f7d00b41a14069eef888089a2d9c533c482dc1bd8ae4806b474522656715abe31c103ea0a6d1d2197456d92280291449a39a213d9732f3b",,"2026-02-28T19:25:00.000","30","NO CONTROLS","UNKNOWN","CLEAR","DARKNESS, LIGHTED ROAD","REAR END","NOT DIVIDED",,"STRAIGHT AND LEVEL","DRY","UNKNOWN","NOT ON SCENE (DESK REPORT)","NO INJURY / DRIVE AWAY",,,,"OVER $1,500","2026-02-28T21:15:00.000","FAILING TO YIELD RIGHT-OF-WAY","FOLLOWING TOO CLOSELY","5714","W","DIVERSEY AVE","2514",,,,,,,"2","NO INDICATION OF INJURY","0","0","0","0","0","2","0","19","7","2","41.9313433191","-87.7693775472","POINT (-87.769377547198 41.931343319096)"
"a44706c2b69ecaaf523615118aaef66532894728cc08d728ead12f9d36b38a2580293105380575d5a44918c86584bc13fcefc911a230e51709d3153042aa1484",,"2026-02-28T19:20:00.000","20","NO CONTROLS","NO CONTROLS","CLEAR","UNKNOWN","PARKED MOTOR VEHICLE","PARKING LOT",,"STRAIGHT AND LEVEL","DRY","NO DEFECTS","NOT ON SCENE (DESK REPORT)","NO INJURY / DRIVE AWAY",,,,"OVER $1,500","2026-02-28T23:00:00.000","UNABLE TO DETERMINE","NOT APPLICABLE","516","N","RUSH ST","1834",,,,,,,"2","NO INDICATION OF INJURY","0","0","0","0","0","1","0","19","7","2","41.891525359","-87.6255196638","POINT (-87.625519663838 41.891525358986)"
"3642e788d5833e11049e28a5bd1167e09688dfe85e9c5a5f149da2c99397229981b1831f1e03d6d0f22e30795f3b0606b2001ece7b56eccd5d02b412cd578afe",,"2026-02-28T19:14:00.000","30","NO CONTROLS","NO CONTROLS","CLEAR","DARKNESS, LIGHTED ROAD","REAR END","FOUR WAY",,"STRAIGHT AND LEVEL","DRY","NO DEFECTS","ON SCENE","INJURY AND / OR TOW DUE TO CRASH","Y",,,"OVER $1,500","2026-02-28T19:14:00.000","FOLLOWING TOO CLOSELY","NOT APPLICABLE","5054","W","IRVING PARK RD","1624",,,,,,,"2","NONINCAPACITATING INJURY","2","0","0","2","0","1","0","19","7","2","41.9534418809","-87.7544744754","POINT (-87.754474475432 41.953441880917)"
"20433c3d6817152fa59b07f383c75e1cbe70dcaa6dd50773a38efdb62602c18b806adc2b8f951ac3ebed20a10c680df5dfbb932249e4eccb5ed84d7518afb6e7","Y","2026-02-28T19:11:00.000","30","TRAFFIC SIGNAL","UNKNOWN","UNKNOWN","UNKNOWN","SIDESWIPE SAME DIRECTION","NOT DIVIDED",,"STRAIGHT AND LEVEL","UNKNOWN","UNKNOWN","NOT ON SCENE (DESK REPORT)","NO INJURY / DRIVE AWAY","Y",,,"OVER $1,500","2026-02-28T19:30:00.000","UNABLE TO DETERMINE","UNABLE TO DETERMINE","3957","W","MONTROSE AVE","1723",,,,,,,"2","NO INDICATION OF INJURY","0","0","0","0","0","4","0","19","7","2","41.9608388967","-87.7276857722","POINT (-87.727685772199 41.960838896689)"
"f253d323a0effc1bcee9c5b81c164450fda7dc7b4d1c0a9f5da8db3cf4f096395ff5900680f33b366dc5f085bb9f8fce46fc907c77e96bf6a12557c6bc7c914b","Y","2026-02-28T19:10:00.000","30","NO CONTROLS","NO CONTROLS","CLEAR","DARKNESS, LIGHTED ROAD","PARKED MOTOR VEHICLE","NOT DIVIDED",,"STRAIGHT AND LEVEL","DRY","NO DEFECTS",,"NO INJURY / DRIVE AWAY",,,"N","OVER $1,500","2026-02-28T19:31:00.000","UNABLE TO DETERMINE","NOT APPLICABLE","619","E","87TH ST","632",,,,,,,"2","NO INDICATION OF INJURY","0","0","0","0","0","1","0","19","7","2","41.7364815386","-87.6088975307","POINT (-87.608897530748 41.736481538572)"
"86a54132c527177b16aafd7db17f05b98beac687c7edbcd0023cd39c14a3253ee6d05b141c49814b9b9a04df08ba8060f82ff871a7079642c2d394aff5e75351",,"2026-02-28T19:08:00.000","30","NO CONTROLS","NO CONTROLS","CLEAR","DARKNESS, LIGHTED ROAD","PARKED MOTOR VEHICLE","NOT DIVIDED",,"STRAIGHT AND LEVEL","DRY","NO DEFECTS","NOT ON SCENE (DESK REPORT)","NO INJURY / DRIVE AWAY",,,"Y","OVER $1,500","2026-03-01T11:51:00.000","IMPROPER LANE USAGE","NOT APPLICABLE","5300","S","LAKE PARK AVE","234",,,,,,,"2","NO INDICATION OF INJURY","0","0","0","0","0","1","0","19","7","2","41.7994838255","-87.5874420363","POINT (-87.587442036314 41.799483825503)"
"0e00885de05c59f0373d81575c90cb02190719e1fb6f815a6779e261b802c9e08bdf86d1057ea5bf1647a333ae30f4e9f11032dbf6ad1726316a1759fced8bd1",,"2026-02-28T19:00:00.000","25","NO CONTROLS","NO CONTROLS","CLEAR","DARKNESS, LIGHTED ROAD","REAR TO FRONT","NOT DIVIDED",,"STRAIGHT AND LEVEL","DRY","NO DEFECTS","NOT ON SCENE (DESK REPORT)","NO INJURY / DRIVE AWAY",,,,"OVER $1,500","2026-02-28T19:05:00.000","IMPROPER BACKING","IMPROPER BACKING","52","W","ILLINOIS ST","1831",,,,,,,"2","NO INDICATION OF INJURY","0","0","0","0","0","2","0","19","7","2","41.8909355296","-87.6299710892","POINT (-87.629971089181 41.890935529568)"
"78efd0b9108281ea61c73e4796ade8ae25cf346d2eee32a4fdcc171b80e252b460861a949d3d3d4f5f22879219155335eb66ef5ec54ff3c87166e2862dbbd1f7",,"2026-02-28T19:00:00.000","30","TRAFFIC SIGNAL","FUNCTIONING PROPERLY","CLEAR","DAYLIGHT","TURNING","DIVIDED - W/MEDIAN (NOT RAISED)",,"STRAIGHT AND LEVEL","DRY","NO DEFECTS","NOT ON SCENE (DESK REPORT)","NO INJURY / DRIVE AWAY",,,,"OVER $1,500","2026-03-09T11:10:00.000","FAILING TO YIELD RIGHT-OF-WAY","NOT APPLICABLE","6200","N","KIMBALL AVE","1711",,,,,,,"2","NO INDICATION OF INJURY","0","0","0","0","0","2","0","19","7","2","41.9938414371","-87.714242493","POINT (-87.714242493027 41.993841437077)"
"da606e5ecfe36dfb126cdeb7df8351eb208e17111225c61830dfab001489d762688963298712e49bae550837212b4720f8be588c15b743fb7729576280570130",,"2026-02-28T18:59:00.000","30","NO CONTROLS","NO CONTROLS","CLEAR","DARKNESS","SIDESWIPE SAME DIRECTION","NOT DIVIDED",,"STRAIGHT AND LEVEL","DRY","NO DEFECTS","ON SCENE","NO INJURY / DRIVE AWAY",,,,"OVER $1,500","2026-02-28T19:07:00.000","IMPROPER OVERTAKING/PASSING","DRIVING SKILLS/KNOWLEDGE/EXPERIENCE","6328","N","MC CORMICK RD","1711",,,,,,,"2","NO INDICATION OF INJURY","0","0","0","0","0","2","0","18","7","2","41.9965984771","-87.712066978","POINT (-87.712066977976 41.996598477132)"
"0384b3b79c9684e0fe108e2fba90a220e0b59677dd27a0255d6e012210810d1efdc10e661c158fc95081278ce346164ffeb1bb011e070ae038612d0c8af1dcd7",,"2026-02-28T18:50:00.000","30","NO CONTROLS","NO CONTROLS","CLOUDY/OVERCAST","DARKNESS, LIGHTED ROAD","SIDESWIPE OPPOSITE DIRECTION","DIVIDED - W/MEDIAN (NOT RAISED)",,"STRAIGHT AND LEVEL","UNKNOWN","UNKNOWN","NOT ON SCENE (DESK REPORT)","NO INJURY / DRIVE AWAY",,,,"OVER $1,500","2026-02-28T19:35:00.000","FOLLOWING TOO CLOSELY","FAILING TO REDUCE SPEED TO AVOID CRASH","558","N","NOBLE ST","1215",,,,,,,"2","NO INDICATION OF INJURY","0","0","0","0","0","2","0","18","7","2","41.8924132254","-87.6624498366","POINT (-87.662449836614 41.892413225361)"
"38c028e59a4192e5cfe1e5950fca85ebf7b7730b8878dc29552e6cd1dc729b686501523f0f9ef8201784aeeaa64c454869e4dfb66e9fada7a9db7ba1b11bb2d9",,"2026-02-28T18:50:00.000","30","STOP SIGN/FLASHER","FUNCTIONING PROPERLY","CLEAR","DARKNESS, LIGHTED ROAD","ANGLE","NOT DIVIDED",,"STRAIGHT AND LEVEL","DRY","NO DEFECTS","ON SCENE","INJURY AND / OR TOW DUE TO CRASH","Y",,,"OVER $1,500","2026-02-28T18:52:00.000","FAILING TO YIELD RIGHT-OF-WAY","FAILING TO YIELD RIGHT-OF-WAY","3700","N","ASHLAND AVE","1922",,,,,,,"3","NONINCAPACITATING INJURY","2","0","0","1","1","2","0","18","7","2","41.9489033373","-87.6690562075","POINT (-87.669056207526 41.948903337322)"
"101e859516f1040d3b76b952dd493bc15cbd1fb8453821d13980e613887e03a8ebb0f8937fee804a50171fb8f15cd5a96a675306a2db86e5b13e53a37de3bd69",,"2026-02-28T18:45:00.000","30","NO CONTROLS","NO CONTROLS","CLEAR","DARKNESS, LIGHTED ROAD","SIDESWIPE SAME DIRECTION","NOT DIVIDED",,"STRAIGHT AND LEVEL","DRY","NO DEFECTS","NOT ON SCENE (DESK REPORT)","NO INJURY / DRIVE AWAY",,,"Y","OVER $1,500","2026-02-28T20:00:00.000","IMPROPER OVERTAKING/PASSING","IMPROPER LANE USAGE","1615","N","CLYBOURN AVE","1813",,,,,,,"2","NO INDICATION OF INJURY","0","0","0","0","0","2","0","18","7","2","41.9113179465","-87.6498706984","POINT (-87.649870698407 41.911317946476)"
"df47d040412ea7c66fc0793eff0d15811352eb39c6586554e5891df9abad7933614f864daaa696eb6ba5aff9733833f47d281f766505d6f118269f1be5cd5776",,"2026-02-28T18:45:00.000","30","UNKNOWN","UNKNOWN","FREEZING RAIN/DRIZZLE","UNKNOWN","SIDESWIPE SAME DIRECTION","DIVIDED - W/MEDIAN BARRIER",,"STRAIGHT AND LEVEL","UNKNOWN","UNKNOWN","NOT ON SCENE (DESK REPORT)","NO INJURY / DRIVE AWAY","Y",,,"OVER $1,500","2026-02-28T19:10:00.000","UNABLE TO DETERMINE","NOT APPLICABLE","3301","W","DEVON AVE","1711",,,,,,,"2","NO INDICATION OF INJURY","0","0","0","0","0","2","0","18","7","2","41.9972372887","-87.7117977826","POINT (-87.711797782623 41.997237288655)"
"a4fcc8ba984beedd9f356efd2de50b7cdd141342d8f5f12155363505802b630e5c453d1d0fe768d0f8b93fd76d6fe219600d1b1e7b9453e01384fd13f5680046",,"2026-02-28T18:42:00.000","30","TRAFFIC SIGNAL","UNKNOWN","CLOUDY/OVERCAST","DARKNESS, LIGHTED ROAD","SIDESWIPE SAME DIRECTION","FOUR WAY",,"STRAIGHT AND LEVEL","UNKNOWN","UNKNOWN","NOT ON SCENE (DESK REPORT)","NO INJURY / DRIVE AWAY","Y",,"Y","OVER $1,500","2026-02-28T20:10:00.000","IMPROPER OVERTAKING/PASSING","FAILING TO REDUCE SPEED TO AVOID CRASH","1600","N","CLYBOURN AVE","1813",,,,,,,"2","NO INDICATION OF INJURY","0","0","0","0","0","2","0","18","7","2","41.9108656861","-87.649664933","POINT (-87.649664933008 41.910865686084)"
"3eee21690de19b24044c668c6b8037c0ab79a7b9c3d32a1cd2a2f4e89fab8d7bed28be35db3c76ce9ea768be81ac61541095f0d41f13d8d67c812e85df89f99e",,"2026-02-28T18:30:00.000","30","NO CONTROLS","NO CONTROLS","UNKNOWN","DARKNESS, LIGHTED ROAD","TURNING","DIVIDED - W/MEDIAN (NOT RAISED)",,"STRAIGHT AND LEVEL","UNKNOWN","UNKNOWN","NOT ON SCENE (DESK REPORT)","NO INJURY / DRIVE AWAY","Y",,,"OVER $1,500","2026-03-02T17:58:00.000","FAILING TO YIELD RIGHT-OF-WAY","FAILING TO REDUCE SPEED TO AVOID CRASH","1733","W","CHICAGO AVE","1215",,,,,,,"2","NO INDICATION OF INJURY","0","0","0","0","0","2","0","18","7","2","41.8959001821","-87.6710937305","POINT (-87.671093730463 41.895900182095)"
"4a91734c10e0716db134747d548bfcc50259288c415ffba45b37547142301673fadab40dd67478f3a2ad0f6b86df64990ee21534fa598d45bbf9fc05f777463f",,"2026-02-28T18:30:00.000","30","NO CONTROLS","NO CONTROLS","CLEAR","DUSK","REAR END","NOT DIVIDED",,"STRAIGHT AND LEVEL","DRY","NO DEFECTS","NOT ON SCENE (DESK REPORT)","NO INJURY / DRIVE AWAY",,,,"$501 - $1,500","2026-02-28T19:50:00.000","UNABLE TO DETERMINE","UNABLE TO DETERMINE","2429","N","LINCOLN AVE","1935",,,,,,,"2","NO INDICATION OF INJURY","0","0","0","0","0","5","0","18","7","2","41.9261595336","-87.6495492205","POINT (-87.649549220528 41.926159533553)"
"a11cc72f560c52196af8bd5c17f8561a8dc4faf392053cc0a245b8d312207d4a76bd968cd0337b16eb97339b9c2ee460cbd4bfb5091a2310185bdef633968326",,"2026-02-28T18:30:00.000","30","NO CONTROLS","NO CONTROLS","CLEAR","DARKNESS, LIGHTED ROAD","FIXED OBJECT","NOT DIVIDED",,"STRAIGHT AND LEVEL","DRY","NO DEFECTS","NOT ON SCENE (DESK REPORT)","NO INJURY / DRIVE AWAY","Y",,,"OVER $1,500","2026-03-08T19:15:00.000","UNABLE TO DETERMINE","NOT APPLICABLE","942","E","OAKWOOD BLVD","212",,,,,,,"1","NO INDICATION OF INJURY","0","0","0","0","0","1","0","18","7","2","41.824860646","-87.6022386044","POINT (-87.602238604437 41.824860645957)"
"cdf59b550830d54440d1e787838b3e78308f0135ca8a2f6c8af1174c650dd0f9b9caa6b78e30316834f9f72ce3ed4816887a2bd4333d29189b5e910aa50bb36f",,"2026-02-28T18:30:00.000","30","NO CONTROLS","NO CONTROLS","CLEAR","DARKNESS, LIGHTED ROAD","SIDESWIPE SAME DIRECTION","NOT DIVIDED",,"STRAIGHT AND LEVEL","DRY","NO DEFECTS","NOT ON SCENE (DESK REPORT)","NO INJURY / DRIVE AWAY",,,,"$501 - $1,500","2026-03-08T18:00:00.000","FAILING TO YIELD RIGHT-OF-WAY","NOT APPLICABLE","1731","W","CHICAGO AVE","1215",,,,,,,"2","NO INDICATION OF INJURY","0","0","0","0","0","2","0","18","7","2","41.8959014442","-87.6710156161","POINT (-87.671015616148 41.895901444185)"
"69433a658da7b0fc976f2d1b9acc69f82e3bf25209d4f5afdecc1d74e8bb654c8ee77ce9f0c32fffb4a78f1afb72008fabf3d73affc654e20a51565478286739",,"2026-02-28T18:25:00.000","20","STOP SIGN/FLASHER","FUNCTIONING PROPERLY","CLEAR","DAYLIGHT","TURNING","NOT DIVIDED",,"STRAIGHT AND LEVEL","DRY","NO DEFECTS","NOT ON SCENE (DESK REPORT)","NO INJURY / DRIVE AWAY",,,"Y","OVER $1,500","2026-03-01T10:09:00.000","FAILING TO REDUCE SPEED TO AVOID CRASH","UNABLE TO DETERMINE","10800","S","AVENUE O","432",,,,,,,"3","NO INDICATION OF INJURY","0","0","0","0","0","2","0","18","7","2","41.6990422698","-87.5402330703","POINT (-87.540233070295 41.699042269751)"
"195e425e09b0f8a95a578c529cc362b73e404c653fc46e6db403a1795c4e6860a7be3d9a631f3214a9edb9f3612f57875554015789686994eb5e2b0abe31d60b",,"2026-02-28T18:20:00.000","30","NO CONTROLS","NO CONTROLS","CLEAR","DARKNESS","SIDESWIPE SAME DIRECTION","NOT DIVIDED",,"STRAIGHT AND LEVEL","DRY","NO DEFECTS","NOT ON SCENE (DESK REPORT)","NO INJURY / DRIVE AWAY",,,"Y","$501 - $1,500","2026-03-01T15:40:00.000","IMPROPER OVERTAKING/PASSING","NOT APPLICABLE","6306","W","BRYN MAWR AVE","1622",,,,,,,"2","NO INDICATION OF INJURY","0","0","0","0","0","2","0","18","7","2","41.9830053822","-87.7857017506","POINT (-87.785701750614 41.983005382175)"
"6a98c53666d5c3284a1b5b7b7d9ca556fe03fe0cef32448b3749b957e2b0cae0e705c30a3270ae5bed00474d88e28c100547886490e9d617b7e70fce90785570",,"2026-02-28T18:20:00.000","35","NO CONTROLS","NO CONTROLS","CLEAR","DARKNESS, LIGHTED ROAD","PEDESTRIAN","NOT DIVIDED",,"STRAIGHT AND LEVEL","DRY","NO DEFECTS","ON SCENE","INJURY AND / OR TOW DUE TO CRASH","Y",,,"$500 OR LESS","2026-02-28T18:20:00.000","NOT APPLICABLE","NOT APPLICABLE","6498","W","ARCHER AVE","811",,,,,,,"2","REPORTED, NOT EVIDENT","1","0","0","0","1","1","0","18","7","2","41.7924063981","-87.7841918057","POINT (-87.784191805726 41.792406398109)"
"eca2a4cf231648ba90a964fa8e5c34ffafdbe86956192a0a7fff73c488435a62af37eaf921a5ba86fa9b8b083e97e30c33314c96a551553e722c17e915ca347d",,"2026-02-28T18:20:00.000","30","NO CONTROLS","NO CONTROLS","CLOUDY/OVERCAST","DARKNESS, LIGHTED ROAD","REAR TO FRONT","DIVIDED - W/MEDIAN BARRIER",,"STRAIGHT AND LEVEL","UNKNOWN","UNKNOWN","NOT ON SCENE (DESK REPORT)","NO INJURY / DRIVE AWAY",,,,"OVER $1,500","2026-02-28T19:00:00.000","IMPROPER BACKING","FAILING TO REDUCE SPEED TO AVOID CRASH","1050","N","ASHLAND AVE","1213",,,,,,,"2","NO INDICATION OF INJURY","0","0","0","0","0","2","0","18","7","2","41.9011600268","-87.6675797508","POINT (-87.667579750774 41.901160026801)"
"cfeb223cbad0b5d3ada01eaeab95a130cc0ad02cf7d3be194731c9930fbcd3bd201cd641b8cf3d032b71aa690dbfc9a0548a81d0e25b71ac1b3f79c487eed973",,"2026-02-28T18:15:00.000","30","STOP SIGN/FLASHER","FUNCTIONING PROPERLY","CLEAR","DARKNESS, LIGHTED ROAD","ANGLE","FOUR WAY",,"STRAIGHT AND LEVEL","UNKNOWN","UNKNOWN","NOT ON SCENE (DESK REPORT)","NO INJURY / DRIVE AWAY","Y",,,"$501 - $1,500","2026-02-28T19:00:00.000","UNABLE TO DETERMINE","NOT APPLICABLE","700","N","HOMAN AVE","1121",,,,,,,"2","NO INDICATION OF INJURY","0","0","0","0","0","2","0","18","7","2","41.8937646241","-87.7115321773","POINT (-87.711532177271 41.893764624095)"
"15be29d8c715e95341fe27e93da64889b94d4ea18f1421734491b610078883ed6d81a1600a24e40aa8e17f8bb30a834b98bcc286b068a90f0ba6f85a47145810",,"2026-02-28T18:14:00.000","30","NO CONTROLS","NO CONTROLS","CLEAR","DARKNESS, LIGHTED ROAD","PEDALCYCLIST","NOT DIVIDED",,"STRAIGHT AND LEVEL","DRY","NO DEFECTS","ON SCENE","INJURY AND / OR TOW DUE TO CRASH",,,,"$500 OR LESS","2026-02-28T18:14:00.000","DISREGARDING ROAD MARKINGS","DRIVING SKILLS/KNOWLEDGE/EXPERIENCE","2177","N","CALIFORNIA AVE","1431",,,,,,,"2","NONINCAPACITATING INJURY","1","0","0","1","0","1","0","18","7","2","41.9216289636","-87.6971716274","POINT (-87.697171627419 41.921628963574)"
"82f8d9bb41216836775bb1281f7c66e3cd39ac12aa7cb47b0c970d70705c1cfe4a0c24febf0d1623db39b635280d9b7ac8beeebdcabf64f3e66bffd116278d35",,"2026-02-28T18:12:00.000","15","NO CONTROLS","NO CONTROLS","CLEAR","DARKNESS, LIGHTED ROAD","OTHER OBJECT","ALLEY",,"STRAIGHT AND LEVEL","DRY","NO DEFECTS","ON SCENE","NO INJURY / DRIVE AWAY",,,,"OVER $1,500","2026-02-28T18:14:00.000","UNABLE TO DETERMINE","UNABLE TO DETERMINE","235","W","CERMAK RD","914",,,,,,,"2","NO INDICATION OF INJURY","0","0","0","0","0","2","0","18","7","2","41.8527227256","-87.6334106036","POINT (-87.633410603606 41.852722725582)"
"be0d8739e691b66fd2ff632b0e37e5341b2843c2f5df58a47041daaba56e3e3343b7c26fe494a3e3d1adf65e82ec70056ceff9b1aaac5ca3c81f7e563ca77ad1",,"2026-02-28T18:10:00.000","25","NO CONTROLS","NO CONTROLS","CLEAR","DUSK","TURNING","ONE-WAY",,"STRAIGHT AND LEVEL","DRY","NO DEFECTS","ON SCENE","NO INJURY / DRIVE AWAY",,,,"$500 OR LESS","2026-02-28T18:25:00.000","IMPROPER LANE USAGE","NOT APPLICABLE","2320","W","47TH ST","924",,,,,,,"2","NO INDICATION OF INJURY","0","0","0","0","0","4","0","18","7","2","41.808532582","-87.6828921382","POINT (-87.682892138166 41.808532582036)"
"120b682ef511c0b647edddf2822341693fe82e412756a1009912cd852403204b0c148eaa57ba392020e7a35138c03c23d7d97facd61218c212fd1dabb540c479",,"2026-02-28T18:05:00.000","30","STOP SIGN/FLASHER","NO CONTROLS","UNKNOWN","UNKNOWN","PARKED MOTOR VEHICLE","NOT DIVIDED",,"STRAIGHT AND LEVEL","UNKNOWN","UNKNOWN","NOT ON SCENE (DESK REPORT)","NO INJURY / DRIVE AWAY",,,"Y","OVER $1,500","2026-02-28T19:05:00.000","FOLLOWING TOO CLOSELY","FOLLOWING TOO CLOSELY","959","W","72ND ST","733",,,,,,,"2","NO INDICATION OF INJURY","0","0","0","0","0","1","0","18","7","2","41.7632001661","-87.649155829","POINT (-87.649155828967 41.763200166055)"
"157843e890305a76061a6ff938676a455562ecc95c85294557c8e3d90fbf93be909fcd1ec1f5af097c20d8540d91564c8ba0ccd42fd550f9855ccce7d41b0b27",,"2026-02-28T18:05:00.000","30","STOP SIGN/FLASHER","FUNCTIONING PROPERLY","CLEAR","DARKNESS","TURNING","DIVIDED - W/MEDIAN (NOT RAISED)",,"STRAIGHT AND LEVEL","DRY","NO DEFECTS","NOT ON SCENE (DESK REPORT)","NO INJURY / DRIVE AWAY",,,,"OVER $1,500","2026-02-28T18:45:00.000","UNABLE TO DETERMINE","UNABLE TO DETERMINE","3455","N","WESTERN AVE","1921",,,,,,,"2","NO INDICATION OF INJURY","0","0","0","0","0","2","0","18","7","2","41.9447173748","-87.6880532319","POINT (-87.68805323188 41.944717374836)"
"b52add00fa3c6fef67eb6e76d0aea6b75968f430d4ced0b2e393f311181a014dcdb265c0c7fc4b69b236eaf340e01095e602635cc6071214a8afdd0073013904",,"2026-02-28T18:05:00.000","10","NO CONTROLS","NO CONTROLS","CLEAR","DAYLIGHT","PARKED MOTOR VEHICLE","PARKING LOT",,"STRAIGHT AND LEVEL","DRY","NO DEFECTS","NOT ON SCENE (DESK REPORT)","NO INJURY / DRIVE AWAY",,,,"OVER $1,500","2026-03-02T19:23:00.000","NOT APPLICABLE","NOT APPLICABLE","4433","S","PULASKI RD","821",,,,,,,"2","NO INDICATION OF INJURY","0","0","0","0","0","5","0","18","7","2","41.8123747103","-87.7236084038","POINT (-87.723608403774 41.812374710327)"
"38366a1e66ba0391aedac4ea45c74bc1d7894e3da6f1848d4d896602765dcfa5ebb13461f53c732d28c3820214edba5519bef712596d2d32f13e4453556661c7",,"2026-02-28T18:02:00.000","30","NO CONTROLS","NO CONTROLS","CLEAR","DARKNESS","PEDESTRIAN","NOT DIVIDED",,"STRAIGHT AND LEVEL","DRY","NO DEFECTS","ON SCENE","NO INJURY / DRIVE AWAY",,,,"$500 OR LESS","2026-02-28T18:02:00.000","UNABLE TO DETERMINE","UNABLE TO DETERMINE","1216","N","MILWAUKEE AVE","1424",,,,,,,"2","NO INDICATION OF INJURY","0","0","0","0","0","2","0","18","7","2","41.903672194","-87.6672029422","POINT (-87.667202942188 41.903672193961)"