"crash_record_id","crash_date_est_i","crash_date","posted_speed_limit","traffic_control_device","device_condition","weather_condition","lighting_condition","first_crash_type","trafficway_type","lane_cnt","alignment","roadway_surface_cond","road_defect","report_type","crash_type","intersection_related_i","private_property_i","hit_and_run_i","damage","date_police_notified","prim_contributory_cause","sec_contributory_cause","street_no","street_direction","street_name","beat_of_occurrence","photos_taken_i","statements_taken_i","dooring_i","work_zone_i","work_zone_type","workers_present_i","num_units","most_severe_injury","injuries_total","injuries_fatal","injuries_incapacitating","injuries_non_incapacitating","injuries_reported_not_evident","injuries_no_indication","injuries_unknown","crash_hour","crash_day_of_week","crash_month","latitude","longitude","location"
"ddd959ef3273a5b2dc208b99255df0201a5a02d6b096873f10caef79651972c5112ed18a061d8b5c26ab7a8ea8732e91a83e8eca894022d53f6530e76cc6d496",,"2026-02-28T18:02:00.000","30","NO CONTROLS","NO CONTROLS","CLEAR","DAYLIGHT","ANGLE","NOT DIVIDED",,"STRAIGHT AND LEVEL","UNKNOWN","UNKNOWN","ON SCENE","NO INJURY / DRIVE AWAY",,,,"OVER $1,500","2026-02-28T18:04:00.000","UNABLE TO DETERMINE","NOT APPLICABLE","1345","N","KILDARE AVE","2534",,,,,,,"2","NO INDICATION OF INJURY","0","0","0","0","0","3","0","18","7","2","41.9056915576","-87.7336216492","POINT (-87.733621649236 41.90569155755)"
"01e4d8b0349b68d8856adea8457fc9188556ce37b1786b1b1b1e0ba520e0e1daee69300f61b988d8193178a02e666d60baa7143b1ff2eb1732f7a955f36f4e05",,"2026-02-28T18:00:00.000","20","NO CONTROLS","NO CONTROLS","CLEAR","DARKNESS, LIGHTED ROAD","SIDESWIPE SAME DIRECTION","ONE-WAY",,"STRAIGHT AND LEVEL","DRY","NO DEFECTS","NOT ON SCENE (DESK REPORT)","NO INJURY / DRIVE AWAY",,,,"OVER $1,500","2026-02-28T18:49:00.000","FAILING TO YIELD RIGHT-OF-WAY","NOT APPLICABLE","708","W","CORNELIA AVE","1925",,,,,,,"2","NO INDICATION OF INJURY","0","0","0","0","0","2","0","18","7","2","41.9455647758","-87.6474538223","POINT (-87.647453822325 41.945564775795)"
"5d0b6c5828cadf72825c26782e46b43853da8aee3b8d260263c00e4d610a106c3be27a8122615526f8bca0b77526fd5e1a6bf07d771508dc7ab6628143aaf9df","Y","2026-02-28T18:00:00.000","30","NO CONTROLS","NO CONTROLS","CLEAR","DARKNESS, LIGHTED ROAD","PARKED MOTOR VEHICLE","NOT DIVIDED",,"STRAIGHT AND LEVEL","DRY","NO DEFECTS","NOT ON SCENE (DESK REPORT)","NO INJURY / DRIVE AWAY",,,"Y","OVER $1,500","2026-03-02T12:25:00.000","UNABLE TO DETERMINE","NOT APPLICABLE","11717","S","STATE ST","532",,,,,,,"2","NO INDICATION OF INJURY","0","0","0","0","0","1","0","18","7","2","41.6810137959","-87.6226064336","POINT (-87.622606433637 41.6810137959)"
"d5f7a4dfeabcd62f6894259c9faef32f3c89ef78fc253693e71d7b2e21bf6bfae091fecb8778ca7b0967077c985a7209bd5e6431b130c68c0cb3459ef698570b",,"2026-02-28T18:00:00.000","30","UNKNOWN","UNKNOWN","CLEAR","DARKNESS, LIGHTED ROAD","SIDESWIPE SAME DIRECTION","NOT DIVIDED",,"STRAIGHT AND LEVEL","UNKNOWN","UNKNOWN","NOT ON SCENE (DESK REPORT)","NO INJURY / DRIVE AWAY",,,,"OVER $1,500","2026-02-28T18:30:00.000","UNABLE TO DETERMINE","UNABLE TO DETERMINE","520","N","MICHIGAN AVE","1834",,,,,,,"2","NO INDICATION OF INJURY","0","0","0","0","0","2","0","18","7","2","41.8916885174","-87.6243071781","POINT (-87.624307178126 41.891688517368)"
"ee9527e7f9ea2ae2b45f1174af3f7a98fdd01cbf33e8d89d7f34255c88ff81821c304973f38c0cc3a12034ed6f61b02a2c91c3d8c64170cb8f0d1c575dd40bf3",,"2026-02-28T17:56:00.000","30","NO CONTROLS","NO CONTROLS","UNKNOWN","UNKNOWN","SIDESWIPE SAME DIRECTION","DIVIDED - W/MEDIAN (NOT RAISED)",,"STRAIGHT AND LEVEL","UNKNOWN","UNKNOWN","NOT ON SCENE (DESK REPORT)","NO INJURY / DRIVE AWAY",,,,"$501 - $1,500","2026-03-05T17:50:00.000","FOLLOWING TOO CLOSELY","FOLLOWING TOO CLOSELY","1060","W","DIVISION ST","1822",,,,,,,"2","NO INDICATION OF INJURY","0","0","0","0","0","2","0","17","7","2","41.9036506435","-87.6547775986","POINT (-87.65477759856 41.903650643524)"
"df21f6db1ed31e07abb497d4197a25ba874983c25e0aedd4da93bbc2a59f92a20b0ba984cfb41fcb9ea225c77291e15ddf2b531a27cfe384b6913ca06f2f8071",,"2026-02-28T17:51:00.000","30","NO CONTROLS","NO CONTROLS","CLEAR","DUSK","TURNING","NOT DIVIDED",,"STRAIGHT AND LEVEL","DRY","NO DEFECTS","ON SCENE","NO INJURY / DRIVE AWAY",,,,"OVER $1,500","2026-02-28T17:51:00.000","UNABLE TO DETERMINE","UNABLE TO DETERMINE","9500","S","OGLESBY AVE","431",,,,,,,"2","NO INDICATION OF INJURY","0","0","0","0","0","4","0","17","7","2","41.7225213724","-87.5660470451","POINT (-87.566047045057 41.722521372437)"
"69a5329a690e9089d687545c8e62e136e3d396e3ebccd148bd8b7eba44ef203a6cd60423d286089dd30fc3efd7ca482a3dec9f75ffe27dd9463298e5de82ff11","Y","2026-02-28T17:50:00.000","30","TRAFFIC SIGNAL","FUNCTIONING PROPERLY","RAIN","DARKNESS","SIDESWIPE SAME DIRECTION","NOT DIVIDED",,"STRAIGHT AND LEVEL","UNKNOWN","UNKNOWN",,"NO INJURY / DRIVE AWAY",,,,"OVER $1,500","2026-02-28T18:20:00.000","UNABLE TO DETERMINE","NOT APPLICABLE","6320","N","BROADWAY","2433",,,,,,,"2","NO INDICATION OF INJURY","0","0","0","0","0","2","0","17","7","2","41.9970243107","-87.6606133741","POINT (-87.660613374094 41.997024310738)"
"fad07b6ec0934a8308c83c4e41afb0bf460b51f901ce8fa555c7bb11f4efdca0758bd7a8688412ea21d26aebf276276409ac7bb600b0e497410fea9e739ab17d",,"2026-02-28T17:49:00.000","30","NO CONTROLS","UNKNOWN","CLEAR","DARKNESS, LIGHTED ROAD","PARKED MOTOR VEHICLE","NOT DIVIDED",,"STRAIGHT AND LEVEL","DRY","SHOULDER DEFECT","ON SCENE","INJURY AND / OR TOW DUE TO CRASH",,,,"OVER $1,500","2026-02-28T17:50:00.000","FAILING TO REDUCE SPEED TO AVOID CRASH","DRIVING SKILLS/KNOWLEDGE/EXPERIENCE","3404","W","79TH ST","835",,,,,,,"4","REPORTED, NOT EVIDENT","2","0","0","0","2","2","0","17","7","2","41.7498980652","-87.7075159636","POINT (-87.707515963608 41.749898065165)"
"744621ff16822a8af4b7ad6bed802b5f9322340df5e8c7e13e132a53b8d4bf737c48f626fee4340670c33c1bb84e297aa5a686846783605501af4171ceca9743",,"2026-02-28T17:48:00.000","30","STOP SIGN/FLASHER","FUNCTIONING PROPERLY","CLEAR","DARKNESS, LIGHTED ROAD","REAR END","NOT DIVIDED",,"STRAIGHT AND LEVEL","DRY","NO DEFECTS","ON SCENE","NO INJURY / DRIVE AWAY",,,"Y","OVER $1,500","2026-02-28T18:25:00.000","FOLLOWING TOO CLOSELY","FOLLOWING TOO CLOSELY","4800","S","DAMEN AVE","931",,,,,,,"2","NO INDICATION OF INJURY","0","0","0","0","0","2","0","17","7","2","41.8065937534","-87.6747856438","POINT (-87.674785643758 41.806593753387)"
"74c8d75230ca39eca7a47a29387ebd4767956941bbb3a3c5a552b4830a680334cbbea66407f124d261624cc3f3035fb4e8ebd6581dbbd9301fc4dc944fcece95",,"2026-02-28T17:40:00.000","30","TRAFFIC SIGNAL","FUNCTIONING PROPERLY","CLEAR","DARKNESS, LIGHTED ROAD","TURNING","DIVIDED - W/MEDIAN (NOT RAISED)",,"STRAIGHT AND LEVEL","DRY","UNKNOWN","NOT ON SCENE (DESK REPORT)","NO INJURY / DRIVE AWAY","Y",,"Y","OVER $1,500","2026-02-28T18:05:00.000","UNABLE TO DETERMINE","UNABLE TO DETERMINE","2601","S","KEDZIE AVE","1033",,,,,,,"2","NO INDICATION OF INJURY","0","0","0","0","0","2","0","17","7","2","41.8444281019","-87.7048918886","POINT (-87.704891888558 41.844428101911)"
"a6f9338cf4d0d4976270b290ad5458c8794f5070f2174cd67a3e88c2ac6a999b553ef3abf7a8ddb69626924adeecd14066fdb640c51ca4aa8582158aaa6b2137",,"2026-02-28T17:40:00.000","30","NO CONTROLS","NO CONTROLS","CLEAR","DUSK","ANGLE","TRAFFIC ROUTE",,"STRAIGHT AND LEVEL","DRY","NO DEFECTS","NOT ON SCENE (DESK REPORT)","NO INJURY / DRIVE AWAY","Y",,,"OVER $1,500","2026-02-28T18:00:00.000","FAILING TO YIELD RIGHT-OF-WAY","UNABLE TO DETERMINE","2310","W","95TH ST","2221",,,,,,,"2","NO INDICATION OF INJURY","0","0","0","0","0","2","0","17","7","2","41.7210779703","-87.6801431098","POINT (-87.680143109838 41.721077970289)"
"3b4d3a7dfa28a06b67bc5e7b6154c124db8e41f20b4e3fbac535afd94179d5b8eacbf4c95a24548f117e33bc0799dfcd69731e4bd8d85291711bc7f5ec3a1f54",,"2026-02-28T17:37:00.000","35","NO CONTROLS","NO CONTROLS","CLEAR","DUSK","SIDESWIPE SAME DIRECTION","DIVIDED - W/MEDIAN (NOT RAISED)",,"STRAIGHT AND LEVEL","DRY","NO DEFECTS","ON SCENE","INJURY AND / OR TOW DUE TO CRASH",,,,"OVER $1,500","2026-02-28T17:41:00.000","UNABLE TO DETERMINE","NOT APPLICABLE","822","N","ASHLAND AVE","1213","N",,,,,,"2","REPORTED, NOT EVIDENT","1","0","0","0","1","1","0","17","7","2","41.89676125","-87.6674575623","POINT (-87.667457562317 41.896761250025)"
"5cf6a4cce1632db828c6f4a20fcaec73dba54a8ad33708247510b406b16a1cd17c17a6db39cc485ef06fe5486110e2d6180e035bbfa2588337ebe67deeeb1e22",,"2026-02-28T17:30:00.000","30","STOP SIGN/FLASHER","FUNCTIONING PROPERLY","UNKNOWN","UNKNOWN","TURNING","DIVIDED - W/MEDIAN (NOT RAISED)",,"STRAIGHT AND LEVEL","UNKNOWN","UNKNOWN","NOT ON SCENE (DESK REPORT)","NO INJURY / DRIVE AWAY","Y",,,"$500 OR LESS","2026-03-08T19:40:00.000","FAILING TO YIELD RIGHT-OF-WAY","FAILING TO YIELD RIGHT-OF-WAY","127","S","PULASKI RD","1122",,,,,,,"2","NO INDICATION OF INJURY","0","0","0","0","0","3","0","17","7","2","41.8790244122","-87.7254659929","POINT (-87.725465992864 41.879024412236)"
"81f6968f91d821ed741af88db69156438850bc779ceacb7f981d6ccafcfc643ab099b40b88aad9b5315d539e9fc539096e2f4ce9206189662410baac9d2016ae",,"2026-02-28T17:30:00.000","30","NO CONTROLS","NO CONTROLS","CLEAR","DAYLIGHT","ANGLE","NOT DIVIDED",,"STRAIGHT AND LEVEL","DRY","NO DEFECTS",,"INJURY AND / OR TOW DUE TO CRASH",,,,"OVER $1,500","2026-02-28T17:32:00.000","FAILING TO YIELD RIGHT-OF-WAY","FAILING TO YIELD RIGHT-OF-WAY","3943","W","47TH ST","821",,,,,,,"2","INCAPACITATING INJURY","1","0","1","0","0","2","0","17","7","2","41.8077790643","-87.7228469466","POINT (-87.722846946613 41.807779064307)"
"87f6861a329d469ac98114e315e68f1192a68d29de4d75ac7e0c67f004f5b30c4c48f5cf72f4a759a2d8dcacf4396126686fc69096d6802cee5dc77147eedfac",,"2026-02-28T17:30:00.000","30","NO CONTROLS","NO CONTROLS","CLEAR","DARKNESS, LIGHTED ROAD","FIXED OBJECT","ALLEY",,"STRAIGHT AND LEVEL","DRY","NO DEFECTS","ON SCENE","NO INJURY / DRIVE AWAY",,,"Y","OVER $1,500","2026-02-28T18:45:00.000","FAILING TO REDUCE SPEED TO AVOID CRASH","FAILING TO REDUCE SPEED TO AVOID CRASH","4456","W","28TH ST","1031",,,,,,,"1","NO INDICATION OF INJURY","0","0","0","0","0","1","0","17","7","2","41.8405203638","-87.7364857096","POINT (-87.736485709644 41.840520363766)"
"c5b205e7af63230e48ae816c3275e5f7b49f9e83ee07d8403ba2e2ac487c7345be0ff818203699cb569bcfca505d7648202461374ed07381faca7a48a916d9e9",,"2026-02-28T17:30:00.000","20","NO CONTROLS","NO CONTROLS","CLEAR","DAYLIGHT","SIDESWIPE SAME DIRECTION","NOT DIVIDED",,"STRAIGHT AND LEVEL","DRY","NO DEFECTS","NOT ON SCENE (DESK REPORT)","NO INJURY / DRIVE AWAY",,,,"OVER $1,500","2026-02-28T18:00:00.000","UNABLE TO DETERMINE","NOT APPLICABLE","3644","W","26TH ST","1013",,,,,,,"2","NO INDICATION OF INJURY","0","0","0","0","0","2","0","17","7","2","41.844469862","-87.716531999","POINT (-87.716531999035 41.844469861986)"
"81b01a4492e76248c9ffe5016cbdd8373a20166fc25db8dbb10366b45d7a719cf045d4f050d4bff85b43efecfb6c3eccbce4af30f0d92fa2961322c13208fef4",,"2026-02-28T17:10:00.000","20","NO CONTROLS","NO CONTROLS","CLEAR","DAYLIGHT","PARKED MOTOR VEHICLE","ONE-WAY",,"STRAIGHT AND LEVEL","DRY","NO DEFECTS","ON SCENE","INJURY AND / OR TOW DUE TO CRASH",,,"Y","OVER $1,500","2026-02-28T17:43:00.000","UNABLE TO DETERMINE","UNABLE TO DETERMINE","3424","W","30TH ST","1032",,,,,,,"2","NO INDICATION OF INJURY","0","0","0","0","0","1","0","17","7","2","41.8390616676","-87.7109221021","POINT (-87.710922102108 41.839061667589)"
"ba96077d18acf6d1f2c2924b5b8367bb69f6beba46fc77b94aca68c38601efab0ad96bc087cb9f3dc6d868ef3033cfe8a45133cf638681fcee7384ba3a62e543",,"2026-02-28T17:10:00.000","25","NO CONTROLS","NO CONTROLS","CLEAR","DARKNESS, LIGHTED ROAD","TURNING","NOT DIVIDED",,"STRAIGHT AND LEVEL","DRY","NO DEFECTS","ON SCENE","INJURY AND / OR TOW DUE TO CRASH","Y",,,"OVER $1,500","2026-02-28T17:15:00.000","IMPROPER TURNING/NO SIGNAL","NOT APPLICABLE","901","S","AUSTIN BLVD","1513",,,,,,,"2","REPORTED, NOT EVIDENT","1","0","0","0","1","4","0","17","7","2","41.8703465244","-87.7741287805","POINT (-87.774128780491 41.870346524362)"
"76ab657444060ff9a24cb8fbc2632634a1fd0aa7f84f1a0e818c18a61ee4e946fe1018a8c0dabf23a70f286305b7d7bd2d9d64c72f6c8410aa4e770e38e2cd63",,"2026-02-28T17:00:00.000","30","NO CONTROLS","NO CONTROLS","CLEAR","DAYLIGHT","REAR END","DIVIDED - W/MEDIAN BARRIER",,"STRAIGHT AND LEVEL","DRY","UNKNOWN","NOT ON SCENE (DESK REPORT)","NO INJURY / DRIVE AWAY",,,,"OVER $1,500","2026-02-28T17:30:00.000","UNABLE TO DETERMINE","UNABLE TO DETERMINE","901","W","ROOSEVELT RD","1232",,,,,,,"2","NO INDICATION OF INJURY","0","0","0","0","0","2","0","17","7","2","41.8670071428","-87.6491569494","POINT (-87.64915694938 41.867007142843)"
"75ff67e3f6a140286b339ff678216b92de404102374aecfe801a07518e2d35476398b99c971a9b25816d83937d9494eec2fba888b9a519e309f4c088378d2713",,"2026-02-28T16:47:00.000","30","NO CONTROLS","NO CONTROLS","CLEAR","DAYLIGHT","PARKED MOTOR VEHICLE","ONE-WAY",,"STRAIGHT AND LEVEL","DRY","NO DEFECTS","ON SCENE","NO INJURY / DRIVE AWAY",,,,"OVER $1,500","2026-02-28T16:47:00.000","DRIVING SKILLS/KNOWLEDGE/EXPERIENCE","NOT APPLICABLE","601","N","ST LOUIS AVE","1121",,,,,,,"2",,,,,,,,,"16","7","2","41.8919137844","-87.7136220547","POINT (-87.71362205471 41.891913784445)"
"0a56ab817c75790309eba50353e1142fa64f3a0f4416f33ec7d4146f199adfef67a48c317d2c4441d5411a1e407f3d107ab817efe9692061040781b849ebf6db",,"2026-02-28T16:42:00.000","30","NO CONTROLS","NO CONTROLS","CLEAR","DAYLIGHT","TURNING","NOT DIVIDED",,"STRAIGHT AND LEVEL","DRY","NO DEFECTS","NOT ON SCENE (DESK REPORT)","NO INJURY / DRIVE AWAY",,,,"$501 - $1,500","2026-03-01T14:50:00.000","UNABLE TO DETERMINE","UNABLE TO DETERMINE","5620","N","RIDGE AVE","2013",,,,,,,"2","NO INDICATION OF INJURY","0","0","0","0","0","2","0","16","7","2","41.9840042071","-87.6609180207","POINT (-87.660918020743 41.984004207136)"
"98950c32a6301a2cfe0d91c612c1635ed7acdb28b12fb66fb1ac73621c6977ddf8034b866623a3df6174432670e7f937ed93bd827db8141dee90a9f5fde88f66",,"2026-02-28T16:39:00.000","30","NO CONTROLS","NO CONTROLS","CLEAR","DAYLIGHT","PARKED MOTOR VEHICLE","ONE-WAY",,"STRAIGHT AND LEVEL","DRY","NO DEFECTS","ON SCENE","NO INJURY / DRIVE AWAY",,,,"OVER $1,500","2026-02-28T17:01:00.000","UNABLE TO DETERMINE","NOT APPLICABLE","4335","W","ROSCOE ST","1731",,,,,,,"2","NO INDICATION OF INJURY","0","0","0","0","0","1","0","16","7","2","41.9425090452","-87.7361246009","POINT (-87.736124600945 41.942509045166)"
"b3087a0f6390c0ce61f7b6585fcc891b0afa7f8d59a605865ea2ad3428ad595bf79b6446e93b594341b87249a98721ec597d6644310770fc8e5cb870481e82df",,"2026-02-28T16:38:00.000","15","NO CONTROLS","NO CONTROLS","CLOUDY/OVERCAST","DAYLIGHT","REAR END","OTHER",,"STRAIGHT AND LEVEL","WET","UNKNOWN","NOT ON SCENE (DESK REPORT)","NO INJURY / DRIVE AWAY",,"Y",,"$501 - $1,500","2026-02-28T19:45:00.000","UNABLE TO DETERMINE","NOT APPLICABLE","6101","N","WESTERN AVE","2413",,,,,,,"2","NO INDICATION OF INJURY","0","0","0","0","0","2","0","16","7","2","41.9923669505","-87.6895605877","POINT (-87.689560587667 41.99236695049)"
"42f21a2d3805f2e87808ad432c8776ccdc66361b4d00e3b5c19c13f38f6625056296bf882c2ae1222fc411f227bc560c6c50338fb83cefdca944bb11e45d6e45",,"2026-02-28T16:35:00.000","30","NO CONTROLS","NO CONTROLS","CLOUDY/OVERCAST","DAYLIGHT","SIDESWIPE SAME DIRECTION","DIVIDED - W/MEDIAN BARRIER",,"STRAIGHT AND LEVEL","UNKNOWN","UNKNOWN","NOT ON SCENE (DESK REPORT)","NO INJURY / DRIVE AWAY",,,,"OVER $1,500","2026-02-28T17:40:00.000","IMPROPER LANE USAGE","FAILING TO REDUCE SPEED TO AVOID CRASH","1201","S","COLUMBUS DR","132",,,,,,,"2","NO INDICATION OF INJURY","0","0","0","0","0","2","0","16","7","2","41.8674707758","-87.6202190599","POINT (-87.620219059938 41.867470775841)"
"198e7d1ed555413f912d14e9ab7e7310f31aae23fc3a8c7abf574404d7c14cd8b899a005d7f94dbc69ac545e28e53e20c79855a38f4cb8a9aa5103430a230a13",,"2026-02-28T16:28:00.000","30","TRAFFIC SIGNAL","FUNCTIONING PROPERLY","CLEAR","DAYLIGHT","TURNING","NOT DIVIDED",,"STRAIGHT AND LEVEL","DRY","NO DEFECTS","ON SCENE","NO INJURY / DRIVE AWAY",,,"Y","OVER $1,500","2026-02-28T16:37:00.000","UNABLE TO DETERMINE","NOT APPLICABLE","505","N","STREETER DR","1834",,,,,,,"2","NO INDICATION OF INJURY","0","0","0","0","0","3","0","16","7","2","41.8903990518","-87.6108876398","POINT (-87.610887639838 41.890399051752)"
"8d03334ca76d8018c80340d274199e2b62f32e12954aaaea3135d9e7f7c21ec7e4b781914f74005bc8a11ce8e62f59695d66353d76787cd34e27706ceb55e32b",,"2026-02-28T16:24:00.000","30","NO CONTROLS","NO CONTROLS","CLEAR","DAYLIGHT","TURNING","DIVIDED - W/MEDIAN (NOT RAISED)",,"STRAIGHT AND LEVEL","DRY","NO DEFECTS","ON SCENE","NO INJURY / DRIVE AWAY",,,,"$501 - $1,500","2026-02-28T16:25:00.000","IMPROPER TURNING/NO SIGNAL","RELATED TO BUS STOP","806","W","63RD ST","712",,,,,,,"2","NO INDICATION OF INJURY","0","0","0","0","0","2","0","16","7","2","41.7798555908","-87.6451424336","POINT (-87.645142433598 41.779855590848)"
"f01563531568e4605d453c79f1ac036bd3ccdd38396e96a1ad6b0283c2b4b8cf3205c104be5c77d62f299dcb9a11846531ca5f8ef489a08d1bb31546bb1d3208",,"2026-02-28T16:24:00.000","30","NO CONTROLS","NO CONTROLS","UNKNOWN","UNKNOWN","REAR END","DIVIDED - W/MEDIAN (NOT RAISED)",,"STRAIGHT AND LEVEL","UNKNOWN","UNKNOWN","NOT ON SCENE (DESK REPORT)","NO INJURY / DRIVE AWAY",,,"Y","OVER $1,500","2026-02-28T17:00:00.000","FOLLOWING TOO CLOSELY","NOT APPLICABLE","9500","S","PRAIRIE AVE","511",,,,,,,"2","NO INDICATION OF INJURY","0","0","0","0","0","2","0","16","7","2","41.7217364148","-87.6179151411","POINT (-87.617915141132 41.721736414847)"
"6d48055ade7fd994fdd537aedb137b36db4cecf6bca315b083919107ff6da5b6bebf8bd3d56a80eaedfe8fabbdf4ce83e565ddcf6b4b0546668a06e770feef34",,"2026-02-28T16:21:00.000","30","TRAFFIC SIGNAL","FUNCTIONING PROPERLY","CLOUDY/OVERCAST","DAYLIGHT","SIDESWIPE SAME DIRECTION","ONE-WAY",,"STRAIGHT AND LEVEL","DRY","UNKNOWN","ON SCENE","NO INJURY / DRIVE AWAY","Y",,"Y","OVER $1,500","2026-02-28T16:26:00.000","UNABLE TO DETERMINE","UNABLE TO DETERMINE","98","W","RANDOLPH ST","111",,,,,,,"2","NO INDICATION OF INJURY","0","0","0","0","0","2","0","16","7","2","41.8845866284","-87.630861541","POINT (-87.63086154105 41.884586628406)"
"847917123d545fc44ecbf5a0b6ca7e30f86d187f08e65a20442ef6815b517105e4e880190b51ebb8dc0b7b07294d2a6a70a76f56924dcc4726ebbf5c6caebac5",,"2026-02-28T16:21:00.000","30","TRAFFIC SIGNAL","FUNCTIONING PROPERLY","CLEAR","DAYLIGHT","TURNING","DIVIDED - W/MEDIAN (NOT RAISED)",,"STRAIGHT AND LEVEL","DRY","NO DEFECTS","ON SCENE","INJURY AND / OR TOW DUE TO CRASH",,,,"$501 - $1,500","2026-02-28T16:35:00.000","FAILING TO YIELD RIGHT-OF-WAY","NOT APPLICABLE","2135","W","HOWARD ST","2424",,,,,,,"2","NONINCAPACITATING INJURY","2","0","0","2","0","1","0","16","7","2","42.0193742058","-87.684571147","POINT (-87.684571147045 42.0193742058)"
"bbf794b04b4b2e0abbb4c1315e06d66d19951d7892a2cee5987f86dbfc2395e0b5565cc0ec5566a39c5a4d5d97adb8c84d2fe1b761de90a9a60f7e8ae2ee26fe",,"2026-02-28T16:15:00.000","30","NO CONTROLS","NO CONTROLS","CLEAR","DAYLIGHT","SIDESWIPE SAME DIRECTION","OTHER",,"STRAIGHT AND LEVEL","DRY","NO DEFECTS","ON SCENE","INJURY AND / OR TOW DUE TO CRASH",,,,"OVER $1,500","2026-02-28T16:15:00.000","UNABLE TO DETERMINE","UNABLE TO DETERMINE","7126","S","PULASKI RD","833",,,,,,,"2","NO INDICATION OF INJURY","0","0","0","0","0","2","0","16","7","2","41.7632784755","-87.7224802229","POINT (-87.722480222883 41.763278475473)"
"f084982ee7c3173dc864d1c8ec00a5ec31a711a2c9f1be0766aea077d67bf2c7685af7d2b2415dc200dc2424af3cf52376855e39e254f2a98a01f4b6ba68694e",,"2026-02-28T16:15:00.000","30","NO CONTROLS","NO CONTROLS","CLEAR","DAYLIGHT","SIDESWIPE SAME DIRECTION","DIVIDED - W/MEDIAN (NOT RAISED)",,"STRAIGHT AND LEVEL","DRY","NO DEFECTS","NOT ON SCENE (DESK REPORT)","NO INJURY / DRIVE AWAY",,,,"OVER $1,500","2026-02-28T16:25:00.000","FAILING TO YIELD RIGHT-OF-WAY","DRIVING SKILLS/KNOWLEDGE/EXPERIENCE","118","E","47TH ST","215",,,,,,,"2","NO INDICATION OF INJURY","0","0","0","0","0","2","0","16","7","2","41.8094093352","-87.6220275187","POINT (-87.622027518743 41.809409335164)"
"5c98572d93e40d70cc8886f42e00c0af8c8a3a2f902651203aa626363ce2e857aa2df47a3d3b43aaf7c01171ba34bbf6598cc70741dd99a10c5d14aa174bda1c",,"2026-02-28T16:11:00.000","30","NO CONTROLS","NO CONTROLS","CLEAR","DAYLIGHT","REAR END","DIVIDED - W/MEDIAN (NOT RAISED)",,"STRAIGHT AND LEVEL","DRY","NO DEFECTS","ON SCENE","INJURY AND / OR TOW DUE TO CRASH",,,,"OVER $1,500","2026-02-28T16:26:00.000","FOLLOWING TOO CLOSELY","NOT APPLICABLE","1806","S","ASHLAND AVE","1234",,,,,,,"2","NO INDICATION OF INJURY","0","0","0","0","0","2","0","16","7","2","41.8575579469","-87.6662830159","POINT (-87.666283015943 41.857557946885)"
"af50421fd156f68c9930bbda5a8e705f7ead9d0ea0dd1640d70239afbcdc18af6b6aa5511ac0c03db25edf3191fc12d7d220cf0679f1fedfdefe4cf180b6301c",,"2026-02-28T16:05:00.000","30","UNKNOWN","UNKNOWN","CLEAR","DAYLIGHT","PEDALCYCLIST","DRIVEWAY",,"STRAIGHT AND LEVEL","DRY","UNKNOWN","NOT ON SCENE (DESK REPORT)","NO INJURY / DRIVE AWAY","Y",,,"OVER $1,500","2026-02-28T17:30:00.000","FAILING TO REDUCE SPEED TO AVOID CRASH","DRIVING SKILLS/KNOWLEDGE/EXPERIENCE","36","W","18TH ST","131",,,,,,,"2","NO INDICATION OF INJURY","0","0","0","0","0","2","0","16","7","2","41.8579085011","-87.6286169705","POINT (-87.628616970547 41.857908501109)"
"822e74238749ad8efc9db4f0d1d6c9c0d156a999ebc23d85853f6e17bb2855749d980a2e7d8d3054ff6837b52ea8799759d45ce387e0b389cc0f555d6e6c29b8",,"2026-02-28T16:00:00.000","30","TRAFFIC SIGNAL","FUNCTIONING PROPERLY","UNKNOWN","DAYLIGHT","REAR END","NOT DIVIDED",,"STRAIGHT AND LEVEL","UNKNOWN","UNKNOWN","NOT ON SCENE (DESK REPORT)","NO INJURY / DRIVE AWAY",,,,"OVER $1,500","2026-02-28T17:30:00.000","UNABLE TO DETERMINE","NOT APPLICABLE","3135","N","CICERO AVE","2521",,,,,,,"2","NO INDICATION OF INJURY","0","0","0","0","0","2","0","16","7","2","41.9380807697","-87.7467119834","POINT (-87.746711983444 41.938080769654)"
"bd40aebc3bf68a350fc9ab18ae23299fbaa4dc8637fc1a44f2e8f513acaa87b9ed5464d530c9c8cd65cefa4d4e9e5d1126714149f84a6e9fa000d67dde36cfac",,"2026-02-28T15:56:00.000","10","NO CONTROLS","NO CONTROLS","CLEAR","DAYLIGHT","PARKED MOTOR VEHICLE","PARKING LOT",,"STRAIGHT AND LEVEL","DRY","NO DEFECTS","ON SCENE","NO INJURY / DRIVE AWAY",,,"Y","OVER $1,500","2026-02-28T15:56:00.000","UNABLE TO DETERMINE","UNABLE TO DETERMINE","2325","S","WESTERN AVE","1034",,,,,,,"2","NO INDICATION OF INJURY","0","0","0","0","0","1","0","15","7","2","41.8494151528","-87.6854162262","POINT (-87.685416226155 41.849415152845)"
"000e952192fd038c0e21c8b5ad20d493fd04911f39fc8a9d978b07554fcdf259ece08289f96bd3b0f24066a7ac452ae8eb77ca150f079afc7f5d35416331cf9e",,"2026-02-28T15:48:00.000","30","NO CONTROLS","NO CONTROLS","CLEAR","DAYLIGHT","SIDESWIPE SAME DIRECTION","DIVIDED - W/MEDIAN (NOT RAISED)",,"STRAIGHT AND LEVEL","DRY","NO DEFECTS","NOT ON SCENE (DESK REPORT)","NO INJURY / DRIVE AWAY",,,,"$501 - $1,500","2026-02-28T16:05:00.000","UNABLE TO DETERMINE","UNABLE TO DETERMINE","9420","S","STONY ISLAND AVE","413",,,,,,,"2","NO INDICATION OF INJURY","0","0","0","0","0","4","0","15","7","2","41.7234621206","-87.5852919849","POINT (-87.585291984876 41.72346212059)"