"crash_record_id","crash_date_est_i","crash_date","posted_speed_limit","traffic_control_device","device_condition","weather_condition","lighting_condition","first_crash_type","trafficway_type","lane_cnt","alignment","roadway_surface_cond","road_defect","report_type","crash_type","intersection_related_i","private_property_i","hit_and_run_i","damage","date_police_notified","prim_contributory_cause","sec_contributory_cause","street_no","street_direction","street_name","beat_of_occurrence","photos_taken_i","statements_taken_i","dooring_i","work_zone_i","work_zone_type","workers_present_i","num_units","most_severe_injury","injuries_total","injuries_fatal","injuries_incapacitating","injuries_non_incapacitating","injuries_reported_not_evident","injuries_no_indication","injuries_unknown","crash_hour","crash_day_of_week","crash_month","latitude","longitude","location"
"9f6348b6ac7d3cd76fc81642770e1b67d9a37144e521f7451bb8cbcbdff6c77ff560b3e899bdb865996556643e64313d035b1ab200c2301b3c2a76c1ce598c30",,"2026-02-28T15:46:00.000","10","NO CONTROLS","NO CONTROLS","CLEAR","DAYLIGHT","PARKED MOTOR VEHICLE","PARKING LOT",,"STRAIGHT AND LEVEL","DRY","NO DEFECTS","NOT ON SCENE (DESK REPORT)","NO INJURY / DRIVE AWAY",,,"N","OVER $1,500","2026-03-02T21:10:00.000","IMPROPER BACKING","NOT APPLICABLE","4302","S","ASHLAND AVE","924",,,,,,,"2","NO INDICATION OF INJURY","0","0","0","0","0","1","0","15","7","2","41.815722227","-87.6652916404","POINT (-87.665291640366 41.81572222702)"
"147a5c005c11355f5b34ae8e8625ee8080e542cf075b93bdedac841535c380b22422aad7155b75b8b705b61e1bdbced33b67f4aea3b47c4c8811545811f80396",,"2026-02-28T15:45:00.000","30","NO CONTROLS","NO CONTROLS","CLEAR","DAYLIGHT","SIDESWIPE SAME DIRECTION","L-INTERSECTION",,"STRAIGHT AND LEVEL","DRY","NO DEFECTS","NOT ON SCENE (DESK REPORT)","NO INJURY / DRIVE AWAY","Y",,"Y","OVER $1,500","2026-02-28T16:00:00.000","FAILING TO YIELD RIGHT-OF-WAY","FAILING TO YIELD RIGHT-OF-WAY","953","W","CHICAGO AVE","1214",,,,,,,"2","NO INDICATION OF INJURY","0","0","0","0","0","6","0","15","7","2","41.8962128053","-87.6518777075","POINT (-87.651877707457 41.896212805293)"
"915df5d5dafcce03467e720be6596330e1660d7d2ebd2e4d8144af0aa774245c96c6b5414b89e9c9cf79462ee82288bd16c0acd3402156272361375650c9acb5",,"2026-02-28T15:45:00.000","30","NO CONTROLS","NO CONTROLS","CLEAR","DAYLIGHT","REAR END","NOT DIVIDED",,"STRAIGHT AND LEVEL","DRY","UNKNOWN",,"NO INJURY / DRIVE AWAY",,,"N","OVER $1,500","2026-03-02T13:54:00.000","FOLLOWING TOO CLOSELY","NOT APPLICABLE","700","W","ROOSEVELT RD","1232",,,,,,,"2","NO INDICATION OF INJURY","0","0","0","0","0","4","0","15","7","2","41.8672871622","-87.6452469415","POINT (-87.645246941532 41.867287162218)"
"a5913ab410655b6d13d440f01f00f9c8abd31999dabe9810d1b41351bfdba0887201f7230be272d397c5691dac1979dc1f7cd10dac5a023ad59b8cd87c824501",,"2026-02-28T15:40:00.000","30","UNKNOWN","UNKNOWN","CLEAR","DAYLIGHT","SIDESWIPE OPPOSITE DIRECTION","NOT DIVIDED",,"STRAIGHT AND LEVEL","UNKNOWN","UNKNOWN",,"NO INJURY / DRIVE AWAY",,,,"OVER $1,500","2026-02-28T19:50:00.000","UNABLE TO DETERMINE","UNABLE TO DETERMINE","1100","W","MADISON ST","1224",,,,,,,"2","NO INDICATION OF INJURY","0","0","0","0","0","2","0","15","7","2","41.881779411","-87.654380269","POINT (-87.654380269009 41.88177941105)"
"4424a4758ccdbb007bc7f64b45781e29457bc6e3b3009cb1ae947602a97cea59cc854db7ff406ed07e1e0aa379eeb9ec23bb8eff04031a7861c52578c3135466",,"2026-02-28T15:38:00.000","30","TRAFFIC SIGNAL","FUNCTIONING PROPERLY","CLEAR","DAYLIGHT","SIDESWIPE SAME DIRECTION","NOT DIVIDED",,"STRAIGHT AND LEVEL","DRY","NO DEFECTS","NOT ON SCENE (DESK REPORT)","NO INJURY / DRIVE AWAY",,,,"$501 - $1,500","2026-02-28T16:45:00.000","IMPROPER LANE USAGE","IMPROPER OVERTAKING/PASSING","8","E","RANDOLPH ST","111",,,,,,,"2","NO INDICATION OF INJURY","0","0","0","0","0","2","0","15","7","2","41.8846019061","-87.6276141748","POINT (-87.62761417477 41.884601906141)"
"fb6bfbc3354c30859e6739b4568e0d870cfeeea249b54d827423679f59e0b83efe04335a3d1afa117fef6ba217175e0f1e5d332e4dc7337d60c187b918b5632c",,"2026-02-28T15:34:00.000","30","STOP SIGN/FLASHER","NO CONTROLS","CLEAR","DAYLIGHT","HEAD ON","FOUR WAY",,"STRAIGHT AND LEVEL","DRY","NO DEFECTS",,"INJURY AND / OR TOW DUE TO CRASH",,,,"OVER $1,500","2026-02-28T15:35:00.000","FAILING TO REDUCE SPEED TO AVOID CRASH","IMPROPER LANE USAGE","3400","E","106TH ST","432",,,,,,,"3","NONINCAPACITATING INJURY","1","0","0","1","0","2","0","15","7","2","41.7028669966","-87.5412794079","POINT (-87.541279407859 41.702866996584)"
"82e97dfc60846c3892cf9c1f29a4f9d701baf81bc694ccd55e1aeb1833ae680c521d074e31bb8a30ef163c5ff960450c8e8e5afe362a2734416b45bcd3c3b8e6",,"2026-02-28T15:32:00.000","30","STOP SIGN/FLASHER","FUNCTIONING PROPERLY","CLEAR","DAYLIGHT","ANGLE","FOUR WAY",,"STRAIGHT AND LEVEL","DRY","NO DEFECTS","ON SCENE","INJURY AND / OR TOW DUE TO CRASH","Y",,,"OVER $1,500","2026-02-28T15:35:00.000","FAILING TO YIELD RIGHT-OF-WAY","NOT APPLICABLE","4500","S","VINCENNES AVE","221",,,,,,,"2","REPORTED, NOT EVIDENT","3","0","0","0","3","0","0","15","7","2","41.8130080006","-87.6140833096","POINT (-87.614083309633 41.81300800057)"
"0c36e646a58936a19a1206c9a60b31f11045842d95990b972b1c578c2fd76bee260757a496c80e02b5ac65c2d3cbf92a1ed7cb41dc272126df6dc26b123aaccc",,"2026-02-28T15:30:00.000","30","NO CONTROLS","NO CONTROLS","UNKNOWN","DAYLIGHT","PARKED MOTOR VEHICLE","DRIVEWAY",,"STRAIGHT AND LEVEL","UNKNOWN","UNKNOWN","NOT ON SCENE (DESK REPORT)","NO INJURY / DRIVE AWAY",,,,"OVER $1,500","2026-03-03T16:00:00.000","UNABLE TO DETERMINE","NOT APPLICABLE","222","E","90TH PL","633",,,,,,,"2","NO INDICATION OF INJURY","0","0","0","0","0","1","0","15","7","2","41.7301336813","-87.6181811094","POINT (-87.61818110944 41.730133681341)"
"9e57263bc73fb92bca9cf00abbd8ca8485a43d044ef84e2154a88d67d131feee9f9c616d141608fb1b3750c64dc21009ed03588976c1cec5f87e6948f5a4bd3f",,"2026-02-28T15:30:00.000","25","NO CONTROLS","NO CONTROLS","CLEAR","DAYLIGHT","REAR END","NOT DIVIDED",,"STRAIGHT AND LEVEL","DRY","NO DEFECTS","NOT ON SCENE (DESK REPORT)","NO INJURY / DRIVE AWAY",,,"Y","OVER $1,500","2026-02-28T15:31:00.000","UNABLE TO DETERMINE","UNABLE TO DETERMINE","2806","W","CERMAK RD","1023",,,,,,,"2","NO INDICATION OF INJURY","0","0","0","0","0","2","0","15","7","2","41.8520073664","-87.6958699679","POINT (-87.695869967928 41.852007366381)"
"bb31256c79f4111a16f11ebcdc49687ae482856acf85215fd33c5f9de2bc5ab6d196eb407217c4c0bebccdcaddb8526c0e2575b84f1b825b89dd2f2bee35d6b8","Y","2026-02-28T15:30:00.000","25","NO CONTROLS","NO CONTROLS","CLEAR","DAYLIGHT","PARKED MOTOR VEHICLE","NOT DIVIDED",,"STRAIGHT AND LEVEL","DRY","NO DEFECTS","NOT ON SCENE (DESK REPORT)","INJURY AND / OR TOW DUE TO CRASH",,,"Y","OVER $1,500","2026-02-28T16:40:00.000","UNABLE TO DETERMINE","NOT APPLICABLE","553","N","KILPATRICK AVE","1111",,,,,,,"2","NO INDICATION OF INJURY","0","0","0","0","0","1","0","15","7","2","41.8911873214","-87.7430691705","POINT (-87.743069170477 41.891187321386)"
"5cf60af0cb83e56e5b0a3982a01fc829ab6a90255e067bbb1d5bec12d66792a009ae25edf66f0462792a7cbc5a914167778de399e5cd35ee7ba9d9b1e48fab40",,"2026-02-28T15:25:00.000","30","TRAFFIC SIGNAL","FUNCTIONING PROPERLY","CLOUDY/OVERCAST","DAYLIGHT","SIDESWIPE SAME DIRECTION","FOUR WAY",,"STRAIGHT AND LEVEL","DRY","NO DEFECTS","NOT ON SCENE (DESK REPORT)","NO INJURY / DRIVE AWAY","Y",,,"$501 - $1,500","2026-02-28T16:00:00.000","UNABLE TO DETERMINE","UNABLE TO DETERMINE","1000","S","CLINTON ST","124",,,,,,,"2","NO INDICATION OF INJURY","0","0","0","0","0","2","0","15","7","2","41.8696993944","-87.6409465168","POINT (-87.640946516796 41.869699394445)"
"0210bce4011d7a59457c66cc97fb65941f6daa1cef98acb886eef430896a52bdf6fdb1327d3d6a9864091149e5911c68e0dcc7a2e5aa27c22bc1689a81e7d6b7",,"2026-02-28T15:19:00.000","30","TRAFFIC SIGNAL","FUNCTIONING PROPERLY","CLEAR","DAYLIGHT","REAR END","RAMP",,"STRAIGHT AND LEVEL","DRY","NO DEFECTS","NOT ON SCENE (DESK REPORT)","NO INJURY / DRIVE AWAY",,,,"OVER $1,500","2026-02-28T15:45:00.000","UNABLE TO DETERMINE","UNABLE TO DETERMINE","799","W","99TH ST","2232",,,,,,,"2","NO INDICATION OF INJURY","0","0","0","0","0","2","0","15","7","2","41.7141048342","-87.6429421316","POINT (-87.642942131591 41.714104834212)"
"a9fa6008b2e01370539890bd4bbb1dc2abc5ec102b9c88d1b18bf5589f922093d591542cfc29c7a033a1c5306dedfd07a2f534448f3d0e8a3e2ebfd49afd78cd",,"2026-02-28T15:15:00.000","30","STOP SIGN/FLASHER","FUNCTIONING PROPERLY","CLEAR","DAYLIGHT","REAR END","NOT DIVIDED",,"STRAIGHT AND LEVEL","DRY","NO DEFECTS","ON SCENE","NO INJURY / DRIVE AWAY","Y",,,"OVER $1,500","2026-02-28T15:21:00.000","UNABLE TO DETERMINE","UNABLE TO DETERMINE","234","N","LOCKWOOD AVE","1523",,,,,,,"2","NO INDICATION OF INJURY","0","0","0","0","0","3","0","15","7","2","41.885205167","-87.75783732","POINT (-87.757837319992 41.885205166968)"
"d9d8e6655884be9cef85bc364ca6c145ee6777b6362b44aa6f4cceacde1b86a56a4337a284db1b5b82b77d93e53207ab912d85c6a8e7ac747f9dffc207c23c71",,"2026-02-28T15:14:00.000","30","NO CONTROLS","NO CONTROLS","CLEAR","DAYLIGHT","REAR END","NOT DIVIDED",,"STRAIGHT AND LEVEL","DRY","NO DEFECTS","ON SCENE","NO INJURY / DRIVE AWAY",,,"Y","$500 OR LESS","2026-02-28T15:58:00.000","FAILING TO REDUCE SPEED TO AVOID CRASH","UNABLE TO DETERMINE","3248","N","CENTRAL AVE","1633",,,,,,,"2","NO INDICATION OF INJURY","0","0","0","0","0","3","0","15","7","2","41.9400593104","-87.7666987288","POINT (-87.7666987288 41.940059310438)"
"3b6db758e847c138cba806d9604c38ab256331cede58a55128708c437ba84c636487bd01d34676c498aa476157d51f44741cfa732f744f8a3cc32a134d0f54d3",,"2026-02-28T15:13:00.000","30","TRAFFIC SIGNAL","FUNCTIONING PROPERLY","CLEAR","DAYLIGHT","ANGLE","FOUR WAY",,"STRAIGHT AND LEVEL","DRY","NO DEFECTS","ON SCENE","INJURY AND / OR TOW DUE TO CRASH","Y",,,"OVER $1,500","2026-02-28T15:19:00.000","DISREGARDING TRAFFIC SIGNALS","EQUIPMENT - VEHICLE CONDITION","4164","W","GRAND AVE","2534",,,,,,,"2","REPORTED, NOT EVIDENT","1","0","0","0","1","1","0","15","7","2","41.908206718","-87.7312368468","POINT (-87.731236846802 41.908206717988)"
"4d2eee5a6e980f6c090079fecc064f9fa1513afd7d8aa214de0b2e3d17be986b344ea03ad7e35ba481523a556c9fc54369328d1877fb6695b0f170b2de9706ef",,"2026-02-28T15:05:00.000","20","NO CONTROLS","NO CONTROLS","CLEAR","DAYLIGHT","PARKED MOTOR VEHICLE","NOT DIVIDED",,"STRAIGHT AND LEVEL","DRY","NO DEFECTS","NOT ON SCENE (DESK REPORT)","NO INJURY / DRIVE AWAY",,,"Y","OVER $1,500","2026-02-28T15:35:00.000","UNABLE TO DETERMINE","UNABLE TO DETERMINE","2258","S","WHIPPLE ST","1033",,,,,,,"2","NO INDICATION OF INJURY","0","0","0","0","0","1","0","15","7","2","41.8500920531","-87.7016747021","POINT (-87.701674702093 41.850092053069)"
"8604bb0976587030c7236f47a3a61e4ee5cfa7ca312c7169d9526fc55ae177005ce0bcc510ac888ee1658b8ea26ad89e31087dc58bb9c68299bd5ef6eaf32cdd","Y","2026-02-28T15:04:00.000","30","NO CONTROLS","NO CONTROLS","CLEAR","DAYLIGHT","SIDESWIPE SAME DIRECTION","UNKNOWN",,"STRAIGHT AND LEVEL","UNKNOWN","UNKNOWN","ON SCENE","INJURY AND / OR TOW DUE TO CRASH",,,,"OVER $1,500","2026-02-28T15:08:00.000","UNDER THE INFLUENCE OF ALCOHOL/DRUGS (USE WHEN ARREST IS EFFECTED)","UNDER THE INFLUENCE OF ALCOHOL/DRUGS (USE WHEN ARREST IS EFFECTED)","7601","S","VINCENNES AVE","623",,,,,,,"2","NO INDICATION OF INJURY","0","0","0","0","0","3","0","15","7","2","41.756211883","-87.6321305421","POINT (-87.632130542124 41.75621188302)"
"f44ba0a5bf282869bdb763781afabe10807ddfb238350c2500629a46561893418bd233a9ae290b48332fee9a2fc744e39f8e67df22875885815b7ef4d1a1fc9b",,"2026-02-28T15:02:00.000","25","TRAFFIC SIGNAL","FUNCTIONING PROPERLY","CLEAR","DAYLIGHT","SIDESWIPE SAME DIRECTION","NOT DIVIDED",,"STRAIGHT AND LEVEL","DRY","NO DEFECTS","NOT ON SCENE (DESK REPORT)","NO INJURY / DRIVE AWAY",,,,"OVER $1,500","2026-02-28T15:50:00.000","IMPROPER LANE USAGE","NOT APPLICABLE","222","W","ADAMS ST","122",,,,,,,"2","NO INDICATION OF INJURY","0","0","0","0","0","2","0","15","7","2","41.8794877535","-87.6344422279","POINT (-87.634442227886 41.879487753534)"
"315e167e35bc0e0cad2279995babe1d3880d895e1d0656c89cdc97c8fef126469e016383a5f0929f52e9be3b23de709c9d5f9539c0ce4487038e9cf3bc67fccf",,"2026-02-28T15:00:00.000","35","NO CONTROLS","NO CONTROLS","CLEAR","DAYLIGHT","ANGLE","NOT DIVIDED",,"STRAIGHT AND LEVEL","DRY","NO DEFECTS","ON SCENE","INJURY AND / OR TOW DUE TO CRASH",,,,"OVER $1,500","2026-02-28T15:09:00.000","FAILING TO YIELD RIGHT-OF-WAY","NOT APPLICABLE","4748","W","FULLERTON AVE","2521",,,,,,,"2","NONINCAPACITATING INJURY","1","0","0","1","0","1","0","15","7","2","41.9243559289","-87.7458495111","POINT (-87.745849511135 41.924355928882)"
"eaa5f6837fc835fa05a0692c7d41fb81d8fc9af08b463f5336d2a5864168dd2911001164f1625a72c255cf2f3dd0952941d35380e9cceae3c1cd275906d7ff48","Y","2026-02-28T15:00:00.000","30","STOP SIGN/FLASHER","FUNCTIONING PROPERLY","CLEAR","UNKNOWN","PARKED MOTOR VEHICLE","FOUR WAY",,"STRAIGHT AND LEVEL","UNKNOWN","UNKNOWN","NOT ON SCENE (DESK REPORT)","INJURY AND / OR TOW DUE TO CRASH",,,"Y","OVER $1,500","2026-03-02T10:45:00.000","UNABLE TO DETERMINE","UNABLE TO DETERMINE","3227","W","27TH ST","1032",,,,,,,"2","NO INDICATION OF INJURY","0","0","0","0","0","1","0","15","7","2","41.8425691638","-87.7061392467","POINT (-87.70613924672 41.84256916381)"
"3f57da4e1dafb1049eef59e17889a7f202f5fdaf47fba9a2f214cff423f1c2d09c403b0c8233385235dea40604d1eea16bbdf9e6c61d16aa6013bbb59021665c",,"2026-02-28T14:57:00.000","30","STOP SIGN/FLASHER","FUNCTIONING PROPERLY","CLOUDY/OVERCAST","DUSK","PEDESTRIAN","FOUR WAY",,"STRAIGHT AND LEVEL","DRY","NO DEFECTS","ON SCENE","INJURY AND / OR TOW DUE TO CRASH",,,"Y","$500 OR LESS","2026-02-28T15:17:00.000","DISREGARDING STOP SIGN","DISREGARDING OTHER TRAFFIC SIGNS","467","W","ERIE ST","1831",,,,,,,"2","NONINCAPACITATING INJURY","1","0","0","1","0","1","0","14","7","2","41.8937925079","-87.6411552997","POINT (-87.641155299684 41.893792507934)"
"dd44e4d5c923c0fbe514fdd3582f069fdff0a6fdfbfaca0caff92228774f85118774b28f71aa8a1f537b9ea5c6268c45ec505dae5805e889eb74b99941cb7b50",,"2026-02-28T14:53:00.000","30","TRAFFIC SIGNAL","FUNCTIONING PROPERLY","CLEAR","DAYLIGHT","REAR END","NOT DIVIDED",,"STRAIGHT AND LEVEL","DRY","NO DEFECTS","NOT ON SCENE (DESK REPORT)","NO INJURY / DRIVE AWAY",,,"Y","OVER $1,500","2026-02-28T15:30:00.000","FOLLOWING TOO CLOSELY","FAILING TO REDUCE SPEED TO AVOID CRASH","7109","S","JEFFERY BLVD","333",,,,,,,"2","NO INDICATION OF INJURY","0","0","0","0","0","4","0","14","7","2","41.7658164158","-87.5761454752","POINT (-87.576145475166 41.765816415803)"
"8c805450c2578916a4c25efecdbe26b1c0e6afcc525977c9451a3d25400c3bdbe82129b9a0b8eaa207213bf0c16aea636e2f3e00bcc09910ec312ae5be41fcff",,"2026-02-28T14:50:00.000","15","NO CONTROLS","NO CONTROLS","CLEAR","DAYLIGHT","PARKED MOTOR VEHICLE","NOT DIVIDED",,"STRAIGHT AND LEVEL","DRY","NO DEFECTS","NOT ON SCENE (DESK REPORT)","NO INJURY / DRIVE AWAY",,,"Y","OVER $1,500","2026-02-28T15:45:00.000","UNABLE TO DETERMINE","UNABLE TO DETERMINE","2243","S","WHIPPLE ST","1033",,,,,,,"2","NO INDICATION OF INJURY","0","0","0","0","0","1","0","14","7","2","41.8505449309","-87.701391521","POINT (-87.701391521041 41.850544930945)"
"508bfc72e7d90f368632d32774a7b97999a48ef801cc0b49a3bfc5ec0322efec5ff83fadff97032a06600e32e00a0a9999cd262f0c90c3ccc7866a289f0251be",,"2026-02-28T14:45:00.000","30","NO CONTROLS","NO CONTROLS","CLOUDY/OVERCAST","DAYLIGHT","SIDESWIPE OPPOSITE DIRECTION","NOT DIVIDED",,"STRAIGHT AND LEVEL","DRY","NO DEFECTS","ON SCENE","NO INJURY / DRIVE AWAY",,,"Y","OVER $1,500","2026-02-28T15:43:00.000","OPERATING VEHICLE IN ERRATIC, RECKLESS, CARELESS, NEGLIGENT OR AGGRESSIVE MANNER","UNABLE TO DETERMINE","2856","W","22ND PL","1033",,,,,,,"2","NO INDICATION OF INJURY","0","0","0","0","0","4","0","14","7","2","41.8510674978","-87.6975339519","POINT (-87.697533951935 41.85106749777)"
"1664421252e7fe084c1e0872da1d3ca7181fc40cb063b9eb0bcbeb0c4e7055f1dfac0d5c30836adc0c6380271c7b5c4a6a1c7b0733dbd4d1f5b2ab69b03e7a27",,"2026-02-28T14:40:00.000","30","NO CONTROLS","NO CONTROLS","CLEAR","UNKNOWN","ANGLE","DIVIDED - W/MEDIAN (NOT RAISED)",,"STRAIGHT AND LEVEL","DRY","NO DEFECTS","NOT ON SCENE (DESK REPORT)","NO INJURY / DRIVE AWAY",,,,"OVER $1,500","2026-02-28T15:15:00.000","FAILING TO REDUCE SPEED TO AVOID CRASH","IMPROPER LANE USAGE","6317","S","WESTERN AVE","825",,,,,,,"2","NO INDICATION OF INJURY","0","0","0","0","0","3","0","14","7","2","41.778648219","-87.6834784103","POINT (-87.683478410275 41.778648218982)"
"c2fcfdf1c8e488fc29b4c8dc629320b4c6c17fd9146f77ceee37df5fff6af6bde6dbab22edc6a8ecdae0fdb4da69a6fb8c1493021ed57be2aa6221fa09eb8bbe",,"2026-02-28T14:40:00.000","30","NO CONTROLS","NO CONTROLS","CLEAR","UNKNOWN","PARKED MOTOR VEHICLE","NOT DIVIDED",,"STRAIGHT AND LEVEL","DRY","NO DEFECTS","NOT ON SCENE (DESK REPORT)","NO INJURY / DRIVE AWAY",,,"Y","OVER $1,500","2026-02-28T15:45:00.000","UNABLE TO DETERMINE","NOT APPLICABLE","8300","S","SPAULDING AVE","834",,,,,,,"2","NO INDICATION OF INJURY","0","0","0","0","0","1","0","14","7","2","41.7424101675","-87.7047764711","POINT (-87.704776471059 41.742410167473)"
"d4aea73f2670bb4551f6303671cb4c69e452571fde0bb08fcc8eb0a4d649adce0ebe0a83b3800d623f42030071614555dee2a4147603d5e5abffd666899998d0",,"2026-02-28T14:40:00.000","30","NO CONTROLS","NO CONTROLS","CLEAR","DAYLIGHT","PARKED MOTOR VEHICLE","DIVIDED - W/MEDIAN (NOT RAISED)",,"STRAIGHT AND LEVEL","DRY","NO DEFECTS","ON SCENE","NO INJURY / DRIVE AWAY",,,"Y","OVER $1,500","2026-02-28T15:01:00.000","UNABLE TO DETERMINE","UNABLE TO DETERMINE","2702","W","23RD PL","1034",,,,,,,"2","NO INDICATION OF INJURY","0","0","0","0","0","1","0","14","7","2","41.8493111501","-87.6931191","POINT (-87.693119100027 41.849311150067)"
"2d358b952eed231977111274129a56723c7dedc34597643246d88000fe3f38c23fbeb74082b0ea6ede2c92b015eb74c7eeb9bc82ab480fb8fd388b3c733dfac5",,"2026-02-28T14:38:00.000","30","TRAFFIC SIGNAL","NO CONTROLS","CLEAR","DAYLIGHT","SIDESWIPE SAME DIRECTION","DIVIDED - W/MEDIAN (NOT RAISED)",,"STRAIGHT AND LEVEL","DRY","NO DEFECTS","ON SCENE","INJURY AND / OR TOW DUE TO CRASH",,,,"OVER $1,500","2026-02-28T14:38:00.000","IMPROPER OVERTAKING/PASSING","IMPROPER OVERTAKING/PASSING","2398","W","109TH ST","2212",,,,,,,"2","NO INDICATION OF INJURY","0","0","0","0","0","2","0","14","7","2","41.6955064726","-87.6811273627","POINT (-87.68112736268 41.695506472575)"
"8736c9c7657a662981af9811da215c0985030e741c552157efa045cfe384d2e1cc7bd4b5ef66582baa164f309a31646a00dcbb45d93552b28d91b18f8befd6a8",,"2026-02-28T14:38:00.000","30","TRAFFIC SIGNAL","FUNCTIONING PROPERLY","CLEAR","DAYLIGHT","SIDESWIPE SAME DIRECTION","NOT DIVIDED",,"STRAIGHT AND LEVEL","DRY","NO DEFECTS",,"NO INJURY / DRIVE AWAY",,,,"$501 - $1,500","2026-02-28T15:11:00.000","FAILING TO YIELD RIGHT-OF-WAY","NOT APPLICABLE","9901","S","HALSTED ST","2232",,,,,,,"2","NO INDICATION OF INJURY","0","0","0","0","0","2","0","14","7","2","41.7141256493","-87.6428525474","POINT (-87.642852547443 41.714125649277)"
"6b9a221da758759828f10649df5d53c8e619ce2c0e691ac9b0521f4d0db4fc670a801e416da8beec52d0144773e0a95a41c1c5a7c300ea084e898e57148e9f6d",,"2026-02-28T14:30:00.000","30","NO CONTROLS","NO CONTROLS","CLEAR","DAYLIGHT","ANGLE","PARKING LOT",,"STRAIGHT AND LEVEL","DRY","NO DEFECTS","NOT ON SCENE (DESK REPORT)","NO INJURY / DRIVE AWAY",,"Y",,"$501 - $1,500","2026-02-28T15:43:00.000","IMPROPER BACKING","NOT APPLICABLE","5687","S","ARCHER AVE","814",,,,,,,"2","NO INDICATION OF INJURY","0","0","0","0","0","2","0","14","7","2","41.7969686058","-87.7535236681","POINT (-87.75352366806 41.796968605758)"
"88527bf582583c96e794337c36a69d3077b78d1ed314cb1ba5e3662c68e8f3fea57233c87026288dcb9fd418d4fda8e8d83cc0749e9469867e18812f0e0d546e",,"2026-02-28T14:30:00.000","30","NO CONTROLS","NO CONTROLS","CLEAR","DAYLIGHT","FIXED OBJECT","DIVIDED - W/MEDIAN (NOT RAISED)",,"STRAIGHT AND LEVEL","DRY","NO DEFECTS","ON SCENE","INJURY AND / OR TOW DUE TO CRASH",,,,"OVER $1,500","2026-02-28T14:45:00.000","IMPROPER BACKING","UNDER THE INFLUENCE OF ALCOHOL/DRUGS (USE WHEN ARREST IS EFFECTED)","923","S","CICERO AVE","1131",,,,,,,"1","NONINCAPACITATING INJURY","1","0","0","1","0","0","0","14","7","2","41.8687766832","-87.7446956198","POINT (-87.744695619831 41.868776683153)"
"9271cb78699a36aa8417a9ec522ff3aa67bc991bcc2810729ed7e9e56ea75f688dce1db57de163593cfd02ea518e48d8416e27e3593067fd7ac50f9650357f2c",,"2026-02-28T14:25:00.000","30","STOP SIGN/FLASHER","NO CONTROLS","CLEAR","DAYLIGHT","TURNING","DIVIDED - W/MEDIAN (NOT RAISED)",,"STRAIGHT AND LEVEL","DRY","NO DEFECTS","NOT ON SCENE (DESK REPORT)","NO INJURY / DRIVE AWAY",,,,"OVER $1,500","2026-02-28T15:15:00.000","UNABLE TO DETERMINE","UNABLE TO DETERMINE","5000","S","BLACKSTONE AVE","222",,,,,,,"2","NO INDICATION OF INJURY","0","0","0","0","0","2","0","14","7","2","41.804159659","-87.5906844217","POINT (-87.590684421696 41.804159659034)"
"3d3c6b08b4a3b3c4d1b4cef623a2adfd899b34b805d5bd4e91e19d15a7eb95cd20247cfc0bb444b34ae076069429e13cbd14340c859e800b6e9e300ac4dd4b6f",,"2026-02-28T14:19:00.000","30","UNKNOWN","UNKNOWN","CLEAR","DAYLIGHT","PARKED MOTOR VEHICLE","PARKING LOT",,"STRAIGHT AND LEVEL","UNKNOWN","UNKNOWN","NOT ON SCENE (DESK REPORT)","NO INJURY / DRIVE AWAY",,"Y","Y","OVER $1,500","2026-03-01T17:15:00.000","UNABLE TO DETERMINE","UNABLE TO DETERMINE","370","N","DESPLAINES ST","1214",,,,,,,"2","NO INDICATION OF INJURY","0","0","0","0","0","1","0","14","7","2","41.8889181736","-87.6444779729","POINT (-87.64447797293 41.88891817356)"
"3286ecbfc7a675a1ad55fcf6d0380368e5d56b7c41eba694e29d2e05547a1665166d5dd60e400133b7dd667c92e09c216b93a435419ab354bc3fb8124f5955c5",,"2026-02-28T14:15:00.000","30","TRAFFIC SIGNAL","FUNCTIONING PROPERLY","CLEAR","DAYLIGHT","REAR END","FIVE POINT, OR MORE",,"STRAIGHT AND LEVEL","DRY","NO DEFECTS","NOT ON SCENE (DESK REPORT)","NO INJURY / DRIVE AWAY",,,,"$501 - $1,500","2026-02-28T16:20:00.000","UNABLE TO DETERMINE","UNABLE TO DETERMINE","10000","S","INDIANAPOLIS AVE","432",,,,,,,"2","NO INDICATION OF INJURY","0","0","0","0","0","3","0","14","7","2","41.713757693","-87.5365338072","POINT (-87.536533807186 41.713757692961)"
"2397251b8df6c436af6c93364e8ecd7e9c075822231cc156246d6f0d4f95c7412b5f446caf3d09777467fc92460f277b73b369365e9798c5f8307c6fd8285d2c",,"2026-02-28T14:11:00.000","30","NO CONTROLS","NO CONTROLS","CLEAR","DAYLIGHT","ANGLE","DIVIDED - W/MEDIAN BARRIER",,"STRAIGHT AND LEVEL","DRY","UNKNOWN","ON SCENE","INJURY AND / OR TOW DUE TO CRASH","Y",,,"OVER $1,500","2026-02-28T14:34:00.000","IMPROPER OVERTAKING/PASSING","FAILING TO YIELD RIGHT-OF-WAY","200","S","HAMLIN BLVD","1122",,,,,,,"2","NO INDICATION OF INJURY","0","0","0","0","0","2","0","14","7","2","41.8779961206","-87.7207945318","POINT (-87.72079453182 41.877996120571)"