"crash_record_id","crash_date_est_i","crash_date","posted_speed_limit","traffic_control_device","device_condition","weather_condition","lighting_condition","first_crash_type","trafficway_type","lane_cnt","alignment","roadway_surface_cond","road_defect","report_type","crash_type","intersection_related_i","private_property_i","hit_and_run_i","damage","date_police_notified","prim_contributory_cause","sec_contributory_cause","street_no","street_direction","street_name","beat_of_occurrence","photos_taken_i","statements_taken_i","dooring_i","work_zone_i","work_zone_type","workers_present_i","num_units","most_severe_injury","injuries_total","injuries_fatal","injuries_incapacitating","injuries_non_incapacitating","injuries_reported_not_evident","injuries_no_indication","injuries_unknown","crash_hour","crash_day_of_week","crash_month","latitude","longitude","location"
"bfcbf75df7d03156cb17f20e88de4e73ce781f15dce16d8d97baf48db6c8c36edbf27181d965313966720acb1d7a0faa582f0e6dc8cf1c84d7e6ca4cae81a127",,"2026-02-28T14:10:00.000","35","NO CONTROLS","NO CONTROLS","CLOUDY/OVERCAST","DAYLIGHT","REAR END","RAMP",,"STRAIGHT ON GRADE","DRY","NO DEFECTS","ON SCENE","NO INJURY / DRIVE AWAY",,,"Y","$501 - $1,500","2026-02-28T14:16:00.000","OPERATING VEHICLE IN ERRATIC, RECKLESS, CARELESS, NEGLIGENT OR AGGRESSIVE MANNER","FOLLOWING TOO CLOSELY","900","E","111TH ST","513",,,,,,,"2","NO INDICATION OF INJURY","0","0","0","0","0","2","0","14","7","2","41.6929656594","-87.6005620394","POINT (-87.600562039387 41.692965659428)"
"334310e8a2cfb26764c9590c5ce5cbf8556f0e235107d1eddcb91e0368fdbe979c176c60606daecdf56232a16afe436a05de60999e17474a631da7cbdd29458d",,"2026-02-28T14:09:00.000","30","NO CONTROLS","NO CONTROLS","CLEAR","DAYLIGHT","REAR END","NOT DIVIDED",,"STRAIGHT AND LEVEL","DRY","NO DEFECTS","ON SCENE","NO INJURY / DRIVE AWAY",,,,"OVER $1,500","2026-02-28T14:15:00.000","IMPROPER OVERTAKING/PASSING","UNABLE TO DETERMINE","2046","W","FULLERTON AVE","1432",,,,,,,"2","NO INDICATION OF INJURY","0","0","0","0","0","2","0","14","7","2","41.9251122163","-87.6797708064","POINT (-87.679770806369 41.925112216286)"
"095d7b6c1e234dfb3c3732229757655cc4b5b79d2ae50d7a4d1d63c31a0dbe5792abe77f0b9c97cb54826027ce09737e57079db3e74184872a601e78db974a9e",,"2026-02-28T14:05:00.000","30","NO CONTROLS","NO CONTROLS","CLEAR","DAYLIGHT","FIXED OBJECT","NOT DIVIDED",,"STRAIGHT AND LEVEL","DRY","NO DEFECTS","ON SCENE","NO INJURY / DRIVE AWAY",,,,"OVER $1,500","2026-02-28T14:10:00.000","NOT APPLICABLE","NOT APPLICABLE","4555","W","ROOSEVELT RD","1011",,,,,,,"1","NO INDICATION OF INJURY","0","0","0","0","0","1","0","14","7","2","41.8658536706","-87.7396758667","POINT (-87.739675866742 41.865853670579)"
"a27710cac4c45f1a2c9a9aa2adc099e1c269e3b8288a4f6e6ab369d60261c524def6733b103701a52312ce1c0f1095003dc2093bc8ce93fce35434a13ed4955a",,"2026-02-28T14:04:00.000","30","NO CONTROLS","NO CONTROLS","CLOUDY/OVERCAST","DAYLIGHT","SIDESWIPE SAME DIRECTION","ROUNDABOUT",,"STRAIGHT AND LEVEL","DRY","NO DEFECTS",,"NO INJURY / DRIVE AWAY","Y",,,"$500 OR LESS","2026-02-28T15:06:00.000","FAILING TO YIELD RIGHT-OF-WAY","UNABLE TO DETERMINE","3861","W","ARTHINGTON ST","1133",,,,,,,"2","NO INDICATION OF INJURY","0","0","0","0","0","3","0","14","7","2","41.8697327234","-87.7226408005","POINT (-87.722640800511 41.869732723416)"
"259752f56e4dc2817a92055fb86eda183538e0be8beb7fd4f5873697b9180d1d8dc539582df30fb1b7e8c815be7c042c6852ce71191fa7c1da986a1308c897cb","Y","2026-02-28T14:00:00.000","30","NO CONTROLS","NO CONTROLS","UNKNOWN","UNKNOWN","PARKED MOTOR VEHICLE","NOT DIVIDED",,"STRAIGHT AND LEVEL","UNKNOWN","UNKNOWN","NOT ON SCENE (DESK REPORT)","NO INJURY / DRIVE AWAY",,,"Y","OVER $1,500","2026-03-02T21:50:00.000","UNABLE TO DETERMINE","NOT APPLICABLE","40","E","56TH ST","225",,,,,,,"2","NO INDICATION OF INJURY","0","0","0","0","0","1","0","14","7","2","41.7929821872","-87.6241240482","POINT (-87.624124048236 41.792982187237)"
"38181bed2488b5b7d1d728a4bb486d16fdec8f99b4887f3eea686560c8b849dac174678af32275e45b0541f31823f80a5dd671155206c96d5f866f15cf5bbfad",,"2026-02-28T14:00:00.000","30","TRAFFIC SIGNAL","FUNCTIONING PROPERLY","CLEAR","DAYLIGHT","SIDESWIPE SAME DIRECTION","CENTER TURN LANE",,"STRAIGHT AND LEVEL","DRY","NO DEFECTS","ON SCENE","NO INJURY / DRIVE AWAY",,,"Y","$500 OR LESS","2026-02-28T14:10:00.000","IMPROPER LANE USAGE","UNABLE TO DETERMINE","4750","W","55TH ST","815",,,,,,,"2","NO INDICATION OF INJURY","0","0","0","0","0","2","0","14","7","2","41.793132941","-87.7423439825","POINT (-87.742343982456 41.793132940964)"
"42407b20ce5f7c6ee6ea435da7eabef71efb6e4c0e43d4b141f0343180f3d271055d03c04325e41227bc3a1de7d66daca14ca046e54d10ac742aaa545b363c15",,"2026-02-28T14:00:00.000","30","NO CONTROLS","NO CONTROLS","CLEAR","DAYLIGHT","ANGLE","NOT DIVIDED",,"STRAIGHT AND LEVEL","DRY","NO DEFECTS","NOT ON SCENE (DESK REPORT)","NO INJURY / DRIVE AWAY",,,,"$501 - $1,500","2026-02-28T14:30:00.000","FAILING TO YIELD RIGHT-OF-WAY","NOT APPLICABLE","2625","E","103RD ST","434",,,,,,,"2","NO INDICATION OF INJURY","0","0","0","0","0","2","0","14","7","2","41.7080571107","-87.5597208934","POINT (-87.559720893437 41.708057110706)"
"703606c213ef6fc28ce7524b3db695fff497e2483ae1bc703696e2e68ab53474f5471d21a7268d0e2b1654845106eab96b3bd760d5017dbe6be0e4d39cb2bb61",,"2026-02-28T14:00:00.000","30","NO CONTROLS","NO CONTROLS","CLEAR","DAYLIGHT","PARKED MOTOR VEHICLE","DIVIDED - W/MEDIAN (NOT RAISED)",,"STRAIGHT AND LEVEL","DRY","NO DEFECTS","NOT ON SCENE (DESK REPORT)","NO INJURY / DRIVE AWAY",,,,"$501 - $1,500","2026-03-01T12:11:00.000","UNABLE TO DETERMINE","UNABLE TO DETERMINE","5118","S","LAKE PARK AVE","234",,,,,,,"2","NO INDICATION OF INJURY","0","0","0","0","0","2","0","14","7","2","41.8018296312","-87.5878260477","POINT (-87.587826047696 41.801829631168)"
"05053d25ea7e62e9705477eb339d89b8e3d0addbb4697f141d30961447f6cd3bedee4abd4775c9b538c5044e116d2f4395a3df733670dd31d226c8838d8a6356",,"2026-02-28T13:57:00.000","30","TRAFFIC SIGNAL","FUNCTIONING PROPERLY","CLEAR","DAYLIGHT","ANGLE","FOUR WAY",,"STRAIGHT AND LEVEL","DRY","NO DEFECTS","NOT ON SCENE (DESK REPORT)","NO INJURY / DRIVE AWAY","Y",,,"$501 - $1,500","2026-02-28T14:50:00.000","IMPROPER TURNING/NO SIGNAL","IMPROPER TURNING/NO SIGNAL","202","W","CERMAK RD","914",,,,,,,"2","NO INDICATION OF INJURY","0","0","0","0","0","2","0","13","7","2","41.8529586157","-87.6322286106","POINT (-87.632228610598 41.852958615658)"
"c94355d4cc21fb328abe4f0b28a84347cd3c21df817a52ec73b06115e640d763d41109d63d65621f8a59c75f77b3fc2a7323d5472f36eb6d55a8b19ec6b1f543",,"2026-02-28T13:56:00.000","30","TRAFFIC SIGNAL","FUNCTIONING PROPERLY","CLEAR","DAYLIGHT","HEAD ON","DIVIDED - W/MEDIAN (NOT RAISED)",,"STRAIGHT AND LEVEL","DRY","NO DEFECTS","ON SCENE","INJURY AND / OR TOW DUE TO CRASH","Y",,,"OVER $1,500","2026-02-28T15:28:00.000","DISTRACTION - FROM INSIDE VEHICLE","DRIVING SKILLS/KNOWLEDGE/EXPERIENCE","7595","S","ASHLAND AVE","612","N",,,,,,"2","REPORTED, NOT EVIDENT","1","0","0","0","1","3","0","13","7","2","41.7558817984","-87.6634311423","POINT (-87.66343114229 41.755881798405)"
"f33386441ec26b549ff8299975c90bdd3040de11c5459936eb104efdc5636ceeff76cf134ce8d2bd27a7f52d960f39c2a882985cf9143cea50a2ef3cb52684b2",,"2026-02-28T13:55:00.000","30","TRAFFIC SIGNAL","FUNCTIONING PROPERLY","CLEAR","DAYLIGHT","REAR END","DIVIDED - W/MEDIAN (NOT RAISED)",,"STRAIGHT AND LEVEL","DRY","NO DEFECTS","ON SCENE","INJURY AND / OR TOW DUE TO CRASH",,,"Y","OVER $1,500","2026-02-28T14:30:00.000","UNABLE TO DETERMINE","UNABLE TO DETERMINE","4003","W","OGDEN AVE","1013",,,,,,,"2","REPORTED, NOT EVIDENT","1","0","0","0","1","2","0","13","7","2","41.850935238","-87.7248428741","POINT (-87.724842874105 41.850935237967)"
"7040b62e625e108b7412231719203daf8cbab763f8c173a36b3ed2d32a6afcbfbb196ed62ea83547e33ddab7fa96ff44fefccc8faa2de24206ee4bc4069d54a9",,"2026-02-28T13:45:00.000","30","TRAFFIC SIGNAL","FUNCTIONING PROPERLY","CLEAR","DAYLIGHT","REAR END","DIVIDED - W/MEDIAN BARRIER",,"STRAIGHT AND LEVEL","DRY","NO DEFECTS","ON SCENE","INJURY AND / OR TOW DUE TO CRASH",,,"Y","OVER $1,500","2026-02-28T13:48:00.000","UNABLE TO DETERMINE","UNABLE TO DETERMINE","2526","N","WESTERN AVE","1431",,,,,,,"3","NO INDICATION OF INJURY","0","0","0","0","0","4","0","13","7","2","41.9272353965","-87.6878694149","POINT (-87.687869414932 41.927235396476)"
"81dfa909186b2f25e528042c9bda2db5988492db0da16ab4a4d97438627214a76830c74bf81e926b7c65e1b511a02f34631dba817810981c6e465d4b9a566d10",,"2026-02-28T13:45:00.000","30","NO CONTROLS","NO CONTROLS","CLEAR","DAYLIGHT","SIDESWIPE SAME DIRECTION","NOT DIVIDED",,"STRAIGHT AND LEVEL","DRY","NO DEFECTS","ON SCENE","NO INJURY / DRIVE AWAY",,,,"OVER $1,500","2026-02-28T14:50:00.000","IMPROPER OVERTAKING/PASSING","IMPROPER OVERTAKING/PASSING","3252","S","PULASKI RD","1031",,,,,,,"2","NO INDICATION OF INJURY","0","0","0","0","0","3","0","13","7","2","41.8335375769","-87.7244252509","POINT (-87.724425250877 41.833537576851)"
"415d0d7f1fac878e1d8117ac58c5e96380706ed61f5164cfd000b10c3e6d9db5e010b76d66218b0cc7da64b8e849c4cd34be335a8ac2ba30d66847ed83144931",,"2026-02-28T13:40:00.000","26","UNKNOWN","UNKNOWN","UNKNOWN","UNKNOWN","REAR END","NOT DIVIDED",,"STRAIGHT AND LEVEL","UNKNOWN","UNKNOWN","NOT ON SCENE (DESK REPORT)","NO INJURY / DRIVE AWAY",,,,"OVER $1,500","2026-02-28T16:21:00.000","NOT APPLICABLE","NOT APPLICABLE","431","N","HALSTED ST","1214",,,,,,,"2","NO INDICATION OF INJURY","0","0","0","0","0","2","0","13","7","2","41.8900733006","-87.6474623508","POINT (-87.647462350782 41.890073300607)"
"a49fb480b0e93e25c0b93c7037a7c59154a0d724fc0e44cc788f6b0a4666b0b2e9eb9d3bc6446bc5e94d37dc7f79d0d51bacb4c055fc259678480d2e1bad3e63",,"2026-02-28T13:30:00.000","30","UNKNOWN","UNKNOWN","UNKNOWN","UNKNOWN","FIXED OBJECT","UNKNOWN",,"STRAIGHT AND LEVEL","UNKNOWN","UNKNOWN","NOT ON SCENE (DESK REPORT)","NO INJURY / DRIVE AWAY",,,,"$500 OR LESS","2026-03-04T13:00:00.000","UNABLE TO DETERMINE","NOT APPLICABLE","7610","S","PAULINA ST","611",,,,,,,"1","NO INDICATION OF INJURY","0","0","0","0","0","1","0","13","7","2","41.7554103846","-87.6661436299","POINT (-87.666143629892 41.755410384608)"
"acff148116d84e1253be4f942b9757e5f3891fd7fa6092c456660dc870e94337266560b755990631862a8de651f024936eb31261cc90fe8ec3caf3b805e7b2a4","Y","2026-02-28T13:30:00.000","30","NO CONTROLS","NO CONTROLS","CLEAR","UNKNOWN","PARKED MOTOR VEHICLE","DIVIDED - W/MEDIAN (NOT RAISED)",,"STRAIGHT AND LEVEL","DRY","NO DEFECTS","NOT ON SCENE (DESK REPORT)","NO INJURY / DRIVE AWAY",,,"Y","OVER $1,500","2026-02-28T14:08:00.000","UNABLE TO DETERMINE","NOT APPLICABLE","4215","N","PULASKI RD","1723",,,,,,,"2","NO INDICATION OF INJURY","0","0","0","0","0","1","0","13","7","2","41.9577531151","-87.7275886767","POINT (-87.727588676748 41.957753115112)"
"cfe5b5a44832f89b5686d4c5b7d64572956ca76a30eeacdf71d0c6a30a33de38c584bad83497ec649153eed08ecaff55df46a68fd9961d102e68750ff8a7ac71",,"2026-02-28T13:28:00.000","30","TRAFFIC SIGNAL","FUNCTIONING PROPERLY","CLEAR","DAYLIGHT","REAR END","NOT DIVIDED",,"STRAIGHT AND LEVEL","DRY","NO DEFECTS","ON SCENE","INJURY AND / OR TOW DUE TO CRASH",,,,"OVER $1,500","2026-02-28T13:59:00.000","FOLLOWING TOO CLOSELY","FAILING TO REDUCE SPEED TO AVOID CRASH","3828","W","87TH ST","834",,,,,,,"3","NONINCAPACITATING INJURY","3","0","0","3","0","1","0","13","7","2","41.7350308608","-87.7177573619","POINT (-87.717757361875 41.735030860824)"
"1d69e6a23809aa3c5477d7cf06db27b83243d407b36a490d4dcf768ffa1cf5409260abc978c9cc40d1d55605429dd79e4aa024309349ac451bbd81d2ca90d3d1",,"2026-02-28T13:25:00.000","0","NO CONTROLS","NO CONTROLS","CLEAR","DAYLIGHT","FIXED OBJECT","ALLEY",,"STRAIGHT AND LEVEL","DRY","OTHER","ON SCENE","INJURY AND / OR TOW DUE TO CRASH",,"Y",,"OVER $1,500","2026-02-28T13:31:00.000","PHYSICAL CONDITION OF DRIVER","NOT APPLICABLE","2120","W","LAKE ST","1223",,,,,,,"1","NO INDICATION OF INJURY","0","0","0","0","0","1","0","13","7","2","41.8849701078","-87.6800683673","POINT (-87.680068367318 41.884970107779)"
"91796d669acbbd7362b9d4849964658df57ab2db54a9347e92bc78637669180aea60e70d212a48b77b7c7a59dc91e0911a7fed525443c490eaa2e59915fa6e08",,"2026-02-28T13:20:00.000","30","NO CONTROLS","NO CONTROLS","CLEAR","DAYLIGHT","SIDESWIPE SAME DIRECTION","NOT DIVIDED",,"STRAIGHT AND LEVEL","DRY","UNKNOWN","ON SCENE","NO INJURY / DRIVE AWAY",,,,"$501 - $1,500","2026-02-28T13:24:00.000","IMPROPER OVERTAKING/PASSING","IMPROPER TURNING/NO SIGNAL","2400","W","PERSHING RD","911",,,,,,,"2","NO INDICATION OF INJURY","0","0","0","0","0","6","0","13","7","2","41.8230967602","-87.6850189506","POINT (-87.685018950616 41.823096760166)"
"41f3f0af24120891a0267e6791069b51a95beb87f18805994e31a9fe73e69eadbe293ce997bb182875ae565f35bc85c5cbff50f66a2f0c2d1991e5297f4e1b60",,"2026-02-28T13:15:00.000","30","NO CONTROLS","NO CONTROLS","CLEAR","DAYLIGHT","SIDESWIPE SAME DIRECTION","NOT DIVIDED",,"STRAIGHT AND LEVEL","DRY","NO DEFECTS","NOT ON SCENE (DESK REPORT)","NO INJURY / DRIVE AWAY",,,,"OVER $1,500","2026-02-28T13:55:00.000","FAILING TO YIELD RIGHT-OF-WAY","UNABLE TO DETERMINE","1500","N","LAKE SHORE DR","1824",,,,,,,"2","NO INDICATION OF INJURY","0","0","0","0","0","2","0","13","7","2","41.9095974304","-87.6263122142","POINT (-87.626312214236 41.909597430399)"
"a4385c6f6a3b41ee7f8861483182e44db311426cf8a80b78fe8b7ca816e9931e6efa63a94428bfaf01955d4d4b23f2c1662bb2ccf78b37fc21a6f469118cc1b0",,"2026-02-28T13:14:00.000","30","TRAFFIC SIGNAL","FUNCTIONING PROPERLY","CLEAR","DAYLIGHT","ANGLE","DIVIDED - W/MEDIAN (NOT RAISED)",,"STRAIGHT AND LEVEL","DRY","UNKNOWN","ON SCENE","INJURY AND / OR TOW DUE TO CRASH","Y",,,"OVER $1,500","2026-02-28T13:18:00.000","FAILING TO YIELD RIGHT-OF-WAY","UNABLE TO DETERMINE","1","E","MARQUETTE RD","322",,,,,,,"2","REPORTED, NOT EVIDENT","3","0","0","0","3","0","0","13","7","2","41.7726154949","-87.6250640694","POINT (-87.625064069441 41.772615494911)"
"286930ab87640f771ae593163e37018539808c8ac599d21011a484dabcffbec05b609891c51a247d85a99fbe4fbde54fe7c42f2352ca07a9e06a7407ac09a874",,"2026-02-28T13:04:00.000","30","TRAFFIC SIGNAL","FUNCTIONING PROPERLY","CLEAR","DAYLIGHT","REAR END","DIVIDED - W/MEDIAN (NOT RAISED)",,"STRAIGHT AND LEVEL","DRY","NO DEFECTS","NOT ON SCENE (DESK REPORT)","INJURY AND / OR TOW DUE TO CRASH",,,"Y","OVER $1,500","2026-03-01T16:00:00.000","FOLLOWING TOO CLOSELY","NOT APPLICABLE","628","W","TAYLOR ST","124",,,,,,,"2","REPORTED, NOT EVIDENT","1","0","0","0","1","1","0","13","7","2","41.8698105196","-87.6434369175","POINT (-87.643436917453 41.869810519598)"
"10135fa191bd143254089bcd5161bd2d056c4fa7c006a43c706e2892cbced395e050b25b7dfcd4c4c578101344a6d5f88d984fdb1e94d62ea179ca2545004175","Y","2026-02-28T13:00:00.000","30","STOP SIGN/FLASHER","FUNCTIONING PROPERLY","CLEAR","DAYLIGHT","REAR END","NOT DIVIDED",,"STRAIGHT AND LEVEL","DRY","NO DEFECTS","NOT ON SCENE (DESK REPORT)","NO INJURY / DRIVE AWAY","Y",,"Y","OVER $1,500","2026-02-28T13:30:00.000","FOLLOWING TOO CLOSELY","NOT APPLICABLE","600","W","FULLERTON PKWY","1935",,,,,,,"2","NO INDICATION OF INJURY","0","0","0","0","0","2","0","13","7","2","41.9256401134","-87.6440508153","POINT (-87.644050815298 41.925640113414)"
"4887156435a259fdf173c473adab67f156eac90beff003542975798178ac36e05cad18b4f260b5348a0040bfab7ecae48d890204b3129c54a1d488b539b059cd",,"2026-02-28T13:00:00.000","30","UNKNOWN","UNKNOWN","UNKNOWN","UNKNOWN","REAR END","UNKNOWN",,"STRAIGHT AND LEVEL","UNKNOWN","UNKNOWN","NOT ON SCENE (DESK REPORT)","NO INJURY / DRIVE AWAY",,,,"OVER $1,500","2026-02-28T13:05:00.000","UNABLE TO DETERMINE","NOT APPLICABLE","6000","N","CENTRAL AVE","1621",,,,,,,"2","NO INDICATION OF INJURY","0","0","0","0","0","4","0","13","7","2","41.9908890219","-87.7661690869","POINT (-87.766169086906 41.990889021922)"
"4bc6d951ff88569435677f9cc6740555c833380702fdba643ac124c21f8a80e74c05a65ee91d0a642226c65d5e03d8a6689b9689e57dcb4777f2ad57277a31ed",,"2026-02-28T13:00:00.000","30","NO CONTROLS","NO CONTROLS","CLEAR","DAYLIGHT","TURNING","NOT DIVIDED",,"STRAIGHT AND LEVEL","DRY","NO DEFECTS","NOT ON SCENE (DESK REPORT)","NO INJURY / DRIVE AWAY",,,,"OVER $1,500","2026-02-28T13:30:00.000","UNABLE TO DETERMINE","UNABLE TO DETERMINE","7498","S","WABASH AVE","323",,,,,,,"2","NO INDICATION OF INJURY","0","0","0","0","0","3","0","13","7","2","41.7583517446","-87.6232966654","POINT (-87.623296665388 41.758351744595)"
"7b49ba231eb6f55d49ef7c3edc431b357ff84c9b59089d6657af477041ed236f05fdd515a05bad04fb531c9518f214cc585f0cd8516181624a286966484cb539",,"2026-02-28T13:00:00.000","40","NO CONTROLS","NO CONTROLS","CLEAR","DAYLIGHT","SIDESWIPE SAME DIRECTION","DIVIDED - W/MEDIAN BARRIER",,"STRAIGHT AND LEVEL","DRY","NO DEFECTS","ON SCENE","INJURY AND / OR TOW DUE TO CRASH",,,,"OVER $1,500","2026-02-28T13:03:00.000","DRIVING SKILLS/KNOWLEDGE/EXPERIENCE","UNABLE TO DETERMINE","3750","N","LAKE SHORE DR NB","1925",,,,,,,"2","NO INDICATION OF INJURY","0","0","0","0","0","2","0","13","7","2","41.9519923603","-87.6449556599","POINT (-87.644955659941 41.951992360302)"
"bd126160802a20a99f6cd7b93181b8c1b8b10fcdc9a1957d2f3ab46e06c84cb2e5246fb819170484bf65643b8334699642ded15382d95028a5be41a439f5ee9a",,"2026-02-28T13:00:00.000","25","UNKNOWN","UNKNOWN","UNKNOWN","UNKNOWN","PARKED MOTOR VEHICLE","NOT DIVIDED",,"STRAIGHT AND LEVEL","UNKNOWN","UNKNOWN","NOT ON SCENE (DESK REPORT)","NO INJURY / DRIVE AWAY",,,,"OVER $1,500","2026-03-02T15:34:00.000","NOT APPLICABLE","NOT APPLICABLE","1337","N","BURLING ST","1822",,,,,,,"2","NO INDICATION OF INJURY","0","0","0","0","0","1","0","13","7","2","41.9059415771","-87.6471813092","POINT (-87.647181309179 41.905941577139)"
"cdcb02e39d64b68e13819654f6d868168a1e54eb4bcaf946d1b3193188d4d37c9146ded06672613e498b444a5076fd51a6508d2fb9b38746eb3213e968cedaea",,"2026-02-28T13:00:00.000","25","NO CONTROLS","NO CONTROLS","CLEAR","DAYLIGHT","SIDESWIPE SAME DIRECTION","DIVIDED - W/MEDIAN (NOT RAISED)",,"STRAIGHT AND LEVEL","DRY","NO DEFECTS","NOT ON SCENE (DESK REPORT)","NO INJURY / DRIVE AWAY",,,,"OVER $1,500","2026-02-28T14:30:00.000","IMPROPER OVERTAKING/PASSING","NOT APPLICABLE","4700","S","KEDVALE AVE","815",,,,,,,"2","NO INDICATION OF INJURY","0","0","0","0","0","2","0","13","7","2","41.8077314235","-87.7273994436","POINT (-87.727399443553 41.807731423513)"
"2e7b6e0cd08b07ae14445b0c13a37a7dc1bb305ad4ff47d9f2ffb6a4950bf9c201c623e375afa8007d1b281727a2879b8c806a9d25ae30c0a6e4de2b2a21a4ac",,"2026-02-28T12:55:00.000","30","STOP SIGN/FLASHER","UNKNOWN","CLOUDY/OVERCAST","DAYLIGHT","TURNING","T-INTERSECTION",,"STRAIGHT AND LEVEL","DRY","UNKNOWN","ON SCENE","INJURY AND / OR TOW DUE TO CRASH",,,,"OVER $1,500","2026-02-28T13:12:00.000","UNABLE TO DETERMINE","NOT APPLICABLE","3246","W","ADDISON ST","1733",,,,,,,"2","NO INDICATION OF INJURY","0","0","0","0","0","3","0","12","7","2","41.9467168984","-87.7096718737","POINT (-87.709671873679 41.946716898377)"
"d0a26db4e7ab1ff65f94c32e337d2dc9cd8dd521ab35fa8285b17a02387da0733fe3916147872699c778cdafad22b115e467ebf1c2a4dc24bc3dbbb12b836b53",,"2026-02-28T12:50:00.000","30","STOP SIGN/FLASHER","FUNCTIONING PROPERLY","CLEAR","DAYLIGHT","TURNING","FOUR WAY",,"STRAIGHT AND LEVEL","DRY","UNKNOWN","NOT ON SCENE (DESK REPORT)","NO INJURY / DRIVE AWAY","Y",,,"OVER $1,500","2026-02-28T13:15:00.000","IMPROPER TURNING/NO SIGNAL","IMPROPER OVERTAKING/PASSING","45","E","75TH ST","623",,,,,,,"2","NO INDICATION OF INJURY","0","0","0","0","0","3","0","12","7","2","41.7581570108","-87.622911153","POINT (-87.62291115295 41.758157010794)"
"8e6ad2b9466e3c97abe068adf43f47746cc3158ab5773214d694659959cd6cdf6e19452fb5b2fe11612c4b6b70fdcbe330510dd68fa30263e96a884128cd7a7e",,"2026-02-28T12:44:00.000","30","NO CONTROLS","NO CONTROLS","CLEAR","DAYLIGHT","PARKED MOTOR VEHICLE","DIVIDED - W/MEDIAN (NOT RAISED)",,"STRAIGHT AND LEVEL","DRY","UNKNOWN","NOT ON SCENE (DESK REPORT)","NO INJURY / DRIVE AWAY",,,,"$501 - $1,500","2026-02-28T12:44:00.000","UNABLE TO DETERMINE","UNABLE TO DETERMINE","1757","W","BELLE PLAINE AVE","1912",,,,,,,"2","NO INDICATION OF INJURY","0","0","0","0","0","1","0","12","7","2","41.9559694315","-87.672920037","POINT (-87.672920037039 41.955969431519)"
"a14e3c078bed7c1cfffca3bee8f6df23f5e9e933b83cd9d6e2307cfbe4bad36cf7f2937ff6e5954884f56191f6b537f91a61b6028df7fd0d592092edccb78b5f",,"2026-02-28T12:40:00.000","25","TRAFFIC SIGNAL","FUNCTIONING PROPERLY","CLEAR","DAYLIGHT","SIDESWIPE SAME DIRECTION","NOT DIVIDED",,"STRAIGHT AND LEVEL","DRY","NO DEFECTS","NOT ON SCENE (DESK REPORT)","NO INJURY / DRIVE AWAY",,,"Y","OVER $1,500","2026-02-28T13:10:00.000","DRIVING SKILLS/KNOWLEDGE/EXPERIENCE","NOT APPLICABLE","532","N","RUSH ST","1834",,,,,,,"2","NO INDICATION OF INJURY","0","0","0","0","0","2","0","12","7","2","41.8918980383","-87.6255178341","POINT (-87.625517834107 41.891898038341)"
"977bbc47a044958b5aa73795a9a9bdbbe132e69864ad02894c1580e7d6c636ef193b193131070738bc5f02daa32c7385ad4d79dc82e8b9de825600a5e389d074",,"2026-02-28T12:38:00.000","30","NO CONTROLS","NO CONTROLS","UNKNOWN","DAYLIGHT","REAR END","ONE-WAY",,"STRAIGHT AND LEVEL","UNKNOWN","NO DEFECTS","NOT ON SCENE (DESK REPORT)","NO INJURY / DRIVE AWAY",,,,"$501 - $1,500","2026-03-01T08:50:00.000","FAILING TO YIELD RIGHT-OF-WAY","NOT APPLICABLE","350","W","OHIO ST","1831",,,,,,,"2","NO INDICATION OF INJURY","0","0","0","0","0","2","0","12","7","2","41.8924033405","-87.6375124948","POINT (-87.63751249476 41.892403340509)"
"4966adfece9d7c98a0ba5885b1d9e0ea6cafa9939164d8ef578af5781754c958c3613c479d960e5ad7784359372f5eb4570e42ea4adad7e4b1f1146f64002753",,"2026-02-28T12:35:00.000","30","TRAFFIC SIGNAL","FUNCTIONING PROPERLY","CLEAR","DAYLIGHT","REAR END","DIVIDED - W/MEDIAN BARRIER",,"STRAIGHT AND LEVEL","DRY","NO DEFECTS",,"NO INJURY / DRIVE AWAY",,,"Y","OVER $1,500","2026-02-28T13:35:00.000","UNABLE TO DETERMINE","NOT APPLICABLE","6622","W","NORTH AVE","2513","N",,,,,,"2","NO INDICATION OF INJURY","0","0","0","0","0","3","0","12","7","2","41.9091868648","-87.7909927266","POINT (-87.79099272656 41.909186864815)"
"0bd591e8aaff8e8266a0fdf3850c2a2dffd51b88bdbd372e965ec5cc0f9b94c617a9cd70c9f8775f321641fcf3819352cf1e936ee7848868ab836743f44e2d49",,"2026-02-28T12:34:00.000","30","TRAFFIC SIGNAL","FUNCTIONING PROPERLY","CLEAR","DAYLIGHT","REAR END","DIVIDED - W/MEDIAN (NOT RAISED)",,"STRAIGHT AND LEVEL","DRY","NO DEFECTS","ON SCENE","NO INJURY / DRIVE AWAY",,,,"$500 OR LESS","2026-02-28T12:34:00.000","RELATED TO BUS STOP","NOT APPLICABLE","6350","W","FULLERTON AVE","2512",,,,,,,"2","NO INDICATION OF INJURY","0","0","0","0","0","3","0","12","7","2","41.923793617","-87.785072221","POINT (-87.785072220998 41.923793616985)"
"93551ff03470db97dfe56a03bbf02a7030ba52a3f8c220bbe3ff5fde4572109f3127cb4ebc7ebb51bc32f32d87a3f91e3496faf0b23834862417c55230bf115c",,"2026-02-28T12:33:00.000","30","NO CONTROLS","NO CONTROLS","CLEAR","DAYLIGHT","PARKED MOTOR VEHICLE","NOT DIVIDED",,"STRAIGHT AND LEVEL","DRY","NO DEFECTS","NOT ON SCENE (DESK REPORT)","NO INJURY / DRIVE AWAY",,,"Y","$501 - $1,500","2026-02-28T15:19:00.000","IMPROPER BACKING","NOT APPLICABLE","3338","W","63RD ST","823",,,,,,,"2","NO INDICATION OF INJURY","0","0","0","0","0","1","0","12","7","2","41.7790180551","-87.7071159368","POINT (-87.707115936823 41.779018055081)"