"crash_record_id","crash_date_est_i","crash_date","posted_speed_limit","traffic_control_device","device_condition","weather_condition","lighting_condition","first_crash_type","trafficway_type","lane_cnt","alignment","roadway_surface_cond","road_defect","report_type","crash_type","intersection_related_i","private_property_i","hit_and_run_i","damage","date_police_notified","prim_contributory_cause","sec_contributory_cause","street_no","street_direction","street_name","beat_of_occurrence","photos_taken_i","statements_taken_i","dooring_i","work_zone_i","work_zone_type","workers_present_i","num_units","most_severe_injury","injuries_total","injuries_fatal","injuries_incapacitating","injuries_non_incapacitating","injuries_reported_not_evident","injuries_no_indication","injuries_unknown","crash_hour","crash_day_of_week","crash_month","latitude","longitude","location"
"9c07ecc35ba1cbcdf6f8b732805c5992b2b6d115beba9cc2d842d1f7ef4a06ecf2b4e8b8227e6a3c68606e39ff1a42d2a0aaddf36ee635ce5679db91d35fd1cf","Y","2026-02-28T12:30:00.000","30","NO CONTROLS","NO CONTROLS","CLEAR","DAYLIGHT","PARKED MOTOR VEHICLE","ONE-WAY",,"STRAIGHT AND LEVEL","DRY","NO DEFECTS","NOT ON SCENE (DESK REPORT)","NO INJURY / DRIVE AWAY",,,"Y","OVER $1,500","2026-02-28T14:30:00.000","FAILING TO YIELD RIGHT-OF-WAY","NOT APPLICABLE","60","E","GRAND AVE","1834",,,,,,,"2","NO INDICATION OF INJURY","0","0","0","0","0","3","0","12","7","2","41.8918143653","-87.6256852646","POINT (-87.625685264584 41.891814365281)"
"f3af56ed7690f00c1ed6d07aff053e6ce8cbd810e771476b8561aa6eadf9167231fdbfd5396318161cde6ab8ef8cd74195334f56e593f9291a02c9e8408ecf29",,"2026-02-28T12:30:00.000","30","TRAFFIC SIGNAL","FUNCTIONING PROPERLY","CLEAR","DAYLIGHT","ANGLE","FOUR WAY",,"STRAIGHT AND LEVEL","DRY","NO DEFECTS","NOT ON SCENE (DESK REPORT)","NO INJURY / DRIVE AWAY",,,,"$501 - $1,500","2026-02-28T13:15:00.000","FAILING TO YIELD RIGHT-OF-WAY","NOT APPLICABLE","9900","S","VINCENNES AVE","2213",,,,,,,"2","NO INDICATION OF INJURY","0","0","0","0","0","2","0","12","7","2","41.7139794991","-87.6535123131","POINT (-87.653512313106 41.713979499108)"
"0230921bdc7ce517ffcdf40ac0105247d9b7b403d8a8e711fe9e7643e1cf78e084ad287dda84d42450ab8f0c5b1e9264d2c338e30c96e3fa94ae7fd5ad7e76ba",,"2026-02-28T12:25:00.000","30","NO CONTROLS","NO CONTROLS","CLEAR","DAYLIGHT","REAR END","NOT DIVIDED",,"STRAIGHT AND LEVEL","DRY","NO DEFECTS","ON SCENE","NO INJURY / DRIVE AWAY",,,,"OVER $1,500","2026-02-28T12:27:00.000","FOLLOWING TOO CLOSELY","NOT APPLICABLE","2222","N","CICERO AVE","2522",,,,,,,"2","NO INDICATION OF INJURY","0","0","0","0","0","2","0","12","7","2","41.9212989388","-87.7463744267","POINT (-87.746374426686 41.921298938797)"
"fcb2671d220f4d8275d85977f865b786f58fd87d5c12d62e6912b23296dc79038ef74cf8913836a95d71bee13805742ae0ace542991ff2da53ad5d85c3ac455c",,"2026-02-28T12:23:00.000","30","NO CONTROLS","NO CONTROLS","CLEAR","DAYLIGHT","PARKED MOTOR VEHICLE","ONE-WAY",,"STRAIGHT AND LEVEL","DRY","NO DEFECTS","NOT ON SCENE (DESK REPORT)","NO INJURY / DRIVE AWAY",,,,"$501 - $1,500","2026-02-28T13:01:00.000","UNABLE TO DETERMINE","NOT APPLICABLE","5624","N","BERNARD ST","1711",,,,,,,"2","NO INDICATION OF INJURY","0","0","0","0","0","1","0","12","7","2","41.9837545241","-87.7151478946","POINT (-87.715147894564 41.983754524105)"
"6cf37b52c9ec043e16b6318472662832d7c5330fa03c0444494d5555da50e4cf49e3dc8549052b6f096afe0385f38f77eb74f8771885cd2cb44aa03a7817e00b",,"2026-02-28T12:15:00.000","25","NO CONTROLS","NO CONTROLS","CLEAR","DAYLIGHT","ANGLE","NOT DIVIDED",,"STRAIGHT AND LEVEL","DRY","NO DEFECTS","ON SCENE","NO INJURY / DRIVE AWAY",,,"Y","OVER $1,500","2026-02-28T12:37:00.000","IMPROPER LANE USAGE","FAILING TO YIELD RIGHT-OF-WAY","1600","W","SUNNYSIDE AVE","1912",,,,,,,"2","NO INDICATION OF INJURY","0","0","0","0","0","2","0","12","7","2","41.963523091","-87.6693855796","POINT (-87.669385579633 41.963523091037)"
"35d9b18a1664545bc524c365ab65f79fb0c3a9f8b86c98800fcb1ef482d04ab5fc1a2ceb058edceeefc9d5a40dc3f89206b7ea66978005d3d53b145298f1e92f",,"2026-02-28T12:10:00.000","30","NO CONTROLS","NO CONTROLS","CLEAR","DAYLIGHT","REAR END","NOT DIVIDED",,"STRAIGHT AND LEVEL","DRY","UNKNOWN","ON SCENE","NO INJURY / DRIVE AWAY",,,,"OVER $1,500","2026-02-28T12:15:00.000","FOLLOWING TOO CLOSELY","UNABLE TO DETERMINE","3014","W","63RD ST","823",,,,,,,"2","NO INDICATION OF INJURY","0","0","0","0","0","2","0","12","7","2","41.7791435766","-87.6989708724","POINT (-87.698970872391 41.779143576624)"
"1deeb87c88d0139d6ea6b34f1d992785954f8195908394eb657dbc43c1b33a9b3a50a72d5d02d0ecb26df07aea026570f0165b69a77b4c2e6a1e3fc62e49cc37",,"2026-02-28T12:05:00.000","30","NO CONTROLS","NO CONTROLS","CLEAR","DAYLIGHT","REAR END","NOT DIVIDED",,"STRAIGHT AND LEVEL","DRY","NO DEFECTS","ON SCENE","INJURY AND / OR TOW DUE TO CRASH","Y",,,"OVER $1,500","2026-02-28T12:08:00.000","FOLLOWING TOO CLOSELY","FAILING TO REDUCE SPEED TO AVOID CRASH","4555","S","WESTERN BLVD","924",,,,,,,"2","NO INDICATION OF INJURY","0","0","0","0","0","3","0","12","7","2","41.8104515462","-87.6837744013","POINT (-87.683774401323 41.810451546165)"
"d100596197f98c3267aba9692ef5fe81cc49b4f37695309c312368c72ce2e7c216a7444e688ca7bf622ab0b6abe1bc3e2c2773a8e22c04acddf65d5f29db98d9",,"2026-02-28T12:01:00.000","25","TRAFFIC SIGNAL","UNKNOWN","CLEAR","DAYLIGHT","REAR END","NOT DIVIDED",,"STRAIGHT AND LEVEL","DRY","NO DEFECTS","NOT ON SCENE (DESK REPORT)","NO INJURY / DRIVE AWAY",,,"Y","$500 OR LESS","2026-02-28T14:30:00.000","UNABLE TO DETERMINE","UNABLE TO DETERMINE","609","W","35TH ST","915",,,,,,,"2","NO INDICATION OF INJURY","0","0","0","0","0","3","0","12","7","2","41.8307019134","-87.6416319575","POINT (-87.64163195754 41.830701913427)"
"247c245bb8d99e87f289f57a611b3f7223775bbc62329868729cb9c6fb2741cd971d23f52d6daf72884bd89e29e0133853b2ae4c8c84470ca7ea73629f8c7ae3",,"2026-02-28T12:00:00.000","30","NO CONTROLS","NO CONTROLS","CLEAR","DAYLIGHT","SIDESWIPE SAME DIRECTION","NOT DIVIDED",,"STRAIGHT AND LEVEL","DRY","NO DEFECTS","NOT ON SCENE (DESK REPORT)","NO INJURY / DRIVE AWAY",,,"Y","OVER $1,500","2026-02-28T14:12:00.000","NOT APPLICABLE","NOT APPLICABLE","2630","W","47TH ST","922",,,,,,,"2","NO INDICATION OF INJURY","0","0","0","0","0","2","0","12","7","2","41.8084513665","-87.6904874436","POINT (-87.690487443608 41.80845136647)"
"3d1419f5085d7926816d2ea31815085e8e80fa5208e1fd94d02813b5fe68247bbfb269f7f7e8f68305c68d92404efac371adb46662c22a928503c41169b20303",,"2026-02-28T12:00:00.000","30","NO CONTROLS","NO CONTROLS","CLEAR","DAYLIGHT","TURNING","NOT DIVIDED",,"STRAIGHT AND LEVEL","DRY","NO DEFECTS","NOT ON SCENE (DESK REPORT)","NO INJURY / DRIVE AWAY",,,"Y","OVER $1,500","2026-03-03T11:26:00.000","UNABLE TO DETERMINE","UNABLE TO DETERMINE","6700","S","PULASKI RD","833",,,,,,,"2","NO INDICATION OF INJURY","0","0","0","0","0","2","0","12","7","2","41.7713258652","-87.7227213773","POINT (-87.722721377294 41.771325865209)"
"9a67834c0ac0240247f4b0d1b1c91627a1e216e200b00df6578b47feada4417e8c1ebf0a7862da7dd3f805811544f9e83028408674d18fa6f9463881f4ab850a","Y","2026-02-28T12:00:00.000","30","NO CONTROLS","NO CONTROLS","CLEAR","DAYLIGHT","PARKED MOTOR VEHICLE","ONE-WAY",,"STRAIGHT AND LEVEL","DRY","NO DEFECTS","ON SCENE","NO INJURY / DRIVE AWAY",,,"Y","OVER $1,500","2026-03-02T17:03:00.000","UNABLE TO DETERMINE","UNABLE TO DETERMINE","121","S","WASHTENAW AVE","1125",,,,,,,"2","NO INDICATION OF INJURY","0","0","0","0","0","1","0","12","7","2","41.8794620658","-87.6937638238","POINT (-87.693763823777 41.879462065758)"
"237aa236c251ad5132ba5b6514fd62e7d98da381ebac83628403ee685ba5694c6326b92d433a937261e749e90a022d93bd44bbb1a5ffc65008892e45a731ad34",,"2026-02-28T11:59:00.000","15","NO CONTROLS","NO CONTROLS","CLEAR","DAYLIGHT","ANGLE","PARKING LOT",,"STRAIGHT AND LEVEL","DRY","NO DEFECTS","NOT ON SCENE (DESK REPORT)","NO INJURY / DRIVE AWAY",,"Y",,"OVER $1,500","2026-03-05T18:14:00.000","IMPROPER BACKING","FAILING TO REDUCE SPEED TO AVOID CRASH","2317","W","MADISON ST","1223",,,,,,,"2","NO INDICATION OF INJURY","0","0","0","0","0","2","0","11","7","2","41.8810789324","-87.6846938953","POINT (-87.684693895261 41.881078932387)"
"2132909f0046dbc0a5c860a3c5da505d0dacefd50d20f3af7c47c5f9ce139fe258d0f1a18bf5727ed0ad5e5065dd85bffd6c3515baa20afd6531304bf7645b6a",,"2026-02-28T11:58:00.000","30","NO CONTROLS","NO CONTROLS","CLEAR","DAYLIGHT","ANGLE","NOT DIVIDED",,"STRAIGHT AND LEVEL","DRY","NO DEFECTS","NOT ON SCENE (DESK REPORT)","NO INJURY / DRIVE AWAY",,,,"OVER $1,500","2026-02-28T13:35:00.000","OPERATING VEHICLE IN ERRATIC, RECKLESS, CARELESS, NEGLIGENT OR AGGRESSIVE MANNER","NOT APPLICABLE","6400","S","WESTERN AVE","825",,,,,,,"2","NO INDICATION OF INJURY","0","0","0","0","0","2","0","11","7","2","41.7773252728","-87.6837383935","POINT (-87.683738393495 41.777325272828)"
"16d0e02f67607b53534426c821d91acd88923bce657d275bd00f39388e3db3110d9b455c47d0e117c4a51deb23b70503cf9592a04eca57ad23624f9d4a0bb256",,"2026-02-28T11:45:00.000","30","OTHER","OTHER","CLEAR","DARKNESS","PARKED MOTOR VEHICLE","OTHER",,"STRAIGHT AND LEVEL","DRY","WORN SURFACE","ON SCENE","INJURY AND / OR TOW DUE TO CRASH",,,"Y","OVER $1,500","2026-02-28T17:22:00.000","UNABLE TO DETERMINE","NOT APPLICABLE","3600","S","WASHTENAW AVE","911",,,,,,,"2","NO INDICATION OF INJURY","0","0","0","0","0","1","0","11","7","2","41.8282663846","-87.6924726506","POINT (-87.692472650638 41.828266384594)"
"3cd58564684c33addb183e0e36787b454d4ca996043fec2bd71c1c9bb2eb6b93cf439d21bc22973dba18c938205495b30ed182bebd39cd4e1665c8a0e82cff7f",,"2026-02-28T11:45:00.000","30","NO CONTROLS","NO CONTROLS","CLEAR","DARKNESS","PARKED MOTOR VEHICLE","ONE-WAY",,"STRAIGHT AND LEVEL","DRY","UNKNOWN","ON SCENE","NO INJURY / DRIVE AWAY",,,"Y","OVER $1,500","2026-02-28T23:53:00.000","UNABLE TO DETERMINE","UNABLE TO DETERMINE","537","N","WELLS ST","1831",,,,,,,"2","NO INDICATION OF INJURY","0","0","0","0","0","1","0","11","7","2","41.8918449102","-87.6339282554","POINT (-87.633928255383 41.891844910168)"
"80457ddbba0c223aed2fe02092c64f8b3c775eef600c3e6c4e882ef118b0b5e67993cc4c7ac7fd17574a6b989f3081728e7f1602bf11e5c6a90e828d82a0a747",,"2026-02-28T11:45:00.000","35","NO CONTROLS","NO CONTROLS","CLEAR","DAYLIGHT","SIDESWIPE SAME DIRECTION","NOT DIVIDED",,"STRAIGHT AND LEVEL","DRY","UNKNOWN","NOT ON SCENE (DESK REPORT)","NO INJURY / DRIVE AWAY",,,"Y","OVER $1,500","2026-02-28T12:00:00.000","IMPROPER OVERTAKING/PASSING","NOT APPLICABLE","754","W","111TH ST","2233",,,,,,,"2","NO INDICATION OF INJURY","0","0","0","0","0","2","0","11","7","2","41.6924676939","-87.6421513946","POINT (-87.642151394622 41.692467693854)"
"4122ce9b09a99c3ca3de1a6f129225af54bc2b57a58ba4745cc95f359d8cdb5ec002c74a3125737816fcb6bac68d49ebca732dab2bb6e757de35bf0aad1d9069",,"2026-02-28T11:40:00.000","10","NO CONTROLS","NO CONTROLS","CLEAR","DAYLIGHT","FIXED OBJECT","PARKING LOT",,"STRAIGHT AND LEVEL","DRY","NO DEFECTS","ON SCENE","NO INJURY / DRIVE AWAY",,"Y",,"OVER $1,500","2026-02-28T12:00:00.000","DRIVING SKILLS/KNOWLEDGE/EXPERIENCE","UNABLE TO DETERMINE","251","E","95TH ST","511",,,,,,,"1","NO INDICATION OF INJURY","0","0","0","0","0","1","0","11","7","2","41.7217351733","-87.6169534219","POINT (-87.616953421943 41.721735173263)"
"53e963a0d061b5f5e0325862cb4d74fee13e9c82636d19c2fdf54e001aba1e54751365b9cd2bf2819c51572f1321c3d9e55b5c249fa3f37bc61d8f130dbe1383",,"2026-02-28T11:40:00.000","30","NO CONTROLS","NO CONTROLS","CLEAR","DAYLIGHT","ANGLE","NOT DIVIDED",,"STRAIGHT AND LEVEL","DRY","NO DEFECTS","ON SCENE","INJURY AND / OR TOW DUE TO CRASH",,,,"OVER $1,500","2026-02-28T11:43:00.000","UNABLE TO DETERMINE","NOT APPLICABLE","816","N","MONTICELLO AVE","1112",,"Y",,,,,"2","NO INDICATION OF INJURY","0","0","0","0","0","3","0","11","7","2","41.8959903631","-87.7176968545","POINT (-87.717696854547 41.895990363054)"
"baaf829f5cd5f5de6d7f9617bb5cb34dde860777af59aae0959a3bd758202c7d5a062289f924fc7244c0566cfb27f0e22ec4ae42071acd58bf5cd6c9fcb5911b",,"2026-02-28T11:40:00.000","25","NO CONTROLS","NO CONTROLS","CLEAR","DAYLIGHT","PARKED MOTOR VEHICLE","ONE-WAY",,"STRAIGHT AND LEVEL","DRY","NO DEFECTS","NOT ON SCENE (DESK REPORT)","INJURY AND / OR TOW DUE TO CRASH",,,"Y","OVER $1,500","2026-02-28T12:25:00.000","UNABLE TO DETERMINE","NOT APPLICABLE","1208","N","LONG AVE","2532",,,,,,,"2","NO INDICATION OF INJURY","0","0","0","0","0","1","0","11","7","2","41.9025041626","-87.7611301966","POINT (-87.761130196579 41.902504162589)"
"7d590a79377d8be0600d3fe45bfeb4999383e7bb4e2f42a2c82eb66818e734c7948802ee5835d271e08d985502a4a095073a127430377de0d3ac10b3eea7b58f",,"2026-02-28T11:33:00.000","35","TRAFFIC SIGNAL","FUNCTIONING PROPERLY","CLEAR","DAYLIGHT","SIDESWIPE SAME DIRECTION","NOT DIVIDED",,"STRAIGHT AND LEVEL","DRY","NO DEFECTS","ON SCENE","NO INJURY / DRIVE AWAY",,,,"OVER $1,500","2026-02-28T11:37:00.000","NOT APPLICABLE","NOT APPLICABLE","7500","S","STATE ST","623","Y","Y",,,,,"2","NO INDICATION OF INJURY","0","0","0","0","0","4","0","11","7","2","41.7580921764","-87.6249022282","POINT (-87.624902228247 41.758092176383)"
"707073d73dcd1ab7a942125f5e45865e3eaaed0c7ad4c2ca97970b3f49b0b8c4cb9ecb7fb0b86685a5c9717a05bb56b7aaddfda5ac81df19b05102ebc35d6af2",,"2026-02-28T11:30:00.000","30","NO CONTROLS","NO CONTROLS","CLEAR","DAYLIGHT","PARKED MOTOR VEHICLE","NOT DIVIDED",,"STRAIGHT AND LEVEL","DRY","NO DEFECTS","NOT ON SCENE (DESK REPORT)","NO INJURY / DRIVE AWAY",,,"Y","OVER $1,500","2026-02-28T15:15:00.000","UNABLE TO DETERMINE","UNABLE TO DETERMINE","4430","N","ARTESIAN AVE","1911",,,,,,,"2","NO INDICATION OF INJURY","0","0","0","0","0","1","0","11","7","2","41.9622438593","-87.6900804217","POINT (-87.690080421737 41.962243859251)"
"7fff48bf35496c8108aaa517ee66661ade2d64ca2d12d9d9f293b79c738819c3d6d0616f1b943f1b4fb2d8f1a64de31809e5b28d414cd76de8b783faa51de06e",,"2026-02-28T11:30:00.000","35","NO CONTROLS","NO CONTROLS","CLEAR","DAYLIGHT","SIDESWIPE SAME DIRECTION","DIVIDED - W/MEDIAN (NOT RAISED)",,"STRAIGHT AND LEVEL","DRY","UNKNOWN","ON SCENE","NO INJURY / DRIVE AWAY",,,,"OVER $1,500","2026-02-28T11:32:00.000","NOT APPLICABLE","NOT APPLICABLE","11021","S","PULASKI RD","2211",,,,,,,"2","NO INDICATION OF INJURY","0","0","0","0","0","2","0","11","7","2","41.6924205951","-87.7202351161","POINT (-87.720235116075 41.692420595081)"
"ce22951b3c74a0cce3aabd8894663f6558e5e86e87eedb96ff9b9df16a1279864412c5fb3142cfcbbba70a4ffcce7cc15fa07bd1f9629f65550ddff34e92e37a",,"2026-02-28T11:30:00.000","30","UNKNOWN","UNKNOWN","CLEAR","DAYLIGHT","ANGLE","NOT DIVIDED",,"STRAIGHT AND LEVEL","UNKNOWN","UNKNOWN","NOT ON SCENE (DESK REPORT)","NO INJURY / DRIVE AWAY",,,"Y","OVER $1,500","2026-03-01T12:00:00.000","FAILING TO YIELD RIGHT-OF-WAY","FAILING TO YIELD RIGHT-OF-WAY","2200","W","WILSON AVE","1911",,,,,,,"2","NO INDICATION OF INJURY","0","0","0","0","0","2","0","11","7","2","41.9650597491","-87.6840823749","POINT (-87.684082374925 41.965059749071)"
"7344e3aedac4c29d8c78fe43c7fa5c6c7a923098b6e1b3f095a6a83cdd9c5558370c04e709e5873ebf5649804ffe5e3ac8ac4f8342653f3a3652a618a45c5142",,"2026-02-28T11:27:00.000","30","NO CONTROLS","NO CONTROLS","CLEAR","DAYLIGHT","PARKED MOTOR VEHICLE","T-INTERSECTION",,"STRAIGHT AND LEVEL","DRY","NO DEFECTS","NOT ON SCENE (DESK REPORT)","NO INJURY / DRIVE AWAY","N",,,"OVER $1,500","2026-02-28T12:00:00.000","UNABLE TO DETERMINE","NOT APPLICABLE","3011","N","PARKSIDE AVE","2514",,,,,,,"2","NO INDICATION OF INJURY","0","0","0","0","0","1","0","11","7","2","41.9352882555","-87.7674541637","POINT (-87.767454163717 41.935288255472)"
"785b59ab5d172ba1dbd7ede3bf74413cd39a6c02d3e35e5c86b2e4d4074737ef4af23990df84518bddb93511a90adb68e1677014ee9c7fa39cde14d3b41a9cb4",,"2026-02-28T11:24:00.000","30","NO CONTROLS","NO CONTROLS","CLEAR","DAYLIGHT","PARKED MOTOR VEHICLE","NOT DIVIDED",,"STRAIGHT AND LEVEL","DRY","NO DEFECTS","NOT ON SCENE (DESK REPORT)","NO INJURY / DRIVE AWAY",,,,"OVER $1,500","2026-02-28T16:50:00.000","FAILING TO REDUCE SPEED TO AVOID CRASH","NOT APPLICABLE","6805","N","RIDGE BLVD","2424",,,,,,,"2","NO INDICATION OF INJURY","0","0","0","0","0","1","0","11","7","2","42.0054260674","-87.6801168129","POINT (-87.680116812908 42.005426067391)"
"05eee474e06362863b8087fa3e551b1fedbe3726cca1f6ce62cff55b5ef9043cc5a913337161f27342cb5f1632fc0cfc129146dac53b58db1570d503d60154bb",,"2026-02-28T11:20:00.000","30","NO CONTROLS","NO CONTROLS","CLEAR","DAYLIGHT","PARKED MOTOR VEHICLE","ONE-WAY",,"STRAIGHT AND LEVEL","DRY","NO DEFECTS","NOT ON SCENE (DESK REPORT)","NO INJURY / DRIVE AWAY",,,,"OVER $1,500","2026-02-28T12:13:00.000","IMPROPER OVERTAKING/PASSING","NOT APPLICABLE","662","N","DEARBORN ST","1832",,,,,,,"2","NO INDICATION OF INJURY","0","0","0","0","0","1","0","11","7","2","41.8942350861","-87.6298684097","POINT (-87.629868409746 41.894235086147)"
"c7aab65b69f7ef3cb96b40042302bb40c252657156bc9536d733ae1ef0be938e459e2545b44b6d7ba45128fa0f0c845030a5a18224685e9fd5bfdaa6b02b9cfb",,"2026-02-28T11:15:00.000","30","NO CONTROLS","NO CONTROLS","CLEAR","DAYLIGHT","ANGLE","NOT DIVIDED",,"STRAIGHT AND LEVEL","DRY","NO DEFECTS","NOT ON SCENE (DESK REPORT)","NO INJURY / DRIVE AWAY",,,"Y","OVER $1,500","2026-02-28T17:10:00.000","DRIVING SKILLS/KNOWLEDGE/EXPERIENCE","NOT APPLICABLE","5900","S","TROY ST","824",,,,,,,"2","NO INDICATION OF INJURY","0","0","0","0","0","2","0","11","7","2","41.7861733321","-87.702272463","POINT (-87.702272462994 41.786173332087)"
"0bf6c9c97a3259b760a7f994bd7f9c740aa4448157865d53c171a5195796a7eb01b981529797e6284f4c5b5c5e4f199803b57e7f000cd557b48098683e7a1270","Y","2026-02-28T11:00:00.000","10","NO CONTROLS","NO CONTROLS","CLEAR","DAYLIGHT","PARKED MOTOR VEHICLE","PARKING LOT",,"STRAIGHT AND LEVEL","DRY","NO DEFECTS","NOT ON SCENE (DESK REPORT)","NO INJURY / DRIVE AWAY",,,"Y","OVER $1,500","2026-02-28T15:00:00.000","FOLLOWING TOO CLOSELY","FAILING TO REDUCE SPEED TO AVOID CRASH","316","W","CERMAK RD","914",,,,,,,"2","NO INDICATION OF INJURY","0","0","0","0","0","1","0","11","7","2","41.8529915031","-87.6355438546","POINT (-87.635543854644 41.852991503101)"
"39f935d42d94596aea953975270976919c10cdd109c5c3748df3acd88b867101f1fee525adda68627720bc1c2dcd08d5bc7e5a7b51424616a0cf61f7dd73f0fd",,"2026-02-28T11:00:00.000","30","NO CONTROLS","NO CONTROLS","CLEAR","DAYLIGHT","PARKED MOTOR VEHICLE","PARKING LOT",,"STRAIGHT AND LEVEL","UNKNOWN","UNKNOWN","NOT ON SCENE (DESK REPORT)","NO INJURY / DRIVE AWAY",,"Y","Y","OVER $1,500","2026-02-28T16:00:00.000","NOT APPLICABLE","NOT APPLICABLE","1650","E","71ST ST","332",,,,,,,"2","NO INDICATION OF INJURY","0","0","0","0","0","1","0","11","7","2","41.7662735478","-87.5839734806","POINT (-87.583973480565 41.766273547809)"
"5c77d32e78aeb89541d49005254e5e15494f5f55a2fd8e4963ce66e79f24c02f4c2deb30622fb85ed8d7a5d252921956c2d78a5d2ceb811bc1d441c5c181d1f2",,"2026-02-28T11:00:00.000","30","NO CONTROLS","NO CONTROLS","CLEAR","DAYLIGHT","PEDESTRIAN","NOT DIVIDED",,"STRAIGHT AND LEVEL","DRY","NO DEFECTS","ON SCENE","INJURY AND / OR TOW DUE TO CRASH",,,,"$500 OR LESS","2026-02-28T11:19:00.000","UNABLE TO DETERMINE","UNABLE TO DETERMINE","1414","N","WESTERN AVE","1423",,,,,,,"2","NONINCAPACITATING INJURY","1","0","0","1","0","1","0","11","7","2","41.9071518384","-87.6872836736","POINT (-87.687283673568 41.907151838403)"
"7064e270f5208b5d527a5aeff9a930c7a1ca6e520dea49fb6944d4bdced5417d6ea418b5d5a2ead625f0f97633b394ce33c55eced9053fda3275dce200577c57",,"2026-02-28T11:00:00.000","30","NO CONTROLS","NO CONTROLS","CLEAR","DAYLIGHT","REAR END","DIVIDED - W/MEDIAN (NOT RAISED)",,"STRAIGHT AND LEVEL","DRY","UNKNOWN","NOT ON SCENE (DESK REPORT)","NO INJURY / DRIVE AWAY",,,,"OVER $1,500","2026-02-28T13:00:00.000","UNABLE TO DETERMINE","NOT APPLICABLE","1265","N","MILWAUKEE AVE","1433",,,,,,,"2","NO INDICATION OF INJURY","0","0","0","0","0","2","0","11","7","2","41.9048566243","-87.6685902042","POINT (-87.668590204227 41.904856624265)"
"8e62543f75cde8e2d0bd502f2163212a5df1360d4e44c44b5e5a14206be5daa9ed7f7a47b3bd8452a01125675c98420e412dd8c5697e8340ae0cf477192fb48e","N","2026-02-28T11:00:00.000","25","TRAFFIC SIGNAL","FUNCTIONING PROPERLY","CLEAR","DAYLIGHT","PEDESTRIAN","NOT DIVIDED",,"STRAIGHT AND LEVEL","DRY","NO DEFECTS","ON SCENE","INJURY AND / OR TOW DUE TO CRASH","Y",,,"$500 OR LESS","2026-02-28T11:00:00.000","FAILING TO YIELD RIGHT-OF-WAY","NOT APPLICABLE","4700","S","DR MARTIN LUTHER KING JR DR","224",,,,,,,"2","INCAPACITATING INJURY","1","0","1","0","0","1","0","11","7","2","41.8092909105","-87.616733046","POINT (-87.616733045993 41.809290910501)"
"e70e686db1e55803013cd5048014fdfa5972acd0d13b1c3249a3ade0a96f80fb49f2fb3a83f22cb28ee71105364d9af9cce54dd3e2ae595efc205c45f86eb654",,"2026-02-28T10:45:00.000","25","UNKNOWN","UNKNOWN","CLEAR","DAYLIGHT","ANGLE","ALLEY",,"STRAIGHT AND LEVEL","DRY","NO DEFECTS","NOT ON SCENE (DESK REPORT)","NO INJURY / DRIVE AWAY",,,,"OVER $1,500","2026-02-28T12:00:00.000","UNABLE TO DETERMINE","UNABLE TO DETERMINE","4014","W","ARMITAGE AVE","2525",,,,,,,"2","NO INDICATION OF INJURY","0","0","0","0","0","2","0","10","7","2","41.9172671767","-87.7272639973","POINT (-87.727263997275 41.917267176726)"
"e9a808183f54b6ec48f528dee2a3e0131954ca1c9ffc88c06156c662dfe12de6f978f7c908a1c10f24a630bed6556fd6f941871bde69977235eeedc9a4563a9b",,"2026-02-28T10:45:00.000","30","NO CONTROLS","NO CONTROLS","CLEAR","DAYLIGHT","SIDESWIPE SAME DIRECTION","ONE-WAY",,"STRAIGHT AND LEVEL","DRY","NO DEFECTS","NOT ON SCENE (DESK REPORT)","NO INJURY / DRIVE AWAY",,,,"OVER $1,500","2026-02-28T11:07:00.000","FAILING TO YIELD RIGHT-OF-WAY","NOT APPLICABLE","132","E","DELAWARE PL","1833",,,,,,,"2","NO INDICATION OF INJURY","0","0","0","0","0","5","0","10","7","2","41.8993121481","-87.6246942975","POINT (-87.624694297481 41.899312148126)"
"1aa5e2bbc073034576cfb852c96c8a0145d934b8fbff8c1f4b944779d707d7469ea65c4e56c06f43955c7fd4396dfd04487c66a33c4b880f4db656d49f0073c2",,"2026-02-28T10:30:00.000","30","NO CONTROLS","NO CONTROLS","CLEAR","DAYLIGHT","SIDESWIPE SAME DIRECTION","DIVIDED - W/MEDIAN (NOT RAISED)",,"STRAIGHT AND LEVEL","DRY","NO DEFECTS","NOT ON SCENE (DESK REPORT)","NO INJURY / DRIVE AWAY",,,,"OVER $1,500","2026-03-01T08:10:00.000","IMPROPER OVERTAKING/PASSING","NOT APPLICABLE","6117","N","HARLEM AVE","1612",,,,,,,"2","NO INDICATION OF INJURY","0","0","0","0","0","2","0","10","7","2","41.9925156909","-87.8066984119","POINT (-87.806698411931 41.992515690946)"
"276453b419b9ca72de46e4a81eda7b4f3813795b751109660330c00fac0e9e7c1505816629e4bf75ec2e5ca23a793117f8b2636b352bac68dc6220af9c2c32c0",,"2026-02-28T10:30:00.000","30","NO CONTROLS","NO CONTROLS","UNKNOWN","DAYLIGHT","PARKED MOTOR VEHICLE","NOT DIVIDED",,"STRAIGHT AND LEVEL","UNKNOWN","UNKNOWN","NOT ON SCENE (DESK REPORT)","NO INJURY / DRIVE AWAY",,,"Y","OVER $1,500","2026-03-02T21:09:00.000","IMPROPER BACKING","UNABLE TO DETERMINE","1307","S","WABASH AVE","131",,,,,,,"2","NO INDICATION OF INJURY","0","0","0","0","0","1","0","10","7","2","41.8655174494","-87.625648058","POINT (-87.625648058033 41.86551744938)"