"crash_record_id","crash_date_est_i","crash_date","posted_speed_limit","traffic_control_device","device_condition","weather_condition","lighting_condition","first_crash_type","trafficway_type","lane_cnt","alignment","roadway_surface_cond","road_defect","report_type","crash_type","intersection_related_i","private_property_i","hit_and_run_i","damage","date_police_notified","prim_contributory_cause","sec_contributory_cause","street_no","street_direction","street_name","beat_of_occurrence","photos_taken_i","statements_taken_i","dooring_i","work_zone_i","work_zone_type","workers_present_i","num_units","most_severe_injury","injuries_total","injuries_fatal","injuries_incapacitating","injuries_non_incapacitating","injuries_reported_not_evident","injuries_no_indication","injuries_unknown","crash_hour","crash_day_of_week","crash_month","latitude","longitude","location"
"72a0951b0cde07d4624eab098e0daa29f9c3fc1e17300721ac339acbe72c8fe7eb991bef19e0d08703c0d95764c05a9e11a25347fe366dbb6788103cc7d1663d",,"2026-02-28T10:30:00.000","30","NO CONTROLS","NO CONTROLS","CLEAR","DAYLIGHT","REAR END","OTHER",,"STRAIGHT AND LEVEL","DRY","NO DEFECTS",,"NO INJURY / DRIVE AWAY","Y",,,"$501 - $1,500","2026-02-28T11:45:00.000","UNABLE TO DETERMINE","FOLLOWING TOO CLOSELY","211","W","87TH ST","634",,,,,,,"2","NO INDICATION OF INJURY","0","0","0","0","0","3","0","10","7","2","41.7360034327","-87.6292481808","POINT (-87.629248180834 41.736003432693)"
"8d39901c9e2b2fe150fdc093f12b0a39c31065249cab252e4a4f3f0dbe68b403f972535670cda5c81b8a0a6d6353ebc0e7c4505d060065bc036e6481fab95329",,"2026-02-28T10:20:00.000","30","UNKNOWN","UNKNOWN","UNKNOWN","DAYLIGHT","SIDESWIPE SAME DIRECTION","ONE-WAY",,"STRAIGHT AND LEVEL","UNKNOWN","UNKNOWN","NOT ON SCENE (DESK REPORT)","NO INJURY / DRIVE AWAY",,,,"OVER $1,500","2026-03-01T08:30:00.000","IMPROPER OVERTAKING/PASSING","IMPROPER OVERTAKING/PASSING","2425","N","ORCHARD ST","1935",,,,,,,"2","NO INDICATION OF INJURY","0","0","0","0","0","3","0","10","7","2","41.9262730313","-87.6462125401","POINT (-87.646212540084 41.926273031302)"
"b8fb395ed183b521e6af185570a72b82d4e5f5fed01c51b230d7617e8a90fad196504028ad04aa3c4c8cab309c462540e82d1fe0296c700c4736438bf4d219a0",,"2026-02-28T10:15:00.000","30","TRAFFIC SIGNAL","FUNCTIONING PROPERLY","CLEAR","DAYLIGHT","ANGLE","DIVIDED - W/MEDIAN (NOT RAISED)",,"STRAIGHT AND LEVEL","DRY","NO DEFECTS","ON SCENE","INJURY AND / OR TOW DUE TO CRASH",,,"Y","OVER $1,500","2026-02-28T10:30:00.000","UNABLE TO DETERMINE","UNABLE TO DETERMINE","3201","W","BELMONT AVE","1412",,,,,,,"2","NO INDICATION OF INJURY","0","0","0","0","0","4","0","10","7","2","41.9392210489","-87.7077146023","POINT (-87.707714602329 41.939221048898)"
"ed2bf16cde6d91c4ba17a9c7f2c7fb09262d1887247f7fb1da48c520d72a59719fed28874f362f712fa06c1d71f315d3096439d268e8678a8e1c76af9a7df50a",,"2026-02-28T10:04:00.000","30","TRAFFIC SIGNAL","FUNCTIONING PROPERLY","CLEAR","DAYLIGHT","TURNING","NOT DIVIDED",,"STRAIGHT AND LEVEL","DRY","NO DEFECTS","NOT ON SCENE (DESK REPORT)","NO INJURY / DRIVE AWAY",,,,"OVER $1,500","2026-02-28T12:00:00.000","IMPROPER TURNING/NO SIGNAL","NOT APPLICABLE","5934","N","HARLEM AVE","1612",,,,,,,"2","NO INDICATION OF INJURY","0","0","0","0","0","2","0","10","7","2","41.9897068888","-87.8070221184","POINT (-87.807022118395 41.989706888831)"
"42239ef1ee923d7fff46fe8ef9bdc50500cd157ab27f968e5785395a8a562efc1d9c0741225f026a62d79dfc01290c5899e3a79ba02705463ca84b7121d6d083",,"2026-02-28T10:00:00.000","30","NO CONTROLS","NO CONTROLS","CLEAR","DAYLIGHT","SIDESWIPE SAME DIRECTION","DIVIDED - W/MEDIAN (NOT RAISED)",,"STRAIGHT AND LEVEL","DRY","NO DEFECTS","ON SCENE","NO INJURY / DRIVE AWAY",,,"Y","OVER $1,500","2026-02-28T10:20:00.000","IMPROPER OVERTAKING/PASSING","UNABLE TO DETERMINE","2843","N","HALSTED ST","1934",,,,,,,"2","NO INDICATION OF INJURY","0","0","0","0","0","2","0","10","7","2","41.933990754","-87.6489101483","POINT (-87.648910148322 41.933990753964)"
"edd8f3fde2e95e9f2e97932334ec82a2424b21fa646db817a728b0f29f6ba494f7c437a191666b63824e0281daa972c13ea78b6acb2d5c82ae12c02ec23fe51a",,"2026-02-28T09:51:00.000","30","NO CONTROLS","NO CONTROLS","CLEAR","DAYLIGHT","PARKED MOTOR VEHICLE","ONE-WAY",,"STRAIGHT AND LEVEL","DRY","NO DEFECTS","NOT ON SCENE (DESK REPORT)","NO INJURY / DRIVE AWAY",,,"Y","OVER $1,500","2026-02-28T14:30:00.000","IMPROPER LANE USAGE","NOT APPLICABLE","8421","S","ESCANABA AVE","423",,,,,,,"2","NO INDICATION OF INJURY","0","0","0","0","0","2","0","9","7","2","41.742152619","-87.5537991102","POINT (-87.553799110212 41.742152619027)"
"a3e0d8996369807b081b6e4224f294fb949b1d738615825ff3a788a321c3a84721bf58312ca5fbb390ddbcceac79ae0af1cc5a7706db56085b689b8ad70f4dfa",,"2026-02-28T09:50:00.000","30","NO CONTROLS","NO CONTROLS","CLEAR","DAYLIGHT","PARKED MOTOR VEHICLE","DIVIDED - W/MEDIAN (NOT RAISED)",,"STRAIGHT AND LEVEL","DRY","UNKNOWN","ON SCENE","NO INJURY / DRIVE AWAY",,,"Y","OVER $1,500","2026-02-28T09:50:00.000","UNABLE TO DETERMINE","UNABLE TO DETERMINE","1958","N","CICERO AVE","2533",,,,,,,"2","NO INDICATION OF INJURY","0","0","0","0","0","1","0","9","7","2","41.9168364877","-87.7462520454","POINT (-87.74625204539 41.916836487728)"
"87b34d28c100b3d78132fe86b91426924337f85e003be7bfa144d0c549ca459b1cc26b005245998206cda6dc900c989caaa67fad7f8361affc159d19cdf77ada",,"2026-02-28T09:45:00.000","20","UNKNOWN","UNKNOWN","CLOUDY/OVERCAST","UNKNOWN","REAR END","UNKNOWN",,"STRAIGHT AND LEVEL","UNKNOWN","UNKNOWN",,"NO INJURY / DRIVE AWAY",,,,"OVER $1,500","2026-02-28T11:15:00.000","UNABLE TO DETERMINE","UNABLE TO DETERMINE","3435","S","DR MARTIN LUTHER KING JR DR","211",,,,,,,"2","NO INDICATION OF INJURY","0","0","0","0","0","2","0","9","7","2","41.8320564657","-87.6168331694","POINT (-87.616833169408 41.832056465708)"
"c958873b0a454009b193dfa5cca407757872c625ecfe80bc1da48591b04e97bc3df18698a7c96cdf62ab0f37fa5756ef07b7c63babcea8bf091903b5edaa2dcd",,"2026-02-28T09:40:00.000","30","NO CONTROLS","NO CONTROLS","CLOUDY/OVERCAST","DAYLIGHT","PARKED MOTOR VEHICLE","NOT DIVIDED",,"STRAIGHT AND LEVEL","DRY","NO DEFECTS","ON SCENE","INJURY AND / OR TOW DUE TO CRASH",,,,"OVER $1,500","2026-02-28T09:43:00.000","EQUIPMENT - VEHICLE CONDITION","EQUIPMENT - VEHICLE CONDITION","2109","N","NARRAGANSETT AVE","2512",,,,,,,"3","NONINCAPACITATING INJURY","2","0","0","2","0","0","0","9","7","2","41.918546072","-87.785138318","POINT (-87.785138317966 41.918546071981)"
"054dbb7e1340955987d16dab88362d0848abfc491a2ea4c65b980affc729df59f33ea683d1195ed3b7727d0a91d3eefed29ed78e8fb700215d0683926d3965b9",,"2026-02-28T09:00:00.000","15","NO CONTROLS","NO CONTROLS","UNKNOWN","UNKNOWN","PARKED MOTOR VEHICLE","NOT DIVIDED",,"STRAIGHT AND LEVEL","UNKNOWN","UNKNOWN","NOT ON SCENE (DESK REPORT)","NO INJURY / DRIVE AWAY",,,"Y","$501 - $1,500","2026-02-28T11:50:00.000","UNABLE TO DETERMINE","NOT APPLICABLE","1120","E","82ND ST","411",,,,,,,"2","NO INDICATION OF INJURY","0","0","0","0","0","1","0","9","7","2","41.7459959459","-87.5968459205","POINT (-87.59684592054 41.745995945885)"
"626a28e1da981f2a78064a344499fffa100999e10831399acdd03ae8bb115e491d9cf76cd3e47a6363cfc448d80e0f7d68430c642ee8580e3f8f0e0ea54cb8cd",,"2026-02-28T09:00:00.000","10","NO CONTROLS","NO CONTROLS","CLEAR","DAYLIGHT","FIXED OBJECT","ALLEY",,"STRAIGHT AND LEVEL","DRY","NO DEFECTS","NOT ON SCENE (DESK REPORT)","NO INJURY / DRIVE AWAY",,,"Y","OVER $1,500","2026-03-02T19:28:00.000","UNABLE TO DETERMINE","NOT APPLICABLE","1924","S","TRUMBULL AVE","1024",,,,,,,"1","NO INDICATION OF INJURY","0","0","0","0","0","1","0","9","7","2","41.8548968685","-87.711385499","POINT (-87.711385498975 41.854896868549)"
"de78af566e9a36103641dbb760496892d8522c2d2fc0a050d2d3dcd73668c08858fac7a5e032dcb4b9e191b83e6110a89e972ba632d274bff35674517eb2bfa3",,"2026-02-28T09:00:00.000","30","NO CONTROLS","NO CONTROLS","CLEAR","DARKNESS, LIGHTED ROAD","PARKED MOTOR VEHICLE","DIVIDED - W/MEDIAN (NOT RAISED)",,"STRAIGHT AND LEVEL","DRY","NO DEFECTS","ON SCENE","NO INJURY / DRIVE AWAY",,,"Y","OVER $1,500","2026-02-28T09:23:00.000","IMPROPER LANE USAGE","UNABLE TO DETERMINE","2746","N","SHEFFIELD AVE","1935",,,,,,,"2","NO INDICATION OF INJURY","0","0","0","0","0","1","0","9","7","2","41.9320504638","-87.653982881","POINT (-87.653982880957 41.93205046375)"
"7984c361c0c28f0b463a22b3852ff945814d28f37fbb8ca280467381003acf24317abd65094aa07b1e6f620f8da5117158c82c21e613c8b7c8db95968aaa0022",,"2026-02-28T08:45:00.000","20","NO CONTROLS","NO CONTROLS","CLEAR","DAYLIGHT","PARKED MOTOR VEHICLE","ONE-WAY",,"STRAIGHT AND LEVEL","DRY","NO DEFECTS","ON SCENE","NO INJURY / DRIVE AWAY",,,,"OVER $1,500","2026-02-28T09:16:00.000","NOT APPLICABLE","NOT APPLICABLE","5948","S","CAMPBELL AVE","824",,,,,,,"2","NO INDICATION OF INJURY","0","0","0","0","0","1","0","8","7","2","41.7850726829","-87.6863881856","POINT (-87.686388185596 41.785072682914)"
"a196f8969e237e6bd7dc0d87665f6c43a6fe34858b83dbeaf879c5103890fbbd658ee562a8caf55e7f05176a233d74ef6e64440fbbf4bbf3a94aedb1acec4a80",,"2026-02-28T08:40:00.000","25","UNKNOWN","UNKNOWN","CLEAR","DAYLIGHT","ANGLE","PARKING LOT",,"STRAIGHT AND LEVEL","DRY","NO DEFECTS","NOT ON SCENE (DESK REPORT)","NO INJURY / DRIVE AWAY",,,,"OVER $1,500","2026-02-28T09:10:00.000","UNABLE TO DETERMINE","UNABLE TO DETERMINE","3607","W","FULLERTON AVE","2525",,,,,,,"2","NO INDICATION OF INJURY","0","0","0","0","0","2","0","8","7","2","41.924490094","-87.717288131","POINT (-87.717288130979 41.924490093998)"
"b5e9dfe860d0d79bc4a1d6c41a275743fac2505334288863618383083954513b10f992c5600f8a2541b75dd2d7fd1ce8653c28b8df4789d61407e8a4bc64fea5",,"2026-02-28T08:40:00.000","30","TRAFFIC SIGNAL","FUNCTIONING PROPERLY","UNKNOWN","DAYLIGHT","TURNING","NOT DIVIDED",,"STRAIGHT AND LEVEL","UNKNOWN","UNKNOWN","NOT ON SCENE (DESK REPORT)","NO INJURY / DRIVE AWAY",,,,"$501 - $1,500","2026-02-28T09:10:00.000","UNABLE TO DETERMINE","UNABLE TO DETERMINE","5454","S","LARAMIE AVE","814",,,,,,,"2","NO INDICATION OF INJURY","0","0","0","0","0","2","0","8","7","2","41.7930879051","-87.7526587151","POINT (-87.752658715057 41.79308790505)"
"fb758ecfae870701157736728b6328256ee5038c5feb2587a05eb600d6896facf32ddde3978ad2561b967a0f0adaddf7e497dd222649144f8b30fbad271d7ae5",,"2026-02-28T08:35:00.000","30","TRAFFIC SIGNAL","FUNCTIONING PROPERLY","CLEAR","DAYLIGHT","ANGLE","DIVIDED - W/MEDIAN (NOT RAISED)",,"STRAIGHT AND LEVEL","DRY","UNKNOWN","ON SCENE","INJURY AND / OR TOW DUE TO CRASH",,,,"OVER $1,500","2026-02-28T08:38:00.000","DISREGARDING TRAFFIC SIGNALS","FAILING TO YIELD RIGHT-OF-WAY","1632","E","MARQUETTE DR","331",,,,,,,"2","NONINCAPACITATING INJURY","2","0","0","1","1","0","0","8","7","2","41.7753648557","-87.584859039","POINT (-87.584859039026 41.77536485571)"
"a238478a29c9f72b9dfe49e70cbdb9d4121276048538f4afe4137d8fe2c3932a26a23eecb46135079571dce8c1b3107734266327828b43e681f112839b2af3d4",,"2026-02-28T08:21:00.000","30","STOP SIGN/FLASHER","FUNCTIONING PROPERLY","CLEAR","DAYLIGHT","REAR END","Y-INTERSECTION",,"STRAIGHT AND LEVEL","DRY","NO DEFECTS","ON SCENE","NO INJURY / DRIVE AWAY",,,,"OVER $1,500","2026-02-28T08:21:00.000","UNABLE TO DETERMINE","NOT APPLICABLE","3275","S","WESTERN AVE","911",,,,,,,"2","NO INDICATION OF INJURY","0","0","0","0","0","4","0","8","7","2","41.8339038776","-87.6845018731","POINT (-87.684501873106 41.833903877567)"
"e1f79ed333820bc988e1b7423d31d2262884b581350fc25ec95c3192cb1fd86c758c33393e797e34ae16127022a4910deb02a7c7fab8c8cf16d413a10d693529",,"2026-02-28T08:15:00.000","30","NO CONTROLS","NO CONTROLS","CLEAR","DAYLIGHT","SIDESWIPE SAME DIRECTION","DIVIDED - W/MEDIAN (NOT RAISED)",,"STRAIGHT AND LEVEL","DRY","NO DEFECTS","NOT ON SCENE (DESK REPORT)","NO INJURY / DRIVE AWAY",,,"Y","OVER $1,500","2026-02-28T09:00:00.000","IMPROPER OVERTAKING/PASSING","NOT APPLICABLE","2812","S","CANAL ST","914",,,,,,,"2","NO INDICATION OF INJURY","0","0","0","0","0","2","0","8","7","2","41.8431593406","-87.6384246472","POINT (-87.638424647225 41.843159340621)"
"2098791c935a230ecad483c04271ce09f55a2023d1889bdc3ee44f88b00101f21eac7f29c0a047e58785d9258e6c5760915092214b44b18450d89f0606800ae3",,"2026-02-28T08:00:00.000","25","NO CONTROLS","NO CONTROLS","CLEAR","DAYLIGHT","PARKED MOTOR VEHICLE","NOT DIVIDED",,"STRAIGHT AND LEVEL","DRY","NO DEFECTS","NOT ON SCENE (DESK REPORT)","NO INJURY / DRIVE AWAY",,,,"OVER $1,500","2026-02-28T18:00:00.000","DRIVING SKILLS/KNOWLEDGE/EXPERIENCE","NOT APPLICABLE","6833","W","63RD ST","812",,,,,,,"2","NO INDICATION OF INJURY","0","0","0","0","0","1","0","8","7","2","41.7773806607","-87.7923698092","POINT (-87.79236980918 41.777380660684)"
"c7965a575ca53897d2ce8da1992370120d04e26dc2ea9a6f7d59316e79f4489fb341e01ebb0771846f44f16fc5698373556711a4a88cfe0537a2fd96daeaecfb",,"2026-02-28T07:53:00.000","20","NO CONTROLS","NO CONTROLS","CLEAR","DAYLIGHT","OTHER OBJECT","OTHER",,"STRAIGHT AND LEVEL","DRY","NO DEFECTS","ON SCENE","NO INJURY / DRIVE AWAY",,"Y","Y","OVER $1,500","2026-02-28T08:01:00.000","UNABLE TO DETERMINE","UNABLE TO DETERMINE","6332","S","GREEN ST","723",,,,,,,"1","NO INDICATION OF INJURY","0","0","0","0","0","1","0","7","7","2","41.7786763325","-87.6461360141","POINT (-87.646136014149 41.778676332502)"
"d777f84e6b2045c55ace50060da71b46325857e83b7d79fb9c7eb40e99aa8cfcaeb8ac200c616c6c30d759f3a197d01e12a3b912f24f7e003ff783ab5b29ce6b",,"2026-02-28T07:30:00.000","30","NO CONTROLS","NO CONTROLS","CLEAR","DAYLIGHT","SIDESWIPE SAME DIRECTION","DIVIDED - W/MEDIAN BARRIER",,"STRAIGHT AND LEVEL","DRY","NO DEFECTS","ON SCENE","INJURY AND / OR TOW DUE TO CRASH",,,"Y","$501 - $1,500","2026-02-28T08:20:00.000","UNABLE TO DETERMINE","DRIVING SKILLS/KNOWLEDGE/EXPERIENCE","3179","S","DAMEN AVE","912",,,,,,,"2","NO INDICATION OF INJURY","0","0","0","0","0","2","0","7","7","2","41.8359071924","-87.6752752479","POINT (-87.675275247856 41.835907192385)"
"373e381754194dca0b55fb077d0da8fecad2b616e65f2be8687da6a4510fa4d1d7282bd59bd03c6085c0f790a1f9779a0ee465b05318150b69cf1b6bc62805ff",,"2026-02-28T07:13:00.000","30","TRAFFIC SIGNAL","UNKNOWN","CLEAR","DAYLIGHT","ANGLE","FOUR WAY",,"STRAIGHT AND LEVEL","DRY","UNKNOWN","NOT ON SCENE (DESK REPORT)","NO INJURY / DRIVE AWAY",,,,"OVER $1,500","2026-02-28T07:53:00.000","DRIVING SKILLS/KNOWLEDGE/EXPERIENCE","UNABLE TO DETERMINE","4248","S","WENTWORTH AVE","925",,,,,,,"2","NO INDICATION OF INJURY","0","0","0","0","0","2","0","7","7","2","41.8168337693","-87.6313462734","POINT (-87.631346273362 41.816833769263)"
"6bce70fbd5b5bdf1d544724b76c02cf324555cede77aaf5207899254250b90d3f20be1460ce5b2f2a394ee1291d2bb9271732f4487e88fcc9c559cde9b53332f",,"2026-02-28T07:11:00.000","30","TRAFFIC SIGNAL","FUNCTIONING PROPERLY","CLEAR","DAYLIGHT","TURNING","T-INTERSECTION",,"STRAIGHT AND LEVEL","DRY","NO DEFECTS","NOT ON SCENE (DESK REPORT)","NO INJURY / DRIVE AWAY","Y",,,"OVER $1,500","2026-02-28T07:25:00.000","IMPROPER TURNING/NO SIGNAL","UNABLE TO DETERMINE","100","W","CERMAK RD","131",,,,,,,"2","NO INDICATION OF INJURY","0","0","0","0","0","3","0","7","7","2","41.8529912193","-87.629386933","POINT (-87.629386933044 41.852991219253)"
"e47b19166c885e4de6dcb434d6f61411c8ab37aec2c54e0257a286aa03342d9352145759efbb6e73d6e35bfd210178ce5aa6ffb96516f7e3fc6c59b8f0056128",,"2026-02-28T07:00:00.000","30","NO CONTROLS","NO CONTROLS","CLEAR","DAYLIGHT","PARKED MOTOR VEHICLE","NOT DIVIDED",,"STRAIGHT AND LEVEL","DRY","UNKNOWN","ON SCENE","INJURY AND / OR TOW DUE TO CRASH",,,,"OVER $1,500","2026-02-28T07:06:00.000","DISTRACTION - FROM INSIDE VEHICLE","FAILING TO REDUCE SPEED TO AVOID CRASH","5705","W","63RD ST","812",,,,,,,"2","NONINCAPACITATING INJURY","1","0","0","1","0","0","0","7","7","2","41.777891365","-87.7643823738","POINT (-87.764382373808 41.777891365041)"
"56af854cab936cf8011dcb2eee894ed82529a271f2713469087bfdf708711acc72fb05d5600872d50fa39b211d7e61513709ae744a8059e5dd3c54a7632209eb",,"2026-02-28T06:46:00.000","30","NO CONTROLS","NO CONTROLS","CLEAR","UNKNOWN","PARKED MOTOR VEHICLE","NOT DIVIDED",,"STRAIGHT AND LEVEL","DRY","NO DEFECTS","ON SCENE","INJURY AND / OR TOW DUE TO CRASH",,,"Y","OVER $1,500","2026-02-28T06:50:00.000","NOT APPLICABLE","NOT APPLICABLE","3838","N","KEDZIE AVE","1733",,,,,,,"3","NO INDICATION OF INJURY","0","0","0","0","0","1","0","6","7","2","41.9514474501","-87.7080953432","POINT (-87.7080953432 41.951447450131)"
"8a1a6a1f8ebf94ade9d752397c5bfa7393bea83e8ea81dba705a59d8b584fda7211a299794e31f73e0eaee00441a3e0c9ce24aa04320a94caea3ce83a7c75cd1",,"2026-02-28T06:06:00.000","30","TRAFFIC SIGNAL","FUNCTIONING PROPERLY","CLEAR","DAYLIGHT","FIXED OBJECT","FOUR WAY",,"STRAIGHT AND LEVEL","DRY","NO DEFECTS","ON SCENE","INJURY AND / OR TOW DUE TO CRASH","Y",,,"OVER $1,500","2026-02-28T06:32:00.000","UNABLE TO DETERMINE","UNABLE TO DETERMINE","1000","W","HOLLYWOOD AVE","2022",,"N",,,,,"1","NONINCAPACITATING INJURY","1","0","0","1","0","0","0","6","7","2","41.9856497986","-87.6553358066","POINT (-87.655335806551 41.985649798593)"
"5bf4897a8f080c1f2db00973c0f535693d2e47f3992dbd8373c5d9e2dcd713cff16d64d6753ecb8338d82fe68c6c3feb428aaf4147eab783da513da464808ca7",,"2026-02-28T06:00:00.000","30","NO CONTROLS","NO CONTROLS","UNKNOWN","UNKNOWN","PARKED MOTOR VEHICLE","ONE-WAY",,"STRAIGHT AND LEVEL","UNKNOWN","UNKNOWN","NOT ON SCENE (DESK REPORT)","NO INJURY / DRIVE AWAY",,,"Y","OVER $1,500","2026-02-28T11:50:00.000","UNABLE TO DETERMINE","UNABLE TO DETERMINE","825","N","DRAKE AVE","1121",,,,,,,"2","NO INDICATION OF INJURY","0","0","0","0","0","1","0","6","7","2","41.8962456112","-87.7149716081","POINT (-87.714971608106 41.896245611215)"
"ffd771e2347384c1cfb4f0a3a5086a13697c6a3b20704fba4257336631b1bc61708bca5b6728e9a64fe0e5b17c4f78e0f80a1ae8db8ab1ce2dd0cfbbb703af92",,"2026-02-28T06:00:00.000","25","TRAFFIC SIGNAL","NO CONTROLS","CLEAR","DAYLIGHT","ANGLE","DIVIDED - W/MEDIAN (NOT RAISED)",,"STRAIGHT AND LEVEL","DRY","NO DEFECTS","NOT ON SCENE (DESK REPORT)","NO INJURY / DRIVE AWAY","Y",,,"OVER $1,500","2026-02-28T13:19:00.000","DISREGARDING OTHER TRAFFIC SIGNS","NOT APPLICABLE","4500","S","PULASKI RD","815",,,,,,,"2","NO INDICATION OF INJURY","0","0","0","0","0","2","0","6","7","2","41.8114467435","-87.7238680306","POINT (-87.723868030607 41.811446743513)"
"439a34367203edbabbd8247493d6057b8537996a84e5f7d7b7a5e8897fd708af94b014b3d6034547a7c57999619c0bca66e472565472a947aa468fae4ff70fec",,"2026-02-28T05:57:00.000","35","UNKNOWN","UNKNOWN","CLEAR","DUSK","TURNING","NOT DIVIDED",,"STRAIGHT AND LEVEL","UNKNOWN","UNKNOWN","ON SCENE","NO INJURY / DRIVE AWAY",,,,"OVER $1,500","2026-02-28T06:00:00.000","DRIVING SKILLS/KNOWLEDGE/EXPERIENCE","FOLLOWING TOO CLOSELY","4431","N","KEDZIE AVE","1724",,,,,,,"2","NO INDICATION OF INJURY","0","0","0","0","0","2","0","5","7","2","41.9621289692","-87.7081272101","POINT (-87.708127210056 41.962128969241)"
"34278ff5777b2656f87ab8d25772fef6cffebb2520c750179cefe21d6ee5696005277c28208c6a912341f60fdfb35da70aad0ff27a908f9f350377f27d01b8ca",,"2026-02-28T04:25:00.000","30","NO CONTROLS","FUNCTIONING PROPERLY","CLEAR","DARKNESS, LIGHTED ROAD","HEAD ON","FOUR WAY",,"STRAIGHT AND LEVEL","DRY","NO DEFECTS","ON SCENE","INJURY AND / OR TOW DUE TO CRASH",,,"Y","OVER $1,500","2026-02-28T04:26:00.000","UNABLE TO DETERMINE","NOT APPLICABLE","7600","S","EMERALD AVE","621",,,,,,,"2","NONINCAPACITATING INJURY","1","0","0","1","0","2","0","4","7","2","41.7560030449","-87.6431029328","POINT (-87.643102932804 41.756003044926)"
"1bc87d177c1ffdd6cd34e54308edd8ff9ed634803e740904b79a7942445eafc008812ea5f3c83b529baa68dce3023954a2393250b531eb34998c6041dbab8fef",,"2026-02-28T04:20:00.000","30","NO CONTROLS","NO CONTROLS","CLEAR","DARKNESS, LIGHTED ROAD","PARKED MOTOR VEHICLE","NOT DIVIDED",,"STRAIGHT AND LEVEL","DRY","UNKNOWN","ON SCENE","INJURY AND / OR TOW DUE TO CRASH",,,,"OVER $1,500","2026-02-28T04:25:00.000","UNABLE TO DETERMINE","UNABLE TO DETERMINE","3020","W","53RD PL","923",,,,,,,"4","NO INDICATION OF INJURY","0","0","0","0","0","1","0","4","7","2","41.7964337358","-87.6996381918","POINT (-87.699638191848 41.796433735838)"
"9b9e66a5a6e4559e1fe876c2cc5d2488fbd7ac1fd125b078acb306e655031cbf818e784736a41beee22a967738f1cdcb44ace2ebe81da0fb397cbdfb8784a5a0",,"2026-02-28T04:09:00.000","30","TRAFFIC SIGNAL","FUNCTIONING PROPERLY","CLEAR","DARKNESS, LIGHTED ROAD","SIDESWIPE SAME DIRECTION","CENTER TURN LANE",,"STRAIGHT AND LEVEL","DRY","UNKNOWN","ON SCENE","NO INJURY / DRIVE AWAY",,,,"$501 - $1,500","2026-02-28T04:11:00.000","UNABLE TO DETERMINE","FAILING TO REDUCE SPEED TO AVOID CRASH","1608","W","NORTH AVE","1433",,,,,,,"2","NO INDICATION OF INJURY","0","0","0","0","0","3","0","4","7","2","41.9107340942","-87.6680933634","POINT (-87.66809336342 41.910734094211)"
"3e88a5c5fb61d4188196dfab4cef3a85b4a0009e1812a742fafcc01ed212158d2a84e7311eface07e470b903fe9d307f65a6717352212eef64e56320ae06fe38",,"2026-02-28T03:52:00.000","5","NO CONTROLS","NO CONTROLS","UNKNOWN","DARKNESS, LIGHTED ROAD","REAR TO REAR","OTHER",,"STRAIGHT AND LEVEL","UNKNOWN","UNKNOWN","NOT ON SCENE (DESK REPORT)","NO INJURY / DRIVE AWAY",,,"Y","$501 - $1,500","2026-03-02T10:10:00.000","UNABLE TO DETERMINE","UNABLE TO DETERMINE","1101","W","JACKSON BLVD","1232",,,,,,,"2","NO INDICATION OF INJURY","0","0","0","0","0","2","0","3","7","2","41.8777202072","-87.6546900011","POINT (-87.654690001107 41.877720207181)"
"87072a37ae8c352467a0493ef6ec91d34a450e4cd59c2711f1f7f44b28d0e18f505b24bef26566cc23d5f276205d014a5cc2925030b1d5accb2b881a9d5abca4",,"2026-02-28T03:39:00.000","30","TRAFFIC SIGNAL","NO CONTROLS","CLEAR","DARKNESS, LIGHTED ROAD","ANGLE","T-INTERSECTION",,"STRAIGHT AND LEVEL","DRY","NO DEFECTS","ON SCENE","INJURY AND / OR TOW DUE TO CRASH","Y",,,"OVER $1,500","2026-02-28T03:39:00.000","DISREGARDING TRAFFIC SIGNALS","DISREGARDING TRAFFIC SIGNALS","7900","S","STATE ST","623",,,,,,,"2","REPORTED, NOT EVIDENT","1","0","0","0","1","1","0","3","7","2","41.7509181383","-87.6246901225","POINT (-87.624690122516 41.750918138315)"
"19442e71ee541b667cb37d85328199fb67abcc69b42b2ddb2157aeb58c611c4a4196fe51b71875841e5560d74a0a81b2029ebcb7e26883e8108c153d74b45fe2",,"2026-02-28T02:40:00.000","30","TRAFFIC SIGNAL","FUNCTIONING PROPERLY","CLEAR","DARKNESS, LIGHTED ROAD","REAR TO FRONT","TRAFFIC ROUTE",,"STRAIGHT AND LEVEL","DRY","NO DEFECTS","ON SCENE","NO INJURY / DRIVE AWAY","Y",,,"$500 OR LESS","2026-02-28T02:42:00.000","IMPROPER BACKING","IMPROPER BACKING","144","S","ASHLAND AVE","1224",,"Y",,,,,"2","NO INDICATION OF INJURY","0","0","0","0","0","3","0","2","7","2","41.8789593846","-87.6669008401","POINT (-87.666900840102 41.878959384572)"