"crash_record_id","crash_date_est_i","crash_date","posted_speed_limit","traffic_control_device","device_condition","weather_condition","lighting_condition","first_crash_type","trafficway_type","lane_cnt","alignment","roadway_surface_cond","road_defect","report_type","crash_type","intersection_related_i","private_property_i","hit_and_run_i","damage","date_police_notified","prim_contributory_cause","sec_contributory_cause","street_no","street_direction","street_name","beat_of_occurrence","photos_taken_i","statements_taken_i","dooring_i","work_zone_i","work_zone_type","workers_present_i","num_units","most_severe_injury","injuries_total","injuries_fatal","injuries_incapacitating","injuries_non_incapacitating","injuries_reported_not_evident","injuries_no_indication","injuries_unknown","crash_hour","crash_day_of_week","crash_month","latitude","longitude","location"
"e3251c2be4e85c10baed488da283e9606a239332ce490c185020f539da7556f949d5caeacc057de828efaa9afecd39911f1ee7eff345a945f8724cde6048b310","N","2026-02-28T02:31:00.000","30","STOP SIGN/FLASHER","FUNCTIONING PROPERLY","CLEAR","DARKNESS, LIGHTED ROAD","REAR END","FOUR WAY",,"STRAIGHT AND LEVEL","DRY","NO DEFECTS","ON SCENE","INJURY AND / OR TOW DUE TO CRASH","Y",,"Y","OVER $1,500","2026-02-28T03:14:00.000","FAILING TO REDUCE SPEED TO AVOID CRASH","UNABLE TO DETERMINE","1713","W","63RD ST","725",,,,,,,"2","REPORTED, NOT EVIDENT","1","0","0","0","1","1","0","2","7","2","41.7792990784","-87.6672693198","POINT (-87.667269319842 41.779299078419)"
"8b57371f1b0f7fead94c3e975f6f17d4b750a303058be7cd4d5144a80c4c16bc28262c11d0667408200c7e79bdd3563a75a2f319256424e967760f03182f235d",,"2026-02-28T02:30:00.000","30","STOP SIGN/FLASHER","NO CONTROLS","CLEAR","DARKNESS","ANGLE","DIVIDED - W/MEDIAN (NOT RAISED)",,"STRAIGHT AND LEVEL","DRY","NO DEFECTS","NOT ON SCENE (DESK REPORT)","NO INJURY / DRIVE AWAY","Y",,"Y","OVER $1,500","2026-02-28T09:45:00.000","FAILING TO YIELD RIGHT-OF-WAY","FAILING TO YIELD RIGHT-OF-WAY","1758","W","18TH ST","1234",,,,,,,"2","NO INDICATION OF INJURY","0","0","0","0","0","3","0","2","7","2","41.8578360901","-87.6710064727","POINT (-87.671006472722 41.857836090112)"
"cc6b6acf05dabaae390ff3fe742ac950fa8e6ecdc302ede171a2ee95b41dc23615e6e41de2bd4ab5b53bb4488e6e37c6cdb3839020a4fb8ccf84f120273d5785",,"2026-02-28T02:27:00.000","30","NO CONTROLS","NO CONTROLS","CLEAR","DARKNESS, LIGHTED ROAD","PARKED MOTOR VEHICLE","NOT DIVIDED",,"STRAIGHT AND LEVEL","DRY","NO DEFECTS","NOT ON SCENE (DESK REPORT)","NO INJURY / DRIVE AWAY",,,,"OVER $1,500","2026-03-01T13:35:00.000","FAILING TO REDUCE SPEED TO AVOID CRASH","FOLLOWING TOO CLOSELY","1800","S","MORGAN ST","1235",,,,,,,"2","NO INDICATION OF INJURY","0","0","0","0","0","2","0","2","7","2","41.8579857853","-87.6517137631","POINT (-87.651713763064 41.857985785314)"
"ecb09f5c05c89ffc9bf65390ffc20c0dfa5466c839ba04c35936e93b49c7cbe67075e761770e33e42a98309d2fc4fcbc85c5111a3e1416c195b3a9816137b1b7",,"2026-02-28T02:17:00.000","30","NO CONTROLS","NO CONTROLS","CLEAR","DARKNESS, LIGHTED ROAD","PARKED MOTOR VEHICLE","NOT DIVIDED",,"STRAIGHT AND LEVEL","DRY","NO DEFECTS","ON SCENE","INJURY AND / OR TOW DUE TO CRASH",,,,"$501 - $1,500","2026-02-28T02:17:00.000","UNABLE TO DETERMINE","UNABLE TO DETERMINE","1035","N","PULASKI RD","1112",,,,,,,"2","NO INDICATION OF INJURY","0","0","0","0","0","1","0","2","7","2","41.900077303","-87.7260800207","POINT (-87.726080020727 41.900077303012)"
"d45e736401d8d79e1a97b4cdb9239c4c0ce67d2413bc2f62430acc97d5686c88f3af54e9b5a630812d28ad6cd2d0af36feaf58ecae549146ca79eeb2f1056901",,"2026-02-28T02:16:00.000","30","NO CONTROLS","NO CONTROLS","CLEAR","DARKNESS, LIGHTED ROAD","HEAD ON","DIVIDED - W/MEDIAN (NOT RAISED)",,"STRAIGHT AND LEVEL","DRY","UNKNOWN","ON SCENE","INJURY AND / OR TOW DUE TO CRASH",,,,"$501 - $1,500","2026-02-28T02:16:00.000","DRIVING ON WRONG SIDE/WRONG WAY","NOT APPLICABLE","858","E","75TH ST","323",,,,,,,"2","NO INDICATION OF INJURY","0","0","0","0","0","2","0","2","7","2","41.75871731","-87.6030775161","POINT (-87.603077516134 41.758717309969)"
"cd53ec884b8aa9f0caba349053089de9d2d3bcd9095081d3d747f0a3e27c932796be2df904a0cdb895bbef1966385b44c2d79751cd8f8a9d57dc73a694f8df80",,"2026-02-28T02:10:00.000","55","NO CONTROLS","NO CONTROLS","CLEAR","DARKNESS","SIDESWIPE SAME DIRECTION","NOT DIVIDED",,"STRAIGHT AND LEVEL","DRY","UNKNOWN","ON SCENE","NO INJURY / DRIVE AWAY",,,"Y","OVER $1,500","2026-02-28T02:22:00.000","FAILING TO YIELD RIGHT-OF-WAY","IMPROPER OVERTAKING/PASSING","4691","N","LAKE SHORE DR NB","1914",,,,,,,"2","NO INDICATION OF INJURY","0","0","0","0","0","2","0","2","7","2","41.967185545","-87.6472338556","POINT (-87.647233855604 41.967185544993)"
"14956377764c279493cbd75f89135005cc0c5ad3bcebde6e05da5e38a6004e6ab729d588ba7f89d580dcdb6a7cce7d2dd92e0fef6596b1327af4b72072b6057d","Y","2026-02-28T02:00:00.000","30","NO CONTROLS","NO CONTROLS","CLEAR","DARKNESS","PARKED MOTOR VEHICLE","NOT DIVIDED",,"STRAIGHT AND LEVEL","DRY","NO DEFECTS","ON SCENE","NO INJURY / DRIVE AWAY",,,"Y","OVER $1,500","2026-02-28T05:38:00.000","UNABLE TO DETERMINE","NOT APPLICABLE","6902","W","58TH ST","811",,,,,,,"2","NO INDICATION OF INJURY","0","0","0","0","0","1","0","2","7","2","41.7867542393","-87.7939666291","POINT (-87.793966629074 41.786754239299)"
"bc3c012f341382fd9c0f46dc1128cc8c7dfba88cb8f02dc8d5932f46918700d1b6166ad07f0c789d673391a85a7d582d0e74feb98eb23fe8cb18ec9c6ecd2c48",,"2026-02-28T01:30:00.000","30","NO CONTROLS","NO CONTROLS","UNKNOWN","UNKNOWN","PARKED MOTOR VEHICLE","PARKING LOT",,"STRAIGHT AND LEVEL","UNKNOWN","UNKNOWN","NOT ON SCENE (DESK REPORT)","NO INJURY / DRIVE AWAY",,"Y",,"OVER $1,500","2026-02-28T17:50:00.000","UNABLE TO DETERMINE","NOT APPLICABLE","7123","W","GRAND AVE","2512",,,,,,,"2","NO INDICATION OF INJURY","0","0","0","0","0","2","0","1","7","2","41.9234838159","-87.8036053554","POINT (-87.803605355421 41.923483815866)"
"8db91507e8e3c6b4030b7cf775e7e802d1f0106b56e843a20498463c55f3d8d1b13f6d845fb0fba0f7437259b0ff016916135462bade3be1f136d0e66d47c0d0",,"2026-02-28T01:26:00.000","30","TRAFFIC SIGNAL","FUNCTIONING PROPERLY","CLEAR","DARKNESS, LIGHTED ROAD","PEDESTRIAN","ONE-WAY",,"STRAIGHT AND LEVEL","DRY","SHOULDER DEFECT","ON SCENE","INJURY AND / OR TOW DUE TO CRASH","Y",,"Y","$500 OR LESS","2026-02-28T01:26:00.000","UNABLE TO DETERMINE","UNABLE TO DETERMINE","700","S","CICERO AVE","1533",,,,,,,"2","NONINCAPACITATING INJURY","1","0","0","1","0","1","0","1","7","2","41.8720580505","-87.7450793431","POINT (-87.745079343101 41.872058050459)"
"bd9f0d7ec39aed541f40c5ad5c050b56abc3018d7ff2f546876684441cb1c5afb085ce4547c06377d63c91979caa822d89e26f44f8a1ff56b8c864c8109aedc3",,"2026-02-28T01:20:00.000","30","NO CONTROLS","NO CONTROLS","CLEAR","DARKNESS, LIGHTED ROAD","PARKED MOTOR VEHICLE","NOT DIVIDED",,"STRAIGHT AND LEVEL","DRY","NO DEFECTS","ON SCENE","INJURY AND / OR TOW DUE TO CRASH",,,,"OVER $1,500","2026-02-28T01:49:00.000","EQUIPMENT - VEHICLE CONDITION","UNABLE TO DETERMINE","3809","W","MONTROSE AVE","1723",,,,,,,"2","NO INDICATION OF INJURY","0","0","0","0","0","1","0","1","7","2","41.9608931033","-87.723328211","POINT (-87.723328211024 41.960893103275)"
"3d252ce31977b5550f8d7411c858eb067fa82e477da8d3c7d274146ca54698cf92abd14405fac2ef45bc7bf74adbf398e231c458eebd84ea32fcae051c2ebcc0",,"2026-02-28T01:00:00.000","30","UNKNOWN","UNKNOWN","UNKNOWN","UNKNOWN","PEDESTRIAN","NOT DIVIDED",,"STRAIGHT AND LEVEL","UNKNOWN","UNKNOWN","NOT ON SCENE (DESK REPORT)","INJURY AND / OR TOW DUE TO CRASH",,,,"OVER $1,500","2026-02-28T11:54:00.000","UNABLE TO DETERMINE","DRIVING SKILLS/KNOWLEDGE/EXPERIENCE","607","E","87TH ST","632",,,,,,,"3","NONINCAPACITATING INJURY","2","0","0","2","0","1","0","1","7","2","41.7364763485","-87.6093725956","POINT (-87.609372595633 41.73647634853)"
"fced1cd0f62bb3a5edfc81623068eb79172f3a2a76dbd4c4bc4bb049908946932a2b6db6ac3def96bf8b03416ce0982507481ef0681ae165d858c6257b2e4e67",,"2026-02-28T01:00:00.000","30","STOP SIGN/FLASHER","FUNCTIONING PROPERLY","CLEAR","DARKNESS","PARKED MOTOR VEHICLE","ONE-WAY",,"STRAIGHT AND LEVEL","DRY","NO DEFECTS","ON SCENE","NO INJURY / DRIVE AWAY",,,"Y","OVER $1,500","2026-02-28T08:00:00.000","UNABLE TO DETERMINE","UNABLE TO DETERMINE","1480","W","CATALPA AVE","2013",,,,,,,"2","NO INDICATION OF INJURY","0","0","0","0","0","1","0","1","7","2","41.9817871293","-87.667967828","POINT (-87.667967828008 41.981787129275)"
"cb9412405ce56a00f8d8dd2c64ace11e6154bd1f8d0f9095508e2a839aebb01f1de2dc0c3a15ecbddb505930ce872e9c90add0ac890815acd53debb823840144",,"2026-02-28T00:53:00.000","30","TRAFFIC SIGNAL","FUNCTIONING PROPERLY","CLEAR","DARKNESS, LIGHTED ROAD","SIDESWIPE SAME DIRECTION","DIVIDED - W/MEDIAN (NOT RAISED)",,"STRAIGHT AND LEVEL","DRY","NO DEFECTS","NOT ON SCENE (DESK REPORT)","NO INJURY / DRIVE AWAY",,,"Y","$501 - $1,500","2026-02-28T00:54:00.000","IMPROPER OVERTAKING/PASSING","UNABLE TO DETERMINE","5600","W","NORTH AVE","2531",,,,,,,"2","NO INDICATION OF INJURY","0","0","0","0","0","5","0","0","7","2","41.9094879555","-87.7657769873","POINT (-87.76577698728 41.909487955523)"
"d529613768b3dfb7640912cc53eb4417c419523ec2194f6d702e08274964d588151173a03fe472097a6cdd2b7abd3bb991ce2bf75a201c44aa6ff2a41d7d6ab6",,"2026-02-28T00:47:00.000","30","NO CONTROLS","NO CONTROLS","CLEAR","DARKNESS","PARKED MOTOR VEHICLE","ONE-WAY",,"STRAIGHT AND LEVEL","DRY","NO DEFECTS","ON SCENE","INJURY AND / OR TOW DUE TO CRASH",,,,"OVER $1,500","2026-02-28T00:47:00.000","FAILING TO REDUCE SPEED TO AVOID CRASH","DRIVING ON WRONG SIDE/WRONG WAY","9753","S","AVENUE M","432",,,,,,,"2","NO INDICATION OF INJURY","0","0","0","0","0","1","0","0","7","2","41.7179582717","-87.5375548239","POINT (-87.537554823884 41.717958271675)"
"85d47ac085d51c05b2c56fd17f4a9cde4b20c26ad3ab6eef5f5712893ff40f177122a31941a501a09d898cadc2e836a3df734e109e82dec29dff70f69f2d1931",,"2026-02-28T00:44:00.000","30","TRAFFIC SIGNAL","FUNCTIONING PROPERLY","CLEAR","DARKNESS, LIGHTED ROAD","TURNING","NOT DIVIDED",,"STRAIGHT AND LEVEL","DRY","NO DEFECTS","ON SCENE","INJURY AND / OR TOW DUE TO CRASH","Y",,,"OVER $1,500","2026-02-28T00:54:00.000","FAILING TO YIELD RIGHT-OF-WAY","DRIVING SKILLS/KNOWLEDGE/EXPERIENCE","2407","N","HARLEM AVE","2512",,,,,,,"2","NONINCAPACITATING INJURY","3","0","0","3","0","0","0","0","7","2","41.9237564086","-87.806100025","POINT (-87.806100024974 41.923756408604)"
"459e99b9443a2547ac58a374592182a851f5e1938136a34b5151f15467e7085accedbf532d1742b95b45d3434817062ba3f0475d36fc2d0c47846e38e50fca38",,"2026-02-28T00:15:00.000","30","TRAFFIC SIGNAL","FUNCTIONING PROPERLY","CLEAR","DARKNESS","ANGLE","FOUR WAY",,"STRAIGHT AND LEVEL","DRY","NO DEFECTS","NOT ON SCENE (DESK REPORT)","NO INJURY / DRIVE AWAY",,,"Y","$501 - $1,500","2026-02-28T17:45:00.000","FAILING TO YIELD RIGHT-OF-WAY","FAILING TO YIELD RIGHT-OF-WAY","256","W","GRAND AVE","1831",,,,,,,"2","NO INDICATION OF INJURY","0","0","0","0","0","3","0","0","7","2","41.8916779532","-87.6355032897","POINT (-87.63550328968 41.891677953189)"
"16e9376ed23968724d55c5045aa64a1f3322cc2116bd26438a3bdd6bad2946f995dcb7e3b3f581afe3860f136958c6243a73262b2b32dfbc94a7b7ea6008c6cb",,"2026-02-28T00:13:00.000","30","NO CONTROLS","NO CONTROLS","CLEAR","DARKNESS, LIGHTED ROAD","PARKED MOTOR VEHICLE","NOT DIVIDED",,"STRAIGHT AND LEVEL","DRY","NO DEFECTS","ON SCENE","INJURY AND / OR TOW DUE TO CRASH",,,,"OVER $1,500","2026-02-28T00:15:00.000","DRIVING SKILLS/KNOWLEDGE/EXPERIENCE","UNABLE TO DETERMINE","4216","W","JACKSON BLVD","1115",,,,,,,"3","NONINCAPACITATING INJURY","1","0","0","1","0","1","0","0","7","2","41.8771274549","-87.7311819542","POINT (-87.731181954211 41.877127454877)"
"0365da13325a22c998d173b01cf70fa1f34fdb5b2756cc1f3af00f58543ed26d38cff7969b1bf6a718dc2679342d10761d2b618761346112cc420cce2c322dfe",,"2026-02-28T00:05:00.000","30","UNKNOWN","UNKNOWN","CLEAR","DARKNESS, LIGHTED ROAD","SIDESWIPE SAME DIRECTION","ONE-WAY",,"STRAIGHT AND LEVEL","DRY","UNKNOWN","ON SCENE","INJURY AND / OR TOW DUE TO CRASH",,,"Y","OVER $1,500","2026-02-28T00:09:00.000","UNABLE TO DETERMINE","NOT APPLICABLE","3698","W","13TH ST","1011",,,,,,,"2","NO INDICATION OF INJURY","0","0","0","0","0","2","0","0","7","2","41.8645463652","-87.7177448837","POINT (-87.717744883686 41.864546365204)"
"dba7666ae896b8288d0f644a586be6a9891ba546f54cacc190f6d810f21cbf68176e31f4ae83ca309431c23308814c61bf2e64ff0d281c66c0652d19e79f48dc",,"2026-02-28T00:01:00.000","30","TRAFFIC SIGNAL","FUNCTIONING PROPERLY","CLEAR","DARKNESS, LIGHTED ROAD","TURNING","FOUR WAY",,"STRAIGHT AND LEVEL","DRY","NO DEFECTS","ON SCENE","NO INJURY / DRIVE AWAY","Y",,"Y","$501 - $1,500","2026-02-28T00:01:00.000","UNDER THE INFLUENCE OF ALCOHOL/DRUGS (USE WHEN ARREST IS EFFECTED)","PHYSICAL CONDITION OF DRIVER","1198","W","LAWRENCE AVE","2033",,,,,,,"2","NO INDICATION OF INJURY","0","0","0","0","0","2","0","0","7","2","41.969135877","-87.6596352496","POINT (-87.659635249567 41.969135876999)"
"d8bedaef336d9b6b6478ac67c0724c7c8524d327dcf35fe4d516e2cf33ee11a1a3980abe5d41407d4be6837f1a81eed0c6f01b6be856e6f1f4e7c8f80b5d11a6",,"2026-02-28T00:00:00.000","30","TRAFFIC SIGNAL","FUNCTIONING PROPERLY","CLEAR","DARKNESS, LIGHTED ROAD","PEDESTRIAN","TRAFFIC ROUTE",,"STRAIGHT AND LEVEL","DRY","UNKNOWN","ON SCENE","INJURY AND / OR TOW DUE TO CRASH","Y",,"Y","$501 - $1,500","2026-02-28T00:20:00.000","FAILING TO YIELD RIGHT-OF-WAY","NOT APPLICABLE","3921","S","KEDZIE AVE","921",,,,,,,"2","REPORTED, NOT EVIDENT","1","0","0","0","1","1","0","0","7","2","41.8218719453","-87.7043664903","POINT (-87.704366490286 41.821871945345)"
"93de73f35e6c62ee7fd8392097a00ddcec2790d053add21532377fd6035d734a9676a22c9bd0187b2d9d2abb300f7ca497751d4c38d1e98d3cce2ddbb43ed56e",,"2026-02-27T23:55:00.000","30","NO CONTROLS","NO CONTROLS","CLEAR","DARKNESS, LIGHTED ROAD","PEDESTRIAN","DIVIDED - W/MEDIAN (NOT RAISED)",,"STRAIGHT AND LEVEL","DRY","NO DEFECTS","ON SCENE","INJURY AND / OR TOW DUE TO CRASH",,,"Y","OVER $1,500","2026-02-28T00:05:00.000","UNABLE TO DETERMINE","NOT APPLICABLE","607","E","87TH ST","632",,,,,,,"2","INCAPACITATING INJURY","2","0","1","0","1","0","0","23","6","2","41.7364763485","-87.6093725956","POINT (-87.609372595633 41.73647634853)"
"7a75ca4f6641e541b986a81f2576cd635df937787514c47e821deeb181ba411f71b78b76d3602fad525f1c4274d7da9f63e43f04b893f4b1fd7a84d991bbeec9",,"2026-02-27T23:50:00.000","30","TRAFFIC SIGNAL","FUNCTIONING PROPERLY","CLEAR","DARKNESS, LIGHTED ROAD","SIDESWIPE SAME DIRECTION","DIVIDED - W/MEDIAN BARRIER",,"STRAIGHT ON GRADE","DRY","NO DEFECTS","ON SCENE","INJURY AND / OR TOW DUE TO CRASH",,,,"OVER $1,500","2026-02-27T23:54:00.000","IMPROPER LANE USAGE","NOT APPLICABLE","5301","S","HARLEM AVE","811",,,,,,,"3","NO INDICATION OF INJURY","0","0","0","0","0","4","0","23","6","2","41.7956880528","-87.8014596705","POINT (-87.801459670523 41.795688052768)"
"03e8410daa58eeec4ea43befe2131e586c65096ba02ee0eb22abd29ac6ab32ffc8f7adbbbd13d388c2548eee7b7833d83e3cb9444e2db47829da6e56b2224d2f",,"2026-02-27T23:45:00.000","35","TRAFFIC SIGNAL","FUNCTIONING PROPERLY","CLEAR","DARKNESS, LIGHTED ROAD","REAR END","NOT DIVIDED",,"STRAIGHT AND LEVEL","DRY","NO DEFECTS","ON SCENE","INJURY AND / OR TOW DUE TO CRASH","Y",,"Y","$501 - $1,500","2026-02-28T00:40:00.000","FAILING TO REDUCE SPEED TO AVOID CRASH","UNABLE TO DETERMINE","13549","S","BRANDON AVE","433",,,,,,,"2","NONINCAPACITATING INJURY","1","0","0","1","0","1","0","23","6","2","41.6486462496","-87.5457996954","POINT (-87.545799695402 41.648646249607)"
"c23551c22721fd6e467fa17a47585bbe7ac9a27dddfb36f87c8b0bc251c6465a1fe800f59c75ab1ac5d3367b6a7dab1e65ce193c19677f849af20d5bcc9e330d",,"2026-02-27T23:45:00.000","25","NO CONTROLS","NO CONTROLS","CLEAR","DARKNESS, LIGHTED ROAD","PARKED MOTOR VEHICLE","ONE-WAY",,"STRAIGHT AND LEVEL","DRY","NO DEFECTS","NOT ON SCENE (DESK REPORT)","NO INJURY / DRIVE AWAY",,,,"OVER $1,500","2026-02-28T00:01:00.000","UNABLE TO DETERMINE","NOT APPLICABLE","1523","W","JARVIS AVE","2423",,,,,,,"2","NO INDICATION OF INJURY","0","0","0","0","0","2","0","23","6","2","42.0159191247","-87.6690665329","POINT (-87.669066532861 42.015919124658)"
"479439e816136a9afaef6774296f18e0baf51b5ec74085635f6b7332ccd224cdb2bd89b209261b1c03336e57ce6c514f8e79e79466d379038a1e7a0331f76a68","Y","2026-02-27T23:30:00.000","30","NO CONTROLS","NO CONTROLS","CLEAR","DARKNESS, LIGHTED ROAD","PARKED MOTOR VEHICLE","DIVIDED - W/MEDIAN (NOT RAISED)",,"STRAIGHT AND LEVEL","DRY","NO DEFECTS","ON SCENE","INJURY AND / OR TOW DUE TO CRASH",,,,"OVER $1,500","2026-02-28T01:02:00.000","NOT APPLICABLE","NOT APPLICABLE","1814","W","35TH ST","912",,,,,,,"3","NO INDICATION OF INJURY","0","0","0","0","0","1","0","23","6","2","41.8305504876","-87.6710140679","POINT (-87.671014067864 41.830550487571)"
"e1ac3c4241c69af83499947d6bd4923f26fba9ed329f3c336a9ab6dd71d151ec40f2241313988786bc0580c1b000f135a5cc7563876aede257d954a522036308",,"2026-02-27T23:30:00.000","30","NO CONTROLS","NO CONTROLS","CLEAR","DARKNESS, LIGHTED ROAD","REAR END","NOT DIVIDED",,"STRAIGHT AND LEVEL","DRY","UNKNOWN","NOT ON SCENE (DESK REPORT)","INJURY AND / OR TOW DUE TO CRASH",,,,"OVER $1,500","2026-02-28T08:15:00.000","UNABLE TO DETERMINE","UNABLE TO DETERMINE","612","E","79TH ST","624",,,,,,,"2","REPORTED, NOT EVIDENT","1","0","0","0","1","3","0","23","6","2","41.7513190877","-87.6095223229","POINT (-87.609522322944 41.751319087722)"
"2f0fc4c01b81072ed8fedd3984b0b42b9183678dad56479e86f8d9ba8b5ba06d08e8c43a4a1e1a30fe9bba47f960a87f8097de907bc993f79ea3b03c921762a5",,"2026-02-27T23:26:00.000","30","NO CONTROLS","NO CONTROLS","CLEAR","DARKNESS, LIGHTED ROAD","PARKED MOTOR VEHICLE","NOT DIVIDED",,"STRAIGHT AND LEVEL","DRY","NO DEFECTS","ON SCENE","NO INJURY / DRIVE AWAY",,,"Y","$500 OR LESS","2026-02-27T23:46:00.000","DRIVING SKILLS/KNOWLEDGE/EXPERIENCE","DRIVING SKILLS/KNOWLEDGE/EXPERIENCE","2534","W","59TH ST","824",,,,,,,"2","NO INDICATION OF INJURY","0","0","0","0","0","3","0","23","6","2","41.7866111939","-87.6876471179","POINT (-87.68764711791 41.786611193869)"
"a726ecb1cd3f0408ba4fdfde1b5387ca6c7e9a4a0899ae4a065ed7c44e79dca180b5b887b88be5a4d676752b585a7113058ae5b4ddc39d14b50f0026dbd087f2",,"2026-02-27T23:00:00.000","30","NO CONTROLS","NO CONTROLS","UNKNOWN","UNKNOWN","PARKED MOTOR VEHICLE","OTHER",,"STRAIGHT AND LEVEL","UNKNOWN","UNKNOWN","NOT ON SCENE (DESK REPORT)","NO INJURY / DRIVE AWAY",,,,"$501 - $1,500","2026-02-28T17:50:00.000","UNABLE TO DETERMINE","NOT APPLICABLE","11600","S","CARPENTER ST","524",,,,,,,"2","NO INDICATION OF INJURY","0","0","0","0","0","1","0","23","6","2","41.6830895691","-87.6483174253","POINT (-87.648317425301 41.683089569075)"
"d20dfd4426acac70dc6fe4067bd440b1abd6ff5feafbc31ca72562ef254946c23f03bbb63f0808cb533520b6f1327c1502034bea0b4cb11fb990ba50b7a4f074","Y","2026-02-27T23:00:00.000","20","NO CONTROLS","NO CONTROLS","CLEAR","DARKNESS","PARKED MOTOR VEHICLE","NOT DIVIDED",,"STRAIGHT AND LEVEL","DRY","NO DEFECTS","ON SCENE","NO INJURY / DRIVE AWAY",,,"Y","OVER $1,500","2026-02-28T08:48:00.000","UNABLE TO DETERMINE","UNABLE TO DETERMINE","2126","W","22ND PL","1034",,,,,,,"2","NO INDICATION OF INJURY","0","0","0","0","0","1","0","23","6","2","41.8513241645","-87.6793813312","POINT (-87.679381331157 41.851324164546)"
"b12fcd9fcacebacce85af1fd42ed1f74fe6918752cd5d18b69d02bb57e65388d61c5dc59973fb700afe722715c02a9cb83a7490d04c4bf18b919296b54a756a5",,"2026-02-27T22:59:00.000","25","NO CONTROLS","NO CONTROLS","CLEAR","DARKNESS, LIGHTED ROAD","PARKED MOTOR VEHICLE","ONE-WAY",,"STRAIGHT AND LEVEL","DRY","NO DEFECTS","ON SCENE","INJURY AND / OR TOW DUE TO CRASH",,,"N","OVER $1,500","2026-02-28T00:15:00.000","UNABLE TO DETERMINE","NOT APPLICABLE","7350","S","OGLESBY AVE","334",,,,,,,"2","NO INDICATION OF INJURY","0","0","0","0","0","2","0","22","6","2","41.7611070342","-87.5677805322","POINT (-87.56778053224 41.76110703421)"
"952daa442429042dcf169b3cf1384e3bac909b63e0a837aabeb367f17e88721894e435e5d5d438a7798975d5364d839aaadc2ff8ae658a9f9aefcd7d6a4ab8ec",,"2026-02-27T22:51:00.000","10","NO CONTROLS","NO CONTROLS","CLEAR","DARKNESS, LIGHTED ROAD","REAR TO SIDE","OTHER",,"STRAIGHT AND LEVEL","DRY","UNKNOWN","ON SCENE","NO INJURY / DRIVE AWAY",,"Y",,"$501 - $1,500","2026-02-27T22:51:00.000","FAILING TO YIELD RIGHT-OF-WAY","NOT APPLICABLE","4001","W","59TH ST","813",,,,,,,"2","NO INDICATION OF INJURY","0","0","0","0","0","2","0","22","6","2","41.7858256936","-87.7230190712","POINT (-87.723019071166 41.785825693622)"
"a18973ca4c61e430b817e81472998e2bc4719bcf3d2bd0945d46fa53d1516e3a148c324b26d6d1359aa7c9a52acf54b7917c2090bc4fc4616fde89192907c505",,"2026-02-27T22:45:00.000","30","TRAFFIC SIGNAL","FUNCTIONING PROPERLY","UNKNOWN","UNKNOWN","REAR END","NOT DIVIDED",,"STRAIGHT AND LEVEL","UNKNOWN","NO DEFECTS","ON SCENE","NO INJURY / DRIVE AWAY",,,,"OVER $1,500","2026-02-28T13:25:00.000","FOLLOWING TOO CLOSELY","NOT APPLICABLE","5216","W","LAWRENCE AVE","1623",,,,,,,"2","NO INDICATION OF INJURY","0","0","0","0","0","2","0","22","6","2","41.9680057073","-87.7583469676","POINT (-87.758346967556 41.96800570734)"
"dad3d6b154d9e07d6cb6b530e492eee0a5debf4eecdfa098dd8f35ee640eddb33406111fe8d4a41960e35f18c67e36da216559ba350615500c0941b5a3dc2aa8",,"2026-02-27T22:30:00.000","25","NO CONTROLS","NO CONTROLS","UNKNOWN","DARKNESS, LIGHTED ROAD","REAR TO FRONT","ONE-WAY",,"STRAIGHT AND LEVEL","UNKNOWN","UNKNOWN","NOT ON SCENE (DESK REPORT)","NO INJURY / DRIVE AWAY",,,,"$501 - $1,500","2026-02-28T14:30:00.000","IMPROPER BACKING","NOT APPLICABLE","650","N","DRAKE AVE","1121",,,,,,,"2","NO INDICATION OF INJURY","0","0","0","0","0","2","0","22","6","2","41.8933695941","-87.7151768615","POINT (-87.715176861521 41.893369594103)"
"c829a39038fc85865a4f51961f7f1f056eb94d205c1b609739d5f9ada23080f7a322f6fac50ec6484b82fbd79b49d165f7b238f4959b569053c720059a7b85f8",,"2026-02-27T22:25:00.000","30","NO CONTROLS","NO CONTROLS","CLEAR","DARKNESS, LIGHTED ROAD","TURNING","NOT DIVIDED",,"STRAIGHT AND LEVEL","DRY","NO DEFECTS","ON SCENE","INJURY AND / OR TOW DUE TO CRASH",,,,"OVER $1,500","2026-02-27T22:25:00.000","DISREGARDING ROAD MARKINGS","FAILING TO YIELD RIGHT-OF-WAY","4461","W","CHICAGO AVE","1111",,,,,,,"2","NONINCAPACITATING INJURY","2","0","0","2","0","1","0","22","6","2","41.8950326899","-87.7382861022","POINT (-87.738286102215 41.895032689946)"
"b75ef565cb71921bbaa532f42d2cb910a679ee90bf1f2a50711fdb711b9f3092eca0b1b87edb9a28466c41a0d59c61355c136bcaed089a0d69458d3f7594386b",,"2026-02-27T22:24:00.000","30","NO CONTROLS","NO CONTROLS","CLEAR","DARKNESS, LIGHTED ROAD","PARKED MOTOR VEHICLE","NOT DIVIDED",,"STRAIGHT AND LEVEL","UNKNOWN","UNKNOWN","ON SCENE","INJURY AND / OR TOW DUE TO CRASH",,,"Y","OVER $1,500","2026-02-28T00:28:00.000","UNABLE TO DETERMINE","UNABLE TO DETERMINE","1739","E","75TH ST","414",,,,,,,"2","NO INDICATION OF INJURY","0","0","0","0","0","1","0","22","6","2","41.7587011391","-87.5819462165","POINT (-87.581946216475 41.758701139149)"