"crash_record_id","crash_date_est_i","crash_date","posted_speed_limit","traffic_control_device","device_condition","weather_condition","lighting_condition","first_crash_type","trafficway_type","lane_cnt","alignment","roadway_surface_cond","road_defect","report_type","crash_type","intersection_related_i","private_property_i","hit_and_run_i","damage","date_police_notified","prim_contributory_cause","sec_contributory_cause","street_no","street_direction","street_name","beat_of_occurrence","photos_taken_i","statements_taken_i","dooring_i","work_zone_i","work_zone_type","workers_present_i","num_units","most_severe_injury","injuries_total","injuries_fatal","injuries_incapacitating","injuries_non_incapacitating","injuries_reported_not_evident","injuries_no_indication","injuries_unknown","crash_hour","crash_day_of_week","crash_month","latitude","longitude","location"
"2fad0c7d090833dd22189167c5a3de7279fd54348ef7f51399e851d811b935f4c78c675731faa1b3643e187334c405a3943a99cf7d97e7138fa2472d3c732c88",,"2026-02-27T22:20:00.000","30","TRAFFIC SIGNAL","FUNCTIONING PROPERLY","CLEAR","DARKNESS, LIGHTED ROAD","ANGLE","FOUR WAY",,"STRAIGHT AND LEVEL","DRY","UNKNOWN","ON SCENE","INJURY AND / OR TOW DUE TO CRASH","Y",,"Y","OVER $1,500","2026-02-27T22:25:00.000","DISREGARDING TRAFFIC SIGNALS","NOT APPLICABLE","232","W","GARFIELD BLVD","935",,,,,,,"2","NO INDICATION OF INJURY","0","0","0","0","0","2","0","22","6","2","41.7946423304","-87.6318434161","POINT (-87.631843416063 41.794642330446)"
"544355a2b58344ae39df7c2582e4ad19ccccb69c284ac54245ce9c38c7e772c134b562f020ab8d39153d243e8c40bc9d089481b7a6e9edc055fedf5e0483104f",,"2026-02-27T22:15:00.000","15","NO CONTROLS","UNKNOWN","CLEAR","DARKNESS, LIGHTED ROAD","PARKED MOTOR VEHICLE","PARKING LOT",,"STRAIGHT AND LEVEL","DRY","NO DEFECTS","NOT ON SCENE (DESK REPORT)","NO INJURY / DRIVE AWAY",,,"Y","$501 - $1,500","2026-02-27T22:45:00.000","UNABLE TO DETERMINE","UNABLE TO DETERMINE","601","W","MONTROSE DR","1915",,,,,,,"2","NO INDICATION OF INJURY","0","0","0","0","0","1","0","22","6","2","41.9619207237","-87.6459095291","POINT (-87.645909529092 41.961920723739)"
"a7974538c4a5ea151ffc1d3382b1c762ecdd7ff11cab566408373ea7c8bed665cb76a8a32b6b1b42c0c125f2af0b6aa456dbc4f604ed75e19591d763ddf587f2",,"2026-02-27T22:15:00.000","30","TRAFFIC SIGNAL","FUNCTIONING PROPERLY","CLEAR","DARKNESS, LIGHTED ROAD","REAR END","ONE-WAY",,"STRAIGHT AND LEVEL","DRY","UNKNOWN","NOT ON SCENE (DESK REPORT)","INJURY AND / OR TOW DUE TO CRASH",,,,"$501 - $1,500","2026-02-27T22:40:00.000","FOLLOWING TOO CLOSELY","NOT APPLICABLE","3501","S","LA SALLE ST","213",,,,,,,"2","REPORTED, NOT EVIDENT","2","0","0","0","2","1","0","22","6","2","41.8309420512","-87.62968192","POINT (-87.629681919964 41.830942051243)"
"6de2732bef0e8b58f13c6fae495bdb116bc63c12aa01cb007429bed415a97ef49e6e0efcd4cef9b89c5fb8fc6e7986bd4fcbba7d7ab6b8788982ad2d646dd3b8","Y","2026-02-27T22:07:00.000","30","NO CONTROLS","NO CONTROLS","CLEAR","DARKNESS, LIGHTED ROAD","HEAD ON","NOT DIVIDED",,"STRAIGHT AND LEVEL","DRY","NO DEFECTS","ON SCENE","INJURY AND / OR TOW DUE TO CRASH",,,,"OVER $1,500","2026-02-27T23:06:00.000","UNABLE TO DETERMINE","UNABLE TO DETERMINE","1832","W","JUNEWAY TER","2422",,,,,,,"2","NONINCAPACITATING INJURY","2","0","0","1","1","0","0","22","6","2","42.0226602681","-87.6766472381","POINT (-87.67664723812 42.022660268078)"
"5baa98f68f999f137852b3193c17b522ce0ef8a6077577581988efbb657056689e5a7bc30cf1d2119648f1d90e8571a3faba9ffba6cb5f6b90d935676d01f8e7",,"2026-02-27T22:05:00.000","30","TRAFFIC SIGNAL","FUNCTIONING PROPERLY","CLEAR","DARKNESS, LIGHTED ROAD","PARKED MOTOR VEHICLE","NOT DIVIDED",,"STRAIGHT AND LEVEL","DRY","NO DEFECTS","NOT ON SCENE (DESK REPORT)","INJURY AND / OR TOW DUE TO CRASH",,,,"OVER $1,500","2026-02-27T22:50:00.000","UNABLE TO DETERMINE","IMPROPER LANE USAGE","2805","N","AUSTIN AVE","2514",,,,,,,"3","NO INDICATION OF INJURY","0","0","0","0","0","1","0","22","6","2","41.9313459503","-87.775824206","POINT (-87.775824206014 41.931345950332)"
"27f5e283de53f506af8ec1f185caa92b9412b89bfbf9a0544c3ef724aea99c01eba551771bcf82fff120d8d488b02d3efee3eb65fc4231c00208ca20c97a2afa",,"2026-02-27T22:02:00.000","30","TRAFFIC SIGNAL","FUNCTIONING PROPERLY","CLEAR","UNKNOWN","SIDESWIPE SAME DIRECTION","T-INTERSECTION",,"STRAIGHT AND LEVEL","DRY","NO DEFECTS","ON SCENE","NO INJURY / DRIVE AWAY",,,,"OVER $1,500","2026-02-27T22:02:00.000","UNABLE TO DETERMINE","UNABLE TO DETERMINE","6055","N","LINCOLN AVE","2413",,"N",,,,,"2","NO INDICATION OF INJURY","0","0","0","0","0","2","0","22","6","2","41.9914675868","-87.7088931279","POINT (-87.708893127876 41.991467586764)"
"013f62a1d4ebbb2849e00aefbc59286d6e3bd48034b289e1089763f9324441ccc0c78bb1f405755929097a699c937383668d87fb1705bdc7ea342d82afaa7e7d","Y","2026-02-27T22:00:00.000","30","UNKNOWN","UNKNOWN","CLEAR","DARKNESS, LIGHTED ROAD","SIDESWIPE SAME DIRECTION","NOT DIVIDED",,"STRAIGHT AND LEVEL","DRY","UNKNOWN","NOT ON SCENE (DESK REPORT)","NO INJURY / DRIVE AWAY",,,"Y","$501 - $1,500","2026-02-27T23:00:00.000","IMPROPER OVERTAKING/PASSING","NOT APPLICABLE","800","W","87TH ST","613",,,,,,,"2","NO INDICATION OF INJURY","0","0","0","0","0","4","0","22","6","2","41.7361825711","-87.6436598151","POINT (-87.643659815136 41.736182571052)"
"fd97779bb14e3cf2c92263cd6b028ae2f34af8a10587a9326873f7fc41d48087a9eaf27c3d8508c670bce7f593a37fdc64561936e985abba4b56f7bc452c6cf8",,"2026-02-27T22:00:00.000","30","UNKNOWN","UNKNOWN","CLEAR","DARKNESS, LIGHTED ROAD","PARKED MOTOR VEHICLE","NOT DIVIDED",,"STRAIGHT AND LEVEL","UNKNOWN","UNKNOWN","NOT ON SCENE (DESK REPORT)","NO INJURY / DRIVE AWAY",,,,"OVER $1,500","2026-02-27T22:30:00.000","DRIVING SKILLS/KNOWLEDGE/EXPERIENCE","UNABLE TO DETERMINE","401","E","WACKER DR","114",,,,,,,"2","NO INDICATION OF INJURY","0","0","0","0","0","1","0","22","6","2","41.8874243341","-87.6174822896","POINT (-87.617482289581 41.887424334085)"
"808793e2008234af33923b0fd1be1c964f4acca8af955e9580c0526130ba21a919b7eee683aebae760c959213d159ccb80b438a7680d0e70c77da4027be01826",,"2026-02-27T21:55:00.000","30","NO CONTROLS","NO CONTROLS","CLEAR","DARKNESS, LIGHTED ROAD","PARKED MOTOR VEHICLE","NOT DIVIDED",,"STRAIGHT AND LEVEL","DRY","NO DEFECTS","ON SCENE","NO INJURY / DRIVE AWAY",,,,"$501 - $1,500","2026-02-27T22:04:00.000","DISTRACTION - FROM OUTSIDE VEHICLE","NOT APPLICABLE","7037","S","PARNELL AVE","732",,,,,,,"2","NO INDICATION OF INJURY","0","0","0","0","0","2","0","21","6","2","41.7660089811","-87.6382261022","POINT (-87.638226102171 41.766008981105)"
"4baf066680e95fa5c097748dbf30ce23137b037b6f5f6b9cb0680c23cec69febcf8d73c1626c1ee51c32cb2242cb191fc62c50207a2fe20fb7e177c8758ec518",,"2026-02-27T21:50:00.000","30","TRAFFIC SIGNAL","UNKNOWN","UNKNOWN","UNKNOWN","SIDESWIPE SAME DIRECTION","RAMP",,"STRAIGHT AND LEVEL","UNKNOWN","UNKNOWN","NOT ON SCENE (DESK REPORT)","NO INJURY / DRIVE AWAY",,,,"OVER $1,500","2026-02-27T22:00:00.000","UNABLE TO DETERMINE","UNABLE TO DETERMINE","9900","S","HALSTED ST","2232",,,,,,,"2","NO INDICATION OF INJURY","0","0","0","0","0","2","0","21","6","2","41.7141188681","-87.6431454082","POINT (-87.643145408182 41.71411886809)"
"85b6cbbb3c2713c9fdf257f8a2bc8b370c1877baef3b2b8d30c9deeb21984421c4cb30007d3334da808ff1d282e53623e6ee01610b6b648f2d84db2c175e6d45",,"2026-02-27T21:50:00.000","30","TRAFFIC SIGNAL","FUNCTIONING PROPERLY","CLEAR","DARKNESS, LIGHTED ROAD","TURNING","DIVIDED - W/MEDIAN (NOT RAISED)",,"STRAIGHT AND LEVEL","DRY","UNKNOWN","NOT ON SCENE (DESK REPORT)","NO INJURY / DRIVE AWAY",,,,"OVER $1,500","2026-02-28T08:38:00.000","UNABLE TO DETERMINE","UNABLE TO DETERMINE","4700","S","PULASKI RD","815",,,,,,,"2","NO INDICATION OF INJURY","0","0","0","0","0","2","0","21","6","2","41.8077887691","-87.7237303316","POINT (-87.72373033158 41.807788769095)"
"84ee3f29d42466f5ff440e486321607dd600eb95b1a1579f2aba793d7b4b55f8cf66a237e77d5f1b7fe76109aadebf39bf36ea6577e50ade7d39f358812e19af",,"2026-02-27T21:40:00.000","30","TRAFFIC SIGNAL","FUNCTIONING PROPERLY","CLEAR","DARKNESS, LIGHTED ROAD","TURNING","NOT DIVIDED",,"STRAIGHT AND LEVEL","DRY","NO DEFECTS","NOT ON SCENE (DESK REPORT)","NO INJURY / DRIVE AWAY",,,"N","OVER $1,500","2026-02-28T16:00:00.000","NOT APPLICABLE","NOT APPLICABLE","7601","S","CICERO AVE","833",,,,,,,"2","NO INDICATION OF INJURY","0","0","0","0","0","2","0","21","6","2","41.7546601244","-87.7413847586","POINT (-87.741384758605 41.754660124394)"
"3bcb2341c9239a4db28e360f4e3d290df8aafb7f0fc4b56ff17f99d3c8eae95ec26f5acb11e7d11088ef70cefffb50ae3274a0571bf7a2ba4c14c10107e92ab0",,"2026-02-27T21:20:00.000","30","TRAFFIC SIGNAL","FUNCTIONING PROPERLY","CLEAR","DARKNESS, LIGHTED ROAD","REAR END","NOT DIVIDED",,"STRAIGHT AND LEVEL","DRY","NO DEFECTS","NOT ON SCENE (DESK REPORT)","INJURY AND / OR TOW DUE TO CRASH",,,,"OVER $1,500","2026-02-28T15:30:00.000","UNABLE TO DETERMINE","UNABLE TO DETERMINE","3500","S","LA SALLE ST","213",,,,,,,"2","NONINCAPACITATING INJURY","1","0","0","1","0","2","0","21","6","2","41.8309350952","-87.6299753048","POINT (-87.629975304804 41.830935095228)"
"9258fec2af0236b2a76adc883e5e8220e566cb924b6c45c553d17a10e7ad7398e6261c72114ac2aa541cb979dd8395f860b55e5df9c5f5fdab00d5d4154f3a0b",,"2026-02-27T21:20:00.000","30","TRAFFIC SIGNAL","UNKNOWN","CLEAR","DARKNESS, LIGHTED ROAD","REAR END","DIVIDED - W/MEDIAN (NOT RAISED)",,"STRAIGHT AND LEVEL","DRY","NO DEFECTS","NOT ON SCENE (DESK REPORT)","NO INJURY / DRIVE AWAY",,,,"OVER $1,500","2026-02-27T22:00:00.000","UNABLE TO DETERMINE","UNABLE TO DETERMINE","7201","W","HIGGINS AVE","1613",,,,,,,"2","NO INDICATION OF INJURY","0","0","0","0","0","2","0","21","6","2","41.9810276319","-87.8070807623","POINT (-87.807080762271 41.981027631859)"
"9ba9b8a6bd4b90f67a845fed3f6aa056490dec7756cf0f0837a89647e48dde2a46777331f7c259c9388670833390ff5e81161727f0baf0767473c4cb5660256d",,"2026-02-27T21:15:00.000","30","NO CONTROLS","NO CONTROLS","CLEAR","DARKNESS, LIGHTED ROAD","TURNING","NOT DIVIDED",,"STRAIGHT AND LEVEL","DRY","NO DEFECTS","ON SCENE","INJURY AND / OR TOW DUE TO CRASH","Y",,,"OVER $1,500","2026-02-27T21:43:00.000","FAILING TO YIELD RIGHT-OF-WAY","NOT APPLICABLE","861","W","87TH ST","2222",,,,,,,"2","REPORTED, NOT EVIDENT","1","0","0","0","1","1","0","21","6","2","41.7359288768","-87.6460405978","POINT (-87.64604059784 41.735928876798)"
"2fab63155e93b1f0d94089142fe3eb54a5047343c12dedf2df886ef63c0148899ca9860ecd7923ff58ba117d68a03bc7a6283c41474cb07fa43047c68827b6ca",,"2026-02-27T21:13:00.000","30","NO CONTROLS","NO CONTROLS","CLEAR","DARKNESS, LIGHTED ROAD","PARKED MOTOR VEHICLE","NOT DIVIDED",,"STRAIGHT AND LEVEL","DRY","NO DEFECTS",,"INJURY AND / OR TOW DUE TO CRASH",,,"Y","OVER $1,500","2026-02-27T21:14:00.000","UNABLE TO DETERMINE","NOT APPLICABLE","4335","S","ARTESIAN AVE","922",,"Y",,,,,"4","NO INDICATION OF INJURY","0","0","0","0","0","1","0","21","6","2","41.8146320356","-87.6857283993","POINT (-87.685728399274 41.814632035639)"
"e95db0b601dcde72517a998d8d5faaf5217c26096f25a40ae8f81aa54246b0fb6cedef345ab7c91e2b35904d2b82b3b893038264f318b920044544c94bd8197d",,"2026-02-27T21:05:00.000","30","NO CONTROLS","NO CONTROLS","CLEAR","DARKNESS, LIGHTED ROAD","PARKED MOTOR VEHICLE","PARKING LOT",,"STRAIGHT AND LEVEL","DRY","NO DEFECTS","ON SCENE","INJURY AND / OR TOW DUE TO CRASH",,,,"OVER $1,500","2026-02-27T21:13:00.000","FAILING TO REDUCE SPEED TO AVOID CRASH","NOT APPLICABLE","3540","N","HARLEM AVE","1631",,,,,,,"2","NO INDICATION OF INJURY","0","0","0","0","0","1","0","21","6","2","41.9446635395","-87.8071294831","POINT (-87.807129483071 41.944663539543)"
"104c24b88b13c13d8269843a2b4ba1a9ed1a073a50d287895cd83e3630f2b7022aabb7ae4ae072413bc3fd30dff93430da2f86b322e4bf697301ee7cea1ab8f1",,"2026-02-27T21:00:00.000","30","TRAFFIC SIGNAL","FUNCTIONING PROPERLY","CLEAR","DARKNESS","SIDESWIPE SAME DIRECTION","NOT DIVIDED",,"STRAIGHT AND LEVEL","DRY","NO DEFECTS","NOT ON SCENE (DESK REPORT)","NO INJURY / DRIVE AWAY",,,"Y","$500 OR LESS","2026-02-28T18:20:00.000","IMPROPER OVERTAKING/PASSING","NOT APPLICABLE","9900","S","HALSTED ST","2232",,,,,,,"2","NO INDICATION OF INJURY","0","0","0","0","0","2","0","21","6","2","41.7141188681","-87.6431454082","POINT (-87.643145408182 41.71411886809)"
"ef49a36ec1c3b3da155660c5f29c4cda3dd844fe2abc6059d1127740048197d0eb3bcbf8884e3f20bfdc3ac05aa80e4146aff92cea52d8a9c3981c1f87a3dc24",,"2026-02-27T21:00:00.000","30","NO CONTROLS","NO CONTROLS","CLEAR","DARKNESS","PARKED MOTOR VEHICLE","ONE-WAY",,"STRAIGHT AND LEVEL","DRY","NO DEFECTS","NOT ON SCENE (DESK REPORT)","NO INJURY / DRIVE AWAY",,,"Y","OVER $1,500","2026-03-03T22:00:00.000","UNABLE TO DETERMINE","UNABLE TO DETERMINE","10918","S","AVENUE B","432",,,,,,,"2","NO INDICATION OF INJURY","0","0","0","0","0","1","0","21","6","2","41.6966454478","-87.5259397982","POINT (-87.525939798199 41.696645447794)"
"e3565e577def0474e7f17cc83b693ce183088c56aee60cd722846ba7691991ce270fa34150f72b701eab033a42f70b7d2614c95400e2241b61376848b2ff0f12",,"2026-02-27T20:54:00.000","30","TRAFFIC SIGNAL","FUNCTIONING PROPERLY","CLEAR","DARKNESS","ANGLE","NOT DIVIDED",,"STRAIGHT AND LEVEL","DRY","UNKNOWN","ON SCENE","INJURY AND / OR TOW DUE TO CRASH",,,,"OVER $1,500","2026-02-27T20:54:00.000","UNABLE TO DETERMINE","IMPROPER LANE USAGE","1500","W","LAWRENCE AVE","2032",,,,,,,"3","NONINCAPACITATING INJURY","1","0","0","1","0","2","0","20","6","2","41.9690072567","-87.6675996261","POINT (-87.667599626099 41.969007256679)"
"49d959793633cd71f6ddf94c744794e868e9b62122c3eb1120b543d959abbc1aa200de8b03380643e3203e5d9ae5a225588ef2450e6b312363d23192cdeaa74b",,"2026-02-27T20:50:00.000","30","NO CONTROLS","NO CONTROLS","CLEAR","DARKNESS, LIGHTED ROAD","PARKED MOTOR VEHICLE","NOT DIVIDED",,"STRAIGHT AND LEVEL","DRY","NO DEFECTS","NOT ON SCENE (DESK REPORT)","NO INJURY / DRIVE AWAY",,,"Y","$501 - $1,500","2026-02-27T22:00:00.000","UNABLE TO DETERMINE","UNABLE TO DETERMINE","9044","S","ASHLAND AVE","2221",,,,,,,"2","NO INDICATION OF INJURY","0","0","0","0","0","1","0","20","6","2","41.7289651916","-87.6630110668","POINT (-87.663011066776 41.728965191618)"
"5c3f48c7231ee533cd79a498bc80d2e8b2c1f45e0867d44406afc75814d7f1a1bf589f4e05fcdd5d8f68446fa01c32e56eb4b08af237d2d3f0485a55a58e39ec",,"2026-02-27T20:50:00.000","30","NO CONTROLS","NO CONTROLS","CLEAR","DARKNESS, LIGHTED ROAD","REAR END","NOT DIVIDED",,"STRAIGHT AND LEVEL","DRY","UNKNOWN","NOT ON SCENE (DESK REPORT)","INJURY AND / OR TOW DUE TO CRASH",,,,"OVER $1,500","2026-02-27T21:22:00.000","FOLLOWING TOO CLOSELY","FOLLOWING TOO CLOSELY","7024","N","RIDGE BLVD","2411",,,,,,,"2","REPORTED, NOT EVIDENT","1","0","0","0","1","1","0","20","6","2","42.0095514597","-87.6822611391","POINT (-87.682261139076 42.009551459705)"
"5586a93ae6cec00b4f5df22f221c6480289ed4ca18f5de839f4e51ab2bc666617b8278db7c72c73c909e8d76a913022568513bec7f7eaf5275c85bf44a246d81",,"2026-02-27T20:43:00.000","25","NO CONTROLS","NO CONTROLS","CLEAR","DARKNESS, LIGHTED ROAD","SIDESWIPE SAME DIRECTION","NOT DIVIDED",,"STRAIGHT AND LEVEL","DRY","NO DEFECTS","NOT ON SCENE (DESK REPORT)","NO INJURY / DRIVE AWAY",,,,"OVER $1,500","2026-02-27T20:43:00.000","IMPROPER OVERTAKING/PASSING","IMPROPER OVERTAKING/PASSING","100","W","ONTARIO ST","1832",,,,,,,"2","NO INDICATION OF INJURY","0","0","0","0","0","2","0","20","6","2","41.8933377372","-87.6312444962","POINT (-87.631244496213 41.893337737184)"
"3f77b7f5ccc9b3b6ee1cce170c09efa78f0fecea46715c6ef88785f9520306b74cad75e242c8e2c0cacd3594b3f195e164a9626ea32d3815fc7347b4df5269af",,"2026-02-27T20:40:00.000","30","TRAFFIC SIGNAL","FUNCTIONING PROPERLY","CLEAR","DARKNESS, LIGHTED ROAD","REAR END","DIVIDED - W/MEDIAN BARRIER",,"STRAIGHT AND LEVEL","DRY","NO DEFECTS","ON SCENE","INJURY AND / OR TOW DUE TO CRASH",,,"Y","OVER $1,500","2026-02-27T20:54:00.000","UNABLE TO DETERMINE","UNABLE TO DETERMINE","529","W","95TH ST","2223",,,,,,,"2","REPORTED, NOT EVIDENT","4","0","0","0","4","1","0","20","6","2","41.7214325696","-87.637091514","POINT (-87.637091513994 41.72143256963)"
"9fec0c8f505a64f2c5cb2e365384c39f6b023cd8c1cdaf0ca5d408d64c90a4b98014f01ab1e423ea60c245e113d05503071ddf472c960c2bca6354e3b022d653",,"2026-02-27T20:37:00.000","30","UNKNOWN","UNKNOWN","UNKNOWN","UNKNOWN","PARKED MOTOR VEHICLE","ONE-WAY",,"STRAIGHT AND LEVEL","UNKNOWN","UNKNOWN","NOT ON SCENE (DESK REPORT)","NO INJURY / DRIVE AWAY",,,"Y","OVER $1,500","2026-02-27T20:37:00.000","IMPROPER BACKING","NOT APPLICABLE","220","N","DESPLAINES ST","1214",,,,,,,"2","NO INDICATION OF INJURY","0","0","0","0","0","1","0","20","6","2","41.8864218523","-87.6444127898","POINT (-87.64441278977 41.886421852271)"
"f89778fc740e83247d4132dd1273280ac0fd64d4a917a55549542eaf122b52711e896431335a5acff2a884946e1e103ebf484ea7ed211df2267db9f7827d5e2e",,"2026-02-27T20:32:00.000","30","NO CONTROLS","NO CONTROLS","CLEAR","DARKNESS, LIGHTED ROAD","SIDESWIPE SAME DIRECTION","ONE-WAY",,"STRAIGHT AND LEVEL","DRY","NO DEFECTS","ON SCENE","INJURY AND / OR TOW DUE TO CRASH",,,,"OVER $1,500","2026-02-27T21:35:00.000","UNABLE TO DETERMINE","NOT APPLICABLE","400","S","LOWER WACKER DR","122",,,,,,,"2","REPORTED, NOT EVIDENT","1","0","0","0","1","1","0","20","6","2","41.8767499692","-87.6369077406","POINT (-87.636907740642 41.876749969186)"
"a217c2b1f450e901356e0159b86fafe3bf07c5e2db6bcdbf1ea531f0bec6ec40dd8cba0995013f91b1c2145f85179544df8d3d5bb96e0a0572a7e3f046ea3746",,"2026-02-27T20:30:00.000","30","TRAFFIC SIGNAL","FUNCTIONING PROPERLY","CLEAR","DARKNESS, LIGHTED ROAD","REAR END","DIVIDED - W/MEDIAN (NOT RAISED)",,"STRAIGHT AND LEVEL","DRY","NO DEFECTS","NOT ON SCENE (DESK REPORT)","NO INJURY / DRIVE AWAY","Y",,,"OVER $1,500","2026-02-28T11:05:00.000","FOLLOWING TOO CLOSELY","NOT APPLICABLE","2127","W","FULLERTON AVE","1432",,,,,,,"2","NO INDICATION OF INJURY","0","0","0","0","0","4","0","20","6","2","41.924875957","-87.6816281587","POINT (-87.681628158666 41.924875957009)"
"eb9d151e5aa4e589e2d6e0e685f10082aba780aa203dc50335b3369c62d42ec02ae5ebc9e63416cd4318863546bc1e0a3493f5138866366b6b40689190d5d1fe",,"2026-02-27T20:30:00.000","30","TRAFFIC SIGNAL","FUNCTIONING PROPERLY","CLEAR","DARKNESS, LIGHTED ROAD","SIDESWIPE SAME DIRECTION","FOUR WAY",,"STRAIGHT AND LEVEL","DRY","NO DEFECTS",,"INJURY AND / OR TOW DUE TO CRASH",,,,"OVER $1,500","2026-03-01T09:45:00.000","IMPROPER LANE USAGE","NOT APPLICABLE","1","W","87TH ST","632",,,,,,,"2","REPORTED, NOT EVIDENT","2","0","0","0","2","1","0","20","6","2","41.7361892353","-87.624176526","POINT (-87.624176525958 41.736189235332)"
"9f895aa31680512020270ebe37b891469bcf8081884dfb71c6f58f9fe5626dd433b9af4eea799e7224691c9a95eef22e345c06a2da4976344cc34383fca32de8",,"2026-02-27T20:28:00.000","30","NO CONTROLS","NO CONTROLS","CLEAR","DARKNESS, LIGHTED ROAD","REAR TO FRONT","PARKING LOT",,"STRAIGHT AND LEVEL","DRY","NO DEFECTS","ON SCENE","NO INJURY / DRIVE AWAY",,,"Y","$500 OR LESS","2026-02-27T20:37:00.000","NOT APPLICABLE","NOT APPLICABLE","5401","W","BELMONT AVE","2514",,,,,,,"2","NO INDICATION OF INJURY","0","0","0","0","0","3","0","20","6","2","41.9385270507","-87.7616548064","POINT (-87.761654806449 41.938527050659)"
"00702cdc2815f430813730f0f0e20ed75c9f84dd11633fb1a78ee55c6110115546aaea410ede9218395f277b224cfc6706d18deb5825a35d9102117f2e958724",,"2026-02-27T20:20:00.000","30","TRAFFIC SIGNAL","FUNCTIONING PROPERLY","CLEAR","DARKNESS, LIGHTED ROAD","REAR END","FOUR WAY",,"STRAIGHT AND LEVEL","DRY","UNKNOWN","NOT ON SCENE (DESK REPORT)","NO INJURY / DRIVE AWAY",,,,"OVER $1,500","2026-02-27T21:20:00.000","UNABLE TO DETERMINE","UNABLE TO DETERMINE","3200","N","SHEFFIELD AVE","1924",,,,,,,"2","NO INDICATION OF INJURY","0","0","0","0","0","3","0","20","6","2","41.9400010764","-87.6542558592","POINT (-87.654255859203 41.940001076433)"
"1f6543a7f55d456f512ad84afef1d0e8ca1f79b214f14187734a6828e437327481db46ffacc4cf84ed2c8d920b3f38da39b97989a9c788c375f03e04947c7008",,"2026-02-27T20:15:00.000","30","TRAFFIC SIGNAL","FUNCTIONING PROPERLY","CLEAR","DUSK","REAR TO SIDE","NOT DIVIDED",,"STRAIGHT AND LEVEL","DRY","NO DEFECTS","NOT ON SCENE (DESK REPORT)","NO INJURY / DRIVE AWAY","Y",,"Y","$501 - $1,500","2026-02-27T21:22:00.000","IMPROPER LANE USAGE","UNABLE TO DETERMINE","1600","E","71ST ST","332",,,,,,,"2","NO INDICATION OF INJURY","0","0","0","0","0","2","0","20","6","2","41.7662605821","-87.5858669776","POINT (-87.585866977572 41.766260582149)"
"997bd0b9a85cc1c7c24f908505a139bf685a77244ffc24d6a8c04910ff44753c6c632f23e885bc8007a889cff6c342cb8b522d5ee9e2898df9cb1791aea804cb",,"2026-02-27T20:15:00.000","30","TRAFFIC SIGNAL","FUNCTIONING PROPERLY","UNKNOWN","UNKNOWN","TURNING","FOUR WAY",,"STRAIGHT AND LEVEL","UNKNOWN","UNKNOWN","NOT ON SCENE (DESK REPORT)","NO INJURY / DRIVE AWAY","Y",,,"$501 - $1,500","2026-03-05T14:30:00.000","FAILING TO YIELD RIGHT-OF-WAY","NOT APPLICABLE","2600","N","CENTRAL PARK AVE","2524",,,,,,,"2","NO INDICATION OF INJURY","0","0","0","0","0","2","0","20","6","2","41.9282748596","-87.7172355143","POINT (-87.717235514289 41.928274859629)"
"be86a219516aabbf83abc41fb5c7a3e6a2e810db94daa2793e6697cba12ebafded72773c79b93ead54dd8bf808b2999c0ab67e854c4e8a4bef43016646e8f481",,"2026-02-27T20:15:00.000","30","TRAFFIC SIGNAL","UNKNOWN","CLEAR","DARKNESS, LIGHTED ROAD","REAR END","FOUR WAY",,"STRAIGHT AND LEVEL","DRY","UNKNOWN","NOT ON SCENE (DESK REPORT)","NO INJURY / DRIVE AWAY",,,"Y","OVER $1,500","2026-02-27T21:45:00.000","UNABLE TO DETERMINE","NOT APPLICABLE","3750","N","KEDZIE AVE","1733",,,,,,,"2","NO INDICATION OF INJURY","0","0","0","0","0","2","0","20","6","2","41.9499602678","-87.7080561754","POINT (-87.708056175378 41.949960267764)"
"3cf0171cb128f2eb1c5f6e79a60a1f494d88ad1330dc11d991d003da2f62ed29860893f8d6265fa721e29286614083dc6a7fb570947304900c795090073a0ce1",,"2026-02-27T20:00:00.000","30","STOP SIGN/FLASHER","FUNCTIONING PROPERLY","CLEAR","DARKNESS, LIGHTED ROAD","ANGLE","DIVIDED - W/MEDIAN (NOT RAISED)",,"STRAIGHT AND LEVEL","DRY","NO DEFECTS","NOT ON SCENE (DESK REPORT)","NO INJURY / DRIVE AWAY","Y",,,"OVER $1,500","2026-02-27T20:10:00.000","FAILING TO YIELD RIGHT-OF-WAY","UNABLE TO DETERMINE","2501","W","111TH ST","2212",,,,,,,"2","NO INDICATION OF INJURY","0","0","0","0","0","2","0","20","6","2","41.6916587779","-87.683706634","POINT (-87.683706634024 41.691658777923)"
"ae97b9c93edc4f4e99c2f68c116410a505b47920aac6cb3e2d0b998146ecdb374bdd848124b1d6a3c8fcc4fa57f549a6ddd6d3a2b7cd431ab44fefbd93514821",,"2026-02-27T20:00:00.000","40","UNKNOWN","UNKNOWN","CLEAR","DARKNESS, LIGHTED ROAD","SIDESWIPE SAME DIRECTION","OTHER",,"STRAIGHT AND LEVEL","DRY","NO DEFECTS","NOT ON SCENE (DESK REPORT)","NO INJURY / DRIVE AWAY",,,"Y","OVER $1,500","2026-02-27T23:00:00.000","FOLLOWING TOO CLOSELY","NOT APPLICABLE","1214","S","LAKE SHORE DR SB","132",,,,,,,"2","NO INDICATION OF INJURY","0","0","0","0","0","2","0","20","6","2","41.8671386109","-87.6194234392","POINT (-87.61942343919 41.867138610904)"
"374564edef424d982521d83dd000e716ae1e509e821f2a301fe9880939b4a7a819b0423bfe39e2bab8805a45688d1260405affe00b363d7e094d0c669a725b5b",,"2026-02-27T19:58:00.000","30","UNKNOWN","NO CONTROLS","CLEAR","UNKNOWN","TURNING","NOT DIVIDED",,"STRAIGHT AND LEVEL","UNKNOWN","UNKNOWN","ON SCENE","INJURY AND / OR TOW DUE TO CRASH",,,,"OVER $1,500","2026-02-27T20:37:00.000","IMPROPER TURNING/NO SIGNAL","NOT APPLICABLE","2749","N","CICERO AVE","2521",,,,,,,"2","REPORTED, NOT EVIDENT","1","0","0","0","1","2","0","19","6","2","41.931178164","-87.7464335744","POINT (-87.746433574382 41.931178164027)"