"crash_record_id","crash_date_est_i","crash_date","posted_speed_limit","traffic_control_device","device_condition","weather_condition","lighting_condition","first_crash_type","trafficway_type","lane_cnt","alignment","roadway_surface_cond","road_defect","report_type","crash_type","intersection_related_i","private_property_i","hit_and_run_i","damage","date_police_notified","prim_contributory_cause","sec_contributory_cause","street_no","street_direction","street_name","beat_of_occurrence","photos_taken_i","statements_taken_i","dooring_i","work_zone_i","work_zone_type","workers_present_i","num_units","most_severe_injury","injuries_total","injuries_fatal","injuries_incapacitating","injuries_non_incapacitating","injuries_reported_not_evident","injuries_no_indication","injuries_unknown","crash_hour","crash_day_of_week","crash_month","latitude","longitude","location"
"34c5621f2388b97a5435bb091c97fe16d40b9dc9d2f3251b0c0506953a7e5c6f796954d9a22c0f120068430d3aa237e00dc2aa04db50fe681778376e23b942cc",,"2026-02-27T19:50:00.000","30","NO CONTROLS","NO CONTROLS","CLEAR","DARKNESS, LIGHTED ROAD","SIDESWIPE OPPOSITE DIRECTION","NOT DIVIDED",,"STRAIGHT AND LEVEL","DRY","NO DEFECTS","NOT ON SCENE (DESK REPORT)","NO INJURY / DRIVE AWAY",,,,"OVER $1,500","2026-03-06T17:35:00.000","FOLLOWING TOO CLOSELY","NOT APPLICABLE","3244","S","HALSTED ST","913",,,,,,,"2","NO INDICATION OF INJURY","0","0","0","0","0","4","0","19","6","2","41.8351150655","-87.6463533361","POINT (-87.646353336082 41.835115065535)"
"9d5d860d044dc255e1b373b7f13d23db1efdb5e86ae27260cabfa27c2176c0086b1e8e8f433dc7b3fa245ae9a00112f2fb68ddb3d5fb924789a079a406650a30",,"2026-02-27T19:33:00.000","30","STOP SIGN/FLASHER","FUNCTIONING PROPERLY","CLEAR","DARKNESS, LIGHTED ROAD","REAR END","NOT DIVIDED",,"STRAIGHT AND LEVEL","DRY","NO DEFECTS","NOT ON SCENE (DESK REPORT)","NO INJURY / DRIVE AWAY","Y",,,"OVER $1,500","2026-02-27T21:00:00.000","EQUIPMENT - VEHICLE CONDITION","NOT APPLICABLE","6301","W","DIVERSEY AVE","2512",,,,,,,"2","NO INDICATION OF INJURY","0","0","0","0","0","2","0","19","6","2","41.9309262123","-87.7833166301","POINT (-87.783316630066 41.93092621228)"
"8d19072caf4fd8dd2455d1a9e19ae19b84f63dbecc6adf35df71de2b3444ac392dfe80057a99cf09d6f9b9baa68d1ef701a90edad4a4a7346a107ba0c3fed48d",,"2026-02-27T19:17:00.000","30","NO CONTROLS","NO CONTROLS","CLEAR","DARKNESS","PARKED MOTOR VEHICLE","NOT DIVIDED",,"STRAIGHT AND LEVEL","DRY","UNKNOWN","ON SCENE","NO INJURY / DRIVE AWAY",,,,"OVER $1,500","2026-02-27T19:17:00.000","DISTRACTION - FROM INSIDE VEHICLE","NOT APPLICABLE","2710","E","83RD ST","423",,,,,,,"4","NO INDICATION OF INJURY","0","0","0","0","0","3","0","19","6","2","41.744673292","-87.5583541574","POINT (-87.558354157357 41.744673292022)"
"e440696e1debb0f8fe4febe590509694a146d40218e470703ffe44f763a5613872cc1eb415048f6b985639614f348f2c5a09342027133599087a5882bb41af29",,"2026-02-27T19:15:00.000","30","UNKNOWN","UNKNOWN","UNKNOWN","UNKNOWN","SIDESWIPE SAME DIRECTION","DIVIDED - W/MEDIAN (NOT RAISED)",,"STRAIGHT AND LEVEL","UNKNOWN","UNKNOWN","NOT ON SCENE (DESK REPORT)","NO INJURY / DRIVE AWAY",,,,"OVER $1,500","2026-02-28T08:45:00.000","UNABLE TO DETERMINE","FAILING TO YIELD RIGHT-OF-WAY","2951","W","DIVERSEY AVE","1411",,,,,,,"2","NO INDICATION OF INJURY","0","0","0","0","0","2","0","19","6","2","41.931954935","-87.7021432129","POINT (-87.702143212949 41.931954935026)"
"56f14431a10c07b238cd3df840a5fa2374fcf405099907753871677385085d22035433e0d47ca9fd63203992f4e7ee8ce3637aa5142d9de561680e8ad44854ad",,"2026-02-27T19:10:00.000","30","TRAFFIC SIGNAL","FUNCTIONING PROPERLY","CLEAR","DARKNESS, LIGHTED ROAD","REAR END","DIVIDED - W/MEDIAN (NOT RAISED)",,"STRAIGHT AND LEVEL","DRY","NO DEFECTS","NOT ON SCENE (DESK REPORT)","INJURY AND / OR TOW DUE TO CRASH","Y",,,"OVER $1,500","2026-03-01T21:30:00.000","FOLLOWING TOO CLOSELY","FAILING TO REDUCE SPEED TO AVOID CRASH","6410","N","WESTERN AVE","2412",,,,,,,"3","REPORTED, NOT EVIDENT","1","0","0","0","1","2","0","19","6","2","41.9980992281","-87.6900422332","POINT (-87.690042233214 41.998099228122)"
"ee9deb8e8ce4b7ffabc0c24cd77456ba5aaa39ee35f9cb13ffc5bd2d00b1c2bc468afd6e6541e5b0eabc83bcdc86fc464b8a60a25970b20a1ba68c37a1c570e3",,"2026-02-27T19:00:00.000","30","NO CONTROLS","NO CONTROLS","CLEAR","DARKNESS","REAR END","NOT DIVIDED",,"STRAIGHT AND LEVEL","DRY","NO DEFECTS","NOT ON SCENE (DESK REPORT)","NO INJURY / DRIVE AWAY",,,,"$501 - $1,500","2026-02-28T16:22:00.000","FOLLOWING TOO CLOSELY","NOT APPLICABLE","5401","S","HARLEM AVE","811",,,,,,,"2","NO INDICATION OF INJURY","0","0","0","0","0","3","0","19","6","2","41.7939229464","-87.8014421117","POINT (-87.801442111652 41.793922946388)"
"fe9612d7fefa73a527a507997b8c437503f880a0addc084527e7fbdb6bc1a1c4a74da6a9a9ae5585113b34c6663e1060f03800eeaa28a88a01f409107f01685c",,"2026-02-27T19:00:00.000","30","NO CONTROLS","NO CONTROLS","CLEAR","DARKNESS, LIGHTED ROAD","SIDESWIPE SAME DIRECTION","NOT DIVIDED",,"STRAIGHT AND LEVEL","DRY","NO DEFECTS","NOT ON SCENE (DESK REPORT)","NO INJURY / DRIVE AWAY",,,,"$500 OR LESS","2026-02-27T19:45:00.000","UNABLE TO DETERMINE","UNABLE TO DETERMINE","3256","W","LAWRENCE AVE","1713",,,,,,,"2","NO INDICATION OF INJURY","0","0","0","0","0","2","0","19","6","2","41.9685404874","-87.7107826759","POINT (-87.710782675903 41.968540487397)"
"28cb253e0e1679485b00a2e8206d840df931e99e19b40dda2e4fe8e8d784b190107c660f4f73c0f44ae6e245c348002e8cee08fd0019c1d34bf67e88b34ffc76",,"2026-02-27T18:46:00.000","30","TRAFFIC SIGNAL","FUNCTIONING PROPERLY","CLEAR","DUSK","FIXED OBJECT","DIVIDED - W/MEDIAN BARRIER",,"STRAIGHT AND LEVEL","DRY","NO DEFECTS","ON SCENE","INJURY AND / OR TOW DUE TO CRASH",,,,"$501 - $1,500","2026-02-27T18:50:00.000","DRIVING SKILLS/KNOWLEDGE/EXPERIENCE","VISION OBSCURED (SIGNS, TREE LIMBS, BUILDINGS, ETC.)","5005","W","LAKE ST","1532",,,,,,,"1","NONINCAPACITATING INJURY","2","0","0","2","0","0","0","18","6","2","41.8868174166","-87.750696545","POINT (-87.750696545048 41.886817416633)"
"230c2453bcc8bcfd988a12546afbbb046b3cdeabde639f2e092f13a021b18c6b529732d2ec34307cc6972f6077c20a8c868a385dc8cee05b07ea80849ab1c17e",,"2026-02-27T18:44:00.000","30","TRAFFIC SIGNAL","FUNCTIONING PROPERLY","CLEAR","DARKNESS, LIGHTED ROAD","REAR END","Y-INTERSECTION",,"STRAIGHT AND LEVEL","DRY","NO DEFECTS","ON SCENE","INJURY AND / OR TOW DUE TO CRASH","Y",,,"$500 OR LESS","2026-02-27T18:54:00.000","FOLLOWING TOO CLOSELY","UNABLE TO DETERMINE","5107","W","GRAND AVE","2533",,,,,,,"2","NONINCAPACITATING INJURY","2","0","0","2","0","0","0","18","6","2","41.916670354","-87.7532569475","POINT (-87.753256947466 41.916670353989)"
"1753ac7e4dfcfcbd9f172f4797a1d984066e2c5c002af65254ddf9cc6c5ec2ca501828b4cf262b9aef0a67a6b9d835183731101d8a0232f71704ee1a714670b9",,"2026-02-27T18:40:00.000","30","STOP SIGN/FLASHER","UNKNOWN","UNKNOWN","DARKNESS","ANGLE","NOT DIVIDED",,"STRAIGHT AND LEVEL","UNKNOWN","UNKNOWN","NOT ON SCENE (DESK REPORT)","NO INJURY / DRIVE AWAY",,,"Y","OVER $1,500","2026-02-28T10:06:00.000","UNABLE TO DETERMINE","UNABLE TO DETERMINE","3600","W","110TH ST","2211",,,,,,,"2","NO INDICATION OF INJURY","0","0","0","0","0","3","0","18","6","2","41.693347383","-87.7107154079","POINT (-87.710715407931 41.693347383041)"
"4c6eae2132e84ad8905226536ed3109486ecca60b56f4d1a4de711e72c924468b8d3303bf405de65e39ce90da46a9f999a038288707f2a630e5dcca3558f55ac",,"2026-02-27T18:40:00.000","30","NO CONTROLS","NO CONTROLS","CLEAR","DARKNESS, LIGHTED ROAD","ANGLE","T-INTERSECTION",,"STRAIGHT AND LEVEL","DRY","NO DEFECTS","ON SCENE","NO INJURY / DRIVE AWAY","Y",,,"OVER $1,500","2026-02-27T18:41:00.000","UNABLE TO DETERMINE","NOT APPLICABLE","3942","N","KEDZIE AVE","1733",,"N",,,,,"2","NO INDICATION OF INJURY","0","0","0","0","0","2","0","18","6","2","41.9533773812","-87.7081471757","POINT (-87.708147175734 41.953377381214)"
"0a86e721bb18cad32063adbf1a1665d4e240e8a360aa800a257179841c817a57559e1440532f039f0b4b2ce970f093dd29b29de92a231847a34b39c6f2b2e921",,"2026-02-27T18:36:00.000","15","NO CONTROLS","NO CONTROLS","CLEAR","DARKNESS, LIGHTED ROAD","REAR TO FRONT","PARKING LOT",,"STRAIGHT AND LEVEL","DRY","NO DEFECTS","ON SCENE","NO INJURY / DRIVE AWAY",,"Y","Y","$500 OR LESS","2026-02-27T18:42:00.000","UNABLE TO DETERMINE","UNABLE TO DETERMINE","6315","S","PULASKI RD","823",,,,,,,"2","NO INDICATION OF INJURY","0","0","0","0","0","4","0","18","6","2","41.7781510352","-87.7226001363","POINT (-87.722600136312 41.778151035201)"
"2b55319e2f4e20242e69eacb7937078d3a08a7cf0732dbaa03481533ca8f1527ebbc427a02a4ac841777aa9594aaf28e190d6220ea469c5c5f0ef2f4817f978b",,"2026-02-27T18:35:00.000","10","UNKNOWN","UNKNOWN","UNKNOWN","UNKNOWN","REAR TO SIDE","UNKNOWN",,"STRAIGHT AND LEVEL","UNKNOWN","UNKNOWN","NOT ON SCENE (DESK REPORT)","NO INJURY / DRIVE AWAY",,,,"OVER $1,500","2026-02-28T11:35:00.000","UNABLE TO DETERMINE","UNABLE TO DETERMINE","701","N","SACRAMENTO BLVD","1221",,,,,,,"2","NO INDICATION OF INJURY","0","0","0","0","0","2","0","18","6","2","41.8937972299","-87.702004213","POINT (-87.702004213035 41.893797229945)"
"37e4b0a0328859f5c7258f78f24661f88e57c5f58acf18c3a0913bdbf9dd14d21573bfe2c6e627a467f4095f93a474a0d5986fcd89485c2b3b6ddb6062b92154",,"2026-02-27T18:30:00.000","30","NO CONTROLS","NO CONTROLS","CLEAR","DUSK","TURNING","NOT DIVIDED",,"STRAIGHT AND LEVEL","DRY","NO DEFECTS","ON SCENE","INJURY AND / OR TOW DUE TO CRASH",,,"Y","$500 OR LESS","2026-02-27T19:36:00.000","IMPROPER LANE USAGE","NOT APPLICABLE","5100","S","BISHOP ST","934",,,,,,,"2","NO INDICATION OF INJURY","0","0","0","0","0","4","0","18","6","2","41.8012750795","-87.6612806637","POINT (-87.661280663716 41.801275079465)"
"3ced1ab52b8e18fa6c310c1794ae1e8ea1164893f0dbeff4f94d191333c94b17a616789caef6e6a9f8db74e58c2b1c317d07bfe9ed2fded6c41395d2327bbc61",,"2026-02-27T18:30:00.000","30","UNKNOWN","UNKNOWN","CLEAR","DARKNESS, LIGHTED ROAD","SIDESWIPE SAME DIRECTION","NOT DIVIDED",,"STRAIGHT AND LEVEL","UNKNOWN","UNKNOWN","NOT ON SCENE (DESK REPORT)","NO INJURY / DRIVE AWAY",,,,"OVER $1,500","2026-02-27T19:40:00.000","UNABLE TO DETERMINE","UNABLE TO DETERMINE","400","W","DIVISION ST","1821",,,,,,,"2","NO INDICATION OF INJURY","0","0","0","0","0","2","0","18","6","2","41.9039027427","-87.6383708862","POINT (-87.63837088624 41.903902742747)"
"9713be1c6ee3406375b86afffd8010b10bfe9437ffeae3de7d389d0258b6a33e60558b943951b196a2a70d9298842796d8730f5b49b9e929a655465ce237b147",,"2026-02-27T18:30:00.000","30","UNKNOWN","UNKNOWN","UNKNOWN","UNKNOWN","SIDESWIPE OPPOSITE DIRECTION","NOT DIVIDED",,"STRAIGHT AND LEVEL","UNKNOWN","UNKNOWN","NOT ON SCENE (DESK REPORT)","NO INJURY / DRIVE AWAY",,,,"OVER $1,500","2026-02-28T00:12:00.000","IMPROPER OVERTAKING/PASSING","IMPROPER OVERTAKING/PASSING","7900","S","JEFFERY BLVD","414",,,,,,,"2","NO INDICATION OF INJURY","0","0","0","0","0","2","0","18","6","2","41.7515129841","-87.5761257653","POINT (-87.576125765304 41.751512984098)"
"a320ef9ab5bc47b13bb14cd7358627cea29a3b88c9aff136fe56474450b9aaff7e2b0bfa2029a0834eed88c2e1141c6048146b585b5e2aa8ae480395f8adf655",,"2026-02-27T18:30:00.000","30","NO CONTROLS","NO CONTROLS","CLEAR","DAYLIGHT","PEDALCYCLIST","NOT DIVIDED",,"STRAIGHT AND LEVEL","DRY","NO DEFECTS","NOT ON SCENE (DESK REPORT)","NO INJURY / DRIVE AWAY",,,,"OVER $1,500","2026-03-12T08:30:00.000","UNABLE TO DETERMINE","NOT APPLICABLE","1800","N","HALSTED ST","1813",,,"Y",,,,"2","NO INDICATION OF INJURY","0","0","0","0","0","1","0","18","6","2","41.913934603","-87.6485107219","POINT (-87.64851072188 41.91393460298)"
"beda93ca6b776618a22331065f723bbb3beb0d3101e542094bbc060f286e37d67c601ea8440898f815b839b90d5d55a4f6ca3bf12bd7e7ffe4a25d21cc8a75b8",,"2026-02-27T18:24:00.000","30","NO CONTROLS","NO CONTROLS","CLEAR","DARKNESS","PARKED MOTOR VEHICLE","NOT DIVIDED",,"STRAIGHT AND LEVEL","DRY","UNKNOWN","ON SCENE","NO INJURY / DRIVE AWAY",,,,"OVER $1,500","2026-02-27T18:28:00.000","UNABLE TO DETERMINE","UNABLE TO DETERMINE","4014","N","AUSTIN AVE","1624",,,,,,,"2","NO INDICATION OF INJURY","0","0","0","0","0","2","0","18","6","2","41.9535401208","-87.7769390418","POINT (-87.776939041815 41.953540120812)"
"60b4b1d271a1da9670042b5acedff92e6c3e554de94c61e70e062822b625b6d87da43aac8972c57be581a6fd5009313ebe593b21a63d7fb57fea58a593df794e",,"2026-02-27T18:19:00.000","30","TRAFFIC SIGNAL","FUNCTIONING PROPERLY","CLEAR","DARKNESS, LIGHTED ROAD","TURNING","DIVIDED - W/MEDIAN (NOT RAISED)",,"STRAIGHT AND LEVEL","DRY","NO DEFECTS","ON SCENE","INJURY AND / OR TOW DUE TO CRASH","Y",,,"OVER $1,500","2026-02-27T18:21:00.000","UNABLE TO DETERMINE","NOT APPLICABLE","300","S","COLUMBUS DR","114",,,,,,,"2","NO INDICATION OF INJURY","0","0","0","0","0","3","0","18","6","2","41.8782655778","-87.620822303","POINT (-87.620822302974 41.878265577833)"
"0b36fbfa337386b9927a99c176a7848cf295f7957b44ee3fafd5b29b12029427c74b70a56bd7d27dfcb66eea7e930a80bed5173edcc0b16d4095774515043b29",,"2026-02-27T18:16:00.000","30","NO CONTROLS","NO CONTROLS","UNKNOWN","UNKNOWN","REAR END","NOT DIVIDED",,"STRAIGHT AND LEVEL","UNKNOWN","NO DEFECTS","ON SCENE","INJURY AND / OR TOW DUE TO CRASH",,,"Y","OVER $1,500","2026-02-27T18:16:00.000","UNABLE TO DETERMINE","UNABLE TO DETERMINE","5115","S","WESTERN BLVD","932",,,,,,,"5","NO INDICATION OF INJURY","0","0","0","0","0","5","0","18","6","2","41.800656811","-87.6835098821","POINT (-87.68350988214 41.800656810989)"
"c899a85758be3c9e775f72430255dfa85ce22978cfeb6af9842bc82f406854d33f3db811f453bce06e86803e08735557744d24b2790a08b5c6b90d4e5aaa2b96",,"2026-02-27T18:15:00.000","30","TRAFFIC SIGNAL","FUNCTIONING PROPERLY","CLEAR","DARKNESS, LIGHTED ROAD","ANGLE","NOT DIVIDED",,"STRAIGHT AND LEVEL","UNKNOWN","UNKNOWN","NOT ON SCENE (DESK REPORT)","NO INJURY / DRIVE AWAY","Y",,,"OVER $1,500","2026-02-27T21:15:00.000","UNABLE TO DETERMINE","UNABLE TO DETERMINE","3921","N","PULASKI RD","1732",,,,,,,"2","NO INDICATION OF INJURY","0","0","0","0","0","2","0","18","6","2","41.9524462722","-87.7274320138","POINT (-87.727432013779 41.95244627216)"
"236130800abf80f93d28b8d4e990fe88b98b4791686a59703e1db8799bc552acfe5b58b7bae780953634743d2487b5c7c972d7e0394b3ef550e9aedf25a70cb7",,"2026-02-27T18:00:00.000","30","STOP SIGN/FLASHER","FUNCTIONING PROPERLY","CLEAR","DAYLIGHT","PEDESTRIAN","FOUR WAY",,"STRAIGHT AND LEVEL","DRY","NO DEFECTS","ON SCENE","INJURY AND / OR TOW DUE TO CRASH",,,"Y","OVER $1,500","2026-02-27T23:13:00.000","DISREGARDING STOP SIGN","FAILING TO YIELD RIGHT-OF-WAY","3000","S","HOMAN AVE","1032",,,,,,,"2","NONINCAPACITATING INJURY","1","0","0","1","0","1","0","18","6","2","41.8388770703","-87.7099029254","POINT (-87.709902925428 41.838877070251)"
"3597ded60510256d8d06d98be30546252e40ca102ee281387a406f93d4503cde63703850a797e61cc3f8828c4532503c85f31b8b0f4a6ea3c41098bf34105137","Y","2026-02-27T18:00:00.000","30","UNKNOWN","UNKNOWN","UNKNOWN","UNKNOWN","PARKED MOTOR VEHICLE","ONE-WAY",,"STRAIGHT AND LEVEL","UNKNOWN","UNKNOWN","NOT ON SCENE (DESK REPORT)","NO INJURY / DRIVE AWAY",,,"Y","OVER $1,500","2026-03-01T16:50:00.000","UNABLE TO DETERMINE","UNABLE TO DETERMINE","524","W","MELROSE ST","1925",,,,,,,"2","NO INDICATION OF INJURY","0","0","0","0","0","1","0","18","6","2","41.9412675772","-87.6429783254","POINT (-87.64297832545 41.941267577225)"
"4c0d87fb6c62f9ed198338555dcbb78b6890d0a352aa237cbf0ea4151260ce4f9396855bd405ac1383d4ae2e90f8563618ff0db30fd9fda9f6da64eaaece62c6",,"2026-02-27T18:00:00.000","30","NO CONTROLS","NO CONTROLS","CLEAR","DAWN","SIDESWIPE OPPOSITE DIRECTION","PARKING LOT",,"STRAIGHT AND LEVEL","DRY","NO DEFECTS","NOT ON SCENE (DESK REPORT)","INJURY AND / OR TOW DUE TO CRASH",,,,"OVER $1,500","2026-02-27T22:15:00.000","UNABLE TO DETERMINE","UNABLE TO DETERMINE","8740","S","LAFAYETTE AVE","634",,,,,,,"2","NONINCAPACITATING INJURY","1","0","0","1","0","1","0","18","6","2","41.734880619","-87.6255519406","POINT (-87.625551940557 41.734880618955)"
"7484d4006d21485df37170450404cde47083cb46fc4d88e47f8cd63f59ed64ffacaff249bd0b0a70534e16d12ba35bb472af1347ea6cff724517b61f5e8b864e",,"2026-02-27T18:00:00.000","30","TRAFFIC SIGNAL","FUNCTIONING PROPERLY","CLEAR","DAYLIGHT","REAR END","DIVIDED - W/MEDIAN (NOT RAISED)",,"STRAIGHT AND LEVEL","DRY","NO DEFECTS","NOT ON SCENE (DESK REPORT)","NO INJURY / DRIVE AWAY",,,,"OVER $1,500","2026-02-27T19:20:00.000","DRIVING SKILLS/KNOWLEDGE/EXPERIENCE","UNABLE TO DETERMINE","9101","S","COTTAGE GROVE AVE","633",,,,,,,"2","NO INDICATION OF INJURY","0","0","0","0","0","2","0","18","6","2","41.7293116291","-87.6044995447","POINT (-87.604499544721 41.72931162912)"
"952b3982c71fe38c3356805d04d7229fd57a0528b68f6862b2d68b9404c633fac943f1734826c4c32ba9cb568475bb82c8951f9b218863187d16d42a6c4b6b4f",,"2026-02-27T18:00:00.000","30","NO CONTROLS","NO CONTROLS","CLEAR","DUSK","SIDESWIPE SAME DIRECTION","NOT DIVIDED",,"STRAIGHT AND LEVEL","DRY","NO DEFECTS","NOT ON SCENE (DESK REPORT)","NO INJURY / DRIVE AWAY",,,"Y","$501 - $1,500","2026-03-09T16:00:00.000","UNABLE TO DETERMINE","NOT APPLICABLE","1606","E","79TH ST","411",,,,,,,"2","NO INDICATION OF INJURY","0","0","0","0","0","2","0","18","6","2","41.7516108497","-87.5853675447","POINT (-87.585367544712 41.751610849697)"
"f1cfbd258e16211aae7ed99909952a05e15f20ba45df18832b6b95e5fce503f52568bb285b791103b95b51ec22993093738e62d3fc3a80c95a7a685f6ab66034",,"2026-02-27T18:00:00.000","25","NO CONTROLS","NO CONTROLS","CLEAR","DARKNESS, LIGHTED ROAD","SIDESWIPE SAME DIRECTION","NOT DIVIDED",,"STRAIGHT AND LEVEL","DRY","NO DEFECTS","NOT ON SCENE (DESK REPORT)","NO INJURY / DRIVE AWAY",,,,"OVER $1,500","2026-02-27T19:05:00.000","IMPROPER OVERTAKING/PASSING","IMPROPER OVERTAKING/PASSING","66","W","ILLINOIS ST","1831",,,,,,,"2","NO INDICATION OF INJURY","0","0","0","0","0","2","0","18","6","2","41.8909383969","-87.6305903346","POINT (-87.630590334568 41.890938396903)"
"8274ea9469cf260640093b6b66a4218394d0af4a63fc8760e2fe4de4830b5576aa15d8f07f056537f51b830ad22456a2c32ad848153ac88ad70ef661339318b5",,"2026-02-27T17:39:00.000","30","NO CONTROLS","NO CONTROLS","CLEAR","DUSK","FIXED OBJECT","PARKING LOT",,"STRAIGHT AND LEVEL","DRY","NO DEFECTS","ON SCENE","NO INJURY / DRIVE AWAY",,"N",,"OVER $1,500","2026-02-27T17:39:00.000","DRIVING SKILLS/KNOWLEDGE/EXPERIENCE","DRIVING SKILLS/KNOWLEDGE/EXPERIENCE","2003","N","PULASKI RD","2525",,,,,,,"1","NO INDICATION OF INJURY","0","0","0","0","0","1","0","17","6","2","41.9172748673","-87.7264177323","POINT (-87.726417732306 41.917274867322)"
"5bbb468fe6826f5caeb829b71842c27e56de693758b2f8f8ce7e87807d848f62fdb055deb6f707dc5cd7e758c3f5900534f4223d2b9b4cdb7e02e4c0a9bbaf96",,"2026-02-27T17:36:00.000","30","NO CONTROLS","NO CONTROLS","CLEAR","DAYLIGHT","REAR TO FRONT","NOT DIVIDED",,"STRAIGHT AND LEVEL","DRY","UNKNOWN","ON SCENE","NO INJURY / DRIVE AWAY",,,,"$500 OR LESS","2026-02-27T17:36:00.000","IMPROPER BACKING","NOT APPLICABLE","4100","W","24TH PL","1013",,"N",,,,,"2","NO INDICATION OF INJURY","0","0","0","0","0","3","0","17","6","2","41.8470854958","-87.7263269581","POINT (-87.726326958116 41.847085495756)"
"ea4120974c5b49a0916c5f2fedc5d5de7bfb6f729c92a39c6ccb061dd848b58c59b830010d7e7acbfa6a287023c5765a1a8d7d460841faefda8a3254e0ac87dd",,"2026-02-27T17:36:00.000","30","NO CONTROLS","NO CONTROLS","CLEAR","DARKNESS, LIGHTED ROAD","REAR END","NOT DIVIDED",,"STRAIGHT AND LEVEL","DRY","NO DEFECTS","ON SCENE","INJURY AND / OR TOW DUE TO CRASH",,,,"OVER $1,500","2026-02-27T17:37:00.000","DISTRACTION - FROM INSIDE VEHICLE","UNABLE TO DETERMINE","510","W","59TH ST","711",,,,,,,"2","NONINCAPACITATING INJURY","1","0","0","1","0","5","0","17","6","2","41.7872545076","-87.6380517345","POINT (-87.638051734511 41.787254507638)"
"53c2ba318623c3544e4e30d6ff29c1a5e369f06e88f50d690b3620904e9a2f42f02f622ea953166e6763e9f1108f0dec97bc33d18055f77d7fe0c09cbbe828ab",,"2026-02-27T17:20:00.000","30","NO CONTROLS","NO CONTROLS","CLEAR","DARKNESS, LIGHTED ROAD","SIDESWIPE SAME DIRECTION","NOT DIVIDED",,"STRAIGHT AND LEVEL","DRY","NO DEFECTS","ON SCENE","NO INJURY / DRIVE AWAY",,,,"OVER $1,500","2026-02-27T17:46:00.000","IMPROPER LANE USAGE","IMPROPER OVERTAKING/PASSING","2900","W","26TH ST","1033",,,,,,,"2","NO INDICATION OF INJURY","0","0","0","0","0","4","0","17","6","2","41.8447663817","-87.697818823","POINT (-87.697818822995 41.844766381677)"
"c63ab8a6f099c6b62eaeea2a189b56ee262eaf828ba09e9dc2322b49493eeb18231c5edcde9dc3e4d033cafdd9fc87b1e2c9bb723db576ef9f2cfdb5615e7cdd",,"2026-02-27T17:16:00.000","30","TRAFFIC SIGNAL","FUNCTIONING PROPERLY","CLEAR","DAYLIGHT","TURNING","NOT DIVIDED",,"STRAIGHT AND LEVEL","DRY","NO DEFECTS",,"INJURY AND / OR TOW DUE TO CRASH",,,,"OVER $1,500","2026-02-27T18:12:00.000","IMPROPER TURNING/NO SIGNAL","NOT APPLICABLE","7900","S","KEDZIE AVE","834",,,,,,,"2","NO INDICATION OF INJURY","0","0","0","0","0","5","0","17","6","2","41.7497239717","-87.7025395717","POINT (-87.702539571674 41.749723971726)"
"b504a4672b9919722e4e78f0cb85e9ed4f5f112824c050fbcbf96f033e05996469e53f2a1e57333f3739f582b6fe45adb5d7b307f77e73f74c4ee94bb5c9bf82",,"2026-02-27T17:15:00.000","20","NO CONTROLS","NO CONTROLS","CLEAR","DARKNESS, LIGHTED ROAD","PARKED MOTOR VEHICLE","PARKING LOT",,"STRAIGHT AND LEVEL","DRY","NO DEFECTS","NOT ON SCENE (DESK REPORT)","NO INJURY / DRIVE AWAY",,,,"OVER $1,500","2026-02-27T19:00:00.000","UNABLE TO DETERMINE","UNABLE TO DETERMINE","3324","S","ARCHER AVE","912",,,,,,,"2","NO INDICATION OF INJURY","0","0","0","0","0","2","0","17","6","2","41.8335352531","-87.6727490303","POINT (-87.672749030311 41.833535253067)"
"f15cf96ff0531534f94a19c856db560338b427a2bb6545917494596cc256e0ea5388a55e52d123cc1a3da01fb382fb1bc5789e70135b9320c6bd3628ca615290",,"2026-02-27T17:15:00.000","30","STOP SIGN/FLASHER","FUNCTIONING PROPERLY","CLEAR","DAYLIGHT","ANGLE","FOUR WAY",,"STRAIGHT AND LEVEL","DRY","NO DEFECTS","ON SCENE","INJURY AND / OR TOW DUE TO CRASH","Y",,,"OVER $1,500","2026-02-27T17:18:00.000","UNABLE TO DETERMINE","UNABLE TO DETERMINE","9400","S","THROOP ST","2222",,,,,,,"2","NO INDICATION OF INJURY","0","0","0","0","0","3","0","17","6","2","41.7230380203","-87.6555685641","POINT (-87.655568564095 41.723038020266)"
"7743b8c174a92b95cc8dc3917fa2558be214583f627d491ffc8158a4ce9ca41e8d19c6b1b6fa41dc58650de2dcc3d0ab11cce79b1013767f1b3a58955e648cad",,"2026-02-27T17:10:00.000","15","NO CONTROLS","NO CONTROLS","CLEAR","DARKNESS, LIGHTED ROAD","ANGLE","NOT DIVIDED",,"STRAIGHT AND LEVEL","DRY","NO DEFECTS",,"NO INJURY / DRIVE AWAY",,,,"$500 OR LESS","2026-02-28T17:05:00.000","DISREGARDING STOP SIGN","NOT APPLICABLE","2556","W","38TH ST","911",,,,,,,"2","NO INDICATION OF INJURY","0","0","0","0","0","2","0","17","6","2","41.8248235259","-87.6896513703","POINT (-87.689651370339 41.82482352587)"