"crash_record_id","crash_date_est_i","crash_date","posted_speed_limit","traffic_control_device","device_condition","weather_condition","lighting_condition","first_crash_type","trafficway_type","lane_cnt","alignment","roadway_surface_cond","road_defect","report_type","crash_type","intersection_related_i","private_property_i","hit_and_run_i","damage","date_police_notified","prim_contributory_cause","sec_contributory_cause","street_no","street_direction","street_name","beat_of_occurrence","photos_taken_i","statements_taken_i","dooring_i","work_zone_i","work_zone_type","workers_present_i","num_units","most_severe_injury","injuries_total","injuries_fatal","injuries_incapacitating","injuries_non_incapacitating","injuries_reported_not_evident","injuries_no_indication","injuries_unknown","crash_hour","crash_day_of_week","crash_month","latitude","longitude","location"
"779982b3065752de33c58d3b52d420eaa56c1934daa919dba9e889f395b989e5ccbd3d4c0992b91f2d6e7e880e82a002e33f38b82323ed619fa13cf5a1280c82",,"2026-02-27T17:10:00.000","25","NO CONTROLS","NO CONTROLS","CLEAR","DAYLIGHT","SIDESWIPE OPPOSITE DIRECTION","ONE-WAY",,"STRAIGHT AND LEVEL","DRY","NO DEFECTS","NOT ON SCENE (DESK REPORT)","NO INJURY / DRIVE AWAY",,,,"$501 - $1,500","2026-02-27T17:30:00.000","VISION OBSCURED (SIGNS, TREE LIMBS, BUILDINGS, ETC.)","NOT APPLICABLE","716","W","GRACE ST","1925",,,,,,,"2","NO INDICATION OF INJURY","0","0","0","0","0","2","0","17","6","2","41.9515712614","-87.6485915094","POINT (-87.648591509448 41.951571261353)"
"9021b6756df3695c0260a16d56ba3c9456c8c8ff2d2c51ce15ef73ed5806695631f5812ec7f5768d15bc8da4b0ef2c08f19aaa943530f8e3382b9c41bba000dd",,"2026-02-27T17:10:00.000","30","TRAFFIC SIGNAL","FUNCTIONING PROPERLY","CLEAR","DAYLIGHT","REAR END","DIVIDED - W/MEDIAN BARRIER",,"STRAIGHT AND LEVEL","DRY","NO DEFECTS","NOT ON SCENE (DESK REPORT)","NO INJURY / DRIVE AWAY",,,,"$501 - $1,500","2026-02-27T23:00:00.000","FOLLOWING TOO CLOSELY","UNABLE TO DETERMINE","2422","N","ASHLAND AVE","1931",,,,,,,"2","NO INDICATION OF INJURY","0","0","0","0","0","3","0","17","6","2","41.9258831286","-87.6683179813","POINT (-87.668317981265 41.925883128577)"
"f11895119f53d1ff205211371aa4603a0d0961bf1d69fe654bf11d0a95c7b651ba8b97a4294ecb4097659f252ad7ab1b60f63f7705cfa3761643f7aff9172c21","Y","2026-02-27T17:10:00.000","25","NO CONTROLS","NO CONTROLS","CLEAR","DAYLIGHT","PARKED MOTOR VEHICLE","NOT DIVIDED",,"STRAIGHT AND LEVEL","DRY","NO DEFECTS","ON SCENE","NO INJURY / DRIVE AWAY",,,"Y","$501 - $1,500","2026-02-27T17:18:00.000","IMPROPER OVERTAKING/PASSING","UNABLE TO DETERMINE","5940","W","BERTEAU AVE","1624",,,,,,,"2","NO INDICATION OF INJURY","0","0","0","0","0","1","0","17","6","2","41.9568214179","-87.7761345174","POINT (-87.776134517363 41.956821417899)"
"fae3fcfd49668466b19459f0172f6127d0301c670d916bbc71572828f70cdd50a6ba6eb3c765510efe38e41ea05fd509bdff142835090a3027e65b2df949197e",,"2026-02-27T17:10:00.000","30","NO CONTROLS","NO CONTROLS","CLEAR","DAYLIGHT","SIDESWIPE SAME DIRECTION","NOT DIVIDED",,"STRAIGHT AND LEVEL","DRY","NO DEFECTS","NOT ON SCENE (DESK REPORT)","NO INJURY / DRIVE AWAY",,,,"$501 - $1,500","2026-02-27T17:13:00.000","NOT APPLICABLE","NOT APPLICABLE","4849","N","MILWAUKEE AVE","1623",,,,,,,"2","NO INDICATION OF INJURY","0","0","0","0","0","2","0","17","6","2","41.9691967755","-87.7617198802","POINT (-87.761719880222 41.969196775538)"
"3c45fb27237e327549de58b271ddf195826f03cc1e68ce59fa9defe5e5553400d36cf35752a247ef8a5b6bcf84da93ba1060a0c2cdef4969eef9a9f6017a9c59",,"2026-02-27T17:00:00.000","30","NO CONTROLS","NO CONTROLS","CLEAR","DAYLIGHT","PARKED MOTOR VEHICLE","NOT DIVIDED",,"STRAIGHT AND LEVEL","DRY","NO DEFECTS","NOT ON SCENE (DESK REPORT)","NO INJURY / DRIVE AWAY",,,,"$501 - $1,500","2026-03-02T14:35:00.000","UNABLE TO DETERMINE","NOT APPLICABLE","2253","W","DEVON AVE","2413",,,,,,,"2","NO INDICATION OF INJURY","0","0","0","0","0","4","0","17","6","2","41.9976694566","-87.6870695106","POINT (-87.687069510638 41.997669456613)"
"77f3b10b4f8fe0cc3441817dac76af85fe4a94d5fc5e7f5fcf8827b277c60fda53779b87591b3ba568332ff5f43c0e859ec5eeed0fc07b6a87af11ea75f31d8d",,"2026-02-27T17:00:00.000","30","UNKNOWN","UNKNOWN","CLOUDY/OVERCAST","UNKNOWN","REAR END","UNKNOWN",,"STRAIGHT AND LEVEL","UNKNOWN","UNKNOWN","NOT ON SCENE (DESK REPORT)","NO INJURY / DRIVE AWAY",,,,"OVER $1,500","2026-03-05T15:15:00.000","UNABLE TO DETERMINE","NOT APPLICABLE","4319","N","NARRAGANSETT AVE","1624",,,,,,,"2","NO INDICATION OF INJURY","0","0","0","0","0","2","0","17","6","2","41.9590439489","-87.786643126","POINT (-87.786643126027 41.959043948932)"
"7eb825f39e2c9ba25bc5bcda68dd66ef67a869b3cc22e422e66c7773957606f4cc7b8df79a443584abacaeb49c21143a495691819d7967ae079ffafcc1eab180","Y","2026-02-27T17:00:00.000","30","NO CONTROLS","NO CONTROLS","CLEAR","DAYLIGHT","PARKED MOTOR VEHICLE","PARKING LOT",,"STRAIGHT AND LEVEL","DRY","UNKNOWN","NOT ON SCENE (DESK REPORT)","NO INJURY / DRIVE AWAY",,,"Y","$501 - $1,500","2026-02-27T21:00:00.000","UNABLE TO DETERMINE","UNABLE TO DETERMINE","712","E","111TH ST","513",,,,,,,"2","NO INDICATION OF INJURY","0","0","0","0","0","1","0","17","6","2","41.6929398946","-87.6048016901","POINT (-87.604801690058 41.692939894577)"
"84dc0de67fca16dc4ee9ceb58952aa55411b792cc1158e98507fe80e69f4ab146f36e2d406531e9f915af611a99f58fe7791b8b06db6356d8053f1033ff91416",,"2026-02-27T17:00:00.000","25","NO CONTROLS","NO CONTROLS","UNKNOWN","UNKNOWN","PARKED MOTOR VEHICLE","ONE-WAY",,"STRAIGHT AND LEVEL","UNKNOWN","UNKNOWN","NOT ON SCENE (DESK REPORT)","NO INJURY / DRIVE AWAY",,,"Y","OVER $1,500","2026-02-28T07:45:00.000","NOT APPLICABLE","NOT APPLICABLE","2615","S","HAMLIN AVE","1031",,,,,,,"2","NO INDICATION OF INJURY","0","0","0","0","0","1","0","17","6","2","41.8438290246","-87.7195106732","POINT (-87.719510673249 41.843829024579)"
"1925bf8441f32b5a343bf980229b94e9bd57d873f75e82e6dcee9757403a9525fe91412e2f7aa24c3dfbb4eedeed24981124b5f28bb579b86a3b6a3a2af0169c",,"2026-02-27T16:55:00.000","30","TRAFFIC SIGNAL","FUNCTIONING PROPERLY","CLEAR","DAYLIGHT","PEDALCYCLIST","FOUR WAY",,"STRAIGHT AND LEVEL","DRY","NO DEFECTS","ON SCENE","INJURY AND / OR TOW DUE TO CRASH","Y",,,"$500 OR LESS","2026-02-27T16:55:00.000","FAILING TO YIELD RIGHT-OF-WAY","FAILING TO REDUCE SPEED TO AVOID CRASH","431","W","CERMAK RD","914",,,,,,,"2","NONINCAPACITATING INJURY","1","0","0","1","0","1","0","16","6","2","41.8526879403","-87.6381150252","POINT (-87.63811502521 41.852687940318)"
"98ba85caa423b17604dccebc9c0d317a6e23bede44ecaf0a24bfeea12cc0fd0b19f6e8c79a05f5af2601717c4d857e989718fefbd85de6509cf6214a3218ffd1",,"2026-02-27T16:55:00.000","30","UNKNOWN","UNKNOWN","CLEAR","DUSK","SIDESWIPE SAME DIRECTION","NOT DIVIDED",,"STRAIGHT AND LEVEL","UNKNOWN","UNKNOWN","NOT ON SCENE (DESK REPORT)","NO INJURY / DRIVE AWAY",,,,"OVER $1,500","2026-02-27T19:33:00.000","UNABLE TO DETERMINE","UNABLE TO DETERMINE","347","W","BELDEN AVE","1814",,,,,,,"2","NO INDICATION OF INJURY","0","0","0","0","0","2","0","16","6","2","41.9236769982","-87.6383997867","POINT (-87.638399786744 41.923676998243)"
"e18465bdab44abe3761bb9ab2368ea823502c317417a3f2c167b8c49cdc949a2d065e24a3d914e5fdda7dd480ad9c3754dc45b10a4e807ff4064052d496a251e",,"2026-02-27T16:55:00.000","30","NO CONTROLS","NO CONTROLS","CLEAR","DUSK","PARKED MOTOR VEHICLE","DIVIDED - W/MEDIAN (NOT RAISED)",,"STRAIGHT AND LEVEL","DRY","UNKNOWN","NOT ON SCENE (DESK REPORT)","NO INJURY / DRIVE AWAY",,,,"OVER $1,500","2026-02-27T18:10:00.000","UNABLE TO DETERMINE","UNABLE TO DETERMINE","2255","W","DEVON AVE","2413",,,,,,,"2","NO INDICATION OF INJURY","0","0","0","0","0","1","0","16","6","2","41.997668184","-87.6871472506","POINT (-87.687147250602 41.997668184036)"
"40d444d5791311d10add949067a18354494552587148e34b1287e555b884818357333cc2bdcc2fe1479ff0483d29ac8c16bfb48bc886e1dc06b2ce5669bd9cd5",,"2026-02-27T16:50:00.000","30","NO CONTROLS","NO CONTROLS","CLEAR","DAYLIGHT","SIDESWIPE SAME DIRECTION","NOT DIVIDED",,"STRAIGHT AND LEVEL","DRY","NO DEFECTS","NOT ON SCENE (DESK REPORT)","NO INJURY / DRIVE AWAY",,,"Y","$501 - $1,500","2026-02-27T17:13:00.000","IMPROPER OVERTAKING/PASSING","NOT APPLICABLE","9900","S","VINCENNES AVE","2213",,,,,,,"2","NO INDICATION OF INJURY","0","0","0","0","0","2","0","16","6","2","41.7139794991","-87.6535123131","POINT (-87.653512313106 41.713979499108)"
"5e73d0f78f94e892e32caa72293a7f29f170da3b92007f51ac9e5ac51714757c0d58c83bdf818db75af6f65419b5032b7b471daea4139966f032d40370509143",,"2026-02-27T16:50:00.000","30","TRAFFIC SIGNAL","FUNCTIONING PROPERLY","CLEAR","DAYLIGHT","REAR END","DIVIDED - W/MEDIAN (NOT RAISED)",,"STRAIGHT AND LEVEL","DRY","NO DEFECTS","NOT ON SCENE (DESK REPORT)","NO INJURY / DRIVE AWAY",,,,"OVER $1,500","2026-02-28T17:20:00.000","FAILING TO REDUCE SPEED TO AVOID CRASH","UNABLE TO DETERMINE","482","N","MILWAUKEE AVE","1214",,,,,,,"2","NO INDICATION OF INJURY","0","0","0","0","0","3","0","16","6","2","41.8906856043","-87.6470396843","POINT (-87.647039684304 41.890685604305)"
"db180e71f51d34f33a4b87060b9ae128c8ea0b9964562312df0e39b5f8b6ea3dfed3736bd9df0aa002a41d0ef3896c6d152c8139a541de8794e24ab4f312c909",,"2026-02-27T16:40:00.000","30","NO CONTROLS","NO CONTROLS","CLEAR","DAYLIGHT","REAR END","NOT DIVIDED",,"STRAIGHT AND LEVEL","DRY","NO DEFECTS","ON SCENE","INJURY AND / OR TOW DUE TO CRASH",,,,"OVER $1,500","2026-02-27T16:53:00.000","FOLLOWING TOO CLOSELY","NOT APPLICABLE","4217","W","31ST ST","1031",,,,,,,"2","NO INDICATION OF INJURY","0","0","0","0","0","2","0","16","6","2","41.8367080781","-87.7300001783","POINT (-87.730000178321 41.836708078127)"
"051276a37c3859e19bc20d45d98a0c83d6723d2c40bc44c52059f362a1c46693d11f6942fccd516b92512d657220c1e322af0575f03bde11425c55748bc43b00",,"2026-02-27T16:35:00.000","30","NO CONTROLS","NO CONTROLS","CLEAR","DAYLIGHT","SIDESWIPE SAME DIRECTION","NOT DIVIDED",,"STRAIGHT AND LEVEL","DRY","NO DEFECTS","ON SCENE","NO INJURY / DRIVE AWAY",,,"Y","$500 OR LESS","2026-02-27T17:18:00.000","FOLLOWING TOO CLOSELY","UNABLE TO DETERMINE","7600","S","STONY ISLAND AVE","411",,,,,,,"2","NO INDICATION OF INJURY","0","0","0","0","0","2","0","16","6","2","41.7568971726","-87.5862342851","POINT (-87.58623428507 41.756897172602)"
"3581840083722b11298713bdffb65d5f21354b09ddc214c9820e2b64fab0559c572403edf20b432a96df4a83f43f8f808db1437d46154e8dd9d13581bbf97c15",,"2026-02-27T16:35:00.000","30","NO CONTROLS","FUNCTIONING PROPERLY","CLEAR","DAYLIGHT","REAR END","DIVIDED - W/MEDIAN (NOT RAISED)",,"STRAIGHT AND LEVEL","DRY","NO DEFECTS","ON SCENE","NO INJURY / DRIVE AWAY","Y",,,"$501 - $1,500","2026-02-27T16:36:00.000","FOLLOWING TOO CLOSELY","FOLLOWING TOO CLOSELY","3841","W","MADISON ST","1122",,,,"N",,,"3","NO INDICATION OF INJURY","0","0","0","0","0","3","0","16","6","2","41.8806568252","-87.722427712","POINT (-87.722427712035 41.880656825218)"
"3c498a027a76a9f9795e070a9094b82951fa4003c40452bcb04d0cc2e8ac61bc340d34d39e5f46339da5ffd09e83c4d194b1c23fd822d1fb8b7153fe799430da",,"2026-02-27T16:32:00.000","30","NO CONTROLS","NO CONTROLS","CLEAR","DAYLIGHT","ANGLE","CENTER TURN LANE",,"STRAIGHT AND LEVEL","DRY","NO DEFECTS","ON SCENE","INJURY AND / OR TOW DUE TO CRASH","Y",,,"OVER $1,500","2026-02-27T16:35:00.000","FAILING TO YIELD RIGHT-OF-WAY","FAILING TO YIELD RIGHT-OF-WAY","1803","W","LAWRENCE AVE","1912",,,,,,,"2","NO INDICATION OF INJURY","0","0","0","0","0","2","0","16","6","2","41.9687032516","-87.6748904263","POINT (-87.674890426314 41.968703251636)"
"0d88e06b9ed5e82b2025f3925602ac7bb35487bf9230ab56989a6fbb4098a0055a53ae7bc08b72408de51f065d438923c4969ef624905484f86e2c19cce3cfec",,"2026-02-27T16:30:00.000","30","TRAFFIC SIGNAL","FUNCTIONING PROPERLY","CLEAR","DAYLIGHT","SIDESWIPE SAME DIRECTION","DIVIDED - W/MEDIAN (NOT RAISED)",,"STRAIGHT AND LEVEL","DRY","NO DEFECTS","NOT ON SCENE (DESK REPORT)","NO INJURY / DRIVE AWAY",,,,"OVER $1,500","2026-02-27T16:35:00.000","UNABLE TO DETERMINE","UNABLE TO DETERMINE","6300","S","LOOMIS BLVD","725",,,,,,,"2","NO INDICATION OF INJURY","0","0","0","0","0","2","0","16","6","2","41.7794499939","-87.6595058998","POINT (-87.659505899814 41.7794499939)"
"186d30e07a3515d41a6c73016cd6b7337215aaf36e639f5e5f35d5e458fe11ce3270b626d6a15a5cc923b814224c66c50d5e1e47c5586730fef524658ed5a5d8",,"2026-02-27T16:30:00.000","30","NO CONTROLS","NO CONTROLS","CLEAR","DUSK","PEDESTRIAN","NOT DIVIDED",,"STRAIGHT AND LEVEL","DRY","NO DEFECTS","NOT ON SCENE (DESK REPORT)","NO INJURY / DRIVE AWAY",,,,"$500 OR LESS","2026-02-27T23:15:00.000","IMPROPER LANE USAGE","UNABLE TO DETERMINE","1134","W","JACKSON BLVD","1232",,,,,,,"2","NO INDICATION OF INJURY","0","0","0","0","0","2","0","16","6","2","41.8779192323","-87.6559884054","POINT (-87.655988405447 41.877919232338)"
"82abb172599ad9bc56b972b8ae70774f541c4e332c2ed53542527f54d0eb4cdc98ccfa7cb042ef1df0add2ec9a7c2b937b66111f453678b08ffa558ad1870156",,"2026-02-27T16:30:00.000","30","TRAFFIC SIGNAL","FUNCTIONING PROPERLY","CLEAR","DAYLIGHT","TURNING","NOT DIVIDED",,"STRAIGHT AND LEVEL","DRY","NO DEFECTS","NOT ON SCENE (DESK REPORT)","NO INJURY / DRIVE AWAY",,,,"OVER $1,500","2026-02-27T17:20:00.000","VISION OBSCURED (SIGNS, TREE LIMBS, BUILDINGS, ETC.)","NOT APPLICABLE","1530","W","LAWRENCE AVE","2032",,,,,,,"2","NO INDICATION OF INJURY","0","0","0","0","0","2","0","16","6","2","41.9689897602","-87.6688447181","POINT (-87.668844718118 41.968989760172)"
"b277e181983f246629b7aed59aebf6347bc616e8f2c5a31f8c3bb4a25924f4fe4bf7266b2e0815e3d550f2bbf2566d59dad750d06e7c32d02128ba326fb5a940",,"2026-02-27T16:30:00.000","30","TRAFFIC SIGNAL","FUNCTIONING PROPERLY","CLEAR","DAYLIGHT","SIDESWIPE SAME DIRECTION","NOT DIVIDED",,"STRAIGHT AND LEVEL","DRY","NO DEFECTS","ON SCENE","NO INJURY / DRIVE AWAY",,,,"OVER $1,500","2026-02-27T16:30:00.000","FOLLOWING TOO CLOSELY","RELATED TO BUS STOP","8700","S","JEFFERY BLVD","412",,,,,,,"2","NO INDICATION OF INJURY","0","0","0","0","0","3","0","16","6","2","41.7369631273","-87.5758627085","POINT (-87.575862708451 41.736963127272)"
"01cfa5e6c76d8ac66aa93de5d4c526006dfca161de422dc243eb2f14328ebab7d859a756a552ac65a3dd7887898618be409757f206bd87ee0b5d2c0f4348bf33",,"2026-02-27T16:29:00.000","30","TRAFFIC SIGNAL","UNKNOWN","UNKNOWN","DAYLIGHT","REAR END","FOUR WAY",,"STRAIGHT AND LEVEL","UNKNOWN","UNKNOWN","NOT ON SCENE (DESK REPORT)","NO INJURY / DRIVE AWAY","Y",,"Y","OVER $1,500","2026-02-27T17:50:00.000","FOLLOWING TOO CLOSELY","NOT APPLICABLE","557","N","CENTRAL AVE","1523",,,,,,,"3","NO INDICATION OF INJURY","0","0","0","0","0","6","0","16","6","2","41.8909539144","-87.7650975917","POINT (-87.765097591706 41.890953914416)"
"f4c75e3fa2a63d73be503ec4f60687b15048f4aeaee75fa634360ee15c7c3e80c5589dde56ffb617b106f7bfd61adc24521b1a0ca7ac8afd83d43172041b4c5e",,"2026-02-27T16:15:00.000","30","NO CONTROLS","NO CONTROLS","CLEAR","DAYLIGHT","TURNING","DIVIDED - W/MEDIAN BARRIER",,"STRAIGHT AND LEVEL","DRY","NO DEFECTS","NOT ON SCENE (DESK REPORT)","NO INJURY / DRIVE AWAY",,,"Y","$501 - $1,500","2026-03-02T12:11:00.000","UNABLE TO DETERMINE","UNABLE TO DETERMINE","4402","W","MARQUETTE RD","833",,,,,,,"2","NO INDICATION OF INJURY","0","0","0","0","0","2","0","16","6","2","41.7713678801","-87.7324747648","POINT (-87.732474764777 41.771367880121)"
"d9de544b2bb8c28c2da9d5e94dcea14dabc302a8bf5595290d52ab4c7f764514ad25fefda0b048d58a46afdaca41d38a601ce0146cedfe3bd4cb06c16fa7c446",,"2026-02-27T16:14:00.000","20","NO CONTROLS","NO CONTROLS","CLEAR","DAYLIGHT","PARKED MOTOR VEHICLE","PARKING LOT",,"STRAIGHT AND LEVEL","DRY","NO DEFECTS","NOT ON SCENE (DESK REPORT)","NO INJURY / DRIVE AWAY",,,,"OVER $1,500","2026-02-28T15:00:00.000","FAILING TO YIELD RIGHT-OF-WAY","UNABLE TO DETERMINE","2349","W","HOWARD ST","2411",,,,,,,"2","NO INDICATION OF INJURY","0","0","0","0","0","1","0","16","6","2","42.0194208806","-87.6896908395","POINT (-87.68969083947 42.019420880645)"
"0e2600ace2a7fc78ef1fd82dba547ccb6b2dc24d0ccf7449b4b6b974d21d1dd25c3e5a7035e03e892f19043a7a26a6eef3f1df412d3285d2ca1276fba5dfd006",,"2026-02-27T16:13:00.000","20","UNKNOWN","UNKNOWN","UNKNOWN","UNKNOWN","PARKED MOTOR VEHICLE","UNKNOWN",,"STRAIGHT AND LEVEL","UNKNOWN","UNKNOWN","NOT ON SCENE (DESK REPORT)","NO INJURY / DRIVE AWAY",,,"Y","$501 - $1,500","2026-03-02T10:00:00.000","UNABLE TO DETERMINE","NOT APPLICABLE","7421","S","EVANS AVE","323",,,,,,,"2","NO INDICATION OF INJURY","0","0","0","0","0","1","0","16","6","2","41.7597281288","-87.6065081038","POINT (-87.606508103774 41.759728128812)"
"97e4bab5b9cf572d4c507c52c923f0fd4d792aab49779a99cd333d40ffe8f5c463d602f847b286c892d5380a0aa303f6ff3c6bd6b90a84b846822c598bdf9076",,"2026-02-27T16:13:00.000","20","NO CONTROLS","NO CONTROLS","CLEAR","DAYLIGHT","PARKED MOTOR VEHICLE","PARKING LOT",,"STRAIGHT AND LEVEL","DRY","NO DEFECTS","ON SCENE","NO INJURY / DRIVE AWAY",,,,"OVER $1,500","2026-02-27T16:13:00.000","UNABLE TO DETERMINE","UNABLE TO DETERMINE","10000","W","OHARE ST","1651",,,,,,,"2","NO INDICATION OF INJURY","0","0","0","0","0","1","0","16","6","2","41.976201139","-87.9053091251","POINT (-87.905309125103 41.976201139024)"
"da1175b2c93d016f985036d7cf9a4fca2bdf26528b5f1c4c3b9b68800223bb7b246cd2f2b0e6c4b680813c57ef728025f8b0502e2c6a2746ae8e3143896cfb8e",,"2026-02-27T16:06:00.000","30","TRAFFIC SIGNAL","FUNCTIONING PROPERLY","CLEAR","DAYLIGHT","PEDESTRIAN","FOUR WAY",,"STRAIGHT AND LEVEL","DRY","UNKNOWN","NOT ON SCENE (DESK REPORT)","NO INJURY / DRIVE AWAY","Y",,,"$500 OR LESS","2026-02-28T01:15:00.000","DISREGARDING OTHER TRAFFIC SIGNS","NOT APPLICABLE","9414","S","STATE ST","634",,,,,,,"2","NO INDICATION OF INJURY","0","0","0","0","0","2","0","16","6","2","41.7230644554","-87.6239321439","POINT (-87.623932143876 41.723064455443)"
"1cfca1d8ddcfe8ecd9d66ab1bcfb87fb0d7eceb13740b2ae9aec5033a37e4b0314253b239606e63646d8fa2e1c0aa572946beeb62ecb7f137bf1672e16de5d35",,"2026-02-27T16:04:00.000","30","TRAFFIC SIGNAL","FUNCTIONING PROPERLY","CLEAR","DAYLIGHT","TURNING","NOT DIVIDED",,"STRAIGHT AND LEVEL","DRY","UNKNOWN","ON SCENE","NO INJURY / DRIVE AWAY","Y",,,"OVER $1,500","2026-02-27T16:08:00.000","FAILING TO REDUCE SPEED TO AVOID CRASH","NOT APPLICABLE","1002","N","PULASKI RD","1111",,,,,,,"2","NO INDICATION OF INJURY","0","0","0","0","0","3","0","16","6","2","41.8991654527","-87.7263440589","POINT (-87.72634405888 41.899165452656)"
"05cb87ee02f03c473cb0b19c6f20d02413896ef8e38fe9df70b592d7824f0b1867cb1b685d16b9560631ac758a5006aabc54f394d85cd65423af8697a002afc9",,"2026-02-27T16:00:00.000","30","NO CONTROLS","NO CONTROLS","CLEAR","DAYLIGHT","PARKED MOTOR VEHICLE","OTHER",,"STRAIGHT AND LEVEL","DRY","NO DEFECTS","NOT ON SCENE (DESK REPORT)","NO INJURY / DRIVE AWAY",,,"Y","$501 - $1,500","2026-02-28T09:30:00.000","UNABLE TO DETERMINE","UNABLE TO DETERMINE","1508","W","86TH ST","614",,,,,,,"2","NO INDICATION OF INJURY","0","0","0","0","0","1","0","16","6","2","41.7377510693","-87.6610816132","POINT (-87.661081613187 41.737751069297)"
"14166ee4f1b05c85fd24a4fd58f4904408e1982c1f3faf0c0b7d863f0dbcd21d9a340c8150b161fa28542e7bdb0559739abd316387f8f3e476cf5f394efe0629",,"2026-02-27T16:00:00.000","20","UNKNOWN","UNKNOWN","UNKNOWN","UNKNOWN","PARKED MOTOR VEHICLE","ONE-WAY",,"STRAIGHT AND LEVEL","UNKNOWN","UNKNOWN","NOT ON SCENE (DESK REPORT)","NO INJURY / DRIVE AWAY",,,"N","OVER $1,500","2026-03-01T09:30:00.000","UNABLE TO DETERMINE","NOT APPLICABLE","5041","S","PAULINA ST","931",,,,,,,"2","NO INDICATION OF INJURY","0","0","0","0","0","1","0","16","6","2","41.8018976546","-87.6670809387","POINT (-87.667080938749 41.801897654639)"
"1d8d6dea47468936141a81852e45f60b86eb760441d6db857acf7952fecdde51ba84135b7fbad7cb2f3aefdc31ba451e062aac1eabdf4e29e1150503e104d18b",,"2026-02-27T16:00:00.000","30","NO CONTROLS","NO CONTROLS","CLEAR","DAYLIGHT","REAR END","DIVIDED - W/MEDIAN (NOT RAISED)",,"STRAIGHT AND LEVEL","DRY","NO DEFECTS","NOT ON SCENE (DESK REPORT)","NO INJURY / DRIVE AWAY",,,,"$501 - $1,500","2026-03-05T13:50:00.000","FAILING TO REDUCE SPEED TO AVOID CRASH","FAILING TO YIELD RIGHT-OF-WAY","5520","W","NORTH AVE","2532",,,,,,,"2","NO INDICATION OF INJURY","0","0","0","0","0","2","0","16","6","2","41.9095072834","-87.7639183509","POINT (-87.763918350856 41.909507283417)"
"26b3dac89e083b2304df7018038b74d391bdec404a9aa6d707c12e3611106ef6e9f078ea817ba467607cffed031092b3dfe82914541f39c8df635e327d63bcb7",,"2026-02-27T16:00:00.000","25","STOP SIGN/FLASHER","FUNCTIONING PROPERLY","CLEAR","DAYLIGHT","PEDALCYCLIST","UNKNOWN INTERSECTION TYPE",,"STRAIGHT AND LEVEL","DRY","NO DEFECTS","ON SCENE","INJURY AND / OR TOW DUE TO CRASH","Y",,,"OVER $1,500","2026-02-27T16:09:00.000","DRIVING ON WRONG SIDE/WRONG WAY","NOT APPLICABLE","8900","S","LOOMIS ST","2222",,,,,,,"2","NONINCAPACITATING INJURY","1","0","0","1","0","1","0","16","6","2","41.7320084895","-87.6582355477","POINT (-87.658235547725 41.732008489507)"
"3d5677de4811098ba473f00c895f626b3e5314136914cc6aa2cb77ce9c4cbcb7471e9a3c986c1d12b3f31127adc22ff3d87edaae202115624297fd936c0c54b2",,"2026-02-27T16:00:00.000","25","NO CONTROLS","NO CONTROLS","CLEAR","DAYLIGHT","PARKED MOTOR VEHICLE","NOT DIVIDED",,"STRAIGHT AND LEVEL","DRY","NO DEFECTS","ON SCENE","NO INJURY / DRIVE AWAY",,,,"$500 OR LESS","2026-02-27T16:07:00.000","NOT APPLICABLE","NOT APPLICABLE","3218","N","CLARK ST","1924",,,,,,,"2","NO INDICATION OF INJURY","0","0","0","0","0","1","0","16","6","2","41.9404134879","-87.6512230173","POINT (-87.651223017329 41.940413487913)"
"694700ea855655d4b5dc658fe20bfa58a7258f44081fd6fab89352cc1158156b32a454756a8af56e0d76ce797a48d3d7b1b6dec152d6092c29796b657ef9f305",,"2026-02-27T16:00:00.000","30","NO CONTROLS","NO CONTROLS","CLEAR","DAYLIGHT","PARKED MOTOR VEHICLE","NOT DIVIDED",,"STRAIGHT AND LEVEL","DRY","NO DEFECTS","NOT ON SCENE (DESK REPORT)","NO INJURY / DRIVE AWAY",,,,"OVER $1,500","2026-03-03T16:00:00.000","UNABLE TO DETERMINE","NOT APPLICABLE","1747","W","DIVISION ST","1213",,,,,,,"2","NO INDICATION OF INJURY","0","0","0","0","0","1","0","16","6","2","41.9031673457","-87.6717289695","POINT (-87.671728969476 41.903167345654)"
"f6eb52898fe77bdc69047bca5f74f7836c128bbcf6bafd896c3a1ee4f9bbf34c6950d88b308011b8da4fd6af4bcc91f40a6fd847876a3980bb78a0b7eb237927",,"2026-02-27T16:00:00.000","25","NO CONTROLS","NO CONTROLS","CLEAR","DAYLIGHT","SIDESWIPE SAME DIRECTION","T-INTERSECTION",,"STRAIGHT AND LEVEL","DRY","NO DEFECTS","NOT ON SCENE (DESK REPORT)","NO INJURY / DRIVE AWAY",,,,"OVER $1,500","2026-02-27T19:00:00.000","IMPROPER OVERTAKING/PASSING","IMPROPER OVERTAKING/PASSING","735","W","DIVISION ST","1822","Y",,,,,,"2","NO INDICATION OF INJURY","0","0","0","0","0","2","0","16","6","2","41.9035379266","-87.6474235837","POINT (-87.647423583714 41.903537926645)"
"fa08bf4f7430eed71e364da920e3a3fc9451bc8cdba6f2667ea32f57340c758a79d04d181911a6ec0aa23f18073d19255cb6021ef9d09527411664b3eadcf09c","Y","2026-02-27T16:00:00.000","30","NO CONTROLS","NO CONTROLS","CLEAR","DAYLIGHT","PARKED MOTOR VEHICLE","NOT DIVIDED",,"STRAIGHT AND LEVEL","DRY","NO DEFECTS","ON SCENE","NO INJURY / DRIVE AWAY",,,"Y","OVER $1,500","2026-02-28T09:15:00.000","UNABLE TO DETERMINE","UNABLE TO DETERMINE","3101","W","54TH PL","923",,,,,,,"3","NO INDICATION OF INJURY","0","0","0","0","0","1","0","16","6","2","41.7943594206","-87.7012636959","POINT (-87.701263695858 41.794359420581)"