"crash_record_id","crash_date_est_i","crash_date","posted_speed_limit","traffic_control_device","device_condition","weather_condition","lighting_condition","first_crash_type","trafficway_type","lane_cnt","alignment","roadway_surface_cond","road_defect","report_type","crash_type","intersection_related_i","private_property_i","hit_and_run_i","damage","date_police_notified","prim_contributory_cause","sec_contributory_cause","street_no","street_direction","street_name","beat_of_occurrence","photos_taken_i","statements_taken_i","dooring_i","work_zone_i","work_zone_type","workers_present_i","num_units","most_severe_injury","injuries_total","injuries_fatal","injuries_incapacitating","injuries_non_incapacitating","injuries_reported_not_evident","injuries_no_indication","injuries_unknown","crash_hour","crash_day_of_week","crash_month","latitude","longitude","location"
"ff9fae8aeea7e01f9705d6fb11b8352314129f3c494b91af27ce237456f64a7e5ac4906543f4ab63251405eacd94c7857e152dd47625a846a674a01b65d3d1d5",,"2026-02-27T16:00:00.000","35","NO CONTROLS","NO CONTROLS","CLEAR","DAYLIGHT","TURNING","NOT DIVIDED",,"STRAIGHT AND LEVEL","DRY","NO DEFECTS","ON SCENE","NO INJURY / DRIVE AWAY","Y",,,"$500 OR LESS","2026-02-27T16:00:00.000","UNABLE TO DETERMINE","UNABLE TO DETERMINE","9500","S","COLFAX AVE","431",,,,,,,"2","NO INDICATION OF INJURY","0","0","0","0","0","3","0","16","6","2","41.7226027789","-87.5608678863","POINT (-87.56086788635 41.72260277893)"
"ca3feeaba2ba36521f7a7727c8b8db311112c8ea3f35a37d591af3df94f5d1129fc10cf684fd443bb995ed74d7799d3a12eaea3f709effaf08af31add9ba7575",,"2026-02-27T15:55:00.000","30","NO CONTROLS","NO CONTROLS","CLEAR","DAYLIGHT","SIDESWIPE SAME DIRECTION","DIVIDED - W/MEDIAN BARRIER",,"STRAIGHT AND LEVEL","DRY","NO DEFECTS",,"INJURY AND / OR TOW DUE TO CRASH",,,,"$500 OR LESS","2026-02-27T17:50:00.000","IMPROPER LANE USAGE","NOT APPLICABLE","1451","S","LAKE SHORE DR NB","132",,,,,,,"2","REPORTED, NOT EVIDENT","2","0","0","0","2","1","0","15","6","2","41.8627943719","-87.6183607693","POINT (-87.618360769338 41.862794371926)"
"4a369c8fd54aad462512e6c8caea55e64d93f7b576c74ca6419080de37c375b2f0374f8ec497aaabc0a9fbc0aaec3dcbfb7131b597bbd0ef19cffa3dbb0d8aca",,"2026-02-27T15:51:00.000","30","TRAFFIC SIGNAL","FUNCTIONING PROPERLY","CLEAR","DAYLIGHT","ANGLE","FOUR WAY",,"STRAIGHT AND LEVEL","DRY","UNKNOWN","ON SCENE","INJURY AND / OR TOW DUE TO CRASH","Y",,,"OVER $1,500","2026-02-27T15:53:00.000","FAILING TO YIELD RIGHT-OF-WAY","DISREGARDING TRAFFIC SIGNALS","2500","S","MICHIGAN AVE","133",,,,,,,"2","INCAPACITATING INJURY","2","0","2","0","0","1","0","15","6","2","41.8474301501","-87.6238534363","POINT (-87.623853436334 41.847430150053)"
"619f3864b1fd3ed12889c93ce377f3eeb92e1191297076f34b94c357687d65600f7d89749356568fc1c344671bb472781574720de71a160a159f30fbbd07aa95",,"2026-02-27T15:48:00.000","30","NO CONTROLS","NO CONTROLS","CLEAR","DAYLIGHT","REAR END","NOT DIVIDED",,"STRAIGHT AND LEVEL","DRY","NO DEFECTS","ON SCENE","INJURY AND / OR TOW DUE TO CRASH",,,,"$501 - $1,500","2026-02-27T15:49:00.000","FOLLOWING TOO CLOSELY","UNABLE TO DETERMINE","800","E","HYDE PARK BLVD","223",,,,,,,"2","NO INDICATION OF INJURY","0","0","0","0","0","2","0","15","6","2","41.8023643092","-87.6063032172","POINT (-87.606303217153 41.802364309182)"
"47d0dea88507bafff56cd167bbb9e94d1a99d4bd98909b94d0590eb7c3354f7832f37d45fbbe8689c1eaed5c41b1f69cb10a8035610dfe0bf19ed5bb9e4f8468",,"2026-02-27T15:47:00.000","30","OTHER","FUNCTIONING PROPERLY","CLEAR","DAYLIGHT","SIDESWIPE SAME DIRECTION","NOT DIVIDED",,"STRAIGHT AND LEVEL","DRY","NO DEFECTS","ON SCENE","NO INJURY / DRIVE AWAY",,,,"OVER $1,500","2026-02-27T16:05:00.000","IMPROPER LANE USAGE","NOT APPLICABLE","6401","N","SHERIDAN RD","2432",,,,,,,"2","NO INDICATION OF INJURY","0","0","0","0","0","2","0","15","6","2","41.9983088064","-87.6596963833","POINT (-87.659696383256 41.99830880639)"
"53a2e17c5fba4e649042fada5533f36b1ccf74752484b55bd5ca38c5f607cee61c85735db323345c68ab63bd7d88715502c005d1b4edebfae2b69e60cd44a526",,"2026-02-27T15:46:00.000","30","TRAFFIC SIGNAL","FUNCTIONING PROPERLY","CLEAR","DAYLIGHT","ANGLE","FOUR WAY",,"STRAIGHT AND LEVEL","DRY","NO DEFECTS","ON SCENE","INJURY AND / OR TOW DUE TO CRASH","Y",,,"OVER $1,500","2026-02-27T16:06:00.000","DISREGARDING TRAFFIC SIGNALS","FAILING TO YIELD RIGHT-OF-WAY","3898","S","DR MARTIN LUTHER KING JR DR","212",,,,,,,"2","NONINCAPACITATING INJURY","14","0","0","14","0","1","0","15","6","2","41.8239227121","-87.6171458852","POINT (-87.617145885166 41.823922712124)"
"040b3ea40b62b9bab960377b51613d0fda480c1be48d781b3025df673dc052ef7c8b51db586eba371176ab911447c3ac0541d58cf6a15f4a5b5a43d557b15293",,"2026-02-27T15:45:00.000","30","NO CONTROLS","NO CONTROLS","CLEAR","DAYLIGHT","SIDESWIPE SAME DIRECTION","NOT DIVIDED",,"STRAIGHT AND LEVEL","DRY","NO DEFECTS","NOT ON SCENE (DESK REPORT)","NO INJURY / DRIVE AWAY",,,,"OVER $1,500","2026-02-27T16:25:00.000","UNABLE TO DETERMINE","UNABLE TO DETERMINE","2034","E","67TH ST","331",,,,,,,"2","NO INDICATION OF INJURY","0","0","0","0","0","2","0","15","6","2","41.7735718038","-87.575126351","POINT (-87.575126351016 41.773571803822)"
"9e70a2e460abca6fe93986aac459ef8af73f419bcade67f74e4f407dcf6e5bca4727d5ff6b60f068643e277dcb88f4674512cdc09175cfa480af673ed34d802c",,"2026-02-27T15:42:00.000","30","TRAFFIC SIGNAL","FUNCTIONING PROPERLY","CLEAR","DAYLIGHT","SIDESWIPE SAME DIRECTION","NOT DIVIDED",,"STRAIGHT AND LEVEL","DRY","UNKNOWN","NOT ON SCENE (DESK REPORT)","NO INJURY / DRIVE AWAY",,,"Y","OVER $1,500","2026-02-27T16:30:00.000","FOLLOWING TOO CLOSELY","IMPROPER OVERTAKING/PASSING","301","S","KEDZIE AVE","1124",,,,,,,"2","NO INDICATION OF INJURY","0","0","0","0","0","2","0","15","6","2","41.8772566638","-87.7058655765","POINT (-87.705865576523 41.877256663754)"
"7e013ee3bd40c01a585452f4c60f863a9b2d38bc718360f3b780929197da39f410b0ff3b5619ff410f0f8b15f17d0cc635ad51dc895376d919c49b017f7a6814",,"2026-02-27T15:41:00.000","30","TRAFFIC SIGNAL","FUNCTIONING PROPERLY","CLEAR","DAYLIGHT","ANGLE","FOUR WAY",,"STRAIGHT AND LEVEL","DRY","NO DEFECTS","ON SCENE","INJURY AND / OR TOW DUE TO CRASH","Y",,,"OVER $1,500","2026-02-27T15:53:00.000","FAILING TO REDUCE SPEED TO AVOID CRASH","NOT APPLICABLE","6700","S","WOOD ST","726",,,,,,,"2","NO INDICATION OF INJURY","0","0","0","0","0","2","0","15","6","2","41.7720303329","-87.6690190252","POINT (-87.669019025177 41.77203033286)"
"90fe709673ffd42b2051624ca80415cf032a1919b5aa469924280914c3ec5b66776217dc12d4274172ba1ba777217ebb6d8dab1c4afbb78c3bb542ec0f36fdf8",,"2026-02-27T15:40:00.000","30","UNKNOWN","UNKNOWN","CLEAR","DAYLIGHT","PEDESTRIAN","FOUR WAY",,"STRAIGHT AND LEVEL","UNKNOWN","UNKNOWN","ON SCENE","INJURY AND / OR TOW DUE TO CRASH","Y",,"Y","OVER $1,500","2026-02-27T17:26:00.000","NOT APPLICABLE","UNABLE TO DETERMINE","6500","S","MOZART ST","831",,,,,,,"2","NONINCAPACITATING INJURY","1","0","0","1","0","2","0","15","6","2","41.7753578921","-87.6946628316","POINT (-87.694662831642 41.775357892094)"
"a0dfde2bb5f52b9fef742c5f39a5fe01fe5d9982932db49d1122632dce1342651a72d7208fa3202ba0337f5ffb7f434dbaab0f4c04c7af174e43cfb6695fbcab",,"2026-02-27T15:37:00.000","30","NO CONTROLS","NO CONTROLS","CLEAR","DAYLIGHT","SIDESWIPE SAME DIRECTION","DIVIDED - W/MEDIAN BARRIER",,"STRAIGHT AND LEVEL","DRY","UNKNOWN","ON SCENE","INJURY AND / OR TOW DUE TO CRASH",,,,"OVER $1,500","2026-02-27T16:08:00.000","UNABLE TO DETERMINE","UNABLE TO DETERMINE","9136","S","STONY ISLAND AVE","413",,,,,,,"3","NONINCAPACITATING INJURY","2","0","0","2","0","3","0","15","6","2","41.7285146861","-87.5856149348","POINT (-87.585614934754 41.728514686105)"
"163990791ef11e304388bb445c35f0ba50d088f32456c053e2c0846eb45ee7a63379b85845737b2252371c1001d2af19b6541773ef0c189e561de25566568b0d",,"2026-02-27T15:35:00.000","30","UNKNOWN","UNKNOWN","UNKNOWN","UNKNOWN","ANGLE","ONE-WAY",,"STRAIGHT AND LEVEL","UNKNOWN","UNKNOWN","NOT ON SCENE (DESK REPORT)","NO INJURY / DRIVE AWAY",,,,"$501 - $1,500","2026-02-27T16:30:00.000","UNABLE TO DETERMINE","NOT APPLICABLE","200","N","CLARK ST","122",,,,,,,"2","NO INDICATION OF INJURY","0","0","0","0","0","2","0","15","6","2","41.8860136402","-87.6311301818","POINT (-87.631130181818 41.886013640229)"
"22589312a1ab309cf55636ff48436abeffbf3cb7694a3dec16b7495d1ca6c8941a5eda1f94e30f937f464aa7cda6f240b56bf39e63830cf6485da43fce79440d",,"2026-02-27T15:35:00.000","30","NO CONTROLS","NO CONTROLS","CLEAR","DAYLIGHT","ANGLE","NOT DIVIDED",,"STRAIGHT AND LEVEL","DRY","UNKNOWN","ON SCENE","INJURY AND / OR TOW DUE TO CRASH",,,,"OVER $1,500","2026-02-27T15:40:00.000","FAILING TO YIELD RIGHT-OF-WAY","NOT APPLICABLE","1800","W","BELMONT AVE","1922",,,,,,,"2","REPORTED, NOT EVIDENT","1","0","0","0","1","1","0","15","6","2","41.939736114","-87.6739169044","POINT (-87.673916904446 41.939736114017)"
"3f0f049f5f6c01b49298d410e7bf40435fb09ccef26b411e63d53c725bcc413bdd6fabb4dc46be5200ca3f06bed8fc9efeb32e76332ad0f969de0cf4e4a3709c",,"2026-02-27T15:30:00.000","30","UNKNOWN","UNKNOWN","UNKNOWN","UNKNOWN","REAR END","UNKNOWN",,"STRAIGHT AND LEVEL","UNKNOWN","UNKNOWN","NOT ON SCENE (DESK REPORT)","NO INJURY / DRIVE AWAY",,,,"OVER $1,500","2026-02-27T15:35:00.000","UNABLE TO DETERMINE","NOT APPLICABLE","4800","N","MILWAUKEE AVE","1623",,,,,,,"2","NO INDICATION OF INJURY","0","0","0","0","0","3","0","15","6","2","41.9678443985","-87.7608975411","POINT (-87.760897541125 41.967844398521)"
"547cbc23fbd387861c28eae466fc38b8b1e0f34b6c654cadc2e59a90434c7328a6a41ef3723c3be00e26f59db450f22b02b33810192215e1f288125bccceccb2",,"2026-02-27T15:30:00.000","30","STOP SIGN/FLASHER","FUNCTIONING PROPERLY","CLEAR","DAYLIGHT","REAR END","NOT DIVIDED",,"STRAIGHT AND LEVEL","DRY","NO DEFECTS","NOT ON SCENE (DESK REPORT)","NO INJURY / DRIVE AWAY",,,"Y","OVER $1,500","2026-02-27T17:41:00.000","FOLLOWING TOO CLOSELY","NOT APPLICABLE","3401","W","51ST ST","822",,,,,,,"2","NO INDICATION OF INJURY","0","0","0","0","0","2","0","15","6","2","41.8006430715","-87.7087305091","POINT (-87.708730509139 41.800643071514)"
"59b65a7a618ffd59b0f4edf71c400ff72cfcc900bb5b3806b63c75cd1152bfd9d262f07979f8e5241dc33af26a4d47dc404ae9b780c1c1d4537136ccd2f61560",,"2026-02-27T15:30:00.000","30","NO CONTROLS","NO CONTROLS","CLEAR","DAYLIGHT","PEDALCYCLIST","NOT DIVIDED",,"STRAIGHT AND LEVEL","DRY","NO DEFECTS","NOT ON SCENE (DESK REPORT)","NO INJURY / DRIVE AWAY",,,,"OVER $1,500","2026-02-27T16:40:00.000","UNABLE TO DETERMINE","NOT APPLICABLE","1566","N","MILWAUKEE AVE","1424",,,"Y",,,,"2","NO INDICATION OF INJURY","0","0","0","0","0","2","0","15","6","2","41.9098798194","-87.6769137979","POINT (-87.676913797931 41.909879819378)"
"8a079783e877da0f6926c84478228e35a92850a6604db070405c4eaab3381defe35ee3c190b2f0bb7cd4f9bdf33aafe7e72254bcdc280432f6fe3a46db5a0ac3",,"2026-02-27T15:30:00.000","30","NO CONTROLS","NO CONTROLS","CLEAR","DAYLIGHT","REAR END","NOT DIVIDED",,"STRAIGHT AND LEVEL","DRY","NO DEFECTS","ON SCENE","NO INJURY / DRIVE AWAY",,,"Y","OVER $1,500","2026-02-27T15:43:00.000","FOLLOWING TOO CLOSELY","NOT APPLICABLE","1025","N","LA SALLE DR","1824",,,,,,,"2","NO INDICATION OF INJURY","0","0","0","0","0","3","0","15","6","2","41.9013276905","-87.6327029116","POINT (-87.632702911605 41.90132769054)"
"c8e73a4cbaffb32ff39e58c62d54bace3e4ff3d64f3661e45b314c06274aa377b42eeca195d9ee93eb1d9ebea69dbfd5a1737f1775279dc06ebb7a8c12050d3a",,"2026-02-27T15:30:00.000","30","NO CONTROLS","NO CONTROLS","CLEAR","DAYLIGHT","SIDESWIPE SAME DIRECTION","NOT DIVIDED",,"STRAIGHT AND LEVEL","DRY","NO DEFECTS","ON SCENE","NO INJURY / DRIVE AWAY",,,,"OVER $1,500","2026-02-27T15:48:00.000","IMPROPER TURNING/NO SIGNAL","UNABLE TO DETERMINE","2416","W","35TH ST","911",,,,,,,"2","NO INDICATION OF INJURY","0","0","0","0","0","3","0","15","6","2","41.8303798873","-87.6858611105","POINT (-87.685861110497 41.830379887323)"
"ca86f652283d6a63a86411b04a887092bab92f4b5f4d0b9672e71fb466e18d6195320dbda41bbbdd0deb9875ab1aa7e7b928eaa9054c09fedbc58ca1bd256a62",,"2026-02-27T15:30:00.000","30","TRAFFIC SIGNAL","FUNCTIONING PROPERLY","CLEAR","DAYLIGHT","SIDESWIPE SAME DIRECTION","FOUR WAY",,"STRAIGHT AND LEVEL","UNKNOWN","UNKNOWN","NOT ON SCENE (DESK REPORT)","NO INJURY / DRIVE AWAY",,,"Y","$501 - $1,500","2026-02-27T16:00:00.000","DRIVING SKILLS/KNOWLEDGE/EXPERIENCE","NOT APPLICABLE","3615","W","FULLERTON AVE","2525",,,,,,,"3","NO INDICATION OF INJURY","0","0","0","0","0","3","0","15","6","2","41.9244864061","-87.7176022027","POINT (-87.717602202691 41.924486406076)"
"b58e16f691afff6ce5e7b8c0d3cf27045c207b25dcbc281710108724c8197e5e23e0bd3673fafe601be45dd87c099bd6727a5fe6fee12018c1a9e66112344f37",,"2026-02-27T15:28:00.000","35","TRAFFIC SIGNAL","FUNCTIONING PROPERLY","CLEAR","DAYLIGHT","ANGLE","FOUR WAY",,"STRAIGHT AND LEVEL","DRY","NO DEFECTS","ON SCENE","NO INJURY / DRIVE AWAY","Y",,"Y","OVER $1,500","2026-02-27T16:03:00.000","FAILING TO YIELD RIGHT-OF-WAY","FAILING TO YIELD RIGHT-OF-WAY","6299","S","STATE ST","311",,,,,,,"2","NO INDICATION OF INJURY","0","0","0","0","0","2","0","15","6","2","41.7801478965","-87.6252263976","POINT (-87.62522639765 41.780147896476)"
"e106b9292246d20d6bbdce92e808c0f53fd806bee9512e0a366edbff1c941a0502ec7a5a2641f1de34074a3d0a55a7b1824c50a9a70262a5a2cd8fb088fb35c7",,"2026-02-27T15:26:00.000","30","NO CONTROLS","NO CONTROLS","CLEAR","DAYLIGHT","TURNING","FOUR WAY",,"STRAIGHT AND LEVEL","DRY","NO DEFECTS","NOT ON SCENE (DESK REPORT)","NO INJURY / DRIVE AWAY",,,"Y","OVER $1,500","2026-02-27T15:26:00.000","NOT APPLICABLE","NOT APPLICABLE","45","E","75TH ST","623",,,,,,,"2","NO INDICATION OF INJURY","0","0","0","0","0","2","0","15","6","2","41.7581570108","-87.622911153","POINT (-87.62291115295 41.758157010794)"
"2778139291a8176ae23b1a005cc6003379297f85b041f18179716bf0cc2d8a0887f72bb5c44f3c7f4fee11842f78a11b0e1723e2709998ddef310c402c604b7e",,"2026-02-27T15:25:00.000","30","TRAFFIC SIGNAL","FUNCTIONING PROPERLY","CLEAR","DAYLIGHT","TURNING","FOUR WAY",,"STRAIGHT AND LEVEL","UNKNOWN","UNKNOWN","NOT ON SCENE (DESK REPORT)","NO INJURY / DRIVE AWAY","Y",,,"OVER $1,500","2026-02-27T15:40:00.000","IMPROPER TURNING/NO SIGNAL","NOT APPLICABLE","150","N","MICHIGAN AVE","111",,,,,,,"2","NO INDICATION OF INJURY","0","0","0","0","0","2","0","15","6","2","41.8845309638","-87.6246020446","POINT (-87.624602044601 41.884530963783)"
"9f9dcb6350f00f2d3626845333da45fea9bc197b16aa68067d0bd9a177a00dd4e49137c4771255676ade3ad69d97e998502ae912d17143fa70d25da15ed436a7",,"2026-02-27T15:20:00.000","30","UNKNOWN","UNKNOWN","CLEAR","DAYLIGHT","ANGLE","NOT DIVIDED",,"STRAIGHT AND LEVEL","UNKNOWN","UNKNOWN","NOT ON SCENE (DESK REPORT)","INJURY AND / OR TOW DUE TO CRASH",,,,"OVER $1,500","2026-02-27T16:25:00.000","UNABLE TO DETERMINE","UNABLE TO DETERMINE","2468","N","CLARK ST","1935",,,,,,,"2","NO INDICATION OF INJURY","0","0","0","0","0","2","0","15","6","2","41.9272361144","-87.6416290437","POINT (-87.641629043709 41.927236114388)"
"ef423dd2cfc30281987b2f7af4d4dacd69ffc855116acc305fc451cb32e1eb9ac0e1c67961be758fb3222d9922a063a6a5e8ec4fe9648ff7faf3db49c3971e55",,"2026-02-27T15:20:00.000","30","TRAFFIC SIGNAL","FUNCTIONING PROPERLY","CLEAR","DAYLIGHT","REAR END","NOT DIVIDED",,"STRAIGHT AND LEVEL","DRY","NO DEFECTS","NOT ON SCENE (DESK REPORT)","NO INJURY / DRIVE AWAY","Y",,,"$501 - $1,500","2026-02-27T18:50:00.000","FOLLOWING TOO CLOSELY","NOT APPLICABLE","5500","W","HIGGINS AVE","1623",,,,,,,"2","NO INDICATION OF INJURY","0","0","0","0","0","2","0","15","6","2","41.9697806495","-87.7651204187","POINT (-87.765120418735 41.969780649549)"
"19cbdac2ea42a61ae84de0e0730178fdb0b97148b5eb7b96957cd4f0b6c9973b08c61bfa420329c892fbeeb3594e1314676f8264bffb1f50299ca731d70efa70",,"2026-02-27T15:15:00.000","25","NO CONTROLS","NO CONTROLS","CLEAR","DAYLIGHT","SIDESWIPE SAME DIRECTION","NOT DIVIDED",,"STRAIGHT AND LEVEL","DRY","NO DEFECTS","NOT ON SCENE (DESK REPORT)","NO INJURY / DRIVE AWAY","Y",,"Y","OVER $1,500","2026-02-27T17:00:00.000","UNABLE TO DETERMINE","NOT APPLICABLE","3300","W","51ST ST","821",,,,,,,"2","NO INDICATION OF INJURY","0","0","0","0","0","2","0","15","6","2","41.8008961877","-87.7062752117","POINT (-87.7062752117 41.800896187689)"
"391a4203df739022ef3d9dbc96f5232e6efaeace377f26870369ff395dc7697e9dbc43e11ffd5cd7d3bb497a200fd647c071afc3948141f27258facf5946e122",,"2026-02-27T15:13:00.000","30","UNKNOWN","UNKNOWN","CLEAR","DARKNESS, LIGHTED ROAD","SIDESWIPE SAME DIRECTION","NOT DIVIDED",,"STRAIGHT AND LEVEL","UNKNOWN","UNKNOWN","NOT ON SCENE (DESK REPORT)","NO INJURY / DRIVE AWAY",,,,"OVER $1,500","2026-02-27T18:00:00.000","UNABLE TO DETERMINE","UNABLE TO DETERMINE","2464","N","CLARK ST","1935",,,,,,,"2","NO INDICATION OF INJURY","0","0","0","0","0","2","0","15","6","2","41.9271514346","-87.6415793606","POINT (-87.64157936056 41.92715143456)"
"64f0aaea813ae9542e36272733db1aeae72c9c406e214ac79b1d0eb18f64357af63d68335ccc62cdd06625f4ef2942c2df91dfc189579e802c3f54144b724916",,"2026-02-27T15:12:00.000","30","NO CONTROLS","NO CONTROLS","CLEAR","DAYLIGHT","SIDESWIPE SAME DIRECTION","DIVIDED - W/MEDIAN BARRIER",,"STRAIGHT AND LEVEL","DRY","NO DEFECTS","ON SCENE","INJURY AND / OR TOW DUE TO CRASH",,,,"OVER $1,500","2026-02-27T15:25:00.000","UNABLE TO DETERMINE","UNABLE TO DETERMINE","5556","N","CUMBERLAND AVE","1614",,,,,,,"2","NO INDICATION OF INJURY","0","0","0","0","0","3","0","15","6","2","41.9809469393","-87.836728581","POINT (-87.836728581018 41.980946939316)"
"5bd4bf7cb4bb6c7cc53dbaf84ec91cd6ef621d7b4323b6e5a06c611a256d1382b78717595818605afe16e354b4c7df03a335913a5e1c426bed6905553e468a8e",,"2026-02-27T15:10:00.000","20","NO CONTROLS","NO CONTROLS","CLEAR","DAYLIGHT","PARKED MOTOR VEHICLE","ONE-WAY",,"STRAIGHT AND LEVEL","DRY","NO DEFECTS","NOT ON SCENE (DESK REPORT)","NO INJURY / DRIVE AWAY",,,,"OVER $1,500","2026-02-27T15:35:00.000","DRIVING SKILLS/KNOWLEDGE/EXPERIENCE","NOT APPLICABLE","2128","N","MANGO AVE","2515",,,,,,,"2","NO INDICATION OF INJURY","0","0","0","0","0","1","0","15","6","2","41.9189327426","-87.7696005817","POINT (-87.769600581671 41.918932742582)"
"b8cb4a155dbefcfc347908771550bf4634a7613363e25ce509ae9f03d1c8d97cc6b156b89acba53ade88c2a2d4239144b27d1ca97d0283c4e2417ccb4c866591",,"2026-02-27T15:10:00.000","30","TRAFFIC SIGNAL","FUNCTIONING PROPERLY","CLEAR","DAYLIGHT","TURNING","FOUR WAY",,"STRAIGHT AND LEVEL","DRY","OTHER","NOT ON SCENE (DESK REPORT)","NO INJURY / DRIVE AWAY","Y",,"Y","OVER $1,500","2026-02-27T17:00:00.000","IMPROPER TURNING/NO SIGNAL","NOT APPLICABLE","2020","S","ARCHER AVE","131",,,,,,,"2","NO INDICATION OF INJURY","0","0","0","0","0","2","0","15","6","2","41.8549751562","-87.6307408148","POINT (-87.630740814768 41.854975156151)"
"c9a4338b36400a76ed1b751a7218e024d185ac781152188380d656ce71924135c1caff72a99e4e6412cde2072238c4afd0436918cc0c353914d29a8a3e1549d3",,"2026-02-27T15:10:00.000","30","NO CONTROLS","NO CONTROLS","CLEAR","DAYLIGHT","PARKED MOTOR VEHICLE","DIVIDED - W/MEDIAN (NOT RAISED)",,"STRAIGHT AND LEVEL","DRY","NO DEFECTS","ON SCENE","INJURY AND / OR TOW DUE TO CRASH",,,,"OVER $1,500","2026-02-27T15:43:00.000","NOT APPLICABLE","NOT APPLICABLE","5664","N","LINCOLN AVE","2011",,,,,,,"2","NO INDICATION OF INJURY","0","0","0","0","0","1","0","15","6","2","41.9843165472","-87.6973768332","POINT (-87.697376833237 41.984316547236)"
"ca799db0fc91ed1d23c00276db9f953ebb1b5c429f9008a510961084150bf4f29eaacf5756d6be4e5e0f4df35c99bfad2313af6d00a01a59eaeb0a23c9047807",,"2026-02-27T15:06:00.000","30","NO CONTROLS","NO CONTROLS","CLEAR","DAYLIGHT","PARKED MOTOR VEHICLE","ONE-WAY",,"STRAIGHT AND LEVEL","DRY","NO DEFECTS","ON SCENE","NO INJURY / DRIVE AWAY",,,,"$501 - $1,500","2026-02-27T16:35:00.000","UNABLE TO DETERMINE","NOT APPLICABLE","3022","N","KILPATRICK AVE","2521",,,,,,,"2","NO INDICATION OF INJURY","0","0","0","0","0","1","0","15","6","2","41.9359253077","-87.7444601755","POINT (-87.744460175457 41.935925307654)"
"7d80c44435ce22fb59cb7f2ce3b54db6fbbc5b7dd5acfeb8fdf52232686e45ad860e96723f06b34d7e4203cfaaa44f1b663df6289e06b016242bb6270a46dc3d",,"2026-02-27T15:03:00.000","30","NO CONTROLS","NO CONTROLS","CLEAR","DAYLIGHT","TURNING","NOT DIVIDED",,"STRAIGHT AND LEVEL","DRY","NO DEFECTS","NOT ON SCENE (DESK REPORT)","NO INJURY / DRIVE AWAY",,,"Y","OVER $1,500","2026-02-27T16:05:00.000","UNABLE TO DETERMINE","UNABLE TO DETERMINE","5210","S","CICERO AVE","814",,,,,,,"2","NO INDICATION OF INJURY","0","0","0","0","0","2","0","15","6","2","41.7983099784","-87.7430622326","POINT (-87.743062232619 41.79830997844)"
"193f937ae8365f7b040a96cb9e9a4dd9ea824314e0788fd3197ed66117c4261e95becd4dd70d0e791dcb2ce7d21169127887b28542905cce7dbe087f7f89af6b",,"2026-02-27T15:00:00.000","20","NO CONTROLS","OTHER","CLEAR","DAYLIGHT","SIDESWIPE SAME DIRECTION","ONE-WAY",,"STRAIGHT AND LEVEL","DRY","NO DEFECTS","ON SCENE","NO INJURY / DRIVE AWAY",,,,"$501 - $1,500","2026-02-27T15:00:00.000","FAILING TO YIELD RIGHT-OF-WAY","NOT APPLICABLE","7316","S","HOYNE AVE","735",,,,,,,"3","NO INDICATION OF INJURY","0","0","0","0","0","3","0","15","6","2","41.7605974118","-87.6760017547","POINT (-87.676001754727 41.760597411811)"
"1ac85f9e206569e21ee8b9d6a3abd0d84a0405d493e665b8ff592cb313839c313384c85137dcd90f9f447bad851e14c0e3d2a4123c8d4b1d4d7c939532a690b9",,"2026-02-27T15:00:00.000","30","TRAFFIC SIGNAL","FUNCTIONING PROPERLY","CLEAR","DAYLIGHT","SIDESWIPE SAME DIRECTION","T-INTERSECTION",,"STRAIGHT AND LEVEL","DRY","UNKNOWN","NOT ON SCENE (DESK REPORT)","NO INJURY / DRIVE AWAY",,,,"$500 OR LESS","2026-02-27T15:00:00.000","NOT APPLICABLE","NOT APPLICABLE","798","W","115TH ST","2233",,"Y",,,,,"2","NO INDICATION OF INJURY","0","0","0","0","0","2","0","15","6","2","41.6851927536","-87.642094133","POINT (-87.642094133032 41.685192753555)"
"b2ed52cee840121cc0ded0c5b8cb5715fee212d19d55fdc1a78bb15fe15f6968e172c6ed96571485ed37390b8fad06e82c46bf4c246dd637f8c2ef8bf06cfd72",,"2026-02-27T15:00:00.000","30","NO CONTROLS","NO CONTROLS","CLEAR","DAYLIGHT","PARKED MOTOR VEHICLE","DIVIDED - W/MEDIAN (NOT RAISED)",,"STRAIGHT AND LEVEL","UNKNOWN","UNKNOWN","NOT ON SCENE (DESK REPORT)","NO INJURY / DRIVE AWAY",,,,"$501 - $1,500","2026-02-27T15:40:00.000","UNABLE TO DETERMINE","NOT APPLICABLE","8900","S","HOUSTON AVE","424",,,,,,,"2","NO INDICATION OF INJURY","0","0","0","0","0","1","0","15","6","2","41.7336520448","-87.5501027734","POINT (-87.550102773433 41.733652044794)"
"eb8c3bce8e1adc226fad94cbe0e5d1d49d637d6ac805b3acaf42009642df5efe0d9459b876f3598136a7fcba352355571f3c293063d1806a9fa1ee3176ab7a09",,"2026-02-27T14:56:00.000","20","NO CONTROLS","NO CONTROLS","CLEAR","DAYLIGHT","PARKED MOTOR VEHICLE","NOT DIVIDED",,"STRAIGHT AND LEVEL","DRY","NO DEFECTS","ON SCENE","NO INJURY / DRIVE AWAY",,,,"OVER $1,500","2026-02-27T16:06:00.000","OPERATING VEHICLE IN ERRATIC, RECKLESS, CARELESS, NEGLIGENT OR AGGRESSIVE MANNER","NOT APPLICABLE","7239","S","ELLIS AVE","324",,,,,,,"2","NO INDICATION OF INJURY","0","0","0","0","0","1","0","14","6","2","41.7629410407","-87.6004769562","POINT (-87.600476956197 41.762941040681)"