"crash_record_id","crash_date_est_i","crash_date","posted_speed_limit","traffic_control_device","device_condition","weather_condition","lighting_condition","first_crash_type","trafficway_type","lane_cnt","alignment","roadway_surface_cond","road_defect","report_type","crash_type","intersection_related_i","private_property_i","hit_and_run_i","damage","date_police_notified","prim_contributory_cause","sec_contributory_cause","street_no","street_direction","street_name","beat_of_occurrence","photos_taken_i","statements_taken_i","dooring_i","work_zone_i","work_zone_type","workers_present_i","num_units","most_severe_injury","injuries_total","injuries_fatal","injuries_incapacitating","injuries_non_incapacitating","injuries_reported_not_evident","injuries_no_indication","injuries_unknown","crash_hour","crash_day_of_week","crash_month","latitude","longitude","location"
"c99d35d76b860b7809fc1fe694405ef94bd05af096f59133eedddcd809387e4069ab342f014537a7951e47ba37dfce9ac24997f17b94c5f4103a1d81270c31b7","Y","2026-02-27T14:51:00.000","25","TRAFFIC SIGNAL","FUNCTIONING PROPERLY","CLEAR","DAYLIGHT","REAR END","NOT DIVIDED",,"STRAIGHT AND LEVEL","DRY","NO DEFECTS","NOT ON SCENE (DESK REPORT)","NO INJURY / DRIVE AWAY","Y",,,"OVER $1,500","2026-02-27T17:30:00.000","UNABLE TO DETERMINE","UNABLE TO DETERMINE","1900","S","PULASKI RD","1012",,,,,,,"2","NO INDICATION OF INJURY","0","0","0","0","0","2","0","14","6","2","41.8549831324","-87.7249964832","POINT (-87.724996483158 41.854983132358)"
"e30636436f634c503459a2d6d0917787bfc324ddd09535f6937a558e5f7d0b04a8059134c6bcb9ae6ccaee0de95aae0caabf3efd563af6594fdae576a0e6db2e",,"2026-02-27T14:49:00.000","30","STOP SIGN/FLASHER","FUNCTIONING PROPERLY","CLEAR","DAYLIGHT","ANGLE","NOT DIVIDED",,"STRAIGHT AND LEVEL","DRY","NO DEFECTS","ON SCENE","INJURY AND / OR TOW DUE TO CRASH","Y",,,"OVER $1,500","2026-02-27T15:33:00.000","DRIVING SKILLS/KNOWLEDGE/EXPERIENCE","NOT APPLICABLE","2398","W","70TH ST","832",,,,,,,"3","INCAPACITATING INJURY","1","0","1","0","0","2","0","14","6","2","41.7666272906","-87.6832307352","POINT (-87.683230735214 41.766627290644)"
"0e7a6bd377d97f4f078909b3c4827cf9fd8694f467a9c4925b947e1ab5c4ff97ab61b0066b32b86752f60668c8d01a3c7b5865a0618ec349365c50c75d6e34ea",,"2026-02-27T14:47:00.000","30","TRAFFIC SIGNAL","FUNCTIONING PROPERLY","CLEAR","DAYLIGHT","TURNING","NOT DIVIDED",,"STRAIGHT AND LEVEL","DRY","NO DEFECTS","NOT ON SCENE (DESK REPORT)","NO INJURY / DRIVE AWAY","Y",,,"OVER $1,500","2026-02-27T16:25:00.000","IMPROPER TURNING/NO SIGNAL","NOT APPLICABLE","7900","S","SOUTH SHORE DR","422",,,,,,,"2","NO INDICATION OF INJURY","0","0","0","0","0","3","0","14","6","2","41.7518556025","-87.5482503373","POINT (-87.548250337339 41.751855602467)"
"166487fb9c36f319127a47776efe2d55d045c636e256f42d785b7db8b20d055412bd5dd9ca01386a179c7bf511c17ea96ff2d72bc0ecb139a97a67a71a2c9244",,"2026-02-27T14:45:00.000","30","STOP SIGN/FLASHER","NO CONTROLS","CLEAR","DAYLIGHT","TURNING","NOT DIVIDED",,"STRAIGHT AND LEVEL","DRY","NO DEFECTS","NOT ON SCENE (DESK REPORT)","NO INJURY / DRIVE AWAY",,,,"OVER $1,500","2026-02-27T16:00:00.000","IMPROPER OVERTAKING/PASSING","IMPROPER OVERTAKING/PASSING","13000","S","DANIEL DR","533",,,,,,,"2","NO INDICATION OF INJURY","0","0","0","0","0","3","0","14","6","2","41.6591044603","-87.6151791935","POINT (-87.615179193507 41.659104460317)"
"4009afff120727b4dcaa197217839b6fa81d80f812e704c262b00057655279d4b10779727dbc134532327ca947ea565d8cddbe4642bae79ee858c683431c4693",,"2026-02-27T14:45:00.000","20","NO CONTROLS","NO CONTROLS","CLEAR","DAYLIGHT","PARKED MOTOR VEHICLE","NOT DIVIDED",,"STRAIGHT AND LEVEL","DRY","NO DEFECTS","NOT ON SCENE (DESK REPORT)","NO INJURY / DRIVE AWAY",,,,"OVER $1,500","2026-02-27T15:10:00.000","FOLLOWING TOO CLOSELY","OPERATING VEHICLE IN ERRATIC, RECKLESS, CARELESS, NEGLIGENT OR AGGRESSIVE MANNER","521","W","28TH ST","914",,,,,,,"2","NO INDICATION OF INJURY","0","0","0","0","0","2","0","14","6","2","41.8434687427","-87.6408026","POINT (-87.640802600034 41.843468742651)"
"d88d8aee3586eafaac3995d2edbf7daa9f28056e9085e0011c5472e81f983316dc65baa060f9d8f93afc9efe8356f4979de849bb0d6fd5b9cb3eb33bff797b84",,"2026-02-27T14:45:00.000","30","NO CONTROLS","NO CONTROLS","RAIN","DAYLIGHT","ANGLE","DIVIDED - W/MEDIAN (NOT RAISED)",,"STRAIGHT AND LEVEL","DRY","NO DEFECTS","NOT ON SCENE (DESK REPORT)","NO INJURY / DRIVE AWAY",,,,"OVER $1,500","2026-03-01T09:50:00.000","FAILING TO YIELD RIGHT-OF-WAY","UNABLE TO DETERMINE","3344","W","ADDISON ST","1733",,,,,,,"2","NO INDICATION OF INJURY","0","0","0","0","0","4","0","14","6","2","41.9466864474","-87.7121066772","POINT (-87.712106677215 41.946686447392)"
"4af81f8661c758c9e9022a9ae1b2f2acbe24df72db374ba197a37144d512bd18000ea104faee8cb17f6085229139fa37073a7703913a49ce9a006b795c3d29df",,"2026-02-27T14:41:00.000","30","TRAFFIC SIGNAL","FUNCTIONING PROPERLY","CLEAR","DAYLIGHT","PEDESTRIAN","FOUR WAY",,"STRAIGHT AND LEVEL","DRY","NO DEFECTS","ON SCENE","INJURY AND / OR TOW DUE TO CRASH","Y",,"Y","$500 OR LESS","2026-02-27T14:48:00.000","UNABLE TO DETERMINE","UNABLE TO DETERMINE","4800","N","CLARK ST","2032",,,,,,,"2","NONINCAPACITATING INJURY","1","0","0","1","0","1","0","14","6","2","41.969038442","-87.667662387","POINT (-87.667662387022 41.969038442049)"
"900d0dd1de2adca1cef5c8dc6ae8e8b30f94a638cef45461cbe8fcf8cc8ec9d1d2190144e4924e6056696e5b32af4bd156ee8527a100799c459dd0f9a27dcbad",,"2026-02-27T14:30:00.000","30","TRAFFIC SIGNAL","FUNCTIONING PROPERLY","CLEAR","DAYLIGHT","SIDESWIPE SAME DIRECTION","NOT DIVIDED",,"STRAIGHT AND LEVEL","DRY","NO DEFECTS","NOT ON SCENE (DESK REPORT)","NO INJURY / DRIVE AWAY",,,"Y","OVER $1,500","2026-03-01T10:15:00.000","UNABLE TO DETERMINE","NOT APPLICABLE","2202","N","DAMEN AVE","1432",,,,,,,"2","NO INDICATION OF INJURY","0","0","0","0","0","2","0","14","6","2","41.9214824589","-87.6779018873","POINT (-87.677901887314 41.921482458873)"
"1c611259777409ae06a522bbee7d1c8bf4662fb0cb1ab81e7df2178ecad6c98d67fc558fac7191bb2e2a6d076799ffe7dce22b7cbae1cf5c064002ea72b006a9",,"2026-02-27T14:28:00.000","30","TRAFFIC SIGNAL","FUNCTIONING PROPERLY","CLEAR","DAYLIGHT","TURNING","FOUR WAY",,"STRAIGHT AND LEVEL","DRY","NO DEFECTS","ON SCENE","INJURY AND / OR TOW DUE TO CRASH","Y",,"N","OVER $1,500","2026-02-27T14:28:00.000","UNABLE TO DETERMINE","UNABLE TO DETERMINE","1600","E","79TH ST","411",,,,,,,"2","NONINCAPACITATING INJURY","1","0","0","1","0","1","0","14","6","2","41.7516115233","-87.5855922843","POINT (-87.585592284288 41.751611523273)"
"631ae3cc792b440532a12606656d2660fbc165775a8f14f8ffcc5d2644f7e5a9895543a6266d4ab30011f5565bd5c38fab885c863513961a49fd6c5d1165fa9b",,"2026-02-27T14:26:00.000","30","NO CONTROLS","NO CONTROLS","CLEAR","DAYLIGHT","REAR END","NOT DIVIDED",,"STRAIGHT AND LEVEL","DRY","NO DEFECTS","ON SCENE","INJURY AND / OR TOW DUE TO CRASH",,,"Y","OVER $1,500","2026-02-27T14:27:00.000","UNABLE TO DETERMINE","UNABLE TO DETERMINE","652","W","59TH ST","711",,,,,,,"3","NONINCAPACITATING INJURY","1","0","0","1","0","3","0","14","6","2","41.7871829552","-87.6422170571","POINT (-87.642217057099 41.787182955178)"
"a571a1319f4ae6c9e4005531fdcb7aed705978c729ac6e6351fe309abe8c038c2f851f489d4c1bd0732c6c5350aaed384c0261669d5e3fc32102683c2c17d7e9",,"2026-02-27T14:25:00.000","35","TRAFFIC SIGNAL","UNKNOWN","CLEAR","DAYLIGHT","SIDESWIPE SAME DIRECTION","FOUR WAY",,"STRAIGHT AND LEVEL","DRY","UNKNOWN","ON SCENE","NO INJURY / DRIVE AWAY","Y",,"Y","$500 OR LESS","2026-02-27T14:25:00.000","OPERATING VEHICLE IN ERRATIC, RECKLESS, CARELESS, NEGLIGENT OR AGGRESSIVE MANNER","UNABLE TO DETERMINE","12298","S","HALSTED ST","524",,"N",,,,,"2","NO INDICATION OF INJURY","0","0","0","0","0","2","0","14","6","2","41.6706276935","-87.6418144312","POINT (-87.641814431181 41.670627693527)"
"a5bd975fc2afa91cd8f3115a1523fbf8bebd7b5300a1ffd700764500336863cbc247f495d6894c1b3ba13a43ccd9c85840aa80ecb357fe8a8192bf6d33c59a72",,"2026-02-27T14:25:00.000","30","NO CONTROLS","NO CONTROLS","CLEAR","DAYLIGHT","SIDESWIPE SAME DIRECTION","DIVIDED - W/MEDIAN (NOT RAISED)",,"STRAIGHT AND LEVEL","DRY","NO DEFECTS","ON SCENE","NO INJURY / DRIVE AWAY",,,,"$501 - $1,500","2026-02-27T14:27:00.000","UNABLE TO DETERMINE","UNABLE TO DETERMINE","10536","S","TORRENCE AVE","434",,,,,,,"2","NO INDICATION OF INJURY","0","0","0","0","0","3","0","14","6","2","41.7034828719","-87.5597599899","POINT (-87.559759989927 41.703482871901)"
"72b246d641fb3345ccfde4909483d356321eb108764d722e4f67f1fa29f01f3e9a7d3c862f3378b67f6d76aea8afbcf15618d328a1229f26426aea2befbefb2b",,"2026-02-27T14:15:00.000","30","NO CONTROLS","NO CONTROLS","CLEAR","DAYLIGHT","PARKED MOTOR VEHICLE","DIVIDED - W/MEDIAN (NOT RAISED)",,"STRAIGHT AND LEVEL","UNKNOWN","UNKNOWN","NOT ON SCENE (DESK REPORT)","NO INJURY / DRIVE AWAY",,,,"OVER $1,500","2026-02-28T13:45:00.000","DRIVING SKILLS/KNOWLEDGE/EXPERIENCE","NOT APPLICABLE","2621","W","CHICAGO AVE","1221",,,,,,,"2","NO INDICATION OF INJURY","0","0","0","0","0","1","0","14","6","2","41.8955748274","-87.6926586629","POINT (-87.692658662851 41.895574827412)"
"e1178311e6e7c4933d17d18f7cc86650dbd624c7dee7c8a5daec2b0c35eae5fa9ad2329d14236c740ba889370363d7d2af13ae07fa0e77e5952f4137b15cc1d3",,"2026-02-27T14:15:00.000","30","NO CONTROLS","NO CONTROLS","CLEAR","DAYLIGHT","SIDESWIPE SAME DIRECTION","DIVIDED - W/MEDIAN (NOT RAISED)",,"STRAIGHT AND LEVEL","DRY","NO DEFECTS","NOT ON SCENE (DESK REPORT)","INJURY AND / OR TOW DUE TO CRASH",,,,"OVER $1,500","2026-02-27T17:45:00.000","IMPROPER LANE USAGE","UNABLE TO DETERMINE","6857","S","SOUTH SHORE DR","334",,,,,,,"2","REPORTED, NOT EVIDENT","1","0","0","0","1","1","0","14","6","2","41.7700565563","-87.5664054202","POINT (-87.566405420164 41.770056556348)"
"71e86ff62b319595b491b40e9e166accdda6a1744ba1b782f72acaed85e4211dd0a3b41ea634de9c4d8a2ff926e81921e619388aacbd073dc1dabb37426ee1e8",,"2026-02-27T14:11:00.000","30","NO CONTROLS","NO CONTROLS","CLEAR","DAYLIGHT","REAR END","NOT DIVIDED",,"STRAIGHT AND LEVEL","DRY","NO DEFECTS","NOT ON SCENE (DESK REPORT)","NO INJURY / DRIVE AWAY",,,"Y","OVER $1,500","2026-02-27T14:30:00.000","UNABLE TO DETERMINE","NOT APPLICABLE","637","W","ROOSEVELT RD","124",,,,,,,"2","NO INDICATION OF INJURY","0","0","0","0","0","2","0","14","6","2","41.8670905377","-87.6435847788","POINT (-87.64358477884 41.867090537721)"
"73ede49fd547ad35ff851226d32c81166e68c841da0e0529d92d77ad9ef385e703ea0df627d7bccfe5888a527ba7fa5554c60aa620b666874571653a19078bfe",,"2026-02-27T14:07:00.000","25","STOP SIGN/FLASHER","FUNCTIONING PROPERLY","CLEAR","DAYLIGHT","ANGLE","DIVIDED - W/MEDIAN (NOT RAISED)",,"STRAIGHT AND LEVEL","DRY","NO DEFECTS","NOT ON SCENE (DESK REPORT)","INJURY AND / OR TOW DUE TO CRASH","Y",,"Y","OVER $1,500","2026-02-27T16:00:00.000","FAILING TO YIELD RIGHT-OF-WAY","NOT APPLICABLE","6000","S","KEDZIE AVE","823",,,,,,,"2","REPORTED, NOT EVIDENT","2","0","0","0","2","1","0","14","6","2","41.7843332489","-87.7034372971","POINT (-87.70343729709 41.784333248946)"
"0dc4f75bca9418c84791bb9aa852a4adcf8284921ccf2e1a136a3c58b81e4a628f0d288c210dbe00668bb408cbdcdd4e0caea95285c3e4741190b430d353193b",,"2026-02-27T14:00:00.000","30","NO CONTROLS","NO CONTROLS","UNKNOWN","UNKNOWN","PEDALCYCLIST","OTHER",,"STRAIGHT AND LEVEL","UNKNOWN","UNKNOWN","NOT ON SCENE (DESK REPORT)","NO INJURY / DRIVE AWAY",,,,"OVER $1,500","2026-02-27T15:20:00.000","UNABLE TO DETERMINE","UNABLE TO DETERMINE","2233","W","HOWARD ST","2411",,,,,,,"2","NO INDICATION OF INJURY","0","0","0","0","0","2","0","14","6","2","42.0193947424","-87.6860204976","POINT (-87.68602049759 42.019394742381)"
"2eff6efc7f431d4bd8b0fc277a26968d314f5a155411184a0b762fcadf719177decc29ab28f4d5b386575199eec47c53f8b376f2902acb8b5c23fa3ee964efc6",,"2026-02-27T14:00:00.000","30","NO CONTROLS","NO CONTROLS","CLEAR","DAYLIGHT","REAR TO SIDE","DIVIDED - W/MEDIAN (NOT RAISED)",,"STRAIGHT AND LEVEL","UNKNOWN","UNKNOWN","NOT ON SCENE (DESK REPORT)","NO INJURY / DRIVE AWAY",,,,"$500 OR LESS","2026-02-27T17:40:00.000","UNABLE TO DETERMINE","NOT APPLICABLE","3309","E","106TH ST","432",,,,,,,"2","NO INDICATION OF INJURY","0","0","0","0","0","2","0","14","6","2","41.7026506429","-87.5433738887","POINT (-87.543373888668 41.702650642914)"
"4dd8fc30d83be7270be040e29f84d4ce7269cf847da24a989ca0a61dcf4a89fbfdaf3d65d6224974b89268140521bd4ebe46bf28361d62774ae829572daa8d5b",,"2026-02-27T14:00:00.000","30","TRAFFIC SIGNAL","FUNCTIONING PROPERLY","CLEAR","DAYLIGHT","PEDESTRIAN","T-INTERSECTION",,"STRAIGHT AND LEVEL","DRY","NO DEFECTS","ON SCENE","INJURY AND / OR TOW DUE TO CRASH","Y",,,"$500 OR LESS","2026-02-27T15:00:00.000","FAILING TO YIELD RIGHT-OF-WAY","DRIVING SKILLS/KNOWLEDGE/EXPERIENCE","2901","S","STATE ST","133",,,,,,,"2","NONINCAPACITATING INJURY","1","0","0","1","0","1","0","14","6","2","41.8418345795","-87.6265142991","POINT (-87.626514299092 41.841834579493)"
"6c76bf323d5e0ebeae62e250767e650dc35372eaec0a858eebac6a568eb0c75adc2fe55585e1dc23af17c118128f37c7b1847ea62bdd64747df362597f4196f7",,"2026-02-27T13:58:00.000","30","TRAFFIC SIGNAL","FUNCTIONING PROPERLY","CLEAR","DAYLIGHT","REAR END","FOUR WAY",,"STRAIGHT AND LEVEL","DRY","NO DEFECTS","NOT ON SCENE (DESK REPORT)","NO INJURY / DRIVE AWAY","Y",,,"$501 - $1,500","2026-02-27T15:07:00.000","FOLLOWING TOO CLOSELY","NOT APPLICABLE","3000","N","CICERO AVE","2521",,,,,,,"2","NO INDICATION OF INJURY","0","0","0","0","0","2","0","13","6","2","41.9352232525","-87.7468895938","POINT (-87.746889593821 41.935223252451)"
"a81200645391d5c77cde75ced4b4c3c52c59f6a65257dc79534f92d36f1b74389414687f16429b6543eed42805fe46aca7822b41d83e777cfe0ccb084fe692a2",,"2026-02-27T13:49:00.000","30","NO CONTROLS","NO CONTROLS","CLEAR","DAYLIGHT","ANGLE","NOT DIVIDED",,"STRAIGHT AND LEVEL","DRY","NO DEFECTS","ON SCENE","NO INJURY / DRIVE AWAY",,,"Y","OVER $1,500","2026-02-27T13:53:00.000","UNABLE TO DETERMINE","NOT APPLICABLE","3146","W","MADISON ST","1222",,,,,,,"2","NO INDICATION OF INJURY","0","0","0","0","0","3","0","13","6","2","41.8810954108","-87.705060426","POINT (-87.705060426023 41.88109541078)"
"5511a6f0261c063a277a5fedeefb3edce602eedbcf7595139677606eaf3ef48b9a66e901dedb3a2627b611f8529fb171ce2c36de640ec1656ba4f179cf7d9e71",,"2026-02-27T13:45:00.000","30","NO CONTROLS","NO CONTROLS","CLEAR","DAYLIGHT","PARKED MOTOR VEHICLE","PARKING LOT",,"STRAIGHT AND LEVEL","DRY","NO DEFECTS","NOT ON SCENE (DESK REPORT)","NO INJURY / DRIVE AWAY",,,,"OVER $1,500","2026-02-27T14:29:00.000","DRIVING SKILLS/KNOWLEDGE/EXPERIENCE","UNABLE TO DETERMINE","4626","W","DIVERSEY AVE","2521",,,,,,,"2","NO INDICATION OF INJURY","0","0","0","0","0","1","0","13","6","2","41.9316889194","-87.7430169468","POINT (-87.743016946831 41.931688919351)"
"a8f09c41fab776c3ba0f2b756b2c24ddbdf5f990fd47c1d10aeb4fe2b6922f46a940810788d99ee4b8bcd6db0b8ceb961f76a4961923c1c0e30f27dce442b2e6",,"2026-02-27T13:33:00.000","30","NO CONTROLS","NO CONTROLS","CLEAR","DAYLIGHT","SIDESWIPE SAME DIRECTION","NOT DIVIDED",,"STRAIGHT AND LEVEL","DRY","NO DEFECTS","ON SCENE","NO INJURY / DRIVE AWAY",,,,"OVER $1,500","2026-02-27T15:32:00.000","NOT APPLICABLE","NOT APPLICABLE","5258","W","HARRISON ST","1522",,,,,,,"2","NO INDICATION OF INJURY","0","0","0","0","0","2","0","13","6","2","41.873028985","-87.7571785552","POINT (-87.757178555202 41.873028984962)"
"ed5f6e5c00a41e30d0cafb9c5933abf2bd3c0c9331480ac66fffca3b97c3eb82b0a8c429b89f09ec4056051d779f64b3c50c71a47c54e481be287fe843299a0a",,"2026-02-27T13:22:00.000","30","TRAFFIC SIGNAL","UNKNOWN","CLEAR","DAYLIGHT","TURNING","NOT DIVIDED",,"STRAIGHT AND LEVEL","DRY","NO DEFECTS","ON SCENE","INJURY AND / OR TOW DUE TO CRASH",,,,"OVER $1,500","2026-02-27T13:44:00.000","FAILING TO YIELD RIGHT-OF-WAY","NOT APPLICABLE","1141","S","CALIFORNIA AVE","1135",,,,,,,"2","NO INDICATION OF INJURY","0","0","0","0","0","2","0","13","6","2","41.8670730055","-87.6957711478","POINT (-87.69577114777 41.867073005466)"
"3d08735c3217e8308e1b5367579b57d672a6bf571fb18c87708f16d73ad0accd8db2fe5ec306a3c8a0a4e72d58184af00864aac0001b464d0f3d540ce4b794b9",,"2026-02-27T13:20:00.000","10","NO CONTROLS","NO CONTROLS","CLEAR","DAYLIGHT","REAR END","NOT DIVIDED",,"STRAIGHT AND LEVEL","DRY","NO DEFECTS","NOT ON SCENE (DESK REPORT)","NO INJURY / DRIVE AWAY",,,,"$501 - $1,500","2026-02-27T14:00:00.000","FAILING TO REDUCE SPEED TO AVOID CRASH","FOLLOWING TOO CLOSELY","3150","W","36TH ST","911",,,,,,,"2","NO INDICATION OF INJURY","0","0","0","0","0","2","0","13","6","2","41.8281959711","-87.7041276785","POINT (-87.704127678529 41.828195971051)"
"ea0a1db38de76f032fb10feec96b0dfb94f0923790a5eb9b030859532f5f821ce59a89b4a5038f5dbec458ec7579a6b50bf5016e216fb16e91c195705d81d089",,"2026-02-27T13:14:00.000","25","TRAFFIC SIGNAL","FUNCTIONING PROPERLY","CLEAR","DAYLIGHT","SIDESWIPE SAME DIRECTION","NOT DIVIDED",,"STRAIGHT AND LEVEL","DRY","NO DEFECTS","ON SCENE","NO INJURY / DRIVE AWAY","Y",,,"OVER $1,500","2026-02-27T13:20:00.000","IMPROPER LANE USAGE","FAILING TO YIELD RIGHT-OF-WAY","101","N","LARAMIE AVE","1532",,,,,,,"2","NO INDICATION OF INJURY","0","0","0","0","0","2","0","13","6","2","41.8823986908","-87.7549940195","POINT (-87.754994019507 41.882398690785)"
"369a5e19dc03f4bed2c5a039a275c0c83be3a28639ffb09237054cb3e88eff8f07f6c802c97574b036d96b0ae6beefc2457b52841f47bf357772bcd6c2ea276a","Y","2026-02-27T13:12:00.000","30","TRAFFIC SIGNAL","FUNCTIONING PROPERLY","CLEAR","DAYLIGHT","REAR END","FOUR WAY",,"STRAIGHT AND LEVEL","DRY","NO DEFECTS","ON SCENE","NO INJURY / DRIVE AWAY","Y",,,"$500 OR LESS","2026-02-27T13:14:00.000","DRIVING SKILLS/KNOWLEDGE/EXPERIENCE","NOT APPLICABLE","3998","W","111TH ST","2211",,,,,,,"2","NO INDICATION OF INJURY","0","0","0","0","0","2","0","13","6","2","41.6913845558","-87.7202317188","POINT (-87.720231718762 41.691384555796)"
"5719195d48a709dfc32991964bbcb060cda738409d5a8317f27bee96c8c0f2c63978108126d01354281bbd010511e7e3d54d4d576650b99ad5251389e25097f1",,"2026-02-27T13:00:00.000","30","TRAFFIC SIGNAL","FUNCTIONING PROPERLY","CLEAR","DAYLIGHT","REAR END","NOT DIVIDED",,"STRAIGHT AND LEVEL","DRY","NO DEFECTS","NOT ON SCENE (DESK REPORT)","NO INJURY / DRIVE AWAY",,,"Y","OVER $1,500","2026-02-27T22:10:00.000","UNABLE TO DETERMINE","NOT APPLICABLE","7001","S","CICERO AVE","833",,,,,,,"2","NO INDICATION OF INJURY","0","0","0","0","0","3","0","13","6","2","41.7658729174","-87.7417875016","POINT (-87.741787501557 41.765872917377)"
"5b3e25ca6db8c1ab851b3fdc5c0d3750b03188dd49a1d77ab1d146975cc1c51fd7734ac7c9f58db6ab34c6e575d96654cbf1a0a04433267a258354c67d85b92c",,"2026-02-27T13:00:00.000","30","NO CONTROLS","NO CONTROLS","CLEAR","DAYLIGHT","PEDALCYCLIST","NOT DIVIDED",,"STRAIGHT AND LEVEL","DRY","NO DEFECTS",,"INJURY AND / OR TOW DUE TO CRASH","Y",,,"OVER $1,500","2026-02-27T13:13:00.000","FAILING TO YIELD RIGHT-OF-WAY","DISREGARDING STOP SIGN","3500","S","NORMAL AVE","915",,,,,,,"2","NONINCAPACITATING INJURY","1","0","0","1","0","2","0","13","6","2","41.8307542468","-87.6389484043","POINT (-87.638948404339 41.830754246753)"
"71460fe53ae1b23048277c456794f04f698723f0e8c0bf50ff0bb579f470c6bf71b2ecd9a23c8a582e4c18a65462e0bc3a9bc6cfcd3c8f63ffd0dc96bc610a0d",,"2026-02-27T13:00:00.000","30","STOP SIGN/FLASHER","NO CONTROLS","CLEAR","DAYLIGHT","REAR END","T-INTERSECTION",,"STRAIGHT AND LEVEL","UNKNOWN","UNKNOWN","NOT ON SCENE (DESK REPORT)","NO INJURY / DRIVE AWAY","Y",,,"OVER $1,500","2026-02-28T11:15:00.000","UNABLE TO DETERMINE","NOT APPLICABLE","1598","N","MASSASOIT AVE","2531",,,,,,,"2","NO INDICATION OF INJURY","0","0","0","0","0","2","0","13","6","2","41.9092341075","-87.7696917484","POINT (-87.769691748432 41.90923410745)"
"8efd8b660b780267c95393be60a40741a41f3db93af48837a6dab65fdc4e908609b0b49502d809daeaa425bb80e6d8a4d903e4a8f9c2549ec8f20fe19a3def90",,"2026-02-27T13:00:00.000","30","STOP SIGN/FLASHER","FUNCTIONING PROPERLY","CLEAR","DAYLIGHT","ANGLE","FOUR WAY",,"STRAIGHT AND LEVEL","DRY","NO DEFECTS","NOT ON SCENE (DESK REPORT)","NO INJURY / DRIVE AWAY","Y",,,"OVER $1,500","2026-03-06T11:30:00.000","UNABLE TO DETERMINE","UNABLE TO DETERMINE","4624","W","MADISON ST","1113",,,,,,,"2","NO INDICATION OF INJURY","0","0","0","0","0","2","0","13","6","2","41.8806533336","-87.7412777335","POINT (-87.741277733535 41.880653333583)"
"9f72cae0cbe2212fa43423e37c5cfe899fc364a8fe934d1279bfe857393bb2e774176bd7eb49cbacb298f3c0e243696b2222116f6a9f9d31d9f56b92a4c803b5",,"2026-02-27T13:00:00.000","30","NO CONTROLS","NO CONTROLS","CLEAR","DAYLIGHT","FIXED OBJECT","PARKING LOT",,"STRAIGHT AND LEVEL","DRY","UNKNOWN","ON SCENE","NO INJURY / DRIVE AWAY",,"Y",,"OVER $1,500","2026-02-27T13:07:00.000","UNABLE TO DETERMINE","UNABLE TO DETERMINE","5315","W","63RD ST","813",,,,,,,"1","NO INDICATION OF INJURY","0","0","0","0","0","1","0","13","6","2","41.7780714083","-87.7551234157","POINT (-87.755123415667 41.778071408296)"
"cbb63fa0037203051c06bf5d71256d3bee875e62fa2350e1cf932e76654eaeb1c6870b48a09315757d08f143df483c2d050c28100c286e2045a27a38ee29b5dd",,"2026-02-27T13:00:00.000","30","NO CONTROLS","NO CONTROLS","CLEAR","DAYLIGHT","PARKED MOTOR VEHICLE","UNKNOWN",,"STRAIGHT AND LEVEL","UNKNOWN","UNKNOWN","NOT ON SCENE (DESK REPORT)","NO INJURY / DRIVE AWAY",,,"Y","$500 OR LESS","2026-02-28T14:30:00.000","UNABLE TO DETERMINE","NOT APPLICABLE","10431","S","HALE AVE","2212",,,,,,,"2","NO INDICATION OF INJURY","0","0","0","0","0","1","0","13","6","2","41.7037962076","-87.6687997344","POINT (-87.668799734431 41.703796207553)"
"ffdb99f35c416542bf4fce0ab8fa1a4867c5cf3471661075474787ef55df6273f506048b3fecf27f122f1bd6aacf35d43b6ae16261f5ba6f113d10406a318bdf",,"2026-02-27T13:00:00.000","30","NO CONTROLS","NO CONTROLS","CLEAR","DAYLIGHT","PARKED MOTOR VEHICLE","ONE-WAY",,"STRAIGHT AND LEVEL","DRY","NO DEFECTS","NOT ON SCENE (DESK REPORT)","NO INJURY / DRIVE AWAY",,,,"OVER $1,500","2026-02-27T14:54:00.000","NOT APPLICABLE","NOT APPLICABLE","6113","S","ALBANY AVE","823",,,,,,,"2","NO INDICATION OF INJURY","0","0","0","0","0","2","0","13","6","2","41.7822187433","-87.7006458895","POINT (-87.700645889495 41.78221874333)"
"89ebb2abadd5294a13dabd27bf5f64691521d218069602968b642950692abd7c364b31edc2c89b820ef84216ca5cd3bf64d6670a40ffa56dbd4f017c22b26293",,"2026-02-27T12:57:00.000","30","NO CONTROLS","NO CONTROLS","CLEAR","DARKNESS, LIGHTED ROAD","PARKED MOTOR VEHICLE","ONE-WAY",,"STRAIGHT AND LEVEL","DRY","NO DEFECTS","ON SCENE","NO INJURY / DRIVE AWAY",,,"Y","OVER $1,500","2026-02-27T13:00:00.000","DRIVING SKILLS/KNOWLEDGE/EXPERIENCE","NOT APPLICABLE","1","N","LOWER WACKER DR","122",,,,,,,"2","NO INDICATION OF INJURY","0","0","0","0","0","1","0","12","6","2","41.8819524961","-87.636583638","POINT (-87.636583637982 41.881952496056)"