"crash_record_id","crash_date_est_i","crash_date","posted_speed_limit","traffic_control_device","device_condition","weather_condition","lighting_condition","first_crash_type","trafficway_type","lane_cnt","alignment","roadway_surface_cond","road_defect","report_type","crash_type","intersection_related_i","private_property_i","hit_and_run_i","damage","date_police_notified","prim_contributory_cause","sec_contributory_cause","street_no","street_direction","street_name","beat_of_occurrence","photos_taken_i","statements_taken_i","dooring_i","work_zone_i","work_zone_type","workers_present_i","num_units","most_severe_injury","injuries_total","injuries_fatal","injuries_incapacitating","injuries_non_incapacitating","injuries_reported_not_evident","injuries_no_indication","injuries_unknown","crash_hour","crash_day_of_week","crash_month","latitude","longitude","location"
"b057691a153519c8e8e03c93e6b924a9528bbcee0bb1c9539301c95b8a96858af5be10ee759e3898dfe71af07ac43737719eff8d696dd2889b74f20168eaeeab",,"2026-02-27T12:47:00.000","25","NO CONTROLS","NO CONTROLS","CLEAR","DAYLIGHT","PARKED MOTOR VEHICLE","NOT DIVIDED",,"STRAIGHT AND LEVEL","DRY","NO DEFECTS","ON SCENE","NO INJURY / DRIVE AWAY",,,,"$501 - $1,500","2026-02-27T12:48:00.000","DRIVING SKILLS/KNOWLEDGE/EXPERIENCE","NOT APPLICABLE","1531","W","HOOD AVE","2433",,,,,,,"2","NO INDICATION OF INJURY","0","0","0","0","0","1","0","12","6","2","41.9934120867","-87.6689446899","POINT (-87.668944689874 41.993412086689)"
"f53cd14f437430ef956784e2a9e0299198f683b7f45a41bdc68c1fb60e729709ec8de61ee0a3e31d6bf898d695b64a521f75827d581b946b3a0b43c3057a62a5",,"2026-02-27T12:45:00.000","30","NO CONTROLS","NO CONTROLS","CLEAR","DAYLIGHT","PARKED MOTOR VEHICLE","ONE-WAY",,"STRAIGHT AND LEVEL","DRY","UNKNOWN","NOT ON SCENE (DESK REPORT)","NO INJURY / DRIVE AWAY",,,,"$500 OR LESS","2026-02-27T13:20:00.000","UNABLE TO DETERMINE","UNABLE TO DETERMINE","6631","N","BOSWORTH AVE","2432",,,,,,,"2","NO INDICATION OF INJURY","0","0","0","0","0","1","0","12","6","2","42.0026869364","-87.6691553254","POINT (-87.669155325395 42.002686936389)"
"b804ba4b689a21036586c5b935c2ff0dce6d6f4c0f09a20624b639c5fea0934aeda985afa740ad3b1245d6d10d280730a67b294eb0ef54c16fdfe635478aa734",,"2026-02-27T12:40:00.000","25","NO CONTROLS","NO CONTROLS","CLEAR","DAYLIGHT","PARKED MOTOR VEHICLE","NOT DIVIDED",,"STRAIGHT AND LEVEL","UNKNOWN","UNKNOWN","NOT ON SCENE (DESK REPORT)","NO INJURY / DRIVE AWAY",,,"Y","OVER $1,500","2026-02-27T13:00:00.000","UNABLE TO DETERMINE","UNABLE TO DETERMINE","817","S","PULASKI RD","1132",,,,,,,"2","NO INDICATION OF INJURY","0","0","0","0","0","2","0","12","6","2","41.870376152","-87.7251824821","POINT (-87.725182482079 41.870376152029)"
"939b90d2d8e7a5a7522cd06d2bc9243b9af29f4b22d93a6de5f88eb027e2749f3e1ba16962515bf5b347a13a4c93a5cb6fe4d857906bf4dec09f1ffc7dd55614",,"2026-02-27T12:31:00.000","30","TRAFFIC SIGNAL","FUNCTIONING PROPERLY","CLEAR","DAYLIGHT","REAR END","NOT DIVIDED",,"STRAIGHT AND LEVEL","DRY","NO DEFECTS","ON SCENE","NO INJURY / DRIVE AWAY",,,,"OVER $1,500","2026-02-27T12:32:00.000","UNABLE TO DETERMINE","NOT APPLICABLE","4001","W","DIVERSEY AVE","2524",,,,,,,"2","NO INDICATION OF INJURY","0","0","0","0","0","4","0","12","6","2","41.9316782642","-87.7270974227","POINT (-87.727097422721 41.931678264202)"
"3f03404b37703e04b2a061868b20768481bc21256e434a665233bf541cd1b51ffc9697c7844b7ae136d6be3f9b504b7c8d4d17f589ba732eef3f9f8542dd7d54",,"2026-02-27T12:30:00.000","30","TRAFFIC SIGNAL","FUNCTIONING PROPERLY","CLEAR","DAYLIGHT","REAR END","DIVIDED - W/MEDIAN BARRIER",,"STRAIGHT AND LEVEL","DRY","UNKNOWN","NOT ON SCENE (DESK REPORT)","INJURY AND / OR TOW DUE TO CRASH",,,,"$501 - $1,500","2026-03-02T09:30:00.000","NOT APPLICABLE","NOT APPLICABLE","9257","S","STONY ISLAND AVE","413",,,,,,,"2","NONINCAPACITATING INJURY","1","0","0","1","0","1","0","12","6","2","41.7261010572","-87.5848270338","POINT (-87.584827033797 41.726101057233)"
"a26c49f24600760813e5d0526c4125e11f1508b52367b10bf88046deda1c4b7cdf45ebace181810dd62889b27b85f9d15f4338760815cf219d9183952feefa8f",,"2026-02-27T12:30:00.000","30","NO CONTROLS","NO CONTROLS","CLEAR","DAYLIGHT","PARKED MOTOR VEHICLE","NOT DIVIDED",,"STRAIGHT AND LEVEL","UNKNOWN","UNKNOWN","NOT ON SCENE (DESK REPORT)","NO INJURY / DRIVE AWAY",,,,"$501 - $1,500","2026-02-27T13:45:00.000","IMPROPER TURNING/NO SIGNAL","NOT APPLICABLE","1048","N","ASHLAND AVE","1213",,,,,,,"2","NO INDICATION OF INJURY","0","0","0","0","0","1","0","12","6","2","41.9011117532","-87.6675784098","POINT (-87.667578409782 41.901111753177)"
"db7f10afae65b1f6402da39a4b81b7ad9787fb01ad4b997db8e6d75608112c2860e2fb0df1ba1952fe7df7027272493b6b8f80c1c06bb1dfb4f4e3a1e9877744",,"2026-02-27T12:30:00.000","30","UNKNOWN","UNKNOWN","UNKNOWN","UNKNOWN","REAR TO FRONT","NOT DIVIDED",,"STRAIGHT AND LEVEL","UNKNOWN","UNKNOWN","NOT ON SCENE (DESK REPORT)","NO INJURY / DRIVE AWAY",,,,"$501 - $1,500","2026-02-27T19:00:00.000","UNABLE TO DETERMINE","NOT APPLICABLE","3423","S","COTTAGE GROVE AVE","211",,,,,,,"2","NO INDICATION OF INJURY","0","0","0","0","0","2","0","12","6","2","41.8323393002","-87.6109080192","POINT (-87.610908019201 41.83233930017)"
"2ea936a205a8ac2506b57c0bc85507078bf0166afaedcf60b62351e19a5f93d15b4921859c827e31b85e64c77a7c6893a1b0a55f6bb804ddaf375e53ebe75dac",,"2026-02-27T12:25:00.000","25","TRAFFIC SIGNAL","FUNCTIONING PROPERLY","CLEAR","DAYLIGHT","TURNING","FOUR WAY",,"STRAIGHT AND LEVEL","DRY","NO DEFECTS","NOT ON SCENE (DESK REPORT)","NO INJURY / DRIVE AWAY",,,,"OVER $1,500","2026-02-27T12:30:00.000","FOLLOWING TOO CLOSELY","NOT APPLICABLE","6400","N","CLARK ST","2432",,,,,,,"2","NO INDICATION OF INJURY","0","0","0","0","0","2","0","12","6","2","41.9980876159","-87.6707468271","POINT (-87.670746827123 41.998087615915)"
"4fffda9f745dfaf64a36942ec34a617085cac550f4c64508417b5f42c5952657c8be91d8b23accf8fd96abbb17cdad984d47a6a0f7156d8eb1973717e5a60d4a",,"2026-02-27T12:25:00.000","30","TRAFFIC SIGNAL","FUNCTIONING PROPERLY","CLEAR","DAYLIGHT","REAR END","NOT DIVIDED",,"STRAIGHT AND LEVEL","DRY","NO DEFECTS","NOT ON SCENE (DESK REPORT)","INJURY AND / OR TOW DUE TO CRASH",,,"Y","OVER $1,500","2026-02-27T13:00:00.000","FOLLOWING TOO CLOSELY","FAILING TO REDUCE SPEED TO AVOID CRASH","8259","S","JEFFERY BLVD","414",,,,,,,"2","REPORTED, NOT EVIDENT","1","0","0","0","1","1","0","12","6","2","41.744588411","-87.5757125306","POINT (-87.575712530571 41.744588410981)"
"4d4384c5855aeab73c8b1a6729318339fc9624681ffa3071581d3bfbfcce5c8c802c1f2e770de0c8a8beb44bb19b9b39178b91fe53509ba2e32c4b747efd5c86",,"2026-02-27T12:19:00.000","10","NO CONTROLS","NO CONTROLS","CLEAR","DAYLIGHT","REAR TO SIDE","PARKING LOT",,"STRAIGHT AND LEVEL","DRY","NO DEFECTS","NOT ON SCENE (DESK REPORT)","NO INJURY / DRIVE AWAY",,"Y",,"OVER $1,500","2026-02-27T13:20:00.000","IMPROPER BACKING","NOT APPLICABLE","10756","S","EWING AVE","432",,,,,,,"2","NO INDICATION OF INJURY","0","0","0","0","0","2","0","12","6","2","41.6992502646","-87.535427613","POINT (-87.535427613045 41.699250264559)"
"7fd531809e9e91d0187be2e0e5af631b20303f48871ec4f3d5d46c8940bf981b59d19ee6f90fe1c148a40015e3963ba307137490c0025e9b50120e2a00add933",,"2026-02-27T12:12:00.000","30","NO CONTROLS","NO CONTROLS","CLEAR","DAYLIGHT","REAR END","NOT DIVIDED",,"STRAIGHT AND LEVEL","DRY","NO DEFECTS","NOT ON SCENE (DESK REPORT)","INJURY AND / OR TOW DUE TO CRASH",,,,"OVER $1,500","2026-02-27T13:35:00.000","UNABLE TO DETERMINE","NOT APPLICABLE","401","W","95TH ST","2223",,,,,,,"2","REPORTED, NOT EVIDENT","1","0","0","0","1","1","0","12","6","2","41.7214818109","-87.6335513825","POINT (-87.633551382487 41.721481810929)"
"d42b940311906854bc40f73324b62e1e16b0b5b24a4ad46f3797e537ea92130504583e2eb0ae8645121d19c38122db513894da9e9fbe63331d2a46728d922db6",,"2026-02-27T12:10:00.000","30","STOP SIGN/FLASHER","FUNCTIONING PROPERLY","CLEAR","DAYLIGHT","TURNING","NOT DIVIDED",,"STRAIGHT AND LEVEL","DRY","NO DEFECTS","ON SCENE","INJURY AND / OR TOW DUE TO CRASH","Y",,,"OVER $1,500","2026-02-27T12:11:00.000","OPERATING VEHICLE IN ERRATIC, RECKLESS, CARELESS, NEGLIGENT OR AGGRESSIVE MANNER","FAILING TO YIELD RIGHT-OF-WAY","4700","W","87TH ST","834",,,,,,,"2","NO INDICATION OF INJURY","0","0","0","0","0","4","0","12","6","2","41.734667421","-87.7384846997","POINT (-87.738484699694 41.734667420977)"
"036f0459d832f8bf65dbb16f5a72ec6b2626f4a2c0c075d4cf6f8f2b1df086c93c070f4adecdd40be0e92eab047b2b2e3ce506562003c780b2910a4d22df0e8e",,"2026-02-27T12:00:00.000","35","NO CONTROLS","NO CONTROLS","CLEAR","DAYLIGHT","SIDESWIPE SAME DIRECTION","DIVIDED - W/MEDIAN (NOT RAISED)",,"STRAIGHT AND LEVEL","DRY","UNKNOWN","NOT ON SCENE (DESK REPORT)","NO INJURY / DRIVE AWAY",,,"N","OVER $1,500","2026-02-27T13:30:00.000","IMPROPER OVERTAKING/PASSING","NOT APPLICABLE","2301","S","DR MARTIN LUTHER KING JR DR","132",,,,,,,"2","NO INDICATION OF INJURY","0","0","0","0","0","2","0","12","6","2","41.8511998366","-87.6188194842","POINT (-87.618819484211 41.851199836578)"
"0467ea1b3f68a28ca55123975479f72e3265abd2c83de660219318d9aeb258833f8788d048df8dc96dc1d8a57eba039640dd6f69daab0fea9febb9e174b90ed7",,"2026-02-27T12:00:00.000","30","UNKNOWN","UNKNOWN","UNKNOWN","UNKNOWN","FIXED OBJECT","UNKNOWN",,"STRAIGHT AND LEVEL","UNKNOWN","UNKNOWN","NOT ON SCENE (DESK REPORT)","NO INJURY / DRIVE AWAY",,,"Y","OVER $1,500","2026-02-28T14:10:00.000","UNABLE TO DETERMINE","NOT APPLICABLE","5600","W","LAKE ST","1512",,,,,,,"1","NO INDICATION OF INJURY","0","0","0","0","0","1","0","12","6","2","41.8878387353","-87.7651836634","POINT (-87.765183663385 41.88783873533)"
"35511e50f1ff1b166dfe2886e9ce201b67e35e3c318239adaec3bb76db42ec401410a71f8c31ef911d1ba49a4c66e1c0d37c3ff39e05e95c361e6d0dc7a019d7",,"2026-02-27T12:00:00.000","30","NO CONTROLS","NO CONTROLS","CLEAR","DAYLIGHT","PARKED MOTOR VEHICLE","DIVIDED - W/MEDIAN (NOT RAISED)",,"STRAIGHT AND LEVEL","DRY","NO DEFECTS","ON SCENE","NO INJURY / DRIVE AWAY",,,"Y","$501 - $1,500","2026-02-28T19:00:00.000","NOT APPLICABLE","NOT APPLICABLE","3420","W","63RD ST","823",,,,,,,"2","NO INDICATION OF INJURY","0","0","0","0","0","1","0","12","6","2","41.778987189","-87.7088638153","POINT (-87.708863815297 41.778987188969)"
"96fec4f730aed7702efd6fc19ef1f99990df947eb6db0499255993594236db89f6ec283d3f9f3e8a22f1774a2a6f9ceb5f9e00abb9ce581d429636a9cd3a4a36",,"2026-02-27T12:00:00.000","30","NO CONTROLS","NO CONTROLS","CLEAR","DAYLIGHT","ANGLE","ALLEY",,"STRAIGHT AND LEVEL","DRY","NO DEFECTS","NOT ON SCENE (DESK REPORT)","NO INJURY / DRIVE AWAY",,,"Y","OVER $1,500","2026-02-28T13:31:00.000","NOT APPLICABLE","NOT APPLICABLE","6600","W","63RD PL","812",,,,,,,"2","NO INDICATION OF INJURY","0","0","0","0","0","3","0","12","6","2","41.7768114182","-87.7862388286","POINT (-87.786238828565 41.776811418207)"
"9c77cd3755ba2bde0dfd9b36f190cb7f23c872295774dae5e13abb00a30223cd0ca4943208df550adde929df02c6ecfcaf558ade80396428a38e1d833096a0cc",,"2026-02-27T12:00:00.000","10","NO CONTROLS","NO CONTROLS","CLEAR","DAYLIGHT","FIXED OBJECT","UNKNOWN",,"STRAIGHT AND LEVEL","DRY","UNKNOWN","ON SCENE","NO INJURY / DRIVE AWAY",,,,"OVER $1,500","2026-02-27T12:20:00.000","UNABLE TO DETERMINE","UNABLE TO DETERMINE","1633","W","MEDILL AVE","1811","Y","Y",,,,,"1","NO INDICATION OF INJURY","0","0","0","0","0","1","0","12","6","2","41.9240263061","-87.6693576007","POINT (-87.669357600729 41.924026306083)"
"a51c0711dc4a8c019d6cb60685a6d4017f5c16aa04532cddf65826bea81a110ca6d72fec7b1dd2a75717f95670884068e132ec52714be68790b0ca4cd3eca236",,"2026-02-27T12:00:00.000","15","NO CONTROLS","NO CONTROLS","CLEAR","DAYLIGHT","PARKED MOTOR VEHICLE","PARKING LOT",,"STRAIGHT AND LEVEL","DRY","NO DEFECTS","ON SCENE","NO INJURY / DRIVE AWAY",,"Y","Y","OVER $1,500","2026-02-27T12:00:00.000","UNABLE TO DETERMINE","UNABLE TO DETERMINE","701","N","KILBOURN AVE","1111",,,,,,,"2","NO INDICATION OF INJURY","0","0","0","0","0","1","0","12","6","2","41.8936780621","-87.7383918559","POINT (-87.738391855855 41.893678062074)"
"a43c6b1f63055e8d2e92c0ce5f8930199017a7ffc60c7b5fa52b263d9b4527b86db451df18d735e1e23ddc53d0a3b135ebe604f50103d626dc3b09b9db16c9a8",,"2026-02-27T11:50:00.000","30","NO CONTROLS","NO CONTROLS","CLEAR","DAYLIGHT","PARKED MOTOR VEHICLE","NOT DIVIDED",,"STRAIGHT AND LEVEL","UNKNOWN","UNKNOWN","NOT ON SCENE (DESK REPORT)","NO INJURY / DRIVE AWAY",,,"Y","$501 - $1,500","2026-02-27T13:05:00.000","UNABLE TO DETERMINE","UNABLE TO DETERMINE","2626","W","DEVON AVE","2412",,,,,,,"2","NO INDICATION OF INJURY","0","0","0","0","0","1","0","11","6","2","41.9977359091","-87.6959288805","POINT (-87.695928880488 41.997735909101)"
"1285b9f7ad01083d51ad539a621bc8fec0e124374d33f62021b734f1f5cd3df26d1d3aac420a4b8e84976e712013d5573e492ff728ae3953dedf5ba7aa713ca3",,"2026-02-27T11:49:00.000","30","TRAFFIC SIGNAL","FUNCTIONING PROPERLY","CLEAR","DAYLIGHT","PARKED MOTOR VEHICLE","FOUR WAY",,"STRAIGHT AND LEVEL","DRY","WORN SURFACE","ON SCENE","NO INJURY / DRIVE AWAY","Y",,,"$501 - $1,500","2026-02-27T12:19:00.000","DRIVING SKILLS/KNOWLEDGE/EXPERIENCE","NOT APPLICABLE","9300","S","COTTAGE GROVE AVE","633",,,,,,,"2","NO INDICATION OF INJURY","0","0","0","0","0","1","0","11","6","2","41.7256204851","-87.6047100142","POINT (-87.604710014159 41.725620485092)"
"051aeb2fecaf6f684788c005a48db8268d3ebd851dcd9284d33b13932f99c0b167ec43277a3a6a33ffb6502290bf1781bc770fe1375984524b0a30e4a8345319",,"2026-02-27T11:45:00.000","10","NO CONTROLS","NO CONTROLS","CLEAR","DAYLIGHT","REAR END","PARKING LOT",,"STRAIGHT AND LEVEL","DRY","NO DEFECTS","NOT ON SCENE (DESK REPORT)","NO INJURY / DRIVE AWAY",,,"Y","$500 OR LESS","2026-02-27T12:00:00.000","IMPROPER BACKING","NOT APPLICABLE","600","E","115TH ST","531",,,,,,,"2","NO INDICATION OF INJURY","0","0","0","0","0","2","0","11","6","2","41.6855811783","-87.6082071153","POINT (-87.608207115299 41.685581178306)"
"f0f52eeac83beb62e90de2d469a9e1d3e516c299aa73e2ae723fe63b4a459af3ef3bc0ea80bbfa047578af3dd3b64222ff4bf8f163896fbf9d3010d2c9b348e3",,"2026-02-27T11:45:00.000","30","NO CONTROLS","NO CONTROLS","CLEAR","DAYLIGHT","SIDESWIPE SAME DIRECTION","NOT DIVIDED",,"STRAIGHT AND LEVEL","DRY","NO DEFECTS","NOT ON SCENE (DESK REPORT)","NO INJURY / DRIVE AWAY",,,"Y","OVER $1,500","2026-02-27T12:15:00.000","IMPROPER LANE USAGE","FAILING TO YIELD RIGHT-OF-WAY","5104","S","WESTERN AVE","923",,,,,,,"2","NO INDICATION OF INJURY","0","0","0","0","0","2","0","11","6","2","41.8009403772","-87.6843638775","POINT (-87.684363877493 41.800940377216)"
"26bbf5cc0e00038de316ca7d1fbd8030c194e57e74f7adfc870ee0289894337cd7b89908c255648c2397a92f3a508914d94caae61389c3c061f0f5440d06f6ae",,"2026-02-27T11:40:00.000","30","STOP SIGN/FLASHER","FUNCTIONING PROPERLY","CLEAR","DAYLIGHT","TURNING","NOT DIVIDED",,"STRAIGHT AND LEVEL","DRY","UNKNOWN","ON SCENE","INJURY AND / OR TOW DUE TO CRASH","Y",,,"OVER $1,500","2026-02-27T11:41:00.000","FAILING TO YIELD RIGHT-OF-WAY","FAILING TO YIELD RIGHT-OF-WAY","5107","N","NAGLE AVE","1622",,,,,,,"2","NO INDICATION OF INJURY","0","0","0","0","0","3","0","11","6","2","41.9740991126","-87.7877581711","POINT (-87.78775817111 41.974099112634)"
"edf7814129ed85b39ec9b7d0c3d60d0cfe4ad22359e2745a3aacbdb2cf2e217e48861cc0f0e96ad9ce3b7048bd933170ac5d5bb4c11b3a269cbca31a1a29d162",,"2026-02-27T11:36:00.000","35","NO CONTROLS","NO CONTROLS","CLEAR","DAYLIGHT","PARKED MOTOR VEHICLE","NOT DIVIDED",,"STRAIGHT AND LEVEL","DRY","NO DEFECTS","ON SCENE","NO INJURY / DRIVE AWAY",,,"Y","OVER $1,500","2026-02-27T12:35:00.000","UNABLE TO DETERMINE","UNABLE TO DETERMINE","4325","W","ADDISON ST","1731",,,,,,,"2","NO INDICATION OF INJURY","0","0","0","0","0","1","0","11","6","2","41.9461526657","-87.7362378599","POINT (-87.736237859937 41.946152665687)"
"40319103cfd7df7f36f009e6f2f377bc9cd0dc349127877c21987e9d5d67d5ba8acbed86b48840aece6eef66742dfa8018f8f01be6372222e923aa39d017622b",,"2026-02-27T11:30:00.000","30","TRAFFIC SIGNAL","NO CONTROLS","CLEAR","DAYLIGHT","SIDESWIPE SAME DIRECTION","RAMP",,"STRAIGHT ON GRADE","DRY","NO DEFECTS",,"NO INJURY / DRIVE AWAY",,,,"$501 - $1,500","2026-02-27T12:30:00.000","IMPROPER OVERTAKING/PASSING","FAILING TO YIELD RIGHT-OF-WAY","150","N","LAKE SHORE DR SB","114",,,,,,,"2","NO INDICATION OF INJURY","0","0","0","0","0","2","0","11","6","2","41.8843487635","-87.6145497781","POINT (-87.614549778133 41.884348763505)"
"d2c876ed46357c41f8d2219d15e156dc7e59afab72176cc1829d5e79c36e89058bee580ded93667b7d5289ce6e87999fc0e0a6e27637e01378c88e41b018be71",,"2026-02-27T11:30:00.000","30","NO CONTROLS","NO CONTROLS","UNKNOWN","DAYLIGHT","PARKED MOTOR VEHICLE","NOT DIVIDED",,"STRAIGHT AND LEVEL","UNKNOWN","UNKNOWN","NOT ON SCENE (DESK REPORT)","NO INJURY / DRIVE AWAY",,,,"OVER $1,500","2026-02-27T13:00:00.000","NOT APPLICABLE","NOT APPLICABLE","6945","S","STATE ST","322",,,,,,,"2","NO INDICATION OF INJURY","0","0","0","0","0","2","0","11","6","2","41.7678312792","-87.6247659397","POINT (-87.624765939696 41.767831279221)"
"ebe050c9fee2f9f0e52f4ef8da234b95adecfc1ae1dd061fe0038abd100212113ec67ff8ad987b5a46cf382a8fd0ae30471aa8b1c921e3a40e4d7c25016e3058",,"2026-02-27T11:30:00.000","30","UNKNOWN","UNKNOWN","CLEAR","UNKNOWN","PARKED MOTOR VEHICLE","ONE-WAY",,"STRAIGHT AND LEVEL","DRY","UNKNOWN","ON SCENE","NO INJURY / DRIVE AWAY",,,"Y","OVER $1,500","2026-02-27T11:35:00.000","NOT APPLICABLE","NOT APPLICABLE","6511","S","EVANS AVE","321",,,,,,,"2","NO INDICATION OF INJURY","0","0","0","0","0","1","0","11","6","2","41.7763868233","-87.6069528262","POINT (-87.606952826182 41.776386823287)"
"59d37c9cdafc58457a4f7aa91d8b2c042f56b68dd3c33e83f0a5546167422b6f8023a6ef5ec527fd72e9e305bd6e336397f6cfdea11cffbfc3432075d52e3615",,"2026-02-27T11:20:00.000","30","NO CONTROLS","NO CONTROLS","CLEAR","DAYLIGHT","SIDESWIPE SAME DIRECTION","NOT DIVIDED",,"STRAIGHT AND LEVEL","DRY","NO DEFECTS","NOT ON SCENE (DESK REPORT)","NO INJURY / DRIVE AWAY",,,,"OVER $1,500","2026-02-27T12:39:00.000","IMPROPER OVERTAKING/PASSING","NOT APPLICABLE","361","E","RANDOLPH ST","114",,,,,,,"2","NO INDICATION OF INJURY","0","0","0","0","0","2","0","11","6","2","41.8842416719","-87.6185885635","POINT (-87.618588563469 41.884241671926)"
"c9440053695cd8cb3ea8f6226519b068014b2151b79735b1ba94e2b721aca49b2ea825a2c264ed93d054384c5ca2db4b130ba3be7a9590fed493364e0083ed23",,"2026-02-27T11:15:00.000","30","TRAFFIC SIGNAL","FUNCTIONING PROPERLY","CLEAR","DAYLIGHT","TURNING","FOUR WAY",,"STRAIGHT AND LEVEL","DRY","NO DEFECTS","NOT ON SCENE (DESK REPORT)","NO INJURY / DRIVE AWAY","Y",,"Y","OVER $1,500","2026-02-27T12:30:00.000","DISREGARDING TRAFFIC SIGNALS","DISREGARDING TRAFFIC SIGNALS","3900","S","WESTERN AVE","921",,,,,,,"2","NO INDICATION OF INJURY","0","0","0","0","0","2","0","11","6","2","41.8229542941","-87.685012986","POINT (-87.685012986006 41.822954294114)"
"0c29c99fd8a78af2800ad64c57c5c3a95967d01ebf8827ca00943657eef58748d774ec6c42e7685befef368ebaea6e66ff6107e380fd19e3320c77661d9cb3d9",,"2026-02-27T11:12:00.000","30","NO CONTROLS","NO CONTROLS","CLEAR","DAYLIGHT","REAR END","ONE-WAY",,"CURVE, LEVEL","DRY","UNKNOWN","ON SCENE","NO INJURY / DRIVE AWAY",,,"Y","OVER $1,500","2026-02-27T11:15:00.000","IMPROPER OVERTAKING/PASSING","NOT APPLICABLE","1200","N","LAKE SHORE DR SB","1824",,,,,,,"3","NO INDICATION OF INJURY","0","0","0","0","0","3","0","11","6","2","41.904076743","-87.6248039371","POINT (-87.624803937073 41.904076743028)"
"c7bc45d74b19535fb08a74a3c716de4102ffffff7defa5c50786c52ad13ee6c3b8cf9f950c5a4593d2fa40ef5977be8a7c171ff0bfc39152c1bab7ab0d176f3e",,"2026-02-27T11:10:00.000","30","NO CONTROLS","NO CONTROLS","CLEAR","DAYLIGHT","PARKED MOTOR VEHICLE","ONE-WAY",,"STRAIGHT AND LEVEL","DRY","NO DEFECTS","NOT ON SCENE (DESK REPORT)","NO INJURY / DRIVE AWAY",,,"Y","$500 OR LESS","2026-02-27T12:25:00.000","UNABLE TO DETERMINE","UNABLE TO DETERMINE","5603","S","CHRISTIANA AVE","822",,,,,,,"2","NO INDICATION OF INJURY","0","0","0","0","0","1","0","11","6","2","41.7915011433","-87.7070303061","POINT (-87.707030306145 41.791501143318)"
"527efcc6367c36e120882380f1c1d240b793b5fc34aaf772f77020a39f8a9cad738202ce2dd95caf6bcfa2820f9a894ae0b5546d97224655daa643f1d0d38628",,"2026-02-27T11:00:00.000","35","NO CONTROLS","NO CONTROLS","CLEAR","DAYLIGHT","PARKED MOTOR VEHICLE","DIVIDED - W/MEDIAN BARRIER",,"STRAIGHT AND LEVEL","DRY","NO DEFECTS","ON SCENE","NO INJURY / DRIVE AWAY",,,"Y","$500 OR LESS","2026-02-27T11:05:00.000","UNABLE TO DETERMINE","UNABLE TO DETERMINE","9514","S","HALSTED ST","2223",,,,,,,"2","NO INDICATION OF INJURY","0","0","0","0","0","2","0","11","6","2","41.7209846643","-87.6433487161","POINT (-87.643348716102 41.720984664329)"
"623e25c7470fce986eb979b31aae5e856fd49f65934266fe9af621244a89df5a4ff76b9e47cbc908206c8f52bc61affa5ae284827f7d3b1ff4b1c02d3f6b582d","Y","2026-02-27T11:00:00.000","30","NO CONTROLS","NO CONTROLS","CLEAR","UNKNOWN","PARKED MOTOR VEHICLE","ONE-WAY",,"STRAIGHT AND LEVEL","DRY","NO DEFECTS","NOT ON SCENE (DESK REPORT)","INJURY AND / OR TOW DUE TO CRASH",,,"Y","OVER $1,500","2026-02-27T13:15:00.000","UNABLE TO DETERMINE","UNABLE TO DETERMINE","4500","W","VAN BUREN ST","1131",,,,,,,"2","NO INDICATION OF INJURY","0","0","0","0","0","1","0","11","6","2","41.8752232721","-87.7378215465","POINT (-87.737821546481 41.875223272115)"
"732f0642894628d57ad08cee5445128587105d55716d3b9f09ae9abf3f4b5620000dc111bc858fecbaea69625772283be3ed877e1b28c9a678d32ea42f628eb6",,"2026-02-27T11:00:00.000","30","STOP SIGN/FLASHER","FUNCTIONING PROPERLY","CLEAR","DAYLIGHT","TURNING","T-INTERSECTION",,"STRAIGHT AND LEVEL","DRY","NO DEFECTS","ON SCENE","INJURY AND / OR TOW DUE TO CRASH",,,,"$501 - $1,500","2026-02-27T11:02:00.000","FAILING TO YIELD RIGHT-OF-WAY","FAILING TO REDUCE SPEED TO AVOID CRASH","2898","W","CHICAGO AVE","1211",,,,,,,"2","REPORTED, NOT EVIDENT","1","0","0","0","1","6","0","11","6","2","41.895746584","-87.6991028036","POINT (-87.699102803569 41.895746584)"
"b14a20f39698fe89a5a605df81bb67967148b6d3abecb4252ecb7c3ef1538acabc37b656eb80d9ec371b94e5eca0830115eb3104acee7d0f5689acb99869339a",,"2026-02-27T10:55:00.000","35","TRAFFIC SIGNAL","FUNCTIONING PROPERLY","SLEET/HAIL","DAYLIGHT","TURNING","NOT DIVIDED",,"STRAIGHT AND LEVEL","DRY","NO DEFECTS","ON SCENE","NO INJURY / DRIVE AWAY","Y",,,"OVER $1,500","2026-02-27T10:58:00.000","FAILING TO YIELD RIGHT-OF-WAY","NOT APPLICABLE","6001","S","HARLEM AVE","812",,,,,,,"2","NO INDICATION OF INJURY","0","0","0","0","0","2","0","10","6","2","41.7827298793","-87.8009857564","POINT (-87.800985756446 41.782729879297)"
"f1770f113932e3a8616a14a949a5aefc3c46ddbf19b1937675b45914a801c726e13e6d92f4912f6ac92067ba8f4ae8ad6c5e51e7537aef3c9dac00e726a80555",,"2026-02-27T10:55:00.000","30","TRAFFIC SIGNAL","FUNCTIONING PROPERLY","CLEAR","DAYLIGHT","TURNING","OTHER",,"STRAIGHT AND LEVEL","DRY","NO DEFECTS","ON SCENE","NO INJURY / DRIVE AWAY","N",,,"OVER $1,500","2026-02-27T12:01:00.000","IMPROPER TURNING/NO SIGNAL","NOT APPLICABLE","498","S","COLUMBUS DR","114",,,,,,,"2","NO INDICATION OF INJURY","0","0","0","0","0","2","0","10","6","2","41.8758326363","-87.6207383365","POINT (-87.620738336509 41.875832636304)"