"crash_record_id","crash_date_est_i","crash_date","posted_speed_limit","traffic_control_device","device_condition","weather_condition","lighting_condition","first_crash_type","trafficway_type","lane_cnt","alignment","roadway_surface_cond","road_defect","report_type","crash_type","intersection_related_i","private_property_i","hit_and_run_i","damage","date_police_notified","prim_contributory_cause","sec_contributory_cause","street_no","street_direction","street_name","beat_of_occurrence","photos_taken_i","statements_taken_i","dooring_i","work_zone_i","work_zone_type","workers_present_i","num_units","most_severe_injury","injuries_total","injuries_fatal","injuries_incapacitating","injuries_non_incapacitating","injuries_reported_not_evident","injuries_no_indication","injuries_unknown","crash_hour","crash_day_of_week","crash_month","latitude","longitude","location"
"fc4a157738d20fd3e53cc3b12a47df16c920dcf04177ad2dbb3c0aacf6fc6070b229eaacbe7d4d37b72993a8bc0d83455f10af3465cf5fa46cdead37cd4263fe",,"2026-02-27T10:55:00.000","30","STOP SIGN/FLASHER","UNKNOWN","CLEAR","DAYLIGHT","ANGLE","FOUR WAY",,"STRAIGHT AND LEVEL","UNKNOWN","UNKNOWN","NOT ON SCENE (DESK REPORT)","NO INJURY / DRIVE AWAY","Y",,,"OVER $1,500","2026-02-27T11:30:00.000","UNABLE TO DETERMINE","FAILING TO YIELD RIGHT-OF-WAY","2000","W","BARRY AVE","1931",,,,,,,"2","NO INDICATION OF INJURY","0","0","0","0","0","2","0","10","6","2","41.9378592907","-87.6784212259","POINT (-87.678421225912 41.937859290748)"
"970ed1fe864a334abbaf783ad936ee52ac9e15cee177c339000d161454c26415518cfceab8f753b021d7f4f3086845d9c038ae4ff900b18aab7972b193f964f2",,"2026-02-27T10:50:00.000","30","STOP SIGN/FLASHER","NO CONTROLS","CLEAR","DAYLIGHT","ANGLE","FOUR WAY",,"STRAIGHT AND LEVEL","DRY","UNKNOWN","NOT ON SCENE (DESK REPORT)","NO INJURY / DRIVE AWAY","Y",,"Y","OVER $1,500","2026-02-27T11:46:00.000","UNABLE TO DETERMINE","DRIVING SKILLS/KNOWLEDGE/EXPERIENCE","300","E","55TH PL","231",,,,,,,"2","NO INDICATION OF INJURY","0","0","0","0","0","3","0","10","6","2","41.793971869","-87.6190427153","POINT (-87.619042715295 41.793971869007)"
"7cc710b8ccda695443e03131104b18db3ebe7cd476d3f6db5b26b393ba6848fabb3270c055a139359474eedabd4df51603116b8feb43b0baaa9f11b30be3acf6",,"2026-02-27T10:47:00.000","30","NO CONTROLS","NO CONTROLS","CLEAR","DAYLIGHT","ANGLE","NOT DIVIDED",,"STRAIGHT AND LEVEL","DRY","NO DEFECTS","ON SCENE","INJURY AND / OR TOW DUE TO CRASH",,,,"OVER $1,500","2026-02-27T10:48:00.000","FAILING TO YIELD RIGHT-OF-WAY","FOLLOWING TOO CLOSELY","2201","N","NARRAGANSETT AVE","2512",,,,,,,"2","NO INDICATION OF INJURY","0","0","0","0","0","2","0","10","6","2","41.9201332782","-87.7851876065","POINT (-87.78518760648 41.920133278227)"
"1b4f586845148f9ab3ecdc3461d828cd9cb7014a4aa009628bd1258ce52e67f629bdfbb0db4fce962391996ef469bfa58f1f2ddaf0e935a11510cef4f097af15",,"2026-02-27T10:45:00.000","30","TRAFFIC SIGNAL","FUNCTIONING PROPERLY","CLEAR","DAYLIGHT","ANGLE","NOT DIVIDED",,"STRAIGHT AND LEVEL","DRY","UNKNOWN","NOT ON SCENE (DESK REPORT)","NO INJURY / DRIVE AWAY","Y",,"N","$501 - $1,500","2026-02-28T11:55:00.000","UNABLE TO DETERMINE","NOT APPLICABLE","9900","S","HALSTED ST","2232",,,,,,,"2","NO INDICATION OF INJURY","0","0","0","0","0","2","0","10","6","2","41.7141188681","-87.6431454082","POINT (-87.643145408182 41.71411886809)"
"9595499ff7bd9840c86dd6911af87cb3b2926d6b39b31ea0a01a9785b8285670ff558c58144ba11a18e3c796509af031fbe0e3120e0206810debff0ef2fe415d",,"2026-02-27T10:45:00.000","30","NO CONTROLS","NO CONTROLS","CLEAR","DAYLIGHT","PARKED MOTOR VEHICLE","NOT DIVIDED",,"STRAIGHT AND LEVEL","DRY","NO DEFECTS","NOT ON SCENE (DESK REPORT)","NO INJURY / DRIVE AWAY",,,"Y","OVER $1,500","2026-02-27T11:05:00.000","FAILING TO REDUCE SPEED TO AVOID CRASH","IMPROPER BACKING","2038","N","HALSTED ST","1812",,,,,,,"2","NO INDICATION OF INJURY","0","0","0","0","0","2","0","10","6","2","41.9193373341","-87.6486985633","POINT (-87.648698563345 41.919337334072)"
"c24296bdc9be53ba2eeecc98fff1ae943f1dca59f33bd67ac4812ef3394a77f02d0343410682db3807cb9261e0d980ccaba5968086b1e1cf812d88b7eb9e90a3",,"2026-02-27T10:40:00.000","30","TRAFFIC SIGNAL","FUNCTIONING PROPERLY","CLEAR","DAYLIGHT","REAR END","NOT DIVIDED",,"STRAIGHT AND LEVEL","DRY","NO DEFECTS","NOT ON SCENE (DESK REPORT)","NO INJURY / DRIVE AWAY",,,,"OVER $1,500","2026-02-27T11:00:00.000","FOLLOWING TOO CLOSELY","NOT APPLICABLE","679","N","ORLEANS ST","1831",,,,,,,"2","NO INDICATION OF INJURY","0","0","0","0","0","2","0","10","6","2","41.8947156804","-87.6369778104","POINT (-87.636977810388 41.894715680407)"
"66ba445338ee471fc1157979368be0cb231a6cafcf0b5cbfeebf2fa044a8fed700efd2ad1cc940dea272297103b5e7e84c61554bb7d5b9ab9b119eb4dcf35fdf",,"2026-02-27T10:39:00.000","30","STOP SIGN/FLASHER","FUNCTIONING PROPERLY","CLEAR","DAYLIGHT","TURNING","FOUR WAY",,"STRAIGHT AND LEVEL","DRY","NO DEFECTS","ON SCENE","NO INJURY / DRIVE AWAY","Y",,"Y","$501 - $1,500","2026-02-27T10:39:00.000","FAILING TO YIELD RIGHT-OF-WAY","FAILING TO REDUCE SPEED TO AVOID CRASH","6054","S","NARRAGANSETT AVE","812",,,,,,,"2","NO INDICATION OF INJURY","0","0","0","0","0","2","0","10","6","2","41.781544414","-87.7815533158","POINT (-87.781553315826 41.781544414041)"
"9d96bf0e3258495ecac9f68c23e174f7d359d58bc9b520b6fe81f3a8e41ef232ea929dbad0f82247fc218fd7ce59007ee9709796c2bf91ad979222db94142fda",,"2026-02-27T10:30:00.000","30","NO CONTROLS","NO CONTROLS","CLEAR","DAYLIGHT","HEAD ON","DIVIDED - W/MEDIAN (NOT RAISED)",,"STRAIGHT AND LEVEL","DRY","NO DEFECTS","ON SCENE","NO INJURY / DRIVE AWAY",,,"Y","OVER $1,500","2026-02-27T11:55:00.000","PHYSICAL CONDITION OF DRIVER","UNABLE TO DETERMINE","4700","S","LAKE SHORE DR NB","222",,,,,,,"2","NO INDICATION OF INJURY","0","0","0","0","0","2","0","10","6","2","41.8105924989","-87.5893711119","POINT (-87.589371111902 41.810592498867)"
"c1a1801eaeccd590d8edc3c09242818a2b9f9fa79bd3ea1948147b2f288874d06172ae1d73892ea4ecd0c044e32785fc3d31ce4075d4c9e14f8fdb32175ec267",,"2026-02-27T10:30:00.000","0","NO CONTROLS","NO CONTROLS","CLEAR","DAYLIGHT","PARKED MOTOR VEHICLE","PARKING LOT",,"STRAIGHT AND LEVEL","DRY","UNKNOWN","NOT ON SCENE (DESK REPORT)","NO INJURY / DRIVE AWAY",,,,"OVER $1,500","2026-02-27T18:00:00.000","UNABLE TO DETERMINE","UNABLE TO DETERMINE","1431","N","LEAMINGTON AVE","2533",,,,,,,"2","NO INDICATION OF INJURY","0","0","0","0","0","1","0","10","6","2","41.9068252792","-87.7545131947","POINT (-87.75451319473 41.906825279152)"
"7892dad41464ece092d115607a944a0dabf9f07940da57f6b506bd8dbdecd305fc07ddda7eba3af9b09b3eb4d9599a88f545f964790d3e496fc589da729aa5b2",,"2026-02-27T10:23:00.000","30","TRAFFIC SIGNAL","FUNCTIONING PROPERLY","CLEAR","DAYLIGHT","ANGLE","FOUR WAY",,"STRAIGHT AND LEVEL","DRY","NO DEFECTS","ON SCENE","INJURY AND / OR TOW DUE TO CRASH",,,,"OVER $1,500","2026-02-27T10:24:00.000","FAILING TO YIELD RIGHT-OF-WAY","NOT APPLICABLE","5601","N","NAGLE AVE","1622",,,,,,,"2","NO INDICATION OF INJURY","0","0","0","0","0","4","0","10","6","2","41.9830010371","-87.7875857702","POINT (-87.787585770213 41.983001037101)"
"987f49b6dfa073e23ec98ae0e206cbcd3325be6ca82e6cdb912ccf19358c9db45c7c2fdcc7f032629fcc8a9abe24b18b0c82bcf9c9567480aa84b727248a83a5",,"2026-02-27T10:22:00.000","30","NO CONTROLS","NO CONTROLS","CLEAR","DAYLIGHT","PARKED MOTOR VEHICLE","DIVIDED - W/MEDIAN BARRIER",,"STRAIGHT AND LEVEL","DRY","NO DEFECTS","ON SCENE","NO INJURY / DRIVE AWAY",,,"Y","OVER $1,500","2026-02-27T10:24:00.000","FAILING TO REDUCE SPEED TO AVOID CRASH","FAILING TO REDUCE SPEED TO AVOID CRASH","7501","S","ASHLAND AVE","612","Y","Y",,,,,"2","NO INDICATION OF INJURY","0","0","0","0","0","1","0","10","6","2","41.7577341497","-87.663461363","POINT (-87.663461363027 41.757734149692)"
"b1769c6df6ddb92659d7ba6f893c10ea739644e24d1ca421f189ba97f2e6fb01c4951fb8e73623b335e9df35247b4b966c0e75151ac8cfe29f432b0f75e52177",,"2026-02-27T10:18:00.000","25","NO CONTROLS","NO CONTROLS","CLEAR","DAYLIGHT","PARKED MOTOR VEHICLE","NOT DIVIDED",,"STRAIGHT AND LEVEL","DRY","NO DEFECTS","NOT ON SCENE (DESK REPORT)","NO INJURY / DRIVE AWAY",,,"Y","$500 OR LESS","2026-02-27T15:10:00.000","UNABLE TO DETERMINE","UNABLE TO DETERMINE","2734","S","STEWART AVE","914",,,,,,,"2","NO INDICATION OF INJURY","0","0","0","0","0","1","0","10","6","2","41.8428953568","-87.6366409821","POINT (-87.636640982112 41.842895356782)"
"9d4b75c1ff0f1fd3bb0ce0f51c99868cb6867d7f7672d9f732fe52961f5eacd7d15545ad6bc7dc705215cf7ccbad2b1fa6a2f7b4543446f43c7bda85e6d146a1",,"2026-02-27T10:15:00.000","30","NO CONTROLS","NO CONTROLS","CLEAR","DAYLIGHT","PARKED MOTOR VEHICLE","DIVIDED - W/MEDIAN (NOT RAISED)",,"STRAIGHT AND LEVEL","DRY","NO DEFECTS","ON SCENE","NO INJURY / DRIVE AWAY",,,,"OVER $1,500","2026-02-27T10:30:00.000","IMPROPER OVERTAKING/PASSING","UNABLE TO DETERMINE","3551","N","ROCKWELL ST","1921",,,,,,,"2","NO INDICATION OF INJURY","0","0","0","0","0","1","0","10","6","2","41.9463046562","-87.6939812946","POINT (-87.693981294649 41.94630465621)"
"c3e1910f64b2e7bd6989b2f69b82e7b96d722820c0f7167a0abca7076508e95bdb0543b83da747faccbe099258508b60f86652f5f1359a3e4a05ac7114be740c",,"2026-02-27T10:15:00.000","30","UNKNOWN","UNKNOWN","UNKNOWN","UNKNOWN","TURNING","DIVIDED - W/MEDIAN BARRIER",,"STRAIGHT AND LEVEL","UNKNOWN","UNKNOWN","NOT ON SCENE (DESK REPORT)","NO INJURY / DRIVE AWAY",,,"Y","$501 - $1,500","2026-03-04T19:30:00.000","UNABLE TO DETERMINE","NOT APPLICABLE","119","E","IDA B WELLS DR","114",,,,,,,"2","NO INDICATION OF INJURY","0","0","0","0","0","3","0","10","6","2","41.8756239925","-87.623587669","POINT (-87.623587668966 41.875623992544)"
"dab422850f8fdbeccaced72489bcc446498685bfc437cc7d4d78d8d166728ed13c87e962ba1b56446c14c84787c8b56d2f9ddb5125d6bcfd8479f8ff51f5796a",,"2026-02-27T10:15:00.000","30","TRAFFIC SIGNAL","FUNCTIONING PROPERLY","CLEAR","DAYLIGHT","REAR TO FRONT","NOT DIVIDED",,"STRAIGHT AND LEVEL","DRY","NO DEFECTS","ON SCENE","NO INJURY / DRIVE AWAY",,,,"$501 - $1,500","2026-02-27T10:29:00.000","FOLLOWING TOO CLOSELY","CELL PHONE USE OTHER THAN TEXTING","655","N","AUSTIN BLVD","1511",,,,,,,"2","NO INDICATION OF INJURY","0","0","0","0","0","3","0","10","6","2","41.8926404699","-87.7749138369","POINT (-87.774913836942 41.892640469928)"
"e79e8df59cb3ce21dd2677b5c055a1a6ae7f945b907f1b9533ed7ad0090beea9345eb1e09e183f83ecb1f83f79e383a773f672f84c1cdd087cbe7a7a0b761f98","Y","2026-02-27T10:15:00.000","10","NO CONTROLS","NO CONTROLS","CLEAR","DAYLIGHT","PARKED MOTOR VEHICLE","PARKING LOT",,"STRAIGHT AND LEVEL","DRY","NO DEFECTS","NOT ON SCENE (DESK REPORT)","NO INJURY / DRIVE AWAY",,,"Y","OVER $1,500","2026-02-27T10:55:00.000","UNABLE TO DETERMINE","NOT APPLICABLE","4729","N","CENTRAL AVE","1623",,,,,,,"2","NO INDICATION OF INJURY","0","0","0","0","0","1","0","10","6","2","41.966797112","-87.7672994806","POINT (-87.767299480627 41.966797112001)"
"030f188aee16961537c775d5468a949382b5055a4631bafaf2d2122a0ab5b53622860b2e1af5a55e3e27da0bce25bce9ea9671aadd23087d93021559266ca655",,"2026-02-27T10:00:00.000","30","NO CONTROLS","NO CONTROLS","CLEAR","DAYLIGHT","PEDALCYCLIST","NOT DIVIDED",,"STRAIGHT AND LEVEL","DRY","NO DEFECTS","NOT ON SCENE (DESK REPORT)","NO INJURY / DRIVE AWAY",,,,"$500 OR LESS","2026-02-27T14:50:00.000","FAILING TO YIELD RIGHT-OF-WAY","NOT APPLICABLE","210","N","SANGAMON ST","1214",,,,,,,"2","NO INDICATION OF INJURY","0","0","0","0","0","2","0","10","6","2","41.8859836639","-87.6511310253","POINT (-87.651131025262 41.885983663944)"
"af1a1cc3e7c84f9f6e4044e188d3b7f20f48611c44605573e04d7ff5afb2ded57679c1bf874fa99b8c50556a339a581311f90b7b622e7a6a117702404b98863d",,"2026-02-27T10:00:00.000","30","NO CONTROLS","NO CONTROLS","UNKNOWN","DAYLIGHT","PARKED MOTOR VEHICLE","ONE-WAY",,"STRAIGHT AND LEVEL","UNKNOWN","UNKNOWN","NOT ON SCENE (DESK REPORT)","NO INJURY / DRIVE AWAY",,,,"OVER $1,500","2026-03-03T15:00:00.000","IMPROPER LANE USAGE","FAILING TO REDUCE SPEED TO AVOID CRASH","230","E","ONTARIO ST","1834",,,,,,,"2","NO INDICATION OF INJURY","0","0","0","0","0","1","0","10","6","2","41.8934836773","-87.6218827684","POINT (-87.621882768405 41.893483677312)"
"f31a6877735077fdf40116cfc0043b421d64f097e96ffff5c3f18b85d888c76bb6a38d6e7b2366012034bc7d6530ad362aaf9f740b73cc192d66b82cadfb1b52",,"2026-02-27T10:00:00.000","30","NO CONTROLS","NO CONTROLS","CLEAR","DAYLIGHT","PARKED MOTOR VEHICLE","NOT DIVIDED",,"STRAIGHT AND LEVEL","DRY","NO DEFECTS","ON SCENE","NO INJURY / DRIVE AWAY",,,,"OVER $1,500","2026-02-27T10:05:00.000","DRIVING SKILLS/KNOWLEDGE/EXPERIENCE","NOT APPLICABLE","5298","S","DREXEL AVE","233","Y",,,,,,"2","NO INDICATION OF INJURY","0","0","0","0","0","1","0","10","6","2","41.7986808785","-87.6040507932","POINT (-87.604050793193 41.798680878469)"
"80478ef07147dd476e8b6c3523f9eb20d7360cefa853bad8c1f4f4a6bed626b2808237128c96a323c73bfc388dda5b69959eddc3c4ceacca9e2af0380d07266c",,"2026-02-27T09:50:00.000","30","TRAFFIC SIGNAL","FUNCTIONING PROPERLY","CLEAR","DAYLIGHT","TURNING","FIVE POINT, OR MORE",,"STRAIGHT ON GRADE","DRY","NO DEFECTS","ON SCENE","INJURY AND / OR TOW DUE TO CRASH","Y",,,"OVER $1,500","2026-02-27T09:51:00.000","FAILING TO YIELD RIGHT-OF-WAY","UNABLE TO DETERMINE","7900","S","STONY ISLAND AVE","411",,,,,,,"2","REPORTED, NOT EVIDENT","1","0","0","0","1","1","0","9","6","2","41.7514606032","-87.585971993","POINT (-87.585971992965 41.751460603167)"
"3a3d9b3f5168aba251857b854b6d9db89358407da1b7a0d6a5722175ff59499d48e5bc5d6d51e74e2d1be8b6f272df69d5db148814db9330f2352331005ea9df",,"2026-02-27T09:43:00.000","30","TRAFFIC SIGNAL","FUNCTIONING PROPERLY","CLEAR","DAYLIGHT","SIDESWIPE SAME DIRECTION","DIVIDED - W/MEDIAN (NOT RAISED)",,"STRAIGHT AND LEVEL","DRY","NO DEFECTS","NOT ON SCENE (DESK REPORT)","NO INJURY / DRIVE AWAY","Y",,,"OVER $1,500","2026-02-27T11:45:00.000","UNABLE TO DETERMINE","UNABLE TO DETERMINE","3600","N","KEDZIE AVE","1733",,,,,,,"2","NO INDICATION OF INJURY","0","0","0","0","0","2","0","9","6","2","41.9467192597","-87.7079719507","POINT (-87.707971950739 41.946719259657)"
"43517bab9822ee8a57af5f0f00a10f81f869bea3e0f9005133ab4f8f2421788c33b328f1203b75e40d0cc607b6a5b1ac0e3ae3fafe6245a8c3a8cf06571878db",,"2026-02-27T09:40:00.000","30","TRAFFIC SIGNAL","FUNCTIONING PROPERLY","CLEAR","DAYLIGHT","TURNING","FIVE POINT, OR MORE",,"STRAIGHT AND LEVEL","DRY","NO DEFECTS","ON SCENE","NO INJURY / DRIVE AWAY","Y",,,"OVER $1,500","2026-02-27T09:42:00.000","IMPROPER TURNING/NO SIGNAL","DISREGARDING ROAD MARKINGS","7099","S","COTTAGE GROVE AVE","321",,,,,,,"2","NO INDICATION OF INJURY","0","0","0","0","0","5","0","9","6","2","41.7659600197","-87.6054468593","POINT (-87.605446859266 41.765960019716)"
"d096b4f6e46b70596bdb9c500b78fc22456768ed5ba482de14e0ea1334088ba5f2408a00b72d380265018438370ef45c42dfdea35bf3342d8e12ca85e755862e",,"2026-02-27T09:30:00.000","25","NO CONTROLS","NO CONTROLS","CLEAR","DAYLIGHT","PARKED MOTOR VEHICLE","ONE-WAY",,"STRAIGHT AND LEVEL","DRY","NO DEFECTS","NOT ON SCENE (DESK REPORT)","NO INJURY / DRIVE AWAY",,,,"OVER $1,500","2026-02-28T11:30:00.000","UNABLE TO DETERMINE","NOT APPLICABLE","4820","W","WALTON ST","1531",,,,,,,"2","NO INDICATION OF INJURY","0","0","0","0","0","2","0","9","6","2","41.8978463969","-87.7467464472","POINT (-87.746746447226 41.897846396856)"
"c4e680f6a06dcd84c179cf7a799fdb06f2eebb336c6e2a44c43a7fa69e21476f7538d85a76306ba4769df4781bd2ffb356a24743d4fb15ea7afd00b16f036991",,"2026-02-27T09:28:00.000","30","TRAFFIC SIGNAL","FUNCTIONING PROPERLY","CLOUDY/OVERCAST","DAYLIGHT","PEDESTRIAN","FOUR WAY",,"STRAIGHT AND LEVEL","UNKNOWN","NO DEFECTS","ON SCENE","INJURY AND / OR TOW DUE TO CRASH","Y",,,"$500 OR LESS","2026-02-27T09:33:00.000","FAILING TO YIELD RIGHT-OF-WAY","DISTRACTION - FROM INSIDE VEHICLE","200","W","WACKER DR","122",,,,,,,"2","NONINCAPACITATING INJURY","1","0","0","1","0","1","0","9","6","2","41.8870408811","-87.6340425111","POINT (-87.634042511085 41.887040881068)"
"328abfc45fb05b7f55bd6a6e9bfc9cef7d3e405bf3d73809884a10d68c20bf9ed017e5d22ff128280f178b73cca66ad4fde40a0f67e954ed29f2de5cf894ab71",,"2026-02-27T09:25:00.000","30","NO CONTROLS","NO CONTROLS","CLEAR","DAYLIGHT","SIDESWIPE SAME DIRECTION","NOT DIVIDED",,"STRAIGHT AND LEVEL","DRY","NO DEFECTS","ON SCENE","NO INJURY / DRIVE AWAY",,,,"$501 - $1,500","2026-02-27T09:30:00.000","FAILING TO YIELD RIGHT-OF-WAY","UNABLE TO DETERMINE","1003","W","ROOSEVELT RD","1232",,,,,,,"2","NO INDICATION OF INJURY","0","0","0","0","0","2","0","9","6","2","41.8669755571","-87.6511685043","POINT (-87.651168504322 41.86697555713)"
"3406e5d38c818d93dd1a3e51cd5476752e80f16aa8ce515702396a428c3841f92d62e6da5c9e3aed89819e3de2ce56ad5a6aa73d7a6c58ae03a0d55960da440a",,"2026-02-27T09:25:00.000","30","STOP SIGN/FLASHER","NO CONTROLS","CLEAR","DAYLIGHT","ANGLE","NOT DIVIDED",,"STRAIGHT AND LEVEL","DRY","NO DEFECTS","NOT ON SCENE (DESK REPORT)","NO INJURY / DRIVE AWAY","Y",,,"OVER $1,500","2026-02-27T09:26:00.000","FAILING TO YIELD RIGHT-OF-WAY","NOT APPLICABLE","4400","W","WALTON ST","1111",,"Y",,,,,"2","NO INDICATION OF INJURY","0","0","0","0","0","2","0","9","6","2","41.8980451317","-87.7361460068","POINT (-87.736146006791 41.898045131712)"
"975791665131149369e1669215809cddf04ea47eefa5ccd172fccef1addce1101477fe22c093f3d4e312052539aa3a2c0602ec5bfd09e7fa499c460660ab40cb",,"2026-02-27T09:20:00.000","35","OTHER","NO CONTROLS","CLEAR","UNKNOWN","PARKED MOTOR VEHICLE","UNKNOWN",,"STRAIGHT AND LEVEL","UNKNOWN","UNKNOWN","NOT ON SCENE (DESK REPORT)","NO INJURY / DRIVE AWAY",,,"Y","OVER $1,500","2026-02-27T11:55:00.000","NOT APPLICABLE","NOT APPLICABLE","2242","S","HALSTED ST","1235",,,,,,,"2","NO INDICATION OF INJURY","0","0","0","0","0","1","0","9","6","2","41.85136727","-87.6466035153","POINT (-87.646603515285 41.851367270047)"
"fa46282084bed80dba60db04b341dccda1721e4fa294507440b8a332f0a9bf29dd6cb09186c4706c7588cd01383760e9424d751ecb0188b0050fb901c90fb06f",,"2026-02-27T09:05:00.000","30","NO CONTROLS","NO CONTROLS","CLEAR","DAYLIGHT","SIDESWIPE SAME DIRECTION","ONE-WAY",,"STRAIGHT AND LEVEL","DRY","NO DEFECTS","ON SCENE","NO INJURY / DRIVE AWAY",,,,"OVER $1,500","2026-02-27T09:14:00.000","FAILING TO YIELD RIGHT-OF-WAY","NOT APPLICABLE","4758","W","SCHUBERT AVE","2521",,,,,,,"2","NO INDICATION OF INJURY","0","0","0","0","0","2","0","9","6","2","41.9296242433","-87.7463915752","POINT (-87.746391575165 41.929624243255)"
"78b7954875ffc409ed413780b75e53efaab29e0fd97b1c4d99b613ddc2c0586a69ed5cdc182149b2b8e489a8a832bf51d3ad60431e17aa663fc33330fdc544c2",,"2026-02-27T09:00:00.000","30","OTHER","NO CONTROLS","CLEAR","DAYLIGHT","REAR END","OTHER",,"STRAIGHT AND LEVEL","DRY","UNKNOWN","NOT ON SCENE (DESK REPORT)","NO INJURY / DRIVE AWAY",,,,"OVER $1,500","2026-02-27T16:00:00.000","FOLLOWING TOO CLOSELY","UNABLE TO DETERMINE","820","S","DAMEN AVE","1225",,,,,,,"2","NO INDICATION OF INJURY","0","0","0","0","0","2","0","9","6","2","41.8708894961","-87.6765126502","POINT (-87.676512650226 41.870889496052)"
"49dcfe8a8ff69848bd6d989cc8baee1a2c679a355d33954b937e9d0c792766b210edd9c2001feee9f32438139d9f8e5b04882821dda7bd41966b06062fd35f9b",,"2026-02-27T08:56:00.000","30","UNKNOWN","UNKNOWN","UNKNOWN","UNKNOWN","PARKED MOTOR VEHICLE","ONE-WAY",,"STRAIGHT AND LEVEL","DRY","UNKNOWN","ON SCENE","NO INJURY / DRIVE AWAY",,,,"OVER $1,500","2026-02-27T08:58:00.000","NOT APPLICABLE","NOT APPLICABLE","6647","S","BLACKSTONE AVE","321",,,,,,,"2","NO INDICATION OF INJURY","0","0","0","0","0","1","0","8","6","2","41.7737395698","-87.5886558007","POINT (-87.58865580068 41.773739569848)"
"b47f51e9f2df80d48b007110cd80e2d5144ccb6c6bea14a386924ff95aa0390928dc10048811a440282433d9c5492b48306f0498d16a39e4167d644516efb9f6",,"2026-02-27T08:54:00.000","35","TRAFFIC SIGNAL","FUNCTIONING PROPERLY","CLEAR","DAYLIGHT","REAR END","DIVIDED - W/MEDIAN BARRIER",,"STRAIGHT AND LEVEL","DRY","NO DEFECTS","ON SCENE","INJURY AND / OR TOW DUE TO CRASH",,,,"OVER $1,500","2026-02-27T09:06:00.000","DISTRACTION - FROM INSIDE VEHICLE","FAILING TO REDUCE SPEED TO AVOID CRASH","9321","S","WESTERN AVE","2221",,,,,,,"3","REPORTED, NOT EVIDENT","1","0","0","0","1","5","0","8","6","2","41.7238801262","-87.6820107001","POINT (-87.682010700063 41.723880126207)"
"aa0699c586b0df759ebc951b326b20a3a84cb0997c880f1da7e900a02fb742ab41e5f792b23fd3847244ef8057e1eeb5b26ae53c1be5847a45af70722b3612a9",,"2026-02-27T08:53:00.000","30","TRAFFIC SIGNAL","FUNCTIONING PROPERLY","CLEAR","DAYLIGHT","PEDESTRIAN","FOUR WAY",,"STRAIGHT ON GRADE","DRY","NO DEFECTS","ON SCENE","INJURY AND / OR TOW DUE TO CRASH","Y",,,"OVER $1,500","2026-02-27T08:55:00.000","NOT APPLICABLE","NOT APPLICABLE","1600","W","49TH ST","931",,,,,,,"2","NONINCAPACITATING INJURY","1","0","0","1","0","1","0","8","6","2","41.8050725694","-87.6649311169","POINT (-87.664931116852 41.805072569439)"
"46a129e10fbc1326e3d0d5c652d6264843f12850495b4bd203c840dfcaa2c34f4662070ebb7358dfe42cf3f710cab9bddb1ebdb2451d7997fbc86a80cdb17138",,"2026-02-27T08:52:00.000","20","STOP SIGN/FLASHER","FUNCTIONING PROPERLY","CLEAR","DAYLIGHT","SIDESWIPE SAME DIRECTION","NOT DIVIDED",,"STRAIGHT AND LEVEL","DRY","NO DEFECTS","ON SCENE","NO INJURY / DRIVE AWAY",,,,"OVER $1,500","2026-02-27T08:55:00.000","IMPROPER LANE USAGE","NOT APPLICABLE","6311","S","CALUMET AVE","312",,,,,,,"2","NO INDICATION OF INJURY","0","0","0","0","0","3","0","8","6","2","41.7797970049","-87.6171749424","POINT (-87.617174942397 41.779797004907)"
"02d7724f414d4cf9767d3927292780bdcb5ba5dad48f01fdc502144c8cb6169f17590dd633dc99d5b23a9acda9c83c381ca83a8d55a9421d4f59f8b393cd6a00",,"2026-02-27T08:45:00.000","40","STOP SIGN/FLASHER","FUNCTIONING PROPERLY","CLEAR","DAYLIGHT","ANGLE","FOUR WAY",,"STRAIGHT AND LEVEL","DRY","NO DEFECTS",,"INJURY AND / OR TOW DUE TO CRASH","Y",,,"OVER $1,500","2026-02-27T08:55:00.000","FAILING TO YIELD RIGHT-OF-WAY","FAILING TO YIELD RIGHT-OF-WAY","5100","S","MICHIGAN AVE","225",,,,,,,"2","NONINCAPACITATING INJURY","1","0","0","1","0","5","0","8","6","2","41.8018966519","-87.6227933299","POINT (-87.622793329906 41.801896651856)"
"0e78197669913f909fbd29545418026e43fe204cad1f72dd98d0c0ed5f84621ddea638310e9008d2b6f27f2c04c1f226fc9f90f17a4ab0697c46ccfc9b696105",,"2026-02-27T08:36:00.000","40","NO CONTROLS","UNKNOWN","CLEAR","DAYLIGHT","REAR END","NOT DIVIDED",,"CURVE, LEVEL","UNKNOWN","UNKNOWN","ON SCENE","INJURY AND / OR TOW DUE TO CRASH",,,"Y","OVER $1,500","2026-02-27T08:36:00.000","NOT APPLICABLE","NOT APPLICABLE","4900","S","LAKE SHORE DR NB","222",,,,,,,"3","NONINCAPACITATING INJURY","1","0","0","1","0","2","0","8","6","2","41.8059150738","-87.5848390166","POINT (-87.584839016583 41.805915073785)"
"5d41870fe0b4ca47c0c6933b6c8a44224bc1e14df39cde56fb6fb8f774833e27926c93c92a4a438ac0bb9cf9c90e94e68ea96959a0d187e125ce95eb48d2b1fd",,"2026-02-27T08:35:00.000","30","TRAFFIC SIGNAL","FUNCTIONING PROPERLY","CLEAR","DAYLIGHT","SIDESWIPE SAME DIRECTION","NOT DIVIDED",,"STRAIGHT AND LEVEL","DRY","NO DEFECTS","NOT ON SCENE (DESK REPORT)","NO INJURY / DRIVE AWAY",,,,"OVER $1,500","2026-02-27T09:45:00.000","FAILING TO YIELD RIGHT-OF-WAY","IMPROPER LANE USAGE","2400","W","PERSHING RD","911",,,,,,,"2","NO INDICATION OF INJURY","0","0","0","0","0","2","0","8","6","2","41.8230967602","-87.6850189506","POINT (-87.685018950616 41.823096760166)"