"crash_record_id","crash_date_est_i","crash_date","posted_speed_limit","traffic_control_device","device_condition","weather_condition","lighting_condition","first_crash_type","trafficway_type","lane_cnt","alignment","roadway_surface_cond","road_defect","report_type","crash_type","intersection_related_i","private_property_i","hit_and_run_i","damage","date_police_notified","prim_contributory_cause","sec_contributory_cause","street_no","street_direction","street_name","beat_of_occurrence","photos_taken_i","statements_taken_i","dooring_i","work_zone_i","work_zone_type","workers_present_i","num_units","most_severe_injury","injuries_total","injuries_fatal","injuries_incapacitating","injuries_non_incapacitating","injuries_reported_not_evident","injuries_no_indication","injuries_unknown","crash_hour","crash_day_of_week","crash_month","latitude","longitude","location"
"7b9475238ed81bb3beb09c9b0e8176f382b40b91bb92e266d00adba5a029b3e14edd69e538c3d9873043020d554858c86697f3c8842bf23a46e134aa1ff51906",,"2026-02-27T08:33:00.000","20","STOP SIGN/FLASHER","FUNCTIONING PROPERLY","CLEAR","DAYLIGHT","TURNING","NOT DIVIDED",,"STRAIGHT AND LEVEL","DRY","NO DEFECTS","NOT ON SCENE (DESK REPORT)","NO INJURY / DRIVE AWAY",,,,"OVER $1,500","2026-02-27T09:15:00.000","FAILING TO YIELD RIGHT-OF-WAY","UNABLE TO DETERMINE","7898","S","HAMLIN AVE","833",,,,,,,"2","NO INDICATION OF INJURY","0","0","0","0","0","6","0","8","6","2","41.7495222595","-87.7171748994","POINT (-87.717174899367 41.749522259482)"
"0aa45a43df540b906dbb1a388c1bb74390cd36e8731104368703e08ea290a3ca4a5efa8360cd10f21e78fe0a82879054197c39bc7df69a57fdf2798bb0108e00",,"2026-02-27T08:30:00.000","30","NO CONTROLS","NO CONTROLS","CLEAR","DAYLIGHT","SIDESWIPE SAME DIRECTION","ONE-WAY",,"STRAIGHT AND LEVEL","DRY","NO DEFECTS","NOT ON SCENE (DESK REPORT)","NO INJURY / DRIVE AWAY",,,,"OVER $1,500","2026-02-27T08:50:00.000","FAILING TO YIELD RIGHT-OF-WAY","UNABLE TO DETERMINE","600","S","JEFFERSON ST","124",,,,,,,"2","NO INDICATION OF INJURY","0","0","0","0","0","4","0","8","6","2","41.8743278118","-87.6425691755","POINT (-87.642569175521 41.874327811839)"
"0c3203c758989e52257bc3bac3fb202a625b890b09d7eb09951ae0c04ecff0645d36c061960d6c91adcf61d373c6ab423b8a8bb045942a4512d9b5cf13503811",,"2026-02-27T08:30:00.000","25","UNKNOWN","UNKNOWN","CLEAR","DAYLIGHT","REAR END","ONE-WAY",,"STRAIGHT AND LEVEL","DRY","UNKNOWN",,"NO INJURY / DRIVE AWAY",,,,"OVER $1,500","2026-02-27T08:45:00.000","NOT APPLICABLE","NOT APPLICABLE","1408","S","HOMAN AVE","1021",,,,,,,"2","NO INDICATION OF INJURY","0","0","0","0","0","3","0","8","6","2","41.8621335436","-87.7105696589","POINT (-87.710569658878 41.862133543566)"
"8a603e0c845047c88bdb8c037f3372818b5df62151c6bf4f2ad87fa94a312f980437ab6058190df932fb801e5f6ec4c45da66cb90eb1cd54b80763a660e201d7",,"2026-02-27T08:30:00.000","30","NO CONTROLS","NO CONTROLS","CLEAR","DAYLIGHT","PARKED MOTOR VEHICLE","NOT DIVIDED",,"STRAIGHT AND LEVEL","DRY","NO DEFECTS","ON SCENE","NO INJURY / DRIVE AWAY",,,"Y","$501 - $1,500","2026-02-27T09:32:00.000","UNABLE TO DETERMINE","UNABLE TO DETERMINE","2717","N","LEAVITT ST","1931",,,,,,,"2","NO INDICATION OF INJURY","0","0","0","0","0","1","0","8","6","2","41.9309215025","-87.6802200458","POINT (-87.680220045829 41.93092150252)"
"cd583444fe2bf66f85a4af83af2c77e85c965ae5962feb24c7deabc97f49df0a7cf8a72b036ac0b4301691acf2b789dcb1ccf87ddb58e76fbaacb033bb58dba3",,"2026-02-27T08:30:00.000","35","UNKNOWN","UNKNOWN","UNKNOWN","UNKNOWN","REAR END","UNKNOWN",,"STRAIGHT AND LEVEL","UNKNOWN","UNKNOWN","NOT ON SCENE (DESK REPORT)","NO INJURY / DRIVE AWAY",,,"Y","$501 - $1,500","2026-02-27T10:20:00.000","UNABLE TO DETERMINE","NOT APPLICABLE","3259","E","95TH ST","431",,,,,,,"3","NO INDICATION OF INJURY","0","0","0","0","0","3","0","8","6","2","41.7227326946","-87.5445308299","POINT (-87.544530829903 41.722732694606)"
"67c9dd6a3e8c495cc1dbed4ef53b2ff3195a1f692c6b2c4feddadd6baaf70bbc025f4fa6d790b2256fecd646f10822a6747e4395bdeba5275ea2cf9b6e26b906",,"2026-02-27T08:28:00.000","30","NO CONTROLS","NO CONTROLS","CLEAR","DAYLIGHT","ANGLE","NOT DIVIDED",,"STRAIGHT AND LEVEL","DRY","NO DEFECTS","ON SCENE","INJURY AND / OR TOW DUE TO CRASH",,,,"OVER $1,500","2026-02-27T08:34:00.000","DRIVING SKILLS/KNOWLEDGE/EXPERIENCE","NOT APPLICABLE","3144","W","41ST PL","921",,,,,,,"4","REPORTED, NOT EVIDENT","1","0","0","0","1","1","0","8","6","2","41.818213759","-87.7036545426","POINT (-87.703654542645 41.818213758976)"
"8a164b144eab073276b3bdf567f149af7b36dced58cc35007a922fbe16d026cc6db94f66316198f0fa2304f8978559a3b008f32feb1c18017db85280689a6e24",,"2026-02-27T08:28:00.000","30","TRAFFIC SIGNAL","FUNCTIONING PROPERLY","CLEAR","DAYLIGHT","REAR END","NOT DIVIDED",,"STRAIGHT AND LEVEL","UNKNOWN","UNKNOWN","NOT ON SCENE (DESK REPORT)","INJURY AND / OR TOW DUE TO CRASH",,,"Y","$501 - $1,500","2026-02-27T09:55:00.000","UNABLE TO DETERMINE","NOT APPLICABLE","5232","W","63RD ST","813",,,,,,,"2","REPORTED, NOT EVIDENT","1","0","0","0","1","1","0","8","6","2","41.7783268563","-87.7532825883","POINT (-87.753282588337 41.778326856266)"
"d264e06365e2bf6c1c00dc34277e61f36cb345a3c15ff223d9ec0b8035ab16e105d04ef23a7b919b5bed2ac05de8e2cc81aac8b92156bbd8721c7aae205ddae9",,"2026-02-27T08:27:00.000","30","UNKNOWN","NO CONTROLS","UNKNOWN","UNKNOWN","FIXED OBJECT","OTHER",,"STRAIGHT AND LEVEL","UNKNOWN","UNKNOWN","ON SCENE","INJURY AND / OR TOW DUE TO CRASH",,"Y",,"OVER $1,500","2026-02-27T08:30:00.000","UNABLE TO DETERMINE","NOT APPLICABLE","7648","S","SOUTH CHICAGO AVE","411",,,,,,,"1",,,,,,,,,"8","6","2","41.7558384365","-87.5918218566","POINT (-87.591821856605 41.75583843648)"
"8152524c762cc7530a099b507c61c5bcba9e5904e97e14620dffc4caca318beacc0e825b0936d7c541d3a2baeacae9358481c661551276088663be988fae066d",,"2026-02-27T08:22:00.000","30","TRAFFIC SIGNAL","FUNCTIONING PROPERLY","CLEAR","DAYLIGHT","SIDESWIPE SAME DIRECTION","DIVIDED - W/MEDIAN BARRIER",,"CURVE, LEVEL","DRY","NO DEFECTS","NOT ON SCENE (DESK REPORT)","NO INJURY / DRIVE AWAY",,,"Y","$501 - $1,500","2026-02-27T08:35:00.000","IMPROPER LANE USAGE","NOT APPLICABLE","150","N","LAKE SHORE DR NB","114",,,,,,,"2","NO INDICATION OF INJURY","0","0","0","0","0","2","0","8","6","2","41.8843487635","-87.6145497781","POINT (-87.614549778133 41.884348763505)"
"84080f457b9fd99b39637113bb29e7cc970434d7479f141885aaa3b482c7f4887f7d34c966cb846c34f3c169ac11ce6ef83a5aafb77d024664a642e45d2ac49c",,"2026-02-27T08:20:00.000","30","NO CONTROLS","NO CONTROLS","CLEAR","DAYLIGHT","SIDESWIPE SAME DIRECTION","DIVIDED - W/MEDIAN (NOT RAISED)",,"STRAIGHT AND LEVEL","DRY","NO DEFECTS","NOT ON SCENE (DESK REPORT)","NO INJURY / DRIVE AWAY",,,,"OVER $1,500","2026-03-09T16:20:00.000","UNABLE TO DETERMINE","UNABLE TO DETERMINE","1621","W","76TH ST","611",,,,,,,"2","NO INDICATION OF INJURY","0","0","0","0","0","2","0","8","6","2","41.7556930871","-87.6644743336","POINT (-87.664474333632 41.755693087075)"
"04bf1cc9129a720a0894b213088808fdc3ff746c1b2d61410af8ab6833df5fd730c3a61dd85c327c12a546cbd9b3adf6007453753c5684c8788d217030ec6b34","Y","2026-02-27T08:15:00.000","30","NO CONTROLS","NO CONTROLS","CLEAR","DAYLIGHT","PARKED MOTOR VEHICLE","ONE-WAY",,"STRAIGHT AND LEVEL","DRY","NO DEFECTS","NOT ON SCENE (DESK REPORT)","NO INJURY / DRIVE AWAY",,,"Y","OVER $1,500","2026-02-27T16:00:00.000","IMPROPER TURNING/NO SIGNAL","NOT APPLICABLE","3219","W","28TH ST","1032",,,,,,,"2","NO INDICATION OF INJURY","0","0","0","0","0","1","0","8","6","2","41.840751373","-87.7058101329","POINT (-87.705810132945 41.840751373014)"
"1bdbb3c20e2513400b5564203bea94bcdfaa2b0adad05114998c2f7b76cb0738acdcbd107be18099649a1477a76ac7d09be5830b054eb9ab98fea0b9304ced84",,"2026-02-27T08:15:00.000","30","NO CONTROLS","NO CONTROLS","CLEAR","DAYLIGHT","TURNING","NOT DIVIDED",,"STRAIGHT AND LEVEL","DRY","NO DEFECTS","NOT ON SCENE (DESK REPORT)","NO INJURY / DRIVE AWAY",,,,"OVER $1,500","2026-02-27T10:10:00.000","UNABLE TO DETERMINE","UNABLE TO DETERMINE","2844","W","47TH ST","922",,,,,,,"2","NO INDICATION OF INJURY","0","0","0","0","0","2","0","8","6","2","41.808358801","-87.6960005479","POINT (-87.696000547872 41.808358800968)"
"8cc9add3060bf4d99536802a2b9ee85517d718d32589a35c40db0afe5add2c6f98351c82e3f754aaeadc05a7c8633316c368a65d569966a834b7ba079715542f",,"2026-02-27T08:15:00.000","30","NO CONTROLS","NO CONTROLS","CLEAR","DAYLIGHT","SIDESWIPE SAME DIRECTION","NOT DIVIDED",,"STRAIGHT AND LEVEL","DRY","NO DEFECTS","NOT ON SCENE (DESK REPORT)","NO INJURY / DRIVE AWAY",,,,"OVER $1,500","2026-02-27T09:10:00.000","FAILING TO YIELD RIGHT-OF-WAY","NOT APPLICABLE","100","E","LA SALLE DR","1814",,,,,,,"2","NO INDICATION OF INJURY","0","0","0","0","0","3","0","8","6","2","41.912577862","-87.6270978575","POINT (-87.627097857495 41.91257786203)"
"292f7a9ff2edbe3bdf6fa6e121954bbca1b3f65deac378314db0f99fb3afa333005cca533feb31f0ca970f5fb7cec83901c3c565444362316e236ba1b416a133",,"2026-02-27T08:07:00.000","20","TRAFFIC SIGNAL","UNKNOWN","CLEAR","DAYLIGHT","PEDESTRIAN","NOT DIVIDED",,"STRAIGHT AND LEVEL","DRY","UNKNOWN","NOT ON SCENE (DESK REPORT)","INJURY AND / OR TOW DUE TO CRASH",,,"Y","OVER $1,500","2026-03-02T17:20:00.000","UNABLE TO DETERMINE","UNABLE TO DETERMINE","1955","E","75TH ST","414",,,,,,,"2","NONINCAPACITATING INJURY","1","0","0","1","0","1","0","8","6","2","41.7587640293","-87.5763689125","POINT (-87.576368912507 41.758764029289)"
"4ce6e50ea0e7fdd109fc7d690b0b8e7f0a84b9c4b3ef1316e115f2a4d40fb12ab1cc1d1a389c94491f419442344996f7da3f73e9be2aef963955aef4ae0f30c3",,"2026-02-27T08:05:00.000","30","STOP SIGN/FLASHER","UNKNOWN","CLEAR","DAYLIGHT","SIDESWIPE OPPOSITE DIRECTION","NOT DIVIDED",,"STRAIGHT AND LEVEL","DRY","NO DEFECTS","NOT ON SCENE (DESK REPORT)","NO INJURY / DRIVE AWAY",,,"Y","OVER $1,500","2026-02-27T08:05:00.000","FAILING TO REDUCE SPEED TO AVOID CRASH","NOT APPLICABLE","1705","N","CENTRAL PARK AVE","1422",,,,,,,"2","NO INDICATION OF INJURY","0","0","0","0","0","5","0","8","6","2","41.9120126227","-87.7164642373","POINT (-87.716464237275 41.912012622714)"
"7fe4046a02b35bd651d965abcc589b7052d61d98ee8a523b45001285ced7335d01a3ed5b31591548b1ac6771426cdc68d0264fcc2e782678d42931844a3c085a",,"2026-02-27T08:05:00.000","30","NO CONTROLS","NO CONTROLS","CLEAR","DAYLIGHT","REAR END","NOT DIVIDED",,"STRAIGHT AND LEVEL","DRY","UNKNOWN",,"INJURY AND / OR TOW DUE TO CRASH",,,"N","OVER $1,500","2026-02-27T09:41:00.000","DRIVING SKILLS/KNOWLEDGE/EXPERIENCE","UNABLE TO DETERMINE","4800","S","LAKE SHORE DR NB","222",,,,,,,"2","INCAPACITATING INJURY","1","0","1","0","0","2","0","8","6","2","41.808674172","-87.5877170824","POINT (-87.587717082408 41.80867417199)"
"2e750a8defc7f68af2219a24ad9a1477f5f24dbe9b1635823ac32186812473baaeba3a8fa191c4b97a417cd437bf5349039d797662b60eca16438de624af00c2",,"2026-02-27T08:00:00.000","30","NO CONTROLS","NO CONTROLS","UNKNOWN","UNKNOWN","PARKED MOTOR VEHICLE","NOT DIVIDED",,"STRAIGHT AND LEVEL","UNKNOWN","NO DEFECTS","ON SCENE","INJURY AND / OR TOW DUE TO CRASH",,,"Y","OVER $1,500","2026-02-27T08:40:00.000","UNABLE TO DETERMINE","UNABLE TO DETERMINE","7839","W","ADDISON ST","1631",,,,,,,"2","NO INDICATION OF INJURY","0","0","0","0","0","1","0","8","6","2","41.9450165995","-87.8232321318","POINT (-87.823232131823 41.945016599514)"
"4944aefec11adaee505f1025d6405c9e20e56689015b0f1154c935b17f4bd73924accdea19c0ee2f299ab48abe0a3f902f4771f54b476dcbf8b851774069efff",,"2026-02-27T08:00:00.000","30","NO CONTROLS","NO CONTROLS","CLEAR","DAYLIGHT","ANGLE","ALLEY",,"STRAIGHT AND LEVEL","UNKNOWN","UNKNOWN","NOT ON SCENE (DESK REPORT)","NO INJURY / DRIVE AWAY",,,,"OVER $1,500","2026-02-27T08:45:00.000","UNABLE TO DETERMINE","UNABLE TO DETERMINE","5091","W","MONROE ST","1533",,,,,,,"2","NO INDICATION OF INJURY","0","0","0","0","0","2","0","8","6","2","41.8792948468","-87.7530050821","POINT (-87.753005082106 41.879294846801)"
"5e71407b9d5f0307c9c2974de3d6de1ca45d0b9d24ca64377ad0c73a315f24151f372b419c3a93fcf8ac9b4cb2e325222272951b481caafe110b0bc40f3b6dbc",,"2026-02-27T08:00:00.000","30","NO CONTROLS","NO CONTROLS","CLEAR","DAYLIGHT","REAR END","DIVIDED - W/MEDIAN (NOT RAISED)",,"STRAIGHT AND LEVEL","DRY","NO DEFECTS","NOT ON SCENE (DESK REPORT)","NO INJURY / DRIVE AWAY",,,,"$501 - $1,500","2026-02-27T09:25:00.000","UNABLE TO DETERMINE","UNABLE TO DETERMINE","350","S","LOWER WACKER DR","122",,,,,,,"2","NO INDICATION OF INJURY","0","0","0","0","0","5","0","8","6","2","41.8768324855","-87.6369333868","POINT (-87.636933386839 41.876832485542)"
"7ebd6bda2783fc444f6e407e8539b17a3a2153e6d7bfeebc854f6826887f5a0636d6db12f32d56a17cc9bacea09fb59d3c19c473c680d87e709792e276e2fe8b",,"2026-02-27T08:00:00.000","30","STOP SIGN/FLASHER","FUNCTIONING PROPERLY","CLEAR","DAYLIGHT","ANGLE","FOUR WAY",,"STRAIGHT AND LEVEL","DRY","NO DEFECTS","ON SCENE","INJURY AND / OR TOW DUE TO CRASH","Y",,,"OVER $1,500","2026-02-27T08:02:00.000","FAILING TO YIELD RIGHT-OF-WAY","DRIVING SKILLS/KNOWLEDGE/EXPERIENCE","8201","S","STONY ISLAND AVE","411",,,,,,,"2","NONINCAPACITATING INJURY","1","0","0","1","0","1","0","8","6","2","41.7459382967","-87.5852569707","POINT (-87.585256970683 41.745938296685)"
"2a3bfba27d48fd3b1d8f8a77f40a5785c1b78a35132703a829c544a5562a9a9da31a3c04cab3852c7ff1b2900193bbe4fadcbb9512717b60c425dae3db9a372a","Y","2026-02-27T07:55:00.000","30","NO CONTROLS","NO CONTROLS","CLEAR","DAYLIGHT","TURNING","DIVIDED - W/MEDIAN (NOT RAISED)",,"STRAIGHT AND LEVEL","DRY","NO DEFECTS","NOT ON SCENE (DESK REPORT)","NO INJURY / DRIVE AWAY",,,,"OVER $1,500","2026-02-27T08:10:00.000","IMPROPER TURNING/NO SIGNAL","UNABLE TO DETERMINE","2411","W","FOSTER AVE","2031",,,,,,,"2","NO INDICATION OF INJURY","0","0","0","0","0","5","0","7","6","2","41.975779795","-87.6896412632","POINT (-87.689641263221 41.975779794982)"
"437d8980409afc75b7c514e78b1452321950bce85403964b9262f66d9ff2fa74188276ccd7bae81fbbba085c562673547f06520d64eae5cf26c2181bd0770578",,"2026-02-27T07:50:00.000","20","UNKNOWN","UNKNOWN","UNKNOWN","UNKNOWN","SIDESWIPE SAME DIRECTION","OTHER",,"STRAIGHT AND LEVEL","UNKNOWN","UNKNOWN","NOT ON SCENE (DESK REPORT)","NO INJURY / DRIVE AWAY",,,,"OVER $1,500","2026-02-27T10:50:00.000","UNABLE TO DETERMINE","NOT APPLICABLE","10000","W","OHARE ST","1651",,,,,,,"2","NO INDICATION OF INJURY","0","0","0","0","0","2","0","7","6","2","41.976201139","-87.9053091251","POINT (-87.905309125103 41.976201139024)"
"762c7d55c46d4610645bf7d7b3c7dde5e56424d90d8ca9cc20b9e30917e408faf149f2fa61768e0b00e565521d19861f9667183772f5a3ec566b45be19f679fb",,"2026-02-27T07:50:00.000","30","TRAFFIC SIGNAL","FUNCTIONING PROPERLY","CLEAR","DAYLIGHT","TURNING","DIVIDED - W/MEDIAN BARRIER",,"STRAIGHT AND LEVEL","DRY","UNKNOWN","ON SCENE","INJURY AND / OR TOW DUE TO CRASH","Y",,,"OVER $1,500","2026-02-27T07:52:00.000","FAILING TO YIELD RIGHT-OF-WAY","FAILING TO REDUCE SPEED TO AVOID CRASH","2000","W","TAYLOR ST","1231",,,,,,,"3","NO INDICATION OF INJURY","0","0","0","0","0","3","0","7","6","2","41.8692243874","-87.6759877461","POINT (-87.67598774615 41.869224387357)"
"f25c9f6a604dc5a14dc0f9a72af528e6c00ed04a17c9724d96d206fe1e874031fee9fac07719922584470ab3a234807981a44218c4f5bde6676449d5bf2d6fa8",,"2026-02-27T07:50:00.000","30","NO CONTROLS","NO CONTROLS","CLEAR","DAYLIGHT","PARKED MOTOR VEHICLE","NOT DIVIDED",,"STRAIGHT ON GRADE","DRY","NO DEFECTS","ON SCENE","NO INJURY / DRIVE AWAY",,,"Y","OVER $1,500","2026-02-27T08:03:00.000","UNABLE TO DETERMINE","NOT APPLICABLE","1405","W","49TH ST","933",,,,,,,"2","NO INDICATION OF INJURY","0","0","0","0","0","1","0","7","6","2","41.8049162557","-87.6602256742","POINT (-87.660225674224 41.804916255666)"
"6eb466f9fcfd02d6cee5ee032bf672791b1a0120c4975f96f68bfec7ef1c3907f53eea0aae6b9e98b65d60aec104501221fdcf32985b4bce8f8c2aa513d27050",,"2026-02-27T07:45:00.000","30","STOP SIGN/FLASHER","NO CONTROLS","CLEAR","UNKNOWN","SIDESWIPE SAME DIRECTION","UNKNOWN INTERSECTION TYPE",,"STRAIGHT AND LEVEL","UNKNOWN","UNKNOWN","NOT ON SCENE (DESK REPORT)","NO INJURY / DRIVE AWAY",,,"Y","OVER $1,500","2026-02-27T08:55:00.000","UNABLE TO DETERMINE","UNABLE TO DETERMINE","4314","S","PRINCETON AVE","925",,,,,,,"2","NO INDICATION OF INJURY","0","0","0","0","0","3","0","7","6","2","41.8158610487","-87.6337034522","POINT (-87.633703452204 41.815861048706)"
"e2fd449dfbc0b0145b42d2e8575e10c25c78ce4ee5561d9909b94bc5aa3c49573772a9df96186da1a3c8bcec36874cc51604fe4cddac9e0f07ec5a89f5925d94",,"2026-02-27T07:45:00.000","30","UNKNOWN","UNKNOWN","CLEAR","DAYLIGHT","ANGLE","NOT DIVIDED",,"STRAIGHT AND LEVEL","DRY","NO DEFECTS","ON SCENE","INJURY AND / OR TOW DUE TO CRASH","Y",,,"OVER $1,500","2026-02-27T07:47:00.000","UNABLE TO DETERMINE","NOT APPLICABLE","1400","E","83RD ST","411",,,,,,,"2","NO INDICATION OF INJURY","0","0","0","0","0","3","0","7","6","2","41.7442520104","-87.5903946576","POINT (-87.590394657572 41.744252010392)"
"ee713c7f87fb93665c9de15e36414e3d09fc6a7e669b664356de0c70ba19f55609e33c72ea9ecc5a58b5242792a4815cc36591a5fa7cc6e768adb6be5e826a29",,"2026-02-27T07:45:00.000","30","TRAFFIC SIGNAL","FUNCTIONING PROPERLY","CLEAR","DAYLIGHT","ANGLE","NOT DIVIDED",,"STRAIGHT AND LEVEL","DRY","NO DEFECTS","ON SCENE","INJURY AND / OR TOW DUE TO CRASH","Y",,,"OVER $1,500","2026-02-27T07:50:00.000","UNABLE TO DETERMINE","DRIVING SKILLS/KNOWLEDGE/EXPERIENCE","2602","W","59TH ST","824",,,,,,,"2","NO INDICATION OF INJURY","0","0","0","0","0","2","0","7","6","2","41.786594588","-87.6888733105","POINT (-87.688873310543 41.786594587958)"
"18642105e9c6fcd3cc39158a4520e7b77cb8361813421cb2c9bd5dae093dfd9311428206a51addf51c029992c9df91a05b5160df6f79d045fbebeea514a8b913",,"2026-02-27T07:40:00.000","30","NO CONTROLS","NO CONTROLS","CLEAR","DAYLIGHT","TURNING","NOT DIVIDED",,"STRAIGHT AND LEVEL","DRY","NO DEFECTS","NOT ON SCENE (DESK REPORT)","NO INJURY / DRIVE AWAY","Y",,,"OVER $1,500","2026-02-27T09:51:00.000","UNABLE TO DETERMINE","UNABLE TO DETERMINE","3200","S","ARCHER AVE","912",,,,,,,"2","NO INDICATION OF INJURY","0","0","0","0","0","2","0","7","6","2","41.8359580185","-87.6687902665","POINT (-87.668790266538 41.835958018486)"
"7a8d451d412c9388d8aea761bcd965ed1f93320adb4269759dbdd17b28dee100162df03e2ac24d8d0ea4e4c026e028906ada24b9c1b08c6195fe55332d1e2e12",,"2026-02-27T07:38:00.000","35","NO CONTROLS","NO CONTROLS","CLEAR","DAYLIGHT","REAR END","DIVIDED - W/MEDIAN BARRIER",,"STRAIGHT AND LEVEL","DRY","NO DEFECTS","ON SCENE","INJURY AND / OR TOW DUE TO CRASH",,,,"OVER $1,500","2026-02-27T07:41:00.000","FOLLOWING TOO CLOSELY","FAILING TO REDUCE SPEED TO AVOID CRASH","9235","S","WESTERN AVE","2221",,,,,,,"3","REPORTED, NOT EVIDENT","1","0","0","0","1","2","0","7","6","2","41.7253267591","-87.6820546445","POINT (-87.682054644529 41.725326759071)"
"6277698d4c20ab0ea7fd54daca02c7925c8613afd450291c13fb1f2c2f716b688f834178ab5467f03e89c9e42fac922943a433bf31c5e6946523fdfcaa251785",,"2026-02-27T07:35:00.000","30","STOP SIGN/FLASHER","NO CONTROLS","CLEAR","DAYLIGHT","TURNING","NOT DIVIDED",,"STRAIGHT AND LEVEL","DRY","NO DEFECTS","ON SCENE","INJURY AND / OR TOW DUE TO CRASH","Y",,,"OVER $1,500","2026-02-27T07:35:00.000","UNABLE TO DETERMINE","UNABLE TO DETERMINE","9900","S","COMMERCIAL AVE","431",,,,,,,"2","NONINCAPACITATING INJURY","2","0","0","2","0","1","0","7","6","2","41.7153557591","-87.5511201474","POINT (-87.551120147353 41.715355759051)"
"dc1b08d589cd13d2d07022cab33d98416ec4adc42270b65ca1f783952318ee3f8be49b05179c46bab18cc7afc3bede3102cfadeb2a3a0439c1593ce709df454a",,"2026-02-27T07:35:00.000","30","TRAFFIC SIGNAL","FUNCTIONING PROPERLY","CLEAR","DAYLIGHT","TURNING","FOUR WAY",,"STRAIGHT AND LEVEL","DRY","NO DEFECTS","NOT ON SCENE (DESK REPORT)","NO INJURY / DRIVE AWAY","Y",,,"OVER $1,500","2026-02-27T09:50:00.000","IMPROPER TURNING/NO SIGNAL","FAILING TO YIELD RIGHT-OF-WAY","5257","W","MADISON ST","1522",,,,,,,"2","NO INDICATION OF INJURY","0","0","0","0","0","5","0","7","6","2","41.8802353192","-87.757293664","POINT (-87.757293664028 41.88023531915)"
"6d84cc008ec0441f6babb4d45d6a8e2c9c6a833da71c10e2e09cf23495f6d44176fae68ceb4e898fd3c5dc176b9048029de3c279aac8148cb172f15afb332eba",,"2026-02-27T07:30:00.000","30","NO CONTROLS","NO CONTROLS","FOG/SMOKE/HAZE","DAYLIGHT","REAR END","NOT DIVIDED",,"STRAIGHT AND LEVEL","WET","NO DEFECTS","ON SCENE","NO INJURY / DRIVE AWAY",,,,"OVER $1,500","2026-02-27T07:40:00.000","NOT APPLICABLE","NOT APPLICABLE","3633","W","DIVISION ST","1112",,,,,,,"2","NO INDICATION OF INJURY","0","0","0","0","0","3","0","7","6","2","41.9026358525","-87.717718398","POINT (-87.717718398049 41.902635852466)"
"8d38d29e012d8c1411385aca0f9456548cf26012ae4a10c35b9fc62ba721ed01d7d51f6f84c0c1cfb20a2ae81d85867eef8267771020da83201200583b2dc89f",,"2026-02-27T07:20:00.000","30","NO CONTROLS","NO CONTROLS","CLEAR","DAYLIGHT","REAR TO FRONT","NOT DIVIDED",,"STRAIGHT AND LEVEL","DRY","NO DEFECTS","NOT ON SCENE (DESK REPORT)","NO INJURY / DRIVE AWAY",,,,"OVER $1,500","2026-02-27T08:20:00.000","IMPROPER BACKING","UNABLE TO DETERMINE","3427","W","DIVERSEY AVE","1412",,,,,,,"2","NO INDICATION OF INJURY","0","0","0","0","0","3","0","7","6","2","41.9318485169","-87.7133515575","POINT (-87.713351557487 41.931848516904)"
"cd3e2330a58ee2ef79bac91fba7ed57eaa106cfda446aaaabab04d9ef0b12242acb3f125a44b5586dc09695e950dfa90ba67e78a17f1dc2aa22f77bc9ed0c926",,"2026-02-27T07:15:00.000","30","NO CONTROLS","NO CONTROLS","CLEAR","DAYLIGHT","FIXED OBJECT","NOT DIVIDED",,"STRAIGHT AND LEVEL","DRY","NO DEFECTS","NOT ON SCENE (DESK REPORT)","NO INJURY / DRIVE AWAY",,,"N","OVER $1,500","2026-03-02T08:25:00.000","UNABLE TO DETERMINE","UNABLE TO DETERMINE","4232","W","76TH ST","833",,,,,,,"1","NO INDICATION OF INJURY","0","0","0","0","0","1","0","7","6","2","41.755132629","-87.7282765659","POINT (-87.728276565903 41.755132628952)"
"3e220e7e7e47462fae04905dd2acf81c301b5a16ae1c277016ae1df3af624d22da9150d0bd2012bcb524a9a501b8f7fd7d079d4eb7445c27135f785329e74f25",,"2026-02-27T07:10:00.000","30","NO CONTROLS","NO CONTROLS","UNKNOWN","DAYLIGHT","SIDESWIPE SAME DIRECTION","NOT DIVIDED",,"STRAIGHT AND LEVEL","UNKNOWN","UNKNOWN","NOT ON SCENE (DESK REPORT)","NO INJURY / DRIVE AWAY",,,,"$501 - $1,500","2026-02-27T07:45:00.000","UNABLE TO DETERMINE","UNABLE TO DETERMINE","6021","S","HARLEM AVE","812",,,,,,,"2","NO INDICATION OF INJURY","0","0","0","0","0","3","0","7","6","2","41.7820435097","-87.8009574741","POINT (-87.800957474119 41.782043509677)"
"5a3b97ff4dab07e2d2557665c30383a836dc73cec40e8b01c53ffbc91844d6c91374ef5ecb9f9dbb83a3ffa51e28b08f3a86d41a511bff3cea00c7ebc6d0cf7f",,"2026-02-27T07:10:00.000","35","STOP SIGN/FLASHER","FUNCTIONING PROPERLY","CLEAR","DAYLIGHT","PEDALCYCLIST","FOUR WAY",,"STRAIGHT AND LEVEL","DRY","OTHER","ON SCENE","INJURY AND / OR TOW DUE TO CRASH",,,,"OVER $1,500","2026-02-27T07:21:00.000","NOT APPLICABLE","NOT APPLICABLE","8900","S","BURLEY AVE","424",,,,,,,"2","NONINCAPACITATING INJURY","1","0","0","1","0","1","0","7","6","2","41.7337062041","-87.545892687","POINT (-87.545892687046 41.733706204098)"