"crash_record_id","crash_date_est_i","crash_date","posted_speed_limit","traffic_control_device","device_condition","weather_condition","lighting_condition","first_crash_type","trafficway_type","lane_cnt","alignment","roadway_surface_cond","road_defect","report_type","crash_type","intersection_related_i","private_property_i","hit_and_run_i","damage","date_police_notified","prim_contributory_cause","sec_contributory_cause","street_no","street_direction","street_name","beat_of_occurrence","photos_taken_i","statements_taken_i","dooring_i","work_zone_i","work_zone_type","workers_present_i","num_units","most_severe_injury","injuries_total","injuries_fatal","injuries_incapacitating","injuries_non_incapacitating","injuries_reported_not_evident","injuries_no_indication","injuries_unknown","crash_hour","crash_day_of_week","crash_month","latitude","longitude","location"
"5291eeda325b0d487d8e04ff5f5e883580ba1bd88e8792436c5074284c3ad50e1c9fa84f687d484c5fc38c0284bc8364419ce40b069e9be753e820e8bb83967d",,"2026-02-27T07:03:00.000","25","TRAFFIC SIGNAL","FUNCTIONING PROPERLY","CLEAR","DAYLIGHT","ANGLE","NOT DIVIDED",,"STRAIGHT AND LEVEL","DRY","NO DEFECTS","ON SCENE","NO INJURY / DRIVE AWAY","Y",,,"$501 - $1,500","2026-02-27T07:41:00.000","FAILING TO YIELD RIGHT-OF-WAY","UNABLE TO DETERMINE","345","N","AUSTIN BLVD","1512",,,,,,,"2","NO INDICATION OF INJURY","0","0","0","0","0","2","0","7","6","2","41.886861363","-87.7747268002","POINT (-87.774726800174 41.886861362954)"
"3bc6a74305a68ec5b44c1ccad93fb9bb35975022467123ab27587fb72b8751b80eaf42daf9a1665c952d0992cf5b7154cb368c82d21a4941960a9b42f518a19c",,"2026-02-27T07:00:00.000","35","NO CONTROLS","NO CONTROLS","FOG/SMOKE/HAZE","DAYLIGHT","SIDESWIPE SAME DIRECTION","NOT DIVIDED",,"STRAIGHT AND LEVEL","WET","NO DEFECTS","ON SCENE","NO INJURY / DRIVE AWAY",,,"Y","OVER $1,500","2026-02-27T07:26:00.000","IMPROPER OVERTAKING/PASSING","IMPROPER OVERTAKING/PASSING","3647","W","DIVISION ST","1112",,,,,,,"2","NO INDICATION OF INJURY","0","0","0","0","0","2","0","7","6","2","41.9026292724","-87.7183869986","POINT (-87.71838699862 41.902629272402)"
"c55af807eea051b1cd1f705b8f63d6476d7aac9d2540a74acd71a0498e1199a7a1177586b764d46f4f49bfff00a5074d33a75b31a9541ca3fa7da698afb46fa7",,"2026-02-27T06:55:00.000","35","STOP SIGN/FLASHER","FUNCTIONING PROPERLY","CLEAR","DAYLIGHT","TURNING","DIVIDED - W/MEDIAN (NOT RAISED)",,"STRAIGHT AND LEVEL","DRY","NO DEFECTS","ON SCENE","INJURY AND / OR TOW DUE TO CRASH","Y",,,"OVER $1,500","2026-02-27T06:59:00.000","FAILING TO YIELD RIGHT-OF-WAY","NOT APPLICABLE","2905","W","BRYN MAWR AVE","2011",,,,,,,"2","NO INDICATION OF INJURY","0","0","0","0","0","2","0","6","6","2","41.9829990895","-87.7017905158","POINT (-87.701790515834 41.982999089541)"
"2d685caf7ceccb3e5ae232fe623c686b43a3bbe0537dc2a0ea705e318cad5367807b455338d19f4adc9be3692bd5afdd7a7b632518a99e44a24c573e98aa28c1",,"2026-02-27T06:50:00.000","30","TRAFFIC SIGNAL","FUNCTIONING PROPERLY","CLEAR","DAYLIGHT","REAR END","FOUR WAY",,"STRAIGHT AND LEVEL","DRY","NO DEFECTS","NOT ON SCENE (DESK REPORT)","NO INJURY / DRIVE AWAY",,,,"OVER $1,500","2026-02-27T08:10:00.000","UNABLE TO DETERMINE","NOT APPLICABLE","1155","N","HUMBOLDT DR","1211",,,,,,,"3","NO INDICATION OF INJURY","0","0","0","0","0","3","0","6","6","2","41.9026689195","-87.702149841","POINT (-87.702149841038 41.902668919494)"
"381329497c6d9423f29e37decf4d136e1dd8641421b994c6a88f6739e7eaa7ecb9188d5a2220697118ea351648d3dd95aa9cd02d5ba2e8206159cf883cecd1ed",,"2026-02-27T06:50:00.000","20","STOP SIGN/FLASHER","FUNCTIONING PROPERLY","FOG/SMOKE/HAZE","DAYLIGHT","TURNING","FOUR WAY",,"STRAIGHT AND LEVEL","DRY","NO DEFECTS","ON SCENE","NO INJURY / DRIVE AWAY","Y",,,"OVER $1,500","2026-02-27T06:55:00.000","FAILING TO YIELD RIGHT-OF-WAY","UNABLE TO DETERMINE","558","N","CENTRAL PARK AVE","1122",,,,,,,"2","NO INDICATION OF INJURY","0","0","0","0","0","2","0","6","6","2","41.8917197929","-87.7163516033","POINT (-87.716351603323 41.891719792856)"
"1d8b9e4bd94bd4c6d8d93f224755d92f1e101aa5aa1dc75cda3c0b4f41c7bf1a376f66b4f1e51c63e593503617b2491c876dc9abe3f9114303bdf0ef26311dcf",,"2026-02-27T06:40:00.000","30","TRAFFIC SIGNAL","FUNCTIONING PROPERLY","CLEAR","DAYLIGHT","FIXED OBJECT","NOT DIVIDED",,"STRAIGHT AND LEVEL","DRY","NO DEFECTS","ON SCENE","INJURY AND / OR TOW DUE TO CRASH","Y",,,"OVER $1,500","2026-02-27T06:46:00.000","EVASIVE ACTION DUE TO ANIMAL, OBJECT, NONMOTORIST","NOT APPLICABLE","2559","S","CALIFORNIA BLVD","1034",,,,,,,"1","NONINCAPACITATING INJURY","1","0","0","1","0","0","0","6","6","2","41.8448946159","-87.6945192624","POINT (-87.694519262364 41.844894615949)"
"1e3aaa1e4bc30f4571a092cbeeffb4e58218c0dc66af3daaf2fe5cbcda43031cfcc09e3bc9fbdb939fe3cbb97770fb766bb5f078b0121d672e2183b22a350215",,"2026-02-27T06:20:00.000","30","TRAFFIC SIGNAL","FUNCTIONING PROPERLY","FOG/SMOKE/HAZE","DAYLIGHT","PEDESTRIAN","DIVIDED - W/MEDIAN BARRIER",,"STRAIGHT AND LEVEL","OTHER","NO DEFECTS","ON SCENE","INJURY AND / OR TOW DUE TO CRASH","Y",,,"OVER $1,500","2026-02-27T06:40:00.000","UNABLE TO DETERMINE","UNABLE TO DETERMINE","5001","S","CICERO AVE","815",,,,,,,"2","NONINCAPACITATING INJURY","1","0","0","1","0","1","0","6","6","2","41.8020598062","-87.7428544963","POINT (-87.742854496301 41.802059806152)"
"ff0fdad2749ad1282039c27f24f8f1ca69a8ea115887c6f08c16216df13444e502495414e4c8d558cd44f4f85b74f19c4345e50f814d525e06cd769ae8d19049",,"2026-02-27T06:20:00.000","30","NO CONTROLS","NO CONTROLS","CLEAR","DAYLIGHT","TURNING","NOT DIVIDED",,"STRAIGHT AND LEVEL","DRY","NO DEFECTS","ON SCENE","NO INJURY / DRIVE AWAY",,,,"$501 - $1,500","2026-02-27T06:45:00.000","FAILING TO YIELD RIGHT-OF-WAY","NOT APPLICABLE","2020","N","CALIFORNIA AVE","1414",,,,,,,"2","NO INDICATION OF INJURY","0","0","0","0","0","2","0","6","6","2","41.9181071242","-87.6973652954","POINT (-87.697365295386 41.91810712422)"
"4c14a79c31d4441ec9d207f7b2472308a18c665d576c59159b74806a2bbbddb74be359b89c0d66e3b0ccc187f8c9e295ebbb4a410c59d65a05d6b6079d3739c5",,"2026-02-27T05:43:00.000","30","TRAFFIC SIGNAL","FUNCTIONING PROPERLY","CLEAR","DARKNESS, LIGHTED ROAD","ANGLE","CENTER TURN LANE",,"STRAIGHT AND LEVEL","DRY","NO DEFECTS","ON SCENE","INJURY AND / OR TOW DUE TO CRASH","Y",,,"OVER $1,500","2026-02-27T05:45:00.000","DISREGARDING TRAFFIC SIGNALS","FAILING TO YIELD RIGHT-OF-WAY","6398","S","STATE ST","312",,,,,,,"2","REPORTED, NOT EVIDENT","1","0","0","0","1","2","0","5","6","2","41.7777129663","-87.6254511751","POINT (-87.625451175067 41.777712966285)"
"9ba2fe431fa33912f9adf01e3bbea6eeb24451cbcbf13283c5f50ca4c952fcf9c5437ebab64c141441548d4eb7f2cfdc54b91ce98961339e4db2383a015f4baa",,"2026-02-27T05:43:00.000","30","TRAFFIC SIGNAL","FUNCTIONING PROPERLY","CLEAR","DAWN","TURNING","DIVIDED - W/MEDIAN (NOT RAISED)",,"STRAIGHT AND LEVEL","DRY","NO DEFECTS","ON SCENE","NO INJURY / DRIVE AWAY",,,,"OVER $1,500","2026-02-27T05:44:00.000","DISREGARDING TRAFFIC SIGNALS","FAILING TO REDUCE SPEED TO AVOID CRASH","2400","W","LAWRENCE AVE","2031",,,,,,,"3","NO INDICATION OF INJURY","0","0","0","0","0","3","0","5","6","2","41.9687243488","-87.688968727","POINT (-87.688968726996 41.968724348822)"
"41c7495fb375957631fc1761ed7eaa0dccc0a0ac8eb2871f40efb200aedfac6788b8a4f6507f32491bf5a61ba1fd3574a481208f9352eb666e6b63953833b228","Y","2026-02-27T05:00:00.000","25","NO CONTROLS","NO CONTROLS","CLEAR","DAYLIGHT","PARKED MOTOR VEHICLE","ONE-WAY",,"STRAIGHT AND LEVEL","DRY","UNKNOWN","ON SCENE","NO INJURY / DRIVE AWAY",,,"Y","OVER $1,500","2026-02-27T15:19:00.000","UNABLE TO DETERMINE","UNABLE TO DETERMINE","2346","W","CHASE AVE","2411",,,,,,,"2","NO INDICATION OF INJURY","0","0","0","0","0","1","0","5","6","2","42.0142067664","-87.6894811261","POINT (-87.689481126057 42.014206766423)"
"666f73e21ec702c7a88a701c404ccba21a2ab63b37379c372ebba29fea40ad43c27e3a150f3430f417557715b9c25b29d79e27e82a53c712a97f07c9f911ce74","Y","2026-02-27T05:00:00.000","25","NO CONTROLS","NO CONTROLS","CLEAR","DARKNESS, LIGHTED ROAD","PEDESTRIAN","OTHER",,"STRAIGHT AND LEVEL","DRY","UNKNOWN","NOT ON SCENE (DESK REPORT)","INJURY AND / OR TOW DUE TO CRASH","Y",,,"$500 OR LESS","2026-02-27T21:45:00.000","UNABLE TO DETERMINE","NOT APPLICABLE","6400","N","MAPLEWOOD AVE","2412",,,,,,,"2","NONINCAPACITATING INJURY","1","0","0","1","0","1","0","5","6","2","41.9977560029","-87.6936929569","POINT (-87.693692956911 41.997756002851)"
"dcd16c448800d01e51f7ffa36da588f384ea37218eecd490d99c4826dbf740f519ec9dfcc3c7178dd23d8472a45228e421787bc3875b3fdbe60a5c83dafb8213",,"2026-02-27T04:16:00.000","30","NO CONTROLS","NO CONTROLS","CLEAR","DARKNESS, LIGHTED ROAD","PARKED MOTOR VEHICLE","NOT DIVIDED",,"STRAIGHT AND LEVEL","DRY","NO DEFECTS","ON SCENE","INJURY AND / OR TOW DUE TO CRASH",,,,"OVER $1,500","2026-02-27T04:20:00.000","UNABLE TO DETERMINE","UNABLE TO DETERMINE","2018","W","IRVING PARK RD","1911",,,,,,,"2","NONINCAPACITATING INJURY","1","0","0","1","0","0","0","4","6","2","41.9542525011","-87.6797107573","POINT (-87.679710757252 41.954252501088)"
"b9e216b1e930bbf555e76a65203dab4b878b6d599ea47b7ac17a0b503f6d077d2305b27d7f0991485b4f235c30a953409fbe78e02c24b2761681ebcdb4799f9e",,"2026-02-27T03:28:00.000","30","STOP SIGN/FLASHER","NO CONTROLS","CLEAR","DARKNESS, LIGHTED ROAD","ANGLE","FOUR WAY",,"STRAIGHT AND LEVEL","DRY","NO DEFECTS","NOT ON SCENE (DESK REPORT)","INJURY AND / OR TOW DUE TO CRASH",,,"Y","OVER $1,500","2026-02-27T03:36:00.000","DISREGARDING STOP SIGN","FAILING TO YIELD RIGHT-OF-WAY","4232","W","50TH ST","815",,,,,,,"3","REPORTED, NOT EVIDENT","1","0","0","0","1","2","0","3","6","2","41.8024170554","-87.7296139119","POINT (-87.729613911933 41.80241705543)"
"e2e53730a75f4e2b2c2f7b3203e9acbe205177daaaf3db35893a732267850586ce1eff6dbd19d122cb429361d0a9dc24eccf16d0673dbe951889b92c9688de99",,"2026-02-27T03:01:00.000","30","TRAFFIC SIGNAL","FUNCTIONING PROPERLY","CLEAR","DARKNESS, LIGHTED ROAD","ANGLE","FOUR WAY",,"STRAIGHT AND LEVEL","DRY","NO DEFECTS","ON SCENE","INJURY AND / OR TOW DUE TO CRASH","Y",,"Y","OVER $1,500","2026-02-27T03:34:00.000","DISREGARDING TRAFFIC SIGNALS","FAILING TO YIELD RIGHT-OF-WAY","300","N","PULASKI RD","1114",,,,,,,"2","NO INDICATION OF INJURY","0","0","0","0","0","2","0","3","6","2","41.885533551","-87.7259529068","POINT (-87.725952906768 41.885533551021)"
"fb8b70256d1b065c0250886a5c6ae677575315bca250d77d774b94d5dc38d36a610e55b287b79d9c09bf71ef4e73a22b8f73ef06f569304bb185488b5740150d",,"2026-02-27T02:48:00.000","30","NO CONTROLS","NO CONTROLS","CLEAR","DARKNESS, LIGHTED ROAD","FIXED OBJECT","NOT DIVIDED",,"STRAIGHT AND LEVEL","WET","UNKNOWN","ON SCENE","INJURY AND / OR TOW DUE TO CRASH",,,,"OVER $1,500","2026-02-27T03:12:00.000","DRIVING SKILLS/KNOWLEDGE/EXPERIENCE","DRIVING ON WRONG SIDE/WRONG WAY","5400","S","KEDZIE AVE","822",,"Y",,,,,"1","NONINCAPACITATING INJURY","1","0","0","1","0","0","0","2","6","2","41.7952933504","-87.7037582724","POINT (-87.703758272415 41.795293350415)"
"24b40dc4e58e034c658b5ed520f4425ff5361805a8a91ec5b5718803af77e77129cf90d5734ab0484855cf678a833dbed312834c9f79d991a77978146a4546d6","Y","2026-02-27T02:20:00.000","30","TRAFFIC SIGNAL","FUNCTIONING PROPERLY","CLEAR","DARKNESS, LIGHTED ROAD","ANGLE","FOUR WAY",,"STRAIGHT AND LEVEL","DRY","NO DEFECTS","ON SCENE","INJURY AND / OR TOW DUE TO CRASH","Y",,"Y","OVER $1,500","2026-02-27T02:21:00.000","UNABLE TO DETERMINE","UNABLE TO DETERMINE","7499","S","LAFAYETTE AVE","731",,,,,,,"2","REPORTED, NOT EVIDENT","1","0","0","0","1","1","0","2","6","2","41.7582500778","-87.62622877","POINT (-87.62622877002 41.758250077838)"
"7da73c7e9818f9932d7576215ac5880ddb381497052d04fae0f734df331d21064309119c63e9c9c993a1b7618093d1816c65edd1d3736fdeeb65305522c5f316",,"2026-02-27T02:12:00.000","45","NO CONTROLS","NO CONTROLS","CLEAR","DARKNESS, LIGHTED ROAD","REAR END","DIVIDED - W/MEDIAN BARRIER",,"STRAIGHT AND LEVEL","DRY","UNKNOWN","ON SCENE","NO INJURY / DRIVE AWAY",,,,"OVER $1,500","2026-02-27T02:40:00.000","FOLLOWING TOO CLOSELY","FAILING TO REDUCE SPEED TO AVOID CRASH","3098","S","LAKE SHORE DR SB","133",,,,,,,"2","NO INDICATION OF INJURY","0","0","0","0","0","3","0","2","6","2","41.8386046951","-87.608830199","POINT (-87.608830199012 41.838604695086)"
"1bb0752639a7a658fe391a7df60da727458f3c201185b1c6b2331287a44324126c5fa10fd3d68d2d2eab8ac46c9224341c7b6ec5ebb87587bce645e59a7b1c83",,"2026-02-27T02:02:00.000","30","OTHER","FUNCTIONING PROPERLY","CLEAR","DARKNESS","FIXED OBJECT","RAMP",,"STRAIGHT AND LEVEL","DRY","NO DEFECTS","ON SCENE","INJURY AND / OR TOW DUE TO CRASH",,,,"OVER $1,500","2026-02-27T02:05:00.000","EVASIVE ACTION DUE TO ANIMAL, OBJECT, NONMOTORIST","NOT APPLICABLE","2","W","MARQUETTE RD","322",,,,,,,"1","NO INDICATION OF INJURY","0","0","0","0","0","1","0","2","6","2","41.7728337701","-87.6251440977","POINT (-87.625144097739 41.77283377006)"
"aa0c5d9c9b84845d60cd4bd30bd2a80e3312e5ae533b03946904d029e22cd470085418f21f764b35bca921806a9efce730e832c14a6fe5f13a10989d9072bca0",,"2026-02-27T01:40:00.000","25","NO CONTROLS","NO CONTROLS","CLEAR","DARKNESS, LIGHTED ROAD","FIXED OBJECT","DIVIDED - W/MEDIAN (NOT RAISED)",,"STRAIGHT AND LEVEL","DRY","NO DEFECTS","ON SCENE","NO INJURY / DRIVE AWAY",,,"N","OVER $1,500","2026-02-27T01:50:00.000","UNABLE TO DETERMINE","FAILING TO REDUCE SPEED TO AVOID CRASH","635","S","PAULINA ST","1231",,,,,,,"2","NO INDICATION OF INJURY","0","0","0","0","0","1","0","1","6","2","41.8731129729","-87.6689325143","POINT (-87.668932514288 41.873112972853)"
"e04899724719e28bf1cd28dccac701903b90f6e47621fdb1a2476c9979e456d2b9f5d08fca4f21639cd80b1053b8f9db6dc46821eba4e77aade3a88ad5505a63",,"2026-02-27T01:25:00.000","15","STOP SIGN/FLASHER","FUNCTIONING PROPERLY","CLEAR","DARKNESS, LIGHTED ROAD","REAR END","ONE-WAY",,"STRAIGHT AND LEVEL","DRY","NO DEFECTS","ON SCENE","INJURY AND / OR TOW DUE TO CRASH",,,"Y","$501 - $1,500","2026-02-27T01:25:00.000","UNABLE TO DETERMINE","NOT APPLICABLE","498","N","MAYFIELD AVE","1512",,,,,,,"2","REPORTED, NOT EVIDENT","2","0","0","0","2","2","0","1","6","2","41.8889269292","-87.7722320791","POINT (-87.77223207915 41.888926929178)"
"8b40f88cb5ada17da07caac3f79b7357c9c7361eaff3fb74941841f27b58f1962e14f56666f21ecbf8afb315398feb9d0e4163da4022d4841033cbc79054c670",,"2026-02-27T01:00:00.000","15","NO CONTROLS","NO CONTROLS","CLEAR","DAYLIGHT","TURNING","NOT DIVIDED",,"STRAIGHT AND LEVEL","DRY","NO DEFECTS","ON SCENE","NO INJURY / DRIVE AWAY",,,,"$501 - $1,500","2026-02-27T13:08:00.000","UNABLE TO DETERMINE","NOT APPLICABLE","3144","W","BELDEN AVE","1414",,,,,,,"2","NO INDICATION OF INJURY","0","0","0","0","0","3","0","1","6","2","41.9233416883","-87.7064360672","POINT (-87.706436067177 41.923341688289)"
"a41420dc203f93f77437499ed9cd6a7a6d3c73495520a9f32d832a6936baac90735acaa4d19108a347032c1407d25a03366484bb292c218605575a2580cf3bd7",,"2026-02-27T01:00:00.000","30","TRAFFIC SIGNAL","FUNCTIONING PROPERLY","CLEAR","DARKNESS, LIGHTED ROAD","ANGLE","NOT DIVIDED",,"STRAIGHT AND LEVEL","DRY","NO DEFECTS","ON SCENE","INJURY AND / OR TOW DUE TO CRASH","Y",,"Y","OVER $1,500","2026-02-27T01:05:00.000","DISREGARDING TRAFFIC SIGNALS","UNABLE TO DETERMINE","7100","S","DAMEN AVE","735",,,,,,,"2","NONINCAPACITATING INJURY","2","0","0","1","1","1","0","1","6","2","41.7647131874","-87.6736784893","POINT (-87.673678489303 41.764713187398)"
"0be159e7b038570e2f7a9e15f1c1dbf0858e23531a6cbe800c8851c0bb84a7e177d4d18b634273513bb188a550234df1f5e40aa53d7f54cf7034fa7defa85759",,"2026-02-27T00:05:00.000","30","NO CONTROLS","NO CONTROLS","CLEAR","DARKNESS, LIGHTED ROAD","PARKED MOTOR VEHICLE","NOT DIVIDED",,"STRAIGHT AND LEVEL","DRY","OTHER","ON SCENE","INJURY AND / OR TOW DUE TO CRASH",,,,"OVER $1,500","2026-02-27T00:06:00.000","PHYSICAL CONDITION OF DRIVER","FAILING TO REDUCE SPEED TO AVOID CRASH","9018","S","RACINE AVE","2222",,,,,,,"3","NONINCAPACITATING INJURY","1","0","0","1","0","0","0","0","6","2","41.7298630214","-87.6533097203","POINT (-87.653309720282 41.729863021401)"
"f3cca08956f1b591a9e13801c5fe08344f5c6ec2c92c98a31cf919d8bb205d31b0700a90755d91e99fbf9f193d951ebbce8d5736f6c1afc390e198816ead5250","Y","2026-02-27T00:00:00.000","30","UNKNOWN","UNKNOWN","UNKNOWN","UNKNOWN","PARKED MOTOR VEHICLE","NOT DIVIDED",,"STRAIGHT AND LEVEL","UNKNOWN","UNKNOWN","ON SCENE","NO INJURY / DRIVE AWAY",,,"Y","OVER $1,500","2026-03-10T12:35:00.000","UNABLE TO DETERMINE","NOT APPLICABLE","4600","N","CLARENDON AVE","1914",,,,,,,"2","NO INDICATION OF INJURY","0","0","0","0","0","1","0","0","6","2","41.9655342462","-87.6501671687","POINT (-87.650167168683 41.965534246153)"
"fe6257473e71c404a9840df1376c8c5c21938035dd7ea82e057b2d3ab555a85f05cabb2a6e744100834465f80ab70d724a57f76c9a20adbe4c529506f1833070","Y","2026-02-26T23:59:00.000","30","NO CONTROLS","NO CONTROLS","CLEAR","DAYLIGHT","PARKED MOTOR VEHICLE","ONE-WAY",,"STRAIGHT AND LEVEL","DRY","NO DEFECTS","NOT ON SCENE (DESK REPORT)","NO INJURY / DRIVE AWAY",,,"Y","$500 OR LESS","2026-02-27T09:50:00.000","IMPROPER OVERTAKING/PASSING","UNABLE TO DETERMINE","17","N","PINE AVE","1522",,,,,,,"2","NO INDICATION OF INJURY","0","0","0","0","0","1","0","23","5","2","41.8808349709","-87.7630609506","POINT (-87.763060950616 41.880834970868)"
"3a3238399ee862c2829826393abf76f97b1ab1283194a2741eebe5fe200f7f64e5c3005c1b5e8553b6aec588d23f98c5703a8dbc8305a8baf6f7d5c147f58e35",,"2026-02-26T23:56:00.000","30","TRAFFIC SIGNAL","FUNCTIONING PROPERLY","CLEAR","DARKNESS, LIGHTED ROAD","FIXED OBJECT","FOUR WAY",,"STRAIGHT AND LEVEL","DRY","UNKNOWN","ON SCENE","INJURY AND / OR TOW DUE TO CRASH","N",,,"OVER $1,500","2026-02-26T23:56:00.000","EQUIPMENT - VEHICLE CONDITION","UNABLE TO DETERMINE","6000","W","GRAND AVE","2512",,,,,,,"1","NO INDICATION OF INJURY","0","0","0","0","0","1","0","23","5","2","41.920676631","-87.775630269","POINT (-87.775630269041 41.920676630982)"
"ed46329b257c379b0b0bf3e2650ffc07afbbd258a1cdae4ccdd1accbc43865c31de0676f1e291cb2a5dbbbf9d83ad9b96d7696ef15caef1e9e9b3dc5faf8c01a",,"2026-02-26T23:48:00.000","3","NO CONTROLS","NO CONTROLS","CLEAR","DARKNESS","PARKED MOTOR VEHICLE","ONE-WAY",,"STRAIGHT AND LEVEL","DRY","NO DEFECTS","ON SCENE","INJURY AND / OR TOW DUE TO CRASH",,,"Y","OVER $1,500","2026-02-26T23:48:00.000","UNDER THE INFLUENCE OF ALCOHOL/DRUGS (USE WHEN ARREST IS EFFECTED)","NOT APPLICABLE","7408","S","EMERALD AVE","732",,,,,,,"2","NO INDICATION OF INJURY","0","0","0","0","0","3","0","23","5","2","41.7594780666","-87.6431927175","POINT (-87.643192717536 41.759478066584)"
"423b23a87a7bb954ab31313a75ba16768e9161c890cfe046dfc59777fac4ea1b1fb6753931de56b018d7a391f12778328db752e13669844e80a65afdb454a468",,"2026-02-26T23:26:00.000","25","NO CONTROLS","NO CONTROLS","CLEAR","DARKNESS","ANGLE","DIVIDED - W/MEDIAN (NOT RAISED)",,"STRAIGHT AND LEVEL","DRY","NO DEFECTS","NOT ON SCENE (DESK REPORT)","NO INJURY / DRIVE AWAY",,,"Y","$501 - $1,500","2026-03-08T18:30:00.000","UNABLE TO DETERMINE","UNABLE TO DETERMINE","8106","S","RACINE AVE","613",,,,,,,"2","NO INDICATION OF INJURY","0","0","0","0","0","2","0","23","5","2","41.7465947076","-87.6537811741","POINT (-87.653781174108 41.746594707551)"
"6999ff76dabe806c869f7a07ad9d69bd01eb279899a92bef006cf6ab60cb8e922c844041bee55055e060c909ae5cb755e96b9b94c1110efa60554a3da139e15c",,"2026-02-26T23:25:00.000","20","NO CONTROLS","NO CONTROLS","CLEAR","DAYLIGHT","PARKED MOTOR VEHICLE","NOT DIVIDED",,"STRAIGHT AND LEVEL","DRY","NO DEFECTS","ON SCENE","NO INJURY / DRIVE AWAY",,,,"OVER $1,500","2026-02-26T23:27:00.000","UNABLE TO DETERMINE","NOT APPLICABLE","7534","N","MAPLEWOOD AVE","2411",,,,,,,"2","NO INDICATION OF INJURY","0","0","0","0","0","1","0","23","5","2","42.0187360991","-87.6934326575","POINT (-87.693432657484 42.018736099074)"
"f5fac98569497e447d6742421145b2191d73416b110b8a72612a49e6d5de921af88b67f2c9eb12405185862c7733ff9ab9993ea6bde5270c564ce4c65462fa08",,"2026-02-26T23:20:00.000","30","TRAFFIC SIGNAL","FUNCTIONING PROPERLY","CLEAR","DARKNESS, LIGHTED ROAD","TURNING","Y-INTERSECTION",,"STRAIGHT AND LEVEL","DRY","NO DEFECTS","ON SCENE","NO INJURY / DRIVE AWAY","Y",,,"OVER $1,500","2026-02-26T23:25:00.000","UNABLE TO DETERMINE","NOT APPLICABLE","3239","N","PULASKI RD","1732",,,,,,,"2","NO INDICATION OF INJURY","0","0","0","0","0","4","0","23","5","2","41.9402485104","-87.7270677557","POINT (-87.727067755665 41.940248510414)"
"c43f4bcbcc48a4048bbe71a4df989a1c88a361e9ac040dd83c97aab42515ce441fd472c1b617d61c48cb5410ae17cc1e7d4d6e6400dee0eae3696ee4b83822a2",,"2026-02-26T23:10:00.000","30","TRAFFIC SIGNAL","FUNCTIONING PROPERLY","CLEAR","DARKNESS, LIGHTED ROAD","TURNING","T-INTERSECTION",,"STRAIGHT AND LEVEL","DRY","NO DEFECTS","NOT ON SCENE (DESK REPORT)","NO INJURY / DRIVE AWAY","Y",,"Y","OVER $1,500","2026-02-27T08:20:00.000","UNABLE TO DETERMINE","NOT APPLICABLE","1200","N","LAKE SHORE DR NB","1824",,,,,,,"2","NO INDICATION OF INJURY","0","0","0","0","0","3","0","23","5","2","41.904076743","-87.6248039371","POINT (-87.624803937073 41.904076743028)"
"d3e6eed116f5ef6a8fa3ca4bc3e6af59f4f5693d7070b84c2b34d4d1fca392d47a31aba3e5e8be7509e30cdc9c78fb7d4485f62a67257a54824ec611d33e1447",,"2026-02-26T23:10:00.000","35","TRAFFIC SIGNAL","FUNCTIONING PROPERLY","CLEAR","DARKNESS, LIGHTED ROAD","TURNING","DIVIDED - W/MEDIAN BARRIER",,"STRAIGHT AND LEVEL","DRY","NO DEFECTS","ON SCENE","NO INJURY / DRIVE AWAY","Y",,"Y","OVER $1,500","2026-02-26T23:18:00.000","FAILING TO YIELD RIGHT-OF-WAY","FAILING TO YIELD RIGHT-OF-WAY","2430","S","DR MARTIN LUTHER KING JR DR","132","N",,,,,,"2","NO INDICATION OF INJURY","0","0","0","0","0","2","0","23","5","2","41.84841526","-87.6179197916","POINT (-87.617919791648 41.848415259971)"
"b295b0173efa946393a2a5e16b5434ba983f602eccc5d9720741b2c1946fb57919843d17015be7f2e61179cdaf3e8c129ccab66f3caa52f52cca2b08f78e4951",,"2026-02-26T23:01:00.000","30","TRAFFIC SIGNAL","FUNCTIONING PROPERLY","CLEAR","DARKNESS, LIGHTED ROAD","PEDESTRIAN","NOT DIVIDED",,"STRAIGHT AND LEVEL","DRY","NO DEFECTS","ON SCENE","INJURY AND / OR TOW DUE TO CRASH","Y",,,"$500 OR LESS","2026-02-26T23:01:00.000","UNABLE TO DETERMINE","DRIVING SKILLS/KNOWLEDGE/EXPERIENCE","4154","N","BROADWAY","1915",,"Y",,,,,"2","NONINCAPACITATING INJURY","1","0","0","1","0","1","0","23","5","2","41.9583109547","-87.6531049103","POINT (-87.653104910345 41.958310954665)"
"897b2e3f7cc3975a1084a97254e82044689a4f14a9f108f34aac01b1697860f9051de04ba8f72e72eadb360e3530682f5c8f5251ffade65269345596a1a9ba2b",,"2026-02-26T23:00:00.000","35","NO CONTROLS","NO CONTROLS","CLEAR","DARKNESS, LIGHTED ROAD","FIXED OBJECT","DIVIDED - W/MEDIAN (NOT RAISED)",,"STRAIGHT AND LEVEL","DRY","NO DEFECTS","ON SCENE","NO INJURY / DRIVE AWAY",,"Y",,"OVER $1,500","2026-02-27T00:50:00.000","OPERATING VEHICLE IN ERRATIC, RECKLESS, CARELESS, NEGLIGENT OR AGGRESSIVE MANNER","DRIVING SKILLS/KNOWLEDGE/EXPERIENCE","7626","S","SOUTH CHICAGO AVE","411",,,,,,,"1","NO INDICATION OF INJURY","0","0","0","0","0","1","0","23","5","2","41.756250188","-87.5923939583","POINT (-87.592393958261 41.756250188044)"