"crash_record_id","crash_date_est_i","crash_date","posted_speed_limit","traffic_control_device","device_condition","weather_condition","lighting_condition","first_crash_type","trafficway_type","lane_cnt","alignment","roadway_surface_cond","road_defect","report_type","crash_type","intersection_related_i","private_property_i","hit_and_run_i","damage","date_police_notified","prim_contributory_cause","sec_contributory_cause","street_no","street_direction","street_name","beat_of_occurrence","photos_taken_i","statements_taken_i","dooring_i","work_zone_i","work_zone_type","workers_present_i","num_units","most_severe_injury","injuries_total","injuries_fatal","injuries_incapacitating","injuries_non_incapacitating","injuries_reported_not_evident","injuries_no_indication","injuries_unknown","crash_hour","crash_day_of_week","crash_month","latitude","longitude","location"
"a3bc017eede8d135f3161f269e652100ffe9b94a9c3e4243578101c3084c1f30842eb0deae71f9494301c6114496bd655e278b946e7d49342896ee654d93f834",,"2026-02-26T23:00:00.000","30","UNKNOWN","UNKNOWN","UNKNOWN","UNKNOWN","FIXED OBJECT","UNKNOWN",,"STRAIGHT AND LEVEL","UNKNOWN","UNKNOWN","ON SCENE","NO INJURY / DRIVE AWAY",,,,"$501 - $1,500","2026-02-26T23:12:00.000","UNABLE TO DETERMINE","NOT APPLICABLE","6228","N","ARTESIAN AVE","2413",,,,,,,"1","NO INDICATION OF INJURY","0","0","0","0","0","1","0","23","5","2","41.9949549355","-87.691165244","POINT (-87.691165244011 41.994954935523)"
"0bfb093baa314d59bc6c51f19ae52502d650409f07eabec96f1c5457699188f726a60b29dcb687ddfd8ae20c9ad8e587781bee00358128cd03494c1601ffea6c",,"2026-02-26T22:36:00.000","30","NO CONTROLS","NO CONTROLS","CLEAR","DARKNESS, LIGHTED ROAD","SIDESWIPE OPPOSITE DIRECTION","NOT DIVIDED",,"STRAIGHT AND LEVEL","DRY","NO DEFECTS","ON SCENE","INJURY AND / OR TOW DUE TO CRASH",,,"Y","OVER $1,500","2026-02-26T22:45:00.000","UNABLE TO DETERMINE","UNABLE TO DETERMINE","315","E","35TH ST","212",,,,,,,"2","NONINCAPACITATING INJURY","1","0","0","1","0","4","0","22","5","2","41.8309776593","-87.6187014038","POINT (-87.618701403772 41.830977659284)"
"41c175a01ac6157313ce3c6b2db0a6325e046f50c12c3cdfb1d03b9a296e8a45cf2181221431868893bd613760c085cfb6de1253206c0f04e7d83a2081e2d06a",,"2026-02-26T22:35:00.000","30","NO CONTROLS","NO CONTROLS","CLEAR","DARKNESS, LIGHTED ROAD","FIXED OBJECT","OTHER",,"STRAIGHT AND LEVEL","DRY","NO DEFECTS","ON SCENE","NO INJURY / DRIVE AWAY",,"Y",,"OVER $1,500","2026-02-26T22:46:00.000","FAILING TO REDUCE SPEED TO AVOID CRASH","UNABLE TO DETERMINE","5415","W","BLOOMINGDALE AVE","2532",,,,,,,"3","NO INDICATION OF INJURY","0","0","0","0","0","1","0","22","5","2","41.9129753062","-87.7612941074","POINT (-87.761294107376 41.912975306177)"
"b1bed956ba844c9e5c3d514e0d9c77b63daa7c2404ce8d661e2e013daa1109752b2a0be0466a815e05f161c6ffe24bb5bb5c5a55bde25e42d8710fb86d9d5399",,"2026-02-26T22:16:00.000","30","NO CONTROLS","NO CONTROLS","CLEAR","DARKNESS, LIGHTED ROAD","PARKED MOTOR VEHICLE","ONE-WAY",,"STRAIGHT AND LEVEL","DRY","NO DEFECTS",,"INJURY AND / OR TOW DUE TO CRASH",,,"Y","OVER $1,500","2026-02-26T22:16:00.000","UNABLE TO DETERMINE","NOT APPLICABLE","3116","W","24TH ST","1033","Y",,,,,,"7","NO INDICATION OF INJURY","0","0","0","0","0","1","0","22","5","2","41.8482717159","-87.7034355317","POINT (-87.703435531673 41.848271715889)"
"d5cb2d9b09044b9c97b36e939a9ca1067a1a36e99cf87d0d4c1fedf7ee2751f987f18c4483a1af0e021bad329617b86ec8e23aa3f33e1fc186c188423db06c75",,"2026-02-26T22:09:00.000","30","STOP SIGN/FLASHER","NO CONTROLS","CLOUDY/OVERCAST","DARKNESS, LIGHTED ROAD","PARKED MOTOR VEHICLE","ONE-WAY",,"STRAIGHT AND LEVEL","DRY","NO DEFECTS","ON SCENE","NO INJURY / DRIVE AWAY",,,"Y","OVER $1,500","2026-02-26T22:10:00.000","UNABLE TO DETERMINE","NOT APPLICABLE","2648","W","POPE JOHN PAUL II DR","921",,,,,,,"3","NO INDICATION OF INJURY","0","0","0","0","0","1","0","22","5","2","41.8156994352","-87.691495871","POINT (-87.691495870958 41.815699435226)"
"3c6f9257e3d0e956b0f430145a19e625611cf11bab5fd77cf3fd961b290a995e31c43c5c7ba2253c59e3c336601c61016cd21843c7ad6c6a6c21d9cf1eeced5d","Y","2026-02-26T22:00:00.000","30","NO CONTROLS","NO CONTROLS","CLEAR","DARKNESS, LIGHTED ROAD","PARKED MOTOR VEHICLE","UNKNOWN INTERSECTION TYPE",,"STRAIGHT AND LEVEL","DRY","NO DEFECTS","ON SCENE","NO INJURY / DRIVE AWAY",,,"Y","$501 - $1,500","2026-02-27T12:05:00.000","NOT APPLICABLE","UNABLE TO DETERMINE","61","W","OHIO ST","1831",,,,,,,"2","NO INDICATION OF INJURY","0","0","0","0","0","1","0","22","5","2","41.8923265909","-87.6304519784","POINT (-87.630451978401 41.89232659087)"
"a9547a899dad69b89c366f26bdbfd14d62946da2a7ec1fa329c3b91a36640e3bb421e012979f8b865db7f4810559ca8d76fb7cf16cb1aeb42f30f000cc40354d",,"2026-02-26T22:00:00.000","30","NO CONTROLS","NO CONTROLS","CLEAR","DARKNESS, LIGHTED ROAD","REAR END","NOT DIVIDED",,"STRAIGHT AND LEVEL","DRY","NO DEFECTS","NOT ON SCENE (DESK REPORT)","NO INJURY / DRIVE AWAY",,,,"$501 - $1,500","2026-02-27T09:13:00.000","FAILING TO YIELD RIGHT-OF-WAY","UNABLE TO DETERMINE","3538","N","ROCKWELL ST","1921",,,,,,,"2","NO INDICATION OF INJURY","0","0","0","0","0","2","0","22","5","2","41.9459825253","-87.6942660326","POINT (-87.694266032597 41.945982525257)"
"f4ae9cd9edd422eed2ab351019fad2d8e0bb9da37c31fcd4886707cb5aee52ee215d15e8d78d34fd0fec1382856fde68ececb9249865b7dbfea05c7a8c61705a",,"2026-02-26T22:00:00.000","30","NO CONTROLS","NO CONTROLS","CLEAR","DARKNESS, LIGHTED ROAD","ANGLE","OTHER",,"STRAIGHT AND LEVEL","DRY","UNKNOWN","ON SCENE","INJURY AND / OR TOW DUE TO CRASH",,,,"$501 - $1,500","2026-02-26T22:00:00.000","OPERATING VEHICLE IN ERRATIC, RECKLESS, CARELESS, NEGLIGENT OR AGGRESSIVE MANNER","OPERATING VEHICLE IN ERRATIC, RECKLESS, CARELESS, NEGLIGENT OR AGGRESSIVE MANNER","1140","S","INDEPENDENCE BLVD","1133",,,,,,,"2","NO INDICATION OF INJURY","0","0","0","0","0","8","0","22","5","2","41.8668698102","-87.7202878622","POINT (-87.72028786219 41.866869810229)"
"07231168efe04c0c16f77d3239413cc0348e6c1c1ddc9ac344f508022cab345f7486fb34aa17aeb0ee9ec3a9cfa0b44326d7cf4de3aee1059f490d46b80721eb",,"2026-02-26T21:45:00.000","30","TRAFFIC SIGNAL","FUNCTIONING PROPERLY","CLEAR","DARKNESS, LIGHTED ROAD","FIXED OBJECT","NOT DIVIDED",,"STRAIGHT AND LEVEL","DRY","NO DEFECTS","ON SCENE","INJURY AND / OR TOW DUE TO CRASH","Y",,,"$501 - $1,500","2026-02-26T21:45:00.000","UNDER THE INFLUENCE OF ALCOHOL/DRUGS (USE WHEN ARREST IS EFFECTED)","NOT APPLICABLE","136","N","KEDZIE AVE","1123",,,,,,,"1","NO INDICATION OF INJURY","0","0","0","0","0","1","0","21","5","2","41.8839688363","-87.7063549676","POINT (-87.706354967582 41.883968836294)"
"5755c48f828753e651f47cfb01fd4f2b34848c58e5b7b93c83fb06e5fc2d7c313fe5b8a1aeb3bdc28ea616c88982fe1e2eb507b2035284f48169a4c35535f20a",,"2026-02-26T21:42:00.000","25","TRAFFIC SIGNAL","FUNCTIONING PROPERLY","CLEAR","DARKNESS, LIGHTED ROAD","SIDESWIPE SAME DIRECTION","DIVIDED - W/MEDIAN (NOT RAISED)",,"STRAIGHT ON GRADE","DRY","NO DEFECTS","NOT ON SCENE (DESK REPORT)","NO INJURY / DRIVE AWAY","Y",,,"OVER $1,500","2026-02-26T23:00:00.000","FAILING TO YIELD RIGHT-OF-WAY","NOT APPLICABLE","6398","N","RIDGE AVE","2413",,,,,,,"2","NO INDICATION OF INJURY","0","0","0","0","0","2","0","21","5","2","41.9978683521","-87.6769517688","POINT (-87.676951768773 41.997868352064)"
"2b363817a9bf0c5cedb5411cb4358ec6620efc200a874863416224b5c34e1d2d686f59f6c96d2b17009b4f3d9b85c1c836f38dceea888a981fd4d87713f7b1f4",,"2026-02-26T21:35:00.000","30","NO CONTROLS","NO CONTROLS","CLEAR","DARKNESS, LIGHTED ROAD","REAR END","NOT DIVIDED",,"STRAIGHT AND LEVEL","DRY","NO DEFECTS","ON SCENE","INJURY AND / OR TOW DUE TO CRASH",,,"Y","$501 - $1,500","2026-02-26T22:12:00.000","PHYSICAL CONDITION OF DRIVER","NOT APPLICABLE","1021","N","DEARBORN ST","1824",,,,,,,"2","REPORTED, NOT EVIDENT","1","0","0","0","1","1","0","21","5","2","41.9012505726","-87.6297613953","POINT (-87.629761395308 41.90125057256)"
"d8d7d11ff935f2aa266daa275e99b253989b9df3a373a4c6a16e70cdd33297c2a3b8528d2e3cd4e457cdc0dbc39014953ae4a28a8c00dccfc76d9d78ff556857",,"2026-02-26T21:35:00.000","30","NO CONTROLS","NO CONTROLS","CLEAR","DARKNESS","PARKED MOTOR VEHICLE","DIVIDED - W/MEDIAN (NOT RAISED)",,"STRAIGHT AND LEVEL","DRY","NO DEFECTS","ON SCENE","NO INJURY / DRIVE AWAY",,,,"OVER $1,500","2026-02-26T21:35:00.000","OPERATING VEHICLE IN ERRATIC, RECKLESS, CARELESS, NEGLIGENT OR AGGRESSIVE MANNER","IMPROPER OVERTAKING/PASSING","1856","W","MADISON ST","1223",,,,,,,"2","NO INDICATION OF INJURY","0","0","0","0","0","1","0","21","5","2","41.881464074","-87.6740861835","POINT (-87.674086183546 41.881464073976)"
"1e5951ed40b4d5003352ec8dfe27fc22ef7528ebb131839ed05663c94a34d7cb663472e37bcc24bc63c1bbecf1b3bf1080cc2a01743a903ebfa8acae4515c100",,"2026-02-26T21:30:00.000","30","NO CONTROLS","NO CONTROLS","CLEAR","DARKNESS, LIGHTED ROAD","PARKED MOTOR VEHICLE","NOT DIVIDED",,"STRAIGHT AND LEVEL","DRY","NO DEFECTS","NOT ON SCENE (DESK REPORT)","NO INJURY / DRIVE AWAY",,,"Y","$501 - $1,500","2026-02-26T23:30:00.000","UNABLE TO DETERMINE","UNABLE TO DETERMINE","1633","W","MADISON ST","1224",,,,,,,"2","NO INDICATION OF INJURY","0","0","0","0","0","2","0","21","5","2","41.8813290607","-87.6680499009","POINT (-87.668049900896 41.881329060652)"
"876836013ba217a580e0e4babe04e27c06efd29cb30142f1af6ffff8ba96b6be4d8e9a90c0aa1cba9a75cf4c6bd257d5bf34cf597ce122e1df5c0427f6175456",,"2026-02-26T21:30:00.000","30","NO CONTROLS","NO CONTROLS","CLEAR","DARKNESS","SIDESWIPE SAME DIRECTION","NOT DIVIDED",,"STRAIGHT AND LEVEL","DRY","NO DEFECTS","NOT ON SCENE (DESK REPORT)","NO INJURY / DRIVE AWAY",,,,"OVER $1,500","2026-02-26T22:22:00.000","UNABLE TO DETERMINE","NOT APPLICABLE","1001","N","PULASKI RD","1112",,,,,,,"2","NO INDICATION OF INJURY","0","0","0","0","0","3","0","21","5","2","41.8991137319","-87.7260487997","POINT (-87.726048799664 41.899113731889)"
"f70a47a3f19a00a39978c5c4ca79a7c9edf48937cb2abb285d24ec2314b40b6a3f911e61785c72d03909db3179aa7575764b68b22ccaecd152953a21653dbb74",,"2026-02-26T21:13:00.000","30","NO CONTROLS","NO CONTROLS","CLEAR","DARKNESS, LIGHTED ROAD","PARKED MOTOR VEHICLE","PARKING LOT",,"STRAIGHT AND LEVEL","DRY","NO DEFECTS","NOT ON SCENE (DESK REPORT)","NO INJURY / DRIVE AWAY",,"Y","Y","OVER $1,500","2026-02-26T22:25:00.000","IMPROPER BACKING","IMPROPER LANE USAGE","1898","W","WARREN BLVD","1223",,,,,,,"2","NO INDICATION OF INJURY","0","0","0","0","0","1","0","21","5","2","41.8823831596","-87.6740919218","POINT (-87.674091921849 41.882383159556)"
"6fba431edfae591c43f720a7d56689e1cb9f3dc950b250abc3e4eb042c34cbb9e47af80286ae8a217acf7af3ec06f677a4a4dc42db99a4b9d880495c787c5faa",,"2026-02-26T21:00:00.000","30","UNKNOWN","UNKNOWN","CLEAR","DARKNESS, LIGHTED ROAD","TURNING","NOT DIVIDED",,"STRAIGHT AND LEVEL","DRY","UNKNOWN","NOT ON SCENE (DESK REPORT)","NO INJURY / DRIVE AWAY",,,"Y","$501 - $1,500","2026-02-26T22:40:00.000","UNABLE TO DETERMINE","UNABLE TO DETERMINE","4998","W","FLOURNOY ST","1533",,,,,,,"2","NO INDICATION OF INJURY","0","0","0","0","0","2","0","21","5","2","41.8721345638","-87.749025718","POINT (-87.749025717961 41.872134563824)"
"7249a45351f4681167a20951ade709c7dc3d56c7cb04e2ac82f8a6d4570886ab6f64cfc7b4845d0310a6254edbcd4ce5a0b38d796e5ad5e748e25d4e9c42aa3d",,"2026-02-26T20:45:00.000","30","TRAFFIC SIGNAL","FUNCTIONING PROPERLY","CLEAR","DARKNESS, LIGHTED ROAD","SIDESWIPE SAME DIRECTION","DIVIDED - W/MEDIAN (NOT RAISED)",,"STRAIGHT AND LEVEL","UNKNOWN","NO DEFECTS","NOT ON SCENE (DESK REPORT)","NO INJURY / DRIVE AWAY",,,,"OVER $1,500","2026-02-28T22:00:00.000","UNABLE TO DETERMINE","NOT APPLICABLE","5404","N","NAGLE AVE","1613",,,,,,,"2","NO INDICATION OF INJURY","0","0","0","0","0","2","0","20","5","2","41.9794760232","-87.787948565","POINT (-87.787948564978 41.979476023189)"
"c10fa26fbe33ed5d960ad1d1150ac3def3b65723395d4471a8adca74823a255dbfc9e6e628698145677f14ad9dc48a70d2f789cdb79ca03389a7f5b7388f3a13",,"2026-02-26T20:45:00.000","20","NO CONTROLS","NO CONTROLS","CLEAR","DARKNESS, LIGHTED ROAD","ANGLE","FOUR WAY",,"STRAIGHT AND LEVEL","DRY","NO DEFECTS","ON SCENE","INJURY AND / OR TOW DUE TO CRASH",,,"Y","OVER $1,500","2026-02-26T21:53:00.000","FAILING TO REDUCE SPEED TO AVOID CRASH","NOT APPLICABLE","5101","S","CHRISTIANA AVE","822",,,,,,,"3","REPORTED, NOT EVIDENT","1","0","0","0","1","1","0","20","5","2","41.8006790771","-87.7073051659","POINT (-87.707305165916 41.800679077147)"
"e1b082338a9fcd304a3b02432ea6f9cfffaa9526d935488c55ebb751c5bd69654d6760ffa6133f6fac066f79d76cc0ea4ad7515a5df90513e3b7f32d94cfb1b7",,"2026-02-26T20:15:00.000","30","NO CONTROLS","NO CONTROLS","UNKNOWN","DARKNESS","REAR END","DIVIDED - W/MEDIAN BARRIER",,"STRAIGHT AND LEVEL","UNKNOWN","UNKNOWN","NOT ON SCENE (DESK REPORT)","NO INJURY / DRIVE AWAY",,,,"OVER $1,500","2026-03-04T15:30:00.000","DRIVING SKILLS/KNOWLEDGE/EXPERIENCE","UNABLE TO DETERMINE","9730","S","HALSTED ST","2223",,,,,,,"2","NO INDICATION OF INJURY","0","0","0","0","0","2","0","20","5","2","41.7167348614","-87.6432302348","POINT (-87.643230234764 41.716734861442)"
"9efc5fe058930f3279a5a3a58edd854c14b7c98178999323c3b7067c8bbc4b70b9e7a865a4dd67e82b564d688fc41bead7ec38284d29ca18a30562571f1dfff4",,"2026-02-26T20:09:00.000","30","NO CONTROLS","NO CONTROLS","CLEAR","DARKNESS, LIGHTED ROAD","TURNING","NOT DIVIDED",,"STRAIGHT AND LEVEL","DRY","NO DEFECTS","ON SCENE","INJURY AND / OR TOW DUE TO CRASH","Y",,,"OVER $1,500","2026-02-26T20:09:00.000","IMPROPER TURNING/NO SIGNAL","IMPROPER TURNING/NO SIGNAL","3003","N","LARAMIE AVE","2521",,,,,,,"2","NO INDICATION OF INJURY","0","0","0","0","0","3","0","20","5","2","41.9351594425","-87.7564137997","POINT (-87.75641379972 41.935159442451)"
"479e1755a88c3cd9bd0b02499fbc5994ef3bbf8e7b15cb73d36c4a3f0018baf9c3a6382337ee886f8e16d61512611ebb77757bf3f4a99ad668dd819a7c91b5e8",,"2026-02-26T20:00:00.000","35","NO CONTROLS","NO CONTROLS","CLEAR","DARKNESS, LIGHTED ROAD","REAR END","NOT DIVIDED",,"STRAIGHT AND LEVEL","DRY","UNKNOWN","ON SCENE","NO INJURY / DRIVE AWAY",,,,"$500 OR LESS","2026-02-26T20:00:00.000","UNABLE TO DETERMINE","UNABLE TO DETERMINE","10500","S","AVENUE B","432",,,,,,,"2","NO INDICATION OF INJURY","0","0","0","0","0","2","0","20","5","2","41.7044665113","-87.5266357249","POINT (-87.526635724926 41.704466511267)"
"25b1102f6cd0e891196672218ca7448ef175389681b5b7bdfdb46743001293457137e9957bfbd8f09edfd9788cb54f50b036e9539d1914832194214fa269e9a4","Y","2026-02-26T19:50:00.000","30","NO CONTROLS","NO CONTROLS","CLOUDY/OVERCAST","DARKNESS, LIGHTED ROAD","TURNING","NOT DIVIDED",,"STRAIGHT AND LEVEL","DRY","NO DEFECTS","NOT ON SCENE (DESK REPORT)","INJURY AND / OR TOW DUE TO CRASH",,,,"OVER $1,500","2026-02-26T20:30:00.000","IMPROPER TURNING/NO SIGNAL","IMPROPER OVERTAKING/PASSING","2500","W","BRADLEY PL","1921",,,,,,,"2","NO INDICATION OF INJURY","0","0","0","0","0","2","0","19","5","2","41.949575803","-87.6908923675","POINT (-87.690892367522 41.949575803019)"
"e6c71510ea165b11286f3e3982913dcce9426e876bf90ddf571a76fd47fa0c10267df8f4ab14ce4e3e52860eb49ea2c13ab111c99ef15b12e28a943284d912d2",,"2026-02-26T19:45:00.000","30","TRAFFIC SIGNAL","UNKNOWN","UNKNOWN","DARKNESS, LIGHTED ROAD","TURNING","NOT DIVIDED",,"STRAIGHT AND LEVEL","UNKNOWN","UNKNOWN","NOT ON SCENE (DESK REPORT)","NO INJURY / DRIVE AWAY","Y",,"Y","OVER $1,500","2026-02-27T08:44:00.000","UNABLE TO DETERMINE","DRIVING SKILLS/KNOWLEDGE/EXPERIENCE","200","W","GARFIELD BLVD","225",,,,,,,"2","NO INDICATION OF INJURY","0","0","0","0","0","2","0","19","5","2","41.7946703847","-87.6305474761","POINT (-87.630547476056 41.794670384689)"
"0aa4a65a1576a0bb40a68bca573ce394b6c979633c4ef0074349df19797aa31651e64003a0bf4caef43d200621b5c5d7f454a70ec3f4b689028b121bdefac176",,"2026-02-26T19:43:00.000","30","STOP SIGN/FLASHER","UNKNOWN","CLEAR","DARKNESS, LIGHTED ROAD","ANGLE","CENTER TURN LANE",,"STRAIGHT AND LEVEL","DRY","NO DEFECTS","ON SCENE","INJURY AND / OR TOW DUE TO CRASH","Y",,"Y","OVER $1,500","2026-02-26T19:43:00.000","UNABLE TO DETERMINE","UNABLE TO DETERMINE","11900","S","STEWART AVE","522",,,,,,,"2","NO INDICATION OF INJURY","0","0","0","0","0","2","0","19","5","2","41.6778290985","-87.6324194917","POINT (-87.632419491674 41.677829098503)"
"b3164ea32be4dcd97a640cd5c16121d929a5d816cce280af30d1a8f1ea7c7f51992e7f8e6c6107118fd3b271ca61e109eaffa00176d9cec12f3206822c81ef3f",,"2026-02-26T19:35:00.000","30","UNKNOWN","UNKNOWN","UNKNOWN","UNKNOWN","REAR END","NOT DIVIDED",,"STRAIGHT AND LEVEL","UNKNOWN","UNKNOWN","NOT ON SCENE (DESK REPORT)","NO INJURY / DRIVE AWAY",,,"Y","OVER $1,500","2026-02-26T21:46:00.000","NOT APPLICABLE","NOT APPLICABLE","2800","N","CLYBOURN AVE","1931",,,,,,,"2","NO INDICATION OF INJURY","0","0","0","0","0","3","0","19","5","2","41.9322970111","-87.6783610875","POINT (-87.678361087495 41.932297011088)"
"6503cbb625ffaadbfca30140005b8d9b8a40bad8402f0e20326495f1b5362d341a19b8e94fba6bb492fb1b4a2af5784b55aed972723b87f3267778feb717252c",,"2026-02-26T19:30:00.000","30","NO CONTROLS","NO CONTROLS","CLEAR","DARKNESS, LIGHTED ROAD","SIDESWIPE SAME DIRECTION","NOT DIVIDED",,"STRAIGHT AND LEVEL","DRY","NO DEFECTS","ON SCENE","NO INJURY / DRIVE AWAY",,,"Y","$501 - $1,500","2026-02-26T19:41:00.000","DRIVING SKILLS/KNOWLEDGE/EXPERIENCE","UNABLE TO DETERMINE","5820","N","NAGLE AVE","1611",,,,,,,"3","NO INDICATION OF INJURY","0","0","0","0","0","2","0","19","5","2","41.9867671935","-87.7878103326","POINT (-87.787810332587 41.986767193544)"
"9f8e5a184ca498467e35155657b0c46fce46245b0714035c69b14a87852e377a6a9ebc0991b8b6e2e3b3172a58f43e015486422751fc18caf117b1b4fe9882c7",,"2026-02-26T19:30:00.000","30","TRAFFIC SIGNAL","FUNCTIONING PROPERLY","CLEAR","DARKNESS, LIGHTED ROAD","ANGLE","PARKING LOT",,"STRAIGHT AND LEVEL","DRY","NO DEFECTS","NOT ON SCENE (DESK REPORT)","NO INJURY / DRIVE AWAY",,"Y",,"OVER $1,500","2026-02-27T16:20:00.000","UNABLE TO DETERMINE","UNABLE TO DETERMINE","122","W","79TH ST","623",,,,,,,"2","NO INDICATION OF INJURY","0","0","0","0","0","2","0","19","5","2","41.7510031524","-87.6279552194","POINT (-87.627955219367 41.751003152371)"
"cb6fe336b9379a6e98525275f9a107827065e931374caff27c9c16a5281d8d065fad877c93d328ebe37e3d6de6c0a0db2679e7f3116c605832cf5b2c015306fd",,"2026-02-26T19:16:00.000","30","NO CONTROLS","NO CONTROLS","CLEAR","DARKNESS, LIGHTED ROAD","ANGLE","NOT DIVIDED",,"STRAIGHT AND LEVEL","DRY","NO DEFECTS","ON SCENE","INJURY AND / OR TOW DUE TO CRASH",,,,"OVER $1,500","2026-02-26T19:16:00.000","DRIVING SKILLS/KNOWLEDGE/EXPERIENCE","DRIVING SKILLS/KNOWLEDGE/EXPERIENCE","6221","N","BROADWAY","2433",,,,,,,"2","NO INDICATION OF INJURY","0","0","0","0","0","2","0","19","5","2","41.9952114602","-87.6602779929","POINT (-87.660277992909 41.995211460222)"
"3f571e8bd94b0739be520f7b578198508190deb2d1ed72d5f000f163f4ebdc91f48a0b1cc910f2bfa0ea73f45624e704aba65317615129c1ce143803c2780e1d",,"2026-02-26T19:00:00.000","30","UNKNOWN","UNKNOWN","UNKNOWN","UNKNOWN","PEDALCYCLIST","DIVIDED - W/MEDIAN (NOT RAISED)",,"STRAIGHT AND LEVEL","UNKNOWN","UNKNOWN","NOT ON SCENE (DESK REPORT)","INJURY AND / OR TOW DUE TO CRASH",,,,"$500 OR LESS","2026-02-27T14:45:00.000","UNABLE TO DETERMINE","NOT APPLICABLE","110","W","HUBBARD ST","1831",,,,,,,"2","NONINCAPACITATING INJURY","1","0","0","1","0","1","0","19","5","2","41.890123938","-87.6315966593","POINT (-87.631596659305 41.890123938027)"
"504146ec5c02ee34dc8459f90221e988c616be5b65253f76b911f3d89190cedf297057ddebb199a79aca88032c41956e406d76138069cb3ce20e4592e6fd9103",,"2026-02-26T19:00:00.000","30","TRAFFIC SIGNAL","FUNCTIONING PROPERLY","CLEAR","DARKNESS, LIGHTED ROAD","TURNING","FOUR WAY",,"STRAIGHT AND LEVEL","DRY","UNKNOWN","NOT ON SCENE (DESK REPORT)","NO INJURY / DRIVE AWAY","Y",,,"$501 - $1,500","2026-02-26T20:55:00.000","IMPROPER TURNING/NO SIGNAL","IMPROPER TURNING/NO SIGNAL","135","W","SUPERIOR ST","1832",,,,,,,"2","NO INDICATION OF INJURY","0","0","0","0","0","2","0","19","5","2","41.8955044246","-87.6326160427","POINT (-87.632616042719 41.895504424554)"
"611316cebf60f35827c5b6ab69c7679224fb564c958694689a3a043f9e1ba76d78350cb75cd3f4e0bfc860ee880787ac9e1f0ebdfbb64c34ef5fd60921250dc0",,"2026-02-26T19:00:00.000","30","TRAFFIC SIGNAL","FUNCTIONING PROPERLY","CLEAR","DARKNESS, LIGHTED ROAD","TURNING","FOUR WAY",,"STRAIGHT AND LEVEL","DRY","UNKNOWN","NOT ON SCENE (DESK REPORT)","NO INJURY / DRIVE AWAY","Y",,,"OVER $1,500","2026-02-26T19:45:00.000","UNABLE TO DETERMINE","UNABLE TO DETERMINE","7900","S","JEFFERY BLVD","414",,,,,,,"2","NO INDICATION OF INJURY","0","0","0","0","0","2","0","19","5","2","41.7515129841","-87.5761257653","POINT (-87.576125765304 41.751512984098)"
"640f99bd0a7e29847f9a5d7aed1fe2540ff6de1e5631cb13ac457549743ec8a373637c74b0c714013cfaf43872e7091b8a3d23f49437c93557f46b93dc083d4b",,"2026-02-26T19:00:00.000","30","TRAFFIC SIGNAL","FUNCTIONING PROPERLY","CLEAR","DAWN","REAR END","FOUR WAY",,"STRAIGHT AND LEVEL","UNKNOWN","UNKNOWN","NOT ON SCENE (DESK REPORT)","NO INJURY / DRIVE AWAY","Y",,,"$501 - $1,500","2026-02-26T20:15:00.000","UNABLE TO DETERMINE","UNABLE TO DETERMINE","7133","N","CLARK ST","2423",,,,,,,"2","NO INDICATION OF INJURY","0","0","0","0","0","2","0","19","5","2","42.0124646785","-87.6744626117","POINT (-87.674462611715 42.012464678494)"
"84a288c7b288d5b013f22b9eb54761264e2e193fee8f6015aa2ef6a4d540ae362e0c83b8c3f0bb4d694f21be869e640950c094b4b5a7f70f67f665b28f18820b",,"2026-02-26T19:00:00.000","30","NO CONTROLS","NO CONTROLS","CLEAR","DUSK","PEDALCYCLIST","NOT DIVIDED",,"STRAIGHT AND LEVEL","DRY","NO DEFECTS","NOT ON SCENE (DESK REPORT)","INJURY AND / OR TOW DUE TO CRASH",,,,"$501 - $1,500","2026-02-27T09:45:00.000","FAILING TO YIELD RIGHT-OF-WAY","UNABLE TO DETERMINE","400","S","KEDZIE AVE","1134",,,,,,,"2","NONINCAPACITATING INJURY","1","0","0","1","0","1","0","19","5","2","41.8754795162","-87.7061157709","POINT (-87.706115770872 41.875479516163)"
"bf1a6ada952aacbd714c39178b912e4bd51e42de609c1cc6894ff47d8cdee3165ee7760b698ed3a8647a8b0cadc29ee6afec2cc4451e3a289ba959ea788258ee",,"2026-02-26T19:00:00.000","30","NO CONTROLS","NO CONTROLS","CLEAR","DARKNESS, LIGHTED ROAD","ANGLE","ONE-WAY",,"STRAIGHT AND LEVEL","DRY","NO DEFECTS","ON SCENE","INJURY AND / OR TOW DUE TO CRASH","Y",,,"OVER $1,500","2026-02-26T19:03:00.000","FAILING TO YIELD RIGHT-OF-WAY","NOT APPLICABLE","3640","W","LELAND AVE","1723",,,,,,,"2","NO INDICATION OF INJURY","0","0","0","0","0","2","0","19","5","2","41.9666205142","-87.7198769186","POINT (-87.719876918574 41.966620514224)"
"c37a2384e2c39d08b6dcfa6460a9572c43893f7e862820036869dfa8ac334440b2c12af69fa95dfe9f00929353ac023ebeb271d6608c5d7c7c6ff582b696438f",,"2026-02-26T19:00:00.000","30","NO CONTROLS","FUNCTIONING PROPERLY","CLEAR","DARKNESS, LIGHTED ROAD","SIDESWIPE SAME DIRECTION","NOT DIVIDED",,"STRAIGHT AND LEVEL","DRY","NO DEFECTS","NOT ON SCENE (DESK REPORT)","NO INJURY / DRIVE AWAY",,,"Y","OVER $1,500","2026-02-27T14:50:00.000","IMPROPER OVERTAKING/PASSING","IMPROPER LANE USAGE","6418","N","SHERIDAN RD","2432",,,,,,,"2","NO INDICATION OF INJURY","0","0","0","0","0","2","0","19","5","2","41.998757525","-87.6607627554","POINT (-87.660762755379 41.998757524974)"