"crash_record_id","crash_date_est_i","crash_date","posted_speed_limit","traffic_control_device","device_condition","weather_condition","lighting_condition","first_crash_type","trafficway_type","lane_cnt","alignment","roadway_surface_cond","road_defect","report_type","crash_type","intersection_related_i","private_property_i","hit_and_run_i","damage","date_police_notified","prim_contributory_cause","sec_contributory_cause","street_no","street_direction","street_name","beat_of_occurrence","photos_taken_i","statements_taken_i","dooring_i","work_zone_i","work_zone_type","workers_present_i","num_units","most_severe_injury","injuries_total","injuries_fatal","injuries_incapacitating","injuries_non_incapacitating","injuries_reported_not_evident","injuries_no_indication","injuries_unknown","crash_hour","crash_day_of_week","crash_month","latitude","longitude","location"
"ebbccdaad71db0450d48e4edb0fa00975f255156c000ebdb76e99500c5024383dfe45e0227e5c26236e8e09b3cf1c328ee05ca4093f79e5121bdb10cc4a1c38f",,"2026-02-26T19:00:00.000","30","STOP SIGN/FLASHER","FUNCTIONING PROPERLY","CLEAR","UNKNOWN","ANGLE","NOT DIVIDED",,"STRAIGHT AND LEVEL","UNKNOWN","UNKNOWN","NOT ON SCENE (DESK REPORT)","NO INJURY / DRIVE AWAY","Y",,,"$501 - $1,500","2026-02-27T11:50:00.000","UNABLE TO DETERMINE","NOT APPLICABLE","6737","S","PULASKI RD","833",,,,,,,"2","NO INDICATION OF INJURY","0","0","0","0","0","2","0","19","5","2","41.7702902639","-87.722401324","POINT (-87.722401324025 41.770290263912)"
"6727a09d37ecffeb132dae225f6905cb0bcac30c9bea458dd3f760d2b458a5a31bbca935273dbe3bc352296d819e652e4c721ec32e13c617c1e30dc2a50a4d79",,"2026-02-26T18:55:00.000","30","TRAFFIC SIGNAL","FUNCTIONING PROPERLY","UNKNOWN","DARKNESS, LIGHTED ROAD","REAR END","NOT DIVIDED",,"STRAIGHT AND LEVEL","UNKNOWN","UNKNOWN","NOT ON SCENE (DESK REPORT)","NO INJURY / DRIVE AWAY",,,"Y","$501 - $1,500","2026-02-28T17:25:00.000","FAILING TO REDUCE SPEED TO AVOID CRASH","NOT APPLICABLE","2036","N","ELSTON AVE","1432",,,,,,,"2","NO INDICATION OF INJURY","0","0","0","0","0","2","0","18","5","2","41.9187374642","-87.6685711293","POINT (-87.66857112932 41.918737464228)"
"0b516ae574f4fc61c72081cbbce971681b02b559b527e24d99a53bb12df63537cd8ec45e2392d918d3e3ad3c447aadcc3def910b954d2654bd19cc7b878bb0b5",,"2026-02-26T18:53:00.000","30","TRAFFIC SIGNAL","FUNCTIONING PROPERLY","CLEAR","DARKNESS, LIGHTED ROAD","PEDESTRIAN","FOUR WAY",,"STRAIGHT AND LEVEL","DRY","NO DEFECTS","ON SCENE","INJURY AND / OR TOW DUE TO CRASH","Y",,,"$500 OR LESS","2026-02-26T18:53:00.000","FAILING TO YIELD RIGHT-OF-WAY","NOT APPLICABLE","500","W","ROOSEVELT RD","124",,,,,,,"2","REPORTED, NOT EVIDENT","1","0","0","0","1","1","0","18","5","2","41.8673626926","-87.6392931946","POINT (-87.639293194642 41.867362692617)"
"061becd81f018b60c6fb99ccf6eea2372ad411587335171e13a8a0d954d46bebef8987c97c620f6ed6e521b779fca261f5ae520765aa571e48f06e5997809569",,"2026-02-26T18:47:00.000","30","NO CONTROLS","NO CONTROLS","CLEAR","DARKNESS, LIGHTED ROAD","SIDESWIPE OPPOSITE DIRECTION","PARKING LOT",,"STRAIGHT AND LEVEL","DRY","NO DEFECTS","ON SCENE","NO INJURY / DRIVE AWAY",,,,"OVER $1,500","2026-02-26T19:55:00.000","FAILING TO YIELD RIGHT-OF-WAY","FAILING TO YIELD RIGHT-OF-WAY","6940","S","ASHLAND AVE","735",,,,,,,"2","NO INDICATION OF INJURY","0","0","0","0","0","2","0","18","5","2","41.7673282009","-87.6640024274","POINT (-87.664002427358 41.76732820094)"
"f76d51bc3130fb42d91e432f2c5305d04ca5cc135a4f3941220c154ff36cf79a664118b349611f151b332768d114014e93e965293c67a38b709ddef94b0a7c11",,"2026-02-26T18:32:00.000","25","STOP SIGN/FLASHER","UNKNOWN","CLEAR","DARKNESS, LIGHTED ROAD","REAR END","NOT DIVIDED",,"STRAIGHT AND LEVEL","DRY","UNKNOWN","NOT ON SCENE (DESK REPORT)","NO INJURY / DRIVE AWAY",,,,"OVER $1,500","2026-02-26T19:00:00.000","UNABLE TO DETERMINE","NOT APPLICABLE","1344","S","CENTRAL PARK AVE","1011",,,,,,,"2","NO INDICATION OF INJURY","0","0","0","0","0","3","0","18","5","2","41.863029885","-87.7154713921","POINT (-87.715471392071 41.863029885006)"
"bdeca0e9d72250abad8aa1f05855b9179706c657d153e76c599d32700d0c8faec454b877e12f741f5a479b4a3a2a9be4638d4f0f23b2f9713f8dfb0032c6c659",,"2026-02-26T18:30:00.000","30","STOP SIGN/FLASHER","FUNCTIONING PROPERLY","CLEAR","DARKNESS, LIGHTED ROAD","ANGLE","FOUR WAY",,"STRAIGHT AND LEVEL","DRY","NO DEFECTS","NOT ON SCENE (DESK REPORT)","INJURY AND / OR TOW DUE TO CRASH","Y",,"N","OVER $1,500","2026-03-12T18:27:00.000","FAILING TO YIELD RIGHT-OF-WAY","NOT APPLICABLE","7801","S","CICERO AVE","834",,,,,,,"2","NONINCAPACITATING INJURY","2","0","0","2","0","1","0","18","5","2","41.7508989247","-87.7412748177","POINT (-87.741274817684 41.750898924706)"
"d51254485bd76ccca623a23562ef38209f01af3c7abfe069d67c75cb180c30cd1da7f973b811209370de9f68c31bb0bd0db102e262ee568aa15b38a8dc0e9c21",,"2026-02-26T18:30:00.000","30","TRAFFIC SIGNAL","FUNCTIONING PROPERLY","CLEAR","DAWN","REAR END","DIVIDED - W/MEDIAN (NOT RAISED)",,"STRAIGHT AND LEVEL","DRY","NO DEFECTS","ON SCENE","NO INJURY / DRIVE AWAY",,,"Y","$501 - $1,500","2026-02-26T18:42:00.000","UNABLE TO DETERMINE","UNABLE TO DETERMINE","1955","E","87TH ST","412",,,,,,,"2","NO INDICATION OF INJURY","0","0","0","0","0","3","0","18","5","2","41.736942996","-87.5759442777","POINT (-87.575944277716 41.736942995951)"
"ff177c62417e77e7d4ea4800535fda93736b4880e129f31cc8e80cca07831f33609257768504cf5a00ebf3fdcbbf1a862b73ca787094f7558cac6097593e3319",,"2026-02-26T18:30:00.000","35","UNKNOWN","UNKNOWN","UNKNOWN","UNKNOWN","SIDESWIPE SAME DIRECTION","OTHER",,"STRAIGHT AND LEVEL","UNKNOWN","UNKNOWN","NOT ON SCENE (DESK REPORT)","NO INJURY / DRIVE AWAY","Y",,"Y","OVER $1,500","2026-02-26T20:03:00.000","IMPROPER OVERTAKING/PASSING","NOT APPLICABLE","717","N","MICHIGAN AVE","1834",,,,,,,"2","NO INDICATION OF INJURY","0","0","0","0","0","2","0","18","5","2","41.8955581096","-87.6241200636","POINT (-87.624120063627 41.895558109626)"
"698242d1fcee9e9cb4347caea032cfcd816bbfdce041f998447e1630537d1bd9fe380d3e25d38d64f7be0d864fdee372f7447b70d16664d8fe3fd12793609502",,"2026-02-26T18:20:00.000","45","TRAFFIC SIGNAL","FUNCTIONING PROPERLY","CLEAR","DUSK","TURNING","DIVIDED - W/MEDIAN BARRIER",,"STRAIGHT AND LEVEL","DRY","UNKNOWN","NOT ON SCENE (DESK REPORT)","NO INJURY / DRIVE AWAY","Y",,,"OVER $1,500","2026-02-26T19:00:00.000","UNABLE TO DETERMINE","UNABLE TO DETERMINE","750","N","LAKE SHORE DR SB","1833",,,,,,,"2","NO INDICATION OF INJURY","0","0","0","0","0","2","0","18","5","2","41.8963773697","-87.6167331004","POINT (-87.616733100447 41.896377369722)"
"976f576058ed191984280d8b4cbac099352100e78ddbcd5720f82d304f51b50d7f2d882d84f7d424b2aa445a56ca886ed73ce2f084cb5e5b01528bbaf61beab8",,"2026-02-26T18:14:00.000","30","TRAFFIC SIGNAL","FUNCTIONING PROPERLY","CLEAR","DARKNESS, LIGHTED ROAD","SIDESWIPE SAME DIRECTION","NOT DIVIDED",,"STRAIGHT AND LEVEL","DRY","NO DEFECTS","ON SCENE","NO INJURY / DRIVE AWAY",,,,"OVER $1,500","2026-02-26T19:50:00.000","IMPROPER OVERTAKING/PASSING","NOT APPLICABLE","1600","W","FULLERTON AVE","1931",,,,,,,"2","NO INDICATION OF INJURY","0","0","0","0","0","2","0","18","5","2","41.9252605694","-87.668206473","POINT (-87.668206472959 41.92526056938)"
"c14f9a8de6a5a71e63cdf0d48314f521145c5e727c41a3b422bc1f4593aae43934a827e0640dedc555f15c5237b2565b45437b38cdcf4ee9192f02bd98f884e3",,"2026-02-26T18:10:00.000","30","TRAFFIC SIGNAL","FUNCTIONING PROPERLY","CLEAR","DARKNESS, LIGHTED ROAD","PEDALCYCLIST","FOUR WAY",,"STRAIGHT AND LEVEL","DRY","NO DEFECTS","ON SCENE","INJURY AND / OR TOW DUE TO CRASH","N",,,"OVER $1,500","2026-02-26T18:10:00.000","DISREGARDING OTHER TRAFFIC SIGNS","NOT APPLICABLE","7500","S","STONY ISLAND AVE","411",,,"N",,,,"2","INCAPACITATING INJURY","1","0","1","0","0","1","0","18","5","2","41.7587154667","-87.5862809648","POINT (-87.586280964844 41.758715466706)"
"cd95e3f45afda445970820572a81d8e122e294590c0f5faa0ce1f8da15bc2bcd7eba04f929cd15e152765ba3c898d41709f62bcfc6a1f8554cd6afc76b552258",,"2026-02-26T18:10:00.000","30","NO CONTROLS","NO CONTROLS","CLEAR","DUSK","TURNING","NOT DIVIDED",,"STRAIGHT AND LEVEL","DRY","NO DEFECTS","ON SCENE","NO INJURY / DRIVE AWAY","Y",,,"OVER $1,500","2026-02-26T18:44:00.000","FAILING TO YIELD RIGHT-OF-WAY","UNABLE TO DETERMINE","4106","N","NARRAGANSETT AVE","1632",,,,,,,"2","NO INDICATION OF INJURY","0","0","0","0","0","3","0","18","5","2","41.9550168636","-87.7867753464","POINT (-87.786775346406 41.955016863601)"
"1ab3eac043612c97141e87438970fc7386f975ac133ccbfc03f2c8cf0e098265ecc5943529f157dc3a0efd2cf4b8fad27b8fb9569561eb4a6ac76a740b45fddf",,"2026-02-26T18:04:00.000","30","TRAFFIC SIGNAL","UNKNOWN","CLEAR","DAWN","REAR END","DIVIDED - W/MEDIAN (NOT RAISED)",,"STRAIGHT AND LEVEL","DRY","UNKNOWN","ON SCENE","INJURY AND / OR TOW DUE TO CRASH",,,,"$500 OR LESS","2026-02-26T18:06:00.000","UNABLE TO DETERMINE","UNABLE TO DETERMINE","3633","N","ELSTON AVE","1733",,,,,,,"2","NONINCAPACITATING INJURY","1","0","0","1","0","2","0","18","5","2","41.9473497347","-87.7096879175","POINT (-87.709687917487 41.947349734668)"
"88f37e7baacf3e72ca67fa4c7599e6189eb941dbdbfdddf26e9951aaa8cec06b5748384821da58f6a9281c9de4e9fa71c1a7cb5868a786aa0b8f6044a369102b",,"2026-02-26T17:58:00.000","25","TRAFFIC SIGNAL","FUNCTIONING PROPERLY","CLOUDY/OVERCAST","DUSK","REAR END","ONE-WAY",,"STRAIGHT AND LEVEL","DRY","NO DEFECTS","ON SCENE","INJURY AND / OR TOW DUE TO CRASH","Y",,"Y","OVER $1,500","2026-02-26T18:01:00.000","UNABLE TO DETERMINE","UNABLE TO DETERMINE","3550","W","CONGRESS PKWY","1133",,,,,,,"2","NO INDICATION OF INJURY","0","0","0","0","0","2","0","17","5","2","41.874597031","-87.7148923837","POINT (-87.714892383743 41.874597030983)"
"d9b371cfe08a98bf813210e8470fc4c9e81d75b5246169eb0b233921f25771a547004de398ce2916c97098ab4baf85826438a818ad5625585e5dc7c836482bea",,"2026-02-26T17:52:00.000","30","TRAFFIC SIGNAL","FUNCTIONING PROPERLY","CLEAR","DARKNESS, LIGHTED ROAD","TURNING","NOT DIVIDED",,"STRAIGHT AND LEVEL","DRY","NO DEFECTS","ON SCENE","NO INJURY / DRIVE AWAY",,,,"$501 - $1,500","2026-02-26T18:03:00.000","IMPROPER TURNING/NO SIGNAL","DRIVING SKILLS/KNOWLEDGE/EXPERIENCE","7900","S","ASHLAND AVE","611",,,,,,,"2","NO INDICATION OF INJURY","0","0","0","0","0","3","0","17","5","2","41.7502622404","-87.6635801171","POINT (-87.663580117092 41.750262240415)"
"5da4f9064b98e615e9f08ae6ced67bb90a67c52b8758c577d9e062020a20d6e863bc8847aa6cb4a556ad1dcd8f6567cdf700a4d232ae2cf79619fd46ee5b1e3b",,"2026-02-26T17:50:00.000","30","NO CONTROLS","NO CONTROLS","CLEAR","DARKNESS, LIGHTED ROAD","REAR END","NOT DIVIDED",,"STRAIGHT AND LEVEL","DRY","NO DEFECTS","NOT ON SCENE (DESK REPORT)","NO INJURY / DRIVE AWAY",,,,"OVER $1,500","2026-02-27T14:45:00.000","FOLLOWING TOO CLOSELY","UNABLE TO DETERMINE","1316","W","BELMONT AVE","1924","Y",,,,,,"2","NO INDICATION OF INJURY","0","0","0","0","0","2","0","17","5","2","41.9399038299","-87.6619596364","POINT (-87.661959636399 41.939903829866)"
"cfa8a3b463ea76c380de9a600834da76b037a298d3a864240580fdfbad990ed89c40d4f8155614f5600f2892a7d4753054bb738694d5324250eee3f4a8012284",,"2026-02-26T17:45:00.000","30","STOP SIGN/FLASHER","FUNCTIONING PROPERLY","CLEAR","DARKNESS, LIGHTED ROAD","ANGLE","NOT DIVIDED",,"STRAIGHT AND LEVEL","DRY","NO DEFECTS","ON SCENE","INJURY AND / OR TOW DUE TO CRASH","Y",,,"OVER $1,500","2026-02-26T17:48:00.000","FAILING TO YIELD RIGHT-OF-WAY","UNABLE TO DETERMINE","3132","W","ADDISON ST","1733",,,,,,,"2","REPORTED, NOT EVIDENT","2","0","0","0","2","0","0","17","5","2","41.9467492713","-87.7067373909","POINT (-87.706737390862 41.946749271304)"
"1d50a60adf35ed07b880a854deaf5d430733e30308366b4af9cbfc1c35b427a0e91f63db4b623ee8d77addfc85ec848bba2158b11933559c53717106348a4e9f",,"2026-02-26T17:30:00.000","30","TRAFFIC SIGNAL","FUNCTIONING PROPERLY","CLEAR","DAYLIGHT","SIDESWIPE SAME DIRECTION","NOT DIVIDED",,"STRAIGHT AND LEVEL","DRY","UNKNOWN",,"NO INJURY / DRIVE AWAY",,,,"OVER $1,500","2026-02-26T18:50:00.000","UNABLE TO DETERMINE","NOT APPLICABLE","2800","W","DIVERSEY AVE","1411",,,,,,,"2","NO INDICATION OF INJURY","0","0","0","0","0","2","0","17","5","2","41.9322053951","-87.6976792439","POINT (-87.697679243869 41.932205395065)"
"76ace2ec7f6de52ec3399272b49602eaffe37f9ea22031d70166c2dc5a386ce4b152e4d90b20115dab18916091bca106ad1123d0df83dd73a13f99b98fe64c20",,"2026-02-26T17:30:00.000","30","TRAFFIC SIGNAL","FUNCTIONING PROPERLY","CLEAR","DAYLIGHT","SIDESWIPE SAME DIRECTION","DIVIDED - W/MEDIAN (NOT RAISED)",,"STRAIGHT AND LEVEL","DRY","NO DEFECTS","NOT ON SCENE (DESK REPORT)","NO INJURY / DRIVE AWAY","Y",,,"OVER $1,500","2026-02-26T18:00:00.000","FAILING TO YIELD RIGHT-OF-WAY","UNABLE TO DETERMINE","1609","W","LAWRENCE AVE","1912",,,,,,,"2","NO INDICATION OF INJURY","0","0","0","0","0","2","0","17","5","2","41.9687669549","-87.6698505115","POINT (-87.669850511513 41.968766954906)"
"fbbdda12118d86e4a720a913d2c3b996b9de9f05992854f4ea27d346933fb00a308ca206d2a7bebfb29865e3e11ad8fc6479afebfa1dca011cd3a2f546715ab4",,"2026-02-26T17:30:00.000","30","NO CONTROLS","NO CONTROLS","CLEAR","UNKNOWN","REAR END","NOT DIVIDED",,"STRAIGHT AND LEVEL","UNKNOWN","UNKNOWN","NOT ON SCENE (DESK REPORT)","NO INJURY / DRIVE AWAY",,,,"$501 - $1,500","2026-02-27T17:47:00.000","UNABLE TO DETERMINE","UNABLE TO DETERMINE","230","W","NORTH AVE","1814",,,,,,,"2","NO INDICATION OF INJURY","0","0","0","0","0","2","0","17","5","2","41.9112599678","-87.6359875099","POINT (-87.635987509909 41.91125996781)"
"6e7b981e8170b13f82daead741e31812d23ededef0ea373255c539ebc92a8894b3300979e69346929255afd1fc7208158544b2d58343db845152a5efad3c185a",,"2026-02-26T17:20:00.000","30","STOP SIGN/FLASHER","FUNCTIONING PROPERLY","CLEAR","DAYLIGHT","TURNING","DIVIDED - W/MEDIAN (NOT RAISED)",,"STRAIGHT AND LEVEL","DRY","NO DEFECTS","ON SCENE","INJURY AND / OR TOW DUE TO CRASH","Y",,,"OVER $1,500","2026-02-26T17:40:00.000","DISREGARDING STOP SIGN","NOT APPLICABLE","6701","S","CREGIER AVE","332",,,,,,,"2","REPORTED, NOT EVIDENT","1","0","0","0","1","3","0","17","5","2","41.7733014831","-87.5812657928","POINT (-87.581265792795 41.773301483086)"
"90d0a38af28439080e8949885746d7bdd40e7130a7e37e76899cb84b8612c0c0510ee75b1764dffec5a33c8d24b1dbc133f46b5b4ebdfa1d6f30f6a4157604d6",,"2026-02-26T17:15:00.000","30","TRAFFIC SIGNAL","FUNCTIONING PROPERLY","CLEAR","DAYLIGHT","TURNING","NOT DIVIDED",,"STRAIGHT AND LEVEL","DRY","NO DEFECTS","NOT ON SCENE (DESK REPORT)","NO INJURY / DRIVE AWAY","N",,"Y","OVER $1,500","2026-02-27T13:20:00.000","UNABLE TO DETERMINE","NOT APPLICABLE","719","E","111TH ST","531",,,,,,,"2","NO INDICATION OF INJURY","0","0","0","0","0","3","0","17","5","2","41.692718183","-87.6049917419","POINT (-87.604991741949 41.692718182974)"
"8e1728f2811425ba64bed4903a381d7e0d7eddc504a14bbe46128e8ca02646312f0c56f341abd3190cbf36b9ffe954423d45c9272294241fc24afae1c293dce2",,"2026-02-26T17:00:00.000","30","STOP SIGN/FLASHER","FUNCTIONING PROPERLY","CLEAR","DARKNESS, LIGHTED ROAD","PARKED MOTOR VEHICLE","DIVIDED - W/MEDIAN (NOT RAISED)",,"STRAIGHT AND LEVEL","DRY","NO DEFECTS","NOT ON SCENE (DESK REPORT)","NO INJURY / DRIVE AWAY","Y",,,"OVER $1,500","2026-02-27T12:30:00.000","UNABLE TO DETERMINE","NOT APPLICABLE","5060","N","PARKSIDE AVE","1622",,,,,,,"2","NO INDICATION OF INJURY","0","0","0","0","0","1","0","17","5","2","41.9737789092","-87.7698770155","POINT (-87.769877015548 41.973778909214)"
"b3a2b8c33c00490e0fc6c8c65f03eba5835eef442bb236c7206f05d715f3e9eed94439e071ec24fdf671bf3352abdeed79de6c066849d0c6ac00eee2bdb7503b",,"2026-02-26T17:00:00.000","30","STOP SIGN/FLASHER","FUNCTIONING PROPERLY","CLEAR","DAYLIGHT","ANGLE","FOUR WAY",,"STRAIGHT AND LEVEL","DRY","NO DEFECTS","NOT ON SCENE (DESK REPORT)","NO INJURY / DRIVE AWAY","N",,,"OVER $1,500","2026-03-06T11:30:00.000","FAILING TO YIELD RIGHT-OF-WAY","FAILING TO YIELD RIGHT-OF-WAY","7100","S","MARSHFIELD AVE","735",,,,,,,"2","NO INDICATION OF INJURY","0","0","0","0","0","2","0","17","5","2","41.7648001995","-87.665173077","POINT (-87.665173076997 41.764800199457)"
"a0a0b74ad5eea2812ef4befd42f491db7d2cea563301dfd8cdcb64f9253fa070f459144b42f7165dc3bc8c5300acd8de732e1532835125321ba863da4efe4723",,"2026-02-26T16:50:00.000","30","TRAFFIC SIGNAL","FUNCTIONING PROPERLY","CLEAR","DAYLIGHT","SIDESWIPE SAME DIRECTION","FOUR WAY",,"STRAIGHT AND LEVEL","DRY","NO DEFECTS","ON SCENE","NO INJURY / DRIVE AWAY","Y",,,"OVER $1,500","2026-02-26T16:52:00.000","IMPROPER OVERTAKING/PASSING","NOT APPLICABLE","7500","S","VINCENNES AVE","623",,,,,,,"2","NO INDICATION OF INJURY","0","0","0","0","0","3","0","16","5","2","41.7581455263","-87.6315247504","POINT (-87.631524750352 41.758145526339)"
"f33d16dbe49f2049933685e4aefaac50b86dbd9698a7aad2dc1f3e12ca778681fdd4f0eac30b929c66cf68dcd3584c9e183ea32abebb99402cc74366b74b4aec",,"2026-02-26T16:41:00.000","25","TRAFFIC SIGNAL","FUNCTIONING PROPERLY","CLEAR","DAYLIGHT","PARKED MOTOR VEHICLE","NOT DIVIDED",,"STRAIGHT AND LEVEL","DRY","NO DEFECTS","ON SCENE","NO INJURY / DRIVE AWAY","Y",,,"$500 OR LESS","2026-02-26T16:44:00.000","UNABLE TO DETERMINE","UNABLE TO DETERMINE","3153","W","DIVERSEY AVE","1411",,,,,,,"2","NO INDICATION OF INJURY","0","0","0","0","0","2","0","16","5","2","41.9319179614","-87.7071309088","POINT (-87.707130908835 41.931917961377)"
"0af9ef436eaf72b59a669df8fc6ce968181b250b11477262a396a81b05c2913d155afdc1325fbf55ab1751434d3fcdd3733884a5ef082964b89fb80d55abab76",,"2026-02-26T16:40:00.000","30","UNKNOWN","UNKNOWN","CLOUDY/OVERCAST","DARKNESS, LIGHTED ROAD","REAR END","NOT DIVIDED",,"STRAIGHT AND LEVEL","UNKNOWN","UNKNOWN","NOT ON SCENE (DESK REPORT)","NO INJURY / DRIVE AWAY",,,,"OVER $1,500","2026-02-26T19:40:00.000","UNABLE TO DETERMINE","UNABLE TO DETERMINE","151","N","WACKER DR","122",,,,,,,"2","NO INDICATION OF INJURY","0","0","0","0","0","2","0","16","5","2","41.8844945971","-87.6366795459","POINT (-87.636679545895 41.884494597124)"
"426936746712d89f169d984e365565c72dd15d3f8d4d0699e8171cd297100b47631c68492ffe786ddc3785ae67e4e6416b10fa9930bf3b732a392f6550205c97",,"2026-02-26T16:36:00.000","30","NO CONTROLS","NO CONTROLS","CLEAR","DAYLIGHT","REAR TO FRONT","NOT DIVIDED",,"STRAIGHT AND LEVEL","DRY","NO DEFECTS","NOT ON SCENE (DESK REPORT)","NO INJURY / DRIVE AWAY",,,,"$500 OR LESS","2026-02-27T10:10:00.000","FAILING TO YIELD RIGHT-OF-WAY","NOT APPLICABLE","1314","W","BELMONT AVE","1924","N",,,,,,"2","NO INDICATION OF INJURY","0","0","0","0","0","3","0","16","5","2","41.939904917","-87.6618870023","POINT (-87.661887002267 41.939904916967)"
"9fd989f4d17a5b0d728fdaec7973830d3a44439b94d0e3c8cd922a8b7760bdea8b2f591328cdba17889159a199b532faa25ca6e45e2bc3ea25adec75101aa5c1",,"2026-02-26T16:35:00.000","30","UNKNOWN","UNKNOWN","UNKNOWN","UNKNOWN","SIDESWIPE SAME DIRECTION","OTHER",,"STRAIGHT AND LEVEL","UNKNOWN","UNKNOWN","NOT ON SCENE (DESK REPORT)","NO INJURY / DRIVE AWAY",,,,"$501 - $1,500","2026-02-26T19:00:00.000","UNABLE TO DETERMINE","NOT APPLICABLE","5959","S","STONY ISLAND AVE","331",,,,,,,"2","NO INDICATION OF INJURY","0","0","0","0","0","2","0","16","5","2","41.7861575555","-87.5864491425","POINT (-87.586449142498 41.786157555529)"
"35ae5b86f1a8bf5aaca4b588ccdf76ffbf8a96ef5825c369159b5ad7e8583e2daab0434b9d8ed320efb57177300262ab49b46c979ea53d3717f5a8aebb62fc53",,"2026-02-26T16:32:00.000","30","UNKNOWN","UNKNOWN","CLEAR","DAYLIGHT","PARKED MOTOR VEHICLE","UNKNOWN",,"STRAIGHT AND LEVEL","DRY","UNKNOWN","NOT ON SCENE (DESK REPORT)","NO INJURY / DRIVE AWAY",,,"Y","OVER $1,500","2026-02-26T19:00:00.000","UNABLE TO DETERMINE","UNABLE TO DETERMINE","5933","S","DAMEN AVE","714",,,,,,,"2","NO INDICATION OF INJURY","0","0","0","0","0","1","0","16","5","2","41.7856341474","-87.6739252371","POINT (-87.673925237079 41.785634147445)"
"19e30edd34ad488e1c2c43880b726819e99ede3c4fe8978149d1e61e2e3da0fda894b5f03472274376ca059a55946beac901f4e717cc3c7b3e17ef101e3803d5",,"2026-02-26T16:30:00.000","30","NO CONTROLS","NO CONTROLS","CLEAR","DAYLIGHT","TURNING","DIVIDED - W/MEDIAN (NOT RAISED)",,"STRAIGHT AND LEVEL","DRY","NO DEFECTS","NOT ON SCENE (DESK REPORT)","NO INJURY / DRIVE AWAY",,,,"OVER $1,500","2026-02-27T11:51:00.000","UNABLE TO DETERMINE","UNABLE TO DETERMINE","3251","N","KEDZIE AVE","1733",,,,,,,"2","NO INDICATION OF INJURY","0","0","0","0","0","2","0","16","5","2","41.9407864777","-87.7075169792","POINT (-87.707516979208 41.940786477671)"
"578b9615b2714d99d819c556c294b741673915206cb5c9d177247220616f5d94a212b6aeaeefe2df1b14666db28341b4b5c9f301c5d65a578be19b057b30744f",,"2026-02-26T16:30:00.000","30","NO CONTROLS","NO CONTROLS","CLEAR","DAYLIGHT","REAR END","NOT DIVIDED",,"STRAIGHT AND LEVEL","DRY","NO DEFECTS","NOT ON SCENE (DESK REPORT)","NO INJURY / DRIVE AWAY",,,,"$501 - $1,500","2026-02-26T17:23:00.000","FOLLOWING TOO CLOSELY","NOT APPLICABLE","8242","S","ASHLAND AVE","614",,,,,,,"2","NO INDICATION OF INJURY","0","0","0","0","0","2","0","16","5","2","41.7436162378","-87.6634130365","POINT (-87.663413036518 41.743616237762)"
"5620580cfad7c0da3c5d2764a4a081012ffe5cce095745cd3c0f53419c3e2aa6044232c5095afc8d960426838f59bd31f61e40e2a670a03f7635d553b75ddf05",,"2026-02-26T16:28:00.000","30","NO CONTROLS","NO CONTROLS","CLEAR","DAYLIGHT","REAR END","DIVIDED - W/MEDIAN (NOT RAISED)",,"STRAIGHT AND LEVEL","DRY","NO DEFECTS","NOT ON SCENE (DESK REPORT)","NO INJURY / DRIVE AWAY",,,,"$501 - $1,500","2026-02-26T18:00:00.000","UNABLE TO DETERMINE","UNABLE TO DETERMINE","3125","N","CICERO AVE","2521",,,,,,,"2","NO INDICATION OF INJURY","0","0","0","0","0","2","0","16","5","2","41.9377552752","-87.7466988666","POINT (-87.746698866647 41.937755275227)"
"ac397b448daea052613bbc0f0411faa08845e5033740c27c171c545656d74c1aa2d2ddf718d43adb145573744f9b34bd2454ba0e350e18b3c18d921410723691",,"2026-02-26T16:25:00.000","30","STOP SIGN/FLASHER","FUNCTIONING PROPERLY","CLEAR","DAYLIGHT","TURNING","NOT DIVIDED",,"STRAIGHT AND LEVEL","DRY","NO DEFECTS","ON SCENE","NO INJURY / DRIVE AWAY","Y",,,"$500 OR LESS","2026-02-26T16:49:00.000","FAILING TO YIELD RIGHT-OF-WAY","UNABLE TO DETERMINE","5800","S","WESTERN AVE","824",,,,,,,"2","NO INDICATION OF INJURY","0","0","0","0","0","2","0","16","5","2","41.788264057","-87.6840280022","POINT (-87.684028002172 41.788264056992)"
"4fd51e78f3267962f4020bd0af58ed244b1a0d4881136a6af34cdb2745b1302b44ac5e0b36e2809b187b7622b7104d0f9c4438efa3d9ab8bdd25b07eb07ec2cc",,"2026-02-26T16:24:00.000","30","NO CONTROLS","FUNCTIONING PROPERLY","CLEAR","DAYLIGHT","REAR END","DIVIDED - W/MEDIAN (NOT RAISED)",,"STRAIGHT AND LEVEL","DRY","NO DEFECTS","ON SCENE","NO INJURY / DRIVE AWAY",,,,"$500 OR LESS","2026-02-26T16:26:00.000","FAILING TO REDUCE SPEED TO AVOID CRASH","FAILING TO REDUCE SPEED TO AVOID CRASH","1100","N","CICERO AVE","1531",,,,,,,"2","NO INDICATION OF INJURY","0","0","0","0","0","2","0","16","5","2","41.9005604215","-87.7460773592","POINT (-87.746077359248 41.900560421482)"