"crash_record_id","crash_date_est_i","crash_date","posted_speed_limit","traffic_control_device","device_condition","weather_condition","lighting_condition","first_crash_type","trafficway_type","lane_cnt","alignment","roadway_surface_cond","road_defect","report_type","crash_type","intersection_related_i","private_property_i","hit_and_run_i","damage","date_police_notified","prim_contributory_cause","sec_contributory_cause","street_no","street_direction","street_name","beat_of_occurrence","photos_taken_i","statements_taken_i","dooring_i","work_zone_i","work_zone_type","workers_present_i","num_units","most_severe_injury","injuries_total","injuries_fatal","injuries_incapacitating","injuries_non_incapacitating","injuries_reported_not_evident","injuries_no_indication","injuries_unknown","crash_hour","crash_day_of_week","crash_month","latitude","longitude","location"
"73c32b0af324b5e11fa3cbdd7598749e8529832d1b0e727906abf9cad7afa5ce46b9e535593e0f901a746fd901fe2609dfe07f6e6d3f5e5fed7582946ac13a28",,"2026-02-26T16:21:00.000","30","NO CONTROLS","NO CONTROLS","CLEAR","DAYLIGHT","ANGLE","ALLEY",,"STRAIGHT AND LEVEL","DRY","NO DEFECTS","NOT ON SCENE (DESK REPORT)","INJURY AND / OR TOW DUE TO CRASH",,,,"OVER $1,500","2026-02-26T17:45:00.000","NOT APPLICABLE","NOT APPLICABLE","6700","S","CRANDON AVE","331",,,,,,,"2","NONINCAPACITATING INJURY","2","0","0","2","0","1","0","16","5","2","41.7734276547","-87.5701267099","POINT (-87.570126709941 41.773427654738)"
"fbfcdb446e9bc6e8cb1ebc34dff5193c1408b81771c930482c5ede85a8caceb6c4a60469a5e2ddf14a6a889624714b9db6a23f0f0e3182002f9e7d17f853229b",,"2026-02-26T16:20:00.000","30","TRAFFIC SIGNAL","FUNCTIONING PROPERLY","CLEAR","DAYLIGHT","HEAD ON","NOT DIVIDED",,"STRAIGHT AND LEVEL","DRY","UNKNOWN","NOT ON SCENE (DESK REPORT)","NO INJURY / DRIVE AWAY","Y",,,"$500 OR LESS","2026-02-26T16:43:00.000","UNABLE TO DETERMINE","UNABLE TO DETERMINE","4000","W","63RD ST","813",,,,,,,"2","NO INDICATION OF INJURY","0","0","0","0","0","3","0","16","5","2","41.7787673901","-87.7228231953","POINT (-87.722823195304 41.778767390084)"
"9aa8f1440af4daf8f74fff2b6ad778cbcda07b2bbf7de58375490139098699efed3240a7939ab741516d72a00f561855a5cdc8fdd8acc7fb642512f264411103",,"2026-02-26T16:13:00.000","30","TRAFFIC SIGNAL","FUNCTIONING PROPERLY","CLEAR","DAYLIGHT","REAR END","DIVIDED - W/MEDIAN (NOT RAISED)",,"STRAIGHT AND LEVEL","DRY","NO DEFECTS","ON SCENE","NO INJURY / DRIVE AWAY",,,,"$500 OR LESS","2026-02-26T16:14:00.000","UNABLE TO DETERMINE","NOT APPLICABLE","998","W","FOSTER AVE","2023",,,,,,,"2","NO INDICATION OF INJURY","0","0","0","0","0","2","0","16","5","2","41.9765075606","-87.6548728067","POINT (-87.654872806663 41.97650756059)"
"1445570f32b5d58633f5e684bef092b6e5321403fd864300295c5e424d4f1a57fb28cd178a2ca8d66489fc0a3a199513450f5f4147d14b0ed73873d35d471f1d",,"2026-02-26T16:10:00.000","30","NO CONTROLS","NO CONTROLS","CLEAR","DAYLIGHT","PARKED MOTOR VEHICLE","NOT DIVIDED",,"STRAIGHT AND LEVEL","DRY","UNKNOWN","ON SCENE","NO INJURY / DRIVE AWAY",,,,"OVER $1,500","2026-02-26T16:13:00.000","UNABLE TO DETERMINE","NOT APPLICABLE","4241","N","CLARENDON AVE","1915",,,,,,,"2","NO INDICATION OF INJURY","0","0","0","0","0","2","0","16","5","2","41.9596953453","-87.649704703","POINT (-87.649704703042 41.959695345308)"
"1f691892a80077ba7f43c4596858020c2a854a29f07f3c0aa7fd31b0cc3e160a39ecb493ec192ef4fde371a934faa59374769eb44c62af45183ff7d601c9dbfa",,"2026-02-26T16:09:00.000","30","STOP SIGN/FLASHER","FUNCTIONING PROPERLY","CLEAR","DAYLIGHT","REAR END","DIVIDED - W/MEDIAN (NOT RAISED)",,"STRAIGHT AND LEVEL","DRY","UNKNOWN","ON SCENE","NO INJURY / DRIVE AWAY",,,"Y","OVER $1,500","2026-02-26T16:12:00.000","FOLLOWING TOO CLOSELY","NOT APPLICABLE","10498","S","HALSTED ST","2233",,,,,,,"2","NO INDICATION OF INJURY","0","0","0","0","0","2","0","16","5","2","41.7033676526","-87.6428706188","POINT (-87.642870618803 41.703367652612)"
"1e05807f976829eab5043fde29e38ebba77c281863e462ce3b75bb27b15ba4d66adbaca2c33d74a74f47f2cf3ebfed18a1979b2dea2ae70eb9d53a58151ca5d7","Y","2026-02-26T16:05:00.000","30","STOP SIGN/FLASHER","FUNCTIONING PROPERLY","CLEAR","DAYLIGHT","REAR END","NOT DIVIDED",,"STRAIGHT AND LEVEL","DRY","UNKNOWN","NOT ON SCENE (DESK REPORT)","NO INJURY / DRIVE AWAY",,,,"OVER $1,500","2026-02-26T16:20:00.000","FOLLOWING TOO CLOSELY","NOT APPLICABLE","3100","N","SACRAMENTO AVE","1411",,,,,,,"2","NO INDICATION OF INJURY","0","0","0","0","0","3","0","16","5","2","41.9376423946","-87.7028253223","POINT (-87.702825322335 41.937642394642)"
"3930be5b3e3f7c62d8b7be5f2060862e46f4df9fa7753ef9e31593ed1d613b86542a6207a1f9996c3bc3cc4cdc6a08f1f72509fb59702e1726f37e338a4c9c27",,"2026-02-26T16:00:00.000","30","TRAFFIC SIGNAL","FUNCTIONING PROPERLY","CLEAR","DAYLIGHT","TURNING","NOT DIVIDED",,"STRAIGHT AND LEVEL","DRY","NO DEFECTS","NOT ON SCENE (DESK REPORT)","NO INJURY / DRIVE AWAY",,,,"$501 - $1,500","2026-02-26T17:15:00.000","IMPROPER TURNING/NO SIGNAL","NOT APPLICABLE","7807","S","CICERO AVE","834",,,,,,,"2","NO INDICATION OF INJURY","0","0","0","0","0","3","0","16","5","2","41.75072749","-87.7412686021","POINT (-87.741268602094 41.750727490036)"
"a0c4bd14fda81317221560f186e02d5b8dafa6461da8597823c61a8e2529260b31900a93145a29efffed4e668fcfbe7de7dee05466f7eafd938daa4c9aadd1f3",,"2026-02-26T16:00:00.000","30","STOP SIGN/FLASHER","FUNCTIONING PROPERLY","CLEAR","DAYLIGHT","ANGLE","DIVIDED - W/MEDIAN (NOT RAISED)",,"STRAIGHT AND LEVEL","DRY","NO DEFECTS","ON SCENE","NO INJURY / DRIVE AWAY","Y",,"Y","$501 - $1,500","2026-02-26T16:30:00.000","UNABLE TO DETERMINE","NOT APPLICABLE","404","W","103RD ST","2232",,,,,,,"2","NO INDICATION OF INJURY","0","0","0","0","0","2","0","16","5","2","41.7071441761","-87.6338338866","POINT (-87.633833886609 41.707144176087)"
"a9b9937c361fd1d9884931ddb709bafc1aa6eef7ede61ce5a60d1bcd8122624db66408c14846fa113b9232e4b876acd277ef8264bd2e5f963fcbaffa147133ef",,"2026-02-26T16:00:00.000","30","NO CONTROLS","NO CONTROLS","CLEAR","DAYLIGHT","REAR END","PARKING LOT",,"STRAIGHT AND LEVEL","UNKNOWN","UNKNOWN","NOT ON SCENE (DESK REPORT)","NO INJURY / DRIVE AWAY",,,,"OVER $1,500","2026-02-26T16:18:00.000","FOLLOWING TOO CLOSELY","NOT APPLICABLE","1633","W","95TH ST","2213",,,,,,,"2","NO INDICATION OF INJURY","0","0","0","0","0","2","0","16","5","2","41.7210827914","-87.6641859608","POINT (-87.66418596077 41.721082791424)"
"c5f1d9f164aa448496826100451113ce5b8585b0c8f620330488e822f46290794a57aba67c6aad4a087b7098837421904775c80352474f660b1e75809ee03b31",,"2026-02-26T15:55:00.000","30","NO CONTROLS","NO CONTROLS","CLOUDY/OVERCAST","DAYLIGHT","PARKED MOTOR VEHICLE","NOT DIVIDED",,"STRAIGHT AND LEVEL","DRY","NO DEFECTS","NOT ON SCENE (DESK REPORT)","NO INJURY / DRIVE AWAY",,,"N","$501 - $1,500","2026-02-26T16:30:00.000","IMPROPER OVERTAKING/PASSING","UNABLE TO DETERMINE","756","N","WESTERN AVE","1221",,,,,,,"2","NO INDICATION OF INJURY","0","0","0","0","0","1","0","15","5","2","41.8956320522","-87.6869868676","POINT (-87.686986867606 41.895632052158)"
"1b1bf1762639e6af0353abab88ec9d05f700a12926e324b4066a03c18122dc70e7d11fb29077358cb2f749bdc119f8b9ee14b65f0b309bd28bc688d1ed17e40b",,"2026-02-26T15:45:00.000","30","NO CONTROLS","NO CONTROLS","CLOUDY/OVERCAST","DAYLIGHT","REAR END","DIVIDED - W/MEDIAN (NOT RAISED)",,"STRAIGHT AND LEVEL","UNKNOWN","UNKNOWN","NOT ON SCENE (DESK REPORT)","NO INJURY / DRIVE AWAY",,,,"OVER $1,500","2026-02-26T15:55:00.000","FOLLOWING TOO CLOSELY","FAILING TO REDUCE SPEED TO AVOID CRASH","666","N","ORLEANS ST","1831",,,,,,,"2","NO INDICATION OF INJURY","0","0","0","0","0","2","0","15","5","2","41.8942772248","-87.6372582532","POINT (-87.637258253181 41.894277224763)"
"8d8bd0bb93c0a2b9887de7dbe28b722bde74532f401c5b17ac935ff7070c7ff7b5f040ff0f493d99d450b0440146bf514194be3907159ad29ddab9efaf97b77d",,"2026-02-26T15:45:00.000","25","UNKNOWN","UNKNOWN","CLEAR","DAYLIGHT","ANGLE","FOUR WAY",,"STRAIGHT AND LEVEL","DRY","NO DEFECTS","ON SCENE","INJURY AND / OR TOW DUE TO CRASH","Y",,,"OVER $1,500","2026-02-26T15:47:00.000","FAILING TO YIELD RIGHT-OF-WAY","NOT APPLICABLE","2198","S","KILBOURN AVE","1012",,,,,,,"2","NO INDICATION OF INJURY","0","0","0","0","0","2","0","15","5","2","41.8514150638","-87.7370639061","POINT (-87.7370639061 41.851415063768)"
"968c8862d11db26031c02585a17213d68948da9cd24bc3151439d1dc1b5ace7d512fbe6ce1f81a3495a8b424327d6b3fb4baa7a791eb07b79eded5d0291b404a",,"2026-02-26T15:44:00.000","30","NO CONTROLS","NO CONTROLS","CLEAR","DAYLIGHT","ANGLE","NOT DIVIDED",,"STRAIGHT AND LEVEL","DRY","NO DEFECTS","ON SCENE","NO INJURY / DRIVE AWAY",,,,"OVER $1,500","2026-02-26T16:14:00.000","UNABLE TO DETERMINE","NOT APPLICABLE","2449","W","NORTH AVE","1423",,,,,,,"2","NO INDICATION OF INJURY","0","0","0","0","0","2","0","15","5","2","41.910188976","-87.6891632163","POINT (-87.689163216293 41.910188976035)"
"21743b31f706199178d8c2df3739f2b238f8afeedc09ec4df5bcf3667c47ee22fe34499ba7eb550a73c6408fbe9f301d9c82260fc337a7ba1a9cefe8da0a8b17","Y","2026-02-26T15:42:00.000","30","NO CONTROLS","NO CONTROLS","CLEAR","DAYLIGHT","PARKED MOTOR VEHICLE","NOT DIVIDED",,"STRAIGHT AND LEVEL","DRY","NO DEFECTS","ON SCENE","NO INJURY / DRIVE AWAY",,,"Y","OVER $1,500","2026-02-26T15:42:00.000","UNABLE TO DETERMINE","UNABLE TO DETERMINE","5213","W","SCHOOL ST","1634",,,,,,,"2","NO INDICATION OF INJURY","0","0","0","0","0","1","0","15","5","2","41.9404090044","-87.7573278281","POINT (-87.757327828115 41.940409004421)"
"efd395fc69d2433d113ec8dad7c4b13cba783e69f5c28baa55c191d60feb0cb1910d61517a830305202d9ca9cf49676f62f7027079ea2903efca63389115112c",,"2026-02-26T15:40:00.000","30","NO CONTROLS","NO CONTROLS","CLEAR","DAYLIGHT","TURNING","NOT DIVIDED",,"STRAIGHT AND LEVEL","DRY","NO DEFECTS","NOT ON SCENE (DESK REPORT)","NO INJURY / DRIVE AWAY",,,,"OVER $1,500","2026-02-26T17:00:00.000","UNABLE TO DETERMINE","NOT APPLICABLE","1924","N","SEMINARY AVE","1811",,,,,,,"2","NO INDICATION OF INJURY","0","0","0","0","0","3","0","15","5","2","41.9168150668","-87.6555246692","POINT (-87.655524669232 41.916815066826)"
"a068ac62d06dbffeb6ddcabb39fa7091d68d620d09640612ab65deb81ede2d542ab9260a3f44e70538ff69ecb1c296cd9e7bbe7c83829cf1413cf67b86387cbf",,"2026-02-26T15:35:00.000","30","NO CONTROLS","NO CONTROLS","CLOUDY/OVERCAST","DAYLIGHT","REAR END","NOT DIVIDED",,"STRAIGHT AND LEVEL","DRY","WORN SURFACE","ON SCENE","INJURY AND / OR TOW DUE TO CRASH",,,,"OVER $1,500","2026-02-26T15:40:00.000","FAILING TO REDUCE SPEED TO AVOID CRASH","NOT APPLICABLE","1858","W","PERSHING RD","912",,,,,,,"2","REPORTED, NOT EVIDENT","1","0","0","0","1","2","0","15","5","2","41.8233900312","-87.6722362475","POINT (-87.672236247543 41.823390031182)"
"209e7e31f9ebda64e1ad42266682620b73e62aa6a4863186b5a686fce49aa5791d29d41f97baaa333c79b0391e4e415905d2b7dda6ab68b52b9e21f5f220d377",,"2026-02-26T15:34:00.000","30","PEDESTRIAN CROSSING SIGN","FUNCTIONING PROPERLY","CLEAR","DAYLIGHT","PEDESTRIAN","T-INTERSECTION",,"STRAIGHT AND LEVEL","DRY","NO DEFECTS","ON SCENE","INJURY AND / OR TOW DUE TO CRASH",,,,"$500 OR LESS","2026-02-26T15:34:00.000","UNABLE TO DETERMINE","NOT APPLICABLE","1142","N","LA SALLE DR","1824",,,,,,,"2","NONINCAPACITATING INJURY","1","0","0","1","0","1","0","15","5","2","41.9030477003","-87.6330394917","POINT (-87.633039491686 41.903047700283)"
"9b5c4564f58867fb3da985613dcf3f26716fa85b3cce2841e65917440068c48d95cb91b011a2bfdf9585d831d316b70e0eb25cac212bc76f30720b7c7e3d872f",,"2026-02-26T15:28:00.000","35","TRAFFIC SIGNAL","FUNCTIONING PROPERLY","CLEAR","DAYLIGHT","TURNING","FOUR WAY",,"STRAIGHT AND LEVEL","DRY","UNKNOWN","ON SCENE","INJURY AND / OR TOW DUE TO CRASH","Y",,,"OVER $1,500","2026-02-26T15:40:00.000","IMPROPER TURNING/NO SIGNAL","UNABLE TO DETERMINE","2800","W","26TH ST","1033",,,,,,,"2","REPORTED, NOT EVIDENT","2","0","0","0","2","1","0","15","5","2","41.8448007855","-87.6952525937","POINT (-87.695252593724 41.844800785514)"
"d6852fe935f2b267de8d21a9f295408c47fadb04ff497aad939c7c887ccf7521f9bfcff91904c80d0311960e9ff63783a5f1c05b6ee32d146285f1db8ffe0a66",,"2026-02-26T15:28:00.000","10","NO CONTROLS","NO CONTROLS","CLEAR","DAYLIGHT","ANGLE","PARKING LOT",,"STRAIGHT AND LEVEL","DRY","NO DEFECTS","ON SCENE","NO INJURY / DRIVE AWAY",,,,"OVER $1,500","2026-02-26T15:40:00.000","IMPROPER OVERTAKING/PASSING","UNABLE TO DETERMINE","10000","W","OHARE ST","1651",,,,,,,"2","NO INDICATION OF INJURY","0","0","0","0","0","2","0","15","5","2","41.976201139","-87.9053091251","POINT (-87.905309125103 41.976201139024)"
"50d02f0a0e4d945dce456794c9c673b381e13dc49dc80f62e15316ac394e1af38f91bc95b1514ee45fb4b0230404177c17ae2efcbd0b200e022fba88d5a059a9",,"2026-02-26T15:21:00.000","30","NO CONTROLS","NO CONTROLS","CLEAR","DAYLIGHT","SIDESWIPE SAME DIRECTION","DIVIDED - W/MEDIAN BARRIER",,"STRAIGHT AND LEVEL","DRY","NO DEFECTS","ON SCENE","INJURY AND / OR TOW DUE TO CRASH","Y",,,"OVER $1,500","2026-02-26T15:22:00.000","IMPROPER LANE USAGE","UNABLE TO DETERMINE","5800","N","LINCOLN AVE","2011",,,,,,,"2","REPORTED, NOT EVIDENT","1","0","0","0","1","1","0","15","5","2","41.9867616246","-87.7015185146","POINT (-87.701518514616 41.986761624613)"
"15a91333abd3b66c131e2b3d55453dc7c0eeb73275b3ccb2231e066bf461688a9eb73b555d396e271649c9e67ab0df13e247332f20a1a6df6faefc23b13bc6af",,"2026-02-26T15:19:00.000","30","UNKNOWN","UNKNOWN","UNKNOWN","UNKNOWN","REAR END","UNKNOWN",,"STRAIGHT AND LEVEL","UNKNOWN","UNKNOWN","NOT ON SCENE (DESK REPORT)","NO INJURY / DRIVE AWAY",,,,"$500 OR LESS","2026-03-03T18:54:00.000","UNABLE TO DETERMINE","UNABLE TO DETERMINE","212","W","KINZIE ST","1831",,,,,,,"2","NO INDICATION OF INJURY","0","0","0","0","0","2","0","15","5","2","41.889269312","-87.6345909027","POINT (-87.63459090273 41.889269312011)"
"030a5e48c16a96bbaf966d5c182045284440f3a9d801d284558a560247568fa5bd1eb48d8b3756d8eed7b265873d51d100b26c946938df512e8a04ca1da69a29",,"2026-02-26T15:12:00.000","30","NO CONTROLS","NO CONTROLS","CLEAR","DAYLIGHT","REAR TO FRONT","ONE-WAY",,"STRAIGHT AND LEVEL","DRY","NO DEFECTS","NOT ON SCENE (DESK REPORT)","NO INJURY / DRIVE AWAY",,,,"OVER $1,500","2026-02-26T18:15:00.000","UNABLE TO DETERMINE","UNABLE TO DETERMINE","4828","W","SHAKESPEARE AVE","2522",,,,,,,"2","NO INDICATION OF INJURY","0","0","0","0","0","2","0","15","5","2","41.9197646535","-87.7473827355","POINT (-87.747382735521 41.919764653534)"
"49bcbe06de1065ced480dc1f0f55ece5c1fbc3ba255d71a028140971038da0ed085e62b0b5f206f0ef13028d0e13a8a467956bd3686ffc10def7c3b1e47527a9",,"2026-02-26T15:10:00.000","20","NO CONTROLS","NO CONTROLS","CLEAR","DAYLIGHT","PARKED MOTOR VEHICLE","ALLEY",,"STRAIGHT AND LEVEL","DRY","NO DEFECTS","ON SCENE","NO INJURY / DRIVE AWAY",,,,"OVER $1,500","2026-02-26T15:35:00.000","UNABLE TO DETERMINE","UNABLE TO DETERMINE","5420","S","KEDZIE AVE","822",,,,,,,"2","NO INDICATION OF INJURY","0","0","0","0","0","1","0","15","5","2","41.794704842","-87.7037390688","POINT (-87.703739068845 41.794704842008)"
"8ca58d085e625e3e5a94b1ff60b0ce69199d97607299627df97602753896dd8020412f7d9dff1b49b73550e6d0f66e0e67e080609a449026cb8f51dde590e107",,"2026-02-26T15:09:00.000","35","TRAFFIC SIGNAL","FUNCTIONING PROPERLY","CLEAR","DAYLIGHT","REAR END","DIVIDED - W/MEDIAN (NOT RAISED)",,"STRAIGHT AND LEVEL","DRY","UNKNOWN","ON SCENE","INJURY AND / OR TOW DUE TO CRASH","Y",,,"OVER $1,500","2026-02-26T15:09:00.000","FOLLOWING TOO CLOSELY","DRIVING SKILLS/KNOWLEDGE/EXPERIENCE","4198","W","79TH ST","834",,,,,,,"2","NONINCAPACITATING INJURY","2","0","0","1","1","1","0","15","5","2","41.7495910923","-87.7268009412","POINT (-87.726800941171 41.749591092276)"
"a957c0be52f3c747bc0bf55a68a5aea33e0ff45e323a0cea9373d2b0c3524a4249be3e5643245bb599b30794875d0233333712a08bf0840c101cde872cd56406",,"2026-02-26T15:03:00.000","30","NO CONTROLS","NO CONTROLS","UNKNOWN","UNKNOWN","SIDESWIPE SAME DIRECTION","DIVIDED - W/MEDIAN (NOT RAISED)",,"STRAIGHT AND LEVEL","UNKNOWN","UNKNOWN","NOT ON SCENE (DESK REPORT)","NO INJURY / DRIVE AWAY",,,,"$501 - $1,500","2026-02-26T15:23:00.000","FOLLOWING TOO CLOSELY","FOLLOWING TOO CLOSELY","4620","W","ROOSEVELT RD","1131",,,,,,,"2","NO INDICATION OF INJURY","0","0","0","0","0","3","0","15","5","2","41.8660583502","-87.7407426297","POINT (-87.740742629721 41.866058350243)"
"1e1e3ca2684be43cc66aa854347be6ccbd3425a37be24936b41ad86118227a8c239cfdf8cf0c1cac1000714cd340b37b681c7cdedf38599e6cb641a8c0d54041",,"2026-02-26T15:01:00.000","30","TRAFFIC SIGNAL","FUNCTIONING PROPERLY","CLEAR","DAYLIGHT","REAR END","FOUR WAY",,"STRAIGHT AND LEVEL","DRY","UNKNOWN","ON SCENE","NO INJURY / DRIVE AWAY","Y",,,"OVER $1,500","2026-02-26T15:30:00.000","IMPROPER LANE USAGE","DRIVING SKILLS/KNOWLEDGE/EXPERIENCE","1200","S","COLUMBUS DR","132",,,,,,,"2","NO INDICATION OF INJURY","0","0","0","0","0","6","0","15","5","2","41.8673879139","-87.6204910341","POINT (-87.620491034097 41.867387913926)"
"63f8e44564b12aba387f9f825891b919a612a6706719c0f457802d4d44dd82719443fc3e58a2db0c5795329d31003f1b978ed0084e992368efe9a917b1891e0a",,"2026-02-26T15:00:00.000","30","NO CONTROLS","NO CONTROLS","CLEAR","DAYLIGHT","SIDESWIPE SAME DIRECTION","DIVIDED - W/MEDIAN (NOT RAISED)",,"STRAIGHT AND LEVEL","UNKNOWN","UNKNOWN","NOT ON SCENE (DESK REPORT)","NO INJURY / DRIVE AWAY",,,,"OVER $1,500","2026-02-27T07:15:00.000","IMPROPER OVERTAKING/PASSING","UNABLE TO DETERMINE","5137","N","NAGLE AVE","1622",,,,,,,"2","NO INDICATION OF INJURY","0","0","0","0","0","2","0","15","5","2","41.9749422703","-87.7877413002","POINT (-87.787741300192 41.974942270281)"
"75dd7d501002038b15ffc31fa87360d2ca1ea804e6311bd243741fad7c88a31ed007a61cf70eb9b40020a995c359e7cacbae7c90df42cdd9f84b52535d401a58",,"2026-02-26T15:00:00.000","30","TRAFFIC SIGNAL","UNKNOWN","CLEAR","DAYLIGHT","TURNING","FOUR WAY",,"STRAIGHT AND LEVEL","UNKNOWN","UNKNOWN","NOT ON SCENE (DESK REPORT)","NO INJURY / DRIVE AWAY","Y",,,"OVER $1,500","2026-02-26T22:05:00.000","UNABLE TO DETERMINE","UNABLE TO DETERMINE","6100","N","KIMBALL AVE","1711",,,,,,,"2","NO INDICATION OF INJURY","0","0","0","0","0","2","0","15","5","2","41.992127035","-87.7141881604","POINT (-87.714188160399 41.992127035009)"
"83b0eeb85990904ade8da64f1e1b7ce049fe886cfcd98475c9775f0f94184797cbc88cf9b4b82b2af444fdf5c08605fa2992e5936cd8fdc689294babfe6569c3",,"2026-02-26T15:00:00.000","30","STOP SIGN/FLASHER","NO CONTROLS","CLEAR","DAYLIGHT","TURNING","PARKING LOT",,"STRAIGHT AND LEVEL","UNKNOWN","UNKNOWN","NOT ON SCENE (DESK REPORT)","NO INJURY / DRIVE AWAY",,,,"OVER $1,500","2026-02-26T15:55:00.000","DISREGARDING STOP SIGN","NOT APPLICABLE","1710","N","KOSTNER AVE","2533",,,,,,,"2","NO INDICATION OF INJURY","0","0","0","0","0","2","0","15","5","2","41.911946233","-87.7363210811","POINT (-87.736321081128 41.91194623298)"
"db3a54775a09919b94f1cbef785998ec02c712f21a967d1f89e7e98482f44afdc83b666d26409e7ff0576fd00e84a14bb3098e3c3a1b54bb929f12c8b405172a",,"2026-02-26T14:56:00.000","30","NO CONTROLS","NO CONTROLS","CLEAR","DAYLIGHT","REAR END","NOT DIVIDED",,"STRAIGHT AND LEVEL","DRY","NO DEFECTS","ON SCENE","NO INJURY / DRIVE AWAY",,,,"OVER $1,500","2026-02-26T14:56:00.000","UNABLE TO DETERMINE","NOT APPLICABLE","1140","W","MARQUETTE RD","724",,,,,,,"2","NO INDICATION OF INJURY","0","0","0","0","0","4","0","14","5","2","41.7724548151","-87.6534960121","POINT (-87.653496012134 41.772454815072)"
"1525ee9649937e3000ac0bcead400d2a09a377f646aa08c12a21183a5854108fe6dd30f1215b9e768b2f1c51cf5517b40c8d222c5ec304311bbcef5b52ec1a25",,"2026-02-26T14:55:00.000","30","NO CONTROLS","NO CONTROLS","CLEAR","DAYLIGHT","FIXED OBJECT","NOT DIVIDED",,"STRAIGHT AND LEVEL","DRY","NO DEFECTS","ON SCENE","NO INJURY / DRIVE AWAY",,,,"$501 - $1,500","2026-02-26T15:04:00.000","VISION OBSCURED (SIGNS, TREE LIMBS, BUILDINGS, ETC.)","NOT APPLICABLE","4136","S","CALIFORNIA AVE","921",,,,,,,"1","NO INDICATION OF INJURY","0","0","0","0","0","8","0","14","5","2","41.8187110069","-87.6946748318","POINT (-87.694674831795 41.818711006877)"
"c6006e93f15c6077dfa8fd9f640d04bf626223690bec4c8690f30247d9787cc2d0133431dc2cf1e213d06d98c8f0f0cb241e02f445b15b278dccdaee8eca3d18",,"2026-02-26T14:50:00.000","30","TRAFFIC SIGNAL","FUNCTIONING PROPERLY","CLEAR","DAYLIGHT","REAR END","DIVIDED - W/MEDIAN (NOT RAISED)",,"STRAIGHT AND LEVEL","DRY","NO DEFECTS","NOT ON SCENE (DESK REPORT)","NO INJURY / DRIVE AWAY",,,,"OVER $1,500","2026-02-26T15:30:00.000","FOLLOWING TOO CLOSELY","NOT APPLICABLE","3920","W","OGDEN AVE","1014",,,,,,,"2","NO INDICATION OF INJURY","0","0","0","0","0","2","0","14","5","2","41.8518166556","-87.7232021755","POINT (-87.723202175463 41.851816655566)"
"dafcfe8103d60ddf2ee603403ca3fd18368ca0b1381eaf4e7b73a852b2cff238d9857bf337ad3f0d4f9cc7184e73e63d937d599b9b3b549587a4c0f4f0fcb770",,"2026-02-26T14:40:00.000","30","NO CONTROLS","NO CONTROLS","CLEAR","DAYLIGHT","PARKED MOTOR VEHICLE","PARKING LOT",,"STRAIGHT AND LEVEL","DRY","NO DEFECTS","NOT ON SCENE (DESK REPORT)","NO INJURY / DRIVE AWAY",,,,"$501 - $1,500","2026-02-26T16:15:00.000","NOT APPLICABLE","NOT APPLICABLE","4050","W","115TH ST","2211",,,,,,,"2","NO INDICATION OF INJURY","0","0","0","0","0","1","0","14","5","2","41.684044161","-87.7219628752","POINT (-87.721962875224 41.684044160978)"
"9a627a0718db2774f693b2b4df2dc2499baad151ffd9e52e89f9af52b9fd3d564327cb86975986536779cb2195cf7e604e8e43eed00b77bc26ce6d60af6b5e01",,"2026-02-26T14:34:00.000","30","TRAFFIC SIGNAL","FUNCTIONING PROPERLY","CLEAR","DAYLIGHT","REAR END","NOT DIVIDED",,"STRAIGHT AND LEVEL","DRY","NO DEFECTS",,"NO INJURY / DRIVE AWAY","Y",,,"OVER $1,500","2026-02-26T15:20:00.000","FOLLOWING TOO CLOSELY","NOT APPLICABLE","1544","W","DIVERSEY PKWY","1932",,,,,,,"2","NO INDICATION OF INJURY","0","0","0","0","0","2","0","14","5","2","41.9325205206","-87.6677949239","POINT (-87.667794923878 41.932520520556)"
"82215b8db56f19a1f3339831a660e13318bb5f3a1af9c6136fa857c934002e7b42460f68be38d7b95152ac315b79cc913574fe3ccb10441ddf5b694486c5479d",,"2026-02-26T14:33:00.000","30","STOP SIGN/FLASHER","UNKNOWN","CLEAR","DAYLIGHT","REAR END","ONE-WAY",,"STRAIGHT AND LEVEL","UNKNOWN","UNKNOWN","NOT ON SCENE (DESK REPORT)","NO INJURY / DRIVE AWAY",,,,"OVER $1,500","2026-02-26T15:30:00.000","UNABLE TO DETERMINE","UNABLE TO DETERMINE","6300","S","TALMAN AVE","825",,,,,,,"2","NO INDICATION OF INJURY","0","0","0","0","0","2","0","14","5","2","41.7790730976","-87.6898805507","POINT (-87.689880550718 41.779073097635)"
"013e9ea9c834d9ea2947f65e0372958ba64bea4fd06c5ec54868c5150c6c3eba3da4135d9949fcd3c3cc5e3bbaff70372298193cd5fe79a93c0571bde61841d5",,"2026-02-26T14:32:00.000","30","TRAFFIC SIGNAL","FUNCTIONING PROPERLY","CLEAR","DAYLIGHT","TURNING","FOUR WAY",,"STRAIGHT AND LEVEL","DRY","NO DEFECTS","ON SCENE","NO INJURY / DRIVE AWAY",,,"Y","OVER $1,500","2026-02-26T14:41:00.000","IMPROPER TURNING/NO SIGNAL","NOT APPLICABLE","7900","S","LAFAYETTE AVE","623",,,,,,,"2","NO INDICATION OF INJURY","0","0","0","0","0","3","0","14","5","2","41.7508910466","-87.6259685054","POINT (-87.625968505423 41.750891046593)"