"crash_record_id","crash_date_est_i","crash_date","posted_speed_limit","traffic_control_device","device_condition","weather_condition","lighting_condition","first_crash_type","trafficway_type","lane_cnt","alignment","roadway_surface_cond","road_defect","report_type","crash_type","intersection_related_i","private_property_i","hit_and_run_i","damage","date_police_notified","prim_contributory_cause","sec_contributory_cause","street_no","street_direction","street_name","beat_of_occurrence","photos_taken_i","statements_taken_i","dooring_i","work_zone_i","work_zone_type","workers_present_i","num_units","most_severe_injury","injuries_total","injuries_fatal","injuries_incapacitating","injuries_non_incapacitating","injuries_reported_not_evident","injuries_no_indication","injuries_unknown","crash_hour","crash_day_of_week","crash_month","latitude","longitude","location"
"a389c9b7dce1ae7927a582e42e3d00195438b53babcc4d0762d078e01150e4efbdeafac8e95606a6898418b36c2403af6037c3fda18d897da7f8beea9f9d3106",,"2026-02-26T14:31:00.000","30","NO CONTROLS","NO CONTROLS","CLEAR","DAYLIGHT","REAR END","NOT DIVIDED",,"STRAIGHT AND LEVEL","DRY","NO DEFECTS","ON SCENE","NO INJURY / DRIVE AWAY",,,,"OVER $1,500","2026-02-26T15:03:00.000","UNABLE TO DETERMINE","NOT APPLICABLE","3233","W","PETERSON AVE","1711",,,,,,,"2","NO INDICATION OF INJURY","0","0","0","0","0","2","0","14","5","2","41.990258155","-87.7104478479","POINT (-87.71044784785 41.990258154978)"
"1a3a11a2701b7bf87ddb72b1304c7b7234773b9ad9cd435736ce10f6369e34ad4b36501e9bcd2a7335c96c2b563a2d1efe3ff49865a25d2d222e58857d593e57",,"2026-02-26T14:30:00.000","30","TRAFFIC SIGNAL","FUNCTIONING PROPERLY","CLEAR","DAYLIGHT","TURNING","NOT DIVIDED",,"STRAIGHT AND LEVEL","DRY","NO DEFECTS","NOT ON SCENE (DESK REPORT)","NO INJURY / DRIVE AWAY",,,"N","OVER $1,500","2026-02-26T15:40:00.000","FAILING TO YIELD RIGHT-OF-WAY","NOT APPLICABLE","3171","N","HALSTED ST","1934",,,,,,,"2","NO INDICATION OF INJURY","0","0","0","0","0","2","0","14","5","2","41.9399384407","-87.6491182955","POINT (-87.649118295469 41.939938440745)"
"d13417d577b4865209bbf3d8fdf07b51b8e071f1eb2036bae7a0c8cbeb1c665d4d3c028833700650eb4b4122948bbcf3f21613e1edc62e71d3bf30a4993eab03",,"2026-02-26T14:30:00.000","30","NO CONTROLS","NO CONTROLS","CLEAR","DAWN","SIDESWIPE SAME DIRECTION","NOT DIVIDED",,"STRAIGHT AND LEVEL","DRY","NO DEFECTS","ON SCENE","NO INJURY / DRIVE AWAY",,,"Y","$501 - $1,500","2026-02-26T16:17:00.000","IMPROPER OVERTAKING/PASSING","NOT APPLICABLE","9101","S","COMMERCIAL AVE","424",,,,,,,"2","NO INDICATION OF INJURY","0","0","0","0","0","2","0","14","5","2","41.7299864007","-87.5511082443","POINT (-87.551108244256 41.729986400691)"
"f6675c27d3fc288665f40c491a8448aeaddabee61a52f3c9b40a3b28cd794a7c7633556a2ac2b45f9a1da725f3da9c49ed78147d8697ac7a1d3a2a4c25739ab6","Y","2026-02-26T14:30:00.000","30","NO CONTROLS","NO CONTROLS","CLEAR","DAYLIGHT","TURNING","DIVIDED - W/MEDIAN BARRIER",,"STRAIGHT AND LEVEL","DRY","NO DEFECTS","NOT ON SCENE (DESK REPORT)","NO INJURY / DRIVE AWAY","Y",,,"OVER $1,500","2026-02-27T10:00:00.000","UNABLE TO DETERMINE","UNABLE TO DETERMINE","6160","N","LINCOLN AVE","1711",,,,,,,"2","NO INDICATION OF INJURY","0","0","0","0","0","2","0","14","5","2","41.9940279428","-87.7135280084","POINT (-87.713528008419 41.994027942755)"
"d4785defc6da365863acc6f9031c8e7496ed4e00f4a87200ace5ca42478b482efc91761dd44a9bebf3a0bafd343563146bf02d90c4797b1449cdfcb7cca4d116",,"2026-02-26T14:27:00.000","30","TRAFFIC SIGNAL","FUNCTIONING PROPERLY","CLEAR","DAYLIGHT","ANGLE","NOT DIVIDED",,"STRAIGHT AND LEVEL","DRY","NO DEFECTS","NOT ON SCENE (DESK REPORT)","NO INJURY / DRIVE AWAY",,,,"$501 - $1,500","2026-02-26T14:27:00.000","NOT APPLICABLE","NOT APPLICABLE","5298","S","LARAMIE AVE","814",,,,,,,"2","NO INDICATION OF INJURY","0","0","0","0","0","2","0","14","5","2","41.7972646627","-87.752790703","POINT (-87.75279070302 41.797264662672)"
"134fa0e440d37cb6c48c0ede6aa5f9417d71b7c2ac991905d4fb4ba16cbca052e0a06bb091a4100e53a547063af6de54d7e72dec2ded71a6f042b52ff9e0bf2c",,"2026-02-26T14:26:00.000","15","NO CONTROLS","NO CONTROLS","CLEAR","DAYLIGHT","SIDESWIPE SAME DIRECTION","PARKING LOT",,"STRAIGHT AND LEVEL","DRY","NO DEFECTS","ON SCENE","NO INJURY / DRIVE AWAY",,,,"OVER $1,500","2026-02-26T14:28:00.000","DRIVING SKILLS/KNOWLEDGE/EXPERIENCE","DRIVING SKILLS/KNOWLEDGE/EXPERIENCE","1969","W","OGDEN AVE","1231",,,,,,,"2","NO INDICATION OF INJURY","0","0","0","0","0","2","0","14","5","2","41.8732169991","-87.6756751765","POINT (-87.67567517654 41.873216999115)"
"40a479e1b50fa17b676707c932d7dbd91cd67ba6a8e29c57e2c6f8f4df20b069cde753b5a0161bf601d261f3d7c7f4483e50026f59bcb0f29d155f3dfc17b93b",,"2026-02-26T14:26:00.000","30","NO CONTROLS","NO CONTROLS","CLEAR","DAYLIGHT","TURNING","NOT DIVIDED",,"STRAIGHT AND LEVEL","DRY","NO DEFECTS","ON SCENE","INJURY AND / OR TOW DUE TO CRASH","Y",,"Y","OVER $1,500","2026-02-26T15:23:00.000","FAILING TO YIELD RIGHT-OF-WAY","NOT APPLICABLE","6401","S","CICERO AVE","813",,,,,,,"2","NONINCAPACITATING INJURY","1","0","0","1","0","1","0","14","5","2","41.7765162872","-87.7420791207","POINT (-87.742079120687 41.776516287153)"
"5f793679baf8c7d0002dc1d72c813cbf05935eefe4e4e666b9dbee709cd503e91bcacefdb534a1a159b70ad6596911edea43523a238c9c13a341937721bafa7d",,"2026-02-26T14:20:00.000","30","UNKNOWN","UNKNOWN","CLEAR","DAYLIGHT","SIDESWIPE SAME DIRECTION","NOT DIVIDED",,"STRAIGHT AND LEVEL","OTHER","UNKNOWN",,"INJURY AND / OR TOW DUE TO CRASH",,,,"OVER $1,500","2026-02-26T14:29:00.000","IMPROPER OVERTAKING/PASSING","NOT APPLICABLE","3999","N","WESTERN AVE","1921",,,,,,,"3","REPORTED, NOT EVIDENT","1","0","0","0","1","3","0","14","5","2","41.9539685095","-87.6883179953","POINT (-87.688317995326 41.953968509538)"
"d00f8177c6cd9321db72bbd86ac5837c14f8871e38532c89e82f712fff8fddadc106c09b916ecbc825acf0326adfd53786bd353fcfecdbbfbdaf025cc926ea67",,"2026-02-26T14:20:00.000","30","NO CONTROLS","NO CONTROLS","CLEAR","DAYLIGHT","SIDESWIPE SAME DIRECTION","NOT DIVIDED",,"STRAIGHT AND LEVEL","DRY","UNKNOWN","NOT ON SCENE (DESK REPORT)","NO INJURY / DRIVE AWAY",,,,"$500 OR LESS","2026-02-26T14:52:00.000","UNABLE TO DETERMINE","UNABLE TO DETERMINE","2915","W","63RD ST","823",,,,,,,"2","NO INDICATION OF INJURY","0","0","0","0","0","2","0","14","5","2","41.7789603479","-87.6965265281","POINT (-87.696526528121 41.778960347912)"
"288b0f9a1dc37ea55ec8f41226dc75bf4c7faca2b11f5ab4409fd9e0d079e3166c2d03c54def9981db1afd4638511b693ae871818d9502eae9bdf310addc01f1",,"2026-02-26T14:15:00.000","20","NO CONTROLS","NO CONTROLS","CLEAR","DAYLIGHT","PARKED MOTOR VEHICLE","ONE-WAY",,"STRAIGHT AND LEVEL","DRY","NO DEFECTS","NOT ON SCENE (DESK REPORT)","NO INJURY / DRIVE AWAY",,,,"OVER $1,500","2026-02-26T15:00:00.000","IMPROPER LANE USAGE","UNABLE TO DETERMINE","2331","W","EASTWOOD AVE","1911",,,,,,,"2","NO INDICATION OF INJURY","0","0","0","0","0","1","0","14","5","2","41.9656386992","-87.6880783963","POINT (-87.688078396268 41.96563869925)"
"79ea4e8b7a5d0d6da89a54e90e49b2297d532a9fb6f91156292eff08c6930a42ec706fdb389704b91138f430ddbbdc825faae23ce8457297df72d8569b2e19d0",,"2026-02-26T14:15:00.000","30","STOP SIGN/FLASHER","FUNCTIONING PROPERLY","CLEAR","DAYLIGHT","SIDESWIPE SAME DIRECTION","DIVIDED - W/MEDIAN BARRIER",,"STRAIGHT AND LEVEL","DRY","NO DEFECTS","ON SCENE","NO INJURY / DRIVE AWAY",,,,"OVER $1,500","2026-02-26T14:27:00.000","IMPROPER OVERTAKING/PASSING","NOT APPLICABLE","5462","W","LAKE ST","1523",,,,,,,"2","NO INDICATION OF INJURY","0","0","0","0","0","2","0","14","5","2","41.8873754612","-87.7627326235","POINT (-87.762732623545 41.887375461171)"
"b88e80f0ef73c1279f1bc7a48d096aa49bcda25d9e8c5cec8a8add7e621b317a2d52bbf779ff529aa920654fe66b9784ef831c74d626c65f11feb3d17e41237b",,"2026-02-26T13:58:00.000","30","NO CONTROLS","NO CONTROLS","CLEAR","DAYLIGHT","SIDESWIPE SAME DIRECTION","NOT DIVIDED",,"STRAIGHT AND LEVEL","DRY","NO DEFECTS","ON SCENE","NO INJURY / DRIVE AWAY",,,,"$501 - $1,500","2026-02-26T14:25:00.000","IMPROPER OVERTAKING/PASSING","NOT APPLICABLE","4000","N","WESTERN AVE","1911",,,,,,,"2","NO INDICATION OF INJURY","0","0","0","0","0","3","0","13","5","2","41.9540567135","-87.688614472","POINT (-87.688614471985 41.954056713542)"
"878883c3118223789f4ba08900b569375e087db9bf807237925f21d0bf04ee6fd1967312fd1fc98eb3f8f6a6c274957387795b5f8d8ad824816053e5f804cd94",,"2026-02-26T13:45:00.000","30","TRAFFIC SIGNAL","FUNCTIONING PROPERLY","CLEAR","DAYLIGHT","REAR END","FIVE POINT, OR MORE",,"STRAIGHT AND LEVEL","DRY","NO DEFECTS","NOT ON SCENE (DESK REPORT)","NO INJURY / DRIVE AWAY","Y",,,"$501 - $1,500","2026-02-26T14:20:00.000","FAILING TO YIELD RIGHT-OF-WAY","FAILING TO YIELD RIGHT-OF-WAY","2301","W","OGDEN AVE","1233",,,,,,,"2","NO INDICATION OF INJURY","0","0","0","0","0","2","0","13","5","2","41.8664850759","-87.6836324696","POINT (-87.683632469552 41.866485075922)"
"e8975e67845591b7b7a29aa896ada203b1ab9d686c7f4c92c7959208a16cc7c12d6bcbeb3cce3daf9e3ca1e59d03920d7f0170cbf2f5c40eae1ff5c3d921b32a",,"2026-02-26T13:45:00.000","30","NO CONTROLS","NO CONTROLS","CLEAR","DAYLIGHT","ANGLE","DIVIDED - W/MEDIAN (NOT RAISED)",,"STRAIGHT AND LEVEL","DRY","NO DEFECTS","NOT ON SCENE (DESK REPORT)","NO INJURY / DRIVE AWAY",,,,"OVER $1,500","2026-03-01T14:50:00.000","FAILING TO YIELD RIGHT-OF-WAY","UNABLE TO DETERMINE","3001","W","PETERSON AVE","2011",,,,,,,"2","NO INDICATION OF INJURY","0","0","0","0","0","2","0","13","5","2","41.990304614","-87.704312836","POINT (-87.704312836005 41.990304613989)"
"d757c107c2ab59798d0edbe61f221441ca6df82d4c5673ab5919bd50d3afeeae9e0f123e7db4e6a7e28cd855c35b425f0e4fd001959ad1aaa4b90ca89c868dbe",,"2026-02-26T13:39:00.000","15","NO CONTROLS","NO CONTROLS","CLEAR","DAYLIGHT","ANGLE","PARKING LOT",,"STRAIGHT AND LEVEL","DRY","NO DEFECTS","NOT ON SCENE (DESK REPORT)","NO INJURY / DRIVE AWAY",,,,"$501 - $1,500","2026-02-26T14:25:00.000","UNABLE TO DETERMINE","UNABLE TO DETERMINE","3333","N","KIMBALL AVE","1733",,,,,,,"2","NO INDICATION OF INJURY","0","0","0","0","0","2","0","13","5","2","41.9421535856","-87.7124460176","POINT (-87.712446017587 41.942153585613)"
"1d16c06b9c3d0c461c86a016e24208486b8d4ce121241d0b459bf314289156b79c640343d8df8c8bbeb3bf5936c79d7a9d6952b50276bbd8aec00647ab14571c",,"2026-02-26T13:36:00.000","15","NO CONTROLS","NO CONTROLS","CLEAR","DAYLIGHT","REAR TO REAR","PARKING LOT",,"STRAIGHT AND LEVEL","DRY","NO DEFECTS","NOT ON SCENE (DESK REPORT)","NO INJURY / DRIVE AWAY",,,,"OVER $1,500","2026-02-26T14:15:00.000","IMPROPER BACKING","UNABLE TO DETERMINE","6020","N","CICERO AVE","1621",,,,,,,"2","NO INDICATION OF INJURY","0","0","0","0","0","2","0","13","5","2","41.9904947718","-87.7484774142","POINT (-87.748477414229 41.99049477183)"
"0f95e11ed4bccc7addf6fa1c3ad5c2a59fa7a1c10dfc857fac2ae4657f7bb22c979a539fcc89d0129af090e3a2eb59d7a7c3bfeaf26596b129945a5f640dad35",,"2026-02-26T13:30:00.000","15","NO CONTROLS","NO CONTROLS","UNKNOWN","UNKNOWN","SIDESWIPE SAME DIRECTION","PARKING LOT",,"STRAIGHT AND LEVEL","UNKNOWN","UNKNOWN","NOT ON SCENE (DESK REPORT)","NO INJURY / DRIVE AWAY",,"Y",,"OVER $1,500","2026-03-03T12:00:00.000","UNABLE TO DETERMINE","NOT APPLICABLE","3100","W","76TH ST","835",,,,"Y","UNKNOWN","N","2","NO INDICATION OF INJURY","0","0","0","0","0","2","0","13","5","2","41.7553893772","-87.70029918","POINT (-87.700299179988 41.755389377227)"
"2cac83331a18dfab02c85d19718391094f6b30023e6d11dd4b816e6885a9124d60ca4dae750229ece495db1574eb88a5d85543bf3576ce17e55ab617648e435c",,"2026-02-26T13:30:00.000","30","NO CONTROLS","NO CONTROLS","CLEAR","DAYLIGHT","PARKED MOTOR VEHICLE","NOT DIVIDED",,"STRAIGHT AND LEVEL","DRY","NO DEFECTS","NOT ON SCENE (DESK REPORT)","NO INJURY / DRIVE AWAY",,,"Y","OVER $1,500","2026-02-28T14:04:00.000","IMPROPER BACKING","UNABLE TO DETERMINE","111","S","PEORIA ST","1232",,,,,,,"2","NO INDICATION OF INJURY","0","0","0","0","0","1","0","13","5","2","41.8800879626","-87.6494993106","POINT (-87.649499310593 41.880087962598)"
"1ff9475d1f84f1d17dcd298d046727faa4ff3e3419dac5a3662a60ee2f286e23152fcf4419c3ed36171ce2295b1813743a9d42ef95867b3a06a4adab0f31381c",,"2026-02-26T13:27:00.000","35","TRAFFIC SIGNAL","FUNCTIONING PROPERLY","CLEAR","DAYLIGHT","TURNING","T-INTERSECTION",,"STRAIGHT AND LEVEL","DRY","UNKNOWN","ON SCENE","NO INJURY / DRIVE AWAY",,,,"OVER $1,500","2026-02-26T13:49:00.000","UNABLE TO DETERMINE","UNABLE TO DETERMINE","4103","S","CICERO AVE","815",,,,,,,"2","NO INDICATION OF INJURY","0","0","0","0","0","2","0","13","5","2","41.8181430574","-87.7433163153","POINT (-87.743316315335 41.818143057441)"
"b1a95bf8fb255bcac1e219be4a20b43893fd7ca3fe7d25082dd911524c9e8aa916e5a7442a6af5fa41b8aefbc56002dd98054308e920bcb3d125861d4af608f2",,"2026-02-26T13:21:00.000","30","TRAFFIC SIGNAL","FUNCTIONING PROPERLY","CLEAR","DAYLIGHT","REAR END","NOT DIVIDED",,"STRAIGHT AND LEVEL","DRY","NO DEFECTS","NOT ON SCENE (DESK REPORT)","NO INJURY / DRIVE AWAY",,,,"OVER $1,500","2026-02-26T13:21:00.000","UNABLE TO DETERMINE","NOT APPLICABLE","601","S","WESTERN AVE","1225",,,,,,,"2","NO INDICATION OF INJURY","0","0","0","0","0","2","0","13","5","2","41.8738472258","-87.6860875694","POINT (-87.686087569371 41.873847225759)"
"f011559758525a861e042d0af83fa35ba910311f720bc1b238840f1c4291106188b7926a789cf17e4ba397a43c63305c074c62d8d8bfff40fd81d87345b465a2",,"2026-02-26T13:20:00.000","30","TRAFFIC SIGNAL","FUNCTIONING PROPERLY","CLEAR","DAYLIGHT","REAR END","FOUR WAY",,"STRAIGHT AND LEVEL","DRY","UNKNOWN","NOT ON SCENE (DESK REPORT)","NO INJURY / DRIVE AWAY","Y",,,"OVER $1,500","2026-02-26T14:30:00.000","UNABLE TO DETERMINE","UNABLE TO DETERMINE","5998","S","COTTAGE GROVE AVE","233",,"Y",,,,,"2","NO INDICATION OF INJURY","0","0","0","0","0","2","0","13","5","2","41.7859016369","-87.6061839902","POINT (-87.606183990158 41.785901636852)"
"e05fd7cddd92652137b97ab9d02731e96695f4f3ad993f155893715bafd60c53e3e74ccd3b1e44be588b30e646517418b225bec5c45c5e13c82b4d6180a5e285","Y","2026-02-26T13:15:00.000","30","NO CONTROLS","NO CONTROLS","CLEAR","DAYLIGHT","TURNING","DIVIDED - W/MEDIAN (NOT RAISED)",,"STRAIGHT AND LEVEL","DRY","NO DEFECTS","NOT ON SCENE (DESK REPORT)","NO INJURY / DRIVE AWAY",,,,"OVER $1,500","2026-02-27T09:02:00.000","UNABLE TO DETERMINE","UNABLE TO DETERMINE","2820","N","PULASKI RD","2523",,,,,,,"2","NO INDICATION OF INJURY","0","0","0","0","0","2","0","13","5","2","41.9323833532","-87.7271421546","POINT (-87.727142154615 41.932383353195)"
"71209f8a8649c6f8454a7216fbba434ac0fa6dd9699bd73dfaf9e01171403eb2feace3ea9c7de0a80fab00e3a3418770a610d63a21057244951a3847698ff775",,"2026-02-26T13:05:00.000","30","TRAFFIC SIGNAL","FUNCTIONING PROPERLY","CLEAR","DAYLIGHT","REAR END","DIVIDED - W/MEDIAN BARRIER",,"STRAIGHT AND LEVEL","DRY","NO DEFECTS","ON SCENE","INJURY AND / OR TOW DUE TO CRASH","Y",,,"OVER $1,500","2026-02-26T13:06:00.000","FAILING TO REDUCE SPEED TO AVOID CRASH","NOT APPLICABLE","13000","S","INDIANA AVE","533",,,,,,,"2","NONINCAPACITATING INJURY","2","0","0","2","0","0","0","13","5","2","41.6590092158","-87.6174479065","POINT (-87.617447906473 41.659009215787)"
"0e069c7f8c33702ac0df6a35e17cd8b5f0bca45fa053382b99fe2ae4b64886c0921b580d7eb42f0a36d824cf4b7b933d775fbf18612a4d74af69a8df8b6ead79",,"2026-02-26T13:00:00.000","30","TRAFFIC SIGNAL","UNKNOWN","UNKNOWN","UNKNOWN","REAR END","NOT DIVIDED",,"STRAIGHT AND LEVEL","UNKNOWN","UNKNOWN","NOT ON SCENE (DESK REPORT)","NO INJURY / DRIVE AWAY",,,,"OVER $1,500","2026-02-28T15:30:00.000","UNABLE TO DETERMINE","NOT APPLICABLE","6967","W","GRAND AVE","2512",,,,,,,"2","NO INDICATION OF INJURY","0","0","0","0","0","3","0","13","5","2","41.9234454157","-87.8005655454","POINT (-87.800565545373 41.923445415723)"
"9344f8a58f9f475d7222dc84858456efd95c0675cd52f6af1a2547c1556ecd7e66ccf45ec8785134581f98a08bf1063f7f80928ac37ee0653210eb1011961b4d",,"2026-02-26T13:00:00.000","20","NO CONTROLS","NO CONTROLS","CLEAR","DAYLIGHT","PARKED MOTOR VEHICLE","PARKING LOT",,"STRAIGHT AND LEVEL","DRY","NO DEFECTS","NOT ON SCENE (DESK REPORT)","NO INJURY / DRIVE AWAY",,"N",,"OVER $1,500","2026-02-27T16:00:00.000","UNABLE TO DETERMINE","UNABLE TO DETERMINE","3150","S","ASHLAND AVE","912",,,,,,,"2","NO INDICATION OF INJURY","0","0","0","0","0","2","0","13","5","2","41.8362809312","-87.665855608","POINT (-87.665855607991 41.836280931201)"
"f02902a8a0949d6d72ce0e781f500356f175850e64406cb086c3f152490490b090c9fe421fb2cabcf01156c0172d235bdadb63ca498bdb5203cb77afa0c74cd0",,"2026-02-26T13:00:00.000","15","NO CONTROLS","NO CONTROLS","CLEAR","DAYLIGHT","PARKED MOTOR VEHICLE","PARKING LOT",,"STRAIGHT AND LEVEL","DRY","UNKNOWN","NOT ON SCENE (DESK REPORT)","NO INJURY / DRIVE AWAY",,,"Y","OVER $1,500","2026-02-26T14:40:00.000","UNABLE TO DETERMINE","NOT APPLICABLE","2344","W","CHICAGO AVE","1212",,,,,,,"2","NO INDICATION OF INJURY","0","0","0","0","0","1","0","13","5","2","41.8958633165","-87.6861920122","POINT (-87.686192012246 41.895863316453)"
"a9c74b4956bb381eb8de41118c710a4f4b95157452ba17b37a6ddbf161587a55504c932411dce4fb97f531d15d1026443a4dc42e020fdf7cf0eeff31127f9168",,"2026-02-26T12:51:00.000","30","TRAFFIC SIGNAL","FUNCTIONING PROPERLY","CLEAR","DAYLIGHT","REAR TO SIDE","FOUR WAY",,"STRAIGHT AND LEVEL","UNKNOWN","UNKNOWN","NOT ON SCENE (DESK REPORT)","NO INJURY / DRIVE AWAY","Y",,,"$501 - $1,500","2026-02-26T14:10:00.000","UNABLE TO DETERMINE","UNABLE TO DETERMINE","140","E","WALTON PL","1833",,,,,,,"2","NO INDICATION OF INJURY","0","0","0","0","0","2","0","12","5","2","41.9001184573","-87.6239805195","POINT (-87.62398051947 41.900118457259)"
"dfbe65542e324d693af8cbd687ccc2f728afec8c6aaa01b4cdd96f051ca493e20a075193120a34dc0ead7d404a53b150f66790245147525501c768f7c9fabae0",,"2026-02-26T12:41:00.000","35","TRAFFIC SIGNAL","FUNCTIONING PROPERLY","CLEAR","DAYLIGHT","TURNING","FOUR WAY",,"STRAIGHT AND LEVEL","DRY","NO DEFECTS","ON SCENE","INJURY AND / OR TOW DUE TO CRASH","Y",,,"OVER $1,500","2026-02-26T12:51:00.000","FAILING TO YIELD RIGHT-OF-WAY","DRIVING SKILLS/KNOWLEDGE/EXPERIENCE","8700","S","HALSTED ST","2223",,,,,,,"2","NO INDICATION OF INJURY","0","0","0","0","0","2","0","12","5","2","41.7357852665","-87.6437588296","POINT (-87.643758829628 41.735785266472)"
"77aa850ac70489f73ab8d51661bd793298967442feaee714fe56d53282812aaa142c80a09473350934374cf442f037b0b1410506f99b792f534f2195d1b4b51e",,"2026-02-26T12:40:00.000","30","UNKNOWN","UNKNOWN","CLOUDY/OVERCAST","DAYLIGHT","SIDESWIPE SAME DIRECTION","DIVIDED - W/MEDIAN BARRIER",,"STRAIGHT AND LEVEL","UNKNOWN","UNKNOWN","NOT ON SCENE (DESK REPORT)","NO INJURY / DRIVE AWAY",,,"Y","OVER $1,500","2026-02-26T14:35:00.000","UNABLE TO DETERMINE","UNABLE TO DETERMINE","900","N","MICHIGAN AVE","1833",,,,,,,"2","NO INDICATION OF INJURY","0","0","0","0","0","2","0","12","5","2","41.899248597","-87.6242749782","POINT (-87.624274978205 41.899248597036)"
"fb51cc0056e8e7f429d827a74e01580ebe45bed74033804d0e90fd864425313ddaea8c71fe8e8aba7f63973d1a17e618a3a2af8d8c1531967b9ab3b67bcd1c71",,"2026-02-26T12:34:00.000","30","TRAFFIC SIGNAL","FUNCTIONING PROPERLY","CLEAR","DAYLIGHT","REAR END","FOUR WAY",,"STRAIGHT AND LEVEL","DRY","NO DEFECTS","ON SCENE","INJURY AND / OR TOW DUE TO CRASH","Y",,,"OVER $1,500","2026-02-26T12:45:00.000","FAILING TO YIELD RIGHT-OF-WAY","FOLLOWING TOO CLOSELY","3298","S","DAMEN AVE","912",,,,,,,"2","NO INDICATION OF INJURY","0","0","0","0","0","2","0","12","5","2","41.8341130717","-87.6755250832","POINT (-87.675525083249 41.834113071722)"
"e2f5d5e86c0736846eed4348bc364a5650c19513a86ccaf5b1c0faf33b896fc61c5318a263d38606c08e86507babf58cd146ec96fac9a6ea77c131278826248f",,"2026-02-26T12:24:00.000","30","TRAFFIC SIGNAL","UNKNOWN","CLEAR","DAYLIGHT","TURNING","DIVIDED - W/MEDIAN (NOT RAISED)",,"STRAIGHT AND LEVEL","DRY","UNKNOWN","ON SCENE","INJURY AND / OR TOW DUE TO CRASH","Y",,,"OVER $1,500","2026-02-26T12:38:00.000","UNABLE TO DETERMINE","UNABLE TO DETERMINE","1998","W","79TH ST","611",,,,,,,"2","NO INDICATION OF INJURY","0","0","0","0","0","2","0","12","5","2","41.7503414535","-87.6730752198","POINT (-87.673075219779 41.75034145346)"
"8837f91f69aa349776868cef1ceaeb302fdcbb284d8ec13f806206febaae5684190aba36612bb9f9e28329d9346443f8288d4d92f93f6a10fb2de95237e63dfe",,"2026-02-26T12:20:00.000","30","NO CONTROLS","NO CONTROLS","CLEAR","DAYLIGHT","SIDESWIPE SAME DIRECTION","NOT DIVIDED",,"STRAIGHT AND LEVEL","DRY","NO DEFECTS","ON SCENE","NO INJURY / DRIVE AWAY",,,"Y","$501 - $1,500","2026-02-26T12:25:00.000","UNABLE TO DETERMINE","UNABLE TO DETERMINE","1417","W","DIVISION ST","1213",,,,,,,"2","NO INDICATION OF INJURY","0","0","0","0","0","2","0","12","5","2","41.903286912","-87.6633503235","POINT (-87.663350323451 41.90328691197)"
"8dae023dd630585e8f37224d73214c3b5e5d3db958dd2c06cf10f39c5f515583ee1321b31ff481ca33c6036ba4858cc82cb63bad428a506a38b11d6db2defc61",,"2026-02-26T12:18:00.000","30","TRAFFIC SIGNAL","FUNCTIONING PROPERLY","CLEAR","DAYLIGHT","TURNING","FOUR WAY",,"STRAIGHT AND LEVEL","DRY","NO DEFECTS","ON SCENE","INJURY AND / OR TOW DUE TO CRASH",,,,"OVER $1,500","2026-02-26T12:18:00.000","FAILING TO YIELD RIGHT-OF-WAY","NOT APPLICABLE","7100","S","ASHLAND AVE","735",,"N",,,,,"2","NONINCAPACITATING INJURY","1","0","0","1","0","1","0","12","5","2","41.7648593824","-87.6639401763","POINT (-87.663940176305 41.764859382425)"
"9bd341403e4ef3d7260f661d59680277949ff42feffd174d688f4bbb793d13f1c7c3665e16fe1cb0b1343448311e2b8a39d2ca503025809e91efa1048b2abc8c",,"2026-02-26T12:15:00.000","30","NO CONTROLS","NO CONTROLS","CLEAR","DAYLIGHT","SIDESWIPE SAME DIRECTION","ONE-WAY",,"STRAIGHT AND LEVEL","DRY","NO DEFECTS","ON SCENE","INJURY AND / OR TOW DUE TO CRASH",,,,"OVER $1,500","2026-02-26T12:34:00.000","FAILING TO YIELD RIGHT-OF-WAY","UNABLE TO DETERMINE","3517","W","66TH PL","831",,,,,,,"2","NO INDICATION OF INJURY","0","0","0","0","0","4","0","12","5","2","41.7723696153","-87.71096641","POINT (-87.710966409951 41.772369615288)"
"5772228beca7aa4549ee0909d699886cbcfd3bdbaaf880b20eebbfaa2da4d2df677a2e7ae3a55bfd21819512e3125f3751f0a47f36bf6ffb515392fe2fc4bd28",,"2026-02-26T12:01:00.000","25","NO CONTROLS","NO CONTROLS","CLEAR","DAYLIGHT","REAR END","ONE-WAY",,"STRAIGHT AND LEVEL","DRY","NO DEFECTS","ON SCENE","NO INJURY / DRIVE AWAY",,,"Y","$501 - $1,500","2026-02-26T12:01:00.000","FOLLOWING TOO CLOSELY","FOLLOWING TOO CLOSELY","7201","S","ADA ST","734",,,,,,,"2","NO INDICATION OF INJURY","0","0","0","0","0","2","0","12","5","2","41.7631452","-87.6571577113","POINT (-87.657157711318 41.763145199953)"
"161bc7bfb9e1500b0b2de88d9ed3dec17e8b7aa7f1e744c4b676e40d406e8010d84a7f54fff6c1eae7be89d2a6522ea4703fdf061b94235e5ce8b658ae85ee6e",,"2026-02-26T12:00:00.000","30","NO CONTROLS","NO CONTROLS","CLEAR","DAYLIGHT","REAR TO FRONT","NOT DIVIDED",,"STRAIGHT AND LEVEL","DRY","NO DEFECTS","NOT ON SCENE (DESK REPORT)","NO INJURY / DRIVE AWAY",,,,"OVER $1,500","2026-02-26T13:00:00.000","UNABLE TO DETERMINE","UNABLE TO DETERMINE","171","N","ABERDEEN ST","1224",,,,,,,"2","NO INDICATION OF INJURY","0","0","0","0","0","2","0","12","5","2","41.8851449894","-87.6543153672","POINT (-87.654315367173 41.885144989352)"