"crash_record_id","crash_date_est_i","crash_date","posted_speed_limit","traffic_control_device","device_condition","weather_condition","lighting_condition","first_crash_type","trafficway_type","lane_cnt","alignment","roadway_surface_cond","road_defect","report_type","crash_type","intersection_related_i","private_property_i","hit_and_run_i","damage","date_police_notified","prim_contributory_cause","sec_contributory_cause","street_no","street_direction","street_name","beat_of_occurrence","photos_taken_i","statements_taken_i","dooring_i","work_zone_i","work_zone_type","workers_present_i","num_units","most_severe_injury","injuries_total","injuries_fatal","injuries_incapacitating","injuries_non_incapacitating","injuries_reported_not_evident","injuries_no_indication","injuries_unknown","crash_hour","crash_day_of_week","crash_month","latitude","longitude","location"
"6c59ad45334e0853b4a4b9c2d89f1a63905deb75c98e2fd8c74c8215e44c1e3c22c42a1d399ee037512292cc0bc1d2f045c289557e5b0dd2fb9b2ad66949d5d4",,"2026-02-26T12:00:00.000","30","NO CONTROLS","NO CONTROLS","CLEAR","DAYLIGHT","TURNING","NOT DIVIDED",,"STRAIGHT AND LEVEL","DRY","NO DEFECTS","ON SCENE","INJURY AND / OR TOW DUE TO CRASH",,,,"OVER $1,500","2026-02-26T12:15:00.000","UNABLE TO DETERMINE","UNABLE TO DETERMINE","3440","W","ROOSEVELT RD","1133",,,,,,,"2","REPORTED, NOT EVIDENT","2","0","0","0","2","0","0","12","5","2","41.8664397713","-87.7121808603","POINT (-87.712180860331 41.866439771292)"
"2c0e5b096c618145682e7a3cb3531ee10a5f0575beae0b108cf3f052ad61d03b6f9c82a27bb9724ed3af053d4de30b6a2f1f0f5631668e7a2308d638ef06e805",,"2026-02-26T11:56:00.000","10","NO CONTROLS","NO CONTROLS","CLEAR","DAYLIGHT","OTHER OBJECT","ALLEY",,"STRAIGHT AND LEVEL","DRY","NO DEFECTS","ON SCENE","NO INJURY / DRIVE AWAY",,"Y",,"$501 - $1,500","2026-02-26T11:56:00.000","UNABLE TO DETERMINE","NOT APPLICABLE","10927","S","AVENUE M","432",,,,,,,"1","NO INDICATION OF INJURY","0","0","0","0","0","1","0","11","5","2","41.6964764201","-87.537553738","POINT (-87.537553738005 41.696476420081)"
"7c4ebe9c10ac7acd494ea57550c3528cd981058eca08ad59d46042d2a8bed64b1a482dd9e3488f31934a93196402f1562e481f3aa83c5e6f9bdc95ca154e5b12",,"2026-02-26T11:55:00.000","30","NO CONTROLS","NO CONTROLS","CLEAR","DAYLIGHT","ANGLE","ONE-WAY",,"STRAIGHT AND LEVEL","DRY","NO DEFECTS","NOT ON SCENE (DESK REPORT)","NO INJURY / DRIVE AWAY",,,,"OVER $1,500","2026-02-26T12:26:00.000","FAILING TO YIELD RIGHT-OF-WAY","NOT APPLICABLE","1515","N","ASTOR ST","1824",,,,,,,"2","NO INDICATION OF INJURY","0","0","0","0","0","2","0","11","5","2","41.9099961024","-87.627475802","POINT (-87.627475801965 41.909996102411)"
"a8bd1060bb7646fd7c0f1a21b18c2d1ddaeb31381607c1c268554647161fb2c1d523387579e494f5c9e6359a26bbba40b34e1eb546f4bc1a907c66c5d1f38a03",,"2026-02-26T11:55:00.000","10","NO CONTROLS","NO CONTROLS","UNKNOWN","DAYLIGHT","FIXED OBJECT","ALLEY",,"STRAIGHT AND LEVEL","DRY","UNKNOWN","NOT ON SCENE (DESK REPORT)","NO INJURY / DRIVE AWAY",,,"Y","OVER $1,500","2026-02-28T13:25:00.000","UNABLE TO DETERMINE","NOT APPLICABLE","2248","N","LAWLER AVE","2522",,,,,,,"1","NO INDICATION OF INJURY","0","0","0","0","0","1","0","11","5","2","41.9219545528","-87.7525410351","POINT (-87.752541035069 41.921954552775)"
"1c2da9b2f4053b5699b9388b6c1344182602136162f2ee86c75ce9ef6ba41f056b2de88b3dce13799e8df3ec8edbdd67d2f59e163cf79b803077389858fe4322",,"2026-02-26T11:45:00.000","30","NO CONTROLS","NO CONTROLS","CLEAR","DAYLIGHT","TURNING","PARKING LOT",,"STRAIGHT AND LEVEL","DRY","UNKNOWN","ON SCENE","NO INJURY / DRIVE AWAY",,,,"OVER $1,500","2026-02-26T11:50:00.000","UNABLE TO DETERMINE","UNABLE TO DETERMINE","3644","S","ARCHER AVE","912",,,,,,,"2","NO INDICATION OF INJURY","0","0","0","0","0","2","0","11","5","2","41.8275838968","-87.6824544425","POINT (-87.682454442461 41.827583896764)"
"c0a9c1340eec130b258e0b9edb1b52462feb4d49e5107dfbef893a59c1e8529157ab45c074f0c26d553ac99a9bf272b01c6edd2c85b7385a2bbf376a0e4a5db7",,"2026-02-26T11:43:00.000","30","STOP SIGN/FLASHER","FUNCTIONING PROPERLY","CLEAR","DAYLIGHT","SIDESWIPE SAME DIRECTION","ONE-WAY",,"STRAIGHT AND LEVEL","DRY","UNKNOWN","ON SCENE","NO INJURY / DRIVE AWAY",,,"Y","OVER $1,500","2026-02-26T11:52:00.000","IMPROPER OVERTAKING/PASSING","FAILING TO REDUCE SPEED TO AVOID CRASH","573","N","LOCKWOOD AVE","1523",,,,,,,"2","NO INDICATION OF INJURY","0","0","0","0","0","2","0","11","5","2","41.8910641149","-87.7577600496","POINT (-87.757760049588 41.891064114916)"
"40758feebc8f1cabb96f6f203cae4ce89d1f2ecbf29fe4b6120a80b645259b2f60555e54e57e4b7f67077c25cc9d7186fe6958b247c06ade71c2654e97fb67c2","Y","2026-02-26T11:30:00.000","15","NO CONTROLS","NO CONTROLS","CLEAR","DAYLIGHT","PARKED MOTOR VEHICLE","PARKING LOT",,"STRAIGHT AND LEVEL","DRY","NO DEFECTS","ON SCENE","NO INJURY / DRIVE AWAY",,,"Y","OVER $1,500","2026-02-26T11:52:00.000","UNABLE TO DETERMINE","UNABLE TO DETERMINE","144","N","MAYFIELD AVE","1512",,,,,,,"2","NO INDICATION OF INJURY","0","0","0","0","0","1","0","11","5","2","41.8835197452","-87.7720487884","POINT (-87.772048788373 41.883519745159)"
"aac7e81285b86e63442fee5e6e9bdc4a115de0105f78e80ddfcaafd210355bb7f2c654ef251247664d889a95aafed0a93eb96bd94a483e9abaaf5465bbe43872",,"2026-02-26T11:30:00.000","30","TRAFFIC SIGNAL","FUNCTIONING PROPERLY","CLEAR","DAYLIGHT","PARKED MOTOR VEHICLE","NOT DIVIDED",,"STRAIGHT AND LEVEL","DRY","NO DEFECTS","ON SCENE","NO INJURY / DRIVE AWAY",,,"Y","$501 - $1,500","2026-02-26T11:31:00.000","UNABLE TO DETERMINE","UNABLE TO DETERMINE","6900","S","WESTERN AVE","832",,,,,,,"2","NO INDICATION OF INJURY","0","0","0","0","0","1","0","11","5","2","41.7682384769","-87.6834869571","POINT (-87.68348695709 41.76823847692)"
"6b7b1a5b1eb8cde398973bc7c3dd9efc2e71d37e8f80df051e7fda7034ad1904b477c14e82ad9a5533732a1d247bcfcab934adaf4e20a3b980f7433790c13216",,"2026-02-26T11:20:00.000","30","TRAFFIC SIGNAL","FUNCTIONING PROPERLY","CLEAR","DAYLIGHT","TURNING","FOUR WAY",,"STRAIGHT AND LEVEL","DRY","NO DEFECTS","NOT ON SCENE (DESK REPORT)","NO INJURY / DRIVE AWAY","Y",,,"OVER $1,500","2026-02-26T12:10:00.000","IMPROPER LANE USAGE","FAILING TO REDUCE SPEED TO AVOID CRASH","142","W","NORTH AVE","1814",,,,,,,"2","NO INDICATION OF INJURY","0","0","0","0","0","2","0","11","5","2","41.9112719571","-87.6333167356","POINT (-87.633316735573 41.911271957135)"
"96bd7b300a1b19f11364e4e0a7324a6039a62356691fd04fd418f1c3f6a5e6a201b9d7385acf48692eba79e7c7f7354f8e8203718bc8c041154d5f1ebee44c22",,"2026-02-26T11:20:00.000","25","NO CONTROLS","NO CONTROLS","CLEAR","DAYLIGHT","PARKED MOTOR VEHICLE","ONE-WAY",,"STRAIGHT AND LEVEL","DRY","NO DEFECTS","ON SCENE","NO INJURY / DRIVE AWAY",,,"Y","$501 - $1,500","2026-02-26T11:27:00.000","UNABLE TO DETERMINE","DRIVING SKILLS/KNOWLEDGE/EXPERIENCE","2800","N","PINE GROVE AVE","1934",,,,,,,"2","NO INDICATION OF INJURY","0","0","0","0","0","1","0","11","5","2","41.9329389511","-87.6414925829","POINT (-87.641492582866 41.9329389511)"
"3365f64b00fc51c0709e2c2621978568cb1c7d11e18343441e8437c06388b06a32952dd388de38c1721f4e04bcc706415a4ebf412e666d2d86e049f64deb214f",,"2026-02-26T11:19:00.000","30","NO CONTROLS","NO CONTROLS","CLEAR","DAYLIGHT","ANGLE","T-INTERSECTION",,"STRAIGHT AND LEVEL","DRY","NO DEFECTS","ON SCENE","INJURY AND / OR TOW DUE TO CRASH","Y",,,"OVER $1,500","2026-02-26T11:21:00.000","FAILING TO YIELD RIGHT-OF-WAY","NOT APPLICABLE","5546","W","BARRY AVE","2514",,,,,,,"3","NO INDICATION OF INJURY","0","0","0","0","0","2","0","11","5","2","41.9368692958","-87.7659043457","POINT (-87.765904345674 41.936869295785)"
"c4eec0fbe825bca8928a008d27982715971be6b8aea397cbdab8f2bd00a9a15c291435e705350056469be11d31bcc92ddca61da939cb017bdd20f2740c5c9a39",,"2026-02-26T11:15:00.000","30","TRAFFIC SIGNAL","FUNCTIONING PROPERLY","CLEAR","DAYLIGHT","REAR END","NOT DIVIDED",,"STRAIGHT AND LEVEL","DRY","NO DEFECTS","NOT ON SCENE (DESK REPORT)","NO INJURY / DRIVE AWAY",,,"Y","OVER $1,500","2026-03-03T15:15:00.000","UNABLE TO DETERMINE","NOT APPLICABLE","225","W","WACKER DR","122",,,,,,,"2","NO INDICATION OF INJURY","0","0","0","0","0","2","0","11","5","2","41.886709222","-87.6347108995","POINT (-87.634710899459 41.886709222026)"
"fe5654f638dd7ac4f9be4eafae77c647ed69473d5651502b8a2453824c3c90456b60702494efdfa0a45c8fcabd792fac720754c049d331af334b7ea80cdf8fd0",,"2026-02-26T11:15:00.000","25","TRAFFIC SIGNAL","FUNCTIONING PROPERLY","CLEAR","DAYLIGHT","REAR END","NOT DIVIDED",,"STRAIGHT AND LEVEL","DRY","NO DEFECTS","NOT ON SCENE (DESK REPORT)","NO INJURY / DRIVE AWAY",,,,"OVER $1,500","2026-02-26T11:40:00.000","FAILING TO REDUCE SPEED TO AVOID CRASH","NOT APPLICABLE","1599","N","KILPATRICK AVE","2533",,,,,,,"2","NO INDICATION OF INJURY","0","0","0","0","0","4","0","11","5","2","41.90955713","-87.7434584543","POINT (-87.743458454326 41.909557130036)"
"1d11e8f4c0025352969de0d559405cdc60648e02998745fd1cbaa4d3bc130482e01723d8be88c48e24eae4edb0e71174de5e7f3d8f4931c85ca6e88e316385ed",,"2026-02-26T11:00:00.000","20","NO CONTROLS","NO CONTROLS","CLEAR","DAYLIGHT","PARKED MOTOR VEHICLE","ONE-WAY",,"STRAIGHT AND LEVEL","UNKNOWN","NO DEFECTS","ON SCENE","NO INJURY / DRIVE AWAY",,,"Y","OVER $1,500","2026-02-27T21:35:00.000","FAILING TO REDUCE SPEED TO AVOID CRASH","UNABLE TO DETERMINE","3416","N","KILPATRICK AVE","1731","Y","Y",,,,,"2","NO INDICATION OF INJURY","0","0","0","0","0","1","0","11","5","2","41.9430671184","-87.7440373292","POINT (-87.744037329189 41.943067118368)"
"281eb10922f6de4189f8a780695d1d09d05a4f77817f856b45962c23a35f6424fbd09da4c4372c50f59a70996c445b31035a8b990d8617dd6d9dc0c301c5b761","Y","2026-02-26T11:00:00.000","30","NO CONTROLS","NO CONTROLS","CLEAR","DAYLIGHT","PARKED MOTOR VEHICLE","ONE-WAY",,"STRAIGHT AND LEVEL","DRY","NO DEFECTS","NOT ON SCENE (DESK REPORT)","NO INJURY / DRIVE AWAY",,,"Y","OVER $1,500","2026-02-26T11:40:00.000","UNABLE TO DETERMINE","UNABLE TO DETERMINE","1519","S","RIDGEWAY AVE","1014",,,,,,,"2","NO INDICATION OF INJURY","0","0","0","0","0","1","0","11","5","2","41.8601614042","-87.7187531259","POINT (-87.718753125887 41.860161404182)"
"c9fa0fffb03e6f104c02f78f6b39fb9f164e54abb8990e1ac401b3277e941d7251ca27cf698401a61ae5a3ad432aeb4c6715876273fbf84105eb0e5823acd404",,"2026-02-26T11:00:00.000","30","TRAFFIC SIGNAL","FUNCTIONING PROPERLY","CLEAR","DAYLIGHT","REAR END","Y-INTERSECTION",,"STRAIGHT AND LEVEL","DRY","NO DEFECTS","NOT ON SCENE (DESK REPORT)","INJURY AND / OR TOW DUE TO CRASH",,,,"OVER $1,500","2026-02-26T12:29:00.000","UNABLE TO DETERMINE","NOT APPLICABLE","4001","N","DAMEN AVE","1912",,,,,,,"2","NONINCAPACITATING INJURY","1","0","0","1","0","1","0","11","5","2","41.9541799528","-87.6786079425","POINT (-87.678607942453 41.95417995281)"
"ca6e0bba8786f1fac48e331f6d6f59e35fd9869ece04100f5ff652ee7621cba2f94663fedd903297a9a984886967d07d1f636292072ba615be6e2ee9b1d70af7",,"2026-02-26T11:00:00.000","30","UNKNOWN","UNKNOWN","UNKNOWN","DAYLIGHT","REAR END","DIVIDED - W/MEDIAN (NOT RAISED)",,"STRAIGHT AND LEVEL","UNKNOWN","UNKNOWN","NOT ON SCENE (DESK REPORT)","NO INJURY / DRIVE AWAY",,,,"$501 - $1,500","2026-02-27T08:10:00.000","UNABLE TO DETERMINE","UNABLE TO DETERMINE","628","N","LA SALLE DR","1832",,,,,,,"2","NO INDICATION OF INJURY","0","0","0","0","0","2","0","11","5","2","41.8931646527","-87.6327835638","POINT (-87.632783563812 41.89316465268)"
"a8dd80b8c08a4f53155d1517bc3684a937143462899f4aad95992f488de3facf9288a4abc5bf5c3137df6da2a3d21097cbddd4296d00a99b175d3e377eb1428c",,"2026-02-26T10:55:00.000","30","TRAFFIC SIGNAL","FUNCTIONING PROPERLY","RAIN","DAYLIGHT","ANGLE","NOT DIVIDED",,"STRAIGHT AND LEVEL","WET","NO DEFECTS","ON SCENE","INJURY AND / OR TOW DUE TO CRASH","Y",,,"OVER $1,500","2026-03-06T10:32:00.000","FAILING TO REDUCE SPEED TO AVOID CRASH","FAILING TO REDUCE SPEED TO AVOID CRASH","11500","S","WENTWORTH AVE","522",,,,,,,"2","REPORTED, NOT EVIDENT","4","0","0","0","4","3","0","10","5","2","41.6851692166","-87.6278337937","POINT (-87.627833793667 41.68516921663)"
"ba531c1531b6e00920d22dd2c3e61bf7d2a0d5fd13a54e594d802fd25324f66645948a909c5ad9f59f61b551fb937bb80b99c900145ec4a6c146279aaf305d2e",,"2026-02-26T10:53:00.000","30","UNKNOWN","UNKNOWN","CLEAR","DAYLIGHT","PARKED MOTOR VEHICLE","DIVIDED - W/MEDIAN (NOT RAISED)",,"STRAIGHT AND LEVEL","DRY","NO DEFECTS","NOT ON SCENE (DESK REPORT)","NO INJURY / DRIVE AWAY",,,"Y","$500 OR LESS","2026-02-26T13:45:00.000","IMPROPER LANE USAGE","NOT APPLICABLE","2900","W","87TH ST","835",,,,,,,"2","NO INDICATION OF INJURY","0","0","0","0","0","1","0","10","5","2","41.7354282096","-87.6947814949","POINT (-87.694781494905 41.735428209584)"
"cc2161e5ba178c5fa8919184357ec511a1d465a3f72d4d9fdc0a3e87719948730bfeac7f7600c99c3743e0f6ca74d2ac9a4a037103ae772b36c7df22eefc2318",,"2026-02-26T10:50:00.000","35","TRAFFIC SIGNAL","FUNCTIONING PROPERLY","CLEAR","DAYLIGHT","SIDESWIPE SAME DIRECTION","NOT DIVIDED",,"STRAIGHT AND LEVEL","DRY","NO DEFECTS",,"NO INJURY / DRIVE AWAY",,,,"OVER $1,500","2026-02-26T11:45:00.000","DRIVING SKILLS/KNOWLEDGE/EXPERIENCE","UNABLE TO DETERMINE","8700","S","STONY ISLAND AVE","412",,,,,,,"2","NO INDICATION OF INJURY","0","0","0","0","0","2","0","10","5","2","41.7368226302","-87.5857834203","POINT (-87.585783420329 41.736822630157)"
"1ada36a1a05de0d2ee3151a0a67e2026e78316312b0d861746bae9f65334ef5d10e9f1595b0293d90baf8026ddf8d3e5e4f53fc3f524619add022d2cc7c187af",,"2026-02-26T10:35:00.000","30","TRAFFIC SIGNAL","FUNCTIONING PROPERLY","CLEAR","DAYLIGHT","SIDESWIPE SAME DIRECTION","NOT DIVIDED",,"STRAIGHT AND LEVEL","DRY","NO DEFECTS","NOT ON SCENE (DESK REPORT)","NO INJURY / DRIVE AWAY","Y",,,"OVER $1,500","2026-02-26T11:15:00.000","IMPROPER TURNING/NO SIGNAL","IMPROPER OVERTAKING/PASSING","3201","W","DEVON AVE","2413",,,,,,,"2","NO INDICATION OF INJURY","0","0","0","0","0","2","0","10","5","2","41.9972784744","-87.7094073572","POINT (-87.709407357178 41.997278474417)"
"67cde3b1d19b8393aa3c38b148367be3dc93b9b83963eb6160e8ba1e7a530ccc4c95cfa322043ec53ef1c3973c9825f43712bdc174873354026594a5658f6d17",,"2026-02-26T10:30:00.000","30","NO CONTROLS","NO CONTROLS","CLEAR","DAYLIGHT","PARKED MOTOR VEHICLE","NOT DIVIDED",,"STRAIGHT AND LEVEL","DRY","NO DEFECTS","NOT ON SCENE (DESK REPORT)","NO INJURY / DRIVE AWAY",,,,"$500 OR LESS","2026-02-26T10:35:00.000","UNABLE TO DETERMINE","UNABLE TO DETERMINE","3910","W","ROOSEVELT RD","1132",,,,,,,"2","NO INDICATION OF INJURY","0","0","0","0","0","1","0","10","5","2","41.8663096094","-87.7231881044","POINT (-87.723188104419 41.866309609401)"
"84179557df635a182be25fafaa68f72acf03072f971d4fa60e73a722a4bbf90bbd17bc56af5b393fdbb7964ba220ee641a8ada5850452b97cd29a2037b5a6d0c",,"2026-02-26T10:23:00.000","30","NO CONTROLS","NO CONTROLS","CLEAR","DAYLIGHT","REAR END","NOT DIVIDED",,"STRAIGHT AND LEVEL","DRY","UNKNOWN","ON SCENE","INJURY AND / OR TOW DUE TO CRASH",,,,"OVER $1,500","2026-02-26T10:24:00.000","FAILING TO REDUCE SPEED TO AVOID CRASH","UNABLE TO DETERMINE","2747","N","PULASKI RD","2524",,,,,,,"3","NO INDICATION OF INJURY","0","0","0","0","0","4","0","10","5","2","41.931394443","-87.7268203753","POINT (-87.726820375252 41.931394442977)"
"da7d5944cd506769b5a2ff602ac1f293259a9d078800e9cf078f3acf66adcc7a190ebdb38db1625d82a62be90e935fd00e7aa03beff4e31c0cf3e54feaf79eb8",,"2026-02-26T10:20:00.000","30","NO CONTROLS","NO CONTROLS","CLOUDY/OVERCAST","DAYLIGHT","REAR END","NOT DIVIDED",,"STRAIGHT AND LEVEL","DRY","NO DEFECTS","ON SCENE","NO INJURY / DRIVE AWAY",,,,"OVER $1,500","2026-02-26T10:25:00.000","FOLLOWING TOO CLOSELY","UNABLE TO DETERMINE","5443","N","NAGLE AVE","1622",,,,,,,"2","NO INDICATION OF INJURY","0","0","0","0","0","2","0","10","5","2","41.9805363943","-87.7876339228","POINT (-87.787633922811 41.980536394279)"
"3575798b343ba3e89127345c9a3585bd052c9ddf8261870c9bdcb29edb056097d473caeaea31b373552b596ccc48a28352f7ce24367de07738fc4b483970f588",,"2026-02-26T10:15:00.000","30","NO CONTROLS","NO CONTROLS","CLEAR","DAYLIGHT","PARKED MOTOR VEHICLE","NOT DIVIDED",,"STRAIGHT AND LEVEL","DRY","NO DEFECTS","ON SCENE","INJURY AND / OR TOW DUE TO CRASH",,,,"OVER $1,500","2026-02-26T10:25:00.000","UNABLE TO DETERMINE","UNABLE TO DETERMINE","15","E","122ND ST","532",,,,,,,"2","REPORTED, NOT EVIDENT","1","0","0","0","1","0","0","10","5","2","41.6724540604","-87.6218452121","POINT (-87.621845212103 41.672454060437)"
"764f2c9ec5db3167bb581beaa89adaf986de6b18b9905cdeccd99a706d4f836ebde48f77020711c75bab221a0d16ea165b5c78f31f045ee0b97c79db2c914b5c","Y","2026-02-26T10:15:00.000","30","NO CONTROLS","NO CONTROLS","CLEAR","DAYLIGHT","OTHER OBJECT","NOT DIVIDED",,"STRAIGHT AND LEVEL","DRY","UNKNOWN","NOT ON SCENE (DESK REPORT)","NO INJURY / DRIVE AWAY",,,,"OVER $1,500","2026-02-27T15:00:00.000","NOT APPLICABLE","NOT APPLICABLE","1642","N","CALIFORNIA AVE","1421",,,,,,,"2","NO INDICATION OF INJURY","0","0","0","0","0","2","0","10","5","2","41.9114631423","-87.6971679421","POINT (-87.697167942101 41.911463142301)"
"67110c8e3bee64444589694100cb3fea5f39957dcc75ad8a6c9a205dd21b906ba3451d55247f98071dd93f60ad9ee53122a404dbe5bef2df716e5dc454574581",,"2026-02-26T10:10:00.000","15","NO CONTROLS","NO CONTROLS","UNKNOWN","DAYLIGHT","REAR END","NOT DIVIDED",,"STRAIGHT AND LEVEL","UNKNOWN","NO DEFECTS","NOT ON SCENE (DESK REPORT)","NO INJURY / DRIVE AWAY",,,"Y","OVER $1,500","2026-02-26T11:35:00.000","UNABLE TO DETERMINE","NOT APPLICABLE","1230","E","72ND ST","324",,,,,,,"2","NO INDICATION OF INJURY","0","0","0","0","0","2","0","10","5","2","41.7642833253","-87.5945593305","POINT (-87.594559330453 41.764283325333)"
"e05a0be3e5c1a173c8413f363b28912f4fa0ce121679c93f0e1158d6619647920779a10b715c70e379ce7ffd6500322dba87b459b18ae1a2661c25d4ef4d62f6",,"2026-02-26T10:10:00.000","30","NO CONTROLS","UNKNOWN","CLEAR","DAYLIGHT","PARKED MOTOR VEHICLE","NOT DIVIDED",,"STRAIGHT AND LEVEL","DRY","NO DEFECTS","ON SCENE","INJURY AND / OR TOW DUE TO CRASH",,,,"OVER $1,500","2026-02-26T10:13:00.000","IMPROPER OVERTAKING/PASSING","IMPROPER OVERTAKING/PASSING","6401","S","YALE AVE","722",,,,,,,"2","NO INDICATION OF INJURY","0","0","0","0","0","1","0","10","5","2","41.7780605238","-87.6316417893","POINT (-87.631641789302 41.778060523814)"
"0da8c708571b0dd629ae7633e345f97ff4b4dce2ab8a3d288e7453617da9f58a82b239028a78676f5f1d5bc914997a6abc36edb1d81f5c555fead5d5e05a220e",,"2026-02-26T10:00:00.000","30","NO CONTROLS","NO CONTROLS","OTHER","DAYLIGHT","SIDESWIPE SAME DIRECTION","DIVIDED - W/MEDIAN (NOT RAISED)",,"STRAIGHT AND LEVEL","DRY","NO DEFECTS","NOT ON SCENE (DESK REPORT)","NO INJURY / DRIVE AWAY",,,"Y","OVER $1,500","2026-02-26T11:39:00.000","IMPROPER OVERTAKING/PASSING","NOT APPLICABLE","51","E","95TH ST","511",,,,,,,"2","NO INDICATION OF INJURY","0","0","0","0","0","2","0","10","5","2","41.7216535829","-87.6216800504","POINT (-87.621680050414 41.721653582879)"
"3ff75447a652ee9b89e1ae722378edc320c91c70f5e73237312394f3a31e24be603429434903fcd8f03664ce5da07ce6102a052f0a38ff54c1309614083f977e",,"2026-02-26T10:00:00.000","30","NO CONTROLS","NO CONTROLS","CLEAR","DAYLIGHT","TURNING","DIVIDED - W/MEDIAN (NOT RAISED)",,"STRAIGHT AND LEVEL","DRY","NO DEFECTS","NOT ON SCENE (DESK REPORT)","NO INJURY / DRIVE AWAY",,,,"$501 - $1,500","2026-02-26T10:20:00.000","FAILING TO YIELD RIGHT-OF-WAY","RELATED TO BUS STOP","2501","N","CENTRAL AVE","2515",,,,,,,"2","NO INDICATION OF INJURY","0","0","0","0","0","2","0","10","5","2","41.92589841","-87.7659109477","POINT (-87.765910947686 41.925898409985)"
"4412c313a895642bc0f1ebeff5a66eaea660b9825037ab88d23f301bafccdad7d673b76bde00f9b1a6980cfc050ecde60cb4e74bf85e4b9ffd8e1865a7eda60d",,"2026-02-26T10:00:00.000","30","NO CONTROLS","NO CONTROLS","CLEAR","DAYLIGHT","FIXED OBJECT","DRIVEWAY",,"STRAIGHT AND LEVEL","DRY","NO DEFECTS","ON SCENE","NO INJURY / DRIVE AWAY",,,,"$501 - $1,500","2026-02-26T11:13:00.000","IMPROPER BACKING","IMPROPER BACKING","2500","W","WELLINGTON AVE","1411",,,,,,,"1","NO INDICATION OF INJURY","0","0","0","0","0","1","0","10","5","2","41.9359148891","-87.6905547831","POINT (-87.690554783064 41.935914889149)"
"7ffce8b9498369824ae3c4bedf496df6770389d37919d77469438db64bd41dfc939ffc54009947fbf133dbc4972478f7215a090f2deddd49c908fa1cf8f58774",,"2026-02-26T10:00:00.000","30","NO CONTROLS","NO CONTROLS","CLEAR","DAYLIGHT","REAR END","ONE-WAY",,"STRAIGHT AND LEVEL","DRY","NO DEFECTS","NOT ON SCENE (DESK REPORT)","NO INJURY / DRIVE AWAY",,,,"OVER $1,500","2026-02-26T11:00:00.000","FOLLOWING TOO CLOSELY","FOLLOWING TOO CLOSELY","2302","W","MEDILL AVE","1432",,,,,,,"2","NO INDICATION OF INJURY","0","0","0","0","0","2","0","10","5","2","41.9242775047","-87.6853847873","POINT (-87.685384787328 41.924277504666)"
"821e2e8aa36d381db775c48a1182ed537d195274cd97d2f5940ce6f8fde3017d040f5ce27f9ecb9e6f70b426a62f5d6ebe82cb74ce7172edf8c4a52afdaa8f48",,"2026-02-26T10:00:00.000","30","NO CONTROLS","NO CONTROLS","CLEAR","DAYLIGHT","PARKED MOTOR VEHICLE","ONE-WAY",,"STRAIGHT AND LEVEL","DRY","NO DEFECTS","NOT ON SCENE (DESK REPORT)","NO INJURY / DRIVE AWAY",,,"Y","OVER $1,500","2026-02-26T12:00:00.000","NOT APPLICABLE","NOT APPLICABLE","4127","N","LAWLER AVE","1624",,,,,,,"2","NO INDICATION OF INJURY","0","0","0","0","0","2","0","10","5","2","41.9559998818","-87.7534058337","POINT (-87.75340583366 41.95599988183)"
"837a8b610e211bd626bb8971a6138a482ae6e7a81016d9ae576ece5aa03e5d12571d467a96604dcf0af983dbbc09a34e29c937b4609498427621e6a77ed56702",,"2026-02-26T10:00:00.000","30","TRAFFIC SIGNAL","FUNCTIONING PROPERLY","CLEAR","DAYLIGHT","TURNING","CENTER TURN LANE",,"STRAIGHT AND LEVEL","UNKNOWN","UNKNOWN","NOT ON SCENE (DESK REPORT)","NO INJURY / DRIVE AWAY",,,,"$500 OR LESS","2026-02-26T11:08:00.000","UNABLE TO DETERMINE","UNABLE TO DETERMINE","5155","N","ASHLAND AVE","2032",,,,,,,"2","NO INDICATION OF INJURY","0","0","0","0","0","2","0","10","5","2","41.9759992077","-87.6694637897","POINT (-87.669463789744 41.975999207673)"
"1df47947a77d414106be56cd3ead4f54fbefe557a6e61d02d41fc004e673e9bd3e0a27239c9b1303215447b68e083a90763f9e289ca46bfd3baf5344dc1c5cc3",,"2026-02-26T09:55:00.000","30","TRAFFIC SIGNAL","FUNCTIONING PROPERLY","CLEAR","DAYLIGHT","TURNING","NOT DIVIDED",,"STRAIGHT AND LEVEL","UNKNOWN","UNKNOWN","NOT ON SCENE (DESK REPORT)","NO INJURY / DRIVE AWAY","Y",,,"$501 - $1,500","2026-02-26T15:30:00.000","UNABLE TO DETERMINE","UNABLE TO DETERMINE","5149","N","ASHLAND AVE","2032",,,,,,,"2","NO INDICATION OF INJURY","0","0","0","0","0","2","0","9","5","2","41.9758070833","-87.6694604806","POINT (-87.66946048065 41.97580708334)"
"74b8e611ee503360412ea315bdd35cf5afa63014afb3c5a78a1e0699de93e35a26804be645ef2464fd88687a016761b61991076845c1833c59497b3fb84a6e4f","Y","2026-02-26T09:45:00.000","20","UNKNOWN","UNKNOWN","UNKNOWN","UNKNOWN","PARKED MOTOR VEHICLE","ONE-WAY",,"STRAIGHT AND LEVEL","UNKNOWN","UNKNOWN","NOT ON SCENE (DESK REPORT)","NO INJURY / DRIVE AWAY",,,"Y","$501 - $1,500","2026-02-28T10:54:00.000","UNABLE TO DETERMINE","UNABLE TO DETERMINE","4916","N","ALBANY AVE","1713",,,,,,,"2","NO INDICATION OF INJURY","0","0","0","0","0","1","0","9","5","2","41.9708325086","-87.7062447469","POINT (-87.706244746912 41.970832508598)"