"crash_record_id","crash_date_est_i","crash_date","posted_speed_limit","traffic_control_device","device_condition","weather_condition","lighting_condition","first_crash_type","trafficway_type","lane_cnt","alignment","roadway_surface_cond","road_defect","report_type","crash_type","intersection_related_i","private_property_i","hit_and_run_i","damage","date_police_notified","prim_contributory_cause","sec_contributory_cause","street_no","street_direction","street_name","beat_of_occurrence","photos_taken_i","statements_taken_i","dooring_i","work_zone_i","work_zone_type","workers_present_i","num_units","most_severe_injury","injuries_total","injuries_fatal","injuries_incapacitating","injuries_non_incapacitating","injuries_reported_not_evident","injuries_no_indication","injuries_unknown","crash_hour","crash_day_of_week","crash_month","latitude","longitude","location"
"c80226f6a6c07ebb1d803b3391af9ece995d798d5f86ead61b62a914a3228f17ea6497607f95026404dab582d62bfe4ebe2b195309dbf194788ef866e7ff425c",,"2026-02-26T09:45:00.000","30","NO CONTROLS","NO CONTROLS","CLEAR","DAYLIGHT","SIDESWIPE SAME DIRECTION","DIVIDED - W/MEDIAN (NOT RAISED)",,"STRAIGHT AND LEVEL","DRY","NO DEFECTS","NOT ON SCENE (DESK REPORT)","NO INJURY / DRIVE AWAY",,,,"OVER $1,500","2026-02-26T10:25:00.000","FAILING TO YIELD RIGHT-OF-WAY","UNABLE TO DETERMINE","501","W","PERSHING RD","925",,,,,,,"2","NO INDICATION OF INJURY","0","0","0","0","0","2","0","9","5","2","41.8234414328","-87.6386742639","POINT (-87.638674263883 41.82344143278)"
"17dbd6c5025431ccd2892305c610896084e0ab8342da65738c5fb671bfa8f6be5291f5e7a8f2b486dcc47c182e2b73b979d217b2e5ca91fb5561913cfad2d4d3",,"2026-02-26T09:41:00.000","30","TRAFFIC SIGNAL","FUNCTIONING PROPERLY","CLEAR","DAYLIGHT","SIDESWIPE SAME DIRECTION","ONE-WAY",,"STRAIGHT AND LEVEL","DRY","NO DEFECTS","ON SCENE","NO INJURY / DRIVE AWAY",,,,"OVER $1,500","2026-02-26T10:10:00.000","IMPROPER OVERTAKING/PASSING","NOT APPLICABLE","29","S","WABASH AVE","112",,,,,,,"2","NO INDICATION OF INJURY","0","0","0","0","0","2","0","9","5","2","41.8813407786","-87.6260418125","POINT (-87.626041812547 41.881340778624)"
"409d07a0be0ec757f7ad758819fc155328383210414592ddfac5fb525c728f6266f5b008e75dcbf740301cfabc3ea35273d7364d1acd71a02acde3beeb7162c0",,"2026-02-26T09:35:00.000","30","NO CONTROLS","NO CONTROLS","CLEAR","DAYLIGHT","SIDESWIPE SAME DIRECTION","ONE-WAY",,"STRAIGHT AND LEVEL","DRY","NO DEFECTS","NOT ON SCENE (DESK REPORT)","NO INJURY / DRIVE AWAY",,,,"OVER $1,500","2026-02-26T09:35:00.000","UNABLE TO DETERMINE","UNABLE TO DETERMINE","641","N","CLARK ST","1832",,,,,,,"2","NO INDICATION OF INJURY","0","0","0","0","0","2","0","9","5","2","41.8936322938","-87.6310300083","POINT (-87.631030008305 41.893632293807)"
"3b2d32d2861e307f13088fe1f1b9f6da13b646cb6210e571b114a0ee056f8b2017a3f8e4edc3b59ed3483f55186b967bc2dff431a46ec4739f7f0d815772e456",,"2026-02-26T09:33:00.000","30","NO CONTROLS","NO CONTROLS","CLEAR","DAYLIGHT","TURNING","T-INTERSECTION",,"STRAIGHT AND LEVEL","DRY","NO DEFECTS","ON SCENE","INJURY AND / OR TOW DUE TO CRASH","Y",,,"OVER $1,500","2026-02-26T09:40:00.000","FAILING TO YIELD RIGHT-OF-WAY","UNABLE TO DETERMINE","7132","W","NORTH AVE","2513",,,,,,,"3","NO INDICATION OF INJURY","0","0","0","0","0","3","0","9","5","2","41.909020159","-87.803307926","POINT (-87.803307926018 41.909020158971)"
"c2d55d9557a91e72ed19e87fac620f4b0c8b9dd3683c8085ebc19cdf067e4afe495c66f79cf8813bdd599f3df2f53bc6ab6de10feb70b0f45078776c43712cb7",,"2026-02-26T09:33:00.000","30","TRAFFIC SIGNAL","FUNCTIONING PROPERLY","CLEAR","DAYLIGHT","ANGLE","NOT DIVIDED",,"STRAIGHT AND LEVEL","DRY","NO DEFECTS","ON SCENE","INJURY AND / OR TOW DUE TO CRASH","Y",,,"OVER $1,500","2026-02-26T09:34:00.000","DISREGARDING TRAFFIC SIGNALS","FAILING TO REDUCE SPEED TO AVOID CRASH","2400","W","PERSHING RD","911",,,,,,,"2","NO INDICATION OF INJURY","0","0","0","0","0","2","0","9","5","2","41.8230967602","-87.6850189506","POINT (-87.685018950616 41.823096760166)"
"3f466b091e009e6c3212e3d1a0e82e341febf48ffe7e4cde697a14c323cd4b0b2be7c4870e1320f4af73142a3ddd3f4906f294f47ddc4ba5c6524d9bc73da161",,"2026-02-26T09:30:00.000","30","NO CONTROLS","NO CONTROLS","CLEAR","DAYLIGHT","OTHER OBJECT","NOT DIVIDED",,"STRAIGHT AND LEVEL","DRY","RUT, HOLES","ON SCENE","NO INJURY / DRIVE AWAY",,"Y",,"$501 - $1,500","2026-02-26T09:35:00.000","ROAD ENGINEERING/SURFACE/MARKING DEFECTS","ROAD ENGINEERING/SURFACE/MARKING DEFECTS","3408","W","MADISON ST","1123",,"Y",,,,,"2","NO INDICATION OF INJURY","0","0","0","0","0","1","0","9","5","2","41.8810226601","-87.7114633942","POINT (-87.711463394236 41.881022660087)"
"fca74e2ea35749bbdbd068aa8b5eff34301e169e1a469e67479c2a98e0124940d06715b44f81111cde21410e0bd9b9d2a03282f6db0b31ed32db4b5e0ca12e11",,"2026-02-26T09:24:00.000","40","NO CONTROLS","NO CONTROLS","CLEAR","DAYLIGHT","FIXED OBJECT","DIVIDED - W/MEDIAN (NOT RAISED)",,"CURVE ON GRADE","DRY","UNKNOWN","ON SCENE","INJURY AND / OR TOW DUE TO CRASH",,,,"OVER $1,500","2026-02-26T09:25:00.000","FAILING TO REDUCE SPEED TO AVOID CRASH","UNABLE TO DETERMINE","5632","N","LAKE SHORE DR NB","2022",,,,,,,"1","NONINCAPACITATING INJURY","2","0","0","2","0","0","0","9","5","2","41.9847803259","-87.6532419552","POINT (-87.653241955172 41.984780325865)"
"6c96e9e88c47a235dc5bea0e8747ff3922d7359e19eda917e22de1946da606c1789fffe63aa75b9a898f54df15525f67f60fece9bacd55cf1b53f36ab91cc4e6",,"2026-02-26T09:17:00.000","45","NO CONTROLS","NO CONTROLS","CLEAR","DAYLIGHT","PARKED MOTOR VEHICLE","DIVIDED - W/MEDIAN BARRIER",,"STRAIGHT AND LEVEL","DRY","NO DEFECTS","ON SCENE","INJURY AND / OR TOW DUE TO CRASH",,,,"OVER $1,500","2026-02-26T09:17:00.000","FAILING TO REDUCE SPEED TO AVOID CRASH","DISTRACTION - FROM OUTSIDE VEHICLE","4035","S","LAKE SHORE DR NB","214",,,,,,,"2","NO INDICATION OF INJURY","0","0","0","0","0","2","0","9","5","2","41.8213082062","-87.5980457589","POINT (-87.598045758871 41.821308206218)"
"0a6b563040cb81c8bd9f4e5bd9f48950f5b41acd59dbe11438ccc30ff8633b737dcdea17f6275307c0041f6d7738cebe821a1f665288d197cb2ef4bbb2ea0dbd",,"2026-02-26T09:16:00.000","30","TRAFFIC SIGNAL","FUNCTIONING PROPERLY","CLEAR","DAYLIGHT","SIDESWIPE SAME DIRECTION","DIVIDED - W/MEDIAN BARRIER",,"STRAIGHT AND LEVEL","DRY","NO DEFECTS","ON SCENE","NO INJURY / DRIVE AWAY",,,,"OVER $1,500","2026-02-26T10:15:00.000","IMPROPER LANE USAGE","DRIVING SKILLS/KNOWLEDGE/EXPERIENCE","151","N","MICHIGAN AVE","114",,,,,,,"2","NO INDICATION OF INJURY","0","0","0","0","0","2","0","9","5","2","41.8845401106","-87.6243085225","POINT (-87.62430852246 41.884540110592)"
"82e0a0e6fad24804ad2f823532aed65dcd4ea5648fa50c23565dba79b7c25119cecc23e8dbb2ffcd7c218982dfbb674e1e4ef6e6be6946a8e243a23440f25cd6",,"2026-02-26T09:06:00.000","30","TRAFFIC SIGNAL","FUNCTIONING PROPERLY","CLEAR","DAYLIGHT","REAR END","DIVIDED - W/MEDIAN (NOT RAISED)",,"STRAIGHT AND LEVEL","UNKNOWN","UNKNOWN","NOT ON SCENE (DESK REPORT)","NO INJURY / DRIVE AWAY",,,,"$500 OR LESS","2026-02-26T09:50:00.000","FOLLOWING TOO CLOSELY","UNABLE TO DETERMINE","3537","N","KEDZIE AVE","1733",,,,,,,"2","NO INDICATION OF INJURY","0","0","0","0","0","2","0","9","5","2","41.9458882549","-87.7076556441","POINT (-87.707655644126 41.945888254893)"
"e0c43a7f86a3ddcd31a946f8f5da92915b1d5e60dbc5f97f4777e9efcecd11e4d2a2723c2a1474f816366e966c2641b700a86dcd6112957c9f0634977c4bf093",,"2026-02-26T09:05:00.000","30","NO CONTROLS","NO CONTROLS","CLEAR","DAYLIGHT","FIXED OBJECT","OTHER",,"STRAIGHT AND LEVEL","DRY","NO DEFECTS","ON SCENE","NO INJURY / DRIVE AWAY",,"Y",,"OVER $1,500","2026-02-26T09:44:00.000","IMPROPER TURNING/NO SIGNAL","NOT APPLICABLE","251","W","63RD ST","722",,,,,,,"1","NO INDICATION OF INJURY","0","0","0","0","0","1","0","9","5","2","41.7798491708","-87.6321374877","POINT (-87.632137487679 41.779849170803)"
"c7cbe032a0615b9926891de50e1fc55a7de94206dee37fcfdebe3cef9633220d4ff13b3824a671936e25ae65000eaf3191381a8a4f8b3765645f98d325b7cfa3",,"2026-02-26T09:03:00.000","35","TRAFFIC SIGNAL","FUNCTIONING PROPERLY","CLEAR","DAYLIGHT","SIDESWIPE SAME DIRECTION","DIVIDED - W/MEDIAN BARRIER",,"STRAIGHT AND LEVEL","DRY","NO DEFECTS","ON SCENE","NO INJURY / DRIVE AWAY",,,,"$500 OR LESS","2026-02-26T09:07:00.000","DRIVING SKILLS/KNOWLEDGE/EXPERIENCE","NOT APPLICABLE","9901","S","HALSTED ST","2232",,,,,,,"2","NO INDICATION OF INJURY","0","0","0","0","0","2","0","9","5","2","41.7141256493","-87.6428525474","POINT (-87.642852547443 41.714125649277)"
"11a3aa1b8f76e6a8c5cf7a1d31aa726b7c84970ebad907a273617df231b17bce02437494dc6858bed1269ddb3ed0c36243ad1a627111ca0bc69e9dd12057048a",,"2026-02-26T09:00:00.000","30","TRAFFIC SIGNAL","FUNCTIONING PROPERLY","CLOUDY/OVERCAST","DAYLIGHT","REAR END","DIVIDED - W/MEDIAN (NOT RAISED)",,"STRAIGHT AND LEVEL","DRY","NO DEFECTS",,"NO INJURY / DRIVE AWAY","Y",,,"OVER $1,500","2026-02-26T10:00:00.000","UNABLE TO DETERMINE","NOT APPLICABLE","680","N","LAKE SHORE DR","1834",,,,,,,"2","NO INDICATION OF INJURY","0","0","0","0","0","4","0","9","5","2","41.8947983703","-87.6158666457","POINT (-87.615866645679 41.894798370283)"
"9e8961dd5d07b50e6123cdceef0d2efc36758a43c9e975cc68f1421fa2908bc49552bac0a8d36cac3ef1b17b27a2800cf78779cdf6cc26711365ced18da4e6d4",,"2026-02-26T09:00:00.000","15","NO CONTROLS","NO CONTROLS","CLOUDY/OVERCAST","DAYLIGHT","OTHER OBJECT","ALLEY",,"STRAIGHT AND LEVEL","DRY","OTHER","NOT ON SCENE (DESK REPORT)","NO INJURY / DRIVE AWAY",,,,"$500 OR LESS","2026-02-26T15:20:00.000","NOT APPLICABLE","NOT APPLICABLE","9952","S","STATE ST","511",,,,,,,"1","NO INDICATION OF INJURY","0","0","0","0","0","1","0","9","5","2","41.7128588462","-87.6237840476","POINT (-87.62378404759 41.712858846231)"
"de77c5e4bd153f4bd16cb0aec04db62508bd61f89291aaf9ef3c5fa8a51ad20cdc51b753a2410f613063cd52418ad2602c721818a80ef6036032970010670ad8",,"2026-02-26T08:59:00.000","10","NO CONTROLS","NO CONTROLS","CLEAR","DAYLIGHT","FIXED OBJECT","PARKING LOT",,"STRAIGHT AND LEVEL","DRY","UNKNOWN",,"INJURY AND / OR TOW DUE TO CRASH",,,"Y","OVER $1,500","2026-02-26T08:59:00.000","RELATED TO BUS STOP","NOT APPLICABLE","3707","W","HARRISON ST","1133","N",,,,,,"2","NONINCAPACITATING INJURY","1","0","0","1","0","1","0","8","5","2","41.8734116738","-87.7183769652","POINT (-87.718376965235 41.873411673815)"
"81fa8e71a16643d762d0f6d174f98ac03803c66347c295f540c3e8f5812dcc1827d9e3a9a5a06fee80e1a669b0523819464afa106d0a9a6d44e08c574382ba02",,"2026-02-26T08:55:00.000","30","NO CONTROLS","NO CONTROLS","CLEAR","DAYLIGHT","SIDESWIPE SAME DIRECTION","DIVIDED - W/MEDIAN (NOT RAISED)",,"STRAIGHT AND LEVEL","DRY","NO DEFECTS","NOT ON SCENE (DESK REPORT)","NO INJURY / DRIVE AWAY",,,,"OVER $1,500","2026-02-26T09:30:00.000","FAILING TO YIELD RIGHT-OF-WAY","UNABLE TO DETERMINE","236","W","24TH PL","914",,,,,,,"2","NO INDICATION OF INJURY","0","0","0","0","0","2","0","8","5","2","41.8483386883","-87.6333764368","POINT (-87.6333764368 41.848338688334)"
"25985671ce35a58a755940756a700c044e913e9ed2e1fe2db0c78e45b1acd6df0d19428ce1b33e6f4204122c3469b09c2cb2b77d37539954a3453d4742e9ea16",,"2026-02-26T08:53:00.000","30","STOP SIGN/FLASHER","FUNCTIONING PROPERLY","CLEAR","DAYLIGHT","TURNING","T-INTERSECTION",,"STRAIGHT AND LEVEL","DRY","NO DEFECTS","ON SCENE","NO INJURY / DRIVE AWAY","Y",,,"OVER $1,500","2026-02-26T09:11:00.000","DISREGARDING STOP SIGN","DISREGARDING STOP SIGN","1599","E","71ST PL","324",,,,,,,"2","NO INDICATION OF INJURY","0","0","0","0","0","2","0","8","5","2","41.7650362406","-87.5859154671","POINT (-87.585915467117 41.765036240618)"
"10beff5be1fde2f51c9286ddb8de667b5e350e4b3e8b899688c10a6cf5155c332f80e7c2d73024822e2afffcf441954f43107355a91ec16108ffdc60512a21f0",,"2026-02-26T08:40:00.000","30","NO CONTROLS","NO CONTROLS","CLEAR","DAYLIGHT","REAR END","ONE-WAY",,"STRAIGHT AND LEVEL","DRY","UNKNOWN","NOT ON SCENE (DESK REPORT)","NO INJURY / DRIVE AWAY",,,,"OVER $1,500","2026-03-01T10:46:00.000","UNABLE TO DETERMINE","UNABLE TO DETERMINE","1612","W","LE MOYNE ST","1433",,,,,,,"2","NO INDICATION OF INJURY","0","0","0","0","0","4","0","8","5","2","41.9092141926","-87.6682435295","POINT (-87.668243529482 41.909214192649)"
"2465fc2b51a435be9a9259c84684badb676ac9de34aaac8f68a44d458f78cae36e264f67547701eeb428636c99eaf49313148aced2c93fd87c12d817d9b62c14",,"2026-02-26T08:40:00.000","30","UNKNOWN","UNKNOWN","UNKNOWN","UNKNOWN","SIDESWIPE SAME DIRECTION","ONE-WAY",,"STRAIGHT AND LEVEL","UNKNOWN","UNKNOWN","NOT ON SCENE (DESK REPORT)","NO INJURY / DRIVE AWAY",,,,"OVER $1,500","2026-02-26T10:15:00.000","NOT APPLICABLE","NOT APPLICABLE","5912","S","COTTAGE GROVE AVE","233",,,,,,,"2","NO INDICATION OF INJURY","0","0","0","0","0","2","0","8","5","2","41.7873545883","-87.6062127115","POINT (-87.606212711481 41.787354588294)"
"976f5a7c5d9a7dbf9049e75e8b0e45b2480833b5b7f2c3747a34edeb5268efd41e0ee385dbb0775b170a82b0c99a9ef270c7ad1e09c0810e6502c619274b3c23",,"2026-02-26T08:37:00.000","30","STOP SIGN/FLASHER","NO CONTROLS","CLEAR","DAYLIGHT","ANGLE","FOUR WAY",,"STRAIGHT AND LEVEL","DRY","NO DEFECTS","ON SCENE","INJURY AND / OR TOW DUE TO CRASH",,,,"OVER $1,500","2026-02-26T09:07:00.000","DISREGARDING STOP SIGN","DISREGARDING STOP SIGN","6100","W","55TH ST","811",,,,,,,"2","NONINCAPACITATING INJURY","2","0","0","2","0","2","0","8","5","2","41.7926024579","-87.7745652078","POINT (-87.774565207759 41.792602457904)"
"1b90c80b57d288a0a4a91426f8710279dc6ac4a46709e56bfdcc328fb6d6e8d7d1995ab7dd07e39447778bd6295273051d4eb138303ca09337cd0e5f09cb6ca7","Y","2026-02-26T08:30:00.000","30","NO CONTROLS","NO CONTROLS","CLEAR","UNKNOWN","PARKED MOTOR VEHICLE","ONE-WAY",,"STRAIGHT AND LEVEL","DRY","UNKNOWN","ON SCENE","NO INJURY / DRIVE AWAY",,,"Y","OVER $1,500","2026-02-26T11:44:00.000","UNABLE TO DETERMINE","UNABLE TO DETERMINE","3255","N","RIDGEWAY AVE","1732",,,,,,,"2","NO INDICATION OF INJURY","0","0","0","0","0","1","0","8","5","2","41.9407886351","-87.720971942","POINT (-87.72097194204 41.940788635103)"
"c2ff6c4a81cc1f88c752a812b4fba8ea2ea63a7d5bcdf62d15dfa05857fd4bdf5e57331cfb714c8ab21302dfb238da98ca87a1c58a69b09d493217a23ec7bee4",,"2026-02-26T08:27:00.000","30","STOP SIGN/FLASHER","FUNCTIONING PROPERLY","CLEAR","DAYLIGHT","ANGLE","OTHER",,"STRAIGHT AND LEVEL","DRY","NO DEFECTS","NOT ON SCENE (DESK REPORT)","NO INJURY / DRIVE AWAY","Y",,,"$501 - $1,500","2026-02-26T10:20:00.000","NOT APPLICABLE","NOT APPLICABLE","4554","N","ELSTON AVE","1722",,,,,,,"2","NO INDICATION OF INJURY","0","0","0","0","0","2","0","8","5","2","41.9636055409","-87.7337995038","POINT (-87.73379950382 41.963605540882)"
"2020b1a58e6aa44cf00ea0a923e8391560d1c834beac1847bda268e94301b8434981a97c995d46a794b8ccd65c2846481e1450770722e2687d22301871a3337f",,"2026-02-26T08:25:00.000","35","NO CONTROLS","NO CONTROLS","CLEAR","DAYLIGHT","ANGLE","NOT DIVIDED",,"STRAIGHT AND LEVEL","DRY","NO DEFECTS","NOT ON SCENE (DESK REPORT)","NO INJURY / DRIVE AWAY",,,,"OVER $1,500","2026-02-26T09:02:00.000","UNABLE TO DETERMINE","UNABLE TO DETERMINE","4414","N","MELVINA AVE","1622",,,,,,,"2","NO INDICATION OF INJURY","0","0","0","0","0","2","0","8","5","2","41.960711998","-87.7820670966","POINT (-87.782067096635 41.960711997999)"
"94dc5e6104f000a11020f5c2d64808002fe72c23e0ab18ddffea29ae964b79db985eee4e7fefde5723a7ff1e49bb1a5f7eadd38a5ec42140ea2f55eae13c6201",,"2026-02-26T08:25:00.000","30","STOP SIGN/FLASHER","FUNCTIONING PROPERLY","CLEAR","DAYLIGHT","ANGLE","NOT DIVIDED",,"STRAIGHT AND LEVEL","DRY","NO DEFECTS","ON SCENE","NO INJURY / DRIVE AWAY","Y",,"Y","OVER $1,500","2026-02-26T08:33:00.000","UNABLE TO DETERMINE","UNABLE TO DETERMINE","4552","N","ELSTON AVE","1722",,,,,,,"2","NO INDICATION OF INJURY","0","0","0","0","0","2","0","8","5","2","41.9635013001","-87.7336482987","POINT (-87.733648298711 41.963501300135)"
"bc8b305619ff0fb96d67af8057c1322715854e155fe0a92df5b9b2107044e69c98bb0d12dfa76da649c949599b467c752fc0acd1a0e45e060b41bbcc97c5ac17",,"2026-02-26T08:25:00.000","30","NO CONTROLS","NO CONTROLS","CLEAR","DAYLIGHT","PARKED MOTOR VEHICLE","DIVIDED - W/MEDIAN (NOT RAISED)",,"STRAIGHT AND LEVEL","DRY","UNKNOWN",,"NO INJURY / DRIVE AWAY",,,"Y","OVER $1,500","2026-02-26T09:15:00.000","IMPROPER LANE USAGE","DISREGARDING OTHER TRAFFIC SIGNS","828","W","18TH ST","1235",,,,,,,"2","NO INDICATION OF INJURY","0","0","0","0","0","2","0","8","5","2","41.8581821676","-87.647744846","POINT (-87.647744846001 41.858182167588)"
"9262b311fd7f3eb908184a2bd63f524afa761124acc9d162f13781d5ce9c599b3e5b3e066fe5b0aedb614f0ded8d1e034813713874401fc1f8076a45b2910290",,"2026-02-26T08:24:00.000","30","TRAFFIC SIGNAL","FUNCTIONING PROPERLY","CLEAR","DAYLIGHT","REAR END","NOT DIVIDED",,"STRAIGHT AND LEVEL","DRY","NO DEFECTS","NOT ON SCENE (DESK REPORT)","NO INJURY / DRIVE AWAY",,,,"OVER $1,500","2026-02-26T20:00:00.000","UNABLE TO DETERMINE","UNABLE TO DETERMINE","313","W","WOLF POINT PLZ","1831",,,,,,,"2","NO INDICATION OF INJURY","0","0","0","0","0","2","0","8","5","2","41.8878056174","-87.6368282057","POINT (-87.636828205716 41.887805617392)"
"f0bd1d3721db004849022bbae81e174c11ed55363caf07339145307e89693d357b244527a53ac9fba174f1536a103e1094f803aee398c5e16276d2acbfa8a106",,"2026-02-26T08:22:00.000","35","NO CONTROLS","NO CONTROLS","CLEAR","DAWN","PARKED MOTOR VEHICLE","NOT DIVIDED",,"STRAIGHT AND LEVEL","UNKNOWN","UNKNOWN","ON SCENE","NO INJURY / DRIVE AWAY",,,,"$500 OR LESS","2026-02-26T08:24:00.000","UNABLE TO DETERMINE","UNABLE TO DETERMINE","11500","S","STATE ST","522",,,,,,,"2","NO INDICATION OF INJURY","0","0","0","0","0","2","0","8","5","2","41.6852606299","-87.6230344828","POINT (-87.623034482813 41.685260629881)"
"896fcad63e466c0817a452327081da16b3848019746b5ab2c9f184b220744dec8b0c9a42ea710f181ca1977cabeea82fc86e6f3df749d989b36f1e379627bcb9",,"2026-02-26T08:20:00.000","15","NO CONTROLS","NO CONTROLS","CLEAR","DAYLIGHT","TURNING","OTHER",,"STRAIGHT AND LEVEL","DRY","UNKNOWN","ON SCENE","NO INJURY / DRIVE AWAY",,,,"OVER $1,500","2026-02-26T08:20:00.000","UNABLE TO DETERMINE","UNABLE TO DETERMINE","949","N","KINGSBURY ST","1822","Y","Y",,,,,"2","NO INDICATION OF INJURY","0","0","0","0","0","5","0","8","5","2","41.8996892529","-87.6446372608","POINT (-87.644637260845 41.89968925292)"
"31eb567333e17de0177108c265f4d406c72dd6bec434a6d523d86c9a0c01e80a9194c1afe509458c4b6270a3b8a47c0c3615d72c0baaa47cec3828b38c36dd22",,"2026-02-26T08:15:00.000","25","UNKNOWN","UNKNOWN","CLEAR","DAYLIGHT","PEDESTRIAN","NOT DIVIDED",,"STRAIGHT AND LEVEL","DRY","NO DEFECTS","NOT ON SCENE (DESK REPORT)","INJURY AND / OR TOW DUE TO CRASH",,,,"$501 - $1,500","2026-02-26T08:45:00.000","UNABLE TO DETERMINE","UNABLE TO DETERMINE","5157","N","FRANCISCO AVE","2031",,,,,,,"2","REPORTED, NOT EVIDENT","1","0","0","0","1","1","0","8","5","2","41.9756558829","-87.7012022977","POINT (-87.701202297747 41.975655882918)"
"01f91c26967a2441b49c298ea4d1ece39286d965c1578e5cc3c6dac0626a9cc2608d34d73f1b354afa4e6ccc5a0cf91fdfa51847a6272a2d3c45801675a6d357",,"2026-02-26T08:00:00.000","30","TRAFFIC SIGNAL","FUNCTIONING PROPERLY","CLEAR","DAYLIGHT","SIDESWIPE SAME DIRECTION","UNKNOWN",,"STRAIGHT AND LEVEL","UNKNOWN","UNKNOWN","NOT ON SCENE (DESK REPORT)","NO INJURY / DRIVE AWAY",,,"Y","$500 OR LESS","2026-02-26T16:00:00.000","UNABLE TO DETERMINE","UNABLE TO DETERMINE","6391","N","RIDGE AVE","2433",,,,,,,"2","NO INDICATION OF INJURY","0","0","0","0","0","2","0","8","5","2","41.99793801","-87.6766726774","POINT (-87.676672677428 41.997938010025)"
"078cdc7dae8d16f2b906c644621d799ef947e79621186981f5901a13e726f13623fda64e3669806c350556dee8124d0f709390a6e13f4b32fc48028a9173090e",,"2026-02-26T08:00:00.000","30","TRAFFIC SIGNAL","FUNCTIONING PROPERLY","CLEAR","DAYLIGHT","REAR END","NOT DIVIDED",,"STRAIGHT AND LEVEL","DRY","NO DEFECTS","NOT ON SCENE (DESK REPORT)","NO INJURY / DRIVE AWAY",,,,"OVER $1,500","2026-02-26T08:50:00.000","NOT APPLICABLE","NOT APPLICABLE","5200","N","CICERO AVE","1621",,,,,,,"3","NO INDICATION OF INJURY","0","0","0","0","0","3","0","8","5","2","41.9754383945","-87.7481451665","POINT (-87.748145166467 41.975438394487)"
"48c7e9b4ca8530fc7cb86bcecc93c534bfa2554cb5ba844746324a32d17a6c70f8a52a10e01a6c50e1a3d3147dc794c83aa22a2800e443b094cf1cb3e4516ecd",,"2026-02-26T08:00:00.000","30","TRAFFIC SIGNAL","FUNCTIONING PROPERLY","CLEAR","DAYLIGHT","PARKED MOTOR VEHICLE","ONE-WAY",,"STRAIGHT AND LEVEL","DRY","NO DEFECTS","ON SCENE","NO INJURY / DRIVE AWAY",,,"Y","OVER $1,500","2026-02-26T16:27:00.000","FOLLOWING TOO CLOSELY","NOT APPLICABLE","9500","S","LAFAYETTE AVE","511",,,,,,,"2","NO INDICATION OF INJURY","0","0","0","0","0","1","0","8","5","2","41.7215662926","-87.6251695177","POINT (-87.625169517699 41.721566292573)"
"be5bd07f73c00742b7eeec37029ba76064a51826bffcb994003aef1597ee5dccdb89dc56f165eb4150741934b1d2d44f053b8eb8cbf829a124824be0c674edef",,"2026-02-26T08:00:00.000","30","NO CONTROLS","NO CONTROLS","CLEAR","DAYLIGHT","TURNING","NOT DIVIDED",,"STRAIGHT AND LEVEL","DRY","NO DEFECTS","NOT ON SCENE (DESK REPORT)","NO INJURY / DRIVE AWAY",,,"Y","OVER $1,500","2026-02-26T08:51:00.000","IMPROPER TURNING/NO SIGNAL","FAILING TO YIELD RIGHT-OF-WAY","8324","S","RACINE AVE","613",,,,,,,"2","NO INDICATION OF INJURY","0","0","0","0","0","2","0","8","5","2","41.7424448949","-87.6536699442","POINT (-87.65366994415 41.742444894863)"
"379c148967623e9a59cb7cee481692c23a5899d73226ab97e6a9b786c6c8fefce14c04422f4622ec1c40f2da7f8e8846fac693d4e6462fbe08b8682b8995ed54",,"2026-02-26T07:55:00.000","30","NO CONTROLS","NO CONTROLS","CLEAR","DAYLIGHT","PARKED MOTOR VEHICLE","ONE-WAY",,"STRAIGHT AND LEVEL","DRY","NO DEFECTS","ON SCENE","INJURY AND / OR TOW DUE TO CRASH",,,,"OVER $1,500","2026-02-26T08:07:00.000","DISTRACTION - FROM INSIDE VEHICLE","FAILING TO REDUCE SPEED TO AVOID CRASH","9621","S","WINSTON AVE","2213",,,,,,,"2","REPORTED, NOT EVIDENT","1","0","0","0","1","1","0","7","5","2","41.7188105784","-87.6596204714","POINT (-87.659620471376 41.718810578369)"
"b931ae58a55ccc2fd474024d2c19ab05abb1005c03cdf4a63dc4be9479a6c5d38b4f5f4a82ddef86a0be7f42533835b362a45081f99f55cd5ee72529420ee7d3",,"2026-02-26T07:55:00.000","35","NO CONTROLS","NO CONTROLS","CLEAR","DAYLIGHT","REAR END","DIVIDED - W/MEDIAN (NOT RAISED)",,"STRAIGHT AND LEVEL","DRY","NO DEFECTS","ON SCENE","NO INJURY / DRIVE AWAY",,,"Y","$500 OR LESS","2026-02-26T08:02:00.000","IMPROPER OVERTAKING/PASSING","IMPROPER OVERTAKING/PASSING","8101","W","HIGGINS RD","1614",,,,,,,"2","NO INDICATION OF INJURY","0","0","0","0","0","2","0","7","5","2","41.9853180725","-87.8298183756","POINT (-87.82981837556 41.985318072504)"
"77d31cf0dd762d09288d951aea3e65ef4b6ef50cbe8bf28ec614f561759542966a9cfc897850919ec6087ba3cd0cee8be99488f64a83c893c23a48df102ba6b0",,"2026-02-26T07:51:00.000","30","TRAFFIC SIGNAL","FUNCTIONING PROPERLY","CLOUDY/OVERCAST","DAYLIGHT","REAR END","DIVIDED - W/MEDIAN (NOT RAISED)",,"STRAIGHT AND LEVEL","DRY","NO DEFECTS","NOT ON SCENE (DESK REPORT)","NO INJURY / DRIVE AWAY","Y",,,"OVER $1,500","2026-02-26T09:30:00.000","FAILING TO REDUCE SPEED TO AVOID CRASH","UNABLE TO DETERMINE","1645","W","NORTH AVE","1433",,,,,,,"2","NO INDICATION OF INJURY","0","0","0","0","0","2","0","7","5","2","41.9104957609","-87.6695203399","POINT (-87.669520339859 41.91049576092)"