"crash_record_id","crash_date_est_i","crash_date","posted_speed_limit","traffic_control_device","device_condition","weather_condition","lighting_condition","first_crash_type","trafficway_type","lane_cnt","alignment","roadway_surface_cond","road_defect","report_type","crash_type","intersection_related_i","private_property_i","hit_and_run_i","damage","date_police_notified","prim_contributory_cause","sec_contributory_cause","street_no","street_direction","street_name","beat_of_occurrence","photos_taken_i","statements_taken_i","dooring_i","work_zone_i","work_zone_type","workers_present_i","num_units","most_severe_injury","injuries_total","injuries_fatal","injuries_incapacitating","injuries_non_incapacitating","injuries_reported_not_evident","injuries_no_indication","injuries_unknown","crash_hour","crash_day_of_week","crash_month","latitude","longitude","location"
"5d9a72f2ee9379fd0bd656ea9b04369a8ca0a47b0ab33af25835f48fbe7a3efd645f45abe55acf8954f04e9cbc1b742cfa3c469df6f2d6112ced45560fb915dd",,"2026-02-26T07:47:00.000","20","NO CONTROLS","NO CONTROLS","UNKNOWN","UNKNOWN","PARKED MOTOR VEHICLE","NOT DIVIDED",,"STRAIGHT AND LEVEL","DRY","NO DEFECTS","ON SCENE","NO INJURY / DRIVE AWAY",,,"Y","OVER $1,500","2026-02-28T08:52:00.000","UNABLE TO DETERMINE","UNABLE TO DETERMINE","2050","E","70TH ST","331",,"Y",,,,,"2","NO INDICATION OF INJURY","0","0","0","0","0","1","0","7","5","2","41.7681116169","-87.5743066367","POINT (-87.574306636732 41.768111616911)"
"427fa95ab414e223de5c6a72535de1b4faa48fcb4656e67b57ff68a6ae1b1ad8eb70bc3d3222e7348ddde577fb758bb0a8054cdc75c84212806f41684dcef126",,"2026-02-26T07:40:00.000","30","TRAFFIC SIGNAL","FUNCTIONING PROPERLY","CLEAR","DAYLIGHT","REAR END","NOT DIVIDED",,"STRAIGHT AND LEVEL","DRY","NO DEFECTS","NOT ON SCENE (DESK REPORT)","NO INJURY / DRIVE AWAY",,,,"OVER $1,500","2026-02-26T16:14:00.000","FOLLOWING TOO CLOSELY","UNABLE TO DETERMINE","2439","W","LOGAN BLVD","1431",,,,,,,"2","NO INDICATION OF INJURY","0","0","0","0","0","2","0","7","5","2","41.9282796261","-87.6889564345","POINT (-87.688956434483 41.928279626128)"
"db293ae56a356fd19eeae57b6b2c3d8e281280697ccb48c7b1ed3620e6574e62b7bb48138d0b4110340f7b6ef0d49b596b705bce5dcf980bec743634a4d8e202",,"2026-02-26T07:40:00.000","30","TRAFFIC SIGNAL","FUNCTIONING PROPERLY","CLEAR","DAYLIGHT","TURNING","NOT DIVIDED",,"STRAIGHT AND LEVEL","DRY","NO DEFECTS","ON SCENE","NO INJURY / DRIVE AWAY",,,,"OVER $1,500","2026-02-26T07:44:00.000","UNABLE TO DETERMINE","UNABLE TO DETERMINE","37","E","PERSHING RD","213",,,,,,,"2","NO INDICATION OF INJURY","0","0","0","0","0","2","0","7","5","2","41.8236251092","-87.6249005629","POINT (-87.624900562913 41.823625109207)"
"5164283aeeed1a7e724935e2b8b2fd98461e3996907c099579275ffe6e414b749f12e9d95c9e6d762a6649dc8e6a25f1a459703e1e44a3de25e78c1578a82699",,"2026-02-26T07:30:00.000","30","NO CONTROLS","NO CONTROLS","CLEAR","DAYLIGHT","REAR END","DIVIDED - W/MEDIAN (NOT RAISED)",,"STRAIGHT AND LEVEL","DRY","NO DEFECTS","NOT ON SCENE (DESK REPORT)","NO INJURY / DRIVE AWAY",,,,"$501 - $1,500","2026-02-26T19:35:00.000","UNABLE TO DETERMINE","UNABLE TO DETERMINE","1505","W","LAWRENCE AVE","1912",,,,,,,"2","NO INDICATION OF INJURY","0","0","0","0","0","2","0","7","5","2","41.9687831443","-87.6677466548","POINT (-87.667746654754 41.968783144298)"
"7e792faa8507f8153c2d684a2a7086a439ea12c44efa429d738f37e4333b214467366fea64af49ca0c80ed680d5ed33daf97838187da896488ce2ae7e41f11e0",,"2026-02-26T07:30:00.000","25","TRAFFIC SIGNAL","FUNCTIONING PROPERLY","CLEAR","DAYLIGHT","SIDESWIPE SAME DIRECTION","DIVIDED - W/MEDIAN (NOT RAISED)",,"STRAIGHT AND LEVEL","DRY","NO DEFECTS","NOT ON SCENE (DESK REPORT)","NO INJURY / DRIVE AWAY","Y",,"Y","OVER $1,500","2026-02-27T20:00:00.000","DRIVING SKILLS/KNOWLEDGE/EXPERIENCE","NOT APPLICABLE","5700","S","KEDZIE AVE","822",,,,,,,"2","NO INDICATION OF INJURY","0","0","0","0","0","2","0","7","5","2","41.7897908215","-87.7035987697","POINT (-87.703598769655 41.789790821511)"
"d30c06336852d2a1f31a03bceec4a73f1d01296d70d65d297b4a3c1a29f0ae95817227947bdfbb89c64fcf765dde4aa84a09043342531f525b4c9e1f2b3f5cd8",,"2026-02-26T07:30:00.000","30","TRAFFIC SIGNAL","FUNCTIONING PROPERLY","CLEAR","DAYLIGHT","SIDESWIPE SAME DIRECTION","FOUR WAY",,"STRAIGHT AND LEVEL","DRY","NO DEFECTS","NOT ON SCENE (DESK REPORT)","NO INJURY / DRIVE AWAY",,,,"OVER $1,500","2026-02-26T08:30:00.000","UNABLE TO DETERMINE","UNABLE TO DETERMINE","5000","S","ARCHER AVE","815",,,,,,,"2","NO INDICATION OF INJURY","0","0","0","0","0","2","0","7","5","2","41.8023659733","-87.7235767661","POINT (-87.72357676611 41.802365973339)"
"28bd034694f79c0236025425390622a3232959c30e878a85a0fced5df6ad436639aa529539f7e4bfec1d1bfc2621a0804c569668d66991f582f75093c3112096",,"2026-02-26T07:27:00.000","30","NO CONTROLS","FUNCTIONING PROPERLY","CLEAR","DAYLIGHT","REAR END","NOT DIVIDED",,"STRAIGHT AND LEVEL","DRY","NO DEFECTS","NOT ON SCENE (DESK REPORT)","NO INJURY / DRIVE AWAY",,,,"$500 OR LESS","2026-02-26T14:19:00.000","UNABLE TO DETERMINE","NOT APPLICABLE","2650","N","ELSTON AVE","1432",,,,,,,"2","NO INDICATION OF INJURY","0","0","0","0","0","2","0","7","5","2","41.9297448957","-87.6844923437","POINT (-87.684492343679 41.929744895678)"
"94ee235e0c1396f9b5c50d9eea2a9ed08a57640cfd8f06e893c7083af78517bc7f2effc22a72bb0ff4ac8e2a0a7f50c113aaf112d4f6bf2e7ed7a8f429c40c3d",,"2026-02-26T07:20:00.000","30","STOP SIGN/FLASHER","FUNCTIONING PROPERLY","CLEAR","DAYLIGHT","ANGLE","DIVIDED - W/MEDIAN (NOT RAISED)",,"STRAIGHT AND LEVEL","DRY","NO DEFECTS","ON SCENE","NO INJURY / DRIVE AWAY","Y",,,"OVER $1,500","2026-02-26T07:43:00.000","UNABLE TO DETERMINE","UNABLE TO DETERMINE","7026","W","GUNNISON ST","1613",,,,,,,"2","NO INDICATION OF INJURY","0","0","0","0","0","2","0","7","5","2","41.9684000543","-87.8036346372","POINT (-87.803634637173 41.968400054294)"
"13744a455ae93ae35b2f32dac65a1803e7bdb1a35c7d22cfc10c7f71b823c33a7bdf2bbfb9b651941e232cb980262d03b47837296b8dae264587aa901bddfc07",,"2026-02-26T07:15:00.000","30","STOP SIGN/FLASHER","FUNCTIONING PROPERLY","CLEAR","DAYLIGHT","REAR END","NOT DIVIDED",,"STRAIGHT AND LEVEL","DRY","NO DEFECTS","NOT ON SCENE (DESK REPORT)","NO INJURY / DRIVE AWAY",,,,"OVER $1,500","2026-02-26T08:00:00.000","FAILING TO REDUCE SPEED TO AVOID CRASH","NOT APPLICABLE","1805","W","AUGUSTA BLVD","1212",,,,,,,"2","NO INDICATION OF INJURY","0","0","0","0","0","2","0","7","5","2","41.8995194763","-87.6725067949","POINT (-87.672506794924 41.899519476327)"
"d74331a2d0a691332431f36914dae34cdd22d1604c5b4a23882c2dbc28b573a2990ab7e8f5d79083accfbe896ad19a963c0aae45e67e2a8271b1a676ee6661d8",,"2026-02-26T07:15:00.000","15","NO CONTROLS","NO CONTROLS","CLEAR","DAYLIGHT","ANGLE","ALLEY",,"STRAIGHT AND LEVEL","DRY","NO DEFECTS","ON SCENE","NO INJURY / DRIVE AWAY","Y",,,"OVER $1,500","2026-02-26T07:20:00.000","UNABLE TO DETERMINE","UNABLE TO DETERMINE","1946","W","ARMITAGE AVE","1432",,,,,,,"2","NO INDICATION OF INJURY","0","0","0","0","0","2","0","7","5","2","41.917878814","-87.6770582956","POINT (-87.677058295623 41.917878814042)"
"29f1893d00816b7fda3636dabf64b680e52506e4565f90c321aa18dcec53d2e3774d89ecdcf2ed8db35b24c93fe464bbe9d16fe17f1f45d0c0c7f854b2f11e60",,"2026-02-26T07:05:00.000","30","NO CONTROLS","NO CONTROLS","CLEAR","DAYLIGHT","ANGLE","FOUR WAY",,"STRAIGHT AND LEVEL","DRY","UNKNOWN","ON SCENE","INJURY AND / OR TOW DUE TO CRASH",,,"Y","OVER $1,500","2026-02-26T07:10:00.000","FAILING TO YIELD RIGHT-OF-WAY","UNABLE TO DETERMINE","5002","S","WESTERN AVE","923",,,,,,,"2","NO INDICATION OF INJURY","0","0","0","0","0","2","0","7","5","2","41.80281073","-87.6844149742","POINT (-87.684414974247 41.80281073001)"
"1a909bdb4828bba593c9ab2e325d68a07bf0410cad600ae2f38037beaafeca89b59437bd73bf8638d64743696780ffede7933d1537ff66c5a0a63e1568ed9cba",,"2026-02-26T07:00:00.000","30","NO CONTROLS","NO CONTROLS","CLEAR","DAYLIGHT","PARKED MOTOR VEHICLE","NOT DIVIDED",,"STRAIGHT AND LEVEL","DRY","NO DEFECTS","ON SCENE","NO INJURY / DRIVE AWAY",,,,"OVER $1,500","2026-02-26T08:00:00.000","UNABLE TO DETERMINE","UNABLE TO DETERMINE","30","S","WESTERN AVE","1125",,,,,,,"2","NO INDICATION OF INJURY","0","0","0","0","0","1","0","7","5","2","41.8803005836","-87.6865597955","POINT (-87.6865597955 41.88030058363)"
"9b336fd61a935e24e0fbfe5220c64a5d0edc620e288bca965017ebb5c7b9fd26c3bc74ede875848c824cc06f942d359efb6d88a526bfd398fa4dd58a33e6d204",,"2026-02-26T07:00:00.000","35","TRAFFIC SIGNAL","FUNCTIONING PROPERLY","CLEAR","DAYLIGHT","SIDESWIPE SAME DIRECTION","DIVIDED - W/MEDIAN BARRIER",,"STRAIGHT AND LEVEL","DRY","NO DEFECTS","ON SCENE","NO INJURY / DRIVE AWAY",,,,"OVER $1,500","2026-02-26T07:04:00.000","FAILING TO YIELD RIGHT-OF-WAY","NOT APPLICABLE","151","N","MICHIGAN AVE","114",,,,,,,"2","NO INDICATION OF INJURY","0","0","0","0","0","2","0","7","5","2","41.8845401106","-87.6243085225","POINT (-87.62430852246 41.884540110592)"
"ad7f9d29ebd860106179c3d211ea5b51884e4c50b8ba044fb1d492e742725acdbc6de637d9bbe5cc93c21e6a6d061198c4947bc91915275624d1775a5c076a5f",,"2026-02-26T07:00:00.000","30","NO CONTROLS","NO CONTROLS","CLEAR","DAYLIGHT","SIDESWIPE SAME DIRECTION","DIVIDED - W/MEDIAN (NOT RAISED)",,"STRAIGHT AND LEVEL","UNKNOWN","UNKNOWN",,"NO INJURY / DRIVE AWAY",,,"Y","OVER $1,500","2026-02-26T07:40:00.000","FAILING TO YIELD RIGHT-OF-WAY","IMPROPER LANE USAGE","1615","W","FLOURNOY ST","1231",,,,,,,"2","NO INDICATION OF INJURY","0","0","0","0","0","2","0","7","5","2","41.872787595","-87.6673057032","POINT (-87.667305703214 41.87278759495)"
"f9e8b496b809c35a1f12fd95323041a60a1c997d52871d1058f5c571eccc1b8d5426c064eb7ac6943c8aa3f30a1acb8ddf9dc0306e2501ac23efde42590a1764",,"2026-02-26T06:50:00.000","25","NO CONTROLS","NO CONTROLS","CLEAR","DAYLIGHT","TURNING","OTHER",,"STRAIGHT AND LEVEL","DRY","NO DEFECTS","ON SCENE","NO INJURY / DRIVE AWAY",,,,"OVER $1,500","2026-02-26T08:00:00.000","VISION OBSCURED (SIGNS, TREE LIMBS, BUILDINGS, ETC.)","NOT APPLICABLE","1211","W","PRATT BLVD","2432",,,,,,,"2","NO INDICATION OF INJURY","0","0","0","0","0","2","0","6","5","2","42.005422988","-87.6614367746","POINT (-87.661436774607 42.005422987974)"
"2777c04de753d7dc6e8783051536a791052823fa8c94f56a735c9b9ecc755c1c477d9bb3c6c26bd3530a9cca2976f3b0f230f36bd1d795ad69f43d7d344e9dd5","Y","2026-02-26T06:45:00.000","30","NO CONTROLS","NO CONTROLS","CLEAR","DUSK","PARKED MOTOR VEHICLE","DIVIDED - W/MEDIAN (NOT RAISED)",,"STRAIGHT AND LEVEL","DRY","UNKNOWN","NOT ON SCENE (DESK REPORT)","NO INJURY / DRIVE AWAY",,,"Y","$501 - $1,500","2026-02-26T20:00:00.000","UNABLE TO DETERMINE","FAILING TO REDUCE SPEED TO AVOID CRASH","13077","S","EVANS AVE","533",,,,,,,"2","NO INDICATION OF INJURY","0","0","0","0","0","1","0","6","5","2","41.6576489304","-87.6032594483","POINT (-87.603259448287 41.657648930363)"
"96d9965d7b3815da93c2ea4a8e36e3b8573c22039cc924ce7f34bce95ce1117d6928c1bb83e0c11ea05f37e669780aaed4c035ee629e1d3e4a2418e347c1080a",,"2026-02-26T06:45:00.000","25","STOP SIGN/FLASHER","FUNCTIONING PROPERLY","CLEAR","DAYLIGHT","TURNING","NOT DIVIDED",,"STRAIGHT ON HILLCREST","DRY","UNKNOWN","ON SCENE","NO INJURY / DRIVE AWAY","Y",,,"OVER $1,500","2026-02-26T06:49:00.000","UNABLE TO DETERMINE","UNABLE TO DETERMINE","11043","S","LONGWOOD DR","2212",,,,,,,"2","NO INDICATION OF INJURY","0","0","0","0","0","2","0","6","5","2","41.6930891194","-87.67138739","POINT (-87.671387390042 41.693089119423)"
"a38d8a9a184137b159e2cfbf349bc12d0434ae0049d46e71ce9024b576540726245021fec599ef2c9e1ff6857adbaf4d0072042b8fc75cf56890bf7f7699a0ed",,"2026-02-26T06:45:00.000","30","TRAFFIC SIGNAL","FUNCTIONING PROPERLY","CLEAR","DAYLIGHT","OTHER OBJECT","NOT DIVIDED",,"STRAIGHT AND LEVEL","DRY","RUT, HOLES","ON SCENE","NO INJURY / DRIVE AWAY","Y",,,"$501 - $1,500","2026-03-02T09:15:00.000","ROAD CONSTRUCTION/MAINTENANCE","NOT APPLICABLE","800","S","CANAL ST","124",,,,,,,"1","NO INDICATION OF INJURY","0","0","0","0","0","1","0","6","5","2","41.8719903294","-87.6394979095","POINT (-87.639497909466 41.871990329406)"
"b2de79ef73b7240c9510ab761891d85c356f086d6dcccf3788a16b98ea2fa8fcab7c07c129c422b965095adb89e93146db6a3bc65d5c36cbe8858fd56254fb14",,"2026-02-26T06:45:00.000","30","NO CONTROLS","NO CONTROLS","CLEAR","DAYLIGHT","TURNING","FOUR WAY",,"STRAIGHT AND LEVEL","DRY","NO DEFECTS","NOT ON SCENE (DESK REPORT)","NO INJURY / DRIVE AWAY","Y",,,"OVER $1,500","2026-02-26T16:23:00.000","UNABLE TO DETERMINE","UNABLE TO DETERMINE","4300","S","LA SALLE ST","215",,,,,,,"2","NO INDICATION OF INJURY","0","0","0","0","0","2","0","6","5","2","41.8164388049","-87.6295865961","POINT (-87.629586596136 41.816438804918)"
"06cc43f0c49585611dff443716483c47761e37fb47300fbb96a0434dbacb7e44d8550da2f7d73d0fcde000d755e19a66c40e8ce191088f65cb2a9bcb7fed3052",,"2026-02-26T06:41:00.000","35","TRAFFIC SIGNAL","NO CONTROLS","CLEAR","DAYLIGHT","REAR END","T-INTERSECTION",,"STRAIGHT AND LEVEL","DRY","NO DEFECTS","ON SCENE","NO INJURY / DRIVE AWAY","Y",,,"OVER $1,500","2026-02-26T06:50:00.000","FAILING TO REDUCE SPEED TO AVOID CRASH","UNABLE TO DETERMINE","4001","W","ADDISON ST","1731",,,,,,,"2","NO INDICATION OF INJURY","0","0","0","0","0","2","0","6","5","2","41.9462622776","-87.7274899586","POINT (-87.727489958626 41.946262277577)"
"e73887294637e6e3c6c5807850c94c6f0d7902b4b457df4a903dcca5c7da456b36abc3594fb4bb5dcf7b180758f21a4df939b5ca197a2629b2a754d330f1413e",,"2026-02-26T06:41:00.000","25","NO CONTROLS","NO CONTROLS","CLEAR","DAWN","SIDESWIPE SAME DIRECTION","NOT DIVIDED",,"STRAIGHT AND LEVEL","DRY","NO DEFECTS","ON SCENE","NO INJURY / DRIVE AWAY",,,,"OVER $1,500","2026-02-26T06:41:00.000","IMPROPER OVERTAKING/PASSING","FOLLOWING TOO CLOSELY","6929","S","DAMEN AVE","735",,,,,,,"2","NO INDICATION OF INJURY","0","0","0","0","0","2","0","6","5","2","41.7675804284","-87.6734568147","POINT (-87.673456814683 41.767580428446)"
"88f6142450e7f61cd05e93a4ee3acab29271fd685b113bd0e0f6dd4181330b34e0e73853bb1b349a9a9a2f178c650650579dd398e6f822ad4f79e3e5bf487eb3",,"2026-02-26T06:40:00.000","30","TRAFFIC SIGNAL","FUNCTIONING PROPERLY","CLEAR","DAYLIGHT","REAR END","NOT DIVIDED",,"STRAIGHT AND LEVEL","UNKNOWN","UNKNOWN","NOT ON SCENE (DESK REPORT)","NO INJURY / DRIVE AWAY",,,,"$501 - $1,500","2026-02-26T08:50:00.000","UNABLE TO DETERMINE","NOT APPLICABLE","7100","S","PULASKI RD","833",,,,,,,"2","NO INDICATION OF INJURY","0","0","0","0","0","3","0","6","5","2","41.7640077493","-87.7224991077","POINT (-87.722499107707 41.764007749308)"
"d071b45cf003b72dc442d2a9e66c5da17d1da4a62e7282017756c721b5edc4e6ff040739261880a50d21ee3f65ca12e81699b0f55134feef668cfa278418c85d",,"2026-02-26T06:15:00.000","30","TRAFFIC SIGNAL","FUNCTIONING PROPERLY","CLEAR","DAYLIGHT","TURNING","NOT DIVIDED",,"CURVE, LEVEL","DRY","NO DEFECTS","NOT ON SCENE (DESK REPORT)","NO INJURY / DRIVE AWAY",,,,"$501 - $1,500","2026-02-26T07:30:00.000","NOT APPLICABLE","NOT APPLICABLE","8900","W","BELMONT AVE","1631",,,,,,,"2","NO INDICATION OF INJURY","0","0","0","0","0","2","0","6","5","2","41.9374885746","-87.8451456182","POINT (-87.845145618239 41.937488574588)"
"3621c430ad0be23dff43b178433e3c452be667d8699179ef374d6157242082d312d206bc952096d1e9dead197c10d6e6040b3c154206d37e14feedd4c9c74d75",,"2026-02-26T05:59:00.000","30","NO CONTROLS","NO CONTROLS","CLEAR","DARKNESS, LIGHTED ROAD","PEDESTRIAN","DIVIDED - W/MEDIAN (NOT RAISED)",,"STRAIGHT AND LEVEL","DRY","UNKNOWN","ON SCENE","INJURY AND / OR TOW DUE TO CRASH",,,,"$501 - $1,500","2026-02-26T05:59:00.000","UNABLE TO DETERMINE","UNABLE TO DETERMINE","2475","N","CLYBOURN AVE","1931",,,,,,,"2","INCAPACITATING INJURY","1","0","1","0","0","1","0","5","5","2","41.9267638317","-87.6713648872","POINT (-87.67136488722 41.92676383169)"
"dcbbff91a8600a6b97a3a275736331ea80c0a051d268ee0d4396de47944561c7a812f5c47dfa67f4dc10c766c27f692a5bed243168e925990d953f1900a0a52e",,"2026-02-26T05:35:00.000","35","NO CONTROLS","NO CONTROLS","CLEAR","DARKNESS, LIGHTED ROAD","REAR END","NOT DIVIDED",,"STRAIGHT AND LEVEL","DRY","NO DEFECTS","NOT ON SCENE (DESK REPORT)","NO INJURY / DRIVE AWAY",,,,"OVER $1,500","2026-02-26T19:00:00.000","FOLLOWING TOO CLOSELY","UNABLE TO DETERMINE","3454","W","BELMONT AVE","1732",,,,,,,"2","NO INDICATION OF INJURY","0","0","0","0","0","2","0","5","5","2","41.9393586776","-87.7146735363","POINT (-87.714673536349 41.939358677596)"
"09c751622bbbad0accdd2cee344fd6f04906f9cf795931406b68cae5531daf068b9f28a6a2faeaea01c09e9e2ba627d1e1cb9fcfecabebdfe494f7a3df914ca9",,"2026-02-26T05:30:00.000","30","NO CONTROLS","NO CONTROLS","CLEAR","DAYLIGHT","FIXED OBJECT","OTHER",,"STRAIGHT AND LEVEL","DRY","NO DEFECTS","NOT ON SCENE (DESK REPORT)","NO INJURY / DRIVE AWAY",,,,"OVER $1,500","2026-02-26T18:03:00.000","UNABLE TO DETERMINE","NOT APPLICABLE","1620","W","HARRISON ST","1231",,,,,,,"1","NO INDICATION OF INJURY","0","0","0","0","0","1","0","5","5","2","41.8742961615","-87.6676128105","POINT (-87.667612810518 41.8742961615)"
"f21fba0512cdfa81ec2b217c64f5a10a7558eaf8cf168fb586dd33d10d3b8f3698eb8c88d267d449984ced3842c696706c135bf36a52215e33851194ba78eb92",,"2026-02-26T05:17:00.000","30","TRAFFIC SIGNAL","FUNCTIONING PROPERLY","CLEAR","DARKNESS, LIGHTED ROAD","TURNING","ONE-WAY",,"STRAIGHT AND LEVEL","DRY","NO DEFECTS","ON SCENE","NO INJURY / DRIVE AWAY","Y",,"Y","$500 OR LESS","2026-02-26T05:25:00.000","IMPROPER TURNING/NO SIGNAL","NOT APPLICABLE","207","W","WASHINGTON ST","122",,,,,,,"2","NO INDICATION OF INJURY","0","0","0","0","0","2","0","5","5","2","41.8831009883","-87.6341002978","POINT (-87.634100297763 41.883100988255)"
"04e28d97176cf15c816ba2a6bc8ff4040fc475d6c256c7fb19dfe7b4955111e315c19bedb4a92547efc33583bc1f0c683aa01a3a6a2fb876a7654167cb036853",,"2026-02-26T05:00:00.000","30","UNKNOWN","UNKNOWN","CLEAR","DARKNESS, LIGHTED ROAD","TURNING","NOT DIVIDED",,"STRAIGHT AND LEVEL","DRY","UNKNOWN","NOT ON SCENE (DESK REPORT)","INJURY AND / OR TOW DUE TO CRASH","N",,,"OVER $1,500","2026-03-05T23:00:00.000","UNABLE TO DETERMINE","UNABLE TO DETERMINE","300","E","130TH ST","533",,,,,,,"2","NO INDICATION OF INJURY","0","0","0","0","0","2","0","5","5","2","41.6582851155","-87.6149957622","POINT (-87.614995762182 41.658285115546)"
"3e4c476b9cf565e9a6bff07f61a9685d2e201830ea8d0e55d84ab27b3b88f569c19017eff00f4a4e597863356ebdc195e8e4613b4881f42adaf4f8e8b860af77",,"2026-02-26T04:12:00.000","45","NO CONTROLS","NO CONTROLS","CLEAR","DARKNESS, LIGHTED ROAD","FIXED OBJECT","DIVIDED - W/MEDIAN BARRIER",,"STRAIGHT AND LEVEL","DRY","NO DEFECTS","ON SCENE","INJURY AND / OR TOW DUE TO CRASH",,,,"OVER $1,500","2026-02-26T04:18:00.000","UNABLE TO DETERMINE","UNABLE TO DETERMINE","2645","S","LAKE SHORE DR NB","133",,,,,,,"1","NONINCAPACITATING INJURY","1","0","0","1","0","0","0","4","5","2","41.8446043275","-87.6107133334","POINT (-87.610713333418 41.844604327478)"
"70e559b26fcb462d8dade9ef8fb264040dfbd4cad4a32b2ead9921fceff504df003adbce15ae823378d60d37065ad5820f576164891a345ca85142c48f531aee",,"2026-02-26T03:19:00.000","30","NO CONTROLS","NO CONTROLS","CLEAR","DARKNESS, LIGHTED ROAD","PARKED MOTOR VEHICLE","ONE-WAY",,"STRAIGHT AND LEVEL","DRY","NO DEFECTS","ON SCENE","INJURY AND / OR TOW DUE TO CRASH",,,,"OVER $1,500","2026-02-26T03:19:00.000","NOT APPLICABLE","NOT APPLICABLE","2547","W","VAN BUREN ST","1135",,,,,,,"3","NO INDICATION OF INJURY","0","0","0","0","0","1","0","3","5","2","41.8759318904","-87.6907125415","POINT (-87.690712541501 41.875931890411)"
"6ea64357e14e1a55afe1c0a92fe905b087983c040d215317f11ca65f649fa4602ec85a3640b201822f3f7a4cf895671446dcf4f1f38442b947cd78b06600f8dd",,"2026-02-26T03:00:00.000","30","TRAFFIC SIGNAL","FUNCTIONING PROPERLY","CLEAR","DARKNESS, LIGHTED ROAD","TURNING","FOUR WAY",,"STRAIGHT AND LEVEL","DRY","NO DEFECTS","ON SCENE","NO INJURY / DRIVE AWAY","Y",,"Y","OVER $1,500","2026-02-26T03:00:00.000","IMPROPER TURNING/NO SIGNAL","NOT APPLICABLE","198","W","95TH ST","634",,,,,,,"2","NO INDICATION OF INJURY","0","0","0","0","0","2","0","3","5","2","41.7217703621","-87.6286047143","POINT (-87.628604714263 41.721770362124)"
"c783c643ca5b8e6b60f9875097ccb44e12336c23b4401abd5afdeca17d2bd23104446e1cb3e1e60c1ed9f10553dd0407c0410cfb17d94112fa94e5658e71c55d",,"2026-02-26T03:00:00.000","30","NO CONTROLS","NO CONTROLS","CLEAR","DARKNESS, LIGHTED ROAD","OTHER OBJECT","NOT DIVIDED",,"STRAIGHT AND LEVEL","DRY","NO DEFECTS","ON SCENE","NO INJURY / DRIVE AWAY",,,"Y","OVER $1,500","2026-02-26T03:19:00.000","UNABLE TO DETERMINE","UNABLE TO DETERMINE","4043","E","112TH ST","433",,,,,,,"1","NO INDICATION OF INJURY","0","0","0","0","0","1","0","3","5","2","41.6916966999","-87.5253668213","POINT (-87.525366821254 41.691696699869)"
"5002f91d6e36a83cfb93f074f16a1886c40340cbafb54a78b734ecf1c32fee24d85260f080042cc054b4f13490f7b85077929877f3f90f89b207dd12ad784807",,"2026-02-26T02:00:00.000","30","NO CONTROLS","NO CONTROLS","CLEAR","DARKNESS, LIGHTED ROAD","FIXED OBJECT","ONE-WAY",,"STRAIGHT AND LEVEL","UNKNOWN","UNKNOWN","ON SCENE","INJURY AND / OR TOW DUE TO CRASH","Y",,,"OVER $1,500","2026-02-26T08:00:00.000","UNABLE TO DETERMINE","UNABLE TO DETERMINE","8200","S","CHAMPLAIN AVE","631",,"Y",,,,,"1","NO INDICATION OF INJURY","0","0","0","0","0","1","0","2","5","2","41.7456458494","-87.6088630397","POINT (-87.608863039653 41.745645849379)"
"928c0bb03577c104301e264286b849726c1b1812b0c4cfd1c7b7b4a44a29a895ea1e5f921acf699e5d331f4fbfa7cc1ba26fd95564f4c2ac814cd87ff76fa698",,"2026-02-26T01:51:00.000","30","NO CONTROLS","NO CONTROLS","CLEAR","DARKNESS, LIGHTED ROAD","PARKED MOTOR VEHICLE","PARKING LOT",,"STRAIGHT AND LEVEL","DRY","NO DEFECTS","ON SCENE","NO INJURY / DRIVE AWAY",,,,"OVER $1,500","2026-02-26T01:51:00.000","NOT APPLICABLE","NOT APPLICABLE","2656","N","ELSTON AVE","1432",,,,,,,"2","NO INDICATION OF INJURY","0","0","0","0","0","1","0","1","5","2","41.9298489966","-87.6846437835","POINT (-87.684643783527 41.929848996597)"
"5acb3b1d67e616e8458fd0f92869b727c4a184c36c8c0cfa7e8849237379ce7d897b0a3bfe1b0315f478f6370df1a6f61fa18a33b06cbd0a66ec75a83df639b6",,"2026-02-26T01:07:00.000","30","NO CONTROLS","NO CONTROLS","CLEAR","DARKNESS, LIGHTED ROAD","REAR TO FRONT","NOT DIVIDED",,"STRAIGHT AND LEVEL","DRY","NO DEFECTS","ON SCENE","INJURY AND / OR TOW DUE TO CRASH",,,,"OVER $1,500","2026-02-26T01:07:00.000","NOT APPLICABLE","NOT APPLICABLE","413","E","29TH ST","133",,,,,,,"2","REPORTED, NOT EVIDENT","4","0","0","0","4","0","0","1","5","2","41.8419688168","-87.6166394216","POINT (-87.616639421631 41.84196881682)"
"602aec260364f032a0b18a76d87d71d4876d1d15f8ed95c6260ae0953f0a6e6e092281d323d8765ce70329b0b74fbf2de689b120a357b565708db27d5a966f1b",,"2026-02-26T01:05:00.000","20","NO CONTROLS","NO CONTROLS","CLEAR","DARKNESS, LIGHTED ROAD","SIDESWIPE OPPOSITE DIRECTION","NOT DIVIDED",,"STRAIGHT AND LEVEL","DRY","UNKNOWN","ON SCENE","INJURY AND / OR TOW DUE TO CRASH",,,,"OVER $1,500","2026-02-26T01:05:00.000","IMPROPER OVERTAKING/PASSING","OPERATING VEHICLE IN ERRATIC, RECKLESS, CARELESS, NEGLIGENT OR AGGRESSIVE MANNER","2914","S","VERNON AVE","133",,,,,,,"2","NONINCAPACITATING INJURY","2","0","0","2","0","5","0","1","5","2","41.8415812552","-87.6158098524","POINT (-87.615809852429 41.841581255223)"