"crash_record_id","crash_date_est_i","crash_date","posted_speed_limit","traffic_control_device","device_condition","weather_condition","lighting_condition","first_crash_type","trafficway_type","lane_cnt","alignment","roadway_surface_cond","road_defect","report_type","crash_type","intersection_related_i","private_property_i","hit_and_run_i","damage","date_police_notified","prim_contributory_cause","sec_contributory_cause","street_no","street_direction","street_name","beat_of_occurrence","photos_taken_i","statements_taken_i","dooring_i","work_zone_i","work_zone_type","workers_present_i","num_units","most_severe_injury","injuries_total","injuries_fatal","injuries_incapacitating","injuries_non_incapacitating","injuries_reported_not_evident","injuries_no_indication","injuries_unknown","crash_hour","crash_day_of_week","crash_month","latitude","longitude","location"
"7c77036a93d5250bedad8409ecd0fb33626b97226d9cb575219bd426591f2381509a8fbd3720465c9a277e55e5ea005ff50fb4c82aa862d85e2b0c7f3b40ec96","Y","2026-02-26T01:00:00.000","30","NO CONTROLS","UNKNOWN","UNKNOWN","DARKNESS","PARKED MOTOR VEHICLE","NOT DIVIDED",,"STRAIGHT AND LEVEL","UNKNOWN","UNKNOWN","NOT ON SCENE (DESK REPORT)","NO INJURY / DRIVE AWAY",,,"Y","OVER $1,500","2026-02-26T12:20:00.000","UNABLE TO DETERMINE","NOT APPLICABLE","4559","S","UNION AVE","925",,,,,,,"2","NO INDICATION OF INJURY","0","0","0","0","0","1","0","1","5","2","41.8108290106","-87.6430217685","POINT (-87.643021768463 41.810829010608)"
"01ae3fdf73f1c00cc854d319b3b08e30168657f2fa6755f4032504213759f42b1752b964423fb0c99743b92c61daae90bbb6202d4e40cd2bfa454e89873c18ea",,"2026-02-26T00:55:00.000","35","NO CONTROLS","FUNCTIONING PROPERLY","CLEAR","DARKNESS, LIGHTED ROAD","FIXED OBJECT","PARKING LOT",,"STRAIGHT AND LEVEL","DRY","NO DEFECTS","ON SCENE","NO INJURY / DRIVE AWAY",,,,"OVER $1,500","2026-02-26T00:57:00.000","UNABLE TO DETERMINE","UNABLE TO DETERMINE","298","S","CICERO AVE","1533",,,,,,,"1","NO INDICATION OF INJURY","0","0","0","0","0","2","0","0","5","2","41.8768502259","-87.7452938914","POINT (-87.745293891422 41.876850225901)"
"1969d4f152bbfc4e2a5366bd1643037755b7b9e463e1f6589de29a71a150b1a71fddc2a51df59025c85b8c2a8e7ce8a6d7a6f0c6c03896f0d6735992ce0bad50",,"2026-02-26T00:50:00.000","30","NO CONTROLS","NO CONTROLS","CLEAR","DARKNESS, LIGHTED ROAD","REAR TO FRONT","ONE-WAY",,"STRAIGHT AND LEVEL","DRY","NO DEFECTS","ON SCENE","NO INJURY / DRIVE AWAY",,,,"$500 OR LESS","2026-02-26T00:50:00.000","IMPROPER BACKING","IMPROPER BACKING","6245","S","ELIZABETH ST","713",,,,,,,"2","NO INDICATION OF INJURY","0","0","0","0","0","3","0","0","5","2","41.7800784535","-87.6556326781","POINT (-87.655632678111 41.780078453501)"
"ab7bc4ed3c95069264f4d153682724e97aaeb82725b2210909a8449d7fa80e7f010f75ccad12c420c3f40bd7196bb3bf5434613d73561bd591b0edf7e9383bc6",,"2026-02-26T00:00:00.000","30","TRAFFIC SIGNAL","FUNCTIONING PROPERLY","CLEAR","DARKNESS, LIGHTED ROAD","REAR END","NOT DIVIDED",,"STRAIGHT AND LEVEL","DRY","UNKNOWN","NOT ON SCENE (DESK REPORT)","NO INJURY / DRIVE AWAY",,,,"$501 - $1,500","2026-02-26T00:20:00.000","UNABLE TO DETERMINE","UNABLE TO DETERMINE","1590","W","FOSTER AVE","2012",,,,,,,"2","NO INDICATION OF INJURY","0","0","0","0","0","2","0","0","5","2","41.9762827519","-87.6695568107","POINT (-87.66955681075 41.976282751943)"
"d18b0f1338151e987d545cf8d03a84e64c3284b1193b3bd9b04c93d45940c7f5e581227788ceb2ef55816d58bea3fa7870f50456b6a73adb5994fb61f89b5def",,"2026-02-26T00:00:00.000","30","NO CONTROLS","NO CONTROLS","CLEAR","DARKNESS, LIGHTED ROAD","PARKED MOTOR VEHICLE","NOT DIVIDED",,"STRAIGHT AND LEVEL","DRY","NO DEFECTS","NOT ON SCENE (DESK REPORT)","NO INJURY / DRIVE AWAY",,,,"$501 - $1,500","2026-02-26T07:10:00.000","UNABLE TO DETERMINE","UNABLE TO DETERMINE","1030","N","STATE ST","1824",,,,,,,"2","NO INDICATION OF INJURY","0","0","0","0","0","1","0","0","5","2","41.9014634149","-87.6284813715","POINT (-87.628481371486 41.901463414903)"
"a5c939f765ed838e09ada67f71dafc1f7be670d0e17c4b68af034ba5b0e0d6c98fa89d7cdacf3171d438cb09bde833c4de40e92dc2dd1335706ec9866037a7fd","Y","2026-02-25T23:00:00.000","30","TRAFFIC SIGNAL","FUNCTIONING PROPERLY","CLEAR","DARKNESS, LIGHTED ROAD","REAR END","UNKNOWN INTERSECTION TYPE",,"STRAIGHT AND LEVEL","DRY","NO DEFECTS","ON SCENE","NO INJURY / DRIVE AWAY","Y",,,"$501 - $1,500","2026-02-25T23:12:00.000","UNABLE TO DETERMINE","NOT APPLICABLE","7199","W","BRYN MAWR AVE","1612",,,,,,,"2","NO INDICATION OF INJURY","0","0","0","0","0","2","0","23","4","2","41.9826612081","-87.8069145523","POINT (-87.806914552343 41.982661208117)"
"ce0d5d0b65c2214f25b16089c376cbc6acab2d192ef3f69e5de4402431591bee3dbc3825b5ccd8c759585da89cc915b4679368f7262b6bc4b202f9d2f9b1a9bf",,"2026-02-25T22:45:00.000","30","NO CONTROLS","NO CONTROLS","CLEAR","DARKNESS, LIGHTED ROAD","REAR END","DIVIDED - W/MEDIAN BARRIER",,"STRAIGHT AND LEVEL","DRY","UNKNOWN","ON SCENE","INJURY AND / OR TOW DUE TO CRASH",,,,"OVER $1,500","2026-02-25T22:48:00.000","FOLLOWING TOO CLOSELY","IMPROPER OVERTAKING/PASSING","1359","S","WESTERN AVE","1233",,,,,,,"2","NO INDICATION OF INJURY","0","0","0","0","0","3","0","22","4","2","41.8630225518","-87.6857900861","POINT (-87.685790086103 41.863022551771)"
"d17c8f882e0f33be8f8b356d0c93d96d5c08e9f6f43f8b82926e65f9e206d6526e74543cf9208b0c2994319ff705c018c32f0f3d89918ab106a249551114650a",,"2026-02-25T22:30:00.000","30","TRAFFIC SIGNAL","FUNCTIONING PROPERLY","CLEAR","DARKNESS, LIGHTED ROAD","SIDESWIPE SAME DIRECTION","DIVIDED - W/MEDIAN (NOT RAISED)",,"STRAIGHT AND LEVEL","DRY","NO DEFECTS","NOT ON SCENE (DESK REPORT)","NO INJURY / DRIVE AWAY",,,"Y","OVER $1,500","2026-03-01T15:50:00.000","UNABLE TO DETERMINE","UNABLE TO DETERMINE","3155","N","CENTRAL AVE","2514",,,,,,,"2","NO INDICATION OF INJURY","0","0","0","0","0","2","0","22","4","2","41.9383733871","-87.7663454863","POINT (-87.766345486342 41.938373387115)"
"e544d85c5713ce785374c7c15525c34e369c2631eba8aa658ffdf2024f213cf4d0b6b7ebbe2c6e18559866b00484a0b9c537f0bb0910efd5205fd6432d15aa3e",,"2026-02-25T22:30:00.000","15","UNKNOWN","UNKNOWN","UNKNOWN","DARKNESS, LIGHTED ROAD","REAR END","NOT DIVIDED",,"STRAIGHT AND LEVEL","UNKNOWN","UNKNOWN","NOT ON SCENE (DESK REPORT)","NO INJURY / DRIVE AWAY",,,,"OVER $1,500","2026-02-26T21:00:00.000","UNABLE TO DETERMINE","UNABLE TO DETERMINE","5622","W","OHIO ST","1511",,,,,,,"4","NO INDICATION OF INJURY","0","0","0","0","0","2","0","22","4","2","41.891196024","-87.7662909991","POINT (-87.766290999075 41.891196023987)"
"6355d4f3ea2270034ed289dcc5b82cdbdbbe065f05b52cf8ebe85d4a4c77636b3da318e85d716850b0dd8cf93abced458dc845b6bcfd3c57fd43b30f49fc0421","Y","2026-02-25T22:00:00.000","30","NO CONTROLS","NO CONTROLS","CLEAR","DARKNESS, LIGHTED ROAD","PARKED MOTOR VEHICLE","NOT DIVIDED",,"STRAIGHT AND LEVEL","DRY","NO DEFECTS","ON SCENE","NO INJURY / DRIVE AWAY",,,"Y","OVER $1,500","2026-02-26T07:06:00.000","UNABLE TO DETERMINE","UNABLE TO DETERMINE","2841","W","59TH ST","824",,,,,,,"2","NO INDICATION OF INJURY","0","0","0","0","0","1","0","22","4","2","41.7862702761","-87.6952648292","POINT (-87.695264829186 41.786270276105)"
"9fd044ba89740658d79010d15eb0e4bc7bbfef670839d732e24e1c2233c4e5d06c8a4ec96132aa73e7d1d6f13c8e4ecd790eaec8d4460cd02f9163bf948cc710",,"2026-02-25T22:00:00.000","25","NO CONTROLS","NO CONTROLS","CLEAR","DARKNESS","REAR TO SIDE","NOT DIVIDED",,"STRAIGHT AND LEVEL","DRY","NO DEFECTS","NOT ON SCENE (DESK REPORT)","INJURY AND / OR TOW DUE TO CRASH",,,,"OVER $1,500","2026-02-26T11:45:00.000","UNABLE TO DETERMINE","NOT APPLICABLE","8300","S","LAFAYETTE AVE","622",,,,,,,"2","NO INDICATION OF INJURY","0","0","0","0","0","2","0","22","4","2","41.743541848","-87.6257732415","POINT (-87.625773241467 41.743541847975)"
"a3207c728217ff39c99998eeba248bde9ae50bd7d9222fb16b61024b7f261b295b8be2902b67c8ea1e2459c1aef38c04d9a49c95bded8425a04ea3b96c10b6ec",,"2026-02-25T22:00:00.000","35","TRAFFIC SIGNAL","FUNCTIONING IMPROPERLY","CLEAR","DARKNESS, LIGHTED ROAD","REAR END","FOUR WAY",,"STRAIGHT AND LEVEL","DRY","NO DEFECTS","NOT ON SCENE (DESK REPORT)","NO INJURY / DRIVE AWAY","Y",,,"OVER $1,500","2026-02-25T22:25:00.000","UNABLE TO DETERMINE","NOT APPLICABLE","1000","N","DAMEN AVE","1212",,,,,,,"2","NO INDICATION OF INJURY","0","0","0","0","0","2","0","22","4","2","41.8995948314","-87.6773037365","POINT (-87.677303736498 41.899594831439)"
"4ba14eb52e72d812173810d62c680221862e93e606f2d1b68985eef069b29135b88a0a5985a24dce0d31d920e2b78503ef299bb906643a436703ef2a18d780d8",,"2026-02-25T21:47:00.000","30","NO CONTROLS","NO CONTROLS","CLEAR","DARKNESS, LIGHTED ROAD","FIXED OBJECT","NOT DIVIDED",,"STRAIGHT AND LEVEL","DRY","NO DEFECTS","ON SCENE","NO INJURY / DRIVE AWAY",,,,"OVER $1,500","2026-02-25T21:47:00.000","UNABLE TO DETERMINE","NOT APPLICABLE","1760","W","WRIGHTWOOD AVE","1931",,,,,,,"1","NO INDICATION OF INJURY","0","0","0","0","0","1","0","21","4","2","41.9288241493","-87.6730420199","POINT (-87.673042019911 41.928824149319)"
"75c554a8114f2f5799933826bfb8fcc5fbc36a0d2da688e103448edfaf1eba7271b0593ecc41ddb559223a1070edb60157d5b233bed0b48e9a4cc8c8f1381c42",,"2026-02-25T21:45:00.000","30","NO CONTROLS","NO CONTROLS","CLEAR","DARKNESS, LIGHTED ROAD","REAR END","ONE-WAY",,"STRAIGHT AND LEVEL","DRY","NO DEFECTS","NOT ON SCENE (DESK REPORT)","NO INJURY / DRIVE AWAY",,,,"OVER $1,500","2026-02-25T22:15:00.000","UNABLE TO DETERMINE","NOT APPLICABLE","5253","S","PULASKI RD","822",,,,,,,"2","NO INDICATION OF INJURY","0","0","0","0","0","2","0","21","4","2","41.7971097354","-87.7231243505","POINT (-87.723124350529 41.797109735429)"
"c9298f3faf24ae286ccfbb62b8248b9d63815c0e2fedc2ce62f499e6c7bbcb067e95f6626fbe92621344c5bb638c1ecc510dff604e78898b73e935fc16ccbd66",,"2026-02-25T21:32:00.000","20","TRAFFIC SIGNAL","FUNCTIONING PROPERLY","CLEAR","DARKNESS, LIGHTED ROAD","ANGLE","FOUR WAY",,"STRAIGHT AND LEVEL","DRY","NO DEFECTS","ON SCENE","INJURY AND / OR TOW DUE TO CRASH","Y",,"Y","OVER $1,500","2026-02-25T21:32:00.000","FAILING TO YIELD RIGHT-OF-WAY","DISREGARDING TRAFFIC SIGNALS","2498","W","BERWYN AVE","2011",,,,,,,"3","NONINCAPACITATING INJURY","5","0","0","5","0","2","0","21","4","2","41.9777934898","-87.6924979238","POINT (-87.692497923849 41.977793489797)"
"32e52f91ec4ad39efee4510a8f47a206e5d370499dbfdbb48e62553f0bdcf7265d9bbf06b37bbf69544f3705bb450c101f6bd469878ae2cfd2b8ea852c493e4b",,"2026-02-25T21:00:00.000","30","NO CONTROLS","NO CONTROLS","CLEAR","DARKNESS, LIGHTED ROAD","SIDESWIPE SAME DIRECTION","DIVIDED - W/MEDIAN (NOT RAISED)",,"STRAIGHT AND LEVEL","DRY","NO DEFECTS","NOT ON SCENE (DESK REPORT)","NO INJURY / DRIVE AWAY",,,,"OVER $1,500","2026-02-25T21:10:00.000","FAILING TO YIELD RIGHT-OF-WAY","NOT APPLICABLE","7218","S","WASHTENAW AVE","831",,,,,,,"2","NO INDICATION OF INJURY","0","0","0","0","0","4","0","21","4","2","41.7621519041","-87.6906628073","POINT (-87.690662807266 41.76215190415)"
"e6884ec07a870e6d63d1fa6f053d2b6b0a67d4c947cb21fe8eb3ea8eb20c5b4b6f5ac1b652aa599bdde6e0d56f7e7c7f45a8410ff5d1626b985c2c4026e28ed9",,"2026-02-25T20:50:00.000","30","OTHER","OTHER","CLEAR","DARKNESS, LIGHTED ROAD","SIDESWIPE SAME DIRECTION","DIVIDED - W/MEDIAN (NOT RAISED)",,"STRAIGHT AND LEVEL","DRY","NO DEFECTS","ON SCENE","INJURY AND / OR TOW DUE TO CRASH",,,,"OVER $1,500","2026-02-25T20:50:00.000","EQUIPMENT - VEHICLE CONDITION","DRIVING SKILLS/KNOWLEDGE/EXPERIENCE","615","E","51ST ST","233",,,,,,,"2","REPORTED, NOT EVIDENT","1","0","0","0","1","1","0","20","4","2","41.8020692086","-87.6106171725","POINT (-87.610617172484 41.802069208637)"
"9e12b65ac5e4e076066e2fa9bd41829514f9fe11d708ea86f4c9fa6bcff517c82590f263f35807ca61195402a6c2cd6b14f045b4c37abf6ae5f5bb98fea4a848",,"2026-02-25T20:42:00.000","30","TRAFFIC SIGNAL","FUNCTIONING PROPERLY","CLEAR","DARKNESS","ANGLE","ONE-WAY",,"STRAIGHT AND LEVEL","DRY","NO DEFECTS","ON SCENE","INJURY AND / OR TOW DUE TO CRASH",,,"Y","OVER $1,500","2026-02-25T20:48:00.000","DISREGARDING TRAFFIC SIGNALS","DISREGARDING TRAFFIC SIGNALS","140","W","ILLINOIS ST","1831",,,,,,,"2","NO INDICATION OF INJURY","0","0","0","0","0","2","0","20","4","2","41.8909116412","-87.6326350582","POINT (-87.632635058236 41.890911641229)"
"b1d3cc3066205a4671a19c5e6906cbe8349637724af8c5254f9ae31263880e64429aec5d2b5c6d933a3de825d076aa322647ce7ef8893db11ddcd2aaf0051cc5",,"2026-02-25T20:40:00.000","30","TRAFFIC SIGNAL","FUNCTIONING PROPERLY","CLEAR","DARKNESS","TURNING","NOT DIVIDED",,"STRAIGHT AND LEVEL","DRY","NO DEFECTS","ON SCENE","INJURY AND / OR TOW DUE TO CRASH","Y",,,"OVER $1,500","2026-02-25T20:41:00.000","IMPROPER TURNING/NO SIGNAL","NOT APPLICABLE","3501","S","KEDZIE AVE","911",,,,,,,"2","REPORTED, NOT EVIDENT","2","0","0","0","2","0","0","20","4","2","41.8297801275","-87.7044600666","POINT (-87.704460066637 41.829780127507)"
"51f3520df5027dbdc047b3e0dae6a5d2fa05b01ad5fb7370a1e005e520b318bce0437813e9ea8bc13a8265677b2db62a781b9b767f9e6a52b6e37bbf5160fdba",,"2026-02-25T20:20:00.000","30","TRAFFIC SIGNAL","FUNCTIONING PROPERLY","CLEAR","DARKNESS, LIGHTED ROAD","SIDESWIPE SAME DIRECTION","DIVIDED - W/MEDIAN (NOT RAISED)",,"STRAIGHT AND LEVEL","DRY","UNKNOWN","NOT ON SCENE (DESK REPORT)","NO INJURY / DRIVE AWAY",,,"Y","$501 - $1,500","2026-02-25T22:30:00.000","FAILING TO REDUCE SPEED TO AVOID CRASH","UNABLE TO DETERMINE","6400","S","STEWART AVE","722",,,,,,,"2","NO INDICATION OF INJURY","0","0","0","0","0","2","0","20","4","2","41.7779988663","-87.6351433981","POINT (-87.635143398111 41.777998866289)"
"a43509c9e49fd4fc4b4454e92b90f1650caf6f0c33f99075c34ec1efc2e2327765c133fb7a7c3bc6ecd620cc53cf979586822469931113d10783713c569b6192",,"2026-02-25T20:20:00.000","30","NO CONTROLS","NO CONTROLS","CLEAR","DARKNESS","REAR END","NOT DIVIDED",,"STRAIGHT AND LEVEL","DRY","NO DEFECTS",,"INJURY AND / OR TOW DUE TO CRASH",,,,"$501 - $1,500","2026-02-26T15:29:00.000","FOLLOWING TOO CLOSELY","NOT APPLICABLE","5018","S","CICERO AVE","814",,,,,,,"2","NONINCAPACITATING INJURY","1","0","0","1","0","1","0","20","4","2","41.8015471271","-87.7431356839","POINT (-87.743135683865 41.801547127067)"
"66c8fa917d37d8b071d24b4d3abcef73032ef05254d1c296c36f7473ffdb550874f9a6777861345a5afdbccfb51be7e3da9b647b591ba611cfa2ff374689f2dd",,"2026-02-25T20:00:00.000","30","NO CONTROLS","NO CONTROLS","CLEAR","DARKNESS, LIGHTED ROAD","REAR END","NOT DIVIDED",,"STRAIGHT AND LEVEL","DRY","UNKNOWN","NOT ON SCENE (DESK REPORT)","NO INJURY / DRIVE AWAY",,,,"OVER $1,500","2026-02-25T20:27:00.000","FOLLOWING TOO CLOSELY","NOT APPLICABLE","10900","S","KEDZIE AVE","2211",,,,,,,"2","NO INDICATION OF INJURY","0","0","0","0","0","2","0","20","4","2","41.6951243759","-87.7010939018","POINT (-87.701093901761 41.695124375851)"
"8f07b26a1f4f774e2e5eeade839a7e6d0e99ad390dbb3786dc73fd48cbcc30a947c242287e976fa5f1c8445ba6a0f56c403ec9befa326a3b75c6034f4f408ad5","Y","2026-02-25T20:00:00.000","30","NO CONTROLS","NO CONTROLS","CLEAR","DARKNESS, LIGHTED ROAD","PARKED MOTOR VEHICLE","NOT DIVIDED",,"STRAIGHT AND LEVEL","DRY","NO DEFECTS","NOT ON SCENE (DESK REPORT)","NO INJURY / DRIVE AWAY",,,"Y","OVER $1,500","2026-02-26T07:00:00.000","UNABLE TO DETERMINE","NOT APPLICABLE","24","W","111TH ST","513",,,,,,,"2","NO INDICATION OF INJURY","0","0","0","0","0","1","0","20","4","2","41.6926829815","-87.6240620209","POINT (-87.62406202092 41.692682981525)"
"146f57d225f136b62e1bb5f19e45ef121ab7ff0bd9b91b5d1f16ef610b92c454d807fdca07aad8f50da33c1e642bf57acd30fceabd4e9e6c41152dee0e4fcd58",,"2026-02-25T19:50:00.000","30","NO CONTROLS","NO CONTROLS","CLEAR","DAWN","SIDESWIPE SAME DIRECTION","DIVIDED - W/MEDIAN (NOT RAISED)",,"STRAIGHT AND LEVEL","DRY","NO DEFECTS","NOT ON SCENE (DESK REPORT)","NO INJURY / DRIVE AWAY",,,,"$501 - $1,500","2026-02-25T21:41:00.000","UNABLE TO DETERMINE","NOT APPLICABLE","7550","N","HARLEM AVE","1611",,,,,,,"2","NO INDICATION OF INJURY","0","0","0","0","0","3","0","19","4","2","42.0186515138","-87.8066998762","POINT (-87.806699876241 42.018651513822)"
"4901edcfce8313636e58ed4d69ff48ccbbe9d72d1ae0a5baf9348b28a139ee74851d46e75d463ef8d8f6974a31689d1f125218d7a66a89d2c595960e3aaca9d9",,"2026-02-25T19:45:00.000","30","NO CONTROLS","NO CONTROLS","CLEAR","DUSK","TURNING","ONE-WAY",,"STRAIGHT AND LEVEL","UNKNOWN","UNKNOWN","NOT ON SCENE (DESK REPORT)","NO INJURY / DRIVE AWAY",,,"Y","OVER $1,500","2026-02-25T20:35:00.000","IMPROPER TURNING/NO SIGNAL","UNABLE TO DETERMINE","1900","W","WASHINGTON BLVD","1223",,,,,,,"2","NO INDICATION OF INJURY","0","0","0","0","0","2","0","19","4","2","41.8832914819","-87.6743635845","POINT (-87.674363584528 41.88329148186)"
"54c83e81e1af37b3acd80c43ca8be33f52351a0c9de8075eab3afc8ee024068de33b61b2e69b33635ddaf1aa51cea9f7fc13d4dc672249679ae76e76bb1002fb",,"2026-02-25T19:43:00.000","30","TRAFFIC SIGNAL","FUNCTIONING PROPERLY","CLEAR","DARKNESS","PEDESTRIAN","FOUR WAY",,"STRAIGHT AND LEVEL","DRY","UNKNOWN","ON SCENE","INJURY AND / OR TOW DUE TO CRASH","Y",,"Y","OVER $1,500","2026-02-25T19:43:00.000","UNABLE TO DETERMINE","NOT APPLICABLE","8701","S","ASHLAND AVE","2221",,,,,,,"2","NONINCAPACITATING INJURY","1","0","0","1","0","1","0","19","4","2","41.7357008195","-87.6629164898","POINT (-87.662916489803 41.735700819451)"
"e73b79d21db1644418bacc2d29435fb0bf16169e981088d95b1a3f5f4ec3145e240924b9443c88277ec95e92fb337bec35864491654f8873e72ba3de6521ce6b",,"2026-02-25T19:40:00.000","30","NO CONTROLS","NO CONTROLS","CLEAR","DARKNESS, LIGHTED ROAD","FIXED OBJECT","NOT DIVIDED",,"STRAIGHT AND LEVEL","DRY","NO DEFECTS","ON SCENE","NO INJURY / DRIVE AWAY","Y",,,"OVER $1,500","2026-02-25T19:44:00.000","NOT APPLICABLE","NOT APPLICABLE","1900","W","33RD ST","912",,,,,,,"1","NO INDICATION OF INJURY","0","0","0","0","0","1","0","19","4","2","41.8341698892","-87.6730848734","POINT (-87.673084873365 41.83416988921)"
"0e9435ec0bcd732283f117eb91a95e9970b03034ad7e5c7d89ccdceea00a547f50481b8ef5cdcef99da3e34b3f699e4f95269e433a4c4fd19c957ae96caacd8d",,"2026-02-25T19:24:00.000","30","TRAFFIC SIGNAL","FUNCTIONING PROPERLY","CLEAR","DARKNESS, LIGHTED ROAD","PEDALCYCLIST","DIVIDED - W/MEDIAN (NOT RAISED)",,"STRAIGHT AND LEVEL","DRY","NO DEFECTS","ON SCENE","INJURY AND / OR TOW DUE TO CRASH","Y",,,"OVER $1,500","2026-02-25T19:43:00.000","IMPROPER LANE USAGE","IMPROPER OVERTAKING/PASSING","624","N","STATE ST","1832",,,,,,,"2","REPORTED, NOT EVIDENT","1","0","0","0","1","1","0","19","4","2","41.8931799216","-87.6282677231","POINT (-87.628267723072 41.893179921635)"
"7593a45f241bb8a36d3549e965590631f013162249072221ded4944a6d2c2598e3c135dfa3609f86944da357d1569810f427efa05badbb71cafd30c7ac1b198f",,"2026-02-25T19:20:00.000","30","NO CONTROLS","NO CONTROLS","CLEAR","DARKNESS, LIGHTED ROAD","ANGLE","DIVIDED - W/MEDIAN (NOT RAISED)",,"STRAIGHT AND LEVEL","DRY","NO DEFECTS","NOT ON SCENE (DESK REPORT)","NO INJURY / DRIVE AWAY",,,"Y","$501 - $1,500","2026-02-26T21:20:00.000","UNABLE TO DETERMINE","NOT APPLICABLE","221","S","WOOD ST","1225",,,,,,,"2","NO INDICATION OF INJURY","0","0","0","0","0","2","0","19","4","2","41.878100889","-87.6715171797","POINT (-87.671517179725 41.878100888957)"
"a61d6c4fb743d35f28a5af55210c1c89fa4d64aa384a0b8a751404979e359f2fb89ac529de7e93424e9680411eaef2416341608077f249009571a27b8596e7ff",,"2026-02-25T19:08:00.000","30","NO CONTROLS","NO CONTROLS","CLEAR","DARKNESS","PARKED MOTOR VEHICLE","NOT DIVIDED",,"STRAIGHT AND LEVEL","DRY","NO DEFECTS","ON SCENE","NO INJURY / DRIVE AWAY",,,,"OVER $1,500","2026-02-25T19:31:00.000","UNABLE TO DETERMINE","NOT APPLICABLE","3715","N","SHEFFIELD AVE","1923",,,,,,,"2","NO INDICATION OF INJURY","0","0","0","0","0","1","0","19","4","2","41.949535494","-87.654251621","POINT (-87.654251621002 41.949535494038)"
"f69641a4463b6a68a60bc0dbc6d5a799edb661a6454523cc91a8a07d824b3a94c6f54673c9a313b5a6ef27d9e7ebdd042a4b306536ba2d5c1d51acf5bd9889d4",,"2026-02-25T19:08:00.000","30","TRAFFIC SIGNAL","FUNCTIONING PROPERLY","CLEAR","DARKNESS, LIGHTED ROAD","ANGLE","NOT DIVIDED",,"STRAIGHT AND LEVEL","DRY","UNKNOWN","ON SCENE","INJURY AND / OR TOW DUE TO CRASH","Y",,,"OVER $1,500","2026-02-25T19:11:00.000","DISREGARDING TRAFFIC SIGNALS","UNABLE TO DETERMINE","699","S","LARAMIE AVE","1533",,,,,,,"2","REPORTED, NOT EVIDENT","1","0","0","0","1","2","0","19","4","2","41.8720097612","-87.7546239377","POINT (-87.75462393769 41.872009761189)"
"c4a8d2d07f5b5c1817d07a8e943e7e319f56409925f42676862815eecb2fb010a4d33026bd2d23f2fb5f70c1914cb9b610de6e3b3f1f368cf422ee112c3e3428",,"2026-02-25T19:07:00.000","30","STOP SIGN/FLASHER","FUNCTIONING PROPERLY","CLEAR","DARKNESS","ANGLE","FOUR WAY",,"STRAIGHT AND LEVEL","DRY","NO DEFECTS","ON SCENE","INJURY AND / OR TOW DUE TO CRASH","Y",,,"OVER $1,500","2026-02-25T19:09:00.000","UNABLE TO DETERMINE","UNABLE TO DETERMINE","600","N","HAMLIN AVE","1122",,,,,,,"2","NO INDICATION OF INJURY","0","0","0","0","0","4","0","19","4","2","41.8918350059","-87.7212302092","POINT (-87.72123020919 41.89183500592)"
"58006a122da9e4aa7b75cc20dc2d2a8d85d90241cd6c7781742709bb57b8753405bb7a6921c86645f7edf56fe6502ea2892aa910d839c4f75bcef5649545a13b","Y","2026-02-25T19:00:00.000","30","UNKNOWN","UNKNOWN","UNKNOWN","UNKNOWN","PARKED MOTOR VEHICLE","ONE-WAY",,"STRAIGHT AND LEVEL","UNKNOWN","UNKNOWN","NOT ON SCENE (DESK REPORT)","NO INJURY / DRIVE AWAY",,,"Y","OVER $1,500","2026-02-26T10:00:00.000","IMPROPER BACKING","NOT APPLICABLE","5421","S","MICHIGAN AVE","231",,,,,,,"2","NO INDICATION OF INJURY","0","0","0","0","0","1","0","19","4","2","41.7958209032","-87.6223492477","POINT (-87.622349247697 41.795820903164)"
"5ad6e68889c024046c74e402faa0657f2997e5cd382ef66331631b3c7df42b8cd6c45dc967e54a1d1424d2939a4cec21cc81aff17fc7045cc117600e1a124a12",,"2026-02-25T19:00:00.000","30","TRAFFIC SIGNAL","FUNCTIONING PROPERLY","CLEAR","DARKNESS, LIGHTED ROAD","SIDESWIPE SAME DIRECTION","Y-INTERSECTION",,"STRAIGHT AND LEVEL","DRY","NO DEFECTS",,"NO INJURY / DRIVE AWAY",,,,"OVER $1,500","2026-02-25T19:07:00.000","IMPROPER LANE USAGE","FAILING TO YIELD RIGHT-OF-WAY","6353","W","55TH ST","811",,,,,,,"2","NO INDICATION OF INJURY","0","0","0","0","0","2","0","19","4","2","41.79221107","-87.7815040166","POINT (-87.781504016588 41.792211070046)"
"5aee7399215e3d8ff7f6ed4894c8a8fb6ad75b4b56f24b0abd2a510f1043ea1796dfa501d3420ca9b0583010d0a1fd099caa2acaeec2d202555d821d7c49d27b",,"2026-02-25T19:00:00.000","30","UNKNOWN","UNKNOWN","UNKNOWN","UNKNOWN","SIDESWIPE OPPOSITE DIRECTION","UNKNOWN",,"STRAIGHT AND LEVEL","UNKNOWN","UNKNOWN","NOT ON SCENE (DESK REPORT)","INJURY AND / OR TOW DUE TO CRASH",,,"Y","OVER $1,500","2026-02-25T20:30:00.000","UNABLE TO DETERMINE","UNABLE TO DETERMINE","8500","S","KOMENSKY AVE","834",,,,,,,"2","REPORTED, NOT EVIDENT","1","0","0","0","1","2","0","19","4","2","41.7384004469","-87.7229148203","POINT (-87.722914820282 41.738400446908)"