"crash_record_id","crash_date_est_i","crash_date","posted_speed_limit","traffic_control_device","device_condition","weather_condition","lighting_condition","first_crash_type","trafficway_type","lane_cnt","alignment","roadway_surface_cond","road_defect","report_type","crash_type","intersection_related_i","private_property_i","hit_and_run_i","damage","date_police_notified","prim_contributory_cause","sec_contributory_cause","street_no","street_direction","street_name","beat_of_occurrence","photos_taken_i","statements_taken_i","dooring_i","work_zone_i","work_zone_type","workers_present_i","num_units","most_severe_injury","injuries_total","injuries_fatal","injuries_incapacitating","injuries_non_incapacitating","injuries_reported_not_evident","injuries_no_indication","injuries_unknown","crash_hour","crash_day_of_week","crash_month","latitude","longitude","location"
"ce3e66c20ae05790b295ea2ca8baa3137084db0094a63a349ff5f27df9cdf5bc3290aeda1ddb15bd854b279a6b1aea7516b2607820e52be050b8d4817a224d49",,"2026-02-25T19:00:00.000","20","NO CONTROLS","NO CONTROLS","CLEAR","DARKNESS, LIGHTED ROAD","PARKED MOTOR VEHICLE","ONE-WAY",,"STRAIGHT AND LEVEL","DRY","NO DEFECTS","NOT ON SCENE (DESK REPORT)","NO INJURY / DRIVE AWAY",,,"Y","OVER $1,500","2026-02-25T21:10:00.000","IMPROPER OVERTAKING/PASSING","NOT APPLICABLE","4300","W","CARROLL AVE","1114",,,,,,,"2","NO INDICATION OF INJURY","0","0","0","0","0","1","0","19","4","2","41.8870181197","-87.73334184","POINT (-87.733341840013 41.887018119659)"
"ddf9beb713d13a14ad6e901fd2d4bcd58aa4801020316bdd2f72602517108e51dd38cd8ac4fdfd6704cd749aebd14db032636159caf835ea29c760bcb1cce734",,"2026-02-25T19:00:00.000","30","NO CONTROLS","NO CONTROLS","CLEAR","DARKNESS, LIGHTED ROAD","SIDESWIPE SAME DIRECTION","NOT DIVIDED",,"STRAIGHT AND LEVEL","DRY","UNKNOWN","NOT ON SCENE (DESK REPORT)","NO INJURY / DRIVE AWAY",,,,"$500 OR LESS","2026-02-25T19:30:00.000","UNABLE TO DETERMINE","UNABLE TO DETERMINE","3110","W","59TH ST","824",,,,,,,"2","NO INDICATION OF INJURY","0","0","0","0","0","2","0","19","4","2","41.7863873133","-87.7014313169","POINT (-87.701431316889 41.786387313344)"
"264543cb9e4fd9979bf67926fc982793e182d0bfccc8009779d7b39e0b9190aac49ff08c8ace4eace7ecc950fe773810c869dc8ef2806ff5dbcddc77d6b3339a",,"2026-02-25T18:54:00.000","30","NO CONTROLS","NO CONTROLS","CLEAR","DAYLIGHT","ANGLE","NOT DIVIDED",,"STRAIGHT AND LEVEL","DRY","UNKNOWN","NOT ON SCENE (DESK REPORT)","NO INJURY / DRIVE AWAY",,,,"$500 OR LESS","2026-02-26T14:13:00.000","UNABLE TO DETERMINE","UNABLE TO DETERMINE","4817","W","63RD ST","813",,,,,,,"2","NO INDICATION OF INJURY","0","0","0","0","0","2","0","18","4","2","41.7783056211","-87.7430760394","POINT (-87.743076039368 41.778305621077)"
"551b9bb339ee7ee9c7225f42fb9b23a05739e5b0aed80f3a7860207bdd91ca0f786a72cdb8e395e67a30ed5d4ce66b5b36f853075257502c83799b066d91115c",,"2026-02-25T18:45:00.000","15","NO CONTROLS","NO CONTROLS","CLEAR","DARKNESS","TURNING","FOUR WAY",,"STRAIGHT AND LEVEL","DRY","NO DEFECTS","ON SCENE","NO INJURY / DRIVE AWAY","Y",,,"OVER $1,500","2026-02-25T18:49:00.000","UNABLE TO DETERMINE","UNABLE TO DETERMINE","1021","W","BALMORAL AVE","2023",,,,,,,"2","NO INDICATION OF INJURY","0","0","0","0","0","2","0","18","4","2","41.979926257","-87.6560121592","POINT (-87.656012159152 41.979926257023)"
"bb15175493171433849cc667eba7d1a69cca15dcc535e021873ca33231832fd878a6a37525c0ec418ee07dd5330c248cc24aabf36a8489b26fb54f777c9e404a",,"2026-02-25T18:45:00.000","30","YIELD","UNKNOWN","CLEAR","DUSK","REAR END","NOT DIVIDED",,"STRAIGHT AND LEVEL","DRY","UNKNOWN","ON SCENE","NO INJURY / DRIVE AWAY",,,,"OVER $1,500","2026-02-25T18:51:00.000","FOLLOWING TOO CLOSELY","FOLLOWING TOO CLOSELY","2905","N","ELSTON AVE","1411",,,,,,,"2","NO INDICATION OF INJURY","0","0","0","0","0","3","0","18","4","2","41.9341681434","-87.6904782573","POINT (-87.690478257321 41.934168143419)"
"fef891c266676d94a3c19488d06a9df1e16e575a38a21dc67dd8b821ae8943eea5bfe5b166693a3d9a1a79f9b94beb8b65ed2dbdc35096c245d070daf8bf60d9",,"2026-02-25T18:45:00.000","30","TRAFFIC SIGNAL","FUNCTIONING PROPERLY","CLEAR","DARKNESS, LIGHTED ROAD","TURNING","DIVIDED - W/MEDIAN (NOT RAISED)",,"STRAIGHT AND LEVEL","DRY","UNKNOWN","NOT ON SCENE (DESK REPORT)","NO INJURY / DRIVE AWAY",,,"Y","OVER $1,500","2026-02-25T20:00:00.000","IMPROPER TURNING/NO SIGNAL","NOT APPLICABLE","1401","N","MAGNOLIA AVE","1433",,,,,,,"2","NO INDICATION OF INJURY","0","0","0","0","0","3","0","18","4","2","41.9070517969","-87.6597740371","POINT (-87.659774037093 41.907051796944)"
"6deab3cf22bdb5c97f89c41e33fbecb63ec1791e79c60514e6a4d06280ad0b8342f73dd53f94c602e0bcb5c9b30bc723ee02f570dfd895aeeda06d79bccb3857",,"2026-02-25T18:44:00.000","30","NO CONTROLS","NO CONTROLS","CLEAR","DARKNESS, LIGHTED ROAD","REAR END","NOT DIVIDED",,"STRAIGHT AND LEVEL","DRY","UNKNOWN","ON SCENE","NO INJURY / DRIVE AWAY",,,"Y","OVER $1,500","2026-02-25T19:00:00.000","FAILING TO REDUCE SPEED TO AVOID CRASH","DRIVING SKILLS/KNOWLEDGE/EXPERIENCE","6260","W","BRYN MAWR AVE","1622",,,,,,,"3","NO INDICATION OF INJURY","0","0","0","0","0","4","0","18","4","2","41.9830059261","-87.7851623335","POINT (-87.785162333538 41.983005926098)"
"3787a23eb54e9c04a3556beca4f2746bd6123d0382521d24f3b223d37cab65de80de27b8e905db7347d8ff3e091ca26a00dee1cecbed1901cb2a20d814f533dd",,"2026-02-25T18:43:00.000","10","NO CONTROLS","NO CONTROLS","CLEAR","DARKNESS, LIGHTED ROAD","PARKED MOTOR VEHICLE","NOT DIVIDED",,"STRAIGHT AND LEVEL","DRY","NO DEFECTS","ON SCENE","NO INJURY / DRIVE AWAY",,,,"$500 OR LESS","2026-02-25T18:43:00.000","IMPROPER TURNING/NO SIGNAL","IMPROPER TURNING/NO SIGNAL","919","E","50TH ST","222",,,,,,,"2","NO INDICATION OF INJURY","0","0","0","0","0","2","0","18","4","2","41.8040062975","-87.6029616847","POINT (-87.602961684674 41.804006297495)"
"c953099c684d9d790c799264e45e21b1177a19c0dbababe714a429e0929e9ef0d7db2051b51cd450d3639797bbc91a6c939db8fe5dfaa07c83982d375b856a00",,"2026-02-25T18:40:00.000","30","NO CONTROLS","NO CONTROLS","CLEAR","DAYLIGHT","REAR END","DIVIDED - W/MEDIAN (NOT RAISED)",,"STRAIGHT AND LEVEL","DRY","NO DEFECTS","ON SCENE","NO INJURY / DRIVE AWAY",,,"Y","OVER $1,500","2026-02-25T21:07:00.000","FOLLOWING TOO CLOSELY","NOT APPLICABLE","1960","N","LARAMIE AVE","2515",,,,,,,"2","NO INDICATION OF INJURY","0","0","0","0","0","2","0","18","4","2","41.9168216731","-87.7560807254","POINT (-87.756080725407 41.916821673116)"
"23faa359905490f4ef482b0c85f0ba5e4766fc5fbf8c9d2f4cb0aa27f29347acd07b73afc1ae52bc469fbedc28eb26fe2749541fcf84d80340ca072c19639644",,"2026-02-25T18:39:00.000","30","NO CONTROLS","NO CONTROLS","UNKNOWN","DUSK","REAR END","UNKNOWN",,"STRAIGHT AND LEVEL","UNKNOWN","NO DEFECTS","NOT ON SCENE (DESK REPORT)","NO INJURY / DRIVE AWAY",,,,"OVER $1,500","2026-02-26T14:17:00.000","NOT APPLICABLE","NOT APPLICABLE","6148","N","LINCOLN AVE","1711",,,,,,,"2","NO INDICATION OF INJURY","0","0","0","0","0","3","0","18","4","2","41.9937708341","-87.7131053762","POINT (-87.713105376217 41.993770834145)"
"ac8d786cc035212adde340c790b1a36cbf10d1836930856667ea8c082cdb9c991196e2fec9a8ec5daf47b875e73322da59f86051e8cf56c14f24d9277263a98d",,"2026-02-25T18:31:00.000","30","NO CONTROLS","NO CONTROLS","CLEAR","DARKNESS, LIGHTED ROAD","REAR END","NOT DIVIDED",,"STRAIGHT AND LEVEL","DRY","UNKNOWN","ON SCENE","INJURY AND / OR TOW DUE TO CRASH",,,,"OVER $1,500","2026-02-25T18:33:00.000","FAILING TO REDUCE SPEED TO AVOID CRASH","NOT APPLICABLE","7557","W","BELMONT AVE","2511",,,,,,,"3","NO INDICATION OF INJURY","0","0","0","0","0","6","0","18","4","2","41.9378348383","-87.8163654038","POINT (-87.816365403762 41.937834838289)"
"21a6ee4e75188624472a94d9c04ce7afdc825d1c26fe3ae7134104449836af8f8a651281a2bc3e82213c8083834772d13dad9a4b8c3279845c4f690c1084048e",,"2026-02-25T18:30:00.000","30","NO CONTROLS","NO CONTROLS","CLEAR","DAYLIGHT","REAR END","NOT DIVIDED",,"STRAIGHT AND LEVEL","DRY","NO DEFECTS","NOT ON SCENE (DESK REPORT)","NO INJURY / DRIVE AWAY",,,,"$500 OR LESS","2026-02-26T12:45:00.000","FOLLOWING TOO CLOSELY","FOLLOWING TOO CLOSELY","4000","N","CICERO AVE","1624",,,,,,,"2","NO INDICATION OF INJURY","0","0","0","0","0","2","0","18","4","2","41.9534715382","-87.7474514978","POINT (-87.747451497756 41.953471538241)"
"69a000f6284e316ffaccac93df663cb3315e1188bd709ace3dff8a259e7fe27f52c8ab5365cc9697f4696c66ef3d221af12534b1b5ff12504d7b356f0394d7b1",,"2026-02-25T18:30:00.000","30","STOP SIGN/FLASHER","FUNCTIONING PROPERLY","CLEAR","DARKNESS, LIGHTED ROAD","ANGLE","OTHER",,"STRAIGHT AND LEVEL","DRY","NO DEFECTS","NOT ON SCENE (DESK REPORT)","NO INJURY / DRIVE AWAY","Y",,,"$501 - $1,500","2026-02-25T19:00:00.000","UNABLE TO DETERMINE","NOT APPLICABLE","8000","S","LOOMIS BLVD","612",,,,,,,"2","NO INDICATION OF INJURY","0","0","0","0","0","2","0","18","4","2","41.7485131359","-87.6586841237","POINT (-87.658684123733 41.748513135924)"
"b116ed0b610d8f3ad8487ec4e177f1e36132819e3624fc8311071346cb48fe8169b0271e719b0fe6a41931f7baf15695ed2282e5a4df45dcd90bef3cac597cf6",,"2026-02-25T18:30:00.000","30","TRAFFIC SIGNAL","FUNCTIONING PROPERLY","CLEAR","DARKNESS, LIGHTED ROAD","ANGLE","NOT DIVIDED",,"STRAIGHT AND LEVEL","DRY","UNKNOWN","ON SCENE","INJURY AND / OR TOW DUE TO CRASH","Y",,"Y","OVER $1,500","2026-02-25T18:31:00.000","DISREGARDING TRAFFIC SIGNALS","DISREGARDING TRAFFIC SIGNALS","800","W","71ST ST","733",,,,,,,"2","REPORTED, NOT EVIDENT","2","0","0","0","2","1","0","18","4","2","41.7653113606","-87.6444774775","POINT (-87.644477477454 41.765311360618)"
"c5aefc728ae297bcacc6f7a1bf26c3a7d66da3f6c407ac6a089568e6aebdf39318d1b26ca1de8bdf70e5d4facb834f5b87d9923bb98f3d22c493c086e52de2db",,"2026-02-25T18:30:00.000","30","NO CONTROLS","NO CONTROLS","CLEAR","DARKNESS, LIGHTED ROAD","REAR END","ONE-WAY",,"STRAIGHT AND LEVEL","DRY","NO DEFECTS","NOT ON SCENE (DESK REPORT)","NO INJURY / DRIVE AWAY",,,,"OVER $1,500","2026-02-25T19:20:00.000","FOLLOWING TOO CLOSELY","FAILING TO REDUCE SPEED TO AVOID CRASH","2901","N","LAKE SHORE DR NB","1934",,,,,,,"2","NO INDICATION OF INJURY","0","0","0","0","0","2","0","18","4","2","41.9345915143","-87.6320776585","POINT (-87.632077658509 41.934591514344)"
"c65d7baabf7b31b2f1d1dae60c45fa55bfdf0573867fdef48de56cb8daae96e9dcd7f3f4ff5c7112f6793d8d937c441b7c9eb133fb88576c7838b1c48e0954e7",,"2026-02-25T18:30:00.000","30","TRAFFIC SIGNAL","FUNCTIONING PROPERLY","CLEAR","DARKNESS, LIGHTED ROAD","SIDESWIPE SAME DIRECTION","ONE-WAY",,"STRAIGHT AND LEVEL","DRY","NO DEFECTS","NOT ON SCENE (DESK REPORT)","NO INJURY / DRIVE AWAY","Y",,,"OVER $1,500","2026-02-25T19:10:00.000","IMPROPER OVERTAKING/PASSING","NOT APPLICABLE","1401","N","MAGNOLIA AVE","1433",,,,,,,"2","NO INDICATION OF INJURY","0","0","0","0","0","3","0","18","4","2","41.9070517969","-87.6597740371","POINT (-87.659774037093 41.907051796944)"
"37049efe165a85429444c8d602ad48a62df6cbca6cdefaeeb71810164f4fe0fc5f363a860b99aa567f4b2d103b37aa5af087d02e0bf58b2433a277ac8e6d3aed",,"2026-02-25T18:22:00.000","25","NO CONTROLS","NO CONTROLS","CLEAR","DARKNESS, LIGHTED ROAD","PEDESTRIAN","TRAFFIC ROUTE",,"STRAIGHT AND LEVEL","DRY","NO DEFECTS","ON SCENE","NO INJURY / DRIVE AWAY","Y",,,"$501 - $1,500","2026-02-25T18:22:00.000","DISREGARDING ROAD MARKINGS","NOT APPLICABLE","1864","S","CENTRAL PARK AVE","1014",,,,,,,"2","NO INDICATION OF INJURY","0","0","0","0","0","2","0","18","4","2","41.8553177844","-87.7152511771","POINT (-87.715251177144 41.855317784402)"
"6054da486251c80bdb08e3175c819f38540cf000daed086820ffd6827a15749477c67852ff708950a676763a1912ca9b37dfc45fcfb571b5b9d6cee865410c7a",,"2026-02-25T18:20:00.000","30","NO CONTROLS","NO CONTROLS","CLEAR","DAYLIGHT","SIDESWIPE SAME DIRECTION","ONE-WAY",,"STRAIGHT AND LEVEL","DRY","NO DEFECTS","NOT ON SCENE (DESK REPORT)","NO INJURY / DRIVE AWAY",,,,"OVER $1,500","2026-02-26T09:30:00.000","FAILING TO YIELD RIGHT-OF-WAY","NOT APPLICABLE","756","E","49TH ST","223",,,,,,,"2","NO INDICATION OF INJURY","0","0","0","0","0","2","0","18","4","2","41.8060023119","-87.6065514227","POINT (-87.606551422741 41.80600231192)"
"7b6eea01e81b8c35b008130e22dfd1d52a26718f959009f3b66f8468c4743f406d39d6c295ec84a7c7ade226b9a6dcc61758b71aef764adf7d4ee29fa1ab220e",,"2026-02-25T18:20:00.000","30","STOP SIGN/FLASHER","FUNCTIONING PROPERLY","CLEAR","DARKNESS, LIGHTED ROAD","ANGLE","DIVIDED - W/MEDIAN (NOT RAISED)",,"STRAIGHT AND LEVEL","DRY","UNKNOWN","ON SCENE","NO INJURY / DRIVE AWAY","Y",,,"OVER $1,500","2026-02-25T18:20:00.000","FAILING TO YIELD RIGHT-OF-WAY","NOT APPLICABLE","8300","S","STEWART AVE","622",,,,,,,"2","NO INDICATION OF INJURY","0","0","0","0","0","3","0","18","4","2","41.7433981579","-87.6342517745","POINT (-87.634251774458 41.74339815788)"
"a4b7ca02002a9f9adfdb48459548e6c219e4beaae13875a8bbae8462e8032148b984c36053e3ab170a271caa2386aad5a24c93ea5c9b59ad6a56925b800383ee",,"2026-02-25T18:12:00.000","30","NO CONTROLS","NO CONTROLS","CLEAR","DARKNESS, LIGHTED ROAD","PARKED MOTOR VEHICLE","NOT DIVIDED",,"STRAIGHT AND LEVEL","DRY","NO DEFECTS","ON SCENE","NO INJURY / DRIVE AWAY",,,"Y","OVER $1,500","2026-02-25T18:16:00.000","UNABLE TO DETERMINE","NOT APPLICABLE","4200","W","BERTEAU AVE","1722",,,,,,,"2","NO INDICATION OF INJURY","0","0","0","0","0","1","0","18","4","2","41.9573546585","-87.7326601757","POINT (-87.732660175686 41.957354658511)"
"42cf47fdbb2796c2966fbeeb8651664087fabc490b3a5259408f112f29002759821dce6c9de0cb2930e042218b8df3051a8e272117136266191651960fda668b",,"2026-02-25T18:10:00.000","30","TRAFFIC SIGNAL","FUNCTIONING PROPERLY","CLEAR","DAYLIGHT","TURNING","NOT DIVIDED",,"STRAIGHT AND LEVEL","DRY","NO DEFECTS","NOT ON SCENE (DESK REPORT)","NO INJURY / DRIVE AWAY","Y",,,"$501 - $1,500","2026-02-25T19:53:00.000","UNABLE TO DETERMINE","UNABLE TO DETERMINE","701","W","ROOSEVELT RD","1232",,,,,,,"2","NO INDICATION OF INJURY","0","0","0","0","0","2","0","18","4","2","41.8670676673","-87.6452414737","POINT (-87.645241473701 41.867067667316)"
"93d2bda79491266aa6e829cb06bc6f808f86639a5a861a5865771af3ade5011f1f6290f6380f1bc2ccc918435ce6e0cc3c42146569399687735520bf9e5a1edd",,"2026-02-25T18:08:00.000","30","TRAFFIC SIGNAL","FUNCTIONING PROPERLY","CLEAR","DARKNESS","SIDESWIPE SAME DIRECTION","DIVIDED - W/MEDIAN (NOT RAISED)",,"STRAIGHT AND LEVEL","DRY","NO DEFECTS","NOT ON SCENE (DESK REPORT)","NO INJURY / DRIVE AWAY",,,,"OVER $1,500","2026-02-25T19:00:00.000","UNABLE TO DETERMINE","UNABLE TO DETERMINE","5818","N","NAGLE AVE","1611",,,,,,,"3","NO INDICATION OF INJURY","0","0","0","0","0","3","0","18","4","2","41.9867136608","-87.7878112824","POINT (-87.787811282449 41.986713660827)"
"9da55424186c3f9d5b0a930d154850dc1c5e508743ecb006b953d52aeb071c9e0c54f92f26ec85e90c2e53c5695494791148391dcf0f830bee7275d4467bf955",,"2026-02-25T18:07:00.000","30","TRAFFIC SIGNAL","NO CONTROLS","CLEAR","DARKNESS, LIGHTED ROAD","TURNING","DIVIDED - W/MEDIAN (NOT RAISED)",,"STRAIGHT AND LEVEL","DRY","NO DEFECTS","NOT ON SCENE (DESK REPORT)","NO INJURY / DRIVE AWAY",,,"Y","OVER $1,500","2026-02-25T19:10:00.000","DISREGARDING TRAFFIC SIGNALS","NOT APPLICABLE","98","E","WACKER DR","111",,,,,,,"2","NO INDICATION OF INJURY","0","0","0","0","0","3","0","18","4","2","41.8884147617","-87.6246246679","POINT (-87.624624667855 41.88841476167)"
"be3cb993b7b8f023632b83e847fb69e280104952b8672a37d702e5255ca1b03f13501dd6161ec074f02b836e9bccedee9baf36033e708fa9157b5d3a10b63824",,"2026-02-25T17:59:00.000","30","NO CONTROLS","NO CONTROLS","CLEAR","DUSK","SIDESWIPE SAME DIRECTION","NOT DIVIDED",,"STRAIGHT AND LEVEL","DRY","NO DEFECTS","ON SCENE","NO INJURY / DRIVE AWAY",,,"Y","$501 - $1,500","2026-02-25T18:10:00.000","IMPROPER OVERTAKING/PASSING","NOT APPLICABLE","4200","W","51ST ST","815",,,,,,,"2","NO INDICATION OF INJURY","0","0","0","0","0","2","0","17","4","2","41.8006003632","-87.728333492","POINT (-87.728333492031 41.800600363164)"
"de17567cad62f9a489114a7e365307fb06441c2d0e4be4658c57149c90f0fb4af42b121d5d4684da90d39e35ced8daca7645287dc738b88eb3deb84e6c2047da","Y","2026-02-25T17:59:00.000","25","STOP SIGN/FLASHER","FUNCTIONING PROPERLY","CLEAR","DARKNESS, LIGHTED ROAD","OTHER OBJECT","NOT DIVIDED",,"STRAIGHT AND LEVEL","DRY","NO DEFECTS","ON SCENE","NO INJURY / DRIVE AWAY","Y","Y","Y","OVER $1,500","2026-02-25T17:59:00.000","UNABLE TO DETERMINE","UNABLE TO DETERMINE","7201","N","WASHTENAW AVE","2411",,,,,,,"2","NO INDICATION OF INJURY","0","0","0","0","0","1","0","17","4","2","42.0121679389","-87.6972034981","POINT (-87.697203498066 42.012167938853)"
"f179b74044cbab651204b6134e7b9a27902b19c0a4141fe50baeaac9d8f1175248c24a45c9c25d5d9450ad2ddb1ba6154c8c2d3094462f39991a1d78a7b617d3",,"2026-02-25T17:53:00.000","30","UNKNOWN","UNKNOWN","UNKNOWN","UNKNOWN","TURNING","UNKNOWN",,"STRAIGHT AND LEVEL","OTHER","UNKNOWN","NOT ON SCENE (DESK REPORT)","NO INJURY / DRIVE AWAY",,,,"OVER $1,500","2026-02-25T18:50:00.000","UNABLE TO DETERMINE","NOT APPLICABLE","5210","N","CENTRAL AVE","1622",,,,,,,"2","NO INDICATION OF INJURY","0","0","0","0","0","2","0","17","4","2","41.9760397498","-87.7686174346","POINT (-87.768617434557 41.976039749782)"
"64280ce42cc3543ea796ce01c5948ec249dc0e2f2ee5f19bd889dc854698a2666dc9d6ed53fd5ceb318fd12d87e9afba3c5fa8d5963f718f5fe2685810fd9a4c",,"2026-02-25T17:52:00.000","30","TRAFFIC SIGNAL","FUNCTIONING PROPERLY","CLEAR","DARKNESS, LIGHTED ROAD","SIDESWIPE SAME DIRECTION","DIVIDED - W/MEDIAN (NOT RAISED)",,"STRAIGHT AND LEVEL","DRY","NO DEFECTS","ON SCENE","INJURY AND / OR TOW DUE TO CRASH",,,,"OVER $1,500","2026-02-25T17:52:00.000","IMPROPER OVERTAKING/PASSING","NOT APPLICABLE","98","S","LAKE SHORE DR SB","114",,,,,,,"3","NO INDICATION OF INJURY","0","0","0","0","0","3","0","17","4","2","41.8809827009","-87.6176333442","POINT (-87.617633344219 41.88098270091)"
"ed3e78b8ff7fdb108cf3572cc5525bd8e52f8e0203f0dde0160dd31f676f70c1837054ecf9d0d5e936172be1d1e899e5170b5ba84d5f97492ff0b58da4ac8513",,"2026-02-25T17:36:00.000","30","TRAFFIC SIGNAL","FUNCTIONING PROPERLY","CLEAR","DARKNESS, LIGHTED ROAD","TURNING","FOUR WAY",,"STRAIGHT AND LEVEL","DRY","NO DEFECTS","ON SCENE","INJURY AND / OR TOW DUE TO CRASH","Y",,,"OVER $1,500","2026-02-25T18:01:00.000","IMPROPER OVERTAKING/PASSING","IMPROPER TURNING/NO SIGNAL","1198","E","103RD ST","511",,,,,,,"2","REPORTED, NOT EVIDENT","2","0","0","0","2","1","0","17","4","2","41.7077367628","-87.5942886131","POINT (-87.594288613092 41.707736762758)"
"abd8052f4cc4e52c6320dc4256b2b8e9a8652265c10faa72f030916611ba97ab5006dd86bcb3c23dec2b8ca687abeed92f1cf2cf30431687dac0fbb197817d84",,"2026-02-25T17:35:00.000","30","NO CONTROLS","NO CONTROLS","CLEAR","DARKNESS, LIGHTED ROAD","PARKED MOTOR VEHICLE","NOT DIVIDED",,"STRAIGHT AND LEVEL","UNKNOWN","UNKNOWN","NOT ON SCENE (DESK REPORT)","NO INJURY / DRIVE AWAY",,,"Y","OVER $1,500","2026-02-25T22:00:00.000","IMPROPER LANE USAGE","NOT APPLICABLE","210","N","RACINE AVE","1215",,,,,,,"2","NO INDICATION OF INJURY","0","0","0","0","0","1","0","17","4","2","41.8858896169","-87.6569617394","POINT (-87.656961739421 41.885889616913)"
"54bb9fdc29abb2d86ac0534f21ee429ece8a7f8d6f895b7f652fa0331a94b6a9369d7bfa7934483b3dfb5247fc85abcd6f5d62d8ff086a13e7129252cb89d984",,"2026-02-25T17:30:00.000","30","TRAFFIC SIGNAL","FUNCTIONING PROPERLY","UNKNOWN","DARKNESS, LIGHTED ROAD","REAR END","FOUR WAY",,"STRAIGHT AND LEVEL","UNKNOWN","UNKNOWN","NOT ON SCENE (DESK REPORT)","NO INJURY / DRIVE AWAY","Y",,,"OVER $1,500","2026-02-25T18:30:00.000","UNABLE TO DETERMINE","UNABLE TO DETERMINE","13000","S","TORRENCE AVE","434",,,,,,,"2","NO INDICATION OF INJURY","0","0","0","0","0","5","0","17","4","2","41.6591261899","-87.5594327419","POINT (-87.559432741943 41.659126189932)"
"612cff3417d4fa356a4aed46138b2acb14b472f846d9117a761321699d0311ad5d0682919cfc32400f1fd07b2a5e0cc98a9d91fe35cdb95903ba7f761efd027a",,"2026-02-25T17:30:00.000","30","STOP SIGN/FLASHER","FUNCTIONING PROPERLY","CLEAR","DAYLIGHT","ANGLE","FOUR WAY",,"STRAIGHT AND LEVEL","DRY","UNKNOWN","NOT ON SCENE (DESK REPORT)","NO INJURY / DRIVE AWAY","Y",,"Y","OVER $1,500","2026-02-26T10:15:00.000","FAILING TO YIELD RIGHT-OF-WAY","FAILING TO YIELD RIGHT-OF-WAY","50","N","GREEN ST","1224",,,,,,,"2","NO INDICATION OF INJURY","0","0","0","0","0","2","0","17","4","2","41.8830538939","-87.648711099","POINT (-87.648711098973 41.883053893948)"
"eaa840aa863cb34053df2fda5583438cb491f3a694e5db59ee72bd88ea4500378c1ea45fcc48fa13c341d8a22f9f5d12dfcd321d3e2bb317ba70fd33330bdff9",,"2026-02-25T17:30:00.000","30","NO CONTROLS","UNKNOWN","CLEAR","DARKNESS, LIGHTED ROAD","REAR END","NOT DIVIDED",,"STRAIGHT AND LEVEL","DRY","UNKNOWN","ON SCENE","NO INJURY / DRIVE AWAY",,,"Y","OVER $1,500","2026-02-25T18:00:00.000","FAILING TO REDUCE SPEED TO AVOID CRASH","NOT APPLICABLE","3730","N","HARLEM AVE","1631",,,,,,,"2","NO INDICATION OF INJURY","0","0","0","0","0","3","0","17","4","2","41.9476755906","-87.8072365982","POINT (-87.807236598202 41.947675590561)"
"fc700851c5396f441328a633dfacb2ae42c39cdb5e37b85ba666d08163de95225488cfd451a9f44ec76e539d02d76e4be2d62b15d6ad858a6a901f2a6d843a8c",,"2026-02-25T17:30:00.000","35","NO CONTROLS","NO CONTROLS","UNKNOWN","UNKNOWN","PARKED MOTOR VEHICLE","PARKING LOT",,"STRAIGHT AND LEVEL","DRY","NO DEFECTS","NOT ON SCENE (DESK REPORT)","NO INJURY / DRIVE AWAY",,,"Y","OVER $1,500","2026-03-03T07:00:00.000","UNABLE TO DETERMINE","UNABLE TO DETERMINE","3145","S","ASHLAND AVE","912",,,,,,,"2","NO INDICATION OF INJURY","0","0","0","0","0","1","0","17","4","2","41.8364683477","-87.6655669021","POINT (-87.665566902132 41.836468347729)"
"0827ce2e5984bc16b0ad1860cbb568a5febaf5f0f6d136ff76f93203c5beb81b1279f40507be586c8b282f023874092e92dc5726364da0d9d694a77f6a4677d3",,"2026-02-25T17:14:00.000","30","NO CONTROLS","NO CONTROLS","CLEAR","DUSK","TURNING","NOT DIVIDED",,"STRAIGHT AND LEVEL","DRY","NO DEFECTS","ON SCENE","INJURY AND / OR TOW DUE TO CRASH",,,,"OVER $1,500","2026-02-25T17:14:00.000","DISREGARDING ROAD MARKINGS","NOT APPLICABLE","3612","W","CHICAGO AVE","1112",,,,,,,"2","NONINCAPACITATING INJURY","4","0","0","2","2","0","0","17","4","2","41.8955645774","-87.7169255688","POINT (-87.716925568807 41.89556457737)"
"87442bcf3f826b590f6ddfb3c1ae6019e345d7baeaa2fc87a70fd7e35c8f65bce60ebaf3d13764499c28bf27fc1f15e0b78458878438a2586ea147e33ff28c0d",,"2026-02-25T17:12:00.000","30","TRAFFIC SIGNAL","FUNCTIONING PROPERLY","UNKNOWN","DAYLIGHT","REAR END","NOT DIVIDED",,"STRAIGHT AND LEVEL","DRY","NO DEFECTS","NOT ON SCENE (DESK REPORT)","NO INJURY / DRIVE AWAY",,,"Y","OVER $1,500","2026-03-01T15:45:00.000","UNABLE TO DETERMINE","UNABLE TO DETERMINE","6056","N","RIDGE AVE","2433",,,,,,,"2","NO INDICATION OF INJURY","0","0","0","0","0","2","0","17","4","2","41.9915382934","-87.6739551085","POINT (-87.673955108497 41.991538293435)"
"46b430be265cd940bf14f9eec9bd9087e7e1918cf1a64ab6bce55d47dffe3901df19d8678167a6eb096ed7faba48164731d89f68add5d8481599967677584e13",,"2026-02-25T17:10:00.000","25","NO CONTROLS","NO CONTROLS","CLEAR","DAYLIGHT","TURNING","DIVIDED - W/MEDIAN (NOT RAISED)",,"STRAIGHT AND LEVEL","DRY","NO DEFECTS","ON SCENE","INJURY AND / OR TOW DUE TO CRASH",,,,"OVER $1,500","2026-02-25T17:10:00.000","UNABLE TO DETERMINE","UNABLE TO DETERMINE","620","W","63RD ST","711",,,,,,,"2","NONINCAPACITATING INJURY","2","0","0","2","0","1","0","17","4","2","41.7799200473","-87.6409255107","POINT (-87.640925510749 41.779920047341)"