"crash_record_id","crash_date_est_i","crash_date","posted_speed_limit","traffic_control_device","device_condition","weather_condition","lighting_condition","first_crash_type","trafficway_type","lane_cnt","alignment","roadway_surface_cond","road_defect","report_type","crash_type","intersection_related_i","private_property_i","hit_and_run_i","damage","date_police_notified","prim_contributory_cause","sec_contributory_cause","street_no","street_direction","street_name","beat_of_occurrence","photos_taken_i","statements_taken_i","dooring_i","work_zone_i","work_zone_type","workers_present_i","num_units","most_severe_injury","injuries_total","injuries_fatal","injuries_incapacitating","injuries_non_incapacitating","injuries_reported_not_evident","injuries_no_indication","injuries_unknown","crash_hour","crash_day_of_week","crash_month","latitude","longitude","location"
"771b09503e000fc85d1f2a1b1f3ad2bdd462c5b89f487e607ffea9638b01c5b29dfefa51f917c12396a40b8cbddd9e1c643b84b531adf54a69d6e14ca648d04e",,"2026-02-25T17:10:00.000","30","STOP SIGN/FLASHER","FUNCTIONING PROPERLY","CLEAR","DAYLIGHT","ANGLE","FOUR WAY",,"STRAIGHT AND LEVEL","DRY","NO DEFECTS","ON SCENE","NO INJURY / DRIVE AWAY","Y",,,"$501 - $1,500","2026-02-25T17:24:00.000","FAILING TO YIELD RIGHT-OF-WAY","NOT APPLICABLE","1500","S","ASHLAND AVE","1233",,,,,,,"2","NO INDICATION OF INJURY","0","0","0","0","0","2","0","17","4","2","41.8614178574","-87.6663882562","POINT (-87.666388256198 41.861417857387)"
"feae2e50bfb630751ad48f2eeb1544dfe8efde5fdaf1eff9b7ba860c4efbe092aa5600adf75384ae8ec177c7a3c9cc6c267f9144ef50133c03cd1824fcb48ff0",,"2026-02-25T17:10:00.000","35","NO CONTROLS","NO CONTROLS","CLEAR","DAYLIGHT","REAR END","OTHER",,"STRAIGHT AND LEVEL","DRY","NO DEFECTS","ON SCENE","INJURY AND / OR TOW DUE TO CRASH",,,,"OVER $1,500","2026-02-25T17:30:00.000","NOT APPLICABLE","NOT APPLICABLE","5201","N","NAGLE AVE","1622",,,,,,,"2","NONINCAPACITATING INJURY","1","0","0","1","0","1","0","17","4","2","41.9756832687","-87.7877262229","POINT (-87.787726222906 41.975683268696)"
"830d0775785cd420bdf59ac169150c1128ec5264b1c3f673a38b933f14de5a9102670b5c46d75888937c963e46adce8197381236b5d878f018db1aa16e1a88f9","Y","2026-02-25T17:05:00.000","35","TRAFFIC SIGNAL","FUNCTIONING PROPERLY","CLEAR","DAYLIGHT","TURNING","DIVIDED - W/MEDIAN (NOT RAISED)",,"STRAIGHT AND LEVEL","DRY","NO DEFECTS","ON SCENE","INJURY AND / OR TOW DUE TO CRASH","Y",,"N","OVER $1,500","2026-02-25T17:15:00.000","FAILING TO YIELD RIGHT-OF-WAY","NOT APPLICABLE","6545","W","IRVING PARK RD","1632",,,,,,,"2","NO INDICATION OF INJURY","0","0","0","0","0","2","0","17","4","2","41.9527336277","-87.7907945494","POINT (-87.790794549404 41.952733627712)"
"af19e7d9616a442698e8ebf58a9931592ec761ce1d1d61c9cbc5913c4aa8d6d03e4a388cc96a113bdf07d4f4bad346db88ed1cee45c90eaaa6f2f87b82d62df2","Y","2026-02-25T17:05:00.000","10","NO CONTROLS","NO CONTROLS","CLEAR","DAYLIGHT","PARKED MOTOR VEHICLE","PARKING LOT",,"STRAIGHT AND LEVEL","DRY","UNKNOWN","NOT ON SCENE (DESK REPORT)","NO INJURY / DRIVE AWAY",,,,"OVER $1,500","2026-02-25T17:30:00.000","UNABLE TO DETERMINE","NOT APPLICABLE","3570","N","ELSTON AVE","1733",,,,,,,"2","NO INDICATION OF INJURY","0","0","0","0","0","1","0","17","4","2","41.946057604","-87.7082301098","POINT (-87.708230109805 41.946057604016)"
"0a015536b4ce2ba27bb613e6eb45b3b6b163298201800b9b65091ee71551f19fc56b17c5913045c985bc57eb302a3c23709fbe9fe4aba97bd801809736a7ca79",,"2026-02-25T17:00:00.000","30","NO CONTROLS","NO CONTROLS","CLEAR","DAWN","REAR END","NOT DIVIDED",,"STRAIGHT AND LEVEL","DRY","NO DEFECTS","NOT ON SCENE (DESK REPORT)","NO INJURY / DRIVE AWAY",,,,"OVER $1,500","2026-02-25T19:00:00.000","UNABLE TO DETERMINE","UNABLE TO DETERMINE","6807","W","HIGGINS AVE","1613",,,,,,,"2","NO INDICATION OF INJURY","0","0","0","0","0","2","0","17","4","2","41.9790616525","-87.797947974","POINT (-87.797947974044 41.979061652455)"
"a31bade16509ca63f884ee196ddeadb2061b64da65c81a49f4dbf6c03135eb720ccc4604b47f8bd4fbb98bbb39de7a3c18924ede39f750252d5276a0ba249753",,"2026-02-25T17:00:00.000","40","NO CONTROLS","NO CONTROLS","CLEAR","DAYLIGHT","REAR END","DIVIDED - W/MEDIAN BARRIER",,"STRAIGHT AND LEVEL","DRY","UNKNOWN","ON SCENE","INJURY AND / OR TOW DUE TO CRASH",,,,"OVER $1,500","2026-02-25T17:03:00.000","UNABLE TO DETERMINE","NOT APPLICABLE","2601","N","LAKE SHORE DR NB","1935",,,,,,,"2","NO INDICATION OF INJURY","0","0","0","0","0","3","0","17","4","2","41.9299119079","-87.6317974745","POINT (-87.631797474485 41.929911907856)"
"ccbd24bcef94ec8f44c3b8e21b9f671ea1ffcd30dbf50d4ef8e774a673d8e35b949ce98d9517fa1d88bed5257e4b0fced26c792bc36cd254c802bcb57b4456fe",,"2026-02-25T17:00:00.000","30","UNKNOWN","UNKNOWN","UNKNOWN","UNKNOWN","TURNING","UNKNOWN",,"STRAIGHT AND LEVEL","UNKNOWN","UNKNOWN","NOT ON SCENE (DESK REPORT)","NO INJURY / DRIVE AWAY",,,"Y","OVER $1,500","2026-02-25T18:00:00.000","UNABLE TO DETERMINE","NOT APPLICABLE","5602","W","MONTROSE AVE","1622",,,,,,,"2","NO INDICATION OF INJURY","0","0","0","0","0","2","0","17","4","2","41.9605926563","-87.7673851913","POINT (-87.767385191262 41.960592656346)"
"47dda6982f7ab3fc35d71f0dc3a347fd5302804b2cbcfdb62614fa25323cccefd7d8143a17a54167c451f7b141bf565839126162e5852b07dddedeaac6ce27ae",,"2026-02-25T16:59:00.000","30","NO CONTROLS","NO CONTROLS","CLEAR","DAYLIGHT","PARKED MOTOR VEHICLE","ONE-WAY",,"STRAIGHT AND LEVEL","DRY","UNKNOWN","ON SCENE","NO INJURY / DRIVE AWAY",,,,"OVER $1,500","2026-02-25T17:22:00.000","UNABLE TO DETERMINE","DISTRACTION - FROM INSIDE VEHICLE","5559","W","WRIGHTWOOD AVE","2515",,,,,,,"2","NO INDICATION OF INJURY","0","0","0","0","0","3","0","16","4","2","41.9275185105","-87.7660554853","POINT (-87.766055485322 41.927518510468)"
"faa7ebc636ef402c313b13ee2170901ae6e3d2eecda05b65ab504765c985d813752529d375b2303b1d98c1ec9f163f0de6b21d31456a0b747831298fbb36c68d",,"2026-02-25T16:53:00.000","20","NO CONTROLS","NO CONTROLS","CLEAR","DAWN","SIDESWIPE SAME DIRECTION","NOT DIVIDED",,"STRAIGHT AND LEVEL","DRY","NO DEFECTS","ON SCENE","INJURY AND / OR TOW DUE TO CRASH",,,,"$501 - $1,500","2026-02-25T17:00:00.000","UNABLE TO DETERMINE","UNABLE TO DETERMINE","9201","S","PAXTON AVE","413",,,,,,,"2","NONINCAPACITATING INJURY","1","0","0","1","0","1","0","16","4","2","41.727914727","-87.5704828785","POINT (-87.570482878528 41.727914727035)"
"0f6037a6eb72f46d9551b5a758aa7198d1093d311dacb4a695467a274c060299c0de285d2a43749caeb7d134d75666b03d5e27ece21f4ab02fc7d3f9bbbdd722","Y","2026-02-25T16:50:00.000","30","NO CONTROLS","NO CONTROLS","CLEAR","DAYLIGHT","PARKED MOTOR VEHICLE","NOT DIVIDED",,"STRAIGHT AND LEVEL","DRY","UNKNOWN","ON SCENE","INJURY AND / OR TOW DUE TO CRASH",,,,"OVER $1,500","2026-02-25T16:55:00.000","IMPROPER OVERTAKING/PASSING","NOT APPLICABLE","3609","W","OHIO ST","1122",,,,,,,"2","NO INDICATION OF INJURY","0","0","0","0","0","1","0","16","4","2","41.8916748402","-87.7166316594","POINT (-87.716631659407 41.891674840171)"
"394397e0abb4199952205048472d454f56874e9afbc8e5ce686c6156e8565e9bfe43b69b91e48c527f3305a583ad8c6774dcf7dafd1eb5c1f77b4db842562d35",,"2026-02-25T16:48:00.000","30","RAILROAD CROSSING GATE","FUNCTIONING PROPERLY","CLEAR","DAWN","TURNING","NOT DIVIDED",,"STRAIGHT AND LEVEL","DRY","NO DEFECTS","ON SCENE","NO INJURY / DRIVE AWAY",,,"Y","OVER $1,500","2026-02-25T17:19:00.000","IMPROPER OVERTAKING/PASSING","NOT APPLICABLE","3012","E","79TH ST","421",,,,,,,"2","NO INDICATION OF INJURY","0","0","0","0","0","2","0","16","4","2","41.7520428922","-87.5512403285","POINT (-87.551240328514 41.752042892232)"
"1e5b32cb38c1ec0b13420dd47bf5106a5c97e6666ecaca5aa32f2a84615cc593956a789837b84fc6350b6885925100f1ad7b6d886e1d18059a1049b101db7065",,"2026-02-25T16:47:00.000","30","NO CONTROLS","NO CONTROLS","CLEAR","DAYLIGHT","REAR END","DIVIDED - W/MEDIAN BARRIER",,"STRAIGHT AND LEVEL","DRY","UNKNOWN","ON SCENE","INJURY AND / OR TOW DUE TO CRASH",,,,"OVER $1,500","2026-02-25T16:47:00.000","FOLLOWING TOO CLOSELY","FOLLOWING TOO CLOSELY","8400","S","STONY ISLAND AVE","412",,,,,,,"2","REPORTED, NOT EVIDENT","1","0","0","0","1","1","0","16","4","2","41.7423299002","-87.5859156433","POINT (-87.585915643258 41.742329900235)"
"9fa0aecab89dba70649279762e2d38faff7680284dd44e2f66b338ed3a20c76fefd9ae4c9c355b9d2baa96742319689e5e8122c2f103f3d552fc6bb8b9d5b701",,"2026-02-25T16:42:00.000","30","UNKNOWN","NO CONTROLS","CLEAR","DAYLIGHT","REAR TO FRONT","PARKING LOT",,"STRAIGHT AND LEVEL","DRY","UNKNOWN","NOT ON SCENE (DESK REPORT)","NO INJURY / DRIVE AWAY",,,,"OVER $1,500","2026-02-25T17:40:00.000","IMPROPER BACKING","NOT APPLICABLE","3481","S","DR MARTIN LUTHER KING JR DR","211",,,,,,,"2","NO INDICATION OF INJURY","0","0","0","0","0","2","0","16","4","2","41.8311855103","-87.6168209999","POINT (-87.616820999883 41.831185510288)"
"3db1e80df7fe8ef2d0ab2ea520f19a75723ab832a6ad43cf7fd680c44a0152d0b87cc47f88f3780b07633b480e96e6c622e328f853f737135bd45d23d8c4294c",,"2026-02-25T16:41:00.000","35","NO CONTROLS","NO CONTROLS","CLEAR","DAYLIGHT","REAR END","NOT DIVIDED",,"STRAIGHT AND LEVEL","UNKNOWN","UNKNOWN","NOT ON SCENE (DESK REPORT)","INJURY AND / OR TOW DUE TO CRASH",,,,"OVER $1,500","2026-02-25T17:00:00.000","FOLLOWING TOO CLOSELY","UNABLE TO DETERMINE","2428","N","CICERO AVE","2521",,,,,,,"2","REPORTED, NOT EVIDENT","1","0","0","0","1","3","0","16","4","2","41.925129663","-87.7464773398","POINT (-87.746477339773 41.925129662962)"
"c3f5e42abe4b259367d109368331b99189bed57afd4f6fdf90c095961ff99b21a245bb3f82dbf42c8d0f057514b77db09ed48917f038efb477ef8e9177ea0a82",,"2026-02-25T16:40:00.000","30","NO CONTROLS","NO CONTROLS","CLEAR","DAYLIGHT","REAR TO SIDE","PARKING LOT",,"STRAIGHT AND LEVEL","DRY","NO DEFECTS","ON SCENE","NO INJURY / DRIVE AWAY",,"Y",,"OVER $1,500","2026-02-25T17:22:00.000","VISION OBSCURED (SIGNS, TREE LIMBS, BUILDINGS, ETC.)","NOT APPLICABLE","5961","N","LINCOLN AVE","2011",,,,,,,"2","NO INDICATION OF INJURY","0","0","0","0","0","2","0","16","4","2","41.9895058165","-87.7056577695","POINT (-87.705657769522 41.989505816497)"
"6d421ddab0e2c9b873f8072eb2701d276f0265d0a83aa8cdf2fe2cfe83a908b918f072f76164e1711a42f1adba6df287331faa9e47700afc5e0d76616f16c3b5",,"2026-02-25T16:35:00.000","30","STOP SIGN/FLASHER","FUNCTIONING PROPERLY","CLEAR","DAYLIGHT","REAR END","FOUR WAY",,"STRAIGHT AND LEVEL","UNKNOWN","UNKNOWN","NOT ON SCENE (DESK REPORT)","NO INJURY / DRIVE AWAY",,,,"OVER $1,500","2026-02-25T17:00:00.000","UNABLE TO DETERMINE","UNABLE TO DETERMINE","7858","S","EXCHANGE AVE","421",,,,,,,"2","NO INDICATION OF INJURY","0","0","0","0","0","3","0","16","4","2","41.7522908678","-87.5531724826","POINT (-87.553172482586 41.752290867774)"
"1a20b9ce48dcc5e88420db46374356739ebd50e8bf7d4c931aee80abab2e0cabbe49f96b2ead4e6e068633b3a2dc5c391918ef118358b6dd8e1f427a3a0f1f26",,"2026-02-25T16:30:00.000","30","UNKNOWN","UNKNOWN","UNKNOWN","UNKNOWN","ANGLE","UNKNOWN",,"STRAIGHT AND LEVEL","UNKNOWN","UNKNOWN","NOT ON SCENE (DESK REPORT)","NO INJURY / DRIVE AWAY",,,,"OVER $1,500","2026-02-25T20:10:00.000","UNABLE TO DETERMINE","NOT APPLICABLE","6300","W","ROSEDALE AVE","1622",,,,,,,"2","NO INDICATION OF INJURY","0","0","0","0","0","3","0","16","4","2","41.9885295757","-87.7852680642","POINT (-87.785268064202 41.988529575688)"
"3c2df8e37cc1d2975cf140dfc5df0f569c02f93bb7f19c8fb4c954974d04d63149bf044b8b960a515450961625a7ff645549fb7b739eaa0fe82829a71e646ecc",,"2026-02-25T16:30:00.000","30","TRAFFIC SIGNAL","UNKNOWN","CLEAR","DUSK","SIDESWIPE SAME DIRECTION","DIVIDED - W/MEDIAN (NOT RAISED)",,"STRAIGHT AND LEVEL","DRY","NO DEFECTS","NOT ON SCENE (DESK REPORT)","NO INJURY / DRIVE AWAY","Y",,,"OVER $1,500","2026-02-25T17:30:00.000","UNABLE TO DETERMINE","NOT APPLICABLE","145","W","NORTH AVE","1821",,,,,,,"2","NO INDICATION OF INJURY","0","0","0","0","0","2","0","16","4","2","41.9110523773","-87.6334042645","POINT (-87.633404264487 41.911052377332)"
"614c3403a8d96c37378179201c6ef8cf33566db576af41c748c6a202e61251becae32a3202e9ba309043e41600d5b46542c907899f76f916867b5d4ae7b9a992",,"2026-02-25T16:30:00.000","30","UNKNOWN","UNKNOWN","UNKNOWN","UNKNOWN","SIDESWIPE SAME DIRECTION","DIVIDED - W/MEDIAN (NOT RAISED)",,"STRAIGHT AND LEVEL","UNKNOWN","UNKNOWN","NOT ON SCENE (DESK REPORT)","NO INJURY / DRIVE AWAY",,,,"$501 - $1,500","2026-02-25T19:25:00.000","UNABLE TO DETERMINE","NOT APPLICABLE","6435","N","SHERIDAN RD","2432",,,,,,,"2","NO INDICATION OF INJURY","0","0","0","0","0","3","0","16","4","2","41.9992390798","-87.6605192741","POINT (-87.660519274087 41.99923907977)"
"6d8d6e76a5688aee8477c6f31078e481298f257bfea1b4d19e8f0362cd78a32321d949b19f7e4843934af34e698817456d77cc062cd992e610e77f6d9f6d34cd",,"2026-02-25T16:30:00.000","30","NO CONTROLS","NO CONTROLS","CLEAR","DAYLIGHT","REAR END","DIVIDED - W/MEDIAN (NOT RAISED)",,"STRAIGHT AND LEVEL","DRY","NO DEFECTS","NOT ON SCENE (DESK REPORT)","NO INJURY / DRIVE AWAY",,,,"OVER $1,500","2026-02-25T17:15:00.000","UNABLE TO DETERMINE","UNABLE TO DETERMINE","4329","W","26TH ST","1031",,,,,,,"2","NO INDICATION OF INJURY","0","0","0","0","0","2","0","16","4","2","41.8440370426","-87.7321605355","POINT (-87.732160535548 41.844037042609)"
"2535742ace8fa1f24be9fa24899667b8eb0651db0cf39791e68328389e09276340f80fc460f977f61abe2369fa6ba484f9363da835904423cdcc1af88707a524",,"2026-02-25T16:25:00.000","30","NO CONTROLS","NO CONTROLS","CLEAR","DAYLIGHT","SIDESWIPE SAME DIRECTION","NOT DIVIDED",,"STRAIGHT AND LEVEL","DRY","NO DEFECTS","NOT ON SCENE (DESK REPORT)","NO INJURY / DRIVE AWAY","Y",,,"OVER $1,500","2026-02-25T17:00:00.000","FAILING TO YIELD RIGHT-OF-WAY","NOT APPLICABLE","1950","W","WABANSIA AVE","1434",,,,,,,"2","NO INDICATION OF INJURY","0","0","0","0","0","2","0","16","4","2","41.9124249979","-87.6771111776","POINT (-87.677111177614 41.912424997858)"
"7a2760746b145d6157a845e2ab1602db3e54af76b58e04e2283e7ff85cb04149f3751c924ac354923089810632f3f00f448d80c20b21357fc182bae4cd0e6718",,"2026-02-25T16:22:00.000","30","NO CONTROLS","NO CONTROLS","CLEAR","DAYLIGHT","PARKED MOTOR VEHICLE","ONE-WAY",,"STRAIGHT AND LEVEL","DRY","UNKNOWN","ON SCENE","NO INJURY / DRIVE AWAY",,,,"OVER $1,500","2026-02-25T16:23:00.000","UNABLE TO DETERMINE","NOT APPLICABLE","5725","N","MOZART ST","2011",,,,,,,"2","NO INDICATION OF INJURY","0","0","0","0","0","2","0","16","4","2","41.9857228838","-87.7003053256","POINT (-87.700305325561 41.985722883823)"
"55a1c18fc24441050ea69675489b421e6755b4982d0660f5243098fe864e9b23a49a185540108c54da40fced8550d29f5d77e63dd5e54b5281b04a0afccb0afe",,"2026-02-25T16:21:00.000","25","NO CONTROLS","NO CONTROLS","CLEAR","DAYLIGHT","PARKED MOTOR VEHICLE","PARKING LOT",,"STRAIGHT AND LEVEL","UNKNOWN","UNKNOWN",,"NO INJURY / DRIVE AWAY",,"Y","Y","OVER $1,500","2026-02-25T16:41:00.000","IMPROPER OVERTAKING/PASSING","IMPROPER LANE USAGE","1551","N","SHEFFIELD AVE","1822",,,,,,,"2","NO INDICATION OF INJURY","0","0","0","0","0","1","0","16","4","2","41.9099287163","-87.6529680435","POINT (-87.652968043486 41.909928716344)"
"7dc2a7a23ad72b41c75b0a081d6a86943c4450be726632b407ec7f3372fbccdc3a9e8feadb479184a4c44e587dd021047308d32f62fff8ee270f90d45d0f38b1",,"2026-02-25T16:20:00.000","30","UNKNOWN","UNKNOWN","CLEAR","DAYLIGHT","SIDESWIPE SAME DIRECTION","NOT DIVIDED",,"STRAIGHT AND LEVEL","DRY","NO DEFECTS","ON SCENE","NO INJURY / DRIVE AWAY",,,,"OVER $1,500","2026-02-25T16:28:00.000","IMPROPER OVERTAKING/PASSING","NOT APPLICABLE","4926","W","MONTROSE AVE","1623",,,,,,,"2","NO INDICATION OF INJURY","0","0","0","0","0","2","0","16","4","2","41.9607919193","-87.7510015694","POINT (-87.751001569422 41.960791919334)"
"f66e0d90314dbc32289a26c6a3b2bfafbf4d69967355025e89963f1ab4e0a89c682634647ea1e32fc71a88616328bb40adb30bc5e3db3359ce99cc70be520485",,"2026-02-25T16:20:00.000","30","NO CONTROLS","NO CONTROLS","CLEAR","DAYLIGHT","SIDESWIPE SAME DIRECTION","NOT DIVIDED",,"STRAIGHT AND LEVEL","DRY","NO DEFECTS","NOT ON SCENE (DESK REPORT)","NO INJURY / DRIVE AWAY",,,,"OVER $1,500","2026-02-25T17:50:00.000","IMPROPER OVERTAKING/PASSING","UNABLE TO DETERMINE","150","N","ASHLAND AVE","1224",,,,,,,"2","NO INDICATION OF INJURY","0","0","0","0","0","2","0","16","4","2","41.8848322865","-87.6670483215","POINT (-87.667048321489 41.884832286504)"
"7fb28d2bbeb3d0b93c77fa3960a045b21d5b0b443458480b0b895f48c498288c4749351d28599556d173409c5b2c72d54a0b8cea7605d8a5f0021f3b6b7babce","Y","2026-02-25T16:17:00.000","25","STOP SIGN/FLASHER","NO CONTROLS","CLEAR","DAYLIGHT","ANGLE","FOUR WAY",,"STRAIGHT AND LEVEL","UNKNOWN","UNKNOWN","NOT ON SCENE (DESK REPORT)","NO INJURY / DRIVE AWAY","Y",,,"OVER $1,500","2026-02-25T17:14:00.000","UNABLE TO DETERMINE","UNABLE TO DETERMINE","100","N","KENTON AVE","1113",,,,,,,"2","NO INDICATION OF INJURY","0","0","0","0","0","2","0","16","4","2","41.8819343208","-87.7402987202","POINT (-87.74029872021 41.881934320779)"
"642885ddbd787449375c8ced476b1431a5a35a8cfeeefacee7e6ff0da70a04637a3cf0af5b36c30ddaead7cd6fbfe5c18c14b51591b2c81444c465cd1404b31d",,"2026-02-25T16:14:00.000","30","TRAFFIC SIGNAL","FUNCTIONING PROPERLY","CLEAR","DAYLIGHT","PEDESTRIAN","TRAFFIC ROUTE",,"STRAIGHT AND LEVEL","DRY","NO DEFECTS","ON SCENE","INJURY AND / OR TOW DUE TO CRASH","Y",,,"OVER $1,500","2026-02-25T16:14:00.000","FAILING TO YIELD RIGHT-OF-WAY","FAILING TO YIELD RIGHT-OF-WAY","9100","S","LAFAYETTE AVE","634",,,,,,,"2","NONINCAPACITATING INJURY","1","0","0","1","0","1","0","16","4","2","41.7289307234","-87.6253827563","POINT (-87.625382756311 41.72893072336)"
"f4849e522d04be66d9092a8d91becf56cca4167ebbe982bac6134703477dd3efe2a6b23cafa53df8356aa208f0b047fc7ed283bd923b3d75272717c0981a21e3","N","2026-02-25T16:12:00.000","30","UNKNOWN","UNKNOWN","CLEAR","DUSK","PARKED MOTOR VEHICLE","DIVIDED - W/MEDIAN (NOT RAISED)",,"STRAIGHT AND LEVEL","DRY","UNKNOWN",,"NO INJURY / DRIVE AWAY",,,"Y","OVER $1,500","2026-02-25T19:11:00.000","UNABLE TO DETERMINE","NOT APPLICABLE","2341","N","SACRAMENTO AVE","1414",,,,,,,"2","NO INDICATION OF INJURY","0","0","0","0","0","1","0","16","4","2","41.9245430771","-87.7021654888","POINT (-87.702165488826 41.924543077074)"
"bba991caeeaec3f28b435d7c82bf914c35f105f38fe49d6d9cbff3062b79007673db3df1715d7fc2f1bfd67172214dc7c3df58cc9373ccc2bbbfea1999ac2118",,"2026-02-25T16:10:00.000","30","NO CONTROLS","NO CONTROLS","CLEAR","DAYLIGHT","SIDESWIPE SAME DIRECTION","NOT DIVIDED",,"STRAIGHT AND LEVEL","DRY","NO DEFECTS","NOT ON SCENE (DESK REPORT)","NO INJURY / DRIVE AWAY","Y",,,"OVER $1,500","2026-02-25T17:50:00.000","FAILING TO YIELD RIGHT-OF-WAY","NOT APPLICABLE","833","N","WESTERN AVE","1212",,,,,,,"2","NO INDICATION OF INJURY","0","0","0","0","0","2","0","16","4","2","41.8967618082","-87.6867199804","POINT (-87.686719980417 41.896761808247)"
"f8d17c55b5e3c035ebe274cfacec4a9691e265b2c3c08549713dac66baf898c9b006efeeaa046f421e148f55b10725743502bed16bdfa17e37445bd847072356",,"2026-02-25T16:10:00.000","30","NO CONTROLS","NO CONTROLS","CLEAR","DAYLIGHT","SIDESWIPE SAME DIRECTION","NOT DIVIDED",,"STRAIGHT AND LEVEL","DRY","NO DEFECTS","ON SCENE","NO INJURY / DRIVE AWAY",,,"Y","OVER $1,500","2026-02-25T16:23:00.000","IMPROPER OVERTAKING/PASSING","IMPROPER OVERTAKING/PASSING","5438","S","ELLIS AVE","233",,,,,,,"2","NO INDICATION OF INJURY","0","0","0","0","0","3","0","16","4","2","41.796734054","-87.6013907252","POINT (-87.60139072517 41.796734053951)"
"20b314bb7cfa4458e666c1042c3c98f3f9cbe1be4c975f0c1f6e5cb69b5539da32834f2f4f223e0168e9cfedb45a14a24f3fc2bd45f7a4e0fda217cb0cdb1c4c",,"2026-02-25T16:09:00.000","35","NO CONTROLS","NO CONTROLS","CLEAR","DAYLIGHT","SIDESWIPE SAME DIRECTION","T-INTERSECTION",,"STRAIGHT AND LEVEL","DRY","NO DEFECTS","ON SCENE","NO INJURY / DRIVE AWAY","Y",,"Y","OVER $1,500","2026-02-25T16:32:00.000","FOLLOWING TOO CLOSELY","NOT APPLICABLE","1501","E","130TH ST","434",,,,,,,"2","NO INDICATION OF INJURY","0","0","0","0","0","2","0","16","4","2","41.6602841634","-87.5886219374","POINT (-87.588621937422 41.660284163355)"
"66c7393d6f1df0438d836cc7f75a499fd89d609909b68f34b7517094962ed4a033e4abb0e8d15f1915b2a3a4c6080e35a414a71e7adb2a0f3b5187d48871f8cf",,"2026-02-25T16:05:00.000","30","UNKNOWN","UNKNOWN","UNKNOWN","UNKNOWN","ANGLE","UNKNOWN",,"STRAIGHT AND LEVEL","UNKNOWN","UNKNOWN","NOT ON SCENE (DESK REPORT)","NO INJURY / DRIVE AWAY",,,,"$500 OR LESS","2026-02-25T17:12:00.000","UNABLE TO DETERMINE","UNABLE TO DETERMINE","1710","W","THOME AVE","2433",,,,,,,"2","NO INDICATION OF INJURY","0","0","0","0","0","2","0","16","4","2","41.9957205419","-87.6724001787","POINT (-87.672400178684 41.995720541866)"
"2996e4e09724505a0639b459c7544b76565fa6c1e1963b0c60049235f9ee9905850e146d79207af033ced52bddac66932ebdac93875a99569c39a9c51c259ee2",,"2026-02-25T16:04:00.000","35","TRAFFIC SIGNAL","FUNCTIONING PROPERLY","CLEAR","DAYLIGHT","ANGLE","NOT DIVIDED",,"STRAIGHT AND LEVEL","DRY","NO DEFECTS","ON SCENE","INJURY AND / OR TOW DUE TO CRASH",,,,"OVER $1,500","2026-02-25T16:06:00.000","DISREGARDING TRAFFIC SIGNALS","DRIVING SKILLS/KNOWLEDGE/EXPERIENCE","11100","S","TALMAN AVE","2212",,,,,,,"2","NONINCAPACITATING INJURY","3","0","0","3","0","0","0","16","4","2","41.6916342502","-87.6874444979","POINT (-87.687444497934 41.691634250247)"
"3de7281e2a2df5f4de5678ea4418546fa2d27042942a8b9342b9e1c724085612532781b79f6787618fc1b9050720a5ef2652f775ad21fcc64ea1e5a3bc254978",,"2026-02-25T16:00:00.000","0","NO CONTROLS","NO CONTROLS","CLEAR","DARKNESS, LIGHTED ROAD","ANGLE","DIVIDED - W/MEDIAN (NOT RAISED)",,"STRAIGHT AND LEVEL","DRY","NO DEFECTS",,"INJURY AND / OR TOW DUE TO CRASH",,,"Y","OVER $1,500","2026-02-28T08:45:00.000","UNABLE TO DETERMINE","NOT APPLICABLE","1415","E","69TH ST","332",,,,,,,"2","NONINCAPACITATING INJURY","1","0","0","1","0","1","0","16","4","2","41.7695400809","-87.5904319925","POINT (-87.590431992479 41.769540080933)"
"a56c7c20d2c1a3354fe127f512c6477ab488cbfb96b2d83816285ac2e8e220ef8bf1dfc8a6f87930ef74f70d8067ea75728c61c22617c873b65edcccd95c752d",,"2026-02-25T16:00:00.000","30","NO CONTROLS","NO CONTROLS","CLEAR","DAYLIGHT","SIDESWIPE SAME DIRECTION","NOT DIVIDED",,"STRAIGHT AND LEVEL","DRY","NO DEFECTS","NOT ON SCENE (DESK REPORT)","NO INJURY / DRIVE AWAY",,,,"OVER $1,500","2026-02-25T16:20:00.000","DRIVING SKILLS/KNOWLEDGE/EXPERIENCE","NOT APPLICABLE","11200","S","HAMLET AVE","2234",,,,,,,"2","NO INDICATION OF INJURY","0","0","0","0","0","2","0","16","4","2","41.6903460651","-87.6605560308","POINT (-87.660556030835 41.690346065123)"
"0dd63d935e65e2a35818e57968485910e47bca04ac55f5474f2fbb3145c108ef1304b09bd2bba8b7e6c5a0f96503ac569d3f562a98632901f98cd2d7b03ff81c",,"2026-02-25T15:55:00.000","30","TRAFFIC SIGNAL","UNKNOWN","CLEAR","DAYLIGHT","REAR END","FOUR WAY",,"STRAIGHT AND LEVEL","UNKNOWN","UNKNOWN","NOT ON SCENE (DESK REPORT)","NO INJURY / DRIVE AWAY",,,"Y","$500 OR LESS","2026-02-25T16:30:00.000","FOLLOWING TOO CLOSELY","UNABLE TO DETERMINE","6","S","KOSTNER AVE","1113",,,,,,,"2","NO INDICATION OF INJURY","0","0","0","0","0","6","0","15","4","2","41.8804148116","-87.7356155112","POINT (-87.735615511222 41.880414811566)"