"crash_record_id","crash_date_est_i","crash_date","posted_speed_limit","traffic_control_device","device_condition","weather_condition","lighting_condition","first_crash_type","trafficway_type","lane_cnt","alignment","roadway_surface_cond","road_defect","report_type","crash_type","intersection_related_i","private_property_i","hit_and_run_i","damage","date_police_notified","prim_contributory_cause","sec_contributory_cause","street_no","street_direction","street_name","beat_of_occurrence","photos_taken_i","statements_taken_i","dooring_i","work_zone_i","work_zone_type","workers_present_i","num_units","most_severe_injury","injuries_total","injuries_fatal","injuries_incapacitating","injuries_non_incapacitating","injuries_reported_not_evident","injuries_no_indication","injuries_unknown","crash_hour","crash_day_of_week","crash_month","latitude","longitude","location"
"f752011559a5af59b0365b27ab6c9f423c70cd37cd329e6ceb8d3311c58a035c0bd39787797f4abb79da4f4cfec73c5198bcc83d128292bd2886ff5dc8371814",,"2026-02-25T15:55:00.000","30","NO CONTROLS","NO CONTROLS","CLEAR","DAYLIGHT","PARKED MOTOR VEHICLE","NOT DIVIDED",,"STRAIGHT AND LEVEL","DRY","NO DEFECTS","NOT ON SCENE (DESK REPORT)","NO INJURY / DRIVE AWAY",,,"Y","OVER $1,500","2026-02-25T20:16:00.000","UNABLE TO DETERMINE","UNABLE TO DETERMINE","859","W","WAYMAN ST","1214",,,,,,,"2","NO INDICATION OF INJURY","0","0","0","0","0","2","0","15","4","2","41.8872462525","-87.6497956927","POINT (-87.64979569268 41.887246252532)"
"aaf75db070660df228d0113aafe78733c435c7b36b091bb3843efbc03556f92bfe25dfa8ecaacbb25b96e240bfd1e0661211530b223fee225c340b7afd0a6fd4",,"2026-02-25T15:54:00.000","30","NO CONTROLS","NO CONTROLS","CLEAR","DAYLIGHT","REAR END","NOT DIVIDED",,"STRAIGHT AND LEVEL","DRY","NO DEFECTS","ON SCENE","INJURY AND / OR TOW DUE TO CRASH",,,,"OVER $1,500","2026-02-25T15:55:00.000","UNABLE TO DETERMINE","UNABLE TO DETERMINE","1830","N","NARRAGANSETT AVE","2513",,,,,,,"3","NO INDICATION OF INJURY","0","0","0","0","0","4","0","15","4","2","41.9137110534","-87.785296542","POINT (-87.785296542008 41.913711053359)"
"860690ecdc6a58d7c1581b6acc2f6ca4732e77cbeb2dc6b1d73b36220612419e607febcfe006d510b7ef8aca594ae3f5fe769edf438bb453e628012ef232ed33",,"2026-02-25T15:53:00.000","30","NO CONTROLS","NO CONTROLS","CLEAR","DAYLIGHT","SIDESWIPE SAME DIRECTION","ONE-WAY",,"STRAIGHT AND LEVEL","DRY","NO DEFECTS","ON SCENE","NO INJURY / DRIVE AWAY",,,,"OVER $1,500","2026-02-25T15:54:00.000","NOT APPLICABLE","NOT APPLICABLE","453","W","MADISON ST","121",,,,,,,"2","NO INDICATION OF INJURY","0","0","0","0","0","2","0","15","4","2","41.8817738925","-87.6396392196","POINT (-87.639639219635 41.881773892528)"
"43699a019383a1bb4fcd5afac7e4b597881c120772e3cbed51c3858df7abad42fcf97780f4202690b78bcce165c965b1518059405ffc8b40599d76485f278e9a",,"2026-02-25T15:50:00.000","30","STOP SIGN/FLASHER","FUNCTIONING PROPERLY","CLEAR","DAYLIGHT","TURNING","FOUR WAY",,"STRAIGHT AND LEVEL","DRY","NO DEFECTS","ON SCENE","NO INJURY / DRIVE AWAY","Y",,,"OVER $1,500","2026-02-25T15:54:00.000","FAILING TO YIELD RIGHT-OF-WAY","FAILING TO YIELD RIGHT-OF-WAY","248","N","COLUMBUS DR","114",,,,,,,"2","NO INDICATION OF INJURY","0","0","0","0","0","2","0","15","4","2","41.886733709","-87.620844034","POINT (-87.620844033959 41.886733708957)"
"84e22161d554ab6f495d9652280552f9e7a170385e859e23a6b7b16d474845aec4dec428e9794c3a705ec9e0c16e3e159e3566b0ef92ec7ee42b4ba4aa93baef",,"2026-02-25T15:50:00.000","30","NO CONTROLS","NO CONTROLS","CLEAR","DAYLIGHT","PEDALCYCLIST","NOT DIVIDED",,"STRAIGHT AND LEVEL","DRY","NO DEFECTS","NOT ON SCENE (DESK REPORT)","INJURY AND / OR TOW DUE TO CRASH",,,,"$501 - $1,500","2026-03-09T16:00:00.000","IMPROPER LANE USAGE","UNABLE TO DETERMINE","49","W","DIVISION ST","1824",,,,,,,"2","REPORTED, NOT EVIDENT","1","0","0","0","1","1","0","15","4","2","41.9038074379","-87.6304935917","POINT (-87.630493591667 41.903807437898)"
"dcb00355cca89e9344d0309215c096c7b89607abc90393127b9bcd902bebb15b2339cc321cfd1b5ebc1cc480b12acb7e05f75d564156a2905f86a5f222be5800",,"2026-02-25T15:50:00.000","30","TRAFFIC SIGNAL","FUNCTIONING PROPERLY","CLEAR","DAYLIGHT","REAR END","DIVIDED - W/MEDIAN BARRIER",,"STRAIGHT AND LEVEL","DRY","UNKNOWN","NOT ON SCENE (DESK REPORT)","NO INJURY / DRIVE AWAY",,,,"$501 - $1,500","2026-02-25T16:25:00.000","DISTRACTION - FROM INSIDE VEHICLE","FAILING TO REDUCE SPEED TO AVOID CRASH","11900","S","HALSTED ST","524",,,,,,,"2","NO INDICATION OF INJURY","0","0","0","0","0","2","0","15","4","2","41.6777208292","-87.642051845","POINT (-87.642051844982 41.677720829248)"
"8fe6438ede995545e3aaee7cae01a212e89b1fb4c6fcb4c47e8b247304cdab3f20cb3f3cb5522fcfada43aad19f971c22844ae066c342bdd2061b456aa3ac831",,"2026-02-25T15:47:00.000","30","STOP SIGN/FLASHER","FUNCTIONING PROPERLY","CLEAR","DUSK","TURNING","NOT DIVIDED",,"STRAIGHT AND LEVEL","DRY","NO DEFECTS",,"NO INJURY / DRIVE AWAY",,,,"OVER $1,500","2026-02-25T15:50:00.000","FOLLOWING TOO CLOSELY","NOT APPLICABLE","3198","W","76TH ST","835",,,,"Y","UTILITY","N","2","NO INDICATION OF INJURY","0","0","0","0","0","2","0","15","4","2","41.7553828159","-87.7024930761","POINT (-87.70249307608 41.755382815875)"
"0c2dd6889b850f9d6d829eb9bb8a5d743df6f326a8c700f1f4df0cf81b41c1fbf990bad97728bb10f5a640e8b113caed2df53349deb1a62727cdfb4f8776a592",,"2026-02-25T15:45:00.000","30","NO CONTROLS","NO CONTROLS","CLEAR","DAYLIGHT","PARKED MOTOR VEHICLE","DIVIDED - W/MEDIAN (NOT RAISED)",,"STRAIGHT AND LEVEL","DRY","UNKNOWN","NOT ON SCENE (DESK REPORT)","NO INJURY / DRIVE AWAY",,,"Y","OVER $1,500","2026-02-25T17:15:00.000","UNABLE TO DETERMINE","NOT APPLICABLE","1735","N","MARSHFIELD AVE","1433",,,,,,,"2","NO INDICATION OF INJURY","0","0","0","0","0","1","0","15","4","2","41.9134884833","-87.6688446013","POINT (-87.66884460129 41.91348848327)"
"1ab6c72748444f4469587b8adf9c47d82f51ec55992c0be615120c8440d044bef970a51ff8f9bf4688b61c507400447f482fd194bf20b914744ff2d2b2dac1fb",,"2026-02-25T15:45:00.000","30","NO CONTROLS","NO CONTROLS","CLEAR","DAYLIGHT","REAR END","DIVIDED - W/MEDIAN (NOT RAISED)",,"STRAIGHT AND LEVEL","DRY","NO DEFECTS","NOT ON SCENE (DESK REPORT)","NO INJURY / DRIVE AWAY",,,"Y","$501 - $1,500","2026-02-27T15:30:00.000","UNABLE TO DETERMINE","UNABLE TO DETERMINE","4137","N","ELSTON AVE","1723",,,,,,,"2","NO INDICATION OF INJURY","0","0","0","0","0","2","0","15","4","2","41.9561262015","-87.7224828263","POINT (-87.722482826292 41.956126201479)"
"24736f5a39e0d474282e6f24abc077d02a593a17aadc493ab1bc2e75a5d753eb61d5f0cf84e4a8c7e3f1ae3f460fb8f4c9ead5f27888ee813fe53b2d780ab147",,"2026-02-25T15:45:00.000","30","TRAFFIC SIGNAL","UNKNOWN","CLEAR","DAYLIGHT","SIDESWIPE SAME DIRECTION","NOT DIVIDED",,"STRAIGHT AND LEVEL","DRY","NO DEFECTS","NOT ON SCENE (DESK REPORT)","NO INJURY / DRIVE AWAY",,,"Y","OVER $1,500","2026-02-25T16:10:00.000","IMPROPER OVERTAKING/PASSING","NOT APPLICABLE","2","W","ROOSEVELT RD","123",,,,,,,"2","NO INDICATION OF INJURY","0","0","0","0","0","3","0","15","4","2","41.8675219371","-87.627522975","POINT (-87.627522975034 41.867521937068)"
"5ae31039c3523505c84608ed546f34c61f1294f73ba5b60cb49f15362547a49e6d27b49b006f48ff7a83f881bd1fbacb961fedc323f0f418a498bfa15bb0ecd6",,"2026-02-25T15:45:00.000","30","NO CONTROLS","NO CONTROLS","CLEAR","DAYLIGHT","ANGLE","NOT DIVIDED",,"STRAIGHT AND LEVEL","DRY","NO DEFECTS","ON SCENE","INJURY AND / OR TOW DUE TO CRASH","Y",,,"OVER $1,500","2026-02-25T15:46:00.000","FAILING TO YIELD RIGHT-OF-WAY","NOT APPLICABLE","3926","W","47TH ST","821",,,,,,,"2","NO INDICATION OF INJURY","0","0","0","0","0","2","0","15","4","2","41.8079984053","-87.7222984194","POINT (-87.722298419393 41.807998405332)"
"afe683661b1561eca61bc92624f78351c5c0b8d4c8e0df9be79975de98551b6ab7058d0273b7dc1f7773bb84207d9a9cd7e6adde653efea68c0790617a374db5",,"2026-02-25T15:40:00.000","30","NO CONTROLS","NO CONTROLS","CLEAR","DAYLIGHT","REAR TO FRONT","ONE-WAY",,"STRAIGHT AND LEVEL","DRY","UNKNOWN","NOT ON SCENE (DESK REPORT)","NO INJURY / DRIVE AWAY",,,,"OVER $1,500","2026-02-25T16:30:00.000","IMPROPER BACKING","NOT APPLICABLE","7355","S","CHAPPEL AVE","333",,,,,,,"2","NO INDICATION OF INJURY","0","0","0","0","0","2","0","15","4","2","41.7609178288","-87.574796915","POINT (-87.574796914975 41.760917828836)"
"5840e1fd6563cdc6d5264d6dc39456e52c5e16441f15db0af71788f3ad9d4ce6679288451fdb7b8a98568b9b0c24d9cfa9fa0b728b318d02e6e12eefe44bcec2",,"2026-02-25T15:36:00.000","30","NO CONTROLS","NO CONTROLS","CLEAR","DAYLIGHT","SIDESWIPE SAME DIRECTION","NOT DIVIDED",,"STRAIGHT AND LEVEL","DRY","UNKNOWN","NOT ON SCENE (DESK REPORT)","NO INJURY / DRIVE AWAY",,,,"$500 OR LESS","2026-02-25T17:09:00.000","UNABLE TO DETERMINE","UNABLE TO DETERMINE","3634","W","87TH ST","834",,,,,,,"2","NO INDICATION OF INJURY","0","0","0","0","0","2","0","15","4","2","41.7351102261","-87.7134160047","POINT (-87.713416004669 41.73511022612)"
"27c2b1e7f68fcdaaedd8ff2460b8298fa545bbc382d0b9166c0c979d4284a2c79984c2fb1cf26662df71af6525649df4246f5e160689e2d502987d3f986a8c3c",,"2026-02-25T15:30:00.000","30","NO CONTROLS","NO CONTROLS","CLEAR","DAYLIGHT","SIDESWIPE SAME DIRECTION","DIVIDED - W/MEDIAN (NOT RAISED)",,"STRAIGHT AND LEVEL","DRY","NO DEFECTS","NOT ON SCENE (DESK REPORT)","NO INJURY / DRIVE AWAY",,,"Y","OVER $1,500","2026-02-25T20:00:00.000","UNABLE TO DETERMINE","UNABLE TO DETERMINE","2500","N","PULASKI RD","2524",,,,,,,"2","NO INDICATION OF INJURY","0","0","0","0","0","2","0","15","4","2","41.9264095753","-87.7269715847","POINT (-87.726971584675 41.926409575286)"
"46f4c011fd68aa2b3f3e896734e6155989263f7a2728e1d8edbec35f462c16941b39d4fd48e99040dacbd9f13e836345ebf84b576f29a06077a4c625f96037c6",,"2026-02-25T15:30:00.000","30","NO CONTROLS","NO CONTROLS","CLEAR","DAYLIGHT","PARKED MOTOR VEHICLE","NOT DIVIDED",,"STRAIGHT AND LEVEL","DRY","NO DEFECTS","ON SCENE","NO INJURY / DRIVE AWAY",,,,"$501 - $1,500","2026-02-25T16:02:00.000","IMPROPER LANE USAGE","DRIVING SKILLS/KNOWLEDGE/EXPERIENCE","1441","N","LARRABEE ST","1821",,,,,,,"2","NO INDICATION OF INJURY","0","0","0","0","0","1","0","15","4","2","41.9076540028","-87.6431870498","POINT (-87.643187049834 41.907654002805)"
"c7305e20e403e235c8b28df3c1f6fe665943abe5e02da28d3e76fae1bb30d18a7369d7e01220a0a561326e8f3001c2c89f7cb6f2b9f01fd3e75b298404aae65e",,"2026-02-25T15:30:00.000","30","NO CONTROLS","NO CONTROLS","UNKNOWN","DAYLIGHT","REAR END","DIVIDED - W/MEDIAN (NOT RAISED)",,"STRAIGHT AND LEVEL","UNKNOWN","UNKNOWN","NOT ON SCENE (DESK REPORT)","NO INJURY / DRIVE AWAY",,,,"OVER $1,500","2026-02-25T18:30:00.000","FOLLOWING TOO CLOSELY","FAILING TO REDUCE SPEED TO AVOID CRASH","4752","W","55TH ST","815",,,,,,,"2","NO INDICATION OF INJURY","0","0","0","0","0","2","0","15","4","2","41.7931306533","-87.7424487271","POINT (-87.742448727111 41.793130653311)"
"fdc16b4019575aabdfa025b1c418280d41e0b0fc24d5795b5baf80054085d5f476dbeb1aa3fbf71ca08eb4dc3732ba02ad2dbcda35c9e5c45f6220bcbfadb6d1",,"2026-02-25T15:30:00.000","30","TRAFFIC SIGNAL","NO CONTROLS","CLEAR","DAYLIGHT","PARKED MOTOR VEHICLE","NOT DIVIDED",,"STRAIGHT AND LEVEL","DRY","NO DEFECTS","ON SCENE","NO INJURY / DRIVE AWAY",,,"Y","$501 - $1,500","2026-02-25T15:31:00.000","UNABLE TO DETERMINE","NOT APPLICABLE","3958","W","CHICAGO AVE","1112",,,,,,,"2","NO INDICATION OF INJURY","0","0","0","0","0","1","0","15","4","2","41.8954780513","-87.7260216996","POINT (-87.726021699575 41.895478051302)"
"5a1c2023ffa4fc27ed5f02bfcfda69f6ef1b95dfffb6f6fe1f41681c3821f48b1604b68ea429a83e0880107831bffd4c8385270d586f46715e3af2b16d3da97d",,"2026-02-25T15:25:00.000","10","NO CONTROLS","NO CONTROLS","CLEAR","DAYLIGHT","PARKED MOTOR VEHICLE","PARKING LOT",,"STRAIGHT AND LEVEL","DRY","NO DEFECTS","ON SCENE","NO INJURY / DRIVE AWAY",,,"Y","$500 OR LESS","2026-02-25T15:25:00.000","UNABLE TO DETERMINE","NOT APPLICABLE","8300","S","STONY ISLAND AVE","412",,,,,,,"2","NO INDICATION OF INJURY","0","0","0","0","0","3","0","15","4","2","41.744151639","-87.585945067","POINT (-87.585945066953 41.744151639042)"
"d7625a422fffbd8288c3de4678b5d778048f5668886d37b307d0420ea5066706ea8a2445e6dae591e88614e704df6989c83067250b7e05b0524bfebce11023d0",,"2026-02-25T15:20:00.000","30","TRAFFIC SIGNAL","FUNCTIONING PROPERLY","CLEAR","DAYLIGHT","REAR END","FOUR WAY",,"STRAIGHT AND LEVEL","DRY","UNKNOWN","NOT ON SCENE (DESK REPORT)","NO INJURY / DRIVE AWAY",,,,"OVER $1,500","2026-02-25T16:20:00.000","FOLLOWING TOO CLOSELY","NOT APPLICABLE","4602","N","WESTERN AVE","1911","Y",,,,,,"2","NO INDICATION OF INJURY","0","0","0","0","0","2","0","15","4","2","41.9649733881","-87.688942348","POINT (-87.688942348006 41.964973388117)"
"eec9a419442ac47d6aa101d5bf0d9eef016a31ba6a5af6f46602dec723ebdc0f6357c2242ebbd25e8b04e328df63865b1f0873215012e289d7bc69c16de4e9a0",,"2026-02-25T15:18:00.000","30","NO CONTROLS","NO CONTROLS","CLEAR","DAYLIGHT","PARKED MOTOR VEHICLE","NOT DIVIDED",,"STRAIGHT AND LEVEL","DRY","NO DEFECTS","NOT ON SCENE (DESK REPORT)","NO INJURY / DRIVE AWAY",,,,"OVER $1,500","2026-03-06T16:30:00.000","FOLLOWING TOO CLOSELY","FAILING TO REDUCE SPEED TO AVOID CRASH","3419","S","BELL AVE","912",,,,,,,"2","NO INDICATION OF INJURY","0","0","0","0","0","1","0","15","4","2","41.8315419606","-87.6812732236","POINT (-87.68127322364 41.831541960618)"
"f1e36976fd2c18f5fe6d5e06b4087e6c1a10b1d851bcc0567b43a0f2a2b79051e7f946236c50844a4a425bb5525d2b9e527cafd6e7c1a6b5bb05795441b5ba38",,"2026-02-25T15:14:00.000","35","TRAFFIC SIGNAL","FUNCTIONING PROPERLY","CLEAR","DAYLIGHT","REAR END","NOT DIVIDED",,"STRAIGHT AND LEVEL","DRY","NO DEFECTS","NOT ON SCENE (DESK REPORT)","NO INJURY / DRIVE AWAY",,,,"$500 OR LESS","2026-02-25T16:16:00.000","UNABLE TO DETERMINE","NOT APPLICABLE","4025","W","PETERSON AVE","1711",,,,,,,"2","NO INDICATION OF INJURY","0","0","0","0","0","2","0","15","4","2","41.9900137339","-87.7296161987","POINT (-87.72961619868 41.990013733891)"
"22fb05d59161c26a69d2b75387be0c2ffe1c4949837296dd4a882509388f8248c3919025d86944ecb6dc4f06b10b3810c4f350f8b97e499bcda03a2d4f654a67",,"2026-02-25T15:10:00.000","30","TRAFFIC SIGNAL","FUNCTIONING PROPERLY","CLEAR","DAYLIGHT","REAR END","DIVIDED - W/MEDIAN (NOT RAISED)",,"STRAIGHT AND LEVEL","DRY","NO DEFECTS","NOT ON SCENE (DESK REPORT)","NO INJURY / DRIVE AWAY",,,"Y","OVER $1,500","2026-02-25T16:20:00.000","FAILING TO REDUCE SPEED TO AVOID CRASH","UNABLE TO DETERMINE","5215","N","KEDZIE AVE","1712",,,,,,,"2","NO INDICATION OF INJURY","0","0","0","0","0","3","0","15","4","2","41.9762027799","-87.7085432492","POINT (-87.708543249244 41.976202779901)"
"302c251f7aaa595987400060b334dd52ed9240400f3ce3835d93e5120dc70824b5998f572c6de739b5d85c2b636e98bada44a087bf0eefce85d35987ed285ff9",,"2026-02-25T15:10:00.000","30","NO CONTROLS","NO CONTROLS","CLEAR","DAYLIGHT","REAR END","NOT DIVIDED",,"STRAIGHT AND LEVEL","DRY","NO DEFECTS","ON SCENE","INJURY AND / OR TOW DUE TO CRASH",,,,"OVER $1,500","2026-02-25T15:10:00.000","FAILING TO REDUCE SPEED TO AVOID CRASH","NOT APPLICABLE","7025","N","CLARK ST","2423",,,,,,,"2","NO INDICATION OF INJURY","0","0","0","0","0","2","0","15","4","2","42.0097954697","-87.6739981462","POINT (-87.673998146189 42.009795469692)"
"c73161f0314e22673aa9fccddbd50b28b1d2960e111e1581086641fa495321997c83f4e3d07557e19a48eae6d67c95c69e4e704db24c7350bf4a303354faf909",,"2026-02-25T15:10:00.000","30","OTHER","OTHER","CLEAR","DAYLIGHT","SIDESWIPE SAME DIRECTION","DIVIDED - W/MEDIAN (NOT RAISED)",,"STRAIGHT AND LEVEL","DRY","OTHER","NOT ON SCENE (DESK REPORT)","NO INJURY / DRIVE AWAY",,,,"OVER $1,500","2026-02-26T05:30:00.000","FAILING TO YIELD RIGHT-OF-WAY","IMPROPER LANE USAGE","590","E","PERSHING RD","212",,,,"Y","CONSTRUCTION","Y","2","NO INDICATION OF INJURY","0","0","0","0","0","2","0","15","4","2","41.8239993934","-87.6127138775","POINT (-87.612713877534 41.823999393409)"
"feb51d7f83ff915ece36e7628a39d8f2d7eeb15177bfcea6cec8604186979dd8013db6b21c75db2b6643e3aec57375018454f21fe8292a6dbc62e6f67f0f0841",,"2026-02-25T15:05:00.000","15","NO CONTROLS","NO CONTROLS","CLEAR","DAYLIGHT","PARKED MOTOR VEHICLE","PARKING LOT",,"STRAIGHT AND LEVEL","DRY","NO DEFECTS","NOT ON SCENE (DESK REPORT)","NO INJURY / DRIVE AWAY",,"Y",,"$501 - $1,500","2026-02-26T13:00:00.000","UNABLE TO DETERMINE","UNABLE TO DETERMINE","1819","W","PERSHING RD","924",,,,,,,"2","NO INDICATION OF INJURY","0","0","0","0","0","1","0","15","4","2","41.8230522782","-87.6709186488","POINT (-87.670918648765 41.823052278167)"
"0bd0e58f8af516a0a79454004eaea2f83681034dc5ccd4d87bce0ee5adc04ef1d7a7b2080615adb633518e93d2f2b8e183edacfedee871d73dabc21c0c2cf820",,"2026-02-25T15:00:00.000","25","STOP SIGN/FLASHER","FUNCTIONING PROPERLY","CLEAR","DAYLIGHT","ANGLE","NOT DIVIDED",,"STRAIGHT AND LEVEL","DRY","NO DEFECTS","NOT ON SCENE (DESK REPORT)","NO INJURY / DRIVE AWAY",,,,"OVER $1,500","2026-02-25T16:45:00.000","FAILING TO YIELD RIGHT-OF-WAY","DRIVING SKILLS/KNOWLEDGE/EXPERIENCE","301","E","43RD ST","215",,,,,,,"2","NO INDICATION OF INJURY","0","0","0","0","0","2","0","15","4","2","41.8164782342","-87.6197161923","POINT (-87.619716192268 41.81647823419)"
"0c7b8fba56fe8b85284d32c01ca9b6610ad2445b0ac8426e1439a3fb8045526b9f37eacca4933b8a73586718f4e39290a80363f5037b84f213410addf7c925f3",,"2026-02-25T15:00:00.000","35","RR CROSSING SIGN","NO CONTROLS","CLEAR","DAYLIGHT","SIDESWIPE SAME DIRECTION","DIVIDED - W/MEDIAN (NOT RAISED)",,"STRAIGHT AND LEVEL","DRY","NO DEFECTS","ON SCENE","NO INJURY / DRIVE AWAY",,,,"OVER $1,500","2026-02-25T15:05:00.000","NOT APPLICABLE","NOT APPLICABLE","6400","N","CENTRAL AVE","1621",,,,,,,"2","NO INDICATION OF INJURY","0","0","0","0","0","5","0","15","4","2","41.9973887205","-87.7639215193","POINT (-87.76392151928 41.997388720503)"
"0f2876b5fa382ef4dcac7be9b48af87fa623c813d9cb0a19048843f5a495b5327b48f8d9a0bb71bf5da91b113b49d5722bd189e5dda518082a201db2a3222116",,"2026-02-25T15:00:00.000","30","UNKNOWN","OTHER","CLEAR","DAYLIGHT","ANGLE","DRIVEWAY",,"STRAIGHT AND LEVEL","DRY","UNKNOWN","ON SCENE","INJURY AND / OR TOW DUE TO CRASH",,,"Y","OVER $1,500","2026-02-25T15:03:00.000","UNABLE TO DETERMINE","UNABLE TO DETERMINE","1146","S","KEDZIE AVE","1134",,,,,,,"2","REPORTED, NOT EVIDENT","1","0","0","0","1","1","0","15","4","2","41.8667729236","-87.7058269804","POINT (-87.705826980397 41.866772923586)"
"4e1995e4162111f576b87c68ee6d18f7af02dbb17af948cbb41d90bbb757eaa0ac06575db6b332cac0e70efa4a6af3b27d0bd45401a6ede6741ec9ae8ffcea8b",,"2026-02-25T15:00:00.000","30","NO CONTROLS","NO CONTROLS","CLEAR","DAYLIGHT","PEDESTRIAN","ONE-WAY",,"STRAIGHT AND LEVEL","DRY","NO DEFECTS","NOT ON SCENE (DESK REPORT)","INJURY AND / OR TOW DUE TO CRASH","Y",,"Y","OVER $1,500","2026-02-25T16:35:00.000","FAILING TO YIELD RIGHT-OF-WAY","FAILING TO YIELD RIGHT-OF-WAY","2600","S","CHRISTIANA AVE","1032",,,,,,,"2","REPORTED, NOT EVIDENT","1","0","0","0","1","1","0","15","4","2","41.8443720035","-87.7088313784","POINT (-87.708831378391 41.844372003536)"
"99d4b358ffc1b09711d4750c8c637f360bd1fb41213da138676384348c4a1b56c91e8e8ffadb52c3d06cd634365a69953204aa285f13da04aa33291f7de755a7",,"2026-02-25T15:00:00.000","30","NO CONTROLS","NO CONTROLS","CLEAR","DAYLIGHT","REAR END","NOT DIVIDED",,"STRAIGHT AND LEVEL","DRY","NO DEFECTS","NOT ON SCENE (DESK REPORT)","NO INJURY / DRIVE AWAY",,,,"$501 - $1,500","2026-02-25T16:00:00.000","FOLLOWING TOO CLOSELY","NOT APPLICABLE","9451","S","WESTERN AVE","2221",,,,,,,"2","NO INDICATION OF INJURY","0","0","0","0","0","2","0","15","4","2","41.7212604811","-87.6819292189","POINT (-87.681929218919 41.721260481133)"
"ffdc96f71c2761fc6f66396778583f2959eccfc52e980a98d0a2e4339bc659b7c44811134312c5cceac82c88fdd38a78ec600c4131203502de63500966d4190a",,"2026-02-25T15:00:00.000","30","TRAFFIC SIGNAL","FUNCTIONING PROPERLY","CLEAR","DAYLIGHT","REAR END","DIVIDED - W/MEDIAN (NOT RAISED)",,"STRAIGHT AND LEVEL","DRY","NO DEFECTS","NOT ON SCENE (DESK REPORT)","NO INJURY / DRIVE AWAY",,,,"OVER $1,500","2026-02-25T15:30:00.000","UNABLE TO DETERMINE","UNABLE TO DETERMINE","5858","S","DAMEN AVE","715",,,,,,,"2","NO INDICATION OF INJURY","0","0","0","0","0","3","0","15","4","2","41.7866752228","-87.6742483466","POINT (-87.674248346559 41.786675222751)"
"ec76d5402000e2036ad9e729aa0f7373b903c4ac4c1c1328e10bf37e25c11e8057e7a2ff8df4766995349712c2e921dfad0853dfef99a4cf208d828393f7a7f4",,"2026-02-25T14:52:00.000","30","STOP SIGN/FLASHER","FUNCTIONING PROPERLY","CLEAR","DAYLIGHT","ANGLE","NOT DIVIDED",,"STRAIGHT AND LEVEL","DRY","NO DEFECTS","ON SCENE","NO INJURY / DRIVE AWAY",,,,"OVER $1,500","2026-02-25T14:57:00.000","UNABLE TO DETERMINE","NOT APPLICABLE","1964","W","MONTROSE AVE","1912",,,,,,,"2","NO INDICATION OF INJURY","0","0","0","0","0","2","0","14","4","2","41.9615729673","-87.6786236835","POINT (-87.678623683524 41.961572967326)"
"d53f54a1da3201db8eb27b446f536d36d5c61e4ff0695c61a047bdadec2ec984786b005caf3ec9073fc53e4c28b08a1c9f17a7f55ff419e419e5d51414cee20a",,"2026-02-25T14:51:00.000","30","NO CONTROLS","NO CONTROLS","CLEAR","DAYLIGHT","PARKED MOTOR VEHICLE","NOT DIVIDED",,"STRAIGHT AND LEVEL","DRY","NO DEFECTS","NOT ON SCENE (DESK REPORT)","NO INJURY / DRIVE AWAY",,,,"$501 - $1,500","2026-02-25T16:00:00.000","FAILING TO REDUCE SPEED TO AVOID CRASH","IMPROPER LANE USAGE","3515","W","CHICAGO AVE","1121",,,,,,,"2","NO INDICATION OF INJURY","0","0","0","0","0","2","0","14","4","2","41.8953682375","-87.7144449687","POINT (-87.714444968734 41.895368237473)"
"7e39a6641772145008d134f006d779bb8852887a06b4015a1f9f03611bfafe4f47ec6c5d77be674a6d9c624a265d4f987a44995a3c5984bd23f206a610e618c2",,"2026-02-25T14:50:00.000","30","NO CONTROLS","NO CONTROLS","CLEAR","DAYLIGHT","TURNING","DIVIDED - W/MEDIAN (NOT RAISED)",,"STRAIGHT AND LEVEL","DRY","UNKNOWN","ON SCENE","NO INJURY / DRIVE AWAY",,,,"OVER $1,500","2026-02-25T15:04:00.000","UNABLE TO DETERMINE","UNABLE TO DETERMINE","2420","N","CENTRAL AVE","2515",,,,,,,"2","NO INDICATION OF INJURY","0","0","0","0","0","4","0","14","4","2","41.9246352599","-87.7661615287","POINT (-87.766161528713 41.92463525989)"
"d58e39d650382f4e6b23f76444fa61c97e7cac89217b9003dd6e12e2f9afc2e05d84575e8c3a1a17d8047045e1ceaf90adeed32e4c3a653a86a456eb67fdbe02",,"2026-02-25T14:50:00.000","35","STOP SIGN/FLASHER","NO CONTROLS","CLEAR","DAYLIGHT","REAR END","NOT DIVIDED",,"STRAIGHT AND LEVEL","DRY","UNKNOWN","ON SCENE","NO INJURY / DRIVE AWAY",,,"Y","$500 OR LESS","2026-02-25T14:52:00.000","FOLLOWING TOO CLOSELY","FAILING TO REDUCE SPEED TO AVOID CRASH","5006","N","CENTRAL AVE","1622","Y",,,,,,"2","NO INDICATION OF INJURY","0","0","0","0","0","3","0","14","4","2","41.9719151187","-87.7686966943","POINT (-87.768696694278 41.971915118671)"