"crash_record_id","crash_date_est_i","crash_date","posted_speed_limit","traffic_control_device","device_condition","weather_condition","lighting_condition","first_crash_type","trafficway_type","lane_cnt","alignment","roadway_surface_cond","road_defect","report_type","crash_type","intersection_related_i","private_property_i","hit_and_run_i","damage","date_police_notified","prim_contributory_cause","sec_contributory_cause","street_no","street_direction","street_name","beat_of_occurrence","photos_taken_i","statements_taken_i","dooring_i","work_zone_i","work_zone_type","workers_present_i","num_units","most_severe_injury","injuries_total","injuries_fatal","injuries_incapacitating","injuries_non_incapacitating","injuries_reported_not_evident","injuries_no_indication","injuries_unknown","crash_hour","crash_day_of_week","crash_month","latitude","longitude","location"
"eea4a67e914ca7829d30f140f11887375b9c86ddf69d71a09975092722fe27863f943569d5cdf2cdbb07219230cfb8e34a8cda570f003026ab8b2981ed96ddf4",,"2026-02-25T14:50:00.000","20","NO CONTROLS","NO CONTROLS","CLEAR","DAYLIGHT","REAR END","ALLEY",,"STRAIGHT AND LEVEL","DRY","NO DEFECTS","ON SCENE","INJURY AND / OR TOW DUE TO CRASH",,,"Y","$501 - $1,500","2026-02-26T09:43:00.000","FAILING TO YIELD RIGHT-OF-WAY","NOT APPLICABLE","3243","W","27TH ST","1032",,,,,,,"2","NO INDICATION OF INJURY","0","0","0","0","0","2","0","14","4","2","41.8425609486","-87.706683262","POINT (-87.706683262017 41.842560948596)"
"3f5bf1aecc2313441add0ac5e8dd96d25a8a925deb0fbcdaa3e9317ec57f5573f0635e7fd788005d1e0a16444597bf30b1c09c5fcde1ccaac3cf40c3cd810e75",,"2026-02-25T14:46:00.000","30","TRAFFIC SIGNAL","FUNCTIONING PROPERLY","CLEAR","DAYLIGHT","SIDESWIPE SAME DIRECTION","Y-INTERSECTION",,"STRAIGHT AND LEVEL","DRY","UNKNOWN","ON SCENE","NO INJURY / DRIVE AWAY",,,,"OVER $1,500","2026-02-25T16:47:00.000","UNABLE TO DETERMINE","NOT APPLICABLE","5499","S","LARAMIE AVE","814",,,,,,,"2","NO INDICATION OF INJURY","0","0","0","0","0","2","0","14","4","2","41.7929798187","-87.7523628298","POINT (-87.752362829822 41.792979818748)"
"164a4b3662b5b3a52a59fd937e5e520ec3461911be820053042d8c2dfed2136addd41710a88c7803fca99a6453991d10eb59017f17d4f9000c88ba7278d3b44e",,"2026-02-25T14:40:00.000","30","TRAFFIC SIGNAL","FUNCTIONING PROPERLY","CLEAR","DAYLIGHT","REAR END","NOT DIVIDED",,"STRAIGHT AND LEVEL","DRY","UNKNOWN","NOT ON SCENE (DESK REPORT)","NO INJURY / DRIVE AWAY",,,,"OVER $1,500","2026-02-25T15:05:00.000","UNABLE TO DETERMINE","NOT APPLICABLE","2400","W","FULLERTON AVE","1431",,,,,,,"2","NO INDICATION OF INJURY","0","0","0","0","0","2","0","14","4","2","41.9250099348","-87.6877047522","POINT (-87.687704752222 41.925009934765)"
"f4d2aac495aa418528b1578c452e91dae53860e0da559e65e1130bde082c2c5aaae504b10cc1d6a26160f8df6e04c11b2517e084c55af9ea18133ee474e0bbc3",,"2026-02-25T14:32:00.000","30","TRAFFIC SIGNAL","FUNCTIONING PROPERLY","CLEAR","DAYLIGHT","SIDESWIPE SAME DIRECTION","NOT DIVIDED",,"STRAIGHT AND LEVEL","DRY","NO DEFECTS",,"NO INJURY / DRIVE AWAY",,,,"OVER $1,500","2026-02-25T16:30:00.000","UNABLE TO DETERMINE","NOT APPLICABLE","434","S","WABASH AVE","113",,,,,,,"2","NO INDICATION OF INJURY","0","0","0","0","0","2","0","14","4","2","41.8761203117","-87.6261837201","POINT (-87.626183720087 41.876120311661)"
"776c89b1a4ecde2582b1afdf6baffcfc83c95997ac826c509e73bebf012396311e1cf1b4880367eee48371b6a7477cc9b4cfadc5c2a28ab9a6d45ff69f869066",,"2026-02-25T14:30:00.000","30","NO CONTROLS","NO CONTROLS","CLEAR","DAYLIGHT","SIDESWIPE SAME DIRECTION","NOT DIVIDED",,"STRAIGHT AND LEVEL","DRY","NO DEFECTS","NOT ON SCENE (DESK REPORT)","NO INJURY / DRIVE AWAY",,,,"OVER $1,500","2026-02-25T17:20:00.000","DRIVING SKILLS/KNOWLEDGE/EXPERIENCE","NOT APPLICABLE","2340","E","71ST ST","331",,,,,,,"2","NO INDICATION OF INJURY","0","0","0","0","0","2","0","14","4","2","41.7664282425","-87.5680696926","POINT (-87.568069692558 41.766428242501)"
"3e587d01dbfa3414e6df0ad31d5ddde5242b948e61cba80c62375e6267ff6bdcb5cab876636db899440d69f492998deb8851f7922723bb4e7c3eabcd1cb548eb",,"2026-02-25T14:20:00.000","30","TRAFFIC SIGNAL","FUNCTIONING PROPERLY","CLEAR","DAYLIGHT","SIDESWIPE SAME DIRECTION","NOT DIVIDED",,"STRAIGHT AND LEVEL","DRY","NO DEFECTS","ON SCENE","NO INJURY / DRIVE AWAY","Y",,,"OVER $1,500","2026-02-25T15:10:00.000","IMPROPER OVERTAKING/PASSING","UNABLE TO DETERMINE","3160","S","ASHLAND AVE","912",,,,,,,"2","NO INDICATION OF INJURY","0","0","0","0","0","2","0","14","4","2","41.8360978139","-87.6658508115","POINT (-87.665850811458 41.836097813898)"
"857024edc052de089a4b9c803b5858c1317551a261b0065aa2aeb27a3dbf8938e8fabc92a77d85ebf7ad30d534ebe0380e8337ba985351c7d17e8c1c30166a29",,"2026-02-25T14:15:00.000","30","NO CONTROLS","NO CONTROLS","UNKNOWN","DAYLIGHT","REAR TO FRONT","ONE-WAY",,"STRAIGHT AND LEVEL","UNKNOWN","UNKNOWN","NOT ON SCENE (DESK REPORT)","NO INJURY / DRIVE AWAY",,,"Y","OVER $1,500","2026-02-25T20:30:00.000","IMPROPER BACKING","UNABLE TO DETERMINE","259","E","ERIE ST","1834",,,,,,,"3","NO INDICATION OF INJURY","0","0","0","0","0","3","0","14","4","2","41.8940853807","-87.62040431","POINT (-87.620404310022 41.894085380663)"
"cc3eee6a20e5e0c2bfdb62d67587f8dd58df95d794fc373f049a4c967cd836591928fe4e95efb0823f241379288f4cfc78e0b8d03296cd95d12feee00dcd95d9",,"2026-02-25T14:10:00.000","30","NO CONTROLS","NO CONTROLS","CLEAR","DAYLIGHT","SIDESWIPE SAME DIRECTION","DIVIDED - W/MEDIAN BARRIER",,"STRAIGHT AND LEVEL","DRY","NO DEFECTS","NOT ON SCENE (DESK REPORT)","NO INJURY / DRIVE AWAY",,,,"OVER $1,500","2026-02-25T14:55:00.000","UNABLE TO DETERMINE","UNABLE TO DETERMINE","4130","S","WESTERN AVE","921",,,,,,,"2","NO INDICATION OF INJURY","0","0","0","0","0","2","0","14","4","2","41.8183699062","-87.6848419261","POINT (-87.684841926062 41.818369906166)"
"4a177994f465d8757ef2950be8c7f6589102a801fe0b9dd4f5bdf0f9fb466fe87421e1abffe4115994fbf334c48ed1f5f37adf6b9a3b2f9b0951966da91f42b1",,"2026-02-25T14:09:00.000","30","NO CONTROLS","NO CONTROLS","CLEAR","DAYLIGHT","ANGLE","NOT DIVIDED",,"STRAIGHT AND LEVEL","DRY","NO DEFECTS","NOT ON SCENE (DESK REPORT)","NO INJURY / DRIVE AWAY","Y",,,"$501 - $1,500","2026-02-26T09:39:00.000","FAILING TO YIELD RIGHT-OF-WAY","FAILING TO YIELD RIGHT-OF-WAY","4152","W","47TH ST","815",,,,,,,"2","NO INDICATION OF INJURY","0","0","0","0","0","2","0","14","4","2","41.8079244973","-87.7281639488","POINT (-87.728163948774 41.8079244973)"
"c379d4dcc85c64bf76f140412bbe30dd7654079630c03849530811001cec4b0f9f8170cf58dc778d047ba094234e2307299da8724561f97c7174794f983188e4",,"2026-02-25T14:06:00.000","30","NO CONTROLS","NO CONTROLS","CLEAR","DAYLIGHT","SIDESWIPE SAME DIRECTION","NOT DIVIDED",,"STRAIGHT AND LEVEL","DRY","UNKNOWN","ON SCENE","NO INJURY / DRIVE AWAY",,,,"OVER $1,500","2026-02-25T14:53:00.000","UNABLE TO DETERMINE","UNABLE TO DETERMINE","7176","N","LEHIGH AVE","1621",,,,,,,"2","NO INDICATION OF INJURY","0","0","0","0","0","2","0","14","4","2","42.0118307214","-87.7734452077","POINT (-87.77344520767 42.011830721423)"
"03a24826f48cb31866c050eb8f7f1a2b86aa9416a612a8f372eb715234ea498e01e9cd65b52ddaada778e27d2753454e6922264f84878766761b02410491d0c6",,"2026-02-25T14:00:00.000","30","NO CONTROLS","NO CONTROLS","CLEAR","DAYLIGHT","SIDESWIPE SAME DIRECTION","NOT DIVIDED",,"STRAIGHT AND LEVEL","DRY","NO DEFECTS","ON SCENE","NO INJURY / DRIVE AWAY",,,,"$501 - $1,500","2026-02-25T14:11:00.000","FAILING TO YIELD RIGHT-OF-WAY","UNABLE TO DETERMINE","2130","S","LOOMIS ST","1235",,,,,,,"3","NO INDICATION OF INJURY","0","0","0","0","0","2","0","14","4","2","41.853336825","-87.6613388858","POINT (-87.661338885824 41.853336824961)"
"63c2a55f978caa15fa640587c3b3ddf69624b157d9c67b5ea7f83e0787bc24fb02a27b4a7c221a51ce1bc5b23f95286632bee02ce4d394e11330e7ebc36da5de",,"2026-02-25T14:00:00.000","15","NO CONTROLS","NO CONTROLS","CLEAR","DAYLIGHT","PARKED MOTOR VEHICLE","ONE-WAY",,"STRAIGHT AND LEVEL","DRY","UNKNOWN","NOT ON SCENE (DESK REPORT)","NO INJURY / DRIVE AWAY",,,,"OVER $1,500","2026-02-25T14:15:00.000","UNABLE TO DETERMINE","NOT APPLICABLE","3620","N","OAKLEY AVE","1921",,,,,,,"2","NO INDICATION OF INJURY","0","0","0","0","0","1","0","14","4","2","41.9474220814","-87.685996922","POINT (-87.68599692199 41.947422081423)"
"3d070d4a410eee5a855a819016088e31a03491007e9105feefc3f98fb6511dd6a7da246cde2af39a71c6f408863282fcf57a665612e2d9ed1bc6524986b10406",,"2026-02-25T13:45:00.000","30","NO CONTROLS","NO CONTROLS","CLEAR","DAYLIGHT","SIDESWIPE SAME DIRECTION","NOT DIVIDED",,"STRAIGHT AND LEVEL","DRY","UNKNOWN","NOT ON SCENE (DESK REPORT)","NO INJURY / DRIVE AWAY",,,,"OVER $1,500","2026-02-25T14:45:00.000","UNABLE TO DETERMINE","NOT APPLICABLE","5035","W","BELMONT AVE","2521",,,,,,,"3","NO INDICATION OF INJURY","0","0","0","0","0","2","0","13","4","2","41.9386369028","-87.7532042091","POINT (-87.753204209072 41.938636902826)"
"7efc3503477fbe15bcc8cbb5a2fe2e38fb4cde1dcce97fbc7097890c5eea80d2e79c12b23bdd4bd141b4315ead201682fb2994e2f77beabbe7e9ea71cb92628c",,"2026-02-25T13:45:00.000","30","TRAFFIC SIGNAL","UNKNOWN","CLEAR","DAYLIGHT","REAR END","FOUR WAY",,"STRAIGHT AND LEVEL","UNKNOWN","UNKNOWN","NOT ON SCENE (DESK REPORT)","NO INJURY / DRIVE AWAY",,,,"$500 OR LESS","2026-02-25T14:15:00.000","FOLLOWING TOO CLOSELY","FOLLOWING TOO CLOSELY","1000","N","PULASKI RD","1111",,,,,,,"2","NO INDICATION OF INJURY","0","0","0","0","0","2","0","13","4","2","41.8991094792","-87.7263425919","POINT (-87.726342591907 41.899109479205)"
"8dc53661ba3b79c16d6c22446af357f9d1374406f83403b682ce0c824f8044aba079da06a30ae19c48f041adfc1b68600a2fb7e140ddb83ddce4d83c1e4d65ca",,"2026-02-25T13:45:00.000","30","TRAFFIC SIGNAL","FUNCTIONING PROPERLY","CLEAR","DAYLIGHT","TURNING","DIVIDED - W/MEDIAN (NOT RAISED)",,"STRAIGHT AND LEVEL","DRY","NO DEFECTS","ON SCENE","INJURY AND / OR TOW DUE TO CRASH",,,,"OVER $1,500","2026-02-25T13:58:00.000","NOT APPLICABLE","NOT APPLICABLE","3000","W","FULLERTON AVE","1414",,,,,,,"2","NONINCAPACITATING INJURY","3","0","0","3","0","1","0","13","4","2","41.9248712432","-87.7024366591","POINT (-87.702436659073 41.924871243181)"
"ec1173d27a1956acde6e221af61f3d773e503083a1853a297582b1327370fc8973d6d3abd1ca040ab6777975c1c0158e710d1fa06a096c3011ab43b7f4b36acb",,"2026-02-25T13:45:00.000","30","NO CONTROLS","NO CONTROLS","CLEAR","DAYLIGHT","FIXED OBJECT","NOT DIVIDED",,"STRAIGHT AND LEVEL","DRY","NO DEFECTS","ON SCENE","NO INJURY / DRIVE AWAY",,,,"OVER $1,500","2026-02-25T13:50:00.000","UNABLE TO DETERMINE","UNABLE TO DETERMINE","6665","N","NORTHWEST HWY","1611",,"Y",,,,,"1","NO INDICATION OF INJURY","0","0","0","0","0","1","0","13","4","2","42.0021621104","-87.8149527252","POINT (-87.814952725227 42.002162110363)"
"2149d2eb79c6a06f34091ab8890e76c4c1ac77b25c649f670a27988542060df3d0dfac40752f726bb7bdb1e3be4737c556a7ee36d6808732da0db7c820119e07",,"2026-02-25T13:43:00.000","20","TRAFFIC SIGNAL","FUNCTIONING PROPERLY","CLEAR","DAYLIGHT","REAR END","ONE-WAY",,"STRAIGHT AND LEVEL","DRY","NO DEFECTS","NOT ON SCENE (DESK REPORT)","NO INJURY / DRIVE AWAY",,,,"OVER $1,500","2026-02-25T17:25:00.000","FAILING TO REDUCE SPEED TO AVOID CRASH","UNABLE TO DETERMINE","625","W","ADAMS ST","121",,,,,,,"2","NO INDICATION OF INJURY","0","0","0","0","0","2","0","13","4","2","41.8791525971","-87.6437027422","POINT (-87.643702742233 41.879152597061)"
"028d546a2a2128d2692775e8703c0374d04a920b5b0c438fe826e887bc40613b9fc9356d9948bcee4aec19be836414a1ea353bca77ff9929c46a7c017e07db1c",,"2026-02-25T13:40:00.000","30","UNKNOWN","UNKNOWN","UNKNOWN","UNKNOWN","HEAD ON","UNKNOWN",,"STRAIGHT AND LEVEL","UNKNOWN","UNKNOWN","NOT ON SCENE (DESK REPORT)","NO INJURY / DRIVE AWAY","Y",,,"$500 OR LESS","2026-02-25T14:58:00.000","UNABLE TO DETERMINE","UNABLE TO DETERMINE","6012","N","ALBANY AVE","2413",,,,,,,"2","NO INDICATION OF INJURY","0","0","0","0","0","2","0","13","4","2","41.9908397111","-87.7068428444","POINT (-87.706842844359 41.990839711089)"
"0b2486aa471d0842204e364050fa12b16a1e7d3431790c6519b57843dc5403c7a25d7b8b14c56e6c3a902f377a0e691289e2a1cd31d656fb855553649ce5f015",,"2026-02-25T13:35:00.000","30","TRAFFIC SIGNAL","FUNCTIONING PROPERLY","CLEAR","DAYLIGHT","PEDESTRIAN","FOUR WAY",,"STRAIGHT AND LEVEL","DRY","NO DEFECTS","ON SCENE","INJURY AND / OR TOW DUE TO CRASH","Y",,"Y","OVER $1,500","2026-02-25T13:37:00.000","FAILING TO YIELD RIGHT-OF-WAY","NOT APPLICABLE","100","E","43RD ST","213",,,,,,,"2","NONINCAPACITATING INJURY","1","0","0","1","0","1","0","13","4","2","41.8166504125","-87.6229531317","POINT (-87.622953131657 41.816650412458)"
"3a0cf4e5b4e6339d1bec6d1c056288c4b779d2fbaa1f0506d414198b6f00dd533ee2cb35e7deae7eaed6bfaf33d80159d2f5dcb22e43a46afed09ed6f11f68a2",,"2026-02-25T13:30:00.000","30","NO CONTROLS","NO CONTROLS","CLEAR","DAYLIGHT","ANGLE","NOT DIVIDED",,"STRAIGHT AND LEVEL","DRY","NO DEFECTS","NOT ON SCENE (DESK REPORT)","INJURY AND / OR TOW DUE TO CRASH",,,,"OVER $1,500","2026-02-27T08:47:00.000","FAILING TO YIELD RIGHT-OF-WAY","UNABLE TO DETERMINE","7100","S","WABASH AVE","323",,,,,,,"2","NO INDICATION OF INJURY","0","0","0","0","0","2","0","13","4","2","41.7654513957","-87.6234412543","POINT (-87.623441254312 41.765451395655)"
"3d7d0ab33e66908801d38f507f36569432f45d4ace20193b1b1796b2cd78f7aa2d125d43b5710a807d34ccfa9fedf9ce8f00790982626ff40ac868e8d09258d7",,"2026-02-25T13:30:00.000","5","NO CONTROLS","NO CONTROLS","CLEAR","DAYLIGHT","FIXED OBJECT","PARKING LOT",,"STRAIGHT AND LEVEL","DRY","NO DEFECTS","ON SCENE","NO INJURY / DRIVE AWAY",,,,"OVER $1,500","2026-02-25T13:35:00.000","NOT APPLICABLE","NOT APPLICABLE","8847","S","COMMERCIAL AVE","424",,,,,,,"1","NO INDICATION OF INJURY","0","0","0","0","0","1","0","13","4","2","41.7341643087","-87.5512106163","POINT (-87.551210616349 41.734164308735)"
"5d7dac43457f61d9d12865445a0029c93371245aa5f3c1cdc8d8332748f1d453dfd69adbcef2703516ea74f830c658704a3d085d0b0d17e11d94a32fd5d8f875",,"2026-02-25T13:25:00.000","30","STOP SIGN/FLASHER","NO CONTROLS","CLEAR","DAYLIGHT","PARKED MOTOR VEHICLE","PARKING LOT",,"STRAIGHT AND LEVEL","DRY","NO DEFECTS","NOT ON SCENE (DESK REPORT)","NO INJURY / DRIVE AWAY",,,,"OVER $1,500","2026-02-25T18:45:00.000","DRIVING SKILLS/KNOWLEDGE/EXPERIENCE","NOT APPLICABLE","4733","W","76TH ST","833",,,,,,,"2","NO INDICATION OF INJURY","0","0","0","0","0","1","0","13","4","2","41.7542373256","-87.7405178608","POINT (-87.740517860834 41.754237325612)"
"fa6bb9ed7e3e859cb915aaf5fac641bc5a3adfbbe8aa0c21bcc276116814db5423d460d4aa129f20a2567974c1897bb1ce55ede059ac76aa64b167b1853f9710",,"2026-02-25T13:15:00.000","30","NO CONTROLS","NO CONTROLS","CLEAR","DAYLIGHT","PARKED MOTOR VEHICLE","NOT DIVIDED",,"STRAIGHT AND LEVEL","DRY","NO DEFECTS","NOT ON SCENE (DESK REPORT)","NO INJURY / DRIVE AWAY",,,,"OVER $1,500","2026-02-25T14:45:00.000","UNABLE TO DETERMINE","UNABLE TO DETERMINE","1615","S","KOSTNER AVE","1012",,,,,,,"2","NO INDICATION OF INJURY","0","0","0","0","0","1","0","13","4","2","41.8582041656","-87.7345728335","POINT (-87.734572833506 41.858204165631)"
"e62fd7138530dea30fa9baedad5ade5e7509fb8bce95c6a4943078757d1768ae629aeef5a3bb102518091e9ca4993c8416d9f4efa6af5c29780469fe8ac07dc9",,"2026-02-25T13:13:00.000","30","TRAFFIC SIGNAL","FUNCTIONING PROPERLY","CLEAR","DAYLIGHT","TURNING","FOUR WAY",,"STRAIGHT AND LEVEL","DRY","NO DEFECTS","NOT ON SCENE (DESK REPORT)","NO INJURY / DRIVE AWAY","Y",,,"$500 OR LESS","2026-02-25T13:40:00.000","UNABLE TO DETERMINE","UNABLE TO DETERMINE","301","E","JACKSON DR","114",,,,,,,"2","NO INDICATION OF INJURY","0","0","0","0","0","3","0","13","4","2","41.8782245681","-87.6205117175","POINT (-87.620511717519 41.878224568112)"
"3c8e67d20a84ee412c538e0b83e09d5f841a291caa404bf850117df0f3eb85114b2287e5e6e67d167d59d53297f1fa8fce7fc107a7480faf0c17cafc875e66d6",,"2026-02-25T13:10:00.000","20","NO CONTROLS","NO CONTROLS","CLEAR","DAYLIGHT","PARKED MOTOR VEHICLE","ONE-WAY",,"STRAIGHT AND LEVEL","DRY","UNKNOWN","NOT ON SCENE (DESK REPORT)","NO INJURY / DRIVE AWAY",,,,"OVER $1,500","2026-02-26T08:15:00.000","UNABLE TO DETERMINE","UNABLE TO DETERMINE","4376","W","17TH ST","1012",,,,,,,"2","NO INDICATION OF INJURY","0","0","0","0","0","1","0","13","4","2","41.8579227922","-87.7345886777","POINT (-87.734588677678 41.857922792238)"
"801470cfcd9e5eab94fd48518a237ab397de4cfa7f12b4556b40097736853b6b7d1596c2447bbb44c23b082acc7ff53ee1bede7360c3f859a02c5e1d5c4c2c5f",,"2026-02-25T13:10:00.000","30","NO CONTROLS","NO CONTROLS","CLEAR","DAYLIGHT","REAR END","DIVIDED - W/MEDIAN (NOT RAISED)",,"STRAIGHT AND LEVEL","DRY","NO DEFECTS","NOT ON SCENE (DESK REPORT)","NO INJURY / DRIVE AWAY",,,,"OVER $1,500","2026-02-25T14:15:00.000","FAILING TO REDUCE SPEED TO AVOID CRASH","FOLLOWING TOO CLOSELY","5440","W","BELMONT AVE","1633",,,,,,,"2","NO INDICATION OF INJURY","0","0","0","0","0","2","0","13","4","2","41.9387277672","-87.7632797997","POINT (-87.763279799712 41.938727767243)"
"215c745b7170ef371f7872fd7e527378d64d52bdcc4c3e9fef50ed44055714ed797174656ec35877ba5f9658816c0e81f99366a7e4bb810a7e0b97a6cbe4760b",,"2026-02-25T13:09:00.000","30","STOP SIGN/FLASHER","FUNCTIONING PROPERLY","CLEAR","DAYLIGHT","TURNING","FOUR WAY",,"STRAIGHT AND LEVEL","DRY","UNKNOWN","ON SCENE","NO INJURY / DRIVE AWAY","Y",,,"$501 - $1,500","2026-02-25T13:19:00.000","FAILING TO YIELD RIGHT-OF-WAY","NOT APPLICABLE","1228","W","CERMAK RD","1235",,,,,,,"2","NO INDICATION OF INJURY","0","0","0","0","0","2","0","13","4","2","41.8525856357","-87.6574318236","POINT (-87.657431823582 41.852585635674)"
"6d090793ca24090a678dc123493ab1dfaea3823fdd8fcf97551a3e5bc53740c3805e830c9998ee67604b688a3be4204df9c6fe57b8548294c282eadeffb2c7d9","Y","2026-02-25T13:03:00.000","30","TRAFFIC SIGNAL","FUNCTIONING PROPERLY","CLEAR","DAYLIGHT","REAR END","NOT DIVIDED",,"STRAIGHT AND LEVEL","DRY","NO DEFECTS","ON SCENE","INJURY AND / OR TOW DUE TO CRASH","N",,"Y","$501 - $1,500","2026-02-25T13:06:00.000","UNABLE TO DETERMINE","UNABLE TO DETERMINE","1600","S","KEDZIE AVE","1022",,,,,,,"2","NONINCAPACITATING INJURY","1","0","0","1","0","1","0","13","4","2","41.8590298265","-87.7056009953","POINT (-87.705600995256 41.859029826536)"
"0f1bbefaa9b8392450854f43287a6e778aa446613ba6e26333df8c4988cf3c39274e4536fc6fd061d1d00a0e6e515ddfeac08b640deb57d04da81ceab146871e","Y","2026-02-25T13:00:00.000","30","NO CONTROLS","NO CONTROLS","CLEAR","DAYLIGHT","PARKED MOTOR VEHICLE","NOT DIVIDED",,"STRAIGHT AND LEVEL","DRY","NO DEFECTS","NOT ON SCENE (DESK REPORT)","NO INJURY / DRIVE AWAY",,,,"OVER $1,500","2026-02-26T15:10:00.000","UNABLE TO DETERMINE","UNABLE TO DETERMINE","1604","W","FARRAGUT AVE","2012",,,,,,,"2","NO INDICATION OF INJURY","0","0","0","0","0","1","0","13","4","2","41.977190404","-87.6699171087","POINT (-87.669917108728 41.977190403992)"
"19221faa430cc6b0f9c2c8cf5077e1531da823ac5e4dd2408eacd16eeb7fbad9f63917f3cda1ba14a28c0f905088cbca4efa60e0e4c170260cc104c5b3086322",,"2026-02-25T13:00:00.000","30","UNKNOWN","UNKNOWN","CLOUDY/OVERCAST","UNKNOWN","TURNING","UNKNOWN",,"STRAIGHT AND LEVEL","UNKNOWN","UNKNOWN","NOT ON SCENE (DESK REPORT)","NO INJURY / DRIVE AWAY",,,"Y","OVER $1,500","2026-02-25T16:45:00.000","UNABLE TO DETERMINE","NOT APPLICABLE","5200","W","MONTROSE AVE","1623",,,,,,,"2","NO INDICATION OF INJURY","0","0","0","0","0","2","0","13","4","2","41.9607082864","-87.7575121126","POINT (-87.757512112614 41.96070828638)"
"ae5f492498f81110f9775f0c91e58cccb8861fdd5a6cff7eb88bf22be8c866cf20b14365edf57fa21d12b381de087e02153f2158df1f39fcbcccb6be0ebf95af",,"2026-02-25T13:00:00.000","10","NO CONTROLS","NO CONTROLS","CLEAR","DAYLIGHT","PARKED MOTOR VEHICLE","PARKING LOT",,"STRAIGHT AND LEVEL","DRY","NO DEFECTS","NOT ON SCENE (DESK REPORT)","NO INJURY / DRIVE AWAY",,,,"OVER $1,500","2026-02-26T13:10:00.000","UNABLE TO DETERMINE","UNABLE TO DETERMINE","3204","N","CLARK ST","1924",,,,,,,"2","NO INDICATION OF INJURY","0","0","0","0","0","1","0","13","4","2","41.9400872776","-87.6509609305","POINT (-87.650960930524 41.940087277558)"
"c503996843e738285462327d1a83407d4581ff8748f412eab9763ff6b7bfe4cce169022694e32c2ffefc856aa78e1da23c1cf05f536e2e3a2834f4c7495dcdfd",,"2026-02-25T13:00:00.000","30","NO CONTROLS","UNKNOWN","UNKNOWN","UNKNOWN","PEDESTRIAN","NOT DIVIDED",,"STRAIGHT AND LEVEL","UNKNOWN","UNKNOWN","NOT ON SCENE (DESK REPORT)","INJURY AND / OR TOW DUE TO CRASH",,,"Y","OVER $1,500","2026-02-27T10:50:00.000","UNABLE TO DETERMINE","UNABLE TO DETERMINE","5608","S","DREXEL AVE","235",,,,,,,"2","REPORTED, NOT EVIDENT","1","0","0","0","1","1","0","13","4","2","41.7928655457","-87.6039255111","POINT (-87.603925511064 41.792865545732)"
"e012b78b16157aae3863f8181bb99d0cbf413b2893e138653e1c9da10716f2e68c8ff5d9ac58a2e6ed8044ff63a9919b8efbfca8e0384aa8bd30019c1c3118e1",,"2026-02-25T13:00:00.000","30","NO CONTROLS","NO CONTROLS","CLEAR","DAYLIGHT","SIDESWIPE OPPOSITE DIRECTION","NOT DIVIDED",,"STRAIGHT AND LEVEL","DRY","NO DEFECTS","NOT ON SCENE (DESK REPORT)","NO INJURY / DRIVE AWAY",,,,"OVER $1,500","2026-02-25T15:15:00.000","IMPROPER LANE USAGE","NOT APPLICABLE","1112","W","BRYN MAWR AVE","2022",,,,,,,"2","NO INDICATION OF INJURY","0","0","0","0","0","3","0","13","4","2","41.9837599276","-87.6585959301","POINT (-87.658595930124 41.983759927581)"
"d479ffbfecba5176ed2102a74a39540800aae967cd2e345f1fcd03a8607c493992f3eddf9893c8554900e24fffffb48525c0c8e713f64160f65b56bbb65025cc","Y","2026-02-25T12:59:00.000","30","STOP SIGN/FLASHER","FUNCTIONING PROPERLY","CLEAR","DAYLIGHT","ANGLE","ONE-WAY",,"STRAIGHT AND LEVEL","DRY","NO DEFECTS","ON SCENE","INJURY AND / OR TOW DUE TO CRASH","Y",,"Y","OVER $1,500","2026-02-25T12:59:00.000","FAILING TO YIELD RIGHT-OF-WAY","NOT APPLICABLE","3300","W","FLOURNOY ST","1134",,,,,,,"2","NONINCAPACITATING INJURY","1","0","0","1","0","1","0","12","4","2","41.8728627405","-87.7084422431","POINT (-87.708442243131 41.872862740481)"
"54e6c1405bab65912b716247ed8009fea8013bdae145e4b0dc7f3985dec13150e4723485b212cbc0adfa8b3e1f01ff1dde7870b56d0b11308431279b5c322595",,"2026-02-25T12:56:00.000","30","TRAFFIC SIGNAL","FUNCTIONING PROPERLY","CLEAR","DAYLIGHT","SIDESWIPE SAME DIRECTION","NOT DIVIDED",,"STRAIGHT AND LEVEL","DRY","NO DEFECTS","NOT ON SCENE (DESK REPORT)","NO INJURY / DRIVE AWAY",,,,"OVER $1,500","2026-02-25T13:40:00.000","IMPROPER OVERTAKING/PASSING","UNABLE TO DETERMINE","1910","W","OGDEN AVE","1225",,,,,,,"2","NO INDICATION OF INJURY","0","0","0","0","0","2","0","12","4","2","41.8745802269","-87.6744432759","POINT (-87.674443275861 41.874580226923)"
"c3bb7b0abe548fa3c0e794db139832332ec92af1fbf73232b92767c8b18ca1cbb2f6a5b1c8cb13a07999685317be83c784604f43ccdd206b361952221cb3b9cb",,"2026-02-25T12:56:00.000","30","NO CONTROLS","NO CONTROLS","CLEAR","DAYLIGHT","SIDESWIPE SAME DIRECTION","NOT DIVIDED",,"STRAIGHT AND LEVEL","DRY","NO DEFECTS","ON SCENE","NO INJURY / DRIVE AWAY",,,"Y","$501 - $1,500","2026-02-25T13:35:00.000","UNABLE TO DETERMINE","NOT APPLICABLE","24","W","87TH ST","622",,,,,,,"2","NO INDICATION OF INJURY","0","0","0","0","0","2","0","12","4","2","41.7363811718","-87.625426497","POINT (-87.625426497041 41.736381171795)"