"crash_record_id","crash_date_est_i","crash_date","posted_speed_limit","traffic_control_device","device_condition","weather_condition","lighting_condition","first_crash_type","trafficway_type","lane_cnt","alignment","roadway_surface_cond","road_defect","report_type","crash_type","intersection_related_i","private_property_i","hit_and_run_i","damage","date_police_notified","prim_contributory_cause","sec_contributory_cause","street_no","street_direction","street_name","beat_of_occurrence","photos_taken_i","statements_taken_i","dooring_i","work_zone_i","work_zone_type","workers_present_i","num_units","most_severe_injury","injuries_total","injuries_fatal","injuries_incapacitating","injuries_non_incapacitating","injuries_reported_not_evident","injuries_no_indication","injuries_unknown","crash_hour","crash_day_of_week","crash_month","latitude","longitude","location"
"7ea7bde0b9414c5a299c7f957d1ca1a2646c5795107305857908b3e7b3f6d2aec9229c42079f985a9aff364ea28439a69028e8d3820f89a609335d8dc559b398",,"2026-02-25T12:40:00.000","25","TRAFFIC SIGNAL","FUNCTIONING PROPERLY","CLEAR","DAYLIGHT","FIXED OBJECT","FOUR WAY",,"STRAIGHT AND LEVEL","DRY","NO DEFECTS","ON SCENE","INJURY AND / OR TOW DUE TO CRASH","Y",,,"OVER $1,500","2026-02-25T12:40:00.000","OPERATING VEHICLE IN ERRATIC, RECKLESS, CARELESS, NEGLIGENT OR AGGRESSIVE MANNER","NOT APPLICABLE","610","N","HALSTED ST","1214",,,,,,,"1","NO INDICATION OF INJURY","0","0","0","0","0","1","0","12","4","2","41.89272186","-87.6477636945","POINT (-87.647763694507 41.892721859964)"
"689bd145bfdce6bb2ffc7a35a4047e7a5de2f386e6391431e5cd25c4dbcbddb2177268abf1b85679d3bd1d4f4e39d47dfee7b27ad16cbc964b8b5e9e742b68aa",,"2026-02-25T12:23:00.000","30","STOP SIGN/FLASHER","NO CONTROLS","CLEAR","DAYLIGHT","ANGLE","NOT DIVIDED",,"STRAIGHT AND LEVEL","DRY","NO DEFECTS","ON SCENE","NO INJURY / DRIVE AWAY","Y",,,"OVER $1,500","2026-02-25T12:27:00.000","FAILING TO YIELD RIGHT-OF-WAY","NOT APPLICABLE","1298","W","DIVERSEY PKWY","1932",,,,,,,"2","NO INDICATION OF INJURY","0","0","0","0","0","2","0","12","4","2","41.932628789","-87.6610715632","POINT (-87.661071563208 41.932628789045)"
"8be6d4c25e27de47fdca1d451e2c24f2938272096bdf99d6ccd747c89ba6265a86dfc42600997a76742c5bed534d55f39a59fac10fd98cf664afc3b679f3e921",,"2026-02-25T12:20:00.000","30","NO CONTROLS","NO CONTROLS","CLEAR","DAYLIGHT","PARKED MOTOR VEHICLE","DIVIDED - W/MEDIAN BARRIER",,"STRAIGHT AND LEVEL","DRY","NO DEFECTS","ON SCENE","NO INJURY / DRIVE AWAY",,,"Y","$501 - $1,500","2026-02-25T12:25:00.000","DRIVING SKILLS/KNOWLEDGE/EXPERIENCE","UNABLE TO DETERMINE","1611","W","HARRISON ST","1231",,,,,,,"2","NO INDICATION OF INJURY","0","0","0","0","0","1","0","12","4","2","41.8740819887","-87.6672227593","POINT (-87.66722275935 41.874081988696)"
"ab8c5ec957e8e22f58893e275b1a14b025f75513762593be67c2137f1ff625b0237fc772282cfbeb244c5a8320a1f219722255fcd2439c9413989560d2a9f72a","Y","2026-02-25T12:20:00.000","20","NO CONTROLS","NO CONTROLS","CLEAR","DAYLIGHT","REAR TO SIDE","NOT DIVIDED",,"STRAIGHT AND LEVEL","DRY","NO DEFECTS","ON SCENE","NO INJURY / DRIVE AWAY",,,"Y","$500 OR LESS","2026-02-25T12:25:00.000","IMPROPER BACKING","NOT APPLICABLE","119","N","PEORIA ST","1224",,,,,,,"2","NO INDICATION OF INJURY","0","0","0","0","0","2","0","12","4","2","41.8836826469","-87.6496050617","POINT (-87.64960506168 41.883682646887)"
"d82217a3055aafa80405e4a3e07db083008b7fe2d5b4ee16347bd679d8f7d94028b48912cda446c8edd424b81212f41c7f0d5eed865d7e0ebfa07437d35cae57",,"2026-02-25T12:20:00.000","30","NO CONTROLS","NO CONTROLS","CLEAR","DAYLIGHT","TURNING","NOT DIVIDED",,"STRAIGHT AND LEVEL","DRY","NO DEFECTS","NOT ON SCENE (DESK REPORT)","NO INJURY / DRIVE AWAY",,,,"OVER $1,500","2026-02-28T14:00:00.000","FAILING TO YIELD RIGHT-OF-WAY","NOT APPLICABLE","3231","N","KIMBALL AVE","1733",,,,,,,"2","NO INDICATION OF INJURY","0","0","0","0","0","2","0","12","4","2","41.9402045811","-87.7123877662","POINT (-87.712387766204 41.940204581141)"
"19860639c2d9b28328350bd2e8ea5b633ede69256299f9f3e5bd3d49abd3d540639f6165c054ceaf8045f1ee97583fd045afadf935b078758ba9eabb7ad4c0d8",,"2026-02-25T12:19:00.000","25","UNKNOWN","UNKNOWN","CLEAR","DAYLIGHT","ANGLE","NOT DIVIDED",,"STRAIGHT AND LEVEL","DRY","NO DEFECTS","NOT ON SCENE (DESK REPORT)","NO INJURY / DRIVE AWAY",,,,"$500 OR LESS","2026-02-25T14:00:00.000","UNABLE TO DETERMINE","UNABLE TO DETERMINE","4300","S","KEDZIE AVE","821",,,,,,,"2","NO INDICATION OF INJURY","0","0","0","0","0","2","0","12","4","2","41.8153520373","-87.704406263","POINT (-87.704406262956 41.815352037319)"
"6e1a988600a105ebd1f29bf801db51eb55c7a1de3905d02d784e52142a3f5c6e72119230f1a482b61d63e2c3dd36ff855effaf0276ca582c4ddb2cc61b08fffd",,"2026-02-25T12:18:00.000","35","TRAFFIC SIGNAL","FUNCTIONING PROPERLY","CLEAR","DAYLIGHT","SIDESWIPE SAME DIRECTION","ONE-WAY",,"STRAIGHT AND LEVEL","DRY","NO DEFECTS","ON SCENE","NO INJURY / DRIVE AWAY","Y",,,"$500 OR LESS","2026-02-25T12:18:00.000","IMPROPER LANE USAGE","FAILING TO YIELD RIGHT-OF-WAY","506","E","RANDOLPH ST","114",,,,,,,"2","NO INDICATION OF INJURY","0","0","0","0","0","3","0","12","4","2","41.8845033429","-87.6135175358","POINT (-87.613517535753 41.884503342886)"
"14b611707ce735e118a9ad06d1f30e6bb9428925623d7e881dddeb8edca34a132fa70c6913d8280dab934e520fbaa7d29b0e6c027212b6dc0d71147a7e7d374c",,"2026-02-25T12:15:00.000","30","STOP SIGN/FLASHER","FUNCTIONING PROPERLY","CLEAR","DAYLIGHT","PARKED MOTOR VEHICLE","NOT DIVIDED",,"STRAIGHT AND LEVEL","DRY","NO DEFECTS","ON SCENE","NO INJURY / DRIVE AWAY",,,"Y","OVER $1,500","2026-02-25T12:19:00.000","IMPROPER OVERTAKING/PASSING","NOT APPLICABLE","6801","W","SHAKESPEARE AVE","2512",,,,,,,"3","NO INDICATION OF INJURY","0","0","0","0","0","3","0","12","4","2","41.9188097771","-87.7952740229","POINT (-87.795274022855 41.918809777142)"
"ccd80dfb1c9c207b11a28779edf16286963d97193bc32f6b6e5ca3f8d348500f5e21f1d078a0b866cdda69a658ef67c6ad9192d7bd5b0961b673178ba0d5ba2e",,"2026-02-25T12:15:00.000","25","NO CONTROLS","NO CONTROLS","CLEAR","DAYLIGHT","SIDESWIPE SAME DIRECTION","NOT DIVIDED",,"STRAIGHT AND LEVEL","DRY","NO DEFECTS","NOT ON SCENE (DESK REPORT)","NO INJURY / DRIVE AWAY",,,"Y","$500 OR LESS","2026-02-25T13:10:00.000","UNABLE TO DETERMINE","UNABLE TO DETERMINE","4000","W","HARRISON ST","1132",,,,,,,"2","NO INDICATION OF INJURY","0","0","0","0","0","2","0","12","4","2","41.8735527196","-87.7255363964","POINT (-87.725536396409 41.873552719556)"
"82ad5e5ce213cb5b395d1ae094bb7064d85724a859679e1bc525d0c0d1ba7a5bb4bfced40600adfb03d75c0bd19acf1fb5f371c5f8d2d1160b44d33a60ce4e80",,"2026-02-25T12:10:00.000","30","TRAFFIC SIGNAL","FUNCTIONING PROPERLY","CLEAR","DAYLIGHT","SIDESWIPE SAME DIRECTION","DIVIDED - W/MEDIAN (NOT RAISED)",,"STRAIGHT AND LEVEL","DRY","NO DEFECTS","NOT ON SCENE (DESK REPORT)","NO INJURY / DRIVE AWAY",,,"Y","OVER $1,500","2026-02-25T12:30:00.000","UNABLE TO DETERMINE","UNABLE TO DETERMINE","5100","S","CALIFORNIA AVE","923",,,,,,,"2","NO INDICATION OF INJURY","0","0","0","0","0","2","0","12","4","2","41.8008956363","-87.6941441217","POINT (-87.694144121738 41.800895636272)"
"73fb7156105f2d55525aa14e9eb71cbb0f76ae07597e827118ecc28bf23b300b4f4184f5d341a5af7884937e19198811fb254d49042f04cde28df68d4a9d7b77",,"2026-02-25T12:05:00.000","30","NO CONTROLS","NO CONTROLS","CLEAR","DAYLIGHT","ANGLE","DIVIDED - W/MEDIAN (NOT RAISED)",,"STRAIGHT AND LEVEL","DRY","UNKNOWN","NOT ON SCENE (DESK REPORT)","NO INJURY / DRIVE AWAY",,,,"OVER $1,500","2026-02-25T13:10:00.000","UNABLE TO DETERMINE","UNABLE TO DETERMINE","2231","S","PULASKI RD","1013",,,,,,,"2","NO INDICATION OF INJURY","0","0","0","0","0","2","0","12","4","2","41.850515561","-87.7245840663","POINT (-87.724584066281 41.850515560964)"
"96eb3a8ef505160331c3a8f07f3c345b17db010c00ee7e565638789648285ce37ae477dd63fa6e93779f0c5f6d6dfd323fa77464ac6f25437d02a61597420b16",,"2026-02-25T12:05:00.000","30","NO CONTROLS","NO CONTROLS","CLEAR","DAYLIGHT","ANGLE","FOUR WAY",,"STRAIGHT AND LEVEL","DRY","NO DEFECTS","NOT ON SCENE (DESK REPORT)","NO INJURY / DRIVE AWAY","Y",,,"OVER $1,500","2026-02-25T13:25:00.000","FAILING TO YIELD RIGHT-OF-WAY","NOT APPLICABLE","7210","N","CLAREMONT AVE","2411",,,,,,,"2","NO INDICATION OF INJURY","0","0","0","0","0","2","0","12","4","2","42.0126430381","-87.6890504758","POINT (-87.68905047579 42.012643038119)"
"38465aa9a618949c9147cab6eb835c5744bc3f38f915cbe7155227229fc747fa0fa521a547cd226361a9ab857c79d6628927afc5558b66c8381de7e7874fd262",,"2026-02-25T12:00:00.000","30","NO CONTROLS","NO CONTROLS","CLEAR","DAYLIGHT","PARKED MOTOR VEHICLE","ONE-WAY",,"STRAIGHT AND LEVEL","DRY","UNKNOWN","ON SCENE","NO INJURY / DRIVE AWAY",,,"Y","$501 - $1,500","2026-02-25T12:16:00.000","UNABLE TO DETERMINE","UNABLE TO DETERMINE","6102","S","EVANS AVE","313",,,,,,,"2","NO INDICATION OF INJURY","0","0","0","0","0","1","0","12","4","2","41.7838837301","-87.6074090291","POINT (-87.607409029115 41.783883730067)"
"8591046ecdeece042d1521b371af56e6e1c6456ccf452753adf131c2f71f6b514b095aecc535c1e4938f8a7eebda148cf84831e06cc7ea9a52674fa0a90df6e2",,"2026-02-25T12:00:00.000","30","NO CONTROLS","NO CONTROLS","CLEAR","DAYLIGHT","REAR END","NOT DIVIDED",,"STRAIGHT AND LEVEL","DRY","NO DEFECTS","NOT ON SCENE (DESK REPORT)","NO INJURY / DRIVE AWAY",,,,"OVER $1,500","2026-02-25T12:15:00.000","DISTRACTION - FROM INSIDE VEHICLE","FAILING TO REDUCE SPEED TO AVOID CRASH","361","W","ILLINOIS ST","1831",,,,,,,"2","NO INDICATION OF INJURY","0","0","0","0","0","2","0","12","4","2","41.8906237039","-87.6379212625","POINT (-87.637921262467 41.890623703906)"
"e36bf47aefa8f9d4456ee167c3de4bc295980423dc80c4eeb21246d5ef04612ce6e2950e06463c9dd2dbc96396c1661fa5d0bad0566b755b2969c4a33088486f",,"2026-02-25T11:45:00.000","30","NO CONTROLS","NO CONTROLS","CLEAR","DAYLIGHT","SIDESWIPE SAME DIRECTION","NOT DIVIDED",,"STRAIGHT AND LEVEL","DRY","UNKNOWN",,"NO INJURY / DRIVE AWAY",,,"Y","OVER $1,500","2026-02-26T20:31:00.000","IMPROPER LANE USAGE","NOT APPLICABLE","11100","S","MARSHFIELD AVE","2234",,,,,,,"2","NO INDICATION OF INJURY","0","0","0","0","0","3","0","11","4","2","41.6920731982","-87.661003058","POINT (-87.661003057986 41.692073198171)"
"e6c1b28ccbae4a0218114ec4b2814d5cfc4e08da47e95a0eabc682c284212216927fec2e202477bd2e27c452a35f44720c598b4dcf526901efc29265ff9fd800",,"2026-02-25T11:45:00.000","30","NO CONTROLS","NO CONTROLS","CLEAR","DAYLIGHT","TURNING","OTHER",,"STRAIGHT AND LEVEL","DRY","NO DEFECTS","ON SCENE","INJURY AND / OR TOW DUE TO CRASH",,"Y",,"OVER $1,500","2026-02-25T11:56:00.000","NOT APPLICABLE","NOT APPLICABLE","523","W","54TH PL","935",,,,,,,"2","NO INDICATION OF INJURY","0","0","0","0","0","2","0","11","4","2","41.7952248454","-87.6387478273","POINT (-87.638747827322 41.795224845377)"
"eda3c0aecf2ca2199be8fe863d8627da3e8b878f5e1a44c7a0957e8a9fc96362d848dc8edf9a2ef1e33d141733fb51f1cbe022c4ebb2a3831a8adeab435f2d6f","Y","2026-02-25T11:45:00.000","30","NO CONTROLS","NO CONTROLS","CLEAR","UNKNOWN","PARKED MOTOR VEHICLE","NOT DIVIDED",,"STRAIGHT AND LEVEL","DRY","NO DEFECTS","NOT ON SCENE (DESK REPORT)","NO INJURY / DRIVE AWAY","Y",,,"OVER $1,500","2026-02-27T08:40:00.000","UNABLE TO DETERMINE","UNABLE TO DETERMINE","2355","N","LAWNDALE AVE","2525",,,,,,,"2","NO INDICATION OF INJURY","0","0","0","0","0","1","0","11","4","2","41.9243701422","-87.719286715","POINT (-87.719286715011 41.924370142178)"
"8fcbe6db4f1fe065587223bee47157b7ebdbd9a345cf9d9764e13a0a7dd21d429dcd5a52e59f706774feba90a5919e7ed606782b0ecc2e5965049aa1040f41fd",,"2026-02-25T11:40:00.000","30","UNKNOWN","UNKNOWN","UNKNOWN","UNKNOWN","SIDESWIPE SAME DIRECTION","NOT DIVIDED",,"STRAIGHT AND LEVEL","UNKNOWN","UNKNOWN","NOT ON SCENE (DESK REPORT)","NO INJURY / DRIVE AWAY",,,,"$500 OR LESS","2026-02-25T13:58:00.000","UNABLE TO DETERMINE","UNABLE TO DETERMINE","7280","W","DEVON AVE","1612",,,,,,,"2","NO INDICATION OF INJURY","0","0","0","0","0","2","0","11","4","2","41.997276828","-87.8096243302","POINT (-87.809624330245 41.997276827989)"
"53c88d994a9c1f899487b5bedc3e6aac69086e14a01a530f156efc7390155bfac5b941eebb72fca0b3709dbaf12e0f8c9733b3b5df77af87484453e7fadc5fc0",,"2026-02-25T11:39:00.000","20","NO CONTROLS","NO CONTROLS","CLEAR","DAYLIGHT","ANGLE","NOT DIVIDED",,"STRAIGHT AND LEVEL","DRY","NO DEFECTS","ON SCENE","NO INJURY / DRIVE AWAY",,,"Y","OVER $1,500","2026-02-25T11:39:00.000","IMPROPER LANE USAGE","IMPROPER LANE USAGE","3906","W","CHICAGO AVE","1112",,,,,,,"2","NO INDICATION OF INJURY","0","0","0","0","0","3","0","11","4","2","41.8954984206","-87.723975301","POINT (-87.723975300968 41.895498420601)"
"9544ac591238c2acdb402aed08c40c7fb0bd3a03c471ec05a427058d35ef2e2d05b514780cc31c9be00897c195fe1a2fe3fdb7aebfe047ab2f9275eb858aa0c6",,"2026-02-25T11:39:00.000","20","NO CONTROLS","NO CONTROLS","CLEAR","DAYLIGHT","ANGLE","NOT DIVIDED",,"STRAIGHT AND LEVEL","DRY","NO DEFECTS","ON SCENE","NO INJURY / DRIVE AWAY",,,"Y","OVER $1,500","2026-02-25T11:39:00.000","IMPROPER LANE USAGE","IMPROPER LANE USAGE","3906","W","CHICAGO AVE","1112",,,,,,,"2","NO INDICATION OF INJURY","0","0","0","0","0","3","0","11","4","2","41.8954984206","-87.723975301","POINT (-87.723975300968 41.895498420601)"
"dcf4814f7eecb790c86659511065d318df036d4e56c93193e0083468083a259d4c82a9da59e2f10cc278441722b12c69503f3ad49f03c0a22f03dd5dc0024982",,"2026-02-25T11:39:00.000","30","TRAFFIC SIGNAL","FUNCTIONING PROPERLY","CLEAR","DAYLIGHT","TURNING","OTHER",,"STRAIGHT AND LEVEL","DRY","NO DEFECTS","ON SCENE","NO INJURY / DRIVE AWAY",,,,"$501 - $1,500","2026-02-25T11:53:00.000","NOT APPLICABLE","NOT APPLICABLE","6401","W","DEVON AVE","1611",,,,,,,"2","NO INDICATION OF INJURY","0","0","0","0","0","2","0","11","4","2","41.997244471","-87.7876061527","POINT (-87.787606152728 41.997244470989)"
"4d37ef95e91745c6312f04e9ba60e1b9aeb46c3fcf87771760c87fc5a73e6c9a16ce29b7be45a2e79f09e442ebc3a4c24b4873142dd2a1688074979370677a35",,"2026-02-25T11:34:00.000","30","TRAFFIC SIGNAL","FUNCTIONING PROPERLY","CLEAR","DAYLIGHT","TURNING","ONE-WAY",,"STRAIGHT AND LEVEL","DRY","NO DEFECTS","NOT ON SCENE (DESK REPORT)","NO INJURY / DRIVE AWAY","Y",,,"OVER $1,500","2026-02-25T11:39:00.000","IMPROPER TURNING/NO SIGNAL","NOT APPLICABLE","5501","S","WENTWORTH AVE","225",,,,,,,"2","NO INDICATION OF INJURY","0","0","0","0","0","3","0","11","4","2","41.7941804782","-87.6303680448","POINT (-87.630368044805 41.794180478167)"
"38857636b3e852c933d03be77b047185da6d638981babb328d2c6ddfd55cc81224d1c4e48e212d1587cd586465e1540770dc0bec37439ec9c979a504f2170923",,"2026-02-25T11:30:00.000","30","NO CONTROLS","NO CONTROLS","CLEAR","DAYLIGHT","PARKED MOTOR VEHICLE","PARKING LOT",,"STRAIGHT AND LEVEL","DRY","NO DEFECTS","NOT ON SCENE (DESK REPORT)","NO INJURY / DRIVE AWAY",,,,"$501 - $1,500","2026-02-26T10:00:00.000","UNABLE TO DETERMINE","NOT APPLICABLE","6840","N","SACRAMENTO AVE","2411",,,,,,,"2","NO INDICATION OF INJURY","0","0","0","0","0","1","0","11","4","2","42.0059907905","-87.7047257246","POINT (-87.704725724595 42.005990790546)"
"eda80db76af9a09f62cd9356a0866182a3d23ca7eae322c8b30099b3d028234ed84dd013c7746225f4b835a036c753ee31a8de3b937525db50e286392fb23c69",,"2026-02-25T11:20:00.000","30","TRAFFIC SIGNAL","FUNCTIONING PROPERLY","CLEAR","DAYLIGHT","REAR END","NOT DIVIDED",,"STRAIGHT AND LEVEL","DRY","NO DEFECTS","NOT ON SCENE (DESK REPORT)","NO INJURY / DRIVE AWAY",,,,"OVER $1,500","2026-02-25T11:40:00.000","FOLLOWING TOO CLOSELY","FOLLOWING TOO CLOSELY","6258","S","KEDZIE AVE","823",,,,,,,"2","NO INDICATION OF INJURY","0","0","0","0","0","2","0","11","4","2","41.7790186331","-87.7032838823","POINT (-87.703283882332 41.779018633099)"
"caabacb8a1a0736df9d67dfae4f6052bbfa5227e609ad33188c75fe61c4ac62839b09e6e750d207934e1ea99fa10177135552e12b9ad9c0f414fcd9cbe3a30bc",,"2026-02-25T11:05:00.000","30","NO CONTROLS","NO CONTROLS","CLEAR","DAYLIGHT","ANGLE","ONE-WAY",,"STRAIGHT AND LEVEL","DRY","NO DEFECTS","NOT ON SCENE (DESK REPORT)","INJURY AND / OR TOW DUE TO CRASH","Y",,,"OVER $1,500","2026-02-25T13:30:00.000","FAILING TO YIELD RIGHT-OF-WAY","UNABLE TO DETERMINE","826","W","33RD PL","913",,,,,,,"2","REPORTED, NOT EVIDENT","1","0","0","0","1","1","0","11","4","2","41.8339304404","-87.647282252","POINT (-87.647282251968 41.833930440427)"
"431909f6e7c8df2ce9be8155e75b7e4b3f72719d687758e99fa65f2697abdc738019338a6bd59884f9bdb30fce85fa1c4be1b3ed4fe1ba4d6f8ec3fd1b523c1d",,"2026-02-25T11:00:00.000","30","NO CONTROLS","NO CONTROLS","CLEAR","DAYLIGHT","TURNING","NOT DIVIDED",,"STRAIGHT AND LEVEL","DRY","NO DEFECTS","ON SCENE","INJURY AND / OR TOW DUE TO CRASH","N",,,"OVER $1,500","2026-02-25T11:02:00.000","FAILING TO YIELD RIGHT-OF-WAY","NOT APPLICABLE","2641","W","PERSHING RD","921",,,,,,,"2","NONINCAPACITATING INJURY","1","0","0","1","0","1","0","11","4","2","41.8227437991","-87.6911105279","POINT (-87.691110527946 41.822743799064)"
"446ee5974bfd540f5f4d448ca57fc8eb62e2a5cf94247f83cb61902b67d1ca2d68f6870065c30a8983cf3a3a00794bef20a9af80b835a12e8103b7a06835ae31",,"2026-02-25T11:00:00.000","30","TRAFFIC SIGNAL","FUNCTIONING PROPERLY","CLEAR","DAYLIGHT","REAR END","NOT DIVIDED",,"STRAIGHT AND LEVEL","DRY","NO DEFECTS","NOT ON SCENE (DESK REPORT)","NO INJURY / DRIVE AWAY",,,,"OVER $1,500","2026-02-26T12:30:00.000","FOLLOWING TOO CLOSELY","NOT APPLICABLE","4798","W","115TH ST","2211",,,,,,,"2","NO INDICATION OF INJURY","0","0","0","0","0","3","0","11","4","2","41.6837428812","-87.7393919096","POINT (-87.739391909606 41.683742881248)"
"4ebb91a61a454128468058ffaae2f9089c05ade6782101e50d188327d9956ccef55b5256c91f0aefe4045acb929f45fea44c66d12a5f206821a94f5b01fde58d",,"2026-02-25T11:00:00.000","25","NO CONTROLS","NO CONTROLS","CLEAR","DAYLIGHT","PARKED MOTOR VEHICLE","PARKING LOT",,"STRAIGHT AND LEVEL","DRY","UNKNOWN","NOT ON SCENE (DESK REPORT)","NO INJURY / DRIVE AWAY",,,"Y","OVER $1,500","2026-02-26T13:45:00.000","UNABLE TO DETERMINE","UNABLE TO DETERMINE","1616","E","50TH PL","222",,,,,,,"2","NO INDICATION OF INJURY","0","0","0","0","0","1","0","11","4","2","41.8035285766","-87.5856754849","POINT (-87.585675484935 41.803528576551)"
"e5d69e3714b59439a60371c977720162ef6792ac0a5541d5ffd47453454706e50cbbe6770b9383c845b68d9ead8af7cc7ab98032c204d4e3139b2bda122f36a4",,"2026-02-25T11:00:00.000","30","NO CONTROLS","NO CONTROLS","CLEAR","DAYLIGHT","REAR END","DIVIDED - W/MEDIAN (NOT RAISED)",,"STRAIGHT AND LEVEL","DRY","NO DEFECTS","NOT ON SCENE (DESK REPORT)","INJURY AND / OR TOW DUE TO CRASH","Y",,,"OVER $1,500","2026-02-25T16:25:00.000","UNABLE TO DETERMINE","UNABLE TO DETERMINE","5081","S","ARCHER AVE","815",,,,,,,"2","REPORTED, NOT EVIDENT","1","0","0","0","1","1","0","11","4","2","41.8008680086","-87.728070846","POINT (-87.728070845961 41.800868008617)"
"28b3c4109bd1e6ff6e6e4168eaeb2fd71a9d3e206cb7aeb670332a70f6f5c165bf537ec77e8237ecb7cb59e8f24e3578e2060a41f5aea027a3796aaadd6c6d39",,"2026-02-25T10:50:00.000","30","TRAFFIC SIGNAL","FUNCTIONING PROPERLY","CLEAR","DAYLIGHT","ANGLE","ROUNDABOUT",,"STRAIGHT AND LEVEL","DRY","NO DEFECTS","ON SCENE","NO INJURY / DRIVE AWAY",,,"Y","OVER $1,500","2026-02-25T10:52:00.000","DISREGARDING TRAFFIC SIGNALS","FAILING TO REDUCE SPEED TO AVOID CRASH","2600","N","MILWAUKEE AVE","1412",,,,,,,"2","NO INDICATION OF INJURY","0","0","0","0","0","4","0","10","4","2","41.9289885594","-87.7075003469","POINT (-87.70750034695 41.928988559427)"
"c281402f22ced4bf9d9720c12751f297666e6641dfa9816e46bcc7e12899990ea468fc6b5a23c2aefe72705e5866d85ca03bc6da860654fa26d2a3f7e0f894b3","Y","2026-02-25T10:50:00.000","25","NO CONTROLS","NO CONTROLS","UNKNOWN","DAYLIGHT","TURNING","NOT DIVIDED",,"STRAIGHT AND LEVEL","UNKNOWN","UNKNOWN","NOT ON SCENE (DESK REPORT)","INJURY AND / OR TOW DUE TO CRASH",,,,"OVER $1,500","2026-02-26T13:40:00.000","UNABLE TO DETERMINE","UNABLE TO DETERMINE","3940","W","CHICAGO AVE","1112",,,,,,,"2","NONINCAPACITATING INJURY","4","0","0","1","3","1","0","10","4","2","41.8954845042","-87.7251994229","POINT (-87.725199422942 41.895484504236)"
"2a154d6ccb904bf31e1106e20921793a370be69938afd65e8d18b49588c433aa612175c6cd2338ea6bb8b58fa054ac188f836554ffbde6f3381356b337cbabc5","Y","2026-02-25T10:45:00.000","30","NO CONTROLS","NO CONTROLS","CLEAR","DAYLIGHT","SIDESWIPE OPPOSITE DIRECTION","NOT DIVIDED",,"STRAIGHT AND LEVEL","DRY","UNKNOWN","NOT ON SCENE (DESK REPORT)","NO INJURY / DRIVE AWAY",,,"Y","OVER $1,500","2026-02-25T13:30:00.000","DRIVING ON WRONG SIDE/WRONG WAY","NOT APPLICABLE","2600","N","KEDZIE AVE","1412",,,,,,,"2","NO INDICATION OF INJURY","0","0","0","0","0","2","0","10","4","2","41.9284218297","-87.7080257763","POINT (-87.708025776257 41.928421829663)"
"8946b02f886b8defe9bca40e15855a5ce55e12ed0a1e64a57684fb112237ab6f7789e028e70a2452e0055dba97aef11860729467c677103bfbbed201ae0a52ce",,"2026-02-25T10:45:00.000","30","NO CONTROLS","NO CONTROLS","CLEAR","DAYLIGHT","PARKED MOTOR VEHICLE","DIVIDED - W/MEDIAN (NOT RAISED)",,"STRAIGHT AND LEVEL","DRY","NO DEFECTS","ON SCENE","NO INJURY / DRIVE AWAY",,,,"$501 - $1,500","2026-02-25T10:50:00.000","UNABLE TO DETERMINE","UNABLE TO DETERMINE","7508","N","SHERIDAN RD","2422",,,,,,,"2","NO INDICATION OF INJURY","0","0","0","0","0","1","0","10","4","2","42.0184858293","-87.6659591996","POINT (-87.665959199595 42.018485829279)"
"3f03eb5140bd152cf3ef450ac57c5db59feb20be6702a97694787de6b9bf3da70f6c6b348776a2166905fc2d271878f345033fb3bb6b9948accca252cdffa79f",,"2026-02-25T10:42:00.000","30","NO CONTROLS","NO CONTROLS","CLEAR","DAYLIGHT","SIDESWIPE SAME DIRECTION","NOT DIVIDED",,"STRAIGHT AND LEVEL","DRY","NO DEFECTS","NOT ON SCENE (DESK REPORT)","NO INJURY / DRIVE AWAY",,,,"OVER $1,500","2026-03-02T13:50:00.000","UNABLE TO DETERMINE","NOT APPLICABLE","161","W","HARRISON ST","123",,,,,,,"2","NO INDICATION OF INJURY","0","0","0","0","0","2","0","10","4","2","41.8743811104","-87.6328074776","POINT (-87.632807477585 41.874381110444)"
"8ec38162eb917b9f8883c32655d09191fddac05a5132167656d837b1167aa2a2215e349ffbec4d6d728fed9e3d83e11a946f726aa2347113467cdeb70b85fc95",,"2026-02-25T10:37:00.000","30","UNKNOWN","UNKNOWN","CLEAR","DAYLIGHT","REAR END","NOT DIVIDED",,"STRAIGHT AND LEVEL","UNKNOWN","UNKNOWN","ON SCENE","NO INJURY / DRIVE AWAY",,,,"OVER $1,500","2026-02-25T10:49:00.000","FAILING TO REDUCE SPEED TO AVOID CRASH","FOLLOWING TOO CLOSELY","6200","W","MONTROSE AVE","1622",,,,,,,"2","NO INDICATION OF INJURY","0","0","0","0","0","4","0","10","4","2","41.9603936095","-87.7819700746","POINT (-87.781970074638 41.960393609526)"
"10af4b264d4951bdd87cb90889cbc07ab189adedea866330cde7f9909add34a01b49db25c05d93c8161c1620073128e7b66378b91ff556f8b63907d0dddb939a",,"2026-02-25T10:32:00.000","5","NO CONTROLS","NO CONTROLS","CLEAR","DAYLIGHT","REAR END","OTHER",,"STRAIGHT AND LEVEL","OTHER","NO DEFECTS","ON SCENE","NO INJURY / DRIVE AWAY",,"Y",,"$501 - $1,500","2026-02-25T11:22:00.000","UNABLE TO DETERMINE","UNABLE TO DETERMINE","427","E","PERSHING RD","214",,,,,,,"2","NO INDICATION OF INJURY","0","0","0","0","0","2","0","10","4","2","41.8237429989","-87.615686201","POINT (-87.615686200955 41.823742998867)"