"crash_record_id","crash_date_est_i","crash_date","posted_speed_limit","traffic_control_device","device_condition","weather_condition","lighting_condition","first_crash_type","trafficway_type","lane_cnt","alignment","roadway_surface_cond","road_defect","report_type","crash_type","intersection_related_i","private_property_i","hit_and_run_i","damage","date_police_notified","prim_contributory_cause","sec_contributory_cause","street_no","street_direction","street_name","beat_of_occurrence","photos_taken_i","statements_taken_i","dooring_i","work_zone_i","work_zone_type","workers_present_i","num_units","most_severe_injury","injuries_total","injuries_fatal","injuries_incapacitating","injuries_non_incapacitating","injuries_reported_not_evident","injuries_no_indication","injuries_unknown","crash_hour","crash_day_of_week","crash_month","latitude","longitude","location"
"22e9c0bd170d72baa77a9b8783042ffc84b57e31dd46f6a5d367bbd985322311964db4d2342ad46d306e6c432a3e2813cafeb12abb5283b98afb54fb3870ecfe",,"2026-02-25T10:23:00.000","30","TRAFFIC SIGNAL","FUNCTIONING PROPERLY","CLEAR","DAYLIGHT","REAR END","FOUR WAY",,"STRAIGHT AND LEVEL","DRY","NO DEFECTS","NOT ON SCENE (DESK REPORT)","NO INJURY / DRIVE AWAY",,,,"OVER $1,500","2026-02-25T11:10:00.000","UNABLE TO DETERMINE","NOT APPLICABLE","2400","N","CICERO AVE","2521",,,,,,,"2","NO INDICATION OF INJURY","0","0","0","0","0","2","0","10","4","2","41.9242835898","-87.7464501903","POINT (-87.746450190289 41.924283589827)"
"8ae1ec1d4a90a0866c36c8d850c84f3f78b8fe614af4071fe02a6d36fe2978b8bdbb9ad5231176f9c228ec70ecbefaaf9254aecc9c54322fe4b9588578d38dc2",,"2026-02-25T10:16:00.000","30","TRAFFIC SIGNAL","UNKNOWN","CLEAR","DAYLIGHT","REAR END","NOT DIVIDED",,"STRAIGHT AND LEVEL","DRY","UNKNOWN","ON SCENE","INJURY AND / OR TOW DUE TO CRASH",,,"Y","OVER $1,500","2026-02-25T10:20:00.000","NOT APPLICABLE","NOT APPLICABLE","1201","W","63RD ST","724",,,,,,,"2","REPORTED, NOT EVIDENT","1","0","0","0","1","1","0","10","4","2","41.7794981593","-87.6545622994","POINT (-87.654562299386 41.779498159307)"
"39199a234b0942c478bbd53f6a99929874134fb4da6ec8d382550fe25318c28fc1e7e9fc3460300bfd13fff6df150f8d2acbb1fa5dde74ac790a470bf18f9d98",,"2026-02-25T10:15:00.000","30","OTHER","FUNCTIONING PROPERLY","CLEAR","DAYLIGHT","FIXED OBJECT","NOT DIVIDED",,"STRAIGHT AND LEVEL","DRY","NO DEFECTS","ON SCENE","INJURY AND / OR TOW DUE TO CRASH",,,,"$500 OR LESS","2026-02-25T10:34:00.000","UNABLE TO DETERMINE","UNABLE TO DETERMINE","400","W","123RD ST","523",,,,,,,"1","REPORTED, NOT EVIDENT","1","0","0","0","1","2","0","10","4","2","41.6707450177","-87.6321178795","POINT (-87.632117879481 41.670745017651)"
"046c13404296c69ad63f555f8f0726c862cc63361d9e6d2681715eea9e65cf9e8319ca83be4a477ecb3001bc05c79321e82ecc04e5df205ae37fa5ad5c85ea39",,"2026-02-25T10:06:00.000","35","UNKNOWN","UNKNOWN","CLEAR","DAYLIGHT","SIDESWIPE SAME DIRECTION","DIVIDED - W/MEDIAN (NOT RAISED)",,"STRAIGHT AND LEVEL","DRY","NO DEFECTS","ON SCENE","NO INJURY / DRIVE AWAY",,,"Y","OVER $1,500","2026-02-25T10:10:00.000","UNABLE TO DETERMINE","NOT APPLICABLE","7161","S","JEFFERY BLVD","333",,,,,,,"2","NO INDICATION OF INJURY","0","0","0","0","0","2","0","10","4","2","41.764380672","-87.5761156182","POINT (-87.576115618194 41.764380671954)"
"4b4c33e914c2bfa005f80026fb1eb7c5476d9b3ea5e06a2c32d761e44c9b822b9c8cf9ef183b4050e1879e09950323d2005e28725befea33362ac1f5c2734c5e",,"2026-02-25T10:04:00.000","30","TRAFFIC SIGNAL","FUNCTIONING PROPERLY","CLEAR","DAYLIGHT","TURNING","FOUR WAY",,"STRAIGHT AND LEVEL","DRY","NO DEFECTS","ON SCENE","NO INJURY / DRIVE AWAY","Y",,,"$501 - $1,500","2026-02-25T10:16:00.000","DISREGARDING TRAFFIC SIGNALS","DISREGARDING TRAFFIC SIGNALS","300","S","CENTRAL AVE","1513",,,,,,,"2","NO INDICATION OF INJURY","0","0","0","0","0","3","0","10","4","2","41.8764901137","-87.7648701012","POINT (-87.764870101157 41.876490113701)"
"1f9ad9a91623a1d9093ece8c99b861cdce1d4fef1f9ff5a877f374cbdbe14dfd8b7e1b1854eb392f0267956676debe7ab67cb2deb8ec03b45f3fa8cd6c7edc08","Y","2026-02-25T10:00:00.000","15","NO CONTROLS","NO CONTROLS","CLEAR","DAYLIGHT","PARKED MOTOR VEHICLE","ONE-WAY",,"STRAIGHT AND LEVEL","DRY","UNKNOWN","NOT ON SCENE (DESK REPORT)","NO INJURY / DRIVE AWAY",,,,"OVER $1,500","2026-02-25T15:30:00.000","DRIVING ON WRONG SIDE/WRONG WAY","NOT APPLICABLE","3300","N","WHIPPLE ST","1733",,,,,,,"2","NO INDICATION OF INJURY","0","0","0","0","0","1","0","10","4","2","41.9411406166","-87.7041487915","POINT (-87.704148791534 41.941140616615)"
"778ba313ad01288fdf69c0eb65b6b19ca020a591894be686a20085507fc80afdc3e5fd907104ddc621726f3a7f52dcc3c21fd34d643c6e82522befa60d9a6188",,"2026-02-25T10:00:00.000","35","TRAFFIC SIGNAL","FUNCTIONING PROPERLY","CLEAR","DAYLIGHT","ANGLE","ONE-WAY",,"STRAIGHT AND LEVEL","DRY","NO DEFECTS","ON SCENE","INJURY AND / OR TOW DUE TO CRASH","Y",,,"OVER $1,500","2026-02-25T10:08:00.000","DISREGARDING TRAFFIC SIGNALS","NOT APPLICABLE","299","S","JEFFERSON ST","121",,,,,,,"2","REPORTED, NOT EVIDENT","3","0","0","0","3","0","0","10","4","2","41.8780356604","-87.6423899056","POINT (-87.642389905642 41.878035660406)"
"823e2470501c3581774ac5a92b46fee4bc74c3884a3c2ccf553e77714735976b66d12163ec1acde13ced4d72f6bcdbdcc87497d911bd8933f6d69de48eaa17ce",,"2026-02-25T10:00:00.000","15","NO CONTROLS","NO CONTROLS","CLEAR","DAYLIGHT","PARKED MOTOR VEHICLE","PARKING LOT",,"STRAIGHT AND LEVEL","DRY","NO DEFECTS","NOT ON SCENE (DESK REPORT)","NO INJURY / DRIVE AWAY",,,,"OVER $1,500","2026-02-26T08:50:00.000","UNABLE TO DETERMINE","UNABLE TO DETERMINE","3337","W","NORTH AVE","1422",,,,,,,"2","NO INDICATION OF INJURY","0","0","0","0","0","2","0","10","4","2","41.9099541919","-87.710904879","POINT (-87.710904878988 41.90995419194)"
"bf89befeab8036154d6df8a847dbae5667cccf8b9d9dd3a44d0a8358e49536a9be4871935ce26234c54a34a551a9f21e986ee6ed1ca7c1e2cbc8dc4981dfa0a6",,"2026-02-25T10:00:00.000","30","NO CONTROLS","NO CONTROLS","CLEAR","DAYLIGHT","FIXED OBJECT","NOT DIVIDED",,"STRAIGHT AND LEVEL","DRY","NO DEFECTS","NOT ON SCENE (DESK REPORT)","NO INJURY / DRIVE AWAY",,"Y",,"OVER $1,500","2026-02-25T17:50:00.000","UNABLE TO DETERMINE","UNABLE TO DETERMINE","6225","W","BLOOMINGDALE AVE","2513",,,,,,,"1","NO INDICATION OF INJURY","0","0","0","0","0","1","0","10","4","2","41.9127232786","-87.7813111531","POINT (-87.78131115308 41.912723278615)"
"e3b051d69fcbccf485716d3474fae7d0c442b359f1ecc6e44896235d3e21226916eed6f7fa0efa58c786d9caa1227af4c83ada01484287b09683bb6df7038337",,"2026-02-25T10:00:00.000","30","TRAFFIC SIGNAL","NO CONTROLS","CLEAR","DAYLIGHT","HEAD ON","NOT DIVIDED",,"STRAIGHT AND LEVEL","DRY","NO DEFECTS","ON SCENE","INJURY AND / OR TOW DUE TO CRASH","Y",,,"OVER $1,500","2026-02-25T10:05:00.000","FAILING TO REDUCE SPEED TO AVOID CRASH","NOT APPLICABLE","2600","S","WESTERN AVE","1034",,,,,,,"2","REPORTED, NOT EVIDENT","1","0","0","0","1","2","0","10","4","2","41.8448203764","-87.6855931141","POINT (-87.685593114094 41.84482037639)"
"d46009a6e57b58daebd4dc36f18a0b0556745b709b290bcf43c3b193b89b10cc0906e302d98193766ac6be1c9453fecf74dc1f5c2a2ecff9f8095519b0bacd15",,"2026-02-25T09:55:00.000","30","STOP SIGN/FLASHER","FUNCTIONING PROPERLY","CLEAR","DAYLIGHT","ANGLE","FOUR WAY",,"STRAIGHT AND LEVEL","DRY","NO DEFECTS","NOT ON SCENE (DESK REPORT)","NO INJURY / DRIVE AWAY","Y",,,"$501 - $1,500","2026-02-26T11:40:00.000","DISREGARDING STOP SIGN","FAILING TO YIELD RIGHT-OF-WAY","2332","W","ADDISON ST","1921",,,,,,,"2","NO INDICATION OF INJURY","0","0","0","0","0","2","0","9","4","2","41.9468585179","-87.6871077545","POINT (-87.68710775451 41.946858517878)"
"f0cdd61b094ed133014bd0a7eb68cca0828f5c4a7f8ea9ee0de85c1e2ca18af64980072455dd1afd9b5177322254cbf9c9fc6d5e1b9cc69cc643521357bc7ca3",,"2026-02-25T09:55:00.000","30","TRAFFIC SIGNAL","FUNCTIONING PROPERLY","CLEAR","DAYLIGHT","TURNING","FOUR WAY",,"STRAIGHT AND LEVEL","DRY","NO DEFECTS","ON SCENE","INJURY AND / OR TOW DUE TO CRASH","Y",,"Y","OVER $1,500","2026-02-25T10:28:00.000","FAILING TO YIELD RIGHT-OF-WAY","DRIVING SKILLS/KNOWLEDGE/EXPERIENCE","3901","S","KEDZIE AVE","921",,,,,,,"2","NO INDICATION OF INJURY","0","0","0","0","0","2","0","9","4","2","41.8225154037","-87.7043157826","POINT (-87.704315782621 41.822515403741)"
"472fc9ecaa7de80f1d59cffea02a0008ddc2e766d755b502db356216d8b24b512868145e16076074b69aa104b3de3e201ce5433ae52e355e7eba207849adaf11",,"2026-02-25T09:50:00.000","30","NO CONTROLS","NO CONTROLS","CLEAR","DAYLIGHT","ANGLE","ONE-WAY",,"STRAIGHT AND LEVEL","DRY","NO DEFECTS","ON SCENE","INJURY AND / OR TOW DUE TO CRASH",,,,"OVER $1,500","2026-02-25T09:55:00.000","UNABLE TO DETERMINE","UNABLE TO DETERMINE","3449","S","EMERALD AVE","915",,,,,,,"2","NO INDICATION OF INJURY","0","0","0","0","0","2","0","9","4","2","41.831143089","-87.6447520228","POINT (-87.644752022756 41.83114308897)"
"c0eb9e161e07d2e594c895cb4612b1ef0f3f78925810f15e20c20e5c3837b9a85fff00a18177a844d65d8a973cb202ec1a7208ba53e6366b7b2ee59b93f0a516",,"2026-02-25T09:48:00.000","10","NO CONTROLS","NO CONTROLS","CLEAR","DAYLIGHT","TURNING","PARKING LOT",,"STRAIGHT AND LEVEL","DRY","NO DEFECTS","NOT ON SCENE (DESK REPORT)","NO INJURY / DRIVE AWAY",,"Y",,"OVER $1,500","2026-02-25T16:40:00.000","UNABLE TO DETERMINE","UNABLE TO DETERMINE","200","N","ARTESIAN AVE","1222",,,,,,,"2","NO INDICATION OF INJURY","0","0","0","0","0","2","0","9","4","2","41.8846898109","-87.6879074137","POINT (-87.687907413666 41.884689810857)"
"5ec1f9dbb99e2fc7c3ff4d9107a58ae26127a9dc1c633af53ad3cfa70b970debd7b5076540ffc3861a8f2b7de648b9cf084de5fa43c16756f50e6330943ca31e",,"2026-02-25T09:30:00.000","30","UNKNOWN","UNKNOWN","CLEAR","DAYLIGHT","SIDESWIPE SAME DIRECTION","DIVIDED - W/MEDIAN BARRIER",,"STRAIGHT AND LEVEL","UNKNOWN","UNKNOWN","NOT ON SCENE (DESK REPORT)","NO INJURY / DRIVE AWAY",,,,"OVER $1,500","2026-02-25T10:45:00.000","UNABLE TO DETERMINE","NOT APPLICABLE","359","S","STATE ST","113",,,,,,,"2","NO INDICATION OF INJURY","0","0","0","0","0","2","0","9","4","2","41.8769942462","-87.6275070404","POINT (-87.627507040393 41.876994246236)"
"85f93a8a2da04117f45f917dd740428cf5536f22902ad38a55de815271bd79d6c5306127728a46749258b99b2eb820f29da1b5583509a0a9bd0b027c551d1c5b",,"2026-02-25T09:29:00.000","30","NO CONTROLS","NO CONTROLS","CLEAR","DAYLIGHT","TURNING","NOT DIVIDED",,"STRAIGHT AND LEVEL","DRY","NO DEFECTS","ON SCENE","INJURY AND / OR TOW DUE TO CRASH",,,,"OVER $1,500","2026-02-25T09:30:00.000","UNABLE TO DETERMINE","UNABLE TO DETERMINE","5115","W","63RD ST","813",,,,,,,"2","NO INDICATION OF INJURY","0","0","0","0","0","2","0","9","4","2","41.7781651622","-87.7502644562","POINT (-87.750264456164 41.778165162179)"
"11d47aace0c63220eb5a6c2d5b85f6700080f0fd59278b4cd2928adc1e57d47d7307d7e4bb7934d98320f0f4d5fa6e324a9805ae6c69b2f822dad0f54126e999",,"2026-02-25T09:26:00.000","40","TRAFFIC SIGNAL","UNKNOWN","CLEAR","DAYLIGHT","REAR END","DIVIDED - W/MEDIAN BARRIER",,"STRAIGHT ON GRADE","OTHER","UNKNOWN","ON SCENE","INJURY AND / OR TOW DUE TO CRASH",,,,"OVER $1,500","2026-02-25T09:30:00.000","FOLLOWING TOO CLOSELY","FOLLOWING TOO CLOSELY","6245","S","LAKE SHORE DR","331",,,,,,,"3","NONINCAPACITATING INJURY","1","0","0","1","0","3","0","9","4","2","41.7808038994","-87.5746155834","POINT (-87.574615583406 41.780803899394)"
"073112e5f32f12196e35e9ddf9238691f593fc73369badf8e68fc2edee10dddf5ba0f12614a8f8cf677febf983e392720b23b048683822360fd0052069b777dc",,"2026-02-25T09:25:00.000","30","NO CONTROLS","NO CONTROLS","CLEAR","DAYLIGHT","SIDESWIPE SAME DIRECTION","NOT DIVIDED",,"STRAIGHT AND LEVEL","DRY","UNKNOWN","ON SCENE","NO INJURY / DRIVE AWAY",,,"Y","OVER $1,500","2026-02-25T09:57:00.000","IMPROPER LANE USAGE","NOT APPLICABLE","1838","S","CANAL ST","1235",,,,,,,"2","NO INDICATION OF INJURY","0","0","0","0","0","2","0","9","4","2","41.8565443273","-87.639043324","POINT (-87.639043324032 41.856544327269)"
"8f5011102fe97a5058e86910057f10924238f73db6830b02f564bba99724d6d211cf1c3985e352f279f20f2398f0ac0cdeaf8e2359bd0d40eeb85a33586ae783",,"2026-02-25T09:25:00.000","30","TRAFFIC SIGNAL","FUNCTIONING PROPERLY","CLEAR","DAYLIGHT","REAR END","DIVIDED - W/MEDIAN (NOT RAISED)",,"STRAIGHT AND LEVEL","DRY","NO DEFECTS","NOT ON SCENE (DESK REPORT)","NO INJURY / DRIVE AWAY",,,,"$500 OR LESS","2026-02-25T09:25:00.000","FOLLOWING TOO CLOSELY","FOLLOWING TOO CLOSELY","3801","W","HARRISON ST","1133",,,,,,,"2","NO INDICATION OF INJURY","0","0","0","0","0","2","0","9","4","2","41.8734046453","-87.7203996283","POINT (-87.720399628297 41.873404645345)"
"a305b62b295794ca072a9d5768ef63aa8525111d871758ec625e0a045a0b8c539281e36c412a96af358e700b13b41f45f575133bdf6d094901182ef857dfb617",,"2026-02-25T09:25:00.000","30","NO CONTROLS","NO CONTROLS","CLEAR","DAYLIGHT","ANGLE","NOT DIVIDED",,"STRAIGHT AND LEVEL","DRY","UNKNOWN","NOT ON SCENE (DESK REPORT)","NO INJURY / DRIVE AWAY",,,,"$500 OR LESS","2026-02-25T18:25:00.000","UNABLE TO DETERMINE","UNABLE TO DETERMINE","1608","W","WRIGHTWOOD AVE","1931",,,,,,,"2","NO INDICATION OF INJURY","0","0","0","0","0","2","0","9","4","2","41.9288799389","-87.6686725647","POINT (-87.668672564709 41.928879938932)"
"b683788f3767373a034da53a1187bd0ae79a055a8b09bf93a20e6856198c7581f1aea9be1a38bd6a5b570ea0e30b7368554e6adf5304405e3fa4d3820e471dd2",,"2026-02-25T09:20:00.000","30","TRAFFIC SIGNAL","FUNCTIONING PROPERLY","CLEAR","DAYLIGHT","ANGLE","FOUR WAY",,"STRAIGHT AND LEVEL","UNKNOWN","UNKNOWN","ON SCENE","INJURY AND / OR TOW DUE TO CRASH","Y",,,"OVER $1,500","2026-02-25T09:28:00.000","UNABLE TO DETERMINE","UNABLE TO DETERMINE","500","S","DAMEN AVE","1225",,,,,,,"2","INCAPACITATING INJURY","2","0","2","0","0","0","0","9","4","2","41.8749696849","-87.6766322963","POINT (-87.67663229632 41.874969684894)"
"f79c7ccd554e34e79a9e572b5920f793fc1f9e2c1ccb7d26dcea894fde5fefa0e634a33ec52732e5964e2349c3a70e58ec45905556bd9c9bf9873892c71d10f2",,"2026-02-25T09:20:00.000","30","NO CONTROLS","NO CONTROLS","CLEAR","DAYLIGHT","PARKED MOTOR VEHICLE","ONE-WAY",,"STRAIGHT AND LEVEL","DRY","NO DEFECTS","ON SCENE","NO INJURY / DRIVE AWAY",,,"Y","OVER $1,500","2026-02-25T16:00:00.000","DRIVING SKILLS/KNOWLEDGE/EXPERIENCE","DRIVING SKILLS/KNOWLEDGE/EXPERIENCE","1260","W","ADAMS ST","1224",,,,,,,"2","NO INDICATION OF INJURY","0","0","0","0","0","1","0","9","4","2","41.8791306876","-87.659371019","POINT (-87.659371019033 41.879130687558)"
"5d83f2f56ad6192eadb16e204536d462edd5af0cdd34d899601fb79880d3885b8fd08d6b20357352423ea606a238034dc05aad278f24671f662e6b5786f576d0",,"2026-02-25T09:17:00.000","30","NO CONTROLS","NO CONTROLS","CLEAR","DAYLIGHT","REAR END","NOT DIVIDED",,"STRAIGHT AND LEVEL","DRY","NO DEFECTS","NOT ON SCENE (DESK REPORT)","NO INJURY / DRIVE AWAY",,,,"$501 - $1,500","2026-02-25T09:52:00.000","UNABLE TO DETERMINE","NOT APPLICABLE","2101","W","ARMITAGE AVE","1434",,,,,,,"2","NO INDICATION OF INJURY","0","0","0","0","0","2","0","9","4","2","41.9175936638","-87.6802117933","POINT (-87.680211793323 41.917593663833)"
"fc0d64f3b27c2be6879b72f2c8b28c44587817509e3adfa80e2ba90b30e62a2cb8d1ebf0e758e5a713924710f5538f872864f8cd5aace094763c0ca8a3196e8e",,"2026-02-25T09:15:00.000","30","TRAFFIC SIGNAL","FUNCTIONING PROPERLY","CLEAR","DAYLIGHT","SIDESWIPE SAME DIRECTION","NOT DIVIDED",,"STRAIGHT AND LEVEL","DRY","NO DEFECTS","ON SCENE","NO INJURY / DRIVE AWAY",,,,"OVER $1,500","2026-02-25T09:16:00.000","IMPROPER LANE USAGE","NOT APPLICABLE","113","E","95TH ST","511",,,,"Y","CONSTRUCTION",,"2","NO INDICATION OF INJURY","0","0","0","0","0","2","0","9","4","2","41.7216830704","-87.6199671292","POINT (-87.619967129207 41.721683070414)"
"186bec83d97b390bd78c54b2c0e7be5a0b8a0125c74f276380ca8c506c3e34e9a6cdac1bd40c2da806cc0dc5509b385f4f481c0b4d79ccad1add50d0feb24db6","Y","2026-02-25T09:00:00.000","30","NO CONTROLS","NO CONTROLS","CLEAR","UNKNOWN","PARKED MOTOR VEHICLE","NOT DIVIDED",,"STRAIGHT AND LEVEL","DRY","NO DEFECTS","ON SCENE","NO INJURY / DRIVE AWAY",,,"Y","OVER $1,500","2026-02-25T09:05:00.000","UNABLE TO DETERMINE","NOT APPLICABLE","2425","N","GREENVIEW AVE","1932",,,,,,,"2","NO INDICATION OF INJURY","0","0","0","0","0","1","0","9","4","2","41.9259321857","-87.6656185559","POINT (-87.665618555885 41.925932185749)"
"219be102d26b36b9966fad516ea1e2ffeedeba780addbf9f85e5c4b8ee5ae8348254d4ccb0938f1fa85f239b18eb05a4435f09c52010add5d6bcbc964300ff7c",,"2026-02-25T08:56:00.000","30","NO CONTROLS","NO CONTROLS","CLEAR","DAYLIGHT","PEDESTRIAN","NOT DIVIDED",,"STRAIGHT AND LEVEL","DRY","NO DEFECTS","ON SCENE","INJURY AND / OR TOW DUE TO CRASH",,,"Y","$501 - $1,500","2026-02-25T09:08:00.000","UNABLE TO DETERMINE","UNABLE TO DETERMINE","1401","S","HALSTED ST","1232",,,,,,,"2","REPORTED, NOT EVIDENT","1","0","0","0","1","1","0","8","4","2","41.8635318088","-87.6466631284","POINT (-87.646663128411 41.863531808845)"
"edd37fc1b99848dfeecad207b239d6609e61bf0cf960010f858a6a44e497025093f6c0cf73887e0583a61c99a62f3b646d402ede89ec3415482efd0796798ae0",,"2026-02-25T08:55:00.000","30","STOP SIGN/FLASHER","FUNCTIONING PROPERLY","CLEAR","DAYLIGHT","ANGLE","FOUR WAY",,"STRAIGHT AND LEVEL","DRY","UNKNOWN","ON SCENE","INJURY AND / OR TOW DUE TO CRASH","Y",,,"OVER $1,500","2026-02-25T09:09:00.000","FAILING TO YIELD RIGHT-OF-WAY","UNABLE TO DETERMINE","1599","E","71ST PL","324",,,,,,,"2","NONINCAPACITATING INJURY","3","0","0","2","1","0","0","8","4","2","41.7650362406","-87.5859154671","POINT (-87.585915467117 41.765036240618)"
"8c13be5385d29ae99452a2fe069cde61ae5609cbae4cc38895f071e564f2a83349455eafbe112261639e5f5096825f98cef8821b1d48c71d2a4d1a9df09c7613",,"2026-02-25T08:50:00.000","10","NO CONTROLS","NO CONTROLS","CLEAR","DAYLIGHT","FIXED OBJECT","ALLEY",,"STRAIGHT AND LEVEL","DRY","UNKNOWN","ON SCENE","NO INJURY / DRIVE AWAY",,,,"OVER $1,500","2026-02-25T08:56:00.000","UNABLE TO DETERMINE","UNABLE TO DETERMINE","3101","W","53RD PL","923",,,,,,,"1","NO INDICATION OF INJURY","0","0","0","0","0","1","0","8","4","2","41.7961850448","-87.701314006","POINT (-87.701314006009 41.796185044775)"
"e881b581de50d39b7a79dbdae18e72ea5a504fa4aea11a61b2730f9dde716ec93d28d91cd6ab15a6d14a0d770b2eef842327362b12037da318031cd7b99d7d7c",,"2026-02-25T08:48:00.000","30","TRAFFIC SIGNAL","UNKNOWN","CLEAR","DAYLIGHT","REAR END","Y-INTERSECTION",,"STRAIGHT AND LEVEL","DRY","UNKNOWN","ON SCENE","NO INJURY / DRIVE AWAY","Y",,,"$500 OR LESS","2026-02-25T08:55:00.000","FOLLOWING TOO CLOSELY","NOT APPLICABLE","8500","S","HALSTED ST","613",,,,,,,"2","NO INDICATION OF INJURY","0","0","0","0","0","2","0","8","4","2","41.7396614159","-87.6438709516","POINT (-87.643870951608 41.739661415891)"
"25abf2bd2b7ebdaca8a644f5e4060ca473886e793024c5e7aa90a06a88e7a08956a3318777cd67904f413c80510049c3b3ff5da5ef10241bff121f1d15725dda",,"2026-02-25T08:35:00.000","30","UNKNOWN","UNKNOWN","CLEAR","DAYLIGHT","SIDESWIPE SAME DIRECTION","NOT DIVIDED",,"STRAIGHT AND LEVEL","UNKNOWN","UNKNOWN","ON SCENE","NO INJURY / DRIVE AWAY",,,,"OVER $1,500","2026-02-25T08:40:00.000","UNABLE TO DETERMINE","UNABLE TO DETERMINE","3698","W","CULLOM AVE","1723",,,,,,,"2","NO INDICATION OF INJURY","0","0","0","0","0","2","0","8","4","2","41.9593293997","-87.720367633","POINT (-87.720367633014 41.959329399655)"
"69631676c8ba281f0c8c03f0cee551da3212bbf6e97df8b5b5db9a839e80f50593a9f95aa9ebe25a25d670cb766516ac60e2629ee6eeb81571d64037837defa0",,"2026-02-25T08:30:00.000","20","STOP SIGN/FLASHER","FUNCTIONING PROPERLY","CLEAR","DAYLIGHT","PARKED MOTOR VEHICLE","NOT DIVIDED",,"STRAIGHT AND LEVEL","DRY","NO DEFECTS","NOT ON SCENE (DESK REPORT)","NO INJURY / DRIVE AWAY",,,,"$501 - $1,500","2026-02-25T09:30:00.000","FAILING TO YIELD RIGHT-OF-WAY","NOT APPLICABLE","5630","W","BELDEN AVE","2515",,,,,,,"2","NO INDICATION OF INJURY","0","0","0","0","0","2","0","8","4","2","41.9222461076","-87.7672019027","POINT (-87.767201902721 41.922246107605)"
"d8374636552f60ed482dd3a326b7aeb4bdf29666265cd1ac2684935d63270b06c28faf165472d25c100e83f0b2a85297f58e0ef85c9aabe6dfcb99e5a1372821",,"2026-02-25T08:30:00.000","30","STOP SIGN/FLASHER","NO CONTROLS","CLEAR","DAYLIGHT","SIDESWIPE OPPOSITE DIRECTION","PARKING LOT",,"STRAIGHT AND LEVEL","DRY","NO DEFECTS","NOT ON SCENE (DESK REPORT)","NO INJURY / DRIVE AWAY",,"Y",,"$501 - $1,500","2026-02-25T12:15:00.000","FAILING TO YIELD RIGHT-OF-WAY","DRIVING SKILLS/KNOWLEDGE/EXPERIENCE","257","N","CAMPBELL AVE","1222",,,,,,,"2","NO INDICATION OF INJURY","0","0","0","0","0","2","0","8","4","2","41.8862288242","-87.6888859177","POINT (-87.688885917733 41.886228824199)"
"7715199d10bb99e2f5474d4423b5be9e9ea98442e4acadd818d18f88dd9e20cad256e95ce0536028123824279c6f68268cdc2176cfb5eeca38cff52197556be3",,"2026-02-25T08:29:00.000","30","TRAFFIC SIGNAL","FUNCTIONING PROPERLY","CLEAR","DAYLIGHT","REAR END","ONE-WAY",,"STRAIGHT AND LEVEL","DRY","NO DEFECTS","NOT ON SCENE (DESK REPORT)","NO INJURY / DRIVE AWAY",,,,"OVER $1,500","2026-02-25T09:05:00.000","FOLLOWING TOO CLOSELY","FAILING TO REDUCE SPEED TO AVOID CRASH","6417","W","GREGORY ST","1613",,,,,,,"2","NO INDICATION OF INJURY","0","0","0","0","0","2","0","8","4","2","41.981945891","-87.7884855271","POINT (-87.788485527093 41.981945890955)"
"9abb990216823d3a8e6c71bb28d0fc8596dc7c1f175485cc0338f585528eadf44a26332cabd45160d8c590a0a49b911485fa3d6fcb0286870990fdc0fa134b55",,"2026-02-25T08:28:00.000","30","STOP SIGN/FLASHER","FUNCTIONING PROPERLY","CLEAR","DAYLIGHT","ANGLE","FOUR WAY",,"STRAIGHT AND LEVEL","DRY","NO DEFECTS","ON SCENE","NO INJURY / DRIVE AWAY","Y",,,"OVER $1,500","2026-02-25T08:28:00.000","FAILING TO YIELD RIGHT-OF-WAY","NOT APPLICABLE","8199","S","MORGAN ST","613",,,,,,,"2","NO INDICATION OF INJURY","0","0","0","0","0","2","0","8","4","2","41.7452007065","-87.6485943907","POINT (-87.648594390671 41.745200706464)"
"e6398892ae3195abe465e4cf8c5a3c74de34a27d61e6a5d84a03e9687b1b5ed3d228a58ccf65c60d0115739e5fbcf1f48c53fb803e67a8294ea02db259380216",,"2026-02-25T08:28:00.000","35","NO CONTROLS","NO CONTROLS","CLEAR","DAYLIGHT","REAR END","NOT DIVIDED",,"STRAIGHT AND LEVEL","DRY","NO DEFECTS","NOT ON SCENE (DESK REPORT)","NO INJURY / DRIVE AWAY",,,,"$501 - $1,500","2026-02-25T09:37:00.000","UNABLE TO DETERMINE","UNABLE TO DETERMINE","3306","N","LARAMIE AVE","1634",,,,,,,"2","NO INDICATION OF INJURY","0","0","0","0","0","2","0","8","4","2","41.9407450955","-87.7569055015","POINT (-87.756905501496 41.940745095471)"
"cf780b63b4d98a48b38285cbbc42926eb3f0c3b12a5984f4af5f0e1d8315a20bfe1d2021f29f5f7e5340cd0c660b7e0db4f4a3961a41a59079659d3973e31cce",,"2026-02-25T08:25:00.000","30","NO CONTROLS","NO CONTROLS","CLEAR","DAYLIGHT","SIDESWIPE SAME DIRECTION","NOT DIVIDED",,"STRAIGHT AND LEVEL","DRY","NO DEFECTS",,"NO INJURY / DRIVE AWAY",,,,"$501 - $1,500","2026-02-25T09:00:00.000","FAILING TO YIELD RIGHT-OF-WAY","NOT APPLICABLE","5224","N","NORTHWEST HWY","1622",,,,,,,"2","NO INDICATION OF INJURY","0","0","0","0","0","3","0","8","4","2","41.9755010045","-87.7692419184","POINT (-87.769241918423 41.975501004484)"
"aafdacce0d98d012827134adf9eb2afca0e94763857f951e9648175d068fb096abdcf62754804efa11a9c98d0bb0244ce79a02024b558a96a8b532203558c9ad",,"2026-02-25T08:20:00.000","10","NO CONTROLS","NO CONTROLS","CLEAR","DAYLIGHT","PARKED MOTOR VEHICLE","PARKING LOT",,"STRAIGHT AND LEVEL","DRY","NO DEFECTS","ON SCENE","INJURY AND / OR TOW DUE TO CRASH",,,,"$501 - $1,500","2026-02-25T09:07:00.000","DRIVING SKILLS/KNOWLEDGE/EXPERIENCE","PHYSICAL CONDITION OF DRIVER","2650","W","FULTON ST","1222",,,,,,,"2","NO INDICATION OF INJURY","0","0","0","0","0","1","0","8","4","2","41.886676655","-87.69354148","POINT (-87.693541479988 41.886676655033)"