"crash_record_id","crash_date_est_i","crash_date","posted_speed_limit","traffic_control_device","device_condition","weather_condition","lighting_condition","first_crash_type","trafficway_type","lane_cnt","alignment","roadway_surface_cond","road_defect","report_type","crash_type","intersection_related_i","private_property_i","hit_and_run_i","damage","date_police_notified","prim_contributory_cause","sec_contributory_cause","street_no","street_direction","street_name","beat_of_occurrence","photos_taken_i","statements_taken_i","dooring_i","work_zone_i","work_zone_type","workers_present_i","num_units","most_severe_injury","injuries_total","injuries_fatal","injuries_incapacitating","injuries_non_incapacitating","injuries_reported_not_evident","injuries_no_indication","injuries_unknown","crash_hour","crash_day_of_week","crash_month","latitude","longitude","location"
"468e79ce940e36741d32822f8d789b9d2f47347b18ef41c3fe8a0dbbc2143a3e03e5d7e96ec5b24d18b15fee8fd8e3cc818f5ba244f9094b950cd1328a029dd5",,"2026-02-25T08:15:00.000","30","NO CONTROLS","NO CONTROLS","CLEAR","DAYLIGHT","ANGLE","NOT DIVIDED",,"STRAIGHT AND LEVEL","DRY","NO DEFECTS","ON SCENE","NO INJURY / DRIVE AWAY","Y",,,"OVER $1,500","2026-02-25T08:31:00.000","FAILING TO YIELD RIGHT-OF-WAY","NOT APPLICABLE","5219","S","WOODLAWN AVE","234",,,,,,,"2","NO INDICATION OF INJURY","0","0","0","0","0","4","0","8","4","2","41.8003125284","-87.5965142397","POINT (-87.596514239695 41.800312528401)"
"805f4bccfecb4fd457cb20b8d99ec6fcfbc816c6647afc68a6560d3d6c7fe1365d0d0d53baba46f2f97b8098a32ba6ca94ddb078f78b64f9a7888beb7518f77c",,"2026-02-25T08:15:00.000","25","UNKNOWN","UNKNOWN","CLEAR","DAYLIGHT","REAR END","ONE-WAY",,"STRAIGHT AND LEVEL","DRY","NO DEFECTS","NOT ON SCENE (DESK REPORT)","NO INJURY / DRIVE AWAY",,,,"OVER $1,500","2026-02-25T09:10:00.000","UNABLE TO DETERMINE","UNABLE TO DETERMINE","1228","N","KEELER AVE","2534",,,,,,,"2","NO INDICATION OF INJURY","0","0","0","0","0","2","0","8","4","2","41.9034535484","-87.7313940669","POINT (-87.73139406686 41.903453548365)"
"d824c607726bb1251b3ba965df6d012ff529af426559db32b8a049a65b6b7969ec440961ed89beb8d33e9c692807b0d2f341495f9f9fcdb3f4fe7485eb6bf1a9",,"2026-02-25T08:15:00.000","30","STOP SIGN/FLASHER","FUNCTIONING PROPERLY","CLEAR","DAYLIGHT","PARKED MOTOR VEHICLE","NOT DIVIDED",,"STRAIGHT AND LEVEL","DRY","NO DEFECTS","ON SCENE","INJURY AND / OR TOW DUE TO CRASH",,,,"OVER $1,500","2026-02-25T08:17:00.000","UNABLE TO DETERMINE","UNABLE TO DETERMINE","3913","E","112TH ST","433",,,,,,,"2","NONINCAPACITATING INJURY","1","0","0","1","0","0","0","8","4","2","41.6917114375","-87.5289101773","POINT (-87.52891017733 41.691711437472)"
"e72f8e5ec332f946d5a0da85f059dba88c8ac06cf7fff82a00fb66e6ca526b2f6228d0ddb497d3fc4a110f3fec2851e2f62f9cb0fad4183b216ab6c77bc91709",,"2026-02-25T08:15:00.000","30","UNKNOWN","UNKNOWN","CLEAR","DAYLIGHT","TURNING","NOT DIVIDED",,"STRAIGHT AND LEVEL","UNKNOWN","UNKNOWN","ON SCENE","NO INJURY / DRIVE AWAY",,,,"OVER $1,500","2026-02-25T08:23:00.000","FAILING TO YIELD RIGHT-OF-WAY","IMPROPER TURNING/NO SIGNAL","3250","N","CICERO AVE","1634",,,,,,,"2","NO INDICATION OF INJURY","0","0","0","0","0","2","0","8","4","2","41.9403686456","-87.7470565374","POINT (-87.747056537375 41.940368645572)"
"3008836c8f1eb77de4bb6b573aefe159541f1920faafdf2d44f066cae7951938664fd4e0c72e147ff71f98789c284d8edbda1719449d579714dc26ebfc89f757",,"2026-02-25T08:13:00.000","25","TRAFFIC SIGNAL","FUNCTIONING PROPERLY","CLEAR","DAYLIGHT","TURNING","FOUR WAY",,"STRAIGHT AND LEVEL","DRY","NO DEFECTS",,"NO INJURY / DRIVE AWAY","Y",,,"$501 - $1,500","2026-02-25T08:23:00.000","VISION OBSCURED (SIGNS, TREE LIMBS, BUILDINGS, ETC.)","NOT APPLICABLE","1198","S","CENTRAL AVE","1513",,,,,,,"2","NO INDICATION OF INJURY","0","0","0","0","0","2","0","8","4","2","41.8656262434","-87.7644577758","POINT (-87.764457775815 41.865626243358)"
"4be6cc78aead0435a8f214b91ca40d64a24b8b83406103fd0292cd8ce5343b80dece509db44b6b36eb38c4ce754da646f90ebcaaeb4eabff2dcdf57e1cf8ed48",,"2026-02-25T08:12:00.000","25","NO CONTROLS","NO CONTROLS","CLEAR","DAYLIGHT","TURNING","NOT DIVIDED",,"STRAIGHT AND LEVEL","DRY","UNKNOWN","ON SCENE","NO INJURY / DRIVE AWAY",,,,"$501 - $1,500","2026-02-25T08:12:00.000","UNABLE TO DETERMINE","NOT APPLICABLE","1710","N","KOSTNER AVE","2533",,,,,,,"2","NO INDICATION OF INJURY","0","0","0","0","0","2","0","8","4","2","41.911946233","-87.7363210811","POINT (-87.736321081128 41.91194623298)"
"932fcb7aa4d723c4c09fd3b43aa88c90fb699530cbfa5b57956611beb2ce494e5b10ff35d2e54bd506bee8849fa1fe15137e7e738e6cd6054c5116b8ef1e9b26",,"2026-02-25T08:12:00.000","35","NO CONTROLS","NO CONTROLS","CLEAR","DAYLIGHT","SIDESWIPE SAME DIRECTION","ONE-WAY",,"STRAIGHT AND LEVEL","DRY","NO DEFECTS","ON SCENE","NO INJURY / DRIVE AWAY",,,,"OVER $1,500","2026-02-25T08:14:00.000","UNABLE TO DETERMINE","NOT APPLICABLE","3653","S","WENTWORTH AVE","915",,,,,,,"2","NO INDICATION OF INJURY","0","0","0","0","0","3","0","8","4","2","41.8275213995","-87.631279693","POINT (-87.631279693033 41.82752139955)"
"b6ae53e67171476a7c63e3920520ca2187f856ce5594cbee37dcdd948b4ae274b8d3296f9e61c34d4fe68296909c8a74404cdce91e7affa855096678da006d64",,"2026-02-25T08:12:00.000","30","NO CONTROLS","NO CONTROLS","CLEAR","DAYLIGHT","SIDESWIPE SAME DIRECTION","DIVIDED - W/MEDIAN (NOT RAISED)",,"STRAIGHT AND LEVEL","DRY","NO DEFECTS","NOT ON SCENE (DESK REPORT)","NO INJURY / DRIVE AWAY",,,"Y","$501 - $1,500","2026-02-25T18:00:00.000","UNABLE TO DETERMINE","NOT APPLICABLE","655","W","IRVING PARK RD","1925",,,,,,,"2","NO INDICATION OF INJURY","0","0","0","0","0","2","0","8","4","2","41.9544939556","-87.6472443312","POINT (-87.647244331225 41.954493955562)"
"c4979b3028d34a50b685ad776cdfe04b1175d89b7f36b8d3aca697cdb006139d06c0c98db2949ad773afc8b4680f576f98303fdb59cc51183386ea0aa6c8e6ae",,"2026-02-25T08:12:00.000","20","NO CONTROLS","NO CONTROLS","CLEAR","DAYLIGHT","REAR END","NOT DIVIDED",,"STRAIGHT AND LEVEL","DRY","NO DEFECTS","NOT ON SCENE (DESK REPORT)","NO INJURY / DRIVE AWAY",,,,"$500 OR LESS","2026-02-25T08:12:00.000","UNABLE TO DETERMINE","UNABLE TO DETERMINE","9407","S","LAFLIN ST","2222",,,,,,,"2","NO INDICATION OF INJURY","0","0","0","0","0","2","0","8","4","2","41.7228024168","-87.6601380349","POINT (-87.660138034884 41.722802416822)"
"e2613e3770f81d0b262553b38506451d5b8d10048709f76683dd1a80adee5283bcc6563a1b692c4b29fc1da35199a5b914c5359511ce78d785424cd56b57ba65",,"2026-02-25T08:05:00.000","30","TRAFFIC SIGNAL","FUNCTIONING PROPERLY","CLEAR","DAYLIGHT","TURNING","FOUR WAY",,"STRAIGHT AND LEVEL","DRY","NO DEFECTS","ON SCENE","NO INJURY / DRIVE AWAY","Y",,,"OVER $1,500","2026-02-25T09:01:00.000","DRIVING SKILLS/KNOWLEDGE/EXPERIENCE","NOT APPLICABLE","2000","W","ARMITAGE AVE","1432",,,,,,,"2","NO INDICATION OF INJURY","0","0","0","0","0","2","0","8","4","2","41.917864806","-87.6777495407","POINT (-87.677749540697 41.917864805963)"
"1feca7e7affb49855bd7dc5b2819a06fe2b68d13a4141c3bbdcb7d79835400eecb6f739738c0c332aedf6014acf731efbebeb1dee34e0b1525f8afb04e3bc946",,"2026-02-25T08:00:00.000","20","NO CONTROLS","NO CONTROLS","CLEAR","DAYLIGHT","TURNING","ONE-WAY",,"STRAIGHT AND LEVEL","DRY","NO DEFECTS","NOT ON SCENE (DESK REPORT)","NO INJURY / DRIVE AWAY",,,,"OVER $1,500","2026-02-25T08:45:00.000","FAILING TO YIELD RIGHT-OF-WAY","NOT APPLICABLE","5216","W","GRACE ST","1634",,,,,,,"2","NO INDICATION OF INJURY","0","0","0","0","0","5","0","8","4","2","41.9497506348","-87.7577697482","POINT (-87.757769748217 41.949750634805)"
"3938b27c8ff3e703413b2c627bc97284d46af53a7efdfe97787d10285296217d31b3aad957cf8e3b7c98f5c2b5c32dd3e7b69e853024b59e46b687004e2df829",,"2026-02-25T08:00:00.000","30","NO CONTROLS","NO CONTROLS","CLEAR","DAYLIGHT","SIDESWIPE SAME DIRECTION","NOT DIVIDED",,"STRAIGHT AND LEVEL","DRY","NO DEFECTS","NOT ON SCENE (DESK REPORT)","NO INJURY / DRIVE AWAY",,,"Y","$501 - $1,500","2026-02-25T16:23:00.000","UNABLE TO DETERMINE","NOT APPLICABLE","1308","W","95TH ST","2222",,,,,,,"2","NO INDICATION OF INJURY","0","0","0","0","0","2","0","8","4","2","41.7214133832","-87.6557817851","POINT (-87.65578178511 41.721413383167)"
"793c10ed723f7df32b8b8b7d06d83107b976c9ba7f984b577a1d6b1c7ae917cd6e7c97c7c480b608b6ab66bf61523f78c0d20662440fa141b65d78a45cfa5c08",,"2026-02-25T08:00:00.000","25","NO CONTROLS","NO CONTROLS","UNKNOWN","UNKNOWN","PARKED MOTOR VEHICLE","ONE-WAY",,"STRAIGHT AND LEVEL","UNKNOWN","UNKNOWN","NOT ON SCENE (DESK REPORT)","NO INJURY / DRIVE AWAY",,,"Y","$501 - $1,500","2026-03-13T12:30:00.000","UNABLE TO DETERMINE","NOT APPLICABLE","2240","N","BISSELL ST","1812",,,,,,,"2","NO INDICATION OF INJURY","0","0","0","0","0","1","0","8","4","2","41.9229808338","-87.6524647246","POINT (-87.652464724568 41.92298083382)"
"eb697fc79969ba32efb20b9ecf608a5de3ff7bb322b24f30ae1f630f0352eb3587e921e910f2b51c60406c202df650fe213d9580d3a72ba96e8747e454066a9d",,"2026-02-25T08:00:00.000","30","TRAFFIC SIGNAL","FUNCTIONING PROPERLY","CLOUDY/OVERCAST","UNKNOWN","SIDESWIPE SAME DIRECTION","NOT DIVIDED",,"STRAIGHT AND LEVEL","UNKNOWN","UNKNOWN","NOT ON SCENE (DESK REPORT)","NO INJURY / DRIVE AWAY",,,,"$501 - $1,500","2026-02-27T12:40:00.000","UNABLE TO DETERMINE","NOT APPLICABLE","6501","S","KEDZIE AVE","831",,,,,,,"2","NO INDICATION OF INJURY","0","0","0","0","0","3","0","8","4","2","41.7752800964","-87.7029041491","POINT (-87.702904149106 41.775280096359)"
"f58e219af459b049a1befc751f46d2d41a9f4a108baeda2d5fdcc1514b825d700e24a99d15f29bf0b309db0d1354106dbc0ecdf7c4874e69d445caeb0d56e2f9",,"2026-02-25T08:00:00.000","20","NO CONTROLS","NO CONTROLS","CLEAR","DAYLIGHT","PARKED MOTOR VEHICLE","ONE-WAY",,"STRAIGHT AND LEVEL","DRY","NO DEFECTS","NOT ON SCENE (DESK REPORT)","NO INJURY / DRIVE AWAY",,,,"OVER $1,500","2026-02-25T09:00:00.000","UNABLE TO DETERMINE","UNABLE TO DETERMINE","5225","S","TALMAN AVE","923",,,,,,,"2","NO INDICATION OF INJURY","0","0","0","0","0","1","0","8","4","2","41.7984581355","-87.6901228185","POINT (-87.690122818543 41.798458135529)"
"7f145c3fe99a8c39dfca7adda85806e76f3e3bbcd0617e5adc8f64f7f684a6221427d6fbd93f85ab9b227e0dea19126f7cf0dbd4eb7f7e7ab5a5cd745724794b",,"2026-02-25T07:59:00.000","30","STOP SIGN/FLASHER","FUNCTIONING PROPERLY","CLEAR","DAYLIGHT","ANGLE","NOT DIVIDED",,"STRAIGHT AND LEVEL","DRY","NO DEFECTS","ON SCENE","INJURY AND / OR TOW DUE TO CRASH","Y",,,"OVER $1,500","2026-02-25T07:59:00.000","FAILING TO YIELD RIGHT-OF-WAY","UNABLE TO DETERMINE","6000","S","RACINE AVE","713",,,,,,,"2","NO INDICATION OF INJURY","0","0","0","0","0","3","0","7","4","2","41.7849710126","-87.6547852987","POINT (-87.654785298736 41.784971012582)"
"487257014f41f8715d5e4544f002dd5030f1b7f6103e4f39f4b7238b08afec967dbec1655ca417ff99cbbf5f2746d2ebd8bc3ee1cd60dc2767569f011ac88a3a",,"2026-02-25T07:55:00.000","20","NO CONTROLS","NO CONTROLS","CLEAR","DAYLIGHT","REAR END","PARKING LOT",,"STRAIGHT AND LEVEL","DRY","NO DEFECTS","NOT ON SCENE (DESK REPORT)","NO INJURY / DRIVE AWAY",,"Y",,"OVER $1,500","2026-02-25T08:20:00.000","UNABLE TO DETERMINE","UNABLE TO DETERMINE","5401","S","WESTERN BLVD","932",,,,,,,"2","NO INDICATION OF INJURY","0","0","0","0","0","2","0","7","4","2","41.7955523454","-87.6833722856","POINT (-87.683372285592 41.795552345378)"
"001910f9b69f41725e9fc98df2d4061cc1b801736e7bbd3cb09acbc8aa5e8f783dd18be1661fedae5092789a1ffb2f8b885853b9a2efb576d3a8475b9a2ae501",,"2026-02-25T07:50:00.000","30","STOP SIGN/FLASHER","FUNCTIONING PROPERLY","CLEAR","DAYLIGHT","TURNING","UNKNOWN INTERSECTION TYPE",,"STRAIGHT AND LEVEL","DRY","NO DEFECTS","ON SCENE","NO INJURY / DRIVE AWAY","Y",,,"$500 OR LESS","2026-02-25T07:54:00.000","FAILING TO YIELD RIGHT-OF-WAY","UNABLE TO DETERMINE","1131","W","99TH ST","2223",,,,,,,"2","NO INDICATION OF INJURY","0","0","0","0","0","7","0","7","4","2","41.7140322894","-87.6516621833","POINT (-87.651662183332 41.714032289418)"
"6e689dc0e8f5c04d77d285225337b322d886f66246f311c093b22b8d88875cca2a2839cffb46f52883acac6785398ef029676119992daa9aea8476a49f380f82",,"2026-02-25T07:50:00.000","30","STOP SIGN/FLASHER","NO CONTROLS","CLEAR","DAYLIGHT","ANGLE","FOUR WAY",,"STRAIGHT AND LEVEL","DRY","NO DEFECTS","ON SCENE","INJURY AND / OR TOW DUE TO CRASH","Y",,,"OVER $1,500","2026-02-25T07:51:00.000","FAILING TO YIELD RIGHT-OF-WAY","UNABLE TO DETERMINE","11700","S","JUSTINE ST","524",,"Y",,,,,"2","NONINCAPACITATING INJURY","2","0","0","2","0","0","0","7","4","2","41.6811055706","-87.6604264077","POINT (-87.660426407651 41.681105570553)"
"845832310c4ae66bbf594b5da62923ecf0dcb21cadbbcc6af1ca49d3c8467ad4b80436be49fbbcf1efb612c8fa96e4ab3d68afb9ec49d207b28ae5e9beb0d756",,"2026-02-25T07:47:00.000","30","STOP SIGN/FLASHER","FUNCTIONING PROPERLY","CLEAR","DAYLIGHT","TURNING","FOUR WAY",,"STRAIGHT AND LEVEL","DRY","UNKNOWN","ON SCENE","NO INJURY / DRIVE AWAY",,,,"$501 - $1,500","2026-02-25T08:48:00.000","UNABLE TO DETERMINE","IMPROPER OVERTAKING/PASSING","7198","S","YATES BLVD","334",,,,,,,"2","NO INDICATION OF INJURY","0","0","0","0","0","2","0","7","4","2","41.7645019385","-87.5666342728","POINT (-87.566634272827 41.764501938514)"
"ccca32976139ac3ad800a0a6e7bf2afc1782798996c0accb7599af25fef9f6f254f817c2e12619da7b3eb31a2344c4f56f63dd02c18a007d6b737037c0512452",,"2026-02-25T07:47:00.000","30","UNKNOWN","UNKNOWN","UNKNOWN","DAYLIGHT","SIDESWIPE SAME DIRECTION","DIVIDED - W/MEDIAN BARRIER",,"STRAIGHT AND LEVEL","UNKNOWN","UNKNOWN","NOT ON SCENE (DESK REPORT)","NO INJURY / DRIVE AWAY",,,"Y","$501 - $1,500","2026-02-25T16:50:00.000","UNABLE TO DETERMINE","NOT APPLICABLE","4015","N","ASHLAND AVE","1912",,,,,,,"2","NO INDICATION OF INJURY","0","0","0","0","0","2","0","7","4","2","41.9547836138","-87.6689164251","POINT (-87.668916425068 41.954783613822)"
"53ae021da00bc34ed15b66242a1510e24b673b1fd1b8208e06a79ae8f289fd7b226a68e249b0c902450e542c9a177a7035b5ffb8e8ead625d970856c402a57c3",,"2026-02-25T07:45:00.000","30","STOP SIGN/FLASHER","FUNCTIONING PROPERLY","CLEAR","DAYLIGHT","ANGLE","NOT DIVIDED",,"STRAIGHT AND LEVEL","DRY","NO DEFECTS","NOT ON SCENE (DESK REPORT)","NO INJURY / DRIVE AWAY","Y",,,"OVER $1,500","2026-02-25T08:20:00.000","FAILING TO YIELD RIGHT-OF-WAY","FAILING TO YIELD RIGHT-OF-WAY","6501","S","MORGAN ST","723",,,,,,,"2","NO INDICATION OF INJURY","0","0","0","0","0","2","0","7","4","2","41.7759517568","-87.6493995434","POINT (-87.649399543402 41.775951756777)"
"8b6667c641d0e9538201b893050ec6954942981390ccf57b0c6f7f5d63eacaa49175a9f18c66f87eb4f187b87489d6844ae122d23e7b7de6959329d2f326add0",,"2026-02-25T07:45:00.000","30","TRAFFIC SIGNAL","UNKNOWN","CLEAR","DAYLIGHT","TURNING","T-INTERSECTION",,"STRAIGHT AND LEVEL","DRY","UNKNOWN","NOT ON SCENE (DESK REPORT)","NO INJURY / DRIVE AWAY","Y",,,"OVER $1,500","2026-02-25T09:00:00.000","FOLLOWING TOO CLOSELY","FOLLOWING TOO CLOSELY","2620","W","ADDISON ST","1921",,,,,,,"2","NO INDICATION OF INJURY","0","0","0","0","0","3","0","7","4","2","41.9468211189","-87.6940122782","POINT (-87.694012278218 41.946821118875)"
"4ec23c259d63a7859f0972482f7e7e7306fc697f7be0a5927e8c84befdc00fd4e985f2c848c0dbc52c834ae6b8e8d19022d7e596415d93fc1742342786b64e02",,"2026-02-25T07:43:00.000","30","NO CONTROLS","NO CONTROLS","CLEAR","DAYLIGHT","PARKED MOTOR VEHICLE","NOT DIVIDED",,"STRAIGHT AND LEVEL","DRY","NO DEFECTS","ON SCENE","INJURY AND / OR TOW DUE TO CRASH",,,"Y","OVER $1,500","2026-02-25T07:45:00.000","UNABLE TO DETERMINE","UNABLE TO DETERMINE","834","W","DIVERSEY PKWY","1933","Y",,,,,,"4","NO INDICATION OF INJURY","0","0","0","0","0","1","0","7","4","2","41.9328032526","-87.6504388641","POINT (-87.650438864109 41.932803252556)"
"a1ba162fccf4d22e394ae4c061a72fab2502ab866feb7929427888ce0068b3288a41ac4e064e6d4020f7bca5920eb82623314642acd642c058ad88463e3c0954",,"2026-02-25T07:42:00.000","20","NO CONTROLS","NO CONTROLS","CLEAR","DAYLIGHT","SIDESWIPE SAME DIRECTION","NOT DIVIDED",,"STRAIGHT AND LEVEL","DRY","NO DEFECTS","ON SCENE","INJURY AND / OR TOW DUE TO CRASH",,,"Y","OVER $1,500","2026-02-25T07:42:00.000","IMPROPER OVERTAKING/PASSING","IMPROPER OVERTAKING/PASSING","3612","W","ROOSEVELT RD","1133",,,,,,,"5","NONINCAPACITATING INJURY","2","0","0","2","0","2","0","7","4","2","41.8663964343","-87.7159503449","POINT (-87.715950344868 41.866396434261)"
"fc721344b663c9a8aba547f1c457275abbb97d462c0e6fca742ec341c111b111e55cbc776d5d5ae4a8652c8956146b67bbff183a699caa29ac0e27bdb3789e59",,"2026-02-25T07:41:00.000","30","NO CONTROLS","NO CONTROLS","CLEAR","DAYLIGHT","PEDESTRIAN","ONE-WAY",,"STRAIGHT AND LEVEL","DRY","NO DEFECTS","ON SCENE","INJURY AND / OR TOW DUE TO CRASH",,,"Y","OVER $1,500","2026-02-25T07:42:00.000","NOT APPLICABLE","NOT APPLICABLE","3944","W","68TH ST","833",,,,,,,"2","FATAL","1","1","0","0","0","1","0","7","4","2","41.7696734627","-87.7218758455","POINT (-87.721875845538 41.769673462675)"
"29475a0db721a1b595045334f3117cbd8079659af8e5b888bd6079aa473b71f57b11edbb8e2cb7f739ac39c76dce5a1c1b393e56b6f7262f43141624912e42da",,"2026-02-25T07:40:00.000","30","TRAFFIC SIGNAL","FUNCTIONING PROPERLY","CLEAR","DAYLIGHT","REAR END","DIVIDED - W/MEDIAN (NOT RAISED)",,"STRAIGHT AND LEVEL","DRY","NO DEFECTS","NOT ON SCENE (DESK REPORT)","INJURY AND / OR TOW DUE TO CRASH",,,,"$501 - $1,500","2026-02-26T09:50:00.000","FOLLOWING TOO CLOSELY","UNABLE TO DETERMINE","6411","W","DEVON AVE","1611",,,,,,,"2","REPORTED, NOT EVIDENT","3","0","0","0","3","1","0","7","4","2","41.9972418991","-87.7878541532","POINT (-87.787854153156 41.997241899113)"
"5dad139a791dbb518429050afea6c5894a309b4d0b4509fb19e230a63358d8d0169fc9648b7fde46055b1753ba6f52e68173453aa0a11aafcce93c39240b38b0",,"2026-02-25T07:40:00.000","30","UNKNOWN","UNKNOWN","CLEAR","DAYLIGHT","REAR END","NOT DIVIDED",,"STRAIGHT AND LEVEL","DRY","UNKNOWN","NOT ON SCENE (DESK REPORT)","NO INJURY / DRIVE AWAY",,,,"OVER $1,500","2026-02-25T08:35:00.000","UNABLE TO DETERMINE","UNABLE TO DETERMINE","7500","S","PULASKI RD","833",,,,,,,"2","NO INDICATION OF INJURY","0","0","0","0","0","5","0","7","4","2","41.7568763948","-87.7223217383","POINT (-87.722321738255 41.756876394825)"
"947b2e375ef665baa5aaa286f5811319f694747e8dfc1ddd797dfe39861e5cbba3529c4748eee996abb4917d25689793c7ab5eb69479ea8ba1aea54bd7abe102",,"2026-02-25T07:38:00.000","30","TRAFFIC SIGNAL","FUNCTIONING PROPERLY","CLEAR","DAYLIGHT","REAR END","NOT DIVIDED",,"STRAIGHT AND LEVEL","DRY","NO DEFECTS","ON SCENE","NO INJURY / DRIVE AWAY","Y",,,"OVER $1,500","2026-02-25T07:45:00.000","FAILING TO REDUCE SPEED TO AVOID CRASH","FOLLOWING TOO CLOSELY","1440","W","111TH ST","2234",,,,,,,"2","NO INDICATION OF INJURY","0","0","0","0","0","2","0","7","4","2","41.6922724988","-87.6585171948","POINT (-87.658517194808 41.692272498773)"
"c6912ece00c1b424ad4d036448122f5ebdfad0c795841bcc7690291e9a59192c3fc1e35cb719f2bd78d26ab5099fbc8b314e023ef5bddc4cadf51c12a9c3adbc",,"2026-02-25T07:35:00.000","35","NO CONTROLS","NO CONTROLS","CLEAR","DAYLIGHT","ANGLE","NOT DIVIDED",,"STRAIGHT AND LEVEL","DRY","SHOULDER DEFECT","NOT ON SCENE (DESK REPORT)","NO INJURY / DRIVE AWAY",,,,"OVER $1,500","2026-02-25T08:27:00.000","UNABLE TO DETERMINE","UNABLE TO DETERMINE","4834","N","NATCHEZ AVE","1613",,,,,,,"2","NO INDICATION OF INJURY","0","0","0","0","0","2","0","7","4","2","41.9694804466","-87.7893554778","POINT (-87.789355477831 41.969480446585)"
"fd7f9606fc87a77f43496e48ca78407cb67d8ffbfbb70a7b45686ad2cf6aeb48acf0a16e31a47b2894d9edc4325bf6682e02c5441ff0b815e02bd71e57104a33",,"2026-02-25T07:30:00.000","15","NO CONTROLS","NO CONTROLS","CLEAR","DUSK","PARKED MOTOR VEHICLE","PARKING LOT",,"STRAIGHT AND LEVEL","DRY","NO DEFECTS","ON SCENE","INJURY AND / OR TOW DUE TO CRASH",,"Y",,"OVER $1,500","2026-02-25T09:58:00.000","IMPROPER LANE USAGE","UNABLE TO DETERMINE","525","E","130TH ST","533",,,,,,,"2","NO INDICATION OF INJURY","0","0","0","0","0","1","0","7","4","2","41.6590247218","-87.6090913977","POINT (-87.609091397733 41.659024721797)"
"221a917352110c7f2b6085c050c8440106a86da7a0ca0805cb81ff4b875ba61e869bef37bda54954bfd9d4e721b16b8fffa9f9991a72d45fd21ec132012bcad4",,"2026-02-25T07:25:00.000","30","NO CONTROLS","NO CONTROLS","CLEAR","DAYLIGHT","PARKED MOTOR VEHICLE","DIVIDED - W/MEDIAN (NOT RAISED)",,"STRAIGHT AND LEVEL","UNKNOWN","UNKNOWN","NOT ON SCENE (DESK REPORT)","NO INJURY / DRIVE AWAY",,,,"OVER $1,500","2026-02-25T08:15:00.000","IMPROPER OVERTAKING/PASSING","UNABLE TO DETERMINE","4380","N","ELSTON AVE","1722",,,,,,,"2","NO INDICATION OF INJURY","0","0","0","0","0","2","0","7","4","2","41.9603960417","-87.7291418458","POINT (-87.729141845794 41.960396041719)"
"e5117f7c402838c79368540996189a581b528da485967edbbb096b48f4ddc2257522255ce222dfabc5da5a68ded08dd792dd5d8fa33fa42d768c2e9a00f9ec5d",,"2026-02-25T07:25:00.000","35","TRAFFIC SIGNAL","FUNCTIONING PROPERLY","CLEAR","DAYLIGHT","TURNING","FIVE POINT, OR MORE",,"STRAIGHT AND LEVEL","DRY","UNKNOWN","ON SCENE","INJURY AND / OR TOW DUE TO CRASH","Y",,,"OVER $1,500","2026-02-25T07:33:00.000","FOLLOWING TOO CLOSELY","UNABLE TO DETERMINE","4982","S","ARCHER AVE","821",,,,,,,"2","NONINCAPACITATING INJURY","1","0","0","1","0","1","0","7","4","2","41.8027861373","-87.7228933679","POINT (-87.722893367872 41.802786137288)"
"1a8219e22d43ab6c6ddb83ea0771ab09e521d0eacd89364061bc3f737ae3cf601496cdf613d3253c981a70c8d0ac6ca0a53c650f6ddcb200dfe0a7dc297878bc",,"2026-02-25T07:19:00.000","30","TRAFFIC SIGNAL","FUNCTIONING PROPERLY","CLEAR","DAYLIGHT","REAR END","NOT DIVIDED",,"STRAIGHT AND LEVEL","DRY","NO DEFECTS","ON SCENE","NO INJURY / DRIVE AWAY","Y",,,"OVER $1,500","2026-02-25T07:24:00.000","FAILING TO REDUCE SPEED TO AVOID CRASH","UNABLE TO DETERMINE","4000","N","NARRAGANSETT AVE","1632",,,,,,,"2","NO INDICATION OF INJURY","0","0","0","0","0","3","0","7","4","2","41.9529586511","-87.7867085022","POINT (-87.786708502186 41.952958651098)"
"699ead10bde074e5e088167ed2749fb391f06e8b202779f55ee1b631a1021fd5f0698074c30f2834edf71e84641af87a90d7a89039751eb8606b06a72505e335",,"2026-02-25T07:12:00.000","30","TRAFFIC SIGNAL","FUNCTIONING PROPERLY","CLEAR","DAYLIGHT","SIDESWIPE SAME DIRECTION","FOUR WAY",,"STRAIGHT AND LEVEL","DRY","UNKNOWN","ON SCENE","NO INJURY / DRIVE AWAY",,,"Y","$501 - $1,500","2026-02-25T07:19:00.000","FAILING TO REDUCE SPEED TO AVOID CRASH","FAILING TO REDUCE SPEED TO AVOID CRASH","801","S","DAMEN AVE","1231",,,,,,,"2","NO INDICATION OF INJURY","0","0","0","0","0","2","0","7","4","2","41.8714163821","-87.6762351285","POINT (-87.676235128501 41.871416382143)"
"ae69f1dc3d9f7375ac8c6d5ecfa4f752c72d5f3b096862749cca5c52fb91db726dac9b28f239dc065914600126fac5572e77061a64da87f4908b4a8ab71bddad",,"2026-02-25T07:03:00.000","30","NO CONTROLS","NO CONTROLS","CLEAR","DAYLIGHT","SIDESWIPE SAME DIRECTION","NOT DIVIDED",,"STRAIGHT AND LEVEL","UNKNOWN","UNKNOWN","ON SCENE","NO INJURY / DRIVE AWAY","Y",,,"OVER $1,500","2026-02-25T07:08:00.000","UNABLE TO DETERMINE","NOT APPLICABLE","835","W","76TH ST","621",,"Y",,,,,"2","NO INDICATION OF INJURY","0","0","0","0","0","3","0","7","4","2","41.7559723775","-87.6455372155","POINT (-87.645537215501 41.755972377481)"