"crash_record_id","crash_date_est_i","crash_date","posted_speed_limit","traffic_control_device","device_condition","weather_condition","lighting_condition","first_crash_type","trafficway_type","lane_cnt","alignment","roadway_surface_cond","road_defect","report_type","crash_type","intersection_related_i","private_property_i","hit_and_run_i","damage","date_police_notified","prim_contributory_cause","sec_contributory_cause","street_no","street_direction","street_name","beat_of_occurrence","photos_taken_i","statements_taken_i","dooring_i","work_zone_i","work_zone_type","workers_present_i","num_units","most_severe_injury","injuries_total","injuries_fatal","injuries_incapacitating","injuries_non_incapacitating","injuries_reported_not_evident","injuries_no_indication","injuries_unknown","crash_hour","crash_day_of_week","crash_month","latitude","longitude","location"
"7d246f6f02cfd8e3e2eb1f1529b66aa9aa89206a3bf1f27333fd6889ec7d5b9d783427ebc3f9cdac52b4d2213c6f33edaa7f7aa9effabb3abd250125f0b11fc0",,"2026-02-25T07:00:00.000","30","STOP SIGN/FLASHER","FUNCTIONING PROPERLY","CLEAR","DAYLIGHT","SIDESWIPE SAME DIRECTION","NOT DIVIDED",,"STRAIGHT AND LEVEL","DRY","NO DEFECTS",,"NO INJURY / DRIVE AWAY",,,,"$501 - $1,500","2026-02-25T08:00:00.000","FAILING TO YIELD RIGHT-OF-WAY","NOT APPLICABLE","1601","N","NARRAGANSETT AVE","2513",,,,,,,"2","NO INDICATION OF INJURY","0","0","0","0","0","2","0","7","4","2","41.9092410631","-87.7848584303","POINT (-87.784858430342 41.90924106312)"
"85287961a111b4139e3040e077c0dc78580ed558652af3fb1087c734e417fc0ed73fda91436c87e6fc0868f677c17bd59c0cb94ec0d7516171aa51bf7a3dfaa6",,"2026-02-25T06:58:00.000","30","NO CONTROLS","NO CONTROLS","CLEAR","DAYLIGHT","ANGLE","NOT DIVIDED",,"STRAIGHT AND LEVEL","DRY","NO DEFECTS","ON SCENE","INJURY AND / OR TOW DUE TO CRASH",,,,"OVER $1,500","2026-02-25T07:43:00.000","UNABLE TO DETERMINE","UNABLE TO DETERMINE","935","E","49TH ST","222",,,,,,,"2","REPORTED, NOT EVIDENT","1","0","0","0","1","1","0","6","4","2","41.8058300466","-87.6023674073","POINT (-87.602367407277 41.805830046598)"
"68ad36d9ccdfb70c703ef7e628a239035ed6c4087b88e87ec4aa94af3e1a90c6c3ec037883baa5d4c4d2b4cb531a992a97e67922da07bd228ed06763c8ea9753",,"2026-02-25T06:52:00.000","30","UNKNOWN","UNKNOWN","CLEAR","DAYLIGHT","REAR END","NOT DIVIDED",,"STRAIGHT AND LEVEL","DRY","UNKNOWN","NOT ON SCENE (DESK REPORT)","NO INJURY / DRIVE AWAY",,,,"OVER $1,500","2026-02-25T07:38:00.000","UNABLE TO DETERMINE","UNABLE TO DETERMINE","3908","W","47TH ST","821",,,,,,,"2","NO INDICATION OF INJURY","0","0","0","0","0","2","0","6","4","2","41.8080057004","-87.7215592355","POINT (-87.721559235478 41.808005700386)"
"541cf2f430d1f7774fbf21c617920680fbdf8dd69d5ef5a37f2c1fc613b0cb62c30d54466b2936701c6e995e7c155993a212f17680f24f5a7a44152de7d29f7c",,"2026-02-25T06:50:00.000","25","TRAFFIC SIGNAL","FUNCTIONING PROPERLY","CLEAR","DAYLIGHT","TURNING","NOT DIVIDED",,"STRAIGHT AND LEVEL","DRY","NO DEFECTS","NOT ON SCENE (DESK REPORT)","NO INJURY / DRIVE AWAY",,,,"OVER $1,500","2026-02-25T16:30:00.000","IMPROPER TURNING/NO SIGNAL","NOT APPLICABLE","2870","N","LAKEWOOD AVE","1932",,,,,,,"2","NO INDICATION OF INJURY","0","0","0","0","0","2","0","6","4","2","41.9342856714","-87.6613426549","POINT (-87.661342654883 41.934285671382)"
"5c916009f91de77631ce6919707daf09b5d2ad05644c7b855c962f64e398815070c7c342287cbefb1d0b29d41b2d34fe81a0a03634e0f7f8a3d9c29ccd7596f0",,"2026-02-25T06:50:00.000","30","TRAFFIC SIGNAL","FUNCTIONING PROPERLY","CLEAR","DAYLIGHT","REAR END","NOT DIVIDED",,"STRAIGHT AND LEVEL","DRY","NO DEFECTS","ON SCENE","INJURY AND / OR TOW DUE TO CRASH",,,,"OVER $1,500","2026-02-25T08:50:00.000","FOLLOWING TOO CLOSELY","NOT APPLICABLE","9505","S","STONY ISLAND AVE","431",,,,,,,"2","NONINCAPACITATING INJURY","1","0","0","1","0","3","0","6","4","2","41.7221141443","-87.5849545247","POINT (-87.584954524679 41.722114144277)"
"96ede8cd94995250121865d493e93e07265f28f63db87a8a670924a7408d19f41d59bbe4299de60527d04fd672e876161f277d2368c3cd5418b66ca733ddcf6b",,"2026-02-25T06:50:00.000","30","NO CONTROLS","NO CONTROLS","CLEAR","DAYLIGHT","FIXED OBJECT","NOT DIVIDED",,"STRAIGHT AND LEVEL","DRY","NO DEFECTS","ON SCENE","INJURY AND / OR TOW DUE TO CRASH",,,,"OVER $1,500","2026-02-25T07:06:00.000","NOT APPLICABLE","NOT APPLICABLE","2908","W","LAKE ST","1222",,,,,,,"1","NONINCAPACITATING INJURY","1","0","0","1","0","0","0","6","4","2","41.8842482097","-87.6992664007","POINT (-87.699266400729 41.884248209666)"
"ba7ebccd0d3b27751a8ffe9e705ae0f2faa406b7da73cf8ae17bbd2d87eb9053a161568d017b3cd6ea749985f4fa464e530187efae7603db3dc5ba56e1591ec6",,"2026-02-25T06:50:00.000","15","NO CONTROLS","NO CONTROLS","CLEAR","DAYLIGHT","TURNING","ALLEY",,"STRAIGHT AND LEVEL","DRY","NO DEFECTS","NOT ON SCENE (DESK REPORT)","INJURY AND / OR TOW DUE TO CRASH","N",,,"OVER $1,500","2026-02-25T18:48:00.000","FAILING TO REDUCE SPEED TO AVOID CRASH","NOT APPLICABLE","5847","W","FOSTER AVE","1622",,,,,,,"2","NONINCAPACITATING INJURY","1","0","0","1","0","1","0","6","4","2","41.9755622523","-87.7752265274","POINT (-87.775226527443 41.975562252273)"
"e968ca97c04f3860f3f5af96ca05fbab14821bcd106950562cd46e4be8c2ef8ef6a6dc7ac743705ddb7f9a5d7a983fa3c67af5574e6880696384d5394158f925",,"2026-02-25T06:44:00.000","30","NO CONTROLS","NO CONTROLS","CLEAR","DAYLIGHT","PARKED MOTOR VEHICLE","NOT DIVIDED",,"STRAIGHT AND LEVEL","DRY","NO DEFECTS","ON SCENE","NO INJURY / DRIVE AWAY",,,,"$501 - $1,500","2026-02-25T06:50:00.000","DRIVING SKILLS/KNOWLEDGE/EXPERIENCE","UNABLE TO DETERMINE","2144","S","LOOMIS ST","1235",,"Y",,,,,"2","NO INDICATION OF INJURY","0","0","0","0","0","1","0","6","4","2","41.8528966799","-87.6613267737","POINT (-87.661326773667 41.852896679938)"
"2967bdba192b697b359d59a4f7539fede751ef5a23c05101e8bbec04559426ddbf77ffa1e4087ea0f4a16dbf01e61fb3dbb6631e6c5dba6ad00260faf8514d8e",,"2026-02-25T06:40:00.000","30","TRAFFIC SIGNAL","FUNCTIONING PROPERLY","CLEAR","DAYLIGHT","REAR END","NOT DIVIDED",,"STRAIGHT AND LEVEL","UNKNOWN","NO DEFECTS","NOT ON SCENE (DESK REPORT)","NO INJURY / DRIVE AWAY",,,,"OVER $1,500","2026-03-02T21:30:00.000","UNABLE TO DETERMINE","NOT APPLICABLE","5066","N","ELSTON AVE","1623",,,,,,,"2","NO INDICATION OF INJURY","0","0","0","0","0","2","0","6","4","2","41.9729474079","-87.7482504811","POINT (-87.748250481128 41.972947407941)"
"3e5097de7f4f5094b84122e6ef4da39688ec2295b8e40a03dd2697cc2b675b5b8596fde3b867c9430212598c0e4a1c3e82ae39a8088d2f6f5aa5b4339e5e6cb4",,"2026-02-25T06:40:00.000","30","TRAFFIC SIGNAL","FUNCTIONING PROPERLY","UNKNOWN","UNKNOWN","REAR END","NOT DIVIDED",,"STRAIGHT AND LEVEL","UNKNOWN","UNKNOWN","NOT ON SCENE (DESK REPORT)","NO INJURY / DRIVE AWAY",,,"Y","$501 - $1,500","2026-02-25T11:25:00.000","UNABLE TO DETERMINE","NOT APPLICABLE","820","N","CICERO AVE","1531",,,,,,,"2","NO INDICATION OF INJURY","0","0","0","0","0","2","0","6","4","2","41.8957603172","-87.7459738499","POINT (-87.745973849934 41.895760317184)"
"b70beee3d01a4f9533b2911ed786e675324087a924098cb73e34d77bf77c8ca9648d8d8674ffaf3016e5fd8a22c5fe6255ad3c449be42b794b9d09feec76ed47",,"2026-02-25T06:28:00.000","30","NO CONTROLS","NO CONTROLS","CLEAR","DAYLIGHT","REAR END","NOT DIVIDED",,"STRAIGHT AND LEVEL","DRY","NO DEFECTS","NOT ON SCENE (DESK REPORT)","NO INJURY / DRIVE AWAY",,,,"OVER $1,500","2026-02-25T14:30:00.000","UNABLE TO DETERMINE","NOT APPLICABLE","434","N","KILBOURN AVE","1111",,,,,,,"2","NO INDICATION OF INJURY","0","0","0","0","0","2","0","6","4","2","41.8888152627","-87.7383503078","POINT (-87.738350307828 41.888815262725)"
"3678469d10e5faab991e1d41f4f5d37b41b9c1b1c2f14c1b97234bec4a5a3ad01c5987ea72339983d23c0215f2ad9e444f6790bf8c32d34048ba00f6d5452d3c",,"2026-02-25T06:10:00.000","30","TRAFFIC SIGNAL","FUNCTIONING PROPERLY","CLEAR","DAWN","TURNING","FOUR WAY",,"STRAIGHT AND LEVEL","DRY","UNKNOWN","NOT ON SCENE (DESK REPORT)","NO INJURY / DRIVE AWAY","Y",,,"$501 - $1,500","2026-02-25T23:40:00.000","UNABLE TO DETERMINE","UNABLE TO DETERMINE","754","W","31ST ST","914",,,,,,,"2","NO INDICATION OF INJURY","0","0","0","0","0","2","0","6","4","2","41.838157723","-87.6460517854","POINT (-87.646051785409 41.838157723025)"
"e06fd7c08bd6524d893323c60b6f7a9ef06876a8244cadc01b80a430a1806abc9e8ff59ed50fad2c9750be79df28176667a2c04aba8c88f5cdf3cdb1034a53fd",,"2026-02-25T06:10:00.000","30","NO CONTROLS","NO CONTROLS","CLEAR","DAYLIGHT","REAR END","DIVIDED - W/MEDIAN BARRIER",,"STRAIGHT AND LEVEL","DRY","NO DEFECTS","ON SCENE","INJURY AND / OR TOW DUE TO CRASH",,,,"OVER $1,500","2026-02-25T06:13:00.000","UNABLE TO DETERMINE","NOT APPLICABLE","2148","N","ASHLAND AVE","1432",,,,,,,"4","REPORTED, NOT EVIDENT","1","0","0","0","1","3","0","6","4","2","41.9211540512","-87.6687198452","POINT (-87.668719845161 41.921154051224)"
"de8be9a4f805441cda8c5a2efc936c31632b88b5bfb94e3d38726a529a19b57c7ee992683ac17f3aa44a89a461cbd42cabca61da99df8e5d63a2a6add94d9939",,"2026-02-25T06:09:00.000","30","NO CONTROLS","NO CONTROLS","CLEAR","DAYLIGHT","PARKED MOTOR VEHICLE","DRIVEWAY",,"STRAIGHT AND LEVEL","SAND, MUD, DIRT","OTHER","NOT ON SCENE (DESK REPORT)","INJURY AND / OR TOW DUE TO CRASH",,,,"OVER $1,500","2026-02-25T06:09:00.000","FAILING TO YIELD RIGHT-OF-WAY","NOT APPLICABLE","1517","S","KOLMAR AVE","1012",,,,,,,"2","NO INDICATION OF INJURY","0","0","0","0","0","1","0","6","4","2","41.8598968596","-87.7382877333","POINT (-87.738287733319 41.859896859589)"
"a2de08816c492d14679a8935a0892d35b1b4c4f79c04897765a80c5ddd7be244c1fa52f9647df877676224123686aa1a4d28d32088edc51dd0942339c8fe95cf",,"2026-02-25T05:48:00.000","30","TRAFFIC SIGNAL","FUNCTIONING PROPERLY","CLEAR","DAWN","TURNING","FOUR WAY",,"STRAIGHT AND LEVEL","DRY","NO DEFECTS","ON SCENE","NO INJURY / DRIVE AWAY","Y",,,"$501 - $1,500","2026-02-25T06:54:00.000","IMPROPER TURNING/NO SIGNAL","IMPROPER LANE USAGE","298","S","COLUMBUS DR","114",,,,,,,"2","NO INDICATION OF INJURY","0","0","0","0","0","3","0","5","4","2","41.8783843055","-87.6208316342","POINT (-87.620831634157 41.87838430551)"
"7391d18bd9d7b9e2d759f6d1f4817a3762e9ab578192c40de8c99d7ed6425d2a77e7c042181ed5e95dcc7ec018bd4e39cd6e6683d47492b13b9a846b030569bd",,"2026-02-25T05:45:00.000","30","NO CONTROLS","NO CONTROLS","CLEAR","DAYLIGHT","ANGLE","NOT DIVIDED",,"STRAIGHT AND LEVEL","DRY","NO DEFECTS","NOT ON SCENE (DESK REPORT)","NO INJURY / DRIVE AWAY",,,"N","OVER $1,500","2026-02-25T06:40:00.000","UNABLE TO DETERMINE","NOT APPLICABLE","4017","W","KAMERLING AVE","2534",,,,,,,"2","NO INDICATION OF INJURY","0","0","0","0","0","2","0","5","4","2","41.9052556356","-87.7271143965","POINT (-87.72711439651 41.90525563559)"
"7ef053d10c6121d4c3454be5899864d2e9b89941072def8548f934308b382edf860720812447203b56bedc684f5f67ad98c3fcdf3e59fad7cc466b62b124248c",,"2026-02-25T05:45:00.000","30","TRAFFIC SIGNAL","FUNCTIONING PROPERLY","CLEAR","UNKNOWN","SIDESWIPE SAME DIRECTION","UNKNOWN",,"STRAIGHT AND LEVEL","DRY","UNKNOWN","ON SCENE","NO INJURY / DRIVE AWAY",,,,"OVER $1,500","2026-02-25T13:00:00.000","IMPROPER LANE USAGE","UNABLE TO DETERMINE","300","S","ASHLAND AVE","1231",,,,,,,"2","NO INDICATION OF INJURY","0","0","0","0","0","2","0","5","4","2","41.8775982781","-87.6668339163","POINT (-87.666833916263 41.877598278077)"
"f45cca149811b5c0869b5ca4020e81539875f2b696865302008ee0653c8c906b8b3c6701741d3c1d860328d57fcfb2f0062f1206ff82e2bd32a1b822f017cd00",,"2026-02-25T05:45:00.000","30","TRAFFIC SIGNAL","FUNCTIONING PROPERLY","CLEAR","DAWN","ANGLE","FOUR WAY",,"STRAIGHT AND LEVEL","DRY","NO DEFECTS","ON SCENE","INJURY AND / OR TOW DUE TO CRASH","Y",,,"OVER $1,500","2026-02-25T05:51:00.000","DISREGARDING TRAFFIC SIGNALS","FAILING TO REDUCE SPEED TO AVOID CRASH","6301","S","WENTWORTH AVE","312",,,,,,,"2","NO INDICATION OF INJURY","0","0","0","0","0","3","0","5","4","2","41.7799076418","-87.6300005831","POINT (-87.630000583129 41.779907641847)"
"86d75951e93615e1ad76c2694eb018515f58af96ec28b7a35c0ff8a79af24c1b68d1b06f545431edca0c8a825ee2229a857259b6859d4e82bbf23453a1a68214",,"2026-02-25T05:42:00.000","30","NO CONTROLS","NO CONTROLS","CLEAR","DAYLIGHT","REAR END","DIVIDED - W/MEDIAN BARRIER",,"STRAIGHT AND LEVEL","DRY","NO DEFECTS","ON SCENE","NO INJURY / DRIVE AWAY",,,,"$501 - $1,500","2026-02-25T09:35:00.000","FOLLOWING TOO CLOSELY","DRIVING SKILLS/KNOWLEDGE/EXPERIENCE","2959","S","LAKE SHORE DR NB","133",,,,,,,"2","NO INDICATION OF INJURY","0","0","0","0","0","3","0","5","4","2","41.840172508","-87.6088759899","POINT (-87.608875989917 41.840172507991)"
"3bf6623fb0ab7ac02ad2a4ccf11b411502053b8a7bac115d2020daa3139fe1d0b3243454a87f8ac46f21dfe48dd4632fede396006c80bede6b9e1d4a0808ac32",,"2026-02-25T05:30:00.000","30","UNKNOWN","UNKNOWN","UNKNOWN","UNKNOWN","REAR END","UNKNOWN",,"STRAIGHT AND LEVEL","UNKNOWN","UNKNOWN","NOT ON SCENE (DESK REPORT)","NO INJURY / DRIVE AWAY",,,,"OVER $1,500","2026-02-25T13:15:00.000","UNABLE TO DETERMINE","UNABLE TO DETERMINE","4075","S","PULASKI RD","821",,,,,,,"2","NO INDICATION OF INJURY","0","0","0","0","0","2","0","5","4","2","41.8184618039","-87.7238063702","POINT (-87.723806370175 41.818461803897)"
"ca7441ef04050c3a94fb7b3bc42647671e0af136778a0ed9f793713d2880fdf83ed2dc0ddf4bca4697807be84dcd9f9bf81a4ceb3f447255f7a0acd93425ee79",,"2026-02-25T05:30:00.000","30","NO CONTROLS","NO CONTROLS","CLEAR","DAWN","SIDESWIPE SAME DIRECTION","FOUR WAY",,"STRAIGHT AND LEVEL","DRY","NO DEFECTS","ON SCENE","NO INJURY / DRIVE AWAY","Y",,,"$501 - $1,500","2026-02-25T05:36:00.000","NOT APPLICABLE","NOT APPLICABLE","98","W","79TH ST","623",,"Y",,,,,"3","NO INDICATION OF INJURY","0","0","0","0","0","3","0","5","4","2","41.751022503","-87.6269802936","POINT (-87.626980293637 41.751022502989)"
"043f22a91afbeb26b7fc67cf59448602e7452f00c3f18c9ee6fa95ea6b3c20a62b073a8ce7e3441910ae61ef5241add8bf3cd045ffdac13824c1270cc952d83d","Y","2026-02-25T04:40:00.000","30","UNKNOWN","UNKNOWN","CLEAR","DARKNESS, LIGHTED ROAD","PARKED MOTOR VEHICLE","PARKING LOT",,"STRAIGHT AND LEVEL","DRY","UNKNOWN","ON SCENE","NO INJURY / DRIVE AWAY",,,,"OVER $1,500","2026-02-25T04:50:00.000","IMPROPER BACKING","IMPROPER BACKING","2404","S","WOLCOTT AVE","1034",,,,,,,"2","NO INDICATION OF INJURY","0","0","0","0","0","2","0","4","4","2","41.8483246554","-87.6734341567","POINT (-87.673434156694 41.848324655385)"
"50a40802cc5b471b8aabf2835324858a4801fbad3e1f533924dd355648e6cb515950eaef811ccaf69a0bb15bab04b8f88743672a7b024135a9e606b30cdae823","N","2026-02-25T04:22:00.000","30","NO CONTROLS","NO CONTROLS","CLEAR","DARKNESS","SIDESWIPE OPPOSITE DIRECTION","NOT DIVIDED",,"STRAIGHT AND LEVEL","DRY","WORN SURFACE","ON SCENE","INJURY AND / OR TOW DUE TO CRASH",,,"Y","OVER $1,500","2026-02-25T04:22:00.000","IMPROPER LANE USAGE","UNABLE TO DETERMINE","3528","W","87TH ST","834",,,,,,,"2","INCAPACITATING INJURY","1","0","1","0","0","2","0","4","4","2","41.7351689379","-87.7104761582","POINT (-87.710476158173 41.735168937854)"
"792c70ae0d273c4c0e66382286a957a6a56678d16db1ec164b9fccddb4e68bfd88352040cf4ca22222daad0d488289c8029797bad91c80ea192895d591470bcb",,"2026-02-25T04:17:00.000","30","NO CONTROLS","NO CONTROLS","CLEAR","DARKNESS, LIGHTED ROAD","PARKED MOTOR VEHICLE","NOT DIVIDED",,"STRAIGHT AND LEVEL","DRY","NO DEFECTS","NOT ON SCENE (DESK REPORT)","NO INJURY / DRIVE AWAY",,,"Y","OVER $1,500","2026-02-25T10:00:00.000","DRIVING SKILLS/KNOWLEDGE/EXPERIENCE","UNABLE TO DETERMINE","2543","E","109TH ST","434",,,,,,,"2","NO INDICATION OF INJURY","0","0","0","0","0","1","0","4","4","2","41.697629227","-87.5614660199","POINT (-87.561466019852 41.697629226981)"
"43e5c1d3b043b68759e08aaea6bc88ab74f087cf76c183da33ec66dac118aad6959ada3b679fe8d477743ae3f26000bdab547964f19b6221ef3bf987219e5eb9",,"2026-02-25T04:08:00.000","30","NO CONTROLS","NO CONTROLS","CLEAR","DARKNESS, LIGHTED ROAD","PARKED MOTOR VEHICLE","NOT DIVIDED",,"STRAIGHT AND LEVEL","DRY","NO DEFECTS","ON SCENE","INJURY AND / OR TOW DUE TO CRASH",,,,"OVER $1,500","2026-02-25T04:09:00.000","UNABLE TO DETERMINE","UNABLE TO DETERMINE","2922","W","DEVON AVE","2412",,,,,,,"3","NO INDICATION OF INJURY","0","0","0","0","0","1","0","4","4","2","41.9976100996","-87.7030672354","POINT (-87.703067235392 41.997610099624)"
"6414a11586263bb84a9c8f19fbe409cb0727771b9064ad8a78ed55e250c6ec8b1c8d03338eedf1b454c7a75a26ebacd9823ea748fb0676079b93459830de478c",,"2026-02-25T03:45:00.000","30","NO CONTROLS","NO CONTROLS","CLEAR","DUSK","REAR TO SIDE","NOT DIVIDED",,"STRAIGHT AND LEVEL","DRY","NO DEFECTS","NOT ON SCENE (DESK REPORT)","NO INJURY / DRIVE AWAY","Y",,"Y","$501 - $1,500","2026-02-25T04:38:00.000","IMPROPER LANE USAGE","UNABLE TO DETERMINE","600","E","61ST ST","313",,,,,,,"2","NO INDICATION OF INJURY","0","0","0","0","0","2","0","3","4","2","41.7840798962","-87.6108271176","POINT (-87.610827117552 41.784079896176)"
"ade795dcaa4cbb3f8f58a28284111ee1936b69418eb65b6ed52992e4a99fc9a18c1f9bf8daf7a6828bfdfc2cfbd3b09cfb74b4bc865a22a2f0bb27bfac69e415",,"2026-02-25T02:35:00.000","30","TRAFFIC SIGNAL","UNKNOWN","CLEAR","DARKNESS, LIGHTED ROAD","ANGLE","NOT DIVIDED",,"STRAIGHT AND LEVEL","DRY","UNKNOWN","ON SCENE","INJURY AND / OR TOW DUE TO CRASH",,,"Y","OVER $1,500","2026-02-25T02:40:00.000","NOT APPLICABLE","NOT APPLICABLE","2800","S","PULASKI RD","1031",,,,,,,"3","INCAPACITATING INJURY","1","0","1","0","0","1","0","2","4","2","41.8404708335","-87.7245933661","POINT (-87.724593366145 41.840470833493)"
"52e8fc006662306942eee3217e639e124653194b272e11e1a044433d365a94f6ba5874bf1fe67935d92434130ac8c35c07b4afb2e50c70e295cbd78055ebf05f",,"2026-02-25T00:51:00.000","30","TRAFFIC SIGNAL","UNKNOWN","CLEAR","DARKNESS, LIGHTED ROAD","REAR END","NOT DIVIDED",,"STRAIGHT AND LEVEL","DRY","UNKNOWN","NOT ON SCENE (DESK REPORT)","NO INJURY / DRIVE AWAY",,,,"OVER $1,500","2026-02-25T00:55:00.000","UNABLE TO DETERMINE","FOLLOWING TOO CLOSELY","7155","W","ADDISON ST","1632",,,,,,,"2","NO INDICATION OF INJURY","0","0","0","0","0","3","0","0","4","2","41.9451807091","-87.8055509882","POINT (-87.805550988173 41.945180709143)"
"ea8f4f331d50db7df0e034c14da1183f9751fc9f7d889f09e7e88e1e3d2bd56caf9683f0d73a18af19ff221296e588c461fdedd7cabf03ef05ed91549cec7af1",,"2026-02-25T00:30:00.000","30","UNKNOWN","UNKNOWN","UNKNOWN","UNKNOWN","PARKED MOTOR VEHICLE","T-INTERSECTION",,"STRAIGHT AND LEVEL","UNKNOWN","UNKNOWN","NOT ON SCENE (DESK REPORT)","NO INJURY / DRIVE AWAY",,,"Y","OVER $1,500","2026-02-26T07:20:00.000","UNABLE TO DETERMINE","UNABLE TO DETERMINE","930","W","SHERIDAN RD","1923",,,,,,,"2","NO INDICATION OF INJURY","0","0","0","0","0","1","0","0","4","2","41.9528027391","-87.6532995166","POINT (-87.653299516637 41.952802739074)"
"69e56642d9218722b94be1dcc81c62728d57fdaba4f762ea01ab7d241f22d3b0150474f7bbc652a4671d09421fe5fabb6d505b400aee4664f73ecea0057c3e2a",,"2026-02-24T23:39:00.000","30","UNKNOWN","UNKNOWN","CLEAR","DARKNESS, LIGHTED ROAD","PARKED MOTOR VEHICLE","NOT DIVIDED",,"STRAIGHT AND LEVEL","DRY","UNKNOWN",,"INJURY AND / OR TOW DUE TO CRASH",,,"Y","OVER $1,500","2026-02-24T23:46:00.000","DRIVING ON WRONG SIDE/WRONG WAY","OPERATING VEHICLE IN ERRATIC, RECKLESS, CARELESS, NEGLIGENT OR AGGRESSIVE MANNER","1632","N","AUSTIN AVE","2513",,,,,,,"2","NO INDICATION OF INJURY","0","0","0","0","0","1","0","23","3","2","41.9102174165","-87.7753994011","POINT (-87.775399401087 41.91021741646)"
"c93b4ea1e8e129b063d7cf3769b0cb547118d4efac666b2bdf0552b0e38c18b0d5a0e55d07bbf0f229bd74e7626efbeef687508278851128a1f99e933ece8283",,"2026-02-24T23:30:00.000","30","UNKNOWN","UNKNOWN","CLEAR","DARKNESS","FIXED OBJECT","NOT DIVIDED",,"STRAIGHT AND LEVEL","DRY","UNKNOWN","ON SCENE","INJURY AND / OR TOW DUE TO CRASH",,,,"$501 - $1,500","2026-02-24T23:39:00.000","UNABLE TO DETERMINE","UNABLE TO DETERMINE","1222","N","CLYBOURN AVE","1821",,,,,,,"1","NO INDICATION OF INJURY","0","0","0","0","0","2","0","23","3","2","41.9042347297","-87.6404261564","POINT (-87.640426156418 41.904234729692)"
"7016bbb6d5858e713b5e22f0cd86d0a40a618589b85fe3aa0da9b0da3ab69eeb4fffefc223aa782d854fe02809573fd2ffbe26b12f59835f390c21cbc71d6667",,"2026-02-24T23:20:00.000","30","NO CONTROLS","NO CONTROLS","CLEAR","DARKNESS, LIGHTED ROAD","PARKED MOTOR VEHICLE","PARKING LOT",,"STRAIGHT AND LEVEL","DRY","NO DEFECTS","ON SCENE","NO INJURY / DRIVE AWAY",,,"Y","OVER $1,500","2026-02-24T23:24:00.000","IMPROPER BACKING","NOT APPLICABLE","5150","W","BELMONT AVE","1634",,,,,,,"2","NO INDICATION OF INJURY","0","0","0","0","0","1","0","23","3","2","41.9388142339","-87.7562656222","POINT (-87.756265622214 41.938814233918)"
"130690ec9bb4ba4951047edc05baef890ad4dcb4b79e3f3b1a65820cdbb3ed135d79c4a6893160fcb4ffbe41f58bc6b817d543a0908f10b1f5febb8040c8cee7",,"2026-02-24T23:00:00.000","30","NO CONTROLS","NO CONTROLS","CLEAR","DARKNESS, LIGHTED ROAD","FIXED OBJECT","ALLEY",,"STRAIGHT AND LEVEL","DRY","NO DEFECTS","NOT ON SCENE (DESK REPORT)","NO INJURY / DRIVE AWAY",,"Y","Y","OVER $1,500","2026-02-27T10:47:00.000","UNABLE TO DETERMINE","NOT APPLICABLE","454","W","DIVISION ST","1821",,,,,,,"1","NO INDICATION OF INJURY","0","0","0","0","0","1","0","23","3","2","41.903869621","-87.6403877551","POINT (-87.640387755092 41.903869621035)"
"5a8bc814d0524c542b3c77470d058584d6421fe09fceb524ea004946d3f294ee6bc0fb1a7af042373f178b6ea32696cb4695767fdcbb25408a3b401624a798f6","Y","2026-02-24T23:00:00.000","35","NO CONTROLS","NO CONTROLS","UNKNOWN","UNKNOWN","PARKED MOTOR VEHICLE","DIVIDED - W/MEDIAN (NOT RAISED)",,"STRAIGHT AND LEVEL","UNKNOWN","NO DEFECTS","ON SCENE","NO INJURY / DRIVE AWAY",,,"Y","OVER $1,500","2026-02-25T11:00:00.000","UNABLE TO DETERMINE","UNABLE TO DETERMINE","4206","W","BELMONT AVE","1731",,,,,,,"2","NO INDICATION OF INJURY","0","0","0","0","0","1","0","23","3","2","41.9391357823","-87.7323460147","POINT (-87.732346014699 41.939135782255)"
"fea30f2d14cb4ceec633c7f99fde6939d6c2ec3a582355745a1aefe6e72285d03f042621bac516a1c8a0b6a9f6764cc636d8404330e7961d1759eb044591e647",,"2026-02-24T22:55:00.000","30","NO CONTROLS","NO CONTROLS","CLEAR","DARKNESS, LIGHTED ROAD","PARKED MOTOR VEHICLE","NOT DIVIDED",,"STRAIGHT AND LEVEL","DRY","NO DEFECTS","ON SCENE","INJURY AND / OR TOW DUE TO CRASH",,,"Y","OVER $1,500","2026-02-24T22:55:00.000","UNABLE TO DETERMINE","UNABLE TO DETERMINE","2830","W","HARRISON ST","1135",,,,,,,"2","NO INDICATION OF INJURY","0","0","0","0","0","4","0","22","3","2","41.8738961103","-87.6973676293","POINT (-87.697367629282 41.873896110324)"
"07287142155cb0d0322668fd27bd3d05a19523cacfeb1415044bf24dead43bdfc3571ab770daa2ae8d8d291a955022e042fdf3ce86a788a3197ee8874f9dbd13",,"2026-02-24T22:42:00.000","30","TRAFFIC SIGNAL","FUNCTIONING PROPERLY","CLEAR","DARKNESS, LIGHTED ROAD","SIDESWIPE SAME DIRECTION","RAMP",,"CURVE, LEVEL","DRY","NO DEFECTS","ON SCENE","NO INJURY / DRIVE AWAY",,,"Y","OVER $1,500","2026-02-24T22:42:00.000","IMPROPER OVERTAKING/PASSING","NOT APPLICABLE","3408","N","KENNEDY EXPY IB","1732",,,,,,,"3","NO INDICATION OF INJURY","0","0","0","0","0","5","0","22","3","2","41.9431510689","-87.7169289492","POINT (-87.716928949195 41.943151068934)"