"crash_record_id","crash_date_est_i","crash_date","posted_speed_limit","traffic_control_device","device_condition","weather_condition","lighting_condition","first_crash_type","trafficway_type","lane_cnt","alignment","roadway_surface_cond","road_defect","report_type","crash_type","intersection_related_i","private_property_i","hit_and_run_i","damage","date_police_notified","prim_contributory_cause","sec_contributory_cause","street_no","street_direction","street_name","beat_of_occurrence","photos_taken_i","statements_taken_i","dooring_i","work_zone_i","work_zone_type","workers_present_i","num_units","most_severe_injury","injuries_total","injuries_fatal","injuries_incapacitating","injuries_non_incapacitating","injuries_reported_not_evident","injuries_no_indication","injuries_unknown","crash_hour","crash_day_of_week","crash_month","latitude","longitude","location"
"a63a39436996a5f63a3f8ee271d04aa76466ee7ef8e238f762cca0cb5214dd6d06e1f5fef1abe96fe7eb06f4f8a8a489e7b3c8c388bc194457af183201906578",,"2026-02-24T22:15:00.000","30","UNKNOWN","UNKNOWN","UNKNOWN","UNKNOWN","PARKED MOTOR VEHICLE","NOT DIVIDED",,"STRAIGHT AND LEVEL","UNKNOWN","UNKNOWN","NOT ON SCENE (DESK REPORT)","NO INJURY / DRIVE AWAY",,,"N","$500 OR LESS","2026-03-01T20:17:00.000","UNABLE TO DETERMINE","UNABLE TO DETERMINE","2701","W","FULLERTON AVE","1431",,,,,,,"2","NO INDICATION OF INJURY","0","0","0","0","0","1","0","22","3","2","41.9247218264","-87.6950005284","POINT (-87.695000528448 41.924721826398)"
"baa07ac6923c00ec2f86b3d01a90bd7fa12742981efe1806e6efe863f2d0743c0c8e2e6bf6c332975bf022e0f6a8a5e19e39cdf1746ba6027ae6c6d40ed73c28",,"2026-02-24T22:15:00.000","25","STOP SIGN/FLASHER","FUNCTIONING PROPERLY","CLEAR","DARKNESS, LIGHTED ROAD","REAR END","ONE-WAY",,"STRAIGHT AND LEVEL","DRY","NO DEFECTS","NOT ON SCENE (DESK REPORT)","NO INJURY / DRIVE AWAY",,,"Y","OVER $1,500","2026-02-24T22:35:00.000","UNABLE TO DETERMINE","UNABLE TO DETERMINE","4992","W","FLOURNOY ST","1533",,,,,,,"2","NO INDICATION OF INJURY","0","0","0","0","0","2","0","22","3","2","41.8721345638","-87.749025718","POINT (-87.749025717961 41.872134563824)"
"84f658066a1c292910d4ca76a2c523860bcbbf7edd72ed886081af124114e1f6688005b886a553c63865909fa34297e1ddd2ef24f2b501b103328115ed834766",,"2026-02-24T22:09:00.000","30","NO CONTROLS","NO CONTROLS","CLEAR","DARKNESS, LIGHTED ROAD","ANGLE","FOUR WAY",,"STRAIGHT AND LEVEL","DRY","NO DEFECTS","ON SCENE","INJURY AND / OR TOW DUE TO CRASH","Y",,,"OVER $1,500","2026-02-24T22:11:00.000","FAILING TO YIELD RIGHT-OF-WAY","NOT APPLICABLE","6600","S","DAMEN AVE","726",,"Y",,,,,"2","REPORTED, NOT EVIDENT","1","0","0","0","1","1","0","22","3","2","41.7737987995","-87.6739011736","POINT (-87.67390117362 41.773798799455)"
"2288b9d96d82886adf8e8398b623a7edd50ae56ec0fffb1806c35aed550c4c91054ce81d04efbbc876ab71fab5ae2288520f193083fb37cf577d58402460cf81",,"2026-02-24T22:06:00.000","25","STOP SIGN/FLASHER","FUNCTIONING PROPERLY","CLEAR","DARKNESS, LIGHTED ROAD","PARKED MOTOR VEHICLE","NOT DIVIDED",,"CURVE, LEVEL","DRY","NO DEFECTS","ON SCENE","INJURY AND / OR TOW DUE TO CRASH",,,"Y","$501 - $1,500","2026-02-24T22:21:00.000","UNABLE TO DETERMINE","NOT APPLICABLE","458","W","45TH ST","925",,,,,,,"6","NO INDICATION OF INJURY","0","0","0","0","0","1","0","22","3","2","41.8127657264","-87.6382268385","POINT (-87.638226838485 41.812765726418)"
"e0b8031cd331cea9eeae8c333096cd9427c22c4cb41835a49d1d266ade5b4b478184231a678be4472f4a2f2f8ed71f24970cf0dc27fe7c704260b83fa135c95d",,"2026-02-24T22:06:00.000","30","NO CONTROLS","NO CONTROLS","CLEAR","DARKNESS, LIGHTED ROAD","TURNING","ONE-WAY",,"STRAIGHT AND LEVEL","DRY","NO DEFECTS","ON SCENE","INJURY AND / OR TOW DUE TO CRASH",,,,"OVER $1,500","2026-02-24T22:08:00.000","FAILING TO YIELD RIGHT-OF-WAY","VISION OBSCURED (SIGNS, TREE LIMBS, BUILDINGS, ETC.)","505","E","GRAND AVE","1834",,"Y",,,,,"2","NO INDICATION OF INJURY","0","0","0","0","0","4","0","22","3","2","41.8918012856","-87.6136375231","POINT (-87.613637523089 41.891801285618)"
"886df8e78c7353f0c56959f1a3f3997713734bb978648127e14120da53c6e33b4168452902f79d9f37ecc4de6d4dddc4b3f43aff6e42d455a1624382ff538553",,"2026-02-24T22:00:00.000","30","UNKNOWN","UNKNOWN","UNKNOWN","UNKNOWN","PARKED MOTOR VEHICLE","UNKNOWN",,"STRAIGHT AND LEVEL","UNKNOWN","UNKNOWN","NOT ON SCENE (DESK REPORT)","NO INJURY / DRIVE AWAY",,,"Y","OVER $1,500","2026-02-25T20:10:00.000","UNABLE TO DETERMINE","UNABLE TO DETERMINE","338","E","56TH ST","231",,,,,,,"2","NO INDICATION OF INJURY","0","0","0","0","0","1","0","22","3","2","41.7930864028","-87.6174715176","POINT (-87.617471517572 41.793086402761)"
"977c27d649f8d72b6202f311b9001e6139b02b50491010c921dd8cc0ae9ceeb9694e280a07170ee65e2a51f86938f456e8bc691f91fbe73c1ec6ff82d4cb842c",,"2026-02-24T21:48:00.000","30","NO CONTROLS","NO CONTROLS","CLEAR","DARKNESS, LIGHTED ROAD","PARKED MOTOR VEHICLE","ONE-WAY",,"STRAIGHT AND LEVEL","DRY","NO DEFECTS","NOT ON SCENE (DESK REPORT)","NO INJURY / DRIVE AWAY",,,"Y","OVER $1,500","2026-02-25T18:20:00.000","IMPROPER OVERTAKING/PASSING","NOT APPLICABLE","7023","S","CHAPPEL AVE","331",,,,,,,"2","NO INDICATION OF INJURY","0","0","0","0","0","1","0","21","3","2","41.7673157391","-87.5749611856","POINT (-87.574961185565 41.767315739137)"
"3ccc5757db308c66ca3e8d7dc60e1a8b055d195f600e9f25cdfdd86d6a4255c96658f95f8f815de3110c01be760c03bc9bdc8b8d0deca6b2ab495d2349561c6f",,"2026-02-24T21:45:00.000","30","NO CONTROLS","NO CONTROLS","CLEAR","DARKNESS, LIGHTED ROAD","PARKED MOTOR VEHICLE","ALLEY",,"STRAIGHT AND LEVEL","DRY","NO DEFECTS","NOT ON SCENE (DESK REPORT)","INJURY AND / OR TOW DUE TO CRASH",,,,"OVER $1,500","2026-02-24T22:51:00.000","FAILING TO REDUCE SPEED TO AVOID CRASH","UNABLE TO DETERMINE","5047","S","KOLIN AVE","815",,,,,,,"3","REPORTED, NOT EVIDENT","1","0","0","0","1","0","0","21","3","2","41.8009011959","-87.7318090468","POINT (-87.731809046786 41.800901195899)"
"d1714783337867aed7fcb6f88419b7677729db4dbae487cc42267fc9a854521ee936c1db405824e336794364fd24320f86aed944e72aaced5f258c20e81a7ea1",,"2026-02-24T21:35:00.000","30","TRAFFIC SIGNAL","FUNCTIONING PROPERLY","CLEAR","DARKNESS, LIGHTED ROAD","SIDESWIPE SAME DIRECTION","NOT DIVIDED",,"CURVE, LEVEL","DRY","NO DEFECTS","ON SCENE","INJURY AND / OR TOW DUE TO CRASH",,,"Y","OVER $1,500","2026-02-24T21:36:00.000","UNABLE TO DETERMINE","UNABLE TO DETERMINE","2906","N","LINCOLN AVE","1932",,,,,,,"2","NO INDICATION OF INJURY","0","0","0","0","0","5","0","21","3","2","41.9344734547","-87.6616008309","POINT (-87.661600830898 41.934473454659)"
"e6ec8b4018c751c7658ad8ede46680d30c73f7daa49b1d5ac2ac8dbe4873283f83ed0f5054b83545165b4865d206de8b5bea5b11a74fd2ceb8b352b7986f2969",,"2026-02-24T21:16:00.000","30","NO CONTROLS","NO CONTROLS","CLEAR","DARKNESS, LIGHTED ROAD","SIDESWIPE SAME DIRECTION","DIVIDED - W/MEDIAN (NOT RAISED)",,"STRAIGHT AND LEVEL","DRY","NO DEFECTS","NOT ON SCENE (DESK REPORT)","NO INJURY / DRIVE AWAY",,,"Y","$501 - $1,500","2026-02-24T23:39:00.000","IMPROPER OVERTAKING/PASSING","NOT APPLICABLE","33","E","IDA B WELLS DR","123",,,,,,,"2","NO INDICATION OF INJURY","0","0","0","0","0","2","0","21","3","2","41.8755731605","-87.6263761117","POINT (-87.626376111661 41.875573160461)"
"60534ef553aaea75e83677525fb430ab80a5bbb8328e4e7935151f1f0808cd62da61b74beea5acec0fd1ea183556da729e801e51e45657dc6f43fcf3b2c2b86a",,"2026-02-24T21:15:00.000","30","NO CONTROLS","NO CONTROLS","CLEAR","DARKNESS, LIGHTED ROAD","TURNING","DIVIDED - W/MEDIAN (NOT RAISED)",,"STRAIGHT AND LEVEL","DRY","UNKNOWN","NOT ON SCENE (DESK REPORT)","NO INJURY / DRIVE AWAY",,,"Y","$501 - $1,500","2026-02-25T15:39:00.000","UNABLE TO DETERMINE","UNABLE TO DETERMINE","3200","W","PETERSON AVE","1711",,,,,,,"2","NO INDICATION OF INJURY","0","0","0","0","0","2","0","21","3","2","41.9904931296","-87.7091921904","POINT (-87.70919219044 41.99049312958)"
"06658b2fe38c686fe80ef73a90f6662ae88b85081a155aa04207a2f7d962a5dededa2b75180096d38151a15971aae465e7d26badaffc4a9429d52516efbce913",,"2026-02-24T21:08:00.000","30","TRAFFIC SIGNAL","FUNCTIONING PROPERLY","CLEAR","DARKNESS, LIGHTED ROAD","SIDESWIPE SAME DIRECTION","FOUR WAY",,"STRAIGHT AND LEVEL","DRY","NO DEFECTS","ON SCENE","NO INJURY / DRIVE AWAY",,,,"$501 - $1,500","2026-02-24T21:08:00.000","FAILING TO YIELD RIGHT-OF-WAY","NOT APPLICABLE","625","W","JACKSON BLVD","121",,,,,,,"2","NO INDICATION OF INJURY","0","0","0","0","0","5","0","21","3","2","41.8778826037","-87.6436630072","POINT (-87.643663007163 41.877882603667)"
"987dbb1b2cd5469ef693aef7cc301a197b8d6db27bd16c60995ddad180deef5a76ddf48cb2963cec7567f9f1082ae509bd425dc5cb70fdb91033655fb0e0319f",,"2026-02-24T21:00:00.000","10","NO CONTROLS","NO CONTROLS","OTHER","UNKNOWN","TURNING","PARKING LOT",,"STRAIGHT AND LEVEL","OTHER","UNKNOWN","NOT ON SCENE (DESK REPORT)","NO INJURY / DRIVE AWAY",,"Y",,"OVER $1,500","2026-02-25T14:30:00.000","FAILING TO YIELD RIGHT-OF-WAY","DRIVING SKILLS/KNOWLEDGE/EXPERIENCE","720","W","RANDOLPH ST","1224",,,,,,,"2","NO INDICATION OF INJURY","0","0","0","0","0","3","0","21","3","2","41.8845228519","-87.6465205844","POINT (-87.64652058438 41.884522851879)"
"0912a8e64be54aafbd5a438599d40138a8e0022ddce5a6fbd696e85dbeac8d53281defd13125a1033965e7cfc9d7de0a321d32b278a7b9a454f6896769508b2f",,"2026-02-24T20:50:00.000","30","STOP SIGN/FLASHER","UNKNOWN","CLEAR","DARKNESS","TURNING","FOUR WAY",,"STRAIGHT AND LEVEL","DRY","UNKNOWN","NOT ON SCENE (DESK REPORT)","NO INJURY / DRIVE AWAY",,,,"OVER $1,500","2026-02-24T21:30:00.000","IMPROPER LANE USAGE","NOT APPLICABLE","26","S","PULASKI RD","1115",,,,,,,"2","NO INDICATION OF INJURY","0","0","0","0","0","3","0","20","3","2","41.8798068447","-87.7257858233","POINT (-87.725785823273 41.879806844677)"
"158d3af564f1edca21037a04272de07a6660ced1c2992f2af6acef9b00d6e46c09ac0f2490386fe6fa879e4928436c33b792ea3663fb3f1499056584910218e0",,"2026-02-24T20:35:00.000","10","NO CONTROLS","NO CONTROLS","CLEAR","DARKNESS","REAR TO REAR","PARKING LOT",,"STRAIGHT AND LEVEL","DRY","NO DEFECTS","NOT ON SCENE (DESK REPORT)","NO INJURY / DRIVE AWAY",,"Y",,"OVER $1,500","2026-02-25T14:50:00.000","UNABLE TO DETERMINE","UNABLE TO DETERMINE","3343","W","ADDISON ST","1733",,,,,,,"2","NO INDICATION OF INJURY","0","0","0","0","0","2","0","20","3","2","41.946467796","-87.7120240971","POINT (-87.712024097067 41.946467795996)"
"7491c8d78a2f8a8ad52e40a70f88a4985e7b13f0a8297f92473a4e0971e5948593db492326df20df4bb1525a10efc0d4c1968a1d45bb295d07ed0b564f52abf7",,"2026-02-24T20:35:00.000","30","NO CONTROLS","NO CONTROLS","CLEAR","DARKNESS, LIGHTED ROAD","FIXED OBJECT","NOT DIVIDED",,"STRAIGHT AND LEVEL","WET","UNKNOWN","ON SCENE","INJURY AND / OR TOW DUE TO CRASH",,,,"OVER $1,500","2026-02-24T20:37:00.000","UNABLE TO DETERMINE","UNABLE TO DETERMINE","125","N","HAMLIN BLVD","1122",,,,,,,"1","FATAL","1","1","0","0","0","0","0","20","3","2","41.8826991694","-87.7207026436","POINT (-87.720702643599 41.882699169429)"
"6b4bba766b4c59af157f3c74086641934981a6f6928a4cc6dd195ce8c8967b415453cc3bfa5b984610c91050a9712f6f641548ece1e1fad843003f61eb51fd3c",,"2026-02-24T20:34:00.000","40","NO CONTROLS","NO CONTROLS","CLEAR","DARKNESS, LIGHTED ROAD","SIDESWIPE SAME DIRECTION","NOT DIVIDED",,"CURVE, LEVEL","DRY","NO DEFECTS","NOT ON SCENE (DESK REPORT)","NO INJURY / DRIVE AWAY",,,,"OVER $1,500","2026-02-24T21:20:00.000","IMPROPER TURNING/NO SIGNAL","IMPROPER OVERTAKING/PASSING","5700","S","LAKE SHORE DR","331",,,,,,,"2","NO INDICATION OF INJURY","0","0","0","0","0","3","0","20","3","2","41.7914202821","-87.5801477687","POINT (-87.580147768689 41.791420282098)"
"3b0c805a925dfdb571eda57c91b4ca6577645e699b5d4d7d119d70558f1838a84344d4533168a418406730c82adef6e0ed0fd036d777fc7b824c49582d7d644b",,"2026-02-24T20:30:00.000","25","NO CONTROLS","NO CONTROLS","CLEAR","DARKNESS, LIGHTED ROAD","SIDESWIPE OPPOSITE DIRECTION","NOT DIVIDED",,"STRAIGHT AND LEVEL","DRY","NO DEFECTS","NOT ON SCENE (DESK REPORT)","NO INJURY / DRIVE AWAY",,,,"OVER $1,500","2026-02-24T21:35:00.000","UNABLE TO DETERMINE","UNABLE TO DETERMINE","6423","N","DAMEN AVE","2412",,,,,,,"2","NO INDICATION OF INJURY","0","0","0","0","0","3","0","20","3","2","41.99856698","-87.6800125385","POINT (-87.680012538536 41.998566979997)"
"8bb1b63d0cde56945122e0e6afb21ddbc7d08ca13ce4ab8e6b6bbcb62db9d0c2ba292b892777f42ad8517b4f21ab828c4cc9d5477c70fb503aa7ee7e2afa2c08",,"2026-02-24T20:26:00.000","30","TRAFFIC SIGNAL","FUNCTIONING PROPERLY","CLEAR","DARKNESS, LIGHTED ROAD","ANGLE","NOT DIVIDED",,"STRAIGHT AND LEVEL","UNKNOWN","NO DEFECTS","ON SCENE","INJURY AND / OR TOW DUE TO CRASH",,,,"OVER $1,500","2026-02-24T20:26:00.000","FAILING TO YIELD RIGHT-OF-WAY","DRIVING SKILLS/KNOWLEDGE/EXPERIENCE","652","W","TAYLOR ST","124",,,,,,,"2","NO INDICATION OF INJURY","0","0","0","0","0","2","0","20","3","2","41.86980688","-87.6436700931","POINT (-87.643670093094 41.869806880037)"
"2d8e790e22ee00c6e6c2184136366ac5677ee94baee02c9e76d20fa9f4b1f569a039d33c0b3bba0f974db2d57c3495c58e7045d5e051a75347e3f8b58fa5b811",,"2026-02-24T20:23:00.000","30","TRAFFIC SIGNAL","FUNCTIONING PROPERLY","CLEAR","DARKNESS, LIGHTED ROAD","TURNING","T-INTERSECTION",,"STRAIGHT AND LEVEL","DRY","NO DEFECTS","ON SCENE","INJURY AND / OR TOW DUE TO CRASH","Y",,,"OVER $1,500","2026-02-24T20:23:00.000","UNABLE TO DETERMINE","UNABLE TO DETERMINE","12200","S","TORRENCE AVE","434",,,,,,,"2","REPORTED, NOT EVIDENT","2","0","0","0","2","1","0","20","3","2","41.6736789862","-87.5593986073","POINT (-87.559398607312 41.673678986233)"
"417bf11b367751bbf7f5a1a458d080f727509cdae3a5b214ec83467030094454448f0af09049ca0652a23615115e30a11c823d6daeabc0e0750b406d05c86842","Y","2026-02-24T20:20:00.000","30","TRAFFIC SIGNAL","UNKNOWN","CLEAR","DARKNESS, LIGHTED ROAD","PEDESTRIAN","FOUR WAY",,"STRAIGHT AND LEVEL","UNKNOWN","UNKNOWN","ON SCENE","INJURY AND / OR TOW DUE TO CRASH","Y",,"Y","OVER $1,500","2026-02-24T21:00:00.000","NOT APPLICABLE","NOT APPLICABLE","801","N","PULASKI RD","1112",,,,,,,"2","NONINCAPACITATING INJURY","1","0","0","1","0","1","0","20","3","2","41.8954621504","-87.7259368087","POINT (-87.725936808712 41.895462150386)"
"478d1d6c369567e04c0908fd8e5352aa215b3a495dd45ed7598b355c0f46f254f664c8f2e9f5125896b08d9965ebbdbbbcc528eac864352823d41a6a68e8e431",,"2026-02-24T20:18:00.000","30","NO CONTROLS","NO CONTROLS","CLEAR","DARKNESS, LIGHTED ROAD","OTHER OBJECT","DIVIDED - W/MEDIAN (NOT RAISED)",,"STRAIGHT AND LEVEL","DRY","UNKNOWN","NOT ON SCENE (DESK REPORT)","NO INJURY / DRIVE AWAY",,,,"$501 - $1,500","2026-02-24T21:45:00.000","UNABLE TO DETERMINE","UNABLE TO DETERMINE","48","W","59TH ST","232",,,,,,,"1","NO INDICATION OF INJURY","0","0","0","0","0","1","0","20","3","2","41.7874367071","-87.6275046504","POINT (-87.627504650408 41.787436707121)"
"5ffcfe8c3f0a033c36261b76da04c84f7f6541c6e0594ddce47ffa338363dd4f55b1b7a3bdc82640c8a15c9fb10ef25c148ae5d1581607653dd2d3300af2a9f7",,"2026-02-24T20:10:00.000","30","NO CONTROLS","NO CONTROLS","CLEAR","DARKNESS, LIGHTED ROAD","PARKED MOTOR VEHICLE","NOT DIVIDED",,"STRAIGHT AND LEVEL","DRY","NO DEFECTS","ON SCENE","NO INJURY / DRIVE AWAY",,,"Y","OVER $1,500","2026-02-24T20:15:00.000","UNABLE TO DETERMINE","NOT APPLICABLE","7002","W","ARCHER AVE","811",,,,,,,"2","NO INDICATION OF INJURY","0","0","0","0","0","1","0","20","3","2","41.7921696698","-87.796612876","POINT (-87.796612876042 41.792169669847)"
"8516aff19475aba72922002a86d10d916b69824cc927207623720eb713d73c625ee280071519929b19934255eca67e888586dfa12706ebfb024d19ced0238f6e",,"2026-02-24T19:51:00.000","30","NO CONTROLS","NO CONTROLS","CLEAR","DARKNESS, LIGHTED ROAD","TURNING","NOT DIVIDED",,"STRAIGHT AND LEVEL","DRY","NO DEFECTS","NOT ON SCENE (DESK REPORT)","NO INJURY / DRIVE AWAY",,,,"OVER $1,500","2026-03-05T18:31:00.000","IMPROPER TURNING/NO SIGNAL","FAILING TO REDUCE SPEED TO AVOID CRASH","718","S","CLARK ST","123",,,,,,,"2","NO INDICATION OF INJURY","0","0","0","0","0","2","0","19","3","2","41.8729921037","-87.6307781374","POINT (-87.630778137417 41.872992103692)"
"e22ea0dd60421ec041fc2d75a157112abe846fa8d668038d826795bcea5c5ba4af0aa36b644494e111cec4491323b30938ef6eb3d8b9d666096a047f6c8245c4",,"2026-02-24T19:42:00.000","30","STOP SIGN/FLASHER","FUNCTIONING PROPERLY","CLEAR","DARKNESS, LIGHTED ROAD","ANGLE","FOUR WAY",,"STRAIGHT AND LEVEL","DRY","UNKNOWN","ON SCENE","INJURY AND / OR TOW DUE TO CRASH","Y",,,"OVER $1,500","2026-02-24T19:42:00.000","UNABLE TO DETERMINE","NOT APPLICABLE","4701","S","CORNELL AVE","222",,,,,,,"2","NO INDICATION OF INJURY","0","0","0","0","0","2","0","19","3","2","41.8103029274","-87.5900305202","POINT (-87.590030520221 41.810302927431)"
"161ba3b90ea4ccdd6a1d5c918f23c559280e16d0b628995dccd2be4887c2075397a02d70a002f752c487090577fb99c3c4b77ace9c231526e5092dd46ec8e31b",,"2026-02-24T19:38:00.000","30","TRAFFIC SIGNAL","NO CONTROLS","CLEAR","DARKNESS, LIGHTED ROAD","FIXED OBJECT","FIVE POINT, OR MORE",,"STRAIGHT AND LEVEL","DRY","NO DEFECTS","ON SCENE","INJURY AND / OR TOW DUE TO CRASH","Y",,"Y","OVER $1,500","2026-02-24T19:42:00.000","UNABLE TO DETERMINE","UNABLE TO DETERMINE","2001","S","RUBLE ST","1235",,,,,,,"1","NO INDICATION OF INJURY","0","0","0","0","0","1","0","19","3","2","41.8553642335","-87.6435979095","POINT (-87.643597909548 41.855364233518)"
"1b104429516afc03dfdd2b36dce841785fa55ac417a2cd7ec369819eadbe5aebf5431c5ad73dbc74ab2f3a91fca09f07a89ffbb4506bf3c8984e5e003d9e1838",,"2026-02-24T19:35:00.000","30","UNKNOWN","UNKNOWN","CLEAR","DARKNESS, LIGHTED ROAD","SIDESWIPE SAME DIRECTION","NOT DIVIDED",,"STRAIGHT AND LEVEL","DRY","UNKNOWN","NOT ON SCENE (DESK REPORT)","NO INJURY / DRIVE AWAY",,,"Y","$501 - $1,500","2026-02-24T21:15:00.000","IMPROPER OVERTAKING/PASSING","NOT APPLICABLE","6930","S","INDIANA AVE","322",,,,,,,"2","NO INDICATION OF INJURY","0","0","0","0","0","2","0","19","3","2","41.7682448726","-87.6203314663","POINT (-87.620331466347 41.768244872641)"
"b977d56812b672fa4f1a5687d5848609c2caba86ab2c79b2002f6523a32a00e74bb81ad040c36d0e462c31c358867f83bc140b7d1defa88ebb6b3848f05964b8",,"2026-02-24T19:35:00.000","30","NO CONTROLS","NO CONTROLS","CLEAR","DARKNESS, LIGHTED ROAD","SIDESWIPE SAME DIRECTION","DIVIDED - W/MEDIAN BARRIER",,"STRAIGHT AND LEVEL","DRY","NO DEFECTS","ON SCENE","NO INJURY / DRIVE AWAY",,,,"OVER $1,500","2026-02-24T19:37:00.000","FAILING TO YIELD RIGHT-OF-WAY","NOT APPLICABLE","657","N","CICERO AVE","1111",,,,,,,"2","NO INDICATION OF INJURY","0","0","0","0","0","5","0","19","3","2","41.8930589457","-87.7455943071","POINT (-87.745594307053 41.893058945701)"
"8e4c7d2e9f8781af7435c735d1f3521b981f1d74797347a3ca65466942c77eea9b5d6c218e015fec8fb5eb1204252b0662460b5f70dded66507139a281863b14",,"2026-02-24T19:20:00.000","10","NO CONTROLS","NO CONTROLS","CLEAR","DARKNESS, LIGHTED ROAD","PARKED MOTOR VEHICLE","PARKING LOT",,"STRAIGHT AND LEVEL","DRY","NO DEFECTS","NOT ON SCENE (DESK REPORT)","NO INJURY / DRIVE AWAY",,"Y",,"OVER $1,500","2026-02-24T19:30:00.000","IMPROPER BACKING","NOT APPLICABLE","5555","W","GRAND AVE","2515",,,,,,,"2","NO INDICATION OF INJURY","0","0","0","0","0","1","0","19","3","2","41.9186088912","-87.765574479","POINT (-87.765574478976 41.918608891151)"
"9211da8f55f5aa277293c2b3d1db60c675d160150e42e83c9dc44801f5069e15de453ece9951333ebd764a533c8c96a9f71964f2bbe9208cb625a29d976e3dbe",,"2026-02-24T19:15:00.000","30","NO CONTROLS","NO CONTROLS","CLEAR","DARKNESS, LIGHTED ROAD","REAR END","NOT DIVIDED",,"STRAIGHT AND LEVEL","DRY","NO DEFECTS","ON SCENE","INJURY AND / OR TOW DUE TO CRASH",,,"N","OVER $1,500","2026-02-24T19:20:00.000","UNABLE TO DETERMINE","NOT APPLICABLE","345","E","95TH ST","511",,,,,,,"2","NONINCAPACITATING INJURY","1","0","0","1","0","1","0","19","3","2","41.7217709662","-87.6147869423","POINT (-87.614786942251 41.721770966214)"
"9069e8033a12e63459bf5ec78d971c61703158f022c56b3aaa196ded5b30240e7590948ee562c57ee3c8c013b1b4228320a47f5ed5fe9e329bb3f891e08381ce",,"2026-02-24T19:12:00.000","30","NO CONTROLS","NO CONTROLS","CLEAR","DARKNESS, LIGHTED ROAD","PARKED MOTOR VEHICLE","PARKING LOT",,"STRAIGHT AND LEVEL","DRY","UNKNOWN","NOT ON SCENE (DESK REPORT)","NO INJURY / DRIVE AWAY",,,"Y","OVER $1,500","2026-02-25T18:45:00.000","UNABLE TO DETERMINE","UNABLE TO DETERMINE","5135","S","CALIFORNIA AVE","923",,,,,,,"2","NO INDICATION OF INJURY","0","0","0","0","0","1","0","19","3","2","41.7999370226","-87.6938251335","POINT (-87.693825133495 41.799937022582)"
"c1174162f4df7ca58c6948a1d93477ea196974598085f4b3a02ff367c71c345fae905315ecfcb660bd42a82a6f367e4f895b1e010f0e7dedbd190a925059fb37",,"2026-02-24T19:00:00.000","30","NO CONTROLS","NO CONTROLS","UNKNOWN","DARKNESS","PARKED MOTOR VEHICLE","NOT DIVIDED",,"STRAIGHT AND LEVEL","UNKNOWN","UNKNOWN","NOT ON SCENE (DESK REPORT)","NO INJURY / DRIVE AWAY",,,"Y","$501 - $1,500","2026-02-25T08:40:00.000","UNABLE TO DETERMINE","NOT APPLICABLE","2230","S","WENTWORTH AVE","914",,,,,,,"2","NO INDICATION OF INJURY","0","0","0","0","0","1","0","19","3","2","41.852010428","-87.6321418671","POINT (-87.632141867082 41.85201042802)"
"c1ab976812acb75f36392aea56194c80a6dad9fe563889d2dd278f7e552d9125ca7600a035edee94311fe6ddd5e0c1246b141fb666314a50558e670ef64379f7","Y","2026-02-24T19:00:00.000","30","NO CONTROLS","NO CONTROLS","CLEAR","DARKNESS, LIGHTED ROAD","PARKED MOTOR VEHICLE","NOT DIVIDED",,"STRAIGHT AND LEVEL","DRY","NO DEFECTS","NOT ON SCENE (DESK REPORT)","NO INJURY / DRIVE AWAY",,,"Y","$501 - $1,500","2026-02-25T08:45:00.000","UNABLE TO DETERMINE","NOT APPLICABLE","13051","S","BURLEY AVE","433",,,,,,,"2","NO INDICATION OF INJURY","0","0","0","0","0","1","0","19","3","2","41.6576562538","-87.5445715732","POINT (-87.544571573236 41.657656253757)"
"c095b194a0933f8d5f27c47ee3812138c59e2b00ea24cf81ee760736b53720cf80018dcdcc11ac250d72e4b079bc0860d0c576d68e6b070ee1869147b66796ae",,"2026-02-24T18:55:00.000","30","NO CONTROLS","NO CONTROLS","UNKNOWN","DARKNESS, LIGHTED ROAD","REAR END","DIVIDED - W/MEDIAN (NOT RAISED)",,"STRAIGHT AND LEVEL","UNKNOWN","UNKNOWN","NOT ON SCENE (DESK REPORT)","NO INJURY / DRIVE AWAY",,,,"OVER $1,500","2026-02-24T20:10:00.000","FOLLOWING TOO CLOSELY","FAILING TO REDUCE SPEED TO AVOID CRASH","1583","N","CLYBOURN AVE","1822",,,,,,,"2","NO INDICATION OF INJURY","0","0","0","0","0","2","0","18","3","2","41.9104731238","-87.6486941436","POINT (-87.64869414364 41.910473123824)"
"9802411c381c2f921b7d7c2a9a62590eaa49eaf92bfe5c530aba795c0e241e6ffb9bae5e7b3339c26bf3c948bbc606062129e10d03947d48a079070484a2dc32",,"2026-02-24T18:50:00.000","30","NO CONTROLS","NO CONTROLS","UNKNOWN","DARKNESS, LIGHTED ROAD","PARKED MOTOR VEHICLE","ONE-WAY",,"STRAIGHT AND LEVEL","UNKNOWN","UNKNOWN","NOT ON SCENE (DESK REPORT)","NO INJURY / DRIVE AWAY",,,,"OVER $1,500","2026-02-25T13:10:00.000","FAILING TO REDUCE SPEED TO AVOID CRASH","NOT APPLICABLE","154","W","OHIO ST","1832",,,,,,,"2","NO INDICATION OF INJURY","0","0","0","0","0","1","0","18","3","2","41.8925076525","-87.6333062186","POINT (-87.633306218584 41.892507652483)"