"crash_record_id","crash_date_est_i","crash_date","posted_speed_limit","traffic_control_device","device_condition","weather_condition","lighting_condition","first_crash_type","trafficway_type","lane_cnt","alignment","roadway_surface_cond","road_defect","report_type","crash_type","intersection_related_i","private_property_i","hit_and_run_i","damage","date_police_notified","prim_contributory_cause","sec_contributory_cause","street_no","street_direction","street_name","beat_of_occurrence","photos_taken_i","statements_taken_i","dooring_i","work_zone_i","work_zone_type","workers_present_i","num_units","most_severe_injury","injuries_total","injuries_fatal","injuries_incapacitating","injuries_non_incapacitating","injuries_reported_not_evident","injuries_no_indication","injuries_unknown","crash_hour","crash_day_of_week","crash_month","latitude","longitude","location"
"ac8f309a3d77152e3442d7bb76e57954addfbc2364400ad422ad04a8dec6ba8e8892582bed8cfa338b0a1a8a4b031cb3141de39a730d94c7f2ce739c29cd38e5",,"2026-02-24T18:50:00.000","30","NO CONTROLS","NO CONTROLS","CLEAR","DAYLIGHT","PARKED MOTOR VEHICLE","NOT DIVIDED",,"STRAIGHT AND LEVEL","DRY","NO DEFECTS","NOT ON SCENE (DESK REPORT)","NO INJURY / DRIVE AWAY","N",,"Y","OVER $1,500","2026-02-24T22:40:00.000","DRIVING SKILLS/KNOWLEDGE/EXPERIENCE","NOT APPLICABLE","745","S","WABASH AVE","123",,,,,,,"2","NO INDICATION OF INJURY","0","0","0","0","0","1","0","18","3","2","41.8724106249","-87.625804303","POINT (-87.625804303011 41.872410624933)"
"7d9803e9076b43c6239b3bf223679b1d6d999b461c97d6833fcf7a8d7f1e3271e0bdd6e2cddd1120cb690a7bc04e7552e593699d67f2ae8f1a10b67b4622351a",,"2026-02-24T18:45:00.000","20","NO CONTROLS","NO CONTROLS","CLEAR","DARKNESS, LIGHTED ROAD","PARKED MOTOR VEHICLE","NOT DIVIDED",,"STRAIGHT AND LEVEL","DRY","UNKNOWN","ON SCENE","NO INJURY / DRIVE AWAY",,,,"OVER $1,500","2026-02-24T18:49:00.000","UNABLE TO DETERMINE","NOT APPLICABLE","3635","W","GRACE ST","1732",,,,,,,"2","NO INDICATION OF INJURY","0","0","0","0","0","1","0","18","3","2","41.9500198479","-87.7191492042","POINT (-87.719149204179 41.950019847858)"
"92a6f9cbe7498527a3c154c6d58c50ba15f1d3841831f5823b1e7ff28070614dda07d426a58acd575633c93566fba222fe0ba7b2ed09e2de9a7a0a97dd8598be",,"2026-02-24T18:45:00.000","30","NO CONTROLS","NO CONTROLS","CLEAR","DARKNESS","PARKED MOTOR VEHICLE","NOT DIVIDED",,"STRAIGHT AND LEVEL","DRY","NO DEFECTS","ON SCENE","INJURY AND / OR TOW DUE TO CRASH",,,"Y","OVER $1,500","2026-02-24T18:57:00.000","UNABLE TO DETERMINE","NOT APPLICABLE","1837","S","CALIFORNIA AVE","1023",,,,,,,"3","NO INDICATION OF INJURY","0","0","0","0","0","1","0","18","3","2","41.8562733677","-87.6954468837","POINT (-87.69544688372 41.856273367675)"
"34eabe5241add342b6030198461946d5b8570796705b6d265c91caeabbf71701e576dc7b55d45650a0743baa9713d89f0276dfdc74d94658a28a5f90beae2b85",,"2026-02-24T18:40:00.000","30","TRAFFIC SIGNAL","FUNCTIONING PROPERLY","CLEAR","DARKNESS, LIGHTED ROAD","REAR END","DIVIDED - W/MEDIAN BARRIER",,"STRAIGHT AND LEVEL","DRY","NO DEFECTS","ON SCENE","INJURY AND / OR TOW DUE TO CRASH",,,,"OVER $1,500","2026-02-24T18:46:00.000","FOLLOWING TOO CLOSELY","FOLLOWING TOO CLOSELY","27","W","IDA B WELLS DR","123",,,,,,,"2","REPORTED, NOT EVIDENT","1","0","0","0","1","1","0","18","3","2","41.8755208459","-87.6286469213","POINT (-87.628646921257 41.875520845902)"
"0046d24c20f5aac6555b9cc7b4af1b56983be35eeec7cef17e5d565acd68c5e2e4320ac7a47021c9d4648ab39e2a08553f479e42a3a48adc8ccdbe015c8b09e2",,"2026-02-24T18:38:00.000","30","TRAFFIC SIGNAL","FUNCTIONING PROPERLY","CLEAR","DARKNESS","SIDESWIPE SAME DIRECTION","DIVIDED - W/MEDIAN (NOT RAISED)",,"STRAIGHT AND LEVEL","DRY","NO DEFECTS","ON SCENE","NO INJURY / DRIVE AWAY","Y",,,"OVER $1,500","2026-02-24T18:38:00.000","FAILING TO YIELD RIGHT-OF-WAY","NOT APPLICABLE","4359","S","ARCHER AVE","922",,,,,,,"2","NO INDICATION OF INJURY","0","0","0","0","0","3","0","18","3","2","41.8142899587","-87.7036910477","POINT (-87.703691047733 41.814289958734)"
"ded34299da68b16de0e05048284c2b822ac1687b27ecfe73f44fbb5d23839f0d693ceb37a4b77abdce96a65584ea82729a77aa882aa53b634c823435b75ebe07",,"2026-02-24T18:30:00.000","25","NO CONTROLS","NO CONTROLS","CLEAR","DAYLIGHT","SIDESWIPE SAME DIRECTION","NOT DIVIDED",,"STRAIGHT AND LEVEL","DRY","UNKNOWN","NOT ON SCENE (DESK REPORT)","NO INJURY / DRIVE AWAY",,,,"OVER $1,500","2026-02-24T19:27:00.000","UNABLE TO DETERMINE","UNABLE TO DETERMINE","6300","S","MORGAN ST","724",,,,,,,"2","NO INDICATION OF INJURY","0","0","0","0","0","2","0","18","3","2","41.7795810129","-87.6497871291","POINT (-87.649787129108 41.779581012899)"
"46c53084d5f5453b17999e3d390fd483254a90c69d81eaa6348df5cb77aaa52490d8a5669ec22f4fc7303b9c9be75f731698d3b96b2bcf8a4042b5bcdba89e63",,"2026-02-24T18:27:00.000","30","TRAFFIC SIGNAL","FUNCTIONING PROPERLY","CLEAR","DARKNESS, LIGHTED ROAD","TURNING","DIVIDED - W/MEDIAN (NOT RAISED)",,"STRAIGHT AND LEVEL","DRY","NO DEFECTS","ON SCENE","INJURY AND / OR TOW DUE TO CRASH","Y",,,"OVER $1,500","2026-02-24T18:28:00.000","UNABLE TO DETERMINE","UNABLE TO DETERMINE","6200","N","KIMBALL AVE","1711",,,,,,,"2","REPORTED, NOT EVIDENT","1","0","0","0","1","4","0","18","3","2","41.9938414371","-87.714242493","POINT (-87.714242493027 41.993841437077)"
"34ccc3f38d224ef2ba041efb57fe03b39de331562e5f18c706d44b96cf930b640e5e21416f9f33cd261a47605a5360db1002850e8887a73ecce3b29747c15cc7",,"2026-02-24T18:25:00.000","30","UNKNOWN","UNKNOWN","UNKNOWN","UNKNOWN","SIDESWIPE SAME DIRECTION","UNKNOWN",,"STRAIGHT AND LEVEL","UNKNOWN","UNKNOWN","NOT ON SCENE (DESK REPORT)","NO INJURY / DRIVE AWAY",,,"Y","$500 OR LESS","2026-02-24T19:55:00.000","UNABLE TO DETERMINE","UNABLE TO DETERMINE","6015","N","MOZART ST","2413",,,,,,,"3","NO INDICATION OF INJURY","0","0","0","0","0","2","0","18","3","2","41.9909042257","-87.7004828329","POINT (-87.700482832855 41.990904225718)"
"17e14e2bec564c1e828787316cc79c46e72b6aec8a411399114d85766482812aa3478842485bc4335c5a46c69d697cc81f9d93f12e9d8c2ff148749f38bf416d",,"2026-02-24T18:20:00.000","30","NO CONTROLS","FUNCTIONING PROPERLY","CLEAR","DARKNESS, LIGHTED ROAD","REAR END","DIVIDED - W/MEDIAN (NOT RAISED)",,"STRAIGHT AND LEVEL","DRY","UNKNOWN","NOT ON SCENE (DESK REPORT)","NO INJURY / DRIVE AWAY",,,,"$501 - $1,500","2026-02-24T19:50:00.000","UNABLE TO DETERMINE","UNABLE TO DETERMINE","6000","N","LINCOLN AVE","2413",,,,,,,"2","NO INDICATION OF INJURY","0","0","0","0","0","3","0","18","3","2","41.9903366392","-87.7075344147","POINT (-87.707534414707 41.990336639159)"
"89250823ad413998172bbab005fa2d2746570e46f019e996c920fbec2ab053b17c4bbc1c5d8950c9efc81a8af55d51dc299ec854c1add9c13a7f8e374e16a617",,"2026-02-24T18:20:00.000","30","NO CONTROLS","NO CONTROLS","CLEAR","DARKNESS, LIGHTED ROAD","REAR END","PARKING LOT",,"STRAIGHT AND LEVEL","DRY","NO DEFECTS",,"NO INJURY / DRIVE AWAY",,"Y",,"$500 OR LESS","2026-02-24T18:22:00.000","UNABLE TO DETERMINE","UNABLE TO DETERMINE","11050","S","DOTY AVE W","513",,,,,,,"2","NO INDICATION OF INJURY","0","0","0","0","0","2","0","18","3","2","41.6932618781","-87.599498028","POINT (-87.599498028029 41.693261878116)"
"ebd67bd4d5027d71b5250f6048c62efd8c256a7d38e1c314deb12a1c48e914e0390f41b5b0f8d36dea82b417e1aeb2c3c96f3204ae744ec044392616797ddb90",,"2026-02-24T18:20:00.000","30","TRAFFIC SIGNAL","FUNCTIONING PROPERLY","CLEAR","DUSK","REAR END","NOT DIVIDED",,"STRAIGHT AND LEVEL","DRY","NO DEFECTS","NOT ON SCENE (DESK REPORT)","INJURY AND / OR TOW DUE TO CRASH",,,,"OVER $1,500","2026-02-24T19:45:00.000","FAILING TO REDUCE SPEED TO AVOID CRASH","FAILING TO REDUCE SPEED TO AVOID CRASH","2212","W","AUGUSTA BLVD","1212",,,,,,,"2","NO INDICATION OF INJURY","0","0","0","0","0","2","0","18","3","2","41.8995655479","-87.6826256339","POINT (-87.682625633934 41.899565547923)"
"7decccdb2e6fb8bcb5e2c4aed15c97c814fa4a5114f80cd58ce17c21d4d68b7931ab15276df7dbf1b9864ca03986274cb153a75564913f53f9c7f49caa08c29c",,"2026-02-24T18:19:00.000","30","OTHER","FUNCTIONING PROPERLY","CLOUDY/OVERCAST","DARKNESS, LIGHTED ROAD","ANGLE","FOUR WAY",,"STRAIGHT AND LEVEL","DRY","NO DEFECTS","ON SCENE","INJURY AND / OR TOW DUE TO CRASH","Y",,"Y","OVER $1,500","2026-02-24T18:19:00.000","FAILING TO YIELD RIGHT-OF-WAY","UNABLE TO DETERMINE","1822","W","33RD ST","912",,,,,,,"3","NONINCAPACITATING INJURY","1","0","0","1","0","7","0","18","3","2","41.8341944611","-87.6715676595","POINT (-87.671567659489 41.834194461139)"
"1ee2d36fcefd92af6b4c7923a5c28ce4b0a5f9094a33f7136fcf2c9e1a6677860e6db032bababcb4cd4cb44aff0d89112da68a14548b13f8491f8dadc0f18b0b",,"2026-02-24T18:13:00.000","30","TRAFFIC SIGNAL","FUNCTIONING PROPERLY","CLEAR","DARKNESS, LIGHTED ROAD","SIDESWIPE SAME DIRECTION","FIVE POINT, OR MORE",,"STRAIGHT AND LEVEL","DRY","NO DEFECTS","ON SCENE","NO INJURY / DRIVE AWAY","Y",,,"$501 - $1,500","2026-02-24T18:18:00.000","FAILING TO YIELD RIGHT-OF-WAY","IMPROPER LANE USAGE","2400","W","OGDEN AVE","1023",,,,,,,"2","NO INDICATION OF INJURY","0","0","0","0","0","3","0","18","3","2","41.8648317102","-87.6861606727","POINT (-87.686160672742 41.864831710222)"
"0e5477936fecf05b3d317a3f3cbc736fed4c1b49a1a2394460400fcbc714a14af3174abb37c06e7246c310a41456ff5635777c004bba608b5bac0c1e6c592119",,"2026-02-24T18:10:00.000","30","STOP SIGN/FLASHER","UNKNOWN","CLEAR","DARKNESS, LIGHTED ROAD","TURNING","T-INTERSECTION",,"STRAIGHT AND LEVEL","DRY","NO DEFECTS","ON SCENE","NO INJURY / DRIVE AWAY","Y",,"Y","OVER $1,500","2026-02-24T18:44:00.000","FAILING TO YIELD RIGHT-OF-WAY","NOT APPLICABLE","3499","N","NARRAGANSETT AVE","1633",,,,,,,"2","NO INDICATION OF INJURY","0","0","0","0","0","2","0","18","3","2","41.9437859128","-87.7861418676","POINT (-87.786141867633 41.943785912816)"
"23c3d07840dc5fd7a33c0e02809a03039f1898aedd0e5e24cf58ff2c9caf703ad3e12833504340e1bd72c633f4659ab03456ac76f1b43762ff3157546bd61810",,"2026-02-24T18:10:00.000","30","STOP SIGN/FLASHER","FUNCTIONING PROPERLY","CLEAR","DAYLIGHT","ANGLE","DIVIDED - W/MEDIAN (NOT RAISED)",,"STRAIGHT AND LEVEL","DRY","NO DEFECTS","NOT ON SCENE (DESK REPORT)","NO INJURY / DRIVE AWAY","Y",,"Y","OVER $1,500","2026-02-24T19:38:00.000","FAILING TO YIELD RIGHT-OF-WAY","NOT APPLICABLE","2529","E","76TH ST","421",,,,,,,"2","NO INDICATION OF INJURY","0","0","0","0","0","4","0","18","3","2","41.7571081406","-87.5627583862","POINT (-87.562758386203 41.757108140586)"
"762bef164a54bd76f43084f0dfdf9d418e16bd85e43a8e28238b98fa74377f032478b1313f5937b740b648a4f2a9ffeb1d91d06187aa448250dc1be2c8501f0d","Y","2026-02-24T18:00:00.000","25","NO CONTROLS","NO CONTROLS","CLEAR","DAYLIGHT","TURNING","ONE-WAY",,"STRAIGHT AND LEVEL","UNKNOWN","UNKNOWN","NOT ON SCENE (DESK REPORT)","NO INJURY / DRIVE AWAY",,,,"OVER $1,500","2026-02-24T18:42:00.000","UNABLE TO DETERMINE","UNABLE TO DETERMINE","640","N","MAYFIELD AVE","1511",,,,,,,"2","NO INDICATION OF INJURY","0","0","0","0","0","3","0","18","3","2","41.8922357699","-87.7723502958","POINT (-87.772350295753 41.892235769897)"
"ac4796211548b36b70f5ce3fb3d30b1fea8db6cc5471b1a79e569c51b46098bcf6a30e974645d3fb66c6dd1e2f99d64cb8883bb2f44fab6fa377f7150fb71db6",,"2026-02-24T18:00:00.000","30","TRAFFIC SIGNAL","FUNCTIONING PROPERLY","CLEAR","DARKNESS, LIGHTED ROAD","TURNING","FOUR WAY",,"STRAIGHT AND LEVEL","UNKNOWN","UNKNOWN","NOT ON SCENE (DESK REPORT)","NO INJURY / DRIVE AWAY","Y",,,"OVER $1,500","2026-02-24T18:50:00.000","FAILING TO YIELD RIGHT-OF-WAY","NOT APPLICABLE","2000","N","KIMBALL AVE","1413",,,,,,,"2","NO INDICATION OF INJURY","0","0","0","0","0","3","0","18","3","2","41.9173888995","-87.712051446","POINT (-87.712051446035 41.917388899504)"
"b9fac431fe260ea4e89fb9cba405382052159400ef7e31d155247c629c209dc7ade8b5ce2d4d0a9e3d8835f0c1ae076819e3b561c0d689a89c9aa372c67630a0",,"2026-02-24T18:00:00.000","30","TRAFFIC SIGNAL","FUNCTIONING PROPERLY","CLOUDY/OVERCAST","DARKNESS, LIGHTED ROAD","PEDESTRIAN","NOT DIVIDED",,"STRAIGHT AND LEVEL","DRY","NO DEFECTS","ON SCENE","INJURY AND / OR TOW DUE TO CRASH","Y",,"Y","OVER $1,500","2026-02-24T18:23:00.000","DISTRACTION - FROM INSIDE VEHICLE","NOT APPLICABLE","3952","W","47TH ST","821",,,,,,,"2","NONINCAPACITATING INJURY","1","0","0","1","0","1","0","18","3","2","41.8079965625","-87.7232735259","POINT (-87.723273525939 41.807996562473)"
"c563ff03f40b86efb17e9ccae73db699f0412a49322c2f3d47dd6729e44245a15cd73fbea5862a240a2c17eb7d4ff43efe409f6382ab055bf9827358261d1205",,"2026-02-24T18:00:00.000","20","STOP SIGN/FLASHER","FUNCTIONING PROPERLY","CLEAR","DARKNESS","ANGLE","FOUR WAY",,"STRAIGHT AND LEVEL","DRY","NO DEFECTS","NOT ON SCENE (DESK REPORT)","NO INJURY / DRIVE AWAY","Y",,,"OVER $1,500","2026-02-25T15:00:00.000","UNABLE TO DETERMINE","NOT APPLICABLE","7600","S","INDIANA AVE","623",,,,,,,"2","NO INDICATION OF INJURY","0","0","0","0","0","2","0","18","3","2","41.7564048051","-87.6200325039","POINT (-87.62003250391 41.756404805121)"
"1708a913a6ed4986157a113bf7b801ba4095fe704ff0df2c68e6f0f7e6a3dd483d4e73357e788b2ae5cb564a822df38923436b16b8c3437c096118f6606da159",,"2026-02-24T17:55:00.000","30","STOP SIGN/FLASHER","FUNCTIONING PROPERLY","CLEAR","DARKNESS, LIGHTED ROAD","ANGLE","FOUR WAY",,"STRAIGHT AND LEVEL","UNKNOWN","NO DEFECTS",,"INJURY AND / OR TOW DUE TO CRASH","Y",,"Y","OVER $1,500","2026-02-24T17:58:00.000","DISREGARDING STOP SIGN","NOT APPLICABLE","6300","S","LAWNDALE AVE","823",,,,,,,"2","REPORTED, NOT EVIDENT","3","0","0","0","3","1","0","17","3","2","41.7787231634","-87.7155478208","POINT (-87.715547820757 41.778723163419)"
"0e58002c8e525690cab1c07262fbed3b8aaac8d70f9e66900e34750ee99ff3968b062ed29c3ad996a893585c3329d947c39be6ebf9198cd4a0fe159740cb7760",,"2026-02-24T17:50:00.000","30","TRAFFIC SIGNAL","UNKNOWN","UNKNOWN","DAYLIGHT","REAR END","FOUR WAY",,"STRAIGHT AND LEVEL","UNKNOWN","UNKNOWN","NOT ON SCENE (DESK REPORT)","NO INJURY / DRIVE AWAY",,,,"OVER $1,500","2026-02-24T19:29:00.000","IMPROPER BACKING","NOT APPLICABLE","1969","N","LARAMIE AVE","2533",,,,,,,"2","NO INDICATION OF INJURY","0","0","0","0","0","2","0","17","3","2","41.9168930974","-87.7557891158","POINT (-87.755789115828 41.916893097372)"
"a8a6100f7731e282bb6740cef66c92fe00d613bc5bd2406769b15639aa47f54b791016a124b034d1c1cb295cadc022426a28eb7ae20325bb775e0190a12242c2","Y","2026-02-24T17:50:00.000","30","NO CONTROLS","NO CONTROLS","CLEAR","DAWN","PARKED MOTOR VEHICLE","ONE-WAY",,"STRAIGHT AND LEVEL","DRY","NO DEFECTS","ON SCENE","NO INJURY / DRIVE AWAY",,,"Y","OVER $1,500","2026-02-24T18:50:00.000","UNABLE TO DETERMINE","UNABLE TO DETERMINE","1463","W","SUPERIOR ST","1215",,,,,,,"2","NO INDICATION OF INJURY","0","0","0","0","0","1","0","17","3","2","41.8950848828","-87.6648170844","POINT (-87.664817084354 41.895084882772)"
"6657955af2e9476838fca780a96b0caef1dc47c2e5132344611edc2a8767a4f70ef41718678a8870647132ebd2b175aed9399a23016a8d72803d5cd587a1daee",,"2026-02-24T17:47:00.000","30","NO CONTROLS","NO CONTROLS","CLEAR","DARKNESS, LIGHTED ROAD","PARKED MOTOR VEHICLE","NOT DIVIDED",,"STRAIGHT AND LEVEL","DRY","UNKNOWN","ON SCENE","INJURY AND / OR TOW DUE TO CRASH",,,"Y","OVER $1,500","2026-02-24T17:57:00.000","UNABLE TO DETERMINE","NOT APPLICABLE","2157","N","PULASKI RD","2525",,,,,,,"2","NO INDICATION OF INJURY","0","0","0","0","0","1","0","17","3","2","41.9207225943","-87.7265172918","POINT (-87.726517291841 41.920722594335)"
"c64ea23dc772ec154f37b28ed0b227d4ed448bfb0f33705ce075ffb4aa5a1b63c85c6943cfc8c259e749356fb2c677f229689059b4496d07a268c515b805d487",,"2026-02-24T17:45:00.000","30","OTHER","NO CONTROLS","CLEAR","DARKNESS, LIGHTED ROAD","REAR END","DIVIDED - W/MEDIAN BARRIER",,"STRAIGHT AND LEVEL","DRY","NO DEFECTS","NOT ON SCENE (DESK REPORT)","NO INJURY / DRIVE AWAY",,,,"OVER $1,500","2026-02-25T07:30:00.000","FOLLOWING TOO CLOSELY","UNABLE TO DETERMINE","530","N","LAKE SHORE DR","1834",,,,,,,"2","NO INDICATION OF INJURY","0","0","0","0","0","2","0","17","3","2","41.891975608","-87.6145802709","POINT (-87.614580270889 41.891975608018)"
"68dbb9377d07f04a0bd269d4c311b1aa59fc3073224a953b31aaa81f76b5f8fd6b965455abfc2f229ef12ee756122e65d87a974af660cb66601c4f64e5f51864",,"2026-02-24T17:41:00.000","30","TRAFFIC SIGNAL","FUNCTIONING PROPERLY","CLEAR","DAYLIGHT","TURNING","FOUR WAY",,"STRAIGHT AND LEVEL","DRY","NO DEFECTS","ON SCENE","NO INJURY / DRIVE AWAY","Y",,,"OVER $1,500","2026-02-24T17:45:00.000","IMPROPER LANE USAGE","IMPROPER OVERTAKING/PASSING","8300","S","STONY ISLAND AVE","412",,,,,,,"2","NO INDICATION OF INJURY","0","0","0","0","0","2","0","17","3","2","41.744151639","-87.585945067","POINT (-87.585945066953 41.744151639042)"
"e729e1176bd2d47962106a6ba0b8d2a1baba7c73310fb41f0ff07366f3ca7142d075352385aa1e2676245260acd6e892670a2903ccfdeded66a27cb2fc5618ea",,"2026-02-24T17:38:00.000","30","NO CONTROLS","NO CONTROLS","CLEAR","DARKNESS, LIGHTED ROAD","SIDESWIPE SAME DIRECTION","DIVIDED - W/MEDIAN BARRIER",,"STRAIGHT AND LEVEL","DRY","NO DEFECTS","NOT ON SCENE (DESK REPORT)","NO INJURY / DRIVE AWAY",,,,"OVER $1,500","2026-02-25T04:40:00.000","FAILING TO YIELD RIGHT-OF-WAY","FAILING TO REDUCE SPEED TO AVOID CRASH","630","N","LA SALLE DR","1832",,,,,,,"2","NO INDICATION OF INJURY","0","0","0","0","0","3","0","17","3","2","41.8932447739","-87.6327867038","POINT (-87.632786703841 41.893244773868)"
"76a0cabee82cde9a829c73b619de4150a7e1dfadc7ae7552611de6be1a3b17ae5238ff426ef40e66884e381793b9aa963d37f2b83bba977f1a28c0e0e3a91fc1",,"2026-02-24T17:37:00.000","25","STOP SIGN/FLASHER","UNKNOWN","CLEAR","DUSK","ANGLE","T-INTERSECTION",,"STRAIGHT AND LEVEL","DRY","NO DEFECTS","ON SCENE","INJURY AND / OR TOW DUE TO CRASH","Y",,"Y","OVER $1,500","2026-02-24T17:45:00.000","FAILING TO YIELD RIGHT-OF-WAY","FAILING TO YIELD RIGHT-OF-WAY","200","E","76TH ST","623",,,,,,,"2","NONINCAPACITATING INJURY","3","0","0","1","2","1","0","17","3","2","41.7566093091","-87.6198112038","POINT (-87.619811203834 41.756609309098)"
"af4e29fdf64e5898992b0a749196d3549e2ceb79b0e2a6cf5926a981a3622e7c78112cae105d98a9564eec7e0efc955f25e4e119427e6c6bc9ebbf9d3e207352",,"2026-02-24T17:27:00.000","20","STOP SIGN/FLASHER","FUNCTIONING PROPERLY","RAIN","DARKNESS, LIGHTED ROAD","ANGLE","NOT DIVIDED",,"STRAIGHT AND LEVEL","DRY","UNKNOWN","NOT ON SCENE (DESK REPORT)","NO INJURY / DRIVE AWAY","Y",,,"OVER $1,500","2026-02-24T20:20:00.000","UNABLE TO DETERMINE","NOT APPLICABLE","2900","N","LONG AVE","2514",,,,,,,"2","NO INDICATION OF INJURY","0","0","0","0","0","2","0","17","3","2","41.9332064175","-87.7615483339","POINT (-87.761548333938 41.933206417483)"
"244963faba6ccb42a99af2da314605497a1c41bc777cd38d46f4242c6e5c2b72f4bbe495d15e268f9ef53832964ee431122689da5cb1ebd4998b6ed5270a3813",,"2026-02-24T17:23:00.000","30","NO CONTROLS","NO CONTROLS","CLEAR","DAYLIGHT","SIDESWIPE SAME DIRECTION","T-INTERSECTION",,"STRAIGHT AND LEVEL","DRY","UNKNOWN","ON SCENE","NO INJURY / DRIVE AWAY",,,,"OVER $1,500","2026-02-24T17:23:00.000","UNABLE TO DETERMINE","NOT APPLICABLE","4729","W","59TH ST","813",,,,,,,"2","NO INDICATION OF INJURY","0","0","0","0","0","2","0","17","3","2","41.78419815","-87.741365268","POINT (-87.741365267996 41.784198149971)"
"92c292816a633936e09a540941cd1e906377531e60a3f92cc147fdc730b8e71e21eac14ff038ad244986a91f403277fb6db4ba48d8aca2b889a02f8559ab2499",,"2026-02-24T17:15:00.000","30","UNKNOWN","NO CONTROLS","CLEAR","DARKNESS, LIGHTED ROAD","SIDESWIPE SAME DIRECTION","NOT DIVIDED",,"STRAIGHT AND LEVEL","DRY","NO DEFECTS","NOT ON SCENE (DESK REPORT)","NO INJURY / DRIVE AWAY",,,,"$500 OR LESS","2026-02-24T18:08:00.000","UNABLE TO DETERMINE","UNABLE TO DETERMINE","3150","W","87TH ST","835",,,,,,,"2","NO INDICATION OF INJURY","0","0","0","0","0","3","0","17","3","2","41.7353206011","-87.7012270746","POINT (-87.701227074614 41.735320601097)"
"b0e5ca51144aae00f12a337886cb4eab254222beac445fc61b790c64bec2a6524d668e5746a0fedd298323b7a2b474f6cd987e97a541c225a2efb6da071797f8",,"2026-02-24T17:15:00.000","30","NO CONTROLS","NO CONTROLS","CLEAR","DAYLIGHT","PARKED MOTOR VEHICLE","PARKING LOT",,"STRAIGHT AND LEVEL","DRY","NO DEFECTS","NOT ON SCENE (DESK REPORT)","NO INJURY / DRIVE AWAY","N","Y",,"OVER $1,500","2026-03-05T17:30:00.000","FOLLOWING TOO CLOSELY","NOT APPLICABLE","2800","W","ARMITAGE AVE","1414",,,,,,,"2","NO INDICATION OF INJURY","0","0","0","0","0","2","0","17","3","2","41.9175988369","-87.6972537453","POINT (-87.69725374533 41.917598836852)"
"b4390584327ee69163fca4aa2f08f39f07a2347dc77991d8c9f15e6d05f60ba0d8caea7002a8a04e1e1bdc89b74227e4ae1e4dcc02775cafe218240bd7d67e67",,"2026-02-24T17:15:00.000","15","NO CONTROLS","NO CONTROLS","CLEAR","DARKNESS, LIGHTED ROAD","ANGLE","NOT DIVIDED",,"STRAIGHT AND LEVEL","DRY","NO DEFECTS","NOT ON SCENE (DESK REPORT)","INJURY AND / OR TOW DUE TO CRASH","Y",,"Y","OVER $1,500","2026-02-24T17:15:00.000","UNABLE TO DETERMINE","UNABLE TO DETERMINE","209","S","WHIPPLE ST","1124",,,,,,,"2","NONINCAPACITATING INJURY","4","0","0","4","0","1","0","17","3","2","41.8779411806","-87.7022213063","POINT (-87.70222130628 41.877941180648)"
"19b8aa7e4f623b765084af1dfe601bfee0d2c48b0e85bedcad3e784a39fd7553466ab9a046f62890ccb3fb9608cf4cc56d969ff3b54ff6536be4655e1c2b369f",,"2026-02-24T17:04:00.000","25","NO CONTROLS","NO CONTROLS","CLEAR","DUSK","TURNING","PARKING LOT",,"STRAIGHT AND LEVEL","DRY","NO DEFECTS","NOT ON SCENE (DESK REPORT)","NO INJURY / DRIVE AWAY",,,,"$501 - $1,500","2026-02-24T19:45:00.000","FAILING TO YIELD RIGHT-OF-WAY","FAILING TO YIELD RIGHT-OF-WAY","10351","S","TORRENCE AVE","434",,,,,,,"2","NO INDICATION OF INJURY","0","0","0","0","0","2","0","17","3","2","41.706707034","-87.5594991851","POINT (-87.559499185102 41.706707034022)"
"44571c9264a9e925022509b79b0271eb031310ed84259a6b5d2fd6446b53553b2faf6b97c693b3e43818476bc8a22574135949bd0c09fe226ba58a678ddab8f1","Y","2026-02-24T17:00:00.000","30","STOP SIGN/FLASHER","FUNCTIONING PROPERLY","CLEAR","DUSK","ANGLE","ONE-WAY",,"STRAIGHT AND LEVEL","DRY","NO DEFECTS","ON SCENE","INJURY AND / OR TOW DUE TO CRASH","Y",,,"OVER $1,500","2026-02-24T17:22:00.000","DISREGARDING STOP SIGN","UNABLE TO DETERMINE","4998","W","GLADYS AVE","1533",,,,,,,"4","NONINCAPACITATING INJURY","1","0","0","1","0","2","0","17","3","2","41.87593873","-87.7491535897","POINT (-87.749153589735 41.875938729959)"
"dc1324d5a938a5c58bb9ccdb46d58911007708d9f3a56e43279754df528a7032dc4631d1a6544acf5c4e63a8be28217983142be201a937e82a63b4d55ad18664",,"2026-02-24T16:51:00.000","30","OTHER","FUNCTIONING PROPERLY","CLEAR","DAYLIGHT","FIXED OBJECT","DIVIDED - W/MEDIAN BARRIER",,"STRAIGHT AND LEVEL","DRY","NO DEFECTS","ON SCENE","INJURY AND / OR TOW DUE TO CRASH",,"N",,"OVER $1,500","2026-02-24T16:54:00.000","OPERATING VEHICLE IN ERRATIC, RECKLESS, CARELESS, NEGLIGENT OR AGGRESSIVE MANNER","FAILING TO REDUCE SPEED TO AVOID CRASH","4349","W","CERMAK RD","1013",,,,,,,"1","NONINCAPACITATING INJURY","1","0","0","1","0","2","0","16","3","2","41.85129596","-87.7340552223","POINT (-87.734055222316 41.851295959954)"