"crash_record_id","crash_date_est_i","crash_date","posted_speed_limit","traffic_control_device","device_condition","weather_condition","lighting_condition","first_crash_type","trafficway_type","lane_cnt","alignment","roadway_surface_cond","road_defect","report_type","crash_type","intersection_related_i","private_property_i","hit_and_run_i","damage","date_police_notified","prim_contributory_cause","sec_contributory_cause","street_no","street_direction","street_name","beat_of_occurrence","photos_taken_i","statements_taken_i","dooring_i","work_zone_i","work_zone_type","workers_present_i","num_units","most_severe_injury","injuries_total","injuries_fatal","injuries_incapacitating","injuries_non_incapacitating","injuries_reported_not_evident","injuries_no_indication","injuries_unknown","crash_hour","crash_day_of_week","crash_month","latitude","longitude","location"
"2d16f92a5e1d03a1b5f12387bda41d79368fc01edebc0a7666df3babdc498b7ad0d2e866043053422656383546f8bd208d2ae79d4376e7c6501ac71058d32997",,"2026-02-24T16:50:00.000","30","UNKNOWN","UNKNOWN","CLOUDY/OVERCAST","DAYLIGHT","ANGLE","NOT DIVIDED",,"STRAIGHT AND LEVEL","UNKNOWN","UNKNOWN","NOT ON SCENE (DESK REPORT)","NO INJURY / DRIVE AWAY",,,,"OVER $1,500","2026-02-24T17:09:00.000","UNABLE TO DETERMINE","NOT APPLICABLE","3100","W","ADDISON ST","1733",,,,,,,"2","NO INDICATION OF INJURY","0","0","0","0","0","2","0","16","3","2","41.9467553762","-87.7054309105","POINT (-87.705430910497 41.946755376241)"
"366f47e59d7c440b817ab6ff4b83820dccbdfdbf92e0d59ce2b9ee80c738bef8f560a93ce3f74cc0f6ba23339be53be5dc0b70754770ebe8948fa06b78c4aa0e",,"2026-02-24T16:50:00.000","30","NO CONTROLS","NO CONTROLS","CLOUDY/OVERCAST","DAYLIGHT","REAR END","NOT DIVIDED",,"STRAIGHT AND LEVEL","DRY","NO DEFECTS","ON SCENE","INJURY AND / OR TOW DUE TO CRASH",,,"Y","OVER $1,500","2026-02-24T16:56:00.000","FOLLOWING TOO CLOSELY","NOT APPLICABLE","4759","S","CICERO AVE","815",,,,,,,"2","NONINCAPACITATING INJURY","1","0","0","1","0","1","0","16","3","2","41.8058924065","-87.7429617024","POINT (-87.742961702353 41.805892406451)"
"e690543dba370829e7f3d3755cabca928c5cb5d887846abdd12fe7ddd96a578d67814dcff568fca19520d341f914e1e18600244cba850f44a38338ee226482b2","N","2026-02-24T16:50:00.000","40","TRAFFIC SIGNAL","FUNCTIONING PROPERLY","CLEAR","DAYLIGHT","SIDESWIPE SAME DIRECTION","FOUR WAY",,"STRAIGHT AND LEVEL","DRY","NO DEFECTS","ON SCENE","NO INJURY / DRIVE AWAY","N",,"Y","$501 - $1,500","2026-02-24T16:52:00.000","UNABLE TO DETERMINE","UNABLE TO DETERMINE","778","W","115TH ST","2233",,,,,,,"2","NO INDICATION OF INJURY","0","0","0","0","0","2","0","16","3","2","41.6851927536","-87.642094133","POINT (-87.642094133032 41.685192753555)"
"190f0d18aa6ef02a4cb34453810f592e0adccccad349cde3aea21aff2bccaec3e544f386855cc7428bd3a543d986136399c1a4e48a2ce41e4cc5a3fd93cf387f",,"2026-02-24T16:49:00.000","30","NO CONTROLS","NO CONTROLS","CLEAR","DAYLIGHT","TURNING","DIVIDED - W/MEDIAN (NOT RAISED)",,"STRAIGHT AND LEVEL","DRY","NO DEFECTS","NOT ON SCENE (DESK REPORT)","NO INJURY / DRIVE AWAY",,,"Y","OVER $1,500","2026-02-24T21:30:00.000","FAILING TO YIELD RIGHT-OF-WAY","UNABLE TO DETERMINE","400","N","LAKE SHORE DR","1834",,,,,,,"2","NO INDICATION OF INJURY","0","0","0","0","0","2","0","16","3","2","41.8894184002","-87.6142701882","POINT (-87.614270188222 41.889418400236)"
"205c49adf857184f722ebaa8b9fc8d9f9c8b98a5e79ab8a8ad155077dd5331891b2958acb28d0c939059ddc425c4e2ff2eb87dcc013a465bd4e11ee63debdb6e",,"2026-02-24T16:48:00.000","30","NO CONTROLS","NO CONTROLS","CLEAR","DAYLIGHT","ANGLE","T-INTERSECTION",,"STRAIGHT AND LEVEL","DRY","UNKNOWN","ON SCENE","INJURY AND / OR TOW DUE TO CRASH","Y",,,"OVER $1,500","2026-02-24T17:02:00.000","UNABLE TO DETERMINE","UNABLE TO DETERMINE","2731","S","CALIFORNIA BLVD","1034",,,,,,,"2","NONINCAPACITATING INJURY","1","0","0","1","0","2","0","16","3","2","41.8419447998","-87.6944113731","POINT (-87.694411373143 41.841944799794)"
"59b2128d5fe2d395cc753a26d6772795186d35e795539bcefc5c72a111de18a5f88a7e0c2356d3692cf539973670d5460524fb3f5bcd60913c0ab3a9305bd54f",,"2026-02-24T16:45:00.000","30","TRAFFIC SIGNAL","FUNCTIONING PROPERLY","CLEAR","DAYLIGHT","REAR END","NOT DIVIDED",,"STRAIGHT AND LEVEL","DRY","NO DEFECTS","NOT ON SCENE (DESK REPORT)","NO INJURY / DRIVE AWAY",,,"Y","OVER $1,500","2026-02-24T17:50:00.000","FOLLOWING TOO CLOSELY","NOT APPLICABLE","400","E","103RD ST","511",,,,,,,"2","NO INDICATION OF INJURY","0","0","0","0","0","2","0","16","3","2","41.7074261755","-87.6137099049","POINT (-87.613709904884 41.707426175545)"
"da36d6fad1dad23c4eba438f4490008c70e657dfd396140fce55a25115aaf3af991fec89376f9503823bedce65a04549bf891099f66220d327fc4cc1edf8b3d8",,"2026-02-24T16:45:00.000","30","NO CONTROLS","NO CONTROLS","UNKNOWN","DAYLIGHT","PARKED MOTOR VEHICLE","PARKING LOT",,"STRAIGHT AND LEVEL","UNKNOWN","UNKNOWN","NOT ON SCENE (DESK REPORT)","NO INJURY / DRIVE AWAY",,"Y",,"OVER $1,500","2026-02-24T19:20:00.000","WEATHER","NOT APPLICABLE","1000","W","35TH ST","913",,,,,,,"2","NO INDICATION OF INJURY","0","0","0","0","0","1","0","16","3","2","41.8307935761","-87.6510916639","POINT (-87.651091663901 41.83079357609)"
"cd463f399e8b35622c0b0e3a1aebeea8d04593d5b0516fc063c955df258d6e6fa4fc2ca63b77ac13867e4ae27d0b3a4188d404b0239e4af8d637b422c8213a35",,"2026-02-24T16:40:00.000","30","NO CONTROLS","NO CONTROLS","CLEAR","DAYLIGHT","SIDESWIPE SAME DIRECTION","DIVIDED - W/MEDIAN BARRIER",,"STRAIGHT AND LEVEL","DRY","NO DEFECTS","NOT ON SCENE (DESK REPORT)","INJURY AND / OR TOW DUE TO CRASH",,,,"OVER $1,500","2026-02-24T22:00:00.000","FAILING TO YIELD RIGHT-OF-WAY","DRIVING SKILLS/KNOWLEDGE/EXPERIENCE","3552","W","GRAND AVE","1121",,,,,,,"2","REPORTED, NOT EVIDENT","1","0","0","0","1","1","0","16","3","2","41.9019126231","-87.7154044009","POINT (-87.715404400915 41.901912623078)"
"50f765a99c62c745e8143d90bb4218965e3759065fef4b17d673c2facc704fa8852e0df6a98851bf90353b09d36ff887b1d13de4ea95169d1dda43747e935940",,"2026-02-24T16:35:00.000","30","TRAFFIC SIGNAL","FUNCTIONING PROPERLY","CLEAR","DAYLIGHT","ANGLE","FOUR WAY",,"STRAIGHT AND LEVEL","DRY","NO DEFECTS","ON SCENE","NO INJURY / DRIVE AWAY","Y",,,"OVER $1,500","2026-02-24T16:47:00.000","DISREGARDING TRAFFIC SIGNALS","UNABLE TO DETERMINE","8630","S","PULASKI RD","834",,,,,,,"2","NO INDICATION OF INJURY","0","0","0","0","0","2","0","16","3","2","41.735768847","-87.7216132296","POINT (-87.721613229622 41.735768847035)"
"2a26f923a12199cd60d57917a92780095cb03c81c8df95bb396a4b324bf9edb21b4b3e2dc98a7126b6910f4b18a58e6e011dd6a92ee8255d8f636da18b51e939",,"2026-02-24T16:30:00.000","25","NO CONTROLS","NO CONTROLS","CLEAR","DAYLIGHT","ANGLE","ALLEY",,"STRAIGHT AND LEVEL","DRY","NO DEFECTS","NOT ON SCENE (DESK REPORT)","NO INJURY / DRIVE AWAY",,,,"OVER $1,500","2026-02-24T16:51:00.000","UNABLE TO DETERMINE","UNABLE TO DETERMINE","2852","W","23RD ST","1033",,,,,,,"2","NO INDICATION OF INJURY","0","0","0","0","0","2","0","16","3","2","41.8501603431","-87.6976603056","POINT (-87.697660305553 41.850160343071)"
"2f346e4e18b9dda15b9b7704d50d4b8c9eef7d4e08bc84cd29bf9371d11d08732e7db4bd67213fdcf53d70217652565ecbc37dae5716b7da91808dfa8e896df8",,"2026-02-24T16:30:00.000","30","NO CONTROLS","NO CONTROLS","UNKNOWN","UNKNOWN","REAR END","DIVIDED - W/MEDIAN (NOT RAISED)",,"STRAIGHT AND LEVEL","UNKNOWN","UNKNOWN","NOT ON SCENE (DESK REPORT)","NO INJURY / DRIVE AWAY",,,,"$501 - $1,500","2026-02-24T16:45:00.000","FOLLOWING TOO CLOSELY","FOLLOWING TOO CLOSELY","1000","S","KOSTNER AVE","1131",,,,,,,"2","NO INDICATION OF INJURY","0","0","0","0","0","2","0","16","3","2","41.8689506342","-87.7352121046","POINT (-87.735212104588 41.868950634211)"
"8276e2a7820af6a5945d0fd9565ef228db7dac32ef9c2dff86bc9cb8d7c501b517835c496d467ac3d19ac788396b33a24cc42bc53d5acc958625140a5d0583c9",,"2026-02-24T16:22:00.000","30","NO CONTROLS","NO CONTROLS","CLOUDY/OVERCAST","DAYLIGHT","TURNING","NOT DIVIDED",,"STRAIGHT AND LEVEL","DRY","UNKNOWN","ON SCENE","INJURY AND / OR TOW DUE TO CRASH",,,,"OVER $1,500","2026-02-24T16:25:00.000","FAILING TO YIELD RIGHT-OF-WAY","UNABLE TO DETERMINE","2649","W","NORTH AVE","1423",,,,,,,"2","NO INDICATION OF INJURY","0","0","0","0","0","3","0","16","3","2","41.9101372889","-87.6940866544","POINT (-87.694086654351 41.910137288949)"
"a1d08f4323b07822c2098318aa011b68ac04d405dad3119670fe56f08a8ac42eac09ca0e15c6d651fe2d76e9a7e432ecb454cc711ef57acc72dd6a6badabaf92",,"2026-02-24T16:22:00.000","30","TRAFFIC SIGNAL","FUNCTIONING PROPERLY","CLEAR","DAYLIGHT","REAR END","NOT DIVIDED",,"STRAIGHT AND LEVEL","DRY","NO DEFECTS","ON SCENE","NO INJURY / DRIVE AWAY","Y",,"Y","$501 - $1,500","2026-02-24T16:24:00.000","UNABLE TO DETERMINE","UNABLE TO DETERMINE","358","W","63RD ST","711",,,,,,,"2","NO INDICATION OF INJURY","0","0","0","0","0","2","0","16","3","2","41.7800196277","-87.6349697452","POINT (-87.634969745193 41.780019627699)"
"96566a07997c53b731838a3cb3b02dd6c32910d277fb28136394dafb58620214d5d64ab434fe8aa89c77e71e9e633981a4ad7dd382a867073421cbc5fddeea5d","Y","2026-02-24T16:20:00.000","25","UNKNOWN","UNKNOWN","UNKNOWN","DAYLIGHT","REAR END","NOT DIVIDED",,"STRAIGHT AND LEVEL","UNKNOWN","UNKNOWN","NOT ON SCENE (DESK REPORT)","NO INJURY / DRIVE AWAY",,,,"OVER $1,500","2026-02-24T16:20:00.000","UNABLE TO DETERMINE","UNABLE TO DETERMINE","4613","N","CICERO AVE","1722",,,,,,,"2","NO INDICATION OF INJURY","0","0","0","0","0","2","0","16","3","2","41.9648086077","-87.7474998495","POINT (-87.747499849523 41.964808607708)"
"c54169473ed6aa1087a7624692a0531a674813e0944cf9439042e89cc83509fed1c9126474cf8d8c6b48e7203662961daf4f24742a9fa7bcd6ecb3f1190fedad",,"2026-02-24T16:17:00.000","30","NO CONTROLS","NO CONTROLS","CLEAR","DAYLIGHT","SIDESWIPE SAME DIRECTION","NOT DIVIDED",,"STRAIGHT AND LEVEL","DRY","UNKNOWN",,"NO INJURY / DRIVE AWAY",,,,"$500 OR LESS","2026-02-24T16:59:00.000","UNABLE TO DETERMINE","UNABLE TO DETERMINE","7340","S","WESTERN AVE","835",,,,,,,"2","NO INDICATION OF INJURY","0","0","0","0","0","3","0","16","3","2","41.7598295533","-87.6832659347","POINT (-87.683265934668 41.759829553318)"
"a69922ef35e06b1259863910fa1465d6b4298cbad70cb7a582039470309e2b1d25f278249c6409978e436a5b9fa3027a1cbc85db34206fed34a92435fffe924c",,"2026-02-24T16:15:00.000","30","STOP SIGN/FLASHER","FUNCTIONING PROPERLY","CLEAR","DAYLIGHT","ANGLE","FOUR WAY",,"STRAIGHT AND LEVEL","DRY","NO DEFECTS","NOT ON SCENE (DESK REPORT)","INJURY AND / OR TOW DUE TO CRASH",,,,"OVER $1,500","2026-02-24T21:46:00.000","UNABLE TO DETERMINE","NOT APPLICABLE","7424","W","ADDISON ST","1631",,,,,,,"2","NONINCAPACITATING INJURY","2","0","0","2","0","1","0","16","3","2","41.9452580912","-87.8129661832","POINT (-87.812966183223 41.94525809118)"
"b431dd0ecfa7e741a769bf3f858257d71b9fa3eb992061c3eb05c4ca5541a8248e57d856e48dfc4d690a845610db15bdd094cd9cb97f65310476de952436e85a",,"2026-02-24T16:09:00.000","30","NO CONTROLS","NO CONTROLS","CLEAR","DAYLIGHT","TURNING","NOT DIVIDED",,"STRAIGHT AND LEVEL","DRY","NO DEFECTS","ON SCENE","INJURY AND / OR TOW DUE TO CRASH",,,,"$501 - $1,500","2026-02-24T16:09:00.000","PHYSICAL CONDITION OF DRIVER","UNABLE TO DETERMINE","6954","N","ASHLAND BLVD","2431",,,,,,,"4","NONINCAPACITATING INJURY","1","0","0","1","0","1","0","16","3","2","42.0082595624","-87.670194919","POINT (-87.670194918992 42.008259562413)"
"042941e78a3f3ca63007c829054eaa14be670aeb4e9c8b0155d8a3ae2bc02acb7f7e8682b911d6c47d454d7a6d7d8d8bf17898d738983649e6bd41a9ee9dffa6",,"2026-02-24T16:00:00.000","30","TRAFFIC SIGNAL","UNKNOWN","UNKNOWN","UNKNOWN","REAR END","NOT DIVIDED",,"STRAIGHT AND LEVEL","UNKNOWN","UNKNOWN","NOT ON SCENE (DESK REPORT)","NO INJURY / DRIVE AWAY",,,"Y","$500 OR LESS","2026-02-26T13:15:00.000","FOLLOWING TOO CLOSELY","UNABLE TO DETERMINE","4400","N","ELSTON AVE","1722",,,,,,,"2","NO INDICATION OF INJURY","0","0","0","0","0","2","0","16","3","2","41.9609247987","-87.7299068989","POINT (-87.729906898945 41.960924798749)"
"532d8ff28cfcc5ee6761e130d9df481584d931817fd5c0fc139e67042f0bfcd16faa71ddfa032a4e124901c5866a9a5f70e6c4fee5da98679044628620ca60a0",,"2026-02-24T16:00:00.000","30","TRAFFIC SIGNAL","FUNCTIONING PROPERLY","UNKNOWN","UNKNOWN","TURNING","FOUR WAY",,"STRAIGHT AND LEVEL","UNKNOWN","UNKNOWN","NOT ON SCENE (DESK REPORT)","NO INJURY / DRIVE AWAY","Y",,,"OVER $1,500","2026-02-26T18:45:00.000","UNABLE TO DETERMINE","UNABLE TO DETERMINE","100","W","ROOSEVELT RD","123",,,,,,,"2","NO INDICATION OF INJURY","0","0","0","0","0","2","0","16","3","2","41.8674829196","-87.630492795","POINT (-87.630492795017 41.86748291958)"
"8294690efed84bbed2ce3ab4de0fbb9580c3d6937493c1a87b826f35aa00200b9cb01a88682adc942ece41a1ac0cbc50ac129893780a33b5cca656c8b0c56fa9",,"2026-02-24T16:00:00.000","30","NO CONTROLS","NO CONTROLS","CLEAR","DAYLIGHT","SIDESWIPE SAME DIRECTION","NOT DIVIDED",,"STRAIGHT AND LEVEL","DRY","NO DEFECTS","NOT ON SCENE (DESK REPORT)","NO INJURY / DRIVE AWAY",,,,"$501 - $1,500","2026-02-24T18:15:00.000","FAILING TO YIELD RIGHT-OF-WAY","NOT APPLICABLE","3200","W","NORTH AVE","1421",,,,,,,"2","NO INDICATION OF INJURY","0","0","0","0","0","2","0","16","3","2","41.9102242986","-87.7070365056","POINT (-87.707036505555 41.910224298601)"
"85384e84177d8529295cb95fac73bed5aac4a41f4279c6af8fec07f0e10c2484dccce0455e353503a82d37acbc565b8d669f51506ddce6afbf2fb5265423b33d","Y","2026-02-24T16:00:00.000","25","STOP SIGN/FLASHER","FUNCTIONING PROPERLY","CLEAR","DAYLIGHT","ANGLE","ONE-WAY",,"STRAIGHT AND LEVEL","DRY","NO DEFECTS","ON SCENE","INJURY AND / OR TOW DUE TO CRASH","Y",,"Y","OVER $1,500","2026-02-24T16:20:00.000","UNABLE TO DETERMINE","NOT APPLICABLE","5800","W","BERENICE AVE","1633",,,,,,,"4","INCAPACITATING INJURY","1","0","1","0","0","3","0","16","3","2","41.9504797319","-87.7719196331","POINT (-87.771919633142 41.950479731946)"
"04d8799d974366f344bb10eac90f8f520f30a4771d034e43d96252b44a7fc6c8e88175be4fe28a2f77fcde8eb25314caa708b0d8eb4a2854304786444d8d9ae1",,"2026-02-24T15:40:00.000","15","NO CONTROLS","NO CONTROLS","CLEAR","DAYLIGHT","OTHER OBJECT","ALLEY",,"STRAIGHT AND LEVEL","DRY","OTHER","ON SCENE","NO INJURY / DRIVE AWAY",,"Y","Y","OVER $1,500","2026-02-24T17:50:00.000","UNABLE TO DETERMINE","UNABLE TO DETERMINE","2543","S","WHIPPLE ST","1033",,,,,,,"1","NO INDICATION OF INJURY","0","0","0","0","0","1","0","15","3","2","41.8451229562","-87.7012313881","POINT (-87.701231388056 41.845122956178)"
"55455f723163723c95c9ad125199fbc58a71e07e0a2d57affe2fac293ffa0ce50db1ce8f2ab3a458c8dfbb85118a6106445bd233f11b4c94b2abb5e4954f3306",,"2026-02-24T15:40:00.000","30","NO CONTROLS","NO CONTROLS","CLEAR","DAYLIGHT","PARKED MOTOR VEHICLE","NOT DIVIDED",,"STRAIGHT AND LEVEL","DRY","NO DEFECTS","NOT ON SCENE (DESK REPORT)","NO INJURY / DRIVE AWAY",,,,"OVER $1,500","2026-03-05T09:40:00.000","IMPROPER BACKING","IMPROPER BACKING","5309","S","HARPER AVE","234",,,,,,,"2","NO INDICATION OF INJURY","0","0","0","0","0","1","0","15","3","2","41.7992331466","-87.5889372525","POINT (-87.588937252473 41.799233146633)"
"e3c5960e5750d6ea41021ab5603cc0e04900dc351176700b658ff076de34f2a83ed67ffc7cec109eaf2ba4730f2d4fce90c4c6795afd9d21303c21c1d7112fd8",,"2026-02-24T15:40:00.000","30","TRAFFIC SIGNAL","FUNCTIONING PROPERLY","CLEAR","DAYLIGHT","REAR END","FOUR WAY",,"STRAIGHT AND LEVEL","DRY","NO DEFECTS","ON SCENE","NO INJURY / DRIVE AWAY",,,,"OVER $1,500","2026-02-24T15:58:00.000","FOLLOWING TOO CLOSELY","NOT APPLICABLE","2602","W","FULLERTON AVE","1431",,,,,,,"2","NO INDICATION OF INJURY","0","0","0","0","0","2","0","15","3","2","41.9249631037","-87.6926870586","POINT (-87.69268705861 41.924963103663)"
"f215eeff2a105ac062d01677f390b8f8b64f67b76e0232cd55fb31601987ac973856e296e36f33e438c0b7728466c95ffdaf44022bc4e946b0b7aa18f6c7bb1a",,"2026-02-24T15:38:00.000","30","TRAFFIC SIGNAL","FUNCTIONING PROPERLY","CLOUDY/OVERCAST","DAYLIGHT","PEDESTRIAN","FOUR WAY",,"STRAIGHT AND LEVEL","DRY","NO DEFECTS","ON SCENE","INJURY AND / OR TOW DUE TO CRASH","Y",,,"OVER $1,500","2026-02-24T15:38:00.000","FAILING TO YIELD RIGHT-OF-WAY","FAILING TO YIELD RIGHT-OF-WAY","301","W","GARFIELD BLVD","711",,,,,,,"2","NONINCAPACITATING INJURY","1","0","0","1","0","3","0","15","3","2","41.794052475","-87.6330464789","POINT (-87.633046478883 41.794052474989)"
"ec9d9f7333c16a4ec7f05471b5da37fb675a29afb5c15a5f59f49c12d26045464baaa301ce7c43676955c9ebd8721ea52272eeb4b606b031c45148c72b5167f6",,"2026-02-24T15:36:00.000","30","STOP SIGN/FLASHER","NO CONTROLS","CLEAR","DAYLIGHT","TURNING","FOUR WAY",,"STRAIGHT AND LEVEL","DRY","NO DEFECTS","ON SCENE","INJURY AND / OR TOW DUE TO CRASH","Y",,,"OVER $1,500","2026-02-24T15:36:00.000","FAILING TO YIELD RIGHT-OF-WAY","UNABLE TO DETERMINE","100","E","44TH ST","215",,,,,,,"2","NO INDICATION OF INJURY","0","0","0","0","0","2","0","15","3","2","41.8148369132","-87.6229037453","POINT (-87.62290374528 41.814836913239)"
"100bd8c2eb6dc04d03df51b5a552c064a418e1b0b78930fb721490e12190ca877649f645a98f005b06cfbacae86b74825789e6fd585dbeb0a9f12c7d0905c48e",,"2026-02-24T15:30:00.000","30","STOP SIGN/FLASHER","FUNCTIONING PROPERLY","CLEAR","DAYLIGHT","ANGLE","FOUR WAY",,"STRAIGHT AND LEVEL","DRY","NO DEFECTS","ON SCENE","NO INJURY / DRIVE AWAY","Y",,,"$500 OR LESS","2026-02-24T15:37:00.000","DISREGARDING STOP SIGN","NOT APPLICABLE","5701","W","BELLE PLAINE AVE","1624",,,,,,,"2","NO INDICATION OF INJURY","0","0","0","0","0","2","0","15","3","2","41.954866341","-87.7695660857","POINT (-87.76956608575 41.954866341038)"
"8ea5397d0dfb08095fbdd827b8b8018b793121e52ce8eac1d027db4a2ffee233ea4a2397072723a76d6d7e44aa1591bcb85441b5cdd600f1716ec12530301286",,"2026-02-24T15:30:00.000","30","UNKNOWN","UNKNOWN","UNKNOWN","UNKNOWN","SIDESWIPE OPPOSITE DIRECTION","UNKNOWN",,"STRAIGHT AND LEVEL","UNKNOWN","UNKNOWN","NOT ON SCENE (DESK REPORT)","NO INJURY / DRIVE AWAY",,,,"$500 OR LESS","2026-02-24T16:29:00.000","UNABLE TO DETERMINE","UNABLE TO DETERMINE","2332","W","ROSEMONT AVE","2413",,,,,,,"2","NO INDICATION OF INJURY","0","0","0","0","0","2","0","15","3","2","41.9960406075","-87.6886709375","POINT (-87.688670937499 41.996040607504)"
"a2d98da6d62da728873f972bcd3cfd64523bafd107848fca776fcd5e7dc1bd0adc704fc7932c91f378002953d82e76752f6f2de8861b9d2dbf24d48f3081e046",,"2026-02-24T15:26:00.000","30","UNKNOWN","UNKNOWN","CLEAR","DAYLIGHT","REAR END","NOT DIVIDED",,"STRAIGHT AND LEVEL","UNKNOWN","UNKNOWN","NOT ON SCENE (DESK REPORT)","NO INJURY / DRIVE AWAY",,,,"OVER $1,500","2026-02-24T16:24:00.000","FOLLOWING TOO CLOSELY","NOT APPLICABLE","2215","N","AUSTIN AVE","2515",,,,,,,"2","NO INDICATION OF INJURY","0","0","0","0","0","2","0","15","3","2","41.9210485586","-87.7754726256","POINT (-87.775472625618 41.92104855859)"
"b0f5f7af7632e2c768cd91412489dbd6985a59b22ba6980f9e8d4ff08e227b476aad9733dd38ab1e533460384f29715d8a793a5cc4265f793e7ed7bf4d297016",,"2026-02-24T15:24:00.000","30","NO CONTROLS","NO CONTROLS","CLEAR","DAYLIGHT","ANGLE","NOT DIVIDED",,"STRAIGHT AND LEVEL","DRY","NO DEFECTS","ON SCENE","NO INJURY / DRIVE AWAY",,,"Y","OVER $1,500","2026-02-24T15:30:00.000","FAILING TO REDUCE SPEED TO AVOID CRASH","NOT APPLICABLE","3628","E","106TH ST","432",,,,,,,"2","NO INDICATION OF INJURY","0","0","0","0","0","2","0","15","3","2","41.7028438018","-87.5353433688","POINT (-87.535343368782 41.702843801822)"
"cc0715a303d472c4b9a4874745c2ab1cd32a7626a148a4bdc57de420be2d8ea2033b2400330c19e6039f454f6005e6770666339398ac911594082ef1a26a316e",,"2026-02-24T15:21:00.000","30","STOP SIGN/FLASHER","NO CONTROLS","CLEAR","DAYLIGHT","TURNING","NOT DIVIDED",,"STRAIGHT AND LEVEL","DRY","NO DEFECTS","NOT ON SCENE (DESK REPORT)","NO INJURY / DRIVE AWAY",,,,"OVER $1,500","2026-02-24T16:15:00.000","UNABLE TO DETERMINE","UNABLE TO DETERMINE","659","W","LAKE ST","121",,,,,,,"2","NO INDICATION OF INJURY","0","0","0","0","0","3","0","15","3","2","41.8855848238","-87.6452160797","POINT (-87.6452160797 41.885584823784)"
"1979c8af32373fe563603a3fba7014dd78c0950479c0a7a28b9e4eb38b880f28ac1171126e84a12de8b691a97fc0253447a9a6e7edd26005f964072a72306a9e",,"2026-02-24T15:19:00.000","20","STOP SIGN/FLASHER","FUNCTIONING PROPERLY","CLEAR","DAYLIGHT","PARKED MOTOR VEHICLE","NOT DIVIDED",,"STRAIGHT AND LEVEL","UNKNOWN","UNKNOWN","ON SCENE","NO INJURY / DRIVE AWAY",,,"Y","$500 OR LESS","2026-02-24T15:19:00.000","NOT APPLICABLE","NOT APPLICABLE","4621","S","GREENWOOD AVE","222",,,,,,,"2","NO INDICATION OF INJURY","0","0","0","0","0","4","0","15","3","2","41.8107811888","-87.599144352","POINT (-87.599144351976 41.810781188778)"
"9a71f2f5a59e0142beacc79aeec4c1c8243a771ab463e0a6a0f26f98f654ff3e5d0c59e854975022abb789c2ca8d44eed28cc8090b2afbfcd9aceeafc4d4a9bd",,"2026-02-24T15:19:00.000","30","UNKNOWN","UNKNOWN","CLEAR","DAYLIGHT","SIDESWIPE SAME DIRECTION","ONE-WAY",,"STRAIGHT AND LEVEL","DRY","UNKNOWN","ON SCENE","NO INJURY / DRIVE AWAY",,,"Y","OVER $1,500","2026-02-24T15:31:00.000","UNABLE TO DETERMINE","NOT APPLICABLE","339","N","CLARK ST","1831",,,,,,,"2","NO INDICATION OF INJURY","0","0","0","0","0","2","0","15","3","2","41.888442642","-87.6308952855","POINT (-87.630895285455 41.888442641994)"
"026170969ebdc5604bf3bf0b1b9616e42cc5250a4da2123beaadab15ccbbd6be1081ae1ac8ee6dbd7e17894af27ffe28318c53ea5d4f8157d3df69381a607814",,"2026-02-24T15:18:00.000","30","UNKNOWN","UNKNOWN","CLEAR","DAYLIGHT","TURNING","FOUR WAY",,"STRAIGHT AND LEVEL","UNKNOWN","UNKNOWN","NOT ON SCENE (DESK REPORT)","NO INJURY / DRIVE AWAY",,,"Y","OVER $1,500","2026-02-24T17:55:00.000","IMPROPER OVERTAKING/PASSING","NOT APPLICABLE","2754","N","LARAMIE AVE","2514",,,,,,,"2","NO INDICATION OF INJURY","0","0","0","0","0","2","0","15","3","2","41.9312347487","-87.7565612773","POINT (-87.756561277343 41.931234748695)"
"9e1f06996bc7779a98e897eca013f2ff7d43a6722f98687fd96206fdf234e74c52702e08175ae76a6cd66f75b83a7fd212df8236858aaad52d19436377072e29",,"2026-02-24T15:15:00.000","20","NO CONTROLS","NO CONTROLS","CLEAR","DAYLIGHT","PARKED MOTOR VEHICLE","NOT DIVIDED",,"STRAIGHT AND LEVEL","DRY","UNKNOWN","NOT ON SCENE (DESK REPORT)","NO INJURY / DRIVE AWAY",,,,"OVER $1,500","2026-02-25T14:15:00.000","UNABLE TO DETERMINE","UNABLE TO DETERMINE","6300","S","HARPER AVE","314",,,,,,,"2","NO INDICATION OF INJURY","0","0","0","0","0","1","0","15","3","2","41.7804962746","-87.5879698031","POINT (-87.587969803145 41.780496274589)"
"2d99853075f2bf42c1b4b61d160c2e4a03c1026687b31f9982e4169efd35d6db637190753f942bc9f8f97e35372879e03db1fdadf10005db103769933e3a4a46",,"2026-02-24T15:12:00.000","30","NO CONTROLS","NO CONTROLS","CLEAR","DAYLIGHT","HEAD ON","NOT DIVIDED",,"STRAIGHT AND LEVEL","DRY","NO DEFECTS","ON SCENE","INJURY AND / OR TOW DUE TO CRASH",,,,"OVER $1,500","2026-02-24T15:13:00.000","PHYSICAL CONDITION OF DRIVER","NOT APPLICABLE","6271","N","CALDWELL AVE","1621",,,,,,,"4","NONINCAPACITATING INJURY","2","0","0","2","0","2","0","15","3","2","41.9953738905","-87.7623068986","POINT (-87.762306898564 41.995373890528)"