"crash_record_id","crash_date_est_i","crash_date","posted_speed_limit","traffic_control_device","device_condition","weather_condition","lighting_condition","first_crash_type","trafficway_type","lane_cnt","alignment","roadway_surface_cond","road_defect","report_type","crash_type","intersection_related_i","private_property_i","hit_and_run_i","damage","date_police_notified","prim_contributory_cause","sec_contributory_cause","street_no","street_direction","street_name","beat_of_occurrence","photos_taken_i","statements_taken_i","dooring_i","work_zone_i","work_zone_type","workers_present_i","num_units","most_severe_injury","injuries_total","injuries_fatal","injuries_incapacitating","injuries_non_incapacitating","injuries_reported_not_evident","injuries_no_indication","injuries_unknown","crash_hour","crash_day_of_week","crash_month","latitude","longitude","location"
"06971872a1be84d64244359ff2be098bf7e8f04cfa860a0c25dd378fa36616f312ca349158c7077454ab8ea6a3ab1b9fa4260c8395b95652190e74343dd46412",,"2026-02-24T15:10:00.000","30","NO CONTROLS","NO CONTROLS","CLEAR","DAYLIGHT","REAR TO FRONT","DIVIDED - W/MEDIAN (NOT RAISED)",,"STRAIGHT AND LEVEL","DRY","UNKNOWN",,"NO INJURY / DRIVE AWAY",,,"Y","$501 - $1,500","2026-02-24T16:03:00.000","UNABLE TO DETERMINE","UNABLE TO DETERMINE","5110","N","DAMEN AVE","2032",,,,,,,"2","NO INDICATION OF INJURY","0","0","0","0","0","2","0","15","3","2","41.9750792151","-87.6795213909","POINT (-87.679521390853 41.97507921515)"
"cc5bf6cf113d7237423c2dded44a8c93a22dddae0e56fe762574b31fee0ecb3519c95d9c6f2f406c5f912a1f414dd6e03d38741285cb26f9063990161c3ced17",,"2026-02-24T15:10:00.000","30","TRAFFIC SIGNAL","FUNCTIONING PROPERLY","CLEAR","DAYLIGHT","REAR END","NOT DIVIDED",,"STRAIGHT AND LEVEL","DRY","UNKNOWN","NOT ON SCENE (DESK REPORT)","NO INJURY / DRIVE AWAY",,,,"OVER $1,500","2026-02-24T15:35:00.000","UNABLE TO DETERMINE","NOT APPLICABLE","7158","W","GRAND AVE","2512",,,,,,,"2","NO INDICATION OF INJURY","0","0","0","0","0","2","0","15","3","2","41.9238982932","-87.804825393","POINT (-87.804825392997 41.923898293185)"
"f4536e6c1997a6a229b02aa9560e31899dbf444ba9b439b1e76f7d2fd206bcf5fb7a6a37d7b1293fda736930418cc4628058a4dc3b754d5d595481c831fecb07",,"2026-02-24T15:10:00.000","30","NO CONTROLS","NO CONTROLS","CLEAR","DAYLIGHT","REAR END","NOT DIVIDED",,"STRAIGHT AND LEVEL","DRY","NO DEFECTS",,"NO INJURY / DRIVE AWAY",,,,"$501 - $1,500","2026-02-24T15:18:00.000","UNABLE TO DETERMINE","NOT APPLICABLE","6201","S","DAMEN AVE","714",,,,,,,"2","NO INDICATION OF INJURY","0","0","0","0","0","1","0","15","3","2","41.7810727861","-87.6738020991","POINT (-87.673802099081 41.781072786136)"
"d3fafc40679c2a3c1425401c2f6a34b212fb657362cfb4775e977571dd2a751a6d7833d1c2779e18f472d888727373ec306d9ca5a875d883eb11b861cf413a4d",,"2026-02-24T15:04:00.000","30","STOP SIGN/FLASHER","FUNCTIONING PROPERLY","CLEAR","DAYLIGHT","ANGLE","FOUR WAY",,"STRAIGHT AND LEVEL","DRY","NO DEFECTS","ON SCENE","INJURY AND / OR TOW DUE TO CRASH","Y",,,"OVER $1,500","2026-02-24T15:20:00.000","UNABLE TO DETERMINE","UNABLE TO DETERMINE","2150","W","CERMAK RD","1234",,,,,,,"2","NO INDICATION OF INJURY","0","0","0","0","0","2","0","15","3","2","41.8522142817","-87.6803199384","POINT (-87.680319938402 41.852214281656)"
"02ce63c75a8072ee3f5f08a3acf1e9c7c1b9651e75a4e8eb2b64155338fb5f9796021c1047af2f179bed87bbacba2b9d672ae9c1f641dbbbd75a9698305b5e77",,"2026-02-24T15:00:00.000","30","TRAFFIC SIGNAL","FUNCTIONING PROPERLY","CLEAR","DAYLIGHT","TURNING","DIVIDED - W/MEDIAN (NOT RAISED)",,"STRAIGHT AND LEVEL","DRY","NO DEFECTS","ON SCENE","INJURY AND / OR TOW DUE TO CRASH","Y",,,"OVER $1,500","2026-02-24T15:08:00.000","FAILING TO YIELD RIGHT-OF-WAY","FAILING TO YIELD RIGHT-OF-WAY","800","W","DIVISION ST","1822",,,,,,,"2","NONINCAPACITATING INJURY","1","0","0","1","0","4","0","15","3","2","41.9037455573","-87.6481670106","POINT (-87.648167010628 41.903745557347)"
"68a2f9adac473da9ddacf7528bce4ad17c6c5bc9966fca40ff29dc5bfa95fa52a557cf3ded668b1d042b779ad4c6b39803442d4bd3080945999c435b5fcd6a32",,"2026-02-24T15:00:00.000","30","TRAFFIC SIGNAL","FUNCTIONING PROPERLY","CLEAR","DAYLIGHT","ANGLE","FOUR WAY",,"STRAIGHT AND LEVEL","UNKNOWN","UNKNOWN","NOT ON SCENE (DESK REPORT)","NO INJURY / DRIVE AWAY","Y",,,"OVER $1,500","2026-02-24T18:20:00.000","UNABLE TO DETERMINE","NOT APPLICABLE","550","E","GRAND AVE","1834",,,,,,,"2","NO INDICATION OF INJURY","0","0","0","0","0","2","0","15","3","2","41.8920636011","-87.6125337239","POINT (-87.612533723924 41.892063601122)"
"69a93e0fe09e481cce71252a7e5dca89cf4cf03576a11c7f6835272035eed532baaa9ff520e9e93eb1d4a1601dd444259a1ceac83b05422d229b9caaff76fc9b",,"2026-02-24T15:00:00.000","30","NO CONTROLS","NO CONTROLS","UNKNOWN","DAYLIGHT","TURNING","NOT DIVIDED",,"STRAIGHT AND LEVEL","UNKNOWN","UNKNOWN",,"NO INJURY / DRIVE AWAY",,,,"OVER $1,500","2026-03-03T13:15:00.000","UNABLE TO DETERMINE","UNABLE TO DETERMINE","3012","E","89TH ST","424",,,,,,,"2","NO INDICATION OF INJURY","0","0","0","0","0","2","0","15","3","2","41.7338476064","-87.5507433558","POINT (-87.550743355767 41.733847606441)"
"fd0d6d064302c30449cdfa2f2cd15af06263d7641d6b153efe872a2bdf83cb69a818d835aeae2fbd8110e234d1784b6aa4f916db603af44697b885a80e3dd67e",,"2026-02-24T14:56:00.000","20","NO CONTROLS","NO CONTROLS","CLEAR","DAYLIGHT","SIDESWIPE SAME DIRECTION","ONE-WAY",,"STRAIGHT AND LEVEL","DRY","NO DEFECTS","ON SCENE","NO INJURY / DRIVE AWAY",,,,"$500 OR LESS","2026-02-24T14:56:00.000","FOLLOWING TOO CLOSELY","FAILING TO REDUCE SPEED TO AVOID CRASH","5348","W","PARKER AVE","2514",,,,,,,"2","NO INDICATION OF INJURY","0","0","0","0","0","4","0","14","3","2","41.9305468747","-87.7608007607","POINT (-87.760800760665 41.930546874711)"
"939ec929e766d76a4bd1352c4fa66efcae9fdd6b81b5e40c84c3b80c58242ef72d79fe18469ec5599f887b84ebd562c8885a5efb1838f45dbd76dd1d0b91a975",,"2026-02-24T14:55:00.000","30","NO CONTROLS","NO CONTROLS","CLEAR","DAYLIGHT","SIDESWIPE SAME DIRECTION","NOT DIVIDED",,"STRAIGHT AND LEVEL","DRY","NO DEFECTS","ON SCENE","NO INJURY / DRIVE AWAY",,,,"$500 OR LESS","2026-02-24T14:55:00.000","UNABLE TO DETERMINE","NOT APPLICABLE","1420","W","44TH ST","924",,,,,,,"2","NO INDICATION OF INJURY","0","0","0","0","0","2","0","14","3","2","41.8142366384","-87.6611434385","POINT (-87.66114343846 41.814236638378)"
"c08193e44a9b9a4f224a41652d38af18a322ed9ea3d3eb6d55fd879d9af1d42d691887f538e61cf8d352ce6fec7b5b6c0360dec8115acbbbb885dca258d7aad7",,"2026-02-24T14:50:00.000","30","TRAFFIC SIGNAL","FUNCTIONING PROPERLY","CLEAR","DAYLIGHT","TURNING","FOUR WAY",,"STRAIGHT AND LEVEL","DRY","NO DEFECTS","NOT ON SCENE (DESK REPORT)","NO INJURY / DRIVE AWAY","Y",,,"OVER $1,500","2026-02-24T15:00:00.000","UNABLE TO DETERMINE","UNABLE TO DETERMINE","4500","S","PULASKI RD","815",,,,,,,"2","NO INDICATION OF INJURY","0","0","0","0","0","2","0","14","3","2","41.8114467435","-87.7238680306","POINT (-87.723868030607 41.811446743513)"
"03e0796156c7c291bdd3e794a95545111ebadfd5e1bd59486a38134823d169083ddabf0d59684bc86fd05cc0721a3498c7641295db16d99de4a77cc3ff288301",,"2026-02-24T14:45:00.000","25","NO CONTROLS","NO CONTROLS","CLEAR","DAYLIGHT","PARKED MOTOR VEHICLE","ONE-WAY",,"STRAIGHT AND LEVEL","DRY","NO DEFECTS","NOT ON SCENE (DESK REPORT)","NO INJURY / DRIVE AWAY",,,"Y","OVER $1,500","2026-03-04T16:00:00.000","DRIVING SKILLS/KNOWLEDGE/EXPERIENCE","NOT APPLICABLE","5355","S","SPAULDING AVE","822",,,,,,,"2","NO INDICATION OF INJURY","0","0","0","0","0","1","0","14","3","2","41.7955126868","-87.7059144317","POINT (-87.705914431698 41.795512686848)"
"4c70e24de6e3fd9254bd7d7562c4c6435bf65fd75609ea836ea50383b1b9c8337d9127e4bb38c9cde9621f2af51072e6755122f3a4f717194819a0917696d989",,"2026-02-24T14:25:00.000","30","UNKNOWN","UNKNOWN","CLEAR","UNKNOWN","PARKED MOTOR VEHICLE","NOT DIVIDED",,"STRAIGHT AND LEVEL","DRY","UNKNOWN","NOT ON SCENE (DESK REPORT)","INJURY AND / OR TOW DUE TO CRASH","Y",,,"OVER $1,500","2026-02-24T16:20:00.000","IMPROPER BACKING","DRIVING SKILLS/KNOWLEDGE/EXPERIENCE","1206","S","FEDERAL ST","131",,,,,,,"2","REPORTED, NOT EVIDENT","1","0","0","0","1","3","0","14","3","2","41.8669162522","-87.6296067406","POINT (-87.629606740638 41.866916252208)"
"b825d1feb9005e7daa983b7b7e09866c36303ccde3f3c2dd83d42b59ce53c7e7f6cfd52e5862b8720c618150db117718aa8ccad245ed8c0d4a42eb6890bd8481",,"2026-02-24T14:23:00.000","35","TRAFFIC SIGNAL","FUNCTIONING PROPERLY","CLEAR","DAYLIGHT","SIDESWIPE SAME DIRECTION","DIVIDED - W/MEDIAN BARRIER",,"STRAIGHT AND LEVEL","UNKNOWN","UNKNOWN","ON SCENE","NO INJURY / DRIVE AWAY",,,"Y","OVER $1,500","2026-02-24T14:24:00.000","IMPROPER OVERTAKING/PASSING","NOT APPLICABLE","4758","S","ASHLAND AVE","931",,,,,,,"2","NO INDICATION OF INJURY","0","0","0","0","0","2","0","14","3","2","41.8068710876","-87.6650704116","POINT (-87.665070411636 41.806871087553)"
"a6876a1472bc1f615e37d58707acd2bcceba4c3a7fb146540f2af323cc37e93559aed5c2542cbe8fa3eb119006397f8d3376b3c38f4f1333fcfcf1fa7f5594c9",,"2026-02-24T14:19:00.000","30","STOP SIGN/FLASHER","UNKNOWN","CLEAR","DAYLIGHT","ANGLE","T-INTERSECTION",,"STRAIGHT AND LEVEL","DRY","NO DEFECTS","ON SCENE","INJURY AND / OR TOW DUE TO CRASH","Y",,,"OVER $1,500","2026-02-24T14:46:00.000","FAILING TO YIELD RIGHT-OF-WAY","NOT APPLICABLE","7643","W","FOREST PRESERVE AVE","1631",,,,,,,"2","NONINCAPACITATING INJURY","1","0","0","1","0","1","0","14","3","2","41.948361485","-87.818229932","POINT (-87.818229931998 41.948361484982)"
"2953ca2577646d904c272961f5ba984fa751185f95d89ba8f7e372a64d3e08b4d6c845fbc4f80c8cebd54c5b0b5ab8976a3a1ff8e7e3d13fa11dbf65f5fedeac",,"2026-02-24T14:15:00.000","30","UNKNOWN","UNKNOWN","CLEAR","DAYLIGHT","PARKED MOTOR VEHICLE","ONE-WAY",,"STRAIGHT AND LEVEL","UNKNOWN","UNKNOWN","NOT ON SCENE (DESK REPORT)","NO INJURY / DRIVE AWAY",,,,"OVER $1,500","2026-02-24T15:29:00.000","FOLLOWING TOO CLOSELY","NOT APPLICABLE","6049","W","GRACE ST","1633",,,,,,,"2","NO INDICATION OF INJURY","0","0","0","0","0","1","0","14","3","2","41.9492791827","-87.7785789643","POINT (-87.77857896432 41.949279182665)"
"351a5e8f26e154280981003ec5b0432f9bc7d282279dfd84a6d386a13f645f2d041ffa8f7df018283d2f1dcf9582cfb68a05e36c14acb483df03ea6b5533083e",,"2026-02-24T14:15:00.000","30","STOP SIGN/FLASHER","OTHER","CLEAR","DAYLIGHT","TURNING","NOT DIVIDED",,"STRAIGHT AND LEVEL","DRY","NO DEFECTS","NOT ON SCENE (DESK REPORT)","NO INJURY / DRIVE AWAY",,,"Y","OVER $1,500","2026-02-24T15:06:00.000","UNABLE TO DETERMINE","NOT APPLICABLE","1458","W","TAYLOR ST","1231",,,,,,,"2","NO INDICATION OF INJURY","0","0","0","0","0","2","0","14","3","2","41.8694111034","-87.6640178343","POINT (-87.664017834252 41.869411103369)"
"66dd09b858fd64ac961fe3bbc3e086ae3537167442d0cd6364d3ed5166fe3ac85e222ad1646f3ac9630b15b3315053436a8c2ec3746583131873cf8c0ad9cfa7",,"2026-02-24T14:15:00.000","35","STOP SIGN/FLASHER","FUNCTIONING PROPERLY","CLEAR","DAYLIGHT","SIDESWIPE SAME DIRECTION","DIVIDED - W/MEDIAN (NOT RAISED)",,"STRAIGHT AND LEVEL","DRY","NO DEFECTS","NOT ON SCENE (DESK REPORT)","NO INJURY / DRIVE AWAY","Y",,,"OVER $1,500","2026-02-24T14:50:00.000","IMPROPER OVERTAKING/PASSING","UNABLE TO DETERMINE","8300","S","LAFAYETTE AVE","622",,,,,,,"2","NO INDICATION OF INJURY","0","0","0","0","0","2","0","14","3","2","41.743541848","-87.6257732415","POINT (-87.625773241467 41.743541847975)"
"8b2e6666028c411a55b0dfd36c8a45c1238c31baff2d356181446d546a614d894c76e350a58cdb3538336e2abe45c6fbf00757aabb5c42801a9e3f601a974308",,"2026-02-24T14:14:00.000","30","NO CONTROLS","NO CONTROLS","CLEAR","DAYLIGHT","PARKED MOTOR VEHICLE","NOT DIVIDED",,"STRAIGHT AND LEVEL","DRY","NO DEFECTS","ON SCENE","NO INJURY / DRIVE AWAY",,,"Y","OVER $1,500","2026-02-24T14:15:00.000","DRIVING SKILLS/KNOWLEDGE/EXPERIENCE","DRIVING SKILLS/KNOWLEDGE/EXPERIENCE","221","S","WOOD ST","1225",,,,,,,"2","NO INDICATION OF INJURY","0","0","0","0","0","1","0","14","3","2","41.878100889","-87.6715171797","POINT (-87.671517179725 41.878100888957)"
"e755d52949a07306bf52baf45d4d16a7d0554379815a03da5782e5de78a64a2445e52210d363adb95b28e883b0823ecb784f87a780a3b55de3bfa33d3747980d",,"2026-02-24T14:05:00.000","25","NO CONTROLS","NO CONTROLS","CLEAR","DAYLIGHT","PARKED MOTOR VEHICLE","NOT DIVIDED",,"STRAIGHT AND LEVEL","DRY","NO DEFECTS","ON SCENE","NO INJURY / DRIVE AWAY",,,"Y","$501 - $1,500","2026-02-24T14:12:00.000","UNABLE TO DETERMINE","NOT APPLICABLE","842","W","DIVERSEY PKWY","1933",,,,,,,"2","NO INDICATION OF INJURY","0","0","0","0","0","1","0","14","3","2","41.9327994555","-87.6507525465","POINT (-87.650752546461 41.932799455469)"
"21dbbd9723e42bf728c76030e2e5fed946e573bd90ff42a177d54f44f71042c0f3cd3d3ceb1b646f777e7bfd7ca00dbaf7bd3862b9dbdc1949aa2b70491c0961","Y","2026-02-24T14:00:00.000","0","NO CONTROLS","NO CONTROLS","CLEAR","DAYLIGHT","PARKED MOTOR VEHICLE","PARKING LOT",,"STRAIGHT AND LEVEL","UNKNOWN","UNKNOWN","NOT ON SCENE (DESK REPORT)","NO INJURY / DRIVE AWAY",,,"Y","OVER $1,500","2026-02-24T16:15:00.000","UNABLE TO DETERMINE","UNABLE TO DETERMINE","7435","W","TALCOTT AVE","1612",,,,,,,"2","NO INDICATION OF INJURY","0","0","0","0","0","1","0","14","3","2","41.9885751828","-87.8129779122","POINT (-87.812977912195 41.988575182799)"
"5628713b231eb549b6f10c790341e8515c196001f854ede714f2d8a513d87df02f6779142581c54eb1e06ff1b62051b43257728590a153519ecdcd0c766af1cb",,"2026-02-24T14:00:00.000","20","STOP SIGN/FLASHER","FUNCTIONING PROPERLY","CLEAR","DAYLIGHT","REAR END","ONE-WAY",,"STRAIGHT AND LEVEL","DRY","NO DEFECTS","NOT ON SCENE (DESK REPORT)","NO INJURY / DRIVE AWAY",,,,"OVER $1,500","2026-02-24T16:30:00.000","UNABLE TO DETERMINE","UNABLE TO DETERMINE","2258","W","VAN BUREN ST","1225",,,,,,,"2","NO INDICATION OF INJURY","0","0","0","0","0","2","0","14","3","2","41.8762463467","-87.6825266468","POINT (-87.682526646761 41.876246346744)"
"bc5b51fdb3a3994bccee9b9692bd32525f9205a335d4224c5b2add2dbdcd2369e5b262064bbaedd5e4b282433d5ddb5a0fb95219644d48f28ff5a278bd32f5c3",,"2026-02-24T14:00:00.000","30","NO CONTROLS","NO CONTROLS","CLEAR","DAYLIGHT","PARKED MOTOR VEHICLE","PARKING LOT",,"STRAIGHT AND LEVEL","DRY","NO DEFECTS","NOT ON SCENE (DESK REPORT)","NO INJURY / DRIVE AWAY","N","Y",,"OVER $1,500","2026-02-24T15:40:00.000","FOLLOWING TOO CLOSELY","NOT APPLICABLE","300","S","DAMEN AVE","1225",,,,,,,"2","NO INDICATION OF INJURY","0","0","0","0","0","2","0","14","3","2","41.8774128376","-87.6766908959","POINT (-87.676690895903 41.877412837573)"
"fcd6aedcafa367724c80ce3648e3e3707bc6406f124b8873516f9d59dd2b51ffb55c06d44f7e87cbb1dd0e1880ab245372c527a0af0a15dc7e4e27aa427991fa",,"2026-02-24T13:50:00.000","15","NO CONTROLS","NO CONTROLS","UNKNOWN","UNKNOWN","PARKED MOTOR VEHICLE","ONE-WAY",,"STRAIGHT AND LEVEL","UNKNOWN","UNKNOWN","NOT ON SCENE (DESK REPORT)","NO INJURY / DRIVE AWAY",,,"Y","OVER $1,500","2026-02-25T10:30:00.000","UNABLE TO DETERMINE","NOT APPLICABLE","5308","S","LAFLIN ST","934",,,,,,,"2","NO INDICATION OF INJURY","0","0","0","0","0","1","0","13","3","2","41.7973898946","-87.66238875","POINT (-87.662388750043 41.797389894623)"
"6f5cd6eb8d99e310f17b79670ca57d33a9df28eafe8f1bc4f2f5c724db04a496dc53d03b661ae47cc22356297815dbf29cb25f6daeaa565737604ae9347b627c",,"2026-02-24T13:43:00.000","30","TRAFFIC SIGNAL","FUNCTIONING PROPERLY","UNKNOWN","DAYLIGHT","REAR END","NOT DIVIDED",,"STRAIGHT AND LEVEL","UNKNOWN","UNKNOWN","NOT ON SCENE (DESK REPORT)","NO INJURY / DRIVE AWAY",,,"Y","OVER $1,500","2026-02-26T11:30:00.000","UNABLE TO DETERMINE","NOT APPLICABLE","2409","W","HOWARD ST","2411",,,,,,,"2","NO INDICATION OF INJURY","0","0","0","0","0","2","0","13","3","2","42.0194116123","-87.69057701","POINT (-87.690577010009 42.019411612251)"
"08e35760fb1bbdad1a8c5334fda504019933285f147ecd78f702574e917645a75e4d7407d522dce1a8c79b5d423a0deefb9204293b68b5ab217e6da98815b339",,"2026-02-24T13:42:00.000","25","NO CONTROLS","NO CONTROLS","CLEAR","DAYLIGHT","HEAD ON","NOT DIVIDED",,"STRAIGHT AND LEVEL","DRY","NO DEFECTS","NOT ON SCENE (DESK REPORT)","NO INJURY / DRIVE AWAY",,,,"OVER $1,500","2026-02-24T16:00:00.000","UNABLE TO DETERMINE","UNABLE TO DETERMINE","1358","E","47TH ST","222",,,,,,,"2","NO INDICATION OF INJURY","0","0","0","0","0","2","0","13","3","2","41.8097943068","-87.5927904181","POINT (-87.592790418075 41.809794306835)"
"2fbcf74cf4ed43cdccfb9e304510e111c206ec9f0c07d6f5282a02268a98db80db077c51fb1a020ef4c15344c7a10c594952afb767be12408c329c22300986fe",,"2026-02-24T13:37:00.000","30","TRAFFIC SIGNAL","FUNCTIONING PROPERLY","CLEAR","DAYLIGHT","TURNING","FIVE POINT, OR MORE",,"STRAIGHT AND LEVEL","DRY","NO DEFECTS","NOT ON SCENE (DESK REPORT)","NO INJURY / DRIVE AWAY","Y",,,"OVER $1,500","2026-02-24T14:00:00.000","TURNING RIGHT ON RED","DRIVING SKILLS/KNOWLEDGE/EXPERIENCE","260","W","CERMAK RD","914",,,,,,,"2","NO INDICATION OF INJURY","0","0","0","0","0","2","0","13","3","2","41.8529383415","-87.6344467673","POINT (-87.634446767261 41.852938341547)"
"d63ffc88e4c876c57c863ffe87ddab15a0636b6e9e0fc06a1f1da630c2f8358ce2748994237a843dcc60adf72ae0adffeffb2447c0a33f84be433373f174bb27",,"2026-02-24T13:31:00.000","30","NO CONTROLS","NO CONTROLS","UNKNOWN","UNKNOWN","PARKED MOTOR VEHICLE","PARKING LOT",,"STRAIGHT AND LEVEL","UNKNOWN","UNKNOWN","NOT ON SCENE (DESK REPORT)","NO INJURY / DRIVE AWAY",,,,"$501 - $1,500","2026-02-24T13:43:00.000","FOLLOWING TOO CLOSELY","FOLLOWING TOO CLOSELY","300","S","DAMEN AVE","1225",,,,,,,"2","NO INDICATION OF INJURY","0","0","0","0","0","2","0","13","3","2","41.8774128376","-87.6766908959","POINT (-87.676690895903 41.877412837573)"
"92f8d8f0c0c199b412a0d88396177674b879ff1acdddbead9802a3cec5404eb42a722916fcc5fcab4b0e800b4da08611ddfc2fc022304144eefd546c4c838111",,"2026-02-24T13:30:00.000","30","NO CONTROLS","NO CONTROLS","UNKNOWN","UNKNOWN","PARKED MOTOR VEHICLE","PARKING LOT",,"STRAIGHT AND LEVEL","UNKNOWN","OTHER","NOT ON SCENE (DESK REPORT)","NO INJURY / DRIVE AWAY",,,,"$501 - $1,500","2026-02-24T18:00:00.000","FOLLOWING TOO CLOSELY","FOLLOWING TOO CLOSELY","1220","S","ASHLAND AVE","1233",,,,,,,"2","NO INDICATION OF INJURY","0","0","0","0","0","2","0","13","3","2","41.8662541761","-87.6665241401","POINT (-87.666524140131 41.866254176143)"
"9d3b486384aebf135b9c3f88c9ecff573b11b1d81a46b2b69277e571fc04cc9bef6a410a3b9912bf37046a39dff7d9dfe90e0375c261b52cf5cb1cdab65f2579",,"2026-02-24T13:23:00.000","30","NO CONTROLS","NO CONTROLS","CLEAR","DAYLIGHT","TURNING","NOT DIVIDED",,"STRAIGHT AND LEVEL","DRY","UNKNOWN","ON SCENE","INJURY AND / OR TOW DUE TO CRASH",,,,"OVER $1,500","2026-02-24T13:43:00.000","FAILING TO YIELD RIGHT-OF-WAY","NOT APPLICABLE","700","W","CERMAK RD","1235",,,,,,,"2","REPORTED, NOT EVIDENT","1","0","0","0","1","1","0","13","3","2","41.8527784759","-87.6446196405","POINT (-87.644619640483 41.852778475949)"
"ace43ef0399fa5f7c2f75abb6f6e5f76a8fa4ffef97bb4f5d1b7a7e26a9c7342461f3a4b0cd7cc735c55778fa8fa02f2d462daf21438ef94a5874e61dfa786d6",,"2026-02-24T13:20:00.000","30","NO CONTROLS","NO CONTROLS","CLEAR","DAYLIGHT","PARKED MOTOR VEHICLE","PARKING LOT",,"STRAIGHT AND LEVEL","DRY","NO DEFECTS","NOT ON SCENE (DESK REPORT)","NO INJURY / DRIVE AWAY","N","Y",,"OVER $1,500","2026-02-24T15:10:00.000","UNABLE TO DETERMINE","NOT APPLICABLE","7342","W","FOSTER AVE","1613",,,,,,,"2","NO INDICATION OF INJURY","0","0","0","0","0","2","0","13","3","2","41.9745429477","-87.8113468842","POINT (-87.811346884218 41.974542947709)"
"c1d2a58e685ae984b8b289876db611fee40951afa2e5a4597303e6b839b51457de6e39eb97d544abc33a24490ac58e2c9464b998901bc9573bd1d36f7238b1d0",,"2026-02-24T13:20:00.000","25","NO CONTROLS","NO CONTROLS","CLOUDY/OVERCAST","DAYLIGHT","ANGLE","ALLEY",,"STRAIGHT AND LEVEL","DRY","UNKNOWN","ON SCENE","NO INJURY / DRIVE AWAY","Y",,"Y","OVER $1,500","2026-02-24T13:28:00.000","FAILING TO REDUCE SPEED TO AVOID CRASH","NOT APPLICABLE","2367","N","RUTHERFORD AVE","2512",,,,,,,"2","NO INDICATION OF INJURY","0","0","0","0","0","2","0","13","3","2","41.9231502738","-87.7936510718","POINT (-87.793651071777 41.923150273803)"
"5f3356d4ad576c107cc3a26b72b322ae8cf4e00fec27dcb45fdb9c109ce7c459b97a79c4459b21c08148299cbba95e39ab0e97452ea123288a2eb26f54f4a04c",,"2026-02-24T13:17:00.000","30","NO CONTROLS","NO CONTROLS","CLEAR","DAYLIGHT","FIXED OBJECT","NOT DIVIDED",,"STRAIGHT AND LEVEL","DRY","UNKNOWN","ON SCENE","INJURY AND / OR TOW DUE TO CRASH",,,,"OVER $1,500","2026-02-24T13:17:00.000","UNABLE TO DETERMINE","UNABLE TO DETERMINE","4101","N","DICKINSON AVE","1624",,,,,,,"1","NO INDICATION OF INJURY","0","0","0","0","0","2","0","13","3","2","41.9552540111","-87.7510684911","POINT (-87.751068491073 41.955254011095)"
"cc959bf7142c5c9b6b55967cfc5d1bad845d4d9887ef9557e50019bacfd9c295e3e6becc69f5a2ec9752a013f86b15a54cd5882a9b1238da4bf8b9c58dcba6b2",,"2026-02-24T13:15:00.000","30","TRAFFIC SIGNAL","FUNCTIONING PROPERLY","CLEAR","DAYLIGHT","REAR END","FOUR WAY",,"STRAIGHT AND LEVEL","DRY","NO DEFECTS","ON SCENE","NO INJURY / DRIVE AWAY","Y",,,"$500 OR LESS","2026-02-24T13:19:00.000","UNABLE TO DETERMINE","NOT APPLICABLE","10858","S","KEDZIE AVE","2211",,,,,,,"2","NO INDICATION OF INJURY","0","0","0","0","0","3","0","13","3","2","41.6952583637","-87.7010992186","POINT (-87.701099218602 41.695258363679)"
"015f50f5138878082d248159e68fd5d37461609bb216511fbb86888b8a1d3db0e63ead3c21c7c8cef9ea9c68a2846d9c70f6310e00db4ec5a41f00eefc71beb8",,"2026-02-24T13:12:00.000","30","NO CONTROLS","NO CONTROLS","CLEAR","DAYLIGHT","PARKED MOTOR VEHICLE","NOT DIVIDED",,"STRAIGHT AND LEVEL","DRY","NO DEFECTS","NOT ON SCENE (DESK REPORT)","NO INJURY / DRIVE AWAY",,,"N","OVER $1,500","2026-02-25T00:45:00.000","IMPROPER BACKING","IMPROPER BACKING","3608","W","CHICAGO AVE","1112",,,,,,,"2","NO INDICATION OF INJURY","0","0","0","0","0","1","0","13","3","2","41.8955663544","-87.7167426962","POINT (-87.716742696158 41.895566354385)"
"24903310d3fac7e3a3b8f67e98a06815cd6b9832edaa56d0154e27751330d63376c708bb9b125e1436a70de0966055e4fc42a8750d7158df2ab2503941dfa817",,"2026-02-24T13:10:00.000","30","NO CONTROLS","NO CONTROLS","UNKNOWN","UNKNOWN","PARKED MOTOR VEHICLE","ONE-WAY",,"STRAIGHT AND LEVEL","UNKNOWN","NO DEFECTS","NOT ON SCENE (DESK REPORT)","NO INJURY / DRIVE AWAY",,,"Y","OVER $1,500","2026-03-07T12:14:00.000","UNABLE TO DETERMINE","NOT APPLICABLE","11612","S","ELIZABETH ST","524",,,,,,,"2","NO INDICATION OF INJURY","0","0","0","0","0","1","0","13","3","2","41.6826851898","-87.6531682446","POINT (-87.653168244564 41.682685189771)"
"7ba13f9301e48a21f21d8c1fb40de8bbbf6c1e5e554aaa72e5fce779264a02267f71cd130692db75b404774d049ed2602cb9867df548c7f2230e57f79a0edc1d",,"2026-02-24T13:10:00.000","3","STOP SIGN/FLASHER","FUNCTIONING PROPERLY","CLEAR","DAYLIGHT","ANGLE","T-INTERSECTION",,"STRAIGHT AND LEVEL","DRY","NO DEFECTS","ON SCENE","INJURY AND / OR TOW DUE TO CRASH","Y",,,"OVER $1,500","2026-02-24T13:11:00.000","UNABLE TO DETERMINE","NOT APPLICABLE","4400","S","INDIANA AVE","215",,,,,,,"2","NONINCAPACITATING INJURY","1","0","0","1","0","2","0","13","3","2","41.8146686294","-87.6215035309","POINT (-87.621503530892 41.81466862942)"