"crash_record_id","crash_date_est_i","crash_date","posted_speed_limit","traffic_control_device","device_condition","weather_condition","lighting_condition","first_crash_type","trafficway_type","lane_cnt","alignment","roadway_surface_cond","road_defect","report_type","crash_type","intersection_related_i","private_property_i","hit_and_run_i","damage","date_police_notified","prim_contributory_cause","sec_contributory_cause","street_no","street_direction","street_name","beat_of_occurrence","photos_taken_i","statements_taken_i","dooring_i","work_zone_i","work_zone_type","workers_present_i","num_units","most_severe_injury","injuries_total","injuries_fatal","injuries_incapacitating","injuries_non_incapacitating","injuries_reported_not_evident","injuries_no_indication","injuries_unknown","crash_hour","crash_day_of_week","crash_month","latitude","longitude","location"
"d562936a356c4fcf30afbdce3e4f0de4ea614d9b73d9871ba52c4bf535f7a78297aa0c42adeca85a1db9c30f03b750d9dd4b5f207173b402ea3341b0bb9a5c7d",,"2026-02-24T13:10:00.000","30","NO CONTROLS","NO CONTROLS","CLEAR","DAYLIGHT","PARKED MOTOR VEHICLE","NOT DIVIDED",,"STRAIGHT AND LEVEL","DRY","UNKNOWN","ON SCENE","NO INJURY / DRIVE AWAY",,,"Y","$501 - $1,500","2026-02-24T13:45:00.000","UNABLE TO DETERMINE","UNABLE TO DETERMINE","4154","N","DICKINSON AVE","1624",,,,,,,"2","NO INDICATION OF INJURY","0","0","0","0","0","1","0","13","3","2","41.9565019656","-87.752531853","POINT (-87.752531853045 41.95650196562)"
"aff8e73298b4557f3fc5a970d044be5ec6caf9a2eed21a93d5a97712db8639f9339069c3bd6efdaf9c14c66cec0c0bbc05ae459d617e43892e02a1f408e8e471",,"2026-02-24T12:50:00.000","35","UNKNOWN","UNKNOWN","CLEAR","DAYLIGHT","PARKED MOTOR VEHICLE","ONE-WAY",,"STRAIGHT AND LEVEL","UNKNOWN","UNKNOWN","NOT ON SCENE (DESK REPORT)","NO INJURY / DRIVE AWAY",,,"Y","OVER $1,500","2026-02-24T14:11:00.000","DRIVING SKILLS/KNOWLEDGE/EXPERIENCE","NOT APPLICABLE","6307","N","CLAREMONT AVE","2413",,,,,,,"2","NO INDICATION OF INJURY","0","0","0","0","0","2","0","12","3","2","41.9961946734","-87.6884675578","POINT (-87.68846755778 41.996194673373)"
"01db1b3f867e3f8a8dab34dbd02728b68d81900193a4b2ab64f5099ef87d436d506fb2f2b8f2c6a31222e5374a2c2bebd22fc9a29b39ecd0557e03ac87daf00b",,"2026-02-24T12:49:00.000","30","NO CONTROLS","NO CONTROLS","CLEAR","DAYLIGHT","REAR TO FRONT","NOT DIVIDED",,"STRAIGHT AND LEVEL","DRY","UNKNOWN","NOT ON SCENE (DESK REPORT)","NO INJURY / DRIVE AWAY",,,,"OVER $1,500","2026-02-24T13:49:00.000","IMPROPER BACKING","NOT APPLICABLE","3977","W","COLUMBUS AVE","834",,,,,,,"2","NO INDICATION OF INJURY","0","0","0","0","0","2","0","12","3","2","41.7358522362","-87.720945711","POINT (-87.720945711007 41.73585223622)"
"5adadff8596a93ec093d6f0717df7d490f0360dc0cf76762c4cf8d0c14171e1e0c850414c72f3309e8964c7c25876346243a63af085b4fa67acc61e916f9e2f1",,"2026-02-24T12:45:00.000","30","NO CONTROLS","NO CONTROLS","CLOUDY/OVERCAST","DAYLIGHT","PARKED MOTOR VEHICLE","DIVIDED - W/MEDIAN (NOT RAISED)",,"STRAIGHT AND LEVEL","UNKNOWN","UNKNOWN","ON SCENE","NO INJURY / DRIVE AWAY",,,"Y","OVER $1,500","2026-02-24T12:48:00.000","IMPROPER BACKING","DRIVING SKILLS/KNOWLEDGE/EXPERIENCE","3401","W","DEVON AVE","1711",,,,,,,"2","NO INDICATION OF INJURY","0","0","0","0","0","1","0","12","3","2","41.9971983987","-87.714346233","POINT (-87.714346233033 41.997198398678)"
"7af96975884524923dc033a8faf011bb0133f500eb0460fe0e1dcade3bcb9be02ad8105c60867b93be042b90d95e4b8115c367293bc2a3559f39296900425c31",,"2026-02-24T12:40:00.000","10","NO CONTROLS","NO CONTROLS","CLEAR","DAYLIGHT","PARKED MOTOR VEHICLE","PARKING LOT",,"STRAIGHT AND LEVEL","DRY","NO DEFECTS","NOT ON SCENE (DESK REPORT)","NO INJURY / DRIVE AWAY",,,,"$501 - $1,500","2026-02-24T13:15:00.000","IMPROPER BACKING","NOT APPLICABLE","11050","S","DOTY AVE W","513",,,,,,,"2","NO INDICATION OF INJURY","0","0","0","0","0","2","0","12","3","2","41.6932618781","-87.599498028","POINT (-87.599498028029 41.693261878116)"
"78b75ed48a502305375f8d282cf0b51f0e7c3130aecf8867e72cb33f8b6f4d9e1e838c1d263525fc9017c6b3b3cd971527886763a48c8d667aff6d7bb360c618",,"2026-02-24T12:36:00.000","30","NO CONTROLS","NO CONTROLS","CLEAR","DAYLIGHT","REAR END","OTHER",,"STRAIGHT AND LEVEL","DRY","NO DEFECTS","NOT ON SCENE (DESK REPORT)","NO INJURY / DRIVE AWAY",,,,"OVER $1,500","2026-02-25T07:30:00.000","FOLLOWING TOO CLOSELY","DRIVING SKILLS/KNOWLEDGE/EXPERIENCE","4948","N","PULASKI RD","1712",,,,,,,"2","NO INDICATION OF INJURY","0","0","0","0","0","2","0","12","3","2","41.9715081175","-87.7282698334","POINT (-87.728269833444 41.97150811748)"
"1263884d525700a520921f7fe521dde332c8556dda3f128c27671baabc91b346c00f3636440ecf0a3ddcec6ebfbcf0a1ddc8f38884d6d3638817821311d72b5f",,"2026-02-24T12:30:00.000","30","NO CONTROLS","NO CONTROLS","CLOUDY/OVERCAST","DAYLIGHT","SIDESWIPE SAME DIRECTION","NOT DIVIDED",,"STRAIGHT AND LEVEL","DRY","NO DEFECTS","ON SCENE","INJURY AND / OR TOW DUE TO CRASH",,,,"OVER $1,500","2026-02-24T12:35:00.000","FAILING TO YIELD RIGHT-OF-WAY","NOT APPLICABLE","531","S","WOOD ST","1231",,,,,,,"2","NO INDICATION OF INJURY","0","0","0","0","0","5","0","12","3","2","41.8741712448","-87.6714155643","POINT (-87.671415564263 41.874171244842)"
"50ede8579cde9e6947a1056dd68428ac75a97718b0de3f955993cd61a783364099e8d2f420c40d66d3ce43883a969a5374d779bba6277f62942806507c350eae","Y","2026-02-24T12:30:00.000","25","STOP SIGN/FLASHER","NO CONTROLS","CLEAR","DAYLIGHT","TURNING","FOUR WAY",,"STRAIGHT AND LEVEL","UNKNOWN","UNKNOWN","NOT ON SCENE (DESK REPORT)","NO INJURY / DRIVE AWAY","Y",,,"OVER $1,500","2026-02-24T13:25:00.000","UNABLE TO DETERMINE","UNABLE TO DETERMINE","3029","W","CERMAK RD","1033",,,,,,,"2","NO INDICATION OF INJURY","0","0","0","0","0","3","0","12","3","2","41.8517085905","-87.7015194909","POINT (-87.701519490916 41.851708590512)"
"917c3e0b1cff4a1e3f096af4f41395658f0dd39ac4fa2461830fccbbe5bf8c90fc32a1d7012a2d7faff494d7cdc89584377e41047b77adfae844ce1c09c611b0",,"2026-02-24T12:30:00.000","15","NO CONTROLS","NO CONTROLS","CLOUDY/OVERCAST","DAYLIGHT","FIXED OBJECT","ALLEY",,"STRAIGHT AND LEVEL","DRY","NO DEFECTS","NOT ON SCENE (DESK REPORT)","NO INJURY / DRIVE AWAY",,,"Y","OVER $1,500","2026-02-24T13:39:00.000","NOT APPLICABLE","NOT APPLICABLE","2913","W","63RD ST","823",,,,,,,"1","NO INDICATION OF INJURY","0","0","0","0","0","1","0","12","3","2","41.7789616545","-87.6964351437","POINT (-87.696435143698 41.778961654539)"
"a95fa6d9c163516e0d2ce932b433872e1be833f84ade11160370928425859bff9ecb86ca029b1c0b481f672d58d34e26d1d17be91423253d3a7ad5a44b715daf",,"2026-02-24T12:30:00.000","20","NO CONTROLS","NO CONTROLS","CLEAR","DAYLIGHT","REAR END","PARKING LOT",,"STRAIGHT AND LEVEL","DRY","NO DEFECTS","NOT ON SCENE (DESK REPORT)","NO INJURY / DRIVE AWAY",,,,"OVER $1,500","2026-02-25T11:40:00.000","IMPROPER BACKING","NOT APPLICABLE","4555","S","WESTERN BLVD","924",,,,,,,"2","NO INDICATION OF INJURY","0","0","0","0","0","2","0","12","3","2","41.8104515462","-87.6837744013","POINT (-87.683774401323 41.810451546165)"
"ccf67deb8fe1b855f209e40d15e00399123d5553775e52096829dda56a928cb421206e13b38a288ffd8bacf05638a14e5234f0a4c09baff23b423cf3e679f94e",,"2026-02-24T12:30:00.000","30","NO CONTROLS","NO CONTROLS","CLEAR","DAYLIGHT","PARKED MOTOR VEHICLE","NOT DIVIDED",,"STRAIGHT AND LEVEL","DRY","NO DEFECTS","ON SCENE","NO INJURY / DRIVE AWAY",,,"Y","$500 OR LESS","2026-02-24T12:42:00.000","UNABLE TO DETERMINE","UNABLE TO DETERMINE","6140","N","WESTERN AVE","2413",,,,,,,"2","NO INDICATION OF INJURY","0","0","0","0","0","1","0","12","3","2","41.9934910289","-87.689891672","POINT (-87.689891671999 41.993491028891)"
"d7be49f0e49e9c0963f8f0ec41efc3911b65828d78945477f4336368a7bff0f4293ab1e9bf707d389f43ca3b605527ba0bbd423e4ad15e56edfa94f707669768",,"2026-02-24T12:30:00.000","35","NO CONTROLS","NO CONTROLS","CLEAR","DAYLIGHT","REAR END","NOT DIVIDED",,"STRAIGHT AND LEVEL","DRY","NO DEFECTS","NOT ON SCENE (DESK REPORT)","NO INJURY / DRIVE AWAY",,,,"$501 - $1,500","2026-02-24T19:15:00.000","FOLLOWING TOO CLOSELY","UNABLE TO DETERMINE","7151","W","FOREST PRESERVE AVE","1632",,,,,,,"2","NO INDICATION OF INJURY","0","0","0","0","0","2","0","12","3","2","41.9540634122","-87.8065900184","POINT (-87.80659001836 41.954063412151)"
"0b136b366cb24ad78d5805815fb90d67cb8434d9bd9b8536edbcdc022f4675f6812415ede9830ba7f930941bbee781b3e506cdc1bcff1d6c963167e7b3cbf81b",,"2026-02-24T12:15:00.000","30","NO CONTROLS","NO CONTROLS","CLEAR","DAYLIGHT","TURNING","NOT DIVIDED",,"STRAIGHT AND LEVEL","DRY","NO DEFECTS","NOT ON SCENE (DESK REPORT)","NO INJURY / DRIVE AWAY","Y",,"Y","OVER $1,500","2026-02-24T14:00:00.000","UNABLE TO DETERMINE","UNABLE TO DETERMINE","3025","W","CERMAK RD","1033",,,,,,,"2","NO INDICATION OF INJURY","0","0","0","0","0","3","0","12","3","2","41.8517085905","-87.7015194909","POINT (-87.701519490916 41.851708590512)"
"7d3c42f18cb11414a5827e765ed1c526694e4bfb558553e15467475cef122a3db293d0cdf9ce549ae40af33b38b8c803d881c31bc94bb3884314a27692ec9fe1","N","2026-02-24T12:15:00.000","30","NO CONTROLS","NO CONTROLS","CLEAR","DAYLIGHT","SIDESWIPE SAME DIRECTION","NOT DIVIDED",,"STRAIGHT AND LEVEL","DRY","NO DEFECTS","ON SCENE","NO INJURY / DRIVE AWAY",,,"Y","$500 OR LESS","2026-02-24T12:42:00.000","FOLLOWING TOO CLOSELY","FOLLOWING TOO CLOSELY","3600","W","CHICAGO AVE","1112",,,,,,,"3","NO INDICATION OF INJURY","0","0","0","0","0","4","0","12","3","2","41.8955700101","-87.7163770693","POINT (-87.716377069262 41.895570010057)"
"52fb7313c43be2e524bf39a66bfe7ec5598085cb8118f6c1b9d2b758e8dfaf2c8f347e455517b4d0a5984b6e87c8172fff8107fd38c2a4db464504b9ef5504af",,"2026-02-24T12:00:00.000","30","TRAFFIC SIGNAL","FUNCTIONING PROPERLY","CLEAR","DAYLIGHT","SIDESWIPE SAME DIRECTION","NOT DIVIDED",,"STRAIGHT AND LEVEL","DRY","NO DEFECTS",,"NO INJURY / DRIVE AWAY","Y",,,"OVER $1,500","2026-02-24T13:30:00.000","UNABLE TO DETERMINE","NOT APPLICABLE","786","N","DAMEN AVE","1221",,,,,,,"2","NO INDICATION OF INJURY","0","0","0","0","0","2","0","12","3","2","41.8958740411","-87.6771982552","POINT (-87.677198255235 41.895874041067)"
"7c03843e58c78811cdd951886a1b47d98128adfa5efdc0d26808628a4a10bb1dfd547f07084c4e05185d631221ec98319e8e2368369a71a7452e1380b3903fab",,"2026-02-24T12:00:00.000","15","NO CONTROLS","NO CONTROLS","CLEAR","DAYLIGHT","PARKED MOTOR VEHICLE","PARKING LOT",,"STRAIGHT AND LEVEL","DRY","NO DEFECTS","NOT ON SCENE (DESK REPORT)","NO INJURY / DRIVE AWAY",,,,"OVER $1,500","2026-02-24T13:55:00.000","FOLLOWING TOO CLOSELY","NOT APPLICABLE","9705","S","HALSTED ST","2223",,,,,,,"2","NO INDICATION OF INJURY","0","0","0","0","0","2","0","12","3","2","41.7175419624","-87.6429586663","POINT (-87.642958666289 41.717541962365)"
"977351f8fb2f6c9ddef1265365773ac13abaf042c061c98c2be08b5e37b8ab9b1b083e3615dfe7886d6d2d157b808997c495c7885e2903b06d23641b431d3e9e","Y","2026-02-24T12:00:00.000","25","UNKNOWN","NO CONTROLS","CLEAR","DAYLIGHT","SIDESWIPE SAME DIRECTION","NOT DIVIDED",,"STRAIGHT AND LEVEL","UNKNOWN","UNKNOWN","NOT ON SCENE (DESK REPORT)","NO INJURY / DRIVE AWAY",,,,"OVER $1,500","2026-02-24T13:00:00.000","UNABLE TO DETERMINE","UNABLE TO DETERMINE","7200","W","DEVON AVE","1611",,,,,,,"2","NO INDICATION OF INJURY","0","0","0","0","0","2","0","12","3","2","41.997879311","-87.8068505411","POINT (-87.806850541081 41.997879310965)"
"7d8d92a4951e83d0f6728916cfaf34ad4e52c76f4294f3e081ac7affbe3239811ed31b22579172682b78231aa9a1a616f4c79cc2d18d23276c5a4f35c505df61",,"2026-02-24T11:45:00.000","30","UNKNOWN","UNKNOWN","UNKNOWN","UNKNOWN","TURNING","NOT DIVIDED",,"STRAIGHT AND LEVEL","UNKNOWN","UNKNOWN","NOT ON SCENE (DESK REPORT)","NO INJURY / DRIVE AWAY","Y",,"Y","$501 - $1,500","2026-02-24T12:35:00.000","UNABLE TO DETERMINE","NOT APPLICABLE","2398","W","80TH ST","835",,,,,,,"2","NO INDICATION OF INJURY","0","0","0","0","0","4","0","11","3","2","41.7484020524","-87.682690883","POINT (-87.68269088304 41.748402052436)"
"c20da71c5d2a199fbfa02eb42d22e4e790a883e701bbfd9c873da9e76f26410369d8a2d5a82cfd78464cdc47edc2ce43707582ba0dd9b62ec3c35c9062e6bf3d",,"2026-02-24T11:45:00.000","25","NO CONTROLS","NO CONTROLS","CLEAR","DAYLIGHT","ANGLE","ALLEY",,"STRAIGHT AND LEVEL","DRY","NO DEFECTS","ON SCENE","NO INJURY / DRIVE AWAY",,,,"OVER $1,500","2026-02-24T11:58:00.000","FAILING TO YIELD RIGHT-OF-WAY","IMPROPER BACKING","210","N","CARPENTER ST","1214",,,,,,,"2","NO INDICATION OF INJURY","0","0","0","0","0","3","0","11","3","2","41.8859449576","-87.6534617826","POINT (-87.65346178256 41.885944957604)"
"29e30f2edaf15e692529e3a0baabc08c0c5dfe8882125ed5b07a8097b37e89fc6e5a75202617d4fd41be46437e0cdf18a9af0130cfad937e9b0b7aaacb3f62b5",,"2026-02-24T11:37:00.000","30","NO CONTROLS","NO CONTROLS","CLEAR","DAYLIGHT","PARKED MOTOR VEHICLE","NOT DIVIDED",,"STRAIGHT AND LEVEL","DRY","UNKNOWN","NOT ON SCENE (DESK REPORT)","NO INJURY / DRIVE AWAY",,,"Y","OVER $1,500","2026-02-24T11:50:00.000","UNABLE TO DETERMINE","UNABLE TO DETERMINE","1601","W","GARFIELD BLVD","715",,,,,,,"2","NO INDICATION OF INJURY","0","0","0","0","0","1","0","11","3","2","41.793554363","-87.6646375512","POINT (-87.664637551165 41.793554363001)"
"d406e100d0f18aee3b8b44b45732ccc856270f8ca3d803f642fc8490de89aedc368e5b040cf4afba4a2ebc81a9f7163ad08b947b7bf1fab12e301e3ba71532c6",,"2026-02-24T11:34:00.000","30","STOP SIGN/FLASHER","FUNCTIONING PROPERLY","CLEAR","DAYLIGHT","PARKED MOTOR VEHICLE","OTHER",,"STRAIGHT AND LEVEL","DRY","NO DEFECTS","ON SCENE","NO INJURY / DRIVE AWAY",,,"Y","OVER $1,500","2026-02-24T12:05:00.000","UNABLE TO DETERMINE","NOT APPLICABLE","6324","N","MILWAUKEE AVE","1611",,,,,,,"2","NO INDICATION OF INJURY","0","0","0","0","0","1","0","11","3","2","41.9956662248","-87.7864651543","POINT (-87.786465154261 41.995666224781)"
"031b7cd3c8e526dfe18f22f6ac815190191e4c51308dbd097e81d53021b745d4a3ca29889c0c50c8d4ad7aeedc7ab83f7e604d3d8787529fecf19eff76514945",,"2026-02-24T11:30:00.000","30","NO CONTROLS","NO CONTROLS","CLEAR","DAYLIGHT","SIDESWIPE SAME DIRECTION","ONE-WAY",,"STRAIGHT AND LEVEL","DRY","NO DEFECTS","NOT ON SCENE (DESK REPORT)","NO INJURY / DRIVE AWAY",,,,"OVER $1,500","2026-02-24T11:45:00.000","FAILING TO YIELD RIGHT-OF-WAY","FAILING TO REDUCE SPEED TO AVOID CRASH","250","E","DELAWARE PL","1833",,,,,,,"2","NO INDICATION OF INJURY","0","0","0","0","0","2","0","11","3","2","41.8993821157","-87.6198948981","POINT (-87.619894898078 41.899382115675)"
"adaf447e129e9cccb18c83ae70c2b60cddfc047efb8373043c607019d1a7f0b757e45ed6034444f5ff4cf3751fda1398a5a4ff042daeeb5842a2e2c57218bcb0",,"2026-02-24T11:26:00.000","15","NO CONTROLS","NO CONTROLS","UNKNOWN","UNKNOWN","PARKED MOTOR VEHICLE","PARKING LOT",,"STRAIGHT AND LEVEL","UNKNOWN","UNKNOWN",,"NO INJURY / DRIVE AWAY",,,"N","OVER $1,500","2026-02-24T16:00:00.000","UNABLE TO DETERMINE","NOT APPLICABLE","8259","S","STATE ST","631",,,,,,,"2","NO INDICATION OF INJURY","0","0","0","0","0","1","0","11","3","2","41.7437023174","-87.6241859291","POINT (-87.624185929083 41.743702317364)"
"465c0d651f0f9e3d21b973ad9b106987caac8d9db4d4cf14208a5f24d87d7c9831ac759f7e5a32751c2a1a9b42b1b37c06f8558844e35f1c5b1c0382d82d0f50",,"2026-02-24T11:24:00.000","30","STOP SIGN/FLASHER","UNKNOWN","CLEAR","DAYLIGHT","ANGLE","FOUR WAY",,"STRAIGHT AND LEVEL","DRY","UNKNOWN","ON SCENE","INJURY AND / OR TOW DUE TO CRASH","Y",,,"OVER $1,500","2026-02-24T11:24:00.000","DISREGARDING STOP SIGN","DISREGARDING STOP SIGN","8900","S","DR MARTIN LUTHER KING JR DR","633",,"Y",,,,,"2","REPORTED, NOT EVIDENT","1","0","0","0","1","4","0","11","3","2","41.7328015167","-87.6145766353","POINT (-87.614576635321 41.732801516703)"
"65af006b2d30e205841f37a5cd9ae0e093c8786495eb5ec8d64b8d7ef207070846f46d8850209fe84d2521057efcb6b52e75338246dab8324b6c4e99337b7432",,"2026-02-24T11:00:00.000","30","NO CONTROLS","NO CONTROLS","UNKNOWN","DAYLIGHT","TURNING","T-INTERSECTION",,"STRAIGHT AND LEVEL","UNKNOWN","UNKNOWN","NOT ON SCENE (DESK REPORT)","NO INJURY / DRIVE AWAY","Y",,,"OVER $1,500","2026-02-24T18:30:00.000","FAILING TO YIELD RIGHT-OF-WAY","FAILING TO REDUCE SPEED TO AVOID CRASH","1958","N","SHEFFIELD AVE","1811",,,,,,,"2","NO INDICATION OF INJURY","0","0","0","0","0","2","0","11","3","2","41.9177204262","-87.6535019628","POINT (-87.653501962787 41.917720426226)"
"ec667be09a41d8cbcda72d1b2a26d7285f875501ab3146c4895c2218fc0b593f862482e05caa21cf99917bc59847936ab2dc7dea2f95a51587a8438a766c3aa4","Y","2026-02-24T11:00:00.000","15","NO CONTROLS","NO CONTROLS","CLEAR","DAYLIGHT","PARKED MOTOR VEHICLE","PARKING LOT",,"STRAIGHT AND LEVEL","DRY","NO DEFECTS","ON SCENE","NO INJURY / DRIVE AWAY",,"Y","Y","OVER $1,500","2026-02-24T16:45:00.000","IMPROPER BACKING","NOT APPLICABLE","8835","S","GREENWOOD AVE","412",,,,,,,"2","NO INDICATION OF INJURY","0","0","0","0","0","1","0","11","3","2","41.7338129842","-87.5973386903","POINT (-87.597338690339 41.733812984236)"
"7f70a6f73f90a9f4ddfa06626e4c62a44d63f71989aa99f7defdde417aa2e4ceae00d39efd585c829824aa715c169eae22bcb5c5e857a77903618c45f64f47ef",,"2026-02-24T10:55:00.000","35","TRAFFIC SIGNAL","FUNCTIONING PROPERLY","CLEAR","DAYLIGHT","REAR END","NOT DIVIDED",,"STRAIGHT AND LEVEL","DRY","NO DEFECTS","ON SCENE","INJURY AND / OR TOW DUE TO CRASH",,,,"OVER $1,500","2026-02-24T10:56:00.000","NOT APPLICABLE","NOT APPLICABLE","6498","S","COTTAGE GROVE AVE","312",,"Y",,,,,"2","REPORTED, NOT EVIDENT","2","0","0","0","2","2","0","10","3","2","41.7768663218","-87.6059982481","POINT (-87.605998248145 41.776866321838)"
"89a97ff3a49c14851da050a901a3cb95e8d64349f5415013f31a85baa47d13fbea1fcef9a36dddaaad3bf955f2da76e05d829f8e11b682e6f842172d7b5fc338",,"2026-02-24T10:55:00.000","20","TRAFFIC SIGNAL","FUNCTIONING PROPERLY","CLEAR","DAYLIGHT","REAR END","NOT DIVIDED",,"STRAIGHT AND LEVEL","DRY","NO DEFECTS","ON SCENE","NO INJURY / DRIVE AWAY",,,,"OVER $1,500","2026-02-24T10:55:00.000","FOLLOWING TOO CLOSELY","IMPROPER OVERTAKING/PASSING","311","S","CALIFORNIA AVE","1125",,,,,,,"2","NO INDICATION OF INJURY","0","0","0","0","0","2","0","10","3","2","41.8770735078","-87.6960343185","POINT (-87.696034318544 41.877073507827)"
"5a5e513720ae010942d15a594b2ff30599dc483a3ded7b2a76bac36c7798b7a33c95165ad6ca95cc9497117ef036dc2a6ae40737310facf8e052ced6cd078f08",,"2026-02-24T10:45:00.000","30","NO CONTROLS","NO CONTROLS","CLOUDY/OVERCAST","DAYLIGHT","PEDALCYCLIST","NOT DIVIDED",,"STRAIGHT AND LEVEL","DRY","NO DEFECTS","ON SCENE","INJURY AND / OR TOW DUE TO CRASH",,,,"$500 OR LESS","2026-02-24T10:50:00.000","VISION OBSCURED (SIGNS, TREE LIMBS, BUILDINGS, ETC.)","VISION OBSCURED (SIGNS, TREE LIMBS, BUILDINGS, ETC.)","7166","W","BELDEN AVE","2512",,,,,,,"2","NONINCAPACITATING INJURY","1","0","0","1","0","1","0","10","3","2","41.9211910956","-87.8050960286","POINT (-87.805096028568 41.921191095565)"
"2e8fa64a7703ce9fc91e574f82bbfdd3d57d98acdaf69754112ee873ecac38bb7fb6fd6493ba11248c0e4af025fe0944251f4b76e1e27ae79713435d937651fa",,"2026-02-24T10:41:00.000","30","NO CONTROLS","NO CONTROLS","CLEAR","DAYLIGHT","REAR END","NOT DIVIDED",,"STRAIGHT AND LEVEL","DRY","NO DEFECTS","NOT ON SCENE (DESK REPORT)","NO INJURY / DRIVE AWAY",,,,"OVER $1,500","2026-02-24T11:55:00.000","FAILING TO REDUCE SPEED TO AVOID CRASH","NOT APPLICABLE","555","W","31ST ST","915",,,,,,,"2","NO INDICATION OF INJURY","0","0","0","0","0","2","0","10","3","2","41.8380015386","-87.6411823833","POINT (-87.641182383332 41.838001538617)"
"44a5faf8e6cc71547898dfbeec962c5c15a8aeac746446a63705e7df7f0396123831c24bf0e9610c8b310f940891cb0c444e15570ec6ece7eaf35b0ff6c3cd8c",,"2026-02-24T10:30:00.000","30","TRAFFIC SIGNAL","FUNCTIONING PROPERLY","CLEAR","DAYLIGHT","TURNING","NOT DIVIDED",,"STRAIGHT AND LEVEL","DRY","NO DEFECTS","NOT ON SCENE (DESK REPORT)","NO INJURY / DRIVE AWAY","Y",,,"$501 - $1,500","2026-02-24T11:35:00.000","IMPROPER TURNING/NO SIGNAL","NOT APPLICABLE","500","W","CERMAK RD","1235",,,,,,,"2","NO INDICATION OF INJURY","0","0","0","0","0","2","0","10","3","2","41.8528716877","-87.6405636549","POINT (-87.640563654904 41.852871687739)"
"e55fbfebaf89db3d48c8be7bb92f9e569cf4f5f52532a9a16d376a2e6342ea60f5ab69adcff4bc80d241d9220da7a99ccba7b36d728c296de903b444cf07467b",,"2026-02-24T10:30:00.000","35","NO CONTROLS","NO CONTROLS","CLOUDY/OVERCAST","DAYLIGHT","SIDESWIPE SAME DIRECTION","NOT DIVIDED",,"STRAIGHT AND LEVEL","DRY","NO DEFECTS","ON SCENE","NO INJURY / DRIVE AWAY",,,,"$501 - $1,500","2026-02-24T10:33:00.000","UNABLE TO DETERMINE","NOT APPLICABLE","989","W","PERSHING RD","925",,,,,,,"2","NO INDICATION OF INJURY","0","0","0","0","0","2","0","10","3","2","41.8232840804","-87.6506621729","POINT (-87.650662172934 41.823284080424)"
"1433c298d1fee1f0407aab9aae92e168801ba1bf4024275768defbbe291047aad69d67eec3c426cbf23bcbbe578e094e2d21a8447debabdc3fe331440946f1fa",,"2026-02-24T10:19:00.000","30","NO CONTROLS","NO CONTROLS","CLEAR","DAYLIGHT","SIDESWIPE SAME DIRECTION","DIVIDED - W/MEDIAN BARRIER",,"STRAIGHT AND LEVEL","DRY","NO DEFECTS","NOT ON SCENE (DESK REPORT)","NO INJURY / DRIVE AWAY",,,"Y","$500 OR LESS","2026-02-24T10:35:00.000","FAILING TO YIELD RIGHT-OF-WAY","FAILING TO YIELD RIGHT-OF-WAY","120","N","LA SALLE ST","122",,,,,,,"2","NO INDICATION OF INJURY","0","0","0","0","0","2","0","10","3","2","41.8837612189","-87.6325690927","POINT (-87.632569092718 41.883761218895)"
"3ec4efc878c801dbd7181839c094c67a80baebf7b3d147d443bf128687e637345b915a3518dd8e4ee5572a2a5cb35e765cdaad26814f09fdd85451c90108e7a0",,"2026-02-24T10:17:00.000","30","TRAFFIC SIGNAL","FUNCTIONING PROPERLY","CLEAR","DAYLIGHT","PARKED MOTOR VEHICLE","NOT DIVIDED",,"STRAIGHT AND LEVEL","DRY","NO DEFECTS","ON SCENE","NO INJURY / DRIVE AWAY",,,"Y","$501 - $1,500","2026-02-24T10:48:00.000","UNABLE TO DETERMINE","UNABLE TO DETERMINE","1117","N","HAMLIN AVE","1112",,,,,,,"2","NO INDICATION OF INJURY","0","0","0","0","0","1","0","10","3","2","41.9014354898","-87.7212432207","POINT (-87.72124322071 41.901435489824)"
"38217352e5474235c31523eb835ee476b3eefee5a30138a0e8f123589d551bd97dc04089946d868904c147683ff47e3d59484251cfae9f317ad9c2dc1f605942",,"2026-02-24T10:15:00.000","30","TRAFFIC SIGNAL","FUNCTIONING PROPERLY","CLEAR","DAYLIGHT","REAR END","FOUR WAY",,"STRAIGHT AND LEVEL","DRY","UNKNOWN","ON SCENE","NO INJURY / DRIVE AWAY","Y",,"Y","$500 OR LESS","2026-02-24T10:15:00.000","UNABLE TO DETERMINE","UNABLE TO DETERMINE","1602","N","KILPATRICK AVE","2533",,,,,,,"2","NO INDICATION OF INJURY","0","0","0","0","0","2","0","10","3","2","41.9098022517","-87.7436295521","POINT (-87.743629552134 41.909802251748)"
"54711e002570a4beb8c828e5a979ab60abfb626fbde4eaaf73db35535ef82bbeb7766e7777d819f7a7517e698eb55dd98387bdb469c37dc7d8a3800bbe779688",,"2026-02-24T10:15:00.000","30","UNKNOWN","UNKNOWN","CLEAR","DAYLIGHT","SIDESWIPE SAME DIRECTION","DIVIDED - W/MEDIAN (NOT RAISED)",,"STRAIGHT AND LEVEL","DRY","UNKNOWN","NOT ON SCENE (DESK REPORT)","NO INJURY / DRIVE AWAY",,,,"OVER $1,500","2026-02-24T12:47:00.000","UNABLE TO DETERMINE","UNABLE TO DETERMINE","6701","S","CICERO AVE","833",,,,,,,"2","NO INDICATION OF INJURY","0","0","0","0","0","2","0","10","3","2","41.7710448011","-87.7419056317","POINT (-87.741905631651 41.771044801146)"