"crash_record_id","crash_date_est_i","crash_date","posted_speed_limit","traffic_control_device","device_condition","weather_condition","lighting_condition","first_crash_type","trafficway_type","lane_cnt","alignment","roadway_surface_cond","road_defect","report_type","crash_type","intersection_related_i","private_property_i","hit_and_run_i","damage","date_police_notified","prim_contributory_cause","sec_contributory_cause","street_no","street_direction","street_name","beat_of_occurrence","photos_taken_i","statements_taken_i","dooring_i","work_zone_i","work_zone_type","workers_present_i","num_units","most_severe_injury","injuries_total","injuries_fatal","injuries_incapacitating","injuries_non_incapacitating","injuries_reported_not_evident","injuries_no_indication","injuries_unknown","crash_hour","crash_day_of_week","crash_month","latitude","longitude","location"
"ab44bcca229e3e19e73d64e57aa752b65b57b314033b5d07e418fe4e99fd4d523af4e75f487d80d9216a58c7cc9f9e68e1b8e61d4966ed07ecd3478d19123326",,"2026-02-24T10:15:00.000","35","TRAFFIC SIGNAL","FUNCTIONING PROPERLY","CLEAR","DAYLIGHT","TURNING","NOT DIVIDED",,"STRAIGHT AND LEVEL","DRY","NO DEFECTS","NOT ON SCENE (DESK REPORT)","NO INJURY / DRIVE AWAY","Y",,,"$500 OR LESS","2026-02-24T11:12:00.000","UNABLE TO DETERMINE","UNABLE TO DETERMINE","150","W","NORTH AVE","1814",,,,,,,"2","NO INDICATION OF INJURY","0","0","0","0","0","2","0","10","3","2","41.9112717612","-87.6336677288","POINT (-87.633667728817 41.911271761156)"
"29aa0931664dad5e47dc35c270b0daef3428205ca4660075ae86248414321f211cc62f761ff5f3e0c469a9adb1a7f917b522877af7a7602fd50234cfff257f6c",,"2026-02-24T10:00:00.000","30","NO CONTROLS","NO CONTROLS","CLEAR","DAYLIGHT","PARKED MOTOR VEHICLE","DIVIDED - W/MEDIAN (NOT RAISED)",,"STRAIGHT AND LEVEL","DRY","NO DEFECTS","NOT ON SCENE (DESK REPORT)","NO INJURY / DRIVE AWAY",,,"Y","OVER $1,500","2026-02-24T19:00:00.000","FOLLOWING TOO CLOSELY","NOT APPLICABLE","8241","S","HALSTED ST","622",,,,,,,"2","NO INDICATION OF INJURY","0","0","0","0","0","1","0","10","3","2","41.7439628823","-87.6437026134","POINT (-87.643702613399 41.743962882341)"
"e7496db6aa9243dad4bf8ac0170df58558bffcdfeb4146a8c6071c55e27217fafc1aa76474028f3d65de8091aa00f2cdb56b1fa66b841bab95536f5b561fba88",,"2026-02-24T10:00:00.000","30","NO CONTROLS","NO CONTROLS","CLEAR","DAYLIGHT","FIXED OBJECT","OTHER",,"STRAIGHT AND LEVEL","DRY","NO DEFECTS","ON SCENE","NO INJURY / DRIVE AWAY",,,,"OVER $1,500","2026-02-24T12:01:00.000","UNABLE TO DETERMINE","NOT APPLICABLE","3120","S","CALIFORNIA AVE","1033",,,,,,,"1","NO INDICATION OF INJURY","0","0","0","0","0","1","0","10","3","2","41.8364579588","-87.6951489562","POINT (-87.695148956178 41.836457958759)"
"f5b7b45580e6ea96be1e63bbacc9f7c890cc818d68338c0c95065f49316b3192d842e7a2e64074d9da4ec01f3177edb1fb4a0383c091e081c2ed0828254dc676",,"2026-02-24T10:00:00.000","30","TRAFFIC SIGNAL","FUNCTIONING PROPERLY","CLEAR","DAYLIGHT","SIDESWIPE SAME DIRECTION","DIVIDED - W/MEDIAN BARRIER",,"CURVE, LEVEL","DRY","NO DEFECTS","NOT ON SCENE (DESK REPORT)","NO INJURY / DRIVE AWAY","Y",,"Y","$501 - $1,500","2026-02-24T11:00:00.000","IMPROPER LANE USAGE","NOT APPLICABLE","1200","S","LAKE SHORE DR NB","132",,,,,,,"2","NO INDICATION OF INJURY","0","0","0","0","0","3","0","10","3","2","41.8674842272","-87.6191503834","POINT (-87.619150383382 41.867484227164)"
"451afee54bb38f8fe82d9a2e59bbd5c76e92e6a6f9aecba08c3e46a11fb00f071648dae0f8b342f7d33ff73856ca37d0c9c7fe9f155ea9452111fa2baed886d2",,"2026-02-24T09:45:00.000","10","NO CONTROLS","NO CONTROLS","CLEAR","DAYLIGHT","SIDESWIPE SAME DIRECTION","PARKING LOT",,"STRAIGHT AND LEVEL","DRY","NO DEFECTS","NOT ON SCENE (DESK REPORT)","NO INJURY / DRIVE AWAY",,,,"OVER $1,500","2026-02-24T10:00:00.000","UNABLE TO DETERMINE","UNABLE TO DETERMINE","3105","W","26TH ST","1033",,,,,,,"2","NO INDICATION OF INJURY","0","0","0","0","0","2","0","9","3","2","41.8444329273","-87.7028128945","POINT (-87.702812894512 41.84443292728)"
"ea67482bc365bd15f1b0a253db9dce12d5209eeb9c3d8ced6887ac569fb864df1b3de105aa4fc448e0c0d1ef9e743a23e833162d064d5da10512b67d4430f514",,"2026-02-24T09:40:00.000","35","UNKNOWN","NO CONTROLS","CLEAR","DAYLIGHT","PARKED MOTOR VEHICLE","UNKNOWN",,"STRAIGHT AND LEVEL","DRY","NO DEFECTS","NOT ON SCENE (DESK REPORT)","NO INJURY / DRIVE AWAY",,,"Y","OVER $1,500","2026-02-24T10:00:00.000","UNABLE TO DETERMINE","UNABLE TO DETERMINE","6151","S","NORMAL BLVD","711",,,,,,,"2","NO INDICATION OF INJURY","0","0","0","0","0","1","0","9","3","2","41.782025697","-87.6373879436","POINT (-87.637387943582 41.782025696973)"
"01ba1bd74d430967aba127e20875a58cc9a684d904fa098788896f47d6d93169df87670edbd3d0b548151e9473378bda4be86c5b527880ced598d4821b4e90de",,"2026-02-24T09:38:00.000","30","TRAFFIC SIGNAL","FUNCTIONING PROPERLY","CLEAR","DAYLIGHT","SIDESWIPE SAME DIRECTION","NOT DIVIDED",,"STRAIGHT AND LEVEL","DRY","NO DEFECTS","ON SCENE","NO INJURY / DRIVE AWAY",,,,"OVER $1,500","2026-02-24T10:14:00.000","IMPROPER OVERTAKING/PASSING","NOT APPLICABLE","7201","W","BELMONT AVE","2511",,,,,,,"2","NO INDICATION OF INJURY","0","0","0","0","0","2","0","9","3","2","41.9378859663","-87.8068055064","POINT (-87.8068055064 41.937885966284)"
"cae282136802426a833fabf14ef264141ad85fe81275832a97569230925412501d3acdf27280b9f200db5410aed5d8f1586404232acb21047203577c5e18beb9",,"2026-02-24T09:25:00.000","35","TRAFFIC SIGNAL","FUNCTIONING PROPERLY","CLEAR","DAYLIGHT","PEDESTRIAN","FOUR WAY",,"STRAIGHT AND LEVEL","DRY","NO DEFECTS","ON SCENE","INJURY AND / OR TOW DUE TO CRASH","Y",,,"OVER $1,500","2026-02-24T09:25:00.000","UNABLE TO DETERMINE","UNABLE TO DETERMINE","1000","W","FOSTER AVE","2023",,,,,,,"2","NONINCAPACITATING INJURY","1","0","0","1","0","1","0","9","3","2","41.976505116","-87.6550318822","POINT (-87.655031882248 41.976505115957)"
"2b48b8e0fc38d14c91639e09cbaa3d94fdb4c2118d97cf760661774426043f240edee6238c24634a9bb9ce7e53931abda6e2a07584233616445219ec854dbffc",,"2026-02-24T09:20:00.000","30","TRAFFIC SIGNAL","FUNCTIONING PROPERLY","CLEAR","DAYLIGHT","TURNING","FOUR WAY",,"STRAIGHT AND LEVEL","DRY","NO DEFECTS","ON SCENE","NO INJURY / DRIVE AWAY","Y",,"N","$500 OR LESS","2026-02-24T09:20:00.000","DRIVING SKILLS/KNOWLEDGE/EXPERIENCE","NOT APPLICABLE","9100","S","LAFAYETTE AVE","634",,,,,,,"2","NO INDICATION OF INJURY","0","0","0","0","0","2","0","9","3","2","41.7289307234","-87.6253827563","POINT (-87.625382756311 41.72893072336)"
"30a7276c7bfbe626cd204e1c4bcd360732c8b3dea655e7b4fcb4bc5161e42b94ce8fa21a05d737ba7b4ea9aa11d81a99f5d6350d0b3b1e4e36aada854287d5ed",,"2026-02-24T09:20:00.000","35","STOP SIGN/FLASHER","FUNCTIONING PROPERLY","CLEAR","DAYLIGHT","REAR END","ONE-WAY",,"STRAIGHT AND LEVEL","DRY","NO DEFECTS","ON SCENE","NO INJURY / DRIVE AWAY","Y",,,"$500 OR LESS","2026-02-24T09:27:00.000","FAILING TO REDUCE SPEED TO AVOID CRASH","UNABLE TO DETERMINE","4760","W","CORNELIA AVE","1731",,,,,,,"2","NO INDICATION OF INJURY","0","0","0","0","0","2","0","9","3","2","41.9447859719","-87.7463634376","POINT (-87.746363437565 41.944785971881)"
"e1d1fbcbf0b99c754e7c5fc1ecc38199557533528aecc4c1450d1b5202716e9fb4f15cc2d51986aec25ffbddffa1d489da20abdc592e9b7c98f48ba25e256fb8",,"2026-02-24T09:20:00.000","30","TRAFFIC SIGNAL","FUNCTIONING PROPERLY","CLEAR","DAYLIGHT","ANGLE","DIVIDED - W/MEDIAN (NOT RAISED)",,"STRAIGHT AND LEVEL","DRY","NO DEFECTS","ON SCENE","INJURY AND / OR TOW DUE TO CRASH",,,,"OVER $1,500","2026-02-24T09:28:00.000","FAILING TO YIELD RIGHT-OF-WAY","NOT APPLICABLE","136","W","DIVISION ST","1821",,,,,,,"2","NONINCAPACITATING INJURY","1","0","0","1","0","1","0","9","3","2","41.9039893357","-87.6328505847","POINT (-87.632850584671 41.903989335657)"
"142d6cb5a7eea8b8cf9b47e3f899d61bbce053944173b1473f71e6f1280d4728befcde27dd7b88d7a4b575d4ec6a48a336aa22282c502787f1a54816a54c9e00",,"2026-02-24T09:16:00.000","30","NO CONTROLS","NO CONTROLS","CLEAR","DAYLIGHT","SIDESWIPE SAME DIRECTION","NOT DIVIDED",,"STRAIGHT AND LEVEL","DRY","NO DEFECTS","ON SCENE","NO INJURY / DRIVE AWAY",,,,"OVER $1,500","2026-02-24T09:17:00.000","IMPROPER OVERTAKING/PASSING","UNABLE TO DETERMINE","2307","W","TOUHY AVE","2411",,,,,,,"2","NO INDICATION OF INJURY","0","0","0","0","0","2","0","9","3","2","42.0121500422","-87.6882055656","POINT (-87.688205565594 42.012150042178)"
"b01434a130dcb91cb6c2434ec7f172d2352b9bdcbad20616f36eb3cf9450e3e502da87bee68991ceafd3a8404125609e0e8a08aeb81c758c985b1ad9ac4d1449",,"2026-02-24T09:14:00.000","30","UNKNOWN","UNKNOWN","CLEAR","DAYLIGHT","SIDESWIPE SAME DIRECTION","NOT DIVIDED",,"STRAIGHT AND LEVEL","DRY","UNKNOWN","ON SCENE","NO INJURY / DRIVE AWAY",,,,"$501 - $1,500","2026-02-24T09:15:00.000","UNABLE TO DETERMINE","UNABLE TO DETERMINE","1100","N","CLARK ST","1824",,,,,,,"2","NO INDICATION OF INJURY","0","0","0","0","0","2","0","9","3","2","41.9019056681","-87.6315370857","POINT (-87.631537085674 41.901905668083)"
"08f47febea9aa821046acc2c6e129e6a122fd4058f46f21be3457d07143decedc816249bdb45ec9c7fe590e3faa7eebb8f305fc9c31f825a6d52a2811ac6df13",,"2026-02-24T09:05:00.000","10","NO CONTROLS","NO CONTROLS","CLEAR","DAYLIGHT","ANGLE","PARKING LOT",,"STRAIGHT AND LEVEL","DRY","NO DEFECTS","NOT ON SCENE (DESK REPORT)","NO INJURY / DRIVE AWAY",,,,"OVER $1,500","2026-02-24T09:47:00.000","UNABLE TO DETERMINE","NOT APPLICABLE","1100","S","HAMILTON AVE","1225",,,,,,,"2","NO INDICATION OF INJURY","0","0","0","0","0","2","0","9","3","2","41.867807964","-87.6804533191","POINT (-87.680453319056 41.867807963965)"
"514b1677c9a6a0479221608eed32e9f8c7b0286eb056610643b083cc1bf1577d189f12e714cb016d13e142c0a4c81b7c16e6d5eb338a1333abe3fa6e2bdea2cd","Y","2026-02-24T09:00:00.000","30","NO CONTROLS","NO CONTROLS","UNKNOWN","UNKNOWN","PARKED MOTOR VEHICLE","NOT DIVIDED",,"STRAIGHT AND LEVEL","UNKNOWN","NO DEFECTS","ON SCENE","NO INJURY / DRIVE AWAY",,,"Y","$501 - $1,500","2026-02-24T09:55:00.000","NOT APPLICABLE","NOT APPLICABLE","6116","N","LANDERS AVE","1621",,,,,,,"2","NO INDICATION OF INJURY","0","0","0","0","0","1","0","9","3","2","41.9930250224","-87.7516197221","POINT (-87.751619722138 41.993025022361)"
"8e3cadb5e5f52fffbc2e33fc706692fef3713283c8841626caf17448f35b23ef4f7df3242daecadf83743420a2d8644176ef6e41a06f70ec3355168f93e5a348",,"2026-02-24T09:00:00.000","30","NO CONTROLS","NO CONTROLS","CLEAR","DAYLIGHT","SIDESWIPE SAME DIRECTION","NOT DIVIDED",,"STRAIGHT AND LEVEL","DRY","NO DEFECTS","NOT ON SCENE (DESK REPORT)","NO INJURY / DRIVE AWAY",,,"Y","$501 - $1,500","2026-02-25T09:00:00.000","IMPROPER LANE USAGE","IMPROPER LANE USAGE","1711","W","PETERSON AVE","2012",,,,,,,"2","NO INDICATION OF INJURY","0","0","0","0","0","2","0","9","3","2","41.990670826","-87.6721359604","POINT (-87.672135960369 41.990670826023)"
"a36201c3892ec344c0181eb93b3fd2d080234ea0a1afe95288d972e348590a0d2c0945a7229e15b37a4b8080e69e296fba12cba9cf5748fbfd3d1f8c3639094c",,"2026-02-24T09:00:00.000","30","STOP SIGN/FLASHER","FUNCTIONING PROPERLY","CLEAR","DAYLIGHT","TURNING","T-INTERSECTION",,"STRAIGHT AND LEVEL","DRY","NO DEFECTS","NOT ON SCENE (DESK REPORT)","NO INJURY / DRIVE AWAY","Y",,"Y","$501 - $1,500","2026-02-24T12:00:00.000","IMPROPER TURNING/NO SIGNAL","FAILING TO YIELD RIGHT-OF-WAY","5800","W","LAWRENCE AVE","1622",,,,,,,"2","NO INDICATION OF INJURY","0","0","0","0","0","2","0","9","3","2","41.9678215159","-87.7729096741","POINT (-87.772909674064 41.967821515896)"
"c2cd60de6f176c402339a6c1fc42a78caa1ac3972a4e465b775cd085ad08f7c763c4e414ed1730ee10ce856decc710278743b3c1736fe53876b8d2db6e909dc9",,"2026-02-24T09:00:00.000","30","TRAFFIC SIGNAL","FUNCTIONING PROPERLY","CLEAR","DAYLIGHT","REAR END","NOT DIVIDED",,"STRAIGHT AND LEVEL","DRY","NO DEFECTS","NOT ON SCENE (DESK REPORT)","NO INJURY / DRIVE AWAY",,,,"OVER $1,500","2026-02-24T10:00:00.000","FAILING TO REDUCE SPEED TO AVOID CRASH","NOT APPLICABLE","3995","W","IRVING PARK RD","1732",,,,,,,"2","NO INDICATION OF INJURY","0","0","0","0","0","2","0","9","3","2","41.9535389371","-87.7275531608","POINT (-87.727553160825 41.953538937105)"
"0e10e3f6b79833801723ee0cfd81a15d475c5bffd560b7a7e553787d13b367a146e90880b49b32d9759fdef5cf539ff06c9bf3bb23cdafbe2163e91a484e1df8",,"2026-02-24T08:50:00.000","30","STOP SIGN/FLASHER","FUNCTIONING PROPERLY","CLEAR","DAYLIGHT","ANGLE","DIVIDED - W/MEDIAN (NOT RAISED)",,"STRAIGHT AND LEVEL","DRY","NO DEFECTS","NOT ON SCENE (DESK REPORT)","NO INJURY / DRIVE AWAY",,,,"$501 - $1,500","2026-02-24T09:30:00.000","FAILING TO YIELD RIGHT-OF-WAY","UNABLE TO DETERMINE","5400","N","ELSTON AVE","1623",,,,,,,"2","NO INDICATION OF INJURY","0","0","0","0","0","3","0","8","3","2","41.9794238861","-87.7587759802","POINT (-87.758775980168 41.979423886083)"
"530fdc49e783bfca64d401c83a52931b39199b93179384ceeb58046ddd5ec2155e77011728f97d5dcba14b9a68932eee87297243b23d103ef8f337bd27a4cf2c",,"2026-02-24T08:50:00.000","30","TRAFFIC SIGNAL","FUNCTIONING PROPERLY","CLEAR","DAYLIGHT","TURNING","ONE-WAY",,"STRAIGHT AND LEVEL","DRY","NO DEFECTS","NOT ON SCENE (DESK REPORT)","NO INJURY / DRIVE AWAY",,,"N","OVER $1,500","2026-02-24T10:00:00.000","IMPROPER TURNING/NO SIGNAL","NOT APPLICABLE","7040","S","COTTAGE GROVE AVE","321",,,,,,,"2","NO INDICATION OF INJURY","0","0","0","0","0","3","0","8","3","2","41.7664308925","-87.6057478606","POINT (-87.605747860649 41.766430892538)"
"4a864733182356c3ee8736d5cd1180ac83cf1720a31a864454134f1416bf78a0aa4161c9deb41b7ce40bc49fbe2821c89a48038cae49cd6e873674f2e4371d6f",,"2026-02-24T08:40:00.000","30","STOP SIGN/FLASHER","FUNCTIONING PROPERLY","CLEAR","DAYLIGHT","FIXED OBJECT","NOT DIVIDED",,"STRAIGHT AND LEVEL","DRY","UNKNOWN","ON SCENE","INJURY AND / OR TOW DUE TO CRASH",,,,"OVER $1,500","2026-02-24T08:47:00.000","UNABLE TO DETERMINE","UNABLE TO DETERMINE","5216","W","64TH ST","813",,,,,,,"1","NONINCAPACITATING INJURY","1","0","0","1","0","1","0","8","3","2","41.776109905","-87.7525203357","POINT (-87.752520335681 41.776109904994)"
"f0a05a11ec3c4711850bf4500a0858559306a7991331d0160dd2cb625b67701292398d74c9a405a8fb06d053a30a27a0c8c83f6a26424101975c5d067a77721a",,"2026-02-24T08:40:00.000","30","NO CONTROLS","NO CONTROLS","UNKNOWN","DAYLIGHT","SIDESWIPE SAME DIRECTION","DIVIDED - W/MEDIAN (NOT RAISED)",,"STRAIGHT AND LEVEL","UNKNOWN","UNKNOWN","NOT ON SCENE (DESK REPORT)","NO INJURY / DRIVE AWAY",,,,"OVER $1,500","2026-02-24T13:20:00.000","FAILING TO YIELD RIGHT-OF-WAY","FAILING TO REDUCE SPEED TO AVOID CRASH","4015","W","DIVISION ST","1111",,,,,,,"2","NO INDICATION OF INJURY","0","0","0","0","0","2","0","8","3","2","41.9025494121","-87.7270057539","POINT (-87.727005753883 41.902549412099)"
"d869033c9815e36f472cc09f9127393689b9df95d2098de2e1af9a1d2e6b2d83a2da1c71a2cf17ff3bc3fa2431bab05111ab0606dce6749293e8e9f5cc812e8d","Y","2026-02-24T08:37:00.000","30","NO CONTROLS","NO CONTROLS","CLEAR","DAYLIGHT","REAR END","NOT DIVIDED",,"STRAIGHT AND LEVEL","DRY","NO DEFECTS","ON SCENE","NO INJURY / DRIVE AWAY",,,,"$500 OR LESS","2026-02-24T08:37:00.000","FOLLOWING TOO CLOSELY","FOLLOWING TOO CLOSELY","6320","W","BRYN MAWR AVE","1622",,,,,,,"2","NO INDICATION OF INJURY","0","0","0","0","0","3","0","8","3","2","41.9830064496","-87.7862325194","POINT (-87.786232519391 41.98300644958)"
"3e0ec84b4a74d27dac3a2ba187c636730bfc12ae313fe79164410dacc5ea4fd2bd3f2e0756ec542cf94fcdd10321cec8e514b969c4adc05383e6f9810f55c7cb","Y","2026-02-24T08:30:00.000","30","NO CONTROLS","NO CONTROLS","CLEAR","DAYLIGHT","PARKED MOTOR VEHICLE","NOT DIVIDED",,"STRAIGHT AND LEVEL","DRY","NO DEFECTS","ON SCENE","NO INJURY / DRIVE AWAY",,,"Y","OVER $1,500","2026-02-24T16:05:00.000","UNABLE TO DETERMINE","UNABLE TO DETERMINE","3548","W","38TH PL","911",,,,,,,"2","NO INDICATION OF INJURY","0","0","0","0","0","1","0","8","3","2","41.8234768105","-87.7136568388","POINT (-87.713656838849 41.82347681047)"
"a4f01a35c1490813d8bff4d15c86b09ff9ca5ec79fb63f8dc21c63c73b95470224747b2dc3ea8d055ff40c68d7e861cd0190f167bd9304a4255fd267b06aa313",,"2026-02-24T08:30:00.000","40","NO CONTROLS","NO CONTROLS","CLEAR","DAYLIGHT","REAR END","DIVIDED - W/MEDIAN BARRIER",,"STRAIGHT AND LEVEL","DRY","NO DEFECTS","ON SCENE","INJURY AND / OR TOW DUE TO CRASH",,,"Y","OVER $1,500","2026-02-24T08:50:00.000","FAILING TO REDUCE SPEED TO AVOID CRASH","NOT APPLICABLE","3700","N","LAKE SHORE DR SB","1925",,,,,,,"3","NO INDICATION OF INJURY","0","0","0","0","0","3","0","8","3","2","41.9505506361","-87.6445465724","POINT (-87.644546572439 41.950550636125)"
"c4b47fbe5fa07ca6fecc60dbfb524ae4cbbd08f221331308aacb3b9ff70eb557b84f29c82317f020a99c290b88d7f1c03b252f75f49584f4a286a8d38aa8b61d",,"2026-02-24T08:30:00.000","40","NO CONTROLS","NO CONTROLS","CLEAR","DAYLIGHT","REAR END","DIVIDED - W/MEDIAN BARRIER",,"STRAIGHT AND LEVEL","DRY","NO DEFECTS","ON SCENE","INJURY AND / OR TOW DUE TO CRASH",,,,"OVER $1,500","2026-02-24T08:45:00.000","FOLLOWING TOO CLOSELY","NOT APPLICABLE","5600","N","LAKE SHORE DR NB","2022",,,,,,,"2","NONINCAPACITATING INJURY","2","0","0","1","1","0","0","8","3","2","41.9839519461","-87.6532151083","POINT (-87.653215108266 41.983951946132)"
"9ad17d4a9bd83bb0efb94337140c605e5cca1ecf549317fae9647f8b51aa81f9d5df71a8810f150da18bccc021ef09b643115dfee159635a46aeee640ff3e037",,"2026-02-24T08:25:00.000","30","TRAFFIC SIGNAL","NO CONTROLS","CLEAR","DAYLIGHT","REAR END","NOT DIVIDED",,"STRAIGHT AND LEVEL","DRY","NO DEFECTS","NOT ON SCENE (DESK REPORT)","INJURY AND / OR TOW DUE TO CRASH","Y",,,"OVER $1,500","2026-02-24T13:00:00.000","FAILING TO YIELD RIGHT-OF-WAY","FAILING TO YIELD RIGHT-OF-WAY","1992","W","ROOSEVELT RD","1231",,,,,,,"2","REPORTED, NOT EVIDENT","1","0","0","0","1","1","0","8","3","2","41.8668661984","-87.6761265156","POINT (-87.676126515644 41.866866198377)"
"f8e4daf4795cc58bae7e16dfc61ebeadf756f0514ecbad4c9dbe9b69696864671ea012202101943c53d4f3c848feb0880cbf5d1fbc569542827938d619383853",,"2026-02-24T08:25:00.000","35","UNKNOWN","UNKNOWN","CLEAR","DAYLIGHT","SIDESWIPE SAME DIRECTION","UNKNOWN",,"CURVE, LEVEL","DRY","NO DEFECTS","NOT ON SCENE (DESK REPORT)","NO INJURY / DRIVE AWAY",,,"Y","$500 OR LESS","2026-02-24T09:00:00.000","UNABLE TO DETERMINE","UNABLE TO DETERMINE","400","E","GARFIELD BLVD","233",,,,,,,"2","NO INDICATION OF INJURY","0","0","0","0","0","2","0","8","3","2","41.7949100567","-87.6159156878","POINT (-87.615915687849 41.794910056687)"
"54dab04027ff5a2f738ce6eb97ae4e67d53aed58c570747df7ffd4d3be3a08b9375b0d4a401f521e67ab8984a3d476f453a4a96ddfdb6f8383f4ef872486ea99",,"2026-02-24T08:17:00.000","30","NO CONTROLS","NO CONTROLS","CLEAR","DAYLIGHT","TURNING","NOT DIVIDED",,"STRAIGHT AND LEVEL","DRY","NO DEFECTS","ON SCENE","INJURY AND / OR TOW DUE TO CRASH",,,"Y","OVER $1,500","2026-02-24T08:23:00.000","FAILING TO YIELD RIGHT-OF-WAY","NOT APPLICABLE","2001","W","71ST ST","735",,,,,,,"2","NO INDICATION OF INJURY","0","0","0","0","0","7","0","8","3","2","41.764696121","-87.6735927847","POINT (-87.673592784701 41.764696121041)"
"b7477b93f0fce82b07092231f273bc83b58a9beee5e44d807e881f1ab8bb2bc566d96b990a529203fb5c50a954fa80f2dd88133736d3ebdc61675d41c3630ff3",,"2026-02-24T08:11:00.000","30","NO CONTROLS","NO CONTROLS","CLEAR","DAYLIGHT","SIDESWIPE SAME DIRECTION","NOT DIVIDED",,"STRAIGHT AND LEVEL","DRY","UNKNOWN","ON SCENE","NO INJURY / DRIVE AWAY",,,,"OVER $1,500","2026-02-24T08:11:00.000","UNABLE TO DETERMINE","UNABLE TO DETERMINE","114","E","76TH ST","623","Y","Y",,,,,"2","NO INDICATION OF INJURY","0","0","0","0","0","2","0","8","3","2","41.7565925921","-87.6207883744","POINT (-87.620788374405 41.756592592097)"
"0b45803649c8faa3a77c607ea525566c39dd2a8701356f0eab3d8637ecf6cd2ca8f8a6b72748f4e2ebe5c00de1fff70319adce86cd2509be98e0c058bc9866ac",,"2026-02-24T08:10:00.000","30","PEDESTRIAN CROSSING SIGN","UNKNOWN","CLEAR","DAYLIGHT","PEDESTRIAN","FOUR WAY",,"STRAIGHT AND LEVEL","DRY","UNKNOWN",,"INJURY AND / OR TOW DUE TO CRASH","Y",,,"OVER $1,500","2026-02-24T08:14:00.000","UNABLE TO DETERMINE","NOT APPLICABLE","3455","W","IRVING PARK RD","1732",,,,,,,"2","NONINCAPACITATING INJURY","1","0","0","1","0","1","0","8","3","2","41.9537150364","-87.7151382871","POINT (-87.715138287144 41.953715036376)"
"edd80c2d2a769d3de47ab7c9211d8e4c201155f52c32d6d21206b5c583aaea8d1845816f264189f53a4c2a6bc2991d6f89892a298e402e930b6d96419974bc87",,"2026-02-24T08:05:00.000","30","NO CONTROLS","NO CONTROLS","CLEAR","DAYLIGHT","REAR END","NOT DIVIDED",,"CURVE, LEVEL","DRY","UNKNOWN","ON SCENE","NO INJURY / DRIVE AWAY",,,,"OVER $1,500","2026-02-24T08:41:00.000","UNABLE TO DETERMINE","UNABLE TO DETERMINE","6399","N","CANFIELD AVE","1612",,,,,,,"2","NO INDICATION OF INJURY","0","0","0","0","0","2","0","8","3","2","41.9967809885","-87.8212829099","POINT (-87.821282909886 41.996780988488)"
"26113fb44b4723e035df3383ba83cb5f76c7e8ae6473b9389a5008c8937a22570a24c83a54e45a687b08bb37520a61191d21ca5f86e035992ae6d404172a8602",,"2026-02-24T08:03:00.000","35","TRAFFIC SIGNAL","FUNCTIONING PROPERLY","CLEAR","DAYLIGHT","PEDALCYCLIST","FOUR WAY",,"STRAIGHT AND LEVEL","DRY","NO DEFECTS","ON SCENE","INJURY AND / OR TOW DUE TO CRASH",,,,"$500 OR LESS","2026-02-24T08:06:00.000","DISREGARDING TRAFFIC SIGNALS","NOT APPLICABLE","100","S","LAKE SHORE DR NB","114",,,,,,,"2","NONINCAPACITATING INJURY","1","0","0","1","0","1","0","8","3","2","41.8808560477","-87.6176358918","POINT (-87.617635891755 41.880856047671)"
"c55bd868fe8edef6e6cd8f6d947ed083f9cd506bb3213cca64369b293cea4bbbbf267306bcc1e9f5798bb94b4a5de35946f9e068f0b1434b70eea3637a14fb18",,"2026-02-24T08:01:00.000","30","TRAFFIC SIGNAL","UNKNOWN","CLEAR","DAYLIGHT","TURNING","DIVIDED - W/MEDIAN (NOT RAISED)",,"STRAIGHT AND LEVEL","UNKNOWN","UNKNOWN","ON SCENE","NO INJURY / DRIVE AWAY",,,,"OVER $1,500","2026-02-24T08:11:00.000","FAILING TO YIELD RIGHT-OF-WAY","NOT APPLICABLE","2400","W","47TH ST","922",,,,,,,"2","NO INDICATION OF INJURY","0","0","0","0","0","2","0","8","3","2","41.8085422443","-87.6845482018","POINT (-87.684548201832 41.808542244315)"
"060e9d3724c47632498e492afded7f5c3569e60a485b031215d5faeb5aa58eb00977c290800e6475ec67687bf9746eb78537691acd37df3f940162da16f0ecd6",,"2026-02-24T08:00:00.000","30","NO CONTROLS","NO CONTROLS","CLOUDY/OVERCAST","DAYLIGHT","REAR END","NOT DIVIDED",,"STRAIGHT AND LEVEL","UNKNOWN","NO DEFECTS","ON SCENE","INJURY AND / OR TOW DUE TO CRASH",,,,"OVER $1,500","2026-02-24T08:10:00.000","FOLLOWING TOO CLOSELY","UNABLE TO DETERMINE","2842","S","PULASKI RD","1031",,,,,,,"2","NO INDICATION OF INJURY","0","0","0","0","0","2","0","8","3","2","41.8392703409","-87.7245616154","POINT (-87.724561615404 41.839270340862)"
"066232907aa5a01af2a836e8561cf65c54a67154e10211dd54f405e43bbfed5465c827becda95039907a6457853361dba4770beb9ea1cf85c1b1e712984033f7",,"2026-02-24T08:00:00.000","10","NO CONTROLS","NO CONTROLS","CLEAR","DARKNESS, LIGHTED ROAD","REAR TO FRONT","PARKING LOT",,"STRAIGHT AND LEVEL","DRY","NO DEFECTS","NOT ON SCENE (DESK REPORT)","NO INJURY / DRIVE AWAY",,"Y",,"OVER $1,500","2026-02-24T09:35:00.000","FAILING TO REDUCE SPEED TO AVOID CRASH","UNABLE TO DETERMINE","225","E","CHICAGO AVE","1833",,,,,,,"2","NO INDICATION OF INJURY","0","0","0","0","0","3","0","8","3","2","41.8966598813","-87.6217552353","POINT (-87.621755235273 41.896659881319)"