"crash_record_id","crash_date_est_i","crash_date","posted_speed_limit","traffic_control_device","device_condition","weather_condition","lighting_condition","first_crash_type","trafficway_type","lane_cnt","alignment","roadway_surface_cond","road_defect","report_type","crash_type","intersection_related_i","private_property_i","hit_and_run_i","damage","date_police_notified","prim_contributory_cause","sec_contributory_cause","street_no","street_direction","street_name","beat_of_occurrence","photos_taken_i","statements_taken_i","dooring_i","work_zone_i","work_zone_type","workers_present_i","num_units","most_severe_injury","injuries_total","injuries_fatal","injuries_incapacitating","injuries_non_incapacitating","injuries_reported_not_evident","injuries_no_indication","injuries_unknown","crash_hour","crash_day_of_week","crash_month","latitude","longitude","location"
"36e0e6cf12007542d12c7f014538a882facf2fe1d78cf17184fca6baf27f3fd84c6ce0d025619c8899c4005ededb02b01bf1119586d7ed82d6985d91270be0a8",,"2026-02-24T08:00:00.000","30","YIELD","FUNCTIONING PROPERLY","CLEAR","DAYLIGHT","ANGLE","DIVIDED - W/MEDIAN (NOT RAISED)",,"STRAIGHT AND LEVEL","DRY","NO DEFECTS","ON SCENE","INJURY AND / OR TOW DUE TO CRASH",,,,"$501 - $1,500","2026-02-24T08:55:00.000","IMPROPER OVERTAKING/PASSING","IMPROPER OVERTAKING/PASSING","4101","W","LAKE ST","1114","N","Y",,,,,"3","NONINCAPACITATING INJURY","3","0","0","3","0","0","0","8","3","2","41.885496662","-87.7283983132","POINT (-87.728398313224 41.885496662012)"
"b4069379206f056e7f2aa6471562303a5f1f837a64310ff51e80afd05ea528f933ea10f0c7c30a8a47b447b4d145ebf278989f71ce8e9ba8ed5155e8d1e2ed1f",,"2026-02-24T08:00:00.000","30","TRAFFIC SIGNAL","FUNCTIONING PROPERLY","CLEAR","DAYLIGHT","REAR END","DIVIDED - W/MEDIAN (NOT RAISED)",,"STRAIGHT AND LEVEL","DRY","UNKNOWN","NOT ON SCENE (DESK REPORT)","NO INJURY / DRIVE AWAY",,,,"OVER $1,500","2026-02-24T10:11:00.000","FOLLOWING TOO CLOSELY","UNABLE TO DETERMINE","2333","N","HARLEM AVE","2512",,,,,,,"2","NO INDICATION OF INJURY","0","0","0","0","0","3","0","8","3","2","41.9221128573","-87.8060477232","POINT (-87.806047723217 41.922112857283)"
"c0d600e04dcb7dbc0ebc9620f7860b76b7ed7bf8676ecd885d912750a05a8d99bcc6fd122d9cddea1b751a25f7ef0693c6f2365e1a5bc9a6783ce989db6c2644",,"2026-02-24T08:00:00.000","30","NO CONTROLS","NO CONTROLS","CLEAR","DAYLIGHT","TURNING","DIVIDED - W/MEDIAN (NOT RAISED)",,"STRAIGHT AND LEVEL","DRY","NO DEFECTS","NOT ON SCENE (DESK REPORT)","NO INJURY / DRIVE AWAY",,,,"OVER $1,500","2026-02-24T16:10:00.000","FAILING TO YIELD RIGHT-OF-WAY","UNABLE TO DETERMINE","2815","N","KEDZIE AVE","1411",,,,,,,"2","NO INDICATION OF INJURY","0","0","0","0","0","4","0","8","3","2","41.9325251717","-87.7072946022","POINT (-87.707294602166 41.932525171691)"
"f1e064fbc7641f712080d4acea85324c4252a112008cca69bc5bae1f61a45bb3384434b692df6208f5975367449128d6614651b588430cb0bf59ec6ee99b8963",,"2026-02-24T08:00:00.000","15","NO CONTROLS","NO CONTROLS","CLEAR","DAYLIGHT","REAR END","ALLEY",,"STRAIGHT AND LEVEL","DRY","UNKNOWN","ON SCENE","NO INJURY / DRIVE AWAY",,,,"OVER $1,500","2026-02-24T08:16:00.000","UNABLE TO DETERMINE","NOT APPLICABLE","2622","S","SHIELDS AVE","914",,,,,,,"2","NO INDICATION OF INJURY","0","0","0","0","0","2","0","8","3","2","41.8447454015","-87.6356327188","POINT (-87.635632718805 41.844745401505)"
"6a060c03055330cf9aafb20d83ef809cdef9c5a9d7fd556af9b36aaec1e40c39fe4085811bd007fd07bb9de77a1df1b53b4911f335469d1252a5c8d0333fc866",,"2026-02-24T07:52:00.000","20","UNKNOWN","UNKNOWN","UNKNOWN","UNKNOWN","SIDESWIPE SAME DIRECTION","UNKNOWN",,"STRAIGHT AND LEVEL","UNKNOWN","UNKNOWN","NOT ON SCENE (DESK REPORT)","NO INJURY / DRIVE AWAY",,,,"OVER $1,500","2026-02-24T08:20:00.000","UNABLE TO DETERMINE","UNABLE TO DETERMINE","5155","S","COTTAGE GROVE AVE","233",,,,,,,"2","NO INDICATION OF INJURY","0","0","0","0","0","3","0","7","3","2","41.8005485479","-87.6062087843","POINT (-87.606208784311 41.800548547913)"
"a5ee8b4b87cbb5d8a87b4084bce6994da15e399c6c66239d14b4b6c649d899daafae21b4eb8c06fcdb2bec8c88dfb96ed0fc49c0eac2844756f551d000d46a78",,"2026-02-24T07:52:00.000","30","NO CONTROLS","NO CONTROLS","CLEAR","DAYLIGHT","SIDESWIPE SAME DIRECTION","T-INTERSECTION",,"STRAIGHT AND LEVEL","DRY","NO DEFECTS","ON SCENE","NO INJURY / DRIVE AWAY",,,"N","OVER $1,500","2026-02-24T07:55:00.000","FAILING TO YIELD RIGHT-OF-WAY","UNABLE TO DETERMINE","1302","W","NORTH AVE","1433",,,,,,,"3","NO INDICATION OF INJURY","0","0","0","0","0","2","0","7","3","2","41.9108460203","-87.6605433554","POINT (-87.660543355412 41.910846020262)"
"23f236502b627be4d095a011d6375f691e9cb41aac957d522e97e207189616b7fcb98b7dfa24f3ff4b12a65c7d4b2f464783ba569335f6958deb75a0650b8791",,"2026-02-24T07:51:00.000","30","NO CONTROLS","UNKNOWN","CLEAR","DAYLIGHT","FIXED OBJECT","ALLEY",,"STRAIGHT AND LEVEL","DRY","UNKNOWN","ON SCENE","INJURY AND / OR TOW DUE TO CRASH",,"N",,"$501 - $1,500","2026-02-24T07:53:00.000","UNABLE TO DETERMINE","UNABLE TO DETERMINE","5215","W","VAN BUREN ST","1522",,,,,,,"1","NO INDICATION OF INJURY","0","0","0","0","0","1","0","7","3","2","41.8747314721","-87.7555223282","POINT (-87.755522328181 41.874731472138)"
"609d09573c97077b296c54aa8565702c96d036f11df133835c06710c5cd5ef521bdf428108335322634f4750f5f6d7c6282218853c02d374fc29fc81d56fb509",,"2026-02-24T07:50:00.000","30","NO CONTROLS","NO CONTROLS","CLEAR","DAYLIGHT","REAR END","NOT DIVIDED",,"STRAIGHT AND LEVEL","DRY","NO DEFECTS","NOT ON SCENE (DESK REPORT)","NO INJURY / DRIVE AWAY",,,,"$501 - $1,500","2026-02-24T08:45:00.000","FOLLOWING TOO CLOSELY","FOLLOWING TOO CLOSELY","2306","W","TOUHY AVE","2411",,,,,,,"3","NO INDICATION OF INJURY","0","0","0","0","0","3","0","7","3","2","42.0123664876","-87.6878595426","POINT (-87.687859542569 42.012366487625)"
"624aed21c5f6b53e68ba01759778c39f2e478c16d0a5651f72ec16f966291efee083f68863b6cd58c891c92c6439e164ac4950b6d1ad0d66f0e4c7a87f2980c4",,"2026-02-24T07:50:00.000","30","TRAFFIC SIGNAL","FUNCTIONING PROPERLY","CLEAR","DAYLIGHT","SIDESWIPE SAME DIRECTION","NOT DIVIDED",,"STRAIGHT AND LEVEL","DRY","NO DEFECTS","NOT ON SCENE (DESK REPORT)","NO INJURY / DRIVE AWAY",,,"Y","$501 - $1,500","2026-02-24T10:00:00.000","IMPROPER OVERTAKING/PASSING","NOT APPLICABLE","507","E","115TH ST","532",,,,,,,"2","NO INDICATION OF INJURY","0","0","0","0","0","2","0","7","3","2","41.6853354451","-87.6110952985","POINT (-87.611095298487 41.685335445085)"
"a9e5bff31eb19ecb6364b840ea7b01656e3c980e71ba3764c510b49ba56929fc85f9bd185c48bb055fe1b2a586aa8d6a838eb73425ff702a3b762cb0c77c9a8b",,"2026-02-24T07:50:00.000","30","STOP SIGN/FLASHER","NO CONTROLS","CLEAR","DAYLIGHT","ANGLE","NOT DIVIDED",,"STRAIGHT AND LEVEL","DRY","NO DEFECTS","NOT ON SCENE (DESK REPORT)","NO INJURY / DRIVE AWAY",,,,"OVER $1,500","2026-02-24T08:19:00.000","UNABLE TO DETERMINE","NOT APPLICABLE","600","S","FRANCISCO AVE","1135",,,,,,,"2","NO INDICATION OF INJURY","0","0","0","0","0","4","0","7","3","2","41.8737238396","-87.6986997695","POINT (-87.69869976952 41.873723839599)"
"de26353bccc08ee7bd5e9c452e698cc91c0890213f5c5ab01347a5fff030590109c1d6ddebac6e5eb183fdbbedca8d4f864e3d9e62abf424ed495c55216cb5e9",,"2026-02-24T07:50:00.000","30","NO CONTROLS","NO CONTROLS","CLEAR","DAYLIGHT","REAR END","ONE-WAY",,"STRAIGHT AND LEVEL","DRY","NO DEFECTS","ON SCENE","NO INJURY / DRIVE AWAY",,,,"$501 - $1,500","2026-02-24T07:55:00.000","UNABLE TO DETERMINE","UNABLE TO DETERMINE","8349","S","STONY ISLAND AVE","412",,,,,,,"2","NO INDICATION OF INJURY","0","0","0","0","0","2","0","7","3","2","41.7427470455","-87.5851851975","POINT (-87.585185197537 41.742747045496)"
"4542598caae4ad0b791670f9949252e32ca546b581f1706389c476efb147fc69723ff03b81c59c5e34353f0355b45bad0cad6f97f629f0728f972d736537ebfc",,"2026-02-24T07:47:00.000","30","STOP SIGN/FLASHER","FUNCTIONING PROPERLY","CLEAR","DAYLIGHT","ANGLE","NOT DIVIDED",,"STRAIGHT AND LEVEL","DRY","NO DEFECTS","NOT ON SCENE (DESK REPORT)","NO INJURY / DRIVE AWAY",,,,"$501 - $1,500","2026-02-24T08:15:00.000","UNABLE TO DETERMINE","UNABLE TO DETERMINE","7099","S","MICHIGAN AVE","322",,,,,,,"2","NO INDICATION OF INJURY","0","0","0","0","0","2","0","7","3","2","41.7656733623","-87.6215478141","POINT (-87.621547814109 41.765673362278)"
"097e63625ee07ec2f56ffa41636531d932da73d21acea79b1082f911b75645862f82c8fd1df0878757c70513f9efdaf5aad7ed7c48c8e522472f2366f91b771b",,"2026-02-24T07:46:00.000","30","UNKNOWN","UNKNOWN","UNKNOWN","DAYLIGHT","SIDESWIPE SAME DIRECTION","DIVIDED - W/MEDIAN (NOT RAISED)",,"STRAIGHT AND LEVEL","UNKNOWN","UNKNOWN","NOT ON SCENE (DESK REPORT)","NO INJURY / DRIVE AWAY",,,,"$501 - $1,500","2026-02-24T13:00:00.000","UNABLE TO DETERMINE","NOT APPLICABLE","200","E","LOWER WACKER DR","114",,,,,,,"2","NO INDICATION OF INJURY","0","0","0","0","0","2","0","7","3","2","41.8883332721","-87.6222359916","POINT (-87.622235991552 41.888333272144)"
"00a88f11f342babba5ccae35bffd21a49a3b8423c2446b32dd308d379eb0d4cca1cca8bb732c3739fbcf4895b1aa99aa6f8366772a561daf2e9b5699d21d82a8",,"2026-02-24T07:45:00.000","30","STOP SIGN/FLASHER","FUNCTIONING PROPERLY","CLEAR","DAWN","PEDESTRIAN","FOUR WAY",,"STRAIGHT AND LEVEL","DRY","NO DEFECTS","ON SCENE","INJURY AND / OR TOW DUE TO CRASH",,,,"$500 OR LESS","2026-02-24T08:18:00.000","FAILING TO YIELD RIGHT-OF-WAY","NOT APPLICABLE","6832","W","DIVERSEY AVE","2511",,,,,,,"2","NONINCAPACITATING INJURY","1","0","0","1","0","1","0","7","3","2","41.9309763845","-87.796833213","POINT (-87.796833212969 41.930976384468)"
"a9f0a85ddea27cc143afa8d0a0cf505e2f5227390d66f41709b6833b96c58190b6964fc47c91738934ee4f9c40eccde6ceface1fe6d875e90fd2d567eea8908b",,"2026-02-24T07:45:00.000","30","TRAFFIC SIGNAL","FUNCTIONING PROPERLY","CLEAR","DAYLIGHT","SIDESWIPE SAME DIRECTION","DIVIDED - W/MEDIAN (NOT RAISED)",,"STRAIGHT AND LEVEL","DRY","NO DEFECTS","ON SCENE","NO INJURY / DRIVE AWAY","Y",,,"$501 - $1,500","2026-02-24T07:50:00.000","IMPROPER OVERTAKING/PASSING","IMPROPER OVERTAKING/PASSING","7001","N","SHERIDAN RD","2423",,,,,,,"2","NO INDICATION OF INJURY","0","0","0","0","0","2","0","7","3","2","42.0092697015","-87.6619653187","POINT (-87.661965318682 42.009269701478)"
"0c963ffc8f5027ea073e4c519b5cb0e91d617b20a840cc16c3d10f45d0a1513abb9868d7cd0ce544bf51c323df95cc9ba503be8a13db34e0de848de546dd39bf",,"2026-02-24T07:40:00.000","20","NO CONTROLS","NO CONTROLS","CLEAR","DAYLIGHT","PARKED MOTOR VEHICLE","NOT DIVIDED",,"STRAIGHT AND LEVEL","DRY","UNKNOWN","ON SCENE","INJURY AND / OR TOW DUE TO CRASH",,,,"OVER $1,500","2026-02-24T07:43:00.000","IMPROPER OVERTAKING/PASSING","UNABLE TO DETERMINE","1428","W","49TH ST","933",,,,,,,"2","NO INDICATION OF INJURY","0","0","0","0","0","1","0","7","3","2","41.8051232417","-87.6611682116","POINT (-87.661168211595 41.805123241728)"
"533056ec0ce47e9877212d28cee45fed0bb987fa38dfe31c46ff4162ca20f60340617060a20a785984395e9a76c5e951e725621e5245c10557ccc02259c3cf45",,"2026-02-24T07:40:00.000","30","NO CONTROLS","NO CONTROLS","CLEAR","DAYLIGHT","SIDESWIPE SAME DIRECTION","NOT DIVIDED",,"STRAIGHT AND LEVEL","DRY","NO DEFECTS","ON SCENE","NO INJURY / DRIVE AWAY",,,"Y","OVER $1,500","2026-02-24T07:50:00.000","UNABLE TO DETERMINE","NOT APPLICABLE","3851","W","CORTLAND ST","2535",,,,,,,"2","NO INDICATION OF INJURY","0","0","0","0","0","2","0","7","3","2","41.9152673944","-87.7236803548","POINT (-87.723680354837 41.915267394425)"
"5a2fd7b245afc133b2ed642b28be056b2a12864053e9963c8ce903baa72871b955e7da51ff70704aef03cae73429bb0979fe5ff8d3c8540896d13db05aee2941",,"2026-02-24T07:38:00.000","30","TRAFFIC SIGNAL","FUNCTIONING PROPERLY","CLEAR","DAYLIGHT","ANGLE","FOUR WAY",,"STRAIGHT AND LEVEL","DRY","NO DEFECTS","ON SCENE","NO INJURY / DRIVE AWAY",,,,"OVER $1,500","2026-02-24T07:44:00.000","UNABLE TO DETERMINE","NOT APPLICABLE","5400","W","DEVON AVE","1621",,,,,,,"2","NO INDICATION OF INJURY","0","0","0","0","0","2","0","7","3","2","41.9974374304","-87.7638591954","POINT (-87.763859195367 41.997437430426)"
"9039eede0c5fe31d7a4ad063ea664105008f8d2356633558542f64eb71194afb3c828ed6861d2fb3e711b455de1bcfe3e9c91c834df73cb97225b9c08baf3f2b",,"2026-02-24T07:38:00.000","15","NO CONTROLS","NO CONTROLS","CLEAR","DAYLIGHT","FIXED OBJECT","PARKING LOT",,"STRAIGHT AND LEVEL","DRY","NO DEFECTS","ON SCENE","INJURY AND / OR TOW DUE TO CRASH",,"Y",,"OVER $1,500","2026-02-24T07:39:00.000","UNABLE TO DETERMINE","NOT APPLICABLE","4025","N","WESTERN AVE","1911",,,,,,,"1","NONINCAPACITATING INJURY","1","0","0","1","0","0","0","7","3","2","41.9547729035","-87.6883409965","POINT (-87.688340996464 41.954772903474)"
"4fa95b77d2cc35b9834feb76778426ac6c5cab7251125c096cc6ad022361bf4eaf64ecf60389ade102337a5b7c77ecbad193d8c15debfb7382ff6f41dbcffb45",,"2026-02-24T07:15:00.000","30","TRAFFIC SIGNAL","FUNCTIONING PROPERLY","UNKNOWN","UNKNOWN","SIDESWIPE SAME DIRECTION","NOT DIVIDED",,"STRAIGHT AND LEVEL","UNKNOWN","UNKNOWN","NOT ON SCENE (DESK REPORT)","NO INJURY / DRIVE AWAY",,,,"$501 - $1,500","2026-02-24T08:00:00.000","UNABLE TO DETERMINE","UNABLE TO DETERMINE","7733","S","CICERO AVE","834",,,,,,,"2","NO INDICATION OF INJURY","0","0","0","0","0","2","0","7","3","2","41.7517720721","-87.741318636","POINT (-87.741318636042 41.751772072145)"
"7f37b4c4755626619c77470a4cb6071e4995d8490336a68ad0f6c65ebb90dd1014e5196a616f3aac611fdd022c67c1836cb8bbcac62668abddfba34925d25901",,"2026-02-24T07:15:00.000","30","NO CONTROLS","NO CONTROLS","CLEAR","DAYLIGHT","REAR END","NOT DIVIDED",,"STRAIGHT AND LEVEL","DRY","NO DEFECTS","NOT ON SCENE (DESK REPORT)","NO INJURY / DRIVE AWAY",,,,"OVER $1,500","2026-02-24T07:45:00.000","FOLLOWING TOO CLOSELY","FOLLOWING TOO CLOSELY","4809","S","ASHLAND AVE","933",,,,,,,"2","NO INDICATION OF INJURY","0","0","0","0","0","2","0","7","3","2","41.8064675129","-87.6647660312","POINT (-87.66476603122 41.806467512931)"
"2c325a01f8168ff825bf88ac6492d4a7992c46842f07ff62d14c07f6f5ea97af80e92afd6e3323c2c51d81a8cba60050788b3ef2b0727feca0f34397972c249d",,"2026-02-24T07:12:00.000","30","TRAFFIC SIGNAL","FUNCTIONING PROPERLY","CLEAR","DAYLIGHT","REAR END","NOT DIVIDED",,"STRAIGHT AND LEVEL","DRY","NO DEFECTS","NOT ON SCENE (DESK REPORT)","NO INJURY / DRIVE AWAY",,,,"$501 - $1,500","2026-02-24T07:40:00.000","FOLLOWING TOO CLOSELY","FOLLOWING TOO CLOSELY","6798","N","SHERIDAN RD","2432",,,,,,,"2","NO INDICATION OF INJURY","0","0","0","0","0","2","0","7","3","2","42.0054787655","-87.6610566383","POINT (-87.661056638343 42.005478765536)"
"a6e161b288f5c590968c4bd1b031d88bfc7ec2ff426ada03898a05237a55010a3bd78566a241a693f5c89a072b48a59fb259485cb73ae4ec4e51d1556caabde4",,"2026-02-24T07:12:00.000","30","TRAFFIC SIGNAL","FUNCTIONING PROPERLY","CLEAR","DAYLIGHT","TURNING","FOUR WAY",,"STRAIGHT AND LEVEL","DRY","NO DEFECTS","ON SCENE","INJURY AND / OR TOW DUE TO CRASH","Y",,,"OVER $1,500","2026-02-24T07:36:00.000","IMPROPER TURNING/NO SIGNAL","IMPROPER TURNING/NO SIGNAL","5600","N","PULASKI RD","1711",,,,,,,"3","NO INDICATION OF INJURY","0","0","0","0","0","3","0","7","3","2","41.9829033459","-87.7285813391","POINT (-87.728581339088 41.982903345885)"
"0687ef816ec691c8a87b2a90f7277d40deeff78b7e8788b7cc5850a4939ac3be17b4806f379f1182f67f16db8ece9326ef1fe15af6b10b3474e41b2b3fba5048",,"2026-02-24T07:10:00.000","30","STOP SIGN/FLASHER","FUNCTIONING PROPERLY","CLEAR","DAYLIGHT","REAR END","FOUR WAY",,"STRAIGHT AND LEVEL","DRY","NO DEFECTS","NOT ON SCENE (DESK REPORT)","NO INJURY / DRIVE AWAY","Y",,"N","OVER $1,500","2026-02-24T07:50:00.000","UNABLE TO DETERMINE","UNABLE TO DETERMINE","3658","W","25TH ST","1013",,,,,,,"2","NO INDICATION OF INJURY","0","0","0","0","0","3","0","7","3","2","41.8463015314","-87.7172178762","POINT (-87.71721787616 41.846301531372)"
"93117b544fd1fb1069678ee45e91c1af38fb4d50f96f9e088135adf8502213d3e49ce56236ed8ccaa7f1fe7635b47dbc4192cbf7eee47fab3fd7f86fe3740ffa",,"2026-02-24T07:10:00.000","30","NO CONTROLS","NO CONTROLS","CLEAR","DAYLIGHT","ANGLE","OTHER",,"STRAIGHT AND LEVEL","UNKNOWN","UNKNOWN","NOT ON SCENE (DESK REPORT)","NO INJURY / DRIVE AWAY",,,,"OVER $1,500","2026-02-24T07:30:00.000","UNABLE TO DETERMINE","NOT APPLICABLE","625","W","MONTROSE DR","1915",,,,,,,"2","NO INDICATION OF INJURY","0","0","0","0","0","2","0","7","3","2","41.9618349707","-87.6465425577","POINT (-87.646542557661 41.961834970694)"
"ad9382bb6165e7aa8a9be98dc135866d7ba1f1df4525b32dd638a62b1d36a8b33bfb7fa5deda996411147f86356ff9c1a0bfca66a6d30771fd7289c6f8894e24",,"2026-02-24T07:10:00.000","35","UNKNOWN","UNKNOWN","CLEAR","DAYLIGHT","REAR END","UNKNOWN",,"STRAIGHT AND LEVEL","DRY","UNKNOWN","NOT ON SCENE (DESK REPORT)","NO INJURY / DRIVE AWAY",,,,"OVER $1,500","2026-02-25T09:00:00.000","UNABLE TO DETERMINE","UNABLE TO DETERMINE","4800","S","ASHLAND AVE","931",,,,,,,"2","NO INDICATION OF INJURY","0","0","0","0","0","2","0","7","3","2","41.8066890453","-87.6650650029","POINT (-87.665065002859 41.806689045263)"
"c5255f4b6b43838f5706c3508148135b620f629579aba50d26706fbd989502e2b0a5fc69d9a2dc92535151c3227ca44f3ea6d27ea7427c31ae4d994e698c87a8",,"2026-02-24T07:02:00.000","15","NO CONTROLS","NO CONTROLS","CLEAR","DAYLIGHT","SIDESWIPE SAME DIRECTION","NOT DIVIDED",,"STRAIGHT AND LEVEL","DRY","NO DEFECTS","ON SCENE","NO INJURY / DRIVE AWAY",,,,"OVER $1,500","2026-02-24T07:05:00.000","IMPROPER OVERTAKING/PASSING","NOT APPLICABLE","6001","N","DAMEN AVE","2413",,,,,,,"2","NO INDICATION OF INJURY","0","0","0","0","0","2","0","7","3","2","41.9907383505","-87.6796821933","POINT (-87.679682193274 41.990738350523)"
"c4f954c3c85f72c139bb29a35ad09f6dafd4c8afb5a140cd993535e6dfc842a226fef0f6efcba7cacfef7d8f302c932e47ead159ba63b3e303d23d1f5985c69a",,"2026-02-24T07:00:00.000","15","NO CONTROLS","NO CONTROLS","CLEAR","DAYLIGHT","PARKED MOTOR VEHICLE","NOT DIVIDED",,"STRAIGHT AND LEVEL","WET","UNKNOWN","NOT ON SCENE (DESK REPORT)","NO INJURY / DRIVE AWAY",,,"Y","OVER $1,500","2026-02-24T13:19:00.000","UNABLE TO DETERMINE","UNABLE TO DETERMINE","403","E","71ST ST","323",,,,,,,"2","NO INDICATION OF INJURY","0","0","0","0","0","1","0","7","3","2","41.7656049838","-87.6151139088","POINT (-87.615113908848 41.765604983842)"
"c72eca3124ae806be53a799cfc73cc5cde591aa5a775b0a3fd49f50f887a777fca4ce3345e729bf081024823b5ee173d56a5c7a454fa0aa32788db064f9aa5ee",,"2026-02-24T07:00:00.000","25","NO CONTROLS","NO CONTROLS","CLEAR","DAYLIGHT","PARKED MOTOR VEHICLE","NOT DIVIDED",,"STRAIGHT AND LEVEL","DRY","NO DEFECTS","NOT ON SCENE (DESK REPORT)","NO INJURY / DRIVE AWAY",,,"Y","OVER $1,500","2026-03-06T11:05:00.000","UNABLE TO DETERMINE","NOT APPLICABLE","320","S","LEAMINGTON AVE","1533",,,,,,,"2","NO INDICATION OF INJURY","0","0","0","0","0","1","0","7","3","2","41.8759519147","-87.7535366677","POINT (-87.753536667659 41.875951914737)"
"2dfa8543f42f69d9654df446dad164a75ae6b443a6ea267237954fd461a9636f7e3ecfaa593c57fe4410a875bd72101c4c3d4ed99ff98991184292bb8cdade96",,"2026-02-24T06:45:00.000","30","TRAFFIC SIGNAL","FUNCTIONING PROPERLY","CLEAR","DAYLIGHT","TURNING","NOT DIVIDED",,"STRAIGHT AND LEVEL","DRY","NO DEFECTS","ON SCENE","NO INJURY / DRIVE AWAY","Y",,,"$501 - $1,500","2026-02-24T06:50:00.000","IMPROPER TURNING/NO SIGNAL","UNABLE TO DETERMINE","2291","S","ARCHER AVE","914",,,,,,,"2","NO INDICATION OF INJURY","0","0","0","0","0","3","0","6","3","2","41.8510922237","-87.6382177054","POINT (-87.638217705357 41.851092223672)"
"bc3f34036fd195a40624de924c2c62add1f67f6c7ef59ac941ef0cb3cc65d61468c7dc57bb467043ee5819b008d98e1a453901ef0ee7e8d0d0c8250f6c4b8048",,"2026-02-24T06:45:00.000","15","NO CONTROLS","NO CONTROLS","CLEAR","DAYLIGHT","PARKED MOTOR VEHICLE","PARKING LOT",,"STRAIGHT AND LEVEL","DRY","NO DEFECTS","ON SCENE","NO INJURY / DRIVE AWAY",,,"Y","OVER $1,500","2026-02-24T07:05:00.000","IMPROPER BACKING","UNABLE TO DETERMINE","4547","N","DOVER ST","1913",,,,,,,"2","NO INDICATION OF INJURY","0","0","0","0","0","1","0","6","3","2","41.964874871","-87.6651920626","POINT (-87.6651920626 41.96487487101)"
"52d697d6a7cdcf31c7da89b4e5239925a59d604d5cd49826c1807256f3857eb8de1380da58b706f9a9357ed76869cf82c0c07ed9b55fa15d30b8a04b3a04c8b9",,"2026-02-24T06:40:00.000","30","TRAFFIC SIGNAL","FUNCTIONING PROPERLY","CLOUDY/OVERCAST","DAYLIGHT","SIDESWIPE SAME DIRECTION","DIVIDED - W/MEDIAN (NOT RAISED)",,"STRAIGHT AND LEVEL","DRY","UNKNOWN","NOT ON SCENE (DESK REPORT)","NO INJURY / DRIVE AWAY",,,,"OVER $1,500","2026-02-24T11:25:00.000","UNABLE TO DETERMINE","UNABLE TO DETERMINE","3201","S","KEDZIE AVE","1033",,,,,,,"2","NO INDICATION OF INJURY","0","0","0","0","0","2","0","6","3","2","41.8351823243","-87.7046150636","POINT (-87.704615063636 41.835182324274)"
"e2af5f17eca738e5fd1df3b8ffa4dfd018e378780ef79022b8f04372a3d20912b5b31be42df344c4afad460c6a516578ba4f0dbe33340f85dcb1389de5fcf797",,"2026-02-24T06:35:00.000","30","TRAFFIC SIGNAL","FUNCTIONING PROPERLY","CLEAR","DAYLIGHT","TURNING","NOT DIVIDED",,"STRAIGHT AND LEVEL","DRY","NO DEFECTS","ON SCENE","INJURY AND / OR TOW DUE TO CRASH","Y",,,"OVER $1,500","2026-02-24T06:55:00.000","FAILING TO YIELD RIGHT-OF-WAY","NOT APPLICABLE","2301","S","BLUE ISLAND AVE","1034",,,,,,,"2","NO INDICATION OF INJURY","0","0","0","0","0","2","0","6","3","2","41.8502657118","-87.6709359848","POINT (-87.670935984761 41.850265711775)"
"1b19e97422e99ec6a89dc1a09a78b421d51e2d2f1e9a5376b525e941d7cba0d2603b8f4617357788a3f8d14849c200d8ddb6b2a4d660bcef461a2258bf29d95f",,"2026-02-24T06:30:00.000","30","TRAFFIC SIGNAL","FUNCTIONING PROPERLY","CLEAR","DAYLIGHT","SIDESWIPE SAME DIRECTION","FOUR WAY",,"STRAIGHT AND LEVEL","DRY","NO DEFECTS","NOT ON SCENE (DESK REPORT)","NO INJURY / DRIVE AWAY","Y",,,"OVER $1,500","2026-02-24T07:20:00.000","UNABLE TO DETERMINE","UNABLE TO DETERMINE","10300","S","COTTAGE GROVE AVE","512",,,,,,,"2","NO INDICATION OF INJURY","0","0","0","0","0","2","0","6","3","2","41.7074051178","-87.6066722152","POINT (-87.606672215235 41.707405117831)"
"5274c55fdff2e363a27b84ea97c4e26f1bed21237fce7399f02a4e130181f8a9124d03301057044a322b44a3420067cd0645407a25bc46850003a5873be0ed4c",,"2026-02-24T06:30:00.000","30","NO CONTROLS","NO CONTROLS","CLEAR","DAYLIGHT","ANGLE","NOT DIVIDED",,"STRAIGHT AND LEVEL","DRY","NO DEFECTS","ON SCENE","INJURY AND / OR TOW DUE TO CRASH",,,,"OVER $1,500","2026-02-24T06:40:00.000","IMPROPER LANE USAGE","NOT APPLICABLE","6010","S","ARCHER AVE","811",,,,,,,"2","NO INDICATION OF INJURY","0","0","0","0","0","2","0","6","3","2","41.7951243715","-87.766952334","POINT (-87.766952333992 41.795124371458)"
"fba6b7ce0918a8f78f1e73b574685d195022a49ccf78d1a1999ad3e8db321295083c1b5eb488d7434da5cc3598b2d4d87e96dedd7323c3268569c899e1f50a11",,"2026-02-24T06:05:00.000","25","UNKNOWN","UNKNOWN","CLEAR","DAYLIGHT","TURNING","DIVIDED - W/MEDIAN (NOT RAISED)",,"STRAIGHT AND LEVEL","DRY","NO DEFECTS","NOT ON SCENE (DESK REPORT)","NO INJURY / DRIVE AWAY",,,,"OVER $1,500","2026-02-24T06:20:00.000","UNABLE TO DETERMINE","UNABLE TO DETERMINE","2200","W","NORTH AVE","1434",,,,,,,"2","NO INDICATION OF INJURY","0","0","0","0","0","2","0","6","3","2","41.9105025175","-87.6824097632","POINT (-87.682409763192 41.910502517499)"