"crash_record_id","crash_date_est_i","crash_date","posted_speed_limit","traffic_control_device","device_condition","weather_condition","lighting_condition","first_crash_type","trafficway_type","lane_cnt","alignment","roadway_surface_cond","road_defect","report_type","crash_type","intersection_related_i","private_property_i","hit_and_run_i","damage","date_police_notified","prim_contributory_cause","sec_contributory_cause","street_no","street_direction","street_name","beat_of_occurrence","photos_taken_i","statements_taken_i","dooring_i","work_zone_i","work_zone_type","workers_present_i","num_units","most_severe_injury","injuries_total","injuries_fatal","injuries_incapacitating","injuries_non_incapacitating","injuries_reported_not_evident","injuries_no_indication","injuries_unknown","crash_hour","crash_day_of_week","crash_month","latitude","longitude","location"
"05e022fd22251c943697bfe366e88303317109863d996c176a51718501834988217d43d007071fb18cd132f3bf174f247d12cf5b2c42bd35e1f0ec23c32db4b7",,"2026-02-24T05:46:00.000","30","UNKNOWN","UNKNOWN","CLEAR","DARKNESS","PARKED MOTOR VEHICLE","NOT DIVIDED",,"STRAIGHT AND LEVEL","DRY","UNKNOWN","NOT ON SCENE (DESK REPORT)","NO INJURY / DRIVE AWAY","Y",,"Y","OVER $1,500","2026-02-24T15:00:00.000","PHYSICAL CONDITION OF DRIVER","DRIVING SKILLS/KNOWLEDGE/EXPERIENCE","5600","S","DREXEL AVE","235",,,,,,,"2","NO INDICATION OF INJURY","0","0","0","0","0","2","0","5","3","2","41.7930914366","-87.6039304223","POINT (-87.603930422292 41.793091436609)"
"372f7e5ca3dd2ea0abbe7bb7d59407896e0d7f3ba52c15ff4d72f97f69c819ef86f904767e6b90cecaf47095fd0e55a97bd60303cee6afc0bac1b73d0f8c0afd",,"2026-02-24T05:36:00.000","30","NO CONTROLS","NO CONTROLS","UNKNOWN","DARKNESS, LIGHTED ROAD","REAR END","ONE-WAY",,"STRAIGHT AND LEVEL","UNKNOWN","UNKNOWN","NOT ON SCENE (DESK REPORT)","NO INJURY / DRIVE AWAY",,,,"OVER $1,500","2026-02-24T19:00:00.000","FAILING TO REDUCE SPEED TO AVOID CRASH","IMPROPER LANE USAGE","257","N","DEARBORN ST","111",,,,,,,"2","NO INDICATION OF INJURY","0","0","0","0","0","2","0","5","3","2","41.8871344054","-87.6293870516","POINT (-87.629387051571 41.887134405354)"
"54b3c238fa8cea1f7849d171f4a89a01789c8c48c9b9bb58bbad20d8e6ddabe996db87f74d08cb136b4855403597c7c8295d77375d70df6a46c59d546c549540",,"2026-02-24T05:30:00.000","30","NO CONTROLS","NO CONTROLS","CLEAR","DUSK","FIXED OBJECT","PARKING LOT",,"STRAIGHT AND LEVEL","DRY","NO DEFECTS","ON SCENE","NO INJURY / DRIVE AWAY",,"Y",,"OVER $1,500","2026-02-24T17:11:00.000","DRIVING SKILLS/KNOWLEDGE/EXPERIENCE","NOT APPLICABLE","1958","W","47TH ST","924",,,,,,,"1","NO INDICATION OF INJURY","0","0","0","0","0","1","0","5","3","2","41.8086204581","-87.6746280126","POINT (-87.674628012572 41.808620458069)"
"6332865da9a7ba3f410b41ef8d203700209401811dfe1e302f71bfb061b5ea82b5e64302fdbdea753cf49559a075764b1787031f8a6e8cf7360a518fb160c64a",,"2026-02-24T05:30:00.000","10","NO CONTROLS","NO CONTROLS","CLEAR","DAYLIGHT","PARKED MOTOR VEHICLE","PARKING LOT",,"STRAIGHT AND LEVEL","DRY","NO DEFECTS","NOT ON SCENE (DESK REPORT)","NO INJURY / DRIVE AWAY",,,"Y","$501 - $1,500","2026-02-24T11:30:00.000","UNABLE TO DETERMINE","NOT APPLICABLE","1001","E","99TH ST","511",,,,,,,"2","NO INDICATION OF INJURY","0","0","0","0","0","1","0","5","3","2","41.7147442659","-87.5993254852","POINT (-87.599325485161 41.714744265868)"
"702da16c5b760ed9958979bd6dba12a76512ee68945297246fe3d31c03608ee60b10fe84280de970d73d37afc2e82bd270449d62a544ce90fea3109a0db6c4f7",,"2026-02-24T05:15:00.000","30","TRAFFIC SIGNAL","FUNCTIONING PROPERLY","CLEAR","DARKNESS, LIGHTED ROAD","TURNING","DIVIDED - W/MEDIAN BARRIER",,"STRAIGHT AND LEVEL","DRY","NO DEFECTS",,"INJURY AND / OR TOW DUE TO CRASH","Y",,,"OVER $1,500","2026-02-24T05:18:00.000","DRIVING SKILLS/KNOWLEDGE/EXPERIENCE","NOT APPLICABLE","69","W","LOWER WACKER DR","111",,,,,,,"2","REPORTED, NOT EVIDENT","2","0","0","0","2","1","0","5","3","2","41.8866799592","-87.6305148653","POINT (-87.630514865271 41.88667995923)"
"d853a76a6d2a08b1e1fd91b2a8a9fd3d5c67acaefd5c17fbdac3fc7a824f851d9edfd69b8ce0ceb462418f86e98b255df8dd55c38a0c34cf3ac41da40c943dab",,"2026-02-24T04:43:00.000","30","TRAFFIC SIGNAL","FUNCTIONING PROPERLY","CLEAR","DARKNESS, LIGHTED ROAD","TURNING","FOUR WAY",,"STRAIGHT AND LEVEL","DRY","UNKNOWN","ON SCENE","INJURY AND / OR TOW DUE TO CRASH","Y",,,"OVER $1,500","2026-02-24T04:59:00.000","FAILING TO YIELD RIGHT-OF-WAY","NOT APPLICABLE","2759","W","51ST ST","923",,,,,,,"2","NO INDICATION OF INJURY","0","0","0","0","0","2","0","4","3","2","41.8008808673","-87.6939352732","POINT (-87.693935273179 41.800880867311)"
"e0bb2de4eccd3869be173acec5dfedd79259e0afd738af1f10c55ea082684ceba62ed42b1943acb2540ab7e8ef075c5eb737cae2b0dd6653d454f84724c64e9e",,"2026-02-24T04:33:00.000","30","NO CONTROLS","NO CONTROLS","CLEAR","DARKNESS, LIGHTED ROAD","PARKED MOTOR VEHICLE","NOT DIVIDED",,"STRAIGHT AND LEVEL","DRY","NO DEFECTS","ON SCENE","INJURY AND / OR TOW DUE TO CRASH",,,"Y","OVER $1,500","2026-02-24T04:34:00.000","UNABLE TO DETERMINE","UNABLE TO DETERMINE","937","N","AUSTIN BLVD","1511",,,,,,,"4","NO INDICATION OF INJURY","0","0","0","0","0","4","0","4","3","2","41.8975688637","-87.775081489","POINT (-87.775081489044 41.897568863744)"
"7fc33c2b9a22ffd2771ab3ae34fed114e8e01c4a4c28d802c9738b04085404a45344080dddc0e0e1517d6272d17eb1c73bce95293c667b76836d6d3c15edf98d",,"2026-02-24T03:47:00.000","15","NO CONTROLS","NO CONTROLS","UNKNOWN","UNKNOWN","PARKED MOTOR VEHICLE","PARKING LOT",,"STRAIGHT AND LEVEL","UNKNOWN","UNKNOWN","NOT ON SCENE (DESK REPORT)","NO INJURY / DRIVE AWAY",,,"Y","$500 OR LESS","2026-02-24T14:15:00.000","UNABLE TO DETERMINE","NOT APPLICABLE","7832","S","LOOMIS BLVD","612",,,,,,,"2","NO INDICATION OF INJURY","0","0","0","0","0","1","0","3","3","2","41.7512500326","-87.6587563436","POINT (-87.658756343579 41.751250032649)"
"78a294a1c6ee722964d07b8c324016358280a79deac5feedd5782ad07f4700db3eb41cb205d09a55bd77135d06d31c374855591b7d45a070aea4c37129c5ac8e",,"2026-02-24T03:40:00.000","30","NO CONTROLS","NO CONTROLS","UNKNOWN","DARKNESS, LIGHTED ROAD","PARKED MOTOR VEHICLE","NOT DIVIDED",,"STRAIGHT AND LEVEL","UNKNOWN","UNKNOWN","NOT ON SCENE (DESK REPORT)","NO INJURY / DRIVE AWAY",,,"Y","OVER $1,500","2026-02-27T17:00:00.000","IMPROPER OVERTAKING/PASSING","NOT APPLICABLE","1260","N","DEARBORN ST","1824",,,,,,,"2","NO INDICATION OF INJURY","0","0","0","0","0","1","0","3","3","2","41.9056511434","-87.6301837572","POINT (-87.630183757229 41.905651143415)"
"f315463b903bc7757f67d1dd024bef50562885167e20d0909e01abaa33beadbe149e168b2b2e546d7f2fa76403f2e4f98b38cff19b705ae26eb45716a4ea4f87",,"2026-02-24T02:04:00.000","5","NO CONTROLS","NO CONTROLS","CLEAR","DARKNESS, LIGHTED ROAD","FIXED OBJECT","OTHER",,"STRAIGHT AND LEVEL","DRY","NO DEFECTS","ON SCENE","NO INJURY / DRIVE AWAY",,"Y",,"$500 OR LESS","2026-02-24T02:05:00.000","UNABLE TO DETERMINE","NOT APPLICABLE","6256","S","SACRAMENTO AVE","823",,,,,,,"1","NO INDICATION OF INJURY","0","0","0","0","0","1","0","2","3","2","41.7791893226","-87.6984176766","POINT (-87.698417676629 41.779189322588)"
"2c8728e73cccfbc6435f28a68b29eade0fafc85e60ab599da3cbda70c3a6d8d3d4639291085a5516d17051dabdbc1591b1c2c0d7ca915f70283e31533a168e21",,"2026-02-24T01:40:00.000","30","UNKNOWN","UNKNOWN","CLEAR","DARKNESS, LIGHTED ROAD","PARKED MOTOR VEHICLE","NOT DIVIDED",,"STRAIGHT AND LEVEL","DRY","NO DEFECTS","NOT ON SCENE (DESK REPORT)","NO INJURY / DRIVE AWAY",,,,"$501 - $1,500","2026-02-24T02:00:00.000","DISTRACTION - FROM OUTSIDE VEHICLE","NOT APPLICABLE","2505","W","72ND ST","832",,,,,,,"2","NO INDICATION OF INJURY","0","0","0","0","0","1","0","1","3","2","41.7627195752","-87.6858795258","POINT (-87.685879525771 41.762719575191)"
"7371e20b8c65e7e280479caeff9306a0e699237847c0c670419bd8f218505dab204ca6927c05266a3037d75218bd5ed68eb32ed64ce6a1cf97eb820f5b2e6d16","Y","2026-02-24T01:39:00.000","30","NO CONTROLS","NO CONTROLS","CLEAR","DARKNESS, LIGHTED ROAD","PARKED MOTOR VEHICLE","NOT DIVIDED",,"STRAIGHT AND LEVEL","DRY","NO DEFECTS","ON SCENE","NO INJURY / DRIVE AWAY",,,,"OVER $1,500","2026-02-24T01:57:00.000","FAILING TO REDUCE SPEED TO AVOID CRASH","DRIVING ON WRONG SIDE/WRONG WAY","812","S","CARPENTER ST","1232",,,,,,,"2","NO INDICATION OF INJURY","0","0","0","0","0","1","0","1","3","2","41.8714567741","-87.6534072776","POINT (-87.653407277619 41.871456774099)"
"c48f6dc9182d685d4f358f5460fa35b9329a382a944ba9ceae0adbd1605dec778801f9a5367984c5f98c8f19d04f46df8cc1412a5a4a917c1813dd1c78ea22cb",,"2026-02-24T01:20:00.000","30","NO CONTROLS","NO CONTROLS","CLEAR","DARKNESS","TURNING","DIVIDED - W/MEDIAN (NOT RAISED)",,"STRAIGHT AND LEVEL","DRY","NO DEFECTS","NOT ON SCENE (DESK REPORT)","NO INJURY / DRIVE AWAY",,,"N","OVER $1,500","2026-02-25T17:30:00.000","FAILING TO YIELD RIGHT-OF-WAY","UNABLE TO DETERMINE","5950","N","WESTERN AVE","2011",,,,,,,"2","NO INDICATION OF INJURY","0","0","0","0","0","2","0","1","3","2","41.9901721612","-87.6898092712","POINT (-87.689809271203 41.990172161204)"
"80e960fb376f7fbbd20eefc37d44bef02d8f85391467e049e7ae8f32d76ed760a832f07db447a7bbc7adbd337b3610cd7155a29b21bfe9d122467345718103a4",,"2026-02-24T00:45:00.000","30","UNKNOWN","UNKNOWN","CLEAR","DARKNESS, LIGHTED ROAD","REAR END","UNKNOWN INTERSECTION TYPE",,"STRAIGHT AND LEVEL","DRY","UNKNOWN","ON SCENE","INJURY AND / OR TOW DUE TO CRASH",,,,"OVER $1,500","2026-02-24T00:52:00.000","UNDER THE INFLUENCE OF ALCOHOL/DRUGS (USE WHEN ARREST IS EFFECTED)","UNDER THE INFLUENCE OF ALCOHOL/DRUGS (USE WHEN ARREST IS EFFECTED)","601","S","WELLS ST","123",,,,,,,"2","REPORTED, NOT EVIDENT","1","0","0","0","1","1","0","0","3","2","41.8744246289","-87.633480636","POINT (-87.633480636015 41.874424628894)"
"d0ce409da2061950c66584ef4ae91929fe6803cb4d091ae4d52e286401d5c065f0bde1d10d34fcd17bd91aeea19ffac332dc2fe295cbe0fbdb1927c447decd9b","Y","2026-02-24T00:23:00.000","25","NO CONTROLS","NO CONTROLS","CLEAR","DARKNESS, LIGHTED ROAD","PARKED MOTOR VEHICLE","OTHER",,"STRAIGHT AND LEVEL","DRY","NO DEFECTS","ON SCENE","INJURY AND / OR TOW DUE TO CRASH",,,,"OVER $1,500","2026-02-24T00:53:00.000","UNABLE TO DETERMINE","NOT APPLICABLE","3105","W","25TH ST","1033",,,,,,,"2","NO INDICATION OF INJURY","0","0","0","0","0","1","0","0","3","2","41.846252513","-87.7028663654","POINT (-87.702866365429 41.846252512987)"
"1575ee125d27f26bf9690bf01e60e56077558125af6c78fa6693272f9078943a9ffc2f73fa2f96c8190d2c51bc15bcdbe5baa0ce2209dbdb248cc3153dbf1ae5","Y","2026-02-24T00:21:00.000","30","NO CONTROLS","OTHER","CLEAR","DARKNESS, LIGHTED ROAD","PARKED MOTOR VEHICLE","ONE-WAY",,"STRAIGHT AND LEVEL","DRY","NO DEFECTS","ON SCENE","INJURY AND / OR TOW DUE TO CRASH",,,,"OVER $1,500","2026-02-24T00:24:00.000","UNDER THE INFLUENCE OF ALCOHOL/DRUGS (USE WHEN ARREST IS EFFECTED)","HAD BEEN DRINKING (USE WHEN ARREST IS NOT MADE)","1023","N","AVERS AVE","1112",,,,,,,"2","NO INDICATION OF INJURY","0","0","0","0","0","1","0","0","3","2","41.8997691097","-87.7224051175","POINT (-87.722405117481 41.899769109688)"
"3f8a910ff202c712d9d333fa8bbc941f9d1cff91c4f1d7aea4bb6d72f50ff49980e6b35562aef44cf42fc1626e061d4508d694463e9dd6af23997ea9f5302e57","Y","2026-02-24T00:15:00.000","30","NO CONTROLS","NO CONTROLS","CLEAR","DARKNESS, LIGHTED ROAD","PARKED MOTOR VEHICLE","ONE-WAY",,"STRAIGHT AND LEVEL","DRY","NO DEFECTS","NOT ON SCENE (DESK REPORT)","NO INJURY / DRIVE AWAY",,,"Y","OVER $1,500","2026-02-24T01:10:00.000","UNABLE TO DETERMINE","UNABLE TO DETERMINE","6412","N","CLAREMONT AVE","2412",,,,,,,"2","NO INDICATION OF INJURY","0","0","0","0","0","1","0","0","3","2","41.9981772041","-87.6888232496","POINT (-87.688823249582 41.998177204078)"
"810c188e4342a50743f211c8d7770220c0308c2f38e6571313ba39964cc2c0f4e7d820e2db525971f83698b95c138dd10331d9187cdf182bf9698ded7f115c48",,"2026-02-24T00:15:00.000","30","NO CONTROLS","FUNCTIONING PROPERLY","CLEAR","DARKNESS, LIGHTED ROAD","PEDESTRIAN","DIVIDED - W/MEDIAN BARRIER",,"STRAIGHT AND LEVEL","DRY","NO DEFECTS","ON SCENE","INJURY AND / OR TOW DUE TO CRASH",,,,"$501 - $1,500","2026-02-24T00:16:00.000","UNABLE TO DETERMINE","NOT APPLICABLE","10640","S","HALSTED ST","2233","Y","Y",,,,,"2","NONINCAPACITATING INJURY","1","0","0","1","0","1","0","0","3","2","41.7002367932","-87.64277207","POINT (-87.642772070018 41.700236793238)"
"0ebf1ab074bac8c05ced47037b6cd3303f933e52f71791d1fdf06dbdd9143dbd67923d8636dbe4d0a0c7476676c5650acc96042e0dcf5efc0881d17247ee2cf6",,"2026-02-24T00:00:00.000","30","NO CONTROLS","NO CONTROLS","CLEAR","UNKNOWN","PARKED MOTOR VEHICLE","DIVIDED - W/MEDIAN (NOT RAISED)",,"STRAIGHT AND LEVEL","DRY","UNKNOWN","ON SCENE","NO INJURY / DRIVE AWAY",,,"Y","OVER $1,500","2026-02-24T15:48:00.000","UNABLE TO DETERMINE","UNABLE TO DETERMINE","3355","W","CERMAK RD","1024",,,,,,,"2","NO INDICATION OF INJURY","0","0","0","0","0","1","0","0","3","2","41.8515989842","-87.7098799132","POINT (-87.709879913187 41.851598984219)"
"9d79118ef4ab414212b874c3f4ec2d31b80916aec87f62f445091a6a8bd43f01b9a6e63e977f3e9a061b565b9446b9abce2240a6ebe4b6509fd7b54d4cefd582",,"2026-02-24T00:00:00.000","25","NO CONTROLS","NO CONTROLS","CLEAR","DARKNESS, LIGHTED ROAD","TURNING","T-INTERSECTION",,"STRAIGHT AND LEVEL","DRY","UNKNOWN","ON SCENE","NO INJURY / DRIVE AWAY",,,,"OVER $1,500","2026-02-24T00:01:00.000","UNABLE TO DETERMINE","UNABLE TO DETERMINE","5701","N","BROADWAY","2022",,,,,,,"2","NO INDICATION OF INJURY","0","0","0","0","0","2","0","0","3","2","41.9854791879","-87.6599788425","POINT (-87.659978842493 41.985479187915)"
"da85d9d36afeafcc7f8edddb9ffd3d162f40ef421fef1f85edcfa8d3693fe799daddbd4067fe2b1ea244f36d4fa7f49c92ebe7610df18541e5eb1e1baabdf071",,"2026-02-23T23:45:00.000","15","NO CONTROLS","NO CONTROLS","UNKNOWN","DARKNESS, LIGHTED ROAD","PARKED MOTOR VEHICLE","PARKING LOT",,"STRAIGHT AND LEVEL","UNKNOWN","UNKNOWN","NOT ON SCENE (DESK REPORT)","NO INJURY / DRIVE AWAY",,"Y",,"OVER $1,500","2026-02-24T17:25:00.000","FOLLOWING TOO CLOSELY","NOT APPLICABLE","112","W","87TH ST","622",,,,,,,"2","NO INDICATION OF INJURY","0","0","0","0","0","3","0","23","2","2","41.7363800456","-87.627509219","POINT (-87.627509219026 41.736380045588)"
"76041dabbdd60831b53b9db0934d2f64141f33ffb85368c561385c89ecf3e47c2d3f414cb7f2afcf4180967db3101ebd38dcf80ace0a3d69561c3cdabae8fa42",,"2026-02-23T23:00:00.000","30","TRAFFIC SIGNAL","FUNCTIONING PROPERLY","CLEAR","DARKNESS, LIGHTED ROAD","SIDESWIPE SAME DIRECTION","FOUR WAY",,"STRAIGHT AND LEVEL","DRY","NO DEFECTS","ON SCENE","NO INJURY / DRIVE AWAY","Y",,,"OVER $1,500","2026-02-23T23:03:00.000","FAILING TO YIELD RIGHT-OF-WAY","IMPROPER LANE USAGE","1940","W","PRATT BLVD","2424",,,,,,,"2","NO INDICATION OF INJURY","0","0","0","0","0","2","0","23","2","2","42.0053322009","-87.6795408684","POINT (-87.679540868429 42.005332200922)"
"96a422f4fd7e0465a04ef68aaa1a0abf521011a474e4038d514cd852beabe6c8243610adc2e359dcf71d9d989f18a539b0e2cdec9c7012dd828954a81b77b8d5",,"2026-02-23T22:35:00.000","15","NO CONTROLS","NO CONTROLS","CLEAR","DARKNESS, LIGHTED ROAD","ANGLE","T-INTERSECTION",,"STRAIGHT AND LEVEL","DRY","NO DEFECTS","ON SCENE","INJURY AND / OR TOW DUE TO CRASH",,,"Y","$501 - $1,500","2026-02-23T22:50:00.000","FAILING TO REDUCE SPEED TO AVOID CRASH","UNABLE TO DETERMINE","1210","N","CICERO AVE","2533",,,,,,,"2","INCAPACITATING INJURY","2","0","1","1","0","1","0","22","2","2","41.9027378134","-87.746131423","POINT (-87.746131422989 41.902737813425)"
"78cd1c8f60c31c0771249de7473b862cf5a36af0058fb37b27ef51454df2ffdc86123fa2bf1371413787fed26edb7c510112f12f58c5e0482a43630056cc7c4a",,"2026-02-23T22:34:00.000","30","NO CONTROLS","NO CONTROLS","CLEAR","DARKNESS","SIDESWIPE SAME DIRECTION","FOUR WAY",,"STRAIGHT AND LEVEL","DRY","NO DEFECTS","NOT ON SCENE (DESK REPORT)","NO INJURY / DRIVE AWAY","Y",,,"OVER $1,500","2026-02-23T23:04:00.000","NOT APPLICABLE","NOT APPLICABLE","749","S","CICERO AVE","1131",,,,,,,"2","NO INDICATION OF INJURY","0","0","0","0","0","2","0","22","2","2","41.8708260144","-87.7447676388","POINT (-87.744767638847 41.870826014449)"
"b3b30871e712ff45f720a1acd690abd5bf572b58bf229eba3138d0f30b0beb30f6de43decd3d17eddde1cf2ce6dbba1da5d38e3be16644f7fbd8ec884c6bff3d",,"2026-02-23T22:34:00.000","30","STOP SIGN/FLASHER","FUNCTIONING PROPERLY","CLEAR","DARKNESS, LIGHTED ROAD","PEDESTRIAN","FOUR WAY",,"STRAIGHT AND LEVEL","DRY","NO DEFECTS","ON SCENE","INJURY AND / OR TOW DUE TO CRASH","Y",,"Y","$500 OR LESS","2026-02-24T03:42:00.000","FAILING TO YIELD RIGHT-OF-WAY","UNABLE TO DETERMINE","1459","W","TAYLOR ST","1231",,,,,,,"2","NONINCAPACITATING INJURY","1","0","0","1","0","2","0","22","2","2","41.8691915957","-87.6640133427","POINT (-87.664013342653 41.869191595698)"
"069165e03bf9183601804c910b448dff60774b692104ab0869ae095a24994f504d00656473bac4be1dac79fb3df9b5ce97650f1eeb2ab9ef07c38b5e40c11428",,"2026-02-23T22:15:00.000","30","NO CONTROLS","NO CONTROLS","CLEAR","DARKNESS, LIGHTED ROAD","REAR END","NOT DIVIDED",,"STRAIGHT AND LEVEL","DRY","NO DEFECTS","ON SCENE","NO INJURY / DRIVE AWAY",,,"Y","$501 - $1,500","2026-02-23T22:25:00.000","FOLLOWING TOO CLOSELY","NOT APPLICABLE","1927","W","79TH ST","611",,,,,,,"2","NO INDICATION OF INJURY","0","0","0","0","0","3","0","22","2","2","41.7501372133","-87.6718578043","POINT (-87.671857804305 41.750137213268)"
"29a351c2562117333919ae3f649a055eb38089f91a48c83aa5cbacc1ec09f998392627a6635bc747e0930b11b5faa1541e45df5cd121c1fbd9f2919c04bea0c1",,"2026-02-23T22:09:00.000","30","NO CONTROLS","NO CONTROLS","CLEAR","DARKNESS, LIGHTED ROAD","FIXED OBJECT","ALLEY",,"STRAIGHT AND LEVEL","DRY","UNKNOWN","ON SCENE","NO INJURY / DRIVE AWAY",,"Y","Y","OVER $1,500","2026-02-23T22:15:00.000","IMPROPER BACKING","NOT APPLICABLE","3803","W","ROOSEVELT RD","1011",,"Y",,,,,"1","NO INDICATION OF INJURY","0","0","0","0","0","1","0","22","2","2","41.8661281298","-87.7202640083","POINT (-87.720264008274 41.866128129787)"
"fa4c7426c5fe94c1214a2200ea49078a63d8edfcecdd0927c7f569973968f8f520735d383f3544fbe0319199d6052c0fe678046a79e403a05d3ec0ce3afc3b07",,"2026-02-23T21:40:00.000","30","TRAFFIC SIGNAL","FUNCTIONING PROPERLY","CLEAR","DARKNESS, LIGHTED ROAD","ANGLE","FOUR WAY",,"STRAIGHT AND LEVEL","DRY","NO DEFECTS","ON SCENE","INJURY AND / OR TOW DUE TO CRASH","Y",,,"OVER $1,500","2026-02-23T21:49:00.000","UNDER THE INFLUENCE OF ALCOHOL/DRUGS (USE WHEN ARREST IS EFFECTED)","HAD BEEN DRINKING (USE WHEN ARREST IS NOT MADE)","6300","S","HALSTED ST","723",,,,,,,"2","REPORTED, NOT EVIDENT","1","0","0","0","1","2","0","21","2","2","41.7796575004","-87.6449309928","POINT (-87.644930992789 41.779657500363)"
"ecd3a92333d18b0366e12886be2f5a715618a7c4c37ccf613debb9b7a7127156ed7aa870004219f470c081ae79c6a9c57fec28408bb66e4a4abf69ec12daf0a7",,"2026-02-23T21:39:00.000","30","UNKNOWN","UNKNOWN","UNKNOWN","UNKNOWN","REAR TO SIDE","NOT DIVIDED",,"STRAIGHT AND LEVEL","UNKNOWN","UNKNOWN","NOT ON SCENE (DESK REPORT)","NO INJURY / DRIVE AWAY",,,,"OVER $1,500","2026-02-23T22:30:00.000","UNABLE TO DETERMINE","UNABLE TO DETERMINE","1804","S","ALLPORT ST","1233",,,,,,,"2","NO INDICATION OF INJURY","0","0","0","0","0","2","0","21","2","2","41.8577279994","-87.6577910818","POINT (-87.657791081762 41.857727999447)"
"6ea778cbb63100ce0256b5bdd99f1bd818616b7f7c095d12a7fd500b5d4dc633322e474f0dbe1f860fdb9f4f451c5e16be41b9d03a13e09842bbb99de0eb54e2",,"2026-02-23T21:20:00.000","25","NO CONTROLS","NO CONTROLS","CLEAR","DARKNESS, LIGHTED ROAD","PARKED MOTOR VEHICLE","ONE-WAY",,"STRAIGHT AND LEVEL","DRY","NO DEFECTS","ON SCENE","NO INJURY / DRIVE AWAY",,,"Y","$501 - $1,500","2026-02-23T22:56:00.000","IMPROPER TURNING/NO SIGNAL","OPERATING VEHICLE IN ERRATIC, RECKLESS, CARELESS, NEGLIGENT OR AGGRESSIVE MANNER","6315","S","CAMPBELL AVE","825",,,,,,,"2","NO INDICATION OF INJURY","0","0","0","0","0","2","0","21","2","2","41.7787400252","-87.6859275598","POINT (-87.685927559758 41.778740025217)"
"02fbb4e12e8ea382130d6a0ff2215fe3cc79a92f57155a3db45398188bc173b492f36f2d4ffdff54de514cd37e2ff190e882ea138c986812ccec0b3042925334",,"2026-02-23T21:16:00.000","10","NO CONTROLS","NO CONTROLS","CLEAR","DARKNESS, LIGHTED ROAD","FIXED OBJECT","PARKING LOT",,"STRAIGHT AND LEVEL","DRY","UNKNOWN","NOT ON SCENE (DESK REPORT)","NO INJURY / DRIVE AWAY",,,,"OVER $1,500","2026-02-23T21:44:00.000","UNABLE TO DETERMINE","UNABLE TO DETERMINE","1323","E","71ST ST","324",,,,,,,"1","NO INDICATION OF INJURY","0","0","0","0","0","1","0","21","2","2","41.7659013923","-87.5923518552","POINT (-87.592351855196 41.765901392341)"
"37451c62dec9bfb1aa29435929361d703efb4a122beff5e42e69781f9c326d49ec9a4225e1126cfa3f246e815ae5f20ccf7196cc34c6be6bdec0881811a3073d",,"2026-02-23T21:00:00.000","30","TRAFFIC SIGNAL","FUNCTIONING PROPERLY","CLEAR","DARKNESS, LIGHTED ROAD","REAR END","DIVIDED - W/MEDIAN (NOT RAISED)",,"STRAIGHT AND LEVEL","DRY","NO DEFECTS","NOT ON SCENE (DESK REPORT)","NO INJURY / DRIVE AWAY","Y",,,"OVER $1,500","2026-02-23T22:25:00.000","OPERATING VEHICLE IN ERRATIC, RECKLESS, CARELESS, NEGLIGENT OR AGGRESSIVE MANNER","UNABLE TO DETERMINE","414","S","KOSTNER AVE","1131",,,,,,,"2","NO INDICATION OF INJURY","0","0","0","0","0","2","0","21","2","2","41.8746146053","-87.735407855","POINT (-87.735407854998 41.874614605274)"
"d277804119c35d85378c7d12aab1dee449bec422b51f7ce30b29d7278ea6e55e2394d58d27fb1238c5ed52d36ad1800d2bc1e3c98176f8fc5a046bb6d9fa13a9",,"2026-02-23T21:00:00.000","30","NO CONTROLS","NO CONTROLS","CLEAR","DARKNESS, LIGHTED ROAD","SIDESWIPE SAME DIRECTION","DIVIDED - W/MEDIAN (NOT RAISED)",,"STRAIGHT AND LEVEL","DRY","UNKNOWN","NOT ON SCENE (DESK REPORT)","NO INJURY / DRIVE AWAY",,,"Y","OVER $1,500","2026-02-24T08:25:00.000","OPERATING VEHICLE IN ERRATIC, RECKLESS, CARELESS, NEGLIGENT OR AGGRESSIVE MANNER","UNABLE TO DETERMINE","4201","W","BELMONT AVE","2523",,,,,,,"2","NO INDICATION OF INJURY","0","0","0","0","0","2","0","21","2","2","41.9389056831","-87.7330419278","POINT (-87.733041927774 41.938905683103)"
"c7c8c6e7c359bb6c5c411b02b2d3828fa1ddb9710da95d7ab3c352b166dffaf0007dbb42e18ad43f45088685ba04b59eee41869076a8002c1781668bb02f3947",,"2026-02-23T20:57:00.000","30","STOP SIGN/FLASHER","FUNCTIONING PROPERLY","CLEAR","DARKNESS, LIGHTED ROAD","ANGLE","ONE-WAY",,"STRAIGHT AND LEVEL","DRY","NO DEFECTS","ON SCENE","INJURY AND / OR TOW DUE TO CRASH",,,"Y","OVER $1,500","2026-02-23T21:00:00.000","DISREGARDING STOP SIGN","OPERATING VEHICLE IN ERRATIC, RECKLESS, CARELESS, NEGLIGENT OR AGGRESSIVE MANNER","8000","S","CALUMET AVE","623",,,,,,,"2","NONINCAPACITATING INJURY","1","0","0","1","0","1","0","20","2","2","41.7491707876","-87.6166341219","POINT (-87.616634121926 41.749170787603)"
"ceddbb75a4f92960233f29124e1f4cf8e9c1cbddc237b97d69a8ea1ccede3eb49bd6bf460925885728bb0e171bd165628a43b9061809b2e37c729c5c159a680f",,"2026-02-23T20:52:00.000","30","NO CONTROLS","NO CONTROLS","CLEAR","DARKNESS","TURNING","NOT DIVIDED",,"STRAIGHT AND LEVEL","UNKNOWN","UNKNOWN","ON SCENE","INJURY AND / OR TOW DUE TO CRASH",,,,"OVER $1,500","2026-02-23T20:52:00.000","UNABLE TO DETERMINE","UNABLE TO DETERMINE","298","E","35TH ST","211",,,,,,,"2","REPORTED, NOT EVIDENT","1","0","0","0","1","1","0","20","2","2","41.8311913427","-87.6193964253","POINT (-87.619396425295 41.831191342692)"