"crash_record_id","crash_date_est_i","crash_date","posted_speed_limit","traffic_control_device","device_condition","weather_condition","lighting_condition","first_crash_type","trafficway_type","lane_cnt","alignment","roadway_surface_cond","road_defect","report_type","crash_type","intersection_related_i","private_property_i","hit_and_run_i","damage","date_police_notified","prim_contributory_cause","sec_contributory_cause","street_no","street_direction","street_name","beat_of_occurrence","photos_taken_i","statements_taken_i","dooring_i","work_zone_i","work_zone_type","workers_present_i","num_units","most_severe_injury","injuries_total","injuries_fatal","injuries_incapacitating","injuries_non_incapacitating","injuries_reported_not_evident","injuries_no_indication","injuries_unknown","crash_hour","crash_day_of_week","crash_month","latitude","longitude","location"
"064fd9273a5cf492ab2f03557bf317d5f5c4d0a35410ce16905d12784ed8dfeab36d71730039496caa552e13614952c6963e6d925ed10b0dec544338045491ef",,"2026-02-23T20:30:00.000","30","TRAFFIC SIGNAL","FUNCTIONING PROPERLY","CLEAR","DARKNESS, LIGHTED ROAD","TURNING","NOT DIVIDED",,"STRAIGHT AND LEVEL","DRY","NO DEFECTS",,"NO INJURY / DRIVE AWAY",,,"Y","OVER $1,500","2026-02-23T20:45:00.000","FAILING TO YIELD RIGHT-OF-WAY","IMPROPER TURNING/NO SIGNAL","13","W","95TH ST","511",,,,,,,"2","NO INDICATION OF INJURY","0","0","0","0","0","2","0","20","2","2","41.7215154513","-87.6245665936","POINT (-87.62456659362 41.721515451254)"
"5d176cb9a53619cf24768d9c39c986562c32cefe0373b8e1c2d20bbad1f39bbf040621eba02436e8ae164975094461ff3f13585655f575ac467b15928a6d4c75",,"2026-02-23T20:22:00.000","30","NO CONTROLS","NO CONTROLS","CLEAR","DARKNESS, LIGHTED ROAD","SIDESWIPE OPPOSITE DIRECTION","NOT DIVIDED",,"STRAIGHT AND LEVEL","DRY","NO DEFECTS","ON SCENE","INJURY AND / OR TOW DUE TO CRASH",,,"Y","OVER $1,500","2026-02-23T20:22:00.000","UNABLE TO DETERMINE","UNABLE TO DETERMINE","1024","N","PULASKI RD","1111",,,,,,,"2","NO INDICATION OF INJURY","0","0","0","0","0","2","0","20","2","2","41.8997888685","-87.7263656196","POINT (-87.726365619556 41.899788868494)"
"61c4eba969afafcbcce71093550df5110440e8e581aa978e27614c4e1f3ede5921a4abf4150a6dd60fbd1450c527b2da6eaa746a8739117e75aaf0adcd411b09",,"2026-02-23T20:22:00.000","30","STOP SIGN/FLASHER","FUNCTIONING PROPERLY","CLEAR","DARKNESS","TURNING","ONE-WAY",,"STRAIGHT AND LEVEL","DRY","NO DEFECTS","ON SCENE","INJURY AND / OR TOW DUE TO CRASH",,,"Y","OVER $1,500","2026-02-23T20:22:00.000","DRIVING ON WRONG SIDE/WRONG WAY","DRIVING ON WRONG SIDE/WRONG WAY","7300","S","MICHIGAN AVE","323",,,,,,,"2","REPORTED, NOT EVIDENT","2","0","0","0","2","1","0","20","2","2","41.7618439246","-87.6217567116","POINT (-87.621756711579 41.761843924617)"
"bec32ff75a995ef9527071948a13791055562eba0412b7b9c9d54dc6cf1d024343441482f45bcc152c54ac846d50dc0c1c2bab6f5b8a979a4b9ce3ea5fab5506",,"2026-02-23T20:18:00.000","30","NO CONTROLS","NO CONTROLS","CLEAR","DARKNESS, LIGHTED ROAD","SIDESWIPE OPPOSITE DIRECTION","NOT DIVIDED",,"STRAIGHT AND LEVEL","DRY","NO DEFECTS","ON SCENE","INJURY AND / OR TOW DUE TO CRASH",,,,"OVER $1,500","2026-02-23T20:30:00.000","UNABLE TO DETERMINE","NOT APPLICABLE","6220","W","LAWRENCE AVE","1622",,,,,,,"3","NO INDICATION OF INJURY","0","0","0","0","0","2","0","20","2","2","41.9676479049","-87.7827999399","POINT (-87.782799939863 41.967647904881)"
"6ca0345d2e1715d2f4c869eec7b40ed25187f9856419c738ed417d5a69ee25ba3e2724733e978adca86f653ee3736471f75638b72baa1cd8e75eb0ab0266d6cc","Y","2026-02-23T20:10:00.000","30","NO CONTROLS","NO CONTROLS","CLEAR","DARKNESS","ANGLE","ALLEY",,"STRAIGHT AND LEVEL","UNKNOWN","UNKNOWN","ON SCENE","INJURY AND / OR TOW DUE TO CRASH",,,,"OVER $1,500","2026-02-23T20:16:00.000","UNABLE TO DETERMINE","UNABLE TO DETERMINE","817","E","89TH ST","633",,,,,,,"2","NO INDICATION OF INJURY","0","0","0","0","0","3","0","20","2","2","41.7328999628","-87.6039658844","POINT (-87.603965884356 41.73289996275)"
"8ee7625925a3807d7f0e37fe1a24d10034c83b59c90fa744c1c0dfee4d5a79bb51ec80865d8651ede93588d31735f451a1ba6df6f91e943dbcd09e2275799414",,"2026-02-23T20:06:00.000","30","TRAFFIC SIGNAL","FUNCTIONING PROPERLY","CLEAR","DARKNESS, LIGHTED ROAD","ANGLE","NOT DIVIDED",,"STRAIGHT AND LEVEL","DRY","NO DEFECTS","ON SCENE","INJURY AND / OR TOW DUE TO CRASH","Y",,"Y","OVER $1,500","2026-02-23T20:14:00.000","FAILING TO YIELD RIGHT-OF-WAY","DRIVING SKILLS/KNOWLEDGE/EXPERIENCE","1598","W","51ST ST","933",,,,,,,"2","REPORTED, NOT EVIDENT","1","0","0","0","1","2","0","20","2","2","41.8014288886","-87.6647186033","POINT (-87.664718603332 41.8014288886)"
"a93d47bb4aacd5bfee4ee81f7a4773c2c2b7f2c9b467056f8143c0384660992d8257ab05ae500975636c5cccc13d8dc17fd9705200f75a73ed9c3d7bc8eb359d",,"2026-02-23T20:05:00.000","30","NO CONTROLS","NO CONTROLS","CLEAR","DUSK","REAR TO SIDE","NOT DIVIDED",,"STRAIGHT AND LEVEL","DRY","NO DEFECTS","NOT ON SCENE (DESK REPORT)","NO INJURY / DRIVE AWAY",,,"Y","$501 - $1,500","2026-02-23T20:05:00.000","IMPROPER LANE USAGE","UNABLE TO DETERMINE","712","E","87TH ST","632",,,,,,,"2","NO INDICATION OF INJURY","0","0","0","0","0","2","0","20","2","2","41.7367315482","-87.6067170277","POINT (-87.606717027714 41.736731548155)"
"18d80d82f6c2480eab0f5163201bdbf3f6902f0e402667aee06c1afaf38c1af791eb03297d7229947ad219f63c35f81a9f74a53798284e2b5ed50ba6dffcf2d4",,"2026-02-23T20:00:00.000","30","TRAFFIC SIGNAL","FUNCTIONING PROPERLY","CLEAR","DARKNESS, LIGHTED ROAD","SIDESWIPE SAME DIRECTION","FOUR WAY",,"STRAIGHT AND LEVEL","DRY","NO DEFECTS","NOT ON SCENE (DESK REPORT)","NO INJURY / DRIVE AWAY","Y",,,"OVER $1,500","2026-02-23T21:15:00.000","IMPROPER OVERTAKING/PASSING","IMPROPER OVERTAKING/PASSING","2","W","63RD ST","311",,,,,,,"2","NO INDICATION OF INJURY","0","0","0","0","0","5","0","20","2","2","41.7801676783","-87.6254297987","POINT (-87.625429798661 41.780167678293)"
"a9187a33b31a064899c73f5942dcdd0baeec94aefc3282b045c35f3434d2fc29cd2e7a2c46c6e9c1759e5183a0bad6c6bd57ac3b3da06205e9984e24eab96d48",,"2026-02-23T20:00:00.000","10","NO CONTROLS","NO CONTROLS","CLEAR","DARKNESS, LIGHTED ROAD","PARKED MOTOR VEHICLE","PARKING LOT",,"STRAIGHT AND LEVEL","DRY","NO DEFECTS","ON SCENE","NO INJURY / DRIVE AWAY",,,"Y","OVER $1,500","2026-02-23T20:02:00.000","DRIVING SKILLS/KNOWLEDGE/EXPERIENCE","UNABLE TO DETERMINE","10000","W","OHARE ST","1651",,,,,,,"2","NO INDICATION OF INJURY","0","0","0","0","0","1","0","20","2","2","41.976201139","-87.9053091251","POINT (-87.905309125103 41.976201139024)"
"3fe95fff445115967db68d8d6d3c8f581059461a0b8b8be262d3f918466cfd1f760a9e97902cde8f42b614733b3e5597f556325a647a3beb31544f23b8878d50",,"2026-02-23T19:38:00.000","30","NO CONTROLS","NO CONTROLS","CLEAR","DARKNESS","PARKED MOTOR VEHICLE","NOT DIVIDED",,"STRAIGHT AND LEVEL","DRY","NO DEFECTS","ON SCENE","INJURY AND / OR TOW DUE TO CRASH",,,,"OVER $1,500","2026-02-23T19:45:00.000","UNABLE TO DETERMINE","NOT APPLICABLE","1220","N","HAMLIN AVE","2535",,,,,,,"4","NO INDICATION OF INJURY","0","0","0","0","0","1","0","19","2","2","41.9034183081","-87.7216008025","POINT (-87.721600802499 41.903418308137)"
"2b6bd5a1928436bdaac717ba63120cac6bc58d5b081993560847f43d65e68baf2c6ac46be00a7dc1d5efdd4f8b103c1ab00708fc5d959ba550d33f2849bd7e12",,"2026-02-23T19:34:00.000","30","NO CONTROLS","NO CONTROLS","CLEAR","DARKNESS, LIGHTED ROAD","TURNING","ONE-WAY",,"STRAIGHT AND LEVEL","WET","UNKNOWN","ON SCENE","INJURY AND / OR TOW DUE TO CRASH",,,,"OVER $1,500","2026-02-23T20:29:00.000","IMPROPER LANE USAGE","IMPROPER LANE USAGE","4881","N","KILPATRICK AVE","1712",,,,,,,"2","NO INDICATION OF INJURY","0","0","0","0","0","3","0","19","2","2","41.9697986286","-87.7439747433","POINT (-87.743974743314 41.969798628613)"
"78bc9047000eae9808e3d750bb1056691fc2f05af1ba73854c4dc9ca455a111760c3f75fa49f067a9e27c86ae2371321ab4c2b562b96f25bca684b2098c11a09",,"2026-02-23T19:33:00.000","30","NO CONTROLS","NO CONTROLS","CLEAR","DARKNESS, LIGHTED ROAD","TURNING","DIVIDED - W/MEDIAN (NOT RAISED)",,"STRAIGHT AND LEVEL","DRY","NO DEFECTS","ON SCENE","INJURY AND / OR TOW DUE TO CRASH",,,,"OVER $1,500","2026-02-23T19:58:00.000","UNABLE TO DETERMINE","NOT APPLICABLE","4055","W","MADISON ST","1115",,,,,,,"2","NO INDICATION OF INJURY","0","0","0","0","0","2","0","19","2","2","41.8805893011","-87.7278421875","POINT (-87.727842187512 41.880589301075)"
"24daee3eda600cb0c877833408167be9070f711fbcbf3d106c549192f8dbe21f9bc468ee1b593de283bbc70325654187ea12ef23c16d94505cdb78f615e9aff4",,"2026-02-23T19:15:00.000","30","OTHER","NO CONTROLS","CLEAR","DARKNESS, LIGHTED ROAD","PARKED MOTOR VEHICLE","ONE-WAY",,"STRAIGHT AND LEVEL","DRY","UNKNOWN","NOT ON SCENE (DESK REPORT)","NO INJURY / DRIVE AWAY",,,"Y","OVER $1,500","2026-02-23T21:32:00.000","UNABLE TO DETERMINE","UNABLE TO DETERMINE","3017","W","ARGYLE ST","1713",,,,,,,"2","NO INDICATION OF INJURY","0","0","0","0","0","1","0","19","2","2","41.9720143948","-87.7043469841","POINT (-87.70434698414 41.972014394797)"
"ddd92c568b871a99a14cdcc5032c46047dc2bd27a7d04db6f118433630930715d522813a35996aca6eeff73033d9b528a0c57bc2efdbd920ccb84e28eac4cd12",,"2026-02-23T19:05:00.000","30","TRAFFIC SIGNAL","FUNCTIONING PROPERLY","CLEAR","DARKNESS, LIGHTED ROAD","PEDESTRIAN","FOUR WAY",,"STRAIGHT AND LEVEL","DRY","NO DEFECTS","NOT ON SCENE (DESK REPORT)","INJURY AND / OR TOW DUE TO CRASH","Y",,"Y","$500 OR LESS","2026-02-27T11:15:00.000","UNABLE TO DETERMINE","UNABLE TO DETERMINE","4801","N","PULASKI RD","1712",,,,,,,"2","NONINCAPACITATING INJURY","1","0","0","1","0","1","0","19","2","2","41.9682677087","-87.7278812305","POINT (-87.727881230535 41.968267708748)"
"00f12ef95b065cf85ec08b7f297769c4b7fd2ceed87d0398f839febec5e027f9c5e5b43096290d53ef3b11c8964e7d486762fddbd07fe51a51e580e8195493c1",,"2026-02-23T19:00:00.000","10","NO CONTROLS","NO CONTROLS","CLEAR","DARKNESS, LIGHTED ROAD","PARKED MOTOR VEHICLE","ONE-WAY",,"STRAIGHT AND LEVEL","UNKNOWN","UNKNOWN","NOT ON SCENE (DESK REPORT)","NO INJURY / DRIVE AWAY",,,"Y","$501 - $1,500","2026-02-24T11:45:00.000","UNABLE TO DETERMINE","UNABLE TO DETERMINE","10107","S","LUELLA AVE","431",,,,,,,"2","NO INDICATION OF INJURY","0","0","0","0","0","1","0","19","2","2","41.7114008912","-87.5680378006","POINT (-87.568037800628 41.711400891206)"
"243c537697445375a739c3f80d2d14cff5fff3ea70fffef7b8038c19715d08f686b073d841571b02ddb031c93d95cd1f2d16d64cd754b6fb02b874004110b1ea",,"2026-02-23T19:00:00.000","30","NO CONTROLS","NO CONTROLS","CLEAR","DARKNESS, LIGHTED ROAD","TURNING","T-INTERSECTION",,"STRAIGHT AND LEVEL","DRY","NO DEFECTS","ON SCENE","INJURY AND / OR TOW DUE TO CRASH","Y",,,"OVER $1,500","2026-02-23T19:20:00.000","FAILING TO YIELD RIGHT-OF-WAY","FAILING TO YIELD RIGHT-OF-WAY","5902","W","MONTROSE AVE","1622",,,,,,,"2","NO INDICATION OF INJURY","0","0","0","0","0","5","0","19","2","2","41.9604929471","-87.7747170639","POINT (-87.77471706386 41.960492947121)"
"426e81ad794f54bf452ccb56d422fb5043ee68721ee56435ba9939ba0419b461308350f6b15bc78f14eb8da8acd95df7b30a32c939374a046c2a8f03b70b7344",,"2026-02-23T19:00:00.000","30","TRAFFIC SIGNAL","FUNCTIONING PROPERLY","CLEAR","DARKNESS, LIGHTED ROAD","ANGLE","NOT DIVIDED",,"STRAIGHT AND LEVEL","UNKNOWN","UNKNOWN","NOT ON SCENE (DESK REPORT)","NO INJURY / DRIVE AWAY",,,,"OVER $1,500","2026-02-23T20:07:00.000","UNABLE TO DETERMINE","UNABLE TO DETERMINE","4801","N","CICERO AVE","1712",,,,,,,"2","NO INDICATION OF INJURY","0","0","0","0","0","2","0","19","2","2","41.9680071842","-87.7475633138","POINT (-87.747563313757 41.968007184196)"
"4aec9ffb80569b03dc81f1c1ec516c643ec2cdbbff518e6c6ef6148a91eeab2ff7e7a5461aadd200ebf53444e2fd429d3efd386e16d85103928ba93b089d5e12",,"2026-02-23T18:54:00.000","30","TRAFFIC SIGNAL","FUNCTIONING PROPERLY","CLEAR","DARKNESS, LIGHTED ROAD","REAR END","DIVIDED - W/MEDIAN (NOT RAISED)",,"STRAIGHT AND LEVEL","WET","UNKNOWN","ON SCENE","INJURY AND / OR TOW DUE TO CRASH",,,,"OVER $1,500","2026-02-23T18:57:00.000","FOLLOWING TOO CLOSELY","NOT APPLICABLE","3305","W","DEVON AVE","1711",,,,,,,"2","NO INDICATION OF INJURY","0","0","0","0","0","2","0","18","2","2","41.9972347096","-87.7119568072","POINT (-87.71195680716 41.997234709595)"
"2d76d9556176601da7bdd45f66f247d56e7c1724d6e17b9acf40ab41495c8d7e322651a76b513fd80202f89adbd69cef756960d2ac3c0fe97ebe202ad55f09c4",,"2026-02-23T18:40:00.000","30","NO CONTROLS","UNKNOWN","CLEAR","DARKNESS","TURNING","FOUR WAY",,"STRAIGHT AND LEVEL","UNKNOWN","UNKNOWN","NOT ON SCENE (DESK REPORT)","NO INJURY / DRIVE AWAY",,,,"OVER $1,500","2026-02-23T19:40:00.000","UNABLE TO DETERMINE","UNABLE TO DETERMINE","5200","W","VAN BUREN ST","1522",,,,,,,"2","NO INDICATION OF INJURY","0","0","0","0","0","2","0","18","2","2","41.8749556821","-87.7549931453","POINT (-87.754993145301 41.874955682065)"
"b1199cf1365f7c2e1859990f15ccc520abc9b1b6f7ac64fccde29fd31610982eadd1816aac6327c37e6f42639fce8a276b15f3f7c1e711c3af619b7bbdbf124f",,"2026-02-23T18:40:00.000","30","NO CONTROLS","NO CONTROLS","CLEAR","DARKNESS, LIGHTED ROAD","PARKED MOTOR VEHICLE","NOT DIVIDED",,"STRAIGHT AND LEVEL","WET","NO DEFECTS","NOT ON SCENE (DESK REPORT)","NO INJURY / DRIVE AWAY",,,,"OVER $1,500","2026-02-23T19:45:00.000","DRIVING SKILLS/KNOWLEDGE/EXPERIENCE","NOT APPLICABLE","1223","W","FULLERTON AVE","1811",,,,,,,"2","NO INDICATION OF INJURY","0","0","0","0","0","2","0","18","2","2","41.9251687507","-87.6593696886","POINT (-87.659369688607 41.925168750685)"
"9704e37913b684fc85d329c43a9e90a2b9c3df2b126571d99673638f59d682cfc6862335cb01b6a90b2a1a26fa9bc3bfd2ac2f80451c2fc14411bbeabc5777b5",,"2026-02-23T18:38:00.000","25","STOP SIGN/FLASHER","FUNCTIONING PROPERLY","CLEAR","DARKNESS, LIGHTED ROAD","HEAD ON","DIVIDED - W/MEDIAN (NOT RAISED)",,"STRAIGHT AND LEVEL","DRY","NO DEFECTS","ON SCENE","NO INJURY / DRIVE AWAY","Y",,,"$501 - $1,500","2026-02-23T18:38:00.000","DRIVING ON WRONG SIDE/WRONG WAY","UNABLE TO DETERMINE","2103","W","PRATT BLVD","2412",,,,,,,"2","NO INDICATION OF INJURY","0","0","0","0","0","4","0","18","2","2","42.0050291729","-87.6839914723","POINT (-87.683991472339 42.005029172891)"
"4926f4c77b10eaeff2639faae5fe584f4379748cdf65887d331e21757f1f4b21aaa4b02a8dedf39f7618e318093236a7232d43f193cc1830c1b909c83d759b67",,"2026-02-23T18:35:00.000","30","TRAFFIC SIGNAL","FUNCTIONING PROPERLY","CLEAR","DARKNESS, LIGHTED ROAD","REAR END","NOT DIVIDED",,"STRAIGHT AND LEVEL","DRY","NO DEFECTS","ON SCENE","INJURY AND / OR TOW DUE TO CRASH",,,,"OVER $1,500","2026-02-23T18:51:00.000","FOLLOWING TOO CLOSELY","NOT APPLICABLE","3930","W","BELMONT AVE","1732",,,,,,,"2","REPORTED, NOT EVIDENT","1","0","0","0","1","2","0","18","2","2","41.9392271239","-87.7253462414","POINT (-87.725346241447 41.939227123945)"
"416c3f197994a72e5fea5549d89f1dbfe01acca82521cb55cf6609100ac2675c5d620a46003ce54c3f34262bd577e973f6a03cc757b02fc045223fe80047cc8f",,"2026-02-23T18:30:00.000","30","STOP SIGN/FLASHER","FUNCTIONING PROPERLY","CLEAR","DARKNESS, LIGHTED ROAD","ANGLE","FOUR WAY",,"STRAIGHT AND LEVEL","DRY","NO DEFECTS","NOT ON SCENE (DESK REPORT)","NO INJURY / DRIVE AWAY","Y",,,"OVER $1,500","2026-02-23T19:15:00.000","FAILING TO YIELD RIGHT-OF-WAY","FAILING TO REDUCE SPEED TO AVOID CRASH","3000","N","OAK PARK AVE","2511",,,,,,,"2","NO INDICATION OF INJURY","0","0","0","0","0","3","0","18","2","2","41.9346150619","-87.7957309881","POINT (-87.795730988133 41.934615061891)"
"4a095c61119db87d0856ee252469e3247b8ef94308ff0704f7abb93d1b32d6e184e6eff38ac9a02e9961fdef1ff6bdfeacc8e67519902ee6d7df92db36f63bfa",,"2026-02-23T18:20:00.000","30","TRAFFIC SIGNAL","FUNCTIONING PROPERLY","CLEAR","DARKNESS, LIGHTED ROAD","FIXED OBJECT","NOT DIVIDED",,"STRAIGHT AND LEVEL","DRY","UNKNOWN","ON SCENE","INJURY AND / OR TOW DUE TO CRASH","Y",,,"OVER $1,500","2026-02-23T18:25:00.000","DRIVING SKILLS/KNOWLEDGE/EXPERIENCE","DRIVING SKILLS/KNOWLEDGE/EXPERIENCE","4800","W","LAWRENCE AVE","1623",,,,,,,"1","NO INDICATION OF INJURY","0","0","0","0","0","1","0","18","2","2","41.9681329619","-87.7480531882","POINT (-87.748053188199 41.96813296193)"
"1102ced6dfda3d3b62008128fe3f1ad1c6af5243732b1221f852b18e5973b98af142ba34cd1a6f185e08e389eb9722f08ee892542c3d1335b04ab479b019d7c0",,"2026-02-23T18:15:00.000","30","STOP SIGN/FLASHER","FUNCTIONING PROPERLY","CLEAR","DARKNESS, LIGHTED ROAD","ANGLE","FOUR WAY",,"STRAIGHT AND LEVEL","DRY","NO DEFECTS","NOT ON SCENE (DESK REPORT)","NO INJURY / DRIVE AWAY","Y",,,"OVER $1,500","2026-02-23T18:30:00.000","FAILING TO YIELD RIGHT-OF-WAY","FAILING TO REDUCE SPEED TO AVOID CRASH","6932","W","ALTGELD ST","2512",,,,,,,"2","NO INDICATION OF INJURY","0","0","0","0","0","2","0","18","2","2","41.9254944675","-87.799134456","POINT (-87.799134456038 41.925494467518)"
"9e7bd5155dd4c6c43e85164e42bb7d3133dde23348b4485e993f51710f5705e83fc11d3061263d166b7dbb274bc8cb63b838894f1aadf947c9c1a5c4256a63aa",,"2026-02-23T18:15:00.000","30","TRAFFIC SIGNAL","FUNCTIONING PROPERLY","CLEAR","DARKNESS, LIGHTED ROAD","ANGLE","DIVIDED - W/MEDIAN (NOT RAISED)",,"STRAIGHT AND LEVEL","DRY","NO DEFECTS","NOT ON SCENE (DESK REPORT)","NO INJURY / DRIVE AWAY","Y",,,"OVER $1,500","2026-02-23T19:30:00.000","UNABLE TO DETERMINE","NOT APPLICABLE","3333","N","KIMBALL AVE","1733",,,,,,,"2","NO INDICATION OF INJURY","0","0","0","0","0","2","0","18","2","2","41.9421535856","-87.7124460176","POINT (-87.712446017587 41.942153585613)"
"1e9fff403853560ecc94eaa0d0b676c7167b46a4b78f606c63e0040088d88fa89e458d74e61c6cbca77d9329ec49ec39a69955b1068687512822f6465349c371",,"2026-02-23T18:00:00.000","30","NO CONTROLS","NO CONTROLS","CLEAR","DARKNESS, LIGHTED ROAD","PARKED MOTOR VEHICLE","DRIVEWAY",,"STRAIGHT AND LEVEL","DRY","NO DEFECTS","NOT ON SCENE (DESK REPORT)","NO INJURY / DRIVE AWAY",,"Y",,"OVER $1,500","2026-02-24T17:00:00.000","UNABLE TO DETERMINE","UNABLE TO DETERMINE","8558","S","MARQUETTE AVE","423",,,,,,,"2","NO INDICATION OF INJURY","0","0","0","0","0","1","0","18","2","2","41.7391954196","-87.5588976255","POINT (-87.55889762554 41.739195419636)"
"3ba8332faa62d7e9c3d13ff038437a42ad80e0c4ea7a2611ee32ff888032295dc2e55055ea2bd25c0d39631e282676e107e97bd983dcd2bd8c313c81d0e13754",,"2026-02-23T18:00:00.000","30","NO CONTROLS","NO CONTROLS","CLEAR","DARKNESS","PARKED MOTOR VEHICLE","OTHER",,"STRAIGHT AND LEVEL","UNKNOWN","UNKNOWN","ON SCENE","NO INJURY / DRIVE AWAY",,,,"OVER $1,500","2026-02-23T18:00:00.000","UNABLE TO DETERMINE","UNABLE TO DETERMINE","8243","S","ASHLAND AVE","614",,,,,,,"2","NO INDICATION OF INJURY","0","0","0","0","0","1","0","18","2","2","41.7436213921","-87.663119982","POINT (-87.663119982017 41.743621392067)"
"43089b0841f5f1c1e48af903dcb16b6fd700812f1bea4c3c3b195a29b8abc84b8a9b2c95d622a3c1350c534531bfab3a3e48fb1f1adf60666d28777689d3ec54","Y","2026-02-23T18:00:00.000","10","NO CONTROLS","NO CONTROLS","CLEAR","DARKNESS, LIGHTED ROAD","PARKED MOTOR VEHICLE","PARKING LOT",,"STRAIGHT AND LEVEL","DRY","NO DEFECTS","ON SCENE","NO INJURY / DRIVE AWAY",,,"Y","$501 - $1,500","2026-02-23T18:53:00.000","UNABLE TO DETERMINE","NOT APPLICABLE","1616","E","56TH ST","235",,,,,,,"2","NO INDICATION OF INJURY","0","0","0","0","0","1","0","18","2","2","41.7935062703","-87.5857557812","POINT (-87.585755781205 41.793506270328)"
"4c388f787e8a6f5abd20275d351cf8f6a93f6bf6fb9f2ed8cf4304bae6e460872f3bafeea393392f566c09136ca41d9af327c716b5beb5eabb90fba9f4f2b2f8",,"2026-02-23T18:00:00.000","30","UNKNOWN","UNKNOWN","UNKNOWN","UNKNOWN","PEDALCYCLIST","NOT DIVIDED",,"STRAIGHT AND LEVEL","UNKNOWN","UNKNOWN","NOT ON SCENE (DESK REPORT)","NO INJURY / DRIVE AWAY",,,,"$500 OR LESS","2026-02-24T16:00:00.000","DRIVING SKILLS/KNOWLEDGE/EXPERIENCE","UNABLE TO DETERMINE","2156","W","POTOMAC AVE","1424",,,,,,,"2","NO INDICATION OF INJURY","0","0","0","0","0","2","0","18","2","2","41.9050306999","-87.6819954731","POINT (-87.681995473131 41.905030699864)"
"5dc76558d9e0cef902f10cda0edbb1694a9da04471a7802b636905049d91db75fb7652d168dddb944c8f528510e0cf422aff9c4e2c45c016f2b7c855a8cb615d",,"2026-02-23T18:00:00.000","30","STOP SIGN/FLASHER","NO CONTROLS","CLEAR","DAYLIGHT","TURNING","T-INTERSECTION",,"STRAIGHT AND LEVEL","DRY","NO DEFECTS","NOT ON SCENE (DESK REPORT)","NO INJURY / DRIVE AWAY","Y",,,"OVER $1,500","2026-02-23T18:55:00.000","IMPROPER TURNING/NO SIGNAL","EQUIPMENT - VEHICLE CONDITION","10808","S","DOTY AVE E","513",,,,,,,"2","NO INDICATION OF INJURY","0","0","0","0","0","2","0","18","2","2","41.6979194919","-87.5948337706","POINT (-87.594833770648 41.697919491852)"
"b1314d7a37546f7b5b7ec18e24843bbcd2b65911b702cf2abf5e4abf71ea582738092039e48913dfdb3da38f2f8109a3a3bc561fd90a258cb297f69b919df512",,"2026-02-23T17:47:00.000","10","NO CONTROLS","NO CONTROLS","CLEAR","DARKNESS, LIGHTED ROAD","FIXED OBJECT","PARKING LOT",,"STRAIGHT AND LEVEL","DRY","NO DEFECTS","ON SCENE","NO INJURY / DRIVE AWAY",,"Y",,"OVER $1,500","2026-02-23T17:47:00.000","EQUIPMENT - VEHICLE CONDITION","EQUIPMENT - VEHICLE CONDITION","4520","S","CICERO AVE","814",,,,,,,"1","NO INDICATION OF INJURY","0","0","0","0","0","1","0","17","2","2","41.8106128709","-87.7433820571","POINT (-87.743382057067 41.810612870948)"
"6c5cd9281efc7703bfa55c328624422afa4e61258450a849b947afc606d936c1a9112b9b4811b3986ae4673c3715baff0aa742805ca5dc661dca2d788c34a096",,"2026-02-23T17:35:00.000","30","NO CONTROLS","NO CONTROLS","CLEAR","DAWN","REAR END","OTHER",,"STRAIGHT AND LEVEL","DRY","NO DEFECTS","ON SCENE","NO INJURY / DRIVE AWAY",,,,"OVER $1,500","2026-02-23T17:45:00.000","DISTRACTION - FROM INSIDE VEHICLE","NOT APPLICABLE","3000","W","41ST PL","921",,,,,,,"2","NO INDICATION OF INJURY","0","0","0","0","0","3","0","17","2","2","41.8182844947","-87.6995740218","POINT (-87.699574021845 41.818284494737)"
"0af93e20734a6892d0f1c7479e678c37785e4d8e3bd37a7ff6ec1d830c8f3885a0f2055833b1ade1615287efda59fdd65a46eee200f8848b7be5a54985ecd59a",,"2026-02-23T17:30:00.000","30","NO CONTROLS","NO CONTROLS","CLEAR","DARKNESS, LIGHTED ROAD","PARKED MOTOR VEHICLE","NOT DIVIDED",,"STRAIGHT AND LEVEL","DRY","UNKNOWN","ON SCENE","NO INJURY / DRIVE AWAY",,,,"OVER $1,500","2026-02-23T17:35:00.000","IMPROPER OVERTAKING/PASSING","NOT APPLICABLE","5415","W","GALE ST","1623",,,,,,,"2","NO INDICATION OF INJURY","0","0","0","0","0","1","0","17","2","2","41.97027873","-87.763599935","POINT (-87.763599934997 41.970278729968)"
"18be5c2546dc2d1f268acc21fd7fff059e477d2644b35d85fc3ebce0e7af57e987b3bb91e6e1e322d21235b3bcaa9c50a9adb9603b018d3b85279fd148c5ee0d",,"2026-02-23T17:20:00.000","30","NO CONTROLS","NO CONTROLS","CLEAR","DAYLIGHT","ANGLE","FOUR WAY",,"STRAIGHT AND LEVEL","DRY","NO DEFECTS","ON SCENE","INJURY AND / OR TOW DUE TO CRASH","Y",,,"OVER $1,500","2026-02-23T17:20:00.000","FAILING TO YIELD RIGHT-OF-WAY","NOT APPLICABLE","3932","S","CALIFORNIA AVE","921",,,,,,,"2","NONINCAPACITATING INJURY","1","0","0","1","0","1","0","17","2","2","41.8217996944","-87.6947737334","POINT (-87.694773733386 41.821799694429)"