"crash_record_id","crash_date_est_i","crash_date","posted_speed_limit","traffic_control_device","device_condition","weather_condition","lighting_condition","first_crash_type","trafficway_type","lane_cnt","alignment","roadway_surface_cond","road_defect","report_type","crash_type","intersection_related_i","private_property_i","hit_and_run_i","damage","date_police_notified","prim_contributory_cause","sec_contributory_cause","street_no","street_direction","street_name","beat_of_occurrence","photos_taken_i","statements_taken_i","dooring_i","work_zone_i","work_zone_type","workers_present_i","num_units","most_severe_injury","injuries_total","injuries_fatal","injuries_incapacitating","injuries_non_incapacitating","injuries_reported_not_evident","injuries_no_indication","injuries_unknown","crash_hour","crash_day_of_week","crash_month","latitude","longitude","location"
"33b2307974b26026d567bcf216ddad3ba9be1250f9474cea89620c8b05962d8515676a24641ad4108ffc3fea783ff02c6414c363100ca4d4084358c3e1f109a4",,"2026-02-23T17:20:00.000","30","TRAFFIC SIGNAL","FUNCTIONING PROPERLY","CLEAR","DAYLIGHT","PARKED MOTOR VEHICLE","NOT DIVIDED",,"STRAIGHT AND LEVEL","DRY","NO DEFECTS","ON SCENE","INJURY AND / OR TOW DUE TO CRASH",,,,"OVER $1,500","2026-02-23T17:20:00.000","UNABLE TO DETERMINE","NOT APPLICABLE","810","W","35TH ST","913",,,,,,,"2","NO INDICATION OF INJURY","0","0","0","0","0","1","0","17","2","2","41.8308541952","-87.6465701999","POINT (-87.646570199852 41.830854195206)"
"bd796fa86388cb34cc00f357e970eb6a7902c0a13c0ef7d5d749113c8ec5826c36d320aaa4ab8cbb8cecb4ffdca2d95b8f14ea53dc6e59fb37f9166c566e7d2e",,"2026-02-23T17:07:00.000","30","TRAFFIC SIGNAL","FUNCTIONING PROPERLY","CLEAR","DAYLIGHT","TURNING","NOT DIVIDED",,"STRAIGHT AND LEVEL","DRY","NO DEFECTS","ON SCENE","NO INJURY / DRIVE AWAY",,,"Y","$501 - $1,500","2026-02-23T17:09:00.000","DRIVING SKILLS/KNOWLEDGE/EXPERIENCE","NOT APPLICABLE","2600","S","KEDZIE AVE","1032",,,,,,,"2","NO INDICATION OF INJURY","0","0","0","0","0","4","0","17","2","2","41.8444248308","-87.7051854523","POINT (-87.705185452332 41.844424830844)"
"dc2e0f7a3b1aecadbbf9792978ecf079e0bd9eb1f42ac3aee1722b179159644e2b77eef2bceacbea5226a2f0461516e447388a47ac8f36f49035fc1ab93ddc48",,"2026-02-23T17:06:00.000","30","NO CONTROLS","NO CONTROLS","CLEAR","DAYLIGHT","SIDESWIPE SAME DIRECTION","PARKING LOT",,"STRAIGHT AND LEVEL","DRY","NO DEFECTS","NOT ON SCENE (DESK REPORT)","NO INJURY / DRIVE AWAY",,,,"OVER $1,500","2026-02-23T17:44:00.000","IMPROPER BACKING","NOT APPLICABLE","6559","W","ARCHER AVE","811",,,,,,,"2","NO INDICATION OF INJURY","0","0","0","0","0","2","0","17","2","2","41.7921411188","-87.7866263623","POINT (-87.786626362305 41.792141118758)"
"036b5388cffe008a5128a31094193ef87057c19770abecae0a6cb2dff30331f37005e2e409a4ff4083628a82a657c3b48e2e1736309b2f424ef0056dc7937d39",,"2026-02-23T17:04:00.000","30","STOP SIGN/FLASHER","FUNCTIONING PROPERLY","CLEAR","DAYLIGHT","ANGLE","DIVIDED - W/MEDIAN (NOT RAISED)",,"STRAIGHT AND LEVEL","DRY","NO DEFECTS","ON SCENE","INJURY AND / OR TOW DUE TO CRASH","Y",,,"OVER $1,500","2026-02-23T17:04:00.000","FAILING TO YIELD RIGHT-OF-WAY","FAILING TO REDUCE SPEED TO AVOID CRASH","2659","W","55TH ST","824",,,,,,,"2","REPORTED, NOT EVIDENT","1","0","0","0","1","1","0","17","2","2","41.7936275375","-87.6912970311","POINT (-87.691297031146 41.793627537517)"
"d5fd8466b2d891e6faa775df316a9f91c411a86cb83a26f084ee736c8978db44f31b125fde5fff3986ddc1bb4f87e0b3d8ff8cdfa6712045644f6091a9f9f56b",,"2026-02-23T17:01:00.000","30","TRAFFIC SIGNAL","FUNCTIONING PROPERLY","CLEAR","DAYLIGHT","REAR END","FOUR WAY",,"STRAIGHT AND LEVEL","DRY","NO DEFECTS","ON SCENE","NO INJURY / DRIVE AWAY","Y",,,"$500 OR LESS","2026-02-23T17:05:00.000","FOLLOWING TOO CLOSELY","NOT APPLICABLE","135","W","GARFIELD BLVD","225",,,,,,,"2","NO INDICATION OF INJURY","0","0","0","0","0","5","0","17","2","2","41.7941153727","-87.629254382","POINT (-87.629254382008 41.79411537272)"
"065143c4a46da8263142d8a57fe7609d9608e038f8ff938c36ced2712f1450bc7aaaed9f63f0ea11f222eff1e8b04ee6f7c2e4f888e85a333ca0d78d3a6f5907",,"2026-02-23T17:00:00.000","25","TRAFFIC SIGNAL","FUNCTIONING PROPERLY","CLEAR","DAWN","TURNING","FOUR WAY",,"STRAIGHT AND LEVEL","DRY","NO DEFECTS","NOT ON SCENE (DESK REPORT)","NO INJURY / DRIVE AWAY","Y",,,"OVER $1,500","2026-02-23T20:00:00.000","FAILING TO YIELD RIGHT-OF-WAY","NOT APPLICABLE","6659","S","WENTWORTH AVE","722",,,,,,,"2","NO INDICATION OF INJURY","0","0","0","0","0","2","0","17","2","2","41.7728093181","-87.6298197873","POINT (-87.629819787263 41.772809318114)"
"6ec595cbf244c0436137055f33a44aaebd8e9e5de6821d63ffdaed6dcc8e909a69d29c49d821e472a7ecca5ae9f000332e9d045ee24c39ac6c526734a419bc61",,"2026-02-23T17:00:00.000","30","NO CONTROLS","NO CONTROLS","CLEAR","DAYLIGHT","SIDESWIPE SAME DIRECTION","NOT DIVIDED",,"STRAIGHT AND LEVEL","DRY","UNKNOWN","NOT ON SCENE (DESK REPORT)","NO INJURY / DRIVE AWAY",,,,"OVER $1,500","2026-02-23T18:15:00.000","UNABLE TO DETERMINE","NOT APPLICABLE","5353","W","NORTH AVE","2532",,,,,,,"2","NO INDICATION OF INJURY","0","0","0","0","0","2","0","17","2","2","41.9093350544","-87.7600770948","POINT (-87.760077094808 41.909335054361)"
"f940b347e52726afc0f94776169d3c6b18589c09f7748cbfb723bf4212b9d9d72bdecdd2ae85bc559ec59602f6ac17292040e1fe3947c358c7dee841b8dece3f",,"2026-02-23T17:00:00.000","30","STOP SIGN/FLASHER","FUNCTIONING PROPERLY","CLEAR","DAYLIGHT","ANGLE","NOT DIVIDED",,"STRAIGHT AND LEVEL","DRY","NO DEFECTS","NOT ON SCENE (DESK REPORT)","INJURY AND / OR TOW DUE TO CRASH",,,,"OVER $1,500","2026-02-23T18:29:00.000","IMPROPER OVERTAKING/PASSING","NOT APPLICABLE","4710","W","63RD ST","813",,,,,,,"2","NO INDICATION OF INJURY","0","0","0","0","0","6","0","17","2","2","41.7785632436","-87.7402772137","POINT (-87.740277213667 41.778563243556)"
"608f83e7233a1ade6f4bc360e0dde366160b9f1513aea5b5a0ef4df0367eeecb69481292570a28d6cea3e49acb04a39119ff11793b0423e1292769418cc1724d",,"2026-02-23T16:58:00.000","25","NO CONTROLS","UNKNOWN","CLEAR","DAYLIGHT","SIDESWIPE SAME DIRECTION","NOT DIVIDED",,"STRAIGHT AND LEVEL","DRY","NO DEFECTS","NOT ON SCENE (DESK REPORT)","NO INJURY / DRIVE AWAY",,,"Y","OVER $1,500","2026-02-23T17:40:00.000","DRIVING SKILLS/KNOWLEDGE/EXPERIENCE","NOT APPLICABLE","217","W","23RD ST","914",,,,,,,"2","NO INDICATION OF INJURY","0","0","0","0","0","3","0","16","2","2","41.850857258","-87.6326989832","POINT (-87.632698983187 41.850857258021)"
"00b4dde2aed07ecf596cdc1a4142cf33526b73d191a42fe8c229b4770579e55032e56872696f556655f9fdf7c2d0bf316cf3f9a03bee629d3308e5ac3c0f159d",,"2026-02-23T16:45:00.000","30","UNKNOWN","UNKNOWN","CLEAR","DAYLIGHT","OTHER OBJECT","NOT DIVIDED",,"STRAIGHT AND LEVEL","UNKNOWN","UNKNOWN","NOT ON SCENE (DESK REPORT)","NO INJURY / DRIVE AWAY",,,,"OVER $1,500","2026-02-23T17:15:00.000","UNABLE TO DETERMINE","UNABLE TO DETERMINE","1507","W","HADDON AVE","1213",,,,,,,"1","NO INDICATION OF INJURY","0","0","0","0","0","1","0","16","2","2","41.9025340337","-87.6656950658","POINT (-87.66569506579 41.902534033747)"
"e278d30f358a7ae09a8065a281192e6ede3460d3ffa02dc4a9c20c29ddf49d93b8d27cfb61e69e9da77bef4ee437c848a879e8df5f76ce6726af8269f862c9fb",,"2026-02-23T16:44:00.000","30","NO CONTROLS","NO CONTROLS","CLEAR","DAYLIGHT","FIXED OBJECT","DIVIDED - W/MEDIAN BARRIER",,"STRAIGHT AND LEVEL","DRY","WORN SURFACE","ON SCENE","INJURY AND / OR TOW DUE TO CRASH",,,,"OVER $1,500","2026-02-23T17:12:00.000","EQUIPMENT - VEHICLE CONDITION","NOT APPLICABLE","760","W","TAYLOR ST","1232",,,,,,,"1","NONINCAPACITATING INJURY","1","0","0","1","0","0","0","16","2","2","41.8697490335","-87.6462563782","POINT (-87.646256378235 41.869749033511)"
"00c7d99e997e7f6dae49a6f7fb2977bc792cafa6f00a25f1292a162cc7f9e6162ad09f2ec47412cd8455ff37f04dcd50c179c0019ce12fa2a607ba6dca1ed7c6",,"2026-02-23T16:40:00.000","30","NO CONTROLS","NO CONTROLS","CLEAR","DAYLIGHT","REAR END","NOT DIVIDED",,"STRAIGHT AND LEVEL","DRY","NO DEFECTS","ON SCENE","INJURY AND / OR TOW DUE TO CRASH",,,,"OVER $1,500","2026-02-23T16:40:00.000","OPERATING VEHICLE IN ERRATIC, RECKLESS, CARELESS, NEGLIGENT OR AGGRESSIVE MANNER","FAILING TO REDUCE SPEED TO AVOID CRASH","501","N","SACRAMENTO BLVD","1221",,,,,,,"2","NO INDICATION OF INJURY","0","0","0","0","0","7","0","16","2","2","41.8908496894","-87.7018014354","POINT (-87.70180143539 41.890849689434)"
"feb0bd9e77b1f3509762caf49bfb46e701e0e2dbd6611ea422cfa271c2e1daef8971ab209395ec172b4ddae183dffdb1f6f1bc29808e2fed28251cc47dcb7e2c",,"2026-02-23T16:40:00.000","30","NO CONTROLS","NO CONTROLS","UNKNOWN","UNKNOWN","REAR END","FOUR WAY",,"STRAIGHT AND LEVEL","DRY","UNKNOWN","NOT ON SCENE (DESK REPORT)","NO INJURY / DRIVE AWAY","Y",,,"$500 OR LESS","2026-02-23T18:00:00.000","UNABLE TO DETERMINE","UNABLE TO DETERMINE","11700","S","MICHIGAN AVE","532",,,,,,,"2","NO INDICATION OF INJURY","0","0","0","0","0","2","0","16","2","2","41.681516116","-87.6207715469","POINT (-87.620771546909 41.681516116016)"
"029bcfd0ec46fbd375075bdb571a611128c554bb6c9d19c0357156d914b69de028f55a98f24324ac5b6071291a5f1e23a5fdbe792dc060c9d4a1d5d595bc751f","N","2026-02-23T16:35:00.000","35","NO CONTROLS","NO CONTROLS","CLEAR","DAYLIGHT","PEDALCYCLIST","NOT DIVIDED",,"STRAIGHT AND LEVEL","DRY","NO DEFECTS","ON SCENE","INJURY AND / OR TOW DUE TO CRASH",,,,"$500 OR LESS","2026-02-23T16:39:00.000","FAILING TO REDUCE SPEED TO AVOID CRASH","FAILING TO REDUCE SPEED TO AVOID CRASH","3302","S","WESTERN BLVD","911",,,,,,,"2","NONINCAPACITATING INJURY","1","0","0","1","0","2","0","16","2","2","41.8338306045","-87.6850236797","POINT (-87.685023679746 41.833830604528)"
"05a0c42ca43bdbefe71f8682b83e7e20b387615f9e2645a06e42c5667caab457702fb7ce8f6a5abb53ca0337d22bdacbe6140fa08d158535bc55524a4c7ad4f2",,"2026-02-23T16:30:00.000","30","NO CONTROLS","NO CONTROLS","CLEAR","DAYLIGHT","TURNING","T-INTERSECTION",,"STRAIGHT AND LEVEL","DRY","NO DEFECTS","NOT ON SCENE (DESK REPORT)","INJURY AND / OR TOW DUE TO CRASH","Y",,,"OVER $1,500","2026-02-23T17:15:00.000","IMPROPER LANE USAGE","UNABLE TO DETERMINE","1435","E","87TH ST","412",,,,,,,"2","REPORTED, NOT EVIDENT","1","0","0","0","1","1","0","16","2","2","41.7367556421","-87.5891996616","POINT (-87.58919966157 41.736755642128)"
"ce5488503d04ed1054fb7449406ca35709f86c5673f14e0b9b82e7d93e4fe481cf449619b4386b38990e5413ea5952129e1305d1dda5bc3bcc61a4b8db0d127c",,"2026-02-23T16:30:00.000","30","TRAFFIC SIGNAL","FUNCTIONING PROPERLY","CLEAR","DAYLIGHT","SIDESWIPE SAME DIRECTION","NOT DIVIDED",,"STRAIGHT AND LEVEL","DRY","UNKNOWN","NOT ON SCENE (DESK REPORT)","NO INJURY / DRIVE AWAY",,,,"$501 - $1,500","2026-02-23T19:14:00.000","IMPROPER TURNING/NO SIGNAL","IMPROPER TURNING/NO SIGNAL","501","N","LA SALLE DR","1831",,,,,,,"2","NO INDICATION OF INJURY","0","0","0","0","0","2","0","16","2","2","41.8908438372","-87.6324124885","POINT (-87.632412488489 41.890843837159)"
"d0f0b57cb0870180b7de669bd935ad43ba797daa9ff5c36003e56971435a8f613dcb8246ac218b291b71668382d385b8def25d44889c7d6e81eb3e7e3407c1b3","N","2026-02-23T16:30:00.000","30","NO CONTROLS","NO CONTROLS","UNKNOWN","UNKNOWN","PARKED MOTOR VEHICLE","ONE-WAY",,"STRAIGHT AND LEVEL","DRY","WORN SURFACE","ON SCENE","NO INJURY / DRIVE AWAY",,,"Y","OVER $1,500","2026-02-23T21:25:00.000","NOT APPLICABLE","NOT APPLICABLE","4036","W","LEXINGTON ST","1132",,,,,,,"2","NO INDICATION OF INJURY","0","0","0","0","0","1","0","16","2","2","41.8719390542","-87.7268712141","POINT (-87.726871214068 41.871939054185)"
"988c9b00da5b800bc3569b9770a1909dd95287e8b0f1af50e1926ff5c6e3fcd1c38675ac214d3bd8e102e9ef10576910610d26baffda4d243fe001edc88a9055",,"2026-02-23T16:29:00.000","30","NO CONTROLS","NO CONTROLS","CLEAR","DAYLIGHT","TURNING","TRAFFIC ROUTE",,"STRAIGHT AND LEVEL","DRY","NO DEFECTS","ON SCENE","NO INJURY / DRIVE AWAY","Y",,,"OVER $1,500","2026-02-23T16:29:00.000","FAILING TO REDUCE SPEED TO AVOID CRASH","FAILING TO YIELD RIGHT-OF-WAY","4102","W","GRAND AVE","2534",,,,,,,"2","NO INDICATION OF INJURY","0","0","0","0","0","2","0","16","2","2","41.9072952028","-87.7289382857","POINT (-87.72893828569 41.907295202774)"
"07e33d8bc1cc145cc883f18c795c3a087f3c9ea8de4d5048ea46fb93ce78082cf7935bc2dca5c93504b26a3d2467d902d63f370debfd5d116421fea2bd688e13",,"2026-02-23T16:25:00.000","25","NO CONTROLS","NO CONTROLS","CLEAR","DAYLIGHT","REAR END","DIVIDED - W/MEDIAN (NOT RAISED)",,"STRAIGHT AND LEVEL","DRY","NO DEFECTS","NOT ON SCENE (DESK REPORT)","NO INJURY / DRIVE AWAY",,,,"OVER $1,500","2026-02-23T16:55:00.000","FOLLOWING TOO CLOSELY","NOT APPLICABLE","6900","S","ARTESIAN AVE","832",,,,,,,"2","NO INDICATION OF INJURY","0","0","0","0","0","2","0","16","2","2","41.7682218732","-87.6847067281","POINT (-87.684706728116 41.7682218732)"
"4271e38c4e493365121a5a81399d487bb4028d9f966fda3071058cd08d1e97e59cbe5b6cc68e0f2fbfd3f03cfa3ca75016775a50b737c548243f1286fc7176a4",,"2026-02-23T16:25:00.000","30","NO CONTROLS","NO CONTROLS","CLEAR","DAYLIGHT","REAR END","NOT DIVIDED",,"STRAIGHT AND LEVEL","DRY","NO DEFECTS","NOT ON SCENE (DESK REPORT)","NO INJURY / DRIVE AWAY",,,,"OVER $1,500","2026-02-23T17:35:00.000","FOLLOWING TOO CLOSELY","UNABLE TO DETERMINE","6900","S","ARTESIAN AVE","832",,"Y",,,,,"2","NO INDICATION OF INJURY","0","0","0","0","0","2","0","16","2","2","41.7682218732","-87.6847067281","POINT (-87.684706728116 41.7682218732)"
"8f5a42f38c05a65057f8e147d01737dec6dc2a251e32a6b4be1920a223a1e8f49f764de2394abeb9f6f9e99a4d04dd4dbb4e08ab4d86487276d29d77e327bee7",,"2026-02-23T16:24:00.000","30","TRAFFIC SIGNAL","FUNCTIONING PROPERLY","CLEAR","DAYLIGHT","REAR END","FOUR WAY",,"STRAIGHT AND LEVEL","DRY","NO DEFECTS","NOT ON SCENE (DESK REPORT)","NO INJURY / DRIVE AWAY",,,,"OVER $1,500","2026-02-23T17:15:00.000","FOLLOWING TOO CLOSELY","FAILING TO REDUCE SPEED TO AVOID CRASH","2355","N","DAMEN AVE","1432",,,,,,,"2","NO INDICATION OF INJURY","0","0","0","0","0","2","0","16","2","2","41.9243721602","-87.6777168632","POINT (-87.677716863244 41.924372160201)"
"7b3b23a4ac3f554094f01c452c3172c9019950fc6032b4b7c5d15377fde9be9362ed7dc5bf3c656cf87323e4b362b5e3941b3984fc65206b19f6fcdbaff96f54",,"2026-02-23T16:22:00.000","30","TRAFFIC SIGNAL","FUNCTIONING PROPERLY","CLEAR","DAYLIGHT","REAR END","NOT DIVIDED",,"STRAIGHT AND LEVEL","DRY","NO DEFECTS","NOT ON SCENE (DESK REPORT)","NO INJURY / DRIVE AWAY","Y",,"Y","$501 - $1,500","2026-02-24T09:53:00.000","FOLLOWING TOO CLOSELY","NOT APPLICABLE","1001","W","CERMAK RD","1235",,,,,,,"2","NO INDICATION OF INJURY","0","0","0","0","0","2","0","16","2","2","41.8524658504","-87.651493037","POINT (-87.651493036966 41.852465850402)"
"5ee0310ec0317c19280f5316068d902a77e3bdbc934ec77ffa12a3d7304cf237db22854054c5078d1b022256d8e387e999488a559cacf254298154813ec5f048",,"2026-02-23T16:15:00.000","30","TRAFFIC SIGNAL","FUNCTIONING PROPERLY","CLEAR","DAYLIGHT","TURNING","FOUR WAY",,"STRAIGHT AND LEVEL","DRY","NO DEFECTS","NOT ON SCENE (DESK REPORT)","NO INJURY / DRIVE AWAY","Y",,,"OVER $1,500","2026-02-23T17:30:00.000","FAILING TO REDUCE SPEED TO AVOID CRASH","FAILING TO YIELD RIGHT-OF-WAY","6000","W","FULLERTON AVE","2512",,,,,,,"2","NO INDICATION OF INJURY","0","0","0","0","0","2","0","16","2","2","41.9239353352","-87.7757795619","POINT (-87.775779561919 41.923935335172)"
"7059727eda05d27586dcb0c4313665feb58b3c2c835837442ba94b730cd460e7b71dd31d1cc0a81fb99fe1128807e65f9ae8339e202b8ae31648429668d02d94",,"2026-02-23T16:15:00.000","10","NO CONTROLS","NO CONTROLS","CLEAR","DAYLIGHT","ANGLE","PARKING LOT",,"STRAIGHT AND LEVEL","DRY","NO DEFECTS","NOT ON SCENE (DESK REPORT)","NO INJURY / DRIVE AWAY",,"Y",,"OVER $1,500","2026-02-24T18:00:00.000","UNABLE TO DETERMINE","UNABLE TO DETERMINE","4500","W","NORTH AVE","2533",,,,,,,"2","NO INDICATION OF INJURY","0","0","0","0","0","2","0","16","2","2","41.9098297115","-87.7386109591","POINT (-87.738610959115 41.909829711517)"
"54a5bc5a99360cb8152ef779be87904aabc85e48dab038284ebf80d3b789d1e777eb41d03433ea9ce2166fe013ef7e34e62eb3ee26869c3618d14c41435e884d",,"2026-02-23T16:13:00.000","30","TRAFFIC SIGNAL","FUNCTIONING PROPERLY","CLEAR","DAYLIGHT","PEDESTRIAN","FOUR WAY",,"STRAIGHT AND LEVEL","DRY","NO DEFECTS","ON SCENE","INJURY AND / OR TOW DUE TO CRASH","Y",,"Y","OVER $1,500","2026-02-23T16:36:00.000","UNABLE TO DETERMINE","DRIVING SKILLS/KNOWLEDGE/EXPERIENCE","2400","W","DEVON AVE","2412",,,,,,,"4","REPORTED, NOT EVIDENT","3","0","0","0","3","1","0","16","2","2","41.997838114","-87.6899485368","POINT (-87.689948536814 41.997838113989)"
"16cef9dcc95b4555997337c50cef001cc19911e0b4e6783e6805689248c6e1650ad6cdb52cb78e17a5039574051ef24bceda202ecea73ee212dd20fe49bb6298",,"2026-02-23T16:12:00.000","30","NO CONTROLS","NO CONTROLS","CLEAR","DAYLIGHT","PARKED MOTOR VEHICLE","PARKING LOT",,"STRAIGHT AND LEVEL","DRY","NO DEFECTS","ON SCENE","NO INJURY / DRIVE AWAY",,,,"OVER $1,500","2026-02-23T16:12:00.000","UNABLE TO DETERMINE","UNABLE TO DETERMINE","8300","S","HOLLAND RD","622",,,,,,,"2","NO INDICATION OF INJURY","0","0","0","0","0","1","0","16","2","2","41.7434273331","-87.632181132","POINT (-87.632181132025 41.743427333057)"
"9ce3a02bcaff91a1f940714ef4261ffd3952e5ee0a601cac2b0c69f00bfa64b93d0d6eb318a50cfd53eb17b5e0f041b19313a36ccd87a2941a2d9d66c331ae04",,"2026-02-23T16:08:00.000","30","NO CONTROLS","NO CONTROLS","CLEAR","DAYLIGHT","TURNING","NOT DIVIDED",,"STRAIGHT AND LEVEL","DRY","NO DEFECTS","NOT ON SCENE (DESK REPORT)","NO INJURY / DRIVE AWAY",,,,"$501 - $1,500","2026-02-23T16:40:00.000","OPERATING VEHICLE IN ERRATIC, RECKLESS, CARELESS, NEGLIGENT OR AGGRESSIVE MANNER","NOT APPLICABLE","5835","N","JERSEY AVE","1711",,,,,,,"2","NO INDICATION OF INJURY","0","0","0","0","0","2","0","16","2","2","41.9877271288","-87.7100892359","POINT (-87.710089235926 41.987727128832)"
"f5a426e8bee531edb4121ac8f0568cad5736cdc0405d6bd98609ce00195db34edbcb3874130d7d80ededd1983ba80b26bef7ecb9a51cb0e090c19c3b260a5c9b",,"2026-02-23T16:07:00.000","30","NO CONTROLS","NO CONTROLS","CLEAR","DAYLIGHT","TURNING","DIVIDED - W/MEDIAN (NOT RAISED)",,"STRAIGHT AND LEVEL","DRY","NO DEFECTS","ON SCENE","INJURY AND / OR TOW DUE TO CRASH",,,,"OVER $1,500","2026-02-23T16:07:00.000","FAILING TO YIELD RIGHT-OF-WAY","FAILING TO YIELD RIGHT-OF-WAY","6333","S","CICERO AVE","813",,,,,,,"2","NO INDICATION OF INJURY","0","0","0","0","0","2","0","16","2","2","41.777436085","-87.7421135824","POINT (-87.742113582426 41.77743608499)"
"bd29ba37c199a8fc16e8e52cdac524c2c107dcf48fe578e4208048de5e56e81fdc92694a9197d6fe9374f40d547e5e4fd577fd304053694a1ed22941e76f4bac",,"2026-02-23T16:06:00.000","30","NO CONTROLS","NO CONTROLS","CLEAR","DAYLIGHT","PARKED MOTOR VEHICLE","CENTER TURN LANE",,"STRAIGHT AND LEVEL","DRY","NO DEFECTS","ON SCENE","NO INJURY / DRIVE AWAY",,,,"OVER $1,500","2026-02-23T16:06:00.000","FOLLOWING TOO CLOSELY","IMPROPER OVERTAKING/PASSING","103","N","LARAMIE AVE","1532",,,,,,,"3","NO INDICATION OF INJURY","0","0","0","0","0","6","0","16","2","2","41.882495058","-87.7549973119","POINT (-87.754997311944 41.882495057987)"
"1d5cbf3374c9b3b319fc9c7f3e95dbbbd9f39ca86bc6056468e4aa0ebe3141b97510bea7faa8399b9504bdb1d785c1322e0cd42b7c86e110b90f08992152f915",,"2026-02-23T16:00:00.000","30","NO CONTROLS","NO CONTROLS","CLEAR","DAYLIGHT","PARKED MOTOR VEHICLE","ONE-WAY",,"STRAIGHT AND LEVEL","DRY","NO DEFECTS","ON SCENE","NO INJURY / DRIVE AWAY",,,,"$501 - $1,500","2026-02-23T16:06:00.000","UNABLE TO DETERMINE","NOT APPLICABLE","3953","S","DR MARTIN LUTHER KING JR DR","214",,,,,,,"2","NO INDICATION OF INJURY","0","0","0","0","0","1","0","16","2","2","41.8223323694","-87.6168093765","POINT (-87.616809376503 41.822332369427)"
"24eeb70a6b60fe67f47b86ce2b7e984186ffe3ffbdd32419cf32448bba7a4051e9638f0f1454e4e0cafb0589f3fd6616b027e62685f4b101be505968584f1fe9",,"2026-02-23T16:00:00.000","35","TRAFFIC SIGNAL","FUNCTIONING PROPERLY","UNKNOWN","UNKNOWN","TURNING","FOUR WAY",,"STRAIGHT AND LEVEL","UNKNOWN","UNKNOWN","NOT ON SCENE (DESK REPORT)","NO INJURY / DRIVE AWAY","Y",,,"$500 OR LESS","2026-02-23T17:05:00.000","IMPROPER OVERTAKING/PASSING","NOT APPLICABLE","140","W","ILLINOIS ST","1831",,,,,,,"2","NO INDICATION OF INJURY","0","0","0","0","0","2","0","16","2","2","41.8909116412","-87.6326350582","POINT (-87.632635058236 41.890911641229)"
"f97f8f1b2ceb538711fab4fa3cb0d9119fe176123b63bbca8195effc32a66330b8791dba17714751c046c3d4418261fd189ac780106c4b21ec149013386a7046",,"2026-02-23T16:00:00.000","30","NO CONTROLS","NO CONTROLS","CLEAR","DAYLIGHT","SIDESWIPE SAME DIRECTION","DIVIDED - W/MEDIAN (NOT RAISED)",,"STRAIGHT AND LEVEL","DRY","NO DEFECTS","NOT ON SCENE (DESK REPORT)","NO INJURY / DRIVE AWAY",,,,"$500 OR LESS","2026-02-23T16:30:00.000","FAILING TO YIELD RIGHT-OF-WAY","FAILING TO REDUCE SPEED TO AVOID CRASH","2300","N","CENTRAL AVE","2515",,,,,,,"2","NO INDICATION OF INJURY","0","0","0","0","0","2","0","16","2","2","41.9222475404","-87.7660728053","POINT (-87.76607280533 41.922247540407)"
"358f069fc6dcadab6d9909774315e34d536850537aa0a7ae099b1364a74e67fd37b1b5bcbcdf5b1e41874c1e20cb73ad4564e254c56d6b3fdc0b0b2921276083",,"2026-02-23T15:58:00.000","20","NO CONTROLS","NO CONTROLS","CLEAR","DAYLIGHT","REAR END","PARKING LOT",,"STRAIGHT AND LEVEL","DRY","NO DEFECTS","NOT ON SCENE (DESK REPORT)","NO INJURY / DRIVE AWAY",,,,"$501 - $1,500","2026-02-23T16:28:00.000","FAILING TO REDUCE SPEED TO AVOID CRASH","FOLLOWING TOO CLOSELY","6948","W","GRAND AVE","2512",,,,,,,"2","NO INDICATION OF INJURY","0","0","0","0","0","2","0","15","2","2","41.9236732565","-87.7996266459","POINT (-87.799626645945 41.923673256513)"
"d9d305f16477519a5a7d165e8b5068c372d1d7e2ae56c38990dacc9fdd2c69150cc2f1641d4f53723be13a81b4b4d3843b1e17ef5f4566383779d2849320d0c4",,"2026-02-23T15:50:00.000","30","TRAFFIC SIGNAL","FUNCTIONING PROPERLY","CLEAR","DAYLIGHT","SIDESWIPE SAME DIRECTION","NOT DIVIDED",,"STRAIGHT AND LEVEL","DRY","NO DEFECTS","ON SCENE","NO INJURY / DRIVE AWAY",,,,"OVER $1,500","2026-02-23T15:56:00.000","FOLLOWING TOO CLOSELY","UNABLE TO DETERMINE","102","N","CICERO AVE","1532",,,,,,,"2","NO INDICATION OF INJURY","0","0","0","0","0","2","0","15","2","2","41.8819453998","-87.7454910704","POINT (-87.745491070424 41.88194539976)"
"f30649736a623a67c255d69cdc45c364680f5fd5fe6ba95528aa9c2c3427bb3bce213ae0d8b54a07075db1781067937ac1ad87a0cdbb77ea058edd42ff1817d9",,"2026-02-23T15:46:00.000","15","NO CONTROLS","NO CONTROLS","CLEAR","DAYLIGHT","PARKED MOTOR VEHICLE","PARKING LOT",,"STRAIGHT AND LEVEL","DRY","NO DEFECTS","NOT ON SCENE (DESK REPORT)","NO INJURY / DRIVE AWAY",,,"Y","$501 - $1,500","2026-02-23T17:20:00.000","DRIVING SKILLS/KNOWLEDGE/EXPERIENCE","NOT APPLICABLE","7731","S","HALSTED ST","621",,,,,,,"2","NO INDICATION OF INJURY","0","0","0","0","0","1","0","15","2","2","41.7533380744","-87.6439658062","POINT (-87.64396580618 41.753338074439)"