"crash_record_id","crash_date_est_i","crash_date","posted_speed_limit","traffic_control_device","device_condition","weather_condition","lighting_condition","first_crash_type","trafficway_type","lane_cnt","alignment","roadway_surface_cond","road_defect","report_type","crash_type","intersection_related_i","private_property_i","hit_and_run_i","damage","date_police_notified","prim_contributory_cause","sec_contributory_cause","street_no","street_direction","street_name","beat_of_occurrence","photos_taken_i","statements_taken_i","dooring_i","work_zone_i","work_zone_type","workers_present_i","num_units","most_severe_injury","injuries_total","injuries_fatal","injuries_incapacitating","injuries_non_incapacitating","injuries_reported_not_evident","injuries_no_indication","injuries_unknown","crash_hour","crash_day_of_week","crash_month","latitude","longitude","location"
"7fa27278ff3ab7da317e24bb7f1fe7b5d9a48cfa47c0fbe80c73f5cc55124360ca6a393e940fbf2c1b9e0505613f138bdbe19925a5fec50918c5f1bce7633bee",,"2026-02-23T15:45:00.000","30","NO CONTROLS","NO CONTROLS","CLEAR","DAYLIGHT","SIDESWIPE SAME DIRECTION","NOT DIVIDED",,"STRAIGHT AND LEVEL","DRY","NO DEFECTS","ON SCENE","INJURY AND / OR TOW DUE TO CRASH",,,"Y","OVER $1,500","2026-02-23T16:29:00.000","IMPROPER OVERTAKING/PASSING","FAILING TO YIELD RIGHT-OF-WAY","415","N","LARAMIE AVE","1532",,,,,,,"2","NO INDICATION OF INJURY","0","0","0","0","0","2","0","15","2","2","41.8882660687","-87.7552076937","POINT (-87.755207693662 41.888266068733)"
"85d6d09651494c1794679bb78090a5745eb082680bf25aa2400cddf1e0d88a033da285984cb73a75c7b835574c0c2352136c04bc5e7253f310c2c42970fe71e3",,"2026-02-23T15:45:00.000","30","TRAFFIC SIGNAL","FUNCTIONING PROPERLY","CLEAR","DAYLIGHT","REAR END","NOT DIVIDED",,"STRAIGHT AND LEVEL","DRY","NO DEFECTS","NOT ON SCENE (DESK REPORT)","NO INJURY / DRIVE AWAY",,,,"$501 - $1,500","2026-02-24T07:25:00.000","UNABLE TO DETERMINE","UNABLE TO DETERMINE","202","E","71ST ST","322",,,,,,,"2","NO INDICATION OF INJURY","0","0","0","0","0","2","0","15","2","2","41.7657251381","-87.6199344792","POINT (-87.619934479167 41.765725138106)"
"c91f598ea5395fe2a6bca32eab62e27f4f5be62ca7ba08b062d2c26c503a404a5fa0b81d729433b857dcfd5f48e1d06d8b286de55899217f8d2f57f60ddd1fed",,"2026-02-23T15:41:00.000","25","NO CONTROLS","NO CONTROLS","CLEAR","DAYLIGHT","TURNING","PARKING LOT",,"STRAIGHT AND LEVEL","DRY","NO DEFECTS","ON SCENE","INJURY AND / OR TOW DUE TO CRASH",,,,"OVER $1,500","2026-02-23T15:44:00.000","DRIVING SKILLS/KNOWLEDGE/EXPERIENCE","NOT APPLICABLE","398","N","CLARK ST","1831",,,,,,,"2","REPORTED, NOT EVIDENT","1","0","0","0","1","2","0","15","2","2","41.889173407","-87.6312054333","POINT (-87.631205433323 41.889173407027)"
"9a06a5d99937fc98c8742fa48a7e6ea6b19116e8ce9a1fa4d10e45adfa3d90c5ff9df911dc7c44203a4c4aebbbcb7644e4c92408d6dae548f4ed61bbeaf1b199","Y","2026-02-23T15:40:00.000","30","NO CONTROLS","NO CONTROLS","CLEAR","DAYLIGHT","PARKED MOTOR VEHICLE","ONE-WAY",,"STRAIGHT AND LEVEL","UNKNOWN","UNKNOWN","NOT ON SCENE (DESK REPORT)","NO INJURY / DRIVE AWAY",,,,"$500 OR LESS","2026-02-23T16:30:00.000","UNABLE TO DETERMINE","UNABLE TO DETERMINE","767","W","114TH ST","2233",,,,,,,"2","NO INDICATION OF INJURY","0","0","0","0","0","1","0","15","2","2","41.6867940435","-87.6421453693","POINT (-87.642145369278 41.686794043495)"
"83eee70871b4d654fe873ea040680db4d452adb8eb821c5ae79a9e72a0cda8257fd2e34ded0c8deb46bb651781d87c26ee7508ed26dacaa3249ef49150fdeb25",,"2026-02-23T15:38:00.000","30","TRAFFIC SIGNAL","FUNCTIONING PROPERLY","CLEAR","DAYLIGHT","PEDESTRIAN","T-INTERSECTION",,"STRAIGHT AND LEVEL","DRY","NO DEFECTS","ON SCENE","INJURY AND / OR TOW DUE TO CRASH","Y",,,"$500 OR LESS","2026-02-23T15:40:00.000","FAILING TO YIELD RIGHT-OF-WAY","FAILING TO REDUCE SPEED TO AVOID CRASH","2600","S","HALSTED ST","913",,,,,,,"2","INCAPACITATING INJURY","1","0","1","0","0","1","0","15","2","2","41.8452853968","-87.6465950786","POINT (-87.646595078608 41.845285396803)"
"2b0484d4222f7ee1e68b20016d515b7a2cf333161a89e15ce93aed96ccc321292f9b6db6a8eee6ffbdd65a55d9993ed86fba2cb817de455a338c9107865ced55",,"2026-02-23T15:36:00.000","30","NO CONTROLS","NO CONTROLS","CLEAR","DAYLIGHT","TURNING","NOT DIVIDED",,"STRAIGHT AND LEVEL","DRY","UNKNOWN","ON SCENE","INJURY AND / OR TOW DUE TO CRASH",,,"Y","OVER $1,500","2026-02-23T15:36:00.000","UNABLE TO DETERMINE","UNABLE TO DETERMINE","3728","S","COTTAGE GROVE AVE","212",,,,,,,"2","REPORTED, NOT EVIDENT","1","0","0","0","1","1","0","15","2","2","41.8268276985","-87.6085221169","POINT (-87.608522116943 41.826827698471)"
"c18192af31742c6d2699761db05aaf701042ec4eabe0ed05b74822728482a188b86b8ef06cbe38f1a5b9b258c29304ba7a0288f43cccd372b194f324e60c3dc8",,"2026-02-23T15:33:00.000","30","NO CONTROLS","FUNCTIONING PROPERLY","CLEAR","DAYLIGHT","TURNING","NOT DIVIDED",,"STRAIGHT AND LEVEL","DRY","NO DEFECTS","NOT ON SCENE (DESK REPORT)","NO INJURY / DRIVE AWAY","Y",,,"OVER $1,500","2026-02-23T16:13:00.000","UNABLE TO DETERMINE","UNABLE TO DETERMINE","4732","W","WILSON AVE","1722",,,,,,,"2","NO INDICATION OF INJURY","0","0","0","0","0","2","0","15","2","2","41.9644960862","-87.7466012389","POINT (-87.746601238887 41.964496086197)"
"b6ce0bdf980470f5e1b88a6e16d6943418d75fef7cc1aae45c4f5c830e91699a0071ddffe534d1a4e948826e258e13086760e487b56638dcd0af7193f0c9f026",,"2026-02-23T15:30:00.000","30","TRAFFIC SIGNAL","FUNCTIONING PROPERLY","CLEAR","DAYLIGHT","REAR END","NOT DIVIDED",,"STRAIGHT AND LEVEL","DRY","NO DEFECTS","ON SCENE","INJURY AND / OR TOW DUE TO CRASH","Y",,,"OVER $1,500","2026-02-23T15:35:00.000","UNABLE TO DETERMINE","NOT APPLICABLE","6001","W","GRAND AVE","2512",,,,,,,"3","NONINCAPACITATING INJURY","1","0","0","1","0","2","0","15","2","2","41.9204634252","-87.775700337","POINT (-87.775700336985 41.920463425193)"
"d1395d9b8fdcc0eb5c63dab656034630a504a6d9a21575bc4a1897191f98aee1685b3466a122b6a7c1d4ea86f7d149c1eedb03fb4db45d0a542c5832f6c2f2cd",,"2026-02-23T15:30:00.000","30","TRAFFIC SIGNAL","FUNCTIONING PROPERLY","CLEAR","DAYLIGHT","SIDESWIPE SAME DIRECTION","FOUR WAY",,"STRAIGHT AND LEVEL","DRY","NO DEFECTS","NOT ON SCENE (DESK REPORT)","NO INJURY / DRIVE AWAY",,,"Y","OVER $1,500","2026-02-23T15:40:00.000","IMPROPER OVERTAKING/PASSING","NOT APPLICABLE","11910","S","MICHIGAN AVE","532","N","N",,,,,"2","NO INDICATION OF INJURY","0","0","0","0","0","2","0","15","2","2","41.6776686555","-87.6206463418","POINT (-87.62064634184 41.677668655476)"
"90b4a154a88745e23de58c06f380b3cf8e3a29baa7601fe677a886bbe38e478a7a5c9c35b33355b491511d138118ae831ef22ab178ea05d0ef01aa050cf1dbc9",,"2026-02-23T15:25:00.000","30","NO CONTROLS","NO CONTROLS","CLEAR","DAYLIGHT","PARKED MOTOR VEHICLE","ONE-WAY",,"STRAIGHT AND LEVEL","UNKNOWN","UNKNOWN","ON SCENE","NO INJURY / DRIVE AWAY",,,"Y","OVER $1,500","2026-02-23T16:30:00.000","UNABLE TO DETERMINE","NOT APPLICABLE","125","W","MONROE ST","122",,,,,,,"2","NO INDICATION OF INJURY","0","0","0","0","0","2","0","15","2","2","41.8805773422","-87.631588317","POINT (-87.631588317 41.880577342198)"
"d904a625f9e0f27566fff160740ce7e732acbb49fd5038acd4bf043003f1c3ce81e0d528d4be79b77512b4974de1f9558a571757e9284aa7636ad9672efe7722",,"2026-02-23T15:21:00.000","30","NO CONTROLS","NO CONTROLS","CLEAR","DAYLIGHT","PARKED MOTOR VEHICLE","ONE-WAY",,"STRAIGHT AND LEVEL","DRY","NO DEFECTS","NOT ON SCENE (DESK REPORT)","NO INJURY / DRIVE AWAY",,,,"$500 OR LESS","2026-02-23T15:21:00.000","UNABLE TO DETERMINE","UNABLE TO DETERMINE","2617","S","DRAKE AVE","1032",,,,,,,"2","NO INDICATION OF INJURY","0","0","0","0","0","2","0","15","2","2","41.8438564961","-87.713406686","POINT (-87.713406686024 41.843856496076)"
"058e4e5f41878764c5be734746c33668b409c47571d5a8fa8339540e0f01b74a07833dc1a5e99d625fd3ad9958a18fd5294efeff8de2b3ef5c80742c14dd2171",,"2026-02-23T15:20:00.000","30","TRAFFIC SIGNAL","FUNCTIONING PROPERLY","CLEAR","DAYLIGHT","TURNING","FOUR WAY",,"STRAIGHT AND LEVEL","DRY","NO DEFECTS","ON SCENE","INJURY AND / OR TOW DUE TO CRASH","Y",,,"OVER $1,500","2026-02-23T15:55:00.000","UNABLE TO DETERMINE","NOT APPLICABLE","3874","S","ARCHER AVE","911",,"Y",,,,,"2","NO INDICATION OF INJURY","0","0","0","0","0","2","0","15","2","2","41.8231536022","-87.6897044591","POINT (-87.689704459088 41.823153602181)"
"f93d03a17eed7c2e33fea015242e6cedbaa71d85b57bc0136df1279d0d9fd8da7f169e5082d8c5b167d0df2ff19fd4a6dcb1f1001c38da10cec642f87a72e76d",,"2026-02-23T15:16:00.000","30","TRAFFIC SIGNAL","FUNCTIONING PROPERLY","CLEAR","DAYLIGHT","PEDESTRIAN","FOUR WAY",,"STRAIGHT AND LEVEL","DRY","NO DEFECTS","ON SCENE","INJURY AND / OR TOW DUE TO CRASH","Y",,,"$500 OR LESS","2026-02-23T15:16:00.000","DRIVING SKILLS/KNOWLEDGE/EXPERIENCE","NOT APPLICABLE","4100","S","CALIFORNIA AVE","921",,,,,,,"2","REPORTED, NOT EVIDENT","1","0","0","0","1","1","0","15","2","2","41.8199828328","-87.6947118309","POINT (-87.694711830905 41.819982832784)"
"de606a06271f14f7b9d9ca9a433e18471b8cc7cc4842157ce041fc66d9ee7de3572fcea710db5abf31d0266e562c8f3cacd94644102e6f0edf8d125e5a5671a5",,"2026-02-23T15:13:00.000","30","NO CONTROLS","NO CONTROLS","CLEAR","DAYLIGHT","SIDESWIPE SAME DIRECTION","NOT DIVIDED",,"STRAIGHT AND LEVEL","DRY","NO DEFECTS","NOT ON SCENE (DESK REPORT)","NO INJURY / DRIVE AWAY",,,,"OVER $1,500","2026-02-23T16:18:00.000","UNABLE TO DETERMINE","NOT APPLICABLE","3352","W","WABANSIA AVE","1422",,,,,,,"2","NO INDICATION OF INJURY","0","0","0","0","0","2","0","15","2","2","41.9119870054","-87.7116625248","POINT (-87.711662524804 41.911987005392)"
"12d4027b796ebbb5df44fd6da42a405f8f792d8910774d199f0e78a0791512cc989cda1912aa859a855bebe6da27e06536777f198d91cad9fe48519a27be926a",,"2026-02-23T15:11:00.000","30","UNKNOWN","UNKNOWN","CLEAR","DAYLIGHT","SIDESWIPE OPPOSITE DIRECTION","NOT DIVIDED",,"STRAIGHT AND LEVEL","DRY","UNKNOWN","NOT ON SCENE (DESK REPORT)","NO INJURY / DRIVE AWAY",,,,"$501 - $1,500","2026-02-23T15:50:00.000","DRIVING ON WRONG SIDE/WRONG WAY","DRIVING ON WRONG SIDE/WRONG WAY","1356","W","ROSEMONT AVE","2433",,,,,,,"2","NO INDICATION OF INJURY","0","0","0","0","0","2","0","15","2","2","41.9964422705","-87.6652024814","POINT (-87.665202481386 41.996442270525)"
"0f5185e5768b76a4c9dfa9a7c95152ee3d62fa2ba933260c9352f9c8b5578d9b5b8fb05fce7f6323c550ef080ca1f98cfc3aadcce2e5bbdfbab18c624f64f630",,"2026-02-23T15:10:00.000","30","NO CONTROLS","NO CONTROLS","UNKNOWN","DAYLIGHT","REAR TO FRONT","ONE-WAY",,"STRAIGHT AND LEVEL","UNKNOWN","UNKNOWN","NOT ON SCENE (DESK REPORT)","NO INJURY / DRIVE AWAY",,,,"OVER $1,500","2026-02-23T16:00:00.000","UNABLE TO DETERMINE","NOT APPLICABLE","1615","N","KEDVALE AVE","2534",,,,,,,"2","NO INDICATION OF INJURY","0","0","0","0","0","2","0","15","2","2","41.9103255724","-87.7298654848","POINT (-87.729865484837 41.910325572426)"
"13b66e75e76641fccb8de5f8a5c8fd4246c2e3eea2db054e1eb794277ee1d99cf3b3408183d89e2680aaae9245213a98e3c70037f933c0507e2aa984a62f8383",,"2026-02-23T15:09:00.000","30","NO CONTROLS","NO CONTROLS","CLEAR","DAYLIGHT","FIXED OBJECT","OTHER",,"STRAIGHT AND LEVEL","DRY","NO DEFECTS","ON SCENE","NO INJURY / DRIVE AWAY",,,,"$501 - $1,500","2026-02-23T15:09:00.000","UNABLE TO DETERMINE","NOT APPLICABLE","4130","S","WESTERN AVE","921",,,,,,,"1","NO INDICATION OF INJURY","0","0","0","0","0","1","0","15","2","2","41.8183699062","-87.6848419261","POINT (-87.684841926062 41.818369906166)"
"70714bad9b8a2674e9765f4a3974559a48b4a51310f1245c6a114c36d584d0ee3502f53fbed011051911b53dc8ed5e1e8fd1ea0ee324fe91c5eb3ecab82b0f1b",,"2026-02-23T15:09:00.000","30","TRAFFIC SIGNAL","FUNCTIONING PROPERLY","CLEAR","DAYLIGHT","TURNING","FOUR WAY",,"STRAIGHT AND LEVEL","DRY","UNKNOWN","ON SCENE","NO INJURY / DRIVE AWAY","Y",,,"OVER $1,500","2026-02-23T15:12:00.000","IMPROPER LANE USAGE","IMPROPER TURNING/NO SIGNAL","6412","W","DEVON AVE","1611",,,,,,,"2","NO INDICATION OF INJURY","0","0","0","0","0","2","0","15","2","2","41.9974614091","-87.7878582447","POINT (-87.787858244695 41.997461409149)"
"54e3e66c9884214b863692daca5cc0b1c6d294e8a13223825db34cb8b776421b9974c2d9b550c8a0ca8dc96506b7b889e16d6cb4f9cbf5670f5254affb698275",,"2026-02-23T15:00:00.000","30","NO CONTROLS","NO CONTROLS","CLEAR","DAYLIGHT","TURNING","DIVIDED - W/MEDIAN BARRIER",,"STRAIGHT AND LEVEL","DRY","NO DEFECTS","ON SCENE","INJURY AND / OR TOW DUE TO CRASH","Y",,,"OVER $1,500","2026-02-23T15:07:00.000","FAILING TO YIELD RIGHT-OF-WAY","UNABLE TO DETERMINE","3100","N","WESTERN AVE","1931",,,,,,,"2","NO INDICATION OF INJURY","0","0","0","0","0","3","0","15","2","2","41.9376794722","-87.6882877379","POINT (-87.68828773786 41.937679472214)"
"aedfc4c0e9522a2e0803c2717e79b7a4eb235960a5f85234b5cbef7a373f243d5526783ca2f0a8d459f1fc6cc075412f8a45894738aeac4ae37362bf2a40687d",,"2026-02-23T15:00:00.000","30","NO CONTROLS","NO CONTROLS","CLEAR","DAYLIGHT","PARKED MOTOR VEHICLE","DIVIDED - W/MEDIAN (NOT RAISED)",,"STRAIGHT AND LEVEL","DRY","UNKNOWN","NOT ON SCENE (DESK REPORT)","NO INJURY / DRIVE AWAY",,,"Y","OVER $1,500","2026-02-23T16:30:00.000","UNABLE TO DETERMINE","UNABLE TO DETERMINE","2867","N","CLARK ST","1934",,,,,,,"2","NO INDICATION OF INJURY","0","0","0","0","0","1","0","15","2","2","41.9345635241","-87.6461417512","POINT (-87.646141751237 41.934563524147)"
"de2b83b3c13f5162cb14eb0038d57ad0791bcbe39d46b7367dddaa847cdc8771bf9ffa658bb0da09f17bb3d4a39fd4af0849387b14f7ec77d38bb4741cbfccc8",,"2026-02-23T15:00:00.000","30","NO CONTROLS","NO CONTROLS","CLEAR","DAYLIGHT","TURNING","FOUR WAY",,"STRAIGHT AND LEVEL","DRY","NO DEFECTS","ON SCENE","NO INJURY / DRIVE AWAY","Y",,"Y","OVER $1,500","2026-02-23T15:40:00.000","IMPROPER TURNING/NO SIGNAL","FAILING TO YIELD RIGHT-OF-WAY","6154","S","COTTAGE GROVE AVE","313",,,,,,,"2","NO INDICATION OF INJURY","0","0","0","0","0","2","0","15","2","2","41.7824359265","-87.6061184314","POINT (-87.606118431364 41.782435926518)"
"1fb656c55757a58470a026c21cd2a5ad5acec8f99363d97878c5db299e8b874668708db293a1d073c255b2d4739e4c3bb3800c1ff622967d96c7ccdf818b3871",,"2026-02-23T14:50:00.000","30","NO CONTROLS","NO CONTROLS","CLEAR","DAYLIGHT","PARKED MOTOR VEHICLE","PARKING LOT",,"STRAIGHT AND LEVEL","DRY","NO DEFECTS","NOT ON SCENE (DESK REPORT)","NO INJURY / DRIVE AWAY","Y",,,"OVER $1,500","2026-02-23T15:20:00.000","FOLLOWING TOO CLOSELY","NOT APPLICABLE","2347","W","AUGUSTA BLVD","1212",,,,,,,"2","NO INDICATION OF INJURY","0","0","0","0","0","2","0","14","2","2","41.8992782475","-87.6863550665","POINT (-87.686355066519 41.899278247501)"
"d74aaed57376cf5d6646683f64798750b05996a1967af2233cfc13c396592cdf01f12cc1887cda589688c41b61d3ec857a594f16d259fe3dde405454614d3586",,"2026-02-23T14:50:00.000","15","NO CONTROLS","NO CONTROLS","CLEAR","DAYLIGHT","SIDESWIPE SAME DIRECTION","PARKING LOT",,"STRAIGHT AND LEVEL","DRY","NO DEFECTS","ON SCENE","NO INJURY / DRIVE AWAY",,,"Y","$501 - $1,500","2026-02-23T15:48:00.000","DRIVING SKILLS/KNOWLEDGE/EXPERIENCE","NOT APPLICABLE","4755","W","FULLERTON AVE","2522",,,,,,,"2","NO INDICATION OF INJURY","0","0","0","0","0","2","0","14","2","2","41.9241328942","-87.746079984","POINT (-87.746079984023 41.924132894189)"
"ede5527b811a3b06808f10c312a884fecc0894fea8d66c8949452add399b98fbf22558dde930b60394d983d37cfd850c973cad6f8876902ba90b3c2629bda2e6",,"2026-02-23T14:47:00.000","30","NO CONTROLS","NO CONTROLS","UNKNOWN","UNKNOWN","REAR END","ONE-WAY",,"STRAIGHT AND LEVEL","UNKNOWN","UNKNOWN","NOT ON SCENE (DESK REPORT)","NO INJURY / DRIVE AWAY",,,,"OVER $1,500","2026-02-23T17:00:00.000","FOLLOWING TOO CLOSELY","FOLLOWING TOO CLOSELY","4645","S","HERMITAGE AVE","924",,,,,,,"2","NO INDICATION OF INJURY","0","0","0","0","0","2","0","14","2","2","41.8090573917","-87.668475794","POINT (-87.668475794015 41.809057391724)"
"13a6b24b1d49fd5132c8010e692bcbcdea1389ef8fd906689024ce7731922c3c9057541225df314e3bfea95cedd5b6a9ef47c0ef51a0bdd09e078484b23c49a8",,"2026-02-23T14:45:00.000","30","NO CONTROLS","NO CONTROLS","CLEAR","DAYLIGHT","ANGLE","NOT DIVIDED",,"STRAIGHT AND LEVEL","DRY","UNKNOWN","NOT ON SCENE (DESK REPORT)","NO INJURY / DRIVE AWAY","Y",,,"$501 - $1,500","2026-02-23T17:44:00.000","UNABLE TO DETERMINE","UNABLE TO DETERMINE","7101","W","DEVON AVE","1611",,,,,,,"2","NO INDICATION OF INJURY","0","0","0","0","0","2","0","14","2","2","41.9976837539","-87.8050197891","POINT (-87.805019789121 41.997683753875)"
"f75873dce9ed8fa2c80226d5ca3d34bcbc08c543f8b299fcc9b3a869fdc992d2b0fc622165943c2912b8e0bb05e88bffa26c46458775f519c9c85485995f7454",,"2026-02-23T14:45:00.000","15","NO CONTROLS","NO CONTROLS","CLEAR","DAYLIGHT","PARKED MOTOR VEHICLE","TRAFFIC ROUTE",,"STRAIGHT AND LEVEL","DRY","NO DEFECTS","NOT ON SCENE (DESK REPORT)","NO INJURY / DRIVE AWAY",,,"Y","$500 OR LESS","2026-02-23T17:20:00.000","OPERATING VEHICLE IN ERRATIC, RECKLESS, CARELESS, NEGLIGENT OR AGGRESSIVE MANNER","UNABLE TO DETERMINE","5300","S","ST LOUIS AVE","822",,,,,,,"2","NO INDICATION OF INJURY","0","0","0","0","0","3","0","14","2","2","41.7970139276","-87.7111534906","POINT (-87.711153490648 41.797013927599)"
"12475593a467c86b5b7ec82647793878129d4e8c6345b08bd05e54ed7e8ecc2993d89056aee445f73f0e0c42071ce8edcb49399246f6cbb31e9dd382df5d9320",,"2026-02-23T14:38:00.000","30","TRAFFIC SIGNAL","FUNCTIONING PROPERLY","CLEAR","DAYLIGHT","TURNING","NOT DIVIDED",,"STRAIGHT AND LEVEL","DRY","NO DEFECTS","NOT ON SCENE (DESK REPORT)","NO INJURY / DRIVE AWAY",,,,"OVER $1,500","2026-02-23T15:30:00.000","IMPROPER OVERTAKING/PASSING","UNABLE TO DETERMINE","3558","N","OAK PARK AVE","1632",,,,,,,"2","NO INDICATION OF INJURY","0","0","0","0","0","3","0","14","2","2","41.9453837923","-87.7961296398","POINT (-87.796129639845 41.945383792269)"
"cd1068626f6098be560cf1b0bb6d04e8fe11beff156e5c7c0790aed6d026b1854e4ffc8c12251c2d5e9fad0bec03257cd336fa688401068df75c6f22aa1202b4",,"2026-02-23T14:36:00.000","30","NO CONTROLS","NO CONTROLS","CLEAR","DAYLIGHT","PARKED MOTOR VEHICLE","DIVIDED - W/MEDIAN (NOT RAISED)",,"STRAIGHT AND LEVEL","DRY","UNKNOWN","ON SCENE","NO INJURY / DRIVE AWAY",,,"Y","OVER $1,500","2026-02-23T14:45:00.000","UNABLE TO DETERMINE","UNABLE TO DETERMINE","11360","S","WESTERN AVE","2212",,,,,,,"2","NO INDICATION OF INJURY","0","0","0","0","0","1","0","14","2","2","41.6863887494","-87.6811332643","POINT (-87.681133264254 41.686388749428)"
"4ce3ec97896c06f5cd39d31c112e3a259448bdd228cfd397b6e654ab43be1a5e90763d0af43e5194318f9f1e7e75017f9c598b9b41a0d4d52bd20d1b93a9ee81",,"2026-02-23T14:30:00.000","15","NO CONTROLS","NO CONTROLS","CLEAR","DAYLIGHT","REAR TO SIDE","PARKING LOT",,"STRAIGHT AND LEVEL","DRY","NO DEFECTS","NOT ON SCENE (DESK REPORT)","NO INJURY / DRIVE AWAY",,,,"OVER $1,500","2026-02-23T15:02:00.000","IMPROPER BACKING","UNABLE TO DETERMINE","4010","W","LAWRENCE AVE","1712",,,,,,,"2","NO INDICATION OF INJURY","0","0","0","0","0","3","0","14","2","2","41.9683459868","-87.7285180202","POINT (-87.728518020177 41.968345986776)"
"5e40e07e7fc6ab3fd3789eb9334aad5b7e4bf7e7334650d8bd925eb1e271c06cc8c72a84e7c3c061c8dc3d895e39b3b3e56ec36d9b5dca30c8fddc0c800b96d3",,"2026-02-23T14:30:00.000","30","UNKNOWN","UNKNOWN","CLEAR","DAYLIGHT","TURNING","NOT DIVIDED",,"STRAIGHT AND LEVEL","UNKNOWN","UNKNOWN","NOT ON SCENE (DESK REPORT)","NO INJURY / DRIVE AWAY",,,,"OVER $1,500","2026-02-23T14:50:00.000","UNABLE TO DETERMINE","UNABLE TO DETERMINE","3155","N","CLYBOURN AVE","1931",,,,,,,"2","NO INDICATION OF INJURY","0","0","0","0","0","2","0","14","2","2","41.9389216194","-87.6870941061","POINT (-87.687094106135 41.938921619436)"
"8b7c68802890fb4f07f136cda7aa982b39c9c50dd4ae1bae60f78035ccaba4852578a60ea58cb233f78a38641f8efeac4b269fe5d7793e043389cefbb2d66f1d",,"2026-02-23T14:30:00.000","30","NO CONTROLS","NO CONTROLS","CLEAR","DAYLIGHT","ANGLE","ONE-WAY",,"STRAIGHT AND LEVEL","DRY","UNKNOWN","NOT ON SCENE (DESK REPORT)","NO INJURY / DRIVE AWAY","Y",,"Y","OVER $1,500","2026-02-23T15:56:00.000","UNABLE TO DETERMINE","UNABLE TO DETERMINE","7881","S","EAST END AVE","414","Y","Y",,,,,"2","NO INDICATION OF INJURY","0","0","0","0","0","2","0","14","2","2","41.7516072401","-87.5831636009","POINT (-87.583163600891 41.751607240055)"
"948e16f20173376b1ef89cd870ac2103ea9f04eb68618a3d6686a97fbfcb4f0e666b4db018829ea2dc3570d1a680809b781400b4562f889199f6a74a5a04eabd",,"2026-02-23T14:30:00.000","30","NO CONTROLS","NO CONTROLS","CLEAR","DAYLIGHT","PARKED MOTOR VEHICLE","ALLEY",,"STRAIGHT AND LEVEL","DRY","NO DEFECTS","NOT ON SCENE (DESK REPORT)","NO INJURY / DRIVE AWAY",,,,"OVER $1,500","2026-02-23T15:55:00.000","IMPROPER OVERTAKING/PASSING","NOT APPLICABLE","5235","S","HARPER CT","234",,,,,,,"2","NO INDICATION OF INJURY","0","0","0","0","0","2","0","14","2","2","41.800004371","-87.5880856951","POINT (-87.588085695066 41.800004371015)"
"4283ba4a3536b6a29b4658bd856ef8da569bc686d0c9eff7716b6cf61b61567d64f609f114a33de13bf0e94e11aec26d5a1ce314e2c7b6a52eacb65777e5c193",,"2026-02-23T14:27:00.000","30","UNKNOWN","UNKNOWN","UNKNOWN","UNKNOWN","SIDESWIPE SAME DIRECTION","UNKNOWN",,"STRAIGHT AND LEVEL","UNKNOWN","UNKNOWN","NOT ON SCENE (DESK REPORT)","NO INJURY / DRIVE AWAY",,,"Y","OVER $1,500","2026-02-26T17:45:00.000","UNABLE TO DETERMINE","UNABLE TO DETERMINE","3782","W","79TH ST","833",,,,,,,"2","NO INDICATION OF INJURY","0","0","0","0","0","2","0","14","2","2","41.7497472004","-87.7175586232","POINT (-87.717558623175 41.749747200436)"
"0ca17a7668a4fe236da1ed5c1d864858e67b22c176c518dd335d7e4e8a0306fb705c8d331dc667442395f03cabf3574a2472deb80aa4803bb9ca3ef5c7fad666",,"2026-02-23T14:26:00.000","25","NO CONTROLS","NO CONTROLS","CLEAR","DAYLIGHT","SIDESWIPE SAME DIRECTION","TRAFFIC ROUTE",,"STRAIGHT AND LEVEL","DRY","NO DEFECTS","ON SCENE","NO INJURY / DRIVE AWAY",,,,"OVER $1,500","2026-02-23T14:55:00.000","FAILING TO YIELD RIGHT-OF-WAY","DRIVING SKILLS/KNOWLEDGE/EXPERIENCE","338","E","63RD ST","311",,,,,,,"2","NO INDICATION OF INJURY","0","0","0","0","0","2","0","14","2","2","41.7803198844","-87.6172265634","POINT (-87.617226563408 41.780319884421)"
"d6f63bdb86fabeb89efdc7fb08e9b0531e901601c075c58e7d7477951d5993f6c0fa41c71d01de7e1a6587a1a8bee00d558e574292e8f6a27d6f872cc78379df",,"2026-02-23T14:19:00.000","30","TRAFFIC SIGNAL","FUNCTIONING PROPERLY","CLEAR","DAYLIGHT","REAR END","FOUR WAY",,"STRAIGHT AND LEVEL","DRY","NO DEFECTS","ON SCENE","INJURY AND / OR TOW DUE TO CRASH","Y",,,"OVER $1,500","2026-02-23T14:25:00.000","FOLLOWING TOO CLOSELY","FAILING TO REDUCE SPEED TO AVOID CRASH","5157","N","WESTERN AVE","2031",,,,,,,"2","REPORTED, NOT EVIDENT","2","0","0","0","2","1","0","14","2","2","41.9757430354","-87.6889974195","POINT (-87.688997419474 41.975743035411)"
"0977aa13c932e433a470e2382b30c57b281b6816c818fecf17e9281ddf0c84abc677e7ad55ecf2413773bb963c2215c75eae2d471508452eabde63d2297da65d",,"2026-02-23T14:15:00.000","15","NO CONTROLS","NO CONTROLS","CLEAR","DAYLIGHT","SIDESWIPE OPPOSITE DIRECTION","PARKING LOT",,"STRAIGHT AND LEVEL","DRY","NO DEFECTS","NOT ON SCENE (DESK REPORT)","NO INJURY / DRIVE AWAY",,"N",,"$500 OR LESS","2026-02-23T14:55:00.000","IMPROPER OVERTAKING/PASSING","NOT APPLICABLE","5110","N","DAMEN AVE","2032",,,,,,,"2","NO INDICATION OF INJURY","0","0","0","0","0","2","0","14","2","2","41.9750792151","-87.6795213909","POINT (-87.679521390853 41.97507921515)"