"crash_record_id","crash_date_est_i","crash_date","posted_speed_limit","traffic_control_device","device_condition","weather_condition","lighting_condition","first_crash_type","trafficway_type","lane_cnt","alignment","roadway_surface_cond","road_defect","report_type","crash_type","intersection_related_i","private_property_i","hit_and_run_i","damage","date_police_notified","prim_contributory_cause","sec_contributory_cause","street_no","street_direction","street_name","beat_of_occurrence","photos_taken_i","statements_taken_i","dooring_i","work_zone_i","work_zone_type","workers_present_i","num_units","most_severe_injury","injuries_total","injuries_fatal","injuries_incapacitating","injuries_non_incapacitating","injuries_reported_not_evident","injuries_no_indication","injuries_unknown","crash_hour","crash_day_of_week","crash_month","latitude","longitude","location"
"1670acc9356a8e64c60a559cf4d3d7686c0a6c58ee8fc3e439b872025314106e3003d129cdb775aaa806f7806b230a63e631fc5e48f85ad484c7ed0844257c8a",,"2026-02-23T14:12:00.000","30","NO CONTROLS","NO CONTROLS","CLEAR","DAYLIGHT","PEDESTRIAN","ONE-WAY",,"STRAIGHT AND LEVEL","SNOW OR SLUSH","UNKNOWN","ON SCENE","INJURY AND / OR TOW DUE TO CRASH",,,"N","$500 OR LESS","2026-02-23T14:15:00.000","DRIVING SKILLS/KNOWLEDGE/EXPERIENCE","UNABLE TO DETERMINE","753","W","31ST ST","915",,,,,,,"2","NONINCAPACITATING INJURY","1","0","0","1","0","1","0","14","2","2","41.8379390914","-87.645963751","POINT (-87.645963750967 41.837939091425)"
"5903c30ce8a281d74ac67aaf66c997c2d0524cae56898d58d5cdf7fe3f4925896d7199829ef0617d71ed60b412b462cea53e0ea734090524ace8cb63cc8adbfb",,"2026-02-23T14:12:00.000","10","NO CONTROLS","NO CONTROLS","CLEAR","DAYLIGHT","PARKED MOTOR VEHICLE","PARKING LOT",,"STRAIGHT AND LEVEL","SNOW OR SLUSH","UNKNOWN","ON SCENE","INJURY AND / OR TOW DUE TO CRASH",,,"Y","OVER $1,500","2026-02-23T14:15:00.000","DRIVING SKILLS/KNOWLEDGE/EXPERIENCE","UNABLE TO DETERMINE","735","W","31ST ST","915",,,,,,,"2","NO INDICATION OF INJURY","0","0","0","0","0","1","0","14","2","2","41.8379488128","-87.6452091134","POINT (-87.645209113362 41.837948812772)"
"7c785d47d60f4fd6e0243b365d6fe74b18c92d34aa7c53153b61451d844a50fb4a4ff52ff1051827fde562ba3328f01e34df47473368aef2d2002e9eb1f75a94",,"2026-02-23T14:10:00.000","30","TRAFFIC SIGNAL","FUNCTIONING PROPERLY","CLEAR","DAYLIGHT","TURNING","NOT DIVIDED",,"STRAIGHT AND LEVEL","DRY","NO DEFECTS","NOT ON SCENE (DESK REPORT)","NO INJURY / DRIVE AWAY",,,,"OVER $1,500","2026-02-24T08:20:00.000","FAILING TO YIELD RIGHT-OF-WAY","NOT APPLICABLE","7189","W","BELMONT AVE","2511",,,,,,,"2","NO INDICATION OF INJURY","0","0","0","0","0","2","0","14","2","2","41.937887264","-87.8066792091","POINT (-87.806679209129 41.937887264034)"
"37ce4931fa65d5159266367dbb2225115c9bc6e83ca6587ecc9cda27ccd9c5f53742793783c6e28a4855eeb5bcea1b3e3205c1c24564a6619ad5110d9cf9d84f",,"2026-02-23T14:07:00.000","20","UNKNOWN","NO CONTROLS","CLEAR","DAYLIGHT","TURNING","ONE-WAY",,"STRAIGHT AND LEVEL","DRY","UNKNOWN","ON SCENE","INJURY AND / OR TOW DUE TO CRASH",,,,"OVER $1,500","2026-02-23T14:14:00.000","UNABLE TO DETERMINE","NOT APPLICABLE","3814","N","JANSSEN AVE","1922",,"Y",,,,,"2","REPORTED, NOT EVIDENT","1","0","0","0","1","1","0","14","2","2","41.9511716406","-87.6659113327","POINT (-87.665911332678 41.951171640556)"
"a096d29c866d369f70179e2de66d568f55d7b09f3069ee7aa1379ce18426918f8c50374a1f5908673a8048bd35879219af22bdff70c3d901c023c899664f080c",,"2026-02-23T14:05:00.000","30","TRAFFIC SIGNAL","UNKNOWN","CLEAR","DAYLIGHT","ANGLE","UNKNOWN INTERSECTION TYPE",,"STRAIGHT AND LEVEL","DRY","NO DEFECTS","ON SCENE","INJURY AND / OR TOW DUE TO CRASH","Y",,,"OVER $1,500","2026-02-23T14:05:00.000","DISREGARDING TRAFFIC SIGNALS","DISTRACTION - FROM INSIDE VEHICLE","98","S","ASHLAND AVE","1224",,,,,,,"2","REPORTED, NOT EVIDENT","1","0","0","0","1","1","0","14","2","2","41.880198066","-87.6669068524","POINT (-87.666906852434 41.880198065998)"
"8d7d87ff934a2b79555b02c977cfc61ced7b99c274a4304e4166e3dfb560dddc9335f687a433abfd4e85b81e74c95892a866ee73534fba01370341486b6fd1f2",,"2026-02-23T14:00:00.000","25","STOP SIGN/FLASHER","FUNCTIONING PROPERLY","CLEAR","DAYLIGHT","ANGLE","ONE-WAY",,"STRAIGHT AND LEVEL","DRY","NO DEFECTS","NOT ON SCENE (DESK REPORT)","NO INJURY / DRIVE AWAY","Y",,"Y","OVER $1,500","2026-02-23T20:30:00.000","UNABLE TO DETERMINE","UNABLE TO DETERMINE","5232","W","FULTON ST","1523",,,,,,,"2","NO INDICATION OF INJURY","0","0","0","0","0","2","0","14","2","2","41.8857331611","-87.7564229665","POINT (-87.756422966506 41.88573316114)"
"f867ed32a1d0297e412c3ff5aa2643ea2dd43cef029521bb0b8f4abe0a7337c3a337f1a12474a5e51649a869fff4317e3f14dbb1900ff7ec85985cee143ac471",,"2026-02-23T14:00:00.000","30","NO CONTROLS","NO CONTROLS","CLEAR","DAYLIGHT","SIDESWIPE SAME DIRECTION","NOT DIVIDED",,"STRAIGHT AND LEVEL","UNKNOWN","NO DEFECTS","NOT ON SCENE (DESK REPORT)","NO INJURY / DRIVE AWAY",,,"Y","OVER $1,500","2026-02-23T15:50:00.000","DRIVING SKILLS/KNOWLEDGE/EXPERIENCE","NOT APPLICABLE","1600","S","KOSTNER AVE","1012",,,,,,,"2","NO INDICATION OF INJURY","0","0","0","0","0","2","0","14","2","2","41.858681849","-87.7348806428","POINT (-87.734880642816 41.858681848973)"
"2e6b904406bbd1867dc4be76d648219f8af88bdda5579bb66ab9a1073ff04cf47e7e37cf5d00e92cfacbce49b3c570a2d6c4881b417d0410c9aad83133063147",,"2026-02-23T13:59:00.000","30","TRAFFIC SIGNAL","FUNCTIONING PROPERLY","CLEAR","DAYLIGHT","TURNING","NOT DIVIDED",,"STRAIGHT AND LEVEL","DRY","NO DEFECTS","ON SCENE","NO INJURY / DRIVE AWAY","Y",,,"OVER $1,500","2026-02-23T13:59:00.000","IMPROPER TURNING/NO SIGNAL","UNABLE TO DETERMINE","1103","W","CHICAGO AVE","1215",,,,,,,"2","NO INDICATION OF INJURY","0","0","0","0","0","2","0","13","2","2","41.8961568865","-87.6554394505","POINT (-87.655439450454 41.896156886513)"
"1b92d28b4b363d78a9e85cfdfcd4cf04e5ebd7b92d19f13dfab623ea1962ece7f24214b9e86bff6b933c584de3a2bd341b63af47daf59749b729f42c3adbb1b1",,"2026-02-23T13:57:00.000","30","NO CONTROLS","NO CONTROLS","CLEAR","DAYLIGHT","TURNING","NOT DIVIDED",,"STRAIGHT AND LEVEL","DRY","NO DEFECTS","ON SCENE","NO INJURY / DRIVE AWAY",,,"Y","OVER $1,500","2026-02-23T13:57:00.000","FAILING TO YIELD RIGHT-OF-WAY","FAILING TO YIELD RIGHT-OF-WAY","7600","S","EVANS AVE","624",,,,,,,"2","NO INDICATION OF INJURY","0","0","0","0","0","2","0","13","2","2","41.756644207","-87.6067299155","POINT (-87.60672991553 41.756644206953)"
"edd3b95b4cacc90d3d7c1fcf721a3be5f56f2de4fcc844338e9f11d11e95ab14fb8e4dcf3ac6a40d3eb720c7cddadc7a6be35503fbc23b886e0c1e6138ffe970",,"2026-02-23T13:43:00.000","30","NO CONTROLS","NO CONTROLS","CLEAR","DAYLIGHT","ANGLE","NOT DIVIDED",,"STRAIGHT AND LEVEL","DRY","NO DEFECTS","ON SCENE","INJURY AND / OR TOW DUE TO CRASH","Y",,,"OVER $1,500","2026-02-23T13:44:00.000","FAILING TO YIELD RIGHT-OF-WAY","FAILING TO YIELD RIGHT-OF-WAY","1400","W","73RD PL","734",,"Y",,,,,"2","REPORTED, NOT EVIDENT","1","0","0","0","1","1","0","13","2","2","41.7605443562","-87.6589329588","POINT (-87.658932958793 41.760544356221)"
"57169f6556b8713f93368d52027859a3644a4ddfe5b8c10b96864ea248a6c17fd5df524db7713c069287aece72a8bc03e4f81109525e6ccfef73175b773d2673",,"2026-02-23T13:32:00.000","30","STOP SIGN/FLASHER","FUNCTIONING PROPERLY","CLEAR","DAYLIGHT","REAR END","NOT DIVIDED",,"STRAIGHT AND LEVEL","DRY","UNKNOWN","NOT ON SCENE (DESK REPORT)","NO INJURY / DRIVE AWAY",,,"Y","OVER $1,500","2026-02-23T15:00:00.000","UNABLE TO DETERMINE","NOT APPLICABLE","5940","W","NORTH AVE","2531",,,,,,,"3","NO INDICATION OF INJURY","0","0","0","0","0","3","0","13","2","2","41.9093784698","-87.7743733929","POINT (-87.774373392927 41.909378469767)"
"63d0b30367f185fc6ce6584bd291111d833c19a4666655dbaf34b09508c40de11b7df2cd62ec716b6ed7bc2b86c5f390b528dfd28753055f51ba58cf215e91bd",,"2026-02-23T13:30:00.000","35","TRAFFIC SIGNAL","FUNCTIONING PROPERLY","CLEAR","DAYLIGHT","REAR END","FOUR WAY",,"STRAIGHT AND LEVEL","DRY","NO DEFECTS","NOT ON SCENE (DESK REPORT)","NO INJURY / DRIVE AWAY","Y",,"Y","$501 - $1,500","2026-02-23T14:30:00.000","NOT APPLICABLE","NOT APPLICABLE","1801","S","CANAL ST","1235","Y","N",,,,,"2","NO INDICATION OF INJURY","0","0","0","0","0","2","0","13","2","2","41.8575700476","-87.6387853651","POINT (-87.638785365139 41.857570047555)"
"802bf940771ca4cfb22920ab08e0e408d7c1a259737d55ba0ba58245a5ea4ae4cc17f59d7f0cbede2b9268f26c3266da966630c0520d18444821d203eca3cb35",,"2026-02-23T13:30:00.000","30","TRAFFIC SIGNAL","FUNCTIONING PROPERLY","CLEAR","DAYLIGHT","TURNING","DIVIDED - W/MEDIAN BARRIER",,"STRAIGHT AND LEVEL","DRY","NO DEFECTS",,"INJURY AND / OR TOW DUE TO CRASH","Y",,,"OVER $1,500","2026-02-24T13:30:00.000","UNABLE TO DETERMINE","UNABLE TO DETERMINE","3500","S","CALIFORNIA AVE","911",,,,,,,"2","NONINCAPACITATING INJURY","1","0","0","1","0","2","0","13","2","2","41.8300272836","-87.6949378391","POINT (-87.69493783907 41.830027283593)"
"b09657c92229dcb6eb86ed825567c00ccc319a46520907cd4921d5c5b13672b584355c025d7a9f6a5bfbe82cc10544873cb922a644264a31220325269e0594c3",,"2026-02-23T13:30:00.000","30","TRAFFIC SIGNAL","FUNCTIONING PROPERLY","CLEAR","DAYLIGHT","REAR END","NOT DIVIDED",,"STRAIGHT AND LEVEL","DRY","NO DEFECTS",,"INJURY AND / OR TOW DUE TO CRASH",,,,"OVER $1,500","2026-02-25T11:00:00.000","FAILING TO REDUCE SPEED TO AVOID CRASH","NOT APPLICABLE","3999","N","NARRAGANSETT AVE","1633",,,,,,,"2","REPORTED, NOT EVIDENT","1","0","0","0","1","1","0","13","2","2","41.9528596937","-87.7864098619","POINT (-87.786409861918 41.952859693691)"
"ebbbd1715a0ef2e687fd32b808254702702d4b5b2cfe342025dd0176a954499cc9494765089c7adf3cc6a63326ebe20d95073b90e4a30afcda2614269f6f73a5",,"2026-02-23T13:30:00.000","30","TRAFFIC SIGNAL","FUNCTIONING PROPERLY","CLEAR","DAYLIGHT","PARKED MOTOR VEHICLE","DIVIDED - W/MEDIAN (NOT RAISED)",,"STRAIGHT AND LEVEL","DRY","UNKNOWN","NOT ON SCENE (DESK REPORT)","NO INJURY / DRIVE AWAY",,,,"OVER $1,500","2026-02-23T15:30:00.000","IMPROPER OVERTAKING/PASSING","NOT APPLICABLE","959","N","WESTERN AVE","1212","Y","Y",,,,,"2","NO INDICATION OF INJURY","0","0","0","0","0","1","0","13","2","2","41.899336538","-87.6867881706","POINT (-87.686788170572 41.899336537995)"
"d1246a794e007c81de3ebfabec0f91fcb268a7802f2827d053d9fd8531b3568af71e1aeee36b5ab63529a8224446e0045e7c0e34f94db855ad979cd275358e66",,"2026-02-23T13:25:00.000","30","NO CONTROLS","NO CONTROLS","CLEAR","DAYLIGHT","PARKED MOTOR VEHICLE","NOT DIVIDED",,"STRAIGHT AND LEVEL","DRY","UNKNOWN","NOT ON SCENE (DESK REPORT)","NO INJURY / DRIVE AWAY",,,,"OVER $1,500","2026-02-23T14:00:00.000","UNABLE TO DETERMINE","UNABLE TO DETERMINE","3204","N","SOUTHPORT AVE","1922",,,,,,,"2","NO INDICATION OF INJURY","0","0","0","0","0","1","0","13","2","2","41.9399327531","-87.6639735545","POINT (-87.663973554533 41.939932753099)"
"94577641576f4829994421e9cb85099ba3af43b2def85f62c2bbe19f637a3e3b61c26591e1966cfb3d36c6603d26ec60949ce2178bfe00729040c4b5ba50b349",,"2026-02-23T13:20:00.000","30","TRAFFIC SIGNAL","FUNCTIONING PROPERLY","CLEAR","DAYLIGHT","TURNING","DIVIDED - W/MEDIAN (NOT RAISED)",,"STRAIGHT AND LEVEL","DRY","NO DEFECTS","ON SCENE","NO INJURY / DRIVE AWAY",,,,"OVER $1,500","2026-02-23T13:30:00.000","NOT APPLICABLE","NOT APPLICABLE","1600","N","KEDZIE AVE","1421",,,,,,,"2","NO INDICATION OF INJURY","0","0","0","0","0","4","0","13","2","2","41.9102509232","-87.7070236502","POINT (-87.707023650163 41.910250923179)"
"d7a6aaccdeb75707d2981e7567489b474cb8901df84584e69b51dd77ce7523f854abbef845c74bb1920082ba7328f3e268c33b253b16d86170335fe0794af3f0",,"2026-02-23T13:20:00.000","20","TRAFFIC SIGNAL","FUNCTIONING PROPERLY","CLEAR","DAYLIGHT","SIDESWIPE SAME DIRECTION","NOT DIVIDED",,"STRAIGHT AND LEVEL","DRY","NO DEFECTS","NOT ON SCENE (DESK REPORT)","NO INJURY / DRIVE AWAY","Y",,"Y","OVER $1,500","2026-02-23T15:20:00.000","UNABLE TO DETERMINE","UNABLE TO DETERMINE","3100","S","PULASKI RD","1031",,,,,,,"2","NO INDICATION OF INJURY","0","0","0","0","0","2","0","13","2","2","41.836789643","-87.7244954651","POINT (-87.724495465118 41.836789642982)"
"932303c40fc2c839a529ceff5b25cc8391f00b715fc6201306289e92674fd067752de927a709e80022e018b1c3522e3eeffb458eb1be2dc05ec603148fea9e8b",,"2026-02-23T13:15:00.000","30","UNKNOWN","UNKNOWN","CLEAR","DAYLIGHT","PARKED MOTOR VEHICLE","UNKNOWN",,"STRAIGHT AND LEVEL","UNKNOWN","UNKNOWN","NOT ON SCENE (DESK REPORT)","NO INJURY / DRIVE AWAY",,,,"OVER $1,500","2026-02-23T14:35:00.000","UNABLE TO DETERMINE","NOT APPLICABLE","2201","N","KILDARE AVE","2522",,,,,,,"2","NO INDICATION OF INJURY","0","0","0","0","0","1","0","13","2","2","41.9208297865","-87.7338570458","POINT (-87.733857045839 41.920829786519)"
"b6e3a089c28fee79ac8b2f1bcd5a88ad1dfee59b178857c0468913cc05ff7f35a34638b69591f3bdf186ad7d10ccde623500cdab837a075d0dfa325c3f44e432",,"2026-02-23T13:11:00.000","15","NO CONTROLS","NO CONTROLS","CLEAR","DAYLIGHT","HEAD ON","ALLEY",,"STRAIGHT AND LEVEL","DRY","UNKNOWN","ON SCENE","NO INJURY / DRIVE AWAY",,,,"$501 - $1,500","2026-02-23T13:11:00.000","OPERATING VEHICLE IN ERRATIC, RECKLESS, CARELESS, NEGLIGENT OR AGGRESSIVE MANNER","NOT APPLICABLE","4763","N","KEYSTONE AVE","1722",,,,,,,"2","NO INDICATION OF INJURY","0","0","0","0","0","2","0","13","2","2","41.9674529236","-87.7290794038","POINT (-87.729079403783 41.967452923648)"
"9e22d7f82f5890ce5e55f0a0c6784b0820d3905c15cc253bf2673647834e6570e99bfbc47d6b3980557c56f1b606db784f4b888488c695534271d5043b6ed44e",,"2026-02-23T13:05:00.000","30","TRAFFIC SIGNAL","FUNCTIONING PROPERLY","CLEAR","DAYLIGHT","REAR END","DIVIDED - W/MEDIAN BARRIER",,"STRAIGHT AND LEVEL","DRY","WORN SURFACE","ON SCENE","INJURY AND / OR TOW DUE TO CRASH",,,,"$501 - $1,500","2026-02-23T13:30:00.000","ROAD ENGINEERING/SURFACE/MARKING DEFECTS","ROAD ENGINEERING/SURFACE/MARKING DEFECTS","4539","N","CICERO AVE","1722",,,,,,,"2","REPORTED, NOT EVIDENT","1","0","0","0","1","1","0","13","2","2","41.9636237843","-87.7471479497","POINT (-87.747147949688 41.963623784312)"
"5529ce8a435396233ce4ae9044a5ce1922ea1334d17db5bc2af72c956b9dbe84624342232feaabd42930d21501ccc1db89c1783e2cd31bb281fbd79ac1f5a2c6",,"2026-02-23T13:00:00.000","15","NO CONTROLS","NO CONTROLS","CLEAR","DAYLIGHT","SIDESWIPE OPPOSITE DIRECTION","PARKING LOT",,"STRAIGHT AND LEVEL","DRY","NO DEFECTS","NOT ON SCENE (DESK REPORT)","NO INJURY / DRIVE AWAY",,,,"$501 - $1,500","2026-02-26T13:45:00.000","UNABLE TO DETERMINE","UNABLE TO DETERMINE","3000","S","HALSTED ST","913",,,,,,,"2","NO INDICATION OF INJURY","0","0","0","0","0","2","0","13","2","2","41.8397719466","-87.6464675111","POINT (-87.646467511129 41.839771946584)"
"564f2c6f8c25b1a985acb74c2c05d215ececaf8060a6766eb750b024bae9943752de9c56f60dcb06bc6c4846b89a6d328b7d5782462adba875304b86cabd255f","Y","2026-02-23T13:00:00.000","30","NO CONTROLS","NO CONTROLS","SNOW","DAYLIGHT","PARKED MOTOR VEHICLE","ONE-WAY",,"STRAIGHT AND LEVEL","WET","NO DEFECTS","ON SCENE","NO INJURY / DRIVE AWAY",,,"Y","$501 - $1,500","2026-02-23T14:13:00.000","UNABLE TO DETERMINE","NOT APPLICABLE","5052","W","MAYPOLE AVE","1532",,,,,,,"2","NO INDICATION OF INJURY","0","0","0","0","0","1","0","13","2","2","41.8844681612","-87.7524164743","POINT (-87.752416474316 41.884468161241)"
"a1ca4a02e40c0ff8ac2d436887a396e55231da30932401e88a6f729e1ed1aadccc208565287e8af281aeb983b1d358c6ccd1d29d91bb51246674c8bada89b473",,"2026-02-23T12:55:00.000","30","UNKNOWN","UNKNOWN","UNKNOWN","UNKNOWN","REAR END","NOT DIVIDED",,"STRAIGHT AND LEVEL","UNKNOWN","UNKNOWN","NOT ON SCENE (DESK REPORT)","NO INJURY / DRIVE AWAY",,,,"$500 OR LESS","2026-02-23T15:41:00.000","UNABLE TO DETERMINE","UNABLE TO DETERMINE","7557","N","RIDGE BLVD","2424",,,,,,,"2","NO INDICATION OF INJURY","0","0","0","0","0","2","0","12","2","2","42.0193616749","-87.684492584","POINT (-87.684492583985 42.019361674919)"
"a3bc7612aec8c332eadfd97e6a28f5db31b26513bcf70571308b4d83eb9e5acea52c7dcee3a6188a45d7d52d470c0044357351e767e1ca4ba5a9081878b78832",,"2026-02-23T12:55:00.000","30","NO CONTROLS","NO CONTROLS","CLEAR","DAYLIGHT","PARKED MOTOR VEHICLE","NOT DIVIDED",,"STRAIGHT AND LEVEL","DRY","NO DEFECTS","ON SCENE","NO INJURY / DRIVE AWAY",,,"Y","$500 OR LESS","2026-02-23T12:58:00.000","FAILING TO REDUCE SPEED TO AVOID CRASH","NOT APPLICABLE","5463","N","PARKSIDE AVE","1622",,,,,,,"2","NO INDICATION OF INJURY","0","0","0","0","0","1","0","12","2","2","41.980433179","-87.7694651543","POINT (-87.769465154314 41.980433179048)"
"d0cb280c77de41f42de63eba88c5ebece7cd6b8d4cb2ec76a654992a75e628b06059ab45da36c143e71b3a242d7087da02a5f7b71b1a8a1dc335cde08bfd116d",,"2026-02-23T12:48:00.000","30","NO CONTROLS","NO CONTROLS","CLEAR","DAYLIGHT","PARKED MOTOR VEHICLE","NOT DIVIDED",,"STRAIGHT AND LEVEL","DRY","NO DEFECTS","NOT ON SCENE (DESK REPORT)","NO INJURY / DRIVE AWAY",,,,"OVER $1,500","2026-02-23T13:20:00.000","UNABLE TO DETERMINE","NOT APPLICABLE","816","W","72ND ST","733",,,,,,,"2","NO INDICATION OF INJURY","0","0","0","0","0","1","0","12","2","2","41.7634797906","-87.6451572293","POINT (-87.645157229327 41.763479790632)"
"a35b3daf8a139d0292ac63b3f69ae961790e14a8a33f1215278cc305ea702d04a107e26d6a4c0ec67655ac0582340d5dfb9fb0c0f284007fe6a653d0c7bbc0c2",,"2026-02-23T12:46:00.000","30","NO CONTROLS","NO CONTROLS","CLEAR","DAYLIGHT","SIDESWIPE SAME DIRECTION","NOT DIVIDED",,"STRAIGHT AND LEVEL","DRY","NO DEFECTS","NOT ON SCENE (DESK REPORT)","NO INJURY / DRIVE AWAY",,,,"OVER $1,500","2026-02-23T14:21:00.000","FAILING TO YIELD RIGHT-OF-WAY","NOT APPLICABLE","2133","W","ROOSEVELT RD","1233",,,,,,,"2","NO INDICATION OF INJURY","0","0","0","0","0","2","0","12","2","2","41.8665889643","-87.6799896366","POINT (-87.679989636583 41.866588964306)"
"5148b3a44a9e0f20a3cebf7bec3132d2424cbb97aa72d683e0ab580d5573b8b23a5d43858a13b16d2e4341cf4ac6f11699382a575a32c4fb27461eec1e46a4b8",,"2026-02-23T12:40:00.000","30","NO CONTROLS","NO CONTROLS","CLEAR","DAYLIGHT","PARKED MOTOR VEHICLE","ONE-WAY",,"STRAIGHT AND LEVEL","DRY","NO DEFECTS","ON SCENE","NO INJURY / DRIVE AWAY",,,"Y","OVER $1,500","2026-02-23T12:43:00.000","UNABLE TO DETERMINE","UNABLE TO DETERMINE","2916","N","KEATING AVE","2521",,,,,,,"2","NO INDICATION OF INJURY","0","0","0","0","0","1","0","12","2","2","41.9339155157","-87.745566114","POINT (-87.745566114029 41.933915515693)"
"a349ce74f2474b4810ab7f6fa30d5ea1573f14bf0783bfa2a71de71f3a932c6403ee7946f3cd27d20ee929f4936113102d84b0bfd5670df069e28aa5d51edb9e",,"2026-02-23T12:35:00.000","30","TRAFFIC SIGNAL","FUNCTIONING PROPERLY","CLEAR","DAYLIGHT","TURNING","T-INTERSECTION",,"STRAIGHT AND LEVEL","DRY","NO DEFECTS","NOT ON SCENE (DESK REPORT)","NO INJURY / DRIVE AWAY","Y",,"Y","OVER $1,500","2026-02-23T12:35:00.000","FAILING TO YIELD RIGHT-OF-WAY","UNABLE TO DETERMINE","3220","W","ADDISON ST","1733",,,,,,,"2","NO INDICATION OF INJURY","0","0","0","0","0","2","0","12","2","2","41.9467332402","-87.7087935679","POINT (-87.708793567892 41.946733240155)"
"377eeff00d24dd073e1a180fd03d3f05253874bde4666796461561f4352282301a7d7625b4e1afeddb5f1db6382655ffb9bb255557979b3cd56a9ae83eddf2ce",,"2026-02-23T12:31:00.000","30","NO CONTROLS","NO CONTROLS","CLEAR","DAYLIGHT","REAR END","NOT DIVIDED",,"STRAIGHT AND LEVEL","DRY","NO DEFECTS","ON SCENE","NO INJURY / DRIVE AWAY",,,,"OVER $1,500","2026-02-23T12:36:00.000","UNABLE TO DETERMINE","UNABLE TO DETERMINE","4409","N","PULASKI RD","1723",,,,,,,"2","NO INDICATION OF INJURY","0","0","0","0","0","2","0","12","2","2","41.9612477422","-87.7276896289","POINT (-87.727689628919 41.961247742176)"
"336b6bf03dd6568c961ac868010f2ce59e8618c6a7e627071883d8bbe86e263fdd6a3dd11747af37f3991930482ff1278517430e94f6ef3859c3ee8579e71dee",,"2026-02-23T12:30:00.000","30","NO CONTROLS","FUNCTIONING PROPERLY","CLEAR","DARKNESS","REAR TO FRONT","ONE-WAY",,"STRAIGHT AND LEVEL","DRY","NO DEFECTS","ON SCENE","NO INJURY / DRIVE AWAY","N",,"Y","OVER $1,500","2026-02-23T13:00:00.000","DRIVING ON WRONG SIDE/WRONG WAY","DRIVING ON WRONG SIDE/WRONG WAY","244","W","MARQUETTE RD","722","N",,,,,,"2","NO INDICATION OF INJURY","0","0","0","0","0","2","0","12","2","2","41.7727943322","-87.631741884","POINT (-87.631741883997 41.772794332226)"
"77a6259a7aaf24f7ca879669932673b87eab51d82ed9eac39b186a40b05a68dc1b9c0e1d9bd7daf985f08256859dbf161e998d370a5783630334c7eafdc3b4e8",,"2026-02-23T12:30:00.000","30","TRAFFIC SIGNAL","UNKNOWN","CLEAR","DAYLIGHT","REAR END","NOT DIVIDED",,"STRAIGHT AND LEVEL","DRY","UNKNOWN","ON SCENE","NO INJURY / DRIVE AWAY",,,,"$501 - $1,500","2026-02-23T12:59:00.000","UNABLE TO DETERMINE","NOT APPLICABLE","3340","N","PULASKI RD","1731",,,,,,,"2","NO INDICATION OF INJURY","0","0","0","0","0","3","0","12","2","2","41.9420026664","-87.7274198078","POINT (-87.727419807827 41.942002666379)"
"f53d1474a83bb2ba8cac056ae004e4032b0f47a4b29904f2d406c90f538c7fb3f2dbd3832a49b0c7e155aaccac494c8817b28ba0734709f8a2daa5d3edc903d3",,"2026-02-23T12:25:00.000","30","TRAFFIC SIGNAL","FUNCTIONING PROPERLY","CLEAR","DAYLIGHT","REAR END","FOUR WAY",,"STRAIGHT AND LEVEL","DRY","UNKNOWN","NOT ON SCENE (DESK REPORT)","NO INJURY / DRIVE AWAY","Y",,,"$501 - $1,500","2026-02-23T13:22:00.000","FOLLOWING TOO CLOSELY","NOT APPLICABLE","5034","W","MONTROSE AVE","1623",,,,,,,"2","NO INDICATION OF INJURY","0","0","0","0","0","3","0","12","2","2","41.9607473835","-87.7537811417","POINT (-87.753781141675 41.960747383464)"
"c0fd6f7316e11e5f02b6e34b12d682ea5d647a9ec888364034124b70ae9d3c606e188357346de42b83dfa2db78806d7809f7adeee592aa6b72c8e4ae4a183f8c",,"2026-02-23T12:23:00.000","30","TRAFFIC SIGNAL","FUNCTIONING PROPERLY","CLEAR","DAYLIGHT","TURNING","DIVIDED - W/MEDIAN (NOT RAISED)",,"STRAIGHT AND LEVEL","DRY","NO DEFECTS",,"NO INJURY / DRIVE AWAY",,,,"OVER $1,500","2026-02-23T15:10:00.000","FAILING TO YIELD RIGHT-OF-WAY","NOT APPLICABLE","4768","S","LAWNDALE AVE","821",,,,,,,"2","NO INDICATION OF INJURY","0","0","0","0","0","4","0","12","2","2","41.8068307324","-87.716337998","POINT (-87.716337997959 41.806830732417)"
"2d3b11426dfed4d1d8ea10b4a3b35522ed91283072031e0d1eff7cb63465bc1ed62f77e5d852910618a1f0e912aeb7fc74980ae87838f1a0797d00a3d90653e1",,"2026-02-23T12:16:00.000","10","NO CONTROLS","NO CONTROLS","UNKNOWN","DAYLIGHT","PARKED MOTOR VEHICLE","ALLEY",,"STRAIGHT AND LEVEL","UNKNOWN","UNKNOWN","NOT ON SCENE (DESK REPORT)","NO INJURY / DRIVE AWAY",,,"Y","OVER $1,500","2026-02-23T15:00:00.000","UNABLE TO DETERMINE","NOT APPLICABLE","4910","W","ARMITAGE AVE","2522",,,,,,,"2","NO INDICATION OF INJURY","0","0","0","0","0","1","0","12","2","2","41.9169911631","-87.7499611498","POINT (-87.749961149766 41.91699116312)"
"9a73814f9d29375bd9cbabd2174fc3a2c9aff3cd12d505b5269c5bbaefce3c153f453974269a6e18bfd71eb15f4b277568555594f6aedb87a78aebb40174d28a",,"2026-02-23T12:15:00.000","30","TRAFFIC SIGNAL","FUNCTIONING PROPERLY","CLEAR","DAYLIGHT","REAR END","DIVIDED - W/MEDIAN (NOT RAISED)",,"STRAIGHT AND LEVEL","UNKNOWN","UNKNOWN","NOT ON SCENE (DESK REPORT)","NO INJURY / DRIVE AWAY","Y",,"Y","$501 - $1,500","2026-02-23T13:00:00.000","UNABLE TO DETERMINE","NOT APPLICABLE","10000","W","OHARE ST","1651",,,,,,,"2","NO INDICATION OF INJURY","0","0","0","0","0","2","0","12","2","2","41.976201139","-87.9053091251","POINT (-87.905309125103 41.976201139024)"