"crash_record_id","crash_date_est_i","crash_date","posted_speed_limit","traffic_control_device","device_condition","weather_condition","lighting_condition","first_crash_type","trafficway_type","lane_cnt","alignment","roadway_surface_cond","road_defect","report_type","crash_type","intersection_related_i","private_property_i","hit_and_run_i","damage","date_police_notified","prim_contributory_cause","sec_contributory_cause","street_no","street_direction","street_name","beat_of_occurrence","photos_taken_i","statements_taken_i","dooring_i","work_zone_i","work_zone_type","workers_present_i","num_units","most_severe_injury","injuries_total","injuries_fatal","injuries_incapacitating","injuries_non_incapacitating","injuries_reported_not_evident","injuries_no_indication","injuries_unknown","crash_hour","crash_day_of_week","crash_month","latitude","longitude","location"
"23b6f09def174e0f96999d8095ea2e1749aa36361e645ccd1f1a78efb72e09c3a41cbbc0f926bccd68133c1cec526263f9cc90de644405830f8ae686683ca1c8",,"2026-02-23T12:00:00.000","10","NO CONTROLS","NO CONTROLS","CLEAR","DAYLIGHT","PARKED MOTOR VEHICLE","PARKING LOT",,"STRAIGHT AND LEVEL","DRY","NO DEFECTS","NOT ON SCENE (DESK REPORT)","NO INJURY / DRIVE AWAY",,"Y",,"$501 - $1,500","2026-02-23T13:08:00.000","NOT APPLICABLE","NOT APPLICABLE","5874","S","ARCHER AVE","814",,,,,,,"2","NO INDICATION OF INJURY","0","0","0","0","0","1","0","12","2","2","41.795918388","-87.7617807891","POINT (-87.761780789101 41.795918387995)"
"4dde773dad31ff4eb5cb8b79b0998d5c2c4ea1eec3b54bbff3d8c2d4432d53ecd2fd2e11dadc6a12d03b58cd889f9ab29a926b24fbf758b1982dbd567329eb4e",,"2026-02-23T12:00:00.000","30","NO CONTROLS","NO CONTROLS","CLEAR","DAYLIGHT","TURNING","ONE-WAY",,"STRAIGHT AND LEVEL","DRY","WORN SURFACE","ON SCENE","NO INJURY / DRIVE AWAY","Y",,,"OVER $1,500","2026-02-23T12:01:00.000","DRIVING SKILLS/KNOWLEDGE/EXPERIENCE","NOT APPLICABLE","1758","W","31ST ST","912",,,,,,,"2","NO INDICATION OF INJURY","0","0","0","0","0","2","0","12","2","2","41.8378016548","-87.6704717815","POINT (-87.6704717815 41.837801654829)"
"8e0b9cd6f2c772ba87ff8704d07e53b7077a2562e9bb3a19d34d073559b885391470b410a5bc095534a2e1f77504b933b8c3993058e58c5bbe6263d30f0c31c6",,"2026-02-23T12:00:00.000","30","TRAFFIC SIGNAL","FUNCTIONING PROPERLY","SNOW","DAYLIGHT","REAR END","DIVIDED - W/MEDIAN BARRIER",,"STRAIGHT AND LEVEL","SNOW OR SLUSH","NO DEFECTS","ON SCENE","NO INJURY / DRIVE AWAY",,,,"OVER $1,500","2026-02-24T10:20:00.000","UNABLE TO DETERMINE","UNABLE TO DETERMINE","600","W","87TH ST","622",,,,,,,"2","NO INDICATION OF INJURY","0","0","0","0","0","2","0","12","2","2","41.7362723773","-87.6388157145","POINT (-87.638815714536 41.736272377346)"
"a60c4878f0ecdc739661ac1ac5bf5385b2af66ab976562ccf260b0525cb9a73c3eb26402dd707a6f2feccbd196cfd578d49152e63c41b669a5122653381db2f4",,"2026-02-23T11:38:00.000","30","STOP SIGN/FLASHER","FUNCTIONING PROPERLY","CLEAR","DAYLIGHT","SIDESWIPE SAME DIRECTION","DIVIDED - W/MEDIAN BARRIER",,"STRAIGHT AND LEVEL","DRY","NO DEFECTS","ON SCENE","NO INJURY / DRIVE AWAY","Y",,,"OVER $1,500","2026-02-23T12:40:00.000","IMPROPER LANE USAGE","NOT APPLICABLE","2600","S","CENTRAL PARK AVE","1032",,,,,,,"2","NO INDICATION OF INJURY","0","0","0","0","0","3","0","11","2","2","41.8442912259","-87.714930873","POINT (-87.714930873018 41.844291225879)"
"132010877cce1c3e8c7b0afacd236f46d858598b5e29635c44180c8e88d3244905d918f4e9fe775bd6b4d17526600eb6cc26b3c5b6c2de78f3c0fd26b7a94dc6",,"2026-02-23T11:30:00.000","35","NO CONTROLS","NO CONTROLS","CLEAR","DAYLIGHT","FIXED OBJECT","OTHER",,"STRAIGHT AND LEVEL","DRY","NO DEFECTS","ON SCENE","NO INJURY / DRIVE AWAY",,,,"$500 OR LESS","2026-02-23T11:40:00.000","UNABLE TO DETERMINE","UNABLE TO DETERMINE","202","E","CHICAGO AVE","1833",,,,,,,"1","NO INDICATION OF INJURY","0","0","0","0","0","1","0","11","2","2","41.8968690402","-87.6224941912","POINT (-87.622494191221 41.896869040157)"
"c3c2e4d3f7027998b37a7a227fc0f6ef0cf0b26aeab515e79424cb9d7df50241c2badb444f1ca219a8928f835c2cee7331afe818c767591e77b8332ba8275215",,"2026-02-23T11:30:00.000","30","TRAFFIC SIGNAL","FUNCTIONING PROPERLY","CLEAR","DAYLIGHT","REAR END","NOT DIVIDED",,"STRAIGHT AND LEVEL","DRY","NO DEFECTS","NOT ON SCENE (DESK REPORT)","NO INJURY / DRIVE AWAY",,,,"$501 - $1,500","2026-02-24T10:30:00.000","FAILING TO REDUCE SPEED TO AVOID CRASH","NOT APPLICABLE","4797","W","NORTH AVE","2533",,,,,,,"2","NO INDICATION OF INJURY","0","0","0","0","0","2","0","11","2","2","41.9095168462","-87.7460483997","POINT (-87.74604839974 41.90951684617)"
"2c31b69790be818a1b7d09b89f22af293d693df518f2c6c7e99e7e131c3200c4bf9437389bea546ad9bc2c57376e74f238344e49b95a85e2d55704a71cb93302",,"2026-02-23T11:20:00.000","30","UNKNOWN","UNKNOWN","CLEAR","DAYLIGHT","SIDESWIPE OPPOSITE DIRECTION","ONE-WAY",,"STRAIGHT AND LEVEL","UNKNOWN","UNKNOWN","NOT ON SCENE (DESK REPORT)","NO INJURY / DRIVE AWAY",,,"Y","OVER $1,500","2026-02-23T12:20:00.000","UNABLE TO DETERMINE","UNABLE TO DETERMINE","3164","W","52ND ST","923",,,,,,,"2","NO INDICATION OF INJURY","0","0","0","0","0","2","0","11","2","2","41.7991036136","-87.7036552015","POINT (-87.70365520152 41.799103613619)"
"6dbb985cc8af3d3f7ab7c0eb16e62e5abffd27421dffaf1189e9e91306a5efb28de93ee1cae8ab0d0fa81ee5f1e23525b9388b5a77a6415140b12c3630d1f2b5",,"2026-02-23T11:20:00.000","35","TRAFFIC SIGNAL","FUNCTIONING PROPERLY","CLEAR","DAYLIGHT","TURNING","FOUR WAY",,"STRAIGHT AND LEVEL","DRY","UNKNOWN","ON SCENE","INJURY AND / OR TOW DUE TO CRASH","Y",,,"OVER $1,500","2026-02-23T11:33:00.000","UNABLE TO DETERMINE","UNABLE TO DETERMINE","5670","S","ARCHER AVE","814",,,,,,,"2","NO INDICATION OF INJURY","0","0","0","0","0","2","0","11","2","2","41.7972865709","-87.7529006488","POINT (-87.752900648812 41.797286570901)"
"cb70fc6575b10c41459e2df429e4443b163086115dfbb400349c87376b5cac5bdc8ff4ab1f994f89e33895de107781edef00f04a6173d7d88e02fac7d61477b7",,"2026-02-23T11:20:00.000","35","NO CONTROLS","NO CONTROLS","SNOW","DAYLIGHT","ANGLE","OTHER",,"STRAIGHT AND LEVEL","SNOW OR SLUSH","UNKNOWN","ON SCENE","INJURY AND / OR TOW DUE TO CRASH","N",,,"OVER $1,500","2026-02-23T11:21:00.000","VISION OBSCURED (SIGNS, TREE LIMBS, BUILDINGS, ETC.)","NOT APPLICABLE","1131","S","CANAL ST","124",,,,,,,"3","NO INDICATION OF INJURY","0","0","0","0","0","3","0","11","2","2","41.868088212","-87.6390718074","POINT (-87.639071807371 41.86808821204)"
"3f4c3f0f7193d2244f852f4580b1aa9af33bb7d4b4ab909d563e5be9dfd47304cc838cdcce6819f05319254a4ba0803299b18001bde126cc77babff5c765c14f",,"2026-02-23T11:11:00.000","30","TRAFFIC SIGNAL","FUNCTIONING PROPERLY","CLEAR","DAYLIGHT","HEAD ON","FOUR WAY",,"STRAIGHT AND LEVEL","DRY","NO DEFECTS",,"INJURY AND / OR TOW DUE TO CRASH","Y",,,"OVER $1,500","2026-02-23T11:12:00.000","UNABLE TO DETERMINE","UNABLE TO DETERMINE","1","E","PERSHING RD","213",,,,,,,"3","NONINCAPACITATING INJURY","1","0","0","1","0","2","0","11","2","2","41.8236051799","-87.6263394216","POINT (-87.626339421617 41.823605179907)"
"2789b2576efdca4a4de77000947f7c84476a5a40575e7bbce1eb398712aa1f86e0d5da53c71b92dc998bec2624801a207bd9636e7e728711de7a01af16412821","Y","2026-02-23T11:00:00.000","30","NO CONTROLS","NO CONTROLS","CLEAR","DAYLIGHT","PARKED MOTOR VEHICLE","ONE-WAY",,"STRAIGHT AND LEVEL","DRY","NO DEFECTS","NOT ON SCENE (DESK REPORT)","NO INJURY / DRIVE AWAY",,,"Y","$501 - $1,500","2026-02-23T15:10:00.000","UNABLE TO DETERMINE","NOT APPLICABLE","6311","N","CLAREMONT AVE","2413",,,,,,,"2","NO INDICATION OF INJURY","0","0","0","0","0","1","0","11","2","2","41.9963075362","-87.6884710377","POINT (-87.688471037662 41.996307536227)"
"373111f9cf093ec3141cd3ae8280b041b76de8dd48d9ff15f7d8d9e22c58f6f9459277a5c999c17f2048d173409f23afe2ca8b3657dc26b8262a9f547962d214",,"2026-02-23T11:00:00.000","30","NO CONTROLS","NO CONTROLS","CLEAR","DAYLIGHT","REAR END","NOT DIVIDED",,"STRAIGHT AND LEVEL","DRY","NO DEFECTS","NOT ON SCENE (DESK REPORT)","NO INJURY / DRIVE AWAY",,,,"OVER $1,500","2026-02-23T11:10:00.000","FOLLOWING TOO CLOSELY","NOT APPLICABLE","4300","W","PETERSON AVE","1711",,,,,,,"2","NO INDICATION OF INJURY","0","0","0","0","0","2","0","11","2","2","41.9901494415","-87.7362780731","POINT (-87.736278073072 41.99014944148)"
"d3d708ae827d818e923e00454ad7140cc954406741c2446d656c8ba4a3e55df59ca77551e82ef39b5cd5c10f7cd920fe109c98ec5ba38497f12d0ff9c4bf7c0d",,"2026-02-23T11:00:00.000","25","NO CONTROLS","NO CONTROLS","CLEAR","DAYLIGHT","PARKED MOTOR VEHICLE","PARKING LOT",,"STRAIGHT AND LEVEL","DRY","UNKNOWN","NOT ON SCENE (DESK REPORT)","NO INJURY / DRIVE AWAY",,"Y",,"$501 - $1,500","2026-02-23T11:15:00.000","UNABLE TO DETERMINE","UNABLE TO DETERMINE","2801","S","KEDZIE AVE","1033",,,,,,,"2","NO INDICATION OF INJURY","0","0","0","0","0","1","0","11","2","2","41.8408141312","-87.7047814293","POINT (-87.704781429299 41.840814131218)"
"d80c3fb528a2df53118ee3865147d1e1273b7c6a551fd8c383a1bcc69ee03dd02387b6ecf7ffc932e1a60bbc3d4c4485a5663ff937e6ebff344fe9061865e11f",,"2026-02-23T10:43:00.000","30","NO CONTROLS","NO CONTROLS","CLEAR","DAYLIGHT","SIDESWIPE SAME DIRECTION","ONE-WAY",,"STRAIGHT AND LEVEL","DRY","NO DEFECTS","NOT ON SCENE (DESK REPORT)","NO INJURY / DRIVE AWAY",,,"Y","OVER $1,500","2026-02-23T21:20:00.000","FOLLOWING TOO CLOSELY","IMPROPER OVERTAKING/PASSING","10000","W","OHARE ST","1651",,,,,,,"2","NO INDICATION OF INJURY","0","0","0","0","0","4","0","10","2","2","41.976201139","-87.9053091251","POINT (-87.905309125103 41.976201139024)"
"37708e7921cb345b38229bc1634495dc45343452acd5c31def0ddf32c00a3cd3dc00b2b1ae7b07d31e9d29238fadc095576e3b4b2f2e8f242bd992305aa6b0a4",,"2026-02-23T10:30:00.000","30","NO CONTROLS","NO CONTROLS","CLEAR","DAYLIGHT","FIXED OBJECT","NOT DIVIDED",,"STRAIGHT AND LEVEL","WET","NO DEFECTS","ON SCENE","INJURY AND / OR TOW DUE TO CRASH",,,"Y","OVER $1,500","2026-02-23T10:30:00.000","UNABLE TO DETERMINE","UNABLE TO DETERMINE","1530","W","111TH ST","2234",,,,,,,"1","NO INDICATION OF INJURY","0","0","0","0","0","1","0","10","2","2","41.6922301318","-87.661565708","POINT (-87.661565707968 41.692230131849)"
"eacf52cb333468d82ee3c39b39716ca139673b57b92c75be935976512871923cb5dc480d24bcddd64a01ce785b976385bdb7f67c220fcad90e6f39fa60147a2d",,"2026-02-23T10:30:00.000","5","TRAFFIC SIGNAL","FUNCTIONING PROPERLY","CLOUDY/OVERCAST","DAYLIGHT","FIXED OBJECT","DRIVEWAY",,"STRAIGHT AND LEVEL","DRY","NO DEFECTS","ON SCENE","NO INJURY / DRIVE AWAY",,"Y","Y","$501 - $1,500","2026-02-23T11:30:00.000","DISREGARDING TRAFFIC SIGNALS","DISREGARDING TRAFFIC SIGNALS","2637","E","100TH ST","431",,,,,,,"1","NO INDICATION OF INJURY","0","0","0","0","0","1","0","10","2","2","41.7133192235","-87.5596681552","POINT (-87.559668155169 41.713319223481)"
"b57781c8da48a58387c16f8dc3db6454bd82fcef25172f835c5dbf9277bd96c71d7ce37047f174750473078b9de20bff7b871f559fe8f61db4646482648b19d0",,"2026-02-23T10:20:00.000","30","TRAFFIC SIGNAL","FUNCTIONING PROPERLY","CLEAR","DAYLIGHT","SIDESWIPE SAME DIRECTION","NOT DIVIDED",,"STRAIGHT AND LEVEL","DRY","NO DEFECTS","NOT ON SCENE (DESK REPORT)","NO INJURY / DRIVE AWAY",,,,"$501 - $1,500","2026-02-23T11:30:00.000","DISTRACTION - FROM INSIDE VEHICLE","NOT APPLICABLE","6800","W","GRAND AVE","2512",,,,,,,"2","NO INDICATION OF INJURY","0","0","0","0","0","2","0","10","2","2","41.9237081929","-87.7953007812","POINT (-87.795300781231 41.92370819286)"
"d04b1a3aef94df3312181fbc2d381723e8489634109de499a8bc827d34fdde6e43dd7746afd1402a3b8b7d992e04fc17b78ba791f6dd0cbc43a6630e21c5be56",,"2026-02-23T10:10:00.000","35","TRAFFIC SIGNAL","NO CONTROLS","CLEAR","DAYLIGHT","ANGLE","FOUR WAY",,"STRAIGHT AND LEVEL","DRY","NO DEFECTS","NOT ON SCENE (DESK REPORT)","NO INJURY / DRIVE AWAY","Y",,,"$500 OR LESS","2026-02-23T10:44:00.000","UNABLE TO DETERMINE","UNABLE TO DETERMINE","5527","N","NAGLE AVE","1622",,,,,,,"2","NO INDICATION OF INJURY","0","0","0","0","0","2","0","10","2","2","41.9820111293","-87.7876050701","POINT (-87.787605070098 41.982011129306)"
"87ca60e53cbda07b9311ceb5e2bea19349f35fa31026e1574755b22e87100a1a7ba0778403f2d8c20bea57761012e0bf0b9c0d8cd41ef8fc0e0610ad7c1576f1",,"2026-02-23T10:08:00.000","30","NO CONTROLS","NO CONTROLS","SNOW","DAYLIGHT","PARKED MOTOR VEHICLE","NOT DIVIDED",,"STRAIGHT AND LEVEL","WET","NO DEFECTS","ON SCENE","INJURY AND / OR TOW DUE TO CRASH",,,,"OVER $1,500","2026-02-23T10:12:00.000","DRIVING SKILLS/KNOWLEDGE/EXPERIENCE","NOT APPLICABLE","5519","S","ASHLAND AVE","713",,,,,,,"3","NO INDICATION OF INJURY","0","0","0","0","0","1","0","10","2","2","41.7930556951","-87.6644110981","POINT (-87.664411098129 41.793055695073)"
"d9339bfad5e9a2ef868bdfa2abc312235c2cfbb8e23d1f479a7017623a65257b1d1f627894182fe09bf1093cc814d69110f17e37d47161292a640eac273a67ef",,"2026-02-23T09:50:00.000","30","NO CONTROLS","NO CONTROLS","CLEAR","DAYLIGHT","SIDESWIPE SAME DIRECTION","NOT DIVIDED",,"STRAIGHT AND LEVEL","DRY","WORN SURFACE","ON SCENE","NO INJURY / DRIVE AWAY",,,"Y","$501 - $1,500","2026-02-23T10:00:00.000","FAILING TO YIELD RIGHT-OF-WAY","NOT APPLICABLE","755","W","35TH ST","915",,,,,,,"2","NO INDICATION OF INJURY","0","0","0","0","0","2","0","9","2","2","41.8306434134","-87.6458745181","POINT (-87.645874518122 41.830643413408)"
"1a45a868ecf55844574db2113d82a6f0a829a2486cc4964b4fd23698d3bdc45177f2874af4b022f7958f4df7ac3abf8bc293a8cf9eb5d7cb2df9f680bd51714b",,"2026-02-23T09:43:00.000","30","NO CONTROLS","NO CONTROLS","CLOUDY/OVERCAST","DAYLIGHT","FIXED OBJECT","NOT DIVIDED",,"STRAIGHT AND LEVEL","DRY","NO DEFECTS","ON SCENE","INJURY AND / OR TOW DUE TO CRASH",,"Y",,"OVER $1,500","2026-02-23T09:43:00.000","DISREGARDING OTHER TRAFFIC SIGNS","NOT APPLICABLE","740","N","SACRAMENTO BLVD","1221",,,,,,,"1","NO INDICATION OF INJURY","0","0","0","0","0","1","0","9","2","2","41.8950032848","-87.7023318866","POINT (-87.702331886634 41.895003284755)"
"8e65eb6838d214057b83f3d14b343d1159fd02ff08024b9060631e7f65bd6309fe7bedcef7cb9698c742baf7236a112ecb4a6c3a46bd76dc2e162ff85bf72b92",,"2026-02-23T09:35:00.000","25","NO CONTROLS","NO CONTROLS","CLEAR","DAYLIGHT","ANGLE","ONE-WAY",,"STRAIGHT AND LEVEL","DRY","UNKNOWN","NOT ON SCENE (DESK REPORT)","NO INJURY / DRIVE AWAY",,,,"$501 - $1,500","2026-02-23T11:15:00.000","FAILING TO YIELD RIGHT-OF-WAY","FAILING TO YIELD RIGHT-OF-WAY","2814","S","SHORT ST","913",,,,,,,"2","NO INDICATION OF INJURY","0","0","0","0","0","2","0","9","2","2","41.8427057932","-87.6605485425","POINT (-87.660548542496 41.842705793177)"
"9ad7802efe4b9bcc67161b84a717e3e957519dcd514d67332492160beac3cb490e211b22c52b579a24368bdfaa27d330afded17c3de88ecc4a567b1eda0dfbc9",,"2026-02-23T09:30:00.000","25","NO CONTROLS","NO CONTROLS","CLEAR","DAYLIGHT","SIDESWIPE SAME DIRECTION","ONE-WAY",,"STRAIGHT AND LEVEL","DRY","NO DEFECTS",,"NO INJURY / DRIVE AWAY",,,"N","OVER $1,500","2026-02-23T19:05:00.000","FAILING TO YIELD RIGHT-OF-WAY","UNABLE TO DETERMINE","3624","N","FRANCISCO AVE","1733",,,,,,,"2","NO INDICATION OF INJURY","0","0","0","0","0","3","0","9","2","2","41.9474347122","-87.7006456895","POINT (-87.700645689529 41.947434712216)"
"d0c8a5cc423ea8f9aeb055de09bb4ddc0291ff797082cbdf3478e6080caf3d589cea1e9dc9893bc6b377ff35091a5ac2e43b0baf8d274f69e275ff559194616c",,"2026-02-23T09:30:00.000","30","NO CONTROLS","NO CONTROLS","CLEAR","UNKNOWN","PARKED MOTOR VEHICLE","NOT DIVIDED",,"STRAIGHT AND LEVEL","DRY","UNKNOWN","NOT ON SCENE (DESK REPORT)","NO INJURY / DRIVE AWAY",,,"Y","OVER $1,500","2026-02-23T10:05:00.000","UNABLE TO DETERMINE","UNABLE TO DETERMINE","4940","S","MILLARD AVE","821",,,,,,,"2","NO INDICATION OF INJURY","0","0","0","0","0","1","0","9","2","2","41.8028300275","-87.7151833242","POINT (-87.715183324172 41.802830027488)"
"dfefa50a289748cd351289fb8959dec26952a469ab4e67c480ecb1a9ffa955fd5a10e7e3bb0bd370872aad5c9dffe9230b0cf019bec4acc2b90f499e8d60ca03",,"2026-02-23T09:30:00.000","30","TRAFFIC SIGNAL","FUNCTIONING PROPERLY","CLEAR","DAYLIGHT","REAR END","ONE-WAY",,"STRAIGHT AND LEVEL","DRY","NO DEFECTS","NOT ON SCENE (DESK REPORT)","NO INJURY / DRIVE AWAY","N",,,"OVER $1,500","2026-02-23T11:30:00.000","FOLLOWING TOO CLOSELY","DRIVING SKILLS/KNOWLEDGE/EXPERIENCE","188","W","MADISON ST","122",,,,,,,"2","NO INDICATION OF INJURY","0","0","0","0","0","2","0","9","2","2","41.8820581049","-87.6334783604","POINT (-87.633478360366 41.882058104945)"
"eafb55958bea205e0a74351ed884a92e915d9721f48c4d4babb9fca3f1c711f19b401c671678c829ff645ea81ac33b9284c9dbeec83a0173dce5f44f63a1d971",,"2026-02-23T09:30:00.000","20","STOP SIGN/FLASHER","FUNCTIONING PROPERLY","CLEAR","DAYLIGHT","SIDESWIPE SAME DIRECTION","FOUR WAY",,"STRAIGHT AND LEVEL","DRY","NO DEFECTS","NOT ON SCENE (DESK REPORT)","NO INJURY / DRIVE AWAY",,,"Y","OVER $1,500","2026-02-23T10:15:00.000","FAILING TO YIELD RIGHT-OF-WAY","FAILING TO YIELD RIGHT-OF-WAY","2310","S","MICHIGAN AVE","131",,,,,,,"2","NO INDICATION OF INJURY","0","0","0","0","0","2","0","9","2","2","41.8507369846","-87.6238984218","POINT (-87.62389842178 41.850736984644)"
"e6d4032d2b21653f513fc8967b804d6b93b96073e6b47bd85769eb4a19101bee3257d67cff80654ff1b043c091e298b4cfd975dd1d04b2dc52209ba8cd9f3927",,"2026-02-23T09:24:00.000","30","STOP SIGN/FLASHER","FUNCTIONING PROPERLY","CLEAR","DAYLIGHT","ANGLE","DIVIDED - W/MEDIAN (NOT RAISED)",,"STRAIGHT AND LEVEL","DRY","NO DEFECTS","ON SCENE","INJURY AND / OR TOW DUE TO CRASH","Y",,"Y","OVER $1,500","2026-02-23T09:27:00.000","UNABLE TO DETERMINE","UNABLE TO DETERMINE","300","W","43RD ST","925",,,,,,,"2","NO INDICATION OF INJURY","0","0","0","0","0","4","0","9","2","2","41.8164920749","-87.6336245191","POINT (-87.633624519112 41.81649207494)"
"0dd6de0fc1620ba321a171183d2d471f607f712eeaf565c639b57d4794dfb899edcbf6bf85bccc46ac0feeaf102eb18aecb469b7f517fcbf941ba6c8829ab199",,"2026-02-23T09:23:00.000","30","TRAFFIC SIGNAL","FUNCTIONING PROPERLY","CLEAR","DAYLIGHT","TURNING","DIVIDED - W/MEDIAN (NOT RAISED)",,"STRAIGHT AND LEVEL","DRY","NO DEFECTS","ON SCENE","INJURY AND / OR TOW DUE TO CRASH",,,"Y","$501 - $1,500","2026-02-23T09:30:00.000","OPERATING VEHICLE IN ERRATIC, RECKLESS, CARELESS, NEGLIGENT OR AGGRESSIVE MANNER","OPERATING VEHICLE IN ERRATIC, RECKLESS, CARELESS, NEGLIGENT OR AGGRESSIVE MANNER","3759","W","CHICAGO AVE","1112",,,,,,,"2","NONINCAPACITATING INJURY","1","0","0","1","0","1","0","9","2","2","41.8953038464","-87.7211291036","POINT (-87.721129103593 41.895303846381)"
"62a01674005852b365cfff35e22f3120e36bdc50ca09b9371145a95ad625b2caf899938567189cd588f9474efb05c0d863c99c863fffbee90c55ee10f3b86a78",,"2026-02-23T09:17:00.000","30","STOP SIGN/FLASHER","UNKNOWN","CLEAR","DAYLIGHT","TURNING","T-INTERSECTION",,"STRAIGHT AND LEVEL","DRY","UNKNOWN","NOT ON SCENE (DESK REPORT)","NO INJURY / DRIVE AWAY","Y",,,"OVER $1,500","2026-02-24T10:45:00.000","UNABLE TO DETERMINE","UNABLE TO DETERMINE","4692","W","IRVING PARK RD","1722",,,,,,,"2","NO INDICATION OF INJURY","0","0","0","0","0","2","0","9","2","2","41.95355558","-87.7455330359","POINT (-87.745533035924 41.953555579971)"
"1928a416184a6ce9f5cb209fa475f823ac7244ded9bcd2ea173cb46f83ab738f18f88231445f3ea16cad6fe9fc646551e681eb9e1e8c900a676fb2da82638838",,"2026-02-23T09:10:00.000","30","TRAFFIC SIGNAL","FUNCTIONING PROPERLY","CLEAR","DAYLIGHT","REAR END","FOUR WAY",,"STRAIGHT AND LEVEL","UNKNOWN","UNKNOWN","NOT ON SCENE (DESK REPORT)","NO INJURY / DRIVE AWAY",,,,"$501 - $1,500","2026-02-23T13:30:00.000","UNABLE TO DETERMINE","NOT APPLICABLE","598","S","DAMEN AVE","1225",,,,,,,"2","NO INDICATION OF INJURY","0","0","0","0","0","2","0","9","2","2","41.8740893295","-87.6766045617","POINT (-87.676604561676 41.874089329509)"
"a9481d42f70d9441a2b49937e44a4839786a0ba9cc70f97d12ca6e34eae69b700b79f01edd4ddf9a4ea63744b75cbd27070f816ed533a56d6539218fcffdeec1",,"2026-02-23T09:10:00.000","30","UNKNOWN","UNKNOWN","UNKNOWN","DAYLIGHT","TURNING","NOT DIVIDED",,"STRAIGHT AND LEVEL","DRY","NO DEFECTS","NOT ON SCENE (DESK REPORT)","NO INJURY / DRIVE AWAY",,,,"OVER $1,500","2026-02-23T09:14:00.000","IMPROPER TURNING/NO SIGNAL","NOT APPLICABLE","2410","N","PULASKI RD","2524",,,,,,,"2","NO INDICATION OF INJURY","0","0","0","0","0","3","0","9","2","2","41.9248316305","-87.726928411","POINT (-87.726928411017 41.924831630549)"
"955454c0823168f8acc99762fc48e223aed4ecf354cfb8e8af87fad0d7ea220a631aa6065708a37938f0e7c22cf50bb03e1fe11d0d1fa25ce51d853b88adf815",,"2026-02-23T09:00:00.000","30","STOP SIGN/FLASHER","NOT FUNCTIONING","CLEAR","DAYLIGHT","ANGLE","FOUR WAY",,"STRAIGHT AND LEVEL","WET","NO DEFECTS",,"INJURY AND / OR TOW DUE TO CRASH","Y",,,"OVER $1,500","2026-02-23T09:01:00.000","NOT APPLICABLE","NOT APPLICABLE","8500","S","RACINE AVE","613",,,,,,,"2","REPORTED, NOT EVIDENT","2","0","0","0","2","0","0","9","2","2","41.7394839524","-87.6535841038","POINT (-87.653584103794 41.73948395236)"
"d10cc36b09692eb05cda5ecb7e0c1547b4ef98f2f226253880840d143db75f88eb1a16b5b6ec53679e17f872b9311825a7a23fb95a50e30f4d995c0ca2a6cdf1",,"2026-02-23T09:00:00.000","30","NO CONTROLS","NO CONTROLS","CLEAR","DAYLIGHT","SIDESWIPE SAME DIRECTION","NOT DIVIDED",,"STRAIGHT AND LEVEL","DRY","NO DEFECTS","NOT ON SCENE (DESK REPORT)","NO INJURY / DRIVE AWAY",,,,"$500 OR LESS","2026-02-24T13:00:00.000","UNABLE TO DETERMINE","NOT APPLICABLE","4800","W","ROOSEVELT RD","1533",,,,,,,"2","NO INDICATION OF INJURY","0","0","0","0","0","2","0","9","2","2","41.8660060394","-87.7448173762","POINT (-87.74481737621 41.866006039367)"
"a4497cb767b6587d08b35e2edbbede848028487b8680cd05f0a05980de1b8a6a3c0c647e990384e0c1c9cf53d00a615b21a5e2e4a530b7bd6fd2dc5c09fcd960",,"2026-02-23T08:55:00.000","30","NO CONTROLS","NO CONTROLS","CLEAR","DAYLIGHT","PARKED MOTOR VEHICLE","NOT DIVIDED",,"STRAIGHT AND LEVEL","DRY","UNKNOWN","NOT ON SCENE (DESK REPORT)","NO INJURY / DRIVE AWAY",,,,"OVER $1,500","2026-02-23T11:44:00.000","UNABLE TO DETERMINE","UNABLE TO DETERMINE","431","N","TROY ST","1221",,,,,,,"2","NO INDICATION OF INJURY","0","0","0","0","0","4","0","8","2","2","41.8892866576","-87.7049884965","POINT (-87.704988496549 41.889286657646)"
"c9c4541c11284e2e3655ee76d5a6a9151953a685b0daf091e19f677e50eb913c4a83011ea77929e106ecda0ea47bde1b4cd5d805ce4c820cbdd3f22609d97630",,"2026-02-23T08:50:00.000","20","NO CONTROLS","NO CONTROLS","FOG/SMOKE/HAZE","DAYLIGHT","FIXED OBJECT","ALLEY",,"STRAIGHT AND LEVEL","SNOW OR SLUSH","UNKNOWN","ON SCENE","NO INJURY / DRIVE AWAY",,,,"OVER $1,500","2026-02-23T08:50:00.000","NOT APPLICABLE","NOT APPLICABLE","1501","W","18TH ST","1233",,,,,,,"1","NO INDICATION OF INJURY","0","0","0","0","0","1","0","8","2","2","41.8577236771","-87.6638797684","POINT (-87.663879768405 41.857723677134)"
"75154f06925cda0445c098a7592b8bbe17bc4d2402881d12f4fbd61d64559a8ff491cf0dd6cecb3039636ee73a08021cbfe42724baadb71b08bc802559558703",,"2026-02-23T08:47:00.000","30","NO CONTROLS","NO CONTROLS","CLEAR","DAYLIGHT","REAR END","NOT DIVIDED",,"STRAIGHT AND LEVEL","DRY","NO DEFECTS","NOT ON SCENE (DESK REPORT)","NO INJURY / DRIVE AWAY",,,"Y","OVER $1,500","2026-02-23T09:10:00.000","UNABLE TO DETERMINE","NOT APPLICABLE","4010","S","UNION AVE","925",,,,,,,"2","NO INDICATION OF INJURY","0","0","0","0","0","2","0","8","2","2","41.8213314732","-87.6435787533","POINT (-87.643578753312 41.821331473177)"