"crash_record_id","crash_date_est_i","crash_date","posted_speed_limit","traffic_control_device","device_condition","weather_condition","lighting_condition","first_crash_type","trafficway_type","lane_cnt","alignment","roadway_surface_cond","road_defect","report_type","crash_type","intersection_related_i","private_property_i","hit_and_run_i","damage","date_police_notified","prim_contributory_cause","sec_contributory_cause","street_no","street_direction","street_name","beat_of_occurrence","photos_taken_i","statements_taken_i","dooring_i","work_zone_i","work_zone_type","workers_present_i","num_units","most_severe_injury","injuries_total","injuries_fatal","injuries_incapacitating","injuries_non_incapacitating","injuries_reported_not_evident","injuries_no_indication","injuries_unknown","crash_hour","crash_day_of_week","crash_month","latitude","longitude","location"
"c9749854256f44b8e3d59cf48d8ead0f544c674dc90087df9c6e3795215b5afeef7e0898e6d345a1289e536b0026a606acf2ddfcbbf79ab23f9149db06a28602",,"2026-02-23T08:40:00.000","30","NO CONTROLS","NO CONTROLS","SNOW","DAYLIGHT","REAR END","NOT DIVIDED",,"STRAIGHT AND LEVEL","SNOW OR SLUSH","UNKNOWN","ON SCENE","NO INJURY / DRIVE AWAY",,,,"OVER $1,500","2026-02-23T08:42:00.000","UNABLE TO DETERMINE","UNABLE TO DETERMINE","1641","W","79TH ST","611",,,,,,,"2","NO INDICATION OF INJURY","0","0","0","0","0","2","0","8","2","2","41.7502234062","-87.6650448432","POINT (-87.66504484319 41.750223406184)"
"d63bc1ff643ff95edd3b70b80838ddf04a9c28b3441e46076d5a2fb4849c63526f04f36fd1ac554c61b567ae2090fb77c5a273601ff1b3b9c04de133689d9516",,"2026-02-23T08:40:00.000","30","TRAFFIC SIGNAL","FUNCTIONING PROPERLY","CLOUDY/OVERCAST","DAYLIGHT","TURNING","DIVIDED - W/MEDIAN (NOT RAISED)",,"STRAIGHT AND LEVEL","DRY","NO DEFECTS","ON SCENE","INJURY AND / OR TOW DUE TO CRASH","Y",,,"OVER $1,500","2026-02-23T08:44:00.000","FAILING TO YIELD RIGHT-OF-WAY","NOT APPLICABLE","3000","W","CHICAGO AVE","1211",,,,,,,"2","NO INDICATION OF INJURY","0","0","0","0","0","3","0","8","2","2","41.8957045249","-87.7022185235","POINT (-87.702218523538 41.895704524946)"
"7d1a378eb6241bfe5d001ad8119756843b0b4a6498bd5a17c733d7b0d60dca62ff6e1560e38b83aaa25264f304e23b411b33c78966392628568b5805d45d3f59",,"2026-02-23T08:35:00.000","30","TRAFFIC SIGNAL","FUNCTIONING PROPERLY","CLEAR","DAYLIGHT","SIDESWIPE SAME DIRECTION","NOT DIVIDED",,"STRAIGHT AND LEVEL","UNKNOWN","UNKNOWN","NOT ON SCENE (DESK REPORT)","NO INJURY / DRIVE AWAY",,,"Y","OVER $1,500","2026-02-23T09:26:00.000","IMPROPER LANE USAGE","NOT APPLICABLE","1100","S","CICERO AVE","1533",,,,,,,"2","NO INDICATION OF INJURY","0","0","0","0","0","3","0","8","2","2","41.8674132427","-87.7449461916","POINT (-87.744946191633 41.867413242739)"
"9b8d3ee2476d2469d2c1cbede3834f53ddeb9e86772ab9db1020106212949dd2e465d2ba3810f158e7197e82844397eb20cb17cf3471697bbdd79145bce59cd0",,"2026-02-23T08:34:00.000","30","TRAFFIC SIGNAL","FUNCTIONING PROPERLY","CLEAR","DAYLIGHT","SIDESWIPE SAME DIRECTION","NOT DIVIDED",,"STRAIGHT AND LEVEL","DRY","NO DEFECTS","ON SCENE","NO INJURY / DRIVE AWAY",,,,"$501 - $1,500","2026-02-23T08:36:00.000","IMPROPER OVERTAKING/PASSING","UNABLE TO DETERMINE","5753","N","BROADWAY","2022",,,,,,,"2","NO INDICATION OF INJURY","0","0","0","0","0","3","0","8","2","2","41.9869696132","-87.660023887","POINT (-87.660023886984 41.986969613183)"
"96ed6730ebe4b76e920a1cb0144a151c6cf78dd46a13c71c2e63417ca4360b2d7aa73dd5ee8fd3659f05a4f0af8beb613f8737cd73d952e825d4eea331dc956d",,"2026-02-23T08:30:00.000","30","STOP SIGN/FLASHER","UNKNOWN","UNKNOWN","UNKNOWN","PARKED MOTOR VEHICLE","ONE-WAY",,"STRAIGHT AND LEVEL","UNKNOWN","UNKNOWN","NOT ON SCENE (DESK REPORT)","NO INJURY / DRIVE AWAY",,,"Y","OVER $1,500","2026-02-23T11:29:00.000","UNABLE TO DETERMINE","UNABLE TO DETERMINE","13103","S","ST LAWRENCE AVE","533",,,,,,,"2","NO INDICATION OF INJURY","0","0","0","0","0","1","0","8","2","2","41.6571737223","-87.6074178178","POINT (-87.607417817804 41.657173722273)"
"cab83797dfcfbe6666fa8286813e32989098ce88d886d2a30f66ccf11e04ad5459b2f406f9f445ef1caf7f863ad69447dd2afc1c03d24e96b14a55733f02178b",,"2026-02-23T08:30:00.000","30","NO CONTROLS","NO CONTROLS","CLEAR","DAYLIGHT","SIDESWIPE OPPOSITE DIRECTION","DIVIDED - W/MEDIAN (NOT RAISED)",,"STRAIGHT AND LEVEL","DRY","UNKNOWN","NOT ON SCENE (DESK REPORT)","NO INJURY / DRIVE AWAY",,,,"OVER $1,500","2026-02-23T09:10:00.000","UNABLE TO DETERMINE","UNABLE TO DETERMINE","610","W","WILLOW ST","1813",,,,,,,"2","NO INDICATION OF INJURY","0","0","0","0","0","2","0","8","2","2","41.9140017382","-87.643989824","POINT (-87.64398982403 41.914001738195)"
"21060ff2902080558c001d8cffbec59f121aae3e7bbeb336d5932791de128b7ac7f438d6e3f00bdbf12ba3e772cfe62228fce0339a3b948b687ba803b5fbdfcc",,"2026-02-23T08:17:00.000","30","UNKNOWN","UNKNOWN","SNOW","DAYLIGHT","TURNING","NOT DIVIDED",,"STRAIGHT AND LEVEL","UNKNOWN","UNKNOWN","NOT ON SCENE (DESK REPORT)","NO INJURY / DRIVE AWAY",,,,"OVER $1,500","2026-02-23T08:55:00.000","UNABLE TO DETERMINE","UNABLE TO DETERMINE","5100","S","KEDZIE AVE","822",,,,,,,"2","NO INDICATION OF INJURY","0","0","0","0","0","2","0","8","2","2","41.8007272599","-87.7039102174","POINT (-87.703910217369 41.800727259896)"
"a7a707f97b122c1a6020c9677a6a83f349221ca60b379337546f5fe67d632a7fc20452139d4dfe5a6921695a734334409e5cdebc3ae6559b028bc0bf498058e7",,"2026-02-23T08:15:00.000","30","NO CONTROLS","NO CONTROLS","CLEAR","DAYLIGHT","REAR END","NOT DIVIDED",,"STRAIGHT AND LEVEL","DRY","NO DEFECTS","NOT ON SCENE (DESK REPORT)","NO INJURY / DRIVE AWAY",,,,"$500 OR LESS","2026-02-23T09:00:00.000","UNABLE TO DETERMINE","NOT APPLICABLE","713","W","GRAND AVE","1214",,,,,,,"2","NO INDICATION OF INJURY","0","0","0","0","0","3","0","8","2","2","41.8910890341","-87.6465212226","POINT (-87.646521222624 41.891089034051)"
"0ed3ac406e053bdad2c30c32f7a9a2db874f18e0d12adc58ea925b05c3b49e148a52adb96d47635cf8189120c94693154b7f4d3ec6c6947d0c9c57fbb0e35bee",,"2026-02-23T08:14:00.000","10","OTHER","OTHER","CLEAR","DAYLIGHT","PARKED MOTOR VEHICLE","PARKING LOT",,"STRAIGHT AND LEVEL","DRY","NO DEFECTS","NOT ON SCENE (DESK REPORT)","NO INJURY / DRIVE AWAY",,,,"$501 - $1,500","2026-02-23T09:10:00.000","UNABLE TO DETERMINE","UNABLE TO DETERMINE","2333","W","MADISON ST","1223",,"Y",,,,,"2","NO INDICATION OF INJURY","0","0","0","0","0","3","0","8","2","2","41.8810693742","-87.6853075527","POINT (-87.68530755272 41.881069374222)"
"c16673a77ea7e2f236c0ec532f096bfeb19b9725801d68281f206a194f62d588edf80b1ce61e7cb70a63e3b472669ba4bb7a9f3aaedca28ab5b4269fc318ddfe",,"2026-02-23T08:10:00.000","40","NO CONTROLS","NO CONTROLS","UNKNOWN","DAYLIGHT","REAR END","OTHER",,"STRAIGHT AND LEVEL","UNKNOWN","UNKNOWN","NOT ON SCENE (DESK REPORT)","INJURY AND / OR TOW DUE TO CRASH",,,,"OVER $1,500","2026-02-23T08:45:00.000","FOLLOWING TOO CLOSELY","FOLLOWING TOO CLOSELY","5600","N","LAKE SHORE DR NB","2022",,,,,,,"2","REPORTED, NOT EVIDENT","1","0","0","0","1","1","0","8","2","2","41.9839519461","-87.6532151083","POINT (-87.653215108266 41.983951946132)"
"0d06a8b1dcdec31d168858ab8635bddc68132d719359a1d372e19ae7db18c51d5a32355270e388d77a48ce07810119c8386ae20362cf70e7fa61801ff55e3c09",,"2026-02-23T08:08:00.000","30","TRAFFIC SIGNAL","UNKNOWN","CLOUDY/OVERCAST","DAYLIGHT","PEDALCYCLIST","T-INTERSECTION",,"STRAIGHT AND LEVEL","UNKNOWN","UNKNOWN","ON SCENE","NO INJURY / DRIVE AWAY",,,"Y","$500 OR LESS","2026-02-23T08:32:00.000","UNABLE TO DETERMINE","NOT APPLICABLE","4653","W","ADDISON ST","1731",,,,,,,"2","NO INDICATION OF INJURY","0","0","0","0","0","2","0","8","2","2","41.9460505864","-87.744442272","POINT (-87.744442272044 41.946050586404)"
"b00704a3191927bacf17ce811b4f6ea9c298697d7f810ce93cde0b01e4fee41b4bcc25911687116fb252dca43fb1e435d3d6b084c1157607f469c99f4ca56857",,"2026-02-23T08:06:00.000","30","STOP SIGN/FLASHER","NO CONTROLS","SNOW","DAYLIGHT","PEDESTRIAN","NOT DIVIDED",,"STRAIGHT AND LEVEL","SNOW OR SLUSH","UNKNOWN","ON SCENE","INJURY AND / OR TOW DUE TO CRASH","Y",,,"OVER $1,500","2026-02-23T08:06:00.000","NOT APPLICABLE","NOT APPLICABLE","1301","W","63RD ST","724",,,,,,,"2","REPORTED, NOT EVIDENT","1","0","0","0","1","2","0","8","2","2","41.7794637282","-87.6570906929","POINT (-87.657090692879 41.779463728195)"
"6a23dcba5add53fb54b054b268374c6ba765bb4c30ed71ddaf0313c670543a195f10790ed99213666631cd662fbfe0fbd02c5283985fe31dff73558b507a4d5e",,"2026-02-23T08:05:00.000","30","STOP SIGN/FLASHER","NO CONTROLS","CLEAR","DAYLIGHT","SIDESWIPE SAME DIRECTION","T-INTERSECTION",,"STRAIGHT AND LEVEL","DRY","NO DEFECTS","NOT ON SCENE (DESK REPORT)","NO INJURY / DRIVE AWAY","Y",,,"OVER $1,500","2026-02-23T08:08:00.000","IMPROPER OVERTAKING/PASSING","NOT APPLICABLE","2100","N","KARLOV AVE","2525",,,,,,,"2","NO INDICATION OF INJURY","0","0","0","0","0","2","0","8","2","2","41.9190514768","-87.7292077723","POINT (-87.729207772293 41.919051476764)"
"39a3c65f519f5bb41c2a6c82985f81c98c97f48af5a63d4076485723d947e04fd3629fefb56f3cbddb15e158751d9cdc2462a81387fce98118540dcc73d076b0",,"2026-02-23T08:00:00.000","30","NO CONTROLS","NO CONTROLS","CLOUDY/OVERCAST","DAYLIGHT","FIXED OBJECT","DIVIDED - W/MEDIAN (NOT RAISED)",,"STRAIGHT AND LEVEL","OTHER","NO DEFECTS","ON SCENE","NO INJURY / DRIVE AWAY",,,,"$501 - $1,500","2026-02-23T08:07:00.000","UNABLE TO DETERMINE","UNABLE TO DETERMINE","3116","W","51ST ST","923",,,,,,,"1","NO INDICATION OF INJURY","0","0","0","0","0","3","0","8","2","2","41.8009607346","-87.7020163344","POINT (-87.702016334353 41.800960734649)"
"4c0e65d1145fc1c39d43bc001673d11dc244b4c741d1c2bd0655af139ea60113734ab5ebe3532b7d55d9b3be0cdb315036831f5a9b968359dc7b90650e6206f1","Y","2026-02-23T08:00:00.000","30","NO CONTROLS","NO CONTROLS","SNOW","DAYLIGHT","SIDESWIPE SAME DIRECTION","DIVIDED - W/MEDIAN (NOT RAISED)",,"STRAIGHT AND LEVEL","UNKNOWN","UNKNOWN","ON SCENE","NO INJURY / DRIVE AWAY",,,,"OVER $1,500","2026-02-23T08:11:00.000","UNABLE TO DETERMINE","NOT APPLICABLE","3602","W","BELMONT AVE","1732",,,,,,,"2","NO INDICATION OF INJURY","0","0","0","0","0","2","0","8","2","2","41.9393240351","-87.7175515014","POINT (-87.717551501414 41.939324035095)"
"f4709cf5f14acc2568582f48a3ecf590a36e84e9b6379f62b917ef4f9ead7ac15e15e278bb9454594b61e4f7ed764dafb41ea0f62a60a206340f9a315241b74d",,"2026-02-23T07:59:00.000","30","TRAFFIC SIGNAL","FUNCTIONING PROPERLY","CLEAR","DAYLIGHT","TURNING","FOUR WAY",,"STRAIGHT AND LEVEL","DRY","UNKNOWN","ON SCENE","INJURY AND / OR TOW DUE TO CRASH","Y",,,"OVER $1,500","2026-02-23T07:59:00.000","UNABLE TO DETERMINE","UNABLE TO DETERMINE","4359","W","16TH ST","1012",,,,,,,"2","REPORTED, NOT EVIDENT","1","0","0","0","1","6","0","7","2","2","41.8586209727","-87.7346723062","POINT (-87.734672306215 41.858620972711)"
"ea8a0a308922aa0185822ca7079164128055155761ad5b2cadd8e3b84061df015a79157f0b4fdb84c8769618327e38bc7649ec6224b1b6f960c8c7fd509555ce",,"2026-02-23T07:50:00.000","30","NO CONTROLS","NO CONTROLS","UNKNOWN","DARKNESS, LIGHTED ROAD","PARKED MOTOR VEHICLE","DIVIDED - W/MEDIAN (NOT RAISED)",,"STRAIGHT AND LEVEL","UNKNOWN","UNKNOWN","NOT ON SCENE (DESK REPORT)","NO INJURY / DRIVE AWAY",,,"Y","$501 - $1,500","2026-03-04T22:15:00.000","UNABLE TO DETERMINE","UNABLE TO DETERMINE","2105","W","WARREN BLVD","1223",,,,,,,"2","NO INDICATION OF INJURY","0","0","0","0","0","1","0","7","2","2","41.8820821018","-87.6793725512","POINT (-87.67937255121 41.882082101757)"
"6723624c0d91b579402651c1d800c3b0c9867dc512c01ef3d10976e24545fb67426da436b3af69b2826db9058832246d3da28c01cd4a5c479d3edbdcbf6bd447","N","2026-02-23T07:43:00.000","25","TRAFFIC SIGNAL","FUNCTIONING PROPERLY","CLEAR","DAYLIGHT","TURNING","FOUR WAY",,"STRAIGHT AND LEVEL","DRY","NO DEFECTS","ON SCENE","INJURY AND / OR TOW DUE TO CRASH","Y",,,"OVER $1,500","2026-02-23T07:43:00.000","FAILING TO YIELD RIGHT-OF-WAY","FAILING TO YIELD RIGHT-OF-WAY","300","N","KOSTNER AVE","1113",,"N",,,,,"2","REPORTED, NOT EVIDENT","1","0","0","0","1","2","0","7","2","2","41.8854047332","-87.7357755351","POINT (-87.735775535051 41.885404733217)"
"20d4c6656a4774b2155c2bb999e86488c264ad86db3e036796de6a37b831ff3a7967a77c5190cbfb944aecf9ff837a7703aa2f4207fb130951d0c3bb892fea9d",,"2026-02-23T07:40:00.000","30","NO CONTROLS","NO CONTROLS","CLEAR","DAYLIGHT","REAR END","DIVIDED - W/MEDIAN BARRIER",,"STRAIGHT AND LEVEL","DRY","NO DEFECTS","NOT ON SCENE (DESK REPORT)","INJURY AND / OR TOW DUE TO CRASH",,,,"OVER $1,500","2026-02-23T10:15:00.000","UNABLE TO DETERMINE","UNABLE TO DETERMINE","2301","N","LAKE SHORE DR NB","1814",,,,,,,"2","REPORTED, NOT EVIDENT","2","0","0","0","2","1","0","7","2","2","41.923843098","-87.6302930201","POINT (-87.630293020065 41.923843097985)"
"6a771c6bd3a9374a86e74612f8333df140cad4e0318d62cdb600540e847ec9ae3e0409bce58c1f2e49ab20fb3880ef63a248df7fcfc4197a5ed4b37e0096b170",,"2026-02-23T07:37:00.000","30","POLICE/FLAGMAN","FUNCTIONING PROPERLY","CLEAR","DAYLIGHT","ANGLE","FOUR WAY",,"STRAIGHT AND LEVEL","DRY","UNKNOWN",,"INJURY AND / OR TOW DUE TO CRASH","Y",,,"OVER $1,500","2026-02-23T07:38:00.000","FAILING TO YIELD RIGHT-OF-WAY","UNABLE TO DETERMINE","5640","W","MADISON ST","1513",,,,,,,"2","NONINCAPACITATING INJURY","2","0","0","1","1","0","0","7","2","2","41.8803317504","-87.7664172061","POINT (-87.766417206066 41.880331750418)"
"b04ef7b1f82470fbf02b0ab51e5502c1d0e4fa7b773aeb707d448e1bdad9ef4f09d77f3fcc04e5f9c3a87799f1d123c77eda7333b384ecd9339407bd9ccc912b",,"2026-02-23T07:35:00.000","25","NO CONTROLS","NO CONTROLS","CLEAR","DAYLIGHT","SIDESWIPE SAME DIRECTION","NOT DIVIDED",,"STRAIGHT AND LEVEL","DRY","UNKNOWN","NOT ON SCENE (DESK REPORT)","NO INJURY / DRIVE AWAY",,,,"$501 - $1,500","2026-02-23T12:05:00.000","IMPROPER BACKING","UNABLE TO DETERMINE","3407","W","WILSON AVE","1723",,,,,,,"2","NO INDICATION OF INJURY","0","0","0","0","0","2","0","7","2","2","41.9646496451","-87.7135714917","POINT (-87.713571491651 41.964649645099)"
"520080a20d360a9067da4b1317a37ed27bffa70eb6cd07c6714412dcfb4db7d72e13208ca8dcbad68aaa6bd6d33da456993bd394b43fb22fa1b7bdb79e8b4daf",,"2026-02-23T07:32:00.000","30","STOP SIGN/FLASHER","FUNCTIONING PROPERLY","CLEAR","DAYLIGHT","REAR END","NOT DIVIDED",,"STRAIGHT AND LEVEL","DRY","NO DEFECTS","ON SCENE","INJURY AND / OR TOW DUE TO CRASH",,,,"OVER $1,500","2026-02-23T07:42:00.000","UNABLE TO DETERMINE","UNABLE TO DETERMINE","4200","W","31ST ST","1031",,,,,,,"2","NONINCAPACITATING INJURY","1","0","0","1","0","1","0","7","2","2","41.8369353486","-87.7292758538","POINT (-87.729275853841 41.836935348635)"
"95093e7c271c92b0a083695b9c90494d4f9e200e565d04860826fdcf522572e730f32ac9a1f0ea75dba9eea24b05204214c596764a4bc2037765f5b3ca794b3d",,"2026-02-23T07:27:00.000","30","NO CONTROLS","NO CONTROLS","CLEAR","DAYLIGHT","REAR END","DIVIDED - W/MEDIAN BARRIER",,"STRAIGHT AND LEVEL","DRY","NO DEFECTS",,"NO INJURY / DRIVE AWAY",,,,"OVER $1,500","2026-02-23T08:00:00.000","FOLLOWING TOO CLOSELY","NOT APPLICABLE","6700","S","SOUTH SHORE DR","331",,,,,,,"2","NO INDICATION OF INJURY","0","0","0","0","0","2","0","7","2","2","41.773438566","-87.5668993058","POINT (-87.566899305833 41.773438566009)"
"5a94675d3d06365e6b1d7d5d68c572e128d99c4ba576e2b95fd50d5de5b1c0515391a63ddf2cec74701f12100b76811ed11251511de0856c4b98f124e27211bb",,"2026-02-23T07:23:00.000","15","NO CONTROLS","NO CONTROLS","CLEAR","DAYLIGHT","REAR END","PARKING LOT",,"STRAIGHT AND LEVEL","DRY","NO DEFECTS","NOT ON SCENE (DESK REPORT)","NO INJURY / DRIVE AWAY",,,,"$501 - $1,500","2026-02-23T16:15:00.000","FOLLOWING TOO CLOSELY","NOT APPLICABLE","4200","W","115TH ST","2211",,,,,,,"2","NO INDICATION OF INJURY","0","0","0","0","0","2","0","7","2","2","41.6839918156","-87.7250172758","POINT (-87.725017275758 41.683991815644)"
"01a095d9eff94b7ebc5bc5a08d6094ca837ed4e9b6e0a2cb9bc01a8df98d7be1d7552df17572f974f58f077cd5b481992938317ee8cb976b659c1d6cfe389754",,"2026-02-23T07:20:00.000","30","TRAFFIC SIGNAL","FUNCTIONING PROPERLY","CLEAR","DAYLIGHT","REAR END","DIVIDED - W/MEDIAN BARRIER",,"STRAIGHT AND LEVEL","DRY","NO DEFECTS","NOT ON SCENE (DESK REPORT)","NO INJURY / DRIVE AWAY","N",,,"$501 - $1,500","2026-02-23T08:45:00.000","FOLLOWING TOO CLOSELY","NOT APPLICABLE","1700","S","LAKE SHORE DR NB","132",,,,,,,"2","NO INDICATION OF INJURY","0","0","0","0","0","2","0","7","2","2","41.8589989084","-87.6173989906","POINT (-87.617398990618 41.858998908395)"
"79f66b746ca2b0231f6287ddd261a73e220a339e8aad0cda435aed06c7db67bad3f6187d10cfc0918926ce26e2498db66ca9168b8852818001faa0ef494d9b23",,"2026-02-23T07:20:00.000","30","NO CONTROLS","NO CONTROLS","CLEAR","DAYLIGHT","PARKED MOTOR VEHICLE","NOT DIVIDED",,"STRAIGHT AND LEVEL","DRY","NO DEFECTS","ON SCENE","INJURY AND / OR TOW DUE TO CRASH",,,,"OVER $1,500","2026-02-23T07:26:00.000","IMPROPER OVERTAKING/PASSING","NOT APPLICABLE","838","W","31ST ST","913",,,,,,,"2","NO INDICATION OF INJURY","0","0","0","0","0","2","0","7","2","2","41.8381319296","-87.647937266","POINT (-87.647937265982 41.838131929586)"
"c74ef432f6b87a393ea65426705f8806c0c55d6e168ea156e96288f21e65fa38032b69f9dc5253769eddd21a6783348adaf3aac055b1337fdcdb362d338ca673",,"2026-02-23T07:20:00.000","25","STOP SIGN/FLASHER","FUNCTIONING PROPERLY","CLEAR","DAYLIGHT","REAR END","ONE-WAY",,"STRAIGHT AND LEVEL","DRY","NO DEFECTS","NOT ON SCENE (DESK REPORT)","NO INJURY / DRIVE AWAY",,,,"OVER $1,500","2026-02-24T17:40:00.000","UNABLE TO DETERMINE","UNABLE TO DETERMINE","705","N","MAYFIELD AVE","1511",,,,,,,"2","NO INDICATION OF INJURY","0","0","0","0","0","2","0","7","2","2","41.8930360865","-87.7720830187","POINT (-87.772083018663 41.893036086452)"
"9431af9303d0e93ccd4002f9176563dd017cc186843480eaf259abd6f23d059f6ff091ad81e2d0916941cd080a1002f4a8659d6db63b60de7121cccc48a1eca6",,"2026-02-23T07:12:00.000","30","TRAFFIC SIGNAL","UNKNOWN","SNOW","DAYLIGHT","SIDESWIPE SAME DIRECTION","DIVIDED - W/MEDIAN (NOT RAISED)",,"STRAIGHT AND LEVEL","WET","UNKNOWN","NOT ON SCENE (DESK REPORT)","NO INJURY / DRIVE AWAY",,,,"OVER $1,500","2026-02-23T07:33:00.000","UNABLE TO DETERMINE","UNABLE TO DETERMINE","11166","S","VINCENNES AVE","2212",,,,,,,"2","NO INDICATION OF INJURY","0","0","0","0","0","3","0","7","2","2","41.690446231","-87.6645994272","POINT (-87.664599427206 41.690446231048)"
"7a80f3b3bc233de2814228de997a9d7e986f2f03f151058591a908bfc26a266ddf29b970f298eaa9aa14bffae496c7c16e93a3cff0f5e1f56757904b6222ca1b",,"2026-02-23T07:05:00.000","30","NO CONTROLS","NO CONTROLS","CLEAR","DAYLIGHT","PARKED MOTOR VEHICLE","NOT DIVIDED",,"STRAIGHT AND LEVEL","DRY","NO DEFECTS","NOT ON SCENE (DESK REPORT)","NO INJURY / DRIVE AWAY",,,"Y","OVER $1,500","2026-02-23T09:45:00.000","UNABLE TO DETERMINE","UNABLE TO DETERMINE","4753","N","CENTRAL PARK AVE","1723",,,,,,,"2","NO INDICATION OF INJURY","0","0","0","0","0","4","0","7","2","2","41.9680902331","-87.7181009904","POINT (-87.718100990367 41.968090233054)"
"1efd5d8fb37a549827f81f8886a7cc455b64643768d5f6f707efc1d810a43790231b7dcb9fa640b5cd6cad436ba757f390ca622d3d60b640bf4427b7e23a3b60","Y","2026-02-23T07:00:00.000","20","UNKNOWN","UNKNOWN","UNKNOWN","UNKNOWN","PARKED MOTOR VEHICLE","NOT DIVIDED",,"STRAIGHT AND LEVEL","UNKNOWN","UNKNOWN","NOT ON SCENE (DESK REPORT)","NO INJURY / DRIVE AWAY",,,"N","OVER $1,500","2026-02-23T08:00:00.000","NOT APPLICABLE","NOT APPLICABLE","5251","S","DREXEL AVE","233",,,,,,,"2","NO INDICATION OF INJURY","0","0","0","0","0","1","0","7","2","2","41.7994356398","-87.6037740425","POINT (-87.603774042483 41.799435639846)"
"3fc1c3bac237ee28a5ba431da7d1d3d105962ae4fc8d0a80e8308541956cd75a9123e5d790d0d610857957d32a3c4da90fab326ccad7d253c5bdd117d081ebb6",,"2026-02-23T06:50:00.000","30","TRAFFIC SIGNAL","FUNCTIONING PROPERLY","CLEAR","DAYLIGHT","SIDESWIPE SAME DIRECTION","NOT DIVIDED",,"STRAIGHT AND LEVEL","DRY","NO DEFECTS","NOT ON SCENE (DESK REPORT)","NO INJURY / DRIVE AWAY",,,,"$501 - $1,500","2026-02-23T14:40:00.000","FAILING TO YIELD RIGHT-OF-WAY","NOT APPLICABLE","4348","W","63RD ST","813",,,,,,,"2","NO INDICATION OF INJURY","0","0","0","0","0","3","0","6","2","2","41.7786588506","-87.7320439164","POINT (-87.732043916361 41.778658850568)"
"cc72039221a6b80c325ad3755b2ee3fe6efbd3a46e5d75b4fdae7da73d79459c23f29b8091d45e79c210f2cd0541cd05775603b6d8c704893db43125701f6e4f",,"2026-02-23T06:50:00.000","30","TRAFFIC SIGNAL","FUNCTIONING PROPERLY","CLEAR","DAYLIGHT","TURNING","FOUR WAY",,"STRAIGHT AND LEVEL","DRY","NO DEFECTS","ON SCENE","INJURY AND / OR TOW DUE TO CRASH","Y",,,"OVER $1,500","2026-02-23T07:16:00.000","FAILING TO YIELD RIGHT-OF-WAY","DRIVING SKILLS/KNOWLEDGE/EXPERIENCE","3500","S","WESTERN AVE","911",,,,,,,"2","REPORTED, NOT EVIDENT","1","0","0","0","1","1","0","6","2","2","41.8301872553","-87.6851779251","POINT (-87.685177925102 41.830187255269)"
"a14be1671fa1786ad1a0a84c638f546d9c5dd04d0e3a37c06f8b0a0e2974a5791285b29a445fef3d5bd225e411f9f0ed3a9424b3f421fc9d0e01449605cc6628",,"2026-02-23T06:40:00.000","30","TRAFFIC SIGNAL","FUNCTIONING PROPERLY","CLEAR","DARKNESS, LIGHTED ROAD","TURNING","DIVIDED - W/MEDIAN (NOT RAISED)",,"STRAIGHT AND LEVEL","DRY","UNKNOWN","NOT ON SCENE (DESK REPORT)","NO INJURY / DRIVE AWAY",,,"Y","OVER $1,500","2026-02-23T09:49:00.000","UNABLE TO DETERMINE","UNABLE TO DETERMINE","4352","W","63RD ST","813",,,,,,,"2","NO INDICATION OF INJURY","0","0","0","0","0","2","0","6","2","2","41.7786570758","-87.7322136914","POINT (-87.732213691433 41.778657075799)"
"a1db3b284f17c1f2f561cb971b53ab6f6a52245d871df9ddcff0674094242daa98ec991b6170986da010a12c71a0f7d931a77bdb126430a5d258c90fca457573",,"2026-02-23T06:38:00.000","30","UNKNOWN","UNKNOWN","CLEAR","DAYLIGHT","PARKED MOTOR VEHICLE","PARKING LOT",,"STRAIGHT AND LEVEL","UNKNOWN","UNKNOWN","NOT ON SCENE (DESK REPORT)","NO INJURY / DRIVE AWAY",,"Y","Y","OVER $1,500","2026-02-23T16:10:00.000","UNABLE TO DETERMINE","UNABLE TO DETERMINE","222","E","HURON ST","1834",,,,,,,"2","NO INDICATION OF INJURY","0","0","0","0","0","1","0","6","2","2","41.8951081058","-87.6218079229","POINT (-87.621807922945 41.895108105791)"
"06306b3c49fb4d8d80ace7360c46abf2fab00a0e897ac38dc32ed711325538002e6c16222e3ce30502e4775603392b87722c6c0d5c5777469e18cb5cd0373a04",,"2026-02-23T06:02:00.000","30","NO CONTROLS","NO CONTROLS","BLOWING SNOW","DAWN","TURNING","NOT DIVIDED",,"STRAIGHT AND LEVEL","SNOW OR SLUSH","UNKNOWN","ON SCENE","INJURY AND / OR TOW DUE TO CRASH",,,,"OVER $1,500","2026-02-23T06:02:00.000","FAILING TO YIELD RIGHT-OF-WAY","IMPROPER TURNING/NO SIGNAL","12525","S","CARONDOLET AVE","433",,,,,,,"2","NO INDICATION OF INJURY","0","0","0","0","0","2","0","6","2","2","41.6674447747","-87.549418233","POINT (-87.549418232998 41.667444774662)"