"crash_record_id","crash_date_est_i","crash_date","posted_speed_limit","traffic_control_device","device_condition","weather_condition","lighting_condition","first_crash_type","trafficway_type","lane_cnt","alignment","roadway_surface_cond","road_defect","report_type","crash_type","intersection_related_i","private_property_i","hit_and_run_i","damage","date_police_notified","prim_contributory_cause","sec_contributory_cause","street_no","street_direction","street_name","beat_of_occurrence","photos_taken_i","statements_taken_i","dooring_i","work_zone_i","work_zone_type","workers_present_i","num_units","most_severe_injury","injuries_total","injuries_fatal","injuries_incapacitating","injuries_non_incapacitating","injuries_reported_not_evident","injuries_no_indication","injuries_unknown","crash_hour","crash_day_of_week","crash_month","latitude","longitude","location"
"60b24386cc68efde819b200ea64da95ec0a14f38afd1ad93eb8b65ea54220494818442ed1c141567560af40e76268d2457dd645e6e83391433ce8e8c97d306c9",,"2026-02-23T05:55:00.000","35","TRAFFIC SIGNAL","FUNCTIONING PROPERLY","CLOUDY/OVERCAST","DARKNESS, LIGHTED ROAD","SIDESWIPE SAME DIRECTION","DIVIDED - W/MEDIAN (NOT RAISED)",,"STRAIGHT AND LEVEL","DRY","NO DEFECTS","ON SCENE","INJURY AND / OR TOW DUE TO CRASH",,,,"OVER $1,500","2026-02-23T06:40:00.000","FAILING TO YIELD RIGHT-OF-WAY","FAILING TO YIELD RIGHT-OF-WAY","5616","N","CUMBERLAND AVE","1614",,,,,,,"2","NO INDICATION OF INJURY","0","0","0","0","0","2","0","5","2","2","41.9814536124","-87.836728528","POINT (-87.836728527987 41.981453612429)"
"684f8786324c03283acbfa32e9867fada073bf6f4ebe24916d0108c39634286f6dfdc32d0a338f66168a5a646c017fec390a51e61cd6018c9782733109822a81",,"2026-02-23T05:40:00.000","30","TRAFFIC SIGNAL","FUNCTIONING PROPERLY","SNOW","DARKNESS, LIGHTED ROAD","SIDESWIPE SAME DIRECTION","NOT DIVIDED",,"STRAIGHT AND LEVEL","SNOW OR SLUSH","NO DEFECTS",,"NO INJURY / DRIVE AWAY",,,"N","OVER $1,500","2026-02-23T06:05:00.000","UNABLE TO DETERMINE","UNABLE TO DETERMINE","4300","S","RACINE AVE","924",,,,,,,"2","NO INDICATION OF INJURY","0","0","0","0","0","2","0","5","2","2","41.8159388307","-87.6554788685","POINT (-87.655478868506 41.81593883068)"
"0a6789dadf53b0f706502b372718c9c7897a9a0afd9c3d449097cc58da3a73f93b8cb055740133bc8154f8efebfde576cc5b89a7a1c51d9298e2c24d599d0d17",,"2026-02-23T05:35:00.000","30","TRAFFIC SIGNAL","FUNCTIONING PROPERLY","SNOW","DARKNESS, LIGHTED ROAD","TURNING","NOT DIVIDED",,"STRAIGHT AND LEVEL","SNOW OR SLUSH","NO DEFECTS",,"INJURY AND / OR TOW DUE TO CRASH","Y",,,"OVER $1,500","2026-02-23T05:59:00.000","WEATHER","WEATHER","8657","S","JEFFERY BLVD","412",,,,,,,"2","REPORTED, NOT EVIDENT","1","0","0","0","1","1","0","5","2","2","41.7372050694","-87.5755744652","POINT (-87.575574465191 41.7372050694)"
"bfe5f9c4b4b6a253523d0b077653fdf7429d7a77c2ed90993f0ff55625b39be11b29ec7c211b997f2e988fbc29453c60d2be37c5a64e71c33909457ca000c714",,"2026-02-23T05:30:00.000","30","NO CONTROLS","NO CONTROLS","CLEAR","DAYLIGHT","REAR END","NOT DIVIDED",,"STRAIGHT AND LEVEL","DRY","NO DEFECTS","NOT ON SCENE (DESK REPORT)","NO INJURY / DRIVE AWAY",,,"Y","$501 - $1,500","2026-02-23T17:17:00.000","NOT APPLICABLE","NOT APPLICABLE","5501","S","ASHLAND AVE","713",,,,,,,"2","NO INDICATION OF INJURY","0","0","0","0","0","3","0","5","2","2","41.7935912941","-87.6644276372","POINT (-87.664427637221 41.793591294116)"
"0d3ea814e6d03a6d7e1e5158330b2fe49c49648fb80c89ee3c7b00e54899d8afe56e94193e3b3f8a94b26905db18d4a705dfa115c11346149305a34a3c398ef3",,"2026-02-23T05:25:00.000","30","NO CONTROLS","NO CONTROLS","CLEAR","DAYLIGHT","PARKED MOTOR VEHICLE","ONE-WAY",,"STRAIGHT AND LEVEL","DRY","NO DEFECTS","ON SCENE","INJURY AND / OR TOW DUE TO CRASH",,,"Y","$501 - $1,500","2026-02-23T13:42:00.000","UNABLE TO DETERMINE","UNABLE TO DETERMINE","1301","W","71ST ST","734",,,,,,,"2","NO INDICATION OF INJURY","0","0","0","0","0","1","0","5","2","2","41.764893522","-87.6573688969","POINT (-87.657368896862 41.764893521951)"
"9b6e7478d373d10ac74d2c4332bb840a5c6fb9e56475b794fc0c28cc3507af8d66ee764cf6276caaceb9c51d5f768742e8380387d746b60240e346e334b96e07","N","2026-02-23T05:00:00.000","30","TRAFFIC SIGNAL","UNKNOWN","CLEAR","DAYLIGHT","ANGLE","FOUR WAY",,"STRAIGHT AND LEVEL","DRY","NO DEFECTS","NOT ON SCENE (DESK REPORT)","NO INJURY / DRIVE AWAY","Y",,"Y","OVER $1,500","2026-02-23T10:30:00.000","DISREGARDING TRAFFIC SIGNALS","NOT APPLICABLE","5200","W","FLOURNOY ST","1522",,,,,,,"2","NO INDICATION OF INJURY","0","0","0","0","0","2","0","5","2","2","41.8720623919","-87.7549042458","POINT (-87.754904245759 41.872062391906)"
"58d6016fe45f0deb49009742dfb16f48e38c1269a64c6c61bee2e3983f6acabb9eb4d56418e16f30718db5c4ca9973b51fe1ed5ea235f50344847a0af9fd910f",,"2026-02-23T04:46:00.000","30","TRAFFIC SIGNAL","FUNCTIONING PROPERLY","CLEAR","DARKNESS, LIGHTED ROAD","REAR END","FIVE POINT, OR MORE",,"STRAIGHT AND LEVEL","DRY","NO DEFECTS","ON SCENE","NO INJURY / DRIVE AWAY",,,,"$501 - $1,500","2026-02-23T04:46:00.000","UNABLE TO DETERMINE","NOT APPLICABLE","6900","S","ST LAWRENCE AVE","322",,,,,,,"2","NO INDICATION OF INJURY","0","0","0","0","0","5","0","4","2","2","41.7693456155","-87.6106616922","POINT (-87.610661692172 41.769345615478)"
"b78bbc62909f70bf7d33e9f2384973d1d253fc357ee981695ecf16ffb2bf377387625fd701e09a576f5ec1d2d7ca40d993538eec2316d640423ea9ad6ddd3972","Y","2026-02-23T04:00:00.000","30","STOP SIGN/FLASHER","UNKNOWN","CLEAR","UNKNOWN","PARKED MOTOR VEHICLE","ONE-WAY",,"STRAIGHT AND LEVEL","DRY","NO DEFECTS","ON SCENE","NO INJURY / DRIVE AWAY",,,"Y","OVER $1,500","2026-02-23T08:17:00.000","UNABLE TO DETERMINE","UNABLE TO DETERMINE","4440","S","ALBANY AVE","922",,,,,,,"2","NO INDICATION OF INJURY","0","0","0","0","0","1","0","4","2","2","41.812393577","-87.7018150919","POINT (-87.701815091877 41.81239357697)"
"5a96b006b5017e6a2784d91bc529991e37b60fb28b2aaf4da8f82c487ceb556def3f6a06842a3a1002e360249bc5eb7ee0b5cdbd7e107572f9aef1607cc27fdc",,"2026-02-23T02:59:00.000","30","TRAFFIC SIGNAL","FUNCTIONING PROPERLY","SNOW","DARKNESS, LIGHTED ROAD","FIXED OBJECT","FOUR WAY",,"STRAIGHT AND LEVEL","SNOW OR SLUSH","NO DEFECTS","ON SCENE","NO INJURY / DRIVE AWAY",,,,"$501 - $1,500","2026-02-23T03:05:00.000","EVASIVE ACTION DUE TO ANIMAL, OBJECT, NONMOTORIST","UNABLE TO DETERMINE","4778","W","MAYPOLE AVE","1113",,,,,,,"1","NO INDICATION OF INJURY","0","0","0","0","0","1","0","2","2","2","41.8845632998","-87.7453027569","POINT (-87.745302756926 41.884563299809)"
"aeca02b9fa526174784246852369101e5a414dbac13b822b3ddacf302553dc93c7b66fed515fc96bbd06187516f0d22478ee248bed028942feccbe341b03ea3b",,"2026-02-23T01:30:00.000","20","NO CONTROLS","NO CONTROLS","CLEAR","DARKNESS","PARKED MOTOR VEHICLE","NOT DIVIDED",,"STRAIGHT AND LEVEL","DRY","NO DEFECTS","NOT ON SCENE (DESK REPORT)","NO INJURY / DRIVE AWAY",,,"Y","OVER $1,500","2026-02-23T12:30:00.000","PHYSICAL CONDITION OF DRIVER","IMPROPER LANE USAGE","3808","W","69TH PL","833",,,,,,,"2","NO INDICATION OF INJURY","0","0","0","0","0","2","0","1","2","2","41.766998837","-87.7179926395","POINT (-87.717992639462 41.766998836967)"
"e0535c48ec90ab102b283dd2f596a7bd5b2aded6fe713a395f155baf4a68005ab13850e23cb4426918b25eea1ab2d544609d3b3f5250e517affb2ac64c75bdfb",,"2026-02-23T01:24:00.000","30","STOP SIGN/FLASHER","NO CONTROLS","CLEAR","DARKNESS, LIGHTED ROAD","TURNING","NOT DIVIDED",,"STRAIGHT AND LEVEL","UNKNOWN","UNKNOWN","ON SCENE","INJURY AND / OR TOW DUE TO CRASH",,,,"OVER $1,500","2026-02-23T01:24:00.000","FAILING TO REDUCE SPEED TO AVOID CRASH","NOT APPLICABLE","898","E","48TH ST","223",,,,,,,"2","NO INDICATION OF INJURY","0","0","0","0","0","2","0","1","2","2","41.8078493236","-87.6044466107","POINT (-87.604446610693 41.807849323644)"
"6a44b045e7bf3575dabefeae9fd799bf7efbce84c663644fbdadd7176a161a99a715bf321e18d94b1f7b342951efc6ff99d71912f4a8fe6959ee75a5b68613fb",,"2026-02-23T01:19:00.000","30","NO CONTROLS","NO CONTROLS","CLEAR","DARKNESS, LIGHTED ROAD","PARKED MOTOR VEHICLE","NOT DIVIDED",,"STRAIGHT AND LEVEL","DRY","UNKNOWN","ON SCENE","INJURY AND / OR TOW DUE TO CRASH",,,,"OVER $1,500","2026-02-23T01:19:00.000","FAILING TO REDUCE SPEED TO AVOID CRASH","NOT APPLICABLE","8200","W","IRVING PARK RD","1614",,,,,,,"2","NONINCAPACITATING INJURY","1","0","0","1","0","0","0","1","2","2","41.9522720254","-87.8318594683","POINT (-87.831859468272 41.9522720254)"
"a2deebe878c7857548e97004604e9e3a2f8b94415934b8cf904d7f2eecce830c9d29cdca0f7dcad364bf59cdb3be6b288b5abd963d8339b30df5a20785a68e6a",,"2026-02-23T01:01:00.000","30","NO CONTROLS","NO CONTROLS","CLEAR","DARKNESS, LIGHTED ROAD","PARKED MOTOR VEHICLE","OTHER",,"STRAIGHT AND LEVEL","DRY","NO DEFECTS","ON SCENE","INJURY AND / OR TOW DUE TO CRASH",,,"Y","OVER $1,500","2026-02-23T01:01:00.000","UNABLE TO DETERMINE","NOT APPLICABLE","6626","S","BISHOP ST","725",,,,,,,"3","NO INDICATION OF INJURY","0","0","0","0","0","1","0","1","2","2","41.7732357778","-87.6605468901","POINT (-87.660546890129 41.773235777825)"
"913494809944333fdb457e4455c8ba2c0c954a426150872c290192e4d0be05553fa27bfce75abea7e88665d7fa10486e2df67bfda189b4e40ef108be3d287f77","Y","2026-02-23T01:00:00.000","30","NO CONTROLS","NO CONTROLS","UNKNOWN","DARKNESS","PEDESTRIAN","ONE-WAY",,"STRAIGHT AND LEVEL","UNKNOWN","UNKNOWN","NOT ON SCENE (DESK REPORT)","INJURY AND / OR TOW DUE TO CRASH",,,"Y","OVER $1,500","2026-02-28T17:00:00.000","UNABLE TO DETERMINE","NOT APPLICABLE","1336","W","ROSCOE ST","1924",,,,,,,"2","NONINCAPACITATING INJURY","1","0","0","1","0","1","0","1","2","2","41.9435432787","-87.6629724624","POINT (-87.662972462352 41.943543278683)"
"2e404702b4b66f61d98c56d9bf870d103317e7718d4d1124cac5b3decac857bbec1421de176385ce29a2d876ae50bdbf3d7c98db6a0488be2f29973dfd009a0b",,"2026-02-23T00:30:00.000","45","UNKNOWN","UNKNOWN","CLEAR","DARKNESS","REAR END","NOT DIVIDED",,"STRAIGHT AND LEVEL","DRY","NO DEFECTS","NOT ON SCENE (DESK REPORT)","NO INJURY / DRIVE AWAY",,,"Y","$500 OR LESS","2026-02-23T00:56:00.000","UNABLE TO DETERMINE","NOT APPLICABLE","6559","S","COAST GUARD DR","331","Y",,,,,,"2","NO INDICATION OF INJURY","0","0","0","0","0","2","0","0","2","2","41.7754426805","-87.5749646714","POINT (-87.574964671375 41.77544268052)"
"c05f1cc3fa6cf4bd34ab799c88026c6f8bac4811b2c876399c2c708dc0d6c7b528ad9e03c1e33583d2804b8cddf005222488e76c117b99a36d2f01eef2a919e8",,"2026-02-22T23:34:00.000","45","NO CONTROLS","NO CONTROLS","CLEAR","DARKNESS, LIGHTED ROAD","SIDESWIPE SAME DIRECTION","ONE-WAY",,"STRAIGHT AND LEVEL","DRY","NO DEFECTS","ON SCENE","NO INJURY / DRIVE AWAY",,,"Y","OVER $1,500","2026-02-22T23:45:00.000","NOT APPLICABLE","NOT APPLICABLE","2558","N","LAKE SHORE DR SB","1935",,,,,,,"2","NO INDICATION OF INJURY","0","0","0","0","0","2","0","23","1","2","41.929671691","-87.6322956888","POINT (-87.632295688816 41.929671690952)"
"395b6e5cfca9d7a888b5a44343edb917a3c6b84822a1e163f9fd7582e47762f1d2b6cc6e4ae31bccdc2f4e4622972bc1dfbaad775d37679e65bf42026b2eb9c3","Y","2026-02-22T23:20:00.000","30","NO CONTROLS","NO CONTROLS","CLEAR","DARKNESS, LIGHTED ROAD","PARKED MOTOR VEHICLE","NOT DIVIDED",,"STRAIGHT AND LEVEL","DRY","NO DEFECTS","ON SCENE","INJURY AND / OR TOW DUE TO CRASH",,,,"OVER $1,500","2026-02-22T23:24:00.000","UNABLE TO DETERMINE","NOT APPLICABLE","399","E","72ND ST","323",,,,,,,"3","NO INDICATION OF INJURY","0","0","0","0","0","1","0","23","1","2","41.7637734013","-87.6153252476","POINT (-87.615325247588 41.763773401311)"
"60135877cb6d3cc454b4037f4398673904b05516742f3028c06faebdfbfcc46500c0babcd9a9f7849e1115ee2452081582e6c249e17b56eb30e4618fd3d70dd8",,"2026-02-22T23:12:00.000","30","NO CONTROLS","NO CONTROLS","CLEAR","DARKNESS, LIGHTED ROAD","OTHER NONCOLLISION","NOT DIVIDED",,"STRAIGHT AND LEVEL","DRY","NO DEFECTS","ON SCENE","NO INJURY / DRIVE AWAY",,,,"OVER $1,500","2026-02-22T23:14:00.000","EQUIPMENT - VEHICLE CONDITION","EQUIPMENT - VEHICLE CONDITION","6500","W","CORTLAND ST","2513",,,,,,,"1","NO INDICATION OF INJURY","0","0","0","0","0","1","0","23","1","2","41.9146688654","-87.7885151489","POINT (-87.788515148935 41.9146688654)"
"51c1979a333ef710b7a992bd318dc6b53e40ef3df2c26a89e34c852c84685c9e37d54e7e2833d05523e97fefbc309c3c3bb50251b674ed55a9692042bb75b7f0",,"2026-02-22T23:04:00.000","30","NO CONTROLS","NO CONTROLS","CLEAR","DARKNESS, LIGHTED ROAD","PARKED MOTOR VEHICLE","NOT DIVIDED",,"STRAIGHT AND LEVEL","DRY","NO DEFECTS","ON SCENE","INJURY AND / OR TOW DUE TO CRASH",,,"Y","OVER $1,500","2026-02-22T23:14:00.000","UNABLE TO DETERMINE","NOT APPLICABLE","1438","N","LARAMIE AVE","2532",,,,,,,"2","NO INDICATION OF INJURY","0","0","0","0","0","1","0","23","1","2","41.9070313035","-87.7560335033","POINT (-87.75603350334 41.907031303539)"
"60bff55c56ebcf01f8c0f0967606c1eb5f815bd4e8435b6ebeeba3c6e7275c79d883c07efb184117882970d80f319867c6b2c0369de23852be34508643cd17a8",,"2026-02-22T23:00:00.000","30","NO CONTROLS","NO CONTROLS","CLEAR","DARKNESS, LIGHTED ROAD","PARKED MOTOR VEHICLE","DIVIDED - W/MEDIAN (NOT RAISED)",,"STRAIGHT AND LEVEL","DRY","NO DEFECTS",,"INJURY AND / OR TOW DUE TO CRASH",,,,"OVER $1,500","2026-02-23T00:30:00.000","EQUIPMENT - VEHICLE CONDITION","UNABLE TO DETERMINE","8100","S","NORMAL AVE","622",,,,,,,"2","NO INDICATION OF INJURY","0","0","0","0","0","1","0","23","1","2","41.7470499847","-87.6367752755","POINT (-87.636775275454 41.747049984688)"
"7923dd478b76ebc1f690a53458a4ad818c690d4233bdb5b1cf384e203f580a180a10cf447d308d1785b16d4f29f7ddbe9762a775c199c5cf6a2e3066cf31abbd","Y","2026-02-22T23:00:00.000","30","NO CONTROLS","UNKNOWN","SNOW","DARKNESS, LIGHTED ROAD","PARKED MOTOR VEHICLE","ONE-WAY",,"STRAIGHT ON GRADE","SNOW OR SLUSH","UNKNOWN","ON SCENE","NO INJURY / DRIVE AWAY",,,"Y","$501 - $1,500","2026-02-22T23:58:00.000","UNABLE TO DETERMINE","NOT APPLICABLE","3805","W","CONGRESS PKWY","1133",,,,,,,"2","NO INDICATION OF INJURY","0","0","0","0","0","1","0","23","1","2","41.8743329188","-87.7206761425","POINT (-87.720676142473 41.874332918817)"
"ab89412700533bd9d283c087da466bf59ff462fc7d89b843b6f4029be4ee9df3225bc5facb9eeaff502e82bc31a18553a7c970ac8e7c64c4c2e47cc2bdf17698",,"2026-02-22T23:00:00.000","25","NO CONTROLS","NO CONTROLS","CLEAR","DARKNESS, LIGHTED ROAD","PARKED MOTOR VEHICLE","NOT DIVIDED",,"STRAIGHT AND LEVEL","DRY","NO DEFECTS","NOT ON SCENE (DESK REPORT)","NO INJURY / DRIVE AWAY",,,"Y","OVER $1,500","2026-02-23T12:00:00.000","UNABLE TO DETERMINE","NOT APPLICABLE","4204","W","DIVISION ST","2534",,,,,,,"2","NO INDICATION OF INJURY","0","0","0","0","0","1","0","23","1","2","41.9026962749","-87.7315036334","POINT (-87.731503633378 41.902696274872)"
"e83d9a5954abc4ab702c3873e15ccfc48047fd4ceb1bb4da1cba45fc16bbb9e784826ba153e0c0cae0fcf9a901194c06c29e4dacd249830b9b5e1aee0964a6ae",,"2026-02-22T23:00:00.000","30","NO CONTROLS","NO CONTROLS","CLEAR","DARKNESS, LIGHTED ROAD","OTHER OBJECT","NOT DIVIDED",,"STRAIGHT AND LEVEL","DRY","NO DEFECTS","NOT ON SCENE (DESK REPORT)","NO INJURY / DRIVE AWAY",,,,"$501 - $1,500","2026-02-24T17:15:00.000","UNABLE TO DETERMINE","NOT APPLICABLE","160","N","ELIZABETH ST","1224",,,,,,,"2","NO INDICATION OF INJURY","0","0","0","0","0","2","0","23","1","2","41.8847616848","-87.6589883361","POINT (-87.658988336087 41.884761684813)"
"ff89c9cadf1b9721702c1e1d73e2bd25d5dd1619831da9cb1bc4433c1d5555eabdca92707f40146b4bfc1e685f3527f053d04dccbc1811c509d2fceeefdb5026",,"2026-02-22T23:00:00.000","30","TRAFFIC SIGNAL","FUNCTIONING PROPERLY","CLEAR","DARKNESS, LIGHTED ROAD","SIDESWIPE SAME DIRECTION","NOT DIVIDED",,"STRAIGHT AND LEVEL","DRY","NO DEFECTS","NOT ON SCENE (DESK REPORT)","NO INJURY / DRIVE AWAY",,,"Y","$501 - $1,500","2026-02-23T16:45:00.000","UNABLE TO DETERMINE","NOT APPLICABLE","1","E","WACKER DR","111",,,,,,,"2","NO INDICATION OF INJURY","0","0","0","0","0","2","0","23","1","2","41.8867075551","-87.6278834784","POINT (-87.627883478402 41.88670755507)"
"1392dcdd9899b80aeac6ccbf5b97532d10c84d8476b11f59709460070b601468dea9182f09f9c28708cfc4ad2a5b5b26e0da90227a9154bc087f8c0d17c338d4",,"2026-02-22T22:47:00.000","30","TRAFFIC SIGNAL","FUNCTIONING PROPERLY","CLEAR","DARKNESS, LIGHTED ROAD","FIXED OBJECT","NOT DIVIDED",,"STRAIGHT AND LEVEL","DRY","UNKNOWN","ON SCENE","INJURY AND / OR TOW DUE TO CRASH",,,"Y","$501 - $1,500","2026-02-22T22:54:00.000","UNABLE TO DETERMINE","UNABLE TO DETERMINE","601","N","CENTRAL AVE","1524",,,,,,,"1","NO INDICATION OF INJURY","0","0","0","0","0","1","0","22","1","2","41.8911908025","-87.7651047952","POINT (-87.765104795162 41.891190802528)"
"9dafb1ddfe204aac8ac2acd01ef7c50c6a707086a84afaa3100f9ca872112224649b8e885cdac7adc946b91a54aed580cd6caf082d414bbf47bd2006e3e0058b",,"2026-02-22T22:33:00.000","30","STOP SIGN/FLASHER","UNKNOWN","SNOW","DARKNESS, LIGHTED ROAD","REAR END","NOT DIVIDED",,"STRAIGHT AND LEVEL","WET","UNKNOWN","NOT ON SCENE (DESK REPORT)","NO INJURY / DRIVE AWAY",,,,"OVER $1,500","2026-02-22T23:04:00.000","UNABLE TO DETERMINE","UNABLE TO DETERMINE","110","E","75TH ST","323",,,,,,,"2","NO INDICATION OF INJURY","0","0","0","0","0","3","0","22","1","2","41.7584111981","-87.6210325595","POINT (-87.621032559482 41.758411198114)"
"5c3a805af7b8c01c198dc4610fd7c339fd46725d378916892904b06c91e604742f9b2eb33efba3210e6ae516903e0143cd722d369c98b3b5a4b671c61c990622",,"2026-02-22T22:30:00.000","30","NO CONTROLS","NO CONTROLS","CLEAR","DAYLIGHT","PARKED MOTOR VEHICLE","NOT DIVIDED",,"STRAIGHT AND LEVEL","DRY","NO DEFECTS","NOT ON SCENE (DESK REPORT)","NO INJURY / DRIVE AWAY",,,"Y","OVER $1,500","2026-02-23T17:55:00.000","FAILING TO REDUCE SPEED TO AVOID CRASH","UNABLE TO DETERMINE","3258","N","LECLAIRE AVE","1634",,,,,,,"2","NO INDICATION OF INJURY","0","0","0","0","0","1","0","22","1","2","41.940508935","-87.7544453766","POINT (-87.754445376598 41.940508934966)"
"a2409a08f93cc93cbcc1eb092f4a10d9d5a17704e08be03ac61f6d5c9e2723515759f215766645794e400f4d225bdededcb909d467504b36f899b463396a6cb1",,"2026-02-22T22:30:00.000","30","STOP SIGN/FLASHER","FUNCTIONING PROPERLY","CLEAR","DARKNESS, LIGHTED ROAD","ANGLE","FOUR WAY",,"STRAIGHT AND LEVEL","DRY","UNKNOWN","NOT ON SCENE (DESK REPORT)","NO INJURY / DRIVE AWAY","Y",,,"OVER $1,500","2026-02-22T23:13:00.000","FAILING TO YIELD RIGHT-OF-WAY","UNABLE TO DETERMINE","1732","E","76TH ST","414",,,,,,,"2","NO INDICATION OF INJURY","0","0","0","0","0","2","0","22","1","2","41.7570977703","-87.582160619","POINT (-87.582160618963 41.7570977703)"
"d996661f63a29f9bdb718bcce20ead53f1a02775651c85c1418de0da6b95b57f01a050ea25b2da8ce42cdabd2fc2c85ccd8b6236293d0cdd628bf6b00daaaba3",,"2026-02-22T21:58:00.000","30","TRAFFIC SIGNAL","UNKNOWN","CLEAR","DARKNESS, LIGHTED ROAD","SIDESWIPE SAME DIRECTION","DIVIDED - W/MEDIAN (NOT RAISED)",,"STRAIGHT AND LEVEL","DRY","NO DEFECTS","ON SCENE","INJURY AND / OR TOW DUE TO CRASH",,,,"OVER $1,500","2026-02-22T22:51:00.000","UNABLE TO DETERMINE","UNABLE TO DETERMINE","2026","S","CLARK ST","131",,,,,,,"2","REPORTED, NOT EVIDENT","2","0","0","0","2","2","0","21","1","2","41.8545508013","-87.6302897164","POINT (-87.630289716366 41.854550801342)"
"69a8a05a75388a85649eef11c8375cf86c4781481f46338b8a1b982e356e4ff6c5fb3d7d95da80957e3ef1f607828b22a04acaf17b2b678046e733feca99ecdc",,"2026-02-22T21:43:00.000","30","NO CONTROLS","NO CONTROLS","CLEAR","DARKNESS, LIGHTED ROAD","PEDALCYCLIST","DIVIDED - W/MEDIAN (NOT RAISED)",,"STRAIGHT AND LEVEL","DRY","NO DEFECTS","ON SCENE","NO INJURY / DRIVE AWAY","Y",,"Y","OVER $1,500","2026-02-22T21:50:00.000","FAILING TO YIELD RIGHT-OF-WAY","FAILING TO YIELD RIGHT-OF-WAY","2484","N","LINCOLN AVE","1932",,,,,,,"2","NO INDICATION OF INJURY","0","0","0","0","0","2","0","21","1","2","41.9271275195","-87.6513251074","POINT (-87.651325107361 41.927127519507)"
"44f71efb279810cc091997fca8e65ca6a1e031007721db37839590c545d18af306781c0bd55e3f2a3511f85709ff02e199aa32c78561389d757c8e9b0fb46365",,"2026-02-22T21:27:00.000","30","TRAFFIC SIGNAL","FUNCTIONING PROPERLY","SNOW","DARKNESS, LIGHTED ROAD","TURNING","FOUR WAY",,"STRAIGHT AND LEVEL","WET","NO DEFECTS","ON SCENE","NO INJURY / DRIVE AWAY","Y",,"N","OVER $1,500","2026-02-22T21:27:00.000","FAILING TO YIELD RIGHT-OF-WAY","FAILING TO YIELD RIGHT-OF-WAY","3900","S","WESTERN BLVD","921",,,,,,,"2","NO INDICATION OF INJURY","0","0","0","0","0","6","0","21","1","2","41.8229636279","-87.6843847854","POINT (-87.684384785413 41.82296362788)"
"6e13f5bc38feaac6d85ff442b82e4875522323f42877320aeaf213d57b5c003f774f074f2d2d3e5949cf0bead4315d5a809144614ec7d09cd576adfe8d52ee23",,"2026-02-22T21:23:00.000","35","TRAFFIC SIGNAL","FUNCTIONING PROPERLY","CLEAR","DARKNESS, LIGHTED ROAD","ANGLE","Y-INTERSECTION",,"STRAIGHT AND LEVEL","DRY","NO DEFECTS","NOT ON SCENE (DESK REPORT)","INJURY AND / OR TOW DUE TO CRASH","Y",,,"OVER $1,500","2026-02-22T21:23:00.000","DISREGARDING TRAFFIC SIGNALS","FAILING TO REDUCE SPEED TO AVOID CRASH","3200","W","BELMONT AVE","1733",,,,,,,"2","NONINCAPACITATING INJURY","1","0","0","1","0","1","0","21","1","2","41.9394405612","-87.7077185163","POINT (-87.707718516309 41.939440561174)"
"5dda0e8fcd9bf9de27ba79ac396169aef15b002bca51724cc86827e3655b82023e352354031afbce7b59f26c3969df9fd5030b4bc77835e2b633e8c6d7edc588",,"2026-02-22T21:00:00.000","35","TRAFFIC SIGNAL","FUNCTIONING PROPERLY","CLEAR","DARKNESS, LIGHTED ROAD","SIDESWIPE SAME DIRECTION","ONE-WAY",,"STRAIGHT AND LEVEL","DRY","NO DEFECTS","NOT ON SCENE (DESK REPORT)","NO INJURY / DRIVE AWAY","Y",,,"$500 OR LESS","2026-02-22T21:45:00.000","UNABLE TO DETERMINE","NOT APPLICABLE","501","W","JACKSON BLVD","121",,,,,,,"2","NO INDICATION OF INJURY","0","0","0","0","0","2","0","21","1","2","41.8779340254","-87.639633367","POINT (-87.639633367042 41.877934025363)"
"df29ffc70e9fc66a640c83304198be36147aaf0bbf1762dc806b8583cfa7cd7eb496775f3718ec3215dc3ddf294455ba6c65b1683498c9ee1f571ed98a4a462d",,"2026-02-22T20:41:00.000","35","TRAFFIC SIGNAL","FUNCTIONING PROPERLY","CLEAR","DARKNESS, LIGHTED ROAD","SIDESWIPE OPPOSITE DIRECTION","DIVIDED - W/MEDIAN (NOT RAISED)",,"STRAIGHT AND LEVEL","DRY","NO DEFECTS","ON SCENE","NO INJURY / DRIVE AWAY",,,,"$501 - $1,500","2026-02-22T21:00:00.000","NOT APPLICABLE","NOT APPLICABLE","3500","S","DAMEN AVE","912",,,,,,,"2","NO INDICATION OF INJURY","0","0","0","0","0","6","0","20","1","2","41.8302974337","-87.6754255228","POINT (-87.675425522752 41.830297433738)"
"d5466642c72eede9d4692c65fb15081c2ec75dc2d529b4eac7b1edff2660418642231ab5403b409a879d41ad12e1fd313315b58af26d571c69dba5c099d8459f",,"2026-02-22T20:35:00.000","30","NO CONTROLS","NO CONTROLS","CLEAR","DARKNESS, LIGHTED ROAD","TURNING","FOUR WAY",,"STRAIGHT AND LEVEL","UNKNOWN","UNKNOWN",,"INJURY AND / OR TOW DUE TO CRASH",,,"Y","OVER $1,500","2026-02-22T23:00:00.000","UNABLE TO DETERMINE","UNABLE TO DETERMINE","7200","S","VINCENNES AVE","731",,,,,,,"2","REPORTED, NOT EVIDENT","1","0","0","0","1","1","0","20","1","2","41.7635733437","-87.6289681647","POINT (-87.628968164686 41.763573343716)"
"26183f4e261654fa0ce92528e8825a5661e53d27f1308403150e00a2898fb0e301b317324f9dba9c5d62d72dc8b5aaa71b8f8dff79b3170471ef25564bbbbf8f",,"2026-02-22T20:30:00.000","30","NO CONTROLS","NO CONTROLS","CLEAR","DAYLIGHT","PARKED MOTOR VEHICLE","ONE-WAY",,"STRAIGHT AND LEVEL","DRY","UNKNOWN","NOT ON SCENE (DESK REPORT)","NO INJURY / DRIVE AWAY",,,"Y","OVER $1,500","2026-02-23T17:00:00.000","UNABLE TO DETERMINE","NOT APPLICABLE","2501","N","ST LOUIS AVE","1413","Y",,,,,,"2","NO INDICATION OF INJURY","0","0","0","0","0","1","0","20","1","2","41.9265156236","-87.7144508438","POINT (-87.714450843772 41.926515623618)"