"crash_record_id","crash_date_est_i","crash_date","posted_speed_limit","traffic_control_device","device_condition","weather_condition","lighting_condition","first_crash_type","trafficway_type","lane_cnt","alignment","roadway_surface_cond","road_defect","report_type","crash_type","intersection_related_i","private_property_i","hit_and_run_i","damage","date_police_notified","prim_contributory_cause","sec_contributory_cause","street_no","street_direction","street_name","beat_of_occurrence","photos_taken_i","statements_taken_i","dooring_i","work_zone_i","work_zone_type","workers_present_i","num_units","most_severe_injury","injuries_total","injuries_fatal","injuries_incapacitating","injuries_non_incapacitating","injuries_reported_not_evident","injuries_no_indication","injuries_unknown","crash_hour","crash_day_of_week","crash_month","latitude","longitude","location"
"678e4606d055360fd8b4669465a8628ca8708f05efe456444a641b37a81e0a692a3ea46b0b877cdca3e7aa8eab96a75f0bc21be8ab320f9f624719f819f4c7ed",,"2026-02-22T20:30:00.000","30","NO CONTROLS","NO CONTROLS","CLEAR","DARKNESS, LIGHTED ROAD","REAR END","NOT DIVIDED",,"STRAIGHT AND LEVEL","DRY","NO DEFECTS","NOT ON SCENE (DESK REPORT)","NO INJURY / DRIVE AWAY",,,,"OVER $1,500","2026-02-23T15:30:00.000","FOLLOWING TOO CLOSELY","UNABLE TO DETERMINE","4149","S","CALIFORNIA AVE","921",,"Y",,,,,"2","NO INDICATION OF INJURY","0","0","0","0","0","2","0","20","1","2","41.8177568232","-87.6943513152","POINT (-87.694351315205 41.817756823186)"
"c8cf7d161a24220a01fe52fcf6a22adb3a612775e58408ef7096a54c572daa00760e91982adb11e6ee58699db1bd58c05aae17d8c1fcb82ce888ddb79ba88599",,"2026-02-22T20:30:00.000","30","UNKNOWN","UNKNOWN","UNKNOWN","UNKNOWN","SIDESWIPE SAME DIRECTION","NOT DIVIDED",,"STRAIGHT AND LEVEL","UNKNOWN","UNKNOWN","NOT ON SCENE (DESK REPORT)","NO INJURY / DRIVE AWAY",,,,"OVER $1,500","2026-02-23T12:00:00.000","UNABLE TO DETERMINE","UNABLE TO DETERMINE","1900","E","HAYES DR","331",,,,,,,"2","NO INDICATION OF INJURY","0","0","0","0","0","3","0","20","1","2","41.7800463589","-87.5789335984","POINT (-87.578933598416 41.780046358872)"
"2ab8dab9ed5e634b5310af3a21a0353d07259980dd466b2d9d46741cb07d6908c6cda0d3604567a5147efea2133053d708b7c1c40a4f1c63049c99f73c4c2eb9",,"2026-02-22T20:10:00.000","30","TRAFFIC SIGNAL","FUNCTIONING PROPERLY","CLEAR","DARKNESS, LIGHTED ROAD","REAR END","NOT DIVIDED",,"STRAIGHT AND LEVEL","DRY","UNKNOWN","NOT ON SCENE (DESK REPORT)","NO INJURY / DRIVE AWAY",,,,"$501 - $1,500","2026-02-22T22:15:00.000","UNABLE TO DETERMINE","NOT APPLICABLE","3100","S","ROBINSON ST","912",,,,,,,"2","NO INDICATION OF INJURY","0","0","0","0","0","3","0","20","1","2","41.8377525304","-87.6674911222","POINT (-87.667491122246 41.837752530377)"
"ba30b447c373e8930371bd867e500171ec0f4aea62016b40d8c00db3685e7e35150edddc79e345acdf98b76bb46e7e82fe75ca36ae8e79b357961aeb952d4610",,"2026-02-22T20:10:00.000","30","TRAFFIC SIGNAL","FUNCTIONING PROPERLY","CLEAR","DARKNESS, LIGHTED ROAD","SIDESWIPE SAME DIRECTION","NOT DIVIDED",,"STRAIGHT AND LEVEL","DRY","NO DEFECTS","ON SCENE","INJURY AND / OR TOW DUE TO CRASH",,,"Y","OVER $1,500","2026-02-22T20:10:00.000","IMPROPER OVERTAKING/PASSING","IMPROPER OVERTAKING/PASSING","3601","N","BROADWAY","1925",,,,,,,"3","NO INDICATION OF INJURY","0","0","0","0","0","4","0","20","1","2","41.947445791","-87.647170375","POINT (-87.64717037502 41.947445790953)"
"e4c145bbddfdded25b333f3ea05c6befc50a94aaaab400c967e251863c212bb61c4af9621a2791cccef01b347415bd90f100972accaae76fc13c48953564ae02",,"2026-02-22T20:00:00.000","30","STOP SIGN/FLASHER","UNKNOWN","UNKNOWN","DARKNESS, LIGHTED ROAD","TURNING","T-INTERSECTION",,"STRAIGHT AND LEVEL","UNKNOWN","UNKNOWN","NOT ON SCENE (DESK REPORT)","NO INJURY / DRIVE AWAY","Y",,,"OVER $1,500","2026-02-22T20:25:00.000","FAILING TO YIELD RIGHT-OF-WAY","FAILING TO REDUCE SPEED TO AVOID CRASH","1031","N","STATE ST","1824",,,,,,,"2","NO INDICATION OF INJURY","0","0","0","0","0","2","0","20","1","2","41.9015190263","-87.6281885144","POINT (-87.628188514403 41.901519026341)"
"455aa965345dba38c7ad9c9cbc25d0a4fc28a1b03fde463f59fad8c611ae3683593791806de33910c14739732f2536425271df2a6b71f31f35aa192b80f797b2",,"2026-02-22T19:55:00.000","30","TRAFFIC SIGNAL","FUNCTIONING PROPERLY","CLEAR","DARKNESS, LIGHTED ROAD","TURNING","FOUR WAY",,"STRAIGHT AND LEVEL","DRY","NO DEFECTS","ON SCENE","INJURY AND / OR TOW DUE TO CRASH","Y",,"Y","OVER $1,500","2026-02-22T20:15:00.000","FAILING TO YIELD RIGHT-OF-WAY","IMPROPER TURNING/NO SIGNAL","4502","N","CUMBERLAND AVE","1614",,,,,,,"2","NONINCAPACITATING INJURY","1","0","0","1","0","4","0","19","1","2","41.9614464949","-87.8368419764","POINT (-87.836841976407 41.961446494879)"
"e422d15d30241e0df39607a66feceff776ec67ae51c54e1d9fd284f516b5ad3c46da856361e734be7771fee27d387a84d9d27c43875154856fa3c277b0c4c16e",,"2026-02-22T19:30:00.000","30","UNKNOWN","UNKNOWN","CLOUDY/OVERCAST","DARKNESS, LIGHTED ROAD","SIDESWIPE SAME DIRECTION","DIVIDED - W/MEDIAN BARRIER",,"STRAIGHT AND LEVEL","UNKNOWN","UNKNOWN","NOT ON SCENE (DESK REPORT)","NO INJURY / DRIVE AWAY",,,,"OVER $1,500","2026-02-22T20:10:00.000","UNABLE TO DETERMINE","UNABLE TO DETERMINE","430","S","MICHIGAN AVE","113",,,,,,,"2","NO INDICATION OF INJURY","0","0","0","0","0","2","0","19","1","2","41.876248128","-87.6244191846","POINT (-87.624419184591 41.876248128036)"
"46b1b8d8a4f68f51002266caff4caf023de429c3c1fcdf6dd6ec1e2bf57fe75a3805e5a8bc2209b5ba64401392b2fe617727c632877f44fe7e6ac44684691bd3",,"2026-02-22T19:20:00.000","30","UNKNOWN","UNKNOWN","CLEAR","DARKNESS","TURNING","NOT DIVIDED",,"STRAIGHT AND LEVEL","DRY","UNKNOWN","ON SCENE","INJURY AND / OR TOW DUE TO CRASH","Y",,,"OVER $1,500","2026-02-22T19:27:00.000","FAILING TO YIELD RIGHT-OF-WAY","NOT APPLICABLE","500","S","ASHLAND AVE","1231",,,,,,,"2","NONINCAPACITATING INJURY","1","0","0","1","0","3","0","19","1","2","41.8751258946","-87.6667717745","POINT (-87.666771774482 41.875125894617)"
"9fa6f2d2e873a03b77e03328cfc5e0faec6fde09255a2517264c9268ee4497504d7f33f7e85d7118e6857257c760e5c9c56de7a60afda54de2b507043c82e226",,"2026-02-22T19:03:00.000","30","UNKNOWN","UNKNOWN","UNKNOWN","UNKNOWN","SIDESWIPE SAME DIRECTION","NOT DIVIDED",,"STRAIGHT AND LEVEL","UNKNOWN","UNKNOWN","NOT ON SCENE (DESK REPORT)","NO INJURY / DRIVE AWAY",,,"Y","OVER $1,500","2026-02-22T19:45:00.000","UNABLE TO DETERMINE","NOT APPLICABLE","5202","W","DIVERSEY AVE","2514",,,,,,,"2","NO INDICATION OF INJURY","0","0","0","0","0","2","0","19","1","2","41.9315064055","-87.7566217362","POINT (-87.756621736233 41.931506405541)"
"381ca1ecb88d357078022ca100d7ffc74bbb3bc66b05fe36a89345e32dfef1944601ee6b9aae4d02068edbfaf7871f4cbf019e4c349fdbcaf8137ef7f6af480d",,"2026-02-22T19:00:00.000","30","STOP SIGN/FLASHER","FUNCTIONING PROPERLY","CLEAR","DARKNESS","TURNING","FOUR WAY",,"STRAIGHT AND LEVEL","DRY","NO DEFECTS","ON SCENE","INJURY AND / OR TOW DUE TO CRASH","Y",,,"OVER $1,500","2026-02-22T19:03:00.000","IMPROPER TURNING/NO SIGNAL","FAILING TO YIELD RIGHT-OF-WAY","9800","S","HALSTED ST","2223",,,,,,,"2","NO INDICATION OF INJURY","0","0","0","0","0","3","0","19","1","2","41.7158702032","-87.6432101395","POINT (-87.643210139548 41.715870203216)"
"09a6d8320e5ca97eebd8545faecf0bd9a9ab1e5b1a8ec975c448a922b0d81bd3f3a34fe40de2832336e1b3b07f12460a3dd6ace26c12fe96f7b37aaf5513fae5",,"2026-02-22T18:48:00.000","30","NO CONTROLS","NO CONTROLS","CLEAR","DARKNESS, LIGHTED ROAD","SIDESWIPE SAME DIRECTION","DIVIDED - W/MEDIAN (NOT RAISED)",,"STRAIGHT AND LEVEL","DRY","NO DEFECTS","ON SCENE","INJURY AND / OR TOW DUE TO CRASH",,,"Y","OVER $1,500","2026-02-22T18:58:00.000","OPERATING VEHICLE IN ERRATIC, RECKLESS, CARELESS, NEGLIGENT OR AGGRESSIVE MANNER","UNABLE TO DETERMINE","5326","W","NORTH AVE","2532",,,,,,,"3","REPORTED, NOT EVIDENT","1","0","0","0","1","4","0","18","1","2","41.9095664786","-87.7592211929","POINT (-87.75922119288 41.90956647859)"
"269010478bf361ba5e00a6d8a4275d80a6a4d2c6824512bd669062a78f5868e47fbc14851b2ea5f35bfb73864f779ab91bb7a0a63afb21c242909eeeeaa4bbbb",,"2026-02-22T18:45:00.000","30","TRAFFIC SIGNAL","UNKNOWN","UNKNOWN","UNKNOWN","TURNING","FOUR WAY",,"STRAIGHT AND LEVEL","UNKNOWN","UNKNOWN","NOT ON SCENE (DESK REPORT)","NO INJURY / DRIVE AWAY","Y",,,"OVER $1,500","2026-02-22T20:05:00.000","UNABLE TO DETERMINE","NOT APPLICABLE","1645","W","OGDEN AVE","1224",,,,,,,"2","NO INDICATION OF INJURY","0","0","0","0","0","2","0","18","1","2","41.8797225597","-87.6679487978","POINT (-87.66794879779 41.879722559704)"
"900bce0f55065c31327586dfcaad53e7a620f9ee29e48113af5db35e925296bcfc48693e37d9bcde35f82ee3360a1c47cdede8943397e6ede56375abb25b150e",,"2026-02-22T18:45:00.000","30","NO CONTROLS","NO CONTROLS","CLEAR","DARKNESS, LIGHTED ROAD","OTHER OBJECT","NOT DIVIDED",,"STRAIGHT AND LEVEL","DRY","NO DEFECTS","NOT ON SCENE (DESK REPORT)","NO INJURY / DRIVE AWAY",,,,"OVER $1,500","2026-02-22T19:55:00.000","UNABLE TO DETERMINE","UNABLE TO DETERMINE","1234","W","CERMAK RD","1235",,,,,,,"1","NO INDICATION OF INJURY","0","0","0","0","0","1","0","18","1","2","41.8525824916","-87.6576381726","POINT (-87.657638172588 41.852582491642)"
"199306b73e8f28795b9e1c24f91fb8049c27fb60395976bb44b84df106be23224edb61f3a02b558354907fc99b4d27fc961c739f8b63b910fd75dd6e540bd41b",,"2026-02-22T18:30:00.000","10","NO CONTROLS","NO CONTROLS","UNKNOWN","UNKNOWN","PARKED MOTOR VEHICLE","PARKING LOT",,"STRAIGHT AND LEVEL","UNKNOWN","UNKNOWN","NOT ON SCENE (DESK REPORT)","NO INJURY / DRIVE AWAY",,,,"OVER $1,500","2026-02-22T19:10:00.000","FAILING TO REDUCE SPEED TO AVOID CRASH","UNABLE TO DETERMINE","8058","S","HALSTED ST","621",,,,,,,"2","NO INDICATION OF INJURY","0","0","0","0","0","2","0","18","1","2","41.7470860989","-87.6440843829","POINT (-87.64408438293 41.747086098941)"
"48b8349a328e7a53a18fa613b777edbbc5b5d88171da43ca0d91d7bd0ae282396855cd9154ae476aa24bd0ba58a2c9ee190fe1b9444605a5f4009a395dfefd58",,"2026-02-22T18:24:00.000","30","NO CONTROLS","NO CONTROLS","CLEAR","DARKNESS, LIGHTED ROAD","PARKED MOTOR VEHICLE","ONE-WAY",,"STRAIGHT AND LEVEL","DRY","UNKNOWN","ON SCENE","INJURY AND / OR TOW DUE TO CRASH",,,"Y","OVER $1,500","2026-02-22T18:25:00.000","UNABLE TO DETERMINE","NOT APPLICABLE","1810","N","MASON AVE","2531",,,,,,,"4","NO INDICATION OF INJURY","0","0","0","0","0","1","0","18","1","2","41.9132689342","-87.7742490335","POINT (-87.774249033537 41.91326893424)"
"6900d21d2296a217a8557a3ccbbb600685d9d9db4e1c3ba4e449e92b84c81372dbf6add38c602669e76f5e9032c8394def97dc5ea5b0ddb87f240f920b9eda13",,"2026-02-22T18:19:00.000","30","NO CONTROLS","NO CONTROLS","CLEAR","DARKNESS, LIGHTED ROAD","REAR END","NOT DIVIDED",,"STRAIGHT AND LEVEL","DRY","UNKNOWN","NOT ON SCENE (DESK REPORT)","INJURY AND / OR TOW DUE TO CRASH","Y",,,"$501 - $1,500","2026-02-23T18:02:00.000","FOLLOWING TOO CLOSELY","NOT APPLICABLE","5600","W","BYRON ST","1633",,,,,,,"2","REPORTED, NOT EVIDENT","1","0","0","0","1","1","0","18","1","2","41.9514423246","-87.7670650584","POINT (-87.767065058363 41.95144232465)"
"1c18a07eeb3e2eb8d63a8a64e0dfa52edfd538a70504db63d89d026665b1947d44811b3030819a1ee8ecfaeb250d5282305db63858bf3be71f18e68a2983cfc7",,"2026-02-22T18:15:00.000","30","NO CONTROLS","NO CONTROLS","CLEAR","DAYLIGHT","REAR END","NOT DIVIDED",,"STRAIGHT AND LEVEL","DRY","NO DEFECTS","NOT ON SCENE (DESK REPORT)","NO INJURY / DRIVE AWAY",,,,"OVER $1,500","2026-02-22T19:10:00.000","FOLLOWING TOO CLOSELY","NOT APPLICABLE","3850","N","CENTRAL AVE","1633",,,,,,,"2","NO INDICATION OF INJURY","0","0","0","0","0","3","0","18","1","2","41.9510548035","-87.7670802595","POINT (-87.767080259497 41.951054803504)"
"75807a1af285f6976057359bf9b5866d22e84e6de854bc22521eb2215bf2b1e7d21a851703b581fc9dfa16a14a74e8105ffcc79d94e829fcbf88f947e7c9190d",,"2026-02-22T18:15:00.000","30","NO CONTROLS","NO CONTROLS","CLOUDY/OVERCAST","DARKNESS, LIGHTED ROAD","FIXED OBJECT","NOT DIVIDED",,"STRAIGHT AND LEVEL","DRY","NO DEFECTS","NOT ON SCENE (DESK REPORT)","INJURY AND / OR TOW DUE TO CRASH",,,,"OVER $1,500","2026-02-22T20:15:00.000","UNABLE TO DETERMINE","UNABLE TO DETERMINE","1035","S","KOSTNER AVE","1131",,,,,,,"1","NO INDICATION OF INJURY","0","0","0","0","0","1","0","18","1","2","41.8678790174","-87.7348819632","POINT (-87.734881963211 41.867879017383)"
"b1154ebf48ca62b7164c43f57ac8f6ae4c386278387a72583a1866919205433bfda46453f6ad0e173623d80a7fcf3cf7c244c5c29fd4bf6fecc450a4442efcf6",,"2026-02-22T18:15:00.000","30","NO CONTROLS","NO CONTROLS","CLOUDY/OVERCAST","DARKNESS, LIGHTED ROAD","REAR TO FRONT","NOT DIVIDED",,"STRAIGHT AND LEVEL","DRY","NO DEFECTS","NOT ON SCENE (DESK REPORT)","NO INJURY / DRIVE AWAY",,,"Y","OVER $1,500","2026-02-22T18:15:00.000","IMPROPER BACKING","UNABLE TO DETERMINE","360","N","MORGAN ST","1214",,,,,,,"2","NO INDICATION OF INJURY","0","0","0","0","0","2","0","18","1","2","41.888544926","-87.6523702752","POINT (-87.652370275236 41.888544926007)"
"a90df2bfb14d82845f086a827d447f93c83bcdaadbcac2e42fa8886667ec3dda298c1af97e2600905757fd8b7906306eb7af39811bd629becd308e75c2546288",,"2026-02-22T18:08:00.000","25","NO CONTROLS","NO CONTROLS","CLEAR","DARKNESS, LIGHTED ROAD","REAR TO FRONT","ONE-WAY",,"STRAIGHT AND LEVEL","DRY","NO DEFECTS","ON SCENE","NO INJURY / DRIVE AWAY",,,,"$500 OR LESS","2026-02-22T18:17:00.000","UNABLE TO DETERMINE","UNABLE TO DETERMINE","4811","W","ROSCOE ST","1634",,,,,,,"2","NO INDICATION OF INJURY","0","0","0","0","0","4","0","18","1","2","41.9423599543","-87.7474581011","POINT (-87.747458101122 41.942359954322)"
"fd3a010bb3229baf7a5dbfc2730df6f0d0e493d9c6aa6ac0e42b4346b1709570b2605472f5a8058cb8dec6bcc981a3a15df29b524b8e86f050760d4ed19797f1",,"2026-02-22T18:03:00.000","30","UNKNOWN","UNKNOWN","CLOUDY/OVERCAST","DARKNESS, LIGHTED ROAD","SIDESWIPE SAME DIRECTION","NOT DIVIDED",,"STRAIGHT AND LEVEL","UNKNOWN","UNKNOWN","NOT ON SCENE (DESK REPORT)","NO INJURY / DRIVE AWAY",,,"Y","OVER $1,500","2026-02-22T19:18:00.000","UNABLE TO DETERMINE","UNABLE TO DETERMINE","400","W","DIVISION ST","1821",,,,,,,"2","NO INDICATION OF INJURY","0","0","0","0","0","2","0","18","1","2","41.9039027427","-87.6383708862","POINT (-87.63837088624 41.903902742747)"
"6cffa342f40f8cbd7ff36642c6aee3992e943def7f502ef073f15a50394b015a002bce27ecdbad5bef388ad50bfb938f3eda08e5071cd729fbb88aa40acd00a3","Y","2026-02-22T18:00:00.000","35","NO CONTROLS","NO CONTROLS","CLEAR","DARKNESS, LIGHTED ROAD","PARKED MOTOR VEHICLE","OTHER",,"STRAIGHT AND LEVEL","DRY","NO DEFECTS","ON SCENE","NO INJURY / DRIVE AWAY",,,"Y","OVER $1,500","2026-02-22T18:45:00.000","NOT APPLICABLE","NOT APPLICABLE","912","E","47TH ST","222",,,,,,,"2","NO INDICATION OF INJURY","0","0","0","0","0","1","0","18","1","2","41.8096804423","-87.6033919964","POINT (-87.603391996426 41.809680442325)"
"d07ac89f628450b00bb7a9bce9fa53969dc663c5681d9426e76cb57f903d644b990d25d6d3b9369e2bc7078b14e1236e61abae770c2612a6af7d2f53634ece29",,"2026-02-22T17:55:00.000","30","NO CONTROLS","NO CONTROLS","CLEAR","DARKNESS, LIGHTED ROAD","TURNING","NOT DIVIDED",,"STRAIGHT AND LEVEL","UNKNOWN","UNKNOWN","ON SCENE","NO INJURY / DRIVE AWAY",,,,"OVER $1,500","2026-02-22T17:58:00.000","DRIVING SKILLS/KNOWLEDGE/EXPERIENCE","NOT APPLICABLE","1647","W","CHICAGO AVE","1215",,,,,,,"2","NO INDICATION OF INJURY","0","0","0","0","0","2","0","17","1","2","41.8959321398","-87.6691961012","POINT (-87.669196101236 41.895932139809)"
"58423d531c3841c60ed36c4b916342d238561266fd019aa7b3c364fc32f6c0e346d5c28a0dd15e72749681c547b441dd31954874f83438f33290d0d6627b99f1",,"2026-02-22T17:50:00.000","30","TRAFFIC SIGNAL","FUNCTIONING PROPERLY","CLEAR","DARKNESS, LIGHTED ROAD","REAR END","DIVIDED - W/MEDIAN (NOT RAISED)",,"STRAIGHT AND LEVEL","DRY","UNKNOWN","NOT ON SCENE (DESK REPORT)","NO INJURY / DRIVE AWAY","Y",,,"$501 - $1,500","2026-02-22T18:30:00.000","UNABLE TO DETERMINE","UNABLE TO DETERMINE","6009","N","BROADWAY","2433",,,,,,,"2","NO INDICATION OF INJURY","0","0","0","0","0","4","0","17","1","2","41.9911817534","-87.6601550832","POINT (-87.660155083224 41.991181753447)"
"f8fd139cd590df434202375f5649d601657e2ed0367614769b2166b4e78d779e3a13c187f8c0172464a0f50ef7eda5ad62976c5267d2217dc9a6e7aef60d69d0",,"2026-02-22T17:42:00.000","25","NO CONTROLS","NO CONTROLS","CLEAR","DAYLIGHT","SIDESWIPE SAME DIRECTION","NOT DIVIDED",,"STRAIGHT AND LEVEL","DRY","NO DEFECTS",,"INJURY AND / OR TOW DUE TO CRASH",,,"Y","$500 OR LESS","2026-02-22T17:44:00.000","IMPROPER OVERTAKING/PASSING","NOT APPLICABLE","103","E","63RD ST","312",,,,,,,"2","NO INDICATION OF INJURY","0","0","0","0","0","5","0","17","1","2","41.7799280391","-87.6218541373","POINT (-87.621854137261 41.779928039077)"
"05131574668caa00491fe4071580370cb4d590b66986ddd6d0810b4fe443d1bb729bcfb0b9913b45da9238cf89a0c984b4aa2261ce3573a6d0e6923791ff7c7d",,"2026-02-22T17:38:00.000","30","NO CONTROLS","NO CONTROLS","CLEAR","DARKNESS, LIGHTED ROAD","REAR END","NOT DIVIDED",,"STRAIGHT AND LEVEL","DRY","NO DEFECTS","ON SCENE","NO INJURY / DRIVE AWAY","N",,,"OVER $1,500","2026-02-22T17:45:00.000","IMPROPER TURNING/NO SIGNAL","FOLLOWING TOO CLOSELY","4335","N","MILWAUKEE AVE","1624",,,,,,,"2","NO INDICATION OF INJURY","0","0","0","0","0","4","0","17","1","2","41.9597478225","-87.7535366451","POINT (-87.753536645092 41.95974782248)"
"b7f0e0f66947f323e28096766ca3484c7727e1e2c36db4b8a9fc2f3b3e53ebb7209f6b21d7046110c77d7993cf1d4eabeeb4c00d3b6bec7ef8d77de59e8d1853",,"2026-02-22T17:37:00.000","30","NO CONTROLS","NO CONTROLS","CLEAR","DAYLIGHT","PARKED MOTOR VEHICLE","PARKING LOT",,"STRAIGHT AND LEVEL","SNOW OR SLUSH","NO DEFECTS","NOT ON SCENE (DESK REPORT)","NO INJURY / DRIVE AWAY",,"Y",,"OVER $1,500","2026-02-22T17:37:00.000","UNABLE TO DETERMINE","NOT APPLICABLE","2168","S","ARCHER AVE","914",,,,,,,"2","NO INDICATION OF INJURY","0","0","0","0","0","2","0","17","1","2","41.8531671993","-87.6344610287","POINT (-87.634461028723 41.853167199331)"
"ed9712a1b49caa7586e74ef9259102a7e88c9e45e016db64f57243500de4d9bd6608ad2e8838bb61f21dbc7ad6d2ae7481d3934ae03af8503be01b9cca01f6ce",,"2026-02-22T17:32:00.000","30","STOP SIGN/FLASHER","FUNCTIONING PROPERLY","SNOW","DAYLIGHT","PARKED MOTOR VEHICLE","ONE-WAY",,"STRAIGHT AND LEVEL","WET","NO DEFECTS","ON SCENE","NO INJURY / DRIVE AWAY",,,,"$501 - $1,500","2026-02-22T17:32:00.000","NOT APPLICABLE","NOT APPLICABLE","534","N","PINE AVE","1523",,,,,,,"2","NO INDICATION OF INJURY","0","0","0","0","0","2","0","17","1","2","41.8898826804","-87.7635164648","POINT (-87.763516464759 41.889882680383)"
"db7576c406f06d6e0e22e41e2042f4351635bf53f58c464eb4550409f74fd09c02bbd1f0962bef99a8bd30d549e1c3701c54cd7c848b814506653bfc3ef42600",,"2026-02-22T17:28:00.000","30","TRAFFIC SIGNAL","FUNCTIONING PROPERLY","CLEAR","DAYLIGHT","TURNING","CENTER TURN LANE",,"STRAIGHT AND LEVEL","DRY","NO DEFECTS","ON SCENE","INJURY AND / OR TOW DUE TO CRASH","Y",,,"OVER $1,500","2026-02-22T17:40:00.000","DISREGARDING OTHER TRAFFIC SIGNS","IMPROPER OVERTAKING/PASSING","1600","N","WESTERN AVE","1434",,,,,,,"2","REPORTED, NOT EVIDENT","1","0","0","0","1","1","0","17","1","2","41.9104090236","-87.6873702684","POINT (-87.687370268401 41.910409023629)"
"80450abf806e2262dfe4f5599da6212a25b2b89512a0422e05aff8ca64706dd04162b8fab383e553f1f9fd09cdd9758d84d4228b2ac4a4c89b01afad329ba993",,"2026-02-22T17:20:00.000","30","NO CONTROLS","NO CONTROLS","UNKNOWN","DUSK","SIDESWIPE SAME DIRECTION","DIVIDED - W/MEDIAN (NOT RAISED)",,"STRAIGHT AND LEVEL","UNKNOWN","UNKNOWN","NOT ON SCENE (DESK REPORT)","NO INJURY / DRIVE AWAY",,,,"OVER $1,500","2026-02-25T14:10:00.000","IMPROPER LANE USAGE","FAILING TO REDUCE SPEED TO AVOID CRASH","1256","W","NORTH AVE","1433",,,,,,,"2","NO INDICATION OF INJURY","0","0","0","0","0","2","0","17","1","2","41.9108729835","-87.6591694123","POINT (-87.659169412251 41.910872983455)"
"8ca995841985e10f0fefd60878aabafd01ea9a7a582fdb8e4f98e8774695b78544f76b3334e3b012a207d9393313ffb3fa4b56e995551fe16b8c8036193f95e2",,"2026-02-22T17:10:00.000","30","NO CONTROLS","NO CONTROLS","CLEAR","DAYLIGHT","REAR END","DIVIDED - W/MEDIAN (NOT RAISED)",,"STRAIGHT AND LEVEL","DRY","NO DEFECTS","ON SCENE","NO INJURY / DRIVE AWAY",,,,"$501 - $1,500","2026-02-22T17:21:00.000","FOLLOWING TOO CLOSELY","NOT APPLICABLE","7691","S","CICERO AVE","833",,,,,,,"2","NO INDICATION OF INJURY","0","0","0","0","0","5","0","17","1","2","41.7528576477","-87.7413545279","POINT (-87.741354527939 41.752857647668)"
"22ce27c4f3180e0632633f6192c05a97c0d4bba9f4f34a56a4e643dac90049f1213b8455b2f5627e8dacbb810fd8864034b90ad4513f77ff50e34bc6ddce915e","Y","2026-02-22T17:04:00.000","25","OTHER","OTHER","CLEAR","DAYLIGHT","PARKED MOTOR VEHICLE","PARKING LOT",,"STRAIGHT AND LEVEL","UNKNOWN","NO DEFECTS","ON SCENE","NO INJURY / DRIVE AWAY",,,,"$500 OR LESS","2026-02-22T17:05:00.000","UNABLE TO DETERMINE","NOT APPLICABLE","420","S","PULASKI RD","1132",,,,,,,"2","NO INDICATION OF INJURY","0","0","0","0","0","1","0","17","1","2","41.8745373122","-87.7255969017","POINT (-87.725596901652 41.874537312209)"
"028463f3142205940b8e1d08e18934e1bbc76349e83d657bfacb69d5f8863d2a6cf0b6bde51b57023649a0aee4a4751d3a69f240cf778257cf81ea6c8f7cf673",,"2026-02-22T17:00:00.000","30","UNKNOWN","UNKNOWN","CLEAR","DUSK","PARKED MOTOR VEHICLE","ONE-WAY",,"STRAIGHT AND LEVEL","DRY","NO DEFECTS","ON SCENE","NO INJURY / DRIVE AWAY",,,,"$500 OR LESS","2026-02-22T17:05:00.000","UNABLE TO DETERMINE","UNABLE TO DETERMINE","2639","W","IOWA ST","1211",,,,,,,"2","NO INDICATION OF INJURY","0","0","0","0","0","1","0","17","1","2","41.8973880377","-87.6933923283","POINT (-87.693392328252 41.897388037685)"
"738f5344ed6091b61beaf474a92b4b3d930a9b31e3c781c1234370f62f24c5de4e82481b905f198644ac84988daecae9e383bf5e4714ee23a9e4baee4204d1e7","Y","2026-02-22T17:00:00.000","30","RR CROSSING SIGN","UNKNOWN","OTHER","DUSK","PARKED MOTOR VEHICLE","NOT DIVIDED",,"STRAIGHT AND LEVEL","WET","UNKNOWN","NOT ON SCENE (DESK REPORT)","INJURY AND / OR TOW DUE TO CRASH",,,"N","OVER $1,500","2026-02-23T11:00:00.000","UNABLE TO DETERMINE","UNABLE TO DETERMINE","3015","W","DIVISION ST","1211",,,,,,,"2","NO INDICATION OF INJURY","0","0","0","0","0","1","0","17","1","2","41.9027679348","-87.7022444278","POINT (-87.702244427784 41.902767934755)"
"a21a4168135ee3e30f63abc5d38ba104f5ca8130c71f5d80001638c4e0bc4980698eedb0b65f43cdc0b80aa798bb125111c5e9a6275344610dcb11390469b5b1",,"2026-02-22T16:56:00.000","30","TRAFFIC SIGNAL","FUNCTIONING IMPROPERLY","CLEAR","DAYLIGHT","ANGLE","FOUR WAY",,"STRAIGHT AND LEVEL","DRY","NO DEFECTS","NOT ON SCENE (DESK REPORT)","NO INJURY / DRIVE AWAY","Y",,,"OVER $1,500","2026-02-22T17:25:00.000","UNABLE TO DETERMINE","UNABLE TO DETERMINE","7899","S","STATE ST","623",,,,,,,"2","NO INDICATION OF INJURY","0","0","0","0","0","2","0","16","1","2","41.7510095803","-87.6244014161","POINT (-87.624401416141 41.75100958029)"