"crash_record_id","crash_date_est_i","crash_date","posted_speed_limit","traffic_control_device","device_condition","weather_condition","lighting_condition","first_crash_type","trafficway_type","lane_cnt","alignment","roadway_surface_cond","road_defect","report_type","crash_type","intersection_related_i","private_property_i","hit_and_run_i","damage","date_police_notified","prim_contributory_cause","sec_contributory_cause","street_no","street_direction","street_name","beat_of_occurrence","photos_taken_i","statements_taken_i","dooring_i","work_zone_i","work_zone_type","workers_present_i","num_units","most_severe_injury","injuries_total","injuries_fatal","injuries_incapacitating","injuries_non_incapacitating","injuries_reported_not_evident","injuries_no_indication","injuries_unknown","crash_hour","crash_day_of_week","crash_month","latitude","longitude","location"
"135823a2159bc23e8234f88ccf155382b2cd52812639bfee268ed87e9339314053a364721926b732b9b152e25c21d8c78c1be298375f2665ae5d8feaa0b2d4e4",,"2026-02-22T16:54:00.000","30","NO CONTROLS","NO CONTROLS","CLEAR","DAYLIGHT","PARKED MOTOR VEHICLE","NOT DIVIDED",,"STRAIGHT AND LEVEL","WET","NO DEFECTS","ON SCENE","NO INJURY / DRIVE AWAY",,,,"$501 - $1,500","2026-02-22T16:55:00.000","FOLLOWING TOO CLOSELY","FOLLOWING TOO CLOSELY","1658","N","LEAVITT ST","1434",,,,,,,"2","NO INDICATION OF INJURY","0","0","0","0","0","1","0","16","1","2","41.91204149","-87.6825307477","POINT (-87.682530747717 41.912041489998)"
"afb87038f629c919367d87c9047d42d59304d91f4818d297dbc4520ea3678f14828305137509f5910248a08c13f7608c752c86f71210ab7313e2f26d1b1482d8",,"2026-02-22T16:46:00.000","30","TRAFFIC SIGNAL","FUNCTIONING PROPERLY","CLEAR","DAYLIGHT","ANGLE","FOUR WAY",,"STRAIGHT AND LEVEL","DRY","NO DEFECTS","ON SCENE","INJURY AND / OR TOW DUE TO CRASH","Y",,,"OVER $1,500","2026-02-22T16:51:00.000","DISREGARDING TRAFFIC SIGNALS","NOT APPLICABLE","1600","W","CONGRESS PKWY","1231",,,,"Y","CONSTRUCTION",,"2","NO INDICATION OF INJURY","0","0","0","0","0","2","0","16","1","2","41.8752842012","-87.6667549017","POINT (-87.666754901693 41.875284201202)"
"bf630a04f649d2df7bf9bb9c846744374fed46430233fb5e00d076dfa53e8274759c8f085a7e791c0e469be66db14dedf84e8369a2b7bf73d649228b883b498f",,"2026-02-22T16:25:00.000","30","NO CONTROLS","NO CONTROLS","CLEAR","DAYLIGHT","TURNING","DIVIDED - W/MEDIAN BARRIER",,"CURVE, LEVEL","DRY","UNKNOWN","NOT ON SCENE (DESK REPORT)","NO INJURY / DRIVE AWAY",,,"Y","$501 - $1,500","2026-02-22T16:45:00.000","IMPROPER OVERTAKING/PASSING","UNABLE TO DETERMINE","6401","N","SHERIDAN RD","2432",,,,,,,"2","NO INDICATION OF INJURY","0","0","0","0","0","2","0","16","1","2","41.9983088064","-87.6596963833","POINT (-87.659696383256 41.99830880639)"
"793af355320dd7da657dec64c1b6c2493ca632d95e1ab6e696e395b874799469036acd10a561c4e2559e37c671ea09221c43419430254ab67acbd629f7a579a7",,"2026-02-22T16:22:00.000","35","TRAFFIC SIGNAL","FUNCTIONING PROPERLY","CLEAR","DAYLIGHT","REAR END","T-INTERSECTION",,"STRAIGHT AND LEVEL","DRY","NO DEFECTS","ON SCENE","INJURY AND / OR TOW DUE TO CRASH","Y",,"Y","OVER $1,500","2026-02-22T16:22:00.000","UNABLE TO DETERMINE","UNABLE TO DETERMINE","6501","S","DR MARTIN LUTHER KING JR DR","312",,,,,,,"2","REPORTED, NOT EVIDENT","1","0","0","0","1","1","0","16","1","2","41.7765150925","-87.6153866372","POINT (-87.615386637204 41.776515092464)"
"8a7c04e7160b541bccefc47e7441c51e6886b1221a56cd20417ff4b61b68e0895906df2eca1b39f853e763883efd6823fa59ebbd4d19275e8027a6425e8ebaa9",,"2026-02-22T16:19:00.000","30","TRAFFIC SIGNAL","FUNCTIONING PROPERLY","CLEAR","DAYLIGHT","REAR END","DIVIDED - W/MEDIAN BARRIER",,"STRAIGHT AND LEVEL","DRY","NO DEFECTS","ON SCENE","INJURY AND / OR TOW DUE TO CRASH",,,,"$501 - $1,500","2026-02-22T16:19:00.000","FAILING TO REDUCE SPEED TO AVOID CRASH","NOT APPLICABLE","3100","S","WESTERN AVE","911",,,,,,,"2","REPORTED, NOT EVIDENT","2","0","0","0","2","2","0","16","1","2","41.8377948997","-87.685148751","POINT (-87.685148751027 41.837794899723)"
"c8ee20eb1c788eca379dd281052639e3ac888dd2268b1f79ccfd20106ba48585b8034cd85c4a4d48ebc5bf29634e473ebc1835b2c9aa6fea3eeb4ade0a702f39",,"2026-02-22T16:15:00.000","35","TRAFFIC SIGNAL","FUNCTIONING PROPERLY","CLEAR","DAYLIGHT","TURNING","DIVIDED - W/MEDIAN (NOT RAISED)",,"STRAIGHT AND LEVEL","DRY","NO DEFECTS","NOT ON SCENE (DESK REPORT)","NO INJURY / DRIVE AWAY",,,,"OVER $1,500","2026-02-23T13:20:00.000","IMPROPER TURNING/NO SIGNAL","NOT APPLICABLE","3201","N","ASHLAND AVE","1922",,,,,,,"2","NO INDICATION OF INJURY","0","0","0","0","0","2","0","16","1","2","41.9397446157","-87.6685161011","POINT (-87.668516101064 41.939744615735)"
"d32fb5b8aa6f3777ffa8913b6234389b0bd7d55171d6dd73784fcf3156456cf4e49b4605d294464db7faf466b564e1a6b6fb31457c43345d0ea8e779ca72ab12",,"2026-02-22T16:15:00.000","30","TRAFFIC SIGNAL","FUNCTIONING PROPERLY","CLEAR","DAYLIGHT","TURNING","FOUR WAY",,"STRAIGHT AND LEVEL","DRY","NO DEFECTS","ON SCENE","NO INJURY / DRIVE AWAY","Y",,"Y","OVER $1,500","2026-02-22T16:24:00.000","FOLLOWING TOO CLOSELY","UNABLE TO DETERMINE","2600","S","KEDZIE AVE","1032",,,,,,,"2","NO INDICATION OF INJURY","0","0","0","0","0","4","0","16","1","2","41.8444248308","-87.7051854523","POINT (-87.705185452332 41.844424830844)"
"8fbc6328cdb8187e9736519ab3d848abc410c0282118941b56fd9471a4fb60e9d873d00a4148dd80385dc71aa7522f73fd7890b546bfd3fce39a96bc2cffec45",,"2026-02-22T16:11:00.000","30","TRAFFIC SIGNAL","FUNCTIONING PROPERLY","CLEAR","DAYLIGHT","FIXED OBJECT","DIVIDED - W/MEDIAN (NOT RAISED)",,"STRAIGHT AND LEVEL","DRY","NO DEFECTS","ON SCENE","INJURY AND / OR TOW DUE TO CRASH","N",,,"OVER $1,500","2026-02-22T16:11:00.000","FAILING TO REDUCE SPEED TO AVOID CRASH","NOT APPLICABLE","9057","S","STATE ST","634",,,,,,,"1","NO INDICATION OF INJURY","0","0","0","0","0","1","0","16","1","2","41.7291576949","-87.6237956426","POINT (-87.623795642574 41.729157694906)"
"28ea67bc38e7a735ac12ddfba9462af887ef4130bcf5b8e09810c171f45a30bcb057f541972bd5899ee766600a3c805291cabbb7f217ba551575592dd7aab217",,"2026-02-22T16:00:00.000","10","UNKNOWN","UNKNOWN","UNKNOWN","UNKNOWN","PARKED MOTOR VEHICLE","PARKING LOT",,"STRAIGHT AND LEVEL","UNKNOWN","UNKNOWN","NOT ON SCENE (DESK REPORT)","NO INJURY / DRIVE AWAY",,"Y","Y","OVER $1,500","2026-02-22T20:00:00.000","UNABLE TO DETERMINE","NOT APPLICABLE","4501","W","NORTH AVE","2533",,,,,,,"2","NO INDICATION OF INJURY","0","0","0","0","0","1","0","16","1","2","41.909600386","-87.7393564665","POINT (-87.739356466533 41.909600386011)"
"3baa914c2b5342698caee5eca14a8c5624a682174eda3f78bd7cfd03fe66578d299d5ba67d29cd60c0ed6fcc534c109d3abb43967d0c64a17b28ee5feacf10b0",,"2026-02-22T16:00:00.000","30","TRAFFIC SIGNAL","FUNCTIONING PROPERLY","CLEAR","DAYLIGHT","REAR END","NOT DIVIDED",,"STRAIGHT AND LEVEL","DRY","NO DEFECTS","NOT ON SCENE (DESK REPORT)","NO INJURY / DRIVE AWAY","Y",,,"OVER $1,500","2026-02-24T19:48:00.000","PHYSICAL CONDITION OF DRIVER","PHYSICAL CONDITION OF DRIVER","4817","W","IRVING PARK RD","1634",,,,,,,"2","NO INDICATION OF INJURY","0","0","0","0","0","2","0","16","1","2","41.9532943636","-87.7480072813","POINT (-87.748007281315 41.953294363608)"
"dbf460d97ed871c4c7887e50a6837ae5c75291f5b5aeae97bc3db254ab3fc822e8241f6d6db8908b3a5bac44c19a0a661d7e21aa839f070facbce46cb84db910",,"2026-02-22T16:00:00.000","30","TRAFFIC SIGNAL","FUNCTIONING PROPERLY","CLEAR","DAYLIGHT","REAR END","DIVIDED - W/MEDIAN (NOT RAISED)",,"STRAIGHT AND LEVEL","DRY","NO DEFECTS","NOT ON SCENE (DESK REPORT)","NO INJURY / DRIVE AWAY",,,,"OVER $1,500","2026-02-22T16:20:00.000","FOLLOWING TOO CLOSELY","UNABLE TO DETERMINE","4700","S","STATE ST","224",,"Y",,,,,"2","NO INDICATION OF INJURY","0","0","0","0","0","3","0","16","1","2","41.8091430179","-87.6262291323","POINT (-87.626229132272 41.809143017867)"
"2c279fe67655b7d1426f8620f9b6143eb82cf5980570042b69fc80f8dde1f365f828a5db77a3f6c92376b9b3b34d99a3080b5d5895b53d1e7e4ebe53084d5f58",,"2026-02-22T15:50:00.000","30","NO CONTROLS","NO CONTROLS","CLEAR","DAYLIGHT","PARKED MOTOR VEHICLE","FOUR WAY",,"STRAIGHT AND LEVEL","DRY","UNKNOWN","ON SCENE","NO INJURY / DRIVE AWAY",,,"Y","OVER $1,500","2026-02-22T16:36:00.000","IMPROPER BACKING","UNABLE TO DETERMINE","9300","S","PEORIA ST","2223",,,,,,,"2","NO INDICATION OF INJURY","0","0","0","0","0","2","0","15","1","2","41.7248204356","-87.6458845971","POINT (-87.6458845971 41.724820435569)"
"e8722a91c1a0cf849a9dabb60be7b8b08c45373dd58f4ac07d1ba4fd211c06c38de89c66510b505a5f68a87ddfad9e63f3c602383d9aed8d0cc6b56f64b5c523",,"2026-02-22T15:50:00.000","10","NO CONTROLS","NO CONTROLS","CLEAR","DAYLIGHT","PARKED MOTOR VEHICLE","PARKING LOT",,"STRAIGHT AND LEVEL","DRY","NO DEFECTS","NOT ON SCENE (DESK REPORT)","NO INJURY / DRIVE AWAY",,,"Y","$501 - $1,500","2026-02-22T16:30:00.000","IMPROPER BACKING","NOT APPLICABLE","5054","S","ARCHER AVE","815",,,,,,,"2","NO INDICATION OF INJURY","0","0","0","0","0","3","0","15","1","2","41.8013158781","-87.7265917422","POINT (-87.7265917422 41.801315878072)"
"5918290f1ed1d274826e8c55e73c79482d94c48fb89135d617be97e598bf3a8548a55d5ad42a22d300b99fbd4dcb67c17b48fef21f577a0e0c8c4437fdc738c7",,"2026-02-22T15:49:00.000","30","TRAFFIC SIGNAL","FUNCTIONING PROPERLY","CLEAR","DAYLIGHT","REAR END","NOT DIVIDED",,"STRAIGHT AND LEVEL","UNKNOWN","UNKNOWN","NOT ON SCENE (DESK REPORT)","NO INJURY / DRIVE AWAY",,,,"OVER $1,500","2026-02-22T16:20:00.000","FOLLOWING TOO CLOSELY","FOLLOWING TOO CLOSELY","7855","S","WESTERN AVE","835",,,,,,,"2","NO INDICATION OF INJURY","0","0","0","0","0","3","0","15","1","2","41.7503108908","-87.6827074015","POINT (-87.682707401546 41.750310890789)"
"e587093535e2df509ccf6a99329a6e16e4b84596dbf2775d629eb35dd36add57c7d66e2c738e0b76084dd24cbe9fdaf02ca16918db7162012981acc02823c181",,"2026-02-22T15:45:00.000","30","NO CONTROLS","NO CONTROLS","CLEAR","DAYLIGHT","TURNING","NOT DIVIDED",,"STRAIGHT AND LEVEL","WET","UNKNOWN",,"NO INJURY / DRIVE AWAY",,,,"OVER $1,500","2026-02-22T16:15:00.000","IMPROPER TURNING/NO SIGNAL","NOT APPLICABLE","4971","S","ARCHER AVE","821",,,,,,,"2","NO INDICATION OF INJURY","0","0","0","0","0","5","0","15","1","2","41.8028315031","-87.7223572063","POINT (-87.722357206336 41.802831503112)"
"e18b6fcaf800c331a99147e82e824b72acf4757173fa2e02011a77a21023fa9f04ebb544a3cc178d9f13bfaf04cfc95a0b98f648a51ce391253a1e155b86a883",,"2026-02-22T15:41:00.000","15","NO CONTROLS","NO CONTROLS","CLEAR","DAYLIGHT","REAR TO FRONT","ONE-WAY",,"STRAIGHT AND LEVEL","DRY","NO DEFECTS","ON SCENE","NO INJURY / DRIVE AWAY",,,,"OVER $1,500","2026-02-22T15:49:00.000","UNABLE TO DETERMINE","UNABLE TO DETERMINE","4899","W","DICKENS AVE","2522",,,,,,,"2","NO INDICATION OF INJURY","0","0","0","0","0","3","0","15","1","2","41.9186149868","-87.7485635475","POINT (-87.748563547486 41.91861498678)"
"3acf578502286e968ee87d858fb2af09450e52671dddf4795df7f634f1c7b84cba5f8efe484c637b26509ff9e8bde3c4165ed1ecf017bf5779158d5f72018243",,"2026-02-22T15:40:00.000","30","STOP SIGN/FLASHER","FUNCTIONING PROPERLY","CLEAR","DAYLIGHT","SIDESWIPE SAME DIRECTION","ONE-WAY",,"STRAIGHT AND LEVEL","DRY","NO DEFECTS","NOT ON SCENE (DESK REPORT)","NO INJURY / DRIVE AWAY",,,,"$501 - $1,500","2026-02-22T16:00:00.000","UNABLE TO DETERMINE","UNABLE TO DETERMINE","10500","S","INDIANA AVE","512",,,,,,,"2","NO INDICATION OF INJURY","0","0","0","0","0","2","0","15","1","2","41.7034454442","-87.6186859961","POINT (-87.61868599615 41.703445444192)"
"db3cdc872bd583d1a6627c0a0c585c89a9fc23ba1a5ec1015a7dc3898891f10550d10816ae47d340ebbffe1228fe5692816a9d883144e08585d65959ffeb5ad0",,"2026-02-22T15:40:00.000","30","NO CONTROLS","NO CONTROLS","CLEAR","DAYLIGHT","PARKED MOTOR VEHICLE","PARKING LOT",,"STRAIGHT AND LEVEL","DRY","NO DEFECTS","ON SCENE","NO INJURY / DRIVE AWAY",,"Y","Y","OVER $1,500","2026-02-22T15:48:00.000","UNABLE TO DETERMINE","NOT APPLICABLE","1837","S","WESTERN AVE","1234",,,,,,,"2","NO INDICATION OF INJURY","0","0","0","0","0","1","0","15","1","2","41.8565216705","-87.6856092539","POINT (-87.685609253905 41.856521670514)"
"675833b4077b19d5683e5596e0fcccd13d8c112098e3df14af83752a30b93fa624c52d11b00b5af490e71af858384215fbfac27ce2644d4018ba79f7a3715afc",,"2026-02-22T15:29:00.000","30","TRAFFIC SIGNAL","FUNCTIONING PROPERLY","CLEAR","DAYLIGHT","REAR END","DIVIDED - W/MEDIAN (NOT RAISED)",,"STRAIGHT AND LEVEL","DRY","NO DEFECTS","NOT ON SCENE (DESK REPORT)","NO INJURY / DRIVE AWAY",,,,"$501 - $1,500","2026-02-22T17:00:00.000","FAILING TO REDUCE SPEED TO AVOID CRASH","UNABLE TO DETERMINE","2006","S","CANALPORT AVE","1235",,,,,,,"2","NO INDICATION OF INJURY","0","0","0","0","0","2","0","15","1","2","41.8556849581","-87.6447410222","POINT (-87.644741022194 41.855684958068)"
"63fe56a933967d0bafcaf853e17416f9be7b014593963a594eb2320142299755de5e7c224dd07f953c4fa2b19f6a94574b850f845bf72dff500a0b62e0c25172",,"2026-02-22T15:15:00.000","30","NO CONTROLS","NO CONTROLS","UNKNOWN","UNKNOWN","SIDESWIPE OPPOSITE DIRECTION","NOT DIVIDED",,"STRAIGHT AND LEVEL","UNKNOWN","UNKNOWN","NOT ON SCENE (DESK REPORT)","NO INJURY / DRIVE AWAY",,,,"OVER $1,500","2026-02-22T15:30:00.000","UNABLE TO DETERMINE","NOT APPLICABLE","5025","W","BELMONT AVE","2521",,,,,,,"2","NO INDICATION OF INJURY","0","0","0","0","0","2","0","15","1","2","41.9386415819","-87.752823478","POINT (-87.752823477979 41.938641581901)"
"81dc571ad3af129334a12ac23031f9fb4b2c57206745b644c5f78d9f63020c82cc85b27c0b6d46894c1482e6a01484a4e306b836d059cb06fe0dc594472c439e",,"2026-02-22T15:15:00.000","30","UNKNOWN","UNKNOWN","CLOUDY/OVERCAST","DAYLIGHT","SIDESWIPE SAME DIRECTION","NOT DIVIDED",,"STRAIGHT AND LEVEL","UNKNOWN","UNKNOWN","NOT ON SCENE (DESK REPORT)","NO INJURY / DRIVE AWAY",,,,"OVER $1,500","2026-02-22T15:30:00.000","UNABLE TO DETERMINE","NOT APPLICABLE","2805","W","ADDISON ST","1733",,,,,,,"2","NO INDICATION OF INJURY","0","0","0","0","0","2","0","15","1","2","41.946570931","-87.6982483575","POINT (-87.698248357459 41.946570931031)"
"ec3a484d3f2e14d51ef534c3bbd93630d89755a97475ec6f57c7a8eb5b58f48c288a0b127130d5bb76170fce10d6c4432c5a89a920795b18a993fecded5e3fe2",,"2026-02-22T15:10:00.000","35","TRAFFIC SIGNAL","FUNCTIONING PROPERLY","CLEAR","DAYLIGHT","PEDALCYCLIST","NOT DIVIDED",,"STRAIGHT AND LEVEL","DRY","NO DEFECTS","NOT ON SCENE (DESK REPORT)","NO INJURY / DRIVE AWAY",,,,"$501 - $1,500","2026-02-24T13:13:00.000","UNABLE TO DETERMINE","NOT APPLICABLE","4455","N","LINCOLN AVE","1911",,,"Y",,,,"2","NO INDICATION OF INJURY","0","0","0","0","0","2","0","15","1","2","41.9629668594","-87.6846946537","POINT (-87.684694653667 41.962966859428)"
"3abc90a97b8e208dad931fe16f36c7ac2eba2414ba321a81d8b7a0300f697c4880c142cb43651cc5e2b5e39739a6e44b88ace08e19e2007a2f2a2cefca7791d7",,"2026-02-22T15:00:00.000","25","NO CONTROLS","NO CONTROLS","UNKNOWN","UNKNOWN","PARKED MOTOR VEHICLE","NOT DIVIDED",,"STRAIGHT AND LEVEL","UNKNOWN","NO DEFECTS","ON SCENE","NO INJURY / DRIVE AWAY",,,"Y","$501 - $1,500","2026-02-22T17:40:00.000","FAILING TO REDUCE SPEED TO AVOID CRASH","FAILING TO REDUCE SPEED TO AVOID CRASH","2709","S","CROWELL ST","913",,,,,,,"2","NO INDICATION OF INJURY","0","0","0","0","0","1","0","15","1","2","41.8445077472","-87.6573383447","POINT (-87.657338344659 41.84450774716)"
"b5663d112ad9244ba85212769ac37bf2fef80e18daaad98aaab6439b5b10460040e3471416c6be7c829e84fd649a6fbecb1d5d43e90c2cc57cb683179fabdc91",,"2026-02-22T15:00:00.000","30","NO CONTROLS","NO CONTROLS","CLOUDY/OVERCAST","DAYLIGHT","SIDESWIPE SAME DIRECTION","ONE-WAY",,"STRAIGHT AND LEVEL","UNKNOWN","UNKNOWN","NOT ON SCENE (DESK REPORT)","NO INJURY / DRIVE AWAY",,,,"OVER $1,500","2026-02-22T15:30:00.000","IMPROPER OVERTAKING/PASSING","FAILING TO REDUCE SPEED TO AVOID CRASH","2459","N","ORCHARD ST","1935",,,,,,,"2","NO INDICATION OF INJURY","0","0","0","0","0","2","0","15","1","2","41.9271930791","-87.6462463907","POINT (-87.646246390706 41.92719307913)"
"60a967d0c556607141f29da2801ba9538d6ca0d71d8cb399736b00f73558b4c48834998cf5d81a5594761c812fb7972d5422cdee2a290d9b308a9a86bfea8500",,"2026-02-22T14:50:00.000","30","NO CONTROLS","NO CONTROLS","CLOUDY/OVERCAST","DAYLIGHT","SIDESWIPE SAME DIRECTION","NOT DIVIDED",,"STRAIGHT AND LEVEL","DRY","NO DEFECTS","NOT ON SCENE (DESK REPORT)","NO INJURY / DRIVE AWAY",,,,"OVER $1,500","2026-02-22T14:52:00.000","UNABLE TO DETERMINE","NOT APPLICABLE","611","W","ROOSEVELT RD","124",,,,,,,"2","NO INDICATION OF INJURY","0","0","0","0","0","2","0","14","1","2","41.8671037982","-87.6426271285","POINT (-87.642627128504 41.86710379817)"
"059b85023d90cff515544efbac99fd82fecad4363dbb6fbb54cf658d0e845922d79fe31c7047316a309f265b07b9066f9fa37d31b124404cb6949d0598e6bc8d",,"2026-02-22T14:34:00.000","25","TRAFFIC SIGNAL","FUNCTIONING PROPERLY","CLEAR","DAYLIGHT","TURNING","NOT DIVIDED",,"STRAIGHT AND LEVEL","DRY","NO DEFECTS","NOT ON SCENE (DESK REPORT)","NO INJURY / DRIVE AWAY","Y",,,"OVER $1,500","2026-02-22T15:05:00.000","UNABLE TO DETERMINE","UNABLE TO DETERMINE","3100","S","CALIFORNIA AVE","1033",,,,,,,"2","NO INDICATION OF INJURY","0","0","0","0","0","2","0","14","1","2","41.8372770504","-87.6951722465","POINT (-87.695172246519 41.837277050366)"
"ba618a5d7bbe787514facbb02225d7e1a5b6b516e4767d3d66cc211be7bc42fc1381dd099e9cfef08a791ad46c05484a306dad4cbf22112144c2a3d731f64a23","Y","2026-02-22T14:30:00.000","20","NO CONTROLS","NO CONTROLS","CLEAR","DAYLIGHT","PARKED MOTOR VEHICLE","ONE-WAY",,"STRAIGHT AND LEVEL","DRY","NO DEFECTS","ON SCENE","NO INJURY / DRIVE AWAY",,,"Y","$500 OR LESS","2026-02-22T17:09:00.000","UNABLE TO DETERMINE","NOT APPLICABLE","8204","S","DREXEL AVE","631",,,,,,,"2","NO INDICATION OF INJURY","0","0","0","0","0","1","0","14","1","2","41.7456177183","-87.6027434774","POINT (-87.602743477406 41.745617718296)"
"4b3457ddaf09047cbf69d2a4ea10e807bded12aa34e94eb1f163a54951010171d463aa6642a9fd4849d3936fa0beb05acce91cf240e12daa092d7f2752af5504",,"2026-02-22T14:23:00.000","30","TRAFFIC SIGNAL","FUNCTIONING PROPERLY","CLEAR","DAYLIGHT","REAR END","NOT DIVIDED",,"STRAIGHT AND LEVEL","DRY","NO DEFECTS","NOT ON SCENE (DESK REPORT)","NO INJURY / DRIVE AWAY",,,"Y","OVER $1,500","2026-02-23T09:30:00.000","FOLLOWING TOO CLOSELY","UNABLE TO DETERMINE","7855","S","WESTERN AVE","835",,,,,,,"2","NO INDICATION OF INJURY","0","0","0","0","0","2","0","14","1","2","41.7503108908","-87.6827074015","POINT (-87.682707401546 41.750310890789)"
"76ea9ab047ceadcc2f814b5194399dec0229bfc9702062755fac7f59fc3744d6f3e66a17e493566524dc0fa4fef35a2a320706eb6c545a5b163201442de625ae",,"2026-02-22T14:20:00.000","30","TRAFFIC SIGNAL","FUNCTIONING PROPERLY","CLEAR","DAYLIGHT","TURNING","DIVIDED - W/MEDIAN (NOT RAISED)",,"STRAIGHT AND LEVEL","DRY","UNKNOWN",,"NO INJURY / DRIVE AWAY",,,,"OVER $1,500","2026-02-22T15:20:00.000","FAILING TO YIELD RIGHT-OF-WAY","NOT APPLICABLE","2401","N","DAMEN AVE","1432",,,,,,,"2","NO INDICATION OF INJURY","0","0","0","0","0","2","0","14","1","2","41.9250478523","-87.677753522","POINT (-87.677753521982 41.925047852252)"
"06fa9ac2ca7762192379c73ccadb1e6ff6198284f53fca0fe535d226d22cf3e1e653025a6dc9ac4367236571c21b375e72924c4ad8509e233f9a7239d46db1e4",,"2026-02-22T14:15:00.000","30","TRAFFIC SIGNAL","FUNCTIONING PROPERLY","CLOUDY/OVERCAST","DAYLIGHT","REAR END","NOT DIVIDED",,"STRAIGHT AND LEVEL","DRY","NO DEFECTS","NOT ON SCENE (DESK REPORT)","NO INJURY / DRIVE AWAY",,,,"OVER $1,500","2026-02-22T15:30:00.000","FAILING TO REDUCE SPEED TO AVOID CRASH","NOT APPLICABLE","11400","S","HALSTED ST","2234",,,,,,,"2","NO INDICATION OF INJURY","0","0","0","0","0","2","0","14","1","2","41.6868094453","-87.642352094","POINT (-87.642352094016 41.686809445343)"
"a51ab2526cd736f7d5cf823c840f502fe1a78e74fc6ccb5d968b9ea9a2ffcba294ad7ad55bc7df62b3b5241c770e6d126bdeb9424c51eed0e6f4d807da8da33e",,"2026-02-22T14:15:00.000","30","UNKNOWN","UNKNOWN","CLEAR","DAYLIGHT","TURNING","NOT DIVIDED",,"STRAIGHT AND LEVEL","UNKNOWN","UNKNOWN","NOT ON SCENE (DESK REPORT)","NO INJURY / DRIVE AWAY",,,,"OVER $1,500","2026-02-22T15:00:00.000","UNABLE TO DETERMINE","UNABLE TO DETERMINE","5000","W","FULTON ST","1532",,,,,,,"2","NO INDICATION OF INJURY","0","0","0","0","0","2","0","14","1","2","41.8858071953","-87.7504828506","POINT (-87.750482850566 41.885807195331)"
"6b7d6ff1ee7c082bb08b45dc96f68c717ca2e3beb278c2c19551dc47708c7ece9c8f167ad2b3a490fad5eb0ef5abc58077cc9ea066795989fd3d6bbd8a6f7d21",,"2026-02-22T14:00:00.000","30","TRAFFIC SIGNAL","FUNCTIONING IMPROPERLY","CLEAR","DAYLIGHT","REAR END","DIVIDED - W/MEDIAN BARRIER",,"STRAIGHT AND LEVEL","DRY","NO DEFECTS","NOT ON SCENE (DESK REPORT)","NO INJURY / DRIVE AWAY",,,,"OVER $1,500","2026-02-22T14:15:00.000","UNABLE TO DETERMINE","NOT APPLICABLE","759","E","71ST ST","323",,,,,,,"3","NO INDICATION OF INJURY","0","0","0","0","0","7","0","14","1","2","41.7657584172","-87.6056694314","POINT (-87.605669431369 41.765758417158)"
"c9a816dbe87cf9d42c8a195f7466cc2d12664dc3901481155d783d709edd2f9dfee1dfcc153c329f4dfbc5a69030dfbfa998c61b23ad64daff5e1d2d3b6db672",,"2026-02-22T14:00:00.000","30","UNKNOWN","UNKNOWN","UNKNOWN","UNKNOWN","ANGLE","PARKING LOT",,"STRAIGHT AND LEVEL","UNKNOWN","UNKNOWN","NOT ON SCENE (DESK REPORT)","NO INJURY / DRIVE AWAY",,,,"$500 OR LESS","2026-02-22T14:40:00.000","UNABLE TO DETERMINE","UNABLE TO DETERMINE","9514","S","HALSTED ST","2223",,,,,,,"2","NO INDICATION OF INJURY","0","0","0","0","0","2","0","14","1","2","41.7209846643","-87.6433487161","POINT (-87.643348716102 41.720984664329)"
"d597a796a755a2c861d2a664a0044487fd45ff360c9957d60cf3cff796b63f22d49629990e59e8ed437149d0a650210d69d39310969d6070fea1a695aff3e371",,"2026-02-22T14:00:00.000","25","UNKNOWN","UNKNOWN","UNKNOWN","UNKNOWN","PARKED MOTOR VEHICLE","PARKING LOT",,"STRAIGHT AND LEVEL","UNKNOWN","UNKNOWN","NOT ON SCENE (DESK REPORT)","NO INJURY / DRIVE AWAY",,,"Y","OVER $1,500","2026-02-22T14:33:00.000","NOT APPLICABLE","NOT APPLICABLE","2112","N","ASHLAND AVE","1432",,,,,,,"2","NO INDICATION OF INJURY","0","0","0","0","0","1","0","14","1","2","41.9202454905","-87.6685729626","POINT (-87.668572962613 41.920245490489)"
"dfac4d26810676bc0def1f4e019ed4394d78c1271d44abfd9677deb8f2a4d2062331315251ff5857e973524293772bdd2f4f3302580d090110b2d97377f6be8f",,"2026-02-22T14:00:00.000","35","TRAFFIC SIGNAL","FUNCTIONING PROPERLY","CLEAR","DAYLIGHT","TURNING","DIVIDED - W/MEDIAN BARRIER",,"STRAIGHT AND LEVEL","DRY","UNKNOWN","NOT ON SCENE (DESK REPORT)","NO INJURY / DRIVE AWAY","Y",,,"$501 - $1,500","2026-02-22T14:03:00.000","UNABLE TO DETERMINE","NOT APPLICABLE","6355","N","BROADWAY","2433",,,,,,,"2","NO INDICATION OF INJURY","0","0","0","0","0","3","0","14","1","2","41.997995606","-87.6603781312","POINT (-87.660378131194 41.997995606007)"
"51304694c1c2add35856348045323c16bf8e43dcc6859155735fd53b6624649d3b2f77da1230c52012194ee854008f0c82ea98b418d27f751a47132ed3076691",,"2026-02-22T13:56:00.000","30","NO CONTROLS","NO CONTROLS","CLEAR","DAYLIGHT","PARKED MOTOR VEHICLE","NOT DIVIDED",,"STRAIGHT AND LEVEL","DRY","NO DEFECTS","NOT ON SCENE (DESK REPORT)","NO INJURY / DRIVE AWAY",,,"Y","OVER $1,500","2026-02-22T14:30:00.000","UNABLE TO DETERMINE","UNABLE TO DETERMINE","2146","W","21ST ST","1234",,,,,,,"2","NO INDICATION OF INJURY","0","0","0","0","0","1","0","13","1","2","41.8540581013","-87.6802185645","POINT (-87.680218564492 41.854058101337)"