"crash_record_id","crash_date_est_i","crash_date","posted_speed_limit","traffic_control_device","device_condition","weather_condition","lighting_condition","first_crash_type","trafficway_type","lane_cnt","alignment","roadway_surface_cond","road_defect","report_type","crash_type","intersection_related_i","private_property_i","hit_and_run_i","damage","date_police_notified","prim_contributory_cause","sec_contributory_cause","street_no","street_direction","street_name","beat_of_occurrence","photos_taken_i","statements_taken_i","dooring_i","work_zone_i","work_zone_type","workers_present_i","num_units","most_severe_injury","injuries_total","injuries_fatal","injuries_incapacitating","injuries_non_incapacitating","injuries_reported_not_evident","injuries_no_indication","injuries_unknown","crash_hour","crash_day_of_week","crash_month","latitude","longitude","location"
"71043c882017ae251bff96e90157e616df31c722c6b85c2906bb176006d75c7c5070f91895e51b54ab58ffd0a1d82a6f60d237adc90d30413763f8701040e7b2",,"2026-02-22T13:50:00.000","5","NO CONTROLS","NO CONTROLS","CLEAR","DAYLIGHT","OTHER OBJECT","DRIVEWAY",,"STRAIGHT AND LEVEL","DRY","NO DEFECTS","ON SCENE","NO INJURY / DRIVE AWAY",,"Y",,"OVER $1,500","2026-02-23T13:20:00.000","VISION OBSCURED (SIGNS, TREE LIMBS, BUILDINGS, ETC.)","UNABLE TO DETERMINE","5860","N","PULASKI RD","1711",,,,,,,"1","NO INDICATION OF INJURY","0","0","0","0","0","1","0","13","1","2","41.988309132","-87.7287225656","POINT (-87.728722565588 41.988309132005)"
"edc7a338f7aeda638c294c6ddff944a81c8fdfe846803242d5a625eeefff35104c0b95128e8c16ae379622a2fc234eac7e900226928179074b83df173834ce81",,"2026-02-22T13:45:00.000","15","STOP SIGN/FLASHER","NO CONTROLS","SNOW","DAYLIGHT","PARKED MOTOR VEHICLE","DIVIDED - W/MEDIAN (NOT RAISED)",,"STRAIGHT AND LEVEL","SNOW OR SLUSH","NO DEFECTS","ON SCENE","NO INJURY / DRIVE AWAY",,,"Y","OVER $1,500","2026-02-22T14:30:00.000","DRIVING SKILLS/KNOWLEDGE/EXPERIENCE","DRIVING SKILLS/KNOWLEDGE/EXPERIENCE","3357","W","HURON ST","1121",,,,,,,"2","NO INDICATION OF INJURY","0","0","0","0","0","1","0","13","1","2","41.8935679396","-87.711227297","POINT (-87.711227296952 41.893567939649)"
"6a3c99e406f012406a72042ad4c6a9ffe70563858eae3a566f4c80cbd872f59accca749d2009f5438f10b2846882c6e625716305deb7b04c12a2628b76803523",,"2026-02-22T13:42:00.000","30","TRAFFIC SIGNAL","FUNCTIONING PROPERLY","CLEAR","DAYLIGHT","TURNING","Y-INTERSECTION",,"STRAIGHT AND LEVEL","DRY","NO DEFECTS","ON SCENE","INJURY AND / OR TOW DUE TO CRASH","Y",,"Y","OVER $1,500","2026-02-22T13:42:00.000","DISREGARDING TRAFFIC SIGNALS","IMPROPER TURNING/NO SIGNAL","3059","W","POPE JOHN PAUL II DR","922",,,,,,,"2","NO INDICATION OF INJURY","0","0","0","0","0","2","0","13","1","2","41.8153252362","-87.7017057946","POINT (-87.701705794642 41.815325236191)"
"77ed1f98f778b704a5f5fc01cc3d5e901d1e2d22888f461036934b429cff3cd8f6a8ffa31528f6fbb85169f512876081ea38776ac06b00ca9c7cac105ff35142",,"2026-02-22T13:33:00.000","30","TRAFFIC SIGNAL","FUNCTIONING PROPERLY","CLOUDY/OVERCAST","DAYLIGHT","REAR END","FOUR WAY",,"STRAIGHT AND LEVEL","SNOW OR SLUSH","UNKNOWN","ON SCENE","INJURY AND / OR TOW DUE TO CRASH",,,,"OVER $1,500","2026-02-22T13:36:00.000","FOLLOWING TOO CLOSELY","NOT APPLICABLE","8300","S","STONY ISLAND AVE","412",,,,,,,"2","NO INDICATION OF INJURY","0","0","0","0","0","2","0","13","1","2","41.744151639","-87.585945067","POINT (-87.585945066953 41.744151639042)"
"af09248ed0de7315f87ea5ffb242bcfbb62a8e0cfd95944b98f73e631da2ad5a55ac1940bf8f78eefacbdaeb141bf675edb17bec8e0f461c202b3526e478c146",,"2026-02-22T13:30:00.000","30","NO CONTROLS","NO CONTROLS","CLEAR","DAYLIGHT","REAR TO SIDE","ONE-WAY",,"STRAIGHT AND LEVEL","DRY","UNKNOWN","NOT ON SCENE (DESK REPORT)","NO INJURY / DRIVE AWAY",,,,"$501 - $1,500","2026-02-23T02:30:00.000","FAILING TO YIELD RIGHT-OF-WAY","DRIVING SKILLS/KNOWLEDGE/EXPERIENCE","11915","S","NORMAL AVE","522",,,,,,,"2","NO INDICATION OF INJURY","0","0","0","0","0","2","0","13","1","2","41.6774096916","-87.6345246984","POINT (-87.634524698408 41.67740969157)"
"e13b3f6dc4048b7748ab78316e948a6e4fffe0fd364ef0645041275d8dcc88632edef44bc2bba964cbb89c0d801500357e03985fce2a5dce2d9b5f9eb2b21014",,"2026-02-22T13:30:00.000","30","TRAFFIC SIGNAL","FUNCTIONING PROPERLY","CLEAR","DAYLIGHT","FIXED OBJECT","DIVIDED - W/MEDIAN BARRIER",,"STRAIGHT AND LEVEL","WET","NO DEFECTS","ON SCENE","INJURY AND / OR TOW DUE TO CRASH",,,,"OVER $1,500","2026-02-22T13:35:00.000","DISTRACTION - FROM INSIDE VEHICLE","DISTRACTION - FROM INSIDE VEHICLE","1121","W","95TH ST","2213",,"Y",,,,,"1","NONINCAPACITATING INJURY","1","0","0","1","0","0","0","13","1","2","41.7212475822","-87.6515083068","POINT (-87.651508306752 41.721247582192)"
"f3737de997926ebac6b928a4d2714403efd5157e97f82367e66ff76841cc146e01fbc06436c3d76ebb9ffb94c4c12378b4133fce07194cbf202402a2005d9f0c","Y","2026-02-22T13:30:00.000","15","NO CONTROLS","NO CONTROLS","CLEAR","DAYLIGHT","PARKED MOTOR VEHICLE","PARKING LOT",,"STRAIGHT AND LEVEL","DRY","NO DEFECTS","NOT ON SCENE (DESK REPORT)","NO INJURY / DRIVE AWAY",,,,"OVER $1,500","2026-02-22T14:40:00.000","UNABLE TO DETERMINE","NOT APPLICABLE","2570","N","ELSTON AVE","1432",,,,,,,"2","NO INDICATION OF INJURY","0","0","0","0","0","1","0","13","1","2","41.9282040802","-87.6822548266","POINT (-87.682254826596 41.928204080164)"
"6848a6cf1c2633824b7805a796dcd5056580126c92b384c3f592a8a68bc82697f4f243b048d5c22cd865d9709733b8421eb0851168d81f53ccf49c8aac5a693b",,"2026-02-22T13:28:00.000","30","NO CONTROLS","NO CONTROLS","CLEAR","DAYLIGHT","PARKED MOTOR VEHICLE","ONE-WAY",,"STRAIGHT AND LEVEL","DRY","NO DEFECTS","NOT ON SCENE (DESK REPORT)","NO INJURY / DRIVE AWAY",,,,"OVER $1,500","2026-02-22T15:25:00.000","NOT APPLICABLE","NOT APPLICABLE","955","W","CARMEN AVE","2024",,,,,,,"2","NO INDICATION OF INJURY","0","0","0","0","0","2","0","13","1","2","41.9741912867","-87.654686614","POINT (-87.654686613967 41.974191286651)"
"1be4c7ab894be92207b197bacea4572577fef96b51b27563716da853ae576d4353d01f1c4eb07d06bc61bad5aea50398afb536f9505ee901b606b94e5e601531",,"2026-02-22T13:25:00.000","15","NO CONTROLS","NO CONTROLS","CLEAR","DAYLIGHT","PARKED MOTOR VEHICLE","PARKING LOT",,"STRAIGHT AND LEVEL","UNKNOWN","UNKNOWN","NOT ON SCENE (DESK REPORT)","NO INJURY / DRIVE AWAY",,,,"OVER $1,500","2026-02-22T16:15:00.000","DRIVING SKILLS/KNOWLEDGE/EXPERIENCE","NOT APPLICABLE","2570","N","ELSTON AVE","1432",,,,,,,"2","NO INDICATION OF INJURY","0","0","0","0","0","3","0","13","1","2","41.9282040802","-87.6822548266","POINT (-87.682254826596 41.928204080164)"
"e254dfb20752c7e8b678f2fb7519ed3de9a2ef7cd69cc870812ca8c9e4d0644241d3d6d3aca84a7583c6fbf4c54ffa81aabc883d47d73c4a71c40a4c52748617",,"2026-02-22T13:10:00.000","30","NO CONTROLS","NO CONTROLS","CLEAR","DAYLIGHT","TURNING","DIVIDED - W/MEDIAN (NOT RAISED)",,"STRAIGHT AND LEVEL","DRY","NO DEFECTS","ON SCENE","NO INJURY / DRIVE AWAY",,,,"OVER $1,500","2026-02-22T13:13:00.000","IMPROPER TURNING/NO SIGNAL","FAILING TO YIELD RIGHT-OF-WAY","6207","N","BROADWAY","2433",,,,,,,"2","NO INDICATION OF INJURY","0","0","0","0","0","2","0","13","1","2","41.9948157367","-87.6602662719","POINT (-87.660266271911 41.994815736686)"
"d116e2bef0006270c085fa1fc60eb621107a41775c89281fec63f4b5e40f20d8d38d7100c6ed1284165a551688d97136e2922e3d9cd877931d0a7b1fdf1f43fe",,"2026-02-22T13:08:00.000","30","TRAFFIC SIGNAL","FUNCTIONING PROPERLY","CLEAR","DAYLIGHT","TURNING","DIVIDED - W/MEDIAN (NOT RAISED)",,"STRAIGHT AND LEVEL","DRY","NO DEFECTS",,"INJURY AND / OR TOW DUE TO CRASH","Y",,,"OVER $1,500","2026-02-22T13:14:00.000","FAILING TO YIELD RIGHT-OF-WAY","FAILING TO YIELD RIGHT-OF-WAY","5998","N","WESTERN AVE","2011",,,,,,,"2","NONINCAPACITATING INJURY","3","0","0","3","0","3","0","13","1","2","41.9904040089","-87.6898166664","POINT (-87.689816666396 41.990404008858)"
"0b38d0f84594d9b8789401903e6232c4aa51ab591fd6eb0a2b9b6f26d15a5093446803c0731c6c2a26e13f4108500dffcca59832f20bc4d43775eaf3a22937ef",,"2026-02-22T13:00:00.000","30","NO CONTROLS","UNKNOWN","CLEAR","DAYLIGHT","TURNING","NOT DIVIDED",,"STRAIGHT AND LEVEL","UNKNOWN","UNKNOWN","NOT ON SCENE (DESK REPORT)","NO INJURY / DRIVE AWAY",,,,"OVER $1,500","2026-02-22T14:00:00.000","UNABLE TO DETERMINE","UNABLE TO DETERMINE","5900","W","WASHINGTON BLVD","1512",,,,,,,"2","NO INDICATION OF INJURY","0","0","0","0","0","2","0","13","1","2","41.8822574025","-87.7719310823","POINT (-87.771931082322 41.882257402485)"
"832778663adf74fcaccc3dc4b7b14a145849cff2fbae69dd5057a95315342b4dccd63262d5f44b71be29fc04e1bc014507ed0fa544494a31e76708f6ebb9ff2d",,"2026-02-22T13:00:00.000","30","NO CONTROLS","NO CONTROLS","CLEAR","DARKNESS","PARKED MOTOR VEHICLE","OTHER",,"STRAIGHT AND LEVEL","DRY","NO DEFECTS","NOT ON SCENE (DESK REPORT)","NO INJURY / DRIVE AWAY",,,"Y","$500 OR LESS","2026-02-25T18:24:00.000","NOT APPLICABLE","NOT APPLICABLE","9128","S","CARPENTER ST","2222",,,,,,,"2","NO INDICATION OF INJURY","0","0","0","0","0","1","0","13","1","2","41.727803629","-87.6496134296","POINT (-87.649613429606 41.727803629035)"
"fbbce2dd8e7fc667e51a179a50020cbdf03748fd771a2b5f6c3ee564e83d41d4e53989effd331e0ea494b299586fbb96a031a640bce79dfe542c00cb52719f83",,"2026-02-22T13:00:00.000","25","NO CONTROLS","NO CONTROLS","CLEAR","DAYLIGHT","SIDESWIPE OPPOSITE DIRECTION","NOT DIVIDED",,"STRAIGHT AND LEVEL","DRY","NO DEFECTS","NOT ON SCENE (DESK REPORT)","NO INJURY / DRIVE AWAY",,,,"OVER $1,500","2026-02-23T17:35:00.000","UNABLE TO DETERMINE","NOT APPLICABLE","904","W","BLACKHAWK ST","1822",,,,,,,"2","NO INDICATION OF INJURY","0","0","0","0","0","3","0","13","1","2","41.9085480718","-87.6513274711","POINT (-87.651327471142 41.908548071831)"
"fe6fb2b0d9886e21621d47fb26146043adb9bfc1e67d8c02f29f6860e09ed19ec73c41902f834789c3de3f1f042e53b05b09e78b7595672fa97be0c43442268e",,"2026-02-22T13:00:00.000","30","UNKNOWN","UNKNOWN","UNKNOWN","UNKNOWN","SIDESWIPE SAME DIRECTION","NOT DIVIDED",,"STRAIGHT AND LEVEL","UNKNOWN","UNKNOWN","NOT ON SCENE (DESK REPORT)","NO INJURY / DRIVE AWAY",,,,"$500 OR LESS","2026-02-22T14:15:00.000","UNABLE TO DETERMINE","UNABLE TO DETERMINE","3000","W","TOUHY AVE","2411",,,,,,,"2","NO INDICATION OF INJURY","0","0","0","0","0","2","0","13","1","2","42.012071408","-87.7045758448","POINT (-87.70457584485 42.012071408002)"
"6ae2138dd958c87c9b461b0678a861fd2c7646e0b83e498c71665064b44136a834bd21ec9fee5a3ba598efe9d292f12af6b63d4e01af9d83ed31d6c087ce7300",,"2026-02-22T12:54:00.000","30","STOP SIGN/FLASHER","FUNCTIONING PROPERLY","CLEAR","DAYLIGHT","ANGLE","FOUR WAY",,"STRAIGHT AND LEVEL","DRY","NO DEFECTS",,"INJURY AND / OR TOW DUE TO CRASH","Y",,"Y","OVER $1,500","2026-02-22T12:56:00.000","DISREGARDING TRAFFIC SIGNALS","NOT APPLICABLE","398","S","CANAL ST","121",,,,,,,"2","NO INDICATION OF INJURY","0","0","0","0","0","2","0","12","1","2","41.8768606386","-87.6397438819","POINT (-87.639743881863 41.876860638644)"
"2f00526e55e038f0b2238c64e1a3279abc406df853b37682da16ecbecb2e0c6445efa3012dd69985f058e5ea870bef15b16a80572ff15533b9faa962c6854a0d",,"2026-02-22T12:50:00.000","30","NO CONTROLS","NO CONTROLS","CLOUDY/OVERCAST","DAYLIGHT","FIXED OBJECT","ALLEY",,"STRAIGHT AND LEVEL","DRY","NO DEFECTS","ON SCENE","NO INJURY / DRIVE AWAY",,"N","Y","OVER $1,500","2026-02-22T12:54:00.000","UNABLE TO DETERMINE","UNABLE TO DETERMINE","4861","W","BERENICE AVE","1634",,,,,,,"2","NO INDICATION OF INJURY","0","0","0","0","0","2","0","12","1","2","41.9505317408","-87.7495850003","POINT (-87.74958500026 41.950531740778)"
"44f2bc8f8eb22dd01dcb1e244d3d37c89541b0f6c2119752e82730a87475200cbce0aa8be392ca39bbcb935f2d5bad2330e7b2e9b935d71b5c0cb50ba90e6760",,"2026-02-22T12:50:00.000","30","NO CONTROLS","NO CONTROLS","CLEAR","DAYLIGHT","REAR TO SIDE","PARKING LOT",,"STRAIGHT AND LEVEL","UNKNOWN","UNKNOWN","NOT ON SCENE (DESK REPORT)","NO INJURY / DRIVE AWAY",,"N",,"$501 - $1,500","2026-02-22T17:25:00.000","IMPROPER BACKING","NOT APPLICABLE","1279","N","ASHLAND AVE","1433",,,,,,,"2","NO INDICATION OF INJURY","0","0","0","0","0","2","0","12","1","2","41.9049862842","-87.6673919421","POINT (-87.667391942068 41.904986284151)"
"5f5c901a4273b479f4c520a29f19a90f599bf348c6d318e80158e10dcfa09cca646827dc02285f694399e96ec2aaf031956249cc0f3408f7b9715bb4f83c9444",,"2026-02-22T12:50:00.000","30","STOP SIGN/FLASHER","FUNCTIONING PROPERLY","CLEAR","DAYLIGHT","ANGLE","FOUR WAY",,"STRAIGHT AND LEVEL","WET","NO DEFECTS","NOT ON SCENE (DESK REPORT)","NO INJURY / DRIVE AWAY","Y",,,"$501 - $1,500","2026-02-22T12:55:00.000","UNABLE TO DETERMINE","UNABLE TO DETERMINE","4032","W","63RD ST","813",,,,,,,"2","NO INDICATION OF INJURY","0","0","0","0","0","9","0","12","1","2","41.7787501321","-87.7240457646","POINT (-87.724045764595 41.778750132135)"
"fec6883f4cbb1c50061e4fcd16fafc35978558558582c1181955eec59aad46a8d2468140e7fa7e5da4f0db7383f8dfd2f34a42311dca086830141b17ad5bd349",,"2026-02-22T12:45:00.000","15","NO CONTROLS","NO CONTROLS","SNOW","DAYLIGHT","OTHER OBJECT","PARKING LOT",,"STRAIGHT AND LEVEL","SNOW OR SLUSH","NO DEFECTS","ON SCENE","INJURY AND / OR TOW DUE TO CRASH",,"Y","Y","OVER $1,500","2026-02-22T13:59:00.000","UNABLE TO DETERMINE","UNABLE TO DETERMINE","7831","S","CORNELL AVE","414",,,,,,,"1",,,,,,,,,"12","1","2","41.7523833228","-87.5842796891","POINT (-87.584279689098 41.752383322784)"
"10caa4313f61ff5312f93527bd1368e9c331b5383496df20f7365bbce771b324ac4902ef97af830a71c0db15b2b6fbb199040b2ab7f01e4b91b6a2ef10333803",,"2026-02-22T12:40:00.000","30","TRAFFIC SIGNAL","FUNCTIONING PROPERLY","CLEAR","DAYLIGHT","REAR END","DIVIDED - W/MEDIAN (NOT RAISED)",,"STRAIGHT AND LEVEL","DRY","NO DEFECTS","ON SCENE","NO INJURY / DRIVE AWAY",,,,"OVER $1,500","2026-02-22T13:00:00.000","UNABLE TO DETERMINE","UNABLE TO DETERMINE","1400","N","CALIFORNIA AVE","1423",,,,,,,"2","NO INDICATION OF INJURY","0","0","0","0","0","4","0","12","1","2","41.9066670819","-87.6971183844","POINT (-87.697118384366 41.906667081903)"
"1cb51645d29ddda26295415f8548ae2685cc991268e711759be6bf661e92637b1d528db9d3e52fc1b2bbc85e42a8d3500a2aa64c7e8331aac9fa4d3bbd25d3b8",,"2026-02-22T12:39:00.000","10","NO CONTROLS","NO CONTROLS","CLEAR","DAYLIGHT","HEAD ON","PARKING LOT",,"STRAIGHT AND LEVEL","DRY","NO DEFECTS","ON SCENE","NO INJURY / DRIVE AWAY",,,,"OVER $1,500","2026-02-22T12:39:00.000","DRIVING SKILLS/KNOWLEDGE/EXPERIENCE","NOT APPLICABLE","9130","S","VINCENNES AVE","2222",,,,,,,"2","NO INDICATION OF INJURY","0","0","0","0","0","2","0","12","1","2","41.7278130098","-87.648431034","POINT (-87.64843103397 41.727813009827)"
"64ae72ef4fc7c59cb43a616152f5ca54dfd4b531f44e37d12e07cecd0837211ec28637033e0ae34750050c1a3b79aef694384b2492d5e65a69cce0fd719a76a7",,"2026-02-22T12:35:00.000","30","STOP SIGN/FLASHER","FUNCTIONING PROPERLY","CLEAR","DAYLIGHT","PEDESTRIAN","FOUR WAY",,"STRAIGHT AND LEVEL","UNKNOWN","UNKNOWN","NOT ON SCENE (DESK REPORT)","NO INJURY / DRIVE AWAY","Y",,"Y","$500 OR LESS","2026-02-22T14:15:00.000","DISREGARDING STOP SIGN","NOT APPLICABLE","65","E","ERIE ST","1834",,,,,,,"2","NO INDICATION OF INJURY","0","0","0","0","0","3","0","12","1","2","41.8940014581","-87.6256526878","POINT (-87.62565268783 41.894001458144)"
"2ebf37417c4fbca7f303cd1565c4e7e2715f2fd40f09de7a918e79a4247d7e353a8376689fb9606df16f46d07900c2edd24e81f088ce7193771ac223ff121ce9",,"2026-02-22T12:30:00.000","15","NO CONTROLS","NO CONTROLS","CLEAR","DAYLIGHT","REAR TO REAR","PARKING LOT",,"STRAIGHT AND LEVEL","DRY","NO DEFECTS","NOT ON SCENE (DESK REPORT)","NO INJURY / DRIVE AWAY",,"Y",,"$501 - $1,500","2026-02-22T16:30:00.000","UNABLE TO DETERMINE","UNABLE TO DETERMINE","520","W","TAYLOR ST","124",,,,,,,"2","NO INDICATION OF INJURY","0","0","0","0","0","2","0","12","1","2","41.8698555966","-87.6402703079","POINT (-87.640270307865 41.869855596599)"
"d74f28dffe3aafa35d7ae3a8e78d3157f33011ed62bb76c5a1950a85deda42f7ed33b8a3be7d150932f5ba73a62d5061ef5375a52f9f7aedb34ccf97e49f0c99",,"2026-02-22T12:30:00.000","30","NO CONTROLS","NO CONTROLS","CLEAR","DAYLIGHT","SIDESWIPE SAME DIRECTION","DIVIDED - W/MEDIAN (NOT RAISED)",,"STRAIGHT AND LEVEL","DRY","UNKNOWN","NOT ON SCENE (DESK REPORT)","NO INJURY / DRIVE AWAY",,,,"OVER $1,500","2026-02-22T14:15:00.000","UNABLE TO DETERMINE","NOT APPLICABLE","1250","W","DIVISION ST","1433",,,,,,,"2","NO INDICATION OF INJURY","0","0","0","0","0","2","0","12","1","2","41.9035903141","-87.6592132092","POINT (-87.659213209195 41.903590314092)"
"e5ce17633d2addf9449f022eca0d5804ce4e3f56d8754403bc80e2d15f0a90f31b8dcfc2830b16f03aa1a37fb6849c33b32184629030a20cd950c1f2d3b12f29",,"2026-02-22T12:30:00.000","30","STOP SIGN/FLASHER","FUNCTIONING PROPERLY","CLEAR","DAYLIGHT","TURNING","NOT DIVIDED",,"STRAIGHT AND LEVEL","DRY","NO DEFECTS",,"NO INJURY / DRIVE AWAY",,,,"OVER $1,500","2026-02-22T13:10:00.000","NOT APPLICABLE","NOT APPLICABLE","6108","N","LINCOLN AVE","1711",,,,,,,"2","NO INDICATION OF INJURY","0","0","0","0","0","3","0","12","1","2","41.9930713004","-87.7119688245","POINT (-87.711968824515 41.993071300365)"
"701e3815f9a7856ee131ae43b5ab51e4882a0c7743c9fc18f7eafed034eebf014fba67b045a643b5f6eeb101feed0555248267d4d738dfc17d0a56b5227b3061",,"2026-02-22T12:23:00.000","25","TRAFFIC SIGNAL","FUNCTIONING PROPERLY","CLEAR","DAYLIGHT","ANGLE","FOUR WAY",,"STRAIGHT AND LEVEL","DRY","NO DEFECTS","ON SCENE","NO INJURY / DRIVE AWAY","Y",,,"$500 OR LESS","2026-02-22T12:23:00.000","FAILING TO REDUCE SPEED TO AVOID CRASH","FAILING TO REDUCE SPEED TO AVOID CRASH","1400","W","ADDISON ST","1922",,"Y",,,,,"2","NO INDICATION OF INJURY","0","0","0","0","0","2","0","12","1","2","41.9471766291","-87.6640794066","POINT (-87.664079406565 41.947176629106)"
"789c7d9addf666ba31fefe574df2c53c1c6356d214c960c0af8a3d3904dc194e87e2cc77037698346ef12c1c285bd80fa4b92bed26f26a98e5146d1bc48eed38",,"2026-02-22T12:19:00.000","30","NO CONTROLS","NO CONTROLS","CLOUDY/OVERCAST","DAYLIGHT","TURNING","ONE-WAY",,"STRAIGHT AND LEVEL","DRY","NO DEFECTS","NOT ON SCENE (DESK REPORT)","NO INJURY / DRIVE AWAY","Y",,"Y","OVER $1,500","2026-02-22T14:00:00.000","IMPROPER TURNING/NO SIGNAL","NOT APPLICABLE","5006","S","INDIANA AVE","224",,,,,,,"2","NO INDICATION OF INJURY","0","0","0","0","0","2","0","12","1","2","41.8035849973","-87.6212127365","POINT (-87.621212736475 41.803584997264)"
"32dbca1ef3e87b314cdbd8e7ba6397cacd35bb4bd688afcf0f4415823e0d818dbbbeb7ac42b7b199b01979f03d017ae023c370cb6326b56631b73ce08f7e843a",,"2026-02-22T12:15:00.000","15","NO CONTROLS","NO CONTROLS","CLEAR","DAYLIGHT","REAR TO FRONT","PARKING LOT",,"STRAIGHT AND LEVEL","DRY","NO DEFECTS","ON SCENE","NO INJURY / DRIVE AWAY",,,"Y","OVER $1,500","2026-02-22T12:15:00.000","IMPROPER BACKING","NOT APPLICABLE","2944","W","47TH ST","922",,,,,,,"2","NO INDICATION OF INJURY","0","0","0","0","0","2","0","12","1","2","41.8083219867","-87.6984051982","POINT (-87.69840519824 41.808321986697)"
"87b489e1e28d266bd83e9e7d2a98e97597b78a2cd8027f4542a75399c2c4529ecab21ed699692e11de4a38ebe40f19682403065002b5b9f3f5cbcbb3a5b5018e",,"2026-02-22T12:15:00.000","30","NO CONTROLS","NO CONTROLS","SNOW","DAYLIGHT","FIXED OBJECT","DIVIDED - W/MEDIAN (NOT RAISED)",,"STRAIGHT AND LEVEL","DRY","UNKNOWN","ON SCENE","INJURY AND / OR TOW DUE TO CRASH",,,,"OVER $1,500","2026-02-22T12:24:00.000","ROAD ENGINEERING/SURFACE/MARKING DEFECTS","UNABLE TO DETERMINE","6699","S","DR MARTIN LUTHER KING JR DR","312",,,,,,,"1","NO INDICATION OF INJURY","0","0","0","0","0","1","0","12","1","2","41.7730629898","-87.615305883","POINT (-87.615305882967 41.773062989812)"
"01e60bfdf9ffa283a42d347f12683d723984b0ba60375ccf6cf1550b814f171be29364e1710d43c35740e7cb7e59a89ffc09b27451ed69b846c4415ce738cbdd",,"2026-02-22T12:10:00.000","30","TRAFFIC SIGNAL","FUNCTIONING PROPERLY","CLEAR","DAYLIGHT","TURNING","DIVIDED - W/MEDIAN BARRIER",,"CURVE, LEVEL","DRY","NO DEFECTS","NOT ON SCENE (DESK REPORT)","NO INJURY / DRIVE AWAY","Y",,,"$501 - $1,500","2026-02-23T11:45:00.000","IMPROPER LANE USAGE","NOT APPLICABLE","100","E","GRAND AVE","1834",,,,,,,"2","NO INDICATION OF INJURY","0","0","0","0","0","2","0","12","1","2","41.8918234902","-87.6253177097","POINT (-87.625317709668 41.891823490173)"
"2284067b73d5a04db1d7c625a31a377590543c02f0198b8785bf15a1cda533eb8da52ad6bd810e17fb44c6e014d0d231d7c3dcbb1d5d4e0047b3da5ed123601e",,"2026-02-22T12:07:00.000","30","NO CONTROLS","NO CONTROLS","CLEAR","DAYLIGHT","REAR END","PARKING LOT",,"STRAIGHT AND LEVEL","UNKNOWN","UNKNOWN","NOT ON SCENE (DESK REPORT)","NO INJURY / DRIVE AWAY",,,"Y","OVER $1,500","2026-02-22T12:47:00.000","UNABLE TO DETERMINE","UNABLE TO DETERMINE","11350","S","HALSTED ST","2234",,,,,,,"2","NO INDICATION OF INJURY","0","0","0","0","0","3","0","12","1","2","41.6872169273","-87.6423646217","POINT (-87.642364621691 41.687216927276)"
"447014d83943721843fd70f68334558b453dd04c81126bccedb50ec332f97893cc82e8def4887d2d2a9ab899b6f18fecd36a789e16e94a35e818320a01b09478",,"2026-02-22T12:00:00.000","30","NO CONTROLS","NO CONTROLS","CLOUDY/OVERCAST","DAYLIGHT","SIDESWIPE SAME DIRECTION","DIVIDED - W/MEDIAN (NOT RAISED)",,"STRAIGHT AND LEVEL","UNKNOWN","UNKNOWN","NOT ON SCENE (DESK REPORT)","NO INJURY / DRIVE AWAY",,,,"OVER $1,500","2026-02-22T14:20:00.000","IMPROPER LANE USAGE","FAILING TO REDUCE SPEED TO AVOID CRASH","801","W","ARMITAGE AVE","1813",,,,,,,"2","NO INDICATION OF INJURY","0","0","0","0","0","2","0","12","1","2","41.9180694488","-87.6485681028","POINT (-87.648568102831 41.918069448795)"
"82755fef1922c026d5e58484b777365904f830239772113c32b8b988245c6a57b602cfde07774248ee33ebbee6ab637cbdd601d2625974e2424d31dd2ea18f21",,"2026-02-22T11:55:00.000","30","TRAFFIC SIGNAL","FUNCTIONING PROPERLY","CLEAR","DAYLIGHT","SIDESWIPE SAME DIRECTION","ONE-WAY",,"STRAIGHT AND LEVEL","UNKNOWN","NO DEFECTS","NOT ON SCENE (DESK REPORT)","NO INJURY / DRIVE AWAY",,,,"$501 - $1,500","2026-02-22T12:15:00.000","FAILING TO YIELD RIGHT-OF-WAY","FAILING TO YIELD RIGHT-OF-WAY","1211","W","ELMDALE AVE","2013",,,,,,,"4","NO INDICATION OF INJURY","0","0","0","0","0","4","0","11","1","2","41.9908017997","-87.6608367926","POINT (-87.660836792649 41.990801799666)"
"61401f9d9a660f68a39abe40b78bd484a5cdad448d24512a9f52abab3507316ccd91b6323d085b3282062181aefc3b7ffc945fcd2972dc151c4cc5c5a627999c",,"2026-02-22T11:35:00.000","30","NO CONTROLS","NO CONTROLS","CLOUDY/OVERCAST","DAYLIGHT","REAR END","DIVIDED - W/MEDIAN BARRIER",,"STRAIGHT AND LEVEL","ICE","UNKNOWN",,"NO INJURY / DRIVE AWAY",,,,"OVER $1,500","2026-02-22T12:00:00.000","WEATHER","NOT APPLICABLE","411","E","GARFIELD BLVD","233",,,,,,,"2","NO INDICATION OF INJURY","0","0","0","0","0","2","0","11","1","2","41.7943898173","-87.6156688984","POINT (-87.615668898404 41.794389817321)"