"crash_record_id","crash_date_est_i","crash_date","posted_speed_limit","traffic_control_device","device_condition","weather_condition","lighting_condition","first_crash_type","trafficway_type","lane_cnt","alignment","roadway_surface_cond","road_defect","report_type","crash_type","intersection_related_i","private_property_i","hit_and_run_i","damage","date_police_notified","prim_contributory_cause","sec_contributory_cause","street_no","street_direction","street_name","beat_of_occurrence","photos_taken_i","statements_taken_i","dooring_i","work_zone_i","work_zone_type","workers_present_i","num_units","most_severe_injury","injuries_total","injuries_fatal","injuries_incapacitating","injuries_non_incapacitating","injuries_reported_not_evident","injuries_no_indication","injuries_unknown","crash_hour","crash_day_of_week","crash_month","latitude","longitude","location"
"7857a26c13fdad7b857cd9006b7a709f1c7c0bf65cd267c4c32490d73891ce8f550602426166043f896cf0c1288b62feee104bf201a7adaecb10ed770a2f12c7",,"2026-02-22T11:30:00.000","30","TRAFFIC SIGNAL","UNKNOWN","UNKNOWN","DAYLIGHT","TURNING","FOUR WAY",,"STRAIGHT AND LEVEL","UNKNOWN","UNKNOWN","NOT ON SCENE (DESK REPORT)","NO INJURY / DRIVE AWAY","Y",,,"$501 - $1,500","2026-02-22T13:33:00.000","EQUIPMENT - VEHICLE CONDITION","NOT APPLICABLE","4402","W","ROOSEVELT RD","1131",,,,,,,"2","NO INDICATION OF INJURY","0","0","0","0","0","2","0","11","1","2","41.8661397658","-87.7351652568","POINT (-87.735165256794 41.866139765818)"
"c32d69e1b39a4987ebc5a4335a39650ce31f95c6c2794dd8c08073501649f1971197004672a3e1e1fdbbf763d53675c1eea0cd3b0165d848329636d8e7119d64",,"2026-02-22T11:20:00.000","30","NO CONTROLS","NO CONTROLS","CLEAR","DAYLIGHT","PARKED MOTOR VEHICLE","NOT DIVIDED",,"STRAIGHT AND LEVEL","DRY","NO DEFECTS","ON SCENE","NO INJURY / DRIVE AWAY",,,,"$501 - $1,500","2026-02-22T12:04:00.000","NOT APPLICABLE","NOT APPLICABLE","10379","S","WOODLAWN AVE","512",,,,,,,"2","NO INDICATION OF INJURY","0","0","0","0","0","2","0","11","1","2","41.7057962624","-87.5941254883","POINT (-87.594125488293 41.705796262393)"
"20b3f7ceb21add540867fa262e47acf4731bcc1df4d7b06b69e65ca0a36ca9ea6d5c1ed37bbc00c1252cb5f3feae6ade6216fc041b7361c2e6f4d80f8ad70d26",,"2026-02-22T11:18:00.000","20","NO CONTROLS","NO CONTROLS","UNKNOWN","UNKNOWN","PARKED MOTOR VEHICLE","ONE-WAY",,"STRAIGHT AND LEVEL","UNKNOWN","UNKNOWN","ON SCENE","NO INJURY / DRIVE AWAY",,,"Y","OVER $1,500","2026-02-22T11:32:00.000","UNABLE TO DETERMINE","UNABLE TO DETERMINE","7912","S","NORMAL AVE","621",,,,,,,"2","NO INDICATION OF INJURY","0","0","0","0","0","1","0","11","1","2","41.750344369","-87.6368632732","POINT (-87.636863273209 41.750344369036)"
"e4dd9430cc072d677883308b3753b65c260faf95787591f670521c889ececa80afbc569e8d111dfaac3cbe98c2d0ea55bbc5767a02b03c744c670259b5e98091",,"2026-02-22T11:10:00.000","30","NO CONTROLS","NO CONTROLS","CLEAR","DAYLIGHT","ANGLE","NOT DIVIDED",,"STRAIGHT AND LEVEL","WET","NO DEFECTS",,"INJURY AND / OR TOW DUE TO CRASH",,,,"OVER $1,500","2026-02-22T11:12:00.000","UNABLE TO DETERMINE","UNABLE TO DETERMINE","1110","N","KEDZIE AVE","1121",,,,,,,"2","NONINCAPACITATING INJURY","2","0","0","1","1","3","0","11","1","2","41.90137116","-87.7068900454","POINT (-87.706890045434 41.901371159971)"
"fcfb5a3cde610adbd3b992e09df3e0944e5f41fe3a8af2c294a9be80a57c96cb276bab94a58f10d68695b612461e12b99830d6c76084ad4a6bd438e5d646c046",,"2026-02-22T11:05:00.000","30","TRAFFIC SIGNAL","FUNCTIONING PROPERLY","CLEAR","DAYLIGHT","REAR END","NOT DIVIDED",,"STRAIGHT AND LEVEL","DRY","NO DEFECTS","ON SCENE","INJURY AND / OR TOW DUE TO CRASH","Y",,,"OVER $1,500","2026-02-22T11:30:00.000","UNABLE TO DETERMINE","UNABLE TO DETERMINE","530","S","KOSTNER AVE","1131",,,,,,,"2","REPORTED, NOT EVIDENT","1","0","0","0","1","2","0","11","1","2","41.8735388208","-87.7353689173","POINT (-87.735368917255 41.873538820772)"
"b8d099695e6455a1c2d09620a039111318d02e5febe73d6b8bc471d62525fd2e7f2ada584cf49c4fdd9ca7db649fd46e499f4329846b7f201958f8cbe47a9600",,"2026-02-22T11:00:00.000","30","TRAFFIC SIGNAL","FUNCTIONING PROPERLY","CLEAR","DAYLIGHT","SIDESWIPE SAME DIRECTION","DIVIDED - W/MEDIAN (NOT RAISED)",,"STRAIGHT AND LEVEL","WET","NO DEFECTS","ON SCENE","INJURY AND / OR TOW DUE TO CRASH",,,,"OVER $1,500","2026-02-22T11:02:00.000","IMPROPER OVERTAKING/PASSING","UNABLE TO DETERMINE","10301","S","WESTERN AVE","2212",,"Y",,,,,"2","NO INDICATION OF INJURY","0","0","0","0","0","2","0","11","1","2","41.7062881165","-87.68147073","POINT (-87.681470730043 41.706288116534)"
"108781d04cb94e51369ec624ca6dcb11fcb733ad256efa880cfb8f6c59c63b6976f20ef19ebb8ac9a22d765a15fa7288fc15b007ede43108815cbe57c882568b",,"2026-02-22T10:55:00.000","30","NO CONTROLS","NO CONTROLS","CLEAR","DAYLIGHT","TURNING","NOT DIVIDED",,"STRAIGHT AND LEVEL","UNKNOWN","NO DEFECTS","NOT ON SCENE (DESK REPORT)","NO INJURY / DRIVE AWAY",,,,"$501 - $1,500","2026-02-22T12:20:00.000","UNABLE TO DETERMINE","UNABLE TO DETERMINE","4003","W","31ST ST","1031",,,,,,,"2","NO INDICATION OF INJURY","0","0","0","0","0","2","0","10","1","2","41.8367705919","-87.7244869714","POINT (-87.724486971448 41.836770591852)"
"3431495ec98573d72a4b41930b1926ca1c104f0fa53480115e72dc541f367cf65ab7ce107dd2f9bae9379868b57c68667f7f2dfd50383736d20331228a67c5af",,"2026-02-22T10:47:00.000","30","UNKNOWN","UNKNOWN","CLEAR","DAYLIGHT","ANGLE","NOT DIVIDED",,"STRAIGHT AND LEVEL","WET","UNKNOWN",,"INJURY AND / OR TOW DUE TO CRASH","Y",,"Y","OVER $1,500","2026-02-22T10:48:00.000","UNABLE TO DETERMINE","NOT APPLICABLE","6600","S","STONY ISLAND AVE","321",,,,,,,"2","NONINCAPACITATING INJURY","1","0","0","1","0","1","0","10","1","2","41.7751408577","-87.5864419717","POINT (-87.586441971694 41.775140857742)"
"d12555a0ca6ccf6e5f221043aaaa0ece8da293acf592c9dd1b7661c53fa70bce03be2f3e76867c0b7041eb0d680d2769231d1923eee7c0c372426de851373c7b",,"2026-02-22T10:45:00.000","30","TRAFFIC SIGNAL","FUNCTIONING PROPERLY","SNOW","DAYLIGHT","SIDESWIPE SAME DIRECTION","DIVIDED - W/MEDIAN (NOT RAISED)",,"STRAIGHT AND LEVEL","SNOW OR SLUSH","NO DEFECTS",,"INJURY AND / OR TOW DUE TO CRASH","Y",,,"OVER $1,500","2026-02-22T10:50:00.000","FAILING TO YIELD RIGHT-OF-WAY","UNABLE TO DETERMINE","2798","N","WOLCOTT AVE","1931",,,,,,,"2","NO INDICATION OF INJURY","0","0","0","0","0","2","0","10","1","2","41.932197618","-87.6753018614","POINT (-87.675301861402 41.932197618039)"
"0f7916e685bee811e856e319aafa52622f3f0960e471b1ac258ca754f4b42b201fa62dbf6cc4772eb889dc698bfdca69c9b204d4d9459441f442788c55acf73c",,"2026-02-22T10:30:00.000","30","NO CONTROLS","NO CONTROLS","CLEAR","DAYLIGHT","SIDESWIPE SAME DIRECTION","DIVIDED - W/MEDIAN (NOT RAISED)",,"STRAIGHT AND LEVEL","SNOW OR SLUSH","NO DEFECTS","ON SCENE","NO INJURY / DRIVE AWAY",,,"N","$501 - $1,500","2026-02-22T10:45:00.000","IMPROPER OVERTAKING/PASSING","DRIVING SKILLS/KNOWLEDGE/EXPERIENCE","1738","W","CERMAK RD","1234",,,,,,,"2","NO INDICATION OF INJURY","0","0","0","0","0","2","0","10","1","2","41.8523706864","-87.6700806899","POINT (-87.670080689897 41.85237068644)"
"197dce303320e6c74edfca24985cc0e9dd51cf4cece7b5547e6460b986f885723c2803dbd279daef5188fc0b64c372d7633501edfc8d02e978a8cd790c1334f4","Y","2026-02-22T10:30:00.000","30","STOP SIGN/FLASHER","FUNCTIONING PROPERLY","CLOUDY/OVERCAST","DAYLIGHT","PARKED MOTOR VEHICLE","NOT DIVIDED",,"STRAIGHT AND LEVEL","WET","NO DEFECTS","ON SCENE","NO INJURY / DRIVE AWAY",,,"Y","OVER $1,500","2026-02-22T12:39:00.000","IMPROPER OVERTAKING/PASSING","UNABLE TO DETERMINE","6550","S","CALIFORNIA AVE","831",,,,,,,"2","NO INDICATION OF INJURY","0","0","0","0","0","1","0","10","1","2","41.7739508108","-87.6934069225","POINT (-87.693406922494 41.773950810756)"
"2672c2ef244638e4dbd9783b58e0de4870916f273ad4fcf48df85e94fc98ad3cf8dd74e092f64387dc40d396eea4582ab8b3e567c800fa503340fa46ff6d438d",,"2026-02-22T10:30:00.000","30","NO CONTROLS","NO CONTROLS","UNKNOWN","UNKNOWN","PARKED MOTOR VEHICLE","ONE-WAY",,"STRAIGHT AND LEVEL","SNOW OR SLUSH","NO DEFECTS","NOT ON SCENE (DESK REPORT)","NO INJURY / DRIVE AWAY",,,"Y","$501 - $1,500","2026-02-22T12:00:00.000","UNABLE TO DETERMINE","UNABLE TO DETERMINE","2733","S","SAWYER AVE","1032",,,,,,,"2","NO INDICATION OF INJURY","0","0","0","0","0","1","0","10","1","2","41.8416856214","-87.7060244828","POINT (-87.706024482828 41.841685621378)"
"6b995890df17b3d13b568539b4ba45f7041e8102b0a9229dcfca05ee03b3a64c47d1bf3368c2b6d215e91033a35b5878c393cef06e5402666ce7cfd9c6eb1d56",,"2026-02-22T10:20:00.000","30","NO CONTROLS","NO CONTROLS","SNOW","DAYLIGHT","TURNING","NOT DIVIDED",,"STRAIGHT AND LEVEL","SNOW OR SLUSH","NO DEFECTS","ON SCENE","INJURY AND / OR TOW DUE TO CRASH",,,,"OVER $1,500","2026-02-22T10:22:00.000","FAILING TO YIELD RIGHT-OF-WAY","WEATHER","7598","S","NORMAL AVE","621",,,,,,,"2","NONINCAPACITATING INJURY","1","0","0","1","0","1","0","10","1","2","41.7563130457","-87.6377592131","POINT (-87.637759213069 41.756313045732)"
"3ceacd724635b9eec0d833e5a6290a39c951d6bbe75be6e856cdd7c8e60f49c956baa79237ba6c70e69154c3a3fa435beb9e4c9f9ddb4aceae85868e8f6e976b",,"2026-02-22T10:13:00.000","25","STOP SIGN/FLASHER","FUNCTIONING PROPERLY","SNOW","UNKNOWN","PARKED MOTOR VEHICLE","NOT DIVIDED",,"STRAIGHT AND LEVEL","SNOW OR SLUSH","NO DEFECTS","ON SCENE","NO INJURY / DRIVE AWAY",,,"N","$501 - $1,500","2026-02-22T10:13:00.000","NOT APPLICABLE","NOT APPLICABLE","4550","S","TALMAN AVE","922",,,,,,,"2","NO INDICATION OF INJURY","0","0","0","0","0","1","0","10","1","2","41.8104511296","-87.6907507628","POINT (-87.69075076279 41.810451129555)"
"4d6c187ffc8d11b11e377e38960b65c97da7af9996cd5f0609a432fea247d78203dc493b90d254c941167b8e3ffb5754ed5df1a7b84eb34765304de60066bccf","Y","2026-02-22T10:00:00.000","35","NO CONTROLS","NO CONTROLS","UNKNOWN","UNKNOWN","PARKED MOTOR VEHICLE","NOT DIVIDED",,"STRAIGHT AND LEVEL","UNKNOWN","UNKNOWN","NOT ON SCENE (DESK REPORT)","NO INJURY / DRIVE AWAY",,,"Y","$500 OR LESS","2026-02-23T13:10:00.000","NOT APPLICABLE","NOT APPLICABLE","1568","W","92ND ST","2221",,,,,,,"2","NO INDICATION OF INJURY","0","0","0","0","0","1","0","10","1","2","41.7267831914","-87.6627721814","POINT (-87.662772181386 41.726783191417)"
"89537d2c801198e39aeb6f19a2f1ba4bee80be2475e52ad97249e009d37d41c16fcada65b296b3b6acc246fac8360bc01d37657a6ae7fa8a814fe3ac76c5c62b",,"2026-02-22T10:00:00.000","30","NO CONTROLS","NO CONTROLS","CLEAR","DAYLIGHT","PARKED MOTOR VEHICLE","NOT DIVIDED",,"STRAIGHT AND LEVEL","DRY","NO DEFECTS","NOT ON SCENE (DESK REPORT)","NO INJURY / DRIVE AWAY",,,,"OVER $1,500","2026-03-01T22:15:00.000","FAILING TO YIELD RIGHT-OF-WAY","FAILING TO YIELD RIGHT-OF-WAY","1342","W","WASHBURNE AVE","1233",,,,,,,"2","NO INDICATION OF INJURY","0","0","0","0","0","1","0","10","1","2","41.8662052699","-87.6601746185","POINT (-87.660174618491 41.866205269878)"
"93ca0ab5fd73680b4a0a955a2bc21e2285006bccc4aede9c350383273ad8ecd023b605bd4c49c9cdc6c028d1bc0e8a6d420ddb2e4bb6b54c5b3381412558718c",,"2026-02-22T09:45:00.000","20","NO CONTROLS","NO CONTROLS","CLEAR","DAYLIGHT","PARKED MOTOR VEHICLE","ONE-WAY",,"STRAIGHT AND LEVEL","DRY","NO DEFECTS","ON SCENE","NO INJURY / DRIVE AWAY",,,,"OVER $1,500","2026-02-22T09:50:00.000","UNABLE TO DETERMINE","NOT APPLICABLE","6835","S","CONSTANCE AVE","332",,,,,,,"2","NO INDICATION OF INJURY","0","0","0","0","0","1","0","9","1","2","41.7705358601","-87.5799539369","POINT (-87.579953936937 41.770535860149)"
"bcc394c43ef9766b14fc3ee73d1eb2c5b4f7927eb68e891c89d1814c25b621b6970fbc9333b8e860876082449bc5bf8b86ddb9ece273df498bbc2f1f9f651f96",,"2026-02-22T09:33:00.000","30","TRAFFIC SIGNAL","FUNCTIONING PROPERLY","CLEAR","DAYLIGHT","REAR TO FRONT","NOT DIVIDED",,"STRAIGHT AND LEVEL","WET","UNKNOWN","ON SCENE","NO INJURY / DRIVE AWAY","Y",,,"$501 - $1,500","2026-02-22T09:36:00.000","FOLLOWING TOO CLOSELY","UNABLE TO DETERMINE","2600","N","CALIFORNIA AVE","1411",,,,,,,"2","NO INDICATION OF INJURY","0","0","0","0","0","2","0","9","1","2","41.9287882438","-87.697672173","POINT (-87.697672173033 41.9287882438)"
"3de5f24d22a7a18aa012fddf07601b8044f56140fb8b39a05c5a238772900fd19b671fc61fc64780e1b405cf2c34f451623575524e2c796122b0687b9fce51e6",,"2026-02-22T09:30:00.000","30","STOP SIGN/FLASHER","FUNCTIONING PROPERLY","CLEAR","DAYLIGHT","REAR END","NOT DIVIDED",,"STRAIGHT AND LEVEL","SNOW OR SLUSH","NO DEFECTS","ON SCENE","NO INJURY / DRIVE AWAY",,,,"OVER $1,500","2026-02-22T09:40:00.000","FOLLOWING TOO CLOSELY","FOLLOWING TOO CLOSELY","2301","S","DAMEN AVE","1034",,,,,,,"2","NO INDICATION OF INJURY","0","0","0","0","0","2","0","9","1","2","41.8503191332","-87.6756423843","POINT (-87.675642384253 41.850319133244)"
"cf8727ab8497be87ebe68d0f8dbae6d4413f13fe3c876ef7124807759112f6e8d6eef112039955c0387ba612e29ea2ac85175b56dbdce6998c4801b4039a1643",,"2026-02-22T09:30:00.000","30","STOP SIGN/FLASHER","NO CONTROLS","SLEET/HAIL","DAYLIGHT","REAR END","PARKING LOT",,"STRAIGHT AND LEVEL","SNOW OR SLUSH","UNKNOWN",,"NO INJURY / DRIVE AWAY",,,,"OVER $1,500","2026-02-22T10:11:00.000","WEATHER","FOLLOWING TOO CLOSELY","7535","S","ASHLAND AVE","612",,,,,,,"2","NO INDICATION OF INJURY","0","0","0","0","0","3","0","9","1","2","41.7565454141","-87.6634438529","POINT (-87.663443852852 41.756545414126)"
"4af5fdcf93cbd6a5dcf1aae28872952c529a7987358da4c24364d290764db7ec561b52682226923ac75a8a79b189e5848a46d30b46e4ad4244d7438d0016be55",,"2026-02-22T09:13:00.000","20","STOP SIGN/FLASHER","FUNCTIONING PROPERLY","CLEAR","DAYLIGHT","REAR TO FRONT","ONE-WAY",,"STRAIGHT AND LEVEL","DRY","NO DEFECTS","NOT ON SCENE (DESK REPORT)","NO INJURY / DRIVE AWAY","Y",,,"OVER $1,500","2026-02-22T11:45:00.000","UNABLE TO DETERMINE","NOT APPLICABLE","702","W","34TH ST","915",,,,,,,"2","NO INDICATION OF INJURY","0","0","0","0","0","2","0","9","1","2","41.8327178979","-87.6438615292","POINT (-87.643861529185 41.832717897911)"
"322b8fbe0c22f389d0fdd34659a395fe565585eb71ba48e2d20b497b6a826a6490d8d45752a018c8110b112d25dfe586f09c9313860cddd7a358fd6e2864947d",,"2026-02-22T09:00:00.000","30","NO CONTROLS","NO CONTROLS","SNOW","DAYLIGHT","OTHER OBJECT","NOT DIVIDED",,"STRAIGHT AND LEVEL","ICE","NO DEFECTS","ON SCENE","NO INJURY / DRIVE AWAY",,"Y",,"OVER $1,500","2026-02-22T10:13:00.000","UNABLE TO DETERMINE","NOT APPLICABLE","1349","S","PULASKI RD","1011",,,,,,,"1","NO INDICATION OF INJURY","0","0","0","0","0","1","0","9","1","2","41.8628993039","-87.7249281958","POINT (-87.724928195845 41.862899303885)"
"b98c0fbc211f9a0a505c868025602052ad45daa48fa1ba79846b9bc1e3688455451e4f89040f4ba422d4b8ea6824fa20624bf2c28c31d2c9bd8e988eacf05adf","Y","2026-02-22T09:00:00.000","30","NO CONTROLS","NO CONTROLS","UNKNOWN","UNKNOWN","PARKED MOTOR VEHICLE","NOT DIVIDED",,"STRAIGHT AND LEVEL","UNKNOWN","UNKNOWN","NOT ON SCENE (DESK REPORT)","NO INJURY / DRIVE AWAY",,,"Y","OVER $1,500","2026-02-23T09:20:00.000","UNABLE TO DETERMINE","UNABLE TO DETERMINE","6761","N","SHERIDAN RD","2432",,,,,,,"2","NO INDICATION OF INJURY","0","0","0","0","0","1","0","9","1","2","42.0053213653","-87.6607394927","POINT (-87.66073949272 42.005321365266)"
"d60d10c6d5c2760e062d2c4ca1bd65475c4cbba345ca1cb7806e1d8e5ac56f148e4b27be416c13921a0af09d2a8f356a40f5b811387d308dcb40c99d7500818a",,"2026-02-22T08:59:00.000","30","TRAFFIC SIGNAL","FUNCTIONING PROPERLY","SNOW","DAYLIGHT","FIXED OBJECT","NOT DIVIDED",,"STRAIGHT AND LEVEL","WET","NO DEFECTS","ON SCENE","NO INJURY / DRIVE AWAY",,,,"OVER $1,500","2026-02-22T08:59:00.000","DRIVING SKILLS/KNOWLEDGE/EXPERIENCE","WEATHER","758","W","MARQUETTE RD","723",,,,,,,"1","NO INDICATION OF INJURY","0","0","0","0","0","1","0","8","1","2","41.7725833643","-87.6445335157","POINT (-87.644533515689 41.772583364281)"
"e7d46748a6892a70ba94e64c9774f6a8a9ba6d477773cd43b9fd9cd0c83648a336ed7038ee3e67b70a245aab34880c1d08b7f8bc511e67e7202cb34423f8d77f",,"2026-02-22T08:30:00.000","30","NO CONTROLS","NO CONTROLS","SLEET/HAIL","DAYLIGHT","PARKED MOTOR VEHICLE","DIVIDED - W/MEDIAN (NOT RAISED)",,"STRAIGHT AND LEVEL","ICE","NO DEFECTS","NOT ON SCENE (DESK REPORT)","NO INJURY / DRIVE AWAY",,,"N","$500 OR LESS","2026-02-23T06:30:00.000","UNABLE TO DETERMINE","UNABLE TO DETERMINE","1400","W","OHIO ST","1215",,,,,,,"2","NO INDICATION OF INJURY","0","0","0","0","0","1","0","8","1","2","41.8925971619","-87.6623881898","POINT (-87.662388189787 41.892597161896)"
"c4b98440d2efa918d404b932a66e1444983d9cfe3f4b1b3073507d752b238f74e3188e12351dcbc71ff93864ab3552974633c771698847559f65483bc2864c1d",,"2026-02-22T08:21:00.000","25","NO CONTROLS","NO CONTROLS","CLEAR","DAYLIGHT","PARKED MOTOR VEHICLE","NOT DIVIDED",,"STRAIGHT AND LEVEL","DRY","NO DEFECTS","NOT ON SCENE (DESK REPORT)","INJURY AND / OR TOW DUE TO CRASH",,,"Y","OVER $1,500","2026-02-23T09:40:00.000","UNABLE TO DETERMINE","UNABLE TO DETERMINE","4233","W","LELAND AVE","1722",,,,,,,"2","NO INDICATION OF INJURY","0","0","0","0","0","1","0","8","1","2","41.9669606623","-87.7341149721","POINT (-87.734114972061 41.966960662309)"
"3964fd6d2baefed27e6d7d2b60bf4edd9af58beaa641d98957a4cc791da6a2ee85b0b9ea9729d94f23a66eb1fccc7eb95a5e60b45df747f1d72242d773568706",,"2026-02-22T08:17:00.000","30","NO CONTROLS","NO CONTROLS","SNOW","DAYLIGHT","ANGLE","DIVIDED - W/MEDIAN BARRIER",,"STRAIGHT AND LEVEL","DRY","NO DEFECTS","ON SCENE","INJURY AND / OR TOW DUE TO CRASH","Y",,,"OVER $1,500","2026-02-22T08:20:00.000","FAILING TO YIELD RIGHT-OF-WAY","UNABLE TO DETERMINE","12401","S","HALSTED ST","523",,,,,,,"3","NO INDICATION OF INJURY","0","0","0","0","0","5","0","8","1","2","41.6686265303","-87.6414545717","POINT (-87.641454571743 41.668626530316)"
"ef9721a47d4e72c3513a5f82e7bb3c8aa5cdbcd3e7e8170dc4535932c5e17009c323dd9548242043508534062bb2e71be5f7df62a5dacdf9f5b9db38c9e43700",,"2026-02-22T08:08:00.000","30","STOP SIGN/FLASHER","FUNCTIONING PROPERLY","SNOW","DAYLIGHT","PARKED MOTOR VEHICLE","T-INTERSECTION",,"STRAIGHT AND LEVEL","SNOW OR SLUSH","UNKNOWN","ON SCENE","NO INJURY / DRIVE AWAY","Y",,,"OVER $1,500","2026-02-22T08:08:00.000","WEATHER","WEATHER","5400","S","LOTUS AVE","814",,,,,,,"2","NO INDICATION OF INJURY","0","0","0","0","0","1","0","8","1","2","41.794504268","-87.7588371521","POINT (-87.75883715206 41.794504268021)"
"890317e047ec2e6cc54729c48765707349632f3e2f4f1dba58f6331d521d3f83fb18dfa390da69c4d0b3012dfe086d2b35c00265ab251bd9ac17346435b0d841",,"2026-02-22T08:00:00.000","20","NO CONTROLS","NO CONTROLS","UNKNOWN","UNKNOWN","PARKED MOTOR VEHICLE","NOT DIVIDED",,"STRAIGHT AND LEVEL","UNKNOWN","UNKNOWN","NOT ON SCENE (DESK REPORT)","NO INJURY / DRIVE AWAY",,,"Y","OVER $1,500","2026-02-23T18:15:00.000","UNABLE TO DETERMINE","NOT APPLICABLE","2700","N","MULLIGAN AVE","2512",,,,,,,"2","NO INDICATION OF INJURY","0","0","0","0","0","1","0","8","1","2","41.9292770949","-87.7845606883","POINT (-87.784560688324 41.929277094885)"
"efe5f6b255f46a30bae83fea40941ceec3820f6c7eb9630d586d5954a61d07e4e7d92e3bcf6500ace9e270a103c981245bd226dda28a945f8fac2b0ba6f0fd7c",,"2026-02-22T07:51:00.000","30","STOP SIGN/FLASHER","FUNCTIONING PROPERLY","SNOW","DAYLIGHT","REAR END","DIVIDED - W/MEDIAN (NOT RAISED)",,"STRAIGHT AND LEVEL","WET","NO DEFECTS","NOT ON SCENE (DESK REPORT)","NO INJURY / DRIVE AWAY",,,,"OVER $1,500","2026-02-22T07:51:00.000","FOLLOWING TOO CLOSELY","FOLLOWING TOO CLOSELY","2853","N","AUSTIN AVE","2514",,,,,,,"2","NO INDICATION OF INJURY","0","0","0","0","0","3","0","7","1","2","41.9327049207","-87.7758701363","POINT (-87.775870136325 41.932704920722)"
"ddf89da01d038ffb520620aa734518076355cf2f16dedeca71c7ef79b362bd880fcfa28c0356b716b3e1636a3624177f6b0fd24285891aaf748b04c3e66c93a7",,"2026-02-22T07:50:00.000","30","NO CONTROLS","NO CONTROLS","SNOW","DAYLIGHT","PARKED MOTOR VEHICLE","NOT DIVIDED",,"STRAIGHT AND LEVEL","SNOW OR SLUSH","NO DEFECTS","NOT ON SCENE (DESK REPORT)","NO INJURY / DRIVE AWAY",,,,"OVER $1,500","2026-02-22T09:52:00.000","WEATHER","WEATHER","3505","W","74TH ST","835",,,,,,,"2","NO INDICATION OF INJURY","0","0","0","0","0","1","0","7","1","2","41.7586891904","-87.7102463791","POINT (-87.710246379146 41.758689190423)"
"e5856a268623d9c89e884d5189590322623cc903cf392233af2e748ac22a720f08f419daa2e8b599fe4a8bd30820abb72e8f39ea8448284a221ce4112c2977ef",,"2026-02-22T07:50:00.000","30","TRAFFIC SIGNAL","FUNCTIONING PROPERLY","CLEAR","DAYLIGHT","REAR END","NOT DIVIDED",,"STRAIGHT AND LEVEL","DRY","NO DEFECTS","NOT ON SCENE (DESK REPORT)","NO INJURY / DRIVE AWAY",,,"Y","$501 - $1,500","2026-02-25T14:18:00.000","UNABLE TO DETERMINE","NOT APPLICABLE","1601","W","BRYN MAWR AVE","2012",,,,,,,"2","NO INDICATION OF INJURY","0","0","0","0","0","2","0","7","1","2","41.9833635956","-87.6699345881","POINT (-87.669934588095 41.983363595575)"
"f46a9272ea419734be32501f0825eb29c47f645fab15f253dbecda6628a5b252abf50dfe14858517056a9be6fb9dc340f57c714eacf900dd393f9f7198685c3f","Y","2026-02-22T07:50:00.000","30","TRAFFIC SIGNAL","UNKNOWN","SNOW","DAYLIGHT","REAR END","DIVIDED - W/MEDIAN (NOT RAISED)",,"STRAIGHT AND LEVEL","ICE","UNKNOWN","ON SCENE","INJURY AND / OR TOW DUE TO CRASH",,,,"OVER $1,500","2026-02-22T07:55:00.000","UNABLE TO DETERMINE","WEATHER","5046","S","DR MARTIN LUTHER KING JR DR","224",,,,,,,"3","NONINCAPACITATING INJURY","9","0","0","9","0","6","0","7","1","2","41.8025069381","-87.6163607823","POINT (-87.616360782293 41.802506938145)"
"fd4b4cd07ab5bee04db77bc2fabdcb62f70b684ea9495eefb84884c44b989eb9307bc6d9ef0a26da722431f6b5de3543ff6aa89f6b6c87dca7137b818726a2e1",,"2026-02-22T07:49:00.000","30","TRAFFIC SIGNAL","FUNCTIONING PROPERLY","SNOW","DAYLIGHT","ANGLE","NOT DIVIDED",,"STRAIGHT AND LEVEL","ICE","NO DEFECTS","ON SCENE","INJURY AND / OR TOW DUE TO CRASH","Y",,,"OVER $1,500","2026-02-22T07:52:00.000","WEATHER","NOT APPLICABLE","198","W","MARQUETTE RD","722",,,,,,,"2","NONINCAPACITATING INJURY","1","0","0","1","0","1","0","7","1","2","41.7728200157","-87.6298790317","POINT (-87.629879031741 41.772820015711)"
"e92edfdc41691b0570be22e7c1390446ff26449248d52fb67a257041fe1e54b2f28e52cfda5e20075d9f76a07bb5fba089f9d7bf6af5cedb910d6c246903257e",,"2026-02-22T07:45:00.000","30","TRAFFIC SIGNAL","FUNCTIONING PROPERLY","SNOW","DAYLIGHT","REAR END","DIVIDED - W/MEDIAN (NOT RAISED)",,"STRAIGHT AND LEVEL","SNOW OR SLUSH","UNKNOWN","ON SCENE","NO INJURY / DRIVE AWAY",,,"Y","OVER $1,500","2026-02-22T07:57:00.000","NOT APPLICABLE","NOT APPLICABLE","3312","N","PULASKI RD","1731",,,,,,,"2","NO INDICATION OF INJURY","0","0","0","0","0","2","0","7","1","2","41.941243084","-87.7273965019","POINT (-87.727396501907 41.941243083981)"
"632f397104719ff7cc06e434a38c7872c1ed13d7b52c90ac6c41b36ff0bbe6bdce2fac76de1a4bc2ebd439794b89ec33c92a2926ddd88ac5746f03040786ec79",,"2026-02-22T07:40:00.000","30","NO CONTROLS","NO CONTROLS","UNKNOWN","DAYLIGHT","PARKED MOTOR VEHICLE","NOT DIVIDED",,"STRAIGHT AND LEVEL","UNKNOWN","NO DEFECTS","NOT ON SCENE (DESK REPORT)","NO INJURY / DRIVE AWAY",,,,"OVER $1,500","2026-02-24T17:13:00.000","UNABLE TO DETERMINE","NOT APPLICABLE","6257","S","PRAIRIE AVE","311",,,,,,,"2","NO INDICATION OF INJURY","0","0","0","0","0","1","0","7","1","2","41.7803254223","-87.6187123356","POINT (-87.618712335551 41.780325422328)"