"crash_record_id","crash_date_est_i","crash_date","posted_speed_limit","traffic_control_device","device_condition","weather_condition","lighting_condition","first_crash_type","trafficway_type","lane_cnt","alignment","roadway_surface_cond","road_defect","report_type","crash_type","intersection_related_i","private_property_i","hit_and_run_i","damage","date_police_notified","prim_contributory_cause","sec_contributory_cause","street_no","street_direction","street_name","beat_of_occurrence","photos_taken_i","statements_taken_i","dooring_i","work_zone_i","work_zone_type","workers_present_i","num_units","most_severe_injury","injuries_total","injuries_fatal","injuries_incapacitating","injuries_non_incapacitating","injuries_reported_not_evident","injuries_no_indication","injuries_unknown","crash_hour","crash_day_of_week","crash_month","latitude","longitude","location"
"a023fb337fa54a4e78e9ea907c6ad48b16b51215ac0d12fbc5b3895b38df06e40f1894e7eef1abed35cd14a91710b071c27be86b82e1f425f1d3990eb2c35a20",,"2026-02-22T07:33:00.000","30","TRAFFIC SIGNAL","FUNCTIONING PROPERLY","CLEAR","DAYLIGHT","ANGLE","FOUR WAY",,"STRAIGHT AND LEVEL","DRY","OTHER","NOT ON SCENE (DESK REPORT)","NO INJURY / DRIVE AWAY","Y",,"Y","OVER $1,500","2026-02-27T08:00:00.000","DISREGARDING TRAFFIC SIGNALS","FAILING TO YIELD RIGHT-OF-WAY","500","W","VAN BUREN ST","121",,,,"Y","CONSTRUCTION",,"2","NO INDICATION OF INJURY","0","0","0","0","0","2","0","7","1","2","41.8768807268","-87.6396363852","POINT (-87.639636385215 41.876880726785)"
"f3ca305dc7e16005a5afc01c3ae109e2933dfde0a96d4a6d93824c19a10003cfd7ef845867d250861fe1886b0a0a5da6dee877dc83c96f77cdbb55dbaeed620e",,"2026-02-22T07:31:00.000","30","UNKNOWN","UNKNOWN","SNOW","DAYLIGHT","FIXED OBJECT","NOT DIVIDED",,"STRAIGHT AND LEVEL","SNOW OR SLUSH","UNKNOWN","ON SCENE","INJURY AND / OR TOW DUE TO CRASH","N",,,"$501 - $1,500","2026-02-22T07:33:00.000","UNABLE TO DETERMINE","UNABLE TO DETERMINE","698","W","76TH ST","621",,,,,,,"2","NONINCAPACITATING INJURY","1","0","0","1","0","0","0","7","1","2","41.756226036","-87.6416815333","POINT (-87.641681533319 41.756226036038)"
"036aeb50a38734e7fc2dec7823cd248cba119ef557a4893f000182866cae89c0af6235ae598f1b701fd6bde3a571a0c481f246fa746343cd52250b8c584e42eb",,"2026-02-22T07:30:00.000","30","NO CONTROLS","NO CONTROLS","CLEAR","DAYLIGHT","SIDESWIPE SAME DIRECTION","UNKNOWN INTERSECTION TYPE",,"STRAIGHT AND LEVEL","DRY","NO DEFECTS","NOT ON SCENE (DESK REPORT)","INJURY AND / OR TOW DUE TO CRASH",,,"Y","OVER $1,500","2026-02-24T16:00:00.000","UNABLE TO DETERMINE","UNABLE TO DETERMINE","1000","N","LAKE SHORE DR NB","1824",,,,,,,"2","REPORTED, NOT EVIDENT","1","0","0","0","1","1","0","7","1","2","41.9009589191","-87.6199281737","POINT (-87.619928173678 41.900958919109)"
"e2168a9fbd7991b7587416d2bec7ef81b0a8481720cd051252713fff21f32bcf536429d2a87d9ac12de5837d6ea22d2702cd40651012885598bdc1ee12593836",,"2026-02-22T07:30:00.000","10","NO CONTROLS","NO CONTROLS","CLEAR","DAYLIGHT","ANGLE","ONE-WAY",,"STRAIGHT AND LEVEL","DRY","NO DEFECTS","NOT ON SCENE (DESK REPORT)","NO INJURY / DRIVE AWAY",,,"Y","OVER $1,500","2026-03-02T12:20:00.000","FAILING TO YIELD RIGHT-OF-WAY","NOT APPLICABLE","10000","W","OHARE ST","1651",,,,,,,"2","NO INDICATION OF INJURY","0","0","0","0","0","3","0","7","1","2","41.976201139","-87.9053091251","POINT (-87.905309125103 41.976201139024)"
"1d28a70e2342c3d8a2c7d806353791d8f651357223e0908b61352d6be413a4054cfc3ae14e09a246a50da7d5ceaea31b555dd58c2e867c8fa31bb2c1c9168b8d",,"2026-02-22T07:24:00.000","30","STOP SIGN/FLASHER","FUNCTIONING PROPERLY","SNOW","DAYLIGHT","SIDESWIPE SAME DIRECTION","T-INTERSECTION",,"STRAIGHT AND LEVEL","ICE","UNKNOWN","NOT ON SCENE (DESK REPORT)","NO INJURY / DRIVE AWAY","Y",,,"OVER $1,500","2026-02-22T08:06:00.000","DRIVING SKILLS/KNOWLEDGE/EXPERIENCE","WEATHER","5900","S","DR MARTIN LUTHER KING JR DR","232",,,,,,,"2","NO INDICATION OF INJURY","0","0","0","0","0","2","0","7","1","2","41.7874293465","-87.6159464271","POINT (-87.615946427121 41.787429346503)"
"71ad67da8cb6a97132af44e15e5ab8dedcec5f8b63b31962c5954f362d7097239f2ecf62efd105a1307e1cdcc0b0f7272192028bb9001d2a631d061c91fbbf8a",,"2026-02-22T07:15:00.000","30","STOP SIGN/FLASHER","NO CONTROLS","SLEET/HAIL","DAYLIGHT","SIDESWIPE SAME DIRECTION","NOT DIVIDED",,"STRAIGHT AND LEVEL","SNOW OR SLUSH","UNKNOWN","NOT ON SCENE (DESK REPORT)","NO INJURY / DRIVE AWAY",,,,"$501 - $1,500","2026-02-22T09:50:00.000","UNABLE TO DETERMINE","UNABLE TO DETERMINE","5900","S","DR MARTIN LUTHER KING JR DR","232",,,,,,,"2","NO INDICATION OF INJURY","0","0","0","0","0","2","0","7","1","2","41.7874293465","-87.6159464271","POINT (-87.615946427121 41.787429346503)"
"78a582c51bc7ba1744563ee5c3bfc715a4eafde0736413075a770fca2e9ff9084aef2d4208fb81a91e40a3ebddca7137d5b19e71dc013ca40933124ba39d5026",,"2026-02-22T07:05:00.000","30","TRAFFIC SIGNAL","FUNCTIONING PROPERLY","CLEAR","DAYLIGHT","ANGLE","NOT DIVIDED",,"STRAIGHT AND LEVEL","SNOW OR SLUSH","NO DEFECTS","NOT ON SCENE (DESK REPORT)","NO INJURY / DRIVE AWAY","Y",,,"$500 OR LESS","2026-02-22T08:55:00.000","WEATHER","FOLLOWING TOO CLOSELY","600","E","51ST ST","223","Y",,,,,,"2","NO INDICATION OF INJURY","0","0","0","0","0","2","0","7","1","2","41.8022796889","-87.6112268914","POINT (-87.611226891365 41.80227968892)"
"1c9cf27c57b5b72e64bea1409c459e19b9f9d9443015782e6f323c67610e56b0da3aa50f2b78d39b4a8828da5afa6ef89a9aafc565b3de154498f13fd9f8e8a8","Y","2026-02-22T07:00:00.000","30","STOP SIGN/FLASHER","FUNCTIONING PROPERLY","SNOW","DAWN","PARKED MOTOR VEHICLE","NOT DIVIDED",,"STRAIGHT AND LEVEL","SNOW OR SLUSH","NO DEFECTS","ON SCENE","NO INJURY / DRIVE AWAY",,,"Y","OVER $1,500","2026-02-22T07:51:00.000","UNABLE TO DETERMINE","UNABLE TO DETERMINE","6533","S","LAWNDALE AVE","833",,,,,,,"4","NO INDICATION OF INJURY","0","0","0","0","0","1","0","7","1","2","41.7741745683","-87.7151436287","POINT (-87.715143628741 41.774174568312)"
"1ef0fff581427691d5d4c32af70c86102511d9d572d2f276fcb4b0d06d09165e5658979992a93b40e2fbb61ffaa7dbcf603f7ebee17c10cc3da90494645178e9",,"2026-02-22T07:00:00.000","30","NO CONTROLS","NO CONTROLS","CLEAR","DAYLIGHT","PARKED MOTOR VEHICLE","ONE-WAY",,"STRAIGHT AND LEVEL","SNOW OR SLUSH","NO DEFECTS","NOT ON SCENE (DESK REPORT)","NO INJURY / DRIVE AWAY",,,"Y","$501 - $1,500","2026-02-22T15:32:00.000","NOT APPLICABLE","NOT APPLICABLE","4649","S","MOZART ST","922",,,,,,,"2","NO INDICATION OF INJURY","0","0","0","0","0","1","0","7","1","2","41.808635158","-87.6952919695","POINT (-87.695291969534 41.808635158007)"
"8dd055b1a8aa9bd4e7f3f174464771a6383f0c347f53d2788923c8b79774afaddc308650c0b01b1f27aefc54ba9357c5e0087ce065c7b1686e008d5371593070",,"2026-02-22T07:00:00.000","30","TRAFFIC SIGNAL","FUNCTIONING PROPERLY","CLEAR","DAYLIGHT","SIDESWIPE SAME DIRECTION","NOT DIVIDED",,"STRAIGHT AND LEVEL","DRY","NO DEFECTS","NOT ON SCENE (DESK REPORT)","NO INJURY / DRIVE AWAY",,,"Y","$501 - $1,500","2026-02-25T14:30:00.000","UNABLE TO DETERMINE","NOT APPLICABLE","9501","S","VINCENNES AVE","2223",,,,,,,"2","NO INDICATION OF INJURY","0","0","0","0","0","2","0","7","1","2","41.721289568","-87.6505131056","POINT (-87.650513105632 41.721289568038)"
"8ba44fab9bd975eaefdcd0e8d5473c5489eb8714d98629d4e92411541bee4fa2c7b33b9606458a095b2219f83b96763fe66057eaf7f599643e937100c4f6411b",,"2026-02-22T06:55:00.000","25","NO CONTROLS","NO CONTROLS","SNOW","DAYLIGHT","PARKED MOTOR VEHICLE","NOT DIVIDED",,"STRAIGHT AND LEVEL","ICE","NO DEFECTS","ON SCENE","INJURY AND / OR TOW DUE TO CRASH",,,,"OVER $1,500","2026-02-22T07:09:00.000","WEATHER","WEATHER","5138","S","UNION AVE","935",,,,,,,"3","NO INDICATION OF INJURY","0","0","0","0","0","1","0","6","1","2","41.8004598695","-87.64301153","POINT (-87.643011530003 41.80045986951)"
"0b7920c67bfc8773e6b6101d3bf2e0f4c013113f2eb209db04d0fd91d0309ad2b0c8348ae56aee54b3883df932cb733071639f87bd776d04a25724919c273ccc",,"2026-02-22T06:48:00.000","30","NO CONTROLS","NO CONTROLS","CLOUDY/OVERCAST","DAWN","REAR END","NOT DIVIDED",,"STRAIGHT AND LEVEL","WET","NO DEFECTS","NOT ON SCENE (DESK REPORT)","NO INJURY / DRIVE AWAY",,,"Y","OVER $1,500","2026-02-22T07:28:00.000","DRIVING SKILLS/KNOWLEDGE/EXPERIENCE","FOLLOWING TOO CLOSELY","9517","S","VINCENNES AVE","2223",,,,,,,"2","NO INDICATION OF INJURY","0","0","0","0","0","2","0","6","1","2","41.7208765105","-87.6506582128","POINT (-87.650658212822 41.720876510516)"
"fdbdd88f75a1f2d9782a2f86a1f25ec014636d7dba3e272891b1b0a410e5b2ecfd1f1926807d62d2ef4109f88e9c00239ac0a7336fd6d00913ebd37eda5ccd65",,"2026-02-22T06:43:00.000","30","NO CONTROLS","NO CONTROLS","SNOW","DAWN","TURNING","NOT DIVIDED",,"STRAIGHT AND LEVEL","ICE","NO DEFECTS","ON SCENE","INJURY AND / OR TOW DUE TO CRASH",,,,"OVER $1,500","2026-02-22T06:44:00.000","IMPROPER OVERTAKING/PASSING","NOT APPLICABLE","1843","W","74TH ST","735",,,,,,,"3","REPORTED, NOT EVIDENT","1","0","0","0","1","1","0","6","1","2","41.7592617942","-87.670187443","POINT (-87.67018744304 41.759261794198)"
"57d0269782a084eb9f4b9b20a854a67209fce108f68e4288022d6b2f023efd37fba9e2c3db66b3f8b2fe5409dfb763644025e541471a54179ee55dfbef3db39a",,"2026-02-22T06:40:00.000","30","NO CONTROLS","NO CONTROLS","SNOW","DAWN","PARKED MOTOR VEHICLE","ONE-WAY",,"STRAIGHT AND LEVEL","ICE","UNKNOWN","NOT ON SCENE (DESK REPORT)","NO INJURY / DRIVE AWAY",,,,"OVER $1,500","2026-02-22T09:44:00.000","UNABLE TO DETERMINE","UNABLE TO DETERMINE","11704","S","JUSTINE ST","524",,,,,,,"2","NO INDICATION OF INJURY","0","0","0","0","0","1","0","6","1","2","41.6809924571","-87.6604228932","POINT (-87.660422893242 41.680992457076)"
"826998f26c89b3206766d8fa1843d8f9e9c4777f9b4d12341fae213366280de59496f086aa40eff439432e8c12110475dd804b428cf1ef3ad3c795b6ae899c41",,"2026-02-22T06:30:00.000","25","NO CONTROLS","NO CONTROLS","SNOW","DARKNESS, LIGHTED ROAD","PARKED MOTOR VEHICLE","NOT DIVIDED",,"STRAIGHT AND LEVEL","SNOW OR SLUSH","NO DEFECTS","NOT ON SCENE (DESK REPORT)","NO INJURY / DRIVE AWAY",,,"Y","OVER $1,500","2026-02-22T07:20:00.000","UNABLE TO DETERMINE","NOT APPLICABLE","907","E","131ST ST","533",,,,,,,"2","NO INDICATION OF INJURY","0","0","0","0","0","1","0","6","1","2","41.6571344249","-87.6003006159","POINT (-87.600300615903 41.65713442486)"
"c55c4f48cea45cbfe672eebf09159d13d0db4d7b3b6523ea4e6a091f50962cf5499b30286ca7d8e4c86bbfdc532c63dd207861357514228c0cded20750910583",,"2026-02-22T06:30:00.000","30","NO CONTROLS","NO CONTROLS","SNOW","DARKNESS, LIGHTED ROAD","PARKED MOTOR VEHICLE","NOT DIVIDED",,"STRAIGHT AND LEVEL","WET","UNKNOWN","ON SCENE","INJURY AND / OR TOW DUE TO CRASH",,,,"OVER $1,500","2026-02-22T07:00:00.000","WEATHER","WEATHER","6422","S","PULASKI RD","813",,,,,,,"2","NO INDICATION OF INJURY","0","0","0","0","0","2","0","6","1","2","41.7761319585","-87.7228429928","POINT (-87.722842992812 41.776131958546)"
"f19c20e27ff9cdc19a63a317a9784bb26d5ddbf2ca0a9e8acd0f401f50fd2278b3b6f2167946d4ce8ba9aff62ad925b88a85a3bbb510f7cbe8236873e6935a3f","Y","2026-02-22T06:30:00.000","30","NO CONTROLS","NO CONTROLS","SNOW","DAYLIGHT","PARKED MOTOR VEHICLE","NOT DIVIDED",,"STRAIGHT AND LEVEL","SNOW OR SLUSH","NO DEFECTS",,"NO INJURY / DRIVE AWAY",,,"Y","$501 - $1,500","2026-02-22T07:43:00.000","UNABLE TO DETERMINE","UNABLE TO DETERMINE","2452","E","75TH ST","334",,,,,,,"2","NO INDICATION OF INJURY","0","0","0","0","0","1","0","6","1","2","41.7591231888","-87.5643178096","POINT (-87.564317809563 41.759123188792)"
"3c34bd9824ea5ce1c60b882151bfe671e904fbf2a4c0a9eefbd18d2fe9688a6651c6708571ee72f4fd8194f04bf1b39585c3087f1b6181b074b44947d28952b4",,"2026-02-22T06:10:00.000","30","NO CONTROLS","NO CONTROLS","SNOW","DAYLIGHT","HEAD ON","DIVIDED - W/MEDIAN (NOT RAISED)",,"STRAIGHT AND LEVEL","SNOW OR SLUSH","NO DEFECTS","ON SCENE","INJURY AND / OR TOW DUE TO CRASH",,,,"OVER $1,500","2026-02-22T06:12:00.000","PHYSICAL CONDITION OF DRIVER","UNABLE TO DETERMINE","7511","S","DAMEN AVE","611",,,,,,,"2","NONINCAPACITATING INJURY","2","0","0","2","0","1","0","6","1","2","41.7572572612","-87.6731851152","POINT (-87.673185115192 41.757257261155)"
"2012d051fc3068d6d95f0f0c011f564425aef5c131f0364bfc306076a1b3f13717b7ad8377c8c05c4f9643057f9e47bf35f7e61eb6d429625a0264fdb0bf7f8d","Y","2026-02-22T06:00:00.000","20","STOP SIGN/FLASHER","FUNCTIONING PROPERLY","UNKNOWN","UNKNOWN","PARKED MOTOR VEHICLE","NOT DIVIDED",,"STRAIGHT AND LEVEL","DRY","NO DEFECTS","ON SCENE","NO INJURY / DRIVE AWAY",,,"Y","OVER $1,500","2026-02-22T10:00:00.000","UNABLE TO DETERMINE","UNABLE TO DETERMINE","2701","W","72ND ST","831",,,,,,,"2","NO INDICATION OF INJURY","0","0","0","0","0","1","0","6","1","2","41.76264394","-87.6905929936","POINT (-87.690592993649 41.762643939968)"
"12317edbe17147bc4dca94711f80221c5815cdce2ee6af0abba46d1287043f21e13b52398d1d67ff02d50a06f0fe8563be8776c3ce4bf387a9b25c04c4034077",,"2026-02-22T05:30:00.000","30","UNKNOWN","UNKNOWN","SNOW","DAWN","PARKED MOTOR VEHICLE","PARKING LOT",,"STRAIGHT AND LEVEL","DRY","NO DEFECTS",,"NO INJURY / DRIVE AWAY",,,"Y","$501 - $1,500","2026-02-23T11:30:00.000","UNABLE TO DETERMINE","UNABLE TO DETERMINE","8655","S","JEFFERY BLVD","412",,,,,,,"2","NO INDICATION OF INJURY","0","0","0","0","0","1","0","5","1","2","41.7372615289","-87.5755756068","POINT (-87.575575606808 41.737261528895)"
"1b420821b2da013ac9529219b7f601f355ac2a490adcb0393483ed202fdf1d2d9b5bd4d4205cd2bed74d6b92a28998e6c1f67e41c7f191aae15cdd44d6e3d13a",,"2026-02-22T05:30:00.000","30","NO CONTROLS","NO CONTROLS","CLEAR","DARKNESS","PARKED MOTOR VEHICLE","NOT DIVIDED",,"STRAIGHT AND LEVEL","DRY","NO DEFECTS","NOT ON SCENE (DESK REPORT)","NO INJURY / DRIVE AWAY",,,"Y","OVER $1,500","2026-02-23T09:19:00.000","UNABLE TO DETERMINE","UNABLE TO DETERMINE","4700","S","KILPATRICK AVE","815",,,,,,,"2","NO INDICATION OF INJURY","0","0","0","0","0","1","0","5","1","2","41.8075598709","-87.7408551977","POINT (-87.740855197748 41.807559870916)"
"dc1e36836119148f59f00b7322be1af0b14d619cbbf5a8fa3cec2c82f3028bdcd72453e3e625e7d881e50deebb7f045f662654fa086dd27aceab46f140a3a3cb",,"2026-02-22T05:30:00.000","30","TRAFFIC SIGNAL","FUNCTIONING PROPERLY","SNOW","DARKNESS","REAR END","DIVIDED - W/MEDIAN (NOT RAISED)",,"STRAIGHT AND LEVEL","SNOW OR SLUSH","NO DEFECTS","NOT ON SCENE (DESK REPORT)","NO INJURY / DRIVE AWAY",,,"Y","OVER $1,500","2026-02-22T13:30:00.000","UNABLE TO DETERMINE","UNABLE TO DETERMINE","8700","S","WALLACE ST","2223",,,,,,,"2","NO INDICATION OF INJURY","0","0","0","0","0","2","0","5","1","2","41.7358152523","-87.6388909174","POINT (-87.63889091737 41.73581525235)"
"edb5a6eb33348053d43a5bd0274edfae9dfebabfb559dc726d27c59ca4a14086f7b4f90a9714df36c1253bf2f49926381c5e4f8041861bc58b6d64254f782a94",,"2026-02-22T05:30:00.000","30","NO CONTROLS","NO CONTROLS","CLEAR","DARKNESS, LIGHTED ROAD","FIXED OBJECT","NOT DIVIDED",,"STRAIGHT AND LEVEL","SNOW OR SLUSH","NO DEFECTS","ON SCENE","INJURY AND / OR TOW DUE TO CRASH",,,,"OVER $1,500","2026-02-22T05:35:00.000","WEATHER","UNABLE TO DETERMINE","518","W","111TH ST","2233",,,,,,,"1","NO INDICATION OF INJURY","0","0","0","0","0","1","0","5","1","2","41.6925430255","-87.635947153","POINT (-87.635947152967 41.692543025532)"
"5d4237e39e15b69d8baa03fdcff36f019c1b03ae7dff5c2013e0c622c0289f86ffa5c9ca61aac79f1c263a3119543e092ee8ffc7bea019f47a2a2843c7b74ff4",,"2026-02-22T05:25:00.000","30","TRAFFIC SIGNAL","FUNCTIONING PROPERLY","CLEAR","DAWN","SIDESWIPE SAME DIRECTION","NOT DIVIDED",,"STRAIGHT AND LEVEL","WET","NO DEFECTS","NOT ON SCENE (DESK REPORT)","NO INJURY / DRIVE AWAY","Y",,"Y","OVER $1,500","2026-02-22T06:25:00.000","FAILING TO YIELD RIGHT-OF-WAY","IMPROPER LANE USAGE","57","N","AUSTIN BLVD","1513",,,,,,,"2","NO INDICATION OF INJURY","0","0","0","0","0","2","0","5","1","2","41.8818290787","-87.7745666035","POINT (-87.774566603534 41.881829078695)"
"b5be8eeb620d8a20d483402fe43c7198efd3ee07af584ec191c4ce83382fbbaeb74315bbaa1971ed4f512cccd29e73a764e02a3f3f0c531deda15eb865ecbf31",,"2026-02-22T05:22:00.000","30","NO CONTROLS","NO CONTROLS","CLEAR","DARKNESS, LIGHTED ROAD","PARKED MOTOR VEHICLE","ONE-WAY",,"STRAIGHT AND LEVEL","DRY","UNKNOWN","NOT ON SCENE (DESK REPORT)","NO INJURY / DRIVE AWAY",,,"Y","OVER $1,500","2026-02-23T17:25:00.000","UNABLE TO DETERMINE","NOT APPLICABLE","3529","W","SCHUBERT AVE","1412",,,,,,,"2","NO INDICATION OF INJURY","0","0","0","0","0","1","0","5","1","2","41.9299883597","-87.7158614933","POINT (-87.715861493295 41.929988359694)"
"b917d4500250e961f0ced73854c8e44336cec72bc33c246148869674f6e8fd783dc9522ab3c332e8ab80f893e69f4c6b9a70d768be8ffde80205b8664166b407",,"2026-02-22T05:10:00.000","30","TRAFFIC SIGNAL","FUNCTIONING PROPERLY","SNOW","DARKNESS","FIXED OBJECT","NOT DIVIDED",,"STRAIGHT AND LEVEL","ICE","NO DEFECTS","NOT ON SCENE (DESK REPORT)","INJURY AND / OR TOW DUE TO CRASH",,"Y",,"OVER $1,500","2026-02-22T05:17:00.000","WEATHER","UNABLE TO DETERMINE","1343","S","PULASKI RD","1011",,,,,,,"1","NO INDICATION OF INJURY","0","0","0","0","0","3","0","5","1","2","41.8630686565","-87.724933506","POINT (-87.724933506014 41.86306865646)"
"b1c4a3cfae4cc5c610fdd129695f1345cb34516e89585e13ca7e66b6260d4b031a33b5c79ff2b2245ec019ac603c23f390d1ab123d525b341a562b50a17a27a7","Y","2026-02-22T05:00:00.000","25","NO CONTROLS","NO CONTROLS","SNOW","DAWN","PARKED MOTOR VEHICLE","ONE-WAY",,"STRAIGHT AND LEVEL","SNOW OR SLUSH","UNKNOWN","ON SCENE","NO INJURY / DRIVE AWAY",,,"Y","OVER $1,500","2026-02-23T11:55:00.000","UNABLE TO DETERMINE","UNABLE TO DETERMINE","2219","N","CAMPBELL AVE","1431",,,,,,,"2","NO INDICATION OF INJURY","0","0","0","0","0","2","0","5","1","2","41.9222853264","-87.689169234","POINT (-87.689169234019 41.922285326362)"
"dad29a17f4554a1d7db1194a6ed9919a173b096909cd8cb2426b53caf6a38982c8e8e17ed6f17bea187c167d5df5f8fded3b5fd9be83ce4528d7a192141e6683","Y","2026-02-22T05:00:00.000","30","NO CONTROLS","NO CONTROLS","SNOW","DARKNESS, LIGHTED ROAD","FIXED OBJECT","DIVIDED - W/MEDIAN BARRIER",,"STRAIGHT AND LEVEL","SNOW OR SLUSH","UNKNOWN","ON SCENE","INJURY AND / OR TOW DUE TO CRASH",,,,"OVER $1,500","2026-02-22T05:10:00.000","UNABLE TO DETERMINE","UNABLE TO DETERMINE","4608","W","DIVISION ST","2533",,,,,,,"1","NO INDICATION OF INJURY","0","0","0","0","0","1","0","5","1","2","41.9025317465","-87.7418215105","POINT (-87.741821510478 41.902531746471)"
"7564ccec0093f30caca4dd960e616ab5027ec4500d917df5e34ef8d333d919aec28692416aa234fb38ec575c785ca7ddb40c251c1aaa1bdc90bb042b4fb1e7ee",,"2026-02-22T04:55:00.000","30","TRAFFIC SIGNAL","FUNCTIONING PROPERLY","SNOW","DARKNESS","REAR END","FOUR WAY",,"STRAIGHT AND LEVEL","SNOW OR SLUSH","NO DEFECTS","ON SCENE","INJURY AND / OR TOW DUE TO CRASH","Y",,,"OVER $1,500","2026-02-22T05:07:00.000","UNABLE TO DETERMINE","UNABLE TO DETERMINE","4755","W","GRAND AVE","2533",,,,,,,"3","NO INDICATION OF INJURY","0","0","0","0","0","8","0","4","1","2","41.9136243207","-87.7455282079","POINT (-87.745528207902 41.913624320732)"
"18e10d7326c6a93f0e85def1673d89f3416538f3624d574c182b8ac40ee31781293c92ff30bde0c8ad590196d185aed08f43924f66dbad16b82449f4935d97b5",,"2026-02-22T04:48:00.000","30","STOP SIGN/FLASHER","FUNCTIONING PROPERLY","SNOW","DARKNESS, LIGHTED ROAD","FIXED OBJECT","DIVIDED - W/MEDIAN (NOT RAISED)",,"STRAIGHT AND LEVEL","SNOW OR SLUSH","NO DEFECTS","ON SCENE","NO INJURY / DRIVE AWAY",,,"Y","OVER $1,500","2026-02-22T10:30:00.000","WEATHER","DRIVING SKILLS/KNOWLEDGE/EXPERIENCE","8401","S","LOOMIS BLVD","613",,,,,,,"1","NO INDICATION OF INJURY","0","0","0","0","0","1","0","4","1","2","41.7412365193","-87.658201107","POINT (-87.658201106951 41.741236519289)"
"ed7e71d0c91aa15ed1173a62ba41f55500d1946881e23df5e35abdba32e591096afd1a5b27fdf48e84e481f2f8ee2b2a5a724feb83ac5c02460fc97219feac03",,"2026-02-22T04:45:00.000","30","NO CONTROLS","NO CONTROLS","CLEAR","DARKNESS, LIGHTED ROAD","REAR END","ONE-WAY",,"STRAIGHT AND LEVEL","DRY","NO DEFECTS","NOT ON SCENE (DESK REPORT)","NO INJURY / DRIVE AWAY",,,"Y","OVER $1,500","2026-02-22T05:52:00.000","FAILING TO REDUCE SPEED TO AVOID CRASH","NOT APPLICABLE","659","N","CLARK ST","1832",,,,,,,"2","NO INDICATION OF INJURY","0","0","0","0","0","2","0","4","1","2","41.8940733431","-87.6310408935","POINT (-87.631040893538 41.894073343081)"
"7e66ceceefbf6ee041bf202e0b155a04e088aafdc11a4f095d5d49b2880e2a714221ae89a3f92700df97ba82a5020d8844389a455ce6809f5e9839b919a74703","Y","2026-02-22T04:34:00.000","30","UNKNOWN","UNKNOWN","SNOW","DARKNESS, LIGHTED ROAD","FIXED OBJECT","DIVIDED - W/MEDIAN BARRIER",,"STRAIGHT AND LEVEL","SNOW OR SLUSH","NO DEFECTS","ON SCENE","INJURY AND / OR TOW DUE TO CRASH",,,,"OVER $1,500","2026-02-22T04:34:00.000","PHYSICAL CONDITION OF DRIVER","NOT APPLICABLE","1399","S","WESTERN AVE","1233",,,,,,,"1","NO INDICATION OF INJURY","0","0","0","0","0","1","0","4","1","2","41.8630225518","-87.6857900861","POINT (-87.685790086103 41.863022551771)"
"2b6efe14a584b965fc13757a19deba0b79434dc2e202568af412e9db0c61b41acd87b84620c6433f6897addc59f484df5f5943b795121200034b07bb4851e3c0",,"2026-02-22T04:32:00.000","30","TRAFFIC SIGNAL","NOT FUNCTIONING","SNOW","DARKNESS, LIGHTED ROAD","SIDESWIPE SAME DIRECTION","FOUR WAY",,"STRAIGHT AND LEVEL","DRY","NO DEFECTS",,"INJURY AND / OR TOW DUE TO CRASH","Y",,"Y","OVER $1,500","2026-02-22T04:43:00.000","UNABLE TO DETERMINE","UNABLE TO DETERMINE","2","W","79TH ST","623",,,,,,,"2","NO INDICATION OF INJURY","0","0","0","0","0","2","0","4","1","2","41.751068324","-87.6245782174","POINT (-87.624578217409 41.75106832404)"
"c71332ee7f5270149888bdc76465db8a35f701187fbb061c345b48f7fd21a5667944df5dac48366d82c2cce240c0ae933cdc65b1df8f235fe192942d6acd5431",,"2026-02-22T04:30:00.000","25","STOP SIGN/FLASHER","FUNCTIONING PROPERLY","SNOW","DARKNESS, LIGHTED ROAD","ANGLE","NOT DIVIDED",,"STRAIGHT AND LEVEL","SNOW OR SLUSH","NO DEFECTS","NOT ON SCENE (DESK REPORT)","NO INJURY / DRIVE AWAY","Y",,,"OVER $1,500","2026-02-23T12:25:00.000","UNABLE TO DETERMINE","UNABLE TO DETERMINE","2700","N","MULLIGAN AVE","2512",,,,,,,"2","NO INDICATION OF INJURY","0","0","0","0","0","3","0","4","1","2","41.9292770949","-87.7845606883","POINT (-87.784560688324 41.929277094885)"
"0a45a5cba0a282a9facc03a2aa0901ab55879a326981a9d4506ff9310b92a9515f26326a8e7663b07565f37581d1a29cb1d6decd3b19be28fcdef4953016544f","Y","2026-02-22T04:28:00.000","15","NO CONTROLS","NO CONTROLS","SNOW","DARKNESS","OTHER OBJECT","OTHER",,"STRAIGHT AND LEVEL","ICE","UNKNOWN","ON SCENE","NO INJURY / DRIVE AWAY",,,,"$501 - $1,500","2026-02-22T04:30:00.000","WEATHER","UNABLE TO DETERMINE","651","E","131ST ST","533",,,,,,,"1","NO INDICATION OF INJURY","0","0","0","0","0","1","0","4","1","2","41.6572127116","-87.6059152775","POINT (-87.605915277519 41.6572127116)"
"e51fd1a71937b7dbebb81941bfa7bd675f5c282f316581fbe626c741f94c9ed318838a31e35b939e68e316f179e75b3b2ed92ffb95d2d493141cabdb90f056a7",,"2026-02-22T04:06:00.000","30","TRAFFIC SIGNAL","FUNCTIONING PROPERLY","SNOW","DAWN","SIDESWIPE SAME DIRECTION","FOUR WAY",,"STRAIGHT AND LEVEL","SNOW OR SLUSH","NO DEFECTS","ON SCENE","INJURY AND / OR TOW DUE TO CRASH","Y",,,"OVER $1,500","2026-02-22T04:36:00.000","IMPROPER TURNING/NO SIGNAL","IMPROPER OVERTAKING/PASSING","629","N","LA SALLE DR","1832",,,,,,,"2","NO INDICATION OF INJURY","0","0","0","0","0","5","0","4","1","2","41.8931710772","-87.6324898726","POINT (-87.632489872566 41.893171077236)"