"crash_record_id","crash_date_est_i","crash_date","posted_speed_limit","traffic_control_device","device_condition","weather_condition","lighting_condition","first_crash_type","trafficway_type","lane_cnt","alignment","roadway_surface_cond","road_defect","report_type","crash_type","intersection_related_i","private_property_i","hit_and_run_i","damage","date_police_notified","prim_contributory_cause","sec_contributory_cause","street_no","street_direction","street_name","beat_of_occurrence","photos_taken_i","statements_taken_i","dooring_i","work_zone_i","work_zone_type","workers_present_i","num_units","most_severe_injury","injuries_total","injuries_fatal","injuries_incapacitating","injuries_non_incapacitating","injuries_reported_not_evident","injuries_no_indication","injuries_unknown","crash_hour","crash_day_of_week","crash_month","latitude","longitude","location"
"c57cd5db07e8af454fd24e02051c2bb53fa145f9006e7968341baed9a8de9aa26db6e934aad14ce6ee06e45ff2d10bcc03740d4eafdf3831a5b6693c6f75f2e7",,"2026-02-22T04:05:00.000","20","NO CONTROLS","NO CONTROLS","CLOUDY/OVERCAST","DARKNESS, LIGHTED ROAD","PARKED MOTOR VEHICLE","ONE-WAY",,"STRAIGHT AND LEVEL","WET","NO DEFECTS","NOT ON SCENE (DESK REPORT)","NO INJURY / DRIVE AWAY",,,"Y","OVER $1,500","2026-02-22T12:15:00.000","DRIVING SKILLS/KNOWLEDGE/EXPERIENCE","PHYSICAL CONDITION OF DRIVER","1568","W","100TH PL","2213",,,,,,,"2","NO INDICATION OF INJURY","0","0","0","0","0","1","0","4","1","2","41.7114156121","-87.6617340022","POINT (-87.66173400221 41.711415612053)"
"07de18dbb21f4b5d16cf1cef153dba5968c9dcb83ca8d92d2571fba080a3af4070fc100160365b69246943452b8027e7d43ed72e64a86085607e6660ff306b4b",,"2026-02-22T04:02:00.000","30","TRAFFIC SIGNAL","FUNCTIONING PROPERLY","SNOW","DARKNESS, LIGHTED ROAD","FIXED OBJECT","FOUR WAY",,"STRAIGHT AND LEVEL","SNOW OR SLUSH","NO DEFECTS","ON SCENE","INJURY AND / OR TOW DUE TO CRASH",,,,"OVER $1,500","2026-02-22T04:08:00.000","UNABLE TO DETERMINE","UNABLE TO DETERMINE","932","E","OAKWOOD BLVD","212",,,,,,,"1","NO INDICATION OF INJURY","0","0","0","0","0","1","0","4","1","2","41.8248312995","-87.6023090662","POINT (-87.60230906621 41.824831299512)"
"006ec26f420b10a422239ddd42e9e5d2cc87abf87b828b04b411f72644811a4cf205c0da5c329daadf25d2ec781aecf80936fc9a6e66ad3c44d21901ca599c59",,"2026-02-22T04:00:00.000","30","UNKNOWN","UNKNOWN","UNKNOWN","UNKNOWN","PARKED MOTOR VEHICLE","UNKNOWN",,"STRAIGHT AND LEVEL","UNKNOWN","UNKNOWN","NOT ON SCENE (DESK REPORT)","INJURY AND / OR TOW DUE TO CRASH",,,"Y","OVER $1,500","2026-02-22T15:25:00.000","UNABLE TO DETERMINE","NOT APPLICABLE","805","S","KILBOURN AVE","1131",,,,,,,"2","NO INDICATION OF INJURY","0","0","0","0","0","1","0","4","1","2","41.870332337","-87.7376343962","POINT (-87.737634396249 41.870332336999)"
"7a8eb69d42a7b0be37486457fbffa5cc879010a11c3ce4406b04cd706d1d4096ea1304bf919f7592c5dd17ed02b2d6020f489edc5d66d179d19f24c82c2ed94e",,"2026-02-22T04:00:00.000","30","TRAFFIC SIGNAL","FUNCTIONING PROPERLY","SNOW","DARKNESS, LIGHTED ROAD","ANGLE","NOT DIVIDED",,"STRAIGHT AND LEVEL","SNOW OR SLUSH","NO DEFECTS","ON SCENE","NO INJURY / DRIVE AWAY",,,"Y","OVER $1,500","2026-02-22T04:25:00.000","FAILING TO YIELD RIGHT-OF-WAY","NOT APPLICABLE","3759","N","KEDZIE AVE","1733",,,,,,,"2","NO INDICATION OF INJURY","0","0","0","0","0","2","0","4","1","2","41.9501916735","-87.7077682715","POINT (-87.70776827145 41.950191673459)"
"8c342871f40db0c4e8736475b4d1159f562ea433bd27ee53f7e769a616fd2c8f6bdac31b63717d875d931bb900c16773ab5aca6b355bafc777ca88446792cc6b",,"2026-02-22T03:35:00.000","30","NO CONTROLS","NO CONTROLS","SNOW","DARKNESS, LIGHTED ROAD","TURNING","NOT DIVIDED",,"STRAIGHT AND LEVEL","SNOW OR SLUSH","UNKNOWN","ON SCENE","INJURY AND / OR TOW DUE TO CRASH",,,"Y","OVER $1,500","2026-02-22T03:38:00.000","IMPROPER TURNING/NO SIGNAL","WEATHER","415","E","71ST ST","323",,,,,,,"2","NONINCAPACITATING INJURY","1","0","0","1","0","1","0","3","1","2","41.7656122434","-87.614613516","POINT (-87.614613516031 41.765612243448)"
"2f3e6b367c249139e4abb90fc9819ae26bd0aee5785a962f0b36b532ec4f726f8713cf5cd7cb604f8e74351a0242cde22e1fc1ea4650680493a1da310c6aadac",,"2026-02-22T03:30:00.000","10","NO CONTROLS","NO CONTROLS","SNOW","DARKNESS","FIXED OBJECT","UNKNOWN",,"STRAIGHT AND LEVEL","SNOW OR SLUSH","UNKNOWN","NOT ON SCENE (DESK REPORT)","NO INJURY / DRIVE AWAY",,,,"OVER $1,500","2026-02-23T18:31:00.000","UNABLE TO DETERMINE","UNABLE TO DETERMINE","5821","S","RUSSELL DR","233",,,,,,,"1","NO INDICATION OF INJURY","0","0","0","0","0","1","0","3","1","2","41.7886860667","-87.6147739073","POINT (-87.61477390735 41.788686066669)"
"3af4ab638df8bbcb6b6fd14a4fb45e38433f768c1c57517fc0b817a252f230fb7012b5442b9bf6ce577435d92343cd6b90ee8bd505536c59f3b0b366b94ef6f3",,"2026-02-22T03:30:00.000","30","NO CONTROLS","NO CONTROLS","CLEAR","DAYLIGHT","REAR END","NOT DIVIDED",,"STRAIGHT AND LEVEL","DRY","NO DEFECTS","NOT ON SCENE (DESK REPORT)","NO INJURY / DRIVE AWAY",,,"Y","$501 - $1,500","2026-02-24T15:58:00.000","FOLLOWING TOO CLOSELY","FOLLOWING TOO CLOSELY","102","W","DIVISION ST","1821",,,,,,,"2","NO INDICATION OF INJURY","0","0","0","0","0","3","0","3","1","2","41.9040077491","-87.6316108449","POINT (-87.631610844945 41.904007749058)"
"5530a8fd99f376e8d47124a53732f8c3fd417cc806c14ca5396d3b94e75c00a8941429f4844b4b19549d48938a938b2cb31b8e5036735d304785aa56d531fbe4",,"2026-02-22T03:30:00.000","25","NO CONTROLS","NO CONTROLS","SNOW","DARKNESS, LIGHTED ROAD","PARKED MOTOR VEHICLE","NOT DIVIDED",,"STRAIGHT AND LEVEL","SNOW OR SLUSH","NO DEFECTS","NOT ON SCENE (DESK REPORT)","NO INJURY / DRIVE AWAY",,,"Y","OVER $1,500","2026-02-22T09:51:00.000","UNABLE TO DETERMINE","UNABLE TO DETERMINE","700","E","114TH ST","531",,,,,,,"2","NO INDICATION OF INJURY","0","0","0","0","0","1","0","3","1","2","41.6874961062","-87.6058693735","POINT (-87.60586937351 41.687496106171)"
"60258e256c5ec5aceb778a77dc0db313cd27d86c2a39c3023a90f24c0f83d3a191b202c7176a2f18213c079b9d4387520a332c1ff9610e4a201d916f8a116658",,"2026-02-22T03:30:00.000","30","NO CONTROLS","NO CONTROLS","SNOW","DARKNESS, LIGHTED ROAD","REAR END","DIVIDED - W/MEDIAN (NOT RAISED)",,"STRAIGHT AND LEVEL","WET","UNKNOWN","NOT ON SCENE (DESK REPORT)","NO INJURY / DRIVE AWAY",,,"Y","OVER $1,500","2026-02-22T10:00:00.000","FOLLOWING TOO CLOSELY","UNABLE TO DETERMINE","2501","S","WESTERN AVE","1034",,,,,,,"2","NO INDICATION OF INJURY","0","0","0","0","0","4","0","3","1","2","41.8464996569","-87.6853406962","POINT (-87.68534069617 41.846499656885)"
"80f38751d2945117c9d9e6551a5be7f9995077264537971b18cfd5bb2b001edd33728f234df009582df72a90a2f408456cc5b90f2fc676bba3e7be457d1b04bc",,"2026-02-22T03:30:00.000","30","NO CONTROLS","NO CONTROLS","SNOW","DARKNESS, LIGHTED ROAD","PARKED MOTOR VEHICLE","ONE-WAY",,"STRAIGHT AND LEVEL","UNKNOWN","NO DEFECTS","NOT ON SCENE (DESK REPORT)","NO INJURY / DRIVE AWAY",,,"Y","OVER $1,500","2026-02-23T15:35:00.000","FAILING TO REDUCE SPEED TO AVOID CRASH","UNABLE TO DETERMINE","4816","W","ST PAUL AVE","2533",,,,,,,"2","NO INDICATION OF INJURY","0","0","0","0","0","1","0","3","1","2","41.9124734294","-87.7466938926","POINT (-87.74669389256 41.912473429417)"
"b20687b93d6c4da2f60da1d0bee2f13cb2d762675f3b92eeabb4ecf39836bb3f9c37517743c22edc1fc682f5627efcdee94beef9094af98a7439fad789a105c4",,"2026-02-22T03:30:00.000","25","UNKNOWN","UNKNOWN","UNKNOWN","UNKNOWN","PARKED MOTOR VEHICLE","NOT DIVIDED",,"STRAIGHT AND LEVEL","UNKNOWN","UNKNOWN","NOT ON SCENE (DESK REPORT)","NO INJURY / DRIVE AWAY",,,,"OVER $1,500","2026-02-22T13:31:00.000","NOT APPLICABLE","NOT APPLICABLE","1017","N","LA SALLE DR","1824",,,,,,,"2","NO INDICATION OF INJURY","0","0","0","0","0","1","0","3","1","2","41.9010808486","-87.632699353","POINT (-87.632699353045 41.901080848646)"
"45c8a5f94f7792a62d5074f091b6c61a37b8fccc896a2f7599836b8e21bfb0b1e437e6f8d3fe3f5af9efe687860ce73097518e68048e09c2d246a117bf356f9a",,"2026-02-22T03:26:00.000","20","NO CONTROLS","NO CONTROLS","SNOW","DARKNESS, LIGHTED ROAD","PARKED MOTOR VEHICLE","ONE-WAY",,"STRAIGHT AND LEVEL","SNOW OR SLUSH","NO DEFECTS","ON SCENE","NO INJURY / DRIVE AWAY",,,"Y","OVER $1,500","2026-02-22T04:10:00.000","UNABLE TO DETERMINE","UNABLE TO DETERMINE","4920","W","GLADYS AVE","1533",,,,,,,"5","NO INDICATION OF INJURY","0","0","0","0","0","1","0","3","1","2","41.8759513192","-87.7481345231","POINT (-87.748134523135 41.875951319167)"
"cb3bc1fe24c99757e9fe5aac18444358e45ed8aa59f689a6c973a3ea517ae23169c5e5d4721eaeeda2bc8316e2a4bc5cdd006514d2c45c59ae38db33e0b1f3ed",,"2026-02-22T03:25:00.000","30","NO CONTROLS","NO CONTROLS","SNOW","DARKNESS","FIXED OBJECT","NOT DIVIDED",,"STRAIGHT AND LEVEL","ICE","NO DEFECTS","ON SCENE","INJURY AND / OR TOW DUE TO CRASH",,,,"OVER $1,500","2026-02-22T03:29:00.000","WEATHER","NOT APPLICABLE","3521","W","111TH ST","2211",,,,,,,"1","NO INDICATION OF INJURY","0","0","0","0","0","1","0","3","1","2","41.6913276399","-87.7091224117","POINT (-87.709122411666 41.691327639912)"
"a4cb4a0f03f4862627ad119428824ea1ebf06d4d90ba99a6ca006deee010263c1ef86bbf841f1c0092cc0e685987f6ae81614b73401f8662c2e55ad048cb1b19",,"2026-02-22T03:15:00.000","30","NO CONTROLS","NO CONTROLS","SNOW","DARKNESS, LIGHTED ROAD","FIXED OBJECT","NOT DIVIDED",,"STRAIGHT AND LEVEL","SNOW OR SLUSH","NO DEFECTS","NOT ON SCENE (DESK REPORT)","INJURY AND / OR TOW DUE TO CRASH",,,,"OVER $1,500","2026-02-22T15:00:00.000","WEATHER","WEATHER","2511","W","LAKE ST","1222",,,,,,,"1","NONINCAPACITATING INJURY","1","0","0","1","0","0","0","3","1","2","41.8844267751","-87.6891779226","POINT (-87.68917792257 41.88442677508)"
"dcfca6d5547a1b35b17e7b4d013c7d39b31d3ef8fcbd77b3f6b5e8bb243c5e1214302d9399b9ca2820273ccbf282aa007ba1f69154c99280e6bfce8bd8e11bcb",,"2026-02-22T03:08:00.000","30","NO CONTROLS","NO CONTROLS","CLEAR","DAYLIGHT","PARKED MOTOR VEHICLE","ONE-WAY",,"STRAIGHT AND LEVEL","DRY","NO DEFECTS","NOT ON SCENE (DESK REPORT)","NO INJURY / DRIVE AWAY",,,"Y","$501 - $1,500","2026-02-25T10:00:00.000","UNABLE TO DETERMINE","NOT APPLICABLE","2133","N","KEDVALE AVE","2525",,,,,,,"2","NO INDICATION OF INJURY","0","0","0","0","0","1","0","3","1","2","41.9199515066","-87.7301619833","POINT (-87.730161983349 41.919951506596)"
"51bbb9ab109dae99b19814359772b01a742d19b4c0192538605bdff61afccaad1ab6bbdfca8b2984904eba0185d7cb2873d0eb3d3f1940ac37a956eaaef1db12","Y","2026-02-22T03:00:00.000","30","NO CONTROLS","NO CONTROLS","SNOW","DARKNESS, LIGHTED ROAD","PARKED MOTOR VEHICLE","OTHER",,"STRAIGHT AND LEVEL","SNOW OR SLUSH","UNKNOWN","ON SCENE","NO INJURY / DRIVE AWAY",,,"Y","OVER $1,500","2026-02-22T10:44:00.000","UNABLE TO DETERMINE","NOT APPLICABLE","1015","N","LA SALLE DR","1824",,,,,,,"2","NO INDICATION OF INJURY","0","0","0","0","0","1","0","3","1","2","41.9010191382","-87.6326984634","POINT (-87.632698463408 41.901019138171)"
"96c2af835b467c24ff8d7df892ce0dd5010e3c41c57f06c796855a733bcf3a784c89b2d914e9ac6949f3c4b4ea179ab754329519d26dbddce3185035a2e2f6bd",,"2026-02-22T02:56:00.000","30","NO CONTROLS","NO CONTROLS","SNOW","DARKNESS, LIGHTED ROAD","PARKED MOTOR VEHICLE","NOT DIVIDED",,"STRAIGHT AND LEVEL","WET","NO DEFECTS","ON SCENE","INJURY AND / OR TOW DUE TO CRASH",,,"Y","OVER $1,500","2026-02-22T03:11:00.000","UNABLE TO DETERMINE","UNABLE TO DETERMINE","200","S","HOMAN AVE","1123",,,,,,,"2","NO INDICATION OF INJURY","0","0","0","0","0","1","0","2","1","2","41.8782741869","-87.7110720367","POINT (-87.71107203667 41.878274186924)"
"814a47e1c0b664db7bd53abbeb08dbd74b4199456b5349fa23ff061560f6ac996c92d473430866a34c7b1d75e80ca61eeb67ae56c122fd1f9554c7a305159382",,"2026-02-22T02:41:00.000","30","NO CONTROLS","NO CONTROLS","SNOW","DARKNESS","REAR END","ONE-WAY",,"STRAIGHT AND LEVEL","SNOW OR SLUSH","UNKNOWN","ON SCENE","NO INJURY / DRIVE AWAY",,,,"OVER $1,500","2026-02-22T03:22:00.000","FOLLOWING TOO CLOSELY","WEATHER","2578","E","78TH ST","421",,,,,,,"2","NO INDICATION OF INJURY","0","0","0","0","0","4","0","2","1","2","41.7537182657","-87.5614833785","POINT (-87.561483378474 41.753718265657)"
"a48465be5265431fea0428ba94d75aa4c3ce7460fec9ab504dcc400c4d1ff7ca5d668c0e3e86bc681119e2e03869c74e12e647cf2ca0b2ff811f944b9ad5d345",,"2026-02-22T02:40:00.000","30","NO CONTROLS","NO CONTROLS","CLEAR","DUSK","PARKED MOTOR VEHICLE","ONE-WAY",,"STRAIGHT AND LEVEL","SNOW OR SLUSH","NO DEFECTS","NOT ON SCENE (DESK REPORT)","NO INJURY / DRIVE AWAY",,,"Y","$501 - $1,500","2026-02-22T13:57:00.000","NOT APPLICABLE","NOT APPLICABLE","6153","S","KOLIN AVE","813",,,,,,,"2","NO INDICATION OF INJURY","0","0","0","0","0","1","0","2","1","2","41.7806421312","-87.7312191816","POINT (-87.731219181615 41.780642131238)"
"e265bea002917f5c8ab9985a3e1cb0ddbf2674f90954d80e0905071319cb3e364f6c4f6cfc99c6004954f1c331e68ac7c84bceff96a8b6285fd9c67af7e5b19c",,"2026-02-22T02:40:00.000","30","NO CONTROLS","NO CONTROLS","CLEAR","DARKNESS, LIGHTED ROAD","PARKED MOTOR VEHICLE","DIVIDED - W/MEDIAN (NOT RAISED)",,"STRAIGHT AND LEVEL","UNKNOWN","UNKNOWN","ON SCENE","NO INJURY / DRIVE AWAY",,,"Y","OVER $1,500","2026-02-22T17:27:00.000","IMPROPER LANE USAGE","DRIVING SKILLS/KNOWLEDGE/EXPERIENCE","3117","N","KEDZIE AVE","1411",,,,,,,"2","NO INDICATION OF INJURY","0","0","0","0","0","1","0","2","1","2","41.9380355996","-87.7074543479","POINT (-87.70745434786 41.938035599608)"
"6bb52533270fa1826762b648759e957380d16f66367fc2795cd726318c1a65eb4766c5b6fb509a2dc7af66149de133e602d885541cbdc77d83577c4fff1b1303",,"2026-02-22T02:33:00.000","30","NO CONTROLS","NO CONTROLS","CLEAR","DARKNESS, LIGHTED ROAD","PARKED MOTOR VEHICLE","NOT DIVIDED",,"STRAIGHT AND LEVEL","WET","NO DEFECTS","ON SCENE","INJURY AND / OR TOW DUE TO CRASH",,,,"OVER $1,500","2026-02-22T02:33:00.000","FAILING TO REDUCE SPEED TO AVOID CRASH","WEATHER","2852","W","IRVING PARK RD","1724",,,,,,,"3","NONINCAPACITATING INJURY","1","0","0","1","0","1","0","2","1","2","41.9540730765","-87.700387933","POINT (-87.700387932958 41.95407307652)"
"53423881aff332fbf382478a69934cf12d55b5b9d73d26d884f649b908f5c29838bfbebde464612c03a97adb3bd88c504b31ead56ed340b4cc823e6d663b1760",,"2026-02-22T02:30:00.000","30","NO CONTROLS","NO CONTROLS","CLEAR","DARKNESS, LIGHTED ROAD","REAR END","NOT DIVIDED",,"STRAIGHT AND LEVEL","WET","NO DEFECTS","ON SCENE","NO INJURY / DRIVE AWAY",,,"Y","OVER $1,500","2026-02-22T02:40:00.000","OPERATING VEHICLE IN ERRATIC, RECKLESS, CARELESS, NEGLIGENT OR AGGRESSIVE MANNER","UNABLE TO DETERMINE","9900","S","HALSTED ST","2232",,,,,,,"2","NO INDICATION OF INJURY","0","0","0","0","0","3","0","2","1","2","41.7141188681","-87.6431454082","POINT (-87.643145408182 41.71411886809)"
"f61931f18bc8752463dbbadcee9b295979adb48946a5d4547feb705a0fe0f6bda7daf06ff07cc24b18827530f0bee7dd80ae4dda596f93fb4dbc5c37ccb6ca28",,"2026-02-22T02:30:00.000","30","TRAFFIC SIGNAL","FUNCTIONING PROPERLY","CLEAR","DARKNESS, LIGHTED ROAD","REAR END","NOT DIVIDED",,"STRAIGHT AND LEVEL","DRY","NO DEFECTS","NOT ON SCENE (DESK REPORT)","INJURY AND / OR TOW DUE TO CRASH",,,"Y","OVER $1,500","2026-02-22T23:30:00.000","UNABLE TO DETERMINE","NOT APPLICABLE","4500","W","LAKE ST","1113",,,,,,,"2","NO INDICATION OF INJURY","0","0","0","0","0","3","0","2","1","2","41.8862827142","-87.7382065929","POINT (-87.738206592881 41.886282714158)"
"c9dbc79afce6af92b037e9ef430bb4edc0b055518c6517a7115b893dc9587720361af93480a0537943c0d7692692edd4413b989dca389aa59d610cc1df160698",,"2026-02-22T02:28:00.000","30","NO CONTROLS","NO CONTROLS","SNOW","DARKNESS, LIGHTED ROAD","SIDESWIPE SAME DIRECTION","NOT DIVIDED",,"STRAIGHT AND LEVEL","SNOW OR SLUSH","NO DEFECTS","ON SCENE","NO INJURY / DRIVE AWAY",,,"Y","OVER $1,500","2026-02-22T02:30:00.000","UNABLE TO DETERMINE","NOT APPLICABLE","535","N","ASHLAND AVE","1215",,,,,,,"2","NO INDICATION OF INJURY","0","0","0","0","0","2","0","2","1","2","41.8920868026","-87.6670276436","POINT (-87.667027643561 41.89208680261)"
"c4e1447e3cfe4382b5dc18fe15dd266a7d02b8559bbf9ba29387865bfbc26ee41d509f350a3e897fc20fdadd59b5112e7b37c86bb9e1dfea7d1c34a0e1565a18",,"2026-02-22T02:25:00.000","30","TRAFFIC SIGNAL","FUNCTIONING PROPERLY","SNOW","DARKNESS, LIGHTED ROAD","ANGLE","NOT DIVIDED",,"STRAIGHT AND LEVEL","WET","NO DEFECTS","ON SCENE","INJURY AND / OR TOW DUE TO CRASH","Y",,,"OVER $1,500","2026-02-22T02:31:00.000","DISREGARDING OTHER TRAFFIC SIGNS","FAILING TO REDUCE SPEED TO AVOID CRASH","4700","S","MICHIGAN AVE","224",,"Y",,,,,"3","REPORTED, NOT EVIDENT","1","0","0","0","1","1","0","2","1","2","41.8091935132","-87.6229793064","POINT (-87.62297930642 41.809193513201)"
"14fad6223840aa2f5d6302d64db8fc2d1f79afab499cc2668441603262be60940b0c990bb51e5760efec016b46627c26194a64e5283fa0e5a354064f804affa0",,"2026-02-22T02:22:00.000","30","NO CONTROLS","NO CONTROLS","SNOW","DARKNESS, LIGHTED ROAD","PARKED MOTOR VEHICLE","ONE-WAY",,"STRAIGHT AND LEVEL","SNOW OR SLUSH","UNKNOWN","ON SCENE","NO INJURY / DRIVE AWAY",,,"Y","OVER $1,500","2026-02-22T02:22:00.000","UNABLE TO DETERMINE","NOT APPLICABLE","3311","W","PIERCE AVE","1422",,,,,,,"2","NO INDICATION OF INJURY","0","0","0","0","0","1","0","2","1","2","41.9090460844","-87.7099380394","POINT (-87.70993803941 41.909046084409)"
"91d83dd588e93dcf2ac52afd73fa0aad2047adbf0268a91bd718383cffcddbd901a377dc4780a3b1ef812bb9c6a9870eb63b18f6924991cbbc49d7d8849de8ac",,"2026-02-22T02:22:00.000","30","TRAFFIC SIGNAL","FUNCTIONING PROPERLY","SNOW","DARKNESS, LIGHTED ROAD","TURNING","FOUR WAY",,"STRAIGHT AND LEVEL","WET","NO DEFECTS","ON SCENE","NO INJURY / DRIVE AWAY","Y",,,"$501 - $1,500","2026-02-22T02:40:00.000","FOLLOWING TOO CLOSELY","FOLLOWING TOO CLOSELY","1","N","CENTRAL AVE","1522",,,,,,,"2","NO INDICATION OF INJURY","0","0","0","0","0","5","0","2","1","2","41.8803465785","-87.7647175778","POINT (-87.764717577803 41.880346578511)"
"76dd7eca84e8af5364e734596e171ed27e81d267f08c2cf590462e69980dece8d0369b999c622e1d51b02172332e7a80cf64e95f76e353e4368675105ab16034",,"2026-02-22T02:10:00.000","30","NO CONTROLS","NO CONTROLS","SNOW","DARKNESS, LIGHTED ROAD","PARKED MOTOR VEHICLE","DIVIDED - W/MEDIAN (NOT RAISED)",,"STRAIGHT AND LEVEL","SNOW OR SLUSH","UNKNOWN","ON SCENE","NO INJURY / DRIVE AWAY",,,"Y","$501 - $1,500","2026-02-22T02:13:00.000","IMPROPER BACKING","NOT APPLICABLE","726","W","GRAND AVE","1214",,,,,,,"2","NO INDICATION OF INJURY","0","0","0","0","0","1","0","2","1","2","41.8913015628","-87.6469702925","POINT (-87.646970292534 41.891301562841)"
"1b7ffd38e26d2256280254725995e28b7417c1ae5e0d3152080dd1edbfecae59f686308af6fe09c2d650e5b9833d4577a4867f4935d608a2c76f3f5e610996da",,"2026-02-22T02:06:00.000","30","UNKNOWN","UNKNOWN","SNOW","DARKNESS","SIDESWIPE SAME DIRECTION","NOT DIVIDED",,"STRAIGHT AND LEVEL","UNKNOWN","UNKNOWN","NOT ON SCENE (DESK REPORT)","INJURY AND / OR TOW DUE TO CRASH",,,,"OVER $1,500","2026-02-22T02:30:00.000","UNABLE TO DETERMINE","UNABLE TO DETERMINE","130","N","SANGAMON ST","1224",,,,,,,"3","REPORTED, NOT EVIDENT","1","0","0","0","1","3","0","2","1","2","41.8840030212","-87.6510754726","POINT (-87.651075472634 41.884003021214)"
"66b9ac7917ae04d58ee2d548b448f546f523741c9e701e5c9813615b321b7af54bfa187569eedb4b1aa17cb799a4a0a07e5923568999d1e9650c5637df382b33",,"2026-02-22T02:05:00.000","20","NO CONTROLS","NO CONTROLS","SNOW","DARKNESS, LIGHTED ROAD","PARKED MOTOR VEHICLE","ONE-WAY",,"STRAIGHT AND LEVEL","SNOW OR SLUSH","NO DEFECTS","NOT ON SCENE (DESK REPORT)","NO INJURY / DRIVE AWAY",,,,"$501 - $1,500","2026-02-22T05:08:00.000","DRIVING SKILLS/KNOWLEDGE/EXPERIENCE","UNABLE TO DETERMINE","7154","S","MICHIGAN AVE","323",,,,,,,"2","NO INDICATION OF INJURY","0","0","0","0","0","1","0","2","1","2","41.7639603941","-87.6218026795","POINT (-87.621802679497 41.763960394098)"
"ce0c14d5b3e023c10b160ce3eafcae3281f6d1aef37461ef96b5f364584ad69b4053248b5386a6f439566288db15257da2105099429a9c1e6ddf101fef6a35c8",,"2026-02-22T02:00:00.000","30","STOP SIGN/FLASHER","NO CONTROLS","SNOW","DARKNESS","PARKED MOTOR VEHICLE","ONE-WAY",,"STRAIGHT AND LEVEL","WET","NO DEFECTS","ON SCENE","NO INJURY / DRIVE AWAY",,,"Y","OVER $1,500","2026-02-22T03:18:00.000","UNABLE TO DETERMINE","UNABLE TO DETERMINE","3552","W","THOMAS ST","1121",,,,,,,"2","NO INDICATION OF INJURY","0","0","0","0","0","1","0","2","1","2","41.901043605","-87.7161635025","POINT (-87.716163502536 41.901043604991)"
"3143cfe18926553a64cd40ab71f68e662a8b4f9a7f3f516d7a49a373bf7c29d613560a527fed6e24c945f4fd06fde62e45015107b808f0202d447569d4c4ea40",,"2026-02-22T01:50:00.000","30","TRAFFIC SIGNAL","FUNCTIONING PROPERLY","SNOW","DARKNESS, LIGHTED ROAD","TURNING","DIVIDED - W/MEDIAN BARRIER",,"STRAIGHT AND LEVEL","WET","NO DEFECTS","ON SCENE","INJURY AND / OR TOW DUE TO CRASH","Y",,,"OVER $1,500","2026-02-22T02:05:00.000","UNABLE TO DETERMINE","UNABLE TO DETERMINE","4400","W","NORTH AVE","2533",,,,,,,"2","NO INDICATION OF INJURY","0","0","0","0","0","2","0","1","1","2","41.9098635734","-87.7363802961","POINT (-87.736380296054 41.909863573402)"
"ad4c8a6daeae86d601f863388b7bf9d647aad034af0a5f6186499cf2f679c5eb01646acef0250eca4cb5ee26bd50b16b702faeb266d0f678e0c07708bd3287e7",,"2026-02-22T01:45:00.000","30","NO CONTROLS","NO CONTROLS","SNOW","DARKNESS, LIGHTED ROAD","REAR END","RAMP",,"STRAIGHT ON GRADE","SNOW OR SLUSH","NO DEFECTS","ON SCENE","NO INJURY / DRIVE AWAY",,,,"OVER $1,500","2026-02-22T01:49:00.000","WEATHER","WEATHER","4400","N","LAKE SHORE DR NB","1914",,"Y",,,,,"2","NO INDICATION OF INJURY","0","0","0","0","0","2","0","1","1","2","41.9620271555","-87.6466396613","POINT (-87.64663966128 41.962027155537)"
"18d953a4ebb838af3254c1fe8e30d71d2aee832a89706a77c8ee6cf89fa4333d130ebd0d63cb06ef01455fe72e2296c6d4848bb5d4f80964b63c322a0fbf346f",,"2026-02-22T01:30:00.000","30","STOP SIGN/FLASHER","NO CONTROLS","SNOW","DARKNESS, LIGHTED ROAD","TURNING","OTHER",,"STRAIGHT AND LEVEL","SNOW OR SLUSH","UNKNOWN","NOT ON SCENE (DESK REPORT)","INJURY AND / OR TOW DUE TO CRASH",,,,"OVER $1,500","2026-02-22T04:38:00.000","WEATHER","NOT APPLICABLE","3400","W","VAN BUREN ST","1133",,,,,,,"2","NO INDICATION OF INJURY","0","0","0","0","0","2","0","1","1","2","41.875560779","-87.710884921","POINT (-87.710884921013 41.875560779017)"
"60339e7d15b33314721532e5bab8a04348ff396325e833f7ba8e8a38f0af64d3ce2dcd47dccad20d2c44ac77914ba06478325fe8a1846909bde8a26eeeff181e",,"2026-02-22T01:30:00.000","30","NO CONTROLS","NO CONTROLS","SNOW","DARKNESS, LIGHTED ROAD","REAR END","NOT DIVIDED",,"STRAIGHT AND LEVEL","SNOW OR SLUSH","UNKNOWN","NOT ON SCENE (DESK REPORT)","NO INJURY / DRIVE AWAY",,,,"OVER $1,500","2026-02-22T02:00:00.000","UNABLE TO DETERMINE","UNABLE TO DETERMINE","1420","W","MARQUETTE RD","725",,,,,,,"2","NO INDICATION OF INJURY","0","0","0","0","0","3","0","1","1","2","41.7723593002","-87.6600673945","POINT (-87.660067394467 41.772359300223)"