"crash_record_id","crash_date_est_i","crash_date","posted_speed_limit","traffic_control_device","device_condition","weather_condition","lighting_condition","first_crash_type","trafficway_type","lane_cnt","alignment","roadway_surface_cond","road_defect","report_type","crash_type","intersection_related_i","private_property_i","hit_and_run_i","damage","date_police_notified","prim_contributory_cause","sec_contributory_cause","street_no","street_direction","street_name","beat_of_occurrence","photos_taken_i","statements_taken_i","dooring_i","work_zone_i","work_zone_type","workers_present_i","num_units","most_severe_injury","injuries_total","injuries_fatal","injuries_incapacitating","injuries_non_incapacitating","injuries_reported_not_evident","injuries_no_indication","injuries_unknown","crash_hour","crash_day_of_week","crash_month","latitude","longitude","location"
"e5ee1edf5b1a403b58c829ec5d8ec3a663d09581bf45089f0d9d274de04b154465556432a8e23f049e3b17c485a9476a198cde9eaab57df5a3f7d34203840d5d",,"2026-02-22T01:30:00.000","30","TRAFFIC SIGNAL","FUNCTIONING PROPERLY","SLEET/HAIL","DARKNESS, LIGHTED ROAD","REAR END","NOT DIVIDED",,"STRAIGHT AND LEVEL","WET","NO DEFECTS","ON SCENE","INJURY AND / OR TOW DUE TO CRASH",,,"Y","OVER $1,500","2026-02-22T01:36:00.000","UNABLE TO DETERMINE","UNABLE TO DETERMINE","9258","S","COTTAGE GROVE AVE","633",,,,,,,"2","REPORTED, NOT EVIDENT","1","0","0","0","1","1","0","1","1","2","41.7257470439","-87.6047133228","POINT (-87.604713322774 41.725747043915)"
"51009579adecf3e71fc5f9fbf289d99eeb149aeeac45e8e07b2b99d21ee4388a5d9b68b86187ebe292967e9951f68a6272f187bdd0a0a481fb5324f36bdf7e87",,"2026-02-22T01:25:00.000","20","NO CONTROLS","NO CONTROLS","SNOW","DARKNESS","REAR END","DRIVEWAY",,"STRAIGHT AND LEVEL","SNOW OR SLUSH","NO DEFECTS","NOT ON SCENE (DESK REPORT)","NO INJURY / DRIVE AWAY",,"Y",,"$500 OR LESS","2026-02-22T02:15:00.000","FAILING TO YIELD RIGHT-OF-WAY","NOT APPLICABLE","3740","S","WASHTENAW AVE","911","Y",,,,,,"2","NO INDICATION OF INJURY","0","0","0","0","0","2","0","1","1","2","41.8252737271","-87.6923753627","POINT (-87.692375362718 41.825273727142)"
"43715316ac14d5385a165b61875c5db3031f287742ee99d02457149d8fd6185219997cf6cbf7e4d21281c35c722319f45509636e1326b94d85feccb48d9ff4c6",,"2026-02-22T01:21:00.000","30","TRAFFIC SIGNAL","FUNCTIONING PROPERLY","CLEAR","DARKNESS, LIGHTED ROAD","ANGLE","FOUR WAY",,"STRAIGHT AND LEVEL","ICE","OTHER",,"INJURY AND / OR TOW DUE TO CRASH","Y","Y",,"OVER $1,500","2026-02-22T01:21:00.000","FAILING TO YIELD RIGHT-OF-WAY","NOT APPLICABLE","800","W","PERSHING RD","915",,"Y",,"Y","CONSTRUCTION",,"2","REPORTED, NOT EVIDENT","1","0","0","0","1","2","0","1","1","2","41.8235667404","-87.6460521714","POINT (-87.646052171444 41.823566740363)"
"a55c2aa2658db0b6030e4d83c4cfe64a4e73ada73bd63e7219b352971b8bc5ab35f9981d1c8038188453567c434d3d9d1a3679036cfb86ae6209e880c966a473",,"2026-02-22T01:20:00.000","30","TRAFFIC SIGNAL","FUNCTIONING PROPERLY","SNOW","DARKNESS, LIGHTED ROAD","REAR END","DIVIDED - W/MEDIAN (NOT RAISED)",,"STRAIGHT AND LEVEL","WET","NO DEFECTS","NOT ON SCENE (DESK REPORT)","NO INJURY / DRIVE AWAY",,,"Y","OVER $1,500","2026-02-22T02:55:00.000","WEATHER","UNABLE TO DETERMINE","8700","S","COTTAGE GROVE AVE","632",,,,,,,"2","NO INDICATION OF INJURY","0","0","0","0","0","2","0","1","1","2","41.7366015585","-87.6049681002","POINT (-87.604968100168 41.736601558476)"
"b85957b66c90b496c6d423ad6d590cd5b7f4a184b036d741c6af1f462607eb16c566e9c6c01c360822b9b22551838a9042766ffceb046bee05c6f54990d4eb61",,"2026-02-22T01:10:00.000","30","TRAFFIC SIGNAL","FUNCTIONING PROPERLY","SNOW","DARKNESS, LIGHTED ROAD","FIXED OBJECT","DIVIDED - W/MEDIAN (NOT RAISED)",,"STRAIGHT AND LEVEL","WET","NO DEFECTS","ON SCENE","INJURY AND / OR TOW DUE TO CRASH",,,"Y","$501 - $1,500","2026-02-22T01:17:00.000","FAILING TO REDUCE SPEED TO AVOID CRASH","NOT APPLICABLE","2351","W","GARFIELD BLVD","824",,,,,,,"1","NO INDICATION OF INJURY","0","0","0","0","0","1","0","1","1","2","41.7933324041","-87.6829582225","POINT (-87.682958222498 41.793332404097)"
"0ab7c91ca9a19b0702a7d1a630f8016619357cfe48617290e6624472d2bd3ce988016f19cb7df3b5cb2ceb7ecd10bc38f31cba339a7bb7062e35e8c3203fad69",,"2026-02-22T01:09:00.000","30","NO CONTROLS","NO CONTROLS","CLEAR","DARKNESS, LIGHTED ROAD","SIDESWIPE SAME DIRECTION","NOT DIVIDED",,"STRAIGHT AND LEVEL","WET","UNKNOWN","NOT ON SCENE (DESK REPORT)","NO INJURY / DRIVE AWAY",,,"Y","OVER $1,500","2026-02-22T02:00:00.000","UNABLE TO DETERMINE","UNABLE TO DETERMINE","100","W","DIVISION ST","1821",,,,,,,"2","NO INDICATION OF INJURY","0","0","0","0","0","2","0","1","1","2","41.9040093008","-87.6315223229","POINT (-87.6315223229 41.9040093008)"
"29808f8249c671821b6999a1bc37e197c4d9ea75b7f431f42cc7c80a949e8a4bb2ce7f8ace680213c58ea3538a8840c6dd9a4cd2bb0124a91595967198f186b1",,"2026-02-22T01:07:00.000","30","UNKNOWN","UNKNOWN","UNKNOWN","UNKNOWN","TURNING","NOT DIVIDED",,"STRAIGHT AND LEVEL","UNKNOWN","UNKNOWN","NOT ON SCENE (DESK REPORT)","NO INJURY / DRIVE AWAY",,,"Y","OVER $1,500","2026-02-22T02:31:00.000","NOT APPLICABLE","NOT APPLICABLE","2416","N","CLARK ST","1935",,,,,,,"2","NO INDICATION OF INJURY","0","0","0","0","0","2","0","1","1","2","41.926000213","-87.6409018553","POINT (-87.640901855319 41.926000212986)"
"064b6bcc0b838a55d82d697f9ff45ff467a9e6306701ec733e7a216cf48295588c0e7e6de5a109d3677c6f7f9ba66ca61fe122862c738665948cbc1a4f9b6033",,"2026-02-22T01:00:00.000","30","TRAFFIC SIGNAL","FUNCTIONING PROPERLY","SNOW","DARKNESS, LIGHTED ROAD","REAR END","NOT DIVIDED",,"STRAIGHT AND LEVEL","SNOW OR SLUSH","NO DEFECTS","NOT ON SCENE (DESK REPORT)","INJURY AND / OR TOW DUE TO CRASH",,,"Y","OVER $1,500","2026-02-22T01:45:00.000","UNABLE TO DETERMINE","NOT APPLICABLE","5758","W","FULLERTON AVE","2515",,,,,,,"2","NO INDICATION OF INJURY","0","0","0","0","0","2","0","1","1","2","41.924016129","-87.7707963726","POINT (-87.770796372554 41.924016128957)"
"6532e0605c6365bcc77e8c63f40bea586356680bf7a42961ab6acda14f4817b60f19a9172621bc23be94eb2dbcc27cae739913b4b2c70dc762a6d647d01efd22",,"2026-02-22T01:00:00.000","30","NO CONTROLS","NO CONTROLS","UNKNOWN","DARKNESS, LIGHTED ROAD","PARKED MOTOR VEHICLE","NOT DIVIDED",,"STRAIGHT AND LEVEL","UNKNOWN","NO DEFECTS","NOT ON SCENE (DESK REPORT)","NO INJURY / DRIVE AWAY",,,"Y","OVER $1,500","2026-02-23T13:24:00.000","UNABLE TO DETERMINE","UNABLE TO DETERMINE","7500","S","LANGLEY AVE","624",,,,,,,"2","NO INDICATION OF INJURY","0","0","0","0","0","1","0","1","1","2","41.7582790788","-87.6079806899","POINT (-87.607980689889 41.758279078815)"
"383ad7812a8f3fe527875be23581b1d5d59820380e1eae974797dafff6a95594fa17ad352ff67f995ab873d614e35a2c8dc767243986d21006f2fa82c1334259",,"2026-02-22T00:59:00.000","30","UNKNOWN","UNKNOWN","SNOW","UNKNOWN","FIXED OBJECT","UNKNOWN",,"STRAIGHT AND LEVEL","UNKNOWN","UNKNOWN","NOT ON SCENE (DESK REPORT)","INJURY AND / OR TOW DUE TO CRASH",,,,"OVER $1,500","2026-02-22T13:25:00.000","UNABLE TO DETERMINE","UNABLE TO DETERMINE","225","W","LOWER WACKER DR","122",,,,,,,"1","NO INDICATION OF INJURY","0","0","0","0","0","1","0","0","1","2","41.8866822518","-87.6348486803","POINT (-87.634848680286 41.886682251828)"
"a95a02a2024412f8efe4005c5ed81810f2844c183057de443b166b78bc04b8ed48f73b7f30de64d84ccdb58d8a62700e915c42bbb3498371d47e742bdfdc13b6",,"2026-02-22T00:59:00.000","30","TRAFFIC SIGNAL","FUNCTIONING PROPERLY","SNOW","DARKNESS","TURNING","ONE-WAY",,"STRAIGHT AND LEVEL","WET","UNKNOWN","ON SCENE","NO INJURY / DRIVE AWAY",,,,"$501 - $1,500","2026-02-22T01:04:00.000","UNABLE TO DETERMINE","UNABLE TO DETERMINE","8","W","DIVISION ST","1824",,,,,,,"2","NO INDICATION OF INJURY","0","0","0","0","0","2","0","0","1","2","41.9040462173","-87.628999011","POINT (-87.62899901099 41.904046217297)"
"6d5d37b84470ee0b30cf71782ddb8b2d6b5e2fd96f9ede6758706c4716b1791892303fa6de80ba72fc0cf23fde0282550ad9abc58e6584270ebc99297c7951d0",,"2026-02-22T00:57:00.000","30","NO CONTROLS","NO CONTROLS","SNOW","DARKNESS, LIGHTED ROAD","FIXED OBJECT","DIVIDED - W/MEDIAN (NOT RAISED)",,"STRAIGHT AND LEVEL","ICE","NO DEFECTS","ON SCENE","INJURY AND / OR TOW DUE TO CRASH",,,,"OVER $1,500","2026-02-22T00:57:00.000","UNABLE TO DETERMINE","UNABLE TO DETERMINE","4800","W","47TH ST","814",,,,,,,"1","NO INDICATION OF INJURY","0","0","0","0","0","1","0","0","1","2","41.8077270168","-87.7432293657","POINT (-87.743229365663 41.807727016772)"
"349350534fd0f68d23dc26be0b2860995dd7cd6aeac7d296b0ab5176ffa10b780c2c3ddc9116347d38305d55cf6aeee30e57edc69ebf41b38316d944fc4cbcab",,"2026-02-22T00:46:00.000","30","NO CONTROLS","NO CONTROLS","SNOW","DARKNESS, LIGHTED ROAD","REAR END","DIVIDED - W/MEDIAN (NOT RAISED)",,"STRAIGHT AND LEVEL","ICE","UNKNOWN","NOT ON SCENE (DESK REPORT)","NO INJURY / DRIVE AWAY",,,,"OVER $1,500","2026-02-22T03:00:00.000","FAILING TO REDUCE SPEED TO AVOID CRASH","NOT APPLICABLE","6830","S","DAMEN AVE","726","N",,,,,,"2","NO INDICATION OF INJURY","0","0","0","0","0","2","0","0","1","2","41.769400207","-87.6737926459","POINT (-87.673792645873 41.769400207021)"
"078142cec0b8980dfebe7cd6f9dbf5947ab3e286118e54264b531d240f40f309df87921b6f76e589fa64f7f21ad350cc70cd1164ae4cfd3e6f0fb47178312f17",,"2026-02-22T00:45:00.000","30","NO CONTROLS","NO CONTROLS","SNOW","DARKNESS, LIGHTED ROAD","HEAD ON","DIVIDED - W/MEDIAN BARRIER",,"STRAIGHT AND LEVEL","SNOW OR SLUSH","NO DEFECTS","ON SCENE","INJURY AND / OR TOW DUE TO CRASH",,,,"OVER $1,500","2026-02-22T00:45:00.000","FAILING TO REDUCE SPEED TO AVOID CRASH","UNABLE TO DETERMINE","5704","N","EAST RIVER RD","1614",,,,,,,"2","NONINCAPACITATING INJURY","2","0","0","2","0","0","0","0","1","2","41.9830990533","-87.8465803467","POINT (-87.846580346653 41.983099053293)"
"9ecb379aca76235ee93ae6060187b2649bf7c210586e371e1ab60a1f68a735ab8ddb471c0d274d57eab8c4c1a3f84812cd4030cc529fa9e9c5217b7f01b05dd3",,"2026-02-22T00:44:00.000","30","TRAFFIC SIGNAL","FUNCTIONING PROPERLY","SNOW","DARKNESS, LIGHTED ROAD","TURNING","NOT DIVIDED",,"STRAIGHT AND LEVEL","ICE","UNKNOWN","ON SCENE","INJURY AND / OR TOW DUE TO CRASH","N",,"Y","OVER $1,500","2026-02-22T00:44:00.000","WEATHER","FAILING TO REDUCE SPEED TO AVOID CRASH","6309","S","DAMEN AVE","726",,,,,,,"2","REPORTED, NOT EVIDENT","1","0","0","0","1","4","0","0","1","2","41.7790061036","-87.6737553432","POINT (-87.673755343169 41.779006103617)"
"658c1b29128f016afe8664526c4d98194280982c235cabd32bcdf7f2d73f48909268a79a2a7f3c297fc6ee458f9f104b13a783bdcc311a4943f4f9f4f73ffd0a",,"2026-02-22T00:33:00.000","30","STOP SIGN/FLASHER","FUNCTIONING PROPERLY","SNOW","DARKNESS, LIGHTED ROAD","ANGLE","T-INTERSECTION",,"STRAIGHT AND LEVEL","ICE","UNKNOWN","ON SCENE","INJURY AND / OR TOW DUE TO CRASH","Y",,,"$501 - $1,500","2026-02-22T00:35:00.000","FAILING TO YIELD RIGHT-OF-WAY","NOT APPLICABLE","4667","W","48TH ST","815",,,,,,,"2","NO INDICATION OF INJURY","0","0","0","0","0","4","0","0","1","2","41.8057202675","-87.7405979504","POINT (-87.740597950356 41.805720267539)"
"3d5fe2f4457bfa4b0e3123f5108f7e5f671a931e8c1060ad1a75a0f3912f652ab526a13a6370f280a8ae41666f3d4fc7ca2cdd62df5780a6a40f51c35a7e258b",,"2026-02-22T00:30:00.000","30","TRAFFIC SIGNAL","FUNCTIONING PROPERLY","CLEAR","DARKNESS, LIGHTED ROAD","TURNING","NOT DIVIDED",,"STRAIGHT AND LEVEL","WET","UNKNOWN","NOT ON SCENE (DESK REPORT)","NO INJURY / DRIVE AWAY",,,,"OVER $1,500","2026-02-22T01:30:00.000","IMPROPER LANE USAGE","IMPROPER LANE USAGE","516","N","LA SALLE DR","1831",,,,,,,"2","NO INDICATION OF INJURY","0","0","0","0","0","3","0","0","1","2","41.891417697","-87.6327229152","POINT (-87.63272291519 41.891417696988)"
"7af444ce8e9e9b716a5cde979a4ba03eb0696c694694e5ab979d7b2b7156eb7f07f72ef1f42ecc446302638fe10f3083400bd047037c2d0f9c20ad6d91a0d18e",,"2026-02-22T00:30:00.000","30","NO CONTROLS","UNKNOWN","SNOW","DARKNESS, LIGHTED ROAD","PARKED MOTOR VEHICLE","NOT DIVIDED",,"STRAIGHT AND LEVEL","SNOW OR SLUSH","UNKNOWN","NOT ON SCENE (DESK REPORT)","NO INJURY / DRIVE AWAY",,,"Y","OVER $1,500","2026-02-22T01:52:00.000","UNABLE TO DETERMINE","UNABLE TO DETERMINE","441","E","75TH ST","624",,,,,,,"2","NO INDICATION OF INJURY","0","0","0","0","0","1","0","0","1","2","41.7583279437","-87.6134835933","POINT (-87.613483593273 41.75832794367)"
"d836c39e244e644a5667e7680616f534c8d06fb4c47503ce89263ca8e0826bcbd757d5763706417ccdb017cd5e89ebeca0fa8040e1c5400730bd8fa6a76b7373",,"2026-02-22T00:30:00.000","20","STOP SIGN/FLASHER","FUNCTIONING PROPERLY","SNOW","DARKNESS, LIGHTED ROAD","TURNING","T-INTERSECTION",,"STRAIGHT AND LEVEL","ICE","NO DEFECTS","NOT ON SCENE (DESK REPORT)","NO INJURY / DRIVE AWAY","Y",,,"OVER $1,500","2026-02-22T09:30:00.000","WEATHER","WEATHER","5000","S","CHAMPLAIN AVE","223",,,,,,,"2","NO INDICATION OF INJURY","0","0","0","0","0","2","0","0","1","2","41.8039753196","-87.6102292547","POINT (-87.610229254705 41.803975319606)"
"1632068416c2070821502cfbe63b378d034ab7048aec290fd8453bf80d9ea877e7c76900e0b9c9f2a960fb0028d0d63c061b161ee13f9d370000dbb787249653",,"2026-02-22T00:26:00.000","30","TRAFFIC SIGNAL","UNKNOWN","SNOW","DARKNESS, LIGHTED ROAD","SIDESWIPE SAME DIRECTION","NOT DIVIDED",,"STRAIGHT AND LEVEL","SNOW OR SLUSH","UNKNOWN","NOT ON SCENE (DESK REPORT)","NO INJURY / DRIVE AWAY",,,,"OVER $1,500","2026-02-22T00:42:00.000","UNABLE TO DETERMINE","UNABLE TO DETERMINE","807","E","79TH ST","624",,,,,,,"2","NO INDICATION OF INJURY","0","0","0","0","0","3","0","0","1","2","41.7511802667","-87.6049090281","POINT (-87.604909028144 41.751180266684)"
"0a8c37058c1a495ab57a10fa074a3b8a9449505d6f633de189490b727bebe4a5f731e5c814892d44e489104139a59ce83a935dc1d82f821f27895a4100720712",,"2026-02-22T00:21:00.000","30","NO CONTROLS","FUNCTIONING PROPERLY","SNOW","DARKNESS, LIGHTED ROAD","REAR END","DIVIDED - W/MEDIAN (NOT RAISED)",,"STRAIGHT AND LEVEL","SNOW OR SLUSH","UNKNOWN","NOT ON SCENE (DESK REPORT)","NO INJURY / DRIVE AWAY",,,,"OVER $1,500","2026-02-22T16:00:00.000","DRIVING SKILLS/KNOWLEDGE/EXPERIENCE","NOT APPLICABLE","8554","S","STONY ISLAND AVE","412",,,,,,,"2","NO INDICATION OF INJURY","0","0","0","0","0","2","0","0","1","2","41.7389007481","-87.5858379229","POINT (-87.58583792293 41.738900748117)"
"4e3be00a0787ded0910b6f16719eedf9482029cfb9a937588772498c09a4d234a99e0af1209dd940cc3a3fbc5344fe48010b71c19191221c3d5681ce9106cdb5",,"2026-02-22T00:15:00.000","30","UNKNOWN","UNKNOWN","SNOW","DARKNESS, LIGHTED ROAD","SIDESWIPE SAME DIRECTION","TRAFFIC ROUTE",,"STRAIGHT AND LEVEL","SNOW OR SLUSH","UNKNOWN","NOT ON SCENE (DESK REPORT)","NO INJURY / DRIVE AWAY",,,"Y","OVER $1,500","2026-02-22T01:30:00.000","FAILING TO REDUCE SPEED TO AVOID CRASH","NOT APPLICABLE","809","S","PULASKI RD","1132",,,,,,,"2","NO INDICATION OF INJURY","0","0","0","0","0","3","0","0","1","2","41.8706275996","-87.7251902431","POINT (-87.725190243079 41.870627599559)"
"6d8297f66bb18e1bbb5651c1ec2048a2ccb6bed74a3dba1a4c8cbbd0536d340cd0c9cf240d30198b2eec31f75f680d7f2ec202d8ae5a3ed8f7ebd158254ef58a",,"2026-02-22T00:15:00.000","30","NO CONTROLS","NO CONTROLS","SNOW","DARKNESS, LIGHTED ROAD","OTHER OBJECT","NOT DIVIDED",,"STRAIGHT AND LEVEL","SNOW OR SLUSH","NO DEFECTS","ON SCENE","INJURY AND / OR TOW DUE TO CRASH",,,,"OVER $1,500","2026-02-22T00:21:00.000","FAILING TO REDUCE SPEED TO AVOID CRASH","UNABLE TO DETERMINE","6637","S","DR MARTIN LUTHER KING JR DR","312",,,,,,,"2","NONINCAPACITATING INJURY","1","0","0","1","0","0","0","0","1","2","41.7736823495","-87.6153210024","POINT (-87.615321002381 41.773682349479)"
"0d05ef91ab3c583f2a2c78e1dc95320bc452d56853c00045d3aefc899e2dac0ebb907310dfff4fae42917202a4c9bc5e09c057d491c305a30870ece9af36a3dc",,"2026-02-22T00:11:00.000","35","TRAFFIC SIGNAL","FUNCTIONING PROPERLY","SNOW","DARKNESS, LIGHTED ROAD","REAR END","DIVIDED - W/MEDIAN (NOT RAISED)",,"STRAIGHT AND LEVEL","SNOW OR SLUSH","UNKNOWN","ON SCENE","NO INJURY / DRIVE AWAY",,,,"$501 - $1,500","2026-02-22T00:11:00.000","WEATHER","WEATHER","10398","S","INDIANAPOLIS AVE","432",,,,,,,"2","NO INDICATION OF INJURY","0","0","0","0","0","4","0","0","1","2","41.7064054769","-87.5285600732","POINT (-87.52856007325 41.706405476876)"
"ada4e08da688d709f57d320436af3f365f46bd7141b70a79271307c6a316527d9bf7c5d2439e17984011b6650466d7376bca27089f6bc056e3b1f9de65c7a1ad",,"2026-02-22T00:11:00.000","10","NO CONTROLS","NO CONTROLS","SNOW","DARKNESS, LIGHTED ROAD","SIDESWIPE OPPOSITE DIRECTION","PARKING LOT",,"STRAIGHT ON GRADE","SNOW OR SLUSH","NO DEFECTS","NOT ON SCENE (DESK REPORT)","NO INJURY / DRIVE AWAY",,"Y",,"OVER $1,500","2026-02-22T01:55:00.000","WEATHER","UNABLE TO DETERMINE","2937","S","DR MARTIN LUTHER KING JR DR","133",,,,,,,"2","NO INDICATION OF INJURY","0","0","0","0","0","2","0","0","1","2","41.8409804056","-87.6170276068","POINT (-87.617027606809 41.840980405604)"
"20d4b176646ce661d4ee90ffa12e644a3565c9037ec180f172571c6bf72e75177c441cd44cbff92e6ced33cbadbd20eb686d3a3efc2ea2431b75139f30389c79",,"2026-02-22T00:10:00.000","30","NO CONTROLS","NO CONTROLS","SNOW","DARKNESS, LIGHTED ROAD","SIDESWIPE SAME DIRECTION","NOT DIVIDED",,"STRAIGHT AND LEVEL","SNOW OR SLUSH","UNKNOWN","NOT ON SCENE (DESK REPORT)","NO INJURY / DRIVE AWAY",,,"Y","$501 - $1,500","2026-02-22T01:45:00.000","IMPROPER OVERTAKING/PASSING","IMPROPER OVERTAKING/PASSING","1205","W","LAKE ST","1224",,,,,,,"2","NO INDICATION OF INJURY","0","0","0","0","0","2","0","0","1","2","41.8853896741","-87.6570550243","POINT (-87.657055024287 41.885389674064)"
"de72e2f5abb116fad9a83220fb0d21715da58101de820ac681a733262a8a937a18a0961c4ec9dcb8c46567bc487f09ba85e82fab0face8e5a7d0b4a7a5cf18e6",,"2026-02-22T00:06:00.000","30","NO CONTROLS","NO CONTROLS","SNOW","DARKNESS, LIGHTED ROAD","FIXED OBJECT","DIVIDED - W/MEDIAN (NOT RAISED)",,"STRAIGHT AND LEVEL","ICE","NO DEFECTS","ON SCENE","NO INJURY / DRIVE AWAY",,"Y","Y","OVER $1,500","2026-02-22T00:57:00.000","UNABLE TO DETERMINE","UNABLE TO DETERMINE","3530","W","ROOSEVELT RD","1133",,,,,,,"1","NO INDICATION OF INJURY","0","0","0","0","0","2","0","0","1","2","41.866413809","-87.7142416753","POINT (-87.714241675304 41.866413808979)"
"22d4181aba77008776aad3807e9199132a78aa5e0ddf719f2f12cff8ea40f00655d051e24c0a2c15f49d61b7b524b7500f9fe178c42ccbf60a5f838f16faee35",,"2026-02-22T00:03:00.000","30","NO CONTROLS","NO CONTROLS","SNOW","DARKNESS, LIGHTED ROAD","PARKED MOTOR VEHICLE","DIVIDED - W/MEDIAN (NOT RAISED)",,"STRAIGHT AND LEVEL","SNOW OR SLUSH","NO DEFECTS","ON SCENE","INJURY AND / OR TOW DUE TO CRASH",,,,"OVER $1,500","2026-02-22T00:05:00.000","WEATHER","WEATHER","1924","W","CHICAGO AVE","1212",,,,,,,"2","NO INDICATION OF INJURY","0","0","0","0","0","1","0","0","1","2","41.8960436271","-87.6756893663","POINT (-87.675689366302 41.896043627115)"
"778dfe7475f8975a48f9d4f1e8a1575b8de5efcb276f843e4d4020a599f5477736bda5d453e8036c1520508fd94d88a448e594a0b15f491eba24deaa5730b63b",,"2026-02-22T00:01:00.000","30","NO CONTROLS","NO CONTROLS","CLEAR","DAYLIGHT","PARKED MOTOR VEHICLE","PARKING LOT",,"STRAIGHT AND LEVEL","DRY","NO DEFECTS","NOT ON SCENE (DESK REPORT)","NO INJURY / DRIVE AWAY",,"Y",,"OVER $1,500","2026-02-22T09:00:00.000","DRIVING SKILLS/KNOWLEDGE/EXPERIENCE","NOT APPLICABLE","734","N","CLARK ST","1832",,,,,,,"2","NO INDICATION OF INJURY","0","0","0","0","0","1","0","0","1","2","41.895875326","-87.6313767674","POINT (-87.63137676741 41.895875326034)"
"8da78dc0c23b3f65fa3ec06a8fe9f4078776a2f644ba7237e4609f2e72bc36a007252b7e1296cf2a83a4b5892b817fb0c71a1b0b9906a033438ef80500a32fc9",,"2026-02-22T00:01:00.000","25","NO CONTROLS","NO CONTROLS","CLEAR","DARKNESS, LIGHTED ROAD","PARKED MOTOR VEHICLE","ONE-WAY",,"STRAIGHT AND LEVEL","SNOW OR SLUSH","NO DEFECTS","NOT ON SCENE (DESK REPORT)","NO INJURY / DRIVE AWAY",,,"Y","OVER $1,500","2026-02-23T11:30:00.000","UNABLE TO DETERMINE","UNABLE TO DETERMINE","4860","N","RIDGEWAY AVE","1712",,,,,,,"2","NO INDICATION OF INJURY","0","0","0","0","0","1","0","0","1","2","41.9700383635","-87.7221125197","POINT (-87.722112519656 41.970038363467)"
"180dd7e49607ba07598b91d0b92b3fffd9a60398fa26c4abb2c49999e528675da7b2823f01843810b7d3523cac33e0cdd95deeed56ff2998475eb59aa627f234",,"2026-02-22T00:00:00.000","30","TRAFFIC SIGNAL","FUNCTIONING PROPERLY","SNOW","DARKNESS, LIGHTED ROAD","REAR END","ONE-WAY",,"STRAIGHT AND LEVEL","SNOW OR SLUSH","NO DEFECTS","NOT ON SCENE (DESK REPORT)","NO INJURY / DRIVE AWAY",,,,"$500 OR LESS","2026-02-22T00:07:00.000","WEATHER","WEATHER","11249","S","MARSHFIELD AVE","2234",,,,,,,"2","NO INDICATION OF INJURY","0","0","0","0","0","3","0","0","1","2","41.6888838538","-87.6618723741","POINT (-87.661872374085 41.688883853822)"
"1c2df9931fe3ff55a2d158f5bbdd34090d37f2a716ce0e9c7a5028b1c2932e5bf2f1a2199ff7e1e4f772d97cb267116e9ac7d8f910ba376cb5e3ca436beed0af",,"2026-02-22T00:00:00.000","30","NO CONTROLS","NO CONTROLS","UNKNOWN","UNKNOWN","REAR END","NOT DIVIDED",,"STRAIGHT AND LEVEL","UNKNOWN","UNKNOWN","NOT ON SCENE (DESK REPORT)","NO INJURY / DRIVE AWAY",,,,"OVER $1,500","2026-02-23T16:00:00.000","FOLLOWING TOO CLOSELY","FAILING TO REDUCE SPEED TO AVOID CRASH","6615","W","IRVING PARK RD","1632",,,,,,,"2","NO INDICATION OF INJURY","0","0","0","0","0","2","0","0","1","2","41.9527075957","-87.792109474","POINT (-87.79210947401 41.952707595692)"
"b4cf52495c40e7862bbc20f544820885cd75a6fcd51a1c274eaa8a21f8ed179209cfdc3ea620e24ec5b5fd4f6256db956272a9b718dbb7e222abc58eb6692be1",,"2026-02-22T00:00:00.000","30","STOP SIGN/FLASHER","FUNCTIONING PROPERLY","SNOW","DARKNESS, LIGHTED ROAD","TURNING","NOT DIVIDED",,"STRAIGHT AND LEVEL","SNOW OR SLUSH","NO DEFECTS","NOT ON SCENE (DESK REPORT)","NO INJURY / DRIVE AWAY",,,,"OVER $1,500","2026-02-25T16:20:00.000","UNABLE TO DETERMINE","UNABLE TO DETERMINE","5198","W","FULTON ST","1532",,,,,,,"2","NO INDICATION OF INJURY","0","0","0","0","0","2","0","0","1","2","41.885749675","-87.75520262","POINT (-87.755202620024 41.885749674953)"
"f745d99e2efef3259d5ad6355f57f4552ce167d89d3a566d65c3ba6b8ab2c518739a1f04e21ae689fb10381e7f2b99d85f7e39dbe88b3bf17a81dd7572bd624b",,"2026-02-22T00:00:00.000","30","NO CONTROLS","NO CONTROLS","SNOW","DARKNESS, LIGHTED ROAD","SIDESWIPE SAME DIRECTION","NOT DIVIDED",,"STRAIGHT AND LEVEL","SNOW OR SLUSH","UNKNOWN","ON SCENE","NO INJURY / DRIVE AWAY",,,"Y","$501 - $1,500","2026-02-22T00:29:00.000","UNABLE TO DETERMINE","UNABLE TO DETERMINE","5944","W","CHICAGO AVE","1511",,,,,,,"2","NO INDICATION OF INJURY","0","0","0","0","0","2","0","0","1","2","41.8948379434","-87.7740891852","POINT (-87.77408918515 41.894837943364)"
"0ee1f788dcb866b6d5550153b3daf6e223dfe9666035bba07ac67fe340339a287d5e70f2d91304d14c6955c2c8d9105cfea58256007a48b89597c38f69c212c0",,"2026-02-21T23:52:00.000","30","TRAFFIC SIGNAL","UNKNOWN","SNOW","DARKNESS, LIGHTED ROAD","FIXED OBJECT","T-INTERSECTION",,"STRAIGHT AND LEVEL","WET","UNKNOWN","ON SCENE","INJURY AND / OR TOW DUE TO CRASH","Y",,,"OVER $1,500","2026-02-21T23:52:00.000","WEATHER","WEATHER","1599","W","63RD ST","725",,,,,,,"1","NO INDICATION OF INJURY","0","0","0","0","0","1","0","23","7","2","41.7793586603","-87.6641484616","POINT (-87.664148461581 41.779358660308)"