"crash_record_id","crash_date_est_i","crash_date","posted_speed_limit","traffic_control_device","device_condition","weather_condition","lighting_condition","first_crash_type","trafficway_type","lane_cnt","alignment","roadway_surface_cond","road_defect","report_type","crash_type","intersection_related_i","private_property_i","hit_and_run_i","damage","date_police_notified","prim_contributory_cause","sec_contributory_cause","street_no","street_direction","street_name","beat_of_occurrence","photos_taken_i","statements_taken_i","dooring_i","work_zone_i","work_zone_type","workers_present_i","num_units","most_severe_injury","injuries_total","injuries_fatal","injuries_incapacitating","injuries_non_incapacitating","injuries_reported_not_evident","injuries_no_indication","injuries_unknown","crash_hour","crash_day_of_week","crash_month","latitude","longitude","location"
"fb47c0ce3140398973bb089772f18ac218ca79359a422a08f6f4d130d08ecd252ee5c12e750efe1984720ace3e8ce1295d6541da107b651c583822401cf3de67","Y","2026-02-21T23:50:00.000","30","NO CONTROLS","NO CONTROLS","SNOW","DARKNESS, LIGHTED ROAD","REAR END","NOT DIVIDED",,"STRAIGHT AND LEVEL","WET","NO DEFECTS","ON SCENE","NO INJURY / DRIVE AWAY",,,,"$501 - $1,500","2026-02-21T23:59:00.000","FAILING TO REDUCE SPEED TO AVOID CRASH","NOT APPLICABLE","6950","S","PULASKI RD","833",,,,,,,"2","NO INDICATION OF INJURY","0","0","0","0","0","3","0","23","7","2","41.7662015545","-87.7225936575","POINT (-87.722593657515 41.766201554459)"
"088d62424d2cc57bb558cba2e1d13202cc8109ce166831de259e06f7b22ae092faa6ff821a93849c60c4065ee8c9de694fe1c2d9e8627eb2f1f097ca6bf4b32b",,"2026-02-21T23:48:00.000","30","NO CONTROLS","NO CONTROLS","SNOW","DARKNESS, LIGHTED ROAD","PARKED MOTOR VEHICLE","ONE-WAY",,"STRAIGHT AND LEVEL","SNOW OR SLUSH","NO DEFECTS","ON SCENE","NO INJURY / DRIVE AWAY",,,"Y","OVER $1,500","2026-02-21T23:56:00.000","UNABLE TO DETERMINE","NOT APPLICABLE","5015","W","IOWA ST","1531",,,,,,,"2","NO INDICATION OF INJURY","0","0","0","0","0","1","0","23","7","2","41.8966747719","-87.7514514521","POINT (-87.751451452143 41.896674771911)"
"95b70da2f713286d828889fbeeb42f7f1f0c42158b6581c3015117acf30bf81f3ac3d9b92e39ee2c1bf8778b19511ea60c065957488b8636504076921cf94419",,"2026-02-21T23:45:00.000","30","STOP SIGN/FLASHER","FUNCTIONING PROPERLY","UNKNOWN","DARKNESS, LIGHTED ROAD","TURNING","ONE-WAY",,"STRAIGHT AND LEVEL","UNKNOWN","UNKNOWN","NOT ON SCENE (DESK REPORT)","INJURY AND / OR TOW DUE TO CRASH",,,,"OVER $1,500","2026-02-22T18:50:00.000","UNABLE TO DETERMINE","NOT APPLICABLE","49","W","ELM ST","1824",,,,,,,"2","REPORTED, NOT EVIDENT","1","0","0","0","1","1","0","23","7","2","41.9030388879","-87.6303423723","POINT (-87.630342372328 41.903038887883)"
"5c77df32d00966905df4813f5450bf001721705ff960ee0c9a2b0b95c23d2410b7dc61dd4c5e5395d594e97dd4dfa6f6969d525981c1ce3082d38623ceda803a",,"2026-02-21T23:41:00.000","30","NO CONTROLS","NO CONTROLS","SNOW","DARKNESS, LIGHTED ROAD","PARKED MOTOR VEHICLE","NOT DIVIDED",,"STRAIGHT AND LEVEL","SNOW OR SLUSH","NO DEFECTS","ON SCENE","NO INJURY / DRIVE AWAY",,,"Y","OVER $1,500","2026-02-21T23:48:00.000","UNABLE TO DETERMINE","WEATHER","702","E","90TH ST","633",,,,,,,"3","NO INDICATION OF INJURY","0","0","0","0","0","1","0","23","7","2","41.7312534893","-87.6069179363","POINT (-87.606917936333 41.731253489288)"
"06dd46c63dcdf77cf0a85506808d0f588072468f0b00e86d968333142c210f98cf577b3c16aa73200892000f334bad1e5261222b322a33f2bdf8c4f4d361c40d",,"2026-02-21T23:40:00.000","30","STOP SIGN/FLASHER","FUNCTIONING PROPERLY","SNOW","DARKNESS, LIGHTED ROAD","PARKED MOTOR VEHICLE","ONE-WAY",,"STRAIGHT AND LEVEL","SNOW OR SLUSH","NO DEFECTS","NOT ON SCENE (DESK REPORT)","NO INJURY / DRIVE AWAY",,,,"OVER $1,500","2026-02-24T17:10:00.000","UNABLE TO DETERMINE","UNABLE TO DETERMINE","3801","W","28TH ST","1031",,,,,,,"2","NO INDICATION OF INJURY","0","0","0","0","0","1","0","23","7","2","41.8405320066","-87.7196321138","POINT (-87.719632113754 41.840532006608)"
"39d8fa7f1a7dfe674e618195201af6c4dd8e092c488029b2d7b62851327369444af70dfaf22f78dc1b255536ea3829d284e946f177c8d1671405888aace9ddd1",,"2026-02-21T23:30:00.000","30","TRAFFIC SIGNAL","FUNCTIONING PROPERLY","SNOW","DARKNESS, LIGHTED ROAD","FIXED OBJECT","FOUR WAY",,"STRAIGHT AND LEVEL","SNOW OR SLUSH","UNKNOWN","ON SCENE","INJURY AND / OR TOW DUE TO CRASH","Y",,,"OVER $1,500","2026-02-22T00:21:00.000","WEATHER","NOT APPLICABLE","9199","S","ASHLAND AVE","2221",,,,,,,"1","NONINCAPACITATING INJURY","1","0","0","1","0","1","0","23","7","2","41.7267596987","-87.662661888","POINT (-87.662661888021 41.726759698697)"
"91d752df6443fb146b03a11f40cec4767af9f7a1e79373abf028bc600edbe761935c41e6ed7c4927124b1349c8ba6b148dee0ffea1a28346839338f7be236d92",,"2026-02-21T23:30:00.000","5","NO CONTROLS","NO CONTROLS","SNOW","DARKNESS","REAR END","OTHER",,"STRAIGHT AND LEVEL","SNOW OR SLUSH","NO DEFECTS","NOT ON SCENE (DESK REPORT)","NO INJURY / DRIVE AWAY",,"Y",,"OVER $1,500","2026-02-23T10:30:00.000","UNABLE TO DETERMINE","UNABLE TO DETERMINE","8100","S","ASHLAND AVE","614",,,,,,,"2","NO INDICATION OF INJURY","0","0","0","0","0","2","0","23","7","2","41.7466220628","-87.6634893333","POINT (-87.663489333293 41.746622062843)"
"a6595b5d8325767d8d477a8cec031ee61cbd55d97c963663eba412179bb96a2ef5cc24a1a87ea9e96b140ce8f38c6324dcb3388101da98feaf0f60c7a6186118","Y","2026-02-21T23:30:00.000","25","NO CONTROLS","NO CONTROLS","SNOW","DARKNESS, LIGHTED ROAD","TURNING","TRAFFIC ROUTE",,"STRAIGHT AND LEVEL","SNOW OR SLUSH","UNKNOWN","ON SCENE","INJURY AND / OR TOW DUE TO CRASH","Y",,,"OVER $1,500","2026-02-21T23:35:00.000","WEATHER","NOT APPLICABLE","2630","W","OGDEN AVE","1023",,,,,,,"2","NONINCAPACITATING INJURY","2","0","0","2","0","5","0","23","7","2","41.8627549675","-87.6920231197","POINT (-87.692023119713 41.862754967543)"
"b60386d420c4d57642f5b14aa6aaad34210ec1765206e5f56a01a963b552a1acdf245e4497e5470387e7c761c26a85f50edaad4cef14adf4f9a41fc1f885064a",,"2026-02-21T23:30:00.000","35","STOP SIGN/FLASHER","FUNCTIONING PROPERLY","CLOUDY/OVERCAST","DARKNESS, LIGHTED ROAD","TURNING","TRAFFIC ROUTE",,"STRAIGHT AND LEVEL","ICE","NO DEFECTS","ON SCENE","INJURY AND / OR TOW DUE TO CRASH","Y",,,"OVER $1,500","2026-02-21T23:40:00.000","WEATHER","UNABLE TO DETERMINE","2500","S","PULASKI RD","1013",,"Y",,,,,"2","REPORTED, NOT EVIDENT","1","0","0","0","1","2","0","23","7","2","41.846037569","-87.7247613705","POINT (-87.724761370522 41.846037568964)"
"c17a94c69f1ee79bf2ae6e97e8a14cf71284433e42a2b56254d09d2c81e3149265f13db175335031fcb07f5904f95922ea83d6f18bc9e8e11ae0b03f3e7425fb","Y","2026-02-21T23:30:00.000","35","NO CONTROLS","NO CONTROLS","SNOW","DARKNESS","FIXED OBJECT","DIVIDED - W/MEDIAN (NOT RAISED)",,"CURVE, LEVEL","SNOW OR SLUSH","NO DEFECTS","ON SCENE","NO INJURY / DRIVE AWAY",,,,"OVER $1,500","2026-02-21T23:33:00.000","WEATHER","WEATHER","5230","S","ELLSWORTH DR","233",,,,,,,"1","NO INDICATION OF INJURY","0","0","0","0","0","1","0","23","7","2","41.7994947226","-87.6141088036","POINT (-87.614108803643 41.799494722562)"
"6d66769f239296d87a17cf75cfe6514e836dce893f58150307048ebd1053fc526e5f5f4615c1fb442e6f37df6b933ae6de85f653d0796ce653f414b0ac2a9df2",,"2026-02-21T23:21:00.000","30","NO CONTROLS","NO CONTROLS","SNOW","DARKNESS, LIGHTED ROAD","FIXED OBJECT","NOT DIVIDED",,"STRAIGHT AND LEVEL","SNOW OR SLUSH","UNKNOWN","ON SCENE","INJURY AND / OR TOW DUE TO CRASH",,,,"OVER $1,500","2026-02-21T23:35:00.000","WEATHER","UNABLE TO DETERMINE","2","S","CICERO AVE","1533",,,,,,,"1","NO INDICATION OF INJURY","0","0","0","0","0","2","0","23","7","2","41.8804450632","-87.7454225261","POINT (-87.745422526067 41.880445063162)"
"271efadc19bdabf73ed0eeba8a0419584c446cf7bb48c157e37703b54d7d6176611d0411175bec5f1b19d2d31dad450eda14d086b16923f14965f759fb461a13","Y","2026-02-21T23:20:00.000","30","TRAFFIC SIGNAL","FUNCTIONING PROPERLY","SNOW","DARKNESS, LIGHTED ROAD","REAR END","FOUR WAY",,"STRAIGHT AND LEVEL","SNOW OR SLUSH","UNKNOWN","ON SCENE","NO INJURY / DRIVE AWAY",,,,"OVER $1,500","2026-02-21T23:40:00.000","FAILING TO REDUCE SPEED TO AVOID CRASH","FAILING TO REDUCE SPEED TO AVOID CRASH","4600","S","ASHLAND AVE","924",,,,,,,"2","NO INDICATION OF INJURY","0","0","0","0","0","3","0","23","7","2","41.8103461274","-87.6651655862","POINT (-87.665165586176 41.810346127362)"
"9ff2c5df738450611f34626c80a73d61a1edb75602466fb0dca44231553b2950cdc948f37e707425b665324d70277c1d79deee9d869a2be95c82f45f12563057",,"2026-02-21T23:20:00.000","30","FLASHING CONTROL SIGNAL","FUNCTIONING PROPERLY","SNOW","DARKNESS, LIGHTED ROAD","REAR END","NOT DIVIDED",,"STRAIGHT AND LEVEL","SNOW OR SLUSH","UNKNOWN","ON SCENE","NO INJURY / DRIVE AWAY",,,,"OVER $1,500","2026-02-21T23:25:00.000","UNABLE TO DETERMINE","NOT APPLICABLE","2798","W","26TH ST","1034",,,,,,,"2","NO INDICATION OF INJURY","0","0","0","0","0","2","0","23","7","2","41.8448023835","-87.6951928605","POINT (-87.695192860544 41.84480238353)"
"af868e03b7fb62ff4fdea5f8896f5007cd25e9fd1a9ac91ff9da54f5f44a17829cf8ce1a4e7d4dad1ba71c618587e4cadf2c7226223d3d6ececb31c1ee3c733a",,"2026-02-21T23:15:00.000","30","NO CONTROLS","NO CONTROLS","CLEAR","DARKNESS, LIGHTED ROAD","REAR END","NOT DIVIDED",,"STRAIGHT AND LEVEL","DRY","NO DEFECTS","NOT ON SCENE (DESK REPORT)","NO INJURY / DRIVE AWAY",,,"Y","OVER $1,500","2026-02-24T10:10:00.000","FAILING TO REDUCE SPEED TO AVOID CRASH","FOLLOWING TOO CLOSELY","540","N","STATE ST","1831",,,,,,,"2","NO INDICATION OF INJURY","0","0","0","0","0","4","0","23","7","2","41.8920694945","-87.6282244283","POINT (-87.628224428293 41.892069494494)"
"c0d3f1ac5eb3b391e6103da8a31cbe448599ad0d1326e77790a4c26c28c2007349adb291684259b0c566b269c5b10ca8c5261df346328891c8e3039f82a991cb","N","2026-02-21T23:15:00.000","15","UNKNOWN","UNKNOWN","UNKNOWN","UNKNOWN","PARKED MOTOR VEHICLE","PARKING LOT",,"STRAIGHT AND LEVEL","UNKNOWN","UNKNOWN","NOT ON SCENE (DESK REPORT)","NO INJURY / DRIVE AWAY",,"Y","Y","OVER $1,500","2026-02-22T00:42:00.000","NOT APPLICABLE","NOT APPLICABLE","4816","N","KENMORE AVE","2024",,,,,,,"2","NO INDICATION OF INJURY","0","0","0","0","0","1","0","23","7","2","41.9696298203","-87.6563776931","POINT (-87.65637769305 41.969629820303)"
"89a043fec15aa6ab1a3d751d9de43dc08931d3b8cc839ee4b3b98bfb8ad0602637140d6678444efe77d187aa3aef203c30927c663c7f6b0a89a3fe03d930aef5",,"2026-02-21T23:13:00.000","30","STOP SIGN/FLASHER","FUNCTIONING PROPERLY","SNOW","DARKNESS, LIGHTED ROAD","TURNING","FOUR WAY",,"STRAIGHT AND LEVEL","SNOW OR SLUSH","UNKNOWN","ON SCENE","INJURY AND / OR TOW DUE TO CRASH","Y",,"Y","OVER $1,500","2026-02-21T23:13:00.000","FAILING TO YIELD RIGHT-OF-WAY","IMPROPER TURNING/NO SIGNAL","900","S","INDEPENDENCE BLVD","1133",,,,,,,"2","NO INDICATION OF INJURY","0","0","0","0","0","3","0","23","7","2","41.8698214662","-87.7203845733","POINT (-87.720384573282 41.869821466244)"
"ab010be321a34dbd63e46bbe8f1dce3029f3487e9e72edef0570de129e3062fe5b30b79983b8439e5b937c660d56c63c5b81d7f6cee36d8b06d4dc20dbeede6f",,"2026-02-21T23:10:00.000","30","NO CONTROLS","NO CONTROLS","CLEAR","DARKNESS, LIGHTED ROAD","TURNING","NOT DIVIDED",,"STRAIGHT AND LEVEL","DRY","NO DEFECTS","NOT ON SCENE (DESK REPORT)","NO INJURY / DRIVE AWAY",,,,"OVER $1,500","2026-02-21T23:10:00.000","IMPROPER TURNING/NO SIGNAL","NOT APPLICABLE","5615","W","GRAND AVE","2515",,,,,,,"2","NO INDICATION OF INJURY","0","0","0","0","0","3","0","23","7","2","41.9187736308","-87.7665003235","POINT (-87.766500323532 41.918773630793)"
"abfa1b42dc6e2830c817cc78e32530b7197d328c3b0484ff4d7ec6df209ed75dbdd5a756487569c47db98ff40fb9cb08f037e3cb9db27b16eda4ffc9be953026",,"2026-02-21T23:05:00.000","30","TRAFFIC SIGNAL","FUNCTIONING PROPERLY","SNOW","DARKNESS, LIGHTED ROAD","REAR END","FOUR WAY",,"STRAIGHT AND LEVEL","SNOW OR SLUSH","UNKNOWN","ON SCENE","NO INJURY / DRIVE AWAY",,,,"OVER $1,500","2026-02-21T23:30:00.000","IMPROPER TURNING/NO SIGNAL","UNABLE TO DETERMINE","9505","S","COLFAX AVE","431",,,,,,,"2","NO INDICATION OF INJURY","0","0","0","0","0","9","0","23","7","2","41.7224844729","-87.5605716426","POINT (-87.560571642621 41.722484472862)"
"3d624b031fe69506898cd221cb783b3eb7824bd2a0b11f42b4fb9041a8a38b034e608a0df0a2f44bc713cdef6c872657648ae35a3aa5ccee8651eb52bb896b19",,"2026-02-21T23:04:00.000","30","TRAFFIC SIGNAL","FUNCTIONING PROPERLY","SNOW","DARKNESS","REAR END","DIVIDED - W/MEDIAN (NOT RAISED)",,"STRAIGHT AND LEVEL","WET","NO DEFECTS","NOT ON SCENE (DESK REPORT)","NO INJURY / DRIVE AWAY",,,,"$500 OR LESS","2026-02-22T11:05:00.000","WEATHER","UNABLE TO DETERMINE","165","W","87TH ST","634",,,,,,,"2","NO INDICATION OF INJURY","0","0","0","0","0","3","0","23","7","2","41.7361070264","-87.6286907974","POINT (-87.628690797421 41.736107026389)"
"cf44e561b4344263497e0aa8a577847dcc3b0d1e94918b2b874e11d80937fd5546fe182734eda7c9129f166646ba89d3b6243c4911757e79a4c87ac4a26eea63","Y","2026-02-21T23:01:00.000","30","TRAFFIC SIGNAL","FUNCTIONING PROPERLY","SNOW","DARKNESS","REAR END","NOT DIVIDED",,"STRAIGHT AND LEVEL","WET","NO DEFECTS","NOT ON SCENE (DESK REPORT)","NO INJURY / DRIVE AWAY",,,,"OVER $1,500","2026-02-22T00:15:00.000","UNABLE TO DETERMINE","UNABLE TO DETERMINE","157","W","CERMAK RD","914",,,,,,,"2","NO INDICATION OF INJURY","0","0","0","0","0","2","0","23","7","2","41.8527490601","-87.6315700217","POINT (-87.631570021689 41.852749060069)"
"2f1ec95e675a5b46fc5b46c22d52970bc514983f1f4c37046cf1af8341fe825d62b80b6ac5fc52a64c11cbaf64c991bf9c8d5cce79d4115bff5603fc56643d0d","N","2026-02-21T23:00:00.000","25","NO CONTROLS","NO CONTROLS","SNOW","DARKNESS, LIGHTED ROAD","FIXED OBJECT","DIVIDED - W/MEDIAN BARRIER",,"STRAIGHT AND LEVEL","SNOW OR SLUSH","UNKNOWN","ON SCENE","INJURY AND / OR TOW DUE TO CRASH",,,,"OVER $1,500","2026-02-21T23:30:00.000","UNABLE TO DETERMINE","UNABLE TO DETERMINE","531","W","NORTH AVE","1821",,,,,,,"1","NO INDICATION OF INJURY","0","0","0","0","0","1","0","23","7","2","41.9109528497","-87.642161444","POINT (-87.64216144402 41.910952849744)"
"5104821184252911932ce53866bb412eff7cd137347866bf891c4d883929652cedd8fb456b97ba719927488fb25ae7d1c4b99ee1ade3e32715bbd7f11491abb6",,"2026-02-21T23:00:00.000","30","NO CONTROLS","NO CONTROLS","SNOW","DARKNESS, LIGHTED ROAD","PARKED MOTOR VEHICLE","DIVIDED - W/MEDIAN BARRIER",,"STRAIGHT AND LEVEL","ICE","UNKNOWN","NOT ON SCENE (DESK REPORT)","NO INJURY / DRIVE AWAY",,,,"OVER $1,500","2026-02-22T08:45:00.000","UNABLE TO DETERMINE","UNABLE TO DETERMINE","8440","S","STONY ISLAND AVE","412",,,,,,,"2","NO INDICATION OF INJURY","0","0","0","0","0","1","0","23","7","2","41.741166985","-87.5858902363","POINT (-87.585890236255 41.741166984976)"
"51f726548ff310f8fcd94928703752f4987dfc3fa2fcfdd233d6d0416e801b5f81c103e064b17da510b1306a460a8ca652f478ef9c387e1d82a5bf243c8feb8c",,"2026-02-21T23:00:00.000","0","TRAFFIC SIGNAL","FUNCTIONING PROPERLY","SNOW","DARKNESS, LIGHTED ROAD","TURNING","NOT DIVIDED",,"STRAIGHT AND LEVEL","SNOW OR SLUSH","NO DEFECTS","NOT ON SCENE (DESK REPORT)","NO INJURY / DRIVE AWAY",,,"Y","OVER $1,500","2026-02-22T11:30:00.000","UNABLE TO DETERMINE","NOT APPLICABLE","7101","S","STATE ST","323",,,,,,,"2","NO INDICATION OF INJURY","0","0","0","0","0","3","0","23","7","2","41.7653974027","-87.6247572857","POINT (-87.624757285727 41.765397402699)"
"9eada76f56b15a926b1057470b16416417c583afc1dd751c0b7e72644dafea8011e98d899c626c28bffb35eb37086f9257d72428ab440849a9a5e864c7a5986c",,"2026-02-21T23:00:00.000","30","UNKNOWN","FUNCTIONING PROPERLY","SNOW","DARKNESS, LIGHTED ROAD","REAR END","FOUR WAY",,"STRAIGHT AND LEVEL","SNOW OR SLUSH","UNKNOWN","NOT ON SCENE (DESK REPORT)","NO INJURY / DRIVE AWAY",,,,"$500 OR LESS","2026-02-22T00:05:00.000","WEATHER","WEATHER","165","W","CERMAK RD","914","Y",,,,,,"2","NO INDICATION OF INJURY","0","0","0","0","0","4","0","23","7","2","41.8527423575","-87.6319941841","POINT (-87.631994184138 41.852742357481)"
"f3da67441a3a542a6ca77f354e3f6d8537c6f36c9524176f380f7e708c15e3bca9173476099519d461a1aab32d1f277b2fb2ede7ae756fb1995ac4a7cae7480b",,"2026-02-21T23:00:00.000","30","TRAFFIC SIGNAL","UNKNOWN","UNKNOWN","DARKNESS, LIGHTED ROAD","REAR END","NOT DIVIDED",,"STRAIGHT AND LEVEL","UNKNOWN","UNKNOWN",,"NO INJURY / DRIVE AWAY",,,,"OVER $1,500","2026-02-27T16:20:00.000","NOT APPLICABLE","NOT APPLICABLE","6246","S","DR MARTIN LUTHER KING JR DR","311",,,,,,,"2","NO INDICATION OF INJURY","0","0","0","0","0","2","0","23","7","2","41.7806701774","-87.6157808347","POINT (-87.615780834747 41.780670177408)"
"03fbc00dc92e626b93c7bba8601da7b02f3d1e1d5526ababa15d3e0d59bf1b1ad31dd6667ff3c6ef21638fff0ab0c1746d80e82b1cbac893c6892a6d39a4275d",,"2026-02-21T22:50:00.000","25","NO CONTROLS","NO CONTROLS","SNOW","DARKNESS, LIGHTED ROAD","ANGLE","ALLEY",,"STRAIGHT AND LEVEL","WET","UNKNOWN","NOT ON SCENE (DESK REPORT)","NO INJURY / DRIVE AWAY",,,,"$501 - $1,500","2026-02-22T00:42:00.000","DRIVING SKILLS/KNOWLEDGE/EXPERIENCE","UNABLE TO DETERMINE","700","N","LOTUS AVE","1524",,,,,,,"2","NO INDICATION OF INJURY","0","0","0","0","0","2","0","22","7","2","41.893044344","-87.7622067413","POINT (-87.762206741347 41.893044344016)"
"4dfff5464c222f07ba488ff7e35167eef81ea1f1d3d6cfdd5454116f3611f153a7f88475aed6024beea5b73daae46d0891b104bae73e7d1221bb8921a3c08129",,"2026-02-21T22:50:00.000","30","NO CONTROLS","NO CONTROLS","SNOW","DARKNESS, LIGHTED ROAD","REAR END","ONE-WAY",,"STRAIGHT AND LEVEL","SNOW OR SLUSH","NO DEFECTS","ON SCENE","INJURY AND / OR TOW DUE TO CRASH",,,,"OVER $1,500","2026-02-21T23:52:00.000","FOLLOWING TOO CLOSELY","NOT APPLICABLE","630","W","HARRISON ST","124",,,,,,,"2","NO INDICATION OF INJURY","0","0","0","0","0","3","0","22","7","2","41.8744634237","-87.6438159268","POINT (-87.643815926751 41.874463423738)"
"7b8bdfd8a23eb51d504f6d88ecf7ec9b22378b0ed712d7e7b2f3e30191b2d57ad82820bb0f239dcaa2814f0a59decf15104ed4c459e1c1804aea4258693b664c",,"2026-02-21T22:50:00.000","30","NO CONTROLS","NO CONTROLS","SNOW","DARKNESS, LIGHTED ROAD","REAR END","NOT DIVIDED",,"STRAIGHT AND LEVEL","SNOW OR SLUSH","NO DEFECTS","ON SCENE","INJURY AND / OR TOW DUE TO CRASH",,,,"$500 OR LESS","2026-02-21T22:53:00.000","WEATHER","WEATHER","450","W","BELMONT AVE","1925",,"Y",,,,,"2","REPORTED, NOT EVIDENT","1","0","0","0","1","1","0","22","7","2","41.9401983227","-87.6415450199","POINT (-87.641545019915 41.940198322732)"
"fb1f8342f2d74e83ed0adf3a445d1d315acae74cdc25c750242d137f22c6e39f992ecb5aa657c19748c5bd4d0fb1967be34afe28fa4f33276c714f23d5745672",,"2026-02-21T22:50:00.000","30","TRAFFIC SIGNAL","NO CONTROLS","CLEAR","DARKNESS","REAR END","FOUR WAY",,"STRAIGHT AND LEVEL","UNKNOWN","NO DEFECTS","NOT ON SCENE (DESK REPORT)","NO INJURY / DRIVE AWAY","Y",,,"OVER $1,500","2026-02-22T20:00:00.000","FAILING TO YIELD RIGHT-OF-WAY","FAILING TO YIELD RIGHT-OF-WAY","604","W","HARRISON ST","124",,,,,,,"2","NO INDICATION OF INJURY","0","0","0","0","0","2","0","22","7","2","41.8744783596","-87.642675178","POINT (-87.64267517805 41.87447835958)"
"dfc7a1c7419db330a52427658ed0971cf7f822aa2ad4495d66a35c529a2529a951af640c63760868b9a2a604824b00be64efb901aa233a66dc353ea7a773ad43",,"2026-02-21T22:49:00.000","30","TRAFFIC SIGNAL","FUNCTIONING PROPERLY","SNOW","DARKNESS, LIGHTED ROAD","TURNING","NOT DIVIDED",,"STRAIGHT AND LEVEL","SNOW OR SLUSH","NO DEFECTS","NOT ON SCENE (DESK REPORT)","NO INJURY / DRIVE AWAY",,,,"OVER $1,500","2026-02-24T16:20:00.000","NOT APPLICABLE","NOT APPLICABLE","9500","S","HARVARD AVE","511",,,,,,,"2","NO INDICATION OF INJURY","0","0","0","0","0","3","0","22","7","2","41.7215139829","-87.6324771657","POINT (-87.63247716571 41.721513982931)"
"eaf4c428b98aa7ce00ed7a6491918b84af52e0da66953036ebf17cec813dfe8bd64c5031f6c3ea4c4ab570b1e0dc747332d9fa5d46c507abf0bb893d0c5f4bc6","Y","2026-02-21T22:47:00.000","30","NO CONTROLS","NO CONTROLS","SNOW","DARKNESS","REAR END","PARKING LOT",,"STRAIGHT AND LEVEL","DRY","UNKNOWN","NOT ON SCENE (DESK REPORT)","NO INJURY / DRIVE AWAY",,,,"OVER $1,500","2026-02-21T23:31:00.000","UNABLE TO DETERMINE","UNABLE TO DETERMINE","401","N","STATE ST","1834",,,,,,,"2","NO INDICATION OF INJURY","0","0","0","0","0","2","0","22","7","2","41.889265416","-87.6278676579","POINT (-87.627867657864 41.889265415961)"
"062d3516a0e6df91783aeebb5e7fda84c2ec5b9700ec4b7169d80ab43c09728bf1ef980f28dfe6315f60dbd982e152b42acd3a05e514c1be34246120bb73aa3e",,"2026-02-21T22:46:00.000","30","NO CONTROLS","NO CONTROLS","SNOW","DARKNESS, LIGHTED ROAD","REAR END","T-INTERSECTION",,"STRAIGHT AND LEVEL","SNOW OR SLUSH","NO DEFECTS","ON SCENE","NO INJURY / DRIVE AWAY","Y",,,"$500 OR LESS","2026-02-21T22:46:00.000","UNABLE TO DETERMINE","WEATHER","1035","W","DIVERSEY PKWY","1935","Y","Y",,,,,"2","NO INDICATION OF INJURY","0","0","0","0","0","3","0","22","7","2","41.9325046688","-87.6552150222","POINT (-87.655215022185 41.93250466875)"
"d9243f9acf78526074276b3f5c76ec0b14be1491359af8091dd923647d27b6736b8f255bf8104f27058a46aa13150546b86087ee428d0a49aefc3868a9c4caea",,"2026-02-21T22:42:00.000","30","TRAFFIC SIGNAL","FUNCTIONING PROPERLY","SNOW","DARKNESS, LIGHTED ROAD","REAR END","DIVIDED - W/MEDIAN (NOT RAISED)",,"STRAIGHT AND LEVEL","SNOW OR SLUSH","UNKNOWN","NOT ON SCENE (DESK REPORT)","INJURY AND / OR TOW DUE TO CRASH","Y",,,"$500 OR LESS","2026-02-21T22:47:00.000","WEATHER","NOT APPLICABLE","3800","W","OGDEN AVE","1014",,,,,,,"2","REPORTED, NOT EVIDENT","1","0","0","0","1","1","0","22","7","2","41.8529525701","-87.7200084612","POINT (-87.720008461242 41.852952570147)"
"5e75bb0aa6809dab56a8be0752e2bbf1c980606889f34527ee5134ac7341efdd41d773e3be8954b66a94bf12ca0abc5e5916baffa0cbb55cfadcfce41a4bda28",,"2026-02-21T22:40:00.000","30","NO CONTROLS","NO CONTROLS","SNOW","DARKNESS, LIGHTED ROAD","TURNING","NOT DIVIDED",,"STRAIGHT AND LEVEL","UNKNOWN","UNKNOWN","NOT ON SCENE (DESK REPORT)","NO INJURY / DRIVE AWAY",,,,"OVER $1,500","2026-02-22T14:50:00.000","DRIVING SKILLS/KNOWLEDGE/EXPERIENCE","NOT APPLICABLE","2435","W","COLUMBUS AVE","835",,,,,,,"2","NO INDICATION OF INJURY","0","0","0","0","0","4","0","22","7","2","41.7584341146","-87.6842863173","POINT (-87.684286317286 41.758434114589)"
"a0cdfcafe6494f726c679c72ed8b2ec46b9380e30adc2dd9f97bbb9dc8a379fef01d6c75e27a770019a4f8639abf2f6923e2877cb7a6f8234c4d27b89e9118ed",,"2026-02-21T22:36:00.000","30","NO CONTROLS","NO CONTROLS","SLEET/HAIL","DARKNESS, LIGHTED ROAD","PARKED MOTOR VEHICLE","DIVIDED - W/MEDIAN (NOT RAISED)",,"STRAIGHT AND LEVEL","SNOW OR SLUSH","UNKNOWN","ON SCENE","INJURY AND / OR TOW DUE TO CRASH",,,,"OVER $1,500","2026-02-21T22:37:00.000","WEATHER","WEATHER","6039","N","ELSTON AVE","1611",,,,,,,"2","REPORTED, NOT EVIDENT","1","0","0","0","1","1","0","22","7","2","41.9909793465","-87.779603558","POINT (-87.779603557965 41.990979346508)"
"2f136f28408ca6c1035fa71cb57c4479bbf2da2eef492e8465227b52961e3567da4f865ced8b9920ffc83f76ca3c9be2561f8bf39f2d84f9d20520555d377bcd",,"2026-02-21T22:35:00.000","30","NO CONTROLS","NO CONTROLS","CLEAR","DARKNESS, LIGHTED ROAD","ANGLE","ONE-WAY",,"STRAIGHT AND LEVEL","SNOW OR SLUSH","NO DEFECTS","NOT ON SCENE (DESK REPORT)","NO INJURY / DRIVE AWAY",,,"Y","$501 - $1,500","2026-02-21T23:10:00.000","FAILING TO YIELD RIGHT-OF-WAY","NOT APPLICABLE","6642","S","MAPLEWOOD AVE","832",,,,,,,"3","NO INDICATION OF INJURY","0","0","0","0","0","2","0","22","7","2","41.7724605353","-87.6872707994","POINT (-87.687270799435 41.772460535275)"