"crash_record_id","crash_date_est_i","crash_date","posted_speed_limit","traffic_control_device","device_condition","weather_condition","lighting_condition","first_crash_type","trafficway_type","lane_cnt","alignment","roadway_surface_cond","road_defect","report_type","crash_type","intersection_related_i","private_property_i","hit_and_run_i","damage","date_police_notified","prim_contributory_cause","sec_contributory_cause","street_no","street_direction","street_name","beat_of_occurrence","photos_taken_i","statements_taken_i","dooring_i","work_zone_i","work_zone_type","workers_present_i","num_units","most_severe_injury","injuries_total","injuries_fatal","injuries_incapacitating","injuries_non_incapacitating","injuries_reported_not_evident","injuries_no_indication","injuries_unknown","crash_hour","crash_day_of_week","crash_month","latitude","longitude","location"
"c6c02a0cf32dae9dfaf23f6cf99d151f16b0b2148785e2fe70482f8a135fe3699f8e2d537e19d60adee5f95433c43d1a4ec44a5eec603b75c6eaf58b375fffeb",,"2026-02-21T22:35:00.000","30","TRAFFIC SIGNAL","FUNCTIONING PROPERLY","SNOW","DARKNESS, LIGHTED ROAD","ANGLE","FOUR WAY",,"STRAIGHT AND LEVEL","SNOW OR SLUSH","UNKNOWN","NOT ON SCENE (DESK REPORT)","NO INJURY / DRIVE AWAY","Y",,"Y","$500 OR LESS","2026-02-21T22:55:00.000","UNABLE TO DETERMINE","NOT APPLICABLE","1800","W","ROOSEVELT RD","1231",,,,,,,"2","NO INDICATION OF INJURY","0","0","0","0","0","2","0","22","7","2","41.8669317531","-87.6714711072","POINT (-87.671471107231 41.86693175309)"
"b9554dd63e0ba42f599f48b9659deff68267c9cc79c0ebaf9e02c401a8b4bd87aa7a9feafa4791a5972651f96a84238a319500d7624984e8a3567f88c22529ae",,"2026-02-21T22:33:00.000","30","UNKNOWN","UNKNOWN","SNOW","DARKNESS, LIGHTED ROAD","REAR END","TRAFFIC ROUTE",,"STRAIGHT AND LEVEL","SNOW OR SLUSH","UNKNOWN","NOT ON SCENE (DESK REPORT)","NO INJURY / DRIVE AWAY",,,,"OVER $1,500","2026-02-21T23:50:00.000","WEATHER","NOT APPLICABLE","2336","W","GRAND AVE","1221",,,,,,,"2","NO INDICATION OF INJURY","0","0","0","0","0","2","0","22","7","2","41.8907870234","-87.6856834016","POINT (-87.685683401629 41.89078702342)"
"630bd373e66b1ca09600bccc18ea057fc33e8147332297c38bb8e6810b649aebfc521c2c7e713504f7bcbac1225692869f89e39b469fb0837f92f16353753485",,"2026-02-21T22:30:00.000","30","UNKNOWN","UNKNOWN","SNOW","DARKNESS","REAR END","FOUR WAY",,"STRAIGHT AND LEVEL","SNOW OR SLUSH","UNKNOWN","NOT ON SCENE (DESK REPORT)","NO INJURY / DRIVE AWAY","Y",,,"OVER $1,500","2026-02-28T15:35:00.000","WEATHER","WEATHER","5301","S","HARLEM AVE","811",,,,,,,"2","NO INDICATION OF INJURY","0","0","0","0","0","4","0","22","7","2","41.7956880528","-87.8014596705","POINT (-87.801459670523 41.795688052768)"
"7f84596e920a8ce01851080a2af5707d26ce99daa7b42898491752128695f3ba415db452d26a4dfcfbaf47479496615aafcdfa4ed6bfed25170e54056b380c29",,"2026-02-21T22:30:00.000","10","UNKNOWN","UNKNOWN","SNOW","UNKNOWN","PARKED MOTOR VEHICLE","OTHER",,"STRAIGHT AND LEVEL","SNOW OR SLUSH","UNKNOWN","NOT ON SCENE (DESK REPORT)","NO INJURY / DRIVE AWAY",,,"Y","$501 - $1,500","2026-02-24T10:50:00.000","UNABLE TO DETERMINE","NOT APPLICABLE","7900","S","DAMEN AVE","611",,,,,,,"2","NO INDICATION OF INJURY","0","0","0","0","0","1","0","22","7","2","41.7501823555","-87.6732788568","POINT (-87.673278856776 41.750182355465)"
"8ea325df2b0144610fae3d8c35b4f4d86bb4b26b310ba67833c127d53763374c240d0a9b7b0ea258731c5acbeb773ab4a3cd7cb4b9b8457fcf8279b9f9cf0b99",,"2026-02-21T22:30:00.000","30","TRAFFIC SIGNAL","FUNCTIONING PROPERLY","SNOW","DARKNESS, LIGHTED ROAD","REAR END","NOT DIVIDED",,"STRAIGHT AND LEVEL","WET","UNKNOWN","NOT ON SCENE (DESK REPORT)","NO INJURY / DRIVE AWAY",,,,"OVER $1,500","2026-02-22T00:30:00.000","UNABLE TO DETERMINE","UNABLE TO DETERMINE","340","W","CHICAGO AVE","1823",,,,,,,"2","NO INDICATION OF INJURY","0","0","0","0","0","2","0","22","7","2","41.8966596198","-87.6372478079","POINT (-87.637247807935 41.896659619828)"
"e01e174e30f980fa6ddb3db437e270b480b08f0663722af97360724a03980031a96b5b920e220f1169b8fd263c55f2f981225b9e1d70232a87ff3adc91a1959e",,"2026-02-21T22:30:00.000","30","NO CONTROLS","NO CONTROLS","SNOW","DARKNESS, LIGHTED ROAD","REAR END","OTHER",,"STRAIGHT AND LEVEL","SNOW OR SLUSH","NO DEFECTS","ON SCENE","INJURY AND / OR TOW DUE TO CRASH",,,,"OVER $1,500","2026-02-21T23:55:00.000","FOLLOWING TOO CLOSELY","FAILING TO REDUCE SPEED TO AVOID CRASH","5893","S","ARCHER AVE","811",,,,,,,"2","NONINCAPACITATING INJURY","3","0","0","3","0","1","0","22","7","2","41.7955722492","-87.7625162943","POINT (-87.762516294322 41.795572249211)"
"d328dcbcd39cf1dbce526e9dc9db0c262814bbacc109405e922d6ac70cfc12d6bcb9e839d3267fbb7b7f3ccece0e191fcfb7e6b099888db6becb9b75133823c1",,"2026-02-21T22:22:00.000","10","NO CONTROLS","NO CONTROLS","SNOW","DARKNESS, LIGHTED ROAD","PARKED MOTOR VEHICLE","ONE-WAY",,"STRAIGHT AND LEVEL","SNOW OR SLUSH","NO DEFECTS","NOT ON SCENE (DESK REPORT)","NO INJURY / DRIVE AWAY",,,"Y","OVER $1,500","2026-02-21T22:35:00.000","UNABLE TO DETERMINE","NOT APPLICABLE","6555","S","TALMAN AVE","831",,,,,,,"2","NO INDICATION OF INJURY","0","0","0","0","0","1","0","22","7","2","41.7738849459","-87.6894559101","POINT (-87.689455910116 41.77388494592)"
"2274d7ed3df87415cb8b4f23a7c8ed4552046447f8482c321270fb5ae9d4a442546c96213c37ccc8bfa7f8f7a9d8386ab351b23d37bc87eef153d733061a2496",,"2026-02-21T22:20:00.000","25","STOP SIGN/FLASHER","FUNCTIONING PROPERLY","SNOW","DARKNESS, LIGHTED ROAD","FIXED OBJECT","NOT DIVIDED",,"STRAIGHT AND LEVEL","SNOW OR SLUSH","UNKNOWN","ON SCENE","INJURY AND / OR TOW DUE TO CRASH","Y",,,"OVER $1,500","2026-02-21T23:20:00.000","UNABLE TO DETERMINE","UNABLE TO DETERMINE","628","W","WILLOW ST","1813",,,,,,,"1","NO INDICATION OF INJURY","0","0","0","0","0","1","0","22","7","2","41.9139918146","-87.644725273","POINT (-87.644725272959 41.913991814578)"
"e78115205b23c74bf897762bf47a2466aed0ad9d180e987f9a9ee9449686c66c40380b60eb37d1b622b690a6f9fae44777ad58baf5f567a353a21cdc38b599b5",,"2026-02-21T22:20:00.000","30","NO CONTROLS","NO CONTROLS","SNOW","DARKNESS, LIGHTED ROAD","PARKED MOTOR VEHICLE","DIVIDED - W/MEDIAN (NOT RAISED)",,"STRAIGHT AND LEVEL","SNOW OR SLUSH","UNKNOWN",,"NO INJURY / DRIVE AWAY",,,,"$501 - $1,500","2026-02-21T23:00:00.000","WEATHER","NOT APPLICABLE","314","E","43RD ST","213","Y","Y",,,,,"2","NO INDICATION OF INJURY","0","0","0","0","0","1","0","22","7","2","41.8167071656","-87.6191163877","POINT (-87.619116387707 41.816707165586)"
"2a587245a9f5e3b2f4b6cc226e02671e9e10180a59072829226b3bda10608aa8bb11720558919ba5fa587d9c91d1547ecbef402dba1905fc9579984b7fd71f4a",,"2026-02-21T22:15:00.000","30","NO CONTROLS","NO CONTROLS","SNOW","DARKNESS, LIGHTED ROAD","REAR END","T-INTERSECTION",,"STRAIGHT AND LEVEL","SNOW OR SLUSH","UNKNOWN","NOT ON SCENE (DESK REPORT)","INJURY AND / OR TOW DUE TO CRASH","Y",,,"OVER $1,500","2026-02-21T23:00:00.000","WEATHER","NOT APPLICABLE","1005","W","47TH ST","933",,,,,,,"2","REPORTED, NOT EVIDENT","1","0","0","0","1","2","0","22","7","2","41.8086821536","-87.6506655943","POINT (-87.650665594292 41.808682153587)"
"c17910ebc17b527166ac33dfdafc8bc2d72f7d148c890c1900446091147a91bba0145cbcfad8692dbf147b9645c225ff922d2e1c0f3fd7e13c89679370378d6f",,"2026-02-21T22:15:00.000","30","TRAFFIC SIGNAL","FUNCTIONING PROPERLY","SNOW","DARKNESS, LIGHTED ROAD","REAR END","NOT DIVIDED",,"STRAIGHT AND LEVEL","WET","UNKNOWN","NOT ON SCENE (DESK REPORT)","NO INJURY / DRIVE AWAY",,,,"$500 OR LESS","2026-02-21T23:10:00.000","UNABLE TO DETERMINE","NOT APPLICABLE","6101","S","COTTAGE GROVE AVE","313",,,,,,,"2","NO INDICATION OF INJURY","0","0","0","0","0","4","0","22","7","2","41.7839683806","-87.6058605227","POINT (-87.60586052274 41.78396838058)"
"7f9070e9810903c06d9eef43c3959d570e3d5db93801fbeaf093d5dd5612b4ec7c138d1319aa8992979371825d876468a2bcbd75477c8e4a7d300addd43e1a72",,"2026-02-21T22:11:00.000","30","NO CONTROLS","NO CONTROLS","CLEAR","DARKNESS, LIGHTED ROAD","PARKED MOTOR VEHICLE","DIVIDED - W/MEDIAN (NOT RAISED)",,"STRAIGHT AND LEVEL","SNOW OR SLUSH","NO DEFECTS","NOT ON SCENE (DESK REPORT)","NO INJURY / DRIVE AWAY",,,,"OVER $1,500","2026-02-21T23:20:00.000","WEATHER","NOT APPLICABLE","2044","N","NARRAGANSETT AVE","2512",,,,,,,"3","NO INDICATION OF INJURY","0","0","0","0","0","1","0","22","7","2","41.9178003892","-87.7854125058","POINT (-87.785412505828 41.917800389215)"
"3ec0743218e3e5b26b235337e875f985bfb11cb3b41f9ef5f02a2b2ff3ae80f6361d4faa4c61137e12921e545b13b5d0e55c8e2f484d752575005327cc5ecc0b",,"2026-02-21T22:10:00.000","30","NO CONTROLS","NO CONTROLS","SNOW","DARKNESS, LIGHTED ROAD","SIDESWIPE OPPOSITE DIRECTION","NOT DIVIDED",,"STRAIGHT AND LEVEL","SNOW OR SLUSH","UNKNOWN","NOT ON SCENE (DESK REPORT)","NO INJURY / DRIVE AWAY",,,"Y","OVER $1,500","2026-02-21T22:30:00.000","UNABLE TO DETERMINE","UNABLE TO DETERMINE","9937","S","WENTWORTH AVE","511",,,,,,,"2","NO INDICATION OF INJURY","0","0","0","0","0","2","0","22","7","2","41.7131886328","-87.6283163039","POINT (-87.628316303921 41.713188632804)"
"7d1d320ccbd629249050634c45adbb8fa0f353291c3b42b35ee7a029bdff8945d4d18261304e5b9c1db2f9ff3ea168f2507bc52b2639ead9248cf4430dc1b6ef",,"2026-02-21T22:10:00.000","30","NO CONTROLS","NO CONTROLS","SNOW","DARKNESS, LIGHTED ROAD","REAR END","ONE-WAY",,"STRAIGHT AND LEVEL","SNOW OR SLUSH","UNKNOWN","NOT ON SCENE (DESK REPORT)","NO INJURY / DRIVE AWAY",,,"Y","OVER $1,500","2026-02-21T22:45:00.000","UNABLE TO DETERMINE","UNABLE TO DETERMINE","9","W","WASHINGTON ST","112",,,,,,,"2","NO INDICATION OF INJURY","0","0","0","0","0","2","0","22","7","2","41.8831088274","-87.6282445242","POINT (-87.628244524231 41.88310882738)"
"edfcd6baeb907c8dd9dc62c122b4b4af940268deb56134a564856de9c1ebfaae190a8afb0070aef5c6b951e4d77f944140b51a155c4470a38eb332d8ea29c428",,"2026-02-21T22:10:00.000","30","NO CONTROLS","NO CONTROLS","SNOW","DARKNESS, LIGHTED ROAD","HEAD ON","DIVIDED - W/MEDIAN (NOT RAISED)",,"STRAIGHT AND LEVEL","SNOW OR SLUSH","UNKNOWN","ON SCENE","INJURY AND / OR TOW DUE TO CRASH",,,"Y","OVER $1,500","2026-02-21T22:14:00.000","IMPROPER LANE USAGE","DRIVING ON WRONG SIDE/WRONG WAY","2809","W","44TH ST","922",,,,,,,"5","NO INDICATION OF INJURY","0","0","0","0","0","3","0","22","7","2","41.8136116286","-87.694797316","POINT (-87.694797316027 41.813611628612)"
"e7e82dd3f019f1625f3ae6d4e86973cabf02878d5c7a83fcf02eba842f469b679ad8ae4956455aba258c07381d03fd55eb36bf7b4ce379d0ec3b6b18efeadf6e",,"2026-02-21T22:07:00.000","25","NO CONTROLS","NO CONTROLS","SNOW","DARKNESS","PARKED MOTOR VEHICLE","NOT DIVIDED",,"STRAIGHT AND LEVEL","SNOW OR SLUSH","NO DEFECTS","ON SCENE","NO INJURY / DRIVE AWAY",,,"Y","OVER $1,500","2026-02-21T23:09:00.000","UNABLE TO DETERMINE","UNABLE TO DETERMINE","2505","N","LONG AVE","2515",,,,,,,"2","NO INDICATION OF INJURY","0","0","0","0","0","1","0","22","7","2","41.9260453651","-87.7609918843","POINT (-87.760991884286 41.926045365073)"
"46a04d3a4fa7695bf5b64b657f1564260b9bb0b2bbdcefd575ca28476d52426a295b40ef7ad55ed4db8aaaf9cbca58a988a0a6d0970d4da9b95b1c822590a111",,"2026-02-21T22:00:00.000","30","NO CONTROLS","NO CONTROLS","UNKNOWN","DARKNESS, LIGHTED ROAD","PARKED MOTOR VEHICLE","NOT DIVIDED",,"STRAIGHT AND LEVEL","UNKNOWN","UNKNOWN","NOT ON SCENE (DESK REPORT)","NO INJURY / DRIVE AWAY",,,,"OVER $1,500","2026-02-23T13:15:00.000","UNABLE TO DETERMINE","NOT APPLICABLE","2821","N","LOCKWOOD AVE","2514",,,,,,,"2","NO INDICATION OF INJURY","0","0","0","0","0","1","0","22","7","2","41.9320070736","-87.7587353366","POINT (-87.758735336635 41.932007073589)"
"4958cecd47399e5d7d7869c6ea7d0e48d0ad6a16d1554a194fc5e29239e5e65a44a68bbe0aef635a2ef860965234fd224fa2cf93a79fdab672a99598abb3b029",,"2026-02-21T22:00:00.000","35","TRAFFIC SIGNAL","NO CONTROLS","CLEAR","DARKNESS, LIGHTED ROAD","REAR END","DIVIDED - W/MEDIAN (NOT RAISED)",,"STRAIGHT AND LEVEL","DRY","NO DEFECTS","NOT ON SCENE (DESK REPORT)","NO INJURY / DRIVE AWAY",,,,"OVER $1,500","2026-02-24T14:10:00.000","UNABLE TO DETERMINE","UNABLE TO DETERMINE","7900","S","LA SALLE ST","623",,,,,,,"2","NO INDICATION OF INJURY","0","0","0","0","0","2","0","22","7","2","41.7507933124","-87.6283893829","POINT (-87.628389382906 41.750793312355)"
"692a82090c3076a3b9b5ab24b32e37050b4fc2f08bdcfc2338f34fd5ba64af3e5c90bed70bd8951b1aa71d0ee71e2189e95943f8feaece71fb251ec63e3fb2b5",,"2026-02-21T22:00:00.000","30","NO CONTROLS","NO CONTROLS","UNKNOWN","DARKNESS","REAR END","NOT DIVIDED",,"STRAIGHT AND LEVEL","UNKNOWN","UNKNOWN","NOT ON SCENE (DESK REPORT)","NO INJURY / DRIVE AWAY",,,"Y","$501 - $1,500","2026-03-02T16:25:00.000","UNABLE TO DETERMINE","UNABLE TO DETERMINE","2863","E","95TH ST","431",,,,,,,"2","NO INDICATION OF INJURY","0","0","0","0","0","2","0","22","7","2","41.722619985","-87.5540780019","POINT (-87.554078001896 41.722619985024)"
"b0bbaa65c33e16016df526d10ea1d9c10226a398169407ea698c0b871704de6b55711d890a4ead555f6e7bdb33dac0da129b2bb79ea0e52d01795718e6a19841",,"2026-02-21T22:00:00.000","30","TRAFFIC SIGNAL","FUNCTIONING IMPROPERLY","SNOW","DARKNESS, LIGHTED ROAD","REAR END","NOT DIVIDED",,"STRAIGHT AND LEVEL","SNOW OR SLUSH","UNKNOWN","NOT ON SCENE (DESK REPORT)","NO INJURY / DRIVE AWAY","Y",,,"OVER $1,500","2026-02-21T22:10:00.000","UNABLE TO DETERMINE","UNABLE TO DETERMINE","1158","S","CENTRAL AVE","1513",,,,,,,"2","NO INDICATION OF INJURY","0","0","0","0","0","2","0","22","7","2","41.8656262434","-87.7644577758","POINT (-87.764457775815 41.865626243358)"
"eedcea3353b5ef51459db112ebe1fa144bb4a96298d0158e3c67e9e6f2a93239645af5971f024025238126ba0107ee3053bee46a962c31ca3273fcf1daae11ab",,"2026-02-21T22:00:00.000","30","NO CONTROLS","NO CONTROLS","SNOW","DARKNESS, LIGHTED ROAD","SIDESWIPE SAME DIRECTION","NOT DIVIDED",,"STRAIGHT AND LEVEL","SNOW OR SLUSH","NO DEFECTS","ON SCENE","NO INJURY / DRIVE AWAY",,,,"$501 - $1,500","2026-02-21T22:08:00.000","FAILING TO YIELD RIGHT-OF-WAY","DRIVING SKILLS/KNOWLEDGE/EXPERIENCE","5401","S","MENARD AVE","811",,,,,,,"2","NO INDICATION OF INJURY","0","0","0","0","0","2","0","22","7","2","41.7948997015","-87.767105891","POINT (-87.76710589095 41.794899701531)"
"f821ca7b4dbc1d4c2902140b8f961742ec9fc9becc15c2c266e680d3014d5fbabde34fe0308576968f60a7d6844851b0437374e5a18ed18d688f10f64fc5bea3",,"2026-02-21T22:00:00.000","30","NO CONTROLS","NO CONTROLS","SNOW","DARKNESS, LIGHTED ROAD","PARKED MOTOR VEHICLE","ONE-WAY",,"STRAIGHT AND LEVEL","SNOW OR SLUSH","UNKNOWN","NOT ON SCENE (DESK REPORT)","NO INJURY / DRIVE AWAY",,,"Y","$501 - $1,500","2026-02-21T22:26:00.000","UNABLE TO DETERMINE","NOT APPLICABLE","6114","W","BERENICE AVE","1633",,,,,,,"2","NO INDICATION OF INJURY","0","0","0","0","0","1","0","22","7","2","41.9503812899","-87.7797740812","POINT (-87.779774081167 41.95038128987)"
"30afeb7fe1187c2ddb313023739c23fc458295843c4803c4afb5385e166c6f864c58ac69e6698603f898deed2d75acb3b229a949d43591a7b4b530b46e32c259",,"2026-02-21T21:53:00.000","30","NO CONTROLS","NO CONTROLS","SNOW","DARKNESS, LIGHTED ROAD","SIDESWIPE SAME DIRECTION","RAMP",,"STRAIGHT AND LEVEL","SNOW OR SLUSH","NO DEFECTS","NOT ON SCENE (DESK REPORT)","NO INJURY / DRIVE AWAY",,,"Y","OVER $1,500","2026-02-22T20:41:00.000","NOT APPLICABLE","NOT APPLICABLE","2601","S","WENTWORTH AVE","914",,,,,,,"2","NO INDICATION OF INJURY","0","0","0","0","0","4","0","21","7","2","41.8454970322","-87.6316768457","POINT (-87.631676845741 41.845497032193)"
"8eed609642be828220da111b17386aefb589d2d81ab7df358e3eb7d679a7601b930f999abfd324b15b834f2d63e8c4db9f34804e9d2e6371d17f5b42ed6532f1",,"2026-02-21T21:49:00.000","30","NO CONTROLS","NO CONTROLS","SNOW","DARKNESS, LIGHTED ROAD","HEAD ON","FOUR WAY",,"STRAIGHT AND LEVEL","SNOW OR SLUSH","UNKNOWN","ON SCENE","INJURY AND / OR TOW DUE TO CRASH",,,"Y","OVER $1,500","2026-02-21T22:00:00.000","IMPROPER OVERTAKING/PASSING","UNABLE TO DETERMINE","1800","S","CALIFORNIA AVE","1022",,,,,,,"2","NONINCAPACITATING INJURY","2","0","0","2","0","1","0","21","7","2","41.8572939273","-87.6957779007","POINT (-87.695777900696 41.857293927324)"
"14acd62d8d7c2fdb109de4d7ed7973b354a1f475b226d1cddd79565c05a18c1f6efc7ec75a4cb30e2ddacf883c055ec5ed99808ed395eed777a38ce0bc4ffccb",,"2026-02-21T21:45:00.000","30","NO CONTROLS","NO CONTROLS","SNOW","DARKNESS, LIGHTED ROAD","FIXED OBJECT","DIVIDED - W/MEDIAN BARRIER",,"STRAIGHT AND LEVEL","SNOW OR SLUSH","NO DEFECTS","ON SCENE","INJURY AND / OR TOW DUE TO CRASH",,,,"OVER $1,500","2026-02-21T21:49:00.000","WEATHER","UNABLE TO DETERMINE","5577","N","CICERO AVE","1712",,,,,,,"1","NO INDICATION OF INJURY","0","0","0","0","0","1","0","21","7","2","41.982614777","-87.7480737552","POINT (-87.748073755215 41.982614776997)"
"aa940d0e533280744a100c4c796a9a944bad908c960b975e8b1cfaa2bc1cda0501c2ff13c4f831a8998cf9870e9377c711da8a889afc985e7440a8e7a521aba6",,"2026-02-21T21:38:00.000","30","TRAFFIC SIGNAL","FUNCTIONING PROPERLY","SNOW","DARKNESS, LIGHTED ROAD","TURNING","FOUR WAY",,"STRAIGHT AND LEVEL","SNOW OR SLUSH","NO DEFECTS","NOT ON SCENE (DESK REPORT)","NO INJURY / DRIVE AWAY","Y",,,"$500 OR LESS","2026-02-21T22:38:00.000","WEATHER","WEATHER","5100","S","COTTAGE GROVE AVE","233",,,,,,,"2","NO INDICATION OF INJURY","0","0","0","0","0","2","0","21","7","2","41.8022206334","-87.60655293","POINT (-87.606552929969 41.802220633425)"
"eae958853e882a2d2b682a3f180da78779f05fa85ec4b3b93d341f3e5a006720615550b216344188cfc62ee0b1b85f3237c308743b1c3fb52b4ce8681413b215","Y","2026-02-21T21:37:00.000","30","STOP SIGN/FLASHER","FUNCTIONING PROPERLY","SLEET/HAIL","DARKNESS, LIGHTED ROAD","TURNING","ONE-WAY",,"STRAIGHT AND LEVEL","SNOW OR SLUSH","UNKNOWN","ON SCENE","NO INJURY / DRIVE AWAY","Y",,,"OVER $1,500","2026-02-21T22:04:00.000","UNABLE TO DETERMINE","UNABLE TO DETERMINE","1027","W","WASHINGTON BLVD","1224",,,,,,,"2","NO INDICATION OF INJURY","0","0","0","0","0","4","0","21","7","2","41.8829338578","-87.6531733398","POINT (-87.653173339781 41.882933857794)"
"039ae1e45fe19bca0dd68771c8deda3a1c2b2001a61fc755a3cd7c22e3493f4ab253c936b23c27b31f383e5f4ad54cd227501eae3e5b68a5a144276eb847e89f",,"2026-02-21T21:34:00.000","35","TRAFFIC SIGNAL","FUNCTIONING PROPERLY","SNOW","DARKNESS, LIGHTED ROAD","TURNING","FOUR WAY",,"STRAIGHT AND LEVEL","SNOW OR SLUSH","NO DEFECTS","ON SCENE","NO INJURY / DRIVE AWAY","Y",,,"OVER $1,500","2026-02-21T21:35:00.000","WEATHER","DRIVING SKILLS/KNOWLEDGE/EXPERIENCE","801","E","PERSHING RD","214","Y","Y",,,,,"2","NO INDICATION OF INJURY","0","0","0","0","0","3","0","21","7","2","41.8238804827","-87.6067533271","POINT (-87.606753327099 41.823880482672)"
"3782f5947d3a4f7d4eddc7c5868f7415c6799a55584c9b59a886d776852387af10b947ab3f4c08bd46415cd95cf070d4a46184d2d58c6cc4e61e97066060c2ac",,"2026-02-21T21:30:00.000","25","NO CONTROLS","NO CONTROLS","BLOWING SNOW","DARKNESS, LIGHTED ROAD","PARKED MOTOR VEHICLE","NOT DIVIDED",,"STRAIGHT AND LEVEL","SNOW OR SLUSH","UNKNOWN","NOT ON SCENE (DESK REPORT)","NO INJURY / DRIVE AWAY",,,,"OVER $1,500","2026-02-22T11:30:00.000","WEATHER","NOT APPLICABLE","518","E","47TH ST","221",,,,,,,"2","NO INDICATION OF INJURY","0","0","0","0","0","1","0","21","7","2","41.8095452204","-87.6131125819","POINT (-87.6131125819 41.809545220411)"
"9b6bd1addf66c249b0e27733ee0bc9a7c76ef9d54822c7690b463a84f60e96d152201217c7b4e546d257cc72e302bbd867aa178da2c7df9b76826be7da1148b6",,"2026-02-21T21:30:00.000","30","NO CONTROLS","NO CONTROLS","CLEAR","DARKNESS","PARKED MOTOR VEHICLE","ONE-WAY",,"STRAIGHT AND LEVEL","DRY","NO DEFECTS","NOT ON SCENE (DESK REPORT)","INJURY AND / OR TOW DUE TO CRASH",,,"Y","OVER $1,500","2026-02-22T11:46:00.000","UNABLE TO DETERMINE","FAILING TO YIELD RIGHT-OF-WAY","3120","W","62ND ST","823",,,,,,,"2","NO INDICATION OF INJURY","0","0","0","0","0","1","0","21","7","2","41.7809200468","-87.7017294081","POINT (-87.701729408139 41.780920046777)"
"9fa7e24d71e8c5f572a65ffd25a5f08447fc5204809137a8950d03d25eba9fc5079d091f75e561737620d8837c6ffe307d0c9b40db38626c677d0ac495825559","Y","2026-02-21T21:30:00.000","30","NO CONTROLS","NO CONTROLS","SNOW","DARKNESS, LIGHTED ROAD","SIDESWIPE SAME DIRECTION","DIVIDED - W/MEDIAN (NOT RAISED)",,"STRAIGHT AND LEVEL","SNOW OR SLUSH","UNKNOWN","NOT ON SCENE (DESK REPORT)","NO INJURY / DRIVE AWAY",,,,"OVER $1,500","2026-02-21T22:00:00.000","UNABLE TO DETERMINE","NOT APPLICABLE","6939","N","CALIFORNIA AVE","2411",,,,,,,"2","NO INDICATION OF INJURY","0","0","0","0","0","2","0","21","7","2","42.0077895363","-87.6996372238","POINT (-87.699637223805 42.007789536341)"
"e71da7bd5392b97190d6fc53b4e5fcf0d3ec5fc8ecd0654358d3e29cd4c4dee8cced6ea135f78c92c4fe2792e376cd16aff201523f05c474bf313d2749d231e8",,"2026-02-21T21:19:00.000","30","TRAFFIC SIGNAL","NOT FUNCTIONING","SNOW","DARKNESS, LIGHTED ROAD","TURNING","NOT DIVIDED",,"STRAIGHT AND LEVEL","WET","UNKNOWN","NOT ON SCENE (DESK REPORT)","NO INJURY / DRIVE AWAY",,,"Y","OVER $1,500","2026-02-21T22:00:00.000","UNABLE TO DETERMINE","UNABLE TO DETERMINE","4801","N","KEDZIE AVE","1713",,,,,,,"2","NO INDICATION OF INJURY","0","0","0","0","0","2","0","21","7","2","41.9685462289","-87.7083281083","POINT (-87.708328108293 41.968546228935)"
"437163633b6e83ecae65b79c1b96943cfae1318fd444da2a33dbc7242155ff872f028bb8f597443b92b312654db77d9060faea8b406661a251466f5cc7d6382d",,"2026-02-21T21:18:00.000","30","NO CONTROLS","NO CONTROLS","SNOW","DARKNESS, LIGHTED ROAD","PEDALCYCLIST","DIVIDED - W/MEDIAN (NOT RAISED)",,"STRAIGHT AND LEVEL","WET","UNKNOWN","NOT ON SCENE (DESK REPORT)","NO INJURY / DRIVE AWAY",,,,"OVER $1,500","2026-02-21T23:50:00.000","DRIVING SKILLS/KNOWLEDGE/EXPERIENCE","UNABLE TO DETERMINE","1650","W","DIVISION ST","1424",,,,,,,"2","NO INDICATION OF INJURY","0","0","0","0","0","2","0","21","7","2","41.9034232437","-87.6694734157","POINT (-87.669473415696 41.903423243723)"
"492da8c7860482bff430414c183cf44867dfb8eba636a794fc9588c452a55f13ab4eb724fca2775638bce2a03e7744daa928ed7d6a877c712c731467425fbe09","Y","2026-02-21T21:15:00.000","30","NO CONTROLS","NO CONTROLS","UNKNOWN","UNKNOWN","PARKED MOTOR VEHICLE","ONE-WAY",,"STRAIGHT AND LEVEL","UNKNOWN","UNKNOWN","NOT ON SCENE (DESK REPORT)","NO INJURY / DRIVE AWAY",,,"Y","$501 - $1,500","2026-02-23T13:10:00.000","UNABLE TO DETERMINE","NOT APPLICABLE","3906","W","15TH ST","1011",,,,,,,"2","NO INDICATION OF INJURY","0","0","0","0","0","1","0","21","7","2","41.8608257713","-87.7229147508","POINT (-87.722914750774 41.860825771313)"
"4bcad7f5697d41ffd07c5f34eca416938ab403ec6e4e2fa64aeaa42f6a92c1eafaaabc3434a6978f457ad454190fff98866c8c84c5aa719bece0e98f6002a872",,"2026-02-21T21:15:00.000","25","NO CONTROLS","NO CONTROLS","SNOW","DARKNESS, LIGHTED ROAD","FIXED OBJECT","RAMP",,"STRAIGHT AND LEVEL","SNOW OR SLUSH","NO DEFECTS","ON SCENE","INJURY AND / OR TOW DUE TO CRASH",,,,"OVER $1,500","2026-02-21T21:20:00.000","WEATHER","NOT APPLICABLE","507","S","CANAL ST","124",,,,,,,"2","NO INDICATION OF INJURY","0","0","0","0","0","3","0","21","7","2","41.8753029574","-87.6394722218","POINT (-87.639472221829 41.875302957389)"