"crash_record_id","crash_date_est_i","crash_date","posted_speed_limit","traffic_control_device","device_condition","weather_condition","lighting_condition","first_crash_type","trafficway_type","lane_cnt","alignment","roadway_surface_cond","road_defect","report_type","crash_type","intersection_related_i","private_property_i","hit_and_run_i","damage","date_police_notified","prim_contributory_cause","sec_contributory_cause","street_no","street_direction","street_name","beat_of_occurrence","photos_taken_i","statements_taken_i","dooring_i","work_zone_i","work_zone_type","workers_present_i","num_units","most_severe_injury","injuries_total","injuries_fatal","injuries_incapacitating","injuries_non_incapacitating","injuries_reported_not_evident","injuries_no_indication","injuries_unknown","crash_hour","crash_day_of_week","crash_month","latitude","longitude","location"
"d6d97677460a6d0fcefa0a74b9a541aa74007891e8ed7a98b01d5b80c9080f9b2e72407517a6f2bd95c5246ce62bf3f2043ea3edb504ba3a3398c12cdb015cc1",,"2026-02-21T21:15:00.000","30","NO CONTROLS","NO CONTROLS","CLEAR","DARKNESS, LIGHTED ROAD","REAR END","DIVIDED - W/MEDIAN (NOT RAISED)",,"STRAIGHT AND LEVEL","SNOW OR SLUSH","NO DEFECTS","NOT ON SCENE (DESK REPORT)","NO INJURY / DRIVE AWAY",,,"Y","OVER $1,500","2026-02-22T01:30:00.000","FOLLOWING TOO CLOSELY","NOT APPLICABLE","6714","W","GRAND AVE","2512",,,,,,,"2","NO INDICATION OF INJURY","0","0","0","0","0","2","0","21","7","2","41.9237227677","-87.7934301871","POINT (-87.793430187124 41.923722767651)"
"98626856dc26f430f1b745a5a35936b60860c1527d0af6937682946ed4726eafef82a683263f9f6dfa8515a73b9fe87feca128bf6cb6a95cac3ce8478960434a","Y","2026-02-21T21:13:00.000","20","OTHER","OTHER","SNOW","DARKNESS, LIGHTED ROAD","FIXED OBJECT","FOUR WAY",,"STRAIGHT AND LEVEL","SNOW OR SLUSH","NO DEFECTS","ON SCENE","INJURY AND / OR TOW DUE TO CRASH",,,,"OVER $1,500","2026-02-21T21:39:00.000","EQUIPMENT - VEHICLE CONDITION","WEATHER","1602","E","75TH ST","324",,,,,,,"1","NO INDICATION OF INJURY","0","0","0","0","0","3","0","21","7","2","41.758878363","-87.5856027849","POINT (-87.58560278491 41.758878363028)"
"8c0a15f1b3becacb6495ffcd46d339d56cac6a34258ae0476c7585218b97143ad9d95ff150271f348f0cc0201645f6eb03f68a7d978908fe18a2098630981d9e",,"2026-02-21T21:07:00.000","45","NO CONTROLS","NO CONTROLS","SNOW","DARKNESS, LIGHTED ROAD","REAR END","OTHER",,"STRAIGHT AND LEVEL","SNOW OR SLUSH","NO DEFECTS","NOT ON SCENE (DESK REPORT)","INJURY AND / OR TOW DUE TO CRASH",,,,"OVER $1,500","2026-02-21T21:07:00.000","FAILING TO REDUCE SPEED TO AVOID CRASH","WEATHER","3100","S","LAKE SHORE DR SB","211",,"Y",,,,,"2","INCAPACITATING INJURY","4","0","2","2","0","0","0","21","7","2","41.8383932992","-87.6087495204","POINT (-87.608749520406 41.838393299151)"
"b065aeebc569bd53fdf549ec7338330e2abe8bf79fd07c7ec683d4a9f774c913cd01f0cbf8297f0f3e50094b3af924f3add27c4393173b5cc63c9d43f12a9844",,"2026-02-21T21:03:00.000","20","NO CONTROLS","NO CONTROLS","SNOW","DARKNESS, LIGHTED ROAD","FIXED OBJECT","NOT DIVIDED",,"STRAIGHT AND LEVEL","SNOW OR SLUSH","NO DEFECTS","ON SCENE","INJURY AND / OR TOW DUE TO CRASH",,,,"OVER $1,500","2026-02-21T21:18:00.000","UNABLE TO DETERMINE","NOT APPLICABLE","733","W","117TH PL","524",,,,,,,"1","NO INDICATION OF INJURY","0","0","0","0","0","1","0","21","7","2","41.6806515666","-87.6408989029","POINT (-87.640898902851 41.680651566571)"
"acd6c7e8305e4d212988fa84f517fdba477781c2aeb0bcfe88a764f91314aa48f2f61bda5438e37773f2f2e97b280a4b4b2207c842f7033055808bb6a160f9c7",,"2026-02-21T21:02:00.000","30","STOP SIGN/FLASHER","FUNCTIONING PROPERLY","SNOW","DARKNESS, LIGHTED ROAD","ANGLE","NOT DIVIDED",,"STRAIGHT AND LEVEL","SNOW OR SLUSH","NO DEFECTS","ON SCENE","INJURY AND / OR TOW DUE TO CRASH","Y",,,"OVER $1,500","2026-02-21T21:07:00.000","UNABLE TO DETERMINE","UNABLE TO DETERMINE","2300","S","STATE ST","131",,,,,,,"2","NO INDICATION OF INJURY","0","0","0","0","0","3","0","21","7","2","41.8509725795","-87.6271887168","POINT (-87.627188716763 41.850972579463)"
"0da612e3b8c148cf0fe783ec6c30d3419e2783da40570c4cd5adfd51cfd9b273045539c0b84fde4f315312662ae2237a02433b25c45343122455cbb49cd3af86",,"2026-02-21T21:00:00.000","30","TRAFFIC SIGNAL","FUNCTIONING PROPERLY","CLEAR","DARKNESS, LIGHTED ROAD","REAR END","DIVIDED - W/MEDIAN (NOT RAISED)",,"STRAIGHT AND LEVEL","DRY","UNKNOWN","NOT ON SCENE (DESK REPORT)","NO INJURY / DRIVE AWAY",,,,"$500 OR LESS","2026-02-25T09:30:00.000","FOLLOWING TOO CLOSELY","UNABLE TO DETERMINE","6402","N","CALDWELL AVE","1621",,,,,,,"2","NO INDICATION OF INJURY","0","0","0","0","0","2","0","21","7","2","41.9972639738","-87.7668855727","POINT (-87.766885572712 41.997263973827)"
"265e8eb153b0f5f60b7714114edca131b918c45bb925235a7cbea229ee48d3dcac4a41b29265dc4bb4f0620f883dfcd24c14f81f4bd220d926e69fc3aa41e782","Y","2026-02-21T21:00:00.000","30","NO CONTROLS","NO CONTROLS","CLEAR","DARKNESS","PARKED MOTOR VEHICLE","UNKNOWN",,"STRAIGHT AND LEVEL","DRY","NO DEFECTS","ON SCENE","NO INJURY / DRIVE AWAY",,,"Y","OVER $1,500","2026-02-22T15:20:00.000","NOT APPLICABLE","NOT APPLICABLE","455","W","37TH ST","915",,,,,,,"2","NO INDICATION OF INJURY","0","0","0","0","0","1","0","21","7","2","41.8270904895","-87.638538741","POINT (-87.638538740959 41.827090489543)"
"9c2d4bb56caab085466e3a28fe140200503df3cb04ee92906a3c19033d069add437e7abc051287df8fffd55afb75e780faef3d072de7a835c5562ee868570b6f",,"2026-02-21T21:00:00.000","30","TRAFFIC SIGNAL","FUNCTIONING IMPROPERLY","SNOW","DARKNESS, LIGHTED ROAD","REAR END","OTHER",,"STRAIGHT AND LEVEL","SNOW OR SLUSH","NO DEFECTS","NOT ON SCENE (DESK REPORT)","NO INJURY / DRIVE AWAY",,,"Y","$501 - $1,500","2026-02-21T21:44:00.000","IMPROPER OVERTAKING/PASSING","IMPROPER OVERTAKING/PASSING","500","S","KOSTNER AVE","1131",,,,,,,"2","NO INDICATION OF INJURY","0","0","0","0","0","2","0","21","7","2","41.8742110549","-87.7353870892","POINT (-87.735387089165 41.874211054858)"
"ce0e754eea38a523d1b0c8a99f31f22388352b702c347713d8459959a4b9b5e61d04407dc220ccafc8f3e31286c7753a733824c50b274781e8ae91157456b287",,"2026-02-21T21:00:00.000","30","STOP SIGN/FLASHER","FUNCTIONING PROPERLY","SNOW","DARKNESS, LIGHTED ROAD","REAR END","DIVIDED - W/MEDIAN (NOT RAISED)",,"STRAIGHT AND LEVEL","WET","UNKNOWN","ON SCENE","NO INJURY / DRIVE AWAY",,,,"OVER $1,500","2026-02-21T21:09:00.000","WEATHER","NOT APPLICABLE","2700","W","TOUHY AVE","2411",,,,,,,"2","NO INDICATION OF INJURY","0","0","0","0","0","3","0","21","7","2","42.0122295423","-87.6974749859","POINT (-87.697474985947 42.012229542311)"
"ea2eda52cdf40a747deae57ba095ae7bbc0fa055f57e1be77fb0f345ba4e4286d5562259ae949542380a102de93f26c4dff21e75bcb8c4a282f7b8f5ea1cbe6b",,"2026-02-21T21:00:00.000","30","STOP SIGN/FLASHER","FUNCTIONING PROPERLY","SNOW","DARKNESS, LIGHTED ROAD","PARKED MOTOR VEHICLE","ONE-WAY",,"STRAIGHT AND LEVEL","SNOW OR SLUSH","UNKNOWN","ON SCENE","NO INJURY / DRIVE AWAY","Y",,,"OVER $1,500","2026-02-21T21:04:00.000","DRIVING SKILLS/KNOWLEDGE/EXPERIENCE","UNABLE TO DETERMINE","5854","W","GRACE ST","1633",,,,,,,"2","NO INDICATION OF INJURY","0","0","0","0","0","1","0","21","7","2","41.9495544938","-87.7739320116","POINT (-87.7739320116 41.949554493781)"
"679f896fb716a8c5d76c6f697849a73ccca9cb1520e5e7fe6077c95bc43b1ed78b4fde24be253ffd85f98b76b6a86d606d51ca1fe4c1cbd11f13e6d6531135ca",,"2026-02-21T20:59:00.000","35","TRAFFIC SIGNAL","FUNCTIONING PROPERLY","SNOW","DARKNESS, LIGHTED ROAD","REAR END","DIVIDED - W/MEDIAN BARRIER",,"STRAIGHT AND LEVEL","SNOW OR SLUSH","NO DEFECTS","ON SCENE","INJURY AND / OR TOW DUE TO CRASH",,,,"OVER $1,500","2026-02-21T20:59:00.000","WEATHER","DRIVING SKILLS/KNOWLEDGE/EXPERIENCE","5500","S","LAKE SHORE DR SB","235",,,,,,,"3","REPORTED, NOT EVIDENT","2","0","0","0","2","2","0","20","7","2","41.7951885625","-87.5793730012","POINT (-87.579373001156 41.795188562546)"
"c79c9b0bfc99cbc3625f71574b37b674378f6b9d4bc21201ea0fdd5e4bc199fae68a0b10870a07934f2f388056110c17d2562610d168cedd49ff32347b3f965b",,"2026-02-21T20:53:00.000","30","UNKNOWN","UNKNOWN","UNKNOWN","UNKNOWN","PARKED MOTOR VEHICLE","NOT DIVIDED",,"STRAIGHT AND LEVEL","UNKNOWN","UNKNOWN",,"NO INJURY / DRIVE AWAY",,,"Y","$500 OR LESS","2026-02-22T19:01:00.000","UNABLE TO DETERMINE","UNABLE TO DETERMINE","2409","W","DEVON AVE","2413",,,,,,,"2","NO INDICATION OF INJURY","0","0","0","0","0","1","0","20","7","2","41.9976109251","-87.690277578","POINT (-87.690277577971 41.997610925138)"
"4b3d98bfaceb67c2e393e338fc6aa9ca9e1607042c1750fa8f08ebdb218e740d62136f470befd03e350fe49ad5e18cbf9cf1fc427f2af4802c8a44d920d53025",,"2026-02-21T20:51:00.000","30","NO CONTROLS","NO CONTROLS","SNOW","DUSK","SIDESWIPE SAME DIRECTION","TRAFFIC ROUTE",,"STRAIGHT AND LEVEL","WET","NO DEFECTS","NOT ON SCENE (DESK REPORT)","NO INJURY / DRIVE AWAY",,,"Y","OVER $1,500","2026-02-23T18:00:00.000","IMPROPER OVERTAKING/PASSING","UNABLE TO DETERMINE","5700","S","LAKE SHORE DR","331",,,,,,,"2","NO INDICATION OF INJURY","0","0","0","0","0","2","0","20","7","2","41.7914202821","-87.5801477687","POINT (-87.580147768689 41.791420282098)"
"32af0faf4f1d850e922439c264aee8f5d37ec03e8402d37a38671a8d4ba8261df8ff71d7f432438518a19a5a260e7d9588dea0bffce0052443b222a97fd14d0d",,"2026-02-21T20:50:00.000","30","TRAFFIC SIGNAL","UNKNOWN","SNOW","DARKNESS, LIGHTED ROAD","TURNING","TRAFFIC ROUTE",,"STRAIGHT AND LEVEL","SNOW OR SLUSH","UNKNOWN","NOT ON SCENE (DESK REPORT)","NO INJURY / DRIVE AWAY",,,"Y","OVER $1,500","2026-02-21T21:35:00.000","IMPROPER TURNING/NO SIGNAL","TURNING RIGHT ON RED","500","N","HAMLIN AVE","1122",,,,,,,"2","NO INDICATION OF INJURY","0","0","0","0","0","4","0","20","7","2","41.8899940045","-87.7211858238","POINT (-87.721185823804 41.889994004514)"
"8daf93026ce0ce62fc8f137a729bc0436c25ad044174fe7653b673333fabff371224f3c29d8155105ad5e35b99ca38025d9bbae963580a4cbff78b966abfca86",,"2026-02-21T20:50:00.000","30","NO CONTROLS","NO CONTROLS","SNOW","DARKNESS, LIGHTED ROAD","SIDESWIPE SAME DIRECTION","NOT DIVIDED",,"STRAIGHT AND LEVEL","SNOW OR SLUSH","UNKNOWN","ON SCENE","INJURY AND / OR TOW DUE TO CRASH",,,,"OVER $1,500","2026-02-21T20:54:00.000","FAILING TO YIELD RIGHT-OF-WAY","NOT APPLICABLE","735","W","FULLERTON AVE","1812",,,,,,,"2","NO INDICATION OF INJURY","0","0","0","0","0","3","0","20","7","2","41.9253578111","-87.6477804836","POINT (-87.64778048358 41.925357811071)"
"b7c5ad9e3ca69a6d7ecaa00dd81236d8069ebf8e036c2cb20a8b297a6b87cb0f4efb8c6e1fefd50643f89c98716901d1c81c258cd8dafff07c04f3341e502375",,"2026-02-21T20:50:00.000","35","UNKNOWN","UNKNOWN","FREEZING RAIN/DRIZZLE","DARKNESS, LIGHTED ROAD","REAR END","NOT DIVIDED",,"STRAIGHT AND LEVEL","WET","NO DEFECTS","NOT ON SCENE (DESK REPORT)","NO INJURY / DRIVE AWAY",,,,"OVER $1,500","2026-02-21T21:08:00.000","FOLLOWING TOO CLOSELY","DISTRACTION - FROM INSIDE VEHICLE","5654","N","CENTRAL AVE","1622",,,,,,,"2","NO INDICATION OF INJURY","0","0","0","0","0","3","0","20","7","2","41.9845123873","-87.7684558895","POINT (-87.768455889546 41.984512387286)"
"ebdf5f741baf610ea16daadf6e3291bdbccd68f8c30939b0f713c1fb9fd6baf914640b16b5dc64c93c510bc3ef142547f24df0ef1f4a1a3d1d72f5669d9c7ab0",,"2026-02-21T20:50:00.000","35","TRAFFIC SIGNAL","FUNCTIONING PROPERLY","SNOW","DARKNESS, LIGHTED ROAD","FIXED OBJECT","DIVIDED - W/MEDIAN BARRIER",,"STRAIGHT AND LEVEL","SNOW OR SLUSH","NO DEFECTS","NOT ON SCENE (DESK REPORT)","NO INJURY / DRIVE AWAY",,,,"OVER $1,500","2026-02-21T21:23:00.000","WEATHER","UNABLE TO DETERMINE","5700","S","LAKE SHORE DR","331",,,,,,,"1","NO INDICATION OF INJURY","0","0","0","0","0","1","0","20","7","2","41.7914202821","-87.5801477687","POINT (-87.580147768689 41.791420282098)"
"dfbf2134e37e29f33e65c7f69f556991abb313f03c0fed0bbfef81aafee7057116556be4992ff515ec26999064f022e0c8c1aa2d8fb55ac5d60e02e00b854054",,"2026-02-21T20:45:00.000","30","UNKNOWN","UNKNOWN","SNOW","DARKNESS","SIDESWIPE SAME DIRECTION","FOUR WAY",,"STRAIGHT AND LEVEL","WET","NO DEFECTS","NOT ON SCENE (DESK REPORT)","INJURY AND / OR TOW DUE TO CRASH",,,,"OVER $1,500","2026-02-23T12:30:00.000","UNABLE TO DETERMINE","UNABLE TO DETERMINE","1014","S","JEFFERSON ST","124",,,,,,,"2","NONINCAPACITATING INJURY","1","0","0","1","0","2","0","20","7","2","41.8692209149","-87.6424008167","POINT (-87.642400816736 41.869220914948)"
"6daeedd0643fe0f06bdb7705450a54a717fbc89ce47d75b89e51f1a70e4e33c1860f2ebff20a28d01f406e8d17e0474ecf5870802a2450a98300af0c7808a331",,"2026-02-21T20:42:00.000","30","NO CONTROLS","NO CONTROLS","SNOW","DARKNESS, LIGHTED ROAD","PARKED MOTOR VEHICLE","NOT DIVIDED",,"STRAIGHT AND LEVEL","WET","NO DEFECTS","ON SCENE","NO INJURY / DRIVE AWAY",,,,"OVER $1,500","2026-02-21T21:10:00.000","UNABLE TO DETERMINE","NOT APPLICABLE","3178","N","BROADWAY","1934",,,,,,,"2","NO INDICATION OF INJURY","0","0","0","0","0","2","0","20","7","2","41.939997459","-87.6445452601","POINT (-87.644545260136 41.939997458953)"
"6ef12c7a0782aa9ae570baba06e1e5804ae1f8e331718b44033c81f0415913fbf87f1904a6684187703aa332f5ba58fd6c3b2968e030a921bf9c81a383147b35",,"2026-02-21T20:38:00.000","40","NO CONTROLS","NO CONTROLS","SNOW","DARKNESS, LIGHTED ROAD","FIXED OBJECT","DIVIDED - W/MEDIAN BARRIER",,"STRAIGHT AND LEVEL","SNOW OR SLUSH","UNKNOWN","ON SCENE","INJURY AND / OR TOW DUE TO CRASH",,,,"OVER $1,500","2026-02-21T20:40:00.000","WEATHER","NOT APPLICABLE","3149","S","LAKE SHORE DR SB","211",,,,,,,"1","NO INDICATION OF INJURY","0","0","0","0","0","1","0","20","7","2","41.8364424241","-87.6076917889","POINT (-87.607691788939 41.836442424104)"
"383d84b1391b28249ec593db53342d1231f4a1a4526afa2a9a42ff450545750cff8261b81e16e6cf6bc0596428c6706b3bdb53da0889118f973c0a7c73381c6a",,"2026-02-21T20:36:00.000","30","STOP SIGN/FLASHER","FUNCTIONING PROPERLY","SNOW","DARKNESS, LIGHTED ROAD","TURNING","NOT DIVIDED",,"STRAIGHT AND LEVEL","SNOW OR SLUSH","NO DEFECTS","ON SCENE","INJURY AND / OR TOW DUE TO CRASH","Y",,,"OVER $1,500","2026-02-21T20:44:00.000","DISREGARDING STOP SIGN","OPERATING VEHICLE IN ERRATIC, RECKLESS, CARELESS, NEGLIGENT OR AGGRESSIVE MANNER","7905","S","ESSEX AVE","422",,,,,,,"2","NONINCAPACITATING INJURY","1","0","0","1","0","1","0","20","7","2","41.7515688062","-87.5636573873","POINT (-87.563657387306 41.751568806165)"
"fd29f0f569bab36ebde56ab6416fce030af4203eb405d17ac87f150d702beeb5843dc7a528314752878a49017c7d794e73a37b2db10d27c3c25a22ec9ea3acf8",,"2026-02-21T20:34:00.000","30","TRAFFIC SIGNAL","FUNCTIONING PROPERLY","CLEAR","DARKNESS, LIGHTED ROAD","REAR END","NOT DIVIDED",,"STRAIGHT AND LEVEL","DRY","UNKNOWN","NOT ON SCENE (DESK REPORT)","NO INJURY / DRIVE AWAY",,,,"OVER $1,500","2026-02-22T12:00:00.000","UNABLE TO DETERMINE","UNABLE TO DETERMINE","805","S","KOSTNER AVE","1131",,,,,,,"2","NO INDICATION OF INJURY","0","0","0","0","0","2","0","20","7","2","41.8706328039","-87.7349785675","POINT (-87.73497856754 41.87063280388)"
"148a9b84e1975a8a29bdf14934c271556e2157b1634684ac02a6b3861804392a197a7451c8558adfa0de0ba89804b81cd5269f2aba736b91c517cefbb42665c3","Y","2026-02-21T20:30:00.000","10","NO CONTROLS","NO CONTROLS","SNOW","DARKNESS, LIGHTED ROAD","PARKED MOTOR VEHICLE","PARKING LOT",,"STRAIGHT AND LEVEL","SNOW OR SLUSH","NO DEFECTS","NOT ON SCENE (DESK REPORT)","NO INJURY / DRIVE AWAY",,,"Y","OVER $1,500","2026-02-22T12:10:00.000","UNABLE TO DETERMINE","NOT APPLICABLE","8225","W","HIGGINS RD","1614",,,,,,,"2","NO INDICATION OF INJURY","0","0","0","0","0","1","0","20","7","2","41.9857316125","-87.8327121682","POINT (-87.832712168242 41.985731612452)"
"ebccd69824bd523b4ca833985b1890f52de932936490a84829d98c0de0e5ce7bbbe9cc047549ce0c34ff5094d7a1dec6834a616424e2be475cbbebdc3f788c18",,"2026-02-21T20:30:00.000","30","NO CONTROLS","NO CONTROLS","CLEAR","DARKNESS","REAR END","NOT DIVIDED",,"STRAIGHT AND LEVEL","DRY","NO DEFECTS","NOT ON SCENE (DESK REPORT)","NO INJURY / DRIVE AWAY",,,"Y","OVER $1,500","2026-02-25T09:53:00.000","FOLLOWING TOO CLOSELY","FAILING TO YIELD RIGHT-OF-WAY","7600","S","DORCHESTER AVE","411",,,,,,,"2","NO INDICATION OF INJURY","0","0","0","0","0","2","0","20","7","2","41.756826461","-87.5908994741","POINT (-87.590899474063 41.756826461026)"
"bca7b23dc01d52efb1f187851148b49c39e6cd1447807d6a697c33c2975f32e36cf7ceed60fd31df3aa1a503299c7a89e176553a9368939a306dbb5417c74c3a",,"2026-02-21T20:22:00.000","30","TRAFFIC SIGNAL","FUNCTIONING PROPERLY","RAIN","DARKNESS, LIGHTED ROAD","TURNING","NOT DIVIDED",,"STRAIGHT AND LEVEL","WET","NO DEFECTS","ON SCENE","INJURY AND / OR TOW DUE TO CRASH","Y",,,"OVER $1,500","2026-02-21T20:23:00.000","TURNING RIGHT ON RED","NOT APPLICABLE","3838","S","PULASKI RD","815",,,,,,,"2","REPORTED, NOT EVIDENT","4","0","0","0","4","1","0","20","7","2","41.8231223997","-87.7242001737","POINT (-87.724200173724 41.823122399703)"
"9f6fb3f8c4c496b6280a361274afe82199c9120ff877056784d542e34f7fdef52174ac9eadac41872761bc3fd81fb261dea123f5ca56ee2557274314a7333d58",,"2026-02-21T20:17:00.000","30","TRAFFIC SIGNAL","FUNCTIONING PROPERLY","SNOW","DARKNESS, LIGHTED ROAD","TURNING","FOUR WAY",,"STRAIGHT AND LEVEL","SNOW OR SLUSH","NO DEFECTS","ON SCENE","NO INJURY / DRIVE AWAY",,,"Y","$501 - $1,500","2026-02-21T20:17:00.000","UNABLE TO DETERMINE","UNABLE TO DETERMINE","5300","S","KEDZIE AVE","822",,,,,,,"2","NO INDICATION OF INJURY","0","0","0","0","0","2","0","20","7","2","41.7971189233","-87.7038049262","POINT (-87.703804926209 41.797118923256)"
"6a84ea7527a06936cdf8f5f73876b1581b89c1bfaa7f9917e1e49bc4db440ef48cccc2aec9399de582bd7a6719805ff6bf1d988710058fdef2d84ddadb058608",,"2026-02-21T20:10:00.000","25","NO CONTROLS","NO CONTROLS","SNOW","DARKNESS, LIGHTED ROAD","REAR END","NOT DIVIDED",,"STRAIGHT AND LEVEL","SNOW OR SLUSH","NO DEFECTS","NOT ON SCENE (DESK REPORT)","NO INJURY / DRIVE AWAY",,,"Y","$500 OR LESS","2026-02-21T20:30:00.000","UNABLE TO DETERMINE","UNABLE TO DETERMINE","2430","S","STATE ST","131",,,,,,,"2","NO INDICATION OF INJURY","0","0","0","0","0","2","0","20","7","2","41.8483503227","-87.6271245058","POINT (-87.62712450577 41.848350322713)"
"499c8788b0f5990c7111629ed0346bfce752669d8e7ddc0ec1cf45d1ac38e5684594cabc2bf5f6b2e1351e1041e6ca0f587469ca7b75adf79a0d8a87f7e122b0",,"2026-02-21T20:00:00.000","10","NO CONTROLS","NO CONTROLS","SNOW","DARKNESS","ANGLE","PARKING LOT",,"STRAIGHT AND LEVEL","SNOW OR SLUSH","NO DEFECTS","NOT ON SCENE (DESK REPORT)","NO INJURY / DRIVE AWAY",,,,"OVER $1,500","2026-02-21T20:35:00.000","UNABLE TO DETERMINE","UNABLE TO DETERMINE","3958","W","MONROE ST","1122",,,,,,,"2","NO INDICATION OF INJURY","0","0","0","0","0","5","0","20","7","2","41.8798726143","-87.7255169244","POINT (-87.725516924368 41.879872614256)"
"804307577ba3d31d41d924fc1e0f02b90fc417f0f1972d110ce0b688d3e0e8fb2bd9ef2ddbf93088f5aad46b9e44ad233e247a82c2f14e04788c3cb7540f7e42",,"2026-02-21T20:00:00.000","30","NO CONTROLS","NO CONTROLS","SNOW","DARKNESS, LIGHTED ROAD","HEAD ON","NOT DIVIDED",,"STRAIGHT AND LEVEL","SNOW OR SLUSH","NO DEFECTS","NOT ON SCENE (DESK REPORT)","NO INJURY / DRIVE AWAY","Y",,"Y","OVER $1,500","2026-02-21T22:00:00.000","IMPROPER OVERTAKING/PASSING","DRIVING ON WRONG SIDE/WRONG WAY","6021","W","DICKENS AVE","2512",,,,,,,"2","NO INDICATION OF INJURY","0","0","0","0","0","2","0","20","7","2","41.9177896277","-87.7763555701","POINT (-87.776355570132 41.917789627659)"
"288c7e1d04699199f0cfb5ad78634d076a95d09529fda98dd1dcb82edbcdcb1fd940f6526420b2490cdb6529acd9f22717f784799ee36d73fb738c4c19cf1b43",,"2026-02-21T19:55:00.000","30","TRAFFIC SIGNAL","FUNCTIONING PROPERLY","SNOW","DARKNESS, LIGHTED ROAD","ANGLE","FOUR WAY",,"STRAIGHT AND LEVEL","WET","NO DEFECTS","ON SCENE","NO INJURY / DRIVE AWAY","Y",,,"OVER $1,500","2026-02-21T20:03:00.000","FAILING TO YIELD RIGHT-OF-WAY","FAILING TO YIELD RIGHT-OF-WAY","6700","S","LOOMIS BLVD","725",,"Y",,,,,"2","NO INDICATION OF INJURY","0","0","0","0","0","4","0","19","7","2","41.7722376252","-87.6593121369","POINT (-87.659312136891 41.772237625179)"
"b123f2c74d5184e9199eafab273c120b36055e0bd1a35130f9037a3d82541d0c5a4406749187e1835889d328b4e2db1fb5263f0d0435f99781b0d17a2d010a9b",,"2026-02-21T19:52:00.000","30","NO CONTROLS","NO CONTROLS","SNOW","DARKNESS, LIGHTED ROAD","SIDESWIPE SAME DIRECTION","NOT DIVIDED",,"STRAIGHT AND LEVEL","WET","NO DEFECTS","ON SCENE","NO INJURY / DRIVE AWAY",,,,"OVER $1,500","2026-02-21T19:52:00.000","IMPROPER LANE USAGE","NOT APPLICABLE","3352","W","GRAND AVE","1121",,,,,,,"2","NO INDICATION OF INJURY","0","0","0","0","0","2","0","19","7","2","41.9001828076","-87.7110402165","POINT (-87.711040216481 41.900182807605)"
"8240d0465e92bd4f17eb4e3165eedbebad580d0ea007efcdee27986b51910ff430357b337df81ea7fa19123c47da44822f1aa232d66aaa273bcb5ab4719476cd",,"2026-02-21T19:49:00.000","30","TRAFFIC SIGNAL","FUNCTIONING PROPERLY","SNOW","DUSK","TURNING","RAMP",,"STRAIGHT AND LEVEL","WET","UNKNOWN",,"NO INJURY / DRIVE AWAY",,,,"OVER $1,500","2026-02-21T19:54:00.000","IMPROPER LANE USAGE","FOLLOWING TOO CLOSELY","2130","W","FULLERTON AVE","1432",,,,,,,"2","NO INDICATION OF INJURY","0","0","0","0","0","2","0","19","7","2","41.9250910541","-87.6819192793","POINT (-87.681919279349 41.925091054084)"
"80ba007acf7e0b5218d47bd90c5039f01d0d68b9dbc32eefc24c8e481689a54226bd36302af19bc62c0cae5c573356bba6a70b9f0b78039a8b4009177ec385ea",,"2026-02-21T19:48:00.000","25","NO CONTROLS","NO CONTROLS","SNOW","DARKNESS, LIGHTED ROAD","REAR END","DIVIDED - W/MEDIAN (NOT RAISED)",,"STRAIGHT AND LEVEL","WET","UNKNOWN","NOT ON SCENE (DESK REPORT)","NO INJURY / DRIVE AWAY","Y",,"Y","OVER $1,500","2026-02-21T20:30:00.000","UNABLE TO DETERMINE","NOT APPLICABLE","2430","W","DEVON AVE","2412",,,,,,,"2","NO INDICATION OF INJURY","0","0","0","0","0","3","0","19","7","2","41.9978204254","-87.69104545","POINT (-87.691045449968 41.997820425443)"
"ea3e2b85ee4bc6f86632b6c49b583120da84d93e84b5b21c7c0b7e4c7091766f2e5e5625424a23d6181b7886bf58736f3c708a40b86d28d22634d5ca9cf67e45",,"2026-02-21T19:45:00.000","30","TRAFFIC SIGNAL","FUNCTIONING PROPERLY","SNOW","DARKNESS, LIGHTED ROAD","TURNING","CENTER TURN LANE",,"STRAIGHT AND LEVEL","SNOW OR SLUSH","UNKNOWN","ON SCENE","NO INJURY / DRIVE AWAY","Y",,,"OVER $1,500","2026-02-21T19:51:00.000","IMPROPER TURNING/NO SIGNAL","NOT APPLICABLE","3000","W","LOGAN BLVD","1411",,,,,,,"2","NO INDICATION OF INJURY","0","0","0","0","0","2","0","19","7","2","41.9285332551","-87.7024831593","POINT (-87.702483159303 41.92853325507)"
"20a4c4dda8d468047d2b6fdd192ff4c093c0202c3eec70d6d3a3775a7a03f832f78909711704cb847b364d77d6578fb297453c14ff85ba212c2f445a30eab0bf",,"2026-02-21T19:40:00.000","25","TRAFFIC SIGNAL","UNKNOWN","SNOW","DARKNESS, LIGHTED ROAD","TURNING","DIVIDED - W/MEDIAN BARRIER",,"STRAIGHT AND LEVEL","SNOW OR SLUSH","UNKNOWN","NOT ON SCENE (DESK REPORT)","NO INJURY / DRIVE AWAY",,,"Y","OVER $1,500","2026-02-21T21:00:00.000","UNABLE TO DETERMINE","NOT APPLICABLE","1599","S","CANAL ST","124",,,,,,,"2","NO INDICATION OF INJURY","0","0","0","0","0","3","0","19","7","2","41.8600432745","-87.6388675937","POINT (-87.638867593724 41.860043274511)"