"crash_record_id","crash_date_est_i","crash_date","posted_speed_limit","traffic_control_device","device_condition","weather_condition","lighting_condition","first_crash_type","trafficway_type","lane_cnt","alignment","roadway_surface_cond","road_defect","report_type","crash_type","intersection_related_i","private_property_i","hit_and_run_i","damage","date_police_notified","prim_contributory_cause","sec_contributory_cause","street_no","street_direction","street_name","beat_of_occurrence","photos_taken_i","statements_taken_i","dooring_i","work_zone_i","work_zone_type","workers_present_i","num_units","most_severe_injury","injuries_total","injuries_fatal","injuries_incapacitating","injuries_non_incapacitating","injuries_reported_not_evident","injuries_no_indication","injuries_unknown","crash_hour","crash_day_of_week","crash_month","latitude","longitude","location"
"963678bf9443b83cc5979da815c1220f8459d913a9054b3f6249dcb43bbdaa9e12f9d59882bb0cf760a3bfa5d0fc3e2e025519a021815a71f5803bf1a655c4e2",,"2026-02-21T19:30:00.000","25","UNKNOWN","UNKNOWN","UNKNOWN","UNKNOWN","PARKED MOTOR VEHICLE","UNKNOWN",,"STRAIGHT AND LEVEL","UNKNOWN","UNKNOWN","NOT ON SCENE (DESK REPORT)","NO INJURY / DRIVE AWAY",,,"Y","$501 - $1,500","2026-02-21T19:30:00.000","UNABLE TO DETERMINE","UNABLE TO DETERMINE","2501","S","CHRISTIANA AVE","1024",,,,,,,"2","NO INDICATION OF INJURY","0","0","0","0","0","1","0","19","7","2","41.8461897303","-87.7085964031","POINT (-87.708596403083 41.846189730329)"
"9f9b8f5b4df5524c278c70c994fac217fb2c32037aa05d4dd4e31981a7915db193a25281867f5536dc202707e3ea8b7981f605b76ea2e60d3395e60b89d52156",,"2026-02-21T19:30:00.000","30","NO CONTROLS","NO CONTROLS","CLEAR","DARKNESS","PARKED MOTOR VEHICLE","ONE-WAY",,"STRAIGHT AND LEVEL","DRY","NO DEFECTS","NOT ON SCENE (DESK REPORT)","NO INJURY / DRIVE AWAY",,,,"OVER $1,500","2026-02-22T12:15:00.000","UNABLE TO DETERMINE","UNABLE TO DETERMINE","9019","S","JUSTINE ST","2221",,,,,,,"2","NO INDICATION OF INJURY","0","0","0","0","0","1","0","19","7","2","41.7297556038","-87.661524794","POINT (-87.661524793968 41.729755603829)"
"5c0acd2c6e769d92df26588f3dad3d9bd468fba8884581634b2d347b60f24484076e5664da3924cdff54ed2a22a4e7ebe7357a307ab161f9a5d0a4d6bcb47206",,"2026-02-21T19:10:00.000","0","NO CONTROLS","NO CONTROLS","CLEAR","DARKNESS, LIGHTED ROAD","PARKED MOTOR VEHICLE","PARKING LOT",,"STRAIGHT AND LEVEL","DRY","NO DEFECTS","NOT ON SCENE (DESK REPORT)","NO INJURY / DRIVE AWAY",,,,"OVER $1,500","2026-02-21T19:15:00.000","UNABLE TO DETERMINE","UNABLE TO DETERMINE","5209","S","MICHIGAN AVE","231",,"Y",,,,,"2","NO INDICATION OF INJURY","0","0","0","0","0","1","0","19","7","2","41.7997350003","-87.622446537","POINT (-87.622446537036 41.799735000346)"
"2b4da82c11bfe5266653ae6e6162abf9adb07714cb8f8ce0fbe6695bb16cd1a664917d461c2fce60895ce85cc1d757b603b8327e0aa04624cc938a166b81fc9b",,"2026-02-21T19:00:00.000","30","TRAFFIC SIGNAL","FUNCTIONING PROPERLY","UNKNOWN","DARKNESS, LIGHTED ROAD","REAR TO REAR","OTHER",,"STRAIGHT AND LEVEL","DRY","UNKNOWN","NOT ON SCENE (DESK REPORT)","NO INJURY / DRIVE AWAY",,,,"OVER $1,500","2026-02-21T20:10:00.000","FOLLOWING TOO CLOSELY","UNABLE TO DETERMINE","301","E","LOWER WACKER DR","114",,,,,,,"2","NO INDICATION OF INJURY","0","0","0","0","0","2","0","19","7","2","41.8876722207","-87.6205739399","POINT (-87.620573939863 41.887672220686)"
"4ce55c74755eedd45d0ddcda76fd4169291e7ecc2cf3be3a47a6b2bea40b3faee8ecf44e203e748d604779e617f036ab362272418fe73932f5650c5cc3b05368",,"2026-02-21T19:00:00.000","30","NO CONTROLS","NO CONTROLS","BLOWING SNOW","DARKNESS, LIGHTED ROAD","OTHER OBJECT","ROUNDABOUT",,"CURVE ON HILLCREST","WET","NO DEFECTS","ON SCENE","INJURY AND / OR TOW DUE TO CRASH","Y",,,"OVER $1,500","2026-02-21T19:00:00.000","DRIVING SKILLS/KNOWLEDGE/EXPERIENCE","UNABLE TO DETERMINE","1134","E","130TH ST","532",,,,,,,"1","NONINCAPACITATING INJURY","1","0","0","1","0","0","0","19","7","2","41.6602252367","-87.5935709932","POINT (-87.593570993175 41.660225236679)"
"af897559d5dc5373e5e248bf71a8366d53a776b082837323b6bd8345b635aba79170702ee36f999f8cccb0dbce681b38c65b16cdccdab4cfb5b53348a97e8d6c",,"2026-02-21T19:00:00.000","30","TRAFFIC SIGNAL","FUNCTIONING PROPERLY","CLEAR","DARKNESS, LIGHTED ROAD","SIDESWIPE OPPOSITE DIRECTION","NOT DIVIDED",,"STRAIGHT AND LEVEL","DRY","UNKNOWN","NOT ON SCENE (DESK REPORT)","NO INJURY / DRIVE AWAY",,,"Y","OVER $1,500","2026-02-22T05:25:00.000","UNABLE TO DETERMINE","UNABLE TO DETERMINE","4800","W","DIVISION ST","2533",,,,,,,"2","NO INDICATION OF INJURY","0","0","0","0","0","2","0","19","7","2","41.9024605494","-87.7461029029","POINT (-87.746102902944 41.902460549401)"
"bed3ad43eeee5c581add16bd640e8c197ede582b3c83fd561a0a3e0984670f2a2c28f1ec2c69b04a6f6e2763a04612cfed2121fb051318f26bdbedb8acd69472","Y","2026-02-21T19:00:00.000","25","NO CONTROLS","NO CONTROLS","SNOW","DAYLIGHT","PARKED MOTOR VEHICLE","ONE-WAY",,"STRAIGHT AND LEVEL","SNOW OR SLUSH","NO DEFECTS","NOT ON SCENE (DESK REPORT)","NO INJURY / DRIVE AWAY",,,"Y","$501 - $1,500","2026-02-22T09:26:00.000","UNABLE TO DETERMINE","UNABLE TO DETERMINE","6128","S","CALUMET AVE","311",,,,,,,"2","NO INDICATION OF INJURY","0","0","0","0","0","1","0","19","7","2","41.7830113112","-87.6173931995","POINT (-87.617393199464 41.783011311201)"
"be47f9b12299a1a148c4fe10f0d472247da582d4aeece049af5d4debf86692df60ebf177dffe466dc48a97e2205f24d697404fa3a2b60700be1b4391924b42e2",,"2026-02-21T18:59:00.000","25","TRAFFIC SIGNAL","FUNCTIONING PROPERLY","RAIN","DARKNESS, LIGHTED ROAD","SIDESWIPE SAME DIRECTION","NOT DIVIDED",,"STRAIGHT AND LEVEL","WET","NO DEFECTS","NOT ON SCENE (DESK REPORT)","NO INJURY / DRIVE AWAY","Y",,,"$501 - $1,500","2026-02-21T20:40:00.000","UNABLE TO DETERMINE","NOT APPLICABLE","2752","W","CHICAGO AVE","1211",,,,,,,"2","NO INDICATION OF INJURY","0","0","0","0","0","5","0","18","7","2","41.8957630475","-87.6963628289","POINT (-87.696362828934 41.895763047528)"
"9b12915718bff09295f7e900b65bef2b3d4e8a185e42902dfbd9d3c1728c39c3a97f221bc277f1d5be88e6121aa4631bc40cb22d8a82c61fbc9c3925b991d02f",,"2026-02-21T18:52:00.000","35","NO CONTROLS","NO CONTROLS","SNOW","DARKNESS","SIDESWIPE SAME DIRECTION","DIVIDED - W/MEDIAN (NOT RAISED)",,"STRAIGHT AND LEVEL","WET","UNKNOWN","ON SCENE","NO INJURY / DRIVE AWAY",,,,"OVER $1,500","2026-02-21T18:52:00.000","UNABLE TO DETERMINE","NOT APPLICABLE","210","E","83RD ST","631",,,,,,,"3","NO INDICATION OF INJURY","0","0","0","0","0","2","0","18","7","2","41.7438507391","-87.6190383094","POINT (-87.619038309362 41.743850739128)"
"27449ae6560145d2794253bcd9b40e4de62adbb5932c09fd269fad4a29dde2478e846ff090dcdbf61522ad2dcbe0fc8762f62df64e51a04f74cff10cfeecb3a3",,"2026-02-21T18:40:00.000","30","TRAFFIC SIGNAL","FUNCTIONING PROPERLY","SNOW","DARKNESS, LIGHTED ROAD","SIDESWIPE SAME DIRECTION","FOUR WAY",,"STRAIGHT AND LEVEL","WET","NO DEFECTS","ON SCENE","NO INJURY / DRIVE AWAY","Y",,,"OVER $1,500","2026-02-21T18:53:00.000","UNABLE TO DETERMINE","UNABLE TO DETERMINE","3199","N","SHERIDAN RD","1934",,,,,,,"2","NO INDICATION OF INJURY","0","0","0","0","0","3","0","18","7","2","41.9400706208","-87.6394058613","POINT (-87.639405861329 41.94007062083)"
"2815177e6313e1b4c8fd1dde862f87aee2018c1de627d8197b80ded212591860fedcaf947c6a7e87265db629a422bd16fc4dc9bd44146b01856343443abedde7",,"2026-02-21T18:40:00.000","30","TRAFFIC SIGNAL","FUNCTIONING PROPERLY","CLEAR","DARKNESS, LIGHTED ROAD","REAR END","NOT DIVIDED",,"STRAIGHT AND LEVEL","DRY","NO DEFECTS","NOT ON SCENE (DESK REPORT)","NO INJURY / DRIVE AWAY",,,,"$500 OR LESS","2026-02-21T18:50:00.000","UNABLE TO DETERMINE","UNABLE TO DETERMINE","10300","S","DR MARTIN LUTHER KING JR DR","512",,,,,,,"2","NO INDICATION OF INJURY","0","0","0","0","0","3","0","18","7","2","41.7072220651","-87.6139116047","POINT (-87.613911604658 41.707222065075)"
"f9a71bd75b93c9565a964948851bb346df3ce89a603aac8f9c15713598243708f6e887509dc0e3ea8d3759eb5680bc73bf760c9e128479f66e7c508909ab3c6d",,"2026-02-21T18:40:00.000","20","NO CONTROLS","NO CONTROLS","SNOW","DARKNESS, LIGHTED ROAD","SIDESWIPE SAME DIRECTION","PARKING LOT",,"STRAIGHT AND LEVEL","DRY","UNKNOWN","ON SCENE","NO INJURY / DRIVE AWAY",,,"Y","OVER $1,500","2026-02-21T20:15:00.000","UNABLE TO DETERMINE","NOT APPLICABLE","2600","N","WESTERN AVE","1411",,,,,,,"2","NO INDICATION OF INJURY","0","0","0","0","0","3","0","18","7","2","41.9286697899","-87.6879222355","POINT (-87.687922235539 41.92866978991)"
"0cd83cfe97d1c6106510f3d6808529ab6601816ca35074693558498c4097f1c7d1ed349cc28cfa0c46d5ebab872fa95a43400ceeee1f46f5de5a24a890c4ca29",,"2026-02-21T18:37:00.000","5","NO CONTROLS","NO CONTROLS","SNOW","DARKNESS, LIGHTED ROAD","REAR TO FRONT","PARKING LOT",,"STRAIGHT AND LEVEL","WET","NO DEFECTS","ON SCENE","NO INJURY / DRIVE AWAY",,,,"$501 - $1,500","2026-02-21T18:38:00.000","IMPROPER BACKING","IMPROPER BACKING","2801","S","PULASKI RD","1031",,,,,,,"2","NO INDICATION OF INJURY","0","0","0","0","0","4","0","18","7","2","41.8404762978","-87.7242998782","POINT (-87.724299878205 41.840476297759)"
"48c5fcd4ce013e4acc40c0e6e942967c760167b721f408254d2f66496243120a943c9bf1530e7241793edb7cdfefcebd629d355d9a12ffaebe88df6a0e0b0307",,"2026-02-21T18:27:00.000","30","STOP SIGN/FLASHER","OTHER","SNOW","DARKNESS, LIGHTED ROAD","REAR END","NOT DIVIDED",,"STRAIGHT AND LEVEL","SNOW OR SLUSH","NO DEFECTS","ON SCENE","INJURY AND / OR TOW DUE TO CRASH",,,,"OVER $1,500","2026-02-21T18:30:00.000","UNABLE TO DETERMINE","UNABLE TO DETERMINE","2841","W","WILSON AVE","1724",,,,,,,"5","NO INDICATION OF INJURY","0","0","0","0","0","9","0","18","7","2","41.9646527756","-87.7001939815","POINT (-87.700193981492 41.964652775588)"
"3ccc159c4575799d5347c22deb3ad56e791cc1fd7910f31d73bdb64b97e865b39228351418af90807e10065cd48f1f205c2ec7e3f71597eab82ba9473b646a2e",,"2026-02-21T18:15:00.000","30","TRAFFIC SIGNAL","FUNCTIONING PROPERLY","SNOW","DARKNESS, LIGHTED ROAD","REAR END","NOT DIVIDED",,"STRAIGHT AND LEVEL","WET","NO DEFECTS","NOT ON SCENE (DESK REPORT)","NO INJURY / DRIVE AWAY",,,,"OVER $1,500","2026-02-24T15:45:00.000","NOT APPLICABLE","NOT APPLICABLE","1184","W","SHERIDAN RD","2432",,,,,,,"2","NO INDICATION OF INJURY","0","0","0","0","0","2","0","18","7","2","41.9982993797","-87.6605079444","POINT (-87.660507944426 41.998299379733)"
"adb1beb1358d4a49ebf5a59bcdb7d85823877a5f62214f673f86c4f785c60fc5cf22fa941b2a5ca1ec79a59c47ddf261bc6400019db16ee23409ad0ce1e2e595","Y","2026-02-21T18:15:00.000","30","STOP SIGN/FLASHER","FUNCTIONING PROPERLY","SLEET/HAIL","DARKNESS, LIGHTED ROAD","PEDESTRIAN","NOT DIVIDED",,"STRAIGHT AND LEVEL","WET","UNKNOWN","ON SCENE","INJURY AND / OR TOW DUE TO CRASH","Y",,,"OVER $1,500","2026-02-21T18:15:00.000","UNABLE TO DETERMINE","UNABLE TO DETERMINE","900","W","LAKE ST","1214",,,,,,,"2","REPORTED, NOT EVIDENT","1","0","0","0","1","1","0","18","7","2","41.8857361678","-87.649869372","POINT (-87.649869372029 41.88573616776)"
"cf8842ed722d5cd085523a07cb6d8d8ba0581193bb3c00cd9c02f83c2e8a8bda56c5eb6680522b4262c913b0689280e68dc0b8f648dadfeaf25e305e1cff886b",,"2026-02-21T18:08:00.000","15","NO CONTROLS","NO CONTROLS","RAIN","DARKNESS, LIGHTED ROAD","ANGLE","PARKING LOT",,"STRAIGHT AND LEVEL","WET","NO DEFECTS","ON SCENE","NO INJURY / DRIVE AWAY",,,,"OVER $1,500","2026-02-21T18:30:00.000","FAILING TO YIELD RIGHT-OF-WAY","IMPROPER BACKING","520","W","TAYLOR ST","124",,,,,,,"2","NO INDICATION OF INJURY","0","0","0","0","0","2","0","18","7","2","41.8698555966","-87.6402703079","POINT (-87.640270307865 41.869855596599)"
"035bfa44d409a8826e840155a3cae46c6fe6e51b3a65953ad7317f467de65ddaba71485628fad8b21b1b4504c6f88993b42086446aaadd3675d8332f90b1a90e",,"2026-02-21T18:07:00.000","30","STOP SIGN/FLASHER","FUNCTIONING PROPERLY","CLEAR","DUSK","PEDESTRIAN","DIVIDED - W/MEDIAN (NOT RAISED)",,"STRAIGHT AND LEVEL","DRY","NO DEFECTS","ON SCENE","INJURY AND / OR TOW DUE TO CRASH","Y",,,"$500 OR LESS","2026-02-21T18:07:00.000","FAILING TO REDUCE SPEED TO AVOID CRASH","NOT APPLICABLE","7158","S","WESTERN AVE","832",,,,,,,"2","NONINCAPACITATING INJURY","1","0","0","1","0","1","0","18","7","2","41.7629662992","-87.6833405773","POINT (-87.683340577287 41.762966299223)"
"aa1821ce33a5d2fe63928f847f6c4166d0899f8900eea1a87c0489bf6c3a3b33cc2c51e598b5da952ff02deeadf82a329817fee4dd55bfe1ae26951ae8c8ec1a",,"2026-02-21T18:05:00.000","30","TRAFFIC SIGNAL","UNKNOWN","SNOW","DARKNESS, LIGHTED ROAD","SIDESWIPE SAME DIRECTION","FOUR WAY",,"STRAIGHT AND LEVEL","WET","UNKNOWN","ON SCENE","NO INJURY / DRIVE AWAY","Y",,,"$501 - $1,500","2026-02-21T18:09:00.000","IMPROPER OVERTAKING/PASSING","NOT APPLICABLE","5959","W","MADISON ST","1513",,,,,,,"2","NO INDICATION OF INJURY","0","0","0","0","0","2","0","18","7","2","41.8799844185","-87.7741786865","POINT (-87.774178686456 41.879984418455)"
"ff5e6e20e9a6a08c733c4600784cb71d51968c6bc7eab664465f3d588d833ad1935e3b2e9ad496a6a59c9de94547ac00faf3beec1d9d16bb1284a4eb93f55999",,"2026-02-21T18:02:00.000","30","NO CONTROLS","NO CONTROLS","CLEAR","DARKNESS, LIGHTED ROAD","FIXED OBJECT","DIVIDED - W/MEDIAN BARRIER",,"STRAIGHT AND LEVEL","UNKNOWN","UNKNOWN","ON SCENE","INJURY AND / OR TOW DUE TO CRASH",,,,"OVER $1,500","2026-02-21T18:03:00.000","UNABLE TO DETERMINE","UNABLE TO DETERMINE","8700","S","LAKE SHORE DR","424",,,,,,,"1","REPORTED, NOT EVIDENT","1","0","0","0","1","1","0","18","7","2","41.7373263053","-87.5404481599","POINT (-87.540448159856 41.737326305348)"
"2a9584b602f145f5506ebc1c03f6ca1ce1eace8693bb387ab225b04d2c6446420f5994f6facc6e2dec7aa3dd97edf9d2f19228d24501ba74b382bc987bc9a777",,"2026-02-21T17:50:00.000","30","NO CONTROLS","NO CONTROLS","CLEAR","DARKNESS, LIGHTED ROAD","TURNING","NOT DIVIDED",,"STRAIGHT AND LEVEL","UNKNOWN","UNKNOWN",,"NO INJURY / DRIVE AWAY",,,"Y","$500 OR LESS","2026-02-21T19:30:00.000","UNABLE TO DETERMINE","UNABLE TO DETERMINE","4037","W","31ST ST","1031",,,,,,,"2","NO INDICATION OF INJURY","0","0","0","0","0","2","0","17","7","2","41.8367524475","-87.7257957411","POINT (-87.725795741119 41.836752447547)"
"af9805f8cf94cdf3f5d825942bd8cf94dd41e0b5aead895c731428fca8331440235c63779bbb241a7b72a4491131ee6ec7d2026c599dd3e2c0f98b8d9a4bdc91",,"2026-02-21T17:50:00.000","30","TRAFFIC SIGNAL","FUNCTIONING PROPERLY","CLEAR","DAWN","SIDESWIPE SAME DIRECTION","FOUR WAY",,"STRAIGHT AND LEVEL","UNKNOWN","NO DEFECTS","NOT ON SCENE (DESK REPORT)","NO INJURY / DRIVE AWAY","Y",,"Y","$501 - $1,500","2026-02-21T18:40:00.000","UNABLE TO DETERMINE","UNABLE TO DETERMINE","2201","W","HOWARD ST","2411",,,,,,,"2","NO INDICATION OF INJURY","0","0","0","0","0","2","0","17","7","2","42.0193759176","-87.6847477954","POINT (-87.684747795441 42.019375917635)"
"08742b2e403fc5c42f4f1a29bfa07bd8c77e188584f7ed83d32bc57aa25500e64a89edb1c50754d529009915c55bde4fcf4b5245d7df3507a47ae5a216f429bc","Y","2026-02-21T17:47:00.000","20","STOP SIGN/FLASHER","FUNCTIONING PROPERLY","CLEAR","DUSK","ANGLE","NOT DIVIDED",,"STRAIGHT AND LEVEL","DRY","NO DEFECTS","ON SCENE","NO INJURY / DRIVE AWAY",,,,"OVER $1,500","2026-02-21T17:50:00.000","FAILING TO YIELD RIGHT-OF-WAY","DRIVING SKILLS/KNOWLEDGE/EXPERIENCE","1998","W","77TH ST","611",,,,,,,"2","NO INDICATION OF INJURY","0","0","0","0","0","2","0","17","7","2","41.7539854942","-87.6731793463","POINT (-87.673179346285 41.75398549423)"
"be1857a84c0b8f579a0f6916f1b546e11652c6c46c5df3d11091122c1e3f11f9ce0d1a82dec88b58e20425ad2bc78162971ad34fbff9cb19450117aa3b5d06a1",,"2026-02-21T17:40:00.000","30","NO CONTROLS","NO CONTROLS","CLEAR","DARKNESS, LIGHTED ROAD","TURNING","DIVIDED - W/MEDIAN (NOT RAISED)",,"STRAIGHT AND LEVEL","UNKNOWN","UNKNOWN","NOT ON SCENE (DESK REPORT)","NO INJURY / DRIVE AWAY",,,,"OVER $1,500","2026-02-21T18:45:00.000","FAILING TO YIELD RIGHT-OF-WAY","NOT APPLICABLE","7627","S","JEFFERY BLVD","414",,,,,,,"2","NO INDICATION OF INJURY","0","0","0","0","0","2","0","17","7","2","41.7562367974","-87.5759402031","POINT (-87.575940203076 41.756236797394)"
"1faea6806aac8a30b72b9f8ca3303ab6abeb9e9f8ed0c65ba7bd2e3afae48ba95e42a37fbcbd72ad667b0c5dbb17e84228fe2c18c0ec3b72ed1a418cf20a4402",,"2026-02-21T17:38:00.000","30","TRAFFIC SIGNAL","FUNCTIONING PROPERLY","CLEAR","DARKNESS, LIGHTED ROAD","SIDESWIPE OPPOSITE DIRECTION","DIVIDED - W/MEDIAN (NOT RAISED)",,"STRAIGHT AND LEVEL","UNKNOWN","UNKNOWN","NOT ON SCENE (DESK REPORT)","NO INJURY / DRIVE AWAY",,,,"$501 - $1,500","2026-02-21T18:20:00.000","UNABLE TO DETERMINE","UNABLE TO DETERMINE","3600","W","ADDISON ST","1732",,,,,,,"2","NO INDICATION OF INJURY","0","0","0","0","0","2","0","17","7","2","41.9466121615","-87.7177041362","POINT (-87.71770413624 41.946612161493)"
"bf1ecce2193b292ef9777b10967cad499571d5c7b4d5c04f2c7672e8bf185bd559d51e8b6a240df97594c0c943f05f49307d504eb4646d9b089326ba72352cc9",,"2026-02-21T17:36:00.000","30","NO CONTROLS","NO CONTROLS","CLEAR","DUSK","ANGLE","FOUR WAY",,"STRAIGHT AND LEVEL","DRY","NO DEFECTS","ON SCENE","NO INJURY / DRIVE AWAY",,,,"OVER $1,500","2026-02-21T17:40:00.000","FAILING TO YIELD RIGHT-OF-WAY","FAILING TO YIELD RIGHT-OF-WAY","200","W","111TH ST","513",,,,,,,"2","NO INDICATION OF INJURY","0","0","0","0","0","3","0","17","7","2","41.6926346578","-87.6280299093","POINT (-87.628029909331 41.692634657761)"
"287b1a9f60b26cb2944cbd1de8a7ba7952dd35ae741953d07207eeb00d1421c5ba4c338ce70b3409970095f6bc5417c37e7c537c7d373ceb55aaf951a904c4d6","Y","2026-02-21T17:30:00.000","15","STOP SIGN/FLASHER","FUNCTIONING PROPERLY","CLEAR","DAYLIGHT","ANGLE","ALLEY",,"STRAIGHT AND LEVEL","DRY","NO DEFECTS","NOT ON SCENE (DESK REPORT)","NO INJURY / DRIVE AWAY",,,,"$501 - $1,500","2026-02-21T18:30:00.000","FAILING TO YIELD RIGHT-OF-WAY","NOT APPLICABLE","4814","W","POTOMAC AVE","2533",,,,,,,"2","NO INDICATION OF INJURY","0","0","0","0","0","4","0","17","7","2","41.9042739071","-87.7466626196","POINT (-87.746662619618 41.904273907127)"
"eba36b33adb9868a13554805b23a8e9291d29df01ae3838d1aeec6f5e4bbbf237b06956ed862b16daa898a5d5e965fda19fad764d23f14b4ad9e8bfad95cffe7",,"2026-02-21T17:30:00.000","30","NO CONTROLS","NO CONTROLS","CLEAR","DAYLIGHT","PEDALCYCLIST","ONE-WAY",,"STRAIGHT AND LEVEL","DRY","NO DEFECTS","NOT ON SCENE (DESK REPORT)","NO INJURY / DRIVE AWAY",,,"Y","OVER $1,500","2026-02-21T19:30:00.000","IMPROPER TURNING/NO SIGNAL","UNABLE TO DETERMINE","399","N","DEARBORN ST","1831",,,,,,,"2","NO INDICATION OF INJURY","0","0","0","0","0","2","0","17","7","2","41.8891449353","-87.6294365779","POINT (-87.629436577918 41.889144935303)"
"3e2277b842d24ed1e1abaedd4fba73eb6f72803f47e3c3dfa80b2f7b83d3e7a88f70c150ceb9b8bf2069de7623ce98e34842f6cf33d7652e77bc15c95728f3dc",,"2026-02-21T17:27:00.000","30","NO CONTROLS","NO CONTROLS","CLEAR","DUSK","ANGLE","NOT DIVIDED",,"STRAIGHT AND LEVEL","DRY","NO DEFECTS","ON SCENE","NO INJURY / DRIVE AWAY",,,,"OVER $1,500","2026-02-21T17:40:00.000","FOLLOWING TOO CLOSELY","NOT APPLICABLE","5321","S","ARCHER AVE","815",,,,,,,"2","NO INDICATION OF INJURY","0","0","0","0","0","2","0","17","7","2","41.7989659928","-87.7403836769","POINT (-87.740383676938 41.798965992785)"
"4f847e4175fd0b7ec176e8e037688bf87ab36418c16d6368373a44ea86c2ca4929808fd8eebfacf548ef1a31af9fa09a33085f1239655c402722ca57618d3f20",,"2026-02-21T17:26:00.000","25","STOP SIGN/FLASHER","FUNCTIONING PROPERLY","CLEAR","DUSK","ANGLE","FOUR WAY",,"STRAIGHT AND LEVEL","DRY","NO DEFECTS","ON SCENE","INJURY AND / OR TOW DUE TO CRASH","N",,,"OVER $1,500","2026-02-21T17:27:00.000","FAILING TO YIELD RIGHT-OF-WAY","NOT APPLICABLE","1400","S","KOMENSKY AVE","1011",,,,,,,"2","NO INDICATION OF INJURY","0","0","0","0","0","3","0","17","7","2","41.862411333","-87.7264308241","POINT (-87.726430824092 41.862411332955)"
"e78b5bb5d24b28da505013476086be1f388fbbc2b962b3c3412597dc8065bc2f8875b6b3de7517285a5a7269ef811338fcb03bce1c98e56a923ce1a21f0c5cf0",,"2026-02-21T17:22:00.000","30","TRAFFIC SIGNAL","UNKNOWN","CLEAR","DAYLIGHT","REAR END","DIVIDED - W/MEDIAN (NOT RAISED)",,"STRAIGHT AND LEVEL","DRY","UNKNOWN","ON SCENE","INJURY AND / OR TOW DUE TO CRASH",,,"Y","OVER $1,500","2026-02-21T17:22:00.000","FOLLOWING TOO CLOSELY","IMPROPER LANE USAGE","799","E","79TH ST","624",,,,,,,"2","REPORTED, NOT EVIDENT","1","0","0","0","1","1","0","17","7","2","41.751175615","-87.6052736537","POINT (-87.60527365367 41.751175614967)"
"172b4d24c9ac9dbc1f33a6967e146941444614ac2d88a10c58f0f97934f3216ae938159abd10551cef3291979cb3042e02524c1921a076803215430177fa17df",,"2026-02-21T17:15:00.000","30","TRAFFIC SIGNAL","FUNCTIONING PROPERLY","CLEAR","DARKNESS, LIGHTED ROAD","REAR END","FOUR WAY",,"STRAIGHT AND LEVEL","DRY","NO DEFECTS","NOT ON SCENE (DESK REPORT)","NO INJURY / DRIVE AWAY","Y",,,"$500 OR LESS","2026-02-21T18:15:00.000","FOLLOWING TOO CLOSELY","NOT APPLICABLE","303","S","WESTERN AVE","1225",,,,,,,"2","NO INDICATION OF INJURY","0","0","0","0","0","3","0","17","7","2","41.8774169038","-87.6861958847","POINT (-87.686195884703 41.877416903768)"
"3fb5c1f46f080202a66ac9b111ebb50761664d293d50c8229e83b07e91d463a54e32f510856c38b1e9a687fdaf40166030abf9dab1cf3107283a045d3c882fb5",,"2026-02-21T17:15:00.000","30","UNKNOWN","UNKNOWN","CLOUDY/OVERCAST","DAYLIGHT","SIDESWIPE SAME DIRECTION","NOT DIVIDED",,"STRAIGHT AND LEVEL","UNKNOWN","UNKNOWN","NOT ON SCENE (DESK REPORT)","NO INJURY / DRIVE AWAY",,,"Y","OVER $1,500","2026-02-22T14:50:00.000","UNABLE TO DETERMINE","UNABLE TO DETERMINE","1873","N","SHEFFIELD AVE","1813",,,,,,,"2","NO INDICATION OF INJURY","0","0","0","0","0","2","0","17","7","2","41.9158117336","-87.6531424411","POINT (-87.653142441096 41.915811733618)"
"0f7feffe86b945b38d69c1fe5dca0c61f1b649a373fc6c46b206847f707700e5c11098e7133c824038fe88361f086d787666265d45de308eff3190573ab1b780",,"2026-02-21T17:10:00.000","25","NO CONTROLS","NO CONTROLS","CLOUDY/OVERCAST","DAYLIGHT","REAR END","NOT DIVIDED",,"STRAIGHT AND LEVEL","DRY","NO DEFECTS","ON SCENE","INJURY AND / OR TOW DUE TO CRASH",,,"Y","$501 - $1,500","2026-02-21T17:13:00.000","UNABLE TO DETERMINE","NOT APPLICABLE","802","E","87TH ST","632",,,,,,,"2","REPORTED, NOT EVIDENT","2","0","0","0","2","1","0","17","7","2","41.7367610624","-87.6046803386","POINT (-87.604680338574 41.736761062422)"
"20999c720ea56c92fa4676ea0cee5e38cdc43f5c1b4bee56b065e7cbfea917e6322c9f455dc564d6d636cdad60422cf188c579c67e09ee6bd501c30829f8a103",,"2026-02-21T17:10:00.000","30","NO CONTROLS","NO CONTROLS","UNKNOWN","DARKNESS, LIGHTED ROAD","PARKED MOTOR VEHICLE","NOT DIVIDED",,"STRAIGHT AND LEVEL","UNKNOWN","UNKNOWN","NOT ON SCENE (DESK REPORT)","NO INJURY / DRIVE AWAY",,,,"$501 - $1,500","2026-02-21T18:30:00.000","IMPROPER LANE USAGE","NOT APPLICABLE","505","N","MC CLURG CT","1834",,,,,,,"2","NO INDICATION OF INJURY","0","0","0","0","0","1","0","17","7","2","41.8912365934","-87.617527839","POINT (-87.617527838958 41.891236593353)"
"454529a7f409b47ef628a74b7d0990c21d1af5b22de5a27fcfd7091e150d7664dbbe82837930b32fadbc57664688a48d22ee6d76ac50dbf0c5e71ebdbabc9fc0",,"2026-02-21T17:05:00.000","30","NO CONTROLS","NO CONTROLS","CLEAR","DUSK","TURNING","NOT DIVIDED",,"STRAIGHT AND LEVEL","DRY","NO DEFECTS","ON SCENE","NO INJURY / DRIVE AWAY",,,,"OVER $1,500","2026-02-21T17:05:00.000","FOLLOWING TOO CLOSELY","FAILING TO REDUCE SPEED TO AVOID CRASH","4021","W","51ST ST","815",,,,,,,"2","NO INDICATION OF INJURY","0","0","0","0","0","2","0","17","7","2","41.8004261364","-87.7242552581","POINT (-87.72425525811 41.80042613642)"