"crash_record_id","crash_date_est_i","crash_date","posted_speed_limit","traffic_control_device","device_condition","weather_condition","lighting_condition","first_crash_type","trafficway_type","lane_cnt","alignment","roadway_surface_cond","road_defect","report_type","crash_type","intersection_related_i","private_property_i","hit_and_run_i","damage","date_police_notified","prim_contributory_cause","sec_contributory_cause","street_no","street_direction","street_name","beat_of_occurrence","photos_taken_i","statements_taken_i","dooring_i","work_zone_i","work_zone_type","workers_present_i","num_units","most_severe_injury","injuries_total","injuries_fatal","injuries_incapacitating","injuries_non_incapacitating","injuries_reported_not_evident","injuries_no_indication","injuries_unknown","crash_hour","crash_day_of_week","crash_month","latitude","longitude","location"
"10d71a9946e3b88bd99f63e5b2d2024540828579d8a2cf038d6a0aed0f25a2fe50f2538bd699bac601ec84d62554c1e9b35d70fcdb6d307fdbd00271c5f462d2",,"2026-02-21T17:00:00.000","30","TRAFFIC SIGNAL","FUNCTIONING PROPERLY","CLEAR","DUSK","REAR END","FOUR WAY",,"STRAIGHT AND LEVEL","DRY","NO DEFECTS","NOT ON SCENE (DESK REPORT)","NO INJURY / DRIVE AWAY",,,,"OVER $1,500","2026-02-21T17:45:00.000","UNABLE TO DETERMINE","UNABLE TO DETERMINE","7572","W","FOREST PRESERVE AVE","1631",,,,,,,"2","NO INDICATION OF INJURY","0","0","0","0","0","2","0","17","7","2","41.9493542144","-87.816782365","POINT (-87.816782365049 41.949354214401)"
"6f868576ce0cd9d644f0d18f1051a6da591318cdcd03b3d60f5341b9d7af66efd09c20cafe344da4ce22a93c6707a6f5571966808a0930791e9564a744be5ad7",,"2026-02-21T17:00:00.000","30","NO CONTROLS","NO CONTROLS","CLEAR","DARKNESS, LIGHTED ROAD","ANGLE","NOT DIVIDED",,"STRAIGHT AND LEVEL","DRY","NO DEFECTS","NOT ON SCENE (DESK REPORT)","NO INJURY / DRIVE AWAY",,,"Y","OVER $1,500","2026-02-27T09:50:00.000","UNABLE TO DETERMINE","UNABLE TO DETERMINE","6100","S","PULASKI RD","813",,,,,,,"2","NO INDICATION OF INJURY","0","0","0","0","0","3","0","17","7","2","41.7822483397","-87.7230081715","POINT (-87.723008171535 41.782248339738)"
"3efbf1fedd049e0a3f53363ca9546a4690986e4e09814f3ecd74d402f3f37b18803d62a2543f1b315638f55ecf1fea6c670c96604e8079bf317542d2e5a34ba6",,"2026-02-21T16:57:00.000","30","TRAFFIC SIGNAL","FUNCTIONING PROPERLY","CLEAR","DUSK","TURNING","FOUR WAY",,"STRAIGHT AND LEVEL","DRY","NO DEFECTS","ON SCENE","INJURY AND / OR TOW DUE TO CRASH","Y",,,"OVER $1,500","2026-02-28T16:58:00.000","FAILING TO YIELD RIGHT-OF-WAY","NOT APPLICABLE","8700","S","COTTAGE GROVE AVE","632",,,,,,,"2","NO INDICATION OF INJURY","0","0","0","0","0","3","0","16","7","2","41.7366015585","-87.6049681002","POINT (-87.604968100168 41.736601558476)"
"32ef2bbdbea71b39de099eaed12fa33d8719d05c1eec60b7bb3a3d20b1b7b944eb145ce6fd154d29379112eb2ad92d1a0f5a78b65e52cc7dc171e02ba8c705f1",,"2026-02-21T16:45:00.000","30","STOP SIGN/FLASHER","FUNCTIONING PROPERLY","CLEAR","DAYLIGHT","TURNING","FOUR WAY",,"STRAIGHT AND LEVEL","DRY","NO DEFECTS","ON SCENE","NO INJURY / DRIVE AWAY",,,"Y","$501 - $1,500","2026-02-21T16:56:00.000","FAILING TO YIELD RIGHT-OF-WAY","NOT APPLICABLE","3101","N","LOCKWOOD AVE","2514",,,,,,,"2","NO INDICATION OF INJURY","0","0","0","0","0","2","0","16","7","2","41.9368932877","-87.7589166407","POINT (-87.758916640651 41.936893287737)"
"f289c0ce1ec4faaf97a58184a7632e5049ea75eae7f1b92bf67dd7ae44951837832df5d912f722f4cb9c495571fbeb29294f281aa9fc9bdcc04f09f72cda8506",,"2026-02-21T16:45:00.000","30","NO CONTROLS","NO CONTROLS","CLEAR","DUSK","OTHER OBJECT","PARKING LOT",,"STRAIGHT AND LEVEL","DRY","NO DEFECTS","ON SCENE","NO INJURY / DRIVE AWAY",,"Y",,"$501 - $1,500","2026-02-21T16:50:00.000","DRIVING SKILLS/KNOWLEDGE/EXPERIENCE","NOT APPLICABLE","15","W","111TH ST","522",,,,,,,"1","NO INDICATION OF INJURY","0","0","0","0","0","1","0","16","7","2","41.692467556","-87.6237590093","POINT (-87.623759009323 41.692467556013)"
"c6af8747242d43c398bd4900452cd750010f72bba557369066ea169f1c19d4f94b36190017cabb0f277b6a54bdaf45bf2b353e906a4a6f5b69fc555b43d1ea2c",,"2026-02-21T16:20:00.000","30","NO CONTROLS","NO CONTROLS","CLEAR","DAYLIGHT","REAR END","NOT DIVIDED",,"STRAIGHT AND LEVEL","DRY","NO DEFECTS","ON SCENE","INJURY AND / OR TOW DUE TO CRASH",,,,"OVER $1,500","2026-02-21T16:20:00.000","UNABLE TO DETERMINE","NOT APPLICABLE","3856","S","ARCHER AVE","911",,,,,,,"2","REPORTED, NOT EVIDENT","1","0","0","0","1","1","0","16","7","2","41.8234749679","-87.6891817938","POINT (-87.689181793834 41.823474967939)"
"02513d9a9426932f9840e25a3fbfb12768225b203478952fedbc289ddd30e723d731d35e49cedb68b80d41dd63ed4b0e203bff7c39b065be5651ad6708c50374",,"2026-02-21T16:15:00.000","10","NO CONTROLS","NO CONTROLS","CLEAR","DAYLIGHT","ANGLE","PARKING LOT",,"STRAIGHT AND LEVEL","DRY","NO DEFECTS","NOT ON SCENE (DESK REPORT)","INJURY AND / OR TOW DUE TO CRASH",,,"Y","$501 - $1,500","2026-02-23T10:29:00.000","UNABLE TO DETERMINE","UNABLE TO DETERMINE","7100","S","ASHLAND AVE","735",,,,,,,"2","REPORTED, NOT EVIDENT","1","0","0","0","1","1","0","16","7","2","41.7648593824","-87.6639401763","POINT (-87.663940176305 41.764859382425)"
"6f65d165762e4c55c3cfb1a3768d203b79ce6a802c2351d6ed1b77d1047279ef17f72ad198409a2ab6fb7106962fe908cf256263589afe68bf452fabd707bf48",,"2026-02-21T16:00:00.000","10","NO CONTROLS","NO CONTROLS","OTHER","DAYLIGHT","PEDESTRIAN","PARKING LOT",,"STRAIGHT AND LEVEL","ICE","UNKNOWN","NOT ON SCENE (DESK REPORT)","INJURY AND / OR TOW DUE TO CRASH",,,,"OVER $1,500","2026-02-22T11:35:00.000","UNABLE TO DETERMINE","UNABLE TO DETERMINE","10900","S","DOTY AVE W","513",,,,,,,"2","NONINCAPACITATING INJURY","1","0","0","1","0","1","0","16","7","2","41.696313684","-87.5966322439","POINT (-87.596632243933 41.696313683973)"
"cd9500484b8f87021179cc08ed78353376478b735b8d9d2ac8e14367dd81aa98d314dde890526c3f48cfac8122c03609a6d43a7334b791a05e38f0f1f8e2ec60","Y","2026-02-21T16:00:00.000","25","NO CONTROLS","NO CONTROLS","UNKNOWN","UNKNOWN","PARKED MOTOR VEHICLE","ONE-WAY",,"STRAIGHT AND LEVEL","UNKNOWN","UNKNOWN","NOT ON SCENE (DESK REPORT)","NO INJURY / DRIVE AWAY",,,"Y","OVER $1,500","2026-02-22T14:59:00.000","UNABLE TO DETERMINE","NOT APPLICABLE","4845","N","WOLCOTT AVE","2032",,,,,,,"2","NO INDICATION OF INJURY","0","0","0","0","0","1","0","16","7","2","41.9701322353","-87.6760973725","POINT (-87.676097372485 41.970132235301)"
"dcc67e766e69511b86610c3c3ee78858b3a909df0d8f1ddd71200145e4869ea2e5d2db59a15ac43ef50a3797d602c92e90466f92d4ef12b56295bbbf3230dabc",,"2026-02-21T15:55:00.000","30","NO CONTROLS","NO CONTROLS","CLEAR","DAYLIGHT","SIDESWIPE SAME DIRECTION","NOT DIVIDED",,"STRAIGHT AND LEVEL","UNKNOWN","UNKNOWN","NOT ON SCENE (DESK REPORT)","NO INJURY / DRIVE AWAY",,,,"OVER $1,500","2026-02-21T18:00:00.000","DRIVING SKILLS/KNOWLEDGE/EXPERIENCE","NOT APPLICABLE","3276","W","COLUMBUS AVE","834",,,,,,,"2","NO INDICATION OF INJURY","0","0","0","0","0","3","0","15","7","2","41.749110838","-87.7046095301","POINT (-87.704609530105 41.749110838018)"
"0a3a7009b87b71488e7cfec04975c702af679936a218bb855774850930097871229dbee10738c2021ccf613b3430f4347e6400713b752746aaee9c47c0867340","N","2026-02-21T15:50:00.000","5","NO CONTROLS","NO CONTROLS","CLEAR","DAYLIGHT","PARKED MOTOR VEHICLE","PARKING LOT",,"STRAIGHT AND LEVEL","DRY","NO DEFECTS","ON SCENE","NO INJURY / DRIVE AWAY",,,,"$501 - $1,500","2026-02-21T15:50:00.000","UNABLE TO DETERMINE","UNABLE TO DETERMINE","3105","W","26TH ST","1033",,,,,,,"2","NO INDICATION OF INJURY","0","0","0","0","0","5","0","15","7","2","41.8444329273","-87.7028128945","POINT (-87.702812894512 41.84443292728)"
"a6bc3577cf476337e1defac5d2d0c985d928807fbfc4413572d0a0df74e7d55c2504d7b99d93c29fdb148c27186d323d3bdfc8934a342b49b542b9ba17d2f3b8",,"2026-02-21T15:50:00.000","30","NO CONTROLS","NO CONTROLS","CLEAR","DAYLIGHT","ANGLE","NOT DIVIDED",,"STRAIGHT AND LEVEL","DRY","UNKNOWN","ON SCENE","INJURY AND / OR TOW DUE TO CRASH",,,,"OVER $1,500","2026-02-21T15:57:00.000","FAILING TO YIELD RIGHT-OF-WAY","NOT APPLICABLE","450","W","BELMONT AVE","1925",,,,,,,"2","REPORTED, NOT EVIDENT","1","0","0","0","1","1","0","15","7","2","41.9401983227","-87.6415450199","POINT (-87.641545019915 41.940198322732)"
"9abd97c8e3f42846b3436fd89bcb45c0f41b5117a86894855ea943addc106d72c3354ac3bbece0fcaf8b15ed5dfdd8e7b7b30b4a3d015c783523685b5734e6bc",,"2026-02-21T15:45:00.000","30","STOP SIGN/FLASHER","NO CONTROLS","CLEAR","DAYLIGHT","TURNING","ONE-WAY",,"STRAIGHT AND LEVEL","DRY","NO DEFECTS","NOT ON SCENE (DESK REPORT)","NO INJURY / DRIVE AWAY",,,,"$501 - $1,500","2026-02-24T15:15:00.000","UNABLE TO DETERMINE","UNABLE TO DETERMINE","656","W","MADISON ST","121",,,,,,,"2","NO INDICATION OF INJURY","0","0","0","0","0","2","0","15","7","2","41.8819203788","-87.6448545876","POINT (-87.644854587605 41.881920378773)"
"09d690617450758632d82274f7500e94816968619fcc071728ca9573a1d8fc3bc23cd711c9d8683edf6aad029f0d513591c3a1032a729340c081955c88af8a0a",,"2026-02-21T15:34:00.000","30","NO CONTROLS","NO CONTROLS","CLEAR","DAYLIGHT","PARKED MOTOR VEHICLE","NOT DIVIDED",,"STRAIGHT AND LEVEL","DRY","NO DEFECTS","ON SCENE","INJURY AND / OR TOW DUE TO CRASH",,,,"OVER $1,500","2026-02-21T15:34:00.000","IMPROPER OVERTAKING/PASSING","NOT APPLICABLE","1530","W","99TH ST","2213",,,,,,,"2","NO INDICATION OF INJURY","0","0","0","0","0","1","0","15","7","2","41.7140945387","-87.6614577747","POINT (-87.661457774734 41.714094538659)"
"224c5cdab841646c9ea610a919d7ef5ce8e9aa524e5be0505dd04c8e872721a3ea20fd379edeeea4ed02dd17acf79f532ef3df4f34516c49694577201201229d",,"2026-02-21T15:30:00.000","30","TRAFFIC SIGNAL","FUNCTIONING PROPERLY","CLEAR","DAYLIGHT","REAR END","DIVIDED - W/MEDIAN (NOT RAISED)",,"STRAIGHT AND LEVEL","DRY","NO DEFECTS","NOT ON SCENE (DESK REPORT)","NO INJURY / DRIVE AWAY",,,,"$501 - $1,500","2026-02-21T21:20:00.000","UNABLE TO DETERMINE","NOT APPLICABLE","6301","S","HARLEM AVE","812",,,,,,,"2","NO INDICATION OF INJURY","0","0","0","0","0","2","0","15","7","2","41.7772617725","-87.8007496292","POINT (-87.800749629191 41.77726177253)"
"c03e9703b7ad9f0ebdfb1acc5078629166e688bddad6af0ed5edfd8821e1bf9f87b99ec9cf442451e682477774c9776fccff831a812580feb9af0f5a7a6af979",,"2026-02-21T15:28:00.000","30","NO CONTROLS","NO CONTROLS","CLEAR","DAYLIGHT","TURNING","T-INTERSECTION",,"STRAIGHT AND LEVEL","DRY","NO DEFECTS","ON SCENE","INJURY AND / OR TOW DUE TO CRASH","Y","Y",,"OVER $1,500","2026-02-21T15:28:00.000","FAILING TO YIELD RIGHT-OF-WAY","NOT APPLICABLE","1500","S","WOOD ST","1233",,,,,,,"2","NONINCAPACITATING INJURY","1","0","0","1","0","3","0","15","7","2","41.8613577455","-87.6713409964","POINT (-87.671340996355 41.861357745509)"
"7a63d7c085f7920b09906198662b431e18bf0a90caced36f8d9926adc86f5b06f565c6876b9af79e43edfed21743c4204fe6d8d7b8d432ac7ab9762fc62f7152",,"2026-02-21T15:25:00.000","15","NO CONTROLS","NO CONTROLS","CLEAR","DAYLIGHT","FIXED OBJECT","OTHER",,"STRAIGHT AND LEVEL","UNKNOWN","UNKNOWN","NOT ON SCENE (DESK REPORT)","NO INJURY / DRIVE AWAY",,"Y","Y","OVER $1,500","2026-02-22T09:50:00.000","UNABLE TO DETERMINE","UNABLE TO DETERMINE","4850","N","ELSTON AVE","1712",,,,,,,"1","NO INDICATION OF INJURY","0","0","0","0","0","1","0","15","7","2","41.9689345859","-87.7417321734","POINT (-87.741732173403 41.968934585879)"
"30ddf371dd51e8b1751f99bd241d96d433b80c2a2f2707a0cf996d562c710d0d0f56d541aecb7a5ddcf0808f1d4e11f9bda70361be436e8aa4d2aa6e917d457e",,"2026-02-21T15:15:00.000","30","NO CONTROLS","NO CONTROLS","CLEAR","DAYLIGHT","PARKED MOTOR VEHICLE","NOT DIVIDED",,"STRAIGHT AND LEVEL","UNKNOWN","UNKNOWN","ON SCENE","NO INJURY / DRIVE AWAY",,,,"OVER $1,500","2026-02-21T15:59:00.000","FAILING TO REDUCE SPEED TO AVOID CRASH","UNABLE TO DETERMINE","9124","S","COMMERCIAL AVE","423",,,,,,,"2","NO INDICATION OF INJURY","0","0","0","0","0","1","0","15","7","2","41.7293020062","-87.5513843467","POINT (-87.551384346702 41.729302006176)"
"f69032e1cea5fa5320f1472cab088b76f1ed13f9d4f9b02bfd667431e11d01344ebb9b7c6cf88d8f948eedd26ff280d9b9ab19166712367aa9f3ff5e6f4bffb4",,"2026-02-21T15:10:00.000","30","TRAFFIC SIGNAL","FUNCTIONING PROPERLY","CLEAR","DAYLIGHT","REAR END","ONE-WAY",,"STRAIGHT AND LEVEL","DRY","NO DEFECTS","ON SCENE","NO INJURY / DRIVE AWAY",,,,"OVER $1,500","2026-02-21T16:15:00.000","FOLLOWING TOO CLOSELY","NOT APPLICABLE","157","W","ONTARIO ST","1832",,,,,,,"2","NO INDICATION OF INJURY","0","0","0","0","0","2","0","15","7","2","41.8930881399","-87.6334165522","POINT (-87.633416552181 41.893088139941)"
"5bab9bb598440c41e5ed62a722381817ccf7ca3369f7fd70d7677580b7dbbcd5d091c4380c88d28c2c1eb4e9261fda47b28703d04cb13d0914a875ac648a39c5",,"2026-02-21T15:07:00.000","30","TRAFFIC SIGNAL","FUNCTIONING PROPERLY","CLEAR","DAYLIGHT","REAR END","DIVIDED - W/MEDIAN BARRIER",,"STRAIGHT AND LEVEL","DRY","NO DEFECTS","NOT ON SCENE (DESK REPORT)","NO INJURY / DRIVE AWAY",,,"Y","OVER $1,500","2026-02-27T14:30:00.000","UNABLE TO DETERMINE","NOT APPLICABLE","6905","S","STATE ST","322",,,,,,,"2","NO INDICATION OF INJURY","0","0","0","0","0","2","0","15","7","2","41.7689825557","-87.6248033104","POINT (-87.624803310365 41.768982555682)"
"b3316a7c8996e08edf99bd144953c94515f3b13c9aa4af2353f32993e4225270f68dda59940b660d6a679f1152c0d810299ed135c34df92ab3d89cf59d513624","Y","2026-02-21T15:00:00.000","15","NO CONTROLS","NO CONTROLS","CLEAR","DAYLIGHT","PARKED MOTOR VEHICLE","PARKING LOT",,"STRAIGHT AND LEVEL","DRY","NO DEFECTS","NOT ON SCENE (DESK REPORT)","NO INJURY / DRIVE AWAY",,"Y",,"$500 OR LESS","2026-02-21T16:30:00.000","DRIVING SKILLS/KNOWLEDGE/EXPERIENCE","DRIVING SKILLS/KNOWLEDGE/EXPERIENCE","609","E","79TH ST","624",,,,,,,"2","NO INDICATION OF INJURY","0","0","0","0","0","1","0","15","7","2","41.7510966073","-87.6096830058","POINT (-87.60968300582 41.751096607258)"
"1cba3911e06d06cfd841757f63138e4d45145eabca8976d3ef70b35b56f21715636a2c14fc20cfc23b03b643dafe15df92bffa8ef9ea11201377640c989c387b",,"2026-02-21T14:50:00.000","30","NO CONTROLS","NO CONTROLS","CLEAR","DAYLIGHT","TURNING","DIVIDED - W/MEDIAN (NOT RAISED)",,"STRAIGHT AND LEVEL","DRY","NO DEFECTS","ON SCENE","INJURY AND / OR TOW DUE TO CRASH",,,,"OVER $1,500","2026-02-21T14:51:00.000","IMPROPER TURNING/NO SIGNAL","UNABLE TO DETERMINE","245","W","CERMAK RD","914",,,,,,,"2","NONINCAPACITATING INJURY","1","0","0","1","0","4","0","14","7","2","41.8527176496","-87.6337823703","POINT (-87.633782370323 41.85271764957)"
"e767768383394d2717a1073c68fedbe29b50cc055ac4841c4aa9d833e2b604d2e58b7971633db0c9aaa387513dad2443603703ab95fc2fceb453e213e4049f32",,"2026-02-21T14:50:00.000","30","TRAFFIC SIGNAL","FUNCTIONING PROPERLY","CLEAR","DAYLIGHT","SIDESWIPE SAME DIRECTION","NOT DIVIDED",,"STRAIGHT AND LEVEL","DRY","NO DEFECTS","ON SCENE","NO INJURY / DRIVE AWAY",,,,"OVER $1,500","2026-02-21T14:57:00.000","FAILING TO YIELD RIGHT-OF-WAY","IMPROPER OVERTAKING/PASSING","650","S","HALSTED ST","1232",,,,,,,"2","NO INDICATION OF INJURY","0","0","0","0","0","2","0","14","7","2","41.8735298724","-87.6472393144","POINT (-87.647239314388 41.873529872433)"
"1d44f95923988609a3545ff0a4a205f5609c01b91135ee30daaf301bd638267e3a9277418356cf12006a166ebefa0b0bb6653d5daf8d20c690d7a55d84306bed",,"2026-02-21T14:45:00.000","30","TRAFFIC SIGNAL","FUNCTIONING PROPERLY","CLOUDY/OVERCAST","DAYLIGHT","SIDESWIPE SAME DIRECTION","NOT DIVIDED",,"STRAIGHT ON GRADE","DRY","NO DEFECTS","ON SCENE","NO INJURY / DRIVE AWAY",,,,"$501 - $1,500","2026-02-21T14:50:00.000","UNABLE TO DETERMINE","UNABLE TO DETERMINE","10258","S","WESTERN AVE","2211",,,,,,,"2","NO INDICATION OF INJURY","0","0","0","0","0","4","0","14","7","2","41.7064645575","-87.6817700042","POINT (-87.681770004194 41.706464557469)"
"b5cede89bc16e6905344583f7b15b67c60d9236f97eb89ef86a41c34643e96354c1b5a3768f1951c9fe1170c80411e7cb0e43289d786d6a6acd487b99e027e5b",,"2026-02-21T14:45:00.000","30","UNKNOWN","UNKNOWN","UNKNOWN","DAYLIGHT","SIDESWIPE SAME DIRECTION","NOT DIVIDED",,"STRAIGHT AND LEVEL","UNKNOWN","UNKNOWN","NOT ON SCENE (DESK REPORT)","NO INJURY / DRIVE AWAY",,,,"$501 - $1,500","2026-02-21T15:20:00.000","UNABLE TO DETERMINE","UNABLE TO DETERMINE","5051","N","ASHLAND AVE","2032",,,,,,,"2","NO INDICATION OF INJURY","0","0","0","0","0","2","0","14","7","2","41.9739201683","-87.6694237963","POINT (-87.66942379628 41.973920168319)"
"c025c782d65d831031b23bfe3245b4403c5ced878176b063c87f8aad8041699681ed50f69e7af19cb3428997da68b8df8f2b4c687ad209d60152b148240a5e05",,"2026-02-21T14:45:00.000","30","NO CONTROLS","NO CONTROLS","CLEAR","DAYLIGHT","REAR END","NOT DIVIDED",,"STRAIGHT AND LEVEL","DRY","NO DEFECTS","NOT ON SCENE (DESK REPORT)","NO INJURY / DRIVE AWAY",,,,"OVER $1,500","2026-02-21T16:20:00.000","UNABLE TO DETERMINE","NOT APPLICABLE","1433","W","BELMONT AVE","1933",,,,,,,"2","NO INDICATION OF INJURY","0","0","0","0","0","2","0","14","7","2","41.9396353933","-87.6651419172","POINT (-87.665141917178 41.939635393333)"
"c870b9489b5299f930b3b92dccecc520226d3add422577f1f64bf14b66b3eda6a873aabc0082e9fff3bd463bebae5f6a78444729ef0450797a25305570b69856",,"2026-02-21T14:39:00.000","30","TRAFFIC SIGNAL","FUNCTIONING PROPERLY","CLOUDY/OVERCAST","DAYLIGHT","SIDESWIPE SAME DIRECTION","NOT DIVIDED",,"STRAIGHT AND LEVEL","DRY","NO DEFECTS","NOT ON SCENE (DESK REPORT)","NO INJURY / DRIVE AWAY",,,,"OVER $1,500","2026-02-21T15:01:00.000","NOT APPLICABLE","NOT APPLICABLE","2400","W","63RD ST","825",,,,,,,"2","NO INDICATION OF INJURY","0","0","0","0","0","3","0","14","7","2","41.7793318443","-87.6836757608","POINT (-87.683675760848 41.779331844298)"
"43034122793ab3b8f96ff647cb6069dd320b316de961dd4634c686feacd15c3d04b5650badf5374d0cff73ad03f7ae110d9e4207164631e0ae7be5d64f7d31c8",,"2026-02-21T14:38:00.000","30","TRAFFIC SIGNAL","FUNCTIONING PROPERLY","CLEAR","DAYLIGHT","SIDESWIPE SAME DIRECTION","NOT DIVIDED",,"STRAIGHT AND LEVEL","DRY","NO DEFECTS","NOT ON SCENE (DESK REPORT)","NO INJURY / DRIVE AWAY",,,,"$501 - $1,500","2026-02-21T16:15:00.000","IMPROPER OVERTAKING/PASSING","FAILING TO YIELD RIGHT-OF-WAY","3045","N","HALSTED ST","1934","Y",,,,,,"2","NO INDICATION OF INJURY","0","0","0","0","0","2","0","14","7","2","41.9376991359","-87.6490474622","POINT (-87.649047462188 41.9376991359)"
"52cf2674d359afcdd35c268a3ba46a145efa2e445ec2a7ef48d8fca977f7521c2277453e4e22083acc15d47f53280907c1ca615a6a8f3160ab957f1d12107ce3",,"2026-02-21T14:36:00.000","30","TRAFFIC SIGNAL","FUNCTIONING PROPERLY","CLEAR","DAYLIGHT","SIDESWIPE SAME DIRECTION","NOT DIVIDED",,"STRAIGHT AND LEVEL","DRY","NO DEFECTS","NOT ON SCENE (DESK REPORT)","NO INJURY / DRIVE AWAY",,,,"$501 - $1,500","2026-02-21T14:57:00.000","NOT APPLICABLE","NOT APPLICABLE","7100","S","DAMEN AVE","735",,,,,,,"2","NO INDICATION OF INJURY","0","0","0","0","0","3","0","14","7","2","41.7647131874","-87.6736784893","POINT (-87.673678489303 41.764713187398)"
"7d699d4da887f307abf44d49626b74ed0e944a7bbd4bba3d14e2f63ede0cd9c9f4223d02ce17e09c9ae7301199f04613079e92c74c5f68b7202bdef93674ce9c",,"2026-02-21T14:35:00.000","25","NO CONTROLS","NO CONTROLS","CLEAR","DAYLIGHT","PARKED MOTOR VEHICLE","PARKING LOT",,"STRAIGHT AND LEVEL","DRY","NO DEFECTS","NOT ON SCENE (DESK REPORT)","NO INJURY / DRIVE AWAY",,"Y","Y","OVER $1,500","2026-02-21T15:01:00.000","UNABLE TO DETERMINE","UNABLE TO DETERMINE","2637","S","PULASKI RD","1031",,,,,,,"2","NO INDICATION OF INJURY","0","0","0","0","0","2","0","14","7","2","41.843133975","-87.7243721609","POINT (-87.724372160876 41.843133975006)"
"463dc71c8d48c03d812a385047e3c37e6a081dbc9f8a75984dfc44aa313efe0f19b0df763db284bd880b107e3c5ed6e29d0ff3028f8236faf3950b227c8521ff",,"2026-02-21T14:30:00.000","15","NO CONTROLS","NO CONTROLS","CLEAR","DAYLIGHT","ANGLE","T-INTERSECTION",,"STRAIGHT AND LEVEL","UNKNOWN","UNKNOWN","NOT ON SCENE (DESK REPORT)","NO INJURY / DRIVE AWAY",,,,"OVER $1,500","2026-02-21T15:00:00.000","DRIVING SKILLS/KNOWLEDGE/EXPERIENCE","NOT APPLICABLE","1945","N","WASHTENAW AVE","1421",,,,,,,"2","NO INDICATION OF INJURY","0","0","0","0","0","2","0","14","7","2","41.9170606264","-87.6945917156","POINT (-87.694591715605 41.917060626428)"
"5a3a356a318e0382c6740e60d94c08d703ca455aeb93b3920751a4602086417c3d3da9c36a4f561cc7a1edd09e6569e0ec7b73a5f285a0d8ced842808eca4bcc",,"2026-02-21T14:30:00.000","25","TRAFFIC SIGNAL","NO CONTROLS","CLEAR","DAYLIGHT","REAR END","DIVIDED - W/MEDIAN (NOT RAISED)",,"STRAIGHT AND LEVEL","DRY","NO DEFECTS","NOT ON SCENE (DESK REPORT)","NO INJURY / DRIVE AWAY",,,,"OVER $1,500","2026-02-21T15:00:00.000","FOLLOWING TOO CLOSELY","NOT APPLICABLE","5654","S","ARCHER AVE","814",,,,,,,"2","NO INDICATION OF INJURY","0","0","0","0","0","2","0","14","7","2","41.7973841019","-87.7522776551","POINT (-87.752277655116 41.79738410191)"
"c1149d91ab1155129c9cd216a38018828fd515466b23e591ca9c5f62b9b98b88114151dec4a4733baf7f9cc812d90baa6b6d9e11b5e0916c39e779fb2cc9ba39",,"2026-02-21T14:24:00.000","30","NO CONTROLS","NO CONTROLS","CLOUDY/OVERCAST","DAYLIGHT","FIXED OBJECT","ONE-WAY",,"STRAIGHT AND LEVEL","DRY","NO DEFECTS","ON SCENE","INJURY AND / OR TOW DUE TO CRASH",,,,"$501 - $1,500","2026-02-21T14:24:00.000","UNABLE TO DETERMINE","UNABLE TO DETERMINE","9333","S","EVANS AVE","633",,,,,,,"1","NONINCAPACITATING INJURY","1","0","0","1","0","1","0","14","7","2","41.7246965347","-87.6056286132","POINT (-87.605628613169 41.724696534722)"
"455c40e2c7a04459dfc1cb413ff37ab60044a2bb697ff26c42b7e36a07fcc1d4e83ebce6cce5c4576aaf3363795286b79fac84c21fdc6837def318a4b76299d0",,"2026-02-21T14:22:00.000","30","STOP SIGN/FLASHER","FUNCTIONING PROPERLY","CLEAR","DAYLIGHT","TURNING","FOUR WAY",,"STRAIGHT AND LEVEL","DRY","NO DEFECTS","NOT ON SCENE (DESK REPORT)","NO INJURY / DRIVE AWAY",,,"Y","OVER $1,500","2026-02-21T16:00:00.000","UNABLE TO DETERMINE","NOT APPLICABLE","4400","S","CALIFORNIA AVE","922",,,,,,,"2","NO INDICATION OF INJURY","0","0","0","0","0","2","0","14","7","2","41.8136416874","-87.6945145376","POINT (-87.694514537586 41.813641687374)"
"d20f16dc4733f979eb07021e479e2f6759eed9094b988e3ea8a68fecf166775318ad6b377cab41a45622305569b9f002f217a428b45d191c1bcc28feaf377e19",,"2026-02-21T14:20:00.000","30","UNKNOWN","UNKNOWN","UNKNOWN","DAYLIGHT","SIDESWIPE SAME DIRECTION","NOT DIVIDED",,"STRAIGHT AND LEVEL","UNKNOWN","UNKNOWN","NOT ON SCENE (DESK REPORT)","NO INJURY / DRIVE AWAY",,,,"$501 - $1,500","2026-02-22T10:50:00.000","UNABLE TO DETERMINE","NOT APPLICABLE","3117","W","ADDISON ST","1733",,,,,,,"2","NO INDICATION OF INJURY","0","0","0","0","0","2","0","14","7","2","41.9465324053","-87.7061081183","POINT (-87.706108118326 41.946532405321)"