"crash_record_id","crash_date_est_i","crash_date","posted_speed_limit","traffic_control_device","device_condition","weather_condition","lighting_condition","first_crash_type","trafficway_type","lane_cnt","alignment","roadway_surface_cond","road_defect","report_type","crash_type","intersection_related_i","private_property_i","hit_and_run_i","damage","date_police_notified","prim_contributory_cause","sec_contributory_cause","street_no","street_direction","street_name","beat_of_occurrence","photos_taken_i","statements_taken_i","dooring_i","work_zone_i","work_zone_type","workers_present_i","num_units","most_severe_injury","injuries_total","injuries_fatal","injuries_incapacitating","injuries_non_incapacitating","injuries_reported_not_evident","injuries_no_indication","injuries_unknown","crash_hour","crash_day_of_week","crash_month","latitude","longitude","location"
"b3b4f25843709cf83785003fc00d624f7c5cf1570019cc8807f155f8c3cc46d7550f9ea56b5331b232254c4aefce83ba2c21a2128aa8cb8af9bd4bee95b94f0c",,"2026-02-21T14:12:00.000","25","TRAFFIC SIGNAL","FUNCTIONING PROPERLY","CLEAR","DAYLIGHT","ANGLE","DIVIDED - W/MEDIAN (NOT RAISED)",,"STRAIGHT AND LEVEL","DRY","NO DEFECTS","ON SCENE","INJURY AND / OR TOW DUE TO CRASH","Y",,,"OVER $1,500","2026-02-21T16:11:00.000","DISREGARDING TRAFFIC SIGNALS","FAILING TO REDUCE SPEED TO AVOID CRASH","3200","W","53RD ST","822",,,,,,,"2","NO INDICATION OF INJURY","0","0","0","0","0","2","0","14","7","2","41.7972755581","-87.7037240891","POINT (-87.703724089142 41.797275558073)"
"5dcd908d734651106fa6641c883ab0642430e49211aa8095fbea56ec87a3440d6bad18f94bc856e9502613160137509769b25eac13b4b9ae93f53e3da89adb31",,"2026-02-21T14:08:00.000","5","NO CONTROLS","NO CONTROLS","CLEAR","DAYLIGHT","PARKED MOTOR VEHICLE","PARKING LOT",,"STRAIGHT AND LEVEL","DRY","UNKNOWN","NOT ON SCENE (DESK REPORT)","NO INJURY / DRIVE AWAY",,,"Y","OVER $1,500","2026-02-21T17:15:00.000","UNABLE TO DETERMINE","UNABLE TO DETERMINE","7900","S","DR MARTIN LUTHER KING JR DR","623",,,,,,,"2","NO INDICATION OF INJURY","0","0","0","0","0","1","0","14","7","2","41.7510204707","-87.6151022455","POINT (-87.615102245534 41.751020470682)"
"346faefd8161f0a0b9b67d0eed2aecf46ee6f281bda139ac2ed8ec01dd64d73cf82e7249e0e14dd2cff8eef9af640eacbb14d857c9c3f30ac3ad4fd48b4f6324",,"2026-02-21T14:00:00.000","30","TRAFFIC SIGNAL","FUNCTIONING PROPERLY","UNKNOWN","UNKNOWN","REAR END","NOT DIVIDED",,"STRAIGHT AND LEVEL","UNKNOWN","UNKNOWN","NOT ON SCENE (DESK REPORT)","NO INJURY / DRIVE AWAY",,,,"$501 - $1,500","2026-02-28T14:40:00.000","UNABLE TO DETERMINE","NOT APPLICABLE","5201","W","GRAND AVE","2515",,,,,,,"2","NO INDICATION OF INJURY","0","0","0","0","0","2","0","14","7","2","41.9168399143","-87.7560359507","POINT (-87.756035950733 41.916839914318)"
"529d3c3fa4865858d7b6aa688a583c3c569f76e53a5d83e5c9e2c15ad68f28919c4c05699df58c981ade90e1e5890b9e51e32da409fd78962565945954037fb8",,"2026-02-21T14:00:00.000","30","NO CONTROLS","NO CONTROLS","CLEAR","DAYLIGHT","REAR END","NOT DIVIDED",,"STRAIGHT AND LEVEL","DRY","NO DEFECTS","NOT ON SCENE (DESK REPORT)","NO INJURY / DRIVE AWAY",,,,"OVER $1,500","2026-02-21T15:20:00.000","FOLLOWING TOO CLOSELY","NOT APPLICABLE","3350","S","KEDZIE AVE","1032",,,,,,,"2","NO INDICATION OF INJURY","0","0","0","0","0","2","0","14","7","2","41.8319601024","-87.7048204011","POINT (-87.704820401057 41.831960102381)"
"f61dbbe2ff9de9965cd9019e5e488557da162600951a77635ddc30528da28a4c23e825f938a390b98a6580f7ee4c55a5754c526ef250724510b80464b2dad6cf",,"2026-02-21T13:35:00.000","30","UNKNOWN","UNKNOWN","UNKNOWN","UNKNOWN","REAR END","UNKNOWN",,"STRAIGHT AND LEVEL","UNKNOWN","UNKNOWN","NOT ON SCENE (DESK REPORT)","NO INJURY / DRIVE AWAY",,,,"OVER $1,500","2026-02-21T13:40:00.000","UNABLE TO DETERMINE","NOT APPLICABLE","5701","N","CENTRAL AVE","1623",,,,,,,"2","NO INDICATION OF INJURY","0","0","0","0","0","2","0","13","7","2","41.9847765691","-87.7681563515","POINT (-87.768156351471 41.984776569097)"
"81e927de274688a0cd852de6b463942658ed062fb979b071c33d21d85c17c67e6e260ee43de275ffaaccd875b4c7146e754842b39c2c5006471f248a80201067",,"2026-02-21T13:30:00.000","30","NO CONTROLS","NO CONTROLS","CLEAR","DAYLIGHT","SIDESWIPE SAME DIRECTION","NOT DIVIDED",,"STRAIGHT AND LEVEL","DRY","NO DEFECTS","NOT ON SCENE (DESK REPORT)","NO INJURY / DRIVE AWAY",,,,"$501 - $1,500","2026-02-21T18:32:00.000","FAILING TO YIELD RIGHT-OF-WAY","NOT APPLICABLE","10749","S","WENTWORTH AVE","513",,,,,,,"2","NO INDICATION OF INJURY","0","0","0","0","0","2","0","13","7","2","41.6983321144","-87.6279029225","POINT (-87.627902922506 41.698332114388)"
"e117393a354af56f2eaa2e8940eae8411d2a72b7a8ab95db773bc7fa8659e904f5a94c9f513dfb68490856aee36aa05ecf555b418c39294bf1893914c62ee731",,"2026-02-21T13:30:00.000","30","NO CONTROLS","NO CONTROLS","CLEAR","DAYLIGHT","ANGLE","DIVIDED - W/MEDIAN (NOT RAISED)",,"STRAIGHT AND LEVEL","DRY","NO DEFECTS","NOT ON SCENE (DESK REPORT)","NO INJURY / DRIVE AWAY",,,,"OVER $1,500","2026-02-21T14:00:00.000","FAILING TO YIELD RIGHT-OF-WAY","UNABLE TO DETERMINE","3151","N","CLYBOURN AVE","1931",,,,,,,"2","NO INDICATION OF INJURY","0","0","0","0","0","2","0","13","7","2","41.9388412601","-87.6869827906","POINT (-87.686982790645 41.938841260079)"
"3ee38dd03e1ed0e9ae5903eae3f242b26ff7321cc0a347cd3b7e5f68aa3613ff82d92fe7bed8794db1ba1e5a67b027009eeed60c934cd9ff0b82edb030a7eceb",,"2026-02-21T13:10:00.000","30","TRAFFIC SIGNAL","FUNCTIONING PROPERLY","CLOUDY/OVERCAST","DAYLIGHT","ANGLE","FOUR WAY",,"STRAIGHT AND LEVEL","DRY","NO DEFECTS","ON SCENE","NO INJURY / DRIVE AWAY","Y",,,"OVER $1,500","2026-02-21T13:25:00.000","DISTRACTION - FROM INSIDE VEHICLE","DISTRACTION - FROM INSIDE VEHICLE","2701","W","OGDEN AVE","1023",,,,,,,"2","NO INDICATION OF INJURY","0","0","0","0","0","5","0","13","7","2","41.8620688198","-87.6932822131","POINT (-87.693282213131 41.862068819751)"
"64126994b9241a64b0d15cc6f0ffb0daad1c60058bd145e46dccc428fe662bd0fc99b343cf4a64ab76d6cb87b4de309ed5d571e5453d07dd12f36af2175d7a87",,"2026-02-21T13:10:00.000","30","NO CONTROLS","NO CONTROLS","CLEAR","DAYLIGHT","TURNING","NOT DIVIDED",,"STRAIGHT AND LEVEL","DRY","NO DEFECTS","NOT ON SCENE (DESK REPORT)","NO INJURY / DRIVE AWAY",,,,"OVER $1,500","2026-02-21T13:50:00.000","UNABLE TO DETERMINE","UNABLE TO DETERMINE","1365","W","37TH ST","912",,,,,,,"2","NO INDICATION OF INJURY","0","0","0","0","0","3","0","13","7","2","41.8268100071","-87.660110348","POINT (-87.660110348005 41.826810007054)"
"7a0016563861460a3a70622b0f1d5064ac0f530151508ef19d70b3f858a322b38afbff30ce0c3aebba8f0de64f042affad0dc8804ee7eb4287fd9b9678c93515",,"2026-02-21T13:04:00.000","35","NO CONTROLS","NO CONTROLS","CLEAR","DAYLIGHT","SIDESWIPE SAME DIRECTION","NOT DIVIDED",,"STRAIGHT AND LEVEL","DRY","NO DEFECTS","NOT ON SCENE (DESK REPORT)","NO INJURY / DRIVE AWAY",,,,"$500 OR LESS","2026-02-21T13:09:00.000","FAILING TO YIELD RIGHT-OF-WAY","NOT APPLICABLE","1841","S","CALUMET AVE","132",,,,,,,"2","NO INDICATION OF INJURY","0","0","0","0","0","3","0","13","7","2","41.8567991585","-87.6189873933","POINT (-87.618987393271 41.856799158542)"
"8f09e6a3721dcfd5b728655c33e1394ad31618a066f3b027fda73f0ce1c95d62e1d2fd17a613468b22c5c3ff48b9a626c7664647611ab0bfdc6cf48087c6d9f5",,"2026-02-21T12:55:00.000","30","TRAFFIC SIGNAL","FUNCTIONING PROPERLY","CLEAR","DAYLIGHT","TURNING","NOT DIVIDED",,"STRAIGHT AND LEVEL","DRY","NO DEFECTS","ON SCENE","INJURY AND / OR TOW DUE TO CRASH","Y",,,"OVER $1,500","2026-02-21T13:17:00.000","FAILING TO YIELD RIGHT-OF-WAY","NOT APPLICABLE","731","W","WILSON AVE","1914",,"Y",,,,,"2","NO INDICATION OF INJURY","0","0","0","0","0","6","0","12","7","2","41.9653845058","-87.6487542198","POINT (-87.648754219778 41.965384505761)"
"a29c6738a625e2f613c6f45b0a6c49a0ccfb255735b519aa8ebee8cf9a979e1b4db4349840ebe3ce4d7796a380d508293059780f83a6465677e0e9765640e585",,"2026-02-21T12:55:00.000","30","STOP SIGN/FLASHER","FUNCTIONING PROPERLY","CLEAR","DAYLIGHT","ANGLE","NOT DIVIDED",,"STRAIGHT AND LEVEL","DRY","NO DEFECTS","NOT ON SCENE (DESK REPORT)","NO INJURY / DRIVE AWAY",,,,"OVER $1,500","2026-02-21T14:00:00.000","UNABLE TO DETERMINE","UNABLE TO DETERMINE","1","N","FRANCISCO AVE","1222",,,,,,,"2","NO INDICATION OF INJURY","0","0","0","0","0","4","0","12","7","2","41.8811093772","-87.6985883187","POINT (-87.698588318708 41.881109377234)"
"e010b8f9c00650b546fad9a6cdb33880aa53c7c067f3be673f2f41bd773caf3630dafc4de52f26513504cefa76b7ea9802d064555a2afae0df5ec248babd36f0",,"2026-02-21T12:53:00.000","30","NO CONTROLS","NO CONTROLS","CLEAR","DAYLIGHT","REAR END","NOT DIVIDED",,"STRAIGHT AND LEVEL","DRY","UNKNOWN","ON SCENE","NO INJURY / DRIVE AWAY",,,,"OVER $1,500","2026-02-21T12:55:00.000","FOLLOWING TOO CLOSELY","UNABLE TO DETERMINE","3332","S","DAMEN AVE","912",,,,,,,"2","NO INDICATION OF INJURY","0","0","0","0","0","4","0","12","7","2","41.8330428871","-87.6754945237","POINT (-87.675494523689 41.833042887071)"
"7d3d9f884be0e782834d24135750f53e6bb78adf11a076a27dbcf22e60bdd590472ab6735486be596743a43d390b48421a3c74723166ac73d553c1dfaa8af956",,"2026-02-21T12:46:00.000","45","NO CONTROLS","NO CONTROLS","CLEAR","DAYLIGHT","REAR END","DIVIDED - W/MEDIAN BARRIER",,"STRAIGHT AND LEVEL","DRY","NO DEFECTS","NOT ON SCENE (DESK REPORT)","NO INJURY / DRIVE AWAY",,,,"OVER $1,500","2026-02-22T21:05:00.000","UNABLE TO DETERMINE","NOT APPLICABLE","600","N","LAKE SHORE DR NB","1834",,,,,,,"2","NO INDICATION OF INJURY","0","0","0","0","0","2","0","12","7","2","41.8926672756","-87.6143625489","POINT (-87.614362548909 41.89266727562)"
"f827859ce920e2982456fbb24962f66df2e36c9d897553f0641cd665207fad37db4d6112ca55cb2c057a179371d2548328466519ed972046e41794ab4e274a87",,"2026-02-21T12:45:00.000","30","NO CONTROLS","NO CONTROLS","CLEAR","DAYLIGHT","SIDESWIPE SAME DIRECTION","NOT DIVIDED",,"STRAIGHT AND LEVEL","UNKNOWN","UNKNOWN","NOT ON SCENE (DESK REPORT)","NO INJURY / DRIVE AWAY",,,,"$501 - $1,500","2026-02-21T13:40:00.000","IMPROPER LANE USAGE","NOT APPLICABLE","653","N","KINGSBURY ST","1831",,,,,,,"2","NO INDICATION OF INJURY","0","0","0","0","0","2","0","12","7","2","41.8935595521","-87.6413133901","POINT (-87.641313390103 41.893559552102)"
"6106eb653dd1032c43b7ca6d6cd82636e737683647cb67c5ae7435d032b46b9b3fc337121e0f9cefd58a6f1edf09c1a7494fa95f51ce0352e04563f8e4dd62a0",,"2026-02-21T12:40:00.000","30","NO CONTROLS","NO CONTROLS","CLEAR","DAYLIGHT","SIDESWIPE SAME DIRECTION","NOT DIVIDED",,"STRAIGHT AND LEVEL","DRY","NO DEFECTS","NOT ON SCENE (DESK REPORT)","NO INJURY / DRIVE AWAY",,,,"OVER $1,500","2026-02-21T13:05:00.000","IMPROPER OVERTAKING/PASSING","NOT APPLICABLE","4000","S","CICERO AVE","1031",,,,,,,"2","NO INDICATION OF INJURY","0","0","0","0","0","2","0","12","7","2","41.820565773","-87.7436531982","POINT (-87.743653198213 41.820565772976)"
"991079a51988cc8760d938be9b99cfda1c7d5e857b0ba44fad5d4ac63495a81bd3072b53b669fc9b777470af3ca146b209853422bdab586c24a92f69b86b75ec",,"2026-02-21T12:40:00.000","25","NO CONTROLS","NO CONTROLS","CLEAR","DAYLIGHT","REAR END","NOT DIVIDED",,"STRAIGHT AND LEVEL","DRY","NO DEFECTS","NOT ON SCENE (DESK REPORT)","NO INJURY / DRIVE AWAY",,,,"OVER $1,500","2026-02-21T13:00:00.000","UNABLE TO DETERMINE","UNABLE TO DETERMINE","3229","S","PULASKI RD","1031",,,,,,,"2","NO INDICATION OF INJURY","0","0","0","0","0","2","0","12","7","2","41.8342035326","-87.7241475327","POINT (-87.72414753269 41.834203532645)"
"f630ee50e539b1b150e3ed76d36f8bdf168b3aee6bcd130d6d2001851bef2ad772b0635249a0dd91acbdc409919a9a7052dfadd95a8c1944c8848f63b7f0cd6d",,"2026-02-21T12:40:00.000","25","TRAFFIC SIGNAL","UNKNOWN","CLEAR","DAYLIGHT","ANGLE","FOUR WAY",,"STRAIGHT AND LEVEL","DRY","WORN SURFACE","NOT ON SCENE (DESK REPORT)","INJURY AND / OR TOW DUE TO CRASH","Y",,,"OVER $1,500","2026-02-21T15:40:00.000","UNABLE TO DETERMINE","NOT APPLICABLE","515","E","ILLINOIS ST","1834",,,,,,,"2","NO INDICATION OF INJURY","0","0","0","0","0","4","0","12","7","2","41.891001443","-87.6143798638","POINT (-87.614379863773 41.891001443012)"
"da1778ca487c2c7cbdcdc1100ad3b0faeecfb50cd397e34ad09bef9f84660610d1b65a8366da239db4fd830068c9f099e279f4e0f65fa3884c5af9e3f0c11fbf",,"2026-02-21T12:39:00.000","30","NO CONTROLS","NO CONTROLS","CLEAR","DAYLIGHT","PARKED MOTOR VEHICLE","DIVIDED - W/MEDIAN (NOT RAISED)",,"STRAIGHT AND LEVEL","UNKNOWN","UNKNOWN","NOT ON SCENE (DESK REPORT)","NO INJURY / DRIVE AWAY",,,"Y","$501 - $1,500","2026-02-21T13:00:00.000","DRIVING SKILLS/KNOWLEDGE/EXPERIENCE","NOT APPLICABLE","1838","W","NORTH AVE","1434",,,,,,,"2","NO INDICATION OF INJURY","0","0","0","0","0","4","0","12","7","2","41.9106467449","-87.6741162048","POINT (-87.674116204801 41.910646744947)"
"496f2dfc883bfc91de00586dc5a9ae46bfc339c1e6455d32ec1c40d0f43d684da516267552ac3bf73c4aac306a15f94cd7ff52417cd763dcd87085a4522e6c3f",,"2026-02-21T12:34:00.000","30","UNKNOWN","UNKNOWN","CLOUDY/OVERCAST","DAYLIGHT","SIDESWIPE SAME DIRECTION","PARKING LOT",,"STRAIGHT AND LEVEL","UNKNOWN","UNKNOWN","NOT ON SCENE (DESK REPORT)","NO INJURY / DRIVE AWAY",,"Y",,"OVER $1,500","2026-02-21T14:00:00.000","UNABLE TO DETERMINE","UNABLE TO DETERMINE","2112","N","ASHLAND AVE","1432",,,,,,,"2","NO INDICATION OF INJURY","0","0","0","0","0","2","0","12","7","2","41.9202454905","-87.6685729626","POINT (-87.668572962613 41.920245490489)"
"118ac1f31b3839c68dd9c19d8e391def406611795bd1b2f931f739e161b5d4b44a76680fb53ac2760c331eee87793ed3a4086ca9fe1faa7d49c205d747399d75",,"2026-02-21T12:32:00.000","30","TRAFFIC SIGNAL","UNKNOWN","UNKNOWN","DAYLIGHT","SIDESWIPE SAME DIRECTION","DIVIDED - W/MEDIAN (NOT RAISED)",,"STRAIGHT AND LEVEL","UNKNOWN","UNKNOWN","NOT ON SCENE (DESK REPORT)","NO INJURY / DRIVE AWAY","N",,,"OVER $1,500","2026-03-01T17:00:00.000","IMPROPER OVERTAKING/PASSING","FAILING TO REDUCE SPEED TO AVOID CRASH","627","N","KINGSBURY ST","1831",,,,,,,"2","NO INDICATION OF INJURY","0","0","0","0","0","2","0","12","7","2","41.8931149782","-87.6409963361","POINT (-87.640996336117 41.893114978179)"
"3af9b896cedac8e0bea6cbd81655e070a143d16eae473eabe60b2a841038915085be282ec64f0f6bbf1b4a82f581f82896bb5374d69468d7784e158df972f8e0",,"2026-02-21T12:30:00.000","20","NO CONTROLS","NO CONTROLS","CLEAR","DAYLIGHT","TURNING","NOT DIVIDED",,"STRAIGHT AND LEVEL","DRY","NO DEFECTS","ON SCENE","NO INJURY / DRIVE AWAY",,,,"OVER $1,500","2026-02-21T12:30:00.000","NOT APPLICABLE","NOT APPLICABLE","9118","S","COMMERCIAL AVE","423",,,,,,,"2","NO INDICATION OF INJURY","0","0","0","0","0","5","0","12","7","2","41.7294720743","-87.5513888014","POINT (-87.551388801438 41.729472074284)"
"fd7c92903525f6aefd4a4060874acb07414fa0a4cf67c2e22b82a4d15719914c1c9f4b444f783c952479df846145ba1909c7e21a0322441155fe2219c5b9b2f8","Y","2026-02-21T12:30:00.000","30","NO CONTROLS","NO CONTROLS","UNKNOWN","UNKNOWN","PARKED MOTOR VEHICLE","ONE-WAY",,"STRAIGHT AND LEVEL","UNKNOWN","UNKNOWN","ON SCENE","NO INJURY / DRIVE AWAY",,,"Y","OVER $1,500","2026-02-22T10:40:00.000","UNABLE TO DETERMINE","NOT APPLICABLE","1111","W","RANDOLPH ST","1224",,,,,,,"2","NO INDICATION OF INJURY","0","0","0","0","0","1","0","12","7","2","41.8841657377","-87.6549293732","POINT (-87.654929373232 41.884165737674)"
"0f97094582dac66314dcc65b2b6eaa5783e291bdd22932e83046eaeeecf7b323b15e0d10cdf10dd369c263f75f737b9c62f9529959c5f3ca40f53a9e7b2560c4",,"2026-02-21T12:15:00.000","25","NO CONTROLS","NO CONTROLS","CLEAR","DAYLIGHT","SIDESWIPE SAME DIRECTION","ONE-WAY",,"STRAIGHT AND LEVEL","DRY","NO DEFECTS","NOT ON SCENE (DESK REPORT)","NO INJURY / DRIVE AWAY",,,,"$501 - $1,500","2026-02-21T12:40:00.000","FAILING TO YIELD RIGHT-OF-WAY","UNABLE TO DETERMINE","1342","W","NEWPORT AVE","1924","Y",,,,,,"2","NO INDICATION OF INJURY","0","0","0","0","0","2","0","12","7","2","41.9444527171","-87.6632232506","POINT (-87.663223250597 41.944452717126)"
"e84d4f83ddbe4b25b95a8fbff26cb8e9e40a3f534efb588adcc9fa67d905a6a59a099fb42ba840ab5ec259505165e302d3b75ec0c28f0231bed853df0c12c3bf",,"2026-02-21T12:15:00.000","30","NO CONTROLS","NO CONTROLS","CLEAR","DAYLIGHT","TURNING","OTHER",,"STRAIGHT AND LEVEL","DRY","NO DEFECTS","ON SCENE","NO INJURY / DRIVE AWAY",,,,"OVER $1,500","2026-02-21T12:20:00.000","UNABLE TO DETERMINE","NOT APPLICABLE","8300","S","JEFFERY BLVD","414",,,,,,,"2","NO INDICATION OF INJURY","0","0","0","0","0","4","0","12","7","2","41.7444938326","-87.5760035609","POINT (-87.5760035609 41.74449383257)"
"b24e151a92007baab766006e323efca7a44b9b1853c56d6db0778bf591a9ffe97814a437f66443f2518227aaef0a1a72dd84edbcea6acaf20f83925811d0754b",,"2026-02-21T12:03:00.000","30","NO CONTROLS","NO CONTROLS","CLEAR","DAYLIGHT","PARKED MOTOR VEHICLE","NOT DIVIDED",,"STRAIGHT AND LEVEL","DRY","NO DEFECTS","ON SCENE","NO INJURY / DRIVE AWAY",,,"Y","$501 - $1,500","2026-02-21T12:05:00.000","UNABLE TO DETERMINE","UNABLE TO DETERMINE","3720","N","SHEFFIELD AVE","1923",,,,,,,"2","NO INDICATION OF INJURY","0","0","0","0","0","2","0","12","7","2","41.9496993475","-87.6545500578","POINT (-87.654550057845 41.949699347492)"
"1d1af0c1683cb0e9af6da55b2789c386c706bf79f23bb4a08c610be0ed5c69a98f298e11bcfd2a1915a48277ce7c4ac976cfc1a2e832ee92df587b945bde22a7",,"2026-02-21T12:00:00.000","30","TRAFFIC SIGNAL","FUNCTIONING PROPERLY","CLEAR","DAYLIGHT","TURNING","FOUR WAY",,"STRAIGHT AND LEVEL","UNKNOWN","UNKNOWN","NOT ON SCENE (DESK REPORT)","NO INJURY / DRIVE AWAY","Y",,"Y","OVER $1,500","2026-02-21T14:40:00.000","FAILING TO REDUCE SPEED TO AVOID CRASH","NOT APPLICABLE","1200","W","DIVISION ST","1433",,,,,,,"2","NO INDICATION OF INJURY","0","0","0","0","0","2","0","12","7","2","41.9036178177","-87.6574736354","POINT (-87.657473635421 41.903617817686)"
"1d53dc3e0a0638f62f18b8e6767d6b572bb2d99bb9b1918048670798d03f76372e0685d8cbbe30822bdd863e988532cef098e1b548ae39d0271aa85e1193de10","Y","2026-02-21T12:00:00.000","30","NO CONTROLS","NO CONTROLS","SNOW","DARKNESS, LIGHTED ROAD","PARKED MOTOR VEHICLE","ONE-WAY",,"STRAIGHT AND LEVEL","SNOW OR SLUSH","UNKNOWN","NOT ON SCENE (DESK REPORT)","NO INJURY / DRIVE AWAY",,,"Y","OVER $1,500","2026-02-22T21:49:00.000","UNABLE TO DETERMINE","UNABLE TO DETERMINE","6050","S","EBERHART AVE","313",,,,,,,"2","NO INDICATION OF INJURY","0","0","0","0","0","1","0","12","7","2","41.7842396333","-87.6133864283","POINT (-87.613386428348 41.78423963328)"
"33671bfd8bf45d753e938110170c97cc3dfe2f357fbab219870d7af2e25fc435fd26e6ee25c48fa781218d0d51715b513be10557e5f076084d818badf86913ee",,"2026-02-21T12:00:00.000","30","NO CONTROLS","NO CONTROLS","CLEAR","DAYLIGHT","SIDESWIPE SAME DIRECTION","NOT DIVIDED",,"STRAIGHT AND LEVEL","DRY","NO DEFECTS","ON SCENE","INJURY AND / OR TOW DUE TO CRASH",,,,"$500 OR LESS","2026-02-21T12:08:00.000","UNABLE TO DETERMINE","UNABLE TO DETERMINE","801","N","CHRISTIANA AVE","1121",,,,,,,"2","REPORTED, NOT EVIDENT","1","0","0","0","1","2","0","12","7","2","41.8956213618","-87.7097630318","POINT (-87.709763031844 41.89562136182)"
"4229b9c742b05ccde0d69216c7f4eb3b61e747c391e89cda025ccfa249f896376f7bed0da338cb3ed5753ecf429887b8d7c23f4c63478c9a353b88018cc864ec",,"2026-02-21T12:00:00.000","30","NO CONTROLS","NO CONTROLS","CLEAR","DAYLIGHT","PARKED MOTOR VEHICLE","NOT DIVIDED",,"STRAIGHT AND LEVEL","DRY","NO DEFECTS","NOT ON SCENE (DESK REPORT)","NO INJURY / DRIVE AWAY",,,,"$501 - $1,500","2026-02-23T10:59:00.000","UNABLE TO DETERMINE","NOT APPLICABLE","838","N","NOBLE ST","1213",,,,,,,"2","NO INDICATION OF INJURY","0","0","0","0","0","1","0","12","7","2","41.8973115479","-87.662580012","POINT (-87.662580011984 41.897311547912)"
"573c075281a923f05e9d4b4a31fc1ae871ecf5fd0d08260bc6bfc372b193ef309423fb2a4fe831103a0d4bc320401fd61d660160af9d05a44090703193ae4a67",,"2026-02-21T12:00:00.000","25","NO CONTROLS","NO CONTROLS","CLEAR","DAYLIGHT","TURNING","ALLEY",,"STRAIGHT AND LEVEL","DRY","NO DEFECTS","ON SCENE","NO INJURY / DRIVE AWAY",,,,"OVER $1,500","2026-02-21T12:01:00.000","FAILING TO YIELD RIGHT-OF-WAY","IMPROPER TURNING/NO SIGNAL","3309","W","AINSLIE ST","1713",,,,,,,"2","NO INDICATION OF INJURY","0","0","0","0","0","2","0","12","7","2","41.9701309995","-87.7113691687","POINT (-87.711369168708 41.970130999484)"
"d3524fb80b7a69410bd7cb0a165ea03d76a02a42f864d4056aeeacb69e815ddf8c20b379653361a1c40e309b84e2b42f32005d5da85c6f3e4c5188b80480a0e2",,"2026-02-21T12:00:00.000","10","STOP SIGN/FLASHER","NO CONTROLS","CLEAR","DAYLIGHT","ANGLE","PARKING LOT",,"STRAIGHT AND LEVEL","DRY","NO DEFECTS","NOT ON SCENE (DESK REPORT)","NO INJURY / DRIVE AWAY",,"Y",,"$501 - $1,500","2026-02-21T15:09:00.000","IMPROPER BACKING","NOT APPLICABLE","5900","S","KEDZIE AVE","822",,,,,,,"2","NO INDICATION OF INJURY","0","0","0","0","0","2","0","12","7","2","41.7861553079","-87.7034931406","POINT (-87.703493140571 41.786155307863)"
"f69700da7c7ad45a2e8fb0ffb684e7680cda6d31edc5cdf811c248154f0ac9b2d0b698fafb85662829c617e8ecf6fc6a4929a6dac1c8267034cd8373ab18945a",,"2026-02-21T12:00:00.000","30","STOP SIGN/FLASHER","FUNCTIONING PROPERLY","CLEAR","DAYLIGHT","TURNING","FOUR WAY",,"STRAIGHT AND LEVEL","DRY","NO DEFECTS","ON SCENE","INJURY AND / OR TOW DUE TO CRASH","Y",,,"OVER $1,500","2026-02-21T12:05:00.000","FAILING TO YIELD RIGHT-OF-WAY","NOT APPLICABLE","414","N","ASHLAND AVE","1215",,,,,,,"2","REPORTED, NOT EVIDENT","1","0","0","0","1","1","0","12","7","2","41.8893084665","-87.6672411875","POINT (-87.667241187507 41.889308466502)"
"f1e3b2098a7d098461f45fa66f618a4503c31333a8ae9e38534f6c13701647c26a6f3b63c068237e799a0fb103179d62b8f062c212e337932d3e0c874b3afd0a",,"2026-02-21T11:55:00.000","30","NO CONTROLS","NO CONTROLS","SNOW","DARKNESS, LIGHTED ROAD","ANGLE","ALLEY",,"STRAIGHT AND LEVEL","SNOW OR SLUSH","NO DEFECTS","NOT ON SCENE (DESK REPORT)","NO INJURY / DRIVE AWAY",,,,"$501 - $1,500","2026-02-21T11:57:00.000","FAILING TO YIELD RIGHT-OF-WAY","FAILING TO YIELD RIGHT-OF-WAY","270","N","SANGAMON ST","1214",,,,,,,"2","NO INDICATION OF INJURY","0","0","0","0","0","8","0","11","7","2","41.8866953916","-87.6511519616","POINT (-87.651151961602 41.886695391587)"
"932e9fadd9a956f3a6e1a007ca06092e5d6383f08a024e9c26ee8411849cefe05905d6b9d5522456eea0079de208381f2a8f8dbb03c228d8e73d561edf07e945",,"2026-02-21T11:45:00.000","30","NO CONTROLS","NO CONTROLS","SNOW","DARKNESS, LIGHTED ROAD","SIDESWIPE SAME DIRECTION","NOT DIVIDED",,"STRAIGHT AND LEVEL","SNOW OR SLUSH","NO DEFECTS","NOT ON SCENE (DESK REPORT)","NO INJURY / DRIVE AWAY",,,"Y","OVER $1,500","2026-02-23T17:17:00.000","NOT APPLICABLE","NOT APPLICABLE","6700","S","KEDZIE AVE","831",,,,,,,"2","NO INDICATION OF INJURY","0","0","0","0","0","2","0","11","7","2","41.771645893","-87.7031136981","POINT (-87.70311369808 41.771645892985)"
"4e7bf4239c08701df8ee9cd2f60c724fbe5a0cb407d0e5f891704eeb032661a39a4055b3c93b680bbc6f0745eda3d2d17ec98a742457c06c31d1b034813864ca",,"2026-02-21T11:20:00.000","30","NO CONTROLS","NO CONTROLS","RAIN","DAYLIGHT","PARKED MOTOR VEHICLE","NOT DIVIDED",,"STRAIGHT AND LEVEL","DRY","NO DEFECTS","NOT ON SCENE (DESK REPORT)","NO INJURY / DRIVE AWAY",,,"Y","OVER $1,500","2026-02-28T15:30:00.000","UNABLE TO DETERMINE","UNABLE TO DETERMINE","2158","S","JEFFERSON ST","1235",,,,,,,"2","NO INDICATION OF INJURY","0","0","0","0","0","1","0","11","7","2","41.8528362846","-87.6418551597","POINT (-87.641855159733 41.85283628464)"