"crash_record_id","crash_date_est_i","crash_date","posted_speed_limit","traffic_control_device","device_condition","weather_condition","lighting_condition","first_crash_type","trafficway_type","lane_cnt","alignment","roadway_surface_cond","road_defect","report_type","crash_type","intersection_related_i","private_property_i","hit_and_run_i","damage","date_police_notified","prim_contributory_cause","sec_contributory_cause","street_no","street_direction","street_name","beat_of_occurrence","photos_taken_i","statements_taken_i","dooring_i","work_zone_i","work_zone_type","workers_present_i","num_units","most_severe_injury","injuries_total","injuries_fatal","injuries_incapacitating","injuries_non_incapacitating","injuries_reported_not_evident","injuries_no_indication","injuries_unknown","crash_hour","crash_day_of_week","crash_month","latitude","longitude","location"
"4f5fad230e3f78855e119725d4aa5b5eb5c602a78068ef22f6521b4faa1ce2b694682bd6404d8b0cdd898605757e8b509ac147055d6b51369e04a8bf73c69467","Y","2026-02-21T11:10:00.000","10","NO CONTROLS","NO CONTROLS","CLEAR","DAYLIGHT","PARKED MOTOR VEHICLE","PARKING LOT",,"STRAIGHT AND LEVEL","DRY","NO DEFECTS","NOT ON SCENE (DESK REPORT)","NO INJURY / DRIVE AWAY",,,"Y","OVER $1,500","2026-02-21T11:40:00.000","UNABLE TO DETERMINE","NOT APPLICABLE","4137","N","ELSTON AVE","1723",,,,,,,"2","NO INDICATION OF INJURY","0","0","0","0","0","1","0","11","7","2","41.9561262015","-87.7224828263","POINT (-87.722482826292 41.956126201479)"
"2ab7fb5c8f61c216743492ddbabb8a75ab3c3e0ba6a6d0ecd9dace3408beb04e2eadb05c21f096dac3a6feff13b31cc80e1fab4a7aea84134fb759022d911809",,"2026-02-21T11:00:00.000","30","NO CONTROLS","NO CONTROLS","CLEAR","DAYLIGHT","SIDESWIPE SAME DIRECTION","NOT DIVIDED",,"STRAIGHT AND LEVEL","DRY","NO DEFECTS","NOT ON SCENE (DESK REPORT)","NO INJURY / DRIVE AWAY",,,"Y","OVER $1,500","2026-02-24T15:38:00.000","IMPROPER LANE USAGE","IMPROPER OVERTAKING/PASSING","3845","S","INDIANA AVE","212",,,,,,,"2","NO INDICATION OF INJURY","0","0","0","0","0","2","0","11","7","2","41.8242643681","-87.621466891","POINT (-87.621466890971 41.824264368086)"
"d87742c5ef1af37b948eec6595c68967df2065596a7b216d5fdbf2f284e61928d845d4b80299131df31d066c637dc08a4225a2c88711b7917e29081d210abf8b",,"2026-02-21T11:00:00.000","35","STOP SIGN/FLASHER","FUNCTIONING PROPERLY","CLEAR","DAYLIGHT","ANGLE","NOT DIVIDED",,"STRAIGHT AND LEVEL","DRY","NO DEFECTS","NOT ON SCENE (DESK REPORT)","NO INJURY / DRIVE AWAY","Y",,,"OVER $1,500","2026-02-21T11:55:00.000","FAILING TO YIELD RIGHT-OF-WAY","NOT APPLICABLE","4400","N","MASON AVE","1622",,,,,,,"2","NO INDICATION OF INJURY","0","0","0","0","0","2","0","11","7","2","41.9603884205","-87.7759453132","POINT (-87.775945313249 41.960388420476)"
"ea1ab607f1f1a25720eb9641cf5bf13f7890d856ca326ce873d2f432134d6304e2657fe1af181195eadf79e59e1ad9579030a6d210fb4bbd798ec1beb56f08c8",,"2026-02-21T11:00:00.000","30","PEDESTRIAN CROSSING SIGN","NO CONTROLS","CLEAR","DAYLIGHT","REAR END","FOUR WAY",,"STRAIGHT AND LEVEL","DRY","NO DEFECTS","ON SCENE","NO INJURY / DRIVE AWAY","Y",,,"OVER $1,500","2026-02-21T11:01:00.000","FAILING TO YIELD RIGHT-OF-WAY","NOT APPLICABLE","2824","W","LOGAN BLVD","1411",,,,,,,"2","NO INDICATION OF INJURY","0","0","0","0","0","2","0","11","7","2","41.9285677648","-87.6985242136","POINT (-87.69852421356 41.928567764796)"
"3cd5d506248327ec456984cccb19b0d1b7b3021d1474253cd0793d8b46772716792300fd15e99923f352f4d22c8f2351b016bf973cb96d04fe8288d630aa97c7",,"2026-02-21T10:50:00.000","30","NO CONTROLS","NO CONTROLS","CLEAR","DAYLIGHT","REAR END","NOT DIVIDED",,"STRAIGHT AND LEVEL","DRY","NO DEFECTS","ON SCENE","INJURY AND / OR TOW DUE TO CRASH",,,,"OVER $1,500","2026-02-21T10:51:00.000","UNABLE TO DETERMINE","UNABLE TO DETERMINE","11020","S","KEDZIE AVE","2211",,,,,,,"2","NONINCAPACITATING INJURY","2","0","0","2","0","2","0","10","7","2","41.6927325313","-87.7010140539","POINT (-87.70101405389 41.692732531294)"
"66bde5c85ce6a40b963f50a86bf18d81190119c4d4fb3a259776e759d8c56d64c52ab15908bc596414ab38e11c20d223def75550e68a93d3abfaa96119e55b72",,"2026-02-21T10:50:00.000","30","NO CONTROLS","NO CONTROLS","CLEAR","DAYLIGHT","REAR END","DIVIDED - W/MEDIAN BARRIER",,"STRAIGHT AND LEVEL","DRY","NO DEFECTS","NOT ON SCENE (DESK REPORT)","NO INJURY / DRIVE AWAY","Y",,,"OVER $1,500","2026-02-21T12:45:00.000","FOLLOWING TOO CLOSELY","NOT APPLICABLE","3031","W","IRVING PARK RD","1733",,,,,,,"2","NO INDICATION OF INJURY","0","0","0","0","0","2","0","10","7","2","41.9538323733","-87.7044126823","POINT (-87.704412682261 41.953832373331)"
"ac53cdc31287e31c569f50351a8f717a95d83e0338e84a17f356be211043ad6bfb65c78323d37d781afa0ddb27324be316077b0a486e66c58298be017a0a90ae",,"2026-02-21T10:43:00.000","25","NO CONTROLS","NO CONTROLS","CLEAR","DAYLIGHT","PARKED MOTOR VEHICLE","NOT DIVIDED",,"STRAIGHT AND LEVEL","DRY","NO DEFECTS","ON SCENE","NO INJURY / DRIVE AWAY",,,,"$500 OR LESS","2026-02-21T10:43:00.000","EQUIPMENT - VEHICLE CONDITION","NOT APPLICABLE","5326","S","CORNELL AVE","234",,,,,,,"2","NO INDICATION OF INJURY","0","0","0","0","0","1","0","10","7","2","41.7987697433","-87.5856465741","POINT (-87.585646574064 41.79876974326)"
"b74c1ab4f17262efddbf07bcc9f3cf3ff35e64bc7bf6c82ce94d185725306c2670e6ee050a7b4f17e4d60311b61ef5e8589b7baa642fa73bf7dff71bffab7e4c",,"2026-02-21T10:35:00.000","30","UNKNOWN","UNKNOWN","SNOW","DARKNESS, LIGHTED ROAD","REAR END","NOT DIVIDED",,"STRAIGHT AND LEVEL","SNOW OR SLUSH","UNKNOWN","NOT ON SCENE (DESK REPORT)","NO INJURY / DRIVE AWAY",,,,"$501 - $1,500","2026-02-22T16:15:00.000","WEATHER","NOT APPLICABLE","1300","S","DAMEN AVE","1233",,,,,,,"2","NO INDICATION OF INJURY","0","0","0","0","0","2","0","10","7","2","41.8648904976","-87.6763426733","POINT (-87.676342673293 41.864890497632)"
"782d1de0b4d285049b22bca6c5eb9e15541377bedef0727b48c72a93ffc18c9c2f385dbc3b3fd5c0ab8b190bce634f62b116de778b919cb9065ded18b372c71c",,"2026-02-21T10:30:00.000","30","NO CONTROLS","NO CONTROLS","CLEAR","DAYLIGHT","PARKED MOTOR VEHICLE","DIVIDED - W/MEDIAN (NOT RAISED)",,"STRAIGHT AND LEVEL","DRY","NO DEFECTS","ON SCENE","NO INJURY / DRIVE AWAY",,,"N","OVER $1,500","2026-02-21T12:40:00.000","IMPROPER BACKING","IMPROPER BACKING","4745","S","DREXEL BLVD","222",,,,,,,"2","NO INDICATION OF INJURY","0","0","0","0","0","1","0","10","7","2","41.8082340839","-87.6037211278","POINT (-87.603721127795 41.808234083867)"
"a44a390aeaa2b023fef0435b8611678b0110149bb38a29fd10a851df5f87eb9982c1dfd8c109950a7845b1ceadfc62b2e02901fb64ef2b589cb432488a5faa84",,"2026-02-21T10:30:00.000","30","NO CONTROLS","NO CONTROLS","CLEAR","DAYLIGHT","SIDESWIPE SAME DIRECTION","NOT DIVIDED",,"STRAIGHT AND LEVEL","DRY","WORN SURFACE","ON SCENE","NO INJURY / DRIVE AWAY",,,,"OVER $1,500","2026-02-21T18:34:00.000","UNABLE TO DETERMINE","UNABLE TO DETERMINE","1239","W","32ND PL","913",,,,,,,"2","NO INDICATION OF INJURY","0","0","0","0","0","2","0","10","7","2","41.8350579704","-87.6574890139","POINT (-87.657489013884 41.83505797036)"
"ad54cbb51dd9fb87c43c1612efa60fb434f5af30968e8128d44330689ffd7a5fb4a46785307bccdccc4d2d64be5e1527a259c8b39e36cf4d328fe0233662c146",,"2026-02-21T10:30:00.000","25","TRAFFIC SIGNAL","FUNCTIONING PROPERLY","CLEAR","DAYLIGHT","REAR END","DIVIDED - W/MEDIAN BARRIER",,"STRAIGHT AND LEVEL","DRY","NO DEFECTS","NOT ON SCENE (DESK REPORT)","NO INJURY / DRIVE AWAY",,,"Y","OVER $1,500","2026-02-21T17:40:00.000","DRIVING SKILLS/KNOWLEDGE/EXPERIENCE","NOT APPLICABLE","1163","W","DIVISION ST","1822",,,,,,,"2","NO INDICATION OF INJURY","0","0","0","0","0","2","0","10","7","2","41.9034001246","-87.6573231419","POINT (-87.657323141878 41.903400124563)"
"87cd841d84430991ec045c6b83f13fc337a4c934a3983a1eb8417bae5ddf3bc2480fd7620fa7440878a8a7512329b2e7aa60bd9c8972da3b7a090659bee036f8",,"2026-02-21T10:06:00.000","30","TRAFFIC SIGNAL","FUNCTIONING PROPERLY","CLOUDY/OVERCAST","DAYLIGHT","SIDESWIPE SAME DIRECTION","DIVIDED - W/MEDIAN BARRIER",,"STRAIGHT AND LEVEL","DRY","UNKNOWN","ON SCENE","NO INJURY / DRIVE AWAY","Y",,,"OVER $1,500","2026-02-21T10:08:00.000","NOT APPLICABLE","NOT APPLICABLE","298","E","CERMAK RD","132",,"Y",,,,,"2","NO INDICATION OF INJURY","0","0","0","0","0","2","0","10","7","2","41.8530183173","-87.6207478755","POINT (-87.620747875493 41.853018317267)"
"098071d8ee44e616343d55d8db20626d906c37aef0837c4dc447742fc286dfb544f9544158b50dcd7fc0a6a3fff8ff975c1cb7059d42d4e1105633d1a71fd35f",,"2026-02-21T10:00:00.000","10","OTHER","FUNCTIONING PROPERLY","CLOUDY/OVERCAST","DAYLIGHT","FIXED OBJECT","ONE-WAY",,"STRAIGHT AND LEVEL","WET","NO DEFECTS","ON SCENE","INJURY AND / OR TOW DUE TO CRASH",,"Y",,"OVER $1,500","2026-02-21T10:30:00.000","DRIVING SKILLS/KNOWLEDGE/EXPERIENCE","NOT APPLICABLE","4936","W","NORTH AVE","2533",,,,,,,"1","REPORTED, NOT EVIDENT","1","0","0","0","1","0","0","10","7","2","41.9096772757","-87.7506460785","POINT (-87.750646078529 41.90967727573)"
"3dccd2a61be8aebfcf3536d883c88d5a3db4ae26d8b2092c601b359fda6d7c30a1af23bbd0bd50401ab2cd21ea9ca7b616fd0b56d779a47bcc55e39d8bd8f4f4",,"2026-02-21T10:00:00.000","30","TRAFFIC SIGNAL","UNKNOWN","CLEAR","DAYLIGHT","ANGLE","FOUR WAY",,"STRAIGHT AND LEVEL","DRY","NO DEFECTS","NOT ON SCENE (DESK REPORT)","NO INJURY / DRIVE AWAY","Y",,"N","OVER $1,500","2026-02-23T09:50:00.000","FAILING TO YIELD RIGHT-OF-WAY","NOT APPLICABLE","11500","S","HALSTED ST","524",,,,,,,"2","NO INDICATION OF INJURY","0","0","0","0","0","2","0","10","7","2","41.6850262563","-87.642297367","POINT (-87.642297366963 41.685026256307)"
"dc73d14e9ff9cb5c15dbacad1e9026f465c1c028bebd79e3ac6c356d396472f4d9c460a2e1e300b22568b87bb6622521ef70af36a84d7a9204ee3756e35b2118","Y","2026-02-21T10:00:00.000","30","NO CONTROLS","NO CONTROLS","CLEAR","UNKNOWN","PARKED MOTOR VEHICLE","ONE-WAY",,"STRAIGHT AND LEVEL","WET","NO DEFECTS","NOT ON SCENE (DESK REPORT)","NO INJURY / DRIVE AWAY",,,"Y","$500 OR LESS","2026-02-22T09:15:00.000","UNABLE TO DETERMINE","UNABLE TO DETERMINE","1738","E","69TH ST","332",,,,,,,"2","NO INDICATION OF INJURY","0","0","0","0","0","1","0","10","7","2","41.7698515646","-87.5822386619","POINT (-87.582238661939 41.769851564622)"
"ecd68ea19cc56e2143c1ad40042ed375e91c90ec20b0ea83d9971e74b324cab0bd0da2df41a983412c9f260d356a25ec34865d61f31e397dc433ee88177c836c",,"2026-02-21T10:00:00.000","30","NO CONTROLS","NO CONTROLS","CLEAR","DAYLIGHT","PARKED MOTOR VEHICLE","DIVIDED - W/MEDIAN (NOT RAISED)",,"STRAIGHT AND LEVEL","DRY","NO DEFECTS","ON SCENE","INJURY AND / OR TOW DUE TO CRASH",,,"Y","OVER $1,500","2026-02-21T10:00:00.000","UNABLE TO DETERMINE","UNABLE TO DETERMINE","3810","W","NORTH AVE","2535",,,,,,,"2","NO INDICATION OF INJURY","0","0","0","0","0","1","0","10","7","2","41.9100435761","-87.7219689153","POINT (-87.721968915256 41.910043576079)"
"d9d68701ff00641b1be45ede941d4dbf70309dfefb25e3788c9f8fa56481c15735b14060663e7527ec4b05b758a78657fac90ae92904e2465d2a0550b984b71b",,"2026-02-21T09:49:00.000","30","OTHER","FUNCTIONING PROPERLY","CLOUDY/OVERCAST","DAYLIGHT","TURNING","DIVIDED - W/MEDIAN (NOT RAISED)",,"STRAIGHT AND LEVEL","DRY","NO DEFECTS","ON SCENE","INJURY AND / OR TOW DUE TO CRASH",,,,"OVER $1,500","2026-02-21T09:50:00.000","IMPROPER TURNING/NO SIGNAL","DISREGARDING ROAD MARKINGS","2398","W","DIVERSEY AVE","1432",,,,,,,"2","NO INDICATION OF INJURY","0","0","0","0","0","3","0","9","7","2","41.9322878197","-87.6877600124","POINT (-87.687760012447 41.932287819694)"
"ec19e163c0e1d4ce4f10cbc087bf8d6cdf0c26ecb60dce2d4eb6e244f6c55c4d15dde4a8ddde8c0fa1260c6fc6bfeaa66add426bc647c46e6fd169b45d0c81c3",,"2026-02-21T09:37:00.000","35","TRAFFIC SIGNAL","FUNCTIONING PROPERLY","CLEAR","DAYLIGHT","REAR END","NOT DIVIDED",,"STRAIGHT AND LEVEL","DRY","NO DEFECTS","ON SCENE","NO INJURY / DRIVE AWAY",,,"Y","OVER $1,500","2026-02-21T09:45:00.000","FAILING TO REDUCE SPEED TO AVOID CRASH","UNABLE TO DETERMINE","5301","S","PULASKI RD","822",,,,,,,"2","NO INDICATION OF INJURY","0","0","0","0","0","4","0","9","7","2","41.796759099","-87.7231159034","POINT (-87.723115903434 41.79675909896)"
"eccf4d00db3260c8ebfb48863c58e639d8ea2a7162b65e859bf02839985d5be0efadd72ecf41229b69d13d3be453fc06a50b13d12661a55e50fc442ed162522b",,"2026-02-21T09:36:00.000","30","STOP SIGN/FLASHER","FUNCTIONING PROPERLY","CLEAR","DAYLIGHT","REAR END","T-INTERSECTION",,"STRAIGHT AND LEVEL","DRY","NO DEFECTS","ON SCENE","INJURY AND / OR TOW DUE TO CRASH","Y",,,"OVER $1,500","2026-02-21T09:36:00.000","FOLLOWING TOO CLOSELY","UNDER THE INFLUENCE OF ALCOHOL/DRUGS (USE WHEN ARREST IS EFFECTED)","6499","N","KEDZIE AVE","2412",,,,,,,"3","NO INDICATION OF INJURY","0","0","0","0","0","3","0","9","7","2","41.9991220915","-87.7092145333","POINT (-87.709214533305 41.999122091536)"
"42e4fc791dc08d8d20efb54a924c64c5046fc9aa374ca792bd414ccd496328d7dc0f972d86f4df01d5bf8d2f9dd7f7934818a3e792e8d21d4688f76d41645b74",,"2026-02-21T09:30:00.000","30","TRAFFIC SIGNAL","FUNCTIONING PROPERLY","CLEAR","DAYLIGHT","ANGLE","T-INTERSECTION",,"STRAIGHT AND LEVEL","DRY","UNKNOWN","ON SCENE","NO INJURY / DRIVE AWAY","Y",,,"OVER $1,500","2026-02-21T09:35:00.000","UNABLE TO DETERMINE","NOT APPLICABLE","1421","W","76TH ST","612",,,,,,,"2","NO INDICATION OF INJURY","0","0","0","0","0","2","0","9","7","2","41.7557615979","-87.6595695952","POINT (-87.659569595227 41.755761597901)"
"ad43bd577353e593a5d36648a369ba91fa4bb3299f4b8a98ba6829f9dab5432573ecbf374a3846240663f43864225b6b0b1d3697d1d3ad86cf23937ea315f630",,"2026-02-21T09:30:00.000","25","NO CONTROLS","NO CONTROLS","CLEAR","DAYLIGHT","ANGLE","NOT DIVIDED",,"STRAIGHT AND LEVEL","DRY","NO DEFECTS","ON SCENE","NO INJURY / DRIVE AWAY",,,,"$500 OR LESS","2026-02-21T09:30:00.000","IMPROPER BACKING","UNABLE TO DETERMINE","5040","S","ELLIS AVE","222",,,,,,,"2","NO INDICATION OF INJURY","0","0","0","0","0","3","0","9","7","2","41.802908919","-87.6017178723","POINT (-87.601717872264 41.802908918964)"
"f0b001406e66f02e712d09b72e064c44269501bcc47b61ff59ed83a835dcc31852b1b0899fb068bba085be1bd1a09ed1fabb4776f63db0b54cd97598b2f42d4e",,"2026-02-21T09:30:00.000","30","TRAFFIC SIGNAL","FUNCTIONING PROPERLY","CLEAR","DAYLIGHT","SIDESWIPE SAME DIRECTION","DIVIDED - W/MEDIAN BARRIER",,"STRAIGHT AND LEVEL","DRY","NO DEFECTS","NOT ON SCENE (DESK REPORT)","NO INJURY / DRIVE AWAY",,,,"OVER $1,500","2026-02-21T10:10:00.000","UNABLE TO DETERMINE","UNABLE TO DETERMINE","3710","S","DAMEN AVE","912",,,,,,,"2","NO INDICATION OF INJURY","0","0","0","0","0","2","0","9","7","2","41.8263750849","-87.675477181","POINT (-87.675477180965 41.826375084921)"
"76f5539c66bda963167c377990d89881bde1d908935c631adbdba32321bc7ede7c27024379a8b0a769d795927670455b3220eca1c59f832918b7e08bdaeee3c6",,"2026-02-21T09:10:00.000","30","TRAFFIC SIGNAL","FUNCTIONING PROPERLY","CLEAR","DAYLIGHT","REAR END","NOT DIVIDED",,"STRAIGHT AND LEVEL","DRY","NO DEFECTS","NOT ON SCENE (DESK REPORT)","NO INJURY / DRIVE AWAY","Y",,,"OVER $1,500","2026-02-21T09:25:00.000","IMPROPER BACKING","NOT APPLICABLE","4802","N","LECLAIRE AVE","1623",,,,,,,"2","NO INDICATION OF INJURY","0","0","0","0","0","3","0","9","7","2","41.9680427901","-87.7551973793","POINT (-87.755197379269 41.968042790087)"
"e85c8239438e4a886de3eed37c4238746b04a94f9a556da4c1e6e657f329ecd14fd9a308ecd11394a706edd980e016f419e7ed651e5cf361b91575b750588b03",,"2026-02-21T09:10:00.000","15","NO CONTROLS","NO CONTROLS","CLEAR","DAYLIGHT","FIXED OBJECT","PARKING LOT",,"STRAIGHT AND LEVEL","DRY","NO DEFECTS","ON SCENE","INJURY AND / OR TOW DUE TO CRASH",,,,"OVER $1,500","2026-02-21T09:10:00.000","FAILING TO REDUCE SPEED TO AVOID CRASH","FAILING TO REDUCE SPEED TO AVOID CRASH","4419","S","DREXEL BLVD","222",,,,,,,"1","REPORTED, NOT EVIDENT","1","0","0","0","1","0","0","9","7","2","41.8144272918","-87.6038541951","POINT (-87.603854195131 41.814427291813)"
"b777e5321f0d8cce3e0fa0c0f8a7c3848ee5da57310c3aa3dcaea00b980713ecb8d3777a46a74cc73890b6e0a6a2c9f7080a8e8b8b894bf0b7438f54b3ff17ba",,"2026-02-21T09:00:00.000","30","NO CONTROLS","NO CONTROLS","CLEAR","DAYLIGHT","PARKED MOTOR VEHICLE","NOT DIVIDED",,"STRAIGHT AND LEVEL","DRY","NO DEFECTS","NOT ON SCENE (DESK REPORT)","NO INJURY / DRIVE AWAY",,,"Y","OVER $1,500","2026-02-21T10:45:00.000","UNABLE TO DETERMINE","NOT APPLICABLE","5533","W","BLOOMINGDALE AVE","2532",,,,,,,"2","NO INDICATION OF INJURY","0","0","0","0","0","1","0","9","7","2","41.9129362496","-87.7644980737","POINT (-87.764498073673 41.912936249575)"
"a288f11780506d9f5764d8ae2e7043d9deb2b57abb2831edb1fd027dec4f79475f03110a44cd71d0887123b231ce9906af96adba3d0ee73b4904344d25e68a93",,"2026-02-21T08:56:00.000","30","NO CONTROLS","NO CONTROLS","CLEAR","DAYLIGHT","HEAD ON","DIVIDED - W/MEDIAN (NOT RAISED)",,"STRAIGHT AND LEVEL","DRY","NO DEFECTS",,"INJURY AND / OR TOW DUE TO CRASH",,,,"OVER $1,500","2026-02-21T08:56:00.000","NOT APPLICABLE","NOT APPLICABLE","3945","W","GRAND AVE","2535",,,,,,,"4","NO INDICATION OF INJURY","0","0","0","0","0","2","0","8","7","2","41.9056857199","-87.7255457744","POINT (-87.725545774364 41.905685719864)"
"4708ea63d809ed464a4b279040fd1c6ab21f8469b5d9853d237fe671e9a01f8b7a47cfdd032f534cf3b0f33789c9e2bd93bd6298cc2660bc76524f35cf656cb0",,"2026-02-21T08:55:00.000","40","NO CONTROLS","NO CONTROLS","CLOUDY/OVERCAST","DAYLIGHT","SIDESWIPE SAME DIRECTION","DIVIDED - W/MEDIAN BARRIER",,"STRAIGHT AND LEVEL","UNKNOWN","UNKNOWN","NOT ON SCENE (DESK REPORT)","NO INJURY / DRIVE AWAY",,,"Y","OVER $1,500","2026-02-21T10:00:00.000","UNABLE TO DETERMINE","UNABLE TO DETERMINE","3207","N","LAKE SHORE DR NB","1925",,,,,,,"2","NO INDICATION OF INJURY","0","0","0","0","0","2","0","8","7","2","41.940748007","-87.638300691","POINT (-87.63830069102 41.940748006988)"
"688c8fccdef78ee55def2a3e9fe15a3e2d59a9208ca36dbb2a54e5104b5c5cd9029d614088cc46a9777ae201cb21de6a38069f48063c1b6712eb3735cd508e91",,"2026-02-21T08:45:00.000","30","NO CONTROLS","NO CONTROLS","CLOUDY/OVERCAST","DAYLIGHT","REAR END","NOT DIVIDED",,"STRAIGHT AND LEVEL","DRY","NO DEFECTS",,"NO INJURY / DRIVE AWAY",,,"N","$500 OR LESS","2026-02-21T15:30:00.000","UNABLE TO DETERMINE","NOT APPLICABLE","2220","W","JACKSON BLVD","1225",,,,,,,"2","NO INDICATION OF INJURY","0","0","0","0","0","2","0","8","7","2","41.8777067267","-87.6822714243","POINT (-87.682271424322 41.877706726726)"
"db5b030474b2bdb990a6d9587877354f89f5467cf9f39aaa0cf3134b4268663dd08b0d4c00bb04127b3f6fa95f2683146101153dc5e7b300eb5cc867c1549ba2",,"2026-02-21T08:41:00.000","30","NO CONTROLS","NO CONTROLS","UNKNOWN","UNKNOWN","PARKED MOTOR VEHICLE","NOT DIVIDED",,"STRAIGHT AND LEVEL","UNKNOWN","UNKNOWN","NOT ON SCENE (DESK REPORT)","NO INJURY / DRIVE AWAY",,,"Y","OVER $1,500","2026-02-21T09:41:00.000","UNABLE TO DETERMINE","DRIVING SKILLS/KNOWLEDGE/EXPERIENCE","812","E","47TH PL","223",,,,,,,"3","NO INDICATION OF INJURY","0","0","0","0","0","1","0","8","7","2","41.8087403376","-87.606010706","POINT (-87.606010706013 41.808740337612)"
"cef2854f0783b309ad9a7a153424aedf9bafeeecb59a0fe574fadcb853620c093bfbcce298f35bc25bafc41099d8dfac1fc593545ab49904e5731e520d0eea66",,"2026-02-21T08:33:00.000","35","TRAFFIC SIGNAL","FUNCTIONING PROPERLY","CLOUDY/OVERCAST","DAYLIGHT","ANGLE","FOUR WAY",,"STRAIGHT AND LEVEL","DRY","NO DEFECTS","ON SCENE","INJURY AND / OR TOW DUE TO CRASH","Y",,,"OVER $1,500","2026-02-21T08:43:00.000","UNABLE TO DETERMINE","NOT APPLICABLE","4359","W","DIVISION ST","1111",,,,,,,"2","NO INDICATION OF INJURY","0","0","0","0","0","3","0","8","7","2","41.9024059187","-87.7360180162","POINT (-87.736018016214 41.902405918652)"
"c0f78a3a8a17d69c167f88ce7229ecbef0f466cafe149b290945acf8327d84ec2416125109f7a5881ae6c17a6aff56f980ae00529105eb3e5e1c01e3161c9e60",,"2026-02-21T08:32:00.000","30","TRAFFIC SIGNAL","FUNCTIONING PROPERLY","CLEAR","DAYLIGHT","TURNING","DIVIDED - W/MEDIAN (NOT RAISED)",,"STRAIGHT AND LEVEL","DRY","UNKNOWN","ON SCENE","NO INJURY / DRIVE AWAY",,,"Y","$501 - $1,500","2026-02-21T08:34:00.000","UNABLE TO DETERMINE","UNABLE TO DETERMINE","6701","S","PULASKI RD","833",,,,,,,"2","NO INDICATION OF INJURY","0","0","0","0","0","2","0","8","7","2","41.7713304727","-87.7224281786","POINT (-87.72242817856 41.771330472676)"
"c8474b3e0d582533623f60299eb9ef095431109c6971cc47cac50b608672a0b3616f36a348c0329e0dc35f392253411143eb63afc32a518fc03d692c4d5c4bd9",,"2026-02-21T08:00:00.000","30","STOP SIGN/FLASHER","FUNCTIONING PROPERLY","CLEAR","DAYLIGHT","ANGLE","NOT DIVIDED",,"STRAIGHT AND LEVEL","DRY","NO DEFECTS","ON SCENE","NO INJURY / DRIVE AWAY","Y",,"Y","OVER $1,500","2026-02-21T08:07:00.000","DISREGARDING TRAFFIC SIGNALS","NOT APPLICABLE","399","S","CANAL ST","121",,,,,,,"2","NO INDICATION OF INJURY","0","0","0","0","0","2","0","8","7","2","41.8768054606","-87.6394595691","POINT (-87.639459569097 41.876805460612)"
"8618112e125b52f64cecd72ef803fe91c02ba3b82da1234c3c7e7252aa7066d85cfd9560fed14f309fc23dc506c23c156ae13c1f3c9f16b401197bd928a1a0f5",,"2026-02-21T07:42:00.000","30","TRAFFIC SIGNAL","FUNCTIONING PROPERLY","CLEAR","DAYLIGHT","REAR END","NOT DIVIDED",,"STRAIGHT AND LEVEL","DRY","NO DEFECTS","NOT ON SCENE (DESK REPORT)","NO INJURY / DRIVE AWAY","Y",,"N","$501 - $1,500","2026-02-21T10:30:00.000","FOLLOWING TOO CLOSELY","FOLLOWING TOO CLOSELY","7901","S","ASHLAND AVE","612",,,,,,,"2","NO INDICATION OF INJURY","0","0","0","0","0","2","0","7","7","2","41.7502689871","-87.66328709","POINT (-87.663287090011 41.750268987086)"
"32980dab04686eda79f6e30b344f94c629eae0217d72c3f9daee34cad1774ee81fa9405d51fbbed76c6976e472d0650f69ec915dbdeafc21145fc1b844d1b213",,"2026-02-21T07:37:00.000","35","NO CONTROLS","NO CONTROLS","CLEAR","DAYLIGHT","FIXED OBJECT","DIVIDED - W/MEDIAN BARRIER",,"STRAIGHT AND LEVEL","DRY","NO DEFECTS","ON SCENE","INJURY AND / OR TOW DUE TO CRASH",,"N",,"OVER $1,500","2026-02-21T07:42:00.000","NOT APPLICABLE","NOT APPLICABLE","5526","W","65TH ST","813",,,,,,,"1","NO INDICATION OF INJURY","0","0","0","0","0","1","0","7","7","2","41.7745231961","-87.760257229","POINT (-87.760257228978 41.774523196079)"
"1aa42977b8c6f4acd876a39aea20dcbd74afd41be3729bd1445b9e716b5e3755a1a789ac702cd758813ecc639f5160d174ea68ab761df8418e0442cb97e14f97",,"2026-02-21T07:30:00.000","25","UNKNOWN","UNKNOWN","UNKNOWN","UNKNOWN","SIDESWIPE SAME DIRECTION","ONE-WAY",,"STRAIGHT AND LEVEL","UNKNOWN","UNKNOWN","NOT ON SCENE (DESK REPORT)","NO INJURY / DRIVE AWAY",,,,"OVER $1,500","2026-02-23T16:41:00.000","NOT APPLICABLE","NOT APPLICABLE","630","N","RUSH ST","1834",,,,,,,"2","NO INDICATION OF INJURY","0","0","0","0","0","2","0","7","7","2","41.8933524377","-87.6255669883","POINT (-87.625566988325 41.893352437697)"
"6fb1412b88724c42ed4e3030c4542732727c0e4980c77eccdd5a0a6c4d7e6b60d615bcc31f4d99531cfd95c9ab35e4c50acc4dc9aae695e77f16e32a64f54a7b",,"2026-02-21T07:15:00.000","25","NO CONTROLS","NO CONTROLS","CLEAR","DAYLIGHT","TURNING","NOT DIVIDED",,"STRAIGHT AND LEVEL","DRY","NO DEFECTS","ON SCENE","NO INJURY / DRIVE AWAY",,,,"$501 - $1,500","2026-02-21T07:18:00.000","NOT APPLICABLE","NOT APPLICABLE","7600","S","SOUTH SHORE DR","421",,,,,,,"2","NO INDICATION OF INJURY","0","0","0","0","0","2","0","7","7","2","41.7587121747","-87.5554679583","POINT (-87.55546795831 41.758712174742)"