"crash_record_id","crash_date_est_i","crash_date","posted_speed_limit","traffic_control_device","device_condition","weather_condition","lighting_condition","first_crash_type","trafficway_type","lane_cnt","alignment","roadway_surface_cond","road_defect","report_type","crash_type","intersection_related_i","private_property_i","hit_and_run_i","damage","date_police_notified","prim_contributory_cause","sec_contributory_cause","street_no","street_direction","street_name","beat_of_occurrence","photos_taken_i","statements_taken_i","dooring_i","work_zone_i","work_zone_type","workers_present_i","num_units","most_severe_injury","injuries_total","injuries_fatal","injuries_incapacitating","injuries_non_incapacitating","injuries_reported_not_evident","injuries_no_indication","injuries_unknown","crash_hour","crash_day_of_week","crash_month","latitude","longitude","location"
"64ebef8e3c28b36b97fb43d6743472cc07dcd484b493748bee0c59ce2c55475c9ef5ebf583f2f63325348798998b59e9048f4771a5c1aace7b761f69f10d0864",,"2026-02-21T07:06:00.000","30","TRAFFIC SIGNAL","FUNCTIONING PROPERLY","CLEAR","DAYLIGHT","FIXED OBJECT","NOT DIVIDED",,"STRAIGHT AND LEVEL","DRY","UNKNOWN","ON SCENE","INJURY AND / OR TOW DUE TO CRASH",,,,"OVER $1,500","2026-02-21T07:06:00.000","UNABLE TO DETERMINE","UNABLE TO DETERMINE","4001","N","CENTRAL AVE","1624",,,,,,,"1","NO INDICATION OF INJURY","0","0","0","0","0","1","0","7","7","2","41.9532789395","-87.7668561709","POINT (-87.766856170947 41.953278939454)"
"264760253da695805ae20506dcc1e67a977ffe1ec2749e81bff6a068ad5b81b9e37107c731a7986816bfe1064df7c5c22b98337eb75bb1734ffbed488bd45fe1","Y","2026-02-21T06:30:00.000","20","UNKNOWN","UNKNOWN","UNKNOWN","UNKNOWN","PARKED MOTOR VEHICLE","PARKING LOT",,"STRAIGHT AND LEVEL","UNKNOWN","UNKNOWN","NOT ON SCENE (DESK REPORT)","NO INJURY / DRIVE AWAY",,,,"$500 OR LESS","2026-02-21T06:30:00.000","UNABLE TO DETERMINE","UNABLE TO DETERMINE","5555","W","GRAND AVE","2515","Y",,,,,,"2","NO INDICATION OF INJURY","0","0","0","0","0","1","0","6","7","2","41.9186088912","-87.765574479","POINT (-87.765574478976 41.918608891151)"
"deed87020e758be4f8f34595f571c4fc48e27c8dd663020e94832de2a2985a7514e1410a9956c7ca03ce4cdde2665c58046be78037c0c504f8e9decd7d9da97d",,"2026-02-21T05:00:00.000","30","NO CONTROLS","NO CONTROLS","CLEAR","DARKNESS","PARKED MOTOR VEHICLE","NOT DIVIDED",,"STRAIGHT AND LEVEL","DRY","NO DEFECTS","NOT ON SCENE (DESK REPORT)","NO INJURY / DRIVE AWAY",,,"Y","OVER $1,500","2026-02-21T18:15:00.000","NOT APPLICABLE","NOT APPLICABLE","3625","W","MARQUETTE RD","833",,,,,,,"2","NO INDICATION OF INJURY","0","0","0","0","0","1","0","5","7","2","41.7713982451","-87.7139269364","POINT (-87.71392693638 41.771398245148)"
"2fe02dac46f7d446c15b70a269e8540dc806bfaaae6721c33570ef1a3ec9b679afcd5ff631d2c3b74fd47913b49687d6034080347b73d3b596cc1350cbec31dd",,"2026-02-21T04:50:00.000","20","STOP SIGN/FLASHER","FUNCTIONING PROPERLY","UNKNOWN","DARKNESS","TURNING","FOUR WAY",,"STRAIGHT AND LEVEL","UNKNOWN","NO DEFECTS","NOT ON SCENE (DESK REPORT)","NO INJURY / DRIVE AWAY","Y",,,"OVER $1,500","2026-02-23T13:15:00.000","IMPROPER LANE USAGE","UNABLE TO DETERMINE","6300","W","SCHUBERT AVE","2512",,,,,,,"2","NO INDICATION OF INJURY","0","0","0","0","0","2","0","4","7","2","41.9293139914","-87.7832588498","POINT (-87.783258849764 41.929313991358)"
"3647f2fc4e302a94f9af7c62979d76087615d6108ba5f4d00c5cb650dbeff117dd1208d99ab8bb3c22fbe61134ef9fce3c49bd1da562f5d02fa0ab53c8ab6a26",,"2026-02-21T04:38:00.000","30","NO CONTROLS","NO CONTROLS","CLEAR","DARKNESS, LIGHTED ROAD","SIDESWIPE OPPOSITE DIRECTION","NOT DIVIDED",,"STRAIGHT ON GRADE","DRY","NO DEFECTS","ON SCENE","INJURY AND / OR TOW DUE TO CRASH",,,,"OVER $1,500","2026-02-21T04:38:00.000","FAILING TO REDUCE SPEED TO AVOID CRASH","NOT APPLICABLE","1901","W","29TH ST","912",,,,,,,"2","NO INDICATION OF INJURY","0","0","0","0","0","3","0","4","7","2","41.8399709539","-87.6725916633","POINT (-87.672591663318 41.839970953943)"
"613c8f8ef358822d2aab279890377e42c77ebc51e4be3c4bae35608cb795e848c2af570024504c99ac37ec9df1535514397931cdb237d3a76662eb3066c25700",,"2026-02-21T04:30:00.000","30","UNKNOWN","UNKNOWN","CLEAR","DAYLIGHT","SIDESWIPE SAME DIRECTION","NOT DIVIDED",,"STRAIGHT AND LEVEL","DRY","OTHER","NOT ON SCENE (DESK REPORT)","NO INJURY / DRIVE AWAY",,,,"OVER $1,500","2026-02-21T06:07:00.000","NOT APPLICABLE","NOT APPLICABLE","7031","S","SOUTH CHICAGO AVE","321",,,,,,,"2","NO INDICATION OF INJURY","0","0","0","0","0","2","0","4","7","2","41.7674169465","-87.6075320221","POINT (-87.607532022114 41.767416946505)"
"528570c149c98360c2f6cfea139f9d08fe7d216def77da89ee70b73095d700ac165c021eefaf080426897018d7a90fc59b1b19efc3d477953a1f7bbfc180e9c6",,"2026-02-21T03:50:00.000","30","NO CONTROLS","NO CONTROLS","CLEAR","DARKNESS, LIGHTED ROAD","PARKED MOTOR VEHICLE","NOT DIVIDED",,"STRAIGHT AND LEVEL","DRY","UNKNOWN","ON SCENE","INJURY AND / OR TOW DUE TO CRASH",,,,"OVER $1,500","2026-02-21T03:53:00.000","EQUIPMENT - VEHICLE CONDITION","NOT APPLICABLE","2953","W","NORTH AVE","1423",,,,,,,"2","NO INDICATION OF INJURY","0","0","0","0","0","1","0","3","7","2","41.9100677974","-87.7012044762","POINT (-87.701204476212 41.910067797413)"
"bd9cb230579c827cd1b40366164883cc4149f90a934d9de0133a755cbd88fca5b694967d0a0fa5236b9ddbcc8326813a4035007399c9343eef70acec7f422b91",,"2026-02-21T03:30:00.000","30","NO CONTROLS","NO CONTROLS","CLEAR","DARKNESS, LIGHTED ROAD","PARKED MOTOR VEHICLE","NOT DIVIDED",,"STRAIGHT AND LEVEL","DRY","NO DEFECTS","ON SCENE","INJURY AND / OR TOW DUE TO CRASH",,,,"OVER $1,500","2026-02-21T03:41:00.000","UNDER THE INFLUENCE OF ALCOHOL/DRUGS (USE WHEN ARREST IS EFFECTED)","FAILING TO REDUCE SPEED TO AVOID CRASH","6534","S","DAMEN AVE","726",,"Y",,,,,"2","REPORTED, NOT EVIDENT","1","0","0","0","1","0","0","3","7","2","41.7746558534","-87.6739246471","POINT (-87.673924647051 41.774655853375)"
"0f261c6b266befa8236c21d80e8a1e9f3da5a32755e9cb17a6544e75178f53dbf6e518e2660c6a5ee6d917dec39ed363398d4c6d753508a03e6b1eb11368999f",,"2026-02-21T03:00:00.000","30","UNKNOWN","UNKNOWN","UNKNOWN","UNKNOWN","SIDESWIPE SAME DIRECTION","NOT DIVIDED",,"STRAIGHT AND LEVEL","UNKNOWN","UNKNOWN","NOT ON SCENE (DESK REPORT)","NO INJURY / DRIVE AWAY",,,,"OVER $1,500","2026-02-21T10:13:00.000","UNABLE TO DETERMINE","UNABLE TO DETERMINE","6720","S","JEFFERY BLVD","332",,,,,,,"2","NO INDICATION OF INJURY","0","0","0","0","0","2","0","3","7","2","41.7727972924","-87.5766243253","POINT (-87.576624325262 41.772797292442)"
"82c5c29624c297bcfe626438d718b077b2ed227ef92dadee289336579288a065190d61b0151a707fffe9617965193feb340e5ee43ce7952296043744fd740471",,"2026-02-21T03:00:00.000","30","NO CONTROLS","NO CONTROLS","CLEAR","DAWN","PARKED MOTOR VEHICLE","OTHER",,"STRAIGHT AND LEVEL","DRY","UNKNOWN","ON SCENE","INJURY AND / OR TOW DUE TO CRASH",,,"Y","OVER $1,500","2026-02-21T10:45:00.000","UNABLE TO DETERMINE","UNABLE TO DETERMINE","8223","S","MAY ST","613",,,,,,,"3","NO INDICATION OF INJURY","0","0","0","0","0","1","0","3","7","2","41.7443417809","-87.6522120724","POINT (-87.652212072413 41.744341780914)"
"fee7b775474289c0182eb090adb2d5ef9da9f6dd95efdda298530d6a7744ab55be294668da5b027baaafbdebf1c28eb18364445c1593f1f1a36e7aa7557e7aa8",,"2026-02-21T03:00:00.000","30","NO CONTROLS","NO CONTROLS","CLEAR","DARKNESS","ANGLE","OTHER",,"STRAIGHT AND LEVEL","UNKNOWN","UNKNOWN","NOT ON SCENE (DESK REPORT)","NO INJURY / DRIVE AWAY",,,"Y","OVER $1,500","2026-02-21T04:00:00.000","UNABLE TO DETERMINE","UNABLE TO DETERMINE","523","W","76TH ST","621",,,,,,,"2","NO INDICATION OF INJURY","0","0","0","0","0","2","0","3","7","2","41.7560745535","-87.6378189946","POINT (-87.637818994636 41.756074553457)"
"660c41ce010446f8ce5fbe5f9a812e1d31a80eed22c30224f3769ba93d303b7b3733cb1239a2f28c61c77cb17decb786bb6d488c157c159561d553a7987fd66b",,"2026-02-21T02:38:00.000","25","TRAFFIC SIGNAL","FUNCTIONING PROPERLY","CLEAR","DARKNESS, LIGHTED ROAD","SIDESWIPE SAME DIRECTION","ONE-WAY",,"STRAIGHT AND LEVEL","DRY","NO DEFECTS","ON SCENE","INJURY AND / OR TOW DUE TO CRASH",,,,"OVER $1,500","2026-02-21T02:50:00.000","UNABLE TO DETERMINE","UNABLE TO DETERMINE","652","N","CLARK ST","1832",,,,,,,"2","REPORTED, NOT EVIDENT","2","0","0","0","2","1","0","2","7","2","41.8939894826","-87.6313328842","POINT (-87.631332884202 41.893989482591)"
"b28de284c229ee526e9aae61a13fa33dba24d32d0b6b2ffddcb7e7675a6eb12719ea2e166fec0117e4963949c889979865614dea544962f4924d8a013a387616",,"2026-02-21T02:18:00.000","30","NO CONTROLS","NO CONTROLS","CLEAR","DARKNESS","FIXED OBJECT","NOT DIVIDED",,"STRAIGHT AND LEVEL","DRY","NO DEFECTS","ON SCENE","INJURY AND / OR TOW DUE TO CRASH",,,,"OVER $1,500","2026-02-21T02:19:00.000","DISTRACTION - FROM OUTSIDE VEHICLE","UNABLE TO DETERMINE","901","S","CICERO AVE","1131",,,,,,,"1","NO INDICATION OF INJURY","0","0","0","0","0","4","0","2","7","2","41.8694501832","-87.7447163489","POINT (-87.744716348872 41.869450183248)"
"636d2325a67dd02103be606dae7e5b76d5c8fee24d4804ced104daf43851bdd2ec3175f184a275340bc36af72d827d6d0508f5b53b3d9c0c1e45a9433b563fb3",,"2026-02-21T02:17:00.000","30","NO CONTROLS","NO CONTROLS","CLEAR","DARKNESS, LIGHTED ROAD","PARKED MOTOR VEHICLE","FOUR WAY",,"STRAIGHT AND LEVEL","DRY","NO DEFECTS","ON SCENE","INJURY AND / OR TOW DUE TO CRASH","Y",,,"OVER $1,500","2026-02-21T02:17:00.000","UNDER THE INFLUENCE OF ALCOHOL/DRUGS (USE WHEN ARREST IS EFFECTED)","NOT APPLICABLE","3458","W","64TH ST","823",,,,,,,"10","NO INDICATION OF INJURY","0","0","0","0","0","1","0","2","7","2","41.777135149","-87.7102463794","POINT (-87.710246379408 41.777135149004)"
"e85dd89bc76f99f7591070327df97e5f3c5a53157c059c56b12d8a97f5f7579a3dd4f4052a9911dd7e16888ed92ed6cfa7307fdb869595c41a460ea0254ce41b",,"2026-02-21T02:00:00.000","30","NO CONTROLS","NO CONTROLS","CLEAR","DARKNESS, LIGHTED ROAD","PARKED MOTOR VEHICLE","NOT DIVIDED",,"STRAIGHT AND LEVEL","DRY","NO DEFECTS","NOT ON SCENE (DESK REPORT)","NO INJURY / DRIVE AWAY",,,"Y","OVER $1,500","2026-02-23T07:30:00.000","UNABLE TO DETERMINE","NOT APPLICABLE","1156","N","CLEAVER ST","1213",,,,,,,"2","NO INDICATION OF INJURY","0","0","0","0","0","1","0","2","7","2","41.9033453391","-87.6639757964","POINT (-87.663975796392 41.903345339072)"
"75d23357efcd1852822c170453ef67d5298942e09e274e0bf134971a9460e0b78d2ba7044e4dea9a836b515107e670e1551381e3e363b862229e2425663b1d2f",,"2026-02-21T01:50:00.000","30","NO CONTROLS","NO CONTROLS","CLEAR","DARKNESS, LIGHTED ROAD","PARKED MOTOR VEHICLE","NOT DIVIDED",,"STRAIGHT AND LEVEL","DRY","NO DEFECTS","ON SCENE","INJURY AND / OR TOW DUE TO CRASH",,,,"OVER $1,500","2026-02-21T01:52:00.000","DISTRACTION - FROM OUTSIDE VEHICLE","NOT APPLICABLE","230","S","KOSTNER AVE","1113",,"Y",,,,,"3","NO INDICATION OF INJURY","0","0","0","0","0","1","0","1","7","2","41.8770084541","-87.7354975172","POINT (-87.735497517204 41.877008454134)"
"4b3bbb4243a9b887f4d89f5a64f4a44b86c8981d88fe3eb184462059c211d5acd514ea0abe689eac634a1ac031228be9a9ee66526a72ce773e3377592c2c31ca",,"2026-02-21T01:45:00.000","30","TRAFFIC SIGNAL","FUNCTIONING PROPERLY","CLEAR","DARKNESS, LIGHTED ROAD","REAR END","FOUR WAY",,"STRAIGHT AND LEVEL","DRY","NO DEFECTS","NOT ON SCENE (DESK REPORT)","NO INJURY / DRIVE AWAY","Y",,"Y","$501 - $1,500","2026-02-21T13:30:00.000","UNABLE TO DETERMINE","UNABLE TO DETERMINE","1012","E","83RD ST","631",,,,,,,"2","NO INDICATION OF INJURY","0","0","0","0","0","2","0","1","7","2","41.7441506453","-87.5996166036","POINT (-87.59961660361 41.744150645349)"
"56a0bee6f0705ce0f1603a2f28ed22710ff29c3c411a058e09bc4a944336d16ac6ccd47096b10a2d0070db9e27ea9694aea0344929787b8523f2781b94e5dcb7",,"2026-02-21T01:45:00.000","30","UNKNOWN","UNKNOWN","UNKNOWN","UNKNOWN","PARKED MOTOR VEHICLE","NOT DIVIDED",,"STRAIGHT AND LEVEL","UNKNOWN","UNKNOWN","NOT ON SCENE (DESK REPORT)","NO INJURY / DRIVE AWAY",,,,"OVER $1,500","2026-03-03T12:15:00.000","UNABLE TO DETERMINE","UNABLE TO DETERMINE","819","E","47TH PL","223",,,,,,,"2","NO INDICATION OF INJURY","0","0","0","0","0","1","0","1","7","2","41.8085235669","-87.6057689377","POINT (-87.605768937656 41.808523566899)"
"ff406564589454d11b0e827ea498ae9bd659881563537a24d2a80169cc382eb1b11cf6619d88e68b605b5efee45fa93c7e9e24f1fe2679c7df2c336bcbf31207",,"2026-02-21T01:45:00.000","5","NO CONTROLS","NO CONTROLS","CLEAR","DARKNESS, LIGHTED ROAD","PARKED MOTOR VEHICLE","PARKING LOT",,"STRAIGHT AND LEVEL","DRY","OTHER","NOT ON SCENE (DESK REPORT)","NO INJURY / DRIVE AWAY",,"Y","Y","$501 - $1,500","2026-02-21T02:20:00.000","UNABLE TO DETERMINE","UNABLE TO DETERMINE","631","N","LA SALLE DR","1832",,,,,,,"2","NO INDICATION OF INJURY","0","0","0","0","0","1","0","1","7","2","41.8932511985","-87.6324930122","POINT (-87.632493012229 41.893251198465)"
"5aa7b77d1585177fd38f9e7aa79e41cdced16a1185a5773939af324156d17ca9e8fc86e9e9ffab44b4c8ed0dbc8815e5b252acd21b4474d607ed25dbde48d8c7",,"2026-02-21T01:39:00.000","20","NO CONTROLS","NO CONTROLS","CLEAR","DARKNESS, LIGHTED ROAD","PARKED MOTOR VEHICLE","ONE-WAY",,"STRAIGHT AND LEVEL","DRY","NO DEFECTS","ON SCENE","INJURY AND / OR TOW DUE TO CRASH",,,"Y","OVER $1,500","2026-02-21T01:42:00.000","FOLLOWING TOO CLOSELY","UNABLE TO DETERMINE","6559","S","SACRAMENTO AVE","831",,,,,,,"2","NO INDICATION OF INJURY","0","0","0","0","0","1","0","1","7","2","41.77366911","-87.6979817318","POINT (-87.697981731816 41.773669109974)"
"fbaeaf4cefd17ef1b612559986b41b41c01fa63bf9cbe9c5fdaf4034635fb62beb1723c4f4630d3bb58a7fb53a3a9ccab5f056591b22e9463181e26ed9085d86",,"2026-02-21T01:29:00.000","30","UNKNOWN","UNKNOWN","UNKNOWN","UNKNOWN","REAR END","DIVIDED - W/MEDIAN (NOT RAISED)",,"STRAIGHT AND LEVEL","UNKNOWN","UNKNOWN","NOT ON SCENE (DESK REPORT)","NO INJURY / DRIVE AWAY",,,"Y","OVER $1,500","2026-02-22T13:30:00.000","UNABLE TO DETERMINE","UNABLE TO DETERMINE","1530","E","75TH ST","324",,,,,,,"2","NO INDICATION OF INJURY","0","0","0","0","0","2","0","1","7","2","41.7588643141","-87.5872192475","POINT (-87.587219247483 41.758864314116)"
"ca691f1088d075220360abe2dbf1f5a5da131bf2afd968e677f553b6facd7b20c29b209d6bf49054f7efaf2155eb4594363fb272916d6395bfa434ae36cd08fb",,"2026-02-21T01:25:00.000","30","NO CONTROLS","NO CONTROLS","CLEAR","DARKNESS, LIGHTED ROAD","PARKED MOTOR VEHICLE","ONE-WAY",,"STRAIGHT AND LEVEL","DRY","NO DEFECTS","ON SCENE","INJURY AND / OR TOW DUE TO CRASH",,,"Y","OVER $1,500","2026-02-21T01:28:00.000","PHYSICAL CONDITION OF DRIVER","NOT APPLICABLE","4852","W","BERENICE AVE","1634",,,,,,,"2","NO INDICATION OF INJURY","0","0","0","0","0","2","0","1","7","2","41.9507549669","-87.7492936847","POINT (-87.749293684708 41.950754966943)"
"f0650e33b2e2d299c18003f123bd810545bdf187b5fa9d02321f3934b61ce4c8a5a4e615477ace13fbd7f0a2f0e35c1b8d42d6cd96dd16f09b7bfe37a997db69",,"2026-02-21T01:24:00.000","15","NO CONTROLS","NO CONTROLS","CLEAR","DARKNESS","FIXED OBJECT","ALLEY",,"STRAIGHT AND LEVEL","DRY","NO DEFECTS","ON SCENE","NO INJURY / DRIVE AWAY",,,"Y","OVER $1,500","2026-02-21T01:27:00.000","UNABLE TO DETERMINE","NOT APPLICABLE","12714","S","PARNELL AVE","523",,,,,,,"1","NO INDICATION OF INJURY","0","0","0","0","0","1","0","1","7","2","41.6628281464","-87.6355612077","POINT (-87.635561207743 41.662828146378)"
"5713c1337804fe82ad686fded29f631590af117d2027a16e2bbf4ef307152898119f236cda165904c613c67c6669e6dffa0bb5f5ee707217eb219fc0de31e4c4",,"2026-02-21T01:15:00.000","30","NO CONTROLS","NO CONTROLS","CLEAR","DARKNESS, LIGHTED ROAD","SIDESWIPE SAME DIRECTION","DIVIDED - W/MEDIAN BARRIER",,"STRAIGHT AND LEVEL","DRY","NO DEFECTS","ON SCENE","INJURY AND / OR TOW DUE TO CRASH",,,,"OVER $1,500","2026-02-21T01:16:00.000","IMPROPER OVERTAKING/PASSING","IMPROPER LANE USAGE","5700","S","CICERO AVE","813",,,,,,,"3","REPORTED, NOT EVIDENT","5","0","0","0","5","3","0","1","7","2","41.7893293233","-87.7416456442","POINT (-87.741645644196 41.789329323265)"
"37f23f7e1cb440a4dfffc8350fa4d5c969b6dbe12f7a7bbf086f0517986bf90dfe345fb5efe231848edfd0186d38a7b5355412f0b93a756f045622a685cad607",,"2026-02-21T01:02:00.000","30","TRAFFIC SIGNAL","FUNCTIONING PROPERLY","CLEAR","DARKNESS, LIGHTED ROAD","REAR END","DIVIDED - W/MEDIAN BARRIER",,"STRAIGHT AND LEVEL","DRY","NO DEFECTS","ON SCENE","INJURY AND / OR TOW DUE TO CRASH","N",,,"OVER $1,500","2026-02-21T01:02:00.000","IMPROPER OVERTAKING/PASSING","FAILING TO YIELD RIGHT-OF-WAY","800","W","GARFIELD BLVD","934",,,,,,,"2","NO INDICATION OF INJURY","0","0","0","0","0","2","0","1","7","2","41.7944101144","-87.6452846747","POINT (-87.645284674705 41.794410114413)"
"29ccf4d4962752da85754d788611873a612bc32a9c4d305346f7fa602a8c81a63c92eeea23337dffb9e6c3aafabc1b55982e3166eb364c6dddc304e656af330d",,"2026-02-21T00:56:00.000","30","TRAFFIC SIGNAL","FUNCTIONING PROPERLY","CLEAR","DARKNESS, LIGHTED ROAD","ANGLE","FOUR WAY",,"STRAIGHT AND LEVEL","DRY","NO DEFECTS","ON SCENE","INJURY AND / OR TOW DUE TO CRASH","Y",,,"OVER $1,500","2026-02-21T00:59:00.000","DISREGARDING TRAFFIC SIGNALS","UNABLE TO DETERMINE","7900","S","KEDZIE AVE","834",,,,,,,"2","NO INDICATION OF INJURY","0","0","0","0","0","4","0","0","7","2","41.7497239717","-87.7025395717","POINT (-87.702539571674 41.749723971726)"
"cd11dd2ffca26d80051b49065b2b1ea7069e8980a379a00e630688c6fce3191a63676ce08c1d4f50a769e3a436ab399e9befd8e6b3c1c23c717d17eb7ce7297d",,"2026-02-21T00:50:00.000","40","NO CONTROLS","NO CONTROLS","CLEAR","DARKNESS, LIGHTED ROAD","OTHER OBJECT","DIVIDED - W/MEDIAN BARRIER",,"STRAIGHT AND LEVEL","DRY","NO DEFECTS","ON SCENE","INJURY AND / OR TOW DUE TO CRASH",,,"Y","OVER $1,500","2026-02-21T00:53:00.000","FOLLOWING TOO CLOSELY","UNABLE TO DETERMINE","2100","N","LAKE SHORE DR SB","1814",,,,,,,"1","NO INDICATION OF INJURY","0","0","0","0","0","1","0","0","7","2","41.9203363134","-87.6297754174","POINT (-87.629775417361 41.920336313419)"
"4cf6e51c91cb42edfad87de852c546e059159597184cf433027fc7d0f0e5b5d471a90742a0d21371e7380bed6b5b5e2c13f2ab6b64522ee7e5701a9228570f33",,"2026-02-21T00:45:00.000","30","TRAFFIC SIGNAL","UNKNOWN","CLEAR","DARKNESS, LIGHTED ROAD","REAR END","FOUR WAY",,"STRAIGHT AND LEVEL","DRY","NO DEFECTS","ON SCENE","INJURY AND / OR TOW DUE TO CRASH","Y",,"Y","$501 - $1,500","2026-02-21T00:55:00.000","UNABLE TO DETERMINE","UNABLE TO DETERMINE","1","N","ASHLAND AVE","1224",,,,,,,"2","REPORTED, NOT EVIDENT","1","0","0","0","1","1","0","0","7","2","41.8815045556","-87.6666575605","POINT (-87.666657560535 41.881504555642)"
"b5319b22c2f11d81980f85c8817ad6267464834b756b003e9d8b44d8fb6135ba795c0570eb1ed7a989b81dd7ecf8de9908af3f957622941d903e575486f40bcf",,"2026-02-21T00:30:00.000","30","NO CONTROLS","NO CONTROLS","CLEAR","DARKNESS, LIGHTED ROAD","PARKED MOTOR VEHICLE","ONE-WAY",,"STRAIGHT AND LEVEL","DRY","NO DEFECTS","ON SCENE","INJURY AND / OR TOW DUE TO CRASH",,,"Y","OVER $1,500","2026-02-21T00:40:00.000","UNABLE TO DETERMINE","UNABLE TO DETERMINE","3050","S","MILLARD AVE","1032","N",,,,,,"3","NO INDICATION OF INJURY","0","0","0","0","0","1","0","0","7","2","41.8373006825","-87.7159646492","POINT (-87.71596464916 41.837300682479)"
"1fcea57ca12f2beb7fdc521bb1049bfe68027a5813901e9b60269c2dce7f6bb94ab95aba8369f30c5245ed6dccbdf2cbbda28146e2644b7e6e843c9e85e94541",,"2026-02-21T00:26:00.000","30","NO CONTROLS","NO CONTROLS","CLEAR","DARKNESS, LIGHTED ROAD","PARKED MOTOR VEHICLE","DIVIDED - W/MEDIAN (NOT RAISED)",,"STRAIGHT AND LEVEL","DRY","NO DEFECTS",,"INJURY AND / OR TOW DUE TO CRASH",,,,"OVER $1,500","2026-02-21T00:27:00.000","UNABLE TO DETERMINE","NOT APPLICABLE","824","W","35TH ST","913",,,,,,,"3","NONINCAPACITATING INJURY","1","0","0","1","0","0","0","0","7","2","41.8308473642","-87.6471028665","POINT (-87.647102866535 41.830847364242)"
"e98a4fba3fbfa37f8a5440dc34ec88aaf5453fe352815ca91223bdfd468f1af0489063b5bbbc1584e0f846ac15acf82111eaed0687df341e3e6fd32ad562e852",,"2026-02-21T00:25:00.000","40","NO CONTROLS","NO CONTROLS","CLEAR","DARKNESS, LIGHTED ROAD","SIDESWIPE SAME DIRECTION","DIVIDED - W/MEDIAN BARRIER",,"STRAIGHT AND LEVEL","DRY","NO DEFECTS","ON SCENE","INJURY AND / OR TOW DUE TO CRASH",,,"Y","OVER $1,500","2026-02-21T00:28:00.000","UNABLE TO DETERMINE","UNABLE TO DETERMINE","1840","N","LAKE SHORE DR SB","1814",,,,,,,"2","NO INDICATION OF INJURY","0","0","0","0","0","2","0","0","7","2","41.9161262769","-87.6282417652","POINT (-87.628241765247 41.916126276948)"
"770a3c5a16ea08ae08e72d08a80e4ef8bc547b4144885e77295a869990828639d6ebbfbb6f3527d88774ac1c5d2b1b2f6f65bbe8885a1a8e127f519fa49339eb",,"2026-02-20T23:58:00.000","30","NO CONTROLS","NO CONTROLS","CLEAR","DARKNESS, LIGHTED ROAD","REAR END","NOT DIVIDED",,"STRAIGHT AND LEVEL","DRY","UNKNOWN","NOT ON SCENE (DESK REPORT)","INJURY AND / OR TOW DUE TO CRASH",,,"N","OVER $1,500","2026-02-21T00:39:00.000","UNABLE TO DETERMINE","UNABLE TO DETERMINE","598","N","STATE ST","1831",,,,,,,"3","REPORTED, NOT EVIDENT","2","0","0","0","2","2","0","23","6","2","41.8924213661","-87.6282348711","POINT (-87.628234871137 41.892421366131)"
"a016dc763c1669abbe5146bed19de34df15721c05e237309439373e88705a77c14dd8e6a698fb99ef0dc534d8d357c338887cfa12d96dfdacca9fbb6840f7460",,"2026-02-20T23:52:00.000","5","NO CONTROLS","NO CONTROLS","CLEAR","DARKNESS, LIGHTED ROAD","PARKED MOTOR VEHICLE","DRIVEWAY",,"STRAIGHT AND LEVEL","DRY","NO DEFECTS",,"NO INJURY / DRIVE AWAY",,,"Y","$501 - $1,500","2026-02-21T00:36:00.000","UNABLE TO DETERMINE","NOT APPLICABLE","644","N","LAKE SHORE DR","1834",,,,,,,"2","NO INDICATION OF INJURY","0","0","0","0","0","1","0","23","6","2","41.8938713478","-87.6152747773","POINT (-87.615274777284 41.893871347793)"
"8ecd7d6c5b80a561852f4d0fc9e869524d0427dfa9f8e8a3a224b424c1a0ad11c809a6f4af6eb615e846108abb09738f432093bb839c5805feb8c2b3e409eb53",,"2026-02-20T23:51:00.000","30","NO CONTROLS","NO CONTROLS","CLEAR","DARKNESS, LIGHTED ROAD","PARKED MOTOR VEHICLE","DIVIDED - W/MEDIAN (NOT RAISED)",,"STRAIGHT AND LEVEL","DRY","NO DEFECTS","ON SCENE","INJURY AND / OR TOW DUE TO CRASH",,,,"OVER $1,500","2026-02-20T23:57:00.000","UNDER THE INFLUENCE OF ALCOHOL/DRUGS (USE WHEN ARREST IS EFFECTED)","FAILING TO REDUCE SPEED TO AVOID CRASH","1504","W","AUGUSTA BLVD","1213",,,,,,,"2","NO INDICATION OF INJURY","0","0","0","0","0","1","0","23","6","2","41.8998534849","-87.6651943286","POINT (-87.665194328595 41.899853484856)"
"8b16eb7267bab526c79df56d1b1253323877a65687eb760d411c76ecb31f70967b5f67205cc2783d65107d42dd7aa137852ce7a5704ad9632c5cf3b3cab723bc",,"2026-02-20T23:50:00.000","30","NO CONTROLS","NO CONTROLS","CLEAR","DARKNESS, LIGHTED ROAD","PARKED MOTOR VEHICLE","NOT DIVIDED",,"STRAIGHT AND LEVEL","DRY","NO DEFECTS","NOT ON SCENE (DESK REPORT)","NO INJURY / DRIVE AWAY",,,,"OVER $1,500","2026-02-21T00:20:00.000","IMPROPER BACKING","NOT APPLICABLE","237","S","LOTUS AVE","1522",,,,,,,"2","NO INDICATION OF INJURY","0","0","0","0","0","1","0","23","6","2","41.8772315236","-87.7615704976","POINT (-87.761570497622 41.877231523619)"