"crash_record_id","crash_date_est_i","crash_date","posted_speed_limit","traffic_control_device","device_condition","weather_condition","lighting_condition","first_crash_type","trafficway_type","lane_cnt","alignment","roadway_surface_cond","road_defect","report_type","crash_type","intersection_related_i","private_property_i","hit_and_run_i","damage","date_police_notified","prim_contributory_cause","sec_contributory_cause","street_no","street_direction","street_name","beat_of_occurrence","photos_taken_i","statements_taken_i","dooring_i","work_zone_i","work_zone_type","workers_present_i","num_units","most_severe_injury","injuries_total","injuries_fatal","injuries_incapacitating","injuries_non_incapacitating","injuries_reported_not_evident","injuries_no_indication","injuries_unknown","crash_hour","crash_day_of_week","crash_month","latitude","longitude","location"
"ef9863537b98c764a186ee6d26424b4688a001f9a9452cbbc68456f3f64732035ca69dd24ae3f0e0fed8d7b62699d05683ab5a038df4adaf8b2cd787d090c532",,"2026-02-20T23:50:00.000","30","NO CONTROLS","NO CONTROLS","CLEAR","DARKNESS, LIGHTED ROAD","FIXED OBJECT","ONE-WAY",,"STRAIGHT AND LEVEL","DRY","NO DEFECTS","ON SCENE","NO INJURY / DRIVE AWAY",,,"Y","$501 - $1,500","2026-02-20T23:54:00.000","UNABLE TO DETERMINE","UNABLE TO DETERMINE","3136","W","57TH ST","824",,,,,,,"1","NO INDICATION OF INJURY","0","0","0","0","0","1","0","23","6","2","41.7900088072","-87.7024648663","POINT (-87.702464866259 41.790008807233)"
"6913486b99a9174156c6734792d89a040a3c244265b080f0efb408efd0bf2de096bec3a3782a7251916b1ee76a2fcd618a3f0d0dd665b4579ea74bbd8bceed13",,"2026-02-20T23:40:00.000","30","UNKNOWN","UNKNOWN","CLEAR","DAYLIGHT","SIDESWIPE SAME DIRECTION","NOT DIVIDED",,"STRAIGHT AND LEVEL","UNKNOWN","UNKNOWN","ON SCENE","NO INJURY / DRIVE AWAY",,,,"OVER $1,500","2026-02-20T23:40:00.000","NOT APPLICABLE","NOT APPLICABLE","415","S","LA SALLE ST","122",,,,,,,"2","NO INDICATION OF INJURY","0","0","0","0","0","2","0","23","6","2","41.8764920042","-87.6316116011","POINT (-87.631611601116 41.876492004161)"
"c01474f3171f988afeb607d3f3d5287c4ecb350d43e44c537b85840290083edebb41f7571c6ddf7264b4a309f322a905393eb249cf0fb3e6a88a549860c6d8ee",,"2026-02-20T23:36:00.000","30","NO CONTROLS","NO CONTROLS","CLEAR","DARKNESS, LIGHTED ROAD","FIXED OBJECT","DIVIDED - W/MEDIAN BARRIER",,"STRAIGHT AND LEVEL","DRY","NO DEFECTS","ON SCENE","INJURY AND / OR TOW DUE TO CRASH",,,,"OVER $1,500","2026-02-20T23:40:00.000","IMPROPER TURNING/NO SIGNAL","UNABLE TO DETERMINE","3600","W","MARQUETTE RD","833",,,,,,,"1","NO INDICATION OF INJURY","0","0","0","0","0","1","0","23","6","2","41.7716287203","-87.7130980781","POINT (-87.713098078074 41.771628720264)"
"095b90e9bf0f4f73ec9e822cd1752bb363a94d3de3946469f859c0c9e651865945974d73cb7de391b280938feaf48e5bc486f6880f9aa5482b945f868c2fb723",,"2026-02-20T23:19:00.000","30","TRAFFIC SIGNAL","FUNCTIONING PROPERLY","CLEAR","DARKNESS, LIGHTED ROAD","TURNING","FIVE POINT, OR MORE",,"STRAIGHT AND LEVEL","DRY","NO DEFECTS","ON SCENE","INJURY AND / OR TOW DUE TO CRASH","Y",,,"OVER $1,500","2026-02-20T23:21:00.000","DISREGARDING OTHER TRAFFIC SIGNS","UNABLE TO DETERMINE","2799","N","KIMBALL AVE","1412",,"Y",,,,,"2","NONINCAPACITATING INJURY","2","0","0","1","1","1","0","23","6","2","41.9319080934","-87.7121292292","POINT (-87.712129229243 41.931908093366)"
"8a006e2a485bdf603ba4fac3366f018bcd34fecae28d697b3822b57789c4cfc341e874798831d5970e96f628a41ff93e4b71f0d25dc6e7d91ecab178bd625865",,"2026-02-20T23:14:00.000","30","NO CONTROLS","NO CONTROLS","CLEAR","DARKNESS","ANGLE","DIVIDED - W/MEDIAN BARRIER",,"STRAIGHT AND LEVEL","DRY","NO DEFECTS","NOT ON SCENE (DESK REPORT)","NO INJURY / DRIVE AWAY",,,"Y","OVER $1,500","2026-02-26T14:00:00.000","UNABLE TO DETERMINE","UNABLE TO DETERMINE","2900","W","LAWRENCE AVE","1713",,,,,,,"2","NO INDICATION OF INJURY","0","0","0","0","0","2","0","23","6","2","41.9686234686","-87.7011688212","POINT (-87.701168821201 41.96862346864)"
"e13e92b6ac03765d141839b96f82376be6b2e2a55762d1e4d81863f2a26fad341f29f05546992937654f72f1cb4e3e36fd90295136b9e164e0aff33da557ccec",,"2026-02-20T23:11:00.000","30","NO CONTROLS","NO CONTROLS","CLEAR","DARKNESS","TURNING","FOUR WAY",,"STRAIGHT AND LEVEL","DRY","NO DEFECTS","ON SCENE","INJURY AND / OR TOW DUE TO CRASH","Y",,,"OVER $1,500","2026-02-20T23:11:00.000","FAILING TO YIELD RIGHT-OF-WAY","NOT APPLICABLE","4430","W","ROOSEVELT RD","1131",,,,,,,"2","NONINCAPACITATING INJURY","1","0","0","1","0","2","0","23","6","2","41.8661241766","-87.7362250401","POINT (-87.736225040138 41.866124176582)"
"cf87b08db02e2f7b4bee123d69da8d0708597a79e04b88276a3c24a2064dce3f2ceb3734b1b9991a4d3e6ba5e99794879f1e2f98fb51f6b5a2a4da87120f08cc",,"2026-02-20T23:00:00.000","30","NO CONTROLS","NO CONTROLS","CLEAR","DARKNESS, LIGHTED ROAD","FIXED OBJECT","NOT DIVIDED",,"STRAIGHT AND LEVEL","ICE","OTHER","NOT ON SCENE (DESK REPORT)","NO INJURY / DRIVE AWAY",,,,"OVER $1,500","2026-02-24T13:05:00.000","WEATHER","NOT APPLICABLE","7000","S","MARSHFIELD AVE","735",,,,,,,"1","NO INDICATION OF INJURY","0","0","0","0","0","1","0","23","6","2","41.7666228408","-87.6652251055","POINT (-87.66522510554 41.76662284078)"
"e7240eac87b3c6edd86fbd484c8ac4631e2aff821c777f934953f9094a0b9bb9507a8f5c6013a86ba161d2de84633b8710fc4b153e3e7ecce908b3ef15f266d2",,"2026-02-20T23:00:00.000","30","NO CONTROLS","NO CONTROLS","CLEAR","DARKNESS, LIGHTED ROAD","PARKED MOTOR VEHICLE","ONE-WAY",,"STRAIGHT AND LEVEL","DRY","UNKNOWN","NOT ON SCENE (DESK REPORT)","NO INJURY / DRIVE AWAY",,,"Y","OVER $1,500","2026-02-21T21:00:00.000","UNABLE TO DETERMINE","UNABLE TO DETERMINE","6027","S","LAFLIN ST","713",,,,,,,"2","NO INDICATION OF INJURY","0","0","0","0","0","1","0","23","6","2","41.7841404812","-87.6617585373","POINT (-87.661758537282 41.784140481189)"
"556dac030e117957df10f020e3a5d656f288678a02d90ea88d4d3b6de1e7df5576670ac8ead99e3b2fbb009d4c19210a7d8a3447be5b43b336b4843379a58569",,"2026-02-20T22:50:00.000","25","UNKNOWN","UNKNOWN","UNKNOWN","DARKNESS, LIGHTED ROAD","PARKED MOTOR VEHICLE","NOT DIVIDED",,"STRAIGHT AND LEVEL","UNKNOWN","UNKNOWN","NOT ON SCENE (DESK REPORT)","NO INJURY / DRIVE AWAY",,,,"$501 - $1,500","2026-02-21T09:50:00.000","UNABLE TO DETERMINE","UNABLE TO DETERMINE","5331","S","WOODLAWN AVE","234",,,,,,,"2","NO INDICATION OF INJURY","0","0","0","0","0","1","0","22","6","2","41.7984836561","-87.59647363","POINT (-87.596473629951 41.798483656147)"
"643116045b2ddbf13b49dc72b9924bf49e69c1dd3746bf89463e9e108e43cc5f1ff8f753a91bdc2b0934a8ad98b5f2e1709857f9e21d42ba02f5bc7345e3f222",,"2026-02-20T22:40:00.000","30","TRAFFIC SIGNAL","UNKNOWN","CLEAR","DARKNESS, LIGHTED ROAD","TURNING","FOUR WAY",,"STRAIGHT AND LEVEL","DRY","UNKNOWN",,"INJURY AND / OR TOW DUE TO CRASH","Y",,,"OVER $1,500","2026-02-20T22:48:00.000","DISREGARDING TRAFFIC SIGNALS","FAILING TO YIELD RIGHT-OF-WAY","625","N","MICHIGAN AVE","1834",,,,,,,"2","NO INDICATION OF INJURY","0","0","0","0","0","2","0","22","6","2","41.8932995441","-87.6240646968","POINT (-87.62406469681 41.893299544116)"
"7cec7642f36af34394185f70d74613eb7bbbd8edf5763bb89b75d9689d76923e7159c45bb05befc55c8f2aa3d498630eaad34cb0ce489327fd952b1ad9f7ab2d",,"2026-02-20T22:30:00.000","30","TRAFFIC SIGNAL","FUNCTIONING PROPERLY","CLEAR","DARKNESS, LIGHTED ROAD","ANGLE","DIVIDED - W/MEDIAN BARRIER",,"STRAIGHT AND LEVEL","DRY","NO DEFECTS","NOT ON SCENE (DESK REPORT)","NO INJURY / DRIVE AWAY",,,,"OVER $1,500","2026-02-20T23:30:00.000","FAILING TO YIELD RIGHT-OF-WAY","NOT APPLICABLE","3200","W","51ST ST","821",,,,,,,"2","NO INDICATION OF INJURY","0","0","0","0","0","2","0","22","6","2","41.8009296689","-87.7038296529","POINT (-87.703829652877 41.800929668943)"
"8109d893bdb55b6bfbfdcfbc5a72f38325a0704e4f7518e884a924a5ba37a4eca730e76f853acca67bb96db4d47fa2fa31fde3d575df8ca78daad532712c0152",,"2026-02-20T22:30:00.000","30","NO CONTROLS","NO CONTROLS","CLEAR","DARKNESS, LIGHTED ROAD","PARKED MOTOR VEHICLE","NOT DIVIDED",,"STRAIGHT AND LEVEL","DRY","NO DEFECTS","ON SCENE","NO INJURY / DRIVE AWAY",,,"Y","OVER $1,500","2026-02-21T07:06:00.000","UNABLE TO DETERMINE","UNABLE TO DETERMINE","2200","W","BELDEN AVE","1432",,,,,,,"2","NO INDICATION OF INJURY","0","0","0","0","0","1","0","22","6","2","41.9235456371","-87.6828382615","POINT (-87.682838261525 41.92354563709)"
"d11537469dc493378a83cb38101fbb3c91f60a3b95e537a42876c43ea26d799f9453ab867ea397ec93771bdcbdd7513673aef647819df366e92b0953369ee485",,"2026-02-20T22:21:00.000","20","UNKNOWN","UNKNOWN","CLEAR","DARKNESS, LIGHTED ROAD","REAR END","NOT DIVIDED",,"STRAIGHT AND LEVEL","DRY","UNKNOWN","ON SCENE","NO INJURY / DRIVE AWAY",,,,"OVER $1,500","2026-02-20T22:26:00.000","FOLLOWING TOO CLOSELY","FOLLOWING TOO CLOSELY","3437","N","CLARK ST","1924",,,,,,,"2","NO INDICATION OF INJURY","0","0","0","0","0","2","0","22","6","2","41.9444677701","-87.654082824","POINT (-87.654082824047 41.944467770059)"
"bd1efd29794abbb74e11f38ce44fec085930d58249049a2282123df13b89561a2ee9f7f393af039ed19b6e9aa82b28c79953a22b40e779e7f6e39c1aaadc2d00",,"2026-02-20T22:07:00.000","30","NO CONTROLS","NO CONTROLS","CLEAR","DARKNESS, LIGHTED ROAD","PARKED MOTOR VEHICLE","NOT DIVIDED",,"STRAIGHT AND LEVEL","DRY","NO DEFECTS","ON SCENE","INJURY AND / OR TOW DUE TO CRASH",,,,"OVER $1,500","2026-02-20T22:07:00.000","UNABLE TO DETERMINE","UNABLE TO DETERMINE","1020","W","DIVERSEY PKWY","1933",,,,,,,"2","REPORTED, NOT EVIDENT","1","0","0","0","1","0","0","22","6","2","41.9327314193","-87.6547234625","POINT (-87.654723462468 41.932731419343)"
"c828450433f467efbf2af05d7bc209cf5694d0e573e19dcb5d2cf7d2644f451e5d6262c0ff2c5b4fd303e694ddd147f9143481830b9b864d58aea7b9ce90483a",,"2026-02-20T22:04:00.000","30","TRAFFIC SIGNAL","FUNCTIONING PROPERLY","CLEAR","DARKNESS, LIGHTED ROAD","SIDESWIPE SAME DIRECTION","DIVIDED - W/MEDIAN BARRIER",,"STRAIGHT AND LEVEL","DRY","NO DEFECTS","ON SCENE","INJURY AND / OR TOW DUE TO CRASH","Y",,,"OVER $1,500","2026-02-20T22:06:00.000","IMPROPER OVERTAKING/PASSING","FAILING TO REDUCE SPEED TO AVOID CRASH","1900","N","ASHLAND AVE","1433",,,,,,,"2","REPORTED, NOT EVIDENT","1","0","0","0","1","4","0","22","6","2","41.916147281","-87.6679473535","POINT (-87.667947353504 41.916147280953)"
"5f93ca7e6699a034936ca874a3f3b9dbc1ba9fc516d2430d701c8b2f410b639df26381eb3e59ad3b5881cdbfc11d9178e7f3181002c0e71b49ca733679d61eba",,"2026-02-20T22:00:00.000","15","NO CONTROLS","NO CONTROLS","CLEAR","DARKNESS, LIGHTED ROAD","PARKED MOTOR VEHICLE","PARKING LOT",,"STRAIGHT AND LEVEL","DRY","NO DEFECTS","NOT ON SCENE (DESK REPORT)","NO INJURY / DRIVE AWAY",,,"Y","OVER $1,500","2026-02-21T16:13:00.000","NOT APPLICABLE","NOT APPLICABLE","401","N","WELLS ST","1831",,,,,,,"2","NO INDICATION OF INJURY","0","0","0","0","0","1","0","22","6","2","41.8892152218","-87.6338644008","POINT (-87.633864400819 41.889215221757)"
"ba560547ed420d0828ce647d1e246bd8b7e7688a5c31c3fe1dc8cbd74433769643b17ae2811f2c98e7a5183097b5d8d85589d86c5d96f47a2f5108d12bec0b17","Y","2026-02-20T22:00:00.000","30","NO CONTROLS","NO CONTROLS","UNKNOWN","UNKNOWN","PARKED MOTOR VEHICLE","ONE-WAY",,"STRAIGHT AND LEVEL","UNKNOWN","UNKNOWN","ON SCENE","NO INJURY / DRIVE AWAY",,,"Y","OVER $1,500","2026-02-20T22:00:00.000","UNABLE TO DETERMINE","NOT APPLICABLE","10979","S","CHURCH ST","2212",,,,,,,"2","NO INDICATION OF INJURY","0","0","0","0","0","1","0","22","6","2","41.6936843211","-87.6636559817","POINT (-87.663655981722 41.693684321089)"
"173600e358b0be7f8d32771d0aad93f3f628aea7d55b8979ca45c6678754e87caa763a7496454d17f0d471a52d6cd76c9b2983055a646c896857c779ac168874",,"2026-02-20T21:45:00.000","30","NO CONTROLS","NO CONTROLS","CLOUDY/OVERCAST","DARKNESS, LIGHTED ROAD","PARKED MOTOR VEHICLE","DIVIDED - W/MEDIAN (NOT RAISED)",,"STRAIGHT AND LEVEL","UNKNOWN","UNKNOWN","ON SCENE","INJURY AND / OR TOW DUE TO CRASH",,,"N","OVER $1,500","2026-02-20T21:46:00.000","DRIVING SKILLS/KNOWLEDGE/EXPERIENCE","UNABLE TO DETERMINE","1201","N","STONE ST","1824",,,,,,,"2","NONINCAPACITATING INJURY","1","0","0","1","0","0","0","21","6","2","41.9040341954","-87.6257013583","POINT (-87.625701358309 41.904034195419)"
"365811fef1421630a6ea7af0fd2df855685a0444cb0ec857c12488444855353f93621d772911b414d88a97837cfc6ceeb21221eda649e4e658cceb6733942461","Y","2026-02-20T21:45:00.000","30","TRAFFIC SIGNAL","FUNCTIONING PROPERLY","CLOUDY/OVERCAST","DARKNESS, LIGHTED ROAD","REAR END","NOT DIVIDED",,"STRAIGHT AND LEVEL","DRY","NO DEFECTS","NOT ON SCENE (DESK REPORT)","NO INJURY / DRIVE AWAY",,,,"OVER $1,500","2026-02-20T22:00:00.000","FOLLOWING TOO CLOSELY","UNABLE TO DETERMINE","2557","N","WESTERN AVE","1432",,,,,,,"2","NO INDICATION OF INJURY","0","0","0","0","0","2","0","21","6","2","41.9285484691","-87.6876236755","POINT (-87.687623675529 41.928548469136)"
"6d7a222b1854ee71c8061bf0baeefb8806e445453d8889548d1c7d03dd6f8ad7ffafdeb3abb15baa050ac15d9855e358f302385852843e06453b57e5b4ee3364",,"2026-02-20T21:45:00.000","30","TRAFFIC SIGNAL","FUNCTIONING PROPERLY","CLEAR","DARKNESS, LIGHTED ROAD","REAR END","DIVIDED - W/MEDIAN (NOT RAISED)",,"STRAIGHT AND LEVEL","DRY","NO DEFECTS","NOT ON SCENE (DESK REPORT)","NO INJURY / DRIVE AWAY","Y",,"Y","OVER $1,500","2026-02-20T22:00:00.000","FOLLOWING TOO CLOSELY","NOT APPLICABLE","3950","W","NORTH AVE","2535",,,,,,,"2","NO INDICATION OF INJURY","0","0","0","0","0","3","0","21","6","2","41.9100018689","-87.7259448584","POINT (-87.725944858415 41.910001868901)"
"58157c09385890f16166c4fdc0dc92959f65be4376580ca7b7b3a97f4b88aff28fd09246d27ea3a2ba34ee747f195666f72a98e23e544b00c2880d45d8fefae6",,"2026-02-20T21:30:00.000","25","TRAFFIC SIGNAL","FUNCTIONING PROPERLY","SNOW","DARKNESS, LIGHTED ROAD","SIDESWIPE SAME DIRECTION","ONE-WAY",,"STRAIGHT AND LEVEL","WET","NO DEFECTS","NOT ON SCENE (DESK REPORT)","NO INJURY / DRIVE AWAY","Y",,"Y","OVER $1,500","2026-02-21T00:30:00.000","FAILING TO YIELD RIGHT-OF-WAY","FAILING TO REDUCE SPEED TO AVOID CRASH","34","W","RANDOLPH ST","111",,,,,,,"2","NO INDICATION OF INJURY","0","0","0","0","0","3","0","21","6","2","41.884591855","-87.6291627666","POINT (-87.629162766579 41.884591854969)"
"93a261c6a93ba07035ec946d08aadc8a71f48c2793998430c35d46db83e6cf8645b73cd25c97622becb73b3f2b97a89f87fc87a8edcaedea56f8a0595398ce04",,"2026-02-20T21:30:00.000","35","NO CONTROLS","NO CONTROLS","CLEAR","DARKNESS, LIGHTED ROAD","PARKED MOTOR VEHICLE","ONE-WAY",,"STRAIGHT AND LEVEL","DRY","NO DEFECTS","NOT ON SCENE (DESK REPORT)","NO INJURY / DRIVE AWAY",,,,"OVER $1,500","2026-02-21T14:50:00.000","UNABLE TO DETERMINE","UNABLE TO DETERMINE","7023","S","TALMAN AVE","831",,,,,,,"2","NO INDICATION OF INJURY","0","0","0","0","0","1","0","21","6","2","41.7657067586","-87.6892437273","POINT (-87.689243727285 41.765706758552)"
"6185f9690389f22a6b40066d9efb372f2cb63b21b6505d9bd89cfbe1db76419310aa7558b6e96a1046349a26acc7f7da4f0d8c26f432372b6e6d5c3c800e5c81",,"2026-02-20T21:25:00.000","30","STOP SIGN/FLASHER","FUNCTIONING PROPERLY","CLEAR","DARKNESS, LIGHTED ROAD","ANGLE","FOUR WAY",,"STRAIGHT AND LEVEL","DRY","NO DEFECTS","ON SCENE","INJURY AND / OR TOW DUE TO CRASH","Y",,,"OVER $1,500","2026-02-20T21:29:00.000","FAILING TO YIELD RIGHT-OF-WAY","NOT APPLICABLE","3932","W","27TH ST","1031",,,,,,,"2","NO INDICATION OF INJURY","0","0","0","0","0","3","0","21","6","2","41.8425345187","-87.7233450516","POINT (-87.723345051608 41.84253451873)"
"8b7dbeca44b0b4e622dd70e2009e761cae7d0d9b4101c7e7a0d699cdb31705373b741aaf7c839708234101acd45cb6fa6029ba0de252241124a2aaac8df6c3e2",,"2026-02-20T21:20:00.000","30","TRAFFIC SIGNAL","UNKNOWN","CLEAR","DARKNESS, LIGHTED ROAD","REAR END","NOT DIVIDED",,"STRAIGHT AND LEVEL","UNKNOWN","UNKNOWN","NOT ON SCENE (DESK REPORT)","NO INJURY / DRIVE AWAY",,,"Y","OVER $1,500","2026-02-20T22:18:00.000","UNABLE TO DETERMINE","UNABLE TO DETERMINE","160","E","MARQUETTE RD","322",,,,,,,"2","NO INDICATION OF INJURY","0","0","0","0","0","3","0","21","6","2","41.7729895172","-87.6203552836","POINT (-87.620355283562 41.772989517235)"
"1e56bf292fd48c64f78e2dd35bf511fd9c702f7a4beb9ecdae5ee4e0b8e6db07088ad0f7fd7d8c8ff1dd472316ba6889ccd109554d4823bf9c5c674fd60bff23",,"2026-02-20T21:15:00.000","15","NO CONTROLS","NO CONTROLS","CLEAR","DARKNESS, LIGHTED ROAD","PARKED MOTOR VEHICLE","PARKING LOT",,"STRAIGHT AND LEVEL","DRY","UNKNOWN","NOT ON SCENE (DESK REPORT)","NO INJURY / DRIVE AWAY",,"Y",,"$501 - $1,500","2026-03-13T19:13:00.000","UNABLE TO DETERMINE","NOT APPLICABLE","3914","N","CENTRAL AVE","1633",,,,,,,"2","NO INDICATION OF INJURY","0","0","0","0","0","1","0","21","6","2","41.9517827119","-87.7671006372","POINT (-87.767100637211 41.951782711897)"
"4a59170c428800f02a30179b615e9d6547102e8da7dc6aa7fe5a4c20ffd23796624770ab67ed9edf33fde86e64d82aa45403cc77f4bf0fe388daf498428da486",,"2026-02-20T21:00:00.000","30","TRAFFIC SIGNAL","FUNCTIONING PROPERLY","CLEAR","DARKNESS","TURNING","NOT DIVIDED",,"STRAIGHT AND LEVEL","DRY","NO DEFECTS",,"NO INJURY / DRIVE AWAY",,,,"OVER $1,500","2026-02-21T14:50:00.000","UNABLE TO DETERMINE","NOT APPLICABLE","3959","W","MADISON ST","1122",,,,,,,"2","NO INDICATION OF INJURY","0","0","0","0","0","2","0","21","6","2","41.8806299768","-87.7247739497","POINT (-87.724773949701 41.880629976752)"
"ccbe4a97c2d3b45ed09e1bf0055f925d301a395f01bddbe679c3618ae4354d7b4e82a40862be72b2ee20733d4597038270b6125ffc1d52ed4d6f0590533c07e4",,"2026-02-20T21:00:00.000","30","UNKNOWN","UNKNOWN","CLEAR","DARKNESS, LIGHTED ROAD","PARKED MOTOR VEHICLE","NOT DIVIDED",,"STRAIGHT AND LEVEL","DRY","UNKNOWN","NOT ON SCENE (DESK REPORT)","NO INJURY / DRIVE AWAY",,,"Y","OVER $1,500","2026-02-21T00:13:00.000","UNABLE TO DETERMINE","UNABLE TO DETERMINE","5446","W","HURON ST","1524",,,,,,,"2","NO INDICATION OF INJURY","0","0","0","0","0","1","0","21","6","2","41.8930572435","-87.7623886139","POINT (-87.762388613871 41.893057243472)"
"2f84b13894327774a4368ac4c9782067649d7191115c95f73aff3e1160499a7cd90fa8b7c6d3f64125042b9d197c5e90a838d70da654b48650e16257644ada3e",,"2026-02-20T20:45:00.000","30","TRAFFIC SIGNAL","FUNCTIONING PROPERLY","CLEAR","DARKNESS, LIGHTED ROAD","SIDESWIPE SAME DIRECTION","FOUR WAY",,"STRAIGHT AND LEVEL","DRY","NO DEFECTS","NOT ON SCENE (DESK REPORT)","NO INJURY / DRIVE AWAY","Y",,,"OVER $1,500","2026-02-21T00:26:00.000","IMPROPER LANE USAGE","NOT APPLICABLE","1200","W","43RD ST","924",,,,,,,"2","NO INDICATION OF INJURY","0","0","0","0","0","3","0","20","6","2","41.8160907255","-87.6554566479","POINT (-87.655456647903 41.816090725538)"
"9c5b240a701e279a89dabf82854c6979fb5dc68aa7efdc004dcef13dce920fbe5b6796562067a24576c85f3eb8de7338a39405125ddb9fa8a9d676b27ef2fa40",,"2026-02-20T20:45:00.000","30","STOP SIGN/FLASHER","FUNCTIONING PROPERLY","CLEAR","DARKNESS, LIGHTED ROAD","TURNING","DIVIDED - W/MEDIAN (NOT RAISED)",,"STRAIGHT AND LEVEL","DRY","UNKNOWN","ON SCENE","INJURY AND / OR TOW DUE TO CRASH","Y",,,"OVER $1,500","2026-02-20T20:47:00.000","UNABLE TO DETERMINE","UNABLE TO DETERMINE","7302","W","DEVON AVE","1612",,,,,,,"2","NO INDICATION OF INJURY","0","0","0","0","0","3","0","20","6","2","41.9972341175","-87.8104129688","POINT (-87.810412968829 41.997234117489)"
"68f6bef32ba45ea67e88320fe79cd2c96cb9706455af38b3906ff5b1c614122b2f59536c7d57a5c92a80f56b6b4a0760c09400c604db1c7a51ecfe42a02d6c6a",,"2026-02-20T20:44:00.000","30","NO CONTROLS","NO CONTROLS","CLEAR","DARKNESS, LIGHTED ROAD","PARKED MOTOR VEHICLE","NOT DIVIDED",,"STRAIGHT AND LEVEL","DRY","NO DEFECTS","ON SCENE","INJURY AND / OR TOW DUE TO CRASH",,,,"OVER $1,500","2026-02-20T22:30:00.000","FAILING TO REDUCE SPEED TO AVOID CRASH","UNABLE TO DETERMINE","208","W","79TH ST","623",,,,,,,"3","REPORTED, NOT EVIDENT","1","0","0","0","1","2","0","20","6","2","41.7509680103","-87.6298801776","POINT (-87.629880177587 41.750968010323)"
"9a6f3209a46f849451c8b338a888fbc7a8c2f65023b2c43771e94b7e41b7a7bb68d92598a93db6ee4ef7dd74f1e5a6df5e9048e6cfbca8c3ab4bb62a380d8960",,"2026-02-20T20:30:00.000","30","NO CONTROLS","NO CONTROLS","UNKNOWN","DARKNESS, LIGHTED ROAD","TURNING","DIVIDED - W/MEDIAN BARRIER",,"STRAIGHT AND LEVEL","UNKNOWN","UNKNOWN","NOT ON SCENE (DESK REPORT)","NO INJURY / DRIVE AWAY","Y",,"Y","OVER $1,500","2026-02-22T19:30:00.000","IMPROPER TURNING/NO SIGNAL","FAILING TO REDUCE SPEED TO AVOID CRASH","1600","W","BLACKHAWK ST","1433",,,,,,,"2","NO INDICATION OF INJURY","0","0","0","0","0","2","0","20","6","2","41.9071226513","-87.6676249073","POINT (-87.667624907295 41.907122651325)"
"113d6d2936b54bfd64b6793a27a477709e11d94aaa66a154a1d682ac673a91a9463b7bc9c17447dee1a878bd3185e61145ca832a7e7b600ab2e0586708caa806",,"2026-02-20T20:26:00.000","20","NO CONTROLS","NO CONTROLS","CLEAR","DARKNESS","PEDESTRIAN","OTHER",,"STRAIGHT AND LEVEL","DRY","NO DEFECTS","ON SCENE","INJURY AND / OR TOW DUE TO CRASH",,,"Y","OVER $1,500","2026-02-20T20:27:00.000","UNABLE TO DETERMINE","NOT APPLICABLE","3849","W","19TH ST","1014",,,,,,,"2","NONINCAPACITATING INJURY","1","0","0","1","0","1","0","20","6","2","41.8549166775","-87.7218488081","POINT (-87.721848808113 41.854916677513)"
"b379db6251aa9b5250d4820f4b65f567332ea39d30ae1d7196c744ce5045b242feca65d86a82565aa77dfdfdf62d764f195f2a3d16cb8a68240b1213604224e6",,"2026-02-20T20:26:00.000","30","NO CONTROLS","NO CONTROLS","CLEAR","DARKNESS","SIDESWIPE SAME DIRECTION","NOT DIVIDED",,"STRAIGHT AND LEVEL","DRY","NO DEFECTS","ON SCENE","NO INJURY / DRIVE AWAY",,,,"OVER $1,500","2026-02-20T20:48:00.000","UNABLE TO DETERMINE","UNABLE TO DETERMINE","2715","N","CICERO AVE","2521",,,,,,,"2","NO INDICATION OF INJURY","0","0","0","0","0","2","0","20","6","2","41.9301265688","-87.7463885389","POINT (-87.746388538949 41.930126568826)"
"23b4147a82db3d00dcd827d7bde7bcee799ee1126f64cd50e13826556048d6ba4e5c4a0b7ee21dedf4914146e76c7772fc0a943294a80b089c715cdc864833c9",,"2026-02-20T20:22:00.000","30","TRAFFIC SIGNAL","FUNCTIONING PROPERLY","CLEAR","DAWN","TURNING","DIVIDED - W/MEDIAN (NOT RAISED)",,"STRAIGHT AND LEVEL","DRY","NO DEFECTS","ON SCENE","INJURY AND / OR TOW DUE TO CRASH",,,,"OVER $1,500","2026-02-20T20:22:00.000","UNABLE TO DETERMINE","UNABLE TO DETERMINE","2934","N","BROADWAY","1934",,,,,,,"2","NO INDICATION OF INJURY","0","0","0","0","0","4","0","20","6","2","41.935929574","-87.6444071626","POINT (-87.644407162567 41.935929574021)"
"fdb6c5ab1c0302a0b71ac1d6b50c541e284d22c1cf2b1d6e3e0df6e2842c071a1c01a1207a91376cc32ad40a23d8eb033e1a9a41aa5218a17d110099516591d5",,"2026-02-20T20:20:00.000","30","TRAFFIC SIGNAL","FUNCTIONING PROPERLY","CLEAR","DARKNESS, LIGHTED ROAD","REAR END","FIVE POINT, OR MORE",,"STRAIGHT AND LEVEL","DRY","NO DEFECTS","ON SCENE","INJURY AND / OR TOW DUE TO CRASH","Y",,,"OVER $1,500","2026-02-20T20:35:00.000","FOLLOWING TOO CLOSELY","NOT APPLICABLE","2347","N","CLYBOURN AVE","1811",,,,,,,"2","NO INDICATION OF INJURY","0","0","0","0","0","2","0","20","6","2","41.924782296","-87.6686021752","POINT (-87.66860217518 41.924782295991)"
"f51191a7fd0bf3cb6e4a5618d8e26a30ec44438867300177ce1017326eead97df9f9da4843962f777529f796d014e33f5ed76155eddda992ba32649c99496f0e",,"2026-02-20T20:10:00.000","30","NO CONTROLS","NO CONTROLS","UNKNOWN","DARKNESS, LIGHTED ROAD","PARKED MOTOR VEHICLE","UNKNOWN",,"STRAIGHT AND LEVEL","DRY","UNKNOWN","NOT ON SCENE (DESK REPORT)","NO INJURY / DRIVE AWAY",,,"Y","OVER $1,500","2026-02-21T10:00:00.000","UNABLE TO DETERMINE","UNABLE TO DETERMINE","5446","W","HURON ST","1524",,,,,,,"2","NO INDICATION OF INJURY","0","0","0","0","0","1","0","20","6","2","41.8930572435","-87.7623886139","POINT (-87.762388613871 41.893057243472)"