"crash_record_id","crash_date_est_i","crash_date","posted_speed_limit","traffic_control_device","device_condition","weather_condition","lighting_condition","first_crash_type","trafficway_type","lane_cnt","alignment","roadway_surface_cond","road_defect","report_type","crash_type","intersection_related_i","private_property_i","hit_and_run_i","damage","date_police_notified","prim_contributory_cause","sec_contributory_cause","street_no","street_direction","street_name","beat_of_occurrence","photos_taken_i","statements_taken_i","dooring_i","work_zone_i","work_zone_type","workers_present_i","num_units","most_severe_injury","injuries_total","injuries_fatal","injuries_incapacitating","injuries_non_incapacitating","injuries_reported_not_evident","injuries_no_indication","injuries_unknown","crash_hour","crash_day_of_week","crash_month","latitude","longitude","location"
"c5ed042afd0f77fd4699c361f9605c9f66fec8f8588ad561547447da392741508002a370fc0efaeed5561d1dc361e8f06aca2c59e56747f748ac9db220a249c2",,"2026-02-20T20:01:00.000","30","NO CONTROLS","NO CONTROLS","CLEAR","DARKNESS, LIGHTED ROAD","PEDESTRIAN","NOT DIVIDED",,"STRAIGHT AND LEVEL","DRY","NO DEFECTS","ON SCENE","INJURY AND / OR TOW DUE TO CRASH",,,,"$500 OR LESS","2026-02-20T20:08:00.000","FAILING TO YIELD RIGHT-OF-WAY","UNABLE TO DETERMINE","726","W","DIVERSEY PKWY","1934",,,,,,,"2","REPORTED, NOT EVIDENT","1","0","0","0","1","1","0","20","6","2","41.9328573631","-87.6476203383","POINT (-87.64762033829 41.932857363146)"
"11c14facaa29a443bb5a19888fe2b928a456e0be845a0d5d991b55d4480bf16a5dfda5efae3417666dafa83f4ff833335bdaf089fdf83dbe936145895b1737d7",,"2026-02-20T20:00:00.000","30","NO CONTROLS","NO CONTROLS","CLEAR","DARKNESS, LIGHTED ROAD","OTHER OBJECT","NOT DIVIDED",,"STRAIGHT AND LEVEL","DRY","NO DEFECTS","NOT ON SCENE (DESK REPORT)","NO INJURY / DRIVE AWAY",,,,"OVER $1,500","2026-02-20T21:30:00.000","NOT APPLICABLE","NOT APPLICABLE","549","E","115TH ST","532",,,,,,,"1","NO INDICATION OF INJURY","0","0","0","0","0","1","0","20","6","2","41.6853489668","-87.6096237957","POINT (-87.609623795702 41.685348966814)"
"60c9621e8dc9ce5a5a1c577c4594e97327cceebc28c453916d191c7f6704006765f4da0b24d94a52fad1d353e0f3725b5d1d6d823fc2ab1acb41af52dc17fefc","Y","2026-02-20T20:00:00.000","30","NO CONTROLS","NO CONTROLS","CLEAR","UNKNOWN","PARKED MOTOR VEHICLE","NOT DIVIDED",,"STRAIGHT AND LEVEL","DRY","NO DEFECTS",,"INJURY AND / OR TOW DUE TO CRASH",,,"Y","OVER $1,500","2026-02-21T10:57:00.000","UNABLE TO DETERMINE","UNABLE TO DETERMINE","3429","W","58TH ST","822",,,,,,,"2","NO INDICATION OF INJURY","0","0","0","0","0","1","0","20","6","2","41.7878602177","-87.7094611294","POINT (-87.709461129359 41.787860217742)"
"b3e40a6e441ba8c2b2b11cdfc73146d41a39691bfafdab4eccac4c485847a43a301294d0e4c47f5b383903b882178ef24aacec167e5a5be0ad44245ce66a8d36",,"2026-02-20T20:00:00.000","30","UNKNOWN","UNKNOWN","UNKNOWN","UNKNOWN","SIDESWIPE SAME DIRECTION","DIVIDED - W/MEDIAN (NOT RAISED)",,"STRAIGHT AND LEVEL","UNKNOWN","UNKNOWN",,"NO INJURY / DRIVE AWAY",,,"N","OVER $1,500","2026-02-20T20:45:00.000","UNABLE TO DETERMINE","UNABLE TO DETERMINE","8040","S","ASHLAND AVE","611",,,,,,,"2","NO INDICATION OF INJURY","0","0","0","0","0","3","0","20","6","2","41.7473097487","-87.6635054677","POINT (-87.66350546765 41.74730974867)"
"bc0bfe4fc62b397d573051f32a4a4572508e7ac20ca8b32d3119bb9e67b7740e66f20d51022c93c2f9b7bf35472eadf5c209d38878c1d19fff3ff3ca9f02d405",,"2026-02-20T20:00:00.000","20","NO CONTROLS","NO CONTROLS","CLEAR","DARKNESS","TURNING","ALLEY",,"STRAIGHT AND LEVEL","DRY","NO DEFECTS","NOT ON SCENE (DESK REPORT)","NO INJURY / DRIVE AWAY",,,"Y","OVER $1,500","2026-02-20T20:50:00.000","UNABLE TO DETERMINE","NOT APPLICABLE","5026","W","NORTH AVE","2533",,,,,,,"2","NO INDICATION OF INJURY","0","0","0","0","0","2","0","20","6","2","41.9096575331","-87.7521443192","POINT (-87.752144319175 41.909657533116)"
"cbfeeeaf14eff40b420cb15287dcad31fbc11c5653e05b87b4ddd7f50e9ffd6a47ab1e671f0a464c7b326d3ff837709019a149e6a187896da45eee94a7d0b458","Y","2026-02-20T20:00:00.000","30","OTHER","FUNCTIONING PROPERLY","CLEAR","DARKNESS, LIGHTED ROAD","REAR END","DIVIDED - W/MEDIAN (NOT RAISED)",,"STRAIGHT AND LEVEL","DRY","UNKNOWN",,"NO INJURY / DRIVE AWAY",,,"Y","$500 OR LESS","2026-02-20T21:00:00.000","FAILING TO REDUCE SPEED TO AVOID CRASH","FOLLOWING TOO CLOSELY","11100","S","WENTWORTH AVE","522",,,,,,,"2","NO INDICATION OF INJURY","0","0","0","0","0","4","0","20","6","2","41.6924822339","-87.6280540569","POINT (-87.628054056872 41.692482233944)"
"b6aae64ee5dd99bb14eae78bd603a4df2453adb2667810987640066064cdad3c96d490b1016f7f3bf9079a95bb0fa1e5d4f048798142ec4a35380f10ff9c9418",,"2026-02-20T19:51:00.000","30","TRAFFIC SIGNAL","FUNCTIONING PROPERLY","CLEAR","DARKNESS, LIGHTED ROAD","SIDESWIPE SAME DIRECTION","DIVIDED - W/MEDIAN (NOT RAISED)",,"STRAIGHT AND LEVEL","DRY","NO DEFECTS","ON SCENE","INJURY AND / OR TOW DUE TO CRASH","N",,,"OVER $1,500","2026-02-20T19:51:00.000","IMPROPER LANE USAGE","FAILING TO YIELD RIGHT-OF-WAY","7301","S","VINCENNES AVE","731",,,,,,,"2","REPORTED, NOT EVIDENT","1","0","0","0","1","1","0","19","6","2","41.7616678129","-87.6295572338","POINT (-87.629557233817 41.761667812934)"
"c9708786ba12fba6562bd3eb951add641b620bb0dd33abd061fb9c5afc8430acabada1d0ec7390ec3d4de1e4ded26426fd9684857d9a5aa6a6d3a386d06cb137",,"2026-02-20T19:49:00.000","30","TRAFFIC SIGNAL","FUNCTIONING PROPERLY","CLEAR","DARKNESS, LIGHTED ROAD","TURNING","NOT DIVIDED",,"STRAIGHT AND LEVEL","DRY","NO DEFECTS","NOT ON SCENE (DESK REPORT)","NO INJURY / DRIVE AWAY","Y",,,"OVER $1,500","2026-02-20T21:00:00.000","IMPROPER LANE USAGE","UNABLE TO DETERMINE","375","W","BELMONT AVE","1934",,,,,,,"2","NO INDICATION OF INJURY","0","0","0","0","0","3","0","19","6","2","41.9400322387","-87.6394985253","POINT (-87.639498525284 41.94003223873)"
"7b8f4b41d85fcfcb95b8e6d979e8be24cda5277a1f60f6b7bee2549983de9e87f9a9350a9abf0f23d773d581ed91616d76c8285b8a9e04f8ac070a46dea2239c",,"2026-02-20T19:45:00.000","30","TRAFFIC SIGNAL","FUNCTIONING PROPERLY","CLEAR","DARKNESS, LIGHTED ROAD","SIDESWIPE SAME DIRECTION","FOUR WAY",,"STRAIGHT AND LEVEL","DRY","UNKNOWN","NOT ON SCENE (DESK REPORT)","NO INJURY / DRIVE AWAY","N",,,"$501 - $1,500","2026-02-20T21:10:00.000","DRIVING SKILLS/KNOWLEDGE/EXPERIENCE","DRIVING SKILLS/KNOWLEDGE/EXPERIENCE","336","W","ONTARIO ST","1831",,,,,,,"2","NO INDICATION OF INJURY","0","0","0","0","0","2","0","19","6","2","41.8932567111","-87.6370077971","POINT (-87.637007797127 41.893256711085)"
"0f031dda8194f8ff5e57a9bda6a539843f49cf9aef1d77e6db0083c1aeb3bffde63dbfa25fa28499834cca4b3dd5143a885b425ae795b9edb01ec585b22bf827",,"2026-02-20T19:44:00.000","30","STOP SIGN/FLASHER","FUNCTIONING PROPERLY","CLEAR","DARKNESS, LIGHTED ROAD","PARKED MOTOR VEHICLE","NOT DIVIDED",,"STRAIGHT AND LEVEL","WET","NO DEFECTS","ON SCENE","NO INJURY / DRIVE AWAY",,,,"OVER $1,500","2026-02-20T19:52:00.000","FOLLOWING TOO CLOSELY","UNABLE TO DETERMINE","1652","W","CORTLAND ST","1433",,,,,,,"2","NO INDICATION OF INJURY","0","0","0","0","0","1","0","19","6","2","41.9161888952","-87.6699653868","POINT (-87.669965386751 41.916188895165)"
"a5812eb0acaaefa9a89c6536d6e60e90daffaf7847dca2046d0e2ccfe363bd7f001c36e993e49d99f7d8cd194f3656ebd703d130fb6e52f908e0b52c92e6c867",,"2026-02-20T19:35:00.000","30","STOP SIGN/FLASHER","FUNCTIONING PROPERLY","CLEAR","DARKNESS, LIGHTED ROAD","TURNING","DIVIDED - W/MEDIAN (NOT RAISED)",,"STRAIGHT AND LEVEL","DRY","NO DEFECTS","NOT ON SCENE (DESK REPORT)","NO INJURY / DRIVE AWAY","Y",,,"$501 - $1,500","2026-02-20T20:10:00.000","UNABLE TO DETERMINE","NOT APPLICABLE","1729","W","83RD ST","614",,,,,,,"2","NO INDICATION OF INJURY","0","0","0","0","0","2","0","19","6","2","41.7429145972","-87.66683257","POINT (-87.666832570043 41.742914597209)"
"7fff9672490e361d4564d0ede82b2bbdb67bade9a00c972c416d6ec41acab2f2fd4596e9eb1ff52cd93673568067dbe059c883ebedfee525eeb59016dbdf0eab",,"2026-02-20T19:30:00.000","30","UNKNOWN","UNKNOWN","CLOUDY/OVERCAST","DARKNESS, LIGHTED ROAD","SIDESWIPE SAME DIRECTION","DIVIDED - W/MEDIAN BARRIER",,"STRAIGHT AND LEVEL","UNKNOWN","UNKNOWN","NOT ON SCENE (DESK REPORT)","NO INJURY / DRIVE AWAY",,,"Y","OVER $1,500","2026-02-20T20:00:00.000","UNABLE TO DETERMINE","UNABLE TO DETERMINE","25","N","MICHIGAN AVE","114",,,,,,,"2","NO INDICATION OF INJURY","0","0","0","0","0","2","0","19","6","2","41.882670497","-87.6242415386","POINT (-87.624241538569 41.882670496958)"
"ec7b14804de7e9ad6818ed56f7bf931d4851e4cee7f65e28730bd07e01ea38c9ddc2d0385d0da92c9bfbcd4e0db65bfa3d51b69a6b48b5e892aa225b4b2389d3",,"2026-02-20T19:30:00.000","30","NO CONTROLS","NO CONTROLS","UNKNOWN","DARKNESS, LIGHTED ROAD","PARKED MOTOR VEHICLE","ONE-WAY",,"STRAIGHT AND LEVEL","UNKNOWN","NO DEFECTS","NOT ON SCENE (DESK REPORT)","NO INJURY / DRIVE AWAY",,,"Y","OVER $1,500","2026-02-24T17:40:00.000","UNABLE TO DETERMINE","NOT APPLICABLE","1615","S","CHRISTIANA AVE","1021",,,,,,,"2","NO INDICATION OF INJURY","0","0","0","0","0","1","0","19","6","2","41.858536536","-87.708949724","POINT (-87.708949724043 41.85853653595)"
"8fa95bcba8d10824cce519a9fd9f0571330b28fef02de5507d30d59e8b001877517deef069a6fbfaedbab6e5f4573e8096c94822151bd76bb0bb52014c601748","Y","2026-02-20T19:26:00.000","30","NO CONTROLS","NO CONTROLS","CLOUDY/OVERCAST","DARKNESS, LIGHTED ROAD","REAR TO SIDE","ONE-WAY",,"STRAIGHT AND LEVEL","DRY","NO DEFECTS","NOT ON SCENE (DESK REPORT)","NO INJURY / DRIVE AWAY",,,,"OVER $1,500","2026-02-20T22:40:00.000","IMPROPER BACKING","UNABLE TO DETERMINE","4460","W","ARGYLE ST","1712",,,,,,,"2","NO INDICATION OF INJURY","0","0","0","0","0","3","0","19","6","2","41.9718654275","-87.7404947523","POINT (-87.740494752276 41.971865427537)"
"bb36c22fa7285e5d103cae3a95cec6b412770e10a783b43aaf38d4c5649d95d9c2c421cf4c2e275535baeea965ff63c9d948039115afd3af7a1e8432eb38bc80",,"2026-02-20T19:24:00.000","20","NO CONTROLS","NO CONTROLS","CLEAR","DARKNESS, LIGHTED ROAD","TURNING","ALLEY",,"STRAIGHT AND LEVEL","DRY","NO DEFECTS","ON SCENE","NO INJURY / DRIVE AWAY",,,,"$501 - $1,500","2026-02-20T19:29:00.000","IMPROPER TURNING/NO SIGNAL","FAILING TO YIELD RIGHT-OF-WAY","320","W","101ST ST","511",,"Y",,,,,"2","NO INDICATION OF INJURY","0","0","0","0","0","5","0","19","6","2","41.7108234041","-87.6316531526","POINT (-87.631653152607 41.710823404058)"
"48d494cbe275f9f0d265b45c9f8b501a28aa72603b9e95ed15e58f83bc705e75f75bcaa225149df98bac70267c0ecf58f7b0d2ee6357846cdf47aa2265ab335e",,"2026-02-20T19:20:00.000","30","UNKNOWN","UNKNOWN","CLEAR","DAWN","TURNING","NOT DIVIDED",,"STRAIGHT AND LEVEL","DRY","NO DEFECTS",,"NO INJURY / DRIVE AWAY",,,,"$501 - $1,500","2026-02-20T21:00:00.000","FAILING TO YIELD RIGHT-OF-WAY","UNABLE TO DETERMINE","1619","W","PETERSON AVE","2012",,,,,,,"2","NO INDICATION OF INJURY","0","0","0","0","0","2","0","19","6","2","41.9906741011","-87.6708967893","POINT (-87.670896789343 41.99067410106)"
"ba1364828231fc4fc88f39d90de9540e4b790d78eba0569a482bde45e9fcbcb689a502da496b169811ac5973031398a4ac29184386c2f6a2ed35879e8f50e47e",,"2026-02-20T19:15:00.000","20","NO CONTROLS","NO CONTROLS","CLEAR","DARKNESS","PARKED MOTOR VEHICLE","NOT DIVIDED",,"STRAIGHT AND LEVEL","DRY","UNKNOWN","ON SCENE","NO INJURY / DRIVE AWAY",,,"Y","OVER $1,500","2026-02-20T19:29:00.000","UNABLE TO DETERMINE","UNABLE TO DETERMINE","1499","W","ARGYLE ST","2033",,,,,,,"2","NO INDICATION OF INJURY","0","0","0","0","0","1","0","19","6","2","41.9724376073","-87.6678310877","POINT (-87.667831087669 41.972437607338)"
"4820863fdd5427d0c057efc50ba6965da64299b16ae3ada207163a1d0f68d829ca32b6d284f4fde5eb5c19ee056ce190ab576357718a1983d72960fb974ba9c3",,"2026-02-20T19:00:00.000","20","NO CONTROLS","NO CONTROLS","CLEAR","DARKNESS, LIGHTED ROAD","PARKED MOTOR VEHICLE","NOT DIVIDED",,"STRAIGHT AND LEVEL","DRY","NO DEFECTS","ON SCENE","NO INJURY / DRIVE AWAY",,,"Y","$501 - $1,500","2026-02-20T19:05:00.000","UNABLE TO DETERMINE","UNABLE TO DETERMINE","57","E","OAK ST","1833",,,,,,,"2","NO INDICATION OF INJURY","0","0","0","0","0","1","0","19","6","2","41.9006717556","-87.6262350945","POINT (-87.626235094521 41.900671755565)"
"c39ebb6a2303adbb6f4c182c96ccd2c45dbb411e8a896ad18173554b0c85332557faa326401dcdc3de2e26c0bce5177d431df870ce2eed521f73a0fe0275ae3d",,"2026-02-20T19:00:00.000","20","UNKNOWN","UNKNOWN","UNKNOWN","UNKNOWN","SIDESWIPE SAME DIRECTION","NOT DIVIDED",,"STRAIGHT AND LEVEL","UNKNOWN","UNKNOWN","NOT ON SCENE (DESK REPORT)","NO INJURY / DRIVE AWAY",,,,"OVER $1,500","2026-02-22T12:00:00.000","UNABLE TO DETERMINE","UNABLE TO DETERMINE","801","N","KILPATRICK AVE","1111",,,,,,,"2","NO INDICATION OF INJURY","0","0","0","0","0","2","0","19","6","2","41.8950969725","-87.7433791133","POINT (-87.743379113296 41.895096972471)"
"e2fa3bac0c6dd742332357eaba61fa1c116ede88c038320634dc0f6a433ef280b97569ea80310b810c56a623df9390074fdac91f4d819e20c5c26dfd8ead4783",,"2026-02-20T19:00:00.000","30","TRAFFIC SIGNAL","FUNCTIONING PROPERLY","CLEAR","DARKNESS, LIGHTED ROAD","ANGLE","NOT DIVIDED",,"STRAIGHT AND LEVEL","DRY","NO DEFECTS","ON SCENE","INJURY AND / OR TOW DUE TO CRASH","Y",,"Y","OVER $1,500","2026-02-20T19:09:00.000","UNABLE TO DETERMINE","UNABLE TO DETERMINE","600","W","127TH ST","523",,,,,,,"2","NO INDICATION OF INJURY","0","0","0","0","0","5","0","19","6","2","41.6633688143","-87.6366675255","POINT (-87.636667525519 41.663368814348)"
"bbb3e8644774e3b2a9a140ee4da9ddd44b405f635257e861fab2837ea4d58a6fe1f136d416402f99352b411146dfde4b7b1669f6a5650a64fa1be4f25cccfa61",,"2026-02-20T18:58:00.000","30","NO CONTROLS","FUNCTIONING PROPERLY","CLEAR","DARKNESS","TURNING","DIVIDED - W/MEDIAN (NOT RAISED)",,"STRAIGHT AND LEVEL","DRY","NO DEFECTS","ON SCENE","INJURY AND / OR TOW DUE TO CRASH","Y",,,"OVER $1,500","2026-02-20T18:58:00.000","IMPROPER TURNING/NO SIGNAL","TURNING RIGHT ON RED","155","W","79TH ST","623",,,,,,,"2","NONINCAPACITATING INJURY","2","0","0","1","1","0","0","18","6","2","41.7507592803","-87.629247636","POINT (-87.629247636007 41.750759280338)"
"fc20ff9ffa8b7b62a49ca1171f02f920d3a2fdb295f5806dc9ebb6ef9bf6dc936674c4f139c4b86bcc0fe5d160849130972b9e0fd86b7f4f4b4843a7497220f7",,"2026-02-20T18:58:00.000","30","UNKNOWN","UNKNOWN","UNKNOWN","UNKNOWN","REAR END","UNKNOWN",,"STRAIGHT AND LEVEL","UNKNOWN","UNKNOWN","NOT ON SCENE (DESK REPORT)","NO INJURY / DRIVE AWAY",,,,"OVER $1,500","2026-02-21T12:55:00.000","UNABLE TO DETERMINE","NOT APPLICABLE","6400","W","DEVON AVE","1611",,,,,,,"2","NO INDICATION OF INJURY","0","0","0","0","0","2","0","18","6","2","41.997463981","-87.7876102434","POINT (-87.787610243414 41.997463981029)"
"c7ed1d2564585bf57c209b1c025658cbc8c5ebaf002240f6ba388671b9e4aabd2000fe21a3e98311abe6a680cdba2da8f0603a4a78ad5722f900980a47458900",,"2026-02-20T18:54:00.000","30","NO CONTROLS","NO CONTROLS","CLEAR","DARKNESS, LIGHTED ROAD","REAR END","NOT DIVIDED",,"STRAIGHT AND LEVEL","UNKNOWN","NO DEFECTS","NOT ON SCENE (DESK REPORT)","NO INJURY / DRIVE AWAY",,,,"$501 - $1,500","2026-02-22T15:55:00.000","FOLLOWING TOO CLOSELY","NOT APPLICABLE","944","W","MONTROSE AVE","1914",,,,,,,"2","NO INDICATION OF INJURY","0","0","0","0","0","2","0","18","6","2","41.9618974146","-87.6541037548","POINT (-87.654103754772 41.961897414567)"
"92bbe6efd5adb2cdcbcf8b481ab86698ab55de3e8f5384060ac5cd90ba77292d24a4ad4bf07bc7acdd61c10dffdd88325c43572b9a2c1c9fcc6338e4baf21184",,"2026-02-20T18:53:00.000","30","TRAFFIC SIGNAL","FUNCTIONING PROPERLY","CLEAR","DARKNESS, LIGHTED ROAD","PEDALCYCLIST","NOT DIVIDED",,"STRAIGHT AND LEVEL","DRY","NO DEFECTS","ON SCENE","INJURY AND / OR TOW DUE TO CRASH","Y",,,"OVER $1,500","2026-02-20T18:58:00.000","FAILING TO YIELD RIGHT-OF-WAY","UNABLE TO DETERMINE","342","N","CICERO AVE","1532",,,,,,,"2","REPORTED, NOT EVIDENT","1","0","0","0","1","1","0","18","6","2","41.8865896099","-87.7456441585","POINT (-87.745644158533 41.886589609947)"
"3b0f6d6e3da6102023feca80a4cdeb0fc9f1b689f60c8c4841b765654342859f30ca439ba62935e68661fb9ee4848b5c3fc370a94c6f8ee7fc7a80409fe5eaa8",,"2026-02-20T18:50:00.000","30","UNKNOWN","UNKNOWN","UNKNOWN","UNKNOWN","PARKED MOTOR VEHICLE","UNKNOWN",,"STRAIGHT AND LEVEL","UNKNOWN","UNKNOWN","NOT ON SCENE (DESK REPORT)","NO INJURY / DRIVE AWAY",,,,"$501 - $1,500","2026-02-20T20:15:00.000","UNABLE TO DETERMINE","NOT APPLICABLE","4721","N","RACINE AVE","1913",,,,,,,"2","NO INDICATION OF INJURY","0","0","0","0","0","2","0","18","6","2","41.9678736273","-87.6595128609","POINT (-87.659512860911 41.96787362733)"
"93e1fef91e6a444936f82252e5962401fcbd0baae48cc23079af47b58f1ee8e19295ca7b149a59478fb09c5a0fafa9c03e60f29d0a3bff3dd50303d83921b2e6",,"2026-02-20T18:40:00.000","25","OTHER","NO CONTROLS","CLEAR","DARKNESS","PARKED MOTOR VEHICLE","DRIVEWAY",,"STRAIGHT AND LEVEL","DRY","NO DEFECTS","ON SCENE","NO INJURY / DRIVE AWAY",,,,"$501 - $1,500","2026-02-20T18:44:00.000","UNABLE TO DETERMINE","IMPROPER BACKING","2850","W","CERMAK RD","1023",,,,,,,"2","NO INDICATION OF INJURY","0","0","0","0","0","1","0","18","6","2","41.8519834015","-87.6976295092","POINT (-87.697629509161 41.851983401525)"
"b7bab82c1d668d7cb29e232af661df3216106ccb3852292819add7061c616a1e8db928a029d2535b14ed5472eecb4d94b63288e7a3e66361a2b6ed8acf6cb00d",,"2026-02-20T18:37:00.000","30","NO CONTROLS","NO CONTROLS","RAIN","DARKNESS","TURNING","NOT DIVIDED",,"STRAIGHT AND LEVEL","DRY","NO DEFECTS","ON SCENE","INJURY AND / OR TOW DUE TO CRASH",,,,"OVER $1,500","2026-02-20T18:45:00.000","IMPROPER LANE USAGE","NOT APPLICABLE","7910","S","DANTE AVE","411",,,,,,,"2","NO INDICATION OF INJURY","0","0","0","0","0","2","0","18","6","2","41.7510730026","-87.5896173479","POINT (-87.589617347891 41.751073002641)"
"1eb16a3cf1acf1d96f5b0401b51e6a8304c51f6c499d08edd1a30b6ddffe5542f679dba60712ee660be987a4c850a39d5ffb0ce38570fd6e93640c140016204a",,"2026-02-20T18:32:00.000","30","NO CONTROLS","NO CONTROLS","CLEAR","DARKNESS, LIGHTED ROAD","TURNING","DIVIDED - W/MEDIAN (NOT RAISED)",,"STRAIGHT AND LEVEL","DRY","NO DEFECTS","ON SCENE","INJURY AND / OR TOW DUE TO CRASH","Y",,,"OVER $1,500","2026-02-20T18:33:00.000","IMPROPER TURNING/NO SIGNAL","NOT APPLICABLE","821","W","35TH ST","915",,,,,,,"3","NO INDICATION OF INJURY","0","0","0","0","0","3","0","18","6","2","41.830629027","-87.6469886284","POINT (-87.646988628352 41.830629026968)"
"27e7742643562da9265ebeb8910764d01bb09d04e94adbc9ca0611888bbcf43219c8b9ab2a7f063eac792e1e3636931731e40b74a4725ede98ce148f80a27167",,"2026-02-20T18:20:00.000","30","NO CONTROLS","NO CONTROLS","CLEAR","DAWN","TURNING","NOT DIVIDED",,"STRAIGHT AND LEVEL","DRY","NO DEFECTS","ON SCENE","NO INJURY / DRIVE AWAY",,,,"OVER $1,500","2026-02-20T18:26:00.000","FAILING TO YIELD RIGHT-OF-WAY","NOT APPLICABLE","1825","W","NORTH AVE","1424",,,,,,,"2","NO INDICATION OF INJURY","0","0","0","0","0","3","0","18","6","2","41.9104341147","-87.6736504879","POINT (-87.673650487892 41.910434114729)"
"d50205a828ef79a766a9aa43f9b510e41af76018e19ded3bd6ca57124b0dcf31b285a8b34da668701cb0d193cc6172ab21e2a7c8ef34dcb15342ad4a4f00286e",,"2026-02-20T18:12:00.000","20","UNKNOWN","UNKNOWN","CLOUDY/OVERCAST","DARKNESS","SIDESWIPE SAME DIRECTION","OTHER",,"STRAIGHT AND LEVEL","DRY","NO DEFECTS","NOT ON SCENE (DESK REPORT)","NO INJURY / DRIVE AWAY",,,"Y","OVER $1,500","2026-02-21T14:00:00.000","IMPROPER OVERTAKING/PASSING","IMPROPER OVERTAKING/PASSING","454","W","GARFIELD BLVD","935",,,,,,,"2","NO INDICATION OF INJURY","0","0","0","0","0","2","0","18","6","2","41.7945487572","-87.6376104675","POINT (-87.637610467543 41.794548757177)"
"40bdccf5d8728b80ed8a38d8f0b86e1053e2e32aec64368055e6bf092646d2bb731b2bcb1a5cb020ea3abeb207c45a126871a51c245a0e19097b7675eac3fa54",,"2026-02-20T18:05:00.000","30","TRAFFIC SIGNAL","FUNCTIONING PROPERLY","CLEAR","DARKNESS, LIGHTED ROAD","TURNING","FOUR WAY",,"STRAIGHT AND LEVEL","DRY","NO DEFECTS","ON SCENE","INJURY AND / OR TOW DUE TO CRASH","Y",,,"OVER $1,500","2026-02-20T18:12:00.000","IMPROPER TURNING/NO SIGNAL","IMPROPER TURNING/NO SIGNAL","3953","W","ROOSEVELT RD","1011",,,,,,,"2","NO INDICATION OF INJURY","0","0","0","0","0","2","0","18","6","2","41.8660672111","-87.7248313267","POINT (-87.724831326705 41.866067211085)"
"233135140f242eeeb3e33e0d578d4087a5d4e89f43a20c43eacd26776cecb8c9151ef590d3a27d469ec059a99892acdc11f71c0bd1db23f8085f91daba9ef970",,"2026-02-20T18:00:00.000","30","NO CONTROLS","NO CONTROLS","CLEAR","DARKNESS, LIGHTED ROAD","PARKED MOTOR VEHICLE","NOT DIVIDED",,"STRAIGHT AND LEVEL","DRY","UNKNOWN","ON SCENE","NO INJURY / DRIVE AWAY",,,"Y","$500 OR LESS","2026-02-21T14:46:00.000","DRIVING SKILLS/KNOWLEDGE/EXPERIENCE","IMPROPER LANE USAGE","3018","W","NORTH AVE","1421",,,,,,,"2","NO INDICATION OF INJURY","0","0","0","0","0","1","0","18","6","2","41.9102780062","-87.7029485311","POINT (-87.702948531067 41.910278006173)"
"9ede623a6df9f43799c410a1b0a76fd985923ee13c2f591826585b5b25a1fe8ba309c1a449ce81614dde6e9d31f8e3bea473ebaaeca361d1c8c78534fc48f9b1",,"2026-02-20T18:00:00.000","30","NO CONTROLS","NO CONTROLS","UNKNOWN","DARKNESS, LIGHTED ROAD","SIDESWIPE SAME DIRECTION","ONE-WAY",,"STRAIGHT AND LEVEL","UNKNOWN","UNKNOWN","NOT ON SCENE (DESK REPORT)","INJURY AND / OR TOW DUE TO CRASH",,,,"OVER $1,500","2026-02-25T16:45:00.000","IMPROPER LANE USAGE","NOT APPLICABLE","3335","W","WASHINGTON BLVD","1123",,,,,,,"2","REPORTED, NOT EVIDENT","1","0","0","0","1","1","0","18","6","2","41.8826421993","-87.7100934385","POINT (-87.710093438494 41.88264219927)"
"fbaaac7e88c9ae82efec6b85628421f78a0b8d8a944a0b7cb250546c8f7048b783a089828a5f3fddf7d7e6f5e138fc70dd1ab132e0ca361c9d42ce5f12a2c2fa",,"2026-02-20T18:00:00.000","25","UNKNOWN","UNKNOWN","UNKNOWN","UNKNOWN","SIDESWIPE SAME DIRECTION","NOT DIVIDED",,"STRAIGHT AND LEVEL","UNKNOWN","UNKNOWN",,"NO INJURY / DRIVE AWAY",,,,"OVER $1,500","2026-02-20T18:41:00.000","NOT APPLICABLE","NOT APPLICABLE","931","N","RUSH ST","1833",,,,,,,"3","NO INDICATION OF INJURY","0","0","0","0","0","3","0","18","6","2","41.900031749","-87.6270219256","POINT (-87.627021925579 41.900031749019)"
"26a46903df7bd0c2a7f6dac8befd28a68eb8333734d478f814b8d594e04a9d520e707e37dbfd417702003f7c761ed6e3a0a259ef731bbdb0accc60a7ea852ae8",,"2026-02-20T17:55:00.000","30","NO CONTROLS","NO CONTROLS","CLEAR","DAYLIGHT","SIDESWIPE SAME DIRECTION","NOT DIVIDED",,"STRAIGHT AND LEVEL","DRY","NO DEFECTS","NOT ON SCENE (DESK REPORT)","NO INJURY / DRIVE AWAY",,,,"OVER $1,500","2026-02-20T21:00:00.000","UNABLE TO DETERMINE","NOT APPLICABLE","6641","S","STONY ISLAND AVE","331",,,,,,,"2","NO INDICATION OF INJURY","0","0","0","0","0","2","0","17","6","2","41.7739547749","-87.5859740905","POINT (-87.585974090481 41.773954774931)"