"crash_record_id","crash_date_est_i","crash_date","posted_speed_limit","traffic_control_device","device_condition","weather_condition","lighting_condition","first_crash_type","trafficway_type","lane_cnt","alignment","roadway_surface_cond","road_defect","report_type","crash_type","intersection_related_i","private_property_i","hit_and_run_i","damage","date_police_notified","prim_contributory_cause","sec_contributory_cause","street_no","street_direction","street_name","beat_of_occurrence","photos_taken_i","statements_taken_i","dooring_i","work_zone_i","work_zone_type","workers_present_i","num_units","most_severe_injury","injuries_total","injuries_fatal","injuries_incapacitating","injuries_non_incapacitating","injuries_reported_not_evident","injuries_no_indication","injuries_unknown","crash_hour","crash_day_of_week","crash_month","latitude","longitude","location"
"b70a63d02a78dcf2b500a11fbb32fb0c2a110d2a0fae3caff131aef1956f39a161b5c750f3c9e1217e0caf29dc5ba848918236a737d14f882dd81c5466854dc3",,"2026-02-20T17:50:00.000","30","STOP SIGN/FLASHER","FUNCTIONING PROPERLY","CLEAR","DAYLIGHT","ANGLE","OTHER",,"STRAIGHT AND LEVEL","DRY","UNKNOWN","NOT ON SCENE (DESK REPORT)","INJURY AND / OR TOW DUE TO CRASH","Y",,,"OVER $1,500","2026-02-21T16:43:00.000","IMPROPER OVERTAKING/PASSING","NOT APPLICABLE","5700","W","SUNNYSIDE AVE","1622",,,,,,,"2","NONINCAPACITATING INJURY","1","0","0","1","0","2","0","17","6","2","41.9624294551","-87.7698129975","POINT (-87.769812997526 41.962429455091)"
"485850fcc753ca6804b25e9ca4c90fcdcf28b2712f7500760c4c863e26645c634752509dcd2c2a03eaa8ab113e094f5eb762c272e47d29a141a51729b34568c7",,"2026-02-20T17:47:00.000","25","STOP SIGN/FLASHER","NO CONTROLS","CLEAR","DUSK","REAR END","NOT DIVIDED",,"STRAIGHT AND LEVEL","UNKNOWN","UNKNOWN","NOT ON SCENE (DESK REPORT)","NO INJURY / DRIVE AWAY",,,,"OVER $1,500","2026-02-21T10:40:00.000","UNABLE TO DETERMINE","NOT APPLICABLE","2516","N","CALIFORNIA AVE","1414",,,,,,,"2","NO INDICATION OF INJURY","0","0","0","0","0","2","0","17","6","2","41.9271167172","-87.6976252533","POINT (-87.697625253334 41.927116717157)"
"0549433f256829c7398c12f797dfab52a41407fe96bbf52494dcafe5b7a9572dfe42012be3fc4df29d43fbea6a56354eb9c50aa05e377269bdf80ac520d186cd",,"2026-02-20T17:45:00.000","30","TRAFFIC SIGNAL","FUNCTIONING PROPERLY","CLEAR","DARKNESS, LIGHTED ROAD","ANGLE","UNKNOWN INTERSECTION TYPE",,"STRAIGHT AND LEVEL","DRY","UNKNOWN","NOT ON SCENE (DESK REPORT)","NO INJURY / DRIVE AWAY","Y",,,"OVER $1,500","2026-03-02T17:15:00.000","FAILING TO YIELD RIGHT-OF-WAY","UNABLE TO DETERMINE","4000","W","LAKE ST","1114",,,,,,,"2","NO INDICATION OF INJURY","0","0","0","0","0","5","0","17","6","2","41.8855803183","-87.7259219239","POINT (-87.725921923893 41.885580318349)"
"84f476c55bc34cf4b8f1c3468b4dee2f70afb825c1486707e2db912f1502fa0f7efd40b3f7eb9397bf5e3dd23f141fb6de30c8019bc88444d513b185303dc18c",,"2026-02-20T17:42:00.000","30","NO CONTROLS","NO CONTROLS","CLEAR","DARKNESS, LIGHTED ROAD","SIDESWIPE SAME DIRECTION","NOT DIVIDED",,"STRAIGHT AND LEVEL","DRY","NO DEFECTS","ON SCENE","NO INJURY / DRIVE AWAY",,,,"OVER $1,500","2026-02-20T17:50:00.000","UNABLE TO DETERMINE","UNABLE TO DETERMINE","2434","W","63RD ST","825",,,,,,,"2","NO INDICATION OF INJURY","0","0","0","0","0","2","0","17","6","2","41.7793480192","-87.6850192529","POINT (-87.685019252925 41.779348019245)"
"454fb19dd0c28913fe13b630e37228567c9f1c7d5df8bd4502323ae0634e2ecd161e49764642c5acdca261de27426866289263876e96631d31db23a9dcd41ad2",,"2026-02-20T17:40:00.000","30","STOP SIGN/FLASHER","FUNCTIONING PROPERLY","CLEAR","DUSK","ANGLE","FOUR WAY",,"STRAIGHT AND LEVEL","DRY","NO DEFECTS","ON SCENE","NO INJURY / DRIVE AWAY","Y",,,"OVER $1,500","2026-02-20T17:42:00.000","DISREGARDING STOP SIGN","UNABLE TO DETERMINE","5001","S","KOSTNER AVE","815",,,,,,,"2","NO INDICATION OF INJURY","0","0","0","0","0","2","0","17","6","2","41.80217732","-87.7330698026","POINT (-87.733069802578 41.802177320037)"
"b07c469e5f07077c5ab530231505efb7d30280a09b87bc2ab330ccccd9fca55833ffa03a978db12d5f60fafefd9d9a4b4179d5929a9c1574f3d93ed9562107b6",,"2026-02-20T17:37:00.000","30","NO CONTROLS","NO CONTROLS","CLEAR","DUSK","SIDESWIPE SAME DIRECTION","NOT DIVIDED",,"STRAIGHT AND LEVEL","DRY","NO DEFECTS","ON SCENE","NO INJURY / DRIVE AWAY",,,,"OVER $1,500","2026-02-20T17:37:00.000","OPERATING VEHICLE IN ERRATIC, RECKLESS, CARELESS, NEGLIGENT OR AGGRESSIVE MANNER","FAILING TO YIELD RIGHT-OF-WAY","4308","W","DIVISION ST","2534",,,,,,,"2","NO INDICATION OF INJURY","0","0","0","0","0","2","0","17","6","2","41.9026582325","-87.734115363","POINT (-87.734115363008 41.902658232516)"
"de923092982df9e157c25421f62718a72631054557cfb86dddf2dea3163b74ce7f0c07e52fead09b4f7b6d933d1f5ca6ef64d8bf2bdbf698914bb0b1f47c95b3",,"2026-02-20T17:32:00.000","30","NO CONTROLS","NO CONTROLS","CLEAR","DARKNESS, LIGHTED ROAD","SIDESWIPE SAME DIRECTION","DIVIDED - W/MEDIAN (NOT RAISED)",,"STRAIGHT AND LEVEL","DRY","UNKNOWN","NOT ON SCENE (DESK REPORT)","NO INJURY / DRIVE AWAY",,,"Y","OVER $1,500","2026-02-20T18:05:00.000","UNABLE TO DETERMINE","NOT APPLICABLE","2915","N","LEAVITT ST","1931",,,,,,,"2","NO INDICATION OF INJURY","0","0","0","0","0","2","0","17","6","2","41.9345116764","-87.6829265444","POINT (-87.682926544398 41.93451167641)"
"84cd36432d046ee82fa6031f801e32226890537764b97ddc96fb46c26a14ecc866bd69218d5436356ac3df1e21be4582878a2a3d3fd291fe760a851518a76246",,"2026-02-20T17:30:00.000","30","TRAFFIC SIGNAL","FUNCTIONING PROPERLY","CLEAR","DUSK","REAR END","DIVIDED - W/MEDIAN (NOT RAISED)",,"STRAIGHT AND LEVEL","DRY","NO DEFECTS","NOT ON SCENE (DESK REPORT)","NO INJURY / DRIVE AWAY",,,,"$500 OR LESS","2026-02-20T18:15:00.000","FAILING TO REDUCE SPEED TO AVOID CRASH","UNABLE TO DETERMINE","6206","N","WESTERN AVE","2413",,,,,,,"2","NO INDICATION OF INJURY","0","0","0","0","0","2","0","17","6","2","41.9943504854","-87.6899197504","POINT (-87.689919750413 41.994350485385)"
"b76137127ccc57452be70bdde53f8536470a78d3c2a43a95440290ae3147785c54af81a74e37a560080673cbae7dea528cd5fe2cc1607e3f3d8321213e000d66",,"2026-02-20T17:30:00.000","30","TRAFFIC SIGNAL","FUNCTIONING PROPERLY","CLEAR","DAYLIGHT","REAR END","ONE-WAY",,"STRAIGHT AND LEVEL","DRY","NO DEFECTS","NOT ON SCENE (DESK REPORT)","NO INJURY / DRIVE AWAY",,,,"$500 OR LESS","2026-02-20T18:30:00.000","FAILING TO REDUCE SPEED TO AVOID CRASH","NOT APPLICABLE","502","W","RANDOLPH ST","121",,,,,,,"2","NO INDICATION OF INJURY","0","0","0","0","0","3","0","17","6","2","41.8845513346","-87.6399626328","POINT (-87.639962632789 41.884551334561)"
"5beccdbd599d5411215eaefb1b28c546d64b2edec74cad1c5b25437a2ea0c924257297ce5e70607ef5c965a597f2a4535d05d830482d4dbfc9b2b9fb499a09cc",,"2026-02-20T17:28:00.000","40","NO CONTROLS","NO CONTROLS","CLOUDY/OVERCAST","DUSK","SIDESWIPE SAME DIRECTION","DIVIDED - W/MEDIAN BARRIER",,"STRAIGHT AND LEVEL","DRY","NO DEFECTS","ON SCENE","INJURY AND / OR TOW DUE TO CRASH",,,,"OVER $1,500","2026-02-20T17:28:00.000","IMPROPER LANE USAGE","FAILING TO REDUCE SPEED TO AVOID CRASH","3550","N","LAKE SHORE DR SB","1925",,,,,,,"2","NO INDICATION OF INJURY","0","0","0","0","0","2","0","17","6","2","41.9481978961","-87.643136512","POINT (-87.643136511974 41.948197896086)"
"0fb9e548033544bbe6a6d26f38bd7beccd28652f6bf9276acf0cb23a3ce4ed683974a94717562b29608a80bf34e682c22c08abe519e00415d2c3c2d546c2ec5c",,"2026-02-20T17:26:00.000","35","NO CONTROLS","NO CONTROLS","CLEAR","DAYLIGHT","PARKED MOTOR VEHICLE","NOT DIVIDED",,"STRAIGHT AND LEVEL","DRY","NO DEFECTS","ON SCENE","NO INJURY / DRIVE AWAY","Y",,"N","OVER $1,500","2026-02-20T17:26:00.000","NOT APPLICABLE","NOT APPLICABLE","8338","S","ESSEX AVE","423",,,,,,,"2","NO INDICATION OF INJURY","0","0","0","0","0","1","0","17","6","2","41.7433296828","-87.5638217191","POINT (-87.563821719082 41.743329682784)"
"4323d2448330475a13f50f5a1a420e1af3f1e008dd60b02c3bda56a9196d15433564255d6e8102a91b25ad29f7f3b543a7f76b1c6471204676bade988def41fe",,"2026-02-20T17:20:00.000","30","TRAFFIC SIGNAL","FUNCTIONING PROPERLY","CLEAR","DARKNESS, LIGHTED ROAD","ANGLE","DIVIDED - W/MEDIAN (NOT RAISED)",,"STRAIGHT AND LEVEL","WET","UNKNOWN","NOT ON SCENE (DESK REPORT)","NO INJURY / DRIVE AWAY","Y",,,"OVER $1,500","2026-02-20T18:15:00.000","UNABLE TO DETERMINE","UNABLE TO DETERMINE","2807","S","KEDZIE AVE","1033",,,,,,,"2","NO INDICATION OF INJURY","0","0","0","0","0","2","0","17","6","2","41.8406479685","-87.7047768751","POINT (-87.704776875121 41.840647968521)"
"376224c9389b284ed98dff22501b9bee2c0cda9988423393e364e811f61b27be7892298d7b7c11f2c51a059d174cc1536567ff6087866561bc40486de36d428f","Y","2026-02-20T17:15:00.000","30","STOP SIGN/FLASHER","OTHER","CLEAR","DARKNESS, LIGHTED ROAD","ANGLE","OTHER",,"STRAIGHT AND LEVEL","DRY","NO DEFECTS","NOT ON SCENE (DESK REPORT)","INJURY AND / OR TOW DUE TO CRASH",,,,"OVER $1,500","2026-02-20T18:45:00.000","UNABLE TO DETERMINE","UNABLE TO DETERMINE","5314","W","FULTON ST","1523",,,,,,,"2","REPORTED, NOT EVIDENT","3","0","0","0","3","1","0","17","6","2","41.8857125264","-87.7584122496","POINT (-87.758412249557 41.885712526372)"
"bea36ac8cf6e912f7b6468205110d5bc34934ff714e03a7163ee84a472ff060b283eed11bd9a5e7aedd335f6b39305524f51e8cac3763ae1e13547aab414ea6b",,"2026-02-20T17:15:00.000","30","TRAFFIC SIGNAL","FUNCTIONING PROPERLY","CLEAR","DAYLIGHT","SIDESWIPE SAME DIRECTION","DIVIDED - W/MEDIAN BARRIER",,"STRAIGHT AND LEVEL","UNKNOWN","UNKNOWN",,"NO INJURY / DRIVE AWAY","Y",,,"OVER $1,500","2026-02-20T18:10:00.000","UNABLE TO DETERMINE","UNABLE TO DETERMINE","800","S","HALSTED ST","1232",,,,,,,"2","NO INDICATION OF INJURY","0","0","0","0","0","3","0","17","6","2","41.8718503749","-87.6471664652","POINT (-87.647166465184 41.871850374852)"
"d2bc8308fa8429874da08a5c49b30bdf4d9832c9789b74fcae8f303b572cbf460d74b619979e238f31778b30ae0bdcbb3a4d950b3a4bf91084172dda891815e7",,"2026-02-20T17:13:00.000","30","UNKNOWN","UNKNOWN","UNKNOWN","UNKNOWN","REAR END","NOT DIVIDED",,"STRAIGHT AND LEVEL","UNKNOWN","UNKNOWN","NOT ON SCENE (DESK REPORT)","NO INJURY / DRIVE AWAY",,,,"OVER $1,500","2026-02-20T19:13:00.000","DISTRACTION - FROM INSIDE VEHICLE","NOT APPLICABLE","5927","W","GRAND AVE","2515",,,,,,,"2","NO INDICATION OF INJURY","0","0","0","0","0","2","0","17","6","2","41.9202167801","-87.7743521082","POINT (-87.774352108226 41.92021678011)"
"354f914baf31fa4e6636b0b4ae2624eb4fbbedb8c87a1c8814bf6f944c6a1251c083dc68a016325ff2cdf3f89b981225f685e44c0b4e63b3f06c473d7af1180a",,"2026-02-20T17:10:00.000","30","TRAFFIC SIGNAL","FUNCTIONING PROPERLY","CLEAR","DAYLIGHT","REAR END","DIVIDED - W/MEDIAN (NOT RAISED)",,"STRAIGHT AND LEVEL","DRY","NO DEFECTS","NOT ON SCENE (DESK REPORT)","NO INJURY / DRIVE AWAY",,,,"OVER $1,500","2026-02-20T17:30:00.000","NOT APPLICABLE","NOT APPLICABLE","2034","N","NARRAGANSETT AVE","2512",,,,,,,"2","NO INDICATION OF INJURY","0","0","0","0","0","2","0","17","6","2","41.9175537551","-87.7854052891","POINT (-87.785405289137 41.91755375507)"
"d6d2c3c870862019c280ee2da6398710a4809c093c87c9e086c39796a86e78bf1abf4dd5adea4fb950c3805e5ad97a5272087176053228537c615cc2a8ff466e",,"2026-02-20T17:09:00.000","30","NO CONTROLS","NO CONTROLS","CLEAR","DAYLIGHT","PARKED MOTOR VEHICLE","DIVIDED - W/MEDIAN BARRIER",,"STRAIGHT AND LEVEL","DRY","UNKNOWN",,"NO INJURY / DRIVE AWAY",,,,"$500 OR LESS","2026-02-20T21:30:00.000","UNABLE TO DETERMINE","NOT APPLICABLE","67","E","CERMAK RD","131",,,,,,,"2","NO INDICATION OF INJURY","0","0","0","0","0","1","0","17","6","2","41.8527516163","-87.6244258822","POINT (-87.624425882159 41.852751616321)"
"5ad3cb885620888e4a1305bbc8fe7b8ba6db0106357a5ad515e49d08bfe71a3a530c170930106b56961460c1d776530034e4a27d4b00d79a4beccc486f8f502f","Y","2026-02-20T17:00:00.000","30","TRAFFIC SIGNAL","UNKNOWN","UNKNOWN","UNKNOWN","TURNING","FOUR WAY",,"STRAIGHT AND LEVEL","UNKNOWN","UNKNOWN","ON SCENE","INJURY AND / OR TOW DUE TO CRASH","Y",,"Y","OVER $1,500","2026-02-20T17:34:00.000","UNABLE TO DETERMINE","UNABLE TO DETERMINE","5000","S","ASHLAND AVE","931",,,,,,,"2","NO INDICATION OF INJURY","0","0","0","0","0","2","0","17","6","2","41.8030468398","-87.6649686437","POINT (-87.66496864367 41.803046839822)"
"5d3121fcaa9e520f84af5f5c82f71b16b3d4408e64c8b71f00d821c6b62a57f95f7495e84950185cf1e744ad2ccf91c93340b11e00587a12cf59af02560cf153",,"2026-02-20T17:00:00.000","25","NO CONTROLS","NO CONTROLS","CLEAR","DAYLIGHT","PARKED MOTOR VEHICLE","ONE-WAY",,"STRAIGHT AND LEVEL","WET","UNKNOWN","NOT ON SCENE (DESK REPORT)","NO INJURY / DRIVE AWAY",,,"Y","OVER $1,500","2026-02-20T19:45:00.000","UNABLE TO DETERMINE","UNABLE TO DETERMINE","210","N","KILBOURN AVE","1113",,,,,,,"2","NO INDICATION OF INJURY","0","0","0","0","0","1","0","17","6","2","41.8836288044","-87.7381730266","POINT (-87.738173026601 41.883628804353)"
"b692506a2510993885f0e47b4468a191a4412dd34ab91fc03b623bdcc5222411d72f3e9901f69e6960284aa575ee225825165c954eb1e19545bcf3221b432e1f",,"2026-02-20T17:00:00.000","30","TRAFFIC SIGNAL","FUNCTIONING PROPERLY","CLEAR","DAYLIGHT","SIDESWIPE SAME DIRECTION","NOT DIVIDED",,"STRAIGHT AND LEVEL","DRY","NO DEFECTS","NOT ON SCENE (DESK REPORT)","NO INJURY / DRIVE AWAY","Y",,,"OVER $1,500","2026-02-20T18:05:00.000","IMPROPER LANE USAGE","NOT APPLICABLE","5279","N","ELSTON AVE","1621",,,,,,,"2","NO INDICATION OF INJURY","0","0","0","0","0","2","0","17","6","2","41.9770412687","-87.7544283886","POINT (-87.754428388644 41.977041268682)"
"8899be3c56b2d5eb56cefc5e31249c71c4d9c283337af79c38ec17e1eb6fc2dfc16c8ae2f7babca5effa1829922508d98fb8d6a18617d7ec3c92021a3fb9d032",,"2026-02-20T16:51:00.000","30","TRAFFIC SIGNAL","FUNCTIONING PROPERLY","CLEAR","DAYLIGHT","REAR TO FRONT","DIVIDED - W/MEDIAN (NOT RAISED)",,"STRAIGHT AND LEVEL","DRY","NO DEFECTS","ON SCENE","NO INJURY / DRIVE AWAY",,,,"OVER $1,500","2026-02-20T16:51:00.000","OPERATING VEHICLE IN ERRATIC, RECKLESS, CARELESS, NEGLIGENT OR AGGRESSIVE MANNER","OPERATING VEHICLE IN ERRATIC, RECKLESS, CARELESS, NEGLIGENT OR AGGRESSIVE MANNER","1158","S","INDEPENDENCE BLVD","1133","Y","Y",,,,,"3","NO INDICATION OF INJURY","0","0","0","0","0","5","0","16","6","2","41.8662828666","-87.7202710047","POINT (-87.720271004669 41.866282866644)"
"589facbf2dedc1404e4a639a4a4f397f3fbb63676951748bab17ef4d116e592727095715aa1a72eeb15414c3674c63f7def02a4ceb075df89103e8197ad3a490",,"2026-02-20T16:48:00.000","30","TRAFFIC SIGNAL","FUNCTIONING PROPERLY","CLEAR","DAYLIGHT","ANGLE","NOT DIVIDED",,"STRAIGHT AND LEVEL","DRY","NO DEFECTS","ON SCENE","INJURY AND / OR TOW DUE TO CRASH",,,,"OVER $1,500","2026-02-20T16:51:00.000","DISREGARDING TRAFFIC SIGNALS","FAILING TO YIELD RIGHT-OF-WAY","9193","S","LAKE SHORE DR","424",,,,,,,"2","NO INDICATION OF INJURY","0","0","0","0","0","2","0","16","6","2","41.7285247865","-87.5427009843","POINT (-87.542700984267 41.728524786461)"
"6dcc57265698710662c4cf9f58c18b7521e459150e8d3c939d3b0d5254696dcdcefd0e9ead57289a93db456a18d9f3ecef35ebad1504926e1e3d7aeb9fde5612",,"2026-02-20T16:47:00.000","30","NO CONTROLS","NO CONTROLS","CLOUDY/OVERCAST","DAYLIGHT","ANGLE","DIVIDED - W/MEDIAN (NOT RAISED)",,"STRAIGHT AND LEVEL","UNKNOWN","UNKNOWN","NOT ON SCENE (DESK REPORT)","NO INJURY / DRIVE AWAY",,,"Y","OVER $1,500","2026-02-21T12:35:00.000","FAILING TO YIELD RIGHT-OF-WAY","UNABLE TO DETERMINE","300","E","47TH ST","215",,,,,,,"2","NO INDICATION OF INJURY","0","0","0","0","0","2","0","16","6","2","41.8094468537","-87.6195240872","POINT (-87.619524087226 41.809446853655)"
"9a1f85ea3197daa4935b97469cf9784e0c1d8f690defe463bb18f67f41b1aafdaad1f0c8017d9c7f095087e91c6cb2126279c7c3712a7ba48aa990bb5d6f754f",,"2026-02-20T16:45:00.000","30","NO CONTROLS","NO CONTROLS","CLEAR","DAYLIGHT","REAR END","NOT DIVIDED",,"STRAIGHT AND LEVEL","DRY","NO DEFECTS","ON SCENE","NO INJURY / DRIVE AWAY",,,,"$501 - $1,500","2026-02-20T16:45:00.000","FOLLOWING TOO CLOSELY","NOT APPLICABLE","500","W","MADISON ST","121",,,,,,,"2","NO INDICATION OF INJURY","0","0","0","0","0","2","0","16","6","2","41.8819943382","-87.6397586849","POINT (-87.639758684881 41.881994338205)"
"959837e3009244a2cbf9f8fe5656ecd1798ebc9b2cbc0a9ba171fe9f711b297b6a68db44b0cf547d7eb5371bf370b700c4f44b60c76e0ce4e38025194db85bdb",,"2026-02-20T16:43:00.000","30","TRAFFIC SIGNAL","FUNCTIONING PROPERLY","CLEAR","DAYLIGHT","REAR END","NOT DIVIDED",,"STRAIGHT AND LEVEL","DRY","NO DEFECTS","NOT ON SCENE (DESK REPORT)","INJURY AND / OR TOW DUE TO CRASH",,,"Y","OVER $1,500","2026-02-20T16:48:00.000","FAILING TO REDUCE SPEED TO AVOID CRASH","FAILING TO REDUCE SPEED TO AVOID CRASH","466","N","CENTRAL AVE","1512",,,,,,,"2","REPORTED, NOT EVIDENT","1","0","0","0","1","2","0","16","6","2","41.8892078654","-87.7653246901","POINT (-87.765324690121 41.889207865361)"
"0e3bdf7a562d78660c7daf6b44f3b7cf4d438ccffb2f294da3b4a8bd35824c5d1f3fcb4621e52e51515083d6144bfa34658ebdd5470a661bbadedcdde8b78bff",,"2026-02-20T16:38:00.000","30","TRAFFIC SIGNAL","FUNCTIONING PROPERLY","CLEAR","DAYLIGHT","TURNING","FOUR WAY",,"STRAIGHT AND LEVEL","UNKNOWN","UNKNOWN","ON SCENE","NO INJURY / DRIVE AWAY",,,,"OVER $1,500","2026-02-20T16:40:00.000","UNABLE TO DETERMINE","NOT APPLICABLE","4800","W","47TH ST","814",,,,,,,"2","NO INDICATION OF INJURY","0","0","0","0","0","2","0","16","6","2","41.8077270168","-87.7432293657","POINT (-87.743229365663 41.807727016772)"
"1048c10f2e364237bebc2b06631d8b550793438c41d773470ed9fa12ac4c283f51fa1f754ac122f1a51ac1b539076f479eaaceb54b1abc354c7d582088609737",,"2026-02-20T16:38:00.000","30","TRAFFIC SIGNAL","FUNCTIONING PROPERLY","CLEAR","DAYLIGHT","ANGLE","NOT REPORTED",,"STRAIGHT AND LEVEL","DRY","NO DEFECTS","ON SCENE","INJURY AND / OR TOW DUE TO CRASH","Y",,,"OVER $1,500","2026-02-20T16:38:00.000","DISREGARDING TRAFFIC SIGNALS","UNABLE TO DETERMINE","402","E","47TH ST","221",,,,,,,"2","NO INDICATION OF INJURY","0","0","0","0","0","2","0","16","6","2","41.8095017819","-87.6161296141","POINT (-87.616129614073 41.809501781869)"
"c7dbb9db55032c4f2c63fd0c3777fdbf00fd4385a9387d4b5f03518f7055a2f991d9133cdd25bf2b60885ec3cbe6592b69b7e8ed0a47c63b224a43f05c85ef4a",,"2026-02-20T16:37:00.000","30","TRAFFIC SIGNAL","FUNCTIONING PROPERLY","CLEAR","DAYLIGHT","SIDESWIPE SAME DIRECTION","FOUR WAY",,"STRAIGHT AND LEVEL","DRY","NO DEFECTS","NOT ON SCENE (DESK REPORT)","NO INJURY / DRIVE AWAY",,,"Y","OVER $1,500","2026-02-20T17:25:00.000","IMPROPER OVERTAKING/PASSING","IMPROPER OVERTAKING/PASSING","710","S","CLARK ST","123",,,,,,,"2","NO INDICATION OF INJURY","0","0","0","0","0","2","0","16","6","2","41.8731332867","-87.6307827836","POINT (-87.630782783582 41.873133286693)"
"275c624495ae50f1667dc2a2121101601c2ab87251803bb94237a9781ab737a6e47795dfe3c433b8c5bf0f06aa53e6a945c4c5443a2a0649ab40b32e0e2930f1",,"2026-02-20T16:34:00.000","30","NO CONTROLS","NO CONTROLS","CLEAR","DARKNESS, LIGHTED ROAD","PARKED MOTOR VEHICLE","NOT DIVIDED",,"STRAIGHT AND LEVEL","DRY","NO DEFECTS","NOT ON SCENE (DESK REPORT)","NO INJURY / DRIVE AWAY",,,"Y","OVER $1,500","2026-02-20T18:03:00.000","UNABLE TO DETERMINE","NOT APPLICABLE","2905","N","LEAVITT ST","1931",,,,,,,"2","NO INDICATION OF INJURY","0","0","0","0","0","1","0","16","6","2","41.9342804163","-87.6829078243","POINT (-87.682907824293 41.934280416257)"
"115db4274397b6f083e069a50932aefd7f31241161ee52d8ec23fd7c0254e040939442f6e5254d10697c1cd544c2522abbe32cc5e6709e19a27bfee96a1ee87e",,"2026-02-20T16:30:00.000","10","NO CONTROLS","NO CONTROLS","CLOUDY/OVERCAST","DAYLIGHT","TURNING","PARKING LOT",,"STRAIGHT AND LEVEL","DRY","NO DEFECTS","ON SCENE","INJURY AND / OR TOW DUE TO CRASH",,"Y",,"OVER $1,500","2026-02-20T17:44:00.000","UNABLE TO DETERMINE","UNABLE TO DETERMINE","6430","W","FULLERTON AVE","2512",,,,,,,"2","NO INDICATION OF INJURY","0","0","0","0","0","2","0","16","6","2","41.9237772522","-87.786597295","POINT (-87.786597294954 41.92377725216)"
"294773562e62e4cfc9185f0ef35c853f9c57e75ef3e924f2345e47d7af752be8c586755a776c7720db3994025d763d6c5b70445f92b51a26bf86cd657f6e7f49",,"2026-02-20T16:30:00.000","30","NO CONTROLS","NO CONTROLS","CLEAR","DAYLIGHT","SIDESWIPE SAME DIRECTION","NOT DIVIDED",,"STRAIGHT AND LEVEL","DRY","NO DEFECTS","ON SCENE","NO INJURY / DRIVE AWAY",,,"Y","OVER $1,500","2026-02-20T16:36:00.000","DRIVING SKILLS/KNOWLEDGE/EXPERIENCE","FAILING TO YIELD RIGHT-OF-WAY","2100","S","MORGAN ST","1235",,,,,,,"4","NO INDICATION OF INJURY","0","0","0","0","0","2","0","16","6","2","41.8538108379","-87.6515921319","POINT (-87.651592131874 41.85381083791)"
"2bdf99a25f14c765d5a1788ab13f01a5ce12ad822e3268afb956c0c7270164a2d09ff103d40c474ac8228012c3983a51999fd145509edc790cb996ecd060dcd8",,"2026-02-20T16:30:00.000","30","NO CONTROLS","NO CONTROLS","CLEAR","DAYLIGHT","SIDESWIPE SAME DIRECTION","ONE-WAY",,"STRAIGHT AND LEVEL","DRY","NO DEFECTS","NOT ON SCENE (DESK REPORT)","NO INJURY / DRIVE AWAY",,,,"OVER $1,500","2026-02-20T17:05:00.000","IMPROPER LANE USAGE","NOT APPLICABLE","1431","W","ADAMS ST","1231",,,,,,,"2","NO INDICATION OF INJURY","0","0","0","0","0","3","0","16","6","2","41.8788474749","-87.6631704885","POINT (-87.66317048852 41.878847474927)"
"6610e29c9e9210936a209c517d9bfb42e5efc689ca7a96f1fbfe735dd35b4714af64a53855afe20f4a79d34e5db58112fba2468b8dd8394fafde663b8a37c4da",,"2026-02-20T16:30:00.000","20","SCHOOL ZONE","NO CONTROLS","CLOUDY/OVERCAST","DARKNESS, LIGHTED ROAD","SIDESWIPE SAME DIRECTION","ONE-WAY",,"STRAIGHT AND LEVEL","DRY","NO DEFECTS","NOT ON SCENE (DESK REPORT)","NO INJURY / DRIVE AWAY",,,,"OVER $1,500","2026-02-20T17:45:00.000","IMPROPER OVERTAKING/PASSING","IMPROPER OVERTAKING/PASSING","1331","W","ADAMS ST","1231",,,,,,,"2","NO INDICATION OF INJURY","0","0","0","0","0","2","0","16","6","2","41.8788886254","-87.6607396523","POINT (-87.660739652279 41.878888625369)"
"f8f7d78de9f99828c58ca6313141a5e795572d34417100d2d5d951704ab6049d3b9fa70b9a772fac285d7aa37fa07a36f4b66f685defdc614829363078946137",,"2026-02-20T16:30:00.000","10","NO CONTROLS","NO CONTROLS","CLEAR","DAYLIGHT","PARKED MOTOR VEHICLE","PARKING LOT",,"STRAIGHT AND LEVEL","DRY","NO DEFECTS",,"NO INJURY / DRIVE AWAY",,,"Y","OVER $1,500","2026-02-20T17:45:00.000","UNABLE TO DETERMINE","UNABLE TO DETERMINE","10133","S","HALSTED ST","2232",,,,,,,"2","NO INDICATION OF INJURY","0","0","0","0","0","1","0","16","6","2","41.7095648477","-87.6427549161","POINT (-87.642754916055 41.70956484767)"
"9f976f98263524859d03506cff9f1e494af5d32e7d783da02a68f56600d591e084f5e063ee1a0fbad885c81af31843a1684162ac334194550feb0a11eed30347",,"2026-02-20T16:23:00.000","30","NO CONTROLS","NO CONTROLS","CLEAR","DAYLIGHT","PARKED MOTOR VEHICLE","ONE-WAY",,"STRAIGHT AND LEVEL","DRY","NO DEFECTS","ON SCENE","NO INJURY / DRIVE AWAY",,,,"$501 - $1,500","2026-02-20T16:26:00.000","FAILING TO YIELD RIGHT-OF-WAY","FOLLOWING TOO CLOSELY","658","N","PINE AVE","1524",,,,,,,"2","NO INDICATION OF INJURY","0","0","0","0","0","1","0","16","6","2","41.8928433754","-87.7636330585","POINT (-87.763633058529 41.892843375372)"