"crash_record_id","crash_date_est_i","crash_date","posted_speed_limit","traffic_control_device","device_condition","weather_condition","lighting_condition","first_crash_type","trafficway_type","lane_cnt","alignment","roadway_surface_cond","road_defect","report_type","crash_type","intersection_related_i","private_property_i","hit_and_run_i","damage","date_police_notified","prim_contributory_cause","sec_contributory_cause","street_no","street_direction","street_name","beat_of_occurrence","photos_taken_i","statements_taken_i","dooring_i","work_zone_i","work_zone_type","workers_present_i","num_units","most_severe_injury","injuries_total","injuries_fatal","injuries_incapacitating","injuries_non_incapacitating","injuries_reported_not_evident","injuries_no_indication","injuries_unknown","crash_hour","crash_day_of_week","crash_month","latitude","longitude","location"
"536011149105633bc7d5d9406d3a842b65df0de1bef042168ed60d1809046bb71daf85709fa95543a6e6b036eade45eaa69c38edc158918165830440fe0e3052",,"2026-02-20T16:20:00.000","30","NO CONTROLS","NO CONTROLS","CLEAR","DAYLIGHT","PARKED MOTOR VEHICLE","DIVIDED - W/MEDIAN (NOT RAISED)",,"STRAIGHT AND LEVEL","DRY","NO DEFECTS","NOT ON SCENE (DESK REPORT)","NO INJURY / DRIVE AWAY",,,,"OVER $1,500","2026-02-20T17:05:00.000","DRIVING SKILLS/KNOWLEDGE/EXPERIENCE","UNABLE TO DETERMINE","3614","W","DIVISION ST","2535",,,,,,,"2","NO INDICATION OF INJURY","0","0","0","0","0","2","0","16","6","2","41.9028598682","-87.7172652011","POINT (-87.717265201095 41.90285986819)"
"df1373840738e318cbdd1200c0ccfab99ce80db75fe34a98203e314829ea70b5a1492196fcb5d9f2e2f426be07b6ca057f9f51b79668c2be596b3e94f8359508",,"2026-02-20T16:20:00.000","30","UNKNOWN","UNKNOWN","UNKNOWN","UNKNOWN","SIDESWIPE SAME DIRECTION","DIVIDED - W/MEDIAN (NOT RAISED)",,"STRAIGHT AND LEVEL","UNKNOWN","UNKNOWN","NOT ON SCENE (DESK REPORT)","NO INJURY / DRIVE AWAY",,,,"$501 - $1,500","2026-02-20T17:00:00.000","UNABLE TO DETERMINE","NOT APPLICABLE","6655","N","RIDGE BLVD","2432",,,,,,,"2","NO INDICATION OF INJURY","0","0","0","0","0","2","0","16","6","2","42.003021324","-87.6790084527","POINT (-87.679008452664 42.003021324029)"
"7949bc156e4fa1b61b33b46dc66088e697d811682819fe02755a483bc748a055489fbffc1df8add7560e23731bde20b073eef02475f393d067f8d5a654fec2bc",,"2026-02-20T16:19:00.000","30","NO CONTROLS","NO CONTROLS","CLEAR","DAYLIGHT","PARKED MOTOR VEHICLE","NOT DIVIDED",,"STRAIGHT AND LEVEL","DRY","NO DEFECTS","NOT ON SCENE (DESK REPORT)","NO INJURY / DRIVE AWAY",,,,"$500 OR LESS","2026-02-20T16:34:00.000","NOT APPLICABLE","NOT APPLICABLE","6559","S","WESTERN AVE","832",,,,,,,"2","NO INDICATION OF INJURY","0","0","0","0","0","2","0","16","6","2","41.7738768813","-87.6833506008","POINT (-87.683350600816 41.773876881273)"
"0d2c72cdc82acfb6a31ed75a6dd7c9b3bd711996406aa82e35e9517ed68ed531e9caf9190185cd91881caa37727bccf8db44c51fa154fccad528d2ebce44195d",,"2026-02-20T16:10:00.000","30","TRAFFIC SIGNAL","FUNCTIONING PROPERLY","CLEAR","DAWN","SIDESWIPE OPPOSITE DIRECTION","DIVIDED - W/MEDIAN (NOT RAISED)",,"STRAIGHT AND LEVEL","DRY","NO DEFECTS","ON SCENE","NO INJURY / DRIVE AWAY","Y",,"Y","OVER $1,500","2026-02-20T18:15:00.000","UNABLE TO DETERMINE","NOT APPLICABLE","7500","S","SOUTH CHICAGO AVE","624",,,,,,,"2","NO INDICATION OF INJURY","0","0","0","0","0","2","0","16","6","2","41.7586090061","-87.5957213605","POINT (-87.595721360538 41.758609006103)"
"c035b0e4eea7d3b2e6c7650deab53ba1374db1d48cc7837e5ae27a46fd546d90795b3d680cd897679c25f885c87b19bff208109e95c5269acafc2b140c1003b5",,"2026-02-20T16:10:00.000","25","TRAFFIC SIGNAL","FUNCTIONING PROPERLY","CLEAR","DUSK","TURNING","DIVIDED - W/MEDIAN (NOT RAISED)",,"STRAIGHT AND LEVEL","DRY","NO DEFECTS","ON SCENE","INJURY AND / OR TOW DUE TO CRASH",,,,"OVER $1,500","2026-02-20T16:33:00.000","FAILING TO YIELD RIGHT-OF-WAY","NOT APPLICABLE","358","E","CHICAGO AVE","1833",,,,,,,"3","NONINCAPACITATING INJURY","2","0","0","1","1","1","0","16","6","2","41.8969333109","-87.6180390465","POINT (-87.618039046482 41.896933310855)"
"f94297174edcbd421109cf36ef37f9525cfe7c3dd99b74b6b6045f4703a92fbc9f13bcfd0e3828ed8d65941c4332d7c8a72e77ed0a6afb92c703cdc6e46d1075",,"2026-02-20T16:10:00.000","30","NO CONTROLS","NO CONTROLS","CLOUDY/OVERCAST","DAYLIGHT","TURNING","NOT DIVIDED",,"STRAIGHT AND LEVEL","DRY","WORN SURFACE","ON SCENE","INJURY AND / OR TOW DUE TO CRASH",,,,"OVER $1,500","2026-02-20T16:26:00.000","FAILING TO YIELD RIGHT-OF-WAY","IMPROPER TURNING/NO SIGNAL","1020","W","47TH ST","925",,,,,,,"2","NO INDICATION OF INJURY","0","0","0","0","0","2","0","16","6","2","41.8088931707","-87.6512717317","POINT (-87.651271731717 41.808893170738)"
"e3b1678524d05d0b6c7c5cc6d41cce42c9cd5ad0e500b825276cc8346186652e214799b1f89fb5d37132645f8f2f057a9a91a17924224eca386c7a2dc944d48c",,"2026-02-20T16:03:00.000","30","TRAFFIC SIGNAL","FUNCTIONING PROPERLY","CLEAR","DAYLIGHT","SIDESWIPE SAME DIRECTION","NOT DIVIDED",,"STRAIGHT AND LEVEL","DRY","NO DEFECTS","ON SCENE","INJURY AND / OR TOW DUE TO CRASH",,,,"OVER $1,500","2026-02-20T16:05:00.000","IMPROPER OVERTAKING/PASSING","FAILING TO YIELD RIGHT-OF-WAY","1956","N","WESTERN AVE","1434",,,,,,,"2","REPORTED, NOT EVIDENT","1","0","0","0","1","1","0","16","6","2","41.9174295679","-87.687553547","POINT (-87.68755354698 41.917429567893)"
"9bd120bec72d82b458da8f94cde48438b3a5447f709a4e300fd99e77f04efaaa4bf09c1120541f3e41f0be60bc3997582adf976f547fc36a28d77f8d2511e08f",,"2026-02-20T16:00:00.000","30","NO CONTROLS","NO CONTROLS","CLEAR","DAYLIGHT","REAR TO FRONT","NOT DIVIDED",,"STRAIGHT AND LEVEL","DRY","NO DEFECTS","NOT ON SCENE (DESK REPORT)","NO INJURY / DRIVE AWAY",,,"Y","$501 - $1,500","2026-02-20T16:30:00.000","UNABLE TO DETERMINE","UNABLE TO DETERMINE","4400","W","MADISON ST","1113",,,,,,,"2","NO INDICATION OF INJURY","0","0","0","0","0","2","0","16","6","2","41.8807189579","-87.735600609","POINT (-87.735600609006 41.880718957876)"
"d43d6fe0fc1e2777179616c66b17101c7a2fcf42272b2dc6c8cc53878f25d10a9d0fd6ebd9a6d750553dc5e25e9a6f5924c691d6ed4705df2bab1d0371a3c6d3",,"2026-02-20T16:00:00.000","30","NO CONTROLS","NO CONTROLS","CLEAR","DAYLIGHT","PARKED MOTOR VEHICLE","DIVIDED - W/MEDIAN (NOT RAISED)",,"STRAIGHT AND LEVEL","DRY","NO DEFECTS","NOT ON SCENE (DESK REPORT)","NO INJURY / DRIVE AWAY",,,,"$501 - $1,500","2026-02-23T10:00:00.000","IMPROPER OVERTAKING/PASSING","UNABLE TO DETERMINE","5525","W","DEVON AVE","1621",,,,,,,"2","NO INDICATION OF INJURY","0","0","0","0","0","3","0","16","6","2","41.9971961475","-87.766632847","POINT (-87.766632847015 41.997196147514)"
"df06b6598df3affd73ad19f8c184d0741771ff77ff9d0de553e7975b6357e77aadd8d1a0a12890036fcd4faef0df516203a21efe459a96d3ec9fa35fa2d9598e",,"2026-02-20T16:00:00.000","25","UNKNOWN","UNKNOWN","UNKNOWN","UNKNOWN","ANGLE","FOUR WAY",,"STRAIGHT AND LEVEL","UNKNOWN","UNKNOWN","NOT ON SCENE (DESK REPORT)","NO INJURY / DRIVE AWAY",,,,"OVER $1,500","2026-02-20T17:17:00.000","NOT APPLICABLE","NOT APPLICABLE","950","N","CLARK ST","1832",,,,,,,"2","NO INDICATION OF INJURY","0","0","0","0","0","2","0","16","6","2","41.9002624488","-87.6314893806","POINT (-87.631489380582 41.900262448843)"
"bed129e51f100afac9e6302d5b31b6de0560293c9efbeb4162dc14047ced69502c3d9da1942d73e695b06abe382782f36a078c0686840850819c606180d8d73d",,"2026-02-20T15:54:00.000","30","TRAFFIC SIGNAL","FUNCTIONING PROPERLY","CLOUDY/OVERCAST","DUSK","TURNING","FOUR WAY",,"STRAIGHT AND LEVEL","DRY","NO DEFECTS","ON SCENE","INJURY AND / OR TOW DUE TO CRASH","Y",,,"OVER $1,500","2026-02-20T15:55:00.000","UNABLE TO DETERMINE","NOT APPLICABLE","5659","S","ASHLAND AVE","713",,,,,,,"2","NO INDICATION OF INJURY","0","0","0","0","0","2","0","15","6","2","41.7904800194","-87.6643450657","POINT (-87.664345065704 41.79048001939)"
"ef0e50c592f204dd85091af1e50cea00d79408a50c4b16ecbee991d15271ce6e99d1d751cbddc805b663e2478c2ed1033500eb188783a4999d65d0f5e8c37fee",,"2026-02-20T15:52:00.000","30","TRAFFIC SIGNAL","FUNCTIONING PROPERLY","CLOUDY/OVERCAST","DUSK","SIDESWIPE SAME DIRECTION","DIVIDED - W/MEDIAN (NOT RAISED)",,"STRAIGHT AND LEVEL","DRY","UNKNOWN","ON SCENE","NO INJURY / DRIVE AWAY",,,,"$500 OR LESS","2026-02-20T15:52:00.000","FOLLOWING TOO CLOSELY","UNABLE TO DETERMINE","2800","N","CALIFORNIA AVE","1411",,,,,,,"2","NO INDICATION OF INJURY","0","0","0","0","0","2","0","15","6","2","41.9321207191","-87.6977653004","POINT (-87.697765300365 41.932120719106)"
"0d31bd02db561183d175204976d6c158d25aa5315d1a0cb3bbeebe1b4de3a3451b4a26a9aca468b03131c112bf7aa191fc07013586679a8a512354538948a947",,"2026-02-20T15:45:00.000","30","STOP SIGN/FLASHER","FUNCTIONING PROPERLY","CLEAR","DAYLIGHT","TURNING","DIVIDED - W/MEDIAN (NOT RAISED)",,"STRAIGHT AND LEVEL","DRY","NO DEFECTS","NOT ON SCENE (DESK REPORT)","NO INJURY / DRIVE AWAY","Y",,,"OVER $1,500","2026-02-20T16:20:00.000","UNABLE TO DETERMINE","NOT APPLICABLE","831","E","79TH ST","624",,,,,,,"2","NO INDICATION OF INJURY","0","0","0","0","0","2","0","15","6","2","41.7511909623","-87.6040269298","POINT (-87.604026929816 41.751190962271)"
"758bd51a0ff3c6fd4e235a641fa9ae9579f1fd544543d28f0aebaae24739c2340e04081a59bdfe49778c6e43a2e1117d1fd49f094bc6d20c69d1036c0fbcfb39",,"2026-02-20T15:30:00.000","30","UNKNOWN","UNKNOWN","UNKNOWN","UNKNOWN","REAR END","UNKNOWN",,"STRAIGHT AND LEVEL","UNKNOWN","UNKNOWN","NOT ON SCENE (DESK REPORT)","NO INJURY / DRIVE AWAY",,,,"OVER $1,500","2026-02-20T17:00:00.000","UNABLE TO DETERMINE","UNABLE TO DETERMINE","2800","S","WESTERN AVE","1034",,,,,,,"2","NO INDICATION OF INJURY","0","0","0","0","0","2","0","15","6","2","41.8411101754","-87.6854255447","POINT (-87.685425544687 41.841110175378)"
"946c46bbfc53587ff1eb106277a9b81525fde217713b2590deb6a357b09777134e996a982a6974ce8fa019cfb98bed32052a2d8f5745853f677347dfccc74dbd",,"2026-02-20T15:30:00.000","30","NO CONTROLS","NO CONTROLS","CLEAR","DAYLIGHT","PARKED MOTOR VEHICLE","NOT DIVIDED",,"STRAIGHT AND LEVEL","DRY","NO DEFECTS","NOT ON SCENE (DESK REPORT)","NO INJURY / DRIVE AWAY",,,"Y","OVER $1,500","2026-02-20T15:40:00.000","IMPROPER BACKING","NOT APPLICABLE","2119","W","GRENSHAW ST","1225",,,,,,,"2","NO INDICATION OF INJURY","0","0","0","0","0","2","0","15","6","2","41.8677827465","-87.6789149823","POINT (-87.678914982294 41.867782746511)"
"0872ebc5d678ced2ebfe1c8856d6762dd9ca944747c93b9e0e456b537864a4a9ef234ba7fdb19145a8a2ac2ca06ee5401c7e647e8cc0412582082d31810b40ac",,"2026-02-20T15:27:00.000","30","NO CONTROLS","NO CONTROLS","CLEAR","DAYLIGHT","REAR END","UNKNOWN",,"STRAIGHT AND LEVEL","DRY","UNKNOWN","NOT ON SCENE (DESK REPORT)","NO INJURY / DRIVE AWAY",,,,"$501 - $1,500","2026-02-20T15:40:00.000","FOLLOWING TOO CLOSELY","UNABLE TO DETERMINE","1743","W","TAYLOR ST","1231",,,,,,,"2","NO INDICATION OF INJURY","0","0","0","0","0","2","0","15","6","2","41.8690901854","-87.6706774298","POINT (-87.670677429787 41.869090185447)"
"ba6e8c0c934de7b389698b7c982f54802377f5385416777ede8dcbcf9f714ffc2e45288e2d980d96d571e8528d1e20ec8bbf1ec1b2d96ac1c755bf336096d91b",,"2026-02-20T15:27:00.000","30","NO CONTROLS","NO CONTROLS","CLOUDY/OVERCAST","DUSK","PARKED MOTOR VEHICLE","FOUR WAY",,"STRAIGHT AND LEVEL","DRY","NO DEFECTS","ON SCENE","NO INJURY / DRIVE AWAY","Y",,,"$501 - $1,500","2026-02-20T15:27:00.000","OPERATING VEHICLE IN ERRATIC, RECKLESS, CARELESS, NEGLIGENT OR AGGRESSIVE MANNER","UNABLE TO DETERMINE","8550","S","ASHLAND AVE","614",,,,,,,"2","NO INDICATION OF INJURY","0","0","0","0","0","1","0","15","6","2","41.7379277748","-87.6632672802","POINT (-87.663267280207 41.737927774798)"
"3713c90b0efabb541cb16ecef86ba83c8ab5e3141a65d160740cd1e4363a47568585d3c5fc6cc0fdb1332e892d6b6190b8e1aefdb7a0ba207f82df57687c023a",,"2026-02-20T15:18:00.000","15","NO CONTROLS","NO CONTROLS","CLOUDY/OVERCAST","DAYLIGHT","PARKED MOTOR VEHICLE","OTHER",,"STRAIGHT AND LEVEL","DRY","NO DEFECTS","NOT ON SCENE (DESK REPORT)","NO INJURY / DRIVE AWAY",,"Y",,"OVER $1,500","2026-02-20T16:00:00.000","DRIVING SKILLS/KNOWLEDGE/EXPERIENCE","IMPROPER BACKING","4130","S","WESTERN AVE","921",,,,,,,"2","NO INDICATION OF INJURY","0","0","0","0","0","2","0","15","6","2","41.8183699062","-87.6848419261","POINT (-87.684841926062 41.818369906166)"
"48280292ffcf7744d7a4d01c57fde2bca51682842fccf2b674b6fc0725cd88ff8d57ee55f57631f468ec0085874237ea4ebb1beaee01e07838ac1096a67ec800",,"2026-02-20T15:10:00.000","30","NO CONTROLS","NO CONTROLS","CLEAR","DAYLIGHT","PARKED MOTOR VEHICLE","ONE-WAY",,"STRAIGHT AND LEVEL","DRY","NO DEFECTS","ON SCENE","NO INJURY / DRIVE AWAY",,,,"$501 - $1,500","2026-02-20T15:14:00.000","DRIVING SKILLS/KNOWLEDGE/EXPERIENCE","FOLLOWING TOO CLOSELY","4846","W","IOWA ST","1531",,,,,,,"2","NO INDICATION OF INJURY","0","0","0","0","0","1","0","15","6","2","41.896924871","-87.7477213438","POINT (-87.74772134378 41.896924870969)"
"b1347e2e2e93932f416fff92229f1742bfa79f01cb44cc1bf56af4d8ca493f4fcf80be484a1461e017fed329aec94dcb19a088c588b477a11f23d06c1a1ff5f6","Y","2026-02-20T15:05:00.000","30","NO CONTROLS","NO CONTROLS","CLEAR","DAYLIGHT","SIDESWIPE SAME DIRECTION","NOT DIVIDED",,"STRAIGHT AND LEVEL","DRY","NO DEFECTS","NOT ON SCENE (DESK REPORT)","NO INJURY / DRIVE AWAY",,,,"OVER $1,500","2026-02-24T15:45:00.000","DRIVING SKILLS/KNOWLEDGE/EXPERIENCE","FAILING TO YIELD RIGHT-OF-WAY","1150","W","WASHBURNE AVE","1232",,,,,,,"2","NO INDICATION OF INJURY","0","0","0","0","0","2","0","15","6","2","41.8662581562","-87.6561663076","POINT (-87.656166307555 41.866258156222)"
"d3d3a909fadf3038e5e3594e496575fe11a0aa7ac7a4ee8f85b66df1f2978b92f8854f8399b3de2a456b5e6f98db15bfe2a026f3c7a0eb5f6ec9c7fd79cd0de8",,"2026-02-20T15:05:00.000","35","NO CONTROLS","NO CONTROLS","CLEAR","DAYLIGHT","SIDESWIPE SAME DIRECTION","NOT DIVIDED",,"STRAIGHT AND LEVEL","DRY","UNKNOWN","ON SCENE","NO INJURY / DRIVE AWAY",,,,"$500 OR LESS","2026-02-20T15:16:00.000","IMPROPER OVERTAKING/PASSING","UNABLE TO DETERMINE","2049","W","CERMAK RD","1034",,,,,,,"2","NO INDICATION OF INJURY","0","0","0","0","0","7","0","15","6","2","41.852034692","-87.6777865229","POINT (-87.677786522866 41.852034692025)"
"994d0333275dafe78dc366f7ecef5629d5e5e71e4ebce719146441e18f5d33aff3a76f58d2493a8c1d8235576c3824c19cc205dac8ce0ced0c7d6155313e6999",,"2026-02-20T15:03:00.000","30","TRAFFIC SIGNAL","FUNCTIONING PROPERLY","OTHER","DAYLIGHT","SIDESWIPE OPPOSITE DIRECTION","FOUR WAY",,"STRAIGHT AND LEVEL","OTHER","UNKNOWN","ON SCENE","INJURY AND / OR TOW DUE TO CRASH","Y",,,"OVER $1,500","2026-02-20T15:03:00.000","FAILING TO YIELD RIGHT-OF-WAY","IMPROPER LANE USAGE","100","E","115TH ST","531",,"Y",,,,,"2","REPORTED, NOT EVIDENT","1","0","0","0","1","1","0","15","6","2","41.6854566643","-87.6206678832","POINT (-87.62066788318 41.685456664265)"
"32f87aba93ac3e3ce6f9e45c65f37f64019c77c049d05b4269f17fb3b458b20331997d0c241fe5bcae0b60c62b0ebcb1b601c39146fafdbca4f44396bfb66f3d",,"2026-02-20T15:00:00.000","30","TRAFFIC SIGNAL","FUNCTIONING PROPERLY","CLEAR","DAYLIGHT","ANGLE","FOUR WAY",,"STRAIGHT AND LEVEL","DRY","NO DEFECTS","ON SCENE","INJURY AND / OR TOW DUE TO CRASH","Y",,,"OVER $1,500","2026-02-20T15:30:00.000","FAILING TO YIELD RIGHT-OF-WAY","FAILING TO YIELD RIGHT-OF-WAY","2201","S","KOSTNER AVE","1013",,,,,,,"2","NO INDICATION OF INJURY","0","0","0","0","0","2","0","15","6","2","41.8513089597","-87.7343515887","POINT (-87.734351588658 41.851308959678)"
"5f3497492d0ca9d4da62f9e3e5663df3722eac5ac440aca25b0c4e643e93ebbafb0cbfe4f4ae45566dedad27412f7bb02bdc567ee9ee00f6ea74fc33b4653cea","Y","2026-02-20T15:00:00.000","30","NO CONTROLS","NO CONTROLS","CLOUDY/OVERCAST","UNKNOWN","SIDESWIPE SAME DIRECTION","NOT DIVIDED",,"STRAIGHT AND LEVEL","UNKNOWN","UNKNOWN","NOT ON SCENE (DESK REPORT)","NO INJURY / DRIVE AWAY",,,,"OVER $1,500","2026-02-21T13:00:00.000","UNABLE TO DETERMINE","NOT APPLICABLE","1100","W","WASHBURNE AVE","1232",,,,,,,"2","NO INDICATION OF INJURY","0","0","0","0","0","2","0","15","6","2","41.8661045306","-87.6542820276","POINT (-87.654282027628 41.866104530553)"
"ba09e2eeb33a08a01e2f935b0f4698322b359bd7f47728a4daa1f7af9b144a0ded6d9adc874790121deb3dc6f54a68d79e2a32049bb51cbd629580c9563f7143","Y","2026-02-20T15:00:00.000","30","TRAFFIC SIGNAL","FUNCTIONING PROPERLY","CLEAR","DAYLIGHT","SIDESWIPE SAME DIRECTION","NOT DIVIDED",,"STRAIGHT AND LEVEL","DRY","UNKNOWN","NOT ON SCENE (DESK REPORT)","NO INJURY / DRIVE AWAY",,,,"OVER $1,500","2026-02-20T18:00:00.000","IMPROPER OVERTAKING/PASSING","NOT APPLICABLE","800","E","55TH ST","233",,,,,,,"2","NO INDICATION OF INJURY","0","0","0","0","0","2","0","15","6","2","41.7950752068","-87.6060966093","POINT (-87.606096609283 41.795075206809)"
"ea5a007adfd7e6024af5f3a91bd8cb5506cfd9ee2d302064f907c6b7e07eac2f18633911a3f4e00b5890078d3f21a76d6b2d3700c11371a5ac6faabff550d878",,"2026-02-20T15:00:00.000","30","NO CONTROLS","NO CONTROLS","CLEAR","DUSK","PARKED MOTOR VEHICLE","NOT DIVIDED",,"STRAIGHT AND LEVEL","DRY","NO DEFECTS","NOT ON SCENE (DESK REPORT)","NO INJURY / DRIVE AWAY",,,"Y","$501 - $1,500","2026-02-20T17:54:00.000","NOT APPLICABLE","NOT APPLICABLE","4425","S","ARCHER AVE","821",,,,,,,"2","NO INDICATION OF INJURY","0","0","0","0","0","1","0","15","6","2","41.8127567547","-87.7061859953","POINT (-87.706185995281 41.81275675469)"
"ffe977bd783be9ea0b1c0eb99fc00624f260bf938ea5930b0ae13ac50063b2a66c2db644e0ef6ec03eb32f49895de5b9a57df7b69029b939d68f7e3a97f17727",,"2026-02-20T14:59:00.000","30","TRAFFIC SIGNAL","FUNCTIONING PROPERLY","CLOUDY/OVERCAST","DAYLIGHT","REAR END","FOUR WAY",,"STRAIGHT AND LEVEL","DRY","NO DEFECTS","ON SCENE","NO INJURY / DRIVE AWAY",,,,"OVER $1,500","2026-02-20T15:59:00.000","FAILING TO REDUCE SPEED TO AVOID CRASH","DRIVING SKILLS/KNOWLEDGE/EXPERIENCE","1339","W","69TH ST","734",,,,,,,"2","NO INDICATION OF INJURY","0","0","0","0","0","2","0","14","6","2","41.7685266673","-87.6581610456","POINT (-87.65816104555 41.768526667342)"
"d60829566425766180abf35569bedd2b99634107dc2cd0391688900bee1d4cd1d9ecf8c3db08486558420f090083d3f62150dfdc5d6a895260541d0764ea3bdf",,"2026-02-20T14:57:00.000","30","STOP SIGN/FLASHER","FUNCTIONING PROPERLY","CLEAR","DAYLIGHT","ANGLE","FOUR WAY",,"STRAIGHT AND LEVEL","DRY","NO DEFECTS","ON SCENE","NO INJURY / DRIVE AWAY","Y",,,"OVER $1,500","2026-02-20T14:57:00.000","FAILING TO YIELD RIGHT-OF-WAY","UNABLE TO DETERMINE","1","S","PEORIA ST","1232",,,,,,,"2","NO INDICATION OF INJURY","0","0","0","0","0","3","0","14","6","2","41.8816755898","-87.6495489544","POINT (-87.649548954424 41.881675589757)"
"76ab15ae0a12bf00cca4d2c99010e741b6833da5b4a2a8661595871ed8cd190b1c9b5a7412dd8ebdbcc4d1508a904a3805d20b2be9778d5ae56c1c872e4d2e63",,"2026-02-20T14:55:00.000","30","STOP SIGN/FLASHER","NO CONTROLS","CLOUDY/OVERCAST","DAYLIGHT","ANGLE","NOT DIVIDED",,"STRAIGHT AND LEVEL","DRY","NO DEFECTS","ON SCENE","INJURY AND / OR TOW DUE TO CRASH","Y",,,"OVER $1,500","2026-02-20T15:06:00.000","FAILING TO YIELD RIGHT-OF-WAY","NOT APPLICABLE","4433","W","59TH ST","813",,,,,,,"2","NONINCAPACITATING INJURY","2","0","0","2","0","0","0","14","6","2","41.7857114103","-87.7340284081","POINT (-87.734028408101 41.78571141028)"
"ef371d24eeed6ee99f5c39708e65d47950ea1d3cb04e38c1a8ee9f0278b96224eaf7cecb78af7c3943ec39ecfd5fc63611245225bffa511f83d1f34f7e1e8306",,"2026-02-20T14:50:00.000","30","NO CONTROLS","NO CONTROLS","CLEAR","DAYLIGHT","PARKED MOTOR VEHICLE","NOT DIVIDED",,"STRAIGHT AND LEVEL","DRY","NO DEFECTS","NOT ON SCENE (DESK REPORT)","NO INJURY / DRIVE AWAY",,,,"$501 - $1,500","2026-02-27T17:54:00.000","IMPROPER TURNING/NO SIGNAL","NOT APPLICABLE","6112","W","FULLERTON AVE","2512",,,,,,,"2","NO INDICATION OF INJURY","0","0","0","0","0","1","0","14","6","2","41.9238906218","-87.7786767799","POINT (-87.778676779861 41.923890621816)"
"f304cd9fb6fd50ef41888d82e6e6fd76b1269f628f3b5268e738224e6f82924c40f830501ce6d8295b579f479e9e10cf4fab907a3013af1f8b54b90a676bf6e9",,"2026-02-20T14:45:00.000","30","UNKNOWN","UNKNOWN","UNKNOWN","UNKNOWN","ANGLE","UNKNOWN",,"STRAIGHT AND LEVEL","UNKNOWN","UNKNOWN","NOT ON SCENE (DESK REPORT)","NO INJURY / DRIVE AWAY",,,,"OVER $1,500","2026-02-20T15:50:00.000","UNABLE TO DETERMINE","NOT APPLICABLE","4632","N","MELVINA AVE","1622",,,,,,,"2","NO INDICATION OF INJURY","0","0","0","0","0","2","0","14","6","2","41.9657471769","-87.7821171086","POINT (-87.78211710855 41.965747176873)"
"84dec756d49ede7160f3120e049ef424d27e1485bd7c5a6a66d20b7fe207ca8c926084cd3a3681aa2dd8e852098c95165683ad61ff39de26edcb9670c993dab5",,"2026-02-20T14:40:00.000","30","NO CONTROLS","NO CONTROLS","CLEAR","DAYLIGHT","REAR TO SIDE","PARKING LOT",,"STRAIGHT AND LEVEL","DRY","UNKNOWN","NOT ON SCENE (DESK REPORT)","NO INJURY / DRIVE AWAY",,"Y",,"OVER $1,500","2026-02-20T19:30:00.000","NOT APPLICABLE","NOT APPLICABLE","2302","W","95TH ST","2221",,,,,,,"2","NO INDICATION OF INJURY","0","0","0","0","0","2","0","14","6","2","41.721082954","-87.6797806761","POINT (-87.679780676097 41.72108295396)"
"2b45806eb645de5afb942fd5a27f6949d1f03e3def3c53cda9808f83d9ab6d8dc05f1fe239e678f9d117edcbbf51875ef4a4fed5f977f4329d0b3f943f7d1235",,"2026-02-20T14:30:00.000","20","NO CONTROLS","NO CONTROLS","CLEAR","DAYLIGHT","SIDESWIPE SAME DIRECTION","PARKING LOT",,"STRAIGHT AND LEVEL","DRY","UNKNOWN","NOT ON SCENE (DESK REPORT)","NO INJURY / DRIVE AWAY",,,,"$500 OR LESS","2026-02-20T17:03:00.000","UNABLE TO DETERMINE","UNABLE TO DETERMINE","4725","S","KEDZIE AVE","922",,,,,,,"2","NO INDICATION OF INJURY","0","0","0","0","0","2","0","14","6","2","41.8074189209","-87.7038097374","POINT (-87.703809737396 41.807418920903)"
"2cea274c598e1a11f61af50fbf3727c28246f8621b48682565090d218e74662f41db43c5ab6f2bd42e4c1701833630b09c6b6b1d3ab1c09750a7f6630451ce54",,"2026-02-20T14:30:00.000","10","NO CONTROLS","NO CONTROLS","CLOUDY/OVERCAST","DAYLIGHT","ANGLE","PARKING LOT",,"STRAIGHT AND LEVEL","DRY","NO DEFECTS","NOT ON SCENE (DESK REPORT)","NO INJURY / DRIVE AWAY",,"Y",,"OVER $1,500","2026-02-20T15:00:00.000","IMPROPER BACKING","UNABLE TO DETERMINE","5440","W","MADISON ST","1522",,,,,,,"2","NO INDICATION OF INJURY","0","0","0","0","0","2","0","14","6","2","41.8803964701","-87.7618115718","POINT (-87.761811571834 41.880396470091)"
"be0caf0157f8802ce02591c446a4dc14ae4cdac50995d25bc75c4e746096576b50f5e39485582fe2ca8059a1ec86e40a9d6225b6c5450e0cdede40e9161a1616",,"2026-02-20T14:30:00.000","25","STOP SIGN/FLASHER","FUNCTIONING PROPERLY","CLOUDY/OVERCAST","DAYLIGHT","ANGLE","FOUR WAY",,"STRAIGHT AND LEVEL","UNKNOWN","UNKNOWN","ON SCENE","NO INJURY / DRIVE AWAY","Y",,,"OVER $1,500","2026-02-20T15:06:00.000","UNABLE TO DETERMINE","UNABLE TO DETERMINE","6500","N","MAPLEWOOD AVE","2412",,,,,,,"2","NO INDICATION OF INJURY","0","0","0","0","0","2","0","14","6","2","41.999569037","-87.6937428118","POINT (-87.693742811785 41.999569037032)"
"c69d55b0f099649fe6976f487d5d51f249c8e4e908197ae2cb6fbae47c365f063f6c99808f6a772c06b8218a3ca3236ff93194a1c627dad3a3fdce4c09d724d8",,"2026-02-20T14:30:00.000","30","STOP SIGN/FLASHER","FUNCTIONING PROPERLY","CLEAR","DAYLIGHT","REAR END","ONE-WAY",,"STRAIGHT AND LEVEL","DRY","NO DEFECTS","NOT ON SCENE (DESK REPORT)","NO INJURY / DRIVE AWAY",,,,"$501 - $1,500","2026-02-20T15:29:00.000","NOT APPLICABLE","NOT APPLICABLE","5900","S","KOMENSKY AVE","813",,,,,,,"2","NO INDICATION OF INJURY","0","0","0","0","0","3","0","14","6","2","41.785831418","-87.7243315103","POINT (-87.724331510283 41.785831417968)"