"crash_record_id","crash_date_est_i","crash_date","posted_speed_limit","traffic_control_device","device_condition","weather_condition","lighting_condition","first_crash_type","trafficway_type","lane_cnt","alignment","roadway_surface_cond","road_defect","report_type","crash_type","intersection_related_i","private_property_i","hit_and_run_i","damage","date_police_notified","prim_contributory_cause","sec_contributory_cause","street_no","street_direction","street_name","beat_of_occurrence","photos_taken_i","statements_taken_i","dooring_i","work_zone_i","work_zone_type","workers_present_i","num_units","most_severe_injury","injuries_total","injuries_fatal","injuries_incapacitating","injuries_non_incapacitating","injuries_reported_not_evident","injuries_no_indication","injuries_unknown","crash_hour","crash_day_of_week","crash_month","latitude","longitude","location"
"259a46725d446431c0abac2a596be43486480f956180ff6404f906f9a6fbf6f8cf22c33af505e520dfbae22436dcae04afe9a6925240d95584f62900be41ffe0",,"2026-02-20T14:29:00.000","10","NO CONTROLS","NO CONTROLS","CLOUDY/OVERCAST","DAYLIGHT","PARKED MOTOR VEHICLE","ONE-WAY",,"STRAIGHT AND LEVEL","DRY","NO DEFECTS","NOT ON SCENE (DESK REPORT)","NO INJURY / DRIVE AWAY",,,"Y","OVER $1,500","2026-02-21T13:58:00.000","UNABLE TO DETERMINE","NOT APPLICABLE","206","N","KILBOURN AVE","1113",,,,,,,"2","NO INDICATION OF INJURY","0","0","0","0","0","1","0","14","6","2","41.883488851","-87.7381689307","POINT (-87.738168930739 41.883488850961)"
"d008cce25d3e7e600674a1002dbbdba2f3d8942e0e8ad67f0d816d3ae9425eaf8651201d857a2248ed8c95fea95b58a696be7ddfcb816f7691eb9f77ea015143",,"2026-02-20T14:15:00.000","25","NO CONTROLS","NO CONTROLS","CLEAR","DAYLIGHT","REAR TO FRONT","OTHER",,"STRAIGHT AND LEVEL","DRY","UNKNOWN","NOT ON SCENE (DESK REPORT)","NO INJURY / DRIVE AWAY",,,,"OVER $1,500","2026-02-20T14:46:00.000","IMPROPER BACKING","NOT APPLICABLE","2420","S","SPAULDING AVE","1024",,,,,,,"2","NO INDICATION OF INJURY","0","0","0","0","0","2","0","14","6","2","41.8474532852","-87.7077093419","POINT (-87.707709341887 41.847453285221)"
"37f4d0278371628054b8bcd632f0717130d1d68931e831f4af35ddaeb34b16d30105dfb0c2078507026bf9f8531ef9d03c40efcba81e03ce8c22b25cbd4f459b",,"2026-02-20T14:00:00.000","30","NO CONTROLS","NO CONTROLS","CLEAR","DAYLIGHT","PEDESTRIAN","NOT DIVIDED",,"STRAIGHT AND LEVEL","DRY","NO DEFECTS",,"INJURY AND / OR TOW DUE TO CRASH",,,"Y","$500 OR LESS","2026-02-20T14:00:00.000","UNABLE TO DETERMINE","UNABLE TO DETERMINE","2932","W","WILSON AVE","1713","Y",,,,,,"2","INCAPACITATING INJURY","1","0","1","0","0","1","0","14","6","2","41.9648562271","-87.7023812023","POINT (-87.702381202303 41.964856227094)"
"54ba89bea48ee14ca53080e0e71d2dd7ab9ff799b0e9507a82b1b6e59019529d2556a55b6d7eccf329ff2b672d32b4667ad13104d9c4449d0f0526064bdfb184",,"2026-02-20T14:00:00.000","30","NO CONTROLS","NO CONTROLS","CLEAR","DAYLIGHT","PARKED MOTOR VEHICLE","NOT DIVIDED",,"STRAIGHT AND LEVEL","DRY","NO DEFECTS","NOT ON SCENE (DESK REPORT)","NO INJURY / DRIVE AWAY",,,,"$500 OR LESS","2026-02-20T16:15:00.000","FAILING TO YIELD RIGHT-OF-WAY","FAILING TO YIELD RIGHT-OF-WAY","5243","S","TROY ST","923",,,,,,,"2","NO INDICATION OF INJURY","0","0","0","0","0","2","0","14","6","2","41.7977969322","-87.7023112845","POINT (-87.702311284534 41.797796932161)"
"89323492eb1a4b5aacf5f4e27d989e0fc658b6733feac0ff72f99bdc7d79aac63a17f866a8d3476a8bcc24ab3842a8a7119ab6ffc705a9e1e3b43d5d3c5f7e1a",,"2026-02-20T14:00:00.000","30","UNKNOWN","UNKNOWN","CLOUDY/OVERCAST","DAYLIGHT","SIDESWIPE SAME DIRECTION","NOT DIVIDED",,"STRAIGHT AND LEVEL","UNKNOWN","UNKNOWN","NOT ON SCENE (DESK REPORT)","NO INJURY / DRIVE AWAY",,,,"OVER $1,500","2026-02-20T17:20:00.000","UNABLE TO DETERMINE","UNABLE TO DETERMINE","1043","W","GRAND AVE","1214",,,,,,,"2","NO INDICATION OF INJURY","0","0","0","0","0","2","0","14","6","2","41.8910060996","-87.6539563719","POINT (-87.65395637191 41.89100609959)"
"afacf093136e0a02e1685a8a706703956881f26f43785a63984bf60a6ef5e43bfdf366683ea6edf98c49626afb2d65df4e51adc90a79eeb5e43224595903c0c0",,"2026-02-20T14:00:00.000","30","STOP SIGN/FLASHER","NO CONTROLS","CLEAR","DAYLIGHT","ANGLE","ALLEY",,"STRAIGHT AND LEVEL","DRY","UNKNOWN",,"INJURY AND / OR TOW DUE TO CRASH",,,,"OVER $1,500","2026-02-20T17:15:00.000","FAILING TO YIELD RIGHT-OF-WAY","UNABLE TO DETERMINE","1043","W","TAYLOR ST","1232",,,,,,,"3","NO INDICATION OF INJURY","0","0","0","0","0","2","0","14","6","2","41.8693701365","-87.6528551252","POINT (-87.652855125187 41.86937013647)"
"b9a44ee454927ee0b09889f130841fe313ae830bca0fc863928b1ed1a0ae0139d5d53cdf38d087f8a4c894554b1801cbf81ceb3e2186a207f154c05f6d6e1fe5",,"2026-02-20T13:55:00.000","25","NO CONTROLS","NO CONTROLS","CLEAR","DAYLIGHT","PARKED MOTOR VEHICLE","OTHER",,"STRAIGHT AND LEVEL","DRY","NO DEFECTS","NOT ON SCENE (DESK REPORT)","NO INJURY / DRIVE AWAY",,,,"OVER $1,500","2026-02-20T15:40:00.000","DRIVING SKILLS/KNOWLEDGE/EXPERIENCE","NOT APPLICABLE","4500","S","DAMEN AVE","924",,,,,,,"2","NO INDICATION OF INJURY","0","0","0","0","0","1","0","13","6","2","41.8108358849","-87.6754111442","POINT (-87.675411144216 41.810835884894)"
"d702c033bf763a4eecaf20752538f07f2db17a0ffc3cfc10b4ff63219864c0bf2488dac1dfae86509eabfbd00cf6fa8a7e1e2ccef10afabdaa514ef28d14f944",,"2026-02-20T13:54:00.000","30","NO CONTROLS","NO CONTROLS","CLEAR","DAYLIGHT","TURNING","NOT DIVIDED",,"STRAIGHT AND LEVEL","DRY","NO DEFECTS","NOT ON SCENE (DESK REPORT)","NO INJURY / DRIVE AWAY",,,"Y","OVER $1,500","2026-02-20T14:12:00.000","IMPROPER TURNING/NO SIGNAL","UNABLE TO DETERMINE","8300","S","MARSHFIELD AVE","614",,,,,,,"2","NO INDICATION OF INJURY","0","0","0","0","0","2","0","13","6","2","41.742962324","-87.6646109762","POINT (-87.664610976171 41.742962323977)"
"cbcad057716cdd605e17e2bede6ea4084825f25f2259ac3e4afacc37bb5ce9327928b737bb0fb27e37fcb8924188176b1c57b9ee471242dc76b75752fc9f6c60",,"2026-02-20T13:42:00.000","30","NO CONTROLS","NO CONTROLS","CLEAR","DAYLIGHT","SIDESWIPE SAME DIRECTION","DIVIDED - W/MEDIAN (NOT RAISED)",,"STRAIGHT AND LEVEL","DRY","NO DEFECTS","NOT ON SCENE (DESK REPORT)","NO INJURY / DRIVE AWAY",,,,"$501 - $1,500","2026-02-23T10:45:00.000","IMPROPER OVERTAKING/PASSING","NOT APPLICABLE","3753","W","FULLERTON AVE","2525",,,,,,,"2","NO INDICATION OF INJURY","0","0","0","0","0","2","0","13","6","2","41.9244367954","-87.7215822448","POINT (-87.721582244786 41.924436795376)"
"3b33047a9a1265d2b9587bb701f2ca24b1526916bebb5f84e48e9e1f2ce61d3e4866bd7723e7a325704bc68404eb2dad833295ce5b4607693e444f6288d42a47",,"2026-02-20T13:33:00.000","25","NO CONTROLS","NO CONTROLS","CLEAR","DAYLIGHT","PEDALCYCLIST","NOT DIVIDED",,"STRAIGHT AND LEVEL","DRY","NO DEFECTS","ON SCENE","INJURY AND / OR TOW DUE TO CRASH",,,,"$501 - $1,500","2026-02-20T13:33:00.000","NOT APPLICABLE","NOT APPLICABLE","2918","E","91ST ST","423",,,,,,,"2","INCAPACITATING INJURY","1","0","1","0","0","1","0","13","6","2","41.7301616084","-87.5531542157","POINT (-87.553154215662 41.730161608438)"
"1ad161688cf805a5ae80c3347aacabdb24bbae8d38c8b230f2e29a0e072b357de580c1db3d224fcfb4884ee3e94a20a7712b21ea428a04a9af73826e7e59c964",,"2026-02-20T13:30:00.000","30","TRAFFIC SIGNAL","FUNCTIONING PROPERLY","CLEAR","DAYLIGHT","ANGLE","DIVIDED - W/MEDIAN BARRIER",,"STRAIGHT AND LEVEL","DRY","NO DEFECTS","NOT ON SCENE (DESK REPORT)","NO INJURY / DRIVE AWAY",,,"Y","OVER $1,500","2026-02-20T13:40:00.000","FAILING TO YIELD RIGHT-OF-WAY","FAILING TO YIELD RIGHT-OF-WAY","12001","S","HALSTED ST","523",,,,,,,"2","NO INDICATION OF INJURY","0","0","0","0","0","3","0","13","6","2","41.675902066","-87.6416980463","POINT (-87.641698046282 41.675902066048)"
"857ad09238f5f9ac3c8e3c7f8cbd2306234fd9cbab2bd7be0cdb882ab20360368ae541952fbb2eaf848755ea4394759b8965ac5d48c612e86fbe4e0b674f615a",,"2026-02-20T13:30:00.000","15","NO CONTROLS","NO CONTROLS","CLEAR","DAYLIGHT","REAR TO SIDE","PARKING LOT",,"STRAIGHT AND LEVEL","DRY","NO DEFECTS","NOT ON SCENE (DESK REPORT)","NO INJURY / DRIVE AWAY",,"N",,"OVER $1,500","2026-02-20T13:40:00.000","UNABLE TO DETERMINE","NOT APPLICABLE","7908","S","HALSTED ST","621",,,,,,,"2","NO INDICATION OF INJURY","0","0","0","0","0","2","0","13","6","2","41.7503223874","-87.6441824061","POINT (-87.644182406058 41.750322387408)"
"16346ef57ac97aa3cf53ff7dc171a7567012bbd1da629ab269110eef14c460cd87075815ddcf7b244e9c6e930eb64b4a27ee613afdae74011399f638ccbed2d4",,"2026-02-20T13:20:00.000","30","NO CONTROLS","NO CONTROLS","CLEAR","DAYLIGHT","PARKED MOTOR VEHICLE","NOT DIVIDED",,"STRAIGHT AND LEVEL","DRY","NO DEFECTS","NOT ON SCENE (DESK REPORT)","NO INJURY / DRIVE AWAY",,,,"OVER $1,500","2026-02-20T17:00:00.000","UNABLE TO DETERMINE","NOT APPLICABLE","3807","N","CLAREMONT AVE","1921",,,,,,,"2","NO INDICATION OF INJURY","0","0","0","0","0","1","0","13","6","2","41.9506607531","-87.6870095393","POINT (-87.687009539307 41.950660753066)"
"153082dd84b9bb25767ec087eed7ed6d7f0fbcfc18a51c10f1ecbed50eb0fc85aa11eb5201d8caf2beb843f91239655810cdbdd0e0106c9419d55a92250459e4",,"2026-02-20T13:15:00.000","30","TRAFFIC SIGNAL","FUNCTIONING PROPERLY","CLEAR","DAYLIGHT","REAR END","DIVIDED - W/MEDIAN BARRIER",,"STRAIGHT AND LEVEL","DRY","UNKNOWN","ON SCENE","NO INJURY / DRIVE AWAY","Y",,,"$500 OR LESS","2026-02-20T13:15:00.000","UNABLE TO DETERMINE","UNABLE TO DETERMINE","2201","W","95TH ST","2213",,,,,,,"2","NO INDICATION OF INJURY","0","0","0","0","0","2","0","13","6","2","41.7208999211","-87.677276748","POINT (-87.677276748015 41.720899921062)"
"8d1070f0fbd502e53bcac5152596d56ca73627c7d270f05c8f6e4d53f77e9e764fdd609f2632d39b00b5d90a894bedfd52499b0e2a2f684298a4051fd4dee9f1",,"2026-02-20T13:13:00.000","30","NO CONTROLS","NO CONTROLS","CLOUDY/OVERCAST","DAYLIGHT","PARKED MOTOR VEHICLE","DIVIDED - W/MEDIAN (NOT RAISED)",,"STRAIGHT AND LEVEL","DRY","NO DEFECTS","ON SCENE","NO INJURY / DRIVE AWAY",,,,"OVER $1,500","2026-02-20T13:54:00.000","IMPROPER LANE USAGE","UNABLE TO DETERMINE","4211","N","CICERO AVE","1722",,,,,,,"2","NO INDICATION OF INJURY","0","0","0","0","0","2","0","13","6","2","41.9574350571","-87.7472803974","POINT (-87.747280397358 41.957435057144)"
"462afbb8e38f25485c348ffa8973f874ec3c8a84cd183d5ae2f43a9eb1127bc40383a7848ae5f91a8f1bf44ee41b283ea17cfc2782e018f08d4dc95ed68be35e",,"2026-02-20T13:00:00.000","30","NO CONTROLS","NO CONTROLS","CLEAR","DAYLIGHT","SIDESWIPE SAME DIRECTION","NOT DIVIDED",,"STRAIGHT AND LEVEL","DRY","NO DEFECTS","NOT ON SCENE (DESK REPORT)","NO INJURY / DRIVE AWAY",,,"Y","$501 - $1,500","2026-02-21T08:45:00.000","FAILING TO YIELD RIGHT-OF-WAY","NOT APPLICABLE","3993","N","CENTRAL AVE","1633",,,,,,,"2","NO INDICATION OF INJURY","0","0","0","0","0","2","0","13","6","2","41.9531402807","-87.7668509328","POINT (-87.766850932829 41.95314028072)"
"d6ff55ff84b9b0a7654285c94af337491957cc01c0b2009f5a15f5278414656dc6017bc42256211b965baf5872105977ea2183c3e57c90cf3da51fdc8c17c8a8",,"2026-02-20T13:00:00.000","30","NO CONTROLS","NO CONTROLS","CLEAR","DAYLIGHT","PARKED MOTOR VEHICLE","NOT DIVIDED",,"STRAIGHT AND LEVEL","DRY","NO DEFECTS","NOT ON SCENE (DESK REPORT)","NO INJURY / DRIVE AWAY",,,,"$501 - $1,500","2026-02-20T13:30:00.000","IMPROPER OVERTAKING/PASSING","UNABLE TO DETERMINE","5608","W","WASHINGTON BLVD","1512",,,,,,,"2","NO INDICATION OF INJURY","0","0","0","0","0","1","0","13","6","2","41.8823494369","-87.7653409209","POINT (-87.765340920918 41.882349436863)"
"dcb7737913169593f55b87645adc195e6a82b576fbc813b4f195cffc891c07eee018cd7a7768969e04f5b155213eece6eb7ec000a48214d4d745927fcf245239",,"2026-02-20T13:00:00.000","30","NO CONTROLS","NO CONTROLS","CLEAR","DAYLIGHT","SIDESWIPE SAME DIRECTION","DIVIDED - W/MEDIAN BARRIER",,"STRAIGHT AND LEVEL","DRY","NO DEFECTS","ON SCENE","NO INJURY / DRIVE AWAY",,,"Y","$500 OR LESS","2026-02-20T15:18:00.000","FAILING TO REDUCE SPEED TO AVOID CRASH","IMPROPER OVERTAKING/PASSING","1612","W","95TH ST","2221",,,,,,,"2","NO INDICATION OF INJURY","0","0","0","0","0","2","0","13","6","2","41.7213135219","-87.6633122707","POINT (-87.663312270671 41.721313521919)"
"a924bf04fa84ba2b24e013cb2dc61c2584c761059714c637c5d61ef537947850185f2ea0e5247baf089d1c7cd7048fff5ba89b947b22f28abb079f82e8b59213",,"2026-02-20T12:57:00.000","30","NO CONTROLS","NO CONTROLS","CLEAR","DARKNESS, LIGHTED ROAD","PARKED MOTOR VEHICLE","DIVIDED - W/MEDIAN BARRIER",,"STRAIGHT AND LEVEL","DRY","NO DEFECTS","ON SCENE","NO INJURY / DRIVE AWAY",,,,"OVER $1,500","2026-02-20T15:30:00.000","UNABLE TO DETERMINE","NOT APPLICABLE","233","S","LOWER WACKER DR","122",,,,,,,"2","NO INDICATION OF INJURY","0","0","0","0","0","1","0","12","6","2","41.8785600753","-87.6364871464","POINT (-87.636487146353 41.878560075262)"
"4f041c53aca75659d03455693ed141c2c0b7a13c2b534b07469c559b8a8b80f00f7b5c35d87c7f9a125d48c40feb492f409f79dfba06819887e7bcaa91d3a086",,"2026-02-20T12:55:00.000","30","NO CONTROLS","NO CONTROLS","CLOUDY/OVERCAST","DAYLIGHT","REAR END","DIVIDED - W/MEDIAN (NOT RAISED)",,"STRAIGHT AND LEVEL","DRY","NO DEFECTS","ON SCENE","NO INJURY / DRIVE AWAY",,,"Y","OVER $1,500","2026-02-20T12:58:00.000","DRIVING SKILLS/KNOWLEDGE/EXPERIENCE","UNABLE TO DETERMINE","1720","N","WESTERN AVE","1434",,,,,,,"2","NO INDICATION OF INJURY","0","0","0","0","0","2","0","12","6","2","41.9127751877","-87.6874314384","POINT (-87.687431438404 41.912775187689)"
"910c20b0c67af42ce2099883ded1f06eecbce1c0ae8815c7db99d24926c2aabaf53638505508598517d53e50beaf60ca36a97f61a674564a8abc2f733f7b9a68",,"2026-02-20T12:51:00.000","30","NO CONTROLS","NO CONTROLS","CLEAR","DAYLIGHT","PARKED MOTOR VEHICLE","ONE-WAY",,"STRAIGHT AND LEVEL","DRY","NO DEFECTS","ON SCENE","INJURY AND / OR TOW DUE TO CRASH",,,"Y","OVER $1,500","2026-02-20T12:51:00.000","NOT APPLICABLE","NOT APPLICABLE","4251","W","MONROE ST","1115",,,,,,,"2","NO INDICATION OF INJURY","0","0","0","0","0","1","0","12","6","2","41.8795677759","-87.7325631181","POINT (-87.732563118149 41.879567775885)"
"09941f25afb3dc80903b804db96d4c8dd6a3e6243c5614881b7b57fa9e2165e81fc3aac3f13b392698b8fa06a4c3bcbf67058a94423cdc1ee7eda26002da6a64",,"2026-02-20T12:50:00.000","30","NO CONTROLS","NO CONTROLS","CLEAR","DAYLIGHT","TURNING","DIVIDED - W/MEDIAN (NOT RAISED)",,"STRAIGHT AND LEVEL","DRY","UNKNOWN","ON SCENE","NO INJURY / DRIVE AWAY","Y",,,"OVER $1,500","2026-02-20T13:00:00.000","UNABLE TO DETERMINE","UNABLE TO DETERMINE","4100","S","CICERO AVE","814",,,,,,,"2","NO INDICATION OF INJURY","0","0","0","0","0","2","0","12","6","2","41.8181780969","-87.7436118562","POINT (-87.743611856242 41.818178096923)"
"38a0dac1ca7b1a434a59179ef69b986fe6582d1a5b36139c97cf1954960a58eb003ecade36f3ea5f9551f596262cd8a114527a5327981756a161ecf8e3c9994c",,"2026-02-20T12:50:00.000","15","NO CONTROLS","NO CONTROLS","CLEAR","DAYLIGHT","PARKED MOTOR VEHICLE","NOT DIVIDED",,"STRAIGHT AND LEVEL","DRY","NO DEFECTS","NOT ON SCENE (DESK REPORT)","NO INJURY / DRIVE AWAY",,,,"OVER $1,500","2026-02-20T19:20:00.000","UNABLE TO DETERMINE","UNABLE TO DETERMINE","723","S","ALBANY AVE","1134",,,,,,,"2","NO INDICATION OF INJURY","0","0","0","0","0","1","0","12","6","2","41.8720081342","-87.7032623852","POINT (-87.703262385235 41.872008134181)"
"dc53244ef65e18d40f8d5802518cc72150dbff57a4bca9633124722de35457e690db77927d97122a39e6569b46e30da8ec3aba35aca8029c0e97fda4eb0753a9",,"2026-02-20T12:50:00.000","10","NO CONTROLS","NO CONTROLS","UNKNOWN","UNKNOWN","PARKED MOTOR VEHICLE","PARKING LOT",,"STRAIGHT AND LEVEL","UNKNOWN","UNKNOWN","NOT ON SCENE (DESK REPORT)","NO INJURY / DRIVE AWAY",,,"Y","$501 - $1,500","2026-02-23T17:15:00.000","UNABLE TO DETERMINE","NOT APPLICABLE","3258","W","111TH ST","2211",,,,,,,"2","NO INDICATION OF INJURY","0","0","0","0","0","2","0","12","6","2","41.6916427979","-87.7031778987","POINT (-87.703177898661 41.691642797914)"
"4b99facfe172e57c34a2bbfbe0c62f5614c7a84c0bdfbea292b7efa9f5d5a3f18ef10e4ca2f5ead4c89aca0740467ae192cbf127f02dc9cb5bb34d13acbb6ccc",,"2026-02-20T12:36:00.000","30","UNKNOWN","UNKNOWN","UNKNOWN","UNKNOWN","REAR END","NOT DIVIDED",,"STRAIGHT AND LEVEL","UNKNOWN","UNKNOWN","NOT ON SCENE (DESK REPORT)","NO INJURY / DRIVE AWAY",,,,"OVER $1,500","2026-02-20T15:40:00.000","IMPROPER BACKING","NOT APPLICABLE","2420","N","NARRAGANSETT AVE","2512",,,,,,,"2","NO INDICATION OF INJURY","0","0","0","0","0","2","0","12","6","2","41.9244097248","-87.7856148225","POINT (-87.785614822536 41.924409724794)"
"1b8c234558d6f4f6304b48ef236a725de7833346cb031832d0143cf70f86d4f357324d0be75795e0d4bf291eda75cdcb63fd804592b79d836b5d547b36dc41e4",,"2026-02-20T12:30:00.000","25","UNKNOWN","UNKNOWN","UNKNOWN","UNKNOWN","SIDESWIPE SAME DIRECTION","NOT DIVIDED",,"STRAIGHT AND LEVEL","UNKNOWN","UNKNOWN","NOT ON SCENE (DESK REPORT)","NO INJURY / DRIVE AWAY",,,,"OVER $1,500","2026-02-20T13:41:00.000","NOT APPLICABLE","NOT APPLICABLE","835","N","MICHIGAN AVE","1833",,,,,,,"2","NO INDICATION OF INJURY","0","0","0","0","0","2","0","12","6","2","41.8977408563","-87.623961316","POINT (-87.623961315982 41.897740856253)"
"fb26136f1432f3ab0e6518a21b0850270a6d6e95ef405f58f015b59e8e12a5d822464274a554d5ac90a220d3c195ec9e8f45ce7683953b0c0915a57c23ca54ee","Y","2026-02-20T12:30:00.000","10","NO CONTROLS","NO CONTROLS","CLOUDY/OVERCAST","DAYLIGHT","PARKED MOTOR VEHICLE","PARKING LOT",,"STRAIGHT AND LEVEL","UNKNOWN","UNKNOWN","NOT ON SCENE (DESK REPORT)","NO INJURY / DRIVE AWAY",,,"Y","OVER $1,500","2026-02-20T13:15:00.000","UNABLE TO DETERMINE","NOT APPLICABLE","4741","W","FULLERTON AVE","2522",,,,,,,"2","NO INDICATION OF INJURY","0","0","0","0","0","1","0","12","6","2","41.924140635","-87.7455293386","POINT (-87.74552933865 41.924140634977)"
"c708cefddebe06fe1d88480d9646dc6dfb5de4f403b6c76f94ad67d808de6c7c3f62d1a841178aecbc99e3a1f07c0266f263e1d2bddf039e4befcf3f51fe6461",,"2026-02-20T12:19:00.000","30","UNKNOWN","UNKNOWN","UNKNOWN","UNKNOWN","PARKED MOTOR VEHICLE","DIVIDED - W/MEDIAN BARRIER",,"STRAIGHT AND LEVEL","UNKNOWN","UNKNOWN","NOT ON SCENE (DESK REPORT)","NO INJURY / DRIVE AWAY","Y",,,"OVER $1,500","2026-02-20T13:28:00.000","IMPROPER BACKING","DRIVING SKILLS/KNOWLEDGE/EXPERIENCE","345","E","RANDOLPH ST","114",,,,,,,"2","NO INDICATION OF INJURY","0","0","0","0","0","2","0","12","6","2","41.8842279537","-87.6190894587","POINT (-87.619089458746 41.884227953709)"
"385e28727bec1aa5d282d803806dcf011bf147012c5ab1bdfd4182891119bdf07e42bf110870911e2d8b5c62435e93761cc1ff2547d608a7c83c6aeee6101639",,"2026-02-20T12:05:00.000","30","UNKNOWN","UNKNOWN","CLOUDY/OVERCAST","DAYLIGHT","PARKED MOTOR VEHICLE","PARKING LOT",,"STRAIGHT AND LEVEL","WET","UNKNOWN",,"NO INJURY / DRIVE AWAY",,"Y","Y","OVER $1,500","2026-02-20T12:05:00.000","NOT APPLICABLE","NOT APPLICABLE","4338","W","NORTH AVE","2534",,,,,,,"2","NO INDICATION OF INJURY","0","0","0","0","0","1","0","12","6","2","41.9098808681","-87.7351582004","POINT (-87.735158200369 41.909880868056)"
"84c3fbe52ea7ca9512f92663c08a73ea6331bbf7964482cfa80d18e1e2d291f51a5f47b7909ecab77d95353a622d60c3822fc5bdb336fbaebf30e4b3a3a9461e",,"2026-02-20T12:05:00.000","30","TRAFFIC SIGNAL","FUNCTIONING PROPERLY","CLEAR","DAYLIGHT","REAR END","ONE-WAY",,"STRAIGHT AND LEVEL","DRY","NO DEFECTS","NOT ON SCENE (DESK REPORT)","NO INJURY / DRIVE AWAY","Y",,,"OVER $1,500","2026-02-20T12:30:00.000","FOLLOWING TOO CLOSELY","UNABLE TO DETERMINE","47","E","MONROE ST","112",,,,,,,"2","NO INDICATION OF INJURY","0","0","0","0","0","2","0","12","6","2","41.8806828133","-87.6259327042","POINT (-87.62593270422 41.880682813337)"
"15654f8b55a1ec9c93935f869f610e7e2f0a627f3a181e843034f5c3611c19554a49230f536d4742eebe013c5c5d0c34b9627c07a96b7bc362644022fc2ab579","Y","2026-02-20T12:00:00.000","30","UNKNOWN","UNKNOWN","UNKNOWN","DAYLIGHT","PARKED MOTOR VEHICLE","NOT DIVIDED",,"STRAIGHT AND LEVEL","UNKNOWN","UNKNOWN","NOT ON SCENE (DESK REPORT)","NO INJURY / DRIVE AWAY",,,"Y","OVER $1,500","2026-02-27T16:30:00.000","FOLLOWING TOO CLOSELY","NOT APPLICABLE","1459","N","BOSWORTH AVE","1433",,,,,,,"2","NO INDICATION OF INJURY","0","0","0","0","0","1","0","12","6","2","41.9087448065","-87.6662719546","POINT (-87.666271954618 41.908744806458)"
"5c124585fd01e5f44931219a9e6b4566bbbb3c5cf4f995b300bf1402590366eaddc6b1cd41adefa702daf233bec851e5a3d918efaf06e0d84b326608ff735616",,"2026-02-20T11:57:00.000","30","UNKNOWN","NO CONTROLS","CLEAR","DAYLIGHT","PARKED MOTOR VEHICLE","NOT DIVIDED",,"STRAIGHT AND LEVEL","DRY","UNKNOWN","NOT ON SCENE (DESK REPORT)","NO INJURY / DRIVE AWAY",,,,"OVER $1,500","2026-02-20T11:58:00.000","UNABLE TO DETERMINE","UNABLE TO DETERMINE","3898","W","FULLERTON AVE","2524",,,,,,,"2","NO INDICATION OF INJURY","0","0","0","0","0","1","0","11","6","2","41.9246253843","-87.7242673842","POINT (-87.724267384181 41.924625384332)"
"18dc2267ccd0cd799b1012d1c27735596c41f44a687be53a7b12b1a05160a2051898f6bfdab13d0efdc6986341a23a145e8ecf8440ed1d654b2f5895e73e78a5",,"2026-02-20T11:50:00.000","30","UNKNOWN","UNKNOWN","UNKNOWN","DAYLIGHT","REAR END","NOT DIVIDED",,"STRAIGHT AND LEVEL","UNKNOWN","UNKNOWN","NOT ON SCENE (DESK REPORT)","INJURY AND / OR TOW DUE TO CRASH",,,"Y","OVER $1,500","2026-02-20T13:30:00.000","UNABLE TO DETERMINE","NOT APPLICABLE","5314","W","FLETCHER ST","2514",,,,,,,"2","REPORTED, NOT EVIDENT","1","0","0","0","1","1","0","11","6","2","41.9378589616","-87.7597557565","POINT (-87.759755756541 41.937858961628)"
"a0fd6ada92eeeb470bf43851c5a3aaebc73431ae6c9ec8141356d2f04a66cf5e62b81385251ad199fb21130bdc44800796c480a65b827b269e7f640ab96d3b85",,"2026-02-20T11:50:00.000","30","STOP SIGN/FLASHER","NO CONTROLS","CLEAR","DAYLIGHT","TURNING","CENTER TURN LANE",,"STRAIGHT AND LEVEL","DRY","NO DEFECTS","ON SCENE","INJURY AND / OR TOW DUE TO CRASH","Y",,,"OVER $1,500","2026-02-20T11:52:00.000","FAILING TO YIELD RIGHT-OF-WAY","FAILING TO YIELD RIGHT-OF-WAY","800","E","55TH ST","233",,,,,,,"2","NONINCAPACITATING INJURY","2","0","0","2","0","2","0","11","6","2","41.7950752068","-87.6060966093","POINT (-87.606096609283 41.795075206809)"
"0e15139d7c4e8245a504cf583e58976f2c8b8133c02316182d7cbf1d240382665789fb7988ebb54ea7bfa5bdbffbfedeff4fb1fb7cbdabb1b57b9dfb7c3cde89",,"2026-02-20T11:40:00.000","25","NO CONTROLS","NO CONTROLS","CLEAR","DAYLIGHT","REAR END","NOT DIVIDED",,"STRAIGHT AND LEVEL","DRY","UNKNOWN","NOT ON SCENE (DESK REPORT)","NO INJURY / DRIVE AWAY",,,,"OVER $1,500","2026-02-20T12:50:00.000","FOLLOWING TOO CLOSELY","NOT APPLICABLE","1800","W","BELMONT AVE","1922",,,,,,,"2","NO INDICATION OF INJURY","0","0","0","0","0","2","0","11","6","2","41.939736114","-87.6739169044","POINT (-87.673916904446 41.939736114017)"
"05abb29d4a8cf921b34901d1b8576afdeed24b79eae954d276aedf2ba5a760c1ca93bc13521a267ac41d5df4efa9c8f265fc138a0fb17d572d27cf962c69d108",,"2026-02-20T11:35:00.000","30","STOP SIGN/FLASHER","FUNCTIONING PROPERLY","CLEAR","DAYLIGHT","ANGLE","FOUR WAY",,"STRAIGHT AND LEVEL","DRY","NO DEFECTS","ON SCENE","INJURY AND / OR TOW DUE TO CRASH","Y",,,"OVER $1,500","2026-02-20T11:43:00.000","FAILING TO YIELD RIGHT-OF-WAY","FAILING TO YIELD RIGHT-OF-WAY","9201","S","ASHLAND AVE","2221",,,,,,,"2","NONINCAPACITATING INJURY","1","0","0","1","0","3","0","11","6","2","41.7265779275","-87.6626577522","POINT (-87.662657752234 41.72657792755)"