"crash_record_id","crash_date_est_i","crash_date","posted_speed_limit","traffic_control_device","device_condition","weather_condition","lighting_condition","first_crash_type","trafficway_type","lane_cnt","alignment","roadway_surface_cond","road_defect","report_type","crash_type","intersection_related_i","private_property_i","hit_and_run_i","damage","date_police_notified","prim_contributory_cause","sec_contributory_cause","street_no","street_direction","street_name","beat_of_occurrence","photos_taken_i","statements_taken_i","dooring_i","work_zone_i","work_zone_type","workers_present_i","num_units","most_severe_injury","injuries_total","injuries_fatal","injuries_incapacitating","injuries_non_incapacitating","injuries_reported_not_evident","injuries_no_indication","injuries_unknown","crash_hour","crash_day_of_week","crash_month","latitude","longitude","location"
"194a5e5c5422180d6d84c34ff3131820f48a9f4ce87075867fa158b32793733af305057c8241c4e9b71e77732bbac26e245951347937870bcf84f9895171184a",,"2026-02-20T11:30:00.000","30","TRAFFIC SIGNAL","FUNCTIONING PROPERLY","CLOUDY/OVERCAST","DAYLIGHT","PEDESTRIAN","DIVIDED - W/MEDIAN (NOT RAISED)",,"STRAIGHT AND LEVEL","DRY","UNKNOWN","ON SCENE","INJURY AND / OR TOW DUE TO CRASH",,,"Y","OVER $1,500","2026-02-20T11:50:00.000","UNABLE TO DETERMINE","UNABLE TO DETERMINE","2355","N","SACRAMENTO AVE","1414",,,,,,,"2","NONINCAPACITATING INJURY","1","0","0","1","0","1","0","11","6","2","41.9247168761","-87.7021700436","POINT (-87.702170043577 41.924716876053)"
"a50f06b0c06ccf7f1af58280a669132954c466d70810f80536d8180aa6d07fae0ed52dc5577a9c8004b07a6aad8b273b09c065e5934edb15090f682bbc271ec2","Y","2026-02-20T11:30:00.000","15","NO CONTROLS","NO CONTROLS","CLEAR","DAYLIGHT","PARKED MOTOR VEHICLE","OTHER",,"STRAIGHT AND LEVEL","DRY","UNKNOWN","NOT ON SCENE (DESK REPORT)","NO INJURY / DRIVE AWAY",,,"Y","OVER $1,500","2026-02-20T13:30:00.000","UNABLE TO DETERMINE","NOT APPLICABLE","2237","S","CENTRAL PARK AVE","1024",,,,,,,"2","NO INDICATION OF INJURY","0","0","0","0","0","1","0","11","6","2","41.8505724886","-87.7148198241","POINT (-87.714819824115 41.850572488569)"
"207744e27492c3d18ed169b5712f776f1f38aa3d14247d5da649ca7b866cfce74486a35c079242c7d27eb3fa0a5c1d5ef0bd04c2db1edafbf56a1a0f11c5a98a",,"2026-02-20T11:15:00.000","25","TRAFFIC SIGNAL","FUNCTIONING PROPERLY","CLOUDY/OVERCAST","DAYLIGHT","PEDESTRIAN","FOUR WAY",,"STRAIGHT AND LEVEL","DRY","NO DEFECTS","ON SCENE","INJURY AND / OR TOW DUE TO CRASH","Y",,,"$500 OR LESS","2026-02-20T11:17:00.000","FAILING TO YIELD RIGHT-OF-WAY","UNABLE TO DETERMINE","1038","W","HOLLYWOOD AVE","2022",,,,,,,"2","REPORTED, NOT EVIDENT","1","0","0","0","1","1","0","11","6","2","41.9856141501","-87.6568244122","POINT (-87.656824412163 41.985614150131)"
"7e63c73d8f2048a83acd24447aad43d953492f3dfe9a3c09e2f68f35b49a307bd77969c90b4a24a05dc8960f8dec8d870fd29d2491a733069e655859658a785c",,"2026-02-20T11:15:00.000","30","TRAFFIC SIGNAL","FUNCTIONING PROPERLY","UNKNOWN","DAYLIGHT","REAR END","DIVIDED - W/MEDIAN (NOT RAISED)",,"STRAIGHT AND LEVEL","DRY","NO DEFECTS","NOT ON SCENE (DESK REPORT)","NO INJURY / DRIVE AWAY",,,,"OVER $1,500","2026-02-28T19:30:00.000","UNABLE TO DETERMINE","UNABLE TO DETERMINE","1733","S","CLARK ST","131",,,,,,,"2","NO INDICATION OF INJURY","0","0","0","0","0","2","0","11","6","2","41.8579021371","-87.6300824047","POINT (-87.630082404731 41.857902137102)"
"57e0bc4a3450ab192bf631a1bda6012bfac1169bf5217e38e0dde517b79aee506a206e0463fade22283c55561056c53cdc39bf3e0280b816e3e47e7afce3afec",,"2026-02-20T10:45:00.000","30","UNKNOWN","UNKNOWN","UNKNOWN","UNKNOWN","PARKED MOTOR VEHICLE","UNKNOWN",,"STRAIGHT AND LEVEL","UNKNOWN","UNKNOWN","NOT ON SCENE (DESK REPORT)","NO INJURY / DRIVE AWAY",,,"Y","$501 - $1,500","2026-02-20T17:00:00.000","UNABLE TO DETERMINE","UNABLE TO DETERMINE","2246","W","ADAMS ST","1223",,,,,,,"2","NO INDICATION OF INJURY","0","0","0","0","0","1","0","10","6","2","41.8787434258","-87.6832971763","POINT (-87.683297176327 41.878743425828)"
"83d10d871c86b8eca2616b5e264891f2438392c161fa606a913347afe669abb763da548b8bd1c94a67a8ca4f345bec51b1e89e42a0dbcafd7c74d71b5b7a0e76",,"2026-02-20T10:43:00.000","30","TRAFFIC SIGNAL","FUNCTIONING PROPERLY","CLEAR","DAYLIGHT","TURNING","FOUR WAY",,"STRAIGHT AND LEVEL","DRY","NO DEFECTS","ON SCENE","INJURY AND / OR TOW DUE TO CRASH",,,,"OVER $1,500","2026-02-20T10:43:00.000","IMPROPER LANE USAGE","DRIVING SKILLS/KNOWLEDGE/EXPERIENCE","4800","N","KEDZIE AVE","1713",,,,,,,"2","NO INDICATION OF INJURY","0","0","0","0","0","2","0","10","6","2","41.968539734","-87.7086221452","POINT (-87.708622145243 41.968539734001)"
"f959f14a929647d53ad6b48aadd43173834114cddd595ef7f96764d71e2d7f4e007f8459b2d993f3d81c233fcf610a9a9a7d54f50bde567001b341017a41a16f",,"2026-02-20T10:42:00.000","30","NO CONTROLS","NO CONTROLS","CLEAR","DAYLIGHT","REAR END","DIVIDED - W/MEDIAN (NOT RAISED)",,"STRAIGHT AND LEVEL","DRY","NO DEFECTS","ON SCENE","NO INJURY / DRIVE AWAY",,,,"OVER $1,500","2026-02-20T10:46:00.000","FAILING TO REDUCE SPEED TO AVOID CRASH","FOLLOWING TOO CLOSELY","3201","W","BELMONT AVE","1412",,,,,,,"2","NO INDICATION OF INJURY","0","0","0","0","0","2","0","10","6","2","41.9392210489","-87.7077146023","POINT (-87.707714602329 41.939221048898)"
"41d5b4e4119bb8b50adb1b49c45638b87f0d36249b600a67eb9945d1b97a7bf06414ffa2019f7c9797437fb0e55ea2dc615dd73795bb56be54ef01a5a2088f70",,"2026-02-20T10:35:00.000","30","NO CONTROLS","NO CONTROLS","CLOUDY/OVERCAST","DAYLIGHT","REAR END","NOT DIVIDED",,"STRAIGHT AND LEVEL","DRY","NO DEFECTS","ON SCENE","INJURY AND / OR TOW DUE TO CRASH",,,"Y","$501 - $1,500","2026-02-20T10:40:00.000","FOLLOWING TOO CLOSELY","NOT APPLICABLE","2620","S","CALIFORNIA AVE","1033",,,,,,,"2","NONINCAPACITATING INJURY","1","0","0","1","0","2","0","10","6","2","41.8439485392","-87.6953409356","POINT (-87.695340935649 41.843948539173)"
"c66cfd0b1c8b22607efa7a3a6d0b44bd934b423ecf15474d3919c9e402af3936fbbc4e4e7a34e534690578138ce7dacd20e6ca0a886cc5cbfabbb18c397842a2","Y","2026-02-20T10:30:00.000","30","TRAFFIC SIGNAL","FUNCTIONING PROPERLY","CLEAR","DAYLIGHT","REAR TO FRONT","NOT DIVIDED",,"STRAIGHT AND LEVEL","DRY","NO DEFECTS","ON SCENE","NO INJURY / DRIVE AWAY",,,,"OVER $1,500","2026-02-20T12:00:00.000","IMPROPER BACKING","NOT APPLICABLE","7158","W","NORTH AVE","2513",,,,,,,"2","NO INDICATION OF INJURY","0","0","0","0","0","2","0","10","6","2","41.90898946","-87.8043628415","POINT (-87.804362841452 41.908989459958)"
"e7d61d7fcd003817514226b1a663e875d76993578bf27ff4867e89255f558340234e035671e4f9486d814624fbf03d4ef5af0830a37241f5307d98be4949fc1a",,"2026-02-20T10:30:00.000","25","NO CONTROLS","NO CONTROLS","FREEZING RAIN/DRIZZLE","DAYLIGHT","SIDESWIPE SAME DIRECTION","NOT DIVIDED",,"STRAIGHT AND LEVEL","WET","NO DEFECTS","ON SCENE","NO INJURY / DRIVE AWAY",,,,"OVER $1,500","2026-02-20T10:35:00.000","UNABLE TO DETERMINE","UNABLE TO DETERMINE","9744","S","LOOMIS ST","2213",,,,,,,"2","NO INDICATION OF INJURY","0","0","0","0","0","3","0","10","6","2","41.7167326822","-87.6577182962","POINT (-87.657718296159 41.716732682238)"
"811bedb1c6777b4e510598181e606becb45ec989f991e1006a835c9138721dad730f1f2e961d4e4b4129fd2ea93d83fafffd4e5e0c6e271ab5646859f6e1073d",,"2026-02-20T10:17:00.000","30","NO CONTROLS","NO CONTROLS","CLOUDY/OVERCAST","DAYLIGHT","SIDESWIPE SAME DIRECTION","DIVIDED - W/MEDIAN (NOT RAISED)",,"STRAIGHT AND LEVEL","UNKNOWN","UNKNOWN","NOT ON SCENE (DESK REPORT)","NO INJURY / DRIVE AWAY",,,"Y","OVER $1,500","2026-02-20T15:00:00.000","UNABLE TO DETERMINE","NOT APPLICABLE","4933","W","FULLERTON AVE","2522",,,,,,,"2","NO INDICATION OF INJURY","0","0","0","0","0","2","0","10","6","2","41.9240790792","-87.7501050337","POINT (-87.75010503367 41.924079079243)"
"a26fa621dfe6912f63cbd96ba343087cbbed44cdd26098db5ffca66d82e9549834ddefe7a2f8c15905697f62327cb2dd5c8d51ab2b113bac66c9c3c5061d3565",,"2026-02-20T10:15:00.000","30","TRAFFIC SIGNAL","FUNCTIONING PROPERLY","CLEAR","DAYLIGHT","REAR END","DIVIDED - W/MEDIAN BARRIER",,"STRAIGHT AND LEVEL","DRY","NO DEFECTS","NOT ON SCENE (DESK REPORT)","NO INJURY / DRIVE AWAY",,,,"OVER $1,500","2026-02-22T09:30:00.000","UNABLE TO DETERMINE","UNABLE TO DETERMINE","1750","S","WESTERN AVE","1023",,,,,,,"2","NO INDICATION OF INJURY","0","0","0","0","0","2","0","10","6","2","41.8575015291","-87.6859714381","POINT (-87.685971438053 41.857501529108)"
"71be3ef165256bf98e3be641a1507ba7fe2d1c231b3cbb2f326a31a092e941c95658047591e4337f45e4bed3497adbe632b0f4eabeefb66527681d28000b4ce3",,"2026-02-20T10:09:00.000","30","TRAFFIC SIGNAL","FUNCTIONING PROPERLY","CLOUDY/OVERCAST","DAYLIGHT","REAR TO FRONT","FOUR WAY",,"STRAIGHT AND LEVEL","DRY","NO DEFECTS","ON SCENE","NO INJURY / DRIVE AWAY","Y",,,"$500 OR LESS","2026-02-20T10:10:00.000","IMPROPER BACKING","IMPROPER BACKING","3560","W","ADDISON ST","1732",,,,,,,"2","NO INDICATION OF INJURY","0","0","0","0","0","2","0","10","6","2","41.9466137036","-87.7175874762","POINT (-87.717587476195 41.946613703632)"
"85428d77525769f143071ebb1cb8fd06b56a9c51139dd29d082ad42f36a87c1344d889cdc75bee99e4887f94f89b58014e29b5d806f2be3ceb013a7fc1497bee",,"2026-02-20T10:00:00.000","30","NO CONTROLS","NO CONTROLS","CLEAR","DAYLIGHT","PARKED MOTOR VEHICLE","UNKNOWN",,"STRAIGHT AND LEVEL","DRY","NO DEFECTS","ON SCENE","NO INJURY / DRIVE AWAY",,,"Y","OVER $1,500","2026-02-20T11:26:00.000","UNABLE TO DETERMINE","UNABLE TO DETERMINE","505","W","68TH ST","722",,,,,,,"2","NO INDICATION OF INJURY","0","0","0","0","0","1","0","10","6","2","41.7706594979","-87.637534033","POINT (-87.637534032955 41.770659497906)"
"94171b557089db282a3fdcd58ca958c8278cc759ac4b3a45578893e2300c6752ece467f5df71d599eb8240ecf5a50ce5db4361aedf40966a4cf2ddb11e9b4312",,"2026-02-20T09:57:00.000","10","NO CONTROLS","NO CONTROLS","UNKNOWN","DAYLIGHT","FIXED OBJECT","ALLEY",,"STRAIGHT AND LEVEL","UNKNOWN","UNKNOWN","NOT ON SCENE (DESK REPORT)","NO INJURY / DRIVE AWAY",,,"Y","OVER $1,500","2026-02-26T17:45:00.000","UNABLE TO DETERMINE","UNABLE TO DETERMINE","6233","S","ADA ST","713",,,,,,,"1","NO INDICATION OF INJURY","0","0","0","0","0","1","0","9","6","2","41.7802839036","-87.6580743144","POINT (-87.658074314403 41.780283903557)"
"46fa77fb6ce38cabf72df11da7b4ec93920fa6915145e4709259b7d5b9255dcaf6e0bff5ad29af1d77d3ccb21b9976454201dad625576a4f36f28cdb4c1cf44c",,"2026-02-20T09:46:00.000","30","NO CONTROLS","NO CONTROLS","CLOUDY/OVERCAST","DAYLIGHT","REAR END","CENTER TURN LANE",,"STRAIGHT AND LEVEL","WET","UNKNOWN","ON SCENE","NO INJURY / DRIVE AWAY",,,,"OVER $1,500","2026-02-20T09:54:00.000","NOT APPLICABLE","NOT APPLICABLE","1010","S","CANAL ST","124",,"Y",,,,,"2","NO INDICATION OF INJURY","0","0","0","0","0","2","0","9","6","2","41.8693934362","-87.6394112721","POINT (-87.639411272092 41.869393436181)"
"e979e3326bb2f1a61432026f258b0e113e149a755a6e278b65672345039153bbb3687ef884115b23a29d2d8975ec7328d62dfdca520fbf1dd0cb2604e093c33e",,"2026-02-20T09:40:00.000","30","TRAFFIC SIGNAL","FUNCTIONING PROPERLY","CLEAR","DAYLIGHT","TURNING","NOT DIVIDED",,"STRAIGHT AND LEVEL","UNKNOWN","NO DEFECTS","NOT ON SCENE (DESK REPORT)","NO INJURY / DRIVE AWAY","Y",,,"OVER $1,500","2026-02-20T11:45:00.000","FOLLOWING TOO CLOSELY","FOLLOWING TOO CLOSELY","2923","W","GRAND AVE","1211",,,,,,,"2","NO INDICATION OF INJURY","0","0","0","0","0","2","0","9","6","2","41.8955470714","-87.7000181918","POINT (-87.700018191819 41.895547071431)"
"09a4c9ae498264b571f86f0b2d727413d21eaa6a2f11bc5743b2da7c7ccc54bc2634f6c0c5b0c5cf830a7cb9b77bc24331009f3217ebb18a1a7238e9d0fefc42",,"2026-02-20T09:30:00.000","25","NO CONTROLS","NO CONTROLS","CLEAR","DAYLIGHT","FIXED OBJECT","DIVIDED - W/MEDIAN (NOT RAISED)",,"STRAIGHT AND LEVEL","WET","NO DEFECTS","ON SCENE","NO INJURY / DRIVE AWAY",,"Y",,"$501 - $1,500","2026-02-20T09:50:00.000","NOT APPLICABLE","NOT APPLICABLE","4426","N","KEDZIE AVE","1724",,"Y",,,,,"2","NO INDICATION OF INJURY","0","0","0","0","0","4","0","9","6","2","41.9619734882","-87.7084175855","POINT (-87.70841758545 41.961973488156)"
"19f89160d7ca8f47e4823ebfb73d62531fe467ab2ad9bd92e7826fb9cd1351d51d32974775060271059eac8341a0edbf39b07eee4e5c50e2c3cd7a35d5fa9287",,"2026-02-20T09:30:00.000","30","TRAFFIC SIGNAL","FUNCTIONING PROPERLY","CLEAR","DAYLIGHT","SIDESWIPE SAME DIRECTION","NOT DIVIDED",,"STRAIGHT AND LEVEL","DRY","NO DEFECTS","NOT ON SCENE (DESK REPORT)","NO INJURY / DRIVE AWAY",,,"Y","OVER $1,500","2026-02-20T16:18:00.000","IMPROPER OVERTAKING/PASSING","UNABLE TO DETERMINE","2252","N","MILWAUKEE AVE","1431",,,,,,,"2","NO INDICATION OF INJURY","0","0","0","0","0","2","0","9","6","2","41.921795342","-87.6957819435","POINT (-87.695781943525 41.921795342016)"
"6a7b0ce3f02458d034b525220edce4c46f0e64be02169531a70175173e1f5a52069417c0bc4d911c5b10725e840159bf727f2d129391f1c5678cce8b616cfa16",,"2026-02-20T09:30:00.000","30","NO CONTROLS","NO CONTROLS","CLEAR","DAYLIGHT","REAR END","NOT DIVIDED",,"STRAIGHT AND LEVEL","UNKNOWN","UNKNOWN","NOT ON SCENE (DESK REPORT)","NO INJURY / DRIVE AWAY",,,,"$501 - $1,500","2026-02-20T10:03:00.000","FOLLOWING TOO CLOSELY","DRIVING SKILLS/KNOWLEDGE/EXPERIENCE","6023","N","KIMBALL AVE","1711",,,,,,,"2","NO INDICATION OF INJURY","0","0","0","0","0","2","0","9","6","2","41.9910188155","-87.7138578482","POINT (-87.713857848208 41.991018815534)"
"6ac09922edfce20155b21b268a458a734fa77c33beee44aab9c5bfb7868b2e5fbb5b1ce26d549fe75aacf29593d68b31517a0bbd9cd07f994209b08d32746291",,"2026-02-20T09:30:00.000","30","UNKNOWN","UNKNOWN","UNKNOWN","UNKNOWN","SIDESWIPE SAME DIRECTION","FOUR WAY",,"STRAIGHT AND LEVEL","UNKNOWN","UNKNOWN","NOT ON SCENE (DESK REPORT)","NO INJURY / DRIVE AWAY",,,,"OVER $1,500","2026-02-21T15:00:00.000","UNABLE TO DETERMINE","NOT APPLICABLE","2401","W","HARRISON ST","1135",,,,,,,"2","NO INDICATION OF INJURY","0","0","0","0","0","2","0","9","6","2","41.8737796451","-87.6863533897","POINT (-87.6863533897 41.87377964511)"
"84e8c02d5d76c080d13f423d67272658edb24f11896fe1f457104793a19b5ccb5c2d2869473e6c3a5c29ce7a31c5113d8859d40f7c6aa55adde1fa28ed0bebbe",,"2026-02-20T09:30:00.000","30","NO CONTROLS","NO CONTROLS","CLEAR","DAYLIGHT","TURNING","PARKING LOT",,"STRAIGHT AND LEVEL","DRY","UNKNOWN","ON SCENE","NO INJURY / DRIVE AWAY",,,,"OVER $1,500","2026-02-20T09:36:00.000","UNABLE TO DETERMINE","UNABLE TO DETERMINE","2405","N","PULASKI RD","2524",,,,,,,"2","NO INDICATION OF INJURY","0","0","0","0","0","2","0","9","6","2","41.9246930196","-87.726629753","POINT (-87.726629753048 41.924693019553)"
"b4b641b41b1ccaecb201ebaee9234aa38be9993df3717af31f27c9ed9358f29190540f9e8ed29e548481cce243025bb4590462b866ae4d265e307b0147c9c417",,"2026-02-20T09:30:00.000","30","TRAFFIC SIGNAL","FUNCTIONING PROPERLY","CLEAR","DAYLIGHT","TURNING","DIVIDED - W/MEDIAN (NOT RAISED)",,"STRAIGHT AND LEVEL","DRY","NO DEFECTS","NOT ON SCENE (DESK REPORT)","NO INJURY / DRIVE AWAY","Y",,,"OVER $1,500","2026-02-21T09:40:00.000","IMPROPER OVERTAKING/PASSING","NOT APPLICABLE","6000","W","LAWRENCE AVE","1622",,,,,,,"2","NO INDICATION OF INJURY","0","0","0","0","0","3","0","9","6","2","41.9677564403","-87.777396104","POINT (-87.777396103979 41.967756440279)"
"bae46d8b9df9abb7babbb4b3c6f6c1f976ca10502130b68056f09c1870d1f47454555aba350b436fbbf3b4224bf4be01e05256efcdb31d7ca57b1042d188aaba",,"2026-02-20T09:30:00.000","25","TRAFFIC SIGNAL","FUNCTIONING PROPERLY","CLEAR","DAYLIGHT","SIDESWIPE SAME DIRECTION","NOT DIVIDED",,"STRAIGHT AND LEVEL","DRY","NO DEFECTS","NOT ON SCENE (DESK REPORT)","NO INJURY / DRIVE AWAY","Y",,,"OVER $1,500","2026-02-20T10:15:00.000","UNABLE TO DETERMINE","UNABLE TO DETERMINE","8300","S","DORCHESTER AVE","412",,,,,,,"2","NO INDICATION OF INJURY","0","0","0","0","0","2","0","9","6","2","41.7440488411","-87.590595042","POINT (-87.590595042037 41.744048841075)"
"fb90b98f94f14ba1b5722cc3eb4109097f9a5be35915e35df60b6cd3e11214233897dd8228224deb9e4eea5cb6e6b717a55a87dacc7b1626cd3a394e1a3f189e",,"2026-02-20T09:30:00.000","30","TRAFFIC SIGNAL","FUNCTIONING PROPERLY","CLEAR","DAYLIGHT","REAR END","DIVIDED - W/MEDIAN (NOT RAISED)",,"STRAIGHT AND LEVEL","DRY","NO DEFECTS","NOT ON SCENE (DESK REPORT)","NO INJURY / DRIVE AWAY",,,,"OVER $1,500","2026-02-20T10:30:00.000","DISTRACTION - FROM OUTSIDE VEHICLE","NOT APPLICABLE","324","E","24TH ST","132",,,,,,,"2","NO INDICATION OF INJURY","0","0","0","0","0","2","0","9","6","2","41.8494599101","-87.6192803276","POINT (-87.619280327606 41.849459910121)"
"93cc071654891e5e4d175614418fb6a95a1daa9ccbe664727a21a8a34327615345bf5fe380c11194e104ba763f3a3c0ffa1d8f0e3b3d997575e1e4c87a5c9506",,"2026-02-20T09:25:00.000","35","NO CONTROLS","NO CONTROLS","CLEAR","DAYLIGHT","PARKED MOTOR VEHICLE","DIVIDED - W/MEDIAN BARRIER",,"STRAIGHT AND LEVEL","DRY","NO DEFECTS","ON SCENE","NO INJURY / DRIVE AWAY",,,,"$500 OR LESS","2026-02-20T09:35:00.000","DRIVING SKILLS/KNOWLEDGE/EXPERIENCE","FAILING TO REDUCE SPEED TO AVOID CRASH","11415","S","HALSTED ST","2233",,,,,,,"2","NO INDICATION OF INJURY","0","0","0","0","0","1","0","9","6","2","41.6864188056","-87.6420471468","POINT (-87.642047146837 41.68641880563)"
"9dfedb31c4236765c83a1ac6fa7a17acabc737330911cbdb12cde071d722b87d97c191d5574df193883383ed8e4f50645c97b92a57a5e403abe695ae06522b9a",,"2026-02-20T09:22:00.000","20","NO CONTROLS","NO CONTROLS","SNOW","DAYLIGHT","PARKED MOTOR VEHICLE","NOT DIVIDED",,"STRAIGHT AND LEVEL","WET","UNKNOWN","ON SCENE","INJURY AND / OR TOW DUE TO CRASH",,,"Y","OVER $1,500","2026-02-20T09:37:00.000","UNABLE TO DETERMINE","UNABLE TO DETERMINE","3601","W","82ND ST","834",,,,,,,"2","NO INDICATION OF INJURY","0","0","0","0","0","1","0","9","6","2","41.7440572912","-87.7122674678","POINT (-87.712267467834 41.744057291201)"
"c07c33cbb302c8dedc545506651c922278e3d4c150cf5c32636ef90d3fa99322b98879e56de2c4b473137615a5ee4ed3a02c817442a637bf3e569ff2b9e67d02",,"2026-02-20T09:22:00.000","30","NO CONTROLS","NO CONTROLS","CLOUDY/OVERCAST","DAYLIGHT","TURNING","DIVIDED - W/MEDIAN (NOT RAISED)",,"STRAIGHT AND LEVEL","DRY","UNKNOWN","ON SCENE","INJURY AND / OR TOW DUE TO CRASH",,,,"OVER $1,500","2026-02-20T09:35:00.000","IMPROPER LANE USAGE","NOT APPLICABLE","3631","N","ELSTON AVE","1733",,,,,,,"2","NO INDICATION OF INJURY","0","0","0","0","0","2","0","9","6","2","41.9473111681","-87.7096318188","POINT (-87.709631818816 41.947311168077)"
"61431208dd0f23b78f262f266b058083f42891cbd863b411b74816c34774d2396face90bff55d53ae3f191c3ac521d828c7d63e3801d4997ac3ebe2bdc06e090",,"2026-02-20T09:21:00.000","25","NO CONTROLS","NO CONTROLS","CLEAR","DAYLIGHT","PARKED MOTOR VEHICLE","NOT DIVIDED",,"STRAIGHT AND LEVEL","DRY","NO DEFECTS","NOT ON SCENE (DESK REPORT)","NO INJURY / DRIVE AWAY",,,"Y","OVER $1,500","2026-02-20T11:30:00.000","UNABLE TO DETERMINE","NOT APPLICABLE","2173","W","LELAND AVE","1911",,,,,,,"2","NO INDICATION OF INJURY","0","0","0","0","0","1","0","9","6","2","41.9667439275","-87.6835983369","POINT (-87.683598336925 41.966743927462)"
"1b920d71e71cc13d9936fabc329b1df017a08e5137f0ac99b79efac6292d4e4bf1eeebae1c96f59a1a203c954b845a2b43da214e95e948812ebc4c9853674137",,"2026-02-20T09:10:00.000","15","NO CONTROLS","NO CONTROLS","CLEAR","DAYLIGHT","PARKED MOTOR VEHICLE","NOT DIVIDED",,"STRAIGHT AND LEVEL","WET","NO DEFECTS","ON SCENE","NO INJURY / DRIVE AWAY",,,,"$501 - $1,500","2026-02-20T09:30:00.000","IMPROPER LANE USAGE","FAILING TO YIELD RIGHT-OF-WAY","3603","N","CAMPBELL AVE","1921",,,,,,,"3","NO INDICATION OF INJURY","0","0","0","0","0","3","0","9","6","2","41.9468307163","-87.6905389456","POINT (-87.69053894558 41.946830716329)"
"35fbb488e3b423e9480c26b0c45f0ee239982d18dc08b6489a0acde7e21b4d756745582edc27bb72887b76000bd3fd2cac65c6edb6d7b9b118084b20dcadfbf3",,"2026-02-20T09:10:00.000","30","NO CONTROLS","NO CONTROLS","CLOUDY/OVERCAST","DAYLIGHT","ANGLE","NOT DIVIDED",,"STRAIGHT AND LEVEL","WET","NO DEFECTS","ON SCENE","NO INJURY / DRIVE AWAY",,,,"OVER $1,500","2026-02-20T10:09:00.000","UNABLE TO DETERMINE","UNABLE TO DETERMINE","2400","S","BLUE ISLAND AVE","1034",,,,,,,"2","NO INDICATION OF INJURY","0","0","0","0","0","2","0","9","6","2","41.8488452978","-87.6752627174","POINT (-87.67526271744 41.848845297763)"
"5609c5ef99557d7dfa6145867d522b81eb42139b25d17dc12340d7bed0b890640ae8d6902b8c954125c2d30cd0d6675e63ceb0b5c35c0a4b550f96429f76b005",,"2026-02-20T09:10:00.000","30","NO CONTROLS","FUNCTIONING PROPERLY","CLEAR","DAYLIGHT","SIDESWIPE SAME DIRECTION","DIVIDED - W/MEDIAN (NOT RAISED)",,"STRAIGHT AND LEVEL","DRY","NO DEFECTS","ON SCENE","NO INJURY / DRIVE AWAY",,,,"$501 - $1,500","2026-02-20T09:10:00.000","IMPROPER LANE USAGE","NOT APPLICABLE","2846","N","PULASKI RD","2523",,,,,,,"2","NO INDICATION OF INJURY","0","0","0","0","0","4","0","9","6","2","41.9332013669","-87.727164495","POINT (-87.727164495042 41.933201366863)"
"5ce36adb6c941ced47d23a57ef8a7eef592ba154a14ea33e7fcfe6c62177ef1932159b244e1bf775fb7787d424a0e842aca3524aca9b1a52b5aeed38eb85c755",,"2026-02-20T09:10:00.000","30","NO CONTROLS","NO CONTROLS","CLOUDY/OVERCAST","DAYLIGHT","SIDESWIPE SAME DIRECTION","NOT DIVIDED",,"STRAIGHT AND LEVEL","WET","UNKNOWN","ON SCENE","NO INJURY / DRIVE AWAY",,,,"OVER $1,500","2026-02-20T09:26:00.000","IMPROPER OVERTAKING/PASSING","FAILING TO YIELD RIGHT-OF-WAY","2605","W","CERMAK RD","1034",,,,,,,"2","NO INDICATION OF INJURY","0","0","0","0","0","2","0","9","6","2","41.8518542035","-87.690813344","POINT (-87.690813343967 41.851854203499)"
"6f016db19890ec6010fe77d8b0c83f3892ea11924c5449478f297809d3cd89a123764bbe6ddf92d61625021bb55968cf7f0c6de7b782ebeae37acda88b1e416c","Y","2026-02-20T09:00:00.000","30","STOP SIGN/FLASHER","FUNCTIONING PROPERLY","CLOUDY/OVERCAST","DAYLIGHT","ANGLE","FOUR WAY",,"STRAIGHT AND LEVEL","WET","NO DEFECTS","ON SCENE","INJURY AND / OR TOW DUE TO CRASH","Y",,,"OVER $1,500","2026-02-20T09:15:00.000","FAILING TO YIELD RIGHT-OF-WAY","DRIVING SKILLS/KNOWLEDGE/EXPERIENCE","1857","W","CONGRESS PKWY","1225",,,,,,,"4","NO INDICATION OF INJURY","0","0","0","0","0","3","0","9","6","2","41.8749509523","-87.6738651735","POINT (-87.673865173489 41.874950952315)"
"b98a66db2cdeca854d9cb1cfadf468888962f480b1b60341d4ff114befe4ca0d8fe13cb9c09fb1529fe325ac50dc9976b1dc41ef1cdf82cfe992ea50c5e0f306",,"2026-02-20T09:00:00.000","30","NO CONTROLS","NO CONTROLS","CLEAR","DAYLIGHT","PARKED MOTOR VEHICLE","ALLEY",,"STRAIGHT AND LEVEL","DRY","NO DEFECTS","NOT ON SCENE (DESK REPORT)","NO INJURY / DRIVE AWAY",,"Y",,"OVER $1,500","2026-02-21T11:47:00.000","IMPROPER BACKING","NOT APPLICABLE","2420","N","SPRINGFIELD AVE","2524",,,,,,,"2","NO INDICATION OF INJURY","0","0","0","0","0","1","0","9","6","2","41.9251748585","-87.7244931771","POINT (-87.724493177095 41.925174858526)"