"crash_record_id","crash_date_est_i","crash_date","posted_speed_limit","traffic_control_device","device_condition","weather_condition","lighting_condition","first_crash_type","trafficway_type","lane_cnt","alignment","roadway_surface_cond","road_defect","report_type","crash_type","intersection_related_i","private_property_i","hit_and_run_i","damage","date_police_notified","prim_contributory_cause","sec_contributory_cause","street_no","street_direction","street_name","beat_of_occurrence","photos_taken_i","statements_taken_i","dooring_i","work_zone_i","work_zone_type","workers_present_i","num_units","most_severe_injury","injuries_total","injuries_fatal","injuries_incapacitating","injuries_non_incapacitating","injuries_reported_not_evident","injuries_no_indication","injuries_unknown","crash_hour","crash_day_of_week","crash_month","latitude","longitude","location"
"0cb9b10888b19eca45e05c97016f8cfee77f63d8d8e420a36e3023efd4ccc7fe96ec7ec02eea12bd380e9d97ea3980254dc4445f79b7f97f36021f963a812b90",,"2026-02-20T08:55:00.000","30","NO CONTROLS","NO CONTROLS","CLEAR","DAYLIGHT","SIDESWIPE SAME DIRECTION","ONE-WAY",,"STRAIGHT AND LEVEL","DRY","NO DEFECTS","NOT ON SCENE (DESK REPORT)","NO INJURY / DRIVE AWAY",,,"Y","OVER $1,500","2026-02-20T09:20:00.000","FAILING TO REDUCE SPEED TO AVOID CRASH","FAILING TO YIELD RIGHT-OF-WAY","220","E","SUPERIOR ST","1833",,,,,,,"2","NO INDICATION OF INJURY","0","0","0","0","0","3","0","8","6","2","41.8958797251","-87.6219072184","POINT (-87.621907218417 41.895879725086)"
"b3bd75d2d72d3331a5c4c08d77aff93de7b5381952f7180cf7a9f8d33d9681b29032fa931cfb214111713d9b77fe1f9ec3162481c4e7dbffb6710c3275cbc028",,"2026-02-20T08:51:00.000","35","TRAFFIC SIGNAL","FUNCTIONING PROPERLY","CLEAR","DAYLIGHT","REAR END","DIVIDED - W/MEDIAN (NOT RAISED)",,"STRAIGHT AND LEVEL","WET","NO DEFECTS","ON SCENE","NO INJURY / DRIVE AWAY","Y",,,"OVER $1,500","2026-02-20T08:55:00.000","WEATHER","NOT APPLICABLE","5999","N","CALIFORNIA AVE","2011",,,,,,,"2","NO INDICATION OF INJURY","0","0","0","0","0","2","0","8","6","2","41.9903515902","-87.6992529301","POINT (-87.699252930059 41.990351590151)"
"480922c9ba8f00536331c0ca6e0eefb5bdbfd407f42a180548d6826706c2d2c487bc30acd120d674b486538947621eb13dd72b639c89af3b9ac9057b10cacb06",,"2026-02-20T08:50:00.000","10","NO CONTROLS","NO CONTROLS","OTHER","DAYLIGHT","PARKED MOTOR VEHICLE","PARKING LOT",,"STRAIGHT ON GRADE","UNKNOWN","UNKNOWN","NOT ON SCENE (DESK REPORT)","NO INJURY / DRIVE AWAY",,,"Y","OVER $1,500","2026-02-20T10:55:00.000","UNABLE TO DETERMINE","NOT APPLICABLE","1500","S","FAIRFIELD AVE","1023",,,,,,,"2","NO INDICATION OF INJURY","0","0","0","0","0","1","0","8","6","2","41.8610552113","-87.6945596339","POINT (-87.694559633925 41.861055211286)"
"7bfa11cf81811630d65765cef48879a063d769f3023c8e2e91bcdda38771918ca76ce3ac2849d7c94586bf39c314bb49de29f1cc23384073a213a0bd312daad7",,"2026-02-20T08:50:00.000","30","NO CONTROLS","NO CONTROLS","CLEAR","DAYLIGHT","SIDESWIPE SAME DIRECTION","ONE-WAY",,"STRAIGHT AND LEVEL","DRY","NO DEFECTS","ON SCENE","NO INJURY / DRIVE AWAY",,,,"OVER $1,500","2026-02-20T09:06:00.000","FAILING TO YIELD RIGHT-OF-WAY","IMPROPER OVERTAKING/PASSING","4725","S","WENTWORTH AVE","224",,,,,,,"3","NO INDICATION OF INJURY","0","0","0","0","0","2","0","8","6","2","41.8084234946","-87.6307402315","POINT (-87.630740231454 41.808423494631)"
"f84c0f82adc67634478ff2d5645c54635d2df819c0a4d2ca4e2f696af8aacf29f3db516639ab4dd513e62cde741707391487d5edeab63544ebfa8e05b86a502b",,"2026-02-20T08:50:00.000","30","NO CONTROLS","NO CONTROLS","BLOWING SNOW","DAYLIGHT","PARKED MOTOR VEHICLE","T-INTERSECTION",,"STRAIGHT AND LEVEL","WET","NO DEFECTS","NOT ON SCENE (DESK REPORT)","NO INJURY / DRIVE AWAY","Y",,,"$501 - $1,500","2026-02-20T10:00:00.000","UNABLE TO DETERMINE","NOT APPLICABLE","2723","N","FAIRFIELD AVE","1411",,,,,,,"2","NO INDICATION OF INJURY","0","0","0","0","0","2","0","8","6","2","41.9309704718","-87.6962575818","POINT (-87.696257581766 41.930970471754)"
"51fa26b79119002e18c148f53d286b2c02266e1a6b9ef39fe9f168e2d87abfba41cf1a68c73230535fad969069121338159ee3bc56bd5221826a26026053fee8",,"2026-02-20T08:43:00.000","25","NO CONTROLS","NO CONTROLS","CLEAR","DAYLIGHT","ANGLE","FOUR WAY",,"STRAIGHT AND LEVEL","WET","NO DEFECTS","ON SCENE","NO INJURY / DRIVE AWAY","Y",,,"OVER $1,500","2026-02-20T08:47:00.000","FAILING TO YIELD RIGHT-OF-WAY","FAILING TO YIELD RIGHT-OF-WAY","6400","N","ALBANY AVE","2412",,,,,,,"2","NO INDICATION OF INJURY","0","0","0","0","0","5","0","8","6","2","41.9975070903","-87.7071119088","POINT (-87.707111908822 41.997507090274)"
"9cd11579a1d5744aef08f85a31e21a65ce23ba39c22ed735e5285d3ed7d553023c6622811bf2b61553c472dea4957ce46da3748678e73139fdc6eb91687c3193",,"2026-02-20T08:40:00.000","25","NO CONTROLS","NO CONTROLS","UNKNOWN","UNKNOWN","PARKED MOTOR VEHICLE","ONE-WAY",,"STRAIGHT AND LEVEL","UNKNOWN","NO DEFECTS","NOT ON SCENE (DESK REPORT)","INJURY AND / OR TOW DUE TO CRASH",,,"Y","OVER $1,500","2026-02-20T09:30:00.000","UNABLE TO DETERMINE","NOT APPLICABLE","5257","W","CRYSTAL ST","2532",,,,,,,"2","NO INDICATION OF INJURY","0","0","0","0","0","1","0","8","6","2","41.9030209743","-87.7580673179","POINT (-87.758067317872 41.903020974276)"
"a5bf9a64256944a0c4368f128d55ba7f0aae5e30657818f7550d77c8cb7c49e8fe5596508775d0bf3ebcebcdd12c6b97997ba3189b3335db396a0b8492e8b750",,"2026-02-20T08:40:00.000","30","NO CONTROLS","NO CONTROLS","CLOUDY/OVERCAST","DAYLIGHT","REAR TO FRONT","NOT DIVIDED",,"STRAIGHT AND LEVEL","UNKNOWN","UNKNOWN","NOT ON SCENE (DESK REPORT)","NO INJURY / DRIVE AWAY",,,,"OVER $1,500","2026-02-20T09:00:00.000","UNABLE TO DETERMINE","UNABLE TO DETERMINE","2521","N","CLARK ST","1935",,,,,,,"2","NO INDICATION OF INJURY","0","0","0","0","0","2","0","8","6","2","41.9284334588","-87.6420123691","POINT (-87.642012369135 41.928433458757)"
"085cf65e7375e86fa63bdbeed7cad1ea0802a90232c206fde7fdd9f1f2f1bed1026c8cf921b3478c648f2264838553f0e049be0a75df483c81e53c42f665a6a5",,"2026-02-20T08:32:00.000","10","NO CONTROLS","NO CONTROLS","CLOUDY/OVERCAST","DAYLIGHT","SIDESWIPE SAME DIRECTION","ONE-WAY",,"STRAIGHT AND LEVEL","UNKNOWN","UNKNOWN","NOT ON SCENE (DESK REPORT)","NO INJURY / DRIVE AWAY",,,"Y","$500 OR LESS","2026-02-20T09:30:00.000","IMPROPER OVERTAKING/PASSING","NOT APPLICABLE","4836","W","FLETCHER ST","2521",,,,,,,"2","NO INDICATION OF INJURY","0","0","0","0","0","3","0","8","6","2","41.9380062394","-87.7483476124","POINT (-87.748347612371 41.93800623937)"
"0a7b7c0e7ac9077711a42bbca6bc385429df7ee022609eee0e9110ac843f77076596206e0b40a9e66c72b90a9a314bdd55d74f7d9f9f75ef837d59d96f8cbcbe",,"2026-02-20T08:30:00.000","30","TRAFFIC SIGNAL","FUNCTIONING PROPERLY","CLEAR","DAYLIGHT","TURNING","DIVIDED - W/MEDIAN BARRIER",,"STRAIGHT AND LEVEL","DRY","NO DEFECTS","NOT ON SCENE (DESK REPORT)","NO INJURY / DRIVE AWAY","Y",,,"$501 - $1,500","2026-02-20T10:35:00.000","IMPROPER LANE USAGE","NOT APPLICABLE","150","E","ROOSEVELT RD","114",,,,,,,"2","NO INDICATION OF INJURY","0","0","0","0","0","2","0","8","6","2","41.8675920356","-87.6227372879","POINT (-87.622737287912 41.8675920356)"
"a48efb73a98665870b3f5053e007d93b7025b31b4fe7b9836a02b8c4267f226e30ea6e4dcc431268c813a89a3b5f8d1d4aa4b8204edf16fcf2ca7fd31a91562f",,"2026-02-20T08:30:00.000","30","STOP SIGN/FLASHER","NO CONTROLS","CLEAR","DAYLIGHT","TURNING","DIVIDED - W/MEDIAN (NOT RAISED)",,"STRAIGHT AND LEVEL","DRY","NO DEFECTS","ON SCENE","INJURY AND / OR TOW DUE TO CRASH","Y",,,"OVER $1,500","2026-02-20T08:30:00.000","FAILING TO YIELD RIGHT-OF-WAY","NOT APPLICABLE","4550","W","LAKE ST","1113",,,,,,,"2","REPORTED, NOT EVIDENT","5","0","0","0","5","2","0","8","6","2","41.8863985897","-87.7401623594","POINT (-87.740162359412 41.886398589703)"
"efc66d2c95a9ec370177c35b5e447b89f8f74adcf0bdd30f6d3f60db048772a91f1eeefa33be07a696a59014de3e3d45f7de78509ed62922e4b6bfcf3ee5fc59",,"2026-02-20T08:30:00.000","20","NO CONTROLS","NO CONTROLS","CLOUDY/OVERCAST","DAYLIGHT","PARKED MOTOR VEHICLE","ONE-WAY",,"STRAIGHT AND LEVEL","DRY","UNKNOWN","NOT ON SCENE (DESK REPORT)","NO INJURY / DRIVE AWAY",,,"Y","OVER $1,500","2026-02-20T08:30:00.000","UNABLE TO DETERMINE","UNABLE TO DETERMINE","1651","S","DRAKE AVE","1021",,,,,,,"2","NO INDICATION OF INJURY","0","0","0","0","0","1","0","8","6","2","41.8574804489","-87.7137995606","POINT (-87.713799560567 41.857480448895)"
"27e25b3d742c9fc3fc0dd0c440f1f227116ff01bd269bc9686008517c31dee114a768516f6f4dec6e53c1dda6d31043795be10271a01cae55a67758da9bc458f",,"2026-02-20T08:29:00.000","30","TRAFFIC SIGNAL","UNKNOWN","CLOUDY/OVERCAST","DAYLIGHT","REAR END","NOT DIVIDED",,"STRAIGHT AND LEVEL","DRY","NO DEFECTS","NOT ON SCENE (DESK REPORT)","NO INJURY / DRIVE AWAY",,,,"$501 - $1,500","2026-02-20T12:30:00.000","UNABLE TO DETERMINE","UNABLE TO DETERMINE","6315","S","ASHLAND AVE","725",,,,,,,"2","NO INDICATION OF INJURY","0","0","0","0","0","2","0","8","6","2","41.7789832925","-87.6640610676","POINT (-87.664061067573 41.778983292458)"
"91c585da1d0288d4d2f9985c28aa485120072566101447d275a327d6c8f657209dc1c080d3d65dd5f4d42dfbb1ac59f7184561849679a07db6b2f7f2adc421e3",,"2026-02-20T08:25:00.000","25","TRAFFIC SIGNAL","UNKNOWN","CLEAR","DAYLIGHT","REAR END","NOT DIVIDED",,"STRAIGHT AND LEVEL","DRY","UNKNOWN","NOT ON SCENE (DESK REPORT)","NO INJURY / DRIVE AWAY",,,,"$501 - $1,500","2026-02-20T17:00:00.000","FOLLOWING TOO CLOSELY","NOT APPLICABLE","2133","S","CALIFORNIA AVE","1023",,,,,,,"2","NO INDICATION OF INJURY","0","0","0","0","0","2","0","8","6","2","41.8527693694","-87.6953283056","POINT (-87.695328305602 41.852769369379)"
"d69a23fcae1ad003188710ddc77761224f5669256f0701944771d195711756593ffe83898ce280622383b37a6bf7654a67dd43d4fdd2936686c85d5d391dd2e6",,"2026-02-20T08:25:00.000","30","TRAFFIC SIGNAL","FUNCTIONING PROPERLY","CLEAR","DAYLIGHT","REAR END","NOT DIVIDED",,"STRAIGHT AND LEVEL","DRY","UNKNOWN","ON SCENE","NO INJURY / DRIVE AWAY","Y",,"Y","OVER $1,500","2026-02-20T08:50:00.000","FOLLOWING TOO CLOSELY","FOLLOWING TOO CLOSELY","640","N","RACINE AVE","1215",,,,,,,"2","NO INDICATION OF INJURY","0","0","0","0","0","2","0","8","6","2","41.8934666754","-87.6575898878","POINT (-87.65758988781 41.893466675356)"
"c6a90b083699a584365b9142e72caef43823ec58369d11760942c92c7363e1559f642951d1d7eda3d6792784b7fb6d8e11f34d7f364958eb94eb12fc5be169a6",,"2026-02-20T08:20:00.000","20","NO CONTROLS","NO CONTROLS","CLEAR","DAYLIGHT","SIDESWIPE SAME DIRECTION","NOT DIVIDED",,"STRAIGHT AND LEVEL","DRY","NO DEFECTS","ON SCENE","NO INJURY / DRIVE AWAY",,,,"$500 OR LESS","2026-02-20T08:21:00.000","UNABLE TO DETERMINE","NOT APPLICABLE","4026","N","LEAVITT ST","1911",,,,,,,"2","NO INDICATION OF INJURY","0","0","0","0","0","2","0","8","6","2","41.9549806826","-87.6837855337","POINT (-87.683785533732 41.954980682628)"
"d0470c1e362a5ae5dcceebec715b50a3e5a8c2367fc691c5c444adc0188fb033c91a03cb10e292d20d56629bd47feb0ec19957929eafc751e6426c9c73aa092b",,"2026-02-20T08:16:00.000","30","NO CONTROLS","NO CONTROLS","CLEAR","DAYLIGHT","PEDESTRIAN","DIVIDED - W/MEDIAN (NOT RAISED)",,"STRAIGHT AND LEVEL","DRY","NO DEFECTS","NOT ON SCENE (DESK REPORT)","INJURY AND / OR TOW DUE TO CRASH",,,"Y","OVER $1,500","2026-02-25T15:00:00.000","UNABLE TO DETERMINE","NOT APPLICABLE","8146","S","VINCENNES AVE","622",,,,,,,"2","REPORTED, NOT EVIDENT","1","0","0","0","1","1","0","8","6","2","41.7458359655","-87.6356572491","POINT (-87.635657249117 41.745835965501)"
"d1b8b8dd1b7ec05107a5660d140cb164cbdb9090db827e3def8a75b1222acfcb9398732f28b8aef488f10b9888b3c5922e32fe1ccbe4f6996d36cf8ba86c8e99",,"2026-02-20T08:10:00.000","30","UNKNOWN","UNKNOWN","RAIN","DAYLIGHT","REAR END","FOUR WAY",,"STRAIGHT AND LEVEL","WET","NO DEFECTS","ON SCENE","INJURY AND / OR TOW DUE TO CRASH","Y",,,"$501 - $1,500","2026-02-20T08:22:00.000","FAILING TO REDUCE SPEED TO AVOID CRASH","DISTRACTION - FROM INSIDE VEHICLE","3959","N","CLARK ST","1923",,,,,,,"2","NO INDICATION OF INJURY","0","0","0","0","0","2","0","8","6","2","41.9541468576","-87.6618983804","POINT (-87.661898380361 41.954146857609)"
"44c1fee8e2908d2af273591722531ee88e2a6800bcae8a42cd361c9513e6460081912ffe3785806c7522dd45ff2058e8a93334e234c9e10828d055d4719a280d",,"2026-02-20T08:00:00.000","30","TRAFFIC SIGNAL","FUNCTIONING PROPERLY","CLEAR","DAYLIGHT","REAR TO FRONT","FOUR WAY",,"STRAIGHT AND LEVEL","DRY","NO DEFECTS","NOT ON SCENE (DESK REPORT)","NO INJURY / DRIVE AWAY","Y",,,"OVER $1,500","2026-02-20T08:20:00.000","IMPROPER BACKING","IMPROPER BACKING","2401","W","109TH ST","2212",,,,,,,"2","NO INDICATION OF INJURY","0","0","0","0","0","3","0","8","6","2","41.6953278598","-87.6813707553","POINT (-87.681370755271 41.695327859753)"
"50d259b4e4e5315eb40dd98188d67f329902e16ba912b5a93c536f1fc9adbad7bbbdfb93679c3dbebdb3a2e6d328e47720c24129a9d93522213fa2563aba0dc9",,"2026-02-20T08:00:00.000","30","UNKNOWN","UNKNOWN","UNKNOWN","DAYLIGHT","PARKED MOTOR VEHICLE","NOT DIVIDED",,"STRAIGHT AND LEVEL","UNKNOWN","UNKNOWN","NOT ON SCENE (DESK REPORT)","NO INJURY / DRIVE AWAY",,,,"OVER $1,500","2026-02-21T08:45:00.000","UNABLE TO DETERMINE","UNABLE TO DETERMINE","1926","W","BERTEAU AVE","1912",,,,,,,"2","NO INDICATION OF INJURY","0","0","0","0","0","1","0","8","6","2","41.9579341476","-87.6775308649","POINT (-87.677530864882 41.957934147614)"
"54a3da2b3d1dd92393e3ed06d870050f6169bbee00b353918c08d571e8d8d680c7426e409f66241bc344e41ebcd332ef783f19969efaa9860db05a37e8207de5",,"2026-02-20T08:00:00.000","30","NO CONTROLS","NO CONTROLS","CLOUDY/OVERCAST","DAYLIGHT","SIDESWIPE SAME DIRECTION","NOT DIVIDED",,"STRAIGHT AND LEVEL","WET","UNKNOWN","ON SCENE","NO INJURY / DRIVE AWAY",,,"Y","$500 OR LESS","2026-02-20T08:06:00.000","IMPROPER OVERTAKING/PASSING","DRIVING ON WRONG SIDE/WRONG WAY","3153","S","PULASKI RD","1031",,,,,,,"2","NO INDICATION OF INJURY","0","0","0","0","0","2","0","8","6","2","41.8353254497","-87.7241677799","POINT (-87.724167779866 41.835325449673)"
"94b11200a2a6bcdfbd708de4ad333779a84185b70677394be48cff1c9061762ce7cecbbc5743e2497794f2e14272291d7dc8421701fe44b0346c7bcef3523c54",,"2026-02-20T07:57:00.000","20","NO CONTROLS","NO CONTROLS","CLEAR","DAYLIGHT","SIDESWIPE SAME DIRECTION","PARKING LOT",,"STRAIGHT AND LEVEL","DRY","NO DEFECTS","NOT ON SCENE (DESK REPORT)","NO INJURY / DRIVE AWAY",,,,"OVER $1,500","2026-02-20T17:53:00.000","UNABLE TO DETERMINE","UNABLE TO DETERMINE","210","N","WELLS ST","122",,,,,,,"2","NO INDICATION OF INJURY","0","0","0","0","0","2","0","7","6","2","41.8860283981","-87.6340849831","POINT (-87.63408498312 41.886028398061)"
"324a387834dae6cde6e9cad83a59deb90535cc7a8bfaa7d09a891117cbfbfce3fe2cc91153693b47e94c253069d7b7c0df058f3e4332738d656603f772157451",,"2026-02-20T07:55:00.000","15","NO CONTROLS","NO CONTROLS","FREEZING RAIN/DRIZZLE","DAYLIGHT","PEDESTRIAN","ALLEY",,"STRAIGHT AND LEVEL","WET","WORN SURFACE","ON SCENE","INJURY AND / OR TOW DUE TO CRASH",,,,"$500 OR LESS","2026-02-20T07:55:00.000","UNABLE TO DETERMINE","UNABLE TO DETERMINE","1061","W","ROSEMONT AVE","2433",,,,,,,"2","NONINCAPACITATING INJURY","1","0","0","1","0","1","0","7","6","2","41.9962869188","-87.6580221739","POINT (-87.658022173908 41.996286918847)"
"047fe98a793203a40076f8f10d9f01ec7524ebb45a0c2bdf8041f098b82c6504e1cee594c4363a167943cd208ca9352e41a0a29d4eca3aac9175d86740aaa986",,"2026-02-20T07:50:00.000","20","NO CONTROLS","NO CONTROLS","FREEZING RAIN/DRIZZLE","DAYLIGHT","SIDESWIPE SAME DIRECTION","OTHER",,"STRAIGHT AND LEVEL","WET","NO DEFECTS","ON SCENE","NO INJURY / DRIVE AWAY",,,"Y","OVER $1,500","2026-02-20T07:57:00.000","FOLLOWING TOO CLOSELY","FOLLOWING TOO CLOSELY","134","S","SACRAMENTO BLVD","1124",,,,,,,"2","NO INDICATION OF INJURY","0","0","0","0","0","2","0","7","6","2","41.8787182589","-87.7012901395","POINT (-87.701290139513 41.878718258886)"
"8dcb656945b48c4886dec97af1c3c39693c60d0a77137479afd540cf9318a48c9f8d6192e32507a2e274cbb0d5970bbda833d2967697ec5437ec25578a047664",,"2026-02-20T07:50:00.000","35","NO CONTROLS","NO CONTROLS","CLEAR","DAYLIGHT","SIDESWIPE SAME DIRECTION","DIVIDED - W/MEDIAN (NOT RAISED)",,"STRAIGHT AND LEVEL","DRY","NO DEFECTS","NOT ON SCENE (DESK REPORT)","NO INJURY / DRIVE AWAY",,,,"OVER $1,500","2026-02-20T08:10:00.000","IMPROPER TURNING/NO SIGNAL","NOT APPLICABLE","4005","W","MONTROSE AVE","1722",,,,,,,"2","NO INDICATION OF INJURY","0","0","0","0","0","3","0","7","6","2","41.9608341384","-87.7280536118","POINT (-87.728053611843 41.96083413842)"
"fe31f011c191a9068d5a7e44cc8d473e3b03e1df6f230b856b5acbb4ad5a0907eed64dab30e61b3c129ebf4ba95f31bf449a3494dbaded67daed5fb497076f29",,"2026-02-20T07:42:00.000","30","STOP SIGN/FLASHER","FUNCTIONING PROPERLY","CLOUDY/OVERCAST","DAYLIGHT","PEDESTRIAN","NOT DIVIDED",,"STRAIGHT AND LEVEL","DRY","NO DEFECTS","ON SCENE","INJURY AND / OR TOW DUE TO CRASH","Y",,"Y","OVER $1,500","2026-02-20T07:46:00.000","FAILING TO YIELD RIGHT-OF-WAY","UNABLE TO DETERMINE","1700","W","69TH ST","725",,,,,,,"3","INCAPACITATING INJURY","2","0","1","1","0","1","0","7","6","2","41.7686326808","-87.6664093271","POINT (-87.666409327077 41.768632680791)"
"8024c23d62310bdf4660f4f00d120336af97cf611d1582e710587b407b9744abef85a94766ce90c0b5cbca0e93b2640a19fd2a4d62e02736d0cadf350c46879c",,"2026-02-20T07:39:00.000","5","NO CONTROLS","NO CONTROLS","CLOUDY/OVERCAST","DAYLIGHT","PARKED MOTOR VEHICLE","PARKING LOT",,"STRAIGHT AND LEVEL","DRY","NO DEFECTS","ON SCENE","NO INJURY / DRIVE AWAY",,"Y","Y","OVER $1,500","2026-02-20T08:14:00.000","UNABLE TO DETERMINE","UNABLE TO DETERMINE","2525","S","MICHIGAN AVE","133",,,,,,,"2","NO INDICATION OF INJURY","0","0","0","0","0","1","0","7","6","2","41.8467169566","-87.6233697276","POINT (-87.623369727612 41.846716956646)"
"7e64dee577683b0a89ff0e9a0ef3f0566b4508c6508bdacf57d976509662108bfff00e9928648752fa7a53ee61eaa8f0821c60cbeb050a58f2737692ea26799f",,"2026-02-20T07:35:00.000","30","TRAFFIC SIGNAL","FUNCTIONING PROPERLY","CLOUDY/OVERCAST","DAYLIGHT","TURNING","DIVIDED - W/MEDIAN (NOT RAISED)",,"STRAIGHT AND LEVEL","DRY","NO DEFECTS","NOT ON SCENE (DESK REPORT)","NO INJURY / DRIVE AWAY",,,,"OVER $1,500","2026-02-20T08:19:00.000","UNABLE TO DETERMINE","UNABLE TO DETERMINE","3600","N","CALIFORNIA AVE","1733",,,,,,,"2","NO INDICATION OF INJURY","0","0","0","0","0","3","0","7","6","2","41.9467714106","-87.6981808902","POINT (-87.698180890248 41.946771410628)"
"072ae900b9ae91cd7f3d3de08e1e62595678537960074c718dca22257bac9f2f218fca8a5265670c4f801aba1f2c3346baa499b79a6d16c229f49f0bece4aa80",,"2026-02-20T07:30:00.000","30","NO CONTROLS","NO CONTROLS","CLEAR","DAYLIGHT","REAR END","NOT DIVIDED",,"STRAIGHT AND LEVEL","WET","NO DEFECTS","NOT ON SCENE (DESK REPORT)","NO INJURY / DRIVE AWAY",,,,"OVER $1,500","2026-02-20T11:29:00.000","UNABLE TO DETERMINE","NOT APPLICABLE","600","S","WESTERN AVE","1135",,,,,,,"2","NO INDICATION OF INJURY","0","0","0","0","0","3","0","7","6","2","41.873845896","-87.6863812944","POINT (-87.686381294359 41.873845896018)"
"4d58e0b20ed7676a29ea139e1def68f945bb3d063de38d23f80069bc97b162eff6e3fb74db4cade0c72b0b5f769ed56a03e22ed4301cbb2134ed037f562ef64f",,"2026-02-20T07:30:00.000","20","NO CONTROLS","NO CONTROLS","UNKNOWN","UNKNOWN","PARKED MOTOR VEHICLE","NOT DIVIDED",,"STRAIGHT AND LEVEL","UNKNOWN","UNKNOWN","NOT ON SCENE (DESK REPORT)","INJURY AND / OR TOW DUE TO CRASH",,,,"OVER $1,500","2026-02-20T16:00:00.000","UNABLE TO DETERMINE","NOT APPLICABLE","1898","N","LA CROSSE AVE","2533",,,,,,,"2","NO INDICATION OF INJURY","0","0","0","0","0","1","0","7","6","2","41.9149677244","-87.7489747551","POINT (-87.748974755077 41.914967724418)"
"76ba817dfef629fd902cce5b7e64ebf129c31f0c865b31b7423659067ccf8c1764b396998a03db472e7e65d0b9225a6e1fa05638608450b5b21d249844a09ab7",,"2026-02-20T07:30:00.000","25","NO CONTROLS","NO CONTROLS","CLEAR","DAYLIGHT","PARKED MOTOR VEHICLE","ONE-WAY",,"STRAIGHT AND LEVEL","DRY","NO DEFECTS","NOT ON SCENE (DESK REPORT)","NO INJURY / DRIVE AWAY",,,"Y","OVER $1,500","2026-02-21T11:00:00.000","UNABLE TO DETERMINE","NOT APPLICABLE","1130","N","MASSASOIT AVE","1511",,,,,,,"2","NO INDICATION OF INJURY","0","0","0","0","0","1","0","7","6","2","41.9012044773","-87.7694099559","POINT (-87.769409955941 41.901204477253)"
"f5c939d11a7412554dd839e651667228d2085e0d9da12ba116c72af795fbb3333643200ae1afccca0857d0e76cee6978bed65f0ee1e4a59b6a9bade1a8c51a9e","Y","2026-02-20T07:30:00.000","10","NO CONTROLS","NO CONTROLS","CLEAR","DAYLIGHT","FIXED OBJECT","ONE-WAY",,"STRAIGHT AND LEVEL","DRY","NO DEFECTS","NOT ON SCENE (DESK REPORT)","NO INJURY / DRIVE AWAY",,"Y","Y","OVER $1,500","2026-03-05T12:05:00.000","FAILING TO YIELD RIGHT-OF-WAY","UNABLE TO DETERMINE","55","E","MONROE ST","112",,,,,,,"1","NO INDICATION OF INJURY","0","0","0","0","0","1","0","7","6","2","41.8806878785","-87.6256435041","POINT (-87.625643504087 41.880687878502)"
"d26c46c4dcf7b4affa89e0f495de1ff5da3e54a57ed745d03056ec38c6135dfb2ed8c525374c0b01e733820dd9fcbeec10cf2d813bb83096ea30dc69533eb2fd",,"2026-02-20T07:22:00.000","30","TRAFFIC SIGNAL","NOT FUNCTIONING","OTHER","DAYLIGHT","ANGLE","FOUR WAY",,"STRAIGHT AND LEVEL","WET","UNKNOWN","ON SCENE","INJURY AND / OR TOW DUE TO CRASH","Y","Y",,"OVER $1,500","2026-02-20T07:29:00.000","FAILING TO YIELD RIGHT-OF-WAY","NOT APPLICABLE","1201","N","HAMLIN AVE","2535",,,,,,,"3","NO INDICATION OF INJURY","0","0","0","0","0","2","0","7","6","2","41.9027390786","-87.7212844648","POINT (-87.721284464825 41.902739078629)"
"bc4b6080ea189ea3ffe7617ce878db2211e8f55562933be158ac8a897f2be5a224eed9b470c6e201eaccc5bc23a15b062090149783ae9ab409fe90236c91c77a",,"2026-02-20T07:20:00.000","10","NO CONTROLS","NO CONTROLS","CLEAR","DAYLIGHT","ANGLE","PARKING LOT",,"STRAIGHT AND LEVEL","DRY","NO DEFECTS","NOT ON SCENE (DESK REPORT)","NO INJURY / DRIVE AWAY",,,,"OVER $1,500","2026-02-20T08:00:00.000","FAILING TO YIELD RIGHT-OF-WAY","UNABLE TO DETERMINE","11700","S","AVENUE O","433",,,,,,,"2","NO INDICATION OF INJURY","0","0","0","0","0","7","0","7","6","2","41.6826840631","-87.5402630773","POINT (-87.540263077337 41.682684063109)"
"91dc7283885bc0ea6116b6e6955ddc6c2e0e2128cb683b835caab862910e7f095c03ce87bb8c0b8c7f911c1f3827b38aa9277beac8a8a9c7c723513b8389bdcf",,"2026-02-20T07:15:00.000","15","NO CONTROLS","NO CONTROLS","CLOUDY/OVERCAST","DAYLIGHT","OTHER OBJECT","ALLEY",,"STRAIGHT AND LEVEL","WET","UNKNOWN","NOT ON SCENE (DESK REPORT)","NO INJURY / DRIVE AWAY",,,,"$501 - $1,500","2026-02-20T11:45:00.000","IMPROPER BACKING","UNABLE TO DETERMINE","2211","W","18TH PL","1234",,,,,,,"1","NO INDICATION OF INJURY","0","0","0","0","0","1","0","7","6","2","41.8565835953","-87.6815029482","POINT (-87.681502948201 41.856583595252)"
"e8fadbf1bcbdc57cc43c428d8fbc5949e6db70272f681a5af908ec07317cd10f0c05d06e32da44035a01d67d2686b3c3fa2905eaaed41f9b51c008e15c5f7e74","Y","2026-02-20T07:15:00.000","30","NO CONTROLS","NO CONTROLS","CLEAR","DAYLIGHT","TURNING","NOT DIVIDED",,"STRAIGHT AND LEVEL","DRY","NO DEFECTS","NOT ON SCENE (DESK REPORT)","NO INJURY / DRIVE AWAY",,,,"OVER $1,500","2026-02-20T08:11:00.000","IMPROPER TURNING/NO SIGNAL","UNABLE TO DETERMINE","2559","S","DAMEN AVE","1034",,,,,,,"2","NO INDICATION OF INJURY","0","0","0","0","0","2","0","7","6","2","41.8451459696","-87.6755113415","POINT (-87.675511341539 41.845145969566)"