"crash_record_id","crash_date_est_i","crash_date","posted_speed_limit","traffic_control_device","device_condition","weather_condition","lighting_condition","first_crash_type","trafficway_type","lane_cnt","alignment","roadway_surface_cond","road_defect","report_type","crash_type","intersection_related_i","private_property_i","hit_and_run_i","damage","date_police_notified","prim_contributory_cause","sec_contributory_cause","street_no","street_direction","street_name","beat_of_occurrence","photos_taken_i","statements_taken_i","dooring_i","work_zone_i","work_zone_type","workers_present_i","num_units","most_severe_injury","injuries_total","injuries_fatal","injuries_incapacitating","injuries_non_incapacitating","injuries_reported_not_evident","injuries_no_indication","injuries_unknown","crash_hour","crash_day_of_week","crash_month","latitude","longitude","location"
"6b561355cabe7c218b8620787933f067e96700f02bc2fdf4cd42efe048ef63a89ea2ef929d7d8ae998d06201a87c211bad08335db696525c01b912c34b088fe9",,"2026-02-20T07:02:00.000","30","STOP SIGN/FLASHER","FUNCTIONING PROPERLY","FREEZING RAIN/DRIZZLE","UNKNOWN","ANGLE","NOT DIVIDED",,"STRAIGHT AND LEVEL","WET","UNKNOWN","NOT ON SCENE (DESK REPORT)","NO INJURY / DRIVE AWAY","Y",,,"$501 - $1,500","2026-02-20T08:50:00.000","UNABLE TO DETERMINE","UNABLE TO DETERMINE","3319","W","55TH ST","822",,,,,,,"2","NO INDICATION OF INJURY","0","0","0","0","0","3","0","7","6","2","41.7933560818","-87.7068907355","POINT (-87.706890735464 41.793356081778)"
"9ea5c5298bd46d4db5e42a47233cb2343e390f3ec6d73e41959f06a86a85ce9344964f0f54958984e84421e7561f3232fe2485e326c9b30066c31319645921ae",,"2026-02-20T07:00:00.000","30","TRAFFIC SIGNAL","FUNCTIONING PROPERLY","CLEAR","DARKNESS, LIGHTED ROAD","ANGLE","ONE-WAY",,"STRAIGHT AND LEVEL","DRY","NO DEFECTS","NOT ON SCENE (DESK REPORT)","NO INJURY / DRIVE AWAY","Y",,,"OVER $1,500","2026-02-20T16:00:00.000","UNABLE TO DETERMINE","UNABLE TO DETERMINE","1653","W","CONGRESS PKWY","1231",,,,,,,"2","NO INDICATION OF INJURY","0","0","0","0","0","2","0","7","6","2","41.8750333414","-87.6687530013","POINT (-87.668753001303 41.875033341441)"
"fcc68ad0e3406b162dc0150d634c01fb2cb7b8d31116b428ff5ee971f89b93e9dcf54754ae913aefd25d13a316f147eb8dfd3be8b0606136f9e32204e94fb288",,"2026-02-20T06:50:00.000","30","TRAFFIC SIGNAL","FUNCTIONING PROPERLY","CLEAR","DAYLIGHT","SIDESWIPE SAME DIRECTION","DIVIDED - W/MEDIAN (NOT RAISED)",,"STRAIGHT AND LEVEL","DRY","NO DEFECTS","NOT ON SCENE (DESK REPORT)","NO INJURY / DRIVE AWAY","Y",,,"OVER $1,500","2026-02-20T17:15:00.000","UNABLE TO DETERMINE","NOT APPLICABLE","1598","W","76TH ST","612",,,,,,,"2","NO INDICATION OF INJURY","0","0","0","0","0","2","0","6","6","2","41.7559247861","-87.6634971453","POINT (-87.663497145252 41.755924786068)"
"180cde67d7972397935f03b5b034feab788446c4055da080675a7fcf0fc2ad373bdd37513956bdf2b19a0e895ef784e51a6ad3236091b3b8b0fe1554a1bd4da4",,"2026-02-20T06:40:00.000","30","NO CONTROLS","NO CONTROLS","FREEZING RAIN/DRIZZLE","DUSK","TURNING","NOT DIVIDED",,"STRAIGHT AND LEVEL","WET","UNKNOWN","ON SCENE","NO INJURY / DRIVE AWAY",,,,"OVER $1,500","2026-02-20T06:50:00.000","WEATHER","FOLLOWING TOO CLOSELY","5543","S","HALSTED ST","711",,,,,,,"2","NO INDICATION OF INJURY","0","0","0","0","0","2","0","6","6","2","41.7926187781","-87.6449695323","POINT (-87.644969532258 41.792618778067)"
"af583ae6711a721313d039814cc4f8d2680e1db225729d3ca80a1926a9b4f6b78fab7cc324b6798ae89062b667ae7904bd3f593f0e9d2de58d6738ad2a0c972a","Y","2026-02-20T06:30:00.000","30","NO CONTROLS","NO CONTROLS","UNKNOWN","UNKNOWN","PARKED MOTOR VEHICLE","NOT DIVIDED",,"STRAIGHT AND LEVEL","UNKNOWN","UNKNOWN","NOT ON SCENE (DESK REPORT)","INJURY AND / OR TOW DUE TO CRASH",,,"Y","OVER $1,500","2026-02-20T08:15:00.000","UNABLE TO DETERMINE","UNABLE TO DETERMINE","5800","S","SANGAMON ST","712",,,,,,,"2","NO INDICATION OF INJURY","0","0","0","0","0","1","0","6","6","2","41.7887522393","-87.6488085966","POINT (-87.648808596633 41.788752239286)"
"05c13ffe8e3b8fbed8bd79d826fda5b99f2f5eaba85cbc010f9c9df42519c362e113777a19909f9a46f9630e1172bae7172fc0d63303d96ab7e217926dc93d58",,"2026-02-20T06:23:00.000","30","TRAFFIC SIGNAL","FUNCTIONING PROPERLY","CLOUDY/OVERCAST","DAYLIGHT","REAR END","DIVIDED - W/MEDIAN (NOT RAISED)",,"STRAIGHT AND LEVEL","WET","UNKNOWN","NOT ON SCENE (DESK REPORT)","NO INJURY / DRIVE AWAY","Y",,,"OVER $1,500","2026-02-20T06:55:00.000","FOLLOWING TOO CLOSELY","UNABLE TO DETERMINE","1401","S","ASHLAND AVE","1233",,,,,,,"2","NO INDICATION OF INJURY","0","0","0","0","0","2","0","6","6","2","41.8632243602","-87.6661479405","POINT (-87.666147940483 41.863224360224)"
"1a0fb0e0117143326f2e7e95e12490ebccb58385bf75f3bdb60522f9167d3d7630841fcb5cc8e4ddb9d25a9e6418cd11f705a140cab6d0966b117401dcb6285a",,"2026-02-20T06:07:00.000","35","UNKNOWN","UNKNOWN","RAIN","DARKNESS","REAR TO SIDE","UNKNOWN",,"STRAIGHT AND LEVEL","WET","UNKNOWN","ON SCENE","NO INJURY / DRIVE AWAY","Y",,,"OVER $1,500","2026-02-20T06:12:00.000","IMPROPER LANE USAGE","IMPROPER OVERTAKING/PASSING","33","E","IDA B WELLS DR","123",,,,,,,"2","NO INDICATION OF INJURY","0","0","0","0","0","2","0","6","6","2","41.8755731605","-87.6263761117","POINT (-87.626376111661 41.875573160461)"
"cecda60e162bd9d558cc0db5b4514cb4b0f5d2832eb92a0215989d877d48684a9d75bb4e123256505336f46dbeaec0c3d9b9e7e6540db4a2fde36fb53c3064f8",,"2026-02-20T06:00:00.000","30","STOP SIGN/FLASHER","FUNCTIONING PROPERLY","CLEAR","DARKNESS, LIGHTED ROAD","PEDESTRIAN","FOUR WAY",,"STRAIGHT AND LEVEL","DRY","NO DEFECTS","ON SCENE","INJURY AND / OR TOW DUE TO CRASH","Y",,,"$500 OR LESS","2026-02-20T06:45:00.000","FAILING TO YIELD RIGHT-OF-WAY","FAILING TO REDUCE SPEED TO AVOID CRASH","9900","S","PROSPECT AVE","2213",,,,,,,"2","REPORTED, NOT EVIDENT","1","0","0","0","1","1","0","6","6","2","41.7138784509","-87.6634539866","POINT (-87.663453986593 41.713878450892)"
"f1a160a6026d5bd8ff10b591d07beadc3069a115eae69ae8c9e177b39391e5790126d80f13c9c7375bc7912a97fbbfcc2386249ebefd059d27a7ae0e15e327c3","Y","2026-02-20T06:00:00.000","30","NO CONTROLS","NO CONTROLS","RAIN","DARKNESS, LIGHTED ROAD","PARKED MOTOR VEHICLE","NOT DIVIDED",,"STRAIGHT AND LEVEL","WET","NO DEFECTS","NOT ON SCENE (DESK REPORT)","NO INJURY / DRIVE AWAY",,,"Y","OVER $1,500","2026-02-20T09:40:00.000","UNABLE TO DETERMINE","NOT APPLICABLE","11305","S","RACINE AVE","2234",,,,,,,"2","NO INDICATION OF INJURY","0","0","0","0","0","1","0","6","6","2","41.6883691096","-87.6518401231","POINT (-87.65184012308 41.688369109598)"
"18fd5b99059d2d118027be95c5d18b0757aab58466bb45eccbe78d55984c4eca92c9b7871a3b05e53224506e1400d6e733f6f48ace7383cb3d38160f6ca28ecf",,"2026-02-20T05:50:00.000","30","TRAFFIC SIGNAL","FUNCTIONING PROPERLY","RAIN","DARKNESS, LIGHTED ROAD","ANGLE","NOT DIVIDED",,"STRAIGHT AND LEVEL","WET","NO DEFECTS",,"INJURY AND / OR TOW DUE TO CRASH","Y",,"Y","OVER $1,500","2026-02-20T05:50:00.000","UNABLE TO DETERMINE","NOT APPLICABLE","3532","N","ELSTON AVE","1733",,,,,,,"3","FATAL","2","1","0","1","0","2","0","5","6","2","41.9454555541","-87.7073460213","POINT (-87.70734602129 41.945455554095)"
"00852e7317526cdc9a2a887f70408afdeddaa7ffde1d4e9269bd3ba614962a80f8772c38fac905232c81608a44e64821431128d9bbfb8b7484bc47d8dd72cfbf",,"2026-02-20T05:45:00.000","30","NO CONTROLS","NO CONTROLS","CLOUDY/OVERCAST","DARKNESS, LIGHTED ROAD","TURNING","DIVIDED - W/MEDIAN (NOT RAISED)",,"STRAIGHT AND LEVEL","WET","NO DEFECTS","ON SCENE","NO INJURY / DRIVE AWAY",,,,"OVER $1,500","2026-02-20T05:55:00.000","IMPROPER TURNING/NO SIGNAL","FAILING TO YIELD RIGHT-OF-WAY","6029","N","SHERIDAN RD","2433",,,,,,,"2","NO INDICATION OF INJURY","0","0","0","0","0","2","0","5","6","2","41.9918240617","-87.6552926645","POINT (-87.655292664471 41.991824061688)"
"a7dac46a54d87b06747cedd6c22592ca08544e37c5aa7a9d2a88966b0b19cc14d4a290daa92fcb56f83c11894b81e308447c52d83bea25eb61bbdb02b7508583",,"2026-02-20T05:39:00.000","30","TRAFFIC SIGNAL","FUNCTIONING PROPERLY","RAIN","DARKNESS, LIGHTED ROAD","ANGLE","NOT DIVIDED",,"STRAIGHT AND LEVEL","WET","UNKNOWN",,"INJURY AND / OR TOW DUE TO CRASH","Y",,,"OVER $1,500","2026-02-20T05:40:00.000","DISREGARDING TRAFFIC SIGNALS","NOT APPLICABLE","2000","N","WESTERN AVE","1431",,"Y",,,,,"2","NO INDICATION OF INJURY","0","0","0","0","0","2","0","5","6","2","41.9176038179","-87.6875578776","POINT (-87.687557877557 41.917603817942)"
"db032e2a3e89fde89e3e0b80c4935329cdd55ca35aed3294b9125614d50b9028e9cc2a619ebeb30e8d018f0c8883883cc3a196a3df42b1492d8b5be878a00c7b",,"2026-02-20T05:30:00.000","30","NO CONTROLS","NO CONTROLS","CLEAR","DARKNESS","PARKED MOTOR VEHICLE","NOT DIVIDED",,"STRAIGHT AND LEVEL","DRY","NO DEFECTS","NOT ON SCENE (DESK REPORT)","NO INJURY / DRIVE AWAY",,,"Y","OVER $1,500","2026-02-25T11:34:00.000","UNABLE TO DETERMINE","NOT APPLICABLE","3217","W","48TH PL","821",,,,,,,"2","NO INDICATION OF INJURY","0","0","0","0","0","1","0","5","6","2","41.8055796777","-87.7046471415","POINT (-87.704647141526 41.80557967771)"
"0931537cf58e54d02d180635036fc0c987777590eb4256eddbc7a0601fbeee51ae9d5421b0f655aa2f5ad00cbc31ef0bc26c9f76f5050c1d4ff25e51b9cc928e",,"2026-02-20T04:03:00.000","40","NO CONTROLS","NO CONTROLS","CLEAR","DARKNESS, LIGHTED ROAD","FIXED OBJECT","ONE-WAY",,"STRAIGHT AND LEVEL","WET","NO DEFECTS","ON SCENE","INJURY AND / OR TOW DUE TO CRASH",,,,"OVER $1,500","2026-02-20T04:05:00.000","UNABLE TO DETERMINE","UNABLE TO DETERMINE","1531","N","LAKE SHORE DR SB","1824",,,,,,,"2","NO INDICATION OF INJURY","0","0","0","0","0","3","0","4","6","2","41.9104578256","-87.6255786081","POINT (-87.625578608064 41.910457825645)"
"711f89758e115fca2b24512461ffe6739ac48059e2c92842616e53f9ae8b8c9ed3dd03217fba749240a6db254f17f9ad0902ea0de444b0b5734e59b7b445b09e",,"2026-02-20T03:07:00.000","30","NO CONTROLS","NO CONTROLS","UNKNOWN","UNKNOWN","PARKED MOTOR VEHICLE","DIVIDED - W/MEDIAN (NOT RAISED)",,"STRAIGHT AND LEVEL","UNKNOWN","UNKNOWN","NOT ON SCENE (DESK REPORT)","NO INJURY / DRIVE AWAY",,,"Y","OVER $1,500","2026-02-23T20:30:00.000","UNABLE TO DETERMINE","NOT APPLICABLE","1029","N","LARAMIE AVE","1531",,,,,,,"2","NO INDICATION OF INJURY","0","0","0","0","0","1","0","3","6","2","41.8994734047","-87.7555638008","POINT (-87.755563800835 41.89947340474)"
"a56e6b55b7f765a2f50ad633198dbeeb3727bdd0432399e2a9267f018c79220d902ba44dda5f876879f3b045004b2989c09d1e81511cd5bed6ef089d41e6bc4f",,"2026-02-20T03:00:00.000","30","UNKNOWN","UNKNOWN","UNKNOWN","UNKNOWN","TURNING","UNKNOWN",,"STRAIGHT AND LEVEL","UNKNOWN","UNKNOWN","NOT ON SCENE (DESK REPORT)","NO INJURY / DRIVE AWAY",,,,"OVER $1,500","2026-02-20T22:28:00.000","UNABLE TO DETERMINE","UNABLE TO DETERMINE","9300","S","CREGIER AVE","413",,,,,,,"2","NO INDICATION OF INJURY","0","0","0","0","0","2","0","3","6","2","41.7259562079","-87.5804622178","POINT (-87.580462217799 41.725956207928)"
"0ae7fdbd1085263b713d901a520e2e6b996b509e629437c726ab87b0a8acfd61d8eaba3476e27495d50009e5a5ba339095e67647cc6e8bf148f3b79afdb855dc",,"2026-02-20T02:48:00.000","30","TRAFFIC SIGNAL","FUNCTIONING PROPERLY","CLEAR","DARKNESS, LIGHTED ROAD","ANGLE","FOUR WAY",,"STRAIGHT AND LEVEL","WET","NO DEFECTS","ON SCENE","INJURY AND / OR TOW DUE TO CRASH","Y",,,"OVER $1,500","2026-02-20T02:49:00.000","FAILING TO YIELD RIGHT-OF-WAY","UNABLE TO DETERMINE","3900","S","WESTERN BLVD","921",,"Y",,,,,"3","NONINCAPACITATING INJURY","1","0","0","1","0","3","0","2","6","2","41.8229636279","-87.6843847854","POINT (-87.684384785413 41.82296362788)"
"39978027bf993aa75ca1a0b6fc2af931edd30d5b4de1c6b03428e43a80ae06cae841be33aa9c4aad9ca54ebec0cc73d71b0b94fc7c9fd67c0ffcb98add479e42",,"2026-02-20T02:04:00.000","25","NO CONTROLS","NO CONTROLS","CLOUDY/OVERCAST","DARKNESS, LIGHTED ROAD","PARKED MOTOR VEHICLE","NOT DIVIDED",,"STRAIGHT AND LEVEL","WET","NO DEFECTS","ON SCENE","INJURY AND / OR TOW DUE TO CRASH",,,,"OVER $1,500","2026-02-20T02:04:00.000","UNDER THE INFLUENCE OF ALCOHOL/DRUGS (USE WHEN ARREST IS EFFECTED)","NOT APPLICABLE","3918","N","LOCKWOOD AVE","1634",,,,,,,"2","NO INDICATION OF INJURY","0","0","0","0","0","1","0","2","6","2","41.9520267401","-87.7597164817","POINT (-87.759716481691 41.95202674011)"
"a193d526008146724d2252979044033f65cc0d54a4fc2c0884dc744c8fab744aa7294e869804ed1c9536c69189318060cc4551c63fe33a4c9bd2691105f73136","Y","2026-02-20T02:00:00.000","30","NO CONTROLS","NO CONTROLS","RAIN","DARKNESS, LIGHTED ROAD","PARKED MOTOR VEHICLE","ONE-WAY",,"STRAIGHT AND LEVEL","WET","NO DEFECTS","NOT ON SCENE (DESK REPORT)","NO INJURY / DRIVE AWAY",,,"Y","OVER $1,500","2026-02-20T13:00:00.000","UNABLE TO DETERMINE","NOT APPLICABLE","4229","W","30TH ST","1031",,,,,,,"2","NO INDICATION OF INJURY","0","0","0","0","0","1","0","2","6","2","41.8385448061","-87.7304135942","POINT (-87.730413594234 41.838544806094)"
"b6901d65b7cbb7fc8536348565a659fe18a6ebe5049506cd9aa46be3f942565c385197859a7f1952c3874a34277d16dfbcb1942e2628a140521e844f76874f65","Y","2026-02-20T01:39:00.000","30","TRAFFIC SIGNAL","FUNCTIONING PROPERLY","RAIN","DARKNESS, LIGHTED ROAD","REAR END","NOT DIVIDED",,"STRAIGHT AND LEVEL","WET","NO DEFECTS","ON SCENE","NO INJURY / DRIVE AWAY","Y",,,"$500 OR LESS","2026-02-20T01:41:00.000","UNABLE TO DETERMINE","UNABLE TO DETERMINE","2357","N","CALIFORNIA AVE","1431",,,,,,,"2","NO INDICATION OF INJURY","0","0","0","0","0","3","0","1","6","2","41.924476531","-87.6972574689","POINT (-87.697257468867 41.924476531019)"
"254e91cee42359b7fc78d235e60efa25dba0c0a460f3c017e20a62ad386e98c962b9108567433fbf349f6f2cd433b3e82712049ee521dc122a27de931e15485e",,"2026-02-20T01:30:00.000","30","STOP SIGN/FLASHER","FUNCTIONING PROPERLY","CLOUDY/OVERCAST","DAYLIGHT","REAR END","NOT DIVIDED",,"STRAIGHT AND LEVEL","DRY","NO DEFECTS","ON SCENE","NO INJURY / DRIVE AWAY",,,,"$501 - $1,500","2026-02-20T10:35:00.000","FOLLOWING TOO CLOSELY","NOT APPLICABLE","4137","S","CALIFORNIA AVE","921",,,,,,,"2","NO INDICATION OF INJURY","0","0","0","0","0","2","0","1","6","2","41.818114337","-87.6943631519","POINT (-87.694363151861 41.818114337033)"
"2dc801e9714bfaa8fea1106e5f97f743aa175be67115c6dbfe15f25d9bead327fb5916013c1d40109b99b0b59150e64d50a7c42e9c6c9ebba303090edec66d0e","Y","2026-02-20T01:14:00.000","30","TRAFFIC SIGNAL","FUNCTIONING PROPERLY","RAIN","DARKNESS, LIGHTED ROAD","PARKED MOTOR VEHICLE","OTHER",,"STRAIGHT AND LEVEL","WET","DEBRIS ON ROADWAY","ON SCENE","NO INJURY / DRIVE AWAY",,,"Y","OVER $1,500","2026-02-20T02:14:00.000","UNABLE TO DETERMINE","NOT APPLICABLE","467","E","65TH ST","312",,,,,,,"2","NO INDICATION OF INJURY","0","0","0","0","0","2","0","1","6","2","41.7765370597","-87.6131875102","POINT (-87.61318751019 41.7765370597)"
"3aec350466eb144635ab3a0ee4b40367082691ff9bd6df9a056c906ee1cc3fea8e1a240131a93494e132ceaba26da30e5aec8d02d1539ffe68999f9919cb2170",,"2026-02-20T01:00:00.000","30","TRAFFIC SIGNAL","FUNCTIONING PROPERLY","CLEAR","DARKNESS, LIGHTED ROAD","TURNING","FOUR WAY",,"STRAIGHT AND LEVEL","WET","UNKNOWN","NOT ON SCENE (DESK REPORT)","NO INJURY / DRIVE AWAY","Y",,,"$501 - $1,500","2026-02-20T01:25:00.000","UNABLE TO DETERMINE","UNABLE TO DETERMINE","100","E","WACKER DR","114",,,,,,,"2","NO INDICATION OF INJURY","0","0","0","0","0","2","0","1","6","2","41.888403032","-87.6243964228","POINT (-87.624396422774 41.888403031993)"
"90bcec1fe4094c718bc316cc61b544ea261c8a41e8e72ad68511fd4da6dcbecd227290280c2a905e5dac2fe30194eadea494f19e7a94673c1a62dae80fcdef57",,"2026-02-20T00:30:00.000","30","TRAFFIC SIGNAL","FUNCTIONING PROPERLY","RAIN","DARKNESS","REAR END","DIVIDED - W/MEDIAN BARRIER",,"STRAIGHT AND LEVEL","WET","NO DEFECTS","NOT ON SCENE (DESK REPORT)","NO INJURY / DRIVE AWAY",,,,"OVER $1,500","2026-02-20T17:00:00.000","FOLLOWING TOO CLOSELY","FOLLOWING TOO CLOSELY","2600","W","63RD ST","825",,,,,,,"2","NO INDICATION OF INJURY","0","0","0","0","0","2","0","0","6","2","41.7792969745","-87.6885860471","POINT (-87.688586047146 41.7792969745)"
"40fcaaf9e0af7c84e662c838e2876a6a490c620a11ef7e9b2b068a6ba4c4d1860ae575be73ae4939f84e233215fabe095c233de8051f17ad9b0618464070ff7b",,"2026-02-20T00:00:00.000","30","NO CONTROLS","NO CONTROLS","OTHER","DARKNESS, LIGHTED ROAD","TURNING","DIVIDED - W/MEDIAN (NOT RAISED)",,"STRAIGHT AND LEVEL","WET","UNKNOWN","ON SCENE","NO INJURY / DRIVE AWAY",,,,"OVER $1,500","2026-02-20T00:10:00.000","FAILING TO YIELD RIGHT-OF-WAY","FAILING TO YIELD RIGHT-OF-WAY","134","N","CICERO AVE","1532",,,,,,,"2","NO INDICATION OF INJURY","0","0","0","0","0","2","0","0","6","2","41.8829957546","-87.7455177869","POINT (-87.745517786886 41.882995754616)"
"83f78e97d4febb9b5c9dd6679ea4d421d1da9eb3c6c831678b0402d4d6f7e4c486bf6844ddbba8285d9d3a4c376317ef1ffc500339b6cd52341904881cc68e29",,"2026-02-19T23:26:00.000","30","NO CONTROLS","NO CONTROLS","RAIN","DARKNESS, LIGHTED ROAD","SIDESWIPE SAME DIRECTION","NOT DIVIDED",,"STRAIGHT AND LEVEL","WET","UNKNOWN","ON SCENE","INJURY AND / OR TOW DUE TO CRASH",,,,"$501 - $1,500","2026-02-19T23:33:00.000","FAILING TO YIELD RIGHT-OF-WAY","IMPROPER OVERTAKING/PASSING","1225","N","WELLS ST","1821",,,,,,,"2","NO INDICATION OF INJURY","0","0","0","0","0","2","0","23","5","2","41.9046504825","-87.6343606727","POINT (-87.634360672708 41.904650482462)"
"3b966bd7c0f334ee793c31fc40893d950ff31e4bd62827cf97184f7317ff6e3775f210f111cbcf700ee6a1e95eac3cb70730beadad29f85764f7e1396b2606af",,"2026-02-19T23:22:00.000","25","NO CONTROLS","NO CONTROLS","CLEAR","DARKNESS, LIGHTED ROAD","REAR END","DIVIDED - W/MEDIAN (NOT RAISED)",,"STRAIGHT AND LEVEL","WET","NO DEFECTS","ON SCENE","NO INJURY / DRIVE AWAY",,,,"OVER $1,500","2026-02-19T23:22:00.000","FOLLOWING TOO CLOSELY","UNABLE TO DETERMINE","5600","S","PAYNE DR","233",,,,,,,"2","NO INDICATION OF INJURY","0","0","0","0","0","3","0","23","5","2","41.7930618931","-87.6081342269","POINT (-87.608134226854 41.793061893127)"
"9a3ed9b2bffcf1a731e8d17b462c772463166bb2a7689d90d48bd2c993ed7521856bb5b3ba21a208edd92b0cd9ad2374b1dcea55be34c1de628289e5d08fe471",,"2026-02-19T23:15:00.000","45","NO CONTROLS","NO CONTROLS","RAIN","DARKNESS, LIGHTED ROAD","SIDESWIPE SAME DIRECTION","DIVIDED - W/MEDIAN BARRIER",,"STRAIGHT AND LEVEL","WET","UNKNOWN","ON SCENE","NO INJURY / DRIVE AWAY",,,,"$501 - $1,500","2026-02-19T23:17:00.000","IMPROPER OVERTAKING/PASSING","WEATHER","800","N","LAKE SHORE DR SB","1833",,,,,,,"2","NO INDICATION OF INJURY","0","0","0","0","0","2","0","23","5","2","41.8968049724","-87.6170274232","POINT (-87.617027423234 41.896804972416)"
"1cecabe6b805390651ae2b15dfe0772a51268e26ccef06bc4a7cef1451709803d68465146b6168f36da70bd74ad2de85453a48ae73fcc8c4bf3fd05dfc44b0b5",,"2026-02-19T23:12:00.000","30","TRAFFIC SIGNAL","FUNCTIONING PROPERLY","RAIN","DARKNESS, LIGHTED ROAD","SIDESWIPE SAME DIRECTION","T-INTERSECTION",,"STRAIGHT AND LEVEL","WET","NO DEFECTS","NOT ON SCENE (DESK REPORT)","NO INJURY / DRIVE AWAY",,,,"$501 - $1,500","2026-02-19T23:47:00.000","UNABLE TO DETERMINE","NOT APPLICABLE","138","W","CERMAK RD","914",,,,,,,"2","NO INDICATION OF INJURY","0","0","0","0","0","3","0","23","5","2","41.8529769859","-87.6309693986","POINT (-87.630969398558 41.85297698594)"
"8b8e4fce10dd949528eb671e83914c4409e05b1a08ff25082bdf01eb54a897978234720eda042f0924192776f24708c9c3ef5b6c45e14a7c4b7db3415c5bd705",,"2026-02-19T23:05:00.000","30","NO CONTROLS","NO CONTROLS","RAIN","DARKNESS, LIGHTED ROAD","REAR END","NOT DIVIDED",,"STRAIGHT AND LEVEL","WET","NO DEFECTS","ON SCENE","NO INJURY / DRIVE AWAY",,,,"$501 - $1,500","2026-02-19T23:34:00.000","DRIVING SKILLS/KNOWLEDGE/EXPERIENCE","NOT APPLICABLE","4555","W","59TH ST","813",,,,,,,"2","NO INDICATION OF INJURY","0","0","0","0","0","2","0","23","5","2","41.7856759445","-87.7373937286","POINT (-87.737393728604 41.78567594446)"
"820e17faf99589db554d2f2b7cb2aac4b1ee3c803f7b61f3614e9381c7ba390d7de8b89ac630adad4c2ad43c5514f4121b4eb6bd7a7da94e5b5f99a7c83cc6a0",,"2026-02-19T23:00:00.000","25","NO CONTROLS","NO CONTROLS","CLEAR","DARKNESS, LIGHTED ROAD","PARKED MOTOR VEHICLE","ONE-WAY",,"STRAIGHT AND LEVEL","DRY","NO DEFECTS","NOT ON SCENE (DESK REPORT)","NO INJURY / DRIVE AWAY",,,"Y","$501 - $1,500","2026-02-20T10:00:00.000","UNABLE TO DETERMINE","UNABLE TO DETERMINE","4838","N","SPRINGFIELD AVE","1712",,,,,,,"2","NO INDICATION OF INJURY","0","0","0","0","0","1","0","23","5","2","41.9694481021","-87.7257821867","POINT (-87.725782186724 41.969448102074)"
"b77143cd4499033e76d8599ea2489e06b3cb5d86b1cf3c3c807acb8e9b593ea9421a50d5f3f176df36edb00f93b543c0fc000b224f4c337399aaf6f3fb2059eb","Y","2026-02-19T22:30:00.000","30","STOP SIGN/FLASHER","FUNCTIONING PROPERLY","RAIN","DARKNESS, LIGHTED ROAD","PEDESTRIAN","FOUR WAY",,"STRAIGHT AND LEVEL","WET","UNKNOWN","ON SCENE","INJURY AND / OR TOW DUE TO CRASH","Y",,"Y","OVER $1,500","2026-02-19T23:53:00.000","UNABLE TO DETERMINE","UNABLE TO DETERMINE","2259","S","CALIFORNIA AVE","1034",,,,,,,"2","REPORTED, NOT EVIDENT","1","0","0","0","1","1","0","22","5","2","41.8501279288","-87.6952530409","POINT (-87.695253040863 41.850127928791)"
"b6cec10036662198fc020102db5b49f544ca7fc00b5831762111792af51f4904ed6aa573b599eed5952a410d0792d5850e9c43ce643e14f75b98469b67887c3a",,"2026-02-19T22:19:00.000","15","STOP SIGN/FLASHER","FUNCTIONING PROPERLY","RAIN","DARKNESS, LIGHTED ROAD","PEDESTRIAN","FOUR WAY",,"STRAIGHT AND LEVEL","WET","NO DEFECTS",,"INJURY AND / OR TOW DUE TO CRASH",,,"Y","OVER $1,500","2026-02-19T22:19:00.000","UNABLE TO DETERMINE","UNABLE TO DETERMINE","200","N","GREEN ST","1214",,,,,,,"2","REPORTED, NOT EVIDENT","1","0","0","0","1","1","0","22","5","2","41.8856991972","-87.6487890894","POINT (-87.648789089379 41.885699197163)"
"f011c9d78674d6206e9b79a71217e7e9772bc2a8d9c4c233a517d2dbf7aa84979c304b6157b3de82ad46ad4ffa833cd8d392cc27921d8c06721931db924eae58",,"2026-02-19T22:00:00.000","30","OTHER","UNKNOWN","RAIN","DARKNESS, LIGHTED ROAD","REAR END","ONE-WAY",,"STRAIGHT AND LEVEL","WET","NO DEFECTS","NOT ON SCENE (DESK REPORT)","NO INJURY / DRIVE AWAY",,,,"$500 OR LESS","2026-02-19T23:30:00.000","UNABLE TO DETERMINE","UNABLE TO DETERMINE","1665","W","WASHINGTON BLVD","1224",,,,,,,"2","NO INDICATION OF INJURY","0","0","0","0","0","2","0","22","5","2","41.883150987","-87.6692307105","POINT (-87.669230710497 41.883150987018)"
"fecf8482c3385c8fcf5b333a8512a3533d56846b439c6103b334bbafaddc8b36b915a3ed41ba3a2acb5a2ae2dc270e99358408c4f970e987efd31fbcff18c7e2",,"2026-02-19T22:00:00.000","30","UNKNOWN","UNKNOWN","UNKNOWN","UNKNOWN","PARKED MOTOR VEHICLE","ONE-WAY",,"STRAIGHT AND LEVEL","UNKNOWN","UNKNOWN","NOT ON SCENE (DESK REPORT)","NO INJURY / DRIVE AWAY",,,"Y","OVER $1,500","2026-02-20T00:20:00.000","UNABLE TO DETERMINE","UNABLE TO DETERMINE","3219","W","CARROLL AVE","1123","N",,,,,,"2","NO INDICATION OF INJURY","0","0","0","0","0","1","0","22","5","2","41.8874021551","-87.7070856039","POINT (-87.707085603857 41.887402155077)"