"crash_record_id","crash_date_est_i","crash_date","posted_speed_limit","traffic_control_device","device_condition","weather_condition","lighting_condition","first_crash_type","trafficway_type","lane_cnt","alignment","roadway_surface_cond","road_defect","report_type","crash_type","intersection_related_i","private_property_i","hit_and_run_i","damage","date_police_notified","prim_contributory_cause","sec_contributory_cause","street_no","street_direction","street_name","beat_of_occurrence","photos_taken_i","statements_taken_i","dooring_i","work_zone_i","work_zone_type","workers_present_i","num_units","most_severe_injury","injuries_total","injuries_fatal","injuries_incapacitating","injuries_non_incapacitating","injuries_reported_not_evident","injuries_no_indication","injuries_unknown","crash_hour","crash_day_of_week","crash_month","latitude","longitude","location"
"c5b534a67a3e50bc7dbabb915094e6ef6c73efb3a720f8b0a390f480c1402b45805c15e1ed224dd2266a4ade03e514300b3b052e1034e96ffc80b01d4636faa9",,"2026-02-19T21:30:00.000","30","TRAFFIC SIGNAL","UNKNOWN","RAIN","DARKNESS, LIGHTED ROAD","REAR END","ONE-WAY",,"STRAIGHT AND LEVEL","WET","UNKNOWN","NOT ON SCENE (DESK REPORT)","NO INJURY / DRIVE AWAY",,,,"OVER $1,500","2026-02-19T22:46:00.000","UNABLE TO DETERMINE","UNABLE TO DETERMINE","9300","S","STONY ISLAND AVE","413",,,,,,,"2","NO INDICATION OF INJURY","0","0","0","0","0","2","0","21","5","2","41.7258881","-87.5855587858","POINT (-87.585558785787 41.725888099989)"
"08ddef46aa9ee5ca7a81c5a648008a5546b2b3dd2989b2906dc8803f421b0562c37bd76135ec4bffd0a17018763285976559773fa28c8f1fc5f933f351bdf5d7",,"2026-02-19T21:00:00.000","10","NO CONTROLS","NO CONTROLS","CLEAR","DARKNESS","PARKED MOTOR VEHICLE","PARKING LOT",,"STRAIGHT AND LEVEL","DRY","NO DEFECTS","NOT ON SCENE (DESK REPORT)","NO INJURY / DRIVE AWAY",,,"Y","OVER $1,500","2026-02-20T12:03:00.000","UNABLE TO DETERMINE","UNABLE TO DETERMINE","2620","W","PERSHING RD","911",,,,,,,"2","NO INDICATION OF INJURY","0","0","0","0","0","1","0","21","5","2","41.8229692221","-87.6907339998","POINT (-87.690733999798 41.822969222068)"
"e72936c435536a59da0f8ef594b137763aeb11b8f5fe608dc655172301f4288d05c1bfbe1104f7cd8e349363a20d30b4fe2a0b2d6bb195662d5d303ef0a9719c",,"2026-02-19T21:00:00.000","30","TRAFFIC SIGNAL","FUNCTIONING PROPERLY","CLEAR","DARKNESS","TURNING","FOUR WAY",,"STRAIGHT AND LEVEL","DRY","NO DEFECTS","NOT ON SCENE (DESK REPORT)","NO INJURY / DRIVE AWAY",,,,"OVER $1,500","2026-02-19T22:00:00.000","UNABLE TO DETERMINE","NOT APPLICABLE","10081","S","EWING AVE","432",,,,,,,"2","NO INDICATION OF INJURY","0","0","0","0","0","2","0","21","5","2","41.7120142999","-87.535131944","POINT (-87.535131943994 41.712014299919)"
"83a3cbdec6bb5f5fca18ee308d2905b67e105037663a6a5888720e0583aa483b0c8cba45447ca4c10b956ee9653997e85bb41559583c8d69ca8583a436b507a2",,"2026-02-19T20:45:00.000","30","TRAFFIC SIGNAL","FUNCTIONING IMPROPERLY","CLEAR","DUSK","REAR TO SIDE","NOT DIVIDED",,"STRAIGHT AND LEVEL","DRY","NO DEFECTS","NOT ON SCENE (DESK REPORT)","NO INJURY / DRIVE AWAY","Y",,,"$501 - $1,500","2026-02-19T21:20:00.000","IMPROPER LANE USAGE","UNABLE TO DETERMINE","6300","S","DR MARTIN LUTHER KING JR DR","312",,,,,,,"2","NO INDICATION OF INJURY","0","0","0","0","0","2","0","20","5","2","41.7802113218","-87.6157682918","POINT (-87.615768291828 41.780211321839)"
"ae03878f1eefb92525ea6c087999f61fd3da70e4cde7b68cb9580307974112194c290e7a843a5a77d162e8adf43b1346834305b002f8d07feecbb5ba2cde4ab0","Y","2026-02-19T20:14:00.000","30","NO CONTROLS","NO CONTROLS","CLEAR","DARKNESS","PEDALCYCLIST","ONE-WAY",,"STRAIGHT AND LEVEL","DRY","NO DEFECTS","ON SCENE","INJURY AND / OR TOW DUE TO CRASH",,,,"$501 - $1,500","2026-02-19T20:14:00.000","HAD BEEN DRINKING (USE WHEN ARREST IS NOT MADE)","HAD BEEN DRINKING (USE WHEN ARREST IS NOT MADE)","4404","W","THOMAS ST","1111",,,,,,,"2","NONINCAPACITATING INJURY","1","0","0","1","0","0","0","20","5","2","41.9007901228","-87.7363729681","POINT (-87.736372968139 41.900790122833)"
"600b23ac42fe2a52e7e8e18edb3f5086a31b06d3072de88805b7b37b5c52d84016d3731ddbd9a3643b47718a8d807bbe698670dfc0f4da419764fa7c44b6e6c3",,"2026-02-19T20:13:00.000","30","NO CONTROLS","UNKNOWN","RAIN","DARKNESS, LIGHTED ROAD","PARKED MOTOR VEHICLE","ONE-WAY",,"STRAIGHT AND LEVEL","WET","NO DEFECTS",,"INJURY AND / OR TOW DUE TO CRASH",,,"Y","OVER $1,500","2026-02-19T20:15:00.000","DRIVING ON WRONG SIDE/WRONG WAY","NOT APPLICABLE","509","E","80TH ST","631",,,,,,,"2","NO INDICATION OF INJURY","0","0","0","0","0","1","0","20","5","2","41.749230913","-87.6120525796","POINT (-87.612052579567 41.749230913028)"
"0ac12bdb2515efb97a260716b547f4849c3371cbfb2c970cfe667210a49e2f4d7b32f9741dd56c1a0bf7d4a2fd5d9333727b9e02df47f73bf074b23e098e33ea",,"2026-02-19T20:12:00.000","30","TRAFFIC SIGNAL","FUNCTIONING PROPERLY","RAIN","DARKNESS, LIGHTED ROAD","TURNING","FOUR WAY",,"STRAIGHT AND LEVEL","WET","UNKNOWN","ON SCENE","INJURY AND / OR TOW DUE TO CRASH","Y",,,"OVER $1,500","2026-02-19T20:12:00.000","FAILING TO YIELD RIGHT-OF-WAY","FAILING TO YIELD RIGHT-OF-WAY","8659","S","PULASKI RD","834",,,,,,,"2","NO INDICATION OF INJURY","0","0","0","0","0","2","0","20","5","2","41.7348993211","-87.7212933983","POINT (-87.721293398349 41.734899321134)"
"f2a44f398e445fc5eb99c042bb4d6917264d914a2ba6a917df8292eb59f6cc34081df82eb42918fdb7357ca7d54bd15e4a3a714923a7e2d3b61813e7f34946bc",,"2026-02-19T20:05:00.000","30","NO CONTROLS","NO CONTROLS","CLEAR","DARKNESS, LIGHTED ROAD","SIDESWIPE SAME DIRECTION","NOT DIVIDED",,"STRAIGHT AND LEVEL","UNKNOWN","UNKNOWN","NOT ON SCENE (DESK REPORT)","NO INJURY / DRIVE AWAY",,,"Y","OVER $1,500","2026-02-21T13:35:00.000","DRIVING SKILLS/KNOWLEDGE/EXPERIENCE","NOT APPLICABLE","5701","S","CICERO AVE","813",,,,,,,"2","NO INDICATION OF INJURY","0","0","0","0","0","2","0","20","5","2","41.7893386418","-87.7413525626","POINT (-87.741352562622 41.789338641753)"
"11e46a89940094e2f7cf54c1d6bb964c865d9d807407bffc28eeaba8a0611459ab34be532667a3406b411e1cf19289ff7dadc532ef3fb84ef5a6ef5125619f7f",,"2026-02-19T20:00:00.000","30","STOP SIGN/FLASHER","OTHER","CLEAR","DARKNESS, LIGHTED ROAD","HEAD ON","NOT DIVIDED",,"STRAIGHT AND LEVEL","WET","NO DEFECTS","NOT ON SCENE (DESK REPORT)","NO INJURY / DRIVE AWAY",,,,"OVER $1,500","2026-02-20T16:45:00.000","IMPROPER OVERTAKING/PASSING","UNABLE TO DETERMINE","4751","S","OAKLEY AVE","931",,,,,,,"2","NO INDICATION OF INJURY","0","0","0","0","0","2","0","20","5","2","41.8070198854","-87.6817970911","POINT (-87.6817970911 41.807019885432)"
"2d04aeef366724e54336509a0bd4a83fa0be7dfe5922d5561d8412e73fa12c47bfa07c13b3ea0012cb2b8d91dd8b6ebfc2b71a3af9568e2ace4cd5dd0552df0d",,"2026-02-19T20:00:00.000","30","UNKNOWN","UNKNOWN","UNKNOWN","UNKNOWN","SIDESWIPE SAME DIRECTION","UNKNOWN",,"STRAIGHT AND LEVEL","UNKNOWN","UNKNOWN","NOT ON SCENE (DESK REPORT)","NO INJURY / DRIVE AWAY",,,,"$500 OR LESS","2026-03-02T17:05:00.000","UNABLE TO DETERMINE","UNABLE TO DETERMINE","7455","N","GREENVIEW AVE","2422",,,,,,,"2","NO INDICATION OF INJURY","0","0","0","0","0","2","0","20","5","2","42.0176461052","-87.6680467473","POINT (-87.668046747253 42.017646105213)"
"66cb957140b0d7857cf3c65296a745ae6cee63508b48169c170a7ff79c8b98e22f0a69043b2d224cfb0c3ecb745c5d960d23aec867decefd73354c983a35252f",,"2026-02-19T20:00:00.000","20","NO CONTROLS","NO CONTROLS","UNKNOWN","UNKNOWN","PARKED MOTOR VEHICLE","NOT DIVIDED",,"STRAIGHT AND LEVEL","UNKNOWN","UNKNOWN","NOT ON SCENE (DESK REPORT)","NO INJURY / DRIVE AWAY",,,"Y","$501 - $1,500","2026-02-24T16:30:00.000","UNABLE TO DETERMINE","NOT APPLICABLE","5266","N","WASHTENAW AVE","2011",,,,,,,"2","NO INDICATION OF INJURY","0","0","0","0","0","1","0","20","5","2","41.9776126551","-87.696691559","POINT (-87.696691558971 41.977612655114)"
"ba8235a5216b67a7d98b0563bae5bc79b1b7a07191f894b0a40faf3fed7eda61cf4484d751c471266737cb667c2b96dc57ba7a926e0a0ace6b0f0eb3bd713548",,"2026-02-19T19:50:00.000","30","TRAFFIC SIGNAL","FUNCTIONING PROPERLY","CLEAR","DARKNESS","SIDESWIPE SAME DIRECTION","NOT DIVIDED",,"STRAIGHT AND LEVEL","DRY","NO DEFECTS","NOT ON SCENE (DESK REPORT)","NO INJURY / DRIVE AWAY",,,,"$501 - $1,500","2026-02-19T20:15:00.000","IMPROPER OVERTAKING/PASSING","NOT APPLICABLE","9901","S","HALSTED ST","2232",,,,,,,"2","NO INDICATION OF INJURY","0","0","0","0","0","2","0","19","5","2","41.7141256493","-87.6428525474","POINT (-87.642852547443 41.714125649277)"
"ecba862bdd1da7ad0dcc2db5e71df29d8156e3f4565d66ccc5b990c4e0216abe082331e1fe5f7c6c500e96f06c1ccd8ce082b31427974b1a02b79694528f527b",,"2026-02-19T19:50:00.000","30","NO CONTROLS","NO CONTROLS","RAIN","DARKNESS, LIGHTED ROAD","TURNING","NOT DIVIDED",,"STRAIGHT AND LEVEL","WET","NO DEFECTS","ON SCENE","NO INJURY / DRIVE AWAY",,,,"OVER $1,500","2026-02-19T19:55:00.000","FAILING TO YIELD RIGHT-OF-WAY","NOT APPLICABLE","4702","N","AUSTIN AVE","1622",,,,,,,"2","NO INDICATION OF INJURY","0","0","0","0","0","2","0","19","5","2","41.9659371926","-87.7773488911","POINT (-87.777348891105 41.96593719262)"
"3218611a8924c1c9f270492e75cfdb6ab9e20162f01065ea7318dbd3c31b1b614c433a16d6ceb740c693f8f1c24659f578535d1d52d6343e0f91b2a9f1430bbb",,"2026-02-19T19:40:00.000","30","TRAFFIC SIGNAL","FUNCTIONING PROPERLY","CLEAR","DARKNESS, LIGHTED ROAD","ANGLE","NOT DIVIDED",,"STRAIGHT AND LEVEL","DRY","NO DEFECTS","ON SCENE","NO INJURY / DRIVE AWAY","Y",,,"OVER $1,500","2026-02-19T19:42:00.000","DISREGARDING TRAFFIC SIGNALS","DISREGARDING TRAFFIC SIGNALS","1198","W","VAN BUREN ST","1232",,,,,,,"2","NO INDICATION OF INJURY","0","0","0","0","0","2","0","19","5","2","41.8766296724","-87.6569748623","POINT (-87.65697486226 41.876629672389)"
"0bd635dd3e41e5df4ffdf06586cd074aed0613a8b86011fe40e3bbe9a96133b4eda52e0137a0b431ed6b9b19b0c81d371766779e5bdd74f3586df980408e3fad",,"2026-02-19T19:35:00.000","25","TRAFFIC SIGNAL","FUNCTIONING PROPERLY","RAIN","DARKNESS, LIGHTED ROAD","SIDESWIPE SAME DIRECTION","NOT DIVIDED",,"STRAIGHT AND LEVEL","WET","NO DEFECTS","NOT ON SCENE (DESK REPORT)","NO INJURY / DRIVE AWAY",,,,"OVER $1,500","2026-02-19T20:30:00.000","DRIVING SKILLS/KNOWLEDGE/EXPERIENCE","NOT APPLICABLE","165","W","CERMAK RD","914",,,,,,,"2","NO INDICATION OF INJURY","0","0","0","0","0","2","0","19","5","2","41.8527423575","-87.6319941841","POINT (-87.631994184138 41.852742357481)"
"0cc3885b8ce2f314bba192dffab7503661ef78ab40c7cf97dd525d400976d3e679d64f0051f6a2962d6617ae78337c3b74aacba7508e83618058fda9ecbc90bc",,"2026-02-19T19:20:00.000","30","NO CONTROLS","NO CONTROLS","FREEZING RAIN/DRIZZLE","DARKNESS, LIGHTED ROAD","PEDESTRIAN","T-INTERSECTION",,"STRAIGHT AND LEVEL","SNOW OR SLUSH","NO DEFECTS","ON SCENE","INJURY AND / OR TOW DUE TO CRASH","Y",,,"OVER $1,500","2026-02-19T19:24:00.000","UNABLE TO DETERMINE","NOT APPLICABLE","2717","N","CLARK ST","1935",,,,,,,"2","NONINCAPACITATING INJURY","1","0","0","1","0","1","0","19","5","2","41.9318628979","-87.6444218282","POINT (-87.644421828235 41.931862897921)"
"57739b58776ef80e92c0702e58185b22437ad9e37f6e2d368dba039c21c09d6c2b7c180bcc9e1a347812ee1512bf3baa77191063f1f0957b04632a97a64898b5",,"2026-02-19T19:12:00.000","35","NO CONTROLS","FUNCTIONING PROPERLY","CLEAR","DARKNESS","OTHER NONCOLLISION","DIVIDED - W/MEDIAN (NOT RAISED)",,"STRAIGHT AND LEVEL","DRY","NO DEFECTS","ON SCENE","NO INJURY / DRIVE AWAY",,,,"$500 OR LESS","2026-02-19T19:25:00.000","NOT APPLICABLE","NOT APPLICABLE","5507","S","COTTAGE GROVE AVE","235",,"Y",,,,,"1","NO INDICATION OF INJURY","0","0","0","0","0","1","0","19","5","2","41.7947079281","-87.6060736788","POINT (-87.606073678763 41.794707928133)"
"ebb534b38f4710a99be52521e11224ca2442723d0d13fec017a6dc580ff39b2616302a2027aef48a71dc7f2e04dcd14cc5fc30f00583e670edb54a7636fe9bc0",,"2026-02-19T19:04:00.000","30","UNKNOWN","UNKNOWN","CLEAR","DARKNESS","ANGLE","NOT DIVIDED",,"STRAIGHT AND LEVEL","DRY","UNKNOWN","ON SCENE","NO INJURY / DRIVE AWAY","Y",,,"$501 - $1,500","2026-02-19T19:18:00.000","DISREGARDING STOP SIGN","NOT APPLICABLE","99","N","KENTON AVE","1113",,,,,,,"2","NO INDICATION OF INJURY","0","0","0","0","0","3","0","19","5","2","41.8818152467","-87.7399955053","POINT (-87.739995505257 41.88181524673)"
"4fba01fe90e014f14004ab1544f7e3f5390ed4eb47e5b8364c3da6a5a240777c01911dcb105a826c478d9174c99dd1ec8ab9f16e39622b5190174a80e6d3f95a",,"2026-02-19T19:02:00.000","30","NO CONTROLS","NO CONTROLS","CLEAR","DARKNESS, LIGHTED ROAD","PARKED MOTOR VEHICLE","DIVIDED - W/MEDIAN (NOT RAISED)",,"STRAIGHT AND LEVEL","DRY","UNKNOWN","ON SCENE","NO INJURY / DRIVE AWAY",,,,"OVER $1,500","2026-02-19T19:05:00.000","UNABLE TO DETERMINE","UNABLE TO DETERMINE","6189","N","CANFIELD AVE","1612",,,,,,,"2","NO INDICATION OF INJURY","0","0","0","0","0","1","0","19","5","2","41.9928864377","-87.8220468727","POINT (-87.822046872667 41.992886437656)"
"04509d6f10092310971901067b93fb041d33fe9105cd9c1909921fe38ffc746e0af214e9155a96aebf821d36e862009a06cb32cf183c6c36c98defc31374d86e","Y","2026-02-19T19:00:00.000","30","NO CONTROLS","NO CONTROLS","UNKNOWN","DARKNESS, LIGHTED ROAD","PARKED MOTOR VEHICLE","T-INTERSECTION",,"STRAIGHT AND LEVEL","UNKNOWN","UNKNOWN","NOT ON SCENE (DESK REPORT)","INJURY AND / OR TOW DUE TO CRASH",,,"Y","OVER $1,500","2026-02-20T12:20:00.000","UNABLE TO DETERMINE","NOT APPLICABLE","328","S","KARLOV AVE","1132",,,,,,,"2","NO INDICATION OF INJURY","0","0","0","0","0","1","0","19","5","2","41.8761900419","-87.7281161254","POINT (-87.728116125427 41.876190041887)"
"0e6a0c21d07a1ca7693f279bad4e950f9947e468a8f1489966c938a183f27a1b18bfa906c04058d9da3f7c5e30a5ff54ffd0c258e4ba85fd4f94257e9233e4e4",,"2026-02-19T19:00:00.000","30","UNKNOWN","UNKNOWN","UNKNOWN","UNKNOWN","SIDESWIPE SAME DIRECTION","NOT DIVIDED",,"STRAIGHT AND LEVEL","UNKNOWN","UNKNOWN","NOT ON SCENE (DESK REPORT)","NO INJURY / DRIVE AWAY",,,,"$500 OR LESS","2026-02-19T20:24:00.000","UNABLE TO DETERMINE","NOT APPLICABLE","111","W","WACKER DR","122",,,,,,,"2","NO INDICATION OF INJURY","0","0","0","0","0","3","0","19","5","2","41.886706842","-87.6314079587","POINT (-87.631407958651 41.886706842037)"
"2129d0cc2d4ccc1a6cd2c1cfd272249a7af6c315a41933d599284e66877c06beba2cad68ffc81fe02f0dac0af698962de4738fb4bd1ee234465e990e073b2b1c",,"2026-02-19T18:51:00.000","30","TRAFFIC SIGNAL","FUNCTIONING PROPERLY","UNKNOWN","DARKNESS, LIGHTED ROAD","REAR TO FRONT","DIVIDED - W/MEDIAN (NOT RAISED)",,"STRAIGHT ON GRADE","UNKNOWN","UNKNOWN","NOT ON SCENE (DESK REPORT)","INJURY AND / OR TOW DUE TO CRASH",,,"Y","$501 - $1,500","2026-02-22T14:15:00.000","IMPROPER BACKING","DRIVING SKILLS/KNOWLEDGE/EXPERIENCE","2000","W","87TH ST","614",,,,,,,"2","REPORTED, NOT EVIDENT","1","0","0","0","1","1","0","18","5","2","41.7357642612","-87.6727981991","POINT (-87.672798199058 41.735764261243)"
"ade4d531474f3d0d78a6566a01f467b90722f0af3d11c7275186ad387b057dd5e097379a7a2fbf0719edb7bb81cf46df7345039b3a7b14423cd1ea629119953e","Y","2026-02-19T18:47:00.000","10","NO CONTROLS","NO CONTROLS","CLEAR","DARKNESS, LIGHTED ROAD","FIXED OBJECT","ALLEY",,"STRAIGHT AND LEVEL","DRY","NO DEFECTS","ON SCENE","INJURY AND / OR TOW DUE TO CRASH",,,,"OVER $1,500","2026-02-19T18:48:00.000","UNABLE TO DETERMINE","UNABLE TO DETERMINE","5035","S","DREXEL BLVD","222",,,,,,,"2","NO INDICATION OF INJURY","0","0","0","0","0","4","0","18","5","2","41.8030567416","-87.6036076859","POINT (-87.603607685936 41.803056741593)"
"b69a21530decc3dee2bacd056a60ee736ff5e4c1e2e27b0c0a49c9f5c41cdedf799e63583f1c4e9eae1db03309a71a1e54c22ccdc780be74862a96ead6cdad6f",,"2026-02-19T18:45:00.000","30","NO CONTROLS","NO CONTROLS","CLEAR","DARKNESS, LIGHTED ROAD","PARKED MOTOR VEHICLE","NOT DIVIDED",,"STRAIGHT AND LEVEL","DRY","NO DEFECTS","ON SCENE","INJURY AND / OR TOW DUE TO CRASH",,,"Y","$501 - $1,500","2026-02-19T19:25:00.000","UNABLE TO DETERMINE","NOT APPLICABLE","8740","S","STONY ISLAND AVE","412",,,,,,,"2","NO INDICATION OF INJURY","0","0","0","0","0","2","0","18","5","2","41.7356877698","-87.585764193","POINT (-87.585764192983 41.735687769798)"
"43d200f3640c0b8f18439508cad968935175a43f627f6cc71dba555666474b7d22936aac76f948b0f39d345769efefabe3ef0e734d7ea734f788b843f2f41593",,"2026-02-19T18:40:00.000","30","TRAFFIC SIGNAL","FUNCTIONING PROPERLY","CLEAR","DARKNESS, LIGHTED ROAD","SIDESWIPE SAME DIRECTION","DIVIDED - W/MEDIAN (NOT RAISED)",,"STRAIGHT AND LEVEL","DRY","UNKNOWN","ON SCENE","NO INJURY / DRIVE AWAY",,,,"OVER $1,500","2026-02-19T18:58:00.000","IMPROPER OVERTAKING/PASSING","NOT APPLICABLE","240","S","CICERO AVE","1533",,,,,,,"2","NO INDICATION OF INJURY","0","0","0","0","0","2","0","18","5","2","41.8774289284","-87.7453129256","POINT (-87.745312925645 41.877428928449)"
"ace56df8b66b89d143ef868eb74eb7296d3d25900f212e6bcdfb7b77faa55f35d56967d237bed039d850d06ebf17f30dd4656d62130337e069d3e2e0d324c8d7",,"2026-02-19T18:40:00.000","30","TRAFFIC SIGNAL","FUNCTIONING PROPERLY","CLEAR","DARKNESS","SIDESWIPE SAME DIRECTION","DIVIDED - W/MEDIAN (NOT RAISED)",,"STRAIGHT AND LEVEL","DRY","NO DEFECTS","NOT ON SCENE (DESK REPORT)","NO INJURY / DRIVE AWAY",,,,"OVER $1,500","2026-02-19T19:20:00.000","IMPROPER OVERTAKING/PASSING","NOT APPLICABLE","5050","W","CHICAGO AVE","1531",,,,,,,"2","NO INDICATION OF INJURY","0","0","0","0","0","2","0","18","5","2","41.8950583462","-87.7527809047","POINT (-87.752780904657 41.895058346217)"
"64150d64b4faa76635329471bb2deac8c778cdd9c1b05d07e18429faee7c7fd5f6553d1921bcc9e71316e46d98c601f62faa93ae94ee4d51bc99c20aacc6fcdf",,"2026-02-19T18:34:00.000","30","TRAFFIC SIGNAL","FUNCTIONING PROPERLY","CLEAR","DARKNESS, LIGHTED ROAD","TURNING","NOT DIVIDED",,"STRAIGHT AND LEVEL","DRY","UNKNOWN","ON SCENE","INJURY AND / OR TOW DUE TO CRASH",,,,"OVER $1,500","2026-02-19T19:02:00.000","UNABLE TO DETERMINE","NOT APPLICABLE","2206","W","FULLERTON AVE","1432",,,,,,,"2","NO INDICATION OF INJURY","0","0","0","0","0","2","0","18","5","2","41.9250628694","-87.6837858475","POINT (-87.683785847537 41.925062869394)"
"2fa54f5a7c259731a95b3f9d2f99ab133f70881c47068fa97c692f0e8875780862eafe17c23d5ec6dd427f918dfb08508c52affdd2a716bb68bfe67b18c14ffe",,"2026-02-19T18:33:00.000","30","TRAFFIC SIGNAL","FUNCTIONING PROPERLY","CLEAR","DARKNESS, LIGHTED ROAD","TURNING","FOUR WAY",,"STRAIGHT AND LEVEL","UNKNOWN","UNKNOWN","ON SCENE","INJURY AND / OR TOW DUE TO CRASH","Y",,,"$501 - $1,500","2026-02-19T19:22:00.000","IMPROPER LANE USAGE","NOT APPLICABLE","600","S","DAMEN AVE","1225",,,,,,,"2","REPORTED, NOT EVIDENT","2","0","0","0","2","0","0","18","5","2","41.8740036384","-87.6766023411","POINT (-87.676602341069 41.874003638416)"
"2c68606b0cd6fb595ede80867f4b7c7cbf2f67abacc8469d322d2f2e268019762c6b29873483f14e0fe20fec700ddb5d25503a2bf54000fabe0d1d33bd584a15",,"2026-02-19T18:27:00.000","30","TRAFFIC SIGNAL","FUNCTIONING PROPERLY","CLEAR","DARKNESS, LIGHTED ROAD","TURNING","NOT DIVIDED",,"STRAIGHT AND LEVEL","DRY","NO DEFECTS","ON SCENE","INJURY AND / OR TOW DUE TO CRASH",,,,"OVER $1,500","2026-02-19T19:10:00.000","FAILING TO YIELD RIGHT-OF-WAY","NOT APPLICABLE","2201","S","STATE ST","131",,,,,,,"2","REPORTED, NOT EVIDENT","1","0","0","0","1","2","0","18","5","2","41.8527811721","-87.6269407813","POINT (-87.626940781293 41.852781172053)"
"529547e3e75704f1dc90e30d7db98b3984670c432005ab45f32207de22ae5cdb17227f78f8fa973782f4f4303ddd82996ad4f486e371b3649adf08030a8e167f",,"2026-02-19T18:15:00.000","30","STOP SIGN/FLASHER","FUNCTIONING PROPERLY","CLEAR","DARKNESS","ANGLE","FOUR WAY",,"STRAIGHT AND LEVEL","WET","NO DEFECTS","ON SCENE","NO INJURY / DRIVE AWAY","Y",,"Y","OVER $1,500","2026-02-19T18:21:00.000","FAILING TO YIELD RIGHT-OF-WAY","DRIVING SKILLS/KNOWLEDGE/EXPERIENCE","6500","S","YALE AVE","722",,,,,,,"2","NO INDICATION OF INJURY","0","0","0","0","0","2","0","18","5","2","41.7764639271","-87.6318739862","POINT (-87.631873986189 41.776463927123)"
"5f5e623d96b793c95df9736e973365a28c75e6d50b1aa13148bb05adf0af3ab96008fee9625a1afc0876d3d71319b725bbc38d6bb1e549b8a0c80879a4560bb4",,"2026-02-19T18:15:00.000","30","NO CONTROLS","NO CONTROLS","CLEAR","DARKNESS, LIGHTED ROAD","PARKED MOTOR VEHICLE","NOT DIVIDED",,"STRAIGHT AND LEVEL","WET","NO DEFECTS","ON SCENE","NO INJURY / DRIVE AWAY",,,,"$500 OR LESS","2026-02-19T18:21:00.000","DISTRACTION - FROM OUTSIDE VEHICLE","NOT APPLICABLE","6131","W","BERTEAU AVE","1624",,,,,,,"2","NO INDICATION OF INJURY","0","0","0","0","0","1","0","18","5","2","41.9565427071","-87.7805075192","POINT (-87.780507519228 41.956542707113)"
"8f436f52af2a4ed5924da039f679ad2b267f7833d2558b691507c289d706c901430d5755464d2831ebee4979f78bb14833a574bfcf32a76b3ba931bcd7824805",,"2026-02-19T18:15:00.000","30","UNKNOWN","UNKNOWN","CLEAR","DARKNESS, LIGHTED ROAD","TURNING","NOT DIVIDED",,"STRAIGHT AND LEVEL","DRY","UNKNOWN","NOT ON SCENE (DESK REPORT)","NO INJURY / DRIVE AWAY",,,,"OVER $1,500","2026-02-20T12:15:00.000","UNABLE TO DETERMINE","UNABLE TO DETERMINE","1600","S","KOSTNER AVE","1012",,,,,,,"2","NO INDICATION OF INJURY","0","0","0","0","0","2","0","18","5","2","41.858681849","-87.7348806428","POINT (-87.734880642816 41.858681848973)"
"b94277a6b0f7b0e025e56ff1e1b46e45433d2cb55ac06177274fa13b64dee91101620894fd88559b01ce11d6694bab754a8427f79fa776bb2ce1a02c9af1f834",,"2026-02-19T18:15:00.000","30","NO CONTROLS","NO CONTROLS","CLEAR","DARKNESS, LIGHTED ROAD","FIXED OBJECT","DIVIDED - W/MEDIAN (NOT RAISED)",,"STRAIGHT AND LEVEL","DRY","NO DEFECTS","ON SCENE","INJURY AND / OR TOW DUE TO CRASH",,,,"OVER $1,500","2026-02-19T18:30:00.000","UNABLE TO DETERMINE","NOT APPLICABLE","10045","S","PULASKI RD","2211",,"Y",,,,,"1","NONINCAPACITATING INJURY","2","0","0","1","1","0","0","18","5","2","41.7099930356","-87.7209037837","POINT (-87.720903783671 41.709993035552)"
"7c42ccb1e502d5a8b9bd23a1593826f2c54e6e806d15e1ea84666ac410a0c0c9b8ab7299282aa637ae50c65f7ade367e81d83e59b6c7e98254ee39191a942e53",,"2026-02-19T18:12:00.000","10","NO CONTROLS","NO CONTROLS","CLEAR","DAYLIGHT","REAR END","OTHER",,"STRAIGHT AND LEVEL","DRY","NO DEFECTS","ON SCENE","NO INJURY / DRIVE AWAY",,,,"$500 OR LESS","2026-02-19T18:22:00.000","UNABLE TO DETERMINE","UNABLE TO DETERMINE","645","E","87TH ST","632",,"Y",,,,,"2","NO INDICATION OF INJURY","0","0","0","0","0","5","0","18","5","2","41.7364971051","-87.6078468912","POINT (-87.607846891222 41.736497105094)"
"a54a2970105dbae5c1cde2cd7827bc9b490dcf4bcad0288672de812228c2df85d0b09c701718554ea50a9db25562d66e2708728dad3485957865f312d9e30726",,"2026-02-19T18:12:00.000","30","NO CONTROLS","NO CONTROLS","CLEAR","DARKNESS","FIXED OBJECT","NOT DIVIDED",,"STRAIGHT AND LEVEL","DRY","NO DEFECTS","ON SCENE","INJURY AND / OR TOW DUE TO CRASH",,,,"OVER $1,500","2026-02-19T18:13:00.000","UNABLE TO DETERMINE","NOT APPLICABLE","2000","E","79TH ST","414",,,,,,,"1","NO INDICATION OF INJURY","0","0","0","0","0","1","0","18","5","2","41.7517165593","-87.5759230745","POINT (-87.575923074465 41.751716559268)"
"66c7c01e28573725dc10a5f983d5d3e5173787686f2a7479ab971eafc92b277721146cda9de903ab110d82d1d4b0999d06af162c3fd0b68368deb76435eaab5b",,"2026-02-19T18:00:00.000","20","NO CONTROLS","NO CONTROLS","CLEAR","DAWN","PARKED MOTOR VEHICLE","DIVIDED - W/MEDIAN (NOT RAISED)",,"STRAIGHT ON HILLCREST","DRY","NO DEFECTS","NOT ON SCENE (DESK REPORT)","INJURY AND / OR TOW DUE TO CRASH",,,"Y","OVER $1,500","2026-02-19T19:15:00.000","UNABLE TO DETERMINE","NOT APPLICABLE","6946","S","ANTHONY AVE","322",,,,,,,"2","NO INDICATION OF INJURY","0","0","0","0","0","1","0","18","5","2","41.7683925517","-87.6123751132","POINT (-87.612375113211 41.7683925517)"