"crash_record_id","crash_date_est_i","crash_date","posted_speed_limit","traffic_control_device","device_condition","weather_condition","lighting_condition","first_crash_type","trafficway_type","lane_cnt","alignment","roadway_surface_cond","road_defect","report_type","crash_type","intersection_related_i","private_property_i","hit_and_run_i","damage","date_police_notified","prim_contributory_cause","sec_contributory_cause","street_no","street_direction","street_name","beat_of_occurrence","photos_taken_i","statements_taken_i","dooring_i","work_zone_i","work_zone_type","workers_present_i","num_units","most_severe_injury","injuries_total","injuries_fatal","injuries_incapacitating","injuries_non_incapacitating","injuries_reported_not_evident","injuries_no_indication","injuries_unknown","crash_hour","crash_day_of_week","crash_month","latitude","longitude","location"
"e0ec61d6179a5b211d42d556fc1fc0421199a89fb1d56b5fdee337245d771d48440802d8987cd096bce9cf26ab06638842e74e05bae8f5e972310531e426b5b7",,"2026-02-19T18:00:00.000","30","NO CONTROLS","NO CONTROLS","CLEAR","DUSK","PARKED MOTOR VEHICLE","ONE-WAY",,"STRAIGHT AND LEVEL","DRY","NO DEFECTS","NOT ON SCENE (DESK REPORT)","NO INJURY / DRIVE AWAY",,,"Y","$501 - $1,500","2026-02-20T00:40:00.000","UNABLE TO DETERMINE","NOT APPLICABLE","5027","S","MAPLEWOOD AVE","923",,,,,,,"2","NO INDICATION OF INJURY","0","0","0","0","0","1","0","18","5","2","41.8020916803","-87.6877836068","POINT (-87.687783606794 41.802091680343)"
"19f4824e5755e806b996a7ee1d564a809a93beda80c5021efc70b425fcba6450ee8f9596771ac57c89d5d4613d1b0f204a9d9c5186883281829f3aee4e9d885c",,"2026-02-19T17:59:00.000","30","NO CONTROLS","NO CONTROLS","CLEAR","DARKNESS, LIGHTED ROAD","TURNING","NOT DIVIDED",,"STRAIGHT AND LEVEL","DRY","NO DEFECTS","NOT ON SCENE (DESK REPORT)","INJURY AND / OR TOW DUE TO CRASH",,,,"OVER $1,500","2026-02-19T19:04:00.000","IMPROPER TURNING/NO SIGNAL","NOT APPLICABLE","6338","S","COTTAGE GROVE AVE","312",,,,,,,"2","NONINCAPACITATING INJURY","1","0","0","1","0","2","0","17","5","2","41.7792468097","-87.6060519151","POINT (-87.606051915116 41.779246809736)"
"70ab6fe2d054702a636e439dd843463f175aa18aa01740e67f5bb17e26716c84734b389bb64b4b3f1446b92a109d5471d7c978757301d5be883e4d9f97d1cd72",,"2026-02-19T17:45:00.000","30","NO CONTROLS","NO CONTROLS","CLEAR","DARKNESS, LIGHTED ROAD","REAR END","DIVIDED - W/MEDIAN (NOT RAISED)",,"STRAIGHT AND LEVEL","DRY","NO DEFECTS","ON SCENE","NO INJURY / DRIVE AWAY",,,"Y","OVER $1,500","2026-02-19T17:53:00.000","FOLLOWING TOO CLOSELY","NOT APPLICABLE","10459","S","MUSKEGON AVE","431",,,,,,,"2","NO INDICATION OF INJURY","0","0","0","0","0","2","0","17","5","2","41.7045700924","-87.554789158","POINT (-87.554789157969 41.704570092436)"
"b16a4cc0e2d3f6aee3ff58f7dbce726b30d61f2fa3df2afc23d7dc2bca6402864ce83dc3396c083d7ed2e14b3493cfac99154be246b8d6bd19674ee6fb688819","Y","2026-02-19T17:45:00.000","30","NO CONTROLS","NO CONTROLS","CLEAR","DUSK","HEAD ON","DIVIDED - W/MEDIAN (NOT RAISED)",,"STRAIGHT AND LEVEL","DRY","NO DEFECTS","ON SCENE","NO INJURY / DRIVE AWAY",,,,"OVER $1,500","2026-02-19T17:46:00.000","DRIVING ON WRONG SIDE/WRONG WAY","NOT APPLICABLE","1256","W","HOLLYWOOD AVE","2013",,,,,,,"2","NO INDICATION OF INJURY","0","0","0","0","0","2","0","17","5","2","41.9852360967","-87.6623986067","POINT (-87.662398606738 41.985236096702)"
"921ec6b68d55d54ca36c5e851d900e05589b9624afe328b749e3b337e7fa44d1dbc58832c1fe40156a197207f8aea489f15905c8c58f162862deea40d5ee4971",,"2026-02-19T17:43:00.000","30","STOP SIGN/FLASHER","FUNCTIONING PROPERLY","CLEAR","DAYLIGHT","ANGLE","NOT DIVIDED",,"STRAIGHT AND LEVEL","DRY","NO DEFECTS","NOT ON SCENE (DESK REPORT)","NO INJURY / DRIVE AWAY","Y",,,"OVER $1,500","2026-02-19T19:05:00.000","FAILING TO YIELD RIGHT-OF-WAY","NOT APPLICABLE","3633","W","BELMONT AVE","2523",,,,,,,"2","NO INDICATION OF INJURY","0","0","0","0","0","2","0","17","5","2","41.9390880633","-87.7187254267","POINT (-87.718725426701 41.939088063264)"
"9e1910f768306619d796eb2ad013f2f56035143d1c0c4596e23cfa40640dee2d0b59132420db846c8d2fc54cadcaec79edf79f4836d1a2dc252eeb80613f666a",,"2026-02-19T17:43:00.000","30","TRAFFIC SIGNAL","FUNCTIONING PROPERLY","CLEAR","DARKNESS, LIGHTED ROAD","REAR TO FRONT","DIVIDED - W/MEDIAN (NOT RAISED)",,"STRAIGHT AND LEVEL","DRY","UNKNOWN","NOT ON SCENE (DESK REPORT)","NO INJURY / DRIVE AWAY",,,"Y","OVER $1,500","2026-02-19T18:25:00.000","IMPROPER BACKING","NOT APPLICABLE","1","S","WESTERN AVE","1223",,,,,,,"2","NO INDICATION OF INJURY","0","0","0","0","0","2","0","17","5","2","41.8811182788","-87.6862833389","POINT (-87.686283338873 41.881118278834)"
"e356cb081f35e05375abc179d01d64b4ad5421187aaa474be69b3fb63e69f97efe25231fdf15f50e77fc1cb8c74433370c9c674441921670d0a99bd9991895f2",,"2026-02-19T17:30:00.000","30","UNKNOWN","UNKNOWN","UNKNOWN","UNKNOWN","SIDESWIPE SAME DIRECTION","DIVIDED - W/MEDIAN (NOT RAISED)",,"STRAIGHT AND LEVEL","UNKNOWN","UNKNOWN","NOT ON SCENE (DESK REPORT)","NO INJURY / DRIVE AWAY",,,,"$501 - $1,500","2026-02-19T18:40:00.000","UNABLE TO DETERMINE","NOT APPLICABLE","1139","W","BRYN MAWR AVE","2023",,,,,,,"2","NO INDICATION OF INJURY","0","0","0","0","0","2","0","17","5","2","41.9835197076","-87.6596385603","POINT (-87.659638560252 41.983519707582)"
"540e557b5344b98e3c4d99d653002b3bd751dde350405a3437853745391c305a4963b4a8b7758b0a16fa819e5b7254e5c9f04f6a5eec7c86e61586703d10cf93",,"2026-02-19T17:20:00.000","30","STOP SIGN/FLASHER","NO CONTROLS","CLEAR","DUSK","REAR TO SIDE","DIVIDED - W/MEDIAN (NOT RAISED)",,"STRAIGHT AND LEVEL","DRY","NO DEFECTS","NOT ON SCENE (DESK REPORT)","NO INJURY / DRIVE AWAY",,,"Y","$501 - $1,500","2026-02-19T20:50:00.000","UNABLE TO DETERMINE","UNABLE TO DETERMINE","150","N","PEORIA ST","1224",,,,,,,"2","NO INDICATION OF INJURY","0","0","0","0","0","2","0","17","5","2","41.8845344064","-87.6499231833","POINT (-87.64992318325 41.884534406368)"
"8c6befccb9e81ae03e9e40ba48bae90c726e4c7728905836162de9307fdc64952c18081e08db47b60434aca2b9b770f31bdc6000b5af5634a32858edc38ef0d7",,"2026-02-19T17:15:00.000","30","TRAFFIC SIGNAL","FUNCTIONING PROPERLY","CLEAR","DAYLIGHT","REAR END","FOUR WAY",,"STRAIGHT AND LEVEL","DRY","NO DEFECTS","ON SCENE","INJURY AND / OR TOW DUE TO CRASH",,,,"OVER $1,500","2026-02-19T18:27:00.000","PHYSICAL CONDITION OF DRIVER","NOT APPLICABLE","55","W","69TH ST","731",,,,,,,"2","REPORTED, NOT EVIDENT","1","0","0","0","1","1","0","17","5","2","41.7690380885","-87.6271717856","POINT (-87.627171785596 41.769038088535)"
"9699597f295a22e9ee2682f1ca4f6bf56b4169144f1979c136427a5d3fb863e01a1b5bb6a4e7ab544155b57b52b8bfbbd7e775e5bcbcf2f970c46ea3ea473e34","Y","2026-02-19T17:15:00.000","30","NO CONTROLS","NO CONTROLS","RAIN","DUSK","PARKED MOTOR VEHICLE","ONE-WAY",,"STRAIGHT AND LEVEL","DRY","NO DEFECTS","ON SCENE","INJURY AND / OR TOW DUE TO CRASH",,,"Y","OVER $1,500","2026-02-19T17:15:00.000","UNABLE TO DETERMINE","UNABLE TO DETERMINE","1863","S","KOMENSKY AVE","1012",,,,,,,"2","NO INDICATION OF INJURY","0","0","0","0","0","1","0","17","5","2","41.8552214575","-87.725921136","POINT (-87.725921136037 41.855221457513)"
"a15fbf30891b4b1c4d07b52a94614ad979f1b29c303f9ddd29ac8af0f60f9a059b4a271fb0037e5c26babbb3eb1d15fbe311d9d9c1cc027fca7f1842bc462163",,"2026-02-19T17:15:00.000","30","NO CONTROLS","NO CONTROLS","UNKNOWN","UNKNOWN","PARKED MOTOR VEHICLE","NOT DIVIDED",,"STRAIGHT AND LEVEL","UNKNOWN","UNKNOWN","NOT ON SCENE (DESK REPORT)","NO INJURY / DRIVE AWAY",,,,"$501 - $1,500","2026-02-28T17:30:00.000","IMPROPER LANE USAGE","NOT APPLICABLE","2346","W","FULLERTON AVE","1432",,,,,,,"2","NO INDICATION OF INJURY","0","0","0","0","0","2","0","17","5","2","41.9250163322","-87.6870332998","POINT (-87.687033299841 41.925016332198)"
"c3acced67bf620525f50f4dc55c5a743b77b5aabf9ca3fa435082adbc1f34a3332065dacb58adf10735ed0a359c0d507e9d98944788007e611cab60f3fd54f78",,"2026-02-19T17:13:00.000","30","NO CONTROLS","NO CONTROLS","CLEAR","DAYLIGHT","SIDESWIPE SAME DIRECTION","DIVIDED - W/MEDIAN (NOT RAISED)",,"STRAIGHT AND LEVEL","DRY","NO DEFECTS","ON SCENE","NO INJURY / DRIVE AWAY",,,,"$500 OR LESS","2026-02-19T17:21:00.000","IMPROPER LANE USAGE","NOT APPLICABLE","230","N","MICHIGAN AVE","111",,,,,,,"2","NO INDICATION OF INJURY","0","0","0","0","0","2","0","17","5","2","41.8865172887","-87.6246776864","POINT (-87.624677686429 41.88651728872)"
"d26ac8063556a5da3cb4c4e7d5e1dd00934082cff36f30374981621087953c6a8eed7fcd5e5969029e50b6653daa0da2bd6782daa80c5f2417036452b5f39979",,"2026-02-19T17:10:00.000","30","NO CONTROLS","NO CONTROLS","CLEAR","DARKNESS, LIGHTED ROAD","REAR END","NOT DIVIDED",,"STRAIGHT AND LEVEL","DRY","NO DEFECTS","NOT ON SCENE (DESK REPORT)","NO INJURY / DRIVE AWAY",,,,"OVER $1,500","2026-02-19T18:10:00.000","FOLLOWING TOO CLOSELY","NOT APPLICABLE","7251","N","CALIFORNIA AVE","2411",,,,,,,"2","NO INDICATION OF INJURY","0","0","0","0","0","3","0","17","5","2","42.0135852441","-87.6995472591","POINT (-87.69954725914 42.013585244129)"
"a041adfc7a76b4bcc8079e66278c18ff13f4212c37d5fa791b36745ae716a3b1d7648fea7e462cf072231c89f30bd7e278465d90ecad49b93de063e403a56a36",,"2026-02-19T17:09:00.000","30","TRAFFIC SIGNAL","FUNCTIONING PROPERLY","CLEAR","DAYLIGHT","SIDESWIPE SAME DIRECTION","DIVIDED - W/MEDIAN (NOT RAISED)",,"STRAIGHT AND LEVEL","DRY","NO DEFECTS","ON SCENE","NO INJURY / DRIVE AWAY",,,,"OVER $1,500","2026-02-19T17:15:00.000","IMPROPER OVERTAKING/PASSING","NOT APPLICABLE","1354","S","LOOMIS ST","1233",,,,,,,"2","NO INDICATION OF INJURY","0","0","0","0","0","5","0","17","5","2","41.8635238348","-87.6616193852","POINT (-87.661619385189 41.8635238348)"
"600446269b1276cfcbad29c2852e6e9505be6ddc1bde568d716d4b1819581a4c29e18adb268b8ff29a45a3a82df4541bf684c503623543f5826b7ef262f06f13",,"2026-02-19T17:03:00.000","15","STOP SIGN/FLASHER","FUNCTIONING PROPERLY","CLEAR","DAYLIGHT","PEDESTRIAN","PARKING LOT",,"STRAIGHT AND LEVEL","DRY","NO DEFECTS","NOT ON SCENE (DESK REPORT)","INJURY AND / OR TOW DUE TO CRASH","Y","Y","Y","$500 OR LESS","2026-02-19T19:45:00.000","FOLLOWING TOO CLOSELY","UNABLE TO DETERMINE","2949","W","ADDISON ST","1733","Y",,,,,,"3","NONINCAPACITATING INJURY","2","0","0","2","0","1","0","17","5","2","41.9465425148","-87.7024758312","POINT (-87.702475831209 41.946542514774)"
"1382453aa9006595e2d49b5ef6add0d8a508659303f42935e4ea43a3417e3423b651a8616aec589f22acc874cfcfc5d2a4149084cccbc920289416903b374504",,"2026-02-19T17:00:00.000","30","TRAFFIC SIGNAL","FUNCTIONING PROPERLY","CLEAR","DAYLIGHT","SIDESWIPE SAME DIRECTION","FOUR WAY",,"STRAIGHT AND LEVEL","UNKNOWN","UNKNOWN","NOT ON SCENE (DESK REPORT)","NO INJURY / DRIVE AWAY",,,,"$501 - $1,500","2026-02-19T17:30:00.000","NOT APPLICABLE","NOT APPLICABLE","1959","W","71ST ST","735",,,,,,,"2","NO INDICATION OF INJURY","0","0","0","0","0","2","0","17","5","2","41.7646972538","-87.6734714312","POINT (-87.673471431174 41.764697253844)"
"1ccc519b2f96d57555fe1e2a294fd304f838e7226b91bf52ec3ac327e8539f24efc167d560e49dc44a236713697748f723cafe4f6aeb5e38a87b468bd749ad36",,"2026-02-19T17:00:00.000","40","TRAFFIC SIGNAL","FUNCTIONING PROPERLY","CLEAR","DAYLIGHT","SIDESWIPE SAME DIRECTION","DIVIDED - W/MEDIAN (NOT RAISED)",,"STRAIGHT AND LEVEL","DRY","NO DEFECTS","ON SCENE","NO INJURY / DRIVE AWAY",,,,"$501 - $1,500","2026-02-19T17:10:00.000","IMPROPER OVERTAKING/PASSING","NOT APPLICABLE","500","S","LAKE SHORE DR NB","114",,,,,,,"2","NO INDICATION OF INJURY","0","0","0","0","0","4","0","17","5","2","41.8757562552","-87.6175156798","POINT (-87.617515679751 41.875756255241)"
"1f340bd863ed22859eeda77c0cf3279604e0d25675f5ff62f16a6405aedc668dac9af509dcdb84938e138553caaed8ad5137465c334e24f184877ff2052799a5",,"2026-02-19T17:00:00.000","30","NO CONTROLS","NO CONTROLS","CLEAR","DAYLIGHT","REAR END","NOT DIVIDED",,"STRAIGHT AND LEVEL","DRY","NO DEFECTS","NOT ON SCENE (DESK REPORT)","NO INJURY / DRIVE AWAY","Y",,,"OVER $1,500","2026-02-20T11:30:00.000","FOLLOWING TOO CLOSELY","FOLLOWING TOO CLOSELY","7300","N","CALIFORNIA AVE","2411",,,,,,,"2","NO INDICATION OF INJURY","0","0","0","0","0","2","0","17","5","2","42.0139302127","-87.6998357932","POINT (-87.699835793156 42.013930212727)"
"25e67fe0a2bea1a120d46ef2089500bb8d220340431ca1b3f8d4d7ee61473a2e400c8522c1bfafc9c85f9a5eb98cd4ad5602a849e488376e83f68e276301c39a",,"2026-02-19T17:00:00.000","30","NO CONTROLS","NO CONTROLS","CLEAR","DAYLIGHT","ANGLE","NOT DIVIDED",,"STRAIGHT AND LEVEL","DRY","NO DEFECTS","NOT ON SCENE (DESK REPORT)","NO INJURY / DRIVE AWAY",,,,"$501 - $1,500","2026-02-19T17:15:00.000","UNABLE TO DETERMINE","NOT APPLICABLE","11833","S","WESTERN AVE","2212",,,,,,,"2","NO INDICATION OF INJURY","0","0","0","0","0","2","0","17","5","2","41.6779885225","-87.680579839","POINT (-87.680579838983 41.677988522501)"
"36f945466a2aa254a4602739b00f1cabb979953ace5176f3794f69ea8a863e1dc92e19f7ed1d93e3f3a8ec3adea8eba0b25aa0543744b50edb9b6286d396a297",,"2026-02-19T17:00:00.000","30","NO CONTROLS","NO CONTROLS","CLEAR","DAYLIGHT","PARKED MOTOR VEHICLE","NOT DIVIDED",,"STRAIGHT AND LEVEL","DRY","NO DEFECTS","ON SCENE","NO INJURY / DRIVE AWAY",,,,"OVER $1,500","2026-02-19T17:14:00.000","FOLLOWING TOO CLOSELY","FOLLOWING TOO CLOSELY","2946","W","BELMONT AVE","1733",,,,,,,"2","NO INDICATION OF INJURY","0","0","0","0","0","1","0","17","5","2","41.9394761624","-87.7021514966","POINT (-87.70215149663 41.939476162372)"
"e9379b148638dbd9bf52b025f15ce70ec3a37d452daacac3a913b4687dea3417a9d6fdec3303c20e0b867e204cce09b56d299df6aa2fc88f6b4e75f0c48f971e",,"2026-02-19T17:00:00.000","30","NO CONTROLS","NO CONTROLS","CLEAR","DARKNESS, LIGHTED ROAD","SIDESWIPE SAME DIRECTION","NOT DIVIDED",,"STRAIGHT ON GRADE","DRY","NO DEFECTS","ON SCENE","NO INJURY / DRIVE AWAY",,,,"$500 OR LESS","2026-02-19T17:10:00.000","UNABLE TO DETERMINE","UNABLE TO DETERMINE","6747","W","IRVING PARK RD","1632",,,,,,,"2","NO INDICATION OF INJURY","0","0","0","0","0","2","0","17","5","2","41.9526437098","-87.7956932249","POINT (-87.795693224931 41.952643709843)"
"97696381685b984204dfc6a4c791d186b8655cde1279127aa6e7b382425234e1d74ca475f9f27d696060b94aaa82f6908a13fd0c61e57d2620a7dc038f08fdf7",,"2026-02-19T16:59:00.000","30","NO CONTROLS","UNKNOWN","CLEAR","DAYLIGHT","SIDESWIPE SAME DIRECTION","NOT DIVIDED",,"STRAIGHT AND LEVEL","DRY","UNKNOWN","ON SCENE","NO INJURY / DRIVE AWAY",,,,"$501 - $1,500","2026-02-19T17:03:00.000","UNABLE TO DETERMINE","UNABLE TO DETERMINE","2250","W","69TH ST","832",,,,,,,"2","NO INDICATION OF INJURY","0","0","0","0","0","2","0","16","5","2","41.7684730254","-87.6806862495","POINT (-87.680686249473 41.768473025427)"
"258c28f0bcd143191ca5d3e4753b9eb0f352060b970a51a693a57ea4f0167771528573e2a3cb7d534dd0efe8209a84cc6221d60365f9f6305d88ba3d34637dd8",,"2026-02-19T16:56:00.000","30","NO CONTROLS","NO CONTROLS","CLEAR","DAYLIGHT","TURNING","DIVIDED - W/MEDIAN (NOT RAISED)",,"STRAIGHT AND LEVEL","DRY","UNKNOWN","ON SCENE","INJURY AND / OR TOW DUE TO CRASH",,,,"OVER $1,500","2026-02-19T16:57:00.000","UNABLE TO DETERMINE","NOT APPLICABLE","5093","N","CENTRAL AVE","1623",,,,,,,"2","REPORTED, NOT EVIDENT","1","0","0","0","1","5","0","16","5","2","41.9737940223","-87.7683706075","POINT (-87.768370607468 41.973794022333)"
"585611ceaca46b08419827e51f56082594588bd471964ca61e1fd771553c302215d4954d9fc507cde1e17047d2c247872b3026f472383097a902c74d9b6b00e0",,"2026-02-19T16:46:00.000","30","STOP SIGN/FLASHER","FUNCTIONING PROPERLY","CLEAR","DAYLIGHT","OTHER OBJECT","TRAFFIC ROUTE",,"STRAIGHT AND LEVEL","DRY","RUT, HOLES","ON SCENE","INJURY AND / OR TOW DUE TO CRASH","Y",,,"OVER $1,500","2026-02-19T16:46:00.000","ROAD CONSTRUCTION/MAINTENANCE","ROAD ENGINEERING/SURFACE/MARKING DEFECTS","1701","W","SUPERIOR ST","1215",,,,,,,"1","NO INDICATION OF INJURY","0","0","0","0","0","1","0","16","5","2","41.8950055462","-87.6698132253","POINT (-87.669813225285 41.895005546244)"
"8fc9666a0b8e015408a1ab7d9992eab732a83aaf5c3663a2d0d212e8f4478552acfafa0acdffd1cece88024d7af9e4ce73d9973a2ef603320f045f6c8a41779e",,"2026-02-19T16:44:00.000","30","STOP SIGN/FLASHER","FUNCTIONING PROPERLY","CLEAR","DARKNESS, LIGHTED ROAD","PEDESTRIAN","FOUR WAY",,"STRAIGHT AND LEVEL","DRY","NO DEFECTS","ON SCENE","INJURY AND / OR TOW DUE TO CRASH","Y",,,"$500 OR LESS","2026-02-19T16:57:00.000","VISION OBSCURED (SIGNS, TREE LIMBS, BUILDINGS, ETC.)","NOT APPLICABLE","6300","S","CAMPBELL AVE","825",,,,,,,"2","REPORTED, NOT EVIDENT","1","0","0","0","1","3","0","16","5","2","41.7791308215","-87.6862371058","POINT (-87.686237105817 41.779130821462)"
"6b4f70ddb2cedf38cde3e2f4220698279ddd08d1ddd9465efed1a06773d0747cf66bf97805cae7c9c58e5e8bfbe26566583422b82483c53ce3f5d62819df9305",,"2026-02-19T16:43:00.000","30","NO CONTROLS","NO CONTROLS","CLEAR","DAYLIGHT","TURNING","NOT DIVIDED",,"STRAIGHT AND LEVEL","DRY","NO DEFECTS","ON SCENE","INJURY AND / OR TOW DUE TO CRASH",,,"Y","OVER $1,500","2026-02-19T16:50:00.000","IMPROPER TURNING/NO SIGNAL","NOT APPLICABLE","5000","S","WESTERN AVE","923",,,,,,,"2","NO INDICATION OF INJURY","0","0","0","0","0","2","0","16","5","2","41.8028708167","-87.6844163419","POINT (-87.684416341899 41.802870816721)"
"9e15c4a18ceb2381a781d559f5e5ac13f50eb9216ed5a1400fd1d0f4b21c80e8cf851695bb0df60b6f365a6abaa0bc75691efc4d86231e656fc0c5074e37e53a",,"2026-02-19T16:35:00.000","30","TRAFFIC SIGNAL","FUNCTIONING PROPERLY","CLEAR","DAYLIGHT","HEAD ON","NOT DIVIDED",,"STRAIGHT AND LEVEL","DRY","NO DEFECTS","ON SCENE","INJURY AND / OR TOW DUE TO CRASH",,,"N","OVER $1,500","2026-02-19T16:35:00.000","DISTRACTION - FROM OUTSIDE VEHICLE","DISTRACTION - FROM OUTSIDE VEHICLE","829","W","119TH ST","524",,,,,,,"2","INCAPACITATING INJURY","1","0","1","0","0","3","0","16","5","2","41.6776889843","-87.6430261267","POINT (-87.643026126686 41.677688984311)"
"9b5bec1dd96249c13809040bdbc2ba74a27f4be9366972bad1d2bc1dd1d960ccf7f8e6e3b9f3e3086d837177239102ff9a109110fe48bb0ecd6a5b7e159efe62",,"2026-02-19T16:30:00.000","30","UNKNOWN","UNKNOWN","UNKNOWN","UNKNOWN","REAR END","DIVIDED - W/MEDIAN BARRIER",,"STRAIGHT AND LEVEL","UNKNOWN","UNKNOWN","NOT ON SCENE (DESK REPORT)","NO INJURY / DRIVE AWAY",,,"Y","$501 - $1,500","2026-02-21T12:53:00.000","UNABLE TO DETERMINE","NOT APPLICABLE","4734","N","ASHLAND AVE","1912",,,,,,,"2","NO INDICATION OF INJURY","0","0","0","0","0","2","0","16","5","2","41.9681041524","-87.6695687325","POINT (-87.669568732502 41.968104152372)"
"313706a6b2029b66a0d02a62391003b04757af59c8dc2ad6fa5f11219ca678c4e3b8e019f8ef312d0e4d9b873ee3b0ce7c5e0f6b3cb262afb3e19b1770ce10ed",,"2026-02-19T16:19:00.000","30","TRAFFIC SIGNAL","FUNCTIONING PROPERLY","CLEAR","DAYLIGHT","PEDESTRIAN","T-INTERSECTION",,"STRAIGHT AND LEVEL","DRY","NO DEFECTS","ON SCENE","INJURY AND / OR TOW DUE TO CRASH","Y",,,"$500 OR LESS","2026-02-19T16:44:00.000","UNABLE TO DETERMINE","NOT APPLICABLE","1529","W","DEVON AVE","2433",,,,,,,"2","INCAPACITATING INJURY","1","0","1","0","0","1","0","16","5","2","41.9979878728","-87.6689037814","POINT (-87.66890378143 41.997987872839)"
"15c5fbacfa5387b1669e1ed36093a4715c26f0386913df90c05faf140c7e06b9db377c2eb70e2343e89e5916ae138b5c8bc77a52a8e19ca80ce57cbc4d227b85",,"2026-02-19T16:15:00.000","30","TRAFFIC SIGNAL","FUNCTIONING PROPERLY","UNKNOWN","UNKNOWN","SIDESWIPE SAME DIRECTION","DIVIDED - W/MEDIAN (NOT RAISED)",,"STRAIGHT AND LEVEL","UNKNOWN","UNKNOWN","NOT ON SCENE (DESK REPORT)","NO INJURY / DRIVE AWAY",,,,"OVER $1,500","2026-02-21T13:15:00.000","UNABLE TO DETERMINE","UNABLE TO DETERMINE","6195","N","CANFIELD AVE","1612",,,,,,,"2","NO INDICATION OF INJURY","0","0","0","0","0","2","0","16","5","2","41.9931270194","-87.822013042","POINT (-87.82201304196 41.99312701939)"
"204cc7c212de0a932acaa41dcfdbcb76836227baabe8d9fdbb41017f508ec78d3dbe59d85a0b2cebf2df17b0b0a03a532b5270ede86fb1a95435d1a54090c391",,"2026-02-19T16:15:00.000","30","STOP SIGN/FLASHER","FUNCTIONING PROPERLY","CLEAR","DAYLIGHT","ANGLE","NOT DIVIDED",,"STRAIGHT AND LEVEL","DRY","NO DEFECTS","ON SCENE","NO INJURY / DRIVE AWAY","Y",,,"OVER $1,500","2026-02-19T16:17:00.000","FAILING TO YIELD RIGHT-OF-WAY","VISION OBSCURED (SIGNS, TREE LIMBS, BUILDINGS, ETC.)","6636","W","HIGGINS AVE","1613",,,,,,,"2","NO INDICATION OF INJURY","0","0","0","0","0","3","0","16","5","2","41.9783137755","-87.7937670247","POINT (-87.793767024658 41.978313775519)"
"e305aa79719b2b3e31a3c3e676bb581bafd8bf7cd19834d52babf4f538ac25f13c886b1ab72bee84b61ed36e81bf0eb8b9439eb41d33e077ddb00a01f08cd58f",,"2026-02-19T16:11:00.000","20","NO CONTROLS","NO CONTROLS","CLEAR","DAYLIGHT","REAR TO FRONT","PARKING LOT",,"STRAIGHT AND LEVEL","DRY","UNKNOWN","NOT ON SCENE (DESK REPORT)","NO INJURY / DRIVE AWAY",,,"Y","OVER $1,500","2026-02-19T17:33:00.000","IMPROPER BACKING","NOT APPLICABLE","9802","S","HALSTED ST","2223",,,,,,,"2","NO INDICATION OF INJURY","0","0","0","0","0","2","0","16","5","2","41.7158047701","-87.6432082532","POINT (-87.643208253244 41.715804770128)"
"0857f8a2e1dd5874bdb5c4758ec181ec9633c6d0b5773f3d6243e2c532d0e58791772799119150d580a12a5bdb3e4792a374c55225be73adf3b0895eda8d12e0",,"2026-02-19T16:06:00.000","25","NO CONTROLS","NO CONTROLS","CLEAR","DAYLIGHT","SIDESWIPE OPPOSITE DIRECTION","NOT DIVIDED",,"STRAIGHT AND LEVEL","DRY","NO DEFECTS","ON SCENE","INJURY AND / OR TOW DUE TO CRASH",,,,"OVER $1,500","2026-02-19T16:06:00.000","UNABLE TO DETERMINE","NOT APPLICABLE","1206","N","KOSTNER AVE","2533",,,,,,,"2","NO INDICATION OF INJURY","0","0","0","0","0","2","0","16","5","2","41.9027321478","-87.7362996401","POINT (-87.736299640126 41.902732147792)"
"3fcf8927836fa3f77c64b10d7de39d2a018e954181af5d9df27a11004ce05581d4a2f488c96935768146022b9367687a5e5ed80caf2a63d2e5eae01db3a0b017",,"2026-02-19T16:00:00.000","30","UNKNOWN","UNKNOWN","UNKNOWN","DAYLIGHT","TURNING","NOT DIVIDED",,"STRAIGHT AND LEVEL","UNKNOWN","UNKNOWN","NOT ON SCENE (DESK REPORT)","NO INJURY / DRIVE AWAY",,,,"OVER $1,500","2026-02-19T16:50:00.000","UNABLE TO DETERMINE","NOT APPLICABLE","2633","N","JONES ST","1432",,,,,,,"2","NO INDICATION OF INJURY","0","0","0","0","0","2","0","16","5","2","41.92920525","-87.6868771479","POINT (-87.686877147945 41.929205249973)"
"94d8487f9182426d5f5c5d00d50c4427b324544b3ac2c88b4c072b803adbaeb0368bad8cc65c92dd11b31ee8d0c84b7bf905912d709bc7aed6f8e569986bc05a",,"2026-02-19T16:00:00.000","30","UNKNOWN","UNKNOWN","UNKNOWN","UNKNOWN","SIDESWIPE OPPOSITE DIRECTION","UNKNOWN",,"STRAIGHT AND LEVEL","UNKNOWN","UNKNOWN","NOT ON SCENE (DESK REPORT)","NO INJURY / DRIVE AWAY",,,,"OVER $1,500","2026-02-19T16:40:00.000","UNABLE TO DETERMINE","UNABLE TO DETERMINE","5800","S","KEDZIE AVE","822",,,,,,,"2","NO INDICATION OF INJURY","0","0","0","0","0","2","0","16","5","2","41.7879702014","-87.7035444651","POINT (-87.703544465118 41.787970201401)"