"crash_record_id","crash_date_est_i","crash_date","posted_speed_limit","traffic_control_device","device_condition","weather_condition","lighting_condition","first_crash_type","trafficway_type","lane_cnt","alignment","roadway_surface_cond","road_defect","report_type","crash_type","intersection_related_i","private_property_i","hit_and_run_i","damage","date_police_notified","prim_contributory_cause","sec_contributory_cause","street_no","street_direction","street_name","beat_of_occurrence","photos_taken_i","statements_taken_i","dooring_i","work_zone_i","work_zone_type","workers_present_i","num_units","most_severe_injury","injuries_total","injuries_fatal","injuries_incapacitating","injuries_non_incapacitating","injuries_reported_not_evident","injuries_no_indication","injuries_unknown","crash_hour","crash_day_of_week","crash_month","latitude","longitude","location"
"b32069acb94df3d187fded0c092aad58f653a04e38bf494a8d7d51ca01e33d646122670bf75a7380340879957d9b186705098fcc75bd40cc7c4bcebfaf64e0d2","Y","2026-02-19T16:00:00.000","30","NO CONTROLS","NO CONTROLS","UNKNOWN","DAYLIGHT","PARKED MOTOR VEHICLE","ONE-WAY",,"STRAIGHT AND LEVEL","DRY","NO DEFECTS","ON SCENE","NO INJURY / DRIVE AWAY",,,"Y","OVER $1,500","2026-02-19T21:56:00.000","UNABLE TO DETERMINE","UNABLE TO DETERMINE","902","N","ROCKWELL ST","1211",,,,,,,"2","NO INDICATION OF INJURY","0","0","0","0","0","1","0","16","5","2","41.8976194121","-87.6919666351","POINT (-87.691966635071 41.897619412146)"
"271748ef744cdc524971a159ab081e6ccb1096351242ec090a070e5714318f37e2f3c8a995571fd3850ed29c6d4bb20548b5c8e3bde2a32042abb4df54d6def9",,"2026-02-19T15:58:00.000","30","TRAFFIC SIGNAL","FUNCTIONING PROPERLY","CLEAR","DAYLIGHT","REAR END","FOUR WAY",,"STRAIGHT AND LEVEL","DRY","NO DEFECTS",,"NO INJURY / DRIVE AWAY",,,,"OVER $1,500","2026-02-19T15:58:00.000","FAILING TO REDUCE SPEED TO AVOID CRASH","FAILING TO REDUCE SPEED TO AVOID CRASH","2698","W","MARQUETTE RD","831",,,,,,,"2","NO INDICATION OF INJURY","0","0","0","0","0","2","0","15","5","2","41.7719724339","-87.6907112576","POINT (-87.690711257571 41.771972433857)"
"8e6ac5bb83270fbdb205c2f4311d95edd9b04b8e390cc6f9cbd509a435da56707cdd59f59631ecd9a5434ba5608be02309f6d13c6544466e35a8baabc2a5699a",,"2026-02-19T15:50:00.000","30","NO CONTROLS","NO CONTROLS","CLEAR","DAYLIGHT","REAR END","DIVIDED - W/MEDIAN (NOT RAISED)",,"STRAIGHT AND LEVEL","DRY","NO DEFECTS","NOT ON SCENE (DESK REPORT)","NO INJURY / DRIVE AWAY",,,,"$501 - $1,500","2026-02-19T16:20:00.000","UNABLE TO DETERMINE","NOT APPLICABLE","3912","W","LAWRENCE AVE","1712",,,,,,,"2","NO INDICATION OF INJURY","0","0","0","0","0","2","0","15","5","2","41.9683677251","-87.7261638168","POINT (-87.726163816822 41.968367725062)"
"ea3afbf6d5abe9ea627a28124561eb5b47953cf003e5a31e3a0d4f3547df475b2ecbe72a479c228ffc2ac05990b780d41fcdb7f775cf4672188131680c72e510",,"2026-02-19T15:50:00.000","25","STOP SIGN/FLASHER","FUNCTIONING PROPERLY","UNKNOWN","UNKNOWN","ANGLE","FOUR WAY",,"STRAIGHT AND LEVEL","UNKNOWN","UNKNOWN","NOT ON SCENE (DESK REPORT)","NO INJURY / DRIVE AWAY",,,,"OVER $1,500","2026-02-23T15:46:00.000","UNABLE TO DETERMINE","NOT APPLICABLE","5200","N","OAKLEY AVE","2012",,,,,,,"2","NO INDICATION OF INJURY","0","0","0","0","0","4","0","15","5","2","41.9759696155","-87.6868803812","POINT (-87.686880381237 41.97596961549)"
"3632233b48cdff920c0786218a6e11f56677d6b8b7e7fdf08ad5546335e74bed64b16b3b41ec6bb843a05e738b7ea7e1e733b5401479c844a1d2ccbc59ea9dce",,"2026-02-19T15:45:00.000","30","NO CONTROLS","NO CONTROLS","CLOUDY/OVERCAST","DAYLIGHT","ANGLE","FOUR WAY",,"STRAIGHT AND LEVEL","DRY","NO DEFECTS","ON SCENE","INJURY AND / OR TOW DUE TO CRASH","Y",,,"$500 OR LESS","2026-02-19T15:45:00.000","FAILING TO YIELD RIGHT-OF-WAY","FAILING TO YIELD RIGHT-OF-WAY","3726","N","LECLAIRE AVE","1634",,,,,,,"2","NO INDICATION OF INJURY","0","0","0","0","0","2","0","15","5","2","41.9487211502","-87.7547089358","POINT (-87.754708935807 41.948721150158)"
"3f88f4e6f16c74f02449bbb423eb273ea7fd79fa65028de7860c69be567a41c4cffe7360ddd65c6cf2c7cf5ae0b26e6f93c3f92b4018a023fe803a12ca55928e",,"2026-02-19T15:45:00.000","30","NO CONTROLS","NO CONTROLS","CLOUDY/OVERCAST","DAYLIGHT","SIDESWIPE SAME DIRECTION","DIVIDED - W/MEDIAN (NOT RAISED)",,"STRAIGHT AND LEVEL","UNKNOWN","UNKNOWN","NOT ON SCENE (DESK REPORT)","NO INJURY / DRIVE AWAY",,,,"OVER $1,500","2026-02-19T16:10:00.000","FAILING TO REDUCE SPEED TO AVOID CRASH","UNABLE TO DETERMINE","1959","N","HALSTED ST","1813",,,,,,,"2","NO INDICATION OF INJURY","0","0","0","0","0","2","0","15","5","2","41.9176534007","-87.6483396669","POINT (-87.648339666854 41.917653400726)"
"4387eb7a643aab95576bfa9140cfff92b0f19023328343f3d3baffc793d1be196a6d7de24408f8f5eef49d3ccf52f537c84327ea3d58ea7b33203f481dedb1f3",,"2026-02-19T15:45:00.000","30","UNKNOWN","UNKNOWN","UNKNOWN","DAYLIGHT","SIDESWIPE SAME DIRECTION","DIVIDED - W/MEDIAN (NOT RAISED)",,"STRAIGHT AND LEVEL","UNKNOWN","UNKNOWN","NOT ON SCENE (DESK REPORT)","NO INJURY / DRIVE AWAY",,,,"$501 - $1,500","2026-02-19T16:10:00.000","UNABLE TO DETERMINE","NOT APPLICABLE","6426","N","RIDGE BLVD","2412",,,,,,,"2","NO INDICATION OF INJURY","0","0","0","0","0","2","0","15","5","2","41.9986893294","-87.6773240189","POINT (-87.677324018934 41.998689329362)"
"91ae5078ea8638f8e960614ddf9279f5754d697e173198bc18ef368b8fae4fc610a97f84f75b52589f3d35beb3a4a69f2c88fd5dc5324592b2f3f854ea88c90c",,"2026-02-19T15:45:00.000","30","TRAFFIC SIGNAL","FUNCTIONING PROPERLY","CLEAR","DAYLIGHT","SIDESWIPE OPPOSITE DIRECTION","DIVIDED - W/MEDIAN (NOT RAISED)",,"STRAIGHT AND LEVEL","DRY","NO DEFECTS","NOT ON SCENE (DESK REPORT)","NO INJURY / DRIVE AWAY",,,"Y","OVER $1,500","2026-02-19T16:15:00.000","UNABLE TO DETERMINE","UNABLE TO DETERMINE","2100","S","DAMEN AVE","1234",,,,,,,"2","NO INDICATION OF INJURY","0","0","0","0","0","2","0","15","5","2","41.8539628189","-87.6760399305","POINT (-87.676039930451 41.853962818869)"
"321bafa581ac6501d232b78684ce3d4f28b5017b3d6886ded5ced1920c31c35925ae0cb8e0872a36fd2e0b928881e116bc2dbf7505d930dd4e342bd88ca7bc1b",,"2026-02-19T15:40:00.000","30","NO CONTROLS","NO CONTROLS","CLEAR","DAYLIGHT","ANGLE","DIVIDED - W/MEDIAN BARRIER",,"STRAIGHT AND LEVEL","DRY","NO DEFECTS","ON SCENE","NO INJURY / DRIVE AWAY","Y",,,"OVER $1,500","2026-02-19T15:44:00.000","IMPROPER TURNING/NO SIGNAL","DRIVING SKILLS/KNOWLEDGE/EXPERIENCE","2427","S","ARCHER AVE","914",,,,,,,"2","NO INDICATION OF INJURY","0","0","0","0","0","2","0","15","5","2","41.8482988602","-87.6436242559","POINT (-87.643624255858 41.848298860154)"
"b6e912e5491adc9cb592c6a7c52ace16223e3fa4e6479f3db1f2d06826585934cf1df566900989ea439203984fe2584ab7e8d0a8a1e91df069df70e30a16dcb0",,"2026-02-19T15:40:00.000","35","STOP SIGN/FLASHER","UNKNOWN","CLEAR","DAYLIGHT","ANGLE","FOUR WAY",,"STRAIGHT AND LEVEL","UNKNOWN","UNKNOWN","NOT ON SCENE (DESK REPORT)","NO INJURY / DRIVE AWAY","Y",,,"OVER $1,500","2026-02-19T16:10:00.000","FAILING TO YIELD RIGHT-OF-WAY","NOT APPLICABLE","6305","N","RIDGE AVE","2433",,,,,,,"2","NO INDICATION OF INJURY","0","0","0","0","0","3","0","15","5","2","41.9957619866","-87.6756492128","POINT (-87.675649212801 41.995761986579)"
"55e2b7af38a142d4c65516333c0a0d5cdaf1f8c85b14b99bcf210c22dd253b06d16925385abc55c400f481d6c700c78e43ed65d9c0728ba66742e16dd9995c28",,"2026-02-19T15:35:00.000","30","STOP SIGN/FLASHER","FUNCTIONING PROPERLY","CLEAR","DAYLIGHT","ANGLE","TRAFFIC ROUTE",,"STRAIGHT AND LEVEL","DRY","NO DEFECTS","NOT ON SCENE (DESK REPORT)","NO INJURY / DRIVE AWAY","Y",,,"OVER $1,500","2026-02-19T19:03:00.000","UNABLE TO DETERMINE","UNABLE TO DETERMINE","3600","N","TROY ST","1733","N",,,,,,"2","NO INDICATION OF INJURY","0","0","0","0","0","2","0","15","5","2","41.9467283277","-87.7067456599","POINT (-87.70674565993 41.946728327743)"
"eccb9d78893f703a8836a9e553d08cec6c77dc9af0f0e850407a0e2e5d1df3ec761dbce8dd0fc2263cddb1a349709f92cdc42c4da64c7d812021e5459f788f64",,"2026-02-19T15:33:00.000","30","NO CONTROLS","NO CONTROLS","CLEAR","DAYLIGHT","SIDESWIPE SAME DIRECTION","ONE-WAY",,"STRAIGHT AND LEVEL","DRY","NO DEFECTS","ON SCENE","NO INJURY / DRIVE AWAY",,,"Y","OVER $1,500","2026-02-19T15:44:00.000","UNABLE TO DETERMINE","IMPROPER OVERTAKING/PASSING","9733","S","AVENUE M","432",,,,,,,"4","NO INDICATION OF INJURY","0","0","0","0","0","5","0","15","5","2","41.7185203158","-87.5375552719","POINT (-87.5375552719 41.718520315786)"
"e1ee68b38eec00899261956233b489b6e4b04efa6a46624b80783a64532e4745d60d5be4e21a971b6406c71506eeaad2a7660cab9d227073016eaaab10eee8c7",,"2026-02-19T15:32:00.000","30","NO CONTROLS","NO CONTROLS","CLEAR","DAYLIGHT","TURNING","NOT DIVIDED",,"STRAIGHT AND LEVEL","DRY","UNKNOWN","ON SCENE","NO INJURY / DRIVE AWAY",,,,"OVER $1,500","2026-02-19T15:50:00.000","UNABLE TO DETERMINE","NOT APPLICABLE","5800","S","CENTRAL PARK AVE","822",,,,,,,"2","NO INDICATION OF INJURY","0","0","0","0","0","3","0","15","5","2","41.7878609132","-87.7135673572","POINT (-87.713567357249 41.787860913167)"
"1379fecb80a26e0c86333723f1b0e9a5872f6240734073f4872a680381ae6f82de6b66b32d944c2f17ba9a7496f882112504ee6f71688eb8188aca5d28ee5bed",,"2026-02-19T15:30:00.000","30","UNKNOWN","UNKNOWN","UNKNOWN","UNKNOWN","SIDESWIPE SAME DIRECTION","UNKNOWN",,"STRAIGHT AND LEVEL","UNKNOWN","UNKNOWN","NOT ON SCENE (DESK REPORT)","NO INJURY / DRIVE AWAY",,,,"OVER $1,500","2026-02-19T18:15:00.000","UNABLE TO DETERMINE","UNABLE TO DETERMINE","1055","W","CONGRESS PKWY","1232",,,,,,,"2","NO INDICATION OF INJURY","0","0","0","0","0","2","0","15","5","2","41.8749778962","-87.6539612568","POINT (-87.653961256763 41.874977896209)"
"1c416b11935aefa32450237953a30a43bdce32dc48cb84c62308e199bedc81ce043915a119b569b56c00fd1c11ef0375e18faf4dc76021bf67afaf31a345b55d",,"2026-02-19T15:30:00.000","30","UNKNOWN","UNKNOWN","CLEAR","UNKNOWN","REAR END","FOUR WAY",,"STRAIGHT AND LEVEL","UNKNOWN","UNKNOWN","NOT ON SCENE (DESK REPORT)","NO INJURY / DRIVE AWAY",,,,"OVER $1,500","2026-02-19T17:42:00.000","IMPROPER OVERTAKING/PASSING","NOT APPLICABLE","7019","W","GRAND AVE","2512",,,,,,,"2","NO INDICATION OF INJURY","0","0","0","0","0","2","0","15","5","2","41.9234380581","-87.8015714943","POINT (-87.801571494289 41.92343805814)"
"2272944aca9171a4100831ee7a222f61f40fdcce830cc5f17ffb61dd326e3b1dd45b6cd5bfbbca66c53d2ff2621ecf9909aabed05b88c894439bc1233d9a3204",,"2026-02-19T15:30:00.000","30","NO CONTROLS","NO CONTROLS","CLEAR","DAYLIGHT","PARKED MOTOR VEHICLE","PARKING LOT",,"STRAIGHT AND LEVEL","DRY","NO DEFECTS","NOT ON SCENE (DESK REPORT)","NO INJURY / DRIVE AWAY",,,,"OVER $1,500","2026-02-19T16:50:00.000","UNABLE TO DETERMINE","UNABLE TO DETERMINE","7500","S","STONY ISLAND AVE","411",,,,,,,"2","NO INDICATION OF INJURY","0","0","0","0","0","1","0","15","5","2","41.7587154667","-87.5862809648","POINT (-87.586280964844 41.758715466706)"
"b1a315723a612ac6b772682127ca5e2a313bb2fe17bcc605c9f97231fd82b065042bf67ff34b56790b4a09da8475cb454ec1ee7a9613ae30145dfa10cb54b591",,"2026-02-19T15:30:00.000","30","UNKNOWN","UNKNOWN","UNKNOWN","UNKNOWN","SIDESWIPE OPPOSITE DIRECTION","UNKNOWN",,"STRAIGHT AND LEVEL","UNKNOWN","UNKNOWN","NOT ON SCENE (DESK REPORT)","NO INJURY / DRIVE AWAY",,,,"OVER $1,500","2026-02-19T17:30:00.000","UNABLE TO DETERMINE","UNABLE TO DETERMINE","5600","S","KEDZIE AVE","822",,,,,,,"2","NO INDICATION OF INJURY","0","0","0","0","0","2","0","15","5","2","41.7916050351","-87.7036488822","POINT (-87.703648882176 41.791605035051)"
"06e248274f08b5dc4b05861370c7a0b1a62afc4fac6e00cff38c785834d0066cf0cc1f0885cb77b21c446f1c173ba5e56db0ac88b90ff5601e71fe9d5a75be6c",,"2026-02-19T15:15:00.000","30","STOP SIGN/FLASHER","FUNCTIONING PROPERLY","CLEAR","DAYLIGHT","TURNING","NOT DIVIDED",,"STRAIGHT AND LEVEL","DRY","NO DEFECTS","ON SCENE","NO INJURY / DRIVE AWAY","Y",,"Y","OVER $1,500","2026-02-19T15:18:00.000","FAILING TO YIELD RIGHT-OF-WAY","FAILING TO YIELD RIGHT-OF-WAY","11100","S","ABERDEEN ST","2234",,,,,,,"2","NO INDICATION OF INJURY","0","0","0","0","0","3","0","15","5","2","41.6922197589","-87.6498209933","POINT (-87.649820993314 41.692219758874)"
"8add09b71eeb7e89e74d297100494e0828d819af5c05e946cfa5f778c419fc9e0de4b051e407e35628efddf4fc37bdb19a60ac278c8b401d16316851e2113f51",,"2026-02-19T15:15:00.000","30","NO CONTROLS","NO CONTROLS","CLEAR","DAYLIGHT","PEDESTRIAN","DIVIDED - W/MEDIAN (NOT RAISED)",,"STRAIGHT AND LEVEL","DRY","NO DEFECTS","NOT ON SCENE (DESK REPORT)","INJURY AND / OR TOW DUE TO CRASH",,,"Y","$501 - $1,500","2026-02-19T16:00:00.000","UNABLE TO DETERMINE","UNABLE TO DETERMINE","3700","W","ADDISON ST","1732",,,,,,,"3","NONINCAPACITATING INJURY","2","0","0","2","0","1","0","15","5","2","41.9465790562","-87.720186259","POINT (-87.720186259046 41.946579056193)"
"9f73591faa54c84161725903754e12da50e10b7c1ee235156a41f0f994ed95645ed46fc5377bb796c88b74ea9ca754f4084fc02f4200eac1c0dc144496bbd51f",,"2026-02-19T15:15:00.000","30","NO CONTROLS","NO CONTROLS","CLEAR","DUSK","PARKED MOTOR VEHICLE","DIVIDED - W/MEDIAN BARRIER",,"STRAIGHT AND LEVEL","DRY","NO DEFECTS","NOT ON SCENE (DESK REPORT)","NO INJURY / DRIVE AWAY",,,"Y","$500 OR LESS","2026-02-19T16:20:00.000","UNABLE TO DETERMINE","UNABLE TO DETERMINE","4748","S","ASHLAND AVE","931",,,,,,,"2","NO INDICATION OF INJURY","0","0","0","0","0","4","0","15","5","2","41.8071536327","-87.6650793108","POINT (-87.665079310819 41.807153632704)"
"425e35a429467a8a9bcd0f37c94a2226a9954194298ad016a3e0182d8e5bc8846075d879c253e5960d54e6f9a1961ca65e7109d2ace02296c95c18d0597bec4c",,"2026-02-19T15:14:00.000","30","NO CONTROLS","NO CONTROLS","CLEAR","DAYLIGHT","PARKED MOTOR VEHICLE","PARKING LOT",,"STRAIGHT AND LEVEL","DRY","NO DEFECTS","ON SCENE","NO INJURY / DRIVE AWAY",,,,"$500 OR LESS","2026-02-19T15:14:00.000","UNABLE TO DETERMINE","UNABLE TO DETERMINE","3562","E","118TH ST","433",,,,,,,"2",,,,,,,,,"15","5","2","41.6810521541","-87.5365162684","POINT (-87.536516268419 41.681052154067)"
"c6fb8bacfa3aa05b3ffb967738f822ddc41ef632135cd6be19eb1f7f362fb964e561950538b0ca5a8cd7ccc7c07b29d94389c1c5b1ff28bc7cd903af326cd753",,"2026-02-19T15:11:00.000","30","TRAFFIC SIGNAL","FUNCTIONING PROPERLY","CLEAR","DAYLIGHT","REAR END","NOT DIVIDED",,"STRAIGHT AND LEVEL","DRY","NO DEFECTS","ON SCENE","INJURY AND / OR TOW DUE TO CRASH",,,,"$500 OR LESS","2026-02-19T15:11:00.000","UNABLE TO DETERMINE","UNABLE TO DETERMINE","4135","N","WOLCOTT AVE","1912",,,,,,,"2","REPORTED, NOT EVIDENT","1","0","0","0","1","1","0","15","5","2","41.9570381704","-87.6762664978","POINT (-87.67626649779 41.957038170395)"
"72f2438abdd0677f24affe605ca7c7b2480aa9b7edc75c7ed9ee0278ba0480637882554102da07a47f2e08749a3ee06bc03405af4eac4d8a90b0959254ca48ef",,"2026-02-19T15:07:00.000","30","OTHER","OTHER","CLEAR","DAYLIGHT","TURNING","NOT DIVIDED",,"CURVE, LEVEL","DRY","NO DEFECTS","ON SCENE","NO INJURY / DRIVE AWAY",,,,"OVER $1,500","2026-02-19T15:36:00.000","UNABLE TO DETERMINE","UNABLE TO DETERMINE","1976","W","DIVERSEY PKWY","1931",,,,,,,"2","NO INDICATION OF INJURY","0","0","0","0","0","5","0","15","5","2","41.9323961303","-87.6780144788","POINT (-87.678014478791 41.932396130296)"
"929ba5d4ee63e12acb0770e3ea3162b2566e61dfbf719c07db0f1dbecebabb67abc7de1b9e26507a01b36d1357ced543a63e9dc02ff5e09937320c4918fae62b",,"2026-02-19T15:02:00.000","35","NO CONTROLS","NO CONTROLS","CLOUDY/OVERCAST","DAYLIGHT","REAR TO FRONT","DIVIDED - W/MEDIAN (NOT RAISED)",,"STRAIGHT AND LEVEL","DRY","NO DEFECTS","ON SCENE","NO INJURY / DRIVE AWAY",,,,"OVER $1,500","2026-02-19T18:03:00.000","IMPROPER BACKING","NOT APPLICABLE","7855","S","WESTERN AVE","835",,,,,,,"2","NO INDICATION OF INJURY","0","0","0","0","0","2","0","15","5","2","41.7503108908","-87.6827074015","POINT (-87.682707401546 41.750310890789)"
"433f745cb6a9d41bcdf5a386be356ee60e79c775845f38366b623ce10e4631b7cbf018b15a7bb9364229d6dd40afcaa2bd41d92421aa1b29e82fd4d2d1bbfa88",,"2026-02-19T15:00:00.000","30","NO CONTROLS","NO CONTROLS","CLEAR","DAYLIGHT","REAR END","ONE-WAY",,"STRAIGHT AND LEVEL","DRY","NO DEFECTS","NOT ON SCENE (DESK REPORT)","NO INJURY / DRIVE AWAY",,,"Y","$501 - $1,500","2026-02-19T17:15:00.000","UNABLE TO DETERMINE","NOT APPLICABLE","6944","S","INDIANA AVE","322",,,,,,,"2","NO INDICATION OF INJURY","0","0","0","0","0","2","0","15","5","2","41.7678612728","-87.6203208576","POINT (-87.620320857571 41.767861272848)"
"8bf3624843a19d1d600ba9e00a3ce554c61918d57b9718a7a19c7a3c166a621195e95670d32bd12a8a0d6010daae4d6f4903d5aefc8e2c1fbec5cc51b4da4457",,"2026-02-19T15:00:00.000","15","NO CONTROLS","NO CONTROLS","CLEAR","DAYLIGHT","PARKED MOTOR VEHICLE","PARKING LOT",,"STRAIGHT AND LEVEL","UNKNOWN","UNKNOWN","NOT ON SCENE (DESK REPORT)","NO INJURY / DRIVE AWAY",,,,"OVER $1,500","2026-02-19T17:34:00.000","UNABLE TO DETERMINE","NOT APPLICABLE","4420","N","BEACON ST","1913",,,,,,,"2","NO INDICATION OF INJURY","0","0","0","0","0","1","0","15","5","2","41.9623188975","-87.6638898298","POINT (-87.663889829801 41.962318897494)"
"41bd5497d7fc96c12752e051758346cce86aad37db50d86e0cfe541297868172d8cff46eb203a76c6eaa62ea1c6105bc134e10dc623ef3a627f9e319061157b3",,"2026-02-19T14:55:00.000","30","NO CONTROLS","NO CONTROLS","CLEAR","DAYLIGHT","REAR END","DIVIDED - W/MEDIAN (NOT RAISED)",,"STRAIGHT AND LEVEL","DRY","NO DEFECTS","NOT ON SCENE (DESK REPORT)","NO INJURY / DRIVE AWAY",,,,"OVER $1,500","2026-02-19T15:20:00.000","UNABLE TO DETERMINE","UNABLE TO DETERMINE","2884","S","ARCHER AVE","913",,,,,,,"2","NO INDICATION OF INJURY","0","0","0","0","0","2","0","14","5","2","41.8421535409","-87.6571789757","POINT (-87.657178975728 41.842153540896)"
"c3fbec8ab799c6404d8c2a6c6b6d33b945af73ce50c01b397283b43899ab077216bcc1ddff44f8896071ac283f401c57553ce7ecf78244b4d86a550b1eaf611c",,"2026-02-19T14:55:00.000","30","NO CONTROLS","NO CONTROLS","CLEAR","DAYLIGHT","TURNING","T-INTERSECTION",,"STRAIGHT AND LEVEL","DRY","NO DEFECTS","ON SCENE","INJURY AND / OR TOW DUE TO CRASH",,,,"OVER $1,500","2026-02-19T14:58:00.000","UNABLE TO DETERMINE","UNABLE TO DETERMINE","30","E","103RD ST","511",,,,,,,"2","NO INDICATION OF INJURY","0","0","0","0","0","2","0","14","5","2","41.7072901686","-87.6223990331","POINT (-87.622399033117 41.707290168586)"
"6320afde0a840b9994957c7de493233b2a047c064790399d3fe115e17f8b16bd523823180f3742fb760a40ce73c6e2750a185164ad814b68a7617bb9c66a8e4b",,"2026-02-19T14:54:00.000","20","NO CONTROLS","NO CONTROLS","CLEAR","DAYLIGHT","PARKED MOTOR VEHICLE","ONE-WAY",,"STRAIGHT AND LEVEL","DRY","NO DEFECTS","ON SCENE","NO INJURY / DRIVE AWAY",,,,"OVER $1,500","2026-02-19T14:54:00.000","FOLLOWING TOO CLOSELY","FOLLOWING TOO CLOSELY","2330","W","SUNNYSIDE AVE","1911",,,,,,,"2","NO INDICATION OF INJURY","0","0","0","0","0","2","0","14","5","2","41.9632649798","-87.6874661763","POINT (-87.687466176329 41.963264979799)"
"fae567bb1ccf21f85fc58abdda1c0031dfa534ba3c647c6a958deebc68c2f2230ae3d4ea7cb233028d8fce07485a6d19e279f93bd46e74f66e57c9e08512c670",,"2026-02-19T14:53:00.000","30","NO CONTROLS","NO CONTROLS","CLEAR","DAYLIGHT","REAR END","NOT DIVIDED",,"STRAIGHT AND LEVEL","DRY","NO DEFECTS","NOT ON SCENE (DESK REPORT)","NO INJURY / DRIVE AWAY",,,,"$501 - $1,500","2026-02-19T15:10:00.000","NOT APPLICABLE","NOT APPLICABLE","5402","N","LINCOLN AVE","2011",,,,,,,"2","NO INDICATION OF INJURY","0","0","0","0","0","2","0","14","5","2","41.9796125365","-87.6928489735","POINT (-87.692848973479 41.979612536499)"
"0868a2d2d93f7b8d1abfa87a6e5a8ef12d4d8b425d965b3bdd7d8cefcd2ddd2546987023a054877b3814493a2f68a7d0e21a4186e06a4a4e540e117740694298","Y","2026-02-19T14:46:00.000","40","NO CONTROLS","NO CONTROLS","CLEAR","DAYLIGHT","SIDESWIPE SAME DIRECTION","OTHER",,"STRAIGHT AND LEVEL","DRY","UNKNOWN","ON SCENE","NO INJURY / DRIVE AWAY",,,,"$501 - $1,500","2026-02-19T14:53:00.000","UNABLE TO DETERMINE","NOT APPLICABLE","2800","N","LAKE SHORE DR SB","1934",,,,,,,"2","NO INDICATION OF INJURY","0","0","0","0","0","2","0","14","5","2","41.9326770087","-87.6322477083","POINT (-87.632247708301 41.932677008738)"
"3af8420e7fdd160e9ffc798f1bd82944685b0452de5f87e41452fbc018d93136a995b4281e3bc7a92192843c959a28b41b0adae6add195617df0e90caa948958",,"2026-02-19T14:46:00.000","30","NO CONTROLS","NO CONTROLS","CLEAR","DAYLIGHT","TURNING","NOT DIVIDED",,"STRAIGHT AND LEVEL","DRY","UNKNOWN","ON SCENE","INJURY AND / OR TOW DUE TO CRASH",,,,"OVER $1,500","2026-02-19T15:51:00.000","FAILING TO REDUCE SPEED TO AVOID CRASH","IMPROPER TURNING/NO SIGNAL","5658","S","WESTERN AVE","824",,,,,,,"2","NO INDICATION OF INJURY","0","0","0","0","0","2","0","14","5","2","41.7906976122","-87.6840990996","POINT (-87.684099099648 41.790697612183)"
"7ac754b09c446a390b58b6019d27bee359fed8a5dff01d2e6fd23c603e935862a0f3f855cd988946a61b698ef28d5d8d495984aa5132add4b88e092eb09a72b3",,"2026-02-19T14:45:00.000","35","NO CONTROLS","NO CONTROLS","CLEAR","DAYLIGHT","ANGLE","TRAFFIC ROUTE",,"STRAIGHT AND LEVEL","DRY","NO DEFECTS","NOT ON SCENE (DESK REPORT)","INJURY AND / OR TOW DUE TO CRASH",,,"Y","OVER $1,500","2026-02-19T16:34:00.000","ROAD CONSTRUCTION/MAINTENANCE","NOT APPLICABLE","1549","E","68TH ST","332",,,,,,,"2","NO INDICATION OF INJURY","0","0","0","0","0","2","0","14","5","2","41.7714047235","-87.5863680707","POINT (-87.586368070667 41.771404723508)"
"c573fcbd56e11ddb3cc96d3a9f02675cc671ca77e6e71028ff48e04e734b2e793d09d148443714fcb0e7405f4a6110b99a8a7ba67d857cef9f3c104637ffa15c","N","2026-02-19T14:45:00.000","30","NO CONTROLS","NO CONTROLS","CLEAR","DAYLIGHT","SIDESWIPE SAME DIRECTION","NOT DIVIDED",,"STRAIGHT AND LEVEL","DRY","UNKNOWN",,"INJURY AND / OR TOW DUE TO CRASH",,,,"OVER $1,500","2026-02-19T17:23:00.000","IMPROPER LANE USAGE","UNABLE TO DETERMINE","2204","S","DAMEN AVE","1034",,,,,,,"2","NO INDICATION OF INJURY","0","0","0","0","0","3","0","14","5","2","41.8520020759","-87.6759809477","POINT (-87.675980947682 41.852002075857)"
"f5f4cf2d9a681a0a978d1715cf9f1d1ff4498ec9b89a050dfa958938a55e92a62f533134ba994ddd883af19c3a2ce8117945d149a90dba22d67ccbd91f032d68",,"2026-02-19T14:41:00.000","30","NO CONTROLS","NO CONTROLS","CLEAR","DAYLIGHT","ANGLE","NOT DIVIDED",,"STRAIGHT AND LEVEL","DRY","NO DEFECTS","ON SCENE","NO INJURY / DRIVE AWAY",,,,"OVER $1,500","2026-02-19T15:16:00.000","FAILING TO YIELD RIGHT-OF-WAY","NOT APPLICABLE","2337","N","WESTERN AVE","1432",,,,,,,"2","NO INDICATION OF INJURY","0","0","0","0","0","4","0","14","5","2","41.9244253467","-87.6874803627","POINT (-87.687480362702 41.924425346687)"
"9e1a135deb6f1f005d06dafc81738571ed0b3b72aa94d1353c983cd98784383d621fff7751b4ef58644026876d9d2df884f6cc76c3435fa044ae1069db0a93ed",,"2026-02-19T14:40:00.000","20","NO CONTROLS","NO CONTROLS","CLEAR","DAYLIGHT","PARKED MOTOR VEHICLE","NOT DIVIDED",,"STRAIGHT AND LEVEL","DRY","UNKNOWN","ON SCENE","NO INJURY / DRIVE AWAY",,,,"OVER $1,500","2026-02-19T14:40:00.000","UNABLE TO DETERMINE","NOT APPLICABLE","4846","N","NATCHEZ AVE","1613",,,,,,,"2","NO INDICATION OF INJURY","0","0","0","0","0","7","0","14","5","2","41.9698128277","-87.7893490169","POINT (-87.789349016919 41.96981282772)"