"crash_record_id","crash_date_est_i","crash_date","posted_speed_limit","traffic_control_device","device_condition","weather_condition","lighting_condition","first_crash_type","trafficway_type","lane_cnt","alignment","roadway_surface_cond","road_defect","report_type","crash_type","intersection_related_i","private_property_i","hit_and_run_i","damage","date_police_notified","prim_contributory_cause","sec_contributory_cause","street_no","street_direction","street_name","beat_of_occurrence","photos_taken_i","statements_taken_i","dooring_i","work_zone_i","work_zone_type","workers_present_i","num_units","most_severe_injury","injuries_total","injuries_fatal","injuries_incapacitating","injuries_non_incapacitating","injuries_reported_not_evident","injuries_no_indication","injuries_unknown","crash_hour","crash_day_of_week","crash_month","latitude","longitude","location"
"38c8131a745858d4b90406e2c4917bfc91ed17e993009ca71b4ce3249edb642a78ffeb7199dfbc04330fe426db9a18b96d5030b49441a9880006bfb0b31e46f7",,"2026-02-19T14:30:00.000","30","UNKNOWN","UNKNOWN","UNKNOWN","UNKNOWN","PARKED MOTOR VEHICLE","PARKING LOT",,"STRAIGHT AND LEVEL","UNKNOWN","UNKNOWN","NOT ON SCENE (DESK REPORT)","NO INJURY / DRIVE AWAY","Y",,"Y","OVER $1,500","2026-02-26T13:54:00.000","NOT APPLICABLE","NOT APPLICABLE","230","N","LOWER MICHIGAN AVE","111",,,,,,,"2","NO INDICATION OF INJURY","0","0","0","0","0","1","0","14","5","2","41.8864966812","-87.6247141224","POINT (-87.624714122361 41.886496681194)"
"91c63d6b400cd22512d0076cc70867e2ef6bba5fae8a0e80c11a32bc4bc09e2606c75fe29e706817d19aab3bc4f56b86798b789defcc9aca7faf3b9625de4240",,"2026-02-19T14:30:00.000","30","STOP SIGN/FLASHER","FUNCTIONING PROPERLY","CLEAR","DAYLIGHT","ANGLE","FOUR WAY",,"STRAIGHT AND LEVEL","DRY","NO DEFECTS","NOT ON SCENE (DESK REPORT)","NO INJURY / DRIVE AWAY",,,"Y","OVER $1,500","2026-02-21T07:45:00.000","UNABLE TO DETERMINE","NOT APPLICABLE","3935","W","FERDINAND ST","1122",,,,,,,"2","NO INDICATION OF INJURY","0","0","0","0","0","2","0","14","5","2","41.8897617773","-87.7247600956","POINT (-87.724760095639 41.88976177729)"
"92356a4bc59f54e1a4ceeacb5e3c1c10f19cbe9c16e64a1dc17149e71857515463f7701321498b86f29981ad96633bf7239d57398cd1cf385cf84b1e21bdeb19",,"2026-02-19T14:30:00.000","30","NO CONTROLS","NO CONTROLS","CLEAR","DAYLIGHT","TURNING","PARKING LOT",,"STRAIGHT AND LEVEL","DRY","NO DEFECTS","ON SCENE","NO INJURY / DRIVE AWAY",,,,"$501 - $1,500","2026-02-19T14:42:00.000","IMPROPER TURNING/NO SIGNAL","FAILING TO YIELD RIGHT-OF-WAY","3807","W","DIVISION ST","1112",,,,,,,"2","NO INDICATION OF INJURY","0","0","0","0","0","2","0","14","5","2","41.9026003481","-87.7217632199","POINT (-87.721763219903 41.902600348135)"
"16b4792e085771130f1faf60455655a5e9fa71e06454afa63630b09806c01a88d08e25b60da3c8ebf5027447438d49c22ca336c44912cb0b819a2a647522334e",,"2026-02-19T14:20:00.000","30","NO CONTROLS","NO CONTROLS","CLEAR","DAYLIGHT","ANGLE","DIVIDED - W/MEDIAN (NOT RAISED)",,"STRAIGHT AND LEVEL","DRY","NO DEFECTS","NOT ON SCENE (DESK REPORT)","NO INJURY / DRIVE AWAY",,,,"OVER $1,500","2026-02-19T15:00:00.000","UNABLE TO DETERMINE","UNABLE TO DETERMINE","5815","W","GRAND AVE","2515",,,,,,,"2","NO INDICATION OF INJURY","0","0","0","0","0","2","0","14","5","2","41.9196711941","-87.7713904939","POINT (-87.771390493915 41.919671194052)"
"0a64bc7dbd08f68cdb3d66b7358b477b70e7076b81e7d406bf2c8958b69fd6213037c6f2f8d15cbc46891334e1e9fd697f12981a5ba17e0a93f230205a6cae2f",,"2026-02-19T14:15:00.000","20","NO CONTROLS","NO CONTROLS","CLEAR","DAYLIGHT","SIDESWIPE OPPOSITE DIRECTION","OTHER",,"STRAIGHT AND LEVEL","DRY","NO DEFECTS","NOT ON SCENE (DESK REPORT)","NO INJURY / DRIVE AWAY",,,"Y","OVER $1,500","2026-02-20T17:30:00.000","UNABLE TO DETERMINE","UNABLE TO DETERMINE","3158","W","MADISON ST","1222",,,,,,,"2","NO INDICATION OF INJURY","0","0","0","0","0","2","0","14","5","2","41.8810912756","-87.7053927701","POINT (-87.705392770094 41.881091275617)"
"bf0214f31414346c3d1f8d07626ce736b5ec6268ae62c78a8183ed53105c69f4875c8e574af3b048e745006c0c0a4e68b20e023895c606c9817f3ffb01eddd02",,"2026-02-19T14:15:00.000","15","UNKNOWN","UNKNOWN","CLEAR","DAYLIGHT","PEDALCYCLIST","FOUR WAY",,"STRAIGHT AND LEVEL","DRY","UNKNOWN","ON SCENE","INJURY AND / OR TOW DUE TO CRASH","Y",,,"OVER $1,500","2026-02-19T14:17:00.000","DISREGARDING STOP SIGN","NOT APPLICABLE","2700","S","KARLOV AVE","1031",,,,,,,"2","NONINCAPACITATING INJURY","1","0","0","1","0","1","0","14","5","2","41.8422840957","-87.7270749155","POINT (-87.727074915514 41.842284095682)"
"ed37d3e240475640c02593fab5d436871234c9737a18dee13b04a2d43d6ad0ce1eba4c2df7feed97ef57b55e637099099c6f298cda10b598d30b1386c23a90bc",,"2026-02-19T14:00:00.000","25","NO CONTROLS","NO CONTROLS","CLEAR","DAYLIGHT","REAR END","ONE-WAY",,"STRAIGHT AND LEVEL","DRY","NO DEFECTS","NOT ON SCENE (DESK REPORT)","NO INJURY / DRIVE AWAY",,,,"OVER $1,500","2026-02-19T14:45:00.000","FOLLOWING TOO CLOSELY","UNABLE TO DETERMINE","5344","S","CARPENTER ST","934",,,,,,,"2","NO INDICATION OF INJURY","0","0","0","0","0","2","0","14","5","2","41.7965246397","-87.6514446382","POINT (-87.65144463824 41.796524639689)"
"7fe4f61157b6b37821345d6c03f4525e5c7f572200365c8659a9fb5f7c2abbbb7821e40d934386a95b4772b8d3f09eb34c7db5fd56addda1e571348bb92290a3",,"2026-02-19T13:45:00.000","30","NO CONTROLS","NO CONTROLS","UNKNOWN","DAYLIGHT","SIDESWIPE SAME DIRECTION","OTHER",,"STRAIGHT AND LEVEL","UNKNOWN","UNKNOWN","NOT ON SCENE (DESK REPORT)","INJURY AND / OR TOW DUE TO CRASH",,,"Y","OVER $1,500","2026-02-25T00:45:00.000","OPERATING VEHICLE IN ERRATIC, RECKLESS, CARELESS, NEGLIGENT OR AGGRESSIVE MANNER","UNABLE TO DETERMINE","11801","S","MARSHFIELD AVE","2234",,,,,,,"2","NO INDICATION OF INJURY","0","0","0","0","0","2","0","13","5","2","41.6792515279","-87.6623242384","POINT (-87.662324238382 41.67925152786)"
"8e9f75f8762230a2cbfaa507da9e1fc991451673750fef3d662cf62c8b4e76995394e7dfee7d02b82d1cdc7db5d24363c51b12c54f7bb566ecb8f7904675d679",,"2026-02-19T13:45:00.000","10","NO CONTROLS","NO CONTROLS","CLEAR","DAYLIGHT","PARKED MOTOR VEHICLE","PARKING LOT",,"STRAIGHT AND LEVEL","DRY","NO DEFECTS","ON SCENE","NO INJURY / DRIVE AWAY",,,"Y","OVER $1,500","2026-02-19T13:50:00.000","DRIVING SKILLS/KNOWLEDGE/EXPERIENCE","DRIVING SKILLS/KNOWLEDGE/EXPERIENCE","3025","W","WALNUT ST","1222",,,,,,,"4","NO INDICATION OF INJURY","0","0","0","0","0","1","0","13","5","2","41.8853327799","-87.7023668682","POINT (-87.702366868195 41.88533277993)"
"272c2073fcea5fee14c95dd79529c108ffbc538da3262945738424d18952a45e0a1868a0ed534315c9523ebbb817d75d68409d5d09739c41e7a9fac2f19dc155",,"2026-02-19T13:37:00.000","30","NO CONTROLS","NO CONTROLS","CLEAR","DAYLIGHT","ANGLE","NOT DIVIDED",,"STRAIGHT AND LEVEL","DRY","NO DEFECTS","ON SCENE","NO INJURY / DRIVE AWAY","Y",,,"OVER $1,500","2026-02-19T13:43:00.000","NOT APPLICABLE","NOT APPLICABLE","2758","W","44TH ST","922",,,,,,,"2","NO INDICATION OF INJURY","0","0","0","0","0","2","0","13","5","2","41.8138498855","-87.6943262569","POINT (-87.694326256854 41.813849885536)"
"6406c961336143741b15038c716871cb7804c7e2feb948eebd74731c51b23caa67f32f49c69c339503b9228bd740f0ed85c617209c79308cce081ac614c6e2fc",,"2026-02-19T13:30:00.000","30","NO CONTROLS","NO CONTROLS","CLEAR","DAYLIGHT","PARKED MOTOR VEHICLE","NOT DIVIDED",,"STRAIGHT AND LEVEL","DRY","UNKNOWN","NOT ON SCENE (DESK REPORT)","NO INJURY / DRIVE AWAY",,,,"OVER $1,500","2026-02-19T14:30:00.000","UNABLE TO DETERMINE","NOT APPLICABLE","1312","W","87TH ST","613",,,,,,,"2","NO INDICATION OF INJURY","0","0","0","0","0","3","0","13","5","2","41.7359987165","-87.6563821277","POINT (-87.656382127692 41.735998716459)"
"e8998f282b1cbba5769f5ea7e575b13cb4c1f18b2a2f707a17006946a26c65fa2a4b103bc9630bd24d7b90b9ab56c264f1cabaaee016710f714688380270a413",,"2026-02-19T13:30:00.000","30","NO CONTROLS","NO CONTROLS","CLEAR","DAYLIGHT","SIDESWIPE SAME DIRECTION","NOT DIVIDED",,"STRAIGHT AND LEVEL","DRY","NO DEFECTS","ON SCENE","NO INJURY / DRIVE AWAY",,,,"OVER $1,500","2026-02-19T14:08:00.000","UNABLE TO DETERMINE","NOT APPLICABLE","798","W","MONTROSE AVE","1914",,,,,,,"2","NO INDICATION OF INJURY","0","0","0","0","0","2","0","13","5","2","41.9619534346","-87.6497954032","POINT (-87.649795403156 41.961953434582)"
"8a242747794cdce74741e4b3863f60fc11ed1fe54dcb46d3d60d0c2240119d4aa2d3022f02cf72b62738a603cc3cd3d484136659a046b65a70ea8043c185731e",,"2026-02-19T13:29:00.000","35","UNKNOWN","UNKNOWN","CLEAR","DAYLIGHT","SIDESWIPE SAME DIRECTION","NOT DIVIDED",,"STRAIGHT AND LEVEL","UNKNOWN","UNKNOWN","ON SCENE","NO INJURY / DRIVE AWAY",,,,"$500 OR LESS","2026-02-19T13:32:00.000","UNABLE TO DETERMINE","UNABLE TO DETERMINE","11956","S","HALSTED ST","524",,,,,,,"2","NO INDICATION OF INJURY","0","0","0","0","0","2","0","13","5","2","41.6761378407","-87.6419988576","POINT (-87.641998857613 41.676137840747)"
"7eec9431551ec0c0f5da1064a415b3e1ead6ed0e0b0ad2441a18fb25662b9ad58225c590fe9118529ca302774fb6055c5ece731b6b3e15e125db98b29ef8ba12",,"2026-02-19T13:19:00.000","25","NO CONTROLS","NO CONTROLS","CLEAR","DAYLIGHT","TURNING","NOT DIVIDED",,"STRAIGHT AND LEVEL","DRY","UNKNOWN","NOT ON SCENE (DESK REPORT)","NO INJURY / DRIVE AWAY","Y",,,"OVER $1,500","2026-02-19T15:40:00.000","FAILING TO YIELD RIGHT-OF-WAY","NOT APPLICABLE","3256","W","47TH ST","821",,,,,,,"2","NO INDICATION OF INJURY","0","0","0","0","0","2","0","13","5","2","41.8082026806","-87.706252288","POINT (-87.706252287963 41.808202680584)"
"4ae06a844c61a6dd79223f659f44bcef84bb06fc32e8aabfe44417f71bf0c3050b21b52cd5aacab14bc984c7d224c89b0da0dad84626947288501bba0cfb62da",,"2026-02-19T13:14:00.000","30","STOP SIGN/FLASHER","FUNCTIONING PROPERLY","CLEAR","DAYLIGHT","ANGLE","FOUR WAY",,"STRAIGHT AND LEVEL","DRY","NO DEFECTS","NOT ON SCENE (DESK REPORT)","NO INJURY / DRIVE AWAY","Y",,"Y","$501 - $1,500","2026-02-19T14:15:00.000","FAILING TO YIELD RIGHT-OF-WAY","NOT APPLICABLE","10200","S","DR MARTIN LUTHER KING JR DR","511",,,,,,,"2","NO INDICATION OF INJURY","0","0","0","0","0","2","0","13","5","2","41.7090441014","-87.6139579934","POINT (-87.613957993398 41.709044101401)"
"57dd6543834c61cb1fc36cf40bca55f339559f0dadc1c55011ce6d1a322340353bb839233b69c7a993b0f92d3e773912be41c6a543a82d4dad7661f91fad16c9",,"2026-02-19T13:00:00.000","30","NO CONTROLS","NO CONTROLS","CLEAR","DAYLIGHT","TURNING","NOT DIVIDED",,"STRAIGHT AND LEVEL","DRY","NO DEFECTS",,"NO INJURY / DRIVE AWAY",,,,"OVER $1,500","2026-02-19T14:35:00.000","FAILING TO YIELD RIGHT-OF-WAY","FAILING TO YIELD RIGHT-OF-WAY","5732","N","FOREST GLEN AVE","1621",,,,,,,"2","NO INDICATION OF INJURY","0","0","0","0","0","2","0","13","5","2","41.9850652963","-87.7497276047","POINT (-87.74972760466 41.985065296276)"
"84c0cff8ef7a0cf214b13396e2fd6951b2760cc72bbe3fc4db5082d36a3f5741807df5a09042b8c905e7cc67ad89efcbaed710759604bd8f2719a71649dced3f",,"2026-02-19T13:00:00.000","30","UNKNOWN","UNKNOWN","CLEAR","UNKNOWN","SIDESWIPE SAME DIRECTION","FOUR WAY",,"STRAIGHT AND LEVEL","DRY","UNKNOWN","NOT ON SCENE (DESK REPORT)","NO INJURY / DRIVE AWAY","Y",,"Y","OVER $1,500","2026-02-19T14:16:00.000","IMPROPER OVERTAKING/PASSING","DRIVING SKILLS/KNOWLEDGE/EXPERIENCE","56","E","SUPERIOR ST","1833",,,,,,,"2","NO INDICATION OF INJURY","0","0","0","0","0","2","0","13","5","2","41.8958236013","-87.6259835533","POINT (-87.625983553322 41.895823601292)"
"a12f75d7c488fb3446b6f3a00a77d7b013934f8595dfb70a8ab7fbf22669d3fbee67a553946519ccf0c921f0ae7cc3ac6e4b46e14b9fc58441acdab32b76b5bf",,"2026-02-19T13:00:00.000","10","UNKNOWN","UNKNOWN","UNKNOWN","UNKNOWN","REAR TO REAR","PARKING LOT",,"STRAIGHT AND LEVEL","UNKNOWN","UNKNOWN","NOT ON SCENE (DESK REPORT)","NO INJURY / DRIVE AWAY",,,,"$501 - $1,500","2026-02-23T10:00:00.000","UNABLE TO DETERMINE","UNABLE TO DETERMINE","2601","N","CLYBOURN AVE","1931",,,,,,,"2","NO INDICATION OF INJURY","0","0","0","0","0","2","0","13","5","2","41.9288373849","-87.67397132","POINT (-87.673971319994 41.928837384913)"
"be5f84f5f17e7bc20449b4fb90f4dfdb859147b188d411740006860c171f24291edd9dcd835bf0ac3a9bce1c7c7895d48e56c29f8f6b9734d51e51ae7de2b9a7",,"2026-02-19T12:53:00.000","30","STOP SIGN/FLASHER","FUNCTIONING PROPERLY","CLEAR","DAYLIGHT","ANGLE","NOT DIVIDED",,"STRAIGHT AND LEVEL","DRY","UNKNOWN","ON SCENE","INJURY AND / OR TOW DUE TO CRASH","Y",,,"OVER $1,500","2026-02-19T13:00:00.000","UNABLE TO DETERMINE","UNABLE TO DETERMINE","6201","W","BRYN MAWR AVE","1622",,,,,,,"2","NO INDICATION OF INJURY","0","0","0","0","0","2","0","12","5","2","41.9828041321","-87.7836322392","POINT (-87.783632239163 41.982804132116)"
"1d6a502ac520a92c9a80104e8e58c6212206ec4f54ada6227b0ceda75e358d7269c56f1ed56f62e7f23d33571cedae7bbde09641a1313b8fb42041aae7b0cf39",,"2026-02-19T12:45:00.000","30","TRAFFIC SIGNAL","UNKNOWN","CLOUDY/OVERCAST","DAYLIGHT","SIDESWIPE SAME DIRECTION","ONE-WAY",,"STRAIGHT AND LEVEL","UNKNOWN","UNKNOWN","NOT ON SCENE (DESK REPORT)","NO INJURY / DRIVE AWAY","Y",,"Y","OVER $1,500","2026-02-19T13:50:00.000","IMPROPER LANE USAGE","FAILING TO REDUCE SPEED TO AVOID CRASH","44","E","SUPERIOR ST","1833",,,,,,,"2","NO INDICATION OF INJURY","0","0","0","0","0","2","0","12","5","2","41.8958141486","-87.626502938","POINT (-87.626502938048 41.895814148592)"
"482dbca114aec07c1b64439dbd92d7149a8e71bd1ad466f98922dd1fc24654dba6fc7db5c34c32560c7b52b86e109ebd2fdbe831f8750a18ee82a7a61ec7d793",,"2026-02-19T12:45:00.000","30","STOP SIGN/FLASHER","FUNCTIONING PROPERLY","CLEAR","DAYLIGHT","ANGLE","FOUR WAY",,"STRAIGHT AND LEVEL","DRY","NO DEFECTS",,"INJURY AND / OR TOW DUE TO CRASH",,,,"OVER $1,500","2026-02-19T12:46:00.000","FAILING TO YIELD RIGHT-OF-WAY","FAILING TO YIELD RIGHT-OF-WAY","3100","W","DOUGLAS BLVD","1022",,,,,,,"2","REPORTED, NOT EVIDENT","2","0","0","0","2","1","0","12","5","2","41.8631076198","-87.7031169352","POINT (-87.703116935151 41.863107619824)"
"45ac6f13f31f38af7fa52d57614baad730ca3b5e5dca4c58b689b3e72680d35a2e6aca3d25ada99093cbd0a9b9dc123ebf9c19353177dec66fdcbe03b09aeb32",,"2026-02-19T12:37:00.000","30","NO CONTROLS","NO CONTROLS","CLEAR","DAYLIGHT","PARKED MOTOR VEHICLE","NOT DIVIDED",,"STRAIGHT AND LEVEL","DRY","NO DEFECTS","NOT ON SCENE (DESK REPORT)","NO INJURY / DRIVE AWAY",,,,"OVER $1,500","2026-02-19T13:10:00.000","NOT APPLICABLE","NOT APPLICABLE","6016","W","IRVING PARK RD","1624",,,,,,,"2","NO INDICATION OF INJURY","0","0","0","0","0","1","0","12","5","2","41.9531497374","-87.7775174877","POINT (-87.777517487727 41.953149737375)"
"46db762a97e4bdd617d298146d7d47c920ac59508ff5c6af1f5fc522e40ef5b0174f075dfd339e1cd14db45664e4df73d5946cf534253ec034d94c8cd73669b0",,"2026-02-19T12:25:00.000","15","NO CONTROLS","NO CONTROLS","UNKNOWN","DAYLIGHT","PARKED MOTOR VEHICLE","NOT DIVIDED",,"STRAIGHT AND LEVEL","UNKNOWN","UNKNOWN","NOT ON SCENE (DESK REPORT)","NO INJURY / DRIVE AWAY",,,,"OVER $1,500","2026-02-20T12:00:00.000","DRIVING SKILLS/KNOWLEDGE/EXPERIENCE","UNABLE TO DETERMINE","1513","N","HONORE ST","1424",,,,,,,"2","NO INDICATION OF INJURY","0","0","0","0","0","2","0","12","5","2","41.9089266174","-87.6743389973","POINT (-87.674338997299 41.908926617378)"
"e2f4a2807a1629d2d3b10651e48f6fe95e09df3506d22470232ffc8fef318aa6ccda939bf912f80dbdada627a6cfb78f2576fcf25bf71396a8f1a10a70bfa74a",,"2026-02-19T12:24:00.000","20","NO CONTROLS","NO CONTROLS","CLEAR","DAYLIGHT","PARKED MOTOR VEHICLE","PARKING LOT",,"STRAIGHT AND LEVEL","DRY","NO DEFECTS","ON SCENE","NO INJURY / DRIVE AWAY",,,"Y","$501 - $1,500","2026-02-19T12:40:00.000","IMPROPER BACKING","UNABLE TO DETERMINE","5607","W","DIVISION ST","1511",,,,,,,"2","NO INDICATION OF INJURY","0","0","0","0","0","1","0","12","5","2","41.9020311843","-87.7659461431","POINT (-87.765946143125 41.902031184309)"
"d6db7fb48ed266c30d40c0b4e1fa998c9ba868b4279bbbb46bdd891f114167773184ed14031dcab04a7d71e2afd0d0bc610a490cc6aa328ee04e50fd6159d951",,"2026-02-19T12:23:00.000","15","NO CONTROLS","NO CONTROLS","CLEAR","DAYLIGHT","FIXED OBJECT","ONE-WAY",,"STRAIGHT AND LEVEL","DRY","NO DEFECTS","NOT ON SCENE (DESK REPORT)","NO INJURY / DRIVE AWAY",,,,"OVER $1,500","2026-02-22T19:34:00.000","DRIVING SKILLS/KNOWLEDGE/EXPERIENCE","NOT APPLICABLE","400","E","44TH ST","221",,,,,,,"1","NO INDICATION OF INJURY","0","0","0","0","0","1","0","12","5","2","41.8149386438","-87.6163601397","POINT (-87.6163601397 41.814938643801)"
"5e41d977e4d3b36adf18086605912a3d8d244f1e788ee00c52e9ff603c23a5b6bb6749cb7e7d0122e9baaf360d2158793c33f0c7d2c6553e64afce4dbe893fc6",,"2026-02-19T12:20:00.000","30","TRAFFIC SIGNAL","NO CONTROLS","CLEAR","DAYLIGHT","TURNING","NOT DIVIDED",,"STRAIGHT AND LEVEL","DRY","NO DEFECTS","NOT ON SCENE (DESK REPORT)","NO INJURY / DRIVE AWAY",,,,"OVER $1,500","2026-02-19T13:19:00.000","IMPROPER OVERTAKING/PASSING","NOT APPLICABLE","399","W","OHIO ST","1831",,,,,,,"2","NO INDICATION OF INJURY","0","0","0","0","0","2","0","12","5","2","41.8921983447","-87.6385677233","POINT (-87.638567723306 41.892198344678)"
"d6829278a073019c0ea3e909eb9f55356ae0b1192694cc91066da4f217c89d2d7a2178345f9e6d8cf60c851444773a800e02e38ca197d1e2a89a5e49ea35c602",,"2026-02-19T12:18:00.000","20","NO CONTROLS","NO CONTROLS","CLEAR","DAYLIGHT","PARKED MOTOR VEHICLE","PARKING LOT",,"STRAIGHT AND LEVEL","DRY","NO DEFECTS","ON SCENE","NO INJURY / DRIVE AWAY",,,,"OVER $1,500","2026-02-19T12:20:00.000","DRIVING SKILLS/KNOWLEDGE/EXPERIENCE","NOT APPLICABLE","4620","W","DIVERSEY AVE","2521",,,,,,,"2","NO INDICATION OF INJURY","0","0","0","0","0","1","0","12","5","2","41.9316926931","-87.7427817017","POINT (-87.742781701745 41.931692693056)"
"c9b8461128dc49d93ba5d8b0875886407c22fb6953c4a9363bcba4301e395adbbac77ef508b6b63a2071060782830a45d4c2f4e38fd7bf35d50dfd1861ed268a",,"2026-02-19T12:00:00.000","30","NO CONTROLS","NO CONTROLS","CLEAR","DAYLIGHT","REAR END","NOT DIVIDED",,"STRAIGHT AND LEVEL","DRY","NO DEFECTS","NOT ON SCENE (DESK REPORT)","INJURY AND / OR TOW DUE TO CRASH",,,,"OVER $1,500","2026-02-19T18:14:00.000","FOLLOWING TOO CLOSELY","NOT APPLICABLE","800","W","GARFIELD BLVD","934",,,,,,,"4","NONINCAPACITATING INJURY","3","0","0","3","0","4","0","12","5","2","41.7944101144","-87.6452846747","POINT (-87.645284674705 41.794410114413)"
"cdc243a4bba061642aafb446e37e7eca7665d593f0e01c76bb08ae6f30948119e98240f62a520e7ec9bf2fe729230094201ee37b702ddba013d64d09b394b413",,"2026-02-19T12:00:00.000","30","NO CONTROLS","NO CONTROLS","CLEAR","DAYLIGHT","PARKED MOTOR VEHICLE","NOT DIVIDED",,"CURVE, LEVEL","DRY","NO DEFECTS","ON SCENE","NO INJURY / DRIVE AWAY",,,,"$501 - $1,500","2026-02-19T12:05:00.000","FAILING TO REDUCE SPEED TO AVOID CRASH","IMPROPER OVERTAKING/PASSING","9601","S","EWING AVE","432",,,,,,,"2","NO INDICATION OF INJURY","0","0","0","0","0","2","0","12","5","2","41.7212597071","-87.535140541","POINT (-87.53514054097 41.721259707124)"
"ac7838787171c568a458328a99414b2521d7a4f50be53a674dc28454c2abd328f641306025653f97b8d3502417bd491b75139e256ef3f356f5bba7626cf67b13",,"2026-02-19T11:46:00.000","30","UNKNOWN","UNKNOWN","CLEAR","DAYLIGHT","PARKED MOTOR VEHICLE","NOT DIVIDED",,"STRAIGHT AND LEVEL","UNKNOWN","UNKNOWN","NOT ON SCENE (DESK REPORT)","NO INJURY / DRIVE AWAY",,,,"$501 - $1,500","2026-02-19T15:17:00.000","RELATED TO BUS STOP","NOT APPLICABLE","4354","W","ARMITAGE AVE","2522",,,,,,,"2","NO INDICATION OF INJURY","0","0","0","0","0","2","0","11","5","2","41.9171570539","-87.7361101052","POINT (-87.736110105243 41.917157053912)"
"60f6734f4bb1b063062a7c4f90627fbf236ab8e1ae689ba0e3fe659b66a75ba1dba94ed50ef920c6048202d25b3707149e3e276de244fe150da6d5a2e56c5fbb",,"2026-02-19T11:45:00.000","30","UNKNOWN","UNKNOWN","UNKNOWN","UNKNOWN","TURNING","PARKING LOT",,"STRAIGHT AND LEVEL","UNKNOWN","UNKNOWN","NOT ON SCENE (DESK REPORT)","NO INJURY / DRIVE AWAY",,,,"OVER $1,500","2026-02-19T12:40:00.000","UNABLE TO DETERMINE","UNABLE TO DETERMINE","7500","S","PULASKI RD","833",,,,,,,"2","NO INDICATION OF INJURY","0","0","0","0","0","4","0","11","5","2","41.7568763948","-87.7223217383","POINT (-87.722321738255 41.756876394825)"
"1f8cbe72c584127d856ac11334aa507c3e3aaf57bebc9218069c7e12878541d4243a246676bf5e927d393540cbda6ff897c1fab4b3d6ffb7592076669ffe803f",,"2026-02-19T11:30:00.000","30","NO CONTROLS","NO CONTROLS","CLEAR","DAYLIGHT","TURNING","FOUR WAY",,"STRAIGHT AND LEVEL","DRY","NO DEFECTS","ON SCENE","NO INJURY / DRIVE AWAY","Y",,,"$500 OR LESS","2026-02-19T11:46:00.000","IMPROPER TURNING/NO SIGNAL","UNABLE TO DETERMINE","8501","S","CICERO AVE","834",,,,,,,"2","NO INDICATION OF INJURY","0","0","0","0","0","2","0","11","5","2","41.7381408667","-87.7408268827","POINT (-87.740826882687 41.738140866662)"
"a2e51f35b8e7d94c8b71492bde075941d803fc9ca2f4c5f106e5328dc02a60902c7e4755108d3db09512209de80da11e0450ef661111b3e39f5be5b1d0b08508",,"2026-02-19T11:16:00.000","30","NO CONTROLS","NO CONTROLS","CLEAR","DAYLIGHT","ANGLE","OTHER",,"STRAIGHT AND LEVEL","UNKNOWN","UNKNOWN","NOT ON SCENE (DESK REPORT)","NO INJURY / DRIVE AWAY",,"Y","Y","OVER $1,500","2026-02-19T15:30:00.000","UNABLE TO DETERMINE","NOT APPLICABLE","6948","W","GRAND AVE","2512",,,,,,,"2","NO INDICATION OF INJURY","0","0","0","0","0","2","0","11","5","2","41.9236732565","-87.7996266459","POINT (-87.799626645945 41.923673256513)"
"6c3787e59d59e6051b061857ff6b668b0ae936df3cfdf299432bcb80fabe3723db6c6341080445be33922dfea7472a779398dec2999aab9675284cf49f0f7dce",,"2026-02-19T11:15:00.000","30","TRAFFIC SIGNAL","FUNCTIONING PROPERLY","CLEAR","DAYLIGHT","SIDESWIPE SAME DIRECTION","NOT DIVIDED",,"STRAIGHT ON GRADE","DRY","UNKNOWN","NOT ON SCENE (DESK REPORT)","NO INJURY / DRIVE AWAY",,,,"OVER $1,500","2026-02-19T12:30:00.000","UNABLE TO DETERMINE","NOT APPLICABLE","1780","W","PETERSON AVE","2433",,,,,,,"2","NO INDICATION OF INJURY","0","0","0","0","0","3","0","11","5","2","41.9908730017","-87.6747245971","POINT (-87.674724597069 41.990873001715)"
"c4b91a87a20dbfbfb0e70e2061a07a0efd35c3636e5f804ef3aade00826c0d6aad122180c93a0d862c1a54e94389121b45fd10dbe2064f20010bd96e086b4b79",,"2026-02-19T11:15:00.000","30","NO CONTROLS","NO CONTROLS","CLEAR","DAYLIGHT","PARKED MOTOR VEHICLE","NOT DIVIDED",,"STRAIGHT AND LEVEL","DRY","NO DEFECTS","NOT ON SCENE (DESK REPORT)","NO INJURY / DRIVE AWAY",,,,"OVER $1,500","2026-02-19T11:30:00.000","FAILING TO YIELD RIGHT-OF-WAY","NOT APPLICABLE","710","N","SEDGWICK ST","1831",,,,,,,"2","NO INDICATION OF INJURY","0","0","0","0","0","2","0","11","5","2","41.8951327585","-87.6386945285","POINT (-87.638694528532 41.895132758477)"
"9a98ea3fd0f1b848f7cee852064c13e50a309cbf331e0c384d2d4ef6ba06b8aa81dcf88cf27aa2e423fb13e8968d07454ff7308d8377996af3d02c0c04e7f866",,"2026-02-19T11:12:00.000","30","UNKNOWN","UNKNOWN","UNKNOWN","DAYLIGHT","PEDALCYCLIST","DIVIDED - W/MEDIAN (NOT RAISED)",,"STRAIGHT AND LEVEL","DRY","UNKNOWN","NOT ON SCENE (DESK REPORT)","INJURY AND / OR TOW DUE TO CRASH",,,"Y","$500 OR LESS","2026-02-19T13:47:00.000","UNABLE TO DETERMINE","UNABLE TO DETERMINE","1450","N","CICERO AVE","2533",,,,,,,"2","NONINCAPACITATING INJURY","1","0","0","1","0","1","0","11","5","2","41.9074881596","-87.7462048864","POINT (-87.746204886363 41.907488159553)"