"crash_record_id","crash_date_est_i","crash_date","posted_speed_limit","traffic_control_device","device_condition","weather_condition","lighting_condition","first_crash_type","trafficway_type","lane_cnt","alignment","roadway_surface_cond","road_defect","report_type","crash_type","intersection_related_i","private_property_i","hit_and_run_i","damage","date_police_notified","prim_contributory_cause","sec_contributory_cause","street_no","street_direction","street_name","beat_of_occurrence","photos_taken_i","statements_taken_i","dooring_i","work_zone_i","work_zone_type","workers_present_i","num_units","most_severe_injury","injuries_total","injuries_fatal","injuries_incapacitating","injuries_non_incapacitating","injuries_reported_not_evident","injuries_no_indication","injuries_unknown","crash_hour","crash_day_of_week","crash_month","latitude","longitude","location"
"0e9cb6a5b8e30d2e6abb3c970961ff3aaef0178c2dbbd30e18f51afc7606599408c623f810fb2db0802cc7885be0fdf15812ee4de449f77d43f236de96ca8246",,"2026-02-19T11:09:00.000","35","NO CONTROLS","NO CONTROLS","CLEAR","DAYLIGHT","REAR END","NOT DIVIDED",,"STRAIGHT AND LEVEL","DRY","NO DEFECTS","ON SCENE","NO INJURY / DRIVE AWAY",,,,"$501 - $1,500","2026-02-19T11:09:00.000","OPERATING VEHICLE IN ERRATIC, RECKLESS, CARELESS, NEGLIGENT OR AGGRESSIVE MANNER","NOT APPLICABLE","5587","S","ARCHER AVE","814",,,,,,,"2","NO INDICATION OF INJURY","0","0","0","0","0","2","0","11","5","2","41.7975504856","-87.7497201583","POINT (-87.749720158323 41.797550485551)"
"e8c5b1098ad75d0a31a7810f35386266d1aa9f032fe4ab361ac077a9c03666ba83dfed80cf2dd54c7a4e0181aea5d094f6fd2ab72b238a672657d0276886981e",,"2026-02-19T11:06:00.000","30","NO CONTROLS","NO CONTROLS","CLEAR","DAYLIGHT","PARKED MOTOR VEHICLE","NOT DIVIDED",,"STRAIGHT AND LEVEL","DRY","NO DEFECTS","NOT ON SCENE (DESK REPORT)","NO INJURY / DRIVE AWAY",,,,"OVER $1,500","2026-02-19T11:06:00.000","UNABLE TO DETERMINE","NOT APPLICABLE","933","N","STATE ST","1833",,,,,,,"2","NO INDICATION OF INJURY","0","0","0","0","0","2","0","11","5","2","41.9000378803","-87.6281458467","POINT (-87.628145846664 41.900037880284)"
"3fb3a955a55c2b65b5f65077cc8e7dbb9b3e76c31772a897a15d942ec3a0d00c6dec7961fed35d3bb057cd48c2c96fbc66dd5167bdfa92c3734cc2c7e68b4546",,"2026-02-19T11:00:00.000","30","UNKNOWN","UNKNOWN","CLEAR","DAYLIGHT","SIDESWIPE SAME DIRECTION","DIVIDED - W/MEDIAN (NOT RAISED)",,"STRAIGHT AND LEVEL","UNKNOWN","UNKNOWN","NOT ON SCENE (DESK REPORT)","NO INJURY / DRIVE AWAY",,,"Y","$501 - $1,500","2026-02-19T11:15:00.000","UNABLE TO DETERMINE","IMPROPER LANE USAGE","2856","W","ADDISON ST","1733",,,,,,,"2","NO INDICATION OF INJURY","0","0","0","0","0","2","0","11","5","2","41.9467792401","-87.7002730835","POINT (-87.700273083453 41.946779240071)"
"5e32ec2fd265eb91634079207b8e176bbc778d35e9ab856f24d9837b3b12acf9c74bc405ae7c04417f9324832bf20c2c144aef00f93d2855ccbed2737a5f5e50",,"2026-02-19T11:00:00.000","30","UNKNOWN","UNKNOWN","CLOUDY/OVERCAST","DAYLIGHT","SIDESWIPE SAME DIRECTION","FOUR WAY",,"STRAIGHT AND LEVEL","UNKNOWN","UNKNOWN","NOT ON SCENE (DESK REPORT)","NO INJURY / DRIVE AWAY",,,,"OVER $1,500","2026-02-19T16:00:00.000","UNABLE TO DETERMINE","UNABLE TO DETERMINE","300","E","ERIE ST","1834",,,,,,,"2","NO INDICATION OF INJURY","0","0","0","0","0","2","0","11","5","2","41.8943174998","-87.6201769953","POINT (-87.620176995336 41.89431749977)"
"65a026fd438dca3fdafad9e02de3c2bd3028518bcaa04e8c74a93c3e86847230416a22008f58cbe553a4058ae8fecd97001c8e549bb4a49a89750d4d1c7869bb",,"2026-02-19T11:00:00.000","30","NO CONTROLS","NO CONTROLS","CLEAR","DAYLIGHT","REAR END","NOT DIVIDED",,"STRAIGHT AND LEVEL","DRY","NO DEFECTS","NOT ON SCENE (DESK REPORT)","NO INJURY / DRIVE AWAY",,,,"OVER $1,500","2026-02-19T11:43:00.000","UNABLE TO DETERMINE","UNABLE TO DETERMINE","6316","S","WESTERN AVE","825",,,,,,,"2","NO INDICATION OF INJURY","0","0","0","0","0","2","0","11","5","2","41.7786618492","-87.6837720334","POINT (-87.683772033406 41.77866184917)"
"b926550d86715971b5eed2a257c3ed3056d99098d3ea83f7657be9d4ebd14726e88069620e1aea1256e303789ed8b348a58f53353bc4ea4ae290bc3cc717d94b",,"2026-02-19T11:00:00.000","30","NO CONTROLS","NO CONTROLS","CLEAR","DAYLIGHT","SIDESWIPE SAME DIRECTION","DIVIDED - W/MEDIAN (NOT RAISED)",,"STRAIGHT AND LEVEL","DRY","NO DEFECTS","NOT ON SCENE (DESK REPORT)","NO INJURY / DRIVE AWAY",,,"N","OVER $1,500","2026-02-19T11:15:00.000","OPERATING VEHICLE IN ERRATIC, RECKLESS, CARELESS, NEGLIGENT OR AGGRESSIVE MANNER","NOT APPLICABLE","5300","N","LINCOLN AVE","2011",,,,,,,"2","NO INDICATION OF INJURY","0","0","0","0","0","2","0","11","5","2","41.9777203341","-87.6926942212","POINT (-87.69269422122 41.977720334077)"
"d9e0abbcbac91ea1bb4485cc00bc5d82e522389c06c0f605518bb006a1882d01495d3bac9790ed6b862d975d4645040b40bce4e5756797a843e5700b48ec26ca",,"2026-02-19T11:00:00.000","30","NO CONTROLS","NO CONTROLS","CLEAR","DAYLIGHT","ANGLE","NOT DIVIDED",,"STRAIGHT AND LEVEL","DRY","NO DEFECTS","NOT ON SCENE (DESK REPORT)","NO INJURY / DRIVE AWAY",,,,"OVER $1,500","2026-02-19T11:30:00.000","FAILING TO YIELD RIGHT-OF-WAY","UNABLE TO DETERMINE","2426","N","ELSTON AVE","1432",,,,,,,"2","NO INDICATION OF INJURY","0","0","0","0","0","2","0","11","5","2","41.9257002846","-87.6780501448","POINT (-87.678050144778 41.925700284561)"
"5a50b9c9b7bedd0c5423f5ded6ddd4f58833e1d9ae945f43cd2494968db2c47231b2dcf63e59feb8d96f2a71117785729c4e0dfb59824a8040ab37f40b5201b1",,"2026-02-19T10:55:00.000","30","TRAFFIC SIGNAL","FUNCTIONING PROPERLY","CLEAR","DAYLIGHT","SIDESWIPE SAME DIRECTION","ONE-WAY",,"STRAIGHT AND LEVEL","DRY","NO DEFECTS","NOT ON SCENE (DESK REPORT)","NO INJURY / DRIVE AWAY",,,,"OVER $1,500","2026-02-19T12:47:00.000","IMPROPER LANE USAGE","NOT APPLICABLE","101","W","SUPERIOR ST","1832",,,,,,,"2","NO INDICATION OF INJURY","0","0","0","0","0","2","0","10","5","2","41.895523712","-87.6312931414","POINT (-87.631293141443 41.89552371196)"
"2a8121a0b42903da38c5cffea618de61c2809681735ce41174c41a11353ada8643890bf4f495054edc48b49494af833cd0bcc6d2ebe6543ddd65b5f12f3acd02",,"2026-02-19T10:50:00.000","30","TRAFFIC SIGNAL","FUNCTIONING PROPERLY","CLEAR","DAYLIGHT","SIDESWIPE SAME DIRECTION","ONE-WAY",,"STRAIGHT AND LEVEL","DRY","NO DEFECTS","NOT ON SCENE (DESK REPORT)","NO INJURY / DRIVE AWAY",,,"Y","OVER $1,500","2026-02-19T12:16:00.000","IMPROPER OVERTAKING/PASSING","NOT APPLICABLE","2","W","VAN BUREN ST","113",,,,,,,"2","NO INDICATION OF INJURY","0","0","0","0","0","2","0","10","5","2","41.8770338061","-87.62772325","POINT (-87.627723250025 41.877033806098)"
"1f70abc5a939bd4222594f3bbac378db3b4e5fe13e322482a064533b9d3a2f01b3c55e26c2945f8f9483e0cc973d8652fb10f9d8368b1d7f8ce76e7cc5624b31",,"2026-02-19T10:35:00.000","30","TRAFFIC SIGNAL","FUNCTIONING PROPERLY","CLEAR","DAYLIGHT","TURNING","FIVE POINT, OR MORE",,"STRAIGHT AND LEVEL","DRY","NO DEFECTS","ON SCENE","NO INJURY / DRIVE AWAY","Y",,,"OVER $1,500","2026-02-19T10:46:00.000","FAILING TO YIELD RIGHT-OF-WAY","UNABLE TO DETERMINE","7914","S","STONY ISLAND AVE","411",,,,,,,"2","NO INDICATION OF INJURY","0","0","0","0","0","3","0","10","5","2","41.7506155435","-87.5859390635","POINT (-87.585939063528 41.750615543502)"
"b97b46315fde160d5266f6b1163768df805ec95de07000f09a72b446bc4f66d457802addaded4c6d72c3298d68a1c08c52599f223baf1f50102d29d9dcfd2d43",,"2026-02-19T10:35:00.000","30","NO CONTROLS","NO CONTROLS","CLEAR","DAYLIGHT","REAR END","NOT DIVIDED",,"STRAIGHT AND LEVEL","DRY","NO DEFECTS","ON SCENE","NO INJURY / DRIVE AWAY",,,"Y","OVER $1,500","2026-02-19T10:40:00.000","UNABLE TO DETERMINE","NOT APPLICABLE","6831","S","CICERO AVE","833",,,,,,,"2","NO INDICATION OF INJURY","0","0","0","0","0","3","0","10","5","2","41.7685060394","-87.7418455953","POINT (-87.7418455953 41.768506039371)"
"d298793619c413ae325d96771d72177c714d2315d51c8e14b5900cc69e20583c8d47026cbb2e3b70e380efa9b11e33b605a115e4eabd35fea89b776723ad5ed4",,"2026-02-19T10:12:00.000","30","TRAFFIC SIGNAL","FUNCTIONING PROPERLY","CLEAR","DAYLIGHT","TURNING","NOT DIVIDED",,"STRAIGHT AND LEVEL","DRY","NO DEFECTS","ON SCENE","NO INJURY / DRIVE AWAY",,,,"OVER $1,500","2026-02-19T10:12:00.000","IMPROPER TURNING/NO SIGNAL","NOT APPLICABLE","1347","S","ASHLAND AVE","1233",,,,,,,"2","NO INDICATION OF INJURY","0","0","0","0","0","3","0","10","5","2","41.8636912275","-87.666158506","POINT (-87.66615850598 41.863691227493)"
"6821410f8cef6ce7418d9ff997e5b6b94015ba3fed2297d769a3de92f8f03f90e58e8d1cbc8161d0cc845742f3a55e6fb01c55134b355c337c288c98787b2080",,"2026-02-19T10:05:00.000","35","STOP SIGN/FLASHER","FUNCTIONING PROPERLY","CLEAR","DAYLIGHT","TURNING","NOT DIVIDED",,"STRAIGHT AND LEVEL","DRY","NO DEFECTS","NOT ON SCENE (DESK REPORT)","NO INJURY / DRIVE AWAY","Y",,,"OVER $1,500","2026-02-19T10:30:00.000","FAILING TO YIELD RIGHT-OF-WAY","NOT APPLICABLE","7330","W","TOUHY AVE","1611",,,,,,,"2","NO INDICATION OF INJURY","0","0","0","0","0","2","0","10","5","2","42.0117317286","-87.8102397959","POINT (-87.810239795909 42.011731728642)"
"27022cbab242dc22245afddcf89344f144e18dd9b7d1f0dcd506c47a81a5e4102ba2e485a6a7a1bf089f6084b656f9753ba6f22bcbc8b1102280075c8b53a0f1",,"2026-02-19T10:00:00.000","35","TRAFFIC SIGNAL","FUNCTIONING PROPERLY","CLEAR","DAYLIGHT","TURNING","NOT DIVIDED",,"STRAIGHT AND LEVEL","DRY","NO DEFECTS","NOT ON SCENE (DESK REPORT)","NO INJURY / DRIVE AWAY",,,,"OVER $1,500","2026-02-19T11:30:00.000","IMPROPER LANE USAGE","NOT APPLICABLE","500","S","WESTERN AVE","1135",,,,,,,"2","NO INDICATION OF INJURY","0","0","0","0","0","2","0","10","5","2","41.8749414913","-87.6864061638","POINT (-87.686406163825 41.87494149131)"
"9fd2ba4b3f98aad1e5773c0e77352df8bf884348eea5f036ff77293a0185589347d75af5fa61ed1acebdb4adde494f35e5aba343e5fbc184785ab0cbd9e81f5d",,"2026-02-19T10:00:00.000","25","NO CONTROLS","NO CONTROLS","CLEAR","DAYLIGHT","SIDESWIPE SAME DIRECTION","NOT DIVIDED",,"STRAIGHT AND LEVEL","DRY","NO DEFECTS","NOT ON SCENE (DESK REPORT)","NO INJURY / DRIVE AWAY",,,,"$500 OR LESS","2026-02-19T16:30:00.000","UNABLE TO DETERMINE","UNABLE TO DETERMINE","5131","S","ARCHER AVE","815",,,,,,,"2","NO INDICATION OF INJURY","0","0","0","0","0","2","0","10","5","2","41.8004374034","-87.730864794","POINT (-87.730864794019 41.800437403427)"
"a12ab991887dda26d493325e73311d1e31028622e3acda9b94209d8f695faf9b03a3dead2f5c236572242e2eedfa15dcda6b1fbb9ee1e312cfe6a2c169dd243e",,"2026-02-19T10:00:00.000","45","NO CONTROLS","NO CONTROLS","CLEAR","DAYLIGHT","REAR END","DIVIDED - W/MEDIAN BARRIER",,"STRAIGHT AND LEVEL","DRY","NO DEFECTS","ON SCENE","INJURY AND / OR TOW DUE TO CRASH",,,,"OVER $1,500","2026-02-19T10:02:00.000","DRIVING SKILLS/KNOWLEDGE/EXPERIENCE","DRIVING SKILLS/KNOWLEDGE/EXPERIENCE","4144","S","LAKE SHORE DR SB","214",,,,,,,"2","NONINCAPACITATING INJURY","1","0","0","1","0","1","0","10","5","2","41.8189723193","-87.5969839463","POINT (-87.59698394633 41.818972319294)"
"ed2bfa6d54bf43b6335f544aa1fffbe9973c50edb0a37b5e9c2d61cbd40234bbe03a47040c26cb99e4cc9661911e835e13a62dd1ef0f5e06b677eca67dc7b13a",,"2026-02-19T09:54:00.000","30","UNKNOWN","UNKNOWN","UNKNOWN","UNKNOWN","ANGLE","NOT DIVIDED",,"STRAIGHT AND LEVEL","UNKNOWN","UNKNOWN","NOT ON SCENE (DESK REPORT)","NO INJURY / DRIVE AWAY",,,,"OVER $1,500","2026-02-19T10:20:00.000","UNABLE TO DETERMINE","NOT APPLICABLE","4826","N","SHERIDAN RD","2024",,,,,,,"2","NO INDICATION OF INJURY","0","0","0","0","0","2","0","9","5","2","41.9699214947","-87.6549883357","POINT (-87.654988335676 41.969921494681)"
"6de4ac0b43273cdfc41900367626f70f74636d869fbfdb900080653ce0aea9de0a5fad3de71c2be90915cafb0e531922416c08e5587ec2afd8816072d741ba41",,"2026-02-19T09:30:00.000","30","TRAFFIC SIGNAL","NO CONTROLS","CLEAR","DAYLIGHT","ANGLE","FOUR WAY",,"STRAIGHT AND LEVEL","DRY","NO DEFECTS","NOT ON SCENE (DESK REPORT)","NO INJURY / DRIVE AWAY",,,,"OVER $1,500","2026-02-19T09:45:00.000","UNABLE TO DETERMINE","NOT APPLICABLE","2300","N","MOBILE AVE","2512",,,,,,,"2","NO INDICATION OF INJURY","0","0","0","0","0","2","0","9","5","2","41.9219993579","-87.7831057979","POINT (-87.783105797889 41.921999357863)"
"afe8200d8bcf95f631430abafa41a7025c89696a54e3d6cebdbf59e0b7d4fab82c404948cbc82c199bf589f3165bb26735c627724077baf01ebefb531d7cc978",,"2026-02-19T09:25:00.000","15","NO CONTROLS","NO CONTROLS","CLEAR","DAYLIGHT","PARKED MOTOR VEHICLE","OTHER",,"STRAIGHT AND LEVEL","DRY","NO DEFECTS","ON SCENE","NO INJURY / DRIVE AWAY",,,"N","$501 - $1,500","2026-02-19T10:58:00.000","UNABLE TO DETERMINE","UNABLE TO DETERMINE","2404","S","WOLCOTT AVE","1034",,"Y",,,,,"2","NO INDICATION OF INJURY","0","0","0","0","0","1","0","9","5","2","41.8483246554","-87.6734341567","POINT (-87.673434156694 41.848324655385)"
"614f7362b9fc48ac9b0e9416aeb623d74dc40fb7757722aa26a2ba6bb8a4c3024bacab95bb733c8dde2ddc1d770baf8ef6a28c9b48f7148a53349dd4a332964d",,"2026-02-19T09:15:00.000","30","TRAFFIC SIGNAL","FUNCTIONING IMPROPERLY","CLEAR","DAYLIGHT","SIDESWIPE SAME DIRECTION","FOUR WAY",,"STRAIGHT AND LEVEL","DRY","NO DEFECTS","NOT ON SCENE (DESK REPORT)","NO INJURY / DRIVE AWAY",,,,"$501 - $1,500","2026-02-23T14:26:00.000","FAILING TO YIELD RIGHT-OF-WAY","NOT APPLICABLE","9900","S","HALSTED ST","2232",,,,,,,"2","NO INDICATION OF INJURY","0","0","0","0","0","2","0","9","5","2","41.7141188681","-87.6431454082","POINT (-87.643145408182 41.71411886809)"
"905b26f475a3e84f94d9782c423410f2391728c418a5883a147a56237c25e6c74884ba0e80ba5d0517d92f97792ed280b0dd01f009651067b38bdcba489e3f97",,"2026-02-19T09:08:00.000","30","TRAFFIC SIGNAL","NOT FUNCTIONING","CLEAR","DAYLIGHT","ANGLE","FOUR WAY",,"STRAIGHT AND LEVEL","DRY","NO DEFECTS","ON SCENE","INJURY AND / OR TOW DUE TO CRASH","Y",,,"OVER $1,500","2026-02-19T09:09:00.000","FAILING TO REDUCE SPEED TO AVOID CRASH","FAILING TO YIELD RIGHT-OF-WAY","2801","W","DIVISION ST","1211",,,,,,,"2","REPORTED, NOT EVIDENT","2","0","0","0","2","1","0","9","5","2","41.9028152913","-87.6969387034","POINT (-87.696938703372 41.902815291275)"
"1adf77e117474003fb07947363d66e5b06ed0234f32cec11319df60cd8c00b3e5dc86bfec54a800e3a652af72b8628f715bdbd231d7040f7989b881b094daec2",,"2026-02-19T09:05:00.000","30","TRAFFIC SIGNAL","FUNCTIONING PROPERLY","CLEAR","DAYLIGHT","TURNING","DIVIDED - W/MEDIAN (NOT RAISED)",,"STRAIGHT AND LEVEL","DRY","UNKNOWN","NOT ON SCENE (DESK REPORT)","NO INJURY / DRIVE AWAY",,,,"OVER $1,500","2026-02-19T11:10:00.000","IMPROPER LANE USAGE","UNABLE TO DETERMINE","240","E","IDA B WELLS DR","114",,,,,,,"2","NO INDICATION OF INJURY","0","0","0","0","0","2","0","9","5","2","41.8758792204","-87.6209504943","POINT (-87.62095049426 41.875879220367)"
"2d9c6a80f2e941fa3a0d8dfd3cb6d51ec6590495207dc013f2aac15d5447efc44c13786e46f25c6780d181026cc5c45a04ded3338ad1923a3a64f0fe4306a843",,"2026-02-19T09:00:00.000","30","NO CONTROLS","NO CONTROLS","CLEAR","DAYLIGHT","ANGLE","RAMP",,"STRAIGHT AND LEVEL","DRY","UNKNOWN","NOT ON SCENE (DESK REPORT)","NO INJURY / DRIVE AWAY",,,,"$501 - $1,500","2026-02-19T13:00:00.000","FAILING TO YIELD RIGHT-OF-WAY","UNABLE TO DETERMINE","230","S","RACINE AVE","1231",,,,,,,"2","NO INDICATION OF INJURY","0","0","0","0","0","2","0","9","5","2","41.8781842625","-87.6571779943","POINT (-87.657177994332 41.878184262478)"
"f651eefa46b708117f1662dcc4e0d50c1bc5e24cd3c2327a6eadd1e2534bdacd74cf224b8f37d2531a36e2d284a178f4216b61ec7524cf6ff4cb0e1f6139ccb0",,"2026-02-19T08:54:00.000","30","TRAFFIC SIGNAL","FUNCTIONING PROPERLY","CLEAR","DAYLIGHT","ANGLE","DIVIDED - W/MEDIAN BARRIER",,"STRAIGHT ON GRADE","DRY","NO DEFECTS","ON SCENE","INJURY AND / OR TOW DUE TO CRASH","Y",,,"OVER $1,500","2026-02-19T09:20:00.000","DISREGARDING TRAFFIC SIGNALS","NOT APPLICABLE","400","N","LA SALLE DR","1831",,,,,,,"2","NONINCAPACITATING INJURY","1","0","0","1","0","1","0","8","5","2","41.8892253716","-87.632674115","POINT (-87.632674114985 41.88922537162)"
"331ded4d9329ac66395fd3978b0732b0a0a49fd281a2013ff49457a5011f84cfef2590c0dccb96bb49821629fd721a596c086c27cf28a49170ab52fde521a218",,"2026-02-19T08:53:00.000","30","TRAFFIC SIGNAL","FUNCTIONING PROPERLY","CLEAR","DAYLIGHT","TURNING","DIVIDED - W/MEDIAN BARRIER",,"STRAIGHT AND LEVEL","DRY","NO DEFECTS","ON SCENE","INJURY AND / OR TOW DUE TO CRASH",,,,"OVER $1,500","2026-02-19T09:09:00.000","UNABLE TO DETERMINE","NOT APPLICABLE","759","N","HOMAN AVE","1121",,,,,,,"2","REPORTED, NOT EVIDENT","2","0","0","0","2","1","0","8","5","2","41.8954175237","-87.7112862967","POINT (-87.711286296667 41.895417523714)"
"42fecfa6e48f8afb32f36b700d5658ce496c45eaf01cbcfe05ee6d06114a86cb4b882959120f842ff0140921a40450e4e3ca1b0f14c45bc201ee130a9e7fa5b6",,"2026-02-19T08:40:00.000","35","NO CONTROLS","NO CONTROLS","CLEAR","DAYLIGHT","REAR END","DIVIDED - W/MEDIAN (NOT RAISED)",,"STRAIGHT AND LEVEL","DRY","NO DEFECTS","NOT ON SCENE (DESK REPORT)","NO INJURY / DRIVE AWAY",,,,"$500 OR LESS","2026-02-19T09:20:00.000","UNABLE TO DETERMINE","UNABLE TO DETERMINE","3836","W","MADISON ST","1122",,,,,,,"2","NO INDICATION OF INJURY","0","0","0","0","0","2","0","8","5","2","41.8808790912","-87.7221871737","POINT (-87.722187173725 41.880879091228)"
"757f84853c99e7639043f28ec90a8d264a533c971ab8ed77680330ecdaca0440cd0c214faa10e6a9d61360bdfe5eb4bb046c83dcc2f70d4b0c49c7a483cfcfee",,"2026-02-19T08:40:00.000","30","OTHER","FUNCTIONING PROPERLY","CLEAR","DAYLIGHT","REAR END","ONE-WAY",,"STRAIGHT AND LEVEL","OTHER","NO DEFECTS","ON SCENE","NO INJURY / DRIVE AWAY",,"Y",,"$500 OR LESS","2026-02-19T08:40:00.000","UNABLE TO DETERMINE","UNABLE TO DETERMINE","1045","W","95TH ST","2223",,,,,,,"2","NO INDICATION OF INJURY","0","0","0","0","0","2","0","8","5","2","41.7212684659","-87.6498211995","POINT (-87.649821199502 41.721268465879)"
"c7cb175495e33d4cb502640bf807de20517332f410cfb686e8491ddd9a942b6b9d95057f9076fd5a591c4c3063897397b91081a1849b5695dab6e7f946f3f6e3",,"2026-02-19T08:37:00.000","25","TRAFFIC SIGNAL","FUNCTIONING PROPERLY","CLEAR","DAYLIGHT","PEDESTRIAN","FOUR WAY",,"STRAIGHT AND LEVEL","DRY","NO DEFECTS","ON SCENE","INJURY AND / OR TOW DUE TO CRASH","Y",,,"$500 OR LESS","2026-02-19T08:40:00.000","FAILING TO YIELD RIGHT-OF-WAY","IMPROPER LANE USAGE","300","N","PULASKI RD","1114",,,,,,,"2","NONINCAPACITATING INJURY","1","0","0","1","0","1","0","8","5","2","41.885533551","-87.7259529068","POINT (-87.725952906768 41.885533551021)"
"f4fed861bb5e5616268d335f537e6374ff0c5a4c15ff29e1012af4d4d2a2200d50856a7c879cfdb6bf8fb9d13f722455a865ec7b86f6937e309e6ec8375b2844",,"2026-02-19T08:34:00.000","30","TRAFFIC SIGNAL","FUNCTIONING PROPERLY","CLEAR","DAYLIGHT","TURNING","TRAFFIC ROUTE",,"STRAIGHT AND LEVEL","DRY","NO DEFECTS","ON SCENE","NO INJURY / DRIVE AWAY",,,,"$501 - $1,500","2026-02-19T08:34:00.000","DRIVING SKILLS/KNOWLEDGE/EXPERIENCE","UNABLE TO DETERMINE","1602","E","95TH ST","413",,,,,,,"2","NO INDICATION OF INJURY","0","0","0","0","0","4","0","8","5","2","41.7224498554","-87.5849264078","POINT (-87.584926407793 41.722449855433)"
"6152f71bf91fa44e8e4a67f533af3479bf60fcc98aa6abd98ff7c0145b739919c0b838c2c4129bccdb339801ab914d738cbf47b4daf116a7cd762c78c77da12b",,"2026-02-19T08:30:00.000","20","UNKNOWN","NO CONTROLS","CLEAR","DAYLIGHT","REAR TO FRONT","NOT DIVIDED",,"STRAIGHT AND LEVEL","DRY","NO DEFECTS","NOT ON SCENE (DESK REPORT)","NO INJURY / DRIVE AWAY",,,,"$500 OR LESS","2026-02-19T09:00:00.000","UNABLE TO DETERMINE","UNABLE TO DETERMINE","5231","S","LOCKWOOD AVE","814",,,,,,,"2","NO INDICATION OF INJURY","0","0","0","0","0","2","0","8","5","2","41.7973426741","-87.7549500306","POINT (-87.754950030644 41.797342674052)"
"c3c964616245106b6cb9a4e3964bf479cc87c515559a2a09d518506287cc3e2a7b0730132c39c9b0eb9a1c3408fc520a6df445c2c13fb92a9eaab4b4307b504a",,"2026-02-19T08:30:00.000","30","TRAFFIC SIGNAL","FUNCTIONING PROPERLY","CLEAR","DAYLIGHT","SIDESWIPE SAME DIRECTION","DIVIDED - W/MEDIAN (NOT RAISED)",,"STRAIGHT AND LEVEL","DRY","NO DEFECTS","ON SCENE","NO INJURY / DRIVE AWAY",,,,"OVER $1,500","2026-02-19T08:45:00.000","UNABLE TO DETERMINE","UNABLE TO DETERMINE","3350","W","DIVERSEY AVE","1412",,,,,,,"2","NO INDICATION OF INJURY","0","0","0","0","0","2","0","8","5","2","41.9320909651","-87.7120147389","POINT (-87.712014738929 41.932090965142)"
"e329591d8a0efab50204490d9f298aff3eba05fc8120c102d39187d4f163ef260116100f749f8db07e3d2caea4aee37051301a653c81c7d91ce983ce7ba04be4",,"2026-02-19T08:30:00.000","30","NO CONTROLS","NO CONTROLS","CLEAR","DAYLIGHT","TURNING","NOT DIVIDED",,"STRAIGHT AND LEVEL","DRY","NO DEFECTS","ON SCENE","INJURY AND / OR TOW DUE TO CRASH",,,,"OVER $1,500","2026-02-19T08:35:00.000","NOT APPLICABLE","NOT APPLICABLE","1400","E","95TH ST","413",,,,,,,"2","INCAPACITATING INJURY","1","0","1","0","0","1","0","8","5","2","41.7223821989","-87.5898879307","POINT (-87.589887930708 41.722382198941)"
"525cd7c955895940b99aff4560384a692ca252f736ef06e445beb5d291516db717739d8aafa057cfc2b71379cff85540c22e2b847ac9a4d31b66129aa9f29ae5",,"2026-02-19T08:25:00.000","30","TRAFFIC SIGNAL","FUNCTIONING PROPERLY","CLEAR","DAYLIGHT","SIDESWIPE SAME DIRECTION","ONE-WAY",,"STRAIGHT AND LEVEL","DRY","NO DEFECTS","NOT ON SCENE (DESK REPORT)","NO INJURY / DRIVE AWAY",,,"Y","OVER $1,500","2026-02-19T08:55:00.000","UNABLE TO DETERMINE","NOT APPLICABLE","1140","N","THROOP ST","1213",,,,,,,"2","NO INDICATION OF INJURY","0","0","0","0","0","2","0","8","5","2","41.9026937044","-87.6606833306","POINT (-87.660683330576 41.902693704378)"
"6299accb25704ff2ce94d355c5431ba323c03fff91f70774109279f91c87858e90cbc2a10f5847bc775dfc9bc664b4bfd388e8248b462da9ba3968d34e1bd450",,"2026-02-19T08:15:00.000","30","UNKNOWN","UNKNOWN","CLEAR","DAYLIGHT","ANGLE","NOT DIVIDED",,"STRAIGHT AND LEVEL","UNKNOWN","UNKNOWN","NOT ON SCENE (DESK REPORT)","NO INJURY / DRIVE AWAY",,,,"OVER $1,500","2026-02-19T08:50:00.000","UNABLE TO DETERMINE","FAILING TO YIELD RIGHT-OF-WAY","1441","W","MONTROSE AVE","1912",,,,,,,"2","NO INDICATION OF INJURY","0","0","0","0","0","2","0","8","5","2","41.9615173191","-87.6665716109","POINT (-87.666571610866 41.961517319073)"
"e592bbec6c32a6f211431de69533a91e8b18de0bd1b7c61d0b4dd549054c002c6cdc2be23ad80540073d76146cd6ce32cfbee6349198df4b7712a7d954e23076",,"2026-02-19T08:15:00.000","30","NO CONTROLS","NO CONTROLS","CLEAR","DAYLIGHT","SIDESWIPE SAME DIRECTION","NOT DIVIDED",,"STRAIGHT AND LEVEL","DRY","NO DEFECTS","NOT ON SCENE (DESK REPORT)","NO INJURY / DRIVE AWAY",,,"Y","OVER $1,500","2026-02-19T15:05:00.000","FAILING TO YIELD RIGHT-OF-WAY","FAILING TO YIELD RIGHT-OF-WAY","3216","N","KARLOV AVE","1731",,,,,,,"2","NO INDICATION OF INJURY","0","0","0","0","0","2","0","8","5","2","41.9396092486","-87.7298038754","POINT (-87.729803875369 41.939609248596)"
"e92cfb0f86d4290444f2d313231748ff05209168435afbd6035c83cee8ba1291c4534e450e4ee0e44ea5952c821a1458ca04ea1407dae5b13efdd35400b3f7c7",,"2026-02-19T08:15:00.000","30","NO CONTROLS","NO CONTROLS","CLEAR","DAYLIGHT","TURNING","NOT DIVIDED",,"STRAIGHT AND LEVEL","DRY","NO DEFECTS","NOT ON SCENE (DESK REPORT)","NO INJURY / DRIVE AWAY",,,,"OVER $1,500","2026-02-19T16:00:00.000","UNABLE TO DETERMINE","NOT APPLICABLE","149","W","FULLERTON DR","1814",,,,,,,"2","NO INDICATION OF INJURY","0","0","0","0","0","2","0","8","5","2","41.9257056839","-87.6330588251","POINT (-87.633058825071 41.925705683933)"