"crash_record_id","crash_date_est_i","crash_date","posted_speed_limit","traffic_control_device","device_condition","weather_condition","lighting_condition","first_crash_type","trafficway_type","lane_cnt","alignment","roadway_surface_cond","road_defect","report_type","crash_type","intersection_related_i","private_property_i","hit_and_run_i","damage","date_police_notified","prim_contributory_cause","sec_contributory_cause","street_no","street_direction","street_name","beat_of_occurrence","photos_taken_i","statements_taken_i","dooring_i","work_zone_i","work_zone_type","workers_present_i","num_units","most_severe_injury","injuries_total","injuries_fatal","injuries_incapacitating","injuries_non_incapacitating","injuries_reported_not_evident","injuries_no_indication","injuries_unknown","crash_hour","crash_day_of_week","crash_month","latitude","longitude","location"
"d0e58193dda5a38dafa8c496d8f358a2f0ff2504b2bc55825947af03f9746349d502cc86a1988622eaaec31a277b84fdb221bd652bdbb2f3c12b3e7e1c5010dd",,"2026-02-19T08:10:00.000","30","TRAFFIC SIGNAL","FUNCTIONING PROPERLY","CLEAR","DARKNESS, LIGHTED ROAD","TURNING","NOT DIVIDED",,"STRAIGHT AND LEVEL","DRY","NO DEFECTS","NOT ON SCENE (DESK REPORT)","NO INJURY / DRIVE AWAY","Y",,,"OVER $1,500","2026-02-19T09:40:00.000","FOLLOWING TOO CLOSELY","UNABLE TO DETERMINE","75","E","LOWER WACKER DR","111",,,,,,,"2","NO INDICATION OF INJURY","0","0","0","0","0","2","0","8","5","2","41.887798574","-87.6254305077","POINT (-87.625430507742 41.887798574049)"
"f8fdac5ac34a0cdfdeb4c3edf613c229e0e87909d240f3e694146ebfd73afdda6803507e8097445042a664f23c39361c9cd9af164d141d5507fe0a08c4fb6820",,"2026-02-19T08:10:00.000","20","STOP SIGN/FLASHER","FUNCTIONING PROPERLY","CLEAR","DAYLIGHT","SIDESWIPE OPPOSITE DIRECTION","NOT DIVIDED",,"STRAIGHT AND LEVEL","DRY","NO DEFECTS","ON SCENE","NO INJURY / DRIVE AWAY",,,,"$500 OR LESS","2026-02-19T08:17:00.000","DRIVING SKILLS/KNOWLEDGE/EXPERIENCE","DRIVING SKILLS/KNOWLEDGE/EXPERIENCE","6523","S","JUSTINE ST","725",,,,,,,"2","NO INDICATION OF INJURY","0","0","0","0","0","2","0","8","5","2","41.7751396176","-87.6627245984","POINT (-87.66272459843 41.775139617583)"
"41378dad0704556fb268fba7e53c5562d0c0129dc9edacd932eb72a1f8d47b167d8753c672839fae0d5ce090eca16e838e8ebd3c7f5d3a406c813628176c0e17",,"2026-02-19T08:00:00.000","30","NO CONTROLS","NO CONTROLS","CLEAR","DAYLIGHT","REAR END","NOT DIVIDED",,"STRAIGHT AND LEVEL","DRY","NO DEFECTS","ON SCENE","INJURY AND / OR TOW DUE TO CRASH",,,,"OVER $1,500","2026-02-19T08:14:00.000","UNABLE TO DETERMINE","UNABLE TO DETERMINE","5901","S","HARLEM AVE","811",,,,,,,"2","NO INDICATION OF INJURY","0","0","0","0","0","2","0","8","5","2","41.7846441726","-87.8010676006","POINT (-87.801067600606 41.784644172562)"
"50d654dea4122d7b2f029b48698922138b7bd17b1e6295e3c50c1fbc9bcf44ecca03a386ab3c86db2950fa79c1f7881b50d68930b94a742d744a05b0bc4bd71d",,"2026-02-19T08:00:00.000","30","NO CONTROLS","NO CONTROLS","CLEAR","DAYLIGHT","PARKED MOTOR VEHICLE","NOT DIVIDED",,"STRAIGHT AND LEVEL","DRY","NO DEFECTS","NOT ON SCENE (DESK REPORT)","NO INJURY / DRIVE AWAY",,,"Y","$501 - $1,500","2026-02-22T11:45:00.000","IMPROPER OVERTAKING/PASSING","IMPROPER LANE USAGE","1209","W","SHERWIN AVE","2423",,,,,,,"2","NO INDICATION OF INJURY","0","0","0","0","0","1","0","8","5","2","42.0149379916","-87.6631111339","POINT (-87.663111133875 42.014937991598)"
"51976b60c030c636608f9e1feaff34e42e61ceeb74aa2402c0b8435924b617765585949a7e97c11c94dfca76c4d7f4fed2eda478eec4e991fb45ab8a96f50e3d",,"2026-02-19T08:00:00.000","25","NO CONTROLS","NO CONTROLS","CLEAR","DAYLIGHT","PARKED MOTOR VEHICLE","NOT DIVIDED",,"STRAIGHT AND LEVEL","DRY","NO DEFECTS",,"NO INJURY / DRIVE AWAY",,,"Y","$501 - $1,500","2026-02-19T14:00:00.000","UNABLE TO DETERMINE","NOT APPLICABLE","828","W","GRACE ST","1923",,,,,,,"2","NO INDICATION OF INJURY","0","0","0","0","0","1","0","8","5","2","41.9512932924","-87.6507852139","POINT (-87.650785213908 41.951293292371)"
"2b736ec56a4f36681ea9c2540f514c55fe46113c6baea3f1548a5ee6032138c2441afa0ceb8c148d91158f2811574594a0d069502aab0f5b18c9a7374911b5f8",,"2026-02-19T07:56:00.000","20","NO CONTROLS","NO CONTROLS","CLEAR","DAYLIGHT","ANGLE","NOT DIVIDED",,"STRAIGHT AND LEVEL","DRY","NO DEFECTS","ON SCENE","NO INJURY / DRIVE AWAY",,,,"$501 - $1,500","2026-02-19T08:08:00.000","FAILING TO YIELD RIGHT-OF-WAY","UNABLE TO DETERMINE","6151","W","61ST ST","812",,,,,,,"2","NO INDICATION OF INJURY","0","0","0","0","0","2","0","7","5","2","41.7813361135","-87.7761126707","POINT (-87.776112670674 41.781336113506)"
"92c254753c493b71c9a6abce6d5f261246a1a38b68089978a966c869d2afe6edea74feeae6bc4e22aa5a2790b4c96a092506b4415dc286f6d20b74fba7e921ee",,"2026-02-19T07:55:00.000","25","UNKNOWN","UNKNOWN","CLEAR","DAYLIGHT","REAR END","DIVIDED - W/MEDIAN (NOT RAISED)",,"STRAIGHT AND LEVEL","DRY","NO DEFECTS","NOT ON SCENE (DESK REPORT)","NO INJURY / DRIVE AWAY",,,,"OVER $1,500","2026-02-19T08:40:00.000","UNABLE TO DETERMINE","UNABLE TO DETERMINE","2498","W","GEORGE ST","1411",,,,,,,"2","NO INDICATION OF INJURY","0","0","0","0","0","2","0","7","5","2","41.9340795173","-87.6902538147","POINT (-87.690253814707 41.934079517287)"
"c1855e9c6872b06348ebfc38baf473c8f71ce80bb0eecf5c8e1c6b4c39dc8bda88aa9efa2a5427e02a3ce661f40130ca90839505bd472b0734eec9b24d64ac7f",,"2026-02-19T07:50:00.000","10","SCHOOL ZONE","UNKNOWN","UNKNOWN","DAYLIGHT","SIDESWIPE SAME DIRECTION","ONE-WAY",,"STRAIGHT AND LEVEL","UNKNOWN","UNKNOWN","NOT ON SCENE (DESK REPORT)","NO INJURY / DRIVE AWAY",,,,"$501 - $1,500","2026-02-19T08:00:00.000","UNABLE TO DETERMINE","UNABLE TO DETERMINE","6200","S","HAMLIN AVE","823",,,,,,,"2","NO INDICATION OF INJURY","0","0","0","0","0","2","0","7","5","2","41.7805076314","-87.7180499142","POINT (-87.718049914212 41.780507631392)"
"0ec172a0eee60d9bdf4edbd9ae30503b9e01bcedcc3d1c7d330575f329273a9571d9caad75f1d91fbbf770a1e925fcbf9c23c272c0e8f0cb1cf60066b9c4f267",,"2026-02-19T07:45:00.000","30","UNKNOWN","UNKNOWN","UNKNOWN","UNKNOWN","PARKED MOTOR VEHICLE","ONE-WAY",,"STRAIGHT AND LEVEL","UNKNOWN","UNKNOWN","NOT ON SCENE (DESK REPORT)","NO INJURY / DRIVE AWAY","Y",,"Y","OVER $1,500","2026-02-19T16:42:00.000","UNABLE TO DETERMINE","UNABLE TO DETERMINE","7527","S","VERNON AVE","624",,,,,,,"2","NO INDICATION OF INJURY","0","0","0","0","0","1","0","7","5","2","41.7576047874","-87.6137174462","POINT (-87.613717446237 41.757604787353)"
"12f2d53ddcd889c4064737d87965e2576f0bd412a19106e5396a773da1e9aa1a1955e37d342102bfb039c08631259a5d6b6338ed3d0f03cee1de4e4e4e573d8d",,"2026-02-19T07:45:00.000","30","STOP SIGN/FLASHER","FUNCTIONING PROPERLY","CLEAR","DAYLIGHT","ANGLE","FOUR WAY",,"STRAIGHT AND LEVEL","DRY","NO DEFECTS","NOT ON SCENE (DESK REPORT)","NO INJURY / DRIVE AWAY","Y",,,"OVER $1,500","2026-02-19T09:30:00.000","DISREGARDING STOP SIGN","UNABLE TO DETERMINE","10500","S","AVENUE N","432",,,,,,,"2","NO INDICATION OF INJURY","0","0","0","0","0","5","0","7","5","2","41.7044852085","-87.5390588564","POINT (-87.539058856442 41.704485208461)"
"8331d369a49c3bdd945190bf156b2ad38a74d1f43fa0f8a7a6f2fe2154237a78762bb6e9f671df0d19af1f81265c4b3f580e6e0eef199a50fcc459d6a18b03b8",,"2026-02-19T07:37:00.000","30","TRAFFIC SIGNAL","UNKNOWN","CLEAR","DAYLIGHT","TURNING","OTHER",,"STRAIGHT AND LEVEL","UNKNOWN","UNKNOWN","ON SCENE","INJURY AND / OR TOW DUE TO CRASH",,,,"OVER $1,500","2026-02-19T07:47:00.000","UNABLE TO DETERMINE","UNABLE TO DETERMINE","4347","N","PULASKI RD","1723",,,,,,,"2","NO INDICATION OF INJURY","0","0","0","0","0","2","0","7","5","2","41.960539909","-87.7276693613","POINT (-87.727669361312 41.960539909011)"
"501907e19f31ccc6905dc7a14c96a614fa3f4c50441987c1dac398e43bd2e3c7e4a4275e4fa3829ae8a8fd87f3e849e94a18d09eec558c388ac4f19a876c279e",,"2026-02-19T07:35:00.000","30","TRAFFIC SIGNAL","FUNCTIONING PROPERLY","CLEAR","DAYLIGHT","ANGLE","ONE-WAY",,"STRAIGHT AND LEVEL","DRY","NO DEFECTS","ON SCENE","INJURY AND / OR TOW DUE TO CRASH","Y",,,"OVER $1,500","2026-02-19T07:44:00.000","UNABLE TO DETERMINE","UNABLE TO DETERMINE","100","E","ONTARIO ST","1834",,,,,,,"2","NO INDICATION OF INJURY","0","0","0","0","0","2","0","7","5","2","41.8934261467","-87.6253620246","POINT (-87.625362024568 41.893426146708)"
"9ffd1d22250329adfd316765c125d6bdb321beb14b6625c6b0804217cb0cf46b091d17ef26afaac4d699cfae76a8feabb55be8e50e8937542faa1c9a399ba245",,"2026-02-19T07:30:00.000","30","NO CONTROLS","NO CONTROLS","CLEAR","DAYLIGHT","ANGLE","NOT DIVIDED",,"STRAIGHT AND LEVEL","DRY","NO DEFECTS","NOT ON SCENE (DESK REPORT)","NO INJURY / DRIVE AWAY",,,,"OVER $1,500","2026-02-19T11:55:00.000","UNABLE TO DETERMINE","UNABLE TO DETERMINE","7180","W","GRAND AVE","2512",,,,,,,"2","NO INDICATION OF INJURY","0","0","0","0","0","3","0","7","5","2","41.9240211796","-87.8056244063","POINT (-87.805624406301 41.92402117963)"
"f89e323b52de42079048db449acf8862dcd1def10f365b2222cadd2758ba50b420383d5006707f998cdff2789cbefe97659cd17bd719097464f38e70dec1d0df",,"2026-02-19T07:30:00.000","20","NO CONTROLS","NO CONTROLS","CLEAR","DAYLIGHT","REAR TO FRONT","ONE-WAY",,"STRAIGHT AND LEVEL","DRY","NO DEFECTS","ON SCENE","NO INJURY / DRIVE AWAY",,,,"$501 - $1,500","2026-02-19T07:40:00.000","IMPROPER LANE USAGE","NOT APPLICABLE","3351","W","OHIO ST","1121",,,,,,,"2","NO INDICATION OF INJURY","0","0","0","0","0","2","0","7","5","2","41.8917364491","-87.7109506454","POINT (-87.710950645431 41.891736449129)"
"c3026bfe4b5a2d7882fc14e3869584f52d0bbaeb2deb8677669bf834c4f194cddef1153ca1caf04c796f566d89816989a725f9c8e985dc3b7397eff413a183e2",,"2026-02-19T07:26:00.000","30","NO CONTROLS","NO CONTROLS","CLEAR","DAYLIGHT","SIDESWIPE SAME DIRECTION","NOT DIVIDED",,"STRAIGHT AND LEVEL","DRY","UNKNOWN","NOT ON SCENE (DESK REPORT)","NO INJURY / DRIVE AWAY",,,,"$500 OR LESS","2026-02-19T18:00:00.000","UNABLE TO DETERMINE","UNABLE TO DETERMINE","7755","S","ALBANY AVE","835",,,,,,,"2","NO INDICATION OF INJURY","0","0","0","0","0","2","0","7","5","2","41.75184758","-87.6998640641","POINT (-87.699864064097 41.751847579972)"
"e96492ebe1dfbdd10dc585fd02cefc03343dfd8493c2c4fbcb4b6a19b046080e48452b47249a46d42bf999b4d5d9ce3f83cb7ce2bb152a111fbab11acd1b1ae4",,"2026-02-19T07:22:00.000","20","NO CONTROLS","NO CONTROLS","CLEAR","DAYLIGHT","PARKED MOTOR VEHICLE","PARKING LOT",,"STRAIGHT AND LEVEL","DRY","NO DEFECTS","ON SCENE","NO INJURY / DRIVE AWAY",,,,"$501 - $1,500","2026-02-19T07:22:00.000","IMPROPER BACKING","NOT APPLICABLE","2455","S","DAMEN AVE","1034",,"Y",,,,,"2","NO INDICATION OF INJURY","0","0","0","0","0","1","0","7","5","2","41.8469909977","-87.6755586112","POINT (-87.675558611236 41.846990997694)"
"304277c8fce4e0c544cff7fbc731ec6d621bff9ce738434a2422ab5675602af77a83025a2b0d66e906b8c5a07c69a7ff2f2a84efd9dfda98004978ac2045b5e5",,"2026-02-19T07:20:00.000","30","STOP SIGN/FLASHER","NO CONTROLS","CLEAR","DAYLIGHT","PEDESTRIAN","NOT DIVIDED",,"STRAIGHT AND LEVEL","DRY","UNKNOWN","ON SCENE","INJURY AND / OR TOW DUE TO CRASH",,,,"$500 OR LESS","2026-02-19T07:21:00.000","FAILING TO YIELD RIGHT-OF-WAY","UNABLE TO DETERMINE","961","W","18TH ST","1235",,"Y",,,,,"2","NONINCAPACITATING INJURY","1","0","0","1","0","1","0","7","5","2","41.8579196954","-87.6510952587","POINT (-87.651095258722 41.857919695379)"
"d82c9d37319e1c0d6893b186c99e08e160ddedb8d872dc082b388fb6c354af251e4f901e63484651f7792e669731fbf7f42d808e8cc22f1d884a5f31a8d645eb",,"2026-02-19T07:17:00.000","30","STOP SIGN/FLASHER","FUNCTIONING PROPERLY","CLEAR","DAYLIGHT","TURNING","NOT DIVIDED",,"STRAIGHT AND LEVEL","DRY","UNKNOWN","NOT ON SCENE (DESK REPORT)","NO INJURY / DRIVE AWAY",,,,"OVER $1,500","2026-02-19T07:30:00.000","UNABLE TO DETERMINE","UNABLE TO DETERMINE","4700","S","LAWNDALE AVE","821",,,,,,,"2","NO INDICATION OF INJURY","0","0","0","0","0","3","0","7","5","2","41.8079024497","-87.7163759681","POINT (-87.716375968062 41.807902449705)"
"d42ef493bb8bdbc5724d00ad2cb91ba9b489ff340b6bcd5e69630c59fd5539f4922077302c9c66afe15b0ad607f3accf681a9b1c8fed1aa2457ea7aa24cd37e8",,"2026-02-19T07:04:00.000","30","UNKNOWN","UNKNOWN","CLEAR","DAYLIGHT","SIDESWIPE SAME DIRECTION","NOT DIVIDED",,"STRAIGHT AND LEVEL","DRY","NO DEFECTS","ON SCENE","NO INJURY / DRIVE AWAY",,,"Y","OVER $1,500","2026-02-19T07:04:00.000","UNABLE TO DETERMINE","NOT APPLICABLE","4607","W","FULLERTON AVE","2522",,,,,,,"2","NO INDICATION OF INJURY","0","0","0","0","0","3","0","7","5","2","41.9241860612","-87.742116995","POINT (-87.742116995008 41.924186061161)"
"e6131598f39847c910f471762e7d970f3c81ae889cef8365b1e0a47b00812afdf7543d1ac59f8a115075c343f6985f84cde5046e0128dfd303accac0342af698",,"2026-02-19T07:00:00.000","30","NO CONTROLS","NO CONTROLS","CLEAR","DAYLIGHT","PARKED MOTOR VEHICLE","NOT DIVIDED",,"STRAIGHT AND LEVEL","DRY","NO DEFECTS","NOT ON SCENE (DESK REPORT)","INJURY AND / OR TOW DUE TO CRASH",,,"Y","OVER $1,500","2026-02-19T18:30:00.000","UNABLE TO DETERMINE","UNABLE TO DETERMINE","10156","S","PARNELL AVE","2232",,,,,,,"2","NO INDICATION OF INJURY","0","0","0","0","0","1","0","7","5","2","41.7089736928","-87.6369643105","POINT (-87.636964310476 41.708973692825)"
"338dbc6ef58560e0182639e22cf2ba30b80e180249a919c7746e4e0237573476fb2ae5a5cd0e859a1cfc11471a49a3be7883c623f6855eda40326df35c2b2895",,"2026-02-19T06:45:00.000","35","UNKNOWN","UNKNOWN","UNKNOWN","UNKNOWN","TURNING","FOUR WAY",,"STRAIGHT AND LEVEL","UNKNOWN","UNKNOWN","NOT ON SCENE (DESK REPORT)","NO INJURY / DRIVE AWAY","Y",,"Y","OVER $1,500","2026-02-19T17:25:00.000","UNABLE TO DETERMINE","NOT APPLICABLE","500","S","COLUMBUS DR","114",,,,,,,"2","NO INDICATION OF INJURY","0","0","0","0","0","2","0","6","5","2","41.8757110332","-87.6207367629","POINT (-87.620736762921 41.875711033222)"
"a7504432d9f26adfab7368f4fd0bbd9f5c95f5be19cddb4cdf382ed6ed7198ea8ccbe62913afe6873770ba1168011f8b1f2317910d346dd2a3a2ad7c5bce5905",,"2026-02-19T06:33:00.000","30","NO CONTROLS","NO CONTROLS","CLEAR","DAYLIGHT","FIXED OBJECT","NOT DIVIDED",,"STRAIGHT AND LEVEL","UNKNOWN","UNKNOWN","NOT ON SCENE (DESK REPORT)","NO INJURY / DRIVE AWAY",,,,"$500 OR LESS","2026-02-19T17:19:00.000","UNABLE TO DETERMINE","UNABLE TO DETERMINE","1918","W","33RD ST","912",,,,,,,"1","NO INDICATION OF INJURY","0","0","0","0","0","1","0","6","5","2","41.8341605876","-87.6737243303","POINT (-87.673724330283 41.834160587609)"
"1da98f90f24ecda91bad87f03162fbb7e0104214aee2574db1865da77f666c248c1038cb350d0315e8b78e2507057e0dcaa15a18b4066e5c04f311a27813e2e3",,"2026-02-19T06:30:00.000","30","NO CONTROLS","NO CONTROLS","CLEAR","DAYLIGHT","PARKED MOTOR VEHICLE","NOT DIVIDED",,"STRAIGHT AND LEVEL","DRY","NO DEFECTS","NOT ON SCENE (DESK REPORT)","NO INJURY / DRIVE AWAY",,,"Y","OVER $1,500","2026-02-19T09:22:00.000","UNABLE TO DETERMINE","NOT APPLICABLE","4306","W","MAYPOLE AVE","1114",,,,,,,"2","NO INDICATION OF INJURY","0","0","0","0","0","1","0","6","5","2","41.8846995165","-87.7334473855","POINT (-87.733447385453 41.884699516491)"
"93ee6de40488df77e9ea189fa347e6a9410d16033d21c5af7e95a40a21c4eadceabe40214a1f8ccacd4e0f5e8384d345b36ebcb7e77eb3d6a0bc746f4d017e7a",,"2026-02-19T06:30:00.000","30","UNKNOWN","UNKNOWN","CLEAR","DAYLIGHT","PARKED MOTOR VEHICLE","NOT DIVIDED",,"STRAIGHT AND LEVEL","DRY","UNKNOWN","NOT ON SCENE (DESK REPORT)","INJURY AND / OR TOW DUE TO CRASH",,,"Y","OVER $1,500","2026-02-19T11:34:00.000","UNABLE TO DETERMINE","UNABLE TO DETERMINE","6243","W","63RD ST","812",,,,,,,"2","NO INDICATION OF INJURY","0","0","0","0","0","1","0","6","5","2","41.7776270442","-87.7781302551","POINT (-87.778130255061 41.777627044219)"
"8d6ec19ebfb30bb8ad6f356797b4cdc49de7f2ccc383e97b443b6c82e02fa7fd1bce2e1eb8ab5da0dbd5e4ce8e56dbc4c0e2b04ae774587e655955ed93a55259",,"2026-02-19T06:03:00.000","30","TRAFFIC SIGNAL","FUNCTIONING PROPERLY","CLEAR","DAYLIGHT","ANGLE","FOUR WAY",,"STRAIGHT AND LEVEL","DRY","WORN SURFACE","ON SCENE","INJURY AND / OR TOW DUE TO CRASH","Y",,,"OVER $1,500","2026-02-19T06:04:00.000","DISREGARDING TRAFFIC SIGNALS","FAILING TO REDUCE SPEED TO AVOID CRASH","3098","S","WENTWORTH AVE","914",,,,,,,"2","NO INDICATION OF INJURY","0","0","0","0","0","2","0","6","5","2","41.838308108","-87.6318261853","POINT (-87.631826185277 41.838308108043)"
"a399cd71d9e149becadce4aef41812f988d986550e4d5926fd2eba5b2e13a64d7e8381b289c5206dd1f54647ec18924c455c64e094d8447b40403290b1cfe296",,"2026-02-19T06:00:00.000","25","NO CONTROLS","NO CONTROLS","CLEAR","DARKNESS","PARKED MOTOR VEHICLE","ONE-WAY",,"STRAIGHT AND LEVEL","DRY","NO DEFECTS","NOT ON SCENE (DESK REPORT)","NO INJURY / DRIVE AWAY",,,"Y","OVER $1,500","2026-02-19T06:20:00.000","UNABLE TO DETERMINE","NOT APPLICABLE","1007","N","LAMON AVE","1531",,,,,,,"2","NO INDICATION OF INJURY","0","0","0","0","0","1","0","6","5","2","41.8989095622","-87.7482014837","POINT (-87.748201483742 41.898909562188)"
"3712a73e7993f849eed1ce9afa8029b0112bfd43146d5f50076bdd12e7c76ab8bd7fb416bea29bf6e74f13bda3bcdfb8e5048878c2a9698a435415b3c74da92c",,"2026-02-19T05:55:00.000","30","TRAFFIC SIGNAL","FUNCTIONING PROPERLY","CLEAR","DARKNESS, LIGHTED ROAD","TURNING","T-INTERSECTION",,"STRAIGHT AND LEVEL","DRY","NO DEFECTS","NOT ON SCENE (DESK REPORT)","NO INJURY / DRIVE AWAY","Y",,,"OVER $1,500","2026-02-19T09:47:00.000","IMPROPER OVERTAKING/PASSING","NOT APPLICABLE","1","E","OAK ST","1833",,,,,,,"2","NO INDICATION OF INJURY","0","0","0","0","0","2","0","5","5","2","41.9006316469","-87.6282724136","POINT (-87.628272413637 41.900631646947)"
"0e2927401b5bb3fc1d5403609837bfc8ec0c7b871399ac0394ccc1a5505ad03226f9b44e5e48ac197a933167ba8a893e2033603229d52fe4fd155b48d4a44700",,"2026-02-19T05:40:00.000","30","UNKNOWN","UNKNOWN","UNKNOWN","UNKNOWN","SIDESWIPE OPPOSITE DIRECTION","UNKNOWN",,"STRAIGHT AND LEVEL","UNKNOWN","UNKNOWN","NOT ON SCENE (DESK REPORT)","NO INJURY / DRIVE AWAY",,,,"OVER $1,500","2026-02-19T17:00:00.000","UNABLE TO DETERMINE","UNABLE TO DETERMINE","1120","W","47TH PL","933",,,,,,,"2","NO INDICATION OF INJURY","0","0","0","0","0","2","0","5","5","2","41.8079499955","-87.6536695214","POINT (-87.653669521413 41.807949995519)"
"6860c097268266d27eab38b2070152e1cd431f62bc279a086965392b37da7b2684692552c518a93b5f11d3031438237acd05dc59071bd13e7edcc04d8fb65986",,"2026-02-19T05:30:00.000","30","NO CONTROLS","NO CONTROLS","CLEAR","DARKNESS, LIGHTED ROAD","PARKED MOTOR VEHICLE","ONE-WAY",,"STRAIGHT AND LEVEL","UNKNOWN","UNKNOWN","NOT ON SCENE (DESK REPORT)","NO INJURY / DRIVE AWAY",,,"Y","OVER $1,500","2026-02-19T17:06:00.000","UNABLE TO DETERMINE","NOT APPLICABLE","6149","W","WRIGHTWOOD AVE","2512",,,,,,,"2","NO INDICATION OF INJURY","0","0","0","0","0","1","0","5","5","2","41.9273075455","-87.7802499623","POINT (-87.780249962265 41.927307545549)"
"a4a03684accc92ad6bc872d502fad11dada39bef10e2c7fcaf74fab23f154242132ab98795ba1780ec943449722e04280a81638a145ee9658e26202a78fbbd15",,"2026-02-19T04:08:00.000","30","TRAFFIC SIGNAL","FUNCTIONING PROPERLY","CLEAR","DARKNESS, LIGHTED ROAD","ANGLE","DIVIDED - W/MEDIAN BARRIER",,"STRAIGHT AND LEVEL","DRY","NO DEFECTS","ON SCENE","INJURY AND / OR TOW DUE TO CRASH","Y",,,"OVER $1,500","2026-02-19T04:12:00.000","DISREGARDING TRAFFIC SIGNALS","NOT APPLICABLE","230","W","GARFIELD BLVD","935",,,,,,,"2","NO INDICATION OF INJURY","0","0","0","0","0","2","0","4","5","2","41.7946426686","-87.6317718697","POINT (-87.631771869692 41.794642668627)"
"a2a5bea1d97ee2bd8a711c3099cc048767388a10e36c06b3c93df0509ddfa966c3419fe8b139b9112553365ee54d68aaa504962b722bd5463a07545af46900e6",,"2026-02-19T02:55:00.000","30","STOP SIGN/FLASHER","FUNCTIONING PROPERLY","CLEAR","DARKNESS, LIGHTED ROAD","ANGLE","DIVIDED - W/MEDIAN (NOT RAISED)",,"STRAIGHT AND LEVEL","DRY","NO DEFECTS","ON SCENE","NO INJURY / DRIVE AWAY",,,"Y","OVER $1,500","2026-02-19T02:55:00.000","UNABLE TO DETERMINE","NOT APPLICABLE","2759","S","CENTRAL PARK AVE","1032",,,,,,,"2","NO INDICATION OF INJURY","0","0","0","0","0","3","0","2","5","2","41.84081541","-87.7145483798","POINT (-87.714548379808 41.840815410038)"
"54a364126153ff8486b5aff8a66e8f234352ef81b6b7dc726f69c8f61da895b663af05b7105e73a6bb28da6519e13a0d066c9e68b2b1c1b933814300078aa66e",,"2026-02-19T02:32:00.000","30","NO CONTROLS","NO CONTROLS","CLEAR","DARKNESS, LIGHTED ROAD","FIXED OBJECT","DIVIDED - W/MEDIAN BARRIER",,"STRAIGHT AND LEVEL","DRY","NO DEFECTS","ON SCENE","INJURY AND / OR TOW DUE TO CRASH",,,"N","OVER $1,500","2026-02-19T02:36:00.000","UNABLE TO DETERMINE","UNABLE TO DETERMINE","9011","S","STONY ISLAND AVE","413",,,,,,,"1","NO INDICATION OF INJURY","0","0","0","0","0","1","0","2","5","2","41.7310860985","-87.5849483736","POINT (-87.584948373634 41.731086098532)"
"1959a773ffa6617c3f818c8926799b46a762907a51216b55aae1d2b779c7de43bc390a5d32757b3f81433c6d18d80571170a016ad921610e649caff80d82db6d",,"2026-02-19T02:30:00.000","30","NO CONTROLS","NO CONTROLS","CLEAR","DARKNESS, LIGHTED ROAD","PARKED MOTOR VEHICLE","NOT DIVIDED",,"STRAIGHT AND LEVEL","DRY","NO DEFECTS","ON SCENE","NO INJURY / DRIVE AWAY",,,"Y","OVER $1,500","2026-02-19T04:11:00.000","UNABLE TO DETERMINE","NOT APPLICABLE","4402","W","PALMER ST","2522",,,,,,,"2","NO INDICATION OF INJURY","0","0","0","0","0","1","0","2","5","2","41.9208144828","-87.7365908822","POINT (-87.736590882186 41.920814482753)"
"3a6b23a35e18c054b4c85f78ad4501cb3611b84e7e97d015c8c702c3510333d1390b30e40867ef1c27822eada196309761805ca5ab893a592f14a1108fa7b92f",,"2026-02-19T02:30:00.000","30","TRAFFIC SIGNAL","FUNCTIONING PROPERLY","CLEAR","DARKNESS, LIGHTED ROAD","PARKED MOTOR VEHICLE","NOT DIVIDED",,"STRAIGHT AND LEVEL","DRY","NO DEFECTS","NOT ON SCENE (DESK REPORT)","NO INJURY / DRIVE AWAY","Y",,,"$501 - $1,500","2026-02-19T05:00:00.000","IMPROPER TURNING/NO SIGNAL","NOT APPLICABLE","747","S","CANAL ST","124",,,,,,,"2","NO INDICATION OF INJURY","0","0","0","0","0","2","0","2","5","2","41.8722168279","-87.6392120961","POINT (-87.639212096118 41.872216827918)"
"94c8bd06c271c7c3f96f290b4334e78e12edc1faff6407bb71cf1fdb473f7a049badd3464ece7f50c19c9d097311b6636d101df2f1095d98b6840630a5c78acd",,"2026-02-19T02:26:00.000","30","NO CONTROLS","NO CONTROLS","CLEAR","DARKNESS, LIGHTED ROAD","PARKED MOTOR VEHICLE","NOT DIVIDED",,"STRAIGHT AND LEVEL","UNKNOWN","UNKNOWN","ON SCENE","NO INJURY / DRIVE AWAY",,,,"OVER $1,500","2026-02-19T02:28:00.000","DISTRACTION - FROM INSIDE VEHICLE","DISTRACTION - FROM INSIDE VEHICLE","8325","W","ADDISON ST","1631",,,,,,,"3","NO INDICATION OF INJURY","0","0","0","0","0","1","0","2","5","2","41.9446872674","-87.8350267005","POINT (-87.835026700464 41.944687267362)"
"04104a58b3a4cd28147b4f2ef53519095ae2a991bcf1a904c5dbfe11cdc37705044fd106af99effb6d580fc2e18edcf97a21a2ec11c1c1915b18da51000cf883",,"2026-02-19T02:00:00.000","30","NO CONTROLS","NO CONTROLS","CLEAR","DARKNESS","FIXED OBJECT","ONE-WAY",,"STRAIGHT AND LEVEL","DRY","NO DEFECTS","ON SCENE","NO INJURY / DRIVE AWAY","Y",,,"$501 - $1,500","2026-02-19T02:00:00.000","UNABLE TO DETERMINE","UNABLE TO DETERMINE","11600","S","COTTAGE GROVE AVE","532",,,,,,,"1","NO INDICATION OF INJURY","0","0","0","0","0","1","0","2","5","2","41.6824901899","-87.6115534405","POINT (-87.611553440485 41.682490189869)"