"crash_record_id","crash_date_est_i","crash_date","posted_speed_limit","traffic_control_device","device_condition","weather_condition","lighting_condition","first_crash_type","trafficway_type","lane_cnt","alignment","roadway_surface_cond","road_defect","report_type","crash_type","intersection_related_i","private_property_i","hit_and_run_i","damage","date_police_notified","prim_contributory_cause","sec_contributory_cause","street_no","street_direction","street_name","beat_of_occurrence","photos_taken_i","statements_taken_i","dooring_i","work_zone_i","work_zone_type","workers_present_i","num_units","most_severe_injury","injuries_total","injuries_fatal","injuries_incapacitating","injuries_non_incapacitating","injuries_reported_not_evident","injuries_no_indication","injuries_unknown","crash_hour","crash_day_of_week","crash_month","latitude","longitude","location"
"a68a2b055c4cd50a28909d63db4966d41550a4e6ea063fe64db8c7084c157a469ef05b3620bc9227c3c2532ed0b47e015d25bcc191956ff3beb448c356b05a8c",,"2026-02-19T01:30:00.000","30","NO CONTROLS","NOT FUNCTIONING","CLEAR","DARKNESS","SIDESWIPE SAME DIRECTION","NOT DIVIDED",,"STRAIGHT AND LEVEL","DRY","NO DEFECTS","NOT ON SCENE (DESK REPORT)","NO INJURY / DRIVE AWAY",,,,"OVER $1,500","2026-02-19T11:47:00.000","UNABLE TO DETERMINE","FOLLOWING TOO CLOSELY","713","W","111TH ST","2233",,,,,,,"2","NO INDICATION OF INJURY","0","0","0","0","0","2","0","1","5","2","41.692267267","-87.6405163425","POINT (-87.640516342454 41.692267266983)"
"f80e100378256f523a738f79a86a883d3ed90078b20d34505212300266cc098fcc0e2ce1423cd12dabeaf5bbcb0c3df36819967b740cb338d7eef8cdb2d973f5",,"2026-02-19T01:00:00.000","30","NO CONTROLS","NO CONTROLS","CLEAR","DARKNESS, LIGHTED ROAD","PARKED MOTOR VEHICLE","NOT DIVIDED",,"STRAIGHT AND LEVEL","DRY","NO DEFECTS",,"INJURY AND / OR TOW DUE TO CRASH",,,,"OVER $1,500","2026-02-19T01:10:00.000","FAILING TO REDUCE SPEED TO AVOID CRASH","IMPROPER LANE USAGE","2701","N","CENTRAL PARK AVE","1412",,,,,,,"7","NO INDICATION OF INJURY","0","0","0","0","0","2","0","1","5","2","41.9301845012","-87.7170004768","POINT (-87.717000476769 41.930184501165)"
"7c3130ad4c4ab1ac3709bf56fd57c922f308592e62789a040b62c845003b8c7b8eded0b4af6277000532fe31f7646cb907684bb169246455d75859a022106d85",,"2026-02-19T00:59:00.000","30","STOP SIGN/FLASHER","FUNCTIONING PROPERLY","CLEAR","DARKNESS, LIGHTED ROAD","SIDESWIPE SAME DIRECTION","NOT DIVIDED",,"STRAIGHT AND LEVEL","DRY","NO DEFECTS","ON SCENE","NO INJURY / DRIVE AWAY","N",,"Y","OVER $1,500","2026-02-19T01:38:00.000","UNABLE TO DETERMINE","UNABLE TO DETERMINE","2200","E","130TH ST","434",,"Y",,,,,"2","NO INDICATION OF INJURY","0","0","0","0","0","2","0","0","5","2","41.6592969527","-87.5701290445","POINT (-87.570129044549 41.659296952728)"
"bf53075cdb565851901010be14468b7410df60d388970cc677dbaaef3ecf272e8c0862e1d24d8eee6fc54cca537d72bc9b1bb62e7eac8b7ca29235d0aa9ba601",,"2026-02-19T00:52:00.000","25","TRAFFIC SIGNAL","FUNCTIONING PROPERLY","CLEAR","DARKNESS, LIGHTED ROAD","ANGLE","FOUR WAY",,"STRAIGHT AND LEVEL","DRY","NO DEFECTS","ON SCENE","INJURY AND / OR TOW DUE TO CRASH","Y",,,"OVER $1,500","2026-02-19T00:55:00.000","UNABLE TO DETERMINE","NOT APPLICABLE","4700","S","WENTWORTH AVE","224",,"Y",,,,,"2","REPORTED, NOT EVIDENT","2","0","0","0","2","1","0","0","5","2","41.8090824366","-87.6310308737","POINT (-87.63103087365 41.809082436649)"
"e04ac96a791379ac25237fb503d54a45437737e5e063b6c9c93be5dae02bd3c0083bd4492551bca79d9237e004b9be13509ab9c0e3dca0c2293d4841459d199a",,"2026-02-19T00:50:00.000","30","NO CONTROLS","NO CONTROLS","CLEAR","DARKNESS, LIGHTED ROAD","PARKED MOTOR VEHICLE","NOT DIVIDED",,"STRAIGHT AND LEVEL","DRY","NO DEFECTS","ON SCENE","INJURY AND / OR TOW DUE TO CRASH",,,,"OVER $1,500","2026-02-19T00:54:00.000","UNABLE TO DETERMINE","NOT APPLICABLE","7020","S","JEFFERY BLVD","332",,,,,,,"3","NO INDICATION OF INJURY","0","0","0","0","0","1","0","0","5","2","41.7673529546","-87.5764779584","POINT (-87.576477958446 41.767352954568)"
"9ffcfb73f46c914b8a9652cfc1e0fd2235e2f518fbff17b7a3feb02c0e28e23a23a1c207be1266a077e5de0b5518fa2e391226a9328ffe0acdbc9b5fe97804e1",,"2026-02-19T00:30:00.000","30","STOP SIGN/FLASHER","FUNCTIONING PROPERLY","CLEAR","DARKNESS, LIGHTED ROAD","ANGLE","NOT DIVIDED",,"STRAIGHT AND LEVEL","DRY","NO DEFECTS","NOT ON SCENE (DESK REPORT)","NO INJURY / DRIVE AWAY",,,"Y","OVER $1,500","2026-02-19T02:00:00.000","DISREGARDING STOP SIGN","FAILING TO YIELD RIGHT-OF-WAY","6151","W","WRIGHTWOOD AVE","2512",,,,,,,"2","NO INDICATION OF INJURY","0","0","0","0","0","2","0","0","5","2","41.9273064025","-87.780328121","POINT (-87.780328121025 41.927306402509)"
"5e4d75bd09efff9058929bc5d1589095abe7b8ef712bfb305a983fe1193acd15ece2450027d85d21d60b4b38195c4f3a243ae8477df0c571f178317a0eac4c6a",,"2026-02-19T00:28:00.000","30","TRAFFIC SIGNAL","FUNCTIONING PROPERLY","CLEAR","DARKNESS, LIGHTED ROAD","ANGLE","FOUR WAY",,"STRAIGHT AND LEVEL","DRY","UNKNOWN","ON SCENE","NO INJURY / DRIVE AWAY","Y",,"Y","OVER $1,500","2026-02-19T00:34:00.000","DISREGARDING OTHER TRAFFIC SIGNS","DISREGARDING TRAFFIC SIGNALS","4701","S","WENTWORTH AVE","224",,,,,,,"2","NO INDICATION OF INJURY","0","0","0","0","0","3","0","0","5","2","41.8090525862","-87.6307401664","POINT (-87.630740166434 41.809052586195)"
"55c60fe7e6c22250df0cd70e3f194c7233a869904d090d31321f75165ba30b3572130cf32eea4f9355062a935572ce06f2c103c859f3b135e51af00d26e9f405",,"2026-02-19T00:10:00.000","40","NO CONTROLS","NO CONTROLS","CLEAR","DARKNESS, LIGHTED ROAD","FIXED OBJECT","ONE-WAY",,"STRAIGHT AND LEVEL","DRY","NO DEFECTS","ON SCENE","INJURY AND / OR TOW DUE TO CRASH",,,,"OVER $1,500","2026-02-19T00:15:00.000","ANIMAL","NOT APPLICABLE","2320","S","LAKE SHORE DR SB","132",,,,,,,"1","NO INDICATION OF INJURY","0","0","0","0","0","1","0","0","5","2","41.8503820742","-87.6136156971","POINT (-87.613615697111 41.850382074221)"
"b7db01e34145f96e710afd440aca4ad5749616d221035232b2dee85e7d9e13acd8202394f521c4255fceb3f11a7e0c2d29118fd992da411cd43b9ad1c3496058","Y","2026-02-19T00:00:00.000","20","UNKNOWN","UNKNOWN","UNKNOWN","UNKNOWN","PARKED MOTOR VEHICLE","OTHER",,"STRAIGHT AND LEVEL","UNKNOWN","UNKNOWN","ON SCENE","NO INJURY / DRIVE AWAY",,,"Y","OVER $1,500","2026-02-21T07:10:00.000","UNABLE TO DETERMINE","UNABLE TO DETERMINE","8907","S","BLACKSTONE AVE","413",,,,,,,"2","NO INDICATION OF INJURY","0","0","0","0","0","1","0","0","5","2","41.7329768695","-87.5879014747","POINT (-87.587901474682 41.732976869533)"
"66d6965d48b2c2e5a3fdf13ad37449cd2a8de39c54b90c1f88cf7ad011e3de8f6d794bb6380be68561250a3320d0ff34b1144d24c55105b07e9faa5aac3e88c4",,"2026-02-18T23:33:00.000","30","TRAFFIC SIGNAL","FUNCTIONING PROPERLY","CLEAR","DARKNESS, LIGHTED ROAD","SIDESWIPE SAME DIRECTION","DIVIDED - W/MEDIAN (NOT RAISED)",,"STRAIGHT AND LEVEL","DRY","NO DEFECTS","ON SCENE","NO INJURY / DRIVE AWAY",,,"Y","OVER $1,500","2026-02-18T23:49:00.000","IMPROPER OVERTAKING/PASSING","FOLLOWING TOO CLOSELY","7520","S","STATE ST","623",,,,,,,"2","NO INDICATION OF INJURY","0","0","0","0","0","2","0","23","4","2","41.7575515065","-87.6248911433","POINT (-87.624891143294 41.757551506506)"
"26d86285439e481e2e2a91b1e095e26f854fa3938b0621d88d93d19502ee3f12b3ea0bb2c609f03defaec85bf0b7c444f90411828a4eaaca3a41366753b162db",,"2026-02-18T23:30:00.000","10","UNKNOWN","UNKNOWN","UNKNOWN","UNKNOWN","PARKED MOTOR VEHICLE","OTHER",,"STRAIGHT AND LEVEL","UNKNOWN","UNKNOWN","NOT ON SCENE (DESK REPORT)","NO INJURY / DRIVE AWAY",,,,"OVER $1,500","2026-02-19T08:20:00.000","UNABLE TO DETERMINE","UNABLE TO DETERMINE","1044","W","51ST ST","933",,,,,,,"2","NO INDICATION OF INJURY","0","0","0","0","0","1","0","23","4","2","41.8016020037","-87.6519824456","POINT (-87.651982445603 41.80160200374)"
"e6405eaa6d01098f8ce0e90389d9bc7fe9517fcfedb3c5432851fa86bbb8c874969dc53520f1fa5fab5c5f997f0be6e541b7e3793eb2031d3ec2e773dc7b8909","Y","2026-02-18T23:30:00.000","30","UNKNOWN","UNKNOWN","CLEAR","DARKNESS, LIGHTED ROAD","PEDESTRIAN","UNKNOWN INTERSECTION TYPE",,"STRAIGHT AND LEVEL","UNKNOWN","UNKNOWN","NOT ON SCENE (DESK REPORT)","INJURY AND / OR TOW DUE TO CRASH",,,"Y","OVER $1,500","2026-02-19T15:05:00.000","UNABLE TO DETERMINE","UNABLE TO DETERMINE","3238","W","55TH ST","822",,,,,,,"2","INCAPACITATING INJURY","1","0","1","0","0","1","0","23","4","2","41.7935998226","-87.7050803191","POINT (-87.705080319146 41.793599822649)"
"f2bdb573f52ca50e42396f24e0a73a4e5d562ea3e08be3e77ad65f8df751c80472c582541849bb6208c58068e5be9f0a4f39df7d200dbd92be893ea8ba0a5b4a",,"2026-02-18T23:18:00.000","35","NO CONTROLS","NO CONTROLS","CLEAR","DARKNESS, LIGHTED ROAD","PARKED MOTOR VEHICLE","NOT DIVIDED",,"STRAIGHT AND LEVEL","DRY","UNKNOWN","ON SCENE","NO INJURY / DRIVE AWAY",,,,"$500 OR LESS","2026-02-18T23:18:00.000","IMPROPER BACKING","NOT APPLICABLE","1063","W","COLUMBIA AVE","2432",,,,,,,"2","NO INDICATION OF INJURY","0","0","0","0","0","1","0","23","4","2","42.0045391971","-87.658679108","POINT (-87.658679108043 42.004539197131)"
"8c69ccec26951bbac7d7b84363d95a8ee59d5f288b9cc6828468b59178bbff0483b983180b58a6c1209fdd8bbfc8ca009b2545c05bfc1c143ebe6b24d6a03e69",,"2026-02-18T22:40:00.000","30","TRAFFIC SIGNAL","FUNCTIONING PROPERLY","CLEAR","DARKNESS, LIGHTED ROAD","ANGLE","NOT DIVIDED",,"STRAIGHT AND LEVEL","DRY","NO DEFECTS","NOT ON SCENE (DESK REPORT)","NO INJURY / DRIVE AWAY","Y",,,"OVER $1,500","2026-02-19T08:10:00.000","UNABLE TO DETERMINE","UNABLE TO DETERMINE","1200","W","59TH ST","713",,,,,,,"2","NO INDICATION OF INJURY","0","0","0","0","0","2","0","22","4","2","41.7869949984","-87.6547475021","POINT (-87.654747502118 41.786994998377)"
"23420adc25709f1f5541e4670342a93bcbfc1091c35e01014f2e0edf62cd4ffabd3d9068b0356eded157cccdecf59b7e03afede73eb07989255218ab6b07dd82",,"2026-02-18T22:29:00.000","15","NO CONTROLS","NO CONTROLS","CLEAR","DARKNESS, LIGHTED ROAD","FIXED OBJECT","NOT DIVIDED",,"STRAIGHT AND LEVEL","DRY","NO DEFECTS","ON SCENE","INJURY AND / OR TOW DUE TO CRASH",,,,"OVER $1,500","2026-02-18T22:29:00.000","NOT APPLICABLE","NOT APPLICABLE","2224","W","CERMAK RD","1234",,,,,,,"1","INCAPACITATING INJURY","1","0","1","0","0","0","0","22","4","2","41.852193698","-87.6817537957","POINT (-87.681753795732 41.852193697957)"
"255eac7c00e00e8242b628ad2e7337aa31e6e545ffeabe2e2c3ebcb01cde62d256c75b198949390d6baa47ed6e9960885078692b06520aad8dd691877434e694",,"2026-02-18T22:27:00.000","35","UNKNOWN","UNKNOWN","CLEAR","DARKNESS, LIGHTED ROAD","PARKED MOTOR VEHICLE","NOT DIVIDED",,"STRAIGHT AND LEVEL","UNKNOWN","NO DEFECTS","ON SCENE","INJURY AND / OR TOW DUE TO CRASH",,,,"OVER $1,500","2026-02-18T22:46:00.000","DISTRACTION - FROM INSIDE VEHICLE","FAILING TO REDUCE SPEED TO AVOID CRASH","6316","W","MONTROSE AVE","1622",,,,,,,"2","NO INDICATION OF INJURY","0","0","0","0","0","1","0","22","4","2","41.960350911","-87.7851555285","POINT (-87.785155528546 41.960350911005)"
"55f03c98394e615a319015c34497de1aa9db2de9bc4da3aebfc05c1f033053e058996b5871c440b86f2c395355f56617179c06c2721ad5a8e57711e0d591df85",,"2026-02-18T22:20:00.000","20","NO CONTROLS","NO CONTROLS","CLEAR","DARKNESS, LIGHTED ROAD","PARKED MOTOR VEHICLE","ONE-WAY",,"STRAIGHT AND LEVEL","DRY","NO DEFECTS","NOT ON SCENE (DESK REPORT)","NO INJURY / DRIVE AWAY",,,,"$500 OR LESS","2026-02-18T23:25:00.000","FOLLOWING TOO CLOSELY","NOT APPLICABLE","2551","W","ROSEMONT AVE","2413",,,,,,,"2","NO INDICATION OF INJURY","0","0","0","0","0","1","0","22","4","2","41.9957360215","-87.6943261502","POINT (-87.694326150191 41.995736021501)"
"f8a6481432d88408a78aaa79bacb5af32e3eee9d87bb11d035a90091f39156715dcd7fbea08fdeff09aa804455c2a72b08ae834f468599408f6750bcd7a1b69a",,"2026-02-18T22:14:00.000","30","STOP SIGN/FLASHER","UNKNOWN","UNKNOWN","UNKNOWN","REAR END","ONE-WAY",,"STRAIGHT AND LEVEL","UNKNOWN","UNKNOWN","NOT ON SCENE (DESK REPORT)","NO INJURY / DRIVE AWAY",,,"Y","$501 - $1,500","2026-02-18T23:00:00.000","DRIVING SKILLS/KNOWLEDGE/EXPERIENCE","UNABLE TO DETERMINE","2501","S","DRAKE AVE","1024",,,,,,,"2","NO INDICATION OF INJURY","0","0","0","0","0","2","0","22","4","2","41.8461387348","-87.7134708995","POINT (-87.713470899503 41.846138734802)"
"5375ab13ebd384110894e559fd9ab761d34a463ec39e37b8b56bcf4f94b63d10410194fbf8cc81ecd560297e482cfae7851101c6b15630a223b3fec8545dfcf8",,"2026-02-18T22:00:00.000","30","TRAFFIC SIGNAL","FUNCTIONING PROPERLY","CLEAR","DARKNESS, LIGHTED ROAD","TURNING","Y-INTERSECTION",,"STRAIGHT AND LEVEL","DRY","NO DEFECTS","NOT ON SCENE (DESK REPORT)","NO INJURY / DRIVE AWAY",,,"Y","OVER $1,500","2026-02-18T22:30:00.000","IMPROPER TURNING/NO SIGNAL","IMPROPER TURNING/NO SIGNAL","345","E","ONTARIO ST","1834",,,,,,,"2","NO INDICATION OF INJURY","0","0","0","0","0","2","0","22","4","2","41.8933269889","-87.6185261406","POINT (-87.618526140636 41.893326988894)"
"959faf4cf6633ccd4bcb3aecfac32f4ab801dcbfeaeede1b58858d671a70412ac3fd79a40e78d9f749e2f6ff44261792e31ef2778e083b6805678cfb6485b984",,"2026-02-18T22:00:00.000","30","NO CONTROLS","NO CONTROLS","CLEAR","DARKNESS","SIDESWIPE SAME DIRECTION","ONE-WAY",,"STRAIGHT AND LEVEL","DRY","NO DEFECTS","NOT ON SCENE (DESK REPORT)","NO INJURY / DRIVE AWAY",,,"Y","OVER $1,500","2026-02-18T22:00:00.000","UNABLE TO DETERMINE","UNABLE TO DETERMINE","701","N","SACRAMENTO BLVD","1221",,,,,,,"2","NO INDICATION OF INJURY","0","0","0","0","0","2","0","22","4","2","41.8937972299","-87.702004213","POINT (-87.702004213035 41.893797229945)"
"fbc07b4f2a93ff7e6c34c04b7b9d15f1107a0176df83487996ce657240ae1c12b6226b5870b1261ec109c33730001e1f16dcbddf0d4fb50d914d7089d58a3664",,"2026-02-18T21:21:00.000","30","UNKNOWN","UNKNOWN","CLEAR","DARKNESS","TURNING","T-INTERSECTION",,"STRAIGHT AND LEVEL","DRY","NO DEFECTS",,"NO INJURY / DRIVE AWAY","Y",,,"$501 - $1,500","2026-02-18T21:51:00.000","FAILING TO YIELD RIGHT-OF-WAY","FAILING TO YIELD RIGHT-OF-WAY","982","E","111TH ST","513",,,,,,,"2","NO INDICATION OF INJURY","0","0","0","0","0","4","0","21","4","2","41.6926519746","-87.5988467051","POINT (-87.598846705149 41.692651974625)"
"87c9c57186506f6ce26c8e725a3f38b631fc8b93f738b58cd360840c02826d9f36a99b884fa0b6c4ff6fc7544780c300daef9e5500c4e63d11057db86412b7cd",,"2026-02-18T21:09:00.000","10","NO CONTROLS","NO CONTROLS","CLEAR","DARKNESS","PARKED MOTOR VEHICLE","PARKING LOT",,"STRAIGHT AND LEVEL","DRY","NO DEFECTS","NOT ON SCENE (DESK REPORT)","NO INJURY / DRIVE AWAY",,,,"$500 OR LESS","2026-02-19T11:37:00.000","UNABLE TO DETERMINE","UNABLE TO DETERMINE","1711","W","CERMAK RD","1034",,,,,,,"2","NO INDICATION OF INJURY","0","0","0","0","0","1","0","21","4","2","41.8521678636","-87.6689750407","POINT (-87.668975040664 41.852167863628)"
"b3510ba1c27ae19118e16fbe1e73fef14cd10840d6a89ef655bbb6774ba4cddf1636ad5d2a760efed4d308db4c2a11fb33dee9acb500522504c29e20d9fa1aa4",,"2026-02-18T21:07:00.000","30","TRAFFIC SIGNAL","FUNCTIONING PROPERLY","CLEAR","DARKNESS, LIGHTED ROAD","SIDESWIPE SAME DIRECTION","DIVIDED - W/MEDIAN (NOT RAISED)",,"STRAIGHT AND LEVEL","DRY","NO DEFECTS","NOT ON SCENE (DESK REPORT)","NO INJURY / DRIVE AWAY","Y",,"Y","OVER $1,500","2026-02-18T22:00:00.000","IMPROPER OVERTAKING/PASSING","UNABLE TO DETERMINE","2357","W","FULLERTON AVE","1432",,,,,,,"2","NO INDICATION OF INJURY","0","0","0","0","0","4","0","21","4","2","41.9247919066","-87.6875217952","POINT (-87.687521795166 41.924791906639)"
"e7cef28fd07f727d5363516e2c17e44a85a5db81daa430c33040b33e036fa9720afd89608cbcaeb26a6a7c81684e05481ad2e348d7aa2dfdcc888b032d41de0a",,"2026-02-18T20:42:00.000","30","TRAFFIC SIGNAL","UNKNOWN","CLEAR","DARKNESS","REAR END","UNKNOWN",,"STRAIGHT AND LEVEL","UNKNOWN","UNKNOWN","NOT ON SCENE (DESK REPORT)","NO INJURY / DRIVE AWAY",,,"Y","OVER $1,500","2026-02-18T21:05:00.000","IMPROPER BACKING","UNABLE TO DETERMINE","8651","S","INDIANA AVE","632",,,,,,,"2","NO INDICATION OF INJURY","0","0","0","0","0","2","0","20","4","2","41.7367508529","-87.6192366915","POINT (-87.619236691455 41.736750852874)"
"82f92262d30a00642a6a3b90fa4868568b501286953553b06b352add21c8cc16670668509d88cad5714ac55f637baca173fe662fcfcef0ac7cdcd81a5bc687f1",,"2026-02-18T20:40:00.000","30","NO CONTROLS","NO CONTROLS","CLEAR","DARKNESS, LIGHTED ROAD","SIDESWIPE SAME DIRECTION","NOT DIVIDED",,"STRAIGHT AND LEVEL","DRY","UNKNOWN","NOT ON SCENE (DESK REPORT)","NO INJURY / DRIVE AWAY",,,"Y","OVER $1,500","2026-02-18T21:00:00.000","UNABLE TO DETERMINE","UNABLE TO DETERMINE","7143","S","STATE ST","323",,,,,,,"2","NO INDICATION OF INJURY","0","0","0","0","0","2","0","20","4","2","41.764205174","-87.6247337784","POINT (-87.624733778415 41.764205174018)"
"cd6f86c49b299f601ad2aaddbc2e1b3a58915a077ad8d28ebd1d0fa07b6ccac124dcf186820ad8ca5f222a19e1ecf09888e1958a7c45f11e0cee2a4b0be1233b",,"2026-02-18T20:36:00.000","10","NO CONTROLS","NO CONTROLS","CLEAR","DARKNESS","PARKED MOTOR VEHICLE","OTHER",,"STRAIGHT AND LEVEL","DRY","NO DEFECTS","ON SCENE","NO INJURY / DRIVE AWAY",,,"Y","$500 OR LESS","2026-02-18T20:36:00.000","NOT APPLICABLE","NOT APPLICABLE","2001","N","MILWAUKEE AVE","1431",,,,,,,"2","NO INDICATION OF INJURY","0","0","0","0","0","1","0","20","4","2","41.9176669443","-87.6885341826","POINT (-87.68853418258 41.917666944263)"
"04151ec7e66452811d123ec9500a3d939bba3e1371524cc3012a830af7801a737d564abf4d6e891a60c25eaba99474869593adbe4b34943bfada5a9567b7ab1e",,"2026-02-18T20:30:00.000","30","NO CONTROLS","NO CONTROLS","CLEAR","DARKNESS, LIGHTED ROAD","TURNING","NOT DIVIDED",,"STRAIGHT AND LEVEL","UNKNOWN","UNKNOWN","NOT ON SCENE (DESK REPORT)","NO INJURY / DRIVE AWAY",,,"Y","$501 - $1,500","2026-02-19T10:55:00.000","UNABLE TO DETERMINE","UNABLE TO DETERMINE","5505","S","KEDZIE AVE","824",,,,,,,"2","NO INDICATION OF INJURY","0","0","0","0","0","3","0","20","4","2","41.7933124908","-87.7034004968","POINT (-87.703400496812 41.793312490801)"
"639006f167eeec449b1447c5b422ab58c143317e368f080d032143916f581093ed16936d7c79d603f1a92d05812173a6f5b7f5dc1a08465639ac674d4bdae7b7",,"2026-02-18T20:30:00.000","30","TRAFFIC SIGNAL","FUNCTIONING PROPERLY","CLEAR","DARKNESS, LIGHTED ROAD","ANGLE","NOT DIVIDED",,"STRAIGHT AND LEVEL","DRY","NO DEFECTS","ON SCENE","INJURY AND / OR TOW DUE TO CRASH","Y",,,"OVER $1,500","2026-02-18T20:32:00.000","DRIVING SKILLS/KNOWLEDGE/EXPERIENCE","FAILING TO YIELD RIGHT-OF-WAY","1600","W","ARMITAGE AVE","1432",,,,,,,"2","REPORTED, NOT EVIDENT","2","0","0","0","2","3","0","20","4","2","41.9180420456","-87.6679961798","POINT (-87.667996179817 41.918042045647)"
"b0920281303c620f51fce41ac35a8015eb653a0c6e231ac134c65f9623b35bd253cd9e8166deec2f6a609ea79d145939d5e59c0e63aa1429eae14615606c6610",,"2026-02-18T20:30:00.000","35","UNKNOWN","UNKNOWN","UNKNOWN","DARKNESS, LIGHTED ROAD","SIDESWIPE SAME DIRECTION","ONE-WAY",,"STRAIGHT AND LEVEL","UNKNOWN","UNKNOWN","NOT ON SCENE (DESK REPORT)","NO INJURY / DRIVE AWAY",,,"Y","OVER $1,500","2026-02-19T14:05:00.000","IMPROPER OVERTAKING/PASSING","NOT APPLICABLE","6357","N","FAIRFIELD AVE","2413",,,,,,,"2","NO INDICATION OF INJURY","0","0","0","0","0","2","0","20","4","2","41.9974396248","-87.6982688208","POINT (-87.698268820798 41.99743962485)"
"06f96db2b15e817f89e139448364dbe8ee169dc7ff0fd1939c97397bd4c7c4ee18843aa0e7d542a102166fb3d585f51be5add4b2530208278cb0f61ef62ec414",,"2026-02-18T20:20:00.000","15","NO CONTROLS","NO CONTROLS","CLEAR","DARKNESS, LIGHTED ROAD","FIXED OBJECT","ALLEY",,"STRAIGHT AND LEVEL","DRY","NO DEFECTS","ON SCENE","INJURY AND / OR TOW DUE TO CRASH",,,,"OVER $1,500","2026-02-18T20:43:00.000","NOT APPLICABLE","NOT APPLICABLE","2158","S","KEELER AVE","1012","Y",,,,,,"1","NO INDICATION OF INJURY","0","0","0","0","0","1","0","20","4","2","41.8515219219","-87.7297573079","POINT (-87.729757307923 41.851521921883)"
"2a7252f1ce1cddb9ebf75374c46fd1d2bd17b93ae096705eeac398bf73b6b2986ca164754eca05a17e85f5aed916b1edd632494e0d778d1354d5667cf380d474",,"2026-02-18T20:10:00.000","30","NO CONTROLS","NO CONTROLS","CLEAR","DAYLIGHT","PARKED MOTOR VEHICLE","NOT DIVIDED",,"STRAIGHT AND LEVEL","DRY","NO DEFECTS","NOT ON SCENE (DESK REPORT)","NO INJURY / DRIVE AWAY",,,,"$500 OR LESS","2026-02-20T18:20:00.000","UNABLE TO DETERMINE","UNABLE TO DETERMINE","1130","W","21ST ST","1235",,,,,,,"2","NO INDICATION OF INJURY","0","0","0","0","0","1","0","20","4","2","41.8539433963","-87.6543430851","POINT (-87.654343085069 41.853943396314)"
"214f7c83f28b7c04536d786e51d28872972f09aab5946a977e096729a2d634d15486a0998a72ca5a2f5dd0f0799dbe898551bdf7ec5548962528ec3f7945d3fd",,"2026-02-18T20:00:00.000","30","NO CONTROLS","NO CONTROLS","CLEAR","DAYLIGHT","SIDESWIPE SAME DIRECTION","NOT DIVIDED",,"STRAIGHT AND LEVEL","DRY","NO DEFECTS","NOT ON SCENE (DESK REPORT)","NO INJURY / DRIVE AWAY",,,,"$500 OR LESS","2026-02-19T13:27:00.000","UNABLE TO DETERMINE","UNABLE TO DETERMINE","3909","S","KEDZIE AVE","921",,,,,,,"2","NO INDICATION OF INJURY","0","0","0","0","0","2","0","20","4","2","41.8222759031","-87.7043794326","POINT (-87.704379432602 41.822275903122)"
"4b571ac4b486379a921dba2ce0d62265ee39748d36105b58e076aa960d03286229805d9bcfee2688b9691dad3ca7b70fbe58b82e787b81963fb2a6f040479dc3",,"2026-02-18T20:00:00.000","35","TRAFFIC SIGNAL","FUNCTIONING PROPERLY","CLEAR","DARKNESS, LIGHTED ROAD","REAR END","NOT DIVIDED",,"STRAIGHT AND LEVEL","DRY","NO DEFECTS","ON SCENE","NO INJURY / DRIVE AWAY",,,,"OVER $1,500","2026-02-18T20:02:00.000","FOLLOWING TOO CLOSELY","UNABLE TO DETERMINE","3748","W","103RD ST","2211",,,,,,,"2","NO INDICATION OF INJURY","0","0","0","0","0","2","0","20","4","2","41.7060951132","-87.715512824","POINT (-87.715512824011 41.706095113169)"
"e344c5733ddcbcbab86feacfcbb6cb0050ba3afac457395df74238fe4a8f257dbd727ee68909ef295935b7e485efa03f4c7ea2853e4e0b2aa61fc7f71f2379c0",,"2026-02-18T19:59:00.000","25","TRAFFIC SIGNAL","FUNCTIONING PROPERLY","CLEAR","DARKNESS, LIGHTED ROAD","TURNING","FOUR WAY",,"STRAIGHT AND LEVEL","DRY","NO DEFECTS","ON SCENE","INJURY AND / OR TOW DUE TO CRASH","Y",,,"$501 - $1,500","2026-02-18T20:10:00.000","FAILING TO YIELD RIGHT-OF-WAY","NOT APPLICABLE","5100","S","CALIFORNIA AVE","923",,,,,,,"2","NO INDICATION OF INJURY","0","0","0","0","0","2","0","19","4","2","41.8008956363","-87.6941441217","POINT (-87.694144121738 41.800895636272)"
"2e747d9d57d44437229b7bd4fd5900c52146cef226fcc4bd8dd4f39dc94c31496bb6ae619540bb4d811764e722940833e7a2f44400a04bddec74aab88ae2ba9b",,"2026-02-18T19:55:00.000","30","NO CONTROLS","NO CONTROLS","CLEAR","DARKNESS, LIGHTED ROAD","ANGLE","NOT DIVIDED",,"STRAIGHT AND LEVEL","DRY","NO DEFECTS","ON SCENE","NO INJURY / DRIVE AWAY",,,"Y","OVER $1,500","2026-02-18T20:35:00.000","FAILING TO YIELD RIGHT-OF-WAY","NOT APPLICABLE","7600","S","HONORE ST","611",,,,,,,"2","NO INDICATION OF INJURY","0","0","0","0","0","2","0","19","4","2","41.7556469397","-87.6697905365","POINT (-87.669790536471 41.755646939726)"