"crash_record_id","crash_date_est_i","crash_date","posted_speed_limit","traffic_control_device","device_condition","weather_condition","lighting_condition","first_crash_type","trafficway_type","lane_cnt","alignment","roadway_surface_cond","road_defect","report_type","crash_type","intersection_related_i","private_property_i","hit_and_run_i","damage","date_police_notified","prim_contributory_cause","sec_contributory_cause","street_no","street_direction","street_name","beat_of_occurrence","photos_taken_i","statements_taken_i","dooring_i","work_zone_i","work_zone_type","workers_present_i","num_units","most_severe_injury","injuries_total","injuries_fatal","injuries_incapacitating","injuries_non_incapacitating","injuries_reported_not_evident","injuries_no_indication","injuries_unknown","crash_hour","crash_day_of_week","crash_month","latitude","longitude","location"
"1e2cb9b6d1fe8630338e56d2873bf04081f4192bf4b9e9b155236fb2a28fd546e5ca64ff45c580868f396bce1728f851144f31796a2c754e245b55921d26b398",,"2026-02-18T19:50:00.000","30","NO CONTROLS","NO CONTROLS","CLEAR","DARKNESS, LIGHTED ROAD","PARKED MOTOR VEHICLE","NOT DIVIDED",,"STRAIGHT AND LEVEL","DRY","NO DEFECTS","ON SCENE","NO INJURY / DRIVE AWAY",,,,"OVER $1,500","2026-02-18T20:00:00.000","NOT APPLICABLE","NOT APPLICABLE","2098","N","LINCOLN PARK WEST","1814",,,,,,,"2","NO INDICATION OF INJURY","0","0","0","0","0","1","0","19","4","2","41.9201103601","-87.6365479102","POINT (-87.636547910189 41.920110360115)"
"2ced9de524df76626fb7b04a82420136896b395ab33feeb12a3208cea1882fcf4e3cec24c90f2e0690fe8946829eac59c52022a890c7c6a4562c1ce8245fb2d6",,"2026-02-18T19:50:00.000","15","NO CONTROLS","NO CONTROLS","CLEAR","DARKNESS","PEDESTRIAN","NOT DIVIDED",,"STRAIGHT AND LEVEL","DRY","NO DEFECTS","ON SCENE","INJURY AND / OR TOW DUE TO CRASH",,,,"$500 OR LESS","2026-02-18T20:01:00.000","FAILING TO YIELD RIGHT-OF-WAY","UNABLE TO DETERMINE","2968","S","VERNON AVE","133",,,,,,,"2","NONINCAPACITATING INJURY","1","0","0","1","0","1","0","19","4","2","41.8397386159","-87.6157318708","POINT (-87.615731870844 41.83973861594)"
"783378cf158aef4e5a396e29c72272156d74d72e28c4f335c38be22c8d8e61420a4be5e266db3519a9b12d30cf9d236dd5579763b8503a56774ad944470bc47f",,"2026-02-18T19:50:00.000","30","NO CONTROLS","NO CONTROLS","CLEAR","DARKNESS","PARKED MOTOR VEHICLE","ONE-WAY",,"STRAIGHT AND LEVEL","DRY","UNKNOWN","NOT ON SCENE (DESK REPORT)","NO INJURY / DRIVE AWAY",,,,"OVER $1,500","2026-02-19T18:35:00.000","IMPROPER LANE USAGE","NOT APPLICABLE","4949","W","DEMING PL","2521",,,,,,,"2","NO INDICATION OF INJURY","0","0","0","0","0","1","0","19","4","2","41.9268370267","-87.7508227045","POINT (-87.750822704452 41.926837026727)"
"013697aaaffd26c2f673e36af884003d8384d6a1ea4ceeeeb4a93adc40b12c574a2cfe3c10aac275ed9528edf8f2a8465a7fd1ee7f487c903d3c799394b44c00",,"2026-02-18T19:42:00.000","20","NO CONTROLS","NO CONTROLS","CLEAR","DARKNESS","PARKED MOTOR VEHICLE","NOT DIVIDED",,"STRAIGHT AND LEVEL","DRY","NO DEFECTS","ON SCENE","NO INJURY / DRIVE AWAY",,,,"OVER $1,500","2026-02-18T19:50:00.000","DRIVING SKILLS/KNOWLEDGE/EXPERIENCE","DRIVING SKILLS/KNOWLEDGE/EXPERIENCE","6414","S","WOOD ST","726",,,,,,,"3","NO INDICATION OF INJURY","0","0","0","0","0","2","0","19","4","2","41.7771003163","-87.6691804598","POINT (-87.669180459752 41.777100316336)"
"590bbdcb0964ca52d78f42f6ccea499c4b2a893d133a1972c8b15ec95aed9accb3e53cda7128fd7b6aa86b87525ecbd2fe2353470e25673d88082551687655fd",,"2026-02-18T19:40:00.000","30","NO CONTROLS","NO CONTROLS","CLEAR","DARKNESS","TURNING","NOT DIVIDED",,"STRAIGHT AND LEVEL","DRY","UNKNOWN","ON SCENE","INJURY AND / OR TOW DUE TO CRASH",,,,"OVER $1,500","2026-02-18T19:44:00.000","IMPROPER TURNING/NO SIGNAL","UNABLE TO DETERMINE","6141","N","PULASKI RD","1711",,,,,,,"2","NO INDICATION OF INJURY","0","0","0","0","0","3","0","19","4","2","41.9931082854","-87.7287336369","POINT (-87.728733636892 41.99310828544)"
"5af927afeaa5c64fade769c36774f017ece867c3b5d5051de03f6553d8ac246ab331de65398ce2e8c45dec4c58b8aa78649bd00b6d5da690d91954036984d929",,"2026-02-18T19:40:00.000","30","STOP SIGN/FLASHER","FUNCTIONING PROPERLY","CLEAR","DARKNESS, LIGHTED ROAD","TURNING","NOT DIVIDED",,"STRAIGHT AND LEVEL","DRY","NO DEFECTS","ON SCENE","INJURY AND / OR TOW DUE TO CRASH",,,,"OVER $1,500","2026-02-18T19:41:00.000","FAILING TO YIELD RIGHT-OF-WAY","IMPROPER TURNING/NO SIGNAL","3500","W","ARMITAGE AVE","1413",,,,,,,"2","NO INDICATION OF INJURY","0","0","0","0","0","2","0","19","4","2","41.9174306097","-87.7136074461","POINT (-87.713607446056 41.917430609745)"
"3a0d5bb5961279b7e206e70c9c52bb6eb43d0ad14d5a61eab83563583702b62895efcc26b2a05101e4a09e55d6e1640ede4f94106c857363550cf7afe53b6cf3",,"2026-02-18T19:35:00.000","25","NO CONTROLS","NO CONTROLS","CLEAR","DARKNESS, LIGHTED ROAD","SIDESWIPE SAME DIRECTION","NOT DIVIDED",,"STRAIGHT AND LEVEL","DRY","NO DEFECTS","ON SCENE","NO INJURY / DRIVE AWAY",,,,"OVER $1,500","2026-02-18T19:45:00.000","IMPROPER OVERTAKING/PASSING","IMPROPER OVERTAKING/PASSING","717","S","CLARK ST","123",,,,,,,"2","NO INDICATION OF INJURY","0","0","0","0","0","2","0","19","4","2","41.8730327684","-87.6304856534","POINT (-87.630485653414 41.873032768448)"
"d97928dce9521517243616e4204b3ff6d0370afe49d878db2e4986f02ba5ce2e7763c688ea9142a0d6e789afb7136cce56ec0fa48a172e90b748733a4ef0e62c",,"2026-02-18T19:30:00.000","0","NO CONTROLS","NO CONTROLS","CLEAR","DARKNESS","FIXED OBJECT","PARKING LOT",,"STRAIGHT AND LEVEL","DRY","NO DEFECTS","ON SCENE","NO INJURY / DRIVE AWAY",,"N",,"OVER $1,500","2026-02-18T19:44:00.000","UNABLE TO DETERMINE","NOT APPLICABLE","1024","W","119TH ST","524",,,,"N",,,"1","NO INDICATION OF INJURY","0","0","0","0","0","1","0","19","4","2","41.6778425241","-87.6477448726","POINT (-87.64774487262 41.677842524146)"
"025e6211a5db511fad2cd30a22612422e3778f18436a275daef23e5aa202e33e3aa1e43355c86439ff54b813fa68ec6d0ea25512de8b6591043127559864957c",,"2026-02-18T19:21:00.000","30","UNKNOWN","UNKNOWN","UNKNOWN","UNKNOWN","REAR END","UNKNOWN INTERSECTION TYPE",,"STRAIGHT AND LEVEL","UNKNOWN","UNKNOWN","NOT ON SCENE (DESK REPORT)","NO INJURY / DRIVE AWAY",,,"Y","OVER $1,500","2026-02-18T21:00:00.000","FAILING TO REDUCE SPEED TO AVOID CRASH","NOT APPLICABLE","98","E","11TH ST","123",,,,,,,"2","NO INDICATION OF INJURY","0","0","0","0","0","2","0","19","4","2","41.8694183385","-87.624222967","POINT (-87.624222967006 41.869418338523)"
"3d2acb8468599fa4683827d1a33e2d10dcdd42cac3feae4a650b04da0ce6484055146f9495567ae93b4b8adcea6db76a6289ca2c50ea9f2d51e3cee0e52510c6",,"2026-02-18T19:15:00.000","30","TRAFFIC SIGNAL","NO CONTROLS","CLEAR","DARKNESS, LIGHTED ROAD","SIDESWIPE SAME DIRECTION","NOT DIVIDED",,"STRAIGHT AND LEVEL","DRY","NO DEFECTS","NOT ON SCENE (DESK REPORT)","NO INJURY / DRIVE AWAY","Y",,"Y","$500 OR LESS","2026-02-18T19:45:00.000","UNABLE TO DETERMINE","NOT APPLICABLE","2206","W","FULLERTON AVE","1432",,,,,,,"2","NO INDICATION OF INJURY","0","0","0","0","0","6","0","19","4","2","41.9250628694","-87.6837858475","POINT (-87.683785847537 41.925062869394)"
"534af6d7d8e0069ea148e616efc8015219f70519d480f4452f21dadcd958a6ffce9b16606f9e351207fea767cc7d4795c70661c2b5fcec1067de232af3febca2",,"2026-02-18T19:15:00.000","40","NO CONTROLS","UNKNOWN","CLEAR","DUSK","TURNING","NOT DIVIDED",,"STRAIGHT AND LEVEL","DRY","UNKNOWN","NOT ON SCENE (DESK REPORT)","NO INJURY / DRIVE AWAY",,,,"OVER $1,500","2026-02-18T20:15:00.000","UNABLE TO DETERMINE","UNABLE TO DETERMINE","680","N","LAKE SHORE DR SB","1834",,,,,,,"2","NO INDICATION OF INJURY","0","0","0","0","0","2","0","19","4","2","41.8948486627","-87.6157000993","POINT (-87.615700099346 41.894848662659)"
"d2ca8a863f6655b57d062708797bc3a6d32e0823ba4cd0bc21527e77cb06c22f4ee28b0dca4a285cf7ea689e8a64beb9ab123e968666e7e72248516ef7547d5f",,"2026-02-18T19:10:00.000","30","NO CONTROLS","NO CONTROLS","CLEAR","DARKNESS, LIGHTED ROAD","TURNING","DIVIDED - W/MEDIAN BARRIER",,"STRAIGHT AND LEVEL","DRY","NO DEFECTS","NOT ON SCENE (DESK REPORT)","NO INJURY / DRIVE AWAY",,,"Y","OVER $1,500","2026-02-18T21:15:00.000","IMPROPER TURNING/NO SIGNAL","IMPROPER TURNING/NO SIGNAL","677","N","OGDEN AVE","1214",,,,,,,"2","NO INDICATION OF INJURY","0","0","0","0","0","2","0","19","4","2","41.8943329931","-87.6561002479","POINT (-87.656100247857 41.894332993108)"
"5010700323ca704124f787c22ee0d6b27f3055a824ffb8159caf4d25874b5f2a1960c76b346936eac35731660b05b77ac1994ea36dd16a81a2c84a5826c6aefc",,"2026-02-18T19:02:00.000","30","TRAFFIC SIGNAL","UNKNOWN","UNKNOWN","UNKNOWN","REAR END","FOUR WAY",,"STRAIGHT AND LEVEL","UNKNOWN","UNKNOWN","ON SCENE","INJURY AND / OR TOW DUE TO CRASH","Y",,,"OVER $1,500","2026-02-18T19:38:00.000","FAILING TO REDUCE SPEED TO AVOID CRASH","UNABLE TO DETERMINE","6700","S","JEFFERY BLVD","332",,,,,,,"2","NONINCAPACITATING INJURY","1","0","0","1","0","1","0","19","4","2","41.7733684085","-87.5766385522","POINT (-87.576638552177 41.773368408547)"
"18e5d334cbae7ccc46e7cbefeca5bcb8d56f2e5e4187213ecfea2a535a7e95b10b4ae68fac06f5dae97b986701195b0ea317029e2588d51f643367384131caae",,"2026-02-18T19:00:00.000","30","FLASHING CONTROL SIGNAL","FUNCTIONING IMPROPERLY","CLEAR","DARKNESS, LIGHTED ROAD","TURNING","DIVIDED - W/MEDIAN (NOT RAISED)",,"STRAIGHT AND LEVEL","DRY","NO DEFECTS","ON SCENE","NO INJURY / DRIVE AWAY","Y",,,"OVER $1,500","2026-02-18T19:07:00.000","UNABLE TO DETERMINE","UNABLE TO DETERMINE","9759","S","HALSTED ST","2223",,,,,,,"2","NO INDICATION OF INJURY","0","0","0","0","0","3","0","19","4","2","41.7160961815","-87.6429235759","POINT (-87.642923575931 41.716096181453)"
"2d7ad2f55971553208607b6f32be132450aa9bee097db485e3deeb1e250aa352d13c47c0a2aa50413f1ccea2a321b104a0a35e7bbc81caf73da77e5ee5006676",,"2026-02-18T19:00:00.000","30","NO CONTROLS","NO CONTROLS","CLEAR","DUSK","PARKED MOTOR VEHICLE","NOT DIVIDED",,"STRAIGHT AND LEVEL","DRY","NO DEFECTS","NOT ON SCENE (DESK REPORT)","NO INJURY / DRIVE AWAY",,,"Y","OVER $1,500","2026-02-18T20:00:00.000","NOT APPLICABLE","NOT APPLICABLE","741","E","72ND ST","323",,,,,,,"2","NO INDICATION OF INJURY","0","0","0","0","0","1","0","19","4","2","41.7639306721","-87.6062780134","POINT (-87.606278013381 41.763930672064)"
"af2b1f36d39f6151d1684377c4cff763651a1a3acaadd1c3094c41ef5e9e458febda716fc215fbaf6b9fc9c611de9ada47094a43e0297fadc813e64ac0e60c65",,"2026-02-18T19:00:00.000","25","TRAFFIC SIGNAL","FUNCTIONING PROPERLY","CLEAR","DUSK","PARKED MOTOR VEHICLE","FOUR WAY",,"STRAIGHT AND LEVEL","DRY","NO DEFECTS","ON SCENE","NO INJURY / DRIVE AWAY","Y",,,"OVER $1,500","2026-02-18T19:04:00.000","UNABLE TO DETERMINE","NOT APPLICABLE","2201","N","SHEFFIELD AVE","1812",,,,,,,"2","NO INDICATION OF INJURY","0","0","0","0","0","1","0","19","4","2","41.9218325339","-87.6533443364","POINT (-87.653344336393 41.921832533887)"
"d3466c4a0255a9d8a8ce1045b776dd79945a938585f533bf8afd3011579d2d493e50a5baeeab133c245b881b2efc67ce7488478339348f89c9f4b3943aa346e9",,"2026-02-18T19:00:00.000","30","TRAFFIC SIGNAL","FUNCTIONING PROPERLY","CLEAR","DARKNESS","TURNING","NOT DIVIDED",,"STRAIGHT AND LEVEL","DRY","NO DEFECTS","NOT ON SCENE (DESK REPORT)","NO INJURY / DRIVE AWAY",,,,"$501 - $1,500","2026-02-18T19:17:00.000","NOT APPLICABLE","NOT APPLICABLE","8301","S","CICERO AVE","834",,,,,,,"2","NO INDICATION OF INJURY","0","0","0","0","0","4","0","19","4","2","41.741803599","-87.740953582","POINT (-87.740953581987 41.741803598989)"
"4dca4e9583ddcefac3d1c942a6017cca218580cd7945382ee256a59934d7c0d000bcdcbcd48d3f6bf6e5eea9e37ceaff2a4036fa296fe91969062916e0fe1648",,"2026-02-18T18:57:00.000","30","TRAFFIC SIGNAL","FUNCTIONING PROPERLY","CLEAR","DAYLIGHT","REAR END","NOT DIVIDED",,"STRAIGHT AND LEVEL","DRY","NO DEFECTS","NOT ON SCENE (DESK REPORT)","NO INJURY / DRIVE AWAY",,,,"OVER $1,500","2026-02-18T18:57:00.000","UNABLE TO DETERMINE","NOT APPLICABLE","517","N","KINGSBURY ST","1831",,,,,,,"2","NO INDICATION OF INJURY","0","0","0","0","0","2","0","18","4","2","41.8912377514","-87.6395054041","POINT (-87.63950540407 41.891237751399)"
"37e2b850bf8b24571ed86efa5f5402f3c0e6dfadc54ab0436001b512b211d5283c35aa1d6d5fbbb93687eadca0bf26e1a726788e7405bb64c823da1969d40a7d",,"2026-02-18T18:46:00.000","30","OTHER","OTHER","CLEAR","DARKNESS, LIGHTED ROAD","TURNING","NOT DIVIDED",,"CURVE, LEVEL","DRY","NO DEFECTS","ON SCENE","INJURY AND / OR TOW DUE TO CRASH",,,,"OVER $1,500","2026-02-18T18:47:00.000","UNABLE TO DETERMINE","UNABLE TO DETERMINE","333","W","BELMONT AVE","1934",,,,,,,"2","NO INDICATION OF INJURY","0","0","0","0","0","4","0","18","4","2","41.9401650184","-87.6386971038","POINT (-87.638697103758 41.940165018358)"
"7d23116e657372dc4ebea33a57de69d915e108b2ec8c520f0135abbdf5e4408dfe8a9f56a07c433907923743f6216e77300006940cf402c54e5add6acb772dc7",,"2026-02-18T18:45:00.000","30","STOP SIGN/FLASHER","FUNCTIONING PROPERLY","CLEAR","DARKNESS, LIGHTED ROAD","ANGLE","DIVIDED - W/MEDIAN (NOT RAISED)",,"STRAIGHT AND LEVEL","DRY","UNKNOWN","ON SCENE","INJURY AND / OR TOW DUE TO CRASH","Y",,,"OVER $1,500","2026-02-18T18:48:00.000","FAILING TO YIELD RIGHT-OF-WAY","NOT APPLICABLE","5499","S","RICHMOND ST","923",,,,,,,"3","REPORTED, NOT EVIDENT","1","0","0","0","1","4","0","18","4","2","41.7937196906","-87.6973160395","POINT (-87.697316039478 41.793719690591)"
"b942c16f275d1dc5e3fe5d34306407d6fa0bd920aedb330149e0b05991034e937d1bb208888f9328f9a66ac2074de24561d4a444b0908e0678f9dc9510e220cf",,"2026-02-18T18:40:00.000","20","NO CONTROLS","NO CONTROLS","CLEAR","DARKNESS, LIGHTED ROAD","SIDESWIPE SAME DIRECTION","PARKING LOT",,"STRAIGHT AND LEVEL","DRY","NO DEFECTS","NOT ON SCENE (DESK REPORT)","NO INJURY / DRIVE AWAY",,,"Y","$500 OR LESS","2026-02-18T20:12:00.000","UNABLE TO DETERMINE","UNABLE TO DETERMINE","4750","S","ARCHER AVE","821",,,,,,,"2","NO INDICATION OF INJURY","0","0","0","0","0","3","0","18","4","2","41.8071794738","-87.7157688717","POINT (-87.715768871737 41.807179473772)"
"a9b4739734381bfe189b83dfbb213f62fbea840bcd0e7ab2fc9819cd661b94b6fe172eea66ae30688454b84231ccb4d71ced01cffefb5cdfb7c2c88fcc11a9d7",,"2026-02-18T18:36:00.000","35","TRAFFIC SIGNAL","FUNCTIONING PROPERLY","CLEAR","DARKNESS","SIDESWIPE SAME DIRECTION","NOT DIVIDED",,"STRAIGHT AND LEVEL","DRY","NO DEFECTS","ON SCENE","NO INJURY / DRIVE AWAY",,,,"OVER $1,500","2026-02-18T18:36:00.000","IMPROPER OVERTAKING/PASSING","IMPROPER OVERTAKING/PASSING","52","N","CICERO AVE","1533",,,,,,,"2","NO INDICATION OF INJURY","0","0","0","0","0","2","0","18","4","2","41.8817480701","-87.7454855938","POINT (-87.745485593811 41.881748070129)"
"7ed65a5d5b340bc331724c9e68e13c60fe4b675f3c9e9dd171c052a163583a8fb029347c575303500cc8725f408bb03ca12af08176b30a8dd4062453666b71b3",,"2026-02-18T18:30:00.000","10","NO CONTROLS","NO CONTROLS","CLEAR","DARKNESS, LIGHTED ROAD","PARKED MOTOR VEHICLE","PARKING LOT",,"STRAIGHT AND LEVEL","DRY","UNKNOWN","NOT ON SCENE (DESK REPORT)","NO INJURY / DRIVE AWAY",,,,"OVER $1,500","2026-02-18T18:50:00.000","UNABLE TO DETERMINE","NOT APPLICABLE","3424","W","BELMONT AVE","1732",,,,,,,"2","NO INDICATION OF INJURY","0","0","0","0","0","1","0","18","4","2","41.9393703345","-87.7135660217","POINT (-87.713566021709 41.939370334488)"
"a0d4e657a069f1f34b129a42df6785ed7825b89d0b197c780154bba800a6b894eaa65adeff8d27d4fbb6a79c81ca58f4ea188505fff3ffadc8301721c724206c",,"2026-02-18T18:12:00.000","30","TRAFFIC SIGNAL","FUNCTIONING PROPERLY","CLEAR","DARKNESS, LIGHTED ROAD","REAR END","NOT DIVIDED",,"STRAIGHT AND LEVEL","UNKNOWN","UNKNOWN","NOT ON SCENE (DESK REPORT)","NO INJURY / DRIVE AWAY",,,,"OVER $1,500","2026-02-18T19:20:00.000","FAILING TO REDUCE SPEED TO AVOID CRASH","NOT APPLICABLE","529","N","COLUMBUS DR","1834",,,,,,,"2","NO INDICATION OF INJURY","0","0","0","0","0","3","0","18","4","2","41.8917642551","-87.6200869004","POINT (-87.620086900376 41.891764255068)"
"54064a08ab35d97e4412cf8754f7f1f8ac1f4bd3e3812c7e34a8359592f95fe6b6f61652afa2cf1e1bb40fccdf20eb27d332fe6c729e059fd71e73167af26c03",,"2026-02-18T18:11:00.000","30","TRAFFIC SIGNAL","FUNCTIONING PROPERLY","CLEAR","DARKNESS, LIGHTED ROAD","REAR END","FOUR WAY",,"STRAIGHT AND LEVEL","DRY","NO DEFECTS","ON SCENE","NO INJURY / DRIVE AWAY","Y",,,"OVER $1,500","2026-02-18T18:35:00.000","FAILING TO REDUCE SPEED TO AVOID CRASH","NOT APPLICABLE","9500","S","STONY ISLAND AVE","511",,,,,,,"2","NO INDICATION OF INJURY","0","0","0","0","0","2","0","18","4","2","41.722257273","-87.5852755651","POINT (-87.585275565077 41.722257273006)"
"526a1fa13953ff696c4c75a5a99094ba0c69bd8b7fc0dc3d6e901ea38438e33a77b6006be7d905a5386bc53ea7ab5eaeb72833ca30bb0408a4c1a901df954e7d",,"2026-02-18T18:10:00.000","35","NO CONTROLS","NO CONTROLS","CLEAR","DARKNESS, LIGHTED ROAD","TURNING","DIVIDED - W/MEDIAN (NOT RAISED)",,"STRAIGHT AND LEVEL","DRY","NO DEFECTS","ON SCENE","NO INJURY / DRIVE AWAY","Y",,,"OVER $1,500","2026-02-18T18:20:00.000","FAILING TO YIELD RIGHT-OF-WAY","NOT APPLICABLE","7229","W","ADDISON ST","1631",,,,,,,"2","NO INDICATION OF INJURY","0","0","0","0","0","2","0","18","4","2","41.9451312715","-87.8081479706","POINT (-87.808147970614 41.945131271519)"
"d4b57a062677ea45681db4de0f2af26b119584f2ce2eaec59678ae951977711586d4382de63abe87f0e055ed42461499c0d7d6611f39a62e6e780a6414b6cb79",,"2026-02-18T18:05:00.000","30","NO CONTROLS","FUNCTIONING PROPERLY","CLEAR","DARKNESS, LIGHTED ROAD","SIDESWIPE SAME DIRECTION","ONE-WAY",,"STRAIGHT AND LEVEL","UNKNOWN","UNKNOWN","NOT ON SCENE (DESK REPORT)","NO INJURY / DRIVE AWAY",,,,"OVER $1,500","2026-02-19T09:05:00.000","IMPROPER LANE USAGE","NOT APPLICABLE","515","N","CLARK ST","1831","Y",,,,,,"2","NO INDICATION OF INJURY","0","0","0","0","0","2","0","18","4","2","41.8913715982","-87.6309724492","POINT (-87.630972449199 41.891371598247)"
"33b1ad2ccf3b06ad928f988ec4265b257eb1d3c2ea95612e5a6cd0210044aff8d54939c13e06abb584361cccf0c9525a0b8c2e56cf74e099b1061717d6274b4e",,"2026-02-18T18:04:00.000","30","STOP SIGN/FLASHER","FUNCTIONING PROPERLY","CLEAR","DARKNESS, LIGHTED ROAD","ANGLE","DIVIDED - W/MEDIAN (NOT RAISED)",,"STRAIGHT AND LEVEL","DRY","NO DEFECTS","ON SCENE","INJURY AND / OR TOW DUE TO CRASH","Y",,,"OVER $1,500","2026-02-18T18:24:00.000","FAILING TO YIELD RIGHT-OF-WAY","UNABLE TO DETERMINE","3300","N","HARLEM AVE","1631",,,,,,,"2","NONINCAPACITATING INJURY","1","0","0","1","0","1","0","18","4","2","41.9398960544","-87.8069619061","POINT (-87.806961906105 41.939896054432)"
"3d123b6658deb59ca4c9f92059fa2ada259b0fc65c0d6e94bdb3c802b9cc32bfae97323ce4d63e7907ebd66b3715851de7dcbd17f575fe1539ee2d220489d725",,"2026-02-18T18:03:00.000","10","NO CONTROLS","NO CONTROLS","UNKNOWN","UNKNOWN","HEAD ON","PARKING LOT",,"STRAIGHT AND LEVEL","UNKNOWN","UNKNOWN","NOT ON SCENE (DESK REPORT)","INJURY AND / OR TOW DUE TO CRASH",,,"N","OVER $1,500","2026-02-18T19:15:00.000","UNABLE TO DETERMINE","NOT APPLICABLE","7535","S","ASHLAND AVE","612",,,,,,,"2","NONINCAPACITATING INJURY","1","0","0","1","0","1","0","18","4","2","41.7565454141","-87.6634438529","POINT (-87.663443852852 41.756545414126)"
"fa8885f717ed046e45df571c797ca9ee311cfe1e9d20c7ae4a41bce54a2055de016fc54fcafecd4b1d7a4fbe056ff8f69a226c962d3e98c0c05d1c4968f5290c","Y","2026-02-18T18:03:00.000","50","NO CONTROLS","NO CONTROLS","CLEAR","DARKNESS, LIGHTED ROAD","SIDESWIPE SAME DIRECTION","RAMP",,"STRAIGHT AND LEVEL","DRY","NO DEFECTS","ON SCENE","NO INJURY / DRIVE AWAY",,,,"$501 - $1,500","2026-02-18T18:03:00.000","UNABLE TO DETERMINE","NOT APPLICABLE","1401","E","130TH ST","434",,,,,,,"2","NO INDICATION OF INJURY","0","0","0","0","0","2","0","18","4","2","41.660281977","-87.5889810063","POINT (-87.588981006312 41.66028197697)"
"3957f28c063b4b002e3b968cf5522829f38479a9baa08eb2a8503305a81067040626ab4f505985d3734d062c14c2c2d8e2462fb3283946a6115ac1f2b243ec14",,"2026-02-18T18:00:00.000","30","TRAFFIC SIGNAL","FUNCTIONING PROPERLY","CLEAR","DARKNESS, LIGHTED ROAD","TURNING","FIVE POINT, OR MORE",,"STRAIGHT AND LEVEL","DRY","NO DEFECTS","NOT ON SCENE (DESK REPORT)","NO INJURY / DRIVE AWAY","Y",,,"OVER $1,500","2026-02-18T19:00:00.000","DRIVING SKILLS/KNOWLEDGE/EXPERIENCE","NOT APPLICABLE","3930","N","CICERO AVE","1634",,,,,,,"2","NO INDICATION OF INJURY","0","0","0","0","0","2","0","18","4","2","41.9525185607","-87.7474397308","POINT (-87.747439730754 41.952518560711)"
"5f3a56f163f267ef608092a57ee570eb7e03e80d62ef15179e04b1805803a3c94e80ad7be2d9caf79b3961d5b3019485a0b3b6cf140501a0c04624c242ea725b",,"2026-02-18T18:00:00.000","30","NO CONTROLS","NO CONTROLS","CLEAR","DARKNESS, LIGHTED ROAD","REAR END","NOT DIVIDED",,"STRAIGHT AND LEVEL","DRY","NO DEFECTS","ON SCENE","NO INJURY / DRIVE AWAY",,,,"$501 - $1,500","2026-02-18T18:04:00.000","FOLLOWING TOO CLOSELY","UNABLE TO DETERMINE","3104","W","MONTROSE AVE","1724",,,,,,,"2","NO INDICATION OF INJURY","0","0","0","0","0","2","0","18","4","2","41.9613110522","-87.706020995","POINT (-87.706020994975 41.961311052178)"
"6ae54a8a92628247f19499d402db3b133d109abc18b3916ee1fbd52a127e9bcf04d25f53229e47ad11dce3bf7b1f834f28a8d927a6240b156c241896a43867f1",,"2026-02-18T18:00:00.000","30","NO CONTROLS","NO CONTROLS","CLEAR","DARKNESS, LIGHTED ROAD","SIDESWIPE SAME DIRECTION","FOUR WAY",,"STRAIGHT AND LEVEL","DRY","NO DEFECTS","NOT ON SCENE (DESK REPORT)","NO INJURY / DRIVE AWAY",,,"Y","OVER $1,500","2026-02-19T07:00:00.000","UNABLE TO DETERMINE","NOT APPLICABLE","1941","N","ASHLAND AVE","1433",,,,,,,"2","NO INDICATION OF INJURY","0","0","0","0","0","2","0","18","4","2","41.9173539973","-87.6676360161","POINT (-87.667636016088 41.917353997334)"
"6d39890b25018af8ea4b038e32333904bf99453bb52615b50ef18df445a26e0087e4044ea96ac91aeea485907d67feaaa6c4d00076c3f5cabc077a65354357b5",,"2026-02-18T18:00:00.000","25","UNKNOWN","UNKNOWN","UNKNOWN","UNKNOWN","SIDESWIPE SAME DIRECTION","NOT DIVIDED",,"STRAIGHT AND LEVEL","UNKNOWN","UNKNOWN","NOT ON SCENE (DESK REPORT)","NO INJURY / DRIVE AWAY",,,,"OVER $1,500","2026-02-18T18:43:00.000","NOT APPLICABLE","NOT APPLICABLE","1232","W","NORTH AVE","1433",,,,,,,"2","NO INDICATION OF INJURY","0","0","0","0","0","2","0","18","4","2","41.910875544","-87.6582782399","POINT (-87.658278239858 41.910875543991)"
"c51c028d54de42d871816f1df97c211bbcfb9df4cf4af994349dc9dbc06b641a00735816139e075a337399c60528a2f98af8d85d725d3bc5594452d525488ff4",,"2026-02-18T18:00:00.000","25","STOP SIGN/FLASHER","FUNCTIONING PROPERLY","CLEAR","DARKNESS, LIGHTED ROAD","PARKED MOTOR VEHICLE","NOT DIVIDED",,"STRAIGHT AND LEVEL","UNKNOWN","NO DEFECTS","NOT ON SCENE (DESK REPORT)","NO INJURY / DRIVE AWAY",,,"Y","OVER $1,500","2026-02-23T15:04:00.000","UNABLE TO DETERMINE","UNABLE TO DETERMINE","4601","N","HARDING AVE","1723",,,,,,,"2","NO INDICATION OF INJURY","0","0","0","0","0","1","0","18","4","2","41.9647020623","-87.7265607891","POINT (-87.726560789056 41.964702062294)"
"c66694fe91f095c262361c7716fed2ebd2f1ce0b0e2a2d6bd03ec5f59521c58acc20aea9630d939af2461316e56bc73c6b2089a78ec5928de608aff0a10d4ce3",,"2026-02-18T18:00:00.000","30","UNKNOWN","UNKNOWN","UNKNOWN","UNKNOWN","PARKED MOTOR VEHICLE","NOT DIVIDED",,"STRAIGHT AND LEVEL","UNKNOWN","UNKNOWN","NOT ON SCENE (DESK REPORT)","NO INJURY / DRIVE AWAY",,,,"$500 OR LESS","2026-02-19T17:42:00.000","DRIVING SKILLS/KNOWLEDGE/EXPERIENCE","UNABLE TO DETERMINE","85","E","WACKER DR","111",,,,,,,"2","NO INDICATION OF INJURY","0","0","0","0","0","1","0","18","4","2","41.8880962904","-87.625177279","POINT (-87.625177278957 41.888096290382)"