"crash_record_id","crash_date_est_i","crash_date","posted_speed_limit","traffic_control_device","device_condition","weather_condition","lighting_condition","first_crash_type","trafficway_type","lane_cnt","alignment","roadway_surface_cond","road_defect","report_type","crash_type","intersection_related_i","private_property_i","hit_and_run_i","damage","date_police_notified","prim_contributory_cause","sec_contributory_cause","street_no","street_direction","street_name","beat_of_occurrence","photos_taken_i","statements_taken_i","dooring_i","work_zone_i","work_zone_type","workers_present_i","num_units","most_severe_injury","injuries_total","injuries_fatal","injuries_incapacitating","injuries_non_incapacitating","injuries_reported_not_evident","injuries_no_indication","injuries_unknown","crash_hour","crash_day_of_week","crash_month","latitude","longitude","location"
"d19d49027da5ebde58eb238480273f289c788d66875c961a1567cb00d2bf3c5fdb40b5e1eb5ad00efabdf363104e24102155f1c1a25188b8f17b6a22f412e51e",,"2026-02-18T18:00:00.000","30","NO CONTROLS","NO CONTROLS","CLEAR","DARKNESS","PARKED MOTOR VEHICLE","NOT DIVIDED",,"STRAIGHT AND LEVEL","DRY","NO DEFECTS","ON SCENE","NO INJURY / DRIVE AWAY",,,,"OVER $1,500","2026-02-18T18:04:00.000","NOT APPLICABLE","NOT APPLICABLE","6450","N","CALDWELL AVE","1621",,,,,,,"2","NO INDICATION OF INJURY","0","0","0","0","0","1","0","18","4","2","41.9981345046","-87.7687801649","POINT (-87.768780164943 41.998134504556)"
"c8852b1f60f0d85e6de21bc0c44ebb8b7f7eb296dc641a2bbf1723a0a27e7684ea2682ba1c2e98924232664bf825c105a4cdcff1802701633f355fd8a335a35f",,"2026-02-18T17:58:00.000","30","FLASHING CONTROL SIGNAL","FUNCTIONING PROPERLY","CLEAR","DARKNESS, LIGHTED ROAD","PEDESTRIAN","DIVIDED - W/MEDIAN BARRIER",,"STRAIGHT AND LEVEL","DRY","NO DEFECTS","ON SCENE","INJURY AND / OR TOW DUE TO CRASH","Y",,,"OVER $1,500","2026-02-18T18:00:00.000","FAILING TO REDUCE SPEED TO AVOID CRASH","NOT APPLICABLE","5416","W","NORTH AVE","2532",,,,,,,"2","REPORTED, NOT EVIDENT","1","0","0","0","1","1","0","17","4","2","41.9095388041","-87.761355326","POINT (-87.761355325978 41.909538804093)"
"0d4d69ac279e17bb6ea4d2f6d3cbb8e945190a984d21175a6471855f4391a71348877f67cf314185a57281b773c246bd682d34477251baa86beec9dc60a372d8",,"2026-02-18T17:55:00.000","30","TRAFFIC SIGNAL","FUNCTIONING PROPERLY","CLEAR","DARKNESS, LIGHTED ROAD","REAR END","ONE-WAY",,"STRAIGHT AND LEVEL","DRY","NO DEFECTS","NOT ON SCENE (DESK REPORT)","NO INJURY / DRIVE AWAY",,,"Y","$501 - $1,500","2026-02-18T18:07:00.000","NOT APPLICABLE","NOT APPLICABLE","5500","S","WELLS ST","711",,,,,,,"2","NO INDICATION OF INJURY","0","0","0","0","0","5","0","17","4","2","41.7941994854","-87.6319254825","POINT (-87.631925482492 41.794199485414)"
"5fcb3bde0f1332c0af77e1b13f6c1e13c7ba684e5fcfad5c2355fc2ebac7f00cc80f1ca4a092033bca74c99daec05f5055407c280014d0a7baf82d37c54ec625",,"2026-02-18T17:52:00.000","30","TRAFFIC SIGNAL","FUNCTIONING PROPERLY","CLEAR","DAYLIGHT","REAR END","FOUR WAY",,"STRAIGHT AND LEVEL","DRY","NO DEFECTS","NOT ON SCENE (DESK REPORT)","NO INJURY / DRIVE AWAY","Y",,"Y","OVER $1,500","2026-02-18T21:00:00.000","UNABLE TO DETERMINE","HAD BEEN DRINKING (USE WHEN ARREST IS NOT MADE)","2011","S","CANALPORT AVE","1235",,,,,,,"2","NO INDICATION OF INJURY","0","0","0","0","0","4","0","17","4","2","41.8554098503","-87.6447778917","POINT (-87.644777891689 41.855409850302)"
"4ef8a37a348a28ace5a6e4a1870e876d9e8b8d778d0a5e0666d13e1b8ddeaf6b8aeb630c5011feef9179b3053e0e0c8a145cfb858633bccc809885f00b2e8ac1",,"2026-02-18T17:50:00.000","35","TRAFFIC SIGNAL","FUNCTIONING PROPERLY","UNKNOWN","DARKNESS, LIGHTED ROAD","TURNING","Y-INTERSECTION",,"STRAIGHT AND LEVEL","UNKNOWN","UNKNOWN","NOT ON SCENE (DESK REPORT)","NO INJURY / DRIVE AWAY","Y",,,"OVER $1,500","2026-02-18T18:35:00.000","UNABLE TO DETERMINE","UNABLE TO DETERMINE","7100","S","SOUTH CHICAGO AVE","323",,,,,,,"2","NO INDICATION OF INJURY","0","0","0","0","0","2","0","17","4","2","41.7657167263","-87.605584027","POINT (-87.605584026987 41.765716726294)"
"5640e49de267736a09edb66a9c0cb465d9cb8c372529fb9519f48a2a09741d2872c1e7b5238cd4969add424412a72d11f28e7500ffee2b838fd94af2abe14a96",,"2026-02-18T17:45:00.000","45","TRAFFIC SIGNAL","FUNCTIONING PROPERLY","CLEAR","DARKNESS, LIGHTED ROAD","REAR END","DIVIDED - W/MEDIAN BARRIER",,"STRAIGHT AND LEVEL","DRY","NO DEFECTS","NOT ON SCENE (DESK REPORT)","NO INJURY / DRIVE AWAY",,,,"OVER $1,500","2026-02-19T07:00:00.000","FOLLOWING TOO CLOSELY","UNABLE TO DETERMINE","301","S","LAKE SHORE DR SB","114",,,,,,,"2","NO INDICATION OF INJURY","0","0","0","0","0","2","0","17","4","2","41.8783170107","-87.6170521254","POINT (-87.617052125371 41.878317010667)"
"6cb2f2b728d09a329a7d5580be75c09613563f9575b50cb0273faceac3b959e5da7f2613fe4efa096704d2f0b7301ce55ab1d56b56f622c9a650c1103a36581d",,"2026-02-18T17:40:00.000","30","NO CONTROLS","NO CONTROLS","CLEAR","DAYLIGHT","TURNING","FOUR WAY",,"STRAIGHT AND LEVEL","DRY","NO DEFECTS","NOT ON SCENE (DESK REPORT)","NO INJURY / DRIVE AWAY",,,"Y","OVER $1,500","2026-02-18T20:04:00.000","FAILING TO REDUCE SPEED TO AVOID CRASH","NOT APPLICABLE","100","E","103RD ST","511",,,,,,,"2","NO INDICATION OF INJURY","0","0","0","0","0","2","0","17","4","2","41.7073259318","-87.6201338671","POINT (-87.620133867078 41.707325931756)"
"d031126e5fcee49e0710a70641b3eaf59d358f54b643a849cbaafcb18a773f77988abd91f1a531abe14da51013b5335443c8eff00c6dd29a58d49caf5485e484",,"2026-02-18T17:40:00.000","45","TRAFFIC SIGNAL","FUNCTIONING PROPERLY","RAIN","DUSK","REAR END","T-INTERSECTION",,"STRAIGHT AND LEVEL","DRY","NO DEFECTS","NOT ON SCENE (DESK REPORT)","NO INJURY / DRIVE AWAY","Y",,"Y","OVER $1,500","2026-02-18T18:30:00.000","FOLLOWING TOO CLOSELY","UNABLE TO DETERMINE","128","N","LAKE SHORE DR SB","114",,,,,,,"2","NO INDICATION OF INJURY","0","0","0","0","0","2","0","17","4","2","41.8838184302","-87.6151430391","POINT (-87.615143039143 41.883818430218)"
"965f95408d816848c6355032373cc046ecad8f3f2b7a7ea7bcee5f07111271577dfc2069f5ef0feaca63e0eeae52da2d51c82955b748291416d8c818be8abfea",,"2026-02-18T17:38:00.000","30","NO CONTROLS","NO CONTROLS","CLEAR","DAYLIGHT","REAR END","NOT DIVIDED",,"STRAIGHT AND LEVEL","DRY","UNKNOWN","NOT ON SCENE (DESK REPORT)","NO INJURY / DRIVE AWAY",,,,"OVER $1,500","2026-02-19T14:02:00.000","FOLLOWING TOO CLOSELY","NOT APPLICABLE","11100","S","KEDZIE AVE","2211",,,,,,,"2","NO INDICATION OF INJURY","0","0","0","0","0","2","0","17","4","2","41.6914734717","-87.7009706451","POINT (-87.700970645109 41.691473471692)"
"86f0100157fa0497d89e06ce2fc0dcf013087248367ceb0edabdd9d4f0bb574644f8d569884be65aceef2b1531f20b2e0ba1066909f6e7e0bceb7a5d858795b9",,"2026-02-18T17:37:00.000","30","NO CONTROLS","NO CONTROLS","CLEAR","DARKNESS, LIGHTED ROAD","SIDESWIPE SAME DIRECTION","NOT DIVIDED",,"STRAIGHT AND LEVEL","DRY","NO DEFECTS","NOT ON SCENE (DESK REPORT)","NO INJURY / DRIVE AWAY","Y",,,"$501 - $1,500","2026-02-18T19:00:00.000","IMPROPER LANE USAGE","NOT APPLICABLE","5321","W","NORTH AVE","2532",,,,,,,"2","NO INDICATION OF INJURY","0","0","0","0","0","2","0","17","4","2","41.9093504619","-87.7589609471","POINT (-87.758960947131 41.909350461855)"
"1b566c58a22f0d6102d02912e1b3ee2ec61d1ec0b260c7f04de10d3e0065a876ae8fcda8496c2fe43e8c7b9ebeae52bb813cac092ce03e23abc71f7336d811fd",,"2026-02-18T17:30:00.000","30","TRAFFIC SIGNAL","FUNCTIONING PROPERLY","CLEAR","DAYLIGHT","TURNING","FOUR WAY",,"STRAIGHT AND LEVEL","DRY","UNKNOWN","NOT ON SCENE (DESK REPORT)","NO INJURY / DRIVE AWAY","Y",,,"$501 - $1,500","2026-02-18T18:30:00.000","IMPROPER TURNING/NO SIGNAL","NOT APPLICABLE","5959","N","CICERO AVE","1711",,,,,,,"2","NO INDICATION OF INJURY","0","0","0","0","0","2","0","17","4","2","41.9898415584","-87.748178877","POINT (-87.748178877035 41.989841558424)"
"36f553c05a4846a7d361bb57d2b5d149aae2a50ef3ae2ab15e6c343d9ac12956ce2f8af18b5dd5f324dc992273000eb648a5b6c52656fe8c4e7a181c540f65de",,"2026-02-18T17:30:00.000","30","NO CONTROLS","NO CONTROLS","CLEAR","DAYLIGHT","SIDESWIPE SAME DIRECTION","NOT DIVIDED",,"STRAIGHT AND LEVEL","DRY","NO DEFECTS","NOT ON SCENE (DESK REPORT)","NO INJURY / DRIVE AWAY",,,,"OVER $1,500","2026-02-19T10:58:00.000","UNABLE TO DETERMINE","NOT APPLICABLE","5800","W","NORTH AVE","2531",,,,,,,"2","NO INDICATION OF INJURY","0","0","0","0","0","2","0","17","4","2","41.9094281812","-87.7703056148","POINT (-87.770305614794 41.90942818121)"
"7783bc543a34afe8dbf91e269ce3f8af19029a4890e0deb3ddc46259007977c4eb2cd27326fc91b52b4938142e1953a494b291cc2dbbb691143d39ce7c87b9d1",,"2026-02-18T17:30:00.000","30","NO CONTROLS","NO CONTROLS","CLEAR","DARKNESS, LIGHTED ROAD","PARKED MOTOR VEHICLE","ONE-WAY",,"STRAIGHT AND LEVEL","DRY","NO DEFECTS","ON SCENE","NO INJURY / DRIVE AWAY",,,"Y","OVER $1,500","2026-02-18T17:57:00.000","UNABLE TO DETERMINE","NOT APPLICABLE","1325","N","LONG AVE","2532",,,,,,,"2","NO INDICATION OF INJURY","0","0","0","0","0","1","0","17","4","2","41.9048012427","-87.7608894925","POINT (-87.760889492474 41.904801242674)"
"8a339a3746e586b7ba61a92a0d6094908233709fbbcdb66f0d29547f866c5144ba111384834a1fa0db8cf3d90d4a0e2ec727016498da723204e22ad6718a0b83",,"2026-02-18T17:30:00.000","25","NO CONTROLS","NO CONTROLS","CLEAR","DARKNESS, LIGHTED ROAD","PARKED MOTOR VEHICLE","NOT DIVIDED",,"STRAIGHT AND LEVEL","DRY","NO DEFECTS","ON SCENE","NO INJURY / DRIVE AWAY",,,,"$500 OR LESS","2026-02-18T18:44:00.000","FAILING TO YIELD RIGHT-OF-WAY","NOT APPLICABLE","3701","S","SPAULDING AVE","911",,,,,,,"2","NO INDICATION OF INJURY","0","0","0","0","0","1","0","17","4","2","41.8260049299","-87.706780766","POINT (-87.706780765984 41.826004929913)"
"ab5a070b060ea7dc49524de08575da08344acdfec6a42ca01f4b8766a7bfc0cab083701e3df7bde0207974e0fd005f21643f61f55ea6802d7d107c2876176b8e",,"2026-02-18T17:30:00.000","30","NO CONTROLS","NO CONTROLS","UNKNOWN","DAYLIGHT","PARKED MOTOR VEHICLE","NOT DIVIDED",,"STRAIGHT AND LEVEL","DRY","UNKNOWN","NOT ON SCENE (DESK REPORT)","NO INJURY / DRIVE AWAY",,,"Y","OVER $1,500","2026-02-19T11:00:00.000","UNABLE TO DETERMINE","UNABLE TO DETERMINE","6524","W","63RD ST","812",,,,,,,"2","NO INDICATION OF INJURY","0","0","0","0","0","1","0","17","4","2","41.7777344374","-87.7847876386","POINT (-87.7847876386 41.777734437382)"
"9b5119d14432224faf4c3359d5c4197277ae6c6c256a88a002b5eac4c7781a88fc67b9203b1ee1a0f0e066a4bfad02f1ad12d280b7cda1923c94073fb7574e1f",,"2026-02-18T17:29:00.000","30","TRAFFIC SIGNAL","FUNCTIONING PROPERLY","CLEAR","DARKNESS","REAR END","ONE-WAY",,"STRAIGHT AND LEVEL","DRY","NO DEFECTS","NOT ON SCENE (DESK REPORT)","NO INJURY / DRIVE AWAY",,,,"OVER $1,500","2026-02-18T18:00:00.000","UNABLE TO DETERMINE","NOT APPLICABLE","1528","W","VAN BUREN ST","1231",,,,,,,"2","NO INDICATION OF INJURY","0","0","0","0","0","2","0","17","4","2","41.8764817406","-87.6654453714","POINT (-87.66544537139 41.876481740606)"
"7481168f7bdc7c32bba5e460886bb60047002ada748be916e60f6a5b91566004751d2b1ebd5b0bae56814a75adfc1ea5cba52789a6c65cbad4ec3963353e5c51",,"2026-02-18T17:25:00.000","30","TRAFFIC SIGNAL","FUNCTIONING PROPERLY","CLEAR","DAYLIGHT","REAR TO FRONT","DIVIDED - W/MEDIAN BARRIER",,"STRAIGHT AND LEVEL","DRY","NO DEFECTS","NOT ON SCENE (DESK REPORT)","NO INJURY / DRIVE AWAY","Y",,,"OVER $1,500","2026-02-18T18:35:00.000","IMPROPER BACKING","NOT APPLICABLE","2371","E","130TH ST","434",,,,,,,"2","NO INDICATION OF INJURY","0","0","0","0","0","3","0","17","4","2","41.6590670184","-87.5657493386","POINT (-87.565749338591 41.659067018433)"
"17408b46e471dfd68382d8e4c2435fe6fbe2d93218f6db2e13456dc023b723b6d43607e2121cc96385659bfeb9eeb1588a2e7316540414281e06bec099d202d3",,"2026-02-18T17:24:00.000","25","NO CONTROLS","NO CONTROLS","CLEAR","DARKNESS, LIGHTED ROAD","TURNING","DIVIDED - W/MEDIAN (NOT RAISED)",,"STRAIGHT AND LEVEL","DRY","NO DEFECTS","ON SCENE","INJURY AND / OR TOW DUE TO CRASH",,,,"OVER $1,500","2026-02-18T18:02:00.000","FAILING TO YIELD RIGHT-OF-WAY","IMPROPER TURNING/NO SIGNAL","1950","W","DEVON AVE","2412",,,,,,,"2","NO INDICATION OF INJURY","0","0","0","0","0","2","0","17","4","2","41.9980293831","-87.6788620691","POINT (-87.678862069146 41.998029383085)"
"ea8f0197b4745da059991a4bb1e913749d0aa8b91cfccefe4e45b7d9d1f3fb600cd1a03a012c85e6931066e2d9675af7411999792683a2e76f4684b2a38f3f1d",,"2026-02-18T17:24:00.000","30","TRAFFIC SIGNAL","FUNCTIONING PROPERLY","CLEAR","DAYLIGHT","REAR END","NOT DIVIDED",,"STRAIGHT AND LEVEL","DRY","NO DEFECTS","ON SCENE","NO INJURY / DRIVE AWAY","Y",,,"OVER $1,500","2026-02-18T17:42:00.000","DISTRACTION - FROM INSIDE VEHICLE","NOT APPLICABLE","220","S","PULASKI RD","1115",,,,,,,"2","NO INDICATION OF INJURY","0","0","0","0","0","2","0","17","4","2","41.8772629461","-87.7256987851","POINT (-87.725698785072 41.877262946125)"
"d9176fbcc2fdfdcf536bb00880aaf8734560719e4eb24dcead10d0ee9a828d96c1a51ff15f93ccca90edcf124587fdbaf940b432ed5c515290a45a9bf383c077",,"2026-02-18T17:21:00.000","25","STOP SIGN/FLASHER","FUNCTIONING PROPERLY","CLEAR","DARKNESS, LIGHTED ROAD","TURNING","FOUR WAY",,"STRAIGHT AND LEVEL","DRY","NO DEFECTS","ON SCENE","INJURY AND / OR TOW DUE TO CRASH","Y",,,"OVER $1,500","2026-02-18T17:34:00.000","FAILING TO YIELD RIGHT-OF-WAY","NOT APPLICABLE","5934","W","DIVISION ST","2531",,,,,,,"2","NO INDICATION OF INJURY","0","0","0","0","0","3","0","17","4","2","41.9021242078","-87.7742965829","POINT (-87.774296582922 41.902124207818)"
"55b6a46f1055607b501b63180bcc62c65946a0122ba106f1ca37fae145733d66d8a67f10c5d782325c24ea736d82ac916eae288414013c4336b6468435e27703",,"2026-02-18T17:10:00.000","30","STOP SIGN/FLASHER","FUNCTIONING PROPERLY","CLEAR","DAYLIGHT","PEDESTRIAN","NOT DIVIDED",,"STRAIGHT AND LEVEL","DRY","NO DEFECTS","ON SCENE","INJURY AND / OR TOW DUE TO CRASH","Y",,"Y","$500 OR LESS","2026-02-18T17:12:00.000","DRIVING SKILLS/KNOWLEDGE/EXPERIENCE","NOT APPLICABLE","1058","E","OAKWOOD BLVD","212",,,,,,,"2","NONINCAPACITATING INJURY","1","0","0","1","0","1","0","17","4","2","41.8255713234","-87.5997902305","POINT (-87.599790230531 41.825571323354)"
"81f361501d560c8471750e777267e81d79893be2b5af57cd99af75d55faef777236b116fdb8e87cb2f825651077c5469e593fd2f68a14e29857d5189d77107c8",,"2026-02-18T17:10:00.000","30","NO CONTROLS","NO CONTROLS","CLEAR","DARKNESS, LIGHTED ROAD","SIDESWIPE SAME DIRECTION","NOT DIVIDED",,"STRAIGHT AND LEVEL","DRY","WORN SURFACE","ON SCENE","NO INJURY / DRIVE AWAY",,,,"OVER $1,500","2026-02-18T17:14:00.000","NOT APPLICABLE","NOT APPLICABLE","4134","S","WESTERN AVE","921",,,,,,,"2","NO INDICATION OF INJURY","0","0","0","0","0","6","0","17","4","2","41.8182597268","-87.6848390214","POINT (-87.684839021358 41.818259726826)"
"5816f582bb533e5984cbdc1b23124967d2f02704073ba3c083817317a87c9eacedefe68a52c5b65fc682bb64dbc0e2348b52bb8ccfb6313f141aa9edde8f3015",,"2026-02-18T17:02:00.000","30","STOP SIGN/FLASHER","FUNCTIONING PROPERLY","CLEAR","DAYLIGHT","TURNING","FOUR WAY",,"STRAIGHT AND LEVEL","DRY","UNKNOWN","ON SCENE","NO INJURY / DRIVE AWAY","Y",,,"OVER $1,500","2026-02-18T17:02:00.000","FAILING TO YIELD RIGHT-OF-WAY","NOT APPLICABLE","2800","N","NEWLAND AVE","2511",,,,,,,"2","NO INDICATION OF INJURY","0","0","0","0","0","5","0","17","4","2","41.9308825047","-87.799290803","POINT (-87.799290802968 41.930882504716)"
"dab494714f31c1a81b8ba67967de0dfddc9f38462f634bf1ea61c6c7c43c24bf143a54f5753ee1bf59513c0cdcdcccfe5bddd1f2499e639107a657c392912472",,"2026-02-18T17:01:00.000","30","UNKNOWN","UNKNOWN","CLEAR","DAYLIGHT","SIDESWIPE SAME DIRECTION","NOT DIVIDED",,"STRAIGHT AND LEVEL","DRY","UNKNOWN","NOT ON SCENE (DESK REPORT)","NO INJURY / DRIVE AWAY",,,,"OVER $1,500","2026-02-18T18:30:00.000","NOT APPLICABLE","NOT APPLICABLE","440","S","ASHLAND AVE","1231",,,,,,,"2","NO INDICATION OF INJURY","0","0","0","0","0","2","0","17","4","2","41.875237013","-87.6667752559","POINT (-87.666775255854 41.875237013043)"
"3d27166be1c896d6c2ab4dfed15c757410fca113281072cfafb85d5ac38e0eafa365ff0f8d19e569a10857be84527174279be17b92e6c9af2ee77d9ad241c186",,"2026-02-18T17:00:00.000","30","TRAFFIC SIGNAL","FUNCTIONING PROPERLY","UNKNOWN","DARKNESS, LIGHTED ROAD","SIDESWIPE SAME DIRECTION","NOT DIVIDED",,"STRAIGHT AND LEVEL","UNKNOWN","UNKNOWN","NOT ON SCENE (DESK REPORT)","NO INJURY / DRIVE AWAY",,,,"OVER $1,500","2026-02-21T17:05:00.000","IMPROPER LANE USAGE","NOT APPLICABLE","805","W","NORTH AVE","1822",,,,,,,"2","NO INDICATION OF INJURY","0","0","0","0","0","3","0","17","4","2","41.9108064463","-87.6485148002","POINT (-87.648514800196 41.910806446338)"
"5f65a3a7fd0c3684b572a2e91a97e1cfcf036d11db1eb2ed0d179f625d2a3863bc90e48b7bc0034375468ce6f7d8b5a0b8e3a21ccdef43ca01520b164ebc059a",,"2026-02-18T17:00:00.000","30","NO CONTROLS","NO CONTROLS","CLEAR","DAYLIGHT","SIDESWIPE SAME DIRECTION","NOT DIVIDED",,"STRAIGHT AND LEVEL","DRY","NO DEFECTS","NOT ON SCENE (DESK REPORT)","NO INJURY / DRIVE AWAY",,,,"$501 - $1,500","2026-02-18T17:20:00.000","FAILING TO YIELD RIGHT-OF-WAY","NOT APPLICABLE","4004","W","DIVISION ST","2534",,,,,,,"2","NO INDICATION OF INJURY","0","0","0","0","0","2","0","17","4","2","41.9027751982","-87.7265529668","POINT (-87.72655296683 41.902775198179)"
"6851bae8a05363968a4530cef5f055c5a0350994463523c383fc74665561135f027a32ede82fb049f79126324d1133d745d8ed8eeef1e602aa65932699ffa5d7","Y","2026-02-18T17:00:00.000","20","NO CONTROLS","NO CONTROLS","CLEAR","DAYLIGHT","PARKED MOTOR VEHICLE","ALLEY",,"STRAIGHT AND LEVEL","UNKNOWN","UNKNOWN","ON SCENE","NO INJURY / DRIVE AWAY",,,"Y","OVER $1,500","2026-02-19T08:21:00.000","PHYSICAL CONDITION OF DRIVER","UNABLE TO DETERMINE","1911","N","MOZART ST","1421",,,,,,,"2","NO INDICATION OF INJURY","0","0","0","0","0","1","0","17","4","2","41.916039759","-87.6980411015","POINT (-87.698041101469 41.916039758987)"
"1568f168fc8194dff2062fb207d79aa369265aa31f959d31325442ca754a13a2b276bbf81101d2fe0e20e4cdb8d19f6f627a093fd4ad8e7282dc8570083224ed",,"2026-02-18T16:57:00.000","30","STOP SIGN/FLASHER","FUNCTIONING PROPERLY","CLEAR","DAYLIGHT","TURNING","FOUR WAY",,"STRAIGHT AND LEVEL","DRY","NO DEFECTS","ON SCENE","NO INJURY / DRIVE AWAY","Y",,,"OVER $1,500","2026-02-18T16:58:00.000","UNABLE TO DETERMINE","NOT APPLICABLE","300","W","37TH ST","915",,,,,,,"2","NO INDICATION OF INJURY","0","0","0","0","0","2","0","16","4","2","41.8273727265","-87.6339721767","POINT (-87.633972176687 41.827372726457)"
"921721d8da219c84926f4e7d0e1132ae8b32186719f1ef76cf14dc65d29dc4881e3ef483531c49d9a1e8c47d96d1fcbb4e7230d1d3ecd93df0622709f97a8871",,"2026-02-18T16:55:00.000","30","STOP SIGN/FLASHER","FUNCTIONING PROPERLY","CLEAR","DAYLIGHT","PARKED MOTOR VEHICLE","ONE-WAY",,"STRAIGHT AND LEVEL","DRY","NO DEFECTS","ON SCENE","NO INJURY / DRIVE AWAY",,,,"$500 OR LESS","2026-02-18T16:57:00.000","NOT APPLICABLE","NOT APPLICABLE","3335","W","SCHUBERT AVE","1412",,,,,,,"2","NO INDICATION OF INJURY","0","0","0","0","0","6","0","16","4","2","41.9300483461","-87.7121823878","POINT (-87.712182387799 41.93004834611)"
"7c1c82f1109deb69329f422b706ff4b69cd63f8b5d2cf6fb02105204ec1a39aa2e917e152b5f2d9cf5c20854e889b5da03b1ac0fefbf3db4f32b410c62c6e860","Y","2026-02-18T16:50:00.000","30","NO CONTROLS","NO CONTROLS","CLEAR","DAYLIGHT","TURNING","FOUR WAY",,"STRAIGHT AND LEVEL","DRY","NO DEFECTS","NOT ON SCENE (DESK REPORT)","NO INJURY / DRIVE AWAY",,,,"$501 - $1,500","2026-02-18T17:00:00.000","FAILING TO REDUCE SPEED TO AVOID CRASH","NOT APPLICABLE","51","E","107TH ST","513",,,,,,,"2","NO INDICATION OF INJURY","0","0","0","0","0","2","0","16","4","2","41.6997922026","-87.6213191374","POINT (-87.621319137387 41.699792202586)"
"a2ddbbb49e8d08a7e999e42a5ea73a29e4fd4e8d26f31d937f1939f30dce530782fd03897a45f21b64cd21be261a2ae61edf6f9148cc196fdd544147a503888e",,"2026-02-18T16:50:00.000","30","TRAFFIC SIGNAL","FUNCTIONING PROPERLY","CLEAR","DAYLIGHT","SIDESWIPE SAME DIRECTION","NOT DIVIDED",,"STRAIGHT AND LEVEL","DRY","NO DEFECTS","NOT ON SCENE (DESK REPORT)","NO INJURY / DRIVE AWAY",,,,"OVER $1,500","2026-02-18T17:00:00.000","UNABLE TO DETERMINE","NOT APPLICABLE","523","S","CALIFORNIA AVE","1135",,,,,,,"2","NO INDICATION OF INJURY","0","0","0","0","0","2","0","16","4","2","41.8741611724","-87.6959649572","POINT (-87.695964957186 41.874161172401)"
"2d28beab21b49b1dde58088df0922c057dc0b83564343bd545e5a6fb12dbbe36409888ca14594b8c96bf7f936ea59043f5193ad5caceac78705a4ba0a431aae3",,"2026-02-18T16:47:00.000","30","NO CONTROLS","NO CONTROLS","CLEAR","DAYLIGHT","REAR END","NOT DIVIDED",,"STRAIGHT AND LEVEL","DRY","NO DEFECTS","NOT ON SCENE (DESK REPORT)","INJURY AND / OR TOW DUE TO CRASH",,,,"$501 - $1,500","2026-02-18T17:20:00.000","FOLLOWING TOO CLOSELY","UNABLE TO DETERMINE","6915","W","IRVING PARK RD","1632",,,,,,,"2","REPORTED, NOT EVIDENT","1","0","0","0","1","1","0","16","4","2","41.9526345601","-87.799404864","POINT (-87.799404863957 41.952634560108)"
"40e87965da0fa7343ebc0660378744ea4dbac4ce21fbba05c5e6b044d818d96121d978c2d58354f079e8dde808e4d3e8af53f1640b3a450df589cd40107ee993",,"2026-02-18T16:45:00.000","30","NO CONTROLS","NO CONTROLS","UNKNOWN","DAYLIGHT","SIDESWIPE SAME DIRECTION","NOT DIVIDED",,"STRAIGHT AND LEVEL","UNKNOWN","UNKNOWN","NOT ON SCENE (DESK REPORT)","NO INJURY / DRIVE AWAY",,,,"$501 - $1,500","2026-02-19T09:10:00.000","UNABLE TO DETERMINE","UNABLE TO DETERMINE","30","W","MARQUETTE RD","722",,,,,,,"2","NO INDICATION OF INJURY","0","0","0","0","0","2","0","16","4","2","41.7728038065","-87.626448256","POINT (-87.626448256009 41.772803806463)"
"a1c596ed6a2c56ff6dd5064d8efb1264cd8ed96057b20898649ab635c67e9580d7ba6b24ffb359244fe548897a45e27eaf7eeca59f29a7d3a8520c069dd151eb",,"2026-02-18T16:45:00.000","30","TRAFFIC SIGNAL","FUNCTIONING PROPERLY","CLEAR","DAYLIGHT","REAR END","CENTER TURN LANE",,"STRAIGHT AND LEVEL","DRY","NO DEFECTS","ON SCENE","NO INJURY / DRIVE AWAY",,,,"OVER $1,500","2026-02-18T16:45:00.000","FOLLOWING TOO CLOSELY","UNABLE TO DETERMINE","2219","S","PULASKI RD","1013",,,,,,,"2","NO INDICATION OF INJURY","0","0","0","0","0","4","0","16","4","2","41.8508530191","-87.7245927535","POINT (-87.72459275348 41.850853019088)"
"c7c78cc598cfa648c1a2f3ec4a029e5c65f3148a7f6ffdbbd2523206e34b145a2e75a02fcbba98ad02c819fe7487b8900de95f5cd7a79d58e429714f064fb4da",,"2026-02-18T16:45:00.000","25","NO CONTROLS","NO CONTROLS","CLEAR","DAYLIGHT","PARKED MOTOR VEHICLE","ONE-WAY",,"STRAIGHT AND LEVEL","DRY","NO DEFECTS","NOT ON SCENE (DESK REPORT)","NO INJURY / DRIVE AWAY",,,,"OVER $1,500","2026-02-18T17:45:00.000","EQUIPMENT - VEHICLE CONDITION","EQUIPMENT - VEHICLE CONDITION","8055","S","MANISTEE AVE","422",,,,,,,"2","NO INDICATION OF INJURY","0","0","0","0","0","1","0","16","4","2","41.7484149664","-87.5575419581","POINT (-87.557541958076 41.748414966358)"