"crash_record_id","crash_date_est_i","crash_date","posted_speed_limit","traffic_control_device","device_condition","weather_condition","lighting_condition","first_crash_type","trafficway_type","lane_cnt","alignment","roadway_surface_cond","road_defect","report_type","crash_type","intersection_related_i","private_property_i","hit_and_run_i","damage","date_police_notified","prim_contributory_cause","sec_contributory_cause","street_no","street_direction","street_name","beat_of_occurrence","photos_taken_i","statements_taken_i","dooring_i","work_zone_i","work_zone_type","workers_present_i","num_units","most_severe_injury","injuries_total","injuries_fatal","injuries_incapacitating","injuries_non_incapacitating","injuries_reported_not_evident","injuries_no_indication","injuries_unknown","crash_hour","crash_day_of_week","crash_month","latitude","longitude","location"
"523a46e3749885a93b0304e81a0aafddf95ecfd568851606ed391c308ac4acbb2cce3b019f53974716ab4fae08d04248fc803a068eff26aec6a3729cd358ba97",,"2026-02-18T16:40:00.000","30","UNKNOWN","UNKNOWN","CLEAR","DAYLIGHT","ANGLE","NOT DIVIDED",,"STRAIGHT AND LEVEL","DRY","UNKNOWN","ON SCENE","INJURY AND / OR TOW DUE TO CRASH",,,,"OVER $1,500","2026-02-18T16:42:00.000","FAILING TO YIELD RIGHT-OF-WAY","NOT APPLICABLE","2198","E","93RD ST","413",,,,,,,"2","NONINCAPACITATING INJURY","1","0","0","1","0","2","0","16","4","2","41.726286519","-87.5706406801","POINT (-87.570640680112 41.726286519011)"
"80c8df744a6f4f71ff95c3c02dd21b24f80be6be51658ec8751c9d57bfda07d0464b82abebf609b876d829278cb5b8c8eebcf88755ed4e8dc80080be7efb1a49",,"2026-02-18T16:40:00.000","30","NO CONTROLS","NO CONTROLS","CLEAR","DAYLIGHT","SIDESWIPE SAME DIRECTION","NOT DIVIDED",,"STRAIGHT AND LEVEL","DRY","NO DEFECTS","NOT ON SCENE (DESK REPORT)","NO INJURY / DRIVE AWAY",,,"Y","OVER $1,500","2026-02-18T21:45:00.000","UNABLE TO DETERMINE","NOT APPLICABLE","808","N","LAKE SHORE DR","1833",,,,,,,"2","NO INDICATION OF INJURY","0","0","0","0","0","2","0","16","4","2","41.8970442338","-87.617358252","POINT (-87.617358252035 41.897044233767)"
"ddd022e592726ea077b00bee17345a18ef363ae9410a102c8a08c42d2582b91d8e31e082a46564f923cfc0aa7745ccae8ddaf6f28bf8c7b75dc67fe56131bc83",,"2026-02-18T16:40:00.000","30","NO CONTROLS","NO CONTROLS","CLEAR","DAYLIGHT","TURNING","NOT DIVIDED",,"STRAIGHT AND LEVEL","DRY","NO DEFECTS","ON SCENE","NO INJURY / DRIVE AWAY",,,"Y","OVER $1,500","2026-02-18T17:03:00.000","UNABLE TO DETERMINE","UNABLE TO DETERMINE","799","N","KEDZIE AVE","1221",,,,,,,"2","NO INDICATION OF INJURY","0","0","0","0","0","2","0","16","4","2","41.8954646591","-87.7064064593","POINT (-87.706406459259 41.895464659105)"
"3a97ad3ffd311ad95bca7dc4ae6da3f9555fb3ca6a80888de32fec0d66e56b45d1e821bd1f0a88dc607330ada466dc5b63ce523e11afd00cf9165b6b16c1d330",,"2026-02-18T16:35:00.000","30","TRAFFIC SIGNAL","FUNCTIONING PROPERLY","CLEAR","DAYLIGHT","REAR END","NOT DIVIDED",,"STRAIGHT AND LEVEL","DRY","NO DEFECTS","NOT ON SCENE (DESK REPORT)","NO INJURY / DRIVE AWAY",,,,"$500 OR LESS","2026-02-18T16:50:00.000","UNABLE TO DETERMINE","NOT APPLICABLE","9800","S","HALSTED ST","2223",,,,,,,"2","NO INDICATION OF INJURY","0","0","0","0","0","2","0","16","4","2","41.7158702032","-87.6432101395","POINT (-87.643210139548 41.715870203216)"
"8a4c5fda0fcd1692749e1b6cbb9acab51c6e51dfc6e4ce8ca3ec7b85bee2a74151eb476b1ec886502e14f1d8142384443a08401b1f2cdf1f9d4345921a921908",,"2026-02-18T16:35:00.000","25","NO CONTROLS","NO CONTROLS","CLEAR","DAWN","PARKED MOTOR VEHICLE","OTHER",,"STRAIGHT AND LEVEL","UNKNOWN","UNKNOWN","ON SCENE","NO INJURY / DRIVE AWAY",,,,"$501 - $1,500","2026-02-18T18:38:00.000","FAILING TO YIELD RIGHT-OF-WAY","UNABLE TO DETERMINE","8055","S","MANISTEE AVE","422",,,,,,,"2","NO INDICATION OF INJURY","0","0","0","0","0","1","0","16","4","2","41.7484149664","-87.5575419581","POINT (-87.557541958076 41.748414966358)"
"2da1afd8b037dcb6ad3528e6630b42d6b857f98d99b1628f52a751bb2600c058dc0df44fc04a0acc09c9a2c43fab0a50bc38b6dfe77fac474943adf941e27cc5",,"2026-02-18T16:29:00.000","30","TRAFFIC SIGNAL","FUNCTIONING PROPERLY","CLEAR","DAYLIGHT","REAR END","NOT DIVIDED",,"STRAIGHT AND LEVEL","DRY","NO DEFECTS","NOT ON SCENE (DESK REPORT)","INJURY AND / OR TOW DUE TO CRASH",,,,"OVER $1,500","2026-02-19T12:50:00.000","UNABLE TO DETERMINE","NOT APPLICABLE","377","W","BELMONT AVE","1934",,,,,,,"2","REPORTED, NOT EVIDENT","1","0","0","0","1","1","0","16","4","2","41.9400322387","-87.6394985253","POINT (-87.639498525284 41.94003223873)"
"3afc4dbe1321001a447c6882f7956c45e6349bd3f5d0f7d0568116c97ed607c0d47f94055803d3538dcf22900ff819486a2428314870614e51bfa80fe1a6d37b",,"2026-02-18T16:28:00.000","30","TRAFFIC SIGNAL","FUNCTIONING PROPERLY","CLEAR","DUSK","TURNING","FOUR WAY",,"STRAIGHT AND LEVEL","DRY","UNKNOWN","NOT ON SCENE (DESK REPORT)","NO INJURY / DRIVE AWAY",,,,"OVER $1,500","2026-02-18T17:10:00.000","IMPROPER TURNING/NO SIGNAL","NOT APPLICABLE","6500","S","STONY ISLAND AVE","321",,,,,,,"2","NO INDICATION OF INJURY","0","0","0","0","0","4","0","16","4","2","41.7769312727","-87.5864736002","POINT (-87.586473600236 41.776931272692)"
"695df73535c21047f80044db6195bd7563ec548505add7be4461291e9b6500791a1c762a57f68dcb553a0a3854da03e1a29704f758ac9ed0bab6767e8e2fa3dc",,"2026-02-18T16:26:00.000","30","NO CONTROLS","NO CONTROLS","CLEAR","DAYLIGHT","TURNING","T-INTERSECTION",,"STRAIGHT AND LEVEL","DRY","UNKNOWN","ON SCENE","INJURY AND / OR TOW DUE TO CRASH","Y",,,"OVER $1,500","2026-02-18T16:26:00.000","FAILING TO YIELD RIGHT-OF-WAY","NOT APPLICABLE","1101","S","KOSTNER AVE","1131",,,,,,,"2","REPORTED, NOT EVIDENT","1","0","0","0","1","2","0","16","4","2","41.8678057495","-87.7348794849","POINT (-87.734879484852 41.867805749539)"
"11ac0baae0efa4f3d44d0522fc32366c4fd315844b1800f00c8a64b1f579551d11ad8f42cea2aa5319d8cc1ed07d0e78d3612b63c49fb2f6e2286fd9230f18c6",,"2026-02-18T16:20:00.000","30","TRAFFIC SIGNAL","UNKNOWN","CLEAR","DAYLIGHT","TURNING","NOT DIVIDED",,"STRAIGHT AND LEVEL","DRY","UNKNOWN","ON SCENE","NO INJURY / DRIVE AWAY","Y",,,"OVER $1,500","2026-02-18T16:30:00.000","UNABLE TO DETERMINE","NOT APPLICABLE","3600","N","CALIFORNIA AVE","1733",,,,,,,"2","NO INDICATION OF INJURY","0","0","0","0","0","2","0","16","4","2","41.9467714106","-87.6981808902","POINT (-87.698180890248 41.946771410628)"
"966d60d183632094d43d6d0ac7c47b59994db9aa5045013b22e02cb800b36663aaf639810ca29c3be7f77d67fea7e85137865fe6b49e85f2cb9ac280384b4eb4",,"2026-02-18T16:20:00.000","30","NO CONTROLS","NO CONTROLS","CLEAR","DAYLIGHT","TURNING","FOUR WAY",,"STRAIGHT AND LEVEL","DRY","NO DEFECTS","NOT ON SCENE (DESK REPORT)","NO INJURY / DRIVE AWAY",,,,"OVER $1,500","2026-02-19T11:20:00.000","UNABLE TO DETERMINE","NOT APPLICABLE","4132","W","MONTROSE AVE","1722",,,,,,,"2","NO INDICATION OF INJURY","0","0","0","0","0","2","0","16","4","2","41.9610181721","-87.7312359292","POINT (-87.731235929217 41.961018172064)"
"f077623cc29b29e6cd85ac53c29f9c18498a33fc2791513a3f80c1c35ce254474a9f68db94863a94fe0e784361211e7ac11b9f2847ea3fa4901e51619ae13cc4",,"2026-02-18T16:20:00.000","30","NO CONTROLS","NO CONTROLS","CLEAR","DAYLIGHT","SIDESWIPE SAME DIRECTION","NOT DIVIDED",,"STRAIGHT AND LEVEL","DRY","NO DEFECTS","NOT ON SCENE (DESK REPORT)","NO INJURY / DRIVE AWAY",,,"Y","$501 - $1,500","2026-02-18T17:11:00.000","IMPROPER OVERTAKING/PASSING","NOT APPLICABLE","8141","S","CICERO AVE","834",,,,,,,"2","NO INDICATION OF INJURY","0","0","0","0","0","2","0","16","4","2","41.7445245074","-87.7410543927","POINT (-87.741054392728 41.744524507413)"
"d5a0856e3ebcac03518c3e90d0a804da817e389b4f201bbd9759514146ec68b187537334429150776f1381507f5f232e08fdec25a9bad712b0790406f6a55c30","Y","2026-02-18T16:15:00.000","10","UNKNOWN","UNKNOWN","UNKNOWN","UNKNOWN","PARKED MOTOR VEHICLE","UNKNOWN",,"STRAIGHT AND LEVEL","UNKNOWN","UNKNOWN","ON SCENE","NO INJURY / DRIVE AWAY",,,"Y","$501 - $1,500","2026-02-28T07:00:00.000","UNABLE TO DETERMINE","UNABLE TO DETERMINE","7040","S","COTTAGE GROVE AVE","321",,,,,,,"2","NO INDICATION OF INJURY","0","0","0","0","0","1","0","16","4","2","41.7664308925","-87.6057478606","POINT (-87.605747860649 41.766430892538)"
"237f096d665a91da116f19a4e4ccb0122812f3aa36fa773e071f72758663447db0fc4b3f03332e1bfe674c4f2a71f401ff8df83c90edaf784b6dc79445aeb30e",,"2026-02-18T16:12:00.000","30","TRAFFIC SIGNAL","FUNCTIONING PROPERLY","CLEAR","DAYLIGHT","TURNING","FOUR WAY",,"STRAIGHT AND LEVEL","DRY","NO DEFECTS","ON SCENE","NO INJURY / DRIVE AWAY","Y",,"Y","OVER $1,500","2026-02-18T16:12:00.000","UNABLE TO DETERMINE","NOT APPLICABLE","1000","W","LAKE ST","1214",,,,,,,"2","NO INDICATION OF INJURY","0","0","0","0","0","2","0","16","4","2","41.8856927032","-87.6522023153","POINT (-87.652202315319 41.885692703217)"
"4a796779443f278132141c9c1cfa14bb03b7c70320f75e9466a48d674c4d5ef7a103603670b9c290b2bec2606766e2eb52b0fe223a6c4480923ce304b6cdd285",,"2026-02-18T16:11:00.000","30","NO CONTROLS","NO CONTROLS","CLEAR","DAYLIGHT","TURNING","NOT DIVIDED",,"STRAIGHT AND LEVEL","DRY","NO DEFECTS",,"NO INJURY / DRIVE AWAY",,,,"OVER $1,500","2026-02-18T17:00:00.000","FAILING TO YIELD RIGHT-OF-WAY","FAILING TO YIELD RIGHT-OF-WAY","3696","S","ARCHER AVE","912",,,,,,,"2","NO INDICATION OF INJURY","0","0","0","0","0","2","0","16","4","2","41.8265185429","-87.6842049824","POINT (-87.684204982395 41.826518542923)"
"75f5792b8858b164b5937f67302b64c4229b250e44c510c681c4dee39529e34ba611072b40c6de94e5ee5c7f74b7337a1877ad6a31517875795803e0e020e49e",,"2026-02-18T16:11:00.000","30","NO CONTROLS","NO CONTROLS","CLEAR","DAYLIGHT","REAR END","FOUR WAY",,"STRAIGHT AND LEVEL","DRY","NO DEFECTS","NOT ON SCENE (DESK REPORT)","NO INJURY / DRIVE AWAY","Y",,,"$501 - $1,500","2026-02-18T17:05:00.000","FAILING TO YIELD RIGHT-OF-WAY","NOT APPLICABLE","6637","W","HIGGINS AVE","1613",,,,,,,"2","NO INDICATION OF INJURY","0","0","0","0","0","2","0","16","4","2","41.9781522788","-87.7940046928","POINT (-87.794004692789 41.978152278829)"
"c0caa70f4748e79fa1fea76b61e459a2cb04fdb1732930004319a4d1b05bf52850b6dfe5bc6047c2e9112b35a1368ea77c7923eb8d26941c992dc4eadcb47dc9",,"2026-02-18T16:10:00.000","30","NO CONTROLS","NO CONTROLS","CLEAR","DAYLIGHT","REAR TO FRONT","DIVIDED - W/MEDIAN (NOT RAISED)",,"STRAIGHT AND LEVEL","DRY","UNKNOWN","ON SCENE","NO INJURY / DRIVE AWAY",,,"Y","OVER $1,500","2026-02-18T16:25:00.000","IMPROPER BACKING","NOT APPLICABLE","3700","S","CALIFORNIA AVE","911",,,,,,,"2","NO INDICATION OF INJURY","0","0","0","0","0","4","0","16","4","2","41.826373366","-87.6948592409","POINT (-87.694859240857 41.826373365973)"
"1f1dd88a08195953c721c89430e29c67afe9278e65485709b0a3a22e525f4816c42c9dcf5e340137509fe894063d8d07e03e5dd8dbcbe56a50dbb91fc72d1d74",,"2026-02-18T16:08:00.000","25","NO CONTROLS","NO CONTROLS","CLEAR","DAYLIGHT","ANGLE","ONE-WAY",,"STRAIGHT AND LEVEL","DRY","NO DEFECTS","ON SCENE","INJURY AND / OR TOW DUE TO CRASH",,,,"OVER $1,500","2026-02-18T16:08:00.000","FAILING TO YIELD RIGHT-OF-WAY","VISION OBSCURED (SIGNS, TREE LIMBS, BUILDINGS, ETC.)","4835","W","BERTEAU AVE","1624",,,,,,,"2","NO INDICATION OF INJURY","0","0","0","0","0","2","0","16","4","2","41.956943495","-87.7488025647","POINT (-87.748802564732 41.956943494972)"
"986bb4fcfb1b342ca758195276d4c991c5a3151da15bc173d537aa6cf519315dd144fa2d946bb61306cfa3c760b39b530084e9c3bd1dea02ba347e2b0b7b658c",,"2026-02-18T16:06:00.000","30","TRAFFIC SIGNAL","FUNCTIONING IMPROPERLY","CLEAR","DAYLIGHT","SIDESWIPE SAME DIRECTION","DIVIDED - W/MEDIAN (NOT RAISED)",,"STRAIGHT AND LEVEL","DRY","NO DEFECTS","ON SCENE","NO INJURY / DRIVE AWAY",,,,"$501 - $1,500","2026-02-18T16:09:00.000","IMPROPER OVERTAKING/PASSING","IMPROPER OVERTAKING/PASSING","1","E","IDA B WELLS DR","123",,,,,,,"2","NO INDICATION OF INJURY","0","0","0","0","0","2","0","16","4","2","41.8755304167","-87.6275688835","POINT (-87.627568883512 41.875530416692)"
"2ad13f493168130e5c644740eb4af5a01491e19860c2d641e66c39a9b4821016cbd4af40a36ebc47c18ba4f9d991933347bc4c45c0f392af3c82db44647d87d5",,"2026-02-18T16:05:00.000","30","STOP SIGN/FLASHER","FUNCTIONING PROPERLY","CLEAR","DAYLIGHT","SIDESWIPE SAME DIRECTION","ONE-WAY",,"STRAIGHT AND LEVEL","UNKNOWN","UNKNOWN","ON SCENE","INJURY AND / OR TOW DUE TO CRASH",,,,"OVER $1,500","2026-02-18T16:15:00.000","UNABLE TO DETERMINE","NOT APPLICABLE","4026","W","63RD ST","813",,,,,,,"2","NONINCAPACITATING INJURY","1","0","0","1","0","1","0","16","4","2","41.7787511551","-87.7239235817","POINT (-87.723923581682 41.778751155123)"
"2727c681a42b45d951e5fe2e75e87c0effedefe6a8201b6db85e61ef5f7f9e6e66580e95021e7a52c899956cc99f9a06d8eb9d555093efd0147e2012beff970c",,"2026-02-18T16:00:00.000","30","NO CONTROLS","NO CONTROLS","CLEAR","DAYLIGHT","PEDESTRIAN","FOUR WAY",,"STRAIGHT AND LEVEL","WET","UNKNOWN","NOT ON SCENE (DESK REPORT)","INJURY AND / OR TOW DUE TO CRASH","Y",,,"$500 OR LESS","2026-02-18T18:14:00.000","FAILING TO YIELD RIGHT-OF-WAY","NOT APPLICABLE","5964","N","MILWAUKEE AVE","1622",,,,,,,"2","REPORTED, NOT EVIDENT","1","0","0","0","1","1","0","16","4","2","41.9900811653","-87.7811298828","POINT (-87.781129882769 41.990081165263)"
"509cb356c62056f8402edda7ae671f57bedc82212e862774612b72623d3c15483a6268c084b249ac9eae73db2e79e13d50659289f25d8ae37c10814843d387ab",,"2026-02-18T16:00:00.000","25","NO CONTROLS","NO CONTROLS","CLEAR","DAYLIGHT","TURNING","NOT DIVIDED",,"STRAIGHT AND LEVEL","UNKNOWN","UNKNOWN","ON SCENE","NO INJURY / DRIVE AWAY",,,,"OVER $1,500","2026-02-18T16:04:00.000","FAILING TO YIELD RIGHT-OF-WAY","NOT APPLICABLE","6810","W","BELMONT AVE","1632",,,,,,,"2","NO INDICATION OF INJURY","0","0","0","0","0","2","0","16","4","2","41.9382605103","-87.7961823642","POINT (-87.796182364185 41.938260510293)"
"7a0cb4ee2002789aec811b9b00270f3350389ecada1ee0dd91da1bbeca4756e41ac4a52d4be1b95e70295c0c796b19c83eeeca1b764dc7b0128b201a2b0521f8",,"2026-02-18T16:00:00.000","30","NO CONTROLS","NO CONTROLS","CLEAR","DAYLIGHT","TURNING","DIVIDED - W/MEDIAN (NOT RAISED)",,"STRAIGHT AND LEVEL","DRY","NO DEFECTS","ON SCENE","INJURY AND / OR TOW DUE TO CRASH",,,,"OVER $1,500","2026-02-18T16:12:00.000","FAILING TO YIELD RIGHT-OF-WAY","NOT APPLICABLE","9549","S","WESTERN AVE","2213",,,,,,,"2","NONINCAPACITATING INJURY","1","0","0","1","0","2","0","16","4","2","41.719488343","-87.6818725754","POINT (-87.681872575422 41.719488343023)"
"a3bd7f92dff3b17f526b7caf1a8d2c1af0951609c29d76e2e9eb05ad2a12c3266160642646e5efc7855605feca1178a53b8c02e15dc93bc64d22354f7cfa1e58",,"2026-02-18T15:59:00.000","35","NO CONTROLS","NO CONTROLS","CLEAR","DAYLIGHT","REAR END","NOT DIVIDED",,"STRAIGHT AND LEVEL","UNKNOWN","UNKNOWN","ON SCENE","INJURY AND / OR TOW DUE TO CRASH",,,"Y","OVER $1,500","2026-02-18T16:08:00.000","FOLLOWING TOO CLOSELY","NOT APPLICABLE","4898","S","AVERS AVE","821",,,,,,,"2","NONINCAPACITATING INJURY","1","0","0","1","0","1","0","15","4","2","41.8047530408","-87.7196059309","POINT (-87.71960593093 41.804753040809)"
"7e88d72de19d4c782df50dc1a369eb30ea12580e8ac0a27acf7399305cb2b6c63276f7b2326bf238760a1f41d529c0b9ee6d19ea480a22e3b40a39c406c4fcd0",,"2026-02-18T15:57:00.000","30","TRAFFIC SIGNAL","UNKNOWN","CLEAR","DAYLIGHT","SIDESWIPE SAME DIRECTION","FOUR WAY",,"STRAIGHT AND LEVEL","DRY","NO DEFECTS","ON SCENE","NO INJURY / DRIVE AWAY","Y",,,"OVER $1,500","2026-02-18T15:59:00.000","DRIVING SKILLS/KNOWLEDGE/EXPERIENCE","UNABLE TO DETERMINE","8301","S","STATE ST","632",,"Y",,,,,"2","NO INDICATION OF INJURY","0","0","0","0","0","4","0","15","4","2","41.7435662758","-87.6241827275","POINT (-87.624182727532 41.74356627583)"
"aa697b5a8d330e1f20e4c3af3b645552a296aacc77d9f2515d221b73155f766f9e6e218776e0781b89622734c6310a7ed7dc9aaf1cce22255a595a83b88c9780",,"2026-02-18T15:57:00.000","30","STOP SIGN/FLASHER","FUNCTIONING PROPERLY","CLEAR","DAYLIGHT","ANGLE","NOT DIVIDED",,"STRAIGHT AND LEVEL","DRY","NO DEFECTS",,"INJURY AND / OR TOW DUE TO CRASH",,,,"OVER $1,500","2026-02-18T15:58:00.000","FAILING TO REDUCE SPEED TO AVOID CRASH","NOT APPLICABLE","11200","S","AVENUE H","433",,,,,,,"2","NO INDICATION OF INJURY","0","0","0","0","0","2","0","15","4","2","41.6917411057","-87.5330117231","POINT (-87.533011723074 41.691741105698)"
"3456a56138886140d4c9d4723bfc9e2767a4fdc6c40900e1f0f025802ed280c7b082228037b1faac13263b3ec6f52a5408f5902fa64986d1996defa8a43f986c",,"2026-02-18T15:56:00.000","20","NO CONTROLS","NO CONTROLS","CLEAR","DAYLIGHT","FIXED OBJECT","ONE-WAY",,"STRAIGHT AND LEVEL","DRY","NO DEFECTS","ON SCENE","INJURY AND / OR TOW DUE TO CRASH",,"Y",,"OVER $1,500","2026-02-18T15:56:00.000","DRIVING SKILLS/KNOWLEDGE/EXPERIENCE","PHYSICAL CONDITION OF DRIVER","5232","S","JUSTINE ST","934",,,,,,,"1","NONINCAPACITATING INJURY","1","0","0","1","0","0","0","15","4","2","41.7985144496","-87.663634467","POINT (-87.663634466972 41.798514449587)"
"a34b81e51ffb5fca92121d6e7fc8c236d505ea6e03f32e19f8b17f56bee22c52f72aca9b47da2b664725aacf587cffb6982cb1b7dd35fa7f75408cba679629a0",,"2026-02-18T15:55:00.000","30","NO CONTROLS","NO CONTROLS","CLEAR","DAYLIGHT","TURNING","DIVIDED - W/MEDIAN (NOT RAISED)",,"STRAIGHT AND LEVEL","DRY","NO DEFECTS","NOT ON SCENE (DESK REPORT)","NO INJURY / DRIVE AWAY",,,"Y","OVER $1,500","2026-02-18T16:25:00.000","IMPROPER TURNING/NO SIGNAL","NOT APPLICABLE","8159","S","HALSTED ST","622",,,,,,,"2","NO INDICATION OF INJURY","0","0","0","0","0","3","0","15","4","2","41.745281534","-87.6437380755","POINT (-87.643738075451 41.745281533977)"
"c5ced7c6d5dddad6d716895621758b72115101bba5c37bf16cffc7bcc3ede6962139246bdd90dff8077c0bf2a20b2d0ba72c1c649410162008667da577aee469",,"2026-02-18T15:50:00.000","30","NO CONTROLS","NO CONTROLS","CLEAR","DAYLIGHT","PARKED MOTOR VEHICLE","ALLEY",,"STRAIGHT AND LEVEL","DRY","NO DEFECTS","NOT ON SCENE (DESK REPORT)","NO INJURY / DRIVE AWAY",,,,"OVER $1,500","2026-02-18T16:50:00.000","IMPROPER BACKING","IMPROPER BACKING","1734","E","87TH ST","412",,,,,,,"2","NO INDICATION OF INJURY","0","0","0","0","0","1","0","15","4","2","41.7370856084","-87.581362769","POINT (-87.581362768963 41.737085608441)"
"b1918d3d9907d33c4ba18f21c0bd40381cef408c59ea7980ecdf46de96ab9c92b6dd262ed45d5b04f2c8265b030b13c5817551a8c813fb185ece56cfbc8bc3aa",,"2026-02-18T15:47:00.000","30","NO CONTROLS","NO CONTROLS","CLEAR","DAYLIGHT","SIDESWIPE SAME DIRECTION","DIVIDED - W/MEDIAN (NOT RAISED)",,"STRAIGHT AND LEVEL","DRY","NO DEFECTS","NOT ON SCENE (DESK REPORT)","NO INJURY / DRIVE AWAY",,,"Y","OVER $1,500","2026-02-18T17:15:00.000","IMPROPER OVERTAKING/PASSING","IMPROPER OVERTAKING/PASSING","601","S","CENTRAL AVE","1522",,,,,,,"2","NO INDICATION OF INJURY","0","0","0","0","0","2","0","15","4","2","41.8727798499","-87.7644383","POINT (-87.76443829998 41.872779849904)"
"e7149ee90372cdf7d5f5f0852941a5c2688f26facfd1563d1f49b79611d43917698bfb36a97f7f1620a60ff5fef8a5b6e4ade2ba6495705c8912a4dd4cfcac77",,"2026-02-18T15:47:00.000","30","NO CONTROLS","NO CONTROLS","CLEAR","DAYLIGHT","SIDESWIPE SAME DIRECTION","NOT DIVIDED",,"STRAIGHT AND LEVEL","DRY","NO DEFECTS","ON SCENE","NO INJURY / DRIVE AWAY",,,,"OVER $1,500","2026-02-18T16:05:00.000","FOLLOWING TOO CLOSELY","NOT APPLICABLE","6500","N","CENTRAL AVE","1621",,,,,,,"2","NO INDICATION OF INJURY","0","0","0","0","0","2","0","15","4","2","41.9989954742","-87.7633592134","POINT (-87.763359213355 41.99899547419)"
"007201e33357e0e1070fce84393f03fd43b24a029210103719dbfd64a9a5541aff4468d7d9ff25f63e97b7708d859139264c0059da7928eff49587c4b245098c",,"2026-02-18T15:45:00.000","20","NO CONTROLS","NO CONTROLS","CLEAR","DAYLIGHT","TURNING","NOT DIVIDED",,"STRAIGHT AND LEVEL","DRY","NO DEFECTS","ON SCENE","NO INJURY / DRIVE AWAY",,,,"OVER $1,500","2026-02-18T15:52:00.000","FAILING TO YIELD RIGHT-OF-WAY","NOT APPLICABLE","1708","W","CERMAK RD","1234","Y","Y",,,,,"2","NO INDICATION OF INJURY","0","0","0","0","0","2","0","15","4","2","41.8523886126","-87.6688996169","POINT (-87.668899616949 41.852388612618)"
"c2281681ee0621b8a7d2d656a38c21325776db69c91e76829d4ce97e65e931ca451a83add4b8c8aecb0568ef05b4475bd35e851b4307fb969c32d335054f2658",,"2026-02-18T15:45:00.000","30","NO CONTROLS","NO CONTROLS","CLEAR","DAYLIGHT","SIDESWIPE SAME DIRECTION","DIVIDED - W/MEDIAN (NOT RAISED)",,"STRAIGHT AND LEVEL","DRY","NO DEFECTS","ON SCENE","NO INJURY / DRIVE AWAY",,,"Y","$501 - $1,500","2026-02-18T16:45:00.000","FAILING TO YIELD RIGHT-OF-WAY","UNABLE TO DETERMINE","8152","S","HALSTED ST","613",,,,,,,"2","NO INDICATION OF INJURY","0","0","0","0","0","4","0","15","4","2","41.7454455594","-87.6440357641","POINT (-87.644035764132 41.745445559449)"
"9e426ad83232a6768427f71e129df54d1d492cf9571aa4ef7533ae3406a6b1612d635ea1a3ff7b0faff662f5950b24df70f68fabe97d7bed541e94a14be00c01",,"2026-02-18T15:40:00.000","30","NO CONTROLS","NO CONTROLS","CLEAR","DAYLIGHT","PEDALCYCLIST","NOT DIVIDED",,"STRAIGHT AND LEVEL","DRY","UNKNOWN","ON SCENE","NO INJURY / DRIVE AWAY",,,,"$500 OR LESS","2026-02-18T15:45:00.000","UNABLE TO DETERMINE","NOT APPLICABLE","3930","W","FOSTER AVE","1712",,,,,,,"2","NO INDICATION OF INJURY","0","0","0","0","0","2","0","15","4","2","41.9756554799","-87.7268473809","POINT (-87.726847380875 41.975655479864)"
"a20e6f2dfb765ebaab8b4acf44891fde036d3b7cb87079c4a7b9d5504e4c90a4a588da8e5929286245c495b95a4eea3e3f07a1019a513174f21eb6da87cbd7e7",,"2026-02-18T15:40:00.000","25","NO CONTROLS","NO CONTROLS","CLEAR","DAYLIGHT","REAR END","NOT DIVIDED",,"STRAIGHT AND LEVEL","UNKNOWN","UNKNOWN","NOT ON SCENE (DESK REPORT)","NO INJURY / DRIVE AWAY",,,,"OVER $1,500","2026-02-18T15:55:00.000","UNABLE TO DETERMINE","UNABLE TO DETERMINE","3730","S","KEDZIE AVE","911",,,,,,,"2","NO INDICATION OF INJURY","0","0","0","0","0","2","0","15","4","2","41.8251989043","-87.7046237007","POINT (-87.704623700702 41.825198904284)"
"5a0175c20b830b0d1557854810daa9b857adb2e26ec18d5b842b097a4a18496f250972ddfa51d05ce1f2697595e16c4f7afb75308e44cfd5c4f60193b275e5d4",,"2026-02-18T15:37:00.000","30","TRAFFIC SIGNAL","FUNCTIONING PROPERLY","CLEAR","DAYLIGHT","SIDESWIPE SAME DIRECTION","FOUR WAY",,"STRAIGHT AND LEVEL","DRY","UNKNOWN","ON SCENE","NO INJURY / DRIVE AWAY",,,,"$500 OR LESS","2026-02-18T15:37:00.000","UNABLE TO DETERMINE","UNABLE TO DETERMINE","7900","S","DAMEN AVE","611",,,,,,,"2","NO INDICATION OF INJURY","0","0","0","0","0","4","0","15","4","2","41.7501823555","-87.6732788568","POINT (-87.673278856776 41.750182355465)"
"622717416506f82cb7984bef2003cc44bd0c3ffaf15b13dfbaba4a51b63c6ca23d97ea9fa3f262f184df36199b34edf8c388703350c4ee5b2f44fdec7c8c38be",,"2026-02-18T15:37:00.000","30","NO CONTROLS","NO CONTROLS","CLEAR","DAYLIGHT","SIDESWIPE SAME DIRECTION","NOT DIVIDED",,"STRAIGHT AND LEVEL","DRY","NO DEFECTS","ON SCENE","NO INJURY / DRIVE AWAY",,,,"$501 - $1,500","2026-02-18T15:45:00.000","IMPROPER LANE USAGE","IMPROPER LANE USAGE","1682","E","HYDE PARK BLVD","222",,,,,,,"2","NO INDICATION OF INJURY","0","0","0","0","0","5","0","15","4","2","41.8026472484","-87.5838403085","POINT (-87.58384030849 41.8026472484)"
"b56d9fd65c779d9ce214f13b82fa45fe676e70f24be20f96c091e6ea010580813353559c7997e1037ef0d4c7753baa5bb76c503613df342ea387ea5256227111",,"2026-02-18T15:35:00.000","20","UNKNOWN","UNKNOWN","CLEAR","DAYLIGHT","SIDESWIPE SAME DIRECTION","NOT DIVIDED",,"STRAIGHT AND LEVEL","DRY","NO DEFECTS","NOT ON SCENE (DESK REPORT)","NO INJURY / DRIVE AWAY",,,,"OVER $1,500","2026-02-19T15:30:00.000","IMPROPER OVERTAKING/PASSING","FAILING TO YIELD RIGHT-OF-WAY","1927","S","STATE ST","131",,,,,,,"2","NO INDICATION OF INJURY","0","0","0","0","0","2","0","15","4","2","41.8557808671","-87.6270077757","POINT (-87.627007775665 41.855780867099)"