"crash_record_id","crash_date_est_i","crash_date","posted_speed_limit","traffic_control_device","device_condition","weather_condition","lighting_condition","first_crash_type","trafficway_type","lane_cnt","alignment","roadway_surface_cond","road_defect","report_type","crash_type","intersection_related_i","private_property_i","hit_and_run_i","damage","date_police_notified","prim_contributory_cause","sec_contributory_cause","street_no","street_direction","street_name","beat_of_occurrence","photos_taken_i","statements_taken_i","dooring_i","work_zone_i","work_zone_type","workers_present_i","num_units","most_severe_injury","injuries_total","injuries_fatal","injuries_incapacitating","injuries_non_incapacitating","injuries_reported_not_evident","injuries_no_indication","injuries_unknown","crash_hour","crash_day_of_week","crash_month","latitude","longitude","location"
"b18260fe99114e8db7ac4169ef61d765583b315d8673c9a56cd9dc1682ec6387312424862905d134d6989c8e32ed985a8c69f466bfb0a8c654050a069a0c60b6",,"2026-02-18T15:31:00.000","30","TRAFFIC SIGNAL","FUNCTIONING PROPERLY","CLEAR","DAYLIGHT","TURNING","CENTER TURN LANE",,"STRAIGHT AND LEVEL","DRY","NO DEFECTS","ON SCENE","INJURY AND / OR TOW DUE TO CRASH","Y",,,"OVER $1,500","2026-02-18T15:33:00.000","IMPROPER TURNING/NO SIGNAL","DRIVING ON WRONG SIDE/WRONG WAY","3559","N","HARLEM AVE","1632",,,,,,,"2","NO INDICATION OF INJURY","0","0","0","0","0","3","0","15","4","2","41.9451766578","-87.8068555458","POINT (-87.806855545763 41.945176657846)"
"cbe4cc2ae809f90653e12a609d5d67d4f73c3b5965f699f5d06271ca345a317b4e27ac2f980c06213b3f59abbe45fc067f7822511278e85ba60d49c5138f746b",,"2026-02-18T15:30:00.000","30","NO CONTROLS","NO CONTROLS","CLEAR","DAYLIGHT","SIDESWIPE SAME DIRECTION","DIVIDED - W/MEDIAN (NOT RAISED)",,"STRAIGHT AND LEVEL","DRY","UNKNOWN","NOT ON SCENE (DESK REPORT)","NO INJURY / DRIVE AWAY",,,"Y","OVER $1,500","2026-02-19T14:00:00.000","UNABLE TO DETERMINE","UNABLE TO DETERMINE","645","S","CENTRAL AVE","1522",,,,,,,"2","NO INDICATION OF INJURY","0","0","0","0","0","2","0","15","4","2","41.8720857699","-87.7644303474","POINT (-87.764430347356 41.872085769899)"
"d246ad69ef439199211a7c0d63be544d25c9c0a4f0620979c49a4fb6f5abbb3e426ca1412ed1b4cbaedcb53e868d8e52c1f49b1bdd2a011c4f1f36e66a8c7fa1",,"2026-02-18T15:30:00.000","45","NO CONTROLS","NO CONTROLS","CLEAR","DAYLIGHT","SIDESWIPE SAME DIRECTION","DIVIDED - W/MEDIAN BARRIER",,"STRAIGHT AND LEVEL","DRY","NO DEFECTS","NOT ON SCENE (DESK REPORT)","NO INJURY / DRIVE AWAY",,,,"OVER $1,500","2026-02-20T11:25:00.000","UNABLE TO DETERMINE","NOT APPLICABLE","530","N","LAKE SHORE DR NB","1834",,,,,,,"2","NO INDICATION OF INJURY","0","0","0","0","0","2","0","15","4","2","41.8919482777","-87.6143634972","POINT (-87.614363497175 41.891948277674)"
"e4b97438f348427e6adfdf64c6c9ca3f2837ed0e1fed74928391b4c8179bf2b53bbe5c6c576984b84060ce5dd8fb3b1253a7eaa683dc429fe87fd1523564bf67",,"2026-02-18T15:30:00.000","30","TRAFFIC SIGNAL","FUNCTIONING PROPERLY","CLEAR","DAYLIGHT","SIDESWIPE SAME DIRECTION","NOT DIVIDED",,"STRAIGHT AND LEVEL","DRY","NO DEFECTS","NOT ON SCENE (DESK REPORT)","NO INJURY / DRIVE AWAY",,,,"$500 OR LESS","2026-02-23T14:55:00.000","UNABLE TO DETERMINE","UNABLE TO DETERMINE","4246","S","CALIFORNIA AVE","921",,,,,,,"2","NO INDICATION OF INJURY","0","0","0","0","0","2","0","15","4","2","41.8159702983","-87.6945868911","POINT (-87.694586891061 41.815970298345)"
"ed794ddc196ee7cbe676c1e371020979ba048ce3b560bb4cd688d7fbaafb2346b59889b2c5b2733b4cee4cfa9499ac0dab69d48248ea4a67f83f35cfd515483e",,"2026-02-18T15:30:00.000","30","NO CONTROLS","NO CONTROLS","CLEAR","DAYLIGHT","SIDESWIPE SAME DIRECTION","ONE-WAY",,"STRAIGHT AND LEVEL","UNKNOWN","UNKNOWN","NOT ON SCENE (DESK REPORT)","NO INJURY / DRIVE AWAY",,,,"OVER $1,500","2026-02-18T15:45:00.000","FAILING TO YIELD RIGHT-OF-WAY","FAILING TO REDUCE SPEED TO AVOID CRASH","106","E","DELAWARE PL","1833",,,,,,,"2","NO INDICATION OF INJURY","0","0","0","0","0","2","0","15","4","2","41.8992963699","-87.6257431428","POINT (-87.625743142776 41.899296369865)"
"5c2fac11b9c544ddc46e5a02d82fb07875320e3ceef16955c35daaac5372895246986efc5a1c71b8741f4860a9768423d0dc41843b6e1280347a93287c9a4cbc",,"2026-02-18T15:24:00.000","30","NO CONTROLS","NO CONTROLS","CLEAR","DAYLIGHT","SIDESWIPE SAME DIRECTION","NOT DIVIDED",,"STRAIGHT AND LEVEL","DRY","NO DEFECTS","NOT ON SCENE (DESK REPORT)","NO INJURY / DRIVE AWAY",,,,"$501 - $1,500","2026-02-18T15:58:00.000","UNABLE TO DETERMINE","NOT APPLICABLE","2608","W","FULLERTON AVE","1431",,,,,,,"2","NO INDICATION OF INJURY","0","0","0","0","0","3","0","15","4","2","41.9249611268","-87.6929716871","POINT (-87.692971687064 41.92496112679)"
"e3c457758d3b2631fff2042b62ffbcc690193ea2981fdf9617d692f5927cb59b9737ce5c41e7212a7acec796a35f8ab8c3ab9b706092e9f1775b071bd46b6940",,"2026-02-18T15:18:00.000","30","TRAFFIC SIGNAL","FUNCTIONING PROPERLY","CLEAR","DAYLIGHT","TURNING","T-INTERSECTION",,"STRAIGHT AND LEVEL","DRY","NO DEFECTS","ON SCENE","NO INJURY / DRIVE AWAY","Y",,,"OVER $1,500","2026-02-18T15:30:00.000","FAILING TO REDUCE SPEED TO AVOID CRASH","NOT APPLICABLE","5600","N","CENTRAL AVE","1622",,,,,,,"2","NO INDICATION OF INJURY","0","0","0","0","0","2","0","15","4","2","41.9830328998","-87.7684901052","POINT (-87.768490105241 41.983032899841)"
"2e12076dd73c9c0f3f7f658978936a8c04cb952802ba006de87cccfeb727b667908c6866c2df06b48562e6ee210edc96e0ed638fb02e52b402a8f3c027a7cc09","N","2026-02-18T15:15:00.000","30","STOP SIGN/FLASHER","UNKNOWN","CLEAR","DAYLIGHT","ANGLE","DIVIDED - W/MEDIAN (NOT RAISED)",,"STRAIGHT AND LEVEL","DRY","UNKNOWN","ON SCENE","INJURY AND / OR TOW DUE TO CRASH","Y",,,"OVER $1,500","2026-02-18T15:22:00.000","FAILING TO YIELD RIGHT-OF-WAY","NOT APPLICABLE","8600","S","DR MARTIN LUTHER KING JR DR","632",,,,,,,"2","REPORTED, NOT EVIDENT","2","0","0","0","2","0","0","15","4","2","41.7382371304","-87.6147197413","POINT (-87.614719741289 41.738237130412)"
"5b6f959cd5c1a5397c1036b428a8161d2b49247f685e8b6c1585a695d79fcaeb4d534763d84f3a44afe4a7bafd93eeb51965aee8e6c24efc6ae75b9260a42a45",,"2026-02-18T15:15:00.000","30","NO CONTROLS","NO CONTROLS","CLEAR","DAYLIGHT","PARKED MOTOR VEHICLE","ONE-WAY",,"STRAIGHT AND LEVEL","DRY","NO DEFECTS","NOT ON SCENE (DESK REPORT)","NO INJURY / DRIVE AWAY",,,,"OVER $1,500","2026-02-18T16:00:00.000","UNABLE TO DETERMINE","UNABLE TO DETERMINE","600","W","ADAMS ST","121",,,,,,,"2","NO INDICATION OF INJURY","0","0","0","0","0","3","0","15","4","2","41.8793831495","-87.6426508464","POINT (-87.642650846386 41.879383149462)"
"4f463bb4ba4ae2dcf5dbee2c645781e21f15e4d7191ac904a750d62f4efe95d167cd27ee050f5d52363d0eb217ff0c2eff14f891b12262cafcc6cd0ce0447a5e",,"2026-02-18T15:14:00.000","45","NO CONTROLS","NO CONTROLS","CLEAR","DAYLIGHT","REAR END","OTHER",,"STRAIGHT AND LEVEL","DRY","NO DEFECTS","ON SCENE","INJURY AND / OR TOW DUE TO CRASH",,,,"OVER $1,500","2026-02-18T15:14:00.000","IMPROPER LANE USAGE","UNABLE TO DETERMINE","4200","S","LAKE SHORE DR NB","214",,,,,,,"2","NO INDICATION OF INJURY","0","0","0","0","0","2","0","15","4","2","41.8184973596","-87.5966206683","POINT (-87.596620668258 41.818497359646)"
"2784f246577a96efcaaaaa8591e9aa18096f59b4085696bda2985cdbfae42772604bf0fab949cffe88bea25c4330bac6c2439931a70f34ff08e2c6fa73485dac","Y","2026-02-18T15:11:00.000","30","TRAFFIC SIGNAL","FUNCTIONING PROPERLY","CLEAR","DAYLIGHT","TURNING","ONE-WAY",,"STRAIGHT AND LEVEL","DRY","UNKNOWN","NOT ON SCENE (DESK REPORT)","NO INJURY / DRIVE AWAY",,,,"$501 - $1,500","2026-02-20T19:20:00.000","IMPROPER LANE USAGE","FAILING TO REDUCE SPEED TO AVOID CRASH","258","W","63RD ST","711",,,,,,,"2","NO INDICATION OF INJURY","0","0","0","0","0","2","0","15","4","2","41.780062381","-87.6325878513","POINT (-87.632587851337 41.780062380984)"
"53c46898de637119db5d3d1bfedcdce6797478feaec32ca971266ef5450a3d9d8c3f6296d0b615834b54a97d0a65c2d73af70144f612bbb83b8beadb44aead95",,"2026-02-18T15:08:00.000","30","STOP SIGN/FLASHER","FUNCTIONING PROPERLY","CLEAR","DAYLIGHT","TURNING","T-INTERSECTION",,"STRAIGHT AND LEVEL","DRY","UNKNOWN","NOT ON SCENE (DESK REPORT)","INJURY AND / OR TOW DUE TO CRASH","Y",,,"OVER $1,500","2026-02-18T15:30:00.000","FAILING TO REDUCE SPEED TO AVOID CRASH","NOT APPLICABLE","7100","S","DOBSON AVE","324",,,,,,,"2","REPORTED, NOT EVIDENT","1","0","0","0","1","2","0","15","4","2","41.7657652241","-87.5996365967","POINT (-87.599636596715 41.765765224115)"
"73c6a42ed3be76e1d3503fb3f1d25e5d1aaa8d5456df5c15670598a440294f79efad53f250d8debae3da95cea57a9ba67d645ce0d97f8b0f2dcc5cdc679ac392",,"2026-02-18T15:03:00.000","30","NO CONTROLS","NO CONTROLS","UNKNOWN","DAYLIGHT","PARKED MOTOR VEHICLE","DIVIDED - W/MEDIAN (NOT RAISED)",,"STRAIGHT AND LEVEL","UNKNOWN","UNKNOWN","NOT ON SCENE (DESK REPORT)","NO INJURY / DRIVE AWAY",,,,"$501 - $1,500","2026-02-18T16:00:00.000","UNABLE TO DETERMINE","NOT APPLICABLE","6248","N","CLARK ST","2433",,,,,,,"2","NO INDICATION OF INJURY","0","0","0","0","0","2","0","15","4","2","41.9957981862","-87.6703447061","POINT (-87.670344706117 41.995798186219)"
"809c47e4f9e5e39c6a318b9d217f1d3dbe77dc4a8547784a3bfff0027d8a4157889bcf8964208cf3c94904a02adadae8ef30951f85c3c309c9a16c139305cbe1",,"2026-02-18T15:02:00.000","35","TRAFFIC SIGNAL","FUNCTIONING PROPERLY","CLEAR","DAYLIGHT","TURNING","NOT DIVIDED",,"STRAIGHT AND LEVEL","DRY","NO DEFECTS","ON SCENE","INJURY AND / OR TOW DUE TO CRASH","Y",,,"OVER $1,500","2026-02-18T15:05:00.000","FAILING TO YIELD RIGHT-OF-WAY","NOT APPLICABLE","4000","W","ROOSEVELT RD","1132",,,,,,,"2","NO INDICATION OF INJURY","0","0","0","0","0","2","0","15","4","2","41.8662810027","-87.7252342198","POINT (-87.725234219839 41.866281002665)"
"d18a4ecc5e77af842642b853feec74a391d34641e85ad15adeee23981965a1d9a5de10383d93243a7317728ec015d309e1587e7320552d9d69cb9ada4751a700",,"2026-02-18T15:02:00.000","30","STOP SIGN/FLASHER","FUNCTIONING PROPERLY","CLEAR","DAYLIGHT","ANGLE","FOUR WAY",,"STRAIGHT AND LEVEL","DRY","NO DEFECTS","ON SCENE","INJURY AND / OR TOW DUE TO CRASH","Y",,,"OVER $1,500","2026-02-18T15:04:00.000","UNABLE TO DETERMINE","UNABLE TO DETERMINE","1775","W","DEVON AVE","2433",,,,,,,"2","REPORTED, NOT EVIDENT","1","0","0","0","1","4","0","15","4","2","41.9978843218","-87.6749363912","POINT (-87.674936391226 41.997884321829)"
"5c0108b36704bf3f4dcd61b7e2ffac7b26698461e470cc452e4f1dd8d57732a1343e443dbfdffb9b8baec90cb30d2e7a415f3b518bf8254a11882fb5ea302a74","Y","2026-02-18T15:00:00.000","30","NO CONTROLS","NO CONTROLS","CLEAR","DAYLIGHT","PARKED MOTOR VEHICLE","NOT DIVIDED",,"STRAIGHT AND LEVEL","DRY","NO DEFECTS","ON SCENE","NO INJURY / DRIVE AWAY",,,"Y","$501 - $1,500","2026-02-18T16:06:00.000","UNABLE TO DETERMINE","UNABLE TO DETERMINE","6341","S","STEWART AVE","722",,,,,,,"2","NO INDICATION OF INJURY","0","0","0","0","0","1","0","15","4","2","41.7786838577","-87.6348685183","POINT (-87.634868518295 41.778683857725)"
"dfb23f767d12b21a8f26164b418457bb87467bc69fcf0ca6b43f0e0a60a001fcae2a4246fbf907d0f27f41a6e66ede1630782167915fc29570a38bbeb2076f39",,"2026-02-18T15:00:00.000","20","NO CONTROLS","NO CONTROLS","CLEAR","DAYLIGHT","SIDESWIPE SAME DIRECTION","ONE-WAY",,"STRAIGHT AND LEVEL","WET","UNKNOWN","NOT ON SCENE (DESK REPORT)","NO INJURY / DRIVE AWAY",,,,"$501 - $1,500","2026-02-18T15:39:00.000","UNABLE TO DETERMINE","UNABLE TO DETERMINE","6022","N","WASHTENAW AVE","2413",,,,,,,"2","NO INDICATION OF INJURY","0","0","0","0","0","2","0","15","4","2","41.991139349","-87.6971343965","POINT (-87.697134396547 41.99113934903)"
"ec4bda4a94d7a9ec624bdcc7e4b0fd20991aa8b963391983b2822e0ee79480884246b2fa3e21b5502552d07dac862a29435f93ba915d94f76c21f182a1119de8",,"2026-02-18T15:00:00.000","30","NO CONTROLS","NO CONTROLS","CLEAR","DAYLIGHT","SIDESWIPE SAME DIRECTION","NOT DIVIDED",,"STRAIGHT AND LEVEL","WET","NO DEFECTS","NOT ON SCENE (DESK REPORT)","NO INJURY / DRIVE AWAY",,,"Y","$501 - $1,500","2026-02-18T18:00:00.000","UNABLE TO DETERMINE","NOT APPLICABLE","10050","S","WESTERN AVE","2211",,,,,,,"2","NO INDICATION OF INJURY","0","0","0","0","0","2","0","15","4","2","41.7103887692","-87.6818882323","POINT (-87.681888232251 41.710388769199)"
"296b149c3125e7390dac5ca0511f2c0bb7c521279667189e027e9aa874858bc2b411221db59416ad96564675397bdda12303f1ec93b31243dd54738bb5cd35e1",,"2026-02-18T14:55:00.000","30","TRAFFIC SIGNAL","FUNCTIONING PROPERLY","CLEAR","DAYLIGHT","SIDESWIPE SAME DIRECTION","OTHER",,"STRAIGHT AND LEVEL","DRY","NO DEFECTS","ON SCENE","NO INJURY / DRIVE AWAY",,,,"OVER $1,500","2026-02-18T15:00:00.000","FAILING TO YIELD RIGHT-OF-WAY","FAILING TO YIELD RIGHT-OF-WAY","2600","S","WENTWORTH AVE","914",,,,,,,"2","NO INDICATION OF INJURY","0","0","0","0","0","2","0","14","4","2","41.845494944","-87.6319704313","POINT (-87.631970431289 41.845494943967)"
"77087aa402109ac9154e03064b7a8c6e9fa965a05e1b9122b4b5006e023a0dc9bec1cfca6f71fa473913863541b313efc4440d7a020e66db4e24ce0e97cbc2eb","N","2026-02-18T14:55:00.000","15","NO CONTROLS","NO CONTROLS","CLEAR","DAYLIGHT","PARKED MOTOR VEHICLE","PARKING LOT",,"STRAIGHT AND LEVEL","DRY","NO DEFECTS","ON SCENE","NO INJURY / DRIVE AWAY",,"Y","Y","OVER $1,500","2026-02-19T15:41:00.000","UNABLE TO DETERMINE","NOT APPLICABLE","3000","S","HALSTED ST","913",,,,,,,"2","NO INDICATION OF INJURY","0","0","0","0","0","1","0","14","4","2","41.8397719466","-87.6464675111","POINT (-87.646467511129 41.839771946584)"
"8c7fc642f95feb33d4292b3628fbb6966b85a2a47f7d7f4c69321e3d3d1070d2c3bb3965295e5060b29fb63c732ff5b4c5bb895ad40de3c571cf2d6a07043961",,"2026-02-18T14:55:00.000","30","TRAFFIC SIGNAL","FUNCTIONING PROPERLY","CLEAR","DAYLIGHT","SIDESWIPE SAME DIRECTION","RAMP",,"STRAIGHT AND LEVEL","DRY","NO DEFECTS","NOT ON SCENE (DESK REPORT)","NO INJURY / DRIVE AWAY",,,"Y","$500 OR LESS","2026-02-18T15:30:00.000","NOT APPLICABLE","NOT APPLICABLE","6700","S","STATE ST","322",,,,,,,"2","NO INDICATION OF INJURY","0","0","0","0","0","3","0","14","4","2","41.7726346256","-87.62527215","POINT (-87.62527215003 41.77263462564)"
"c4483a0dd35e691999c9065e557c2da38c93041d62e01169b25009657b3c0bce6e536b8995420a48067c4d4f9586e38e41191ebf2e3885bec2a9a1b96a554f76",,"2026-02-18T14:53:00.000","10","NO CONTROLS","NO CONTROLS","CLEAR","DAYLIGHT","SIDESWIPE OPPOSITE DIRECTION","PARKING LOT",,"STRAIGHT AND LEVEL","DRY","NO DEFECTS","ON SCENE","NO INJURY / DRIVE AWAY",,,,"OVER $1,500","2026-02-18T14:53:00.000","IMPROPER OVERTAKING/PASSING","NOT APPLICABLE","5101","S","WENTWORTH AVE","225",,,,,,,"2","NO INDICATION OF INJURY","0","0","0","0","0","3","0","14","4","2","41.8018110912","-87.6305601801","POINT (-87.630560180083 41.801811091232)"
"37c2d1e831741ac11b57dbe6b8d937249a84a7f71d8450af639ec7f6f5a1bce462e241a2a2517467dd87a43bede07e11aada53e2f985f5e0567565b0289e21c8",,"2026-02-18T14:50:00.000","30","NO CONTROLS","NO CONTROLS","CLEAR","DAYLIGHT","REAR END","NOT DIVIDED",,"STRAIGHT AND LEVEL","DRY","NO DEFECTS","NOT ON SCENE (DESK REPORT)","NO INJURY / DRIVE AWAY",,,,"$501 - $1,500","2026-02-19T17:09:00.000","FOLLOWING TOO CLOSELY","NOT APPLICABLE","1998","W","PERSHING RD","912",,,,,,,"2","NO INDICATION OF INJURY","0","0","0","0","0","4","0","14","4","2","41.8233548081","-87.6750318814","POINT (-87.675031881398 41.823354808093)"
"79a5d5758bd057c4edca51b421dfd248040affc1ae132c260efc6f54a83350649a599a8eaf15be29aa717c9a72212aa65a2744ea8bf5d012dbf962cb8d49bf20",,"2026-02-18T14:50:00.000","30","TRAFFIC SIGNAL","FUNCTIONING PROPERLY","CLEAR","DAYLIGHT","REAR END","DIVIDED - W/MEDIAN (NOT RAISED)",,"STRAIGHT AND LEVEL","DRY","NO DEFECTS","NOT ON SCENE (DESK REPORT)","INJURY AND / OR TOW DUE TO CRASH",,,,"OVER $1,500","2026-02-18T16:20:00.000","FAILING TO YIELD RIGHT-OF-WAY","NOT APPLICABLE","3547","N","OAK PARK AVE","1632",,,,,,,"2","REPORTED, NOT EVIDENT","1","0","0","0","1","2","0","14","4","2","41.9450489918","-87.7958222462","POINT (-87.795822246189 41.945048991758)"
"e7583ebc1358f2a2b4f0bcb86b5012ef916f1f44375e69e77d957d20b593de913d50a2bafc3d20f3b5865113c7bd39ee1cb9da3841c15bc42ba9708ed0d3623c",,"2026-02-18T14:50:00.000","30","NO CONTROLS","NO CONTROLS","CLEAR","DAYLIGHT","PARKED MOTOR VEHICLE","ALLEY",,"STRAIGHT AND LEVEL","UNKNOWN","UNKNOWN","NOT ON SCENE (DESK REPORT)","NO INJURY / DRIVE AWAY",,,"Y","OVER $1,500","2026-02-18T15:21:00.000","DRIVING SKILLS/KNOWLEDGE/EXPERIENCE","NOT APPLICABLE","3547","W","73RD ST","835",,,,,,,"2","NO INDICATION OF INJURY","0","0","0","0","0","1","0","14","4","2","41.7604927335","-87.7118341817","POINT (-87.711834181687 41.760492733514)"
"8730907b1d7de1318a9434bdf4e2da2379ae81c26bf227c0b93be2b07f4165b629fdf316fd6af97025ef44d41c6a25d62737d469ac5bcf6654d0f145cce11421",,"2026-02-18T14:47:00.000","15","NO CONTROLS","NO CONTROLS","CLEAR","DAYLIGHT","TURNING","PARKING LOT",,"STRAIGHT AND LEVEL","DRY","UNKNOWN","NOT ON SCENE (DESK REPORT)","NO INJURY / DRIVE AWAY",,"Y",,"$501 - $1,500","2026-02-18T15:58:00.000","UNABLE TO DETERMINE","NOT APPLICABLE","3200","N","KIMBALL AVE","1732",,,,,,,"2","NO INDICATION OF INJURY","0","0","0","0","0","2","0","14","4","2","41.9393196632","-87.7126412851","POINT (-87.712641285082 41.939319663188)"
"7b1cdfd358394abccf9efc22dc9882f635281d571d2ea0fd3d6cf25802025aa0bbea63e13d35f5f35a361918750d20bf72262883d78a507f984cd3f9f598777b",,"2026-02-18T14:46:00.000","30","STOP SIGN/FLASHER","FUNCTIONING PROPERLY","CLEAR","DAYLIGHT","PEDALCYCLIST","DIVIDED - W/MEDIAN (NOT RAISED)",,"STRAIGHT AND LEVEL","DRY","NO DEFECTS","ON SCENE","INJURY AND / OR TOW DUE TO CRASH",,,,"$500 OR LESS","2026-02-18T14:46:00.000","FAILING TO YIELD RIGHT-OF-WAY","NOT APPLICABLE","5122","N","LINCOLN AVE","2031",,,,,,,"2","REPORTED, NOT EVIDENT","1","0","0","0","1","1","0","14","4","2","41.9748074737","-87.6923940058","POINT (-87.692394005794 41.974807473656)"
"70e157491d0a71154df6754952c65dbcd4323055b0d8cbcdcd35ab23e7012a7a722f8d278e390a7d567562e9ea0bfb804f11916c45fb119c3f7ac273b03cee65",,"2026-02-18T14:45:00.000","30","NO CONTROLS","NO CONTROLS","CLEAR","DAYLIGHT","SIDESWIPE SAME DIRECTION","NOT DIVIDED",,"STRAIGHT AND LEVEL","DRY","NO DEFECTS","ON SCENE","INJURY AND / OR TOW DUE TO CRASH",,,,"OVER $1,500","2026-02-18T14:52:00.000","FAILING TO YIELD RIGHT-OF-WAY","IMPROPER TURNING/NO SIGNAL","4436","W","ROOSEVELT RD","1131",,,,,,,"2","NO INDICATION OF INJURY","0","0","0","0","0","2","0","14","4","2","41.8661208297","-87.7364521292","POINT (-87.736452129155 41.86612082972)"
"7ef30440dce15328ac3e14836c5162b6b694ba045fa48e7ecc03b5e83fd61035e658c989315979a8afb3b487de4f9e33596cbc23ecb0179dd9e237b7d046ca3d",,"2026-02-18T14:45:00.000","30","TRAFFIC SIGNAL","FUNCTIONING PROPERLY","CLEAR","DAYLIGHT","REAR END","NOT DIVIDED",,"STRAIGHT AND LEVEL","DRY","NO DEFECTS","ON SCENE","NO INJURY / DRIVE AWAY","N",,,"OVER $1,500","2026-02-18T14:45:00.000","UNABLE TO DETERMINE","UNABLE TO DETERMINE","4500","S","PULASKI RD","815",,,,,,,"2","NO INDICATION OF INJURY","0","0","0","0","0","2","0","14","4","2","41.8114467435","-87.7238680306","POINT (-87.723868030607 41.811446743513)"
"afe6367857993086a4829ae94f7f7a461ba04688006d7dfbd7147dba9580c5aae3afabd399da2483c914d4820e8608a4b95b0ed11a51203cac144624b2af3728",,"2026-02-18T14:37:00.000","15","NO CONTROLS","NO CONTROLS","CLEAR","DAYLIGHT","REAR TO SIDE","PARKING LOT",,"STRAIGHT AND LEVEL","DRY","NO DEFECTS","NOT ON SCENE (DESK REPORT)","INJURY AND / OR TOW DUE TO CRASH",,,,"OVER $1,500","2026-02-18T15:15:00.000","UNABLE TO DETERMINE","NOT APPLICABLE","3640","N","ELSTON AVE","1733",,,,,,,"2","REPORTED, NOT EVIDENT","1","0","0","0","1","1","0","14","4","2","41.9473499869","-87.7101222878","POINT (-87.710122287831 41.947349986872)"
"186c4e3adc4f0f162676e2507f106443e15e257e9a2133d7bd4b0b522bf1295bc78b2c3527f3315bda99df83387f93cec1ad48abaf886469effc0ec589d03c45",,"2026-02-18T14:30:00.000","30","UNKNOWN","UNKNOWN","UNKNOWN","UNKNOWN","REAR END","UNKNOWN",,"STRAIGHT AND LEVEL","UNKNOWN","UNKNOWN","NOT ON SCENE (DESK REPORT)","NO INJURY / DRIVE AWAY",,,,"OVER $1,500","2026-02-18T14:52:00.000","UNABLE TO DETERMINE","UNABLE TO DETERMINE","6321","S","ST LOUIS AVE","823",,,,,,,"2","NO INDICATION OF INJURY","0","0","0","0","0","2","0","14","4","2","41.778115899","-87.7102435648","POINT (-87.710243564753 41.778115899042)"
"698ad1d9c7b0f9c16f20d3e76635899fec9e23dc2ddf7211385c46e09fc39aeb02cc282314e12e844230c705accfa299dd52006eecb1e5a1d5ecd9f5f94c4625",,"2026-02-18T14:30:00.000","30","UNKNOWN","UNKNOWN","CLEAR","DAYLIGHT","REAR END","NOT DIVIDED",,"STRAIGHT AND LEVEL","DRY","NO DEFECTS","NOT ON SCENE (DESK REPORT)","NO INJURY / DRIVE AWAY",,,,"OVER $1,500","2026-02-18T15:00:00.000","NOT APPLICABLE","NOT APPLICABLE","1800","S","PULASKI RD","1012",,,,,,,"2","NO INDICATION OF INJURY","0","0","0","0","0","3","0","14","4","2","41.8569414554","-87.7250549142","POINT (-87.725054914159 41.856941455397)"
"7bd7992a19bc46aa6c8e9ed66925b179ef3729493b0e5a203a84a0e1539cb0623ff14abb9dda0d9a263bb1eea96b5b0855ab3270f5f3745298215132bb3b419c",,"2026-02-18T14:30:00.000","30","NO CONTROLS","NO CONTROLS","CLEAR","DAYLIGHT","SIDESWIPE OPPOSITE DIRECTION","NOT DIVIDED",,"STRAIGHT AND LEVEL","UNKNOWN","UNKNOWN","NOT ON SCENE (DESK REPORT)","NO INJURY / DRIVE AWAY",,,"Y","OVER $1,500","2026-02-18T16:15:00.000","FOLLOWING TOO CLOSELY","NOT APPLICABLE","2545","W","FULTON ST","1222",,,,,,,"2","NO INDICATION OF INJURY","0","0","0","0","0","2","0","14","4","2","41.8864843028","-87.6907895303","POINT (-87.690789530337 41.886484302796)"
"8c0f0ebb81243ace5ba1378aaa89e2ff77418360d6e6e4c747cd412757c7751f512e027b58cf9cf6d7852c9bbbd050d60ed6ec873c1702f1dadad21c5bc3df9d",,"2026-02-18T14:30:00.000","30","NO CONTROLS","NO CONTROLS","CLEAR","DAYLIGHT","PARKED MOTOR VEHICLE","NOT DIVIDED",,"STRAIGHT AND LEVEL","DRY","NO DEFECTS","NOT ON SCENE (DESK REPORT)","NO INJURY / DRIVE AWAY",,,,"OVER $1,500","2026-02-18T15:00:00.000","UNABLE TO DETERMINE","NOT APPLICABLE","749","S","OAKLEY BLVD","1225",,,,,,,"2","NO INDICATION OF INJURY","0","0","0","0","0","2","0","14","4","2","41.8716123832","-87.6835793862","POINT (-87.683579386185 41.871612383202)"
"c30fa03e45f5a3e5b74db2d1f731157837abe97b5803187c8101fbd4d5603758d13cc23a9e4057162b08bc44f3b449b4874ac12512448d66fd45898b387754df",,"2026-02-18T14:30:00.000","30","NO CONTROLS","NO CONTROLS","CLEAR","DAYLIGHT","ANGLE","NOT DIVIDED",,"STRAIGHT AND LEVEL","DRY","NO DEFECTS","NOT ON SCENE (DESK REPORT)","NO INJURY / DRIVE AWAY",,,"Y","OVER $1,500","2026-02-18T22:30:00.000","FAILING TO YIELD RIGHT-OF-WAY","NOT APPLICABLE","3899","W","FERDINAND ST","1122",,,,,,,"2","NO INDICATION OF INJURY","0","0","0","0","0","2","0","14","4","2","41.8897777603","-87.723421586","POINT (-87.723421585958 41.889777760274)"