"crash_record_id","crash_date_est_i","crash_date","posted_speed_limit","traffic_control_device","device_condition","weather_condition","lighting_condition","first_crash_type","trafficway_type","lane_cnt","alignment","roadway_surface_cond","road_defect","report_type","crash_type","intersection_related_i","private_property_i","hit_and_run_i","damage","date_police_notified","prim_contributory_cause","sec_contributory_cause","street_no","street_direction","street_name","beat_of_occurrence","photos_taken_i","statements_taken_i","dooring_i","work_zone_i","work_zone_type","workers_present_i","num_units","most_severe_injury","injuries_total","injuries_fatal","injuries_incapacitating","injuries_non_incapacitating","injuries_reported_not_evident","injuries_no_indication","injuries_unknown","crash_hour","crash_day_of_week","crash_month","latitude","longitude","location"
"48718b8e492ad2e9a6c755e0ee429e87e0eb7e470c5738f6d5586fdaeff37c08d8dbea044bf0f53e41773029caa29e20d37342c83849409bcd643d960b42ef2f","Y","2026-02-18T14:25:00.000","30","NO CONTROLS","NO CONTROLS","CLEAR","DAYLIGHT","SIDESWIPE SAME DIRECTION","NOT DIVIDED",,"STRAIGHT AND LEVEL","DRY","NO DEFECTS","ON SCENE","NO INJURY / DRIVE AWAY",,,,"$501 - $1,500","2026-02-18T14:25:00.000","UNABLE TO DETERMINE","NOT APPLICABLE","1714","E","82ND ST","414",,,,,,,"2","NO INDICATION OF INJURY","0","0","0","0","0","2","0","14","4","2","41.7461758693","-87.5823462927","POINT (-87.582346292725 41.74617586931)"
"1cd3bfca27886eab134d614593be7ec162aa36017db367b681e8efc3a664cb6c3e29e8fdd99131c62beefd52fcb92833490e9f4c4bd30445527e8745a9bc6d64",,"2026-02-18T14:24:00.000","30","TRAFFIC SIGNAL","FUNCTIONING PROPERLY","CLEAR","DAYLIGHT","REAR END","NOT DIVIDED",,"STRAIGHT AND LEVEL","DRY","NO DEFECTS","NOT ON SCENE (DESK REPORT)","NO INJURY / DRIVE AWAY",,,"Y","$501 - $1,500","2026-02-18T14:48:00.000","FAILING TO REDUCE SPEED TO AVOID CRASH","DISTRACTION - FROM INSIDE VEHICLE","800","S","KEDZIE AVE","1134","Y",,,,,,"2","NO INDICATION OF INJURY","0","0","0","0","0","3","0","14","4","2","41.8709121307","-87.7059695912","POINT (-87.705969591213 41.87091213071)"
"1fbeec7e38bc5229e10fdd0e1b0c9f09c6502acc0f6bf311b227aaf45336fc489cb858cd13b7c83197fef0093bd4b931b2a3b86b7b160f61f580f151ab0e070d",,"2026-02-18T14:20:00.000","30","UNKNOWN","UNKNOWN","CLEAR","DAYLIGHT","REAR END","UNKNOWN",,"STRAIGHT AND LEVEL","DRY","UNKNOWN","NOT ON SCENE (DESK REPORT)","NO INJURY / DRIVE AWAY",,,,"OVER $1,500","2026-02-18T15:00:00.000","NOT APPLICABLE","NOT APPLICABLE","3000","S","HARDING AVE","1031",,,,,,,"2","NO INDICATION OF INJURY","0","0","0","0","0","2","0","14","4","2","41.8386495851","-87.7233218751","POINT (-87.72332187513 41.838649585123)"
"05ca2eb33e4d201da9ceda07e1a87b9e94f3ae769b4b7037113d6e90275cb23b5fcdd83c82a10a3c7a73eb1efaf38da8820b291b6290d97046585f6ff6fe9117",,"2026-02-18T14:15:00.000","20","SCHOOL ZONE","FUNCTIONING PROPERLY","CLEAR","DAYLIGHT","PARKED MOTOR VEHICLE","ONE-WAY",,"STRAIGHT AND LEVEL","DRY","NO DEFECTS","ON SCENE","NO INJURY / DRIVE AWAY",,,,"OVER $1,500","2026-02-18T14:21:00.000","DISTRACTION - FROM INSIDE VEHICLE","DISTRACTION - FROM INSIDE VEHICLE","11526","S","THROOP ST","524",,,,,,,"2","NO INDICATION OF INJURY","0","0","0","0","0","1","0","14","4","2","41.6840916358","-87.6544295187","POINT (-87.654429518655 41.684091635757)"
"5c533cede5e484a4e01b692fc31fe441a3fbdd054517355e6efe4171b0294f655f3a691b84271acad26f732a0c55c9b5646c37b3983c488d27cf2a828599f3ac",,"2026-02-18T14:11:00.000","30","TRAFFIC SIGNAL","FUNCTIONING PROPERLY","CLEAR","DAYLIGHT","TURNING","FOUR WAY",,"STRAIGHT AND LEVEL","DRY","NO DEFECTS","ON SCENE","NO INJURY / DRIVE AWAY",,,,"$500 OR LESS","2026-02-18T15:23:00.000","FOLLOWING TOO CLOSELY","NOT APPLICABLE","7113","S","STONY ISLAND AVE","324",,,,,,,"2","NO INDICATION OF INJURY","0","0","0","0","0","2","0","14","4","2","41.7656167557","-87.5857643003","POINT (-87.585764300309 41.765616755692)"
"585f6b4cc4c78835922b09ea8730146851297aefdd78acdc606d1eba6106a669557b0236cc480666ced6316334a92202c5d1ece6b9e0b62acb7222f1512a242b",,"2026-02-18T14:10:00.000","10","NO CONTROLS","NO CONTROLS","CLEAR","DAYLIGHT","PARKED MOTOR VEHICLE","PARKING LOT",,"STRAIGHT AND LEVEL","DRY","NO DEFECTS","ON SCENE","NO INJURY / DRIVE AWAY",,"Y",,"OVER $1,500","2026-02-18T14:19:00.000","IMPROPER BACKING","NOT APPLICABLE","12000","S","BURLEY AVE","433",,,,,,,"2","NO INDICATION OF INJURY","0","0","0","0","0","2","0","14","4","2","41.6766583635","-87.5450457756","POINT (-87.545045775616 41.676658363516)"
"4bd6caa5e5a422646a60d923ebe6e86b636c2fe6d13b7ea299101ad061044e527f5ad114c029339b7e6095e682cc3fe7ffd557f1d82c82d29bdd2944a8400618",,"2026-02-18T14:00:00.000","30","TRAFFIC SIGNAL","FUNCTIONING PROPERLY","CLEAR","DAYLIGHT","SIDESWIPE SAME DIRECTION","DIVIDED - W/MEDIAN BARRIER",,"STRAIGHT AND LEVEL","DRY","NO DEFECTS","NOT ON SCENE (DESK REPORT)","NO INJURY / DRIVE AWAY",,,,"OVER $1,500","2026-02-21T11:50:00.000","IMPROPER OVERTAKING/PASSING","NOT APPLICABLE","102","S","HAMLIN BLVD","1122",,,,,,,"2","NO INDICATION OF INJURY","0","0","0","0","0","2","0","14","4","2","41.8797116108","-87.7208543521","POINT (-87.720854352136 41.879711610821)"
"b25b91a6664e55fb37de3b7069768a4a9648ad0f89ef8f17689734b32632386623e16d4d1675bc198d9d874e694bd68a96f12f2376cbcf014b13c680759a9d5b",,"2026-02-18T14:00:00.000","30","TRAFFIC SIGNAL","UNKNOWN","UNKNOWN","UNKNOWN","PEDESTRIAN","NOT DIVIDED",,"STRAIGHT AND LEVEL","UNKNOWN","UNKNOWN",,"INJURY AND / OR TOW DUE TO CRASH","Y",,,"$500 OR LESS","2026-02-20T10:55:00.000","FAILING TO YIELD RIGHT-OF-WAY","NOT APPLICABLE","801","E","83RD ST","632",,,,,,,"2","REPORTED, NOT EVIDENT","2","0","0","0","2","0","0","14","4","2","41.743860854","-87.6049683995","POINT (-87.604968399527 41.743860854042)"
"0b0350dd962a88696e795c302ff088d95182f1a8618a678fc2e8efaf1163f64e0d9531709fa0e15fa9cd57b69d91f59ddc7974899be8f2ab3e9fbe3495f2ab84",,"2026-02-18T13:56:00.000","15","NO CONTROLS","NO CONTROLS","CLEAR","DAYLIGHT","PARKED MOTOR VEHICLE","PARKING LOT",,"STRAIGHT AND LEVEL","DRY","NO DEFECTS","NOT ON SCENE (DESK REPORT)","NO INJURY / DRIVE AWAY",,,,"OVER $1,500","2026-02-18T14:35:00.000","UNABLE TO DETERMINE","UNABLE TO DETERMINE","4820","W","LAWRENCE AVE","1623",,,,,,,"2","NO INDICATION OF INJURY","0","0","0","0","0","1","0","13","4","2","41.9681252697","-87.7487396826","POINT (-87.748739682611 41.968125269652)"
"c0d6a40827ec21e58d422779d51cc18a93f3d8558c60d5dbf25621ab7899e9c64f7906aad6e7852c01d44702637a561d8787070ed91c80735cc337c341905439",,"2026-02-18T13:45:00.000","30","TRAFFIC SIGNAL","FUNCTIONING PROPERLY","CLEAR","DAYLIGHT","SIDESWIPE SAME DIRECTION","DIVIDED - W/MEDIAN (NOT RAISED)",,"STRAIGHT AND LEVEL","DRY","NO DEFECTS","ON SCENE","NO INJURY / DRIVE AWAY",,,,"$500 OR LESS","2026-02-18T13:48:00.000","IMPROPER OVERTAKING/PASSING","UNABLE TO DETERMINE","1602","W","79TH ST","611",,,,,,,"2","NO INDICATION OF INJURY","0","0","0","0","0","2","0","13","4","2","41.7504632384","-87.6635530017","POINT (-87.66355300175 41.750463238417)"
"1e28e5a60dafb11bb85a52430c91b88a68da8bba02ccaaa435f9b0db8312b36a6ee824cfee130ba4cec5189b2ba4e9da273dd6315fc4221c611f349083c33d9a",,"2026-02-18T13:40:00.000","30","NO CONTROLS","NO CONTROLS","CLEAR","DAYLIGHT","PARKED MOTOR VEHICLE","ONE-WAY",,"STRAIGHT AND LEVEL","DRY","NO DEFECTS","NOT ON SCENE (DESK REPORT)","NO INJURY / DRIVE AWAY",,,,"OVER $1,500","2026-02-18T14:30:00.000","IMPROPER BACKING","IMPROPER BACKING","3120","S","SPRINGFIELD AVE","1031",,,,,,,"2","NO INDICATION OF INJURY","0","0","0","0","0","1","0","13","4","2","41.8362677201","-87.722041034","POINT (-87.722041033954 41.836267720093)"
"8bc48f7b0f5c64f20761d814a53204b9e30bc140ff6d28b1cd295d61a92fefb9ae2be5a8d287e8616b5fc27edccd08b51641e5a896da00f88213439df98ed46d",,"2026-02-18T13:40:00.000","30","NO CONTROLS","NO CONTROLS","CLEAR","DAYLIGHT","TURNING","NOT DIVIDED",,"STRAIGHT AND LEVEL","DRY","NO DEFECTS","NOT ON SCENE (DESK REPORT)","NO INJURY / DRIVE AWAY",,,,"$501 - $1,500","2026-02-18T14:25:00.000","UNABLE TO DETERMINE","UNABLE TO DETERMINE","1850","E","81ST ST","414",,,,,,,"2","NO INDICATION OF INJURY","0","0","0","0","0","2","0","13","4","2","41.748037221","-87.5796052339","POINT (-87.579605233921 41.748037221046)"
"992b4bd1b84d63fbfb5ef01f23e8a8e4649aa748a905a31477e73c64909af52a3cce14d360a6358e15113d56771d295fa29f0af739431ace39b1ee8a2c41efe4",,"2026-02-18T13:40:00.000","30","NO CONTROLS","NO CONTROLS","CLEAR","DAYLIGHT","TURNING","NOT DIVIDED",,"STRAIGHT AND LEVEL","UNKNOWN","UNKNOWN","NOT ON SCENE (DESK REPORT)","NO INJURY / DRIVE AWAY",,,,"OVER $1,500","2026-02-18T16:37:00.000","DRIVING SKILLS/KNOWLEDGE/EXPERIENCE","NOT APPLICABLE","3222","W","FOSTER AVE","1712",,,,,,,"2","NO INDICATION OF INJURY","0","0","0","0","0","2","0","13","4","2","41.9758474123","-87.7096035578","POINT (-87.709603557759 41.975847412344)"
"6989b46dad20b7cbe3523888f586bdca1b7529b1418088ce3f5d97aa8e101172c98d6e57af61a568a74e1f232e73e0b35b5ab19a3ee4e44f91865f723855faad",,"2026-02-18T13:32:00.000","30","NO CONTROLS","NO CONTROLS","CLEAR","DAYLIGHT","TURNING","NOT DIVIDED",,"STRAIGHT AND LEVEL","DRY","NO DEFECTS","ON SCENE","NO INJURY / DRIVE AWAY",,,,"OVER $1,500","2026-02-18T13:32:00.000","FAILING TO YIELD RIGHT-OF-WAY","NOT APPLICABLE","2335","N","CICERO AVE","2522",,,,,,,"2","NO INDICATION OF INJURY","0","0","0","0","0","3","0","13","4","2","41.9234909575","-87.7461323368","POINT (-87.746132336824 41.923490957508)"
"3e1dc1273bb4646218d0f7a314e5c36769065171638e0a61f5c73fe0e916ce70abd94280d977aa57decf07ae7dd1d94daf8af69603d7a41ce025976e1610347e",,"2026-02-18T13:30:00.000","30","NO CONTROLS","NO CONTROLS","CLEAR","DAYLIGHT","SIDESWIPE SAME DIRECTION","NOT DIVIDED",,"STRAIGHT AND LEVEL","UNKNOWN","UNKNOWN","NOT ON SCENE (DESK REPORT)","NO INJURY / DRIVE AWAY",,,,"OVER $1,500","2026-02-18T14:30:00.000","FAILING TO YIELD RIGHT-OF-WAY","NOT APPLICABLE","7900","S","DREXEL AVE","624",,,,,,,"2","NO INDICATION OF INJURY","0","0","0","0","0","2","0","13","4","2","41.7512211405","-87.602901218","POINT (-87.602901217958 41.751221140537)"
"7952119bfdbe83efc0156c74386e7979238e54e4f35a74645a0226d874ae67b2072cfcf6b3d874cf9861d658177b3c7ed9548fe3989126b55746d673d6de92b5",,"2026-02-18T13:30:00.000","30","TRAFFIC SIGNAL","FUNCTIONING PROPERLY","CLEAR","DAYLIGHT","REAR END","ONE-WAY",,"STRAIGHT AND LEVEL","DRY","NO DEFECTS","NOT ON SCENE (DESK REPORT)","NO INJURY / DRIVE AWAY","Y",,,"$501 - $1,500","2026-02-18T14:00:00.000","FAILING TO YIELD RIGHT-OF-WAY","FAILING TO YIELD RIGHT-OF-WAY","1598","W","VAN BUREN ST","1231",,,,,,,"2","NO INDICATION OF INJURY","0","0","0","0","0","2","0","13","4","2","41.8764606299","-87.6666220791","POINT (-87.666622079113 41.876460629864)"
"bd6e0f68bcede150e4874da8b3f57c0088b97a3d9aa2f1541584999708f2fc425b592f301e325786c9b30571e99504ac27712c2d8cc9a6ec4b1ca8083723be48",,"2026-02-18T13:28:00.000","30","TRAFFIC SIGNAL","FUNCTIONING PROPERLY","CLEAR","DAYLIGHT","REAR END","NOT DIVIDED",,"STRAIGHT AND LEVEL","DRY","NO DEFECTS","NOT ON SCENE (DESK REPORT)","NO INJURY / DRIVE AWAY","Y",,,"$501 - $1,500","2026-02-25T08:30:00.000","IMPROPER OVERTAKING/PASSING","NOT APPLICABLE","100","E","IDA B WELLS DR","114",,,,,,,"2","NO INDICATION OF INJURY","0","0","0","0","0","3","0","13","4","2","41.8758350816","-87.6242128863","POINT (-87.624212886292 41.875835081627)"
"c31fd71212cf6928a8497ac3446848ae05788dc1f95ebaa6755aa1c66cd8461c3fef8f69877d56ac373b7700dcadb499bb171827346521b245251f5ba083519d",,"2026-02-18T13:18:00.000","30","NO CONTROLS","NO CONTROLS","CLEAR","DAYLIGHT","TURNING","DIVIDED - W/MEDIAN BARRIER",,"STRAIGHT AND LEVEL","DRY","NO DEFECTS","ON SCENE","INJURY AND / OR TOW DUE TO CRASH",,,,"OVER $1,500","2026-02-18T13:25:00.000","IMPROPER TURNING/NO SIGNAL","NOT APPLICABLE","3848","N","ASHLAND AVE","1922",,,,,,,"2","NO INDICATION OF INJURY","0","0","0","0","0","2","0","13","4","2","41.9520892484","-87.6691404554","POINT (-87.669140455441 41.952089248373)"
"ff29bb5ea4486e0298c478ac91ecc3450ac0f70860ac1cf7825e0503f43b6e7300d04b588f9d0e395654bcd99693903ddd6cccc715abf34099d0d71a029f40c5","Y","2026-02-18T13:15:00.000","25","UNKNOWN","UNKNOWN","UNKNOWN","DAYLIGHT","SIDESWIPE SAME DIRECTION","NOT DIVIDED",,"STRAIGHT AND LEVEL","UNKNOWN","UNKNOWN","NOT ON SCENE (DESK REPORT)","NO INJURY / DRIVE AWAY",,,,"OVER $1,500","2026-02-24T15:15:00.000","UNABLE TO DETERMINE","UNABLE TO DETERMINE","1598","W","VAN BUREN ST","1231",,,,,,,"2","NO INDICATION OF INJURY","0","0","0","0","0","2","0","13","4","2","41.8764606299","-87.6666220791","POINT (-87.666622079113 41.876460629864)"
"5ef1428711677ef2be41522e746c8eb4a783597978db7e2a840ece98f69f70f67094f2a5e4a05278e6637227586ceae9f281a2a8677c53f60bfbad2a56e1a6d4",,"2026-02-18T13:00:00.000","20","NO CONTROLS","NO CONTROLS","UNKNOWN","DAYLIGHT","PARKED MOTOR VEHICLE","ONE-WAY",,"STRAIGHT AND LEVEL","UNKNOWN","UNKNOWN","NOT ON SCENE (DESK REPORT)","NO INJURY / DRIVE AWAY",,,,"OVER $1,500","2026-02-20T14:15:00.000","UNABLE TO DETERMINE","NOT APPLICABLE","2233","N","MELVINA AVE","2512",,,,,,,"2","NO INDICATION OF INJURY","0","0","0","0","0","1","0","13","4","2","41.9211573599","-87.7803469802","POINT (-87.780346980227 41.921157359948)"
"1595605b9a7fba651002e745c8f2a31093a77f5a462d72c6c9d1630bb19bbfac4bfb6457e64b76859a89921036ff6fc18fe7d15a8f8e6c02a62e828fb92bfd61",,"2026-02-18T12:56:00.000","30","TRAFFIC SIGNAL","NO CONTROLS","CLEAR","DAYLIGHT","TURNING","NOT DIVIDED",,"STRAIGHT AND LEVEL","DRY","NO DEFECTS","ON SCENE","NO INJURY / DRIVE AWAY",,,,"OVER $1,500","2026-02-18T13:00:00.000","UNABLE TO DETERMINE","UNABLE TO DETERMINE","3253","W","COLUMBUS AVE","834",,,,,,,"2","NO INDICATION OF INJURY","0","0","0","0","0","2","0","12","4","2","41.7494137197","-87.7038211932","POINT (-87.703821193174 41.749413719651)"
"66122e0cedd615002cd907ec789fc79c5c878026a1c01f0ffebb270ed0ab14761e1eab203e8751f4ba8dcb3c5604cd4c25bd80bba521c1386f9c818a0f700d57",,"2026-02-18T12:50:00.000","30","TRAFFIC SIGNAL","FUNCTIONING PROPERLY","CLEAR","DAYLIGHT","TURNING","FOUR WAY",,"STRAIGHT AND LEVEL","DRY","UNKNOWN","ON SCENE","INJURY AND / OR TOW DUE TO CRASH","Y",,,"OVER $1,500","2026-02-18T15:44:00.000","IMPROPER TURNING/NO SIGNAL","UNABLE TO DETERMINE","1601","E","71ST ST","324",,,,,,,"2","NO INDICATION OF INJURY","0","0","0","0","0","2","0","12","4","2","41.7658669164","-87.5858889192","POINT (-87.5858889192 41.765866916387)"
"ee85641621a532ea343808d9282bc1c2c515308477341826a5699e7850fe85887c88ba5a8d5ef2c4a1510a5d74135de114e03f771472e4a86fb769e89733d7ac",,"2026-02-18T12:47:00.000","30","STOP SIGN/FLASHER","FUNCTIONING PROPERLY","CLEAR","DAYLIGHT","PARKED MOTOR VEHICLE","ONE-WAY",,"STRAIGHT AND LEVEL","DRY","NO DEFECTS","ON SCENE","NO INJURY / DRIVE AWAY",,,"Y","OVER $1,500","2026-02-20T16:50:00.000","UNABLE TO DETERMINE","NOT APPLICABLE","2853","N","ROCKWELL ST","1411",,,,,,,"2","NO INDICATION OF INJURY","0","0","0","0","0","1","0","12","4","2","41.9336877521","-87.6926577598","POINT (-87.692657759811 41.933687752094)"
"8234425b7254eab5ad464a6fab32bb9bce0f9fa002e4d863a463ae96860290e9eecb40090a3a887f63af5ffc7d71193e0cb82656af47435d5aaff2c59bdd802a",,"2026-02-18T12:40:00.000","35","NO CONTROLS","NO CONTROLS","CLEAR","DAYLIGHT","REAR END","DIVIDED - W/MEDIAN (NOT RAISED)",,"STRAIGHT AND LEVEL","DRY","NO DEFECTS","ON SCENE","INJURY AND / OR TOW DUE TO CRASH",,,,"OVER $1,500","2026-02-18T12:43:00.000","FOLLOWING TOO CLOSELY","UNABLE TO DETERMINE","3700","W","PETERSON AVE","1711",,,,,,,"2","NO INDICATION OF INJURY","0","0","0","0","0","2","0","12","4","2","41.9903381658","-87.7214903865","POINT (-87.721490386516 41.990338165844)"
"61c15b6b8d843a157c7280ee403979e450acb0fbed0db5e90c9f133ee9c994c3e122f97b134771d6a8058f3c155a88cb40c541c839b31afe38580a0b1a168170",,"2026-02-18T12:35:00.000","30","TRAFFIC SIGNAL","FUNCTIONING PROPERLY","CLEAR","DAYLIGHT","REAR END","NOT DIVIDED",,"STRAIGHT AND LEVEL","DRY","NO DEFECTS","ON SCENE","NO INJURY / DRIVE AWAY",,,,"OVER $1,500","2026-02-18T12:40:00.000","FOLLOWING TOO CLOSELY","UNDER THE INFLUENCE OF ALCOHOL/DRUGS (USE WHEN ARREST IS EFFECTED)","6258","S","KEDZIE AVE","823",,,,,,,"2","NO INDICATION OF INJURY","0","0","0","0","0","3","0","12","4","2","41.7790186331","-87.7032838823","POINT (-87.703283882332 41.779018633099)"
"5c13691cfbf8b5ad7a58d50f6ddc8ed099bae76e013fe2a4df65781d722105955d4e09165b9eef7950bcd40bed8892c261139e5f898dedcdcca5481ea6dc2cee",,"2026-02-18T12:30:00.000","30","NO CONTROLS","NO CONTROLS","CLEAR","DAYLIGHT","SIDESWIPE SAME DIRECTION","NOT DIVIDED",,"STRAIGHT AND LEVEL","UNKNOWN","UNKNOWN","NOT ON SCENE (DESK REPORT)","NO INJURY / DRIVE AWAY",,,,"OVER $1,500","2026-02-18T13:15:00.000","IMPROPER OVERTAKING/PASSING","NOT APPLICABLE","1550","E","95TH ST","413",,,,,,,"2","NO INDICATION OF INJURY","0","0","0","0","0","2","0","12","4","2","41.7224418494","-87.5856590267","POINT (-87.585659026706 41.722441849428)"
"7fa90ff6862027137b9d2ccd59c5c0b555a13d6724dc5a50208ca720309ec666c03691cb63f394dd0e9b7c8ea7407e65382980b654ad6db6acf210894fcabdcc",,"2026-02-18T12:30:00.000","30","TRAFFIC SIGNAL","FUNCTIONING PROPERLY","CLEAR","DAYLIGHT","TURNING","NOT DIVIDED",,"STRAIGHT ON GRADE","DRY","NO DEFECTS","ON SCENE","INJURY AND / OR TOW DUE TO CRASH","Y",,,"OVER $1,500","2026-02-18T12:33:00.000","FAILING TO YIELD RIGHT-OF-WAY","DRIVING SKILLS/KNOWLEDGE/EXPERIENCE","5100","S","RACINE AVE","934",,,,,,,"2","NO INDICATION OF INJURY","0","0","0","0","0","3","0","12","4","2","41.8013582643","-87.6552031973","POINT (-87.655203197348 41.801358264272)"
"aac686e67b76cc09584c671098d8ba3ce6bcc7968b547cd1237faec01a453f41b45d0b6f08c2c475c97fdf51fa9f357d62a4f9c203036138cbd94238ed919d13",,"2026-02-18T12:30:00.000","30","NO CONTROLS","NO CONTROLS","CLEAR","DAYLIGHT","PARKED MOTOR VEHICLE","NOT DIVIDED",,"STRAIGHT AND LEVEL","DRY","NO DEFECTS","NOT ON SCENE (DESK REPORT)","NO INJURY / DRIVE AWAY",,,"Y","$501 - $1,500","2026-02-18T12:50:00.000","UNABLE TO DETERMINE","UNABLE TO DETERMINE","321","N","CENTRAL AVE","1523",,,,,,,"2","NO INDICATION OF INJURY","0","0","0","0","0","1","0","12","4","2","41.8863842787","-87.7649341333","POINT (-87.76493413332 41.886384278721)"
"aac12b7062c322c60122cbaeb04ae726bdf0865534323ef0c6f1cdc695cabd4e48b0d23e1cb6633a689988b13a2059a02216c63adfe328a44dc30e1dbc0cfe1e",,"2026-02-18T12:21:00.000","30","TRAFFIC SIGNAL","FUNCTIONING PROPERLY","CLEAR","DAYLIGHT","TURNING","NOT DIVIDED",,"STRAIGHT AND LEVEL","DRY","NO DEFECTS",,"INJURY AND / OR TOW DUE TO CRASH","Y",,,"OVER $1,500","2026-02-18T12:21:00.000","IMPROPER TURNING/NO SIGNAL","UNABLE TO DETERMINE","9500","S","PAXTON AVE","431",,,,,,,"2","REPORTED, NOT EVIDENT","1","0","0","0","1","1","0","12","4","2","41.722454974","-87.5706738059","POINT (-87.570673805878 41.722454974015)"
"e39200a6138a50df148c4a8f090668b78aaa59a0d3b60001cf2ced5334fc08b15225319ee23e39c271a183120292bd8c1cbdeb3ce5432d7c0bb375c8bf719d10",,"2026-02-18T12:21:00.000","30","NO CONTROLS","NO CONTROLS","CLEAR","DAYLIGHT","PARKED MOTOR VEHICLE","NOT DIVIDED",,"STRAIGHT AND LEVEL","DRY","OTHER","ON SCENE","NO INJURY / DRIVE AWAY",,,,"OVER $1,500","2026-02-18T12:35:00.000","DRIVING SKILLS/KNOWLEDGE/EXPERIENCE","NOT APPLICABLE","4008","S","CALIFORNIA AVE","921",,,,,,,"2","NO INDICATION OF INJURY","0","0","0","0","0","2","0","12","4","2","41.8206993649","-87.6947358948","POINT (-87.694735894808 41.820699364906)"
"96e0b5573d37d84e17cd3669d4bfe466d271f75793e72d974ba4fe2506d7e0ccde845fd53377d91f360f3783492d11ee2456c4d46114bf34433e938dc76a9611",,"2026-02-18T12:11:00.000","30","NO CONTROLS","NO CONTROLS","CLEAR","DAYLIGHT","SIDESWIPE SAME DIRECTION","DIVIDED - W/MEDIAN (NOT RAISED)",,"STRAIGHT AND LEVEL","DRY","NO DEFECTS","ON SCENE","NO INJURY / DRIVE AWAY",,,,"$501 - $1,500","2026-02-18T12:11:00.000","UNABLE TO DETERMINE","UNABLE TO DETERMINE","4532","W","ADDISON ST","1731",,,,,,,"2","NO INDICATION OF INJURY","0","0","0","0","0","2","0","12","4","2","41.9463124021","-87.7406708283","POINT (-87.740670828336 41.94631240214)"
"23e182d659fec689dc1ddf5e5717f0661b36ccc80f3ae106b3890b742d5da123c62d1de0340db4d3977c5805eb8257384ad7abeecabdf462e1ec33ef3cceba32",,"2026-02-18T12:10:00.000","30","NO CONTROLS","NO CONTROLS","CLEAR","DAYLIGHT","PARKED MOTOR VEHICLE","OTHER",,"STRAIGHT AND LEVEL","DRY","NO DEFECTS","NOT ON SCENE (DESK REPORT)","NO INJURY / DRIVE AWAY",,,"Y","$501 - $1,500","2026-02-26T10:30:00.000","UNABLE TO DETERMINE","UNABLE TO DETERMINE","3120","N","BROADWAY","1934",,,,,,,"2","NO INDICATION OF INJURY","0","0","0","0","0","1","0","12","4","2","41.9382939864","-87.6444881625","POINT (-87.64448816245 41.938293986409)"
"66c97489c4eb3452945b9403a14352e40a0c5176215fdacd2bff183de749f122d8e5c3b9f6ed43e91a88f06c9d99a68cc60e5c13b9f076ab44ca9d76c3a91f2d",,"2026-02-18T12:10:00.000","30","NO CONTROLS","NO CONTROLS","CLEAR","DAYLIGHT","TURNING","DIVIDED - W/MEDIAN (NOT RAISED)",,"STRAIGHT AND LEVEL","DRY","NO DEFECTS","NOT ON SCENE (DESK REPORT)","NO INJURY / DRIVE AWAY",,,,"OVER $1,500","2026-02-18T13:30:00.000","FAILING TO REDUCE SPEED TO AVOID CRASH","UNABLE TO DETERMINE","500","E","79TH ST","624",,,,,,,"2","NO INDICATION OF INJURY","0","0","0","0","0","2","0","12","4","2","41.7512694422","-87.61244436","POINT (-87.612444359957 41.751269442221)"
"921a0644b5993224e149a9184a526b8fc978165b65ad760235a9f811163e53903f5b68f749733331fa43fad27ca58a29076c733e2f542d1dba88a4680a1a8a6e",,"2026-02-18T12:10:00.000","30","NO CONTROLS","NO CONTROLS","CLEAR","DAYLIGHT","SIDESWIPE SAME DIRECTION","DIVIDED - W/MEDIAN (NOT RAISED)",,"STRAIGHT AND LEVEL","DRY","NO DEFECTS","ON SCENE","INJURY AND / OR TOW DUE TO CRASH",,,,"OVER $1,500","2026-02-18T12:13:00.000","IMPROPER LANE USAGE","IMPROPER OVERTAKING/PASSING","528","W","47TH ST","925",,,,,,,"2","REPORTED, NOT EVIDENT","1","0","0","0","1","1","0","12","4","2","41.8090869266","-87.6394230036","POINT (-87.639423003573 41.80908692664)"
"51dc364c2c185727627ed38ca60252c17f8c26ab120140da5405e8ce368fa4b69e897c85d35fbc98a3078c2f5b7300e4ce2d3b233cdad5b26bd02e761494ef31","N","2026-02-18T12:06:00.000","30","NO CONTROLS","NO CONTROLS","CLEAR","DAYLIGHT","REAR END","DIVIDED - W/MEDIAN (NOT RAISED)",,"STRAIGHT AND LEVEL","UNKNOWN","UNKNOWN","ON SCENE","NO INJURY / DRIVE AWAY",,,"Y","$500 OR LESS","2026-02-18T12:15:00.000","DRIVING SKILLS/KNOWLEDGE/EXPERIENCE","UNABLE TO DETERMINE","1933","N","KEDZIE AVE","1421",,,,,,,"2","NO INDICATION OF INJURY","0","0","0","0","0","2","0","12","4","2","41.9165771565","-87.7067964468","POINT (-87.706796446804 41.916577156526)"
"0de44f393a80a8be40e383e09378cbce94f657f189a9b5aeeb5fb9fb4db5e5bb6e03c42912bac33990d89e0efba7308d401c311b54ca7d4a41382011f6c13e18",,"2026-02-18T12:05:00.000","30","NO CONTROLS","NO CONTROLS","CLEAR","DAYLIGHT","REAR TO SIDE","PARKING LOT",,"STRAIGHT AND LEVEL","DRY","NO DEFECTS","ON SCENE","NO INJURY / DRIVE AWAY",,,"Y","$500 OR LESS","2026-02-18T12:08:00.000","FAILING TO YIELD RIGHT-OF-WAY","UNABLE TO DETERMINE","2801","N","CENTRAL AVE","2514",,,,,,,"3","NO INDICATION OF INJURY","0","0","0","0","0","3","0","12","4","2","41.9313713149","-87.7661026335","POINT (-87.766102633534 41.931371314905)"