"crash_record_id","crash_date_est_i","crash_date","posted_speed_limit","traffic_control_device","device_condition","weather_condition","lighting_condition","first_crash_type","trafficway_type","lane_cnt","alignment","roadway_surface_cond","road_defect","report_type","crash_type","intersection_related_i","private_property_i","hit_and_run_i","damage","date_police_notified","prim_contributory_cause","sec_contributory_cause","street_no","street_direction","street_name","beat_of_occurrence","photos_taken_i","statements_taken_i","dooring_i","work_zone_i","work_zone_type","workers_present_i","num_units","most_severe_injury","injuries_total","injuries_fatal","injuries_incapacitating","injuries_non_incapacitating","injuries_reported_not_evident","injuries_no_indication","injuries_unknown","crash_hour","crash_day_of_week","crash_month","latitude","longitude","location"
"d5369af11c1558d7309929e1b28857d28bc16f89c4c4969177dcccb239b897e4130b7f30b4d1bb9ee151b507513fd1df4d070ced480fa359e716d5ebc33a35a5",,"2026-02-18T11:52:00.000","20","STOP SIGN/FLASHER","FUNCTIONING PROPERLY","CLEAR","DAYLIGHT","ANGLE","FOUR WAY",,"STRAIGHT AND LEVEL","DRY","NO DEFECTS","ON SCENE","NO INJURY / DRIVE AWAY",,,"Y","OVER $1,500","2026-02-18T11:55:00.000","UNABLE TO DETERMINE","NOT APPLICABLE","999","W","GEORGE ST","1933",,,,,,,"2","NO INDICATION OF INJURY","0","0","0","0","0","2","0","11","4","2","41.9343446439","-87.6537968429","POINT (-87.653796842912 41.93434464386)"
"803136eb32816bfee7bd8bcc0e19cc9c9cc91bdcc617d5952f48d92977aeb6f751d0b770708ce88b0028c3acfe4d67c22b2cc007371f72afa09e55b4ccdacac7",,"2026-02-18T11:50:00.000","30","TRAFFIC SIGNAL","FUNCTIONING PROPERLY","CLEAR","DAYLIGHT","TURNING","NOT DIVIDED",,"STRAIGHT AND LEVEL","DRY","NO DEFECTS","ON SCENE","NO INJURY / DRIVE AWAY","Y",,,"OVER $1,500","2026-02-18T11:54:00.000","DRIVING SKILLS/KNOWLEDGE/EXPERIENCE","NOT APPLICABLE","87","W","87TH ST","634",,,,,,,"2","NO INDICATION OF INJURY","0","0","0","0","0","2","0","11","4","2","41.7361451282","-87.626917844","POINT (-87.626917843973 41.736145128237)"
"0d5c85b9c3c2f59d02ded68c960eaf8f79a5e08889a9a7ed8888892d0c4ad30292f1ca609efd2ea533c5478f9943149a1a0e01e3102e61d4f84402a175e20f12",,"2026-02-18T11:45:00.000","30","TRAFFIC SIGNAL","UNKNOWN","CLEAR","DAYLIGHT","REAR END","DIVIDED - W/MEDIAN (NOT RAISED)",,"STRAIGHT AND LEVEL","DRY","UNKNOWN","NOT ON SCENE (DESK REPORT)","NO INJURY / DRIVE AWAY",,,,"OVER $1,500","2026-02-18T12:05:00.000","FOLLOWING TOO CLOSELY","FOLLOWING TOO CLOSELY","1000","W","59TH ST","712",,,,,,,"2","NO INDICATION OF INJURY","0","0","0","0","0","2","0","11","4","2","41.7870652458","-87.6498910323","POINT (-87.649891032291 41.787065245827)"
"3db903534877c6ee8acd320d6c106a5df898e2035af8b5f185a3d754b65b03e94f35f43fe2021cef259fd69624e83ab34a77407937e0310398b3e6e3f1aa3ccb",,"2026-02-18T11:45:00.000","30","NO CONTROLS","NO CONTROLS","CLEAR","DAYLIGHT","PARKED MOTOR VEHICLE","ONE-WAY",,"STRAIGHT AND LEVEL","DRY","NO DEFECTS","NOT ON SCENE (DESK REPORT)","NO INJURY / DRIVE AWAY",,,"Y","OVER $1,500","2026-02-18T14:45:00.000","UNABLE TO DETERMINE","UNABLE TO DETERMINE","659","W","WASHINGTON BLVD","121",,,,,,,"2","NO INDICATION OF INJURY","0","0","0","0","0","1","0","11","4","2","41.8830517352","-87.645064442","POINT (-87.645064442023 41.8830517352)"
"2ab7e9be44435e5f33ad963255727812d5f446a32780941c187cf20a35ac9fb6e78760ba24622785a64d805561be57783e4a341bd1fa61406699ad11b6122c03",,"2026-02-18T11:30:00.000","25","NO CONTROLS","NO CONTROLS","CLEAR","DAYLIGHT","PARKED MOTOR VEHICLE","ONE-WAY",,"STRAIGHT AND LEVEL","DRY","NO DEFECTS","NOT ON SCENE (DESK REPORT)","NO INJURY / DRIVE AWAY",,,,"$501 - $1,500","2026-02-18T11:55:00.000","IMPROPER BACKING","UNABLE TO DETERMINE","4751","N","AVERS AVE","1723",,,,,,,"2","NO INDICATION OF INJURY","0","0","0","0","0","1","0","11","4","2","41.9679878722","-87.7242110612","POINT (-87.724211061185 41.967987872191)"
"6a291ffec62e02164d4fb6a3b8452058e6a1fdad00b9f4710c9d5cfbc8a4edd71fc68cd7ed5fa013f7d02cdbc2c3d8adad67e4ce101833153c334fce710a9ff9",,"2026-02-18T11:20:00.000","30","TRAFFIC SIGNAL","FUNCTIONING PROPERLY","CLEAR","DAYLIGHT","SIDESWIPE SAME DIRECTION","NOT DIVIDED",,"STRAIGHT AND LEVEL","DRY","NO DEFECTS","ON SCENE","NO INJURY / DRIVE AWAY","Y",,"Y","$500 OR LESS","2026-02-18T11:30:00.000","IMPROPER LANE USAGE","NOT APPLICABLE","1397","W","FULTON ST","1215",,,,,,,"2","NO INDICATION OF INJURY","0","0","0","0","0","2","0","11","4","2","41.8864763854","-87.6624588335","POINT (-87.662458833524 41.886476385351)"
"05d09a2220a2101235406fdc7562339764d25537875bcf6f5352a9d073f792ca513259c9411c49b992f5a4bf8d688170b559febcef59bb56db9ff586159a974f",,"2026-02-18T11:15:00.000","45","NO CONTROLS","NO CONTROLS","CLEAR","DAYLIGHT","OTHER OBJECT","OTHER",,"STRAIGHT AND LEVEL","DRY","RUT, HOLES","NOT ON SCENE (DESK REPORT)","INJURY AND / OR TOW DUE TO CRASH",,,,"$501 - $1,500","2026-02-18T13:10:00.000","NOT APPLICABLE","NOT APPLICABLE","483","N","LAKE SHORE DR NB","1834",,,,,,,"1","NO INDICATION OF INJURY","0","0","0","0","0","1","0","11","4","2","41.8906989154","-87.6137404536","POINT (-87.613740453556 41.890698915431)"
"e230e8cc1ef227754fed86c8efafd69f85ad0bbd60a5ad2983c2ebded8934b6d7faa55f0b130d50ea66db337bb504bd5f840cd02d071987b080b3b11e1e707f1",,"2026-02-18T11:10:00.000","30","NO CONTROLS","NO CONTROLS","CLEAR","DAYLIGHT","PARKED MOTOR VEHICLE","ONE-WAY",,"STRAIGHT AND LEVEL","DRY","NO DEFECTS","ON SCENE","INJURY AND / OR TOW DUE TO CRASH",,,,"OVER $1,500","2026-02-18T11:20:00.000","UNABLE TO DETERMINE","NOT APPLICABLE","602","W","85TH ST","622",,,,,,,"3","NO INDICATION OF INJURY","0","0","0","0","0","1","0","11","4","2","41.739742668","-87.6389132261","POINT (-87.638913226067 41.739742668004)"
"0166976c82929e43be3bff3cbdf91aac494854fd1d889ff01cf155adab481d8abf499860eac2175add1dc027c5e5d61629c66cb5947ef4a271a53a2c32c81715",,"2026-02-18T11:00:00.000","30","NO CONTROLS","NO CONTROLS","CLEAR","DAYLIGHT","SIDESWIPE SAME DIRECTION","DIVIDED - W/MEDIAN BARRIER",,"STRAIGHT AND LEVEL","DRY","NO DEFECTS","NOT ON SCENE (DESK REPORT)","NO INJURY / DRIVE AWAY",,,"Y","OVER $1,500","2026-02-18T21:10:00.000","UNABLE TO DETERMINE","NOT APPLICABLE","3800","W","71ST ST","833",,,,,,,"2","NO INDICATION OF INJURY","0","0","0","0","0","4","0","11","4","2","41.7642740274","-87.7175594892","POINT (-87.7175594892 41.764274027373)"
"26c8ecb3d26ac231067fab79b265b96191aa5a548977d7bf79d4776425d95f5559940dd03fbefac67925a35c84ffcb68aef1c295e036a2b3384a092f5e15a6f3",,"2026-02-18T11:00:00.000","30","TRAFFIC SIGNAL","FUNCTIONING PROPERLY","CLEAR","DAYLIGHT","REAR END","NOT DIVIDED",,"STRAIGHT AND LEVEL","DRY","UNKNOWN","NOT ON SCENE (DESK REPORT)","NO INJURY / DRIVE AWAY",,,"Y","OVER $1,500","2026-02-18T12:05:00.000","UNABLE TO DETERMINE","UNABLE TO DETERMINE","4710","S","WESTERN AVE","922",,,,,,,"2","NO INDICATION OF INJURY","0","0","0","0","0","2","0","11","4","2","41.808041333","-87.6845605119","POINT (-87.684560511949 41.808041332965)"
"e855bcf934b926c4a0232413eaebd3eaf69d46b071cdc6e87fd11826714e30afedf58509d0578987000eaf80968696f4173fe78563ca14cf9f30f52010e98062",,"2026-02-18T11:00:00.000","30","TRAFFIC SIGNAL","FUNCTIONING PROPERLY","CLEAR","DAYLIGHT","REAR END","FOUR WAY",,"STRAIGHT AND LEVEL","DRY","NO DEFECTS","NOT ON SCENE (DESK REPORT)","NO INJURY / DRIVE AWAY","Y",,"Y","OVER $1,500","2026-02-18T13:20:00.000","FOLLOWING TOO CLOSELY","NOT APPLICABLE","9500","S","HALSTED ST","2223",,,,,,,"2","NO INDICATION OF INJURY","0","0","0","0","0","2","0","11","4","2","41.7213650608","-87.6433580423","POINT (-87.643358042341 41.721365060783)"
"ad08ef560b204f31875a5ab33fdd483113b0b365d2e7c6d1555169ebf939b28652366284d75dcd8b2355dad839af9d809c0a61fe5002fe43229632c3d7af192b",,"2026-02-18T10:45:00.000","30","NO CONTROLS","NO CONTROLS","CLEAR","DAYLIGHT","SIDESWIPE SAME DIRECTION","ONE-WAY",,"STRAIGHT AND LEVEL","DRY","NO DEFECTS","NOT ON SCENE (DESK REPORT)","NO INJURY / DRIVE AWAY",,,,"$501 - $1,500","2026-02-18T11:00:00.000","IMPROPER OVERTAKING/PASSING","UNABLE TO DETERMINE","116","N","LECLAIRE AVE","1532",,,,,,,"2","NO INDICATION OF INJURY","0","0","0","0","0","2","0","10","4","2","41.882310032","-87.7528361757","POINT (-87.752836175653 41.882310031961)"
"37a4c8be47aaebe3a9151380f5ac67e8833d071ad09d16588799d174d1d2c27af9f5b6da3d5eec714261a12450047503b5b994a58b6b4b36f75224e133656778",,"2026-02-18T10:40:00.000","30","TRAFFIC SIGNAL","FUNCTIONING PROPERLY","CLEAR","DAYLIGHT","TURNING","FOUR WAY",,"STRAIGHT AND LEVEL","DRY","NO DEFECTS","ON SCENE","NO INJURY / DRIVE AWAY","Y",,,"$501 - $1,500","2026-02-18T10:43:00.000","FOLLOWING TOO CLOSELY","FOLLOWING TOO CLOSELY","7100","S","DORCHESTER AVE","324",,"Y",,,,,"2","NO INDICATION OF INJURY","0","0","0","0","0","7","0","10","4","2","41.7659677396","-87.5911389321","POINT (-87.591138932125 41.76596773958)"
"17100cf362966f4282fd06b1795a13fa31b69bc80379756e687eb4551e112d769b76010b99d6dc9cdf67f65908835c80004d09262c75004a826d110330f73190",,"2026-02-18T10:30:00.000","30","NO CONTROLS","NO CONTROLS","CLEAR","DAYLIGHT","PARKED MOTOR VEHICLE","NOT DIVIDED",,"STRAIGHT AND LEVEL","DRY","NO DEFECTS","NOT ON SCENE (DESK REPORT)","NO INJURY / DRIVE AWAY",,,"Y","$501 - $1,500","2026-02-18T14:45:00.000","NOT APPLICABLE","NOT APPLICABLE","1525","E","55TH ST","235",,,,,,,"2","NO INDICATION OF INJURY","0","0","0","0","0","1","0","10","4","2","41.7950812256","-87.5881784914","POINT (-87.588178491439 41.795081225637)"
"1b0f2ecc1a1ebfd16f28927ff529b3a6b76adcd02df9954439b45bbecedd9b6c3b5bb8166171105bbd1887ca140096e325ec90a4c5021cb914cef045158377d1",,"2026-02-18T10:14:00.000","30","TRAFFIC SIGNAL","FUNCTIONING PROPERLY","CLEAR","DAYLIGHT","REAR END","DIVIDED - W/MEDIAN (NOT RAISED)",,"STRAIGHT AND LEVEL","DRY","NO DEFECTS","ON SCENE","NO INJURY / DRIVE AWAY",,,,"$501 - $1,500","2026-02-18T10:16:00.000","FOLLOWING TOO CLOSELY","NOT APPLICABLE","1101","E","87TH ST","412",,,,,,,"2","NO INDICATION OF INJURY","0","0","0","0","0","2","0","10","4","2","41.7366420986","-87.5974393109","POINT (-87.597439310855 41.73664209856)"
"00c1cfe2926dd92425ee027a6af6e42f97b706dc777c938bb3af369d332f0bd2325726e4c9a99ffb6200efee19a347cf1386b7f68e0f3705a3997972605f8f13",,"2026-02-18T10:00:00.000","30","TRAFFIC SIGNAL","FUNCTIONING PROPERLY","CLEAR","DAYLIGHT","REAR END","FOUR WAY",,"STRAIGHT AND LEVEL","DRY","NO DEFECTS","NOT ON SCENE (DESK REPORT)","NO INJURY / DRIVE AWAY",,,"Y","OVER $1,500","2026-02-18T11:00:00.000","UNABLE TO DETERMINE","UNABLE TO DETERMINE","98","S","ASHLAND AVE","1224",,,,,,,"2","NO INDICATION OF INJURY","0","0","0","0","0","2","0","10","4","2","41.880198066","-87.6669068524","POINT (-87.666906852434 41.880198065998)"
"3d73517e3d96c0c5c16281446308b1eb1037b5a4802bc0a60382dc44696ee8af6786e45603ca11779a7d33147d0becde8ec593cf092206210cab9d1b744b830d",,"2026-02-18T10:00:00.000","30","STOP SIGN/FLASHER","FUNCTIONING PROPERLY","CLEAR","DAYLIGHT","REAR TO FRONT","NOT DIVIDED",,"STRAIGHT AND LEVEL","WET","NO DEFECTS","ON SCENE","NO INJURY / DRIVE AWAY",,,,"$501 - $1,500","2026-02-18T10:11:00.000","UNABLE TO DETERMINE","UNABLE TO DETERMINE","206","N","CARPENTER ST","1214",,,,,,,"2","NO INDICATION OF INJURY","0","0","0","0","0","2","0","10","4","2","41.8858146166","-87.6534579431","POINT (-87.653457943068 41.885814616572)"
"5f29cf7b15c8d1847cfc879e2b88086036b8c1798e6e9c1ea9d8f3db04adaebf3acd017390e64337ae52b7b644fddab6ca1c0fd2bda5bd8a688d7d49660ad5c7",,"2026-02-18T10:00:00.000","30","NO CONTROLS","NO CONTROLS","CLEAR","DAYLIGHT","SIDESWIPE SAME DIRECTION","NOT DIVIDED",,"STRAIGHT AND LEVEL","UNKNOWN","UNKNOWN","NOT ON SCENE (DESK REPORT)","NO INJURY / DRIVE AWAY",,,,"$501 - $1,500","2026-02-18T14:25:00.000","UNABLE TO DETERMINE","UNABLE TO DETERMINE","3247","W","79TH ST","834",,,,,,,"2","NO INDICATION OF INJURY","0","0","0","0","0","2","0","10","4","2","41.7496076695","-87.7041435891","POINT (-87.704143589113 41.74960766952)"
"270e945406c217abae2dcb92df28440ba8df4357db0c356cb1c012658661061c6e72607139cf4bfc8257309310a026fbf6b45bc868e238d282933fe6557796c3",,"2026-02-18T09:30:00.000","30","STOP SIGN/FLASHER","FUNCTIONING PROPERLY","CLEAR","DAYLIGHT","TURNING","T-INTERSECTION",,"STRAIGHT AND LEVEL","DRY","UNKNOWN","NOT ON SCENE (DESK REPORT)","NO INJURY / DRIVE AWAY","Y",,,"OVER $1,500","2026-02-18T09:50:00.000","UNABLE TO DETERMINE","NOT APPLICABLE","7900","S","PARNELL AVE","621",,,,,,,"2","NO INDICATION OF INJURY","0","0","0","0","0","2","0","9","4","2","41.7506345666","-87.6380889574","POINT (-87.638088957395 41.75063456665)"
"85b5e6aa4cae63a6db2c9d15f99f7dbe0979b7d695dd3dd60e3fd46957e150479b26983f717a483b47a60b30ba2c0fe9fb63b46cbcd5beac1e15ae79115d91b3",,"2026-02-18T09:30:00.000","10","NO CONTROLS","NO CONTROLS","CLEAR","DAYLIGHT","PARKED MOTOR VEHICLE","DRIVEWAY",,"STRAIGHT AND LEVEL","DRY","NO DEFECTS","NOT ON SCENE (DESK REPORT)","NO INJURY / DRIVE AWAY",,,,"$500 OR LESS","2026-02-18T10:40:00.000","UNABLE TO DETERMINE","UNABLE TO DETERMINE","6939","W","59TH ST","811",,,,,,,"2","NO INDICATION OF INJURY","0","0","0","0","0","1","0","9","4","2","41.7846826798","-87.795337237","POINT (-87.795337237043 41.784682679783)"
"bee531775cae1e42aac294f71e0dbd2520c362d69cc47ec2cb4d6d0bfb6ae101ca06ac97b705e52404f7102695bb8a4bed69bf0a1ece9dbfb5a020368f968213",,"2026-02-18T09:30:00.000","30","NO CONTROLS","NO CONTROLS","CLEAR","DAYLIGHT","ANGLE","NOT DIVIDED",,"STRAIGHT AND LEVEL","DRY","UNKNOWN","NOT ON SCENE (DESK REPORT)","NO INJURY / DRIVE AWAY",,,,"OVER $1,500","2026-02-18T10:50:00.000","UNABLE TO DETERMINE","UNABLE TO DETERMINE","630","N","CLARK ST","1832",,,,,,,"2","NO INDICATION OF INJURY","0","0","0","0","0","2","0","9","4","2","41.8932678435","-87.6313159289","POINT (-87.631315928926 41.893267843545)"
"1bf84f3ad065051fe83d5e8365acf2628bc7ea1a72fdd570f7228c30114d0600668d7166951d5acea42857afed412b24435e9ee0fb88864224f38eea90e513ac",,"2026-02-18T09:29:00.000","30","TRAFFIC SIGNAL","FUNCTIONING PROPERLY","CLEAR","DAYLIGHT","PARKED MOTOR VEHICLE","FOUR WAY",,"STRAIGHT AND LEVEL","DRY","OTHER","ON SCENE","NO INJURY / DRIVE AWAY",,,,"$500 OR LESS","2026-02-18T09:31:00.000","IMPROPER BACKING","IMPROPER BACKING","1961","E","71ST PL","333","N","N",,,,,"2","NO INDICATION OF INJURY","0","0","0","0","0","4","0","9","4","2","41.7651767124","-87.5769766588","POINT (-87.576976658777 41.765176712406)"
"864e8368969339144d1d688f28b60cc0cfbfc2ec146e74277fd147a027a1e131e0d8a11e0da74afe82b713f344bd47330e9d9ba1c17f686f76fed193eb0cd31e",,"2026-02-18T09:25:00.000","30","TRAFFIC SIGNAL","FUNCTIONING PROPERLY","CLEAR","DAYLIGHT","TURNING","NOT DIVIDED",,"STRAIGHT AND LEVEL","DRY","NO DEFECTS","ON SCENE","NO INJURY / DRIVE AWAY",,,,"OVER $1,500","2026-02-18T09:25:00.000","FAILING TO REDUCE SPEED TO AVOID CRASH","UNABLE TO DETERMINE","4200","S","COTTAGE GROVE AVE","214",,,,,,,"3","NO INDICATION OF INJURY","0","0","0","0","0","2","0","9","4","2","41.8185834715","-87.6068962053","POINT (-87.606896205265 41.818583471515)"
"3ce41bff56a534d5f4d6518b85454343e5ee7b8074e97f3c3dc2220f3c34f3cafd0df44195ae251df90da02b7a55ea4af6efbd5c95166b9641c1a76a1dcc64a1",,"2026-02-18T09:20:00.000","30","TRAFFIC SIGNAL","FUNCTIONING PROPERLY","CLEAR","DAYLIGHT","SIDESWIPE SAME DIRECTION","DIVIDED - W/MEDIAN BARRIER",,"STRAIGHT AND LEVEL","DRY","NO DEFECTS","ON SCENE","NO INJURY / DRIVE AWAY",,,,"OVER $1,500","2026-02-18T09:29:00.000","FAILING TO YIELD RIGHT-OF-WAY","NOT APPLICABLE","4821","W","PETERSON AVE","1621",,,,,,,"2","NO INDICATION OF INJURY","0","0","0","0","0","2","0","9","4","2","41.9897920436","-87.7490191086","POINT (-87.74901910864 41.989792043617)"
"6901a7cd9957c0264af067b1db209ebb25cf86604d0d649916553262fc723012cd3f9ce261f140a5cd6822b9ec922e46c36b00b79e33e4418459b096cd7e6f3d",,"2026-02-18T09:20:00.000","30","TRAFFIC SIGNAL","FUNCTIONING PROPERLY","CLEAR","DAYLIGHT","SIDESWIPE SAME DIRECTION","NOT DIVIDED",,"CURVE, LEVEL","DRY","UNKNOWN","ON SCENE","INJURY AND / OR TOW DUE TO CRASH",,,,"OVER $1,500","2026-02-18T09:21:00.000","UNABLE TO DETERMINE","NOT APPLICABLE","3355","W","GRAND AVE","1121",,"Y",,,,,"2","NONINCAPACITATING INJURY","1","0","0","1","0","1","0","9","4","2","41.8998017791","-87.7107086021","POINT (-87.710708602142 41.899801779119)"
"4570307ef48f431720aaf1be937d6e6540d3012b9b54bb4d0fd1ca88c4271bca6492f75adc49860c322fe38658b51034a5aee5ac1bcf74600dabcbcbd8c91313",,"2026-02-18T09:13:00.000","20","NO CONTROLS","NO CONTROLS","CLEAR","DAYLIGHT","FIXED OBJECT","NOT DIVIDED",,"STRAIGHT AND LEVEL","DRY","NO DEFECTS","ON SCENE","NO INJURY / DRIVE AWAY",,"Y",,"$501 - $1,500","2026-02-18T09:24:00.000","IMPROPER OVERTAKING/PASSING","IMPROPER LANE USAGE","2411","S","WALLACE ST","914",,,,,,,"1","NO INDICATION OF INJURY","0","0","0","0","0","1","0","9","4","2","41.8489451346","-87.6420905972","POINT (-87.642090597205 41.84894513462)"
"9d3d0932bfbc04ce1507248638e3d3e36beedb86fbadb9a605cc47b4896fc9de4a262422b4563a1d8d44272c15498deb606bcfd1c641f3639fef59cad31bf878",,"2026-02-18T09:12:00.000","30","TRAFFIC SIGNAL","FUNCTIONING PROPERLY","CLEAR","DAYLIGHT","TURNING","NOT DIVIDED",,"STRAIGHT AND LEVEL","DRY","NO DEFECTS","NOT ON SCENE (DESK REPORT)","NO INJURY / DRIVE AWAY",,,"Y","OVER $1,500","2026-02-20T17:40:00.000","IMPROPER TURNING/NO SIGNAL","NOT APPLICABLE","5856","S","WESTERN AVE","824",,,,,,,"2","NO INDICATION OF INJURY","0","0","0","0","0","4","0","9","4","2","41.7866745496","-87.6839815661","POINT (-87.683981566116 41.786674549646)"
"b6887d887e45e045d661fc21b956b6e996f67f48d946223f24ea3c3524b849a0c479858816c5db7207100ff5105b7b2f4252fd3a7c330e0f139922e15eb7cf49",,"2026-02-18T09:00:00.000","30","NO CONTROLS","NO CONTROLS","CLEAR","DAYLIGHT","ANGLE","DIVIDED - W/MEDIAN (NOT RAISED)",,"STRAIGHT AND LEVEL","DRY","NO DEFECTS","NOT ON SCENE (DESK REPORT)","NO INJURY / DRIVE AWAY","Y",,,"OVER $1,500","2026-02-18T11:30:00.000","UNABLE TO DETERMINE","NOT APPLICABLE","9100","S","COMMERCIAL AVE","423",,,,,,,"2","NO INDICATION OF INJURY","0","0","0","0","0","2","0","9","4","2","41.7299824883","-87.551401267","POINT (-87.551401266962 41.729982488298)"
"cc1eae9bf69cc8bfa6ecda93632987dcd58db2e380bf238d05c7a2d330f1de1c188401d8d64ba5d457d2243930628f7eea4aa743acf7b45fa894b099e5989f37",,"2026-02-18T09:00:00.000","30","NO CONTROLS","NO CONTROLS","CLEAR","DAYLIGHT","ANGLE","FOUR WAY",,"STRAIGHT AND LEVEL","UNKNOWN","UNKNOWN","ON SCENE","NO INJURY / DRIVE AWAY","N",,,"OVER $1,500","2026-02-18T09:20:00.000","IMPROPER LANE USAGE","UNABLE TO DETERMINE","2350","W","PETERSON AVE","2413",,,,,,,"2","NO INDICATION OF INJURY","0","0","0","0","0","2","0","9","4","2","41.9906147178","-87.6892707082","POINT (-87.689270708158 41.990614717805)"
"e20b243857668be43f901269a6d1fa6d0eb6e20e8728db529e488b8269f10a98db8ea0f4041c52c4dc43e976c1181699b75de6337c75d7a4a755a2915a554481","Y","2026-02-18T09:00:00.000","25","NO CONTROLS","NO CONTROLS","UNKNOWN","UNKNOWN","PARKED MOTOR VEHICLE","NOT DIVIDED",,"STRAIGHT AND LEVEL","DRY","UNKNOWN","NOT ON SCENE (DESK REPORT)","NO INJURY / DRIVE AWAY",,,"Y","OVER $1,500","2026-02-19T13:50:00.000","UNABLE TO DETERMINE","NOT APPLICABLE","3006","N","HAUSSEN CT","2523",,,,,,,"2","NO INDICATION OF INJURY","0","0","0","0","0","1","0","9","4","2","41.9356743995","-87.7245855137","POINT (-87.724585513708 41.935674399463)"
"e550aacc70deeb23f8a84c0286109a9f28ce6762134339b4b9aee0dfaa55ac1bf1f843b625ae490de1ce091a5cb958c179af619bec00f7e7d08f14cbb96059ba",,"2026-02-18T09:00:00.000","35","STOP SIGN/FLASHER","NO CONTROLS","CLEAR","DAYLIGHT","TURNING","NOT DIVIDED",,"STRAIGHT AND LEVEL","DRY","NO DEFECTS","NOT ON SCENE (DESK REPORT)","NO INJURY / DRIVE AWAY",,,,"$501 - $1,500","2026-02-18T09:40:00.000","UNABLE TO DETERMINE","UNABLE TO DETERMINE","3857","N","KENNETH AVE","1731",,,,,,,"2","NO INDICATION OF INJURY","0","0","0","0","0","2","0","9","4","2","41.9515543175","-87.7393568688","POINT (-87.739356868831 41.951554317515)"
"f7708899da99fbfe931f95d961df208dec2774c131b2d79befe51d100642db30d104901b7b98fafb5d88dda6f4f2d90465375fecda582fb133a165b046b24beb",,"2026-02-18T09:00:00.000","30","NO CONTROLS","NO CONTROLS","CLEAR","DAYLIGHT","PARKED MOTOR VEHICLE","PARKING LOT",,"STRAIGHT AND LEVEL","DRY","NO DEFECTS","ON SCENE","NO INJURY / DRIVE AWAY",,,,"OVER $1,500","2026-02-18T09:04:00.000","IMPROPER BACKING","NOT APPLICABLE","5610","N","KIMBALL AVE","1711",,,,,,,"2","NO INDICATION OF INJURY","0","0","0","0","0","2","0","9","4","2","41.9833767649","-87.7139116593","POINT (-87.713911659326 41.983376764904)"
"da2111b7366944efd47af68bf4e42b794051ddd6b8217858937cc09dd9e161e9b0d0c4a20526ed04ec7a029ba31b0d7dbcdb0790249547cd8b8b41b268f52ab3",,"2026-02-18T08:58:00.000","30","STOP SIGN/FLASHER","FUNCTIONING PROPERLY","CLEAR","DAYLIGHT","ANGLE","T-INTERSECTION",,"STRAIGHT AND LEVEL","DRY","UNKNOWN","NOT ON SCENE (DESK REPORT)","NO INJURY / DRIVE AWAY","Y",,,"OVER $1,500","2026-02-18T10:15:00.000","UNABLE TO DETERMINE","UNABLE TO DETERMINE","3832","W","26TH ST","1013",,,,,,,"2","NO INDICATION OF INJURY","0","0","0","0","0","2","0","8","4","2","41.8444097476","-87.7208351247","POINT (-87.720835124652 41.844409747615)"
"06364981ebd1c49e0d3f39b86af49ed6554ac56b3404c0765b3162e5b50cc38bcf9b5d121b712eca63200cb1de389b76b8828d45051d31d480d519483fe51460",,"2026-02-18T08:55:00.000","30","STOP SIGN/FLASHER","FUNCTIONING PROPERLY","CLEAR","DAYLIGHT","ANGLE","NOT DIVIDED",,"STRAIGHT AND LEVEL","DRY","NO DEFECTS","NOT ON SCENE (DESK REPORT)","NO INJURY / DRIVE AWAY","Y",,,"OVER $1,500","2026-02-18T08:56:00.000","UNABLE TO DETERMINE","UNABLE TO DETERMINE","11400","S","AVENUE L","433",,,,,,,"3","NO INDICATION OF INJURY","0","0","0","0","0","3","0","8","4","2","41.6881564297","-87.5366331691","POINT (-87.536633169101 41.68815642972)"
"95b7421ab42c50669230545187432eeabea2206305803f1c13e5a6ffa7dcbd71ec7899550adf0f1d4a925a09323e96ed0bb4ca7db5424752ec48201df8be2537",,"2026-02-18T08:55:00.000","30","STOP SIGN/FLASHER","FUNCTIONING PROPERLY","CLEAR","DAYLIGHT","PEDALCYCLIST","NOT DIVIDED",,"STRAIGHT AND LEVEL","DRY","NO DEFECTS","ON SCENE","INJURY AND / OR TOW DUE TO CRASH","N",,,"OVER $1,500","2026-02-18T08:57:00.000","NOT APPLICABLE","NOT APPLICABLE","601","W","ARMITAGE AVE","1813",,,,,,,"2","NONINCAPACITATING INJURY","1","0","0","1","0","1","0","8","4","2","41.9181432003","-87.6436802142","POINT (-87.643680214187 41.918143200305)"
"4f023141fd1f0d88db54c82009a20971a5d5125fd721dedb49f113e863c6ccf5fb0d85b806868f50768291dec7ce868b5505967a28a33fc55d2df60e0499016d",,"2026-02-18T08:54:00.000","30","NO CONTROLS","NO CONTROLS","CLEAR","DAYLIGHT","PARKED MOTOR VEHICLE","PARKING LOT",,"STRAIGHT AND LEVEL","DRY","NO DEFECTS","ON SCENE","NO INJURY / DRIVE AWAY",,"N",,"OVER $1,500","2026-02-18T08:54:00.000","UNABLE TO DETERMINE","UNABLE TO DETERMINE","3227","W","ADDISON ST","1733",,,,,,,"2","NO INDICATION OF INJURY","0","0","0","0","0","1","0","8","4","2","41.9465109411","-87.7089689717","POINT (-87.708968971701 41.946510941064)"