"crash_record_id","crash_date_est_i","crash_date","posted_speed_limit","traffic_control_device","device_condition","weather_condition","lighting_condition","first_crash_type","trafficway_type","lane_cnt","alignment","roadway_surface_cond","road_defect","report_type","crash_type","intersection_related_i","private_property_i","hit_and_run_i","damage","date_police_notified","prim_contributory_cause","sec_contributory_cause","street_no","street_direction","street_name","beat_of_occurrence","photos_taken_i","statements_taken_i","dooring_i","work_zone_i","work_zone_type","workers_present_i","num_units","most_severe_injury","injuries_total","injuries_fatal","injuries_incapacitating","injuries_non_incapacitating","injuries_reported_not_evident","injuries_no_indication","injuries_unknown","crash_hour","crash_day_of_week","crash_month","latitude","longitude","location"
"6ff823fcdf9543c15baf7a040173dacc42ac1e34e9bf1dfefe6894efd43add3644b8810ab872c91d2fa7a374af747aba53b267441300e925e8e3afa354df2315",,"2026-02-18T08:54:00.000","30","NO CONTROLS","NO CONTROLS","CLEAR","DAYLIGHT","TURNING","NOT DIVIDED",,"STRAIGHT AND LEVEL","DRY","NO DEFECTS","ON SCENE","NO INJURY / DRIVE AWAY",,,,"OVER $1,500","2026-02-18T09:00:00.000","FAILING TO YIELD RIGHT-OF-WAY","FAILING TO YIELD RIGHT-OF-WAY","3300","W","ADDISON ST","1733",,,,,,,"2","NO INDICATION OF INJURY","0","0","0","0","0","2","0","8","4","2","41.9467043735","-87.7105010559","POINT (-87.710501055898 41.946704373514)"
"7ff00a6f11bdd2c42e671c955ff9130e335ebd01722ef76d602dc4b257d8a7004952981a2242cf5cc9282299b20b1afa95f52602f738096bf7c112b6c0c1dd54",,"2026-02-18T08:50:00.000","25","UNKNOWN","UNKNOWN","CLEAR","DAYLIGHT","ANGLE","DIVIDED - W/MEDIAN (NOT RAISED)",,"STRAIGHT AND LEVEL","DRY","NO DEFECTS","NOT ON SCENE (DESK REPORT)","NO INJURY / DRIVE AWAY",,,,"OVER $1,500","2026-02-18T09:40:00.000","UNABLE TO DETERMINE","UNABLE TO DETERMINE","1606","N","KEYSTONE AVE","2534",,,,,,,"2","NO INDICATION OF INJURY","0","0","0","0","0","2","0","8","4","2","41.9101278466","-87.7277096054","POINT (-87.727709605439 41.910127846573)"
"a91b170d5945380d528c04bd47384f59374c7d67688de94673eee9a9cc41a456b999330311f6bb1c6637d1e8ad9f8a1f63d798a011cd2b32b291cbb11c9abd0a",,"2026-02-18T08:50:00.000","30","NO CONTROLS","NO CONTROLS","CLEAR","DAYLIGHT","REAR TO SIDE","PARKING LOT",,"STRAIGHT AND LEVEL","DRY","NO DEFECTS","NOT ON SCENE (DESK REPORT)","NO INJURY / DRIVE AWAY",,,,"OVER $1,500","2026-02-22T10:30:00.000","VISION OBSCURED (SIGNS, TREE LIMBS, BUILDINGS, ETC.)","IMPROPER BACKING","3347","W","NORTH AVE","1422",,,,,,,"2","NO INDICATION OF INJURY","0","0","0","0","0","2","0","8","4","2","41.9099506549","-87.7112446937","POINT (-87.711244693733 41.90995065493)"
"f67d02de6a18240be91c1dea7eb512d3348fc336687db5462bae52004efab283dd5d73e8680e90b8b9af59a361fe15fcac78cba77608f866764d53b0c93f4f22",,"2026-02-18T08:46:00.000","10","UNKNOWN","UNKNOWN","UNKNOWN","UNKNOWN","SIDESWIPE OPPOSITE DIRECTION","NOT DIVIDED",,"STRAIGHT AND LEVEL","UNKNOWN","UNKNOWN","NOT ON SCENE (DESK REPORT)","NO INJURY / DRIVE AWAY",,,,"OVER $1,500","2026-02-18T10:20:00.000","UNABLE TO DETERMINE","UNABLE TO DETERMINE","1452","S","WASHTENAW AVE","1023",,,,,,,"2","NO INDICATION OF INJURY","0","0","0","0","0","2","0","8","4","2","41.8612556362","-87.6934093737","POINT (-87.693409373665 41.861255636197)"
"98b70f418997783c6ca3de27574bd888600ce1c3d7737564d1cce6737408a6a3e8fa032660b4ccf8944e1407862a300918f4801998470224a7cfaede7f5831cc",,"2026-02-18T08:45:00.000","30","NO CONTROLS","NO CONTROLS","CLEAR","DAYLIGHT","PARKED MOTOR VEHICLE","NOT DIVIDED",,"STRAIGHT AND LEVEL","WET","NO DEFECTS","ON SCENE","NO INJURY / DRIVE AWAY",,,,"OVER $1,500","2026-02-18T08:50:00.000","UNABLE TO DETERMINE","UNABLE TO DETERMINE","4419","S","WOLCOTT AVE","924",,,,,,,"2","NO INDICATION OF INJURY","0","0","0","0","0","1","0","8","4","2","41.8133968202","-87.6722352828","POINT (-87.672235282841 41.813396820219)"
"ce36b6376ffdda48fccc216adf1c8013e5a974b571555bbce7f6a7af5a3b9b38c0aca46e396a682080b041033047ad4c212e52c4fadb1e4c139c97d936da99e5",,"2026-02-18T08:45:00.000","30","TRAFFIC SIGNAL","FUNCTIONING PROPERLY","CLEAR","DAYLIGHT","REAR END","NOT DIVIDED",,"STRAIGHT AND LEVEL","WET","NO DEFECTS","ON SCENE","INJURY AND / OR TOW DUE TO CRASH",,,"Y","$500 OR LESS","2026-02-18T08:50:00.000","UNABLE TO DETERMINE","UNABLE TO DETERMINE","1","S","HAMLIN BLVD","1122",,,,,,,"2","REPORTED, NOT EVIDENT","1","0","0","0","1","1","0","8","4","2","41.8807448227","-87.7206040882","POINT (-87.72060408819 41.880744822695)"
"fb33018a39cc4a3e09d75cf7e0fd21e2bc1b2ac792f9e35ba158a23d95f3eefa770048a9ac73cf0ffc6709011e3f9aca96f3fb3e18e1677314fb3d50972019f1",,"2026-02-18T08:45:00.000","20","NO CONTROLS","NO CONTROLS","CLEAR","DAYLIGHT","PARKED MOTOR VEHICLE","ONE-WAY",,"STRAIGHT AND LEVEL","DRY","NO DEFECTS","NOT ON SCENE (DESK REPORT)","NO INJURY / DRIVE AWAY",,,"Y","OVER $1,500","2026-02-18T12:40:00.000","UNABLE TO DETERMINE","NOT APPLICABLE","1907","N","KARLOV AVE","2534",,,,,,,"2","NO INDICATION OF INJURY","0","0","0","0","0","1","0","8","4","2","41.9155741591","-87.7288086523","POINT (-87.728808652271 41.915574159131)"
"1e88e5ecc0fd70b0f1b742ef2e7f0b35ec78645eab49923f3fdc1346b5c9ac38908d5f2ad9b398d572e339b0db1ff531334226c2e36f3bd5ea7ad4dc73aa3ed7",,"2026-02-18T08:42:00.000","30","TRAFFIC SIGNAL","FUNCTIONING PROPERLY","CLEAR","DAYLIGHT","TURNING","FOUR WAY",,"STRAIGHT AND LEVEL","WET","WORN SURFACE","ON SCENE","INJURY AND / OR TOW DUE TO CRASH","Y",,"Y","OVER $1,500","2026-02-18T08:50:00.000","UNABLE TO DETERMINE","NOT APPLICABLE","8700","S","LAFAYETTE AVE","634",,,,,,,"5","NONINCAPACITATING INJURY","1","0","0","1","0","4","0","8","4","2","41.7361651101","-87.625587569","POINT (-87.625587568999 41.736165110086)"
"619abccc8b18df63fee744d13cbe41ffbb8a68ba812e1a416d63ab89dff47dc7909eaf1897c96f05d46bbc9e26128dd13448a8ac67a6c04af9a4eb6787b09c0c",,"2026-02-18T08:41:00.000","25","NO CONTROLS","NO CONTROLS","CLEAR","DAYLIGHT","SIDESWIPE OPPOSITE DIRECTION","ONE-WAY",,"STRAIGHT AND LEVEL","DRY","NO DEFECTS","ON SCENE","NO INJURY / DRIVE AWAY",,,,"$501 - $1,500","2026-02-18T09:00:00.000","FAILING TO YIELD RIGHT-OF-WAY","FOLLOWING TOO CLOSELY","2446","W","BALMORAL AVE","2011",,,,,,,"2","NO INDICATION OF INJURY","0","0","0","0","0","2","0","8","4","2","41.9796277658","-87.6912178","POINT (-87.691217799989 41.979627765798)"
"84ff0a77c0c9fbff19358633e308b0d7be6fdd9ce880f3250282ee76e0988e46b006bd65c7b3bc755a36a8ca7d12aab73b7bdcb0f543e5f47a939fc5f0f77432",,"2026-02-18T08:36:00.000","30","TRAFFIC SIGNAL","FUNCTIONING PROPERLY","CLEAR","DAYLIGHT","TURNING","NOT DIVIDED",,"STRAIGHT AND LEVEL","DRY","NO DEFECTS","NOT ON SCENE (DESK REPORT)","NO INJURY / DRIVE AWAY",,,,"OVER $1,500","2026-02-18T10:30:00.000","FAILING TO YIELD RIGHT-OF-WAY","NOT APPLICABLE","998","S","WESTERN AVE","1135",,,,,,,"2","NO INDICATION OF INJURY","0","0","0","0","0","4","0","8","4","2","41.8693819492","-87.6862602365","POINT (-87.686260236463 41.869381949209)"
"37df48d7b454c07e13a3e324042e18e6787763d26d477d5b7d0f940288db130cf08954401ca53891c6ec7055135e4d05d59ecb051df63224467eec5ed7007145",,"2026-02-18T08:35:00.000","15","NO CONTROLS","NO CONTROLS","CLEAR","DAYLIGHT","FIXED OBJECT","ALLEY",,"STRAIGHT AND LEVEL","DRY","NO DEFECTS","ON SCENE","NO INJURY / DRIVE AWAY",,"Y",,"$501 - $1,500","2026-02-18T08:35:00.000","UNABLE TO DETERMINE","UNABLE TO DETERMINE","3451","W","IRVING PARK RD","1732",,,,,,,"2","NO INDICATION OF INJURY","0","0","0","0","0","2","0","8","4","2","41.9537173161","-87.7149792005","POINT (-87.714979200535 41.953717316053)"
"98777b741c2d39f8e3fbae075cf225f3088d12bbd956625e6ec4b9726124844e40a5219a31fe2df9fe348fbc06e80334eb4d1f58f9795cdbd7f5715f270e0cd9",,"2026-02-18T08:35:00.000","30","STOP SIGN/FLASHER","NO CONTROLS","CLEAR","DAYLIGHT","ANGLE","FOUR WAY",,"STRAIGHT AND LEVEL","WET","NO DEFECTS","ON SCENE","INJURY AND / OR TOW DUE TO CRASH","Y",,,"OVER $1,500","2026-02-18T08:42:00.000","FAILING TO YIELD RIGHT-OF-WAY","DRIVING SKILLS/KNOWLEDGE/EXPERIENCE","10001","S","EXCHANGE AVE","431",,,,,,,"2","NONINCAPACITATING INJURY","1","0","0","1","0","1","0","8","4","2","41.7133057217","-87.5521803108","POINT (-87.552180310764 41.713305721693)"
"472e46914120762c76f12a32025472cb46d5976834ff15f4878b1a06631edf878fdd169839963b1e8da266cb76af8427eb0ffce7cf812d8411a6f595b26629c8",,"2026-02-18T08:34:00.000","20","TRAFFIC SIGNAL","FUNCTIONING PROPERLY","CLEAR","DAYLIGHT","SIDESWIPE SAME DIRECTION","FIVE POINT, OR MORE",,"STRAIGHT AND LEVEL","DRY","NO DEFECTS","NOT ON SCENE (DESK REPORT)","NO INJURY / DRIVE AWAY",,,,"$501 - $1,500","2026-02-18T13:55:00.000","UNABLE TO DETERMINE","NOT APPLICABLE","8644","S","KEDZIE AVE","834",,,,,,,"2","NO INDICATION OF INJURY","0","0","0","0","0","2","0","8","4","2","41.7356549967","-87.7021776741","POINT (-87.702177674107 41.73565499672)"
"655e7ab3785617b948be4d71235721a88568529247090b1f9aa67cc4e4ee29bfe1f11105dcdce6f8fec9b21af5eb9380c76ba2c47339f5f3b58e48cc9179160f",,"2026-02-18T08:31:00.000","30","TRAFFIC SIGNAL","FUNCTIONING PROPERLY","CLEAR","DAYLIGHT","TURNING","ONE-WAY",,"STRAIGHT AND LEVEL","DRY","NO DEFECTS","ON SCENE","NO INJURY / DRIVE AWAY","Y",,,"OVER $1,500","2026-02-18T08:31:00.000","IMPROPER TURNING/NO SIGNAL","PHYSICAL CONDITION OF DRIVER","630","W","WASHINGTON BLVD","121",,,,,,,"2","NO INDICATION OF INJURY","0","0","0","0","0","2","0","8","4","2","41.8832752947","-87.6440934852","POINT (-87.644093485214 41.883275294665)"
"0f81f5914e98a438647b25305abdc3cb67cf5272f700168e47940ce18fe0873b47f661f5b626c414f8e9ef42853de58e98e5bb176460c4011919509b1045660c",,"2026-02-18T08:30:00.000","30","NO CONTROLS","NO CONTROLS","CLEAR","DAYLIGHT","ANGLE","NOT DIVIDED",,"STRAIGHT AND LEVEL","DRY","NO DEFECTS","NOT ON SCENE (DESK REPORT)","NO INJURY / DRIVE AWAY",,,"Y","OVER $1,500","2026-02-18T09:20:00.000","UNABLE TO DETERMINE","NOT APPLICABLE","3177","W","42ND PL","921",,,,,,,"2","NO INDICATION OF INJURY","0","0","0","0","0","2","0","8","4","2","41.8161892042","-87.7041670223","POINT (-87.704167022326 41.816189204163)"
"6fe713d0be256688502c856d40380a8dc0b72e4f17311af939946dd00ca2025280b0514f2ff80ead9d0de8b04b7c1933cd85d4a342d9e21ec00ba94807b61c69",,"2026-02-18T08:30:00.000","30","UNKNOWN","UNKNOWN","UNKNOWN","UNKNOWN","PARKED MOTOR VEHICLE","ONE-WAY",,"STRAIGHT AND LEVEL","UNKNOWN","UNKNOWN","NOT ON SCENE (DESK REPORT)","NO INJURY / DRIVE AWAY",,,"Y","$501 - $1,500","2026-02-19T09:25:00.000","UNABLE TO DETERMINE","UNABLE TO DETERMINE","10714","S","BENSLEY AVE","434",,,,,,,"2","NO INDICATION OF INJURY","0","0","0","0","0","1","0","8","4","2","41.700602054","-87.5633443449","POINT (-87.563344344921 41.700602053993)"
"3472199d126dbf327fdee503aa09abc706ecc06a6fa0ec70d1f7fbc9cd469c24bcf256fdd8cfb0c218dc407961e8c6d1ac0228bd987da69986f075bbb62ecfd7",,"2026-02-18T08:25:00.000","30","TRAFFIC SIGNAL","FUNCTIONING PROPERLY","CLEAR","DAYLIGHT","PEDESTRIAN","FOUR WAY",,"STRAIGHT AND LEVEL","DRY","NO DEFECTS","ON SCENE","INJURY AND / OR TOW DUE TO CRASH","Y",,,"$500 OR LESS","2026-02-18T08:30:00.000","FAILING TO YIELD RIGHT-OF-WAY","FAILING TO YIELD RIGHT-OF-WAY","5000","W","WASHINGTON BLVD","1532",,"Y",,,,,"3","NONINCAPACITATING INJURY","2","0","0","2","0","1","0","8","4","2","41.8818597814","-87.7503478121","POINT (-87.750347812104 41.881859781393)"
"bbba8d72b712f13b0c670a03dc549cb92df2cda7fcb7313da9612dfb69a422055fa1d38d669366d193c73a95ae961fb823348dc09ac9b2bd633c1687125a6565",,"2026-02-18T08:25:00.000","30","STOP SIGN/FLASHER","FUNCTIONING PROPERLY","CLEAR","DAYLIGHT","TURNING","T-INTERSECTION",,"STRAIGHT AND LEVEL","WET","NO DEFECTS","ON SCENE","NO INJURY / DRIVE AWAY","Y",,,"OVER $1,500","2026-02-18T08:25:00.000","IMPROPER TURNING/NO SIGNAL","WEATHER","432","E","MARQUETTE RD","312",,,,,,,"2","NO INDICATION OF INJURY","0","0","0","0","0","2","0","8","4","2","41.7731004597","-87.6141983364","POINT (-87.614198336422 41.77310045971)"
"b289a7a6fcc51b4574f50a94b476d4887079b638501ab8634d9b8c71d107be76e48c2d81ebfc72e38534a009107e5c11045b4877a5cf09aa10d700d1abd8d2a5",,"2026-02-18T08:21:00.000","30","NO CONTROLS","NO CONTROLS","CLEAR","DAYLIGHT","SIDESWIPE OPPOSITE DIRECTION","NOT DIVIDED",,"STRAIGHT AND LEVEL","WET","NO DEFECTS","ON SCENE","NO INJURY / DRIVE AWAY",,,,"$500 OR LESS","2026-02-18T08:21:00.000","PASSING STOPPED SCHOOL BUS","NOT APPLICABLE","1314","W","64TH ST","724",,,,,,,"2","NO INDICATION OF INJURY","0","0","0","0","0","2","0","8","4","2","41.777856895","-87.6575342023","POINT (-87.657534202295 41.777856895039)"
"a766b54377d0afd062bda12a39041022cb5089e97e38a9cd6fe512b83650a04b1c640b0956e181d3afb20eb0f034176b2d9c152dd64aa228c808d61d25276cc3",,"2026-02-18T08:20:00.000","20","TRAFFIC SIGNAL","FUNCTIONING PROPERLY","UNKNOWN","UNKNOWN","TURNING","FOUR WAY",,"STRAIGHT AND LEVEL","UNKNOWN","UNKNOWN","ON SCENE","NO INJURY / DRIVE AWAY",,,,"OVER $1,500","2026-02-18T08:40:00.000","FAILING TO YIELD RIGHT-OF-WAY","NOT APPLICABLE","3600","W","FRANKLIN BLVD","1122",,,,,,,"2","NO INDICATION OF INJURY","0","0","0","0","0","3","0","8","4","2","41.8900658713","-87.7163881774","POINT (-87.716388177396 41.890065871313)"
"1b76124f2d6490b64bc9d6649192d14b43420b2930a63967023b98d02bd9796700ce3eeb5ce3ebd7056243c3a4f77aa1ba6601539b05e9a1b79464824df207a3",,"2026-02-18T08:15:00.000","30","UNKNOWN","UNKNOWN","CLEAR","DAYLIGHT","TURNING","NOT DIVIDED",,"STRAIGHT AND LEVEL","UNKNOWN","UNKNOWN","NOT ON SCENE (DESK REPORT)","NO INJURY / DRIVE AWAY",,,,"OVER $1,500","2026-02-18T20:15:00.000","IMPROPER TURNING/NO SIGNAL","IMPROPER LANE USAGE","1015","S","WESTERN AVE","1225",,,,,,,"2","NO INDICATION OF INJURY","0","0","0","0","0","2","0","8","4","2","41.8689021071","-87.685953785","POINT (-87.685953784986 41.868902107143)"
"22b8d62472654c9d72676ff8c6d5e8032721cdb36f19a7f38fd40c959971cd52d4e59639fec8898e0ee8e52b60d69ee9eded91aff966473926a42512ef553e44",,"2026-02-18T08:15:00.000","30","NO CONTROLS","NO CONTROLS","CLEAR","DAYLIGHT","SIDESWIPE SAME DIRECTION","ONE-WAY",,"STRAIGHT AND LEVEL","DRY","NO DEFECTS","NOT ON SCENE (DESK REPORT)","NO INJURY / DRIVE AWAY",,,,"OVER $1,500","2026-02-18T10:45:00.000","IMPROPER LANE USAGE","UNABLE TO DETERMINE","259","E","ERIE ST","1834",,,,,,,"2","NO INDICATION OF INJURY","0","0","0","0","0","2","0","8","4","2","41.8940853807","-87.62040431","POINT (-87.620404310022 41.894085380663)"
"24602e21b8d44986589c123e680405be54326850ee56883915b81c55fa1ad90b41788e95d0d157afaf20936de2ca2b1f818cf7c0d51ac10cfdfa20914d523d63",,"2026-02-18T08:15:00.000","30","SCHOOL ZONE","FUNCTIONING PROPERLY","CLEAR","DAYLIGHT","REAR END","ONE-WAY",,"STRAIGHT AND LEVEL","DRY","NO DEFECTS","NOT ON SCENE (DESK REPORT)","NO INJURY / DRIVE AWAY",,,,"$500 OR LESS","2026-02-18T09:15:00.000","IMPROPER OVERTAKING/PASSING","FOLLOWING TOO CLOSELY","138","W","109TH ST","513",,,,,,,"2","NO INDICATION OF INJURY","0","0","0","0","0","2","0","8","4","2","41.6962899812","-87.6271334946","POINT (-87.627133494594 41.696289981204)"
"87efdc3d803452de43710794b09b0d332fe8ca5e70efcd05ebfed622aee780e2a1e9a86d246944de04bb002a2338a71788177a35c7f5c959c6e02ffa73115cfa",,"2026-02-18T08:15:00.000","30","NO CONTROLS","NO CONTROLS","UNKNOWN","UNKNOWN","SIDESWIPE SAME DIRECTION","DIVIDED - W/MEDIAN (NOT RAISED)",,"STRAIGHT AND LEVEL","UNKNOWN","UNKNOWN","NOT ON SCENE (DESK REPORT)","NO INJURY / DRIVE AWAY",,,,"$501 - $1,500","2026-02-18T13:40:00.000","FOLLOWING TOO CLOSELY","FOLLOWING TOO CLOSELY","39","E","HUBBARD ST","1834",,,,,,,"2","NO INDICATION OF INJURY","0","0","0","0","0","3","0","8","4","2","41.8899807728","-87.626506219","POINT (-87.626506218978 41.889980772827)"
"13eddd3282db202af380f97eb8fbbf27fe7038e456f2737ab4caff12d4f021c86e272a8c212d69b055887ddb131cb5a9600bfe3aeedce063340c00fd1a07335d",,"2026-02-18T08:10:00.000","30","NO CONTROLS","NO CONTROLS","CLEAR","DAYLIGHT","REAR END","DIVIDED - W/MEDIAN (NOT RAISED)",,"STRAIGHT AND LEVEL","DRY","NO DEFECTS","ON SCENE","NO INJURY / DRIVE AWAY",,,,"OVER $1,500","2026-02-18T08:11:00.000","FAILING TO REDUCE SPEED TO AVOID CRASH","NOT APPLICABLE","70","E","IDA B WELLS DR","113",,,,,,,"2","NO INDICATION OF INJURY","0","0","0","0","0","2","0","8","4","2","41.8758169692","-87.6250442272","POINT (-87.62504422722 41.87581696916)"
"614062680862c495fc7c71187916b9cd6848c5745860663ccc7abd65e5f6f3ce60c723dc95bcfa606f57fdb92995c596854268ee04acf4995d4326bdbc43d283",,"2026-02-18T08:10:00.000","30","TRAFFIC SIGNAL","OTHER","CLEAR","DAYLIGHT","REAR END","FOUR WAY",,"STRAIGHT AND LEVEL","DRY","NO DEFECTS","NOT ON SCENE (DESK REPORT)","NO INJURY / DRIVE AWAY","Y",,,"OVER $1,500","2026-02-19T08:00:00.000","FOLLOWING TOO CLOSELY","UNABLE TO DETERMINE","13000","S","TORRENCE AVE","434",,,,,,,"2","NO INDICATION OF INJURY","0","0","0","0","0","2","0","8","4","2","41.6591261899","-87.5594327419","POINT (-87.559432741943 41.659126189932)"
"97c6c2094e8a334e88b0077277707b86668fda89e7bd5cb593f9cad71c2e95d0eebccafcda0620021c16aa86220da3628044bd0210275fe9032c7a0d2b773b14",,"2026-02-18T08:10:00.000","25","NO CONTROLS","NO CONTROLS","CLEAR","DAYLIGHT","SIDESWIPE SAME DIRECTION","ONE-WAY",,"STRAIGHT AND LEVEL","DRY","NO DEFECTS","NOT ON SCENE (DESK REPORT)","NO INJURY / DRIVE AWAY",,,,"OVER $1,500","2026-02-18T08:27:00.000","UNABLE TO DETERMINE","NOT APPLICABLE","3223","W","FRANKLIN BLVD","1123",,,,,,,"2","NO INDICATION OF INJURY","0","0","0","0","0","5","0","8","4","2","41.8899496331","-87.7073435286","POINT (-87.707343528604 41.889949633113)"
"b4ccd7808940a3943d8dfa3ff9bbab36f389ecfc20472ae6e0311367193f50469a664d7a0328ecb1713a38cf83ddf18f0343afea95edf270fc5b67a43c128f1e",,"2026-02-18T08:09:00.000","30","TRAFFIC SIGNAL","FUNCTIONING PROPERLY","CLEAR","DAYLIGHT","REAR END","DIVIDED - W/MEDIAN BARRIER",,"STRAIGHT AND LEVEL","WET","RUT, HOLES","ON SCENE","NO INJURY / DRIVE AWAY","Y",,,"OVER $1,500","2026-02-18T08:09:00.000","WEATHER","NOT APPLICABLE","202","E","GARFIELD BLVD","231",,,,,,,"2","NO INDICATION OF INJURY","0","0","0","0","0","2","0","8","4","2","41.7948353421","-87.620676969","POINT (-87.620676969013 41.794835342059)"
"1749929a524a81a81cc9bbe77f4752685d15f65cde986e970f47e0f1963cb1047434e00b85b5de25aa00d838a2ea30b31508b63af630cd4cc4fcd48021c9b95d",,"2026-02-18T08:07:00.000","30","STOP SIGN/FLASHER","FUNCTIONING PROPERLY","CLEAR","DAYLIGHT","TURNING","FOUR WAY",,"STRAIGHT AND LEVEL","DRY","NO DEFECTS","NOT ON SCENE (DESK REPORT)","NO INJURY / DRIVE AWAY","Y",,,"OVER $1,500","2026-02-18T09:46:00.000","FAILING TO YIELD RIGHT-OF-WAY","UNABLE TO DETERMINE","9200","S","STONY ISLAND AVE","413",,,,,,,"2","NO INDICATION OF INJURY","0","0","0","0","0","2","0","8","4","2","41.7277274384","-87.5855943093","POINT (-87.585594309293 41.727727438391)"
"097016e5d818e3f82ba1738274050f8416e59f9266aa8e4d5350dddf432b9b0d5d0f5e4a9166d7ed9ddb552af7f1223401ac0bf9056153aa55785c3856cf4cae",,"2026-02-18T08:05:00.000","30","NO CONTROLS","NO CONTROLS","CLEAR","DAYLIGHT","ANGLE","PARKING LOT",,"STRAIGHT AND LEVEL","DRY","NO DEFECTS","NOT ON SCENE (DESK REPORT)","NO INJURY / DRIVE AWAY",,"Y",,"OVER $1,500","2026-02-18T09:50:00.000","FAILING TO YIELD RIGHT-OF-WAY","NOT APPLICABLE","4821","W","NORTH AVE","2533",,,,,,,"2","NO INDICATION OF INJURY","0","0","0","0","0","2","0","8","4","2","41.9095051477","-87.7469599363","POINT (-87.746959936272 41.909505147743)"
"1707397be8588915dcfe9e2289c86c8b6b8531afed4ee842013388cfbdf5ce66809de7ad35aeb4eb20703e49e2d31e0da2040b8fcf7c340ae3688e72203b57cc",,"2026-02-18T08:00:00.000","30","TRAFFIC SIGNAL","FUNCTIONING PROPERLY","CLEAR","DAYLIGHT","SIDESWIPE SAME DIRECTION","NOT DIVIDED",,"STRAIGHT AND LEVEL","DRY","NO DEFECTS","ON SCENE","NO INJURY / DRIVE AWAY",,,,"$500 OR LESS","2026-02-18T08:11:00.000","FAILING TO YIELD RIGHT-OF-WAY","UNABLE TO DETERMINE","2409","W","ARMITAGE AVE","1434",,,,,,,"2","NO INDICATION OF INJURY","0","0","0","0","0","4","0","8","4","2","41.917455395","-87.6878949685","POINT (-87.687894968513 41.917455395042)"
"1a9684673a2c746d4c72fda5c65ffafa8c9dbb469b3bd2e351cb95ddacde1c57e92003fa38b9f41d59e618022c5493d889ba59fdad578a428fb3eb2f00144a9f",,"2026-02-18T08:00:00.000","30","TRAFFIC SIGNAL","FUNCTIONING PROPERLY","CLEAR","DAYLIGHT","TURNING","FOUR WAY",,"STRAIGHT AND LEVEL","DRY","NO DEFECTS","ON SCENE","INJURY AND / OR TOW DUE TO CRASH","Y",,,"OVER $1,500","2026-02-18T08:01:00.000","UNABLE TO DETERMINE","UNABLE TO DETERMINE","4200","S","CICERO AVE","814",,,,,,,"2","NO INDICATION OF INJURY","0","0","0","0","0","2","0","8","4","2","41.8167293867","-87.7435367125","POINT (-87.743536712476 41.816729386747)"
"21c5279f9eb71e4229e4d345413c9bddd777b4adac691e0ba6384381606d678fb95a942d6c1aaf91027ee61ac997427d48b06da09591b90235897d692f2f14c3",,"2026-02-18T08:00:00.000","30","TRAFFIC SIGNAL","FUNCTIONING PROPERLY","CLEAR","DAYLIGHT","TURNING","NOT DIVIDED",,"STRAIGHT AND LEVEL","DRY","NO DEFECTS","NOT ON SCENE (DESK REPORT)","NO INJURY / DRIVE AWAY",,,,"$500 OR LESS","2026-02-18T17:15:00.000","IMPROPER TURNING/NO SIGNAL","NOT APPLICABLE","3320","W","111TH ST","2211",,,,,,,"2","NO INDICATION OF INJURY","0","0","0","0","0","2","0","8","4","2","41.6916247517","-87.7042050839","POINT (-87.704205083926 41.691624751681)"
"9c8080b57a4a9f6c8e537574537dbfa5bb995030f330bc90bc5230eb6f3849f2c38c7713fc2b5125baea27c03dd55a638c59b8b419edbbc639f76e445928af24",,"2026-02-18T08:00:00.000","15","NO CONTROLS","NO CONTROLS","CLEAR","DAYLIGHT","ANGLE","ONE-WAY",,"STRAIGHT AND LEVEL","DRY","NO DEFECTS","NOT ON SCENE (DESK REPORT)","NO INJURY / DRIVE AWAY",,,,"$501 - $1,500","2026-02-18T08:25:00.000","UNABLE TO DETERMINE","UNABLE TO DETERMINE","2514","W","FARRAGUT AVE","2011",,,,,,,"2","NO INDICATION OF INJURY","0","0","0","0","0","2","0","8","4","2","41.9768828193","-87.6930478096","POINT (-87.693047809588 41.976882819291)"
"baa8f6e20bd75d30d577d98b3398c6e729b2bde36c09acffdb347d4c8451e8f37768b1f2bd9d8af4110386bfe3a0f62a8df64caa5baa32ad55f6675f307a099c",,"2026-02-18T08:00:00.000","30","STOP SIGN/FLASHER","FUNCTIONING PROPERLY","CLEAR","DAYLIGHT","TURNING","T-INTERSECTION",,"STRAIGHT AND LEVEL","DRY","NO DEFECTS","NOT ON SCENE (DESK REPORT)","NO INJURY / DRIVE AWAY","Y",,,"OVER $1,500","2026-02-18T08:35:00.000","IMPROPER TURNING/NO SIGNAL","VISION OBSCURED (SIGNS, TREE LIMBS, BUILDINGS, ETC.)","6299","N","CALDWELL AVE","1621",,,,,,,"2","NO INDICATION OF INJURY","0","0","0","0","0","2","0","8","4","2","41.9958624931","-87.763343521","POINT (-87.763343520995 41.995862493127)"
"bfb14f8c6c94312fbd8cfff39af11deb3dd588d4bc1aa454029f5c3258683f60853868daa7b22aa33598a1ede806b0ad346565892ece3254ad800b5320abc3e7",,"2026-02-18T07:58:00.000","30","TRAFFIC SIGNAL","FUNCTIONING PROPERLY","CLEAR","DAYLIGHT","SIDESWIPE SAME DIRECTION","NOT DIVIDED",,"STRAIGHT AND LEVEL","DRY","NO DEFECTS","NOT ON SCENE (DESK REPORT)","NO INJURY / DRIVE AWAY","Y",,,"$501 - $1,500","2026-02-18T08:15:00.000","IMPROPER LANE USAGE","NOT APPLICABLE","2000","S","WABASH AVE","131",,,,,,,"2","NO INDICATION OF INJURY","0","0","0","0","0","2","0","7","4","2","41.8554062309","-87.6257042384","POINT (-87.625704238448 41.855406230934)"