"crash_record_id","crash_date_est_i","crash_date","posted_speed_limit","traffic_control_device","device_condition","weather_condition","lighting_condition","first_crash_type","trafficway_type","lane_cnt","alignment","roadway_surface_cond","road_defect","report_type","crash_type","intersection_related_i","private_property_i","hit_and_run_i","damage","date_police_notified","prim_contributory_cause","sec_contributory_cause","street_no","street_direction","street_name","beat_of_occurrence","photos_taken_i","statements_taken_i","dooring_i","work_zone_i","work_zone_type","workers_present_i","num_units","most_severe_injury","injuries_total","injuries_fatal","injuries_incapacitating","injuries_non_incapacitating","injuries_reported_not_evident","injuries_no_indication","injuries_unknown","crash_hour","crash_day_of_week","crash_month","latitude","longitude","location"
"6d9315e93e35ef713a85cd048121d9bc8f370d1cecf045baa3ce7d0d4c2971c790144bfc1be6e563328b326098f9c985d3f99e2ad231a3f38bed3f70bf9e1b32",,"2026-02-18T07:57:00.000","30","TRAFFIC SIGNAL","FUNCTIONING PROPERLY","CLEAR","DAYLIGHT","PEDESTRIAN","FOUR WAY",,"STRAIGHT AND LEVEL","WET","UNKNOWN","ON SCENE","INJURY AND / OR TOW DUE TO CRASH","Y",,,"$500 OR LESS","2026-02-18T07:57:00.000","UNABLE TO DETERMINE","UNABLE TO DETERMINE","6300","S","ST LOUIS AVE","823",,,,,,,"2","NONINCAPACITATING INJURY","1","0","0","1","0","1","0","7","4","2","41.7788045965","-87.7105552465","POINT (-87.710555246489 41.778804596514)"
"d5114ffff80dfa3f3cf1c4f4823373cb8a318fbaeed177771e4df5f62668619fb8003083e539ebe944343326c723b422c3ebd71f21d09365561d795295d1e0cd","Y","2026-02-18T07:55:00.000","30","NO CONTROLS","NO CONTROLS","CLEAR","DAYLIGHT","SIDESWIPE SAME DIRECTION","NOT DIVIDED",,"STRAIGHT AND LEVEL","DRY","NO DEFECTS",,"NO INJURY / DRIVE AWAY",,,,"OVER $1,500","2026-02-18T10:00:00.000","UNABLE TO DETERMINE","UNABLE TO DETERMINE","3611","N","ARTESIAN AVE","1921",,,,,,,"2","NO INDICATION OF INJURY","0","0","0","0","0","2","0","7","4","2","41.9471009977","-87.6893338388","POINT (-87.689333838809 41.947100997653)"
"1397779db81d9ec0f28d8b018011033fca79c26777bc20def89d447b85750d2290fc6f2fbc3a9d79f80380ecd9273cabd16aa505d1dfa4b83f3c9fcca3d79009","Y","2026-02-18T07:54:00.000","30","NO CONTROLS","NO CONTROLS","CLEAR","DAYLIGHT","REAR END","NOT DIVIDED",,"STRAIGHT AND LEVEL","DRY","NO DEFECTS","ON SCENE","INJURY AND / OR TOW DUE TO CRASH",,,,"OVER $1,500","2026-02-18T07:54:00.000","FOLLOWING TOO CLOSELY","FOLLOWING TOO CLOSELY","5140","N","ELSTON AVE","1623",,,,,,,"2","NO INDICATION OF INJURY","0","0","0","0","0","2","0","7","4","2","41.9743802015","-87.7505672607","POINT (-87.750567260719 41.974380201536)"
"38ca1cbb37ad1153d5ddfbe67f81a77858efe98d2dda90bacf00a636a165abb008a26c73d3b2eebdc499f44532fb8f38f19d0f5a332108f2ac68e33d1b9cec27",,"2026-02-18T07:54:00.000","30","UNKNOWN","UNKNOWN","CLEAR","DAYLIGHT","SIDESWIPE OPPOSITE DIRECTION","NOT DIVIDED",,"STRAIGHT AND LEVEL","WET","UNKNOWN","ON SCENE","NO INJURY / DRIVE AWAY",,,,"$501 - $1,500","2026-02-18T08:05:00.000","UNABLE TO DETERMINE","NOT APPLICABLE","3827","N","RAVENSWOOD AVE","1922",,,,,,,"2","NO INDICATION OF INJURY","0","0","0","0","0","3","0","7","4","2","41.9514064285","-87.6735812077","POINT (-87.673581207684 41.951406428498)"
"66a551ee2858bae5f8b4791f1ef02e8899d50e6e535805257187338ab991156d658f292e9e6ca2f4d75edb8474a09d45745f3f562a65fa244cb75491acba322d",,"2026-02-18T07:54:00.000","30","NO CONTROLS","NO CONTROLS","CLEAR","DAYLIGHT","TURNING","T-INTERSECTION",,"STRAIGHT AND LEVEL","DRY","NO DEFECTS","ON SCENE","NO INJURY / DRIVE AWAY","Y",,,"OVER $1,500","2026-02-18T07:56:00.000","FAILING TO REDUCE SPEED TO AVOID CRASH","FAILING TO REDUCE SPEED TO AVOID CRASH","3531","W","FOSTER AVE","1712",,,,,,,"2","NO INDICATION OF INJURY","0","0","0","0","0","3","0","7","4","2","41.975540306","-87.7172814936","POINT (-87.717281493563 41.975540305966)"
"fdb9e6e69b0cf02aa41fb171c3597a4b085f40af2febf8c8460401b1fbae341e6175f109fac62aaae9c23e021230ec0a924323233995623d751128a50006cae9",,"2026-02-18T07:47:00.000","20","STOP SIGN/FLASHER","FUNCTIONING PROPERLY","CLEAR","DAYLIGHT","ANGLE","FOUR WAY",,"STRAIGHT AND LEVEL","DRY","NO DEFECTS","ON SCENE","INJURY AND / OR TOW DUE TO CRASH","Y",,,"OVER $1,500","2026-02-18T07:50:00.000","FAILING TO YIELD RIGHT-OF-WAY","FAILING TO YIELD RIGHT-OF-WAY","3400","W","61ST ST","823",,,,,,,"2","REPORTED, NOT EVIDENT","1","0","0","0","1","4","0","7","4","2","41.7826433314","-87.7082207163","POINT (-87.708220716327 41.782643331375)"
"2c4e290961d46ac6f75002a12496afa451def92dcecce895a982b94d8c8173f2449bda9153c67888e603bc0ac3e7dc332fefb01616860c5779fdca11032356ca",,"2026-02-18T07:45:00.000","40","NO CONTROLS","NO CONTROLS","CLEAR","DAYLIGHT","FIXED OBJECT","DIVIDED - W/MEDIAN BARRIER",,"STRAIGHT AND LEVEL","DRY","OTHER","ON SCENE","INJURY AND / OR TOW DUE TO CRASH",,,,"OVER $1,500","2026-02-18T08:28:00.000","NOT APPLICABLE","NOT APPLICABLE","3100","N","LAKE SHORE DR NB","1934",,,,,,,"1","NO INDICATION OF INJURY","0","0","0","0","0","4","0","7","4","2","41.9377259114","-87.6354485099","POINT (-87.635448509885 41.937725911425)"
"500387a7fa05fd501a54604d019b1aa7d750ecf6c3983ebf1ad4843d0d52af171c433ec5cbdba5ce542969a41fb63ff66d109390df0acec387b0fb22db68c0d1",,"2026-02-18T07:45:00.000","30","TRAFFIC SIGNAL","FUNCTIONING PROPERLY","CLEAR","DAYLIGHT","ANGLE","FOUR WAY",,"STRAIGHT AND LEVEL","WET","NO DEFECTS","NOT ON SCENE (DESK REPORT)","NO INJURY / DRIVE AWAY","Y",,,"OVER $1,500","2026-02-18T08:40:00.000","UNABLE TO DETERMINE","UNABLE TO DETERMINE","1","S","PULASKI RD","1122",,,,,,,"2","NO INDICATION OF INJURY","0","0","0","0","0","6","0","7","4","2","41.8806804391","-87.7255224003","POINT (-87.725522400262 41.880680439079)"
"5cdbc1c186b34b3c3cad66bdc7eb7ba989483f4600b992e095de3bcd97e86f65fffa176dc67f6971dda5b3f1c483b6e82bd6d5cbd99a63608b714b26282dcbeb",,"2026-02-18T07:45:00.000","30","NO CONTROLS","NO CONTROLS","CLEAR","DAYLIGHT","SIDESWIPE SAME DIRECTION","DIVIDED - W/MEDIAN (NOT RAISED)",,"STRAIGHT AND LEVEL","DRY","NO DEFECTS","NOT ON SCENE (DESK REPORT)","NO INJURY / DRIVE AWAY",,,,"OVER $1,500","2026-02-18T12:30:00.000","UNABLE TO DETERMINE","UNABLE TO DETERMINE","6131","S","ASHLAND AVE","713",,,,,,,"2","NO INDICATION OF INJURY","0","0","0","0","0","2","0","7","4","2","41.7821759922","-87.66413849","POINT (-87.664138490031 41.782175992217)"
"5e39271c5537fb83aeb3ac06cf83b06ecdd50cd2088fa29828b5ce1c1acc4b549935ede010a9855c9a6b785e6c94d996a95bf6835e76b4c5938c287572f7cf27",,"2026-02-18T07:45:00.000","30","TRAFFIC SIGNAL","FUNCTIONING PROPERLY","CLEAR","DAYLIGHT","TURNING","FOUR WAY",,"STRAIGHT AND LEVEL","DRY","NO DEFECTS",,"INJURY AND / OR TOW DUE TO CRASH","Y",,,"$501 - $1,500","2026-02-18T07:54:00.000","UNABLE TO DETERMINE","UNABLE TO DETERMINE","3201","W","BELMONT AVE","1412",,,,,,,"2","NO INDICATION OF INJURY","0","0","0","0","0","2","0","7","4","2","41.9392210489","-87.7077146023","POINT (-87.707714602329 41.939221048898)"
"ca8b3e5c0f17af95cf0f0dee5df638fc7a80bb06ba10d23cd5ff64abcb0b2d80fae6c7b80b2dc43b14948c16185f83253eebdbc0f956bda6bb7612da1e1ad89a",,"2026-02-18T07:42:00.000","30","STOP SIGN/FLASHER","FUNCTIONING PROPERLY","CLEAR","DAYLIGHT","SIDESWIPE SAME DIRECTION","NOT DIVIDED",,"STRAIGHT AND LEVEL","WET","NO DEFECTS","ON SCENE","INJURY AND / OR TOW DUE TO CRASH","Y",,,"OVER $1,500","2026-02-18T07:42:00.000","IMPROPER OVERTAKING/PASSING","DRIVING SKILLS/KNOWLEDGE/EXPERIENCE","2459","W","NORTH AVE","1423",,,,,,,"2","NO INDICATION OF INJURY","0","0","0","0","0","5","0","7","4","2","41.9101856164","-87.6895305901","POINT (-87.689530590058 41.910185616423)"
"3d9a4abf51e6016e0a83942d1005d862ba24ec6711602c61ab1256911106bc35e5de9ce5704c519b643b3405ceaf09b3a6a5dd15fcd073ceacfd24e37be4ec7f",,"2026-02-18T07:40:00.000","25","STOP SIGN/FLASHER","FUNCTIONING PROPERLY","CLEAR","DAYLIGHT","ANGLE","FOUR WAY",,"STRAIGHT AND LEVEL","WET","NO DEFECTS","ON SCENE","INJURY AND / OR TOW DUE TO CRASH","Y",,,"OVER $1,500","2026-02-18T07:44:00.000","FAILING TO YIELD RIGHT-OF-WAY","UNABLE TO DETERMINE","6252","N","DRAKE AVE","1711",,,,,,,"2","NO INDICATION OF INJURY","0","0","0","0","0","3","0","7","4","2","41.9952730486","-87.7179362617","POINT (-87.71793626169 41.995273048551)"
"c20df24d4e3096038e49ba655990a554d33b4ebb8025b4af1925b8f40dee36a8934bbea2384d538ce0efce6529e2d690834c55eda4d4045a4c396e81d4a87fad",,"2026-02-18T07:40:00.000","30","TRAFFIC SIGNAL","FUNCTIONING PROPERLY","CLEAR","DAYLIGHT","REAR END","DIVIDED - W/MEDIAN (NOT RAISED)",,"STRAIGHT AND LEVEL","DRY","NO DEFECTS","NOT ON SCENE (DESK REPORT)","NO INJURY / DRIVE AWAY",,,,"OVER $1,500","2026-02-18T09:42:00.000","UNABLE TO DETERMINE","UNABLE TO DETERMINE","1200","N","CLYBOURN AVE","1821",,,,,,,"2","NO INDICATION OF INJURY","0","0","0","0","0","3","0","7","4","2","41.9037895847","-87.6398207738","POINT (-87.639820773757 41.903789584668)"
"f515cfc57abda77c18cfc379b1e6c242649b1746bb7d863d1a5440fb1552a2ec4d29c39b94a3c378a62b20621f9744fc00d1f090fbba38160c404d6ab0cc2255",,"2026-02-18T07:40:00.000","25","TRAFFIC SIGNAL","FUNCTIONING PROPERLY","CLEAR","DAYLIGHT","TURNING","FOUR WAY",,"STRAIGHT AND LEVEL","DRY","NO DEFECTS","ON SCENE","NO INJURY / DRIVE AWAY","Y",,,"OVER $1,500","2026-02-18T10:30:00.000","IMPROPER LANE USAGE","IMPROPER TURNING/NO SIGNAL","1","N","KOSTNER AVE","1115",,,,,,,"2","NO INDICATION OF INJURY","0","0","0","0","0","2","0","7","4","2","41.880679508","-87.7353312576","POINT (-87.735331257573 41.880679508016)"
"606edb788fb2843172b2187b77d52866df5e34237da1f5a822531632a28622088f8aa04748d3d9482b47f47445ac13a22021badc796d314c5ff94a369c6e5524",,"2026-02-18T07:31:00.000","30","STOP SIGN/FLASHER","FUNCTIONING PROPERLY","CLEAR","DAYLIGHT","PARKED MOTOR VEHICLE","NOT DIVIDED",,"STRAIGHT AND LEVEL","WET","NO DEFECTS","ON SCENE","NO INJURY / DRIVE AWAY",,,,"$501 - $1,500","2026-02-18T07:35:00.000","IMPROPER TURNING/NO SIGNAL","NOT APPLICABLE","1400","S","JEFFERSON ST","124",,,,,,,"2","NO INDICATION OF INJURY","0","0","0","0","0","2","0","7","4","2","41.8635013524","-87.6422095008","POINT (-87.642209500776 41.863501352448)"
"411defde941d3cf9a8a1e2a91d70544e98c52e07f0fb5641ca55e702f96a9be6ead015c968733ca57d9a88d7d6b04a1c59b2dea900def4a9b1ece7dcf7819335",,"2026-02-18T07:30:00.000","30","STOP SIGN/FLASHER","FUNCTIONING PROPERLY","CLEAR","DAYLIGHT","ANGLE","NOT DIVIDED",,"STRAIGHT AND LEVEL","WET","NO DEFECTS","ON SCENE","INJURY AND / OR TOW DUE TO CRASH","Y",,,"OVER $1,500","2026-02-18T07:40:00.000","FAILING TO YIELD RIGHT-OF-WAY","NOT APPLICABLE","1345","W","21ST ST","1235",,,,,,,"4","NONINCAPACITATING INJURY","5","0","0","5","0","1","0","7","4","2","41.8541444448","-87.6605598907","POINT (-87.660559890745 41.854144444784)"
"76fc19852aa605056df4dda859edacb2e5238109bb1310c172fa01119bfc0207cbed10f1fdbc1bf53beb2bf974419f932e7e89cff6a364a56f00412e280367dd","Y","2026-02-18T07:30:00.000","20","NO CONTROLS","NO CONTROLS","CLEAR","DAYLIGHT","PARKED MOTOR VEHICLE","ONE-WAY",,"STRAIGHT AND LEVEL","DRY","NO DEFECTS","NOT ON SCENE (DESK REPORT)","NO INJURY / DRIVE AWAY",,,"Y","$500 OR LESS","2026-02-19T16:27:00.000","UNABLE TO DETERMINE","UNABLE TO DETERMINE","6110","S","KOLIN AVE","813",,,,,,,"2","NO INDICATION OF INJURY","0","0","0","0","0","1","0","7","4","2","41.7818253451","-87.7315465045","POINT (-87.731546504507 41.781825345112)"
"cfecc69a53baecf072a150668a88a08c115a1d02c9595fa74f56ed670949e1f6a6e96f1906d9beddb928f44805cafbe8cd8040340a05ee44e4b722e321e69407",,"2026-02-18T07:30:00.000","30","NO CONTROLS","NO CONTROLS","CLEAR","DAYLIGHT","SIDESWIPE SAME DIRECTION","DIVIDED - W/MEDIAN (NOT RAISED)",,"STRAIGHT AND LEVEL","DRY","NO DEFECTS","NOT ON SCENE (DESK REPORT)","NO INJURY / DRIVE AWAY",,,"N","OVER $1,500","2026-02-18T18:30:00.000","UNABLE TO DETERMINE","UNABLE TO DETERMINE","400","N","CENTRAL AVE","1512",,,,,,,"2","NO INDICATION OF INJURY","0","0","0","0","0","2","0","7","4","2","41.8878046205","-87.7652684981","POINT (-87.765268498104 41.887804620535)"
"dce6fb81460387936d862085d3314573f6c0e4a84a25aad09d6b048a2083bece0bfdb421d3991ae47616f77b54dcc4437b0dfc5d76022c36d416c17b9ac29817",,"2026-02-18T07:27:00.000","30","NO CONTROLS","NO CONTROLS","CLEAR","DAYLIGHT","REAR END","NOT DIVIDED",,"STRAIGHT AND LEVEL","UNKNOWN","NO DEFECTS","ON SCENE","INJURY AND / OR TOW DUE TO CRASH",,,,"OVER $1,500","2026-02-18T07:29:00.000","DISTRACTION - FROM INSIDE VEHICLE","NOT APPLICABLE","1641","W","DIVERSEY PKWY","1931",,,,,,,"2","NO INDICATION OF INJURY","0","0","0","0","0","2","0","7","4","2","41.9322732946","-87.6700066512","POINT (-87.670006651206 41.932273294575)"
"b93c6f36156a038def6505180f94421653a9a29c599814827eea6325f25a79ad9541f3e30bee009744876915becd5373315c49f9e65f90f9bcb3725761b1c49e",,"2026-02-18T07:20:00.000","30","NO CONTROLS","NO CONTROLS","CLEAR","DAYLIGHT","SIDESWIPE SAME DIRECTION","DIVIDED - W/MEDIAN (NOT RAISED)",,"STRAIGHT AND LEVEL","DRY","NO DEFECTS","NOT ON SCENE (DESK REPORT)","NO INJURY / DRIVE AWAY",,,"Y","OVER $1,500","2026-02-18T10:50:00.000","IMPROPER OVERTAKING/PASSING","NOT APPLICABLE","52","W","LA SALLE DR","1814",,,,,,,"2","NO INDICATION OF INJURY","0","0","0","0","0","3","0","7","4","2","41.9133861755","-87.6308966265","POINT (-87.630896626535 41.913386175471)"
"f4d3b8b5cf4bf1073c3448fe59b7dc0dbe57f5d42e97214a02be0654b934e8ae7233816f2f02098857c706a1c5aa8175ebc78b418b53fa63e582101ff02721db",,"2026-02-18T07:08:00.000","30","NO CONTROLS","NO CONTROLS","CLEAR","DAYLIGHT","SIDESWIPE SAME DIRECTION","ONE-WAY",,"STRAIGHT AND LEVEL","WET","NO DEFECTS","ON SCENE","NO INJURY / DRIVE AWAY",,,"Y","OVER $1,500","2026-02-18T07:11:00.000","IMPROPER OVERTAKING/PASSING","DRIVING SKILLS/KNOWLEDGE/EXPERIENCE","172","W","ADAMS ST","122",,,,,,,"2","NO INDICATION OF INJURY","0","0","0","0","0","2","0","7","4","2","41.8795036502","-87.6329697416","POINT (-87.632969741567 41.879503650162)"
"4764f8d67293a3f30a96f560f95e66af6bc68ea590b3366b8e8f6ca918b1f587a4a47258cc750eb6019e6351c5d19b36efe81b6a5cc62a31bd9bda1da77d80c5",,"2026-02-18T07:00:00.000","15","NO CONTROLS","NO CONTROLS","CLEAR","DAYLIGHT","PARKED MOTOR VEHICLE","PARKING LOT",,"STRAIGHT AND LEVEL","DRY","NO DEFECTS","NOT ON SCENE (DESK REPORT)","NO INJURY / DRIVE AWAY",,,"Y","$500 OR LESS","2026-02-18T15:30:00.000","UNABLE TO DETERMINE","UNABLE TO DETERMINE","521","E","38TH PL","212",,,,,,,"2","NO INDICATION OF INJURY","0","0","0","0","0","1","0","7","4","2","41.8247145081","-87.6137645477","POINT (-87.613764547701 41.824714508073)"
"744b26f3d6b93ea099a4cc11aec9824ae25a3bb67002e569ef1209eba00009f80d58871db0d4bc2d49fc280ef09e5f8a9fe0f11892a6adc47a05be1ed277cfdf",,"2026-02-18T07:00:00.000","30","NO CONTROLS","NO CONTROLS","CLEAR","DAYLIGHT","PARKED MOTOR VEHICLE","ONE-WAY",,"STRAIGHT AND LEVEL","DRY","UNKNOWN","ON SCENE","INJURY AND / OR TOW DUE TO CRASH",,,"Y","OVER $1,500","2026-02-18T07:13:00.000","UNABLE TO DETERMINE","UNABLE TO DETERMINE","2725","N","WHIPPLE ST","1411",,,,,,,"2","NO INDICATION OF INJURY","0","0","0","0","0","1","0","7","4","2","41.9309987865","-87.7035724543","POINT (-87.703572454273 41.930998786479)"
"7690cc15feab979afbabe3378fce593f9b9227bccac65e36b7d7b4dd7e0ae61446ecc1c45f19e1cc26bd0a8e4a5d86f47142b338ad850bc996c56776b3ff3dd1",,"2026-02-18T07:00:00.000","20","NO CONTROLS","NO CONTROLS","RAIN","DAYLIGHT","PARKED MOTOR VEHICLE","NOT DIVIDED",,"STRAIGHT AND LEVEL","WET","NO DEFECTS","ON SCENE","INJURY AND / OR TOW DUE TO CRASH",,,,"OVER $1,500","2026-02-18T07:31:00.000","WEATHER","WEATHER","2933","W","73RD ST","835",,,,,,,"2","NO INDICATION OF INJURY","0","0","0","0","0","1","0","7","4","2","41.7607213188","-87.6966535686","POINT (-87.696653568578 41.760721318796)"
"b0ab7210ca21b6c52188c189a34b1987d093221c41b8c6f017c431d0d64028297654707f651d636a8ffa6a70243e41fb78c5d43da07220c2b58907f18d6aa860",,"2026-02-18T07:00:00.000","25","STOP SIGN/FLASHER","FUNCTIONING PROPERLY","CLEAR","DAYLIGHT","PEDALCYCLIST","FOUR WAY",,"STRAIGHT AND LEVEL","WET","NO DEFECTS","ON SCENE","INJURY AND / OR TOW DUE TO CRASH","Y",,,"OVER $1,500","2026-02-18T07:10:00.000","FAILING TO YIELD RIGHT-OF-WAY","UNABLE TO DETERMINE","1800","W","BERTEAU AVE","1912",,,,,,,"2","NONINCAPACITATING INJURY","1","0","0","1","0","1","0","7","4","2","41.9579794914","-87.6743576961","POINT (-87.674357696058 41.95797949142)"
"4882de61d7199444210836a301fb56324cee88a9ad183a1df1aab08218cea0d9ac2d809e65cee8a02674ed97c81f1d2cd5200b61e83b3c93375abfb13211e498",,"2026-02-18T06:39:00.000","35","TRAFFIC SIGNAL","FUNCTIONING PROPERLY","RAIN","DAWN","PEDALCYCLIST","DIVIDED - W/MEDIAN BARRIER",,"STRAIGHT AND LEVEL","WET","NO DEFECTS","ON SCENE","NO INJURY / DRIVE AWAY",,,,"OVER $1,500","2026-02-18T06:41:00.000","UNABLE TO DETERMINE","NOT APPLICABLE","630","N","LA SALLE DR","1832",,,,,,,"2","NO INDICATION OF INJURY","0","0","0","0","0","2","0","6","4","2","41.8932447739","-87.6327867038","POINT (-87.632786703841 41.893244773868)"
"9002b8252e1f9620b17ef70d4279cb189fd78d73b2430bd9e2a9300ab49cf3eb948183d1263b845d24430aaedbd2a5fd6fd66fd913ce8b0b407661d418aa00e9",,"2026-02-18T06:33:00.000","30","UNKNOWN","UNKNOWN","CLEAR","UNKNOWN","REAR END","NOT DIVIDED",,"STRAIGHT AND LEVEL","DRY","NO DEFECTS","NOT ON SCENE (DESK REPORT)","NO INJURY / DRIVE AWAY",,,"Y","$501 - $1,500","2026-02-18T07:09:00.000","UNABLE TO DETERMINE","NOT APPLICABLE","2850","W","COLUMBUS AVE","835",,,,,,,"2","NO INDICATION OF INJURY","0","0","0","0","0","3","0","6","4","2","41.754283503","-87.6942032692","POINT (-87.694203269203 41.754283503025)"
"2462c783719e17279e8b8b7d7b11cf05ead08bcc9831691ba6d6d4142e2bcf0f0b5a074382ab00e8ac4519c25fe8f8374914e64713de9dfc87b680de4fffa743",,"2026-02-18T06:31:00.000","30","TRAFFIC SIGNAL","FUNCTIONING PROPERLY","CLOUDY/OVERCAST","DAWN","TURNING","DIVIDED - W/MEDIAN (NOT RAISED)",,"STRAIGHT AND LEVEL","WET","NO DEFECTS","ON SCENE","INJURY AND / OR TOW DUE TO CRASH",,,"Y","OVER $1,500","2026-02-18T06:31:00.000","FAILING TO YIELD RIGHT-OF-WAY","NOT APPLICABLE","6300","S","CICERO AVE","813",,,,,,,"2","NO INDICATION OF INJURY","0","0","0","0","0","2","0","6","4","2","41.7783353905","-87.7424364942","POINT (-87.74243649416 41.778335390453)"
"5f2b45a6ec86124f0ae380c05382222ae92e359cbbdf851d7b7cb431cf169ea29447caa9947bf9422b31eb338f15b3992b8bcda3e05b6b3d138bde48576a2c41",,"2026-02-18T06:30:00.000","30","NO CONTROLS","NO CONTROLS","CLEAR","DAYLIGHT","SIDESWIPE SAME DIRECTION","NOT DIVIDED",,"STRAIGHT AND LEVEL","DRY","NO DEFECTS","NOT ON SCENE (DESK REPORT)","NO INJURY / DRIVE AWAY",,,"Y","OVER $1,500","2026-02-19T14:13:00.000","IMPROPER OVERTAKING/PASSING","NOT APPLICABLE","3800","W","47TH ST","821",,,,,,,"2","NO INDICATION OF INJURY","0","0","0","0","0","5","0","6","4","2","41.8080425036","-87.7187387057","POINT (-87.718738705712 41.808042503631)"
"97bb576f60233dd47cdf945eaa32ad8924b5c1386bc765cefe2f55a6856210955e939ed958f66e7768a7f986a1bfee749932bb6661ad130b3e3ae3beb3dfd0d3",,"2026-02-18T06:30:00.000","30","UNKNOWN","UNKNOWN","CLEAR","DAYLIGHT","SIDESWIPE SAME DIRECTION","NOT DIVIDED",,"STRAIGHT AND LEVEL","DRY","UNKNOWN","NOT ON SCENE (DESK REPORT)","NO INJURY / DRIVE AWAY",,,,"OVER $1,500","2026-02-18T08:00:00.000","UNABLE TO DETERMINE","UNABLE TO DETERMINE","3600","W","71ST ST","833",,,,,,,"2","NO INDICATION OF INJURY","0","0","0","0","0","2","0","6","4","2","41.7643466106","-87.7128782223","POINT (-87.712878222255 41.764346610555)"
"9479a28036338cd56c928e99716677d3b33344942f8d61ab6d538b955ab738393bb25799496b32f372846067c975789ac70e0bb6cfb5391f9c289e2cfbd7a9d2",,"2026-02-18T06:20:00.000","30","NO CONTROLS","NO CONTROLS","CLEAR","DAYLIGHT","REAR END","T-INTERSECTION",,"STRAIGHT AND LEVEL","WET","NO DEFECTS","NOT ON SCENE (DESK REPORT)","INJURY AND / OR TOW DUE TO CRASH","Y",,"Y","$501 - $1,500","2026-02-18T08:50:00.000","FOLLOWING TOO CLOSELY","NOT APPLICABLE","401","W","127TH ST","523",,,,,,,"3","NONINCAPACITATING INJURY","2","0","0","1","1","2","0","6","4","2","41.6632015089","-87.6318297613","POINT (-87.631829761294 41.663201508866)"
"5f926b600abf22a1a5cf8a43c0e2493ee70ec249d0abdd6e7d50d5e0f4f6fa5ada9d332c3be1eb52dfc81f118cb09d400b55cf3703b7d465fe554315d8b69c0e",,"2026-02-18T05:50:00.000","30","TRAFFIC SIGNAL","FUNCTIONING PROPERLY","CLEAR","DARKNESS, LIGHTED ROAD","REAR END","NOT DIVIDED",,"STRAIGHT AND LEVEL","WET","NO DEFECTS","NOT ON SCENE (DESK REPORT)","NO INJURY / DRIVE AWAY",,,,"OVER $1,500","2026-02-18T09:30:00.000","FAILING TO REDUCE SPEED TO AVOID CRASH","NOT APPLICABLE","3799","N","CICERO AVE","1731",,,,,,,"2","NO INDICATION OF INJURY","0","0","0","0","0","2","0","5","4","2","41.9497354902","-87.7470469402","POINT (-87.74704694022 41.949735490211)"
"eda8dd5dec53d5c90fb4180a4283ef9e920bf6db9c658e964dc902880c15d6f68c4a69019d63568b3319e28b7c03eeec28abc6694793b957520863ccc70b1d75",,"2026-02-18T05:50:00.000","30","TRAFFIC SIGNAL","FUNCTIONING IMPROPERLY","RAIN","DAWN","ANGLE","NOT DIVIDED",,"STRAIGHT AND LEVEL","WET","UNKNOWN","NOT ON SCENE (DESK REPORT)","NO INJURY / DRIVE AWAY",,,,"OVER $1,500","2026-02-18T06:15:00.000","UNABLE TO DETERMINE","UNABLE TO DETERMINE","5901","S","ASHLAND AVE","713",,,,,,,"2","NO INDICATION OF INJURY","0","0","0","0","0","2","0","5","4","2","41.7866577599","-87.6642458655","POINT (-87.664245865468 41.786657759891)"
"1071c61949c30bfffd2454e5b9b2d966be88c5a3a9725046bbd397c16bd94c7baa0e8c9abeaf262fe51d9fd315f99dd3121d70d21e1f590d4e0ec0887d05449a",,"2026-02-18T05:49:00.000","30","TRAFFIC SIGNAL","FUNCTIONING PROPERLY","CLEAR","DAYLIGHT","TURNING","NOT DIVIDED",,"STRAIGHT AND LEVEL","WET","NO DEFECTS","NOT ON SCENE (DESK REPORT)","NO INJURY / DRIVE AWAY","Y",,,"OVER $1,500","2026-02-18T06:30:00.000","IMPROPER TURNING/NO SIGNAL","FAILING TO YIELD RIGHT-OF-WAY","2759","W","LOGAN BLVD","1431",,,,,,,"2","NO INDICATION OF INJURY","0","0","0","0","0","2","0","5","4","2","41.9283566306","-87.6974534034","POINT (-87.697453403395 41.928356630609)"
"efba7d61b9402d2a50f4ea773b10bd64849da395e6e1b160f3286246d5545049fad48e1e0caf90810cb95bf69a56b246342f910378783ab0c3f4c78e0b45f1b1","Y","2026-02-18T05:30:00.000","30","STOP SIGN/FLASHER","FUNCTIONING PROPERLY","RAIN","DARKNESS, LIGHTED ROAD","PARKED MOTOR VEHICLE","FOUR WAY",,"STRAIGHT AND LEVEL","WET","NO DEFECTS","ON SCENE","NO INJURY / DRIVE AWAY",,,,"OVER $1,500","2026-02-18T05:35:00.000","UNABLE TO DETERMINE","UNABLE TO DETERMINE","5932","W","WABANSIA AVE","2531",,,,,,,"2","NO INDICATION OF INJURY","0","0","0","0","0","1","0","5","4","2","41.9112037751","-87.7741737266","POINT (-87.774173726559 41.911203775097)"
"ff42e73297e9e4bc8a7e16dc0caaf7f54b7189b17a32e285cee8c19f6d1eb6806fda56e8e0677505052e72112d103430961ab4444eaf0ad6e76b2f30b97451ba",,"2026-02-18T04:05:00.000","30","NO CONTROLS","NO CONTROLS","RAIN","DARKNESS, LIGHTED ROAD","FIXED OBJECT","ONE-WAY",,"STRAIGHT AND LEVEL","WET","NO DEFECTS","ON SCENE","INJURY AND / OR TOW DUE TO CRASH",,,,"OVER $1,500","2026-02-18T04:09:00.000","EQUIPMENT - VEHICLE CONDITION","EQUIPMENT - VEHICLE CONDITION","1112","S","RACINE AVE","1231",,,,,,,"1","NO INDICATION OF INJURY","0","0","0","0","0","3","0","4","4","2","41.8677335473","-87.6568534324","POINT (-87.656853432443 41.867733547322)"