"crash_record_id","crash_date_est_i","crash_date","posted_speed_limit","traffic_control_device","device_condition","weather_condition","lighting_condition","first_crash_type","trafficway_type","lane_cnt","alignment","roadway_surface_cond","road_defect","report_type","crash_type","intersection_related_i","private_property_i","hit_and_run_i","damage","date_police_notified","prim_contributory_cause","sec_contributory_cause","street_no","street_direction","street_name","beat_of_occurrence","photos_taken_i","statements_taken_i","dooring_i","work_zone_i","work_zone_type","workers_present_i","num_units","most_severe_injury","injuries_total","injuries_fatal","injuries_incapacitating","injuries_non_incapacitating","injuries_reported_not_evident","injuries_no_indication","injuries_unknown","crash_hour","crash_day_of_week","crash_month","latitude","longitude","location"
"cbf2d52568eb249d17ef71f395769776b57bed6b5cea9e1cb9d82698dbae69c24e0f7ae9d8f125ab37a3daf07c6e9a0bdca77cf093d31ee93d17940589a30289",,"2026-02-18T04:02:00.000","45","NO CONTROLS","NO CONTROLS","RAIN","DARKNESS, LIGHTED ROAD","FIXED OBJECT","DIVIDED - W/MEDIAN BARRIER",,"STRAIGHT AND LEVEL","WET","NO DEFECTS","ON SCENE","INJURY AND / OR TOW DUE TO CRASH",,,,"OVER $1,500","2026-02-18T04:02:00.000","WEATHER","FAILING TO REDUCE SPEED TO AVOID CRASH","10255","W","ZEMKE RD","1654",,,,,,,"1","NO INDICATION OF INJURY","0","0","0","0","0","1","0","4","4","2","41.9947933861","-87.8827076595","POINT (-87.882707659516 41.994793386112)"
"cd62072ec9b87b116ed96f602c34cc5e730ca207024c068224cb48b9c75503cb1049217f1c942526a4ec030a1eaf98a019de3554fcd987a89b2702e1800f80ad",,"2026-02-18T03:43:00.000","30","STOP SIGN/FLASHER","FUNCTIONING PROPERLY","RAIN","DARKNESS, LIGHTED ROAD","ANGLE","NOT DIVIDED",,"STRAIGHT AND LEVEL","WET","NO DEFECTS",,"INJURY AND / OR TOW DUE TO CRASH","Y",,,"OVER $1,500","2026-02-18T03:43:00.000","DISREGARDING STOP SIGN","UNABLE TO DETERMINE","12200","S","WENTWORTH AVE","523",,,,,,,"2","REPORTED, NOT EVIDENT","2","0","0","0","2","0","0","3","4","2","41.6724123627","-87.627447273","POINT (-87.627447272989 41.672412362703)"
"e49ed798b259ebedf5ff47768f9142c70a647e37a5e65b189851e46d1bcaaef6cce427c4e410d655aed64079889d9e77d59ccaaf8749219b74bd4cce55b1b21f",,"2026-02-18T03:05:00.000","25","NO CONTROLS","UNKNOWN","RAIN","DARKNESS, LIGHTED ROAD","REAR END","OTHER",,"STRAIGHT AND LEVEL","WET","NO DEFECTS","ON SCENE","NO INJURY / DRIVE AWAY",,"Y",,"$500 OR LESS","2026-02-18T03:10:00.000","FOLLOWING TOO CLOSELY","FOLLOWING TOO CLOSELY","1400","W","79TH ST","612",,,,,,,"2","NO INDICATION OF INJURY","0","0","0","0","0","3","0","3","4","2","41.7505349813","-87.6586520623","POINT (-87.65865206229 41.750534981258)"
"8cbf07c9ec5f89fe32515318005711dc29549cdf0f35731d487fab9e5d04c59fb41b4b98c6c1f2025f6813a1a0df962db654f9382e5f86a6fcf710c984036eb8","N","2026-02-18T03:00:00.000","25","NO CONTROLS","NO CONTROLS","CLEAR","DARKNESS, LIGHTED ROAD","PARKED MOTOR VEHICLE","DIVIDED - W/MEDIAN (NOT RAISED)",,"STRAIGHT AND LEVEL","WET","NO DEFECTS","ON SCENE","INJURY AND / OR TOW DUE TO CRASH",,,"Y","OVER $1,500","2026-02-18T07:56:00.000","UNABLE TO DETERMINE","UNABLE TO DETERMINE","857","W","LAWRENCE AVE","1914",,,,,,,"3","NO INDICATION OF INJURY","0","0","0","0","0","1","0","3","4","2","41.9690131957","-87.6522551165","POINT (-87.652255116523 41.96901319568)"
"decdaa9b1eb2011e1fd00e01d58fea2b231e4cc8e98917031a1e82a3cfcfebf6dd7093fb5e87084c55aec28951f89969a09df0934a7ef4945b91ed5a11c7ed98",,"2026-02-18T02:30:00.000","25","NO CONTROLS","NO CONTROLS","CLEAR","UNKNOWN","PARKED MOTOR VEHICLE","NOT DIVIDED",,"STRAIGHT AND LEVEL","DRY","NO DEFECTS","NOT ON SCENE (DESK REPORT)","INJURY AND / OR TOW DUE TO CRASH",,,"Y","OVER $1,500","2026-02-18T20:10:00.000","UNABLE TO DETERMINE","NOT APPLICABLE","3601","W","BYRON ST","1732",,,,,,,"2","NO INDICATION OF INJURY","0","0","0","0","0","1","0","2","4","2","41.951857793","-87.7178458178","POINT (-87.717845817791 41.951857793001)"
"482ec5e5755d7f3d0b30a156976f403fce695cd471b00a6fe8d3e9752d5dd4bc53fa787cd6304a229cc1c16a6ee40ef825a99f2da3152108c4a56aeedafac5bf",,"2026-02-18T02:16:00.000","30","NO CONTROLS","NO CONTROLS","RAIN","DARKNESS, LIGHTED ROAD","PARKED MOTOR VEHICLE","NOT DIVIDED",,"STRAIGHT AND LEVEL","WET","WORN SURFACE",,"INJURY AND / OR TOW DUE TO CRASH",,,"N","$501 - $1,500","2026-02-18T02:28:00.000","UNABLE TO DETERMINE","UNABLE TO DETERMINE","8557","S","KILBOURN AVE","834",,,,,,,"3","NO INDICATION OF INJURY","0","0","0","0","0","1","0","2","4","2","41.7366319788","-87.7334867721","POINT (-87.733486772095 41.736631978842)"
"9aa8bbc8d40c4516993d5be41c2b3e381b3722050dc1eaec57f1c591cc3a63109dd11fbacb0e3a741c2128479e47537af52d563e4a9dcfd16f2d20969e23416d","Y","2026-02-18T02:00:00.000","30","NO CONTROLS","NO CONTROLS","CLEAR","DARKNESS, LIGHTED ROAD","PARKED MOTOR VEHICLE","ONE-WAY",,"STRAIGHT AND LEVEL","DRY","NO DEFECTS","NOT ON SCENE (DESK REPORT)","NO INJURY / DRIVE AWAY",,,"Y","OVER $1,500","2026-02-19T13:53:00.000","UNABLE TO DETERMINE","NOT APPLICABLE","1553","S","ST LOUIS AVE","1021",,,,,,,"2","NO INDICATION OF INJURY","0","0","0","0","0","1","0","2","4","2","41.8592646485","-87.7126321615","POINT (-87.712632161513 41.859264648518)"
"4778e3f2496f06bc787ea691df020929104304c90b0a701679416bb77bc6e7c46c7f1429182136a73304f20745200ed12fa266c82de1cf5ad7da88eb89293c15","N","2026-02-18T01:30:00.000","30","NO CONTROLS","NO CONTROLS","CLEAR","DARKNESS, LIGHTED ROAD","PARKED MOTOR VEHICLE","NOT DIVIDED",,"STRAIGHT AND LEVEL","WET","NO DEFECTS","ON SCENE","NO INJURY / DRIVE AWAY",,,"Y","OVER $1,500","2026-02-18T02:52:00.000","UNABLE TO DETERMINE","NOT APPLICABLE","6308","W","ADDISON ST","1633",,,,,,,"3","NO INDICATION OF INJURY","0","0","0","0","0","1","0","1","4","2","41.9458024189","-87.784228241","POINT (-87.784228240954 41.945802418859)"
"ab1c1ed3bafd2e2e4397d4a4509c02be9b973c059baf5d110321e273f62fbf916d49f0fcab2063c0f2c3a49e7c26c424176f6c32ebde27e85a72d46a27be3db2",,"2026-02-18T01:28:00.000","30","NO CONTROLS","NO CONTROLS","RAIN","DARKNESS, LIGHTED ROAD","OTHER OBJECT","NOT DIVIDED",,"STRAIGHT AND LEVEL","WET","NO DEFECTS","ON SCENE","INJURY AND / OR TOW DUE TO CRASH",,,,"OVER $1,500","2026-02-18T01:31:00.000","FAILING TO REDUCE SPEED TO AVOID CRASH","UNABLE TO DETERMINE","4023","W","MARQUETTE RD","833",,,,,,,"1","NO INDICATION OF INJURY","0","0","0","0","0","2","0","1","4","2","41.7712486613","-87.7236389237","POINT (-87.723638923666 41.771248661307)"
"dd1b91de9ac612b615eed49d5e4829012194fe2adb08982afca92c6f01fa25a48b2351eacaaf662941cdaa8f59f2aa839f3b0cd4df70b6e6278e208e6e17dfc8",,"2026-02-18T01:09:00.000","40","TRAFFIC SIGNAL","FUNCTIONING PROPERLY","RAIN","DARKNESS, LIGHTED ROAD","SIDESWIPE SAME DIRECTION","DIVIDED - W/MEDIAN BARRIER",,"STRAIGHT AND LEVEL","WET","NO DEFECTS","ON SCENE","INJURY AND / OR TOW DUE TO CRASH",,,"Y","OVER $1,500","2026-02-18T01:15:00.000","FAILING TO REDUCE SPEED TO AVOID CRASH","NOT APPLICABLE","100","S","LAKE SHORE DR NB","114",,,,,,,"2","NO INDICATION OF INJURY","0","0","0","0","0","2","0","1","4","2","41.8808560477","-87.6176358918","POINT (-87.617635891755 41.880856047671)"
"42b7486a62c3a57b95f29d5ae0c333b3bc399f112e714fc3fc97a8a8704a02a34044671392c6697aebd261713288a4e7b3d3dcd2548dddeafcc4b7d62506ae42",,"2026-02-18T00:16:00.000","30","TRAFFIC SIGNAL","FUNCTIONING PROPERLY","RAIN","DARKNESS, LIGHTED ROAD","TURNING","T-INTERSECTION",,"STRAIGHT AND LEVEL","WET","NO DEFECTS","NOT ON SCENE (DESK REPORT)","NO INJURY / DRIVE AWAY","Y",,,"OVER $1,500","2026-02-18T01:30:00.000","IMPROPER LANE USAGE","IMPROPER OVERTAKING/PASSING","299","E","IDA B WELLS DR","114",,,,,,,"2","NO INDICATION OF INJURY","0","0","0","0","0","2","0","0","4","2","41.8756634183","-87.6206760279","POINT (-87.620676027915 41.87566341826)"
"f35509faab23c721e8f7669b513f31a1b2084904c462d759a98e5354ba91331019de4d1211e02ba50259bcb27775e8928a049cdbfe72e0f4bd672bf96a710b91",,"2026-02-18T00:14:00.000","30","STOP SIGN/FLASHER","FUNCTIONING PROPERLY","RAIN","DARKNESS, LIGHTED ROAD","ANGLE","FOUR WAY",,"STRAIGHT AND LEVEL","WET","NO DEFECTS","ON SCENE","INJURY AND / OR TOW DUE TO CRASH","Y",,,"OVER $1,500","2026-02-18T00:14:00.000","DISTRACTION - FROM INSIDE VEHICLE","FAILING TO YIELD RIGHT-OF-WAY","500","E","67TH ST","321",,,,,,,"2","NONINCAPACITATING INJURY","2","0","0","2","0","0","0","0","4","2","41.7731231953","-87.6129877079","POINT (-87.612987707912 41.773123195334)"
"a3f8f4ce9cc4d2fedba397ec4c88d887e363be4017647f2b0ee3fc427178e80e9da25697eb75c146393900bed467e74b64f9672ecf39ff14aa2518e2af29c959",,"2026-02-17T23:50:00.000","30","NO CONTROLS","NO CONTROLS","RAIN","DARKNESS, LIGHTED ROAD","PARKED MOTOR VEHICLE","DIVIDED - W/MEDIAN (NOT RAISED)",,"STRAIGHT AND LEVEL","WET","NO DEFECTS","ON SCENE","INJURY AND / OR TOW DUE TO CRASH",,,,"OVER $1,500","2026-02-17T23:54:00.000","UNABLE TO DETERMINE","UNABLE TO DETERMINE","58","E","76TH ST","623",,,,,,,"2","NO INDICATION OF INJURY","0","0","0","0","0","1","0","23","3","2","41.7565636569","-87.6224236732","POINT (-87.622423673165 41.756563656906)"
"e2d1201217a657674d6fb3a67c4c48b05c3a4f79ba7f691d430bfa8f711c3824bac1207c654f117c7fd10c2f7f2a9633036b4a35b55c516556d76ac2e4f2ca5e",,"2026-02-17T23:50:00.000","15","NO CONTROLS","NO CONTROLS","RAIN","DARKNESS, LIGHTED ROAD","PARKED MOTOR VEHICLE","PARKING LOT",,"STRAIGHT ON GRADE","WET","NO DEFECTS","ON SCENE","NO INJURY / DRIVE AWAY",,"Y","Y","$501 - $1,500","2026-02-17T23:54:00.000","IMPROPER BACKING","NOT APPLICABLE","5435","S","KEDZIE AVE","923",,,,,,,"2","NO INDICATION OF INJURY","0","0","0","0","0","3","0","23","3","2","41.7943834229","-87.7034374038","POINT (-87.70343740378 41.794383422853)"
"c59b051393c82137c2e136d1f17dd8ebd595d0bade86b2f07b665af99dbd085347465a2ea471667e3fcd4e169b70be77ac15286169763132f6603b47dff339ea","Y","2026-02-17T23:30:00.000","45","NO CONTROLS","NO CONTROLS","RAIN","DARKNESS","FIXED OBJECT","OTHER",,"STRAIGHT AND LEVEL","WET","NO DEFECTS","ON SCENE","INJURY AND / OR TOW DUE TO CRASH",,,"Y","OVER $1,500","2026-02-18T01:42:00.000","UNABLE TO DETERMINE","UNABLE TO DETERMINE","12415","S","TORRENCE AVE","434",,,,,,,"1","NO INDICATION OF INJURY","0","0","0","0","0","1","0","23","3","2","41.6698050892","-87.559109231","POINT (-87.559109231031 41.669805089187)"
"7440d63a2101d0a2b30ce469a815c73ca9b27753f5a4f3209cdba77c1f4f34a89a017e28503c42d3fb6b75ba6eb707e4220e24791faee8d7752a66a132899ab6",,"2026-02-17T23:29:00.000","25","STOP SIGN/FLASHER","FUNCTIONING PROPERLY","RAIN","DARKNESS","HEAD ON","FOUR WAY",,"STRAIGHT AND LEVEL","WET","NO DEFECTS",,"INJURY AND / OR TOW DUE TO CRASH","Y",,,"$501 - $1,500","2026-02-17T23:30:00.000","DRIVING SKILLS/KNOWLEDGE/EXPERIENCE","NOT APPLICABLE","4725","N","CLARENDON AVE","1914",,,,,,,"2","NO INDICATION OF INJURY","0","0","0","0","0","2","0","23","3","2","41.9681463308","-87.6499429923","POINT (-87.649942992273 41.968146330819)"
"4883b8e8e411a1b10ecc74e017af9b4f4853945fe26f93fe55990f744db3ac4121e8ef23ec35189f11016b7a01807fd20d54659cc0f1fb7e1f51cfc3e7861b91",,"2026-02-17T23:15:00.000","30","UNKNOWN","UNKNOWN","RAIN","DARKNESS, LIGHTED ROAD","PARKED MOTOR VEHICLE","DIVIDED - W/MEDIAN (NOT RAISED)",,"STRAIGHT AND LEVEL","WET","UNKNOWN","ON SCENE","INJURY AND / OR TOW DUE TO CRASH",,,,"OVER $1,500","2026-02-17T23:17:00.000","PHYSICAL CONDITION OF DRIVER","PHYSICAL CONDITION OF DRIVER","11157","S","AVENUE L","433",,"Y",,,,,"5","NONINCAPACITATING INJURY","1","0","0","1","0","1","0","23","3","2","41.6919947351","-87.5363447677","POINT (-87.536344767724 41.691994735103)"
"db241157b7b4fab202408a4f1f2d811e42a20747540c2c01bce0d5981a529eac0ea49061ca1ef3cac8926dc71ae7e4a82f1ed8960bbe57aa2dea3a0d33497f42",,"2026-02-17T23:00:00.000","25","UNKNOWN","UNKNOWN","CLEAR","DARKNESS, LIGHTED ROAD","PARKED MOTOR VEHICLE","DIVIDED - W/MEDIAN (NOT RAISED)",,"STRAIGHT AND LEVEL","UNKNOWN","NO DEFECTS","NOT ON SCENE (DESK REPORT)","NO INJURY / DRIVE AWAY",,,"Y","OVER $1,500","2026-02-18T11:00:00.000","UNABLE TO DETERMINE","UNABLE TO DETERMINE","1130","N","WASHTENAW AVE","1211",,,,,,,"2","NO INDICATION OF INJURY","0","0","0","0","0","1","0","23","3","2","41.9019704429","-87.6945380978","POINT (-87.694538097811 41.901970442899)"
"41d3a8e44b32c6be3b83e513726a0ba8d14085b99f008b62549021cc1e65400ee9f4d7b26f888a26102d11010057a4102e926a6720ee1d463fc254c5b12bbe83",,"2026-02-17T22:50:00.000","30","NO CONTROLS","NO CONTROLS","RAIN","DARKNESS, LIGHTED ROAD","FIXED OBJECT","DIVIDED - W/MEDIAN BARRIER",,"STRAIGHT AND LEVEL","WET","UNKNOWN","ON SCENE","INJURY AND / OR TOW DUE TO CRASH",,,,"OVER $1,500","2026-02-17T22:50:00.000","UNABLE TO DETERMINE","NOT APPLICABLE","1520","S","ASHLAND AVE","1233",,,,,,,"1","NO INDICATION OF INJURY","0","0","0","0","0","1","0","22","3","2","41.8607964209","-87.6663748354","POINT (-87.666374835385 41.860796420944)"
"01ebb821c30fd2c3cd11e0c671b83f6b818ecd62674208203491aacd26dcbcd1d2c96fd5de5f38338759b0d1dcdac992b868343d20bf4e92ce4e5739b91bdc71",,"2026-02-17T22:47:00.000","30","TRAFFIC SIGNAL","FUNCTIONING PROPERLY","RAIN","DARKNESS, LIGHTED ROAD","TURNING","DIVIDED - W/MEDIAN BARRIER",,"STRAIGHT AND LEVEL","WET","NO DEFECTS","ON SCENE","INJURY AND / OR TOW DUE TO CRASH","Y",,,"OVER $1,500","2026-02-17T22:52:00.000","DISREGARDING TRAFFIC SIGNALS","UNABLE TO DETERMINE","42","W","69TH ST","722",,,,,,,"2","NO INDICATION OF INJURY","0","0","0","0","0","3","0","22","3","2","41.7692817953","-87.6266486214","POINT (-87.626648621351 41.769281795323)"
"faabde67a525e6fa225d9803a11344d9751adfcf256fa5c68a05026244f003b5ff00dd527705faf2dd99d339a1b886b8064e4b8ec6f051e23c550455b442bf7c",,"2026-02-17T22:30:00.000","30","NO CONTROLS","NO CONTROLS","RAIN","DARKNESS, LIGHTED ROAD","SIDESWIPE SAME DIRECTION","NOT DIVIDED",,"STRAIGHT ON HILLCREST","WET","NO DEFECTS","NOT ON SCENE (DESK REPORT)","NO INJURY / DRIVE AWAY","N",,,"OVER $1,500","2026-02-17T23:25:00.000","IMPROPER LANE USAGE","NOT APPLICABLE","90","W","ROOSEVELT RD","123",,,,,,,"2","NO INDICATION OF INJURY","0","0","0","0","0","2","0","22","3","2","41.8674844605","-87.6303889077","POINT (-87.630388907726 41.867484460531)"
"344ac4b976b98e68e8146f53f2fb9328d657910192744ac349a164c3baf0fc45e6c7c27e7ea008654543f597d68ed97f28114a92408531709b2363b067c0e334",,"2026-02-17T22:26:00.000","30","NO CONTROLS","NO CONTROLS","RAIN","DARKNESS, LIGHTED ROAD","PARKED MOTOR VEHICLE","NOT DIVIDED",,"STRAIGHT AND LEVEL","WET","NO DEFECTS","ON SCENE","INJURY AND / OR TOW DUE TO CRASH",,,,"OVER $1,500","2026-02-17T22:56:00.000","UNDER THE INFLUENCE OF ALCOHOL/DRUGS (USE WHEN ARREST IS EFFECTED)","FAILING TO REDUCE SPEED TO AVOID CRASH","8245","S","CALIFORNIA AVE","835",,,,,,,"2","REPORTED, NOT EVIDENT","1","0","0","0","1","0","0","22","3","2","41.7431469157","-87.6923035563","POINT (-87.69230355628 41.743146915668)"
"3032cc6e67370562b529566144bae61d721afaea35017347e4adca8ccb7742147a4b4dae4ba0f13c3f61eb3097b8e652457749b0becfcb7c6105d1364e3e7653",,"2026-02-17T22:10:00.000","40","TRAFFIC SIGNAL","FUNCTIONING PROPERLY","CLEAR","DARKNESS, LIGHTED ROAD","OTHER OBJECT","DIVIDED - W/MEDIAN (NOT RAISED)",,"STRAIGHT AND LEVEL","DRY","NO DEFECTS","ON SCENE","INJURY AND / OR TOW DUE TO CRASH",,,,"OVER $1,500","2026-02-17T22:11:00.000","UNABLE TO DETERMINE","NOT APPLICABLE","2098","E","HAYES DR","331",,,,,,,"1","NO INDICATION OF INJURY","0","0","0","0","0","1","0","22","3","2","41.7808248923","-87.5749002678","POINT (-87.574900267752 41.780824892257)"
"219d0435e1a246dd5a86837ad2578e7f04845cfd2b3cb24791df3d4e41b66b81cbd8edb5c9dc94e3ae2f16d08a67785ab548394b8ab1f10fc109ec32aabe949c",,"2026-02-17T21:50:00.000","30","TRAFFIC SIGNAL","FUNCTIONING PROPERLY","UNKNOWN","DARKNESS, LIGHTED ROAD","REAR END","DIVIDED - W/MEDIAN (NOT RAISED)",,"STRAIGHT AND LEVEL","UNKNOWN","UNKNOWN","NOT ON SCENE (DESK REPORT)","NO INJURY / DRIVE AWAY",,,"Y","OVER $1,500","2026-02-19T12:10:00.000","FOLLOWING TOO CLOSELY","UNABLE TO DETERMINE","3940","W","LAWRENCE AVE","1712",,,,,,,"2","NO INDICATION OF INJURY","0","0","0","0","0","5","0","21","3","2","41.9683595432","-87.7272665366","POINT (-87.727266536608 41.968359543199)"
"9bbd6bd8d3b252a6f06792e29ccc76563b1201f177a4e234c2d5665fc805791c8dc49030dfd2bfadf9ae2603aa08bbeafa4c5c7f2e6891624cd9d242d1e566f7",,"2026-02-17T21:40:00.000","30","STOP SIGN/FLASHER","FUNCTIONING PROPERLY","RAIN","DARKNESS, LIGHTED ROAD","ANGLE","FOUR WAY",,"STRAIGHT AND LEVEL","WET","NO DEFECTS","ON SCENE","NO INJURY / DRIVE AWAY","Y",,,"OVER $1,500","2026-02-17T22:08:00.000","FAILING TO YIELD RIGHT-OF-WAY","FAILING TO REDUCE SPEED TO AVOID CRASH","900","W","WASHINGTON BLVD","1224",,,,,,,"2","NO INDICATION OF INJURY","0","0","0","0","0","3","0","21","3","2","41.8832132885","-87.6497977967","POINT (-87.649797796675 41.883213288531)"
"5086a8c9840ec74708fe9a8c64ea5b78f1d9f0954776e9b48788538dc089cf456c9f161f18097e2a5c3ce810e7145257ba02606603529a20633ee3b44dfce36a",,"2026-02-17T21:35:00.000","30","NO CONTROLS","NO CONTROLS","UNKNOWN","UNKNOWN","REAR END","DIVIDED - W/MEDIAN (NOT RAISED)",,"STRAIGHT AND LEVEL","UNKNOWN","UNKNOWN","NOT ON SCENE (DESK REPORT)","INJURY AND / OR TOW DUE TO CRASH",,,"Y","OVER $1,500","2026-02-20T18:50:00.000","FAILING TO YIELD RIGHT-OF-WAY","NOT APPLICABLE","13700","S","TORRENCE AVE","434",,,,,,,"2","NONINCAPACITATING INJURY","2","0","0","2","0","1","0","21","3","2","41.646287042","-87.5594575748","POINT (-87.559457574756 41.646287041983)"
"7ae528066b8283f55193e3957a3b870e82600b8eeabc151f51cc99edc15fab6e72907a0b6579c2e21101aad005340fa77004858c01948ec2f1daac177abca8d1",,"2026-02-17T21:30:00.000","30","NO CONTROLS","NO CONTROLS","RAIN","DARKNESS, LIGHTED ROAD","REAR END","NOT DIVIDED",,"STRAIGHT AND LEVEL","WET","NO DEFECTS","ON SCENE","NO INJURY / DRIVE AWAY",,,,"$501 - $1,500","2026-02-17T21:59:00.000","FOLLOWING TOO CLOSELY","WEATHER","1250","W","119TH ST","524",,"Y",,,,,"2","NO INDICATION OF INJURY","0","0","0","0","0","3","0","21","3","2","41.6777603931","-87.6536621376","POINT (-87.653662137557 41.677760393095)"
"1727c12fcf47a1420d54d4dc1f5d0ea41a7e62405e0934ce547ef6e65e3fd9947043e055664f63a37f18817121840c4770678fa31484d1103151fbf1ecc259c9",,"2026-02-17T21:25:00.000","30","STOP SIGN/FLASHER","OTHER","OTHER","DARKNESS","REAR END","NOT DIVIDED",,"STRAIGHT AND LEVEL","WET","NO DEFECTS","NOT ON SCENE (DESK REPORT)","NO INJURY / DRIVE AWAY","Y",,"Y","OVER $1,500","2026-02-17T21:25:00.000","UNABLE TO DETERMINE","NOT APPLICABLE","2634","W","ARMITAGE AVE","1431",,,,,,,"2","NO INDICATION OF INJURY","0","0","0","0","0","2","0","21","3","2","41.9176280819","-87.6938639489","POINT (-87.693863948892 41.917628081861)"
"bd936f55eb870a2249f990c46a9a2d269ab35514efd2ff40e153c1b60de0b6c36b9d2e7d856fc4f0abc8a3adfd74b8fe383007ea9642e4324966b419f890a6fa",,"2026-02-17T21:15:00.000","30","STOP SIGN/FLASHER","FUNCTIONING PROPERLY","RAIN","DARKNESS, LIGHTED ROAD","ANGLE","FOUR WAY",,"STRAIGHT AND LEVEL","WET","NO DEFECTS","NOT ON SCENE (DESK REPORT)","INJURY AND / OR TOW DUE TO CRASH","Y",,,"OVER $1,500","2026-02-17T21:25:00.000","FAILING TO YIELD RIGHT-OF-WAY","FAILING TO YIELD RIGHT-OF-WAY","666","W","LAKE ST","1214",,,,,,,"2","REPORTED, NOT EVIDENT","2","0","0","0","2","1","0","21","3","2","41.885801756","-87.6453278635","POINT (-87.64532786346 41.885801756029)"
"2f11d61a90001bfae469bfb8391f2736cfdcb493602dec1174397c761665d5bf5d03b675eb8dabacee461ba95f2528f5596024c2fced9288c0835b81ae03bc05",,"2026-02-17T21:12:00.000","30","NO CONTROLS","NO CONTROLS","RAIN","DARKNESS","PARKED MOTOR VEHICLE","CENTER TURN LANE",,"STRAIGHT AND LEVEL","WET","NO DEFECTS","ON SCENE","NO INJURY / DRIVE AWAY",,,"Y","OVER $1,500","2026-02-17T21:13:00.000","UNABLE TO DETERMINE","NOT APPLICABLE","4936","W","WASHINGTON BLVD","1532",,,,,,,"2","NO INDICATION OF INJURY","0","0","0","0","0","1","0","21","3","2","41.881875744","-87.7492663307","POINT (-87.74926633069 41.881875744046)"
"2d20da528aa7bc5fa35047f175d139768339823a04f6dac3d1a3e09980a010b4a3e5ae6b1534d9e4ec687905e28968a8ea3a96bed4c05c0867dec35b9db3f250",,"2026-02-17T21:08:00.000","30","TRAFFIC SIGNAL","FUNCTIONING PROPERLY","RAIN","DARKNESS, LIGHTED ROAD","TURNING","FOUR WAY",,"CURVE, LEVEL","WET","NO DEFECTS","ON SCENE","INJURY AND / OR TOW DUE TO CRASH",,,"Y","OVER $1,500","2026-02-17T21:46:00.000","UNABLE TO DETERMINE","UNABLE TO DETERMINE","7807","S","KEDZIE AVE","835",,,,,,,"2","REPORTED, NOT EVIDENT","1","0","0","0","1","1","0","21","3","2","41.7513810329","-87.7022936441","POINT (-87.702293644129 41.751381032925)"
"2f15841a4fc4f6acd0e778fc51b1f6fe62c1ebe893203719a18fe3640517c679831402f4e6f571a2aee94f260e80228fb76292affaf23a94874139cdfc80fbc9",,"2026-02-17T21:00:00.000","30","STOP SIGN/FLASHER","FUNCTIONING PROPERLY","RAIN","DARKNESS","SIDESWIPE SAME DIRECTION","NOT DIVIDED",,"STRAIGHT AND LEVEL","WET","NO DEFECTS",,"NO INJURY / DRIVE AWAY",,,"Y","$500 OR LESS","2026-02-17T23:30:00.000","FAILING TO YIELD RIGHT-OF-WAY","NOT APPLICABLE","7900","S","YATES BLVD","414",,,,,,,"2","NO INDICATION OF INJURY","0","0","0","0","0","2","0","21","3","2","41.7516362692","-87.5663781214","POINT (-87.56637812136 41.751636269168)"
"56dc447530a439622e968b58ef9d9e48825ea892b05724aa63c863445bb73f122b30f26b5ab4a7d54f023e5801a921a0819b7a4859747b1c69e319c88aa3c657",,"2026-02-17T21:00:00.000","15","NO CONTROLS","NO CONTROLS","CLEAR","DARKNESS, LIGHTED ROAD","PARKED MOTOR VEHICLE","PARKING LOT",,"STRAIGHT AND LEVEL","WET","WORN SURFACE","NOT ON SCENE (DESK REPORT)","NO INJURY / DRIVE AWAY",,"Y","Y","OVER $1,500","2026-02-17T23:00:00.000","DRIVING SKILLS/KNOWLEDGE/EXPERIENCE","DRIVING SKILLS/KNOWLEDGE/EXPERIENCE","1900","N","AUSTIN AVE","2513",,,,,,,"2","NO INDICATION OF INJURY","0","0","0","0","0","1","0","21","3","2","41.9148204267","-87.7755596697","POINT (-87.775559669684 41.914820426706)"
"ff11d75f7884531d178561be8963faed3282ab89f7e2e049c12a8259c4bf361d9627efd9c9adff557708dcce46e8043af6182f06cad683c71f7b7e5d0ede894f",,"2026-02-17T21:00:00.000","30","TRAFFIC SIGNAL","FUNCTIONING PROPERLY","RAIN","DARKNESS, LIGHTED ROAD","SIDESWIPE SAME DIRECTION","NOT DIVIDED",,"STRAIGHT AND LEVEL","WET","NO DEFECTS","ON SCENE","NO INJURY / DRIVE AWAY",,,"Y","$500 OR LESS","2026-02-17T21:10:00.000","IMPROPER OVERTAKING/PASSING","NOT APPLICABLE","7900","S","COTTAGE GROVE AVE","624",,,,,,,"2","NO INDICATION OF INJURY","0","0","0","0","0","2","0","21","3","2","41.7511943382","-87.6053673263","POINT (-87.60536732633 41.751194338222)"
"2636e0f9335d71426314261ff198fbc15e81e977ed0a7685720dd16863376640b17fd35febb28cdc2f03faf0a41a9fc48d6b287f4f73326e2dc6c7d420e88f95",,"2026-02-17T20:54:00.000","25","NO CONTROLS","NO CONTROLS","RAIN","DARKNESS, LIGHTED ROAD","REAR END","ONE-WAY",,"STRAIGHT AND LEVEL","WET","NO DEFECTS","NOT ON SCENE (DESK REPORT)","NO INJURY / DRIVE AWAY",,,"Y","OVER $1,500","2026-02-17T22:00:00.000","WEATHER","FOLLOWING TOO CLOSELY","6242","N","HOYNE AVE","2413",,,,,,,"2","NO INDICATION OF INJURY","0","0","0","0","0","2","0","20","3","2","41.9954365685","-87.6825970505","POINT (-87.682597050548 41.995436568531)"