"crash_record_id","crash_date_est_i","crash_date","posted_speed_limit","traffic_control_device","device_condition","weather_condition","lighting_condition","first_crash_type","trafficway_type","lane_cnt","alignment","roadway_surface_cond","road_defect","report_type","crash_type","intersection_related_i","private_property_i","hit_and_run_i","damage","date_police_notified","prim_contributory_cause","sec_contributory_cause","street_no","street_direction","street_name","beat_of_occurrence","photos_taken_i","statements_taken_i","dooring_i","work_zone_i","work_zone_type","workers_present_i","num_units","most_severe_injury","injuries_total","injuries_fatal","injuries_incapacitating","injuries_non_incapacitating","injuries_reported_not_evident","injuries_no_indication","injuries_unknown","crash_hour","crash_day_of_week","crash_month","latitude","longitude","location"
"ef37a4c98a38860d8e4d63530dfdcfdaf227f8655a5752d396fb60017d77f505f7853bfc440ba302a5559cd8159294776962f8f98924edc0081348955fbb10e2",,"2026-02-17T20:54:00.000","30","NO CONTROLS","NO CONTROLS","RAIN","DARKNESS, LIGHTED ROAD","PARKED MOTOR VEHICLE","NOT DIVIDED",,"STRAIGHT AND LEVEL","WET","UNKNOWN","ON SCENE","NO INJURY / DRIVE AWAY",,,"Y","OVER $1,500","2026-02-17T21:05:00.000","FAILING TO REDUCE SPEED TO AVOID CRASH","UNABLE TO DETERMINE","6521","W","HIGGINS AVE","1613",,,,,,,"3","NO INDICATION OF INJURY","0","0","0","0","0","1","0","20","3","2","41.9772546427","-87.7912210961","POINT (-87.791221096092 41.977254642682)"
"62aec4b7b275a32645a61ca7c23f7b531482a0d70979f57f762b6e40288c96ab9f198a3b35ee52a91c962585cc396661a688c519c1b38518267a749f7d7521a2",,"2026-02-17T20:40:00.000","35","TRAFFIC SIGNAL","FUNCTIONING PROPERLY","RAIN","DARKNESS, LIGHTED ROAD","REAR END","DIVIDED - W/MEDIAN (NOT RAISED)",,"STRAIGHT AND LEVEL","WET","UNKNOWN","NOT ON SCENE (DESK REPORT)","INJURY AND / OR TOW DUE TO CRASH",,,,"OVER $1,500","2026-02-17T21:10:00.000","UNABLE TO DETERMINE","NOT APPLICABLE","1725","W","95TH ST","2213",,,,,,,"2","REPORTED, NOT EVIDENT","2","0","0","0","2","0","0","20","3","2","41.7210590711","-87.6658257063","POINT (-87.665825706313 41.721059071098)"
"9126e007e0fb0bd734e6f6c1dfe43ff51e8b00e8635dd8b1f744becf394c42d7086eb3c86216b4e6013e5302c4623712a59bc696a02e10cdb88274be9b1f6882",,"2026-02-17T20:30:00.000","30","TRAFFIC SIGNAL","FUNCTIONING PROPERLY","RAIN","DARKNESS, LIGHTED ROAD","SIDESWIPE SAME DIRECTION","UNKNOWN INTERSECTION TYPE",,"STRAIGHT AND LEVEL","WET","NO DEFECTS","ON SCENE","INJURY AND / OR TOW DUE TO CRASH","Y",,,"OVER $1,500","2026-02-17T20:36:00.000","FAILING TO YIELD RIGHT-OF-WAY","FAILING TO YIELD RIGHT-OF-WAY","2301","S","ARCHER AVE","914",,,,,,,"2","NO INDICATION OF INJURY","0","0","0","0","0","3","0","20","3","2","41.8508429437","-87.638734244","POINT (-87.638734243991 41.850842943747)"
"0c17b057d9a508fff6a5c0c45c770ca84e0aa83e7cf2660dcc641dfdcfb371b087a2627152bf83c8d1e13317f27012d35c5641958c0d576b80b11b22102d600b",,"2026-02-17T20:29:00.000","30","NO CONTROLS","NO CONTROLS","RAIN","DAWN","FIXED OBJECT","OTHER",,"STRAIGHT AND LEVEL","WET","NO DEFECTS","ON SCENE","NO INJURY / DRIVE AWAY",,,,"OVER $1,500","2026-02-17T20:45:00.000","VISION OBSCURED (SIGNS, TREE LIMBS, BUILDINGS, ETC.)","WEATHER","1252","W","NORWOOD ST","2433",,,,,,,"2",,"0","0","0","0","0","0","0","20","3","2","41.9919073193","-87.6623366224","POINT (-87.662336622435 41.991907319285)"
"1353259562ee7465ff8368eef2338d48bf2babbd77630969bfc5b5a59de58b3a24f0d57505c3af6aba157ff7d18ff61af49df9ddf946fc71e1057e5c3fe974b4",,"2026-02-17T20:20:00.000","35","NO CONTROLS","NO CONTROLS","RAIN","DARKNESS, LIGHTED ROAD","SIDESWIPE SAME DIRECTION","CENTER TURN LANE",,"STRAIGHT AND LEVEL","WET","UNKNOWN","NOT ON SCENE (DESK REPORT)","NO INJURY / DRIVE AWAY",,,,"$501 - $1,500","2026-02-17T22:30:00.000","UNABLE TO DETERMINE","NOT APPLICABLE","3951","W","103RD ST","2211",,,,,,,"2","NO INDICATION OF INJURY","0","0","0","0","0","2","0","20","3","2","41.7057696614","-87.7205329374","POINT (-87.720532937399 41.705769661372)"
"ffab5cb2481677da4bffdaea554af03e84e821fbc5e4bdc96cb0df81300ba4167155fe185472bfc78b2c204ef7977142f558a315f445cccb88dfbb2abd011f4f",,"2026-02-17T20:15:00.000","30","NO CONTROLS","NO CONTROLS","CLEAR","DARKNESS","FIXED OBJECT","ONE-WAY",,"STRAIGHT AND LEVEL","WET","NO DEFECTS","ON SCENE","INJURY AND / OR TOW DUE TO CRASH",,,,"OVER $1,500","2026-02-17T20:15:00.000","DRIVING SKILLS/KNOWLEDGE/EXPERIENCE","NOT APPLICABLE","4100","S","DREXEL BLVD","214",,,,,,,"1","REPORTED, NOT EVIDENT","1","0","0","0","1","1","0","20","3","2","41.8204071728","-87.6053456747","POINT (-87.6053456747 41.820407172787)"
"dd54fe53f0b4ed8100b8fd12ee696b2033fd764bf1c31e8d029fb207fd5d12d6d19f28f7263070cb5e05697189f35035264122c7028ac84672744c82b0f666b6",,"2026-02-17T20:09:00.000","30","TRAFFIC SIGNAL","FUNCTIONING PROPERLY","RAIN","DARKNESS, LIGHTED ROAD","PEDALCYCLIST","FOUR WAY",,"STRAIGHT AND LEVEL","WET","NO DEFECTS","ON SCENE","INJURY AND / OR TOW DUE TO CRASH","Y",,,"OVER $1,500","2026-02-17T20:11:00.000","FAILING TO YIELD RIGHT-OF-WAY","NOT APPLICABLE","4001","W","LAKE ST","1114",,,,,,,"2","REPORTED, NOT EVIDENT","1","0","0","0","1","2","0","20","3","2","41.885360973","-87.7259341077","POINT (-87.725934107705 41.885360973023)"
"d0c80587de3ee1422526a72c3eae332c4d5d34a582ed2be52cd0302fa4b248e7acf70fd793ba714fb3eee1e25b8b2457ccd31a0d99f8a00adcbc10118c4ec560",,"2026-02-17T19:57:00.000","30","NO CONTROLS","NO CONTROLS","RAIN","DARKNESS, LIGHTED ROAD","TURNING","NOT DIVIDED",,"STRAIGHT AND LEVEL","WET","UNKNOWN","NOT ON SCENE (DESK REPORT)","NO INJURY / DRIVE AWAY",,,,"$501 - $1,500","2026-02-17T21:30:00.000","UNABLE TO DETERMINE","UNABLE TO DETERMINE","1507","W","FOSTER AVE","2032",,,,,,,"2","NO INDICATION OF INJURY","0","0","0","0","0","3","0","19","3","2","41.9760760629","-87.668675867","POINT (-87.66867586702 41.976076062927)"
"1e352a136c4b8dd7cc934ae225c0f14cfa9f68a714b5ccdc5ce787ce45ce7e2ff691be95791e20dba94a6ef0eb08c44496a4224e082778719b027beb76976186",,"2026-02-17T19:51:00.000","30","NO CONTROLS","NO CONTROLS","RAIN","DARKNESS, LIGHTED ROAD","FIXED OBJECT","DIVIDED - W/MEDIAN BARRIER",,"STRAIGHT AND LEVEL","WET","NO DEFECTS","NOT ON SCENE (DESK REPORT)","INJURY AND / OR TOW DUE TO CRASH",,,,"OVER $1,500","2026-02-17T20:33:00.000","VISION OBSCURED (SIGNS, TREE LIMBS, BUILDINGS, ETC.)","IMPROPER LANE USAGE","1733","N","MILWAUKEE AVE","1434",,,,,,,"1","NO INDICATION OF INJURY","0","0","0","0","0","1","0","19","3","2","41.912991176","-87.681280361","POINT (-87.681280361049 41.91299117603)"
"3bc87c0d75b80a78e5947c982d2b3aa4d34eaa1985069a1099fd76b1ff85e4571c8943b4b378541010a67aa0fe4f060db9ab9ed8f3f76930a3ccb3fcd14624fc",,"2026-02-17T19:42:00.000","30","STOP SIGN/FLASHER","NO CONTROLS","CLEAR","DARKNESS","PEDESTRIAN","ONE-WAY",,"STRAIGHT AND LEVEL","DRY","NO DEFECTS","NOT ON SCENE (DESK REPORT)","INJURY AND / OR TOW DUE TO CRASH",,,"Y","$500 OR LESS","2026-02-18T13:20:00.000","OPERATING VEHICLE IN ERRATIC, RECKLESS, CARELESS, NEGLIGENT OR AGGRESSIVE MANNER","UNABLE TO DETERMINE","8053","S","KIMBARK AVE","411",,,,,,,"2","NONINCAPACITATING INJURY","1","0","0","1","0","1","0","19","3","2","41.7480258069","-87.5928273419","POINT (-87.592827341852 41.748025806866)"
"97d0112d004258a80db2ee1d927254296831167dbd758b899e8361d6dc746a480b7d01a9f93f32f1a5c14c7c36fa3199505bea0725fa3327931b508a78ec2f5a",,"2026-02-17T19:41:00.000","30","UNKNOWN","NO CONTROLS","RAIN","DARKNESS","ANGLE","FOUR WAY",,"STRAIGHT AND LEVEL","WET","UNKNOWN","ON SCENE","INJURY AND / OR TOW DUE TO CRASH","Y",,,"OVER $1,500","2026-02-17T19:46:00.000","IMPROPER TURNING/NO SIGNAL","NOT APPLICABLE","7100","S","ASHLAND AVE","735",,,,,,,"2","REPORTED, NOT EVIDENT","1","0","0","0","1","2","0","19","3","2","41.7648593824","-87.6639401763","POINT (-87.663940176305 41.764859382425)"
"753d1567bccb0420383de35b9c09eff8b218dafa31f0689b2e142b8bc64d7006fbbcea86f301be7ae8ee81dea2041ce1c57bb30ac209806cde925b42e22983c9",,"2026-02-17T19:36:00.000","30","NO CONTROLS","NO CONTROLS","RAIN","DARKNESS, LIGHTED ROAD","TURNING","L-INTERSECTION",,"STRAIGHT AND LEVEL","WET","NO DEFECTS","ON SCENE","INJURY AND / OR TOW DUE TO CRASH",,,,"OVER $1,500","2026-02-17T19:36:00.000","FAILING TO YIELD RIGHT-OF-WAY","FAILING TO YIELD RIGHT-OF-WAY","5525","S","PULASKI RD","822",,,,,,,"2","NONINCAPACITATING INJURY","1","0","0","1","0","1","0","19","3","2","41.7923300399","-87.7229862302","POINT (-87.722986230219 41.792330039883)"
"541b21b6c74ea8849e22c944d9f2e44c250a6ec38a2172723a1f237f5def7a3ddb222ab5eee7b032d0b9403af200afd5e8f1d693877b884ffef30fc90a38442a",,"2026-02-17T19:30:00.000","30","STOP SIGN/FLASHER","FUNCTIONING PROPERLY","RAIN","DARKNESS, LIGHTED ROAD","OTHER OBJECT","NOT DIVIDED",,"STRAIGHT AND LEVEL","WET","NO DEFECTS","ON SCENE","INJURY AND / OR TOW DUE TO CRASH","Y",,"Y","OVER $1,500","2026-02-17T19:35:00.000","UNABLE TO DETERMINE","UNABLE TO DETERMINE","3050","S","PITNEY CT","913",,,,,,,"1","NO INDICATION OF INJURY","0","0","0","0","0","2","0","19","3","2","41.837888836","-87.6620773774","POINT (-87.662077377425 41.83788883595)"
"cbd081ca0f082df12dd4daf0e9c7c18e5499169b10ef57c31aaeace6536da8b946d700c411a51009db6574c231a9adb4c5bfdf12b4df7d65b61992a983773f0b",,"2026-02-17T19:30:00.000","30","STOP SIGN/FLASHER","FUNCTIONING PROPERLY","RAIN","DARKNESS, LIGHTED ROAD","SIDESWIPE SAME DIRECTION","FOUR WAY",,"STRAIGHT AND LEVEL","WET","UNKNOWN","NOT ON SCENE (DESK REPORT)","NO INJURY / DRIVE AWAY",,,"Y","$501 - $1,500","2026-02-18T16:31:00.000","UNABLE TO DETERMINE","NOT APPLICABLE","1600","N","THROOP ST","1433",,,,,,,"2","NO INDICATION OF INJURY","0","0","0","0","0","2","0","19","3","2","41.9108376935","-87.6605471173","POINT (-87.660547117315 41.910837693466)"
"dedeb6c30bd8b3b91b3e4ddbfca2894a9c08457dbd72659d64ea682be9d6b9e928e055d7b722049cd989478bfbda49547ef8fc297a0b5a5047ead2ed2006b816",,"2026-02-17T19:30:00.000","30","NO CONTROLS","NO CONTROLS","RAIN","DARKNESS, LIGHTED ROAD","REAR END","NOT DIVIDED",,"STRAIGHT AND LEVEL","UNKNOWN","UNKNOWN","NOT ON SCENE (DESK REPORT)","NO INJURY / DRIVE AWAY",,,,"OVER $1,500","2026-02-17T20:43:00.000","FOLLOWING TOO CLOSELY","NOT APPLICABLE","4034","W","47TH ST","815",,,,,,,"2","NO INDICATION OF INJURY","0","0","0","0","0","2","0","19","3","2","41.8079633184","-87.7248697381","POINT (-87.724869738055 41.807963318443)"
"674447fbdedc6ffb68a6276c29bbc4afeb0e36cb177c55a606b0e0748f717f039b209d852fdf158aa3b250c2403eaa8c94b250166dcb863370e692c084721507",,"2026-02-17T19:15:00.000","30","NO CONTROLS","NO CONTROLS","CLEAR","DARKNESS, LIGHTED ROAD","OTHER OBJECT","NOT DIVIDED",,"STRAIGHT AND LEVEL","UNKNOWN","RUT, HOLES","NOT ON SCENE (DESK REPORT)","NO INJURY / DRIVE AWAY",,,,"OVER $1,500","2026-02-21T17:25:00.000","ROAD ENGINEERING/SURFACE/MARKING DEFECTS","NOT APPLICABLE","203","N","LA SALLE ST","122",,,,,,,"1","NO INDICATION OF INJURY","0","0","0","0","0","1","0","19","3","2","41.8858220479","-87.6323037351","POINT (-87.632303735086 41.885822047853)"
"dbdfc5c83f01e8d813032e5d7ebe36bb742de56a5c780adde76916fa54c7edc95abbd3b5a99441b25470f5a0d903ae0134cf4157fda35bf6c3431bd882c1e1e2",,"2026-02-17T19:15:00.000","25","NO CONTROLS","NO CONTROLS","RAIN","DARKNESS","SIDESWIPE SAME DIRECTION","DIVIDED - W/MEDIAN (NOT RAISED)",,"STRAIGHT AND LEVEL","WET","NO DEFECTS","ON SCENE","NO INJURY / DRIVE AWAY",,,,"OVER $1,500","2026-02-17T20:20:00.000","NOT APPLICABLE","NOT APPLICABLE","4234","W","76TH ST","833",,,,,,,"2","NO INDICATION OF INJURY","0","0","0","0","0","4","0","19","3","2","41.7551347246","-87.7283516334","POINT (-87.728351633424 41.755134724568)"
"8c3e5d682ccfd8059fd9777193610c8c69e81a4325d72be2e379bbf77a87e4b7c8a384bf4747e2cb36b585cd0e7ea60351859c64f0bfdd2edfbd40dca637cb80",,"2026-02-17T19:05:00.000","30","NO CONTROLS","NO CONTROLS","CLEAR","DARKNESS","SIDESWIPE SAME DIRECTION","DIVIDED - W/MEDIAN BARRIER",,"STRAIGHT AND LEVEL","DRY","UNKNOWN","NOT ON SCENE (DESK REPORT)","NO INJURY / DRIVE AWAY",,,"Y","OVER $1,500","2026-02-18T16:40:00.000","UNABLE TO DETERMINE","NOT APPLICABLE","100","E","130TH ST","532",,,,,,,"2","NO INDICATION OF INJURY","0","0","0","0","0","2","0","19","3","2","41.6592170774","-87.6184155714","POINT (-87.618415571404 41.659217077418)"
"39d49aad2eed7f95943a211cc8baaeba100e9ebaa5574d1139dc1e62d0b477c79b37775481145c4003ecaeb8265402bc9837b5509467a65915b291bcbcdd554e",,"2026-02-17T19:00:00.000","35","TRAFFIC SIGNAL","FUNCTIONING PROPERLY","CLEAR","DARKNESS","REAR END","Y-INTERSECTION",,"STRAIGHT AND LEVEL","DRY","NO DEFECTS","ON SCENE","INJURY AND / OR TOW DUE TO CRASH",,,"Y","OVER $1,500","2026-02-17T19:05:00.000","FAILING TO YIELD RIGHT-OF-WAY","FAILING TO YIELD RIGHT-OF-WAY","2999","W","GRAND AVE","1211",,,,,,,"2","NONINCAPACITATING INJURY","2","0","0","2","0","1","0","19","3","2","41.8964551692","-87.7022852702","POINT (-87.702285270197 41.896455169233)"
"687134efd00b5beeacd690948c3bc4874661fe1e3ed9ad48c18cc92d0ee1d0945e95bcebd91b438f03a1cacdfdaf018a42e0217496fbcf6b39a0b2fda8df4121",,"2026-02-17T19:00:00.000","30","TRAFFIC SIGNAL","UNKNOWN","UNKNOWN","UNKNOWN","PEDESTRIAN","FOUR WAY",,"STRAIGHT AND LEVEL","UNKNOWN","UNKNOWN","NOT ON SCENE (DESK REPORT)","INJURY AND / OR TOW DUE TO CRASH",,,"Y","OVER $1,500","2026-02-26T18:01:00.000","FAILING TO YIELD RIGHT-OF-WAY","NOT APPLICABLE","2340","N","CICERO AVE","2522",,,,,,,"2","NONINCAPACITATING INJURY","1","0","0","1","0","1","0","19","3","2","41.9236628559","-87.7464308566","POINT (-87.746430856626 41.923662855903)"
"56913867d0a4e38ec82116e7308f2e8b581b46eae7b53cefc1407adce17cf11594423fb2a446845a31b3300595960940bf16a9bedd361933c316ee03a1cac6d3",,"2026-02-17T18:55:00.000","30","TRAFFIC SIGNAL","FUNCTIONING PROPERLY","CLOUDY/OVERCAST","DARKNESS, LIGHTED ROAD","SIDESWIPE SAME DIRECTION","DIVIDED - W/MEDIAN (NOT RAISED)",,"STRAIGHT AND LEVEL","DRY","UNKNOWN","ON SCENE","INJURY AND / OR TOW DUE TO CRASH","Y",,"Y","OVER $1,500","2026-02-17T18:55:00.000","IMPROPER OVERTAKING/PASSING","IMPROPER OVERTAKING/PASSING","1028","W","69TH ST","724",,,,,,,"2","REPORTED, NOT EVIDENT","2","0","0","0","2","2","0","18","3","2","41.7688583547","-87.6505139115","POINT (-87.650513911537 41.768858354725)"
"cb1e2a578481361c84c8b85c28eb7a21a7efbd188d132cae2b28b54de59c131749768ec4b4ad6d550d403a500268ccbbf07d7e1bd372bf64e393a0e844a78334",,"2026-02-17T18:41:00.000","30","STOP SIGN/FLASHER","FUNCTIONING PROPERLY","CLEAR","DARKNESS","TURNING","FOUR WAY",,"STRAIGHT AND LEVEL","DRY","NO DEFECTS","ON SCENE","INJURY AND / OR TOW DUE TO CRASH","Y",,,"OVER $1,500","2026-02-17T19:01:00.000","DISREGARDING STOP SIGN","NOT APPLICABLE","5600","S","LOOMIS BLVD","713",,,,,,,"2","NO INDICATION OF INJURY","0","0","0","0","0","2","0","18","3","2","41.7921815107","-87.6598266863","POINT (-87.65982668628 41.792181510658)"
"06db0a2613ec3d54b5c6be6e15e614369800c6a0c3477ecd0869fa9d7d0c8fa9bb0f763f61c8045ce5046b4b2a57abcad53835b3583114851b9fe430a24a84b6",,"2026-02-17T18:40:00.000","30","NO CONTROLS","NO CONTROLS","CLEAR","DARKNESS, LIGHTED ROAD","ANGLE","DIVIDED - W/MEDIAN (NOT RAISED)",,"STRAIGHT AND LEVEL","DRY","NO DEFECTS","NOT ON SCENE (DESK REPORT)","NO INJURY / DRIVE AWAY",,,,"OVER $1,500","2026-02-17T22:15:00.000","IMPROPER OVERTAKING/PASSING","NOT APPLICABLE","5567","W","DIVISION ST","1524",,,,,,,"2","NO INDICATION OF INJURY","0","0","0","0","0","2","0","18","3","2","41.9020358771","-87.7655600111","POINT (-87.765560011141 41.902035877119)"
"91d72cf6fa47cf567b4f2df0fbd53ea134750a6569d7af01f437517a65a301cbd045596da9fe3acf1962efd588536ce238afd9e75ba28cb2dff449d51f1cd291",,"2026-02-17T18:30:00.000","30","NO CONTROLS","NO CONTROLS","CLEAR","DAWN","SIDESWIPE SAME DIRECTION","NOT DIVIDED",,"STRAIGHT AND LEVEL","DRY","NO DEFECTS","NOT ON SCENE (DESK REPORT)","NO INJURY / DRIVE AWAY",,,,"$500 OR LESS","2026-02-17T19:00:00.000","UNABLE TO DETERMINE","NOT APPLICABLE","10","E","ONTARIO ST","1834",,,,,,,"2","NO INDICATION OF INJURY","0","0","0","0","0","3","0","18","3","2","41.893388867","-87.6277024007","POINT (-87.627702400712 41.893388866975)"
"9076e248582c47b2f77af5c9cfb59617a61cad3531e4f0e7e09fa87b0eb8d5c9725ee486c45b400d78c4889e4e7ca5277f86293694069bed239a35fc7b122b1a",,"2026-02-17T18:21:00.000","30","NO CONTROLS","NO CONTROLS","CLEAR","DARKNESS, LIGHTED ROAD","SIDESWIPE SAME DIRECTION","NOT DIVIDED",,"STRAIGHT AND LEVEL","UNKNOWN","UNKNOWN","ON SCENE","INJURY AND / OR TOW DUE TO CRASH",,,,"OVER $1,500","2026-02-17T18:21:00.000","UNABLE TO DETERMINE","NOT APPLICABLE","156","W","79TH ST","623",,,,,,,"2","NONINCAPACITATING INJURY","1","0","0","1","0","1","0","18","3","2","41.7509787466","-87.6292550782","POINT (-87.629255078207 41.750978746552)"
"6f72272228b23127219c1c16cb0b7e9e8aa0785509529d9f2c639c97621a9b0c574471a208bd1c091fa75850f68f70c0e01ce8dfe599c154cd68bfa6d88b4399",,"2026-02-17T18:20:00.000","10","NO CONTROLS","UNKNOWN","UNKNOWN","DARKNESS, LIGHTED ROAD","SIDESWIPE SAME DIRECTION","PARKING LOT",,"STRAIGHT AND LEVEL","UNKNOWN","UNKNOWN","NOT ON SCENE (DESK REPORT)","NO INJURY / DRIVE AWAY",,,,"OVER $1,500","2026-02-17T19:00:00.000","IMPROPER OVERTAKING/PASSING","NOT APPLICABLE","10","E","ONTARIO ST","1834",,,,,,,"2","NO INDICATION OF INJURY","0","0","0","0","0","2","0","18","3","2","41.893388867","-87.6277024007","POINT (-87.627702400712 41.893388866975)"
"19599650b37b47156b2944c744872cc074a097cde3354b2d16c84432b667fd4d65d207474e9bc568b5b45a24d93122a14339fbd669c3388f47ffc11c9c98f407",,"2026-02-17T18:16:00.000","30","TRAFFIC SIGNAL","NO CONTROLS","CLEAR","DAYLIGHT","SIDESWIPE SAME DIRECTION","FOUR WAY",,"STRAIGHT AND LEVEL","DRY","NO DEFECTS","NOT ON SCENE (DESK REPORT)","NO INJURY / DRIVE AWAY",,,,"$501 - $1,500","2026-02-17T20:00:00.000","IMPROPER OVERTAKING/PASSING","FAILING TO YIELD RIGHT-OF-WAY","7158","W","IRVING PARK RD","1632",,,,,,,"2","NO INDICATION OF INJURY","0","0","0","0","0","2","0","18","3","2","41.952875631","-87.8060112374","POINT (-87.806011237357 41.952875631003)"
"a9e9b904982df57be0bf13c3331067a556bf2b88d707c3f1c9149754420bf9ee8e6796a57e8fca1a25bd74c6bda7e02e7677f9b16fbec652c1724fb49672e520",,"2026-02-17T18:15:00.000","30","NO CONTROLS","NO CONTROLS","CLOUDY/OVERCAST","DARKNESS, LIGHTED ROAD","REAR END","NOT DIVIDED",,"STRAIGHT AND LEVEL","DRY","NO DEFECTS","NOT ON SCENE (DESK REPORT)","NO INJURY / DRIVE AWAY",,,,"$501 - $1,500","2026-02-18T10:30:00.000","FOLLOWING TOO CLOSELY","UNABLE TO DETERMINE","3203","W","BRYN MAWR AVE","1712",,,,,,,"2","NO INDICATION OF INJURY","0","0","0","0","0","3","0","18","3","2","41.9829557015","-87.7090161212","POINT (-87.709016121216 41.982955701492)"
"fc106240cd428a06444eb2b86f69463418d6426eded99dfbf335149042bfdd36e97c4d3c167890376897b388cbf29ef8c5077efac833114dc5625547e2747465",,"2026-02-17T18:10:00.000","30","STOP SIGN/FLASHER","FUNCTIONING PROPERLY","CLEAR","DARKNESS, LIGHTED ROAD","ANGLE","FOUR WAY",,"STRAIGHT AND LEVEL","DRY","NO DEFECTS","NOT ON SCENE (DESK REPORT)","NO INJURY / DRIVE AWAY","Y",,,"OVER $1,500","2026-02-17T19:10:00.000","UNABLE TO DETERMINE","NOT APPLICABLE","2400","N","SHEFFIELD AVE","1932",,,,,,,"2","NO INDICATION OF INJURY","0","0","0","0","0","2","0","18","3","2","41.9254223924","-87.6537605693","POINT (-87.65376056935 41.925422392375)"
"ef8f98e00324fe352f3c5effd922be8b7ddfe33b0db682353797b1684393610b5502568ca267fc63dec80ac18fa4f9aa6c43584f73bdc90c92e510046692ec6f",,"2026-02-17T18:05:00.000","30","STOP SIGN/FLASHER","FUNCTIONING PROPERLY","CLEAR","DARKNESS, LIGHTED ROAD","TURNING","FOUR WAY",,"STRAIGHT AND LEVEL","DRY","NO DEFECTS","ON SCENE","INJURY AND / OR TOW DUE TO CRASH","Y",,,"OVER $1,500","2026-02-17T18:32:00.000","IMPROPER TURNING/NO SIGNAL","NOT APPLICABLE","5600","S","WABASH AVE","225",,,,,,,"2","NO INDICATION OF INJURY","0","0","0","0","0","2","0","18","3","2","41.7927800362","-87.6241840004","POINT (-87.624184000384 41.792780036175)"
"0d6cbc0fa54a45ae3067ba7de1dbc61a56e84ab2b923fb1b54dccc2045b3bdea245dbaf34d7bae6b45afea81e4c6ae538a45f7b760f568d1e827c51584b11939",,"2026-02-17T18:00:00.000","30","NO CONTROLS","NO CONTROLS","CLOUDY/OVERCAST","DUSK","REAR END","NOT DIVIDED",,"STRAIGHT AND LEVEL","DRY","NO DEFECTS","NOT ON SCENE (DESK REPORT)","NO INJURY / DRIVE AWAY",,,"Y","OVER $1,500","2026-02-17T18:15:00.000","FOLLOWING TOO CLOSELY","NOT APPLICABLE","5700","S","KEDZIE AVE","822",,,,,,,"2","NO INDICATION OF INJURY","0","0","0","0","0","4","0","18","3","2","41.7897908215","-87.7035987697","POINT (-87.703598769655 41.789790821511)"
"c6142449a7b36dfc62f0ff51b515c2d63945413d10aea673caf2e26c58f96f91fda121680936fde45dbb6d226af88cfd3bff0c7ef77e64ede3437f6ff695cc91","Y","2026-02-17T18:00:00.000","15","NO CONTROLS","NO CONTROLS","CLEAR","UNKNOWN","PARKED MOTOR VEHICLE","PARKING LOT",,"STRAIGHT AND LEVEL","DRY","NO DEFECTS","NOT ON SCENE (DESK REPORT)","NO INJURY / DRIVE AWAY",,"Y","Y","OVER $1,500","2026-02-17T18:40:00.000","UNABLE TO DETERMINE","UNABLE TO DETERMINE","3550","W","13TH PL","1021",,,,,,,"2","NO INDICATION OF INJURY","0","0","0","0","0","1","0","18","3","2","41.8641958454","-87.7149317242","POINT (-87.714931724198 41.864195845386)"
"ceeb7fe4d485afd8a8dc32d81723d3eebc17e0793ea21b26be4a766450ad97e082c431c79f29cb6f31bdc371030d9e297e5a2c3c76b8f75a0a2a9d5caa82cf77",,"2026-02-17T18:00:00.000","35","NO CONTROLS","NO CONTROLS","CLEAR","DARKNESS","REAR END","T-INTERSECTION",,"STRAIGHT AND LEVEL","DRY","NO DEFECTS","NOT ON SCENE (DESK REPORT)","NO INJURY / DRIVE AWAY","Y",,,"OVER $1,500","2026-02-19T11:55:00.000","UNABLE TO DETERMINE","UNABLE TO DETERMINE","6000","N","NORTHWEST HWY","1612",,,,,,,"2","NO INDICATION OF INJURY","0","0","0","0","0","2","0","18","3","2","41.9901462428","-87.7954440123","POINT (-87.795444012345 41.990146242849)"
"e09fb2228774991455e3d7d6005981f6e5c53ff6d56294a5e45d9d55c6346ca671c6ae37f2d755082ec9dec213d27882484f62b8df1e7208827fe6fa5184ca35",,"2026-02-17T17:47:00.000","30","TRAFFIC SIGNAL","UNKNOWN","CLEAR","DARKNESS","PEDALCYCLIST","DIVIDED - W/MEDIAN BARRIER",,"STRAIGHT AND LEVEL","UNKNOWN","UNKNOWN","ON SCENE","INJURY AND / OR TOW DUE TO CRASH",,,,"OVER $1,500","2026-02-17T17:48:00.000","FAILING TO YIELD RIGHT-OF-WAY","IMPROPER OVERTAKING/PASSING","424","N","DEARBORN ST","1831",,,,,,,"2","NONINCAPACITATING INJURY","1","0","0","1","0","1","0","17","3","2","41.8899965719","-87.6297525086","POINT (-87.629752508556 41.88999657187)"
"29c1655eb983c0850f84658992f4f7698204fcd0fe48573159537877cb55c3771cb5d18557550b5a56ed74e61d596d888c30fae6f0ea254644a6d37a91957a0d",,"2026-02-17T17:45:00.000","30","TRAFFIC SIGNAL","UNKNOWN","UNKNOWN","UNKNOWN","REAR END","FOUR WAY",,"STRAIGHT AND LEVEL","UNKNOWN","UNKNOWN","NOT ON SCENE (DESK REPORT)","NO INJURY / DRIVE AWAY","Y",,,"OVER $1,500","2026-02-17T18:20:00.000","UNABLE TO DETERMINE","UNABLE TO DETERMINE","3955","N","SOUTHPORT AVE","1923",,,,,,,"2","NO INDICATION OF INJURY","0","0","0","0","0","3","0","17","3","2","41.9541520762","-87.6640649598","POINT (-87.664064959787 41.954152076156)"