"crash_record_id","crash_date_est_i","crash_date","posted_speed_limit","traffic_control_device","device_condition","weather_condition","lighting_condition","first_crash_type","trafficway_type","lane_cnt","alignment","roadway_surface_cond","road_defect","report_type","crash_type","intersection_related_i","private_property_i","hit_and_run_i","damage","date_police_notified","prim_contributory_cause","sec_contributory_cause","street_no","street_direction","street_name","beat_of_occurrence","photos_taken_i","statements_taken_i","dooring_i","work_zone_i","work_zone_type","workers_present_i","num_units","most_severe_injury","injuries_total","injuries_fatal","injuries_incapacitating","injuries_non_incapacitating","injuries_reported_not_evident","injuries_no_indication","injuries_unknown","crash_hour","crash_day_of_week","crash_month","latitude","longitude","location"
"76b9701eb6c6e6e34cb8b51b8aa8405752f7a4a029825af73193ae96d3b1ef82989404b3a8ab59a16f48bc853d36148f70dcfc998b274c112756740316997af5",,"2026-02-17T17:40:00.000","30","TRAFFIC SIGNAL","UNKNOWN","UNKNOWN","DUSK","TURNING","FOUR WAY",,"STRAIGHT AND LEVEL","UNKNOWN","UNKNOWN","NOT ON SCENE (DESK REPORT)","NO INJURY / DRIVE AWAY","Y",,"Y","OVER $1,500","2026-02-25T19:45:00.000","OPERATING VEHICLE IN ERRATIC, RECKLESS, CARELESS, NEGLIGENT OR AGGRESSIVE MANNER","FAILING TO REDUCE SPEED TO AVOID CRASH","1216","W","DIVISION ST","1433",,,,,,,"2","NO INDICATION OF INJURY","0","0","0","0","0","2","0","17","3","2","41.9036105105","-87.6580618483","POINT (-87.658061848287 41.903610510512)"
"9e190e2fd9c1579685993deaa496de8a024ca5cf1cf54d882e11ed81fc631ea732edabb762fb08ec279b6179205155b874564f326e733b86aa8a1c4038aed8e3",,"2026-02-17T17:32:00.000","30","TRAFFIC SIGNAL","FUNCTIONING PROPERLY","CLEAR","DARKNESS","SIDESWIPE SAME DIRECTION","FOUR WAY",,"STRAIGHT AND LEVEL","DRY","NO DEFECTS","ON SCENE","INJURY AND / OR TOW DUE TO CRASH","Y",,,"OVER $1,500","2026-02-17T18:20:00.000","DRIVING SKILLS/KNOWLEDGE/EXPERIENCE","UNABLE TO DETERMINE","101","S","COLUMBUS DR","114",,,,,,,"2","NO INDICATION OF INJURY","0","0","0","0","0","3","0","17","3","2","41.880813976","-87.6206414428","POINT (-87.620641442845 41.880813975967)"
"ab349d4a85faffd373eac3dc8c8ca36d3a8c2d909071059ede72aa24a0937e7beef7ec18209f44d0c65256419ed8ef91d8a300ec70a69b10e5df473484cde988",,"2026-02-17T17:32:00.000","30","TRAFFIC SIGNAL","FUNCTIONING PROPERLY","CLEAR","DARKNESS, LIGHTED ROAD","REAR END","FOUR WAY",,"STRAIGHT AND LEVEL","DRY","NO DEFECTS","ON SCENE","INJURY AND / OR TOW DUE TO CRASH","Y",,,"$500 OR LESS","2026-02-17T17:35:00.000","UNABLE TO DETERMINE","NOT APPLICABLE","6900","S","WENTWORTH AVE","731",,,,,,,"3","REPORTED, NOT EVIDENT","1","0","0","0","1","2","0","17","3","2","41.7689916","-87.6300074056","POINT (-87.630007405551 41.76899160004)"
"fc3398e87bb7153ebe1599c35c36f62998465408d315a65ac2d359bd965229b84a1dfb9316ff5832125c337616df53ef1c19326f3070f9bf6d724d8750ce9a1b",,"2026-02-17T17:30:00.000","25","UNKNOWN","UNKNOWN","UNKNOWN","UNKNOWN","SIDESWIPE OPPOSITE DIRECTION","FOUR WAY",,"STRAIGHT AND LEVEL","UNKNOWN","UNKNOWN","NOT ON SCENE (DESK REPORT)","NO INJURY / DRIVE AWAY",,,,"OVER $1,500","2026-02-17T18:03:00.000","NOT APPLICABLE","NOT APPLICABLE","1232","W","NORTH AVE","1433",,,,,,,"2","NO INDICATION OF INJURY","0","0","0","0","0","2","0","17","3","2","41.910875544","-87.6582782399","POINT (-87.658278239858 41.910875543991)"
"281e699659f009696e2b08e94c340c11ee11536d23674603cb51099ee06677f6815de313340354deb284e7bfaeebe81d24f747416edcad631bce80c64398c2f0",,"2026-02-17T17:05:00.000","45","FLASHING CONTROL SIGNAL","FUNCTIONING PROPERLY","CLEAR","DAYLIGHT","REAR TO FRONT","OTHER",,"STRAIGHT AND LEVEL","DRY","NO DEFECTS","ON SCENE","NO INJURY / DRIVE AWAY",,,,"OVER $1,500","2026-02-17T17:05:00.000","IMPROPER BACKING","IMPROPER BACKING","8801","S","CHICAGO SKYWAY OB","412",,,,,,,"2","NO INDICATION OF INJURY","0","0","0","0","0","2","0","17","3","2","41.7353441671","-87.5655497374","POINT (-87.565549737402 41.735344167053)"
"6072daa557c13bd105f90db3a45380c7ef38c5aff7f771728dd1fbac0e207db8b987fddbf872da3a96195557c5a9d62ea480de64dd0d4b99ce76403dcc4c537a",,"2026-02-17T17:00:00.000","30","NO CONTROLS","NO CONTROLS","CLEAR","DAYLIGHT","PARKED MOTOR VEHICLE","OTHER",,"STRAIGHT AND LEVEL","DRY","NO DEFECTS","NOT ON SCENE (DESK REPORT)","NO INJURY / DRIVE AWAY",,,,"OVER $1,500","2026-02-17T17:38:00.000","IMPROPER BACKING","IMPROPER BACKING","5703","S","ELIZABETH ST","713","Y",,,,,,"2","NO INDICATION OF INJURY","0","0","0","0","0","1","0","17","3","2","41.7903630459","-87.655844605","POINT (-87.655844604964 41.790363045925)"
"c85ef58022013ba2b1a4cad09d5de85f13889105c605c7b9b59490bd58e9867cded0be6621a2243f9b08cf085ebe78cbd1111e0ca4474e66da71e1bfe221de1f",,"2026-02-17T16:50:00.000","30","NO CONTROLS","NO CONTROLS","CLEAR","DAYLIGHT","PARKED MOTOR VEHICLE","NOT DIVIDED",,"STRAIGHT AND LEVEL","DRY","UNKNOWN","NOT ON SCENE (DESK REPORT)","NO INJURY / DRIVE AWAY",,,,"$500 OR LESS","2026-02-17T18:30:00.000","UNABLE TO DETERMINE","NOT APPLICABLE","4813","W","AINSLIE ST","1623",,,,,,,"2","NO INDICATION OF INJURY","0","0","0","0","0","2","0","16","3","2","41.9697350885","-87.7484275379","POINT (-87.748427537923 41.969735088451)"
"dfe0288a67482bd781ad9e0b3a3ea976a74b6edd4d3fa0bd715a7891acfc5d5c12ee1adffa19cb3af9a6e09a11bef9f9431fe1b6e6ffbc34ff8098a9ac326e23",,"2026-02-17T16:30:00.000","30","TRAFFIC SIGNAL","FUNCTIONING PROPERLY","CLEAR","DAYLIGHT","REAR END","FOUR WAY",,"STRAIGHT AND LEVEL","DRY","NO DEFECTS","ON SCENE","INJURY AND / OR TOW DUE TO CRASH","Y",,,"OVER $1,500","2026-02-17T16:45:00.000","FOLLOWING TOO CLOSELY","UNABLE TO DETERMINE","3100","S","CENTRAL PARK AVE","1032",,,,,,,"3","NONINCAPACITATING INJURY","1","0","0","1","0","6","0","16","3","2","41.8369653642","-87.7147391421","POINT (-87.714739142055 41.836965364198)"
"e2db9b17d2f80edb3c8e3b66e1fd5fb82c4038a06c5e94f63fb46183e3cd75bd3f8df9842c1cc0da362145511d12d52c84827a6795c44df9347989f2c6ff3135",,"2026-02-17T16:25:00.000","30","NO CONTROLS","NO CONTROLS","CLEAR","DAYLIGHT","PARKED MOTOR VEHICLE","NOT DIVIDED",,"STRAIGHT AND LEVEL","DRY","NO DEFECTS","ON SCENE","NO INJURY / DRIVE AWAY",,,"Y","OVER $1,500","2026-02-17T16:38:00.000","UNABLE TO DETERMINE","UNABLE TO DETERMINE","5062","W","HUTCHINSON ST","1624",,,,,,,"2","NO INDICATION OF INJURY","0","0","0","0","0","1","0","16","3","2","41.958006575","-87.7545540667","POINT (-87.754554066705 41.958006574983)"
"7305eca9bb3b463c1f62cc99c6a6e8d6070a695c4437bfcbe8410248ed7afaec775095aa72c2804ad97c4d746db4a304965081d8ac4a83da34f9a8ac4216f457",,"2026-02-17T16:20:00.000","30","UNKNOWN","UNKNOWN","CLEAR","DAYLIGHT","ANGLE","DIVIDED - W/MEDIAN BARRIER",,"STRAIGHT AND LEVEL","DRY","NO DEFECTS","NOT ON SCENE (DESK REPORT)","NO INJURY / DRIVE AWAY",,,,"OVER $1,500","2026-02-19T16:30:00.000","UNABLE TO DETERMINE","NOT APPLICABLE","200","W","MADISON ST","122",,,,,,,"2","NO INDICATION OF INJURY","0","0","0","0","0","2","0","16","3","2","41.88205499","-87.6338999012","POINT (-87.633899901163 41.882054989975)"
"9cb748e1007d6d04d56a716fcb829ea2a1807b472a5557a72193f31527a3a769137fa5271af3246ddd4ec27bab95e8ce525c9dbe0d53bf0ce245acedea8ebda2",,"2026-02-17T16:20:00.000","30","PEDESTRIAN CROSSING SIGN","UNKNOWN","RAIN","DAYLIGHT","REAR END","NOT DIVIDED",,"STRAIGHT AND LEVEL","UNKNOWN","NO DEFECTS","NOT ON SCENE (DESK REPORT)","NO INJURY / DRIVE AWAY",,,,"OVER $1,500","2026-02-17T16:48:00.000","FOLLOWING TOO CLOSELY","NOT APPLICABLE","2400","N","ELSTON AVE","1432",,,,,,,"2","NO INDICATION OF INJURY","0","0","0","0","0","2","0","16","3","2","41.9251809303","-87.675466164","POINT (-87.675466163955 41.925180930292)"
"f81b120b68b4faceea15c2cf9f457618569549cfe7d2b4ff1588fc6969030217de243936bb015073ac7aca96d1338028ca256126407011edb559f1092ab9382a",,"2026-02-17T16:18:00.000","30","TRAFFIC SIGNAL","FUNCTIONING PROPERLY","CLEAR","DAYLIGHT","TURNING","NOT DIVIDED",,"STRAIGHT AND LEVEL","DRY","NO DEFECTS","ON SCENE","INJURY AND / OR TOW DUE TO CRASH","Y",,,"OVER $1,500","2026-02-17T16:26:00.000","UNABLE TO DETERMINE","UNABLE TO DETERMINE","2110","W","FULLERTON AVE","1432",,,,,,,"2","NO INDICATION OF INJURY","0","0","0","0","0","3","0","16","3","2","41.9251000488","-87.6809296019","POINT (-87.680929601866 41.92510004885)"
"11e84aaf793aba0d8a5843691bc6f155b27bc3f6b2c5928035be83b2b0c61d94e8b1ce7a02cce00cd6842e3e1f4b6909c15df7071a46cf46111d2d905bf9d78e","N","2026-02-17T16:10:00.000","30","NO CONTROLS","NO CONTROLS","UNKNOWN","UNKNOWN","PARKED MOTOR VEHICLE","NOT DIVIDED",,"STRAIGHT AND LEVEL","UNKNOWN","NO DEFECTS","ON SCENE","NO INJURY / DRIVE AWAY",,,"Y","OVER $1,500","2026-02-17T16:18:00.000","NOT APPLICABLE","NOT APPLICABLE","1323","E","55TH ST","235",,,,,,,"2","NO INDICATION OF INJURY","0","0","0","0","0","1","0","16","3","2","41.7949890341","-87.5939749272","POINT (-87.593974927163 41.794989034106)"
"1efff1a648d9cecdf2548cb725a76fe410b32891bdc02a03938e13ca9d11da6c24bb0324d3023010d03099866abd2e0ba9860353b30c908d3aec347ed8444279",,"2026-02-17T16:10:00.000","30","NO CONTROLS","NO CONTROLS","CLEAR","DAYLIGHT","PARKED MOTOR VEHICLE","NOT DIVIDED",,"STRAIGHT AND LEVEL","DRY","NO DEFECTS","ON SCENE","NO INJURY / DRIVE AWAY",,,,"$500 OR LESS","2026-02-17T16:20:00.000","FOLLOWING TOO CLOSELY","UNABLE TO DETERMINE","751","N","STATE ST","1833",,,,,,,"2","NO INDICATION OF INJURY","0","0","0","0","0","1","0","16","3","2","41.8964220155","-87.6280463636","POINT (-87.628046363601 41.89642201552)"
"b5493f0f25a084efb9820cef0d6ee5081518475e426d808c8a740c4617bda44acb70f971a913bca89be5dbbeb01698d77da62845addeeca192fb9835c97ca153",,"2026-02-17T16:05:00.000","30","NO CONTROLS","NO CONTROLS","CLEAR","DAYLIGHT","REAR END","NOT DIVIDED",,"STRAIGHT AND LEVEL","DRY","NO DEFECTS","NOT ON SCENE (DESK REPORT)","NO INJURY / DRIVE AWAY",,,,"$501 - $1,500","2026-02-23T10:30:00.000","FAILING TO REDUCE SPEED TO AVOID CRASH","NOT APPLICABLE","1900","W","DIVISION ST","1424",,,,,,,"2","NO INDICATION OF INJURY","0","0","0","0","0","2","0","16","3","2","41.9033391811","-87.6748853625","POINT (-87.674885362533 41.903339181122)"
"6b32427a880f6d2c3095b03bf34dfb3e1fbafe903c748518157beaaddae1d35e3001fa6f0a607322a221028757ba83c95ad22b08c5fef8597555d7b9bac95267",,"2026-02-17T16:01:00.000","30","TRAFFIC SIGNAL","FUNCTIONING PROPERLY","CLEAR","DAYLIGHT","PARKED MOTOR VEHICLE","FOUR WAY",,"STRAIGHT AND LEVEL","DRY","UNKNOWN","ON SCENE","INJURY AND / OR TOW DUE TO CRASH","Y",,,"OVER $1,500","2026-02-17T16:02:00.000","UNABLE TO DETERMINE","NOT APPLICABLE","1554","W","95TH ST","2221",,,,,,,"2","NO INDICATION OF INJURY","0","0","0","0","0","1","0","16","3","2","41.7213269867","-87.6625336585","POINT (-87.66253365849 41.721326986728)"
"1d12a8411cb7c80a0e551c4f3084778d8e378e6cd83dfbca6077916f29fdc78124af6289c5994fa2190adb04c7931743f34f470f1a6127531d4b839245a97a1d",,"2026-02-17T16:00:00.000","25","TRAFFIC SIGNAL","FUNCTIONING PROPERLY","CLEAR","DAYLIGHT","SIDESWIPE SAME DIRECTION","NOT DIVIDED",,"STRAIGHT AND LEVEL","DRY","NO DEFECTS","ON SCENE","NO INJURY / DRIVE AWAY","Y",,,"OVER $1,500","2026-02-17T16:05:00.000","IMPROPER LANE USAGE","UNABLE TO DETERMINE","2736","S","PULASKI RD","1031",,,,,,,"2","NO INDICATION OF INJURY","0","0","0","0","0","2","0","16","3","2","41.8412849856","-87.7246158654","POINT (-87.724615865442 41.841284985644)"
"c1e19185ad49f09ffe6bae9b73fa3a9f5084f8e45a24ab57e3deb9dbea94fb859be8834e9502df48e1b853e41e794aef367917b98e95cc055bb24a55799ee084",,"2026-02-17T16:00:00.000","30","NO CONTROLS","NO CONTROLS","CLEAR","DAYLIGHT","TURNING","DIVIDED - W/MEDIAN BARRIER",,"STRAIGHT AND LEVEL","DRY","NO DEFECTS","NOT ON SCENE (DESK REPORT)","NO INJURY / DRIVE AWAY",,,,"OVER $1,500","2026-02-17T17:10:00.000","UNABLE TO DETERMINE","NOT APPLICABLE","3961","N","ELSTON AVE","1732",,,,,,,"2","NO INDICATION OF INJURY","0","0","0","0","0","2","0","16","3","2","41.9531932231","-87.7182012728","POINT (-87.718201272823 41.953193223064)"
"02c2b839eca1d5c38a7367a4dad5d7db9f192e31db4916c984b65f7465f6f9561b7b51f8f3e9d35757ddb38ddcdf16156cd599d4d540a616eaa4c1206ef2e5bb",,"2026-02-17T15:58:00.000","30","TRAFFIC SIGNAL","FUNCTIONING PROPERLY","CLEAR","DAYLIGHT","REAR END","FOUR WAY",,"STRAIGHT AND LEVEL","DRY","NO DEFECTS","ON SCENE","NO INJURY / DRIVE AWAY","Y",,,"OVER $1,500","2026-02-17T15:58:00.000","FAILING TO REDUCE SPEED TO AVOID CRASH","NOT APPLICABLE","800","W","MADISON ST","1224",,,,,,,"2","NO INDICATION OF INJURY","0","0","0","0","0","2","0","15","3","2","41.8818870569","-87.6473928339","POINT (-87.647392833853 41.881887056886)"
"6a4ad14d3d159de9759ad6d2fe07867df51d08a690e335c2469bc1d23644575392700d238fbb9cac591a3295d2571d7c5d659256b64a415bad5eaa0ff517f703",,"2026-02-17T15:42:00.000","30","TRAFFIC SIGNAL","NO CONTROLS","CLEAR","DAYLIGHT","REAR END","DIVIDED - W/MEDIAN (NOT RAISED)",,"STRAIGHT AND LEVEL","DRY","NO DEFECTS",,"INJURY AND / OR TOW DUE TO CRASH",,,,"OVER $1,500","2026-02-17T15:47:00.000","FAILING TO REDUCE SPEED TO AVOID CRASH","FAILING TO REDUCE SPEED TO AVOID CRASH","6656","S","WENTWORTH AVE","722",,,,,,,"4","NONINCAPACITATING INJURY","2","0","0","2","0","2","0","15","3","2","41.7728470719","-87.6301184387","POINT (-87.630118438673 41.772847071893)"
"8e18037a5642a6fb2127576fe5867a0a5ed95bc7fae89a03c95e035dd0b7c8d593fa6397202718e85b1dc28f205247bfccf36c8808b2f8260a926b84998f4dfa",,"2026-02-17T15:40:00.000","30","TRAFFIC SIGNAL","FUNCTIONING PROPERLY","CLEAR","DAYLIGHT","TURNING","NOT DIVIDED",,"STRAIGHT AND LEVEL","DRY","NO DEFECTS","ON SCENE","NO INJURY / DRIVE AWAY","Y",,,"OVER $1,500","2026-02-17T15:50:00.000","FAILING TO YIELD RIGHT-OF-WAY","FAILING TO YIELD RIGHT-OF-WAY","800","W","69TH ST","723",,"Y",,,,,"2","NO INDICATION OF INJURY","0","0","0","0","0","2","0","15","3","2","41.7689464893","-87.644570662","POINT (-87.644570662029 41.768946489336)"
"bda5acfc2be113b887849b1bb8de2f3504fc50bf3bd2225eb0b9189530c501e1a7ecd07c2b072a886a4bc1254227d094dad74d8d805e2d0370cb4118590bc14b",,"2026-02-17T15:40:00.000","30","OTHER","OTHER","RAIN","DAYLIGHT","SIDESWIPE SAME DIRECTION","DIVIDED - W/MEDIAN (NOT RAISED)",,"STRAIGHT AND LEVEL","DRY","NO DEFECTS","NOT ON SCENE (DESK REPORT)","NO INJURY / DRIVE AWAY",,,,"OVER $1,500","2026-02-17T16:00:00.000","DRIVING SKILLS/KNOWLEDGE/EXPERIENCE","UNABLE TO DETERMINE","420","W","47TH ST","925",,,,,,,"2","NO INDICATION OF INJURY","0","0","0","0","0","2","0","15","3","2","41.809138535","-87.6368343224","POINT (-87.636834322405 41.809138534984)"
"9361eb8f6b9942c85483bc42b22cb7c2b412b34a623f76ce35ec3ae531bdf7cf9edeafdc821464e62ee13d0c219d90004fe2dd6a6045e480f9a019e02c97e117",,"2026-02-17T15:30:00.000","30","NO CONTROLS","NO CONTROLS","UNKNOWN","UNKNOWN","PARKED MOTOR VEHICLE","ONE-WAY",,"STRAIGHT AND LEVEL","UNKNOWN","UNKNOWN","NOT ON SCENE (DESK REPORT)","NO INJURY / DRIVE AWAY",,,"Y","OVER $1,500","2026-02-17T15:55:00.000","UNABLE TO DETERMINE","UNABLE TO DETERMINE","3138","W","ROOSEVELT RD","1134",,,,,,,"2","NO INDICATION OF INJURY","0","0","0","0","0","1","0","15","3","2","41.8665291969","-87.7046928984","POINT (-87.704692898399 41.866529196886)"
"9d5e277e86961c2091a5b9909df166c61dc74562abfa00c7768ca8ae7c586db168daccde7a1fb4332dcd5d08c1211509e9148fac44d7d544e1f94633e0a39cef","Y","2026-02-17T15:30:00.000","30","NO CONTROLS","NO CONTROLS","UNKNOWN","UNKNOWN","PARKED MOTOR VEHICLE","NOT DIVIDED",,"STRAIGHT AND LEVEL","UNKNOWN","UNKNOWN","NOT ON SCENE (DESK REPORT)","NO INJURY / DRIVE AWAY",,,"Y","OVER $1,500","2026-02-17T17:00:00.000","FOLLOWING TOO CLOSELY","NOT APPLICABLE","4000","E","134TH ST","433",,,,,,,"2","NO INDICATION OF INJURY","0","0","0","0","0","2","0","15","3","2","41.6517012897","-87.5274919453","POINT (-87.527491945314 41.651701289709)"
"ec75ebfcb856e7a13f1c70e1be63578f5317ace23159ab9f375c9e14ceb0f542fe6c06b9c34dc9873caded9445b551980c28cf6e49f1ef1eae4267e35aa8ca48",,"2026-02-17T15:26:00.000","30","TRAFFIC SIGNAL","FUNCTIONING PROPERLY","CLEAR","DAYLIGHT","REAR TO FRONT","NOT DIVIDED",,"STRAIGHT AND LEVEL","DRY","UNKNOWN","NOT ON SCENE (DESK REPORT)","NO INJURY / DRIVE AWAY",,,,"$500 OR LESS","2026-02-17T17:00:00.000","UNABLE TO DETERMINE","NOT APPLICABLE","4354","W","DIVISION ST","2534",,,,,,,"2","NO INDICATION OF INJURY","0","0","0","0","0","2","0","15","3","2","41.902629029","-87.7358747022","POINT (-87.735874702228 41.902629028972)"
"d3f110e5c39ae8bc4a4099c964622cf92af8b5e2a10528d00c0f13cedc9a112331e2fc3734fa3123bff869d8197f622469ced0eac3b6ec2ef31028026f82c19f",,"2026-02-17T15:24:00.000","30","OTHER","OTHER","CLEAR","DAYLIGHT","PARKED MOTOR VEHICLE","NOT DIVIDED",,"STRAIGHT AND LEVEL","DRY","NO DEFECTS","ON SCENE","NO INJURY / DRIVE AWAY",,,"Y","OVER $1,500","2026-02-17T15:43:00.000","UNABLE TO DETERMINE","UNABLE TO DETERMINE","1233","W","WRIGHTWOOD AVE","1932",,,,,,,"2","NO INDICATION OF INJURY","0","0","0","0","0","1","0","15","3","2","41.9287919821","-87.6599915415","POINT (-87.659991541537 41.928791982069)"
"875a676b01e2e56726553dca6fed0e57c287bfef3d1a33a845ba51fbf3a9ae7cd78907e1b414c485c46cf16b8bc1bc65160eb06e0d43d1de07feee39b6bce17f",,"2026-02-17T15:20:00.000","15","NO CONTROLS","NO CONTROLS","CLEAR","DAYLIGHT","PARKED MOTOR VEHICLE","PARKING LOT",,"STRAIGHT AND LEVEL","DRY","NO DEFECTS","NOT ON SCENE (DESK REPORT)","NO INJURY / DRIVE AWAY",,,,"OVER $1,500","2026-02-17T15:44:00.000","UNABLE TO DETERMINE","UNABLE TO DETERMINE","4829","N","KEDZIE AVE","1713",,,,,,,"2","NO INDICATION OF INJURY","0","0","0","0","0","2","0","15","3","2","41.9693358936","-87.7083564495","POINT (-87.708356449466 41.969335893606)"
"b016b4c00bee7af6f28bdc94ca9b10640e65a7f5ef5e3a6778cfeb02eb918752214c43ea640e00560667cd33b38b340f5f373e58efe5fba555787c78873014f5",,"2026-02-17T15:18:00.000","30","TRAFFIC SIGNAL","FUNCTIONING PROPERLY","CLEAR","DAYLIGHT","SIDESWIPE SAME DIRECTION","NOT DIVIDED",,"STRAIGHT AND LEVEL","DRY","NO DEFECTS","NOT ON SCENE (DESK REPORT)","NO INJURY / DRIVE AWAY","Y",,,"OVER $1,500","2026-02-17T16:04:00.000","FAILING TO YIELD RIGHT-OF-WAY","FAILING TO YIELD RIGHT-OF-WAY","3201","N","HARLEM AVE","1632",,,,,,,"2","NO INDICATION OF INJURY","0","0","0","0","0","2","0","15","3","2","41.9380898311","-87.8066028081","POINT (-87.806602808103 41.938089831104)"
"9d88b715123f6904a1b37dcd9206af364f2d36333fc2be579da6596a8255648de3946c04ef49cf2557e03265ae736fde9e8602974329f79f3be3a42440fe6f41",,"2026-02-17T15:15:00.000","30","NO CONTROLS","NO CONTROLS","CLEAR","DAYLIGHT","TURNING","NOT DIVIDED",,"STRAIGHT AND LEVEL","DRY","NO DEFECTS",,"INJURY AND / OR TOW DUE TO CRASH",,,,"OVER $1,500","2026-02-17T15:17:00.000","NOT APPLICABLE","NOT APPLICABLE","2444","N","ELSTON AVE","1432",,,,,,,"2","NONINCAPACITATING INJURY","1","0","0","1","0","1","0","15","3","2","41.9257268706","-87.6784395411","POINT (-87.678439541114 41.925726870553)"
"d46665d3eef410d309bd4707db56a08dbc5cb79021fdd129f7eae008f08caac04b215e49a5a45c6f9749ab8d248fdce1df8b514d1d5324314aebd7b54154dd67",,"2026-02-17T15:12:00.000","30","NO CONTROLS","NO CONTROLS","CLEAR","DAYLIGHT","TURNING","NOT DIVIDED",,"STRAIGHT AND LEVEL","DRY","NO DEFECTS","NOT ON SCENE (DESK REPORT)","INJURY AND / OR TOW DUE TO CRASH",,,,"OVER $1,500","2026-02-17T18:50:00.000","UNABLE TO DETERMINE","NOT APPLICABLE","3600","W","32ND ST","1032",,,,,,,"2","NO INDICATION OF INJURY","0","0","0","0","0","3","0","15","3","2","41.8353318286","-87.7147042272","POINT (-87.714704227159 41.835331828558)"
"ce742c5d1be32b63ecec69f695e6ef818692ed331de6a431df5ccc5f2b6b3cb852c22668485f920e916596a6d52712e2323cc52f3aca78063fbb530d57275543",,"2026-02-17T15:11:00.000","30","TRAFFIC SIGNAL","FUNCTIONING PROPERLY","CLEAR","DAYLIGHT","SIDESWIPE SAME DIRECTION","NOT DIVIDED",,"STRAIGHT AND LEVEL","DRY","NO DEFECTS","ON SCENE","INJURY AND / OR TOW DUE TO CRASH",,,,"OVER $1,500","2026-02-17T15:13:00.000","IMPROPER LANE USAGE","FAILING TO REDUCE SPEED TO AVOID CRASH","3701","N","CLARK ST","1923",,,,,,,"2","NO INDICATION OF INJURY","0","0","0","0","0","2","0","15","3","2","41.9491234009","-87.6578903634","POINT (-87.657890363405 41.949123400854)"
"239fffda034e847dd3e0ea66b5ae5034476ed28a293c27a1134224618fb12256f45b643253919e9f54d3adf525f2909c313dd1bf7389c694f1c4a59f2663f081",,"2026-02-17T15:08:00.000","30","TRAFFIC SIGNAL","FUNCTIONING PROPERLY","CLEAR","DAYLIGHT","REAR END","NOT DIVIDED",,"STRAIGHT AND LEVEL","DRY","NO DEFECTS","NOT ON SCENE (DESK REPORT)","NO INJURY / DRIVE AWAY",,,,"$501 - $1,500","2026-02-17T17:30:00.000","FAILING TO REDUCE SPEED TO AVOID CRASH","FAILING TO REDUCE SPEED TO AVOID CRASH","2153","N","CICERO AVE","2522",,,,,,,"2","NO INDICATION OF INJURY","0","0","0","0","0","2","0","15","3","2","41.9203642344","-87.7460581245","POINT (-87.746058124529 41.920364234437)"
"bf00edc0e9a7dc776d2ac53cb068adfd35172dc4b184636533790840a027d28dbe6c616e640c0673c3855a9bf4373d52df07010001100b516e5281ecedece0e6",,"2026-02-17T15:02:00.000","30","NO CONTROLS","NO CONTROLS","CLEAR","DAYLIGHT","REAR END","NOT DIVIDED",,"STRAIGHT AND LEVEL","DRY","NO DEFECTS","ON SCENE","NO INJURY / DRIVE AWAY",,,"Y","$501 - $1,500","2026-02-17T15:40:00.000","FAILING TO REDUCE SPEED TO AVOID CRASH","FOLLOWING TOO CLOSELY","4307","W","55TH ST","813",,,,,,,"2","NO INDICATION OF INJURY","0","0","0","0","0","4","0","15","3","2","41.793024391","-87.730848728","POINT (-87.730848727993 41.793024391006)"
"5799575aec0f2fc7c41b31c15c1005f05fdb05ba842d5d4894c1950b16bf40d71d9957ffebb854b337303f402d585a1827c91d72cbc5bd404002d74b83729843",,"2026-02-17T15:00:00.000","30","NO CONTROLS","NO CONTROLS","UNKNOWN","DAYLIGHT","REAR TO FRONT","NOT DIVIDED",,"STRAIGHT AND LEVEL","UNKNOWN","UNKNOWN","NOT ON SCENE (DESK REPORT)","NO INJURY / DRIVE AWAY",,,,"$501 - $1,500","2026-02-17T16:50:00.000","UNABLE TO DETERMINE","UNABLE TO DETERMINE","7153","S","DOBSON AVE","324",,,,,,,"2","NO INDICATION OF INJURY","0","0","0","0","0","2","0","15","3","2","41.7643712627","-87.5992967302","POINT (-87.599296730203 41.76437126272)"
"5a1c82492d85eec60d69a43ad7d4d69966bcc8a7f0b9bfdd8c7dbd87c189a71b448759fa8640647bd6e2a2a3e5eee090a01eac66616ef48ac3697d7fca42b158",,"2026-02-17T15:00:00.000","30","NO CONTROLS","NO CONTROLS","CLEAR","DAYLIGHT","PARKED MOTOR VEHICLE","DIVIDED - W/MEDIAN (NOT RAISED)",,"STRAIGHT AND LEVEL","DRY","NO DEFECTS","NOT ON SCENE (DESK REPORT)","NO INJURY / DRIVE AWAY",,,"Y","OVER $1,500","2026-02-18T07:38:00.000","UNABLE TO DETERMINE","NOT APPLICABLE","7427","S","SOUTH CHICAGO AVE","324",,,,,,,"2","NO INDICATION OF INJURY","0","0","0","0","0","1","0","15","3","2","41.7599868935","-87.5971706531","POINT (-87.597170653133 41.75998689353)"
"d17c393ffb56b21dc2ab16c922bb29a58979ca82d5036a5c392bf25f21af35f8c1eadad4dda73c4e96630c266eba2459b65c39b014ff8c09e52d19faa9e37d67",,"2026-02-17T15:00:00.000","30","NO CONTROLS","NO CONTROLS","CLEAR","DAYLIGHT","TURNING","NOT DIVIDED",,"STRAIGHT AND LEVEL","UNKNOWN","UNKNOWN","NOT ON SCENE (DESK REPORT)","NO INJURY / DRIVE AWAY",,,,"OVER $1,500","2026-02-17T15:18:00.000","DRIVING SKILLS/KNOWLEDGE/EXPERIENCE","NOT APPLICABLE","3940","W","71ST ST","833",,,,,,,"2","NO INDICATION OF INJURY","0","0","0","0","0","2","0","15","3","2","41.7642192614","-87.7216136537","POINT (-87.721613653679 41.76421926141)"