"crash_record_id","crash_date_est_i","crash_date","posted_speed_limit","traffic_control_device","device_condition","weather_condition","lighting_condition","first_crash_type","trafficway_type","lane_cnt","alignment","roadway_surface_cond","road_defect","report_type","crash_type","intersection_related_i","private_property_i","hit_and_run_i","damage","date_police_notified","prim_contributory_cause","sec_contributory_cause","street_no","street_direction","street_name","beat_of_occurrence","photos_taken_i","statements_taken_i","dooring_i","work_zone_i","work_zone_type","workers_present_i","num_units","most_severe_injury","injuries_total","injuries_fatal","injuries_incapacitating","injuries_non_incapacitating","injuries_reported_not_evident","injuries_no_indication","injuries_unknown","crash_hour","crash_day_of_week","crash_month","latitude","longitude","location"
"dbd86628fd743083a091a4b19c71bbe8445d5c4cfe538d96d2deb1673c74f0656a546e5c3c6eeb6cdd8d8babeef5edfedfc9b8b5aca67b6e12ec3101334f8cad","Y","2026-02-17T15:00:00.000","30","NO CONTROLS","NO CONTROLS","CLEAR","DAYLIGHT","PARKED MOTOR VEHICLE","NOT DIVIDED",,"STRAIGHT AND LEVEL","DRY","NO DEFECTS","NOT ON SCENE (DESK REPORT)","NO INJURY / DRIVE AWAY",,,"Y","OVER $1,500","2026-02-18T18:02:00.000","DRIVING SKILLS/KNOWLEDGE/EXPERIENCE","NOT APPLICABLE","6554","N","ROCKWELL ST","2412",,,,,,,"2","NO INDICATION OF INJURY","0","0","0","0","0","1","0","15","3","2","42.0010759412","-87.6950002337","POINT (-87.695000233708 42.00107594123)"
"dda9dce0a1724c16a371f7f7d4f03107aab185b827fd539133856c91891cefd29b27fec5d3b10e2083d164968983076ab912e7c7aee1ba9d0e283266e5f67219",,"2026-02-17T14:55:00.000","30","TRAFFIC SIGNAL","FUNCTIONING PROPERLY","CLOUDY/OVERCAST","DAYLIGHT","SIDESWIPE SAME DIRECTION","FOUR WAY",,"STRAIGHT AND LEVEL","DRY","NO DEFECTS","NOT ON SCENE (DESK REPORT)","NO INJURY / DRIVE AWAY","Y",,,"OVER $1,500","2026-02-17T18:00:00.000","IMPROPER LANE USAGE","NOT APPLICABLE","7200","N","RIDGE BLVD","2411",,,,,,,"2","NO INDICATION OF INJURY","0","0","0","0","0","2","0","14","3","2","42.0123831918","-87.6832570797","POINT (-87.683257079712 42.012383191822)"
"25d833aad0177ac13b78945b1bb7c4480af1f663c1dd2e11de036fcf70463c9ef0ef127ccf916aba7ebfb240368d3177ec2a7294af2a1a2647caf93c9262dd64",,"2026-02-17T14:50:00.000","30","TRAFFIC SIGNAL","FUNCTIONING PROPERLY","CLEAR","DAYLIGHT","SIDESWIPE SAME DIRECTION","NOT DIVIDED",,"STRAIGHT AND LEVEL","DRY","NO DEFECTS","NOT ON SCENE (DESK REPORT)","NO INJURY / DRIVE AWAY",,,,"$501 - $1,500","2026-02-17T15:40:00.000","IMPROPER OVERTAKING/PASSING","NOT APPLICABLE","4800","N","CLARK ST","2032",,,,,,,"2","NO INDICATION OF INJURY","0","0","0","0","0","2","0","14","3","2","41.969038442","-87.667662387","POINT (-87.667662387022 41.969038442049)"
"f98240f72e18fd81c3c1ef38f80ecc34a5388d327619a17c471d1cfbded86c72fef370d2f865bf9d169bebdf52ab02cd06eff3478184ee1e6f375741b899a504",,"2026-02-17T14:35:00.000","30","OTHER","FUNCTIONING PROPERLY","CLEAR","DAYLIGHT","REAR END","NOT DIVIDED",,"STRAIGHT AND LEVEL","DRY","NO DEFECTS","ON SCENE","INJURY AND / OR TOW DUE TO CRASH","Y",,,"$500 OR LESS","2026-02-17T15:28:00.000","FAILING TO YIELD RIGHT-OF-WAY","UNABLE TO DETERMINE","6955","W","DEVON AVE","1611",,,,,,,"2","REPORTED, NOT EVIDENT","1","0","0","0","1","1","0","14","3","2","41.9970702226","-87.8011709877","POINT (-87.801170987661 41.997070222619)"
"0a71c6252f8d9915e1adec8412df131b08f1d991dd5156a9a08b9a9595c649a3736160a21ba053c6ec927f865621c009e41efa6abe9fd1b3cb68b242e8c747da",,"2026-02-17T14:15:00.000","25","TRAFFIC SIGNAL","UNKNOWN","CLEAR","DAYLIGHT","SIDESWIPE SAME DIRECTION","FOUR WAY",,"STRAIGHT AND LEVEL","UNKNOWN","UNKNOWN","NOT ON SCENE (DESK REPORT)","NO INJURY / DRIVE AWAY","Y",,,"OVER $1,500","2026-02-17T14:15:00.000","IMPROPER OVERTAKING/PASSING","NOT APPLICABLE","3000","N","AUSTIN AVE","2511",,,,,,,"2","NO INDICATION OF INJURY","0","0","0","0","0","2","0","14","3","2","41.9348373353","-87.7762380967","POINT (-87.776238096666 41.934837335313)"
"faa765b36380b7dc0156555c8f9bf4a592ba84609a4636711898c2f14b86c3968443d3d39479e1feae8b48c94f5629b7fc6064a44857470a8fab267635655e76",,"2026-02-17T14:15:00.000","30","NO CONTROLS","NO CONTROLS","CLEAR","DAYLIGHT","REAR TO FRONT","NOT DIVIDED",,"STRAIGHT AND LEVEL","DRY","NO DEFECTS","NOT ON SCENE (DESK REPORT)","NO INJURY / DRIVE AWAY",,,,"OVER $1,500","2026-02-17T14:40:00.000","UNABLE TO DETERMINE","NOT APPLICABLE","2746","N","MILWAUKEE AVE","1412",,,,,,,"2","NO INDICATION OF INJURY","0","0","0","0","0","3","0","14","3","2","41.9309887557","-87.7107851683","POINT (-87.710785168283 41.930988755747)"
"376c6628d84faada01033f440cc1e8e1e86513e1b0a9573b12ba898b2e383ed187b1061cee0b3d2cd18c94a68bfc96e4a4deb92ecd3a1a217a0a0e3624a21c20",,"2026-02-17T14:00:00.000","30","UNKNOWN","UNKNOWN","CLEAR","DAYLIGHT","SIDESWIPE SAME DIRECTION","DIVIDED - W/MEDIAN BARRIER",,"STRAIGHT AND LEVEL","DRY","UNKNOWN","ON SCENE","NO INJURY / DRIVE AWAY",,,,"OVER $1,500","2026-02-17T14:01:00.000","NOT APPLICABLE","NOT APPLICABLE","243","W","GARFIELD BLVD","711",,,,,,,"3","NO INDICATION OF INJURY","0","0","0","0","0","2","0","14","3","2","41.7940594387","-87.6322565719","POINT (-87.632256571935 41.794059438704)"
"9add2e6ba61d5c3dd2737ccc72720758006e28d8142a5183ef5d97f1071921b535b7ab21ab4cf6764b1076dbda680fdd7ec28b9fc75b1d8680f64651da203344","Y","2026-02-17T13:55:00.000","30","TRAFFIC SIGNAL","FUNCTIONING PROPERLY","CLEAR","DAYLIGHT","PARKED MOTOR VEHICLE","FOUR WAY",,"STRAIGHT AND LEVEL","DRY","NO DEFECTS","ON SCENE","INJURY AND / OR TOW DUE TO CRASH","Y",,"Y","OVER $1,500","2026-02-17T14:00:00.000","UNABLE TO DETERMINE","NOT APPLICABLE","2220","W","VAN BUREN ST","1225",,,,,,,"2","NO INDICATION OF INJURY","0","0","0","0","0","1","0","13","3","2","41.8762486851","-87.6823495058","POINT (-87.682349505777 41.876248685115)"
"1c8145eb8299fecf3ca809a2de7564ad8fa45c4e4e568d5e6d96e8479caf72cd6f99462ce305800ee031283121d085b222286a5dcfdde1c2976bd3b2674d67a3",,"2026-02-17T13:45:00.000","30","STOP SIGN/FLASHER","FUNCTIONING PROPERLY","CLOUDY/OVERCAST","DAYLIGHT","ANGLE","NOT DIVIDED",,"STRAIGHT AND LEVEL","DRY","NO DEFECTS","NOT ON SCENE (DESK REPORT)","NO INJURY / DRIVE AWAY","Y",,,"OVER $1,500","2026-02-17T16:00:00.000","UNABLE TO DETERMINE","NOT APPLICABLE","3932","W","ADDISON ST","1732",,,,,,,"2","NO INDICATION OF INJURY","0","0","0","0","0","3","0","13","3","2","41.9464984228","-87.7263116666","POINT (-87.726311666629 41.946498422801)"
"e1cac33d3a62d913e2ecfd76d0ad15f3af3efc2f6809baefc8f1c675acd354c6ea5c79d975a68443c41d3713625e3020cd1377ef6d167bcc5129f578775af26c",,"2026-02-17T13:45:00.000","30","NO CONTROLS","NO CONTROLS","CLEAR","DAYLIGHT","REAR END","CENTER TURN LANE",,"STRAIGHT AND LEVEL","DRY","NO DEFECTS","NOT ON SCENE (DESK REPORT)","NO INJURY / DRIVE AWAY",,,,"OVER $1,500","2026-02-23T10:18:00.000","FOLLOWING TOO CLOSELY","NOT APPLICABLE","2257","W","IRVING PARK RD","1921",,,,,,,"2","NO INDICATION OF INJURY","0","0","0","0","0","2","0","13","3","2","41.9539411259","-87.6858942025","POINT (-87.685894202531 41.953941125939)"
"5d8861349f5bf11a0443893193ddf0da53df3ef0dfb3ac0cdbf96868e52e362941c27ee950afce0927692de7b118bf35def90cf3b4813517339660e8da820c76","N","2026-02-17T13:40:00.000","30","NO CONTROLS","NO CONTROLS","CLEAR","DAYLIGHT","PARKED MOTOR VEHICLE","PARKING LOT",,"STRAIGHT AND LEVEL","DRY","NO DEFECTS","ON SCENE","NO INJURY / DRIVE AWAY",,"Y","Y","$501 - $1,500","2026-02-17T16:10:00.000","UNABLE TO DETERMINE","NOT APPLICABLE","6084","S","ARCHER AVE","811",,,,,,,"2","NO INDICATION OF INJURY","0","0","0","0","0","1","0","13","3","2","41.7947132246","-87.7696431684","POINT (-87.769643168361 41.794713224636)"
"9a98cc6f67a58efa120caedf7fc52213e4482f25ed9f69fcc53bfd1ebe9974512c5f2c7e902a0195bbeaaa06145685afe4e75eb96b96d7648a6b8081eb7ca07a",,"2026-02-17T13:40:00.000","30","NO CONTROLS","NO CONTROLS","CLEAR","DAYLIGHT","REAR TO FRONT","ONE-WAY",,"STRAIGHT AND LEVEL","DRY","NO DEFECTS","NOT ON SCENE (DESK REPORT)","NO INJURY / DRIVE AWAY","Y",,,"OVER $1,500","2026-02-18T07:30:00.000","UNABLE TO DETERMINE","UNABLE TO DETERMINE","12","S","KILPATRICK AVE","1113",,,,,,,"2","NO INDICATION OF INJURY","0","0","0","0","0","2","0","13","3","2","41.8801297496","-87.7429623072","POINT (-87.742962307208 41.880129749566)"
"cd20cb7de67c5aa5ad1f812b287b1a9f633b6c11cff9577b1913ed53c2938ad407a74d946c10f1d9b365a80c1baf05b40715144666b7f53ffc88fe474dce2f7f",,"2026-02-17T13:40:00.000","30","NO CONTROLS","NO CONTROLS","CLEAR","DAYLIGHT","SIDESWIPE SAME DIRECTION","DIVIDED - W/MEDIAN (NOT RAISED)",,"STRAIGHT AND LEVEL","DRY","NO DEFECTS","ON SCENE","NO INJURY / DRIVE AWAY",,,"Y","$501 - $1,500","2026-02-17T13:40:00.000","IMPROPER OVERTAKING/PASSING","IMPROPER OVERTAKING/PASSING","2629","W","99TH ST","2211",,"Y",,,,,"2","NO INDICATION OF INJURY","0","0","0","0","0","3","0","13","3","2","41.7134984341","-87.6879485878","POINT (-87.687948587762 41.713498434064)"
"c21e9803ad60e35bbe42a68f231e0790fb7003c86548d8fcb8313fb0916c6cdbb6f8d911147b566df307f7d800dc7d5ed1054aeb96307dc54229849e611b123d",,"2026-02-17T13:30:00.000","30","NO CONTROLS","NO CONTROLS","CLEAR","DAWN","REAR END","NOT DIVIDED",,"STRAIGHT AND LEVEL","DRY","NO DEFECTS","NOT ON SCENE (DESK REPORT)","NO INJURY / DRIVE AWAY",,,,"$500 OR LESS","2026-02-17T17:56:00.000","UNABLE TO DETERMINE","NOT APPLICABLE","2307","S","PRINCETON AVE","914",,,,,,,"2","NO INDICATION OF INJURY","0","0","0","0","0","5","0","13","3","2","41.8506879015","-87.6346081864","POINT (-87.634608186409 41.850687901467)"
"fba259e6eccbfb57509e9704c27c08e129920cb6ddacaace4f46de41628b116ec9bdfe2da0c85351b143db533d8b53d408e74dd4fcf9cde70c580b4a37fb05f1",,"2026-02-17T13:30:00.000","30","NO CONTROLS","NO CONTROLS","CLEAR","DAYLIGHT","TURNING","NOT DIVIDED",,"STRAIGHT AND LEVEL","DRY","NO DEFECTS","NOT ON SCENE (DESK REPORT)","NO INJURY / DRIVE AWAY",,,,"OVER $1,500","2026-02-17T14:19:00.000","IMPROPER TURNING/NO SIGNAL","IMPROPER LANE USAGE","1248","W","71ST ST","734",,,,,,,"2","NO INDICATION OF INJURY","0","0","0","0","0","2","0","13","3","2","41.7651331411","-87.6560624894","POINT (-87.656062489387 41.765133141071)"
"241907c57b6659188f2c596309a5030ed8637b56e61bd9795b0c68c75ed3228c5f5cd443ca5035bdb2c381824041dadad7271c6def2128a49302cb23795b82de",,"2026-02-17T13:29:00.000","30","TRAFFIC SIGNAL","FUNCTIONING PROPERLY","CLEAR","DAYLIGHT","TURNING","DIVIDED - W/MEDIAN (NOT RAISED)",,"STRAIGHT AND LEVEL","DRY","NO DEFECTS","ON SCENE","INJURY AND / OR TOW DUE TO CRASH","Y",,,"OVER $1,500","2026-02-17T13:59:00.000","IMPROPER TURNING/NO SIGNAL","FAILING TO REDUCE SPEED TO AVOID CRASH","2200","E","95TH ST","413",,,,"N",,,"2","NONINCAPACITATING INJURY","2","0","0","2","0","1","0","13","3","2","41.7226389707","-87.5704691141","POINT (-87.570469114121 41.72263897072)"
"9248584308066116bf07d64cc1ecb3d2057549036ad8f763befa55154cbd9d23f7e3e6f610b967ed4e1327be674fc8eefce35b14b47dc6c516802417278aa977","Y","2026-02-17T13:28:00.000","30","STOP SIGN/FLASHER","FUNCTIONING PROPERLY","CLEAR","DAYLIGHT","ANGLE","FOUR WAY",,"STRAIGHT AND LEVEL","DRY","NO DEFECTS","ON SCENE","INJURY AND / OR TOW DUE TO CRASH","Y",,,"OVER $1,500","2026-02-17T13:41:00.000","FAILING TO YIELD RIGHT-OF-WAY","NOT APPLICABLE","7000","N","ROCKWELL ST","2411",,,,,,,"2","REPORTED, NOT EVIDENT","1","0","0","0","1","1","0","13","3","2","42.0086038767","-87.6951135034","POINT (-87.695113503423 42.008603876746)"
"deb972c6011d7fc4ce350453ab41b87ebc7ec57beae4d21e02a5f0ce0bb7fc8728e906e36518a927c252fb0a7029103a75432b0c762491fd5185533ceaac5f71",,"2026-02-17T13:20:00.000","30","NO CONTROLS","NO CONTROLS","CLEAR","DAYLIGHT","TURNING","NOT DIVIDED",,"STRAIGHT AND LEVEL","DRY","UNKNOWN",,"INJURY AND / OR TOW DUE TO CRASH",,,,"OVER $1,500","2026-02-17T13:30:00.000","UNABLE TO DETERMINE","UNABLE TO DETERMINE","8799","W","CATALPA AVE","1614",,,,,,,"2","NO INDICATION OF INJURY","0","0","0","0","0","5","0","13","3","2","41.9790205545","-87.8463192587","POINT (-87.846319258685 41.97902055454)"
"3e4b6233a7d64c0fae97e2536002bec61e7f87b6c90b4e31ad0f7b46c24526d0ba4fe9a8d9949ab5934d6b1914ab497d858da7dc0e50050d94738947701fabb6",,"2026-02-17T13:15:00.000","30","UNKNOWN","UNKNOWN","UNKNOWN","UNKNOWN","PARKED MOTOR VEHICLE","FOUR WAY",,"STRAIGHT AND LEVEL","UNKNOWN","UNKNOWN","NOT ON SCENE (DESK REPORT)","NO INJURY / DRIVE AWAY",,,"Y","OVER $1,500","2026-02-17T14:15:00.000","UNABLE TO DETERMINE","UNABLE TO DETERMINE","1610","W","SUNNYSIDE AVE","1912",,,,,,,"2","NO INDICATION OF INJURY","0","0","0","0","0","1","0","13","3","2","41.9635169434","-87.6698036779","POINT (-87.669803677877 41.963516943358)"
"d52fa37687b59292b1ef4c8df5511ecdaf491cdfcc1e2fca7004b3db3bb639afc74069f9409a60c98d7036fbe2833845ff3fb2ad48f9fdfae4e41d71f1db53ae",,"2026-02-17T13:05:00.000","20","NO CONTROLS","NO CONTROLS","CLEAR","DAYLIGHT","PARKED MOTOR VEHICLE","ONE-WAY",,"STRAIGHT AND LEVEL","DRY","UNKNOWN","NOT ON SCENE (DESK REPORT)","NO INJURY / DRIVE AWAY",,,,"$500 OR LESS","2026-02-17T15:50:00.000","UNABLE TO DETERMINE","UNABLE TO DETERMINE","1547","W","46TH ST","924",,,,,,,"2","NO INDICATION OF INJURY","0","0","0","0","0","1","0","13","3","2","41.8103183767","-87.6645357919","POINT (-87.664535791877 41.810318376747)"
"3f95a47c385c4d97da9c6231939977d1432590165fff32135be26343ff29d44bf6caf4b96272a04de898b3a29c32f8f607be72a7c574aa45f3c4ef18f22e1bf8",,"2026-02-17T13:00:00.000","10","NO CONTROLS","NO CONTROLS","CLEAR","DAYLIGHT","PARKED MOTOR VEHICLE","ONE-WAY",,"STRAIGHT AND LEVEL","DRY","UNKNOWN","NOT ON SCENE (DESK REPORT)","NO INJURY / DRIVE AWAY",,,"Y","OVER $1,500","2026-02-17T16:22:00.000","UNABLE TO DETERMINE","UNABLE TO DETERMINE","7436","S","KIMBARK AVE","324",,,,,,,"2","NO INDICATION OF INJURY","0","0","0","0","0","1","0","13","3","2","41.7594143018","-87.5933924861","POINT (-87.59339248613 41.759414301829)"
"d96d3e6b5693f6371c2a4a301915a70d5d454aa41d31d3c01dcf847061f0bb19b4c44d37a1705081b956fb848b90ea3154561b8688d766e7fe2ac614f3710645",,"2026-02-17T13:00:00.000","30","STOP SIGN/FLASHER","FUNCTIONING PROPERLY","CLEAR","DAYLIGHT","ANGLE","FOUR WAY",,"STRAIGHT AND LEVEL","DRY","NO DEFECTS","ON SCENE","INJURY AND / OR TOW DUE TO CRASH","Y",,,"OVER $1,500","2026-02-17T13:10:00.000","DISREGARDING STOP SIGN","NOT APPLICABLE","2200","N","LINCOLN PARK WEST","1814",,"Y",,,,,"2","NO INDICATION OF INJURY","0","0","0","0","0","4","0","13","3","2","41.922081041","-87.6366078321","POINT (-87.636607832136 41.922081041047)"
"368a7bd10af85d3838a1741e33da06d010d1a1b4e12db8e31bfd6fc04db0bef15ae8ff053a471cc1e0a4940290ae575ff8cdbb8279ad8bc07992cabbf1fa16a8",,"2026-02-17T12:59:00.000","30","NO CONTROLS","NO CONTROLS","CLOUDY/OVERCAST","DAYLIGHT","TURNING","NOT DIVIDED",,"STRAIGHT AND LEVEL","DRY","NO DEFECTS","NOT ON SCENE (DESK REPORT)","NO INJURY / DRIVE AWAY",,,"Y","$501 - $1,500","2026-02-17T14:00:00.000","FAILING TO YIELD RIGHT-OF-WAY","NOT APPLICABLE","133","S","WOOD ST","1224",,,,,,,"2","NO INDICATION OF INJURY","0","0","0","0","0","2","0","12","3","2","41.8790638334","-87.6715430953","POINT (-87.671543095324 41.879063833393)"
"c33fe7277d5ea507d31cd8f1a90cd2fcecd03c1160e332776ffa711a6adca7c7423d7fd0dd1af5cd0c80c28795b512a217e07464f5568130c50d8d8c47d23f4b",,"2026-02-17T12:55:00.000","30","TRAFFIC SIGNAL","FUNCTIONING PROPERLY","CLEAR","DAYLIGHT","PEDESTRIAN","TRAFFIC ROUTE",,"STRAIGHT AND LEVEL","DRY","NO DEFECTS","ON SCENE","INJURY AND / OR TOW DUE TO CRASH","Y",,"Y","OVER $1,500","2026-02-17T12:56:00.000","FAILING TO YIELD RIGHT-OF-WAY","IMPROPER TURNING/NO SIGNAL","98","S","STATE ST","112",,,,,,,"2","INCAPACITATING INJURY","1","0","1","0","0","1","0","12","3","2","41.8808126153","-87.6278705299","POINT (-87.627870529942 41.880812615283)"
"e1f7974189c8714060fe1d826585e51f63aa679e7c875b8e0d7e175dadec2b6e21dd300d2f30354031bde22de5aeb618d76bf68e04ef295de8a3dfa9278d7800","Y","2026-02-17T12:55:00.000","30","TRAFFIC SIGNAL","FUNCTIONING PROPERLY","CLEAR","DAYLIGHT","ANGLE","FOUR WAY",,"STRAIGHT AND LEVEL","DRY","NO DEFECTS","ON SCENE","INJURY AND / OR TOW DUE TO CRASH","Y",,,"OVER $1,500","2026-02-17T12:55:00.000","DISREGARDING TRAFFIC SIGNALS","NOT APPLICABLE","957","W","74TH ST","733",,,,,,,"2","NONINCAPACITATING INJURY","1","0","0","1","0","1","0","12","3","2","41.7595611607","-87.6489778858","POINT (-87.648977885816 41.759561160711)"
"ec01a0757bb329648d6044b520c940e82c0561a88cf933a036609d2f92abc3b8ceafa3984849d051e0d82b872818c9832e7fed4a0b3ca4e2cda1b065803236f5",,"2026-02-17T12:45:00.000","20","NO CONTROLS","NO CONTROLS","CLEAR","DAYLIGHT","PARKED MOTOR VEHICLE","ONE-WAY",,"STRAIGHT AND LEVEL","DRY","NO DEFECTS","NOT ON SCENE (DESK REPORT)","NO INJURY / DRIVE AWAY",,,,"$500 OR LESS","2026-02-17T14:40:00.000","UNABLE TO DETERMINE","UNABLE TO DETERMINE","5138","S","KILBOURN AVE","815",,,,,,,"2","NO INDICATION OF INJURY","0","0","0","0","0","1","0","12","3","2","41.7992985459","-87.7357316422","POINT (-87.735731642178 41.79929854585)"
"a22e97cdc0ce4723aee755a58a42a05e5a05f2689ae2ddb27c3ba728daa90591534fefb53994c91686a7f85b2573c0b95fcff8761d14a1276729605273c9f634",,"2026-02-17T12:42:00.000","30","STOP SIGN/FLASHER","FUNCTIONING PROPERLY","CLEAR","DAYLIGHT","PARKED MOTOR VEHICLE","ONE-WAY",,"STRAIGHT AND LEVEL","DRY","NO DEFECTS","ON SCENE","NO INJURY / DRIVE AWAY","Y",,,"OVER $1,500","2026-02-17T12:42:00.000","PHYSICAL CONDITION OF DRIVER","UNABLE TO DETERMINE","1502","W","LUNT AVE","2423",,,,,,,"2","NO INDICATION OF INJURY","0","0","0","0","0","1","0","12","3","2","42.009193645","-87.6680934529","POINT (-87.668093452949 42.009193644997)"
"2699328df6ec97443cd9adbff93a9a0d731b30d49b7e04065f7e144c8a9e930566b44e172c04d4adc6412daeecd3ded5c08aca02a1d6b6ed0a7c397caa7b2242",,"2026-02-17T12:30:00.000","10","NO CONTROLS","NO CONTROLS","CLEAR","DAYLIGHT","PARKED MOTOR VEHICLE","PARKING LOT",,"STRAIGHT AND LEVEL","DRY","NO DEFECTS","NOT ON SCENE (DESK REPORT)","NO INJURY / DRIVE AWAY",,"Y",,"OVER $1,500","2026-02-17T16:20:00.000","IMPROPER BACKING","NOT APPLICABLE","8822","S","DOBSON AVE","412",,,,,,,"2","NO INDICATION OF INJURY","0","0","0","0","0","1","0","12","3","2","41.7341840856","-87.5992266838","POINT (-87.599226683762 41.73418408562)"
"d189cb83853f57cf1d045413175c983253999a8fab34c1c6d57dafbd63d54adc7d76ce7be39c062d1ce6e81e612372466cef2ea4fc055ceecd9b120bf37461b4",,"2026-02-17T12:29:00.000","25","TRAFFIC SIGNAL","FUNCTIONING PROPERLY","CLEAR","DAYLIGHT","SIDESWIPE SAME DIRECTION","DIVIDED - W/MEDIAN (NOT RAISED)",,"STRAIGHT AND LEVEL","DRY","NO DEFECTS","NOT ON SCENE (DESK REPORT)","NO INJURY / DRIVE AWAY","Y",,,"OVER $1,500","2026-02-17T14:30:00.000","EVASIVE ACTION DUE TO ANIMAL, OBJECT, NONMOTORIST","NOT APPLICABLE","7700","S","KEDZIE AVE","835",,,,,,,"2","NO INDICATION OF INJURY","0","0","0","0","0","2","0","12","3","2","41.75335698","-87.7026425505","POINT (-87.70264255049 41.753356980012)"
"3a22bc7185e107a553325011b68227bcb206ccfb8bf4053f3d2036a4bb9e9061c69c3fe1b521d5b86f3510f1cb7c20b6cd717e3c3f3b094428d8074c6010dfb2",,"2026-02-17T12:23:00.000","30","NO CONTROLS","NO CONTROLS","CLEAR","DAYLIGHT","TURNING","DIVIDED - W/MEDIAN (NOT RAISED)",,"STRAIGHT AND LEVEL","DRY","NO DEFECTS","NOT ON SCENE (DESK REPORT)","NO INJURY / DRIVE AWAY",,,,"$500 OR LESS","2026-02-17T13:00:00.000","UNABLE TO DETERMINE","NOT APPLICABLE","2139","S","PULASKI RD","1014",,,,,,,"2","NO INDICATION OF INJURY","0","0","0","0","0","2","0","12","3","2","41.852134796","-87.7246283923","POINT (-87.72462839228 41.852134795972)"
"a2858048a42ce9e459201664953690ce13857de11524ffe0df33b450407edfdd151e44a6115e0204d99eef1477a28379f8074e598b814229b464dee35a84605d",,"2026-02-17T12:20:00.000","30","NO CONTROLS","NO CONTROLS","CLEAR","DAYLIGHT","ANGLE","PARKING LOT",,"STRAIGHT AND LEVEL","DRY","NO DEFECTS","NOT ON SCENE (DESK REPORT)","NO INJURY / DRIVE AWAY",,"Y",,"OVER $1,500","2026-02-17T14:00:00.000","FAILING TO YIELD RIGHT-OF-WAY","NOT APPLICABLE","1900","W","JACKSON BLVD","1225",,,,,,,"2","NO INDICATION OF INJURY","0","0","0","0","0","2","0","12","3","2","41.8776116582","-87.6742278678","POINT (-87.674227867806 41.877611658237)"
"744ea6a6d85bbfe3d0f99c4b211242ee47e8ad4720f42c6622a02e2fffc2c1c9461fec47c7ef136c6b6aa8b45d96b382755fc58a79d394f66afd4d29ed0fe09c",,"2026-02-17T12:15:00.000","35","TRAFFIC SIGNAL","FUNCTIONING PROPERLY","CLEAR","DAYLIGHT","SIDESWIPE SAME DIRECTION","DIVIDED - W/MEDIAN (NOT RAISED)",,"STRAIGHT AND LEVEL","DRY","NO DEFECTS","NOT ON SCENE (DESK REPORT)","NO INJURY / DRIVE AWAY","Y",,"Y","OVER $1,500","2026-02-17T14:20:00.000","IMPROPER OVERTAKING/PASSING","UNABLE TO DETERMINE","7300","S","ASHLAND AVE","735",,,,,,,"2","NO INDICATION OF INJURY","0","0","0","0","0","2","0","12","3","2","41.7612249326","-87.6638335374","POINT (-87.663833537443 41.761224932571)"
"a3dd8d3f75d3293a4d437d16c0aeb3c028432cd2538c456945eb7391d10ad7dc029bd0d767c2ca82284b3d0e9c41859561b0d29bf3c04b3ff321f8d84d368f3f",,"2026-02-17T12:10:00.000","30","TRAFFIC SIGNAL","FUNCTIONING PROPERLY","CLEAR","DAYLIGHT","TURNING","NOT DIVIDED",,"STRAIGHT AND LEVEL","DRY","NO DEFECTS","NOT ON SCENE (DESK REPORT)","NO INJURY / DRIVE AWAY",,,"Y","OVER $1,500","2026-02-17T12:20:00.000","UNABLE TO DETERMINE","NOT APPLICABLE","6000","N","RIDGE AVE","2433",,,,,,,"2","NO INDICATION OF INJURY","0","0","0","0","0","3","0","12","3","2","41.9907226326","-87.6722886042","POINT (-87.672288604165 41.990722632567)"
"3612884181709de889738e3071f9ed96e951dcb2975386841adaf686844482fff58a00604faa7725afb0fd087b8f2563a8c12dba3bafd97c9f0f14eef46ad632",,"2026-02-17T12:00:00.000","30","NO CONTROLS","NO CONTROLS","CLEAR","DAYLIGHT","PARKED MOTOR VEHICLE","NOT DIVIDED",,"STRAIGHT AND LEVEL","UNKNOWN","NO DEFECTS","ON SCENE","NO INJURY / DRIVE AWAY",,,,"$500 OR LESS","2026-02-17T12:18:00.000","IMPROPER BACKING","NOT APPLICABLE","2900","N","LAKE SHORE DR","1934",,,,,,,"2","NO INDICATION OF INJURY","0","0","0","0","0","2","0","12","3","2","41.9344029871","-87.6368058371","POINT (-87.636805837083 41.934402987078)"
"b8414fbb8fce7efd72cc79174be8949f45e2318a097ca1e3a8fc117e9f95144c3a2003debb76b81dd4761c5ba32c3ba37b6ff94a4a60b0c82e035d514c048854",,"2026-02-17T12:00:00.000","30","TRAFFIC SIGNAL","FUNCTIONING PROPERLY","CLEAR","DAYLIGHT","SIDESWIPE SAME DIRECTION","FOUR WAY",,"STRAIGHT AND LEVEL","DRY","NO DEFECTS","NOT ON SCENE (DESK REPORT)","NO INJURY / DRIVE AWAY","Y",,"Y","OVER $1,500","2026-02-17T13:25:00.000","IMPROPER OVERTAKING/PASSING","UNABLE TO DETERMINE","7600","S","HALSTED ST","621",,,,,,,"2","NO INDICATION OF INJURY","0","0","0","0","0","2","0","12","3","2","41.7559957905","-87.6443282389","POINT (-87.644328238864 41.755995790481)"