"crash_record_id","crash_date_est_i","crash_date","posted_speed_limit","traffic_control_device","device_condition","weather_condition","lighting_condition","first_crash_type","trafficway_type","lane_cnt","alignment","roadway_surface_cond","road_defect","report_type","crash_type","intersection_related_i","private_property_i","hit_and_run_i","damage","date_police_notified","prim_contributory_cause","sec_contributory_cause","street_no","street_direction","street_name","beat_of_occurrence","photos_taken_i","statements_taken_i","dooring_i","work_zone_i","work_zone_type","workers_present_i","num_units","most_severe_injury","injuries_total","injuries_fatal","injuries_incapacitating","injuries_non_incapacitating","injuries_reported_not_evident","injuries_no_indication","injuries_unknown","crash_hour","crash_day_of_week","crash_month","latitude","longitude","location"
"c0b803d4dc5b172278f7c3f372a583ad9797b2c339e7e01e2aa0f39b992efcee8a8eb7d60055392c0f7c33df90eecdfd888f2db4adc0fa17e4a9d654d47131f9",,"2026-02-17T12:00:00.000","30","NO CONTROLS","NO CONTROLS","CLEAR","DAYLIGHT","TURNING","NOT DIVIDED",,"STRAIGHT AND LEVEL","DRY","NO DEFECTS","ON SCENE","INJURY AND / OR TOW DUE TO CRASH","Y",,,"OVER $1,500","2026-02-17T12:08:00.000","UNABLE TO DETERMINE","NOT APPLICABLE","3401","W","FRANKLIN BLVD","1123",,,,,,,"2","REPORTED, NOT EVIDENT","1","0","0","0","1","1","0","12","3","2","41.8899060549","-87.711392865","POINT (-87.711392864986 41.889906054886)"
"c5a92241f0c6139e3cf3b76a4af30c57266c4f0fee9ec330fcd18261cac88bba9fa2f79a42e723c3543411773f9d6085acd4e401a155bee18b7d368d90835b72",,"2026-02-17T11:50:00.000","30","NO CONTROLS","NO CONTROLS","CLOUDY/OVERCAST","DAYLIGHT","SIDESWIPE SAME DIRECTION","ALLEY",,"STRAIGHT AND LEVEL","DRY","NO DEFECTS","NOT ON SCENE (DESK REPORT)","NO INJURY / DRIVE AWAY",,,"Y","OVER $1,500","2026-02-17T13:10:00.000","IMPROPER OVERTAKING/PASSING","NOT APPLICABLE","1215","W","DEVON AVE","2433",,,,,,,"2","NO INDICATION OF INJURY","0","0","0","0","0","2","0","11","3","2","41.998071333","-87.661231481","POINT (-87.661231481043 41.998071332987)"
"a4ce5d0569ed7d0ec59445aa88954b42b7ba50683693ef67e8bbdc7a472eda0886b93dfaf03e5908ff67e091d6097968ac043476d001440130e903ec16c0f7ff",,"2026-02-17T11:45:00.000","30","UNKNOWN","UNKNOWN","UNKNOWN","UNKNOWN","PARKED MOTOR VEHICLE","NOT DIVIDED",,"STRAIGHT AND LEVEL","UNKNOWN","UNKNOWN","NOT ON SCENE (DESK REPORT)","NO INJURY / DRIVE AWAY",,,,"$500 OR LESS","2026-02-17T12:25:00.000","UNABLE TO DETERMINE","UNABLE TO DETERMINE","2599","W","PETERSON AVE","2011",,,,,,,"2","NO INDICATION OF INJURY","0","0","0","0","0","2","0","11","3","2","41.990361416","-87.694471537","POINT (-87.694471536961 41.990361416049)"
"24fd602efacb2c9e45b3ecac97c3ee3147b189aa90c8b6469d743ffdf45e342daba8585f517aa8a4850f23872d668464fc2782b0fd10cbce6c5d025a4f7a55d0",,"2026-02-17T11:40:00.000","30","NO CONTROLS","NO CONTROLS","CLEAR","DAYLIGHT","PEDALCYCLIST","DRIVEWAY",,"STRAIGHT AND LEVEL","DRY","NO DEFECTS","ON SCENE","INJURY AND / OR TOW DUE TO CRASH",,,,"$500 OR LESS","2026-02-17T11:42:00.000","UNABLE TO DETERMINE","UNABLE TO DETERMINE","6434","W","ARCHER AVE","811",,,,,,,"2","NONINCAPACITATING INJURY","1","0","0","1","0","1","0","11","3","2","41.7924257786","-87.7831760903","POINT (-87.783176090264 41.792425778574)"
"1126fd6604e56eeab0684ed615cfaca80c8daf4409cb65ddf3b6bcce8aebce75d0c661baeec58f9160b5d2242804d95d1c7114c5c3aa20c157b63d3a73462899",,"2026-02-17T11:30:00.000","30","UNKNOWN","UNKNOWN","CLEAR","DAYLIGHT","ANGLE","NOT DIVIDED",,"STRAIGHT AND LEVEL","DRY","UNKNOWN","ON SCENE","INJURY AND / OR TOW DUE TO CRASH","Y",,,"OVER $1,500","2026-02-17T11:35:00.000","UNABLE TO DETERMINE","UNABLE TO DETERMINE","4638","W","ADDISON ST","1731",,,,,,,"3","NO INDICATION OF INJURY","0","0","0","0","0","3","0","11","3","2","41.9462758775","-87.7439209778","POINT (-87.743920977773 41.946275877464)"
"33eaf6902152097b3bfb443c3709e318abbe66377673f7b5ac435ba94b1fbee8f96f21fc25c3ca6b14fe36146a13b4d3552e90fc54bdb31153fcdbec826a7647",,"2026-02-17T11:30:00.000","30","TRAFFIC SIGNAL","FUNCTIONING PROPERLY","CLEAR","DAYLIGHT","SIDESWIPE SAME DIRECTION","NOT DIVIDED",,"STRAIGHT AND LEVEL","DRY","NO DEFECTS","ON SCENE","NO INJURY / DRIVE AWAY",,,,"OVER $1,500","2026-02-17T13:00:00.000","FAILING TO YIELD RIGHT-OF-WAY","NOT APPLICABLE","210","E","OHIO ST","1834",,,,,,,"2","NO INDICATION OF INJURY","0","0","0","0","0","2","0","11","3","2","41.8926771719","-87.6221944945","POINT (-87.622194494473 41.892677171855)"
"60bf8dfc014757e8da090dac2e02bf7033611c7859677bd96b02f53433942143aefbd4db12e5e2c43f50c2359a02f60833249faa6595aaad04c8bbc604d100ad",,"2026-02-17T11:30:00.000","30","TRAFFIC SIGNAL","FUNCTIONING PROPERLY","CLEAR","DAYLIGHT","TURNING","DIVIDED - W/MEDIAN (NOT RAISED)",,"STRAIGHT AND LEVEL","DRY","UNKNOWN","ON SCENE","INJURY AND / OR TOW DUE TO CRASH","Y",,,"OVER $1,500","2026-02-17T11:35:00.000","DRIVING ON WRONG SIDE/WRONG WAY","IMPROPER TURNING/NO SIGNAL","1755","W","87TH ST","2221",,,,,,,"2","NO INDICATION OF INJURY","0","0","0","0","0","2","0","11","3","2","41.7356179461","-87.667705235","POINT (-87.667705234985 41.735617946131)"
"a943df9a061f6f780e8b11a12cf072c7cfbc09322682c9af031256b00fdf54ce105aed3e168036288067491f2200cf0c452a9885a9c3bc49ed292b01d6d7c803",,"2026-02-17T11:30:00.000","25","NO CONTROLS","NO CONTROLS","CLEAR","DAYLIGHT","PARKED MOTOR VEHICLE","NOT DIVIDED",,"STRAIGHT AND LEVEL","DRY","NO DEFECTS","ON SCENE","NO INJURY / DRIVE AWAY",,,"Y","OVER $1,500","2026-02-17T12:00:00.000","UNABLE TO DETERMINE","UNABLE TO DETERMINE","1246","W","98TH ST","2213",,,,,,,"2","NO INDICATION OF INJURY","0","0","0","0","0","1","0","11","3","2","41.7159448781","-87.6546751272","POINT (-87.654675127248 41.715944878092)"
"982c6d32d2f824a647cd0d2f4b6a177b81a14f664f89cc791f59e95d1fcdff57a5b1607371b113a92ac242093b3301a0f1c77dfc297f22459f33de8fd90276d5",,"2026-02-17T11:27:00.000","30","NO CONTROLS","NO CONTROLS","CLEAR","DAYLIGHT","ANGLE","NOT DIVIDED",,"STRAIGHT AND LEVEL","DRY","NO DEFECTS","ON SCENE","NO INJURY / DRIVE AWAY",,,,"OVER $1,500","2026-02-17T11:27:00.000","FOLLOWING TOO CLOSELY","NOT APPLICABLE","5228","S","KEDZIE AVE","822",,,,,,,"2","NO INDICATION OF INJURY","0","0","0","0","0","3","0","11","3","2","41.7981059718","-87.7038328968","POINT (-87.703832896812 41.79810597175)"
"0809df23ee01c47cc58532f07f9c4cd656d56d2d4e5467871103aa5b29bcf2e16d3f6574b1d0ac06021e79241e336057606c9c378de23c871f496961d3487eaa",,"2026-02-17T11:15:00.000","30","STOP SIGN/FLASHER","FUNCTIONING PROPERLY","CLEAR","DAYLIGHT","ANGLE","FOUR WAY",,"STRAIGHT AND LEVEL","DRY","NO DEFECTS","NOT ON SCENE (DESK REPORT)","NO INJURY / DRIVE AWAY","Y",,,"$501 - $1,500","2026-02-17T11:59:00.000","FAILING TO YIELD RIGHT-OF-WAY","NOT APPLICABLE","798","E","115TH ST","531",,,,,,,"2","NO INDICATION OF INJURY","0","0","0","0","0","2","0","11","3","2","41.6858888196","-87.6035986112","POINT (-87.603598611245 41.685888819579)"
"0f7a0a77927919140be4ebb0af2ddaf99435da80d36546422b47a976b0afa7ab303ead2cae63b35ee9d5678e65b33ada4bf0061455e1cf70915e072a4afabdc0",,"2026-02-17T11:15:00.000","15","NO CONTROLS","NO CONTROLS","CLEAR","DAYLIGHT","PARKED MOTOR VEHICLE","PARKING LOT",,"STRAIGHT AND LEVEL","DRY","NO DEFECTS","ON SCENE","NO INJURY / DRIVE AWAY",,,,"OVER $1,500","2026-02-17T11:20:00.000","DRIVING SKILLS/KNOWLEDGE/EXPERIENCE","UNABLE TO DETERMINE","3635","N","LINCOLN AVE","1922",,,,,,,"2","NO INDICATION OF INJURY","0","0","0","0","0","1","0","11","3","2","41.9479959837","-87.6743047704","POINT (-87.674304770367 41.947995983713)"
"5dcc546ce5b1f920e496829bb94819e8f0594b15d6a0e6adfcc62540fe56f1d8a565322a3e79f1ecd70c964204169d45720c94d78a6468fbe55a728e868b4d96",,"2026-02-17T11:00:00.000","30","NO CONTROLS","NO CONTROLS","CLEAR","DAYLIGHT","PARKED MOTOR VEHICLE","ONE-WAY",,"STRAIGHT AND LEVEL","DRY","NO DEFECTS","NOT ON SCENE (DESK REPORT)","NO INJURY / DRIVE AWAY",,,"Y","OVER $1,500","2026-02-18T13:50:00.000","UNABLE TO DETERMINE","NOT APPLICABLE","1522","N","LAVERGNE AVE","2533",,,,,,,"2","NO INDICATION OF INJURY","0","0","0","0","0","1","0","11","3","2","41.908453258","-87.7511580486","POINT (-87.751158048605 41.908453258037)"
"df6978246c02840ac20bbd5c5bd8bbac38b81fa805c3960e0a7ef832b841b688adb78b5915ebecd5a27977cf18d5c6c6a9ae782b9b7c415ee1e64635b1e4bc8c",,"2026-02-17T11:00:00.000","30","NO CONTROLS","NO CONTROLS","CLEAR","DAYLIGHT","PARKED MOTOR VEHICLE","ONE-WAY",,"STRAIGHT AND LEVEL","DRY","UNKNOWN","ON SCENE","NO INJURY / DRIVE AWAY",,,"Y","OVER $1,500","2026-02-17T15:49:00.000","UNABLE TO DETERMINE","NOT APPLICABLE","11134","S","CHRISTIANA AVE","2211",,,,,,,"2","NO INDICATION OF INJURY","0","0","0","0","0","1","0","11","3","2","41.690479875","-87.704590589","POINT (-87.704590589042 41.690479875019)"
"e947883b57103cd59d0efa87f7e0420e40e265ff747b38d7e93a1bbf18bfb2329dffc6d23f1c191765b361f44e064d039f2c44767e58a82ae0a9b3a60f05d73b",,"2026-02-17T11:00:00.000","35","TRAFFIC SIGNAL","FUNCTIONING PROPERLY","CLEAR","DAYLIGHT","SIDESWIPE SAME DIRECTION","FOUR WAY",,"STRAIGHT AND LEVEL","DRY","NO DEFECTS","NOT ON SCENE (DESK REPORT)","NO INJURY / DRIVE AWAY","Y",,,"OVER $1,500","2026-02-17T12:03:00.000","UNABLE TO DETERMINE","UNABLE TO DETERMINE","5526","N","NAGLE AVE","1613",,,,,,,"2","NO INDICATION OF INJURY","0","0","0","0","0","2","0","11","3","2","41.9820126351","-87.7878992932","POINT (-87.787899293194 41.982012635076)"
"f3c62c5a3cfa4b5c88aaf4999ed7441984a1dc56a940862b852270ce567377135325005c99f2e257443d65ec4b9dd2909196b234034259194fe7f961956cdaeb",,"2026-02-17T10:55:00.000","30","NO CONTROLS","NO CONTROLS","CLEAR","DAYLIGHT","PARKED MOTOR VEHICLE","NOT DIVIDED",,"STRAIGHT AND LEVEL","DRY","NO DEFECTS","NOT ON SCENE (DESK REPORT)","NO INJURY / DRIVE AWAY",,,"Y","OVER $1,500","2026-02-17T15:35:00.000","IMPROPER TURNING/NO SIGNAL","NOT APPLICABLE","2812","W","25TH ST","1033",,,,,,,"2","NO INDICATION OF INJURY","0","0","0","0","0","1","0","10","3","2","41.8465533035","-87.6958588469","POINT (-87.695858846934 41.846553303512)"
"ab5f99022c1ef119bc9713dafdc9075031738d8cb95119788257b85ee50f7b1eabde24b9eda7b37bac30f825bd563e98c4f6d5a8a54ac58a086b900b82be59a3",,"2026-02-17T10:54:00.000","10","NO CONTROLS","NO CONTROLS","CLEAR","DAYLIGHT","SIDESWIPE SAME DIRECTION","NOT DIVIDED",,"STRAIGHT AND LEVEL","UNKNOWN","UNKNOWN","NOT ON SCENE (DESK REPORT)","NO INJURY / DRIVE AWAY",,,,"OVER $1,500","2026-02-17T11:55:00.000","UNABLE TO DETERMINE","NOT APPLICABLE","1600","N","KILPATRICK AVE","2533",,,,,,,"3","NO INDICATION OF INJURY","0","0","0","0","0","2","0","10","3","2","41.9097911612","-87.7436442676","POINT (-87.74364426761 41.909791161177)"
"1378f41922d1b30cfcd241ae421ddd623774f9d18da0eadb3383857678e4e7a05e22102245788fb4ab2b6f27c4ef6b793eb1117258a4a391de722a78a872c850",,"2026-02-17T10:50:00.000","25","UNKNOWN","UNKNOWN","CLEAR","DAYLIGHT","ANGLE","ALLEY",,"STRAIGHT AND LEVEL","DRY","NO DEFECTS","NOT ON SCENE (DESK REPORT)","NO INJURY / DRIVE AWAY",,,,"OVER $1,500","2026-02-17T12:00:00.000","UNABLE TO DETERMINE","UNABLE TO DETERMINE","3726","W","DIVERSEY AVE","2523",,,,,,,"2","NO INDICATION OF INJURY","0","0","0","0","0","2","0","10","3","2","41.9319780785","-87.7208008034","POINT (-87.720800803439 41.931978078457)"
"4b1523e5711d0bf68a4d918f20740003ebc21803cee7ad653b267dba05d7effa664fedfe8e40413854a3a084c0c030410fc8b7cbdf4ab967ba619398b9d38f65",,"2026-02-17T10:45:00.000","30","STOP SIGN/FLASHER","FUNCTIONING PROPERLY","CLEAR","DAYLIGHT","TURNING","NOT DIVIDED",,"STRAIGHT AND LEVEL","DRY","NO DEFECTS","ON SCENE","NO INJURY / DRIVE AWAY",,,,"OVER $1,500","2026-02-17T12:10:00.000","IMPROPER LANE USAGE","DRIVING SKILLS/KNOWLEDGE/EXPERIENCE","1100","S","WOOD ST","1231",,,,,,,"2","NO INDICATION OF INJURY","0","0","0","0","0","2","0","10","3","2","41.8683636466","-87.6715410803","POINT (-87.671541080289 41.868363646605)"
"aa6a076255744c841e767fbf4a9fcbc7fd6dd15519f1930d2ae2f4f04666ffedc39dec54c933b79eb52db1a478f38e9ba1693522386cfb8d071d8eed0401ec46",,"2026-02-17T10:40:00.000","30","NO CONTROLS","NO CONTROLS","CLEAR","DAYLIGHT","ANGLE","ALLEY",,"STRAIGHT AND LEVEL","DRY","NO DEFECTS","NOT ON SCENE (DESK REPORT)","NO INJURY / DRIVE AWAY",,,,"OVER $1,500","2026-02-17T12:10:00.000","FAILING TO YIELD RIGHT-OF-WAY","NOT APPLICABLE","2739","N","RIDGEWAY AVE","2524",,,,,,,"2","NO INDICATION OF INJURY","0","0","0","0","0","2","0","10","3","2","41.9312156075","-87.7206960837","POINT (-87.720696083726 41.93121560753)"
"3652a6972137308f426a304190bd94dd676fcb988cc1389a7c6c3122df8f647de59d77f8654cfde26252e6e145c60e11d91585875aea9b42304a08793b81f267",,"2026-02-17T10:37:00.000","25","NO CONTROLS","NO CONTROLS","UNKNOWN","DAYLIGHT","PARKED MOTOR VEHICLE","ONE-WAY",,"STRAIGHT AND LEVEL","UNKNOWN","UNKNOWN","NOT ON SCENE (DESK REPORT)","NO INJURY / DRIVE AWAY",,,"Y","OVER $1,500","2026-02-20T08:30:00.000","UNABLE TO DETERMINE","NOT APPLICABLE","2351","W","MORSE AVE","2411",,,,,,,"2","NO INDICATION OF INJURY","0","0","0","0","0","1","0","10","3","2","42.0070500663","-87.6900142233","POINT (-87.690014223276 42.00705006626)"
"d58ce580b06855dabc7753e02179837a3e101abc1f743e184cfbc6048603bd943bb4c4b1cf954bebdb54adb6bd4f2f1fa6db416c010ea4dcaf90b8d51984f8a0",,"2026-02-17T10:36:00.000","30","NO CONTROLS","NO CONTROLS","CLEAR","DAYLIGHT","REAR TO SIDE","ONE-WAY",,"STRAIGHT AND LEVEL","UNKNOWN","UNKNOWN","NOT ON SCENE (DESK REPORT)","NO INJURY / DRIVE AWAY",,,,"$501 - $1,500","2026-02-17T10:50:00.000","UNABLE TO DETERMINE","NOT APPLICABLE","4627","S","WHIPPLE ST","922",,,,,,,"2","NO INDICATION OF INJURY","0","0","0","0","0","2","0","10","3","2","41.8091775262","-87.7001962121","POINT (-87.700196212068 41.809177526154)"
"bfb9b2d936d5f901055c41fa76a9e73493f310133540310d079247fcfb2cde759fed597d9669cf08f7d31f08013633c0ec779ce2621ee9d8c6fcba150e10e741",,"2026-02-17T10:35:00.000","20","NO CONTROLS","NO CONTROLS","CLEAR","DAYLIGHT","PARKED MOTOR VEHICLE","ONE-WAY",,"STRAIGHT AND LEVEL","DRY","NO DEFECTS","ON SCENE","NO INJURY / DRIVE AWAY",,,,"OVER $1,500","2026-02-17T10:36:00.000","NOT APPLICABLE","NOT APPLICABLE","2235","N","MARMORA AVE","2515",,,,,,,"2","NO INDICATION OF INJURY","0","0","0","0","0","1","0","10","3","2","41.9211632909","-87.7730415231","POINT (-87.773041523077 41.921163290947)"
"1a132c4b0e8d99ca776210a034e7184d808a192c365174ad020c63b66035d999eca74495d60aa745af10d84a9f5ede440426a73fa661f06995be6750bea7156a",,"2026-02-17T10:30:00.000","30","TRAFFIC SIGNAL","FUNCTIONING PROPERLY","UNKNOWN","UNKNOWN","REAR END","DIVIDED - W/MEDIAN (NOT RAISED)",,"STRAIGHT AND LEVEL","UNKNOWN","UNKNOWN","NOT ON SCENE (DESK REPORT)","NO INJURY / DRIVE AWAY","Y",,,"OVER $1,500","2026-02-17T14:45:00.000","FOLLOWING TOO CLOSELY","FOLLOWING TOO CLOSELY","3105","W","PETERSON AVE","2011",,,,,,,"2","NO INDICATION OF INJURY","0","0","0","0","0","2","0","10","3","2","41.9902849746","-87.7074819556","POINT (-87.707481955647 41.990284974551)"
"8d9740a29120db60a7b9f454926d76bc82fcca4a5aa98cbda9788765425d230f87a46c4e7f82ecd48d4367f562b7e677643d7f96d29b61f4992607c6bec6c716",,"2026-02-17T10:30:00.000","25","NO CONTROLS","NO CONTROLS","CLEAR","DAYLIGHT","TURNING","NOT DIVIDED",,"STRAIGHT AND LEVEL","UNKNOWN","UNKNOWN","NOT ON SCENE (DESK REPORT)","NO INJURY / DRIVE AWAY",,,,"OVER $1,500","2026-02-17T14:45:00.000","FAILING TO YIELD RIGHT-OF-WAY","NOT APPLICABLE","5501","W","FULLERTON AVE","2515",,,,,,,"2","NO INDICATION OF INJURY","0","0","0","0","0","2","0","10","3","2","41.9239011199","-87.7635874532","POINT (-87.763587453194 41.923901119853)"
"e61195c029a4b33460270fd4c248b5afef676ba8e5dffff226687dba2b81bcfdce4d634d128c631b92778e64bcc2bede6cc8883fe6a0397040bfa091da873c2d",,"2026-02-17T10:30:00.000","30","TRAFFIC SIGNAL","FUNCTIONING PROPERLY","CLEAR","DAYLIGHT","REAR END","NOT DIVIDED",,"STRAIGHT AND LEVEL","DRY","NO DEFECTS","NOT ON SCENE (DESK REPORT)","NO INJURY / DRIVE AWAY",,,"Y","$500 OR LESS","2026-02-17T15:05:00.000","FOLLOWING TOO CLOSELY","NOT APPLICABLE","2230","N","DOMINICK ST","1811",,,,,,,"2","NO INDICATION OF INJURY","0","0","0","0","0","2","0","10","3","2","41.9222202555","-87.6671034539","POINT (-87.667103453905 41.92222025546)"
"f7e214c1e3db23d7e6fe962d811e358a838f558f79e6f89e1f231b1a0ecd61d11001bb7cbd8a12ad57b7ca1ef23144d5c71cfe841c6a9fb932fa018bb4b6616f",,"2026-02-17T10:30:00.000","30","TRAFFIC SIGNAL","FUNCTIONING PROPERLY","CLEAR","DAYLIGHT","TURNING","NOT DIVIDED",,"STRAIGHT AND LEVEL","DRY","NO DEFECTS","ON SCENE","NO INJURY / DRIVE AWAY",,,,"OVER $1,500","2026-02-17T11:00:00.000","FOLLOWING TOO CLOSELY","DRIVING SKILLS/KNOWLEDGE/EXPERIENCE","710","W","TAYLOR ST","124",,,,,,,"2","NO INDICATION OF INJURY","0","0","0","0","0","2","0","10","3","2","41.8698023207","-87.6442636869","POINT (-87.644263686931 41.869802320718)"
"031ac233bf86d3f36d61723be9f03a4e3d7768dcd717e88de1ff7f10c57f3f3f403148a3918aeb3836c7c44189e86e9ca365fca1cb362d6b419edc51ee82d9a8",,"2026-02-17T10:25:00.000","35","NO CONTROLS","NO CONTROLS","UNKNOWN","UNKNOWN","PARKED MOTOR VEHICLE","NOT DIVIDED",,"STRAIGHT AND LEVEL","UNKNOWN","NO DEFECTS","ON SCENE","NO INJURY / DRIVE AWAY",,,"Y","OVER $1,500","2026-02-17T10:25:00.000","UNABLE TO DETERMINE","NOT APPLICABLE","1371","E","61ST ST","314",,,,,,,"2","NO INDICATION OF INJURY","0","0","0","0","0","1","0","10","3","2","41.7840993271","-87.5919079466","POINT (-87.591907946633 41.784099327125)"
"e1d3a1f2e14505dccf9e58c8791ff48cb519d9f8839aa0246bce01293c36483ab0169feb01041dffc392c9148a4fc5ef7f4e9186facd09c7cde61c424b532243",,"2026-02-17T10:15:00.000","30","NO CONTROLS","NO CONTROLS","CLEAR","DAYLIGHT","PARKED MOTOR VEHICLE","NOT DIVIDED",,"STRAIGHT AND LEVEL","DRY","NO DEFECTS","ON SCENE","INJURY AND / OR TOW DUE TO CRASH",,,,"OVER $1,500","2026-02-17T10:30:00.000","UNABLE TO DETERMINE","UNABLE TO DETERMINE","3541","W","107TH ST","2211",,,,,,,"3","NO INDICATION OF INJURY","0","0","0","0","0","1","0","10","3","2","41.698623172","-87.7100146981","POINT (-87.710014698127 41.698623171977)"
"3235e83b53222dfe71fac7aaeb8352de79f3e08dd7704647a045be2e2e7aba35e7dc3bcee22cd90e74218a959a28a1993fe73d4a768a93c67961235aca59bca8",,"2026-02-17T10:14:00.000","30","TRAFFIC SIGNAL","FUNCTIONING PROPERLY","CLEAR","DAYLIGHT","REAR END","NOT DIVIDED",,"STRAIGHT AND LEVEL","UNKNOWN","UNKNOWN","NOT ON SCENE (DESK REPORT)","NO INJURY / DRIVE AWAY",,,,"$501 - $1,500","2026-02-17T10:48:00.000","FOLLOWING TOO CLOSELY","UNABLE TO DETERMINE","3101","W","PETERSON AVE","2011",,,,,,,"2","NO INDICATION OF INJURY","0","0","0","0","0","2","0","10","3","2","41.9902849746","-87.7074819556","POINT (-87.707481955647 41.990284974551)"
"98b0fd34f4c07aaada1bc5a5d3a2569cf76203568792b0f4bf11be6e5aef239100a342e6652f16b7e24f9199efddb588e9bf249bb3cbb8394e89bed20c4b4ec1",,"2026-02-17T10:00:00.000","30","NO CONTROLS","NO CONTROLS","CLEAR","DAYLIGHT","PARKED MOTOR VEHICLE","NOT DIVIDED",,"STRAIGHT AND LEVEL","DRY","NO DEFECTS","NOT ON SCENE (DESK REPORT)","NO INJURY / DRIVE AWAY",,,"Y","OVER $1,500","2026-02-18T15:55:00.000","FAILING TO REDUCE SPEED TO AVOID CRASH","UNABLE TO DETERMINE","4700","W","FLOURNOY ST","1131",,,,,,,"2","NO INDICATION OF INJURY","0","0","0","0","0","1","0","10","3","2","41.8724190745","-87.742600422","POINT (-87.742600421981 41.872419074484)"
"21c58148654a12b97d881f724aa8c893a9e9ff7f89be390d0f31df5a354007d4783ac9fcab7714c8369685ca43ec41ff556c0728f5d34b8385b3f5340980f50f",,"2026-02-17T09:58:00.000","30","NO CONTROLS","NO CONTROLS","CLEAR","DAYLIGHT","PEDALCYCLIST","NOT DIVIDED",,"STRAIGHT AND LEVEL","UNKNOWN","UNKNOWN","NOT ON SCENE (DESK REPORT)","INJURY AND / OR TOW DUE TO CRASH",,,,"$501 - $1,500","2026-02-18T15:25:00.000","UNABLE TO DETERMINE","NOT APPLICABLE","550","W","ARMITAGE AVE","1812",,,"Y",,,,"2","NONINCAPACITATING INJURY","1","0","0","1","0","0","0","9","3","2","41.9183682282","-87.6432736086","POINT (-87.643273608553 41.918368228225)"
"6d2687cc8d57d7bb6fc4386e6227ff3ad9d3b9b3f0704b905ef37939559dfb9c69edf835d30388c6da593a522e83bf3a12a6dbb9660ae55f5e64f214986d0f96",,"2026-02-17T09:50:00.000","30","TRAFFIC SIGNAL","FUNCTIONING PROPERLY","CLEAR","DAYLIGHT","TURNING","FOUR WAY",,"STRAIGHT AND LEVEL","DRY","NO DEFECTS","ON SCENE","INJURY AND / OR TOW DUE TO CRASH","Y",,,"OVER $1,500","2026-02-17T09:57:00.000","IMPROPER TURNING/NO SIGNAL","NOT APPLICABLE","1700","W","WARREN BLVD","1224",,,,,,,"2","NO INDICATION OF INJURY","0","0","0","0","0","2","0","9","3","2","41.8824545117","-87.6693717117","POINT (-87.669371711668 41.882454511677)"
"cf7efb8d3c846f2da532c561bada142902b925f88dfa672e4a00871e7f861621e9adf0a46975562abc8e88c127292fa73d813c14e6158ae7fb4ef5208249930c",,"2026-02-17T09:48:00.000","30","TRAFFIC SIGNAL","UNKNOWN","CLEAR","DAYLIGHT","SIDESWIPE SAME DIRECTION","OTHER",,"STRAIGHT AND LEVEL","DRY","NO DEFECTS",,"NO INJURY / DRIVE AWAY",,,,"OVER $1,500","2026-02-17T10:15:00.000","IMPROPER BACKING","NOT APPLICABLE","2747","S","CALIFORNIA BLVD","1034",,,,,,,"2","NO INDICATION OF INJURY","0","0","0","0","0","2","0","9","3","2","41.8414934462","-87.6943009761","POINT (-87.694300976117 41.841493446244)"
"9c74fb6458cff8a7dbc29a85f91433caebaa530cfdc7f2c75a4a97fdcc7f7cc887848fdb6cc4fdd4e2992538fe238009e65a62d02a69bca9dab515c1540498df",,"2026-02-17T09:42:00.000","35","TRAFFIC SIGNAL","FUNCTIONING PROPERLY","CLOUDY/OVERCAST","DAYLIGHT","REAR TO SIDE","DIVIDED - W/MEDIAN BARRIER",,"STRAIGHT AND LEVEL","DRY","UNKNOWN",,"INJURY AND / OR TOW DUE TO CRASH",,,,"OVER $1,500","2026-02-17T09:42:00.000","IMPROPER OVERTAKING/PASSING","NOT APPLICABLE","1214","S","LAKE SHORE DR NB","132",,,,,,,"2","REPORTED, NOT EVIDENT","1","0","0","0","1","2","0","9","3","2","41.8671386109","-87.6194234392","POINT (-87.61942343919 41.867138610904)"
"d4409338f2d827887b7b779d304efb2729977e5b9ae42e7f46c97d0148ed01c6f6a0cd8070c84d283f3154fb574c705abec3f632d957230cd1ccbcd07c4efdb2",,"2026-02-17T09:39:00.000","30","TRAFFIC SIGNAL","FUNCTIONING PROPERLY","CLEAR","DAYLIGHT","TURNING","T-INTERSECTION",,"STRAIGHT AND LEVEL","DRY","NO DEFECTS","ON SCENE","NO INJURY / DRIVE AWAY","Y",,,"$500 OR LESS","2026-02-17T09:39:00.000","DISREGARDING TRAFFIC SIGNALS","UNABLE TO DETERMINE","4500","W","LAKE ST","1113",,,,,,,"2","NO INDICATION OF INJURY","0","0","0","0","0","3","0","9","3","2","41.8862827142","-87.7382065929","POINT (-87.738206592881 41.886282714158)"
"60f9dba8f97fb7c87159cc4ce0bdfca33928067a4a56b7a6c735d8533c6909f460e9457488d4f2301cd40eabf8c91c90aca44339dca9343372a3a24adc997821",,"2026-02-17T09:35:00.000","30","TRAFFIC SIGNAL","NO CONTROLS","CLEAR","DAYLIGHT","SIDESWIPE SAME DIRECTION","FOUR WAY",,"STRAIGHT AND LEVEL","DRY","NO DEFECTS","ON SCENE","NO INJURY / DRIVE AWAY","Y",,,"OVER $1,500","2026-02-17T11:25:00.000","IMPROPER OVERTAKING/PASSING","IMPROPER OVERTAKING/PASSING","6202","N","BROADWAY","2433",,,,,,,"2","NO INDICATION OF INJURY","0","0","0","0","0","2","0","9","3","2","41.9946963171","-87.6605570688","POINT (-87.660557068778 41.994696317116)"