"crash_record_id","crash_date_est_i","crash_date","posted_speed_limit","traffic_control_device","device_condition","weather_condition","lighting_condition","first_crash_type","trafficway_type","lane_cnt","alignment","roadway_surface_cond","road_defect","report_type","crash_type","intersection_related_i","private_property_i","hit_and_run_i","damage","date_police_notified","prim_contributory_cause","sec_contributory_cause","street_no","street_direction","street_name","beat_of_occurrence","photos_taken_i","statements_taken_i","dooring_i","work_zone_i","work_zone_type","workers_present_i","num_units","most_severe_injury","injuries_total","injuries_fatal","injuries_incapacitating","injuries_non_incapacitating","injuries_reported_not_evident","injuries_no_indication","injuries_unknown","crash_hour","crash_day_of_week","crash_month","latitude","longitude","location"
"77899208aabcdbfa1c7d7da14505cf8ab7af8399dd0421860b3db4d01fae78b42e80285a4fe309e8e69341db827b83e930e572c046a79d16180c63d95eab5be9",,"2026-02-17T09:35:00.000","30","STOP SIGN/FLASHER","FUNCTIONING PROPERLY","CLEAR","DAYLIGHT","ANGLE","NOT DIVIDED",,"STRAIGHT AND LEVEL","DRY","NO DEFECTS","ON SCENE","NO INJURY / DRIVE AWAY","Y",,,"OVER $1,500","2026-02-17T09:40:00.000","UNABLE TO DETERMINE","NOT APPLICABLE","2701","N","CENTRAL AVE","2514",,,,,,,"2","NO INDICATION OF INJURY","0","0","0","0","0","2","0","9","3","2","41.9295011583","-87.7660364151","POINT (-87.766036415133 41.929501158303)"
"ec655f4516264bb7fe67f58e8132aacde9456878d645baab33760c1d95e908fd0da9b4190cce335d14c4d519524f7f7112e1a9667fcafa5d920d7f7926cd5ac2",,"2026-02-17T09:31:00.000","30","TRAFFIC SIGNAL","FUNCTIONING PROPERLY","CLEAR","DAYLIGHT","FIXED OBJECT","NOT DIVIDED",,"STRAIGHT AND LEVEL","DRY","NO DEFECTS","ON SCENE","NO INJURY / DRIVE AWAY",,,,"OVER $1,500","2026-02-17T09:40:00.000","UNABLE TO DETERMINE","UNABLE TO DETERMINE","13612","S","BRAINARD AVE","433",,,,,,,"2","NO INDICATION OF INJURY","0","0","0","0","0","2","0","9","3","2","41.6477799914","-87.5452178125","POINT (-87.545217812537 41.647779991424)"
"3e36306015ffb681010ef50e8341f2d3b672842f8417289de380da276a78380509840f2d13b1b544a2978bdd3840fb91f21dd8499f374960e94085854785b1b2",,"2026-02-17T09:30:00.000","30","UNKNOWN","UNKNOWN","CLEAR","DAYLIGHT","REAR END","ROUNDABOUT",,"STRAIGHT AND LEVEL","DRY","UNKNOWN",,"INJURY AND / OR TOW DUE TO CRASH","Y","N",,"OVER $1,500","2026-02-17T09:30:00.000","FAILING TO REDUCE SPEED TO AVOID CRASH","OPERATING VEHICLE IN ERRATIC, RECKLESS, CARELESS, NEGLIGENT OR AGGRESSIVE MANNER","4100","W","GLADYS AVE","1132",,,,,,,"3","NONINCAPACITATING INJURY","2","0","0","1","1","0","0","9","3","2","41.8762554728","-87.7280927107","POINT (-87.728092710651 41.876255472833)"
"416b4287d91739d76cd13ffec921766ea1e627821844b2bd810b2437edebb538589a6ba31b82ed013de4b574e97615dadfc1b535dc1e846fe3f283a33dd44c83",,"2026-02-17T09:25:00.000","30","NO CONTROLS","NO CONTROLS","CLEAR","DAYLIGHT","TURNING","FOUR WAY",,"STRAIGHT AND LEVEL","DRY","NO DEFECTS","ON SCENE","INJURY AND / OR TOW DUE TO CRASH","Y",,,"OVER $1,500","2026-02-17T09:29:00.000","FAILING TO YIELD RIGHT-OF-WAY","FAILING TO REDUCE SPEED TO AVOID CRASH","5300","S","WESTERN BLVD","923",,,,,,,"2","NONINCAPACITATING INJURY","1","0","0","1","0","2","0","9","3","2","41.7974176227","-87.6837111872","POINT (-87.683711187209 41.79741762265)"
"24e39313bd22a4673ba1d9861d4bcce5c8bdaf0aa23a0b06084e6c7a7a1c4a95873743357f620c1ba1dbde97d82cffaf97f9ff329f4281666615a5c1499c43b1",,"2026-02-17T09:23:00.000","30","NO CONTROLS","NO CONTROLS","CLEAR","DAYLIGHT","REAR END","NOT DIVIDED",,"STRAIGHT AND LEVEL","DRY","NO DEFECTS","ON SCENE","NO INJURY / DRIVE AWAY",,,,"OVER $1,500","2026-02-17T09:40:00.000","UNABLE TO DETERMINE","UNABLE TO DETERMINE","706","S","KOSTNER AVE","1131",,,,,,,"3","NO INDICATION OF INJURY","0","0","0","0","0","2","0","9","3","2","41.8721923291","-87.7353255347","POINT (-87.735325534742 41.872192329073)"
"4dbcb9195a87b0b283570dedfe2b400ef7e384a51021504775741ad212df1ca6d48fc819bc44a80b523eac4467bea4544308eafe2418f9ffaf72e79582cbb139",,"2026-02-17T09:23:00.000","30","TRAFFIC SIGNAL","FUNCTIONING PROPERLY","CLEAR","DAYLIGHT","SIDESWIPE SAME DIRECTION","FOUR WAY",,"STRAIGHT AND LEVEL","DRY","NO DEFECTS","NOT ON SCENE (DESK REPORT)","NO INJURY / DRIVE AWAY","Y",,"Y","OVER $1,500","2026-02-17T10:30:00.000","IMPROPER OVERTAKING/PASSING","IMPROPER TURNING/NO SIGNAL","6001","N","WESTERN AVE","2413",,,,,,,"2","NO INDICATION OF INJURY","0","0","0","0","0","2","0","9","3","2","41.9905912645","-87.6895282896","POINT (-87.689528289597 41.990591264485)"
"32faffc8249d5d688b169f03b70546b25e2d7f114d2ca7a4eea4c98f7b3c44355d000447cb645469b89c48e5bf624f25cc41d02f6c490f9f0b74c9ed1bc15d8d",,"2026-02-17T09:20:00.000","35","UNKNOWN","UNKNOWN","CLEAR","DAYLIGHT","SIDESWIPE OPPOSITE DIRECTION","ONE-WAY",,"STRAIGHT AND LEVEL","DRY","UNKNOWN","NOT ON SCENE (DESK REPORT)","NO INJURY / DRIVE AWAY",,,"Y","OVER $1,500","2026-02-17T11:20:00.000","NOT APPLICABLE","NOT APPLICABLE","2657","S","KEDZIE AVE","1033",,,,,,,"2","NO INDICATION OF INJURY","0","0","0","0","0","2","0","9","3","2","41.8428471515","-87.704843198","POINT (-87.704843198003 41.842847151458)"
"4d343a970d860a013aa0faa4ad6752501462f40e311103ee1cb19bcad9739c961b51cde4c4758aee1dd444f71c6617f432e8ec53389fcac02d82567d88aebd30",,"2026-02-17T09:18:00.000","20","NO CONTROLS","NO CONTROLS","CLOUDY/OVERCAST","DAYLIGHT","TURNING","NOT DIVIDED",,"STRAIGHT AND LEVEL","DRY","UNKNOWN","ON SCENE","NO INJURY / DRIVE AWAY",,,,"OVER $1,500","2026-02-17T09:35:00.000","UNABLE TO DETERMINE","NOT APPLICABLE","301","S","PLYMOUTH CT","113",,,,,,,"2","NO INDICATION OF INJURY","0","0","0","0","0","2","0","9","3","2","41.8781127032","-87.6286027934","POINT (-87.628602793422 41.878112703189)"
"a7e6c48bff664f2dc3a527715927c785b127aeb92708e30bc6b414316ea4ca95482a96e3740c77eed796bd7927a6117fd165c51d6c77bffadbfe72195e068854",,"2026-02-17T09:15:00.000","30","NO CONTROLS","NO CONTROLS","CLEAR","DAYLIGHT","REAR END","NOT DIVIDED",,"STRAIGHT AND LEVEL","DRY","NO DEFECTS",,"INJURY AND / OR TOW DUE TO CRASH",,,,"OVER $1,500","2026-02-17T09:15:00.000","FAILING TO REDUCE SPEED TO AVOID CRASH","FAILING TO REDUCE SPEED TO AVOID CRASH","319","W","63RD ST","722",,,,,,,"2","NO INDICATION OF INJURY","0","0","0","0","0","2","0","9","3","2","41.7798279976","-87.6333887667","POINT (-87.633388766707 41.779827997617)"
"d42caafebe93685034134c0d8cf04447b03ae89fc106a461a6b1b139ff9c0b7c4f474c849b67b83d1fd067f4ce8316696b43b52e580a7dcceeba161179cbfede",,"2026-02-17T09:10:00.000","30","TRAFFIC SIGNAL","FUNCTIONING PROPERLY","CLEAR","DAYLIGHT","TURNING","DIVIDED - W/MEDIAN (NOT RAISED)",,"STRAIGHT AND LEVEL","DRY","NO DEFECTS","NOT ON SCENE (DESK REPORT)","NO INJURY / DRIVE AWAY",,,"Y","$501 - $1,500","2026-02-17T10:00:00.000","IMPROPER TURNING/NO SIGNAL","FAILING TO YIELD RIGHT-OF-WAY","2401","N","CICERO AVE","2521",,,,,,,"2","NO INDICATION OF INJURY","0","0","0","0","0","3","0","9","3","2","41.9242888488","-87.7461563112","POINT (-87.746156311176 41.924288848756)"
"1160c5516bc208e54919a1331d64ecc120a4b30703fe4c45eedd829123263ce8a37a8cf72f67c86bbe882b4b24e2c9eb9e7f26456d97e5f93ca26ba184e325b7",,"2026-02-17T09:00:00.000","30","NO CONTROLS","NO CONTROLS","CLEAR","DAYLIGHT","SIDESWIPE SAME DIRECTION","DIVIDED - W/MEDIAN (NOT RAISED)",,"STRAIGHT AND LEVEL","DRY","UNKNOWN","NOT ON SCENE (DESK REPORT)","NO INJURY / DRIVE AWAY",,,"Y","OVER $1,500","2026-02-17T13:00:00.000","UNABLE TO DETERMINE","NOT APPLICABLE","1010","N","NOBLE ST","1213",,,,,,,"2","NO INDICATION OF INJURY","0","0","0","0","0","2","0","9","3","2","41.9001947995","-87.6626646229","POINT (-87.662664622882 41.900194799495)"
"9d0a951a0a4fa18dde1fcd26be76cdcf227f5af480c07d2fb4a9b898b5f916cf109a46d9a980b7ca7c86a8e70ed47aea3209d3ca80ce20add6c2a1e6457288f7",,"2026-02-17T09:00:00.000","30","NO CONTROLS","UNKNOWN","CLEAR","DAYLIGHT","REAR TO SIDE","FOUR WAY",,"STRAIGHT AND LEVEL","DRY","NO DEFECTS","NOT ON SCENE (DESK REPORT)","NO INJURY / DRIVE AWAY",,,,"$501 - $1,500","2026-02-17T16:30:00.000","FAILING TO YIELD RIGHT-OF-WAY","NOT APPLICABLE","1458","S","CANAL ST","124",,,,,,,"2","NO INDICATION OF INJURY","0","0","0","0","0","2","0","9","3","2","41.8619488347","-87.6392211397","POINT (-87.639221139667 41.86194883473)"
"021c2090dcbbbe726c5cebb245e7204b9461327e45188a3ebf97d2ab7dc763af26901d240995102482b6e509cf6ce46de62d32f59900dbb731ab112bde2d10b7",,"2026-02-17T08:46:00.000","30","NO CONTROLS","NO CONTROLS","CLEAR","DAYLIGHT","REAR END","OTHER",,"STRAIGHT AND LEVEL","DRY","NO DEFECTS","NOT ON SCENE (DESK REPORT)","NO INJURY / DRIVE AWAY",,,"Y","$501 - $1,500","2026-02-27T22:00:00.000","FOLLOWING TOO CLOSELY","UNABLE TO DETERMINE","2200","N","LAKE SHORE DR SB","1814",,,,,,,"2","NO INDICATION OF INJURY","0","0","0","0","0","2","0","8","3","2","41.9221207966","-87.6302432603","POINT (-87.630243260328 41.922120796559)"
"b5317245884dae30eed216f15c3171adaf96762ddf61ea980a2c349c7dd25ca8df9428261bc573483f6d55c96c3720f9bc9790026e81c698f3b7b8dcf3d23d66",,"2026-02-17T08:45:00.000","25","UNKNOWN","UNKNOWN","UNKNOWN","DAYLIGHT","OTHER NONCOLLISION","DIVIDED - W/MEDIAN (NOT RAISED)",,"STRAIGHT AND LEVEL","DRY","RUT, HOLES","NOT ON SCENE (DESK REPORT)","NO INJURY / DRIVE AWAY",,,,"OVER $1,500","2026-02-25T07:55:00.000","UNABLE TO DETERMINE","NOT APPLICABLE","1329","N","MILWAUKEE AVE","1433",,,,,,,"1","NO INDICATION OF INJURY","0","0","0","0","0","1","0","8","3","2","41.9060947231","-87.6705407524","POINT (-87.670540752393 41.906094723098)"
"f491fc2a6fa9ff653a506aad6f8e4dfad2313ccdeb337d02fbac0e012a7e1be2fcfbac44eefb90250414fb01c63723c2d5f599a453ebe703d41b3f08c18ad4e7",,"2026-02-17T08:45:00.000","30","NO CONTROLS","NO CONTROLS","CLOUDY/OVERCAST","DAYLIGHT","ANGLE","NOT DIVIDED",,"STRAIGHT AND LEVEL","DRY","NO DEFECTS","NOT ON SCENE (DESK REPORT)","NO INJURY / DRIVE AWAY",,,,"OVER $1,500","2026-02-17T17:18:00.000","FOLLOWING TOO CLOSELY","NOT APPLICABLE","6625","N","CALDWELL AVE","1621",,,,,,,"2","NO INDICATION OF INJURY","0","0","0","0","0","2","0","8","3","2","42.0013708099","-87.7751711063","POINT (-87.775171106337 42.001370809879)"
"f6012874d4813c9ad3a205a7f29fed5dce80d5efc2d90c4a0fe9f886c28c653406693188df4ca4c3a0be22a6c4534b99d94b9a6fb8033cb86afa75f02459e887",,"2026-02-17T08:45:00.000","10","UNKNOWN","UNKNOWN","UNKNOWN","UNKNOWN","PARKED MOTOR VEHICLE","PARKING LOT",,"STRAIGHT AND LEVEL","UNKNOWN","UNKNOWN",,"NO INJURY / DRIVE AWAY",,,,"OVER $1,500","2026-02-17T17:15:00.000","UNABLE TO DETERMINE","UNABLE TO DETERMINE","845","W","WILSON AVE","1914",,,,,,,"2","NO INDICATION OF INJURY","0","0","0","0","0","1","0","8","3","2","41.9653665321","-87.6517602437","POINT (-87.651760243707 41.96536653209)"
"033c6c9bfdcf2c29cb14b70515263c866055c06852d267a9fe833e71d784046e10e17e8f5b346b60e73bdca8b8ad31238a2093650ffdd72c659a4b8108cd2ef1",,"2026-02-17T08:40:00.000","35","TRAFFIC SIGNAL","FUNCTIONING PROPERLY","CLEAR","DAYLIGHT","REAR END","ONE-WAY",,"STRAIGHT AND LEVEL","DRY","NO DEFECTS","NOT ON SCENE (DESK REPORT)","NO INJURY / DRIVE AWAY",,,,"$500 OR LESS","2026-02-17T09:30:00.000","UNABLE TO DETERMINE","UNABLE TO DETERMINE","465","N","DESPLAINES ST","1214",,,,,,,"2","NO INDICATION OF INJURY","0","0","0","0","0","2","0","8","3","2","41.8910092733","-87.6442158574","POINT (-87.644215857448 41.891009273334)"
"05a91e86969c34812b9db8ad7e279db11133ee9a3074a1195715a1fe5424163ef66295d985c3e9d7bbf75a582b614ed57af4294eb2e57c4cba497d98400d69dc",,"2026-02-17T08:39:00.000","30","NO CONTROLS","NO CONTROLS","CLEAR","DAYLIGHT","SIDESWIPE SAME DIRECTION","DIVIDED - W/MEDIAN (NOT RAISED)",,"STRAIGHT AND LEVEL","UNKNOWN","UNKNOWN","ON SCENE","NO INJURY / DRIVE AWAY",,,,"$501 - $1,500","2026-02-17T08:41:00.000","DRIVING SKILLS/KNOWLEDGE/EXPERIENCE","NOT APPLICABLE","4036","W","MONTROSE AVE","1722",,,,,,,"2","NO INDICATION OF INJURY","0","0","0","0","0","3","0","8","3","2","41.9610408598","-87.7293673226","POINT (-87.729367322596 41.96104085984)"
"424c6cf752b2e9a2c8b0779437620d9dfad7768811dfd2f7491f73e5c35ee7e490a0ad111f817b51ccc861cfb6518f05c4311afff49898024bd80525cf4cec67",,"2026-02-17T08:35:00.000","30","NO CONTROLS","NO CONTROLS","CLEAR","DAYLIGHT","TURNING","NOT DIVIDED",,"STRAIGHT AND LEVEL","DRY","UNKNOWN","ON SCENE","NO INJURY / DRIVE AWAY",,,"Y","$501 - $1,500","2026-02-17T08:50:00.000","UNABLE TO DETERMINE","NOT APPLICABLE","800","N","ORLEANS ST","1823",,,,,,,"2","NO INDICATION OF INJURY","0","0","0","0","0","2","0","8","3","2","41.8965911301","-87.6373192669","POINT (-87.637319266853 41.896591130052)"
"eda5e7ebe3c5f3f6a3e32d33847e2e47e3130506c870e4e9cf3b77d9120b7cfce840ef47bb72e5947801c1f745b4a62d8cb55d17924ce304b6e245a78bd25e0f",,"2026-02-17T08:33:00.000","10","NO CONTROLS","NO CONTROLS","CLEAR","DAYLIGHT","REAR END","PARKING LOT",,"STRAIGHT AND LEVEL","DRY","UNKNOWN",,"NO INJURY / DRIVE AWAY",,,"Y","$500 OR LESS","2026-02-17T08:33:00.000","FOLLOWING TOO CLOSELY","NOT APPLICABLE","1101","S","HAMILTON AVE","1225",,"N",,,,,"2","NO INDICATION OF INJURY","0","0","0","0","0","2","0","8","3","2","41.86781446","-87.6801597451","POINT (-87.680159745109 41.867814459985)"
"d6b41b24239383e5f61fac987798642040edff716b72e696770503747bdc5f0d558bb323b4c0bca4e5b6a2a2c310643340d275652c7843548f64a46f185e5788",,"2026-02-17T08:20:00.000","30","TRAFFIC SIGNAL","FUNCTIONING PROPERLY","CLEAR","DAYLIGHT","SIDESWIPE SAME DIRECTION","NOT DIVIDED",,"STRAIGHT AND LEVEL","DRY","NO DEFECTS","ON SCENE","NO INJURY / DRIVE AWAY","Y",,,"OVER $1,500","2026-02-17T09:01:00.000","UNABLE TO DETERMINE","UNABLE TO DETERMINE","3799","N","CENTRAL AVE","1633",,,,,,,"2","NO INDICATION OF INJURY","0","0","0","0","0","4","0","8","3","2","41.9494862874","-87.7667317602","POINT (-87.766731760208 41.949486287426)"
"f27e77975a0006940d0c7fa98d4ab74ac1cb6df7c08d59d321c40ad26019d9b766b2d710dfcec42d3a357edef8aad20420ba45db83628e2c0e4b409e1ba67a70",,"2026-02-17T08:20:00.000","30","NO CONTROLS","NO CONTROLS","CLEAR","DAYLIGHT","PARKED MOTOR VEHICLE","ONE-WAY",,"STRAIGHT AND LEVEL","DRY","UNKNOWN","ON SCENE","NO INJURY / DRIVE AWAY",,,,"OVER $1,500","2026-02-17T08:50:00.000","IMPROPER BACKING","UNABLE TO DETERMINE","3199","W","BARRY AVE","1411",,,,,,,"2","NO INDICATION OF INJURY","0","0","0","0","0","2","0","8","3","2","41.9374032252","-87.7075189327","POINT (-87.7075189327 41.937403225167)"
"3df826678986333d0001250b095ee3e4ec96a7e40d45be44c18de0256e6ad8b3c7b2b719b950f4123d481f354ab97c078ca7f996971e2d890299c0b00b9a2620",,"2026-02-17T08:15:00.000","20","NO CONTROLS","NO CONTROLS","CLEAR","DAYLIGHT","SIDESWIPE SAME DIRECTION","ONE-WAY",,"STRAIGHT AND LEVEL","UNKNOWN","UNKNOWN","NOT ON SCENE (DESK REPORT)","NO INJURY / DRIVE AWAY",,,,"OVER $1,500","2026-02-17T09:13:00.000","FAILING TO YIELD RIGHT-OF-WAY","UNABLE TO DETERMINE","920","W","LAKESIDE PL","1914",,,,,,,"2","NO INDICATION OF INJURY","0","0","0","0","0","2","0","8","3","2","41.9683187679","-87.6534092437","POINT (-87.653409243685 41.968318767855)"
"acd257ced8c840d010885e946ac979075ede10a424fa2224fc73f1c03bf905d761403d23a7836ed6e009beed62831fbfb1910cf8c1455bbf6df9702e86eda464",,"2026-02-17T08:09:00.000","25","NO CONTROLS","NO CONTROLS","CLEAR","DAYLIGHT","ANGLE","ONE-WAY",,"STRAIGHT AND LEVEL","DRY","NO DEFECTS","ON SCENE","NO INJURY / DRIVE AWAY",,,,"OVER $1,500","2026-02-17T08:10:00.000","UNABLE TO DETERMINE","NOT APPLICABLE","55","S","KILDARE AVE","1115",,,,,,,"2","NO INDICATION OF INJURY","0","0","0","0","0","2","0","8","3","2","41.8797240543","-87.7328474953","POINT (-87.732847495272 41.879724054307)"
"be398b19ee9afa8db8185c715b9116fc0b4819c60fb3bbc76cdb58b5e224e8094089eb72fe0691cb0227dc262c91e6013dbbf9bcb59265db221c74cb307ec9e4",,"2026-02-17T08:07:00.000","30","TRAFFIC SIGNAL","FUNCTIONING PROPERLY","CLEAR","DAYLIGHT","REAR END","NOT DIVIDED",,"STRAIGHT AND LEVEL","DRY","NO DEFECTS","NOT ON SCENE (DESK REPORT)","NO INJURY / DRIVE AWAY","Y",,"Y","OVER $1,500","2026-02-17T08:30:00.000","FOLLOWING TOO CLOSELY","NOT APPLICABLE","1216","W","DIVISION ST","1433",,,,,,,"2","NO INDICATION OF INJURY","0","0","0","0","0","2","0","8","3","2","41.9036105105","-87.6580618483","POINT (-87.658061848287 41.903610510512)"
"0d6fba1a251d2991a7ed5c29b621af5d54a30b48f945f9eba22b8136cfd18784f33c6f65f8afed5a4781b6b3e01269520f3e80b0a936fc0cc07a4d5c578d493c",,"2026-02-17T08:00:00.000","30","NO CONTROLS","NO CONTROLS","CLEAR","UNKNOWN","PARKED MOTOR VEHICLE","DIVIDED - W/MEDIAN (NOT RAISED)",,"STRAIGHT AND LEVEL","DRY","UNKNOWN","NOT ON SCENE (DESK REPORT)","NO INJURY / DRIVE AWAY",,,"Y","OVER $1,500","2026-02-17T15:20:00.000","UNABLE TO DETERMINE","NOT APPLICABLE","2222","W","ARMITAGE AVE","1432",,,,,,,"2","NO INDICATION OF INJURY","0","0","0","0","0","1","0","8","3","2","41.9177515081","-87.6834772892","POINT (-87.683477289199 41.917751508136)"
"3498ba42bb64198e07c71310f683b944db0e8ee7dbe13239d800d258ba9392fcb298b6a922b5bcbfd694e79ce300b4d63d741ab02a7a2dae08e412dd81af635d",,"2026-02-17T08:00:00.000","20","NO CONTROLS","NO CONTROLS","UNKNOWN","UNKNOWN","PARKED MOTOR VEHICLE","ONE-WAY",,"STRAIGHT AND LEVEL","UNKNOWN","UNKNOWN","ON SCENE","NO INJURY / DRIVE AWAY",,,"Y","OVER $1,500","2026-02-17T09:19:00.000","UNABLE TO DETERMINE","NOT APPLICABLE","216","S","WASHTENAW AVE","1125",,,,,,,"2","NO INDICATION OF INJURY","0","0","0","0","0","1","0","8","3","2","41.8777777935","-87.693949784","POINT (-87.693949783974 41.877777793452)"
"e03cf33fc5809021d04258047614bf54cf58cc033f18a11ea96a182be05a6c237477691002a14a8b44497f144e5235d297908fe2b7bd756d6da4596c4fc8bffb",,"2026-02-17T07:55:00.000","25","TRAFFIC SIGNAL","FUNCTIONING PROPERLY","CLEAR","DAYLIGHT","REAR END","NOT DIVIDED",,"STRAIGHT AND LEVEL","DRY","NO DEFECTS","NOT ON SCENE (DESK REPORT)","NO INJURY / DRIVE AWAY","Y",,,"OVER $1,500","2026-02-18T08:30:00.000","FAILING TO REDUCE SPEED TO AVOID CRASH","FOLLOWING TOO CLOSELY","2400","N","ORCHARD ST","1935",,,,,,,"2","NO INDICATION OF INJURY","0","0","0","0","0","2","0","7","3","2","41.9255508985","-87.6464848417","POINT (-87.646484841682 41.925550898464)"
"be6006da664a50c6917193e0a5f17aea437d168df17674de53424f36826a5b4abb1edb7d06cd7a07e130f7ccbabd438f2736eed1088845612114680c7abb4ee8",,"2026-02-17T07:50:00.000","30","NO CONTROLS","NO CONTROLS","CLEAR","DAYLIGHT","REAR END","NOT DIVIDED",,"STRAIGHT AND LEVEL","DRY","NO DEFECTS","ON SCENE","NO INJURY / DRIVE AWAY",,,"Y","$501 - $1,500","2026-02-17T07:53:00.000","FAILING TO YIELD RIGHT-OF-WAY","FAILING TO YIELD RIGHT-OF-WAY","5698","W","ADDISON ST","1633",,,,,,,"2","NO INDICATION OF INJURY","0","0","0","0","0","2","0","7","3","2","41.9459612705","-87.7690715628","POINT (-87.769071562849 41.945961270496)"
"f6bb3e5c8dd4a59704e3767f702ad99df1e147d89422566fdbc7c3175b0257450389bf798f03cb77818b4f93a9930467da9e950cad4f6c46bcb6582d2f37b501",,"2026-02-17T07:50:00.000","35","TRAFFIC SIGNAL","FUNCTIONING PROPERLY","CLEAR","DAYLIGHT","SIDESWIPE SAME DIRECTION","ONE-WAY",,"STRAIGHT AND LEVEL","DRY","NO DEFECTS","NOT ON SCENE (DESK REPORT)","NO INJURY / DRIVE AWAY",,,,"$500 OR LESS","2026-02-17T08:34:00.000","UNABLE TO DETERMINE","UNABLE TO DETERMINE","100","E","ONTARIO ST","1834",,,,,,,"2","NO INDICATION OF INJURY","0","0","0","0","0","2","0","7","3","2","41.8934261467","-87.6253620246","POINT (-87.625362024568 41.893426146708)"
"1d24b4e8f915646cf1cb321526d3bce5baeb2ab29fc5405414780723c703074006cb51eff339d9f7435de3c5788f535d717f6caa09b2ff2e49cddf6630bfb142",,"2026-02-17T07:45:00.000","30","NO CONTROLS","NO CONTROLS","CLEAR","DAYLIGHT","PARKED MOTOR VEHICLE","NOT DIVIDED",,"STRAIGHT AND LEVEL","DRY","NO DEFECTS","NOT ON SCENE (DESK REPORT)","NO INJURY / DRIVE AWAY",,,,"$501 - $1,500","2026-02-17T09:15:00.000","UNABLE TO DETERMINE","NOT APPLICABLE","2719","W","DIVISION ST","1211",,,,,,,"2","NO INDICATION OF INJURY","0","0","0","0","0","1","0","7","3","2","41.9028301286","-87.6952251593","POINT (-87.695225159299 41.902830128566)"
"dbfafb00324a8ce8269130251c7bba0f247c68493cfb0eb080d98e4e9641a10ed3873dfc541a7f0998aa1579009c775dbc3fcd7e2b602cc8f8243d61729cb2f7",,"2026-02-17T07:45:00.000","30","NO CONTROLS","NO CONTROLS","CLEAR","DAYLIGHT","REAR END","NOT DIVIDED",,"STRAIGHT AND LEVEL","DRY","NO DEFECTS",,"INJURY AND / OR TOW DUE TO CRASH",,,"Y","OVER $1,500","2026-02-17T07:48:00.000","UNABLE TO DETERMINE","UNABLE TO DETERMINE","4437","W","OGDEN AVE","1013",,,,,,,"3","NONINCAPACITATING INJURY","1","0","0","1","0","3","0","7","3","2","41.8470984715","-87.7356814866","POINT (-87.735681486595 41.847098471461)"
"e66ea6e8aaeda4fe2efc18c9b7f08497663507bc5eac443772fa6f2ff0367cf7371960a05884b90df11ea62f08aa3723a6f4f592f9352e8f7b5208475104095e",,"2026-02-17T07:45:00.000","15","NO CONTROLS","NO CONTROLS","CLEAR","DAYLIGHT","SIDESWIPE OPPOSITE DIRECTION","PARKING LOT",,"STRAIGHT AND LEVEL","DRY","NO DEFECTS","NOT ON SCENE (DESK REPORT)","NO INJURY / DRIVE AWAY",,"Y",,"OVER $1,500","2026-02-17T08:40:00.000","DISTRACTION - FROM OUTSIDE VEHICLE","NOT APPLICABLE","4800","W","CHICAGO AVE","1531",,,,,,,"2","NO INDICATION OF INJURY","0","0","0","0","0","2","0","7","3","2","41.8951122186","-87.745932427","POINT (-87.745932427015 41.895112218578)"
"d9eaac6ae80de17e976f825fb4fc40a7048db6c2a6f8d9442d2443bac3daa804b4a9aadb835d8812214aad870d96cb9b0c024a17ddd6e6737a804da86bfb62f3",,"2026-02-17T07:39:00.000","30","TRAFFIC SIGNAL","FUNCTIONING PROPERLY","CLEAR","DAYLIGHT","REAR END","ONE-WAY",,"STRAIGHT AND LEVEL","UNKNOWN","UNKNOWN",,"NO INJURY / DRIVE AWAY","Y",,,"OVER $1,500","2026-02-18T19:45:00.000","UNABLE TO DETERMINE","UNABLE TO DETERMINE","1801","S","RUBLE ST","1235",,,,,,,"2","NO INDICATION OF INJURY","0","0","0","0","0","2","0","7","3","2","41.857561735","-87.6436330351","POINT (-87.643633035062 41.85756173496)"
"8206a85a494c48eaa2b1ef7bb0dcd3d2b714c85f168f6d1eed12ef0a43895c6766af312c91faf0594e8584efb9eb4c21442a50941983423b51e8abac04595605",,"2026-02-17T07:35:00.000","30","NO CONTROLS","NO CONTROLS","CLEAR","DAYLIGHT","SIDESWIPE SAME DIRECTION","NOT DIVIDED",,"STRAIGHT AND LEVEL","DRY","NO DEFECTS","ON SCENE","NO INJURY / DRIVE AWAY",,,,"OVER $1,500","2026-02-17T07:44:00.000","FAILING TO YIELD RIGHT-OF-WAY","NOT APPLICABLE","220","N","PULASKI RD","1114",,,,,,,"2","NO INDICATION OF INJURY","0","0","0","0","0","2","0","7","3","2","41.8841183113","-87.7259130108","POINT (-87.725913010786 41.884118311254)"
"b24c9ecf9b0dda35988144654932f2922aa00baf5bdd70a7b8fee914ee4a6e2672c0c83d6b0b7480e379904e86d39ab05f9763ffc7920b901e0f61bf9be94bad",,"2026-02-17T07:32:00.000","30","NO CONTROLS","NO CONTROLS","CLEAR","DAYLIGHT","TURNING","TRAFFIC ROUTE",,"STRAIGHT AND LEVEL","DRY","NO DEFECTS","ON SCENE","INJURY AND / OR TOW DUE TO CRASH","Y",,,"OVER $1,500","2026-02-17T07:32:00.000","UNABLE TO DETERMINE","UNABLE TO DETERMINE","4545","W","LAKE ST","1113",,,,,,,"2","NONINCAPACITATING INJURY","1","0","0","1","0","1","0","7","3","2","41.8861672627","-87.7399492872","POINT (-87.739949287175 41.886167262706)"
"7287e96a9878970820cda13268d66ffe1923011c54d4cca1b9ba587ad134f17807f6f5488705abad77880c143f93a2d09811d4a3f6a3707e195295a0654d33db",,"2026-02-17T07:30:00.000","30","TRAFFIC SIGNAL","FUNCTIONING PROPERLY","CLEAR","DAWN","TURNING","DIVIDED - W/MEDIAN (NOT RAISED)",,"STRAIGHT AND LEVEL","UNKNOWN","UNKNOWN","NOT ON SCENE (DESK REPORT)","NO INJURY / DRIVE AWAY","Y",,,"$501 - $1,500","2026-02-17T09:45:00.000","IMPROPER TURNING/NO SIGNAL","NOT APPLICABLE","1200","N","LARAMIE AVE","2532",,,,,,,"2","NO INDICATION OF INJURY","0","0","0","0","0","2","0","7","3","2","41.9022927347","-87.7559219562","POINT (-87.755921956201 41.902292734662)"