"crash_record_id","crash_date_est_i","crash_date","posted_speed_limit","traffic_control_device","device_condition","weather_condition","lighting_condition","first_crash_type","trafficway_type","lane_cnt","alignment","roadway_surface_cond","road_defect","report_type","crash_type","intersection_related_i","private_property_i","hit_and_run_i","damage","date_police_notified","prim_contributory_cause","sec_contributory_cause","street_no","street_direction","street_name","beat_of_occurrence","photos_taken_i","statements_taken_i","dooring_i","work_zone_i","work_zone_type","workers_present_i","num_units","most_severe_injury","injuries_total","injuries_fatal","injuries_incapacitating","injuries_non_incapacitating","injuries_reported_not_evident","injuries_no_indication","injuries_unknown","crash_hour","crash_day_of_week","crash_month","latitude","longitude","location"
"75b601addecca856e235ff82a0d097b816671083b758d7055862374a5bdbb99407b81f40075bf1bcb30052cf2b1a304346440c76583df5e4f6993f0e7b0dff3a",,"2026-02-17T07:30:00.000","35","TRAFFIC SIGNAL","FUNCTIONING PROPERLY","CLEAR","DAYLIGHT","REAR END","DIVIDED - W/MEDIAN (NOT RAISED)",,"STRAIGHT AND LEVEL","DRY","UNKNOWN","ON SCENE","NO INJURY / DRIVE AWAY",,,,"OVER $1,500","2026-02-17T07:35:00.000","DISTRACTION - FROM INSIDE VEHICLE","UNABLE TO DETERMINE","2429","S","PULASKI RD","1013",,,,,,,"2","NO INDICATION OF INJURY","0","0","0","0","0","3","0","7","3","2","41.8470426841","-87.7244906005","POINT (-87.724490600512 41.847042684092)"
"ec5e8079d6e8bdb7e6d3ec0b0a9355664f24b48cedc50545526f5b54f0c8471ca69a212fa18c9b887ebe30a9c7bf92da2765fbb3ab87ad016e0d4a4a8e9ee405",,"2026-02-17T07:30:00.000","30","NO CONTROLS","NO CONTROLS","UNKNOWN","DAYLIGHT","REAR END","NOT DIVIDED",,"STRAIGHT AND LEVEL","UNKNOWN","NO DEFECTS","NOT ON SCENE (DESK REPORT)","NO INJURY / DRIVE AWAY",,,,"OVER $1,500","2026-02-19T14:40:00.000","UNABLE TO DETERMINE","UNABLE TO DETERMINE","1220","N","LARAMIE AVE","2532",,,,,,,"2","NO INDICATION OF INJURY","0","0","0","0","0","2","0","7","3","2","41.9029719402","-87.7559374269","POINT (-87.755937426907 41.902971940235)"
"c07b3736dbc26e998b9d7407fe216b5e92d8469d01c1df53081bf5494afe5937dfa720799bb51435a4b87bcb055b799385211a37d9180d8711b3f303b397ffc9","Y","2026-02-17T07:28:00.000","20","TRAFFIC SIGNAL","FUNCTIONING PROPERLY","CLEAR","DAYLIGHT","TURNING","DIVIDED - W/MEDIAN (NOT RAISED)",,"STRAIGHT AND LEVEL","DRY","NO DEFECTS","NOT ON SCENE (DESK REPORT)","NO INJURY / DRIVE AWAY",,,,"$501 - $1,500","2026-02-17T08:30:00.000","UNABLE TO DETERMINE","UNABLE TO DETERMINE","5647","S","CICERO AVE","813",,,,,,,"2","NO INDICATION OF INJURY","0","0","0","0","0","3","0","7","3","2","41.7898872407","-87.7413702656","POINT (-87.741370265581 41.789887240715)"
"5822f8eeefbf2805fa46eb8f814ce71f52d30e52187838e0ed4e918bcc4bce58a39b2c76b52f5713e0fbf5e1d9fab122ec2b5923d02c3bb771cd57de029514b7",,"2026-02-17T07:25:00.000","30","NO CONTROLS","NO CONTROLS","CLEAR","DAYLIGHT","OTHER NONCOLLISION","ONE-WAY",,"STRAIGHT AND LEVEL","DRY","NO DEFECTS","NOT ON SCENE (DESK REPORT)","NO INJURY / DRIVE AWAY",,,,"$500 OR LESS","2026-02-17T07:55:00.000","DISTRACTION - FROM OUTSIDE VEHICLE","UNABLE TO DETERMINE","4317","N","MARMORA AVE","1624",,,,,,,"1","NO INDICATION OF INJURY","0","0","0","0","0","2","0","7","3","2","41.9591067453","-87.7743841923","POINT (-87.774384192268 41.959106745269)"
"967fff9d9b28068d0b94ae055a055d944635ce472dd094d1455cf122c6e871dc0abe1ade2d2868182ec7f098d32508095604b341c9b0269c109c547b018f85b8",,"2026-02-17T07:20:00.000","30","TRAFFIC SIGNAL","FUNCTIONING PROPERLY","CLEAR","DAYLIGHT","REAR END","DIVIDED - W/MEDIAN (NOT RAISED)",,"STRAIGHT AND LEVEL","DRY","NO DEFECTS","NOT ON SCENE (DESK REPORT)","NO INJURY / DRIVE AWAY",,,"Y","OVER $1,500","2026-02-17T14:40:00.000","FOLLOWING TOO CLOSELY","NOT APPLICABLE","3348","S","PULASKI RD","1031",,,,,,,"2","NO INDICATION OF INJURY","0","0","0","0","0","2","0","7","3","2","41.8321440313","-87.7243959235","POINT (-87.724395923478 41.832144031294)"
"b65ca122224f9ba8bc1fd1fb5f8ea4d9ee64bbf6f3c8c85921ace6dca938e897bbc8704ebb97ffe344e239194a79b53cd07d316349b34ed0b458002cf44ac9cc",,"2026-02-17T07:20:00.000","30","NO CONTROLS","NO CONTROLS","CLEAR","DAYLIGHT","SIDESWIPE SAME DIRECTION","NOT DIVIDED",,"STRAIGHT AND LEVEL","UNKNOWN","UNKNOWN","NOT ON SCENE (DESK REPORT)","NO INJURY / DRIVE AWAY",,,,"$501 - $1,500","2026-02-17T08:10:00.000","UNABLE TO DETERMINE","NOT APPLICABLE","5701","S","CICERO AVE","813",,,,,,,"2","NO INDICATION OF INJURY","0","0","0","0","0","3","0","7","3","2","41.7893386418","-87.7413525626","POINT (-87.741352562622 41.789338641753)"
"51ee8766f9768068bd5fa8f79f7a8558d9882f83fe87b13165b0cb04f3b0a9763b55d8b7c38795bb7b5bf08e9b2fc19fe768ba8cae3f9b8f93d6b1daa8a50427",,"2026-02-17T07:09:00.000","30","TRAFFIC SIGNAL","FUNCTIONING PROPERLY","CLEAR","DAYLIGHT","TURNING","TRAFFIC ROUTE",,"STRAIGHT AND LEVEL","DRY","UNKNOWN","ON SCENE","INJURY AND / OR TOW DUE TO CRASH","Y",,,"OVER $1,500","2026-02-17T07:11:00.000","UNABLE TO DETERMINE","NOT APPLICABLE","8900","S","STONY ISLAND AVE","413",,"Y",,,,,"2","NONINCAPACITATING INJURY","2","0","0","2","0","0","0","7","3","2","41.7331879659","-87.5857126979","POINT (-87.585712697936 41.733187965898)"
"c34513833e4f6ec22e35ba08ea7f5bd26f2e532f4c1314b8628617bc124d6d49cfcd7636394f59f38f95324492f65148397eacac4eb6ccbd4df5450b0baecd5e",,"2026-02-17T06:58:00.000","30","TRAFFIC SIGNAL","FUNCTIONING PROPERLY","CLEAR","DAYLIGHT","REAR END","NOT DIVIDED",,"STRAIGHT AND LEVEL","DRY","NO DEFECTS","ON SCENE","INJURY AND / OR TOW DUE TO CRASH",,,,"OVER $1,500","2026-02-17T07:04:00.000","FOLLOWING TOO CLOSELY","FAILING TO REDUCE SPEED TO AVOID CRASH","5941","S","ASHLAND AVE","713",,,,,,,"2","NO INDICATION OF INJURY","0","0","0","0","0","3","0","6","3","2","41.7855298484","-87.6642199186","POINT (-87.664219918586 41.785529848424)"
"ba5d88e439f1e0c9ea665b158ce9010082eaba04171cbda7cb2c0c22e9eefaa1bce1bb28e19cc9d8330d4a7b113030560f928193afdb4076c342614022eed4ef","Y","2026-02-17T06:51:00.000","30","NO CONTROLS","NO CONTROLS","CLEAR","DAYLIGHT","PARKED MOTOR VEHICLE","NOT DIVIDED",,"STRAIGHT AND LEVEL","DRY","NO DEFECTS","ON SCENE","INJURY AND / OR TOW DUE TO CRASH",,,,"OVER $1,500","2026-02-17T06:56:00.000","UNABLE TO DETERMINE","UNABLE TO DETERMINE","6111","W","BRYN MAWR AVE","1622",,,,,,,"2","NONINCAPACITATING INJURY","1","0","0","1","0","1","0","6","3","2","41.9827943755","-87.7808674825","POINT (-87.780867482546 41.982794375465)"
"ece88733e9aed2db77c43e4e4544aee6e06e41f9792c51e330e8815d457ceeb0607530cf8d999b7f732882fc433e453014060171d7e9dfbe2122d36718a3c7ba",,"2026-02-17T06:50:00.000","30","TRAFFIC SIGNAL","FUNCTIONING PROPERLY","CLEAR","DAYLIGHT","REAR END","NOT DIVIDED",,"STRAIGHT AND LEVEL","DRY","NO DEFECTS","ON SCENE","NO INJURY / DRIVE AWAY",,,,"OVER $1,500","2026-02-17T06:52:00.000","DRIVING SKILLS/KNOWLEDGE/EXPERIENCE","UNABLE TO DETERMINE","5601","W","63RD ST","812",,,,,,,"2","NO INDICATION OF INJURY","0","0","0","0","0","9","0","6","3","2","41.7779424049","-87.7617727852","POINT (-87.761772785244 41.7779424049)"
"172fb392298693a7bd553a2161fa48f1968df08669179c14d6254c3dbb21d86960e607f32a8b073ed5a8f3c0e5020dca91aaa22706052850fe6a6ab71fd4f58c","Y","2026-02-17T06:45:00.000","30","NO CONTROLS","NO CONTROLS","CLEAR","DAYLIGHT","PARKED MOTOR VEHICLE","T-INTERSECTION",,"STRAIGHT AND LEVEL","DRY","NO DEFECTS","NOT ON SCENE (DESK REPORT)","INJURY AND / OR TOW DUE TO CRASH",,,,"OVER $1,500","2026-02-17T06:47:00.000","PHYSICAL CONDITION OF DRIVER","PHYSICAL CONDITION OF DRIVER","5451","N","WESTERN AVE","2012",,,,,,,"4","NONINCAPACITATING INJURY","1","0","0","1","0","0","0","6","3","2","41.9810104692","-87.6892037448","POINT (-87.689203744829 41.981010469216)"
"2e773429b6ccc713cf6a0acaf5110d35274596f1b5e813e39113cc05f4af0384775e19a7d1bf5a37d5600b195ed3eeced4dc3ee5d66e7025f934b1243b57e02f",,"2026-02-17T06:30:00.000","35","TRAFFIC SIGNAL","FUNCTIONING PROPERLY","CLEAR","DAYLIGHT","REAR END","NOT DIVIDED",,"STRAIGHT AND LEVEL","DRY","UNKNOWN","NOT ON SCENE (DESK REPORT)","NO INJURY / DRIVE AWAY",,,,"OVER $1,500","2026-02-17T07:05:00.000","NOT APPLICABLE","NOT APPLICABLE","6459","S","CICERO AVE","813",,,,,,,"2","NO INDICATION OF INJURY","0","0","0","0","0","2","0","6","3","2","41.7748764884","-87.7420245042","POINT (-87.74202450421 41.774876488443)"
"edf639408d8b53b9afb5824ef8a53a5d854b2ea6037ea90adb6721dac6c7f628d722f3a72277e5f3f7d090971ec46d4ead3f849e1af330a23ab8f797a9eaa462",,"2026-02-17T06:30:00.000","30","STOP SIGN/FLASHER","FUNCTIONING PROPERLY","CLEAR","DAYLIGHT","REAR END","DIVIDED - W/MEDIAN (NOT RAISED)",,"STRAIGHT AND LEVEL","DRY","NO DEFECTS","ON SCENE","NO INJURY / DRIVE AWAY",,,,"$500 OR LESS","2026-02-17T06:44:00.000","FAILING TO REDUCE SPEED TO AVOID CRASH","FOLLOWING TOO CLOSELY","401","S","CENTRAL AVE","1522",,"Y",,,,,"2","NO INDICATION OF INJURY","0","0","0","0","0","3","0","6","3","2","41.8746866393","-87.764510374","POINT (-87.764510374021 41.874686639254)"
"fac47b3270b61401e482d3d6795d8fa83b06ca91d0696bd674b23cfefddc77d984d9764e92af8450e0184165ff00d639b89c359e015f073021794673803771c0",,"2026-02-17T06:25:00.000","40","TRAFFIC SIGNAL","UNKNOWN","CLEAR","DAYLIGHT","REAR END","DIVIDED - W/MEDIAN (NOT RAISED)",,"STRAIGHT ON GRADE","UNKNOWN","UNKNOWN","ON SCENE","NO INJURY / DRIVE AWAY","Y",,,"OVER $1,500","2026-02-17T06:30:00.000","FOLLOWING TOO CLOSELY","FOLLOWING TOO CLOSELY","100","S","LAKE SHORE DR SB","114",,,,,,,"2","NO INDICATION OF INJURY","0","0","0","0","0","2","0","6","3","2","41.8808560477","-87.6176358918","POINT (-87.617635891755 41.880856047671)"
"4e604870678411db4a2cf1011d51970f40bada2ddaa7c4b8105bc9dde082b17d5f7d64c9296243d57ad7408000a8af8d4547873081922e350520c841f82800d1",,"2026-02-17T06:18:00.000","30","STOP SIGN/FLASHER","FUNCTIONING PROPERLY","CLEAR","DAYLIGHT","SIDESWIPE SAME DIRECTION","NOT DIVIDED",,"STRAIGHT AND LEVEL","DRY","NO DEFECTS","ON SCENE","NO INJURY / DRIVE AWAY",,,"Y","$500 OR LESS","2026-02-17T06:57:00.000","UNABLE TO DETERMINE","UNABLE TO DETERMINE","3613","N","NARRAGANSETT AVE","1633",,,,,,,"2","NO INDICATION OF INJURY","0","0","0","0","0","2","0","6","3","2","41.9460579329","-87.7861239099","POINT (-87.786123909907 41.946057932942)"
"5207657dae86891d0eb5b42b2cb7bf4fc981b04fbe192aeee9830480c7109cd346fd5887c52aaa6a5eba9fd48025df2ee36856599ed4e35c5914b94f1160efa1",,"2026-02-17T06:10:00.000","30","TRAFFIC SIGNAL","FUNCTIONING PROPERLY","CLEAR","DAWN","REAR END","FOUR WAY",,"STRAIGHT AND LEVEL","DRY","NO DEFECTS","NOT ON SCENE (DESK REPORT)","NO INJURY / DRIVE AWAY","Y",,,"OVER $1,500","2026-02-17T09:48:00.000","DRIVING SKILLS/KNOWLEDGE/EXPERIENCE","DISTRACTION - FROM INSIDE VEHICLE","4707","S","WESTERN AVE","922",,,,,,,"2","NO INDICATION OF INJURY","0","0","0","0","0","2","0","6","3","2","41.8081811415","-87.6842712934","POINT (-87.684271293427 41.808181141524)"
"7b86d05c8938bf2cd582cfeec71494bf1a9db0f572df2a41fee831e756aebe36f193fa570b8121c41784343c3bf19b9ca86593e031881e7aa9dbf8a2ee234493",,"2026-02-17T06:10:00.000","30","TRAFFIC SIGNAL","NO CONTROLS","CLEAR","DAYLIGHT","SIDESWIPE SAME DIRECTION","NOT DIVIDED",,"STRAIGHT ON GRADE","DRY","NO DEFECTS","NOT ON SCENE (DESK REPORT)","NO INJURY / DRIVE AWAY",,,,"$501 - $1,500","2026-02-17T13:15:00.000","IMPROPER LANE USAGE","UNABLE TO DETERMINE","3600","N","NARRAGANSETT AVE","1632",,,,,,,"2","NO INDICATION OF INJURY","0","0","0","0","0","2","0","6","3","2","41.9457284671","-87.7864403527","POINT (-87.786440352729 41.945728467095)"
"a54de0d05a6cd4c295b46ea8d85964e7958262a264dfd861177dacca60f4c0784d3f3c4b3c072ff490d7adbc5d7112efdc35455b1d2e13828521822a6499c843",,"2026-02-17T06:08:00.000","30","STOP SIGN/FLASHER","FUNCTIONING PROPERLY","CLEAR","DUSK","ANGLE","FOUR WAY",,"STRAIGHT AND LEVEL","DRY","NO DEFECTS","ON SCENE","INJURY AND / OR TOW DUE TO CRASH","Y",,,"OVER $1,500","2026-02-17T06:08:00.000","FAILING TO YIELD RIGHT-OF-WAY","FAILING TO REDUCE SPEED TO AVOID CRASH","400","E","46TH ST","221",,,,,,,"2","NO INDICATION OF INJURY","0","0","0","0","0","2","0","6","3","2","41.8113129559","-87.6162537005","POINT (-87.61625370045 41.811312955924)"
"52488137ca55e4c62758a4da1f02a6c885a62797160a40750a6768f3ab6c1d373f33f01b7dad9c261675e697b983b372730e3d07980520f1563ddd51c87ee4f7",,"2026-02-17T05:55:00.000","30","UNKNOWN","UNKNOWN","CLEAR","DAWN","TURNING","NOT DIVIDED",,"STRAIGHT AND LEVEL","DRY","UNKNOWN","NOT ON SCENE (DESK REPORT)","NO INJURY / DRIVE AWAY",,,,"OVER $1,500","2026-02-17T06:15:00.000","UNABLE TO DETERMINE","UNABLE TO DETERMINE","5448","S","PULASKI RD","815",,,,,,,"2","NO INDICATION OF INJURY","0","0","0","0","0","2","0","5","3","2","41.7935814777","-87.7233164495","POINT (-87.723316449473 41.793581477747)"
"43aa681cd0136148d8ecc61967510658240330c9d5b44ab4b71d75056d335f907c620c81c607de603676acfaeb71631ed674bd90f947d903951a4f73999347d9",,"2026-02-17T05:25:00.000","30","NO CONTROLS","NO CONTROLS","CLEAR","DARKNESS","SIDESWIPE SAME DIRECTION","NOT DIVIDED",,"STRAIGHT AND LEVEL","DRY","NO DEFECTS","ON SCENE","NO INJURY / DRIVE AWAY",,,,"OVER $1,500","2026-02-17T05:25:00.000","IMPROPER OVERTAKING/PASSING","IMPROPER LANE USAGE","131","S","DEARBORN ST","112",,,,,,,"2","NO INDICATION OF INJURY","0","0","0","0","0","2","0","5","3","2","41.8798854403","-87.6292115948","POINT (-87.629211594803 41.879885440301)"
"700772f6be3388cd50917ab5f880d28db6c4a5b2c5e63346df0459442486f17dc790e3b433d5ee808c1f9bed754f313bdf9d119c782f3d2a7666ea8e5ef9e25d",,"2026-02-17T05:02:00.000","30","STOP SIGN/FLASHER","FUNCTIONING PROPERLY","CLEAR","DARKNESS, LIGHTED ROAD","ANGLE","FOUR WAY",,"STRAIGHT AND LEVEL","UNKNOWN","UNKNOWN","ON SCENE","NO INJURY / DRIVE AWAY","Y",,,"OVER $1,500","2026-02-17T05:02:00.000","UNABLE TO DETERMINE","NOT APPLICABLE","6398","W","61ST ST","812",,,,,,,"2","NO INDICATION OF INJURY","0","0","0","0","0","3","0","5","3","2","41.7814528954","-87.7813408262","POINT (-87.781340826152 41.781452895416)"
"0dd7f9f8730bd6a0a15331bd54634ff5ea9491e1813c15133f5bdf9f899ab65338b56ecd366ed3cd63d091f871b9ec42588b2c075d8ad6946aa1ec85e22dd4ca",,"2026-02-17T04:57:00.000","30","TRAFFIC SIGNAL","FUNCTIONING PROPERLY","CLEAR","DARKNESS, LIGHTED ROAD","ANGLE","DIVIDED - W/MEDIAN (NOT RAISED)",,"STRAIGHT AND LEVEL","DRY","NO DEFECTS","ON SCENE","INJURY AND / OR TOW DUE TO CRASH","Y",,,"OVER $1,500","2026-02-17T04:58:00.000","DISTRACTION - OTHER ELECTRONIC DEVICE (NAVIGATION DEVICE, DVD PLAYER, ETC.)","DISREGARDING TRAFFIC SIGNALS","1200","W","JACKSON BLVD","1231",,,,,,,"2","NONINCAPACITATING INJURY","1","0","0","1","0","2","0","4","3","2","41.8778997925","-87.6571452571","POINT (-87.657145257071 41.87789979254)"
"f8096f509ff64aedfa7197ba67cb3e69676f37f3d27ce5da9a7fdad75057b3706c9720c9fc51d36ced88ed146fd508aedb5aff5c60df20d300c523dc58f2456a",,"2026-02-17T03:21:00.000","20","NO CONTROLS","NO CONTROLS","CLEAR","DARKNESS, LIGHTED ROAD","FIXED OBJECT","ALLEY",,"STRAIGHT AND LEVEL","DRY","UNKNOWN","NOT ON SCENE (DESK REPORT)","NO INJURY / DRIVE AWAY",,,,"OVER $1,500","2026-02-17T03:30:00.000","UNABLE TO DETERMINE","NOT APPLICABLE","2532","S","ALBANY AVE","1033",,,,,,,"1","NO INDICATION OF INJURY","0","0","0","0","0","2","0","3","3","2","41.8453712816","-87.7027546172","POINT (-87.702754617225 41.845371281555)"
"529947a0d178a3bbd144db9e0047ca682ae74834aae8d48936b28b1c23e5d73ffc0e7ae2641e3b83cf9cbdf69aaf3574e1bae02e51e18f4179d3db24eaac947f","Y","2026-02-17T03:10:00.000","35","TRAFFIC SIGNAL","FUNCTIONING PROPERLY","CLEAR","DARKNESS, LIGHTED ROAD","REAR END","OTHER",,"STRAIGHT AND LEVEL","DRY","NO DEFECTS","NOT ON SCENE (DESK REPORT)","NO INJURY / DRIVE AWAY",,,"Y","OVER $1,500","2026-02-17T03:50:00.000","NOT APPLICABLE","NOT APPLICABLE","641","N","LA SALLE DR","1832",,,,,,,"2","NO INDICATION OF INJURY","0","0","0","0","0","2","0","3","3","2","41.8936109224","-87.6325067701","POINT (-87.632506770106 41.893610922399)"
"757060d4f4679d71c9604f0b7784472de9f1157d73c9bec2e4cf72532f163a8332dcdd0cc447f40dc4056c45cc0ca6ae77218c22eb7de71f27a26764e782c89f","Y","2026-02-17T03:00:00.000","35","UNKNOWN","UNKNOWN","CLEAR","DARKNESS, LIGHTED ROAD","PARKED MOTOR VEHICLE","NOT DIVIDED",,"STRAIGHT AND LEVEL","DRY","NO DEFECTS","NOT ON SCENE (DESK REPORT)","NO INJURY / DRIVE AWAY",,,"Y","OVER $1,500","2026-02-17T03:40:00.000","NOT APPLICABLE","NOT APPLICABLE","4747","S","DR MARTIN LUTHER KING JR DR","223",,,,,,,"2","NO INDICATION OF INJURY","0","0","0","0","0","1","0","3","3","2","41.8079955691","-87.6164048652","POINT (-87.616404865179 41.80799556913)"
"a59f99e49997961e7e613ee2a3330a3368ff91f65a960e02732d588bb86a7c89eae9e53ba4639c003b31b77d88333d46359331f0482cd2bdf97470b4678e7997",,"2026-02-17T03:00:00.000","30","NO CONTROLS","NO CONTROLS","CLEAR","DARKNESS, LIGHTED ROAD","PARKED MOTOR VEHICLE","NOT DIVIDED",,"STRAIGHT AND LEVEL","DRY","NO DEFECTS","ON SCENE","NO INJURY / DRIVE AWAY",,,,"$501 - $1,500","2026-02-17T03:01:00.000","UNABLE TO DETERMINE","UNABLE TO DETERMINE","2349","W","DEVON AVE","2413",,,,,,,"2","NO INDICATION OF INJURY","0","0","0","0","0","1","0","3","3","2","41.997629046","-87.6894269024","POINT (-87.689426902449 41.997629046027)"
"7a93664b46ce07c4ca674cc19e88e05cf51998ff86de9389a84288bbc4f33dbf5a4208b992865d8962a6d7357cde01ce77a413e7e148ee3f21d5c0ba1b90dc77","Y","2026-02-17T02:45:00.000","35","NO CONTROLS","NO CONTROLS","CLEAR","DARKNESS, LIGHTED ROAD","FIXED OBJECT","DIVIDED - W/MEDIAN BARRIER",,"CURVE, LEVEL","DRY","NO DEFECTS","ON SCENE","INJURY AND / OR TOW DUE TO CRASH",,,,"OVER $1,500","2026-02-17T02:57:00.000","UNABLE TO DETERMINE","UNABLE TO DETERMINE","1645","N","LA SALLE DR","1814",,,,,,,"1","NONINCAPACITATING INJURY","1","0","0","1","0","0","0","2","3","2","41.9124487676","-87.6330116901","POINT (-87.633011690145 41.912448767618)"
"13c1244ab31bddc3c9b89faf17ceb36e334d83a25e3f85c4562c9a71c53123356f25a9dfa1ed31805ca27ccd59ec0b0565d96ddfc4ae652df1ee252f00951db7",,"2026-02-17T02:24:00.000","30","NO CONTROLS","NO CONTROLS","CLEAR","DARKNESS, LIGHTED ROAD","PEDESTRIAN","PARKING LOT",,"STRAIGHT AND LEVEL","WET","NO DEFECTS","ON SCENE","INJURY AND / OR TOW DUE TO CRASH",,,,"OVER $1,500","2026-02-17T02:24:00.000","UNABLE TO DETERMINE","UNABLE TO DETERMINE","2002","S","WENTWORTH AVE","914",,,,,,,"3","NONINCAPACITATING INJURY","1","0","0","1","0","2","0","2","3","2","41.8552817038","-87.6319926423","POINT (-87.631992642294 41.855281703774)"
"cefad6743ec9ddfce30e3cfc51078ea28ef177b32284051599a947654e31df386d46dfbb91f359a19050dcef807afa14a186e7a2e301c2d4be930d9734958637","Y","2026-02-17T02:00:00.000","30","NO CONTROLS","NO CONTROLS","CLEAR","DAYLIGHT","PARKED MOTOR VEHICLE","NOT DIVIDED",,"STRAIGHT AND LEVEL","DRY","NO DEFECTS","NOT ON SCENE (DESK REPORT)","NO INJURY / DRIVE AWAY",,,"Y","OVER $1,500","2026-02-17T15:16:00.000","UNABLE TO DETERMINE","UNABLE TO DETERMINE","4733","W","WEST END AVE","1113",,,,,,,"2","NO INDICATION OF INJURY","0","0","0","0","0","1","0","2","3","2","41.883031","-87.744260543","POINT (-87.744260543012 41.883030999989)"
"cf361700a35f27d5e7704361f65a16fcacb10349df9dd75abc39518e322ba4db078aa4a7db09806ff4706aeeed745d628ad5021d196677d9a2db93196545c006","Y","2026-02-17T02:00:00.000","30","NO CONTROLS","NO CONTROLS","CLEAR","DARKNESS, LIGHTED ROAD","PARKED MOTOR VEHICLE","ONE-WAY",,"STRAIGHT AND LEVEL","DRY","NO DEFECTS","NOT ON SCENE (DESK REPORT)","NO INJURY / DRIVE AWAY",,,"Y","OVER $1,500","2026-02-17T15:15:00.000","UNABLE TO DETERMINE","NOT APPLICABLE","2830","S","SAWYER AVE","1032",,,,,,,"2","NO INDICATION OF INJURY","0","0","0","0","0","1","0","2","3","2","41.8399147404","-87.7062685765","POINT (-87.706268576549 41.839914740391)"
"ba255bca43776dfaa84eb6d358eba1c097cb2f1f5ddb61fc66c22d9d7eeda555cc96b4c43698ba1cc5aeecce382867b9329b12fabb6f179eacdb19e107d9410f",,"2026-02-17T00:56:00.000","30","NO CONTROLS","NO CONTROLS","CLEAR","DARKNESS","PARKED MOTOR VEHICLE","NOT DIVIDED",,"STRAIGHT AND LEVEL","DRY","NO DEFECTS","ON SCENE","NO INJURY / DRIVE AWAY",,,,"$500 OR LESS","2026-02-17T00:56:00.000","IMPROPER BACKING","NOT APPLICABLE","410","S","CENTRAL AVE","1513",,,,,,,"2","NO INDICATION OF INJURY","0","0","0","0","0","2","0","0","3","2","41.8743425846","-87.7647918403","POINT (-87.764791840272 41.874342584584)"
"6fe20cd700b65d3174d3c0436e2228bd63fbbe79fe4ed27c980fe838a00db5050b84c4ac7d15c8d7cec300978e3510e2a40d74da1534fa2347d0d8df2ccbba1b",,"2026-02-17T00:07:00.000","30","TRAFFIC SIGNAL","FUNCTIONING PROPERLY","CLEAR","DARKNESS","TURNING","FOUR WAY",,"STRAIGHT AND LEVEL","DRY","NO DEFECTS","NOT ON SCENE (DESK REPORT)","NO INJURY / DRIVE AWAY","Y",,"Y","OVER $1,500","2026-02-17T09:50:00.000","DRIVING SKILLS/KNOWLEDGE/EXPERIENCE","UNABLE TO DETERMINE","826","E","HYDE PARK BLVD","223",,,,,,,"2","NO INDICATION OF INJURY","0","0","0","0","0","2","0","0","3","2","41.8023824044","-87.6052246787","POINT (-87.605224678699 41.802382404418)"
"3c1c64dad4e27083e5fba30f6f911cdb93b370b32fd6e741db9722475d5f215448206256c8936291dde975232fb271e9281d92203594bb3d884157e50ad981e1",,"2026-02-17T00:02:00.000","30","TRAFFIC SIGNAL","FUNCTIONING PROPERLY","CLEAR","DARKNESS, LIGHTED ROAD","TURNING","NOT DIVIDED",,"STRAIGHT AND LEVEL","DRY","NO DEFECTS","ON SCENE","INJURY AND / OR TOW DUE TO CRASH",,,"Y","OVER $1,500","2026-02-17T00:05:00.000","IMPROPER OVERTAKING/PASSING","FAILING TO YIELD RIGHT-OF-WAY","13760","S","AVENUE O","433",,,,,,,"2","NO INDICATION OF INJURY","0","0","0","0","0","2","0","0","3","2","41.6449020314","-87.5401179333","POINT (-87.540117933346 41.644902031396)"
"e7ee89b0e528bcbf2811c6a5e6b0afaa642855e7634fb71bf71ff27a5536173d0d203cb767f0d9a1176c7d237c270ada6c7532bc24e8435ef948740637fc73d9",,"2026-02-16T23:22:00.000","30","TRAFFIC SIGNAL","FUNCTIONING PROPERLY","CLEAR","DARKNESS, LIGHTED ROAD","TURNING","T-INTERSECTION",,"STRAIGHT AND LEVEL","DRY","NO DEFECTS","ON SCENE","INJURY AND / OR TOW DUE TO CRASH","Y",,,"OVER $1,500","2026-02-16T23:33:00.000","FAILING TO REDUCE SPEED TO AVOID CRASH","UNABLE TO DETERMINE","5900","S","CICERO AVE","813",,,,,,,"2","REPORTED, NOT EVIDENT","3","0","0","0","3","1","0","23","2","2","41.7856433239","-87.7414857784","POINT (-87.741485778405 41.785643323876)"
"b1c5eb25a06cdfe1bf8f23827d5883f8454c9895c76382fb15eef18e0561a33a48f18b4346b4f8edb17284ac78d91a884dcfff4f7bd77bcb8093110406737870",,"2026-02-16T23:13:00.000","30","NO CONTROLS","NO CONTROLS","CLEAR","DARKNESS, LIGHTED ROAD","FIXED OBJECT","NOT DIVIDED",,"STRAIGHT AND LEVEL","DRY","NO DEFECTS","ON SCENE","INJURY AND / OR TOW DUE TO CRASH",,,,"OVER $1,500","2026-02-16T23:15:00.000","PHYSICAL CONDITION OF DRIVER","DRIVING ON WRONG SIDE/WRONG WAY","2617","W","99TH ST","2211",,,,,,,"1","NONINCAPACITATING INJURY","2","0","0","2","0","0","0","23","2","2","41.7135027126","-87.6875767806","POINT (-87.687576780609 41.713502712563)"