"crash_record_id","crash_date_est_i","crash_date","posted_speed_limit","traffic_control_device","device_condition","weather_condition","lighting_condition","first_crash_type","trafficway_type","lane_cnt","alignment","roadway_surface_cond","road_defect","report_type","crash_type","intersection_related_i","private_property_i","hit_and_run_i","damage","date_police_notified","prim_contributory_cause","sec_contributory_cause","street_no","street_direction","street_name","beat_of_occurrence","photos_taken_i","statements_taken_i","dooring_i","work_zone_i","work_zone_type","workers_present_i","num_units","most_severe_injury","injuries_total","injuries_fatal","injuries_incapacitating","injuries_non_incapacitating","injuries_reported_not_evident","injuries_no_indication","injuries_unknown","crash_hour","crash_day_of_week","crash_month","latitude","longitude","location"
"6e861717dde13f2b7b17f42c439496691d1846b8023f1e683cb1336ab6d5ab673476f68206ca7ee6e44e9ae375ae0c7996ddc7947f2af71859377131e8132735",,"2026-02-16T23:10:00.000","30","TRAFFIC SIGNAL","FUNCTIONING PROPERLY","CLEAR","DARKNESS, LIGHTED ROAD","REAR END","DIVIDED - W/MEDIAN (NOT RAISED)",,"STRAIGHT AND LEVEL","DRY","NO DEFECTS","NOT ON SCENE (DESK REPORT)","NO INJURY / DRIVE AWAY",,,,"$501 - $1,500","2026-02-16T23:44:00.000","UNABLE TO DETERMINE","NOT APPLICABLE","4800","W","63RD ST","813",,,,,,,"2","NO INDICATION OF INJURY","0","0","0","0","0","2","0","23","2","2","41.7785380711","-87.7423558784","POINT (-87.74235587842 41.778538071066)"
"083ba903a11866b81b8d09e15fa4e7075ace2397ee737980038f0367b12d20fd67df6783c54635cf34cf7cfd18682c78a022aa55b22db49070e7979986baddbd",,"2026-02-16T23:00:00.000","30","NO CONTROLS","NO CONTROLS","CLEAR","DARKNESS, LIGHTED ROAD","SIDESWIPE SAME DIRECTION","NOT DIVIDED",,"STRAIGHT AND LEVEL","DRY","NO DEFECTS","NOT ON SCENE (DESK REPORT)","NO INJURY / DRIVE AWAY",,,,"OVER $1,500","2026-02-17T06:45:00.000","IMPROPER LANE USAGE","NOT APPLICABLE","2500","N","SEMINARY AVE","1932",,,,,,,"2","NO INDICATION OF INJURY","0","0","0","0","0","2","0","23","2","2","41.9271940527","-87.656242744","POINT (-87.656242743956 41.92719405271)"
"9832256e34f692d07fb53b69b9a936f00d3b3a992600c589ba6556a1a466daa3f7f663eb7f849edd9177d93fa95b91adcd8d5f0c84375aa74fb215363aaeae46",,"2026-02-16T23:00:00.000","30","TRAFFIC SIGNAL","FUNCTIONING PROPERLY","CLEAR","DARKNESS","SIDESWIPE SAME DIRECTION","NOT DIVIDED",,"STRAIGHT AND LEVEL","DRY","NO DEFECTS","NOT ON SCENE (DESK REPORT)","NO INJURY / DRIVE AWAY",,,,"OVER $1,500","2026-02-18T17:15:00.000","FOLLOWING TOO CLOSELY","NOT APPLICABLE","3432","E","106TH ST","432",,,,,,,"2","NO INDICATION OF INJURY","0","0","0","0","0","2","0","23","2","2","41.7028631098","-87.5400383681","POINT (-87.540038368056 41.702863109815)"
"85140a30da4a1e055f4a5b954772f6dbb361d6ff2fb422d472fda48b3ca20f35f7ddba6e96b1b09636f1fee2a21d2f8ce33f6b35723aca45a0dd185c87c7ea56",,"2026-02-16T22:37:00.000","30","NO CONTROLS","FUNCTIONING PROPERLY","CLEAR","DARKNESS, LIGHTED ROAD","SIDESWIPE SAME DIRECTION","NOT DIVIDED",,"STRAIGHT AND LEVEL","DRY","NO DEFECTS",,"INJURY AND / OR TOW DUE TO CRASH",,,,"OVER $1,500","2026-02-16T22:38:00.000","UNDER THE INFLUENCE OF ALCOHOL/DRUGS (USE WHEN ARREST IS EFFECTED)","IMPROPER OVERTAKING/PASSING","6148","S","ASHLAND AVE","714",,,,,,,"2","NO INDICATION OF INJURY","0","0","0","0","0","3","0","22","2","2","41.7816643515","-87.6644183413","POINT (-87.664418341262 41.781664351497)"
"647279cc9b9205af8038e3d5ac343ebfcc9cdb8f1a5236c69c7fa8c1747a6e9dd31c26115c8dc7856421e70d5ab5aa4a7c3a09a834ebfb1f5aa405efd743dbb4",,"2026-02-16T22:33:00.000","30","NO CONTROLS","NO CONTROLS","CLEAR","DARKNESS, LIGHTED ROAD","PARKED MOTOR VEHICLE","DIVIDED - W/MEDIAN (NOT RAISED)",,"STRAIGHT AND LEVEL","DRY","NO DEFECTS",,"NO INJURY / DRIVE AWAY",,,"Y","OVER $1,500","2026-02-16T23:12:00.000","FAILING TO REDUCE SPEED TO AVOID CRASH","UNABLE TO DETERMINE","2315","N","CALIFORNIA AVE","1431",,,,,,,"6","NO INDICATION OF INJURY","0","0","0","0","0","1","0","22","2","2","41.9233559936","-87.69722872","POINT (-87.697228720032 41.923355993646)"
"1fdf032e329e78d74a96e238ddd6150f488eb5dfe05c1c6c304c08be3c9dd178a138676e413dcb4e6fc9e7ddc5ef9da6208940efa44ebda7e1352b6ea70c68e3",,"2026-02-16T22:19:00.000","20","STOP SIGN/FLASHER","OTHER","CLEAR","DARKNESS, LIGHTED ROAD","FIXED OBJECT","FOUR WAY",,"STRAIGHT AND LEVEL","DRY","UNKNOWN","ON SCENE","INJURY AND / OR TOW DUE TO CRASH","Y",,"N","OVER $1,500","2026-02-16T22:19:00.000","UNABLE TO DETERMINE","UNABLE TO DETERMINE","5312","W","FULTON ST","1523",,,,,,,"1","NO INDICATION OF INJURY","0","0","0","0","0","2","0","22","2","2","41.8857138318","-87.7583204339","POINT (-87.75832043392 41.885713831831)"
"11341fd7fb3f54ef5176b4ebc08f053ea5bd105e736baf26254979c565a71f550749adc7d36b3db35ed8b67c5f448231e9dabbcb10c0f486a97ecae064b68b8e",,"2026-02-16T22:18:00.000","30","NO CONTROLS","NO CONTROLS","CLEAR","DARKNESS, LIGHTED ROAD","SIDESWIPE OPPOSITE DIRECTION","NOT DIVIDED",,"STRAIGHT AND LEVEL","DRY","NO DEFECTS","ON SCENE","NO INJURY / DRIVE AWAY",,,"Y","$500 OR LESS","2026-02-16T22:18:00.000","OPERATING VEHICLE IN ERRATIC, RECKLESS, CARELESS, NEGLIGENT OR AGGRESSIVE MANNER","DRIVING ON WRONG SIDE/WRONG WAY","5304","W","WASHINGTON BLVD","1523",,,,,,,"2","NO INDICATION OF INJURY","0","0","0","0","0","3","0","22","2","2","41.8824461824","-87.7578274216","POINT (-87.757827421593 41.882446182421)"
"fe6a1452e3cc188e5d1ce6ecbd87c30c40153c5c6cbbd9bbec84b95c4cb4782760d43014b8f47763d4378784f152101e1cca1cba14a3b771c3c00b2435546fcf",,"2026-02-16T22:15:00.000","30","NO CONTROLS","NO CONTROLS","CLEAR","DARKNESS, LIGHTED ROAD","PARKED MOTOR VEHICLE","PARKING LOT",,"STRAIGHT AND LEVEL","DRY","UNKNOWN","ON SCENE","NO INJURY / DRIVE AWAY",,"Y",,"OVER $1,500","2026-02-16T22:15:00.000","UNABLE TO DETERMINE","UNABLE TO DETERMINE","500","S","KOSTNER AVE","1131",,,,,,,"2","NO INDICATION OF INJURY","0","0","0","0","0","3","0","22","2","2","41.8742110549","-87.7353870892","POINT (-87.735387089165 41.874211054858)"
"8415fafa5b02a401cd0389d16e8e2470342f66d8d340f80ff1cc1b88d7a4ed89c1f30a684f40f07d54767e3e7c47d392ce91c910d69d20ceaf16b12f12b9884a",,"2026-02-16T21:50:00.000","15","NO CONTROLS","NO CONTROLS","CLEAR","DARKNESS, LIGHTED ROAD","REAR END","PARKING LOT",,"STRAIGHT AND LEVEL","DRY","UNKNOWN","NOT ON SCENE (DESK REPORT)","NO INJURY / DRIVE AWAY",,,,"$501 - $1,500","2026-02-17T17:55:00.000","FAILING TO YIELD RIGHT-OF-WAY","NOT APPLICABLE","7342","W","FOSTER AVE","1613",,,,,,,"2","NO INDICATION OF INJURY","0","0","0","0","0","2","0","21","2","2","41.9745429477","-87.8113468842","POINT (-87.811346884218 41.974542947709)"
"7a9c2c615d8583ccb2ca5df730b6ff17f40635bf3463377a10c5b198ec7d2aa54b4e27d9e92de2c512ab4f113e40f62c51f406236300e47fc631ee072f033185",,"2026-02-16T21:42:00.000","30","NO CONTROLS","NO CONTROLS","CLEAR","DUSK","ANGLE","FOUR WAY",,"STRAIGHT AND LEVEL","DRY","NO DEFECTS","ON SCENE","INJURY AND / OR TOW DUE TO CRASH","Y",,,"OVER $1,500","2026-02-16T21:50:00.000","UNABLE TO DETERMINE","NOT APPLICABLE","3900","N","ASHLAND AVE","1922",,"Y",,,,,"2","NO INDICATION OF INJURY","0","0","0","0","0","3","0","21","2","2","41.9525560678","-87.6691487967","POINT (-87.669148796688 41.9525560678)"
"335866c6c5bb41d0b6618a6516a069d8a723bedbf08f38090cd6da5695712582b07963120437e612b552f8d46d617a039ddede6085f6f198e67b0a733092c7b3",,"2026-02-16T21:30:00.000","30","NO CONTROLS","NO CONTROLS","UNKNOWN","UNKNOWN","PARKED MOTOR VEHICLE","NOT DIVIDED",,"STRAIGHT AND LEVEL","UNKNOWN","UNKNOWN","NOT ON SCENE (DESK REPORT)","INJURY AND / OR TOW DUE TO CRASH",,,"Y","$501 - $1,500","2026-02-19T09:30:00.000","UNABLE TO DETERMINE","NOT APPLICABLE","4359","S","TALMAN AVE","922",,,,,,,"2","NO INDICATION OF INJURY","0","0","0","0","0","1","0","21","2","2","41.8138855916","-87.6905549226","POINT (-87.690554922602 41.813885591609)"
"af9ed6b3b287d10df637dc317b21503448c92232681eb4cbb321c8d4b61db1388def187e87badce7eac073ad3669891a2df170deafeef64a79af8803b5e80f29",,"2026-02-16T21:30:00.000","30","NO CONTROLS","NO CONTROLS","CLEAR","DUSK","REAR END","NOT DIVIDED",,"STRAIGHT AND LEVEL","DRY","NO DEFECTS","NOT ON SCENE (DESK REPORT)","NO INJURY / DRIVE AWAY","Y",,"Y","OVER $1,500","2026-02-16T22:30:00.000","IMPROPER LANE USAGE","UNABLE TO DETERMINE","2120","E","73RD ST","333",,,,,,,"2","NO INDICATION OF INJURY","0","0","0","0","0","2","0","21","2","2","41.7626617658","-87.5728302332","POINT (-87.572830233204 41.762661765844)"
"672464ebfceefee25cec5d028dc8bc9b32e9b904d6a7004a311442fe15e1a3559e6b41501ee8e50502e9193fad778df9a7e49dd001544fe1df05776699859c2c","Y","2026-02-16T21:20:00.000","30","TRAFFIC SIGNAL","FUNCTIONING PROPERLY","CLOUDY/OVERCAST","DARKNESS, LIGHTED ROAD","ANGLE","FIVE POINT, OR MORE",,"STRAIGHT AND LEVEL","DRY","NO DEFECTS","NOT ON SCENE (DESK REPORT)","NO INJURY / DRIVE AWAY","Y",,"Y","$501 - $1,500","2026-02-16T21:30:00.000","DISREGARDING TRAFFIC SIGNALS","FAILING TO YIELD RIGHT-OF-WAY","2801","N","DAMEN AVE","1931",,,,,,,"2","NO INDICATION OF INJURY","0","0","0","0","0","3","0","21","2","2","41.9323310674","-87.6779887286","POINT (-87.677988728566 41.932331067392)"
"5ec8e0b358bef51cfffc9d7fc352aea125cae3ea7a2bad13762d6de78c293a154e7060688980685f0d848e5a027a3d1a7d72fbba7a26670fddcd487e5d2659b2",,"2026-02-16T21:15:00.000","30","TRAFFIC SIGNAL","FUNCTIONING PROPERLY","CLEAR","DARKNESS, LIGHTED ROAD","ANGLE","NOT DIVIDED",,"STRAIGHT AND LEVEL","DRY","NO DEFECTS","ON SCENE","INJURY AND / OR TOW DUE TO CRASH","Y",,,"OVER $1,500","2026-02-16T21:18:00.000","DISREGARDING TRAFFIC SIGNALS","NOT APPLICABLE","9100","S","COTTAGE GROVE AVE","633",,,,,,,"2","NONINCAPACITATING INJURY","6","0","0","2","4","1","0","21","2","2","41.7293068345","-87.604792543","POINT (-87.604792543012 41.729306834503)"
"657716818c1cbe2a90859c84b55fb8640fbe2c1754726b96a6a48264299dbb11b5a741b31539c2f4a7e24c9379dc3cabed3839ad53df7011ea0b245d3381f760","Y","2026-02-16T21:06:00.000","30","NO CONTROLS","NO CONTROLS","CLEAR","DARKNESS, LIGHTED ROAD","PARKED MOTOR VEHICLE","NOT DIVIDED",,"STRAIGHT AND LEVEL","DRY","NO DEFECTS","ON SCENE","NO INJURY / DRIVE AWAY",,,"Y","$501 - $1,500","2026-02-17T09:32:00.000","UNABLE TO DETERMINE","UNABLE TO DETERMINE","1337","S","CENTRAL PARK AVE","1021",,,,,,,"2","NO INDICATION OF INJURY","0","0","0","0","0","1","0","21","2","2","41.8633081427","-87.7151857413","POINT (-87.71518574132 41.863308142676)"
"c2998d985a0850b779f90193449fa33d5c8d6f323ecd0d2e0083f6d472f7edeae2383dc667e35ff441d7e627de7f4c2bda648cda4a00495ed1bfb77492409297",,"2026-02-16T21:00:00.000","30","NO CONTROLS","NO CONTROLS","CLEAR","DARKNESS","PARKED MOTOR VEHICLE","NOT DIVIDED",,"STRAIGHT AND LEVEL","DRY","UNKNOWN","ON SCENE","INJURY AND / OR TOW DUE TO CRASH",,,"Y","OVER $1,500","2026-02-16T21:02:00.000","NOT APPLICABLE","NOT APPLICABLE","7401","S","SOUTH CHICAGO AVE","324",,,,,,,"2","NO INDICATION OF INJURY","0","0","0","0","0","1","0","21","2","2","41.7605301647","-87.5979239678","POINT (-87.597923967767 41.760530164679)"
"4806cf00b3e67429360b4127d7c289dc828e4938bc2edb3da2c570388ce1b0776016631168420b07def0b157209bde0c02aef809ea293c968d1071c1fc68a976",,"2026-02-16T20:55:00.000","30","STOP SIGN/FLASHER","FUNCTIONING IMPROPERLY","CLEAR","DARKNESS, LIGHTED ROAD","PARKED MOTOR VEHICLE","DIVIDED - W/MEDIAN (NOT RAISED)",,"STRAIGHT AND LEVEL","DRY","NO DEFECTS","ON SCENE","INJURY AND / OR TOW DUE TO CRASH","Y",,"Y","OVER $1,500","2026-02-16T20:56:00.000","FAILING TO REDUCE SPEED TO AVOID CRASH","IMPROPER LANE USAGE","2442","E","76TH ST","421",,,,,,,"2","REPORTED, NOT EVIDENT","1","0","0","0","1","0","0","20","2","2","41.7573047176","-87.564648527","POINT (-87.564648526953 41.757304717582)"
"b81b161c501a51db2941f8d83ce4453999401e7de17d4b66acff685ca7a6bd852f5bafec7428d9c46f0cf60af14f593a30493627e4e1bc59678e3ba358443f02",,"2026-02-16T20:55:00.000","30","UNKNOWN","FUNCTIONING PROPERLY","CLEAR","DARKNESS, LIGHTED ROAD","TURNING","NOT DIVIDED",,"STRAIGHT AND LEVEL","DRY","NO DEFECTS","ON SCENE","INJURY AND / OR TOW DUE TO CRASH","Y",,,"OVER $1,500","2026-02-16T20:59:00.000","FAILING TO YIELD RIGHT-OF-WAY","IMPROPER TURNING/NO SIGNAL","7058","S","JEFFERY BLVD","332",,,,,,,"2","REPORTED, NOT EVIDENT","1","0","0","0","1","3","0","20","2","2","41.7663284942","-87.5764511727","POINT (-87.576451172727 41.76632849416)"
"4263a6ed08f89915080f2c09eed77d6f228d7911bc8e2277e981a974b47c3b7ea33c526e3c0ff82095a71859546feb022bb9bf0013f24964ba7496474f32669a",,"2026-02-16T20:45:00.000","30","NO CONTROLS","NO CONTROLS","CLEAR","DARKNESS, LIGHTED ROAD","REAR END","NOT DIVIDED",,"STRAIGHT AND LEVEL","DRY","NO DEFECTS","NOT ON SCENE (DESK REPORT)","NO INJURY / DRIVE AWAY",,,,"$501 - $1,500","2026-02-20T17:00:00.000","UNABLE TO DETERMINE","UNABLE TO DETERMINE","12254","S","HALSTED ST","524",,,,,,,"2","NO INDICATION OF INJURY","0","0","0","0","0","2","0","20","2","2","41.6707405485","-87.6418182082","POINT (-87.641818208184 41.670740548498)"
"ee718b83862bdecb32f1eec290101aa7309e47317afc40610e169688ac3081a065a0d221478d515cd40444ddb319306f64a9d2651d05a689db11121729e93767",,"2026-02-16T20:40:00.000","30","NO CONTROLS","NO CONTROLS","CLEAR","DARKNESS, LIGHTED ROAD","SIDESWIPE SAME DIRECTION","DIVIDED - W/MEDIAN (NOT RAISED)",,"STRAIGHT AND LEVEL","DRY","NO DEFECTS","ON SCENE","NO INJURY / DRIVE AWAY",,,,"$501 - $1,500","2026-02-16T20:41:00.000","IMPROPER LANE USAGE","FAILING TO REDUCE SPEED TO AVOID CRASH","1827","W","59TH ST","714",,,,,,,"2","NO INDICATION OF INJURY","0","0","0","0","0","2","0","20","2","2","41.786562846","-87.6703170018","POINT (-87.670317001768 41.786562845992)"
"3fa2dcdad1e7ae6b0f581a701f5ead2398daeefd46e0c80bc888c6058345479d597de93bf4d6e3f1cd6cf0d901c8aad4294891d74e8597557c67bd2794150fce",,"2026-02-16T20:35:00.000","35","TRAFFIC SIGNAL","FUNCTIONING PROPERLY","CLEAR","DARKNESS, LIGHTED ROAD","REAR TO FRONT","PARKING LOT",,"STRAIGHT AND LEVEL","DRY","NO DEFECTS",,"NO INJURY / DRIVE AWAY","Y",,,"OVER $1,500","2026-02-16T20:57:00.000","UNABLE TO DETERMINE","NOT APPLICABLE","1286","N","LARRABEE ST","1822",,,,,,,"2","NO INDICATION OF INJURY","0","0","0","0","0","2","0","20","2","2","41.9050399209","-87.6434058975","POINT (-87.643405897474 41.905039920926)"
"3d9fae21109fce90d345ca19e2e543ed978304f2bb08f0204edbd91ee25c1ef70ec9c266caa085fed853fdd7ac708546f5f6d025aced69951264b8a1b82627c9",,"2026-02-16T20:30:00.000","10","NO CONTROLS","NO CONTROLS","CLEAR","DAYLIGHT","PARKED MOTOR VEHICLE","PARKING LOT",,"STRAIGHT AND LEVEL","DRY","NO DEFECTS","NOT ON SCENE (DESK REPORT)","NO INJURY / DRIVE AWAY",,,"Y","OVER $1,500","2026-02-19T11:10:00.000","NOT APPLICABLE","NOT APPLICABLE","300","E","OHIO ST","1834",,,,,,,"2","NO INDICATION OF INJURY","0","0","0","0","0","1","0","20","2","2","41.8927105846","-87.6201306584","POINT (-87.620130658406 41.892710584594)"
"1bc258071aecece211b308e4bc19ece8dbabe92a0f030f3bc6f38c0c80a41ec35f8cd713873b58031c289bde69c17ad8d72c71a943934e972e16c8ff81bdcc79",,"2026-02-16T20:15:00.000","20","NO CONTROLS","NO CONTROLS","CLEAR","DARKNESS, LIGHTED ROAD","HEAD ON","NOT DIVIDED",,"STRAIGHT AND LEVEL","DRY","NO DEFECTS","ON SCENE","INJURY AND / OR TOW DUE TO CRASH",,,,"$501 - $1,500","2026-02-16T20:15:00.000","UNABLE TO DETERMINE","UNABLE TO DETERMINE","623","W","97TH ST","2223",,,,,,,"2","NONINCAPACITATING INJURY","1","0","0","1","0","3","0","20","2","2","41.7177705905","-87.639319967","POINT (-87.639319966977 41.717770590499)"
"572d7a0fa086fe7129d6b06bfbda454dce453f0cdde4a598edfa07aa2fc709b5cd401e38dd445ccf609aa0113d2791794b7cf57ce677ab95d364bc98941c8e23",,"2026-02-16T20:15:00.000","30","STOP SIGN/FLASHER","FUNCTIONING PROPERLY","CLEAR","DARKNESS, LIGHTED ROAD","REAR TO FRONT","FOUR WAY",,"STRAIGHT AND LEVEL","DRY","NO DEFECTS","NOT ON SCENE (DESK REPORT)","NO INJURY / DRIVE AWAY","Y",,"Y","OVER $1,500","2026-02-17T15:15:00.000","IMPROPER BACKING","UNABLE TO DETERMINE","1998","W","86TH ST","614",,,,,,,"2","NO INDICATION OF INJURY","0","0","0","0","0","2","0","20","2","2","41.7375922456","-87.6727738084","POINT (-87.672773808448 41.73759224561)"
"b98b39ce93534233bdd43024140d93113ddf852793650ce7055a55d0260f27a728c663a3692d01e0072f9b99edbba9c125ec07cee65364cde830c84c0e6ef4e1",,"2026-02-16T20:15:00.000","30","TRAFFIC SIGNAL","FUNCTIONING PROPERLY","CLEAR","DARKNESS, LIGHTED ROAD","TURNING","FOUR WAY",,"STRAIGHT AND LEVEL","DRY","UNKNOWN","NOT ON SCENE (DESK REPORT)","NO INJURY / DRIVE AWAY","Y",,"Y","OVER $1,500","2026-02-17T10:00:00.000","DISREGARDING TRAFFIC SIGNALS","FAILING TO REDUCE SPEED TO AVOID CRASH","630","W","ROOSEVELT RD","124",,,,,,,"2","NO INDICATION OF INJURY","0","0","0","0","0","4","0","20","2","2","41.8673121936","-87.6434342224","POINT (-87.643434222392 41.867312193568)"
"5ea499258e3d4cf51a5e59975af49af16a016b0c97a237e1095c64b92245a0726fe57aa2e4604ad3d00feae17a3c5c0ace9e91ccd652ad1a725ed3520d54c9fa",,"2026-02-16T20:00:00.000","25","STOP SIGN/FLASHER","NO CONTROLS","CLEAR","DARKNESS, LIGHTED ROAD","PARKED MOTOR VEHICLE","NOT DIVIDED",,"STRAIGHT AND LEVEL","DRY","NO DEFECTS","NOT ON SCENE (DESK REPORT)","NO INJURY / DRIVE AWAY",,,"Y","OVER $1,500","2026-02-16T20:53:00.000","UNABLE TO DETERMINE","NOT APPLICABLE","6200","S","ARTESIAN AVE","825",,,,,,,"2","NO INDICATION OF INJURY","0","0","0","0","0","1","0","20","2","2","41.7809737364","-87.6850550506","POINT (-87.685055050641 41.780973736428)"
"7b74c76317684a1b028751a734254473967fd6b3ffa12ccd96b6c11ac357819a38ae2e460b2365dbf68ad7d84c314c99d484a19eade3253149c4aa9d82c2cf83",,"2026-02-16T19:52:00.000","30","NO CONTROLS","NO CONTROLS","CLEAR","DARKNESS, LIGHTED ROAD","SIDESWIPE SAME DIRECTION","NOT DIVIDED",,"STRAIGHT AND LEVEL","DRY","NO DEFECTS","ON SCENE","NO INJURY / DRIVE AWAY",,,,"$501 - $1,500","2026-02-16T19:52:00.000","FAILING TO YIELD RIGHT-OF-WAY","NOT APPLICABLE","420","W","BELMONT AVE","1925",,,,,,,"2","NO INDICATION OF INJURY","0","0","0","0","0","3","0","19","2","2","41.9402128873","-87.6404497737","POINT (-87.640449773738 41.94021288734)"
"be67aaf1e24f7c3d707929432599a11fc8d67463eba4b6e97209bf0ba6c1121272227ef6b81570dc5c7edf6e440f7dd774bbb5bc9970c3a8d729188afac7da82",,"2026-02-16T19:52:00.000","30","TRAFFIC SIGNAL","FUNCTIONING PROPERLY","CLEAR","DARKNESS, LIGHTED ROAD","REAR END","ONE-WAY",,"STRAIGHT AND LEVEL","DRY","NO DEFECTS","ON SCENE","INJURY AND / OR TOW DUE TO CRASH",,,"Y","$501 - $1,500","2026-02-16T19:54:00.000","FAILING TO REDUCE SPEED TO AVOID CRASH","UNABLE TO DETERMINE","5444","S","MICHIGAN AVE","225",,,,,,,"2","REPORTED, NOT EVIDENT","2","0","0","0","2","1","0","19","2","2","41.7951616114","-87.6226246614","POINT (-87.622624661429 41.795161611448)"
"201035a41a40202e20d4fd7d1752cd4f6a578935ac4587b9befb9d0a348c9c1f31804226c2d406bbae392fb276d9f3445e942d51f11aa2ce487113bf6d07a421",,"2026-02-16T19:45:00.000","30","TRAFFIC SIGNAL","UNKNOWN","CLEAR","DARKNESS, LIGHTED ROAD","TURNING","FOUR WAY",,"STRAIGHT AND LEVEL","DRY","WORN SURFACE","ON SCENE","NO INJURY / DRIVE AWAY","Y",,,"$500 OR LESS","2026-02-16T19:50:00.000","UNABLE TO DETERMINE","NOT APPLICABLE","3200","W","38TH ST","911",,,,,,,"2","NO INDICATION OF INJURY","0","0","0","0","0","3","0","19","2","2","41.8245065769","-87.7045813559","POINT (-87.704581355902 41.824506576894)"
"cb36c9f43c89a4c4047ec588ee214a99930581dd66caa75211783c38e3c442c87a6b178a858ba93b15dcb84fa4a0d2c1ab7ae9459a5c6317008ee690f03189a5",,"2026-02-16T19:45:00.000","30","TRAFFIC SIGNAL","FUNCTIONING PROPERLY","CLEAR","DARKNESS, LIGHTED ROAD","SIDESWIPE SAME DIRECTION","FOUR WAY",,"STRAIGHT AND LEVEL","DRY","NO DEFECTS","ON SCENE","NO INJURY / DRIVE AWAY","N",,,"$501 - $1,500","2026-02-16T19:46:00.000","UNABLE TO DETERMINE","UNABLE TO DETERMINE","2403","W","MARQUETTE RD","832",,,,,,,"2","NO INDICATION OF INJURY","0","0","0","0","0","4","0","19","2","2","41.7718651721","-87.6835859933","POINT (-87.683585993301 41.771865172136)"
"7162a63e5133bfbe7e515ead971e8d5b279c90e9ce72cef8665e1b9f358d507293fd798eb174046ed6bc4d2b9957ce083ba9320f0eb4d9b774f16ab593d934bd",,"2026-02-16T19:43:00.000","30","TRAFFIC SIGNAL","FUNCTIONING PROPERLY","CLEAR","DARKNESS, LIGHTED ROAD","TURNING","DIVIDED - W/MEDIAN (NOT RAISED)",,"STRAIGHT AND LEVEL","DRY","UNKNOWN","ON SCENE","INJURY AND / OR TOW DUE TO CRASH","Y",,,"OVER $1,500","2026-02-16T19:45:00.000","FAILING TO YIELD RIGHT-OF-WAY","NOT APPLICABLE","4600","N","CICERO AVE","1623",,,,,,,"2","NO INDICATION OF INJURY","0","0","0","0","0","3","0","19","2","2","41.9644511676","-87.7477764313","POINT (-87.747776431281 41.964451167552)"
"18c18aaa6ffc1b217f5ac5e82a00f67492b019adbd67c41ffe4006c52c3e3506506a833adbef51ce93d5aefae56bf1b20c697c782e02649906c68e46953c74e4",,"2026-02-16T19:35:00.000","30","NO CONTROLS","NO CONTROLS","CLEAR","DARKNESS, LIGHTED ROAD","PARKED MOTOR VEHICLE","NOT DIVIDED",,"STRAIGHT AND LEVEL","DRY","NO DEFECTS","ON SCENE","NO INJURY / DRIVE AWAY",,,,"$500 OR LESS","2026-02-16T19:35:00.000","UNABLE TO DETERMINE","NOT APPLICABLE","1838","W","47TH ST","924",,,,,,,"2","NO INDICATION OF INJURY","0","0","0","0","0","8","0","19","2","2","41.8086517103","-87.6713578609","POINT (-87.67135786094 41.80865171031)"
"6e3006741fed96b0c3601c09da3f0fa125512f841da24bba17c7dfd8f3eea8a3a827a2acc12074854bcdb4a244d5d642686709ae9f5a518f5b2bca335cd0ca0b",,"2026-02-16T19:35:00.000","30","NO CONTROLS","NO CONTROLS","CLEAR","DARKNESS, LIGHTED ROAD","PARKED MOTOR VEHICLE","ONE-WAY",,"STRAIGHT AND LEVEL","DRY","NO DEFECTS","NOT ON SCENE (DESK REPORT)","NO INJURY / DRIVE AWAY",,,,"$501 - $1,500","2026-02-16T20:13:00.000","FOLLOWING TOO CLOSELY","NOT APPLICABLE","6352","N","CLAREMONT AVE","2413",,,,,,,"2","NO INDICATION OF INJURY","0","0","0","0","0","1","0","19","2","2","41.9974875477","-87.6888017985","POINT (-87.68880179849 41.997487547656)"
"d6ee45f3fb2f1f56e694d78598607d866c253834eee47832949e3a508943f4cafa5885f3786aacf94f77781b0fe828f75974b087a0d031b4f6c702e98979f189","Y","2026-02-16T19:35:00.000","30","NO CONTROLS","NO CONTROLS","CLEAR","DARKNESS, LIGHTED ROAD","SIDESWIPE SAME DIRECTION","DIVIDED - W/MEDIAN (NOT RAISED)",,"STRAIGHT AND LEVEL","DRY","NO DEFECTS",,"NO INJURY / DRIVE AWAY",,,,"$501 - $1,500","2026-02-16T19:39:00.000","UNABLE TO DETERMINE","NOT APPLICABLE","3147","N","CICERO AVE","2521",,,,,,,"3","NO INDICATION OF INJURY","0","0","0","0","0","4","0","19","2","2","41.9384293342","-87.7467230111","POINT (-87.746723011061 41.938429334213)"
"55d44213140c57d958dcf25c868ff4cc1313899227a4a272c8444575c05b6f4abd225d2faf113119288fc84f330e0a27e202e70869c2efdb44b55bb2b8ea1721",,"2026-02-16T19:30:00.000","30","TRAFFIC SIGNAL","FUNCTIONING PROPERLY","CLEAR","DARKNESS","PEDESTRIAN","NOT DIVIDED",,"STRAIGHT AND LEVEL","DRY","NO DEFECTS","ON SCENE","INJURY AND / OR TOW DUE TO CRASH",,,"Y","OVER $1,500","2026-02-20T16:01:00.000","FAILING TO YIELD RIGHT-OF-WAY","NOT APPLICABLE","11900","S","HALSTED ST","524",,,,,,,"2","FATAL","1","1","0","0","0","1","0","19","2","2","41.6777208292","-87.642051845","POINT (-87.642051844982 41.677720829248)"