"crash_record_id","crash_date_est_i","crash_date","posted_speed_limit","traffic_control_device","device_condition","weather_condition","lighting_condition","first_crash_type","trafficway_type","lane_cnt","alignment","roadway_surface_cond","road_defect","report_type","crash_type","intersection_related_i","private_property_i","hit_and_run_i","damage","date_police_notified","prim_contributory_cause","sec_contributory_cause","street_no","street_direction","street_name","beat_of_occurrence","photos_taken_i","statements_taken_i","dooring_i","work_zone_i","work_zone_type","workers_present_i","num_units","most_severe_injury","injuries_total","injuries_fatal","injuries_incapacitating","injuries_non_incapacitating","injuries_reported_not_evident","injuries_no_indication","injuries_unknown","crash_hour","crash_day_of_week","crash_month","latitude","longitude","location"
"8fd85ea9bdd7680a84b2992706bb60ab8d445391ce30922c32c269d6647b9de035ccedf4f2cac1fce69c02408e748632b527da31aa2aaac2d8496f14f4fd7525",,"2026-02-16T19:30:00.000","10","NO CONTROLS","NO CONTROLS","CLEAR","DARKNESS, LIGHTED ROAD","PARKED MOTOR VEHICLE","PARKING LOT",,"STRAIGHT AND LEVEL","DRY","NO DEFECTS","NOT ON SCENE (DESK REPORT)","NO INJURY / DRIVE AWAY",,,"Y","OVER $1,500","2026-02-16T20:50:00.000","UNABLE TO DETERMINE","UNABLE TO DETERMINE","322","W","VAN BUREN ST","122",,,,,,,"2","NO INDICATION OF INJURY","0","0","0","0","0","1","0","19","2","2","41.8769275962","-87.6358457974","POINT (-87.635845797394 41.876927596188)"
"64d3a5f45c642e290ec84189cc561428bfb91365e95b250adcb298444444eaf30106cf186260147fb757551884b179020ffd3609494f3b1ec1d1815db6c0d2d9",,"2026-02-16T19:20:00.000","35","STOP SIGN/FLASHER","NO CONTROLS","CLEAR","DARKNESS, LIGHTED ROAD","REAR END","FOUR WAY",,"STRAIGHT AND LEVEL","DRY","NO DEFECTS",,"INJURY AND / OR TOW DUE TO CRASH","Y",,,"OVER $1,500","2026-02-16T19:37:00.000","UNABLE TO DETERMINE","NOT APPLICABLE","6900","S","PRAIRIE AVE","322",,,,,,,"2","NONINCAPACITATING INJURY","2","0","0","2","0","1","0","19","2","2","41.7692320454","-87.6187182341","POINT (-87.618718234125 41.769232045397)"
"d7f96970dbbbf0d05fe5f7a3b90c1fedd80364b760c6f69a1922f1ea1ea41454f260d1a7365f223185caa372c2e0f554a33a07b79d5a1880ae8a1b49eee92868",,"2026-02-16T19:17:00.000","30","TRAFFIC SIGNAL","FUNCTIONING PROPERLY","CLEAR","DARKNESS, LIGHTED ROAD","TURNING","FOUR WAY",,"STRAIGHT AND LEVEL","DRY","NO DEFECTS","ON SCENE","INJURY AND / OR TOW DUE TO CRASH","Y",,,"OVER $1,500","2026-02-16T19:17:00.000","UNABLE TO DETERMINE","UNABLE TO DETERMINE","2801","W","LOGAN BLVD","1414",,,,,,,"2","NONINCAPACITATING INJURY","1","0","0","1","0","2","0","19","2","2","41.9283554674","-87.6975745745","POINT (-87.697574574536 41.928355467363)"
"5897cd164bddd5ac072c200f5a1eb7cfbef03bb1849db045e7cad801cdb0b21cc670fa3069e6b87adc4db3a9f8e4d27fb9d12c75c91c730307d04c34904d8e4b","Y","2026-02-16T19:00:00.000","30","NO CONTROLS","NO CONTROLS","CLEAR","DARKNESS, LIGHTED ROAD","PARKED MOTOR VEHICLE","NOT DIVIDED",,"STRAIGHT AND LEVEL","UNKNOWN","NO DEFECTS","NOT ON SCENE (DESK REPORT)","NO INJURY / DRIVE AWAY",,,"Y","OVER $1,500","2026-02-17T17:30:00.000","UNABLE TO DETERMINE","NOT APPLICABLE","3135","W","BELMONT AVE","1411",,,,,,,"2","NO INDICATION OF INJURY","0","0","0","0","0","1","0","19","2","2","41.9392339901","-87.7061381956","POINT (-87.706138195583 41.939233990144)"
"7b0e8014173001203cf53770124f8ec3bf2656cf966ca5d5883060ab9a0fdbe4fa139e69491cd5aa4c1d8fd8b78dba53327dcad81e51f5377730bd6f7a383cd7","N","2026-02-16T19:00:00.000","30","NO CONTROLS","NO CONTROLS","CLEAR","DARKNESS, LIGHTED ROAD","PARKED MOTOR VEHICLE","ONE-WAY",,"STRAIGHT AND LEVEL","DRY","NO DEFECTS","ON SCENE","NO INJURY / DRIVE AWAY",,,"Y","OVER $1,500","2026-02-16T21:00:00.000","UNABLE TO DETERMINE","FAILING TO REDUCE SPEED TO AVOID CRASH","3536","W","FULTON BLVD","1123",,,,,,,"2","NO INDICATION OF INJURY","0","0","0","0","0","1","0","19","2","2","41.8864076709","-87.715053056","POINT (-87.715053056042 41.886407670864)"
"f9dfb719037f7f7896432993c3b863ba7611f2053781ccc80b389d502639d6b01f98d8db2e4c259a1c39d960a35d1c8f536cf7d97e32bb3432b59ceff1e8c00d",,"2026-02-16T19:00:00.000","30","NO CONTROLS","NO CONTROLS","CLEAR","DARKNESS, LIGHTED ROAD","PARKED MOTOR VEHICLE","DIVIDED - W/MEDIAN BARRIER",,"STRAIGHT AND LEVEL","DRY","UNKNOWN","ON SCENE","INJURY AND / OR TOW DUE TO CRASH",,,,"OVER $1,500","2026-02-16T19:02:00.000","FAILING TO REDUCE SPEED TO AVOID CRASH","IMPROPER LANE USAGE","2616","S","WENTWORTH AVE","914",,,,,,,"2","REPORTED, NOT EVIDENT","3","0","0","0","3","1","0","19","2","2","41.8450051604","-87.6319659949","POINT (-87.631965994866 41.845005160363)"
"85ad1e6f7c968040d3792cac7fad81ac706355848858ddc61d39d0049d20db225764cece0d612e1dc04010b0c8bfe39144a81ca8e9fe78a4062c1aa5f0928e78",,"2026-02-16T18:50:00.000","30","NO CONTROLS","NO CONTROLS","CLEAR","DARKNESS, LIGHTED ROAD","TURNING","NOT DIVIDED",,"STRAIGHT AND LEVEL","DRY","UNKNOWN","NOT ON SCENE (DESK REPORT)","NO INJURY / DRIVE AWAY",,,,"OVER $1,500","2026-02-16T19:30:00.000","UNABLE TO DETERMINE","NOT APPLICABLE","3540","N","HARLEM AVE","1631",,,,,,,"2","NO INDICATION OF INJURY","0","0","0","0","0","2","0","18","2","2","41.9446635395","-87.8071294831","POINT (-87.807129483071 41.944663539543)"
"d807e79938c33b6669722099b989a654c16a8603248161ed7246b03362851004944e397c0d4bfb5f5dd53ada7737b8b75d847454411dbca42105452e6140d5bf",,"2026-02-16T18:50:00.000","30","TRAFFIC SIGNAL","FUNCTIONING PROPERLY","UNKNOWN","UNKNOWN","SIDESWIPE SAME DIRECTION","NOT DIVIDED",,"STRAIGHT AND LEVEL","UNKNOWN","UNKNOWN","NOT ON SCENE (DESK REPORT)","NO INJURY / DRIVE AWAY",,,,"OVER $1,500","2026-02-16T19:23:00.000","UNABLE TO DETERMINE","NOT APPLICABLE","5224","N","BROADWAY","2013",,,,,,,"2","NO INDICATION OF INJURY","0","0","0","0","0","2","0","18","2","2","41.977089945","-87.660033687","POINT (-87.66003368701 41.977089944963)"
"5cb78fa2c9244fd68a4c705aac91f2ec3d8fde7d30da2bff2f2cbfd1bafc438d168977cbb872e3a07737878ae47babca5736ecb64914cceaf07b7c6fd7bdb84e",,"2026-02-16T18:45:00.000","30","TRAFFIC SIGNAL","FUNCTIONING PROPERLY","UNKNOWN","DARKNESS, LIGHTED ROAD","SIDESWIPE SAME DIRECTION","FOUR WAY",,"STRAIGHT AND LEVEL","DRY","NO DEFECTS","NOT ON SCENE (DESK REPORT)","NO INJURY / DRIVE AWAY",,,"Y","OVER $1,500","2026-02-23T19:40:00.000","IMPROPER OVERTAKING/PASSING","FAILING TO YIELD RIGHT-OF-WAY","7200","W","DEVON AVE","1611",,,,,,,"2","NO INDICATION OF INJURY","0","0","0","0","0","2","0","18","2","2","41.997879311","-87.8068505411","POINT (-87.806850541081 41.997879310965)"
"80da20ef10f22fc0099cd43b5ad946d13ba824f8d53f866261e910bc4ce50ddf5095a640351758ea07443be4994bf7f0353c7c05be5f162df0bb5f00695b7096",,"2026-02-16T18:30:00.000","25","NO CONTROLS","NO CONTROLS","CLEAR","DARKNESS, LIGHTED ROAD","REAR END","ONE-WAY",,"STRAIGHT AND LEVEL","DRY","UNKNOWN","NOT ON SCENE (DESK REPORT)","NO INJURY / DRIVE AWAY",,,,"OVER $1,500","2026-02-16T18:55:00.000","UNABLE TO DETERMINE","UNABLE TO DETERMINE","2217","S","MILLARD AVE","1013",,,,,,,"2","NO INDICATION OF INJURY","0","0","0","0","0","5","0","18","2","2","41.8510088544","-87.7160515572","POINT (-87.716051557181 41.851008854437)"
"0d38dba126a05412e156cc6448393b970f8efa312ed9430245429e45575407bf028940441376316601fc222e34f82dbe4fe855cf496c98be01b25adf22e7eb88",,"2026-02-16T18:29:00.000","25","NO CONTROLS","NO CONTROLS","UNKNOWN","UNKNOWN","SIDESWIPE SAME DIRECTION","NOT DIVIDED",,"STRAIGHT AND LEVEL","UNKNOWN","UNKNOWN","NOT ON SCENE (DESK REPORT)","NO INJURY / DRIVE AWAY",,,"Y","OVER $1,500","2026-02-16T20:35:00.000","IMPROPER OVERTAKING/PASSING","NOT APPLICABLE","524","W","75TH ST","732",,,,,,,"2","NO INDICATION OF INJURY","0","0","0","0","0","2","0","18","2","2","41.7581279123","-87.6380313767","POINT (-87.638031376723 41.758127912251)"
"8939c44b24caf7e16a2167f730163e801e4696c3372cfdf567d29719c728e5480fbb2450df579b15ce94905850fd5cd052e64484376e043e259d56f7026c4d9e",,"2026-02-16T18:18:00.000","30","TRAFFIC SIGNAL","FUNCTIONING PROPERLY","CLEAR","DARKNESS, LIGHTED ROAD","TURNING","OTHER",,"STRAIGHT AND LEVEL","DRY","UNKNOWN","ON SCENE","NO INJURY / DRIVE AWAY",,,,"OVER $1,500","2026-02-16T18:20:00.000","IMPROPER TURNING/NO SIGNAL","NOT APPLICABLE","7101","S","STONY ISLAND AVE","324",,,,,,,"2","NO INDICATION OF INJURY","0","0","0","0","0","4","0","18","2","2","41.7659368587","-87.5857724234","POINT (-87.585772423353 41.765936858728)"
"49a553f6ca86c9b10d508665b2ecc47e0b57ef947b827de903d8ec1240a18b4091cdbacdf6f402ea4e0ec4cd0e2112b9ce3aa3aed9e5142712c6973c3efd5b9f",,"2026-02-16T18:14:00.000","30","PEDESTRIAN CROSSING SIGN","FUNCTIONING PROPERLY","CLEAR","DARKNESS, LIGHTED ROAD","PEDESTRIAN","NOT DIVIDED",,"STRAIGHT AND LEVEL","DRY","NO DEFECTS","ON SCENE","INJURY AND / OR TOW DUE TO CRASH",,,,"$500 OR LESS","2026-02-16T18:14:00.000","VISION OBSCURED (SIGNS, TREE LIMBS, BUILDINGS, ETC.)","NOT APPLICABLE","1100","W","DIVERSEY PKWY","1933",,,,,,,"2","NONINCAPACITATING INJURY","1","0","0","1","0","1","0","18","2","2","41.9327054566","-87.6564087867","POINT (-87.656408786714 41.932705456624)"
"ae9babefd033775a8be982af912518515294003b2cf9759daee64cda3fa7e49e2ef6b5fa07f555a672c62ecad70df215cf546c3f70517e0caadb6135e983d673",,"2026-02-16T18:13:00.000","30","NO CONTROLS","NO CONTROLS","CLEAR","DARKNESS, LIGHTED ROAD","PEDALCYCLIST","DIVIDED - W/MEDIAN (NOT RAISED)",,"STRAIGHT AND LEVEL","DRY","NO DEFECTS","ON SCENE","INJURY AND / OR TOW DUE TO CRASH",,,,"OVER $1,500","2026-02-16T18:13:00.000","UNABLE TO DETERMINE","UNABLE TO DETERMINE","234","S","MICHIGAN AVE","113",,,,,,,"2","NONINCAPACITATING INJURY","1","0","0","1","0","1","0","18","2","2","41.8787027313","-87.6244669157","POINT (-87.624466915706 41.878702731287)"
"77521b25b859d19dc742bcc76d56bf5695d944aa63dbd7addcf69f93c624fc2b8ff49192aed726bf77b60d230381f4276184237127f6553b53f96b81dd482310",,"2026-02-16T18:05:00.000","30","TRAFFIC SIGNAL","FUNCTIONING PROPERLY","CLEAR","DARKNESS, LIGHTED ROAD","TURNING","ONE-WAY",,"STRAIGHT AND LEVEL","DRY","NO DEFECTS",,"NO INJURY / DRIVE AWAY",,,,"OVER $1,500","2026-02-16T19:30:00.000","IMPROPER TURNING/NO SIGNAL","IMPROPER TURNING/NO SIGNAL","36","W","RANDOLPH ST","111",,,,,,,"2","NO INDICATION OF INJURY","0","0","0","0","0","2","0","18","2","2","41.884590847","-87.6292360117","POINT (-87.629236011711 41.884590846977)"
"a245f9a1f45893d9e6d40cbe23e584231ab9e6510f851da4ebd98e69ec83507dc30477baacef3b229e14cc0a70e59f04a390b17972e9929285d6795ac528fc78",,"2026-02-16T18:00:00.000","30","TRAFFIC SIGNAL","NO CONTROLS","UNKNOWN","DUSK","TURNING","NOT DIVIDED",,"STRAIGHT AND LEVEL","UNKNOWN","NO DEFECTS","NOT ON SCENE (DESK REPORT)","NO INJURY / DRIVE AWAY",,,,"$501 - $1,500","2026-02-24T15:00:00.000","UNABLE TO DETERMINE","NOT APPLICABLE","1550","W","87TH ST","614",,,,,,,"2","NO INDICATION OF INJURY","0","0","0","0","0","2","0","18","2","2","41.7359055256","-87.6626704059","POINT (-87.66267040585 41.735905525581)"
"2640d93255a4613882aade023e3858a419cbee1dae8c2a8067d661f9679b740375593aff0b1dfcc46e107a55c42aedea1f71bbf70d3e3e53d5d9d813d5c9e2d4","N","2026-02-16T17:54:00.000","30","NO CONTROLS","FUNCTIONING PROPERLY","CLEAR","DARKNESS, LIGHTED ROAD","ANGLE","DIVIDED - W/MEDIAN (NOT RAISED)",,"STRAIGHT AND LEVEL","DRY","NO DEFECTS","ON SCENE","NO INJURY / DRIVE AWAY","Y",,"Y","OVER $1,500","2026-02-16T17:54:00.000","UNABLE TO DETERMINE","UNABLE TO DETERMINE","3834","N","CICERO AVE","1634",,,,,,,"2","NO INDICATION OF INJURY","0","0","0","0","0","2","0","17","2","2","41.9508282636","-87.747389559","POINT (-87.747389559024 41.950828263646)"
"d31c823b1e94875a12dbc92c0234a75fd5ac2d084f680a7217f1b9530fc68c8fc5547caa7be13e9ed240980a8b085a3343572d9065dfca59b55d2dcb6ff6fdcc",,"2026-02-16T17:53:00.000","30","TRAFFIC SIGNAL","UNKNOWN","CLEAR","DARKNESS, LIGHTED ROAD","REAR END","DIVIDED - W/MEDIAN (NOT RAISED)",,"STRAIGHT AND LEVEL","DRY","UNKNOWN","NOT ON SCENE (DESK REPORT)","NO INJURY / DRIVE AWAY",,,,"OVER $1,500","2026-02-16T19:00:00.000","UNABLE TO DETERMINE","NOT APPLICABLE","4000","W","DIVERSEY AVE","2523",,,,,,,"2","NO INDICATION OF INJURY","0","0","0","0","0","2","0","17","2","2","41.9318977231","-87.7271050305","POINT (-87.727105030454 41.931897723146)"
"29a238c9f9589c72af75dc76ffd6b975f973efa83dd3bbbdd454c35ac1ccde6250dd190ac82621eb884e74fc74c52c775adeccb2424e01d64bd90cd15a01586a",,"2026-02-16T17:50:00.000","30","TRAFFIC SIGNAL","FUNCTIONING PROPERLY","UNKNOWN","UNKNOWN","SIDESWIPE SAME DIRECTION","NOT DIVIDED",,"STRAIGHT AND LEVEL","UNKNOWN","UNKNOWN","NOT ON SCENE (DESK REPORT)","NO INJURY / DRIVE AWAY",,,,"OVER $1,500","2026-02-17T19:59:00.000","UNABLE TO DETERMINE","NOT APPLICABLE","1133","W","FOSTER AVE","2033",,,,,,,"2","NO INDICATION OF INJURY","0","0","0","0","0","3","0","17","2","2","41.9762223093","-87.6591993188","POINT (-87.659199318843 41.976222309308)"
"9b4aa72143a305901cf82ce4d8b7dafbd1dd83bd21a447b00b1a627fd7df40bee41f8c34ed558f33f86c21ab047fce7bbf1a8dafa3fcae9a83bb2f599b9e7faf",,"2026-02-16T17:40:00.000","10","NO CONTROLS","NO CONTROLS","CLEAR","DAYLIGHT","PARKED MOTOR VEHICLE","PARKING LOT",,"STRAIGHT AND LEVEL","DRY","NO DEFECTS","NOT ON SCENE (DESK REPORT)","NO INJURY / DRIVE AWAY",,"Y",,"OVER $1,500","2026-02-16T18:15:00.000","IMPROPER LANE USAGE","NOT APPLICABLE","11800","S","AVENUE O","433",,,,,,,"2","NO INDICATION OF INJURY","0","0","0","0","0","1","0","17","2","2","41.6808546173","-87.5402494361","POINT (-87.540249436106 41.680854617279)"
"9b82d2f079cae65fe8513061c8897b3cf2097764f44404054e778018cda60896c9a43fa8218a380f7efa6326ab7875937e281df3dbb8933f92dba8421ef03055",,"2026-02-16T17:40:00.000","25","STOP SIGN/FLASHER","FUNCTIONING PROPERLY","CLEAR","DARKNESS, LIGHTED ROAD","TURNING","FOUR WAY",,"STRAIGHT AND LEVEL","DRY","NO DEFECTS",,"INJURY AND / OR TOW DUE TO CRASH","Y",,,"$501 - $1,500","2026-02-16T17:40:00.000","FAILING TO YIELD RIGHT-OF-WAY","IMPROPER OVERTAKING/PASSING","4301","W","NORTH AVE","2534",,,,,,,"2","NONINCAPACITATING INJURY","2","0","0","1","1","2","0","17","2","2","41.9096762225","-87.7339238611","POINT (-87.733923861125 41.909676222517)"
"931a4580767407abe2ac4b9b765772c26c02fe14d8f71017538f246016a5f4c9577268c48d08829d4fc41e5aad9840d4ef2b2855762deee1da1c5ece41bc8c5c",,"2026-02-16T17:25:00.000","30","STOP SIGN/FLASHER","UNKNOWN","UNKNOWN","UNKNOWN","ANGLE","UNKNOWN INTERSECTION TYPE",,"STRAIGHT AND LEVEL","UNKNOWN","UNKNOWN","NOT ON SCENE (DESK REPORT)","NO INJURY / DRIVE AWAY","Y",,"Y","OVER $1,500","2026-02-16T18:11:00.000","UNABLE TO DETERMINE","UNABLE TO DETERMINE","4301","W","GRAND AVE","2534",,,,,,,"2","NO INDICATION OF INJURY","0","0","0","0","0","2","0","17","2","2","41.909038637","-87.7339908731","POINT (-87.733990873125 41.909038636955)"
"35288db774b02342d1ee90bde33a1b2c14194ce75a12ceef28ceaec2a36efc79a931bcc10d7f19722f01da3bcdddeeb7323bfc572e0f5a7f1357f6d136a275ea",,"2026-02-16T17:16:00.000","30","NO CONTROLS","NO CONTROLS","CLEAR","DAYLIGHT","TURNING","NOT DIVIDED",,"STRAIGHT AND LEVEL","DRY","NO DEFECTS","ON SCENE","NO INJURY / DRIVE AWAY","Y",,,"$501 - $1,500","2026-02-16T17:16:00.000","IMPROPER OVERTAKING/PASSING","IMPROPER OVERTAKING/PASSING","13501","S","BUFFALO AVE","433",,,,,,,"2","NO INDICATION OF INJURY","0","0","0","0","0","2","0","17","2","2","41.6499316755","-87.5433693483","POINT (-87.543369348278 41.649931675454)"
"1fbae7dc92f43d39d4642515a4fbec21713f3492656ea13f05649de0dbfe23f18e8096b52ae65d773f3135e074e49ec28b4c46d879ae1c7101a89127d182abbb",,"2026-02-16T17:15:00.000","45","NO CONTROLS","NO CONTROLS","CLEAR","DAYLIGHT","REAR END","OTHER",,"STRAIGHT AND LEVEL","DRY","NO DEFECTS",,"INJURY AND / OR TOW DUE TO CRASH",,,,"OVER $1,500","2026-02-16T17:15:00.000","IMPROPER LANE USAGE","UNABLE TO DETERMINE","4700","S","LAKE SHORE DR NB","222",,,,,,,"2","NONINCAPACITATING INJURY","3","0","0","3","0","0","0","17","2","2","41.8105924989","-87.5893711119","POINT (-87.589371111902 41.810592498867)"
"2f6a23246ecf887194bfb6c215f466b85c2603f200523915013bc05d89d71af03cb76777bed925ff3febc91e75c9c87bc7278cbe1e87a2a1ad02fa0e28e56bd8",,"2026-02-16T17:15:00.000","30","NO CONTROLS","NO CONTROLS","CLEAR","DAYLIGHT","FIXED OBJECT","OTHER",,"STRAIGHT AND LEVEL","DRY","NO DEFECTS","ON SCENE","NO INJURY / DRIVE AWAY",,,,"OVER $1,500","2026-02-16T17:25:00.000","UNABLE TO DETERMINE","NOT APPLICABLE","2601","N","HOYNE AVE","1931",,,,,,,"1","NO INDICATION OF INJURY","0","0","0","0","0","1","0","17","2","2","41.9287117194","-87.6787013571","POINT (-87.678701357054 41.928711719395)"
"34b55da74e8086fe85aadb9e91ca49955ee44345e9ecec2b73cd143fea98c346622d09466c268dc4951e308ad85a26c02f61910a0eae0d0e85b5425f50f0954e","Y","2026-02-16T17:12:00.000","30","UNKNOWN","UNKNOWN","UNKNOWN","UNKNOWN","PARKED MOTOR VEHICLE","NOT DIVIDED",,"STRAIGHT AND LEVEL","UNKNOWN","UNKNOWN","NOT ON SCENE (DESK REPORT)","NO INJURY / DRIVE AWAY",,,"Y","OVER $1,500","2026-02-16T17:45:00.000","UNABLE TO DETERMINE","NOT APPLICABLE","328","E","75TH ST","323",,,,,,,"2","NO INDICATION OF INJURY","0","0","0","0","0","1","0","17","2","2","41.75848317","-87.6170413625","POINT (-87.617041362547 41.758483169984)"
"625691bb2ec577f838df4059a0551bfcbc2b1c9cf99a9c53c5c1b69364fcabc831e0e103877b402fe2dfda621be9594bd27629d04b6f34ee7a1ef7151c09348d",,"2026-02-16T17:10:00.000","30","TRAFFIC SIGNAL","FUNCTIONING PROPERLY","CLEAR","DUSK","SIDESWIPE SAME DIRECTION","NOT DIVIDED",,"STRAIGHT AND LEVEL","DRY","NO DEFECTS","ON SCENE","NO INJURY / DRIVE AWAY",,,"Y","OVER $1,500","2026-02-16T17:18:00.000","IMPROPER OVERTAKING/PASSING","NOT APPLICABLE","3600","N","PULASKI RD","1732",,,,,,,"2","NO INDICATION OF INJURY","0","0","0","0","0","5","0","17","2","2","41.9464159422","-87.727549491","POINT (-87.727549490998 41.94641594219)"
"42eeef9e1dd0761471c5066846c095009a0def1b5493365a519a97b2d1fbc4b0b1ae7a2b2bb14c22fdb8f73000fa39df26bb0fe453a76785ef525bd7309ca063",,"2026-02-16T17:00:00.000","0","TRAFFIC SIGNAL","FUNCTIONING PROPERLY","CLEAR","DARKNESS, LIGHTED ROAD","REAR END","DIVIDED - W/MEDIAN (NOT RAISED)",,"STRAIGHT AND LEVEL","DRY","NO DEFECTS","NOT ON SCENE (DESK REPORT)","NO INJURY / DRIVE AWAY",,,,"OVER $1,500","2026-02-17T08:00:00.000","UNABLE TO DETERMINE","NOT APPLICABLE","6700","S","STATE ST","322",,,,,,,"2","NO INDICATION OF INJURY","0","0","0","0","0","5","0","17","2","2","41.7726346256","-87.62527215","POINT (-87.62527215003 41.77263462564)"
"3161f828ed296e1680d1a2dcd378c2f3b390f5e6d378f97b7608d9c01af0663788185d35ea6384f0660f581dd02700da1397711de95b1e48a800a0c66e8d41bf",,"2026-02-16T16:51:00.000","30","TRAFFIC SIGNAL","FUNCTIONING PROPERLY","CLEAR","DAYLIGHT","TURNING","T-INTERSECTION",,"STRAIGHT AND LEVEL","DRY","NO DEFECTS","ON SCENE","INJURY AND / OR TOW DUE TO CRASH","Y",,"Y","OVER $1,500","2026-02-16T16:54:00.000","UNABLE TO DETERMINE","UNABLE TO DETERMINE","45","E","63RD ST","312",,"Y",,,,,"2","REPORTED, NOT EVIDENT","1","0","0","0","1","3","0","16","2","2","41.7799015962","-87.6235560969","POINT (-87.623556096868 41.779901596243)"
"982a7b500bdc9543ebed44e3d4764958dbc88df8c466b4486e42dac13d595883dc86ff2bd71c49bee81a2b4b7f8791c53e547e007bdb00cccd101a1c2a77cd1e",,"2026-02-16T16:50:00.000","30","NO CONTROLS","NO CONTROLS","CLEAR","DAYLIGHT","PARKED MOTOR VEHICLE","ONE-WAY",,"STRAIGHT AND LEVEL","DRY","UNKNOWN","NOT ON SCENE (DESK REPORT)","NO INJURY / DRIVE AWAY",,,,"OVER $1,500","2026-02-16T17:30:00.000","UNABLE TO DETERMINE","NOT APPLICABLE","540","E","80TH ST","624",,,"N",,,,"2","NO INDICATION OF INJURY","0","0","0","0","0","2","0","16","2","2","41.7494682277","-87.6108481109","POINT (-87.6108481109 41.749468227661)"
"2f5f43f33c7264956587571611cacdb31f61be7f6782e10cd1fe94e43e725f874097d561fa1ceb7a3df381c05cb3fadda7d213f63a76732e4dffdd9405f8b813",,"2026-02-16T16:48:00.000","30","TRAFFIC SIGNAL","FUNCTIONING PROPERLY","CLEAR","DAYLIGHT","TURNING","NOT DIVIDED",,"STRAIGHT AND LEVEL","DRY","NO DEFECTS","ON SCENE","NO INJURY / DRIVE AWAY","Y",,"Y","OVER $1,500","2026-02-16T16:48:00.000","FOLLOWING TOO CLOSELY","IMPROPER OVERTAKING/PASSING","301","N","PULASKI RD","1122",,,,,,,"2","NO INDICATION OF INJURY","0","0","0","0","0","2","0","16","2","2","41.8855364117","-87.7256591466","POINT (-87.725659146564 41.88553641168)"
"22ff2f6f044d2848c6b79f8de618a9a1864ae1a255824d28cced97133a1b291680dfb7568463565b4640f41784e79662241e993909acf061406730f7d7ce3086",,"2026-02-16T16:47:00.000","30","NO CONTROLS","NO CONTROLS","UNKNOWN","UNKNOWN","REAR END","NOT DIVIDED",,"STRAIGHT AND LEVEL","UNKNOWN","UNKNOWN","NOT ON SCENE (DESK REPORT)","NO INJURY / DRIVE AWAY",,,,"OVER $1,500","2026-02-16T17:32:00.000","UNABLE TO DETERMINE","NOT APPLICABLE","5601","N","LINCOLN AVE","2011",,,,,,,"2","NO INDICATION OF INJURY","0","0","0","0","0","2","0","16","2","2","41.9832497099","-87.6950780383","POINT (-87.695078038334 41.983249709865)"
"162a906d1284d8fe3c24a92320bf5b19f2d08973fbd05c7e87b24329aa96af8432b5b6c617c7c3aaf99566e8c708e29771c6932a914541fb03635fdf58cc2f9e",,"2026-02-16T16:45:00.000","30","NO CONTROLS","NO CONTROLS","CLEAR","DAYLIGHT","REAR END","NOT DIVIDED",,"STRAIGHT AND LEVEL","DRY","NO DEFECTS","ON SCENE","INJURY AND / OR TOW DUE TO CRASH",,,"N","OVER $1,500","2026-02-16T16:50:00.000","DISTRACTION - FROM OUTSIDE VEHICLE","FAILING TO REDUCE SPEED TO AVOID CRASH","122","S","WESTERN AVE","1125",,,,,,,"2","NO INDICATION OF INJURY","0","0","0","0","0","5","0","16","2","2","41.8794508749","-87.6865338556","POINT (-87.686533855609 41.879450874907)"
"0a49c94aca0dbcd01ab7d9bf1b61877f005701d6c51fe94ebc04b8b9a646b379bb3103ed3caab911dceca291faebe1ad45940f15def03906d234345dce54696a",,"2026-02-16T16:43:00.000","30","NO CONTROLS","NO CONTROLS","CLEAR","DAYLIGHT","ANGLE","NOT DIVIDED",,"STRAIGHT AND LEVEL","DRY","NO DEFECTS","NOT ON SCENE (DESK REPORT)","NO INJURY / DRIVE AWAY",,,,"$501 - $1,500","2026-02-16T17:32:00.000","FAILING TO YIELD RIGHT-OF-WAY","FAILING TO YIELD RIGHT-OF-WAY","5259","W","ADDISON ST","1634",,,,,,,"2","NO INDICATION OF INJURY","0","0","0","0","0","2","0","16","2","2","41.9458623071","-87.7592509212","POINT (-87.759250921218 41.945862307089)"
"783d8b42c69fc3adcb513083d705d58daa783715e53a02e8b25616f93cf259adc74e01b931763b2e4aac743c82babd31b2a57fde6a58f78bb7082850a190bccd",,"2026-02-16T16:35:00.000","30","TRAFFIC SIGNAL","UNKNOWN","CLEAR","DAYLIGHT","TURNING","NOT DIVIDED",,"STRAIGHT AND LEVEL","UNKNOWN","UNKNOWN","NOT ON SCENE (DESK REPORT)","NO INJURY / DRIVE AWAY","Y",,,"OVER $1,500","2026-02-16T17:35:00.000","UNABLE TO DETERMINE","UNABLE TO DETERMINE","1203","N","KOSTNER AVE","2534",,,,,,,"2","NO INDICATION OF INJURY","0","0","0","0","0","3","0","16","2","2","41.9026293936","-87.7360037067","POINT (-87.73600370671 41.902629393563)"