"crash_record_id","crash_date_est_i","crash_date","posted_speed_limit","traffic_control_device","device_condition","weather_condition","lighting_condition","first_crash_type","trafficway_type","lane_cnt","alignment","roadway_surface_cond","road_defect","report_type","crash_type","intersection_related_i","private_property_i","hit_and_run_i","damage","date_police_notified","prim_contributory_cause","sec_contributory_cause","street_no","street_direction","street_name","beat_of_occurrence","photos_taken_i","statements_taken_i","dooring_i","work_zone_i","work_zone_type","workers_present_i","num_units","most_severe_injury","injuries_total","injuries_fatal","injuries_incapacitating","injuries_non_incapacitating","injuries_reported_not_evident","injuries_no_indication","injuries_unknown","crash_hour","crash_day_of_week","crash_month","latitude","longitude","location"
"e4b28e6fa637bec9e048157960834a6da884c6af42b815cb61a0408f1d90a66583358cc9df1a82f67e64330402df1ab1be5d8b0c3fa5367beaa455a09fc0421b",,"2026-02-16T16:29:00.000","30","NO CONTROLS","NO CONTROLS","CLEAR","DAYLIGHT","SIDESWIPE SAME DIRECTION","NOT DIVIDED",,"STRAIGHT AND LEVEL","DRY","NO DEFECTS","NOT ON SCENE (DESK REPORT)","NO INJURY / DRIVE AWAY",,,,"OVER $1,500","2026-02-17T20:33:00.000","NOT APPLICABLE","NOT APPLICABLE","651","W","DIVERSEY PKWY","1935",,,,,,,"2","NO INDICATION OF INJURY","0","0","0","0","0","2","0","16","2","2","41.9326772021","-87.6455777466","POINT (-87.645577746619 41.932677202101)"
"c15dbf46097b3639f14c4b3c418a4b3d5739faf02694d3c00938b677a8189b12f7bb35431a767179307fc1e40557e78f35bf8e1d89ef5b62a7ada8094ca433d8",,"2026-02-16T16:25:00.000","30","NO CONTROLS","NO CONTROLS","CLEAR","DAYLIGHT","PEDALCYCLIST","NOT DIVIDED",,"STRAIGHT AND LEVEL","DRY","UNKNOWN","ON SCENE","INJURY AND / OR TOW DUE TO CRASH",,,,"$501 - $1,500","2026-02-16T16:29:00.000","UNABLE TO DETERMINE","NOT APPLICABLE","1572","N","MILWAUKEE AVE","1424",,,,,,,"2","NONINCAPACITATING INJURY","1","0","0","1","0","1","0","16","2","2","41.9099859267","-87.6770796519","POINT (-87.677079651876 41.909985926655)"
"f11234faf7fb5692a850dd4a916d217ce320a90444130d7dc141a3cdb2d1f7dd1619bf65f60bc2814375e43bdcf6145f90fcd71c2031cc45f23961a29756c9b0",,"2026-02-16T16:25:00.000","15","NO CONTROLS","NO CONTROLS","CLEAR","DAYLIGHT","REAR TO SIDE","PARKING LOT",,"STRAIGHT AND LEVEL","DRY","NO DEFECTS","ON SCENE","NO INJURY / DRIVE AWAY",,,,"$500 OR LESS","2026-02-16T16:25:00.000","OPERATING VEHICLE IN ERRATIC, RECKLESS, CARELESS, NEGLIGENT OR AGGRESSIVE MANNER","OPERATING VEHICLE IN ERRATIC, RECKLESS, CARELESS, NEGLIGENT OR AGGRESSIVE MANNER","5132","S","PAYNE DR","233",,"Y",,,,,"2","NO INDICATION OF INJURY","0","0","0","0","0","4","0","16","2","2","41.8013683332","-87.6074375428","POINT (-87.60743754278 41.801368333245)"
"18e0500d86d4e0d98e6c67b8597fb3952fb650f29a78b38eaeec69f0a000844076fcc08bd2f761124ad5c32432935ea6e6d032b7e5ce736eb3601a27ff2e88d5",,"2026-02-16T16:22:00.000","30","NO CONTROLS","NO CONTROLS","CLEAR","DAYLIGHT","TURNING","NOT DIVIDED",,"STRAIGHT AND LEVEL","DRY","NO DEFECTS","ON SCENE","NO INJURY / DRIVE AWAY",,,,"OVER $1,500","2026-02-16T16:27:00.000","FAILING TO YIELD RIGHT-OF-WAY","FAILING TO YIELD RIGHT-OF-WAY","5938","W","ALTGELD ST","2515",,,,,,,"2","NO INDICATION OF INJURY","0","0","0","0","0","2","0","16","2","2","41.9257783713","-87.7749096017","POINT (-87.774909601726 41.925778371278)"
"68e686bd66160337f7ef815bd9ae427dee3c784075ad2badfea1607eeee9dc8928d295b1243acfd8ddf8eef6cb7c9f2e7ae9c180677f921b02b517b76dc9c487",,"2026-02-16T16:15:00.000","30","NO CONTROLS","NO CONTROLS","CLEAR","DAYLIGHT","PARKED MOTOR VEHICLE","DIVIDED - W/MEDIAN (NOT RAISED)",,"STRAIGHT AND LEVEL","DRY","NO DEFECTS","ON SCENE","INJURY AND / OR TOW DUE TO CRASH",,,,"OVER $1,500","2026-02-16T16:17:00.000","UNABLE TO DETERMINE","NOT APPLICABLE","332","E","CHICAGO AVE","1833",,,,,,,"2","REPORTED, NOT EVIDENT","1","0","0","0","1","0","0","16","2","2","41.8969197039","-87.6190105813","POINT (-87.619010581295 41.896919703914)"
"5a7b8893588d812259b5a497a2e6184458ebf09eb28653f63a39231630490de7f4f2ff867f5a4f17217742fc03982cc9491568e5910b7699f4b86b2e41e98e50",,"2026-02-16T16:12:00.000","35","OTHER","FUNCTIONING PROPERLY","CLEAR","DAYLIGHT","PEDALCYCLIST","DIVIDED - W/MEDIAN (NOT RAISED)",,"STRAIGHT AND LEVEL","DRY","NO DEFECTS","ON SCENE","INJURY AND / OR TOW DUE TO CRASH",,,,"OVER $1,500","2026-02-16T16:14:00.000","DISTRACTION - FROM OUTSIDE VEHICLE","NOT APPLICABLE","3110","N","ELSTON AVE","1411",,,,,,,"2","REPORTED, NOT EVIDENT","1","0","0","0","1","1","0","16","2","2","41.93745908","-87.695727353","POINT (-87.695727352978 41.937459080012)"
"78e53b68961bef5ad2068c573a25fe5f3a8deccfc8749bb69581667bc6af5e297bfcc326fbf83df7586af8351b72a6824fb09298dffc67a7cc0fb49fd7043914","Y","2026-02-16T16:10:00.000","30","NO CONTROLS","NO CONTROLS","CLEAR","DAYLIGHT","ANGLE","NOT DIVIDED",,"STRAIGHT AND LEVEL","DRY","NO DEFECTS","NOT ON SCENE (DESK REPORT)","NO INJURY / DRIVE AWAY",,,"N","OVER $1,500","2026-02-16T17:15:00.000","VISION OBSCURED (SIGNS, TREE LIMBS, BUILDINGS, ETC.)","FAILING TO YIELD RIGHT-OF-WAY","1210","W","WEBSTER AVE","1811",,,,,,,"2","NO INDICATION OF INJURY","0","0","0","0","0","3","0","16","2","2","41.9217659627","-87.6588198933","POINT (-87.658819893323 41.92176596275)"
"8c12504d638ca8768d86bf90cf30e1116490deb951fcd62edf37c5af0af5bc2319f0c1f8d0c482bfa44989f1171f0778b2e5d011e1069a9248ce72f6b1c21946",,"2026-02-16T16:00:00.000","30","NO CONTROLS","NO CONTROLS","CLEAR","DAYLIGHT","PARKED MOTOR VEHICLE","NOT DIVIDED",,"STRAIGHT AND LEVEL","DRY","NO DEFECTS","NOT ON SCENE (DESK REPORT)","NO INJURY / DRIVE AWAY",,,,"OVER $1,500","2026-02-16T16:20:00.000","NOT APPLICABLE","EVASIVE ACTION DUE TO ANIMAL, OBJECT, NONMOTORIST","6642","S","MICHIGAN AVE","322",,,,,,,"2","NO INDICATION OF INJURY","0","0","0","0","0","1","0","16","2","2","41.7736901675","-87.6228790079","POINT (-87.62287900789 41.773690167477)"
"66ceb7744433a9f8e3145fbd7e034539d3555da5367636606fd0c0b3bb61058a521bd2077b2ec4ca061198db6b4998fcb46fbd46b285a9bc72fbcf5b7c75e6a2",,"2026-02-16T15:52:00.000","30","NO CONTROLS","NO CONTROLS","CLEAR","DAYLIGHT","REAR END","NOT DIVIDED",,"STRAIGHT AND LEVEL","DRY","NO DEFECTS","NOT ON SCENE (DESK REPORT)","NO INJURY / DRIVE AWAY",,,,"OVER $1,500","2026-02-16T16:50:00.000","FOLLOWING TOO CLOSELY","UNABLE TO DETERMINE","3010","S","PULASKI RD","1031",,"Y",,,,,"2","NO INDICATION OF INJURY","0","0","0","0","0","3","0","15","2","2","41.8383426465","-87.7245364162","POINT (-87.724536416241 41.838342646471)"
"fbe62b3e8aa3c23d3589a1de0778b01d455bab6183d8a8394bc41e0154b3fd906fc1371aee5cc447671af5e91167025300260df4f80e763321a40086beeb3fcd",,"2026-02-16T15:45:00.000","25","NO CONTROLS","NO CONTROLS","CLEAR","DAYLIGHT","REAR END","DIVIDED - W/MEDIAN (NOT RAISED)",,"STRAIGHT AND LEVEL","DRY","NO DEFECTS","NOT ON SCENE (DESK REPORT)","NO INJURY / DRIVE AWAY",,,,"$500 OR LESS","2026-02-16T16:30:00.000","FOLLOWING TOO CLOSELY","NOT APPLICABLE","6954","W","63RD ST","812",,,,,,,"2","NO INDICATION OF INJURY","0","0","0","0","0","2","0","15","2","2","41.7775326211","-87.7954025648","POINT (-87.79540256479 41.777532621104)"
"6348a6b49ce63b5177fd12854bbb9ae29cf450b1a4b6c701369768e0ca94f779d0041fb5f220c7abb2c20ecaed51b19c2f2e919f8271746aa0c03632250bc831",,"2026-02-16T15:40:00.000","30","NO CONTROLS","NO CONTROLS","CLEAR","DAYLIGHT","PARKED MOTOR VEHICLE","NOT DIVIDED",,"STRAIGHT AND LEVEL","DRY","NO DEFECTS","ON SCENE","NO INJURY / DRIVE AWAY",,,"Y","OVER $1,500","2026-02-16T16:23:00.000","UNABLE TO DETERMINE","UNABLE TO DETERMINE","6642","S","MICHIGAN AVE","322",,,,,,,"2","NO INDICATION OF INJURY","0","0","0","0","0","1","0","15","2","2","41.7736901675","-87.6228790079","POINT (-87.62287900789 41.773690167477)"
"0d7d2c2d252a36c8ac3d78b1517dc40dd07734294d5af2c2e9cf03599359f7c6c691a5193f5e2e2817710a0a43b15bbdbe372e903e747aefa37102a79599c2ea",,"2026-02-16T15:39:00.000","30","TRAFFIC SIGNAL","FUNCTIONING PROPERLY","CLEAR","DAYLIGHT","ANGLE","NOT DIVIDED",,"STRAIGHT AND LEVEL","DRY","UNKNOWN","ON SCENE","INJURY AND / OR TOW DUE TO CRASH","Y",,,"OVER $1,500","2026-02-16T15:39:00.000","DISREGARDING TRAFFIC SIGNALS","NOT APPLICABLE","2300","W","MADISON ST","1223",,,,,,,"3","NONINCAPACITATING INJURY","1","0","0","1","0","2","0","15","2","2","41.8813083","-87.6840866983","POINT (-87.684086698329 41.88130830004)"
"6fa3aec090aadb2c5a211eeb8e470f76054889927a3b2b1e39fcc9024ad39909ac5fa83440fc422cd82589eca05ac99ecd28388bcd802b04cedb16f015a63247",,"2026-02-16T15:35:00.000","30","STOP SIGN/FLASHER","FUNCTIONING PROPERLY","CLEAR","DAYLIGHT","TURNING","DIVIDED - W/MEDIAN (NOT RAISED)",,"STRAIGHT AND LEVEL","DRY","NO DEFECTS","ON SCENE","INJURY AND / OR TOW DUE TO CRASH",,,,"OVER $1,500","2026-02-16T15:40:00.000","FAILING TO YIELD RIGHT-OF-WAY","NOT APPLICABLE","3240","W","87TH ST","834",,,,,,,"2","NONINCAPACITATING INJURY","3","0","0","3","0","0","0","15","2","2","41.735278065","-87.7032530079","POINT (-87.703253007889 41.735278064969)"
"33fb52051c98a1c4b5f4264a7f41f41b14d0a83d0c6c9c688cf94319beeb3308492cc540ed12aa7bd196a2f9e1d6890a5c28e1ab50355425c308373543c02db4",,"2026-02-16T15:32:00.000","30","NO CONTROLS","NO CONTROLS","CLEAR","DAYLIGHT","SIDESWIPE SAME DIRECTION","NOT DIVIDED",,"STRAIGHT AND LEVEL","DRY","NO DEFECTS","ON SCENE","NO INJURY / DRIVE AWAY",,,,"$501 - $1,500","2026-02-16T15:53:00.000","UNABLE TO DETERMINE","UNABLE TO DETERMINE","4823","W","DIVERSEY AVE","2521",,,,,,,"2","NO INDICATION OF INJURY","0","0","0","0","0","4","0","15","2","2","41.931411834","-87.7475550686","POINT (-87.74755506864 41.931411834013)"
"08a47b328b857f652accf471a0e52c083e762cba641e4baa3e57898e5be0c3714b1e4d7f31cbfffc3c69046c197b306e2ae6e4fffa5f5eba387578af55faa5ea","Y","2026-02-16T15:30:00.000","30","UNKNOWN","UNKNOWN","UNKNOWN","UNKNOWN","PARKED MOTOR VEHICLE","ONE-WAY",,"STRAIGHT AND LEVEL","UNKNOWN","UNKNOWN","NOT ON SCENE (DESK REPORT)","NO INJURY / DRIVE AWAY",,,,"OVER $1,500","2026-02-16T16:10:00.000","UNABLE TO DETERMINE","NOT APPLICABLE","8433","S","CRANDON AVE","412",,,,,,,"2","NO INDICATION OF INJURY","0","0","0","0","0","1","0","15","2","2","41.7416208132","-87.5683675627","POINT (-87.568367562725 41.741620813241)"
"733d406cb76a06045478910e94ebdc21daa75ff391a7dd0580b62c792f418f122092f8fc83c55d9d4f9220a61cd036d65608ca5401118579feb45d0d799f0260",,"2026-02-16T15:30:00.000","30","TRAFFIC SIGNAL","FUNCTIONING PROPERLY","CLEAR","DAYLIGHT","TURNING","NOT DIVIDED",,"STRAIGHT AND LEVEL","DRY","NO DEFECTS","ON SCENE","INJURY AND / OR TOW DUE TO CRASH","Y",,,"OVER $1,500","2026-02-16T16:16:00.000","DISREGARDING TRAFFIC SIGNALS","NOT APPLICABLE","10701","S","PULASKI RD","2211",,,,,,,"2","NO INDICATION OF INJURY","0","0","0","0","0","2","0","15","2","2","41.6984396508","-87.7204864951","POINT (-87.720486495063 41.698439650791)"
"87d0b05496d17a7f63461ecc9fbf12a6427d8e6a474dba13a0e0640c2faea96605fbe150dd69b290e0b772fa4ae833fb22bdaec3158844a240bc7b0819519ecf","N","2026-02-16T15:30:00.000","15","NO CONTROLS","NO CONTROLS","CLEAR","DAYLIGHT","SIDESWIPE SAME DIRECTION","OTHER",,"STRAIGHT ON GRADE","DRY","UNKNOWN","ON SCENE","NO INJURY / DRIVE AWAY",,"Y",,"$501 - $1,500","2026-02-16T15:54:00.000","NOT APPLICABLE","NOT APPLICABLE","3100","W","77TH ST","835",,,,,,,"2","NO INDICATION OF INJURY","0","0","0","0","0","2","0","15","2","2","41.753596965","-87.7000814197","POINT (-87.700081419736 41.753596964993)"
"957b4049629fbf9af0edebbc048005087dae55f8b7ec912522f15e9b63f4a2115f2a815731f04aa5f3348e7aa43583e7ed670aaa6da55cca18bf275dcd5ddfff",,"2026-02-16T15:30:00.000","30","TRAFFIC SIGNAL","NOT FUNCTIONING","CLEAR","DAYLIGHT","REAR END","NOT DIVIDED",,"STRAIGHT AND LEVEL","DRY","UNKNOWN","NOT ON SCENE (DESK REPORT)","NO INJURY / DRIVE AWAY","Y",,,"OVER $1,500","2026-02-16T16:00:00.000","FAILING TO YIELD RIGHT-OF-WAY","FAILING TO YIELD RIGHT-OF-WAY","802","S","WESTERN AVE","1135",,,,,,,"2","NO INDICATION OF INJURY","0","0","0","0","0","2","0","15","2","2","41.8710491369","-87.6863084708","POINT (-87.686308470787 41.871049136894)"
"decb5f2f287e35fb4b5badd590ef1b7c66b9f347b84e10ca1a3a46e5f9e321e0ea7faec41bf09da2f7550573f989632e7b18144cb44c78f35459e6c233f94477",,"2026-02-16T15:30:00.000","10","NO CONTROLS","NO CONTROLS","CLEAR","DAYLIGHT","ANGLE","PARKING LOT",,"STRAIGHT AND LEVEL","DRY","UNKNOWN","NOT ON SCENE (DESK REPORT)","NO INJURY / DRIVE AWAY",,"Y",,"OVER $1,500","2026-02-16T16:10:00.000","UNABLE TO DETERMINE","UNABLE TO DETERMINE","4130","S","PULASKI RD","815",,,,,,,"2","NO INDICATION OF INJURY","0","0","0","0","0","2","0","15","2","2","41.8175743417","-87.7240705893","POINT (-87.724070589345 41.817574341728)"
"ee784bf5af90d1eb6dfd31f8134ff87f77c086252b40a03878209b7df057bd58c83b79669bcdbd7a2befabd85a20423b277f19bb23e6a19cf75ab914f51dc05d",,"2026-02-16T15:30:00.000","30","NO CONTROLS","NO CONTROLS","CLEAR","DAYLIGHT","PARKED MOTOR VEHICLE","ONE-WAY",,"STRAIGHT AND LEVEL","DRY","NO DEFECTS","NOT ON SCENE (DESK REPORT)","NO INJURY / DRIVE AWAY",,,,"OVER $1,500","2026-02-16T19:30:00.000","UNABLE TO DETERMINE","UNABLE TO DETERMINE","8431","S","CRANDON AVE","412",,,,,,,"2","NO INDICATION OF INJURY","0","0","0","0","0","1","0","15","2","2","41.7416771928","-87.5683684452","POINT (-87.568368445164 41.741677192772)"
"63a1687ed6efeb4ac4c93c20e207863c3ae55180845e6d7699afbaaeb72261ff9ad42044fd2f9cabe7f42c8b0f95a99136c85484294e6fab492eccbbb17a9d7f",,"2026-02-16T15:25:00.000","30","TRAFFIC SIGNAL","FUNCTIONING PROPERLY","CLEAR","DAYLIGHT","REAR END","NOT DIVIDED",,"STRAIGHT AND LEVEL","DRY","NO DEFECTS","NOT ON SCENE (DESK REPORT)","NO INJURY / DRIVE AWAY","Y",,,"OVER $1,500","2026-02-16T15:50:00.000","FAILING TO REDUCE SPEED TO AVOID CRASH","NOT APPLICABLE","6298","N","CENTRAL AVE","1621",,,,,,,"2","NO INDICATION OF INJURY","0","0","0","0","0","3","0","15","2","2","41.9961327618","-87.7643688568","POINT (-87.764368856846 41.996132761806)"
"49a751ab6bedc954d6726e9e3db1d19bda98f2149d3eca3220c3b9799fd9ce1d8fbdb9bd12fbff26563ed1d080d70e4df5cc2607e0a679ee2428fed64735bb5c",,"2026-02-16T15:23:00.000","30","NO CONTROLS","NO CONTROLS","CLEAR","DAYLIGHT","REAR END","NOT DIVIDED",,"STRAIGHT AND LEVEL","DRY","NO DEFECTS","ON SCENE","INJURY AND / OR TOW DUE TO CRASH",,,"Y","OVER $1,500","2026-02-16T15:28:00.000","FOLLOWING TOO CLOSELY","FAILING TO YIELD RIGHT-OF-WAY","425","S","SACRAMENTO BLVD","1135",,,,,,,"2","REPORTED, NOT EVIDENT","2","0","0","0","2","3","0","15","2","2","41.8752454315","-87.7008961651","POINT (-87.700896165131 41.875245431458)"
"6cf23aa404d1c3e8d24f578135ad3bfaf0b33e59f9a330839e78bd5cc8b1b394701c4af9381fcf651990ed0c7ccf6452b3ad91985a76969b8de5e2b0d77b337f",,"2026-02-16T15:20:00.000","35","NO CONTROLS","NO CONTROLS","CLEAR","DAYLIGHT","SIDESWIPE SAME DIRECTION","DIVIDED - W/MEDIAN BARRIER",,"STRAIGHT AND LEVEL","DRY","NO DEFECTS","ON SCENE","NO INJURY / DRIVE AWAY",,,,"OVER $1,500","2026-02-16T15:23:00.000","IMPROPER LANE USAGE","NOT APPLICABLE","5601","S","HARLEM AVE","811",,,,,,,"3","NO INDICATION OF INJURY","0","0","0","0","0","4","0","15","2","2","41.7900439686","-87.8013003947","POINT (-87.801300394739 41.790043968552)"
"bc1590bc3a6e2378ce5615dac9ee573256d42b2f41e48498dd29c2772769efd3bd76206eeac811920f4c7e6791dffd4a7562b953b5c377f729cdf8b8b821cd0e",,"2026-02-16T15:19:00.000","35","NO CONTROLS","NO CONTROLS","CLEAR","DAYLIGHT","SIDESWIPE SAME DIRECTION","DIVIDED - W/MEDIAN (NOT RAISED)",,"STRAIGHT AND LEVEL","DRY","NO DEFECTS","ON SCENE","NO INJURY / DRIVE AWAY",,,"Y","$501 - $1,500","2026-02-16T15:56:00.000","IMPROPER LANE USAGE","NOT APPLICABLE","3100","N","ELSTON AVE","1411",,,,,,,"2","NO INDICATION OF INJURY","0","0","0","0","0","2","0","15","2","2","41.937226952","-87.6953868324","POINT (-87.695386832363 41.937226951998)"
"aa8fe9c1d3ea8e22ba458b7bbca9f7f5a45788b38ea98fb63ffa054f15014f711b1aa502a6566cb19d678d685d9c4cdf71ffc24a2f78413cf3a67120837be87f",,"2026-02-16T15:05:00.000","30","NO CONTROLS","NO CONTROLS","CLEAR","DAYLIGHT","PARKED MOTOR VEHICLE","NOT DIVIDED",,"STRAIGHT AND LEVEL","DRY","UNKNOWN","ON SCENE","NO INJURY / DRIVE AWAY",,,"Y","OVER $1,500","2026-02-16T18:52:00.000","UNABLE TO DETERMINE","NOT APPLICABLE","1131","S","KILBOURN AVE","1131",,,,,,,"2","NO INDICATION OF INJURY","0","0","0","0","0","1","0","15","2","2","41.8669535406","-87.7372984032","POINT (-87.73729840316 41.866953540609)"
"0191eb0e94f3610d387470247271e2aa5183ab4b916881772a3c80cbdeb3196c8efe6115d12bc3b5b00513fb3dbebba524e2f88cefa76bfbdb3154d5e68fec71",,"2026-02-16T14:55:00.000","30","TRAFFIC SIGNAL","FUNCTIONING PROPERLY","CLEAR","DAYLIGHT","SIDESWIPE SAME DIRECTION","NOT DIVIDED",,"STRAIGHT AND LEVEL","DRY","NO DEFECTS","NOT ON SCENE (DESK REPORT)","NO INJURY / DRIVE AWAY",,,,"OVER $1,500","2026-02-16T17:15:00.000","NOT APPLICABLE","NOT APPLICABLE","2400","W","59TH ST","824",,,,,,,"2","NO INDICATION OF INJURY","0","0","0","0","0","3","0","14","2","2","41.7866447645","-87.6838659262","POINT (-87.683865926221 41.78664476449)"
"0d4b8fe6f2c0580064f272cfeea68195466c65aafd53bdb5fbdd6189e0e3278890d28c088ff356a2b53888c2fe7c25fabf76e5971c74c493fbf4f4fbdb869f83",,"2026-02-16T14:52:00.000","30","TRAFFIC SIGNAL","FUNCTIONING PROPERLY","CLEAR","DAYLIGHT","SIDESWIPE SAME DIRECTION","NOT DIVIDED",,"STRAIGHT AND LEVEL","DRY","NO DEFECTS","ON SCENE","NO INJURY / DRIVE AWAY","Y",,"Y","OVER $1,500","2026-02-16T14:58:00.000","IMPROPER OVERTAKING/PASSING","NOT APPLICABLE","5890","S","PULASKI RD","813",,,,,,,"2","NO INDICATION OF INJURY","0","0","0","0","0","2","0","14","2","2","41.785979319","-87.7231095783","POINT (-87.723109578319 41.785979319023)"
"102a97f9b6f46716462de187f0f010dd55593aa80b08754a9d13b2fb85927d876b279f9065f8a33d665df3a26a7794cee8e7652eb59018d98d5ff4290c57d4b7",,"2026-02-16T14:50:00.000","15","UNKNOWN","UNKNOWN","UNKNOWN","UNKNOWN","TURNING","ALLEY",,"STRAIGHT AND LEVEL","UNKNOWN","UNKNOWN","NOT ON SCENE (DESK REPORT)","NO INJURY / DRIVE AWAY","Y",,,"OVER $1,500","2026-02-28T17:20:00.000","UNABLE TO DETERMINE","UNABLE TO DETERMINE","3144","N","CLIFTON AVE","1933",,,,,,,"2","NO INDICATION OF INJURY","0","0","0","0","0","2","0","14","2","2","41.9393672391","-87.657884351","POINT (-87.657884350955 41.939367239065)"
"94b5fba98d7fb22bb16ea9c8a3c308029a2e6aca399cbb5801db34d4fc6a28fc156ddfb5b0ef663353d322c20751a25c31685271030090c114160034e2eb5f33",,"2026-02-16T14:47:00.000","15","NO CONTROLS","NO CONTROLS","CLEAR","DAYLIGHT","REAR TO FRONT","PARKING LOT",,"STRAIGHT AND LEVEL","DRY","NO DEFECTS","ON SCENE","NO INJURY / DRIVE AWAY",,,,"OVER $1,500","2026-02-16T15:17:00.000","UNABLE TO DETERMINE","NOT APPLICABLE","6014","S","COTTAGE GROVE AVE","313",,,,,,,"2","NO INDICATION OF INJURY","0","0","0","0","0","2","0","14","2","2","41.785387445","-87.606183761","POINT (-87.606183761008 41.785387444959)"
"f75063a249500015f3acaa86dc8bb31896e55a7216768f47124f2fd9ab9862ef14405d6825fa1436cc07caf65eea8fae0db52925f24558b77898cfcb57adc1bd",,"2026-02-16T14:38:00.000","0","OTHER REG. SIGN","NO CONTROLS","CLEAR","DAYLIGHT","ANIMAL","ONE-WAY",,"STRAIGHT AND LEVEL","DRY","NO DEFECTS","ON SCENE","NO INJURY / DRIVE AWAY",,,,"$500 OR LESS","2026-02-16T14:38:00.000","ANIMAL","ANIMAL","11918","S","UNION AVE","524",,"Y",,,,,"1","NO INDICATION OF INJURY","0","0","0","0","0","1","0","14","2","2","41.6772380454","-87.639627577","POINT (-87.639627576995 41.677238045398)"
"2cbfbecede697a11f69a9fb7ee77be312704f68975f4cd179bea65fe718fdf7646bb97e736cf184214fba48b7fb238d5c3499e3be21ea5cb09ae1347cda7be46",,"2026-02-16T14:30:00.000","30","TRAFFIC SIGNAL","FUNCTIONING PROPERLY","CLEAR","DAWN","REAR END","NOT DIVIDED",,"STRAIGHT AND LEVEL","DRY","NO DEFECTS","NOT ON SCENE (DESK REPORT)","INJURY AND / OR TOW DUE TO CRASH",,,,"$501 - $1,500","2026-02-17T15:20:00.000","UNABLE TO DETERMINE","NOT APPLICABLE","3746","S","WESTERN AVE","911",,,,,,,"2","NONINCAPACITATING INJURY","2","0","0","2","0","1","0","14","2","2","41.8252374415","-87.6850282624","POINT (-87.685028262361 41.825237441452)"
"354cbb81989fc41699a6eb9badaae60f201a59bf1998ead7ac07c68daea3cae9a1984504a861ea240c6846367c007d49ae293263da5ccc5677f85c96bd4b224b",,"2026-02-16T14:30:00.000","25","NO CONTROLS","NO CONTROLS","CLEAR","DAYLIGHT","PARKED MOTOR VEHICLE","ONE-WAY",,"STRAIGHT AND LEVEL","DRY","NO DEFECTS","NOT ON SCENE (DESK REPORT)","NO INJURY / DRIVE AWAY",,,,"OVER $1,500","2026-02-19T10:45:00.000","UNABLE TO DETERMINE","UNABLE TO DETERMINE","817","E","89TH PL","633",,,,,,,"2","NO INDICATION OF INJURY","0","0","0","0","0","1","0","14","2","2","41.7319906604","-87.6039668615","POINT (-87.603966861498 41.73199066044)"
"d86c40848cae7ed0afd06ce8b60e2aabe52418aa4db1cbb04bb4ac5b0605bfe447b3e34f0d86e3e7ac5dad08deeedfdca303c6f4c020d2ab01da16973a974422",,"2026-02-16T14:30:00.000","30","UNKNOWN","UNKNOWN","UNKNOWN","UNKNOWN","REAR TO SIDE","ALLEY",,"STRAIGHT AND LEVEL","UNKNOWN","UNKNOWN","NOT ON SCENE (DESK REPORT)","NO INJURY / DRIVE AWAY",,,,"OVER $1,500","2026-02-16T15:40:00.000","UNABLE TO DETERMINE","NOT APPLICABLE","4416","N","MILWAUKEE AVE","1623",,,,,,,"2","NO INDICATION OF INJURY","0","0","0","0","0","2","0","14","2","2","41.9610528317","-87.7550154656","POINT (-87.755015465641 41.961052831684)"
"d524d65d082b73b5d3626819d9bc9c232aff90c222e6ca21bca8c77732706cf9f08283da6bdc5fbb2f9398f6e5d77848091c37306507275de55b73de64e30a01",,"2026-02-16T14:26:00.000","30","TRAFFIC SIGNAL","FUNCTIONING PROPERLY","CLEAR","DAYLIGHT","REAR END","NOT DIVIDED",,"STRAIGHT AND LEVEL","DRY","NO DEFECTS","NOT ON SCENE (DESK REPORT)","NO INJURY / DRIVE AWAY",,,,"OVER $1,500","2026-02-17T14:30:00.000","UNABLE TO DETERMINE","NOT APPLICABLE","1956","W","CERMAK RD","1234",,,,,,,"2","NO INDICATION OF INJURY","0","0","0","0","0","2","0","14","2","2","41.8522892389","-87.6756453404","POINT (-87.675645340427 41.852289238924)"
"36645df19abf73518220a5bdb5ad397adcde6cc19fafea52c4a800349beceb095e524c7b140311138c872ba542834678e2f8d1a2a0dacd6f0b1f9086721d1179",,"2026-02-16T14:20:00.000","30","UNKNOWN","UNKNOWN","CLEAR","DAYLIGHT","PARKED MOTOR VEHICLE","DIVIDED - W/MEDIAN BARRIER",,"STRAIGHT AND LEVEL","UNKNOWN","UNKNOWN","NOT ON SCENE (DESK REPORT)","NO INJURY / DRIVE AWAY","Y",,,"OVER $1,500","2026-02-16T17:00:00.000","IMPROPER OVERTAKING/PASSING","DRIVING SKILLS/KNOWLEDGE/EXPERIENCE","1717","S","STATE ST","131",,,,,,,"2","NO INDICATION OF INJURY","0","0","0","0","0","3","0","14","2","2","41.8584391937","-87.6270639023","POINT (-87.627063902307 41.858439193713)"
"b7459b2a33559043619c1933545c7891f77bc4fdf3dbb6c1e99d55c9cb41aaa2d91a428238ded304e28352f20786892679b25e1b5a9e43452931081fef646dc5","Y","2026-02-16T14:17:00.000","35","NO CONTROLS","NO CONTROLS","CLEAR","DAYLIGHT","REAR END","NOT DIVIDED",,"STRAIGHT AND LEVEL","DRY","NO DEFECTS","ON SCENE","INJURY AND / OR TOW DUE TO CRASH",,,"Y","OVER $1,500","2026-02-16T14:17:00.000","UNABLE TO DETERMINE","UNABLE TO DETERMINE","1320","W","63RD ST","713",,,,,,,"2","NO INDICATION OF INJURY","0","0","0","0","0","3","0","14","2","2","41.7796722293","-87.657948982","POINT (-87.65794898202 41.779672229292)"