"crash_record_id","crash_date_est_i","crash_date","posted_speed_limit","traffic_control_device","device_condition","weather_condition","lighting_condition","first_crash_type","trafficway_type","lane_cnt","alignment","roadway_surface_cond","road_defect","report_type","crash_type","intersection_related_i","private_property_i","hit_and_run_i","damage","date_police_notified","prim_contributory_cause","sec_contributory_cause","street_no","street_direction","street_name","beat_of_occurrence","photos_taken_i","statements_taken_i","dooring_i","work_zone_i","work_zone_type","workers_present_i","num_units","most_severe_injury","injuries_total","injuries_fatal","injuries_incapacitating","injuries_non_incapacitating","injuries_reported_not_evident","injuries_no_indication","injuries_unknown","crash_hour","crash_day_of_week","crash_month","latitude","longitude","location"
"a90fcc58224da367ee1051e2de6b0be019d2d3a51e1f607c59bb1602d12ebfa3b78ebfa01e2962d6ad5db07bea2ef4763059a6b5dc8493b8e6424f24b38d9045",,"2026-02-16T14:15:00.000","30","NO CONTROLS","NO CONTROLS","CLEAR","DAYLIGHT","PARKED MOTOR VEHICLE","PARKING LOT",,"STRAIGHT AND LEVEL","DRY","NO DEFECTS","ON SCENE","NO INJURY / DRIVE AWAY",,"Y","Y","$500 OR LESS","2026-02-16T14:20:00.000","IMPROPER BACKING","IMPROPER BACKING","4521","W","ROOSEVELT RD","1011",,,,,,,"2","NO INDICATION OF INJURY","0","0","0","0","0","1","0","14","2","2","41.8658750179","-87.7382161157","POINT (-87.7382161157 41.865875017932)"
"ca37e77fa263628a40ae52ac9a40bdc2e60df0577b0d6b42da1bfcbfe9e176335185a9dee5a736385a7d86c1bd44ce6c3508bba934c03e4a300dd5533693429c",,"2026-02-16T14:15:00.000","30","TRAFFIC SIGNAL","UNKNOWN","CLEAR","DAYLIGHT","REAR END","FOUR WAY",,"STRAIGHT AND LEVEL","UNKNOWN","UNKNOWN","NOT ON SCENE (DESK REPORT)","NO INJURY / DRIVE AWAY","Y",,,"$500 OR LESS","2026-02-16T14:45:00.000","UNABLE TO DETERMINE","UNABLE TO DETERMINE","4554","N","CLARK ST","1912",,,,,,,"2","NO INDICATION OF INJURY","0","0","0","0","0","2","0","14","2","2","41.9650500727","-87.6668379631","POINT (-87.66683796307 41.965050072702)"
"40f96146a82a0202f69f4b4e6a74ebc0bdbcc50d358f759c55226decc8c1aaced73bd3253e4667f933eacba7fcd3c1e64aecad91bb0dacd940ed03ca7343e5d4",,"2026-02-16T14:10:00.000","30","TRAFFIC SIGNAL","FUNCTIONING PROPERLY","CLEAR","DAYLIGHT","REAR END","NOT DIVIDED",,"STRAIGHT AND LEVEL","DRY","NO DEFECTS","NOT ON SCENE (DESK REPORT)","NO INJURY / DRIVE AWAY","Y",,,"OVER $1,500","2026-03-02T10:50:00.000","FAILING TO REDUCE SPEED TO AVOID CRASH","NOT APPLICABLE","4006","N","MILWAUKEE AVE","1624",,,,,,,"2","NO INDICATION OF INJURY","0","0","0","0","0","2","0","14","2","2","41.9534915217","-87.7476751325","POINT (-87.747675132505 41.953491521689)"
"42abcd3e3c676fab06f82e51547ccc2e4b2b73a23b677a74de2862e039e94bcaaff735da77f6bd553c25ce9a8e6345e3055ed1fdbfde8ec3e78c534e5c3cff3a",,"2026-02-16T14:10:00.000","30","TRAFFIC SIGNAL","FUNCTIONING PROPERLY","CLEAR","DAYLIGHT","TURNING","FOUR WAY",,"STRAIGHT AND LEVEL","DRY","NO DEFECTS","ON SCENE","INJURY AND / OR TOW DUE TO CRASH","Y",,,"$501 - $1,500","2026-02-16T14:11:00.000","IMPROPER TURNING/NO SIGNAL","IMPROPER OVERTAKING/PASSING","370","E","JACKSON DR","114",,,,,,,"2","NO INDICATION OF INJURY","0","0","0","0","0","2","0","14","2","2","41.8784755375","-87.6181930951","POINT (-87.618193095115 41.878475537488)"
"3d57c1e36e65d75ed96908f7dde13053dc9f1d70d6670dec95266da470eb0d9da284d46c4d1c65b90c3f2926fbe7d706233ecea7dd0d903ac02a37628039a1e3",,"2026-02-16T14:00:00.000","30","STOP SIGN/FLASHER","UNKNOWN","CLEAR","DAYLIGHT","ANGLE","FOUR WAY",,"STRAIGHT AND LEVEL","UNKNOWN","UNKNOWN","NOT ON SCENE (DESK REPORT)","NO INJURY / DRIVE AWAY",,,,"OVER $1,500","2026-02-16T15:15:00.000","UNABLE TO DETERMINE","UNABLE TO DETERMINE","2800","N","LAKEWOOD AVE","1932",,,,,,,"2","NO INDICATION OF INJURY","0","0","0","0","0","2","0","14","2","2","41.9325605092","-87.6612768368","POINT (-87.661276836782 41.932560509208)"
"b6cd1e2d0464c145c0e9598300bd5edf72cca1643518ad69d3d16da046fd13d821882b613b87957ee7a0db1cbc4673a0c0cd036d22f1a75951dbabb3a6afbbfb","Y","2026-02-16T14:00:00.000","30","NO CONTROLS","NO CONTROLS","UNKNOWN","UNKNOWN","PARKED MOTOR VEHICLE","NOT DIVIDED",,"STRAIGHT AND LEVEL","UNKNOWN","UNKNOWN","ON SCENE","NO INJURY / DRIVE AWAY",,,"Y","$501 - $1,500","2026-02-16T14:51:00.000","NOT APPLICABLE","NOT APPLICABLE","3406","N","OCONTO AVE","1631",,,,,,,"2","NO INDICATION OF INJURY","0","0","0","0","0","1","0","14","2","2","41.9417857041","-87.8082369161","POINT (-87.808236916107 41.941785704065)"
"eb1202466dabbb251d676369ca76dc81b3f84c8ab9471207873cf183837906980906471916890d2eb37f4e44703d1bbf8f8f200c3ef5ea05fa354d07477eaaf4",,"2026-02-16T14:00:00.000","15","NO CONTROLS","NO CONTROLS","CLEAR","DAYLIGHT","REAR TO SIDE","PARKING LOT",,"STRAIGHT AND LEVEL","DRY","UNKNOWN","NOT ON SCENE (DESK REPORT)","NO INJURY / DRIVE AWAY",,"Y",,"$501 - $1,500","2026-02-17T10:10:00.000","UNABLE TO DETERMINE","UNABLE TO DETERMINE","1919","N","CICERO AVE","2533",,,,,,,"2","NO INDICATION OF INJURY","0","0","0","0","0","2","0","14","2","2","41.9157101456","-87.7459077545","POINT (-87.745907754514 41.915710145553)"
"fa1d941146856a13f78eb237d015613a6a583ebf353e134a602177877b3cc044168dfc23f5dad1d1b1344dd9d1bfaeba5e00ed575058684bd7de16e9d2e19077",,"2026-02-16T14:00:00.000","30","TRAFFIC SIGNAL","FUNCTIONING PROPERLY","UNKNOWN","DAYLIGHT","PARKED MOTOR VEHICLE","FIVE POINT, OR MORE",,"STRAIGHT AND LEVEL","UNKNOWN","UNKNOWN","NOT ON SCENE (DESK REPORT)","NO INJURY / DRIVE AWAY",,,"Y","OVER $1,500","2026-02-24T16:00:00.000","DRIVING SKILLS/KNOWLEDGE/EXPERIENCE","NOT APPLICABLE","1576","N","MILWAUKEE AVE","1424",,,,,,,"2","NO INDICATION OF INJURY","0","0","0","0","0","1","0","14","2","2","41.9100598435","-87.6771912342","POINT (-87.677191234211 41.91005984346)"
"8ded38f9ff036cbe6a09aa3c2135e63e7c13d960ab8bd87c9383b8bcfb938f6e9647d8876011186d42a98f6f5678b1830d70a97638c0cb5460bcb16eec5ea9f3",,"2026-02-16T13:57:00.000","30","NO CONTROLS","NO CONTROLS","CLEAR","DAYLIGHT","SIDESWIPE SAME DIRECTION","NOT DIVIDED",,"STRAIGHT AND LEVEL","DRY","UNKNOWN","NOT ON SCENE (DESK REPORT)","NO INJURY / DRIVE AWAY",,,,"OVER $1,500","2026-02-16T15:00:00.000","IMPROPER OVERTAKING/PASSING","NOT APPLICABLE","801","S","CANAL ST","124",,,,,,,"2","NO INDICATION OF INJURY","0","0","0","0","0","5","0","13","2","2","41.8719961299","-87.6392042917","POINT (-87.639204291685 41.871996129913)"
"54f3f30409bbb37b2268732fe3741d8d28ed602608eb0a8c85dd86da4537d93965e4df04236b60a4d63967ffb402609a7fc15e73169bf7c5c16ce40519cd40b2",,"2026-02-16T13:56:00.000","30","NO CONTROLS","NO CONTROLS","CLEAR","DAYLIGHT","PARKED MOTOR VEHICLE","ONE-WAY",,"STRAIGHT AND LEVEL","DRY","UNKNOWN","NOT ON SCENE (DESK REPORT)","NO INJURY / DRIVE AWAY",,,,"OVER $1,500","2026-02-16T16:00:00.000","FOLLOWING TOO CLOSELY","NOT APPLICABLE","69","E","CERMAK RD","131",,,,,,,"2","NO INDICATION OF INJURY","0","0","0","0","0","1","0","13","2","2","41.8527519996","-87.6243498568","POINT (-87.624349856776 41.852751999594)"
"91b1d4b84aeb9b7bc6aa561cfc62d5562e6ee94380e46eba81b0bf2d7e77fb0a0f88a522accb6b59a14019407e071b922c195c18f558c9c56e552f9dfabab665",,"2026-02-16T13:55:00.000","30","NO CONTROLS","UNKNOWN","CLEAR","DAYLIGHT","REAR END","ONE-WAY",,"STRAIGHT AND LEVEL","DRY","UNKNOWN","NOT ON SCENE (DESK REPORT)","NO INJURY / DRIVE AWAY",,,,"$501 - $1,500","2026-02-16T15:00:00.000","FOLLOWING TOO CLOSELY","NOT APPLICABLE","25","E","WASHINGTON ST","112",,,,,,,"2","NO INDICATION OF INJURY","0","0","0","0","0","2","0","13","2","2","41.883109079","-87.6269760337","POINT (-87.626976033709 41.883109078966)"
"0e570fc8526eaf150bf011368185d68245ab7615837623896c1075121ff9bfdca608ea5ce12b4516c679dfd0d575f5b3ab89ae5e2bd4df73fdcc94999d28c5c7",,"2026-02-16T13:50:00.000","25","NO CONTROLS","NO CONTROLS","CLEAR","DAYLIGHT","ANGLE","NOT DIVIDED",,"STRAIGHT AND LEVEL","DRY","NO DEFECTS","ON SCENE","INJURY AND / OR TOW DUE TO CRASH",,,,"OVER $1,500","2026-02-16T15:38:00.000","UNABLE TO DETERMINE","UNABLE TO DETERMINE","1945","N","PULASKI RD","2535",,,,,,,"2","NO INDICATION OF INJURY","0","0","0","0","0","2","0","13","2","2","41.9166814596","-87.7263946219","POINT (-87.726394621878 41.916681459645)"
"63504c2a47b2076fbba490758d5f7610ad4554c609b332de3784cc0a54713e89c2407b57b30b383e89c6b3f2b2eadfc946351ca43844177f737eb7786c1cf657",,"2026-02-16T13:50:00.000","25","TRAFFIC SIGNAL","FUNCTIONING PROPERLY","CLEAR","DAYLIGHT","SIDESWIPE SAME DIRECTION","DIVIDED - W/MEDIAN (NOT RAISED)",,"STRAIGHT AND LEVEL","DRY","UNKNOWN",,"NO INJURY / DRIVE AWAY","Y",,,"OVER $1,500","2026-02-16T15:00:00.000","DRIVING SKILLS/KNOWLEDGE/EXPERIENCE","DRIVING SKILLS/KNOWLEDGE/EXPERIENCE","601","N","CICERO AVE","1111",,,,,,,"2","NO INDICATION OF INJURY","0","0","0","0","0","3","0","13","2","2","41.8914287473","-87.7455339572","POINT (-87.745533957234 41.891428747289)"
"6557b2f0ef4bba0bffc99bd99482445248469dbee8f0075bd6dadd88004dfc1bc962d893cd13e5d49acd6edae825231ee41ee9cc3c31d0eb7db2bc6d67539a69",,"2026-02-16T13:50:00.000","30","NO CONTROLS","NO CONTROLS","CLEAR","DAYLIGHT","SIDESWIPE SAME DIRECTION","NOT DIVIDED",,"STRAIGHT AND LEVEL","DRY","NO DEFECTS","NOT ON SCENE (DESK REPORT)","NO INJURY / DRIVE AWAY",,,,"OVER $1,500","2026-02-17T11:15:00.000","IMPROPER LANE USAGE","UNABLE TO DETERMINE","8644","S","KEDZIE AVE","834",,,,,,,"2","NO INDICATION OF INJURY","0","0","0","0","0","2","0","13","2","2","41.7356549967","-87.7021776741","POINT (-87.702177674107 41.73565499672)"
"92cbd6eb854b9e238007934767fa6ce4fbff1236fb40ce83d9675f855b7e5c12770a887daeba365d9ce608d28b38b668cd3a8b093371a0b4a7cf62e1158e8801",,"2026-02-16T13:45:00.000","30","NO CONTROLS","NO CONTROLS","CLEAR","DAYLIGHT","REAR END","NOT DIVIDED",,"STRAIGHT AND LEVEL","DRY","NO DEFECTS",,"NO INJURY / DRIVE AWAY",,,,"OVER $1,500","2026-02-16T14:12:00.000","FOLLOWING TOO CLOSELY","NOT APPLICABLE","3830","S","PULASKI RD","815",,,,,,,"2","NO INDICATION OF INJURY","0","0","0","0","0","2","0","13","2","2","41.82334762","-87.7242052925","POINT (-87.724205292462 41.823347620028)"
"9faafabb9130b188f5de5fbf4e32c3c4b5e308e8578fb2b36fd77c268091e1809581c383f89412a62787ca981b893a604a67d58476cf16f3b9ed56a20c90875d",,"2026-02-16T13:45:00.000","30","NO CONTROLS","NO CONTROLS","CLEAR","DAYLIGHT","SIDESWIPE SAME DIRECTION","DIVIDED - W/MEDIAN (NOT RAISED)",,"STRAIGHT AND LEVEL","DRY","UNKNOWN",,"NO INJURY / DRIVE AWAY",,,,"OVER $1,500","2026-02-16T13:45:00.000","IMPROPER OVERTAKING/PASSING","NOT APPLICABLE","3405","W","NORTH AVE","1422","Y",,,,,,"2","NO INDICATION OF INJURY","0","0","0","0","0","3","0","13","2","2","41.9099414697","-87.7121094501","POINT (-87.712109450077 41.909941469665)"
"f2829487ea27f45cbe523773a5257e3a899e306fe7f414f8745e1f841ae8fa0bc67b6a38d95e8a2c7c8529d74f759ca6b0f2c4a7591034d1326c0b240e28c38c",,"2026-02-16T13:14:00.000","30","NO CONTROLS","NO CONTROLS","CLEAR","DAYLIGHT","REAR END","NOT DIVIDED",,"STRAIGHT AND LEVEL","DRY","NO DEFECTS","NOT ON SCENE (DESK REPORT)","NO INJURY / DRIVE AWAY",,,,"OVER $1,500","2026-02-16T14:56:00.000","FOLLOWING TOO CLOSELY","NOT APPLICABLE","4430","S","ARCHER AVE","821",,,,,,,"2","NO INDICATION OF INJURY","0","0","0","0","0","2","0","13","2","2","41.8129264517","-87.7063721708","POINT (-87.706372170806 41.812926451667)"
"5284be54dbe156ab9f6587e90e2110610e8d96ff7c4aa5e026be62970c9ada41aae86cf313cf5b702ea5e8381e294e0c9eb6ee079c4efcb333e1f10d98b7f9dc",,"2026-02-16T13:00:00.000","30","NO CONTROLS","NO CONTROLS","CLEAR","DAYLIGHT","SIDESWIPE SAME DIRECTION","NOT DIVIDED",,"STRAIGHT AND LEVEL","DRY","NO DEFECTS","ON SCENE","NO INJURY / DRIVE AWAY",,,,"$501 - $1,500","2026-02-16T13:01:00.000","FAILING TO YIELD RIGHT-OF-WAY","FAILING TO YIELD RIGHT-OF-WAY","912","N","STATE ST","1832",,,,,,,"2","NO INDICATION OF INJURY","0","0","0","0","0","2","0","13","2","2","41.8996076741","-87.6284266818","POINT (-87.628426681762 41.89960767411)"
"b1ce9829c5e220d36973b7c12b9fe55a3725156d4005ce80837a2d4245d0ca36cfda67827210771c3e74be8a3fd8a1fbb96cb84b8dc226ff3de8af2cdee904b6",,"2026-02-16T13:00:00.000","30","NO CONTROLS","NO CONTROLS","CLEAR","DAYLIGHT","PARKED MOTOR VEHICLE","DIVIDED - W/MEDIAN (NOT RAISED)",,"STRAIGHT AND LEVEL","DRY","NO DEFECTS","NOT ON SCENE (DESK REPORT)","NO INJURY / DRIVE AWAY",,,,"$501 - $1,500","2026-02-16T14:30:00.000","DRIVING SKILLS/KNOWLEDGE/EXPERIENCE","UNABLE TO DETERMINE","1540","E","61ST ST","314",,,,,,,"2","NO INDICATION OF INJURY","0","0","0","0","0","1","0","13","2","2","41.7839370192","-87.5878265783","POINT (-87.587826578327 41.783937019155)"
"f12d0d48edeed7cf125983788756e6ef127741024898a3f37ab87ebcdc71bbd1590422ec0b8555fe102b89027681239175d4bca1fb72bf3cbc4b803550628794",,"2026-02-16T12:50:00.000","30","TRAFFIC SIGNAL","FUNCTIONING PROPERLY","CLEAR","DAYLIGHT","ANGLE","FOUR WAY",,"STRAIGHT AND LEVEL","DRY","UNKNOWN","ON SCENE","NO INJURY / DRIVE AWAY","Y","N",,"OVER $1,500","2026-02-16T12:55:00.000","DISTRACTION - OTHER ELECTRONIC DEVICE (NAVIGATION DEVICE, DVD PLAYER, ETC.)","DISTRACTION - OTHER ELECTRONIC DEVICE (NAVIGATION DEVICE, DVD PLAYER, ETC.)","498","S","HAMLIN BLVD","1133",,,,,,,"2","NO INDICATION OF INJURY","0","0","0","0","0","2","0","12","2","2","41.8744764092","-87.7205530063","POINT (-87.720553006264 41.874476409181)"
"0677ce340225f70b1dae927a7521f6996e2a6fbf1e883731cbe793e4cf9043f87a199149591812e56694c121c01295136bf2e41a2ee367d7b3b859928c5dab9a",,"2026-02-16T12:40:00.000","30","TRAFFIC SIGNAL","FUNCTIONING PROPERLY","CLEAR","DAYLIGHT","ANGLE","FOUR WAY",,"STRAIGHT AND LEVEL","DRY","NO DEFECTS","ON SCENE","NO INJURY / DRIVE AWAY","Y",,"Y","$501 - $1,500","2026-02-16T13:00:00.000","UNABLE TO DETERMINE","UNABLE TO DETERMINE","7200","N","HARLEM AVE","1611",,,,,,,"2","NO INDICATION OF INJURY","0","0","0","0","0","2","0","12","2","2","42.0118046863","-87.8067844062","POINT (-87.806784406171 42.011804686336)"
"9b8f42ba4cb3c9954801d47f3d772fa5633bb863f96c0cd41cc9dc50d9288dd8517466897517c8ab047fa49b5286c5cec959dce1bffabe4175de9a647e510270",,"2026-02-16T12:39:00.000","10","NO CONTROLS","NO CONTROLS","CLEAR","DAYLIGHT","PARKED MOTOR VEHICLE","PARKING LOT",,"STRAIGHT AND LEVEL","DRY","UNKNOWN",,"NO INJURY / DRIVE AWAY",,,"Y","OVER $1,500","2026-02-16T14:00:00.000","OPERATING VEHICLE IN ERRATIC, RECKLESS, CARELESS, NEGLIGENT OR AGGRESSIVE MANNER","NOT APPLICABLE","1437","N","KARLOV AVE","2534",,,,,,,"2","NO INDICATION OF INJURY","0","0","0","0","0","6","0","12","2","2","41.9073134779","-87.7287419323","POINT (-87.728741932279 41.907313477913)"
"28922e4a351a7c75435906cd103e1e9f625a08550984b67d7c092d44e43901c7bc37f7bf3608c0aac8b0b9a2a591e95100d067041a2356e61750a163e6a9f708",,"2026-02-16T12:35:00.000","30","TRAFFIC SIGNAL","FUNCTIONING PROPERLY","CLEAR","DAYLIGHT","REAR END","FOUR WAY",,"STRAIGHT AND LEVEL","DRY","NO DEFECTS","NOT ON SCENE (DESK REPORT)","NO INJURY / DRIVE AWAY","Y",,,"$501 - $1,500","2026-02-17T10:15:00.000","FOLLOWING TOO CLOSELY","UNABLE TO DETERMINE","700","W","DIVERSEY PKWY","1934",,,,,,,"2","NO INDICATION OF INJURY","0","0","0","0","0","4","0","12","2","2","41.9328744488","-87.6467228546","POINT (-87.646722854574 41.932874448826)"
"6c9d410b209ce14f5582f223df3d9a0c9926b1232322984296faae3f6bba89ca084237b5033d6805199e73be57dfbe69803b4d5de716dc808d1f70d630a60cb7",,"2026-02-16T12:30:00.000","30","NO CONTROLS","NO CONTROLS","CLEAR","DAYLIGHT","SIDESWIPE SAME DIRECTION","NOT DIVIDED",,"STRAIGHT AND LEVEL","DRY","NO DEFECTS","NOT ON SCENE (DESK REPORT)","NO INJURY / DRIVE AWAY",,,,"$500 OR LESS","2026-02-16T13:15:00.000","UNABLE TO DETERMINE","NOT APPLICABLE","9500","S","ASHLAND AVE","2213",,,,,,,"2","NO INDICATION OF INJURY","0","0","0","0","0","2","0","12","2","2","41.7211606121","-87.6628281394","POINT (-87.662828139392 41.721160612052)"
"977a8b84f8109ad1dde85776c85a4ece68b6676ce6ac770e187ba62aaa8b1824548e242de223226f3e5c118c01c3411e4150062b7eb9372cddfc089a60c58c26",,"2026-02-16T12:30:00.000","30","NO CONTROLS","NO CONTROLS","CLEAR","DAYLIGHT","PARKED MOTOR VEHICLE","ONE-WAY",,"STRAIGHT AND LEVEL","DRY","NO DEFECTS","NOT ON SCENE (DESK REPORT)","NO INJURY / DRIVE AWAY",,,,"OVER $1,500","2026-02-16T12:50:00.000","DRIVING SKILLS/KNOWLEDGE/EXPERIENCE","UNABLE TO DETERMINE","9146","S","LUELLA AVE","413",,,,,,,"2","NO INDICATION OF INJURY","0","0","0","0","0","1","0","12","2","2","41.728490498","-87.5695692295","POINT (-87.569569229462 41.728490498005)"
"2bed941c9c055b4c339cbf68a529769fc013e12079ebff6ffda3bd3fe07cc8dcdde02b65334a69b7048f4d291cce99ae7ca80a5a6ca5e6e2c18dbc6e73dbaa60",,"2026-02-16T12:10:00.000","15","NO CONTROLS","NO CONTROLS","CLEAR","DAYLIGHT","ANGLE","PARKING LOT",,"STRAIGHT AND LEVEL","DRY","NO DEFECTS","NOT ON SCENE (DESK REPORT)","NO INJURY / DRIVE AWAY",,,,"OVER $1,500","2026-02-16T13:09:00.000","IMPROPER BACKING","NOT APPLICABLE","8333","S","CICERO AVE","834",,,,,,,"2","NO INDICATION OF INJURY","0","0","0","0","0","2","0","12","2","2","41.7409110654","-87.7409228594","POINT (-87.740922859385 41.740911065365)"
"5b8c5b5beddbd86fdc9bb2d2339aab058e611978f2592c006dcded9e937695de18368274e99e38e19367d0674d393c67137441449debea65aa11dd582873b88f",,"2026-02-16T12:10:00.000","30","TRAFFIC SIGNAL","FUNCTIONING PROPERLY","CLEAR","DAYLIGHT","REAR END","NOT DIVIDED",,"STRAIGHT AND LEVEL","DRY","UNKNOWN","ON SCENE","NO INJURY / DRIVE AWAY",,,,"$500 OR LESS","2026-02-16T12:20:00.000","DRIVING SKILLS/KNOWLEDGE/EXPERIENCE","NOT APPLICABLE","1599","N","CLAREMONT AVE","1424",,,,,,,"2","NO INDICATION OF INJURY","0","0","0","0","0","2","0","12","2","2","41.9102499887","-87.6858468137","POINT (-87.685846813731 41.910249988689)"
"31542a565e8966bff4ceba5acbcea68f48f5d975d4f1ddcdb334dd258aa999aecdba1ee191d6aa224580121617677f608143dd4d3a9d78fab2a83500d81abf46","Y","2026-02-16T12:00:00.000","30","NO CONTROLS","NO CONTROLS","CLEAR","DAYLIGHT","PARKED MOTOR VEHICLE","ONE-WAY",,"STRAIGHT AND LEVEL","DRY","NO DEFECTS","ON SCENE","INJURY AND / OR TOW DUE TO CRASH",,,"Y","OVER $1,500","2026-02-16T13:05:00.000","NOT APPLICABLE","NOT APPLICABLE","1104","N","KILDARE AVE","1111",,"Y",,,,,"2","NO INDICATION OF INJURY","0","0","0","0","0","1","0","12","2","2","41.9008954493","-87.7337831425","POINT (-87.733783142534 41.900895449339)"
"96ff84a20131f49764a31c13c1db105de3e509446304d7111cf0f059708bdcb2826c0ea5b6c812d8e7fc8a12b880b119b1d26fd03b2c6137ea3a7cc354062f0d",,"2026-02-16T12:00:00.000","35","TRAFFIC SIGNAL","FUNCTIONING PROPERLY","CLEAR","DAYLIGHT","SIDESWIPE SAME DIRECTION","FOUR WAY",,"STRAIGHT AND LEVEL","DRY","NO DEFECTS","NOT ON SCENE (DESK REPORT)","NO INJURY / DRIVE AWAY",,,"Y","$501 - $1,500","2026-02-17T10:40:00.000","UNABLE TO DETERMINE","UNABLE TO DETERMINE","3500","W","GRAND AVE","1121",,,,,,,"2","NO INDICATION OF INJURY","0","0","0","0","0","2","0","12","2","2","41.901143029","-87.7134634615","POINT (-87.713463461466 41.901143029002)"
"ded9c8f9fd084e0a34367001f698dcd5b851eb90f8fc5afdee96a43bc7d771c2180f00452420c867043cebdc2415cf1e9d03e88ef9699c17f6cde0bfc88d1bfe",,"2026-02-16T12:00:00.000","35","NO CONTROLS","NO CONTROLS","CLEAR","DAYLIGHT","FIXED OBJECT","OTHER",,"STRAIGHT AND LEVEL","DRY","NO DEFECTS","NOT ON SCENE (DESK REPORT)","NO INJURY / DRIVE AWAY",,"Y",,"OVER $1,500","2026-02-16T13:50:00.000","OBSTRUCTED CROSSWALKS","UNABLE TO DETERMINE","400","W","76TH ST","621",,,,,,,"1","NO INDICATION OF INJURY","0","0","0","0","0","1","0","12","2","2","41.7563625272","-87.6345038155","POINT (-87.634503815514 41.756362527225)"
"7980a7ec1d7f716574222b43ba5d2f82a2380e6aaee4b03aae85a3286ad455ce9d76f1572581d7139ff9b18bfc049a5dbde70f19a254a1c60f327b4a7fc5e46a",,"2026-02-16T11:50:00.000","30","NO CONTROLS","NO CONTROLS","CLEAR","DAYLIGHT","SIDESWIPE OPPOSITE DIRECTION","NOT DIVIDED",,"STRAIGHT AND LEVEL","DRY","NO DEFECTS","NOT ON SCENE (DESK REPORT)","NO INJURY / DRIVE AWAY",,,"Y","OVER $1,500","2026-02-16T16:30:00.000","IMPROPER OVERTAKING/PASSING","NOT APPLICABLE","2756","W","55TH ST","923",,,,,,,"2","NO INDICATION OF INJURY","0","0","0","0","0","2","0","11","2","2","41.7938030628","-87.6936562085","POINT (-87.693656208453 41.79380306285)"
"8cb26db897f7bd3a7ac3dcbb8d2a818fd2d6c4a2176f8689b647abff72639e50b08fc7dae37b6746258be0195f3f0f791f65ab5352543b6a541c627bd582276f",,"2026-02-16T11:50:00.000","25","TRAFFIC SIGNAL","FUNCTIONING PROPERLY","CLEAR","DAYLIGHT","SIDESWIPE SAME DIRECTION","ONE-WAY",,"STRAIGHT AND LEVEL","DRY","NO DEFECTS","ON SCENE","NO INJURY / DRIVE AWAY","Y",,,"OVER $1,500","2026-02-16T12:15:00.000","UNABLE TO DETERMINE","NOT APPLICABLE","998","S","CANAL ST","124",,,,,,,"2","NO INDICATION OF INJURY","0","0","0","0","0","4","0","11","2","2","41.8697905661","-87.6394247517","POINT (-87.639424751661 41.869790566115)"
"e410ded02d21d60f1e727ef6f63d8f3b61cbf45769f1b1c60935ec90922afa0419605c4402cae2330d94ebff1e8ba5316b02e93f4560629a95094cfa777fdbff",,"2026-02-16T11:50:00.000","30","UNKNOWN","UNKNOWN","CLEAR","DAYLIGHT","REAR TO FRONT","DIVIDED - W/MEDIAN (NOT RAISED)",,"STRAIGHT AND LEVEL","UNKNOWN","UNKNOWN","NOT ON SCENE (DESK REPORT)","NO INJURY / DRIVE AWAY",,,,"$501 - $1,500","2026-02-16T12:10:00.000","UNABLE TO DETERMINE","UNABLE TO DETERMINE","1215","W","WILSON AVE","1913",,,,,,,"2","NO INDICATION OF INJURY","0","0","0","0","0","3","0","11","2","2","41.9652460503","-87.6602799195","POINT (-87.660279919497 41.965246050344)"
"ee1e6b6468f8dbc9a04e809f0d2921c2f2928a36ae22b9c78f37f08c6f4cb6a8d9f9c869cf1a6fc038e33f243a55b7a7686fed28d5d7d2182e1ff6b1c7814e9b","Y","2026-02-16T11:50:00.000","30","NO CONTROLS","NO CONTROLS","CLEAR","DARKNESS, LIGHTED ROAD","PARKED MOTOR VEHICLE","ONE-WAY",,"STRAIGHT AND LEVEL","DRY","NO DEFECTS","NOT ON SCENE (DESK REPORT)","NO INJURY / DRIVE AWAY",,,,"OVER $1,500","2026-02-17T23:00:00.000","UNABLE TO DETERMINE","UNABLE TO DETERMINE","4152","N","HAMLIN AVE","1723",,,,,,,"2","NO INDICATION OF INJURY","0","0","0","0","0","1","0","11","2","2","41.9571031595","-87.7229570823","POINT (-87.722957082312 41.957103159534)"
"1af6fdc9b2174e43b362879dc2550eba4740dc9c565d3820a9fbf5a433289dd2fa8f7f9fe240abd4825dfdeb998681e7cc387797f545e754385f1c131ed2cbf8",,"2026-02-16T11:42:00.000","30","NO CONTROLS","NO CONTROLS","CLEAR","DARKNESS, LIGHTED ROAD","PARKED MOTOR VEHICLE","NOT DIVIDED",,"STRAIGHT AND LEVEL","DRY","NO DEFECTS","ON SCENE","INJURY AND / OR TOW DUE TO CRASH",,,,"OVER $1,500","2026-02-17T00:10:00.000","UNABLE TO DETERMINE","UNABLE TO DETERMINE","10416","S","ST LOUIS AVE","2211",,,,,,,"2","NO INDICATION OF INJURY","0","0","0","0","0","1","0","11","2","2","41.7036601952","-87.7087683619","POINT (-87.708768361945 41.703660195222)"
"d1cfe6d1fb375613eec81eb4034d4bfb8932f261c890d703f92d24625d28e585e5a66da049c72c0acbe01cd21ddc7da688cf40a48bb89e668c52371439b71169",,"2026-02-16T11:39:00.000","30","TRAFFIC SIGNAL","FUNCTIONING PROPERLY","CLEAR","DAYLIGHT","PEDESTRIAN","FOUR WAY",,"STRAIGHT AND LEVEL","DRY","NO DEFECTS","ON SCENE","INJURY AND / OR TOW DUE TO CRASH","Y",,,"OVER $1,500","2026-02-16T11:39:00.000","FAILING TO YIELD RIGHT-OF-WAY","FAILING TO REDUCE SPEED TO AVOID CRASH","7200","W","BRYN MAWR AVE","1612",,"Y",,,,,"2","FATAL","1","1","0","0","0","1","0","11","2","2","41.9828764684","-87.8070768414","POINT (-87.807076841426 41.982876468384)"