"crash_record_id","crash_date_est_i","crash_date","posted_speed_limit","traffic_control_device","device_condition","weather_condition","lighting_condition","first_crash_type","trafficway_type","lane_cnt","alignment","roadway_surface_cond","road_defect","report_type","crash_type","intersection_related_i","private_property_i","hit_and_run_i","damage","date_police_notified","prim_contributory_cause","sec_contributory_cause","street_no","street_direction","street_name","beat_of_occurrence","photos_taken_i","statements_taken_i","dooring_i","work_zone_i","work_zone_type","workers_present_i","num_units","most_severe_injury","injuries_total","injuries_fatal","injuries_incapacitating","injuries_non_incapacitating","injuries_reported_not_evident","injuries_no_indication","injuries_unknown","crash_hour","crash_day_of_week","crash_month","latitude","longitude","location"
"91d197b0b0c724ea46d21c84dac0d2334db81b398df2ef1fd9a29029ff543c568c64311397bd5b96c0a6d8fbd633b1ad23b81a02541ff08e0acb3b9f84c7081c",,"2026-02-16T11:31:00.000","30","NO CONTROLS","NO CONTROLS","CLEAR","DAYLIGHT","SIDESWIPE SAME DIRECTION","DIVIDED - W/MEDIAN (NOT RAISED)",,"STRAIGHT ON HILLCREST","DRY","NO DEFECTS","NOT ON SCENE (DESK REPORT)","NO INJURY / DRIVE AWAY",,,,"$501 - $1,500","2026-02-16T11:56:00.000","IMPROPER OVERTAKING/PASSING","IMPROPER LANE USAGE","194","N","FIELD BLVD","114",,,,,,,"2","NO INDICATION OF INJURY","0","0","0","0","0","4","0","11","2","2","41.885504344","-87.6175507807","POINT (-87.617550780726 41.885504343976)"
"19bc2d32eb6b64ca4acf16aea967620617077314c25cf4275fb7f74416c7428d244c2e0bd300766dc4c482e32f28398a0dd5cb626a11f4602d4751a621312933",,"2026-02-16T11:30:00.000","30","UNKNOWN","UNKNOWN","CLEAR","DAYLIGHT","ANGLE","DIVIDED - W/MEDIAN BARRIER",,"STRAIGHT AND LEVEL","DRY","UNKNOWN","NOT ON SCENE (DESK REPORT)","NO INJURY / DRIVE AWAY",,,"Y","OVER $1,500","2026-02-16T20:27:00.000","UNABLE TO DETERMINE","NOT APPLICABLE","841","W","IRVING PARK RD","1923",,,,,,,"2","NO INDICATION OF INJURY","0","0","0","0","0","2","0","11","2","2","41.9544250186","-87.6513240171","POINT (-87.65132401707 41.954425018612)"
"58cca7f008659c591e5319da315e805ceae1ac54d9bdf0b2ac59653194dce254573f1eae0389ce58e0b842f3f2f87ea9162e9f2d804d5b62c90197f1e728d937",,"2026-02-16T11:30:00.000","30","NO CONTROLS","NO CONTROLS","UNKNOWN","UNKNOWN","PARKED MOTOR VEHICLE","DIVIDED - W/MEDIAN (NOT RAISED)",,"STRAIGHT AND LEVEL","UNKNOWN","NO DEFECTS","ON SCENE","INJURY AND / OR TOW DUE TO CRASH",,,"Y","OVER $1,500","2026-02-16T15:47:00.000","UNABLE TO DETERMINE","UNABLE TO DETERMINE","1627","W","TOUHY AVE","2423",,,,,,,"2","NO INDICATION OF INJURY","0","0","0","0","0","1","0","11","2","2","42.0125838171","-87.6713178586","POINT (-87.671317858554 42.012583817139)"
"e4edc743edfc7fb900e9db7da91bdef6a45158126e02717507d11a17f8944b36da56ca2ca5cb7a0399a1ef24100ce74774578dfbe11f0ec4d4e58c12aaab6ab3",,"2026-02-16T11:30:00.000","25","TRAFFIC SIGNAL","FUNCTIONING PROPERLY","CLEAR","DAYLIGHT","REAR END","DIVIDED - W/MEDIAN (NOT RAISED)",,"STRAIGHT AND LEVEL","DRY","NO DEFECTS","NOT ON SCENE (DESK REPORT)","NO INJURY / DRIVE AWAY","Y",,,"$500 OR LESS","2026-02-16T14:50:00.000","UNABLE TO DETERMINE","NOT APPLICABLE","3158","W","87TH ST","835",,,,,,,"2","NO INDICATION OF INJURY","0","0","0","0","0","2","0","11","2","2","41.7353273444","-87.7015504726","POINT (-87.701550472618 41.735327344387)"
"2ad8875f641defa7cc997e37160005bb2ab6a639e29894dc30c6d3bb3cff7120a5ce1b21db208f2f878ae1433a8c60a588b9889c8389bca0bc1726758a3e93f8",,"2026-02-16T11:20:00.000","30","STOP SIGN/FLASHER","UNKNOWN","CLEAR","UNKNOWN","REAR END","NOT DIVIDED",,"STRAIGHT AND LEVEL","UNKNOWN","UNKNOWN","NOT ON SCENE (DESK REPORT)","NO INJURY / DRIVE AWAY",,,,"OVER $1,500","2026-02-16T11:50:00.000","UNABLE TO DETERMINE","UNABLE TO DETERMINE","1525","E","HYDE PARK BLVD","234",,,,,,,"2","NO INDICATION OF INJURY","0","0","0","0","0","2","0","11","2","2","41.802361365","-87.5882625337","POINT (-87.58826253368 41.802361365047)"
"45d8e89eaac81025ac8c43fd185943bb09ae3446a2c529e3b06aedc4d1f3ee3df43735b8390a410c3037e96442da32e87b82a07cf31d6b0aa1fa3f7a7fe22610",,"2026-02-16T11:00:00.000","15","NO CONTROLS","NO CONTROLS","CLEAR","DAYLIGHT","PARKED MOTOR VEHICLE","PARKING LOT",,"STRAIGHT AND LEVEL","DRY","NO DEFECTS","NOT ON SCENE (DESK REPORT)","NO INJURY / DRIVE AWAY",,"Y",,"$501 - $1,500","2026-02-16T12:10:00.000","UNABLE TO DETERMINE","UNABLE TO DETERMINE","3400","N","WESTERN AVE","1921",,,,,,,"2","NO INDICATION OF INJURY","0","0","0","0","0","1","0","11","2","2","41.9431873732","-87.6883020207","POINT (-87.688302020702 41.943187373182)"
"afae3505141d39e6b856dc0e36d10adad9e3e8db34772bd99d16a629d78c3f16f189454f14a5b76b6e5504e400ce9aa3d5c453e7523d7c6643efaa7b92f7d16a",,"2026-02-16T11:00:00.000","35","TRAFFIC SIGNAL","FUNCTIONING PROPERLY","CLEAR","DAYLIGHT","SIDESWIPE SAME DIRECTION","DIVIDED - W/MEDIAN (NOT RAISED)",,"STRAIGHT AND LEVEL","DRY","NO DEFECTS","NOT ON SCENE (DESK REPORT)","NO INJURY / DRIVE AWAY","Y",,,"OVER $1,500","2026-02-16T13:00:00.000","IMPROPER OVERTAKING/PASSING","UNABLE TO DETERMINE","7900","S","STATE ST","623",,,,,,,"2","NO INDICATION OF INJURY","0","0","0","0","0","3","0","11","2","2","41.7509181383","-87.6246901225","POINT (-87.624690122516 41.750918138315)"
"6ad65dd5fe9369c318492520c01e61b0c9e10f6628dd63ee5d34f807ff730be61ed67a70b2c601e33a8a6c2eb6b3e2bdf02a1801bfffa67b0c0e8a8478bd017a",,"2026-02-16T10:50:00.000","40","NO CONTROLS","NO CONTROLS","CLEAR","DAYLIGHT","REAR END","DIVIDED - W/MEDIAN (NOT RAISED)",,"STRAIGHT AND LEVEL","DRY","NO DEFECTS","ON SCENE","INJURY AND / OR TOW DUE TO CRASH",,,,"OVER $1,500","2026-02-16T10:51:00.000","UNABLE TO DETERMINE","UNABLE TO DETERMINE","528","S","LAKE SHORE DR SB","114",,,,,,,"2","REPORTED, NOT EVIDENT","2","0","0","0","2","2","0","10","2","2","41.8751974633","-87.6175028377","POINT (-87.617502837651 41.875197463299)"
"62e60d729d9cbccbb8a67dc1b80512a3fd936d981cc0ff7643ac4e977341c5444ee2cbff6df16e1548cc3d3faf17c727084dba79f52090f9147c5f0b04be03de",,"2026-02-16T10:45:00.000","30","NO CONTROLS","NO CONTROLS","CLEAR","DAYLIGHT","SIDESWIPE SAME DIRECTION","DIVIDED - W/MEDIAN BARRIER",,"STRAIGHT AND LEVEL","DRY","NO DEFECTS","ON SCENE","INJURY AND / OR TOW DUE TO CRASH",,,,"OVER $1,500","2026-02-16T10:50:00.000","FAILING TO YIELD RIGHT-OF-WAY","UNABLE TO DETERMINE","4430","N","WESTERN AVE","1911",,,,,,,"2","NONINCAPACITATING INJURY","1","0","0","1","0","2","0","10","2","2","41.9622517321","-87.688856729","POINT (-87.688856729011 41.962251732118)"
"f3c3798b330beb635ffb7ddf15983e019636d7775cd27faf71533e5bb666994ae1454048d970a9b55fab543bf2af2d671fca088417f395637732921068283a01",,"2026-02-16T10:45:00.000","30","NO CONTROLS","NO CONTROLS","CLEAR","DAYLIGHT","SIDESWIPE SAME DIRECTION","DIVIDED - W/MEDIAN (NOT RAISED)",,"STRAIGHT AND LEVEL","DRY","NO DEFECTS","NOT ON SCENE (DESK REPORT)","NO INJURY / DRIVE AWAY",,,,"$501 - $1,500","2026-02-16T11:20:00.000","UNABLE TO DETERMINE","UNABLE TO DETERMINE","1033","W","TAYLOR ST","1232",,,,,,,"2","NO INDICATION OF INJURY","0","0","0","0","0","2","0","10","2","2","41.8693753333","-87.6524836083","POINT (-87.652483608342 41.86937533325)"
"4964ee39743ff858823095aceff82df7d7bf7baf3ee636dfd22e605290d9d4941f21fa3184fea0288ac7ae697e4322418d60d41259e5e124e6df9f9f8171c1fc",,"2026-02-16T10:38:00.000","30","TRAFFIC SIGNAL","FUNCTIONING PROPERLY","CLEAR","DAYLIGHT","TURNING","T-INTERSECTION",,"STRAIGHT AND LEVEL","DRY","NO DEFECTS","NOT ON SCENE (DESK REPORT)","NO INJURY / DRIVE AWAY","Y",,,"OVER $1,500","2026-02-16T11:40:00.000","IMPROPER TURNING/NO SIGNAL","IMPROPER TURNING/NO SIGNAL","8700","S","STATE ST","632",,,,,,,"2","NO INDICATION OF INJURY","0","0","0","0","0","2","0","10","2","2","41.7362094694","-87.6243055191","POINT (-87.624305519124 41.736209469449)"
"fed0f6287b2efe93788f05b3d82e0720d44c973915a50ca58164f6a03081b89fd5127a30a73c5a1c4aa2db894da1256c4e8475d5ca52b723e72b66d7da4fbc7f",,"2026-02-16T10:36:00.000","30","TRAFFIC SIGNAL","UNKNOWN","CLEAR","DAYLIGHT","REAR END","DIVIDED - W/MEDIAN (NOT RAISED)",,"STRAIGHT AND LEVEL","DRY","UNKNOWN","NOT ON SCENE (DESK REPORT)","NO INJURY / DRIVE AWAY",,,,"OVER $1,500","2026-02-16T11:00:00.000","FOLLOWING TOO CLOSELY","FOLLOWING TOO CLOSELY","1800","W","59TH ST","715",,,,,,,"2","NO INDICATION OF INJURY","0","0","0","0","0","2","0","10","2","2","41.7867971066","-87.6693077067","POINT (-87.669307706705 41.786797106591)"
"6414e3de58db83a8c23f169149a84d5d4214ddb5d130716d6d78cdf20a24b2c655190e890d266ddc8d3a84b72240af0ed555f9cc0615251a57e08a2e01d61adf",,"2026-02-16T10:31:00.000","30","NO CONTROLS","NO CONTROLS","CLEAR","DAYLIGHT","ANGLE","NOT DIVIDED",,"STRAIGHT AND LEVEL","DRY","NO DEFECTS","ON SCENE","INJURY AND / OR TOW DUE TO CRASH",,,"Y","OVER $1,500","2026-02-16T10:34:00.000","FAILING TO YIELD RIGHT-OF-WAY","FAILING TO YIELD RIGHT-OF-WAY","5100","S","HALSTED ST","934",,,,,,,"2","NONINCAPACITATING INJURY","1","0","0","1","0","2","0","10","2","2","41.8015371521","-87.6454903606","POINT (-87.645490360635 41.801537152074)"
"72115fe9bc132fa26e5b98ffa8366225e0ed48ec69096d9b0565f5378783aa76de63d8c5589ca29664243e362948f0d16df6d16c152cb4b4ec5ec368fc49843f",,"2026-02-16T10:30:00.000","10","NO CONTROLS","NO CONTROLS","CLEAR","DAYLIGHT","PARKED MOTOR VEHICLE","PARKING LOT",,"STRAIGHT AND LEVEL","DRY","NO DEFECTS","NOT ON SCENE (DESK REPORT)","NO INJURY / DRIVE AWAY",,,"Y","OVER $1,500","2026-02-16T11:30:00.000","UNABLE TO DETERMINE","UNABLE TO DETERMINE","6448","S","KEDZIE AVE","823",,,,,,,"2","NO INDICATION OF INJURY","0","0","0","0","0","2","0","10","2","2","41.7756391494","-87.7032068591","POINT (-87.703206859061 41.775639149418)"
"b095d0166c3d8d914224a2c3e06bf84b858e15ba58ce04e1d3a5d89b9e3cfeaf5c6eecd037139cd2f66237a1f33aac78569af96e3d97845c2ab7c9ab4ec9ec30",,"2026-02-16T10:30:00.000","30","TRAFFIC SIGNAL","FUNCTIONING PROPERLY","CLEAR","DAYLIGHT","TURNING","NOT DIVIDED",,"STRAIGHT AND LEVEL","DRY","NO DEFECTS","NOT ON SCENE (DESK REPORT)","NO INJURY / DRIVE AWAY",,,,"OVER $1,500","2026-02-16T11:00:00.000","FOLLOWING TOO CLOSELY","UNABLE TO DETERMINE","1200","W","DIVERSEY PKWY","1932",,,,,,,"2","NO INDICATION OF INJURY","0","0","0","0","0","2","0","10","2","2","41.9326648873","-87.6587742595","POINT (-87.658774259474 41.932664887258)"
"3dce51820591a5775671c7f6fe3f4ba87826b444518a9f9af4464825358aeed6dd63ca6105dc67bfe22f251ff60d65f1edd7bde079b0f40d889b2fcb88316458",,"2026-02-16T10:28:00.000","30","NO CONTROLS","NO CONTROLS","CLEAR","DAYLIGHT","SIDESWIPE SAME DIRECTION","NOT DIVIDED",,"STRAIGHT AND LEVEL","DRY","NO DEFECTS","ON SCENE","NO INJURY / DRIVE AWAY",,,,"OVER $1,500","2026-02-16T10:33:00.000","IMPROPER LANE USAGE","NOT APPLICABLE","41","E","IDA B WELLS DR","123",,,,,,,"2","NO INDICATION OF INJURY","0","0","0","0","0","4","0","10","2","2","41.8755779668","-87.6260633552","POINT (-87.626063355208 41.875577966768)"
"e07e03d9b340ecc1aa6ac920e4c70c9266c09a930be1dae47c8a658a2bb72e09f105a9b62e524c56a4eb7dddf9948230cbef46a08a5ebaabf9badbad4f61fcbc",,"2026-02-16T10:25:00.000","35","TRAFFIC SIGNAL","FUNCTIONING PROPERLY","CLEAR","DAYLIGHT","REAR END","DIVIDED - W/MEDIAN (NOT RAISED)",,"STRAIGHT AND LEVEL","DRY","NO DEFECTS","ON SCENE","NO INJURY / DRIVE AWAY",,,,"OVER $1,500","2026-02-16T10:25:00.000","FOLLOWING TOO CLOSELY","FOLLOWING TOO CLOSELY","9899","S","WESTERN AVE","2213",,,,,,,"2","NO INDICATION OF INJURY","0","0","0","0","0","2","0","10","2","2","41.7137558029","-87.6816976937","POINT (-87.681697693697 41.713755802854)"
"a3b3f2bf887fb02d09857c4b9351c408fbb8809143a72df7e64de18a3497877ba078a3200d154f7ecdf8b2c5b86ee1df907ed7ff2d451bf3a811614f4b9421ff",,"2026-02-16T10:22:00.000","30","NO CONTROLS","NO CONTROLS","CLEAR","DAYLIGHT","TURNING","T-INTERSECTION",,"STRAIGHT AND LEVEL","DRY","UNKNOWN","NOT ON SCENE (DESK REPORT)","NO INJURY / DRIVE AWAY","Y",,,"OVER $1,500","2026-02-16T10:22:00.000","FAILING TO YIELD RIGHT-OF-WAY","NOT APPLICABLE","1844","N","DAMEN AVE","1434","Y",,,,,,"2","NO INDICATION OF INJURY","0","0","0","0","0","4","0","10","2","2","41.9151240521","-87.6777095294","POINT (-87.677709529366 41.915124052117)"
"f9dd907758b68bf3c56b15edc00a971936aebf82e86689df74be20cc5e668097e365b2eaccccb37e11647a757d594df997f71bf8cb638622771670b91f5112ce",,"2026-02-16T10:15:00.000","30","TRAFFIC SIGNAL","FUNCTIONING PROPERLY","CLEAR","DAYLIGHT","TURNING","FOUR WAY",,"STRAIGHT AND LEVEL","WET","NO DEFECTS","NOT ON SCENE (DESK REPORT)","NO INJURY / DRIVE AWAY","Y",,,"OVER $1,500","2026-02-16T11:00:00.000","UNABLE TO DETERMINE","UNABLE TO DETERMINE","3800","W","LAKE ST","1122",,,,,,,"2","NO INDICATION OF INJURY","0","0","0","0","0","2","0","10","2","2","41.8853182356","-87.7209868523","POINT (-87.720986852264 41.885318235642)"
"62a7aaddbf2cc66d55e3843fae880fe5234a69d58995305dccded1163528351e087a0a32548832c16a10ca106f4efd123f5a5fd46d912ce628f40a9ef8afe6a8",,"2026-02-16T10:00:00.000","30","NO CONTROLS","NO CONTROLS","CLEAR","DAYLIGHT","ANGLE","NOT DIVIDED",,"STRAIGHT AND LEVEL","DRY","NO DEFECTS","ON SCENE","NO INJURY / DRIVE AWAY",,,,"OVER $1,500","2026-02-16T10:06:00.000","UNABLE TO DETERMINE","IMPROPER TURNING/NO SIGNAL","1413","W","CERMAK RD","1235",,,,,,,"2","NO INDICATION OF INJURY","0","0","0","0","0","2","0","10","2","2","41.8522993343","-87.6617398473","POINT (-87.661739847252 41.852299334251)"
"68a9c8c17b836cc2bbe77f7ca482af3f54c2755314734090ff2e01544edd51e3bae5dd9b2c55e256dda4bd74cb244186891a0b73349beb4ea75a9a93c0b14bd6","Y","2026-02-16T10:00:00.000","10","NO CONTROLS","NO CONTROLS","CLEAR","DAYLIGHT","PARKED MOTOR VEHICLE","PARKING LOT",,"STRAIGHT AND LEVEL","DRY","UNKNOWN","NOT ON SCENE (DESK REPORT)","NO INJURY / DRIVE AWAY",,,"Y","OVER $1,500","2026-02-16T13:15:00.000","UNABLE TO DETERMINE","NOT APPLICABLE","4640","S","HALSTED ST","925",,,,,,,"2","NO INDICATION OF INJURY","0","0","0","0","0","1","0","10","2","2","41.809629768","-87.6457075651","POINT (-87.645707565129 41.809629768022)"
"d4f4c06a477e1feec70ec6261daf79153ba0d562900537f06ebf9b84689eed71d253ff3ea10f2f8b1ff317b7f648807e5de8d935a949de7efda510600e3f9a10",,"2026-02-16T10:00:00.000","30","TRAFFIC SIGNAL","FUNCTIONING PROPERLY","CLEAR","DAYLIGHT","PEDALCYCLIST","NOT DIVIDED",,"STRAIGHT AND LEVEL","DRY","NO DEFECTS","NOT ON SCENE (DESK REPORT)","NO INJURY / DRIVE AWAY",,,,"OVER $1,500","2026-02-16T13:30:00.000","UNABLE TO DETERMINE","UNABLE TO DETERMINE","2425","W","ARMITAGE AVE","1434",,,,,,,"2","NO INDICATION OF INJURY","0","0","0","0","0","2","0","10","2","2","41.9174533052","-87.688536453","POINT (-87.688536453028 41.917453305196)"
"be13849c2bcbc08c00d0e7b7fb336757a781e1fe58b16f5e8b9d9c0fff64d2694e3b8f42eb8332993c1e6b62105fcb6ce2a4772dc1afa8f7b129a114bda97aaf",,"2026-02-16T09:55:00.000","30","TRAFFIC SIGNAL","FUNCTIONING PROPERLY","CLEAR","DAYLIGHT","REAR END","DIVIDED - W/MEDIAN BARRIER",,"STRAIGHT AND LEVEL","DRY","NO DEFECTS","ON SCENE","INJURY AND / OR TOW DUE TO CRASH",,,,"OVER $1,500","2026-02-16T10:00:00.000","FOLLOWING TOO CLOSELY","NOT APPLICABLE","323","S","HAMLIN BLVD","1133",,,,,,,"2","REPORTED, NOT EVIDENT","2","0","0","0","2","1","0","9","2","2","41.876443493","-87.7203082424","POINT (-87.720308242428 41.876443493014)"
"02c62963e80fe4e426d9dee622be8e6312132edb927682256c714c5e1230f6c472ff73748e1d65bcae314e03961ee706d6f3c62fe4dc45d6f9d9dec56c2b4a3f",,"2026-02-16T09:50:00.000","30","NO CONTROLS","NO CONTROLS","CLEAR","DAYLIGHT","SIDESWIPE SAME DIRECTION","NOT DIVIDED",,"STRAIGHT AND LEVEL","DRY","NO DEFECTS","NOT ON SCENE (DESK REPORT)","NO INJURY / DRIVE AWAY",,,,"$501 - $1,500","2026-02-16T10:30:00.000","IMPROPER LANE USAGE","NOT APPLICABLE","3250","W","ADDISON ST","1733",,,,,,,"2","NO INDICATION OF INJURY","0","0","0","0","0","4","0","9","2","2","41.9467138613","-87.7098629758","POINT (-87.709862975824 41.946713861315)"
"0564c2a81741dabf9a29aaa2fd6fcca6514fd6af0607fca17761e56810ef40184e5bd85822e9287f2d32e93e057a4ff6d5d6bbfc5975335fe1351ba283ea86c8",,"2026-02-16T09:45:00.000","30","NO CONTROLS","NO CONTROLS","CLEAR","DAYLIGHT","TURNING","NOT DIVIDED",,"STRAIGHT AND LEVEL","DRY","NO DEFECTS","ON SCENE","INJURY AND / OR TOW DUE TO CRASH",,,,"$501 - $1,500","2026-02-16T10:10:00.000","FAILING TO YIELD RIGHT-OF-WAY","UNABLE TO DETERMINE","4751","W","HARRISON ST","1131",,,,,,,"2","NONINCAPACITATING INJURY","1","0","0","1","0","3","0","9","2","2","41.873050422","-87.7445652087","POINT (-87.744565208686 41.873050422045)"
"ff0ae5bbdd450a83f0b0f8afc946876b8b970d9b24dc164c0ac4830298ce0622c48d435c298a3f3059c53234186a1e02f744a800477f804e7180ba52b3992796",,"2026-02-16T09:45:00.000","30","NO CONTROLS","NO CONTROLS","CLEAR","DAYLIGHT","SIDESWIPE SAME DIRECTION","NOT DIVIDED",,"STRAIGHT AND LEVEL","DRY","UNKNOWN","ON SCENE","INJURY AND / OR TOW DUE TO CRASH",,,,"$501 - $1,500","2026-02-16T09:52:00.000","FAILING TO YIELD RIGHT-OF-WAY","FAILING TO YIELD RIGHT-OF-WAY","7616","S","SOUTH SHORE DR","421",,,,,,,"2","NO INDICATION OF INJURY","0","0","0","0","0","3","0","9","2","2","41.7583614692","-87.5550928074","POINT (-87.555092807354 41.758361469174)"
"b52cf30b2a019c0f7c0b46cd1146a00527b286f8153fa69a9fe26024ec2fd85fe2fae89bfdfa67f56d6896deeb5f50ddd8579236eb1801abf6889e531a6facdb",,"2026-02-16T09:33:00.000","30","NO CONTROLS","NO CONTROLS","CLEAR","DAYLIGHT","TURNING","NOT DIVIDED",,"STRAIGHT AND LEVEL","DRY","NO DEFECTS","ON SCENE","NO INJURY / DRIVE AWAY",,,,"OVER $1,500","2026-02-16T09:37:00.000","FAILING TO YIELD RIGHT-OF-WAY","DRIVING SKILLS/KNOWLEDGE/EXPERIENCE","8059","S","SOUTH CHICAGO AVE","414",,,,,,,"2","NO INDICATION OF INJURY","0","0","0","0","0","2","0","9","2","2","41.7483812517","-87.5810314711","POINT (-87.5810314711 41.748381251657)"
"bb6f8041a9d3d2f390b1a7a4494fb337a91b700954e6a452da6caceb7cea53093e081fc13a34147189c15db6ed1942a72277cf361a3127b429c71dc3e0649ec4",,"2026-02-16T09:30:00.000","10","NO CONTROLS","NO CONTROLS","CLEAR","DAYLIGHT","PEDALCYCLIST","NOT DIVIDED",,"STRAIGHT AND LEVEL","UNKNOWN","UNKNOWN","NOT ON SCENE (DESK REPORT)","INJURY AND / OR TOW DUE TO CRASH",,,"Y","$501 - $1,500","2026-02-16T10:19:00.000","UNABLE TO DETERMINE","UNABLE TO DETERMINE","5500","S","PULASKI RD","813",,,,,,,"2","REPORTED, NOT EVIDENT","1","0","0","0","1","2","0","9","2","2","41.7931550607","-87.7233037646","POINT (-87.723303764642 41.793155060731)"
"25beb2d3bbc05f9aed0a88244045636b402ff0e77997474820b1ace1a73f88a9cee51ed474bd79776847d2616bb19a6a74453e2fef1bce717b93aa24ea4b832e",,"2026-02-16T09:20:00.000","10","NO CONTROLS","NO CONTROLS","CLEAR","DAYLIGHT","REAR TO SIDE","PARKING LOT",,"STRAIGHT AND LEVEL","DRY","NO DEFECTS",,"NO INJURY / DRIVE AWAY",,,,"OVER $1,500","2026-02-16T10:50:00.000","UNABLE TO DETERMINE","NOT APPLICABLE","7905","S","CICERO AVE","834",,,,,,,"2","NO INDICATION OF INJURY","0","0","0","0","0","2","0","9","2","2","41.7489865729","-87.7411968744","POINT (-87.741196874415 41.748986572901)"
"aaeacf9618dc5514ebfb7efa9ee9d927240d8c2fd3b69f1475fb027ca8a4d8a78a7db3aed967528aa2136034bc5efac263ebf782cb00e7c6cb04ca424ecce55b",,"2026-02-16T09:15:00.000","30","NO CONTROLS","NO CONTROLS","CLEAR","DAYLIGHT","REAR END","NOT DIVIDED",,"STRAIGHT AND LEVEL","DRY","NO DEFECTS","NOT ON SCENE (DESK REPORT)","NO INJURY / DRIVE AWAY",,,,"OVER $1,500","2026-02-16T18:45:00.000","FOLLOWING TOO CLOSELY","NOT APPLICABLE","4700","W","63RD ST","813",,,,,,,"2","NO INDICATION OF INJURY","0","0","0","0","0","2","0","9","2","2","41.778567203","-87.7399094751","POINT (-87.739909475119 41.778567202964)"
"edbd40b8d85b6b490483c1fa369ea857425872bb1ebf338d7c9b711fb58c037691600af99f9cd2056e8d41dc00084e94f45ad737296b8c648b8de64897ed9886",,"2026-02-16T09:10:00.000","30","TRAFFIC SIGNAL","FUNCTIONING PROPERLY","CLEAR","DAYLIGHT","REAR END","FOUR WAY",,"STRAIGHT AND LEVEL","DRY","NO DEFECTS","ON SCENE","NO INJURY / DRIVE AWAY","Y",,"Y","OVER $1,500","2026-02-16T09:16:00.000","UNABLE TO DETERMINE","UNABLE TO DETERMINE","3233","W","79TH ST","834",,,,,,,"2","NO INDICATION OF INJURY","0","0","0","0","0","3","0","9","2","2","41.7496203331","-87.7035528892","POINT (-87.703552889184 41.749620333104)"
"df7810d0fb09f56c4a1e5cd22585bd46204bbbc11df61d2be5e7854cd08ac7d74a40c661544dd694526d42f3b00c470ea92412f867d3c5b7bc6cfb8525b69c7b",,"2026-02-16T09:09:00.000","30","NO CONTROLS","NO CONTROLS","CLEAR","DAYLIGHT","TURNING","UNKNOWN",,"STRAIGHT AND LEVEL","DRY","UNKNOWN","NOT ON SCENE (DESK REPORT)","NO INJURY / DRIVE AWAY",,,,"OVER $1,500","2026-02-16T09:38:00.000","UNABLE TO DETERMINE","UNABLE TO DETERMINE","5859","S","KEDZIE AVE","824",,,,,,,"2","NO INDICATION OF INJURY","0","0","0","0","0","3","0","9","2","2","41.7863411982","-87.703204308","POINT (-87.70320430798 41.786341198192)"
"2f2001a9ad9dfcc3be9039530870ca782fc32407c43a3e4e736c82cd633f1bc37ee89ded14a40dc3c91c311e06da942ac7da55511f37353aa4bb1bde871b8b5b",,"2026-02-16T09:00:00.000","10","NO CONTROLS","NO CONTROLS","UNKNOWN","DAYLIGHT","FIXED OBJECT","OTHER",,"STRAIGHT AND LEVEL","DRY","NO DEFECTS","NOT ON SCENE (DESK REPORT)","NO INJURY / DRIVE AWAY",,"Y",,"$500 OR LESS","2026-02-24T07:55:00.000","UNABLE TO DETERMINE","UNABLE TO DETERMINE","1424","W","PERSHING RD","912",,,,,,,"1","NO INDICATION OF INJURY","0","0","0","0","0","1","0","9","2","2","41.8233061153","-87.6614933144","POINT (-87.661493314385 41.823306115312)"
"fae3baccdedc23f5d0d10ef428db7c3b706a9d3ba63c545eb3de1272660569a99f06bced859fa27b4d95305fa949c84f2ae2cb77accc3165dc3a439d7117d8c2",,"2026-02-16T09:00:00.000","15","NO CONTROLS","NO CONTROLS","CLEAR","DAYLIGHT","REAR TO SIDE","ALLEY",,"STRAIGHT AND LEVEL","UNKNOWN","UNKNOWN","NOT ON SCENE (DESK REPORT)","NO INJURY / DRIVE AWAY",,,,"$500 OR LESS","2026-02-16T09:34:00.000","DRIVING SKILLS/KNOWLEDGE/EXPERIENCE","UNABLE TO DETERMINE","2740","W","FOSTER AVE","2011",,,,,,,"2","NO INDICATION OF INJURY","0","0","0","0","0","4","0","9","2","2","41.9759333833","-87.6981216772","POINT (-87.698121677158 41.975933383327)"
"af6cdeb3919b220ab17deb3c966195aea04484b911d9959432cc94857b531bc14cae953ce8d61dc9014985e5d3436b55200f7ad86badc285b4bb7c8c9f80fbb1",,"2026-02-16T08:50:00.000","30","UNKNOWN","UNKNOWN","CLEAR","DAYLIGHT","PARKED MOTOR VEHICLE","ONE-WAY",,"STRAIGHT AND LEVEL","DRY","UNKNOWN","NOT ON SCENE (DESK REPORT)","NO INJURY / DRIVE AWAY",,,"Y","OVER $1,500","2026-02-16T11:21:00.000","UNABLE TO DETERMINE","UNABLE TO DETERMINE","6539","S","KEELER AVE","833",,,,,,,"2","NO INDICATION OF INJURY","0","0","0","0","0","1","0","8","2","2","41.7738017425","-87.7273695409","POINT (-87.72736954086 41.773801742517)"
"dc50c9385bbecef03fc567cc66e43f00ff407218caf802268cadc4918254087595e505bcec89074ee2baebf9bb44a020c0694a0a070857136b4d046334cdde2c",,"2026-02-16T08:50:00.000","30","NO CONTROLS","NO CONTROLS","CLEAR","DAYLIGHT","SIDESWIPE SAME DIRECTION","NOT DIVIDED",,"STRAIGHT AND LEVEL","DRY","NO DEFECTS","ON SCENE","NO INJURY / DRIVE AWAY",,,,"OVER $1,500","2026-02-16T08:55:00.000","IMPROPER OVERTAKING/PASSING","IMPROPER LANE USAGE","798","E","48TH ST","223",,"Y",,,,,"2","NO INDICATION OF INJURY","0","0","0","0","0","2","0","8","2","2","41.8078240441","-87.6065906846","POINT (-87.606590684584 41.807824044138)"