"crash_record_id","crash_date_est_i","crash_date","posted_speed_limit","traffic_control_device","device_condition","weather_condition","lighting_condition","first_crash_type","trafficway_type","lane_cnt","alignment","roadway_surface_cond","road_defect","report_type","crash_type","intersection_related_i","private_property_i","hit_and_run_i","damage","date_police_notified","prim_contributory_cause","sec_contributory_cause","street_no","street_direction","street_name","beat_of_occurrence","photos_taken_i","statements_taken_i","dooring_i","work_zone_i","work_zone_type","workers_present_i","num_units","most_severe_injury","injuries_total","injuries_fatal","injuries_incapacitating","injuries_non_incapacitating","injuries_reported_not_evident","injuries_no_indication","injuries_unknown","crash_hour","crash_day_of_week","crash_month","latitude","longitude","location"
"d1d02fdf74b7643699ad6a4be9b19c73cac1ace116ffb102a2c36c2bb32210177e6314de18e58d06949045bb0bfc55ca8b7fda21012459ab610e0423c062e9b2",,"2026-02-16T08:44:00.000","10","UNKNOWN","UNKNOWN","UNKNOWN","UNKNOWN","PARKED MOTOR VEHICLE","UNKNOWN",,"STRAIGHT AND LEVEL","UNKNOWN","UNKNOWN","NOT ON SCENE (DESK REPORT)","NO INJURY / DRIVE AWAY",,,,"OVER $1,500","2026-02-16T09:50:00.000","UNABLE TO DETERMINE","UNABLE TO DETERMINE","4301","S","PACKERS AVE","924",,,,,,,"2","NO INDICATION OF INJURY","0","0","0","0","0","1","0","8","2","2","41.8158976674","-87.6585038266","POINT (-87.65850382661 41.815897667448)"
"f63a922293e7f9c6d523b0a6e4579c48a38b80a7dc389ccfaf8eabb7407fa3ffc03bce089c69fc837d84ab4e9e34aa66a7f426e34f9e2a655f6070c9bf103bfc",,"2026-02-16T08:43:00.000","30","TRAFFIC SIGNAL","FUNCTIONING PROPERLY","CLEAR","DAYLIGHT","TURNING","DIVIDED - W/MEDIAN (NOT RAISED)",,"STRAIGHT AND LEVEL","DRY","NO DEFECTS","NOT ON SCENE (DESK REPORT)","NO INJURY / DRIVE AWAY","Y",,"Y","OVER $1,500","2026-02-16T12:00:00.000","UNABLE TO DETERMINE","NOT APPLICABLE","3500","S","WESTERN AVE","911",,,,,,,"2","NO INDICATION OF INJURY","0","0","0","0","0","2","0","8","2","2","41.8301872553","-87.6851779251","POINT (-87.685177925102 41.830187255269)"
"91279d2052d58de47c0b3d9f7cc8b5f39d15671be2b7fcac1460cfbe2e14c3575bd33d724e58873406a6fd4eecc0b821283554863f23fb3e2a559a832a50605c",,"2026-02-16T08:40:00.000","25","OTHER REG. SIGN","NO CONTROLS","CLEAR","DAYLIGHT","FIXED OBJECT","NOT DIVIDED",,"STRAIGHT AND LEVEL","DRY","NO DEFECTS","ON SCENE","NO INJURY / DRIVE AWAY",,,,"OVER $1,500","2026-02-16T08:50:00.000","DISREGARDING OTHER TRAFFIC SIGNS","NOT APPLICABLE","1600","S","LOOMIS ST","1233",,,,,,,"1","NO INDICATION OF INJURY","0","0","0","0","0","1","0","8","2","2","41.859639565","-87.6615191112","POINT (-87.661519111248 41.859639564974)"
"e2619443ab7e86e339a667e14c23ffe791b11afac95f15ca97caca0bbc1231e95cf97c339e212cfed21301d6ba3dcde7d025b840aa5573c0a0d5fba153a7e638",,"2026-02-16T08:30:00.000","30","NO CONTROLS","NO CONTROLS","CLEAR","DAYLIGHT","PARKED MOTOR VEHICLE","ONE-WAY",,"STRAIGHT AND LEVEL","UNKNOWN","UNKNOWN","NOT ON SCENE (DESK REPORT)","NO INJURY / DRIVE AWAY",,,,"OVER $1,500","2026-02-19T15:30:00.000","DISTRACTION - FROM INSIDE VEHICLE","NOT APPLICABLE","4814","W","FLETCHER ST","2521",,,,,,,"2","NO INDICATION OF INJURY","0","0","0","0","0","1","0","8","2","2","41.9380170265","-87.7475100961","POINT (-87.747510096142 41.938017026453)"
"ccb6e6d2dda0f69474caf29371b2440711cb092984823f87cabac83e8c2dc9776770aff4046da5695f2a2def676ddd7fda14a834e84b7dfa36b76079cc222cd2",,"2026-02-16T08:27:00.000","15","NO CONTROLS","NO CONTROLS","CLEAR","DAYLIGHT","PARKED MOTOR VEHICLE","ONE-WAY",,"STRAIGHT AND LEVEL","DRY","NO DEFECTS","ON SCENE","INJURY AND / OR TOW DUE TO CRASH",,,,"OVER $1,500","2026-02-16T08:28:00.000","DRIVING SKILLS/KNOWLEDGE/EXPERIENCE","NOT APPLICABLE","472","E","47TH ST","221",,,,,,,"2","NO INDICATION OF INJURY","0","0","0","0","0","3","0","8","2","2","41.8095332225","-87.6139791156","POINT (-87.613979115556 41.809533222483)"
"98057668ed5fbb08fce7b6d05e2d5a991267c08c5eb040ae5375cfc7a93dcc381040f7a5918f43ce50bfe18831f458095e050e1007ea7c6f3bfbc50ed23c10cb",,"2026-02-16T08:20:00.000","30","NO CONTROLS","NO CONTROLS","CLEAR","DAYLIGHT","PEDALCYCLIST","NOT DIVIDED",,"STRAIGHT AND LEVEL","WET","UNKNOWN",,"NO INJURY / DRIVE AWAY",,,,"OVER $1,500","2026-02-16T08:24:00.000","FAILING TO YIELD RIGHT-OF-WAY","NOT APPLICABLE","1455","N","CLARK ST","1824",,,,,,,"2","NO INDICATION OF INJURY","0","0","0","0","0","2","0","8","2","2","41.9093335542","-87.6314563176","POINT (-87.631456317607 41.909333554242)"
"1df5a1317136f56b83bd548521beaf351bd9be8589ab0e37f3cffacddd960d460c0912061e9b167db2ded105395a452d4ae8b2c11bb0e165ce0c083bc23e95a0",,"2026-02-16T08:15:00.000","30","STOP SIGN/FLASHER","FUNCTIONING PROPERLY","CLEAR","DAYLIGHT","TURNING","T-INTERSECTION",,"STRAIGHT AND LEVEL","DRY","NO DEFECTS","ON SCENE","NO INJURY / DRIVE AWAY","N",,,"OVER $1,500","2026-02-16T08:29:00.000","UNABLE TO DETERMINE","UNABLE TO DETERMINE","3700","W","47TH ST","821",,,,,,,"2","NO INDICATION OF INJURY","0","0","0","0","0","2","0","8","2","2","41.8080730541","-87.7162964122","POINT (-87.716296412225 41.808073054096)"
"870c932cdbbd4fb471496fa2fd3cef35967a04878cbc310bd0c64586e9e67cc8587a852a8f9036b5aa9995adc33cf81af7e6c799981e7bb5a4e5562527493766",,"2026-02-16T08:15:00.000","40","NO CONTROLS","NO CONTROLS","CLEAR","DAYLIGHT","REAR END","DIVIDED - W/MEDIAN BARRIER",,"STRAIGHT AND LEVEL","DRY","UNKNOWN","ON SCENE","INJURY AND / OR TOW DUE TO CRASH",,,,"OVER $1,500","2026-02-16T08:17:00.000","UNABLE TO DETERMINE","UNABLE TO DETERMINE","928","N","LAKE SHORE DR SB","1833",,,,,,,"3","NO INDICATION OF INJURY","0","0","0","0","0","3","0","8","2","2","41.9000810191","-87.6192137151","POINT (-87.619213715076 41.900081019061)"
"0d05f56e5d1434504f34232c672bf3a3d32525ad73d894e6de27e6280ab8711cd68a0e7aa8dac61392ed8beff99d31d002e078ad6e98a788e9991636dc8776b2",,"2026-02-16T07:50:00.000","25","UNKNOWN","UNKNOWN","CLEAR","DAYLIGHT","PARKED MOTOR VEHICLE","ONE-WAY",,"STRAIGHT AND LEVEL","DRY","NO DEFECTS","NOT ON SCENE (DESK REPORT)","NO INJURY / DRIVE AWAY",,,"Y","OVER $1,500","2026-02-16T11:20:00.000","UNABLE TO DETERMINE","UNABLE TO DETERMINE","956","N","NOBLE ST","1213",,,,,,,"2","NO INDICATION OF INJURY","0","0","0","0","0","1","0","7","2","2","41.8996750368","-87.6626466068","POINT (-87.66264660684 41.899675036781)"
"2ffbd926230de366bae84ec0f48b36ee833261d57d2d08d454a6903121783b7a9f3696a832a055786c1a6cb650e36496a32e326d963b87afa7ecef017d0eb024",,"2026-02-16T07:50:00.000","30","NO CONTROLS","NO CONTROLS","CLEAR","DAWN","PARKED MOTOR VEHICLE","ONE-WAY",,"STRAIGHT AND LEVEL","DRY","NO DEFECTS","NOT ON SCENE (DESK REPORT)","NO INJURY / DRIVE AWAY",,,"Y","$501 - $1,500","2026-02-16T09:27:00.000","DRIVING SKILLS/KNOWLEDGE/EXPERIENCE","UNABLE TO DETERMINE","9837","S","HAMILTON AVE","2213",,,,,,,"2","NO INDICATION OF INJURY","0","0","0","0","0","1","0","7","2","2","41.714462191","-87.6756670828","POINT (-87.675667082757 41.71446219097)"
"14b809855bbe46e9e07834a4c97fe2173af9551ccf3de88e94d17680e0b6c32ca42b6ad91e4fd408b1ddac6a989d0bb808b2a3b3a29e047ffc0a88089d191255",,"2026-02-16T07:45:00.000","30","STOP SIGN/FLASHER","FUNCTIONING PROPERLY","CLEAR","DAYLIGHT","ANGLE","NOT DIVIDED",,"STRAIGHT AND LEVEL","DRY","UNKNOWN","ON SCENE","INJURY AND / OR TOW DUE TO CRASH",,,,"OVER $1,500","2026-02-16T07:50:00.000","FAILING TO YIELD RIGHT-OF-WAY","UNABLE TO DETERMINE","1438","W","72ND ST","734",,,,,,,"3","NO INDICATION OF INJURY","0","0","0","0","0","2","0","7","2","2","41.7632500307","-87.6604572341","POINT (-87.660457234109 41.763250030681)"
"6ade35d967b49a667bbfa185b9e2086bddf6426bbd43fd0d28048b965d809a12f566d1c06437534d75525efd7c5f79143bd5e1072c26fae21d1f5d06da675a67",,"2026-02-16T07:45:00.000","25","NO CONTROLS","NO CONTROLS","CLEAR","DAYLIGHT","PARKED MOTOR VEHICLE","OTHER",,"STRAIGHT AND LEVEL","DRY","UNKNOWN","ON SCENE","NO INJURY / DRIVE AWAY",,,,"OVER $1,500","2026-02-16T08:05:00.000","DRIVING SKILLS/KNOWLEDGE/EXPERIENCE","NOT APPLICABLE","600","S","WABASH AVE","123",,,,,,,"2","NO INDICATION OF INJURY","0","0","0","0","0","1","0","7","2","2","41.87434258","-87.6261417704","POINT (-87.626141770427 41.874342580019)"
"a11507a6789b97f336ec6506525f5e5b545b2993fa5f509005690a2c6b959077578adff187d55dde6f82938ea988bd6324029ea5caa5adccffc6b226fa9c7499",,"2026-02-16T07:45:00.000","30","STOP SIGN/FLASHER","FUNCTIONING PROPERLY","CLEAR","DAYLIGHT","REAR END","FOUR WAY",,"STRAIGHT AND LEVEL","DRY","NO DEFECTS","NOT ON SCENE (DESK REPORT)","NO INJURY / DRIVE AWAY","Y",,,"$501 - $1,500","2026-02-16T09:00:00.000","FOLLOWING TOO CLOSELY","UNABLE TO DETERMINE","4058","W","ARMITAGE AVE","2525",,,,,,,"2","NO INDICATION OF INJURY","0","0","0","0","0","2","0","7","2","2","41.9172454823","-87.7289416856","POINT (-87.728941685641 41.917245482272)"
"73349e00b81a89842373e231b86bf12f1a2a320f9a799baa47357d5a808e6c95204f202901e3be050bc43d80b1daefe121f8ec1b9feeca4cb6c1bea3166d52b9",,"2026-02-16T07:04:00.000","30","PEDESTRIAN CROSSING SIGN","UNKNOWN","CLEAR","DAYLIGHT","PEDESTRIAN","FIVE POINT, OR MORE",,"STRAIGHT AND LEVEL","WET","NO DEFECTS","ON SCENE","INJURY AND / OR TOW DUE TO CRASH","Y",,,"$500 OR LESS","2026-02-16T07:07:00.000","FAILING TO REDUCE SPEED TO AVOID CRASH","FAILING TO YIELD RIGHT-OF-WAY","2760","N","CANNON DR","1935",,"N",,,,,"2","NONINCAPACITATING INJURY","2","0","0","2","0","0","0","7","2","2","41.9328158622","-87.6394136721","POINT (-87.639413672069 41.93281586219)"
"3f88d4f86a5b95ba0744c23b8cc11dcadac559323ed90df3c7f084a06faeb929638b823194b3d1cc6b557833cd3d087b8323d26eb89aff6355c46009acf80bf8",,"2026-02-16T07:00:00.000","30","NO CONTROLS","NO CONTROLS","CLEAR","DAYLIGHT","REAR END","NOT DIVIDED",,"STRAIGHT AND LEVEL","DRY","NO DEFECTS","ON SCENE","INJURY AND / OR TOW DUE TO CRASH",,,,"OVER $1,500","2026-02-16T07:30:00.000","UNABLE TO DETERMINE","UNABLE TO DETERMINE","4740","W","FIFTH AVE","1131",,,,,,,"2","REPORTED, NOT EVIDENT","1","0","0","0","1","1","0","7","2","2","41.8686935143","-87.7440524213","POINT (-87.744052421323 41.868693514333)"
"7f055833cbde7c6b42c73f232305fdabc1ee455ad0c2e0deb3b2dc0f0e5b27ba6d87b2d2398cd1bcd007d9e4cabf7553bf9dc623a6a031699a550a2eec76a014",,"2026-02-16T07:00:00.000","30","NO CONTROLS","NO CONTROLS","UNKNOWN","UNKNOWN","FIXED OBJECT","NOT DIVIDED",,"STRAIGHT AND LEVEL","UNKNOWN","UNKNOWN","NOT ON SCENE (DESK REPORT)","NO INJURY / DRIVE AWAY",,,,"OVER $1,500","2026-02-20T08:04:00.000","UNABLE TO DETERMINE","NOT APPLICABLE","328","W","GARFIELD BLVD","935",,,,,,,"1","NO INDICATION OF INJURY","0","0","0","0","0","1","0","7","2","2","41.7946097604","-87.6341549699","POINT (-87.634154969898 41.794609760405)"
"88e04e226b7eba00ef988055e23018484363d191aa86460bd6e55d13f1f81ab449dcd0e9bd3be27cc96f37e84d4d8f95cc6120430aec996928c1da04697e9400",,"2026-02-16T06:55:00.000","30","TRAFFIC SIGNAL","FUNCTIONING PROPERLY","CLEAR","DAYLIGHT","REAR END","NOT DIVIDED",,"STRAIGHT AND LEVEL","DRY","NO DEFECTS","NOT ON SCENE (DESK REPORT)","NO INJURY / DRIVE AWAY","Y",,,"OVER $1,500","2026-02-17T07:10:00.000","DRIVING SKILLS/KNOWLEDGE/EXPERIENCE","NOT APPLICABLE","1213","W","69TH ST","734",,,,,,,"2","NO INDICATION OF INJURY","0","0","0","0","0","2","0","6","2","2","41.7685736678","-87.6547742156","POINT (-87.654774215581 41.768573667848)"
"e6a4aaa3f03bb8a75fd0a187941b20ca6e6a6cdb4879ae86b13abcce1236c5494d5960fe27c4dd4dc3c68a8d099a8b7def3e6e88da3bc3700c8dcb9e4c983d82",,"2026-02-16T06:53:00.000","30","NO CONTROLS","NO CONTROLS","CLEAR","DAYLIGHT","PARKED MOTOR VEHICLE","ONE-WAY",,"STRAIGHT AND LEVEL","DRY","UNKNOWN","NOT ON SCENE (DESK REPORT)","NO INJURY / DRIVE AWAY",,,"Y","OVER $1,500","2026-02-20T22:00:00.000","UNABLE TO DETERMINE","NOT APPLICABLE","5100","S","ABERDEEN ST","934",,,,,,,"2","NO INDICATION OF INJURY","0","0","0","0","0","1","0","6","2","2","41.8013911835","-87.6527727083","POINT (-87.652772708323 41.801391183515)"
"49d83f9388f355289f000a9d1032f85626c797709f38b25b3d66f187fb5d65d44f8b03edb584c7ab8f4d04f0c2508bef2fc6697a347bd08c7cbd83eb6f72ebdf",,"2026-02-16T06:47:00.000","30","STOP SIGN/FLASHER","FUNCTIONING PROPERLY","CLEAR","DAWN","ANGLE","DIVIDED - W/MEDIAN (NOT RAISED)",,"STRAIGHT AND LEVEL","DRY","NO DEFECTS","ON SCENE","INJURY AND / OR TOW DUE TO CRASH","Y",,,"OVER $1,500","2026-02-16T06:52:00.000","UNABLE TO DETERMINE","UNABLE TO DETERMINE","8255","W","IRVING PARK RD","1631",,,,,,,"2","NO INDICATION OF INJURY","0","0","0","0","0","2","0","6","2","2","41.9519975904","-87.834015436","POINT (-87.834015435979 41.951997590439)"
"dcbc2d8e145f52f48d66766daac12c635b4519066d4ba7175a000589e69be020da6eaace12f038f6a344218d71c9e146111f4833f0b6d3b9b4ec07f868afa7e8",,"2026-02-16T06:40:00.000","30","NO CONTROLS","NO CONTROLS","CLEAR","DAYLIGHT","ANGLE","NOT DIVIDED",,"STRAIGHT AND LEVEL","DRY","NO DEFECTS","NOT ON SCENE (DESK REPORT)","NO INJURY / DRIVE AWAY",,,,"$501 - $1,500","2026-02-16T19:45:00.000","UNABLE TO DETERMINE","UNABLE TO DETERMINE","5534","N","MAJOR AVE","1622",,,,,,,"2","NO INDICATION OF INJURY","0","0","0","0","0","2","0","6","2","2","41.9821604645","-87.7709287255","POINT (-87.770928725527 41.982160464471)"
"d3c60aeade14ea4017f80fba42fc7703a831fd4522d671440d4f8864728df018508ce7cda120c73364ffb708a585cb4df336d46c0de4ae8f29127c036499151b","N","2026-02-16T06:00:00.000","25","NO CONTROLS","NO CONTROLS","CLEAR","DAWN","PARKED MOTOR VEHICLE","ONE-WAY",,"STRAIGHT AND LEVEL","DRY","UNKNOWN","NOT ON SCENE (DESK REPORT)","NO INJURY / DRIVE AWAY",,,"N","OVER $1,500","2026-02-16T18:15:00.000","FOLLOWING TOO CLOSELY","UNABLE TO DETERMINE","3808","N","ST LOUIS AVE","1732",,,,,,,"2","NO INDICATION OF INJURY","0","0","0","0","0","1","0","6","2","2","41.9504598705","-87.715416504","POINT (-87.715416504012 41.950459870491)"
"eac71942d059f7e7e1b05df564aee5d9373eb3c37b3b3cdfcdac533508cc8bc9c5dc62dc5010d777863ebfa58f975da801394e017c76ed66ee36249ff9437837",,"2026-02-16T05:50:00.000","30","TRAFFIC SIGNAL","FUNCTIONING PROPERLY","CLEAR","DARKNESS","REAR END","NOT DIVIDED",,"STRAIGHT AND LEVEL","DRY","NO DEFECTS","NOT ON SCENE (DESK REPORT)","NO INJURY / DRIVE AWAY",,,"Y","OVER $1,500","2026-02-16T19:41:00.000","UNABLE TO DETERMINE","NOT APPLICABLE","1557","N","SHEFFIELD AVE","1822",,,,,,,"2","NO INDICATION OF INJURY","0","0","0","0","0","2","0","5","2","2","41.9101197146","-87.6529556477","POINT (-87.652955647737 41.910119714574)"
"b82e6bc542574a8c37a12f62a8bb470ef90f1f959d3ad4bea27b85ba1674cb576f36353a942bb85561318ef70ef7ce3e310d666d035f9ff084fd72606d35959d",,"2026-02-16T05:49:00.000","30","PEDESTRIAN CROSSING SIGN","FUNCTIONING PROPERLY","CLEAR","DARKNESS, LIGHTED ROAD","PEDESTRIAN","NOT DIVIDED",,"STRAIGHT AND LEVEL","DRY","NO DEFECTS","ON SCENE","INJURY AND / OR TOW DUE TO CRASH","Y",,,"$500 OR LESS","2026-02-16T05:49:00.000","FAILING TO YIELD RIGHT-OF-WAY","NOT APPLICABLE","1501","W","FOSTER AVE","2032",,,,,,,"2","REPORTED, NOT EVIDENT","1","0","0","0","1","1","0","5","2","2","41.9760797264","-87.6684730553","POINT (-87.668473055276 41.976079726417)"
"2f8268976ae46c09f4c35cf8b75cf5018a7fde3c2e9d8be4d9e23ee489c0f75f64d0cf70f88be036417a8ff171fddf7bcd4d2880359578d1a67948b7ce2e2c64",,"2026-02-16T05:40:00.000","30","NO CONTROLS","NO CONTROLS","CLEAR","DAWN","OTHER OBJECT","DIVIDED - W/MEDIAN BARRIER",,"STRAIGHT AND LEVEL","DRY","NO DEFECTS","ON SCENE","NO INJURY / DRIVE AWAY",,,,"OVER $1,500","2026-02-16T05:54:00.000","EVASIVE ACTION DUE TO ANIMAL, OBJECT, NONMOTORIST","NOT APPLICABLE","956","W","TAYLOR ST","1232",,,,,,,"1","NO INDICATION OF INJURY","0","0","0","0","0","1","0","5","2","2","41.869623758","-87.6510436092","POINT (-87.651043609215 41.869623758005)"
"ceb0e5cc3f6800f8177ac95ae7665245ed5c828a3bcb580a42e9e4f50a37571638ef04c2c804e3e6883f70c5098bae3d9fc4a3462f2166ea25821f3d94a01173","Y","2026-02-16T05:40:00.000","30","NO CONTROLS","NO CONTROLS","FREEZING RAIN/DRIZZLE","DARKNESS, LIGHTED ROAD","FIXED OBJECT","DIVIDED - W/MEDIAN (NOT RAISED)",,"STRAIGHT AND LEVEL","WET","NO DEFECTS","ON SCENE","INJURY AND / OR TOW DUE TO CRASH",,"Y","Y","OVER $1,500","2026-02-16T05:45:00.000","UNABLE TO DETERMINE","UNABLE TO DETERMINE","4737","W","DIVERSEY AVE","2521",,,,,,,"1","NO INDICATION OF INJURY","0","0","0","0","0","1","0","5","2","2","41.9314362031","-87.7456354473","POINT (-87.745635447292 41.931436203074)"
"27934b438663a64a6638223e8616f7df743c213afccc1f25d5d881437080b5ce98ea0e8f8f0dc77ed4d0554f7c0d175c009d4daf6067b5aea12ebb756caf4fb9",,"2026-02-16T05:02:00.000","30","TRAFFIC SIGNAL","FUNCTIONING PROPERLY","CLEAR","DARKNESS, LIGHTED ROAD","FIXED OBJECT","DIVIDED - W/MEDIAN (NOT RAISED)",,"STRAIGHT AND LEVEL","DRY","NO DEFECTS","ON SCENE","NO INJURY / DRIVE AWAY","Y",,,"OVER $1,500","2026-02-16T05:02:00.000","UNABLE TO DETERMINE","UNABLE TO DETERMINE","5202","W","MADISON ST","1522",,,,,,,"1","NO INDICATION OF INJURY","0","0","0","0","0","1","0","5","2","2","41.880479486","-87.7552216551","POINT (-87.755221655092 41.880479485971)"
"890c52c2fbafefd493a08e0a4c68df56805a4c0aa42eee25ef34985c3e3512fdc7c6144a58f0cff631990f4fb246c4e535a3d8d7257b70a43586f31360536c83",,"2026-02-16T05:00:00.000","25","NO CONTROLS","NO CONTROLS","CLEAR","DAWN","PARKED MOTOR VEHICLE","DIVIDED - W/MEDIAN (NOT RAISED)",,"STRAIGHT AND LEVEL","DRY","NO DEFECTS","NOT ON SCENE (DESK REPORT)","NO INJURY / DRIVE AWAY",,,"Y","OVER $1,500","2026-02-16T17:00:00.000","UNABLE TO DETERMINE","NOT APPLICABLE","3730","W","56TH ST","822",,,,,,,"2","NO INDICATION OF INJURY","0","0","0","0","0","1","0","5","2","2","41.7915978128","-87.7170269527","POINT (-87.717026952687 41.791597812752)"
"8c98ca1f27f28ee6f1ded93595d56012ac544d05b2ac573a9dc38c8a3655cae8376ad0310cf340b5739513d29a5efc6e3fc66f3f9c2144b250f33dff4b2d379e",,"2026-02-16T05:00:00.000","30","TRAFFIC SIGNAL","UNKNOWN","CLEAR","DARKNESS","FIXED OBJECT","NOT DIVIDED",,"STRAIGHT AND LEVEL","DRY","NO DEFECTS","ON SCENE","INJURY AND / OR TOW DUE TO CRASH","N",,"Y","OVER $1,500","2026-02-16T05:42:00.000","UNABLE TO DETERMINE","UNABLE TO DETERMINE","3553","W","JACKSON BLVD","1133",,,,,,,"1","NO INDICATION OF INJURY","0","0","0","0","0","1","0","5","2","2","41.8771041514","-87.7155808518","POINT (-87.715580851803 41.877104151443)"
"fe0e4df1eef7d6f22ff45d6d323faa1fff8df8d5ad538aa781905b18b699b0546bee7a4b25420c37885292e98b88f4f39f19543cc4b93cb9b5706fdf5379cb28",,"2026-02-16T04:52:00.000","35","OTHER","UNKNOWN","CLEAR","DARKNESS","FIXED OBJECT","UNKNOWN",,"STRAIGHT ON GRADE","DRY","NO DEFECTS","ON SCENE","INJURY AND / OR TOW DUE TO CRASH",,,,"OVER $1,500","2026-02-16T05:18:00.000","UNABLE TO DETERMINE","NOT APPLICABLE","9540","S","LAFAYETTE AVE","511",,,,,,,"1","NO INDICATION OF INJURY","0","0","0","0","0","1","0","4","2","2","41.7204819282","-87.6253048679","POINT (-87.625304867938 41.720481928248)"
"1c52c8207ef7582d9c2d5d7f29a118f67a61836173ebe29532b9e86b2f9cd3879f99ffa33bd384bd05333226b05e239181e6a997318f8ea8988c5f8ec98a9d53",,"2026-02-16T04:45:00.000","30","UNKNOWN","UNKNOWN","CLEAR","DARKNESS, LIGHTED ROAD","SIDESWIPE SAME DIRECTION","NOT DIVIDED",,"STRAIGHT AND LEVEL","DRY","UNKNOWN","NOT ON SCENE (DESK REPORT)","NO INJURY / DRIVE AWAY",,,"Y","OVER $1,500","2026-02-16T05:45:00.000","UNABLE TO DETERMINE","UNABLE TO DETERMINE","4350","S","PULASKI RD","815",,,,,,,"2","NO INDICATION OF INJURY","0","0","0","0","0","2","0","4","2","2","41.8136814258","-87.7239510182","POINT (-87.723951018212 41.813681425794)"
"4d704ed3ea892d052b8b16f70d0909baf2425735d29e8df7df1f9556487f4f2c1a1035644c9b6207a76a104cae73f674bf54bbf8a6851170f13a43d27bb844ca",,"2026-02-16T04:02:00.000","35","TRAFFIC SIGNAL","UNKNOWN","CLEAR","DARKNESS, LIGHTED ROAD","REAR END","FOUR WAY",,"STRAIGHT AND LEVEL","DRY","NO DEFECTS","ON SCENE","INJURY AND / OR TOW DUE TO CRASH",,,,"OVER $1,500","2026-02-16T04:02:00.000","FAILING TO REDUCE SPEED TO AVOID CRASH","NOT APPLICABLE","4812","N","WESTERN AVE","2031",,,,,,,"2","NONINCAPACITATING INJURY","3","0","0","3","0","0","0","4","2","2","41.9690115598","-87.6890629389","POINT (-87.689062938945 41.96901155983)"
"32a1efc81e19ec6b4f3e38bfc00ce0033aa1d7d1382f6ebf43acbcf0ce9c8e2237e2fd232ce4e719bccff96d60366b906fc7a10d2264cff33ca2fbdac677782f",,"2026-02-16T03:55:00.000","30","NO CONTROLS","NO CONTROLS","CLEAR","DARKNESS, LIGHTED ROAD","OTHER OBJECT","NOT DIVIDED",,"STRAIGHT AND LEVEL","OTHER","UNKNOWN","ON SCENE","INJURY AND / OR TOW DUE TO CRASH",,,,"OVER $1,500","2026-02-16T03:58:00.000","FAILING TO REDUCE SPEED TO AVOID CRASH","UNABLE TO DETERMINE","3552","W","ARMITAGE AVE","1413",,,,,,,"1","NONINCAPACITATING INJURY","1","0","0","1","0","0","0","3","2","2","41.9174041108","-87.7156725024","POINT (-87.715672502397 41.917404110754)"
"d14a26e936bc19e53da7525c6299ba9f00be7cca29773b6692044210699a289e1b38dbd658300f40ee89f12138f2f7a8a7811a804e87e8519ad915f5ccde7a8d",,"2026-02-16T03:30:00.000","25","TRAFFIC SIGNAL","FUNCTIONING PROPERLY","CLEAR","DAYLIGHT","TURNING","NOT DIVIDED",,"STRAIGHT AND LEVEL","DRY","NO DEFECTS","NOT ON SCENE (DESK REPORT)","NO INJURY / DRIVE AWAY","Y",,"Y","OVER $1,500","2026-02-16T16:10:00.000","UNABLE TO DETERMINE","UNABLE TO DETERMINE","3200","W","31ST ST","1032",,,,,,,"2","NO INDICATION OF INJURY","0","0","0","0","0","2","0","3","2","2","41.8373395003","-87.704950558","POINT (-87.704950558004 41.837339500296)"
"82122b1fff62eeabbc6b1df9c1f837c17e6c4beefbaa5bab59c350d70c83c18c5a433ffbc7b7e3968ffd834785d51a4ba80e0e4324a44576b8fb3cbcef6de812",,"2026-02-16T02:00:00.000","25","TRAFFIC SIGNAL","FUNCTIONING PROPERLY","CLEAR","DARKNESS","ANGLE","NOT DIVIDED",,"STRAIGHT AND LEVEL","DRY","NO DEFECTS","ON SCENE","INJURY AND / OR TOW DUE TO CRASH",,,"Y","OVER $1,500","2026-02-16T18:30:00.000","UNABLE TO DETERMINE","UNABLE TO DETERMINE","1200","N","CICERO AVE","2533",,,,,,,"2","REPORTED, NOT EVIDENT","1","0","0","0","1","1","0","2","2","2","41.9023962606","-87.7461261196","POINT (-87.746126119551 41.902396260608)"
"0eae55acac244490a1c6571c96b7d5b0910c3865b080e4ebcd98122e9fdfcc75af88ee129f2c391cec24219f22bfb76927b27856172da4237f014102fc285d5a",,"2026-02-16T01:34:00.000","30","NO CONTROLS","NO CONTROLS","CLEAR","DARKNESS, LIGHTED ROAD","FIXED OBJECT","ONE-WAY",,"STRAIGHT AND LEVEL","DRY","NO DEFECTS","ON SCENE","INJURY AND / OR TOW DUE TO CRASH",,,,"OVER $1,500","2026-02-16T01:35:00.000","UNABLE TO DETERMINE","UNABLE TO DETERMINE","11730","S","MARSHFIELD AVE","2234",,,,,,,"1","NO INDICATION OF INJURY","0","0","0","0","0","2","0","1","2","2","41.6803322053","-87.6625846787","POINT (-87.662584678739 41.680332205335)"
"f11010a621981d794f3c71f7ef58c1ce21e62e390604817e7b07a9821a379d64017ea56ef40be88f21c95ef22b17ea6515b139dcb44c17d9e20e043990a98e17",,"2026-02-16T01:14:00.000","30","TRAFFIC SIGNAL","FUNCTIONING PROPERLY","CLEAR","DARKNESS, LIGHTED ROAD","ANGLE","FOUR WAY",,"STRAIGHT AND LEVEL","DRY","UNKNOWN","ON SCENE","INJURY AND / OR TOW DUE TO CRASH","Y",,"Y","OVER $1,500","2026-02-16T01:14:00.000","DISREGARDING TRAFFIC SIGNALS","NOT APPLICABLE","1200","N","CICERO AVE","2533",,,,,,,"2","NONINCAPACITATING INJURY","1","0","0","1","0","1","0","1","2","2","41.9023962606","-87.7461261196","POINT (-87.746126119551 41.902396260608)"