"crash_record_id","crash_date_est_i","crash_date","posted_speed_limit","traffic_control_device","device_condition","weather_condition","lighting_condition","first_crash_type","trafficway_type","lane_cnt","alignment","roadway_surface_cond","road_defect","report_type","crash_type","intersection_related_i","private_property_i","hit_and_run_i","damage","date_police_notified","prim_contributory_cause","sec_contributory_cause","street_no","street_direction","street_name","beat_of_occurrence","photos_taken_i","statements_taken_i","dooring_i","work_zone_i","work_zone_type","workers_present_i","num_units","most_severe_injury","injuries_total","injuries_fatal","injuries_incapacitating","injuries_non_incapacitating","injuries_reported_not_evident","injuries_no_indication","injuries_unknown","crash_hour","crash_day_of_week","crash_month","latitude","longitude","location"
"b27e2d7fe4b3574258d0cbbd7bc91ceb87ab442aea167c744087971dfa9ee46faf3fdb637a262afe7e59cdf47ca65b3a14e80eb8c9cf237f37ba7e4bafbd69a5",,"2026-02-16T00:57:00.000","30","NO CONTROLS","NO CONTROLS","CLEAR","DARKNESS, LIGHTED ROAD","PARKED MOTOR VEHICLE","NOT DIVIDED",,"STRAIGHT AND LEVEL","DRY","NO DEFECTS","ON SCENE","INJURY AND / OR TOW DUE TO CRASH",,"N",,"OVER $1,500","2026-02-16T01:00:00.000","UNABLE TO DETERMINE","NOT APPLICABLE","7212","N","WESTERN AVE","2411",,,,,,,"3","NONINCAPACITATING INJURY","1","0","0","1","0","0","0","0","2","2","42.0126797371","-87.6903926797","POINT (-87.690392679716 42.012679737124)"
"e53d6a7eb1b94122bdf2aa87abc3bfa38275a8a95d7339d4a1a10c6a737abc69d0199a121a72153e6a1c0d779820b3e9e8035fdbc1474dae7cff8916aab61721",,"2026-02-16T00:15:00.000","35","NO CONTROLS","NO CONTROLS","CLEAR","DARKNESS, LIGHTED ROAD","SIDESWIPE SAME DIRECTION","ONE-WAY",,"STRAIGHT AND LEVEL","DRY","NO DEFECTS","ON SCENE","INJURY AND / OR TOW DUE TO CRASH",,,,"$501 - $1,500","2026-02-16T00:31:00.000","UNABLE TO DETERMINE","UNABLE TO DETERMINE","2748","N","LEHMANN CT","1935",,,,,,,"2","NONINCAPACITATING INJURY","1","0","0","1","0","2","0","0","2","2","41.9325766255","-87.6437494017","POINT (-87.643749401732 41.93257662551)"
"3d77d6a1048d1fa45c25ee846c7d576a53bf93d3ee7cf4410f1a74946e455d813a53c564fc3261bcecac05f408b18e26945303a12392c1742198a76e147a0bfd",,"2026-02-16T00:08:00.000","30","STOP SIGN/FLASHER","FUNCTIONING PROPERLY","CLEAR","DARKNESS, LIGHTED ROAD","ANGLE","FOUR WAY",,"STRAIGHT AND LEVEL","DRY","NO DEFECTS","ON SCENE","INJURY AND / OR TOW DUE TO CRASH","Y",,,"OVER $1,500","2026-02-16T00:08:00.000","FAILING TO YIELD RIGHT-OF-WAY","FAILING TO YIELD RIGHT-OF-WAY","3230","W","26TH ST","1024",,,,,,,"2","NO INDICATION OF INJURY","0","0","0","0","0","4","0","0","2","2","41.844611471","-87.7061975818","POINT (-87.706197581812 41.844611471021)"
"a8628c93effeaf5d6f8f5d7bb908907d03379936e1a736598e98251708f5db4cf3d5ebfd30c1f182114d67da83fa73bc06586b399ce8d182a9b712b7a8fff844",,"2026-02-16T00:01:00.000","25","NO CONTROLS","NO CONTROLS","CLEAR","DARKNESS, LIGHTED ROAD","PARKED MOTOR VEHICLE","PARKING LOT",,"STRAIGHT AND LEVEL","DRY","NO DEFECTS","NOT ON SCENE (DESK REPORT)","NO INJURY / DRIVE AWAY",,"Y","Y","OVER $1,500","2026-02-16T10:45:00.000","UNABLE TO DETERMINE","UNABLE TO DETERMINE","7342","W","FOSTER AVE","1613",,,,,,,"2","NO INDICATION OF INJURY","0","0","0","0","0","1","0","0","2","2","41.9745429477","-87.8113468842","POINT (-87.811346884218 41.974542947709)"
"3869c182724911edfb584a9f717308e50ba01f248f34e12f3b23d24d5edd14d0e097c83fee6e717ac25e850750f22c882fd1e9e5bccd9b1f918854f8abee0f03",,"2026-02-16T00:00:00.000","30","NO CONTROLS","NO CONTROLS","CLEAR","DARKNESS, LIGHTED ROAD","PARKED MOTOR VEHICLE","NOT DIVIDED",,"STRAIGHT AND LEVEL","DRY","NO DEFECTS","NOT ON SCENE (DESK REPORT)","NO INJURY / DRIVE AWAY",,,,"OVER $1,500","2026-02-17T12:41:00.000","IMPROPER OVERTAKING/PASSING","NOT APPLICABLE","205","E","18TH ST","132",,,,,,,"2","NO INDICATION OF INJURY","0","0","0","0","0","1","0","0","2","2","41.8577930176","-87.6220949234","POINT (-87.622094923395 41.857793017556)"
"4e461f9be4c3eaf1fb6b56c0f3abe552153e71e290fa4b4308531041c2296da84574deddeb0e979f045b9f081420cd68e6f5783cea5742dc7bea8ed6fa28ba25",,"2026-02-15T23:35:00.000","35","UNKNOWN","NO CONTROLS","CLEAR","DARKNESS, LIGHTED ROAD","FIXED OBJECT","DIVIDED - W/MEDIAN BARRIER",,"STRAIGHT AND LEVEL","DRY","NO DEFECTS","ON SCENE","INJURY AND / OR TOW DUE TO CRASH",,,,"OVER $1,500","2026-02-15T23:39:00.000","IMPROPER LANE USAGE","NOT APPLICABLE","3236","W","FRANKLIN BLVD","1121",,,,,,,"1","REPORTED, NOT EVIDENT","2","0","0","0","2","0","0","23","1","2","41.8901631672","-87.7078783298","POINT (-87.707878329773 41.890163167176)"
"9f0e5dfb2bab32c6e800b4e3aebfae490d3ec67e5f1918c638475010db0dd50d4fb5b469b32ac9f73b514deb189ee82f9d7647b631f82d301eb2be797b1dd2bc",,"2026-02-15T23:24:00.000","30","NO CONTROLS","NO CONTROLS","CLEAR","DARKNESS, LIGHTED ROAD","PARKED MOTOR VEHICLE","NOT DIVIDED",,"STRAIGHT AND LEVEL","DRY","NO DEFECTS","ON SCENE","NO INJURY / DRIVE AWAY",,,"Y","OVER $1,500","2026-02-15T23:46:00.000","UNABLE TO DETERMINE","UNABLE TO DETERMINE","2933","N","HARLEM AVE","2511",,,,,,,"2","NO INDICATION OF INJURY","0","0","0","0","0","1","0","23","1","2","41.9335565189","-87.8064437346","POINT (-87.806443734624 41.933556518945)"
"06cbebfebbe05c504dbba43b90d6d734ba3de2134dd935f3c42710f29ab85a95456da25da095d59639392afa1fae421f7e7a644f1dd84f49ed7f1cfda6a3dfb3",,"2026-02-15T23:05:00.000","30","TRAFFIC SIGNAL","FUNCTIONING PROPERLY","CLEAR","DARKNESS, LIGHTED ROAD","HEAD ON","DIVIDED - W/MEDIAN (NOT RAISED)",,"STRAIGHT AND LEVEL","DRY","NO DEFECTS","ON SCENE","INJURY AND / OR TOW DUE TO CRASH","Y",,"Y","OVER $1,500","2026-02-15T23:08:00.000","UNABLE TO DETERMINE","IMPROPER OVERTAKING/PASSING","5807","W","DIVISION ST","1511",,,,,,,"2","NONINCAPACITATING INJURY","1","0","0","1","0","1","0","23","1","2","41.9019558354","-87.7708395987","POINT (-87.770839598749 41.901955835445)"
"7ca8380a1e09b031db06fcda3bd80db8a6745942389b7888b6fcd8fceee605588bd5a7b4a9a811d57b1abd0d559ca33949c4f0d88f13b8d218e584d5856553a0",,"2026-02-15T23:00:00.000","30","NO CONTROLS","NO CONTROLS","CLEAR","DARKNESS","PARKED MOTOR VEHICLE","NOT DIVIDED",,"STRAIGHT AND LEVEL","DRY","NO DEFECTS","NOT ON SCENE (DESK REPORT)","NO INJURY / DRIVE AWAY",,,,"OVER $1,500","2026-02-16T15:50:00.000","IMPROPER BACKING","NOT APPLICABLE","6000","S","WOODLAWN AVE","235",,,,,,,"2","NO INDICATION OF INJURY","0","0","0","0","0","2","0","23","1","2","41.7859192819","-87.596476642","POINT (-87.596476641971 41.785919281878)"
"db815267cba13e0e106025b01079639ceac38c8810663d1bb9762d16da171d0ec0683ec95c85a40ebb14b2d2da05e1cc2972bc2d66f0484ada388f2e6eb792c6",,"2026-02-15T23:00:00.000","25","STOP SIGN/FLASHER","FUNCTIONING PROPERLY","CLEAR","DARKNESS, LIGHTED ROAD","ANGLE","NOT DIVIDED",,"STRAIGHT AND LEVEL","DRY","UNKNOWN","ON SCENE","INJURY AND / OR TOW DUE TO CRASH",,,"Y","OVER $1,500","2026-02-16T01:42:00.000","FAILING TO YIELD RIGHT-OF-WAY","UNABLE TO DETERMINE","7600","S","KINGSTON AVE","421",,,,,,,"2","REPORTED, NOT EVIDENT","1","0","0","0","1","1","0","23","1","2","41.7571263683","-87.5628449231","POINT (-87.562844923082 41.757126368344)"
"51e94940065186ebf086afeb32cad1b0ba6c00b985ff01c6a8a9aac9b935f18a69e4bf183aa58c244dfa0fcb45a3d7046927956d278e4cfa5c5014a2ea7a27df",,"2026-02-15T22:42:00.000","30","TRAFFIC SIGNAL","FUNCTIONING PROPERLY","CLEAR","DARKNESS, LIGHTED ROAD","REAR END","T-INTERSECTION",,"STRAIGHT AND LEVEL","DRY","NO DEFECTS","ON SCENE","INJURY AND / OR TOW DUE TO CRASH","Y",,,"OVER $1,500","2026-02-15T23:30:00.000","FAILING TO REDUCE SPEED TO AVOID CRASH","HAD BEEN DRINKING (USE WHEN ARREST IS NOT MADE)","7900","S","WOOD ST","611",,"Y",,,,,"2","REPORTED, NOT EVIDENT","6","0","0","0","6","1","0","22","1","2","41.7502001184","-87.6684358999","POINT (-87.66843589987 41.750200118353)"
"7ea546dd136474ee03c0bb703ddbf6fe9cb4a88fa4f2fccea5fa113f8d993abf5e34528fdc113f14900dae5eac5337b679ec6c0f38905ad417125c853eae6555",,"2026-02-15T22:41:00.000","20","STOP SIGN/FLASHER","FUNCTIONING PROPERLY","CLOUDY/OVERCAST","DARKNESS, LIGHTED ROAD","HEAD ON","FOUR WAY",,"STRAIGHT AND LEVEL","WET","NO DEFECTS","ON SCENE","NO INJURY / DRIVE AWAY","Y",,,"OVER $1,500","2026-02-15T23:41:00.000","UNABLE TO DETERMINE","NOT APPLICABLE","10000","W","MONTROSE AVE","1654",,,,,,,"2","NO INDICATION OF INJURY","0","0","0","0","0","2","0","22","1","2","41.9626010572","-87.8807425616","POINT (-87.880742561578 41.962601057226)"
"f958bdbb5e8e98c0fd0c494b51806bf0cd54a9ee722f9077eab07e299776c3f968a9c92f6b0dc1eafdeeda7dd26ea89631eb18c11723b4e3916e9c594f2e3c0a",,"2026-02-15T22:41:00.000","30","TRAFFIC SIGNAL","FUNCTIONING PROPERLY","CLEAR","DARKNESS, LIGHTED ROAD","TURNING","DIVIDED - W/MEDIAN (NOT RAISED)",,"STRAIGHT AND LEVEL","DRY","UNKNOWN","ON SCENE","INJURY AND / OR TOW DUE TO CRASH",,,,"$501 - $1,500","2026-02-15T22:45:00.000","UNABLE TO DETERMINE","UNABLE TO DETERMINE","233","E","LOWER WACKER DR","114",,,,,,,"2","REPORTED, NOT EVIDENT","1","0","0","0","1","2","0","22","1","2","41.8877761726","-87.6213583629","POINT (-87.621358362885 41.887776172574)"
"62b2455e23a17886e7ff055449d020db1f9eaaa31fded59fa05befa3684c084b721098357c1f2cce077c11139dd7ecebb34aa22ac800131358a6da6d145f60cc",,"2026-02-15T22:38:00.000","30","NO CONTROLS","NO CONTROLS","CLEAR","DARKNESS, LIGHTED ROAD","PARKED MOTOR VEHICLE","NOT DIVIDED",,"STRAIGHT AND LEVEL","DRY","RUT, HOLES","ON SCENE","INJURY AND / OR TOW DUE TO CRASH",,,,"OVER $1,500","2026-02-15T22:38:00.000","ROAD ENGINEERING/SURFACE/MARKING DEFECTS","DRIVING SKILLS/KNOWLEDGE/EXPERIENCE","1047","S","AUSTIN BLVD","1513",,,,,,,"5","NONINCAPACITATING INJURY","1","0","0","1","0","0","0","22","1","2","41.8677230293","-87.7740646391","POINT (-87.774064639146 41.867723029298)"
"0ffe527d0b26cd5ee06b4220c7afeb67c1098a57f3bbdccd3afa53afe57f4da878a6a44c750796f1a0741c08d2886f07a22c969eec98a22cbdc2a6ec33d1bba9",,"2026-02-15T22:30:00.000","30","NO CONTROLS","NO CONTROLS","CLEAR","DARKNESS, LIGHTED ROAD","PARKED MOTOR VEHICLE","NOT DIVIDED",,"STRAIGHT AND LEVEL","DRY","NO DEFECTS","NOT ON SCENE (DESK REPORT)","NO INJURY / DRIVE AWAY",,,,"OVER $1,500","2026-02-16T10:00:00.000","IMPROPER BACKING","NOT APPLICABLE","1401","N","MAGNOLIA AVE","1433",,,,,,,"2","NO INDICATION OF INJURY","0","0","0","0","0","2","0","22","1","2","41.9070517969","-87.6597740371","POINT (-87.659774037093 41.907051796944)"
"e64d76d83ea0dfba2af61df44b3c677ca491c3e82e6a9a68674d8c1d20d31b6a626499a2468462444cff96a748261960411ffff6612b334ed06c886f47545076",,"2026-02-15T22:14:00.000","30","NO CONTROLS","NO CONTROLS","CLEAR","DARKNESS","REAR END","FOUR WAY",,"STRAIGHT AND LEVEL","DRY","NO DEFECTS","NOT ON SCENE (DESK REPORT)","NO INJURY / DRIVE AWAY","Y",,,"OVER $1,500","2026-02-15T22:30:00.000","UNABLE TO DETERMINE","NOT APPLICABLE","2400","W","CHICAGO AVE","1212","N",,,,,,"2","NO INDICATION OF INJURY","0","0","0","0","0","2","0","22","1","2","41.8958510411","-87.6869689347","POINT (-87.686968934685 41.895851041124)"
"7369270dd80d8b8b4c5fab103f562b8d35c4428e3347545ecbee7cbc06fe861d83a693c8c7315c112e078a82b781e633ffc995893ab46c783df6825252d33c6d",,"2026-02-15T22:05:00.000","30","NO CONTROLS","NO CONTROLS","CLEAR","DARKNESS, LIGHTED ROAD","SIDESWIPE SAME DIRECTION","NOT DIVIDED",,"STRAIGHT AND LEVEL","DRY","NO DEFECTS","NOT ON SCENE (DESK REPORT)","INJURY AND / OR TOW DUE TO CRASH",,,"Y","OVER $1,500","2026-02-15T23:20:00.000","FOLLOWING TOO CLOSELY","NOT APPLICABLE","4324","W","55TH ST","815",,,,,,,"2","REPORTED, NOT EVIDENT","1","0","0","0","1","3","0","22","1","2","41.7932365515","-87.731679864","POINT (-87.731679863961 41.793236551534)"
"09b7779c8296833b6b54591b1c77e10bd3897a94ea76ef1c2af2818afa524071c33004a23d1f75cb711e657ac12ab08e8edd26a1cf9cb18fc81fc539e89d1649","Y","2026-02-15T22:00:00.000","25","TRAFFIC SIGNAL","FUNCTIONING PROPERLY","CLEAR","DARKNESS, LIGHTED ROAD","SIDESWIPE SAME DIRECTION","NOT DIVIDED",,"STRAIGHT AND LEVEL","DRY","NO DEFECTS","ON SCENE","NO INJURY / DRIVE AWAY","Y",,"Y","OVER $1,500","2026-02-16T09:13:00.000","FOLLOWING TOO CLOSELY","FOLLOWING TOO CLOSELY","2001","W","MARQUETTE RD","726",,,,,,,"2","NO INDICATION OF INJURY","0","0","0","0","0","2","0","22","1","2","41.7719660557","-87.6737717779","POINT (-87.673771777929 41.77196605569)"
"b857a92a323692f88fc24d1b955f7c3e0017e7624494c987e89bf55f0ab915d6c49c68353ddaf253e4b42d024cef644af5e09527a52eabb0e2984384883c3a74","N","2026-02-15T22:00:00.000","30","PEDESTRIAN CROSSING SIGN","NO CONTROLS","CLEAR","DARKNESS, LIGHTED ROAD","ANIMAL","T-INTERSECTION",,"STRAIGHT AND LEVEL","DRY","UNKNOWN",,"INJURY AND / OR TOW DUE TO CRASH",,,"Y","OVER $1,500","2026-02-16T01:40:00.000","UNABLE TO DETERMINE","NOT APPLICABLE","157","W","MENOMONEE ST","1814",,,,,,,"2","NONINCAPACITATING INJURY","1","0","0","1","0","1","0","22","1","2","41.9147129703","-87.6339141811","POINT (-87.633914181101 41.914712970326)"
"e8678ea193936a87e05e857f3d3179c3272e94eb136a2d3a2322e36671b563d1cb194ff54d2ead08df0347ae21e52e5d70a4139401c04045fb799669492bae35","Y","2026-02-15T22:00:00.000","10","NO CONTROLS","NO CONTROLS","CLEAR","DARKNESS, LIGHTED ROAD","PARKED MOTOR VEHICLE","ALLEY",,"STRAIGHT AND LEVEL","DRY","NO DEFECTS","NOT ON SCENE (DESK REPORT)","NO INJURY / DRIVE AWAY",,,,"OVER $1,500","2026-02-24T12:45:00.000","DRIVING SKILLS/KNOWLEDGE/EXPERIENCE","NOT APPLICABLE","911","W","ADDISON ST","1924",,,,,,,"2","NO INDICATION OF INJURY","0","0","0","0","0","1","0","22","1","2","41.9471672945","-87.6523806336","POINT (-87.652380633609 41.947167294473)"
"add7827c03ed0398b7d2789cf490b62784686cbbb7728aec886dd25e63599e1c14d38323253f243e61c3b15daac54f0bfc1b385b3e763dd911dd5153baf96480",,"2026-02-15T21:59:00.000","30","TRAFFIC SIGNAL","FUNCTIONING PROPERLY","CLEAR","DARKNESS, LIGHTED ROAD","REAR END","NOT DIVIDED",,"STRAIGHT AND LEVEL","DRY","NO DEFECTS","NOT ON SCENE (DESK REPORT)","NO INJURY / DRIVE AWAY",,,"Y","$501 - $1,500","2026-02-15T22:51:00.000","FAILING TO REDUCE SPEED TO AVOID CRASH","FOLLOWING TOO CLOSELY","759","N","AUSTIN BLVD","1511",,,,,,,"2","NO INDICATION OF INJURY","0","0","0","0","0","2","0","21","1","2","41.894600902","-87.7749787501","POINT (-87.774978750081 41.894600901968)"
"d612a929694f5dec1d4a7e576f70f1fcd38fde1e52417c78767b97db639475ef569d2e961c7e8f9f4913c15ca31f9b798bbdbed1423aa76efc5975751953d304",,"2026-02-15T21:55:00.000","30","NO CONTROLS","NO CONTROLS","CLEAR","DARKNESS, LIGHTED ROAD","REAR END","DIVIDED - W/MEDIAN (NOT RAISED)",,"STRAIGHT AND LEVEL","DRY","NO DEFECTS","NOT ON SCENE (DESK REPORT)","NO INJURY / DRIVE AWAY","Y",,"Y","OVER $1,500","2026-02-16T11:45:00.000","UNABLE TO DETERMINE","NOT APPLICABLE","4537","W","55TH ST","813",,,,,,,"2","NO INDICATION OF INJURY","0","0","0","0","0","2","0","21","1","2","41.7929729072","-87.7368633987","POINT (-87.736863398677 41.792972907245)"
"572dfcd61061c49802e5bcd84125d0c604b60e2644575aaf35880b23751bfad34b2a134a9e4aa5e35f356f39e47133ff194fd2c3594d123e6e67443a1583a4a7",,"2026-02-15T21:53:00.000","30","NO CONTROLS","NO CONTROLS","CLEAR","DARKNESS, LIGHTED ROAD","PARKED MOTOR VEHICLE","NOT DIVIDED",,"STRAIGHT AND LEVEL","DRY","NO DEFECTS","ON SCENE","NO INJURY / DRIVE AWAY",,,"Y","OVER $1,500","2026-02-15T21:53:00.000","UNABLE TO DETERMINE","UNABLE TO DETERMINE","5758","W","AINSLIE ST","1622",,,,,,,"2","NO INDICATION OF INJURY","0","0","0","0","0","1","0","21","1","2","41.969643951","-87.7724437539","POINT (-87.772443753901 41.96964395098)"
"c6ac494b8fa103562add20942d72abf2f7e4573cc56920befedb8cab3d1b86587f96f85d937733098da587cb475acc3c0840d8a2cf5ed796543b4d5945e0e064","Y","2026-02-15T21:50:00.000","30","UNKNOWN","UNKNOWN","UNKNOWN","UNKNOWN","PARKED MOTOR VEHICLE","PARKING LOT",,"STRAIGHT AND LEVEL","UNKNOWN","UNKNOWN","NOT ON SCENE (DESK REPORT)","NO INJURY / DRIVE AWAY",,"Y","Y","OVER $1,500","2026-02-16T20:05:00.000","UNABLE TO DETERMINE","NOT APPLICABLE","1521","E","87TH ST","412",,,,,,,"2","NO INDICATION OF INJURY","0","0","0","0","0","1","0","21","1","2","41.7367823169","-87.5871260462","POINT (-87.58712604619 41.73678231689)"
"7854dc9d9a268e788d5a9af065bc56e2cd043d79ff157ff3bf837f53f4d949ba0dc2e04e77abca670da039c72fdf5c1633e9535fb4b787d02502924912daefb6",,"2026-02-15T21:30:00.000","20","NO CONTROLS","NO CONTROLS","CLEAR","DARKNESS, LIGHTED ROAD","REAR END","NOT DIVIDED",,"STRAIGHT AND LEVEL","DRY","NO DEFECTS","NOT ON SCENE (DESK REPORT)","NO INJURY / DRIVE AWAY",,,,"$500 OR LESS","2026-02-15T22:30:00.000","FOLLOWING TOO CLOSELY","FOLLOWING TOO CLOSELY","2714","W","TOUHY AVE","2411",,"Y",,,,,"2","NO INDICATION OF INJURY","0","0","0","0","0","2","0","21","1","2","42.0122177682","-87.6980062941","POINT (-87.698006294054 42.012217768188)"
"db158eb4036e5646ccfa26ecccca8194747a0b06bdc9b6b627cdfb7d75e0884d13c59379e7af183cd5f5e327b9aa34a3952daf58ce8c3ad9bff53ac4e3d900d9",,"2026-02-15T21:04:00.000","30","NO CONTROLS","NO CONTROLS","CLEAR","DARKNESS, LIGHTED ROAD","PARKED MOTOR VEHICLE","NOT DIVIDED",,"STRAIGHT AND LEVEL","DRY","UNKNOWN","ON SCENE","INJURY AND / OR TOW DUE TO CRASH",,,,"OVER $1,500","2026-02-15T21:09:00.000","UNABLE TO DETERMINE","DRIVING SKILLS/KNOWLEDGE/EXPERIENCE","7758","W","TALCOTT AVE","1612",,,,,,,"4","NO INDICATION OF INJURY","0","0","0","0","0","1","0","21","1","2","41.9929166727","-87.8210110022","POINT (-87.821011002222 41.99291667269)"
"df89c6c835db5fde57374ba4f39b947a8c04efb2800052dfb88856ba5bfa92ab137a3415e429dc767b0a767fbd99e53c5620986b50e6173bb2bbca54a11d20d4","Y","2026-02-15T21:00:00.000","30","NO CONTROLS","NO CONTROLS","CLEAR","DARKNESS, LIGHTED ROAD","SIDESWIPE SAME DIRECTION","NOT DIVIDED",,"STRAIGHT AND LEVEL","DRY","NO DEFECTS","ON SCENE","INJURY AND / OR TOW DUE TO CRASH",,,"Y","OVER $1,500","2026-02-15T21:21:00.000","UNABLE TO DETERMINE","UNABLE TO DETERMINE","5313","W","63RD ST","813",,,,,,,"2","NO INDICATION OF INJURY","0","0","0","0","0","2","0","21","1","2","41.7780731043","-87.7550315462","POINT (-87.755031546207 41.778073104266)"
"0d08fff4b310692e067ac75d165dec9408bbb72c7ad5ec7b308edb0c5c20cc7d7a9f3418ad34c060d86c042f402ab86326b5754b0553b3c96bc290a13e4cf68f",,"2026-02-15T20:55:00.000","30","NO CONTROLS","NO CONTROLS","CLEAR","DARKNESS, LIGHTED ROAD","SIDESWIPE OPPOSITE DIRECTION","NOT DIVIDED",,"STRAIGHT AND LEVEL","DRY","NO DEFECTS","ON SCENE","NO INJURY / DRIVE AWAY",,,"Y","OVER $1,500","2026-02-15T20:55:00.000","IMPROPER LANE USAGE","NOT APPLICABLE","3151","W","HARRISON ST","1134",,,,,,,"2","NO INDICATION OF INJURY","0","0","0","0","0","2","0","20","1","2","41.8735822883","-87.705488126","POINT (-87.705488125953 41.873582288348)"
"1b708c0b31f1e08b39af79df9ba1b6081ae23f6ba0d14fb0073884b4406ba08c1e65ba867ff5866c0d9fb603d1a2437ebac9a35ce09b0591207390b59f6207cb",,"2026-02-15T20:47:00.000","30","NO CONTROLS","NO CONTROLS","CLEAR","DARKNESS, LIGHTED ROAD","TURNING","DRIVEWAY",,"STRAIGHT AND LEVEL","DRY","NO DEFECTS","ON SCENE","INJURY AND / OR TOW DUE TO CRASH",,,,"OVER $1,500","2026-02-15T21:01:00.000","FAILING TO YIELD RIGHT-OF-WAY","FAILING TO YIELD RIGHT-OF-WAY","6808","N","CALIFORNIA AVE","2411",,,,,,,"2","NONINCAPACITATING INJURY","3","0","0","3","0","0","0","20","1","2","42.0051129319","-87.6999766539","POINT (-87.699976653865 42.005112931874)"
"700afbc0b7588a4c793a8499cadc2e806afe913b57604662a759464d5225ae553d27eb932e54e20475869734ffabc0978e5fc57659cd8dac5c2fd87c5b5e977c",,"2026-02-15T20:37:00.000","20","TRAFFIC SIGNAL","FUNCTIONING PROPERLY","CLEAR","DARKNESS, LIGHTED ROAD","ANGLE","NOT DIVIDED",,"STRAIGHT AND LEVEL","DRY","NO DEFECTS","ON SCENE","INJURY AND / OR TOW DUE TO CRASH","Y","N",,"OVER $1,500","2026-02-15T20:37:00.000","DISREGARDING TRAFFIC SIGNALS","DISREGARDING TRAFFIC SIGNALS","6398","W","MONTROSE AVE","1622",,,,,,,"2","REPORTED, NOT EVIDENT","1","0","0","0","1","1","0","20","1","2","41.9603275592","-87.7867466987","POINT (-87.786746698653 41.960327559226)"
"7997723bceaf23da0856361401e2f44c742af6ef0081530c0bff7e08639e7db089469d053bfec0dda2046204114588a1c81eca974a9e1bdc3d8f9171bf96ad40",,"2026-02-15T20:37:00.000","30","OTHER WARNING SIGN","FUNCTIONING PROPERLY","CLEAR","DARKNESS","FIXED OBJECT","CENTER TURN LANE",,"STRAIGHT AND LEVEL","DRY","NO DEFECTS","ON SCENE","INJURY AND / OR TOW DUE TO CRASH",,,,"$501 - $1,500","2026-02-15T20:37:00.000","DISREGARDING OTHER TRAFFIC SIGNS","FAILING TO REDUCE SPEED TO AVOID CRASH","120","W","CERMAK RD","131",,,,,,,"1","NO INDICATION OF INJURY","0","0","0","0","0","2","0","20","1","2","41.852986096","-87.6301812675","POINT (-87.630181267545 41.852986095987)"
"a90a070be5af6a975a8d533a0c6d784862ea2a602573ad23a411025221b9af9863c93edf811c1d808db813349bf9b1d94c3ce41670669fa24fe63ca8cb523616",,"2026-02-15T20:30:00.000","30","NO CONTROLS","NO CONTROLS","CLEAR","DARKNESS","TURNING","DIVIDED - W/MEDIAN (NOT RAISED)",,"STRAIGHT AND LEVEL","DRY","NO DEFECTS","ON SCENE","INJURY AND / OR TOW DUE TO CRASH",,,"Y","OVER $1,500","2026-02-15T20:52:00.000","IMPROPER LANE USAGE","NOT APPLICABLE","4334","W","MARQUETTE RD","833",,,,,,,"2","NO INDICATION OF INJURY","0","0","0","0","0","2","0","20","1","2","41.7713806484","-87.7312509742","POINT (-87.73125097417 41.771380648357)"
"34164087efdefdcfd68b256bf05401d7b7c63596ab5b51b652006dac276d189bb82c46f017fba5660db7507a30ff28f6e08da32470189d0caaa6c65ee6328856",,"2026-02-15T20:15:00.000","30","UNKNOWN","UNKNOWN","CLEAR","UNKNOWN","SIDESWIPE SAME DIRECTION","NOT DIVIDED",,"STRAIGHT AND LEVEL","UNKNOWN","UNKNOWN","ON SCENE","NO INJURY / DRIVE AWAY",,,"Y","$500 OR LESS","2026-02-15T20:33:00.000","IMPROPER OVERTAKING/PASSING","UNABLE TO DETERMINE","5847","S","HALSTED ST","711",,,,,,,"2","NO INDICATION OF INJURY","0","0","0","0","0","3","0","20","1","2","41.7874104177","-87.6448325631","POINT (-87.644832563093 41.787410417732)"
"4103fe64fcb3c9487cc2ddb467769f0bcd26035a3bc7bc0811237575f8a0886645c9e671f3dd845bd922cee64354bcf5bf2e06ebee92bfa034cb2a31af8be087",,"2026-02-15T20:00:00.000","25","NO CONTROLS","NO CONTROLS","CLEAR","DARKNESS, LIGHTED ROAD","PARKED MOTOR VEHICLE","ONE-WAY",,"STRAIGHT AND LEVEL","DRY","NO DEFECTS","NOT ON SCENE (DESK REPORT)","NO INJURY / DRIVE AWAY",,,"Y","OVER $1,500","2026-02-16T17:00:00.000","UNABLE TO DETERMINE","UNABLE TO DETERMINE","8336","S","BUFFALO AVE","424",,,,,,,"2","NO INDICATION OF INJURY","0","0","0","0","0","1","0","20","1","2","41.7436417233","-87.5443906215","POINT (-87.544390621514 41.743641723314)"
"fb03eb4d14da676864661521c3fc749bec2972b33e0013fcc6995887dd8be7940e5ad650d644cd1b710329ec3fa5953eddca8aef22979a8a900958a07ff333ea",,"2026-02-15T20:00:00.000","30","UNKNOWN","UNKNOWN","CLEAR","DARKNESS, LIGHTED ROAD","PARKED MOTOR VEHICLE","NOT DIVIDED",,"STRAIGHT AND LEVEL","DRY","UNKNOWN","ON SCENE","NO INJURY / DRIVE AWAY",,,,"OVER $1,500","2026-02-15T20:11:00.000","PHYSICAL CONDITION OF DRIVER","UNABLE TO DETERMINE","5100","S","WOOD ST","932",,,,,,,"2","NO INDICATION OF INJURY","0","0","0","0","0","1","0","20","1","2","41.8011828063","-87.6697889495","POINT (-87.669788949543 41.801182806259)"