"crash_record_id","crash_date_est_i","crash_date","posted_speed_limit","traffic_control_device","device_condition","weather_condition","lighting_condition","first_crash_type","trafficway_type","lane_cnt","alignment","roadway_surface_cond","road_defect","report_type","crash_type","intersection_related_i","private_property_i","hit_and_run_i","damage","date_police_notified","prim_contributory_cause","sec_contributory_cause","street_no","street_direction","street_name","beat_of_occurrence","photos_taken_i","statements_taken_i","dooring_i","work_zone_i","work_zone_type","workers_present_i","num_units","most_severe_injury","injuries_total","injuries_fatal","injuries_incapacitating","injuries_non_incapacitating","injuries_reported_not_evident","injuries_no_indication","injuries_unknown","crash_hour","crash_day_of_week","crash_month","latitude","longitude","location"
"b924e6bcd02a2d1f581350cddf0c13694139f6fc61bfb4053201cccef0568ae09091d1485482c2fc2eb798ecc1061b852c8149f7179516ec4e60ec642b3079d8",,"2026-02-15T19:56:00.000","25","NO CONTROLS","NO CONTROLS","CLEAR","DARKNESS, LIGHTED ROAD","ANGLE","ALLEY",,"STRAIGHT AND LEVEL","DRY","UNKNOWN","NOT ON SCENE (DESK REPORT)","NO INJURY / DRIVE AWAY",,,,"OVER $1,500","2026-02-15T21:30:00.000","UNABLE TO DETERMINE","DRIVING SKILLS/KNOWLEDGE/EXPERIENCE","2744","N","AUSTIN AVE","2512",,,,,,,"2","NO INDICATION OF INJURY","0","0","0","0","0","2","0","19","1","2","41.9306090409","-87.7760963764","POINT (-87.776096376442 41.930609040949)"
"e6afa0c76b8406a9d0f7592eda2bbed3d92d4b2515facbdd2c8bb41245d2913b42ffc4283c43cda461268a4d5415b44d790775e2ec0cf73cfcc7bc90a6372424",,"2026-02-15T19:48:00.000","10","NO CONTROLS","NO CONTROLS","CLEAR","DARKNESS, LIGHTED ROAD","REAR TO FRONT","PARKING LOT",,"STRAIGHT AND LEVEL","DRY","NO DEFECTS","ON SCENE","NO INJURY / DRIVE AWAY",,,,"$501 - $1,500","2026-02-15T19:49:00.000","NOT APPLICABLE","NOT APPLICABLE","740","W","DIVERSEY PKWY","1934",,,,,,,"2","NO INDICATION OF INJURY","0","0","0","0","0","2","0","19","1","2","41.9328475608","-87.6481703563","POINT (-87.648170356283 41.932847560808)"
"e58d11755cfd219d0d583ef744e071a74e6e2ffa37bb9c417a797806755caedad03f18dcb2c8792f8bc961b86c25cfb3b100f7f8f3a7e3616d17cf0224f30c60",,"2026-02-15T19:44:00.000","30","TRAFFIC SIGNAL","FUNCTIONING PROPERLY","CLEAR","DARKNESS, LIGHTED ROAD","REAR END","DIVIDED - W/MEDIAN (NOT RAISED)",,"STRAIGHT AND LEVEL","DRY","NO DEFECTS","ON SCENE","NO INJURY / DRIVE AWAY",,,"Y","OVER $1,500","2026-02-15T20:30:00.000","FAILING TO REDUCE SPEED TO AVOID CRASH","UNABLE TO DETERMINE","4400","S","PULASKI RD","815",,,,,,,"2","NO INDICATION OF INJURY","0","0","0","0","0","4","0","19","1","2","41.8132715982","-87.7239352143","POINT (-87.723935214329 41.813271598175)"
"d2f5d9204cde2615ba497a86cba1ddb3af1e68850fae099e5b6da7a6af5ece4c47abc77e40267faad46de3ad7989495b98859f5e2564516f37e1b28a8e05e77a",,"2026-02-15T19:30:00.000","30","TRAFFIC SIGNAL","FUNCTIONING PROPERLY","CLEAR","DARKNESS, LIGHTED ROAD","TURNING","NOT DIVIDED",,"STRAIGHT AND LEVEL","DRY","NO DEFECTS",,"NO INJURY / DRIVE AWAY",,,,"OVER $1,500","2026-02-15T22:30:00.000","FAILING TO YIELD RIGHT-OF-WAY","IMPROPER TURNING/NO SIGNAL","3553","N","CENTRAL AVE","1633",,,,,,,"2","NO INDICATION OF INJURY","0","0","0","0","0","2","0","19","1","2","41.9456578816","-87.7666012353","POINT (-87.76660123526 41.945657881571)"
"01d9731904b64bcaa653945a88706b9a4c7a38312ca6ba9a7f6d8ee4c9e3b6b491dc34d419f75d7fc380196127308d70425e1c2d457d0dc6a9f2d3e0e5e83272","Y","2026-02-15T19:20:00.000","30","TRAFFIC SIGNAL","FUNCTIONING PROPERLY","CLEAR","DARKNESS, LIGHTED ROAD","SIDESWIPE SAME DIRECTION","NOT DIVIDED",,"STRAIGHT AND LEVEL","DRY","NO DEFECTS","ON SCENE","NO INJURY / DRIVE AWAY","Y",,,"OVER $1,500","2026-02-15T19:26:00.000","FAILING TO YIELD RIGHT-OF-WAY","DRIVING SKILLS/KNOWLEDGE/EXPERIENCE","3600","N","WESTERN AVE","1921",,,,,,,"2","NO INDICATION OF INJURY","0","0","0","0","0","6","0","19","1","2","41.9468199199","-87.6884066621","POINT (-87.688406662062 41.946819919863)"
"68ba8af213bca8591b9e9b0f0a11ff2abdb3c0213a1b64c0cd9bc5a4d81abfcb1e6846bcde77d18215c0042ec7c848c3467bf50bb4b2109477b4fb24d633bc93",,"2026-02-15T19:20:00.000","20","TRAFFIC SIGNAL","FUNCTIONING PROPERLY","CLEAR","DAYLIGHT","SIDESWIPE SAME DIRECTION","NOT DIVIDED",,"STRAIGHT AND LEVEL","DRY","NO DEFECTS","NOT ON SCENE (DESK REPORT)","INJURY AND / OR TOW DUE TO CRASH",,,,"OVER $1,500","2026-02-15T19:35:00.000","IMPROPER LANE USAGE","NOT APPLICABLE","801","S","STATE ST","123",,,,,,,"2","REPORTED, NOT EVIDENT","1","0","0","0","1","1","0","19","1","2","41.8717454646","-87.6273770319","POINT (-87.627377031854 41.87174546459)"
"4921118ba652adb95d4b695109ece0a9dcf4fbf0ecc802d4c947a1be3c7c0125f100548fef8e955928671e759649844c92f3b6a856c844ff32e68c7db7f371c0",,"2026-02-15T19:05:00.000","25","TRAFFIC SIGNAL","FUNCTIONING PROPERLY","CLEAR","DARKNESS, LIGHTED ROAD","REAR END","FOUR WAY",,"STRAIGHT AND LEVEL","DRY","NO DEFECTS","ON SCENE","NO INJURY / DRIVE AWAY","Y",,,"$500 OR LESS","2026-02-15T19:12:00.000","EQUIPMENT - VEHICLE CONDITION","UNABLE TO DETERMINE","3200","N","BROADWAY","1925",,,,,,,"2","NO INDICATION OF INJURY","0","0","0","0","0","2","0","19","1","2","41.9400969044","-87.6445483667","POINT (-87.644548366667 41.940096904389)"
"b903363dafa1772b40746a8f303ef39ca3a38bd35df1993c1f22e5e7597ce036032497d99541dabb9ffee6acbeaa181a5dca6a62e52f5ce0e91f1b2b597e6272",,"2026-02-15T19:00:00.000","30","NO CONTROLS","NO CONTROLS","UNKNOWN","UNKNOWN","REAR END","NOT DIVIDED",,"STRAIGHT AND LEVEL","UNKNOWN","UNKNOWN","NOT ON SCENE (DESK REPORT)","NO INJURY / DRIVE AWAY",,,,"OVER $1,500","2026-02-15T22:50:00.000","FOLLOWING TOO CLOSELY","NOT APPLICABLE","11101","S","CENTRAL PARK AVE","2211",,,,,,,"2","NO INDICATION OF INJURY","0","0","0","0","0","2","0","19","1","2","41.6913210045","-87.7104289652","POINT (-87.710428965238 41.691321004507)"
"cc4a8b078d7cc94e26a736d2dcd81d45428277ab1a951aa4b96c432df4293dcb354aad34e31965c663cb9bb5fabe0fdb588caae23304d18af194d6df4df9d475",,"2026-02-15T19:00:00.000","30","TRAFFIC SIGNAL","FUNCTIONING PROPERLY","CLEAR","DARKNESS, LIGHTED ROAD","SIDESWIPE SAME DIRECTION","NOT DIVIDED",,"STRAIGHT AND LEVEL","DRY","NO DEFECTS","NOT ON SCENE (DESK REPORT)","NO INJURY / DRIVE AWAY","Y",,,"OVER $1,500","2026-02-15T19:35:00.000","FAILING TO YIELD RIGHT-OF-WAY","UNABLE TO DETERMINE","600","W","IRVING PARK RD","1915","Y",,,,,,"2","NO INDICATION OF INJURY","0","0","0","0","0","2","0","19","1","2","41.954745513","-87.6453293959","POINT (-87.645329395868 41.954745512967)"
"2934c832513561c9d3c54dfd166b422ea273351fb94c4dc7d2e6155a9f3e55bd29d951e859c1e47bb94cc15b065a8b25cbe20d605197690e50f670e177b9d9f5",,"2026-02-15T18:55:00.000","20","TRAFFIC SIGNAL","FUNCTIONING PROPERLY","CLEAR","DARKNESS, LIGHTED ROAD","ANGLE","FOUR WAY",,"STRAIGHT AND LEVEL","DRY","UNKNOWN","ON SCENE","NO INJURY / DRIVE AWAY","Y",,,"OVER $1,500","2026-02-15T18:58:00.000","UNABLE TO DETERMINE","UNABLE TO DETERMINE","7900","S","JEFFERY BLVD","414",,"Y",,,,,"2","NO INDICATION OF INJURY","0","0","0","0","0","3","0","18","1","2","41.7515129841","-87.5761257653","POINT (-87.576125765304 41.751512984098)"
"f39f602a2c612957d6ee7649856a44306922165b3dceeda2d61871d6aaac739816aae9666a12dfdee4c73102bfa393fcab1bf329b2db73ad5ceefc53c45d2468",,"2026-02-15T18:55:00.000","30","NO CONTROLS","NO CONTROLS","CLEAR","DARKNESS","REAR END","NOT DIVIDED",,"STRAIGHT AND LEVEL","DRY","UNKNOWN","NOT ON SCENE (DESK REPORT)","NO INJURY / DRIVE AWAY",,,"Y","$501 - $1,500","2026-02-15T19:45:00.000","UNABLE TO DETERMINE","UNABLE TO DETERMINE","5701","N","BROADWAY","2022",,,,,,,"2","NO INDICATION OF INJURY","0","0","0","0","0","2","0","18","1","2","41.9854791879","-87.6599788425","POINT (-87.659978842493 41.985479187915)"
"a8ee79b756a7efe76eefa93847bd6ead71d7b2ef330b67e13b8e289cf491baf1f80672a8ea6a53988329a1f8c81805ac434919d85b62df097770abb53e378bc1",,"2026-02-15T18:52:00.000","30","UNKNOWN","UNKNOWN","UNKNOWN","UNKNOWN","SIDESWIPE SAME DIRECTION","NOT DIVIDED",,"STRAIGHT AND LEVEL","UNKNOWN","UNKNOWN","NOT ON SCENE (DESK REPORT)","NO INJURY / DRIVE AWAY",,,,"$500 OR LESS","2026-02-16T16:27:00.000","UNABLE TO DETERMINE","UNABLE TO DETERMINE","195","N","DEARBORN ST","111",,,,,,,"2","NO INDICATION OF INJURY","0","0","0","0","0","2","0","18","1","2","41.8856351708","-87.6293468988","POINT (-87.629346898823 41.885635170798)"
"c65a7297e1c5b6f58b4f11e2e555b31014b1755a08630b1ed83d989173954f3dce42723971de0ef38605e25c8f73bb74fea561c86bb002ae1ae4c4182958ddb8",,"2026-02-15T18:52:00.000","30","NO CONTROLS","NO CONTROLS","CLEAR","DARKNESS, LIGHTED ROAD","PARKED MOTOR VEHICLE","ONE-WAY",,"STRAIGHT AND LEVEL","DRY","NO DEFECTS","ON SCENE","INJURY AND / OR TOW DUE TO CRASH",,,"Y","OVER $1,500","2026-02-15T19:07:00.000","UNABLE TO DETERMINE","UNABLE TO DETERMINE","5937","S","ALBANY AVE","824",,,,,,,"2","NO INDICATION OF INJURY","0","0","0","0","0","1","0","18","1","2","41.7851806599","-87.7007327067","POINT (-87.700732706732 41.785180659858)"
"0dbc1a6bcdaa1165a3759a1d55eea31825e49a427cdcda346195ddc6bc3619df5996ea40368873c3d5e5dea49b521a3195b276684171bd6075f4d04a56f932bc",,"2026-02-15T18:50:00.000","25","NO CONTROLS","NO CONTROLS","CLEAR","DARKNESS, LIGHTED ROAD","PARKED MOTOR VEHICLE","NOT DIVIDED",,"STRAIGHT AND LEVEL","DRY","NO DEFECTS","ON SCENE","NO INJURY / DRIVE AWAY",,,"Y","OVER $1,500","2026-02-15T19:00:00.000","UNABLE TO DETERMINE","NOT APPLICABLE","8507","W","WINNEMAC AVE","1614",,,,,,,"2","NO INDICATION OF INJURY","0","0","0","0","0","1","0","18","1","2","41.9708393317","-87.83878133","POINT (-87.838781329958 41.970839331688)"
"2c2502eb0a8a6046d30a1bc7c3677c511c5a83ef2e5a842caea7f474017f1cb95e3fa7c19c4de1178a965320df377ad6bb5df59d5ca3260cb64468bbd13ebc4b",,"2026-02-15T18:50:00.000","25","TRAFFIC SIGNAL","FUNCTIONING PROPERLY","CLEAR","DARKNESS, LIGHTED ROAD","REAR END","DIVIDED - W/MEDIAN BARRIER",,"STRAIGHT AND LEVEL","DRY","NO DEFECTS","ON SCENE","INJURY AND / OR TOW DUE TO CRASH",,,,"$500 OR LESS","2026-02-15T18:54:00.000","FOLLOWING TOO CLOSELY","UNABLE TO DETERMINE","3622","N","WESTERN AVE","1921",,,,,,,"2","REPORTED, NOT EVIDENT","1","0","0","0","1","3","0","18","1","2","41.9474387362","-87.6884261338","POINT (-87.688426133794 41.947438736159)"
"dd137a104be0629f99b8184c2b4aed1f5a1cac34ee1a7abb55e912c3923488c29a148a9b2935364902573542f412a4718da435fe4764be4e4aa1e86938d13a4a",,"2026-02-15T18:44:00.000","30","UNKNOWN","UNKNOWN","CLEAR","DAYLIGHT","REAR END","NOT DIVIDED",,"STRAIGHT AND LEVEL","DRY","NO DEFECTS","ON SCENE","NO INJURY / DRIVE AWAY","Y",,"Y","$500 OR LESS","2026-02-15T18:57:00.000","FAILING TO REDUCE SPEED TO AVOID CRASH","NOT APPLICABLE","799","S","HOMAN AVE","1134",,,,,,,"2","NO INDICATION OF INJURY","0","0","0","0","0","6","0","18","1","2","41.870949917","-87.7105442493","POINT (-87.710544249312 41.87094991704)"
"88aadf55ac32f18d02aacaec8dc8f9a3143c053abafe2e73f748b5f4248085cfe33f5ba17b6f8a9628a42a3945d3e0e4efb922472345278bbc5676bb27d4d307",,"2026-02-15T18:41:00.000","30","NO CONTROLS","NO CONTROLS","CLEAR","DARKNESS, LIGHTED ROAD","SIDESWIPE SAME DIRECTION","NOT DIVIDED",,"STRAIGHT AND LEVEL","DRY","NO DEFECTS","ON SCENE","NO INJURY / DRIVE AWAY",,,"Y","$501 - $1,500","2026-02-15T18:41:00.000","UNABLE TO DETERMINE","NOT APPLICABLE","5700","W","SCHUBERT AVE","2514",,,,,,,"2","NO INDICATION OF INJURY","0","0","0","0","0","2","0","18","1","2","41.9295264606","-87.7686763927","POINT (-87.768676392674 41.929526460571)"
"5ae04031f57ff3e5197699cf0f448ffca47bac03cd0023fdfcb641ae195e83eb1b682ce237f35a8f3affd0601eac0159ed22660a9a0f6cf3aa125c7962fe0c16",,"2026-02-15T18:39:00.000","30","STOP SIGN/FLASHER","FUNCTIONING PROPERLY","CLEAR","DARKNESS, LIGHTED ROAD","REAR TO FRONT","NOT DIVIDED",,"STRAIGHT AND LEVEL","DRY","UNKNOWN","NOT ON SCENE (DESK REPORT)","NO INJURY / DRIVE AWAY","Y",,,"$501 - $1,500","2026-02-15T21:45:00.000","UNABLE TO DETERMINE","NOT APPLICABLE","201","W","24TH ST","914",,,,,,,"2","NO INDICATION OF INJURY","0","0","0","0","0","2","0","18","1","2","41.849047281","-87.6320634071","POINT (-87.632063407137 41.849047280972)"
"1366781f3c3676ee21327b2057a774ecb00c564496f770243bb2363133afccd01cde21fa1594620516e740616870cb9c497c8a0362e58e7f1480f4c65e83a799",,"2026-02-15T18:30:00.000","25","STOP SIGN/FLASHER","FUNCTIONING PROPERLY","CLEAR","DUSK","ANGLE","TRAFFIC ROUTE",,"STRAIGHT AND LEVEL","DRY","NO DEFECTS","NOT ON SCENE (DESK REPORT)","NO INJURY / DRIVE AWAY",,,,"$500 OR LESS","2026-02-16T20:00:00.000","FAILING TO YIELD RIGHT-OF-WAY","FAILING TO YIELD RIGHT-OF-WAY","3531","E","106TH ST","432",,,,,,,"2","NO INDICATION OF INJURY","0","0","0","0","0","4","0","18","1","2","41.7026345193","-87.53776461","POINT (-87.537764609977 41.702634519304)"
"3c4fd81f108df3c7915af0e41a70acfd78097fe7a89eac58ac0c44ba65e54425617e7dbd01e82fd16c85189f64a44df220a786b86b0b79587eff49e48ecb3e3a",,"2026-02-15T18:25:00.000","30","TRAFFIC SIGNAL","FUNCTIONING PROPERLY","CLEAR","DARKNESS, LIGHTED ROAD","SIDESWIPE SAME DIRECTION","DIVIDED - W/MEDIAN (NOT RAISED)",,"STRAIGHT AND LEVEL","DRY","UNKNOWN","NOT ON SCENE (DESK REPORT)","NO INJURY / DRIVE AWAY",,,"Y","OVER $1,500","2026-02-15T19:05:00.000","UNABLE TO DETERMINE","NOT APPLICABLE","4958","W","FULLERTON AVE","2521",,,,,,,"2","NO INDICATION OF INJURY","0","0","0","0","0","2","0","18","1","2","41.9242858883","-87.7511057337","POINT (-87.751105733682 41.924285888333)"
"ac4bcc853915dd5341bc29cbc0ab02033f886ed525de6831bd90698ffaabd640bf5d18c9c8680b353146a1633753ad3dfedb34b1919b8d3e54a07a2422892e2b",,"2026-02-15T18:24:00.000","40","NO CONTROLS","NO CONTROLS","CLEAR","DARKNESS","REAR END","DIVIDED - W/MEDIAN BARRIER",,"STRAIGHT AND LEVEL","DRY","NO DEFECTS","ON SCENE","INJURY AND / OR TOW DUE TO CRASH",,,,"OVER $1,500","2026-02-15T18:24:00.000","FAILING TO REDUCE SPEED TO AVOID CRASH","NOT APPLICABLE","2330","N","LAKE SHORE DR SB","1814",,,,,,,"2","NO INDICATION OF INJURY","0","0","0","0","0","3","0","18","1","2","41.9249590503","-87.6311311939","POINT (-87.631131193867 41.924959050324)"
"9e476244d5a57570ee07cc8fc59b2a6491f9ee0d2f1729fe2cbe8c0394c83ef18e1f520d080cf34bf3731c62237c5e6d9a6b966144ff342f210d46cd944b58cc",,"2026-02-15T18:20:00.000","30","NO CONTROLS","NO CONTROLS","CLEAR","DARKNESS, LIGHTED ROAD","TURNING","DIVIDED - W/MEDIAN (NOT RAISED)",,"STRAIGHT AND LEVEL","DRY","UNKNOWN","NOT ON SCENE (DESK REPORT)","NO INJURY / DRIVE AWAY",,,,"OVER $1,500","2026-02-16T14:20:00.000","FAILING TO YIELD RIGHT-OF-WAY","NOT APPLICABLE","3343","W","ADDISON ST","1733",,,,,,,"2","NO INDICATION OF INJURY","0","0","0","0","0","4","0","18","1","2","41.946467796","-87.7120240971","POINT (-87.712024097067 41.946467795996)"
"7a0bea2842f4413f66b59ad1b493e3e6b628b2ed43f56ab9ad9a8ae41caa481cdb67e1df77083cda661cf56a302a534da92a89f3de052da2a0b2102124bb88da",,"2026-02-15T18:15:00.000","30","TRAFFIC SIGNAL","FUNCTIONING PROPERLY","CLEAR","DARKNESS, LIGHTED ROAD","PEDESTRIAN","FOUR WAY",,"STRAIGHT AND LEVEL","DRY","UNKNOWN","ON SCENE","INJURY AND / OR TOW DUE TO CRASH",,,,"OVER $1,500","2026-02-15T18:19:00.000","FAILING TO REDUCE SPEED TO AVOID CRASH","FAILING TO REDUCE SPEED TO AVOID CRASH","62","E","CHICAGO AVE","1833",,,,,,,"2","REPORTED, NOT EVIDENT","1","0","0","0","1","1","0","18","1","2","41.89682073","-87.6257626424","POINT (-87.625762642401 41.896820729962)"
"e44b6c06b8e01236323c06b0445f78fc08be0038b63a1d3df71510425d1eb9b6cc694b54619252baa5ea72ffd79d39f50037d3a142ffc28eb6f2f4039f7ed948",,"2026-02-15T18:15:00.000","30","NO CONTROLS","FUNCTIONING PROPERLY","CLEAR","DARKNESS, LIGHTED ROAD","SIDESWIPE SAME DIRECTION","ONE-WAY",,"STRAIGHT AND LEVEL","DRY","NO DEFECTS","NOT ON SCENE (DESK REPORT)","NO INJURY / DRIVE AWAY",,,"Y","OVER $1,500","2026-02-15T18:19:00.000","FOLLOWING TOO CLOSELY","NOT APPLICABLE","327","W","ONTARIO ST","1831",,,,,,,"2","NO INDICATION OF INJURY","0","0","0","0","0","2","0","18","1","2","41.8930390548","-87.6368250732","POINT (-87.636825073246 41.893039054818)"
"76d9c8a70d1566d578a06a2f1881f8e8b4abf71a4ed8fca1e76597da8f52ccf93c30db4706b7344c4cd2dcd0d4ac96c1778598e5165e08beb34ef61475e0ee6c",,"2026-02-15T18:14:00.000","30","NO CONTROLS","NO CONTROLS","CLEAR","DARKNESS, LIGHTED ROAD","TURNING","NOT DIVIDED",,"STRAIGHT AND LEVEL","DRY","UNKNOWN","ON SCENE","INJURY AND / OR TOW DUE TO CRASH",,,,"OVER $1,500","2026-02-15T19:18:00.000","IMPROPER LANE USAGE","FAILING TO YIELD RIGHT-OF-WAY","1302","N","ELSTON AVE","1433",,,,,,,"2","REPORTED, NOT EVIDENT","1","0","0","0","1","2","0","18","1","2","41.9054627536","-87.6597654876","POINT (-87.659765487645 41.90546275361)"
"c4990be0233126019769bb0ab3b7f9cef349271c1b7f57fe52247e2b43a7811424a95d2a59d122397a775157108fb67f5b22ccc982245bf9a3ca60aa8a3e1069",,"2026-02-15T18:03:00.000","30","NO CONTROLS","NO CONTROLS","CLEAR","DARKNESS","PARKED MOTOR VEHICLE","DIVIDED - W/MEDIAN BARRIER",,"STRAIGHT AND LEVEL","DRY","UNKNOWN","ON SCENE","NO INJURY / DRIVE AWAY",,,,"OVER $1,500","2026-02-15T18:22:00.000","UNABLE TO DETERMINE","NOT APPLICABLE","1318","S","INDEPENDENCE BLVD","1011",,,,,,,"2","NO INDICATION OF INJURY","0","0","0","0","0","1","0","18","1","2","41.8637757912","-87.72018586","POINT (-87.720185860019 41.863775791201)"
"1821259776a06b92c5d1dbfaae644f67a7bb1d216c0b99c5f45d96ea9740e5bdb1a87869afb567e328c7f8888b7262bc2faf5a963f637f6d510af901d4734e32",,"2026-02-15T18:00:00.000","30","UNKNOWN","UNKNOWN","CLEAR","DARKNESS","PARKED MOTOR VEHICLE","NOT DIVIDED",,"STRAIGHT AND LEVEL","UNKNOWN","UNKNOWN","ON SCENE","NO INJURY / DRIVE AWAY",,,"Y","OVER $1,500","2026-02-15T19:10:00.000","NOT APPLICABLE","UNABLE TO DETERMINE","6436","S","KOSTNER AVE","813",,,,,,,"2","NO INDICATION OF INJURY","0","0","0","0","0","1","0","18","1","2","41.7756117663","-87.7325873722","POINT (-87.73258737222 41.775611766252)"
"678a6e71bb897380ece03e1a8c79eca5f8eeedc8c90e1896bd0689881883a30d992c4736def1a91fd80b97b8526ab80c78fed40d76d909104ad3093c3694a566",,"2026-02-15T17:52:00.000","40","NO CONTROLS","NO CONTROLS","CLEAR","DARKNESS, LIGHTED ROAD","SIDESWIPE SAME DIRECTION","DIVIDED - W/MEDIAN BARRIER",,"STRAIGHT AND LEVEL","DRY","NO DEFECTS","NOT ON SCENE (DESK REPORT)","NO INJURY / DRIVE AWAY",,,,"OVER $1,500","2026-02-15T20:30:00.000","IMPROPER TURNING/NO SIGNAL","FAILING TO YIELD RIGHT-OF-WAY","517","N","LAKE SHORE DR NB","1834",,,,,,,"2","NO INDICATION OF INJURY","0","0","0","0","0","5","0","17","1","2","41.8915640975","-87.6137613884","POINT (-87.613761388427 41.89156409751)"
"a60072d4ec7681a933fff6e9821cd3cedd0963d9f7096aaf61a8f3cc51761913fa0f0d2cc8804fa83d649391bd5b6faa26914f8221f437f505df2d84eaeec1db",,"2026-02-15T17:50:00.000","30","NO CONTROLS","NO CONTROLS","CLEAR","DARKNESS, LIGHTED ROAD","PARKED MOTOR VEHICLE","NOT DIVIDED",,"STRAIGHT AND LEVEL","DRY","NO DEFECTS","NOT ON SCENE (DESK REPORT)","NO INJURY / DRIVE AWAY",,,,"OVER $1,500","2026-02-15T18:30:00.000","UNABLE TO DETERMINE","UNABLE TO DETERMINE","2630","N","CLARK ST","1935",,,,,,,"2","NO INDICATION OF INJURY","0","0","0","0","0","1","0","17","1","2","41.9304120096","-87.6438865291","POINT (-87.643886529104 41.930412009595)"
"645e4795e33e4c98ebf9020cbaf5a77bc616ef6196489c9ca06ddbad900a02cfe203f355c939a3f4ef74e8559c754b16d4b884810c2d9208ffe73cb54971f462",,"2026-02-15T17:49:00.000","40","NO CONTROLS","NO CONTROLS","CLEAR","DARKNESS, LIGHTED ROAD","SIDESWIPE SAME DIRECTION","DIVIDED - W/MEDIAN BARRIER",,"STRAIGHT AND LEVEL","DRY","OTHER","ON SCENE","INJURY AND / OR TOW DUE TO CRASH",,,,"OVER $1,500","2026-02-15T17:49:00.000","FAILING TO YIELD RIGHT-OF-WAY","IMPROPER LANE USAGE","4435","S","LAKE SHORE DR NB","222",,,,,,,"2","REPORTED, NOT EVIDENT","1","0","0","0","1","2","0","17","1","2","41.8147375978","-87.592850914","POINT (-87.592850913979 41.814737597763)"
"3b9e893ad9fb759fa8fdf0407ca1fb4c0fe89fb9a9d6cf559cca0130536fab994a72f69a8e3329e86232f3952d0383c1562869879049f6656bff0340988701ac",,"2026-02-15T17:44:00.000","30","NO CONTROLS","NO CONTROLS","CLEAR","DAYLIGHT","PARKED MOTOR VEHICLE","DIVIDED - W/MEDIAN (NOT RAISED)",,"STRAIGHT AND LEVEL","DRY","UNKNOWN","NOT ON SCENE (DESK REPORT)","NO INJURY / DRIVE AWAY",,,"Y","OVER $1,500","2026-02-15T21:00:00.000","UNABLE TO DETERMINE","UNABLE TO DETERMINE","5110","W","IRVING PARK RD","1624",,,,,,,"2","NO INDICATION OF INJURY","0","0","0","0","0","1","0","17","1","2","41.9534332327","-87.7551478359","POINT (-87.755147835897 41.953433232666)"
"451aaf5d528b909cb22fe9853daa57ae6e1390cd25a6cc5a94b7db59fcd948bad4bca6c17728216f4cbae97e228beff652fc1772f4a654547b88033ac76bc9dd",,"2026-02-15T17:30:00.000","30","NO CONTROLS","NO CONTROLS","CLEAR","DARKNESS","PARKED MOTOR VEHICLE","DIVIDED - W/MEDIAN (NOT RAISED)",,"STRAIGHT AND LEVEL","DRY","NO DEFECTS","ON SCENE","NO INJURY / DRIVE AWAY",,,,"OVER $1,500","2026-02-15T18:00:00.000","FOLLOWING TOO CLOSELY","NOT APPLICABLE","7114","S","MILLARD AVE","833",,,,,,,"2","NO INDICATION OF INJURY","0","0","0","0","0","1","0","17","1","2","41.7637318078","-87.7139556108","POINT (-87.713955610811 41.763731807825)"
"665ca44b9fd22c5bf7b9f9a0e7a515dd6a3f13d09eebaf8bab0db801140c1411c2e2b6224b3c773b81a232e13d790da44b143dfe9c6eaaaaea0a8149fddd2bba",,"2026-02-15T17:30:00.000","30","NO CONTROLS","NO CONTROLS","CLEAR","DARKNESS, LIGHTED ROAD","PARKED MOTOR VEHICLE","NOT DIVIDED",,"STRAIGHT AND LEVEL","DRY","NO DEFECTS","NOT ON SCENE (DESK REPORT)","NO INJURY / DRIVE AWAY",,,,"OVER $1,500","2026-02-15T18:15:00.000","FAILING TO REDUCE SPEED TO AVOID CRASH","NOT APPLICABLE","4430","N","AUSTIN AVE","1622",,,,,,,"2","NO INDICATION OF INJURY","0","0","0","0","0","1","0","17","1","2","41.9612718134","-87.7771983111","POINT (-87.777198311136 41.961271813372)"
"875a7561eb4c30fa0f64c61948860bef2ab2f0192c4139ab74c33df919247f53a46a1f4081a61f5eaf8aa0b3137ccd1bb836082b62c08df9e2d9a1584f0b67fe",,"2026-02-15T17:30:00.000","30","TRAFFIC SIGNAL","FUNCTIONING PROPERLY","CLEAR","DARKNESS, LIGHTED ROAD","SIDESWIPE SAME DIRECTION","FOUR WAY",,"STRAIGHT AND LEVEL","DRY","UNKNOWN","ON SCENE","NO INJURY / DRIVE AWAY",,,,"OVER $1,500","2026-02-15T17:42:00.000","NOT APPLICABLE","NOT APPLICABLE","4698","S","CICERO AVE","814",,,,,,,"2","NO INDICATION OF INJURY","0","0","0","0","0","2","0","17","1","2","41.8077126833","-87.7433002458","POINT (-87.743300245789 41.80771268334)"
"fcf426b78531c4e2ae05795eeb1f1aae52ab9c4b21130ecb3b09504a0925495eeab0adf38611a9e77a22209d84fa97f85c3a237984dcbe89a9644f728d546fe3",,"2026-02-15T17:28:00.000","30","TRAFFIC SIGNAL","FUNCTIONING PROPERLY","CLEAR","DARKNESS, LIGHTED ROAD","TURNING","UNKNOWN INTERSECTION TYPE",,"STRAIGHT AND LEVEL","DRY","NO DEFECTS","ON SCENE","INJURY AND / OR TOW DUE TO CRASH","Y",,,"OVER $1,500","2026-02-15T17:31:00.000","IMPROPER LANE USAGE","IMPROPER LANE USAGE","200","W","47TH ST","215",,,,,,,"2","NO INDICATION OF INJURY","0","0","0","0","0","2","0","17","1","2","41.8092714491","-87.6308912136","POINT (-87.630891213636 41.809271449146)"