"crash_record_id","crash_date_est_i","crash_date","posted_speed_limit","traffic_control_device","device_condition","weather_condition","lighting_condition","first_crash_type","trafficway_type","lane_cnt","alignment","roadway_surface_cond","road_defect","report_type","crash_type","intersection_related_i","private_property_i","hit_and_run_i","damage","date_police_notified","prim_contributory_cause","sec_contributory_cause","street_no","street_direction","street_name","beat_of_occurrence","photos_taken_i","statements_taken_i","dooring_i","work_zone_i","work_zone_type","workers_present_i","num_units","most_severe_injury","injuries_total","injuries_fatal","injuries_incapacitating","injuries_non_incapacitating","injuries_reported_not_evident","injuries_no_indication","injuries_unknown","crash_hour","crash_day_of_week","crash_month","latitude","longitude","location"
"2f09475fbf9c792f37bbc972fb8f4e1ab5ba5d4ef331bed49b5a399de425a6c30109731d42e4f7e002d0060ac8bb003e9ac610d33ef10dcfb06cbaeaaa3f1e91",,"2026-02-15T17:25:00.000","25","NO CONTROLS","NO CONTROLS","CLEAR","DARKNESS","PARKED MOTOR VEHICLE","NOT DIVIDED",,"STRAIGHT AND LEVEL","DRY","NO DEFECTS","ON SCENE","NO INJURY / DRIVE AWAY",,,,"OVER $1,500","2026-02-15T17:28:00.000","NOT APPLICABLE","NOT APPLICABLE","4626","W","SHAKESPEARE AVE","2522",,,,,,,"2","NO INDICATION OF INJURY","0","0","0","0","0","1","0","17","1","2","41.9198253957","-87.7427399018","POINT (-87.742739901767 41.919825395662)"
"3ea02db3f37cbafede9deadddae4c05ef72cca5b7b05fe49903f57f55212cd9f44e3ad3e869cc9c5bd46c24ea5974511403029ba6e62458a96436ad57dab8c96",,"2026-02-15T17:19:00.000","30","TRAFFIC SIGNAL","FUNCTIONING PROPERLY","CLEAR","DAYLIGHT","TURNING","FOUR WAY",,"STRAIGHT AND LEVEL","DRY","NO DEFECTS","ON SCENE","NO INJURY / DRIVE AWAY","Y",,,"OVER $1,500","2026-02-15T17:27:00.000","FAILING TO YIELD RIGHT-OF-WAY","NOT APPLICABLE","99","W","ROOSEVELT RD","131",,,,,,,"2","NO INDICATION OF INJURY","0","0","0","0","0","3","0","17","1","2","41.8672649712","-87.6303830806","POINT (-87.630383080611 41.867264971186)"
"60c3f320338b0898e3b4eecd9b4f71e108f5cb823007ba39a4fded0d39d6324a069429d8893fc8aadaa65ed5af6bb3ad8fbb5df8b11c18380ead9c2145c97e9a",,"2026-02-15T17:18:00.000","30","NO CONTROLS","NO CONTROLS","UNKNOWN","UNKNOWN","TURNING","ONE-WAY",,"STRAIGHT AND LEVEL","UNKNOWN","UNKNOWN","NOT ON SCENE (DESK REPORT)","NO INJURY / DRIVE AWAY",,,,"OVER $1,500","2026-02-15T18:15:00.000","UNABLE TO DETERMINE","NOT APPLICABLE","2646","N","LAVERGNE AVE","2521",,,,,,,"2","NO INDICATION OF INJURY","0","0","0","0","0","2","0","17","1","2","41.9292588791","-87.751563819","POINT (-87.751563819021 41.929258879093)"
"621803fdcd86e5560b35a4596a1ed0fb5a9a9e8cae932f3147767ddd4dd65c1e95e9d2b975ec60532bbb6c4f67e482822325129f58b2e447bb09982df05c1f1d",,"2026-02-15T17:15:00.000","30","NO CONTROLS","NO CONTROLS","CLEAR","DUSK","PARKED MOTOR VEHICLE","NOT DIVIDED",,"STRAIGHT AND LEVEL","DRY","NO DEFECTS","ON SCENE","INJURY AND / OR TOW DUE TO CRASH",,,"Y","OVER $1,500","2026-02-15T17:20:00.000","UNABLE TO DETERMINE","NOT APPLICABLE","2218","W","TAYLOR ST","1225",,,,,,,"2","NO INDICATION OF INJURY","0","0","0","0","0","2","0","17","1","2","41.8691439334","-87.6821241173","POINT (-87.682124117323 41.869143933369)"
"959ef46176ec7816b0795eebb8adff7f23e23c84074ecd90b8636291298e57bc4d7f7785342aecd8a0726159ea38b5b476479422068b3890da0b8e67f181754f",,"2026-02-15T17:15:00.000","30","FLASHING CONTROL SIGNAL","FUNCTIONING PROPERLY","CLEAR","DARKNESS","TURNING","NOT DIVIDED",,"STRAIGHT AND LEVEL","DRY","NO DEFECTS","ON SCENE","INJURY AND / OR TOW DUE TO CRASH",,,,"$501 - $1,500","2026-02-15T17:19:00.000","IMPROPER TURNING/NO SIGNAL","FAILING TO REDUCE SPEED TO AVOID CRASH","75","E","WACKER DR","111",,,,,,,"2","NONINCAPACITATING INJURY","1","0","0","1","0","2","0","17","1","2","41.8878618917","-87.6254130414","POINT (-87.625413041357 41.88786189173)"
"be8751102029f3cd0b2418d06332e8c3594ca89b818d8c5a7348f27a9c3e5899f4e5d51fc946e75f4460afe975b6388e2b9f8c1c53b31a789a837eb86e9d498f",,"2026-02-15T17:14:00.000","30","NO CONTROLS","NO CONTROLS","CLEAR","DAYLIGHT","SIDESWIPE OPPOSITE DIRECTION","NOT DIVIDED",,"STRAIGHT AND LEVEL","DRY","NO DEFECTS","ON SCENE","NO INJURY / DRIVE AWAY",,,,"$500 OR LESS","2026-02-15T17:20:00.000","FAILING TO REDUCE SPEED TO AVOID CRASH","FAILING TO REDUCE SPEED TO AVOID CRASH","3821","W","ROOSEVELT RD","1011",,,,,,,"2","NO INDICATION OF INJURY","0","0","0","0","0","3","0","17","1","2","41.866119494","-87.720927574","POINT (-87.720927573996 41.866119493974)"
"57453291cbe97f4c81a74a6869ddcf6ad01d7a58e640deeb7d5456a02a961d2e99d0fa92df1cee9e6e941b0f54509fc28df62bb0df732eb7bf76e7aff68dffa4",,"2026-02-15T17:05:00.000","30","NO CONTROLS","NO CONTROLS","CLEAR","DAYLIGHT","PARKED MOTOR VEHICLE","NOT DIVIDED",,"STRAIGHT AND LEVEL","DRY","WORN SURFACE","ON SCENE","INJURY AND / OR TOW DUE TO CRASH",,,,"OVER $1,500","2026-02-15T17:09:00.000","UNDER THE INFLUENCE OF ALCOHOL/DRUGS (USE WHEN ARREST IS EFFECTED)","PHYSICAL CONDITION OF DRIVER","1720","W","49TH ST","931",,,,,,,"2","NO INDICATION OF INJURY","0","0","0","0","0","2","0","17","1","2","41.8050408933","-87.6682783388","POINT (-87.66827833875 41.805040893334)"
"0d3a5d5f41005fa4f11ef0c8ee1d7b9c65c6b8a5141cea3a6794da2f637ae616e442e17a63a34308bb21bd012b6cd590d77769f74cd18445316e0c9204b015f2",,"2026-02-15T17:00:00.000","25","TRAFFIC SIGNAL","UNKNOWN","CLEAR","DARKNESS, LIGHTED ROAD","SIDESWIPE SAME DIRECTION","NOT DIVIDED",,"STRAIGHT AND LEVEL","DRY","UNKNOWN","NOT ON SCENE (DESK REPORT)","NO INJURY / DRIVE AWAY",,,,"$500 OR LESS","2026-02-15T18:00:00.000","UNABLE TO DETERMINE","UNABLE TO DETERMINE","31","E","ROOSEVELT RD","131",,,,,,,"2","NO INDICATION OF INJURY","0","0","0","0","0","2","0","17","1","2","41.8673210997","-87.6259539918","POINT (-87.625953991796 41.867321099741)"
"1c820b180ce273e3b2df2c3149bd7e368d92facf3060bb0ea71d254521a2bfe9b0da0d00152d01d3e296ecf5a5ccb35f7d82a2d1d028db0e525fd72134b74656",,"2026-02-15T16:57:00.000","30","NO CONTROLS","NO CONTROLS","CLEAR","DAYLIGHT","PARKED MOTOR VEHICLE","PARKING LOT",,"STRAIGHT AND LEVEL","DRY","UNKNOWN","NOT ON SCENE (DESK REPORT)","NO INJURY / DRIVE AWAY",,,,"OVER $1,500","2026-02-16T12:20:00.000","DRIVING SKILLS/KNOWLEDGE/EXPERIENCE","NOT APPLICABLE","723","S","SEELEY AVE","1225",,,,,,,"2","NO INDICATION OF INJURY","0","0","0","0","0","1","0","16","1","2","41.8724540082","-87.6774421783","POINT (-87.677442178262 41.87245400823)"
"e5a03a9001e7d6294925f5ff1ce4d61999f3346f28cb7d3f97771a3c97f34018f212df48b329a768a4a822ac89a5b940fda56e4643fb08efb4ead42e6818ea50",,"2026-02-15T16:45:00.000","30","NO CONTROLS","NO CONTROLS","CLEAR","DAYLIGHT","SIDESWIPE SAME DIRECTION","PARKING LOT",,"STRAIGHT AND LEVEL","DRY","NO DEFECTS","NOT ON SCENE (DESK REPORT)","NO INJURY / DRIVE AWAY",,"Y",,"OVER $1,500","2026-02-15T17:20:00.000","FAILING TO YIELD RIGHT-OF-WAY","NOT APPLICABLE","1901","W","MADISON ST","1223",,,,,,,"2","NO INDICATION OF INJURY","0","0","0","0","0","2","0","16","1","2","41.8812414568","-87.674282534","POINT (-87.674282533953 41.881241456803)"
"838d778c6a1cbbbffac1d2df0f10245c81026c8e69f8246094e95a722bd3a9a1892a32d6e37ddc9fa1a7cf976e78cfdd684d76ee8971b7d60edfef173880f950",,"2026-02-15T16:40:00.000","15","NO CONTROLS","NO CONTROLS","CLEAR","DAYLIGHT","PARKED MOTOR VEHICLE","DIVIDED - W/MEDIAN (NOT RAISED)",,"STRAIGHT AND LEVEL","DRY","NO DEFECTS","NOT ON SCENE (DESK REPORT)","NO INJURY / DRIVE AWAY",,,"Y","$501 - $1,500","2026-02-15T17:10:00.000","UNABLE TO DETERMINE","UNABLE TO DETERMINE","3350","N","WESTERN AVE","1921",,,,,,,"2","NO INDICATION OF INJURY","0","0","0","0","0","1","0","16","1","2","41.9427471952","-87.6883543215","POINT (-87.688354321496 41.942747195164)"
"72a71d19f498b06cb6d99b1cad34d181b638ec1936d7ea80ff8b13dcc61f2ce274e657596dfb172beec94652c4bf0a6f221251b7032b310733eed55592d8cc80",,"2026-02-15T16:36:00.000","30","NO CONTROLS","NO CONTROLS","CLEAR","DAYLIGHT","PARKED MOTOR VEHICLE","NOT DIVIDED",,"STRAIGHT ON GRADE","DRY","NO DEFECTS","NOT ON SCENE (DESK REPORT)","NO INJURY / DRIVE AWAY",,,,"OVER $1,500","2026-02-15T17:17:00.000","UNABLE TO DETERMINE","NOT APPLICABLE","1414","N","MILWAUKEE AVE","1424",,,,,,,"2","NO INDICATION OF INJURY","0","0","0","0","0","1","0","16","1","2","41.9075493948","-87.6732687093","POINT (-87.673268709295 41.907549394776)"
"9ebaa9db6e2c32ee3ec74cf953bfab7124774755d7602cbecae082d4b9ff4f8d205a5433f6ff852297072c3bb9e5bd84fa9fcae8f5dc8fa837680417c0914325",,"2026-02-15T16:36:00.000","30","NO CONTROLS","NO CONTROLS","UNKNOWN","UNKNOWN","PARKED MOTOR VEHICLE","T-INTERSECTION",,"STRAIGHT AND LEVEL","UNKNOWN","UNKNOWN","NOT ON SCENE (DESK REPORT)","NO INJURY / DRIVE AWAY",,,"Y","OVER $1,500","2026-02-15T20:00:00.000","UNABLE TO DETERMINE","NOT APPLICABLE","5834","W","FULLERTON AVE","2515",,,,,,,"2","NO INDICATION OF INJURY","0","0","0","0","0","1","0","16","1","2","41.9239918266","-87.7722891067","POINT (-87.772289106738 41.923991826552)"
"f656f576f46d8223ad02803fed67c02539889378a5a83549f2c7687ae9c8dfacff2468b54180657ee743c0b0fda2560b31fe1b2550bf179d6e094cfe4ee3ba7d",,"2026-02-15T16:30:00.000","30","UNKNOWN","UNKNOWN","CLEAR","DAYLIGHT","REAR END","DIVIDED - W/MEDIAN (NOT RAISED)",,"STRAIGHT AND LEVEL","DRY","UNKNOWN","NOT ON SCENE (DESK REPORT)","NO INJURY / DRIVE AWAY",,,,"OVER $1,500","2026-02-15T17:15:00.000","UNABLE TO DETERMINE","NOT APPLICABLE","5607","W","BELMONT AVE","2514",,,,,,,"2","NO INDICATION OF INJURY","0","0","0","0","0","2","0","16","1","2","41.9384616984","-87.7667920042","POINT (-87.766792004216 41.938461698392)"
"d0d7c7bd54a649d0392f2d164fb7d142cedc03f50140f6439880a8807a08ec05f1ca7af26d432a05e7c403a7b2a014d3060410dbf3b191e3f9a5a660be4fcc68",,"2026-02-15T16:20:00.000","35","NO CONTROLS","NO CONTROLS","CLEAR","DAYLIGHT","SIDESWIPE SAME DIRECTION","OTHER",,"STRAIGHT AND LEVEL","DRY","NO DEFECTS","ON SCENE","NO INJURY / DRIVE AWAY",,,,"OVER $1,500","2026-02-15T16:22:00.000","IMPROPER OVERTAKING/PASSING","IMPROPER TURNING/NO SIGNAL","3134","W","COLUMBUS AVE","835",,,,,,,"2","NO INDICATION OF INJURY","0","0","0","0","0","2","0","16","1","2","41.7511689912","-87.7011930928","POINT (-87.7011930928 41.751168991184)"
"2826dc97f7d4b6b5c2b2706c315f61453c69513435e495da81fa1bd718e2a828cc4d25c9f17d2a07bd39eac4bbd502f4ba34227cf05a4eb743e1f3361d8e68ec",,"2026-02-15T16:19:00.000","30","TRAFFIC SIGNAL","FUNCTIONING PROPERLY","CLEAR","DAYLIGHT","TURNING","ONE-WAY",,"STRAIGHT AND LEVEL","DRY","UNKNOWN","ON SCENE","INJURY AND / OR TOW DUE TO CRASH","Y",,,"OVER $1,500","2026-02-15T16:19:00.000","UNABLE TO DETERMINE","NOT APPLICABLE","8700","S","STATE ST","632",,"Y",,,,,"2","NO INDICATION OF INJURY","0","0","0","0","0","2","0","16","1","2","41.7362094694","-87.6243055191","POINT (-87.624305519124 41.736209469449)"
"0d7ce698addf2ac15e1686d77a82431793a789bfc7cb56bec31c30b6230a2920dea24d4b9924cb5845280cccae2e82c53a0837d883fd81106461b3763cdf2e82",,"2026-02-15T16:15:00.000","30","NO CONTROLS","NO CONTROLS","CLEAR","DAYLIGHT","TURNING","NOT DIVIDED",,"STRAIGHT AND LEVEL","UNKNOWN","UNKNOWN","NOT ON SCENE (DESK REPORT)","NO INJURY / DRIVE AWAY",,,,"OVER $1,500","2026-02-15T17:18:00.000","DRIVING SKILLS/KNOWLEDGE/EXPERIENCE","NOT APPLICABLE","3942","W","MARQUETTE RD","833",,,,,,,"2","NO INDICATION OF INJURY","0","0","0","0","0","5","0","16","1","2","41.7714940903","-87.7218471458","POINT (-87.721847145807 41.771494090322)"
"ea2b532fca935f4eac79fb399b3901e3bd1c406eaa315ca60aef2a6170b31d657565189801ab85722595bfab94d9f0a6cf7c73450c95cd01388029b374fba5c8",,"2026-02-15T16:10:00.000","30","NO CONTROLS","NO CONTROLS","CLEAR","DAYLIGHT","PARKED MOTOR VEHICLE","NOT DIVIDED",,"STRAIGHT AND LEVEL","DRY","NO DEFECTS","NOT ON SCENE (DESK REPORT)","NO INJURY / DRIVE AWAY",,,"Y","OVER $1,500","2026-02-15T18:30:00.000","FAILING TO YIELD RIGHT-OF-WAY","FAILING TO YIELD RIGHT-OF-WAY","164","N","PEORIA ST","1224",,,,,,,"2","NO INDICATION OF INJURY","0","0","0","0","0","2","0","16","1","2","41.8849597552","-87.6499356021","POINT (-87.649935602125 41.884959755234)"
"fb5acfc0e304b5f68dde0a69f5251bfdd0c37c71f7b07b8ebd8e294be291088abaf94664cc5802ad4f75cabcef19c8d7b17287eefd03166c58e306d09bb99dbe",,"2026-02-15T16:07:00.000","30","NO CONTROLS","NO CONTROLS","CLEAR","DAYLIGHT","SIDESWIPE SAME DIRECTION","NOT DIVIDED",,"STRAIGHT AND LEVEL","UNKNOWN","UNKNOWN","ON SCENE","NO INJURY / DRIVE AWAY",,,,"OVER $1,500","2026-02-15T16:07:00.000","IMPROPER BACKING","IMPROPER BACKING","5248","N","CLARK ST","2012",,,,,,,"2","NO INDICATION OF INJURY","0","0","0","0","0","2","0","16","1","2","41.9776832739","-87.6685091788","POINT (-87.668509178813 41.977683273891)"
"9cc28efbb186139ee02ac734be4fb87ddc56e7ee0b4886b463c85e2c03cd490d6a0002d08c031dbc7c7a2e41da40b4d74ab3eafa1c28aa1fbe656f8e5a991430",,"2026-02-15T16:05:00.000","15","NO CONTROLS","NO CONTROLS","CLEAR","DAYLIGHT","FIXED OBJECT","ALLEY",,"STRAIGHT AND LEVEL","DRY","UNKNOWN","ON SCENE","NO INJURY / DRIVE AWAY",,"Y",,"OVER $1,500","2026-02-15T18:57:00.000","IMPROPER BACKING","NOT APPLICABLE","949","N","WALLER AVE","1511",,,,,,,"1","NO INDICATION OF INJURY","0","0","0","0","0","1","0","16","1","2","41.8980918676","-87.7677889359","POINT (-87.767788935931 41.898091867563)"
"8f000a9da4263f9ee93b5b70cc484a20cf86b2b33c3dde3c5af283dfaad93ceae81e4bac8260674eaef3159bc61f2b22c556ee012771bac43c8717671518430f",,"2026-02-15T16:00:00.000","30","NO CONTROLS","NO CONTROLS","CLEAR","DAYLIGHT","REAR END","NOT DIVIDED",,"STRAIGHT AND LEVEL","UNKNOWN","NO DEFECTS","NOT ON SCENE (DESK REPORT)","NO INJURY / DRIVE AWAY",,,,"OVER $1,500","2026-02-17T14:00:00.000","FOLLOWING TOO CLOSELY","UNABLE TO DETERMINE","6400","W","BRYN MAWR AVE","1612",,,,,,,"2","NO INDICATION OF INJURY","0","0","0","0","0","2","0","16","1","2","41.9830121346","-87.7877635139","POINT (-87.787763513853 41.983012134609)"
"96748a1f8a02b0c1f48a35a1ad620468987eb30e60e7dddd5c88d066c780fd7f625a50331a481e3fdfb1ccf2e25d2fabd6465bc97bc54602eefe15d7ef51372e",,"2026-02-15T16:00:00.000","30","NO CONTROLS","NO CONTROLS","CLEAR","DAYLIGHT","PARKED MOTOR VEHICLE","DIVIDED - W/MEDIAN (NOT RAISED)",,"STRAIGHT AND LEVEL","DRY","UNKNOWN","NOT ON SCENE (DESK REPORT)","NO INJURY / DRIVE AWAY",,,"Y","OVER $1,500","2026-02-15T18:20:00.000","DRIVING SKILLS/KNOWLEDGE/EXPERIENCE","NOT APPLICABLE","1720","N","KIMBALL AVE","1422",,,,,,,"2","NO INDICATION OF INJURY","0","0","0","0","0","1","0","16","1","2","41.9124982317","-87.71190938","POINT (-87.711909380021 41.912498231666)"
"a494e8f8bf9b9f9637632fb3ec87b93276b19d2cecbb4f49aac48d6252fd4285610bafb0345c49c5d25879ba32c2ed17d60e4a99aca7462418bcae30a1171d5e",,"2026-02-15T16:00:00.000","30","TRAFFIC SIGNAL","UNKNOWN","UNKNOWN","UNKNOWN","TURNING","OTHER",,"STRAIGHT AND LEVEL","UNKNOWN","UNKNOWN","NOT ON SCENE (DESK REPORT)","NO INJURY / DRIVE AWAY","Y",,,"OVER $1,500","2026-02-16T13:30:00.000","UNABLE TO DETERMINE","UNABLE TO DETERMINE","400","W","BELMONT AVE","1925",,,,,,,"2","NO INDICATION OF INJURY","0","0","0","0","0","4","0","16","1","2","41.9402411933","-87.6396391143","POINT (-87.639639114276 41.940241193256)"
"a2cd64b138a096763fc5ca40eb10cd096d13f6bc5fd9522a9be141f995e668315ce5202bb6e6c2ffc5355ed9bdf74cff522589c6ddba67ba070af363bb96cb9f",,"2026-02-15T15:55:00.000","30","NO CONTROLS","NO CONTROLS","CLEAR","DAYLIGHT","PARKED MOTOR VEHICLE","NOT DIVIDED",,"STRAIGHT AND LEVEL","DRY","NO DEFECTS","ON SCENE","NO INJURY / DRIVE AWAY",,,,"$500 OR LESS","2026-02-15T15:55:00.000","UNABLE TO DETERMINE","NOT APPLICABLE","2376","W","21ST ST","1234",,,,,,,"2","NO INDICATION OF INJURY","0","0","0","0","0","4","0","15","1","2","41.8539831195","-87.6855610841","POINT (-87.685561084102 41.853983119541)"
"fa9871b663e768cf904a917b1cb82545149c9d163683e3d737d52a0b7f9b0f8bdf41308fd144aef3f079de8280786c6620ae8af6a671e860ab3db83359351935",,"2026-02-15T15:50:00.000","30","TRAFFIC SIGNAL","FUNCTIONING PROPERLY","CLEAR","DAYLIGHT","TURNING","NOT DIVIDED",,"CURVE, LEVEL","DRY","NO DEFECTS","NOT ON SCENE (DESK REPORT)","NO INJURY / DRIVE AWAY","Y",,,"$501 - $1,500","2026-02-15T16:30:00.000","FAILING TO YIELD RIGHT-OF-WAY","NOT APPLICABLE","6401","N","SHERIDAN RD","2432",,,,,,,"2","NO INDICATION OF INJURY","0","0","0","0","0","2","0","15","1","2","41.9983088064","-87.6596963833","POINT (-87.659696383256 41.99830880639)"
"6b4736962e4cf3c40e39ac17ff871bfb5c9a28097aee2a37ed906d230c3d94169ed9d0bcbc506394232241dc0cac9e9e73dbe2f4ca2f3d634dda32f910b880b0",,"2026-02-15T15:45:00.000","25","STOP SIGN/FLASHER","UNKNOWN","CLEAR","DAYLIGHT","REAR END","ONE-WAY",,"STRAIGHT AND LEVEL","DRY","UNKNOWN","NOT ON SCENE (DESK REPORT)","INJURY AND / OR TOW DUE TO CRASH","Y",,"Y","$500 OR LESS","2026-02-15T18:33:00.000","UNABLE TO DETERMINE","UNABLE TO DETERMINE","9454","S","FOREST AVE","633",,,,,,,"2","REPORTED, NOT EVIDENT","2","0","0","0","2","1","0","15","1","2","41.7220534781","-87.6167132232","POINT (-87.616713223166 41.722053478146)"
"ad0fa3dd1a28108e03c838e97b1c44ac5967d425ef826f8106f581430a1cdf1444ece72766563864180e1364ed56e5ec076bf68a4ea9595e639487652806b67c","N","2026-02-15T15:45:00.000","35","NO CONTROLS","NO CONTROLS","CLEAR","DAYLIGHT","PARKED MOTOR VEHICLE","ONE-WAY",,"STRAIGHT AND LEVEL","DRY","NO DEFECTS",,"NO INJURY / DRIVE AWAY",,,"Y","$501 - $1,500","2026-02-15T15:50:00.000","UNABLE TO DETERMINE","UNABLE TO DETERMINE","13058","S","HOUSTON AVE","433",,,,,,,"2","NO INDICATION OF INJURY","0","0","0","0","0","2","0","15","1","2","41.6574296622","-87.5485147228","POINT (-87.548514722849 41.657429662224)"
"027f6432c8993e7d6f41502e1a3149cea85246df550081c58c662ac711bfce40d909540c11b0091b1a2abf89504c0b2002c5969bd9d5dad48e7f83e0570faaed",,"2026-02-15T15:40:00.000","30","NO CONTROLS","NO CONTROLS","CLEAR","DAYLIGHT","TURNING","DIVIDED - W/MEDIAN (NOT RAISED)",,"STRAIGHT AND LEVEL","DRY","NO DEFECTS","NOT ON SCENE (DESK REPORT)","NO INJURY / DRIVE AWAY",,,,"OVER $1,500","2026-02-15T16:20:00.000","UNABLE TO DETERMINE","NOT APPLICABLE","1365","W","37TH ST","912",,,,,,,"2","NO INDICATION OF INJURY","0","0","0","0","0","7","0","15","1","2","41.8268100071","-87.660110348","POINT (-87.660110348005 41.826810007054)"
"6dfe66cc4bdf9d37139b7472dc1688a7a7f98b1d3b5576737d44af5e4ac773684517d5ff5e960da6ec0d20c2902b7c8b6a70990b1be7f4ed988bb37eba7e44b6",,"2026-02-15T15:40:00.000","30","NO CONTROLS","NO CONTROLS","CLEAR","DAYLIGHT","SIDESWIPE SAME DIRECTION","NOT DIVIDED",,"STRAIGHT AND LEVEL","UNKNOWN","UNKNOWN","NOT ON SCENE (DESK REPORT)","NO INJURY / DRIVE AWAY",,,,"OVER $1,500","2026-02-15T16:18:00.000","DRIVING SKILLS/KNOWLEDGE/EXPERIENCE","NOT APPLICABLE","4701","S","CICERO AVE","815",,,,,,,"2","NO INDICATION OF INJURY","0","0","0","0","0","4","0","15","1","2","41.8075334573","-87.7430034212","POINT (-87.743003421203 41.807533457298)"
"d70a47e54ec39dbfb15734a1ccd2679eacf30cd289422733964288d418344b5956b5ab4f3069bb7d9cc7417fa373cd03493cc411727fee2b82eda70389a88f0c",,"2026-02-15T15:33:00.000","30","TRAFFIC SIGNAL","FUNCTIONING PROPERLY","CLEAR","DAYLIGHT","SIDESWIPE SAME DIRECTION","NOT DIVIDED",,"STRAIGHT AND LEVEL","DRY","NO DEFECTS","NOT ON SCENE (DESK REPORT)","NO INJURY / DRIVE AWAY",,,"Y","OVER $1,500","2026-02-16T14:28:00.000","OPERATING VEHICLE IN ERRATIC, RECKLESS, CARELESS, NEGLIGENT OR AGGRESSIVE MANNER","NOT APPLICABLE","4701","S","CICERO AVE","815",,,,,,,"2","NO INDICATION OF INJURY","0","0","0","0","0","11","0","15","1","2","41.8075334573","-87.7430034212","POINT (-87.743003421203 41.807533457298)"
"2a68550f810050043e3bb61a5c527373505d6b400948c984352e79fb0908d8fb40765452f3cfe00d4b625b2a4a3668015912dd9e9da07e91acde4d3a063d98d9",,"2026-02-15T15:30:00.000","30","TRAFFIC SIGNAL","FUNCTIONING PROPERLY","CLEAR","DAYLIGHT","REAR END","FOUR WAY",,"STRAIGHT AND LEVEL","DRY","NO DEFECTS","NOT ON SCENE (DESK REPORT)","NO INJURY / DRIVE AWAY","Y",,,"OVER $1,500","2026-02-18T18:00:00.000","UNABLE TO DETERMINE","UNABLE TO DETERMINE","150","S","LA SALLE ST","122",,,,,,,"2","NO INDICATION OF INJURY","0","0","0","0","0","2","0","15","1","2","41.8799580261","-87.6324541529","POINT (-87.632454152869 41.879958026074)"
"55419ac6e80e082ac41be36536a47262ce7b5ad9c794a90782a89ec4d71d6b77e79c5f6ff3fe0b69a77a6fca8c2dabce11fd5ec9bb7377acc4c2eaf55246f4fe",,"2026-02-15T15:30:00.000","30","TRAFFIC SIGNAL","UNKNOWN","UNKNOWN","DAYLIGHT","REAR END","FOUR WAY",,"STRAIGHT AND LEVEL","UNKNOWN","UNKNOWN","NOT ON SCENE (DESK REPORT)","INJURY AND / OR TOW DUE TO CRASH",,,,"OVER $1,500","2026-02-19T18:28:00.000","FOLLOWING TOO CLOSELY","NOT APPLICABLE","1951","N","PULASKI RD","2535",,,,,,,"2","REPORTED, NOT EVIDENT","1","0","0","0","1","1","0","15","1","2","41.9168511371","-87.7263992806","POINT (-87.726399280619 41.916851137116)"
"304719d7099ef7f87e68910edac71e57ec81ac44c1df067e571e9a0c6cdb83fc2e96ac170fd981a246bcdb35564dc11f811079e1f2c41a27ddde8f2ff1ddf0be",,"2026-02-15T15:26:00.000","30","STOP SIGN/FLASHER","FUNCTIONING PROPERLY","CLEAR","DAYLIGHT","REAR END","NOT DIVIDED",,"STRAIGHT AND LEVEL","DRY","NO DEFECTS","NOT ON SCENE (DESK REPORT)","NO INJURY / DRIVE AWAY",,,"Y","OVER $1,500","2026-02-15T15:51:00.000","FOLLOWING TOO CLOSELY","NOT APPLICABLE","4301","W","MARQUETTE RD","833",,,,,,,"2","NO INDICATION OF INJURY","0","0","0","0","0","6","0","15","1","2","41.7711761117","-87.7299480555","POINT (-87.729948055496 41.771176111708)"
"fb2d60a159d673adf03e254d2c387558730344fa2f3b9480d0ef2a1170749151fce9e6c31ec4b78ea1458fbc733c1ab69943570f58ace07511b79a3275c333ce",,"2026-02-15T15:26:00.000","35","NO CONTROLS","NO CONTROLS","CLEAR","DAYLIGHT","PARKED MOTOR VEHICLE","NOT DIVIDED",,"STRAIGHT AND LEVEL","DRY","NO DEFECTS","ON SCENE","NO INJURY / DRIVE AWAY",,,"Y","OVER $1,500","2026-02-15T15:49:00.000","UNABLE TO DETERMINE","UNABLE TO DETERMINE","5700","S","STATE ST","232","Y","Y",,,,,"2","NO INDICATION OF INJURY","0","0","0","0","0","1","0","15","1","2","41.7909526156","-87.6257524629","POINT (-87.625752462886 41.790952615603)"
"c444f2b62186745c4f61d76414f8880604fb214d6835b73ab3757001bccc4a2e8c2c0490a203a0a22f2a2dc5bb43260bbc864959d92f1ca001416ba16de01340",,"2026-02-15T15:25:00.000","35","NO CONTROLS","NO CONTROLS","CLEAR","DAYLIGHT","PARKED MOTOR VEHICLE","ONE-WAY",,"STRAIGHT AND LEVEL","DRY","NO DEFECTS","NOT ON SCENE (DESK REPORT)","NO INJURY / DRIVE AWAY",,,"Y","OVER $1,500","2026-02-16T18:30:00.000","IMPROPER BACKING","UNABLE TO DETERMINE","7650","S","EBERHART AVE","624",,,,,,,"2","NO INDICATION OF INJURY","0","0","0","0","0","1","0","15","1","2","41.7551227035","-87.6127435916","POINT (-87.612743591639 41.755122703496)"
"ff5f4032ffce79efe475275d574588634e1b8841a07b9ff81c70c375a702b980b3a0aae79bc21cab415c2f45bd81997a559d25bcc6f99646585165308dceaebd",,"2026-02-15T15:10:00.000","15","NO CONTROLS","NO CONTROLS","CLEAR","DAYLIGHT","PARKED MOTOR VEHICLE","PARKING LOT",,"STRAIGHT AND LEVEL","DRY","NO DEFECTS","NOT ON SCENE (DESK REPORT)","NO INJURY / DRIVE AWAY",,"Y",,"OVER $1,500","2026-02-15T16:45:00.000","IMPROPER BACKING","NOT APPLICABLE","1236","E","53RD ST","234",,,,,,,"2","NO INDICATION OF INJURY","0","0","0","0","0","1","0","15","1","2","41.7995820118","-87.5951089434","POINT (-87.595108943428 41.799582011779)"