"crash_record_id","crash_date_est_i","crash_date","posted_speed_limit","traffic_control_device","device_condition","weather_condition","lighting_condition","first_crash_type","trafficway_type","lane_cnt","alignment","roadway_surface_cond","road_defect","report_type","crash_type","intersection_related_i","private_property_i","hit_and_run_i","damage","date_police_notified","prim_contributory_cause","sec_contributory_cause","street_no","street_direction","street_name","beat_of_occurrence","photos_taken_i","statements_taken_i","dooring_i","work_zone_i","work_zone_type","workers_present_i","num_units","most_severe_injury","injuries_total","injuries_fatal","injuries_incapacitating","injuries_non_incapacitating","injuries_reported_not_evident","injuries_no_indication","injuries_unknown","crash_hour","crash_day_of_week","crash_month","latitude","longitude","location"
"e4ffea69bdf9f2a623ed283b1bf4d34cb2f79dc66d581bd0e6bb03d8640ab3911b852e21104b0cebce234e456f2d5fff68ca4cd0b4ef3367ba5623b7d1d8657d",,"2026-02-15T15:07:00.000","30","UNKNOWN","UNKNOWN","CLEAR","DAYLIGHT","PARKED MOTOR VEHICLE","NOT DIVIDED",,"STRAIGHT AND LEVEL","UNKNOWN","UNKNOWN","ON SCENE","NO INJURY / DRIVE AWAY",,,"Y","OVER $1,500","2026-02-15T15:33:00.000","UNABLE TO DETERMINE","NOT APPLICABLE","4235","W","MARQUETTE RD","833",,,,,,,"2","NO INDICATION OF INJURY","0","0","0","0","0","1","0","15","1","2","41.7711914836","-87.7288136572","POINT (-87.728813657242 41.771191483612)"
"9552af61ef03d8dc4b3d142d38c3812b55d9f19b7edf9d60be12f2772b4a0179facda4d19f1bdd6246f4c87f1455e0ab273506b84fa4e31b664dd5b2f0c6e376",,"2026-02-15T15:05:00.000","30","NO CONTROLS","NO CONTROLS","CLEAR","DAYLIGHT","TURNING","ALLEY",,"STRAIGHT AND LEVEL","DRY","NO DEFECTS","ON SCENE","NO INJURY / DRIVE AWAY",,,"Y","OVER $1,500","2026-02-15T15:48:00.000","FAILING TO REDUCE SPEED TO AVOID CRASH","DRIVING SKILLS/KNOWLEDGE/EXPERIENCE","2344","W","21ST ST","1234",,,,,,,"2","NO INDICATION OF INJURY","0","0","0","0","0","2","0","15","1","2","41.8539862421","-87.6850966839","POINT (-87.685096683915 41.853986242137)"
"0612c94ed11d1adfd06a52604a53766259d85cd7016ebec3da8c4dbfeaa26838a6b1bb7cfd71359a80c8e6d33bf3ce8a0c2655dd665394c5aa25c84d228b88d9",,"2026-02-15T15:00:00.000","30","NO CONTROLS","NO CONTROLS","CLEAR","DAYLIGHT","PARKED MOTOR VEHICLE","NOT DIVIDED",,"STRAIGHT AND LEVEL","DRY","NO DEFECTS","NOT ON SCENE (DESK REPORT)","NO INJURY / DRIVE AWAY",,,,"OVER $1,500","2026-02-18T12:15:00.000","FAILING TO REDUCE SPEED TO AVOID CRASH","NOT APPLICABLE","925","W","HURON ST","1214",,,,,,,"2","NO INDICATION OF INJURY","0","0","0","0","0","2","0","15","1","2","41.8949286928","-87.6510817872","POINT (-87.651081787208 41.894928692771)"
"78451590c49be2c8ac821c3e87786953ecf10dfd35c73cb6067903613b6ef74804045ac7309c61005db089c1eb9e55339ac4b808ac1ba66cdbff63fc3f34ec20","Y","2026-02-15T15:00:00.000","5","NO CONTROLS","NO CONTROLS","UNKNOWN","UNKNOWN","PARKED MOTOR VEHICLE","PARKING LOT",,"STRAIGHT AND LEVEL","UNKNOWN","UNKNOWN","ON SCENE","NO INJURY / DRIVE AWAY",,,"Y","OVER $1,500","2026-02-16T10:30:00.000","UNABLE TO DETERMINE","NOT APPLICABLE","300","E","OHIO ST","1834",,,,,,,"2","NO INDICATION OF INJURY","0","0","0","0","0","1","0","15","1","2","41.8927105846","-87.6201306584","POINT (-87.620130658406 41.892710584594)"
"8cfa03d934c0d6e10cac9f24d603fe01e2e00f3803ba792418834bc3ad9a95f9223fd8dc5015cf4b671e848415ddfda3323ca8838783f9fa3402be8a248ec483",,"2026-02-15T15:00:00.000","30","NO CONTROLS","UNKNOWN","CLEAR","DAYLIGHT","PARKED MOTOR VEHICLE","NOT DIVIDED",,"STRAIGHT AND LEVEL","UNKNOWN","UNKNOWN","NOT ON SCENE (DESK REPORT)","NO INJURY / DRIVE AWAY",,,"Y","OVER $1,500","2026-02-15T16:00:00.000","UNABLE TO DETERMINE","UNABLE TO DETERMINE","5962","W","ADAMS BLVD","1513",,,,,,,"2","NO INDICATION OF INJURY","0","0","0","0","0","1","0","15","1","2","41.8777313089","-87.7737544477","POINT (-87.773754447671 41.87773130892)"
"efc1cf5a8b4d3ddecfd07df60c2698e62bba803087c1989d17e9a95268da972a336de77f3fdb661cf3089204ef0b492f0db9f21fda6d8f7772a8630bf46aa941",,"2026-02-15T15:00:00.000","30","TRAFFIC SIGNAL","FUNCTIONING PROPERLY","CLEAR","DAYLIGHT","REAR END","ONE-WAY",,"STRAIGHT AND LEVEL","DRY","NO DEFECTS","NOT ON SCENE (DESK REPORT)","NO INJURY / DRIVE AWAY","Y",,,"$501 - $1,500","2026-03-02T12:10:00.000","FAILING TO YIELD RIGHT-OF-WAY","NOT APPLICABLE","300","E","GRAND AVE","1834",,,,,,,"2","NO INDICATION OF INJURY","0","0","0","0","0","2","0","15","1","2","41.8919135793","-87.6201915347","POINT (-87.620191534695 41.891913579316)"
"d2952b3f12368d802e43c8a1ec48cf25d6ff9cf2ed82f62c490810c74224bae6acd1e34bb825c08350c026ca04708289b64a8ca3617bccd2c870836b2e41a17d",,"2026-02-15T14:45:00.000","30","NO CONTROLS","NO CONTROLS","CLEAR","DAYLIGHT","PEDALCYCLIST","NOT DIVIDED",,"STRAIGHT AND LEVEL","DRY","NO DEFECTS","NOT ON SCENE (DESK REPORT)","NO INJURY / DRIVE AWAY","Y",,,"$500 OR LESS","2026-02-15T16:20:00.000","FOLLOWING TOO CLOSELY","NOT APPLICABLE","1150","N","LEAVITT ST","1212",,,,,,,"2","NO INDICATION OF INJURY","0","0","0","0","0","3","0","14","1","2","41.9028647615","-87.6822810815","POINT (-87.68228108151 41.90286476146)"
"db8a9d794f92def739972bb9c8ce2f377c218a88afed2455420de94fa30698e98404887dc2e179274048ff7f3d3f31d1a1aeec4f90445e91001b0472926b88c3",,"2026-02-15T14:45:00.000","25","TRAFFIC SIGNAL","FUNCTIONING PROPERLY","CLEAR","DAYLIGHT","TURNING","DIVIDED - W/MEDIAN (NOT RAISED)",,"STRAIGHT AND LEVEL","DRY","NO DEFECTS","NOT ON SCENE (DESK REPORT)","NO INJURY / DRIVE AWAY","Y",,,"OVER $1,500","2026-02-15T15:00:00.000","UNABLE TO DETERMINE","NOT APPLICABLE","5659","W","57TH ST","811",,,,,,,"2","NO INDICATION OF INJURY","0","0","0","0","0","5","0","14","1","2","41.7889188251","-87.7641726334","POINT (-87.764172633352 41.788918825059)"
"8a2539953ebf1a4af964fe954ffb5fe4d27ebd2cfe4e9405e8bcb3c1a1911c58795658c6cdfe7d897acb7d15a9a6f2db3eaae6c9edba1ecbfd8447ba21e1bcf3",,"2026-02-15T14:42:00.000","25","TRAFFIC SIGNAL","FUNCTIONING PROPERLY","CLEAR","DAYLIGHT","SIDESWIPE SAME DIRECTION","DIVIDED - W/MEDIAN (NOT RAISED)",,"STRAIGHT AND LEVEL","DRY","UNKNOWN","NOT ON SCENE (DESK REPORT)","NO INJURY / DRIVE AWAY",,,"Y","OVER $1,500","2026-02-15T15:15:00.000","DRIVING SKILLS/KNOWLEDGE/EXPERIENCE","DRIVING SKILLS/KNOWLEDGE/EXPERIENCE","530","S","WESTERN AVE","1135",,,,,,,"2","NO INDICATION OF INJURY","0","0","0","0","0","2","0","14","1","2","41.874007766","-87.6863826068","POINT (-87.686382606754 41.874007766008)"
"f67c9d52a0f80c5684a088bcf9cff34e5518fdaef08d0d5467cbae2ef068940a1b399d53abd9c7330d0867a18a87f9a25dd20cdaef6f2ec34d1f9c0a3dff2f62",,"2026-02-15T14:40:00.000","30","UNKNOWN","UNKNOWN","CLEAR","DAYLIGHT","REAR END","OTHER",,"STRAIGHT AND LEVEL","DRY","NO DEFECTS","NOT ON SCENE (DESK REPORT)","NO INJURY / DRIVE AWAY",,,,"$501 - $1,500","2026-02-15T15:10:00.000","FOLLOWING TOO CLOSELY","NOT APPLICABLE","2722","S","DR MARTIN LUTHER KING JR DR","133",,,,,,,"2","NO INDICATION OF INJURY","0","0","0","0","0","2","0","14","1","2","41.8437944508","-87.6177676781","POINT (-87.617767678052 41.843794450761)"
"fa050d475fe0d26b43581fdcab3ebce68d25464da8b5d4f0589babd885ec42e81e9529d099cf82aa4dde0f6d35d8585f1b66cddaccb64206e8ca3880e11e1828",,"2026-02-15T14:40:00.000","30","TRAFFIC SIGNAL","FUNCTIONING PROPERLY","CLEAR","DAYLIGHT","SIDESWIPE SAME DIRECTION","NOT DIVIDED",,"STRAIGHT AND LEVEL","DRY","NO DEFECTS","NOT ON SCENE (DESK REPORT)","NO INJURY / DRIVE AWAY",,,,"$501 - $1,500","2026-02-15T15:50:00.000","IMPROPER OVERTAKING/PASSING","NOT APPLICABLE","1600","W","DEVON AVE","2432",,,,,,,"2","NO INDICATION OF INJURY","0","0","0","0","0","2","0","14","1","2","41.998184771","-87.6706625622","POINT (-87.670662562225 41.998184771032)"
"7666c4b6a86cff0cb3fcf8d6b92c323ce1b7293506264d527ed937b24fa1d1add4368c8995f78ab76ae04590c8197442090024f74e6ba25cc5d054a8a15924ff",,"2026-02-15T14:30:00.000","30","TRAFFIC SIGNAL","FUNCTIONING PROPERLY","CLEAR","DAYLIGHT","FIXED OBJECT","NOT DIVIDED",,"STRAIGHT AND LEVEL","DRY","NO DEFECTS","NOT ON SCENE (DESK REPORT)","NO INJURY / DRIVE AWAY",,,,"OVER $1,500","2026-02-17T10:47:00.000","UNABLE TO DETERMINE","NOT APPLICABLE","1","W","LAKE ST","111",,,,,,,"1","NO INDICATION OF INJURY","0","0","0","0","0","1","0","14","1","2","41.8856397992","-87.6280197438","POINT (-87.628019743803 41.885639799182)"
"a1eacb3cb5dd57680dff9e18e7934b7cf384f90f424974e6b8a42c43cb425453b9bc9b731349fc0de78b414d5da4737f2871c408a12ef29323064bdaa32ffb9f",,"2026-02-15T14:28:00.000","30","NO CONTROLS","NO CONTROLS","CLEAR","DAYLIGHT","PEDESTRIAN","NOT DIVIDED",,"STRAIGHT AND LEVEL","DRY","NO DEFECTS","ON SCENE","INJURY AND / OR TOW DUE TO CRASH","N",,,"OVER $1,500","2026-02-15T14:28:00.000","FAILING TO YIELD RIGHT-OF-WAY","NOT APPLICABLE","2757","W","59TH ST","824",,,,,,,"3","NONINCAPACITATING INJURY","2","0","0","2","0","1","0","14","1","2","41.7863005421","-87.6934454971","POINT (-87.693445497091 41.786300542098)"
"91188caafc8277bec3e051ea80cb3c08921eaf7767e75eee08a07d11f2092e012db8385807b1cb99bf48ab76f66c6ee983c4460e107543c7400086c6fdb59e79",,"2026-02-15T14:23:00.000","30","TRAFFIC SIGNAL","FUNCTIONING PROPERLY","CLEAR","DAYLIGHT","HEAD ON","NOT DIVIDED",,"STRAIGHT AND LEVEL","DRY","NO DEFECTS","ON SCENE","INJURY AND / OR TOW DUE TO CRASH","Y",,"Y","OVER $1,500","2026-02-15T14:24:00.000","DISREGARDING TRAFFIC SIGNALS","DISREGARDING TRAFFIC SIGNALS","7600","S","LAFAYETTE AVE","623",,,,,,,"3","NO INDICATION OF INJURY","0","0","0","0","0","3","0","14","1","2","41.7563200058","-87.6264755773","POINT (-87.626475577283 41.756320005823)"
"319f7613aee93c0bf0fba93623f27d797f9d876d37b21a2a77f8ea15b435825a1a9eb5ea0a3d00a2ce4cebdef5918a17eea40750be23970734c6bc2159c47ce3",,"2026-02-15T14:20:00.000","30","STOP SIGN/FLASHER","FUNCTIONING PROPERLY","CLEAR","DAYLIGHT","ANGLE","FOUR WAY",,"STRAIGHT AND LEVEL","DRY","NO DEFECTS","NOT ON SCENE (DESK REPORT)","NO INJURY / DRIVE AWAY","Y",,,"OVER $1,500","2026-02-15T15:00:00.000","FAILING TO YIELD RIGHT-OF-WAY","FAILING TO YIELD RIGHT-OF-WAY","3853","N","LARAMIE AVE","1634",,,,,,,"2","NO INDICATION OF INJURY","0","0","0","0","0","3","0","14","1","2","41.9512371175","-87.7569370338","POINT (-87.756937033813 41.951237117506)"
"f394173f14a8997a9f178f8893bc293c450fd96a471f9134737ae7124c85f6875044f6e5913352aadc96d8cffd47d4630506aa902c1b67039489d71057e295a5",,"2026-02-15T14:20:00.000","30","TRAFFIC SIGNAL","FUNCTIONING PROPERLY","CLEAR","DAYLIGHT","REAR END","NOT DIVIDED",,"STRAIGHT AND LEVEL","DRY","NO DEFECTS","NOT ON SCENE (DESK REPORT)","NO INJURY / DRIVE AWAY",,,"Y","OVER $1,500","2026-02-15T14:48:00.000","FAILING TO REDUCE SPEED TO AVOID CRASH","NOT APPLICABLE","4399","N","NARRAGANSETT AVE","1624",,,,,,,"2","NO INDICATION OF INJURY","0","0","0","0","0","2","0","14","1","2","41.9601322897","-87.7866552492","POINT (-87.786655249218 41.960132289746)"
"e06a3f482f5fa85918272e90933f43cf22fce1e02e543834679705e3aea0e7c57f28051b153a4fb83dd249d47f6f7bf3ed8e9d82e108af16018ed44eb0b89006",,"2026-02-15T14:16:00.000","30","TRAFFIC SIGNAL","FUNCTIONING PROPERLY","CLEAR","DAYLIGHT","REAR END","NOT DIVIDED",,"STRAIGHT AND LEVEL","DRY","UNKNOWN","ON SCENE","INJURY AND / OR TOW DUE TO CRASH",,,,"OVER $1,500","2026-02-15T14:16:00.000","FAILING TO REDUCE SPEED TO AVOID CRASH","FOLLOWING TOO CLOSELY","1009","W","MARQUETTE RD","724",,,,,,,"3","NONINCAPACITATING INJURY","1","0","0","1","0","5","0","14","1","2","41.7722889524","-87.6498478587","POINT (-87.64984785868 41.772288952415)"
"0c359f941f0333bd457c0adedf8c4d5dea2c1e85b78b4c2f50bfc9b24672896c6349a2c1b8265ab8ade50f5b54fcb4f8a52dc288ff0a13f31eea3ed7e5dad359",,"2026-02-15T14:00:00.000","25","TRAFFIC SIGNAL","FUNCTIONING IMPROPERLY","CLEAR","DAYLIGHT","SIDESWIPE SAME DIRECTION","DIVIDED - W/MEDIAN (NOT RAISED)",,"STRAIGHT AND LEVEL","DRY","NO DEFECTS","NOT ON SCENE (DESK REPORT)","NO INJURY / DRIVE AWAY","Y",,"Y","OVER $1,500","2026-02-15T14:54:00.000","FOLLOWING TOO CLOSELY","NOT APPLICABLE","5209","S","CICERO AVE","815",,,,,,,"2","NO INDICATION OF INJURY","0","0","0","0","0","3","0","14","1","2","41.798341179","-87.7427699325","POINT (-87.742769932472 41.798341178987)"
"1989de4f5cff23b9b8de8f5313316a6ef46fc9f00e6b403a5076fb1eafcbb91337a12f361bd7364740e2c0630f3def0d281c2c270254bd4e005af576432e2fdc",,"2026-02-15T14:00:00.000","10","NO CONTROLS","NO CONTROLS","UNKNOWN","UNKNOWN","PARKED MOTOR VEHICLE","PARKING LOT",,"STRAIGHT AND LEVEL","UNKNOWN","UNKNOWN","NOT ON SCENE (DESK REPORT)","NO INJURY / DRIVE AWAY",,"Y","Y","OVER $1,500","2026-02-26T14:15:00.000","UNABLE TO DETERMINE","NOT APPLICABLE","1325","N","STATE PKWY","1824",,,,,,,"2","NO INDICATION OF INJURY","0","0","0","0","0","1","0","14","1","2","41.9065982875","-87.6286258569","POINT (-87.628625856862 41.906598287535)"
"293a8eff37a6f9565f347b742003c8fa92a7aa81d00c40a1d4c2aca34e5ab70517a0ad4e66fe322a518a6da4296f68fe1ec780eb5ce1ff9c2e3f5486c73b4c69",,"2026-02-15T14:00:00.000","30","NO CONTROLS","NO CONTROLS","UNKNOWN","UNKNOWN","ANGLE","NOT DIVIDED",,"STRAIGHT AND LEVEL","UNKNOWN","UNKNOWN","NOT ON SCENE (DESK REPORT)","NO INJURY / DRIVE AWAY",,,"Y","OVER $1,500","2026-02-16T14:15:00.000","FAILING TO YIELD RIGHT-OF-WAY","UNABLE TO DETERMINE","7064","S","HAMILTON AVE","735",,,,,,,"2","NO INDICATION OF INJURY","0","0","0","0","0","3","0","14","1","2","41.7648161684","-87.6772081327","POINT (-87.677208132694 41.764816168401)"
"32658b3e9ce456a7fcba60a48ffb9359e7e0cfbe756d1540412e5204bb1684599ab216d88bc2ef6adbb1ed937bc335b87195cd57a022a6ee62f3276f3baaf49d","Y","2026-02-15T14:00:00.000","10","NO CONTROLS","NO CONTROLS","UNKNOWN","DAYLIGHT","PARKED MOTOR VEHICLE","PARKING LOT",,"STRAIGHT AND LEVEL","DRY","UNKNOWN","NOT ON SCENE (DESK REPORT)","NO INJURY / DRIVE AWAY",,,"Y","OVER $1,500","2026-02-17T16:30:00.000","UNABLE TO DETERMINE","NOT APPLICABLE","3745","N","LINCOLN AVE","1922",,,,,,,"2","NO INDICATION OF INJURY","0","0","0","0","0","1","0","14","1","2","41.9499611711","-87.6756711293","POINT (-87.675671129255 41.949961171142)"
"54129fff0b1e22af385ab49d523ee4b56dcd039169bb46b3b08458654b0180faefba6d6fd64adbeeb62c2bb667a2375dc25027817fe03eb717389b20cf6e62bd",,"2026-02-15T14:00:00.000","30","STOP SIGN/FLASHER","FUNCTIONING PROPERLY","CLEAR","DAYLIGHT","ANGLE","FOUR WAY",,"STRAIGHT AND LEVEL","DRY","NO DEFECTS","ON SCENE","INJURY AND / OR TOW DUE TO CRASH","Y",,,"OVER $1,500","2026-02-15T14:30:00.000","FAILING TO YIELD RIGHT-OF-WAY","UNABLE TO DETERMINE","5400","N","NEWLAND AVE","1613",,,,,,,"2","NONINCAPACITATING INJURY","2","0","0","1","1","2","0","14","1","2","41.9787400906","-87.7998564472","POINT (-87.799856447242 41.978740090579)"
"52ee1d5d74b0035c3a6a4767a5723aa3895bea206bec396d294f84c509e5ea5c834ccbaae1a89917d654547cf49ce069a11b8de0c1412c79ef02c85414e38437",,"2026-02-15T13:49:00.000","25","TRAFFIC SIGNAL","FUNCTIONING PROPERLY","CLEAR","DAYLIGHT","TURNING","NOT DIVIDED",,"STRAIGHT AND LEVEL","DRY","NO DEFECTS","NOT ON SCENE (DESK REPORT)","NO INJURY / DRIVE AWAY","Y",,,"OVER $1,500","2026-02-15T14:05:00.000","UNABLE TO DETERMINE","UNABLE TO DETERMINE","3935","W","CERMAK RD","1013",,,,,,,"2","NO INDICATION OF INJURY","0","0","0","0","0","2","0","13","1","2","41.8514565979","-87.7234330384","POINT (-87.723433038374 41.851456597921)"
"6c1c3140ace2315ab1cb9ebde396d32f8046b35cca7ab0d61cf225b9181c54179af88e09584476e20019ae372f9ded0e25445fbc49848a3ddc9cdaf4faa82fb0",,"2026-02-15T13:40:00.000","25","NO CONTROLS","NO CONTROLS","CLEAR","DAYLIGHT","PARKED MOTOR VEHICLE","ONE-WAY",,"STRAIGHT AND LEVEL","DRY","NO DEFECTS","NOT ON SCENE (DESK REPORT)","NO INJURY / DRIVE AWAY",,,,"OVER $1,500","2026-02-15T14:00:00.000","FAILING TO YIELD RIGHT-OF-WAY","UNABLE TO DETERMINE","4412","N","BERNARD ST","1723",,,,,,,"2","NO INDICATION OF INJURY","0","0","0","0","0","2","0","13","1","2","41.9615425835","-87.714523503","POINT (-87.714523503016 41.961542583549)"
"8d5dda8f76efe757cc9b80f267153aef020788316c7bb6c27e599efd176d532932892dfc6fe19a1e028d8415b24f0709b1514a191cf77c993d5c5bc137e7d29c",,"2026-02-15T13:30:00.000","30","OTHER","FUNCTIONING PROPERLY","CLEAR","DAYLIGHT","TURNING","DIVIDED - W/MEDIAN (NOT RAISED)",,"STRAIGHT AND LEVEL","DRY","NO DEFECTS","ON SCENE","NO INJURY / DRIVE AWAY",,,,"OVER $1,500","2026-02-15T15:12:00.000","VISION OBSCURED (SIGNS, TREE LIMBS, BUILDINGS, ETC.)","NOT APPLICABLE","6060","N","CLARK ST","2433",,,,,,,"2","NO INDICATION OF INJURY","0","0","0","0","0","3","0","13","1","2","41.9925051624","-87.6702270452","POINT (-87.670227045154 41.992505162424)"
"da76debe6eba587c399332d0e9a28ff5c2c2b033a62260b545ecb486c8f3f2fd513eb58037b02b588b3457f15213e006c15fcea7fc3d35d0bdde676b1d8e39de",,"2026-02-15T13:30:00.000","35","NO CONTROLS","NO CONTROLS","CLEAR","DAYLIGHT","ANGLE","OTHER",,"STRAIGHT AND LEVEL","UNKNOWN","UNKNOWN","ON SCENE","INJURY AND / OR TOW DUE TO CRASH",,,"Y","OVER $1,500","2026-02-15T13:36:00.000","IMPROPER OVERTAKING/PASSING","UNABLE TO DETERMINE","11900","S","STEWART AVE","522",,,,,,,"2","NONINCAPACITATING INJURY","1","0","0","1","0","1","0","13","1","2","41.6778290985","-87.6324194917","POINT (-87.632419491674 41.677829098503)"
"77a0dabcb38b4d65a938c4b366040b5ccfad33c68b448b152c4c0f9430a2e456c7b8951f468f077ae28fecdcf7f688eee0e51ff80cbf08c51a84c41866496980",,"2026-02-15T13:25:00.000","20","STOP SIGN/FLASHER","NO CONTROLS","CLEAR","DAYLIGHT","SIDESWIPE SAME DIRECTION","ONE-WAY",,"STRAIGHT AND LEVEL","DRY","NO DEFECTS","ON SCENE","NO INJURY / DRIVE AWAY",,,,"$501 - $1,500","2026-02-15T13:26:00.000","FAILING TO REDUCE SPEED TO AVOID CRASH","FOLLOWING TOO CLOSELY","2145","W","ARTHUR AVE","2412",,,,,,,"2","NO INDICATION OF INJURY","0","0","0","0","0","2","0","13","1","2","41.9995264608","-87.684408446","POINT (-87.684408446048 41.999526460759)"
"852fec7ce9a357a06c95616f8f79098254a6ede9e7e4983220eff6094ab7ef96507cc73011885084d79ed16f4273d9d6a641bdb3ea0a913aef7b912f49c5e0f4",,"2026-02-15T13:20:00.000","25","TRAFFIC SIGNAL","UNKNOWN","CLEAR","DAYLIGHT","SIDESWIPE SAME DIRECTION","NOT DIVIDED",,"STRAIGHT AND LEVEL","DRY","UNKNOWN","NOT ON SCENE (DESK REPORT)","NO INJURY / DRIVE AWAY",,,"Y","OVER $1,500","2026-02-15T13:45:00.000","IMPROPER LANE USAGE","UNABLE TO DETERMINE","3729","W","CONGRESS PKWY","1133",,,,,,,"2","NO INDICATION OF INJURY","0","0","0","0","0","2","0","13","1","2","41.8743560735","-87.7192288721","POINT (-87.719228872104 41.874356073497)"
"66c3bfb0cecfa8a9d3ea266ed34ad8305ad05dda009f0049202ba03535fc95a432e065140975a55dfa64558440e273e16c0fb6483d83769ca346a30df311a0ce",,"2026-02-15T13:15:00.000","30","NO CONTROLS","NO CONTROLS","CLEAR","DAYLIGHT","ANGLE","PARKING LOT",,"STRAIGHT AND LEVEL","DRY","NO DEFECTS","NOT ON SCENE (DESK REPORT)","NO INJURY / DRIVE AWAY",,"N",,"$501 - $1,500","2026-02-15T14:00:00.000","UNABLE TO DETERMINE","UNABLE TO DETERMINE","4840","N","PULASKI RD","1712",,,,,,,"2","NO INDICATION OF INJURY","0","0","0","0","0","2","0","13","1","2","41.9694592415","-87.7282108954","POINT (-87.728210895386 41.969459241535)"
"a1afc90764f87ff30ecc97a4219a46edc32ff60b27fb0c53095eff4bbc1b2a5c82d870cfc4dcd66f03a21f44661476435e55bef0e0e4d4a8bfc619f187481f3f",,"2026-02-15T13:15:00.000","30","NO CONTROLS","NO CONTROLS","CLEAR","DAYLIGHT","REAR END","DIVIDED - W/MEDIAN (NOT RAISED)",,"STRAIGHT AND LEVEL","DRY","UNKNOWN","NOT ON SCENE (DESK REPORT)","NO INJURY / DRIVE AWAY",,,,"OVER $1,500","2026-02-15T13:50:00.000","UNABLE TO DETERMINE","NOT APPLICABLE","3016","N","CICERO AVE","2521",,,,,,,"2","NO INDICATION OF INJURY","0","0","0","0","0","2","0","13","1","2","41.935692629","-87.7469082863","POINT (-87.746908286292 41.93569262901)"
"78b4d81b49a358c38c7ae8f8ebcaad0525ef67ec1ff12da30daf40b5d168c649dbeba2fcec782241de9bc54f3377ce12997fad9e42252b222f7328053b816f09",,"2026-02-15T13:09:00.000","30","TRAFFIC SIGNAL","FUNCTIONING PROPERLY","CLEAR","DAYLIGHT","REAR END","NOT DIVIDED",,"STRAIGHT AND LEVEL","UNKNOWN","UNKNOWN","NOT ON SCENE (DESK REPORT)","NO INJURY / DRIVE AWAY",,,,"OVER $1,500","2026-02-15T13:09:00.000","IMPROPER LANE USAGE","NOT APPLICABLE","102","N","KEDZIE AVE","1123",,,,,,,"2","NO INDICATION OF INJURY","0","0","0","0","0","2","0","13","1","2","41.8829039762","-87.706319802","POINT (-87.706319801973 41.88290397622)"
"147858e1a4ec177d2ce30931ec3dbd9c9aa001a94579e2ba1dd41011c24573c6b63073af418a99cd1e6dda6ff076b2d77c37e896f0bcb42e453b113bfedb25bc",,"2026-02-15T13:08:00.000","30","TRAFFIC SIGNAL","FUNCTIONING PROPERLY","CLEAR","DAYLIGHT","SIDESWIPE SAME DIRECTION","NOT DIVIDED",,"STRAIGHT AND LEVEL","DRY","NO DEFECTS","ON SCENE","NO INJURY / DRIVE AWAY",,,"Y","OVER $1,500","2026-02-15T13:09:00.000","UNABLE TO DETERMINE","NOT APPLICABLE","997","W","MONTROSE AVE","1915",,,,,,,"2","NO INDICATION OF INJURY","0","0","0","0","0","2","0","13","1","2","41.9616712617","-87.6546237757","POINT (-87.654623775718 41.961671261682)"
"79c8d396377e18e963037b798f813c0b8d9e06e47ee380eab13a98a9bd95edbee5ebe52fe0598ae66ad273c2aabab1870ce3c8201a7c7900409ef666a757d986",,"2026-02-15T13:00:00.000","30","NO CONTROLS","NO CONTROLS","CLEAR","DAYLIGHT","REAR END","DIVIDED - W/MEDIAN (NOT RAISED)",,"STRAIGHT AND LEVEL","DRY","UNKNOWN","NOT ON SCENE (DESK REPORT)","INJURY AND / OR TOW DUE TO CRASH",,,,"OVER $1,500","2026-02-15T18:00:00.000","UNABLE TO DETERMINE","NOT APPLICABLE","3519","N","CICERO AVE","1731",,,,,,,"2","REPORTED, NOT EVIDENT","1","0","0","0","1","2","0","13","1","2","41.9452385534","-87.7468918112","POINT (-87.746891811225 41.945238553433)"
"e2c0b45a618cfce32dc66e2a2ac6dc8c3891fd12038cce5055e584c8e9968554738107e9c22a774bf95b895202e4297b0d373ab4ca80d6346d9a52a242ea8f8a","N","2026-02-15T13:00:00.000","30","NO CONTROLS","NO CONTROLS","CLEAR","DAYLIGHT","PARKED MOTOR VEHICLE","ONE-WAY",,"STRAIGHT AND LEVEL","DRY","NO DEFECTS","ON SCENE","NO INJURY / DRIVE AWAY",,"N","Y","$501 - $1,500","2026-02-15T13:35:00.000","NOT APPLICABLE","NOT APPLICABLE","1132","S","TROY ST","1134",,,,,,,"3","NO INDICATION OF INJURY","0","0","0","0","0","2","0","13","1","2","41.8672098515","-87.7046164403","POINT (-87.704616440343 41.867209851511)"
"04c69c785a7e2c3f13ad271e6aa458499b2ffa725d6f39db7a5283e3a676e2d90ed7a04fd2610fa3ad5f40bb4a6308606498189b66516d8518f5818f78ebcc84",,"2026-02-15T12:45:00.000","35","NO CONTROLS","NO CONTROLS","CLEAR","DAYLIGHT","TURNING","NOT DIVIDED",,"STRAIGHT AND LEVEL","DRY","UNKNOWN","ON SCENE","INJURY AND / OR TOW DUE TO CRASH",,,,"OVER $1,500","2026-02-15T12:48:00.000","NOT APPLICABLE","NOT APPLICABLE","11499","S","HAMLIN AVE","2211",,,,,,,"2","NONINCAPACITATING INJURY","2","0","0","2","0","2","0","12","1","2","41.6840538707","-87.7149980023","POINT (-87.714998002282 41.684053870682)"