"crash_record_id","crash_date_est_i","crash_date","posted_speed_limit","traffic_control_device","device_condition","weather_condition","lighting_condition","first_crash_type","trafficway_type","lane_cnt","alignment","roadway_surface_cond","road_defect","report_type","crash_type","intersection_related_i","private_property_i","hit_and_run_i","damage","date_police_notified","prim_contributory_cause","sec_contributory_cause","street_no","street_direction","street_name","beat_of_occurrence","photos_taken_i","statements_taken_i","dooring_i","work_zone_i","work_zone_type","workers_present_i","num_units","most_severe_injury","injuries_total","injuries_fatal","injuries_incapacitating","injuries_non_incapacitating","injuries_reported_not_evident","injuries_no_indication","injuries_unknown","crash_hour","crash_day_of_week","crash_month","latitude","longitude","location"
"be1bbe3cfde69c7ab8b00711619e444a687a42b782297ffaacb12aa5442ce2faa33c695c4fd7aa22f24490f85e1fcbf883e41e8f22a066708920f97184f86448",,"2026-02-15T12:35:00.000","30","UNKNOWN","UNKNOWN","UNKNOWN","UNKNOWN","REAR END","UNKNOWN",,"STRAIGHT AND LEVEL","UNKNOWN","UNKNOWN","NOT ON SCENE (DESK REPORT)","NO INJURY / DRIVE AWAY",,,,"$501 - $1,500","2026-02-20T14:35:00.000","UNABLE TO DETERMINE","NOT APPLICABLE","2104","N","HALSTED ST","1812",,,,,,,"2","NO INDICATION OF INJURY","0","0","0","0","0","2","0","12","1","2","41.9201953441","-87.6487286876","POINT (-87.648728687576 41.920195344062)"
"661654bdec470e8aa83c1b814e3d068deadba24480989489244ecaaa4e18eef6003f25ef0a87498144769c9699228da936a1d0aae10e9a6b2140905735600e0d",,"2026-02-15T12:30:00.000","30","NO CONTROLS","NO CONTROLS","UNKNOWN","DAYLIGHT","PARKED MOTOR VEHICLE","ONE-WAY",,"STRAIGHT AND LEVEL","UNKNOWN","UNKNOWN","NOT ON SCENE (DESK REPORT)","NO INJURY / DRIVE AWAY",,,"Y","$501 - $1,500","2026-02-15T12:58:00.000","UNABLE TO DETERMINE","NOT APPLICABLE","351","S","KILBOURN AVE","1131",,,,,,,"2","NO INDICATION OF INJURY","0","0","0","0","0","1","0","12","1","2","41.8754154581","-87.7375979115","POINT (-87.737597911514 41.875415458143)"
"7ea3ec0b632a1d77bda6db6dbfbcde64a080020cbde8152d7535c020e0e4f8c583304d385dfa7dd1d3ea02e835be10b608f6fdd473a668a39a24baa988c5c35c","Y","2026-02-15T12:30:00.000","30","NO CONTROLS","NO CONTROLS","CLEAR","DAYLIGHT","PARKED MOTOR VEHICLE","NOT DIVIDED",,"STRAIGHT AND LEVEL","UNKNOWN","NO DEFECTS","NOT ON SCENE (DESK REPORT)","NO INJURY / DRIVE AWAY",,,"Y","OVER $1,500","2026-02-15T15:37:00.000","UNABLE TO DETERMINE","NOT APPLICABLE","976","W","19TH ST","1235",,,,,,,"2","NO INDICATION OF INJURY","0","0","0","0","0","1","0","12","1","2","41.8567796314","-87.6512451764","POINT (-87.651245176423 41.856779631416)"
"52ecdb3113d6de124455b1fb6f8be2da9a0c60a885af2487564706d2036ed465c89457e3b5bb50a0e4a19ea007ef95fc4a670b37a525ce6e656a260ae68e9822",,"2026-02-15T12:23:00.000","10","NO CONTROLS","NO CONTROLS","CLEAR","DAYLIGHT","REAR TO SIDE","PARKING LOT",,"STRAIGHT AND LEVEL","DRY","UNKNOWN","NOT ON SCENE (DESK REPORT)","NO INJURY / DRIVE AWAY",,"Y",,"OVER $1,500","2026-02-15T13:25:00.000","UNABLE TO DETERMINE","NOT APPLICABLE","2700","N","NARRAGANSETT AVE","2512",,,,,,,"2","NO INDICATION OF INJURY","0","0","0","0","0","2","0","12","1","2","41.9292566877","-87.785795165","POINT (-87.785795165033 41.929256687664)"
"63448f51ac12aff0ffd98291682448900e1ef3ee4acf7e7f86ed0b81dbf3bdc8ef6b1ed42f658e6b2da1c835d34bb949502aec01fd2945e0f1007dca52f9b6c2",,"2026-02-15T12:20:00.000","25","STOP SIGN/FLASHER","FUNCTIONING PROPERLY","CLEAR","DAYLIGHT","TURNING","T-INTERSECTION",,"STRAIGHT AND LEVEL","DRY","NO DEFECTS","NOT ON SCENE (DESK REPORT)","NO INJURY / DRIVE AWAY","Y",,,"OVER $1,500","2026-02-15T12:50:00.000","UNABLE TO DETERMINE","NOT APPLICABLE","2200","N","STOCKTON DR","1814","Y","Y",,,,,"2","NO INDICATION OF INJURY","0","0","0","0","0","2","0","12","1","2","41.9220887093","-87.6358723379","POINT (-87.635872337871 41.922088709282)"
"cab96de7b2ef8bfc9fc1505e0e5ff55b5f65ca6711526d4b5b3ef7ec3c4c7acb1e7e2f07fe1cd407a986299fa36a38bde67fb5f5aa2e472a9763faa1144f2364",,"2026-02-15T12:15:00.000","30","TRAFFIC SIGNAL","FUNCTIONING PROPERLY","CLEAR","DAYLIGHT","SIDESWIPE SAME DIRECTION","ONE-WAY",,"STRAIGHT AND LEVEL","DRY","NO DEFECTS","ON SCENE","NO INJURY / DRIVE AWAY","Y",,,"OVER $1,500","2026-02-15T13:15:00.000","FAILING TO REDUCE SPEED TO AVOID CRASH","NOT APPLICABLE","525","E","ILLINOIS ST","1834",,,,,,,"2","NO INDICATION OF INJURY","0","0","0","0","0","3","0","12","1","2","41.8909938691","-87.614049826","POINT (-87.614049826041 41.890993869127)"
"0a518d6851aea2c40ad56961f0dec17ff175ab9532d86d00d486e73dfb30025eb5e3e7bcab47a4c7bc295605a289669241b13da6f9b95da77bd93a82bf495a9a",,"2026-02-15T12:08:00.000","30","TRAFFIC SIGNAL","FUNCTIONING PROPERLY","CLEAR","DAYLIGHT","TURNING","NOT DIVIDED",,"STRAIGHT AND LEVEL","DRY","NO DEFECTS","ON SCENE","NO INJURY / DRIVE AWAY","Y",,,"OVER $1,500","2026-02-15T12:11:00.000","FAILING TO YIELD RIGHT-OF-WAY","FAILING TO YIELD RIGHT-OF-WAY","6224","N","CENTRAL AVE","1621",,,,,,,"2","NO INDICATION OF INJURY","0","0","0","0","0","3","0","12","1","2","41.9951116381","-87.764752918","POINT (-87.764752917955 41.995111638123)"
"6739f655421637722b51f2030a3a3ef3434fea86fcfa358857659d537ca18dcb0e0e54775dac32f4af6d5e688dca25bbfdc4235b6a34f30596f9accd90cce481",,"2026-02-15T12:00:00.000","30","TRAFFIC SIGNAL","FUNCTIONING PROPERLY","CLEAR","DAYLIGHT","SIDESWIPE SAME DIRECTION","ONE-WAY",,"STRAIGHT AND LEVEL","UNKNOWN","UNKNOWN","NOT ON SCENE (DESK REPORT)","NO INJURY / DRIVE AWAY",,,,"$501 - $1,500","2026-02-15T17:00:00.000","FAILING TO YIELD RIGHT-OF-WAY","IMPROPER LANE USAGE","750","N","RUSH ST","1833",,,,,,,"2","NO INDICATION OF INJURY","0","0","0","0","0","2","0","12","1","2","41.8964553134","-87.6256451665","POINT (-87.625645166504 41.896455313367)"
"abbdad865fa7c3f60bea1ac4c4e2afe6ffa4c24e0b20167268bfe1bcccafe31be9e63a9eeaefcfc1fed5a66e0b8443cf951c23511ff4f898051f6b379c19ea30",,"2026-02-15T12:00:00.000","30","UNKNOWN","UNKNOWN","UNKNOWN","UNKNOWN","PARKED MOTOR VEHICLE","UNKNOWN",,"STRAIGHT AND LEVEL","UNKNOWN","UNKNOWN","NOT ON SCENE (DESK REPORT)","NO INJURY / DRIVE AWAY",,,"Y","OVER $1,500","2026-02-15T16:45:00.000","NOT APPLICABLE","NOT APPLICABLE","1800","W","LAWRENCE AVE","2032",,,,,,,"2","NO INDICATION OF INJURY","0","0","0","0","0","1","0","12","1","2","41.9689262366","-87.6745864921","POINT (-87.674586492122 41.96892623665)"
"cbce2d3fa21873a6a2d55ecd804c5fbc6d94baf27d383a5db720c28cf6641cded6a77a544f739c59ecc1982871edf6aae5ec9fa00e8759f531338fb6352bd2e6",,"2026-02-15T12:00:00.000","30","NO CONTROLS","NO CONTROLS","CLEAR","DAYLIGHT","PARKED MOTOR VEHICLE","ONE-WAY",,"STRAIGHT AND LEVEL","DRY","UNKNOWN","ON SCENE","NO INJURY / DRIVE AWAY",,,"N","OVER $1,500","2026-02-15T12:40:00.000","IMPROPER TURNING/NO SIGNAL","UNABLE TO DETERMINE","5510","S","MARSHFIELD AVE","715",,,,,,,"3","NO INDICATION OF INJURY","0","0","0","0","0","1","0","12","1","2","41.7932753823","-87.6659287274","POINT (-87.665928727399 41.793275382345)"
"1866033db1dbdc2ce8e58d8884f17ecd092bee282ae802bf5ce7808185779f49271a816ffb2ba3f3cb0db4132541e3939ca2cdeecfea8a073a306100a971c354",,"2026-02-15T11:45:00.000","25","STOP SIGN/FLASHER","NO CONTROLS","CLEAR","DAYLIGHT","OTHER OBJECT","NOT DIVIDED",,"STRAIGHT AND LEVEL","DRY","UNKNOWN","NOT ON SCENE (DESK REPORT)","INJURY AND / OR TOW DUE TO CRASH","Y",,,"OVER $1,500","2026-02-16T01:15:00.000","IMPROPER TURNING/NO SIGNAL","OPERATING VEHICLE IN ERRATIC, RECKLESS, CARELESS, NEGLIGENT OR AGGRESSIVE MANNER","4945","N","CLARK ST","2033",,,,,,,"2","NONINCAPACITATING INJURY","1","0","0","1","0","1","0","11","1","2","41.9725155227","-87.6677639965","POINT (-87.667763996488 41.972515522701)"
"797303e0a4575a64ceea08727b63e9aeecde781d4756f7c80890b93cf33246ec2336ec259dd186238ca47c4f70702207384e3ffc5d17706695625a855e056830",,"2026-02-15T11:42:00.000","30","NO CONTROLS","NO CONTROLS","CLEAR","DAYLIGHT","SIDESWIPE SAME DIRECTION","ONE-WAY",,"STRAIGHT AND LEVEL","DRY","UNKNOWN","ON SCENE","NO INJURY / DRIVE AWAY",,,,"$501 - $1,500","2026-02-15T11:42:00.000","IMPROPER BACKING","NOT APPLICABLE","150","E","HURON ST","1834",,,,,,,"2","NO INDICATION OF INJURY","0","0","0","0","0","5","0","11","1","2","41.8950607857","-87.6235075091","POINT (-87.623507509116 41.895060785681)"
"357b8b919b588c68d16ac7ef2b8e9a1bed3178ce49680122e51b9f2310ae25439223a12da6cdc22e87adb3f2aa14756cc99e752929ad8e5eb42980dbba196979",,"2026-02-15T11:40:00.000","30","TRAFFIC SIGNAL","FUNCTIONING PROPERLY","CLEAR","DAYLIGHT","SIDESWIPE SAME DIRECTION","NOT DIVIDED",,"STRAIGHT AND LEVEL","DRY","NO DEFECTS","NOT ON SCENE (DESK REPORT)","NO INJURY / DRIVE AWAY",,,"Y","OVER $1,500","2026-02-15T12:45:00.000","IMPROPER OVERTAKING/PASSING","IMPROPER LANE USAGE","841","W","IRVING PARK RD","1923",,,,,,,"2","NO INDICATION OF INJURY","0","0","0","0","0","2","0","11","1","2","41.9544250186","-87.6513240171","POINT (-87.65132401707 41.954425018612)"
"d6656f36d836a521f89529cd85dcf65349825d8555d77816c61d0a1357ffcffd2b0b21589b1e40c6c1c41105c9009099e20af0c6b24c8df4d0d010d7719ad1c8",,"2026-02-15T11:40:00.000","30","STOP SIGN/FLASHER","FUNCTIONING PROPERLY","CLEAR","DAYLIGHT","ANGLE","DIVIDED - W/MEDIAN (NOT RAISED)",,"STRAIGHT AND LEVEL","DRY","NO DEFECTS","NOT ON SCENE (DESK REPORT)","NO INJURY / DRIVE AWAY","Y",,,"OVER $1,500","2026-02-15T12:00:00.000","DISREGARDING STOP SIGN","FAILING TO YIELD RIGHT-OF-WAY","5600","N","AUSTIN AVE","1622",,,,,,,"2","NO INDICATION OF INJURY","0","0","0","0","0","2","0","11","1","2","41.9829976924","-87.7781838922","POINT (-87.778183892191 41.9829976924)"
"9a2a3f6c221b3232cc0f51c6d4b9faada2c6a6ff62aef81b673c5f6e5c4b24cb42771c2b2638990e06df491b96409f5e6ab1b7253954af9b64438926b6fe0e3d",,"2026-02-15T11:30:00.000","30","NO CONTROLS","NO CONTROLS","UNKNOWN","DAYLIGHT","REAR END","NOT DIVIDED",,"STRAIGHT AND LEVEL","UNKNOWN","UNKNOWN","NOT ON SCENE (DESK REPORT)","NO INJURY / DRIVE AWAY",,,,"OVER $1,500","2026-02-22T13:45:00.000","UNABLE TO DETERMINE","NOT APPLICABLE","4820","W","NORTH AVE","2533",,,,,,,"2","NO INDICATION OF INJURY","0","0","0","0","0","2","0","11","1","2","41.9097254413","-87.746903271","POINT (-87.74690327105 41.90972544134)"
"9bf5807ff2e1b9372076d6e548899e4d83d5045b413fdb76aea130eaf5f5e9334cf0c3220226568f6d14427ae9e1bf1fed54c2dada730734df5357319f7b2611",,"2026-02-15T11:30:00.000","30","NO CONTROLS","NO CONTROLS","CLEAR","DAYLIGHT","TURNING","NOT DIVIDED",,"STRAIGHT AND LEVEL","DRY","NO DEFECTS","ON SCENE","NO INJURY / DRIVE AWAY","Y",,,"OVER $1,500","2026-02-15T11:31:00.000","UNABLE TO DETERMINE","UNABLE TO DETERMINE","2035","W","FULLERTON AVE","1432",,,,,,,"2","NO INDICATION OF INJURY","0","0","0","0","0","2","0","11","1","2","41.9248995492","-87.679267572","POINT (-87.679267572013 41.924899549171)"
"3955c336df04e6f930384a0fe232c19dd7dfe4f058a4d0f7f4b45c01439e9ced7b6bf247517f39576d2f419e1ad788ebf50a2458c66199ace22527580d0f3b32",,"2026-02-15T11:02:00.000","30","NO CONTROLS","NO CONTROLS","CLEAR","DAYLIGHT","REAR END","NOT DIVIDED",,"STRAIGHT AND LEVEL","DRY","NO DEFECTS","NOT ON SCENE (DESK REPORT)","NO INJURY / DRIVE AWAY",,,,"OVER $1,500","2026-02-15T11:30:00.000","FOLLOWING TOO CLOSELY","FAILING TO REDUCE SPEED TO AVOID CRASH","2932","W","63RD ST","823",,,,,,,"2","NO INDICATION OF INJURY","0","0","0","0","0","3","0","11","1","2","41.7791712711","-87.6971107178","POINT (-87.697110717757 41.779171271114)"
"861c7a5345aed75f36e13cfcbad7659aea3b1e283618a50ffce00136d4c6c4390f54b2bc9fae8a345a934c8cfceeca202b269bdd9325aa8013d12b6e18a936d8","Y","2026-02-15T11:00:00.000","25","NO CONTROLS","NO CONTROLS","UNKNOWN","UNKNOWN","PARKED MOTOR VEHICLE","ONE-WAY",,"STRAIGHT AND LEVEL","UNKNOWN","NO DEFECTS","ON SCENE","NO INJURY / DRIVE AWAY",,,"Y","$501 - $1,500","2026-02-15T11:41:00.000","UNABLE TO DETERMINE","NOT APPLICABLE","3957","W","THOMAS ST","1112",,,,,,,"2","NO INDICATION OF INJURY","0","0","0","0","0","1","0","11","1","2","41.9007396405","-87.7260928119","POINT (-87.726092811881 41.900739640506)"
"ca535146d9136fe7d9892aa98794ef45b9f945e38ba0e67bda449daeac6b76434232128e882a6274900df1b3312c8ce79714524a0420e78eb21ef5d005e525b5",,"2026-02-15T11:00:00.000","30","NO CONTROLS","NO CONTROLS","CLEAR","DAYLIGHT","PARKED MOTOR VEHICLE","NOT DIVIDED",,"STRAIGHT AND LEVEL","DRY","NO DEFECTS","NOT ON SCENE (DESK REPORT)","NO INJURY / DRIVE AWAY",,,,"$501 - $1,500","2026-02-16T13:45:00.000","UNABLE TO DETERMINE","UNABLE TO DETERMINE","8300","W","BALMORAL AVE","1614",,,,,,,"2","NO INDICATION OF INJURY","0","0","0","0","0","1","0","11","1","2","41.9781892304","-87.8341981572","POINT (-87.834198157241 41.978189230428)"
"f737ae7d133fe6ba3a0304f2f6d16005ac10def2205ddcac5e328d32455887c1b428176068bda593d204c324bd463ef726e4ced34a1528cfb0e221d6c3600ad7","Y","2026-02-15T11:00:00.000","30","UNKNOWN","UNKNOWN","UNKNOWN","UNKNOWN","PARKED MOTOR VEHICLE","NOT DIVIDED",,"STRAIGHT AND LEVEL","UNKNOWN","UNKNOWN","NOT ON SCENE (DESK REPORT)","NO INJURY / DRIVE AWAY",,,"Y","$501 - $1,500","2026-02-18T09:17:00.000","UNABLE TO DETERMINE","UNABLE TO DETERMINE","344","W","HUBBARD ST","1831",,,,,,,"2","NO INDICATION OF INJURY","0","0","0","0","0","1","0","11","1","2","41.890050682","-87.6372263554","POINT (-87.637226355415 41.890050681954)"
"8533786ed8cadfded420f1a184047212a35f07d222902f6e88e827309cec935b2efd3b502fd12ae0dff00cef6cb19bb1e6610a2d869f914113a92ea582c1df82",,"2026-02-15T10:50:00.000","30","NO CONTROLS","NO CONTROLS","CLEAR","DAYLIGHT","ANGLE","ONE-WAY",,"STRAIGHT AND LEVEL","DRY","NO DEFECTS","ON SCENE","INJURY AND / OR TOW DUE TO CRASH",,,,"OVER $1,500","2026-02-15T10:55:00.000","UNABLE TO DETERMINE","UNABLE TO DETERMINE","6244","S","TROY ST","823",,,,,,,"2","NO INDICATION OF INJURY","0","0","0","0","0","2","0","10","1","2","41.7794736266","-87.7020795466","POINT (-87.702079546555 41.779473626611)"
"060f3a93ebf045960340ccfc301e6e67e1f95f447db36f2ccfd978607b4323bccccf12e06d7bcdcd68f6419a303af8c46607776dadcfddfc069031cb73520406",,"2026-02-15T10:45:00.000","20","NO CONTROLS","NO CONTROLS","CLEAR","DAYLIGHT","REAR END","NOT DIVIDED",,"STRAIGHT AND LEVEL","DRY","NO DEFECTS","NOT ON SCENE (DESK REPORT)","NO INJURY / DRIVE AWAY",,,,"OVER $1,500","2026-02-15T11:30:00.000","FOLLOWING TOO CLOSELY","UNABLE TO DETERMINE","5700","S","CICERO AVE","813",,,,,,,"2","NO INDICATION OF INJURY","0","0","0","0","0","2","0","10","1","2","41.7893293233","-87.7416456442","POINT (-87.741645644196 41.789329323265)"
"2ebc8b5e2bf9321f1ba138d1eb583131c0e1a30e9697141a09f0a15343263617db998038f0351b30c6e44a1a2d324850adc158acaa303679205757260f3c9610",,"2026-02-15T10:45:00.000","30","UNKNOWN","UNKNOWN","UNKNOWN","UNKNOWN","OTHER OBJECT","NOT DIVIDED",,"STRAIGHT AND LEVEL","UNKNOWN","UNKNOWN","NOT ON SCENE (DESK REPORT)","NO INJURY / DRIVE AWAY",,,,"OVER $1,500","2026-02-15T13:00:00.000","UNABLE TO DETERMINE","NOT APPLICABLE","6433","W","GRAND AVE","2512",,,,,,,"1","NO INDICATION OF INJURY","0","0","0","0","0","1","0","10","1","2","41.922887867","-87.7866418453","POINT (-87.786641845328 41.922887866967)"
"567ae8053e9fc4e1bcd9d49a3baf5ec5219325f319507cefaffe72cca7e3f8190e3ddaf6f6eac476c84511d9cf3862aca8584af6853157b8527746baa1e45d8b",,"2026-02-15T10:45:00.000","30","TRAFFIC SIGNAL","FUNCTIONING PROPERLY","CLEAR","DAYLIGHT","SIDESWIPE SAME DIRECTION","NOT DIVIDED",,"STRAIGHT AND LEVEL","DRY","UNKNOWN","ON SCENE","NO INJURY / DRIVE AWAY",,,,"OVER $1,500","2026-02-15T10:55:00.000","DRIVING SKILLS/KNOWLEDGE/EXPERIENCE","NOT APPLICABLE","800","W","NORTH AVE","1813",,,,,,,"3","NO INDICATION OF INJURY","0","0","0","0","0","3","0","10","1","2","41.9110285098","-87.648335806","POINT (-87.64833580602 41.911028509812)"
"2ebbadc48fb477c8cf7b0f3b42dc70b84585e03dd5553deb42cbadab0699b8827ac27d37eb03038954c3225d43185983370f063ae9041c80ab6eb30db829f1ff",,"2026-02-15T10:30:00.000","30","NO CONTROLS","NO CONTROLS","CLEAR","DAYLIGHT","REAR END","NOT DIVIDED",,"STRAIGHT AND LEVEL","DRY","NO DEFECTS","NOT ON SCENE (DESK REPORT)","NO INJURY / DRIVE AWAY",,,,"$501 - $1,500","2026-02-15T11:55:00.000","FOLLOWING TOO CLOSELY","FAILING TO REDUCE SPEED TO AVOID CRASH","4556","W","63RD ST","813",,,,,,,"2","NO INDICATION OF INJURY","0","0","0","0","0","2","0","10","1","2","41.7785983233","-87.737274878","POINT (-87.737274878004 41.778598323294)"
"c1064fb75e64b3f673b4354cba91a8f8a5dea664c50460156a980d5ed96c9599fa7471b5205d048680a78f577f5a0014e7cf43c8e63a44cdde5fcbc8346bf637",,"2026-02-15T10:20:00.000","30","TRAFFIC SIGNAL","FUNCTIONING PROPERLY","CLEAR","DAYLIGHT","REAR END","DIVIDED - W/MEDIAN (NOT RAISED)",,"STRAIGHT AND LEVEL","DRY","NO DEFECTS","NOT ON SCENE (DESK REPORT)","NO INJURY / DRIVE AWAY",,,,"$501 - $1,500","2026-02-15T10:40:00.000","UNABLE TO DETERMINE","UNABLE TO DETERMINE","1954","W","87TH ST","614",,,,,,,"2","NO INDICATION OF INJURY","0","0","0","0","0","3","0","10","1","2","41.7357627317","-87.6725630677","POINT (-87.672563067671 41.735762731725)"
"280ac898e91e6b04fa93cd17c392ea9ac98de57b28a5142d258f0c95e099365ee6211417294ddd2293b708dee3deb5975156d51d8d14995410eb63edfb811a6a",,"2026-02-15T10:15:00.000","30","TRAFFIC SIGNAL","FUNCTIONING PROPERLY","CLEAR","DAYLIGHT","TURNING","NOT DIVIDED",,"STRAIGHT AND LEVEL","DRY","NO DEFECTS","ON SCENE","INJURY AND / OR TOW DUE TO CRASH","Y",,,"OVER $1,500","2026-02-15T10:16:00.000","IMPROPER TURNING/NO SIGNAL","FAILING TO YIELD RIGHT-OF-WAY","3600","W","NORTH AVE","2535",,,,,,,"2","REPORTED, NOT EVIDENT","2","0","0","0","2","0","0","10","1","2","41.9101032513","-87.7167561833","POINT (-87.71675618326 41.910103251294)"
"2cee711f3967841e2a81cdd8bf893a8d138963a0ac65573950ec254b0b865d0f6d03f99b6347180c3b41d31ba179ff156344a70f67250f41f83f24e5f9021d7e",,"2026-02-15T10:10:00.000","30","NO CONTROLS","NO CONTROLS","CLEAR","DAYLIGHT","REAR END","DIVIDED - W/MEDIAN (NOT RAISED)",,"STRAIGHT AND LEVEL","DRY","NO DEFECTS","ON SCENE","INJURY AND / OR TOW DUE TO CRASH",,,,"OVER $1,500","2026-02-15T10:23:00.000","UNABLE TO DETERMINE","UNABLE TO DETERMINE","4647","S","PULASKI RD","821",,,,,,,"2","NONINCAPACITATING INJURY","1","0","0","1","0","2","0","10","1","2","41.8083165158","-87.7234539584","POINT (-87.723453958366 41.808316515756)"
"890003401141db6bdc482cc7ac67f72c107ce7f0f9dd2b5fad2a6a15d598b2b6906ad72c62b4429ee5a1fcd4c5fd05913d5516fac8aa81b498a6b75ba23e103a",,"2026-02-15T10:10:00.000","35","NO CONTROLS","NO CONTROLS","CLEAR","DAYLIGHT","SIDESWIPE SAME DIRECTION","ONE-WAY",,"STRAIGHT AND LEVEL","DRY","NO DEFECTS","ON SCENE","NO INJURY / DRIVE AWAY",,,"Y","OVER $1,500","2026-02-15T10:12:00.000","UNABLE TO DETERMINE","UNABLE TO DETERMINE","3902","N","ST LOUIS AVE","1732",,,,,,,"2","NO INDICATION OF INJURY","0","0","0","0","0","2","0","10","1","2","41.9521474902","-87.715461472","POINT (-87.715461472009 41.952147490206)"
"74ec1a3e89b07e2bfef929cacc0d72907bf4eb78101425884f842988f9447b85b75f62192a0fca16a3f7db40cad519b94bbb8e853b0f36852df62ba53d7fcacf",,"2026-02-15T10:08:00.000","30","TRAFFIC SIGNAL","FUNCTIONING PROPERLY","CLEAR","DAYLIGHT","SIDESWIPE SAME DIRECTION","ONE-WAY",,"STRAIGHT AND LEVEL","DRY","NO DEFECTS","ON SCENE","NO INJURY / DRIVE AWAY",,,"Y","$501 - $1,500","2026-02-15T10:11:00.000","FOLLOWING TOO CLOSELY","NOT APPLICABLE","98","S","DEARBORN ST","112",,,,,,,"2","NO INDICATION OF INJURY","0","0","0","0","0","2","0","10","1","2","41.8807825347","-87.6295161167","POINT (-87.629516116688 41.880782534741)"
"734d3960e3dbb6dc629f4d6cd81068d3008d3dc4e2f993385c15328756d52f36772ada2643e50c3a6ce520739cba5b615d61bb535eaa12cbaae0f42d571d7c75","Y","2026-02-15T10:00:00.000","30","NO CONTROLS","NO CONTROLS","CLEAR","UNKNOWN","PARKED MOTOR VEHICLE","ONE-WAY",,"STRAIGHT AND LEVEL","UNKNOWN","NO DEFECTS","ON SCENE","NO INJURY / DRIVE AWAY",,,"Y","OVER $1,500","2026-02-15T13:10:00.000","UNABLE TO DETERMINE","UNABLE TO DETERMINE","4759","N","WHIPPLE ST","1713",,,,,,,"2","NO INDICATION OF INJURY","0","0","0","0","0","1","0","10","1","2","41.9683964643","-87.7046583083","POINT (-87.70465830825 41.968396464268)"
"e415eb7771a2a584b7cf81aef75183692a84bae14a46c71e3b32df4cdd749b56cdf471cf645df2261e5b1c9eee6cdf75ea2bdf027f3d2d2ffa27d9e03ff155d4",,"2026-02-15T10:00:00.000","30","STOP SIGN/FLASHER","FUNCTIONING PROPERLY","CLEAR","DAYLIGHT","TURNING","NOT DIVIDED",,"STRAIGHT AND LEVEL","DRY","NO DEFECTS","NOT ON SCENE (DESK REPORT)","NO INJURY / DRIVE AWAY","Y",,"Y","OVER $1,500","2026-02-15T10:50:00.000","FOLLOWING TOO CLOSELY","UNABLE TO DETERMINE","1600","W","74TH ST","735",,,,,,,"2","NO INDICATION OF INJURY","0","0","0","0","0","2","0","10","1","2","41.759563631","-87.6637024167","POINT (-87.663702416708 41.759563631047)"
"94e39bab86467e52d9e450b06e69fc03ffd1243ea72592ed60eb014cffb2c3d756d4764fac37da7ac2e3f2e6854418264a1050f3d470624749a152d6f8b59b56",,"2026-02-15T09:59:00.000","30","NO CONTROLS","NO CONTROLS","CLOUDY/OVERCAST","DAYLIGHT","ANGLE","ONE-WAY",,"STRAIGHT AND LEVEL","DRY","NO DEFECTS","ON SCENE","INJURY AND / OR TOW DUE TO CRASH",,,,"OVER $1,500","2026-02-15T10:05:00.000","IMPROPER TURNING/NO SIGNAL","FAILING TO YIELD RIGHT-OF-WAY","353","W","VAN BUREN ST","122",,,,,,,"2","NO INDICATION OF INJURY","0","0","0","0","0","3","0","9","1","2","41.8766988264","-87.6365422007","POINT (-87.636542200714 41.876698826403)"
"c25566af4ce58be682bf4b3c995e9733d9df8cb050043f407d4a8da9df36517eaf38cd638c1809e916dc3f752f47eaa00fd9be4a68d498d11a197569a57138b2",,"2026-02-15T09:57:00.000","30","TRAFFIC SIGNAL","FUNCTIONING PROPERLY","UNKNOWN","UNKNOWN","SIDESWIPE SAME DIRECTION","NOT DIVIDED",,"STRAIGHT AND LEVEL","UNKNOWN","UNKNOWN","NOT ON SCENE (DESK REPORT)","NO INJURY / DRIVE AWAY",,,,"OVER $1,500","2026-02-16T14:53:00.000","UNABLE TO DETERMINE","NOT APPLICABLE","2800","N","ASHLAND AVE","1931",,,,,,,"2","NO INDICATION OF INJURY","0","0","0","0","0","2","0","9","1","2","41.932445362","-87.6685428496","POINT (-87.668542849642 41.932445362001)"
"3bac4c4ee948e373c327598f642a2c899d74fc32ac816212ea7fad8233acf0a79ddd54c17da1e63630598fe393d950edf009ad33aec59a72398fabced6fd58c9",,"2026-02-15T09:55:00.000","0","NO CONTROLS","NO CONTROLS","CLEAR","DARKNESS, LIGHTED ROAD","FIXED OBJECT","OTHER",,"STRAIGHT AND LEVEL","WET","OTHER","ON SCENE","NO INJURY / DRIVE AWAY",,"Y",,"OVER $1,500","2026-02-15T10:07:00.000","NOT APPLICABLE","NOT APPLICABLE","4900","N","BROADWAY","2033",,,,,,,"1","NO INDICATION OF INJURY","0","0","0","0","0","1","0","9","1","2","41.9715164409","-87.6598856362","POINT (-87.659885636238 41.971516440921)"
"41169aae7afd6151fc7cc55ff0ee8631ad9a5e974f929733181e681ad8be9c5916b7394a5adf9ffe401ed9b327b5974bd1d34291ca32492ab8ce845aa485ccb4",,"2026-02-15T09:38:00.000","20","STOP SIGN/FLASHER","NO CONTROLS","CLEAR","DAYLIGHT","ANGLE","FOUR WAY",,"STRAIGHT AND LEVEL","DRY","NO DEFECTS","ON SCENE","INJURY AND / OR TOW DUE TO CRASH","Y",,,"OVER $1,500","2026-02-15T09:41:00.000","DISREGARDING STOP SIGN","FAILING TO REDUCE SPEED TO AVOID CRASH","6498","N","WASHTENAW AVE","2412",,,,,,,"3","NO INDICATION OF INJURY","0","0","0","0","0","3","0","9","1","2","41.9993345369","-87.6973997","POINT (-87.697399699974 41.99933453693)"