"crash_record_id","crash_date_est_i","crash_date","posted_speed_limit","traffic_control_device","device_condition","weather_condition","lighting_condition","first_crash_type","trafficway_type","lane_cnt","alignment","roadway_surface_cond","road_defect","report_type","crash_type","intersection_related_i","private_property_i","hit_and_run_i","damage","date_police_notified","prim_contributory_cause","sec_contributory_cause","street_no","street_direction","street_name","beat_of_occurrence","photos_taken_i","statements_taken_i","dooring_i","work_zone_i","work_zone_type","workers_present_i","num_units","most_severe_injury","injuries_total","injuries_fatal","injuries_incapacitating","injuries_non_incapacitating","injuries_reported_not_evident","injuries_no_indication","injuries_unknown","crash_hour","crash_day_of_week","crash_month","latitude","longitude","location"
"299f7859ea07becf9f865f85dc632bc8e0d3f98a1c2d6c87a281560ba7d7518bd7de53c7da6f949cfe6a9b38af4b71ebfa77014fdcf8db7564f122c84fc86a2d","Y","2026-02-15T09:32:00.000","30","UNKNOWN","UNKNOWN","UNKNOWN","UNKNOWN","PARKED MOTOR VEHICLE","PARKING LOT",,"STRAIGHT AND LEVEL","UNKNOWN","UNKNOWN","NOT ON SCENE (DESK REPORT)","NO INJURY / DRIVE AWAY",,"Y",,"OVER $1,500","2026-02-17T15:30:00.000","UNABLE TO DETERMINE","NOT APPLICABLE","2301","S","PRAIRIE AVE","132",,,,,,,"2","NO INDICATION OF INJURY","0","0","0","0","0","1","0","9","1","2","41.851124933","-87.6204714583","POINT (-87.620471458298 41.851124933029)"
"52c3b4acdf059be2f6e7f7ea7152a4c6ea8d6c72964304ae90ef6009858a5897915104b9f617a74784fc1f075583134effd9497b1fb39b7572091d8d49e93298",,"2026-02-15T09:30:00.000","30","TRAFFIC SIGNAL","FUNCTIONING PROPERLY","CLEAR","DARKNESS","HEAD ON","NOT DIVIDED",,"STRAIGHT AND LEVEL","DRY","UNKNOWN","NOT ON SCENE (DESK REPORT)","NO INJURY / DRIVE AWAY","Y",,"Y","OVER $1,500","2026-02-16T08:10:00.000","UNABLE TO DETERMINE","NOT APPLICABLE","5500","S","WESTERN AVE","824",,,,,,,"2","NO INDICATION OF INJURY","0","0","0","0","0","2","0","9","1","2","41.7933705543","-87.6841753768","POINT (-87.684175376759 41.79337055433)"
"d1ae39cd179ea80638803421befbe5cfd75829b2af23e5a2894bbcbf67962a47154270a288785d2baa2fb6cefbd01246e61afcb5a1612b69a68f40f1bb871593",,"2026-02-15T09:30:00.000","30","NO CONTROLS","NO CONTROLS","UNKNOWN","DAYLIGHT","PARKED MOTOR VEHICLE","NOT DIVIDED",,"STRAIGHT AND LEVEL","UNKNOWN","NO DEFECTS","NOT ON SCENE (DESK REPORT)","NO INJURY / DRIVE AWAY",,,,"$501 - $1,500","2026-02-20T10:45:00.000","IMPROPER LANE USAGE","NOT APPLICABLE","4729","W","ARMITAGE AVE","2533",,,,,,,"2","NO INDICATION OF INJURY","0","0","0","0","0","1","0","9","1","2","41.9168370932","-87.7448631223","POINT (-87.744863122323 41.916837093205)"
"9ab34b467b0fe89b19cda77cf27430aaaab0f33b9b73af3b9f86f8fa03d245790967f15db217282f2b5d13b66a7a4ad0352b8cac4eab7703e2f611ce631d46cc",,"2026-02-15T09:25:00.000","30","NO CONTROLS","NO CONTROLS","CLEAR","DAYLIGHT","TURNING","NOT DIVIDED",,"STRAIGHT AND LEVEL","DRY","NO DEFECTS","NOT ON SCENE (DESK REPORT)","NO INJURY / DRIVE AWAY",,,,"OVER $1,500","2026-02-15T10:10:00.000","FAILING TO YIELD RIGHT-OF-WAY","NOT APPLICABLE","1641","W","ARMITAGE AVE","1433",,,,,,,"2","NO INDICATION OF INJURY","0","0","0","0","0","2","0","9","1","2","41.9178090324","-87.6690340624","POINT (-87.669034062438 41.91780903244)"
"1546b544886442d297f67e61c6467f8787bd780d18240a4f0d7861c73bf4d5661b686c7e7f9a2e9f89a87de45bdfacae0b6be19f34eafceecf56a218f619834e",,"2026-02-15T09:20:00.000","30","TRAFFIC SIGNAL","FUNCTIONING PROPERLY","CLEAR","DAYLIGHT","SIDESWIPE SAME DIRECTION","DIVIDED - W/MEDIAN (NOT RAISED)",,"STRAIGHT AND LEVEL","UNKNOWN","UNKNOWN","ON SCENE","NO INJURY / DRIVE AWAY","Y",,"Y","OVER $1,500","2026-02-15T23:25:00.000","IMPROPER OVERTAKING/PASSING","UNABLE TO DETERMINE","1603","S","PULASKI RD","1014",,,,,,,"2","NO INDICATION OF INJURY","0","0","0","0","0","2","0","9","1","2","41.8587226474","-87.7248045737","POINT (-87.724804573657 41.858722647382)"
"dc89f8a4d47d2e73df880fec8bc29087839421c81be00d905dae02314cc55d61b3a4fed320d6f3183358a613652311a940fcea72e01704ba32209af5cf6f1462",,"2026-02-15T09:20:00.000","25","TRAFFIC SIGNAL","FUNCTIONING PROPERLY","CLEAR","DAYLIGHT","ANGLE","T-INTERSECTION",,"STRAIGHT AND LEVEL","DRY","NO DEFECTS","ON SCENE","INJURY AND / OR TOW DUE TO CRASH","Y",,,"OVER $1,500","2026-02-15T09:20:00.000","DISREGARDING TRAFFIC SIGNALS","UNABLE TO DETERMINE","5","S","SPRINGFIELD AVE","1122",,,,,,,"2","NO INDICATION OF INJURY","0","0","0","0","0","2","0","9","1","2","41.8805810311","-87.7230797139","POINT (-87.723079713937 41.880581031068)"
"8bf456149532d24762a5476143a1c61b50d61eaef91a1c53f777d7580ca505bf3d02f440c16bc89b22f38c8cd8df8b8269a58866ced8548e7a529399983114c1",,"2026-02-15T09:10:00.000","30","NO CONTROLS","NO CONTROLS","CLEAR","DAYLIGHT","REAR END","NOT DIVIDED",,"STRAIGHT AND LEVEL","DRY","NO DEFECTS","NOT ON SCENE (DESK REPORT)","NO INJURY / DRIVE AWAY",,,,"OVER $1,500","2026-02-15T09:12:00.000","UNABLE TO DETERMINE","UNABLE TO DETERMINE","10900","S","VINCENNES AVE","2212",,,,,,,"2","NO INDICATION OF INJURY","0","0","0","0","0","2","0","9","1","2","41.6957728094","-87.6609361851","POINT (-87.660936185053 41.695772809448)"
"a6d16f6c6df7cec1cbc4e6a9070d253bc98294f031ff7fa7e940033a56386fa9f2a897ffc22ebeed9540b97152d15468ba8444b502336c063813906124c85653",,"2026-02-15T09:00:00.000","35","TRAFFIC SIGNAL","FUNCTIONING PROPERLY","CLEAR","DAYLIGHT","ANGLE","DIVIDED - W/MEDIAN (NOT RAISED)",,"STRAIGHT AND LEVEL","DRY","NO DEFECTS","NOT ON SCENE (DESK REPORT)","INJURY AND / OR TOW DUE TO CRASH",,,,"OVER $1,500","2026-02-15T09:00:00.000","UNABLE TO DETERMINE","UNABLE TO DETERMINE","1513","W","111TH ST","2234",,,,,,,"2","NO INDICATION OF INJURY","0","0","0","0","0","2","0","9","1","2","41.6920214129","-87.660839777","POINT (-87.660839776968 41.692021412874)"
"aa483d5094e11ad2dbc356c4033a0d1e29f34ed47a78329da9024fb5db7dc1705225b9545820cc88bdccdf85f14a61f643b6996ae3e820b4731607a624bfd775",,"2026-02-15T09:00:00.000","30","UNKNOWN","UNKNOWN","CLEAR","DAYLIGHT","REAR END","DIVIDED - W/MEDIAN BARRIER",,"STRAIGHT AND LEVEL","UNKNOWN","UNKNOWN","ON SCENE","NO INJURY / DRIVE AWAY",,,,"OVER $1,500","2026-02-15T09:01:00.000","UNABLE TO DETERMINE","UNABLE TO DETERMINE","9450","S","STONY ISLAND AVE","413",,,,,,,"2","NO INDICATION OF INJURY","0","0","0","0","0","2","0","9","1","2","41.7225941565","-87.5852911401","POINT (-87.585291140083 41.722594156536)"
"b770ff195b278d03c88bc8d8c57b5f40b8ca6c773b0372d544710d2336b819b96d117fa18fbc6eccd0c435451aaf3ee0af2b23d49e02747f9a6f264f2b4aca6c",,"2026-02-15T09:00:00.000","20","NO CONTROLS","NO CONTROLS","CLEAR","DAYLIGHT","PARKED MOTOR VEHICLE","DIVIDED - W/MEDIAN (NOT RAISED)",,"STRAIGHT AND LEVEL","DRY","NO DEFECTS","NOT ON SCENE (DESK REPORT)","NO INJURY / DRIVE AWAY",,,"Y","OVER $1,500","2026-02-15T09:40:00.000","UNABLE TO DETERMINE","NOT APPLICABLE","3910","S","PRINCETON AVE","925",,,,,,,"2","NO INDICATION OF INJURY","0","0","0","0","0","1","0","9","1","2","41.8232536399","-87.6333746107","POINT (-87.633374610712 41.823253639907)"
"2e73f7154e5f2874a451938b01259739c26a10faf403cbaecbfd85ef08529351c2932fb0c1dc56f32ee296f1125e4860403caa63797029f8c5c7e31ce1ba982c",,"2026-02-15T08:58:00.000","25","NO CONTROLS","NO CONTROLS","CLEAR","DAYLIGHT","ANGLE","ONE-WAY",,"STRAIGHT AND LEVEL","UNKNOWN","UNKNOWN","NOT ON SCENE (DESK REPORT)","NO INJURY / DRIVE AWAY",,,,"OVER $1,500","2026-02-15T09:15:00.000","UNABLE TO DETERMINE","NOT APPLICABLE","6414","N","ROCKWELL ST","2412",,,,,,,"2","NO INDICATION OF INJURY","0","0","0","0","0","2","0","8","1","2","41.9981293315","-87.6949292537","POINT (-87.694929253699 41.998129331453)"
"ffcf0e7d86df4382d0b1b407e084e0b863b445b7d2843f66a936c0de0563cae4d45722a9e94a32dd7059830261d260145ec8982b5aaa81c1e201006682c1fdad",,"2026-02-15T08:46:00.000","30","TRAFFIC SIGNAL","FUNCTIONING PROPERLY","CLEAR","DAYLIGHT","PEDESTRIAN","NOT DIVIDED",,"STRAIGHT AND LEVEL","DRY","NO DEFECTS","ON SCENE","INJURY AND / OR TOW DUE TO CRASH",,,"Y","$500 OR LESS","2026-02-15T08:47:00.000","FAILING TO YIELD RIGHT-OF-WAY","NOT APPLICABLE","3360","W","MONTROSE AVE","1724",,,,,,,"3","NONINCAPACITATING INJURY","2","0","0","2","0","1","0","8","1","2","41.9612396706","-87.713076618","POINT (-87.713076617995 41.961239670648)"
"78a641d073268a65e953bb656b6254d2225f4ac3d48713803e874b73a16d42784285c82824192a28d8ce70845d318c146c72c100a9c99956d95bb62ca8638e68",,"2026-02-15T08:30:00.000","20","NO CONTROLS","NO CONTROLS","CLEAR","DAYLIGHT","PARKED MOTOR VEHICLE","ONE-WAY",,"STRAIGHT AND LEVEL","DRY","NO DEFECTS","NOT ON SCENE (DESK REPORT)","NO INJURY / DRIVE AWAY",,,"Y","OVER $1,500","2026-02-20T10:00:00.000","UNABLE TO DETERMINE","UNABLE TO DETERMINE","5143","S","SPAULDING AVE","822",,,,,,,"2","NO INDICATION OF INJURY","0","0","0","0","0","1","0","8","1","2","41.7995091171","-87.7060311954","POINT (-87.706031195411 41.79950911709)"
"ffe71c45513fd5005211ab873547d59ff0b1220a5b9366025bdca15655e0b97c48ba76be6900eeece1fd9f7bb060a7e191d60c60e7d44a037013d3ee5f76cc89",,"2026-02-15T08:30:00.000","30","NO CONTROLS","NO CONTROLS","CLEAR","DAYLIGHT","FIXED OBJECT","NOT DIVIDED",,"STRAIGHT AND LEVEL","DRY","NO DEFECTS","ON SCENE","INJURY AND / OR TOW DUE TO CRASH",,,,"OVER $1,500","2026-02-15T08:34:00.000","DRIVING SKILLS/KNOWLEDGE/EXPERIENCE","DRIVING SKILLS/KNOWLEDGE/EXPERIENCE","6550","W","GRAND AVE","2512",,,,,,,"1","NONINCAPACITATING INJURY","1","0","0","1","0","0","0","8","1","2","41.9237174929","-87.7884469473","POINT (-87.788446947253 41.923717492899)"
"68a930279e5ed05a13c6cfe734e7891a5537c25de20f6f686166c493f76a4c81ce10498f847762d590e80b26d785eaedaa8f8ec69f29e85b5b4f66a3c2a49a48",,"2026-02-15T08:28:00.000","30","OTHER WARNING SIGN","NO CONTROLS","CLEAR","DAYLIGHT","PEDESTRIAN","OTHER",,"STRAIGHT AND LEVEL","DRY","NO DEFECTS","ON SCENE","INJURY AND / OR TOW DUE TO CRASH",,"Y",,"$500 OR LESS","2026-02-15T08:29:00.000","DRIVING SKILLS/KNOWLEDGE/EXPERIENCE","DISREGARDING OTHER TRAFFIC SIGNS","6336","S","ASHLAND AVE","725",,,,,,,"2","NONINCAPACITATING INJURY","1","0","0","1","0","1","0","8","1","2","41.778360976","-87.6643368634","POINT (-87.664336863428 41.778360976038)"
"75a4f0b23a779fa55864ee98df508ee64efbe9d350c6dbad921da3178bff377f717cc3f85d8f22758dcac766eb268240c284ea9e6f290bb3277dbeab2ee562b1",,"2026-02-15T08:25:00.000","30","NO CONTROLS","NO CONTROLS","CLEAR","UNKNOWN","PARKED MOTOR VEHICLE","ONE-WAY",,"STRAIGHT AND LEVEL","DRY","NO DEFECTS","NOT ON SCENE (DESK REPORT)","NO INJURY / DRIVE AWAY",,,"Y","OVER $1,500","2026-02-15T09:00:00.000","UNABLE TO DETERMINE","UNABLE TO DETERMINE","3102","W","62ND ST","823",,,,,,,"2","NO INDICATION OF INJURY","0","0","0","0","0","1","0","8","1","2","41.7809328655","-87.7009075154","POINT (-87.700907515375 41.780932865529)"
"240ed99c30dbdbb9c1fa699b6d221a2a3f0d7c5b5b4f5d34b5f0368df1c115689a87d03448e97de52f18bd8f13e023fc96b8af069653c61407a8fccb5c1d5d96","N","2026-02-15T08:00:00.000","35","NO CONTROLS","NO CONTROLS","CLEAR","DAYLIGHT","PARKED MOTOR VEHICLE","DIVIDED - W/MEDIAN (NOT RAISED)",,"STRAIGHT AND LEVEL","DRY","NO DEFECTS","NOT ON SCENE (DESK REPORT)","NO INJURY / DRIVE AWAY",,,"Y","OVER $1,500","2026-02-15T11:30:00.000","UNABLE TO DETERMINE","NOT APPLICABLE","6133","N","KIMBALL AVE","1711",,,,,,,"2","NO INDICATION OF INJURY","0","0","0","0","0","1","0","8","1","2","41.9930100125","-87.7139221765","POINT (-87.713922176502 41.993010012519)"
"900f168080e56662a9502d042012d194b4437d68471d1688ef7586eaca56e9d672fd4d594f656c6550b408261ca26c332d4cd77f172b6fe81fbba51265b3296a",,"2026-02-15T07:47:00.000","30","UNKNOWN","UNKNOWN","UNKNOWN","UNKNOWN","SIDESWIPE SAME DIRECTION","FOUR WAY",,"STRAIGHT AND LEVEL","UNKNOWN","UNKNOWN","ON SCENE","INJURY AND / OR TOW DUE TO CRASH",,,,"$501 - $1,500","2026-02-15T07:56:00.000","UNABLE TO DETERMINE","UNABLE TO DETERMINE","3","W","75TH ST","623",,,,,,,"2","NO INDICATION OF INJURY","0","0","0","0","0","3","0","7","1","2","41.7580709775","-87.6248656053","POINT (-87.624865605345 41.758070977489)"
"07890759ce997069a01509f9907de76414f96b582a49d146d49167d2474916dfdfc5e7c02ae0c29b5b0dd301cafdf04392f6c4c906192b784657cd84afbcf67c",,"2026-02-15T07:00:00.000","20","NO CONTROLS","UNKNOWN","CLEAR","DAYLIGHT","PARKED MOTOR VEHICLE","ONE-WAY",,"STRAIGHT AND LEVEL","DRY","NO DEFECTS","ON SCENE","INJURY AND / OR TOW DUE TO CRASH",,,"Y","OVER $1,500","2026-02-15T07:02:00.000","UNABLE TO DETERMINE","UNABLE TO DETERMINE","10738","S","GREEN BAY AVE","432",,,,,,,"2","NO INDICATION OF INJURY","0","0","0","0","0","1","0","7","1","2","41.6997921812","-87.5414890015","POINT (-87.541489001487 41.699792181159)"
"21575966da63de7fcdcf1249dbef4083354e09a0939a50dcf511588cd12595ff0e5ab608c77262db8c1c9440935a885505635bd84c23d22cc43b1d3cd326a920",,"2026-02-15T07:00:00.000","10","NO CONTROLS","NO CONTROLS","CLEAR","DARKNESS, LIGHTED ROAD","PARKED MOTOR VEHICLE","NOT DIVIDED",,"STRAIGHT AND LEVEL","DRY","UNKNOWN","NOT ON SCENE (DESK REPORT)","NO INJURY / DRIVE AWAY",,,"Y","OVER $1,500","2026-02-15T08:15:00.000","UNABLE TO DETERMINE","UNABLE TO DETERMINE","2320","E","93RD ST","413",,,,,,,"2","NO INDICATION OF INJURY","0","0","0","0","0","1","0","7","1","2","41.7263292314","-87.5672709082","POINT (-87.567270908236 41.726329231443)"
"3835ed97fcd3a6d13a60ae2a763892c4699787c2645093a34547d9969826677bc3f4174fbc7bced15e62221567e5a5578ead47d73686020cc2524c70e5da715b",,"2026-02-15T07:00:00.000","10","NO CONTROLS","NO CONTROLS","CLEAR","DAYLIGHT","FIXED OBJECT","DRIVEWAY",,"CURVE, LEVEL","DRY","NO DEFECTS","ON SCENE","NO INJURY / DRIVE AWAY",,"Y",,"OVER $1,500","2026-02-15T07:30:00.000","OBSTRUCTED CROSSWALKS","NOT APPLICABLE","2121","S","PRAIRIE AVE","132",,,,,,,"1","NO INDICATION OF INJURY","0","0","0","0","0","2","0","7","1","2","41.853650885","-87.6205335811","POINT (-87.620533581142 41.853650885041)"
"cdc66a05ca5a96f746618371a2f4ea155a0e568a66c730ae28b2753e29214b4697c180742c82841c142544e93725c05b34d1ba892b34f14ce28a10eb93c2ecf2",,"2026-02-15T06:55:00.000","30","NO CONTROLS","NO CONTROLS","CLEAR","DAYLIGHT","PARKED MOTOR VEHICLE","DIVIDED - W/MEDIAN (NOT RAISED)",,"STRAIGHT AND LEVEL","DRY","NO DEFECTS","ON SCENE","INJURY AND / OR TOW DUE TO CRASH",,,,"OVER $1,500","2026-02-15T07:12:00.000","DRIVING SKILLS/KNOWLEDGE/EXPERIENCE","FAILING TO REDUCE SPEED TO AVOID CRASH","6412","S","ASHLAND AVE","725",,,,,,,"2","NONINCAPACITATING INJURY","3","0","0","3","0","2","0","6","1","2","41.7772225121","-87.6643050126","POINT (-87.664305012635 41.777222512099)"
"c43f9e1e2eaaf7c85dcf722c2ecb7ac5cf1f684a47cb9baab37a79504e34e598d0acab72b576710c9d1426cd9800a36e03700dfe714668e1edbbd67d42f4d19c",,"2026-02-15T06:28:00.000","30","NO CONTROLS","NO CONTROLS","CLEAR","DAWN","REAR END","NOT DIVIDED",,"STRAIGHT AND LEVEL","DRY","NO DEFECTS","ON SCENE","INJURY AND / OR TOW DUE TO CRASH",,,"Y","OVER $1,500","2026-02-15T06:35:00.000","FOLLOWING TOO CLOSELY","HAD BEEN DRINKING (USE WHEN ARREST IS NOT MADE)","1003","N","PULASKI RD","1112",,"N",,,,,"3","REPORTED, NOT EVIDENT","2","0","0","0","2","2","0","6","1","2","41.8991711227","-87.7260503093","POINT (-87.726050309263 41.899171122713)"
"ab75c22b13c547560e9d9fcac962fc2e9349b9b61397db37ba6ec0e4fa384b4e4672f6b639633bbce2b1a6e05d3f427e10613d629b385f0b200a50b8f7af6c57",,"2026-02-15T06:13:00.000","30","NO CONTROLS","NO CONTROLS","CLEAR","DARKNESS, LIGHTED ROAD","OVERTURNED","NOT DIVIDED",,"STRAIGHT AND LEVEL","DRY","NO DEFECTS","ON SCENE","INJURY AND / OR TOW DUE TO CRASH",,,"Y","OVER $1,500","2026-02-15T06:13:00.000","UNABLE TO DETERMINE","UNABLE TO DETERMINE","646","E","87TH ST","632",,,,,,,"2","NONINCAPACITATING INJURY","1","0","0","1","0","1","0","6","1","2","41.7367171683","-87.6078082627","POINT (-87.607808262687 41.736717168271)"
"6ec42bd7180bef7648e666c5537c9437ffe4f421c3deba4c34faf8428ef7cc83ba297cd7300a3a9674039bb9b38f88e3585bfbedfa240dc119c01f6e716610d8",,"2026-02-15T05:34:00.000","20","NO CONTROLS","UNKNOWN","CLEAR","DARKNESS, LIGHTED ROAD","PARKED MOTOR VEHICLE","ONE-WAY",,"STRAIGHT AND LEVEL","WET","NO DEFECTS","ON SCENE","INJURY AND / OR TOW DUE TO CRASH",,,,"OVER $1,500","2026-02-15T05:35:00.000","UNABLE TO DETERMINE","NOT APPLICABLE","2305","W","WAVELAND AVE","1921",,,,,,,"4","NO INDICATION OF INJURY","0","0","0","0","0","3","0","5","1","2","41.9484778021","-87.6861081011","POINT (-87.686108101086 41.948477802119)"
"2ec697b205de886ac4415b4bd5829e31f940af6c0e5c1f79451bd4e553671a464196db3376d332231fce64d06f5e798c942b2146d927a1124464db53566aeb17",,"2026-02-15T05:25:00.000","30","TRAFFIC SIGNAL","FUNCTIONING PROPERLY","CLEAR","DARKNESS, LIGHTED ROAD","ANGLE","FOUR WAY",,"STRAIGHT AND LEVEL","DRY","NO DEFECTS","ON SCENE","INJURY AND / OR TOW DUE TO CRASH","Y",,,"OVER $1,500","2026-02-15T05:26:00.000","UNABLE TO DETERMINE","NOT APPLICABLE","40","W","75TH ST","731",,,,,,,"2","NO INDICATION OF INJURY","0","0","0","0","0","3","0","5","1","2","41.7582709337","-87.6263468883","POINT (-87.626346888348 41.758270933651)"
"32413915083f8c9b17e6efdd1a70f91864933c1b82a1535fb4b9d97897fa8e802ecfbd34899dc3604bd27811c8c93bcf342d548d2d863a97266ae0bcc5caf50d",,"2026-02-15T05:15:00.000","40","UNKNOWN","UNKNOWN","UNKNOWN","UNKNOWN","SIDESWIPE SAME DIRECTION","DIVIDED - W/MEDIAN BARRIER",,"STRAIGHT AND LEVEL","UNKNOWN","UNKNOWN",,"NO INJURY / DRIVE AWAY",,,,"OVER $1,500","2026-02-15T07:10:00.000","UNABLE TO DETERMINE","UNABLE TO DETERMINE","750","N","LAKE SHORE DR SB","1833",,,,,,,"2","NO INDICATION OF INJURY","0","0","0","0","0","2","0","5","1","2","41.8963773697","-87.6167331004","POINT (-87.616733100447 41.896377369722)"
"be59a2eed04db1b377b9e7921723f37bfea94915437174d2db4011d5a6611aeec430cee5d283fdfe0309f2c29e1d0eb2771c635a28465eee0ecf7b3149f047bb",,"2026-02-15T05:15:00.000","30","NO CONTROLS","NO CONTROLS","CLEAR","DARKNESS, LIGHTED ROAD","PARKED MOTOR VEHICLE","NOT DIVIDED",,"STRAIGHT AND LEVEL","DRY","NO DEFECTS","ON SCENE","INJURY AND / OR TOW DUE TO CRASH",,,,"OVER $1,500","2026-02-15T05:15:00.000","UNABLE TO DETERMINE","UNABLE TO DETERMINE","4030","S","ROCKWELL ST","921",,,,,,,"4","NO INDICATION OF INJURY","0","0","0","0","0","1","0","5","1","2","41.8201798536","-87.6898056551","POINT (-87.689805655133 41.820179853602)"
"321ad24027a2206426e4fab87c877cb4b778461e0ed66f757ee726478fb8e8a22298544da4c10f46e79898fe7dd4987859ce763efa18c8a0b3c2dd8e66e6940e",,"2026-02-15T05:04:00.000","30","NO CONTROLS","NO CONTROLS","CLEAR","DARKNESS","FIXED OBJECT","ONE-WAY",,"STRAIGHT AND LEVEL","DRY","NO DEFECTS","ON SCENE","INJURY AND / OR TOW DUE TO CRASH",,,,"OVER $1,500","2026-02-15T05:13:00.000","IMPROPER OVERTAKING/PASSING","UNABLE TO DETERMINE","950","W","HOLLYWOOD AVE","2022",,,,,,,"1","NONINCAPACITATING INJURY","1","0","0","1","0","1","0","5","1","2","41.9856676398","-87.6551786742","POINT (-87.655178674228 41.985667639799)"
"57cd26f85c65ac6388faca3f5dc26526ec142c6ce4160d648da559ad255a9e2daa7184fb6e6fca7b7febcd4eca9b8dd270f20c444d72a315369b9dbde9a28aa7",,"2026-02-15T05:00:00.000","30","NO CONTROLS","NO CONTROLS","CLEAR","DARKNESS, LIGHTED ROAD","SIDESWIPE OPPOSITE DIRECTION","NOT DIVIDED",,"STRAIGHT AND LEVEL","UNKNOWN","UNKNOWN","NOT ON SCENE (DESK REPORT)","NO INJURY / DRIVE AWAY",,,"Y","OVER $1,500","2026-02-15T13:00:00.000","DRIVING SKILLS/KNOWLEDGE/EXPERIENCE","NOT APPLICABLE","2808","W","55TH ST","923",,,,,,,"2","NO INDICATION OF INJURY","0","0","0","0","0","2","0","5","1","2","41.7937931437","-87.6942283353","POINT (-87.694228335294 41.7937931437)"
"ad4063437a603cb5d6b79099811c0e7c10d320e347c0d85aec24f98d332b4a584b23cc7cf77b60ff5e3f3eb100b15a5df5d407f10fff9931416268f9d5367332",,"2026-02-15T05:00:00.000","30","TRAFFIC SIGNAL","FUNCTIONING PROPERLY","CLEAR","DARKNESS, LIGHTED ROAD","REAR END","T-INTERSECTION",,"STRAIGHT AND LEVEL","DRY","NO DEFECTS","NOT ON SCENE (DESK REPORT)","NO INJURY / DRIVE AWAY","Y",,"N","OVER $1,500","2026-02-15T06:00:00.000","UNABLE TO DETERMINE","UNABLE TO DETERMINE","151","W","79TH ST","623",,,,,,,"2","NO INDICATION OF INJURY","0","0","0","0","0","2","0","5","1","2","41.750762338","-87.6290749446","POINT (-87.62907494456 41.750762337959)"
"9b76c82a74d73bcbf5da789eec49df30eebc29aeb09668fe515bbaa4755e86bee71d5876224a15612bf253a65cb6ac17a0795a6dad137b78aa8506561c2af555",,"2026-02-15T04:55:00.000","30","NO CONTROLS","NO CONTROLS","CLEAR","DARKNESS, LIGHTED ROAD","PARKED MOTOR VEHICLE","NOT DIVIDED",,"STRAIGHT AND LEVEL","DRY","NO DEFECTS","NOT ON SCENE (DESK REPORT)","NO INJURY / DRIVE AWAY",,,,"OVER $1,500","2026-02-15T07:00:00.000","IMPROPER BACKING","NOT APPLICABLE","660","N","STATE ST","1832",,,,,,,"2","NO INDICATION OF INJURY","0","0","0","0","0","2","0","4","1","2","41.8941832248","-87.6282858071","POINT (-87.62828580708 41.894183224825)"
"fb5e67cbcd79bd1411b8b15adc536500f4857466c239d78648b412cde18b2b9d6bb28d82a05c2134268db52dd17ea7cdb89b1b27a9e5288ac0263ee4e480c182",,"2026-02-15T04:55:00.000","30","TRAFFIC SIGNAL","FUNCTIONING PROPERLY","CLEAR","DARKNESS, LIGHTED ROAD","TURNING","NOT REPORTED",,"STRAIGHT AND LEVEL","DRY","NO DEFECTS","ON SCENE","INJURY AND / OR TOW DUE TO CRASH","Y",,"Y","OVER $1,500","2026-02-15T05:05:00.000","IMPROPER LANE USAGE","UNABLE TO DETERMINE","2100","W","VAN BUREN ST","1225",,,,,,,"2","NONINCAPACITATING INJURY","1","0","0","1","0","1","0","4","1","2","41.8762964772","-87.679076648","POINT (-87.67907664801 41.876296477242)"
"37ddc7e70c4b5fddfe522bcba8fd055f8d48f9ce1bf21c826f4ca683d940a4fc69995578dc6f429b3ecc14260dcf2fecbc65af127f8dc85cdfe4d4e0b8f397aa",,"2026-02-15T04:42:00.000","30","STOP SIGN/FLASHER","FUNCTIONING PROPERLY","CLEAR","DARKNESS, LIGHTED ROAD","TURNING","NOT DIVIDED",,"STRAIGHT AND LEVEL","DRY","NO DEFECTS","ON SCENE","INJURY AND / OR TOW DUE TO CRASH","Y",,,"OVER $1,500","2026-02-15T04:47:00.000","UNDER THE INFLUENCE OF ALCOHOL/DRUGS (USE WHEN ARREST IS EFFECTED)","UNDER THE INFLUENCE OF ALCOHOL/DRUGS (USE WHEN ARREST IS EFFECTED)","1433","W","18TH ST","1233",,,,,,,"2","REPORTED, NOT EVIDENT","1","0","0","0","1","3","0","4","1","2","41.8577451427","-87.6626232024","POINT (-87.662623202371 41.857745142657)"
"7d14f2a91b2fca9bd1766db53fa8bfa58766dbc6854dc40dee6c27e0ff2867387e1913869e4789570cfa876fe84912bb498e32dc671e659eae83573523adf5a2",,"2026-02-15T04:33:00.000","30","STOP SIGN/FLASHER","FUNCTIONING PROPERLY","CLEAR","DARKNESS, LIGHTED ROAD","FIXED OBJECT","ONE-WAY",,"STRAIGHT AND LEVEL","DRY","NO DEFECTS","ON SCENE","INJURY AND / OR TOW DUE TO CRASH",,"Y",,"OVER $1,500","2026-02-15T04:33:00.000","UNABLE TO DETERMINE","UNABLE TO DETERMINE","4900","W","FULTON ST","1532",,,,,,,"1","NO INDICATION OF INJURY","0","0","0","0","0","1","0","4","1","2","41.8858177124","-87.7479815158","POINT (-87.747981515764 41.885817712353)"
"297a9723b60738edc9e151ee39dfb10c0c41327d60ba2bebf84d6b8eead0dea3afdf557ae430a2731444c68fe39756ebd90b26078b2096c22fc6ecd1926b287b",,"2026-02-15T04:15:00.000","30","NO CONTROLS","NO CONTROLS","CLEAR","DARKNESS, LIGHTED ROAD","PARKED MOTOR VEHICLE","NOT DIVIDED",,"STRAIGHT AND LEVEL","DRY","NO DEFECTS","ON SCENE","INJURY AND / OR TOW DUE TO CRASH",,,"Y","OVER $1,500","2026-02-15T04:16:00.000","OPERATING VEHICLE IN ERRATIC, RECKLESS, CARELESS, NEGLIGENT OR AGGRESSIVE MANNER","UNABLE TO DETERMINE","2239","W","35TH ST","912",,,,,,,"3","NO INDICATION OF INJURY","0","0","0","0","0","1","0","4","1","2","41.8302070207","-87.681693073","POINT (-87.681693072952 41.830207020732)"