"crash_record_id","crash_date_est_i","crash_date","posted_speed_limit","traffic_control_device","device_condition","weather_condition","lighting_condition","first_crash_type","trafficway_type","lane_cnt","alignment","roadway_surface_cond","road_defect","report_type","crash_type","intersection_related_i","private_property_i","hit_and_run_i","damage","date_police_notified","prim_contributory_cause","sec_contributory_cause","street_no","street_direction","street_name","beat_of_occurrence","photos_taken_i","statements_taken_i","dooring_i","work_zone_i","work_zone_type","workers_present_i","num_units","most_severe_injury","injuries_total","injuries_fatal","injuries_incapacitating","injuries_non_incapacitating","injuries_reported_not_evident","injuries_no_indication","injuries_unknown","crash_hour","crash_day_of_week","crash_month","latitude","longitude","location"
"a35ce0a0af3ebe44231a85d8c73848e41aa50f55e4e98053b98e37904666f6d9db95fe52f2321f8b1a7e155efc7445090d300f4d8ae65e468a97b3de11003a15",,"2026-02-15T04:15:00.000","30","NO CONTROLS","NO CONTROLS","CLEAR","DARKNESS","OTHER OBJECT","NOT DIVIDED",,"STRAIGHT AND LEVEL","DRY","NO DEFECTS",,"INJURY AND / OR TOW DUE TO CRASH",,,"N","OVER $1,500","2026-02-15T04:20:00.000","NOT APPLICABLE","NOT APPLICABLE","4931","N","CICERO AVE","1712",,,,,,,"1","NO INDICATION OF INJURY","0","0","0","0","0","1","0","4","1","2","41.9708116678","-87.747743612","POINT (-87.747743611987 41.970811667796)"
"4886d0687f7269464873093cc04e097c9f4c6449fa96330255b07aed0a613f85729c0c0b948b0c7b36db67cbe9b45f3f9651536f88975c70339642946d41d980",,"2026-02-15T04:00:00.000","30","UNKNOWN","UNKNOWN","UNKNOWN","DARKNESS, LIGHTED ROAD","PARKED MOTOR VEHICLE","UNKNOWN",,"STRAIGHT AND LEVEL","DRY","UNKNOWN","ON SCENE","NO INJURY / DRIVE AWAY",,,"Y","$501 - $1,500","2026-02-15T11:20:00.000","UNABLE TO DETERMINE","NOT APPLICABLE","501","W","MADISON ST","121",,,,,,,"2","NO INDICATION OF INJURY","0","0","0","0","0","1","0","4","1","2","41.8817748172","-87.6397616534","POINT (-87.639761653384 41.881774817164)"
"f695c5350ce031e2072a0b1b6c96a307ec263b17a39e7c9e2186d8083fd1979cf65daf016b33cd455de0c6fcce8eada8ff493e78343db786e0b0ee11539669ca","Y","2026-02-15T04:00:00.000","30","NO CONTROLS","NOT FUNCTIONING","CLEAR","DARKNESS, LIGHTED ROAD","PARKED MOTOR VEHICLE","T-INTERSECTION",,"STRAIGHT AND LEVEL","UNKNOWN","UNKNOWN","ON SCENE","INJURY AND / OR TOW DUE TO CRASH","Y",,,"OVER $1,500","2026-02-15T07:10:00.000","UNABLE TO DETERMINE","NOT APPLICABLE","3901","W","LE MOYNE ST","2535",,,,,,,"3","NONINCAPACITATING INJURY","1","0","0","1","0","0","0","4","1","2","41.9079868268","-87.7240926219","POINT (-87.724092621867 41.90798682682)"
"ed197360ffd86cfad2886f2273c1caa80542fdcdc289e65dcb5e9dfea941076df4a14df4d102b30530ffa9fb008c7b6d7ee0ed09a7ebc88da48ba7c5b0178444",,"2026-02-15T03:45:00.000","30","TRAFFIC SIGNAL","FUNCTIONING PROPERLY","CLEAR","DARKNESS, LIGHTED ROAD","TURNING","FOUR WAY",,"STRAIGHT AND LEVEL","DRY","NO DEFECTS","NOT ON SCENE (DESK REPORT)","NO INJURY / DRIVE AWAY","Y",,"Y","OVER $1,500","2026-02-15T04:40:00.000","IMPROPER OVERTAKING/PASSING","FAILING TO REDUCE SPEED TO AVOID CRASH","1400","N","LA SALLE DR","1821",,,,,,,"2","NO INDICATION OF INJURY","0","0","0","0","0","2","0","3","1","2","41.9077733432","-87.6331949479","POINT (-87.633194947891 41.907773343231)"
"06f752eac5a5a63a7393d92dc5d98d39837fb50ed42e4a365050a87cfeb319c5be7503db98a0b7766a7dd2eed1786b666efad19f55eb83be4d7ade9b45e6be82",,"2026-02-15T03:36:00.000","30","STOP SIGN/FLASHER","FUNCTIONING PROPERLY","CLEAR","DARKNESS, LIGHTED ROAD","ANGLE","FOUR WAY",,"STRAIGHT AND LEVEL","DRY","NO DEFECTS","ON SCENE","INJURY AND / OR TOW DUE TO CRASH","Y",,,"OVER $1,500","2026-02-15T03:36:00.000","FAILING TO YIELD RIGHT-OF-WAY","FAILING TO YIELD RIGHT-OF-WAY","3525","W","BELMONT AVE","1412",,,,,,,"2","NO INDICATION OF INJURY","0","0","0","0","0","3","0","3","1","2","41.9391228255","-87.7160478698","POINT (-87.716047869825 41.939122825523)"
"3bcce583cb95ce2c26a50d88a26d2d9f41c698582133429bb29ef0c0993d69c48b10448149212ed8fde9ff6ac9a40eac9d8ff67f71e791ffebce35fc78912035","N","2026-02-15T03:30:00.000","30","TRAFFIC SIGNAL","UNKNOWN","CLEAR","DARKNESS, LIGHTED ROAD","ANGLE","DIVIDED - W/MEDIAN (NOT RAISED)",,"STRAIGHT AND LEVEL","DRY","UNKNOWN","ON SCENE","INJURY AND / OR TOW DUE TO CRASH","Y",,,"OVER $1,500","2026-02-15T03:40:00.000","UNABLE TO DETERMINE","UNABLE TO DETERMINE","2056","N","NARRAGANSETT AVE","2512",,,,,,,"3","NO INDICATION OF INJURY","0","0","0","0","0","4","0","3","1","2","41.9180956358","-87.7854221962","POINT (-87.785422196153 41.918095635782)"
"0eb6d53fe0b20f2b21fbf03742d747a6f0abea1bc092985a93d551bf1f99c620effe36f88532f38685719d2e27217af8a35dfa18285fb207b47b152b571fb2c6",,"2026-02-15T03:24:00.000","30","STOP SIGN/FLASHER","FUNCTIONING PROPERLY","CLEAR","DARKNESS, LIGHTED ROAD","ANGLE","FOUR WAY",,"STRAIGHT AND LEVEL","DRY","NO DEFECTS","ON SCENE","NO INJURY / DRIVE AWAY","Y",,,"$501 - $1,500","2026-02-15T03:26:00.000","FAILING TO YIELD RIGHT-OF-WAY","VISION OBSCURED (SIGNS, TREE LIMBS, BUILDINGS, ETC.)","959","N","KEYSTONE AVE","1111",,,,,,,"2","NO INDICATION OF INJURY","0","0","0","0","0","3","0","3","1","2","41.898911312","-87.7272729921","POINT (-87.72727299213 41.898911312004)"
"d6b5f387926dce01afc805b8dd0355613748feb912bae84c8028606072f77379e8f7c578b91787affe33f319ac26c2532f4d54200f898b7b93abf29334f4b39c",,"2026-02-15T03:12:00.000","35","TRAFFIC SIGNAL","FUNCTIONING PROPERLY","CLEAR","DARKNESS, LIGHTED ROAD","SIDESWIPE SAME DIRECTION","T-INTERSECTION",,"STRAIGHT AND LEVEL","DRY","NO DEFECTS",,"NO INJURY / DRIVE AWAY","Y",,,"OVER $1,500","2026-02-15T04:25:00.000","UNABLE TO DETERMINE","NOT APPLICABLE","810","N","LAKE SHORE DR NB","1833",,,,,,,"2","NO INDICATION OF INJURY","0","0","0","0","0","2","0","3","1","2","41.8970821202","-87.6172177897","POINT (-87.617217789677 41.897082120229)"
"6d5270fdad07869636745d7a965ac0b0b168b660bbb3a5c0cfc19fd479e5d4817ffe9871255f699ed8090d0754a93e9487a4d7e20909ed709c713f7e26472b17",,"2026-02-15T03:02:00.000","30","TRAFFIC SIGNAL","FUNCTIONING PROPERLY","UNKNOWN","DARKNESS, LIGHTED ROAD","TURNING","ONE-WAY",,"STRAIGHT AND LEVEL","UNKNOWN","NO DEFECTS","NOT ON SCENE (DESK REPORT)","NO INJURY / DRIVE AWAY","Y",,"Y","OVER $1,500","2026-02-18T02:45:00.000","IMPROPER TURNING/NO SIGNAL","IMPROPER LANE USAGE","299","S","WELLS ST","122",,,,,,,"2","NO INDICATION OF INJURY","0","0","0","0","0","2","0","3","1","2","41.8781512513","-87.6335831187","POINT (-87.633583118736 41.878151251296)"
"2cef0b08b357b44c9660e27855ab826ac1dc0fb40b6d3d0711fdf09af287d6f78f600a9f7a732b6d3d4ddffcec922c0adf1cc77c98e05969e5d26a1ba293dff1",,"2026-02-15T03:00:00.000","30","NO CONTROLS","NO CONTROLS","CLEAR","DARKNESS, LIGHTED ROAD","PARKED MOTOR VEHICLE","NOT DIVIDED",,"STRAIGHT AND LEVEL","DRY","NO DEFECTS","ON SCENE","INJURY AND / OR TOW DUE TO CRASH",,,,"OVER $1,500","2026-02-15T03:05:00.000","UNABLE TO DETERMINE","UNABLE TO DETERMINE","4211","W","59TH ST","813",,,,,,,"2","NONINCAPACITATING INJURY","1","0","0","1","0","5","0","3","1","2","41.7857705638","-87.7283688698","POINT (-87.728368869833 41.78577056378)"
"69386f09eab9749c346c611a47396d3163b87bf56617570c1d097a783e1937e3eed68f56cfa1a6c70e3cee10853dc51ec274024b816ea785d6a445c432790710",,"2026-02-15T03:00:00.000","30","TRAFFIC SIGNAL","FUNCTIONING PROPERLY","CLEAR","DARKNESS, LIGHTED ROAD","REAR END","NOT DIVIDED",,"STRAIGHT AND LEVEL","DRY","NO DEFECTS","NOT ON SCENE (DESK REPORT)","NO INJURY / DRIVE AWAY",,,,"OVER $1,500","2026-02-15T05:37:00.000","FAILING TO REDUCE SPEED TO AVOID CRASH","NOT APPLICABLE","1520","W","NORTH AVE","1433",,,,,,,"2","NO INDICATION OF INJURY","0","0","0","0","0","2","0","3","1","2","41.9107619487","-87.6661209959","POINT (-87.666120995872 41.910761948707)"
"811a51c83c080c917f0a3fb51bbcfcab7adc07dae648c319144b154593373adfdb22f635e6d77ed2c501abc6d62698df485c7b74d05c791d0f7ca8f18e879b18",,"2026-02-15T02:30:00.000","30","TRAFFIC SIGNAL","FUNCTIONING PROPERLY","CLEAR","DARKNESS, LIGHTED ROAD","ANGLE","FOUR WAY",,"STRAIGHT AND LEVEL","DRY","NO DEFECTS","ON SCENE","INJURY AND / OR TOW DUE TO CRASH","Y",,,"OVER $1,500","2026-02-15T02:35:00.000","DISREGARDING TRAFFIC SIGNALS","UNABLE TO DETERMINE","230","W","GARFIELD BLVD","935",,,,,,,"2","NONINCAPACITATING INJURY","2","0","0","2","0","0","0","2","1","2","41.7946426686","-87.6317718697","POINT (-87.631771869692 41.794642668627)"
"8aed976c67f0ba55a5b5249a1c6fe0ccd5643d212d50b7e00fb4d0a3671004e3ace79659f3338a96dbed0e62192f9c4a21e241fbb42d9905ea202fcb7023aefc",,"2026-02-15T02:30:00.000","25","STOP SIGN/FLASHER","FUNCTIONING PROPERLY","CLEAR","DARKNESS, LIGHTED ROAD","SIDESWIPE OPPOSITE DIRECTION","ONE-WAY",,"STRAIGHT AND LEVEL","DRY","NO DEFECTS","ON SCENE","NO INJURY / DRIVE AWAY","Y",,,"$501 - $1,500","2026-02-15T03:36:00.000","IMPROPER BACKING","IMPROPER BACKING","6554","S","ELLIS AVE","321",,,,,,,"2","NO INDICATION OF INJURY","0","0","0","0","0","2","0","2","1","2","41.7752138608","-87.6010913568","POINT (-87.601091356757 41.775213860773)"
"5e2198f3af8e2d53aed58cf5ed9a6dd1cff67bfd13f99f25c5ea49606c1a997dc7dfe4fcd917f40bf0732e5f9ce41347ba3fb8ef7c91d2ea37c4e3408d3678de",,"2026-02-15T02:17:00.000","30","NO CONTROLS","NO CONTROLS","CLEAR","DARKNESS, LIGHTED ROAD","FIXED OBJECT","ONE-WAY",,"STRAIGHT AND LEVEL","DRY","NO DEFECTS","ON SCENE","INJURY AND / OR TOW DUE TO CRASH",,"Y",,"OVER $1,500","2026-02-15T02:23:00.000","FAILING TO REDUCE SPEED TO AVOID CRASH","UNABLE TO DETERMINE","434","S","JEFFERSON ST","121","Y","Y",,,,,"2","FATAL","2","2","0","0","0","0","0","2","1","2","41.8758476264","-87.6426171771","POINT (-87.642617177084 41.875847626366)"
"c156c32ec1f496a51aafca05b00f30b6a307eda7d521bdcca95275477fb6a4a1b2113729fc32e418509d78cbb843d2af1318960db4d1b1c6a24c0f9069fb599c","Y","2026-02-15T02:15:00.000","15","NO CONTROLS","NO CONTROLS","CLEAR","DARKNESS, LIGHTED ROAD","PARKED MOTOR VEHICLE","NOT DIVIDED",,"STRAIGHT AND LEVEL","DRY","NO DEFECTS","ON SCENE","INJURY AND / OR TOW DUE TO CRASH",,,"Y","OVER $1,500","2026-02-15T02:37:00.000","UNABLE TO DETERMINE","NOT APPLICABLE","2457","N","LONG AVE","2515",,,,,,,"3","NO INDICATION OF INJURY","0","0","0","0","0","1","0","2","1","2","41.9257295228","-87.7609800986","POINT (-87.760980098612 41.925729522757)"
"dc75eec6f0022cdf5bc72324b01ac68ee6be7af44feb8fd61175f3322f29de3f85b692d69cd50e44d29aeabddc0926447dcba65091821dc6f873e62115a8f169",,"2026-02-15T02:05:00.000","30","UNKNOWN","UNKNOWN","CLEAR","DARKNESS, LIGHTED ROAD","PARKED MOTOR VEHICLE","FOUR WAY",,"STRAIGHT AND LEVEL","DRY","UNKNOWN","ON SCENE","NO INJURY / DRIVE AWAY",,,,"$501 - $1,500","2026-02-15T02:06:00.000","IMPROPER BACKING","IMPROPER BACKING","2459","S","WESTERN AVE","1034",,,,,,,"2","NO INDICATION OF INJURY","0","0","0","0","0","2","0","2","1","2","41.8466322861","-87.6853441021","POINT (-87.685344102121 41.846632286073)"
"1f53d7c3136926a3b6672e0653eb98587be65ab436d103fd6cf7dc04b74656a071a8bf5a0124c35f2619492dbf9af06b63ea8db4ce200b51d1902edf2ff25bcb",,"2026-02-15T02:00:00.000","25","NO CONTROLS","NO CONTROLS","CLEAR","DARKNESS, LIGHTED ROAD","PARKED MOTOR VEHICLE","ONE-WAY",,"STRAIGHT AND LEVEL","DRY","NO DEFECTS","NOT ON SCENE (DESK REPORT)","NO INJURY / DRIVE AWAY",,,"Y","OVER $1,500","2026-02-15T13:00:00.000","UNABLE TO DETERMINE","NOT APPLICABLE","6156","S","ALBANY AVE","823",,,,,,,"2","NO INDICATION OF INJURY","0","0","0","0","0","1","0","2","1","2","41.7809717134","-87.700902288","POINT (-87.700902287962 41.780971713403)"
"c6c1d8a0aac8e09d82f5ead252b6ea5b54fb71ca352b7487299c29a191efde3b9e65a5fedec5245bd3da4ac5bfef90b21b484289e4cfe7b0bccf5f3b86cd5e2d",,"2026-02-15T02:00:00.000","20","NO CONTROLS","NO CONTROLS","CLEAR","DARKNESS, LIGHTED ROAD","PEDESTRIAN","NOT DIVIDED",,"STRAIGHT AND LEVEL","DRY","UNKNOWN","ON SCENE","INJURY AND / OR TOW DUE TO CRASH",,,"Y","OVER $1,500","2026-02-15T02:43:00.000","UNABLE TO DETERMINE","FAILING TO YIELD RIGHT-OF-WAY","2357","N","MILWAUKEE AVE","1414",,,,,,,"3","INCAPACITATING INJURY","1","0","1","0","0","1","0","2","1","2","41.9241503056","-87.6991508827","POINT (-87.699150882692 41.924150305628)"
"ff9928a8f246f37f8640486f11e6256542b7b3a4a989bc15d80fe2c1f2c563ecd841ea55dda249caff98740d7f1c53b59541c3d2dfc062cc886e315303419972",,"2026-02-15T01:30:00.000","30","TRAFFIC SIGNAL","FUNCTIONING PROPERLY","CLEAR","DARKNESS, LIGHTED ROAD","ANGLE","FOUR WAY",,"STRAIGHT AND LEVEL","DRY","NO DEFECTS","ON SCENE","INJURY AND / OR TOW DUE TO CRASH","Y",,,"OVER $1,500","2026-02-15T01:35:00.000","DISREGARDING TRAFFIC SIGNALS","DISREGARDING TRAFFIC SIGNALS","44","E","RANDOLPH ST","111",,,,,,,"2","NONINCAPACITATING INJURY","1","0","0","1","0","1","0","1","1","2","41.8846054533","-87.6263319329","POINT (-87.62633193293 41.884605453348)"
"96d12812118decfa678577cf40ce641bba4f6bb33fa233f4eb8cab9c7758da4c02f19aa92aa8d51a5be797b941d496cf7350131df0585cd3e21d6855a4b9eb3c",,"2026-02-15T01:10:00.000","30","UNKNOWN","UNKNOWN","CLEAR","DARKNESS, LIGHTED ROAD","REAR END","NOT DIVIDED",,"STRAIGHT AND LEVEL","DRY","UNKNOWN","NOT ON SCENE (DESK REPORT)","NO INJURY / DRIVE AWAY",,,"Y","OVER $1,500","2026-02-15T01:40:00.000","UNABLE TO DETERMINE","UNABLE TO DETERMINE","800","W","47TH ST","925",,,,,,,"2","NO INDICATION OF INJURY","0","0","0","0","0","3","0","1","1","2","41.8089769906","-87.6456566889","POINT (-87.645656688873 41.808976990618)"
"6f3def9bae894fb7a9b825749627d3bf9c5856de990717c533ea9dd5657ae03f376901723e3a98f8f0e6dcf3dcc4efc0ab91d8762e38674e5fe80bfd94682c26","Y","2026-02-15T01:00:00.000","20","NO CONTROLS","NO CONTROLS","CLEAR","DARKNESS, LIGHTED ROAD","PARKED MOTOR VEHICLE","NOT DIVIDED",,"STRAIGHT AND LEVEL","DRY","NO DEFECTS","NOT ON SCENE (DESK REPORT)","NO INJURY / DRIVE AWAY",,,"Y","OVER $1,500","2026-02-15T12:52:00.000","UNABLE TO DETERMINE","UNABLE TO DETERMINE","705","N","RIDGEWAY AVE","1112",,,,,,,"2","NO INDICATION OF INJURY","0","0","0","0","0","1","0","1","1","2","41.8937996396","-87.7197771458","POINT (-87.71977714576 41.893799639608)"
"4b9878fda89eb1cc87d5f72346a55cda268e91ade0328c3f27e4eac8172c58f0b1e226edf27619d928b57e38181356e84b32f99750910d6a89600887e07bc7b7",,"2026-02-15T00:45:00.000","30","TRAFFIC SIGNAL","FUNCTIONING PROPERLY","CLEAR","DARKNESS, LIGHTED ROAD","ANGLE","FOUR WAY",,"STRAIGHT AND LEVEL","DRY","NO DEFECTS",,"INJURY AND / OR TOW DUE TO CRASH","Y",,"Y","OVER $1,500","2026-02-15T00:53:00.000","OPERATING VEHICLE IN ERRATIC, RECKLESS, CARELESS, NEGLIGENT OR AGGRESSIVE MANNER","UNABLE TO DETERMINE","501","W","103RD ST","2232",,,,,,,"2","NO INDICATION OF INJURY","0","0","0","0","0","3","0","0","1","2","41.7069004951","-87.6356146878","POINT (-87.635614687782 41.706900495059)"
"b5d0d439362e7e81ce7a071578c64e03bd8a9cadf494c6d371804b02994393d472d4210e7cc14055f00107149d2c87e35acac9d1a3bb120f66d112a91abf2b00",,"2026-02-15T00:45:00.000","30","TRAFFIC SIGNAL","FUNCTIONING PROPERLY","CLEAR","DARKNESS","ANGLE","FOUR WAY",,"STRAIGHT AND LEVEL","DRY","NO DEFECTS","NOT ON SCENE (DESK REPORT)","NO INJURY / DRIVE AWAY","Y",,,"OVER $1,500","2026-02-17T13:15:00.000","FAILING TO YIELD RIGHT-OF-WAY","DRIVING SKILLS/KNOWLEDGE/EXPERIENCE","4247","W","MADISON ST","1115",,,,,,,"2","NO INDICATION OF INJURY","0","0","0","0","0","2","0","0","1","2","41.8805359968","-87.7324435489","POINT (-87.732443548856 41.880535996805)"
"58e00f0716104cd921e9cfdc458646f93a669311e551399e0bfe79a7a18306774c39907f0fc359ede30a9a04d175418199cc06308a0b144f49bb4fc3c716f040",,"2026-02-15T00:40:00.000","30","NO CONTROLS","NO CONTROLS","CLEAR","DARKNESS, LIGHTED ROAD","TURNING","NOT DIVIDED",,"STRAIGHT AND LEVEL","DRY","NO DEFECTS","ON SCENE","INJURY AND / OR TOW DUE TO CRASH",,,,"OVER $1,500","2026-02-15T00:41:00.000","IMPROPER OVERTAKING/PASSING","NOT APPLICABLE","6601","S","DAMEN AVE","726",,,,,,,"2","NO INDICATION OF INJURY","0","0","0","0","0","3","0","0","1","2","41.7738026089","-87.6736079447","POINT (-87.673607944734 41.773802608935)"
"7c6f34dde342cac056e004338b369d9a3ef533303fc210a2f5b8679fb29b8c55393fe4cc6f2bea5e9ec7f4bca9bc601b98c3a37bb04bce310e11125735fefe24",,"2026-02-15T00:40:00.000","30","TRAFFIC SIGNAL","FUNCTIONING PROPERLY","CLEAR","DARKNESS, LIGHTED ROAD","HEAD ON","DIVIDED - W/MEDIAN (NOT RAISED)",,"STRAIGHT AND LEVEL","DRY","NO DEFECTS","ON SCENE","NO INJURY / DRIVE AWAY",,,,"OVER $1,500","2026-02-15T00:45:00.000","IMPROPER LANE USAGE","NOT APPLICABLE","9899","S","HALSTED ST","2232",,,,,,,"2","NO INDICATION OF INJURY","0","0","0","0","0","2","0","0","1","2","41.714233123","-87.6428569799","POINT (-87.642856979931 41.714233122961)"
"c840c54076af48708d4ff0be51bfe1af840acbd34467f7f238d0aca7cda2c6f9d4e274871455037472ee9a2b60739501682c69a0dfc368e6e4410c19796ce359",,"2026-02-15T00:37:00.000","30","TRAFFIC SIGNAL","FUNCTIONING PROPERLY","CLEAR","DARKNESS, LIGHTED ROAD","REAR END","NOT DIVIDED",,"STRAIGHT AND LEVEL","DRY","NO DEFECTS","ON SCENE","INJURY AND / OR TOW DUE TO CRASH",,,"Y","OVER $1,500","2026-02-15T01:21:00.000","FAILING TO REDUCE SPEED TO AVOID CRASH","UNABLE TO DETERMINE","6100","S","WESTERN AVE","825",,,,,,,"2","NO INDICATION OF INJURY","0","0","0","0","0","2","0","0","1","2","41.7828162034","-87.6838859946","POINT (-87.683885994582 41.782816203429)"
"bceabb516f2a27b2eb60f17298ff6b3073e8c3e0202c08cf3c4ddc8a222a2cf203eb493e26cfdc85f7e78e32028368d4d43e45673abc6764ea426b5822fe120c",,"2026-02-15T00:33:00.000","30","STOP SIGN/FLASHER","FUNCTIONING PROPERLY","CLEAR","DARKNESS, LIGHTED ROAD","TURNING","FOUR WAY",,"STRAIGHT AND LEVEL","DRY","NO DEFECTS","ON SCENE","NO INJURY / DRIVE AWAY",,,,"OVER $1,500","2026-02-15T00:33:00.000","DISREGARDING STOP SIGN","FAILING TO YIELD RIGHT-OF-WAY","302","N","CARPENTER ST","1214",,,,,,,"2","NO INDICATION OF INJURY","0","0","0","0","0","3","0","0","1","2","41.8868380152","-87.6534887072","POINT (-87.653488707205 41.886838015197)"
"7320f5a728ebb01bb6d6ba59a1378154691d2a48396f8ada30b26cd481d7fc5366f78e944398ac65c860dbbffabc732046526d29594dae094918a41355df5314",,"2026-02-15T00:30:00.000","30","NO CONTROLS","NO CONTROLS","CLEAR","UNKNOWN","PARKED MOTOR VEHICLE","NOT DIVIDED",,"STRAIGHT AND LEVEL","UNKNOWN","NO DEFECTS","NOT ON SCENE (DESK REPORT)","NO INJURY / DRIVE AWAY",,,"Y","OVER $1,500","2026-02-16T11:52:00.000","UNABLE TO DETERMINE","NOT APPLICABLE","10011","S","STATE ST","511",,,,,,,"2","NO INDICATION OF INJURY","0","0","0","0","0","1","0","0","1","2","41.7122405106","-87.6234769008","POINT (-87.623476900813 41.712240510646)"
"96339b0cdc98a9d6d9ecae593915069226a30f92e77b76088c9331f269885fc02beec9766d6a7374ed32318a0a442a2b481ccf75b2f17afbe6387b64cb5114ea",,"2026-02-15T00:10:00.000","30","NO CONTROLS","NO CONTROLS","CLEAR","DARKNESS, LIGHTED ROAD","PARKED MOTOR VEHICLE","NOT DIVIDED",,"STRAIGHT AND LEVEL","DRY","UNKNOWN","NOT ON SCENE (DESK REPORT)","NO INJURY / DRIVE AWAY",,,"Y","OVER $1,500","2026-02-15T01:10:00.000","UNABLE TO DETERMINE","NOT APPLICABLE","2","E","58TH ST","232",,,,,,,"2","NO INDICATION OF INJURY","0","0","0","0","0","1","0","0","1","2","41.7892986631","-87.6254847957","POINT (-87.62548479572 41.789298663127)"
"d8855c5ef2526b1fa5030076156582de19152d9baf649599824422d0a4270b63e3f33e017795b8a8218586adb7a16f824b8297671f0aa92add6a0bfe44eb0705",,"2026-02-15T00:00:00.000","15","NO CONTROLS","NO CONTROLS","CLEAR","DARKNESS, LIGHTED ROAD","PARKED MOTOR VEHICLE","NOT DIVIDED",,"STRAIGHT AND LEVEL","DRY","UNKNOWN","ON SCENE","NO INJURY / DRIVE AWAY",,,"Y","OVER $1,500","2026-02-15T11:14:00.000","UNABLE TO DETERMINE","UNABLE TO DETERMINE","1012","N","OAKLEY BLVD","1212",,"Y",,,,,"2","NO INDICATION OF INJURY","0","0","0","0","0","1","0","0","1","2","41.8998736834","-87.6846434346","POINT (-87.684643434557 41.899873683415)"
"f25e4eeae0160525b24fa4e4adc282cf24213a813de3dfeaa591e5632257227718b3c0b0270612f7fa51ad35f81aa664aa1d0baf6cae7724bf02e9289625a036",,"2026-02-15T00:00:00.000","30","NO CONTROLS","NO CONTROLS","UNKNOWN","UNKNOWN","PARKED MOTOR VEHICLE","DIVIDED - W/MEDIAN (NOT RAISED)",,"STRAIGHT AND LEVEL","UNKNOWN","UNKNOWN","ON SCENE","INJURY AND / OR TOW DUE TO CRASH",,,"Y","OVER $1,500","2026-02-15T09:39:00.000","UNABLE TO DETERMINE","UNABLE TO DETERMINE","2817","N","OAK PARK AVE","2511",,,,,,,"3","NO INDICATION OF INJURY","0","0","0","0","0","1","0","0","1","2","41.9314294267","-87.7953362721","POINT (-87.795336272143 41.931429426738)"
"fbcba043cd2226a596e4c30908af68f6aefe3ac9a2836fcbb2ead635e62b59f35f5af2dbf27c01f210f462428bada369e7c3bf8063f72eef28ef6028d849f45a",,"2026-02-15T00:00:00.000","30","NO CONTROLS","NO CONTROLS","CLEAR","DARKNESS","PARKED MOTOR VEHICLE","NOT DIVIDED",,"STRAIGHT AND LEVEL","DRY","NO DEFECTS","ON SCENE","NO INJURY / DRIVE AWAY",,,"Y","OVER $1,500","2026-02-15T11:49:00.000","UNABLE TO DETERMINE","NOT APPLICABLE","1626","E","83RD PL","412",,,,,,,"2","NO INDICATION OF INJURY","0","0","0","0","0","1","0","0","1","2","41.7434215591","-87.5842438549","POINT (-87.584243854883 41.743421559141)"
"d60c1d0c7e5357a860bdc382e4082c125f4602002a0a3501333a5995add59340b7b460f02c65dc21620ec00c44b8f4f22e9a351c05d9fcd5de0af99622af54c5",,"2026-02-14T23:59:00.000","30","NO CONTROLS","NO CONTROLS","CLEAR","DARKNESS, LIGHTED ROAD","PARKED MOTOR VEHICLE","ONE-WAY",,"STRAIGHT AND LEVEL","DRY","NO DEFECTS","NOT ON SCENE (DESK REPORT)","NO INJURY / DRIVE AWAY",,,"Y","OVER $1,500","2026-02-16T11:44:00.000","UNABLE TO DETERMINE","NOT APPLICABLE","1475","N","WICKER PARK AVE","1424",,,,,,,"2","NO INDICATION OF INJURY","0","0","0","0","0","1","0","23","7","2","41.9082060867","-87.6760116713","POINT (-87.676011671324 41.908206086686)"
"66bc11afacced1715abbc6b6f19b0be81c44c0305abb03afc9c5fc726cfaac32f399e3af35c6529b08bf8fa963e050e823d03c76ce033936bed5ff74431f2630",,"2026-02-14T23:58:00.000","30","NO CONTROLS","NO CONTROLS","CLEAR","DARKNESS, LIGHTED ROAD","TURNING","UNKNOWN INTERSECTION TYPE",,"STRAIGHT AND LEVEL","DRY","NO DEFECTS","ON SCENE","INJURY AND / OR TOW DUE TO CRASH",,,"Y","OVER $1,500","2026-02-15T02:01:00.000","FAILING TO YIELD RIGHT-OF-WAY","DISREGARDING STOP SIGN","9500","S","HARVARD AVE","511",,,,,,,"2","NONINCAPACITATING INJURY","1","0","0","1","0","2","0","23","7","2","41.7215139829","-87.6324771657","POINT (-87.63247716571 41.721513982931)"
"49318cfea1389ea044f4bb3bfba16bbe32f2ea7e5ca2775973d9ab244b240a16eae6b2b04c1181bfa58243461013f7810a1d7bd6d978b8f9d80589feec538df9",,"2026-02-14T23:55:00.000","30","NO CONTROLS","NO CONTROLS","CLEAR","DARKNESS, LIGHTED ROAD","FIXED OBJECT","DIVIDED - W/MEDIAN BARRIER",,"STRAIGHT AND LEVEL","DRY","NO DEFECTS","ON SCENE","INJURY AND / OR TOW DUE TO CRASH",,,,"OVER $1,500","2026-02-15T00:08:00.000","UNABLE TO DETERMINE","UNABLE TO DETERMINE","4103","S","CICERO AVE","815",,,,,,,"1","NO INDICATION OF INJURY","0","0","0","0","0","1","0","23","7","2","41.8181430574","-87.7433163153","POINT (-87.743316315335 41.818143057441)"