"crash_record_id","crash_date_est_i","crash_date","posted_speed_limit","traffic_control_device","device_condition","weather_condition","lighting_condition","first_crash_type","trafficway_type","lane_cnt","alignment","roadway_surface_cond","road_defect","report_type","crash_type","intersection_related_i","private_property_i","hit_and_run_i","damage","date_police_notified","prim_contributory_cause","sec_contributory_cause","street_no","street_direction","street_name","beat_of_occurrence","photos_taken_i","statements_taken_i","dooring_i","work_zone_i","work_zone_type","workers_present_i","num_units","most_severe_injury","injuries_total","injuries_fatal","injuries_incapacitating","injuries_non_incapacitating","injuries_reported_not_evident","injuries_no_indication","injuries_unknown","crash_hour","crash_day_of_week","crash_month","latitude","longitude","location"
"f3371598bc82fcf76edb45349ac80835e56cded441b999093fbae6bb58656bc5982a17c231f82d263e21fea63f84ecc8b4b4d1655c44c6842f3c711636161984",,"2026-02-14T23:55:00.000","30","NO CONTROLS","NO CONTROLS","CLEAR","DARKNESS, LIGHTED ROAD","REAR END","NOT DIVIDED",,"STRAIGHT AND LEVEL","DRY","NO DEFECTS","ON SCENE","INJURY AND / OR TOW DUE TO CRASH",,,"Y","OVER $1,500","2026-02-15T00:13:00.000","UNABLE TO DETERMINE","NOT APPLICABLE","2230","N","CICERO AVE","2522",,,,,,,"2","REPORTED, NOT EVIDENT","1","0","0","0","1","1","0","23","7","2","41.9215263073","-87.746380192","POINT (-87.746380192037 41.921526307339)"
"b3baa6cf299e313b95a4665144ffd460a69ee0e5bf7178aec8a7a25755bf75563455ad2fe3264e7622bcfc6a23368a6fb38de9b57f7d8b26deae0e6ff4d76b61",,"2026-02-14T23:45:00.000","30","NO CONTROLS","UNKNOWN","CLEAR","DARKNESS, LIGHTED ROAD","REAR END","NOT DIVIDED",,"STRAIGHT AND LEVEL","DRY","UNKNOWN","ON SCENE","INJURY AND / OR TOW DUE TO CRASH",,,,"OVER $1,500","2026-02-14T23:49:00.000","FOLLOWING TOO CLOSELY","NOT APPLICABLE","5849","N","NAGLE AVE","1622",,,,,,,"2","NO INDICATION OF INJURY","0","0","0","0","0","6","0","23","7","2","41.987485121","-87.7875021278","POINT (-87.787502127814 41.987485121017)"
"ffc8d9a68af1f26e514e40fc2f9a4a46b56f435e50e1ed1c3cfa0cf1e6236974ab03c3bd1042702aeb4ee235b82078a26da4f42dffca21412fbed233cb3148e5","Y","2026-02-14T23:45:00.000","30","UNKNOWN","UNKNOWN","UNKNOWN","UNKNOWN","TURNING","NOT DIVIDED",,"STRAIGHT AND LEVEL","UNKNOWN","UNKNOWN","NOT ON SCENE (DESK REPORT)","NO INJURY / DRIVE AWAY",,,"Y","OVER $1,500","2026-02-16T13:20:00.000","UNABLE TO DETERMINE","NOT APPLICABLE","541","W","BELMONT AVE","1934",,,,,,,"2","NO INDICATION OF INJURY","0","0","0","0","0","3","0","23","7","2","41.9399505514","-87.6435601571","POINT (-87.643560157103 41.939950551377)"
"6b0a89731e89bc9ff2039b288bf48668033780bd9b98081814b2a01a8d43d650df07a20a0006b550be75f477a48b78c827d1e8a9337b69d2ed9afefcc3a069b1",,"2026-02-14T23:44:00.000","30","NO CONTROLS","NO CONTROLS","CLEAR","DARKNESS, LIGHTED ROAD","PARKED MOTOR VEHICLE","ONE-WAY",,"STRAIGHT AND LEVEL","DRY","NO DEFECTS","ON SCENE","NO INJURY / DRIVE AWAY",,,"Y","OVER $1,500","2026-02-14T23:44:00.000","NOT APPLICABLE","NOT APPLICABLE","3537","S","MARSHFIELD AVE","912",,,,,,,"2","NO INDICATION OF INJURY","0","0","0","0","0","1","0","23","7","2","41.8293779327","-87.6665605367","POINT (-87.666560536659 41.829377932668)"
"95142ece7c9e6388ed16583a707417711e913fa31c4fc89657c0e4f86b254cc8c57c5fefd265486e77a0c8748f7f1d8dfd1aa7516b484a05cdff99a7baba4448",,"2026-02-14T23:33:00.000","15","NO CONTROLS","NO CONTROLS","CLEAR","DARKNESS, LIGHTED ROAD","REAR TO SIDE","PARKING LOT",,"STRAIGHT AND LEVEL","DRY","NO DEFECTS","ON SCENE","NO INJURY / DRIVE AWAY",,,,"$501 - $1,500","2026-02-14T23:44:00.000","UNABLE TO DETERMINE","UNABLE TO DETERMINE","11711","S","AVENUE O","433",,,,,,,"2","NO INDICATION OF INJURY","0","0","0","0","0","2","0","23","7","2","41.6824015357","-87.5399687574","POINT (-87.539968757421 41.682401535711)"
"17d753a8ae7e8d386392b12af7411fa681da07572691bd4e8718a2e2b99004255e3b9017a42ff57e8199406d956accc11616effb6d94dd33acd8069c45a26ec9",,"2026-02-14T23:30:00.000","30","NO CONTROLS","NO CONTROLS","CLEAR","DARKNESS","OTHER OBJECT","NOT DIVIDED",,"STRAIGHT AND LEVEL","DRY","NO DEFECTS","NOT ON SCENE (DESK REPORT)","NO INJURY / DRIVE AWAY",,,"Y","OVER $1,500","2026-02-15T10:01:00.000","UNABLE TO DETERMINE","FAILING TO YIELD RIGHT-OF-WAY","507","W","80TH ST","621","N",,,,,,"2","NO INDICATION OF INJURY","0","0","0","0","0","2","0","23","7","2","41.7488037518","-87.6369898503","POINT (-87.63698985029 41.748803751828)"
"eb1877d24b4a204a3c7099d855a79d5b4fbd30873598d0c18151f956061ac14326527db33c8f8e5c2b3a3cb44b92ceab7be3f16a348cc15855d3854165185280","Y","2026-02-14T23:30:00.000","30","NO CONTROLS","NO CONTROLS","CLEAR","DARKNESS, LIGHTED ROAD","FIXED OBJECT","DIVIDED - W/MEDIAN (NOT RAISED)",,"STRAIGHT AND LEVEL","DRY","NO DEFECTS","ON SCENE","INJURY AND / OR TOW DUE TO CRASH",,,,"OVER $1,500","2026-02-14T23:53:00.000","UNABLE TO DETERMINE","NOT APPLICABLE","3144","N","NARRAGANSETT AVE","2511",,,,,,,"1","NO INDICATION OF INJURY","0","0","0","0","0","1","0","23","7","2","41.9378603023","-87.7860693982","POINT (-87.786069398154 41.93786030231)"
"632bda353659ad76c11b7ab934532a0cd7bce3c87d15fc6be610968ea0c96205d1408a831da028199456644ce9df863c729abc000b2499e421d32fd6994ba428",,"2026-02-14T23:27:00.000","30","NO CONTROLS","NO CONTROLS","CLEAR","DARKNESS, LIGHTED ROAD","REAR END","DIVIDED - W/MEDIAN BARRIER",,"STRAIGHT AND LEVEL","DRY","NO DEFECTS","ON SCENE","NO INJURY / DRIVE AWAY",,,"Y","$500 OR LESS","2026-02-14T23:27:00.000","UNABLE TO DETERMINE","UNABLE TO DETERMINE","1130","S","WESTERN AVE","1135",,,,,,,"2","NO INDICATION OF INJURY","0","0","0","0","0","2","0","23","7","2","41.8675660771","-87.6862097575","POINT (-87.686209757496 41.867566077105)"
"3432c0d8f80f4a88da3c6ffa30fccf38f163a83d3bf8c5bd260cd00d007a6948d359884e63e29355ee73196ab86fdd48348c1cd7270b7f1c63e5733758d771a2",,"2026-02-14T23:00:00.000","30","NO CONTROLS","NO CONTROLS","CLEAR","DARKNESS, LIGHTED ROAD","TURNING","ONE-WAY",,"STRAIGHT AND LEVEL","DRY","NO DEFECTS","ON SCENE","NO INJURY / DRIVE AWAY",,,,"OVER $1,500","2026-02-14T23:13:00.000","IMPROPER TURNING/NO SIGNAL","NOT APPLICABLE","866","N","CLARK ST","1832",,"Y",,,,,"2","NO INDICATION OF INJURY","0","0","0","0","0","2","0","23","7","2","41.8986289084","-87.6314440823","POINT (-87.631444082348 41.898628908415)"
"b861de5d4ceb8e743c3640e14303ecc08613d894c2c1cc1dc663308c6a099d74747019039b1588cbb044b3d7e8d8da63a07353924996649d9619cea7fa70a491",,"2026-02-14T22:56:00.000","25","STOP SIGN/FLASHER","NO CONTROLS","UNKNOWN","DARKNESS","HEAD ON","NOT DIVIDED",,"STRAIGHT AND LEVEL","UNKNOWN","UNKNOWN",,"NO INJURY / DRIVE AWAY",,,"Y","$501 - $1,500","2026-02-15T12:00:00.000","UNABLE TO DETERMINE","NOT APPLICABLE","1000","E","OHIO ST","1834",,,,,,,"2","NO INDICATION OF INJURY","0","0","0","0","0","2","0","22","7","2","41.8934348479","-87.602566439","POINT (-87.602566439037 41.893434847949)"
"806661d03253604cf940056581ce62e2899e3d11f1672e6711248c269738bef54c93f0cf63640abfe6e0d8f349ea921cdfecdb0e1ba5fb2cc4bb96cb91bcd075",,"2026-02-14T22:48:00.000","30","NO CONTROLS","NO CONTROLS","CLEAR","DARKNESS, LIGHTED ROAD","REAR TO FRONT","FOUR WAY",,"STRAIGHT AND LEVEL","DRY","NO DEFECTS","NOT ON SCENE (DESK REPORT)","NO INJURY / DRIVE AWAY",,,"Y","$501 - $1,500","2026-02-14T23:05:00.000","NOT APPLICABLE","NOT APPLICABLE","1111","W","ADDISON ST","1924",,,,,,,"2","NO INDICATION OF INJURY","0","0","0","0","0","6","0","22","7","2","41.9470563734","-87.6579654996","POINT (-87.657965499623 41.947056373374)"
"00d590a5c02189ec806e1202857de865472fa4cdf7733c401f579dce62a0d38d81ccb18189c3fa2f935bae5eee6ea6311314e49c818411e54a71bde87f08a501",,"2026-02-14T22:47:00.000","30","NO CONTROLS","NO CONTROLS","CLEAR","DARKNESS, LIGHTED ROAD","PARKED MOTOR VEHICLE","NOT DIVIDED",,"STRAIGHT AND LEVEL","DRY","NO DEFECTS","ON SCENE","INJURY AND / OR TOW DUE TO CRASH",,,,"OVER $1,500","2026-02-14T23:05:00.000","UNDER THE INFLUENCE OF ALCOHOL/DRUGS (USE WHEN ARREST IS EFFECTED)","NOT APPLICABLE","3119","W","MARQUETTE RD","831",,,,,,,"4","NO INDICATION OF INJURY","0","0","0","0","0","1","0","22","7","2","41.7715888236","-87.7013839944","POINT (-87.70138399439 41.77158882359)"
"e7f5d18cb36fc64d377c93b20ffa850f17fd14b4bb3fe642f3fec9e2ddf50c522f7f83f12fe267901e1edaab492feef293ae113d09583431e2bb1ca9c061676d",,"2026-02-14T22:44:00.000","30","NO CONTROLS","NO CONTROLS","CLEAR","DAWN","SIDESWIPE SAME DIRECTION","DIVIDED - W/MEDIAN (NOT RAISED)",,"STRAIGHT AND LEVEL","DRY","NO DEFECTS","ON SCENE","NO INJURY / DRIVE AWAY",,,"Y","$500 OR LESS","2026-02-14T22:45:00.000","IMPROPER OVERTAKING/PASSING","IMPROPER OVERTAKING/PASSING","2227","S","WENTWORTH AVE","914",,,,,,,"2","NO INDICATION OF INJURY","0","0","0","0","0","2","0","22","7","2","41.8520766696","-87.6318494184","POINT (-87.631849418409 41.852076669646)"
"38fb2694c6e2b1e5f854761dcfa52716b51fba4a007ec6b447eb51814b6b4e65d3a2df866222d90a457919c23afc49325c5f2ee318d63ff8331157a2b1ae5390",,"2026-02-14T22:40:00.000","30","TRAFFIC SIGNAL","FUNCTIONING PROPERLY","CLEAR","DARKNESS, LIGHTED ROAD","TURNING","FOUR WAY",,"STRAIGHT AND LEVEL","DRY","NO DEFECTS","NOT ON SCENE (DESK REPORT)","NO INJURY / DRIVE AWAY","Y",,,"OVER $1,500","2026-02-14T23:45:00.000","IMPROPER LANE USAGE","FAILING TO REDUCE SPEED TO AVOID CRASH","299","E","ROOSEVELT RD","132",,,,,,,"2","NO INDICATION OF INJURY","0","0","0","0","0","4","0","22","7","2","41.867402434","-87.6204276049","POINT (-87.620427604931 41.867402433986)"
"5a2cfaab3c1d640bcc4b8508364187c9fb31e142ee4bd14efd008877dfcd27f13a52a8986c8dd20ae5e1c6371debf587986a5e17150e7043fbde0d74adcdb9d6",,"2026-02-14T22:40:00.000","3","NO CONTROLS","NO CONTROLS","CLEAR","DARKNESS, LIGHTED ROAD","SIDESWIPE SAME DIRECTION","NOT DIVIDED",,"STRAIGHT AND LEVEL","DRY","NO DEFECTS","ON SCENE","NO INJURY / DRIVE AWAY",,,"N","OVER $1,500","2026-02-14T22:45:00.000","IMPROPER OVERTAKING/PASSING","NOT APPLICABLE","1010","E","43RD ST","214",,,,,,,"2","NO INDICATION OF INJURY","0","0","0","0","0","2","0","22","7","2","41.8169862518","-87.6013690811","POINT (-87.601369081097 41.816986251791)"
"a7a7e2b8bb46a1df8c24aff27dafd16c9a9ac49e83eecfb38be7534c0eabecaa4a4a659c5bef71f034685aab22ea1a882faed4ca01d283d697866ae7664b4fbb",,"2026-02-14T22:30:00.000","30","TRAFFIC SIGNAL","FUNCTIONING PROPERLY","CLEAR","DARKNESS, LIGHTED ROAD","SIDESWIPE SAME DIRECTION","DIVIDED - W/MEDIAN (NOT RAISED)",,"STRAIGHT AND LEVEL","DRY","UNKNOWN","NOT ON SCENE (DESK REPORT)","NO INJURY / DRIVE AWAY","N",,"Y","$501 - $1,500","2026-02-14T22:55:00.000","IMPROPER LANE USAGE","IMPROPER LANE USAGE","399","N","LA SALLE DR","1831",,,,,,,"2","NO INDICATION OF INJURY","0","0","0","0","0","2","0","22","7","2","41.8891645913","-87.6323774527","POINT (-87.63237745274 41.889164591335)"
"d945925a34206e678b97f78ad4d46160cac41782cc684cb562f40efb17a3cf99eb1ca6ba4afeac60fb738cf24c6290805404ab718853fcf4fb99e928c4e0856d","Y","2026-02-14T22:30:00.000","25","TRAFFIC SIGNAL","FUNCTIONING PROPERLY","CLEAR","DARKNESS, LIGHTED ROAD","TURNING","DIVIDED - W/MEDIAN (NOT RAISED)",,"STRAIGHT AND LEVEL","DRY","UNKNOWN","NOT ON SCENE (DESK REPORT)","INJURY AND / OR TOW DUE TO CRASH","Y",,,"OVER $1,500","2026-02-14T23:45:00.000","IMPROPER TURNING/NO SIGNAL","UNABLE TO DETERMINE","291","S","COLUMBUS DR","114",,,,,,,"2","NONINCAPACITATING INJURY","1","0","0","1","0","4","0","22","7","2","41.8784057453","-87.6205392894","POINT (-87.620539289382 41.878405745325)"
"2e6fefa488d60e366122bd2a7ff0ed3b81c7c6e417493ababeead282d5b8f7ccc9ce0760a243d22512e4b7114322192cfc0c72a17ca8c9e2e4348646f70f0224",,"2026-02-14T22:15:00.000","30","NO CONTROLS","NO CONTROLS","CLEAR","DARKNESS, LIGHTED ROAD","SIDESWIPE SAME DIRECTION","NOT DIVIDED",,"STRAIGHT AND LEVEL","DRY","NO DEFECTS","ON SCENE","NO INJURY / DRIVE AWAY",,,,"$500 OR LESS","2026-02-14T22:17:00.000","IMPROPER LANE USAGE","UNABLE TO DETERMINE","410","N","LOWER MICHIGAN AVE","1834",,,,,,,"2","NO INDICATION OF INJURY","0","0","0","0","0","2","0","22","7","2","41.88989699","-87.6242903626","POINT (-87.624290362613 41.889896989989)"
"da0d048358553ea72eb4c76ec789db5ee9600ccb656ef68d23687f30ef8aabfcd588265d02e1af6fe878c093e7102746f77eae5d974c07a9d3ea09a687995adc","Y","2026-02-14T22:15:00.000","25","NO CONTROLS","NO CONTROLS","UNKNOWN","DARKNESS, LIGHTED ROAD","PARKED MOTOR VEHICLE","ONE-WAY",,"STRAIGHT AND LEVEL","DRY","NO DEFECTS","ON SCENE","NO INJURY / DRIVE AWAY",,,"Y","OVER $1,500","2026-02-15T08:02:00.000","UNABLE TO DETERMINE","UNABLE TO DETERMINE","2513","S","TRUMBULL AVE","1024",,,,,,,"2","NO INDICATION OF INJURY","0","0","0","0","0","1","0","22","7","2","41.8458244049","-87.7110220732","POINT (-87.711022073187 41.845824404931)"
"dca629db9c74d82152e9abfa95039da1957dac4fe77efde7305699227964b0da0fba9dddb034c27d6dbdc66980f0c4bdb4ad82ecd84d81626a99aad8a992bb5b",,"2026-02-14T22:10:00.000","30","NO CONTROLS","NO CONTROLS","CLEAR","DARKNESS, LIGHTED ROAD","PARKED MOTOR VEHICLE","ONE-WAY",,"STRAIGHT AND LEVEL","DRY","NO DEFECTS","NOT ON SCENE (DESK REPORT)","NO INJURY / DRIVE AWAY",,,"Y","OVER $1,500","2026-02-15T15:15:00.000","UNABLE TO DETERMINE","UNABLE TO DETERMINE","618","E","33RD PL","211",,,,,,,"2","NO INDICATION OF INJURY","0","0","0","0","0","1","0","22","7","2","41.8343694835","-87.6110534891","POINT (-87.611053489057 41.83436948354)"
"d5e9e4c5adce37c6613af0cfd0eb5cbb4ebc26c13a39b1e8f6b8fbc35ce98dad3fe6686bbf9b09f2405a7be5ad30165882e19304dabaeba883eacc05b8833d36",,"2026-02-14T22:05:00.000","30","TRAFFIC SIGNAL","FUNCTIONING PROPERLY","CLEAR","DARKNESS","PEDESTRIAN","DIVIDED - W/MEDIAN (NOT RAISED)",,"STRAIGHT AND LEVEL","DRY","UNKNOWN","ON SCENE","INJURY AND / OR TOW DUE TO CRASH",,,,"OVER $1,500","2026-02-14T22:05:00.000","FAILING TO REDUCE SPEED TO AVOID CRASH","NOT APPLICABLE","7900","S","COTTAGE GROVE AVE","624",,"Y",,,,,"2","INCAPACITATING INJURY","1","0","1","0","0","1","0","22","7","2","41.7511943382","-87.6053673263","POINT (-87.60536732633 41.751194338222)"
"5c19c8e7a24a2db9925d2b7d420fca22adbec64b50e04fc8203659d215d1c29c1f1d52adabed4dfbb3e8a621153283eedf4cff1ef38a9e8a9c5d34f4023a2c3f",,"2026-02-14T22:00:00.000","30","STOP SIGN/FLASHER","FUNCTIONING PROPERLY","CLEAR","DARKNESS, LIGHTED ROAD","ANGLE","FOUR WAY",,"STRAIGHT AND LEVEL","DRY","NO DEFECTS","NOT ON SCENE (DESK REPORT)","NO INJURY / DRIVE AWAY",,,"Y","OVER $1,500","2026-02-15T10:40:00.000","FAILING TO YIELD RIGHT-OF-WAY","DISREGARDING STOP SIGN","624","W","31ST ST","914",,,,,,,"2","NO INDICATION OF INJURY","0","0","0","0","0","2","0","22","7","2","41.8382005193","-87.6424966408","POINT (-87.642496640794 41.838200519287)"
"7ed62d34134318b89ba1c18c2b82a2ea92a745409934407ff6101d438854a8ea057a3bd3a4bde58ff7eba38e72c09376ed05b497b9abf4895107b9d620a86afa","Y","2026-02-14T22:00:00.000","10","NO CONTROLS","NO CONTROLS","UNKNOWN","UNKNOWN","PARKED MOTOR VEHICLE","PARKING LOT",,"STRAIGHT AND LEVEL","UNKNOWN","UNKNOWN","ON SCENE","NO INJURY / DRIVE AWAY",,"Y","Y","OVER $1,500","2026-02-23T15:55:00.000","UNABLE TO DETERMINE","UNABLE TO DETERMINE","5403","S","WABASH AVE","225",,,,,,,"2","NO INDICATION OF INJURY","0","0","0","0","0","1","0","22","7","2","41.7963589941","-87.6239822304","POINT (-87.623982230392 41.796358994053)"
"bb141148659cad6e4acee0178f6c3d9e8f7e1903fb576ba9b984badd0bddacc654c2b880a86eb313c8f601c204a1b5235f06bdf8977568e0192764e783d3bfff",,"2026-02-14T22:00:00.000","25","STOP SIGN/FLASHER","FUNCTIONING PROPERLY","CLEAR","DARKNESS, LIGHTED ROAD","ANGLE","FOUR WAY",,"STRAIGHT AND LEVEL","DRY","UNKNOWN","ON SCENE","NO INJURY / DRIVE AWAY","Y",,"Y","OVER $1,500","2026-02-14T22:15:00.000","DISREGARDING STOP SIGN","FAILING TO YIELD RIGHT-OF-WAY","624","W","31ST ST","914",,,,,,,"2","NO INDICATION OF INJURY","0","0","0","0","0","2","0","22","7","2","41.8382005193","-87.6424966408","POINT (-87.642496640794 41.838200519287)"
"0ca73b868baffc88b26649062f9f98b2ac428dd5da4aa161d2cc9b85953b609a9b9c0e5cb20707dc1bf3d22640abb2ab1dc8be5e1041bce41d8a25357fcc3546",,"2026-02-14T21:58:00.000","30","TRAFFIC SIGNAL","FUNCTIONING PROPERLY","CLEAR","DARKNESS, LIGHTED ROAD","SIDESWIPE SAME DIRECTION","T-INTERSECTION",,"STRAIGHT AND LEVEL","DRY","NO DEFECTS","NOT ON SCENE (DESK REPORT)","NO INJURY / DRIVE AWAY","Y",,,"$501 - $1,500","2026-02-14T23:17:00.000","IMPROPER OVERTAKING/PASSING","NOT APPLICABLE","300","N","LOWER MICHIGAN AVE","111",,,,,,,"2","NO INDICATION OF INJURY","0","0","0","0","0","2","0","21","7","2","41.8868293123","-87.6247198793","POINT (-87.624719879298 41.886829312347)"
"fca6a2d9ee1137244e9bf9e710fefe7d2b16b1d353f69bf52dec201336f2cd09cac23c9298ff0a4bb7062dd93a7ed77ec4f7717fc45b1c3a9bf9668cb1219f9e",,"2026-02-14T21:55:00.000","30","TRAFFIC SIGNAL","FUNCTIONING PROPERLY","CLEAR","DARKNESS, LIGHTED ROAD","SIDESWIPE SAME DIRECTION","ONE-WAY",,"STRAIGHT AND LEVEL","DRY","NO DEFECTS","NOT ON SCENE (DESK REPORT)","NO INJURY / DRIVE AWAY",,,"Y","OVER $1,500","2026-02-19T11:30:00.000","IMPROPER TURNING/NO SIGNAL","NOT APPLICABLE","40","W","RANDOLPH ST","111",,,,,,,"2","NO INDICATION OF INJURY","0","0","0","0","0","2","0","21","7","2","41.8845912742","-87.6293787265","POINT (-87.629378726528 41.884591274157)"
"ca3b1d4b33d04e0dbde9cd58abaa10d16f8f6ab47b8d39f5be65a5f965fa015566cfb1518d257ad247a877298a68cb6a7fc14e096f270511b6f73cf852a7c817",,"2026-02-14T21:34:00.000","30","NO CONTROLS","NO CONTROLS","CLEAR","DARKNESS, LIGHTED ROAD","PARKED MOTOR VEHICLE","NOT DIVIDED",,"STRAIGHT AND LEVEL","UNKNOWN","UNKNOWN","NOT ON SCENE (DESK REPORT)","INJURY AND / OR TOW DUE TO CRASH",,,,"OVER $1,500","2026-02-14T21:34:00.000","UNDER THE INFLUENCE OF ALCOHOL/DRUGS (USE WHEN ARREST IS EFFECTED)","PHYSICAL CONDITION OF DRIVER","2344","S","STATE ST","131",,,,,,,"2","NO INDICATION OF INJURY","0","0","0","0","0","1","0","21","7","2","41.8497267285","-87.6271608724","POINT (-87.627160872437 41.849726728459)"
"253a811534d6784543141683336be96ff52ccc10f7a4d4f548e24105fade4cff1676f299a3ab143e172a18236799d075c0d24e3997f6b7f3bda9da7e96e93aab",,"2026-02-14T21:30:00.000","30","NO CONTROLS","NO CONTROLS","CLEAR","DARKNESS, LIGHTED ROAD","SIDESWIPE SAME DIRECTION","ONE-WAY",,"STRAIGHT AND LEVEL","DRY","NO DEFECTS","NOT ON SCENE (DESK REPORT)","NO INJURY / DRIVE AWAY",,,"Y","OVER $1,500","2026-02-15T17:50:00.000","NOT APPLICABLE","NOT APPLICABLE","11500","S","MARSHFIELD AVE","2234",,,,,,,"2","NO INDICATION OF INJURY","0","0","0","0","0","2","0","21","7","2","41.6847087629","-87.6628557576","POINT (-87.662855757575 41.684708762863)"
"53a828e4836042ab848996424f00fcdef875d089d1f550864973f1f864544dde61bdc2e87f8215fa21435a8088240b664a50f11ebb236af948b61de0549578d8",,"2026-02-14T21:29:00.000","35","TRAFFIC SIGNAL","FUNCTIONING PROPERLY","CLEAR","DARKNESS, LIGHTED ROAD","FIXED OBJECT","DIVIDED - W/MEDIAN BARRIER",,"STRAIGHT AND LEVEL","DRY","NO DEFECTS","ON SCENE","INJURY AND / OR TOW DUE TO CRASH","Y",,"Y","OVER $1,500","2026-02-14T21:29:00.000","FAILING TO REDUCE SPEED TO AVOID CRASH","UNABLE TO DETERMINE","3401","N","CUMBERLAND AVE","1631",,,,,,,"1","NO INDICATION OF INJURY","0","0","0","0","0","1","0","21","7","2","41.9405178603","-87.8360609077","POINT (-87.836060907667 41.940517860343)"
"409fc39305d80cdd31afcbd4d106f905dad8b0232b92a3885c3f187662f4cd1467ea3dbc45c86f097649f4fd364a20762c61b43cb3f52a54be7127edaee68159","Y","2026-02-14T21:25:00.000","30","NO CONTROLS","NO CONTROLS","CLOUDY/OVERCAST","DARKNESS, LIGHTED ROAD","REAR TO SIDE","NOT DIVIDED",,"STRAIGHT AND LEVEL","DRY","NO DEFECTS","NOT ON SCENE (DESK REPORT)","NO INJURY / DRIVE AWAY",,,,"OVER $1,500","2026-02-14T21:35:00.000","IMPROPER BACKING","UNABLE TO DETERMINE","2785","N","CLYBOURN AVE","1931",,,,,,,"2","NO INDICATION OF INJURY","0","0","0","0","0","2","0","21","7","2","41.9319550284","-87.677552088","POINT (-87.677552088007 41.93195502836)"
"d38fc145b688f07f513487fce96816af11255b17dfda67fd0b99736853fac646fbcb808939f0ff3efccf9be58f0aa88a6b1d4708819d911d94e7ab410059b14a",,"2026-02-14T21:20:00.000","30","TRAFFIC SIGNAL","UNKNOWN","CLEAR","DARKNESS, LIGHTED ROAD","TURNING","ONE-WAY",,"STRAIGHT AND LEVEL","DRY","UNKNOWN","NOT ON SCENE (DESK REPORT)","NO INJURY / DRIVE AWAY",,,,"OVER $1,500","2026-02-14T22:15:00.000","UNABLE TO DETERMINE","UNABLE TO DETERMINE","200","W","VAN BUREN ST","122",,,,,,,"2","NO INDICATION OF INJURY","0","0","0","0","0","2","0","21","7","2","41.8769574094","-87.6337728572","POINT (-87.633772857208 41.87695740937)"
"356d162587b2e3670d20b510c5ac26602ee5a262ba6b51d7dccb57bd1692149feb04f6577aafb10f3eeabbcde8b5185fe3c47f86c161d5d4bb56343861963be7",,"2026-02-14T21:19:00.000","30","TRAFFIC SIGNAL","FUNCTIONING PROPERLY","CLEAR","DARKNESS, LIGHTED ROAD","TURNING","NOT DIVIDED",,"STRAIGHT AND LEVEL","DRY","NO DEFECTS",,"INJURY AND / OR TOW DUE TO CRASH",,,,"OVER $1,500","2026-02-14T21:19:00.000","DISREGARDING TRAFFIC SIGNALS","NOT APPLICABLE","2001","W","WASHINGTON BLVD","1223",,,,,,,"2","NONINCAPACITATING INJURY","6","0","0","2","4","2","0","21","7","2","41.8830354342","-87.676809585","POINT (-87.676809585012 41.883035434248)"
"f4ed92ec1cae65a6c59d0025059ae2a63a57127c15e668e961feb1e7f856fe2beb87d574d4d8589e8565dfe7fd4851878fb1eb126bcec6843408b8188effc8a7",,"2026-02-14T21:14:00.000","30","NO CONTROLS","NO CONTROLS","CLEAR","DARKNESS","REAR END","DIVIDED - W/MEDIAN (NOT RAISED)",,"STRAIGHT AND LEVEL","DRY","NO DEFECTS","NOT ON SCENE (DESK REPORT)","NO INJURY / DRIVE AWAY",,,"Y","OVER $1,500","2026-02-15T11:02:00.000","UNABLE TO DETERMINE","UNABLE TO DETERMINE","327","N","LAKE SHORE DR NB","114",,,,,,,"2","NO INDICATION OF INJURY","0","0","0","0","0","2","0","21","7","2","41.8873929071","-87.6137506958","POINT (-87.613750695837 41.887392907107)"
"96c749e8fe8f1dba0b2f73e524aa3894567cea0e68ae38ace249d30523620dbf8b9637e3a7895b46c93cf7bda766e35ef9151b7e4a30e930451554abfa2b0eb7",,"2026-02-14T21:11:00.000","30","NO CONTROLS","NO CONTROLS","CLEAR","DARKNESS, LIGHTED ROAD","SIDESWIPE SAME DIRECTION","ONE-WAY",,"STRAIGHT AND LEVEL","DRY","NO DEFECTS","NOT ON SCENE (DESK REPORT)","NO INJURY / DRIVE AWAY",,,"Y","OVER $1,500","2026-02-14T21:45:00.000","IMPROPER LANE USAGE","DISREGARDING ROAD MARKINGS","119","W","MADISON ST","122",,,,,,,"2","NO INDICATION OF INJURY","0","0","0","0","0","3","0","21","7","2","41.8818623337","-87.6314530762","POINT (-87.631453076208 41.881862333706)"
"23587bcaacfcfcb54477c9809137742c715a91649bae691daae3514abac5379f75f844eba84858f36c8d610ada51f5393761049230509551a69789d80d3e0dfc",,"2026-02-14T21:00:00.000","25","NO CONTROLS","NO CONTROLS","CLEAR","DAYLIGHT","PARKED MOTOR VEHICLE","PARKING LOT",,"STRAIGHT AND LEVEL","DRY","NO DEFECTS","NOT ON SCENE (DESK REPORT)","NO INJURY / DRIVE AWAY",,,,"OVER $1,500","2026-02-16T15:30:00.000","DRIVING SKILLS/KNOWLEDGE/EXPERIENCE","NOT APPLICABLE","1000","S","MICHIGAN AVE","123",,,,,,,"2","NO INDICATION OF INJURY","0","0","0","0","0","1","0","21","7","2","41.8698775917","-87.6242686987","POINT (-87.624268698672 41.86987759175)"