"crash_record_id","crash_date_est_i","crash_date","posted_speed_limit","traffic_control_device","device_condition","weather_condition","lighting_condition","first_crash_type","trafficway_type","lane_cnt","alignment","roadway_surface_cond","road_defect","report_type","crash_type","intersection_related_i","private_property_i","hit_and_run_i","damage","date_police_notified","prim_contributory_cause","sec_contributory_cause","street_no","street_direction","street_name","beat_of_occurrence","photos_taken_i","statements_taken_i","dooring_i","work_zone_i","work_zone_type","workers_present_i","num_units","most_severe_injury","injuries_total","injuries_fatal","injuries_incapacitating","injuries_non_incapacitating","injuries_reported_not_evident","injuries_no_indication","injuries_unknown","crash_hour","crash_day_of_week","crash_month","latitude","longitude","location"
"53e1a7453d3eeffb84b48f5c249f85c3dc6cec41e8299e8d0982668e23a8148e12ab2f8864a2f4d98ab910a25345e618217eb6ceaba19b8064036e3ebb18568e","Y","2026-02-14T21:00:00.000","30","STOP SIGN/FLASHER","FUNCTIONING PROPERLY","CLOUDY/OVERCAST","DARKNESS, LIGHTED ROAD","ANGLE","T-INTERSECTION",,"STRAIGHT AND LEVEL","DRY","NO DEFECTS","NOT ON SCENE (DESK REPORT)","NO INJURY / DRIVE AWAY","Y",,,"OVER $1,500","2026-02-14T21:15:00.000","FAILING TO YIELD RIGHT-OF-WAY","UNABLE TO DETERMINE","2318","N","MILWAUKEE AVE","1414",,,,,,,"2","NO INDICATION OF INJURY","0","0","0","0","0","3","0","21","7","2","41.9231858837","-87.6980361489","POINT (-87.698036148859 41.923185883687)"
"80613ea743c7ffa0935266f552ec9766a3c5c63e8256bfb216d1c8bb7dedb395d8345b0a7e7a15dfc77546c9ec3185b87ea49ab46111bf2e9c2c9f97ee940072",,"2026-02-14T21:00:00.000","30","TRAFFIC SIGNAL","FUNCTIONING PROPERLY","CLEAR","DARKNESS","TURNING","NOT DIVIDED",,"STRAIGHT AND LEVEL","DRY","NO DEFECTS","NOT ON SCENE (DESK REPORT)","NO INJURY / DRIVE AWAY","Y",,,"$501 - $1,500","2026-02-15T11:40:00.000","IMPROPER TURNING/NO SIGNAL","OPERATING VEHICLE IN ERRATIC, RECKLESS, CARELESS, NEGLIGENT OR AGGRESSIVE MANNER","800","N","HALSTED ST","1213",,,,,,,"2","NO INDICATION OF INJURY","0","0","0","0","0","2","0","21","7","2","41.8964740178","-87.6478949927","POINT (-87.647894992663 41.896474017804)"
"d6ef089847d330c990caa401965f20928a8c27806d850b7a70df5bee76f3198ea5868a3c922b14f9a7d6054549ab3ed7bc51ce6c021325b24d56875e07708171",,"2026-02-14T21:00:00.000","30","NO CONTROLS","NO CONTROLS","CLEAR","DARKNESS, LIGHTED ROAD","FIXED OBJECT","NOT DIVIDED",,"STRAIGHT AND LEVEL","DRY","NO DEFECTS","ON SCENE","INJURY AND / OR TOW DUE TO CRASH",,,,"OVER $1,500","2026-02-14T21:00:00.000","NOT APPLICABLE","NOT APPLICABLE","1401","W","35TH ST","912",,"Y",,,,,"1","NO INDICATION OF INJURY","0","0","0","0","0","1","0","21","7","2","41.8304498144","-87.660784524","POINT (-87.66078452398 41.830449814388)"
"192175d74c049dc3e4ba567480a7a95e6505a8dc41bab5c56880540e425d4b5a1b8a36d159466c1237deb6cc4aa86906dc710325e9f8f7942b30806c7384d0d1",,"2026-02-14T20:45:00.000","30","NO CONTROLS","NO CONTROLS","CLEAR","DARKNESS, LIGHTED ROAD","SIDESWIPE SAME DIRECTION","ONE-WAY",,"STRAIGHT AND LEVEL","DRY","NO DEFECTS","NOT ON SCENE (DESK REPORT)","NO INJURY / DRIVE AWAY",,,,"$501 - $1,500","2026-02-15T12:15:00.000","FAILING TO YIELD RIGHT-OF-WAY","FAILING TO YIELD RIGHT-OF-WAY","150","W","ADAMS ST","122",,,,,,,"2","NO INDICATION OF INJURY","0","0","0","0","0","2","0","20","7","2","41.8795095838","-87.6323668538","POINT (-87.632366853767 41.879509583766)"
"d3aba3233051e01e42e67aa98f94990c7047b4cb2dc6eaf98c0bdf74ba8cb0deece5eef347717dcd5b03c7826ac9f216f232e70e74bf49ee94fa2256c0f17ec8",,"2026-02-14T20:45:00.000","30","TRAFFIC SIGNAL","FUNCTIONING PROPERLY","CLEAR","DARKNESS, LIGHTED ROAD","SIDESWIPE SAME DIRECTION","NOT DIVIDED",,"STRAIGHT AND LEVEL","DRY","NO DEFECTS","NOT ON SCENE (DESK REPORT)","INJURY AND / OR TOW DUE TO CRASH","Y",,"Y","OVER $1,500","2026-02-14T21:45:00.000","UNABLE TO DETERMINE","NOT APPLICABLE","1321","W","AUGUSTA BLVD","1213",,,,,,,"2","NONINCAPACITATING INJURY","1","0","0","1","0","2","0","20","7","2","41.8997102447","-87.6610079177","POINT (-87.661007917743 41.899710244727)"
"96c4821b666fb3edc6895f59707f97a0a176201ee5f1048ac4bdcaa61c7e6973748eee538c211e41949ec510e3732ef48b09525a31dbc970e4c850f851377d7e",,"2026-02-14T20:44:00.000","30","TRAFFIC SIGNAL","FUNCTIONING PROPERLY","CLEAR","DARKNESS","REAR END","NOT DIVIDED",,"STRAIGHT AND LEVEL","DRY","NO DEFECTS",,"INJURY AND / OR TOW DUE TO CRASH",,,,"OVER $1,500","2026-02-14T20:44:00.000","UNABLE TO DETERMINE","UNABLE TO DETERMINE","4400","W","NORTH AVE","2533",,,,,,,"4","NONINCAPACITATING INJURY","4","0","0","4","0","7","0","20","7","2","41.9098635734","-87.7363802961","POINT (-87.736380296054 41.909863573402)"
"91ec2333a56a1165025cb091768e464b4fdabc8e2739fce633606d9541155f2c097822daf9e215602fa7b379814b8b900d4e9e86277c1365cea82b7d40204a35",,"2026-02-14T20:43:00.000","30","TRAFFIC SIGNAL","UNKNOWN","CLEAR","DARKNESS, LIGHTED ROAD","TURNING","FOUR WAY",,"STRAIGHT AND LEVEL","DRY","UNKNOWN","NOT ON SCENE (DESK REPORT)","NO INJURY / DRIVE AWAY","Y",,"Y","OVER $1,500","2026-02-14T21:30:00.000","UNABLE TO DETERMINE","UNABLE TO DETERMINE","1959","E","71ST ST","333",,,,,,,"2","NO INDICATION OF INJURY","0","0","0","0","0","3","0","20","7","2","41.7659581559","-87.5764340719","POINT (-87.576434071872 41.765958155943)"
"24958575a6d38376ba9f7c297409c74a2c655b46bd5e47362e8ce1873f9c2592de99fb5a5e68809a89cd4ebc274eb447c0311ef5f1dd3ac7e9a66b12073687f9",,"2026-02-14T20:30:00.000","35","NO CONTROLS","NO CONTROLS","CLEAR","DARKNESS, LIGHTED ROAD","REAR END","ONE-WAY",,"STRAIGHT AND LEVEL","DRY","UNKNOWN","NOT ON SCENE (DESK REPORT)","NO INJURY / DRIVE AWAY",,,"N","$501 - $1,500","2026-02-14T22:00:00.000","UNABLE TO DETERMINE","UNABLE TO DETERMINE","499","N","LAKE SHORE DR NB","1834",,,,,,,"2","NO INDICATION OF INJURY","0","0","0","0","0","3","0","20","7","2","41.8910089039","-87.6137438946","POINT (-87.613743894648 41.891008903932)"
"6d18adb5f69a7c201a281b5bdbe50e291334513b22c09cf5952271c3e652dea3b56be0d966af4088a4102203ca027bac05fe48ce037b50858a3b1fbf074e14ac",,"2026-02-14T20:30:00.000","25","NO CONTROLS","NO CONTROLS","CLEAR","DARKNESS, LIGHTED ROAD","SIDESWIPE SAME DIRECTION","NOT DIVIDED",,"STRAIGHT AND LEVEL","DRY","NO DEFECTS","NOT ON SCENE (DESK REPORT)","NO INJURY / DRIVE AWAY",,,"Y","OVER $1,500","2026-02-19T09:30:00.000","IMPROPER OVERTAKING/PASSING","NOT APPLICABLE","5420","W","IRVING PARK RD","1624",,,,,,,"2","NO INDICATION OF INJURY","0","0","0","0","0","3","0","20","7","2","41.9533411926","-87.7629651893","POINT (-87.762965189345 41.95334119259)"
"eca5846f5362ee3b61e8cb4364fe5c00f6b6ca8de80939d524924973319f5467b82c7daddc48ed765683fbaea330c8ddde345bd26e7ef79e28b74ba66caa980d",,"2026-02-14T20:30:00.000","30","STOP SIGN/FLASHER","FUNCTIONING PROPERLY","CLEAR","DARKNESS, LIGHTED ROAD","ANGLE","ONE-WAY",,"STRAIGHT AND LEVEL","DRY","NO DEFECTS",,"INJURY AND / OR TOW DUE TO CRASH",,,,"OVER $1,500","2026-02-14T20:39:00.000","DISREGARDING OTHER TRAFFIC SIGNS","NOT APPLICABLE","5500","S","PRAIRIE AVE","231",,,,,,,"2","NO INDICATION OF INJURY","0","0","0","0","0","2","0","20","7","2","41.7943920855","-87.6193626225","POINT (-87.619362622546 41.794392085533)"
"c6a3ddfdb6d52a7a559fc7340376d728ed7a41a0c9e44e544d232768ab5949195450a873ae93856a056b6dc7cfad8694b38574dc8c9c172b13dd3789806a4028",,"2026-02-14T20:26:00.000","30","NO CONTROLS","NO CONTROLS","CLEAR","DARKNESS, LIGHTED ROAD","REAR END","NOT DIVIDED",,"STRAIGHT AND LEVEL","UNKNOWN","UNKNOWN","NOT ON SCENE (DESK REPORT)","NO INJURY / DRIVE AWAY",,,,"OVER $1,500","2026-02-15T15:35:00.000","IMPROPER OVERTAKING/PASSING","NOT APPLICABLE","555","N","MICHIGAN AVE","1834",,,,,,,"2","NO INDICATION OF INJURY","0","0","0","0","0","3","0","20","7","2","41.8925204807","-87.6240374098","POINT (-87.624037409786 41.892520480718)"
"d6c6eb3622f2b0a404d83a5430f4fba4c8ec5fa9514a3b03104e0194e981809dec2785625aed82cb8d37924f991fced8b3df27767d2d1fa671a76e8a374cd0de",,"2026-02-14T20:22:00.000","30","UNKNOWN","FUNCTIONING PROPERLY","CLEAR","DARKNESS, LIGHTED ROAD","SIDESWIPE SAME DIRECTION","NOT DIVIDED",,"STRAIGHT AND LEVEL","DRY","UNKNOWN","ON SCENE","NO INJURY / DRIVE AWAY",,,,"OVER $1,500","2026-02-14T20:22:00.000","IMPROPER OVERTAKING/PASSING","NOT APPLICABLE","198","S","DEARBORN ST","112",,,,,,,"2","NO INDICATION OF INJURY","0","0","0","0","0","2","0","20","7","2","41.8794690988","-87.6294991065","POINT (-87.629499106522 41.879469098805)"
"91193a3dab4231c872ef43bf151c1a89d1c8a5cef6324829e6f2d0842fd1333da07b3257900c567b0134d116e07a0826955365f9fff4181e3d148023480a4220",,"2026-02-14T20:11:00.000","15","NO CONTROLS","NO CONTROLS","CLEAR","DARKNESS, LIGHTED ROAD","PARKED MOTOR VEHICLE","PARKING LOT",,"CURVE, LEVEL","DRY","NO DEFECTS","ON SCENE","NO INJURY / DRIVE AWAY",,,,"$501 - $1,500","2026-02-14T20:11:00.000","DRIVING SKILLS/KNOWLEDGE/EXPERIENCE","NOT APPLICABLE","20","E","RANDOLPH ST","111",,,,,,,"2","NO INDICATION OF INJURY","0","0","0","0","0","1","0","20","7","2","41.8846028549","-87.6271869402","POINT (-87.627186940196 41.884602854888)"
"c71c2a18503fe46c733f4f5179f84c0dab81b3c60f701eb0a0b4afb4fa06c53801bb381aa801e8d7c0394fefbc7ff839f1b788c36957a59a7a929454280f0020",,"2026-02-14T20:10:00.000","30","NO CONTROLS","NO CONTROLS","CLEAR","DARKNESS, LIGHTED ROAD","PARKED MOTOR VEHICLE","NOT DIVIDED",,"STRAIGHT AND LEVEL","DRY","UNKNOWN","NOT ON SCENE (DESK REPORT)","NO INJURY / DRIVE AWAY",,,"Y","OVER $1,500","2026-02-14T21:10:00.000","UNABLE TO DETERMINE","UNABLE TO DETERMINE","1700","E","89TH ST","412",,,,,,,"2","NO INDICATION OF INJURY","0","0","0","0","0","1","0","20","7","2","41.7334958388","-87.58274291","POINT (-87.582742910018 41.733495838836)"
"f40add0d646f23fe109314e9dfddaf003aa6490d6789a2823f7bc2122f4a562edacdbe202d7ded8dee1d4749021ad86ca297b77a9c49562ffecec9efa1a0791c",,"2026-02-14T20:10:00.000","30","TRAFFIC SIGNAL","FUNCTIONING PROPERLY","CLEAR","DARKNESS, LIGHTED ROAD","SIDESWIPE SAME DIRECTION","FOUR WAY",,"STRAIGHT AND LEVEL","DRY","UNKNOWN","NOT ON SCENE (DESK REPORT)","NO INJURY / DRIVE AWAY","N",,,"OVER $1,500","2026-02-15T23:11:00.000","IMPROPER OVERTAKING/PASSING","NOT APPLICABLE","989","W","NORTH AVE","1822",,,,,,,"2","NO INDICATION OF INJURY","0","0","0","0","0","2","0","20","7","2","41.9107319114","-87.6530039307","POINT (-87.653003930718 41.91073191137)"
"2a136c86c3433de1da6ba22d239728ec1d8a4eab1693dac6241f6019c1efd870fe27539ec8d310fe7b6b0ab2edd7bbe5e357f85e3788b8a17c90c2326e03f8e9",,"2026-02-14T20:02:00.000","10","NO CONTROLS","NO CONTROLS","CLEAR","DARKNESS, LIGHTED ROAD","REAR END","OTHER",,"STRAIGHT AND LEVEL","DRY","NO DEFECTS","ON SCENE","NO INJURY / DRIVE AWAY",,,"Y","OVER $1,500","2026-02-14T20:07:00.000","UNABLE TO DETERMINE","UNABLE TO DETERMINE","340","S","SACRAMENTO BLVD","1124",,,,,,,"2","NO INDICATION OF INJURY","0","0","0","0","0","2","0","20","7","2","41.8761275956","-87.7012332201","POINT (-87.701233220133 41.876127595607)"
"03a71bc2b049ec8fcf778eec690d1384ebf95f9e462d31f524d7663c3ad0410ccc0e8bd1d9dced5de9a0b058c4442ca06c3e6802d63ba2e87db4f5109f9c4d6c","Y","2026-02-14T20:00:00.000","30","TRAFFIC SIGNAL","FUNCTIONING PROPERLY","CLEAR","UNKNOWN","PARKED MOTOR VEHICLE","ONE-WAY",,"STRAIGHT AND LEVEL","DRY","UNKNOWN","ON SCENE","INJURY AND / OR TOW DUE TO CRASH",,,"Y","OVER $1,500","2026-02-15T09:20:00.000","UNABLE TO DETERMINE","NOT APPLICABLE","3206","W","24TH ST","1024",,,,,,,"2","NO INDICATION OF INJURY","0","0","0","0","0","1","0","20","7","2","41.8482442429","-87.7054845623","POINT (-87.705484562312 41.84824424287)"
"446d9f395d70cb6b0b0209fcba0f5c2512d021796d37c02f80b4102ed1299bac82a0fd19f8c4f5f54ffe2069479fa093bf3e7f163495661982e84c6c8a6ce121",,"2026-02-14T20:00:00.000","30","STOP SIGN/FLASHER","UNKNOWN","CLEAR","DARKNESS, LIGHTED ROAD","ANGLE","FOUR WAY",,"STRAIGHT AND LEVEL","DRY","NO DEFECTS",,"NO INJURY / DRIVE AWAY",,,"N","OVER $1,500","2026-02-14T21:00:00.000","UNABLE TO DETERMINE","UNABLE TO DETERMINE","7601","S","COLFAX AVE","421",,,,,,,"2","NO INDICATION OF INJURY","0","0","0","0","0","2","0","20","7","2","41.7571453672","-87.5613419193","POINT (-87.561341919321 41.757145367228)"
"6a3a56111dfb1234546c123a11c196de8033e1378123c8c2d4f372127aaef0c44fa3862232a7a7ece1e01af5a656e1f3aa47e71f0f8979486bf1a82b54dd1805",,"2026-02-14T20:00:00.000","20","NO CONTROLS","NO CONTROLS","CLEAR","DARKNESS","PARKED MOTOR VEHICLE","ONE-WAY",,"STRAIGHT AND LEVEL","DRY","NO DEFECTS","ON SCENE","NO INJURY / DRIVE AWAY",,,"Y","OVER $1,500","2026-02-15T00:00:00.000","NOT APPLICABLE","NOT APPLICABLE","4830","N","MONTICELLO AVE","1712",,,,,,,"2","NO INDICATION OF INJURY","0","0","0","0","0","1","0","20","7","2","41.9692705017","-87.7196494037","POINT (-87.719649403655 41.969270501659)"
"c0a799a65ff3bf0c9f8fa421c391967d9470f97e403e7aa3ab38756479d26216a8eec101148569df143fbac99bf06f27dbdd5e33fafcc4c7c2ac92484bcfee8b",,"2026-02-14T20:00:00.000","30","NO CONTROLS","NO CONTROLS","CLEAR","DARKNESS, LIGHTED ROAD","TURNING","DIVIDED - W/MEDIAN (NOT RAISED)",,"STRAIGHT AND LEVEL","UNKNOWN","UNKNOWN",,"NO INJURY / DRIVE AWAY",,,"Y","OVER $1,500","2026-02-17T13:00:00.000","DRIVING SKILLS/KNOWLEDGE/EXPERIENCE","NOT APPLICABLE","1441","N","PULASKI RD","2535",,,,,,,"2","NO INDICATION OF INJURY","0","0","0","0","0","2","0","20","7","2","41.907335224","-87.7262970074","POINT (-87.726297007361 41.907335224041)"
"3303b91c3dabcadfd768e2e76d7786784c8b2ed26a75499591e422303be6b7dc98bea450773c66beb79c6a0878ed3a33cf8a2b2a09c6414850c23b10653d518e",,"2026-02-14T19:56:00.000","30","NO CONTROLS","NO CONTROLS","CLEAR","DARKNESS, LIGHTED ROAD","PARKED MOTOR VEHICLE","NOT DIVIDED",,"STRAIGHT AND LEVEL","DRY","NO DEFECTS","ON SCENE","NO INJURY / DRIVE AWAY",,,,"OVER $1,500","2026-02-14T19:56:00.000","UNABLE TO DETERMINE","UNABLE TO DETERMINE","3200","N","HOYNE AVE","1921",,,,,,,"2","NO INDICATION OF INJURY","0","0","0","0","0","1","0","19","7","2","41.939587461","-87.6809280325","POINT (-87.680928032481 41.939587460998)"
"607d3f135d2be59f96b3243e11a8169e2d72d2afe13f7867a5d4fd5df9304c4266587ac196c4761146fbf10e1867ec2dcb168cc4f89851ece4473df820726090",,"2026-02-14T19:31:00.000","30","TRAFFIC SIGNAL","FUNCTIONING PROPERLY","CLEAR","DARKNESS, LIGHTED ROAD","ANGLE","FOUR WAY",,"STRAIGHT AND LEVEL","DRY","UNKNOWN","ON SCENE","INJURY AND / OR TOW DUE TO CRASH","Y",,,"OVER $1,500","2026-02-14T19:31:00.000","FAILING TO YIELD RIGHT-OF-WAY","FAILING TO YIELD RIGHT-OF-WAY","4800","W","DIVERSEY AVE","2521",,,,,,,"2","NONINCAPACITATING INJURY","2","0","0","2","0","2","0","19","7","2","41.9316414204","-87.7467199106","POINT (-87.746719910646 41.931641420407)"
"0e82727aea43d6c83b45b3b3e910589331c5cd1658326ec0f7a001a076a6c1776073daac8d3d30e4662f3fbec63fc56484a48cd1469d98ab052f5a04c6c02053",,"2026-02-14T19:15:00.000","30","NO CONTROLS","NO CONTROLS","CLEAR","DARKNESS, LIGHTED ROAD","SIDESWIPE SAME DIRECTION","NOT DIVIDED",,"STRAIGHT AND LEVEL","DRY","NO DEFECTS","ON SCENE","NO INJURY / DRIVE AWAY",,,"Y","OVER $1,500","2026-02-14T19:36:00.000","IMPROPER OVERTAKING/PASSING","UNABLE TO DETERMINE","1478","N","MILWAUKEE AVE","1424",,,,,,,"2","NO INDICATION OF INJURY","0","0","0","0","0","3","0","19","7","2","41.9087150535","-87.6750938105","POINT (-87.675093810543 41.908715053511)"
"ed9812ddb7f7b308066c3a53c43b7d09727d265c5f0dd9b54433a1f893942f4d29d6e72b560635bbbe9620f8a08b3fa916a3b94f5655d58973ff52e25aac7bad","Y","2026-02-14T19:15:00.000","35","STOP SIGN/FLASHER","NO CONTROLS","CLEAR","DARKNESS, LIGHTED ROAD","PEDALCYCLIST","NOT DIVIDED",,"STRAIGHT AND LEVEL","DRY","NO DEFECTS","ON SCENE","INJURY AND / OR TOW DUE TO CRASH","Y",,"Y","OVER $1,500","2026-02-14T19:20:00.000","IMPROPER TURNING/NO SIGNAL","FAILING TO YIELD RIGHT-OF-WAY","4800","S","PULASKI RD","815",,,,,,,"2","REPORTED, NOT EVIDENT","1","0","0","0","1","1","0","19","7","2","41.8059452387","-87.7236730791","POINT (-87.723673079103 41.80594523873)"
"1a5d474d1b76bfde7b2eabe0ff6c99478ae064ad458ee10c18b0d45f0e5ce1b9809e2e1e69f495fb60fab71ab980055a2871d7612e0e6b029116547f5d8643d6",,"2026-02-14T19:09:00.000","30","STOP SIGN/FLASHER","FUNCTIONING PROPERLY","CLEAR","DARKNESS, LIGHTED ROAD","TURNING","T-INTERSECTION",,"STRAIGHT AND LEVEL","DRY","NO DEFECTS","NOT ON SCENE (DESK REPORT)","INJURY AND / OR TOW DUE TO CRASH",,,,"OVER $1,500","2026-02-14T19:21:00.000","IMPROPER OVERTAKING/PASSING","NOT APPLICABLE","1129","W","CHICAGO AVE","1215",,"Y",,,,,"2","NO INDICATION OF INJURY","0","0","0","0","0","4","0","19","7","2","41.8961387343","-87.6563457132","POINT (-87.65634571324 41.896138734273)"
"189c20b66d5f4b10b58be683f3b43c7f780acc1a86f291d36a91c8d584d1a10ef2d8776eee04bf156e470bbbf3c899fd1d773e5c6c1793f85d8b061765b339a8",,"2026-02-14T19:07:00.000","15","NO CONTROLS","NO CONTROLS","UNKNOWN","UNKNOWN","REAR TO REAR","PARKING LOT",,"STRAIGHT AND LEVEL","UNKNOWN","UNKNOWN","NOT ON SCENE (DESK REPORT)","NO INJURY / DRIVE AWAY",,"Y",,"$501 - $1,500","2026-02-14T20:30:00.000","NOT APPLICABLE","NOT APPLICABLE","1910","W","FULLERTON AVE","1432",,,,,,,"2","NO INDICATION OF INJURY","0","0","0","0","0","4","0","19","7","2","41.9251564407","-87.676293521","POINT (-87.676293521004 41.925156440725)"
"63576970c239264e794aefd139b594bc4356e41b1cb81739c7a2a90d9916c252fdeca030cb5d15386fca35aee3f4d25102e130d1ac78b58159ff887a6515bdae",,"2026-02-14T19:06:00.000","30","NO CONTROLS","NO CONTROLS","CLEAR","DARKNESS, LIGHTED ROAD","TURNING","T-INTERSECTION",,"STRAIGHT AND LEVEL","WET","UNKNOWN","ON SCENE","INJURY AND / OR TOW DUE TO CRASH",,,,"OVER $1,500","2026-02-14T19:11:00.000","FAILING TO REDUCE SPEED TO AVOID CRASH","FAILING TO REDUCE SPEED TO AVOID CRASH","4299","W","DEVON AVE","1711",,,,,,,"2","REPORTED, NOT EVIDENT","1","0","0","0","1","1","0","19","7","2","41.9971370148","-87.7361388257","POINT (-87.736138825715 41.997137014776)"
"0834f9c34c1b65c1409d2663584791ece3deda17ea335de370ec28b4eaa4c24085d12e255b1d9343b8bb8c59e8106693fff17786b40a7f1e63b967db7c921bb0",,"2026-02-14T19:02:00.000","30","NO CONTROLS","NO CONTROLS","CLEAR","DARKNESS, LIGHTED ROAD","SIDESWIPE SAME DIRECTION","NOT DIVIDED",,"STRAIGHT AND LEVEL","DRY","UNKNOWN","ON SCENE","INJURY AND / OR TOW DUE TO CRASH",,,"Y","OVER $1,500","2026-02-14T19:10:00.000","DRIVING ON WRONG SIDE/WRONG WAY","IMPROPER OVERTAKING/PASSING","399","E","CHICAGO AVE","1833",,,,,,,"2","NO INDICATION OF INJURY","0","0","0","0","0","3","0","19","7","2","41.8967247556","-87.6172116164","POINT (-87.617211616369 41.896724755627)"
"19e5c7c7e54496917368f68e58af653e0edaaac872bb5369a7eb5dd566d78f49870e36d1c0d1d82c4f29835183b83b588c42991828d38a9495b5805560e53b09",,"2026-02-14T19:00:00.000","30","STOP SIGN/FLASHER","FUNCTIONING PROPERLY","CLEAR","DARKNESS, LIGHTED ROAD","TURNING","FOUR WAY",,"STRAIGHT AND LEVEL","DRY","UNKNOWN",,"NO INJURY / DRIVE AWAY",,,,"OVER $1,500","2026-02-14T20:45:00.000","NOT APPLICABLE","NOT APPLICABLE","1400","N","WELLS ST","1821",,,,,,,"2","NO INDICATION OF INJURY","0","0","0","0","0","2","0","19","7","2","41.9077384774","-87.6347546184","POINT (-87.634754618366 41.907738477358)"
"945b78bb7b18ae324b6d6bff813fd3772a618a76f1e7d5151c2f2815afe6c0b26542e0cff26baf076120008ef59f62526d450964afa48c542bb381870b3bd27f",,"2026-02-14T19:00:00.000","30","NO CONTROLS","NO CONTROLS","UNKNOWN","DARKNESS, LIGHTED ROAD","SIDESWIPE SAME DIRECTION","ONE-WAY",,"STRAIGHT AND LEVEL","UNKNOWN","NO DEFECTS","NOT ON SCENE (DESK REPORT)","NO INJURY / DRIVE AWAY",,,"Y","OVER $1,500","2026-02-16T11:30:00.000","UNABLE TO DETERMINE","UNABLE TO DETERMINE","4013","W","WELLINGTON AVE","2523",,,,,,,"2","NO INDICATION OF INJURY","0","0","0","0","0","2","0","19","7","2","41.9353245679","-87.7276581701","POINT (-87.727658170129 41.935324567927)"
"c2b7a4073611afa0ae1fbd5e5672eff01722cebe4f161aca1b5e4b7edfc7b9218daeca5b66195932ddbc6a6658125e4a9d3f8b2b456c91269f5a69325f98b0c5",,"2026-02-14T19:00:00.000","30","NO CONTROLS","NO CONTROLS","CLEAR","DARKNESS, LIGHTED ROAD","PARKED MOTOR VEHICLE","NOT DIVIDED",,"STRAIGHT AND LEVEL","DRY","NO DEFECTS","NOT ON SCENE (DESK REPORT)","NO INJURY / DRIVE AWAY",,,"Y","OVER $1,500","2026-02-21T12:15:00.000","UNABLE TO DETERMINE","UNABLE TO DETERMINE","1169","S","PLYMOUTH CT","123",,,,,,,"2","NO INDICATION OF INJURY","0","0","0","0","0","1","0","19","7","2","41.8681679696","-87.6283898944","POINT (-87.62838989439 41.868167969554)"
"8d7317564b11430880609af35e61c1288876d86fb8d6a4673435263e7da8cef83990a2cd6a748d4e837a2c251b3498ffc90bf5a8feee8a00785a6f5c870129ad",,"2026-02-14T18:56:00.000","30","NO CONTROLS","NO CONTROLS","CLEAR","DARKNESS, LIGHTED ROAD","PARKED MOTOR VEHICLE","NOT DIVIDED",,"STRAIGHT AND LEVEL","DRY","NO DEFECTS","NOT ON SCENE (DESK REPORT)","NO INJURY / DRIVE AWAY",,,"Y","OVER $1,500","2026-02-14T19:22:00.000","UNABLE TO DETERMINE","UNABLE TO DETERMINE","11254","S","INDIANA AVE","531",,,,,,,"3","NO INDICATION OF INJURY","0","0","0","0","0","1","0","18","7","2","41.6892170861","-87.6183199351","POINT (-87.618319935101 41.689217086089)"
"42cebfbce6b9de889a3fb7e658c3e95cb968ea4d329f23cb142d6ed2128d59ceb48a8249850edee9f9c9bd502ccfc8e811768c64d4e6de3be3aafe3dbfd6596f",,"2026-02-14T18:53:00.000","30","TRAFFIC SIGNAL","FUNCTIONING PROPERLY","CLEAR","DARKNESS, LIGHTED ROAD","REAR END","FOUR WAY",,"STRAIGHT AND LEVEL","DRY","NO DEFECTS","NOT ON SCENE (DESK REPORT)","NO INJURY / DRIVE AWAY",,,"Y","$501 - $1,500","2026-02-16T07:00:00.000","FAILING TO REDUCE SPEED TO AVOID CRASH","DRIVING SKILLS/KNOWLEDGE/EXPERIENCE","518","S","CICERO AVE","1533",,,,,,,"2","NO INDICATION OF INJURY","0","0","0","0","0","2","0","18","7","2","41.8733980257","-87.7451552337","POINT (-87.745155233681 41.87339802565)"
"1a612d079536fb588b0bec4d93597d6e5b86c8c7b552d06f2bbfabfd3eb766ecfd66640cc9637daf30d896f01f2893bc79271e95ca9472869674c66046d457a6",,"2026-02-14T18:50:00.000","30","NO CONTROLS","NO CONTROLS","CLEAR","DARKNESS, LIGHTED ROAD","REAR END","NOT DIVIDED",,"STRAIGHT AND LEVEL","DRY","UNKNOWN","NOT ON SCENE (DESK REPORT)","NO INJURY / DRIVE AWAY",,,"Y","$501 - $1,500","2026-02-14T21:55:00.000","FOLLOWING TOO CLOSELY","FOLLOWING TOO CLOSELY","1727","W","DIVISION ST","1213",,,,,,,"3","NO INDICATION OF INJURY","0","0","0","0","0","3","0","18","7","2","41.903176728","-87.671126615","POINT (-87.671126615024 41.903176727997)"
"7a40248ee84fc0aa8ecdc50235b7eb3c6cc2722a0f2fb90f328638d7e45f2ec60bfd6add5b83b603945a71b7c20633e4748e30b84af4fa3bda1c833a09ed9088",,"2026-02-14T18:40:00.000","30","NO CONTROLS","NO CONTROLS","CLEAR","DARKNESS, LIGHTED ROAD","SIDESWIPE SAME DIRECTION","NOT DIVIDED",,"STRAIGHT AND LEVEL","DRY","NO DEFECTS","NOT ON SCENE (DESK REPORT)","NO INJURY / DRIVE AWAY","Y",,,"OVER $1,500","2026-02-14T19:03:00.000","FAILING TO REDUCE SPEED TO AVOID CRASH","NOT APPLICABLE","5935","N","ELSTON AVE","1622",,,,,,,"2","NO INDICATION OF INJURY","0","0","0","0","0","2","0","18","7","2","41.9893255395","-87.77640252","POINT (-87.77640251995 41.989325539525)"