"crash_record_id","crash_date_est_i","crash_date","posted_speed_limit","traffic_control_device","device_condition","weather_condition","lighting_condition","first_crash_type","trafficway_type","lane_cnt","alignment","roadway_surface_cond","road_defect","report_type","crash_type","intersection_related_i","private_property_i","hit_and_run_i","damage","date_police_notified","prim_contributory_cause","sec_contributory_cause","street_no","street_direction","street_name","beat_of_occurrence","photos_taken_i","statements_taken_i","dooring_i","work_zone_i","work_zone_type","workers_present_i","num_units","most_severe_injury","injuries_total","injuries_fatal","injuries_incapacitating","injuries_non_incapacitating","injuries_reported_not_evident","injuries_no_indication","injuries_unknown","crash_hour","crash_day_of_week","crash_month","latitude","longitude","location"
"da058f94d8c1b3516b2aa3d3e22bd2840659a729eabdf26a376a3b4eb40b01b0407616225e7eeb6cc0a8da33a824a3f394e6a2cf0786c95a8bc562d8af21922e",,"2026-02-14T18:40:00.000","25","NO CONTROLS","NO CONTROLS","CLEAR","DAYLIGHT","SIDESWIPE SAME DIRECTION","NOT DIVIDED",,"STRAIGHT AND LEVEL","DRY","NO DEFECTS","NOT ON SCENE (DESK REPORT)","NO INJURY / DRIVE AWAY",,,"Y","OVER $1,500","2026-02-15T17:22:00.000","UNABLE TO DETERMINE","UNABLE TO DETERMINE","357","E","CHICAGO AVE","1833",,,,,,,"2","NO INDICATION OF INJURY","0","0","0","0","0","2","0","18","7","2","41.8967113673","-87.6182079013","POINT (-87.618207901257 41.896711367297)"
"ee1d5a8368571b712db15eb2362df5dc5bbff354579720ebe5599ec00d20b941c5da69a82e8ff453bfbb1abd422822492468366d1c257ae1dd64178dba02e901",,"2026-02-14T18:40:00.000","20","NO CONTROLS","NO CONTROLS","CLEAR","DAYLIGHT","PARKED MOTOR VEHICLE","PARKING LOT",,"STRAIGHT AND LEVEL","DRY","NO DEFECTS","ON SCENE","NO INJURY / DRIVE AWAY",,"Y",,"$501 - $1,500","2026-02-14T18:58:00.000","UNABLE TO DETERMINE","NOT APPLICABLE","2806","W","CERMAK RD","1023",,,,,,,"2","NO INDICATION OF INJURY","0","0","0","0","0","2","0","18","7","2","41.8520073664","-87.6958699679","POINT (-87.695869967928 41.852007366381)"
"cdaca71e9e41b83867aa7902f2a9bb4b76b4554876e413bc27962ea7ce5ce5fb348c6b27e0b19dcf5a917f5ce53cab72b5b9bbb3677d5f6e352a362e57caea84","Y","2026-02-14T18:30:00.000","30","TRAFFIC SIGNAL","FUNCTIONING PROPERLY","CLEAR","DARKNESS, LIGHTED ROAD","ANGLE","FOUR WAY",,"STRAIGHT AND LEVEL","UNKNOWN","UNKNOWN",,"NO INJURY / DRIVE AWAY",,,,"OVER $1,500","2026-02-15T13:10:00.000","DISREGARDING TRAFFIC SIGNALS","NOT APPLICABLE","10300","S","WENTWORTH AVE","512",,,,,,,"2","NO INDICATION OF INJURY","0","0","0","0","0","2","0","18","7","2","41.707023014","-87.6284157193","POINT (-87.6284157193 41.707023014)"
"083b90426544649144021043cbc9f24241db2b87dd485693774d178185261078a4b7db6ac3387c2c5515ea843d40cbd39c52897dfa9ab8598713a8ee73275f38",,"2026-02-14T18:27:00.000","30","NO CONTROLS","NO CONTROLS","CLEAR","DARKNESS","PARKED MOTOR VEHICLE","NOT DIVIDED",,"STRAIGHT AND LEVEL","DRY","NO DEFECTS","NOT ON SCENE (DESK REPORT)","NO INJURY / DRIVE AWAY",,,,"OVER $1,500","2026-02-15T09:50:00.000","DRIVING SKILLS/KNOWLEDGE/EXPERIENCE","NOT APPLICABLE","3925","W","82ND ST","834",,,,,,,"2","NO INDICATION OF INJURY","0","0","0","0","0","1","0","18","7","2","41.74392843","-87.7203240797","POINT (-87.720324079688 41.743928430025)"
"61e7d4bec927d8f7bbb46a0347067cd74afcf4910fee36649679e558ccb8ad647ab64f6c683c9805c1e728487659ef69a6bb5bbefac76ac82cc8b338df0d28f3",,"2026-02-14T18:24:00.000","30","TRAFFIC SIGNAL","FUNCTIONING PROPERLY","CLEAR","DARKNESS, LIGHTED ROAD","REAR END","NOT DIVIDED",,"STRAIGHT AND LEVEL","DRY","NO DEFECTS","ON SCENE","INJURY AND / OR TOW DUE TO CRASH","Y",,"Y","OVER $1,500","2026-02-14T18:30:00.000","UNABLE TO DETERMINE","DISREGARDING TRAFFIC SIGNALS","958","N","HAMLIN AVE","1112",,,,,,,"3","NONINCAPACITATING INJURY","2","0","0","2","0","1","0","18","7","2","41.8989680226","-87.7214548564","POINT (-87.721454856351 41.898968022638)"
"ec6d0a4b7329dc86c563d31bb7957c36086c79f7c12fac72317a5fde2f5aa1e7df467d1eadeab1ebeeb7e8347f8c6e652a7702074b7222b6e805b935ee04d6db",,"2026-02-14T18:22:00.000","30","TRAFFIC SIGNAL","FUNCTIONING PROPERLY","CLEAR","DARKNESS","REAR TO FRONT","FOUR WAY",,"STRAIGHT AND LEVEL","DRY","NO DEFECTS","ON SCENE","NO INJURY / DRIVE AWAY","Y",,,"OVER $1,500","2026-02-14T18:34:00.000","FOLLOWING TOO CLOSELY","UNABLE TO DETERMINE","756","W","WEBSTER AVE","1812",,,,,,,"2","NO INDICATION OF INJURY","0","0","0","0","0","2","0","18","7","2","41.9219289663","-87.6485194305","POINT (-87.648519430521 41.92192896633)"
"39719c903ad510da077a82158df13b000ee68177204b41a981ee50f1abecb920345914d4cc253f3a5f03bb9d256cfd02492cb7c2771bd50590c92dd96edf5c5a",,"2026-02-14T18:20:00.000","30","TRAFFIC SIGNAL","FUNCTIONING PROPERLY","CLEAR","DARKNESS, LIGHTED ROAD","REAR END","FOUR WAY",,"STRAIGHT AND LEVEL","DRY","NO DEFECTS","NOT ON SCENE (DESK REPORT)","NO INJURY / DRIVE AWAY",,,,"OVER $1,500","2026-02-14T18:55:00.000","FOLLOWING TOO CLOSELY","FAILING TO REDUCE SPEED TO AVOID CRASH","3601","W","MONTROSE AVE","1723",,,,,,,"2","NO INDICATION OF INJURY","0","0","0","0","0","3","0","18","7","2","41.9609589849","-87.7180985924","POINT (-87.718098592412 41.960958984918)"
"6e89565f608e34fefbebf78e59ae661d1863b95fefb635696b26ffc721db423834a67afd1afd2fba966abe1219eccbf18bfa4d5f934f5fa6cc83508c638615ff",,"2026-02-14T18:20:00.000","25","NO CONTROLS","NO CONTROLS","CLEAR","DAWN","PARKED MOTOR VEHICLE","PARKING LOT",,"STRAIGHT AND LEVEL","UNKNOWN","UNKNOWN","ON SCENE","NO INJURY / DRIVE AWAY",,"Y","Y","OVER $1,500","2026-02-14T20:38:00.000","UNABLE TO DETERMINE","NOT APPLICABLE","6618","W","DIVERSEY AVE","2511",,,,,,,"2","NO INDICATION OF INJURY","0","0","0","0","0","1","0","18","7","2","41.9310433972","-87.7913702563","POINT (-87.791370256304 41.931043397242)"
"6f2c8ecb0523dbacc51b7d6d1c51e2cecb1ca58530525560505c50f7a4007a9064b30514cae6fe090943b3a165e2ed1cf76e34e4049a91211896293a9dd1acf2",,"2026-02-14T18:18:00.000","15","NO CONTROLS","NO CONTROLS","CLEAR","DARKNESS, LIGHTED ROAD","REAR END","ONE-WAY",,"CURVE, LEVEL","DRY","NO DEFECTS","ON SCENE","NO INJURY / DRIVE AWAY",,,,"$501 - $1,500","2026-02-14T19:02:00.000","IMPROPER BACKING","NOT APPLICABLE","2530","N","LINDEN PL","1414",,,,,,,"2","NO INDICATION OF INJURY","0","0","0","0","0","3","0","18","7","2","41.9269343775","-87.70590724","POINT (-87.705907239996 41.926934377481)"
"13703220366ff7b7171e0ad6f19f57b06067ca52afcfa1353a322d2ad573605f4ac72decbd2419550ae93a593f53ba93e354a49dab58cfa5af8ba29e24a70571",,"2026-02-14T18:16:00.000","30","NO CONTROLS","NO CONTROLS","CLEAR","DARKNESS","REAR END","NOT DIVIDED",,"STRAIGHT AND LEVEL","DRY","NO DEFECTS","NOT ON SCENE (DESK REPORT)","NO INJURY / DRIVE AWAY",,,,"$501 - $1,500","2026-02-14T19:04:00.000","FOLLOWING TOO CLOSELY","NOT APPLICABLE","2900","W","87TH ST","835",,,,,,,"2","NO INDICATION OF INJURY","0","0","0","0","0","3","0","18","7","2","41.7354282096","-87.6947814949","POINT (-87.694781494905 41.735428209584)"
"b9194018b512252b0bf06aac4a71457657e24fbff57de9c6bfea4c3b1dfde9d53b80c580757d8b1d29a3a2f10f7d9e65b9320792d05d2aafa3dbf31fcb102f06",,"2026-02-14T18:15:00.000","35","TRAFFIC SIGNAL","UNKNOWN","CLEAR","DUSK","TURNING","NOT DIVIDED",,"STRAIGHT AND LEVEL","UNKNOWN","UNKNOWN","NOT ON SCENE (DESK REPORT)","NO INJURY / DRIVE AWAY",,,,"OVER $1,500","2026-02-14T18:30:00.000","UNABLE TO DETERMINE","UNABLE TO DETERMINE","2810","N","CICERO AVE","2521",,,,,,,"2","NO INDICATION OF INJURY","0","0","0","0","0","2","0","18","7","2","41.9318697328","-87.7467536057","POINT (-87.746753605715 41.931869732816)"
"62e20a91c0ae334d302d066b5388ba902a6760c854657f102dc24e06ce2f919f00e34bbc6ccb74e25815d64f346d85dbabe41ad533918987da5257f24af35823",,"2026-02-14T18:10:00.000","15","NO CONTROLS","NO CONTROLS","CLEAR","DUSK","SIDESWIPE SAME DIRECTION","ONE-WAY",,"STRAIGHT AND LEVEL","DRY","NO DEFECTS","ON SCENE","NO INJURY / DRIVE AWAY",,,,"OVER $1,500","2026-02-14T18:15:00.000","UNDER THE INFLUENCE OF ALCOHOL/DRUGS (USE WHEN ARREST IS EFFECTED)","FAILING TO YIELD RIGHT-OF-WAY","7936","S","ST LAWRENCE AVE","624",,,,,,,"2","NO INDICATION OF INJURY","0","0","0","0","0","2","0","18","7","2","41.750085788","-87.6101953881","POINT (-87.610195388116 41.750085787957)"
"b3a71982b445dce5c38d89cadf4bba59c5076ba8316f5cba8639a0f910f9c9203b63067b976a899ff4f177dabbd2c06ec015c1c718e57ce27b94f107532bc670",,"2026-02-14T18:10:00.000","30","NO CONTROLS","NO CONTROLS","CLEAR","DARKNESS, LIGHTED ROAD","TURNING","NOT DIVIDED",,"STRAIGHT AND LEVEL","DRY","NO DEFECTS","NOT ON SCENE (DESK REPORT)","NO INJURY / DRIVE AWAY",,,,"OVER $1,500","2026-02-14T19:14:00.000","IMPROPER TURNING/NO SIGNAL","NOT APPLICABLE","4312","W","FULLERTON AVE","2524",,,,,,,"2","NO INDICATION OF INJURY","0","0","0","0","0","3","0","18","7","2","41.9244995608","-87.7346529289","POINT (-87.734652928868 41.924499560815)"
"90ef0c2cfc00e0ae134db6f90b771f7a94e8094c84467515c785e7d08fb0deacd00c083ac85f45616c8f8f55f7d3583c94debcaebe4276484e6ec94962675e31",,"2026-02-14T18:07:00.000","30","UNKNOWN","UNKNOWN","CLEAR","DARKNESS, LIGHTED ROAD","PEDALCYCLIST","NOT DIVIDED",,"STRAIGHT AND LEVEL","DRY","UNKNOWN","ON SCENE","NO INJURY / DRIVE AWAY",,,,"$501 - $1,500","2026-02-14T18:07:00.000","IMPROPER OVERTAKING/PASSING","IMPROPER OVERTAKING/PASSING","607","S","STATE ST","123",,,,,,,"2","NO INDICATION OF INJURY","0","0","0","0","0","2","0","18","7","2","41.8743819374","-87.6274603401","POINT (-87.6274603401 41.874381937443)"
"355c0fd86e71578d16e21faf8743eae6fa16bbcf034d9ac4ce524cc25b3a815f71afba3992fbf661994d4682eef1c23402d0a36517909111a88532dbd91196fb",,"2026-02-14T18:01:00.000","30","NO CONTROLS","NO CONTROLS","CLEAR","DAYLIGHT","SIDESWIPE SAME DIRECTION","NOT DIVIDED",,"STRAIGHT AND LEVEL","DRY","NO DEFECTS","ON SCENE","NO INJURY / DRIVE AWAY",,,,"OVER $1,500","2026-02-14T18:05:00.000","UNABLE TO DETERMINE","UNABLE TO DETERMINE","2801","W","CHICAGO AVE","1221",,,,,,,"2","NO INDICATION OF INJURY","0","0","0","0","0","2","0","18","7","2","41.8955437081","-87.6967646402","POINT (-87.696764640231 41.895543708081)"
"1c4bf1e7f9b2efa0fd36b305f218a60add9b016df9426e6e53be052fad421ba2b56910941588ced3d6383df4759505123d77e77b4228ddef0fbe929b3e679a40",,"2026-02-14T18:00:00.000","30","STOP SIGN/FLASHER","NO CONTROLS","CLEAR","DARKNESS","ANGLE","NOT DIVIDED",,"STRAIGHT AND LEVEL","DRY","NO DEFECTS","NOT ON SCENE (DESK REPORT)","NO INJURY / DRIVE AWAY",,,,"$501 - $1,500","2026-02-14T18:18:00.000","DISREGARDING STOP SIGN","NOT APPLICABLE","11000","S","GREEN ST","2233",,,,,,,"2","NO INDICATION OF INJURY","0","0","0","0","0","2","0","18","7","2","41.6940692936","-87.6437961732","POINT (-87.643796173215 41.694069293595)"
"7cfc2e8fa421c4046d4351e73bb707e4e3ecccc767990d241b8abce4f414ad3995ec84eab3f6432d5049ac49c02b01e57beeafcf92aefffc25d1de237c92a2f9","Y","2026-02-14T18:00:00.000","30","NO CONTROLS","NO CONTROLS","CLEAR","DUSK","PARKED MOTOR VEHICLE","DIVIDED - W/MEDIAN BARRIER",,"STRAIGHT AND LEVEL","DRY","NO DEFECTS","NOT ON SCENE (DESK REPORT)","NO INJURY / DRIVE AWAY",,,"Y","OVER $1,500","2026-02-20T08:30:00.000","UNABLE TO DETERMINE","UNABLE TO DETERMINE","3821","S","DAMEN AVE","912",,,,,,,"2","NO INDICATION OF INJURY","0","0","0","0","0","1","0","18","7","2","41.8242774314","-87.6749717072","POINT (-87.674971707173 41.824277431409)"
"80c944b6449f1113db642b6dd24a5fc2615103d38d3f56b5a3f1f64bbf1e504c8c9eebf041d9422574c5943e34af570e50bdb699cb9a053506710fa7d0600cd9","Y","2026-02-14T18:00:00.000","15","NO CONTROLS","NO CONTROLS","UNKNOWN","DARKNESS, LIGHTED ROAD","ANGLE","PARKING LOT",,"STRAIGHT AND LEVEL","UNKNOWN","UNKNOWN","NOT ON SCENE (DESK REPORT)","INJURY AND / OR TOW DUE TO CRASH",,,,"OVER $1,500","2026-02-19T19:50:00.000","IMPROPER BACKING","NOT APPLICABLE","1411","W","87TH ST","2222",,,,,,,"2","NONINCAPACITATING INJURY","1","0","0","1","0","1","0","18","7","2","41.7357448514","-87.6587177057","POINT (-87.658717705659 41.735744851366)"
"7f6d8dcc3d42ea69cf1604b90333226f685d7e27d387864a13c9f641a677b76d52b341f7e4abbbde1521772a8c913220732f72ed799f8f298198d1d0d206b87d",,"2026-02-14T17:55:00.000","30","STOP SIGN/FLASHER","FUNCTIONING PROPERLY","CLEAR","DARKNESS, LIGHTED ROAD","ANGLE","FOUR WAY",,"STRAIGHT AND LEVEL","DRY","NO DEFECTS","ON SCENE","INJURY AND / OR TOW DUE TO CRASH","Y",,"Y","OVER $1,500","2026-02-14T18:00:00.000","DISREGARDING STOP SIGN","NOT APPLICABLE","11200","S","AVENUE H","433",,,,,,,"2","NO INDICATION OF INJURY","0","0","0","0","0","2","0","17","7","2","41.6917411057","-87.5330117231","POINT (-87.533011723074 41.691741105698)"
"8e131c804c5732bfca63e6af0c4baa63713e58cb0a06ec1b6a6fd15c1ac9cdba005f3173e48ab2bbff6d53c382ff9270fba83c3c19a26995d8545f407d52ee85",,"2026-02-14T17:54:00.000","30","TRAFFIC SIGNAL","FUNCTIONING PROPERLY","CLEAR","DAWN","REAR END","DIVIDED - W/MEDIAN (NOT RAISED)",,"STRAIGHT AND LEVEL","DRY","NO DEFECTS","ON SCENE","INJURY AND / OR TOW DUE TO CRASH",,,,"OVER $1,500","2026-02-14T17:54:00.000","FAILING TO REDUCE SPEED TO AVOID CRASH","UNABLE TO DETERMINE","2598","W","NORTH AVE","1434",,,,,,,"2","NONINCAPACITATING INJURY","1","0","0","1","0","1","0","17","7","2","41.9103757536","-87.6920520002","POINT (-87.692052000178 41.910375753637)"
"fbd38b2c9bc6255d9b367cc113d27499435477fb1051a73f4b34caadcaddf0eff7f350494d9de57691da7fea751f24f81e3022f1627f33ffab9cbc9cc10dacbe","N","2026-02-14T17:50:00.000","30","NO CONTROLS","NO CONTROLS","CLEAR","DAYLIGHT","PARKED MOTOR VEHICLE","NOT DIVIDED",,"STRAIGHT AND LEVEL","DRY","NO DEFECTS","ON SCENE","NO INJURY / DRIVE AWAY",,,"Y","OVER $1,500","2026-02-14T18:02:00.000","UNABLE TO DETERMINE","NOT APPLICABLE","2123","W","OHIO ST","1221",,,,,,,"3","NO INDICATION OF INJURY","0","0","0","0","0","1","0","17","7","2","41.8921040407","-87.6803503888","POINT (-87.680350388819 41.892104040736)"
"513cd9eebbc9f998dc43dbc971ad61fe601edb6123753760fc1b1e86830c2929ed95186a01275220203729b0d69f1dff3f5dfb1b17869970ce8b76809124b5d8",,"2026-02-14T17:46:00.000","20","NO CONTROLS","NO CONTROLS","CLEAR","DARKNESS","PARKED MOTOR VEHICLE","NOT DIVIDED",,"STRAIGHT AND LEVEL","DRY","NO DEFECTS","ON SCENE","NO INJURY / DRIVE AWAY",,,"Y","OVER $1,500","2026-02-14T18:57:00.000","UNABLE TO DETERMINE","NOT APPLICABLE","2049","W","OHIO ST","1221",,,,,,,"4","NO INDICATION OF INJURY","0","0","0","0","0","1","0","17","7","2","41.8921283458","-87.6788902444","POINT (-87.678890244398 41.892128345779)"
"32a06b4d07159fb7c8b8db74a2affbbe3c249bf91be7badcc438d39657b0aaad7a85a6842c2b1ba56d06551fdfacf67668c2cddf78a687c686707098c8fa759c",,"2026-02-14T17:43:00.000","30","STOP SIGN/FLASHER","FUNCTIONING PROPERLY","CLEAR","DARKNESS, LIGHTED ROAD","ANGLE","OTHER",,"STRAIGHT AND LEVEL","DRY","NO DEFECTS","ON SCENE","NO INJURY / DRIVE AWAY","Y",,,"OVER $1,500","2026-02-14T17:53:00.000","DISREGARDING STOP SIGN","DISREGARDING STOP SIGN","7959","S","THROOP ST","612",,,,,,,"2","NO INDICATION OF INJURY","0","0","0","0","0","3","0","17","7","2","41.74871481","-87.655970422","POINT (-87.655970422047 41.748714809995)"
"c135eed64b53a7b150f2c2fab9db9409a0b334fee45176e2e7ae5fe73ffb6349d55c54bdcbdaaa8aad6a9c0d19bce24ea47cfc78e9887891206b033ee795dd0a",,"2026-02-14T17:40:00.000","30","TRAFFIC SIGNAL","FUNCTIONING PROPERLY","CLEAR","DUSK","ANGLE","FOUR WAY",,"STRAIGHT AND LEVEL","DRY","UNKNOWN","ON SCENE","INJURY AND / OR TOW DUE TO CRASH","Y",,,"OVER $1,500","2026-02-14T17:48:00.000","DISREGARDING OTHER TRAFFIC SIGNS","NOT APPLICABLE","601","S","INDEPENDENCE BLVD","1133",,,,,,,"2","NO INDICATION OF INJURY","0","0","0","0","0","3","0","17","7","2","41.8734792205","-87.7196088957","POINT (-87.719608895659 41.873479220546)"
"b8e89d2383d40d7954971e98d850cb90f6ff199a79a2909dbd42d173e0662391d0831e3f09af219b7de9ae299f4b18526cebedcadfe4575afa0f5bff97a2e4e3",,"2026-02-14T17:30:00.000","25","UNKNOWN","UNKNOWN","UNKNOWN","UNKNOWN","SIDESWIPE SAME DIRECTION","NOT DIVIDED",,"STRAIGHT AND LEVEL","UNKNOWN","UNKNOWN","NOT ON SCENE (DESK REPORT)","NO INJURY / DRIVE AWAY",,,,"OVER $1,500","2026-02-14T18:04:00.000","NOT APPLICABLE","NOT APPLICABLE","1520","W","NORTH AVE","1433",,,,,,,"2","NO INDICATION OF INJURY","0","0","0","0","0","2","0","17","7","2","41.9107619487","-87.6661209959","POINT (-87.666120995872 41.910761948707)"
"e39215d373db9bad46c3b1b3dfd4d6344b4f52239159fa02edbff6d9652394038cebc8ac879d052c79275e8702f12f060bd8504f3388a89773b688902b9fedb5",,"2026-02-14T17:30:00.000","30","NO CONTROLS","NO CONTROLS","UNKNOWN","DARKNESS, LIGHTED ROAD","PARKED MOTOR VEHICLE","NOT DIVIDED",,"STRAIGHT AND LEVEL","UNKNOWN","UNKNOWN","NOT ON SCENE (DESK REPORT)","NO INJURY / DRIVE AWAY",,,"Y","OVER $1,500","2026-02-20T10:35:00.000","UNABLE TO DETERMINE","NOT APPLICABLE","2063","N","LEAVITT ST","1432",,,,,,,"2","NO INDICATION OF INJURY","0","0","0","0","0","1","0","17","7","2","41.9194742457","-87.6824267732","POINT (-87.682426773193 41.919474245677)"
"fc30ee099876c066a0bc4b1c8fc4fb0ece4c47beb95bdae716293c1dbd14e757b7fa1879d548d0de2e96110688ab75ddc6e81a4d89d6d326ab2b0c45362c3e54",,"2026-02-14T17:30:00.000","30","NO CONTROLS","NO CONTROLS","CLEAR","DUSK","REAR END","NOT DIVIDED",,"STRAIGHT AND LEVEL","DRY","NO DEFECTS","NOT ON SCENE (DESK REPORT)","NO INJURY / DRIVE AWAY",,,,"OVER $1,500","2026-02-14T18:02:00.000","FOLLOWING TOO CLOSELY","NOT APPLICABLE","4300","S","PULASKI RD","815",,,,,,,"2","NO INDICATION OF INJURY","0","0","0","0","0","2","0","17","7","2","41.8151010211","-87.7240052334","POINT (-87.724005233406 41.815101021137)"
"69e361cf91a85c382f133ed771cf8749099800f13c36daa09bb74a10fabf14808e05474aa4e627d58e971f986bcbb216b6edfd36610a34d90bab2f62f549c174",,"2026-02-14T17:29:00.000","30","TRAFFIC SIGNAL","FUNCTIONING PROPERLY","CLEAR","DARKNESS, LIGHTED ROAD","REAR END","NOT DIVIDED",,"STRAIGHT AND LEVEL","DRY","UNKNOWN","ON SCENE","INJURY AND / OR TOW DUE TO CRASH",,,,"OVER $1,500","2026-02-14T17:29:00.000","FAILING TO REDUCE SPEED TO AVOID CRASH","NOT APPLICABLE","78","E","47TH ST","215",,,,,,,"3","NONINCAPACITATING INJURY","1","0","0","1","0","2","0","17","7","2","41.8093958423","-87.6229195787","POINT (-87.622919578698 41.809395842295)"
"e02e1130b2eedfce61207c8f4971a9b404b8fc55c5112ce8162394fee9495d6b739fc7993b0d54e99db2338025fac95b44509aacbdb2e957373b54afcd56ac53",,"2026-02-14T17:25:00.000","30","NO CONTROLS","NO CONTROLS","RAIN","DARKNESS, LIGHTED ROAD","SIDESWIPE SAME DIRECTION","NOT DIVIDED",,"STRAIGHT AND LEVEL","DRY","NO DEFECTS","ON SCENE","NO INJURY / DRIVE AWAY",,,,"OVER $1,500","2026-02-14T17:26:00.000","FAILING TO YIELD RIGHT-OF-WAY","NOT APPLICABLE","1633","S","MICHIGAN AVE","132",,,,,,,"2","NO INDICATION OF INJURY","0","0","0","0","0","2","0","17","7","2","41.8593283855","-87.6238192306","POINT (-87.623819230557 41.859328385515)"
"df789299eb3b65097ba91638c24d30d8b580a832819369a785bef7076ebb7f4a7d9762e4028888c3a75877ba1b1a343fdcbf412ba3c16b33a328ac717d58fddf",,"2026-02-14T17:20:00.000","30","TRAFFIC SIGNAL","FUNCTIONING PROPERLY","CLEAR","DAYLIGHT","SIDESWIPE SAME DIRECTION","DIVIDED - W/MEDIAN (NOT RAISED)",,"STRAIGHT AND LEVEL","DRY","NO DEFECTS","ON SCENE","NO INJURY / DRIVE AWAY",,,,"$500 OR LESS","2026-02-14T17:40:00.000","UNABLE TO DETERMINE","NOT APPLICABLE","200","S","MICHIGAN AVE","113",,,,,,,"2","NO INDICATION OF INJURY","0","0","0","0","0","4","0","17","7","2","41.8794893287","-87.6244981249","POINT (-87.624498124934 41.879489328698)"
"a970fae8a12d8ee2941d0f8128c023650f63c311ad4724a00f1cc1a07ffcd64b8846a7511d9251beb4811a6f1c4a7c42bfee8c1f9d01d37e1018b9285196d4dd",,"2026-02-14T17:15:00.000","30","NO CONTROLS","NO CONTROLS","CLEAR","DUSK","PARKED MOTOR VEHICLE","NOT DIVIDED",,"STRAIGHT AND LEVEL","DRY","UNKNOWN","NOT ON SCENE (DESK REPORT)","NO INJURY / DRIVE AWAY",,,,"$500 OR LESS","2026-02-14T19:00:00.000","UNABLE TO DETERMINE","UNABLE TO DETERMINE","7642","N","GREENVIEW AVE","2422",,,,,,,"2","NO INDICATION OF INJURY","0","0","0","0","0","1","0","17","7","2","42.0206076441","-87.6683857112","POINT (-87.668385711182 42.020607644149)"
"ed2b12fb1a50aca9e92bdf25690c765b86da57480521fd858827d120889a539f5335f9774649204562e3aff20c0d836d3638ec59293bddb811e0710ff131ad8a",,"2026-02-14T17:15:00.000","30","TRAFFIC SIGNAL","FUNCTIONING PROPERLY","CLEAR","DARKNESS, LIGHTED ROAD","SIDESWIPE SAME DIRECTION","NOT DIVIDED",,"STRAIGHT AND LEVEL","UNKNOWN","UNKNOWN","NOT ON SCENE (DESK REPORT)","NO INJURY / DRIVE AWAY",,,,"$501 - $1,500","2026-02-15T13:35:00.000","IMPROPER LANE USAGE","NOT APPLICABLE","1743","W","PETERSON AVE","2012",,,,,,,"2","NO INDICATION OF INJURY","0","0","0","0","0","2","0","17","7","2","41.9906792969","-87.6732579517","POINT (-87.673257951695 41.990679296871)"
"4f23d083aa2756d3da993442d09bba699da5c6e1b1aab3515b10894f0136630c17ba8e73f04b7c90979661af41bc649162ec5adc6d1093ce1ffcab8d6ba2cbaf",,"2026-02-14T17:13:00.000","30","NO CONTROLS","NO CONTROLS","CLEAR","DUSK","SIDESWIPE SAME DIRECTION","ONE-WAY",,"STRAIGHT AND LEVEL","DRY","NO DEFECTS","NOT ON SCENE (DESK REPORT)","NO INJURY / DRIVE AWAY",,,,"OVER $1,500","2026-02-14T19:08:00.000","FAILING TO YIELD RIGHT-OF-WAY","NOT APPLICABLE","4527","S","LAKE PARK AVE","222",,,,,,,"2","NO INDICATION OF INJURY","0","0","0","0","0","2","0","17","7","2","41.8126808315","-87.5955808514","POINT (-87.595580851399 41.81268083151)"
"43de8550504f9502b99d85b4a5848328c764f9dc50244949ee84fc2da94f6c38467734c84ac610f2caaa2da4d324742677749c5f0070684a83c320e58dfda9e1",,"2026-02-14T17:07:00.000","30","NO CONTROLS","NO CONTROLS","CLEAR","DAYLIGHT","PARKED MOTOR VEHICLE","NOT DIVIDED",,"STRAIGHT AND LEVEL","DRY","NO DEFECTS","NOT ON SCENE (DESK REPORT)","NO INJURY / DRIVE AWAY",,,"Y","OVER $1,500","2026-02-15T10:47:00.000","UNABLE TO DETERMINE","NOT APPLICABLE","505","N","MICHIGAN AVE","1834",,,,,,,"2","NO INDICATION OF INJURY","0","0","0","0","0","3","0","17","7","2","41.891120593","-87.6239887043","POINT (-87.623988704323 41.891120593049)"
"f4cbd9c4494b12a0643ab8313c3ef9e05ff5094825a10c7cb51adc21a19543a33fd222cec3cf0fa99ea1762897fbdc284be255632a617eeea7035589b66b9dfa",,"2026-02-14T17:07:00.000","30","NO CONTROLS","NO CONTROLS","CLEAR","DAYLIGHT","REAR END","NOT DIVIDED",,"STRAIGHT AND LEVEL","DRY","NO DEFECTS","ON SCENE","INJURY AND / OR TOW DUE TO CRASH",,,,"$501 - $1,500","2026-02-14T17:07:00.000","FOLLOWING TOO CLOSELY","FOLLOWING TOO CLOSELY","1421","W","47TH ST","933",,,,,,,"2","INCAPACITATING INJURY","1","0","1","0","0","1","0","17","7","2","41.8085473884","-87.6610730438","POINT (-87.661073043782 41.80854738838)"
"1b012c53de148e2a817136122d5c17506fd319a060bcea00629e7a8d4f7e6dc1da2e40b081267e1a541bd13fa38a063941e13d642a37477af265d8558669a444",,"2026-02-14T17:04:00.000","25","STOP SIGN/FLASHER","FUNCTIONING PROPERLY","CLEAR","DUSK","ANGLE","FOUR WAY",,"STRAIGHT AND LEVEL","DRY","NO DEFECTS","ON SCENE","INJURY AND / OR TOW DUE TO CRASH","Y",,,"OVER $1,500","2026-02-14T17:04:00.000","FAILING TO YIELD RIGHT-OF-WAY","UNABLE TO DETERMINE","7200","S","HARVARD AVE","731",,,,,,,"2","NO INDICATION OF INJURY","0","0","0","0","0","5","0","17","7","2","41.7634585508","-87.6335434005","POINT (-87.633543400469 41.763458550761)"