"crash_record_id","crash_date_est_i","crash_date","posted_speed_limit","traffic_control_device","device_condition","weather_condition","lighting_condition","first_crash_type","trafficway_type","lane_cnt","alignment","roadway_surface_cond","road_defect","report_type","crash_type","intersection_related_i","private_property_i","hit_and_run_i","damage","date_police_notified","prim_contributory_cause","sec_contributory_cause","street_no","street_direction","street_name","beat_of_occurrence","photos_taken_i","statements_taken_i","dooring_i","work_zone_i","work_zone_type","workers_present_i","num_units","most_severe_injury","injuries_total","injuries_fatal","injuries_incapacitating","injuries_non_incapacitating","injuries_reported_not_evident","injuries_no_indication","injuries_unknown","crash_hour","crash_day_of_week","crash_month","latitude","longitude","location"
"1565f478634b755b8a8cbcc935bf578c4e467b975dd9d5dbfe1cb7a73c4458bf51da0b0de88369dec68001cc29acf742b74ded7c2c8e091cd461fc50babbedac",,"2026-02-14T17:00:00.000","30","NO CONTROLS","NO CONTROLS","CLEAR","UNKNOWN","PARKED MOTOR VEHICLE","NOT DIVIDED",,"STRAIGHT AND LEVEL","DRY","NO DEFECTS","NOT ON SCENE (DESK REPORT)","NO INJURY / DRIVE AWAY",,,"Y","OVER $1,500","2026-02-20T18:30:00.000","UNABLE TO DETERMINE","NOT APPLICABLE","2727","W","FULLERTON AVE","1431",,,,,,,"2","NO INDICATION OF INJURY","0","0","0","0","0","1","0","17","7","2","41.9247107306","-87.6960715831","POINT (-87.696071583138 41.924710730642)"
"7414f6e306c6a131c5e9778a89ef705ffbc4d0d25d698d9a174ab2e5da2ad3c509b400330fe4bc5b8162d7fff753fa859ebb4b508d7bb5989c8e950b84e12af2",,"2026-02-14T17:00:00.000","30","NO CONTROLS","NO CONTROLS","CLEAR","DAYLIGHT","REAR TO SIDE","NOT DIVIDED",,"STRAIGHT AND LEVEL","DRY","UNKNOWN","NOT ON SCENE (DESK REPORT)","NO INJURY / DRIVE AWAY",,,,"OVER $1,500","2026-02-16T11:30:00.000","UNABLE TO DETERMINE","UNABLE TO DETERMINE","4358","W","51ST ST","815",,,,,,,"2","NO INDICATION OF INJURY","0","0","0","0","0","2","0","17","7","2","41.8005749503","-87.7331763478","POINT (-87.733176347826 41.800574950283)"
"9124c96a0ae004209605fa2d7a161622c1e2881877cd67a111ba06fc229dc1959e0802f707af05001f4949d20f1272dfc3f10037155ed3172332822759865315",,"2026-02-14T17:00:00.000","10","NO CONTROLS","NO CONTROLS","CLEAR","DAYLIGHT","PARKED MOTOR VEHICLE","PARKING LOT",,"STRAIGHT AND LEVEL","DRY","UNKNOWN","NOT ON SCENE (DESK REPORT)","NO INJURY / DRIVE AWAY",,"Y",,"$500 OR LESS","2026-02-14T18:15:00.000","IMPROPER BACKING","UNABLE TO DETERMINE","515","N","NOBLE ST","1215",,,,,,,"2","NO INDICATION OF INJURY","0","0","0","0","0","2","0","17","7","2","41.8915215039","-87.6621323272","POINT (-87.662132327213 41.891521503909)"
"aa1e15ed31f8197398494d568947e5609489bf421eba247292f3fb1f3d82b82a1168561fe639e8dbe1f00e4660f8acfb990c54dca6e208b525dc2fde94c38bb9",,"2026-02-14T17:00:00.000","30","TRAFFIC SIGNAL","FUNCTIONING PROPERLY","UNKNOWN","UNKNOWN","TURNING","NOT DIVIDED",,"STRAIGHT AND LEVEL","UNKNOWN","UNKNOWN","NOT ON SCENE (DESK REPORT)","INJURY AND / OR TOW DUE TO CRASH","Y",,"Y","$501 - $1,500","2026-02-19T11:55:00.000","UNABLE TO DETERMINE","NOT APPLICABLE","912","N","STATE ST","1832",,,,,,,"2","REPORTED, NOT EVIDENT","1","0","0","0","1","2","0","17","7","2","41.8996076741","-87.6284266818","POINT (-87.628426681762 41.89960767411)"
"b812d408e4a0ada965ebff0fb51d04ea159601316bea034b020721589a2429dc7ec3a2967da8723d356ba643be15ac1c41b2561e847dcc90b049069c8c13228a",,"2026-02-14T17:00:00.000","25","STOP SIGN/FLASHER","FUNCTIONING PROPERLY","CLEAR","DARKNESS, LIGHTED ROAD","TURNING","DIVIDED - W/MEDIAN (NOT RAISED)",,"STRAIGHT AND LEVEL","DRY","NO DEFECTS","NOT ON SCENE (DESK REPORT)","NO INJURY / DRIVE AWAY","Y",,,"OVER $1,500","2026-02-14T18:40:00.000","FAILING TO YIELD RIGHT-OF-WAY","NOT APPLICABLE","5900","S","TRIPP AVE","813",,,,,,,"2","NO INDICATION OF INJURY","0","0","0","0","0","2","0","17","7","2","41.7857839251","-87.7292231425","POINT (-87.729223142508 41.785783925055)"
"6618386ba7d2e8b42c8284099ef993cfc0b8a0f275b1aae59ab6121ca14cd18576f1db354be58f4a3faaedfe2988c4829b9116d846cef3993f114948ade27b27","Y","2026-02-14T16:58:00.000","30","STOP SIGN/FLASHER","FUNCTIONING PROPERLY","CLEAR","DAYLIGHT","ANGLE","TRAFFIC ROUTE",,"STRAIGHT AND LEVEL","DRY","NO DEFECTS","ON SCENE","INJURY AND / OR TOW DUE TO CRASH","Y",,,"OVER $1,500","2026-02-14T17:17:00.000","FAILING TO YIELD RIGHT-OF-WAY","FAILING TO REDUCE SPEED TO AVOID CRASH","100","E","58TH ST","232",,,,,,,"2","NO INDICATION OF INJURY","0","0","0","0","0","3","0","16","7","2","41.7893518809","-87.6222497998","POINT (-87.622249799846 41.789351880907)"
"dc944cf50edaadda5d3406ae48356e19b752cb8fa4e9e208add08da3eb9a4e836c2049fce8cbf194492a0e13921cae10ba6016f140d0ede9eb722d62f62b1913",,"2026-02-14T16:53:00.000","30","TRAFFIC SIGNAL","FUNCTIONING PROPERLY","CLEAR","DARKNESS","SIDESWIPE SAME DIRECTION","NOT DIVIDED",,"STRAIGHT AND LEVEL","DRY","NO DEFECTS","ON SCENE","NO INJURY / DRIVE AWAY",,,,"$501 - $1,500","2026-02-14T16:58:00.000","IMPROPER OVERTAKING/PASSING","IMPROPER OVERTAKING/PASSING","2569","W","FULLERTON AVE","1431",,,,,,,"2","NO INDICATION OF INJURY","0","0","0","0","0","3","0","16","7","2","41.9247446326","-87.6925424355","POINT (-87.692542435528 41.924744632563)"
"8ca2b4e33cba486fce61765bf5056290f594191eeed133bd8e787504f3b433a9afd58b6ac7702728a89975f596dfd45320802b26b73fab7d1617b1ef3dcf1509",,"2026-02-14T16:47:00.000","30","STOP SIGN/FLASHER","NO CONTROLS","CLEAR","DAYLIGHT","OTHER OBJECT","PARKING LOT",,"STRAIGHT AND LEVEL","DRY","NO DEFECTS","ON SCENE","NO INJURY / DRIVE AWAY",,,,"$500 OR LESS","2026-02-14T16:47:00.000","UNABLE TO DETERMINE","NOT APPLICABLE","901","W","54TH PL","934",,,,,,,"1","NO INDICATION OF INJURY","0","0","0","0","0","2","0","16","7","2","41.795037994","-87.6477427494","POINT (-87.647742749421 41.79503799398)"
"e2b9208d4c1938cf8d1ae8a5fcc87caa3610c291cbe0d1f2dc897efacace64c8b84aaf3b99fb12ca453e55f1e8ec737aa18bf1b46eef5aa8ba5450ff92e4c05a",,"2026-02-14T16:46:00.000","35","TRAFFIC SIGNAL","FUNCTIONING PROPERLY","CLEAR","DAYLIGHT","ANGLE","FOUR WAY",,"STRAIGHT AND LEVEL","DRY","NO DEFECTS","ON SCENE","INJURY AND / OR TOW DUE TO CRASH","Y",,,"OVER $1,500","2026-02-14T16:54:00.000","NOT APPLICABLE","NOT APPLICABLE","5100","S","ASHLAND AVE","932",,,,,,,"2","NO INDICATION OF INJURY","0","0","0","0","0","3","0","16","7","2","41.8012250602","-87.6649209577","POINT (-87.664920957694 41.801225060191)"
"0ec9b654397ec3cbcc73a299706317ade7d016b30639513a4638f2b6363d04e9fc9c6c9bf2d1482951fb98644d59fdcf5252e6f029d099bd3536d1d7587e4ba7",,"2026-02-14T16:45:00.000","35","NO CONTROLS","NO CONTROLS","CLEAR","DAYLIGHT","SIDESWIPE SAME DIRECTION","NOT DIVIDED",,"STRAIGHT AND LEVEL","DRY","NO DEFECTS","NOT ON SCENE (DESK REPORT)","NO INJURY / DRIVE AWAY",,,,"OVER $1,500","2026-02-16T10:25:00.000","FAILING TO YIELD RIGHT-OF-WAY","NOT APPLICABLE","3750","W","DIVERSEY AVE","2523",,,,,,,"2","NO INDICATION OF INJURY","0","0","0","0","0","2","0","16","7","2","41.9319650048","-87.7217122244","POINT (-87.721712224437 41.931965004805)"
"febe8c5f702d7293d9b739e7c565ada1f3d6b665128d4043548bc551128d298a8bcf5d9d403b1b257a2d2fed0ee69106a8b3c4df1df5e7853d6959a8352954cc",,"2026-02-14T16:40:00.000","30","NO CONTROLS","NO CONTROLS","CLEAR","DAYLIGHT","SIDESWIPE SAME DIRECTION","NOT DIVIDED",,"STRAIGHT AND LEVEL","DRY","UNKNOWN",,"NO INJURY / DRIVE AWAY",,,,"OVER $1,500","2026-02-14T18:40:00.000","IMPROPER LANE USAGE","NOT APPLICABLE","8541","S","PULASKI RD","834",,,,,,,"2","NO INDICATION OF INJURY","0","0","0","0","0","2","0","16","7","2","41.7372672872","-87.7213698377","POINT (-87.721369837711 41.73726728722)"
"9c450efc1969bc692e08b67972a1ba6eefd89fbc375a7d73755c71d885731efa9aad44e40ec84f5bd97a5a94395fb4c2c1bc3fd1cc6d3c2308cfc170b03362b8",,"2026-02-14T16:35:00.000","30","UNKNOWN","UNKNOWN","CLEAR","DAYLIGHT","FIXED OBJECT","NOT DIVIDED",,"STRAIGHT ON GRADE","DRY","NO DEFECTS","ON SCENE","NO INJURY / DRIVE AWAY",,,"Y","OVER $1,500","2026-02-14T17:00:00.000","NOT APPLICABLE","NOT APPLICABLE","714","W","107TH ST","2233",,,,,,,"1","NO INDICATION OF INJURY","0","0","0","0","0","2","0","16","7","2","41.6997675031","-87.6408810413","POINT (-87.640881041343 41.699767503066)"
"8aa8cfcf4b8b5887edbafdffec3f3ea1637be02ad5910148081b723b41d521e388fca159300d3bcb8a7fa8fa17566fc66f9434e3db9562d64c6e58c44dafd91c",,"2026-02-14T16:30:00.000","30","STOP SIGN/FLASHER","FUNCTIONING PROPERLY","RAIN","DAYLIGHT","REAR END","FOUR WAY",,"STRAIGHT AND LEVEL","DRY","NO DEFECTS","NOT ON SCENE (DESK REPORT)","NO INJURY / DRIVE AWAY","Y",,"Y","OVER $1,500","2026-02-14T16:30:00.000","FAILING TO YIELD RIGHT-OF-WAY","FAILING TO YIELD RIGHT-OF-WAY","1500","S","RACINE AVE","1233",,,,,,,"2","NO INDICATION OF INJURY","0","0","0","0","0","2","0","16","7","2","41.8615680549","-87.6566747071","POINT (-87.656674707112 41.861568054908)"
"aad0b33c0cf0710d969f3d00119336d9d8426b123d13ae9c5bcb1622e79e9ac3623dc24b58326a28632ee6384538214e618e0d0430ea7f63a0de30e4649355bb",,"2026-02-14T16:30:00.000","30","NO CONTROLS","NO CONTROLS","CLEAR","DAYLIGHT","TURNING","ONE-WAY",,"STRAIGHT AND LEVEL","DRY","UNKNOWN","NOT ON SCENE (DESK REPORT)","NO INJURY / DRIVE AWAY",,,,"$501 - $1,500","2026-02-16T09:30:00.000","UNABLE TO DETERMINE","FAILING TO YIELD RIGHT-OF-WAY","200","W","MONROE ST","122",,,,,,,"3","NO INDICATION OF INJURY","0","0","0","0","0","3","0","16","7","2","41.8807689609","-87.6338749741","POINT (-87.633874974095 41.880768960918)"
"cee50de976ffc0c1424c2d178d6c9fae1f447ff9dab31d49a6f62e1caad65adb5aac773dddc75ae18ee945ad95acb97b11d95016a9970bb34db458ad11496c2e",,"2026-02-14T16:30:00.000","30","NO CONTROLS","NO CONTROLS","CLEAR","DAYLIGHT","SIDESWIPE SAME DIRECTION","DIVIDED - W/MEDIAN BARRIER",,"STRAIGHT AND LEVEL","DRY","NO DEFECTS","NOT ON SCENE (DESK REPORT)","NO INJURY / DRIVE AWAY",,,,"$501 - $1,500","2026-02-14T16:55:00.000","UNABLE TO DETERMINE","UNABLE TO DETERMINE","8712","S","STONY ISLAND AVE","412",,,,,,,"2","NO INDICATION OF INJURY","0","0","0","0","0","3","0","16","7","2","41.7364816121","-87.5857840135","POINT (-87.585784013468 41.736481612063)"
"74449207329f030cf086b00e279aa3bfa21dd5941010ebb1c98e32ff2902dd182f1c449d3a4ff5efb058531e7327ebf4ed3c33c22197464420b291b3be70c1c4",,"2026-02-14T16:20:00.000","35","NO CONTROLS","NO CONTROLS","UNKNOWN","DAYLIGHT","SIDESWIPE SAME DIRECTION","NOT DIVIDED",,"STRAIGHT AND LEVEL","UNKNOWN","UNKNOWN","NOT ON SCENE (DESK REPORT)","INJURY AND / OR TOW DUE TO CRASH",,,,"$501 - $1,500","2026-02-14T17:00:00.000","FAILING TO YIELD RIGHT-OF-WAY","UNABLE TO DETERMINE","2723","N","PULASKI RD","2524",,,,,,,"2","REPORTED, NOT EVIDENT","1","0","0","0","1","3","0","16","7","2","41.9306602802","-87.7268003254","POINT (-87.72680032541 41.930660280213)"
"77335e4e74ac0ff78f7f52e88ea55ac59f5718c1e52965c104ee86bc85ebdcb5b9583c6fbf14a8d4fbc016096a35778605631b4d4bd63a51da2960c144577a5b",,"2026-02-14T16:20:00.000","20","NO CONTROLS","NO CONTROLS","CLEAR","DAYLIGHT","PARKED MOTOR VEHICLE","PARKING LOT",,"STRAIGHT AND LEVEL","DRY","NO DEFECTS","ON SCENE","NO INJURY / DRIVE AWAY",,,,"OVER $1,500","2026-02-14T16:35:00.000","UNABLE TO DETERMINE","UNABLE TO DETERMINE","810","E","103RD ST","511",,,,,,,"2","NO INDICATION OF INJURY","0","0","0","0","0","15","0","16","7","2","41.7076029255","-87.6035558218","POINT (-87.60355582184 41.70760292546)"
"808593149f5744442d151812566fd8c1616d85087434421486ebe73f9011500eda9d6cd78887c527a07ae8939d22da5fde7c378c85431f581804d262b49b7597",,"2026-02-14T16:20:00.000","30","NO CONTROLS","NO CONTROLS","CLEAR","DAYLIGHT","PARKED MOTOR VEHICLE","PARKING LOT",,"STRAIGHT AND LEVEL","DRY","NO DEFECTS","NOT ON SCENE (DESK REPORT)","NO INJURY / DRIVE AWAY",,,,"$500 OR LESS","2026-02-14T16:30:00.000","UNABLE TO DETERMINE","NOT APPLICABLE","11640","S","MARSHFIELD AVE","2234",,,,,,,"2","NO INDICATION OF INJURY","0","0","0","0","0","1","0","16","7","2","41.6818256715","-87.6626991784","POINT (-87.662699178433 41.681825671538)"
"684b3e8396fe4886119cb7173067806bdc475170fea8ddb65ecbac9b8f505069e48c1c5b2127cb5d2358ff3f01f0673df9d3988feff7c09cda209a5ccbbeef5c",,"2026-02-14T16:15:00.000","30","NO CONTROLS","NO CONTROLS","CLEAR","DAYLIGHT","PARKED MOTOR VEHICLE","ONE-WAY",,"STRAIGHT AND LEVEL","DRY","NO DEFECTS","ON SCENE","NO INJURY / DRIVE AWAY",,,"Y","$501 - $1,500","2026-02-14T16:20:00.000","IMPROPER BACKING","IMPROPER BACKING","4067","W","13TH ST","1011",,,,,,,"2","NO INDICATION OF INJURY","0","0","0","0","0","1","0","16","7","2","41.8641999798","-87.7274951235","POINT (-87.727495123474 41.864199979778)"
"88e83fd89f4482d56eff792f1e5cf3989b9745ae007385d5dac45f5da2473de8d6d5ae1a0da87e3352e3e843af388db08d7a4146b049df45c4f5322e76c7468a",,"2026-02-14T16:05:00.000","30","TRAFFIC SIGNAL","FUNCTIONING PROPERLY","CLEAR","DAYLIGHT","REAR END","DIVIDED - W/MEDIAN BARRIER",,"STRAIGHT AND LEVEL","DRY","NO DEFECTS","NOT ON SCENE (DESK REPORT)","NO INJURY / DRIVE AWAY","Y",,,"OVER $1,500","2026-02-14T16:55:00.000","UNABLE TO DETERMINE","NOT APPLICABLE","8701","S","STONY ISLAND AVE","412",,,,,,,"2","NO INDICATION OF INJURY","0","0","0","0","0","4","0","16","7","2","41.736827829","-87.5850605801","POINT (-87.585060580126 41.73682782899)"
"1a4de6a169cd0c97268700ae65fe149379b9a7dfe1a5761a3674d4770a941c9f3be167eb5622a0a8f0753753851c3a719080da44664fe4d7455e2d72fe9eca3d","Y","2026-02-14T16:00:00.000","30","NO CONTROLS","NO CONTROLS","CLEAR","DAYLIGHT","FIXED OBJECT","ALLEY",,"STRAIGHT AND LEVEL","DRY","NO DEFECTS",,"NO INJURY / DRIVE AWAY",,,"Y","OVER $1,500","2026-02-15T09:00:00.000","UNABLE TO DETERMINE","NOT APPLICABLE","451","W","46TH ST","925",,,,,,,"1","NO INDICATION OF INJURY","0","0","0","0","0","1","0","16","7","2","41.8107222356","-87.6378662207","POINT (-87.637866220655 41.810722235627)"
"2ff9cb29c5547ea9f4b2540bc5fed2ce76feaaa1e4ac275f432b8aa8a42847a1f7aa38186968e84a48e23ca91df7d541fe55bf66bfff33858eaff84c10fe6ff1",,"2026-02-14T16:00:00.000","30","NO CONTROLS","NO CONTROLS","CLEAR","DAYLIGHT","SIDESWIPE SAME DIRECTION","NOT DIVIDED",,"STRAIGHT AND LEVEL","DRY","UNKNOWN","NOT ON SCENE (DESK REPORT)","NO INJURY / DRIVE AWAY",,,,"OVER $1,500","2026-02-14T17:05:00.000","IMPROPER LANE USAGE","NOT APPLICABLE","9500","S","ASHLAND AVE","2213",,,,,,,"2","NO INDICATION OF INJURY","0","0","0","0","0","2","0","16","7","2","41.7211606121","-87.6628281394","POINT (-87.662828139392 41.721160612052)"
"512621f23829caca3c636b382acae8d8a34a9133e5eb46aa39dd6926f46218bdde2258628daebdf81c6439cf00ffcad5e8d0f61def2448d9b948935288235dd2",,"2026-02-14T16:00:00.000","30","NO CONTROLS","NO CONTROLS","CLEAR","DAYLIGHT","TURNING","NOT DIVIDED",,"STRAIGHT AND LEVEL","DRY","NO DEFECTS","NOT ON SCENE (DESK REPORT)","NO INJURY / DRIVE AWAY",,,,"OVER $1,500","2026-02-14T16:30:00.000","UNABLE TO DETERMINE","NOT APPLICABLE","555","W","KINZIE ST","1214",,,,,,,"2","NO INDICATION OF INJURY","0","0","0","0","0","2","0","16","7","2","41.8889430755","-87.6417360217","POINT (-87.641736021743 41.888943075459)"
"b2a61ac41abd4ba6ce14e1dbff3bd8f112b29a10df2130d0ee4f4e9cbe814925f43f20e0ac940337ea64cff8b22f4df8a66f8c2c038b8c66b2047b15f9a961d0",,"2026-02-14T16:00:00.000","25","NO CONTROLS","NO CONTROLS","CLEAR","DAYLIGHT","PARKED MOTOR VEHICLE","NOT DIVIDED",,"STRAIGHT AND LEVEL","DRY","NO DEFECTS","NOT ON SCENE (DESK REPORT)","NO INJURY / DRIVE AWAY",,,,"OVER $1,500","2026-02-14T18:35:00.000","UNABLE TO DETERMINE","UNABLE TO DETERMINE","4519","W","HADDON AVE","1111",,,,,,,"2","NO INDICATION OF INJURY","0","0","0","0","0","1","0","16","7","2","41.9014264565","-87.7393342286","POINT (-87.739334228575 41.901426456499)"
"ce74668597deb503419d86140ce944bd6158a628ec887d17acc55887a601938681f37703a61936fdea2a8239c11557fcef0219443735ab3e1b6ffbdb1a1b3d62",,"2026-02-14T16:00:00.000","30","TRAFFIC SIGNAL","FUNCTIONING PROPERLY","CLEAR","DAYLIGHT","SIDESWIPE SAME DIRECTION","ONE-WAY",,"STRAIGHT AND LEVEL","DRY","UNKNOWN","NOT ON SCENE (DESK REPORT)","NO INJURY / DRIVE AWAY",,,,"OVER $1,500","2026-02-14T17:45:00.000","UNABLE TO DETERMINE","NOT APPLICABLE","102","E","24TH PL","132",,,,,,,"2","NO INDICATION OF INJURY","0","0","0","0","0","2","0","16","7","2","41.8485445107","-87.6235515881","POINT (-87.623551588098 41.848544510746)"
"2c4e685ef0b3f5ac10a66a4f13141e84ad8bd193c08e2a182e9ef9412d0d8eea6d7b5fa1f6f1edc017e9b9a831543200ed775c3a722ed7f769377e7b33be3da7",,"2026-02-14T15:45:00.000","25","UNKNOWN","UNKNOWN","UNKNOWN","UNKNOWN","SIDESWIPE SAME DIRECTION","NOT DIVIDED",,"STRAIGHT AND LEVEL","UNKNOWN","UNKNOWN","NOT ON SCENE (DESK REPORT)","NO INJURY / DRIVE AWAY",,,,"OVER $1,500","2026-02-14T16:39:00.000","NOT APPLICABLE","NOT APPLICABLE","1158","N","THROOP ST","1213",,,,,,,"2","NO INDICATION OF INJURY","0","0","0","0","0","2","0","15","7","2","41.9032718728","-87.6607967088","POINT (-87.660796708826 41.903271872772)"
"7be55d8c1dfce6fb1c0f4f36593f874108e1119736f54835551a605eb22f9ed9777be656f54fb140c4112422bf1c9e3a9b0d426f01b2d372ff7354afba535211",,"2026-02-14T15:40:00.000","30","NO CONTROLS","NO CONTROLS","CLEAR","DAYLIGHT","SIDESWIPE SAME DIRECTION","DIVIDED - W/MEDIAN (NOT RAISED)",,"STRAIGHT AND LEVEL","DRY","UNKNOWN","NOT ON SCENE (DESK REPORT)","NO INJURY / DRIVE AWAY",,,,"OVER $1,500","2026-02-14T16:15:00.000","UNABLE TO DETERMINE","NOT APPLICABLE","2339","N","MILWAUKEE AVE","1414",,,,,,,"2","NO INDICATION OF INJURY","0","0","0","0","0","3","0","15","7","2","41.9237923182","-87.6985698267","POINT (-87.698569826702 41.923792318158)"
"7fa6076c0af2843e7d679504e4118c18e5b657a23b8aa773700fd8b1e996a15620f77327e5a68370239420354fe4e67126eca3db5034209ddd23bb21ccd26253",,"2026-02-14T15:40:00.000","30","NO CONTROLS","NO CONTROLS","CLEAR","DAYLIGHT","REAR END","ONE-WAY",,"STRAIGHT AND LEVEL","DRY","NO DEFECTS","NOT ON SCENE (DESK REPORT)","NO INJURY / DRIVE AWAY",,,,"OVER $1,500","2026-02-14T16:18:00.000","UNABLE TO DETERMINE","FOLLOWING TOO CLOSELY","3139","N","KARLOV AVE","2523",,,,,,,"2","NO INDICATION OF INJURY","0","0","0","0","0","4","0","15","7","2","41.9384311604","-87.7294803678","POINT (-87.729480367784 41.938431160372)"
"a260c32c0e366d759dbf4f66771b369f7ecc77b2494f1b50ba92b2d1a0d73da1e0c2ea8b6c0e18d0976e66d4ea21b6904688a259913df25d3eb59b99a418ef4e",,"2026-02-14T15:38:00.000","30","NO CONTROLS","NO CONTROLS","CLEAR","DAYLIGHT","SIDESWIPE SAME DIRECTION","DIVIDED - W/MEDIAN (NOT RAISED)",,"STRAIGHT AND LEVEL","DRY","NO DEFECTS","ON SCENE","NO INJURY / DRIVE AWAY",,,,"$501 - $1,500","2026-02-14T15:40:00.000","DRIVING SKILLS/KNOWLEDGE/EXPERIENCE","DRIVING SKILLS/KNOWLEDGE/EXPERIENCE","4944","S","ASHLAND AVE","931",,,,,,,"2","NO INDICATION OF INJURY","0","0","0","0","0","2","0","15","7","2","41.8036099881","-87.6649838892","POINT (-87.66498388921 41.803609988142)"
"7fb6fe6d0251e73cefc790b7c8a9debd8ae696b15f5d4ef59d4e6816b1ff91aaf2474011a2fc8ffde4f6d534b1d5e88f2cc7fb12e126a2b553b4a501f8808e2d","Y","2026-02-14T15:30:00.000","30","NO CONTROLS","NO CONTROLS","CLEAR","DAYLIGHT","PARKED MOTOR VEHICLE","NOT DIVIDED",,"STRAIGHT AND LEVEL","DRY","NO DEFECTS","ON SCENE","NO INJURY / DRIVE AWAY",,,"Y","OVER $1,500","2026-02-14T18:11:00.000","UNABLE TO DETERMINE","UNABLE TO DETERMINE","6244","W","MONTROSE AVE","1622",,,,,,,"2","NO INDICATION OF INJURY","0","0","0","0","0","1","0","15","7","2","41.9603691941","-87.7837080744","POINT (-87.783708074352 41.960369194146)"
"6cecc1d7cb2ef5bd7de3f6652c0d4d79d29895c950821c0e566e48e8b4076ec60b9cfab073ac3652dd59eba5c0dc15467d9009672058693b4b023607cdf561c8",,"2026-02-14T15:25:00.000","30","TRAFFIC SIGNAL","FUNCTIONING PROPERLY","CLEAR","DAYLIGHT","TURNING","FOUR WAY",,"STRAIGHT AND LEVEL","DRY","NO DEFECTS","ON SCENE","INJURY AND / OR TOW DUE TO CRASH","Y",,,"OVER $1,500","2026-02-14T15:26:00.000","FAILING TO YIELD RIGHT-OF-WAY","NOT APPLICABLE","3716","S","ARCHER AVE","911",,"Y",,,,,"2","NONINCAPACITATING INJURY","1","0","0","1","0","2","0","15","7","2","41.8260400172","-87.6849673999","POINT (-87.684967399868 41.826040017229)"
"d4e51233e74a22575454d688925b70099d8e16aed283b5d71f2fee6e2adb949af1abd1b09dc542c6d05184b187d8eed206729782bd366f75baaf0f5420a662e9",,"2026-02-14T15:24:00.000","30","UNKNOWN","UNKNOWN","CLEAR","DAYLIGHT","REAR END","OTHER",,"STRAIGHT AND LEVEL","WET","NO DEFECTS","ON SCENE","NO INJURY / DRIVE AWAY",,,,"$500 OR LESS","2026-02-14T15:37:00.000","FOLLOWING TOO CLOSELY","NOT APPLICABLE","6100","N","PULASKI RD","1711",,,,,,,"2","NO INDICATION OF INJURY","0","0","0","0","0","2","0","15","7","2","41.9920057887","-87.7290168293","POINT (-87.729016829304 41.99200578874)"
"809f20698767c3e926f425fdb968cee54448f8163a3bf8c8280d443af744195a98e9009a42c563f40867863ca54df4d6199d29138e6b2e12da83c107145341bd",,"2026-02-14T15:15:00.000","30","NO CONTROLS","NO CONTROLS","CLEAR","DAYLIGHT","TURNING","NOT DIVIDED",,"STRAIGHT AND LEVEL","DRY","UNKNOWN","ON SCENE","NO INJURY / DRIVE AWAY","Y",,,"$501 - $1,500","2026-02-14T15:52:00.000","IMPROPER TURNING/NO SIGNAL","NOT APPLICABLE","932","N","CENTRAL AVE","1511",,,,,,,"2","NO INDICATION OF INJURY","0","0","0","0","0","3","0","15","7","2","41.8976776069","-87.7656429672","POINT (-87.76564296725 41.897677606876)"
"e1cad3afdc3b20cb4518e9a92f6351b0f3e4d4a677194628991a6c43b9576b6dd82c921534da6c36a098f7ed4348385bdd0bf506b2aa3e6c45ae6ee0f83a1dc4",,"2026-02-14T15:15:00.000","10","NO CONTROLS","OTHER","CLEAR","UNKNOWN","PARKED MOTOR VEHICLE","PARKING LOT",,"STRAIGHT AND LEVEL","DRY","NO DEFECTS","NOT ON SCENE (DESK REPORT)","NO INJURY / DRIVE AWAY",,,,"OVER $1,500","2026-02-14T16:34:00.000","UNABLE TO DETERMINE","NOT APPLICABLE","6020","N","CICERO AVE","1621",,,,,,,"2","NO INDICATION OF INJURY","0","0","0","0","0","1","0","15","7","2","41.9904947718","-87.7484774142","POINT (-87.748477414229 41.99049477183)"
"3337bd92ddbada37243024987b4dc48809bdeaa8e79a7537ea0d96609adebd3eee0b2959c683f98da2d675a9052434bdc9f3d7092e0a62a5ca16a6cf3541fa72",,"2026-02-14T15:14:00.000","30","TRAFFIC SIGNAL","FUNCTIONING PROPERLY","CLEAR","DAYLIGHT","TURNING","ONE-WAY",,"STRAIGHT AND LEVEL","DRY","NO DEFECTS","ON SCENE","NO INJURY / DRIVE AWAY","Y",,,"$500 OR LESS","2026-02-14T15:30:00.000","IMPROPER TURNING/NO SIGNAL","NOT APPLICABLE","500","W","WASHINGTON BLVD","121",,,,,,,"2","NO INDICATION OF INJURY","0","0","0","0","0","3","0","15","7","2","41.8832909204","-87.6397847589","POINT (-87.639784758898 41.883290920413)"
"ed71422c5a5d7be3c9a76de2372b4207a1cc671a1e016bb7345d39c19f83816b1eaab00c0b7a36c2b16ead8b636b183c2dd39af1d48565f8dface6776ae26310",,"2026-02-14T15:13:00.000","30","UNKNOWN","UNKNOWN","CLEAR","DAYLIGHT","SIDESWIPE SAME DIRECTION","NOT DIVIDED",,"STRAIGHT AND LEVEL","UNKNOWN","UNKNOWN","NOT ON SCENE (DESK REPORT)","NO INJURY / DRIVE AWAY",,,,"OVER $1,500","2026-02-14T17:10:00.000","UNABLE TO DETERMINE","UNABLE TO DETERMINE","2","N","RIVERSIDE PLZ","121",,,,,,,"2","NO INDICATION OF INJURY","0","0","0","0","0","2","0","15","7","2","41.8819770476","-87.6388758399","POINT (-87.638875839875 41.881977047584)"