"crash_record_id","crash_date_est_i","crash_date","posted_speed_limit","traffic_control_device","device_condition","weather_condition","lighting_condition","first_crash_type","trafficway_type","lane_cnt","alignment","roadway_surface_cond","road_defect","report_type","crash_type","intersection_related_i","private_property_i","hit_and_run_i","damage","date_police_notified","prim_contributory_cause","sec_contributory_cause","street_no","street_direction","street_name","beat_of_occurrence","photos_taken_i","statements_taken_i","dooring_i","work_zone_i","work_zone_type","workers_present_i","num_units","most_severe_injury","injuries_total","injuries_fatal","injuries_incapacitating","injuries_non_incapacitating","injuries_reported_not_evident","injuries_no_indication","injuries_unknown","crash_hour","crash_day_of_week","crash_month","latitude","longitude","location"
"ba7a2f68fc4ed1571d47ba43bdcd0463a6e8d7fff4e70ce564d15f120f478fee55913c303987ee65fdfe51f25640654212cbf3767fdbc7a7f86724f73c820c37",,"2026-02-14T15:10:00.000","35","NO CONTROLS","NO CONTROLS","UNKNOWN","DAYLIGHT","TURNING","NOT DIVIDED",,"STRAIGHT AND LEVEL","UNKNOWN","UNKNOWN","ON SCENE","INJURY AND / OR TOW DUE TO CRASH","Y",,,"OVER $1,500","2026-02-14T16:20:00.000","FAILING TO YIELD RIGHT-OF-WAY","NOT APPLICABLE","3508","W","COLUMBUS AVE","834",,"Y",,,,,"2","NO INDICATION OF INJURY","0","0","0","0","0","3","0","15","7","2","41.7449139607","-87.7099698171","POINT (-87.709969817069 41.7449139607)"
"87764c08bb467f66b08cccc20dcc5583c7b63f459309ceb71f2bf84445c526bf68849389ae9a995cb18a6cc043cec54b96bcf373885c43036150ed091c6f11fe",,"2026-02-14T15:09:00.000","30","NO CONTROLS","NO CONTROLS","CLEAR","DAYLIGHT","SIDESWIPE SAME DIRECTION","NOT DIVIDED",,"STRAIGHT AND LEVEL","DRY","UNKNOWN","NOT ON SCENE (DESK REPORT)","NO INJURY / DRIVE AWAY",,,"Y","$500 OR LESS","2026-02-14T16:10:00.000","UNABLE TO DETERMINE","UNABLE TO DETERMINE","3704","W","55TH ST","822",,,,,,,"3","NO INDICATION OF INJURY","0","0","0","0","0","3","0","15","7","2","41.7934191265","-87.7160439974","POINT (-87.716043997437 41.793419126506)"
"837ef63660f911fca9dd5d921b8693e98eda41281c3232a419a11cb971573ddff3cc82f1a6fcf277c5fbf608146a1b6f06a42529ffa6e688e38758c22933ef11",,"2026-02-14T15:00:00.000","30","TRAFFIC SIGNAL","FUNCTIONING PROPERLY","CLEAR","DAYLIGHT","REAR END","NOT DIVIDED",,"STRAIGHT AND LEVEL","DRY","NO DEFECTS","NOT ON SCENE (DESK REPORT)","INJURY AND / OR TOW DUE TO CRASH",,,,"OVER $1,500","2026-02-16T21:15:00.000","UNABLE TO DETERMINE","NOT APPLICABLE","659","S","LAKE SHORE DR SB","114",,,,,,,"2","NONINCAPACITATING INJURY","1","0","0","1","0","2","0","15","7","2","41.873324106","-87.6169363726","POINT (-87.616936372647 41.873324106032)"
"df519c5053e66fb8afc979aaf405d74fe5e43c81e1dfa7ba746da49c83742c1ce4875a27c7a79a0fa500481c20384898f4c2feefc1baf63813683d50ba492128",,"2026-02-14T15:00:00.000","20","NO CONTROLS","UNKNOWN","CLEAR","DAYLIGHT","PARKED MOTOR VEHICLE","NOT DIVIDED",,"STRAIGHT AND LEVEL","DRY","NO DEFECTS","ON SCENE","INJURY AND / OR TOW DUE TO CRASH",,,"Y","OVER $1,500","2026-02-14T15:03:00.000","UNABLE TO DETERMINE","UNABLE TO DETERMINE","5917","S","EMERALD AVE","711",,,,,,,"3","NO INDICATION OF INJURY","0","0","0","0","0","1","0","15","7","2","41.7865288993","-87.643611573","POINT (-87.643611572971 41.786528899322)"
"b795aa733b94a7524c30c5539c0015131d5585dcbdbda6a5aa1ef5b96fda1235ffa4e4f67e846d71b6d852c4392bb9b41020c8b7166005a14258de2b6b2dfb82",,"2026-02-14T14:51:00.000","30","UNKNOWN","UNKNOWN","UNKNOWN","UNKNOWN","TURNING","OTHER",,"STRAIGHT AND LEVEL","UNKNOWN","UNKNOWN","NOT ON SCENE (DESK REPORT)","NO INJURY / DRIVE AWAY",,,,"OVER $1,500","2026-02-15T13:10:00.000","UNABLE TO DETERMINE","UNABLE TO DETERMINE","2007","N","HARLEM AVE","2512",,,,,,,"2","NO INDICATION OF INJURY","0","0","0","0","0","3","0","14","7","2","41.9164540408","-87.8058684265","POINT (-87.805868426532 41.916454040815)"
"99c23f9fc18b5373e50b58f614e715881ab1365368414823c209d6c11e361e87b3ab3f9c81e66c4b3e753043fd230c33e8ce631636805d0eb38d9e1263159f95",,"2026-02-14T14:45:00.000","30","TRAFFIC SIGNAL","FUNCTIONING PROPERLY","CLEAR","DAYLIGHT","TURNING","NOT DIVIDED",,"STRAIGHT AND LEVEL","DRY","NO DEFECTS","ON SCENE","INJURY AND / OR TOW DUE TO CRASH","Y",,,"OVER $1,500","2026-02-14T14:51:00.000","UNABLE TO DETERMINE","UNABLE TO DETERMINE","6600","S","STONY ISLAND AVE","321",,,,,,,"2","INCAPACITATING INJURY","2","0","2","0","0","0","0","14","7","2","41.7751408577","-87.5864419717","POINT (-87.586441971694 41.775140857742)"
"9bf367ac844bfe97436a7eee43c9671711202c6ecf1f101b9dee99c0e28661bfee8faf0897a13c6665e5bd62609c79803171dc65f388008193f68f19314c26a9",,"2026-02-14T14:45:00.000","30","NO CONTROLS","NO CONTROLS","UNKNOWN","DAYLIGHT","REAR TO SIDE","NOT DIVIDED",,"STRAIGHT AND LEVEL","UNKNOWN","UNKNOWN","NOT ON SCENE (DESK REPORT)","NO INJURY / DRIVE AWAY",,,,"$501 - $1,500","2026-02-14T16:20:00.000","UNABLE TO DETERMINE","NOT APPLICABLE","1602","W","SUMMERDALE AVE","2012",,,,,,,"2","NO INDICATION OF INJURY","0","0","0","0","0","2","0","14","7","2","41.9790182452","-87.669891744","POINT (-87.669891743998 41.979018245236)"
"de97d4ab0580815900e5ac991046a10dcfbdcae38ef616ce076ac36609c50d2cb12ddfb2597598002c6c2fb5872e43725b2cf78e2407cd3fd36c63696654e073",,"2026-02-14T14:45:00.000","30","NO CONTROLS","NO CONTROLS","CLEAR","DAYLIGHT","SIDESWIPE SAME DIRECTION","NOT DIVIDED",,"STRAIGHT AND LEVEL","DRY","NO DEFECTS","NOT ON SCENE (DESK REPORT)","NO INJURY / DRIVE AWAY",,,"Y","$501 - $1,500","2026-02-14T15:00:00.000","IMPROPER OVERTAKING/PASSING","UNABLE TO DETERMINE","7137","N","CLARK ST","2423",,,,,,,"2","NO INDICATION OF INJURY","0","0","0","0","0","2","0","14","7","2","42.0125870615","-87.6744820537","POINT (-87.674482053744 42.012587061504)"
"b220056f011b9a3e7ca8515440f3761cfb2b31510f269056bb5cfc674dfef4e8cfc23a0d203ad6d392abfd3b9fdcd5234eeba6b6186613177055013b0539c793",,"2026-02-14T14:40:00.000","30","TRAFFIC SIGNAL","FUNCTIONING PROPERLY","CLEAR","DAYLIGHT","REAR END","NOT DIVIDED",,"STRAIGHT AND LEVEL","DRY","NO DEFECTS","NOT ON SCENE (DESK REPORT)","NO INJURY / DRIVE AWAY",,,,"OVER $1,500","2026-02-15T12:25:00.000","FOLLOWING TOO CLOSELY","NOT APPLICABLE","7500","S","JEFFERY BLVD","414",,,,,,,"2","NO INDICATION OF INJURY","0","0","0","0","0","2","0","14","7","2","41.7587838191","-87.5762866492","POINT (-87.576286649151 41.758783819129)"
"09006d7676f3eeb541303ceef4865386df1d1396ffbf5ced9b57a801cbcb93835861f417cd6f0797743427176e8d29cc5ccc7c44454b90e4305537d05f40ba3f",,"2026-02-14T14:30:00.000","35","UNKNOWN","NO CONTROLS","CLEAR","DAYLIGHT","OTHER NONCOLLISION","NOT DIVIDED",,"STRAIGHT AND LEVEL","DRY","OTHER","NOT ON SCENE (DESK REPORT)","NO INJURY / DRIVE AWAY",,,,"OVER $1,500","2026-02-16T09:45:00.000","NOT APPLICABLE","NOT APPLICABLE","720","S","CICERO AVE","1533","Y",,,,,,"1","NO INDICATION OF INJURY","0","0","0","0","0","1","0","14","7","2","41.8714581312","-87.7450745556","POINT (-87.745074555577 41.87145813119)"
"260c4c3f9d3538c32219862d7d6888a6896654c0969652812aed01738c900cf91bb2c39e5e4f82057e4e17fa9ec94692f66e575548f5dc65d8e890e5d4f85050","Y","2026-02-14T14:30:00.000","30","NO CONTROLS","NO CONTROLS","CLEAR","UNKNOWN","PARKED MOTOR VEHICLE","T-INTERSECTION",,"STRAIGHT AND LEVEL","DRY","NO DEFECTS","ON SCENE","NO INJURY / DRIVE AWAY",,,"Y","OVER $1,500","2026-02-15T17:40:00.000","UNABLE TO DETERMINE","NOT APPLICABLE","201","N","JUSTINE ST","1215",,,,,,,"2","NO INDICATION OF INJURY","0","0","0","0","0","1","0","14","7","2","41.8854214864","-87.6652938373","POINT (-87.665293837282 41.885421486362)"
"40e7e950cb5b1d04173d73da96e42d4df3948d9e3c91bf03b5e1bd7abfecaf80a758260ed9d55dc1dec72bee7fb77d6131e2e26ff851e34b4e70ae95538c4cd1",,"2026-02-14T14:28:00.000","30","NO CONTROLS","NO CONTROLS","CLEAR","DAYLIGHT","TURNING","DIVIDED - W/MEDIAN (NOT RAISED)",,"STRAIGHT AND LEVEL","DRY","UNKNOWN","ON SCENE","INJURY AND / OR TOW DUE TO CRASH",,,,"OVER $1,500","2026-02-14T14:28:00.000","FAILING TO YIELD RIGHT-OF-WAY","UNABLE TO DETERMINE","3130","N","PULASKI RD","2523",,,,,,,"2","NO INDICATION OF INJURY","0","0","0","0","0","3","0","14","7","2","41.9382077716","-87.7273057038","POINT (-87.72730570382 41.938207771646)"
"6ca3befedde043604164fd1550924e64a0bb2781507d77b62dd4781626b7931235fcde46b096950acd9baf796cfc77dfb0ad6db9ea55dfdf087c0ebe707a1b84",,"2026-02-14T14:20:00.000","30","NO CONTROLS","NO CONTROLS","CLEAR","DAYLIGHT","REAR END","NOT DIVIDED",,"STRAIGHT AND LEVEL","DRY","NO DEFECTS","NOT ON SCENE (DESK REPORT)","NO INJURY / DRIVE AWAY",,,,"$501 - $1,500","2026-02-14T15:09:00.000","UNABLE TO DETERMINE","NOT APPLICABLE","6200","W","BRYN MAWR AVE","1622",,,,,,,"2","NO INDICATION OF INJURY","0","0","0","0","0","2","0","14","7","2","41.9830236588","-87.7836302513","POINT (-87.783630251292 41.983023658824)"
"7e9fb4beb54d307c90f933ed27f3d534c13f7f63ec8ba7acb6db907809674cac551c66c6f8fe5c911ec4d858b57cfd4ebd9223a3eb1b6fde7aef8b555172f9d4",,"2026-02-14T14:20:00.000","30","STOP SIGN/FLASHER","FUNCTIONING PROPERLY","CLEAR","DAYLIGHT","TURNING","Y-INTERSECTION",,"STRAIGHT AND LEVEL","DRY","UNKNOWN","ON SCENE","INJURY AND / OR TOW DUE TO CRASH","Y",,,"OVER $1,500","2026-02-14T14:22:00.000","DISREGARDING STOP SIGN","NOT APPLICABLE","8500","S","SOUTH CHICAGO AVE","412",,,,,,,"2","INCAPACITATING INJURY","2","0","2","0","0","0","0","14","7","2","41.7406352129","-87.5706914272","POINT (-87.57069142722 41.740635212912)"
"7ea3ba3a0f8ae7e500b973abaa6e5e6c9755ed31a1852b40ca49eebe2dfd2cf49bbed0ea064034a77bf41dbd36141d5776edf206c78c11df7c1b6f77b88d4037",,"2026-02-14T14:19:00.000","30","TRAFFIC SIGNAL","FUNCTIONING PROPERLY","CLEAR","DAYLIGHT","TURNING","FOUR WAY",,"STRAIGHT AND LEVEL","DRY","UNKNOWN","ON SCENE","NO INJURY / DRIVE AWAY","Y",,,"OVER $1,500","2026-02-14T15:12:00.000","IMPROPER TURNING/NO SIGNAL","IMPROPER OVERTAKING/PASSING","1601","N","KILPATRICK AVE","2533",,,,,,,"2","NO INDICATION OF INJURY","0","0","0","0","0","2","0","14","7","2","41.9096591615","-87.7434094315","POINT (-87.743409431452 41.909659161478)"
"20ab21c2ecab89936682cdd5ed4df8c008e50448a03ece18d4ef84395b6fb6f0c7aa55440efd5030787655f9759d6874892e49b70f23e7d7247a61a59dd9f1be",,"2026-02-14T14:00:00.000","15","NO CONTROLS","NO CONTROLS","UNKNOWN","DAYLIGHT","REAR END","NOT DIVIDED",,"STRAIGHT AND LEVEL","UNKNOWN","UNKNOWN","NOT ON SCENE (DESK REPORT)","NO INJURY / DRIVE AWAY",,,,"OVER $1,500","2026-02-16T12:10:00.000","UNABLE TO DETERMINE","NOT APPLICABLE","7035","S","WOODLAWN AVE","321",,,,,,,"2","NO INDICATION OF INJURY","0","0","0","0","0","2","0","14","7","2","41.7667600984","-87.5950267583","POINT (-87.595026758267 41.766760098395)"
"c00d71e578f98bd5d68b1014aef4b4c4c40bd61317dd913d964e75397b62f58bfce9ec12eac63ae39a4ee35e63976de317c5866767812712371e166ab892c3fd",,"2026-02-14T14:00:00.000","10","NO CONTROLS","NO CONTROLS","CLOUDY/OVERCAST","DAYLIGHT","REAR TO REAR","PARKING LOT",,"STRAIGHT AND LEVEL","DRY","UNKNOWN","NOT ON SCENE (DESK REPORT)","NO INJURY / DRIVE AWAY",,,,"OVER $1,500","2026-02-14T15:00:00.000","UNABLE TO DETERMINE","UNABLE TO DETERMINE","2333","W","MADISON ST","1223",,,,,,,"2","NO INDICATION OF INJURY","0","0","0","0","0","2","0","14","7","2","41.8810693742","-87.6853075527","POINT (-87.68530755272 41.881069374222)"
"f10c881ba2dfc08a4b4bbef37d28078764b0cf75959256a40b762e3f5e091c90f4271a1fef37b35d7a1fa091f39345ec86f7deeada431ef1c8aeef57e9258812",,"2026-02-14T14:00:00.000","30","TRAFFIC SIGNAL","FUNCTIONING PROPERLY","CLEAR","DAYLIGHT","REAR END","FOUR WAY",,"STRAIGHT AND LEVEL","DRY","NO DEFECTS","NOT ON SCENE (DESK REPORT)","NO INJURY / DRIVE AWAY","Y",,,"$500 OR LESS","2026-02-14T14:26:00.000","FAILING TO REDUCE SPEED TO AVOID CRASH","UNABLE TO DETERMINE","3500","S","LA SALLE ST","213",,,,,,,"2","NO INDICATION OF INJURY","0","0","0","0","0","2","0","14","7","2","41.8309350952","-87.6299753048","POINT (-87.629975304804 41.830935095228)"
"f16c0390db9ba1d24d3d0af17fad703eec6f1401daef9c24c3c4c4181580c121b1ed3d407dc08c67cb2db00b8465b8e991345d385a0850a35ad77f5c1c3e460e",,"2026-02-14T13:53:00.000","30","NO CONTROLS","NO CONTROLS","CLEAR","DAYLIGHT","FIXED OBJECT","NOT DIVIDED",,"CURVE, LEVEL","DRY","UNKNOWN","ON SCENE","INJURY AND / OR TOW DUE TO CRASH",,,,"OVER $1,500","2026-02-14T13:58:00.000","UNABLE TO DETERMINE","UNABLE TO DETERMINE","5631","W","DEVON AVE","1621",,,,,,,"1","NONINCAPACITATING INJURY","1","0","0","1","0","0","0","13","7","2","41.997045434","-87.7694922004","POINT (-87.769492200384 41.99704543405)"
"fc70b0933f777db4ea7f4abfeb4a96b19b278fbcef267a62acb4f75f93674d816ba2abaa4016a89918a5a051cf5284d64e6da6b8da1a8216e16ce6b42f8dbc92",,"2026-02-14T13:45:00.000","30","TRAFFIC SIGNAL","FUNCTIONING PROPERLY","CLEAR","DAYLIGHT","REAR END","FOUR WAY",,"STRAIGHT AND LEVEL","DRY","NO DEFECTS","NOT ON SCENE (DESK REPORT)","NO INJURY / DRIVE AWAY","Y",,,"OVER $1,500","2026-02-14T15:05:00.000","FOLLOWING TOO CLOSELY","FOLLOWING TOO CLOSELY","2800","W","OGDEN AVE","1022",,,,,,,"2","NO INDICATION OF INJURY","0","0","0","0","0","2","0","13","7","2","41.8613682097","-87.6959545763","POINT (-87.695954576293 41.86136820973)"
"fdee6eb6d77560e6e1414906d6d10f303c218655e7b8a6d53d7a4566858092729c22bbf517cffb414f10c58d518bd3d6ba34b108f65ea985db38781a49d36aa4","Y","2026-02-14T13:43:00.000","30","NO CONTROLS","NO CONTROLS","CLEAR","DAYLIGHT","PARKED MOTOR VEHICLE","ONE-WAY",,"STRAIGHT AND LEVEL","DRY","NO DEFECTS","ON SCENE","NO INJURY / DRIVE AWAY",,,"Y","OVER $1,500","2026-02-14T15:03:00.000","UNABLE TO DETERMINE","NOT APPLICABLE","1647","W","HOLLYWOOD AVE","2012",,,,,,,"2","NO INDICATION OF INJURY","0","0","0","0","0","1","0","13","7","2","41.9849769937","-87.6717157263","POINT (-87.671715726283 41.984976993707)"
"72a6b4f37f0a06e3ed22b85c2ac43d05c5d34af2be4b42c10b21c9fd5d916befb8138e38a2ef9836f643e9fc62d2de859bc0325bc4a0ea880be3597fdbb904cd",,"2026-02-14T13:25:00.000","30","NO CONTROLS","NO CONTROLS","CLEAR","DAYLIGHT","HEAD ON","FOUR WAY",,"STRAIGHT AND LEVEL","DRY","NO DEFECTS","ON SCENE","INJURY AND / OR TOW DUE TO CRASH","Y",,,"OVER $1,500","2026-02-14T13:25:00.000","FAILING TO YIELD RIGHT-OF-WAY","FAILING TO REDUCE SPEED TO AVOID CRASH","100","W","83RD ST","622",,"Y",,,,,"2","NO INDICATION OF INJURY","0","0","0","0","0","3","0","13","7","2","41.7437255937","-87.626902362","POINT (-87.626902361999 41.743725593719)"
"c9932cf114341bb1bd4d3bb433fe655d61ab50b102338503a3edc4640d96d325c57d74e645eeeb482f47cad075d1e7002a6f36725d4ecf6a7a7e02372536c5f2",,"2026-02-14T13:25:00.000","30","NO CONTROLS","NO CONTROLS","CLEAR","DAYLIGHT","SIDESWIPE SAME DIRECTION","NOT DIVIDED",,"STRAIGHT AND LEVEL","DRY","NO DEFECTS","ON SCENE","NO INJURY / DRIVE AWAY",,,"Y","OVER $1,500","2026-02-14T13:45:00.000","FAILING TO YIELD RIGHT-OF-WAY","NOT APPLICABLE","3548","N","HALSTED ST","1924",,,,,,,"2","NO INDICATION OF INJURY","0","0","0","0","0","2","0","13","7","2","41.9469382133","-87.649620492","POINT (-87.64962049198 41.946938213308)"
"ad28a5fb6acc83374e215c6b63319bce18af74ce560a533cdcc8dc9fde7e1e3ad2d20b71b90da3d9cf3221117181f5eb687365200a27cd265e14173718115c4c",,"2026-02-14T13:20:00.000","25","STOP SIGN/FLASHER","FUNCTIONING PROPERLY","CLEAR","DAYLIGHT","REAR END","FOUR WAY",,"STRAIGHT AND LEVEL","UNKNOWN","UNKNOWN","NOT ON SCENE (DESK REPORT)","NO INJURY / DRIVE AWAY","Y",,,"$501 - $1,500","2026-02-14T14:15:00.000","UNABLE TO DETERMINE","UNABLE TO DETERMINE","6100","N","DAMEN AVE","2413",,,,,,,"2","NO INDICATION OF INJURY","0","0","0","0","0","2","0","13","7","2","41.9919448132","-87.6800103998","POINT (-87.680010399777 41.991944813181)"
"c6ba82a486b5ecb4c4317c55ebe0bf7bdc23b29f657cacae529b01c9e2727611fdf2e699d794453e3b584885786b61832b13c1a9fd6679a88e2538bf4b401c39",,"2026-02-14T13:20:00.000","25","UNKNOWN","UNKNOWN","CLEAR","DAYLIGHT","REAR END","NOT DIVIDED",,"STRAIGHT AND LEVEL","DRY","UNKNOWN","ON SCENE","NO INJURY / DRIVE AWAY","Y",,"Y","$501 - $1,500","2026-02-14T13:21:00.000","UNABLE TO DETERMINE","UNABLE TO DETERMINE","653","N","MICHIGAN AVE","1834",,,,,,,"2","NO INDICATION OF INJURY","0","0","0","0","0","2","0","13","7","2","41.8940970197","-87.6240897587","POINT (-87.624089758746 41.894097019689)"
"35061fcc6a0fb33cbf42cbd4fe535172020dd28431291421ffeaa573535168189f1abb3caeaff4b11ca27595e33e0ffe519915aad12d292ed96e24f7910c6be5",,"2026-02-14T13:15:00.000","30","STOP SIGN/FLASHER","FUNCTIONING PROPERLY","CLEAR","DAYLIGHT","TURNING","DIVIDED - W/MEDIAN (NOT RAISED)",,"STRAIGHT AND LEVEL","DRY","NO DEFECTS",,"NO INJURY / DRIVE AWAY","Y",,,"$501 - $1,500","2026-02-14T13:15:00.000","UNABLE TO DETERMINE","NOT APPLICABLE","1530","W","99TH ST","2213",,,,,,,"2","NO INDICATION OF INJURY","0","0","0","0","0","3","0","13","7","2","41.7140945387","-87.6614577747","POINT (-87.661457774734 41.714094538659)"
"5b91b0c3c3ffb2ba3533eb932eab7c4c78665a4d36ad096721e80c74417b83abada77ac220372d7b735185097fef42ffc855a03fe05f0b465bebf4b204c4b028",,"2026-02-14T13:10:00.000","30","NO CONTROLS","NO CONTROLS","CLEAR","DAYLIGHT","PARKED MOTOR VEHICLE","NOT DIVIDED",,"STRAIGHT AND LEVEL","DRY","NO DEFECTS","NOT ON SCENE (DESK REPORT)","NO INJURY / DRIVE AWAY",,,,"OVER $1,500","2026-02-22T12:00:00.000","FAILING TO YIELD RIGHT-OF-WAY","UNABLE TO DETERMINE","722","S","CLARK ST","123",,,,,,,"2","NO INDICATION OF INJURY","0","0","0","0","0","1","0","13","7","2","41.8729214605","-87.6307758103","POINT (-87.630775810314 41.872921460486)"
"17d8f890bdc4366b5aee3c5355abbf4deeaaa95d1795ac0a3a0474292a8d6acf2897c3fa707b9dd0ff5c42cfd288c50e78f90c3be3c9de8f8e91579c16a70c71",,"2026-02-14T13:07:00.000","30","UNKNOWN","UNKNOWN","UNKNOWN","DAYLIGHT","PARKED MOTOR VEHICLE","PARKING LOT",,"STRAIGHT AND LEVEL","UNKNOWN","UNKNOWN","NOT ON SCENE (DESK REPORT)","NO INJURY / DRIVE AWAY",,,,"OVER $1,500","2026-02-14T15:35:00.000","IMPROPER TURNING/NO SIGNAL","NOT APPLICABLE","5630","W","BELMONT AVE","1633",,,,,,,"2","NO INDICATION OF INJURY","0","0","0","0","0","1","0","13","7","2","41.9386693214","-87.7677755434","POINT (-87.767775543408 41.938669321443)"
"d8e0dd0a83456ab6de4e41da33ff4331940dff4db3d12de97c4b26de43874531c474afaa638fcd8bd3fba313905b5956897e16e5238ab645faec018b1acdcbc9",,"2026-02-14T13:05:00.000","15","NO CONTROLS","NO CONTROLS","CLOUDY/OVERCAST","DAYLIGHT","SIDESWIPE OPPOSITE DIRECTION","PARKING LOT",,"STRAIGHT AND LEVEL","DRY","NO DEFECTS","NOT ON SCENE (DESK REPORT)","NO INJURY / DRIVE AWAY",,,,"OVER $1,500","2026-02-14T15:15:00.000","PHYSICAL CONDITION OF DRIVER","DRIVING ON WRONG SIDE/WRONG WAY","4660","W","IRVING PARK RD","1722",,,,,,,"2","NO INDICATION OF INJURY","0","0","0","0","0","2","0","13","7","2","41.9535544384","-87.7450553112","POINT (-87.745055311195 41.953554438404)"
"0157ad79a9a1081331f35d951d9235b8496b47de1806adb923299f48e1ed5f4ed22fd023b3d997794f4fa94da243525ca486913eac4e48fc2c0505f2f9c60bd6",,"2026-02-14T13:02:00.000","30","NO CONTROLS","NO CONTROLS","CLEAR","DAYLIGHT","ANGLE","NOT DIVIDED",,"STRAIGHT AND LEVEL","DRY","NO DEFECTS","NOT ON SCENE (DESK REPORT)","NO INJURY / DRIVE AWAY",,,"Y","$501 - $1,500","2026-02-14T14:14:00.000","FAILING TO YIELD RIGHT-OF-WAY","NOT APPLICABLE","2145","W","51ST ST","932",,,,,,,"2","NO INDICATION OF INJURY","0","0","0","0","0","4","0","13","7","2","41.8010713902","-87.6787302056","POINT (-87.678730205631 41.801071390196)"
"ed8d387bc651fbcf67a842df315599d88432fe841e5df472303488a2d96401c71bc91ce9c1c28591f54665f6db56b07e4304a7d650820b1bdf942cc0a704c6ae",,"2026-02-14T13:00:00.000","30","UNKNOWN","UNKNOWN","CLEAR","DAYLIGHT","SIDESWIPE SAME DIRECTION","NOT DIVIDED",,"STRAIGHT AND LEVEL","UNKNOWN","UNKNOWN","NOT ON SCENE (DESK REPORT)","NO INJURY / DRIVE AWAY",,,,"OVER $1,500","2026-02-14T14:47:00.000","IMPROPER OVERTAKING/PASSING","NOT APPLICABLE","6848","W","GRAND AVE","2512",,,,,,,"2","NO INDICATION OF INJURY","0","0","0","0","0","2","0","13","7","2","41.9236933488","-87.7971058557","POINT (-87.79710585569 41.92369334882)"
"96891c7ee185c55cb800cece56d3bbdb90a96902ad048f8127df572c88e1ee1ef753c5b9daf9f4b2646139b6bad6d28cd93cab53639bc6d3b666e83b815c45ae",,"2026-02-14T12:50:00.000","10","NO CONTROLS","NO CONTROLS","CLEAR","DAYLIGHT","PARKED MOTOR VEHICLE","PARKING LOT",,"STRAIGHT AND LEVEL","DRY","NO DEFECTS","NOT ON SCENE (DESK REPORT)","NO INJURY / DRIVE AWAY",,,"Y","OVER $1,500","2026-02-14T14:30:00.000","IMPROPER BACKING","NOT APPLICABLE","2002","W","51ST ST","931",,,,,,,"2","NO INDICATION OF INJURY","0","0","0","0","0","2","0","12","7","2","41.8013416482","-87.6746606618","POINT (-87.674660661826 41.801341648211)"
"8e6a7462314282cc002560f7d864c765dae75217865023268af7a0ee582ba81e6584b9e3a5585020eeb7f25ad2d0d338eb89f9f39bb71a400222c82fa71250e0",,"2026-02-14T12:44:00.000","30","NO CONTROLS","NO CONTROLS","CLEAR","DAYLIGHT","SIDESWIPE SAME DIRECTION","ONE-WAY",,"STRAIGHT AND LEVEL","DRY","UNKNOWN","ON SCENE","NO INJURY / DRIVE AWAY",,,"Y","OVER $1,500","2026-02-14T12:50:00.000","IMPROPER OVERTAKING/PASSING","FOLLOWING TOO CLOSELY","5500","S","CORNELL AVE","235",,,,,,,"2","NO INDICATION OF INJURY","0","0","0","0","0","2","0","12","7","2","41.7951192101","-87.5855552598","POINT (-87.58555525977 41.79511921014)"
"83b2f40260ccfaebfe270283bbc1e1c1695644b3e4b8d2dfe4ef95a8c81b6fa2f753240cd167becd81380663df2bb1120419092930d4bb4ba8be43a3635ddfd8",,"2026-02-14T12:42:00.000","30","STOP SIGN/FLASHER","FUNCTIONING PROPERLY","CLEAR","DAYLIGHT","REAR END","DIVIDED - W/MEDIAN (NOT RAISED)",,"STRAIGHT AND LEVEL","DRY","NO DEFECTS","ON SCENE","NO INJURY / DRIVE AWAY",,,"Y","OVER $1,500","2026-02-14T12:45:00.000","FOLLOWING TOO CLOSELY","FOLLOWING TOO CLOSELY","1850","W","DIVISION ST","1424",,,,,,,"2","NO INDICATION OF INJURY","0","0","0","0","0","3","0","12","7","2","41.9033446129","-87.6744744684","POINT (-87.674474468439 41.903344612877)"
"d63ad985059e4c327bf5240eba188d522aedc9fd5c3147057074b053b84e0986b2a9565ce0ecf692b78df4d63c3b877be2827ce0fb3aad7665efbaf85d29e74f",,"2026-02-14T12:34:00.000","30","NO CONTROLS","NO CONTROLS","CLEAR","DAYLIGHT","REAR TO SIDE","PARKING LOT",,"STRAIGHT AND LEVEL","DRY","NO DEFECTS","NOT ON SCENE (DESK REPORT)","NO INJURY / DRIVE AWAY",,"Y",,"OVER $1,500","2026-02-14T13:25:00.000","DRIVING SKILLS/KNOWLEDGE/EXPERIENCE","NOT APPLICABLE","4760","S","KEDZIE AVE","821",,,,,,,"2","NO INDICATION OF INJURY","0","0","0","0","0","2","0","12","7","2","41.8063505809","-87.7040713734","POINT (-87.704071373412 41.806350580852)"
"08562d7862fa400c8d9cd4dc464e362699a3a0b8bd8584f2692b0ea12141881ea81d4f0079547c9e8a27ce12ea0e1c699a0a3cfb245a6762906d2186b96f9c7b",,"2026-02-14T12:30:00.000","15","NO CONTROLS","NO CONTROLS","CLEAR","DARKNESS","PARKED MOTOR VEHICLE","PARKING LOT",,"STRAIGHT AND LEVEL","DRY","UNKNOWN","NOT ON SCENE (DESK REPORT)","NO INJURY / DRIVE AWAY",,"Y","Y","OVER $1,500","2026-02-14T16:00:00.000","UNABLE TO DETERMINE","UNABLE TO DETERMINE","1039","W","GRANVILLE AVE","2433",,,,,,,"2","NO INDICATION OF INJURY","0","0","0","0","0","1","0","12","7","2","41.9944818565","-87.6571004198","POINT (-87.657100419811 41.994481856508)"