"crash_record_id","crash_date_est_i","crash_date","posted_speed_limit","traffic_control_device","device_condition","weather_condition","lighting_condition","first_crash_type","trafficway_type","lane_cnt","alignment","roadway_surface_cond","road_defect","report_type","crash_type","intersection_related_i","private_property_i","hit_and_run_i","damage","date_police_notified","prim_contributory_cause","sec_contributory_cause","street_no","street_direction","street_name","beat_of_occurrence","photos_taken_i","statements_taken_i","dooring_i","work_zone_i","work_zone_type","workers_present_i","num_units","most_severe_injury","injuries_total","injuries_fatal","injuries_incapacitating","injuries_non_incapacitating","injuries_reported_not_evident","injuries_no_indication","injuries_unknown","crash_hour","crash_day_of_week","crash_month","latitude","longitude","location"
"e8f294ffe29e7897cb9216abebf54d5910c159d24dae19338ac2199a1d7b6971a4dc0ddb40db9533f72d61d616c7722df34b7d97418f2fe4b182e5c4937d1d3e","Y","2026-02-14T12:30:00.000","15","NO CONTROLS","NO CONTROLS","UNKNOWN","UNKNOWN","PARKED MOTOR VEHICLE","PARKING LOT",,"STRAIGHT AND LEVEL","UNKNOWN","UNKNOWN","NOT ON SCENE (DESK REPORT)","NO INJURY / DRIVE AWAY",,,,"$501 - $1,500","2026-02-22T14:30:00.000","FAILING TO REDUCE SPEED TO AVOID CRASH","UNABLE TO DETERMINE","6249","S","SANGAMON ST","712",,,,,,,"2","NO INDICATION OF INJURY","0","0","0","0","0","1","0","12","7","2","41.7799943556","-87.6482611179","POINT (-87.648261117852 41.779994355601)"
"0e718879816b5792da1e6e6735f4ca08c64f7eccafb72aae3717ed1d6443d2d855c493600f652c3fa13906063658396767931d0846e2781f32c9402acf607a28",,"2026-02-14T12:25:00.000","30","NO CONTROLS","NO CONTROLS","CLEAR","DAYLIGHT","REAR END","DIVIDED - W/MEDIAN BARRIER",,"STRAIGHT AND LEVEL","DRY","NO DEFECTS","ON SCENE","NO INJURY / DRIVE AWAY",,,"Y","OVER $1,500","2026-02-14T12:32:00.000","UNABLE TO DETERMINE","UNABLE TO DETERMINE","2057","W","CHICAGO AVE","1221",,,,,,,"2","NO INDICATION OF INJURY","0","0","0","0","0","2","0","12","7","2","41.8957611103","-87.679298869","POINT (-87.679298868997 41.895761110349)"
"286bc7bf26403aa8aea3b43d2c8542fced6e4f8031a3ba86c8861ab6ebc97bf19833f8acfa6d1ce3b1b6c84c2b6aa4c8afa401dda16293fe25998adc382075f9","Y","2026-02-14T12:10:00.000","30","UNKNOWN","UNKNOWN","CLEAR","DAYLIGHT","PEDESTRIAN","FOUR WAY",,"STRAIGHT AND LEVEL","DRY","NO DEFECTS","NOT ON SCENE (DESK REPORT)","NO INJURY / DRIVE AWAY","Y",,"Y","$500 OR LESS","2026-02-14T12:16:00.000","UNABLE TO DETERMINE","UNABLE TO DETERMINE","5500","N","LINCOLN AVE","2011",,,,,,,"2","NO INDICATION OF INJURY","0","0","0","0","0","2","0","12","7","2","41.9813839746","-87.6929494035","POINT (-87.692949403471 41.981383974586)"
"d3b042f06dd977e148a9ceced795846924957c6d20795e558ec12c5c23b5cae59da6e0b3ec5680aad1f990825e5ecc3d41ba331e6c99643b38a7f5b12ea6e352",,"2026-02-14T12:08:00.000","35","TRAFFIC SIGNAL","FUNCTIONING PROPERLY","CLEAR","DAYLIGHT","PARKED MOTOR VEHICLE","DIVIDED - W/MEDIAN BARRIER",,"STRAIGHT AND LEVEL","DRY","UNKNOWN","ON SCENE","INJURY AND / OR TOW DUE TO CRASH",,,"Y","OVER $1,500","2026-02-14T12:09:00.000","UNABLE TO DETERMINE","NOT APPLICABLE","8949","S","STONY ISLAND AVE","413",,,,,,,"5","NO INDICATION OF INJURY","0","0","0","0","0","1","0","12","7","2","41.7319323233","-87.5849500687","POINT (-87.584950068744 41.731932323346)"
"23ad67064965e58f57fac4fa209843c9d4ba04f6c013b8afb7d20f37debd16bdf0e86176349bbcd92c51c0d9223d373980ef9b65becf6dd67417466f936cbbb2",,"2026-02-14T12:02:00.000","25","NO CONTROLS","NO CONTROLS","CLEAR","DAYLIGHT","TURNING","FOUR WAY",,"STRAIGHT AND LEVEL","DRY","NO DEFECTS","NOT ON SCENE (DESK REPORT)","NO INJURY / DRIVE AWAY","Y",,,"OVER $1,500","2026-02-16T14:00:00.000","DRIVING SKILLS/KNOWLEDGE/EXPERIENCE","UNABLE TO DETERMINE","1","E","87TH ST","632",,,,,,,"2","NO INDICATION OF INJURY","0","0","0","0","0","3","0","12","7","2","41.7361915177","-87.624078067","POINT (-87.624078066975 41.736191517717)"
"1d4891d981c564013c1a76116c3bc3b0cc3cfd485fa776a266b59518ef5275910a63dd5adecddf9f4adc3ee5ede8f3f82264387387c925594acdcfe37fd16fea",,"2026-02-14T12:00:00.000","15","NO CONTROLS","NO CONTROLS","CLEAR","DAYLIGHT","REAR TO REAR","ONE-WAY",,"STRAIGHT AND LEVEL","UNKNOWN","UNKNOWN",,"NO INJURY / DRIVE AWAY",,"Y",,"OVER $1,500","2026-02-14T13:00:00.000","UNABLE TO DETERMINE","UNABLE TO DETERMINE","3232","N","HARLEM AVE","1631",,,,,,,"2","NO INDICATION OF INJURY","0","0","0","0","0","2","0","12","7","2","41.9389859689","-87.8069290648","POINT (-87.806929064795 41.93898596894)"
"ad4c4dbe8ed6bde3b687355320b6d5fbb66fb6866391cdae380a2d378c68e750ef52d35618703dffeef09908964878a89b1b66fbde3373d22e32eca2effcd2de",,"2026-02-14T12:00:00.000","25","UNKNOWN","UNKNOWN","UNKNOWN","UNKNOWN","PEDESTRIAN","NOT DIVIDED",,"STRAIGHT AND LEVEL","UNKNOWN","UNKNOWN","NOT ON SCENE (DESK REPORT)","INJURY AND / OR TOW DUE TO CRASH",,,,"OVER $1,500","2026-02-14T14:11:00.000","NOT APPLICABLE","NOT APPLICABLE","1114","W","BELMONT AVE","1924",,,,,,,"2","NONINCAPACITATING INJURY","1","0","0","1","0","1","0","12","7","2","41.9399740316","-87.6571893082","POINT (-87.657189308211 41.939974031647)"
"c4d433664998f75642f5e61aee62f4e0ea14089b400a2d70ed4a0769f10b3625675d151dbd2f2d11376921f61e365b2538856a83b25baad39af05a812b6f9616",,"2026-02-14T11:59:00.000","30","STOP SIGN/FLASHER","FUNCTIONING PROPERLY","CLEAR","DAYLIGHT","TURNING","FOUR WAY",,"STRAIGHT AND LEVEL","DRY","NO DEFECTS","ON SCENE","NO INJURY / DRIVE AWAY","Y",,,"OVER $1,500","2026-02-14T12:03:00.000","FAILING TO YIELD RIGHT-OF-WAY","FAILING TO YIELD RIGHT-OF-WAY","3701","W","LAWRENCE AVE","1723",,,,,,,"2","NO INDICATION OF INJURY","0","0","0","0","0","2","0","11","7","2","41.9682116125","-87.720755154","POINT (-87.720755153953 41.96821161252)"
"557168566709d4e7d5402a3bab592b96d47adda274cd003d6001575ba6025646f6fcba0b9e9dc5b7feef617f847b4014614c3248156552aaeb70772f2c11bf80",,"2026-02-14T11:46:00.000","20","NO CONTROLS","NO CONTROLS","CLEAR","DARKNESS, LIGHTED ROAD","SIDESWIPE SAME DIRECTION","ONE-WAY",,"STRAIGHT AND LEVEL","DRY","NO DEFECTS","ON SCENE","NO INJURY / DRIVE AWAY",,,,"OVER $1,500","2026-02-14T11:46:00.000","DRIVING SKILLS/KNOWLEDGE/EXPERIENCE","NOT APPLICABLE","1626","W","LUNT AVE","2423",,,,,,,"2","NO INDICATION OF INJURY","0","0","0","0","0","3","0","11","7","2","42.0091406173","-87.6711997595","POINT (-87.671199759546 42.009140617261)"
"0e5c742aedbfef254ee80e7e26c030c85da5e479b72f1e429d60afafb1598676f2ca714c7cd8c40a494c479a10bcfbca5dde8ea2c8f7d193f358e967c908a670",,"2026-02-14T11:45:00.000","5","NO CONTROLS","NO CONTROLS","CLEAR","DAYLIGHT","TURNING","PARKING LOT",,"STRAIGHT AND LEVEL","DRY","NO DEFECTS","NOT ON SCENE (DESK REPORT)","NO INJURY / DRIVE AWAY",,,,"OVER $1,500","2026-02-14T13:10:00.000","UNABLE TO DETERMINE","NOT APPLICABLE","1154","S","CLARK ST","123",,,,,,,"2","NO INDICATION OF INJURY","0","0","0","0","0","2","0","11","7","2","41.8675710154","-87.6305864739","POINT (-87.630586473861 41.867571015433)"
"7b54850f0042f10592fb9791d17f171b593f3ec5c898753451e24e70fa242cd555156437367ebbea56954a1535a35b8ed751c5fe83b0e98e093048a434b8c018",,"2026-02-14T11:45:00.000","15","NO CONTROLS","NO CONTROLS","CLEAR","DAYLIGHT","REAR TO FRONT","PARKING LOT",,"STRAIGHT AND LEVEL","DRY","UNKNOWN","NOT ON SCENE (DESK REPORT)","NO INJURY / DRIVE AWAY",,,,"OVER $1,500","2026-02-14T13:40:00.000","UNABLE TO DETERMINE","IMPROPER BACKING","4607","W","FULLERTON AVE","2522",,,,,,,"2","NO INDICATION OF INJURY","0","0","0","0","0","2","0","11","7","2","41.9241860612","-87.742116995","POINT (-87.742116995008 41.924186061161)"
"48f20852e91db7de2d4fc855d3a0cd8ce2aa139a127e8274905e591e2017508ec4dbe093c09d5c125f972c25081fd9fc70cc8e3174a53bf37d6145b2677b6be8",,"2026-02-14T11:35:00.000","35","NO CONTROLS","NO CONTROLS","CLEAR","DAYLIGHT","TURNING","NOT DIVIDED",,"STRAIGHT AND LEVEL","DRY","NO DEFECTS","ON SCENE","INJURY AND / OR TOW DUE TO CRASH",,,,"$501 - $1,500","2026-02-14T11:44:00.000","FOLLOWING TOO CLOSELY","FOLLOWING TOO CLOSELY","5237","W","LAWRENCE AVE","1623",,,,,,,"2","NONINCAPACITATING INJURY","1","0","0","1","0","4","0","11","7","2","41.9677807748","-87.7590513611","POINT (-87.759051361053 41.967780774759)"
"049a7e9e93591a3df765b4da5b499821134b789ba82d98d489e0007b89e5c86db67170f64a308aed469b735d1324f7a785526c7790698d0663e8d9ad0f257e69",,"2026-02-14T11:32:00.000","10","NO CONTROLS","NO CONTROLS","CLEAR","DAYLIGHT","PARKED MOTOR VEHICLE","PARKING LOT",,"STRAIGHT AND LEVEL","DRY","NO DEFECTS","NOT ON SCENE (DESK REPORT)","NO INJURY / DRIVE AWAY",,,"Y","OVER $1,500","2026-02-14T15:30:00.000","DRIVING SKILLS/KNOWLEDGE/EXPERIENCE","UNABLE TO DETERMINE","2010","W","79TH ST","611",,,,,,,"2","NO INDICATION OF INJURY","0","0","0","0","0","1","0","11","7","2","41.7503364217","-87.6735896458","POINT (-87.673589645768 41.750336421675)"
"bba54ce56e025daf23e03ef0f1a307da8a8e4c483eae263d17f7eec98313ef387bbc909d0fdb214c4825971b1c3f5c5c95c74fb32d6224c0976a057cda29d391",,"2026-02-14T11:30:00.000","30","TRAFFIC SIGNAL","FUNCTIONING PROPERLY","CLEAR","DAYLIGHT","REAR END","NOT DIVIDED",,"STRAIGHT AND LEVEL","DRY","NO DEFECTS","NOT ON SCENE (DESK REPORT)","NO INJURY / DRIVE AWAY",,,,"$501 - $1,500","2026-02-14T13:18:00.000","FOLLOWING TOO CLOSELY","NOT APPLICABLE","5900","S","WESTERN AVE","824",,,,,,,"2","NO INDICATION OF INJURY","0","0","0","0","0","3","0","11","7","2","41.7864371748","-87.6839752465","POINT (-87.683975246481 41.786437174774)"
"39f0fbdf0d1b6246c9b9dcd597a11be3619f57067ad2b43891a4f3c4a67da641acd89f18aef951dfd077915b7692c9ef68a574afd1f216a867f68d2016e2b014",,"2026-02-14T11:25:00.000","30","STOP SIGN/FLASHER","FUNCTIONING PROPERLY","CLEAR","DAYLIGHT","REAR END","NOT DIVIDED",,"STRAIGHT AND LEVEL","DRY","NO DEFECTS","NOT ON SCENE (DESK REPORT)","NO INJURY / DRIVE AWAY",,,"Y","OVER $1,500","2026-02-14T12:51:00.000","FAILING TO YIELD RIGHT-OF-WAY","FOLLOWING TOO CLOSELY","8100","S","ASHLAND AVE","614",,,,,,,"2","NO INDICATION OF INJURY","0","0","0","0","0","3","0","11","7","2","41.7466220628","-87.6634893333","POINT (-87.663489333293 41.746622062843)"
"d6bb82771b14113b48b72650299e407d7c214c69ebe03ac437285c6e63bd249aa0b8df27cb748d444b2dbcebb9558b38bde7fdfed45cc9f8600d784aa8d8024f",,"2026-02-14T11:20:00.000","30","NO CONTROLS","NO CONTROLS","UNKNOWN","DAYLIGHT","PARKED MOTOR VEHICLE","NOT DIVIDED",,"STRAIGHT AND LEVEL","UNKNOWN","UNKNOWN","NOT ON SCENE (DESK REPORT)","NO INJURY / DRIVE AWAY",,,,"OVER $1,500","2026-02-18T18:35:00.000","IMPROPER LANE USAGE","NOT APPLICABLE","3304","W","FULLERTON AVE","1413",,,,,,,"2","NO INDICATION OF INJURY","0","0","0","0","0","1","0","11","7","2","41.9247846236","-87.7110000001","POINT (-87.711000000139 41.924784623568)"
"b5cb57ed06845ed8a2b9525871a0c378e3321de79edabd2d62ca2e02af65d5755fc51a72a9e0d390fbbef723b7db5f54dea6ad19d1464aa2c81bee91194b8e84",,"2026-02-14T11:15:00.000","20","NO CONTROLS","NO CONTROLS","CLEAR","DAYLIGHT","FIXED OBJECT","NOT DIVIDED",,"STRAIGHT AND LEVEL","DRY","NO DEFECTS","NOT ON SCENE (DESK REPORT)","NO INJURY / DRIVE AWAY",,,,"OVER $1,500","2026-02-17T11:45:00.000","UNABLE TO DETERMINE","IMPROPER LANE USAGE","5914","S","WHIPPLE ST","824",,,,,,,"1","NO INDICATION OF INJURY","0","0","0","0","0","1","0","11","7","2","41.7858180774","-87.6998237041","POINT (-87.69982370412 41.785818077371)"
"01f5ee3b19b7884ff6f796db604d2cde56c13eff9d6214c49888d2c32192a40444081d6b16821bf1ef9c0a01b246b7e9844def8176db62be548ed0b7117bb198",,"2026-02-14T11:00:00.000","45","NO CONTROLS","NO CONTROLS","CLEAR","DARKNESS, LIGHTED ROAD","PARKED MOTOR VEHICLE","DIVIDED - W/MEDIAN (NOT RAISED)",,"STRAIGHT AND LEVEL","DRY","NO DEFECTS","ON SCENE","NO INJURY / DRIVE AWAY",,"N","Y","$500 OR LESS","2026-02-14T23:16:00.000","HAD BEEN DRINKING (USE WHEN ARREST IS NOT MADE)","UNABLE TO DETERMINE","8810","S","STONY ISLAND AVE","412",,,,,,,"2","NO INDICATION OF INJURY","0","0","0","0","0","4","0","11","7","2","41.7347194927","-87.5857450346","POINT (-87.585745034611 41.734719492693)"
"5cc5b610b14435e07d80c9259501711e69d875fd3003311d7ba6358b857383d7e0e21fbf5f3fd6ba4c9f6f3dbb96ec73e6d5a9c3011982c6c986daa04aac39af",,"2026-02-14T11:00:00.000","15","NO CONTROLS","NO CONTROLS","CLEAR","DAYLIGHT","SIDESWIPE OPPOSITE DIRECTION","PARKING LOT",,"STRAIGHT AND LEVEL","DRY","NO DEFECTS","NOT ON SCENE (DESK REPORT)","NO INJURY / DRIVE AWAY",,"Y",,"$501 - $1,500","2026-02-14T12:10:00.000","DRIVING SKILLS/KNOWLEDGE/EXPERIENCE","NOT APPLICABLE","4700","W","DIVERSEY AVE","2521",,,,,,,"2","NO INDICATION OF INJURY","0","0","0","0","0","2","0","11","7","2","41.9316745148","-87.7442082439","POINT (-87.74420824392 41.931674514756)"
"a49f07450333a93b30525521a5133b3822e5fe3be91917627c1dfce56aca7ed8b4b0a2dea59c8fcfedbca5c0b7e53efc766ea3dcfd9a4083bb0b9c1d1ce6e0ae",,"2026-02-14T11:00:00.000","10","NO CONTROLS","NO CONTROLS","CLEAR","DAYLIGHT","REAR END","ONE-WAY",,"STRAIGHT AND LEVEL","WET","NO DEFECTS","NOT ON SCENE (DESK REPORT)","NO INJURY / DRIVE AWAY",,,"Y","OVER $1,500","2026-02-14T11:11:00.000","UNABLE TO DETERMINE","NOT APPLICABLE","818","S","CICERO AVE","1533",,,,,,,"2","NO INDICATION OF INJURY","0","0","0","0","0","2","0","11","7","2","41.8697369512","-87.7450226977","POINT (-87.745022697676 41.869736951221)"
"498be14ef78b9f87d3306b8542c616dc5294e7106f5f27772f0037274f049a0df1ff2450084cf819fab5bd48d7d63ac8a6e311d6e53ecf25eb2723e72206e354",,"2026-02-14T10:58:00.000","30","NO CONTROLS","NO CONTROLS","CLEAR","DAYLIGHT","PARKED MOTOR VEHICLE","DIVIDED - W/MEDIAN (NOT RAISED)",,"STRAIGHT AND LEVEL","DRY","NO DEFECTS","ON SCENE","NO INJURY / DRIVE AWAY",,,,"OVER $1,500","2026-02-14T10:59:00.000","UNABLE TO DETERMINE","UNABLE TO DETERMINE","124","E","71ST ST","322",,,,,,,"3","NO INDICATION OF INJURY","0","0","0","0","0","3","0","10","7","2","41.7657122607","-87.6206031612","POINT (-87.620603161164 41.765712260724)"
"bcea6dd9b4054e752c780c7cd71624f2edc01efacf1dc21b0b713a4c9c5442081ae96684a0ef1b4a69a54c69c4347a713232f68aa34a459b14aa7157f909e628",,"2026-02-14T10:56:00.000","30","UNKNOWN","UNKNOWN","UNKNOWN","UNKNOWN","SIDESWIPE OPPOSITE DIRECTION","UNKNOWN",,"STRAIGHT AND LEVEL","UNKNOWN","UNKNOWN","NOT ON SCENE (DESK REPORT)","NO INJURY / DRIVE AWAY",,,"N","OVER $1,500","2026-02-14T18:00:00.000","UNABLE TO DETERMINE","UNABLE TO DETERMINE","7252","S","SAWYER AVE","831",,,,,,,"2","NO INDICATION OF INJURY","0","0","0","0","0","2","0","10","7","2","41.7610053317","-87.7040866031","POINT (-87.704086603095 41.761005331654)"
"e134ec0dbfbe0b7033c359d45be46e76e93148186961578d6b57a5cc0ed39a92be28648f71d0bbdc9bd41ad740177bf84ddc7d50fabc9246a355b1c9551e0d41",,"2026-02-14T10:55:00.000","30","TRAFFIC SIGNAL","FUNCTIONING PROPERLY","CLEAR","DAYLIGHT","REAR END","NOT DIVIDED",,"STRAIGHT AND LEVEL","DRY","NO DEFECTS","ON SCENE","NO INJURY / DRIVE AWAY","Y",,,"OVER $1,500","2026-02-14T11:15:00.000","UNABLE TO DETERMINE","UNABLE TO DETERMINE","401","S","CICERO AVE","1131",,,,,,,"2","NO INDICATION OF INJURY","0","0","0","0","0","2","0","10","7","2","41.8749572297","-87.7449185831","POINT (-87.744918583056 41.874957229692)"
"1bacb3da138efd5675729cf44cd7abaabae5d45ba27ebe39771df57274bc429065b416685e9beaecfc3749934e3485fc9b88ae5a114de029968bb8efeeade527",,"2026-02-14T10:50:00.000","15","NO CONTROLS","NO CONTROLS","CLEAR","DAYLIGHT","FIXED OBJECT","PARKING LOT",,"STRAIGHT AND LEVEL","DRY","UNKNOWN","ON SCENE","INJURY AND / OR TOW DUE TO CRASH",,"Y",,"OVER $1,500","2026-02-14T10:52:00.000","UNABLE TO DETERMINE","UNABLE TO DETERMINE","4835","S","CICERO AVE","815",,,,,,,"1","NONINCAPACITATING INJURY","1","0","0","1","0","0","0","10","7","2","41.8047459934","-87.7429384797","POINT (-87.742938479735 41.804745993363)"
"4ccab58d593e8de2a5435de8060f590520ced3c2af5ecec2d4f09a909ebb4ec1236f20077ea448db6f9d37e365be8f45d5d294f13ec559b0754cded39249b58e",,"2026-02-14T10:50:00.000","40","NO CONTROLS","NO CONTROLS","CLEAR","DAYLIGHT","REAR END","DIVIDED - W/MEDIAN BARRIER",,"STRAIGHT AND LEVEL","DRY","NO DEFECTS","NOT ON SCENE (DESK REPORT)","INJURY AND / OR TOW DUE TO CRASH",,,,"OVER $1,500","2026-02-14T11:15:00.000","DRIVING SKILLS/KNOWLEDGE/EXPERIENCE","UNABLE TO DETERMINE","530","N","LAKE SHORE DR","1834",,,,,,,"2","REPORTED, NOT EVIDENT","2","0","0","0","2","2","0","10","7","2","41.891975608","-87.6145802709","POINT (-87.614580270889 41.891975608018)"
"3f3a33c6040d479e4fa741288751630c7c04388563290628ef3a42ab0aa2495a7a5d862a66d5a5d426e9d8fc55ff1feaed9f0eaafb173a6b2bc8b418cb984d95",,"2026-02-14T10:40:00.000","30","NO CONTROLS","NO CONTROLS","CLEAR","DAYLIGHT","TURNING","NOT DIVIDED",,"STRAIGHT AND LEVEL","DRY","NO DEFECTS","NOT ON SCENE (DESK REPORT)","NO INJURY / DRIVE AWAY",,,,"OVER $1,500","2026-02-14T12:14:00.000","FAILING TO YIELD RIGHT-OF-WAY","FAILING TO YIELD RIGHT-OF-WAY","8107","S","CICERO AVE","834",,,,,,,"2","NO INDICATION OF INJURY","0","0","0","0","0","2","0","10","7","2","41.7453649918","-87.7410789895","POINT (-87.741078989474 41.74536499175)"
"5f38f951e3591c4b853b188bb2d1aa74bf7c8ff500cdb0b3ef244b8f3930d4087b972df4a6b1b3227c6b4d9e55d47bcaa4466d9b9442ad396caf56a505a4c1b4",,"2026-02-14T10:30:00.000","35","NO CONTROLS","NO CONTROLS","CLEAR","DAYLIGHT","ANGLE","NOT DIVIDED",,"STRAIGHT AND LEVEL","DRY","NO DEFECTS","NOT ON SCENE (DESK REPORT)","NO INJURY / DRIVE AWAY",,,,"OVER $1,500","2026-02-14T11:39:00.000","UNABLE TO DETERMINE","UNABLE TO DETERMINE","4777","N","MARMORA AVE","1622",,,,,,,"2","NO INDICATION OF INJURY","0","0","0","0","0","2","0","10","7","2","41.9676440395","-87.7746765143","POINT (-87.774676514346 41.967644039538)"
"5fd89b2b0758fec0298477aa63641afe46066ea8f916969346a819a257cc87b73eca9eeea1aef84105ba6e36d283f8f0bf1d8c37b9a6eea848b28f702ca81e5d",,"2026-02-14T10:20:00.000","35","STOP SIGN/FLASHER","FUNCTIONING PROPERLY","CLEAR","DAYLIGHT","TURNING","T-INTERSECTION",,"STRAIGHT AND LEVEL","DRY","NO DEFECTS",,"INJURY AND / OR TOW DUE TO CRASH","Y",,,"OVER $1,500","2026-02-14T10:22:00.000","FAILING TO YIELD RIGHT-OF-WAY","UNABLE TO DETERMINE","3614","W","COLUMBUS AVE","834",,,,,,,"2","NONINCAPACITATING INJURY","4","0","0","4","0","0","0","10","7","2","41.7428455902","-87.7124916753","POINT (-87.712491675329 41.742845590179)"
"3f90c4b52e18620dadc0181c43eadb046013635812ab63779d59fb933fa306b7569f4854c381db6251c621ac777e0d070a132b40d604f0ff6be46d3b96a32b3c",,"2026-02-14T10:13:00.000","30","NO CONTROLS","NO CONTROLS","CLEAR","DAYLIGHT","TURNING","DIVIDED - W/MEDIAN (NOT RAISED)",,"STRAIGHT AND LEVEL","DRY","UNKNOWN","NOT ON SCENE (DESK REPORT)","NO INJURY / DRIVE AWAY",,,,"OVER $1,500","2026-02-14T14:15:00.000","UNABLE TO DETERMINE","NOT APPLICABLE","1600","N","WESTERN AVE","1434",,,,,,,"2","NO INDICATION OF INJURY","0","0","0","0","0","2","0","10","7","2","41.9104090236","-87.6873702684","POINT (-87.687370268401 41.910409023629)"
"3e4e8128e9e5d0b49e1b3c8d0c508afcd033d818093b1c15870ea9569d75d5db822e40b9d0293fadd9bd8cd50f448d28a683ea69c2ad2cb97fe55375f26d1f85",,"2026-02-14T10:00:00.000","10","NO CONTROLS","NO CONTROLS","UNKNOWN","UNKNOWN","PARKED MOTOR VEHICLE","PARKING LOT",,"STRAIGHT AND LEVEL","UNKNOWN","UNKNOWN","NOT ON SCENE (DESK REPORT)","NO INJURY / DRIVE AWAY",,"Y","Y","OVER $1,500","2026-02-16T18:00:00.000","UNABLE TO DETERMINE","NOT APPLICABLE","5958","W","DIVERSEY AVE","2514",,,,,,,"2","NO INDICATION OF INJURY","0","0","0","0","0","1","0","10","7","2","41.9312498181","-87.7759069982","POINT (-87.775906998242 41.931249818096)"
"6843dba4112e7756afd78a2560101deb88a60ae1af9edb104583e2e1f1ae688cda98828c57973dabb0f891e141b70dfcd6a858b14efa9548ee18fb1a07c3a19a",,"2026-02-14T10:00:00.000","20","STOP SIGN/FLASHER","FUNCTIONING PROPERLY","CLEAR","DAYLIGHT","TURNING","T-INTERSECTION",,"STRAIGHT AND LEVEL","DRY","NO DEFECTS","NOT ON SCENE (DESK REPORT)","NO INJURY / DRIVE AWAY","Y",,,"$500 OR LESS","2026-02-14T10:30:00.000","IMPROPER TURNING/NO SIGNAL","NOT APPLICABLE","5501","S","MARSHFIELD AVE","715",,,,,,,"2","NO INDICATION OF INJURY","0","0","0","0","0","2","0","10","7","2","41.7935775503","-87.6656433386","POINT (-87.665643338643 41.793577550326)"
"c1361374634e9ce45f0010bc471c6acbbb1ea1356492700e9b5f451ba3fcceba57d4bd1857bcdc9abdaef5ec2b7c326e74b707ab4bff49ee650ab6c2a33bacc9",,"2026-02-14T10:00:00.000","30","STOP SIGN/FLASHER","UNKNOWN","CLEAR","DAYLIGHT","ANGLE","FOUR WAY",,"STRAIGHT AND LEVEL","UNKNOWN","UNKNOWN","NOT ON SCENE (DESK REPORT)","NO INJURY / DRIVE AWAY","Y",,"Y","OVER $1,500","2026-02-21T12:15:00.000","UNABLE TO DETERMINE","UNABLE TO DETERMINE","10900","S","WENTWORTH AVE","513",,,,,,,"2","NO INDICATION OF INJURY","0","0","0","0","0","2","0","10","7","2","41.6961226735","-87.6281381515","POINT (-87.628138151525 41.696122673534)"
"fabc2db7998ee05c5f7567d64ea9011bc7bfd5fda18937d29b13debf54387db3b0ce88ca9305abaf6a1fafd8b34966788234f54d3e67fe0f9f15a0691d8e1d3f",,"2026-02-14T09:35:00.000","30","TRAFFIC SIGNAL","FUNCTIONING PROPERLY","CLEAR","DAYLIGHT","REAR END","DIVIDED - W/MEDIAN (NOT RAISED)",,"STRAIGHT AND LEVEL","DRY","UNKNOWN","NOT ON SCENE (DESK REPORT)","NO INJURY / DRIVE AWAY",,,,"$501 - $1,500","2026-02-18T12:02:00.000","UNABLE TO DETERMINE","NOT APPLICABLE","1107","W","87TH ST","2222",,,,,,,"2","NO INDICATION OF INJURY","0","0","0","0","0","2","0","9","7","2","41.7358543625","-87.6512467547","POINT (-87.651246754658 41.735854362474)"
"24baaea571c37241b5d1da10da810d91745aca6161ee2deef2cac5ad395116a9f2f49977258a070f65d33f8f3d7b1dc29cd9cfc288af6af4c65cc521ff41dfa1",,"2026-02-14T09:33:00.000","35","NO CONTROLS","NO CONTROLS","CLEAR","DARKNESS, LIGHTED ROAD","PARKED MOTOR VEHICLE","NOT DIVIDED",,"STRAIGHT AND LEVEL","DRY","NO DEFECTS","ON SCENE","NO INJURY / DRIVE AWAY",,,"Y","OVER $1,500","2026-02-14T09:42:00.000","UNABLE TO DETERMINE","NOT APPLICABLE","3514","S","WOOD ST","912",,,,,,,"2","NO INDICATION OF INJURY","0","0","0","0","0","1","0","9","7","2","41.8299559896","-87.6705329263","POINT (-87.670532926262 41.829955989639)"
"fa294021f524949d2184273f4d78cdf1d083418f58a7acde43218a3ff79a7636c42df33ece5207243d8449c6445de1d506187d6db75e754c8de88360d35b935b",,"2026-02-14T09:29:00.000","15","NO CONTROLS","NO CONTROLS","CLEAR","DAYLIGHT","PARKED MOTOR VEHICLE","PARKING LOT",,"STRAIGHT AND LEVEL","DRY","NO DEFECTS","NOT ON SCENE (DESK REPORT)","NO INJURY / DRIVE AWAY",,,,"$500 OR LESS","2026-02-14T09:30:00.000","NOT APPLICABLE","NOT APPLICABLE","5314","S","PULASKI RD","815",,,,,,,"2","NO INDICATION OF INJURY","0","0","0","0","0","3","0","9","7","2","41.7963645534","-87.7233969866","POINT (-87.723396986625 41.79636455341)"
"61eae6b78702c2f55afe038c688562fca7d93d6d4b0489637ea6fccb9590de4e7991a811ce3be30d025542aa68b3a36890329ecb65b48d1bb82cf0bd84bbe318",,"2026-02-14T09:00:00.000","30","STOP SIGN/FLASHER","FUNCTIONING PROPERLY","CLEAR","DAYLIGHT","REAR TO FRONT","ONE-WAY",,"STRAIGHT AND LEVEL","DRY","NO DEFECTS","NOT ON SCENE (DESK REPORT)","NO INJURY / DRIVE AWAY",,,,"$501 - $1,500","2026-02-14T11:30:00.000","IMPROPER BACKING","IMPROPER BACKING","1300","W","EARLY AVE","2013",,,,,,,"2","NO INDICATION OF INJURY","0","0","0","0","0","2","0","9","7","2","41.9868860343","-87.6632376652","POINT (-87.663237665197 41.986886034281)"