"crash_record_id","crash_date_est_i","crash_date","posted_speed_limit","traffic_control_device","device_condition","weather_condition","lighting_condition","first_crash_type","trafficway_type","lane_cnt","alignment","roadway_surface_cond","road_defect","report_type","crash_type","intersection_related_i","private_property_i","hit_and_run_i","damage","date_police_notified","prim_contributory_cause","sec_contributory_cause","street_no","street_direction","street_name","beat_of_occurrence","photos_taken_i","statements_taken_i","dooring_i","work_zone_i","work_zone_type","workers_present_i","num_units","most_severe_injury","injuries_total","injuries_fatal","injuries_incapacitating","injuries_non_incapacitating","injuries_reported_not_evident","injuries_no_indication","injuries_unknown","crash_hour","crash_day_of_week","crash_month","latitude","longitude","location"
"c675027a6a81cc56045282105ace78a5ce1276147726c9cb7dc1c4d240b3bf986aedffcb879382f708eaf83ddf10fb2aa65b90efd6c06d188b2dc2391c065b43",,"2026-02-14T09:00:00.000","10","NO CONTROLS","NO CONTROLS","CLEAR","DAYLIGHT","PARKED MOTOR VEHICLE","PARKING LOT",,"STRAIGHT AND LEVEL","WET","UNKNOWN","NOT ON SCENE (DESK REPORT)","NO INJURY / DRIVE AWAY",,,"Y","OVER $1,500","2026-02-14T13:15:00.000","UNABLE TO DETERMINE","UNABLE TO DETERMINE","661","E","69TH ST","321",,,,,,,"2","NO INDICATION OF INJURY","0","0","0","0","0","1","0","9","7","2","41.7693483993","-87.6083159081","POINT (-87.608315908059 41.769348399341)"
"1d6124a6f694d54478b9016ce2b16f989cf8cd24ef1c9265ff0d6be431a68890efb7696a092bde5f919ee3dc4f59220b8d81d7f05ce007537e5e43460d5d7bb0",,"2026-02-14T08:52:00.000","40","NO CONTROLS","NO CONTROLS","CLEAR","DAYLIGHT","SIDESWIPE SAME DIRECTION","DIVIDED - W/MEDIAN BARRIER",,"STRAIGHT AND LEVEL","DRY","UNKNOWN","ON SCENE","NO INJURY / DRIVE AWAY",,,,"$500 OR LESS","2026-02-14T08:53:00.000","UNABLE TO DETERMINE","UNABLE TO DETERMINE","3900","N","LAKE SHORE DR NB","1925",,,,,,,"2","NO INDICATION OF INJURY","0","0","0","0","0","2","0","8","7","2","41.9530968826","-87.6449470833","POINT (-87.644947083251 41.95309688257)"
"7c6660db409b82558fcebb920d9e7fc3028550efc6173e7e8dfdf82123a6e5a540549c19f8ec2d767cb6496a24feb761e7cea4958373c813e172da95f5829c08",,"2026-02-14T08:50:00.000","30","NO CONTROLS","NO CONTROLS","CLEAR","DAYLIGHT","TURNING","NOT DIVIDED",,"STRAIGHT AND LEVEL","DRY","NO DEFECTS","ON SCENE","INJURY AND / OR TOW DUE TO CRASH","Y",,,"OVER $1,500","2026-02-14T08:55:00.000","IMPROPER TURNING/NO SIGNAL","NOT APPLICABLE","4040","W","26TH ST","1013",,,,,,,"2","NO INDICATION OF INJURY","0","0","0","0","0","3","0","8","7","2","41.8443407567","-87.7261561051","POINT (-87.726156105132 41.84434075673)"
"1b9c9059694968fee39593406bf4f1ca1477bc658e5968cffe397a5d19fb977ad15032d46f177f8d578649c5a887cc3b9fafed9baefa4137b86b3f33305df5ee",,"2026-02-14T08:38:00.000","30","TRAFFIC SIGNAL","FUNCTIONING PROPERLY","CLEAR","DAYLIGHT","REAR END","NOT DIVIDED",,"STRAIGHT AND LEVEL","DRY","UNKNOWN","ON SCENE","NO INJURY / DRIVE AWAY",,,,"OVER $1,500","2026-02-14T08:41:00.000","FOLLOWING TOO CLOSELY","FOLLOWING TOO CLOSELY","4309","S","ARCHER AVE","922",,,,,,,"3","NO INDICATION OF INJURY","0","0","0","0","0","4","0","8","7","2","41.8151590652","-87.7022731749","POINT (-87.702273174906 41.81515906522)"
"98b2fd3fe1c2701fda34df2cdfd91ed92990d8aea7fdcc982a34369e135ad3881cb4beca6dd382d0da10e5d74387abf6d99aea98da8b9d5aa0cbdcc47770948e",,"2026-02-14T08:03:00.000","30","TRAFFIC SIGNAL","FUNCTIONING PROPERLY","CLEAR","DAYLIGHT","TURNING","FOUR WAY",,"STRAIGHT AND LEVEL","DRY","NO DEFECTS","ON SCENE","NO INJURY / DRIVE AWAY","Y",,,"OVER $1,500","2026-02-14T08:04:00.000","UNABLE TO DETERMINE","NOT APPLICABLE","3950","N","LAKE SHORE DR","1925",,,,,,,"2","NO INDICATION OF INJURY","0","0","0","0","0","2","0","8","7","2","41.9543447187","-87.6453496206","POINT (-87.645349620599 41.954344718652)"
"6948144a6086cb7119dab537b659c2921137802de9ddeb732f80cd3e96ef070a2c89a56fc0d4dc28eeddcb60059b2e168fb27b96ccad6fab57a24afa588ab7d8",,"2026-02-14T08:00:00.000","30","TRAFFIC SIGNAL","FUNCTIONING PROPERLY","CLEAR","DARKNESS, LIGHTED ROAD","SIDESWIPE SAME DIRECTION","DIVIDED - W/MEDIAN (NOT RAISED)",,"STRAIGHT AND LEVEL","DRY","NO DEFECTS","ON SCENE","NO INJURY / DRIVE AWAY",,,,"OVER $1,500","2026-02-14T08:00:00.000","UNABLE TO DETERMINE","UNABLE TO DETERMINE","198","W","GARFIELD BLVD","225",,,,,,,"2","NO INDICATION OF INJURY","0","0","0","0","0","2","0","8","7","2","41.7946770026","-87.6304878508","POINT (-87.630487850767 41.79467700255)"
"8a15e079694584baca544ecee2045548bd410f8e5f4b952f66c9cbc5a2ece5bbd02243047c5150ab5400bcc6991b7e8f38cdda7e22639efa1e6a72f281b3781d",,"2026-02-14T08:00:00.000","35","NO CONTROLS","NO CONTROLS","CLEAR","DAYLIGHT","PARKED MOTOR VEHICLE","ONE-WAY",,"STRAIGHT AND LEVEL","DRY","UNKNOWN","NOT ON SCENE (DESK REPORT)","NO INJURY / DRIVE AWAY",,,"Y","OVER $1,500","2026-02-14T14:00:00.000","UNABLE TO DETERMINE","UNABLE TO DETERMINE","5414","W","BLOOMINGDALE AVE","2532",,,,,,,"2","NO INDICATION OF INJURY","0","0","0","0","0","1","0","8","7","2","41.9131948058","-87.7612993018","POINT (-87.7612993018 41.913194805809)"
"424e3e8a7cdb2d8f3c4ba832202ec58a815cb362d69c9a323367e080a4a67c9d2dc53455c803819022437d969bf642f7d9252211ce0787c58fe4fa6ccd2b88f2",,"2026-02-14T07:50:00.000","30","STOP SIGN/FLASHER","NO CONTROLS","CLEAR","DAYLIGHT","ANGLE","FOUR WAY",,"STRAIGHT AND LEVEL","DRY","NO DEFECTS","ON SCENE","INJURY AND / OR TOW DUE TO CRASH","Y",,,"OVER $1,500","2026-02-14T07:52:00.000","DISREGARDING STOP SIGN","NOT APPLICABLE","4900","W","AUGUSTA BLVD","1531",,,,,,,"2","NONINCAPACITATING INJURY","1","0","0","1","0","1","0","7","7","2","41.8987640861","-87.7484651612","POINT (-87.748465161221 41.898764086064)"
"139914d77f844696c30c85d3023ddb175c990e718a56d195a2ba1dc5de2501495a48cd020fba992b37853fb26a76ccfce019550253a5556d72da1ad4e8c4c3ab",,"2026-02-14T07:10:00.000","25","NO CONTROLS","NO CONTROLS","CLEAR","DAYLIGHT","PARKED MOTOR VEHICLE","NOT DIVIDED",,"STRAIGHT AND LEVEL","DRY","NO DEFECTS","ON SCENE","NO INJURY / DRIVE AWAY",,,,"$501 - $1,500","2026-02-14T07:23:00.000","DRIVING SKILLS/KNOWLEDGE/EXPERIENCE","DRIVING SKILLS/KNOWLEDGE/EXPERIENCE","3851","S","GILES AVE","212",,,,,,,"2","NO INDICATION OF INJURY","0","0","0","0","0","1","0","7","7","2","41.8241241383","-87.6190383351","POINT (-87.619038335058 41.824124138296)"
"2838d29feb42522e7468ad27f223f0b11dca009cd63eb8d118e0d080df617be29470be92b050488f065734ea8342110b6bb0d04740a2d8b25ab0e8cfb542c5e4",,"2026-02-14T07:10:00.000","20","NO CONTROLS","NO CONTROLS","UNKNOWN","DAYLIGHT","PARKED MOTOR VEHICLE","PARKING LOT",,"STRAIGHT AND LEVEL","UNKNOWN","UNKNOWN","NOT ON SCENE (DESK REPORT)","NO INJURY / DRIVE AWAY",,"Y",,"OVER $1,500","2026-02-25T14:10:00.000","UNABLE TO DETERMINE","UNABLE TO DETERMINE","7240","W","DEVON AVE","1612",,,,,,,"2","NO INDICATION OF INJURY","0","0","0","0","0","1","0","7","7","2","41.9975982587","-87.8082527577","POINT (-87.808252757684 41.997598258745)"
"b8bec499992fa392895de0bf78a7af73168643348db109169000ef6dbeced3cc39f27187d27f82ef6af3e9f80704f4d88d70c47594d4476eae411561d20a650f",,"2026-02-14T07:10:00.000","30","NO CONTROLS","NO CONTROLS","CLEAR","DAYLIGHT","FIXED OBJECT","NOT DIVIDED",,"STRAIGHT AND LEVEL","DRY","NO DEFECTS","ON SCENE","INJURY AND / OR TOW DUE TO CRASH",,,,"OVER $1,500","2026-02-14T07:11:00.000","IMPROPER OVERTAKING/PASSING","FAILING TO REDUCE SPEED TO AVOID CRASH","7430","S","ASHLAND AVE","735",,,,,,,"3","NONINCAPACITATING INJURY","2","0","0","2","0","0","0","7","7","2","41.7585822383","-87.6637700082","POINT (-87.663770008201 41.758582238285)"
"c222e7f79cf7799ce6f38b910ff7a28d40b1aee18e05d14b9608729ac23030aab737c0fc0d58a42224032eb18d5b13efdec50e0e693706bd387f034f98904fdd",,"2026-02-14T07:10:00.000","10","YIELD","FUNCTIONING PROPERLY","CLEAR","DAYLIGHT","OTHER OBJECT","RAMP",,"CURVE, LEVEL","DRY","NO DEFECTS","ON SCENE","NO INJURY / DRIVE AWAY",,,,"$501 - $1,500","2026-02-14T08:09:00.000","NOT APPLICABLE","NOT APPLICABLE","10255","W","ZEMKE RD","1654",,,,,,,"1","NO INDICATION OF INJURY","0","0","0","0","0","1","0","7","7","2","41.9947933861","-87.8827076595","POINT (-87.882707659516 41.994793386112)"
"1b4ec5e86b75b958bd62115b17f6e880de887dd0b0e85cfd822927f65199bd06def57895883b9df6b35b46e4e98877d4b33355dd4b4d5a1604d552b285e4588e",,"2026-02-14T07:05:00.000","35","TRAFFIC SIGNAL","FUNCTIONING PROPERLY","CLEAR","DAYLIGHT","REAR END","DIVIDED - W/MEDIAN (NOT RAISED)",,"STRAIGHT AND LEVEL","DRY","NO DEFECTS","ON SCENE","NO INJURY / DRIVE AWAY",,,,"$500 OR LESS","2026-02-14T07:05:00.000","FAILING TO REDUCE SPEED TO AVOID CRASH","UNABLE TO DETERMINE","3301","N","KIMBALL AVE","1733",,,,,,,"2","NO INDICATION OF INJURY","0","0","0","0","0","2","0","7","7","2","41.9412151101","-87.7124140278","POINT (-87.712414027755 41.94121511008)"
"60c37c4ebc6cca4a46ce1ab046b7ee3ac42de98847a41a618dcbc17853d7f9606ef4d58a1738540113e1b81a2c66f39a3d1025bd0ae9d98513b93631d837e9ee",,"2026-02-14T07:00:00.000","30","NO CONTROLS","NO CONTROLS","CLEAR","DAYLIGHT","ANGLE","NOT DIVIDED",,"STRAIGHT AND LEVEL","DRY","NO DEFECTS","ON SCENE","INJURY AND / OR TOW DUE TO CRASH",,,,"OVER $1,500","2026-02-14T07:15:00.000","FAILING TO YIELD RIGHT-OF-WAY","NOT APPLICABLE","1868","S","CENTRAL PARK AVE","1014",,,,,,,"2","REPORTED, NOT EVIDENT","2","0","0","0","2","1","0","7","7","2","41.8552118939","-87.7152481882","POINT (-87.715248188181 41.855211893946)"
"df7514f1606aa9acf4b0833495d2d230cb346a517f2eb07836cdac2806c5c1afff0bbc4e5c932c7ede986327c441bacf49e9b34febd0a250d3321a886d2d7e70","Y","2026-02-14T07:00:00.000","30","NO CONTROLS","NO CONTROLS","CLEAR","DARKNESS, LIGHTED ROAD","PARKED MOTOR VEHICLE","ONE-WAY",,"STRAIGHT AND LEVEL","DRY","NO DEFECTS","ON SCENE","NO INJURY / DRIVE AWAY",,,"Y","OVER $1,500","2026-02-14T08:26:00.000","FAILING TO REDUCE SPEED TO AVOID CRASH","UNABLE TO DETERMINE","6241","S","MC VICKER AVE","812",,,,,,,"2","NO INDICATION OF INJURY","0","0","0","0","0","1","0","7","7","2","41.7784473298","-87.7725934553","POINT (-87.77259345525 41.778447329823)"
"1b09864cbedf69c04c007178557c458ea1fa86b9a4c80849a3786ec2bfdb5cd4baae8e8cc4ed9987e111701358278af0c1284b0068ae21564f6d8d4ff1842b06",,"2026-02-14T06:50:00.000","30","OTHER","FUNCTIONING PROPERLY","CLEAR","DAYLIGHT","TURNING","FOUR WAY",,"STRAIGHT AND LEVEL","DRY","NO DEFECTS","NOT ON SCENE (DESK REPORT)","NO INJURY / DRIVE AWAY","Y",,,"$501 - $1,500","2026-02-14T07:50:00.000","IMPROPER LANE USAGE","UNABLE TO DETERMINE","5590","N","NAGLE AVE","1612",,,,,,,"2","NO INDICATION OF INJURY","0","0","0","0","0","2","0","6","7","2","41.9828862532","-87.7878823556","POINT (-87.787882355613 41.982886253208)"
"92d70c6b3783f8e0bdbacf4def06609f00cd04b4f549f14542a0e5de5bfc2973f16411c850b32bcc1526a014a1ea990126f4d11728b206984085dc62466033aa",,"2026-02-14T06:39:00.000","30","TRAFFIC SIGNAL","FUNCTIONING PROPERLY","CLEAR","DUSK","TURNING","DIVIDED - W/MEDIAN (NOT RAISED)",,"STRAIGHT AND LEVEL","DRY","UNKNOWN","ON SCENE","INJURY AND / OR TOW DUE TO CRASH",,,,"OVER $1,500","2026-02-14T06:43:00.000","DISREGARDING TRAFFIC SIGNALS","NOT APPLICABLE","3330","N","KIMBALL AVE","1732",,,,,,,"2","NONINCAPACITATING INJURY","1","0","0","1","0","1","0","6","7","2","41.9420735168","-87.712735824","POINT (-87.712735823952 41.942073516765)"
"51db8b96fb165027559c5668ad413469db802f93515def47ec369c5309fdbc7ab25a9dca9ac4f192b5b1ce6eaa79c44427b1ec00440d8343059baeff7ce61252",,"2026-02-14T05:35:00.000","30","NO CONTROLS","NO CONTROLS","CLEAR","DARKNESS, LIGHTED ROAD","PARKED MOTOR VEHICLE","ONE-WAY",,"STRAIGHT AND LEVEL","DRY","NO DEFECTS",,"NO INJURY / DRIVE AWAY",,,"Y","OVER $1,500","2026-02-14T05:35:00.000","UNABLE TO DETERMINE","NOT APPLICABLE","3655","W","BELLE PLAINE AVE","1723",,,,,,,"4","NO INDICATION OF INJURY","0","0","0","0","0","1","0","5","7","2","41.9554717031","-87.7198465141","POINT (-87.719846514066 41.955471703116)"
"0c51aaffd9201c1d8602a5e0174ced25cfae053a15f31be284ae569884b3937242d3376b0d0ee1b6c7cd939f7c7878d55cf381345a49aca9e9afa20706a27df2",,"2026-02-14T05:30:00.000","30","STOP SIGN/FLASHER","FUNCTIONING PROPERLY","CLEAR","DARKNESS","ANGLE","NOT DIVIDED",,"STRAIGHT AND LEVEL","ICE","NO DEFECTS","NOT ON SCENE (DESK REPORT)","NO INJURY / DRIVE AWAY","Y",,,"OVER $1,500","2026-02-14T09:40:00.000","FAILING TO YIELD RIGHT-OF-WAY","FAILING TO REDUCE SPEED TO AVOID CRASH","2700","S","KEDZIE AVE","1032",,,,,,,"2","NO INDICATION OF INJURY","0","0","0","0","0","2","0","5","7","2","41.8426025264","-87.7051278107","POINT (-87.705127810739 41.842602526365)"
"87b5db2cf3e45f3e16d7e174884bd48f5a1b2ad04f07e3b9eb94fdd994078c0b4771efea6ec98a1211b4ea7e799ffdfcf4d049531a563b63262d716c2551083c",,"2026-02-14T05:30:00.000","30","TRAFFIC SIGNAL","FUNCTIONING PROPERLY","CLEAR","DARKNESS, LIGHTED ROAD","ANGLE","FOUR WAY",,"STRAIGHT AND LEVEL","DRY","NO DEFECTS","NOT ON SCENE (DESK REPORT)","NO INJURY / DRIVE AWAY",,,"Y","OVER $1,500","2026-02-14T05:45:00.000","UNABLE TO DETERMINE","NOT APPLICABLE","6000","W","NORTH AVE","2531",,,,,,,"2","NO INDICATION OF INJURY","0","0","0","0","0","2","0","5","7","2","41.9093627913","-87.7756436607","POINT (-87.775643660723 41.909362791269)"
"1d0e04b48e503b415bb05c08e796a0ddbd060532d7a00e2bcf4a357a981510c4171d7997c1fa4eb02157fcbd20bdea188135ab5d622ffcbd85ba85788d78c179",,"2026-02-14T05:15:00.000","30","UNKNOWN","UNKNOWN","CLEAR","DARKNESS, LIGHTED ROAD","HEAD ON","DIVIDED - W/MEDIAN (NOT RAISED)",,"STRAIGHT AND LEVEL","DRY","UNKNOWN","ON SCENE","INJURY AND / OR TOW DUE TO CRASH",,,,"OVER $1,500","2026-02-14T05:20:00.000","FAILING TO REDUCE SPEED TO AVOID CRASH","FAILING TO REDUCE SPEED TO AVOID CRASH","6170","N","LINCOLN AVE","1711",,,,,,,"2","NO INDICATION OF INJURY","0","0","0","0","0","2","0","5","7","2","41.994243988","-87.7138759832","POINT (-87.713875983236 41.994243988047)"
"d6b92440e45752502c25c722010fdc3469f9b5b1ce29e6782f08d6fadc26f3fd9144b815ba9fd9ac1303168ca1c288b11cc1db7ba6cee5484eceaff0fdae4f82",,"2026-02-14T04:39:00.000","25","NO CONTROLS","NO CONTROLS","CLEAR","DARKNESS, LIGHTED ROAD","PARKED MOTOR VEHICLE","ONE-WAY",,"STRAIGHT AND LEVEL","DRY","NO DEFECTS",,"INJURY AND / OR TOW DUE TO CRASH",,,,"OVER $1,500","2026-02-14T04:40:00.000","DRIVING ON WRONG SIDE/WRONG WAY","FAILING TO REDUCE SPEED TO AVOID CRASH","3222","N","CENTRAL PARK AVE","1732",,,,,,,"4","NONINCAPACITATING INJURY","1","0","0","1","0","0","0","4","7","2","41.9399060879","-87.7175709579","POINT (-87.717570957928 41.939906087884)"
"0ae09d472f322bb6c3b4ccde740aa713b18c12b7f15e3f6e83f8cc9c91f6326245e82c64219049eda8431dd577f66a6d6265c562033790c3a1b6fbb0433dbbbb",,"2026-02-14T04:20:00.000","30","NO CONTROLS","NO CONTROLS","CLEAR","DARKNESS","TURNING","NOT DIVIDED",,"STRAIGHT AND LEVEL","WET","NO DEFECTS","NOT ON SCENE (DESK REPORT)","NO INJURY / DRIVE AWAY",,,"Y","OVER $1,500","2026-02-14T06:52:00.000","UNABLE TO DETERMINE","NOT APPLICABLE","7915","S","KEDZIE AVE","835",,,,,,,"2","NO INDICATION OF INJURY","0","0","0","0","0","2","0","4","7","2","41.7492735806","-87.7022344068","POINT (-87.702234406761 41.749273580605)"
"42e9f4168597d9632c2e20949b7c20e75d094a93d7341d11be53e9324889a35eccd416474e52665c89be258cb5e59c457ad5806f38a162bb6a34b4004ed68120",,"2026-02-14T04:09:00.000","30","NO CONTROLS","FUNCTIONING PROPERLY","CLEAR","DARKNESS, LIGHTED ROAD","FIXED OBJECT","ONE-WAY",,"STRAIGHT ON HILLCREST","DRY","NO DEFECTS","ON SCENE","NO INJURY / DRIVE AWAY","N",,"N","$500 OR LESS","2026-02-14T04:09:00.000","OPERATING VEHICLE IN ERRATIC, RECKLESS, CARELESS, NEGLIGENT OR AGGRESSIVE MANNER","DRIVING ON WRONG SIDE/WRONG WAY","335","S","KILBOURN AVE","1131",,,,,,,"1","NO INDICATION OF INJURY","0","0","0","0","0","2","0","4","7","2","41.8759197579","-87.7376169171","POINT (-87.737616917056 41.875919757859)"
"04d75a336957096fce5336bdfe311bc1fc73b1b182266fc6fe7a5b2bc259b3c290a89ec33f1154cc43167be6032d9cb96e14e8a909ff019f1d92e6221983834e",,"2026-02-14T04:05:00.000","30","STOP SIGN/FLASHER","FUNCTIONING PROPERLY","CLEAR","DARKNESS, LIGHTED ROAD","REAR END","NOT DIVIDED",,"STRAIGHT AND LEVEL","DRY","NO DEFECTS","ON SCENE","NO INJURY / DRIVE AWAY",,,,"OVER $1,500","2026-02-14T04:35:00.000","FOLLOWING TOO CLOSELY","NOT APPLICABLE","1021","W","18TH ST","1235",,,,,,,"2","NO INDICATION OF INJURY","0","0","0","0","0","3","0","4","7","2","41.857897507","-87.6525449967","POINT (-87.65254499671 41.85789750702)"
"44e6af386ba3e1fdc2a8eb80936e5c502332abc2cbe5712c6ea9297cfe4351d45b81f3a6bfeacbfce4b005893b5ef2fc5b33ccfda726db320742f19df36b7226",,"2026-02-14T03:54:00.000","30","NO CONTROLS","NO CONTROLS","CLEAR","DARKNESS","SIDESWIPE OPPOSITE DIRECTION","NOT DIVIDED",,"STRAIGHT AND LEVEL","DRY","NO DEFECTS","NOT ON SCENE (DESK REPORT)","NO INJURY / DRIVE AWAY",,,"Y","OVER $1,500","2026-02-14T04:30:00.000","UNABLE TO DETERMINE","NOT APPLICABLE","9200","S","WENTWORTH AVE","634",,,,,,,"2","NO INDICATION OF INJURY","0","0","0","0","0","2","0","3","7","2","41.7270353966","-87.6289531949","POINT (-87.628953194933 41.727035396649)"
"b6e35d191d6853e7289e7090aa132a80aec10c2e59e1b13ab1c3a7bcf46a9d367632b2409fa6de7297816658caacc2503cadf2ec798080cb828e1a6e333926b2",,"2026-02-14T03:30:00.000","25","NO CONTROLS","NO CONTROLS","CLEAR","DARKNESS","PARKED MOTOR VEHICLE","ONE-WAY",,"STRAIGHT AND LEVEL","DRY","NO DEFECTS","NOT ON SCENE (DESK REPORT)","NO INJURY / DRIVE AWAY",,,"Y","OVER $1,500","2026-02-14T11:48:00.000","UNABLE TO DETERMINE","NOT APPLICABLE","4308","W","ADAMS ST","1115",,,,,,,"2","NO INDICATION OF INJURY","0","0","0","0","0","1","0","3","7","2","41.8779935856","-87.7333595485","POINT (-87.733359548492 41.87799358556)"
"d447d0ced27c3fdad9650affd559ce60a6313f2196188ccbfde986f474cddcb5eac1e207631fe99dda04729da89dfd099f8586c3257c43eb10cc3202bdd030e1",,"2026-02-14T03:05:00.000","30","TRAFFIC SIGNAL","FUNCTIONING PROPERLY","CLEAR","DARKNESS, LIGHTED ROAD","REAR END","NOT DIVIDED",,"STRAIGHT AND LEVEL","DRY","NO DEFECTS","ON SCENE","NO INJURY / DRIVE AWAY","Y",,"Y","OVER $1,500","2026-02-14T03:10:00.000","FAILING TO REDUCE SPEED TO AVOID CRASH","FAILING TO REDUCE SPEED TO AVOID CRASH","439","N","WESTERN AVE","1221",,,,,,,"2","NO INDICATION OF INJURY","0","0","0","0","0","2","0","3","7","2","41.8896015165","-87.6865114443","POINT (-87.686511444285 41.88960151652)"
"a261c12db4c5c51191f39c5d7dc86e05064cdae1bdc32ebde1a042df5bd7b294bc098be33513ebf22b1700527dff71c2b9be07623e9e0e20270b43d711395e11",,"2026-02-14T03:00:00.000","30","TRAFFIC SIGNAL","FUNCTIONING PROPERLY","CLEAR","DARKNESS","SIDESWIPE SAME DIRECTION","ONE-WAY",,"STRAIGHT AND LEVEL","DRY","NO DEFECTS","NOT ON SCENE (DESK REPORT)","NO INJURY / DRIVE AWAY",,,"Y","OVER $1,500","2026-02-14T12:35:00.000","IMPROPER OVERTAKING/PASSING","NOT APPLICABLE","4200","S","CICERO AVE","814",,,,,,,"2","NO INDICATION OF INJURY","0","0","0","0","0","2","0","3","7","2","41.8167293867","-87.7435367125","POINT (-87.743536712476 41.816729386747)"
"83fba9b380bbe73f5d021c376357cfa64a969db3941b00369468f7a0b93b4783e12a74e630fe37405c2f43477fb845dfaa7a72018723edd87e73bf7fb618a0ee",,"2026-02-14T02:53:00.000","30","TRAFFIC SIGNAL","FUNCTIONING PROPERLY","CLEAR","DARKNESS, LIGHTED ROAD","REAR END","T-INTERSECTION",,"STRAIGHT AND LEVEL","DRY","NO DEFECTS","ON SCENE","INJURY AND / OR TOW DUE TO CRASH","Y",,,"OVER $1,500","2026-02-14T02:53:00.000","FAILING TO REDUCE SPEED TO AVOID CRASH","NOT APPLICABLE","1101","S","STATE ST","123",,,,,,,"2","REPORTED, NOT EVIDENT","3","0","0","0","3","4","0","2","7","2","41.8691459141","-87.6273190147","POINT (-87.627319014706 41.869145914067)"
"9004cd7415b7d28e379c08301d1b1bfcd255a10109df73e99bc68e17225159e3209a894593c7f29dedcf8cbea8f8a5e0a430802ba276020f97a3568b38ab4d11",,"2026-02-14T02:22:00.000","30","TRAFFIC SIGNAL","FUNCTIONING PROPERLY","CLEAR","DARKNESS, LIGHTED ROAD","PARKED MOTOR VEHICLE","DIVIDED - W/MEDIAN (NOT RAISED)",,"STRAIGHT AND LEVEL","DRY","NO DEFECTS","ON SCENE","NO INJURY / DRIVE AWAY","Y",,"Y","OVER $1,500","2026-02-14T02:52:00.000","PHYSICAL CONDITION OF DRIVER","OPERATING VEHICLE IN ERRATIC, RECKLESS, CARELESS, NEGLIGENT OR AGGRESSIVE MANNER","752","E","75TH ST","323",,,,,,,"2","NO INDICATION OF INJURY","0","0","0","0","0","1","0","2","7","2","41.7586814925","-87.6057152866","POINT (-87.605715286638 41.758681492529)"
"55bf0dc4efdd82cfd104ab842f69d20b09bdf9391a9a6f263ad45fd819c777879662c98824bc9e733a96c32a730e2eba87f1d0fcefddfac68f056e13f2425f67",,"2026-02-14T02:20:00.000","30","NO CONTROLS","NO CONTROLS","CLEAR","DARKNESS, LIGHTED ROAD","REAR END","NOT DIVIDED",,"STRAIGHT AND LEVEL","DRY","NO DEFECTS","ON SCENE","INJURY AND / OR TOW DUE TO CRASH",,,"Y","OVER $1,500","2026-02-14T02:22:00.000","FOLLOWING TOO CLOSELY","IMPROPER LANE USAGE","6211","N","MILWAUKEE AVE","1611",,,,,,,"4","NO INDICATION OF INJURY","0","0","0","0","0","2","0","2","7","2","41.9941337302","-87.7846362628","POINT (-87.784636262761 41.994133730186)"
"c9410ae8b3d25dc60a64d96f2f097857bc2509564961d9f62eeae61b2c4bd3f38cae71ab7c56dd2b17fc7db289be7c74a6b85f9edf924b204bd74c96f9f066b2",,"2026-02-14T02:04:00.000","30","TRAFFIC SIGNAL","FUNCTIONING PROPERLY","CLEAR","DARKNESS, LIGHTED ROAD","FIXED OBJECT","DIVIDED - W/MEDIAN (NOT RAISED)",,"STRAIGHT AND LEVEL","DRY","NO DEFECTS","ON SCENE","INJURY AND / OR TOW DUE TO CRASH",,,,"OVER $1,500","2026-02-14T02:07:00.000","UNABLE TO DETERMINE","UNABLE TO DETERMINE","1040","N","LAKE SHORE DR SB","1824",,,,,,,"1","NONINCAPACITATING INJURY","1","0","0","1","0","0","0","2","7","2","41.9020099089","-87.6238013453","POINT (-87.623801345342 41.902009908918)"
"580de0ab459c4e27e8da3707c0a096d9d7bee60a1e0ea2f5f9b6b15ad181250f9d05d705351e1a7b8b9e7ec5ccb3d5fb85758b5dc786cedd0e3ed81917f009ab",,"2026-02-14T02:00:00.000","30","TRAFFIC SIGNAL","NO CONTROLS","CLEAR","DARKNESS, LIGHTED ROAD","ANGLE","NOT DIVIDED",,"STRAIGHT AND LEVEL","DRY","NO DEFECTS","NOT ON SCENE (DESK REPORT)","NO INJURY / DRIVE AWAY","Y",,"Y","OVER $1,500","2026-02-14T18:00:00.000","DISREGARDING TRAFFIC SIGNALS","DRIVING SKILLS/KNOWLEDGE/EXPERIENCE","2800","N","HALSTED ST","1933",,,,,,,"2","NO INDICATION OF INJURY","0","0","0","0","0","2","0","2","7","2","41.932762143","-87.6491604961","POINT (-87.649160496084 41.93276214296)"
"27ddf2879c54b2e4322232e037eb10a4294744df2d2e1df6738742b5f347b75782ad48c9a68735254b6e09cf0d84fa4fc258f25493979b9657a016a024a097ef",,"2026-02-14T01:39:00.000","30","NO CONTROLS","NO CONTROLS","CLEAR","DARKNESS, LIGHTED ROAD","PARKED MOTOR VEHICLE","ONE-WAY",,"STRAIGHT AND LEVEL","DRY","NO DEFECTS","NOT ON SCENE (DESK REPORT)","NO INJURY / DRIVE AWAY",,,"Y","OVER $1,500","2026-02-14T15:50:00.000","UNABLE TO DETERMINE","UNABLE TO DETERMINE","11647","S","WALLACE ST","524",,,,,,,"2","NO INDICATION OF INJURY","0","0","0","0","0","1","0","1","7","2","41.6820012462","-87.637070875","POINT (-87.637070875006 41.682001246236)"