"crash_record_id","crash_date_est_i","crash_date","posted_speed_limit","traffic_control_device","device_condition","weather_condition","lighting_condition","first_crash_type","trafficway_type","lane_cnt","alignment","roadway_surface_cond","road_defect","report_type","crash_type","intersection_related_i","private_property_i","hit_and_run_i","damage","date_police_notified","prim_contributory_cause","sec_contributory_cause","street_no","street_direction","street_name","beat_of_occurrence","photos_taken_i","statements_taken_i","dooring_i","work_zone_i","work_zone_type","workers_present_i","num_units","most_severe_injury","injuries_total","injuries_fatal","injuries_incapacitating","injuries_non_incapacitating","injuries_reported_not_evident","injuries_no_indication","injuries_unknown","crash_hour","crash_day_of_week","crash_month","latitude","longitude","location"
"0bbc67c1f21b43301f63f1bd3833c20d31ea679fbfde26d6bf684bd2bec1721a600778075d30a2f86fee510a45197d0b04f1597176d57bd1daffc3012a0e748d",,"2026-02-14T01:25:00.000","20","NO CONTROLS","NO CONTROLS","CLEAR","DARKNESS, LIGHTED ROAD","SIDESWIPE OPPOSITE DIRECTION","NOT DIVIDED",,"STRAIGHT AND LEVEL","DRY","NO DEFECTS","ON SCENE","INJURY AND / OR TOW DUE TO CRASH",,,,"OVER $1,500","2026-02-14T01:25:00.000","UNDER THE INFLUENCE OF ALCOHOL/DRUGS (USE WHEN ARREST IS EFFECTED)","NOT APPLICABLE","98","W","27TH ST","133",,,,,,,"2","NO INDICATION OF INJURY","0","0","0","0","0","2","0","1","7","2","41.8443998828","-87.6291015211","POINT (-87.62910152111 41.844399882844)"
"635370a944333d963d6012f346ad608eab3d71b5a3919dff8899c5b2c18d7d7fb7363aab3872641963d127ae891ed691477aba9311989b2cfe6b0689a11177cf",,"2026-02-14T01:15:00.000","30","UNKNOWN","UNKNOWN","CLOUDY/OVERCAST","DAYLIGHT","FIXED OBJECT","NOT DIVIDED",,"STRAIGHT AND LEVEL","DRY","UNKNOWN","ON SCENE","INJURY AND / OR TOW DUE TO CRASH",,,,"$501 - $1,500","2026-02-14T01:25:00.000","UNABLE TO DETERMINE","UNABLE TO DETERMINE","824","W","86TH ST","613",,,,,,,"2","NO INDICATION OF INJURY","0","0","0","0","0","2","0","1","7","2","41.737981862","-87.6445112218","POINT (-87.644511221826 41.737981861964)"
"2775c0f9213ad73dc570e72a1c4e10e80827e3b37b13149760630e7f40c740d1b2c7d0ad4c116f5b6df5541cba409713924bb151e3a6eed7c5ce3d26dd013b10",,"2026-02-14T01:12:00.000","30","TRAFFIC SIGNAL","FUNCTIONING PROPERLY","OTHER","DARKNESS, LIGHTED ROAD","FIXED OBJECT","OTHER",,"STRAIGHT AND LEVEL","UNKNOWN","UNKNOWN","ON SCENE","INJURY AND / OR TOW DUE TO CRASH","Y",,,"OVER $1,500","2026-02-14T01:36:00.000","UNABLE TO DETERMINE","NOT APPLICABLE","3900","S","WESTERN AVE","921",,,,,,,"1","NO INDICATION OF INJURY","0","0","0","0","0","1","0","1","7","2","41.8229542941","-87.685012986","POINT (-87.685012986006 41.822954294114)"
"7290010949d2583da362c353acf06bb3ef24fac55c6a8e34a2470a2b1c4890b7d69056870067764cc3359e77d03f77c9503e88477856ce526087f7040ef15f0d",,"2026-02-14T00:50:00.000","30","NO CONTROLS","NO CONTROLS","CLEAR","DARKNESS, LIGHTED ROAD","REAR END","NOT DIVIDED",,"STRAIGHT AND LEVEL","DRY","UNKNOWN","NOT ON SCENE (DESK REPORT)","NO INJURY / DRIVE AWAY",,,"Y","OVER $1,500","2026-02-14T01:40:00.000","FOLLOWING TOO CLOSELY","UNABLE TO DETERMINE","1000","W","18TH ST","1235",,,,,,,"2","NO INDICATION OF INJURY","0","0","0","0","0","2","0","0","7","2","41.8581311268","-87.6516026311","POINT (-87.651602631127 41.858131126798)"
"c4ded60f55ff039add806e465c1e5b4bd1bafba7284d5ae5d8ff2f6f652e9584b4282fc99c86dcfa5b80dea9ec884683c2d112b110e479b221bea3bf0e780fe6",,"2026-02-14T00:49:00.000","30","NO CONTROLS","NO CONTROLS","CLEAR","DARKNESS, LIGHTED ROAD","ANGLE","UNKNOWN",,"STRAIGHT AND LEVEL","DRY","NO DEFECTS","ON SCENE","INJURY AND / OR TOW DUE TO CRASH",,"Y","Y","OVER $1,500","2026-02-14T00:49:00.000","OPERATING VEHICLE IN ERRATIC, RECKLESS, CARELESS, NEGLIGENT OR AGGRESSIVE MANNER","OPERATING VEHICLE IN ERRATIC, RECKLESS, CARELESS, NEGLIGENT OR AGGRESSIVE MANNER","7101","S","ASHLAND AVE","734","Y",,,,,,"3","REPORTED, NOT EVIDENT","1","0","0","0","1","3","0","0","7","2","41.7648677516","-87.6636471575","POINT (-87.663647157451 41.764867751649)"
"19fce9dbcb0e4c8d94830d3cd2bb8f2116c6f2e6de4e40cc97cf839266d54d93a5d358c197654d5c9c89875213f604c353d500785208221fa4fcf1645e7b3026",,"2026-02-14T00:45:00.000","25","NO CONTROLS","NO CONTROLS","CLEAR","DARKNESS, LIGHTED ROAD","PARKED MOTOR VEHICLE","ONE-WAY",,"STRAIGHT AND LEVEL","DRY","NO DEFECTS","ON SCENE","INJURY AND / OR TOW DUE TO CRASH",,,,"OVER $1,500","2026-02-14T00:45:00.000","UNDER THE INFLUENCE OF ALCOHOL/DRUGS (USE WHEN ARREST IS EFFECTED)","DRIVING ON WRONG SIDE/WRONG WAY","2532","S","TROY ST","1033",,,,,,,"5","NO INDICATION OF INJURY","0","0","0","0","0","2","0","0","7","2","41.8453533198","-87.7039766225","POINT (-87.703976622549 41.845353319773)"
"853278331bcc12b51906a43281e7cfab4b4c523bfb09524db3d5040ede280f3374bc35025f1024d668e143609c445ca4334c3802958061245705b8aae2c27123",,"2026-02-14T00:36:00.000","30","NO CONTROLS","NO CONTROLS","CLEAR","DARKNESS, LIGHTED ROAD","SIDESWIPE OPPOSITE DIRECTION","NOT DIVIDED",,"STRAIGHT AND LEVEL","DRY","UNKNOWN","ON SCENE","INJURY AND / OR TOW DUE TO CRASH",,,,"OVER $1,500","2026-02-14T00:37:00.000","UNABLE TO DETERMINE","NOT APPLICABLE","6161","S","KEDZIE AVE","823",,,,,,,"2","NO INDICATION OF INJURY","0","0","0","0","0","2","0","0","7","2","41.7808430605","-87.7030424854","POINT (-87.703042485382 41.780843060458)"
"627b8a706c99e1d384e217e0256e2ba2247445c0438879653d1cd15d8a0c2ab429cdd8b7a9618b3cd7a62574117644ba686be95373080d434d37507699bab0a7",,"2026-02-14T00:35:00.000","30","TRAFFIC SIGNAL","FUNCTIONING PROPERLY","CLEAR","DARKNESS, LIGHTED ROAD","REAR END","NOT DIVIDED",,"STRAIGHT AND LEVEL","DRY","NO DEFECTS","NOT ON SCENE (DESK REPORT)","NO INJURY / DRIVE AWAY",,,,"$501 - $1,500","2026-02-14T15:35:00.000","FOLLOWING TOO CLOSELY","FOLLOWING TOO CLOSELY","7100","S","WESTERN AVE","832",,,,,,,"2","NO INDICATION OF INJURY","0","0","0","0","0","3","0","0","7","2","41.7646089122","-87.6833870533","POINT (-87.683387053281 41.764608912236)"
"c2d1c2ddaa37b0eb1e43c060c9986623727e72c521cb237b1e9f60093081fa05333acd5e8ab208cdcac5353be5c59cb5a164d49e1049087c8e714b9bf0cab4a7",,"2026-02-14T00:33:00.000","30","NO CONTROLS","NO CONTROLS","CLEAR","DARKNESS, LIGHTED ROAD","PEDALCYCLIST","DRIVEWAY",,"STRAIGHT AND LEVEL","DRY","NO DEFECTS","ON SCENE","INJURY AND / OR TOW DUE TO CRASH",,,,"OVER $1,500","2026-02-14T00:35:00.000","UNABLE TO DETERMINE","UNABLE TO DETERMINE","811","W","MAXWELL ST","1232",,,"Y",,,,"2","NONINCAPACITATING INJURY","1","0","0","1","0","1","0","0","7","2","41.8646629022","-87.6473585285","POINT (-87.647358528491 41.864662902235)"
"20f470900a5a95da5d39961c43631b932819058f42251d7c966bbef61928ff6308d8e2e606e444dbb04b373e45b9e905b1c03ca6b53a2f519c1160b8a8e02995","Y","2026-02-14T00:30:00.000","25","UNKNOWN","UNKNOWN","UNKNOWN","UNKNOWN","PARKED MOTOR VEHICLE","ONE-WAY",,"STRAIGHT AND LEVEL","UNKNOWN","UNKNOWN","NOT ON SCENE (DESK REPORT)","NO INJURY / DRIVE AWAY",,,"Y","$501 - $1,500","2026-02-15T22:10:00.000","UNABLE TO DETERMINE","DRIVING SKILLS/KNOWLEDGE/EXPERIENCE","1324","N","MASSASOIT AVE","2531",,,,,,,"2","NO INDICATION OF INJURY","0","0","0","0","0","1","0","0","7","2","41.9046632998","-87.7695299373","POINT (-87.769529937307 41.904663299811)"
"7364ef2b551748107753ad9290f9ef292a53de95cb000d085ee240d0b0960522842e73512d9f9ac340d68174cf1a82d17e9691ae9d71953abefa41794b82eff7",,"2026-02-14T00:30:00.000","30","STOP SIGN/FLASHER","FUNCTIONING PROPERLY","CLEAR","DARKNESS, LIGHTED ROAD","ANGLE","FOUR WAY",,"STRAIGHT AND LEVEL","DRY","NO DEFECTS","ON SCENE","INJURY AND / OR TOW DUE TO CRASH",,,,"OVER $1,500","2026-02-14T00:56:00.000","FAILING TO YIELD RIGHT-OF-WAY","NOT APPLICABLE","5198","W","NEWPORT AVE","1634",,,,,,,"2","NO INDICATION OF INJURY","0","0","0","0","0","3","0","0","7","2","41.943374663","-87.7567205744","POINT (-87.756720574373 41.943374663011)"
"b036c6ba4db473ca6b197fb199ffc0e332452a4f40d3336e02b9a3f5887e443af72392231ff1faf043157c1e0dd40b2492b1410d97404b9e71d41e3d9c68a00a",,"2026-02-14T00:30:00.000","30","NO CONTROLS","NO CONTROLS","CLEAR","DARKNESS, LIGHTED ROAD","PARKED MOTOR VEHICLE","DIVIDED - W/MEDIAN (NOT RAISED)",,"STRAIGHT AND LEVEL","DRY","NO DEFECTS","ON SCENE","NO INJURY / DRIVE AWAY",,,"Y","OVER $1,500","2026-02-14T10:56:00.000","UNABLE TO DETERMINE","NOT APPLICABLE","2612","W","PRATT BLVD","2411",,,,,,,"2","NO INDICATION OF INJURY","0","0","0","0","0","1","0","0","7","2","42.0050442706","-87.6954568302","POINT (-87.695456830174 42.005044270634)"
"b2453670b3ecff6193dda322e33dd50cb2cdfcd10825642a02b03b910b6ce039d3cf72f8ec92aaa4ee92c57b551c72f15eddf57d1bef9adfce510ea01aaa8231",,"2026-02-14T00:26:00.000","30","TRAFFIC SIGNAL","FUNCTIONING PROPERLY","UNKNOWN","DARKNESS","REAR END","NOT DIVIDED",,"STRAIGHT AND LEVEL","UNKNOWN","UNKNOWN","NOT ON SCENE (DESK REPORT)","NO INJURY / DRIVE AWAY",,,"Y","OVER $1,500","2026-02-18T10:30:00.000","UNABLE TO DETERMINE","UNABLE TO DETERMINE","1351","W","GARFIELD BLVD","713",,,,,,,"2","NO INDICATION OF INJURY","0","0","0","0","0","2","0","0","7","2","41.793623735","-87.6593210685","POINT (-87.659321068482 41.793623734973)"
"d487f6660d0e32d7d44c8f3c32aa98a4ae568043571d9db01bd578a2d90b58343a987cc1fa97f42bcf924cc5c2d61301773ae4bdadf6c6cb0c8119268da7e8f3",,"2026-02-14T00:26:00.000","30","TRAFFIC SIGNAL","FUNCTIONING PROPERLY","CLEAR","DARKNESS, LIGHTED ROAD","SIDESWIPE SAME DIRECTION","ONE-WAY",,"STRAIGHT AND LEVEL","DRY","NO DEFECTS","NOT ON SCENE (DESK REPORT)","NO INJURY / DRIVE AWAY",,,,"$501 - $1,500","2026-02-14T00:50:00.000","IMPROPER LANE USAGE","IMPROPER LANE USAGE","98","W","ONTARIO ST","1832",,,,,,,"2","NO INDICATION OF INJURY","0","0","0","0","0","2","0","0","7","2","41.8933396645","-87.6310973807","POINT (-87.631097380666 41.893339664488)"
"3d5f0d3aadbf0c5a2805973fe529ee8695d0633d88c944b7bd3acb54184a8125fccc3f9a03ac878b8ed52ab9444bfda65884616fc945f0bdfed11681738782f2",,"2026-02-14T00:20:00.000","25","NO CONTROLS","NO CONTROLS","CLEAR","DARKNESS, LIGHTED ROAD","PARKED MOTOR VEHICLE","ONE-WAY",,"STRAIGHT AND LEVEL","DRY","UNKNOWN","NOT ON SCENE (DESK REPORT)","INJURY AND / OR TOW DUE TO CRASH",,,"Y","OVER $1,500","2026-02-14T01:30:00.000","UNABLE TO DETERMINE","NOT APPLICABLE","125","N","LAMON AVE","1532",,,,,,,"2","NO INDICATION OF INJURY","0","0","0","0","0","1","0","0","7","2","41.8826427211","-87.7476588723","POINT (-87.747658872291 41.882642721127)"
"1e242f32357b8f1d85d8e0672ef49c9127ad856281af0cf1f2ad67e7ee9e1df6cd9966c9ec9248806fc37811c863b3619337e2ce5f0c5e72307a9385d03959b0",,"2026-02-14T00:15:00.000","30","NO CONTROLS","UNKNOWN","UNKNOWN","DARKNESS","ANGLE","ONE-WAY",,"STRAIGHT AND LEVEL","UNKNOWN","UNKNOWN","NOT ON SCENE (DESK REPORT)","INJURY AND / OR TOW DUE TO CRASH",,,,"OVER $1,500","2026-02-15T19:45:00.000","UNABLE TO DETERMINE","UNABLE TO DETERMINE","8800","S","STONY ISLAND AVE","412",,,,,,,"2","REPORTED, NOT EVIDENT","1","0","0","0","1","1","0","0","7","2","41.7350005836","-87.5857478277","POINT (-87.585747827667 41.735000583551)"
"e82e09efe95708abbcc7984cd875f23560122379bdb94e1c0cf4c7f9220ad86955e5c501007a836c5705bdb575699b489032bd1ea1299574c99c40a0108d6239",,"2026-02-14T00:13:00.000","30","UNKNOWN","UNKNOWN","CLEAR","DARKNESS, LIGHTED ROAD","TURNING","DIVIDED - W/MEDIAN (NOT RAISED)",,"STRAIGHT AND LEVEL","DRY","WORN SURFACE",,"INJURY AND / OR TOW DUE TO CRASH",,,,"OVER $1,500","2026-02-14T00:13:00.000","IMPROPER TURNING/NO SIGNAL","NOT APPLICABLE","5349","W","CHICAGO AVE","1524",,,,,,,"2","NONINCAPACITATING INJURY","2","0","0","2","0","2","0","0","7","2","41.8947856791","-87.7600614196","POINT (-87.760061419579 41.894785679133)"
"6853b976dfde8c7b0e4a9f2a19780925f3ccace24573e1727efb1527232236e88c78f434ca3521ba0bd725644123c08ce020717e748cf31c7d42e937373a1952",,"2026-02-14T00:12:00.000","30","NO CONTROLS","NO CONTROLS","CLEAR","DARKNESS, LIGHTED ROAD","TURNING","DIVIDED - W/MEDIAN BARRIER",,"STRAIGHT AND LEVEL","DRY","NO DEFECTS","ON SCENE","INJURY AND / OR TOW DUE TO CRASH","Y",,,"OVER $1,500","2026-02-14T00:25:00.000","IMPROPER LANE USAGE","IMPROPER LANE USAGE","8800","S","STONY ISLAND AVE","412",,"Y",,,,,"2","NO INDICATION OF INJURY","0","0","0","0","0","4","0","0","7","2","41.7350005836","-87.5857478277","POINT (-87.585747827667 41.735000583551)"
"3aab8ac60452d1116f929bfad23604a20f1958a9b0645a5d9feea96053a881b5c5f1e2cf8e01a35399dc7b98358ecc2225f4fd12c4b741709fd366f1f5360a91",,"2026-02-14T00:11:00.000","30","NO CONTROLS","NO CONTROLS","CLEAR","DARKNESS, LIGHTED ROAD","FIXED OBJECT","PARKING LOT",,"STRAIGHT AND LEVEL","DRY","NO DEFECTS","NOT ON SCENE (DESK REPORT)","INJURY AND / OR TOW DUE TO CRASH",,"Y",,"$501 - $1,500","2026-02-14T00:11:00.000","NOT APPLICABLE","NOT APPLICABLE","1413","N","WESTERN AVE","1424",,,,,,,"1","NO INDICATION OF INJURY","0","0","0","0","0","2","0","0","7","2","41.9071000149","-87.6869881977","POINT (-87.686988197728 41.907100014906)"
"78ab0671fdbec4d726ad21a98673c03fcb803dbd85b20d102ae3176a4156db66204f12b3e79465d41f241fae2229f4fbdf05167dcbe40d36c026e81aa4bd6101",,"2026-02-14T00:08:00.000","30","NO CONTROLS","NO CONTROLS","CLEAR","DARKNESS, LIGHTED ROAD","SIDESWIPE SAME DIRECTION","DIVIDED - W/MEDIAN BARRIER",,"STRAIGHT AND LEVEL","UNKNOWN","UNKNOWN","ON SCENE","NO INJURY / DRIVE AWAY",,,,"OVER $1,500","2026-02-14T00:15:00.000","IMPROPER OVERTAKING/PASSING","FAILING TO YIELD RIGHT-OF-WAY","150","N","WACKER DR","122",,,,,,,"2","NO INDICATION OF INJURY","0","0","0","0","0","2","0","0","7","2","41.884525461","-87.6372163925","POINT (-87.637216392475 41.884525460956)"
"09d3c48cc84a8c211275a11c99fe5944ac41aa0a7bdbe5921f3480891fb55003b65e936be2adb2ded9d3f0ce0a14dbf42a470276126c348cf02361264e5b90c1",,"2026-02-14T00:02:00.000","30","NO CONTROLS","NO CONTROLS","CLEAR","DARKNESS, LIGHTED ROAD","SIDESWIPE SAME DIRECTION","NOT DIVIDED",,"STRAIGHT ON HILLCREST","DRY","NO DEFECTS","NOT ON SCENE (DESK REPORT)","NO INJURY / DRIVE AWAY",,,"Y","OVER $1,500","2026-02-14T00:05:00.000","IMPROPER OVERTAKING/PASSING","UNABLE TO DETERMINE","2001","E","103RD ST","434",,,,,,,"2","NO INDICATION OF INJURY","0","0","0","0","0","6","0","0","7","2","41.7078228876","-87.5758832257","POINT (-87.575883225692 41.707822887553)"
"09f1d20970feb59dacfc820a6d198910237e10eb157df1eb713cc530d056d8824353a49488e54fe53642b361f6f6ca5306632d3ff7d426443504571949a64022",,"2026-02-14T00:02:00.000","25","UNKNOWN","UNKNOWN","CLEAR","DARKNESS, LIGHTED ROAD","PARKED MOTOR VEHICLE","PARKING LOT",,"STRAIGHT AND LEVEL","DRY","NO DEFECTS","ON SCENE","INJURY AND / OR TOW DUE TO CRASH",,"N","N","OVER $1,500","2026-02-14T00:02:00.000","OPERATING VEHICLE IN ERRATIC, RECKLESS, CARELESS, NEGLIGENT OR AGGRESSIVE MANNER","NOT APPLICABLE","2953","W","24TH ST","1033",,,,,,,"5","NO INDICATION OF INJURY","0","0","0","0","0","2","0","0","7","2","41.8480992002","-87.7000250127","POINT (-87.700025012713 41.848099200184)"
"4d32f577efa1f35a63bbed1d2769a4d9ec2237a6247a64d528c31434a64a57452b37875a0bad98ef58895cb9e31f0dc5c3d51ec6c170e3bf4e1b98d33350745f",,"2026-02-14T00:00:00.000","55","NO CONTROLS","NO CONTROLS","CLEAR","DARKNESS, LIGHTED ROAD","FIXED OBJECT","DIVIDED - W/MEDIAN BARRIER",,"STRAIGHT AND LEVEL","DRY","UNKNOWN","ON SCENE","INJURY AND / OR TOW DUE TO CRASH",,,"Y","OVER $1,500","2026-02-14T00:02:00.000","UNABLE TO DETERMINE","UNABLE TO DETERMINE","1530","W","STEVENSON EXPY IB","913",,,,,,,"1","NO INDICATION OF INJURY","0","0","0","0","0","1","0","0","7","2","41.839014126","-87.6646143151","POINT (-87.664614315059 41.839014126024)"
"0a92baca4f377fe3449d184159af07fecad8d25319e1dffa09868939775f827d4f1b2dcdf986d0e3d06d9df5bba0668331a62b2041a89d15f2f442222aa86d40",,"2026-02-13T23:40:00.000","25","NO CONTROLS","NO CONTROLS","CLEAR","DARKNESS, LIGHTED ROAD","PARKED MOTOR VEHICLE","NOT DIVIDED",,"STRAIGHT AND LEVEL","DRY","NO DEFECTS","ON SCENE","NO INJURY / DRIVE AWAY",,,"Y","OVER $1,500","2026-02-13T23:41:00.000","UNABLE TO DETERMINE","UNABLE TO DETERMINE","1617","W","91ST ST","2221",,,,,,,"3","NO INDICATION OF INJURY","0","0","0","0","0","1","0","23","6","2","41.7283400997","-87.6635791864","POINT (-87.663579186429 41.728340099729)"
"3b473f436e14f18a8dcc6b323846b5b03609dcc7e052b39f7fb1b82abe97de90d18105235bdd4713425596a24d9b72010aa213931fe0829b38dfcd6eb2d3c489",,"2026-02-13T23:30:00.000","30","TRAFFIC SIGNAL","FUNCTIONING PROPERLY","CLEAR","DARKNESS","REAR END","DIVIDED - W/MEDIAN BARRIER",,"STRAIGHT AND LEVEL","DRY","NO DEFECTS","NOT ON SCENE (DESK REPORT)","NO INJURY / DRIVE AWAY",,,"Y","OVER $1,500","2026-02-14T00:00:00.000","UNABLE TO DETERMINE","NOT APPLICABLE","100","W","CERMAK RD","131",,,,,,,"2","NO INDICATION OF INJURY","0","0","0","0","0","3","0","23","6","2","41.8529912193","-87.629386933","POINT (-87.629386933044 41.852991219253)"
"5c9934afb48626b3c947c9293e5976419a021b26be22806ecdea6c44daed166b9509b4b6f7f88ee8fef268d3a1a040b25d40c98517f5789f6949bea348fa2e4b",,"2026-02-13T23:20:00.000","30","OTHER","OTHER","CLEAR","DARKNESS, LIGHTED ROAD","ANGLE","NOT DIVIDED",,"STRAIGHT AND LEVEL","DRY","NO DEFECTS","ON SCENE","NO INJURY / DRIVE AWAY",,,,"OVER $1,500","2026-02-13T23:27:00.000","UNABLE TO DETERMINE","UNABLE TO DETERMINE","715","S","CICERO AVE","1131",,,,,,,"2","NO INDICATION OF INJURY","0","0","0","0","0","4","0","23","6","2","41.8718141944","-87.7447836688","POINT (-87.744783668806 41.871814194365)"
"73dfc5aa0ac12a59f035e33d62c3a5864769b16a6911e13c15a72e206a3c698e611b50f06bc1fbd5b1d700b8fe49b05cec9d64e6dcb23415625c86214522360e",,"2026-02-13T22:40:00.000","30","NO CONTROLS","NO CONTROLS","CLEAR","DARKNESS, LIGHTED ROAD","TURNING","NOT DIVIDED",,"STRAIGHT AND LEVEL","DRY","NO DEFECTS","NOT ON SCENE (DESK REPORT)","NO INJURY / DRIVE AWAY",,,,"$500 OR LESS","2026-02-13T22:52:00.000","FAILING TO YIELD RIGHT-OF-WAY","IMPROPER TURNING/NO SIGNAL","1999","S","KOSTNER AVE","1012",,,,,,,"2","NO INDICATION OF INJURY","0","0","0","0","0","3","0","22","6","2","41.8543057083","-87.7344467229","POINT (-87.734446722866 41.854305708348)"
"e92634d943947d573759933976e4c98bd956d1ab5f460785aceebb383851016f9478251fb9260d0adacdfb01522b2ee85565797e299347a369d89d06000b4c28","Y","2026-02-13T22:32:00.000","25","OTHER","OTHER","CLEAR","DARKNESS","SIDESWIPE OPPOSITE DIRECTION","NOT DIVIDED",,"STRAIGHT AND LEVEL","DRY","NO DEFECTS","ON SCENE","NO INJURY / DRIVE AWAY",,,"Y","OVER $1,500","2026-02-13T22:33:00.000","UNABLE TO DETERMINE","NOT APPLICABLE","601","S","CENTRAL PARK AVE","1133",,,,,,,"3","NO INDICATION OF INJURY","0","0","0","0","0","3","0","22","6","2","41.8735232128","-87.7155111601","POINT (-87.715511160132 41.873523212783)"
"f73c62caf67bd903b72b96866abe15fb86f0e5992878003cb9be36200b2cd7b9fc81408727432b96c567336f3487ae29ea38674160e6e903dad2718e9b59ca1a",,"2026-02-13T22:15:00.000","35","TRAFFIC SIGNAL","FUNCTIONING PROPERLY","CLEAR","DARKNESS, LIGHTED ROAD","TURNING","FOUR WAY",,"STRAIGHT AND LEVEL","DRY","NO DEFECTS","NOT ON SCENE (DESK REPORT)","NO INJURY / DRIVE AWAY","Y",,"Y","OVER $1,500","2026-02-13T23:25:00.000","UNABLE TO DETERMINE","NOT APPLICABLE","130","E","SUPERIOR ST","1833",,,,,,,"2","NO INDICATION OF INJURY","0","0","0","0","0","3","0","22","6","2","41.8958489238","-87.6243336779","POINT (-87.62433367787 41.895848923837)"
"d796da2c13b3817513ba2cb342b9353f464aa314dc84d4e70f8861999c6c8c081924b69a6f1ab1932650245d14b28130651edfe09c4e3c82bab618e59bd71455",,"2026-02-13T22:11:00.000","30","NO CONTROLS","NO CONTROLS","CLEAR","DARKNESS, LIGHTED ROAD","TURNING","DIVIDED - W/MEDIAN (NOT RAISED)",,"STRAIGHT AND LEVEL","DRY","UNKNOWN","ON SCENE","INJURY AND / OR TOW DUE TO CRASH",,,,"OVER $1,500","2026-02-13T23:48:00.000","FAILING TO YIELD RIGHT-OF-WAY","FAILING TO REDUCE SPEED TO AVOID CRASH","1212","S","WABASH AVE","131",,,,,,,"2","NONINCAPACITATING INJURY","2","0","0","2","0","1","0","22","6","2","41.8670354436","-87.6259676241","POINT (-87.625967624134 41.867035443561)"
"1dd20f72c97fa947bd84177ccea21fa4190491efdb66d105c3e4c546e989213b23e0dce1227cbd722341ffddb4df5240df5b98995747c4a6dc39dc97035181e9",,"2026-02-13T22:00:00.000","20","NO CONTROLS","NO CONTROLS","CLEAR","DAYLIGHT","PARKED MOTOR VEHICLE","ONE-WAY",,"STRAIGHT AND LEVEL","DRY","NO DEFECTS","NOT ON SCENE (DESK REPORT)","NO INJURY / DRIVE AWAY",,,"Y","$501 - $1,500","2026-02-14T15:20:00.000","UNABLE TO DETERMINE","NOT APPLICABLE","8441","S","MORGAN ST","613",,"Y",,,,,"2","NO INDICATION OF INJURY","0","0","0","0","0","1","0","22","6","2","41.7402430818","-87.6484536975","POINT (-87.648453697523 41.740243081838)"
"c1bbaafa55770c50d9ed2b37175e2ba5a1ff4fa630af222433678b9ebdd54e07eb634bef6f4a4bb532c68556407537a9356d831f6f4c72665149a99d67e62cf5",,"2026-02-13T22:00:00.000","30","NO CONTROLS","NO CONTROLS","CLEAR","DARKNESS, LIGHTED ROAD","PARKED MOTOR VEHICLE","ONE-WAY",,"STRAIGHT AND LEVEL","DRY","UNKNOWN","NOT ON SCENE (DESK REPORT)","NO INJURY / DRIVE AWAY",,,"Y","OVER $1,500","2026-02-14T12:00:00.000","UNABLE TO DETERMINE","UNABLE TO DETERMINE","160","N","WALLER AVE","1512",,,,,,,"2","NO INDICATION OF INJURY","0","0","0","0","0","1","0","22","6","2","41.8839695423","-87.7683989041","POINT (-87.7683989041 41.883969542264)"
"c59660a30f35e7a0c33dd4e852ffdf0534e0d5bfa242706c8d1fc89d9cdec05be247304cdcb490ccd2edad1ecd3ce7fc3e3669981e0a3dff7277ff2cc8be9fe0","Y","2026-02-13T22:00:00.000","25","STOP SIGN/FLASHER","FUNCTIONING PROPERLY","UNKNOWN","UNKNOWN","FIXED OBJECT","DIVIDED - W/MEDIAN BARRIER",,"STRAIGHT AND LEVEL","UNKNOWN","UNKNOWN","ON SCENE","INJURY AND / OR TOW DUE TO CRASH","Y",,"Y","OVER $1,500","2026-02-14T09:47:00.000","ROAD ENGINEERING/SURFACE/MARKING DEFECTS","DRIVING SKILLS/KNOWLEDGE/EXPERIENCE","5800","W","NEWPORT AVE","1633",,,,,,,"1","NO INDICATION OF INJURY","0","0","0","0","0","1","0","22","6","2","41.9431912026","-87.7716509055","POINT (-87.771650905487 41.943191202596)"
"e10de9c3c8298cbbdeea3bb918db6f290fa1cd140788f07dd2d9a1886504d01c9c57364cad7d3f02d5595b472dae76d963fe40c608362d85866b83c5029807d8",,"2026-02-13T22:00:00.000","30","TRAFFIC SIGNAL","NO CONTROLS","CLEAR","DAYLIGHT","REAR END","DIVIDED - W/MEDIAN (NOT RAISED)",,"STRAIGHT AND LEVEL","DRY","NO DEFECTS","NOT ON SCENE (DESK REPORT)","NO INJURY / DRIVE AWAY",,,,"OVER $1,500","2026-02-17T10:27:00.000","UNABLE TO DETERMINE","NOT APPLICABLE","7100","S","SOUTH CHICAGO AVE","323",,,,,,,"2","NO INDICATION OF INJURY","0","0","0","0","0","2","0","22","6","2","41.7657167263","-87.605584027","POINT (-87.605584026987 41.765716726294)"
"b7aee75c7ba66a92ae5eb15c646db0368450aad9112fce85b98c2fdc008cc9109a0f0851a42e75a81d0ee534fac9c8e38dcbef93c5e9a786459ee2ed60e83cd5",,"2026-02-13T21:56:00.000","30","TRAFFIC SIGNAL","FUNCTIONING PROPERLY","CLEAR","DARKNESS","PEDESTRIAN","FOUR WAY",,"STRAIGHT AND LEVEL","DRY","NO DEFECTS",,"INJURY AND / OR TOW DUE TO CRASH",,,"Y","OVER $1,500","2026-02-13T22:19:00.000","UNABLE TO DETERMINE","UNABLE TO DETERMINE","3760","N","HALSTED ST","1923",,,,,,,"2","NONINCAPACITATING INJURY","1","0","0","1","0","1","0","21","6","2","41.9509011575","-87.6497718382","POINT (-87.649771838187 41.950901157508)"