"crash_record_id","crash_date_est_i","crash_date","posted_speed_limit","traffic_control_device","device_condition","weather_condition","lighting_condition","first_crash_type","trafficway_type","lane_cnt","alignment","roadway_surface_cond","road_defect","report_type","crash_type","intersection_related_i","private_property_i","hit_and_run_i","damage","date_police_notified","prim_contributory_cause","sec_contributory_cause","street_no","street_direction","street_name","beat_of_occurrence","photos_taken_i","statements_taken_i","dooring_i","work_zone_i","work_zone_type","workers_present_i","num_units","most_severe_injury","injuries_total","injuries_fatal","injuries_incapacitating","injuries_non_incapacitating","injuries_reported_not_evident","injuries_no_indication","injuries_unknown","crash_hour","crash_day_of_week","crash_month","latitude","longitude","location"
"28bbde8f96b33c892f7cb929638f519722213e398338c6bff18e0ded07077bc18c31157f599e55fbd99779028f1d8b04b8a993d63593f798b8b74d64e0ed1020",,"2026-02-13T21:47:00.000","30","NO CONTROLS","NO CONTROLS","CLEAR","DARKNESS, LIGHTED ROAD","PARKED MOTOR VEHICLE","NOT DIVIDED",,"STRAIGHT AND LEVEL","DRY","NO DEFECTS",,"NO INJURY / DRIVE AWAY",,,,"$501 - $1,500","2026-02-13T22:15:00.000","IMPROPER OVERTAKING/PASSING","UNABLE TO DETERMINE","3440","N","CLARK ST","1924",,,,,,,"2","NO INDICATION OF INJURY","0","0","0","0","0","1","0","21","6","2","41.9444527143","-87.6544168427","POINT (-87.654416842724 41.944452714278)"
"94c5f9bb4e402572f0c0951fbee46290f77b5917ab8fa7a82b77216434bc4469c661760668d98c8db07e2ab2b245edc7d718bfed1ff5318e3fb8d1414628885d",,"2026-02-13T21:45:00.000","30","NO CONTROLS","NO CONTROLS","CLEAR","DARKNESS, LIGHTED ROAD","REAR TO FRONT","PARKING LOT",,"STRAIGHT AND LEVEL","DRY","NO DEFECTS","ON SCENE","NO INJURY / DRIVE AWAY",,,"Y","OVER $1,500","2026-02-13T22:06:00.000","FAILING TO REDUCE SPEED TO AVOID CRASH","FAILING TO YIELD RIGHT-OF-WAY","2001","S","WENTWORTH AVE","914",,,,,,,"2","NO INDICATION OF INJURY","0","0","0","0","0","3","0","21","6","2","41.855347014","-87.6316990261","POINT (-87.631699026086 41.855347014042)"
"29a0ee7b8f94557a59dfb8d6400e33ca83fda11a28a933337ca56da3682113e1119bfe333ec4aa9a736cd4b9d21521d487e98d2ef42e36d555eda943b35d54ae",,"2026-02-13T21:35:00.000","20","NO CONTROLS","NO CONTROLS","CLEAR","DARKNESS","PARKED MOTOR VEHICLE","PARKING LOT",,"STRAIGHT AND LEVEL","DRY","DEBRIS ON ROADWAY","ON SCENE","NO INJURY / DRIVE AWAY",,,"Y","$501 - $1,500","2026-02-13T21:50:00.000","IMPROPER BACKING","UNABLE TO DETERMINE","1201","W","GRAND AVE","1215",,,,,,,"2","NO INDICATION OF INJURY","0","0","0","0","0","1","0","21","6","2","41.8909699007","-87.6574664555","POINT (-87.657466455515 41.89096990067)"
"570f9e3874090ff51df88ce954852952c1d7fb4d36a8c62e319022d61be115cc81ebb5e4df1a0aa70e4c8308613952793551e4df625e1290af00ee8836592b45",,"2026-02-13T21:30:00.000","30","NO CONTROLS","NO CONTROLS","CLEAR","DARKNESS","PARKED MOTOR VEHICLE","NOT DIVIDED",,"STRAIGHT AND LEVEL","DRY","NO DEFECTS","NOT ON SCENE (DESK REPORT)","NO INJURY / DRIVE AWAY",,,"Y","$501 - $1,500","2026-02-16T07:20:00.000","DRIVING SKILLS/KNOWLEDGE/EXPERIENCE","UNABLE TO DETERMINE","11514","S","MORGAN ST","524",,,,,,,"2","NO INDICATION OF INJURY","0","0","0","0","0","1","0","21","6","2","41.6845576117","-87.6471467448","POINT (-87.647146744829 41.684557611736)"
"5828204f94f80e5596a79e5dbed8699c1f89ac8558370833743493b84130eb217a403b234918a482dcae983d2669f1a6363cc7aeae9319cb1f15f230f5ea69d3",,"2026-02-13T21:30:00.000","20","NO CONTROLS","NO CONTROLS","CLEAR","DARKNESS, LIGHTED ROAD","PARKED MOTOR VEHICLE","DIVIDED - W/MEDIAN (NOT RAISED)",,"STRAIGHT AND LEVEL","DRY","NO DEFECTS","ON SCENE","INJURY AND / OR TOW DUE TO CRASH",,,"Y","OVER $1,500","2026-02-13T21:45:00.000","UNABLE TO DETERMINE","UNABLE TO DETERMINE","941","W","FRY ST","1213",,,,,,,"2","NONINCAPACITATING INJURY","2","0","0","1","1","0","0","21","6","2","41.8972809193","-87.6513992091","POINT (-87.651399209109 41.897280919253)"
"5e3e9dca35be4724cf953de69219b5a1728c0073db9fff08d0712ffb50222da0904333a9b614621ef0161f995c3e6cd1f0abd7ed1b94bfb4d20c631b34729907",,"2026-02-13T21:30:00.000","30","NO CONTROLS","NO CONTROLS","CLEAR","DARKNESS, LIGHTED ROAD","REAR END","DIVIDED - W/MEDIAN (NOT RAISED)",,"STRAIGHT ON GRADE","DRY","NO DEFECTS","NOT ON SCENE (DESK REPORT)","NO INJURY / DRIVE AWAY",,,,"OVER $1,500","2026-02-13T22:00:00.000","FAILING TO REDUCE SPEED TO AVOID CRASH","FAILING TO YIELD RIGHT-OF-WAY","1432","W","DEVON AVE","2432",,,,,,,"2","NO INDICATION OF INJURY","0","0","0","0","0","2","0","21","6","2","41.9982312654","-87.6668043036","POINT (-87.666804303643 41.998231265446)"
"f429009e72b4fcdfa36d442e3f35d93b1ff358b4bb0832c4027628f2d4eae64a8311b24de233dff71d7562950cb1f60be244d4f6f5c549d747128831e2ebde92",,"2026-02-13T21:25:00.000","30","NO CONTROLS","NO CONTROLS","CLEAR","DARKNESS, LIGHTED ROAD","SIDESWIPE SAME DIRECTION","NOT DIVIDED",,"STRAIGHT AND LEVEL","DRY","NO DEFECTS","ON SCENE","NO INJURY / DRIVE AWAY",,,"Y","OVER $1,500","2026-02-13T22:25:00.000","IMPROPER OVERTAKING/PASSING","IMPROPER OVERTAKING/PASSING","5471","W","DIVISION ST","1524",,,,,,,"2","NO INDICATION OF INJURY","0","0","0","0","0","2","0","21","6","2","41.9020559249","-87.7636789976","POINT (-87.763678997597 41.902055924938)"
"67899cf32451b74a70c2be8cca3f4c5709389be4a67ab7aeec73617f0aa0bc66a8c11cff632e7717c2b9b0627b9b409081333d9c48b7e023d2c6ccaaac84f58c",,"2026-02-13T21:16:00.000","30","NO CONTROLS","NO CONTROLS","CLEAR","DARKNESS, LIGHTED ROAD","REAR END","NOT DIVIDED",,"STRAIGHT AND LEVEL","DRY","UNKNOWN","ON SCENE","NO INJURY / DRIVE AWAY",,,"Y","$500 OR LESS","2026-02-13T21:30:00.000","FOLLOWING TOO CLOSELY","DRIVING SKILLS/KNOWLEDGE/EXPERIENCE","3638","N","HARLEM AVE","1631",,,,,,,"2","NO INDICATION OF INJURY","0","0","0","0","0","3","0","21","6","2","41.9464200829","-87.8071930122","POINT (-87.807193012246 41.946420082895)"
"8cf2bddda05a0076fb9aaf4f4fa31d4ae69cd6b9c87f440396130d598c5b8d031fa389942643d6b4a3014d63856ccb43df4e173a70dca9f3b2cbb1c003fd197b",,"2026-02-13T21:06:00.000","30","NO CONTROLS","NO CONTROLS","CLEAR","DARKNESS, LIGHTED ROAD","PARKED MOTOR VEHICLE","NOT DIVIDED",,"STRAIGHT AND LEVEL","DRY","NO DEFECTS","ON SCENE","NO INJURY / DRIVE AWAY",,,"Y","OVER $1,500","2026-02-13T21:11:00.000","UNABLE TO DETERMINE","NOT APPLICABLE","6243","W","MONTROSE AVE","1624",,,,,,,"2","NO INDICATION OF INJURY","0","0","0","0","0","1","0","21","6","2","41.9601510112","-87.7836329173","POINT (-87.783632917311 41.960151011224)"
"0e404ce98a681f476c2c33e97ee35688f0b0e3da724fc2ef147216bdc2db4d36a4210a5348725c46c47290ef78826d901696963c4a6549dd1fa6b878693dbfbf",,"2026-02-13T21:00:00.000","30","NO CONTROLS","NO CONTROLS","CLEAR","DARKNESS, LIGHTED ROAD","SIDESWIPE SAME DIRECTION","NOT DIVIDED",,"STRAIGHT AND LEVEL","DRY","NO DEFECTS","NOT ON SCENE (DESK REPORT)","NO INJURY / DRIVE AWAY",,,,"$501 - $1,500","2026-02-13T21:30:00.000","IMPROPER LANE USAGE","IMPROPER LANE USAGE","810","N","LA SALLE DR","1832",,,,,,,"2","NO INDICATION OF INJURY","0","0","0","0","0","2","0","21","6","2","41.8969666371","-87.632863011","POINT (-87.632863011034 41.896966637081)"
"10c90c082612c1a4318c9a6ad62cdfd3560821f7bedeed7dfb45265ee41faf4f7215329dcd63cd9a8bd8f1218faab795b073ea5fad01ce424d4b2157eed40dfe","Y","2026-02-13T21:00:00.000","20","NO CONTROLS","NO CONTROLS","CLEAR","DARKNESS, LIGHTED ROAD","PARKED MOTOR VEHICLE","ONE-WAY",,"STRAIGHT AND LEVEL","DRY","NO DEFECTS","NOT ON SCENE (DESK REPORT)","INJURY AND / OR TOW DUE TO CRASH",,,"Y","OVER $1,500","2026-02-14T12:30:00.000","UNABLE TO DETERMINE","UNABLE TO DETERMINE","901","N","LAWLER AVE","1531",,,,,,,"2","NO INDICATION OF INJURY","0","0","0","0","0","1","0","21","6","2","41.8968746436","-87.7518291154","POINT (-87.75182911544 41.896874643636)"
"215287db443ca38f062a0ca8a4577fc84f0a4b05f1617798b313db18815b22f9b3650db9e26096a33e3b100302e658fd5df97fdf064f70fcda94380f926407ba",,"2026-02-13T21:00:00.000","30","NO CONTROLS","NO CONTROLS","CLEAR","DARKNESS, LIGHTED ROAD","TURNING","NOT DIVIDED",,"STRAIGHT AND LEVEL","DRY","NO DEFECTS","NOT ON SCENE (DESK REPORT)","NO INJURY / DRIVE AWAY",,,,"OVER $1,500","2026-02-13T22:30:00.000","FAILING TO YIELD RIGHT-OF-WAY","NOT APPLICABLE","2548","W","71ST ST","832",,,,,,,"2","NO INDICATION OF INJURY","0","0","0","0","0","2","0","21","6","2","41.7647371827","-87.6876548647","POINT (-87.687654864742 41.764737182657)"
"35a5b473cc4bd5689911bc545c618b32c8eabe37bc82da59eeed42d07cba0473ae7bb4bfa9fe8b736489c8489e335752ec4ef75115e2f84e9617e043441a2bb5",,"2026-02-13T21:00:00.000","35","TRAFFIC SIGNAL","FUNCTIONING PROPERLY","CLEAR","DARKNESS","SIDESWIPE SAME DIRECTION","DIVIDED - W/MEDIAN (NOT RAISED)",,"STRAIGHT AND LEVEL","DRY","NO DEFECTS","ON SCENE","INJURY AND / OR TOW DUE TO CRASH",,,,"OVER $1,500","2026-02-13T21:05:00.000","NOT APPLICABLE","NOT APPLICABLE","7150","W","GUNNISON ST","1613",,,,,,,"2","REPORTED, NOT EVIDENT","1","0","0","0","1","1","0","21","6","2","41.9683809978","-87.8069997643","POINT (-87.806999764331 41.968380997778)"
"47acec6525ed11b88c9e47141cba838d989c85452168a6ab464093f5c894c62932e44536a4d5ba6ea1a9790a7a37678a73fa758e5e248712e0bf93ee5596b189",,"2026-02-13T21:00:00.000","30","TRAFFIC SIGNAL","FUNCTIONING PROPERLY","CLEAR","DARKNESS, LIGHTED ROAD","TURNING","DIVIDED - W/MEDIAN (NOT RAISED)",,"STRAIGHT AND LEVEL","DRY","NO DEFECTS","ON SCENE","INJURY AND / OR TOW DUE TO CRASH",,,,"OVER $1,500","2026-02-13T21:15:00.000","IMPROPER LANE USAGE","FAILING TO REDUCE SPEED TO AVOID CRASH","5900","S","RACINE AVE","713",,,,,,,"2","NO INDICATION OF INJURY","0","0","0","0","0","2","0","21","6","2","41.7867934463","-87.6548270777","POINT (-87.654827077712 41.786793446291)"
"67a9385297e63574580da3b508d32f8d3df18ca1484ea01ba192d0c23b137e23cba240ec89f3dab391cfb2c398b855e568d051e14c60a8388ffa4f1a172a24f7","Y","2026-02-13T21:00:00.000","30","NO CONTROLS","NO CONTROLS","UNKNOWN","UNKNOWN","PARKED MOTOR VEHICLE","DIVIDED - W/MEDIAN (NOT RAISED)",,"STRAIGHT AND LEVEL","UNKNOWN","UNKNOWN","ON SCENE","NO INJURY / DRIVE AWAY",,,"Y","OVER $1,500","2026-02-14T09:29:00.000","UNABLE TO DETERMINE","UNABLE TO DETERMINE","4046","W","ARMITAGE AVE","2525",,,,,,,"2","NO INDICATION OF INJURY","0","0","0","0","0","1","0","21","6","2","41.917250935","-87.7284712188","POINT (-87.728471218834 41.917250935027)"
"bcab04a2cbf512d1f37d9b85ecc6343f0c4410abbe9c04ba8adaaf74a678da0bb7257c3a530ff8c48419dcb7769e97c5b08089466078273d4812b9ed96d0f1f2","Y","2026-02-13T21:00:00.000","30","NO CONTROLS","NO CONTROLS","CLEAR","DARKNESS, LIGHTED ROAD","PARKED MOTOR VEHICLE","ONE-WAY",,"STRAIGHT AND LEVEL","DRY","NO DEFECTS","NOT ON SCENE (DESK REPORT)","INJURY AND / OR TOW DUE TO CRASH",,,"Y","OVER $1,500","2026-02-14T00:18:00.000","UNABLE TO DETERMINE","NOT APPLICABLE","5446","W","HURON ST","1524",,,,,,,"2","NO INDICATION OF INJURY","0","0","0","0","0","1","0","21","6","2","41.8930572435","-87.7623886139","POINT (-87.762388613871 41.893057243472)"
"1247730f98f86ec4567c6a71bb416a38193dcc744e5407283b81f8e6e219ecfa420b54c07d8c071601658d5ec77c27669df4d34444604067b4b8bfde6dcee57f",,"2026-02-13T20:35:00.000","30","NO CONTROLS","FUNCTIONING PROPERLY","CLEAR","DARKNESS, LIGHTED ROAD","TURNING","NOT DIVIDED",,"STRAIGHT AND LEVEL","DRY","NO DEFECTS","ON SCENE","INJURY AND / OR TOW DUE TO CRASH","N",,"Y","OVER $1,500","2026-02-13T20:38:00.000","IMPROPER TURNING/NO SIGNAL","UNABLE TO DETERMINE","730","W","76TH ST","621",,,,,,,"2","NO INDICATION OF INJURY","0","0","0","0","0","2","0","20","6","2","41.7562068989","-87.6429013775","POINT (-87.642901377461 41.756206898874)"
"d8983e15ff7a911b5814645eb99f7e25af3914c2ef4e9a8f8252c285aac51de4014346f0a5ded2ffbee2b59dc488983f8121c08bbbde8ca211bc49ff4b301a0d",,"2026-02-13T20:35:00.000","30","NO CONTROLS","NO CONTROLS","CLEAR","DARKNESS","HEAD ON","NOT DIVIDED",,"STRAIGHT AND LEVEL","DRY","NO DEFECTS","NOT ON SCENE (DESK REPORT)","INJURY AND / OR TOW DUE TO CRASH",,,"Y","OVER $1,500","2026-02-13T20:36:00.000","UNABLE TO DETERMINE","UNABLE TO DETERMINE","1018","N","KOSTNER AVE","1111",,,,,,,"2","NO INDICATION OF INJURY","0","0","0","0","0","2","0","20","6","2","41.8995163996","-87.7362097097","POINT (-87.736209709727 41.899516399561)"
"2afbc638fc60546426fffbeacb31864a9e3c11cd2e92740862b3245a988d7a7b9271a5e81733a63cbfa49074e3bf2f22d9482603a5efbc0016d65632713f6946",,"2026-02-13T20:30:00.000","30","NO CONTROLS","NO CONTROLS","CLEAR","DARKNESS, LIGHTED ROAD","REAR END","ONE-WAY",,"STRAIGHT AND LEVEL","DRY","UNKNOWN","NOT ON SCENE (DESK REPORT)","NO INJURY / DRIVE AWAY",,,,"OVER $1,500","2026-02-13T21:23:00.000","DRIVING SKILLS/KNOWLEDGE/EXPERIENCE","UNABLE TO DETERMINE","2206","N","CALIFORNIA AVE","1414",,,,,,,"2","NO INDICATION OF INJURY","0","0","0","0","0","2","0","20","6","2","41.9219035597","-87.697473803","POINT (-87.697473803037 41.921903559725)"
"48cb8995e742db9ad8d00c2ca15fe293a75c60a0b37fc8966b27566f414bb325194f200cf333116a665051847fbe0838bdb995352f689e7e34258ca61c8cf03f","Y","2026-02-13T20:30:00.000","20","NO CONTROLS","NO CONTROLS","UNKNOWN","DARKNESS, LIGHTED ROAD","PARKED MOTOR VEHICLE","UNKNOWN",,"STRAIGHT AND LEVEL","UNKNOWN","UNKNOWN","NOT ON SCENE (DESK REPORT)","NO INJURY / DRIVE AWAY",,,"Y","$501 - $1,500","2026-02-17T00:10:00.000","UNABLE TO DETERMINE","NOT APPLICABLE","1135","N","LAVERGNE AVE","1531",,,,,,,"2","NO INDICATION OF INJURY","0","0","0","0","0","1","0","20","6","2","41.9015287337","-87.7507076613","POINT (-87.750707661334 41.901528733708)"
"7a149ed2093b08e35358890806063741ea258af973f051841f3926b8d83669f1cb2d187a2d83da30ffea1324a7e187739155098d4572070f136dcd675e0ed174",,"2026-02-13T20:30:00.000","30","TRAFFIC SIGNAL","FUNCTIONING PROPERLY","CLEAR","DARKNESS","TURNING","DIVIDED - W/MEDIAN BARRIER",,"STRAIGHT AND LEVEL","DRY","NO DEFECTS",,"INJURY AND / OR TOW DUE TO CRASH","Y",,,"OVER $1,500","2026-02-13T20:30:00.000","DISREGARDING TRAFFIC SIGNALS","IMPROPER OVERTAKING/PASSING","800","W","87TH ST","613",,,,,,,"2","NONINCAPACITATING INJURY","3","0","0","3","0","1","0","20","6","2","41.7361825711","-87.6436598151","POINT (-87.643659815136 41.736182571052)"
"fc460048512db500734d157de5e293144bb37aea4163283ff998b403fa5f0307396ba9e2de5ea277437a1837f7e0b8cb7a808c648bac0645c192f15740c59786",,"2026-02-13T20:15:00.000","30","NO CONTROLS","NO CONTROLS","CLEAR","DARKNESS, LIGHTED ROAD","TURNING","NOT DIVIDED",,"STRAIGHT AND LEVEL","DRY","NO DEFECTS","NOT ON SCENE (DESK REPORT)","NO INJURY / DRIVE AWAY",,,,"OVER $1,500","2026-02-23T18:43:00.000","NOT APPLICABLE","NOT APPLICABLE","6528","W","ARCHER AVE","811",,,,,,,"2","NO INDICATION OF INJURY","0","0","0","0","0","2","0","20","6","2","41.792383326","-87.7854126167","POINT (-87.785412616666 41.792383325981)"
"0a2544c2b58c7a59f03f88be6bfd39d0cfdc5d65c43333ddd59afaa09d5d43fefd75ec37ed12c496f637483ffbb348e151213e4a8d79b58f1136bc8d57894b69",,"2026-02-13T20:06:00.000","40","NO CONTROLS","NO CONTROLS","CLEAR","DARKNESS, LIGHTED ROAD","SIDESWIPE SAME DIRECTION","ONE-WAY",,"STRAIGHT AND LEVEL","DRY","NO DEFECTS","ON SCENE","INJURY AND / OR TOW DUE TO CRASH",,,,"OVER $1,500","2026-02-13T20:23:00.000","IMPROPER TURNING/NO SIGNAL","NOT APPLICABLE","400","N","LAKE SHORE DR","1834",,"Y",,,,,"2","NO INDICATION OF INJURY","0","0","0","0","0","4","0","20","6","2","41.8894184002","-87.6142701882","POINT (-87.614270188222 41.889418400236)"
"1b8b81258d066370902408894953ac66b4fec750a5e75e2fbcdade61347f450376b95c31507944ffb6c20db27e7cea610f1a50bb478e63be0013531b8659c5bf",,"2026-02-13T20:05:00.000","30","UNKNOWN","UNKNOWN","CLEAR","DARKNESS, LIGHTED ROAD","ANGLE","FOUR WAY",,"STRAIGHT AND LEVEL","DRY","UNKNOWN","NOT ON SCENE (DESK REPORT)","NO INJURY / DRIVE AWAY",,,,"OVER $1,500","2026-02-13T20:34:00.000","UNABLE TO DETERMINE","NOT APPLICABLE","11040","S","VINCENNES AVE","2212",,,,,,,"2","NO INDICATION OF INJURY","0","0","0","0","0","2","0","20","6","2","41.6928928158","-87.6629586659","POINT (-87.662958665909 41.692892815792)"
"9f5f89256fc7e99f3fdbfc3955683a91cfefe179208b437963e8bf033278fef037281fc41e04a7cba938f3f916bb45d60c22412e6b7010419f04e7d443884b23",,"2026-02-13T20:01:00.000","30","NO CONTROLS","NO CONTROLS","CLEAR","DARKNESS, LIGHTED ROAD","PARKED MOTOR VEHICLE","NOT DIVIDED",,"STRAIGHT AND LEVEL","DRY","UNKNOWN","ON SCENE","NO INJURY / DRIVE AWAY",,,"Y","OVER $1,500","2026-02-13T21:24:00.000","NOT APPLICABLE","NOT APPLICABLE","3316","W","63RD ST","823",,,,,,,"2","NO INDICATION OF INJURY","0","0","0","0","0","1","0","20","6","2","41.7790318421","-87.7062868651","POINT (-87.706286865059 41.779031842105)"
"97bb34678ecfae6ef780ad3ed033103b356cc94497b38a270839bdfb629e0da90f32e1e37c018a9fc3916ebf161fd3b25bb1ad682708e97058a8830bdfa06a3d",,"2026-02-13T20:00:00.000","25","TRAFFIC SIGNAL","FUNCTIONING PROPERLY","CLEAR","DARKNESS, LIGHTED ROAD","SIDESWIPE SAME DIRECTION","NOT DIVIDED",,"STRAIGHT AND LEVEL","DRY","NO DEFECTS","NOT ON SCENE (DESK REPORT)","NO INJURY / DRIVE AWAY",,,"Y","$501 - $1,500","2026-02-14T13:25:00.000","UNABLE TO DETERMINE","UNABLE TO DETERMINE","4609","S","ASHLAND AVE","924",,,,,,,"2","NO INDICATION OF INJURY","0","0","0","0","0","4","0","20","6","2","41.8101381525","-87.664867266","POINT (-87.664867266043 41.810138152519)"
"d3e913cc2637f880176e96b9612f95e530a852a69db7b580dc16e29b9690ab6dc215c6c13eafab9f08acaddd92f8d901808f37cd07e39917e2e41369dba4d937",,"2026-02-13T20:00:00.000","30","STOP SIGN/FLASHER","NO CONTROLS","CLEAR","DARKNESS, LIGHTED ROAD","REAR END","FOUR WAY",,"STRAIGHT AND LEVEL","DRY","NO DEFECTS","NOT ON SCENE (DESK REPORT)","NO INJURY / DRIVE AWAY",,,,"OVER $1,500","2026-02-13T21:00:00.000","IMPROPER BACKING","UNABLE TO DETERMINE","3155","W","52ND ST","923",,,,,,,"2","NO INDICATION OF INJURY","0","0","0","0","0","2","0","20","6","2","41.7988862463","-87.7034814","POINT (-87.703481399987 41.79888624632)"
"f3f9efd4e11628604bef5e7e08cc6a2c0c4b118a383048fa201b1dcf3245d06bb58144c89aa502006a93f5b1a408f370c24906b60b433dc0a47d05e390d4a4eb",,"2026-02-13T19:59:00.000","30","NO CONTROLS","NO CONTROLS","CLEAR","DARKNESS, LIGHTED ROAD","PARKED MOTOR VEHICLE","DIVIDED - W/MEDIAN BARRIER",,"STRAIGHT AND LEVEL","DRY","NO DEFECTS","ON SCENE","NO INJURY / DRIVE AWAY",,,,"OVER $1,500","2026-02-13T20:03:00.000","UNABLE TO DETERMINE","UNABLE TO DETERMINE","1201","S","INDIANA AVE","132",,"Y",,,,,"2","NO INDICATION OF INJURY","0","0","0","0","0","1","0","19","6","2","41.8674021268","-87.6224068679","POINT (-87.622406867924 41.86740212677)"
"70519ce4a81141f4252789db3f988c107195b9dc303df83518b5903238a211b28220aaddca27c8d856a696fa1d1d46beb25290675e3023505dd5d7b6b2b8bf03",,"2026-02-13T19:55:00.000","25","NO CONTROLS","NO CONTROLS","CLEAR","DARKNESS, LIGHTED ROAD","SIDESWIPE SAME DIRECTION","DIVIDED - W/MEDIAN BARRIER",,"STRAIGHT AND LEVEL","DRY","NO DEFECTS",,"NO INJURY / DRIVE AWAY",,,,"OVER $1,500","2026-02-21T09:50:00.000","IMPROPER OVERTAKING/PASSING","UNABLE TO DETERMINE","87","E","LOWER WACKER DR","111",,,,,,,"2","NO INDICATION OF INJURY","0","0","0","0","0","3","0","19","6","2","41.8880832005","-87.6251384557","POINT (-87.625138455744 41.888083200466)"
"0cb07cf0d5c2907962163552453fe5888e4e39527285e6c8fbcf9895cfb23b0b94e73f2344aa3ae38c2d53128013ab1055b1255bccddf1df944c9d067dfe2859",,"2026-02-13T19:50:00.000","30","UNKNOWN","UNKNOWN","UNKNOWN","DARKNESS","TURNING","NOT DIVIDED",,"STRAIGHT AND LEVEL","UNKNOWN","UNKNOWN","NOT ON SCENE (DESK REPORT)","NO INJURY / DRIVE AWAY",,,,"OVER $1,500","2026-02-14T13:32:00.000","IMPROPER BACKING","NOT APPLICABLE","2412","N","KILDARE AVE","2524",,,,,,,"2","NO INDICATION OF INJURY","0","0","0","0","0","4","0","19","6","2","41.9248251165","-87.734278842","POINT (-87.734278841971 41.924825116491)"
"ba2bd75926700cfdc945370c2a05e1b24707d3992d74f50f0d20f82696ef28455806e03677ad748dce73b2a0cb989cc7d14d129daebe4baac45a1839ced12b52",,"2026-02-13T19:50:00.000","30","STOP SIGN/FLASHER","UNKNOWN","CLEAR","DARKNESS, LIGHTED ROAD","REAR END","NOT DIVIDED",,"STRAIGHT AND LEVEL","UNKNOWN","UNKNOWN","NOT ON SCENE (DESK REPORT)","NO INJURY / DRIVE AWAY","N",,"Y","OVER $1,500","2026-02-13T20:50:00.000","UNABLE TO DETERMINE","NOT APPLICABLE","7213","W","BELMONT AVE","2511",,,,,,,"2","NO INDICATION OF INJURY","0","0","0","0","0","2","0","19","6","2","41.9378826628","-87.8073111249","POINT (-87.807311124874 41.937882662811)"
"c7d9f6e3de6f8d08cd9e4db8c55cfc104b42fd3108f6d950b6cb6aed7b34ac396cacbacd2c9980bbef81a601a0732cfdfac57a3fac1e00540c041678fff22a02",,"2026-02-13T19:50:00.000","30","STOP SIGN/FLASHER","FUNCTIONING PROPERLY","CLEAR","DARKNESS, LIGHTED ROAD","REAR END","DIVIDED - W/MEDIAN (NOT RAISED)",,"STRAIGHT AND LEVEL","DRY","NO DEFECTS","NOT ON SCENE (DESK REPORT)","NO INJURY / DRIVE AWAY","Y",,,"$501 - $1,500","2026-02-13T20:30:00.000","FOLLOWING TOO CLOSELY","UNABLE TO DETERMINE","400","E","83RD ST","631",,,,,,,"2","NO INDICATION OF INJURY","0","0","0","0","0","3","0","19","6","2","41.7439229064","-87.6146874861","POINT (-87.614687486131 41.743922906387)"
"fc9aaabcea7baebcce5b46c94bc7e69e5a1872b87e1de978bc210c86863981bb8c60183b05efabfea5479da60b729fb73b535da0aea58ab07362149144c05c16",,"2026-02-13T19:45:00.000","25","NO CONTROLS","NO CONTROLS","CLEAR","DARKNESS, LIGHTED ROAD","PARKED MOTOR VEHICLE","ONE-WAY",,"STRAIGHT AND LEVEL","DRY","NO DEFECTS","NOT ON SCENE (DESK REPORT)","NO INJURY / DRIVE AWAY",,,,"$501 - $1,500","2026-02-15T06:40:00.000","NOT APPLICABLE","NOT APPLICABLE","240","E","ONTARIO ST","1834",,,,,,,"2","NO INDICATION OF INJURY","0","0","0","0","0","1","0","19","6","2","41.8934882448","-87.6216448799","POINT (-87.621644879906 41.893488244752)"
"480be37950cab07a9c4fe509ffd28aab4a744d844e804842613fc15e97805eebd6b8bc59b3da2b63ae2d2aad25f9272417e31744d0848264f372fd0dece3c22a",,"2026-02-13T19:35:00.000","30","NO CONTROLS","NO CONTROLS","CLEAR","DARKNESS","ANGLE","NOT DIVIDED",,"STRAIGHT AND LEVEL","DRY","NO DEFECTS",,"INJURY AND / OR TOW DUE TO CRASH",,,"Y","OVER $1,500","2026-02-13T19:38:00.000","FAILING TO YIELD RIGHT-OF-WAY","FAILING TO REDUCE SPEED TO AVOID CRASH","9400","S","STONY ISLAND AVE","413",,,,,,,"2","NO INDICATION OF INJURY","0","0","0","0","0","3","0","19","6","2","41.7240747838","-87.5853032325","POINT (-87.585303232497 41.724074783765)"
"a4893db29492bc30e83dc6e17ec5766e0560583b8c38946321600ce6e3e2be3c649ae50689ac6665bcdcc4b638d28ce8108d4babd28fcf675a98979febb467f0",,"2026-02-13T19:16:00.000","25","TRAFFIC SIGNAL","FUNCTIONING PROPERLY","CLEAR","DARKNESS, LIGHTED ROAD","TURNING","T-INTERSECTION",,"STRAIGHT AND LEVEL","DRY","NO DEFECTS","ON SCENE","INJURY AND / OR TOW DUE TO CRASH","Y",,,"OVER $1,500","2026-02-13T19:16:00.000","FAILING TO YIELD RIGHT-OF-WAY","FAILING TO YIELD RIGHT-OF-WAY","11500","S","COTTAGE GROVE AVE","532",,"Y",,,,,"2","REPORTED, NOT EVIDENT","2","0","0","0","2","1","0","19","6","2","41.6853992105","-87.6112474733","POINT (-87.611247473326 41.685399210486)"