"crash_record_id","crash_date_est_i","crash_date","posted_speed_limit","traffic_control_device","device_condition","weather_condition","lighting_condition","first_crash_type","trafficway_type","lane_cnt","alignment","roadway_surface_cond","road_defect","report_type","crash_type","intersection_related_i","private_property_i","hit_and_run_i","damage","date_police_notified","prim_contributory_cause","sec_contributory_cause","street_no","street_direction","street_name","beat_of_occurrence","photos_taken_i","statements_taken_i","dooring_i","work_zone_i","work_zone_type","workers_present_i","num_units","most_severe_injury","injuries_total","injuries_fatal","injuries_incapacitating","injuries_non_incapacitating","injuries_reported_not_evident","injuries_no_indication","injuries_unknown","crash_hour","crash_day_of_week","crash_month","latitude","longitude","location"
"1a9c97a0e631f218c2b4abc5c3bdedac783a8fc339c40ff3738583d2e1f67b5ee86b0b9bc628a5dfd6f3c60bd88746b2bbf4b3d1b32b51ddeabd759c463ef78d",,"2026-02-13T19:15:00.000","30","NO CONTROLS","NO CONTROLS","CLEAR","DUSK","PARKED MOTOR VEHICLE","PARKING LOT",,"STRAIGHT AND LEVEL","DRY","NO DEFECTS","NOT ON SCENE (DESK REPORT)","NO INJURY / DRIVE AWAY",,"Y",,"OVER $1,500","2026-02-13T20:10:00.000","IMPROPER BACKING","UNABLE TO DETERMINE","219","N","GREEN ST","1214",,,,,,,"2","NO INDICATION OF INJURY","0","0","0","0","0","2","0","19","6","2","41.8862821168","-87.6485147797","POINT (-87.648514779738 41.886282116841)"
"53cece0f4d5aa93e992a7578fc43ffd00d62b22259ebbd9e4ad59df985e20b9110603fd719f1791287298b2db3c79a7473c75730f3ca4f8316e3acb4ebebf42a",,"2026-02-13T19:15:00.000","30","NO CONTROLS","NO CONTROLS","CLEAR","DARKNESS","TURNING","DIVIDED - W/MEDIAN (NOT RAISED)",,"STRAIGHT AND LEVEL","DRY","NO DEFECTS","NOT ON SCENE (DESK REPORT)","NO INJURY / DRIVE AWAY",,,,"$501 - $1,500","2026-02-13T19:30:00.000","IMPROPER TURNING/NO SIGNAL","UNABLE TO DETERMINE","7400","S","ASHLAND AVE","735",,,,,,,"2","NO INDICATION OF INJURY","0","0","0","0","0","2","0","19","6","2","41.7593683965","-87.6637857159","POINT (-87.663785715867 41.75936839646)"
"a4ac94a0865962378e3101d03528eb0ae457b34d83e86391da93262302519e74e6ad53b52f0b700331f24c336421559d3ae74b91143edb5b977cc27c6303e8d7",,"2026-02-13T19:06:00.000","30","NO CONTROLS","NO CONTROLS","CLEAR","DARKNESS, LIGHTED ROAD","SIDESWIPE SAME DIRECTION","NOT DIVIDED",,"STRAIGHT AND LEVEL","DRY","NO DEFECTS","ON SCENE","INJURY AND / OR TOW DUE TO CRASH",,,,"$501 - $1,500","2026-02-13T19:43:00.000","IMPROPER LANE USAGE","DRIVING SKILLS/KNOWLEDGE/EXPERIENCE","4849","W","PETERSON AVE","1621",,,,,,,"2","NO INDICATION OF INJURY","0","0","0","0","0","2","0","19","6","2","41.9900196566","-87.7505899146","POINT (-87.750589914566 41.990019656575)"
"4085a14803208a9c13ba28b07d33323f32ad8e2f46ddfacd63f0c2c9aa842e4ff989ee8331fdf5350b9f98dcfa7454fe33c38c4ec03d2a232365628457cf3069",,"2026-02-13T19:03:00.000","30","NO CONTROLS","NO CONTROLS","CLEAR","DARKNESS, LIGHTED ROAD","SIDESWIPE SAME DIRECTION","DIVIDED - W/MEDIAN (NOT RAISED)",,"STRAIGHT AND LEVEL","DRY","NO DEFECTS","ON SCENE","NO INJURY / DRIVE AWAY",,,"Y","OVER $1,500","2026-02-13T19:05:00.000","IMPROPER OVERTAKING/PASSING","NOT APPLICABLE","13731","S","BRAINARD AVE","433",,,,,,,"2","NO INDICATION OF INJURY","0","0","0","0","0","2","0","19","6","2","41.645820958","-87.5423005276","POINT (-87.542300527608 41.645820958038)"
"18e792329abd2dfbb62b60ec4efa9518d95e5d7a2969929e0dee29702bbaa5c90f22094753c6f3ea34311df9de5741fb63a59f0e1e4fd5df110ff7f41c3dcbfc","Y","2026-02-13T19:00:00.000","30","UNKNOWN","UNKNOWN","CLEAR","DARKNESS, LIGHTED ROAD","REAR END","DIVIDED - W/MEDIAN (NOT RAISED)",,"STRAIGHT AND LEVEL","DRY","UNKNOWN","NOT ON SCENE (DESK REPORT)","NO INJURY / DRIVE AWAY",,,,"$501 - $1,500","2026-02-13T22:00:00.000","UNABLE TO DETERMINE","NOT APPLICABLE","6300","N","SHERIDAN RD","2433",,,,,,,"2","NO INDICATION OF INJURY","0","0","0","0","0","2","0","19","6","2","41.9965100574","-87.655730774","POINT (-87.655730773958 41.996510057378)"
"3dc7f476bd3ea44fa8ecda2d9c303bb2e6e1f6714285dc209ad18d07bc483b7dc96cf2c5beb9a4975f97775bff35f361a4691569d51d6d4dda47116b8a1f89da",,"2026-02-13T19:00:00.000","35","UNKNOWN","UNKNOWN","UNKNOWN","UNKNOWN","PARKED MOTOR VEHICLE","UNKNOWN",,"STRAIGHT AND LEVEL","UNKNOWN","UNKNOWN","NOT ON SCENE (DESK REPORT)","NO INJURY / DRIVE AWAY",,,"Y","OVER $1,500","2026-02-27T10:20:00.000","UNABLE TO DETERMINE","UNABLE TO DETERMINE","2614","N","EMMETT ST","1412",,,,,,,"2","NO INDICATION OF INJURY","0","0","0","0","0","1","0","19","6","2","41.9304398213","-87.7079475066","POINT (-87.707947506622 41.930439821341)"
"3f0356716f7f3d081ca7cf2432e2fe4bfa30a9eca1ac92e779e7ef8aca251cf16bfdd38784aca81cb0e82f8aa4b90ec7b4684daa303c8715ab1ebc6dc246aa92",,"2026-02-13T19:00:00.000","20","NO CONTROLS","NO CONTROLS","CLEAR","DARKNESS, LIGHTED ROAD","SIDESWIPE OPPOSITE DIRECTION","PARKING LOT",,"STRAIGHT AND LEVEL","DRY","NO DEFECTS","NOT ON SCENE (DESK REPORT)","NO INJURY / DRIVE AWAY",,,,"OVER $1,500","2026-02-13T21:15:00.000","IMPROPER OVERTAKING/PASSING","NOT APPLICABLE","6948","W","GRAND AVE","2512",,,,,,,"2","NO INDICATION OF INJURY","0","0","0","0","0","2","0","19","6","2","41.9236732565","-87.7996266459","POINT (-87.799626645945 41.923673256513)"
"54c05d974ba125625d3c9812e79bbc1c3b1af669eff66fc9089abd728c7e1ba449b2556c4186702930573f51393fbe34dff579298e80494c0277ce2aa621fa5d",,"2026-02-13T19:00:00.000","30","NO CONTROLS","NO CONTROLS","CLEAR","DARKNESS, LIGHTED ROAD","REAR END","DIVIDED - W/MEDIAN BARRIER",,"STRAIGHT AND LEVEL","UNKNOWN","NO DEFECTS","NOT ON SCENE (DESK REPORT)","NO INJURY / DRIVE AWAY",,,"Y","OVER $1,500","2026-02-14T02:12:00.000","UNABLE TO DETERMINE","NOT APPLICABLE","800","N","LAKE SHORE DR","1833",,,,,,,"3","NO INDICATION OF INJURY","0","0","0","0","0","3","0","19","6","2","41.896828045","-87.6172077033","POINT (-87.617207703311 41.896828045009)"
"aff460939125515388a97b066c4d2da8504c11b20472e5df010af1ae3592ed15c59674fedc02700609cb05dc6166018bec717541660c5a3b55b430dd5155d95b",,"2026-02-13T19:00:00.000","20","NO CONTROLS","NO CONTROLS","CLEAR","DARKNESS, LIGHTED ROAD","PARKED MOTOR VEHICLE","ALLEY",,"STRAIGHT AND LEVEL","DRY","OTHER","ON SCENE","INJURY AND / OR TOW DUE TO CRASH",,,,"OVER $1,500","2026-02-13T19:18:00.000","UNDER THE INFLUENCE OF ALCOHOL/DRUGS (USE WHEN ARREST IS EFFECTED)","DRIVING ON WRONG SIDE/WRONG WAY","3602","W","57TH PL","822",,,,,,,"4","REPORTED, NOT EVIDENT","1","0","0","0","1","1","0","19","6","2","41.7889219549","-87.7136396104","POINT (-87.713639610403 41.788921954902)"
"cce9085e98ac4e2b219f6749946bb37a96fa669fd74550742e338a16995f6f6140ea04ec5cbe7767d660d9b6dd753cdaa42a4e1203829b6dff99bca31ef11643",,"2026-02-13T19:00:00.000","30","UNKNOWN","UNKNOWN","UNKNOWN","UNKNOWN","TURNING","NOT DIVIDED",,"STRAIGHT AND LEVEL","UNKNOWN","UNKNOWN","NOT ON SCENE (DESK REPORT)","NO INJURY / DRIVE AWAY","Y",,,"OVER $1,500","2026-02-15T17:30:00.000","UNABLE TO DETERMINE","NOT APPLICABLE","6932","W","GRAND AVE","2512",,,,,,,"2","NO INDICATION OF INJURY","0","0","0","0","0","2","0","19","6","2","41.923677952","-87.7989994505","POINT (-87.798999450465 41.923677951984)"
"1a24110cb68271f93915b0574e1aa01f2a2f982e8074f35b008024114501e07408644d12753d2949237d79683a49884c0999ad50d22d2260c9bb2ff3736985f4",,"2026-02-13T18:59:00.000","30","UNKNOWN","UNKNOWN","CLEAR","DARKNESS","TURNING","NOT DIVIDED",,"STRAIGHT AND LEVEL","UNKNOWN","UNKNOWN","ON SCENE","NO INJURY / DRIVE AWAY",,,,"OVER $1,500","2026-02-13T19:01:00.000","FAILING TO YIELD RIGHT-OF-WAY","NOT APPLICABLE","4817","W","FULLERTON AVE","2522",,,,,,,"3","NO INDICATION OF INJURY","0","0","0","0","0","3","0","18","6","2","41.9241190242","-87.747032136","POINT (-87.747032136012 41.924119024175)"
"25d94dab3f5f7ad5bc97223dd1a3e0a4e7d3dc517312acc51172daa15092e2d3afb77ff605ad666128d86abcd1fb472dca573e82fe24f0944c21b9768149586b",,"2026-02-13T18:55:00.000","35","NO CONTROLS","NO CONTROLS","CLEAR","DARKNESS, LIGHTED ROAD","TURNING","NOT DIVIDED",,"STRAIGHT AND LEVEL","DRY","NO DEFECTS","ON SCENE","NO INJURY / DRIVE AWAY",,,,"OVER $1,500","2026-02-13T19:04:00.000","IMPROPER TURNING/NO SIGNAL","NOT APPLICABLE","426","W","BELMONT AVE","1925",,,,,,,"2","NO INDICATION OF INJURY","0","0","0","0","0","2","0","18","6","2","41.9402092945","-87.6406965693","POINT (-87.640696569312 41.940209294461)"
"e3616a93d109f001fac4f3b359887a4961e98f3fb733d53455e3aa884b1717ca314e0900a1ac884abc3d2773536116ef7772cf71adc9cab41b6ee770d4882589",,"2026-02-13T18:54:00.000","30","STOP SIGN/FLASHER","FUNCTIONING PROPERLY","CLEAR","DARKNESS, LIGHTED ROAD","PARKED MOTOR VEHICLE","DIVIDED - W/MEDIAN (NOT RAISED)",,"STRAIGHT AND LEVEL","DRY","NO DEFECTS","ON SCENE","NO INJURY / DRIVE AWAY",,,,"OVER $1,500","2026-02-13T18:54:00.000","RELATED TO BUS STOP","RELATED TO BUS STOP","1456","W","TAYLOR ST","1231",,,,,,,"2","NO INDICATION OF INJURY","0","0","0","0","0","3","0","18","6","2","41.8694120524","-87.6639348162","POINT (-87.663934816173 41.869412052392)"
"cf52adaa34374babff64bb4a1864d6500f35c5d60f3587002e7ea3f3e8a0b0ea6e3248d68700898743067c57342b94e7f6a0a614f4dbaf28a7885008060e9872",,"2026-02-13T18:52:00.000","30","NO CONTROLS","NO CONTROLS","CLEAR","DARKNESS","SIDESWIPE SAME DIRECTION","NOT DIVIDED",,"STRAIGHT AND LEVEL","DRY","UNKNOWN","ON SCENE","NO INJURY / DRIVE AWAY",,,,"OVER $1,500","2026-02-13T18:57:00.000","UNABLE TO DETERMINE","UNABLE TO DETERMINE","5229","W","MADISON ST","1522",,,,,,,"2","NO INDICATION OF INJURY","0","0","0","0","0","3","0","18","6","2","41.8802476952","-87.7562195897","POINT (-87.75621958975 41.880247695195)"
"601b7e50539dbfd7fb9731872aa34fe887ddc66aa893508b0457932fdcd24591f2795005b5910b24762be71e91e16f1c895f0a65c5143eb9b3cf89a26f9ed80a",,"2026-02-13T18:38:00.000","30","STOP SIGN/FLASHER","FUNCTIONING PROPERLY","CLEAR","DARKNESS, LIGHTED ROAD","TURNING","NOT DIVIDED",,"STRAIGHT AND LEVEL","DRY","NO DEFECTS","ON SCENE","INJURY AND / OR TOW DUE TO CRASH",,,,"OVER $1,500","2026-02-13T18:40:00.000","FAILING TO YIELD RIGHT-OF-WAY","IMPROPER TURNING/NO SIGNAL","2144","N","DAMEN AVE","1432",,,,,,,"2","REPORTED, NOT EVIDENT","2","0","0","0","2","1","0","18","6","2","41.9207571224","-87.6778773602","POINT (-87.677877360243 41.92075712239)"
"6439883c5a6b22c175d6df32411227073525adf6d8df42f0aaa7d68893318c0569bb3586c59a4378c6bdefaa7d72d77383e87cfdeaacd4d06a2eab3ab0fdb6a4",,"2026-02-13T18:38:00.000","25","NO CONTROLS","NO CONTROLS","CLEAR","DARKNESS","SIDESWIPE SAME DIRECTION","NOT DIVIDED",,"STRAIGHT AND LEVEL","DRY","UNKNOWN","ON SCENE","NO INJURY / DRIVE AWAY",,,"Y","OVER $1,500","2026-02-13T19:02:00.000","UNABLE TO DETERMINE","NOT APPLICABLE","6900","S","CORNELL AVE","332",,,,,,,"2","NO INDICATION OF INJURY","0","0","0","0","0","2","0","18","6","2","41.7696233742","-87.5845811937","POINT (-87.584581193737 41.769623374189)"
"91d46b89411a9179124b68810b46b80849ee7de6a06601cfd74a0758edf0958f590a83adec592859fcd90529b6661a91f46413a498e5293af4df6b319aa7b220",,"2026-02-13T18:37:00.000","30","TRAFFIC SIGNAL","FUNCTIONING PROPERLY","CLEAR","DARKNESS","REAR END","DIVIDED - W/MEDIAN (NOT RAISED)",,"STRAIGHT AND LEVEL","DRY","NO DEFECTS","ON SCENE","NO INJURY / DRIVE AWAY",,,"Y","$500 OR LESS","2026-02-13T18:38:00.000","FOLLOWING TOO CLOSELY","DISREGARDING TRAFFIC SIGNALS","1551","N","CICERO AVE","2533",,,,,,,"2","NO INDICATION OF INJURY","0","0","0","0","0","4","0","18","6","2","41.9093088644","-87.7459681267","POINT (-87.745968126681 41.909308864374)"
"0219acfb06c5df3c6b2a9f502c5cbe865ce2995a4efd9318a6690b74cba57aada4621fb9ae1300e139730d1209b7726fd375bc8e5adb63416739fa87ec6bea2d",,"2026-02-13T18:35:00.000","35","NO CONTROLS","NO CONTROLS","CLEAR","DARKNESS, LIGHTED ROAD","PARKED MOTOR VEHICLE","NOT DIVIDED",,"STRAIGHT AND LEVEL","DRY","UNKNOWN",,"INJURY AND / OR TOW DUE TO CRASH",,,,"OVER $1,500","2026-02-13T18:45:00.000","OPERATING VEHICLE IN ERRATIC, RECKLESS, CARELESS, NEGLIGENT OR AGGRESSIVE MANNER","DRIVING SKILLS/KNOWLEDGE/EXPERIENCE","4914","N","MILWAUKEE AVE","1623",,,,,,,"2","NO INDICATION OF INJURY","0","0","0","0","0","4","0","18","6","2","41.9700116783","-87.7627961859","POINT (-87.762796185885 41.970011678252)"
"475cc5bee47a734f2318e64b83979eb164a3f7160cb11c14dabea0476b4159a58f7f0172d5439b0de736eb1f2cd62450a39d4857c39843c41783b22b24c8f91d",,"2026-02-13T18:30:00.000","30","TRAFFIC SIGNAL","FUNCTIONING PROPERLY","CLEAR","DARKNESS, LIGHTED ROAD","TURNING","FOUR WAY",,"STRAIGHT AND LEVEL","DRY","UNKNOWN","ON SCENE","NO INJURY / DRIVE AWAY",,,,"$500 OR LESS","2026-02-13T18:30:00.000","UNABLE TO DETERMINE","NOT APPLICABLE","636","S","MICHIGAN AVE","123",,,,,,,"2","NO INDICATION OF INJURY","0","0","0","0","0","2","0","18","6","2","41.873659257","-87.6243594981","POINT (-87.624359498123 41.873659257026)"
"6b64f4ed2ce7a661048a14ce92a8bb370d90c29b5ea0250dbb2aad64ba2648882e9ece9f1f4a8fe68daf49d6cb0eb61f89536200c4efda4ff7b8a45bcb39c841",,"2026-02-13T18:30:00.000","30","NO CONTROLS","NO CONTROLS","CLEAR","DARKNESS, LIGHTED ROAD","OTHER NONCOLLISION","ONE-WAY",,"STRAIGHT AND LEVEL","DRY","RUT, HOLES","NOT ON SCENE (DESK REPORT)","NO INJURY / DRIVE AWAY",,,,"OVER $1,500","2026-02-15T14:15:00.000","ROAD ENGINEERING/SURFACE/MARKING DEFECTS","NOT APPLICABLE","4744","N","DRAKE AVE","1723",,,,,,,"1","NO INDICATION OF INJURY","0","0","0","0","0","3","0","18","6","2","41.9678750167","-87.7171652613","POINT (-87.717165261345 41.96787501667)"
"91e27da5c6dbfe3af828f4878e19c754ca07bd6ce9a8b24d78b233a589d09196f78cc32c602707003ec89f33571b367e0e6d656074934331214e914860e39e60",,"2026-02-13T18:30:00.000","40","NO CONTROLS","NO CONTROLS","CLEAR","DARKNESS, LIGHTED ROAD","SIDESWIPE SAME DIRECTION","DIVIDED - W/MEDIAN BARRIER",,"STRAIGHT AND LEVEL","DRY","NO DEFECTS","ON SCENE","INJURY AND / OR TOW DUE TO CRASH",,,,"OVER $1,500","2026-02-13T18:49:00.000","IMPROPER LANE USAGE","DRIVING SKILLS/KNOWLEDGE/EXPERIENCE","1750","N","LAKE SHORE DR SB","1814",,,,,,,"2","NO INDICATION OF INJURY","0","0","0","0","0","4","0","18","6","2","41.9147068917","-87.627483862","POINT (-87.627483861998 41.914706891729)"
"e52a2b43e301cac3ce45046d2531cb1d94687c0edbcd9bb15ddb1b3bebdb7e612b88cfd0d86425a048765cf2e8a046a4ecfaddf7f11d46db76fa6fcdcb0376a1",,"2026-02-13T18:30:00.000","30","TRAFFIC SIGNAL","FUNCTIONING PROPERLY","CLEAR","UNKNOWN","PARKED MOTOR VEHICLE","ONE-WAY",,"STRAIGHT AND LEVEL","DRY","NO DEFECTS","NOT ON SCENE (DESK REPORT)","NO INJURY / DRIVE AWAY",,,,"OVER $1,500","2026-02-13T19:48:00.000","FOLLOWING TOO CLOSELY","UNABLE TO DETERMINE","1","W","WASHINGTON ST","112",,,,,,,"2","NO INDICATION OF INJURY","0","0","0","0","0","2","0","18","6","2","41.8831086273","-87.6279487708","POINT (-87.627948770804 41.883108627267)"
"f7d60121ad02e4baed785c14f95eb9c30fcd888ce0a05ba9a13538a5f1dfe9de564f60a89fa90fac2e4798a6caa1523f54bf3113076f3b1167b325dff7cbea1b",,"2026-02-13T18:30:00.000","30","UNKNOWN","UNKNOWN","CLEAR","DUSK","SIDESWIPE SAME DIRECTION","DIVIDED - W/MEDIAN BARRIER",,"STRAIGHT AND LEVEL","DRY","UNKNOWN","ON SCENE","NO INJURY / DRIVE AWAY",,,,"OVER $1,500","2026-02-13T18:34:00.000","DRIVING SKILLS/KNOWLEDGE/EXPERIENCE","NOT APPLICABLE","180","N","WACKER DR","122",,,,,,,"2","NO INDICATION OF INJURY","0","0","0","0","0","5","0","18","6","2","41.8852432327","-87.6371647943","POINT (-87.637164794301 41.885243232691)"
"8e0e4c4cd049980bdd2feff49a25f68bb436486a3ec59ce1fa91c22feb0fc873bf2f2c679232a424c77add58dd241730a7f9d68ba410655f03ddc3d6135d6f40",,"2026-02-13T18:25:00.000","25","TRAFFIC SIGNAL","FUNCTIONING PROPERLY","CLEAR","DARKNESS, LIGHTED ROAD","SIDESWIPE OPPOSITE DIRECTION","NOT DIVIDED",,"STRAIGHT AND LEVEL","DRY","NO DEFECTS","ON SCENE","NO INJURY / DRIVE AWAY",,,,"OVER $1,500","2026-02-13T18:25:00.000","DISTRACTION - FROM INSIDE VEHICLE","NOT APPLICABLE","15","N","PULASKI RD","1122",,,,,,,"2","NO INDICATION OF INJURY","0","0","0","0","0","2","0","18","6","2","41.8811907616","-87.7255356966","POINT (-87.725535696617 41.881190761638)"
"d7dc8fa50fc8bc4dcd1a05a7059f303c52df8f4f8eb7def210229d25bc2e037f149d55ccba41ce392cdb2dc0f999d74610246115e57f4b3c43f92d3835235aae",,"2026-02-13T18:20:00.000","30","NO CONTROLS","NO CONTROLS","CLEAR","DARKNESS, LIGHTED ROAD","REAR END","DIVIDED - W/MEDIAN (NOT RAISED)",,"STRAIGHT AND LEVEL","DRY","NO DEFECTS",,"NO INJURY / DRIVE AWAY","Y",,,"OVER $1,500","2026-02-13T18:21:00.000","UNABLE TO DETERMINE","UNABLE TO DETERMINE","2300","N","LARAMIE AVE","2515",,,,,,,"2","NO INDICATION OF INJURY","0","0","0","0","0","2","0","18","6","2","41.9223235637","-87.7562406292","POINT (-87.756240629162 41.922323563743)"
"dcd065109366eaf7565ae9e683adf541b7605cb5c594f1a6564d0c56933d867ee263120648f0b4e25435d57954dc39a9321994301df2191f08cbed0b95127fb6",,"2026-02-13T18:20:00.000","30","NO CONTROLS","NO CONTROLS","CLEAR","DARKNESS, LIGHTED ROAD","REAR END","NOT DIVIDED",,"STRAIGHT AND LEVEL","DRY","NO DEFECTS","NOT ON SCENE (DESK REPORT)","NO INJURY / DRIVE AWAY",,,,"OVER $1,500","2026-02-14T09:30:00.000","UNABLE TO DETERMINE","NOT APPLICABLE","3856","W","111TH ST","2211",,,,,,,"2","NO INDICATION OF INJURY","0","0","0","0","0","2","0","18","6","2","41.6914133537","-87.7177461309","POINT (-87.717746130897 41.69141335369)"
"32b9201fe40ef1a052786bb77e5641ea249a2f5455af48161da956ecb9a0a15399a083d18d8dcdcdadb7189c842bd04cde522320086ad1e6fa7177761d584983",,"2026-02-13T18:19:00.000","30","OTHER","FUNCTIONING PROPERLY","CLEAR","UNKNOWN","PARKED MOTOR VEHICLE","NOT DIVIDED",,"STRAIGHT AND LEVEL","UNKNOWN","UNKNOWN","ON SCENE","INJURY AND / OR TOW DUE TO CRASH","Y",,"Y","OVER $1,500","2026-02-13T18:47:00.000","IMPROPER OVERTAKING/PASSING","FAILING TO YIELD RIGHT-OF-WAY","2376","N","LINCOLN AVE","1812",,,,,,,"2","NONINCAPACITATING INJURY","1","0","0","1","0","0","0","18","6","2","41.9252042766","-87.6486283524","POINT (-87.648628352434 41.925204276597)"
"1e7e3090f43b12e48a22bbfa73e0138efcd69f629695dcf2b7b05295073ca7259d995850d6119c8a9d070a7ea164d856a7f9667bf5786ee943fa27914448c532",,"2026-02-13T18:15:00.000","30","STOP SIGN/FLASHER","NO CONTROLS","CLEAR","DARKNESS, LIGHTED ROAD","ANGLE","NOT DIVIDED",,"STRAIGHT AND LEVEL","DRY","NO DEFECTS","NOT ON SCENE (DESK REPORT)","NO INJURY / DRIVE AWAY",,,,"OVER $1,500","2026-02-13T19:40:00.000","UNABLE TO DETERMINE","UNABLE TO DETERMINE","10000","S","STATE ST","511",,,,,,,"2","NO INDICATION OF INJURY","0","0","0","0","0","3","0","18","6","2","41.7125788384","-87.6237768314","POINT (-87.623776831423 41.712578838415)"
"a0a6458fd5f3dec648edb2f0b60a8018d70878cfdfa32ef92cf6a843ed9ea79f9110d03edc5ce08584a494bdb85c79fad6df05ff8b03f0da83446ed74690bb05",,"2026-02-13T18:13:00.000","30","NO CONTROLS","NO CONTROLS","CLEAR","DARKNESS, LIGHTED ROAD","SIDESWIPE SAME DIRECTION","NOT DIVIDED",,"STRAIGHT AND LEVEL","DRY","UNKNOWN","ON SCENE","NO INJURY / DRIVE AWAY",,,"Y","OVER $1,500","2026-02-13T18:13:00.000","UNABLE TO DETERMINE","NOT APPLICABLE","6552","N","SHERIDAN RD","2432",,,,,,,"2","NO INDICATION OF INJURY","0","0","0","0","0","3","0","18","6","2","42.0016681152","-87.660896871","POINT (-87.66089687098 42.001668115243)"
"484401dbb99dd72a646e14145e83010ceda7309cfc1041da4adae08da53521e672d454ca70620f6dbd161a88d092af211d3d333b8692f990ca28af82615d6150",,"2026-02-13T18:12:00.000","30","STOP SIGN/FLASHER","FUNCTIONING PROPERLY","CLEAR","DARKNESS, LIGHTED ROAD","ANGLE","NOT DIVIDED",,"STRAIGHT AND LEVEL","DRY","NO DEFECTS","ON SCENE","INJURY AND / OR TOW DUE TO CRASH","Y",,,"OVER $1,500","2026-02-13T18:12:00.000","FAILING TO YIELD RIGHT-OF-WAY","NOT APPLICABLE","4101","N","PULASKI RD","1723",,,,,,,"2","REPORTED, NOT EVIDENT","1","0","0","0","1","1","0","18","6","2","41.9555697727","-87.7275239769","POINT (-87.727523976932 41.955569772732)"
"f0707fe82a366158b384fde0c67df39edbe490dc597c19c21e9b41b8742549c1177311d27ed155fa2f49a7c2335d31fc9156ba59fe6e4382d437e9779973b8b9",,"2026-02-13T18:10:00.000","30","NO CONTROLS","NO CONTROLS","CLEAR","DUSK","SIDESWIPE SAME DIRECTION","NOT DIVIDED",,"STRAIGHT AND LEVEL","DRY","NO DEFECTS","ON SCENE","NO INJURY / DRIVE AWAY",,,"Y","$500 OR LESS","2026-02-13T18:13:00.000","NOT APPLICABLE","NOT APPLICABLE","9137","S","COTTAGE GROVE AVE","633",,,,,,,"2","NO INDICATION OF INJURY","0","0","0","0","0","2","0","18","6","2","41.7282252792","-87.6044727452","POINT (-87.604472745199 41.72822527917)"
"204c5421813b50b2421b0977c7fc61b264cde59ed1b61045d9447c3196449b327b5d6475d19d7d01f32b32f068a73a9f1bba56ff1fb1801368185e63d23b54cc",,"2026-02-13T18:05:00.000","30","NO CONTROLS","NO CONTROLS","CLEAR","DARKNESS","TURNING","NOT DIVIDED",,"STRAIGHT AND LEVEL","DRY","NO DEFECTS","ON SCENE","NO INJURY / DRIVE AWAY",,,"Y","$501 - $1,500","2026-02-14T08:30:00.000","DRIVING SKILLS/KNOWLEDGE/EXPERIENCE","UNABLE TO DETERMINE","130","E","71ST ST","322",,,,,,,"2","NO INDICATION OF INJURY","0","0","0","0","0","2","0","18","6","2","41.76571748","-87.6203496435","POINT (-87.620349643544 41.765717479994)"
"1afdd79928e3de5dc565c0b335f603e203613e7b9c926f21f2e32930eff20279f9f72ec048fdfabb0a379b6b841836e44044f9344d66bfe68bc81d0e44754f01",,"2026-02-13T18:00:00.000","30","TRAFFIC SIGNAL","FUNCTIONING PROPERLY","CLEAR","DAYLIGHT","TURNING","FOUR WAY",,"STRAIGHT AND LEVEL","DRY","NO DEFECTS","NOT ON SCENE (DESK REPORT)","NO INJURY / DRIVE AWAY",,,,"OVER $1,500","2026-02-14T11:00:00.000","UNABLE TO DETERMINE","NOT APPLICABLE","2291","N","NARRAGANSETT AVE","2512",,,,,,,"2","NO INDICATION OF INJURY","0","0","0","0","0","4","0","18","6","2","41.9217742409","-87.7852386765","POINT (-87.785238676461 41.921774240924)"
"428e401ae95852511310ff3f49854ea4e162843aacf8d1064cfece4a645b400de842da545bf35430fff559c5501270376e0bdf04a7c50d1a188b996f8f421a0c",,"2026-02-13T18:00:00.000","30","NO CONTROLS","NO CONTROLS","CLEAR","DARKNESS, LIGHTED ROAD","TURNING","NOT DIVIDED",,"STRAIGHT AND LEVEL","DRY","UNKNOWN","NOT ON SCENE (DESK REPORT)","NO INJURY / DRIVE AWAY","Y",,,"OVER $1,500","2026-02-14T01:25:00.000","FAILING TO YIELD RIGHT-OF-WAY","NOT APPLICABLE","5901","N","NAGLE AVE","1622",,,,,,,"2","NO INDICATION OF INJURY","0","0","0","0","0","2","0","18","6","2","41.9884174362","-87.7874850188","POINT (-87.787485018781 41.988417436227)"
"5d567f4f0e2224cc36dfaf53a47bb01b247ce2d7d70254445d3de2348ac8a74e20497ec13be0530d4b7ffc150daa2db2bd6b5d8026f9686a0234e784e29ca252",,"2026-02-13T18:00:00.000","25","NO CONTROLS","NO CONTROLS","CLEAR","DARKNESS, LIGHTED ROAD","PARKED MOTOR VEHICLE","NOT DIVIDED",,"STRAIGHT AND LEVEL","DRY","NO DEFECTS","ON SCENE","NO INJURY / DRIVE AWAY",,,,"$501 - $1,500","2026-02-13T18:39:00.000","IMPROPER BACKING","UNABLE TO DETERMINE","2500","W","LUNT AVE","2411",,,,,,,"2","NO INDICATION OF INJURY","0","0","0","0","0","2","0","18","6","2","42.008714398","-87.6926895802","POINT (-87.692689580183 42.008714397998)"