"crash_record_id","crash_date_est_i","crash_date","posted_speed_limit","traffic_control_device","device_condition","weather_condition","lighting_condition","first_crash_type","trafficway_type","lane_cnt","alignment","roadway_surface_cond","road_defect","report_type","crash_type","intersection_related_i","private_property_i","hit_and_run_i","damage","date_police_notified","prim_contributory_cause","sec_contributory_cause","street_no","street_direction","street_name","beat_of_occurrence","photos_taken_i","statements_taken_i","dooring_i","work_zone_i","work_zone_type","workers_present_i","num_units","most_severe_injury","injuries_total","injuries_fatal","injuries_incapacitating","injuries_non_incapacitating","injuries_reported_not_evident","injuries_no_indication","injuries_unknown","crash_hour","crash_day_of_week","crash_month","latitude","longitude","location"
"ea3cf3a53bcf5aa79349dd36807d83d779ccf80256041b04612b92bf7bbbdc14678f45108cbecb82005a2d2ec04999ed46cf57dc690b7beee29c83f3a527881d",,"2026-02-13T18:00:00.000","30","TRAFFIC SIGNAL","FUNCTIONING PROPERLY","CLEAR","DAWN","SIDESWIPE SAME DIRECTION","ONE-WAY",,"STRAIGHT AND LEVEL","DRY","NO DEFECTS","NOT ON SCENE (DESK REPORT)","NO INJURY / DRIVE AWAY",,,,"OVER $1,500","2026-02-13T18:30:00.000","UNABLE TO DETERMINE","NOT APPLICABLE","200","W","GRAND AVE","1831",,,,,,,"2","NO INDICATION OF INJURY","0","0","0","0","0","2","0","18","6","2","41.8916961121","-87.634145905","POINT (-87.634145905035 41.891696112063)"
"ea413bd4db1055f201198907a1ccc6415d56a857a978809af9791277e2163c24e5b319a4812deb1ec3ae0e9311bc8a5c4225f3a43babc7ba05e2496ee8daaea7",,"2026-02-13T18:00:00.000","30","NO CONTROLS","NO CONTROLS","CLEAR","DAWN","PARKED MOTOR VEHICLE","PARKING LOT",,"STRAIGHT AND LEVEL","DRY","NO DEFECTS","NOT ON SCENE (DESK REPORT)","NO INJURY / DRIVE AWAY",,,"Y","$500 OR LESS","2026-02-13T18:40:00.000","UNABLE TO DETERMINE","UNABLE TO DETERMINE","700","E","103RD ST","511",,,,,,,"2","NO INDICATION OF INJURY","0","0","0","0","0","1","0","18","6","2","41.7075462657","-87.606397254","POINT (-87.606397254007 41.707546265661)"
"cff22b349ea544d66cb7edc474a41dd9024e0b27029a7f0f62ca1e5e598c2b6e35d8c6ad8543634fb919c91189069c9039f835d6e4dae39c7d5abe7b96400a2b",,"2026-02-13T17:55:00.000","30","TRAFFIC SIGNAL","FUNCTIONING PROPERLY","CLEAR","DAYLIGHT","REAR END","DIVIDED - W/MEDIAN (NOT RAISED)",,"STRAIGHT AND LEVEL","DRY","NO DEFECTS",,"NO INJURY / DRIVE AWAY",,,,"OVER $1,500","2026-02-14T14:30:00.000","UNABLE TO DETERMINE","UNABLE TO DETERMINE","1202","N","LA SALLE DR","1821",,,,,,,"2","NO INDICATION OF INJURY","0","0","0","0","0","2","0","17","6","2","41.9040237263","-87.6330726117","POINT (-87.633072611652 41.904023726264)"
"1470c542d5ce01d6e91cdc29656247eb841050a01f14517f4268acc633bef7924dc432c128539e4fe0ad517e121484da4fca0241e285a7178284cbc97e1ed61e",,"2026-02-13T17:45:00.000","30","UNKNOWN","UNKNOWN","UNKNOWN","UNKNOWN","PARKED MOTOR VEHICLE","UNKNOWN",,"STRAIGHT AND LEVEL","UNKNOWN","UNKNOWN","NOT ON SCENE (DESK REPORT)","NO INJURY / DRIVE AWAY",,,,"OVER $1,500","2026-02-13T18:05:00.000","UNABLE TO DETERMINE","UNABLE TO DETERMINE","6500","S","CALIFORNIA AVE","831",,,,,,,"2","NO INDICATION OF INJURY","0","0","0","0","0","1","0","17","6","2","41.7753559462","-87.693442322","POINT (-87.693442322035 41.775355946163)"
"5eeb759c6ddf612c2d2c12d01253b71e0da16e413cb5be554dfd2fe3402a89b4536ffeb6f4c90b751a67fb208ed0faba5552ebd79230545fb14ec9014741a943",,"2026-02-13T17:45:00.000","30","TRAFFIC SIGNAL","FUNCTIONING PROPERLY","CLEAR","DARKNESS, LIGHTED ROAD","TURNING","FOUR WAY",,"STRAIGHT AND LEVEL","DRY","NO DEFECTS","NOT ON SCENE (DESK REPORT)","NO INJURY / DRIVE AWAY","Y",,,"OVER $1,500","2026-02-13T20:46:00.000","IMPROPER TURNING/NO SIGNAL","UNABLE TO DETERMINE","5150","W","GRAND AVE","2522",,,,,,,"2","NO INDICATION OF INJURY","0","0","0","0","0","2","0","17","6","2","41.9169944322","-87.7553869486","POINT (-87.755386948569 41.916994432183)"
"ac587fe03d5e077cf236d04b610c069a2a8bc6fc3c9956cb46535cfac3ddeddb8e92e3fc4c9e4ceaa51ea782a185539a2fde6092c11789841de37309c8608abf",,"2026-02-13T17:45:00.000","30","NO CONTROLS","NO CONTROLS","CLEAR","DARKNESS, LIGHTED ROAD","TURNING","FOUR WAY",,"STRAIGHT AND LEVEL","UNKNOWN","UNKNOWN","NOT ON SCENE (DESK REPORT)","NO INJURY / DRIVE AWAY",,,,"OVER $1,500","2026-02-13T18:20:00.000","IMPROPER OVERTAKING/PASSING","FAILING TO YIELD RIGHT-OF-WAY","6300","S","SEELEY AVE","726",,,,,,,"2","NO INDICATION OF INJURY","0","0","0","0","0","2","0","17","6","2","41.7792115162","-87.6752671643","POINT (-87.675267164283 41.779211516206)"
"282dbe6074e74e0fe9659f8d28e72d7f06882097920e99ae4076d15eb0efd6b0ef4498ce39b32b164a21e2a375318757f5b298866b7375146c57c287a9cbfb94",,"2026-02-13T17:43:00.000","30","NO CONTROLS","NO CONTROLS","CLEAR","DARKNESS, LIGHTED ROAD","PARKED MOTOR VEHICLE","ONE-WAY",,"STRAIGHT AND LEVEL","DRY","NO DEFECTS",,"NO INJURY / DRIVE AWAY",,,,"OVER $1,500","2026-02-13T17:44:00.000","DRIVING SKILLS/KNOWLEDGE/EXPERIENCE","DRIVING SKILLS/KNOWLEDGE/EXPERIENCE","13539","S","BUFFALO AVE","433",,,,,,,"2","NO INDICATION OF INJURY","0","0","0","0","0","1","0","17","6","2","41.6488567252","-87.5433692327","POINT (-87.543369232707 41.648856725175)"
"d24f2c05dd0e49a8d5a9a7c40e734363075cb92bba46e0ce4e4eade5eab7160463fd41ad4d9f2dec6d71b91e713231de6162a6316033bc8188bdcc2ab38690ed",,"2026-02-13T17:40:00.000","30","TRAFFIC SIGNAL","FUNCTIONING PROPERLY","CLEAR","DARKNESS, LIGHTED ROAD","TURNING","DIVIDED - W/MEDIAN (NOT RAISED)",,"STRAIGHT AND LEVEL","DRY","NO DEFECTS","ON SCENE","INJURY AND / OR TOW DUE TO CRASH",,,,"OVER $1,500","2026-02-13T17:55:00.000","UNABLE TO DETERMINE","UNABLE TO DETERMINE","2001","W","CERMAK RD","1034",,,,,,,"2","REPORTED, NOT EVIDENT","1","0","0","0","1","1","0","17","6","2","41.8520640214","-87.6759594013","POINT (-87.675959401283 41.852064021354)"
"073d88c6aa39d70ad68c6f7c82d01ab10367e3ce99d52888e28dfe3d92159ea3e34fd20d2551e602b740e4d8968e3fac1b05b90ad994dd213b6afa0daa531063",,"2026-02-13T17:39:00.000","30","TRAFFIC SIGNAL","FUNCTIONING PROPERLY","CLEAR","DARKNESS, LIGHTED ROAD","SIDESWIPE SAME DIRECTION","ONE-WAY",,"STRAIGHT AND LEVEL","DRY","NO DEFECTS","ON SCENE","NO INJURY / DRIVE AWAY",,,"Y","$501 - $1,500","2026-02-13T17:40:00.000","OPERATING VEHICLE IN ERRATIC, RECKLESS, CARELESS, NEGLIGENT OR AGGRESSIVE MANNER","NOT APPLICABLE","4202","W","CONGRESS PKWY","1132",,,,,,,"2","NO INDICATION OF INJURY","0","0","0","0","0","2","0","17","6","2","41.8744064019","-87.7305471672","POINT (-87.730547167162 41.874406401861)"
"0b95324e8b9319f7959f189084c30c51ee252fa140332ece65c26bbcf2af8798652c86f0afa87dce07046ebd9c8f007008df4f0c900a82d79869bdc5e93f721a",,"2026-02-13T17:35:00.000","30","NO CONTROLS","NO CONTROLS","CLEAR","DAWN","SIDESWIPE SAME DIRECTION","DIVIDED - W/MEDIAN (NOT RAISED)",,"STRAIGHT AND LEVEL","DRY","UNKNOWN","ON SCENE","INJURY AND / OR TOW DUE TO CRASH",,,,"OVER $1,500","2026-02-13T17:49:00.000","FAILING TO YIELD RIGHT-OF-WAY","NOT APPLICABLE","3426","W","MONTROSE AVE","1723",,,,,,,"2","NO INDICATION OF INJURY","0","0","0","0","0","2","0","17","6","2","41.9612240398","-87.7143046371","POINT (-87.714304637098 41.961224039764)"
"c1f6dddb6eb5fe9985c6575be12cd0842c0b07a5ea6705824b930f779d8b42fc411251937c229a955dc90a5e3fe481b3927a600fe7eb26a592fd2f95c405fca6",,"2026-02-13T17:33:00.000","30","TRAFFIC SIGNAL","FUNCTIONING PROPERLY","CLEAR","DAYLIGHT","REAR END","FOUR WAY",,"STRAIGHT AND LEVEL","DRY","NO DEFECTS","ON SCENE","NO INJURY / DRIVE AWAY","Y",,,"OVER $1,500","2026-02-13T17:33:00.000","FOLLOWING TOO CLOSELY","FOLLOWING TOO CLOSELY","2001","N","HUMBOLDT BLVD","1414",,,,,,,"3","NO INDICATION OF INJURY","0","0","0","0","0","4","0","17","6","2","41.9174990528","-87.7019437474","POINT (-87.701943747437 41.917499052819)"
"7bc848cd772b3eb8fba18b6fadb4d61ec08ea174157b02ae3ea7a8f92fe9548e3980ce3550779292d920a2a3b5aa3fcce2e0fb5c48b00e3accda62faceb9f962",,"2026-02-13T17:31:00.000","35","NO CONTROLS","NO CONTROLS","CLEAR","DARKNESS, LIGHTED ROAD","SIDESWIPE OPPOSITE DIRECTION","NOT DIVIDED",,"STRAIGHT AND LEVEL","DRY","UNKNOWN","ON SCENE","INJURY AND / OR TOW DUE TO CRASH",,,,"OVER $1,500","2026-02-13T17:36:00.000","UNABLE TO DETERMINE","UNABLE TO DETERMINE","6317","S","HARLEM AVE","812",,,,,,,"2","REPORTED, NOT EVIDENT","1","0","0","0","1","2","0","17","6","2","41.7768568897","-87.8007222996","POINT (-87.800722299636 41.776856889659)"
"0a39d7798d71d96cd7f8ceab5150bb9b70b70f23a0c73864a2a445d6709f077295fc7851257f487f12373a982236d30271437aa9317b6aeea3016c776cb6ad45",,"2026-02-13T17:30:00.000","30","TRAFFIC SIGNAL","FUNCTIONING PROPERLY","CLEAR","DUSK","REAR END","NOT DIVIDED",,"STRAIGHT AND LEVEL","DRY","NO DEFECTS","NOT ON SCENE (DESK REPORT)","NO INJURY / DRIVE AWAY",,,"Y","OVER $1,500","2026-02-13T18:20:00.000","UNABLE TO DETERMINE","NOT APPLICABLE","3348","S","PULASKI RD","1031",,,,,,,"2","NO INDICATION OF INJURY","0","0","0","0","0","2","0","17","6","2","41.8321440313","-87.7243959235","POINT (-87.724395923478 41.832144031294)"
"2eb20a8aa04d83818bfb97893e9f9ec35d71a94b738ed8100d2a3e4f2481eb543156dd50b8a0566372a3f9d8eb50e05bc675decd31d212de0570bd6f91d9c304",,"2026-02-13T17:30:00.000","30","TRAFFIC SIGNAL","FUNCTIONING PROPERLY","CLEAR","DAYLIGHT","TURNING","FOUR WAY",,"STRAIGHT AND LEVEL","DRY","NO DEFECTS","NOT ON SCENE (DESK REPORT)","NO INJURY / DRIVE AWAY","Y",,,"$501 - $1,500","2026-02-13T17:30:00.000","FAILING TO YIELD RIGHT-OF-WAY","FAILING TO YIELD RIGHT-OF-WAY","499","W","ROOSEVELT RD","124",,,,,,,"2","NO INDICATION OF INJURY","0","0","0","0","0","2","0","17","6","2","41.8671439789","-87.6391332651","POINT (-87.639133265083 41.867143978896)"
"d8d418861127371ca0c70ccfdc44a9687648786dc7644e2bb026af4c86aa257e886d3374ad40ffba6255e58449f5d7fd0cf1d2f58b859125cf7d693ed1a8202c",,"2026-02-13T17:30:00.000","30","TRAFFIC SIGNAL","FUNCTIONING PROPERLY","CLEAR","DAYLIGHT","PEDESTRIAN","FOUR WAY",,"STRAIGHT AND LEVEL","DRY","UNKNOWN","NOT ON SCENE (DESK REPORT)","INJURY AND / OR TOW DUE TO CRASH",,,"Y","$500 OR LESS","2026-02-13T23:30:00.000","UNABLE TO DETERMINE","UNABLE TO DETERMINE","5100","S","ARCHER AVE","815",,,,,,,"2","REPORTED, NOT EVIDENT","1","0","0","0","1","1","0","17","6","2","41.8009278452","-87.729129081","POINT (-87.729129080982 41.800927845204)"
"9a70a0281a5e45e3f350644b43c3dbdd5e1793b0f8ade831f427ec4c9c1d531c613ddf345be921e608527f03b0a5bc7e330f21255fb0fc521468c02e477721bb",,"2026-02-13T17:25:00.000","30","TRAFFIC SIGNAL","FUNCTIONING PROPERLY","CLEAR","DARKNESS, LIGHTED ROAD","TURNING","FOUR WAY",,"STRAIGHT AND LEVEL","DRY","NO DEFECTS","NOT ON SCENE (DESK REPORT)","NO INJURY / DRIVE AWAY","Y",,,"OVER $1,500","2026-02-13T17:50:00.000","UNABLE TO DETERMINE","UNABLE TO DETERMINE","2105","S","ARCHER AVE","914",,,,,,,"2","NO INDICATION OF INJURY","0","0","0","0","0","2","0","17","6","2","41.854079121","-87.6320338527","POINT (-87.632033852685 41.854079121013)"
"68f71c15e11c116a68c2fa354c6f7884593c129c4cc11369c7f6cbe5228e494edc3d0edd840243649ff33201348ac94589a30c4ffc4523c2ed95c00947bf8141",,"2026-02-13T17:21:00.000","40","NO CONTROLS","NO CONTROLS","CLEAR","DUSK","REAR END","DIVIDED - W/MEDIAN BARRIER",,"STRAIGHT AND LEVEL","DRY","NO DEFECTS","NOT ON SCENE (DESK REPORT)","NO INJURY / DRIVE AWAY",,,,"OVER $1,500","2026-02-13T18:00:00.000","FOLLOWING TOO CLOSELY","FAILING TO REDUCE SPEED TO AVOID CRASH","861","S","LAKE SHORE DR NB","114",,,,,,,"2","NO INDICATION OF INJURY","0","0","0","0","0","2","0","17","6","2","41.8712051687","-87.6168705827","POINT (-87.616870582703 41.871205168732)"
"079542b56cab6ed7a10803faee3be5ec12f98776682712becd9e1616fc33056266933604b1bc64bd8d262adaec399a3737997b94836710161af11bf27471c36d",,"2026-02-13T17:20:00.000","20","STOP SIGN/FLASHER","FUNCTIONING PROPERLY","UNKNOWN","DUSK","ANGLE","FOUR WAY",,"STRAIGHT AND LEVEL","UNKNOWN","UNKNOWN","NOT ON SCENE (DESK REPORT)","NO INJURY / DRIVE AWAY","Y",,"Y","OVER $1,500","2026-02-16T14:45:00.000","UNABLE TO DETERMINE","NOT APPLICABLE","6100","W","SCHUBERT AVE","2512",,,,,,,"2","NO INDICATION OF INJURY","0","0","0","0","0","2","0","17","6","2","41.9293843994","-87.7783977231","POINT (-87.778397723075 41.929384399392)"
"e01311ed392c1e0b7a8fa6abd0b17e572234de4ee1e722340cd9108784133cc7630361ce8356e0eb7c576aad49d645d5c16596f96eacad7b650ebd159a728bdf",,"2026-02-13T17:20:00.000","30","TRAFFIC SIGNAL","FUNCTIONING PROPERLY","CLEAR","DARKNESS, LIGHTED ROAD","SIDESWIPE SAME DIRECTION","DIVIDED - W/MEDIAN BARRIER",,"STRAIGHT AND LEVEL","DRY","NO DEFECTS","ON SCENE","NO INJURY / DRIVE AWAY",,,"Y","OVER $1,500","2026-02-13T17:29:00.000","IMPROPER OVERTAKING/PASSING","UNABLE TO DETERMINE","9456","S","ASHLAND AVE","2221",,,,,,,"2","NO INDICATION OF INJURY","0","0","0","0","0","4","0","17","6","2","41.7213597014","-87.6628348478","POINT (-87.662834847767 41.721359701435)"
"5da3c045670d8d04353988d1c91702faf6cb2f2abad5e44ca165cb3ca7fbac8086c6b7f1198db2d0b5a4a5a959cc037e78ecbb39dddd21ec650e08d171ec8279",,"2026-02-13T17:19:00.000","30","TRAFFIC SIGNAL","FUNCTIONING IMPROPERLY","CLEAR","DAYLIGHT","ANGLE","FOUR WAY",,"STRAIGHT AND LEVEL","DRY","UNKNOWN","ON SCENE","NO INJURY / DRIVE AWAY","Y",,"Y","OVER $1,500","2026-02-13T17:22:00.000","UNABLE TO DETERMINE","UNABLE TO DETERMINE","2799","W","OGDEN AVE","1023",,,,,,,"2","NO INDICATION OF INJURY","0","0","0","0","0","3","0","17","6","2","41.8612403429","-87.6956287254","POINT (-87.695628725439 41.861240342925)"
"cca7d7a3fa6585630694515dbc8f68a1a0b0403d4d015d2bbd75c1772bfb9fbd834910d445a741588593ea562a86b6b55e1681fe24747eaa5609c7967cb0897f",,"2026-02-13T17:18:00.000","30","NO CONTROLS","NO CONTROLS","CLEAR","DAYLIGHT","TURNING","NOT DIVIDED",,"STRAIGHT AND LEVEL","DRY","NO DEFECTS","ON SCENE","NO INJURY / DRIVE AWAY",,,,"$500 OR LESS","2026-02-13T17:23:00.000","IMPROPER TURNING/NO SIGNAL","NOT APPLICABLE","2625","N","WESTERN AVE","1432",,,,,,,"2","NO INDICATION OF INJURY","0","0","0","0","0","2","0","17","6","2","41.9295562574","-87.687660331","POINT (-87.687660330963 41.929556257426)"
"1b9e91154b91a99ef859902b339e478b62fdfd59534724a1d75995d860e0441fc4c45a13299b542fc959d660f65eade82c9206d38c1b61dd2f0e4f0a38ad4ca1",,"2026-02-13T17:15:00.000","30","NO CONTROLS","NO CONTROLS","CLEAR","DAYLIGHT","PARKED MOTOR VEHICLE","NOT DIVIDED",,"STRAIGHT AND LEVEL","DRY","NO DEFECTS","NOT ON SCENE (DESK REPORT)","NO INJURY / DRIVE AWAY",,"Y",,"OVER $1,500","2026-02-13T17:45:00.000","UNABLE TO DETERMINE","NOT APPLICABLE","3145","S","ASHLAND AVE","912",,,,,,,"2","NO INDICATION OF INJURY","0","0","0","0","0","1","0","17","6","2","41.8364683477","-87.6655669021","POINT (-87.665566902132 41.836468347729)"
"9ac4da7da4e387457e0e7d3e39b442ac12a54bb9b4106bf1d5b48921cf2a2d285457837ac8f3813742d0e729784d22916410c3ed53b4c92e255fa856efa6f484",,"2026-02-13T17:09:00.000","30","NO CONTROLS","NO CONTROLS","CLEAR","DAYLIGHT","SIDESWIPE SAME DIRECTION","DIVIDED - W/MEDIAN (NOT RAISED)",,"STRAIGHT AND LEVEL","DRY","NO DEFECTS","ON SCENE","INJURY AND / OR TOW DUE TO CRASH","N",,,"$501 - $1,500","2026-02-13T17:14:00.000","IMPROPER LANE USAGE","FOLLOWING TOO CLOSELY","632","S","CLARK ST","123","N","N",,,,,"3","NONINCAPACITATING INJURY","1","0","0","1","0","2","0","17","6","2","41.8738895224","-87.6308023503","POINT (-87.630802350336 41.873889522404)"
"552e80c1bc20b5bd3e966bd4a9b3cb16911237fd5afd929ca4268f842ec8e9244fb63f45f12ac0d4301cf9adcb0850699587d4357702c58d304975b9fdc8d4eb",,"2026-02-13T17:07:00.000","30","NO CONTROLS","NO CONTROLS","CLEAR","DAYLIGHT","TURNING","NOT DIVIDED",,"STRAIGHT AND LEVEL","DRY","NO DEFECTS","ON SCENE","NO INJURY / DRIVE AWAY",,,,"OVER $1,500","2026-02-13T17:16:00.000","UNABLE TO DETERMINE","NOT APPLICABLE","2472","N","CLYBOURN AVE","1931",,,,,,,"2","NO INDICATION OF INJURY","0","0","0","0","0","2","0","17","6","2","41.9265803951","-87.6715335261","POINT (-87.671533526067 41.926580395083)"
"0eca085552c7bbfee1f95bf2ff8f573ce25cfd6ed24f33c16bf639bc5d9dd926949b85e5427de8005fba17e1662cdff940dc5eca3f2da8e62419dc77571d50ff",,"2026-02-13T17:00:00.000","30","TRAFFIC SIGNAL","FUNCTIONING PROPERLY","CLEAR","DUSK","REAR END","NOT DIVIDED",,"STRAIGHT AND LEVEL","DRY","NO DEFECTS","NOT ON SCENE (DESK REPORT)","NO INJURY / DRIVE AWAY",,,"N","$501 - $1,500","2026-02-13T17:34:00.000","FOLLOWING TOO CLOSELY","NOT APPLICABLE","6100","S","KEDZIE AVE","823",,,,,,,"2","NO INDICATION OF INJURY","0","0","0","0","0","5","0","17","6","2","41.7825569013","-87.703389652","POINT (-87.703389652003 41.782556901255)"
"2e880e5d947355a35fd6892f3a9e479c167b811bbd5bb706ac9d5826e30357aad050eaaab7266541600535c7343c7c1231c929030d3a3ba2d2b49b7d0c542ea5",,"2026-02-13T17:00:00.000","30","NO CONTROLS","NO CONTROLS","CLEAR","DAYLIGHT","PARKED MOTOR VEHICLE","NOT DIVIDED",,"STRAIGHT AND LEVEL","DRY","UNKNOWN","ON SCENE","NO INJURY / DRIVE AWAY",,,"Y","OVER $1,500","2026-02-13T17:15:00.000","IMPROPER LANE USAGE","NOT APPLICABLE","6015","W","IRVING PARK RD","1633",,,,,,,"2","NO INDICATION OF INJURY","0","0","0","0","0","1","0","17","6","2","41.952931826","-87.7773852189","POINT (-87.777385218902 41.952931826046)"
"8cb4811222d1da02b9c6b085eaae7b64557869943bea09e9cb0d6cb5fc53f67a2ca4e7bdd5c113c49b781c591db67e27e23367a1776c48c350cd2996d01ed30b",,"2026-02-13T17:00:00.000","25","NO CONTROLS","NO CONTROLS","CLEAR","DARKNESS, LIGHTED ROAD","SIDESWIPE OPPOSITE DIRECTION","NOT DIVIDED",,"STRAIGHT AND LEVEL","DRY","NO DEFECTS","NOT ON SCENE (DESK REPORT)","NO INJURY / DRIVE AWAY",,,,"$501 - $1,500","2026-02-13T19:54:00.000","FAILING TO REDUCE SPEED TO AVOID CRASH","NOT APPLICABLE","4807","W","AINSLIE ST","1623",,,,,,,"2","NO INDICATION OF INJURY","0","0","0","0","0","3","0","17","6","2","41.9697377706","-87.748201978","POINT (-87.748201977965 41.969737770645)"
"d2d0637950967f6546ec9864e675ea09fafd54a14fef6f758ee718d9129396a3a6ad864e846a2b3c5a3427b4cad898b35e759fbee727c682982f715ede42499f",,"2026-02-13T17:00:00.000","30","NO CONTROLS","NO CONTROLS","CLEAR","DAYLIGHT","PARKED MOTOR VEHICLE","NOT DIVIDED",,"STRAIGHT AND LEVEL","DRY","NO DEFECTS","NOT ON SCENE (DESK REPORT)","NO INJURY / DRIVE AWAY",,,,"OVER $1,500","2026-02-17T17:10:00.000","DRIVING SKILLS/KNOWLEDGE/EXPERIENCE","NOT APPLICABLE","2406","N","GREENVIEW AVE","1932",,,,,,,"2","NO INDICATION OF INJURY","0","0","0","0","0","1","0","17","6","2","41.9254138696","-87.6658963134","POINT (-87.665896313443 41.925413869596)"
"f5037560df145d195ef90f118e1f0a7cd9b5fd20267b7dcdadcb199a66ad0cfd53d53503d9a06fa5e978cb617c034c87a572922ea8772dd4eacd11c4c1f6c205","Y","2026-02-13T17:00:00.000","25","NO CONTROLS","NO CONTROLS","CLEAR","UNKNOWN","PARKED MOTOR VEHICLE","NOT DIVIDED",,"STRAIGHT AND LEVEL","DRY","UNKNOWN","NOT ON SCENE (DESK REPORT)","NO INJURY / DRIVE AWAY",,,"Y","OVER $1,500","2026-02-19T16:30:00.000","UNABLE TO DETERMINE","UNABLE TO DETERMINE","3610","N","CHRISTIANA AVE","1733",,,,,,,"2","NO INDICATION OF INJURY","0","0","0","0","0","1","0","17","6","2","41.9469553341","-87.7116522025","POINT (-87.71165220247 41.946955334063)"
"dab1fd5083d494ac04b9524e279d5e4e5c56c1f308f135797fa78c683c47a728ae71ac2cf21270f99d73b6530bb8a73a62b0b712d8fcce59e37d84e709fc8e20",,"2026-02-13T16:55:00.000","30","NO CONTROLS","NO CONTROLS","CLEAR","DARKNESS, LIGHTED ROAD","PARKED MOTOR VEHICLE","NOT DIVIDED",,"STRAIGHT AND LEVEL","DRY","UNKNOWN","ON SCENE","NO INJURY / DRIVE AWAY",,,,"$501 - $1,500","2026-02-13T18:55:00.000","UNABLE TO DETERMINE","UNABLE TO DETERMINE","5747","S","HALSTED ST","711",,,,,,,"2","NO INDICATION OF INJURY","0","0","0","0","0","1","0","16","6","2","41.7892786287","-87.6448818735","POINT (-87.644881873494 41.789278628651)"
"201b5acd6da0b435d22603b6a29e259fcc2738f6ba01ba3e260a7cc95f50019d2f7314a3d47b1b922ae3f81e22b1c293465ad9c073d986eaacb58ce7053ba3b1",,"2026-02-13T16:52:00.000","30","TRAFFIC SIGNAL","FUNCTIONING PROPERLY","CLEAR","DAYLIGHT","SIDESWIPE SAME DIRECTION","NOT DIVIDED",,"STRAIGHT AND LEVEL","DRY","UNKNOWN","NOT ON SCENE (DESK REPORT)","NO INJURY / DRIVE AWAY",,,,"$500 OR LESS","2026-02-14T16:51:00.000","UNABLE TO DETERMINE","UNABLE TO DETERMINE","3030","S","KEDZIE AVE","1032",,,,,,,"2","NO INDICATION OF INJURY","0","0","0","0","0","2","0","16","6","2","41.8381141517","-87.7049944648","POINT (-87.704994464765 41.838114151734)"
"1e7abca797e084ce6856ae58a577b9bd772dd80aeebbb08a2d1347d1a2ff0008b4c9a114df1eab2bbb5b7a9ed6c679a68ec380e2491d17e50a320cd0c1880c7f",,"2026-02-13T16:51:00.000","35","NO CONTROLS","NO CONTROLS","CLEAR","DAYLIGHT","TURNING","DIVIDED - W/MEDIAN (NOT RAISED)",,"STRAIGHT AND LEVEL","DRY","NO DEFECTS","ON SCENE","INJURY AND / OR TOW DUE TO CRASH","Y",,,"OVER $1,500","2026-02-13T16:51:00.000","IMPROPER LANE USAGE","NOT APPLICABLE","8400","S","COTTAGE GROVE AVE","632",,,,,,,"2","NO INDICATION OF INJURY","0","0","0","0","0","2","0","16","6","2","41.7420493347","-87.6051231508","POINT (-87.60512315085 41.742049334717)"
"39e533f71ff80de05e5b437b5e4f496a82f60f53570b9257fc80153562e110f16510280354693cb34b6d00ea292bfb56baff6a43785157fa31055b380f69e823",,"2026-02-13T16:50:00.000","30","TRAFFIC SIGNAL","FUNCTIONING PROPERLY","CLEAR","DUSK","TURNING","NOT DIVIDED",,"STRAIGHT AND LEVEL","DRY","NO DEFECTS","NOT ON SCENE (DESK REPORT)","NO INJURY / DRIVE AWAY",,,,"OVER $1,500","2026-02-13T17:40:00.000","IMPROPER OVERTAKING/PASSING","FAILING TO YIELD RIGHT-OF-WAY","2800","S","PULASKI RD","1031",,,,,,,"2","NO INDICATION OF INJURY","0","0","0","0","0","2","0","16","6","2","41.8404708335","-87.7245933661","POINT (-87.724593366145 41.840470833493)"
"f41a16242956d8749403419ba36d33ae8ade3cd330b0f23d3f12029346351f3b65bb83c42c1f534dfa7d9e28d278320ccddb810999f6fd3d10d633a6ba755206",,"2026-02-13T16:50:00.000","30","UNKNOWN","UNKNOWN","UNKNOWN","UNKNOWN","TURNING","NOT DIVIDED",,"STRAIGHT AND LEVEL","UNKNOWN","UNKNOWN","NOT ON SCENE (DESK REPORT)","NO INJURY / DRIVE AWAY",,,,"$500 OR LESS","2026-02-13T17:53:00.000","IMPROPER LANE USAGE","NOT APPLICABLE","100","W","RANDOLPH ST","122",,,,,,,"2","NO INDICATION OF INJURY","0","0","0","0","0","2","0","16","6","2","41.8845862672","-87.6310104459","POINT (-87.631010445886 41.884586267155)"
"8f1e217faff8770b16e96aea3d66d132aba5765e0a15e0fb1b37ed0c3be6f723c77c2ca3b87e093debbfce54c273d9df0f3a166dcfaaad6527f828df6e87bde7",,"2026-02-13T16:46:00.000","30","TRAFFIC SIGNAL","FUNCTIONING PROPERLY","CLEAR","DAYLIGHT","TURNING","NOT DIVIDED",,"STRAIGHT AND LEVEL","DRY","NO DEFECTS",,"INJURY AND / OR TOW DUE TO CRASH","Y",,"Y","OVER $1,500","2026-02-15T12:35:00.000","FAILING TO YIELD RIGHT-OF-WAY","NOT APPLICABLE","7180","W","GRAND AVE","2512",,,,,,,"2","NO INDICATION OF INJURY","0","0","0","0","0","2","0","16","6","2","41.9240211796","-87.8056244063","POINT (-87.805624406301 41.92402117963)"
"94737e189a3504892a806aad9a072fda53b57286952bb95f572bcd44a695f7d8dc9d077ba06908759a24edd43e3c2c25eb6aae462964a5e5ebd9c52587dd8a60",,"2026-02-13T16:42:00.000","30","NO CONTROLS","NO CONTROLS","UNKNOWN","UNKNOWN","REAR END","DIVIDED - W/MEDIAN (NOT RAISED)",,"STRAIGHT AND LEVEL","UNKNOWN","UNKNOWN","NOT ON SCENE (DESK REPORT)","NO INJURY / DRIVE AWAY",,,,"OVER $1,500","2026-02-13T18:15:00.000","DRIVING SKILLS/KNOWLEDGE/EXPERIENCE","UNABLE TO DETERMINE","6971","N","RIDGE BLVD","2424",,,,,,,"2","NO INDICATION OF INJURY","0","0","0","0","0","2","0","16","6","2","42.0084788813","-87.6815266306","POINT (-87.681526630611 42.008478881334)"