"crash_record_id","crash_date_est_i","crash_date","posted_speed_limit","traffic_control_device","device_condition","weather_condition","lighting_condition","first_crash_type","trafficway_type","lane_cnt","alignment","roadway_surface_cond","road_defect","report_type","crash_type","intersection_related_i","private_property_i","hit_and_run_i","damage","date_police_notified","prim_contributory_cause","sec_contributory_cause","street_no","street_direction","street_name","beat_of_occurrence","photos_taken_i","statements_taken_i","dooring_i","work_zone_i","work_zone_type","workers_present_i","num_units","most_severe_injury","injuries_total","injuries_fatal","injuries_incapacitating","injuries_non_incapacitating","injuries_reported_not_evident","injuries_no_indication","injuries_unknown","crash_hour","crash_day_of_week","crash_month","latitude","longitude","location"
"4b585ea3721a9e8e839b21ccd1d599de9d047480731da6fc576a316c6fa99a4e83dfbaaf941106ce7248b4b6a89011c5578d664d0641be99c5ee53299d2e104b",,"2026-02-13T16:40:00.000","45","NO CONTROLS","NO CONTROLS","CLEAR","DAYLIGHT","SIDESWIPE SAME DIRECTION","RAMP",,"STRAIGHT ON GRADE","DRY","NO DEFECTS","ON SCENE","NO INJURY / DRIVE AWAY",,,,"OVER $1,500","2026-02-13T16:40:00.000","UNABLE TO DETERMINE","UNABLE TO DETERMINE","5000","N","LAKE SHORE DR SB","2024",,,,,,,"2","NO INDICATION OF INJURY","0","0","0","0","0","2","0","16","6","2","41.9733917504","-87.6493589489","POINT (-87.649358948908 41.973391750411)"
"9ec1b8449a5f1b6d7703f387eecf6d9a760dfd074c23609a9665f75f96941db6d04ad7625e4dd791826af981125564485e98550c0dace6db2ac88854061626a5",,"2026-02-13T16:40:00.000","30","NO CONTROLS","NO CONTROLS","CLEAR","DUSK","PARKED MOTOR VEHICLE","NOT DIVIDED",,"STRAIGHT AND LEVEL","DRY","NO DEFECTS","NOT ON SCENE (DESK REPORT)","NO INJURY / DRIVE AWAY",,,,"$500 OR LESS","2026-02-13T18:05:00.000","UNABLE TO DETERMINE","NOT APPLICABLE","4131","W","BELMONT AVE","2523",,,,,,,"2","NO INDICATION OF INJURY","0","0","0","0","0","1","0","16","6","2","41.9389378282","-87.7308379525","POINT (-87.73083795252 41.938937828157)"
"c7100c9fbdab012eaf6712e308f82007142bb6df5dc96b985bb337fb979da19b298cec9261326a73a3461645bff34bb96f3a14ee671c56a57aaefb727ef46e2f",,"2026-02-13T16:36:00.000","30","NO CONTROLS","NO CONTROLS","CLEAR","DAYLIGHT","OTHER NONCOLLISION","NOT DIVIDED",,"STRAIGHT AND LEVEL","DRY","NO DEFECTS","ON SCENE","NO INJURY / DRIVE AWAY",,,,"$500 OR LESS","2026-02-13T16:49:00.000","ROAD ENGINEERING/SURFACE/MARKING DEFECTS","NOT APPLICABLE","5745","S","HALSTED ST","711",,,,,,,"3","NO INDICATION OF INJURY","0","0","0","0","0","3","0","16","6","2","41.7893351276","-87.6448833074","POINT (-87.64488330737 41.789335127596)"
"530f6a2bb219738f364a93005ae350848d3c7931afb4a302e54f5035ccff2b854aaa1eedf65287903a75cb4bf04713ebea0a7fd6afc00a8c8c8deccff6b5a67b",,"2026-02-13T16:34:00.000","20","OTHER","UNKNOWN","CLEAR","DAYLIGHT","TURNING","TRAFFIC ROUTE",,"STRAIGHT AND LEVEL","DRY","UNKNOWN","ON SCENE","NO INJURY / DRIVE AWAY","Y",,,"$501 - $1,500","2026-02-13T16:34:00.000","FAILING TO YIELD RIGHT-OF-WAY","FAILING TO YIELD RIGHT-OF-WAY","143","N","CLINTON ST","121",,,,,,,"2","NO INDICATION OF INJURY","0","0","0","0","0","2","0","16","6","2","41.88437586","-87.6411247771","POINT (-87.641124777106 41.884375860033)"
"18d27071848e11181b713c5016cab580a1de21ea2e52987211f327057b6df0edc2cd2d543305778b6775c1207331bc99d1c912c2b240ad7034d04831fe4cbe0a",,"2026-02-13T16:31:00.000","30","NO CONTROLS","NO CONTROLS","CLEAR","DAYLIGHT","SIDESWIPE SAME DIRECTION","NOT DIVIDED",,"STRAIGHT AND LEVEL","DRY","UNKNOWN",,"NO INJURY / DRIVE AWAY",,,,"$501 - $1,500","2026-02-13T16:31:00.000","UNABLE TO DETERMINE","NOT APPLICABLE","1329","W","47TH ST","933",,,,,,,"2","NO INDICATION OF INJURY","0","0","0","0","0","2","0","16","6","2","41.8085753603","-87.6588654039","POINT (-87.658865403909 41.808575360269)"
"0f14c800f0ababed5a561b270830535f49a5e3f46a801521ae4066ac610b1d51d26ed0e171ff7b3a58dfec90c587577910499dfd6991ad57c872dea6f76050fb",,"2026-02-13T16:30:00.000","30","NO CONTROLS","NO CONTROLS","CLEAR","DAYLIGHT","SIDESWIPE SAME DIRECTION","NOT DIVIDED",,"STRAIGHT AND LEVEL","DRY","NO DEFECTS","NOT ON SCENE (DESK REPORT)","NO INJURY / DRIVE AWAY",,,,"OVER $1,500","2026-02-13T17:05:00.000","IMPROPER OVERTAKING/PASSING","NOT APPLICABLE","7098","W","ARCHER AVE","811",,,,,,,"2","NO INDICATION OF INJURY","0","0","0","0","0","4","0","16","6","2","41.7921012169","-87.7989359562","POINT (-87.798935956159 41.792101216946)"
"a79ed635df77f53113c362c05bd40c4ca3510da2992b01dde16aaed9c963a4c221ed5281e5666c99a2d9169cb7b3e92d5f21651cc1ab2d67e1bcb214a2934817",,"2026-02-13T16:30:00.000","20","NO CONTROLS","UNKNOWN","CLEAR","DAYLIGHT","TURNING","DIVIDED - W/MEDIAN (NOT RAISED)",,"STRAIGHT AND LEVEL","UNKNOWN","UNKNOWN","NOT ON SCENE (DESK REPORT)","INJURY AND / OR TOW DUE TO CRASH",,,,"OVER $1,500","2026-02-14T03:00:00.000","FAILING TO YIELD RIGHT-OF-WAY","IMPROPER TURNING/NO SIGNAL","7320","S","MARYLAND AVE","323",,,,,,,"2","REPORTED, NOT EVIDENT","1","0","0","0","1","1","0","16","6","2","41.7615874894","-87.6043681008","POINT (-87.604368100752 41.761587489395)"
"e33d8ec234c7ac1d1c42820ae141b4d01db0c200521e0cc13c66ead99d78f2c8d70db67ff9308713c8da3ca7adfc72b87da38885c924303e9d32b1971146c9fc",,"2026-02-13T16:30:00.000","30","UNKNOWN","UNKNOWN","UNKNOWN","UNKNOWN","REAR END","UNKNOWN",,"STRAIGHT AND LEVEL","UNKNOWN","UNKNOWN","NOT ON SCENE (DESK REPORT)","NO INJURY / DRIVE AWAY",,,,"OVER $1,500","2026-02-13T17:15:00.000","UNABLE TO DETERMINE","UNABLE TO DETERMINE","6190","S","ARCHER AVE","811",,,,,,,"2","NO INDICATION OF INJURY","0","0","0","0","0","2","0","16","6","2","41.794017543","-87.7741473714","POINT (-87.774147371409 41.794017543044)"
"febef72a9d860edafac9d50e473251dffa2736894fed0a785289e81757764de65c1e5614ef0969568b61c3dcf5733534e3dd63b046836ae743deb35737561d4d",,"2026-02-13T16:30:00.000","30","UNKNOWN","UNKNOWN","CLEAR","DAYLIGHT","TURNING","NOT DIVIDED",,"STRAIGHT AND LEVEL","DRY","UNKNOWN","NOT ON SCENE (DESK REPORT)","NO INJURY / DRIVE AWAY","N",,,"$500 OR LESS","2026-02-13T17:40:00.000","UNABLE TO DETERMINE","NOT APPLICABLE","74","W","RANDOLPH ST","111",,,,,,,"2","NO INDICATION OF INJURY","0","0","0","0","0","2","0","16","6","2","41.8845877311","-87.63059617","POINT (-87.630596170034 41.884587731053)"
"d344998da77fc15ec89b2a5573450d9e9e0bd6154f5e6d9d2a54074ee56a009bffd4239c617f38647d907edce77811f4205acd4fd9438cbb6cd8e84ea78a5394",,"2026-02-13T16:29:00.000","25","TRAFFIC SIGNAL","FUNCTIONING PROPERLY","CLEAR","DAYLIGHT","TURNING","NOT DIVIDED",,"STRAIGHT AND LEVEL","DRY","NO DEFECTS","NOT ON SCENE (DESK REPORT)","NO INJURY / DRIVE AWAY","Y",,,"$501 - $1,500","2026-02-13T16:45:00.000","UNABLE TO DETERMINE","UNABLE TO DETERMINE","1200","W","35TH ST","913",,,,,,,"2","NO INDICATION OF INJURY","0","0","0","0","0","3","0","16","6","2","41.830728826","-87.655813252","POINT (-87.655813252029 41.830728825995)"
"3e20811effccd979d31d642f499ebcd9c775f58b330c55ff0474306660e70516d1e45a8769c61f5934bc58a48acb9484b3abf729727788e854b1d164ce7b49b9",,"2026-02-13T16:26:00.000","30","NO CONTROLS","NO CONTROLS","CLEAR","DARKNESS, LIGHTED ROAD","FIXED OBJECT","PARKING LOT",,"STRAIGHT AND LEVEL","DRY","NO DEFECTS","ON SCENE","NO INJURY / DRIVE AWAY",,,,"OVER $1,500","2026-02-13T17:24:00.000","DRIVING ON WRONG SIDE/WRONG WAY","UNABLE TO DETERMINE","151","N","MICHIGAN AVE","114",,"Y",,,,,"1","NO INDICATION OF INJURY","0","0","0","0","0","1","0","16","6","2","41.8845401106","-87.6243085225","POINT (-87.62430852246 41.884540110592)"
"fe3a81de90dcb355f6f31847922f31e1c70ac50660214c6d9533ea32fe8abc5794893564363c883ff3c92e25d56a6e2afba5f17edd185d7e518a275e93faf367",,"2026-02-13T16:25:00.000","30","NO CONTROLS","NO CONTROLS","CLEAR","DAYLIGHT","REAR END","NOT DIVIDED",,"STRAIGHT AND LEVEL","DRY","NO DEFECTS","NOT ON SCENE (DESK REPORT)","INJURY AND / OR TOW DUE TO CRASH",,,"Y","OVER $1,500","2026-02-14T15:12:00.000","FOLLOWING TOO CLOSELY","NOT APPLICABLE","5332","S","WESTERN AVE","923",,,,,,,"2","NONINCAPACITATING INJURY","1","0","0","1","0","4","0","16","6","2","41.7965113617","-87.6842515013","POINT (-87.684251501344 41.796511361703)"
"08a561ce6e7d083df934b25134bf988fa1df3af08a547ebaca0ab7b88e2c564df99121f200a76f3094b45df4f3822c94a463359de6b09fd817a76ffdad502ee9",,"2026-02-13T16:22:00.000","30","STOP SIGN/FLASHER","FUNCTIONING PROPERLY","CLEAR","DAYLIGHT","TURNING","NOT DIVIDED",,"STRAIGHT AND LEVEL","DRY","NO DEFECTS","ON SCENE","INJURY AND / OR TOW DUE TO CRASH","N",,,"$501 - $1,500","2026-02-13T16:26:00.000","FAILING TO YIELD RIGHT-OF-WAY","DRIVING SKILLS/KNOWLEDGE/EXPERIENCE","5600","W","BRYN MAWR AVE","1622",,,,,,,"2","NO INDICATION OF INJURY","0","0","0","0","0","2","0","16","6","2","41.9830490326","-87.768406291","POINT (-87.768406291011 41.983049032609)"
"d27304c5194b5def70c0dddb9e1f442519e879568996b8e1045e85236a53446ea41c1486fd9038f210ec8c90b86be7db5c4729320a5826c4e969b65ede1bfcd7",,"2026-02-13T16:22:00.000","30","NO CONTROLS","NO CONTROLS","UNKNOWN","UNKNOWN","TURNING","ONE-WAY",,"STRAIGHT AND LEVEL","UNKNOWN","UNKNOWN","NOT ON SCENE (DESK REPORT)","NO INJURY / DRIVE AWAY",,,,"OVER $1,500","2026-02-13T16:43:00.000","UNABLE TO DETERMINE","NOT APPLICABLE","6352","N","CLAREMONT AVE","2413",,,,,,,"2","NO INDICATION OF INJURY","0","0","0","0","0","2","0","16","6","2","41.9974875477","-87.6888017985","POINT (-87.68880179849 41.997487547656)"
"b898177ac53b4fa94302be5f6e6f04c565cf1878d16ac4e291a7906253f4a8e510e7b04f00ba261dd75b377ecfb19378d06e9e7c33b5f1d0f235ade253c08698",,"2026-02-13T16:20:00.000","30","TRAFFIC SIGNAL","FUNCTIONING PROPERLY","CLEAR","DAYLIGHT","PEDALCYCLIST","FOUR WAY",,"STRAIGHT AND LEVEL","DRY","UNKNOWN","ON SCENE","INJURY AND / OR TOW DUE TO CRASH","Y",,,"OVER $1,500","2026-02-13T16:26:00.000","UNABLE TO DETERMINE","NOT APPLICABLE","2000","N","KOSTNER AVE","2522",,,,,,,"2","REPORTED, NOT EVIDENT","1","0","0","0","1","1","0","16","6","2","41.9170882015","-87.7364763715","POINT (-87.736476371477 41.917088201507)"
"8ace1f061fc218f58513f62f30fef3a85e87f9b6a7d57653a1b39a4bd25af95edc788e92996d0051f0f140a3332ebb5d09bad09c097ee128bd126765927454e5",,"2026-02-13T16:16:00.000","30","UNKNOWN","UNKNOWN","UNKNOWN","UNKNOWN","REAR END","NOT DIVIDED",,"STRAIGHT AND LEVEL","UNKNOWN","UNKNOWN","NOT ON SCENE (DESK REPORT)","NO INJURY / DRIVE AWAY",,,"Y","$500 OR LESS","2026-02-13T17:05:00.000","UNABLE TO DETERMINE","UNABLE TO DETERMINE","7075","N","RIDGE BLVD","2424",,,,,,,"2","NO INDICATION OF INJURY","0","0","0","0","0","2","0","16","6","2","42.0110215778","-87.6824782161","POINT (-87.682478216148 42.011021577841)"
"4cd2a2f3316978bdcc9ffacdda4c7aaa3f782d941d855fa0cd2bfe7e8179b5320c7510142874f1be8b42841f16f2dc0e49e58ad914e4ea2cf55ee7ed2d3b9ac8",,"2026-02-13T16:15:00.000","30","UNKNOWN","UNKNOWN","CLOUDY/OVERCAST","UNKNOWN","PARKED MOTOR VEHICLE","UNKNOWN",,"STRAIGHT AND LEVEL","UNKNOWN","UNKNOWN","NOT ON SCENE (DESK REPORT)","NO INJURY / DRIVE AWAY",,,,"OVER $1,500","2026-02-13T19:15:00.000","UNABLE TO DETERMINE","NOT APPLICABLE","4150","N","KOLMAR AVE","1722",,,,,,,"2","NO INDICATION OF INJURY","0","0","0","0","0","3","0","16","6","2","41.9567113908","-87.7419934851","POINT (-87.741993485139 41.9567113908)"
"97eb7e51f3ddfc5d199eb35c4d3f7890337c9eb9cc35b13677fd35e6b95b4dcee75f828362540095d3fc8f3b52b6c959b2608a0c9dec3173ac3b374526c01536",,"2026-02-13T16:15:00.000","30","NO CONTROLS","NO CONTROLS","CLEAR","DAYLIGHT","REAR END","DIVIDED - W/MEDIAN (NOT RAISED)",,"STRAIGHT AND LEVEL","DRY","NO DEFECTS","NOT ON SCENE (DESK REPORT)","NO INJURY / DRIVE AWAY",,,"Y","OVER $1,500","2026-02-13T17:15:00.000","UNABLE TO DETERMINE","UNABLE TO DETERMINE","4600","S","RACINE AVE","924",,,,,,,"2","NO INDICATION OF INJURY","0","0","0","0","0","2","0","16","6","2","41.8104735043","-87.6553498745","POINT (-87.655349874487 41.810473504265)"
"9904b4fae0f0295c79c5ee1162753d3a2c4804b857e4b20ea37927e0b83cb7ce289f5961bff70d40b3bdfc89ace2de32a92d26b36a399a295067713c4ece7dbc",,"2026-02-13T16:15:00.000","30","NO CONTROLS","NO CONTROLS","CLEAR","DAYLIGHT","REAR TO FRONT","NOT DIVIDED",,"STRAIGHT AND LEVEL","DRY","NO DEFECTS","NOT ON SCENE (DESK REPORT)","NO INJURY / DRIVE AWAY",,,,"OVER $1,500","2026-02-13T16:25:00.000","IMPROPER BACKING","NOT APPLICABLE","3948","N","SHERIDAN RD","1923",,,,,,,"2","NO INDICATION OF INJURY","0","0","0","0","0","2","0","16","6","2","41.954168583","-87.6546831098","POINT (-87.654683109776 41.954168583039)"
"4649eded5bb055d39d911714faa523e5f69cbf1922a6da6d48f435bd5237bcee3bba23a2aeffbe0f02de084cbd379deefda3a9802f08af30dcb1f01684a85a70",,"2026-02-13T16:14:00.000","30","TRAFFIC SIGNAL","UNKNOWN","CLEAR","DAYLIGHT","ANGLE","NOT DIVIDED",,"STRAIGHT AND LEVEL","DRY","NO DEFECTS","NOT ON SCENE (DESK REPORT)","NO INJURY / DRIVE AWAY","Y",,,"$501 - $1,500","2026-02-13T17:10:00.000","UNABLE TO DETERMINE","UNABLE TO DETERMINE","2500","S","CALIFORNIA AVE","1033",,,,,,,"2","NO INDICATION OF INJURY","0","0","0","0","0","3","0","16","6","2","41.8464007185","-87.6954163188","POINT (-87.695416318771 41.846400718513)"
"5f306f3763b9b72ae7501e9b2bedd0cf36b5087f775110e9f9c2b752582fa6c820e03bdc3087ab789568084e9e5a6cd1244ad6273e815fd81bbb126a7deafe6f",,"2026-02-13T16:10:00.000","30","NO CONTROLS","NO CONTROLS","CLEAR","DAYLIGHT","ANGLE","PARKING LOT",,"STRAIGHT AND LEVEL","DRY","NO DEFECTS","NOT ON SCENE (DESK REPORT)","NO INJURY / DRIVE AWAY",,,,"OVER $1,500","2026-02-13T16:36:00.000","FAILING TO YIELD RIGHT-OF-WAY","UNABLE TO DETERMINE","5101","S","WENTWORTH AVE","225",,"Y",,,,,"2","NO INDICATION OF INJURY","0","0","0","0","0","2","0","16","6","2","41.8018110912","-87.6305601801","POINT (-87.630560180083 41.801811091232)"
"7e6f5ddf99e29bc7edeb89d123a1f47eafd5ff6a07a98a7f884fc81af6697e51c0a2899b5eb7b8734632c6b2d91ba6fae4c77bce96eb45e5aa988d17556508af",,"2026-02-13T16:10:00.000","30","NO CONTROLS","NO CONTROLS","CLEAR","DAYLIGHT","PARKED MOTOR VEHICLE","NOT DIVIDED",,"STRAIGHT AND LEVEL","DRY","NO DEFECTS","NOT ON SCENE (DESK REPORT)","NO INJURY / DRIVE AWAY",,,,"OVER $1,500","2026-02-13T17:45:00.000","UNABLE TO DETERMINE","NOT APPLICABLE","2414","N","LOTUS AVE","2515",,,,,,,"2","NO INDICATION OF INJURY","0","0","0","0","0","1","0","16","6","2","41.9245113814","-87.7624616327","POINT (-87.762461632667 41.924511381386)"
"0de701d503152efe12868042e43288961145bc8da2b9b7a479a7be482208afedce062aa783a615444643aed8769b71ef3e8b24ee1dc01c6d3260985a431b9492",,"2026-02-13T16:04:00.000","30","TRAFFIC SIGNAL","FUNCTIONING PROPERLY","CLEAR","DAYLIGHT","TURNING","FOUR WAY",,"STRAIGHT AND LEVEL","DRY","NO DEFECTS",,"INJURY AND / OR TOW DUE TO CRASH",,,,"OVER $1,500","2026-02-13T16:04:00.000","TURNING RIGHT ON RED","NOT APPLICABLE","1601","N","PULASKI RD","2535",,,,,,,"2","NO INDICATION OF INJURY","0","0","0","0","0","2","0","16","6","2","41.9099803463","-87.7261867127","POINT (-87.726186712679 41.909980346264)"
"6a9f00978227149466bf2b97110d0325e0d15acd9e802abea9810b2a937e1e8f38e020066e8302e1a65f0836205a2b116198f9e98fd0e13cb3849b54c30d00ef",,"2026-02-13T16:02:00.000","20","NO CONTROLS","NO CONTROLS","CLEAR","DAYLIGHT","SIDESWIPE SAME DIRECTION","NOT DIVIDED",,"STRAIGHT AND LEVEL","DRY","NO DEFECTS","ON SCENE","NO INJURY / DRIVE AWAY",,,,"OVER $1,500","2026-02-13T16:03:00.000","DRIVING SKILLS/KNOWLEDGE/EXPERIENCE","DRIVING SKILLS/KNOWLEDGE/EXPERIENCE","5520","N","NORTHWEST HWY","1622",,,,,,,"2","NO INDICATION OF INJURY","0","0","0","0","0","2","0","16","6","2","41.9809210717","-87.7789272636","POINT (-87.778927263607 41.98092107174)"
"65ea7ebdabbc744c70ee934d4c38cf2d3c7b6cd0825b3b4e223fd7ad780d02e1fc9660bd7c6c771934d6c43136bec46651f722b61d6487d21be63bcaf464a994",,"2026-02-13T16:00:00.000","30","NO CONTROLS","NO CONTROLS","CLEAR","DAYLIGHT","TURNING","NOT DIVIDED",,"STRAIGHT AND LEVEL","DRY","NO DEFECTS","ON SCENE","NO INJURY / DRIVE AWAY",,,,"OVER $1,500","2026-02-13T16:00:00.000","IMPROPER OVERTAKING/PASSING","IMPROPER LANE USAGE","427","N","KEDZIE AVE","1221",,,,,,,"2","NO INDICATION OF INJURY","0","0","0","0","0","2","0","16","6","2","41.8890955922","-87.7062150307","POINT (-87.706215030733 41.889095592153)"
"6bbd987de2530f684edf2af07a4f2f44977b0332240b1c1553ef0597ab628b3b9b0f9d00d36afd30aebe3325db7527c3f9e18d131a1d7d0fb363bbf105c51384",,"2026-02-13T16:00:00.000","15","OTHER","OTHER","CLEAR","DAYLIGHT","REAR TO REAR","PARKING LOT",,"STRAIGHT AND LEVEL","UNKNOWN","NO DEFECTS","ON SCENE","NO INJURY / DRIVE AWAY",,"Y",,"OVER $1,500","2026-02-13T16:25:00.000","UNABLE TO DETERMINE","UNABLE TO DETERMINE","2407","W","23RD ST","1034",,,,,,,"2","NO INDICATION OF INJURY","0","0","0","0","0","2","0","16","6","2","41.8501003098","-87.6859142948","POINT (-87.685914294757 41.850100309813)"
"e96d58cff2517541e09237d2a50da215bcad2772ca2d7dc43c5f72c386df145f3b767a249a5709292bc053736300f49834262d9d79e635714a786ee6b6244650",,"2026-02-13T16:00:00.000","30","NO CONTROLS","NO CONTROLS","CLEAR","DAYLIGHT","SIDESWIPE SAME DIRECTION","NOT DIVIDED",,"STRAIGHT AND LEVEL","DRY","UNKNOWN","ON SCENE","NO INJURY / DRIVE AWAY","Y",,,"$500 OR LESS","2026-02-13T16:37:00.000","IMPROPER OVERTAKING/PASSING","UNABLE TO DETERMINE","7524","W","ADDISON ST","1631",,,,,,,"2","NO INDICATION OF INJURY","0","0","0","0","0","2","0","16","6","2","41.9452077034","-87.8154150979","POINT (-87.81541509789 41.945207703404)"
"8749cf6f22999fa89e06926bdafc09b1c31f2021220fbc40cc80af45859aa79324678bbd1135689bb7a1455c5f34f97c4dcdf72a4d8f93ca8673dde68d6d4161",,"2026-02-13T15:55:00.000","30","NO CONTROLS","NO CONTROLS","CLEAR","DAYLIGHT","ANGLE","DIVIDED - W/MEDIAN (NOT RAISED)",,"STRAIGHT AND LEVEL","DRY","NO DEFECTS","ON SCENE","NO INJURY / DRIVE AWAY",,,,"OVER $1,500","2026-02-13T15:55:00.000","FAILING TO YIELD RIGHT-OF-WAY","NOT APPLICABLE","4911","W","BELMONT AVE","2521",,,,,,,"2","NO INDICATION OF INJURY","0","0","0","0","0","2","0","15","6","2","41.9386779662","-87.7499009458","POINT (-87.749900945847 41.938677966167)"
"fdbf01a3409a7f01829a21bc00121f823f5abadbd808fbfa2af96f6e613e5508d372de9fe75aa38bb98c6b04726f6532020d9508243494e1572b313aba0ca203",,"2026-02-13T15:52:00.000","30","UNKNOWN","NO CONTROLS","UNKNOWN","UNKNOWN","TURNING","UNKNOWN",,"STRAIGHT AND LEVEL","UNKNOWN","UNKNOWN","NOT ON SCENE (DESK REPORT)","NO INJURY / DRIVE AWAY",,,,"OVER $1,500","2026-02-13T16:50:00.000","FAILING TO YIELD RIGHT-OF-WAY","NOT APPLICABLE","5033","N","ELSTON AVE","1712",,,,,,,"2","NO INDICATION OF INJURY","0","0","0","0","0","2","0","15","6","2","41.9723492826","-87.7468250858","POINT (-87.746825085785 41.97234928256)"
"58a2bfa26856f6909842bb1885186171713c1e34572e9a43010d9ac9a7eaa2337328b79fedd64ecdba127691bebc97e048f54702175ec86553bcb2cbb773f4bd",,"2026-02-13T15:50:00.000","35","NO CONTROLS","NO CONTROLS","CLEAR","DAYLIGHT","REAR END","NOT DIVIDED",,"STRAIGHT AND LEVEL","DRY","DEBRIS ON ROADWAY",,"INJURY AND / OR TOW DUE TO CRASH",,,,"$500 OR LESS","2026-02-13T15:50:00.000","FOLLOWING TOO CLOSELY","FAILING TO REDUCE SPEED TO AVOID CRASH","452","E","111TH ST","513",,,,,,,"2","REPORTED, NOT EVIDENT","1","0","0","0","1","3","0","15","6","2","41.6928677787","-87.6114339752","POINT (-87.611433975167 41.69286777873)"
"fca1d34b57bfbb69754309bb4c56af81f33a35693f1f0dac24b4b578535e0ac9682d284df669f84c5ece9fc9e097f294cfdb6f3cf90ccea111faca04ae9694ea",,"2026-02-13T15:50:00.000","30","NO CONTROLS","NO CONTROLS","UNKNOWN","DUSK","SIDESWIPE SAME DIRECTION","NOT DIVIDED",,"STRAIGHT AND LEVEL","UNKNOWN","UNKNOWN","NOT ON SCENE (DESK REPORT)","NO INJURY / DRIVE AWAY",,,,"OVER $1,500","2026-02-13T17:35:00.000","FAILING TO YIELD RIGHT-OF-WAY","NOT APPLICABLE","850","W","KINZIE ST","1214",,,,,,,"2","NO INDICATION OF INJURY","0","0","0","0","0","3","0","15","6","2","41.8891261554","-87.6495810599","POINT (-87.649581059886 41.889126155398)"
"062dc0029d928f2981b90ff61dc40efed7b01f48ff252ba4b270ef2725201bcb9bd8cda83ad748673f6f2f7de13cc6c76f02295b8f827fd67714e5c4f330cb59",,"2026-02-13T15:49:00.000","30","TRAFFIC SIGNAL","FUNCTIONING PROPERLY","CLEAR","DAYLIGHT","FIXED OBJECT","NOT DIVIDED",,"STRAIGHT AND LEVEL","DRY","NO DEFECTS",,"INJURY AND / OR TOW DUE TO CRASH",,,,"OVER $1,500","2026-02-13T15:53:00.000","EQUIPMENT - VEHICLE CONDITION","UNABLE TO DETERMINE","733","N","KEDZIE AVE","1221",,,,,,,"1","REPORTED, NOT EVIDENT","1","0","0","0","1","0","0","15","6","2","41.8947266585","-87.7063841773","POINT (-87.706384177341 41.894726658545)"
"409096a50c613559e359a6662d8d2604de225668cd20aa0a336cea97c285c7e34e318988950170055b8659b9635f1ffd3435f595076177dc26d92dd2db801724",,"2026-02-13T15:49:00.000","30","STOP SIGN/FLASHER","FUNCTIONING PROPERLY","CLEAR","DAYLIGHT","TURNING","T-INTERSECTION",,"STRAIGHT AND LEVEL","DRY","NO DEFECTS","ON SCENE","NO INJURY / DRIVE AWAY","Y",,,"OVER $1,500","2026-02-13T15:53:00.000","UNABLE TO DETERMINE","NOT APPLICABLE","2360","W","28TH ST","1034",,,,,,,"2","NO INDICATION OF INJURY","0","0","0","0","0","2","0","15","6","2","41.8413155459","-87.685168592","POINT (-87.685168591967 41.841315545873)"
"92471ab3236ebd70a4a2d896f03d2a25dd0d5d16e4f01480fb4b30f899c10cd079adba93636c03b5e473eec8fb20566aa0dd5893765231b39e02c3bc54607146",,"2026-02-13T15:49:00.000","30","STOP SIGN/FLASHER","FUNCTIONING PROPERLY","CLEAR","DAYLIGHT","ANGLE","FOUR WAY",,"STRAIGHT AND LEVEL","DRY","NO DEFECTS","ON SCENE","INJURY AND / OR TOW DUE TO CRASH",,,,"OVER $1,500","2026-02-13T15:53:00.000","DISREGARDING STOP SIGN","NOT APPLICABLE","4200","S","WABASH AVE","213",,,,,,,"2","NONINCAPACITATING INJURY","1","0","0","1","0","4","0","15","6","2","41.8182323013","-87.6248408435","POINT (-87.624840843505 41.818232301318)"
"d8b855ecaa6b722ddb7d8e776ac8c8b7710db5bce402d259cff953ecd6312cdfbd48fdb43dd3df32b5afd2a0b59db7acca441024177213cef97e977eebb47ef2",,"2026-02-13T15:48:00.000","30","TRAFFIC SIGNAL","FUNCTIONING PROPERLY","CLEAR","DAYLIGHT","TURNING","FOUR WAY",,"STRAIGHT AND LEVEL","DRY","NO DEFECTS","NOT ON SCENE (DESK REPORT)","INJURY AND / OR TOW DUE TO CRASH","Y",,,"OVER $1,500","2026-02-15T15:25:00.000","DISREGARDING TRAFFIC SIGNALS","NOT APPLICABLE","3831","S","PULASKI RD","821",,,,,,,"2","NONINCAPACITATING INJURY","1","0","0","1","0","1","0","15","6","2","41.8233513513","-87.7239118342","POINT (-87.723911834216 41.823351351331)"
"51f76cfbf24a565eb95b022db45981d035a24c167706c30cb4be6abc6781fb8a9a62f93fee5f18621b6555c49828ea2015d6251084a678b88d8d00216421dbc3",,"2026-02-13T15:45:00.000","30","NO CONTROLS","NO CONTROLS","CLEAR","DAYLIGHT","SIDESWIPE SAME DIRECTION","NOT DIVIDED",,"STRAIGHT AND LEVEL","DRY","UNKNOWN","NOT ON SCENE (DESK REPORT)","NO INJURY / DRIVE AWAY",,,"Y","$501 - $1,500","2026-02-13T17:43:00.000","FAILING TO YIELD RIGHT-OF-WAY","FAILING TO YIELD RIGHT-OF-WAY","700","S","LAKE SHORE DR NB","114",,,,,,,"2","NO INDICATION OF INJURY","0","0","0","0","0","2","0","15","6","2","41.873190589","-87.6174581402","POINT (-87.617458140248 41.873190589037)"