"crash_record_id","crash_date_est_i","crash_date","posted_speed_limit","traffic_control_device","device_condition","weather_condition","lighting_condition","first_crash_type","trafficway_type","lane_cnt","alignment","roadway_surface_cond","road_defect","report_type","crash_type","intersection_related_i","private_property_i","hit_and_run_i","damage","date_police_notified","prim_contributory_cause","sec_contributory_cause","street_no","street_direction","street_name","beat_of_occurrence","photos_taken_i","statements_taken_i","dooring_i","work_zone_i","work_zone_type","workers_present_i","num_units","most_severe_injury","injuries_total","injuries_fatal","injuries_incapacitating","injuries_non_incapacitating","injuries_reported_not_evident","injuries_no_indication","injuries_unknown","crash_hour","crash_day_of_week","crash_month","latitude","longitude","location"
"dd5b13fe8f57be59254e3d098d3a2e25a12c9546b3b5c2cab2ba6b7630cf916a70f9767570e399fe95356e2e2a18e1b7865ced1ca64fc13ac9bdc6352a0dde70",,"2026-02-13T15:45:00.000","30","NO CONTROLS","NO CONTROLS","CLEAR","DAYLIGHT","SIDESWIPE SAME DIRECTION","DIVIDED - W/MEDIAN (NOT RAISED)",,"STRAIGHT AND LEVEL","DRY","NO DEFECTS","ON SCENE","NO INJURY / DRIVE AWAY",,,,"OVER $1,500","2026-02-13T15:55:00.000","DRIVING SKILLS/KNOWLEDGE/EXPERIENCE","DRIVING SKILLS/KNOWLEDGE/EXPERIENCE","7500","S","PHILLIPS AVE","421",,,,,,,"2","NO INDICATION OF INJURY","0","0","0","0","0","2","0","15","6","2","41.7589100186","-87.5653097686","POINT (-87.565309768623 41.75891001858)"
"622444848771ef434c2411ced49d65cb9a7e99abc07562a2e4bddd101469f2f19d6378fe05d5a9ae77add98e5a2630152d0cee1ecd4235acdff6b7e16bd363f3",,"2026-02-13T15:42:00.000","30","NO CONTROLS","NO CONTROLS","CLEAR","DAYLIGHT","REAR END","ONE-WAY",,"STRAIGHT AND LEVEL","DRY","NO DEFECTS","NOT ON SCENE (DESK REPORT)","NO INJURY / DRIVE AWAY",,,,"OVER $1,500","2026-02-13T15:42:00.000","FOLLOWING TOO CLOSELY","UNABLE TO DETERMINE","4554","S","DREXEL BLVD","221",,,,,,,"2","NO INDICATION OF INJURY","0","0","0","0","0","2","0","15","6","2","41.8115845302","-87.6045626995","POINT (-87.604562699533 41.811584530228)"
"1794b75476b252cdea4c200c4a44665ab4198120cf937ab0c93cb9353817992410e14d432cd3f2e75942ac9dc756b038f41d59c2e7c21023a5d6286b04dc28cd",,"2026-02-13T15:35:00.000","30","NO CONTROLS","NO CONTROLS","CLEAR","DAYLIGHT","REAR END","NOT DIVIDED",,"STRAIGHT AND LEVEL","UNKNOWN","UNKNOWN","ON SCENE","INJURY AND / OR TOW DUE TO CRASH",,,,"OVER $1,500","2026-02-13T15:46:00.000","NOT APPLICABLE","NOT APPLICABLE","4128","W","63RD ST","813",,,,,,,"2","REPORTED, NOT EVIDENT","2","0","0","0","2","2","0","15","6","2","41.7787241502","-87.7263648198","POINT (-87.726364819754 41.778724150168)"
"c3d28d1af0f8bd59ff22352d5ce7097e5be2a0a526e22c2705838b2e9e41ab6db3d2a7b09afe3a33b96668e93b56c17e4ccc7c1c69f670f64f0f87676f1651d5",,"2026-02-13T15:33:00.000","30","NO CONTROLS","NO CONTROLS","CLEAR","DAYLIGHT","REAR END","NOT DIVIDED",,"STRAIGHT AND LEVEL","DRY","UNKNOWN","ON SCENE","INJURY AND / OR TOW DUE TO CRASH",,,,"$501 - $1,500","2026-02-13T15:34:00.000","FOLLOWING TOO CLOSELY","NOT APPLICABLE","3257","W","CHICAGO AVE","1121",,,,,,,"2","REPORTED, NOT EVIDENT","1","0","0","0","1","1","0","15","6","2","41.8954221463","-87.7087947755","POINT (-87.708794775546 41.895422146267)"
"609e7377a34a80f76a6d7164cbfccf261e53c24470b4714f598d7d2176657d8be3ce0079ca2e62fe8ebf85b938a0dca38878d4b3483717e2900318bc5f371548","Y","2026-02-13T15:30:00.000","30","NO CONTROLS","NO CONTROLS","CLEAR","DAYLIGHT","PARKED MOTOR VEHICLE","ONE-WAY",,"STRAIGHT AND LEVEL","DRY","NO DEFECTS","ON SCENE","NO INJURY / DRIVE AWAY",,,,"OVER $1,500","2026-02-13T16:12:00.000","IMPROPER LANE USAGE","DRIVING SKILLS/KNOWLEDGE/EXPERIENCE","222","S","WABASH AVE","113",,,,,,,"2","NO INDICATION OF INJURY","0","0","0","0","0","1","0","15","6","2","41.878949977","-87.6262521173","POINT (-87.626252117349 41.878949976971)"
"c805cd9e874f082dac892bc849762194da1eff7a3d3a31602a90fc41a969b5d805c8ec8481b9a8996dd31a6463ca0b8cb9284224a79e5be9be2b8d19bd093c69",,"2026-02-13T15:30:00.000","25","NO CONTROLS","NO CONTROLS","CLEAR","DAYLIGHT","SIDESWIPE SAME DIRECTION","ONE-WAY",,"STRAIGHT AND LEVEL","DRY","NO DEFECTS","NOT ON SCENE (DESK REPORT)","NO INJURY / DRIVE AWAY",,,,"OVER $1,500","2026-02-15T10:55:00.000","FAILING TO YIELD RIGHT-OF-WAY","UNABLE TO DETERMINE","4317","W","MONROE ST","1115",,,,,,,"2","NO INDICATION OF INJURY","0","0","0","0","0","2","0","15","6","2","41.8795543138","-87.7337213015","POINT (-87.733721301499 41.879554313809)"
"ea103e090188018f4ddbc3f8aec0e6641ef0a41b65e7defd0e48e6a6f7e8af47ad1af488998c9a256dbd8a69c2cb48c3db0bc92102229bb0d1f03d1b016f1a7b",,"2026-02-13T15:29:00.000","40","UNKNOWN","UNKNOWN","UNKNOWN","UNKNOWN","REAR END","NOT DIVIDED",,"STRAIGHT AND LEVEL","UNKNOWN","UNKNOWN","NOT ON SCENE (DESK REPORT)","NO INJURY / DRIVE AWAY",,,"Y","$500 OR LESS","2026-02-13T16:26:00.000","UNABLE TO DETERMINE","NOT APPLICABLE","138","W","CERMAK RD","914",,,,,,,"2","NO INDICATION OF INJURY","0","0","0","0","0","2","0","15","6","2","41.8529769859","-87.6309693986","POINT (-87.630969398558 41.85297698594)"
"5c1a3cf82e5f6eb51e1dd2b12ada509cfc6e2f59c20a15944452bc99d0db9d53c57c8d283f36b16d0c7d22564d199703b289e0615ae22cf2cc30ffc1255e92dd",,"2026-02-13T15:25:00.000","30","TRAFFIC SIGNAL","FUNCTIONING PROPERLY","CLEAR","DAYLIGHT","SIDESWIPE SAME DIRECTION","TRAFFIC ROUTE",,"STRAIGHT AND LEVEL","DRY","NO DEFECTS","ON SCENE","NO INJURY / DRIVE AWAY",,,,"$501 - $1,500","2026-02-13T15:26:00.000","IMPROPER LANE USAGE","UNABLE TO DETERMINE","6440","W","FULLERTON AVE","2512",,,,,,,"2","NO INDICATION OF INJURY","0","0","0","0","0","2","0","15","6","2","41.9237708794","-87.7869376731","POINT (-87.786937673104 41.923770879432)"
"140a91477c426a2fa9a343db445a2da0b9d502ce5d7d0f3a862868738c1c7b4fdb317085733b594c8d0ee96784e8cf9f99e996ba6e21591b3947361a377be51f",,"2026-02-13T15:20:00.000","25","NO CONTROLS","NO CONTROLS","CLEAR","DAYLIGHT","PARKED MOTOR VEHICLE","NOT DIVIDED",,"STRAIGHT AND LEVEL","DRY","NO DEFECTS","NOT ON SCENE (DESK REPORT)","NO INJURY / DRIVE AWAY",,,,"$501 - $1,500","2026-02-14T15:21:00.000","UNABLE TO DETERMINE","UNABLE TO DETERMINE","1832","S","CENTRAL PARK AVE","1014",,,,,,,"2","NO INDICATION OF INJURY","0","0","0","0","0","1","0","15","6","2","41.8561649009","-87.7152750817","POINT (-87.715275081723 41.856164900876)"
"e1fee43635e360e71127ba16fdce127228e9fb3d4c92bdaa1e77d76c77f27ad2a026b940bc57ed61b3c96f512efa07546a13f6f5881ed429378f2193d2694f88",,"2026-02-13T15:20:00.000","30","NO CONTROLS","NO CONTROLS","CLEAR","DAYLIGHT","FIXED OBJECT","PARKING LOT",,"STRAIGHT AND LEVEL","DRY","NO DEFECTS","ON SCENE","NO INJURY / DRIVE AWAY",,,,"OVER $1,500","2026-02-13T15:20:00.000","UNABLE TO DETERMINE","NOT APPLICABLE","8800","S","LAFAYETTE AVE","634",,,,,,,"1","NO INDICATION OF INJURY","0","0","0","0","0","1","0","15","6","2","41.7341186191","-87.6255081005","POINT (-87.625508100469 41.734118619134)"
"22c00ce17361e176976b479320a5a201b9798b7e36ecb2e411d776a24f9c7f836301b13175e6f1d1ef20bb377cc6c8386ac150416d0ffa207f9d78f68a4b6489",,"2026-02-13T15:12:00.000","30","NO CONTROLS","NO CONTROLS","CLEAR","DAYLIGHT","TURNING","ONE-WAY",,"STRAIGHT AND LEVEL","DRY","NO DEFECTS","NOT ON SCENE (DESK REPORT)","NO INJURY / DRIVE AWAY",,,,"OVER $1,500","2026-02-13T16:30:00.000","UNABLE TO DETERMINE","NOT APPLICABLE","1398","W","VAN BUREN ST","1231",,,,,,,"2","NO INDICATION OF INJURY","0","0","0","0","0","2","0","15","6","2","41.8765498103","-87.6617348321","POINT (-87.661734832133 41.876549810308)"
"3528d762784064369a0c9146b9c38fec72d8d0ce0aa1de451ead79a9dc69698aaade43d6172d2f5e634ddd963491ece867bb7db983c67e47cc8220f29f466109",,"2026-02-13T15:08:00.000","30","STOP SIGN/FLASHER","FUNCTIONING PROPERLY","UNKNOWN","DAYLIGHT","ANGLE","NOT DIVIDED",,"STRAIGHT AND LEVEL","UNKNOWN","NO DEFECTS","NOT ON SCENE (DESK REPORT)","INJURY AND / OR TOW DUE TO CRASH","Y",,,"OVER $1,500","2026-02-13T16:00:00.000","DISREGARDING STOP SIGN","DRIVING SKILLS/KNOWLEDGE/EXPERIENCE","11000","S","EWING AVE","433","Y",,,,,,"2","INCAPACITATING INJURY","1","0","1","0","0","2","0","15","6","2","41.695383895","-87.5354289756","POINT (-87.535428975569 41.695383895002)"
"a6634afecf4cd96b5a043a62c987f3f01160508fb9990e479c43a0694b8eb3700dfe20aed64acab0f40a5685deb5208e4b60568996d76a53424c94cf3136e8b0",,"2026-02-13T15:08:00.000","20","NO CONTROLS","NO CONTROLS","CLEAR","DAYLIGHT","SIDESWIPE SAME DIRECTION","ONE-WAY",,"STRAIGHT AND LEVEL","DRY","NO DEFECTS","NOT ON SCENE (DESK REPORT)","NO INJURY / DRIVE AWAY",,,"Y","$501 - $1,500","2026-02-13T18:25:00.000","IMPROPER OVERTAKING/PASSING","UNABLE TO DETERMINE","3104","W","DOUGLAS BLVD","1022",,,,,,,"2","NO INDICATION OF INJURY","0","0","0","0","0","3","0","15","6","2","41.8631040816","-87.7033073037","POINT (-87.70330730372 41.863104081564)"
"779848c51317a5a5f15d38cae13da671887a68038f4f48c948b79b6ae0b3b972e89ec45c4b868a8cbd2bb6e7299dff3c9819b196868dd89388a87a3068895d2c",,"2026-02-13T15:02:00.000","30","TRAFFIC SIGNAL","FUNCTIONING PROPERLY","CLEAR","DAYLIGHT","REAR END","DIVIDED - W/MEDIAN (NOT RAISED)",,"STRAIGHT AND LEVEL","DRY","NO DEFECTS","NOT ON SCENE (DESK REPORT)","NO INJURY / DRIVE AWAY","Y",,,"OVER $1,500","2026-02-13T15:45:00.000","FOLLOWING TOO CLOSELY","UNABLE TO DETERMINE","10128","S","WESTERN AVE","2211",,,,,,,"4","NO INDICATION OF INJURY","0","0","0","0","0","4","0","15","6","2","41.70916242","-87.6818518798","POINT (-87.681851879791 41.709162420037)"
"8c0c8331b8367008a24a2e8deb15f54cbcc542d6e5f978d1bdbecf8990f5c825cc17bd962e5c45e8e8e7d3ea0b1549461ec60c85ae1932f14441268226cfe2b3",,"2026-02-13T15:00:00.000","15","NO CONTROLS","NO CONTROLS","CLEAR","DAYLIGHT","PARKED MOTOR VEHICLE","PARKING LOT",,"STRAIGHT AND LEVEL","DRY","NO DEFECTS","ON SCENE","NO INJURY / DRIVE AWAY",,,,"$501 - $1,500","2026-02-13T15:18:00.000","DRIVING SKILLS/KNOWLEDGE/EXPERIENCE","NOT APPLICABLE","4925","N","BROADWAY","2033",,,,,,,"2","NO INDICATION OF INJURY","0","0","0","0","0","2","0","15","6","2","41.972213557","-87.6596091001","POINT (-87.659609100107 41.972213556991)"
"a03a94d0f5db36fca311196ee2b0896c3ba06ef3c56d2356f601a9e86c7366694aa599a44f55d2ca908a33b10e7dbe4e3b6fe317a24c3bcca2b2277f682d549d",,"2026-02-13T15:00:00.000","30","TRAFFIC SIGNAL","FUNCTIONING PROPERLY","CLEAR","DAYLIGHT","SIDESWIPE SAME DIRECTION","FOUR WAY",,"STRAIGHT AND LEVEL","DRY","UNKNOWN","ON SCENE","NO INJURY / DRIVE AWAY","Y",,,"OVER $1,500","2026-02-13T15:04:00.000","IMPROPER OVERTAKING/PASSING","NOT APPLICABLE","3951","N","ASHLAND AVE","1922",,,,,,,"2","NO INDICATION OF INJURY","0","0","0","0","0","2","0","15","6","2","41.9539276439","-87.6688908034","POINT (-87.668890803428 41.953927643917)"
"b26e0b8454c5883f0d39ffe0396e9fed59cba81fee8a0773a19fa31277f91ec14e70febae4fb51508dc273e2f1f0ba3a4a6c806ab82e1b92c0883eb72b854da7",,"2026-02-13T15:00:00.000","30","STOP SIGN/FLASHER","FUNCTIONING PROPERLY","CLEAR","DAYLIGHT","ANGLE","FOUR WAY",,"STRAIGHT AND LEVEL","DRY","NO DEFECTS","ON SCENE","INJURY AND / OR TOW DUE TO CRASH",,,,"OVER $1,500","2026-02-13T15:01:00.000","FAILING TO YIELD RIGHT-OF-WAY","NOT APPLICABLE","2100","S","MORGAN ST","1235",,,,,,,"2","REPORTED, NOT EVIDENT","1","0","0","0","1","1","0","15","6","2","41.8538108379","-87.6515921319","POINT (-87.651592131874 41.85381083791)"
"1b1427785c4166b3a7378c2edb7af6db80bf3aea8bb9d76de76d27aa799897a63bb8770e0de42c2f4f61249506b67f6ab23325ecc0ca5060c380beaa4382c9e3",,"2026-02-13T14:50:00.000","20","NO CONTROLS","NO CONTROLS","UNKNOWN","UNKNOWN","REAR TO SIDE","PARKING LOT",,"STRAIGHT AND LEVEL","UNKNOWN","UNKNOWN","NOT ON SCENE (DESK REPORT)","NO INJURY / DRIVE AWAY",,,,"OVER $1,500","2026-02-17T16:55:00.000","UNABLE TO DETERMINE","NOT APPLICABLE","4355","N","SHERIDAN RD","1915",,,,,,,"2","NO INDICATION OF INJURY","0","0","0","0","0","2","0","14","6","2","41.9613977799","-87.6545929748","POINT (-87.654592974847 41.961397779903)"
"c0b7c8e380a7e1e908a5044cb7aa3a3a24715a4b269b331f56d33f91d83f0183b3c9c56fa84fa71de8f9064f1a76e1d092f86a7fae3e2038352c3068c3720bdd",,"2026-02-13T14:50:00.000","30","STOP SIGN/FLASHER","FUNCTIONING PROPERLY","CLEAR","DAYLIGHT","TURNING","ONE-WAY",,"STRAIGHT AND LEVEL","DRY","UNKNOWN","NOT ON SCENE (DESK REPORT)","NO INJURY / DRIVE AWAY",,,"Y","OVER $1,500","2026-02-13T16:46:00.000","NOT APPLICABLE","IMPROPER TURNING/NO SIGNAL","644","N","LAKE SHORE DR SB","1834",,,,,,,"2","NO INDICATION OF INJURY","0","0","0","0","0","2","0","14","6","2","41.8939498494","-87.6150834576","POINT (-87.615083457597 41.893949849381)"
"f1153b6d9959a8001e6abbd9f1a4d4017cd81627489f0a0df758e480d22d838e69f16cf929d3077f3f588da4e4d9915bed1af99d1980f74fef27e7408e4ca9f5",,"2026-02-13T14:50:00.000","30","NO CONTROLS","NO CONTROLS","CLEAR","DAYLIGHT","SIDESWIPE SAME DIRECTION","NOT DIVIDED",,"STRAIGHT AND LEVEL","DRY","NO DEFECTS","ON SCENE","NO INJURY / DRIVE AWAY",,,,"$500 OR LESS","2026-02-13T14:59:00.000","DRIVING SKILLS/KNOWLEDGE/EXPERIENCE","NOT APPLICABLE","2111","W","FULLERTON AVE","1432",,,,,,,"2","NO INDICATION OF INJURY","0","0","0","0","0","1","0","14","6","2","41.9248805845","-87.6809368799","POINT (-87.680936879883 41.924880584505)"
"469b1fb2055f2abcd55a836d14137163f1f147e2ea965b31832248d1128b57c10a69274515e98bf3d3a3c00dbd6073384864e25cfa36a438c5f1efb0e59189ed",,"2026-02-13T14:47:00.000","30","TRAFFIC SIGNAL","FUNCTIONING PROPERLY","CLEAR","DAYLIGHT","SIDESWIPE SAME DIRECTION","DIVIDED - W/MEDIAN (NOT RAISED)",,"STRAIGHT AND LEVEL","DRY","NO DEFECTS","ON SCENE","NO INJURY / DRIVE AWAY",,,,"OVER $1,500","2026-02-13T14:47:00.000","DRIVING SKILLS/KNOWLEDGE/EXPERIENCE","UNABLE TO DETERMINE","1527","E","55TH ST","235",,,,,,,"2","NO INDICATION OF INJURY","0","0","0","0","0","2","0","14","6","2","41.79508079","-87.5881336756","POINT (-87.588133675577 41.795080790027)"
"1f125886ad2833d90e61d7aa8bb4f57ffc109ccd0174713450aa2d156ee2bb88a90a40e1b58bc723e04ea3be8cb345f1812a1c7352b4e552e2a2392a8789527d",,"2026-02-13T14:45:00.000","25","NO CONTROLS","NO CONTROLS","CLEAR","DAYLIGHT","REAR END","NOT DIVIDED",,"STRAIGHT AND LEVEL","UNKNOWN","UNKNOWN","NOT ON SCENE (DESK REPORT)","NO INJURY / DRIVE AWAY",,,,"OVER $1,500","2026-02-13T18:50:00.000","FOLLOWING TOO CLOSELY","NOT APPLICABLE","3049","N","NARRAGANSETT AVE","2511",,,,,,,"2","NO INDICATION OF INJURY","0","0","0","0","0","2","0","14","6","2","41.9361542025","-87.7857136676","POINT (-87.785713667586 41.936154202531)"
"7da7536b8329e3b4b6573f6a506f9459a46a81a240c611a796b3eda906162d8e0873719d267e64ca425607b6b9728c5ee41e1e3f7ae1da532727536e49e38cab",,"2026-02-13T14:45:00.000","20","NO CONTROLS","NO CONTROLS","CLEAR","DAYLIGHT","SIDESWIPE OPPOSITE DIRECTION","NOT DIVIDED",,"STRAIGHT AND LEVEL","DRY","UNKNOWN","NOT ON SCENE (DESK REPORT)","NO INJURY / DRIVE AWAY",,,"Y","$500 OR LESS","2026-02-13T16:41:00.000","UNABLE TO DETERMINE","UNABLE TO DETERMINE","5329","S","OAK PARK AVE","811",,,,,,,"2","NO INDICATION OF INJURY","0","0","0","0","0","2","0","14","6","2","41.7950302941","-87.7915077841","POINT (-87.791507784059 41.795030294127)"
"3d51ec30d3f75c1cee219b204d0181341e7f61bde93b3a299cc18c6d224e8e2078ec70c9d08c89c6a4f5fac831bc42bebd8b15483061a7fdb52b4c8ae968c84a",,"2026-02-13T14:43:00.000","30","NO CONTROLS","NO CONTROLS","CLEAR","DAYLIGHT","SIDESWIPE SAME DIRECTION","ONE-WAY",,"STRAIGHT AND LEVEL","DRY","NO DEFECTS","NOT ON SCENE (DESK REPORT)","NO INJURY / DRIVE AWAY",,,,"$501 - $1,500","2026-02-13T15:34:00.000","NOT APPLICABLE","NOT APPLICABLE","5201","S","ROCKWELL ST","923",,,,,,,"2","NO INDICATION OF INJURY","0","0","0","0","0","3","0","14","6","2","41.7991558795","-87.6889236931","POINT (-87.688923693128 41.799155879492)"
"c16d7b88473266981d7fc82375a997623567afd17cde8efc2f5a45c7de38576b9f150544717e70d1cfae024dd33826f6c90c0bb6a0b9d4e1e53f0be611b0a62b",,"2026-02-13T14:35:00.000","30","UNKNOWN","UNKNOWN","UNKNOWN","UNKNOWN","SIDESWIPE SAME DIRECTION","NOT DIVIDED",,"STRAIGHT AND LEVEL","UNKNOWN","UNKNOWN","NOT ON SCENE (DESK REPORT)","NO INJURY / DRIVE AWAY",,,,"$500 OR LESS","2026-02-13T15:42:00.000","UNABLE TO DETERMINE","UNABLE TO DETERMINE","5713","N","ASHLAND AVE","2012",,,,,,,"2","NO INDICATION OF INJURY","0","0","0","0","0","2","0","14","6","2","41.9855622714","-87.6697248641","POINT (-87.669724864099 41.985562271356)"
"446f3145160c45ef0602b54e6ef1044f42fdf1c5769c7e08173ecc272810e81dc557a096697a0fdd369d2e514a200df6cf7817c9b262b043a9f4b3f3f02ce728",,"2026-02-13T14:31:00.000","30","STOP SIGN/FLASHER","FUNCTIONING PROPERLY","CLEAR","DAYLIGHT","TURNING","NOT DIVIDED",,"STRAIGHT AND LEVEL","DRY","NO DEFECTS","NOT ON SCENE (DESK REPORT)","NO INJURY / DRIVE AWAY",,,,"OVER $1,500","2026-02-13T15:29:00.000","UNABLE TO DETERMINE","FAILING TO YIELD RIGHT-OF-WAY","7500","S","STATE ST","623",,,,,,,"2","NO INDICATION OF INJURY","0","0","0","0","0","2","0","14","6","2","41.7580921764","-87.6249022282","POINT (-87.624902228247 41.758092176383)"
"340954e2f30a249f98d4bbd1355e7f0c4a3cabe826176a455edabc851c8c83ccaf75c7fee0d02444b66ae04ad331c3a162d233d62c3b31afae32bbb4e88ce946",,"2026-02-13T14:30:00.000","30","TRAFFIC SIGNAL","FUNCTIONING PROPERLY","UNKNOWN","UNKNOWN","SIDESWIPE SAME DIRECTION","FOUR WAY",,"STRAIGHT AND LEVEL","OTHER","UNKNOWN","NOT ON SCENE (DESK REPORT)","NO INJURY / DRIVE AWAY","Y",,,"$501 - $1,500","2026-02-20T17:10:00.000","UNABLE TO DETERMINE","UNABLE TO DETERMINE","5801","N","RIDGE AVE","2013",,,,,,,"2","NO INDICATION OF INJURY","0","0","0","0","0","2","0","14","6","2","41.9874569886","-87.6660954021","POINT (-87.666095402088 41.987456988565)"
"467000c6e0459dc59442af537aa52df6f96f4ed0524bcdc290509b4a7c9a30650bd562570202946316585297d64cbdd017acd0d337f717389568d9e6024d0969",,"2026-02-13T14:30:00.000","30","TRAFFIC SIGNAL","FUNCTIONING PROPERLY","CLEAR","DAYLIGHT","SIDESWIPE SAME DIRECTION","NOT DIVIDED",,"STRAIGHT AND LEVEL","DRY","NO DEFECTS","NOT ON SCENE (DESK REPORT)","NO INJURY / DRIVE AWAY",,,"N","$501 - $1,500","2026-02-13T14:45:00.000","IMPROPER OVERTAKING/PASSING","UNABLE TO DETERMINE","3769","W","WASHINGTON BLVD","1122",,,,,,,"2","NO INDICATION OF INJURY","0","0","0","0","0","2","0","14","6","2","41.8817866429","-87.720703109","POINT (-87.72070310898 41.881786642856)"
"4efc6f4913180d48194de50a674ff0d428037b3c112a2d92911aa2021e795d0bea9af227ce7eed972203bf7478d31a926c6ac6bf256366f702d1e88a85883c67",,"2026-02-13T14:30:00.000","30","STOP SIGN/FLASHER","NO CONTROLS","CLEAR","DAYLIGHT","REAR END","NOT DIVIDED",,"STRAIGHT AND LEVEL","DRY","NO DEFECTS","NOT ON SCENE (DESK REPORT)","NO INJURY / DRIVE AWAY",,,,"OVER $1,500","2026-02-20T08:55:00.000","UNABLE TO DETERMINE","UNABLE TO DETERMINE","6833","S","CICERO AVE","833",,,,,,,"3","NO INDICATION OF INJURY","0","0","0","0","0","4","0","14","6","2","41.7684517311","-87.7418443971","POINT (-87.741844397111 41.768451731099)"
"4fa831dc74bc1e7032f251153510911c70dbac389d5026cd29dababf3aa60f0f2119dd19a4effecc5a96ba2b12f1ccd6415ef51adc593b18d4743f750daa013e",,"2026-02-13T14:30:00.000","30","TRAFFIC SIGNAL","FUNCTIONING PROPERLY","CLEAR","DAYLIGHT","PARKED MOTOR VEHICLE","NOT DIVIDED",,"STRAIGHT AND LEVEL","DRY","NO DEFECTS","NOT ON SCENE (DESK REPORT)","NO INJURY / DRIVE AWAY",,,,"$500 OR LESS","2026-02-13T14:30:00.000","UNABLE TO DETERMINE","UNABLE TO DETERMINE","4466","N","BROADWAY","1913",,,,,,,"2","NO INDICATION OF INJURY","0","0","0","0","0","1","0","14","6","2","41.9633442828","-87.6563210715","POINT (-87.656321071544 41.963344282773)"
"fce7a79c4a2b205d0b578ef1b4de4c78f1e12049ea0f3a1d1c23f5ff22d2a3a1940046acaac43cda9f683a0c007064e023efebd94240f73059c7755769e936d3",,"2026-02-13T14:30:00.000","30","TRAFFIC SIGNAL","FUNCTIONING PROPERLY","CLEAR","DAYLIGHT","SIDESWIPE SAME DIRECTION","NOT DIVIDED",,"STRAIGHT AND LEVEL","DRY","NO DEFECTS","NOT ON SCENE (DESK REPORT)","NO INJURY / DRIVE AWAY","Y",,"Y","$500 OR LESS","2026-02-13T15:31:00.000","FAILING TO YIELD RIGHT-OF-WAY","FAILING TO YIELD RIGHT-OF-WAY","1619","W","CERMAK RD","1034",,,,,,,"2","NO INDICATION OF INJURY","0","0","0","0","0","2","0","14","6","2","41.8522035295","-87.6668352541","POINT (-87.666835254094 41.852203529502)"
"2e3fd3cac78662b5c41537871860f113989c7b839a9feca6786b42996f7cbe3c4f1879ec9a4f4c61bc9e6db565c78ea64195a21e191231f90290714f6f8c728a",,"2026-02-13T14:25:00.000","55","NO CONTROLS","NO CONTROLS","CLEAR","DAYLIGHT","SIDESWIPE SAME DIRECTION","OTHER",,"STRAIGHT AND LEVEL","DRY","NO DEFECTS","NOT ON SCENE (DESK REPORT)","NO INJURY / DRIVE AWAY",,,,"$501 - $1,500","2026-02-13T14:26:00.000","IMPROPER OVERTAKING/PASSING","UNABLE TO DETERMINE","1335","W","CONGRESS PKWY","1231",,"Y",,,,,"2","NO INDICATION OF INJURY","0","0","0","0","0","3","0","14","6","2","41.8751678897","-87.6607992706","POINT (-87.660799270642 41.875167889658)"
"38932cb276a74ba499cf510bc8fe6e3b27aad4ac42accab3c7d1d43a8e2fb1787752d0a4f9395942ffb3aedf4ee8170deec4e184aba5be0a20fbf2542e66c42d",,"2026-02-13T14:25:00.000","30","TRAFFIC SIGNAL","FUNCTIONING PROPERLY","CLEAR","DAYLIGHT","REAR END","DIVIDED - W/MEDIAN (NOT RAISED)",,"STRAIGHT AND LEVEL","DRY","NO DEFECTS","ON SCENE","NO INJURY / DRIVE AWAY",,,,"$501 - $1,500","2026-02-13T15:06:00.000","FOLLOWING TOO CLOSELY","UNABLE TO DETERMINE","1119","W","95TH ST","2213",,,,,,,"2","NO INDICATION OF INJURY","0","0","0","0","0","4","0","14","6","2","41.7212484969","-87.6514263572","POINT (-87.651426357242 41.721248496891)"
"7178cb7d2619686a00acde960f91b8f156e1633d8e29adf3dc391170c5917d6cde6b53da816029cc4ef381d5a359e7af4044c93f8858b573ecbdf6399f574e21",,"2026-02-13T14:18:00.000","25","TRAFFIC SIGNAL","FUNCTIONING PROPERLY","CLEAR","DAYLIGHT","FIXED OBJECT","ONE-WAY",,"STRAIGHT AND LEVEL","DRY","NO DEFECTS","ON SCENE","INJURY AND / OR TOW DUE TO CRASH",,,,"OVER $1,500","2026-02-13T14:20:00.000","NOT APPLICABLE","NOT APPLICABLE","435","N","LOWER MICHIGAN AVE","1834",,,,,,,"1","NO INDICATION OF INJURY","0","0","0","0","0","1","0","14","6","2","41.8904226096","-87.6239989315","POINT (-87.623998931508 41.890422609593)"
"eef0d8b690fb33c57aa37ae163d52b45dd2567e9eb59ed57699ec0487e4ed6924459a3501fd2660e85bf87e2b3fed27f3e0d49c94efca8f20ad9247274d7615c",,"2026-02-13T14:18:00.000","10","NO CONTROLS","NO CONTROLS","CLEAR","DAYLIGHT","PARKED MOTOR VEHICLE","PARKING LOT",,"STRAIGHT AND LEVEL","DRY","NO DEFECTS","ON SCENE","NO INJURY / DRIVE AWAY",,,,"$500 OR LESS","2026-02-13T14:47:00.000","IMPROPER BACKING","NOT APPLICABLE","6400","S","PULASKI RD","813",,,,,,,"2","NO INDICATION OF INJURY","0","0","0","0","0","1","0","14","6","2","41.7767781789","-87.7228587184","POINT (-87.722858718441 41.77677817895)"
"32575708bc61f689d7dbb800b9926fc2b6bc502229187b39730cbcf58e9ee520eeafd40923f821de512310a541ab645cb91344b7547143e447672c25470fb9f6",,"2026-02-13T14:16:00.000","30","STOP SIGN/FLASHER","FUNCTIONING PROPERLY","CLEAR","DAYLIGHT","ANGLE","NOT DIVIDED",,"STRAIGHT AND LEVEL","DRY","NO DEFECTS","ON SCENE","INJURY AND / OR TOW DUE TO CRASH",,,,"OVER $1,500","2026-02-13T14:18:00.000","FAILING TO YIELD RIGHT-OF-WAY","FAILING TO YIELD RIGHT-OF-WAY","2501","W","71ST ST","832",,,,,,,"2","NO INDICATION OF INJURY","0","0","0","0","0","2","0","14","6","2","41.7645471574","-87.6857459538","POINT (-87.685745953797 41.764547157441)"