"crash_record_id","crash_date_est_i","crash_date","posted_speed_limit","traffic_control_device","device_condition","weather_condition","lighting_condition","first_crash_type","trafficway_type","lane_cnt","alignment","roadway_surface_cond","road_defect","report_type","crash_type","intersection_related_i","private_property_i","hit_and_run_i","damage","date_police_notified","prim_contributory_cause","sec_contributory_cause","street_no","street_direction","street_name","beat_of_occurrence","photos_taken_i","statements_taken_i","dooring_i","work_zone_i","work_zone_type","workers_present_i","num_units","most_severe_injury","injuries_total","injuries_fatal","injuries_incapacitating","injuries_non_incapacitating","injuries_reported_not_evident","injuries_no_indication","injuries_unknown","crash_hour","crash_day_of_week","crash_month","latitude","longitude","location"
"1627c5973c196bcb63898dc5a416a334ca5603850b73ef8cb4de3ffae370824920a7749bdddb607b6799b18ff0ff65df4cc93deb23a105a9365525b6eda1cd61",,"2026-02-13T14:14:00.000","30","TRAFFIC SIGNAL","FUNCTIONING PROPERLY","CLEAR","DAYLIGHT","TURNING","NOT DIVIDED",,"STRAIGHT AND LEVEL","DRY","NO DEFECTS","ON SCENE","INJURY AND / OR TOW DUE TO CRASH","Y",,,"OVER $1,500","2026-02-13T16:54:00.000","IMPROPER TURNING/NO SIGNAL","NOT APPLICABLE","5458","S","LARAMIE AVE","814",,,,,,,"2","NO INDICATION OF INJURY","0","0","0","0","0","2","0","14","6","2","41.7929760514","-87.7526561495","POINT (-87.752656149507 41.792976051381)"
"9c9e65ee14f8e44f034d7b6971ec575bd1af30c2d637dc58eea5ffcd8ec23f4914461398fa3c97652673d219fc1c5d4efe729ac8a7bd7fc8555a04a0a90e2959",,"2026-02-13T14:10:00.000","30","NO CONTROLS","NO CONTROLS","CLEAR","DAYLIGHT","SIDESWIPE SAME DIRECTION","DIVIDED - W/MEDIAN BARRIER",,"STRAIGHT AND LEVEL","DRY","NO DEFECTS","ON SCENE","INJURY AND / OR TOW DUE TO CRASH",,,,"OVER $1,500","2026-02-13T14:13:00.000","UNABLE TO DETERMINE","UNABLE TO DETERMINE","9400","S","STONY ISLAND AVE","413",,,,,,,"2","NO INDICATION OF INJURY","0","0","0","0","0","4","0","14","6","2","41.7240747838","-87.5853032325","POINT (-87.585303232497 41.724074783765)"
"8315097d5b181b1f43f3ed3c2daf8a8c1488ad1cad571b41db2eefcb44e8c6c0fa2653b149c121c51858fb02f007a250ac917f9e960624fb7195ee9bf8123394",,"2026-02-13T14:02:00.000","30","NO CONTROLS","NO CONTROLS","CLEAR","DAYLIGHT","TURNING","NOT DIVIDED",,"STRAIGHT AND LEVEL","DRY","NO DEFECTS","ON SCENE","INJURY AND / OR TOW DUE TO CRASH",,,,"OVER $1,500","2026-02-13T14:03:00.000","FAILING TO YIELD RIGHT-OF-WAY","NOT APPLICABLE","4054","N","KEDZIE AVE","1724",,,,,,,"3","NONINCAPACITATING INJURY","2","0","0","2","0","4","0","14","6","2","41.9555313337","-87.7082078565","POINT (-87.708207856499 41.955531333702)"
"19231b8856052eb4d6d16c1cd5dee5afff5c3633263125fa3d6556ccaa6f53d68185dca6871ddc243829258d2ebffe9db7d80408b843b6f78fd382763e0b63ee",,"2026-02-13T14:00:00.000","25","NO CONTROLS","NO CONTROLS","CLEAR","DAYLIGHT","ANGLE","ONE-WAY",,"STRAIGHT AND LEVEL","DRY","NO DEFECTS","NOT ON SCENE (DESK REPORT)","NO INJURY / DRIVE AWAY",,,,"OVER $1,500","2026-02-13T16:30:00.000","UNABLE TO DETERMINE","UNABLE TO DETERMINE","217","N","KOSTNER AVE","1114",,,,,,,"2","NO INDICATION OF INJURY","0","0","0","0","0","2","0","14","6","2","41.8838734667","-87.7354327355","POINT (-87.735432735509 41.88387346674)"
"49972240a221518a0c972cf7eef469e7ba2c2804020f0882be049471323a3af79d76f90a168a98b66b66034dcb18b3c50069cbd7ed0e33387bb0da095657f887",,"2026-02-13T14:00:00.000","30","NO CONTROLS","NO CONTROLS","CLEAR","DAYLIGHT","FIXED OBJECT","ONE-WAY",,"STRAIGHT AND LEVEL","DRY","UNKNOWN","ON SCENE","INJURY AND / OR TOW DUE TO CRASH",,,,"OVER $1,500","2026-02-13T14:02:00.000","DRIVING SKILLS/KNOWLEDGE/EXPERIENCE","UNABLE TO DETERMINE","2600","W","VAN BUREN ST","1125",,,,,,,"1","NO INDICATION OF INJURY","0","0","0","0","0","1","0","14","6","2","41.8761436054","-87.6914769611","POINT (-87.691476961092 41.876143605447)"
"cb7a66e480a09e1636fb771e9afb4604a94d4dddf47f84d43bab000d3411490b6c920f7ecac4754c578e8e4d3c5321df902a8bcfcc79e1644bdf62de61c38a61",,"2026-02-13T14:00:00.000","35","TRAFFIC SIGNAL","UNKNOWN","CLEAR","DAYLIGHT","REAR END","NOT DIVIDED",,"STRAIGHT AND LEVEL","DRY","UNKNOWN","ON SCENE","INJURY AND / OR TOW DUE TO CRASH",,,,"OVER $1,500","2026-02-13T14:05:00.000","FAILING TO REDUCE SPEED TO AVOID CRASH","DRIVING SKILLS/KNOWLEDGE/EXPERIENCE","5741","N","NAGLE AVE","1622","Y",,,,,,"2","REPORTED, NOT EVIDENT","1","0","0","0","1","1","0","14","6","2","41.9859102255","-87.7875302066","POINT (-87.787530206648 41.9859102255)"
"57d4f69bbb234b6c629b1e76fb9b7668f017418e4f49f4471010c54916e99c3573b4a10a281acd2d9b8a0d0c7f4382ad55ce837edb89ac638a6515bff0c41077",,"2026-02-13T13:58:00.000","25","NO CONTROLS","NO CONTROLS","CLEAR","DAYLIGHT","SIDESWIPE SAME DIRECTION","NOT DIVIDED",,"STRAIGHT AND LEVEL","UNKNOWN","UNKNOWN","NOT ON SCENE (DESK REPORT)","NO INJURY / DRIVE AWAY",,,,"OVER $1,500","2026-02-13T16:45:00.000","IMPROPER OVERTAKING/PASSING","NOT APPLICABLE","1144","S","WOLCOTT AVE","1231",,,,,,,"2","NO INDICATION OF INJURY","0","0","0","0","0","2","0","13","6","2","41.8670698822","-87.6737891941","POINT (-87.673789194128 41.867069882164)"
"66a3cd0a8d030ed3724e56f48909a96b70dc6ad31c927d5693bfee7ad9dd8c2820dba62de2075dfd16bd425e7ee8b8d4649a1660528c162beed1311ead245b63",,"2026-02-13T13:54:00.000","35","UNKNOWN","UNKNOWN","CLEAR","DAYLIGHT","REAR END","FOUR WAY",,"STRAIGHT AND LEVEL","DRY","NO DEFECTS","NOT ON SCENE (DESK REPORT)","NO INJURY / DRIVE AWAY",,,"Y","$500 OR LESS","2026-02-13T14:34:00.000","UNABLE TO DETERMINE","NOT APPLICABLE","7901","S","DR MARTIN LUTHER KING JR DR","624",,,,,,,"2","NO INDICATION OF INJURY","0","0","0","0","0","2","0","13","6","2","41.7510253304","-87.6148091501","POINT (-87.614809150056 41.751025330398)"
"c38675e8036be511cabe3bfdc9436de35bf56c4d71110d9f8a6c276649ff8495b6e4ba9684da0ef1b75e7ff129bb8f705672cc1ae6b169319cd6d0420b43657e",,"2026-02-13T13:50:00.000","30","TRAFFIC SIGNAL","UNKNOWN","CLEAR","DAYLIGHT","ANGLE","NOT DIVIDED",,"STRAIGHT AND LEVEL","WET","UNKNOWN","NOT ON SCENE (DESK REPORT)","NO INJURY / DRIVE AWAY","Y",,,"OVER $1,500","2026-02-13T14:20:00.000","IMPROPER OVERTAKING/PASSING","UNABLE TO DETERMINE","8249","S","COTTAGE GROVE AVE","631",,,,,,,"2","NO INDICATION OF INJURY","0","0","0","0","0","2","0","13","6","2","41.7443470249","-87.6048977326","POINT (-87.604897732586 41.744347024933)"
"2a6d323528ea94b8a96259a4406f1fa66480a41e09f80f2c1a404c1620c4458f8b623ed6e076fcae49faf2d32fe80ef1b9493388fb3ec21248f5df128054794e",,"2026-02-13T13:47:00.000","30","NO CONTROLS","NO CONTROLS","CLEAR","DAYLIGHT","SIDESWIPE SAME DIRECTION","NOT DIVIDED",,"STRAIGHT AND LEVEL","DRY","NO DEFECTS","NOT ON SCENE (DESK REPORT)","NO INJURY / DRIVE AWAY",,,"Y","$501 - $1,500","2026-02-13T17:00:00.000","IMPROPER OVERTAKING/PASSING","IMPROPER OVERTAKING/PASSING","5201","N","NAGLE AVE","1622",,,,,,,"2","NO INDICATION OF INJURY","0","0","0","0","0","2","0","13","6","2","41.9756832687","-87.7877262229","POINT (-87.787726222906 41.975683268696)"
"e9a478bca8ea1b95fc3a52cdca27f2a2a83ec7c31fe07e0760ccd90c9defb7c1d531e75f39625b3c2d90e6c22f7cd52a6ee5114902ebfafc884a9f298316697b",,"2026-02-13T13:40:00.000","30","NO CONTROLS","NO CONTROLS","CLEAR","DAYLIGHT","SIDESWIPE SAME DIRECTION","NOT DIVIDED",,"STRAIGHT AND LEVEL","DRY","NO DEFECTS","NOT ON SCENE (DESK REPORT)","NO INJURY / DRIVE AWAY",,,"Y","OVER $1,500","2026-02-13T14:21:00.000","IMPROPER OVERTAKING/PASSING","NOT APPLICABLE","4360","S","ARCHER AVE","821",,,,,,,"2","NO INDICATION OF INJURY","0","0","0","0","0","5","0","13","6","2","41.814224081","-87.7042618993","POINT (-87.704261899341 41.814224080998)"
"ec55ad2302039e1b5ad477a177640087ce76b0f6a1ee1e96c639249ef83e50c3fca0ca85952aca4c34ee9b648c4a78c2051df31f57dd7bea329b87f4eed5ddde",,"2026-02-13T13:40:00.000","25","TRAFFIC SIGNAL","FUNCTIONING PROPERLY","CLEAR","DAYLIGHT","TURNING","FOUR WAY",,"STRAIGHT AND LEVEL","DRY","NO DEFECTS","NOT ON SCENE (DESK REPORT)","NO INJURY / DRIVE AWAY","Y",,,"$501 - $1,500","2026-02-13T14:56:00.000","IMPROPER OVERTAKING/PASSING","IMPROPER OVERTAKING/PASSING","805","E","83RD ST","632",,,,,,,"2","NO INDICATION OF INJURY","0","0","0","0","0","2","0","13","6","2","41.7438631646","-87.6047965325","POINT (-87.604796532523 41.74386316456)"
"3812870e74d04330b0fa9dcbd9b7e10dce89db8fb9ac9e9b2e4b77b01f701990f6769b8a6fb055cdfff4a4f7802577b282bfeb2d24e6c9ce4986535524846a41",,"2026-02-13T13:38:00.000","25","TRAFFIC SIGNAL","FUNCTIONING PROPERLY","CLEAR","DAYLIGHT","REAR END","NOT DIVIDED",,"STRAIGHT AND LEVEL","DRY","NO DEFECTS","NOT ON SCENE (DESK REPORT)","NO INJURY / DRIVE AWAY",,,"Y","$501 - $1,500","2026-02-13T13:55:00.000","FOLLOWING TOO CLOSELY","UNABLE TO DETERMINE","758","W","31ST ST","914",,,,,,,"2","NO INDICATION OF INJURY","0","0","0","0","0","4","0","13","6","2","41.8381559611","-87.6462196139","POINT (-87.646219613883 41.838155961132)"
"b012756e54f66eeadcd836253def1197c48881110cfd767753fc050cd833ca840e85bfae8cd7e2bcb593c8b5a7ab2bdb72f127d63f4172692e564e39de71391b",,"2026-02-13T13:35:00.000","30","TRAFFIC SIGNAL","FUNCTIONING PROPERLY","CLEAR","DAYLIGHT","REAR END","NOT DIVIDED",,"STRAIGHT AND LEVEL","DRY","WORN SURFACE","ON SCENE","NO INJURY / DRIVE AWAY",,,,"OVER $1,500","2026-02-13T13:36:00.000","UNABLE TO DETERMINE","UNABLE TO DETERMINE","1828","W","MARQUETTE RD","726",,,,,,,"3","NO INDICATION OF INJURY","0","0","0","0","0","3","0","13","6","2","41.7722295634","-87.670034144","POINT (-87.67003414399 41.772229563382)"
"c7beb824f56b4345600fd208bf924688d7522511b1c04af7e1b311113e971a04925915474c131c751cbf10a6aba1c0d61aa79b8b3f98cf303672418d509c8a9c",,"2026-02-13T13:35:00.000","35","TRAFFIC SIGNAL","FUNCTIONING PROPERLY","CLEAR","DAYLIGHT","TURNING","T-INTERSECTION",,"STRAIGHT AND LEVEL","DRY","NO DEFECTS","ON SCENE","INJURY AND / OR TOW DUE TO CRASH","Y",,,"OVER $1,500","2026-02-13T14:50:00.000","FAILING TO YIELD RIGHT-OF-WAY","UNABLE TO DETERMINE","8059","S","CICERO AVE","834",,,,,,,"2","NONINCAPACITATING INJURY","2","0","0","2","0","1","0","13","6","2","41.7459782818","-87.7410999045","POINT (-87.741099904454 41.745978281848)"
"db7348a068cf03eb0c764a7321464aef09c6b2b806758f6c5661b2f97420cecb92972e0c566480ac3224638d080953483751281d44da5818967001a8d1a08042",,"2026-02-13T13:34:00.000","30","NO CONTROLS","NO CONTROLS","CLEAR","DAYLIGHT","REAR END","DIVIDED - W/MEDIAN BARRIER",,"STRAIGHT AND LEVEL","DRY","UNKNOWN","ON SCENE","NO INJURY / DRIVE AWAY",,,,"$501 - $1,500","2026-02-13T13:34:00.000","NOT APPLICABLE","NOT APPLICABLE","6298","S","HALSTED ST","712",,,,,,,"2","NO INDICATION OF INJURY","0","0","0","0","0","4","0","13","6","2","41.7797944163","-87.6449341904","POINT (-87.644934190393 41.779794416267)"
"13a2dd6f1228121f5607d97cc3f86bdf3f9616de4a6a57f67d16793b42d5f0d046979373bed3ab536fa974b8c162864c3c1091cb1df6fec1b8907601f121975b",,"2026-02-13T13:32:00.000","30","TRAFFIC SIGNAL","FUNCTIONING PROPERLY","CLEAR","DAYLIGHT","PEDESTRIAN","T-INTERSECTION",,"STRAIGHT AND LEVEL","DRY","NO DEFECTS","NOT ON SCENE (DESK REPORT)","INJURY AND / OR TOW DUE TO CRASH","Y",,,"$500 OR LESS","2026-02-13T14:15:00.000","NOT APPLICABLE","NOT APPLICABLE","4825","N","MILWAUKEE AVE","1623",,,,,,,"2","NONINCAPACITATING INJURY","1","0","0","1","0","1","0","13","6","2","41.9684666707","-87.7610810109","POINT (-87.761081010906 41.968466670749)"
"50a224b2aa1e248e514d2f4f8b17cd2115bdc66bd90ac4589ad43dd87f64c1e1af4e3251bf93452ad5c136e33c4059174b24e31b7e762b87d4dfd7fac36f758f",,"2026-02-13T13:30:00.000","30","TRAFFIC SIGNAL","FUNCTIONING PROPERLY","CLEAR","DAYLIGHT","SIDESWIPE SAME DIRECTION","NOT DIVIDED",,"STRAIGHT AND LEVEL","DRY","NO DEFECTS","ON SCENE","NO INJURY / DRIVE AWAY",,,,"OVER $1,500","2026-02-13T13:45:00.000","UNABLE TO DETERMINE","UNABLE TO DETERMINE","2239","N","CLYBOURN AVE","1811",,,,,,,"4","NO INDICATION OF INJURY","0","0","0","0","0","3","0","13","6","2","41.9224449729","-87.6653412683","POINT (-87.665341268349 41.922444972918)"
"fe2c0aead879259de2ccdb56169990f14359e1e87cb525ca9e7062bb30c3bebe2287742d5482d05347d2148e22995b92a0cedc57e11aeefedf4e68598b6551f2",,"2026-02-13T13:30:00.000","30","NO CONTROLS","NO CONTROLS","CLEAR","DAYLIGHT","SIDESWIPE SAME DIRECTION","NOT DIVIDED",,"STRAIGHT AND LEVEL","DRY","UNKNOWN","NOT ON SCENE (DESK REPORT)","NO INJURY / DRIVE AWAY",,,,"OVER $1,500","2026-02-13T16:16:00.000","IMPROPER OVERTAKING/PASSING","NOT APPLICABLE","6655","S","CALIFORNIA AVE","831",,,,,,,"2","NO INDICATION OF INJURY","0","0","0","0","0","2","0","13","6","2","41.7720285567","-87.6930640798","POINT (-87.69306407979 41.772028556652)"
"fc0751b5ff93d54f42af10b69ca52e43107db856b8fa3e081825a857b0271a02f47c47a8000375b5af157e3cdf85f7e87d9e62137f374526a77dbf5ad6f8320b",,"2026-02-13T13:27:00.000","30","TRAFFIC SIGNAL","FUNCTIONING PROPERLY","CLEAR","DAYLIGHT","TURNING","DIVIDED - W/MEDIAN (NOT RAISED)",,"STRAIGHT AND LEVEL","DRY","NO DEFECTS","ON SCENE","INJURY AND / OR TOW DUE TO CRASH",,,,"OVER $1,500","2026-02-13T13:28:00.000","IMPROPER TURNING/NO SIGNAL","NOT APPLICABLE","1551","N","ASHLAND AVE","1433",,,,,,,"2","NO INDICATION OF INJURY","0","0","0","0","0","2","0","13","6","2","41.9103439896","-87.6675375573","POINT (-87.667537557276 41.910343989598)"
"2e6f9243a7028e320584e45eb28a4d29ecd5745284a7b2282a3bb63321556333386606028bb966b0c30f837155cecc4985b2ceba48bdbff9c876032180e44fe3",,"2026-02-13T13:23:00.000","35","NO CONTROLS","NO CONTROLS","CLEAR","DAYLIGHT","PARKED MOTOR VEHICLE","NOT DIVIDED",,"STRAIGHT AND LEVEL","DRY","NO DEFECTS","ON SCENE","INJURY AND / OR TOW DUE TO CRASH",,,"Y","OVER $1,500","2026-02-13T13:35:00.000","UNABLE TO DETERMINE","UNABLE TO DETERMINE","703","E","73RD ST","323",,"Y",,,,,"3","NO INDICATION OF INJURY","0","0","0","0","0","2","0","13","6","2","41.7620799911","-87.6077794143","POINT (-87.607779414314 41.762079991091)"
"af8fe8722542877043f4977d3c6cafe6c498eff47323c6ddcd7cc45f47412142aba156e1ebe0c40d56f73f6465e1c8ad388adf3be92581e1e62e3ec8be16a643","Y","2026-02-13T13:20:00.000","30","UNKNOWN","UNKNOWN","UNKNOWN","UNKNOWN","SIDESWIPE SAME DIRECTION","DIVIDED - W/MEDIAN BARRIER",,"STRAIGHT AND LEVEL","UNKNOWN","UNKNOWN","NOT ON SCENE (DESK REPORT)","NO INJURY / DRIVE AWAY",,,,"$500 OR LESS","2026-02-13T14:08:00.000","DRIVING SKILLS/KNOWLEDGE/EXPERIENCE","UNABLE TO DETERMINE","320","S","MICHIGAN AVE","113",,,,,,,"2","NO INDICATION OF INJURY","0","0","0","0","0","3","0","13","6","2","41.8777544343","-87.6244538721","POINT (-87.62445387207 41.877754434302)"
"216b46c95af033744463313912e053404eb35c2a0d41ee70f8f2ef6b2a5b32746f29510bf955bf3fa05dbb0021bd4cf74781755656d88fe69d5a7a6a724f1d1e",,"2026-02-13T13:17:00.000","30","TRAFFIC SIGNAL","FUNCTIONING PROPERLY","CLEAR","DAYLIGHT","TURNING","NOT DIVIDED",,"STRAIGHT AND LEVEL","DRY","UNKNOWN","NOT ON SCENE (DESK REPORT)","NO INJURY / DRIVE AWAY",,,,"$500 OR LESS","2026-02-13T15:40:00.000","UNABLE TO DETERMINE","UNABLE TO DETERMINE","7899","S","CICERO AVE","834",,,,,,,"2","NO INDICATION OF INJURY","0","0","0","0","0","2","0","13","6","2","41.7492463346","-87.7412201409","POINT (-87.741220140926 41.749246334623)"
"7e0014b92e9942d72f9f07f775643378a0dfa3c0ed7628c16af582fba4d4ed95203df748cbc4db5d85bb9a075dba8b03ae14263140fe789a671bbc6ee441f870",,"2026-02-13T13:15:00.000","15","STOP SIGN/FLASHER","FUNCTIONING PROPERLY","CLEAR","DAYLIGHT","PARKED MOTOR VEHICLE","ONE-WAY",,"STRAIGHT AND LEVEL","DRY","NO DEFECTS","ON SCENE","NO INJURY / DRIVE AWAY",,,,"$500 OR LESS","2026-02-13T13:20:00.000","IMPROPER BACKING","NOT APPLICABLE","1121","W","ROSCOE ST","1924",,,,,,,"2","NO INDICATION OF INJURY","0","0","0","0","0","1","0","13","6","2","41.9434073363","-87.6575408832","POINT (-87.657540883205 41.943407336314)"
"c23fd8aef737167f60102f7cf743ed36b1be0ab5a2d89de8b0211b0cd5f8b2b00a417b0194e84d8acac4404551033483529779f068e29f6a588299659ab8a1d7",,"2026-02-13T13:15:00.000","25","TRAFFIC SIGNAL","FUNCTIONING PROPERLY","CLEAR","DAYLIGHT","PEDALCYCLIST","FOUR WAY",,"STRAIGHT AND LEVEL","DRY","NO DEFECTS","NOT ON SCENE (DESK REPORT)","INJURY AND / OR TOW DUE TO CRASH","Y",,,"OVER $1,500","2026-02-14T12:00:00.000","UNABLE TO DETERMINE","NOT APPLICABLE","1775","W","GREENLEAF AVE","2424",,,,,,,"2","REPORTED, NOT EVIDENT","1","0","0","0","1","1","0","13","6","2","42.0100837039","-87.675222508","POINT (-87.675222508002 42.010083703867)"
"3617f01c275325843c28f440bb55393ef5a71254c7e5dc4fbafa362003d532d46170b2902d65b29fdf1c17ef41c170272aab423c075b0df3216c3f6d434c004b",,"2026-02-13T13:14:00.000","30","NO CONTROLS","NO CONTROLS","CLEAR","DAYLIGHT","REAR END","NOT DIVIDED",,"STRAIGHT AND LEVEL","DRY","NO DEFECTS","NOT ON SCENE (DESK REPORT)","NO INJURY / DRIVE AWAY",,,,"OVER $1,500","2026-02-13T13:55:00.000","UNABLE TO DETERMINE","NOT APPLICABLE","1231","S","PULASKI RD","1011",,,,,,,"2","NO INDICATION OF INJURY","0","0","0","0","0","2","0","13","6","2","41.8652012374","-87.7249930668","POINT (-87.724993066803 41.865201237373)"
"518dd412ba0ff908cdd8babb430a1a70e87478e811685d7ca2aa90a4ee9657863a572f3837d14d6d8d0f1ce769c6bf8d9db4944ead659b80418f7e85eee6f597",,"2026-02-13T13:09:00.000","30","UNKNOWN","UNKNOWN","CLEAR","DAYLIGHT","PARKED MOTOR VEHICLE","NOT DIVIDED",,"STRAIGHT AND LEVEL","DRY","UNKNOWN","NOT ON SCENE (DESK REPORT)","NO INJURY / DRIVE AWAY",,,,"$500 OR LESS","2026-02-13T14:45:00.000","UNABLE TO DETERMINE","NOT APPLICABLE","609","N","HOMAN AVE","1121",,,,,,,"2","NO INDICATION OF INJURY","0","0","0","0","0","1","0","13","6","2","41.8921650811","-87.7111891308","POINT (-87.711189130833 41.892165081103)"
"85fde52c6634abb490116ef7a6be0284bd59d751ff23adef014f0d0ee1d520c591e44a8742c7dcabf91e5093570b017c63f5fc3cf6ca69157481b3870d978133",,"2026-02-13T13:05:00.000","30","OTHER","FUNCTIONING PROPERLY","CLEAR","DAYLIGHT","REAR END","NOT DIVIDED",,"STRAIGHT AND LEVEL","DRY","OTHER","ON SCENE","NO INJURY / DRIVE AWAY",,,"Y","$501 - $1,500","2026-02-13T13:10:00.000","UNABLE TO DETERMINE","UNABLE TO DETERMINE","4642","W","63RD ST","813",,,,,,,"2","NO INDICATION OF INJURY","0","0","0","0","0","2","0","13","6","2","41.7785750175","-87.73910513","POINT (-87.739105129975 41.778575017496)"
"28005fbe3cd7fe5537e0c13e483be385eb5a8001b44b884904bd70c4781d878d9f8550c46b0982beaf412c0aa16b8407ed1aa5bade0caa999b0d28003571a377",,"2026-02-13T13:00:00.000","30","TRAFFIC SIGNAL","FUNCTIONING PROPERLY","CLEAR","DAYLIGHT","TURNING","FOUR WAY",,"STRAIGHT AND LEVEL","DRY","NO DEFECTS","NOT ON SCENE (DESK REPORT)","NO INJURY / DRIVE AWAY","Y",,,"OVER $1,500","2026-02-13T13:25:00.000","FAILING TO YIELD RIGHT-OF-WAY","NOT APPLICABLE","4700","S","WOODLAWN AVE","222",,,,,,,"2","NO INDICATION OF INJURY","0","0","0","0","0","2","0","13","6","2","41.8096168848","-87.596978768","POINT (-87.596978768042 41.809616884806)"
"4ba5ce5c1ddc4f7269d7b1df3d3bfb5429738109239f1ee6b88b6b73c6c482bc47381f454cb8ad2a848068c0078eaa79be79a9144e6414a64b89bde5ae819c6c",,"2026-02-13T12:59:00.000","30","TRAFFIC SIGNAL","FUNCTIONING PROPERLY","CLEAR","DAYLIGHT","PEDESTRIAN","FOUR WAY",,"STRAIGHT AND LEVEL","DRY","NO DEFECTS","ON SCENE","INJURY AND / OR TOW DUE TO CRASH","Y",,,"OVER $1,500","2026-02-13T12:59:00.000","DISREGARDING TRAFFIC SIGNALS","NOT APPLICABLE","400","E","63RD ST","313",,,,,,,"2","REPORTED, NOT EVIDENT","1","0","0","0","1","3","0","12","6","2","41.7803499669","-87.6155653129","POINT (-87.615565312868 41.780349966941)"
"04c960939840df9a63346bcb07e91b34ced4b036aa13f4519e92d634c795bf67bb09266149bc7862254e4e8c9febc234e6a5d2d546567a889db34e0673167535",,"2026-02-13T12:51:00.000","30","NO CONTROLS","NO CONTROLS","CLEAR","DAYLIGHT","PARKED MOTOR VEHICLE","PARKING LOT",,"STRAIGHT AND LEVEL","DRY","NO DEFECTS","ON SCENE","NO INJURY / DRIVE AWAY",,,"Y","$501 - $1,500","2026-02-13T13:34:00.000","IMPROPER BACKING","NOT APPLICABLE","3450","S","CALIFORNIA AVE","911",,,,,,,"2","NO INDICATION OF INJURY","0","0","0","0","0","1","0","12","6","2","41.8304028226","-87.6949524679","POINT (-87.694952467868 41.830402822602)"
"538daeaf2fd336d3715632cb0af0601bbdf9390703511b0746313f099c40baa3fcaef4b193146523dd8b232b78783562c070064e03e117770174ace35bd83575",,"2026-02-13T12:50:00.000","35","NO CONTROLS","NO CONTROLS","CLEAR","DAYLIGHT","ANGLE","NOT DIVIDED",,"STRAIGHT ON GRADE","UNKNOWN","UNKNOWN","ON SCENE","NO INJURY / DRIVE AWAY",,,,"OVER $1,500","2026-02-13T12:51:00.000","UNABLE TO DETERMINE","UNABLE TO DETERMINE","18","N","PARKSIDE AVE","1513",,,,,,,"2","NO INDICATION OF INJURY","0","0","0","0","0","2","0","12","6","2","41.8807813886","-87.7666694481","POINT (-87.766669448054 41.880781388589)"
"840946706ccf505d14fc18779fb2940d4f00f516a4a9df84fd2a06cd94597eaa048e07686619c7d100a3fb65908a8b9ae32b00bddcc06b8613aa4621ebc8f5a5",,"2026-02-13T12:50:00.000","30","NO CONTROLS","NO CONTROLS","CLEAR","DAYLIGHT","REAR END","NOT DIVIDED",,"STRAIGHT AND LEVEL","DRY","UNKNOWN","NOT ON SCENE (DESK REPORT)","NO INJURY / DRIVE AWAY",,,,"OVER $1,500","2026-02-13T15:00:00.000","IMPROPER BACKING","NOT APPLICABLE","4456","W","ALTGELD ST","2524",,,,,,,"2","NO INDICATION OF INJURY","0","0","0","0","0","2","0","12","6","2","41.9264363971","-87.73887082","POINT (-87.738870820036 41.926436397081)"
"f5c337c0e5860a8ba0080e74587365df96e4ef3bbfcacb092657966419629c38214a5f373f858d51092e018734a2bc344a46935f38f5be94a073336af7e6f60f",,"2026-02-13T12:50:00.000","30","TRAFFIC SIGNAL","FUNCTIONING PROPERLY","CLEAR","DAYLIGHT","SIDESWIPE SAME DIRECTION","NOT DIVIDED",,"STRAIGHT AND LEVEL","DRY","NO DEFECTS","NOT ON SCENE (DESK REPORT)","NO INJURY / DRIVE AWAY",,,,"$501 - $1,500","2026-02-13T13:03:00.000","NOT APPLICABLE","NOT APPLICABLE","7400","S","LOOMIS BLVD","734",,,,,,,"2","NO INDICATION OF INJURY","0","0","0","0","0","3","0","12","6","2","41.7594343236","-87.6589700191","POINT (-87.658970019107 41.7594343236)"
"c412eb1ae96be279aafba5f264474521d50f822de464ee4bf4c43e8de02a4683a21704c6bd301a5a8f866ae8d1d0edae2559d063bfe6168fc2a7a85910c37f38",,"2026-02-13T12:48:00.000","30","TRAFFIC SIGNAL","FUNCTIONING PROPERLY","CLEAR","DAYLIGHT","TURNING","DIVIDED - W/MEDIAN (NOT RAISED)",,"STRAIGHT AND LEVEL","DRY","NO DEFECTS",,"NO INJURY / DRIVE AWAY","Y",,"Y","OVER $1,500","2026-02-13T18:10:00.000","UNABLE TO DETERMINE","UNABLE TO DETERMINE","744","S","LARAMIE AVE","1522",,,,,,,"2","NO INDICATION OF INJURY","0","0","0","0","0","2","0","12","6","2","41.8706551614","-87.7548549009","POINT (-87.754854900881 41.870655161381)"
"fe812787a63c6bdd72e1b49b79b53452de19b3aa35a377f971a60fcb259fdd367ac0ee4c1aca01044cf63836fee0a7f75f75ecefd2245128d6b305e99a0c8e2c",,"2026-02-13T12:43:00.000","30","NO CONTROLS","NO CONTROLS","CLEAR","DAYLIGHT","SIDESWIPE SAME DIRECTION","DIVIDED - W/MEDIAN (NOT RAISED)",,"STRAIGHT ON GRADE","DRY","NO DEFECTS","ON SCENE","NO INJURY / DRIVE AWAY",,,"Y","OVER $1,500","2026-02-13T12:47:00.000","FAILING TO YIELD RIGHT-OF-WAY","FAILING TO YIELD RIGHT-OF-WAY","1130","W","DIVISION ST","1822",,,,,,,"2","NO INDICATION OF INJURY","0","0","0","0","0","4","0","12","6","2","41.9036242812","-87.6569531516","POINT (-87.656953151592 41.903624281157)"