"crash_record_id","crash_date_est_i","crash_date","posted_speed_limit","traffic_control_device","device_condition","weather_condition","lighting_condition","first_crash_type","trafficway_type","lane_cnt","alignment","roadway_surface_cond","road_defect","report_type","crash_type","intersection_related_i","private_property_i","hit_and_run_i","damage","date_police_notified","prim_contributory_cause","sec_contributory_cause","street_no","street_direction","street_name","beat_of_occurrence","photos_taken_i","statements_taken_i","dooring_i","work_zone_i","work_zone_type","workers_present_i","num_units","most_severe_injury","injuries_total","injuries_fatal","injuries_incapacitating","injuries_non_incapacitating","injuries_reported_not_evident","injuries_no_indication","injuries_unknown","crash_hour","crash_day_of_week","crash_month","latitude","longitude","location"
"4c8b75f952d13a418c685712c51ae60c91c94118e53ca16094e5c80934ba6011c66d55ba9dd18ff925aff32355b0bc5f380c9652c7417ffc250d13e95be0fc1d",,"2026-02-13T12:37:00.000","30","STOP SIGN/FLASHER","FUNCTIONING PROPERLY","CLEAR","DAYLIGHT","TURNING","DIVIDED - W/MEDIAN (NOT RAISED)",,"STRAIGHT AND LEVEL","DRY","NO DEFECTS","ON SCENE","INJURY AND / OR TOW DUE TO CRASH","Y",,,"OVER $1,500","2026-02-13T12:38:00.000","FAILING TO YIELD RIGHT-OF-WAY","UNABLE TO DETERMINE","7900","S","GREEN ST","621",,,,,,,"2","NONINCAPACITATING INJURY","1","0","0","1","0","2","0","12","6","2","41.7505303011","-87.6453986653","POINT (-87.645398665341 41.750530301051)"
"b29ba6495835ec776d750936d217cb77692624160fa17256ac69243c4ea2d414856453c7ef7dbb3b6d8b819121a9d3556f6710d6a98fd7bfe5cd31b277e04879",,"2026-02-13T12:35:00.000","30","NO CONTROLS","UNKNOWN","CLEAR","UNKNOWN","REAR TO REAR","OTHER",,"STRAIGHT AND LEVEL","DRY","NO DEFECTS","NOT ON SCENE (DESK REPORT)","NO INJURY / DRIVE AWAY",,,"Y","OVER $1,500","2026-02-13T14:24:00.000","FOLLOWING TOO CLOSELY","IMPROPER OVERTAKING/PASSING","2009","S","WABASH AVE","131","N",,,,,,"2","NO INDICATION OF INJURY","0","0","0","0","0","2","0","12","6","2","41.855181877","-87.6254056573","POINT (-87.625405657306 41.855181877027)"
"26aef9783398b6c7618f87499db3af199d12e0fceeb1438919292c1cae1f8ff3a0625ea4e2e5534c36de9ba342f22cd540207cd1909099cfa87554a637eee12e",,"2026-02-13T12:30:00.000","25","STOP SIGN/FLASHER","FUNCTIONING PROPERLY","CLEAR","DAYLIGHT","SIDESWIPE SAME DIRECTION","ONE-WAY",,"STRAIGHT AND LEVEL","DRY","NO DEFECTS","ON SCENE","NO INJURY / DRIVE AWAY",,,"Y","OVER $1,500","2026-02-13T12:40:00.000","IMPROPER OVERTAKING/PASSING","NOT APPLICABLE","9700","S","INDIANA AVE","511",,,,,,,"2","NO INDICATION OF INJURY","0","0","0","0","0","2","0","12","6","2","41.7180749557","-87.6190693772","POINT (-87.619069377176 41.718074955662)"
"6fd800b854f0ed446582d8fe08b85b0ae4d8f50802d1b1ac3a5f73887d6cec7e234aeb393a8cecc79c21102885b615f2355c5e7fa60095357626e46c48cc8a79",,"2026-02-13T12:28:00.000","30","STOP SIGN/FLASHER","FUNCTIONING PROPERLY","CLEAR","DAYLIGHT","TURNING","DIVIDED - W/MEDIAN (NOT RAISED)",,"STRAIGHT AND LEVEL","DRY","NO DEFECTS","NOT ON SCENE (DESK REPORT)","INJURY AND / OR TOW DUE TO CRASH","N",,"Y","OVER $1,500","2026-02-13T16:40:00.000","UNABLE TO DETERMINE","UNABLE TO DETERMINE","3500","W","IRVING PARK RD","1723",,,,,,,"2","REPORTED, NOT EVIDENT","3","0","0","0","3","1","0","12","6","2","41.953930482","-87.7154261961","POINT (-87.715426196115 41.953930481958)"
"0d972aa2bb780f84e0b84a427494c8cefda0c57b047999f121f819a3306625d683b4e5f444d7213453ef3076cf44f6f7ea16092c7b867a540706790580b7d790",,"2026-02-13T12:21:00.000","30","NO CONTROLS","NO CONTROLS","CLEAR","DAYLIGHT","REAR END","DIVIDED - W/MEDIAN BARRIER",,"STRAIGHT AND LEVEL","DRY","NO DEFECTS","NOT ON SCENE (DESK REPORT)","NO INJURY / DRIVE AWAY",,,,"OVER $1,500","2026-02-13T14:00:00.000","UNABLE TO DETERMINE","UNABLE TO DETERMINE","3700","N","CUMBERLAND AVE","1631",,,,,,,"2","NO INDICATION OF INJURY","0","0","0","0","0","2","0","12","6","2","41.9466676743","-87.8366449849","POINT (-87.836644984852 41.946667674261)"
"1837f21208182e842399e1223b255e88a8bd8e9250335e84d6e5dd016df07ce4b63c6b8b72a0c87535fda2dd82541dfe779e8094ef689e1c87ba88a54050d086",,"2026-02-13T12:19:00.000","30","NO CONTROLS","NO CONTROLS","CLEAR","DAYLIGHT","SIDESWIPE SAME DIRECTION","NOT DIVIDED",,"STRAIGHT AND LEVEL","DRY","NO DEFECTS","ON SCENE","NO INJURY / DRIVE AWAY","Y",,,"OVER $1,500","2026-02-13T12:20:00.000","UNABLE TO DETERMINE","IMPROPER TURNING/NO SIGNAL","4200","W","LAKE ST","1114",,,,,,,"2","NO INDICATION OF INJURY","0","0","0","0","0","2","0","12","6","2","41.8858584262","-87.7308374451","POINT (-87.730837445119 41.885858426161)"
"aaf00f3a45a024436cc32c40843a57bfa252cbd335946a29d75670106188e5d42bec505db5a60f1c5829d078e221a8dc31fdd8d01471cc40bc7f115216352c87",,"2026-02-13T12:19:00.000","30","NO CONTROLS","NO CONTROLS","CLEAR","DAYLIGHT","REAR END","NOT DIVIDED",,"STRAIGHT AND LEVEL","DRY","UNKNOWN","NOT ON SCENE (DESK REPORT)","NO INJURY / DRIVE AWAY",,,,"OVER $1,500","2026-02-13T16:00:00.000","UNABLE TO DETERMINE","NOT APPLICABLE","3704","N","CUMBERLAND AVE","1631",,,,,,,"2","NO INDICATION OF INJURY","0","0","0","0","0","2","0","12","6","2","41.9467821865","-87.8366468789","POINT (-87.836646878857 41.946782186453)"
"b330a696ad97e4b18ff194ce802755ed9b51a69b3a3625d467319205b03a0e665230a01c0b5f18bf09f43ecdca0915ed38c9df0a3490f219c6519c6661323abd",,"2026-02-13T12:15:00.000","20","TRAFFIC SIGNAL","FUNCTIONING PROPERLY","CLEAR","DAYLIGHT","ANGLE","OTHER",,"STRAIGHT AND LEVEL","DRY","NO DEFECTS","NOT ON SCENE (DESK REPORT)","NO INJURY / DRIVE AWAY","Y",,,"OVER $1,500","2026-02-17T18:30:00.000","UNABLE TO DETERMINE","NOT APPLICABLE","33","E","IDA B WELLS DR","123",,,,,,,"2","NO INDICATION OF INJURY","0","0","0","0","0","2","0","12","6","2","41.8755731605","-87.6263761117","POINT (-87.626376111661 41.875573160461)"
"14fc28726d26d63c612c6d02cba781761d4bcc786c28a4a9f008fb927a38970257bebfcda2ae5ec21e90b5c6cb23b94fe983e278e4d296e5ff7c9ae368be3879",,"2026-02-13T12:10:00.000","35","TRAFFIC SIGNAL","FUNCTIONING PROPERLY","CLEAR","DAYLIGHT","PEDALCYCLIST","ONE-WAY",,"STRAIGHT AND LEVEL","DRY","NO DEFECTS","ON SCENE","INJURY AND / OR TOW DUE TO CRASH",,,"Y","$500 OR LESS","2026-02-13T12:30:00.000","FAILING TO YIELD RIGHT-OF-WAY","NOT APPLICABLE","199","N","FRANKLIN ST","122",,,"Y",,,,"2","NONINCAPACITATING INJURY","1","0","0","1","0","1","0","12","6","2","41.8857028627","-87.6352631326","POINT (-87.635263132554 41.885702862742)"
"72bb15c69c5bc65154963ef2b43d8e532b4975abdf311c3cc62972023ea1dfddb6f0b751f0811227a6e0140cfe0195dfb7d99629b6e8d4f33cc79afa8bdc6378",,"2026-02-13T12:00:00.000","15","NO CONTROLS","NO CONTROLS","CLEAR","DAYLIGHT","PARKED MOTOR VEHICLE","NOT DIVIDED",,"STRAIGHT AND LEVEL","DRY","NO DEFECTS","NOT ON SCENE (DESK REPORT)","NO INJURY / DRIVE AWAY",,,,"OVER $1,500","2026-02-13T15:35:00.000","IMPROPER OVERTAKING/PASSING","FAILING TO REDUCE SPEED TO AVOID CRASH","5027","N","HARDING AVE","1712",,,,,,,"2","NO INDICATION OF INJURY","0","0","0","0","0","1","0","12","6","2","41.9726747606","-87.7267947263","POINT (-87.726794726327 41.972674760574)"
"b34e5fd652689fbf60b8e3444d8440d15d3b149aceada1c50ac1993fe375e84b96716487b0d81bad9e0a0acc97bc635700b2162f4dacb7f21de7051c942ef786",,"2026-02-13T12:00:00.000","30","NO CONTROLS","NO CONTROLS","CLEAR","DAYLIGHT","REAR END","DIVIDED - W/MEDIAN BARRIER",,"STRAIGHT AND LEVEL","DRY","NO DEFECTS","ON SCENE","NO INJURY / DRIVE AWAY",,,,"OVER $1,500","2026-02-13T12:31:00.000","FAILING TO REDUCE SPEED TO AVOID CRASH","FOLLOWING TOO CLOSELY","9500","S","STONY ISLAND AVE","511",,,,,,,"2","NO INDICATION OF INJURY","0","0","0","0","0","2","0","12","6","2","41.722257273","-87.5852755651","POINT (-87.585275565077 41.722257273006)"
"bb6e1b49f2cbed20b2ffdf54fff77746067daf200b8be94a5d2fbdd85a2eeee95791c7125742948e8aa5d0f557969a37ed7c34512ce87ce593c3837cdc7edff1","Y","2026-02-13T12:00:00.000","20","NO CONTROLS","NO CONTROLS","CLEAR","DAYLIGHT","PARKED MOTOR VEHICLE","ONE-WAY",,"STRAIGHT AND LEVEL","DRY","NO DEFECTS","NOT ON SCENE (DESK REPORT)","NO INJURY / DRIVE AWAY",,,"Y","OVER $1,500","2026-02-14T11:00:00.000","UNABLE TO DETERMINE","UNABLE TO DETERMINE","440","W","BELDEN AVE","1812",,,,,,,"2","NO INDICATION OF INJURY","0","0","0","0","0","1","0","12","6","2","41.9238593371","-87.6406833547","POINT (-87.640683354728 41.92385933714)"
"edb76909519a74405d905632016de007265c366c8ec2deeff85ee42b21db88464d0b81eea0d1e44469e45789ff4a1de4b3eb2096425311f75af632ffe4cc30b6",,"2026-02-13T12:00:00.000","30","NO CONTROLS","NO CONTROLS","CLEAR","DAYLIGHT","PARKED MOTOR VEHICLE","NOT DIVIDED",,"STRAIGHT AND LEVEL","DRY","NO DEFECTS","NOT ON SCENE (DESK REPORT)","NO INJURY / DRIVE AWAY",,,"Y","OVER $1,500","2026-02-13T12:50:00.000","UNABLE TO DETERMINE","NOT APPLICABLE","2851","N","ASHLAND AVE","1932",,,,,,,"2","NO INDICATION OF INJURY","0","0","0","0","0","1","0","12","6","2","41.9339303614","-87.6683020497","POINT (-87.668302049654 41.93393036137)"
"0323fe6a53b3e1d1704755da67e3f13980563f18f150e659947ab305b2e2b90fd19f6500d10e908f07aaec8f13ff12580a30621b547a7292ffe4f13b215de653","Y","2026-02-13T11:50:00.000","35","NO CONTROLS","NO CONTROLS","CLEAR","DAYLIGHT","REAR END","DIVIDED - W/MEDIAN BARRIER",,"STRAIGHT AND LEVEL","DRY","NO DEFECTS","ON SCENE","NO INJURY / DRIVE AWAY",,,,"$500 OR LESS","2026-02-13T11:51:00.000","UNABLE TO DETERMINE","UNABLE TO DETERMINE","430","W","95TH ST","2223",,,,,,,"2","NO INDICATION OF INJURY","0","0","0","0","0","4","0","11","6","2","41.7216863041","-87.6347082334","POINT (-87.634708233448 41.721686304073)"
"ab5dddcb7fd11de1b65eae0ff3465c4d1e861bf741d055875a709dd2688212c5c41a6d7d0aa84928c8babb74c95e55d901d646d2049580c4c570cd4ae391873e","Y","2026-02-13T11:48:00.000","40","NO CONTROLS","NO CONTROLS","CLEAR","DAYLIGHT","FIXED OBJECT","NOT DIVIDED",,"STRAIGHT AND LEVEL","DRY","NO DEFECTS","ON SCENE","INJURY AND / OR TOW DUE TO CRASH",,,,"OVER $1,500","2026-02-13T11:48:00.000","DRIVING SKILLS/KNOWLEDGE/EXPERIENCE","DRIVING SKILLS/KNOWLEDGE/EXPERIENCE","12740","S","DOTY AVE W","532",,,,,,,"1","NO INDICATION OF INJURY","0","0","0","0","0","1","0","11","6","2","41.6626327706","-87.5916335165","POINT (-87.591633516503 41.662632770601)"
"2212696f9c4a031033e88d6243dce69c42a5ff8274cc82501b5ebd96a24c6882ceb748e9aa1eddf59e103b3b5945706645da0f8911b09322a15c91477056042b",,"2026-02-13T11:45:00.000","30","UNKNOWN","UNKNOWN","CLEAR","DAYLIGHT","REAR TO SIDE","OTHER",,"STRAIGHT AND LEVEL","DRY","UNKNOWN","NOT ON SCENE (DESK REPORT)","NO INJURY / DRIVE AWAY",,,,"OVER $1,500","2026-02-13T17:00:00.000","UNABLE TO DETERMINE","NOT APPLICABLE","7158","S","STONY ISLAND AVE","324",,,,,,,"2","NO INDICATION OF INJURY","0","0","0","0","0","2","0","11","6","2","41.7642768682","-87.5864285415","POINT (-87.586428541523 41.764276868225)"
"987c125a899f23d157d4dc45ae62b354a6012a5b6c91c50fba948a06ade152c5a96f4041499f2fe049e259442af501b928840810c96e88335929a16f0994876b",,"2026-02-13T11:40:00.000","30","NO CONTROLS","NO CONTROLS","CLEAR","DAYLIGHT","TURNING","DIVIDED - W/MEDIAN (NOT RAISED)",,"STRAIGHT AND LEVEL","DRY","NO DEFECTS","ON SCENE","INJURY AND / OR TOW DUE TO CRASH",,,,"OVER $1,500","2026-02-13T11:45:00.000","IMPROPER TURNING/NO SIGNAL","UNABLE TO DETERMINE","6407","W","MONTROSE AVE","1632",,,,,,,"2","NONINCAPACITATING INJURY","1","0","0","1","0","1","0","11","6","2","41.9601003301","-87.7871327957","POINT (-87.787132795716 41.960100330111)"
"31b5719d1c5d123a4cfd8401c36172ef427a8125945c814a58d6effc72a11bdc2445bda1721967c6c36e5d5d15624e1130b835013a3a2ef63edd83a7c5e59135",,"2026-02-13T11:39:00.000","30","TRAFFIC SIGNAL","NO CONTROLS","CLEAR","DAYLIGHT","REAR END","FOUR WAY",,"STRAIGHT AND LEVEL","DRY","NO DEFECTS","ON SCENE","INJURY AND / OR TOW DUE TO CRASH",,,,"OVER $1,500","2026-02-13T12:05:00.000","FOLLOWING TOO CLOSELY","NOT APPLICABLE","737","S","CICERO AVE","1131",,,,,,,"2","REPORTED, NOT EVIDENT","2","0","0","0","2","1","0","11","6","2","41.8711976366","-87.7447787507","POINT (-87.744778750737 41.871197636587)"
"3f5f33901bb18fe1710e5d04ff64fb76669f177e2cf0ea39d8aeb05a5661ce9aae84ed394934c059aee0651b26743d228f3b0a08dc39f38969ea8c1f98f2c1db",,"2026-02-13T11:38:00.000","30","NO CONTROLS","NO CONTROLS","CLEAR","DAYLIGHT","ANGLE","NOT DIVIDED",,"STRAIGHT AND LEVEL","UNKNOWN","UNKNOWN","NOT ON SCENE (DESK REPORT)","NO INJURY / DRIVE AWAY",,,,"OVER $1,500","2026-02-13T12:30:00.000","UNABLE TO DETERMINE","NOT APPLICABLE","1635","W","PETERSON AVE","2012",,,,,,,"2","NO INDICATION OF INJURY","0","0","0","0","0","3","0","11","6","2","41.990659427","-87.6715962042","POINT (-87.671596204209 41.990659427002)"
"f148be33d674dcc321b4f9bc3eb3057ddb594c2266365a4bc0f389738bdcb94101b917fd6ff414bbe48b7c3e0b63ffe922d0da9439512bd0b63de3d258876783",,"2026-02-13T11:38:00.000","30","TRAFFIC SIGNAL","FUNCTIONING PROPERLY","CLEAR","DAYLIGHT","PEDESTRIAN","NOT DIVIDED",,"STRAIGHT AND LEVEL","DRY","NO DEFECTS","ON SCENE","INJURY AND / OR TOW DUE TO CRASH","Y",,,"$500 OR LESS","2026-02-13T11:42:00.000","DRIVING SKILLS/KNOWLEDGE/EXPERIENCE","DISTRACTION - FROM OUTSIDE VEHICLE","4959","W","DIVISION ST","1531",,,,,,,"2","REPORTED, NOT EVIDENT","1","0","0","0","1","1","0","11","6","2","41.902192899","-87.7507477946","POINT (-87.750747794634 41.90219289897)"
"68562884b1244b4e55b34e7ef38d221a984ad6de1fca4e4cc6816c0cb60a67ab26f7fd9c0b7cf8801daa4dfd99e48d03e2b7b1f656c67fb745c715de016bdaff",,"2026-02-13T11:35:00.000","30","NO CONTROLS","NO CONTROLS","CLEAR","DAYLIGHT","SIDESWIPE SAME DIRECTION","ONE-WAY",,"STRAIGHT AND LEVEL","UNKNOWN","UNKNOWN","NOT ON SCENE (DESK REPORT)","NO INJURY / DRIVE AWAY",,,,"OVER $1,500","2026-02-13T13:15:00.000","IMPROPER OVERTAKING/PASSING","IMPROPER LANE USAGE","642","N","DEARBORN ST","1832",,,,"Y","CONSTRUCTION",,"2","NO INDICATION OF INJURY","0","0","0","0","0","2","0","11","6","2","41.8937207338","-87.6298547665","POINT (-87.629854766478 41.893720733762)"
"f8293264cb8ccf7d0b7f9449bb7e52f5424289531935644b2aae3dd4f181b9b7d273d38a9eac2acd47720e4c986b953b015eaaf4e946a21d4fc119524830b5f9",,"2026-02-13T11:30:00.000","30","TRAFFIC SIGNAL","FUNCTIONING PROPERLY","CLEAR","DAYLIGHT","FIXED OBJECT","T-INTERSECTION",,"STRAIGHT AND LEVEL","DRY","NO DEFECTS","NOT ON SCENE (DESK REPORT)","NO INJURY / DRIVE AWAY","Y",,,"OVER $1,500","2026-02-20T12:15:00.000","NOT APPLICABLE","UNABLE TO DETERMINE","398","W","KINZIE ST","1831",,,,,,,"1","NO INDICATION OF INJURY","0","0","0","0","0","1","0","11","6","2","41.8892035637","-87.6380580495","POINT (-87.638058049531 41.889203563711)"
"2e45894948dd3c5c4adc79f13f0f32ccfa0cd13c41f650f499dfc6fb2bc83f2cbfb4c93ad85201bcb1b2b43d3063d72bd09a7786c870f8ba2a2ae11ffa300356",,"2026-02-13T11:03:00.000","30","NO CONTROLS","NO CONTROLS","CLEAR","DAYLIGHT","SIDESWIPE SAME DIRECTION","NOT DIVIDED",,"STRAIGHT AND LEVEL","DRY","NO DEFECTS","NOT ON SCENE (DESK REPORT)","INJURY AND / OR TOW DUE TO CRASH",,,,"OVER $1,500","2026-02-13T12:00:00.000","UNABLE TO DETERMINE","UNABLE TO DETERMINE","5405","S","COTTAGE GROVE AVE","233",,,,,,,"2","REPORTED, NOT EVIDENT","2","0","0","0","2","1","0","11","6","2","41.796595253","-87.6061256464","POINT (-87.606125646385 41.796595253031)"
"4fcd5c46ffebb7f37bd6c0389dc550590251c5891367abc40126c04ecfd7b40e566b81a4b7f26f71f8974b6b9f6d4cd8c0b8791c3c4eac9b97b78f1e7f566617",,"2026-02-13T11:00:00.000","30","NO CONTROLS","NO CONTROLS","CLEAR","DAYLIGHT","PARKED MOTOR VEHICLE","NOT DIVIDED",,"STRAIGHT AND LEVEL","DRY","NO DEFECTS","ON SCENE","NO INJURY / DRIVE AWAY",,,,"OVER $1,500","2026-02-13T15:00:00.000","DRIVING SKILLS/KNOWLEDGE/EXPERIENCE","DRIVING SKILLS/KNOWLEDGE/EXPERIENCE","1800","W","18TH ST","1234",,,,,,,"2","NO INDICATION OF INJURY","0","0","0","0","0","1","0","11","6","2","41.8578304412","-87.6712251142","POINT (-87.67122511424 41.857830441155)"
"50599f8235fdfdf83acfc1d0261b50b7bf017562ad5a4f8b8e8d72f072c404872559cba66a41436e35b1154c81ea5e13d510bee09ae357340c63865b891018ca",,"2026-02-13T11:00:00.000","25","TRAFFIC SIGNAL","FUNCTIONING PROPERLY","CLEAR","DAYLIGHT","SIDESWIPE SAME DIRECTION","NOT DIVIDED",,"STRAIGHT AND LEVEL","DRY","NO DEFECTS","ON SCENE","NO INJURY / DRIVE AWAY",,,,"$500 OR LESS","2026-02-13T11:10:00.000","IMPROPER LANE USAGE","NOT APPLICABLE","3400","S","PULASKI RD","1031","Y",,,,,,"2","NO INDICATION OF INJURY","0","0","0","0","0","4","0","11","6","2","41.8318261911","-87.724389831","POINT (-87.724389831033 41.831826191067)"
"0eb77c55a04681506d097412db2fc698b3cdf5618a9234007d6d8698116a9b40e9d6648a6e439f11bc5d027eee34169605e76f6b9a30eb91ad5c7f301414c21c",,"2026-02-13T10:59:00.000","15","NO CONTROLS","NO CONTROLS","CLEAR","DAYLIGHT","FIXED OBJECT","ALLEY",,"STRAIGHT AND LEVEL","DRY","NO DEFECTS","ON SCENE","NO INJURY / DRIVE AWAY",,"Y",,"OVER $1,500","2026-02-13T11:02:00.000","IMPROPER BACKING","NOT APPLICABLE","4940","N","BERNARD ST","1712",,,,,,,"1","NO INDICATION OF INJURY","0","0","0","0","0","1","0","10","6","2","41.9713265247","-87.7148144099","POINT (-87.714814409858 41.971326524657)"
"38a31e638ab0db09b4361e6c4de1c8ab4a7ff142f65fdd67d7721b5d88d29e5a3c5b73a73590e85c8aa281b82d3a4195d691b91d8bd610a8a6298f4f27b6a004",,"2026-02-13T10:57:00.000","30","TRAFFIC SIGNAL","FUNCTIONING PROPERLY","CLEAR","DAYLIGHT","PEDESTRIAN","UNKNOWN INTERSECTION TYPE",,"STRAIGHT AND LEVEL","DRY","NO DEFECTS","ON SCENE","INJURY AND / OR TOW DUE TO CRASH",,,"Y","$501 - $1,500","2026-02-13T11:00:00.000","FAILING TO YIELD RIGHT-OF-WAY","FAILING TO YIELD RIGHT-OF-WAY","2600","W","MONTROSE AVE","1911",,,,,,,"2","NONINCAPACITATING INJURY","1","0","0","1","0","1","0","10","6","2","41.9613905076","-87.693629923","POINT (-87.69362992295 41.961390507631)"
"739f876fe2b802db29315eb5065c4b312f6a5e9acfc5e61eafd774fe6fd799a37dc907c60904016145837b322e7738a0dfc11bed9a23a1f7215f85c048aca7c4","Y","2026-02-13T10:55:00.000","25","TRAFFIC SIGNAL","FUNCTIONING PROPERLY","CLEAR","DAYLIGHT","TURNING","ONE-WAY",,"STRAIGHT AND LEVEL","DRY","NO DEFECTS","ON SCENE","INJURY AND / OR TOW DUE TO CRASH",,,,"OVER $1,500","2026-02-13T10:55:00.000","UNABLE TO DETERMINE","UNABLE TO DETERMINE","3998","W","19TH ST","1014",,,,,,,"2","NONINCAPACITATING INJURY","1","0","0","1","0","1","0","10","6","2","41.8551160754","-87.7247675432","POINT (-87.724767543239 41.855116075385)"
"a20a3fca54b80f9d6ca89545e4f10a0a89ed1cca781b914fca38c5c2331900fc0d1ff04c60bf7a4df88596b49cf0c765bc98587890a357a7e88072f664a5e15b",,"2026-02-13T10:45:00.000","30","NO CONTROLS","NO CONTROLS","CLEAR","DAYLIGHT","SIDESWIPE SAME DIRECTION","ONE-WAY",,"STRAIGHT AND LEVEL","DRY","NO DEFECTS","NOT ON SCENE (DESK REPORT)","NO INJURY / DRIVE AWAY",,,"Y","$501 - $1,500","2026-02-13T11:13:00.000","IMPROPER OVERTAKING/PASSING","UNABLE TO DETERMINE","37","N","LAVERGNE AVE","1533",,,,,,,"2","NO INDICATION OF INJURY","0","0","0","0","0","2","0","10","6","2","41.8816888325","-87.7500741697","POINT (-87.750074169734 41.881688832471)"
"38f718e8eac111ac975d9d1d152b3931d8bd06303387d9a48ed27891397da30e6605d6d72ca3b8decf607f5c51a1c9ce39706fa758608a775ad49d5e6c5c03eb",,"2026-02-13T10:40:00.000","30","TRAFFIC SIGNAL","FUNCTIONING PROPERLY","CLEAR","DAYLIGHT","SIDESWIPE SAME DIRECTION","NOT DIVIDED",,"STRAIGHT AND LEVEL","DRY","NO DEFECTS","ON SCENE","NO INJURY / DRIVE AWAY",,,"Y","OVER $1,500","2026-02-13T10:49:00.000","UNABLE TO DETERMINE","UNABLE TO DETERMINE","4815","S","WESTERN BLVD","931",,,,,,,"2","NO INDICATION OF INJURY","0","0","0","0","0","3","0","10","6","2","41.8060783447","-87.6836500139","POINT (-87.683650013909 41.806078344717)"
"6b43f2064248c2f241a9ee1febdac5e8905ef2afbd9257f3ba3fd3c40ed0606a5cd830d52beda289d5f475a5fbfb860541a1bc29d73ef3f89cfc634f008b131a",,"2026-02-13T10:30:00.000","35","TRAFFIC SIGNAL","FUNCTIONING PROPERLY","CLEAR","DAYLIGHT","ANGLE","FOUR WAY",,"STRAIGHT AND LEVEL","DRY","NO DEFECTS","ON SCENE","INJURY AND / OR TOW DUE TO CRASH","Y",,"Y","OVER $1,500","2026-02-13T10:45:00.000","DISREGARDING TRAFFIC SIGNALS","NOT APPLICABLE","5900","S","INDIANA AVE","232",,,,,,,"2","NO INDICATION OF INJURY","0","0","0","0","0","5","0","10","6","2","41.7873511405","-87.6208027124","POINT (-87.620802712403 41.787351140458)"
"46b6b52649c31dfd1f2c53233c07b2983b93c05e96211d6454823a09f4c010a4ef725540b22504110e5eedecf7ef990ba6b23da84700d46f51fb0a68373d4039",,"2026-02-13T10:25:00.000","30","TRAFFIC SIGNAL","FUNCTIONING PROPERLY","CLEAR","DAYLIGHT","TURNING","DIVIDED - W/MEDIAN BARRIER",,"STRAIGHT AND LEVEL","DRY","NO DEFECTS","NOT ON SCENE (DESK REPORT)","INJURY AND / OR TOW DUE TO CRASH","Y",,,"OVER $1,500","2026-02-13T17:55:00.000","DISREGARDING TRAFFIC SIGNALS","FAILING TO YIELD RIGHT-OF-WAY","10300","S","HALSTED ST","2232",,,,,,,"2","NONINCAPACITATING INJURY","2","0","0","2","0","0","0","10","6","2","41.7068233366","-87.6429774693","POINT (-87.642977469284 41.706823336585)"
"4ec4fda73032ceaf8eb4bdf076eb316525b5fb337c198f3de50a8cac4815e29bf192432bedb6eeaacd91b9ae02c53d31a687ea5312a6e5def64ab21d3cee5ec5",,"2026-02-13T10:24:00.000","30","TRAFFIC SIGNAL","FUNCTIONING PROPERLY","CLEAR","DAYLIGHT","SIDESWIPE SAME DIRECTION","DIVIDED - W/MEDIAN BARRIER",,"STRAIGHT AND LEVEL","DRY","UNKNOWN","ON SCENE","INJURY AND / OR TOW DUE TO CRASH",,,,"OVER $1,500","2026-02-13T10:25:00.000","FAILING TO REDUCE SPEED TO AVOID CRASH","NOT APPLICABLE","399","N","LA SALLE DR","1831",,,,,,,"2","NO INDICATION OF INJURY","0","0","0","0","0","2","0","10","6","2","41.8891645913","-87.6323774527","POINT (-87.63237745274 41.889164591335)"
"82f238149c6a00baffa50619bc0b8c9c3ce76cab7aa701ac0baf09da8651deedb34bf05768f49164d33e0ac753c40f39a37f5ca43262729befe6097fe987e65c",,"2026-02-13T10:20:00.000","25","NO CONTROLS","NO CONTROLS","CLEAR","DAYLIGHT","TURNING","ALLEY",,"STRAIGHT AND LEVEL","DRY","NO DEFECTS","ON SCENE","NO INJURY / DRIVE AWAY",,,,"OVER $1,500","2026-02-13T10:21:00.000","UNABLE TO DETERMINE","UNABLE TO DETERMINE","1615","W","CARMEN AVE","2032",,,,,,,"2","NO INDICATION OF INJURY","0","0","0","0","0","2","0","10","6","2","41.974222574","-87.6701964792","POINT (-87.670196479227 41.974222574017)"
"861c42c5041fd49849ba6fd6a6e87f481693c4fa42558b2bef42a9e9201fe97ff557bbe62c685cf38c08a008974aa72d2c4c1c30565ac42ef283a1520059b525",,"2026-02-13T10:15:00.000","10","NO CONTROLS","NO CONTROLS","CLEAR","DAYLIGHT","REAR TO SIDE","PARKING LOT",,"STRAIGHT AND LEVEL","UNKNOWN","UNKNOWN","NOT ON SCENE (DESK REPORT)","NO INJURY / DRIVE AWAY",,"Y",,"OVER $1,500","2026-02-13T10:42:00.000","UNABLE TO DETERMINE","UNABLE TO DETERMINE","9443","S","WESTERN AVE","2221",,,,,,,"2","NO INDICATION OF INJURY","0","0","0","0","0","2","0","10","6","2","41.7214884683","-87.6819363105","POINT (-87.681936310476 41.721488468265)"