"crash_record_id","crash_date_est_i","crash_date","posted_speed_limit","traffic_control_device","device_condition","weather_condition","lighting_condition","first_crash_type","trafficway_type","lane_cnt","alignment","roadway_surface_cond","road_defect","report_type","crash_type","intersection_related_i","private_property_i","hit_and_run_i","damage","date_police_notified","prim_contributory_cause","sec_contributory_cause","street_no","street_direction","street_name","beat_of_occurrence","photos_taken_i","statements_taken_i","dooring_i","work_zone_i","work_zone_type","workers_present_i","num_units","most_severe_injury","injuries_total","injuries_fatal","injuries_incapacitating","injuries_non_incapacitating","injuries_reported_not_evident","injuries_no_indication","injuries_unknown","crash_hour","crash_day_of_week","crash_month","latitude","longitude","location"
"51ed71491eb90fe4fec31481dbd49bfc33c34246d252700f35b804e6cf44eaf906cfafaf3ad3ab6d7b2ca7322c5a601dfa5ef4fb77b140ab5d59d6d1f1c14124",,"2026-02-13T10:05:00.000","30","NO CONTROLS","NO CONTROLS","CLEAR","DAYLIGHT","SIDESWIPE SAME DIRECTION","DIVIDED - W/MEDIAN (NOT RAISED)",,"STRAIGHT AND LEVEL","DRY","NO DEFECTS",,"NO INJURY / DRIVE AWAY",,,,"OVER $1,500","2026-02-13T10:09:00.000","FOLLOWING TOO CLOSELY","DRIVING SKILLS/KNOWLEDGE/EXPERIENCE","5164","W","GRAND AVE","2522",,,,,,,"2","NO INDICATION OF INJURY","0","0","0","0","0","2","0","10","6","2","41.9170279117","-87.7558355939","POINT (-87.755835593938 41.917027911749)"
"232f862922a5891e8fdd2cb09b0f7fc534b7ea8871fa2f9f71949699c01c58a8db5d8eed9e318cdce8d1047771a7520588cb9c0c4b5322c935228abfdacc4e38",,"2026-02-13T10:00:00.000","30","NO CONTROLS","NO CONTROLS","CLEAR","DAYLIGHT","OTHER NONCOLLISION","DRIVEWAY",,"STRAIGHT ON GRADE","DRY","NO DEFECTS","ON SCENE","NO INJURY / DRIVE AWAY",,,,"OVER $1,500","2026-02-13T10:30:00.000","IMPROPER BACKING","UNABLE TO DETERMINE","1809","W","CARROLL AVE","1223",,,,,,,"1","NO INDICATION OF INJURY","0","0","0","0","0","1","0","10","6","2","41.8876375131","-87.6723213585","POINT (-87.672321358454 41.88763751311)"
"97e9c23783500dbcfd609e67adc8e3f92632ddb4ec7a9cd180dd5af3f64b4ad0652b4da7a907ea06393c05be10f150a274f2eda8f296003d1d114bba7df65b97",,"2026-02-13T10:00:00.000","30","NO CONTROLS","NO CONTROLS","CLEAR","DAYLIGHT","SIDESWIPE SAME DIRECTION","NOT DIVIDED",,"STRAIGHT AND LEVEL","DRY","NO DEFECTS","NOT ON SCENE (DESK REPORT)","NO INJURY / DRIVE AWAY",,,"Y","OVER $1,500","2026-02-13T10:45:00.000","UNABLE TO DETERMINE","NOT APPLICABLE","2951","W","NORTH AVE","1423",,,,,,,"2","NO INDICATION OF INJURY","0","0","0","0","0","2","0","10","6","2","41.9100685471","-87.7011221639","POINT (-87.701122163937 41.910068547069)"
"edcf3c63101b6d14202fd516d85e05a1dc30e97fba14542740f3a0f6f2527a8dab69a547e6fec0b7a983ca234bdb3dc10f4b91c377b465c6fa6c257944736fce",,"2026-02-13T10:00:00.000","35","STOP SIGN/FLASHER","FUNCTIONING PROPERLY","CLEAR","DAYLIGHT","ANGLE","FOUR WAY",,"STRAIGHT AND LEVEL","DRY","NO DEFECTS","NOT ON SCENE (DESK REPORT)","NO INJURY / DRIVE AWAY","Y",,,"OVER $1,500","2026-02-13T10:30:00.000","UNABLE TO DETERMINE","UNABLE TO DETERMINE","100","E","75TH ST","323",,,,,,,"2","NO INDICATION OF INJURY","0","0","0","0","0","2","0","10","6","2","41.7584035296","-87.621458594","POINT (-87.621458593983 41.758403529584)"
"4cdb0460d005ed666a90268b7d47d615303ce8e601df9516ae5471d13cbb2a6bb279531417008981005d51c1fa04c68539fc6375596040c724ad0b61e7858320",,"2026-02-13T09:52:00.000","30","TRAFFIC SIGNAL","FUNCTIONING PROPERLY","CLEAR","DAYLIGHT","SIDESWIPE SAME DIRECTION","ONE-WAY",,"STRAIGHT AND LEVEL","DRY","NO DEFECTS",,"NO INJURY / DRIVE AWAY",,,,"OVER $1,500","2026-02-13T09:58:00.000","RELATED TO BUS STOP","NOT APPLICABLE","235","N","DEARBORN ST","111",,,,,,,"2","NO INDICATION OF INJURY","0","0","0","0","0","3","0","9","6","2","41.8866214106","-87.6293788854","POINT (-87.62937888536 41.886621410619)"
"a8024b3482d3b15b3378fac37338dc2172ecb2ad8bf54ebc38507250d8b24c62f3e60bc6c4d7cf192b22895e39e49b98e5911940b598697b920649003550affe",,"2026-02-13T09:52:00.000","30","STOP SIGN/FLASHER","FUNCTIONING PROPERLY","CLEAR","DAYLIGHT","REAR END","NOT DIVIDED",,"STRAIGHT AND LEVEL","DRY","NO DEFECTS","ON SCENE","INJURY AND / OR TOW DUE TO CRASH","Y",,,"OVER $1,500","2026-02-13T09:52:00.000","FOLLOWING TOO CLOSELY","FOLLOWING TOO CLOSELY","2398","W","TOUHY AVE","2411",,,,,,,"2","NONINCAPACITATING INJURY","1","0","0","1","0","2","0","9","6","2","42.0123901079","-87.6901809005","POINT (-87.690180900477 42.012390107854)"
"2fbdd6f539beba51dbcf1fa308127d5130907d3e01a2c31f47ae12403898062fc26f0640c3a35990e40ccefdfb9a2d5e228c3081e85e7565ba06de388f1bc9dd",,"2026-02-13T09:45:00.000","30","STOP SIGN/FLASHER","FUNCTIONING PROPERLY","CLEAR","DAYLIGHT","ANGLE","FOUR WAY",,"STRAIGHT AND LEVEL","DRY","NO DEFECTS","ON SCENE","INJURY AND / OR TOW DUE TO CRASH","Y",,,"OVER $1,500","2026-02-13T09:47:00.000","UNABLE TO DETERMINE","NOT APPLICABLE","2101","W","21ST ST","1234",,,,,,,"2","REPORTED, NOT EVIDENT","1","0","0","0","1","1","0","9","6","2","41.8538654794","-87.6784641485","POINT (-87.678464148493 41.853865479442)"
"aeff0c541e3f59c13eccec809dc0b95cde92a14b13d7dae67715b790d9878ef3f7fbcf449bc1e1fdfc5eaf45139f5b0afd9d98a7f607a5e04634497285eb994b",,"2026-02-13T09:45:00.000","30","NO CONTROLS","NO CONTROLS","CLEAR","DAYLIGHT","REAR TO FRONT","DIVIDED - W/MEDIAN (NOT RAISED)",,"STRAIGHT AND LEVEL","UNKNOWN","UNKNOWN","NOT ON SCENE (DESK REPORT)","NO INJURY / DRIVE AWAY",,,"Y","OVER $1,500","2026-02-17T13:10:00.000","IMPROPER BACKING","FAILING TO REDUCE SPEED TO AVOID CRASH","633","N","ST CLAIR ST","1834",,,,,,,"2","NO INDICATION OF INJURY","0","0","0","0","0","2","0","9","6","2","41.8934753577","-87.6225746736","POINT (-87.622574673578 41.893475357701)"
"e94a8d032066dbd07d1d3c880e6d047d851edd2f938f48370cddbba7376c511a4afd6b97f6acbc435ab7f7601f030a0366510e166bbea4d3327c8f9ba9db4202","Y","2026-02-13T09:45:00.000","35","NO CONTROLS","NO CONTROLS","CLEAR","DAYLIGHT","PARKED MOTOR VEHICLE","DIVIDED - W/MEDIAN BARRIER",,"STRAIGHT AND LEVEL","DRY","RUT, HOLES","ON SCENE","NO INJURY / DRIVE AWAY",,,,"$500 OR LESS","2026-02-13T09:51:00.000","UNABLE TO DETERMINE","UNABLE TO DETERMINE","601","W","95TH ST","2223",,,,,,,"2","NO INDICATION OF INJURY","0","0","0","0","0","2","0","9","6","2","41.7214138035","-87.6384186305","POINT (-87.638418630475 41.721413803524)"
"5cdad08956ac3a452e23f1f869688a6fcc87f08183109d41b239c6b7d644ef234cfcd2f5021186b010e4b8134ccaa24034d934f6edd7d76f98370530392556d1",,"2026-02-13T09:35:00.000","30","NO CONTROLS","NO CONTROLS","CLEAR","DAYLIGHT","TURNING","NOT DIVIDED",,"STRAIGHT AND LEVEL","DRY","NO DEFECTS","NOT ON SCENE (DESK REPORT)","NO INJURY / DRIVE AWAY",,,,"OVER $1,500","2026-02-13T10:30:00.000","VISION OBSCURED (SIGNS, TREE LIMBS, BUILDINGS, ETC.)","NOT APPLICABLE","630","E","103RD ST","511",,,,,,,"2","NO INDICATION OF INJURY","0","0","0","0","0","2","0","9","6","2","41.7075187171","-87.6076249656","POINT (-87.607624965612 41.707518717139)"
"a9fb85074a7dd058adc2aff0df8479b587523700a85d072b47c6f2a9b0644d9f16bb5ca9412ee1044fd357c70c92e07ff165419b018f2d0a69cd49bbaef4222c",,"2026-02-13T09:30:00.000","30","TRAFFIC SIGNAL","UNKNOWN","UNKNOWN","DAYLIGHT","REAR END","FOUR WAY",,"STRAIGHT AND LEVEL","UNKNOWN","UNKNOWN","NOT ON SCENE (DESK REPORT)","NO INJURY / DRIVE AWAY","Y",,"Y","OVER $1,500","2026-02-13T09:47:00.000","UNABLE TO DETERMINE","UNABLE TO DETERMINE","8100","S","SOUTH CHICAGO AVE","414",,,,,,,"2","NO INDICATION OF INJURY","0","0","0","0","0","2","0","9","6","2","41.747376931","-87.5800594051","POINT (-87.580059405148 41.747376931011)"
"1198025b0bbcf943bc9422b2a600b813899a7c8e9db3ac4e5218406c975997ff6b26b28296f80db44f926d4b216ee70b3c63dd8e433b2058f556f02a33294694",,"2026-02-13T09:23:00.000","30","NO CONTROLS","NO CONTROLS","CLEAR","DAYLIGHT","TURNING","DIVIDED - W/MEDIAN (NOT RAISED)",,"STRAIGHT AND LEVEL","DRY","NO DEFECTS","ON SCENE","INJURY AND / OR TOW DUE TO CRASH",,,,"OVER $1,500","2026-02-13T09:25:00.000","FAILING TO YIELD RIGHT-OF-WAY","NOT APPLICABLE","1915","E","95TH ST","431",,,,,,,"2","NO INDICATION OF INJURY","0","0","0","0","0","2","0","9","6","2","41.722336852","-87.5771342361","POINT (-87.577134236064 41.722336851966)"
"5230d4ca0445fff37c0882d6cdab93843bfb3c43b87bbb6e23fa53ef23d9691f017f80fb2bf7b2461d4c679c15e2f9448df425ee5f3c2d3d8cd2ee9ac7b7de7e",,"2026-02-13T09:20:00.000","10","NO CONTROLS","NO CONTROLS","CLEAR","DAYLIGHT","PARKED MOTOR VEHICLE","UNKNOWN",,"STRAIGHT AND LEVEL","DRY","NO DEFECTS","NOT ON SCENE (DESK REPORT)","NO INJURY / DRIVE AWAY",,"Y",,"OVER $1,500","2026-02-13T13:00:00.000","UNABLE TO DETERMINE","NOT APPLICABLE","2477","S","ARCHER AVE","914",,,,,,,"2","NO INDICATION OF INJURY","0","0","0","0","0","2","0","9","6","2","41.8475580502","-87.6454959917","POINT (-87.645495991682 41.847558050164)"
"7f95b5329575b2fd84e1c5b1f6961741ee162a14b996b7381bdb81b2820e81e50674ae91f469e92b381d13af218f15303c8ff00f6435b5a30f8c881757632c1b","Y","2026-02-13T09:20:00.000","30","STOP SIGN/FLASHER","FUNCTIONING PROPERLY","CLEAR","DAYLIGHT","FIXED OBJECT","DIVIDED - W/MEDIAN BARRIER",,"STRAIGHT AND LEVEL","DRY","NO DEFECTS","ON SCENE","INJURY AND / OR TOW DUE TO CRASH","Y","Y",,"OVER $1,500","2026-02-13T09:25:00.000","NOT APPLICABLE","NOT APPLICABLE","8458","W","BERWYN AVE","1614",,,,,,,"1","NO INDICATION OF INJURY","0","0","0","0","0","1","0","9","6","2","41.9752967675","-87.8389961793","POINT (-87.838996179294 41.9752967675)"
"b9b305d04b217cf0f0b3262b7aa373d039228903347965ed5211a176b40fbcd38beab37cdae0e2b9a56307df1236474031ad4cd03930acad80df027cf18cd621",,"2026-02-13T09:14:00.000","30","TRAFFIC SIGNAL","FUNCTIONING PROPERLY","CLEAR","DAYLIGHT","REAR END","NOT DIVIDED",,"STRAIGHT AND LEVEL","DRY","NO DEFECTS","NOT ON SCENE (DESK REPORT)","NO INJURY / DRIVE AWAY",,,,"OVER $1,500","2026-02-13T09:25:00.000","UNABLE TO DETERMINE","NOT APPLICABLE","1200","N","ELSTON AVE","1433",,,,,,,"2","NO INDICATION OF INJURY","0","0","0","0","0","2","0","9","6","2","41.9034697978","-87.6585224002","POINT (-87.658522400154 41.903469797829)"
"863fb61a384c2bf4d51a8d0d33958f5728215246c3722179788af57cfcb257cc7630d84b83ad76094fc75cc723dae8a6e1cbf44355494580216d7f3efa0c81e1",,"2026-02-13T09:10:00.000","30","NO CONTROLS","NO CONTROLS","CLEAR","DAYLIGHT","SIDESWIPE SAME DIRECTION","NOT DIVIDED",,"STRAIGHT AND LEVEL","DRY","NO DEFECTS","NOT ON SCENE (DESK REPORT)","NO INJURY / DRIVE AWAY",,,,"$501 - $1,500","2026-02-13T09:45:00.000","UNABLE TO DETERMINE","DRIVING SKILLS/KNOWLEDGE/EXPERIENCE","1600","W","MONTEREY AVE","2234",,,,,,,"2","NO INDICATION OF INJURY","0","0","0","0","0","2","0","9","6","2","41.6893977615","-87.6618775632","POINT (-87.66187756315 41.689397761512)"
"e5a5d084ce78188963d672eac5b346cdbed529deb2a0547a8eaf08b1bc01ecf791b2b5b7c6338dfa5d303170fba56faefc9fb86f78811eaacd8a7b1593ed2dc3",,"2026-02-13T09:10:00.000","30","NO CONTROLS","NO CONTROLS","CLEAR","DAYLIGHT","TURNING","NOT DIVIDED",,"STRAIGHT AND LEVEL","DRY","NO DEFECTS","NOT ON SCENE (DESK REPORT)","NO INJURY / DRIVE AWAY",,,"Y","OVER $1,500","2026-02-13T10:55:00.000","UNABLE TO DETERMINE","UNABLE TO DETERMINE","1650","E","79TH ST","414",,,,,,,"2","NO INDICATION OF INJURY","0","0","0","0","0","2","0","9","6","2","41.7516186818","-87.5837250991","POINT (-87.583725099143 41.751618681797)"
"571774217d828009a23e59b168b22ee2ecaaeb9a148c73e68c69bfa9dea62f2a39c3a2cfbcb94d9a5862fd325b38c3146386b35d02a02cfcdcdc4291f0667f36","N","2026-02-13T09:08:00.000","30","TRAFFIC SIGNAL","FUNCTIONING PROPERLY","CLEAR","DAYLIGHT","ANGLE","NOT DIVIDED",,"STRAIGHT AND LEVEL","DRY","NO DEFECTS","ON SCENE","INJURY AND / OR TOW DUE TO CRASH","Y",,,"OVER $1,500","2026-02-13T09:08:00.000","DISREGARDING TRAFFIC SIGNALS","NOT APPLICABLE","3600","W","WASHINGTON BLVD","1122",,"Y",,,,,"2","REPORTED, NOT EVIDENT","3","0","0","0","3","0","0","9","6","2","41.8816715757","-87.7159382082","POINT (-87.715938208222 41.881671575671)"
"3c6900aae9ad1080b060cce9eb27a01d90178a4b763a164592ab29336b977a6dcacf5f07a97cd1c23f41812ee5cb0c32402c1066d02ec602f911baafc8f02476",,"2026-02-13T09:00:00.000","30","NO CONTROLS","NO CONTROLS","CLEAR","DAYLIGHT","PARKED MOTOR VEHICLE","ONE-WAY",,"STRAIGHT AND LEVEL","DRY","NO DEFECTS","NOT ON SCENE (DESK REPORT)","NO INJURY / DRIVE AWAY",,,"Y","$501 - $1,500","2026-02-14T15:36:00.000","NOT APPLICABLE","NOT APPLICABLE","2509","W","61ST ST","825",,,,,,,"2","NO INDICATION OF INJURY","0","0","0","0","0","1","0","9","6","2","41.7827567358","-87.6866098071","POINT (-87.686609807116 41.782756735821)"
"42095bdfa9c8ad6a7c78205710ccfd6182f1c56a307c0676e6202c0c227f4bf7f73237a907e5deefb7274b78c91e134d24e07b38c1fe0088b3035415f7be8606",,"2026-02-13T09:00:00.000","30","TRAFFIC SIGNAL","FUNCTIONING PROPERLY","CLEAR","DAYLIGHT","REAR END","NOT DIVIDED",,"STRAIGHT AND LEVEL","DRY","NO DEFECTS","NOT ON SCENE (DESK REPORT)","NO INJURY / DRIVE AWAY",,,,"OVER $1,500","2026-02-17T16:12:00.000","FOLLOWING TOO CLOSELY","NOT APPLICABLE","7901","S","CICERO AVE","834",,,,,,,"2","NO INDICATION OF INJURY","0","0","0","0","0","2","0","9","6","2","41.7490650565","-87.741203904","POINT (-87.741203904025 41.749065056465)"
"4ea2c4e01c409dbf7b7785ef4faf5844ca243ebfbd9b21be6ee1ab883aee18cdfd426eb3e8262663388084ffebe5776f6d201ecf325633b6bc77db91f5cbc4d0",,"2026-02-13T09:00:00.000","20","STOP SIGN/FLASHER","FUNCTIONING PROPERLY","UNKNOWN","DAYLIGHT","ANGLE","NOT DIVIDED",,"STRAIGHT AND LEVEL","UNKNOWN","UNKNOWN","NOT ON SCENE (DESK REPORT)","NO INJURY / DRIVE AWAY",,,,"OVER $1,500","2026-02-13T11:00:00.000","FAILING TO YIELD RIGHT-OF-WAY","NOT APPLICABLE","102","E","75TH ST","323",,,,,,,"2","NO INDICATION OF INJURY","0","0","0","0","0","2","0","9","6","2","41.7584050762","-87.6213734002","POINT (-87.621373400167 41.758405076229)"
"eee948bf7bf51b323f856e98055f231070ac65974373b20cdae51a1d0a9892087df8fa1792cf13fbf1e3a550a258dfd87885131b7e1f9300575e3f261341d0fb",,"2026-02-13T09:00:00.000","30","NO CONTROLS","NO CONTROLS","CLEAR","DAYLIGHT","PARKED MOTOR VEHICLE","NOT DIVIDED",,"STRAIGHT AND LEVEL","DRY","NO DEFECTS","NOT ON SCENE (DESK REPORT)","NO INJURY / DRIVE AWAY",,,,"OVER $1,500","2026-02-14T10:10:00.000","IMPROPER OVERTAKING/PASSING","IMPROPER LANE USAGE","5900","N","GLENWOOD AVE","2013",,,,,,,"2","NO INDICATION OF INJURY","0","0","0","0","0","1","0","9","6","2","41.9890506285","-87.6652622209","POINT (-87.665262220887 41.989050628507)"
"70c2c4d1196526973324adf1b9255b64bcf0a487c6cacee4618152958226a8e2696d419804b007390ff18e3543a54f47f0f67778d43e06cd07c45e37f1b7f4a6",,"2026-02-13T08:58:00.000","30","TRAFFIC SIGNAL","FUNCTIONING PROPERLY","CLEAR","DAYLIGHT","REAR END","ONE-WAY",,"STRAIGHT ON GRADE","DRY","NO DEFECTS","NOT ON SCENE (DESK REPORT)","NO INJURY / DRIVE AWAY",,,,"OVER $1,500","2026-02-13T09:35:00.000","FOLLOWING TOO CLOSELY","DRIVING SKILLS/KNOWLEDGE/EXPERIENCE","1550","W","CONGRESS PKWY","1231",,,,,,,"2","NO INDICATION OF INJURY","0","0","0","0","0","2","0","8","6","2","41.8752929684","-87.666351327","POINT (-87.666351326956 41.875292968432)"
"a5540c77b1db355899d1ff054ed066591d14d3345d77fe5aca79dbe778b6606b1ee2fcfd279345a7d6d8a4dce753b963b74724073f51f0b5990b8050e79d8e34",,"2026-02-13T08:55:00.000","15","NO CONTROLS","NO CONTROLS","CLEAR","DAYLIGHT","TURNING","PARKING LOT",,"STRAIGHT AND LEVEL","DRY","NO DEFECTS","NOT ON SCENE (DESK REPORT)","NO INJURY / DRIVE AWAY",,,,"$501 - $1,500","2026-02-13T09:05:00.000","FAILING TO YIELD RIGHT-OF-WAY","UNABLE TO DETERMINE","4042","W","FOSTER AVE","1712",,,,,,,"2","NO INDICATION OF INJURY","0","0","0","0","0","2","0","8","6","2","41.9756241124","-87.7298445616","POINT (-87.72984456157 41.975624112446)"
"ff89255151d1c3f30de45e8d0a2adf503c554e5bd934d8a7aaf3aeb0ee24e714e1812eb90a8d8158a9deeba8ab4dac46f65f7a8588f3779d18fc7957a157a8c9",,"2026-02-13T08:54:00.000","30","NO CONTROLS","NO CONTROLS","CLEAR","DAYLIGHT","REAR END","NOT DIVIDED",,"STRAIGHT AND LEVEL","DRY","NO DEFECTS","NOT ON SCENE (DESK REPORT)","NO INJURY / DRIVE AWAY",,,,"OVER $1,500","2026-02-13T10:45:00.000","UNABLE TO DETERMINE","UNABLE TO DETERMINE","700","W","IRVING PARK RD","1915",,,,,,,"2","NO INDICATION OF INJURY","0","0","0","0","0","2","0","8","6","2","41.9547002709","-87.6480278739","POINT (-87.64802787386 41.954700270862)"
"395579f0a5173529c28e5f94a780cd9613ebd206ffcb146c79f138be80fcedd1b79921e13df150db9cc56d71d0ffa6a049a8c54d9551bc97bb7523e59e6450b9",,"2026-02-13T08:52:00.000","30","NO CONTROLS","NO CONTROLS","CLEAR","DAYLIGHT","TURNING","FOUR WAY",,"STRAIGHT AND LEVEL","DRY","NO DEFECTS","NOT ON SCENE (DESK REPORT)","NO INJURY / DRIVE AWAY","Y",,,"OVER $1,500","2026-02-13T09:10:00.000","FAILING TO YIELD RIGHT-OF-WAY","FAILING TO REDUCE SPEED TO AVOID CRASH","633","W","GRAND AVE","1214",,,,,,,"2","NO INDICATION OF INJURY","0","0","0","0","0","2","0","8","6","2","41.891119436","-87.6443018519","POINT (-87.644301851923 41.891119435991)"
"19b8c505cf5b2aa5b59dd6b4a2a32774c8c2ee7d31430e4289edabd5d83474b10537ee07b2c37675fe1925d691219f45728359e788a8ff3ab3fc2759cb806cd9",,"2026-02-13T08:42:00.000","30","STOP SIGN/FLASHER","FUNCTIONING PROPERLY","CLEAR","DAYLIGHT","TURNING","FOUR WAY",,"STRAIGHT AND LEVEL","DRY","NO DEFECTS","NOT ON SCENE (DESK REPORT)","NO INJURY / DRIVE AWAY",,,,"OVER $1,500","2026-02-13T09:50:00.000","IMPROPER TURNING/NO SIGNAL","NOT APPLICABLE","1000","W","115TH ST","2234",,,,,,,"2","NO INDICATION OF INJURY","0","0","0","0","0","2","0","8","6","2","41.6851262783","-87.6470787199","POINT (-87.647078719889 41.685126278256)"
"44244d04557c18c8fc715dccb8e23d9992cb9d291b86344e333138fa73fd094c607e0ac7d713c84170589ead5d60adfab15b8b77b9766a17b6ce07422cfabab7",,"2026-02-13T08:40:00.000","30","NO CONTROLS","NO CONTROLS","CLEAR","DAYLIGHT","SIDESWIPE SAME DIRECTION","NOT DIVIDED",,"STRAIGHT AND LEVEL","DRY","NO DEFECTS","ON SCENE","NO INJURY / DRIVE AWAY",,,,"OVER $1,500","2026-02-13T08:44:00.000","UNABLE TO DETERMINE","UNABLE TO DETERMINE","5701","W","IRVING PARK RD","1633",,,,,,,"2","NO INDICATION OF INJURY","0","0","0","0","0","2","0","8","6","2","41.9530387571","-87.7695022973","POINT (-87.769502297316 41.95303875715)"
"7b056ea157fa62ce43f64fe25e5bd7d3490d4284ba3aeedb7f8fa125e4d7b3b0d04ed1e75b8fcc74c0c8192f1099991d78bc95797a428eff8d8d72162306cd29",,"2026-02-13T08:40:00.000","35","NO CONTROLS","NO CONTROLS","CLEAR","DAYLIGHT","ANGLE","ONE-WAY",,"STRAIGHT AND LEVEL","DRY","NO DEFECTS","ON SCENE","NO INJURY / DRIVE AWAY",,,,"OVER $1,500","2026-02-13T09:00:00.000","UNABLE TO DETERMINE","DRIVING SKILLS/KNOWLEDGE/EXPERIENCE","3150","W","61ST ST","823",,,,,,,"2","NO INDICATION OF INJURY","0","0","0","0","0","6","0","8","6","2","41.7827207277","-87.7028488139","POINT (-87.702848813876 41.782720727659)"
"c4915835c2c55ee0cb14a0027babfde95cd3c0103060e4e754d66e92fa941856aee1a3ec80289abec8dc700ae52be781681ed54acc74cf1efd47f97334803ef3",,"2026-02-13T08:38:00.000","30","NO CONTROLS","NO CONTROLS","CLEAR","DARKNESS, LIGHTED ROAD","SIDESWIPE SAME DIRECTION","DIVIDED - W/MEDIAN (NOT RAISED)",,"STRAIGHT AND LEVEL","DRY","UNKNOWN","NOT ON SCENE (DESK REPORT)","NO INJURY / DRIVE AWAY",,,,"OVER $1,500","2026-02-13T22:07:00.000","DRIVING SKILLS/KNOWLEDGE/EXPERIENCE","UNABLE TO DETERMINE","3157","N","KIMBALL AVE","1412",,,,,,,"2","NO INDICATION OF INJURY","0","0","0","0","0","2","0","8","6","2","41.9391375846","-87.7123353159","POINT (-87.712335315854 41.939137584593)"
"02028dca0b85661f4842045e850ba2fb9fd99dabb6eda1852ddd250b8079408ee90eab5f7e93a2125abf4bebce2e6dcfc22805b0561c2b00e849e3accfa9bd66",,"2026-02-13T08:30:00.000","30","UNKNOWN","UNKNOWN","CLEAR","DAYLIGHT","SIDESWIPE SAME DIRECTION","NOT DIVIDED",,"STRAIGHT AND LEVEL","DRY","UNKNOWN","ON SCENE","NO INJURY / DRIVE AWAY",,,,"$501 - $1,500","2026-02-13T08:43:00.000","UNABLE TO DETERMINE","UNABLE TO DETERMINE","400","W","79TH ST","621",,,,,,,"2","NO INDICATION OF INJURY","0","0","0","0","0","2","0","8","6","2","41.7508890686","-87.634299107","POINT (-87.634299107033 41.750889068612)"
"0f2b36d9b24ca218e87e559fef9a4f7bd5b8557b1d1b4918d2d65835e69dfb64af251f5a9f71bfe2bdb6f86a64e1cd8f7c777ba4aec78f2c9739e8109a57f232",,"2026-02-13T08:30:00.000","30","NO CONTROLS","NO CONTROLS","CLEAR","DAYLIGHT","REAR END","DIVIDED - W/MEDIAN BARRIER",,"STRAIGHT AND LEVEL","DRY","NO DEFECTS","NOT ON SCENE (DESK REPORT)","NO INJURY / DRIVE AWAY",,,,"OVER $1,500","2026-02-13T09:30:00.000","DISTRACTION - FROM INSIDE VEHICLE","NOT APPLICABLE","2003","W","GARFIELD BLVD","715",,,,,,,"2","NO INDICATION OF INJURY","0","0","0","0","0","2","0","8","6","2","41.79344733","-87.6744379255","POINT (-87.67443792552 41.793447330003)"
"6ff36390e8f95a0e9b1cb6465ce332c887183c9b5f61466dad281dd3eea34b7522ecfe5f776f9a5c3046436af32de7486584e422b35f2d58636383689b512432",,"2026-02-13T08:30:00.000","30","TRAFFIC SIGNAL","FUNCTIONING PROPERLY","CLEAR","DAYLIGHT","REAR END","NOT DIVIDED",,"STRAIGHT AND LEVEL","UNKNOWN","UNKNOWN","NOT ON SCENE (DESK REPORT)","NO INJURY / DRIVE AWAY",,,"Y","OVER $1,500","2026-02-13T09:50:00.000","UNABLE TO DETERMINE","NOT APPLICABLE","3501","S","WESTERN BLVD","912",,,,,,,"2","NO INDICATION OF INJURY","0","0","0","0","0","3","0","8","6","2","41.8302408984","-87.6843112782","POINT (-87.684311278159 41.830240898375)"
"a2f5e1d5ef294b4e90e32968d5e8bf7290a7e77a7ec81c3ea6a2cfee489345e672d1f6bd29101b1120c0c6dd0f9bd4ea6c4705bf18c86e124f97f02a2c9af83b",,"2026-02-13T08:30:00.000","25","TRAFFIC SIGNAL","FUNCTIONING PROPERLY","CLEAR","DAWN","REAR END","DIVIDED - W/MEDIAN (NOT RAISED)",,"STRAIGHT AND LEVEL","DRY","NO DEFECTS","NOT ON SCENE (DESK REPORT)","NO INJURY / DRIVE AWAY",,,,"OVER $1,500","2026-02-14T16:30:00.000","FOLLOWING TOO CLOSELY","NOT APPLICABLE","3600","S","WESTERN BLVD","911",,,,,,,"3","NO INDICATION OF INJURY","0","0","0","0","0","3","0","8","6","2","41.8284035223","-87.6845505847","POINT (-87.684550584737 41.828403522284)"
"d88d87be17d0949db5f4f2a6b0e5b37a7c49a95205871b7deac99cb0c5adb9aa9b4fb48440fb65669018208c4ad9c55a1588aa20b4dc917561ee80dea29cea6d",,"2026-02-13T08:30:00.000","30","NO CONTROLS","NO CONTROLS","CLEAR","DAYLIGHT","SIDESWIPE SAME DIRECTION","DIVIDED - W/MEDIAN (NOT RAISED)",,"STRAIGHT AND LEVEL","DRY","NO DEFECTS","NOT ON SCENE (DESK REPORT)","NO INJURY / DRIVE AWAY",,,,"$500 OR LESS","2026-02-13T09:00:00.000","IMPROPER OVERTAKING/PASSING","IMPROPER OVERTAKING/PASSING","1800","S","LOOMIS ST","1233",,,,,,,"2","NO INDICATION OF INJURY","0","0","0","0","0","2","0","8","6","2","41.8578635514","-87.6614663224","POINT (-87.66146632242 41.857863551436)"
"88ddb14f3eee8a347d7db2d0ae8018d4407b890b480899a8fcce7cd3acb400f2b41dd37b20c2a21ff00e3aaf1e2dc9465cfd524b62033d5e50b3955c762aebf8",,"2026-02-13T08:29:00.000","30","NO CONTROLS","NO CONTROLS","CLEAR","DAYLIGHT","TURNING","PARKING LOT",,"STRAIGHT AND LEVEL","DRY","NO DEFECTS","ON SCENE","INJURY AND / OR TOW DUE TO CRASH",,"Y",,"OVER $1,500","2026-02-13T08:35:00.000","IMPROPER TURNING/NO SIGNAL","FAILING TO YIELD RIGHT-OF-WAY","4701","S","KEDZIE AVE","922",,,,,,,"2","NO INDICATION OF INJURY","0","0","0","0","0","2","0","8","6","2","41.8080542676","-87.7038255411","POINT (-87.70382554115 41.808054267646)"