"crash_record_id","crash_date_est_i","crash_date","posted_speed_limit","traffic_control_device","device_condition","weather_condition","lighting_condition","first_crash_type","trafficway_type","lane_cnt","alignment","roadway_surface_cond","road_defect","report_type","crash_type","intersection_related_i","private_property_i","hit_and_run_i","damage","date_police_notified","prim_contributory_cause","sec_contributory_cause","street_no","street_direction","street_name","beat_of_occurrence","photos_taken_i","statements_taken_i","dooring_i","work_zone_i","work_zone_type","workers_present_i","num_units","most_severe_injury","injuries_total","injuries_fatal","injuries_incapacitating","injuries_non_incapacitating","injuries_reported_not_evident","injuries_no_indication","injuries_unknown","crash_hour","crash_day_of_week","crash_month","latitude","longitude","location"
"9a87ea5bfe99e560ca4c8668ee0914a0266024238d3c5769f3fc002b6cdd37b76fb1011bde470dd4b870bb5732dedf33f7b00ebd4ba0454d863137e5dac6613f",,"2026-02-13T08:29:00.000","30","NO CONTROLS","NO CONTROLS","CLEAR","DAYLIGHT","PEDESTRIAN","DIVIDED - W/MEDIAN BARRIER",,"STRAIGHT AND LEVEL","DRY","NO DEFECTS","ON SCENE","INJURY AND / OR TOW DUE TO CRASH",,,"Y","$501 - $1,500","2026-02-13T08:32:00.000","RELATED TO BUS STOP","FAILING TO YIELD RIGHT-OF-WAY","3856","W","NORTH AVE","2535",,,,,,,"2","INCAPACITATING INJURY","1","0","1","0","0","1","0","8","6","2","41.9100253658","-87.7237628667","POINT (-87.723762866694 41.910025365766)"
"91c68e8af409068036de561a9915016c1daf653b7e7ba45238ab47b94d15e1d697d86bb77bccd6741a108e52e18c6d65d012b1d02b9d6bcc96c935ae2907c5b5",,"2026-02-13T08:20:00.000","30","STOP SIGN/FLASHER","FUNCTIONING PROPERLY","CLEAR","DAYLIGHT","REAR TO FRONT","NOT DIVIDED",,"STRAIGHT AND LEVEL","DRY","NO DEFECTS","ON SCENE","NO INJURY / DRIVE AWAY",,,,"$501 - $1,500","2026-02-13T08:24:00.000","ROAD CONSTRUCTION/MAINTENANCE","ROAD CONSTRUCTION/MAINTENANCE","4030","W","69TH ST","833",,,,,,,"2","NO INDICATION OF INJURY","0","0","0","0","0","2","0","8","6","2","41.767829499","-87.723645694","POINT (-87.723645694007 41.767829498977)"
"c26b8934acea364d1f3aaaa4137e39081b1c0433ec10203069ea65755cb0c7df8b7c89f976c5076d2d4343615e892aeefae6d934bf771e80e574c5ae09828957",,"2026-02-13T08:20:00.000","30","NO CONTROLS","NO CONTROLS","UNKNOWN","UNKNOWN","PEDALCYCLIST","NOT DIVIDED",,"STRAIGHT AND LEVEL","UNKNOWN","NO DEFECTS",,"INJURY AND / OR TOW DUE TO CRASH",,,"N","OVER $1,500","2026-02-13T14:13:00.000","DRIVING SKILLS/KNOWLEDGE/EXPERIENCE","UNABLE TO DETERMINE","7145","N","WASHTENAW AVE","2411",,,,,,,"2","NONINCAPACITATING INJURY","1","0","0","1","0","1","0","8","6","2","42.0116402062","-87.697206532","POINT (-87.697206531959 42.011640206246)"
"42463e6374dfb466bb1daed65bac60a21b3e9122a66988a5ace560e8c7db61b38f1b66e677049d0245f46ab0c3f24cdfef9f97665f612d5418dbd14f8f5431f9",,"2026-02-13T08:10:00.000","10","NO CONTROLS","NO CONTROLS","CLEAR","DAYLIGHT","PARKED MOTOR VEHICLE","PARKING LOT",,"STRAIGHT AND LEVEL","UNKNOWN","UNKNOWN","ON SCENE","NO INJURY / DRIVE AWAY",,,,"OVER $1,500","2026-02-13T09:30:00.000","UNABLE TO DETERMINE","NOT APPLICABLE","2017","W","MORSE AVE","2411",,,,,,,"2","NO INDICATION OF INJURY","0","0","0","0","0","1","0","8","6","2","42.007220956","-87.6818951154","POINT (-87.681895115443 42.007220955956)"
"44d0a9eff479e6e1dfedfb75de9b07f7e2f7a65e771b7dc71ac45893046f850329410e633ac728cb2578ffbbfe9c21f1ded3061d5714547b548bbb55aa7c8c7e",,"2026-02-13T08:10:00.000","30","NO CONTROLS","NO CONTROLS","UNKNOWN","DAYLIGHT","SIDESWIPE SAME DIRECTION","DIVIDED - W/MEDIAN (NOT RAISED)",,"STRAIGHT AND LEVEL","UNKNOWN","UNKNOWN","NOT ON SCENE (DESK REPORT)","NO INJURY / DRIVE AWAY",,,,"OVER $1,500","2026-02-13T18:20:00.000","FOLLOWING TOO CLOSELY","FAILING TO REDUCE SPEED TO AVOID CRASH","108","W","51ST ST","224",,,,,,,"2","NO INDICATION OF INJURY","0","0","0","0","0","2","0","8","6","2","41.8020148039","-87.6283592294","POINT (-87.628359229414 41.802014803895)"
"59a0ce2e3639f95b551689127c7ec4c84703e467417123fddb680ccd72b8a282e07ca7ac88263ee31a03e0288ee60310917cadbe64b508fa5bbc96877f391411",,"2026-02-13T08:10:00.000","30","TRAFFIC SIGNAL","FUNCTIONING PROPERLY","CLEAR","DAYLIGHT","TURNING","FOUR WAY",,"STRAIGHT AND LEVEL","DRY","UNKNOWN","ON SCENE","NO INJURY / DRIVE AWAY",,,"Y","OVER $1,500","2026-02-13T08:13:00.000","IMPROPER TURNING/NO SIGNAL","FAILING TO YIELD RIGHT-OF-WAY","1600","W","ARMITAGE AVE","1432",,,,,,,"2","NO INDICATION OF INJURY","0","0","0","0","0","2","0","8","6","2","41.9180420456","-87.6679961798","POINT (-87.667996179817 41.918042045647)"
"5d43e180f71933a89700482461a8c95e8573326b0d020f577817306c95153c244c49f5f72fe742b6e879f8a4834e2a1fd0cfd34c61c07d71b543cb8ff2008781",,"2026-02-13T08:09:00.000","30","NO CONTROLS","NO CONTROLS","CLEAR","DAYLIGHT","PARKED MOTOR VEHICLE","NOT DIVIDED",,"STRAIGHT AND LEVEL","DRY","NO DEFECTS","ON SCENE","NO INJURY / DRIVE AWAY",,,,"OVER $1,500","2026-02-13T08:19:00.000","IMPROPER LANE USAGE","FAILING TO REDUCE SPEED TO AVOID CRASH","9257","S","UNION AVE","2223",,,,,,,"2","NO INDICATION OF INJURY","0","0","0","0","0","1","0","8","6","2","41.7252966348","-87.6407451268","POINT (-87.640745126794 41.725296634772)"
"42cbbe8b5db33b4d150089a03426270afcf6015ecd6fb369859ee293ea901aa98752c1cd3b92cc2a91fd5c274db35ebdf6da0159ac7debc77c0e6dafa39eeef8",,"2026-02-13T08:05:00.000","30","STOP SIGN/FLASHER","UNKNOWN","CLEAR","DAYLIGHT","ANGLE","FOUR WAY",,"STRAIGHT AND LEVEL","DRY","UNKNOWN","ON SCENE","NO INJURY / DRIVE AWAY","Y",,,"OVER $1,500","2026-02-13T08:18:00.000","FAILING TO YIELD RIGHT-OF-WAY","FAILING TO YIELD RIGHT-OF-WAY","7704","S","DREXEL AVE","624","Y","Y",,,,,"2","NO INDICATION OF INJURY","0","0","0","0","0","2","0","8","6","2","41.754755697","-87.6029870149","POINT (-87.602987014859 41.754755697033)"
"c876cadde52bb64067006ab61d7976e914e9c12f011a1fd811f2bbc568f3727d7d3bcd05c18d1d1d3028808661b391416033f3846c112aa67b5e71eb311e62ad",,"2026-02-13T08:04:00.000","30","FLASHING CONTROL SIGNAL","FUNCTIONING PROPERLY","CLEAR","DAYLIGHT","REAR TO SIDE","PARKING LOT",,"STRAIGHT AND LEVEL","DRY","NO DEFECTS","ON SCENE","NO INJURY / DRIVE AWAY",,,,"OVER $1,500","2026-02-13T08:04:00.000","IMPROPER BACKING","FAILING TO YIELD RIGHT-OF-WAY","11801","S","AVENUE O","433",,,,,,,"2","NO INDICATION OF INJURY","0","0","0","0","0","2","0","8","6","2","41.6808561363","-87.5399565973","POINT (-87.539956597346 41.680856136277)"
"cd7deef9b85e83ad7424b93a3a2122a413067fb616a636f71e9e6699d2366a3a38cc965c2e33d85e88c95b7d0b4e426fc1ef624583203a8b396aa7e6cf319527",,"2026-02-13T08:02:00.000","30","NO CONTROLS","NO CONTROLS","CLEAR","DAYLIGHT","SIDESWIPE SAME DIRECTION","NOT DIVIDED",,"STRAIGHT AND LEVEL","DRY","NO DEFECTS","ON SCENE","INJURY AND / OR TOW DUE TO CRASH",,"N","Y","OVER $1,500","2026-02-13T08:04:00.000","IMPROPER LANE USAGE","FAILING TO REDUCE SPEED TO AVOID CRASH","401","W","PERSHING RD","925",,,,,,,"2","NO INDICATION OF INJURY","0","0","0","0","0","2","0","8","6","2","41.8234728992","-87.636363045","POINT (-87.636363045001 41.823472899208)"
"323f757745a080830a0495edd5ed6e51131e6b87a24806412ad655e145c3f9499e1e7f5a36504ff81657b445f993403b05414cd166df09a9a7d3fa8b992da8fe",,"2026-02-13T08:00:00.000","30","PEDESTRIAN CROSSING SIGN","FUNCTIONING PROPERLY","CLEAR","DAYLIGHT","REAR END","NOT DIVIDED",,"STRAIGHT AND LEVEL","UNKNOWN","UNKNOWN","NOT ON SCENE (DESK REPORT)","NO INJURY / DRIVE AWAY",,,,"OVER $1,500","2026-02-13T20:30:00.000","UNABLE TO DETERMINE","UNABLE TO DETERMINE","326","S","CICERO AVE","1533",,,,,,,"2","NO INDICATION OF INJURY","0","0","0","0","0","2","0","8","6","2","41.8759443554","-87.7452502275","POINT (-87.745250227542 41.875944355445)"
"41fd91c33df7a0e2a7ff05c5bf057f8646e6c3cec5f84a1809857a44d6d0c7e818a49d6367452bcf9f7665c7c4f356d4e4b046ef827ae0fe0066217caa541d50",,"2026-02-13T08:00:00.000","35","TRAFFIC SIGNAL","FUNCTIONING PROPERLY","CLEAR","DAYLIGHT","ANGLE","DIVIDED - W/MEDIAN (NOT RAISED)",,"STRAIGHT AND LEVEL","DRY","NO DEFECTS","ON SCENE","INJURY AND / OR TOW DUE TO CRASH","Y",,,"OVER $1,500","2026-02-13T08:09:00.000","UNABLE TO DETERMINE","UNABLE TO DETERMINE","700","W","51ST ST","935",,,,,,,"2","NO INDICATION OF INJURY","0","0","0","0","0","6","0","8","6","2","41.801735563","-87.6429667447","POINT (-87.642966744662 41.801735562989)"
"7adfa5cbc7fb2487b939d74490430e965996b351d60c8cdeb29d6dc7e61a293f0e85ddd5f4d9540719d70f7d9ab12767c2a02c9aeceb3273b090af90d7dd814d",,"2026-02-13T07:55:00.000","30","UNKNOWN","UNKNOWN","CLEAR","DAYLIGHT","SIDESWIPE SAME DIRECTION","ONE-WAY",,"STRAIGHT AND LEVEL","UNKNOWN","UNKNOWN","NOT ON SCENE (DESK REPORT)","NO INJURY / DRIVE AWAY",,,,"$500 OR LESS","2026-02-13T09:27:00.000","UNABLE TO DETERMINE","UNABLE TO DETERMINE","1525","W","VAN BUREN ST","1231",,,,,,,"2","NO INDICATION OF INJURY","0","0","0","0","0","3","0","7","6","2","41.8762662732","-87.6652817202","POINT (-87.665281720184 41.876266273197)"
"cc17403711da6564318b659c81e4c90850812c96311e39865b3651f372b562617cbdb5403555cfd898c7b8849266dd2242d77b811b8ede09f4fdbb14bbb77959",,"2026-02-13T07:55:00.000","30","NO CONTROLS","NO CONTROLS","CLEAR","DAYLIGHT","REAR TO SIDE","NOT DIVIDED",,"STRAIGHT AND LEVEL","DRY","NO DEFECTS","ON SCENE","NO INJURY / DRIVE AWAY",,,,"OVER $1,500","2026-02-13T07:57:00.000","IMPROPER OVERTAKING/PASSING","NOT APPLICABLE","4407","W","OGDEN AVE","1013",,,,,,,"2","NO INDICATION OF INJURY","0","0","0","0","0","2","0","7","6","2","41.847501521","-87.7345915774","POINT (-87.734591577379 41.847501520978)"
"eacde058d42e52b46e56a85c3e6d54b809bdb234483968908f6f8560a25113d14e83f96c81f68e587ef5840bd05f02a548af1dfd2fad4ad7652169acabc62b65",,"2026-02-13T07:54:00.000","30","STOP SIGN/FLASHER","UNKNOWN","CLEAR","DAYLIGHT","ANGLE","FOUR WAY",,"STRAIGHT AND LEVEL","DRY","UNKNOWN",,"INJURY AND / OR TOW DUE TO CRASH","Y",,,"OVER $1,500","2026-02-13T07:54:00.000","UNABLE TO DETERMINE","UNABLE TO DETERMINE","1500","N","CENTRAL PARK AVE","2535",,,,,,,"2","NO INDICATION OF INJURY","0","0","0","0","0","3","0","7","6","2","41.9082208005","-87.7168914361","POINT (-87.71689143614 41.908220800544)"
"2a7b1cb00a783c895fea799ce0689a3d04101345ce04fd2e86e34de1b1f0e378a40fde11835c7e47d2a162a24d5bcc021168dd58c2e25970af12e32fe4ffbf73",,"2026-02-13T07:51:00.000","30","TRAFFIC SIGNAL","UNKNOWN","CLEAR","DAYLIGHT","REAR END","FOUR WAY",,"STRAIGHT AND LEVEL","DRY","UNKNOWN","ON SCENE","INJURY AND / OR TOW DUE TO CRASH","Y",,,"OVER $1,500","2026-02-13T07:58:00.000","UNABLE TO DETERMINE","NOT APPLICABLE","3358","W","IRVING PARK RD","1724",,,,,,,"2","NO INDICATION OF INJURY","0","0","0","0","0","2","0","7","6","2","41.9539674447","-87.7128466127","POINT (-87.712846612704 41.953967444654)"
"042101aadd30cdbc54968a8f1e59828e83d89f454a956eedcfa4eada93f2b1866a6c7fdc784b5e9674e244654d505f49522acb2ca99582f6bc5ad5603dbefadc",,"2026-02-13T07:40:00.000","30","NO CONTROLS","NO CONTROLS","CLEAR","DAYLIGHT","TURNING","NOT DIVIDED",,"STRAIGHT AND LEVEL","DRY","NO DEFECTS","ON SCENE","NO INJURY / DRIVE AWAY","Y",,,"OVER $1,500","2026-02-13T07:43:00.000","UNABLE TO DETERMINE","UNABLE TO DETERMINE","4549","W","ROOSEVELT RD","1011",,,,,,,"2","NO INDICATION OF INJURY","0","0","0","0","0","2","0","7","6","2","41.8658581702","-87.7393574343","POINT (-87.739357434338 41.86585817024)"
"7fe680459152df098f4acae495958de503e432f298945ecc20f2701b57d259682cf1ddd7d22cc51e229e6687f04a2fd23a4998aa24f173961b60f2fb2b1b40bc",,"2026-02-13T07:35:00.000","30","STOP SIGN/FLASHER","FUNCTIONING PROPERLY","CLEAR","DAYLIGHT","ANGLE","FOUR WAY",,"STRAIGHT AND LEVEL","DRY","NO DEFECTS","ON SCENE","NO INJURY / DRIVE AWAY","Y",,,"OVER $1,500","2026-02-13T07:41:00.000","UNABLE TO DETERMINE","UNABLE TO DETERMINE","6100","S","NARRAGANSETT AVE","812",,,,,,,"2","NO INDICATION OF INJURY","0","0","0","0","0","8","0","7","6","2","41.781246443","-87.7815402477","POINT (-87.781540247652 41.781246442958)"
"b576d08e13e4a48abfe6278e1be6da38e9ffa9c1df2dc3b9527207a0f636ae47b3779f19bb9466176b40761d0c8351a1d6a23d30e6c16673ea6a1f798a0d394c",,"2026-02-13T07:32:00.000","30","TRAFFIC SIGNAL","FUNCTIONING PROPERLY","CLEAR","DAYLIGHT","REAR END","DIVIDED - W/MEDIAN (NOT RAISED)",,"STRAIGHT AND LEVEL","UNKNOWN","UNKNOWN","NOT ON SCENE (DESK REPORT)","NO INJURY / DRIVE AWAY",,,"Y","OVER $1,500","2026-02-13T08:25:00.000","FOLLOWING TOO CLOSELY","UNABLE TO DETERMINE","7910","S","JEFFERY BLVD","414",,,,,,,"2","NO INDICATION OF INJURY","0","0","0","0","0","2","0","7","6","2","41.7512309608","-87.5761180008","POINT (-87.576118000755 41.751230960751)"
"6634c9aa30afcfbd8898193107533434882bf6bfac24ea7c738e33f2b4fcfbbc82ed74dda470d9c0d461bc7ab59d54b6de42ad70ff9aacd62e6a58a350333136",,"2026-02-13T07:30:00.000","30","NO CONTROLS","NO CONTROLS","CLEAR","DAYLIGHT","REAR END","DIVIDED - W/MEDIAN (NOT RAISED)",,"STRAIGHT AND LEVEL","DRY","NO DEFECTS","NOT ON SCENE (DESK REPORT)","NO INJURY / DRIVE AWAY",,,,"OVER $1,500","2026-02-13T08:15:00.000","DISTRACTION - FROM OUTSIDE VEHICLE","UNABLE TO DETERMINE","5357","N","NAGLE AVE","1622",,,,,,,"2","NO INDICATION OF INJURY","0","0","0","0","0","3","0","7","6","2","41.9791245392","-87.787661245","POINT (-87.787661244995 41.979124539242)"
"7cef384ffde178a74c5e0f7d41a4ffa49c6b736bbd172084c5fd88f958b680a7db42099496d6f7a38cf69913497d4e8720b13b1a23853160f5c2deb452584b9b",,"2026-02-13T07:30:00.000","30","NO CONTROLS","NO CONTROLS","CLEAR","DAYLIGHT","TURNING","NOT DIVIDED",,"STRAIGHT AND LEVEL","DRY","NO DEFECTS","NOT ON SCENE (DESK REPORT)","NO INJURY / DRIVE AWAY",,,,"OVER $1,500","2026-02-13T08:29:00.000","UNABLE TO DETERMINE","UNABLE TO DETERMINE","415","W","PERSHING RD","925",,,,,,,"2","NO INDICATION OF INJURY","0","0","0","0","0","2","0","7","6","2","41.8234677495","-87.6369686343","POINT (-87.636968634302 41.823467749497)"
"cb65ea32d9125865904472c13746b7fd7696c4e306c3d8c99bd28aa66eb479ff5841cb2288f977bf90332ac3069716ca2f155cc932424f5a1a9635a6d7fa091a",,"2026-02-13T07:16:00.000","30","STOP SIGN/FLASHER","FUNCTIONING PROPERLY","CLEAR","DAYLIGHT","ANGLE","FOUR WAY",,"STRAIGHT AND LEVEL","DRY","NO DEFECTS","NOT ON SCENE (DESK REPORT)","NO INJURY / DRIVE AWAY","Y",,,"OVER $1,500","2026-02-13T09:10:00.000","FAILING TO YIELD RIGHT-OF-WAY","NOT APPLICABLE","10101","S","ARTESIAN AVE","2211",,,,,,,"2","NO INDICATION OF INJURY","0","0","0","0","0","2","0","7","6","2","41.7099308768","-87.6828619891","POINT (-87.682861989137 41.709930876764)"
"a3b73c5f30c07cc44fb57a97ed9eb7312d918332c5c3ce446d6e6e442545aca27d0c193b4b01c199d8429ef2a1969a980933850f42560e225819864f253b7934",,"2026-02-13T07:15:00.000","30","UNKNOWN","OTHER","CLEAR","DAYLIGHT","SIDESWIPE OPPOSITE DIRECTION","ROUNDABOUT",,"STRAIGHT AND LEVEL","DRY","NO DEFECTS","NOT ON SCENE (DESK REPORT)","NO INJURY / DRIVE AWAY","Y",,,"OVER $1,500","2026-02-13T18:48:00.000","UNABLE TO DETERMINE","UNABLE TO DETERMINE","3100","N","MENARD AVE","2514",,,,,,,"2","NO INDICATION OF INJURY","0","0","0","0","0","2","0","7","6","2","41.9367749263","-87.7714440379","POINT (-87.771444037869 41.936774926294)"
"0e8a05692c144e21f9508e73d13a6c9156083d7fd8b452e858b0762387a8ba7e26ad063677f5a5bdcd4f352b97dc159c17d31db77f8981d62508fe113d3487c1",,"2026-02-13T07:06:00.000","30","NO CONTROLS","NO CONTROLS","CLEAR","DAYLIGHT","PARKED MOTOR VEHICLE","ONE-WAY",,"CURVE, LEVEL","DRY","NO DEFECTS","ON SCENE","INJURY AND / OR TOW DUE TO CRASH",,,,"OVER $1,500","2026-02-13T07:10:00.000","EQUIPMENT - VEHICLE CONDITION","UNABLE TO DETERMINE","6355","S","WENTWORTH AVE","312",,,,,,,"3","NONINCAPACITATING INJURY","1","0","0","1","0","0","0","7","6","2","41.7784335306","-87.6299458725","POINT (-87.629945872511 41.778433530551)"
"d04d4a57c010222e9f45e66ebac22a032b57055637ef71d9a51c1f01b1bc9e8f52e91e58eac495c4dfe9eb7ac5894d75a5e60eac03fdb196473d023e4dee59c6",,"2026-02-13T07:02:00.000","30","NO CONTROLS","NO CONTROLS","CLEAR","DAYLIGHT","REAR END","NOT DIVIDED",,"STRAIGHT AND LEVEL","DRY","NO DEFECTS","ON SCENE","INJURY AND / OR TOW DUE TO CRASH",,,,"OVER $1,500","2026-02-13T07:15:00.000","FOLLOWING TOO CLOSELY","FOLLOWING TOO CLOSELY","5810","S","CENTRAL AVE","812",,,,,,,"3","NO INDICATION OF INJURY","0","0","0","0","0","3","0","7","6","2","41.7868683097","-87.7622217391","POINT (-87.762221739082 41.786868309732)"
"1af2c341634c3ef1fcae60a510bd33e473289ad25867155529bc5d3805c970c2a96d41b576ebd140c0f85c255d3f20d6cfe0bb73da6782c5e3bbb0dc2fbf160d","Y","2026-02-13T07:00:00.000","30","NO CONTROLS","NO CONTROLS","UNKNOWN","UNKNOWN","FIXED OBJECT","DIVIDED - W/MEDIAN BARRIER",,"STRAIGHT AND LEVEL","UNKNOWN","NO DEFECTS","ON SCENE","INJURY AND / OR TOW DUE TO CRASH",,,"Y","OVER $1,500","2026-02-13T07:10:00.000","UNABLE TO DETERMINE","UNABLE TO DETERMINE","4232","W","76TH ST","833",,,,,,,"1","NO INDICATION OF INJURY","0","0","0","0","0","1","0","7","6","2","41.755132629","-87.7282765659","POINT (-87.728276565903 41.755132628952)"
"48b8bfdc275ea71bf388fb8463cbfcd3d5d26e8a3cb84e531b8a907d7ff3a17adea31f1b663ba94dd576c997b9e54c34ccfe5e89485a25e07426917836a24488",,"2026-02-13T07:00:00.000","30","STOP SIGN/FLASHER","FUNCTIONING PROPERLY","CLEAR","DAYLIGHT","TURNING","DIVIDED - W/MEDIAN (NOT RAISED)",,"STRAIGHT AND LEVEL","DRY","NO DEFECTS","NOT ON SCENE (DESK REPORT)","NO INJURY / DRIVE AWAY","Y",,,"$501 - $1,500","2026-02-13T17:15:00.000","IMPROPER OVERTAKING/PASSING","UNABLE TO DETERMINE","8700","S","STATE ST","632",,,,,,,"2","NO INDICATION OF INJURY","0","0","0","0","0","2","0","7","6","2","41.7362094694","-87.6243055191","POINT (-87.624305519124 41.736209469449)"
"4f85e91d6fa705df28d8e15461c6efaa984ad9c15c28821027a81b5d0f956434dfbee94694f3edeb99bcb2381ac69f0e7dd1b3e0c1069cb9fb15a29780fcd98b",,"2026-02-13T06:54:00.000","30","TRAFFIC SIGNAL","FUNCTIONING PROPERLY","CLEAR","DAYLIGHT","TURNING","DIVIDED - W/MEDIAN (NOT RAISED)",,"STRAIGHT AND LEVEL","DRY","NO DEFECTS","NOT ON SCENE (DESK REPORT)","NO INJURY / DRIVE AWAY","Y",,,"$500 OR LESS","2026-02-13T07:00:00.000","IMPROPER OVERTAKING/PASSING","IMPROPER TURNING/NO SIGNAL","1200","S","SACRAMENTO DR","1022",,,,,,,"2","NO INDICATION OF INJURY","0","0","0","0","0","2","0","6","6","2","41.8664218945","-87.7009336438","POINT (-87.700933643789 41.866421894513)"
"b61dd6efcf03c3b18227025cf7c6af979cd3b349d773d70fd114eefeb232f4be65b08ee18c3c5fa2fa74bc4dd47523fb0cf4803594be2dfcf0e9a1444d280953",,"2026-02-13T06:51:00.000","20","STOP SIGN/FLASHER","FUNCTIONING PROPERLY","CLEAR","DAWN","ANGLE","ONE-WAY",,"STRAIGHT AND LEVEL","DRY","NO DEFECTS","ON SCENE","INJURY AND / OR TOW DUE TO CRASH","Y",,,"OVER $1,500","2026-02-13T06:56:00.000","PHYSICAL CONDITION OF DRIVER","DISREGARDING STOP SIGN","3000","N","KARLOV AVE","2523",,,,,,,"2","REPORTED, NOT EVIDENT","3","0","0","0","3","1","0","6","6","2","41.935453441","-87.7296884606","POINT (-87.729688460624 41.935453440952)"
"af3c03b6791f9ee9facbb948fc7ef5357df5cbbdc95f2ad2bfa26d7db70c5843d7831fe9ed0e9150e7a39fd12c506ef2f7fe7b05f7335f51d0c2472b64eb6c71",,"2026-02-13T06:45:00.000","30","TRAFFIC SIGNAL","FUNCTIONING PROPERLY","CLEAR","DAYLIGHT","SIDESWIPE SAME DIRECTION","DIVIDED - W/MEDIAN (NOT RAISED)",,"STRAIGHT AND LEVEL","DRY","UNKNOWN","NOT ON SCENE (DESK REPORT)","NO INJURY / DRIVE AWAY",,,,"OVER $1,500","2026-02-13T07:45:00.000","UNABLE TO DETERMINE","UNABLE TO DETERMINE","1201","S","SACRAMENTO DR","1022",,,,,,,"2","NO INDICATION OF INJURY","0","0","0","0","0","2","0","6","6","2","41.8664271631","-87.7006400315","POINT (-87.700640031514 41.866427163063)"
"a666ed8f8847002c7f4edf5aaea98485c8afc45ba6a679992311a55dbd981f1aaf6b436e38808efa5c02909d055b5d139b36a2c861db166db1be7d6a7487e9ce",,"2026-02-13T06:33:00.000","35","TRAFFIC SIGNAL","FUNCTIONING PROPERLY","CLEAR","DAYLIGHT","SIDESWIPE SAME DIRECTION","FOUR WAY",,"STRAIGHT AND LEVEL","DRY","NO DEFECTS","ON SCENE","INJURY AND / OR TOW DUE TO CRASH","Y",,,"OVER $1,500","2026-02-13T11:42:00.000","UNABLE TO DETERMINE","NOT APPLICABLE","4800","W","MADISON ST","1533",,,,,,,"2","NO INDICATION OF INJURY","0","0","0","0","0","2","0","6","6","2","41.8806062243","-87.7454022859","POINT (-87.745402285926 41.880606224313)"
"a0fff319465fb46d95a9c581e3bbcfb7b5f8da856cb7d912b85130c81d1bf10fc28805781a76c32ba0f4103d55e6aa33a1e4b59bb0d885fc00a981c8b952f427",,"2026-02-13T06:08:00.000","30","NO CONTROLS","NO CONTROLS","CLEAR","DAYLIGHT","TURNING","DIVIDED - W/MEDIAN (NOT RAISED)",,"STRAIGHT AND LEVEL","WET","NO DEFECTS",,"NO INJURY / DRIVE AWAY",,,,"OVER $1,500","2026-02-13T06:10:00.000","IMPROPER TURNING/NO SIGNAL","FAILING TO YIELD RIGHT-OF-WAY","4901","N","KEDZIE AVE","1713",,,,,,,"2","NO INDICATION OF INJURY","0","0","0","0","0","2","0","6","6","2","41.9703649922","-87.7083833317","POINT (-87.708383331679 41.970364992201)"
"aed54fd37632f29add65164235d034346661ebe4907c5178e9ca8de93e20785c170ae5309d4a155da6020d9099877768b2c37bb2a2ed2b61cb0b92b8031cd862",,"2026-02-13T06:03:00.000","30","TRAFFIC SIGNAL","FUNCTIONING PROPERLY","OTHER","DARKNESS, LIGHTED ROAD","ANGLE","FOUR WAY",,"STRAIGHT AND LEVEL","WET","NO DEFECTS","ON SCENE","INJURY AND / OR TOW DUE TO CRASH","Y",,,"OVER $1,500","2026-02-13T06:43:00.000","EQUIPMENT - VEHICLE CONDITION","UNABLE TO DETERMINE","5202","W","HARRISON ST","1522",,,,,,,"2","NO INDICATION OF INJURY","0","0","0","0","0","2","0","6","6","2","41.8730539433","-87.7549475601","POINT (-87.754947560085 41.873053943252)"
"746b9859e0e3ddf197f567e54de6340218df3d2e2dfe80e3809c32b12a239f0c50037bb1e3dea9f46637dae45df670d319e969c59282a00ce4463227fb593432",,"2026-02-13T05:55:00.000","15","NO CONTROLS","NO CONTROLS","CLEAR","DARKNESS, LIGHTED ROAD","FIXED OBJECT","PARKING LOT",,"STRAIGHT AND LEVEL","DRY","NO DEFECTS","NOT ON SCENE (DESK REPORT)","NO INJURY / DRIVE AWAY",,"Y",,"OVER $1,500","2026-02-13T06:00:00.000","UNABLE TO DETERMINE","NOT APPLICABLE","701","N","KILBOURN AVE","1111",,,,,,,"1","NO INDICATION OF INJURY","0","0","0","0","0","1","0","5","6","2","41.8936780621","-87.7383918559","POINT (-87.738391855855 41.893678062074)"
"c246cc1ad6fe13f738655e2a4f14743615f3b9404e691f1cf5003c45b952209400e4527f30db8f6e8491868b2a905524c40c7b3120385416bc2c4ddedce19adf",,"2026-02-13T05:50:00.000","30","NO CONTROLS","NO CONTROLS","CLEAR","DARKNESS, LIGHTED ROAD","ANGLE","NOT REPORTED",,"STRAIGHT AND LEVEL","DRY","UNKNOWN","ON SCENE","INJURY AND / OR TOW DUE TO CRASH",,,,"OVER $1,500","2026-02-13T05:54:00.000","FAILING TO YIELD RIGHT-OF-WAY","UNABLE TO DETERMINE","6699","W","IRVING PARK RD","1632",,,,,,,"2","NONINCAPACITATING INJURY","1","0","0","1","0","2","0","5","6","2","41.9526758789","-87.7937301335","POINT (-87.793730133539 41.95267587892)"
"81a7e13d371fd40b382e0b6c495e9e7b1eb311cd1a68176f9a939e98280ea8031e1a969c8197772b2c8a07a092e363321801627bff277506734ccf4a829ce5fc",,"2026-02-13T05:49:00.000","30","NO CONTROLS","NO CONTROLS","CLEAR","DARKNESS, LIGHTED ROAD","TURNING","NOT DIVIDED",,"STRAIGHT AND LEVEL","DRY","NO DEFECTS","ON SCENE","NO INJURY / DRIVE AWAY",,,,"OVER $1,500","2026-02-13T05:50:00.000","IMPROPER OVERTAKING/PASSING","IMPROPER TURNING/NO SIGNAL","818","W","47TH ST","925",,,,,,,"3","NO INDICATION OF INJURY","0","0","0","0","0","3","0","5","6","2","41.8089694329","-87.6463387708","POINT (-87.646338770844 41.808969432884)"