"crash_record_id","crash_date_est_i","crash_date","posted_speed_limit","traffic_control_device","device_condition","weather_condition","lighting_condition","first_crash_type","trafficway_type","lane_cnt","alignment","roadway_surface_cond","road_defect","report_type","crash_type","intersection_related_i","private_property_i","hit_and_run_i","damage","date_police_notified","prim_contributory_cause","sec_contributory_cause","street_no","street_direction","street_name","beat_of_occurrence","photos_taken_i","statements_taken_i","dooring_i","work_zone_i","work_zone_type","workers_present_i","num_units","most_severe_injury","injuries_total","injuries_fatal","injuries_incapacitating","injuries_non_incapacitating","injuries_reported_not_evident","injuries_no_indication","injuries_unknown","crash_hour","crash_day_of_week","crash_month","latitude","longitude","location"
"5e79247fcc629375e1e303f59bad2be7471e06eee7fd21b4eba7592a8f4f89beed83d14fdb6977af3833b8bf4f26db5510880343758e968da73fdd3dfd3fa03a",,"2026-02-13T05:30:00.000","25","NO CONTROLS","NO CONTROLS","CLEAR","DARKNESS, LIGHTED ROAD","PARKED MOTOR VEHICLE","NOT DIVIDED",,"STRAIGHT AND LEVEL","DRY","NO DEFECTS","ON SCENE","NO INJURY / DRIVE AWAY",,,,"OVER $1,500","2026-02-13T05:55:00.000","IMPROPER BACKING","UNABLE TO DETERMINE","3844","W","MYRICK ST","833",,,,,,,"2","NO INDICATION OF INJURY","0","0","0","0","0","1","0","5","6","2","41.7500648264","-87.7200532266","POINT (-87.720053226649 41.750064826351)"
"56e92b7c70e8e4e946d3d79f6014e08c7e3d24a1619246facd695a8deafdf38f3305859f71a786637b90c9d9267a88781741f4a4507278f2830d270605eb28e2",,"2026-02-13T05:29:00.000","30","STOP SIGN/FLASHER","FUNCTIONING PROPERLY","CLEAR","DARKNESS, LIGHTED ROAD","TURNING","FOUR WAY",,"STRAIGHT AND LEVEL","DRY","NO DEFECTS","ON SCENE","INJURY AND / OR TOW DUE TO CRASH","Y",,,"OVER $1,500","2026-02-13T05:31:00.000","UNABLE TO DETERMINE","NOT APPLICABLE","5729","W","FULLERTON AVE","2515",,,,,,,"2","NONINCAPACITATING INJURY","2","0","0","1","1","0","0","5","6","2","41.9238158313","-87.7695740696","POINT (-87.769574069573 41.923815831253)"
"549b1f8c95059c62bf15a364ae20ebaae4ed644f8a3c86d041ef72467af005dce4784536a8ec62beecf83744183ffe5f619febd4a4810c54ad7f973c8ad4ebd2",,"2026-02-13T05:20:00.000","30","TRAFFIC SIGNAL","FUNCTIONING PROPERLY","CLEAR","DARKNESS, LIGHTED ROAD","SIDESWIPE SAME DIRECTION","FOUR WAY",,"STRAIGHT AND LEVEL","DRY","NO DEFECTS","ON SCENE","NO INJURY / DRIVE AWAY","Y",,,"OVER $1,500","2026-02-13T05:23:00.000","UNABLE TO DETERMINE","UNABLE TO DETERMINE","1999","W","DIVERSEY PKWY","1931",,,,,,,"2","NO INDICATION OF INJURY","0","0","0","0","0","2","0","5","6","2","41.9321766364","-87.6780090539","POINT (-87.678009053887 41.932176636385)"
"c619f063622ae3a75c573a21317855bbab5c9d56c7d4543f8b67ac16014662f752e027f0c786fbb9feccd307b943676f7cb4a370c718aa72bc3c3c4298b1ca89",,"2026-02-13T05:15:00.000","30","NO CONTROLS","NO CONTROLS","CLEAR","DARKNESS, LIGHTED ROAD","PARKED MOTOR VEHICLE","NOT DIVIDED",,"STRAIGHT AND LEVEL","DRY","NO DEFECTS","NOT ON SCENE (DESK REPORT)","NO INJURY / DRIVE AWAY",,,"Y","OVER $1,500","2026-02-13T08:00:00.000","UNABLE TO DETERMINE","NOT APPLICABLE","10624","S","KEDZIE AVE","2211",,,,,,,"2","NO INDICATION OF INJURY","0","0","0","0","0","1","0","5","6","2","41.6999024053","-87.701266273","POINT (-87.701266272971 41.699902405309)"
"8b4cd08f521f4534af39c21272d88a2113c6ee907613888e5d077b79c116d97c0f69d97e59aa2a5c6d52b8cd4d7817ef92e780bcbf1b08a7011b36fe73c60633",,"2026-02-13T05:00:00.000","30","NO CONTROLS","NO CONTROLS","CLEAR","DAYLIGHT","PARKED MOTOR VEHICLE","NOT DIVIDED",,"STRAIGHT AND LEVEL","DRY","NO DEFECTS","ON SCENE","NO INJURY / DRIVE AWAY",,,"Y","OVER $1,500","2026-02-13T12:53:00.000","UNABLE TO DETERMINE","UNABLE TO DETERMINE","446","N","CLARK ST","1831",,,,,,,"2","NO INDICATION OF INJURY","0","0","0","0","0","1","0","5","6","2","41.8906362991","-87.6312477417","POINT (-87.631247741707 41.890636299121)"
"a06693594b283bdc9f1f87fc5ae41b1209e443728dd1d740e0ab2b47b20599713c696557920272954fae999b998cee8a2a5db1f03f19e07aeaf4dc2492c055df",,"2026-02-13T05:00:00.000","30","NO CONTROLS","NO CONTROLS","CLEAR","DAYLIGHT","PARKED MOTOR VEHICLE","ONE-WAY",,"STRAIGHT AND LEVEL","DRY","NO DEFECTS","NOT ON SCENE (DESK REPORT)","NO INJURY / DRIVE AWAY",,,"Y","$501 - $1,500","2026-02-19T12:30:00.000","UNABLE TO DETERMINE","UNABLE TO DETERMINE","7120","N","WOLCOTT AVE","2424",,,,,,,"2","NO INDICATION OF INJURY","0","0","0","0","0","1","0","5","6","2","42.0120188261","-87.6783124397","POINT (-87.678312439729 42.01201882606)"
"e587590ba8cb9443f9499f199d631070c42d5d9bf9c59fdfbb2c5de77096c604eedf53da9c1b9425eeb3adef57b9bd3cd46df9be8962591780a9f5699892bc61",,"2026-02-13T05:00:00.000","35","NO CONTROLS","NO CONTROLS","UNKNOWN","UNKNOWN","PARKED MOTOR VEHICLE","PARKING LOT",,"STRAIGHT AND LEVEL","UNKNOWN","UNKNOWN","NOT ON SCENE (DESK REPORT)","NO INJURY / DRIVE AWAY",,,"Y","OVER $1,500","2026-02-26T10:00:00.000","UNABLE TO DETERMINE","UNABLE TO DETERMINE","2231","E","67TH ST","331",,,,,,,"2","NO INDICATION OF INJURY","0","0","0","0","0","1","0","5","6","2","41.773407967","-87.57037243","POINT (-87.570372429966 41.77340796701)"
"f3aaf8b331dc58f134021e1bb08ca1325365519aec77b371d727970608d66a7f7bb43917f0c2ea287b8c281ba2d1c473d3cf89618777e8f25c8dea0fc1d809f9",,"2026-02-13T02:48:00.000","30","TRAFFIC SIGNAL","FUNCTIONING PROPERLY","CLEAR","DARKNESS, LIGHTED ROAD","REAR END","FOUR WAY",,"STRAIGHT AND LEVEL","DRY","NO DEFECTS","ON SCENE","NO INJURY / DRIVE AWAY","Y",,,"OVER $1,500","2026-02-13T02:49:00.000","FAILING TO REDUCE SPEED TO AVOID CRASH","UNABLE TO DETERMINE","826","W","BELMONT AVE","1924",,,,,,,"2","NO INDICATION OF INJURY","0","0","0","0","0","2","0","2","6","2","41.9400755336","-87.6503859117","POINT (-87.650385911667 41.940075533626)"
"e14d681d229eca6d949a64804e082edc44d011396b9bdc2f635009183d8557950e72b20cd7df3e4bdb1aed3e0bea03e80b4a7eeaf3ef3df1f16575ed21a1cd09",,"2026-02-13T02:35:00.000","30","NO CONTROLS","NO CONTROLS","CLEAR","DARKNESS, LIGHTED ROAD","SIDESWIPE SAME DIRECTION","NOT DIVIDED",,"STRAIGHT AND LEVEL","UNKNOWN","UNKNOWN","NOT ON SCENE (DESK REPORT)","NO INJURY / DRIVE AWAY",,,"Y","OVER $1,500","2026-02-13T13:51:00.000","UNABLE TO DETERMINE","UNABLE TO DETERMINE","300","W","ONTARIO ST","1831",,,,,,,"2","NO INDICATION OF INJURY","0","0","0","0","0","2","0","2","6","2","41.8932767034","-87.6356894424","POINT (-87.635689442435 41.893276703421)"
"d4a91f8c49d642b181dac401334a2c8ef1d05e3f0aecb499dc7711a6d644302cb4b8d7486a007d3fd9d0bb764748f789c93f1d4c309fbbf0e542d636af81312f",,"2026-02-13T01:47:00.000","30","NO CONTROLS","NO CONTROLS","CLEAR","DARKNESS, LIGHTED ROAD","FIXED OBJECT","DIVIDED - W/MEDIAN BARRIER",,"STRAIGHT AND LEVEL","DRY","NO DEFECTS","ON SCENE","INJURY AND / OR TOW DUE TO CRASH",,,"Y","OVER $1,500","2026-02-13T01:57:00.000","UNABLE TO DETERMINE","UNABLE TO DETERMINE","710","S","WESTERN AVE","1135",,"Y",,,,,"1","NO INDICATION OF INJURY","0","0","0","0","0","1","0","1","6","2","41.8726293509","-87.6863490768","POINT (-87.68634907684 41.872629350926)"
"bc5fbb51eea017846d32ca1601d02b3f17e82eb50b43132bfea64396bdb439663dcb142cd90af297909780abf7770a394aa8d2418d7e4630f2b85210b916aedc",,"2026-02-13T01:05:00.000","30","NO CONTROLS","NO CONTROLS","CLEAR","DARKNESS, LIGHTED ROAD","PARKED MOTOR VEHICLE","DIVIDED - W/MEDIAN (NOT RAISED)",,"STRAIGHT AND LEVEL","DRY","NO DEFECTS","NOT ON SCENE (DESK REPORT)","NO INJURY / DRIVE AWAY",,,"Y","OVER $1,500","2026-02-13T09:15:00.000","IMPROPER LANE USAGE","UNABLE TO DETERMINE","7416","W","BELMONT AVE","1631",,,,,,,"2","NO INDICATION OF INJURY","0","0","0","0","0","2","0","1","6","2","41.9380888448","-87.8120868534","POINT (-87.812086853418 41.938088844753)"
"c8b45f604d13112b711a6445dde2a925afaaa50951181e3712caf34129cc73dc030c6c2eacb3321cda0ef7565aca6378e88261ffc14111dccf3045c90d7b271a",,"2026-02-13T01:01:00.000","30","TRAFFIC SIGNAL","FUNCTIONING PROPERLY","CLEAR","DARKNESS, LIGHTED ROAD","FIXED OBJECT","FOUR WAY",,"STRAIGHT AND LEVEL","WET","NO DEFECTS","ON SCENE","INJURY AND / OR TOW DUE TO CRASH","Y",,,"OVER $1,500","2026-02-13T01:01:00.000","IMPROPER LANE USAGE","UNABLE TO DETERMINE","1900","N","ASHLAND AVE","1433",,,,,,,"1","NONINCAPACITATING INJURY","1","0","0","1","0","1","0","1","6","2","41.916147281","-87.6679473535","POINT (-87.667947353504 41.916147280953)"
"40a54dc1f4f1c46e187879149615cfd987f0330c1542b365bf35bfc992c7a87bd5deeccb90cfa1a3b5c376fb68266f1ae121350a1fd4921a93a050c7190113b5",,"2026-02-13T01:00:00.000","35","TRAFFIC SIGNAL","FUNCTIONING PROPERLY","CLEAR","DARKNESS, LIGHTED ROAD","FIXED OBJECT","FOUR WAY",,"STRAIGHT AND LEVEL","DRY","NO DEFECTS","ON SCENE","INJURY AND / OR TOW DUE TO CRASH","Y",,,"OVER $1,500","2026-02-13T01:05:00.000","UNABLE TO DETERMINE","NOT APPLICABLE","120","W","87TH ST","622",,,,,,,"2","NO INDICATION OF INJURY","0","0","0","0","0","1","0","1","6","2","41.7363802018","-87.6276992347","POINT (-87.627699234706 41.736380201841)"
"befd91e2d107c9879889c513e588d19c0a65fa4b547844ef22bdd09dbf07a30ded9d8c64e49cfe55afb4bffa91f91595f561abdd57f2fabc9ef653fc8700c550",,"2026-02-13T01:00:00.000","15","UNKNOWN","UNKNOWN","CLEAR","UNKNOWN","PARKED MOTOR VEHICLE","PARKING LOT",,"STRAIGHT AND LEVEL","UNKNOWN","UNKNOWN","NOT ON SCENE (DESK REPORT)","NO INJURY / DRIVE AWAY",,,"Y","$500 OR LESS","2026-02-14T18:30:00.000","UNABLE TO DETERMINE","UNABLE TO DETERMINE","138","W","KINZIE ST","1831",,"Y",,,,,"2","NO INDICATION OF INJURY","0","0","0","0","0","1","0","1","6","2","41.8892987933","-87.632454283","POINT (-87.63245428302 41.889298793346)"
"6606fedf12e9aab325ad94b74971c4eba30a179734a299e0a1c5d20763a4e89e2f44e6887971388620f70aec21419cfdaa99cd71fe3a5aa39f0b7247fc717372",,"2026-02-13T00:17:00.000","30","TRAFFIC SIGNAL","UNKNOWN","CLEAR","DARKNESS, LIGHTED ROAD","ANGLE","FOUR WAY",,"STRAIGHT AND LEVEL","DRY","UNKNOWN","ON SCENE","INJURY AND / OR TOW DUE TO CRASH","Y",,,"OVER $1,500","2026-02-13T00:17:00.000","DRIVING ON WRONG SIDE/WRONG WAY","NOT APPLICABLE","800","N","HOYNE AVE","1212",,,,,,,"2","NONINCAPACITATING INJURY","3","0","0","3","0","8","0","0","6","2","41.8959108218","-87.679648923","POINT (-87.679648922969 41.895910821791)"
"f13d4b885d01ee2d9e797da2f8e9d28d2db509a002148be214aca45e6279ab56e06213d2ec81fc4dad19c63698bacf106b8b5fd6a0837a327dc5fd54dc157afd",,"2026-02-13T00:15:00.000","20","UNKNOWN","NO CONTROLS","CLEAR","DARKNESS","REAR TO SIDE","PARKING LOT",,"STRAIGHT AND LEVEL","DRY","NO DEFECTS","ON SCENE","NO INJURY / DRIVE AWAY",,,,"OVER $1,500","2026-02-13T00:18:00.000","FAILING TO YIELD RIGHT-OF-WAY","NOT APPLICABLE","12525","S","CARONDOLET AVE","433",,,,,,,"2","NO INDICATION OF INJURY","0","0","0","0","0","2","0","0","6","2","41.6674447747","-87.549418233","POINT (-87.549418232998 41.667444774662)"
"039a48fcd2ee830362a01a37eaa8e6f61018cf21ee41edca232eaee6af23db6f0aa13cc3fe27528bc4b03a2a90c6819a311313d1e6c8210634993f629bdb9024",,"2026-02-13T00:11:00.000","30","OTHER REG. SIGN","OTHER","CLEAR","DARKNESS, LIGHTED ROAD","REAR END","NOT DIVIDED",,"STRAIGHT AND LEVEL","DRY","UNKNOWN","ON SCENE","NO INJURY / DRIVE AWAY","N",,,"OVER $1,500","2026-02-13T00:13:00.000","UNABLE TO DETERMINE","UNABLE TO DETERMINE","715","E","79TH ST","624",,,,,,,"2","NO INDICATION OF INJURY","0","0","0","0","0","2","0","0","6","2","41.7511446334","-87.6070067619","POINT (-87.607006761856 41.751144633422)"
"eafac5f70c074439532625fcf1cc59c1c76c0578c605add977a298ce9e00b9d2022d8cc7127bdf3b8508e3b8b420dfb5d247b77130faf26c1daa98f8a1386f1e",,"2026-02-12T23:54:00.000","30","NO CONTROLS","NO CONTROLS","CLEAR","DARKNESS, LIGHTED ROAD","ANGLE","NOT DIVIDED",,"STRAIGHT AND LEVEL","DRY","NO DEFECTS","ON SCENE","INJURY AND / OR TOW DUE TO CRASH",,,,"OVER $1,500","2026-02-12T23:54:00.000","FAILING TO YIELD RIGHT-OF-WAY","NOT APPLICABLE","14","N","CENTRAL AVE","1513",,,,,,,"2","NO INDICATION OF INJURY","0","0","0","0","0","3","0","23","5","2","41.8806912349","-87.7650189299","POINT (-87.765018929922 41.880691234887)"
"404beeb0e9de5c5e28247d6fda5ae900a0ae20921538e867129bda687ed0d51c1d50fc7514803ac0bc24f75c1e72c7574098c21c6d51822795114c09c19984ea",,"2026-02-12T23:45:00.000","30","TRAFFIC SIGNAL","UNKNOWN","CLEAR","DARKNESS, LIGHTED ROAD","REAR END","FOUR WAY",,"STRAIGHT AND LEVEL","DRY","UNKNOWN","ON SCENE","INJURY AND / OR TOW DUE TO CRASH","Y",,"Y","$501 - $1,500","2026-02-12T23:55:00.000","FOLLOWING TOO CLOSELY","DRIVING SKILLS/KNOWLEDGE/EXPERIENCE","5998","W","BELMONT AVE","1633",,,,,,,"2","REPORTED, NOT EVIDENT","2","0","0","0","2","0","0","23","5","2","41.9385587097","-87.7761566731","POINT (-87.776156673126 41.938558709696)"
"3feeb9d569dbed697ee01eef97c21abdc7a2a714473522ec48710d0d3d4fec747af892388d442a01dcc5934e070492c5c086266b50805400c649749479e8fb0d",,"2026-02-12T22:45:00.000","30","NO CONTROLS","NO CONTROLS","CLEAR","DARKNESS, LIGHTED ROAD","PARKED MOTOR VEHICLE","ONE-WAY",,"STRAIGHT AND LEVEL","DRY","NO DEFECTS","NOT ON SCENE (DESK REPORT)","NO INJURY / DRIVE AWAY",,,,"$501 - $1,500","2026-02-12T23:28:00.000","IMPROPER BACKING","IMPROPER BACKING","342","E","ILLINOIS ST","1834",,,,,,,"2","NO INDICATION OF INJURY","0","0","0","0","0","1","0","22","5","2","41.8911473258","-87.6183972743","POINT (-87.618397274316 41.891147325756)"
"9fca75da558d54b1741c7e2b36044111dd32f9c310f57441aef56012c7111efe15a3dd385cea7479b6f105688f1fced7273ba0e32b8a97e20f1e9844d4403f95",,"2026-02-12T22:34:00.000","30","TRAFFIC SIGNAL","FUNCTIONING PROPERLY","CLEAR","DARKNESS, LIGHTED ROAD","TURNING","T-INTERSECTION",,"STRAIGHT AND LEVEL","DRY","NO DEFECTS","ON SCENE","NO INJURY / DRIVE AWAY","Y",,,"$501 - $1,500","2026-02-12T22:34:00.000","UNABLE TO DETERMINE","NOT APPLICABLE","1","N","MICHIGAN AVE","114",,,,,,,"2","NO INDICATION OF INJURY","0","0","0","0","0","2","0","22","5","2","41.8821685846","-87.6242205667","POINT (-87.624220566705 41.882168584563)"
"88e7c9530442974c04972d01286a9a56f3522645f3a43df63fb00fad4b7e35935c39147e8149e2c80b131fb772d8c4efd23447bbbbed7d25989dc65b7c52b257","Y","2026-02-12T22:11:00.000","35","STOP SIGN/FLASHER","FUNCTIONING PROPERLY","CLEAR","DARKNESS, LIGHTED ROAD","HEAD ON","FOUR WAY",,"STRAIGHT AND LEVEL","DRY","NO DEFECTS","ON SCENE","INJURY AND / OR TOW DUE TO CRASH","Y",,"Y","OVER $1,500","2026-02-12T22:12:00.000","HAD BEEN DRINKING (USE WHEN ARREST IS NOT MADE)","PHYSICAL CONDITION OF DRIVER","400","E","101ST ST","511",,,,,,,"3","NONINCAPACITATING INJURY","1","0","0","1","0","4","0","22","5","2","41.7110707209","-87.6138046514","POINT (-87.613804651431 41.711070720924)"
"c80c48d575a84c96068e481813798c280e82ed5c2952c8f96d18c91617406c9a07f9800c5059f5e6cd275f5b23735bf68e0322db8af1f69d719ffee65bfc755c","Y","2026-02-12T22:08:00.000","30","NO CONTROLS","NO CONTROLS","CLEAR","DARKNESS, LIGHTED ROAD","PARKED MOTOR VEHICLE","NOT DIVIDED",,"STRAIGHT AND LEVEL","DRY","NO DEFECTS",,"INJURY AND / OR TOW DUE TO CRASH",,,,"OVER $1,500","2026-02-12T22:08:00.000","FAILING TO REDUCE SPEED TO AVOID CRASH","NOT APPLICABLE","1357","W","GRAND AVE","1215",,,,,,,"3","NO INDICATION OF INJURY","0","0","0","0","0","1","0","22","5","2","41.8909285648","-87.6612960668","POINT (-87.661296066757 41.890928564839)"
"fad3b87538f5a01c6685e668540729f600300a143b7ba06c6f9cc7f415e1795b622edd2998fa0a80178b1bd627d7be8d97fa3d4592f891f7d068f4b2053e8322",,"2026-02-12T21:54:00.000","30","TRAFFIC SIGNAL","FUNCTIONING PROPERLY","CLEAR","DAYLIGHT","TURNING","T-INTERSECTION",,"STRAIGHT AND LEVEL","DRY","NO DEFECTS","ON SCENE","NO INJURY / DRIVE AWAY","Y",,,"$501 - $1,500","2026-02-12T21:59:00.000","IMPROPER TURNING/NO SIGNAL","IMPROPER LANE USAGE","200","S","MICHIGAN AVE","113",,,,,,,"2","NO INDICATION OF INJURY","0","0","0","0","0","2","0","21","5","2","41.8794893287","-87.6244981249","POINT (-87.624498124934 41.879489328698)"
"59cfce9cec0201dd54876986a084aea7682529d3b1454fa871434b6dbaaacf71233579bb8ad274ab9cb4d74ce898f78c23cfe9909586aa65c898ef56e012b520",,"2026-02-12T21:52:00.000","30","NO CONTROLS","FUNCTIONING PROPERLY","CLEAR","DARKNESS, LIGHTED ROAD","SIDESWIPE SAME DIRECTION","NOT DIVIDED",,"STRAIGHT AND LEVEL","DRY","NO DEFECTS","ON SCENE","NO INJURY / DRIVE AWAY",,,"Y","OVER $1,500","2026-02-12T21:52:00.000","UNABLE TO DETERMINE","NOT APPLICABLE","11012","S","VINCENNES AVE","2212",,,,,,,"2","NO INDICATION OF INJURY","0","0","0","0","0","4","0","21","5","2","41.6935403109","-87.6625035318","POINT (-87.66250353182 41.693540310894)"
"4263153e27743af70d18333804f00151693ccc1c46edd6c28712050d511be74dd569742889648c6d3f03439fdab9bb9649a91c4d9712c9227443b8c5f62d2706",,"2026-02-12T21:50:00.000","40","NO CONTROLS","NO CONTROLS","CLEAR","DARKNESS, LIGHTED ROAD","SIDESWIPE SAME DIRECTION","NOT DIVIDED",,"STRAIGHT AND LEVEL","DRY","UNKNOWN","ON SCENE","INJURY AND / OR TOW DUE TO CRASH",,,"Y","OVER $1,500","2026-02-12T21:59:00.000","FAILING TO REDUCE SPEED TO AVOID CRASH","NOT APPLICABLE","1000","N","LAKE SHORE DR SB","1824",,,,,,,"2","NONINCAPACITATING INJURY","1","0","0","1","0","1","0","21","5","2","41.9009589191","-87.6199281737","POINT (-87.619928173678 41.900958919109)"
"a0034bccff988aac8b532973d752b68c5cd96c7f81532a7960aefb8b11da03210590e27a891222ce333363d30b64aaed63f403201f25e762ebdadb8e7766ecef",,"2026-02-12T21:50:00.000","30","NO CONTROLS","NO CONTROLS","CLEAR","DARKNESS, LIGHTED ROAD","FIXED OBJECT","DIVIDED - W/MEDIAN BARRIER",,"STRAIGHT AND LEVEL","DRY","NO DEFECTS","ON SCENE","INJURY AND / OR TOW DUE TO CRASH",,,,"OVER $1,500","2026-02-12T21:55:00.000","UNABLE TO DETERMINE","NOT APPLICABLE","4420","S","CICERO AVE","814",,,,,,,"1","NO INDICATION OF INJURY","0","0","0","0","0","1","0","21","5","2","41.8124374365","-87.7434342782","POINT (-87.74343427821 41.812437436544)"
"f00ea2884dfeb62922ede847194737eb0d3210f164e9267bb9d6e13824aeeaeefa62023d585bdc1b2917daf510e0844309523df1bd79a9ea8590f99bb1753513",,"2026-02-12T21:20:00.000","25","NO CONTROLS","NO CONTROLS","CLEAR","DARKNESS, LIGHTED ROAD","ANGLE","NOT DIVIDED",,"STRAIGHT AND LEVEL","UNKNOWN","UNKNOWN",,"NO INJURY / DRIVE AWAY",,,,"OVER $1,500","2026-02-13T11:20:00.000","UNABLE TO DETERMINE","NOT APPLICABLE","7357","N","ASHLAND BLVD","2423",,,,,,,"2","NO INDICATION OF INJURY","0","0","0","0","0","5","0","21","5","2","42.0155240502","-87.6701486188","POINT (-87.670148618764 42.015524050154)"
"7539cbc545ec7d6a17beed621bfba2871078b0f1754ee576d884104f7746fbff8eec7ea1f5bf0839aa2c417cf0a5c9714de439c8c2986d2ed85f502478af9160",,"2026-02-12T21:15:00.000","30","NO CONTROLS","NO CONTROLS","CLEAR","DARKNESS, LIGHTED ROAD","SIDESWIPE SAME DIRECTION","NOT DIVIDED",,"STRAIGHT AND LEVEL","DRY","NO DEFECTS","NOT ON SCENE (DESK REPORT)","NO INJURY / DRIVE AWAY",,,"Y","$500 OR LESS","2026-02-12T22:00:00.000","IMPROPER OVERTAKING/PASSING","IMPROPER OVERTAKING/PASSING","5700","S","CALIFORNIA AVE","824",,,,,,,"2","NO INDICATION OF INJURY","0","0","0","0","0","3","0","21","5","2","41.7899550138","-87.6938409939","POINT (-87.693840993851 41.789955013776)"
"c1391e6dffc04f3ebf00bd27cfdf28e2c3b961d0ec74d270083030b29d49da2a50503660c5eada046a97c47e68323872ff88d4254b41e5b31bb9d440ebe27c63",,"2026-02-12T21:09:00.000","30","NO CONTROLS","NO CONTROLS","CLEAR","DARKNESS, LIGHTED ROAD","PARKED MOTOR VEHICLE","DIVIDED - W/MEDIAN (NOT RAISED)",,"STRAIGHT AND LEVEL","UNKNOWN","UNKNOWN","ON SCENE","NO INJURY / DRIVE AWAY",,,,"OVER $1,500","2026-02-12T21:10:00.000","UNABLE TO DETERMINE","NOT APPLICABLE","2815","N","SHEFFIELD AVE","1933",,"Y",,,,,"2","NO INDICATION OF INJURY","0","0","0","0","0","1","0","21","5","2","41.9331258162","-87.6537291786","POINT (-87.653729178555 41.933125816243)"
"4621b7ad8abc3eb896bc99646f8df242f8b5c1520f4804992da60763d90f327eed1e8055a9c4154e788892f98043786f0429a551a0ed1916d291cf8f5759fccf",,"2026-02-12T21:04:00.000","30","NO CONTROLS","NO CONTROLS","CLEAR","DARKNESS, LIGHTED ROAD","PARKED MOTOR VEHICLE","NOT DIVIDED",,"STRAIGHT AND LEVEL","DRY","NO DEFECTS","ON SCENE","NO INJURY / DRIVE AWAY",,,,"$500 OR LESS","2026-02-12T21:32:00.000","NOT APPLICABLE","NOT APPLICABLE","6557","N","RAVENSWOOD AVE","2432",,,,,,,"2","NO INDICATION OF INJURY","0","0","0","0","0","2","0","21","5","2","42.0015246061","-87.6749673257","POINT (-87.674967325713 42.001524606087)"
"2984921ff43c9a33d3e7880f21810f8546a69d4a17e47ec2d6baa9e30359a6b50b8e0398c871137a04b170537262b02173ef47b126c4fa3d20345201b8ca7523","Y","2026-02-12T21:00:00.000","30","NO CONTROLS","NO CONTROLS","CLEAR","DARKNESS, LIGHTED ROAD","PARKED MOTOR VEHICLE","ONE-WAY",,"STRAIGHT AND LEVEL","DRY","NO DEFECTS","NOT ON SCENE (DESK REPORT)","NO INJURY / DRIVE AWAY",,,"Y","OVER $1,500","2026-02-13T09:10:00.000","UNABLE TO DETERMINE","UNABLE TO DETERMINE","1614","W","46TH ST","924",,,,,,,"2","NO INDICATION OF INJURY","0","0","0","0","0","1","0","21","5","2","41.810521999","-87.6657243477","POINT (-87.665724347653 41.810521998977)"
"847b46e00a9194c76a835078ca8285b7f763e8fdec83d6b93c4b98f54e4c4ce59d5de08b5d8366847f49a0f71043a53b6eaff842fc4eecb5ec39a41f18d1694e",,"2026-02-12T20:54:00.000","35","TRAFFIC SIGNAL","FUNCTIONING PROPERLY","CLEAR","DARKNESS, LIGHTED ROAD","SIDESWIPE SAME DIRECTION","DIVIDED - W/MEDIAN (NOT RAISED)",,"STRAIGHT AND LEVEL","DRY","UNKNOWN","ON SCENE","NO INJURY / DRIVE AWAY",,,"Y","$500 OR LESS","2026-02-12T21:07:00.000","UNABLE TO DETERMINE","UNABLE TO DETERMINE","98","E","112TH ST","531",,,,,,,"2","NO INDICATION OF INJURY","0","0","0","0","0","2","0","20","5","2","41.690902417","-87.6211316814","POINT (-87.621131681374 41.69090241695)"
"a7374e440cac5c033d8604f8e601523480a4a2181a9267a584ca7b058a50795a065899faaa715102e98cc24a21c2ad9b3ba6c4b5555a7def09b951c4ce3580ef",,"2026-02-12T20:47:00.000","30","NO CONTROLS","NO CONTROLS","CLEAR","DARKNESS, LIGHTED ROAD","TURNING","NOT DIVIDED",,"STRAIGHT AND LEVEL","DRY","UNKNOWN","ON SCENE","NO INJURY / DRIVE AWAY","N",,,"OVER $1,500","2026-02-12T20:48:00.000","CELL PHONE USE OTHER THAN TEXTING","CELL PHONE USE OTHER THAN TEXTING","3700","W","DIVERSEY AVE","2523",,"Y",,,,,"2","NO INDICATION OF INJURY","0","0","0","0","0","4","0","20","5","2","41.9319894229","-87.7196992651","POINT (-87.71969926512 41.931989422908)"
"06eecc26e508a88122e9fcc86c65c436c9a526bd1ce067898a83baf0f73cc0452019fe150a37cdf0a8b5cfad6e48a7839743abc832dc7a2a6b51903142e1b9c1",,"2026-02-12T20:30:00.000","30","TRAFFIC SIGNAL","UNKNOWN","CLEAR","DARKNESS, LIGHTED ROAD","SIDESWIPE SAME DIRECTION","ONE-WAY",,"STRAIGHT AND LEVEL","UNKNOWN","UNKNOWN","NOT ON SCENE (DESK REPORT)","NO INJURY / DRIVE AWAY",,,"Y","OVER $1,500","2026-02-12T20:50:00.000","UNABLE TO DETERMINE","UNABLE TO DETERMINE","7100","S","LAFAYETTE AVE","731",,,,,,,"2","NO INDICATION OF INJURY","0","0","0","0","0","2","0","20","5","2","41.7653985858","-87.6266955007","POINT (-87.626695500681 41.765398585764)"