"crash_record_id","crash_date_est_i","crash_date","posted_speed_limit","traffic_control_device","device_condition","weather_condition","lighting_condition","first_crash_type","trafficway_type","lane_cnt","alignment","roadway_surface_cond","road_defect","report_type","crash_type","intersection_related_i","private_property_i","hit_and_run_i","damage","date_police_notified","prim_contributory_cause","sec_contributory_cause","street_no","street_direction","street_name","beat_of_occurrence","photos_taken_i","statements_taken_i","dooring_i","work_zone_i","work_zone_type","workers_present_i","num_units","most_severe_injury","injuries_total","injuries_fatal","injuries_incapacitating","injuries_non_incapacitating","injuries_reported_not_evident","injuries_no_indication","injuries_unknown","crash_hour","crash_day_of_week","crash_month","latitude","longitude","location"
"73ba76ed30d0da0e9c65b1cc2bca937987f9abf4b36bff9194f5899149b002bdae966d6702424714f50d26040b9ae30ecdd07b599eb1d7798b1d4f9e960bb9a0",,"2026-02-12T20:30:00.000","0","NO CONTROLS","NO CONTROLS","UNKNOWN","UNKNOWN","PARKED MOTOR VEHICLE","PARKING LOT",,"STRAIGHT AND LEVEL","UNKNOWN","UNKNOWN","NOT ON SCENE (DESK REPORT)","NO INJURY / DRIVE AWAY",,,"Y","OVER $1,500","2026-02-13T14:00:00.000","UNABLE TO DETERMINE","NOT APPLICABLE","551","W","ELM ST","1823",,,,,,,"2","NO INDICATION OF INJURY","0","0","0","0","0","1","0","20","5","2","41.9025430616","-87.6431238619","POINT (-87.643123861883 41.902543061585)"
"9f987c156fd940afddcc0a38c72e0a1f24994aba98700497c167b3ca74f953a8a1f9efda572c7d838bd4065cb4687bb0d7f7551b7c963f7d4e3bdb2efbea40f8",,"2026-02-12T20:30:00.000","35","STOP SIGN/FLASHER","FUNCTIONING PROPERLY","CLEAR","DARKNESS, LIGHTED ROAD","ANGLE","UNKNOWN",,"STRAIGHT AND LEVEL","DRY","NO DEFECTS","NOT ON SCENE (DESK REPORT)","INJURY AND / OR TOW DUE TO CRASH",,,"Y","OVER $1,500","2026-02-13T11:30:00.000","UNABLE TO DETERMINE","UNABLE TO DETERMINE","6500","S","EBERHART AVE","312",,,,,,,"2","REPORTED, NOT EVIDENT","2","0","0","0","2","2","0","20","5","2","41.7765566387","-87.6132774459","POINT (-87.61327744587 41.776556638732)"
"00207b4c4d648f6da1ca81ce7b8adfee0e4a5855c05cda0b12d5187cdd0ee81dc34506f9751640275df704cf6d3e193202953c6985d0aecd4bca2708da728e5a",,"2026-02-12T20:25:00.000","30","TRAFFIC SIGNAL","UNKNOWN","UNKNOWN","UNKNOWN","ANGLE","T-INTERSECTION",,"STRAIGHT AND LEVEL","UNKNOWN","UNKNOWN","NOT ON SCENE (DESK REPORT)","NO INJURY / DRIVE AWAY","Y",,,"OVER $1,500","2026-02-17T15:15:00.000","UNABLE TO DETERMINE","UNABLE TO DETERMINE","7419","N","SHERIDAN RD","2422",,,,,,,"2","NO INDICATION OF INJURY","0","0","0","0","0","2","0","20","5","2","42.0167518808","-87.6651390276","POINT (-87.665139027571 42.016751880758)"
"07c6c050fb27f68f8b9880c173e3e74934d3cf13099edbc036d8c3e148db7d1c1e090cf79f16546101880ac0243e5c36b51908711f0fc4c85d441bd0f04c9b49",,"2026-02-12T20:20:00.000","30","UNKNOWN","UNKNOWN","UNKNOWN","UNKNOWN","REAR END","DIVIDED - W/MEDIAN (NOT RAISED)",,"STRAIGHT AND LEVEL","UNKNOWN","UNKNOWN","NOT ON SCENE (DESK REPORT)","NO INJURY / DRIVE AWAY",,,,"$501 - $1,500","2026-02-13T16:30:00.000","UNABLE TO DETERMINE","NOT APPLICABLE","729","W","JACKSON BLVD","121",,,,,,,"2","NO INDICATION OF INJURY","0","0","0","0","0","2","0","20","5","2","41.8778614272","-87.6452946681","POINT (-87.645294668087 41.877861427209)"
"dd145b80331684b405e98df780579f442be46e60b69e9b3dc86e5388078db60f0659cab710feef308226ea649cabd3139406f46a6c30343ff53d05b22b04b697",,"2026-02-12T20:20:00.000","30","NO CONTROLS","NO CONTROLS","CLEAR","DARKNESS","REAR END","NOT DIVIDED",,"STRAIGHT AND LEVEL","DRY","NO DEFECTS","NOT ON SCENE (DESK REPORT)","NO INJURY / DRIVE AWAY",,,,"$501 - $1,500","2026-02-12T20:42:00.000","FOLLOWING TOO CLOSELY","NOT APPLICABLE","6301","S","KEDZIE AVE","823",,,,,,,"2","NO INDICATION OF INJURY","0","0","0","0","0","2","0","20","5","2","41.7789474705","-87.7029898306","POINT (-87.702989830576 41.778947470531)"
"018b34cd6e4df5f0a08eec96527b1d62b50b18dc1c9695f6a756c15a79a877c875118177ce8e96441a9115f4add45c2f7a2321e53c1a6333ba936d9e46f04a19",,"2026-02-12T20:15:00.000","30","TRAFFIC SIGNAL","UNKNOWN","UNKNOWN","DARKNESS, LIGHTED ROAD","TURNING","FOUR WAY",,"STRAIGHT AND LEVEL","UNKNOWN","UNKNOWN",,"INJURY AND / OR TOW DUE TO CRASH","Y",,,"OVER $1,500","2026-02-12T20:30:00.000","IMPROPER TURNING/NO SIGNAL","FAILING TO REDUCE SPEED TO AVOID CRASH","36","W","ILLINOIS ST","1831",,,,,,,"2","REPORTED, NOT EVIDENT","1","0","0","0","1","5","0","20","5","2","41.8909446567","-87.629554048","POINT (-87.629554048003 41.890944656709)"
"8ee2bd43a3ca4e7fd5b0ee6e711115cede262f05689cb0e7f4e6b7603c4e8bc30012838140f6ea0b196a6b1195f11c6dc1555d1138a9fae09e0d01b51a98d99f",,"2026-02-12T20:05:00.000","30","NO CONTROLS","NO CONTROLS","CLEAR","DARKNESS, LIGHTED ROAD","TURNING","DIVIDED - W/MEDIAN (NOT RAISED)",,"STRAIGHT AND LEVEL","DRY","NO DEFECTS","ON SCENE","NO INJURY / DRIVE AWAY",,,,"OVER $1,500","2026-02-12T20:05:00.000","UNABLE TO DETERMINE","UNABLE TO DETERMINE","747","W","BELMONT AVE","1934",,,,,,,"2","NO INDICATION OF INJURY","0","0","0","0","0","2","0","20","5","2","41.9398790518","-87.6486897809","POINT (-87.64868978087 41.939879051807)"
"1f4fa3b14a83ea5ea0d503ba006103226319f81ce507a0a4535e3011c8f831963bb5507c14bbfeca8d7100481da9e4a76274a5447c99354dac8d86d0050888f1",,"2026-02-12T20:00:00.000","30","STOP SIGN/FLASHER","FUNCTIONING PROPERLY","CLEAR","DARKNESS, LIGHTED ROAD","REAR END","DIVIDED - W/MEDIAN (NOT RAISED)",,"STRAIGHT AND LEVEL","DRY","NO DEFECTS","NOT ON SCENE (DESK REPORT)","NO INJURY / DRIVE AWAY","Y",,,"$501 - $1,500","2026-02-12T20:30:00.000","FOLLOWING TOO CLOSELY","UNABLE TO DETERMINE","9800","S","CARPENTER ST","2223",,,,,,,"2","NO INDICATION OF INJURY","0","0","0","0","0","2","0","20","5","2","41.7157935599","-87.6492929765","POINT (-87.64929297653 41.715793559917)"
"3bbf4f6672b5dd872842f60c1ae9cffde6a32e05e5d187081441873855da27533be8db63a6ba1448ec5d367c2b449ad77674500f24699ae377f2f43fa359dae8",,"2026-02-12T19:50:00.000","30","NO CONTROLS","NO CONTROLS","CLEAR","DUSK","ANGLE","NOT DIVIDED",,"STRAIGHT AND LEVEL","DRY","NO DEFECTS","ON SCENE","NO INJURY / DRIVE AWAY",,,,"OVER $1,500","2026-02-12T20:46:00.000","FOLLOWING TOO CLOSELY","UNABLE TO DETERMINE","7500","S","STONY ISLAND AVE","411",,,,,,,"3","NO INDICATION OF INJURY","0","0","0","0","0","3","0","19","5","2","41.7587154667","-87.5862809648","POINT (-87.586280964844 41.758715466706)"
"ddc6d5ac6e9c29542d6bc928b44eca40d0131e22fff7e6f3589941acc6b8c313c1885b01c63a95097492cbaa35642f50b0f96dabb214bf9d0580d1ec6ea29f7c",,"2026-02-12T19:48:00.000","30","STOP SIGN/FLASHER","FUNCTIONING PROPERLY","CLEAR","DARKNESS, LIGHTED ROAD","REAR END","FOUR WAY",,"STRAIGHT AND LEVEL","DRY","UNKNOWN","ON SCENE","INJURY AND / OR TOW DUE TO CRASH",,,,"OVER $1,500","2026-02-12T20:14:00.000","EQUIPMENT - VEHICLE CONDITION","NOT APPLICABLE","2703","W","BELMONT AVE","1411",,,,,,,"2","INCAPACITATING INJURY","1","0","1","0","0","1","0","19","5","2","41.9392946961","-87.6954689214","POINT (-87.695468921387 41.939294696121)"
"bef4e445f12ee43e5a6b1d71158d793164c9d270ae0d8346e0b1ee58a4a172017aeb404b151f20e543713b9474f28731c5470f5a965df8460c20a09cef5b7099",,"2026-02-12T19:43:00.000","30","NO CONTROLS","NO CONTROLS","CLEAR","DARKNESS, LIGHTED ROAD","REAR END","DIVIDED - W/MEDIAN (NOT RAISED)",,"STRAIGHT AND LEVEL","DRY","NO DEFECTS","NOT ON SCENE (DESK REPORT)","NO INJURY / DRIVE AWAY",,,,"OVER $1,500","2026-02-12T21:40:00.000","FOLLOWING TOO CLOSELY","NOT APPLICABLE","6701","W","GRAND AVE","2512",,,,,,,"3","NO INDICATION OF INJURY","0","0","0","0","0","3","0","19","5","2","41.9235112885","-87.7924260531","POINT (-87.792426053108 41.923511288524)"
"9f9d500f6d6f93716d7ce45abd2e31bc1db7171348052a42b0270111f5479d66b2d6b3d9a1415e0fcb5f0af5d3562386d08fcc22aff7b4b8d282ddf7786aee40","Y","2026-02-12T19:40:00.000","25","NO CONTROLS","NO CONTROLS","CLEAR","DARKNESS, LIGHTED ROAD","TURNING","NOT DIVIDED",,"STRAIGHT AND LEVEL","DRY","UNKNOWN","ON SCENE","INJURY AND / OR TOW DUE TO CRASH",,,,"OVER $1,500","2026-02-12T19:46:00.000","UNABLE TO DETERMINE","UNABLE TO DETERMINE","4736","W","AUGUSTA BLVD","1111",,,,,,,"2","NO INDICATION OF INJURY","0","0","0","0","0","2","0","19","5","2","41.8988221714","-87.7451014963","POINT (-87.745101496283 41.898822171436)"
"30b5c53919512d1c1a4876d3960a39343a5b7cfae361fd725fdd4cf58890fef2478014d6e2e4af67b1ed838cbccbdbf855efc2357352effde20c4c365ed816c9",,"2026-02-12T19:36:00.000","30","NO CONTROLS","NO CONTROLS","CLEAR","DUSK","SIDESWIPE SAME DIRECTION","NOT DIVIDED",,"STRAIGHT AND LEVEL","DRY","NO DEFECTS","NOT ON SCENE (DESK REPORT)","NO INJURY / DRIVE AWAY",,,,"OVER $1,500","2026-02-12T19:36:00.000","IMPROPER OVERTAKING/PASSING","NOT APPLICABLE","5133","S","CICERO AVE","815",,,,,,,"2","NO INDICATION OF INJURY","0","0","0","0","0","4","0","19","5","2","41.7992442508","-87.7428007895","POINT (-87.742800789454 41.799244250829)"
"d7eacc444f3d050c6771b5a9ab734f274acf75af1b23d5c714cdecb632c901a53d9294fabec0a3479e62a9300b944c4c4980fb88bf5b560d2a05b04e110b102f",,"2026-02-12T19:34:00.000","30","TRAFFIC SIGNAL","FUNCTIONING PROPERLY","CLEAR","DARKNESS, LIGHTED ROAD","SIDESWIPE SAME DIRECTION","DIVIDED - W/MEDIAN (NOT RAISED)",,"STRAIGHT AND LEVEL","DRY","NO DEFECTS","ON SCENE","NO INJURY / DRIVE AWAY",,,,"$500 OR LESS","2026-02-12T19:34:00.000","UNABLE TO DETERMINE","UNABLE TO DETERMINE","1698","E","56TH ST","235",,,,,,,"2","NO INDICATION OF INJURY","0","0","0","0","0","2","0","19","5","2","41.7935277204","-87.5839836779","POINT (-87.583983677903 41.793527720419)"
"c8ec59845c0bbdf8f8eb9fb5a19140caa65773bae0ad166a3d04de355b76fd6d4a9cded83aa738c955dc6f79097c27c1747a4507d8470ad92b405bb045ea3097","N","2026-02-12T19:30:00.000","30","NO CONTROLS","NO CONTROLS","CLEAR","DARKNESS","PARKED MOTOR VEHICLE","PARKING LOT",,"STRAIGHT AND LEVEL","DRY","NO DEFECTS","ON SCENE","NO INJURY / DRIVE AWAY",,"N","Y","OVER $1,500","2026-02-12T19:40:00.000","UNABLE TO DETERMINE","NOT APPLICABLE","4401","S","PULASKI RD","821",,,,,,,"2","NO INDICATION OF INJURY","0","0","0","0","0","1","0","19","5","2","41.8132779289","-87.7236418817","POINT (-87.723641881733 41.813277928858)"
"4c8d12d582068c047367333bb48569762709ef2d3cd27e90dc07e3d829ee026705fe9d05dd4017682958f8442a99b3f0bc141f13215c7bf4c432a5bfa5934043",,"2026-02-12T19:22:00.000","30","NO CONTROLS","NO CONTROLS","CLEAR","DARKNESS, LIGHTED ROAD","TURNING","NOT DIVIDED",,"STRAIGHT AND LEVEL","DRY","UNKNOWN","ON SCENE","NO INJURY / DRIVE AWAY",,,,"OVER $1,500","2026-02-12T19:28:00.000","NOT APPLICABLE","NOT APPLICABLE","4128","W","63RD ST","813",,,,,,,"2","NO INDICATION OF INJURY","0","0","0","0","0","2","0","19","5","2","41.7787241502","-87.7263648198","POINT (-87.726364819754 41.778724150168)"
"c9806f9e35e2ea7f453c015c99f9d97fd0567b8da73d4022467953374936af36da5120ad40743e6b17be809e27c5292354a810e6f02d6989c8d2ef00fc043fc2",,"2026-02-12T19:20:00.000","30","NO CONTROLS","NO CONTROLS","CLEAR","DARKNESS, LIGHTED ROAD","SIDESWIPE SAME DIRECTION","NOT DIVIDED",,"STRAIGHT AND LEVEL","DRY","NO DEFECTS","NOT ON SCENE (DESK REPORT)","NO INJURY / DRIVE AWAY",,,,"$501 - $1,500","2026-02-12T21:00:00.000","UNABLE TO DETERMINE","UNABLE TO DETERMINE","805","N","LA SALLE DR","1832",,,,,,,"2","NO INDICATION OF INJURY","0","0","0","0","0","3","0","19","5","2","41.8968027842","-87.6325661023","POINT (-87.632566102311 41.896802784249)"
"62b62ca0430c4daf5a5cdf01d05d6eb0392e0c0f5a324de10f2ad2822ac96124c78e9051a833874fe69288322bece138f785ff9137ebc4a4af5a96ab83186330",,"2026-02-12T19:10:00.000","30","NO CONTROLS","NO CONTROLS","CLEAR","DARKNESS, LIGHTED ROAD","TURNING","DIVIDED - W/MEDIAN (NOT RAISED)",,"STRAIGHT AND LEVEL","DRY","UNKNOWN","ON SCENE","NO INJURY / DRIVE AWAY",,,,"OVER $1,500","2026-02-12T19:11:00.000","UNABLE TO DETERMINE","UNABLE TO DETERMINE","10601","S","PULASKI RD","2211",,,,,,,"2","NO INDICATION OF INJURY","0","0","0","0","0","4","0","19","5","2","41.7003552742","-87.7205408964","POINT (-87.720540896446 41.70035527418)"
"9c865550fb3172caaf61e0b38db995934996e210a377ff5222d100c8d2148219ffb2fe9a76de67b0a88651d036b98f2ace2792902859373778691bedc5e8205c",,"2026-02-12T19:10:00.000","20","STOP SIGN/FLASHER","FUNCTIONING PROPERLY","CLEAR","DARKNESS, LIGHTED ROAD","SIDESWIPE OPPOSITE DIRECTION","NOT DIVIDED",,"STRAIGHT AND LEVEL","DRY","UNKNOWN","ON SCENE","NO INJURY / DRIVE AWAY","Y",,,"$501 - $1,500","2026-02-12T19:15:00.000","UNABLE TO DETERMINE","UNABLE TO DETERMINE","5030","N","GLENWOOD AVE","2033",,,,,,,"2","NO INDICATION OF INJURY","0","0","0","0","0","2","0","19","5","2","41.9736093156","-87.6648283508","POINT (-87.664828350811 41.973609315634)"
"efafa23137af41392afcbae9db47bebace33cbb7fe888be820df1db7765537fec4135a3da81d46d6af32f397575d8d3a0e98a9ddde489f89e8b1f3d2ff81e231",,"2026-02-12T19:10:00.000","30","STOP SIGN/FLASHER","UNKNOWN","CLEAR","DARKNESS, LIGHTED ROAD","PARKED MOTOR VEHICLE","NOT DIVIDED",,"STRAIGHT AND LEVEL","DRY","UNKNOWN","ON SCENE","INJURY AND / OR TOW DUE TO CRASH",,,,"OVER $1,500","2026-02-12T19:13:00.000","UNABLE TO DETERMINE","NOT APPLICABLE","4056","N","KIMBALL AVE","1723",,,,,,,"2","REPORTED, NOT EVIDENT","1","0","0","0","1","0","0","19","5","2","41.9555922921","-87.7131135924","POINT (-87.713113592366 41.955592292118)"
"3151a88a8b723c920f8b24d7b3c99091c19b08235b3070ad13c94f5b139e5ae68585c97f72e91bbc8fb40c01c89851e7789bcc3b42dde63b9dbf3b84c3de6353",,"2026-02-12T19:04:00.000","30","TRAFFIC SIGNAL","FUNCTIONING PROPERLY","CLEAR","DARKNESS, LIGHTED ROAD","PEDESTRIAN","FOUR WAY",,"STRAIGHT AND LEVEL","DRY","UNKNOWN","ON SCENE","INJURY AND / OR TOW DUE TO CRASH","Y",,,"OVER $1,500","2026-02-12T19:09:00.000","FAILING TO YIELD RIGHT-OF-WAY","FAILING TO REDUCE SPEED TO AVOID CRASH","800","N","MICHIGAN AVE","1833",,,,,,,"2","NONINCAPACITATING INJURY","1","0","0","1","0","3","0","19","5","2","41.896790572","-87.6243806554","POINT (-87.624380655444 41.896790572039)"
"11236784d1f3ed582727f924616ed8c3a21b61cdaed5fb2f49059e43ffec7181f4e5ed92525ee438363ec75980981ea1bacea9d7923024803d467e0b8dd01d6d",,"2026-02-12T19:00:00.000","35","UNKNOWN","UNKNOWN","UNKNOWN","UNKNOWN","PARKED MOTOR VEHICLE","PARKING LOT",,"STRAIGHT AND LEVEL","UNKNOWN","UNKNOWN","NOT ON SCENE (DESK REPORT)","NO INJURY / DRIVE AWAY",,,"Y","OVER $1,500","2026-02-14T16:00:00.000","UNABLE TO DETERMINE","UNABLE TO DETERMINE","11600","W","IRVING PARK RD","1654",,,,,,,"2","NO INDICATION OF INJURY","0","0","0","0","0","1","0","19","5","2","41.9537660771","-87.9141970727","POINT (-87.914197072743 41.953766077129)"
"4e47a988ad4e9fa90b66a75d791975d04e97d56584b2cd24e38d9d2ca5f1d4e4e2b4786c490e76eecac530c7542043ce5135e1c3e64e03c93b02c70f4338ad04",,"2026-02-12T19:00:00.000","25","STOP SIGN/FLASHER","FUNCTIONING IMPROPERLY","CLEAR","DARKNESS, LIGHTED ROAD","ANGLE","FOUR WAY",,"STRAIGHT AND LEVEL","WET","UNKNOWN","NOT ON SCENE (DESK REPORT)","INJURY AND / OR TOW DUE TO CRASH","Y",,,"OVER $1,500","2026-02-12T21:15:00.000","FAILING TO YIELD RIGHT-OF-WAY","UNABLE TO DETERMINE","2555","N","LINDER AVE","2515",,,,,,,"2","NO INDICATION OF INJURY","0","0","0","0","0","3","0","19","5","2","41.9274579626","-87.7635046826","POINT (-87.763504682629 41.927457962585)"
"12e77c3e57986735448a9b6cbc6b978a74421dc6c2d9e43325b3f4dbb3a9e68391dc09946b2039dd4805136587581b1519b2c29e15faa5cc5f3fec151d27f7cd",,"2026-02-12T18:58:00.000","30","NO CONTROLS","NO CONTROLS","CLEAR","DUSK","SIDESWIPE SAME DIRECTION","DIVIDED - W/MEDIAN (NOT RAISED)",,"STRAIGHT AND LEVEL","DRY","NO DEFECTS","NOT ON SCENE (DESK REPORT)","NO INJURY / DRIVE AWAY",,,"Y","OVER $1,500","2026-02-12T19:30:00.000","NOT APPLICABLE","NOT APPLICABLE","758","E","71ST ST","322",,,,,,,"2","NO INDICATION OF INJURY","0","0","0","0","0","2","0","18","5","2","41.7659779488","-87.6056712261","POINT (-87.605671226132 41.765977948808)"
"0b0dc9e7e06e8bbace2cf97394e15e21e57a0032d7d7c7fbb4ae9269dd0ac52636e36279e69a96c94504b20f9ae41ff8083e5edeed563afc9f86008976651b96",,"2026-02-12T18:56:00.000","30","TRAFFIC SIGNAL","FUNCTIONING PROPERLY","CLEAR","DARKNESS, LIGHTED ROAD","TURNING","FOUR WAY",,"STRAIGHT AND LEVEL","DRY","NO DEFECTS","ON SCENE","INJURY AND / OR TOW DUE TO CRASH","Y",,,"OVER $1,500","2026-02-12T20:00:00.000","FAILING TO YIELD RIGHT-OF-WAY","FAILING TO YIELD RIGHT-OF-WAY","3100","S","SACRAMENTO AVE","1033",,,,,,,"2","NO INDICATION OF INJURY","0","0","0","0","0","2","0","18","5","2","41.8371879615","-87.7000706095","POINT (-87.700070609519 41.837187961457)"
"79c048b4e9ed04f8ebfbb67621c1729f085e1fb1d6af4b7bb791010cee3730cb98707590d8f293ea2a5611f37af8f052748a5e91fbf0a8f0918e2e9886c0e5e5",,"2026-02-12T18:55:00.000","25","NO CONTROLS","NO CONTROLS","CLEAR","DARKNESS, LIGHTED ROAD","SIDESWIPE SAME DIRECTION","NOT DIVIDED",,"STRAIGHT AND LEVEL","DRY","NO DEFECTS","ON SCENE","NO INJURY / DRIVE AWAY",,,,"OVER $1,500","2026-02-12T19:06:00.000","FAILING TO YIELD RIGHT-OF-WAY","FOLLOWING TOO CLOSELY","2742","N","PULASKI RD","2524",,,,,,,"2","NO INDICATION OF INJURY","0","0","0","0","0","2","0","18","5","2","41.9312720244","-87.7271108027","POINT (-87.727110802668 41.931272024399)"
"c150b14538e5c0d4ffda8f0677a11f829521183cfafd782ca79929e32411cf869c888a1323f6d146e7981cfeac71ef880ee28cd0583a09cf42128a39490c4f71",,"2026-02-12T18:55:00.000","30","NO CONTROLS","NO CONTROLS","CLEAR","DARKNESS, LIGHTED ROAD","PEDESTRIAN","NOT DIVIDED",,"STRAIGHT AND LEVEL","DRY","NO DEFECTS","ON SCENE","INJURY AND / OR TOW DUE TO CRASH","Y",,,"$501 - $1,500","2026-02-12T18:59:00.000","FAILING TO YIELD RIGHT-OF-WAY","UNABLE TO DETERMINE","4459","W","ARMITAGE AVE","2533",,,,,,,"2","NONINCAPACITATING INJURY","1","0","0","1","0","1","0","18","5","2","41.9169082589","-87.7387164742","POINT (-87.738716474226 41.916908258903)"
"85f53ca98f7fe1b39a5ab08878345d3739f73080830ac6292fecc3fad5f7842bbe7ec7093b43166b16ce1655b675017a5ea80dd155c75b38004c0fd8a94b1f97",,"2026-02-12T18:53:00.000","20","NO CONTROLS","NO CONTROLS","CLEAR","DARKNESS, LIGHTED ROAD","SIDESWIPE SAME DIRECTION","NOT DIVIDED",,"STRAIGHT AND LEVEL","DRY","NO DEFECTS","ON SCENE","NO INJURY / DRIVE AWAY",,,,"$501 - $1,500","2026-02-12T19:00:00.000","UNABLE TO DETERMINE","NOT APPLICABLE","2200","N","MILWAUKEE AVE","1431",,,,,,,"2","NO INDICATION OF INJURY","0","0","0","0","0","2","0","18","5","2","41.920734132","-87.6940410939","POINT (-87.694041093934 41.920734131956)"
"4e7dc93d89d7aa2c22fce9f3ef538765a8de57c542861725e1c8efed545f9897bf393d2de9f3f0f939619af17511944fa02bb1e8ac91d6f01728bef805ec2851",,"2026-02-12T18:50:00.000","40","NO CONTROLS","NO CONTROLS","UNKNOWN","UNKNOWN","SIDESWIPE SAME DIRECTION","ONE-WAY",,"STRAIGHT AND LEVEL","UNKNOWN","UNKNOWN","NOT ON SCENE (DESK REPORT)","NO INJURY / DRIVE AWAY",,,,"OVER $1,500","2026-02-12T20:47:00.000","IMPROPER LANE USAGE","IMPROPER LANE USAGE","507","N","LAKE SHORE DR NB","1834",,,,,,,"2","NO INDICATION OF INJURY","0","0","0","0","0","7","0","18","5","2","41.8913064309","-87.6137522575","POINT (-87.613752257515 41.891306430854)"
"6c07979e626884f536c2a77b3f5fd64266a75c8970c9336704bf0d7d9b7ddfba96954028c7bf860b8f602c2150f2276abb0c5f57733d906cf0bc8d815842f999",,"2026-02-12T18:50:00.000","30","NO CONTROLS","NO CONTROLS","CLEAR","DUSK","TURNING","DIVIDED - W/MEDIAN (NOT RAISED)",,"STRAIGHT AND LEVEL","DRY","UNKNOWN","NOT ON SCENE (DESK REPORT)","NO INJURY / DRIVE AWAY",,,"Y","$501 - $1,500","2026-02-16T10:30:00.000","FAILING TO YIELD RIGHT-OF-WAY","FAILING TO REDUCE SPEED TO AVOID CRASH","1610","E","75TH ST","324",,,,,,,"2","NO INDICATION OF INJURY","0","0","0","0","0","2","0","18","5","2","41.7588824703","-87.5852854873","POINT (-87.585285487334 41.758882470266)"
"6cd96b5686e1813bb4640290cd576955c2338fd6f72cd80bfc41c5af26de03990e53b5d423c62202436d4bc7f03e5737c0e07a10ba25b859f4717e322f6cfed4",,"2026-02-12T18:45:00.000","30","STOP SIGN/FLASHER","FUNCTIONING PROPERLY","CLEAR","DAYLIGHT","REAR END","NOT DIVIDED",,"STRAIGHT AND LEVEL","DRY","NO DEFECTS","NOT ON SCENE (DESK REPORT)","NO INJURY / DRIVE AWAY",,,,"OVER $1,500","2026-02-14T21:25:00.000","UNABLE TO DETERMINE","NOT APPLICABLE","1701","W","GRAND AVE","1215",,,,,,,"2","NO INDICATION OF INJURY","0","0","0","0","0","2","0","18","5","2","41.8908333509","-87.6696189697","POINT (-87.669618969651 41.890833350909)"
"3585e354c368dbdf26646e12b297bcdc4484cf3534ef88ac275d26c90a6679becf4b277b4cc411de6bff345876292c39fc41688f87e58b8b6a06bbb57b0e4f06",,"2026-02-12T18:40:00.000","30","UNKNOWN","UNKNOWN","UNKNOWN","UNKNOWN","REAR END","NOT DIVIDED",,"STRAIGHT AND LEVEL","UNKNOWN","UNKNOWN","NOT ON SCENE (DESK REPORT)","NO INJURY / DRIVE AWAY",,,,"$500 OR LESS","2026-02-12T19:01:00.000","UNABLE TO DETERMINE","UNABLE TO DETERMINE","2048","W","PRATT BLVD","2411",,,,,,,"2","NO INDICATION OF INJURY","0","0","0","0","0","2","0","18","5","2","42.005282213","-87.6822520003","POINT (-87.682252000283 42.005282213005)"
"2b4f0e772760e1a2f46de465902f6df19e82e080b7d03fc59f74171e4340c0799404d6ff7cda6a33661fbf75f841fac90d1e24b6d30a7bc2717cc70d8d48cad1",,"2026-02-12T18:38:00.000","30","TRAFFIC SIGNAL","FUNCTIONING PROPERLY","CLEAR","DARKNESS, LIGHTED ROAD","TURNING","FOUR WAY",,"STRAIGHT AND LEVEL","DRY","NO DEFECTS","NOT ON SCENE (DESK REPORT)","NO INJURY / DRIVE AWAY","Y",,,"$501 - $1,500","2026-02-12T19:00:00.000","DISREGARDING TRAFFIC SIGNALS","FAILING TO REDUCE SPEED TO AVOID CRASH","1556","W","WRIGHTWOOD AVE","1932",,,,,,,"2","NO INDICATION OF INJURY","0","0","0","0","0","2","0","18","5","2","41.9288881319","-87.6681302014","POINT (-87.668130201381 41.928888131929)"
"a4d98e586f347c250d94e0962ae985222d9d213032a8dd651718cb5ef47f5c4752aa38dfaf43a300c185f2ee515a1b051974a28b663c230cdb94aab1832273a2",,"2026-02-12T18:38:00.000","30","UNKNOWN","UNKNOWN","CLEAR","DARKNESS","TURNING","NOT DIVIDED",,"STRAIGHT AND LEVEL","DRY","NO DEFECTS","ON SCENE","NO INJURY / DRIVE AWAY",,,,"OVER $1,500","2026-02-12T18:42:00.000","FAILING TO YIELD RIGHT-OF-WAY","NOT APPLICABLE","2598","E","92ND ST","423",,,,,,,"2","NO INDICATION OF INJURY","0","0","0","0","0","2","0","18","5","2","41.7282368411","-87.5609374902","POINT (-87.560937490187 41.728236841139)"
"83d4c2a355c4fb5bf86a1259cfe302d4f8fa1f0bfd1781692aeb250be81feb1a49e5357dd478859244a392f92e4b40458eec7f31c8d6dd124d5f00431f223d39",,"2026-02-12T18:36:00.000","30","TRAFFIC SIGNAL","FUNCTIONING PROPERLY","CLEAR","DARKNESS","ANGLE","T-INTERSECTION",,"STRAIGHT AND LEVEL","DRY","NO DEFECTS","ON SCENE","NO INJURY / DRIVE AWAY","N",,,"OVER $1,500","2026-02-12T18:40:00.000","DISREGARDING TRAFFIC SIGNALS","NOT APPLICABLE","636","W","ROOSEVELT RD","124",,,,,,,"2","NO INDICATION OF INJURY","0","0","0","0","0","2","0","18","5","2","41.8673087165","-87.6436852647","POINT (-87.643685264664 41.867308716464)"
"70a09240bb10a9bf64865cb0fce50e3b290e1bd0422afa3bf0f8ab69bbc2a4b7d9473d82a41da9d0580648030f129616af15853fa4f3967cfb1de8cab4c14db6",,"2026-02-12T18:32:00.000","30","STOP SIGN/FLASHER","NO CONTROLS","CLEAR","DARKNESS, LIGHTED ROAD","ANGLE","FOUR WAY",,"STRAIGHT AND LEVEL","DRY","NO DEFECTS","ON SCENE","NO INJURY / DRIVE AWAY","Y",,,"OVER $1,500","2026-02-12T18:36:00.000","DISREGARDING STOP SIGN","FAILING TO REDUCE SPEED TO AVOID CRASH","2900","S","WALLACE ST","914",,,,,,,"2","NO INDICATION OF INJURY","0","0","0","0","0","3","0","18","5","2","41.8416574476","-87.6416418735","POINT (-87.641641873471 41.841657447617)"