"crash_record_id","crash_date_est_i","crash_date","posted_speed_limit","traffic_control_device","device_condition","weather_condition","lighting_condition","first_crash_type","trafficway_type","lane_cnt","alignment","roadway_surface_cond","road_defect","report_type","crash_type","intersection_related_i","private_property_i","hit_and_run_i","damage","date_police_notified","prim_contributory_cause","sec_contributory_cause","street_no","street_direction","street_name","beat_of_occurrence","photos_taken_i","statements_taken_i","dooring_i","work_zone_i","work_zone_type","workers_present_i","num_units","most_severe_injury","injuries_total","injuries_fatal","injuries_incapacitating","injuries_non_incapacitating","injuries_reported_not_evident","injuries_no_indication","injuries_unknown","crash_hour","crash_day_of_week","crash_month","latitude","longitude","location"
"26f528d05e59278fba59f153db3e4e1374176ea51ed84570d855b011f125679c6a50ee0b58117363b9b2e227be8adca36042658fcf1ae8bb6fa6e539deafcbf0",,"2026-02-12T18:30:00.000","30","NO CONTROLS","NO CONTROLS","CLEAR","DARKNESS, LIGHTED ROAD","SIDESWIPE SAME DIRECTION","NOT DIVIDED",,"STRAIGHT AND LEVEL","DRY","NO DEFECTS","NOT ON SCENE (DESK REPORT)","NO INJURY / DRIVE AWAY",,,,"$501 - $1,500","2026-02-12T21:20:00.000","FAILING TO YIELD RIGHT-OF-WAY","FAILING TO YIELD RIGHT-OF-WAY","114","N","HALSTED ST","1224",,,,,,,"2","NO INDICATION OF INJURY","0","0","0","0","0","2","0","18","5","2","41.8836393964","-87.6475610899","POINT (-87.647561089902 41.883639396362)"
"4c56fe1b30cbf467ef41c18928d66c14b242e21febc87303bfa44c74f64e93019b30c181b378ca7a7cf3e2b16d19d690898585b0b6825c13efc18ff9ec8600fe","Y","2026-02-12T18:30:00.000","30","NO CONTROLS","NO CONTROLS","CLEAR","DARKNESS","PARKED MOTOR VEHICLE","NOT DIVIDED",,"STRAIGHT AND LEVEL","DRY","NO DEFECTS","ON SCENE","NO INJURY / DRIVE AWAY",,,"Y","OVER $1,500","2026-02-12T19:33:00.000","UNABLE TO DETERMINE","UNABLE TO DETERMINE","1250","N","PAULINA ST","1424",,,,,,,"2","NO INDICATION OF INJURY","0","0","0","0","0","1","0","18","5","2","41.9047892178","-87.6701802662","POINT (-87.670180266244 41.904789217843)"
"fdf2c99e0a49999ba2f3bfbc2e2ad9b324d51f0762816585ffa0ed413b533a414d119f84a77416e1b65ca882458148372290233356a457e52bfe559f47942310",,"2026-02-12T18:30:00.000","30","TRAFFIC SIGNAL","FUNCTIONING PROPERLY","CLEAR","DARKNESS, LIGHTED ROAD","TURNING","NOT DIVIDED",,"STRAIGHT AND LEVEL","DRY","NO DEFECTS","NOT ON SCENE (DESK REPORT)","INJURY AND / OR TOW DUE TO CRASH","Y",,,"OVER $1,500","2026-02-12T19:42:00.000","FOLLOWING TOO CLOSELY","DRIVING SKILLS/KNOWLEDGE/EXPERIENCE","4757","N","SHERIDAN RD","1914",,,,,,,"2","NONINCAPACITATING INJURY","1","0","0","1","0","2","0","18","5","2","41.968983903","-87.6546727452","POINT (-87.654672745187 41.968983902989)"
"30331856f4407d7063ec5ad30f235f3293011dd2dba32751562babfe1abc0705465e54a28809d898d7bde2883ccc77e3e3e5f9dd27a7aa127de3fbbb30935065",,"2026-02-12T18:23:00.000","25","NO CONTROLS","NO CONTROLS","UNKNOWN","UNKNOWN","PARKED MOTOR VEHICLE","ONE-WAY",,"STRAIGHT AND LEVEL","UNKNOWN","UNKNOWN","NOT ON SCENE (DESK REPORT)","NO INJURY / DRIVE AWAY",,,"Y","OVER $1,500","2026-02-12T18:53:00.000","UNABLE TO DETERMINE","NOT APPLICABLE","2201","W","EASTWOOD AVE","1911",,,,,,,"2","NO INDICATION OF INJURY","0","0","0","0","0","2","0","18","5","2","41.965825486","-87.6840964479","POINT (-87.684096447939 41.96582548604)"
"64cd2ec74a4e88e59b9fb64e77f9edfda979fbc1c4f0f4778aab697aa3f8d0f5e6923e01f5658d68e169a2782fb01c54c6c0b9e0464e9a54b7f49c1fee2e1771",,"2026-02-12T18:20:00.000","30","TRAFFIC SIGNAL","FUNCTIONING PROPERLY","CLEAR","DARKNESS, LIGHTED ROAD","REAR END","NOT DIVIDED",,"STRAIGHT AND LEVEL","DRY","NO DEFECTS","NOT ON SCENE (DESK REPORT)","NO INJURY / DRIVE AWAY","Y",,,"OVER $1,500","2026-02-12T20:06:00.000","FOLLOWING TOO CLOSELY","UNABLE TO DETERMINE","6992","W","GRAND AVE","2512",,,,,,,"2","NO INDICATION OF INJURY","0","0","0","0","0","2","0","18","5","2","41.9236643781","-87.8006468242","POINT (-87.800646824227 41.923664378088)"
"81635f946a50a7c1fee53bf3da5f84bbfe85fb64f7872da9b1cafac1fe252681a7a58260e17d1d710efe6e986baeeb199c83838cdb5ca66a597c899d076ac279",,"2026-02-12T18:15:00.000","30","NO CONTROLS","NO CONTROLS","CLEAR","DARKNESS, LIGHTED ROAD","ANGLE","NOT DIVIDED",,"STRAIGHT AND LEVEL","DRY","NO DEFECTS","NOT ON SCENE (DESK REPORT)","NO INJURY / DRIVE AWAY","Y",,,"OVER $1,500","2026-02-12T18:30:00.000","FAILING TO YIELD RIGHT-OF-WAY","NOT APPLICABLE","1624","W","HIGHLAND AVE","2433",,,,,,,"2","NO INDICATION OF INJURY","0","0","0","0","0","2","0","18","5","2","41.9969621084","-87.6713740134","POINT (-87.671374013357 41.996962108437)"
"c6c6aeaba62d2acacac6ee76e435d8db3198a92cf2d07a2fa233c38512bbe30f3978f06e19f5296838a26686c5a8832ebe707a01d1abb428063b3cb93b66fd21",,"2026-02-12T18:08:00.000","30","STOP SIGN/FLASHER","FUNCTIONING PROPERLY","CLEAR","DARKNESS, LIGHTED ROAD","TURNING","FOUR WAY",,"STRAIGHT AND LEVEL","DRY","NO DEFECTS","ON SCENE","INJURY AND / OR TOW DUE TO CRASH","Y",,,"OVER $1,500","2026-02-12T18:08:00.000","FAILING TO YIELD RIGHT-OF-WAY","FAILING TO YIELD RIGHT-OF-WAY","1501","W","50TH ST","933",,,,,,,"2","NO INDICATION OF INJURY","0","0","0","0","0","3","0","18","5","2","41.8030599252","-87.6624533951","POINT (-87.662453395059 41.803059925165)"
"e7d7bcf364808636d0e8d3e79f81d7a96a4d66fe7baead27a014aa51f653d90dedfe5b7107ec82bbcb3bdd3147f7d64a170679717868c5f4b6c67919b25386ac",,"2026-02-12T18:08:00.000","30","TRAFFIC SIGNAL","FUNCTIONING PROPERLY","CLEAR","DARKNESS, LIGHTED ROAD","SIDESWIPE SAME DIRECTION","NOT DIVIDED",,"STRAIGHT AND LEVEL","UNKNOWN","UNKNOWN","ON SCENE","INJURY AND / OR TOW DUE TO CRASH",,,"Y","OVER $1,500","2026-02-12T18:08:00.000","UNABLE TO DETERMINE","NOT APPLICABLE","7040","N","ASHLAND BLVD","2423",,,,,,,"2","NO INDICATION OF INJURY","0","0","0","0","0","2","0","18","5","2","42.0102115883","-87.6702626254","POINT (-87.67026262535 42.010211588321)"
"330b1d9c2ed03bd5880d24e81175159b3ffeb1f76dabc3d202a7be57bce9fd8a6d6848ded0360eb9c04fa609cfbcf0100ade0ffefd38958b37c7af2ae06fed2a",,"2026-02-12T18:01:00.000","30","TRAFFIC SIGNAL","FUNCTIONING PROPERLY","CLEAR","DARKNESS, LIGHTED ROAD","REAR END","NOT DIVIDED",,"STRAIGHT AND LEVEL","DRY","NO DEFECTS","NOT ON SCENE (DESK REPORT)","INJURY AND / OR TOW DUE TO CRASH",,,,"OVER $1,500","2026-02-12T19:10:00.000","UNABLE TO DETERMINE","UNABLE TO DETERMINE","1539","E","95TH ST","511",,,,,,,"2","REPORTED, NOT EVIDENT","1","0","0","0","1","3","0","18","5","2","41.7222197773","-87.5862381682","POINT (-87.586238168165 41.72221977731)"
"48e7bc17f72e77f05381d9e199e4a2d9d85242b46667e9ae0b2f318933ac4f169ea2c5d6e18f51e187de929a5b87dbd21f823ebc7e78d7ede5b47610369505f7",,"2026-02-12T18:00:00.000","25","NO CONTROLS","NO CONTROLS","CLEAR","DARKNESS","SIDESWIPE SAME DIRECTION","DIVIDED - W/MEDIAN BARRIER",,"STRAIGHT AND LEVEL","UNKNOWN","UNKNOWN","ON SCENE","NO INJURY / DRIVE AWAY",,,,"OVER $1,500","2026-02-12T19:18:00.000","UNABLE TO DETERMINE","NOT APPLICABLE","2155","N","CENTRAL AVE","2515",,,,,,,"2","NO INDICATION OF INJURY","0","0","0","0","0","3","0","18","5","2","41.9203653133","-87.7653698807","POINT (-87.765369880712 41.920365313285)"
"922c6f75c7c207d4721a6db08a5ab17aa1916d415937f3f60c9578ad56b9c13dc6612eed0639c59d481a47dc168da0ee84559f1630ede7a4ae495926bacb249c",,"2026-02-12T18:00:00.000","30","UNKNOWN","UNKNOWN","CLEAR","DUSK","SIDESWIPE SAME DIRECTION","NOT DIVIDED",,"STRAIGHT AND LEVEL","UNKNOWN","UNKNOWN","NOT ON SCENE (DESK REPORT)","NO INJURY / DRIVE AWAY",,,,"$500 OR LESS","2026-02-14T10:31:00.000","DRIVING SKILLS/KNOWLEDGE/EXPERIENCE","UNABLE TO DETERMINE","219","W","NORTH AVE","1821",,,,,,,"2","NO INDICATION OF INJURY","0","0","0","0","0","2","0","18","5","2","41.9110454421","-87.6355602347","POINT (-87.63556023466 41.911045442113)"
"c7364965416d69cc7fd6e71f7916b02f1cc5c2dc17f1f1e450bbb4a8326be9bb3383a2363011e0ee92cb3890e64d3e55dca6f1054712852da1cb0ba1281e6156",,"2026-02-12T17:55:00.000","30","TRAFFIC SIGNAL","FUNCTIONING PROPERLY","CLEAR","DARKNESS, LIGHTED ROAD","PEDESTRIAN","ONE-WAY",,"STRAIGHT AND LEVEL","DRY","NO DEFECTS","ON SCENE","INJURY AND / OR TOW DUE TO CRASH","Y",,,"$500 OR LESS","2026-02-12T17:59:00.000","UNABLE TO DETERMINE","NOT APPLICABLE","101","S","JEFFERSON ST","121",,,,,,,"2","NONINCAPACITATING INJURY","1","0","0","1","0","1","0","17","5","2","41.8804870434","-87.6424690751","POINT (-87.642469075088 41.880487043402)"
"4375e67938d83863529b45a3398ea5e8238edb9f529dc2c08e8c21b62cacb6f8ef08b796788dcf7808b5543995aa1ac7850ce6285eef8361844577005e1805d8",,"2026-02-12T17:50:00.000","30","TRAFFIC SIGNAL","FUNCTIONING PROPERLY","CLEAR","DARKNESS","SIDESWIPE SAME DIRECTION","DIVIDED - W/MEDIAN (NOT RAISED)",,"STRAIGHT AND LEVEL","DRY","NO DEFECTS","NOT ON SCENE (DESK REPORT)","NO INJURY / DRIVE AWAY",,,,"OVER $1,500","2026-02-12T18:10:00.000","FAILING TO YIELD RIGHT-OF-WAY","NOT APPLICABLE","5204","N","WESTERN AVE","2011",,,,,,,"2","NO INDICATION OF INJURY","0","0","0","0","0","2","0","17","5","2","41.9760585386","-87.6893047401","POINT (-87.689304740093 41.976058538594)"
"54d68d76ead177b0ed003fd7eeaec9f8c24660cb0bc913e05ef124c61b59356ffa3abc733a21cc9ce7eadca1dabfceda7b8f0a1d7432cc0c70fec084e7996289",,"2026-02-12T17:43:00.000","25","NO CONTROLS","NO CONTROLS","CLEAR","DARKNESS, LIGHTED ROAD","PEDALCYCLIST","NOT DIVIDED",,"STRAIGHT AND LEVEL","WET","NO DEFECTS","ON SCENE","INJURY AND / OR TOW DUE TO CRASH",,,,"$501 - $1,500","2026-02-12T17:59:00.000","IMPROPER TURNING/NO SIGNAL","UNABLE TO DETERMINE","1121","W","ADDISON ST","1924",,,,,,,"2","NONINCAPACITATING INJURY","1","0","0","1","0","1","0","17","5","2","41.947051974","-87.6582194932","POINT (-87.658219493168 41.947051973962)"
"9df4641108639dfa7202713a7decbd738a0a6cccee4b7c03f14ce4fb79205f0caf5806f695490c1ff6c6c0e4f0704c210278bdfc1a248d33ee856164aaf9d042",,"2026-02-12T17:43:00.000","30","NO CONTROLS","NO CONTROLS","CLEAR","DARKNESS","REAR END","DIVIDED - W/MEDIAN BARRIER",,"STRAIGHT AND LEVEL","DRY","UNKNOWN","ON SCENE","INJURY AND / OR TOW DUE TO CRASH",,,,"OVER $1,500","2026-02-12T18:08:00.000","FAILING TO REDUCE SPEED TO AVOID CRASH","UNABLE TO DETERMINE","6000","S","LAKE SHORE DR","331",,,,,,,"3","NO INDICATION OF INJURY","0","0","0","0","0","3","0","17","5","2","41.7860096212","-87.5776347001","POINT (-87.577634700088 41.786009621225)"
"8418e8e043cf5ad736ecc919d1fac454dcc8ac84de39c02a366bdba3472582026dbe581b01bffb1c18593dbd62bfa2d4f8ed6d5118306e73ef8d076084831242",,"2026-02-12T17:34:00.000","30","TRAFFIC SIGNAL","FUNCTIONING PROPERLY","CLEAR","DARKNESS, LIGHTED ROAD","REAR END","NOT DIVIDED",,"STRAIGHT AND LEVEL","DRY","UNKNOWN","NOT ON SCENE (DESK REPORT)","NO INJURY / DRIVE AWAY",,,,"OVER $1,500","2026-02-12T18:29:00.000","NOT APPLICABLE","FAILING TO REDUCE SPEED TO AVOID CRASH","4356","W","DIVISION ST","2534",,,,,,,"2","NO INDICATION OF INJURY","0","0","0","0","0","3","0","17","5","2","41.9026271834","-87.7359511078","POINT (-87.735951107762 41.902627183386)"
"2f18371225a19a5e9ba01b4ffc45505d2c35efaefae61673423d05ca841ed95839aff7d8cdacf8d1a439858f0db750c35a9c6aa663fcccae7539872b468f37c2",,"2026-02-12T17:32:00.000","30","TRAFFIC SIGNAL","FUNCTIONING PROPERLY","CLEAR","DAYLIGHT","REAR END","NOT DIVIDED",,"STRAIGHT AND LEVEL","DRY","NO DEFECTS","NOT ON SCENE (DESK REPORT)","NO INJURY / DRIVE AWAY",,,,"$501 - $1,500","2026-02-17T13:40:00.000","FOLLOWING TOO CLOSELY","NOT APPLICABLE","6464","N","SHERIDAN RD","2432",,,,,,,"2","NO INDICATION OF INJURY","0","0","0","0","0","2","0","17","5","2","41.9999952962","-87.6608412888","POINT (-87.660841288843 41.999995296196)"
"e61e74358a9c0a5022609630adbd634b521350978d92b275a7d78246f0639aab46535b4bbe0e2104ec1ee5c05e27669a0b76c5eba3b836097f5842f84e61aaa9",,"2026-02-12T17:30:00.000","30","UNKNOWN","UNKNOWN","UNKNOWN","UNKNOWN","PARKED MOTOR VEHICLE","NOT DIVIDED",,"STRAIGHT AND LEVEL","UNKNOWN","UNKNOWN","NOT ON SCENE (DESK REPORT)","INJURY AND / OR TOW DUE TO CRASH",,,"Y","OVER $1,500","2026-02-12T20:00:00.000","UNABLE TO DETERMINE","UNABLE TO DETERMINE","1706","W","GREENLEAF AVE","2423",,,,,,,"2","NO INDICATION OF INJURY","0","0","0","0","0","1","0","17","5","2","42.0103404572","-87.6725983218","POINT (-87.6725983218 42.010340457199)"
"e226d350d6e5f56c63a9b1b1f49aaa122506af081a204095f4a065cbd48f16ac54a57c423187464c34692d9706a82ba9a3913668eaf87b49722cb18188d00402",,"2026-02-12T17:29:00.000","30","NO CONTROLS","NO CONTROLS","CLEAR","DAWN","TURNING","NOT DIVIDED",,"STRAIGHT AND LEVEL","DRY","NO DEFECTS","NOT ON SCENE (DESK REPORT)","NO INJURY / DRIVE AWAY",,,,"OVER $1,500","2026-02-13T19:40:00.000","FAILING TO REDUCE SPEED TO AVOID CRASH","FAILING TO REDUCE SPEED TO AVOID CRASH","2643","N","CENTRAL AVE","2514",,,,,,,"2","NO INDICATION OF INJURY","0","0","0","0","0","2","0","17","5","2","41.9289428666","-87.7660163953","POINT (-87.766016395294 41.928942866634)"
"f6701eca077d868c0689fd7f2377a6768ad3767094b2588502176061e2e83c41c3923a93be5785af12e50cbeb0aa7069750712348f0735d3161153f9973f4fc4",,"2026-02-12T17:29:00.000","30","TRAFFIC SIGNAL","FUNCTIONING PROPERLY","CLEAR","DAYLIGHT","TURNING","NOT DIVIDED",,"STRAIGHT AND LEVEL","DRY","NO DEFECTS","NOT ON SCENE (DESK REPORT)","NO INJURY / DRIVE AWAY",,,,"OVER $1,500","2026-02-12T18:49:00.000","IMPROPER TURNING/NO SIGNAL","FOLLOWING TOO CLOSELY","540","N","KINGSBURY ST","1831",,,,,,,"2","NO INDICATION OF INJURY","0","0","0","0","0","2","0","17","5","2","41.8915809218","-87.6401052346","POINT (-87.6401052346 41.891580921821)"
"cb520a70c8c6c2085063c1eca5598a31db531ffa6b3dd6263ac1a5573e72b39affceb606007e8b72402e27ea5057af7cc9757ca46e3f2f8fa4b179d41641b471",,"2026-02-12T17:25:00.000","30","STOP SIGN/FLASHER","FUNCTIONING PROPERLY","CLEAR","DAYLIGHT","TURNING","NOT DIVIDED",,"STRAIGHT AND LEVEL","DRY","NO DEFECTS",,"NO INJURY / DRIVE AWAY",,,"Y","OVER $1,500","2026-02-12T17:35:00.000","FAILING TO YIELD RIGHT-OF-WAY","NOT APPLICABLE","7124","W","ARCHER AVE","811",,,,,,,"2","NO INDICATION OF INJURY","0","0","0","0","0","2","0","17","5","2","41.7920694925","-87.8001114347","POINT (-87.800111434748 41.7920694925)"
"5eb518310bc256a8b710cc24887ba8fbb8a7753170a9ccbf6ef9e47b3cb0550c551ea2ffc58f392d4a29e642c3c04280ce2939809a7ebebc04ff7c519acaede4",,"2026-02-12T17:20:00.000","30","NO CONTROLS","NO CONTROLS","CLEAR","DARKNESS, LIGHTED ROAD","SIDESWIPE SAME DIRECTION","NOT DIVIDED",,"STRAIGHT AND LEVEL","DRY","NO DEFECTS","NOT ON SCENE (DESK REPORT)","NO INJURY / DRIVE AWAY",,,"Y","$500 OR LESS","2026-02-12T18:00:00.000","UNABLE TO DETERMINE","UNABLE TO DETERMINE","1533","W","99TH ST","2213",,,,,,,"2","NO INDICATION OF INJURY","0","0","0","0","0","2","0","17","5","2","41.7138738442","-87.661524552","POINT (-87.661524551956 41.713873844174)"
"905ddcd55b9e4b5fd7f7582daf1d512b7a5199d6cca9797acae028d1eef0fe5263034e6321a66b85c2b0c4458f5e648bfa382486f1e6c8915968a9dbe5dd858a",,"2026-02-12T17:19:00.000","30","NO CONTROLS","NO CONTROLS","CLEAR","DAWN","SIDESWIPE SAME DIRECTION","NOT DIVIDED",,"STRAIGHT AND LEVEL","DRY","NO DEFECTS","ON SCENE","NO INJURY / DRIVE AWAY",,,,"OVER $1,500","2026-02-12T17:23:00.000","IMPROPER OVERTAKING/PASSING","NOT APPLICABLE","2258","S","KOSTNER AVE","1013",,,,,,,"2","NO INDICATION OF INJURY","0","0","0","0","0","2","0","17","5","2","41.8496731444","-87.7345948755","POINT (-87.734594875532 41.84967314442)"
"6cece1420081be289e9e6218e7b3431e38abe5ae1c060e783de1cbafb79ab9a240cb39fc3f2c59db47025fecac0cea5bf406ef7ea4d30d975b39dd63587d0563",,"2026-02-12T17:10:00.000","15","NO CONTROLS","NO CONTROLS","CLEAR","DARKNESS","ANGLE","PARKING LOT",,"STRAIGHT AND LEVEL","DRY","NO DEFECTS","NOT ON SCENE (DESK REPORT)","NO INJURY / DRIVE AWAY",,,,"$501 - $1,500","2026-02-19T18:15:00.000","UNABLE TO DETERMINE","NOT APPLICABLE","1026","E","67TH ST","321",,,,,,,"2","NO INDICATION OF INJURY","0","0","0","0","0","3","0","17","5","2","41.7733089702","-87.5997511136","POINT (-87.599751113558 41.773308970217)"
"f2bb4f08e2f512636a384acbd9e7e349296229df5fa7c657709cc5edf6b84da3d49ede70bf5292388242b59e371d4ca1e910801487a21d272232139a8ba6d820",,"2026-02-12T17:10:00.000","30","NO CONTROLS","NO CONTROLS","CLEAR","DAYLIGHT","REAR TO SIDE","PARKING LOT",,"STRAIGHT AND LEVEL","DRY","NO DEFECTS","NOT ON SCENE (DESK REPORT)","NO INJURY / DRIVE AWAY",,,"Y","$500 OR LESS","2026-02-12T17:30:00.000","FAILING TO YIELD RIGHT-OF-WAY","FAILING TO YIELD RIGHT-OF-WAY","209","E","103RD ST","512",,,,,,,"2","NO INDICATION OF INJURY","0","0","0","0","0","4","0","17","5","2","41.7071353216","-87.6182417299","POINT (-87.618241729934 41.707135321618)"
"ae410f745f31b5d15873e41eeb818fa2b620efd2aab841f38f1c8462d4a5b69e3210a953c62d7dab33574c6c20f891b222596391788c0dfa55c35a53f580bf39",,"2026-02-12T17:05:00.000","30","NO CONTROLS","NO CONTROLS","CLEAR","DAYLIGHT","PARKED MOTOR VEHICLE","ALLEY",,"STRAIGHT AND LEVEL","DRY","UNKNOWN","NOT ON SCENE (DESK REPORT)","NO INJURY / DRIVE AWAY",,,"Y","OVER $1,500","2026-02-13T17:00:00.000","UNABLE TO DETERMINE","NOT APPLICABLE","4032","W","OAKDALE AVE","2523",,,,,,,"2","NO INDICATION OF INJURY","0","0","0","0","0","1","0","17","5","2","41.9346217463","-87.7284008384","POINT (-87.72840083838 41.93462174628)"
"3eed3e8ed679212d9f16ec57773c23c9304dde52d7dac726d65cc8e6b2eb8f5b6da9fbfbbd2b0a44895cac48d2237404945aec435a8ff14f0de4e83d0d412d98","Y","2026-02-12T17:04:00.000","25","NO CONTROLS","NO CONTROLS","CLEAR","DAWN","REAR END","NOT DIVIDED",,"STRAIGHT AND LEVEL","DRY","UNKNOWN","ON SCENE","INJURY AND / OR TOW DUE TO CRASH",,,,"OVER $1,500","2026-02-12T17:05:00.000","UNABLE TO DETERMINE","UNABLE TO DETERMINE","4856","W","CHICAGO AVE","1531",,,,,,,"2","NO INDICATION OF INJURY","0","0","0","0","0","2","0","17","5","2","41.8950961033","-87.7480607282","POINT (-87.74806072823 41.895096103291)"
"73bfbeda27c9180b2bae7da72bd2ba086a6b085283ec69dbbd3e690c77ea6d733ee3744b2516d22218b35ab7245b7a5158deec79145990404c3a40a5be03542e",,"2026-02-12T17:00:00.000","30","NO CONTROLS","NO CONTROLS","CLEAR","DAYLIGHT","TURNING","NOT DIVIDED",,"STRAIGHT AND LEVEL","DRY","NO DEFECTS","NOT ON SCENE (DESK REPORT)","NO INJURY / DRIVE AWAY",,,,"$501 - $1,500","2026-02-13T12:09:00.000","UNABLE TO DETERMINE","UNABLE TO DETERMINE","7000","S","PULASKI RD","833",,,,,,,"2","NO INDICATION OF INJURY","0","0","0","0","0","2","0","17","5","2","41.7658812858","-87.7225871577","POINT (-87.722587157729 41.76588128582)"
"93c8b587224d63a3661218cd5be800c08a59ccd442db821a5257cb2474edb8abb5c5d3913abdd520bdde3eca0a5cd66c5d4ded95ab6e3232dcad979aa7a27b06","Y","2026-02-12T17:00:00.000","10","OTHER WARNING SIGN","OTHER","UNKNOWN","DARKNESS, LIGHTED ROAD","FIXED OBJECT","PARKING LOT",,"STRAIGHT AND LEVEL","DRY","NO DEFECTS","ON SCENE","NO INJURY / DRIVE AWAY",,"Y","Y","OVER $1,500","2026-02-18T11:16:00.000","UNABLE TO DETERMINE","NOT APPLICABLE","3401","N","WESTERN AVE","1921",,,,,,,"1","NO INDICATION OF INJURY","0","0","0","0","0","1","0","17","5","2","41.9431901418","-87.6880079956","POINT (-87.688007995585 41.943190141817)"
"a92f761ac3f57bc6ec96eed4f1f65dee07b107382211c97b7d8213c7bc1c1c71985674299f419ec19b4795eba40b31b8c509dea134e7691f5a096cba1368fe19",,"2026-02-12T17:00:00.000","30","NO CONTROLS","NO CONTROLS","UNKNOWN","DUSK","SIDESWIPE SAME DIRECTION","DIVIDED - W/MEDIAN (NOT RAISED)",,"STRAIGHT AND LEVEL","UNKNOWN","UNKNOWN","NOT ON SCENE (DESK REPORT)","NO INJURY / DRIVE AWAY",,,"Y","OVER $1,500","2026-02-17T15:30:00.000","IMPROPER OVERTAKING/PASSING","FAILING TO REDUCE SPEED TO AVOID CRASH","5950","N","BROADWAY","2013",,,,,,,"2","NO INDICATION OF INJURY","0","0","0","0","0","2","0","17","5","2","41.9905156117","-87.6604301115","POINT (-87.660430111466 41.990515611652)"
"ee56ab216510dee30602563a1ac6f898beef2abb0217fc9f47b2b80931414f1e61dd99fe9d15676b704c13161d041d8e2f0a5c966b15c2db37f03010d1426254",,"2026-02-12T16:58:00.000","30","UNKNOWN","UNKNOWN","CLEAR","DARKNESS, LIGHTED ROAD","REAR END","UNKNOWN",,"STRAIGHT AND LEVEL","DRY","NO DEFECTS","NOT ON SCENE (DESK REPORT)","NO INJURY / DRIVE AWAY",,,"Y","OVER $1,500","2026-02-12T17:25:00.000","NOT APPLICABLE","NOT APPLICABLE","3821","W","CONGRESS PKWY","1133",,,,,,,"2","NO INDICATION OF INJURY","0","0","0","0","0","3","0","16","5","2","41.874315257","-87.7215892011","POINT (-87.721589201115 41.874315257002)"
"6445b146f0f027b70ed33d108187a90c42bfc5a74138497add8c109937017af178fd7e09c4b9680f6f1fc0ee7265414572fe98fca27cc5a8943caa01aab4d70e",,"2026-02-12T16:48:00.000","30","NO CONTROLS","NO CONTROLS","CLEAR","DAWN","SIDESWIPE SAME DIRECTION","DIVIDED - W/MEDIAN (NOT RAISED)",,"STRAIGHT AND LEVEL","DRY","NO DEFECTS","NOT ON SCENE (DESK REPORT)","NO INJURY / DRIVE AWAY",,,"Y","$501 - $1,500","2026-02-12T18:10:00.000","IMPROPER LANE USAGE","IMPROPER LANE USAGE","8500","S","PULASKI RD","834",,,,,,,"2","NO INDICATION OF INJURY","0","0","0","0","0","3","0","16","5","2","41.7384684043","-87.7217040099","POINT (-87.721704009921 41.738468404342)"
"2dd062e7a6bc949180627dedaf4eb44c133017bd8e01c372a2cffb33b0b3d9e842985142e6ebfd49838e6af0c3fd66248ed5d232c474eea9a9c40d239de484de",,"2026-02-12T16:45:00.000","30","TRAFFIC SIGNAL","FUNCTIONING PROPERLY","CLEAR","DAWN","TURNING","NOT DIVIDED",,"STRAIGHT AND LEVEL","DRY","NO DEFECTS","NOT ON SCENE (DESK REPORT)","NO INJURY / DRIVE AWAY",,,,"OVER $1,500","2026-02-13T17:50:00.000","FAILING TO YIELD RIGHT-OF-WAY","FAILING TO YIELD RIGHT-OF-WAY","2755","W","ARMITAGE AVE","1421",,,,,,,"2","NO INDICATION OF INJURY","0","0","0","0","0","2","0","16","5","2","41.9173814501","-87.6969802122","POINT (-87.696980212227 41.917381450134)"
"3775185274b645d0b6ffca50095aef38f950315d2c440536eee27168d6381765d4ef17ca2a10a07a076598648120d94566b9b65a814fece5e58b65e32bc024ca",,"2026-02-12T16:40:00.000","30","NO CONTROLS","NO CONTROLS","CLEAR","DAYLIGHT","ANGLE","NOT DIVIDED",,"STRAIGHT AND LEVEL","DRY","NO DEFECTS","NOT ON SCENE (DESK REPORT)","NO INJURY / DRIVE AWAY",,,,"OVER $1,500","2026-02-12T17:12:00.000","FAILING TO YIELD RIGHT-OF-WAY","NOT APPLICABLE","5720","W","55TH ST","811",,,,,,,"2","NO INDICATION OF INJURY","0","0","0","0","0","6","0","16","5","2","41.7927795984","-87.7656766536","POINT (-87.765676653573 41.792779598446)"
"1bc5ffd5af72f68959e312e6207956d4343fac5c71756f9e721687358bed677ea227c9d5254534492dedc533968cd8fa16246e4647d22efb8126cb6f8a07ed8a",,"2026-02-12T16:30:00.000","30","STOP SIGN/FLASHER","FUNCTIONING PROPERLY","CLEAR","DAYLIGHT","FIXED OBJECT","NOT DIVIDED",,"STRAIGHT AND LEVEL","DRY","NO DEFECTS","NOT ON SCENE (DESK REPORT)","INJURY AND / OR TOW DUE TO CRASH",,,,"OVER $1,500","2026-02-12T18:00:00.000","DRIVING SKILLS/KNOWLEDGE/EXPERIENCE","NOT APPLICABLE","2348","S","ARCHER AVE","914",,,,,,,"1","NO INDICATION OF INJURY","0","0","0","0","0","1","0","16","5","2","41.8500847134","-87.6403940467","POINT (-87.640394046693 41.85008471337)"