"crash_record_id","crash_date_est_i","crash_date","posted_speed_limit","traffic_control_device","device_condition","weather_condition","lighting_condition","first_crash_type","trafficway_type","lane_cnt","alignment","roadway_surface_cond","road_defect","report_type","crash_type","intersection_related_i","private_property_i","hit_and_run_i","damage","date_police_notified","prim_contributory_cause","sec_contributory_cause","street_no","street_direction","street_name","beat_of_occurrence","photos_taken_i","statements_taken_i","dooring_i","work_zone_i","work_zone_type","workers_present_i","num_units","most_severe_injury","injuries_total","injuries_fatal","injuries_incapacitating","injuries_non_incapacitating","injuries_reported_not_evident","injuries_no_indication","injuries_unknown","crash_hour","crash_day_of_week","crash_month","latitude","longitude","location"
"b875f0d938294707a8742b6e3224b7c77d6bcbc74d8b587f82c8a6c6c0c02d883c00318ec770db019c5ae98bd1da162c4a6d122ddefc5ef729c57af2dc98c731",,"2026-02-12T16:30:00.000","30","UNKNOWN","UNKNOWN","UNKNOWN","DAYLIGHT","SIDESWIPE SAME DIRECTION","NOT DIVIDED",,"STRAIGHT AND LEVEL","UNKNOWN","UNKNOWN",,"NO INJURY / DRIVE AWAY",,,,"OVER $1,500","2026-02-12T16:55:00.000","UNABLE TO DETERMINE","NOT APPLICABLE","740","W","DIVERSEY PKWY","1934",,,,,,,"2","NO INDICATION OF INJURY","0","0","0","0","0","2","0","16","5","2","41.9328475608","-87.6481703563","POINT (-87.648170356283 41.932847560808)"
"bed859ae13eba975e0668ac1c017b0721d42ee984d7224f9afb7b0b22e65f34fe7e1aeca8b35fd9f81af5f6c0052ca0a135ca971b2eb742b11ee9cb9dc559218",,"2026-02-12T16:30:00.000","30","NO CONTROLS","NO CONTROLS","CLEAR","DAYLIGHT","PARKED MOTOR VEHICLE","NOT DIVIDED",,"STRAIGHT AND LEVEL","DRY","NO DEFECTS","NOT ON SCENE (DESK REPORT)","NO INJURY / DRIVE AWAY",,,"Y","$501 - $1,500","2026-02-12T17:45:00.000","UNABLE TO DETERMINE","NOT APPLICABLE","2122","W","TAYLOR ST","1225",,,,,,,"2","NO INDICATION OF INJURY","0","0","0","0","0","1","0","16","5","2","41.8691772089","-87.6790755696","POINT (-87.679075569553 41.869177208907)"
"cb369ff525580a3e5b84671ff92622d9fca39d5951fca70d8f1430433ef1635ce22e1ea9f511c6aca607618f23547a7adb62abd814ebb9df954398fc0f85ccf2",,"2026-02-12T16:30:00.000","30","NO CONTROLS","NO CONTROLS","CLEAR","DAYLIGHT","SIDESWIPE SAME DIRECTION","NOT DIVIDED",,"STRAIGHT AND LEVEL","DRY","NO DEFECTS","ON SCENE","INJURY AND / OR TOW DUE TO CRASH",,,,"OVER $1,500","2026-02-12T16:35:00.000","FAILING TO YIELD RIGHT-OF-WAY","NOT APPLICABLE","6633","N","SHERIDAN RD","2432",,,,,,,"4","NO INDICATION OF INJURY","0","0","0","0","0","3","0","16","5","2","42.0036773324","-87.6606736084","POINT (-87.66067360845 42.003677332408)"
"e535e25af08bc0245ca5b30bb238969565a97d9f05c30b4b1caafec7a61984d8df4f56a6d5cee7541a0ee26d9a43756023e3c17bda70f763ff0e5ae684774750",,"2026-02-12T16:30:00.000","35","TRAFFIC SIGNAL","FUNCTIONING PROPERLY","CLEAR","DAYLIGHT","SIDESWIPE SAME DIRECTION","NOT DIVIDED",,"STRAIGHT AND LEVEL","DRY","NO DEFECTS","ON SCENE","NO INJURY / DRIVE AWAY",,,,"OVER $1,500","2026-02-12T16:37:00.000","IMPROPER LANE USAGE","IMPROPER TURNING/NO SIGNAL","501","N","CENTRAL AVE","1523",,,,,,,"2","NO INDICATION OF INJURY","0","0","0","0","0","2","0","16","5","2","41.8893836383","-87.7650386525","POINT (-87.765038652549 41.889383638321)"
"9574d7023dc88f75e480be129b958ba93704fb756f076fd7eda896376b56985eecbc47cc1c7a93dc364c4743cbdbd6e11819c2cf07ad04ea49f24a625085816e",,"2026-02-12T16:20:00.000","30","NO CONTROLS","NO CONTROLS","CLEAR","DAYLIGHT","REAR END","DIVIDED - W/MEDIAN (NOT RAISED)",,"STRAIGHT AND LEVEL","DRY","UNKNOWN","ON SCENE","NO INJURY / DRIVE AWAY",,,,"OVER $1,500","2026-02-12T16:25:00.000","UNABLE TO DETERMINE","UNABLE TO DETERMINE","1720","W","LAWRENCE AVE","2032",,,,,,,"2","NO INDICATION OF INJURY","0","0","0","0","0","3","0","16","5","2","41.968960816","-87.6719357337","POINT (-87.67193573367 41.968960815999)"
"de089d8905f17929339d038c63ecf604331b96d3c2002bba675b9bb315c455bb67db46206aadfd3c75c1b567f1b29e0b29091a085f4558475f9eec9a7c42fe00",,"2026-02-12T16:15:00.000","30","NO CONTROLS","NO CONTROLS","CLEAR","DAYLIGHT","PARKED MOTOR VEHICLE","NOT DIVIDED",,"STRAIGHT AND LEVEL","DRY","NO DEFECTS","ON SCENE","INJURY AND / OR TOW DUE TO CRASH",,,"Y","OVER $1,500","2026-02-12T16:21:00.000","UNABLE TO DETERMINE","UNABLE TO DETERMINE","6642","S","UNION AVE","723",,,,,,,"3","REPORTED, NOT EVIDENT","2","0","0","0","2","1","0","16","5","2","41.7730533883","-87.6427768001","POINT (-87.642776800067 41.773053388303)"
"f171e145112a003b0af168c7420d684a38928039e5751cb2ebda25a5d197101a42116df142b76a7c55d83413a12707f76009f96bbf50f5db44b9049f375c35ea",,"2026-02-12T16:15:00.000","30","NO CONTROLS","NO CONTROLS","CLEAR","DAYLIGHT","TURNING","NOT DIVIDED",,"STRAIGHT AND LEVEL","DRY","NO DEFECTS","ON SCENE","INJURY AND / OR TOW DUE TO CRASH",,,"Y","OVER $1,500","2026-02-12T18:00:00.000","IMPROPER OVERTAKING/PASSING","NOT APPLICABLE","7500","S","HALSTED ST","621",,,,,,,"2","NO INDICATION OF INJURY","0","0","0","0","0","3","0","16","5","2","41.7576565598","-87.6443700572","POINT (-87.644370057249 41.757656559814)"
"1f08e787d7e2b2fc8a515cb5a21fc4603256554b1ea432ca226bb885bd1f04e0cdb2a96d8bd7549fe167dae01c6f5f283a937527d2e59e517cc796d795348a39",,"2026-02-12T16:12:00.000","30","NO CONTROLS","NO CONTROLS","CLEAR","DAYLIGHT","REAR END","NOT DIVIDED",,"STRAIGHT AND LEVEL","DRY","NO DEFECTS","ON SCENE","NO INJURY / DRIVE AWAY",,,,"OVER $1,500","2026-02-12T16:13:00.000","FOLLOWING TOO CLOSELY","NOT APPLICABLE","337","W","DIVISION ST","1823",,,,,,,"2","NO INDICATION OF INJURY","0","0","0","0","0","2","0","16","5","2","41.9036947196","-87.6374245335","POINT (-87.637424533508 41.903694719608)"
"5ac037075793e7728fc8f8612a28373769aa052b5925321ff91210e5edc5eac63fd6c14d5384e4b58caadb5ebb0f675f3b68f832ad9b55033373ebfe412cc650",,"2026-02-12T16:00:00.000","30","TRAFFIC SIGNAL","FUNCTIONING PROPERLY","CLEAR","DAYLIGHT","SIDESWIPE SAME DIRECTION","NOT DIVIDED",,"STRAIGHT AND LEVEL","DRY","NO DEFECTS","ON SCENE","NO INJURY / DRIVE AWAY",,,,"OVER $1,500","2026-02-12T16:50:00.000","IMPROPER OVERTAKING/PASSING","IMPROPER OVERTAKING/PASSING","1578","N","CLYBOURN AVE","1822",,,,,,,"2","NO INDICATION OF INJURY","0","0","0","0","0","2","0","16","5","2","41.9103012828","-87.6488789123","POINT (-87.648878912281 41.910301282774)"
"622671c92980b40f6db61cfdfac178b0f0317ec66fbba215e841f2d93e3a595757dae03d23c4a705cfb0f8e108e09358c2f8ad4cc945c7ca4229479622f8a021",,"2026-02-12T16:00:00.000","30","NO CONTROLS","NO CONTROLS","CLEAR","DAYLIGHT","SIDESWIPE SAME DIRECTION","NOT DIVIDED",,"STRAIGHT AND LEVEL","UNKNOWN","NO DEFECTS","NOT ON SCENE (DESK REPORT)","NO INJURY / DRIVE AWAY",,,,"OVER $1,500","2026-02-12T16:30:00.000","IMPROPER LANE USAGE","DRIVING SKILLS/KNOWLEDGE/EXPERIENCE","1800","E","95TH ST","413",,,,,,,"2","NO INDICATION OF INJURY","0","0","0","0","0","2","0","16","5","2","41.7225180406","-87.5800157279","POINT (-87.580015727926 41.722518040638)"
"68449aaf540a7c5373b254ebe53d88b81ca508499205add1ea0f73ea3d314115666c1191a7015f2a936f32a332fb0074df7b60164ca7d61e9de6de0687ea6bc0",,"2026-02-12T16:00:00.000","25","STOP SIGN/FLASHER","FUNCTIONING PROPERLY","CLEAR","DAYLIGHT","REAR END","NOT DIVIDED",,"STRAIGHT AND LEVEL","DRY","NO DEFECTS",,"NO INJURY / DRIVE AWAY","Y",,"Y","OVER $1,500","2026-02-14T10:35:00.000","FAILING TO REDUCE SPEED TO AVOID CRASH","NOT APPLICABLE","1901","N","HUDSON AVE","1813",,,,,,,"2","NO INDICATION OF INJURY","0","0","0","0","0","2","0","16","5","2","41.9165853073","-87.6398292718","POINT (-87.639829271775 41.91658530733)"
"d9e28e01acb43a47f7b3bf0eadab5d278d276e0205b664704dff6f4fed70edf43900687b5ea650e38e2b7f3f6328e783c25124f55833526d11d0b3c55da7ea44",,"2026-02-12T16:00:00.000","30","NO CONTROLS","NO CONTROLS","CLEAR","DAYLIGHT","TURNING","NOT DIVIDED",,"STRAIGHT AND LEVEL","DRY","UNKNOWN","ON SCENE","NO INJURY / DRIVE AWAY",,,"Y","OVER $1,500","2026-02-12T17:25:00.000","UNABLE TO DETERMINE","UNABLE TO DETERMINE","3332","W","PETERSON AVE","1711",,,,,,,"2","NO INDICATION OF INJURY","0","0","0","0","0","2","0","16","5","2","41.9904471084","-87.7129002796","POINT (-87.71290027955 41.990447108363)"
"3a6f58adb2ffe927d9d1bb3386088eee8dbb535415ad758bb49bd67a59f6fc5916e388a2a765ce1b1cecdc17d3714b2a8773a78a3923b480edf9d38fe355bf05",,"2026-02-12T15:55:00.000","30","NO CONTROLS","NO CONTROLS","CLEAR","DAYLIGHT","TURNING","ALLEY",,"STRAIGHT AND LEVEL","DRY","NO DEFECTS","NOT ON SCENE (DESK REPORT)","NO INJURY / DRIVE AWAY",,,"Y","$501 - $1,500","2026-02-12T16:40:00.000","UNABLE TO DETERMINE","UNABLE TO DETERMINE","351","E","103RD ST","512",,,,,,,"2","NO INDICATION OF INJURY","0","0","0","0","0","2","0","15","5","2","41.7071985408","-87.6141625937","POINT (-87.614162593741 41.707198540794)"
"8fb51f76d34cdba9354fd502cd65b9c31048d84e528ccd21c0708eda590b7aff6c2084365969d1b83ca04ff12713580b625f64327343e83e4a111edbf27525f4",,"2026-02-12T15:54:00.000","30","NO CONTROLS","NO CONTROLS","UNKNOWN","UNKNOWN","SIDESWIPE SAME DIRECTION","OTHER",,"STRAIGHT AND LEVEL","UNKNOWN","UNKNOWN","NOT ON SCENE (DESK REPORT)","NO INJURY / DRIVE AWAY",,,,"OVER $1,500","2026-02-13T17:09:00.000","FAILING TO REDUCE SPEED TO AVOID CRASH","UNABLE TO DETERMINE","5710","N","BROADWAY","2013",,,,,,,"2","NO INDICATION OF INJURY","0","0","0","0","0","2","0","15","5","2","41.9858119776","-87.6602818315","POINT (-87.660281831495 41.985811977564)"
"1b93f63a40f79030571f0a95f977ec2d01cded8994f4304db6405ff63d053d31267387775dc6e8b3e69619125bd1cd651102a54590a14958a1343562529f1781",,"2026-02-12T15:53:00.000","30","TRAFFIC SIGNAL","FUNCTIONING PROPERLY","CLEAR","DAYLIGHT","REAR END","NOT DIVIDED",,"STRAIGHT AND LEVEL","DRY","NO DEFECTS","ON SCENE","INJURY AND / OR TOW DUE TO CRASH",,,,"OVER $1,500","2026-02-12T15:55:00.000","PHYSICAL CONDITION OF DRIVER","NOT APPLICABLE","4352","W","FULLERTON AVE","2524",,,,,,,"2","NONINCAPACITATING INJURY","1","0","0","1","0","2","0","15","5","2","41.924478467","-87.7362735003","POINT (-87.736273500275 41.924478467029)"
"f18fdddd3ef9d4c2cc05dffcc8f7d17485810e202d19f2b4f2a4605c5fda67054213fc2cb13dc7a30595cbd2a021c7764d042a77a9a5f0b000d35d123ec5ded3",,"2026-02-12T15:53:00.000","30","NO CONTROLS","NO CONTROLS","CLEAR","DAYLIGHT","PARKED MOTOR VEHICLE","NOT DIVIDED",,"STRAIGHT AND LEVEL","DRY","NO DEFECTS","NOT ON SCENE (DESK REPORT)","NO INJURY / DRIVE AWAY",,,,"OVER $1,500","2026-02-13T09:45:00.000","NOT APPLICABLE","NOT APPLICABLE","5102","S","HYDE PARK BLVD","234",,,,,,,"2","NO INDICATION OF INJURY","0","0","0","0","0","1","0","15","5","2","41.8023888701","-87.5853221636","POINT (-87.585322163557 41.80238887008)"
"19f8650c9193b87ca8a0389b5e5c79a02a6252860171b2db30cbd33e3165a7f90090f31b59e6d75902b768f19df77dc740b3598b2c99ad6b54cd5a04bba97f8b",,"2026-02-12T15:51:00.000","30","UNKNOWN","UNKNOWN","CLEAR","DAYLIGHT","TURNING","NOT DIVIDED",,"STRAIGHT AND LEVEL","DRY","NO DEFECTS","ON SCENE","NO INJURY / DRIVE AWAY","Y",,,"OVER $1,500","2026-02-12T15:58:00.000","IMPROPER TURNING/NO SIGNAL","NOT APPLICABLE","5150","N","MILWAUKEE AVE","1623",,"Y",,,,,"2","NO INDICATION OF INJURY","0","0","0","0","0","2","0","15","5","2","41.9739137799","-87.7663403014","POINT (-87.766340301374 41.9739137799)"
"07269100e3265cab5d6ced4e04711a096ede49cd280a59269ae7664cbb6300f3e6b9d39969d06b6d130b6775574a77f9d2d29c5b9de57fdb405e97b84a127225",,"2026-02-12T15:50:00.000","30","UNKNOWN","UNKNOWN","CLEAR","DAYLIGHT","REAR END","UNKNOWN",,"STRAIGHT AND LEVEL","DRY","NO DEFECTS","NOT ON SCENE (DESK REPORT)","NO INJURY / DRIVE AWAY",,,,"OVER $1,500","2026-02-12T18:20:00.000","NOT APPLICABLE","NOT APPLICABLE","1420","S","ALBANY AVE","1022",,,,,,,"2","NO INDICATION OF INJURY","0","0","0","0","0","2","0","15","5","2","41.8618398259","-87.7031755962","POINT (-87.703175596206 41.861839825907)"
"a1a38f38f013239bf1b478bc897d20196bed1712a156239934fa1667913e31a9803c8ad22c9eb6c5286d3996dcc1bfb4e2e5f3bfa1e3431c8d0358e74b1a8a13",,"2026-02-12T15:50:00.000","30","STOP SIGN/FLASHER","NO CONTROLS","CLEAR","DAYLIGHT","TURNING","NOT DIVIDED",,"STRAIGHT AND LEVEL","DRY","UNKNOWN","NOT ON SCENE (DESK REPORT)","NO INJURY / DRIVE AWAY","Y",,,"$500 OR LESS","2026-02-12T16:56:00.000","UNABLE TO DETERMINE","UNABLE TO DETERMINE","3672","W","47TH ST","821",,,,,,,"2","NO INDICATION OF INJURY","0","0","0","0","0","3","0","15","5","2","41.808076385","-87.7161330737","POINT (-87.716133073737 41.808076384974)"
"dbdf5e68bf82b1140b22d422dac73d4e7a3e759bee4dd681fdfd4c5894d7eeadeca3dc1ce87b262809c15c3eb50481696767f4a3e39c6186c5226829052d3469",,"2026-02-12T15:50:00.000","30","TRAFFIC SIGNAL","FUNCTIONING PROPERLY","CLEAR","DAYLIGHT","REAR END","T-INTERSECTION",,"STRAIGHT AND LEVEL","DRY","NO DEFECTS","NOT ON SCENE (DESK REPORT)","NO INJURY / DRIVE AWAY",,,,"OVER $1,500","2026-02-12T16:14:00.000","FOLLOWING TOO CLOSELY","UNABLE TO DETERMINE","4600","N","CICERO AVE","1623",,,,,,,"2","NO INDICATION OF INJURY","0","0","0","0","0","2","0","15","5","2","41.9644511676","-87.7477764313","POINT (-87.747776431281 41.964451167552)"
"36dec9b7fa7cc7f0b44beb04d6880a5ea9038603bc69a70ddc70a513ce29fe35c34b9b690b28199681f11b6338fb86aee56af6516e04e5b4b6f38682ce230f20",,"2026-02-12T15:47:00.000","35","STOP SIGN/FLASHER","FUNCTIONING PROPERLY","CLEAR","DAYLIGHT","ANGLE","DIVIDED - W/MEDIAN (NOT RAISED)",,"STRAIGHT AND LEVEL","DRY","NO DEFECTS","NOT ON SCENE (DESK REPORT)","NO INJURY / DRIVE AWAY","Y",,"Y","OVER $1,500","2026-02-12T19:30:00.000","FAILING TO YIELD RIGHT-OF-WAY","UNABLE TO DETERMINE","8100","S","KEDZIE AVE","834",,,,,,,"2","NO INDICATION OF INJURY","0","0","0","0","0","3","0","15","5","2","41.7460580368","-87.7024363193","POINT (-87.702436319338 41.746058036823)"
"ffbc47e7e15129f9320ab38420a6886219867cf7666f1d6bb4232c9be4f331f0d7faa62de6d2f16afeb07418f3f8066e7a7a1d4c8bae01460769214443ac5ae4",,"2026-02-12T15:45:00.000","15","NO CONTROLS","NO CONTROLS","CLEAR","DAYLIGHT","REAR TO SIDE","PARKING LOT",,"STRAIGHT AND LEVEL","DRY","NO DEFECTS","NOT ON SCENE (DESK REPORT)","NO INJURY / DRIVE AWAY",,"Y",,"$501 - $1,500","2026-02-12T16:30:00.000","IMPROPER BACKING","FAILING TO REDUCE SPEED TO AVOID CRASH","3424","W","BELMONT AVE","1732",,,,,,,"2","NO INDICATION OF INJURY","0","0","0","0","0","2","0","15","5","2","41.9393703345","-87.7135660217","POINT (-87.713566021709 41.939370334488)"
"6a6c6e60e35cba4011c23679e807186359b557f435b537a078642f1ae9c017be891c15ee58024f1d0351e81df3b78f81bb6c397b1452eb2ff806a1a866711d34",,"2026-02-12T15:43:00.000","20","TRAFFIC SIGNAL","UNKNOWN","UNKNOWN","DAYLIGHT","ANGLE","NOT DIVIDED",,"STRAIGHT AND LEVEL","DRY","UNKNOWN","ON SCENE","NO INJURY / DRIVE AWAY",,,,"OVER $1,500","2026-02-12T15:47:00.000","UNABLE TO DETERMINE","UNABLE TO DETERMINE","7511","S","SOUTH SHORE DR","421",,,,,,,"2","NO INDICATION OF INJURY","0","0","0","0","0","2","0","15","5","2","41.7603243474","-87.5567362735","POINT (-87.556736273536 41.760324347394)"
"e5a12e2d362957747df8aeee4b5e19f04dc1a2ef9ddcf7e618ce3a234693b872d097caf1d69b1596c89a8d2c8ae0a370108163bed8bb7f1b71fb0481f76b94af",,"2026-02-12T15:43:00.000","30","TRAFFIC SIGNAL","FUNCTIONING PROPERLY","CLEAR","DAYLIGHT","SIDESWIPE SAME DIRECTION","CENTER TURN LANE",,"STRAIGHT AND LEVEL","DRY","NO DEFECTS","ON SCENE","NO INJURY / DRIVE AWAY",,,"N","OVER $1,500","2026-02-12T15:57:00.000","UNABLE TO DETERMINE","FAILING TO REDUCE SPEED TO AVOID CRASH","5630","S","COTTAGE GROVE AVE","233",,,,,,,"2","NO INDICATION OF INJURY","0","0","0","0","0","2","0","15","5","2","41.792210056","-87.6063185716","POINT (-87.606318571565 41.792210056022)"
"c10f16fbabfcdc98a253fce502a06590fe4de8f2a4dc081631cf6741fcd471bb3b59344b810df412d1dbded1438027d9109988f34e7c5c0d28a8910040081902",,"2026-02-12T15:42:00.000","20","NO CONTROLS","NO CONTROLS","CLEAR","DAYLIGHT","PARKED MOTOR VEHICLE","NOT DIVIDED",,"STRAIGHT AND LEVEL","DRY","NO DEFECTS","ON SCENE","NO INJURY / DRIVE AWAY",,,"Y","OVER $1,500","2026-02-12T15:43:00.000","IMPROPER BACKING","NOT APPLICABLE","4817","N","MOBILE AVE","1622",,,,,,,"2","NO INDICATION OF INJURY","0","0","0","0","0","1","0","15","5","2","41.9689634031","-87.785435494","POINT (-87.785435493981 41.968963403126)"
"86c087689dab6b30e0d8ce3b69fff6df5cc1f899c1ac0cdd5399b75279d322772b0a59b7410fc5b3a90112289003d40f876e064a32630c5f3f52d5615ec9fd18",,"2026-02-12T15:40:00.000","30","STOP SIGN/FLASHER","NO CONTROLS","CLEAR","DAYLIGHT","TURNING","FOUR WAY",,"STRAIGHT AND LEVEL","DRY","UNKNOWN","NOT ON SCENE (DESK REPORT)","NO INJURY / DRIVE AWAY",,,,"OVER $1,500","2026-02-12T17:30:00.000","UNABLE TO DETERMINE","NOT APPLICABLE","2099","W","DEVON AVE","2413",,,,,,,"2","NO INDICATION OF INJURY","0","0","0","0","0","2","0","15","5","2","41.9977453505","-87.6825088934","POINT (-87.682508893419 41.99774535053)"
"aebc993150997e8a2e49426f702017a5fd9eac28f2f7ddbf52c53010730bd8e5b014b299dc686c3cf9ce3f70e20a8787712017003204521f2092f8fe894ddcb6",,"2026-02-12T15:40:00.000","30","NO CONTROLS","NO CONTROLS","CLEAR","DAYLIGHT","REAR END","NOT DIVIDED",,"STRAIGHT AND LEVEL","DRY","NO DEFECTS","NOT ON SCENE (DESK REPORT)","NO INJURY / DRIVE AWAY",,,,"OVER $1,500","2026-02-12T16:30:00.000","FOLLOWING TOO CLOSELY","NOT APPLICABLE","5777","N","RIDGE AVE","2013",,,,,,,"2","NO INDICATION OF INJURY","0","0","0","0","0","3","0","15","5","2","41.9870611835","-87.6654483264","POINT (-87.665448326427 41.987061183467)"
"bf48e53f0647c7d589ca0be73e8370c109ab65e7eb852ae5649061ff84fab5475e643779ecd2d533adce3e2d1f6c9b8b67ea9e6cc7f2def8b691a6ecaab43f4f",,"2026-02-12T15:35:00.000","30","NO CONTROLS","NO CONTROLS","CLEAR","DAYLIGHT","PEDESTRIAN","NOT DIVIDED",,"STRAIGHT AND LEVEL","DRY","UNKNOWN","ON SCENE","INJURY AND / OR TOW DUE TO CRASH",,,,"$500 OR LESS","2026-02-12T15:42:00.000","FAILING TO REDUCE SPEED TO AVOID CRASH","FAILING TO YIELD RIGHT-OF-WAY","358","S","KEDZIE AVE","1134",,,,,,,"2","NONINCAPACITATING INJURY","1","0","0","1","0","1","0","15","5","2","41.8755279488","-87.7061171625","POINT (-87.706117162517 41.875527948818)"
"fa5559c8c927c5feae4a04cda89356b0211fe98fdada00f81444c05ffacc91f48387ee43bcb2216fcbc365ca87b51c6b75716ab498a8a7af21d04f9abde04807",,"2026-02-12T15:35:00.000","30","STOP SIGN/FLASHER","FUNCTIONING PROPERLY","CLEAR","DAYLIGHT","ANGLE","T-INTERSECTION",,"STRAIGHT AND LEVEL","DRY","NO DEFECTS","ON SCENE","NO INJURY / DRIVE AWAY",,,"Y","$500 OR LESS","2026-02-12T15:52:00.000","UNABLE TO DETERMINE","UNABLE TO DETERMINE","700","E","111TH ST","513",,,,,,,"2","NO INDICATION OF INJURY","0","0","0","0","0","5","0","15","5","2","41.6929310818","-87.6055542892","POINT (-87.60555428922 41.692931081776)"
"db06b5c37a0f6b903506105b1180464381fa61d4afe475a51cef778ecd90c6d0acf987f7fb459565ca297e67d045f0217283340a8b5da6197f9c1830e4167f48",,"2026-02-12T15:34:00.000","30","TRAFFIC SIGNAL","UNKNOWN","CLEAR","DAYLIGHT","REAR END","DIVIDED - W/MEDIAN (NOT RAISED)",,"STRAIGHT AND LEVEL","UNKNOWN","UNKNOWN","NOT ON SCENE (DESK REPORT)","NO INJURY / DRIVE AWAY",,,,"$501 - $1,500","2026-02-12T21:20:00.000","FAILING TO REDUCE SPEED TO AVOID CRASH","NOT APPLICABLE","1056","N","CENTRAL AVE","1511",,,,,,,"2","NO INDICATION OF INJURY","0","0","0","0","0","2","0","15","5","2","41.9002128643","-87.7657320403","POINT (-87.765732040258 41.900212864343)"
"748c351ec6cd067c53462a96c579b9111f52c543fd93377753c7d8a7a8fd14ea93281940f3b0305b91368ac478354888a4a73d76bab1c0de08a69f8b0a6febab",,"2026-02-12T15:30:00.000","30","NO CONTROLS","NO CONTROLS","CLEAR","DAYLIGHT","SIDESWIPE SAME DIRECTION","ONE-WAY",,"STRAIGHT AND LEVEL","DRY","NO DEFECTS","ON SCENE","INJURY AND / OR TOW DUE TO CRASH",,,"Y","OVER $1,500","2026-02-12T15:56:00.000","FAILING TO YIELD RIGHT-OF-WAY","UNABLE TO DETERMINE","908","S","WOLCOTT AVE","1231",,,,,,,"2","NO INDICATION OF INJURY","0","0","0","0","0","2","0","15","5","2","41.8699668207","-87.6738697451","POINT (-87.67386974512 41.86996682072)"
"902cc9c3ee676b2827cf050d3be68fe1bed1e0ce2284e34b1f10b86c45c853171297a8a31e96f643e5137c10c2eb9a2e831c25759c8121b7b279b23dbceb436a",,"2026-02-12T15:30:00.000","30","TRAFFIC SIGNAL","FUNCTIONING PROPERLY","CLEAR","DAYLIGHT","TURNING","FOUR WAY",,"STRAIGHT AND LEVEL","DRY","NO DEFECTS","ON SCENE","INJURY AND / OR TOW DUE TO CRASH","Y",,,"OVER $1,500","2026-02-12T15:35:00.000","FAILING TO YIELD RIGHT-OF-WAY","NOT APPLICABLE","4402","W","ROOSEVELT RD","1131",,,,,,,"2","NO INDICATION OF INJURY","0","0","0","0","0","2","0","15","5","2","41.8661397658","-87.7351652568","POINT (-87.735165256794 41.866139765818)"
"a31bd7cfdbf6c6413834dc2c2e2e13404d7f17cd5845155a32dd8b21c4bab6340f238395806771da9ef2682230727d56796a92c955d6ed3f35f8e43618271047",,"2026-02-12T15:30:00.000","30","NO CONTROLS","NO CONTROLS","CLEAR","DAYLIGHT","PARKED MOTOR VEHICLE","OTHER",,"STRAIGHT AND LEVEL","DRY","NO DEFECTS","NOT ON SCENE (DESK REPORT)","NO INJURY / DRIVE AWAY",,,,"$501 - $1,500","2026-02-12T17:00:00.000","FOLLOWING TOO CLOSELY","UNABLE TO DETERMINE","1801","W","TAYLOR ST","1231",,,,,,,"2","NO INDICATION OF INJURY","0","0","0","0","0","4","0","15","5","2","41.8690832526","-87.6715316916","POINT (-87.671531691578 41.869083252589)"
"bdf1d19575ddb65f24ee2ce9722e21f4832e810be558c6d53c3a2b28dd3ff261bf3e61c6cf4f23c3cca3eb7f44fb8f256e8b541936fc0d0147228dafbf13ea7e",,"2026-02-12T15:30:00.000","30","UNKNOWN","UNKNOWN","CLEAR","DAYLIGHT","PARKED MOTOR VEHICLE","UNKNOWN",,"STRAIGHT AND LEVEL","UNKNOWN","UNKNOWN","NOT ON SCENE (DESK REPORT)","NO INJURY / DRIVE AWAY",,,"Y","OVER $1,500","2026-02-12T16:00:00.000","UNABLE TO DETERMINE","UNABLE TO DETERMINE","4631","S","DREXEL BLVD","222",,,,,,,"2","NO INDICATION OF INJURY","0","0","0","0","0","1","0","15","5","2","41.8104480995","-87.6037690966","POINT (-87.603769096567 41.810448099491)"
"ef24f39846bc1b6dd29745eccbbd38f5a87856e644a674c29ae10c941a1dfee1205e9a511956f906d0213fe244df341078932f382c7074b19a9687b0aedde920",,"2026-02-12T15:30:00.000","25","NO CONTROLS","NO CONTROLS","CLEAR","DAYLIGHT","PARKED MOTOR VEHICLE","NOT DIVIDED",,"STRAIGHT AND LEVEL","UNKNOWN","UNKNOWN","NOT ON SCENE (DESK REPORT)","NO INJURY / DRIVE AWAY",,,"Y","OVER $1,500","2026-02-13T14:20:00.000","IMPROPER BACKING","NOT APPLICABLE","1751","N","NARRAGANSETT AVE","2513",,,,,,,"2","NO INDICATION OF INJURY","0","0","0","0","0","2","0","15","5","2","41.9124652","-87.7849621051","POINT (-87.784962105073 41.912465199968)"
"59b4a3c9c616fc227bba02c78d37212f4b7ed8b055abedebc499d61e138efdccced49158da619d7c2e8fefa976f881e76a8c176528c6893b7c40e147e1675f69",,"2026-02-12T15:22:00.000","30","TRAFFIC SIGNAL","FUNCTIONING PROPERLY","CLEAR","DAYLIGHT","SIDESWIPE SAME DIRECTION","DIVIDED - W/MEDIAN (NOT RAISED)",,"STRAIGHT AND LEVEL","DRY","NO DEFECTS","ON SCENE","NO INJURY / DRIVE AWAY",,,"Y","$500 OR LESS","2026-02-12T16:53:00.000","FOLLOWING TOO CLOSELY","FAILING TO REDUCE SPEED TO AVOID CRASH","9","S","LA SALLE ST","122",,,,,,,"2","NO INDICATION OF INJURY","0","0","0","0","0","2","0","15","5","2","41.8817019858","-87.6322111224","POINT (-87.632211122363 41.881701985843)"