"crash_record_id","crash_date_est_i","crash_date","posted_speed_limit","traffic_control_device","device_condition","weather_condition","lighting_condition","first_crash_type","trafficway_type","lane_cnt","alignment","roadway_surface_cond","road_defect","report_type","crash_type","intersection_related_i","private_property_i","hit_and_run_i","damage","date_police_notified","prim_contributory_cause","sec_contributory_cause","street_no","street_direction","street_name","beat_of_occurrence","photos_taken_i","statements_taken_i","dooring_i","work_zone_i","work_zone_type","workers_present_i","num_units","most_severe_injury","injuries_total","injuries_fatal","injuries_incapacitating","injuries_non_incapacitating","injuries_reported_not_evident","injuries_no_indication","injuries_unknown","crash_hour","crash_day_of_week","crash_month","latitude","longitude","location"
"5718d13a10d6b95ff2e10471705572d67a6bc4dc594f6b2b8aa3a69fc16dd507d062ce32fd19bfc935cd4a2b87d10608c9132b5d86ef28e78aa15da143e54766",,"2026-02-12T15:21:00.000","30","NO CONTROLS","NO CONTROLS","CLEAR","DAYLIGHT","PARKED MOTOR VEHICLE","DIVIDED - W/MEDIAN (NOT RAISED)",,"STRAIGHT AND LEVEL","DRY","NO DEFECTS","ON SCENE","NO INJURY / DRIVE AWAY",,,,"$500 OR LESS","2026-02-12T15:42:00.000","UNABLE TO DETERMINE","UNABLE TO DETERMINE","1380","E","HYDE PARK BLVD","222",,,,,,,"2","NO INDICATION OF INJURY","0","0","0","0","0","1","0","15","5","2","41.802529887","-87.5919363393","POINT (-87.591936339324 41.802529886981)"
"3e986697a60aee3fd771aa48f69c570359f3866b64988ffd93d24d0c5ccebc1f9759da71c9eb2b70d74a389078c47d0bde5dbdbe79e5695d79d962c86578acde",,"2026-02-12T15:20:00.000","30","TRAFFIC SIGNAL","UNKNOWN","CLEAR","DAYLIGHT","TURNING","UNKNOWN",,"STRAIGHT AND LEVEL","DRY","NO DEFECTS",,"NO INJURY / DRIVE AWAY","Y",,,"OVER $1,500","2026-02-12T16:00:00.000","NOT APPLICABLE","NOT APPLICABLE","3201","W","OGDEN AVE","1022","Y",,,,,,"2","NO INDICATION OF INJURY","0","0","0","0","0","2","0","15","5","2","41.8577234636","-87.7054219729","POINT (-87.705421972862 41.857723463569)"
"5bdda05e8b56209469d78cd1a7efa91797155ab47625bf7c207086082478505929f31b2c8dfe25cfd50900a513bb29915bb844ba9def18cbdbdc100524fa48cf",,"2026-02-12T15:20:00.000","30","NO CONTROLS","NO CONTROLS","CLEAR","DAYLIGHT","PARKED MOTOR VEHICLE","PARKING LOT",,"STRAIGHT AND LEVEL","DRY","NO DEFECTS","NOT ON SCENE (DESK REPORT)","NO INJURY / DRIVE AWAY",,,"Y","$500 OR LESS","2026-02-12T20:00:00.000","IMPROPER TURNING/NO SIGNAL","IMPROPER TURNING/NO SIGNAL","11730","S","MARSHFIELD AVE","2234",,,,,,,"2","NO INDICATION OF INJURY","0","0","0","0","0","1","0","15","5","2","41.6803322053","-87.6625846787","POINT (-87.662584678739 41.680332205335)"
"2cf0648aaced515fe7ed1c45e7ad4f25ea241387c9ebec068721611aa4a8e3f50853c514f1e8a7b3c2bb3d1dc047dcfbaf81e5ba822f0dc7708b2432db093089",,"2026-02-12T15:15:00.000","30","NO CONTROLS","NO CONTROLS","CLEAR","DAYLIGHT","REAR END","NOT DIVIDED",,"STRAIGHT AND LEVEL","DRY","NO DEFECTS","NOT ON SCENE (DESK REPORT)","NO INJURY / DRIVE AWAY",,,,"OVER $1,500","2026-02-12T16:00:00.000","FOLLOWING TOO CLOSELY","UNABLE TO DETERMINE","3910","W","DIVISION ST","2535",,,,,,,"2","NO INDICATION OF INJURY","0","0","0","0","0","2","0","15","5","2","41.9027974025","-87.7243834676","POINT (-87.724383467565 41.902797402501)"
"e7ab7eb9b6831f7e2989985086892b22112aff6e6d27e9a6d41f9c2e77bd4e0ba1848cc1197b3e57e7fc6f32aa288a1fa0eba412f3d6ba4012d60364155d1dc9",,"2026-02-12T15:05:00.000","30","TRAFFIC SIGNAL","FUNCTIONING PROPERLY","CLEAR","DAYLIGHT","REAR END","FOUR WAY",,"STRAIGHT AND LEVEL","UNKNOWN","UNKNOWN","NOT ON SCENE (DESK REPORT)","NO INJURY / DRIVE AWAY","Y",,,"OVER $1,500","2026-02-12T21:00:00.000","FOLLOWING TOO CLOSELY","NOT APPLICABLE","5500","S","DR MARTIN LUTHER KING JR DR","231",,,,,,,"2","NO INDICATION OF INJURY","0","0","0","0","0","2","0","15","5","2","41.7944566751","-87.6161188295","POINT (-87.616118829535 41.794456675068)"
"816c48e504e38e9c4f6898f1e9a6589b5425c0abf3c16f4016203a2928d05ad89268a3139d6988f2805d6f1c5e881f0adbeb3059d0dcf5c80b562289f46b9c1e","Y","2026-02-12T15:04:00.000","15","TRAFFIC SIGNAL","NO CONTROLS","UNKNOWN","DAYLIGHT","REAR TO FRONT","DIVIDED - W/MEDIAN BARRIER",,"STRAIGHT AND LEVEL","UNKNOWN","UNKNOWN","NOT ON SCENE (DESK REPORT)","NO INJURY / DRIVE AWAY",,,,"$501 - $1,500","2026-02-17T09:42:00.000","IMPROPER OVERTAKING/PASSING","UNABLE TO DETERMINE","248","E","55TH PL","231",,,,,,,"2","NO INDICATION OF INJURY","0","0","0","0","0","3","0","15","5","2","41.7939696134","-87.6192860563","POINT (-87.619286056269 41.793969613418)"
"0ed71300d1b5fad685acb34b9b1a17b11d4dfa1c07dfc461d069b1fc64dd07c7b58dacb144df2050a8479b6758fc1077f9a5e523b7be8fc484b69c314420b18e",,"2026-02-12T15:00:00.000","30","NO CONTROLS","NO CONTROLS","CLEAR","DAYLIGHT","REAR END","NOT DIVIDED",,"STRAIGHT AND LEVEL","DRY","NO DEFECTS","NOT ON SCENE (DESK REPORT)","NO INJURY / DRIVE AWAY",,,,"OVER $1,500","2026-02-13T10:20:00.000","FAILING TO YIELD RIGHT-OF-WAY","NOT APPLICABLE","2058","W","103RD ST","2213",,,,,,,"2","NO INDICATION OF INJURY","0","0","0","0","0","4","0","15","5","2","41.7066111721","-87.6741078492","POINT (-87.674107849242 41.706611172051)"
"1ae42d1ed89424ffaf8a97d19263ce631ca4fb8a53765a339ab115fc96e8e2f6bd68cc8bc8179759150596fbaf9be3ec2c75dde5234aec5e93477398370f1fa7",,"2026-02-12T15:00:00.000","20","STOP SIGN/FLASHER","FUNCTIONING PROPERLY","CLEAR","DAYLIGHT","PARKED MOTOR VEHICLE","ONE-WAY",,"STRAIGHT AND LEVEL","DRY","UNKNOWN","NOT ON SCENE (DESK REPORT)","NO INJURY / DRIVE AWAY",,,,"OVER $1,500","2026-02-12T20:25:00.000","UNABLE TO DETERMINE","NOT APPLICABLE","4802","W","SCHUBERT AVE","2521",,,,,,,"2","NO INDICATION OF INJURY","0","0","0","0","0","1","0","15","5","2","41.9298307115","-87.7467227898","POINT (-87.746722789775 41.929830711506)"
"dfb5e6f767fc774767e1be55c63415b9d26aec92d8b886ba10689fc3962d482a9ef53ae7a0953675b7452033e643478efc32bfb6d519db926a7f120e745287e4",,"2026-02-12T15:00:00.000","25","NO CONTROLS","NO CONTROLS","CLOUDY/OVERCAST","DAYLIGHT","PARKED MOTOR VEHICLE","NOT DIVIDED",,"STRAIGHT AND LEVEL","DRY","NO DEFECTS","NOT ON SCENE (DESK REPORT)","NO INJURY / DRIVE AWAY",,,,"$501 - $1,500","2026-02-12T15:15:00.000","UNABLE TO DETERMINE","UNABLE TO DETERMINE","2825","S","CANAL ST","914",,,,,,,"2","NO INDICATION OF INJURY","0","0","0","0","0","2","0","15","5","2","41.8427525244","-87.6381212134","POINT (-87.638121213389 41.842752524405)"
"45bc1915cc8c2d0901af531220ef5dcef8b17f51ccb59c7b3b3abd05bcf1077aa03de6f733a37230ad8d923168d75cc081bc456fd7d26e09aed921977cb8e3ed",,"2026-02-12T14:46:00.000","30","TRAFFIC SIGNAL","FUNCTIONING PROPERLY","CLEAR","DAYLIGHT","REAR END","NOT DIVIDED",,"STRAIGHT AND LEVEL","DRY","NO DEFECTS","ON SCENE","INJURY AND / OR TOW DUE TO CRASH","Y",,,"OVER $1,500","2026-02-12T14:48:00.000","FOLLOWING TOO CLOSELY","UNABLE TO DETERMINE","6200","W","GRAND AVE","2512",,,,,,,"2","REPORTED, NOT EVIDENT","2","0","0","0","2","1","0","14","5","2","41.9215805668","-87.7805281246","POINT (-87.780528124638 41.921580566785)"
"5766161a1507d77b95a782918ade0daaf6f4afd457b99da47e7ed91b28a8e7d80bb7c1c92c015f0c402098ec0a21b936a12c95f830d364cc28ab05c7d9d7e976",,"2026-02-12T14:46:00.000","20","NO CONTROLS","NO CONTROLS","CLEAR","DAYLIGHT","REAR END","OTHER",,"STRAIGHT AND LEVEL","DRY","NO DEFECTS","ON SCENE","NO INJURY / DRIVE AWAY",,,,"OVER $1,500","2026-02-12T15:10:00.000","FAILING TO YIELD RIGHT-OF-WAY","NOT APPLICABLE","1439","S","ST LOUIS AVE","1021",,,,,,,"2","NO INDICATION OF INJURY","0","0","0","0","0","2","0","14","5","2","41.8612117119","-87.7126864695","POINT (-87.712686469484 41.861211711873)"
"17bfd3bbccd4397e4b67833329d50fb1c60cff94f20c777e0e4b7f8b3e1388dd3ce8ba105ca7090670242d4a8e1dc3f9b85535e30c912084e6a05958c84a47d5",,"2026-02-12T14:40:00.000","15","NO CONTROLS","NO CONTROLS","CLEAR","DAYLIGHT","PARKED MOTOR VEHICLE","PARKING LOT",,"STRAIGHT AND LEVEL","DRY","NO DEFECTS","NOT ON SCENE (DESK REPORT)","NO INJURY / DRIVE AWAY",,,,"OVER $1,500","2026-02-12T16:18:00.000","IMPROPER BACKING","NOT APPLICABLE","7300","S","KEDZIE AVE","835",,,,,,,"2","NO INDICATION OF INJURY","0","0","0","0","0","1","0","14","5","2","41.7606685831","-87.7028547972","POINT (-87.702854797154 41.760668583144)"
"e2216c646f5d0a5bc1d25e5b3da9e74256dd01b39fc376522178e33a7a909089f037a853299d854cecc91ea6138278b3483c306573467f1ca8f2d2f3cf13c1d9",,"2026-02-12T14:37:00.000","30","STOP SIGN/FLASHER","FUNCTIONING PROPERLY","CLEAR","DAYLIGHT","ANGLE","NOT DIVIDED",,"STRAIGHT AND LEVEL","DRY","NO DEFECTS","ON SCENE","NO INJURY / DRIVE AWAY",,,,"OVER $1,500","2026-02-12T14:40:00.000","FAILING TO YIELD RIGHT-OF-WAY","NOT APPLICABLE","10100","S","CRANDON AVE","431",,,,,,,"2","NO INDICATION OF INJURY","0","0","0","0","0","2","0","14","5","2","41.7115913281","-87.5671249164","POINT (-87.567124916424 41.71159132811)"
"7d4eeee7c34a8667c0036528a43588750aa2f93ca0e9fc36b47390e247f4c31bfaae325a0b7a3b49e39fa577171fcb1b54a5b9791d551cec27ccd3e2c738a442",,"2026-02-12T14:35:00.000","25","STOP SIGN/FLASHER","FUNCTIONING PROPERLY","CLEAR","DAYLIGHT","ANGLE","NOT DIVIDED",,"STRAIGHT AND LEVEL","DRY","NO DEFECTS","NOT ON SCENE (DESK REPORT)","NO INJURY / DRIVE AWAY","Y",,,"OVER $1,500","2026-02-12T15:15:00.000","UNABLE TO DETERMINE","UNABLE TO DETERMINE","2600","S","TROY ST","1033",,,,,,,"2","NO INDICATION OF INJURY","0","0","0","0","0","2","0","14","5","2","41.8444389035","-87.7039559912","POINT (-87.7039559912 41.844438903475)"
"40b9707376f28f9a8f236d96fb3e641e6be4b8f089f2fbfb5976862f9aa9462a8a2cab2058bbeed21983c428e0d425d78cc1d1c2d7c4709f958e261ac4097ab1",,"2026-02-12T14:34:00.000","25","NO CONTROLS","NO CONTROLS","CLEAR","DAYLIGHT","TURNING","NOT DIVIDED",,"STRAIGHT AND LEVEL","DRY","NO DEFECTS",,"NO INJURY / DRIVE AWAY",,,,"OVER $1,500","2026-02-12T16:15:00.000","UNABLE TO DETERMINE","UNABLE TO DETERMINE","1439","W","21ST ST","1235",,,,,,,"2","NO INDICATION OF INJURY","0","0","0","0","0","2","0","14","5","2","41.8541140301","-87.6627802232","POINT (-87.662780223161 41.85411403005)"
"7fdb4ab3ff0e517e65f504a694a0672453915eb080d43ad36716b827914b703060fc5fe92c91935347127e56caea69ad9f093f868fa375480ad37651bacf6a2c",,"2026-02-12T14:32:00.000","30","NO CONTROLS","NO CONTROLS","CLEAR","DAYLIGHT","SIDESWIPE SAME DIRECTION","NOT DIVIDED",,"STRAIGHT AND LEVEL","DRY","NO DEFECTS","ON SCENE","NO INJURY / DRIVE AWAY",,,,"OVER $1,500","2026-02-12T15:45:00.000","FAILING TO YIELD RIGHT-OF-WAY","NOT APPLICABLE","4547","W","55TH ST","813",,,,,,,"2","NO INDICATION OF INJURY","0","0","0","0","0","2","0","14","5","2","41.7929685816","-87.7372786696","POINT (-87.737278669611 41.792968581555)"
"9e60d835b6cfe23810d7d243ec119315169aaed4294c30e1aa5f5cc389f7856cdd8112d69d4a763e526c6feee9aa15bcb7eff58586f79af1109c4c09d0d60bc1",,"2026-02-12T14:30:00.000","30","NO CONTROLS","NO CONTROLS","CLEAR","DAYLIGHT","TURNING","NOT DIVIDED",,"STRAIGHT AND LEVEL","DRY","NO DEFECTS","NOT ON SCENE (DESK REPORT)","NO INJURY / DRIVE AWAY",,,,"OVER $1,500","2026-02-19T11:11:00.000","FAILING TO YIELD RIGHT-OF-WAY","NOT APPLICABLE","1641","W","ARMITAGE AVE","1433",,,,,,,"2","NO INDICATION OF INJURY","0","0","0","0","0","3","0","14","5","2","41.9178090324","-87.6690340624","POINT (-87.669034062438 41.91780903244)"
"129ed546960972038848ae211e583b5c04864327e88cb02de29a6d4f6ddb7a8aaa6a410f93bfa3256e28e4b69f4deefc8fdea4ed0491b7d19ba807cb9b3e29f0",,"2026-02-12T14:25:00.000","30","TRAFFIC SIGNAL","FUNCTIONING PROPERLY","CLEAR","DAYLIGHT","REAR END","NOT DIVIDED",,"STRAIGHT AND LEVEL","DRY","NO DEFECTS","ON SCENE","INJURY AND / OR TOW DUE TO CRASH",,,,"OVER $1,500","2026-02-12T14:43:00.000","NOT APPLICABLE","NOT APPLICABLE","5216","N","CALIFORNIA AVE","2011",,,,,,,"2","NONINCAPACITATING INJURY","1","0","0","1","0","1","0","14","5","2","41.976410016","-87.6990905769","POINT (-87.699090576858 41.976410015974)"
"1b953d0d75ffcbc96dcf8950bb4f73666c2154ebccec83f536e4cfa117eb1012ecd5295129a6713f83873d13ef6c2b1f20443bf9236145360bfe2536eb3eff1a",,"2026-02-12T14:20:00.000","30","TRAFFIC SIGNAL","FUNCTIONING PROPERLY","CLEAR","DAYLIGHT","PEDESTRIAN","NOT DIVIDED",,"STRAIGHT AND LEVEL","DRY","NO DEFECTS","ON SCENE","INJURY AND / OR TOW DUE TO CRASH",,,,"OVER $1,500","2026-02-12T14:27:00.000","RELATED TO BUS STOP","RELATED TO BUS STOP","6900","S","ASHLAND AVE","735",,,,,,,"2","NONINCAPACITATING INJURY","1","0","0","1","0","3","0","14","5","2","41.7684549099","-87.664038433","POINT (-87.664038433009 41.768454909931)"
"078e258931026e68305b5ede112a9734fb7209dfcf523b081d476454231ebf45d65b8009895597ba8daadd5f4960161f04c09e3a0516b99a3e4f25b11886f6ab",,"2026-02-12T14:15:00.000","30","NO CONTROLS","NO CONTROLS","CLEAR","DAYLIGHT","SIDESWIPE SAME DIRECTION","NOT DIVIDED",,"STRAIGHT AND LEVEL","DRY","NO DEFECTS","ON SCENE","INJURY AND / OR TOW DUE TO CRASH",,,"Y","$501 - $1,500","2026-02-12T14:15:00.000","IMPROPER OVERTAKING/PASSING","FAILING TO YIELD RIGHT-OF-WAY","5733","N","SHERIDAN RD","2022",,,,,,,"2","NONINCAPACITATING INJURY","1","0","0","1","0","2","0","14","5","2","41.9865369189","-87.6551381759","POINT (-87.655138175859 41.986536918913)"
"adb6ff354089af0970986ea13d8043f1c4696eb5be0fa62afb15ca30c990a7464a5922ac33e77ea83deec89e14dc9332fa013847a7bda3ade2f11e45bdc15ab9",,"2026-02-12T14:15:00.000","30","TRAFFIC SIGNAL","FUNCTIONING PROPERLY","CLEAR","DAYLIGHT","REAR END","FOUR WAY",,"STRAIGHT AND LEVEL","UNKNOWN","UNKNOWN","NOT ON SCENE (DESK REPORT)","NO INJURY / DRIVE AWAY","Y",,,"OVER $1,500","2026-02-18T10:40:00.000","UNABLE TO DETERMINE","UNABLE TO DETERMINE","6464","N","CLARK ST","2432",,,,,,,"2","NO INDICATION OF INJURY","0","0","0","0","0","3","0","14","5","2","41.9997634842","-87.6713242922","POINT (-87.67132429221 41.999763484238)"
"31c9ef61a8a2e940e2f38e7c7e186142b714db53fcff2ed00161f7262a93d058c770031a68441eaf300bea682c78a1b8936cf8b35a2147a3c2b48c2f7957d3e5",,"2026-02-12T14:12:00.000","30","NO CONTROLS","NO CONTROLS","CLEAR","DAYLIGHT","TURNING","NOT DIVIDED",,"STRAIGHT AND LEVEL","DRY","UNKNOWN","ON SCENE","INJURY AND / OR TOW DUE TO CRASH",,,,"OVER $1,500","2026-02-12T15:42:00.000","IMPROPER TURNING/NO SIGNAL","UNABLE TO DETERMINE","2230","E","67TH ST","331",,,,,,,"2","NONINCAPACITATING INJURY","1","0","0","1","0","1","0","14","5","2","41.7736274701","-87.570377391","POINT (-87.570377390975 41.773627470085)"
"618323610ed7c59b83875511d58c8ea713a119501259db8ad71f02237134b1b327238718410ad25fe4989047d78769b4a85abf61569be5d022584f6d2d28fb86",,"2026-02-12T14:12:00.000","30","NO CONTROLS","NO CONTROLS","CLEAR","DAYLIGHT","SIDESWIPE SAME DIRECTION","NOT DIVIDED",,"STRAIGHT AND LEVEL","DRY","NO DEFECTS","NOT ON SCENE (DESK REPORT)","NO INJURY / DRIVE AWAY",,,,"$501 - $1,500","2026-02-19T16:16:00.000","IMPROPER OVERTAKING/PASSING","NOT APPLICABLE","7700","S","KEDZIE AVE","835",,,,,,,"2","NO INDICATION OF INJURY","0","0","0","0","0","5","0","14","5","2","41.75335698","-87.7026425505","POINT (-87.70264255049 41.753356980012)"
"1f140296d3bd2146937bd751e31e67858b3c1979eef62e7ba35abe0612344cb84c5c644abee31c2aec75ff4b264a1aad74d522c5c4fa742dbd568d0d9ed7e841",,"2026-02-12T14:11:00.000","30","TRAFFIC SIGNAL","FUNCTIONING PROPERLY","CLEAR","DAYLIGHT","REAR END","NOT DIVIDED",,"STRAIGHT AND LEVEL","DRY","NO DEFECTS","ON SCENE","INJURY AND / OR TOW DUE TO CRASH",,,,"OVER $1,500","2026-02-12T15:10:00.000","UNABLE TO DETERMINE","UNABLE TO DETERMINE","4142","S","HALSTED ST","925",,"Y",,,,,"2","NO INDICATION OF INJURY","0","0","0","0","0","2","0","14","5","2","41.8190791721","-87.6459518525","POINT (-87.645951852523 41.819079172106)"
"6d53d501bb5fcf3ef0ade543f90fcc5283505eea89c0e9be5fb7477e5d3a24e189f67deb5ff3fbc57ab88f76c8122c6e47c0fed2bd8f18cccd84dea0fd88f904",,"2026-02-12T14:10:00.000","30","TRAFFIC SIGNAL","FUNCTIONING PROPERLY","CLEAR","DAYLIGHT","TURNING","NOT DIVIDED",,"STRAIGHT AND LEVEL","DRY","NO DEFECTS","NOT ON SCENE (DESK REPORT)","NO INJURY / DRIVE AWAY",,,,"OVER $1,500","2026-02-12T14:38:00.000","FAILING TO YIELD RIGHT-OF-WAY","NOT APPLICABLE","312","W","BELMONT AVE","1925",,,,,,,"2","NO INDICATION OF INJURY","0","0","0","0","0","3","0","14","5","2","41.9405096584","-87.6385017404","POINT (-87.63850174044 41.940509658369)"
"4047c2ef0c50d0b269b6391f3e0d4a93a0d23100731cf01bc9dcb9cf86a1106f5663147a7181211b87b31e65803223abe20af94069bafb5aa6189eb0218690b8",,"2026-02-12T14:06:00.000","30","TRAFFIC SIGNAL","FUNCTIONING PROPERLY","CLEAR","DAYLIGHT","REAR END","DIVIDED - W/MEDIAN (NOT RAISED)",,"STRAIGHT AND LEVEL","DRY","NO DEFECTS",,"NO INJURY / DRIVE AWAY",,,"Y","OVER $1,500","2026-02-12T15:56:00.000","FAILING TO REDUCE SPEED TO AVOID CRASH","NOT APPLICABLE","5201","S","CICERO AVE","815",,,,,,,"2","NO INDICATION OF INJURY","0","0","0","0","0","2","0","14","5","2","41.7985646488","-87.7427786016","POINT (-87.742778601646 41.798564648779)"
"ab35098db6bb840c74a1bfcd410a83b6f682cc3c601ea1034b2c0de9d362e41b94f504516f8e11dcdafc28a2b11cad7781d9951dafdd69f6562c19a4c5277c77",,"2026-02-12T14:06:00.000","30","NO CONTROLS","NO CONTROLS","CLEAR","DAYLIGHT","SIDESWIPE SAME DIRECTION","NOT DIVIDED",,"STRAIGHT AND LEVEL","DRY","UNKNOWN","NOT ON SCENE (DESK REPORT)","NO INJURY / DRIVE AWAY",,,,"OVER $1,500","2026-02-12T15:00:00.000","UNABLE TO DETERMINE","UNABLE TO DETERMINE","1365","W","37TH ST","912",,,,,,,"2","NO INDICATION OF INJURY","0","0","0","0","0","2","0","14","5","2","41.8268100071","-87.660110348","POINT (-87.660110348005 41.826810007054)"
"15d2ab3799370757d30eeafcc0932a0966e34c466dc115d72d470ff186463ec3632ae87b3eb9defe6a83ff58864f7892c431fdacc3dfc9bd23d377a725a55f56",,"2026-02-12T14:00:00.000","30","NO CONTROLS","NO CONTROLS","CLEAR","DAYLIGHT","FIXED OBJECT","DIVIDED - W/MEDIAN BARRIER",,"STRAIGHT AND LEVEL","DRY","NO DEFECTS","ON SCENE","INJURY AND / OR TOW DUE TO CRASH",,,,"OVER $1,500","2026-02-12T14:52:00.000","UNABLE TO DETERMINE","NOT APPLICABLE","341","N","SACRAMENTO BLVD","1222",,,,,,,"1","NO INDICATION OF INJURY","0","0","0","0","0","1","0","14","5","2","41.8876300401","-87.7012470634","POINT (-87.701247063367 41.887630040077)"
"8294ba3bd08908e38d8062b1d704679ada74ae4bdae6608279ce6284bac6c57fb6c714c7889cbc07aa664d9fe1dcb6f6b9b5987e788284d7f607789b5f294bfa",,"2026-02-12T14:00:00.000","30","NO CONTROLS","NO CONTROLS","CLEAR","DAYLIGHT","PEDESTRIAN","DRIVEWAY",,"STRAIGHT AND LEVEL","DRY","UNKNOWN","ON SCENE","INJURY AND / OR TOW DUE TO CRASH",,,"Y","$500 OR LESS","2026-02-12T15:52:00.000","OPERATING VEHICLE IN ERRATIC, RECKLESS, CARELESS, NEGLIGENT OR AGGRESSIVE MANNER","OPERATING VEHICLE IN ERRATIC, RECKLESS, CARELESS, NEGLIGENT OR AGGRESSIVE MANNER","225","E","CHICAGO AVE","1833","Y",,,,,,"2","REPORTED, NOT EVIDENT","1","0","0","0","1","2","0","14","5","2","41.8966598813","-87.6217552353","POINT (-87.621755235273 41.896659881319)"
"08caf4de82d7aed8d125eab613b5ff97526772268fcc1cf82e5094dd1d69391e043f95960249e5e565381279fa3ac22c446c983e906a7840c56a6a819a13beed",,"2026-02-12T13:53:00.000","30","TRAFFIC SIGNAL","FUNCTIONING PROPERLY","CLEAR","DAYLIGHT","SIDESWIPE SAME DIRECTION","NOT DIVIDED",,"STRAIGHT AND LEVEL","DRY","NO DEFECTS","NOT ON SCENE (DESK REPORT)","NO INJURY / DRIVE AWAY",,,"Y","OVER $1,500","2026-02-12T14:10:00.000","UNABLE TO DETERMINE","UNABLE TO DETERMINE","2403","W","35TH ST","911",,,,,,,"2","NO INDICATION OF INJURY","0","0","0","0","0","2","0","13","5","2","41.8301694835","-87.6851983935","POINT (-87.685198393535 41.830169483487)"
"c2ed2acc3715e4e18e1aa5b45ed55fe5507d2f080e8a0f7e20a56639fe17c8cde7c708ade3f0965d4b2086eea72d32e4ff9aa6f158461b74ced9233760dc7f21",,"2026-02-12T13:45:00.000","30","NO CONTROLS","NO CONTROLS","UNKNOWN","DAYLIGHT","PEDESTRIAN","NOT DIVIDED",,"STRAIGHT AND LEVEL","DRY","NO DEFECTS","NOT ON SCENE (DESK REPORT)","INJURY AND / OR TOW DUE TO CRASH",,,"Y","OVER $1,500","2026-02-19T20:19:00.000","IMPROPER BACKING","DRIVING SKILLS/KNOWLEDGE/EXPERIENCE","2016","N","LARAMIE AVE","2515",,,,,,,"2","REPORTED, NOT EVIDENT","1","0","0","0","1","1","0","13","5","2","41.917443833","-87.7561017527","POINT (-87.756101752737 41.917443833037)"
"25786556aa5b8e4028adb923785f771e93d0dbb5ff674b2d67af2dd4804bbbf725b31f7f77b0b9da4077c581ca19f06fe3d797fb9504be7938b0356cd49cdb1c","N","2026-02-12T13:40:00.000","30","STOP SIGN/FLASHER","FUNCTIONING PROPERLY","CLOUDY/OVERCAST","DAYLIGHT","ANGLE","FOUR WAY",,"STRAIGHT AND LEVEL","UNKNOWN","UNKNOWN","ON SCENE","INJURY AND / OR TOW DUE TO CRASH","Y",,,"OVER $1,500","2026-02-12T13:41:00.000","UNABLE TO DETERMINE","NOT APPLICABLE","3003","N","RACINE AVE","1933",,,,,,,"2","NO INDICATION OF INJURY","0","0","0","0","0","2","0","13","5","2","41.9363034012","-87.6586957637","POINT (-87.658695763694 41.936303401175)"
"0d324b45a6f550af2518f04161281b6dc37d3bf98071ff4b91c24983727ac296ca95c785bcc66bb9a4643e1ca00fc4749c666913b909c8a81362acae53e3ef4a",,"2026-02-12T13:37:00.000","30","TRAFFIC SIGNAL","UNKNOWN","CLEAR","DAYLIGHT","REAR END","NOT DIVIDED",,"STRAIGHT AND LEVEL","DRY","UNKNOWN","ON SCENE","NO INJURY / DRIVE AWAY",,,,"$501 - $1,500","2026-02-12T13:37:00.000","NOT APPLICABLE","NOT APPLICABLE","798","W","71ST ST","732",,,,,,,"2","NO INDICATION OF INJURY","0","0","0","0","0","2","0","13","5","2","41.7653136517","-87.6443543102","POINT (-87.644354310185 41.765313651678)"
"56e73bb494eed199363a592e90d6f8be51d797d30b3ea356a179b6d9c29282fe92b91d0746f9a9d3604dbc9e16cf1de4fa6faec6a6f73067392bdae0305da5a1",,"2026-02-12T13:30:00.000","30","NO CONTROLS","NO CONTROLS","CLEAR","DAYLIGHT","PARKED MOTOR VEHICLE","NOT DIVIDED",,"STRAIGHT AND LEVEL","DRY","NO DEFECTS","NOT ON SCENE (DESK REPORT)","NO INJURY / DRIVE AWAY",,,"N","$500 OR LESS","2026-02-12T15:15:00.000","UNABLE TO DETERMINE","NOT APPLICABLE","1823","N","MILWAUKEE AVE","1434",,,,,,,"2","NO INDICATION OF INJURY","0","0","0","0","0","1","0","13","5","2","41.9145397265","-87.683666002","POINT (-87.683666002014 41.914539726542)"
"92984bc1075d91e87bf0034b7e75a50afb44f8ea484d25ed6ae3729219296f041a3009b3b56858ad1ab93c7813ede8896889330b61c453132ce6694266b053ea",,"2026-02-12T13:30:00.000","30","NO CONTROLS","NO CONTROLS","CLEAR","DAYLIGHT","FIXED OBJECT","PARKING LOT",,"STRAIGHT AND LEVEL","DRY","NO DEFECTS","NOT ON SCENE (DESK REPORT)","NO INJURY / DRIVE AWAY",,"Y",,"$501 - $1,500","2026-02-12T13:30:00.000","UNABLE TO DETERMINE","UNABLE TO DETERMINE","5101","S","WENTWORTH AVE","225",,,,,,,"1","NO INDICATION OF INJURY","0","0","0","0","0","1","0","13","5","2","41.8018110912","-87.6305601801","POINT (-87.630560180083 41.801811091232)"
"1941a153f9d18469236a59fa0e908e589149730add9a498c121c97604fbe918fe9aba5065444c8c58e88965a075dfbe8cba536c59eae7406bef6084c532230b4",,"2026-02-12T13:02:00.000","30","TRAFFIC SIGNAL","FUNCTIONING PROPERLY","CLEAR","DAYLIGHT","ANGLE","FOUR WAY",,"STRAIGHT AND LEVEL","DRY","NO DEFECTS","ON SCENE","INJURY AND / OR TOW DUE TO CRASH","Y",,,"$501 - $1,500","2026-02-12T13:35:00.000","DISREGARDING TRAFFIC SIGNALS","FAILING TO YIELD RIGHT-OF-WAY","399","S","CANAL ST","121",,,,"Y","CONSTRUCTION",,"2","NO INDICATION OF INJURY","0","0","0","0","0","2","0","13","5","2","41.8768054606","-87.6394595691","POINT (-87.639459569097 41.876805460612)"