"crash_record_id","crash_date_est_i","crash_date","posted_speed_limit","traffic_control_device","device_condition","weather_condition","lighting_condition","first_crash_type","trafficway_type","lane_cnt","alignment","roadway_surface_cond","road_defect","report_type","crash_type","intersection_related_i","private_property_i","hit_and_run_i","damage","date_police_notified","prim_contributory_cause","sec_contributory_cause","street_no","street_direction","street_name","beat_of_occurrence","photos_taken_i","statements_taken_i","dooring_i","work_zone_i","work_zone_type","workers_present_i","num_units","most_severe_injury","injuries_total","injuries_fatal","injuries_incapacitating","injuries_non_incapacitating","injuries_reported_not_evident","injuries_no_indication","injuries_unknown","crash_hour","crash_day_of_week","crash_month","latitude","longitude","location"
"30cf972cccbd68039d56d949ecad4c483bfe062b926203043fa855994c52748d34c9c088cd43897a4d55afd634505ca18399cd61745063895f330507a4ad717b",,"2026-02-12T13:00:00.000","15","NO CONTROLS","NO CONTROLS","CLEAR","DAYLIGHT","REAR TO FRONT","PARKING LOT",,"STRAIGHT AND LEVEL","DRY","NO DEFECTS","ON SCENE","NO INJURY / DRIVE AWAY",,"Y",,"OVER $1,500","2026-02-12T15:25:00.000","IMPROPER BACKING","DRIVING SKILLS/KNOWLEDGE/EXPERIENCE","214","W","27TH ST","914",,,,,,,"2","NO INDICATION OF INJURY","0","0","0","0","0","2","0","13","5","2","41.8441820988","-87.6323981981","POINT (-87.632398198134 41.844182098841)"
"6264e554f24d007be3e50a22470c9b2394cad954934c17aedcb8f0dfa2f27a15b549ded80442fa73d8403921726ecb398213af17cb71d76749687f2ba35afd2d",,"2026-02-12T13:00:00.000","30","TRAFFIC SIGNAL","FUNCTIONING PROPERLY","RAIN","DAYLIGHT","REAR END","FOUR WAY",,"STRAIGHT AND LEVEL","DRY","NO DEFECTS","NOT ON SCENE (DESK REPORT)","NO INJURY / DRIVE AWAY","Y",,,"$501 - $1,500","2026-02-12T16:30:00.000","UNABLE TO DETERMINE","UNABLE TO DETERMINE","300","S","LAKE SHORE DR NB","114",,,,,,,"2","NO INDICATION OF INJURY","0","0","0","0","0","4","0","13","5","2","41.8783101346","-87.6175759034","POINT (-87.617575903416 41.878310134581)"
"8629a1bae08ac06c051575dc4916d3052ed4f8637afa3a2b969bd3e95e11f653ccc1182f5304a38e0a286b742a4fb3b4b99a9a1fc9165805bdbe034b664cfc26",,"2026-02-12T13:00:00.000","30","UNKNOWN","UNKNOWN","CLEAR","DAYLIGHT","ANGLE","DIVIDED - W/MEDIAN BARRIER",,"STRAIGHT AND LEVEL","UNKNOWN","UNKNOWN","NOT ON SCENE (DESK REPORT)","NO INJURY / DRIVE AWAY",,,,"$501 - $1,500","2026-02-12T13:15:00.000","FAILING TO YIELD RIGHT-OF-WAY","UNABLE TO DETERMINE","6171","N","CLARK ST","2433",,,,,,,"2","NO INDICATION OF INJURY","0","0","0","0","0","2","0","13","5","2","41.9943950129","-87.6700015859","POINT (-87.67000158595 41.994395012949)"
"c72303d67cd312eb82f8858da92afb0d34ca1e4f390eeb727da8997cb8e3c22165002219571739a678b928aff9f24aa23ee158d641a4fd27cbf01844e0d48a8e",,"2026-02-12T13:00:00.000","30","UNKNOWN","UNKNOWN","CLEAR","DAYLIGHT","ANGLE","FOUR WAY",,"STRAIGHT AND LEVEL","DRY","UNKNOWN",,"INJURY AND / OR TOW DUE TO CRASH","Y",,,"OVER $1,500","2026-02-12T16:40:00.000","DISREGARDING TRAFFIC SIGNALS","DRIVING SKILLS/KNOWLEDGE/EXPERIENCE","445","E","LOWER WACKER DR","114",,,,,,,"2","REPORTED, NOT EVIDENT","1","0","0","0","1","1","0","13","5","2","41.8873121698","-87.6166957691","POINT (-87.616695769112 41.88731216983)"
"f4ddfe15c3e2ebf3a014613aa7d356233ebea448357ee4a4a4a8d5f3ada0ee5fe82da89d03ec3b03c5cef1a069d1d75eb00237134a2fbf61b57c35ae018442df",,"2026-02-12T13:00:00.000","30","TRAFFIC SIGNAL","UNKNOWN","CLEAR","DAYLIGHT","REAR END","UNKNOWN",,"STRAIGHT AND LEVEL","DRY","UNKNOWN","NOT ON SCENE (DESK REPORT)","NO INJURY / DRIVE AWAY",,,,"OVER $1,500","2026-02-12T13:30:00.000","NOT APPLICABLE","NOT APPLICABLE","2300","W","OGDEN AVE","1233",,,,,,,"2","NO INDICATION OF INJURY","0","0","0","0","0","2","0","13","5","2","41.8666601912","-87.6838095971","POINT (-87.683809597117 41.866660191202)"
"a83483dd70506086d3300ad828db5a22f3eaaff4d401051518e8c57de1c882a9451d251d072a2ec60d30908f3f891ace67d4ba6cc7afbe33c2f39ba5da15ec9c",,"2026-02-12T12:58:00.000","10","NO CONTROLS","NO CONTROLS","CLEAR","DAYLIGHT","PARKED MOTOR VEHICLE","NOT DIVIDED",,"STRAIGHT AND LEVEL","UNKNOWN","UNKNOWN","NOT ON SCENE (DESK REPORT)","NO INJURY / DRIVE AWAY",,,,"OVER $1,500","2026-02-12T13:30:00.000","UNABLE TO DETERMINE","UNABLE TO DETERMINE","6131","S","EBERHART AVE","313",,,,,,,"2","NO INDICATION OF INJURY","0","0","0","0","0","1","0","12","5","2","41.7829905845","-87.6131185319","POINT (-87.613118531913 41.782990584545)"
"add6c2a8878a73b46da031b69802a5b6f33e5058b4b3abfdadde0ff5f1fab0eaedf92138bc2d1ed65d31bd19e628281a77d41232f65fa56d6caf5ee40801a632",,"2026-02-12T12:50:00.000","30","NO CONTROLS","NO CONTROLS","CLEAR","DAYLIGHT","REAR END","DIVIDED - W/MEDIAN (NOT RAISED)",,"STRAIGHT AND LEVEL","DRY","NO DEFECTS","NOT ON SCENE (DESK REPORT)","NO INJURY / DRIVE AWAY",,,,"OVER $1,500","2026-02-16T12:19:00.000","UNABLE TO DETERMINE","FOLLOWING TOO CLOSELY","8700","S","CALUMET AVE","632",,,,,,,"2","NO INDICATION OF INJURY","0","0","0","0","0","2","0","12","5","2","41.7364082491","-87.616285339","POINT (-87.616285338953 41.736408249082)"
"8d20aca96812cd5e7d3a48a7f7b8031623eb8a6f8c4cadc579e224267e5d88c092226dd91311f28482942880734f305277ff8fe895585abbf8dfe8f7362907f0",,"2026-02-12T12:40:00.000","30","TRAFFIC SIGNAL","FUNCTIONING PROPERLY","CLEAR","DAYLIGHT","REAR END","DIVIDED - W/MEDIAN BARRIER",,"STRAIGHT AND LEVEL","DRY","NO DEFECTS","NOT ON SCENE (DESK REPORT)","NO INJURY / DRIVE AWAY",,,"Y","$501 - $1,500","2026-02-12T13:05:00.000","UNABLE TO DETERMINE","UNABLE TO DETERMINE","7900","S","ASHLAND AVE","611",,,,,,,"2","NO INDICATION OF INJURY","0","0","0","0","0","2","0","12","5","2","41.7502622404","-87.6635801171","POINT (-87.663580117092 41.750262240415)"
"f41efae648a8993d9e3c397e7873d2a523b936850ec29d9326af1bba4cc1e22b7a39a894b11a749fe2488aa6673fe6394b9187dfc346ae5654b14c53d5662db2",,"2026-02-12T12:30:00.000","30","NO CONTROLS","NO CONTROLS","CLEAR","DAYLIGHT","SIDESWIPE SAME DIRECTION","NOT DIVIDED",,"STRAIGHT AND LEVEL","DRY","NO DEFECTS","NOT ON SCENE (DESK REPORT)","NO INJURY / DRIVE AWAY",,,,"$501 - $1,500","2026-02-12T12:45:00.000","IMPROPER OVERTAKING/PASSING","IMPROPER OVERTAKING/PASSING","7200","N","SACRAMENTO AVE","2411",,,,,,,"2","NO INDICATION OF INJURY","0","0","0","0","0","2","0","12","5","2","42.0120120745","-87.7045985752","POINT (-87.704598575151 42.012012074488)"
"386fa9257014a7c669542bcc110b84a57718e84d6f0c27e31225290ecbd5fd1ee0ef3bc8dfcd9669b8bc467b591561c61ac19faade855d80d958a30456897b91",,"2026-02-12T12:23:00.000","30","TRAFFIC SIGNAL","FUNCTIONING PROPERLY","CLEAR","DAYLIGHT","REAR END","FOUR WAY",,"STRAIGHT AND LEVEL","DRY","NO DEFECTS","NOT ON SCENE (DESK REPORT)","NO INJURY / DRIVE AWAY","Y",,,"OVER $1,500","2026-02-12T13:30:00.000","FOLLOWING TOO CLOSELY","UNABLE TO DETERMINE","9457","S","ASHLAND AVE","2221",,,,,,,"2","NO INDICATION OF INJURY","0","0","0","0","0","3","0","12","5","2","41.7213652417","-87.662541907","POINT (-87.662541906985 41.721365241659)"
"470f24c3d6951b77599d8fda83abb5a332d3fc56a85303f1260b47b3b890d991b42e142e07e5f811c38d035f160b595ec3c0b2d0a6a57ca5b1989e34d00bdfac",,"2026-02-12T12:00:00.000","30","NO CONTROLS","NO CONTROLS","CLEAR","DAYLIGHT","SIDESWIPE SAME DIRECTION","NOT DIVIDED",,"STRAIGHT AND LEVEL","DRY","NO DEFECTS",,"NO INJURY / DRIVE AWAY",,,,"$501 - $1,500","2026-02-12T16:04:00.000","IMPROPER OVERTAKING/PASSING","NOT APPLICABLE","6701","S","CICERO AVE","833",,,,,,,"2","NO INDICATION OF INJURY","0","0","0","0","0","2","0","12","5","2","41.7710448011","-87.7419056317","POINT (-87.741905631651 41.771044801146)"
"daab921b0929b29a4b89cbf1e41adb03f64cd96cccf815d6e47e9330c4b92d895f4590b94b9cf0c9d135531554bdc73ba116cb27f420f74af63d578829715d12",,"2026-02-12T12:00:00.000","30","TRAFFIC SIGNAL","FUNCTIONING PROPERLY","CLEAR","DAYLIGHT","REAR END","FOUR WAY",,"STRAIGHT AND LEVEL","DRY","UNKNOWN","NOT ON SCENE (DESK REPORT)","NO INJURY / DRIVE AWAY","Y",,,"$500 OR LESS","2026-02-13T14:45:00.000","FAILING TO REDUCE SPEED TO AVOID CRASH","NOT APPLICABLE","100","E","63RD ST","311",,,,,,,"2","NO INDICATION OF INJURY","0","0","0","0","0","2","0","12","5","2","41.7801467466","-87.6219009092","POINT (-87.621900909245 41.780146746557)"
"7baea8efa323c83e2cfd3d121900938decadb680164a95725c8045e9c9e445cd5c4cf21ea489576b22e06cfb250f301c91a2af2a5faefa08b496adba458ec92f",,"2026-02-12T11:55:00.000","30","NO CONTROLS","NO CONTROLS","CLEAR","DAYLIGHT","PARKED MOTOR VEHICLE","NOT DIVIDED",,"STRAIGHT AND LEVEL","DRY","NO DEFECTS","ON SCENE","NO INJURY / DRIVE AWAY",,,,"$501 - $1,500","2026-02-12T12:03:00.000","DRIVING SKILLS/KNOWLEDGE/EXPERIENCE","UNABLE TO DETERMINE","248","W","26TH ST","914",,,,,,,"2","NO INDICATION OF INJURY","0","0","0","0","0","3","0","11","5","2","41.8456084851","-87.6337480613","POINT (-87.633748061276 41.845608485105)"
"7940172462887696dd6253ee0672137299858e4c1bc14a65c2c57e0c49ec8dc2441af619a270e52959d9554ef7e08877dbb5c76a8bf0b0c5bd7b052d7afda110",,"2026-02-12T11:50:00.000","30","NO CONTROLS","NO CONTROLS","UNKNOWN","UNKNOWN","REAR TO REAR","PARKING LOT",,"STRAIGHT AND LEVEL","UNKNOWN","UNKNOWN","NOT ON SCENE (DESK REPORT)","NO INJURY / DRIVE AWAY",,,,"$501 - $1,500","2026-02-12T13:30:00.000","FOLLOWING TOO CLOSELY","FOLLOWING TOO CLOSELY","2340","W","MADISON ST","1223",,,,,,,"2","NO INDICATION OF INJURY","0","0","0","0","0","2","0","11","5","2","41.8812841025","-87.6856204178","POINT (-87.685620417822 41.88128410252)"
"afe953b5242d05760c7182f282b804e134c36d558c7dd198ab537da35d1e9fb75114677167559fab090576a98f697dd2625f371c6834e3dbf9ab7141f8a9b598",,"2026-02-12T11:48:00.000","35","TRAFFIC SIGNAL","FUNCTIONING PROPERLY","CLEAR","DAYLIGHT","REAR END","DIVIDED - W/MEDIAN (NOT RAISED)",,"STRAIGHT AND LEVEL","DRY","NO DEFECTS","ON SCENE","NO INJURY / DRIVE AWAY",,,,"OVER $1,500","2026-02-12T12:12:00.000","FOLLOWING TOO CLOSELY","NOT APPLICABLE","1647","E","95TH ST","431",,,,,,,"3","NO INDICATION OF INJURY","0","0","0","0","0","3","0","11","5","2","41.7222598389","-87.5832262537","POINT (-87.583226253668 41.722259838896)"
"0f80c2012d60668e039aedf441266dc45ba394f2beb1dd09a6f895bdfaa3b92fddbb8f4b455508c894fcc3771054c0a31a3834f6dc20943d733efc01a6c6a2ef",,"2026-02-12T11:45:00.000","30","STOP SIGN/FLASHER","FUNCTIONING PROPERLY","CLEAR","DAYLIGHT","TURNING","T-INTERSECTION",,"STRAIGHT AND LEVEL","DRY","NO DEFECTS","NOT ON SCENE (DESK REPORT)","NO INJURY / DRIVE AWAY","Y",,,"OVER $1,500","2026-02-12T12:10:00.000","FAILING TO REDUCE SPEED TO AVOID CRASH","FAILING TO YIELD RIGHT-OF-WAY","1230","N","WELLS ST","1821",,,,,,,"2","NO INDICATION OF INJURY","0","0","0","0","0","2","0","11","5","2","41.9048295258","-87.6346610549","POINT (-87.634661054943 41.90482952579)"
"4480b8eed5a21ab8a4bd73ec50063672358dd4827ddfeb094af3646701857cac09863814a36f940a3604cc820db3c2da0914a877a4f99bba11a6b00a44032b0a",,"2026-02-12T11:45:00.000","30","NO CONTROLS","NO CONTROLS","CLEAR","DAYLIGHT","ANGLE","PARKING LOT",,"STRAIGHT AND LEVEL","UNKNOWN","UNKNOWN","NOT ON SCENE (DESK REPORT)","NO INJURY / DRIVE AWAY",,"Y",,"$500 OR LESS","2026-02-12T12:48:00.000","UNABLE TO DETERMINE","UNABLE TO DETERMINE","1930","W","103RD ST","2213",,,,,,,"2","NO INDICATION OF INJURY","0","0","0","0","0","2","0","11","5","2","41.7066750445","-87.6703817439","POINT (-87.67038174389 41.706675044524)"
"596ff4a5677004e06660558f7cb4d2559ba800d6d0cd4908e44110a9e5929e8fcbb3991dff141b8acd55024be0a9b150cf827753a405c15ebb18fd1cb591696f","Y","2026-02-12T11:45:00.000","45","NO CONTROLS","NO CONTROLS","CLEAR","DAYLIGHT","SIDESWIPE SAME DIRECTION","DIVIDED - W/MEDIAN BARRIER",,"STRAIGHT AND LEVEL","DRY","NO DEFECTS","NOT ON SCENE (DESK REPORT)","INJURY AND / OR TOW DUE TO CRASH",,,"Y","OVER $1,500","2026-02-12T12:30:00.000","IMPROPER LANE USAGE","DRIVING SKILLS/KNOWLEDGE/EXPERIENCE","3801","S","LAKE SHORE DR NB","212",,,,,,,"2","NONINCAPACITATING INJURY","1","0","0","1","0","2","0","11","5","2","41.8277525535","-87.602212657","POINT (-87.602212657048 41.827752553529)"
"bd7b28042dfdce6f2940eb25c67eb7146361a4751828f49e27ccd1d1b1337c1b1e73c74e28588e9a7771d71d5806e162c07c7d331edb6751a629f4117fef433e","Y","2026-02-12T11:37:00.000","25","TRAFFIC SIGNAL","FUNCTIONING PROPERLY","UNKNOWN","DAYLIGHT","REAR END","NOT DIVIDED",,"STRAIGHT AND LEVEL","UNKNOWN","UNKNOWN","NOT ON SCENE (DESK REPORT)","INJURY AND / OR TOW DUE TO CRASH",,,,"OVER $1,500","2026-02-14T18:30:00.000","UNABLE TO DETERMINE","UNABLE TO DETERMINE","1605","W","NORTH AVE","1433",,,,,,,"2","NONINCAPACITATING INJURY","1","0","0","1","0","1","0","11","5","2","41.9105173004","-87.6679065313","POINT (-87.667906531346 41.910517300362)"
"56991bcd46fe8decf98ab587094ff65b7ed4d17bec788045835b2cdf9097c32202b7beda048d8a7661a4249b5881c932957b1b764538bc64def9d2c49a3f1e59",,"2026-02-12T11:30:00.000","30","TRAFFIC SIGNAL","FUNCTIONING PROPERLY","CLEAR","DAYLIGHT","REAR END","NOT DIVIDED",,"STRAIGHT AND LEVEL","DRY","NO DEFECTS","NOT ON SCENE (DESK REPORT)","NO INJURY / DRIVE AWAY",,,,"OVER $1,500","2026-02-12T12:00:00.000","DRIVING SKILLS/KNOWLEDGE/EXPERIENCE","NOT APPLICABLE","7400","N","CLARK ST","2424",,,,,,,"2","NO INDICATION OF INJURY","0","0","0","0","0","2","0","11","5","2","42.0159666773","-87.6753440095","POINT (-87.675344009512 42.015966677306)"
"e261b74d360d3c75e5dd3bd6b5b445bffeac3a0dbf1e06e1cc1cc5f5b1c5b9296a92806986c6bf1e523b138e5cada901c01647d145c5904024c4df3de53a024c",,"2026-02-12T11:30:00.000","25","NO CONTROLS","NO CONTROLS","CLEAR","DAYLIGHT","SIDESWIPE SAME DIRECTION","NOT DIVIDED",,"STRAIGHT AND LEVEL","DRY","UNKNOWN","NOT ON SCENE (DESK REPORT)","NO INJURY / DRIVE AWAY",,,,"OVER $1,500","2026-02-12T12:30:00.000","UNABLE TO DETERMINE","NOT APPLICABLE","2944","W","DEVON AVE","2412",,,,,,,"2","NO INDICATION OF INJURY","0","0","0","0","0","2","0","11","5","2","41.9975961513","-87.7038657062","POINT (-87.70386570622 41.997596151331)"
"6da9ba3f2e13e068461c681e3763a0e9561db7b23bfc94b6f13cd01fb662d6248337c365efe94f39329dd638e6d88b778e43e0913b92b2305e31b6450194db2c",,"2026-02-12T11:25:00.000","30","NO CONTROLS","NO CONTROLS","CLEAR","DAYLIGHT","REAR TO FRONT","ONE-WAY",,"STRAIGHT AND LEVEL","DRY","NO DEFECTS","ON SCENE","NO INJURY / DRIVE AWAY",,,"Y","$500 OR LESS","2026-02-12T11:30:00.000","DRIVING SKILLS/KNOWLEDGE/EXPERIENCE","UNABLE TO DETERMINE","4701","S","KEELER AVE","815",,,,,,,"2","NO INDICATION OF INJURY","0","0","0","0","0","2","0","11","5","2","41.807718407","-87.7283264737","POINT (-87.728326473746 41.807718407023)"
"c71544ba21a9c227706beb57f57e831828596207eb852a94bc9d59f6772621444aed4f2bce3ee9e77a8c6f4a1abbf6c09e3038e51c8e6c5ac5735a4f4bb58406",,"2026-02-12T11:11:00.000","30","NO CONTROLS","NO CONTROLS","CLEAR","DAYLIGHT","PARKED MOTOR VEHICLE","ONE-WAY",,"STRAIGHT AND LEVEL","DRY","NO DEFECTS","ON SCENE","NO INJURY / DRIVE AWAY",,,,"$501 - $1,500","2026-02-12T11:36:00.000","DRIVING SKILLS/KNOWLEDGE/EXPERIENCE","DRIVING SKILLS/KNOWLEDGE/EXPERIENCE","3006","N","NAGLE AVE","2511",,,,,,,"3","NO INDICATION OF INJURY","0","0","0","0","0","1","0","11","5","2","41.9349026927","-87.7871918911","POINT (-87.787191891086 41.93490269274)"
"840156a3b51c230924d447714faa9467878dfd2b46147fdeaeaad9c95e2260cde3e0fac2c984e6115b8fb43b1a1e59b6f5949c285336eada0420a230ef7a63f5",,"2026-02-12T11:10:00.000","30","NO CONTROLS","NO CONTROLS","UNKNOWN","UNKNOWN","TURNING","DIVIDED - W/MEDIAN (NOT RAISED)",,"STRAIGHT AND LEVEL","UNKNOWN","UNKNOWN","NOT ON SCENE (DESK REPORT)","NO INJURY / DRIVE AWAY",,,"Y","$501 - $1,500","2026-02-12T14:13:00.000","UNABLE TO DETERMINE","UNABLE TO DETERMINE","301","S","SPRINGFIELD AVE","1133",,,,,,,"2","NO INDICATION OF INJURY","0","0","0","0","0","2","0","11","5","2","41.8770762624","-87.7229571768","POINT (-87.722957176838 41.877076262389)"
"031f3b8a416c04a6a445163f56d53b5558f87f05e4364cb265db393780007ea68ef1614445b9658812d31173225b288728ff3e81a70fce55942603ace9374f49",,"2026-02-12T11:04:00.000","30","NO CONTROLS","NO CONTROLS","CLEAR","DAYLIGHT","PARKED MOTOR VEHICLE","PARKING LOT",,"STRAIGHT AND LEVEL","DRY","NO DEFECTS","ON SCENE","NO INJURY / DRIVE AWAY",,,"Y","OVER $1,500","2026-02-12T11:27:00.000","DRIVING SKILLS/KNOWLEDGE/EXPERIENCE","OPERATING VEHICLE IN ERRATIC, RECKLESS, CARELESS, NEGLIGENT OR AGGRESSIVE MANNER","3620","E","118TH ST","433",,,,,,,"2","NO INDICATION OF INJURY","0","0","0","0","0","1","0","11","5","2","41.681047935","-87.5356121318","POINT (-87.535612131792 41.681047934959)"
"79f489694fb7cd0fa1bd907a54352989483765b89e99c2a56031f75630245c1704396614f6332aad18298d6e50654128d54b2da248e239432936aa7ddf9b9c3c",,"2026-02-12T11:01:00.000","30","NO CONTROLS","NO CONTROLS","CLEAR","DAYLIGHT","SIDESWIPE SAME DIRECTION","NOT DIVIDED",,"STRAIGHT AND LEVEL","DRY","NO DEFECTS","NOT ON SCENE (DESK REPORT)","NO INJURY / DRIVE AWAY",,,,"OVER $1,500","2026-02-16T12:54:00.000","NOT APPLICABLE","NOT APPLICABLE","5052","W","WASHINGTON BLVD","1532",,,,,,,"2","NO INDICATION OF INJURY","0","0","0","0","0","2","0","11","5","2","41.8818353236","-87.7523205828","POINT (-87.752320582754 41.881835323595)"
"b8c8eba1c8f65dd028c3d5a545220dbbfeed96af8d7c16bdd3f8ac300eb0ccca1e45df8c5936100e10ed197776159110050a28f8bd497c4b30913bb5e3a99ef0",,"2026-02-12T11:00:00.000","30","STOP SIGN/FLASHER","FUNCTIONING PROPERLY","CLEAR","DAYLIGHT","TURNING","NOT DIVIDED",,"STRAIGHT AND LEVEL","DRY","NO DEFECTS","ON SCENE","INJURY AND / OR TOW DUE TO CRASH","Y",,"Y","OVER $1,500","2026-02-12T11:25:00.000","DISREGARDING OTHER TRAFFIC SIGNS","FAILING TO YIELD RIGHT-OF-WAY","4601","S","KEDZIE AVE","922",,,,,,,"2","NO INDICATION OF INJURY","0","0","0","0","0","2","0","11","5","2","41.8098507303","-87.7038968167","POINT (-87.703896816714 41.809850730342)"
"38b636a48ace7c940093ccded4812467760225353cb0109fccd16f794d5756c3b80c772b5b43bb1715cfbc37b94c1eb28308dd6a2f258e22e76dd125eef09c1a",,"2026-02-12T10:38:00.000","30","NO CONTROLS","NO CONTROLS","CLEAR","DAYLIGHT","PARKED MOTOR VEHICLE","NOT DIVIDED",,"STRAIGHT AND LEVEL","DRY","NO DEFECTS","ON SCENE","NO INJURY / DRIVE AWAY",,,,"$500 OR LESS","2026-02-12T10:41:00.000","UNABLE TO DETERMINE","NOT APPLICABLE","1743","W","18TH ST","1234",,,,,,,"2","NO INDICATION OF INJURY","0","0","0","0","0","3","0","10","5","2","41.8576243663","-87.6704228715","POINT (-87.670422871526 41.857624366287)"
"d58935b0ad32c8fc9363d0b82b3f578dd0d6ac9d9b4acaa1eb94f4e3de0857b8cc4f6c4385a51a2badad51b9b920f3a820b6e6b444b426285cc2b401956cf144",,"2026-02-12T10:35:00.000","30","NO CONTROLS","NO CONTROLS","CLEAR","DAYLIGHT","SIDESWIPE SAME DIRECTION","ONE-WAY",,"STRAIGHT AND LEVEL","DRY","NO DEFECTS","NOT ON SCENE (DESK REPORT)","NO INJURY / DRIVE AWAY",,,"Y","OVER $1,500","2026-02-12T12:43:00.000","UNABLE TO DETERMINE","NOT APPLICABLE","11110","S","HOMEWOOD AVE","2212",,,,,,,"2","NO INDICATION OF INJURY","0","0","0","0","0","2","0","10","5","2","41.6913519825","-87.6699410332","POINT (-87.669941033219 41.69135198245)"
"626cf0796be577a70f34fe49dd2c99dda3bfec26cc92e9979c6ed27d47b1de6c8bd4a6af8cc1394e65635d32325150798fd506effc4359b21935bead5d2033c7","Y","2026-02-12T10:29:00.000","30","TRAFFIC SIGNAL","FUNCTIONING PROPERLY","CLOUDY/OVERCAST","DAYLIGHT","TURNING","DIVIDED - W/MEDIAN (NOT RAISED)",,"STRAIGHT AND LEVEL","DRY","NO DEFECTS","ON SCENE","NO INJURY / DRIVE AWAY","Y",,,"$501 - $1,500","2026-02-12T10:29:00.000","DRIVING SKILLS/KNOWLEDGE/EXPERIENCE","NOT APPLICABLE","8406","S","VINCENNES AVE","622",,,,,,,"2","NO INDICATION OF INJURY","0","0","0","0","0","2","0","10","5","2","41.7412870479","-87.6385309518","POINT (-87.63853095184 41.741287047889)"
"cd8c8443643b8d68b9f10e285ffee95f1e2053085383bc778beeb69b3158ed48dec4c8b9adc043f37a8b1d1490f6c483b1d83da814bfb9337e01a0c6ff57146a",,"2026-02-12T10:15:00.000","30","NO CONTROLS","NO CONTROLS","CLEAR","DAYLIGHT","TURNING","NOT DIVIDED",,"STRAIGHT AND LEVEL","DRY","NO DEFECTS","NOT ON SCENE (DESK REPORT)","NO INJURY / DRIVE AWAY",,,,"$501 - $1,500","2026-02-12T13:55:00.000","FAILING TO YIELD RIGHT-OF-WAY","FAILING TO YIELD RIGHT-OF-WAY","6400","W","DEVON AVE","1611",,,,,,,"2","NO INDICATION OF INJURY","0","0","0","0","0","2","0","10","5","2","41.997463981","-87.7876102434","POINT (-87.787610243414 41.997463981029)"
"ecf43b8f325de5bb44c410777c95ff47030216a6049b1f008a463ceab59737cc442ee9da4259c525cc5385e8998797b3827ea80cc0b1080c1ec5b5794174c3b7",,"2026-02-12T10:15:00.000","30","NO CONTROLS","NO CONTROLS","CLEAR","DAYLIGHT","PARKED MOTOR VEHICLE","PARKING LOT",,"STRAIGHT AND LEVEL","DRY","NO DEFECTS","NOT ON SCENE (DESK REPORT)","NO INJURY / DRIVE AWAY",,,"Y","$501 - $1,500","2026-02-12T15:30:00.000","UNABLE TO DETERMINE","UNABLE TO DETERMINE","1654","W","119TH ST","2234",,,,,,,"2","NO INDICATION OF INJURY","0","0","0","0","0","1","0","10","5","2","41.6776170559","-87.6631131459","POINT (-87.663113145868 41.677617055887)"
"12a1447a90b45807b3103257762ac0145e3909d36023574bc70338bc412e82fa06b888f65f9a257625b481d81bb753136465e43c73bd0edfd860ebcdb5eea6d4",,"2026-02-12T10:05:00.000","20","NO CONTROLS","NO CONTROLS","CLEAR","DAYLIGHT","OTHER OBJECT","ALLEY",,"STRAIGHT AND LEVEL","DRY","NO DEFECTS","ON SCENE","NO INJURY / DRIVE AWAY",,"Y",,"OVER $1,500","2026-02-12T10:45:00.000","EVASIVE ACTION DUE TO ANIMAL, OBJECT, NONMOTORIST","IMPROPER OVERTAKING/PASSING","6751","S","BELL AVE","832",,"Y",,,,,"2","NO INDICATION OF INJURY","0","0","0","0","0","2","0","10","5","2","41.7705073626","-87.6795007138","POINT (-87.679500713776 41.770507362634)"
"7bb01287e8823373f7b1dbf1845cbb54a3387427e18e4e452c18296ecde465bbf31b72f728dbc43cef9f3b75a104f715239bb740c8b0aca85fc6bf21fa6a79d4",,"2026-02-12T09:54:00.000","30","NO CONTROLS","NO CONTROLS","CLEAR","DAYLIGHT","PARKED MOTOR VEHICLE","NOT DIVIDED",,"STRAIGHT AND LEVEL","DRY","NO DEFECTS","NOT ON SCENE (DESK REPORT)","NO INJURY / DRIVE AWAY",,,"Y","$501 - $1,500","2026-02-12T10:55:00.000","FAILING TO YIELD RIGHT-OF-WAY","UNABLE TO DETERMINE","401","N","FRANKLIN ST","1831",,,,,,,"2","NO INDICATION OF INJURY","0","0","0","0","0","1","0","9","5","2","41.889192452","-87.635362475","POINT (-87.635362474977 41.889192452023)"
"ee12b2e77a56d5006044204897b05a4d88ab631b4a9588baf5739d85475a280c3328e5491ecfc43f494ed388b3c7ce03a0da56ff54b9f73b7b49be4782106dfb",,"2026-02-12T09:50:00.000","30","NO CONTROLS","NO CONTROLS","CLEAR","DAYLIGHT","PARKED MOTOR VEHICLE","PARKING LOT",,"STRAIGHT AND LEVEL","DRY","NO DEFECTS","ON SCENE","NO INJURY / DRIVE AWAY",,,"Y","OVER $1,500","2026-02-12T10:15:00.000","DRIVING SKILLS/KNOWLEDGE/EXPERIENCE","DRIVING SKILLS/KNOWLEDGE/EXPERIENCE","5332","S","WESTERN AVE","923",,,,,,,"2","NO INDICATION OF INJURY","0","0","0","0","0","1","0","9","5","2","41.7965113617","-87.6842515013","POINT (-87.684251501344 41.796511361703)"