"crash_record_id","crash_date_est_i","crash_date","posted_speed_limit","traffic_control_device","device_condition","weather_condition","lighting_condition","first_crash_type","trafficway_type","lane_cnt","alignment","roadway_surface_cond","road_defect","report_type","crash_type","intersection_related_i","private_property_i","hit_and_run_i","damage","date_police_notified","prim_contributory_cause","sec_contributory_cause","street_no","street_direction","street_name","beat_of_occurrence","photos_taken_i","statements_taken_i","dooring_i","work_zone_i","work_zone_type","workers_present_i","num_units","most_severe_injury","injuries_total","injuries_fatal","injuries_incapacitating","injuries_non_incapacitating","injuries_reported_not_evident","injuries_no_indication","injuries_unknown","crash_hour","crash_day_of_week","crash_month","latitude","longitude","location"
"d2d0baa07d66b98fddd408571ff0c0020ea72e5fa777348f2876f5121105cb1f42ecd7630ad3f047eecf5bbe74e288341e6faf06fd0f53f5d6afcb1938558d9f",,"2026-02-12T09:49:00.000","30","STOP SIGN/FLASHER","FUNCTIONING PROPERLY","CLEAR","DAYLIGHT","REAR END","NOT DIVIDED",,"STRAIGHT AND LEVEL","DRY","UNKNOWN","NOT ON SCENE (DESK REPORT)","NO INJURY / DRIVE AWAY","Y",,,"OVER $1,500","2026-02-13T18:30:00.000","UNABLE TO DETERMINE","NOT APPLICABLE","5600","W","FILLMORE ST","1513",,,,,,,"2","NO INDICATION OF INJURY","0","0","0","0","0","2","0","9","5","2","41.8675455366","-87.7645686601","POINT (-87.764568660135 41.867545536635)"
"57ccb411d9a59474c28517d75d5bfdd28c3c61672a1faee8f0db02fc6af2039755b51f62150a6c2d0e42f85e40fcebfc5456d5f6bac77a93a0e73c73ec4b9fb5",,"2026-02-12T09:45:00.000","30","TRAFFIC SIGNAL","FUNCTIONING PROPERLY","CLOUDY/OVERCAST","DAYLIGHT","SIDESWIPE SAME DIRECTION","DIVIDED - W/MEDIAN (NOT RAISED)",,"STRAIGHT AND LEVEL","DRY","NO DEFECTS","NOT ON SCENE (DESK REPORT)","NO INJURY / DRIVE AWAY","Y",,,"OVER $1,500","2026-02-12T10:15:00.000","UNABLE TO DETERMINE","NOT APPLICABLE","6432","W","HIGGINS AVE","1613",,,,,,,"2","NO INDICATION OF INJURY","0","0","0","0","0","2","0","9","5","2","41.9767577721","-87.7889499264","POINT (-87.788949926354 41.976757772129)"
"67692ede3d662b995fe33ece58d728796b5afd478abe1ee392004f703f7ad31f590b3230ac775793b0eb359e85c4be48d11818375c0fae6bdecad0748a36e204",,"2026-02-12T09:45:00.000","25","UNKNOWN","UNKNOWN","CLEAR","DAYLIGHT","HEAD ON","DIVIDED - W/MEDIAN (NOT RAISED)",,"STRAIGHT AND LEVEL","DRY","NO DEFECTS","NOT ON SCENE (DESK REPORT)","NO INJURY / DRIVE AWAY",,,,"OVER $1,500","2026-02-12T12:50:00.000","UNABLE TO DETERMINE","UNABLE TO DETERMINE","1826","W","EVERGREEN AVE","1424",,,,,,,"2","NO INDICATION OF INJURY","0","0","0","0","0","2","0","9","5","2","41.9073689646","-87.6745563774","POINT (-87.674556377381 41.90736896463)"
"835c78ebff303ca30e35df3498e1c2bb2703c2acfe0b67d51b00dce2763712c47779a8104d59d13dc9bc33c153de6023b4327d085708284c6042ddda2cc7fd55",,"2026-02-12T09:40:00.000","30","STOP SIGN/FLASHER","FUNCTIONING PROPERLY","CLEAR","DAYLIGHT","TURNING","NOT DIVIDED",,"STRAIGHT AND LEVEL","DRY","NO DEFECTS","ON SCENE","NO INJURY / DRIVE AWAY","Y",,,"OVER $1,500","2026-02-12T09:54:00.000","FAILING TO YIELD RIGHT-OF-WAY","NOT APPLICABLE","2058","S","KOSTNER AVE","1012",,,,,,,"2","NO INDICATION OF INJURY","0","0","0","0","0","4","0","9","5","2","41.8533761201","-87.7347094964","POINT (-87.73470949635 41.853376120126)"
"a5255cdd5c7fb42ec85856b486c72331ccd82980ebd7f144996586ced39f2437ac9cfdbc1ec0d1860d2d7a71c06d448dfebc61f478dab29e7d64944f858e1a62",,"2026-02-12T09:35:00.000","35","NO CONTROLS","NO CONTROLS","CLEAR","DAYLIGHT","TURNING","T-INTERSECTION",,"STRAIGHT AND LEVEL","DRY","NO DEFECTS","ON SCENE","INJURY AND / OR TOW DUE TO CRASH","Y",,"Y","$501 - $1,500","2026-02-12T09:38:00.000","FAILING TO YIELD RIGHT-OF-WAY","FAILING TO REDUCE SPEED TO AVOID CRASH","415","W","95TH ST","2223",,,,,,,"2","REPORTED, NOT EVIDENT","2","0","0","0","2","2","0","9","5","2","41.721476101","-87.634089094","POINT (-87.63408909403 41.721476101032)"
"7f5c60ef2e8bb8dd02ff206d66c961adf48b5452b82c996b358f43b770ede71e1a38956fb0803658e20c4a5bdf8435bce4ac80aa0a8d83c0aae2505cdac1314b",,"2026-02-12T09:30:00.000","30","NO CONTROLS","NO CONTROLS","CLEAR","DAYLIGHT","REAR END","NOT DIVIDED",,"STRAIGHT AND LEVEL","DRY","UNKNOWN","NOT ON SCENE (DESK REPORT)","NO INJURY / DRIVE AWAY",,,,"OVER $1,500","2026-02-12T13:59:00.000","FOLLOWING TOO CLOSELY","NOT APPLICABLE","810","E","103RD ST","511",,,,,,,"2","NO INDICATION OF INJURY","0","0","0","0","0","2","0","9","5","2","41.7076029255","-87.6035558218","POINT (-87.60355582184 41.70760292546)"
"9e5775d14764ea97521b349807b084202316c2dbf3c002c1cacd07e8de484496f0fa3c97f30c43667dd02846da4198deebe222d019c94e2078f5d4251aa7555e",,"2026-02-12T09:30:00.000","35","TRAFFIC SIGNAL","FUNCTIONING PROPERLY","CLEAR","DAYLIGHT","REAR TO FRONT","NOT DIVIDED",,"STRAIGHT AND LEVEL","DRY","NO DEFECTS",,"NO INJURY / DRIVE AWAY",,,,"$501 - $1,500","2026-02-12T09:50:00.000","IMPROPER BACKING","UNABLE TO DETERMINE","100","S","MORGAN ST","1232",,,,,,,"2","NO INDICATION OF INJURY","0","0","0","0","0","2","0","9","5","2","41.8803437792","-87.6521349754","POINT (-87.652134975383 41.880343779167)"
"ff3606ecbc8223d5f5af7e8e36b331ffbc61b6cc8251e4575db6d9e067f443a072089038fcbe1c470b2594d6967cfc18c4e31f1a6912cdd430d07cf4f7cddccc",,"2026-02-12T09:30:00.000","35","UNKNOWN","UNKNOWN","UNKNOWN","DAYLIGHT","REAR END","UNKNOWN",,"STRAIGHT AND LEVEL","UNKNOWN","UNKNOWN","NOT ON SCENE (DESK REPORT)","NO INJURY / DRIVE AWAY",,,,"$501 - $1,500","2026-02-13T09:10:00.000","UNABLE TO DETERMINE","UNABLE TO DETERMINE","345","W","FULLERTON PKWY","1814",,,,,,,"2","NO INDICATION OF INJURY","0","0","0","0","0","2","0","9","5","2","41.925516848","-87.6382218897","POINT (-87.638221889715 41.925516848013)"
"f6cf5a6b68649ee71a6e00654e4ad1176919ded58b0812037d3b2cd905bb2807101b6f6afe1d7ed465fe2c9522ac25f0919525bf40373e3d1df805bfe52c49c6",,"2026-02-12T09:25:00.000","15","NO CONTROLS","NO CONTROLS","CLEAR","DAYLIGHT","PARKED MOTOR VEHICLE","PARKING LOT",,"STRAIGHT AND LEVEL","DRY","NO DEFECTS","NOT ON SCENE (DESK REPORT)","NO INJURY / DRIVE AWAY",,,"Y","$501 - $1,500","2026-02-12T10:30:00.000","UNABLE TO DETERMINE","UNABLE TO DETERMINE","6301","S","HALSTED ST","723",,,,,,,"2","NO INDICATION OF INJURY","0","0","0","0","0","1","0","9","5","2","41.7796613369","-87.6446377388","POINT (-87.644637738816 41.779661336899)"
"61fe653106ddb588704519e91eb17635bcb11beba295831beeaf0ddf63a0004c71bc51498acfbacef53c8f79f32a40a014b346a048a026641c461da51555c1aa",,"2026-02-12T09:21:00.000","30","NO CONTROLS","NO CONTROLS","CLEAR","DAYLIGHT","FIXED OBJECT","ALLEY",,"STRAIGHT AND LEVEL","ICE","NO DEFECTS","ON SCENE","NO INJURY / DRIVE AWAY",,,,"$500 OR LESS","2026-02-12T09:24:00.000","NOT APPLICABLE","ROAD ENGINEERING/SURFACE/MARKING DEFECTS","3044","W","PERSHING RD","911",,,,,,,"1","NO INDICATION OF INJURY","0","0","0","0","0","1","0","9","5","2","41.8227627465","-87.7013503249","POINT (-87.701350324927 41.822762746489)"
"ecad6686f13e2af073066541ab9f72773c90c509832f4bbb99dacb6be59ac111c672ccda735ee54744932b2beb46a4e9efcfbffbde3c6f9c617002033e4cb4e7",,"2026-02-12T09:15:00.000","30","TRAFFIC SIGNAL","FUNCTIONING PROPERLY","CLEAR","DAYLIGHT","REAR END","FOUR WAY",,"STRAIGHT AND LEVEL","DRY","NO DEFECTS","NOT ON SCENE (DESK REPORT)","NO INJURY / DRIVE AWAY",,,,"$500 OR LESS","2026-02-15T09:35:00.000","FOLLOWING TOO CLOSELY","NOT APPLICABLE","2400","N","WESTERN AVE","1431",,,,,,,"2","NO INDICATION OF INJURY","0","0","0","0","0","2","0","9","5","2","41.9249359441","-87.6877902547","POINT (-87.687790254713 41.924935944091)"
"be740944c08d90b3954db6cadc071433f34c4c5e42b5f4c4207867660b8aadda3b146ddb25b6470654d1cdfbd0f7f74308511967e63b7e0b945b770d864734a3",,"2026-02-12T09:05:00.000","30","STOP SIGN/FLASHER","FUNCTIONING PROPERLY","CLOUDY/OVERCAST","DAYLIGHT","REAR END","DIVIDED - W/MEDIAN (NOT RAISED)",,"STRAIGHT AND LEVEL","DRY","NO DEFECTS","NOT ON SCENE (DESK REPORT)","NO INJURY / DRIVE AWAY","Y",,,"OVER $1,500","2026-02-12T12:00:00.000","FOLLOWING TOO CLOSELY","NOT APPLICABLE","4500","N","AUSTIN AVE","1622",,,,,,,"2","NO INDICATION OF INJURY","0","0","0","0","0","2","0","9","5","2","41.9623107322","-87.7772319897","POINT (-87.777231989687 41.962310732174)"
"1b82f92c0453cd350b0cefa0d0a6686d66be35b66904090790e64309042ac3327580d7e635c1ccf5852cad9799abe86ed40853f70dc27c636a90bb31fe0cc001",,"2026-02-12T09:04:00.000","30","NO CONTROLS","FUNCTIONING PROPERLY","CLEAR","DAYLIGHT","ANGLE","NOT DIVIDED",,"STRAIGHT AND LEVEL","DRY","NO DEFECTS","NOT ON SCENE (DESK REPORT)","NO INJURY / DRIVE AWAY",,,"Y","$501 - $1,500","2026-02-12T10:47:00.000","UNABLE TO DETERMINE","NOT APPLICABLE","3960","S","WESTERN AVE","921",,,,,,,"2","NO INDICATION OF INJURY","0","0","0","0","0","2","0","9","5","2","41.8212415767","-87.6849188292","POINT (-87.684918829212 41.821241576681)"
"8c345dd270c30521bd671b3565e01d30cd1d06331c8a9c80ec2076d4047929ec68856555dd2852191014afdb082c85044a038089197aee8a3acf628ba62d797e",,"2026-02-12T09:00:00.000","30","NO CONTROLS","NO CONTROLS","CLEAR","DAYLIGHT","OTHER OBJECT","ALLEY",,"STRAIGHT AND LEVEL","DRY","NO DEFECTS","ON SCENE","NO INJURY / DRIVE AWAY",,,,"$501 - $1,500","2026-02-12T09:00:00.000","NOT APPLICABLE","NOT APPLICABLE","810","S","WESTERN AVE","1135",,,,,,,"2","NO INDICATION OF INJURY","0","0","0","0","0","3","0","9","5","2","41.8707970338","-87.6863009803","POINT (-87.686300980281 41.870797033778)"
"8e9bd3299096815ea1b45fe5d00de08c76f502d2a8c343f1975d8fc4ae4b9cb485ceac791d1bb2951d07a7197795f343df9a3d7efe1e8d4cd014c729677a607c",,"2026-02-12T09:00:00.000","25","STOP SIGN/FLASHER","FUNCTIONING PROPERLY","CLEAR","DAYLIGHT","TURNING","T-INTERSECTION",,"STRAIGHT AND LEVEL","DRY","NO DEFECTS","NOT ON SCENE (DESK REPORT)","NO INJURY / DRIVE AWAY","Y",,,"OVER $1,500","2026-02-12T11:00:00.000","IMPROPER TURNING/NO SIGNAL","FAILING TO REDUCE SPEED TO AVOID CRASH","1092","W","WILLOW ST","1811",,,,,,,"2","NO INDICATION OF INJURY","0","0","0","0","0","2","0","9","5","2","41.9126180398","-87.6554983629","POINT (-87.655498362867 41.912618039789)"
"91cb1c45be9396a565bee5a057ab004f9159b9d99e235de936efb8bbbadba117d384b8df4135111fcd29f58e652caaa7715f46daa4caa1e462cbb137d6494b9e",,"2026-02-12T09:00:00.000","30","NO CONTROLS","NO CONTROLS","CLEAR","DAYLIGHT","SIDESWIPE SAME DIRECTION","NOT DIVIDED",,"STRAIGHT AND LEVEL","DRY","NO DEFECTS","NOT ON SCENE (DESK REPORT)","NO INJURY / DRIVE AWAY",,,"Y","OVER $1,500","2026-02-16T16:40:00.000","FAILING TO YIELD RIGHT-OF-WAY","NOT APPLICABLE","3743","S","ARCHER AVE","911",,,,,,,"2","NO INDICATION OF INJURY","0","0","0","0","0","2","0","9","5","2","41.8254301434","-87.6855197917","POINT (-87.685519791733 41.82543014344)"
"f75ab424b89a2cb213fe52dba95902f00761878ab7c48f1c18b351d096d0315e8dcf155d3167f745fae652bcff5f8dbecf954ad98b05ef90fe7340011bf45dd2",,"2026-02-12T09:00:00.000","30","TRAFFIC SIGNAL","FUNCTIONING PROPERLY","CLEAR","DAYLIGHT","REAR END","NOT DIVIDED",,"STRAIGHT AND LEVEL","DRY","NO DEFECTS","NOT ON SCENE (DESK REPORT)","NO INJURY / DRIVE AWAY",,,,"$501 - $1,500","2026-02-12T09:10:00.000","UNABLE TO DETERMINE","NOT APPLICABLE","1900","W","DEVON AVE","2412",,,,,,,"2","NO INDICATION OF INJURY","0","0","0","0","0","2","0","9","5","2","41.9980665531","-87.6770053377","POINT (-87.6770053377 41.998066553138)"
"4737d6cacbda1daeab202125150ada2bb1c9baac31729786e0fae542b341341c79d4370877d30f72a7150dbc2d16ba3a9103b04f549c00d208e3fd2fedbe3c10",,"2026-02-12T08:52:00.000","30","NO CONTROLS","NO CONTROLS","CLEAR","DAYLIGHT","PARKED MOTOR VEHICLE","NOT DIVIDED",,"STRAIGHT AND LEVEL","DRY","NO DEFECTS","ON SCENE","NO INJURY / DRIVE AWAY",,,,"OVER $1,500","2026-02-12T08:53:00.000","FOLLOWING TOO CLOSELY","NOT APPLICABLE","550","N","STATE ST","1831",,,,,,,"2","NO INDICATION OF INJURY","0","0","0","0","0","1","0","8","5","2","41.8924213661","-87.6282348711","POINT (-87.628234871137 41.892421366131)"
"41d1ef900305ecda6f632b25a82219fbe015ea80340a7fb0bb37bce0dcef55df937382cd7ab71af8b0b7e53934375af0485dad598133a8c3664498345ed43513",,"2026-02-12T08:45:00.000","20","SCHOOL ZONE","UNKNOWN","UNKNOWN","DAYLIGHT","PARKED MOTOR VEHICLE","NOT DIVIDED",,"STRAIGHT AND LEVEL","UNKNOWN","UNKNOWN","NOT ON SCENE (DESK REPORT)","NO INJURY / DRIVE AWAY",,,,"$501 - $1,500","2026-02-12T09:00:00.000","UNABLE TO DETERMINE","NOT APPLICABLE","2656","W","71ST ST","831",,,,,,,"2","NO INDICATION OF INJURY","0","0","0","0","0","2","0","8","5","2","41.7646893177","-87.6904408402","POINT (-87.69044084018 41.764689317705)"
"6aa6edb8576d5cab01eca730dedd10f1de8add56dca3c025583558ce70dbd50a751ca525d710ed2f120951ece4893e02217e1e1420db3215edbd0987cdd33e0d",,"2026-02-12T08:45:00.000","30","NO CONTROLS","NO CONTROLS","CLEAR","DAYLIGHT","PARKED MOTOR VEHICLE","DIVIDED - W/MEDIAN (NOT RAISED)",,"STRAIGHT AND LEVEL","DRY","NO DEFECTS","NOT ON SCENE (DESK REPORT)","NO INJURY / DRIVE AWAY",,,,"$501 - $1,500","2026-02-12T09:20:00.000","UNABLE TO DETERMINE","NOT APPLICABLE","2238","N","CENTRAL AVE","2515",,,,,,,"2","NO INDICATION OF INJURY","0","0","0","0","0","2","0","8","5","2","41.9215278081","-87.7660459025","POINT (-87.766045902462 41.921527808147)"
"856ee75935e215d62601ebbe9d315a06559cd9b4cfd854b6ecffc07d6288843cf421e6b63541fc467bcaabfccad061d2d337e09948b77339cb86a25aea3ba59e",,"2026-02-12T08:40:00.000","30","NO CONTROLS","NO CONTROLS","CLEAR","DAYLIGHT","REAR END","DIVIDED - W/MEDIAN (NOT RAISED)",,"STRAIGHT AND LEVEL","DRY","NO DEFECTS","ON SCENE","INJURY AND / OR TOW DUE TO CRASH",,,,"OVER $1,500","2026-02-12T08:50:00.000","DISTRACTION - FROM INSIDE VEHICLE","DISTRACTION - OTHER ELECTRONIC DEVICE (NAVIGATION DEVICE, DVD PLAYER, ETC.)","3640","W","87TH ST","834",,,,,,,"4","REPORTED, NOT EVIDENT","2","0","0","0","2","4","0","8","5","2","41.7351047692","-87.7136498144","POINT (-87.713649814404 41.735104769168)"
"95af11d26ad58888e35bcda403b851ba2c178051dbbc30f10e6a3419024dbfda460975dcbb440235042eaadc4cf9e3155a8afa96e1c494e8e463122270619b69",,"2026-02-12T08:40:00.000","30","NO CONTROLS","NO CONTROLS","CLEAR","DAYLIGHT","TURNING","NOT DIVIDED",,"STRAIGHT AND LEVEL","DRY","NO DEFECTS","ON SCENE","INJURY AND / OR TOW DUE TO CRASH",,,,"OVER $1,500","2026-02-12T08:52:00.000","FAILING TO YIELD RIGHT-OF-WAY","UNABLE TO DETERMINE","4950","S","ARCHER AVE","821",,,,,,,"2","NONINCAPACITATING INJURY","1","0","0","1","0","4","0","8","5","2","41.8033590423","-87.7219604675","POINT (-87.721960467487 41.803359042331)"
"e074dc0eaba008fc9af44393eeb1899af7798c4973638380852c97a11ca5c5f2fcdffd640d4b0ce4622ed206d3842b45452b4110e2bbb84dfd0b6e3fa892fec1",,"2026-02-12T08:34:00.000","25","UNKNOWN","UNKNOWN","CLEAR","DAYLIGHT","ANGLE","DIVIDED - W/MEDIAN (NOT RAISED)",,"STRAIGHT AND LEVEL","DRY","NO DEFECTS","NOT ON SCENE (DESK REPORT)","NO INJURY / DRIVE AWAY",,,,"OVER $1,500","2026-02-12T09:05:00.000","UNABLE TO DETERMINE","UNABLE TO DETERMINE","3330","W","DIVERSEY AVE","1412",,,,,,,"2","NO INDICATION OF INJURY","0","0","0","0","0","2","0","8","5","2","41.9320934914","-87.7111311824","POINT (-87.711131182369 41.932093491422)"
"24ba0c65096c51f0ca21769785541887caa92bbbcd6aecfaee8013a5dba1583425f4be67b14cb3f2868f276b344445be72f596e4107b3e37b56cb8bcab056231",,"2026-02-12T08:30:00.000","25","NO CONTROLS","NO CONTROLS","CLEAR","DAYLIGHT","PARKED MOTOR VEHICLE","ONE-WAY",,"STRAIGHT AND LEVEL","DRY","NO DEFECTS","NOT ON SCENE (DESK REPORT)","NO INJURY / DRIVE AWAY",,,,"OVER $1,500","2026-02-12T14:30:00.000","DISTRACTION - FROM INSIDE VEHICLE","UNABLE TO DETERMINE","300","E","OHIO ST","1834",,,,,,,"2","NO INDICATION OF INJURY","0","0","0","0","0","1","0","8","5","2","41.8927105846","-87.6201306584","POINT (-87.620130658406 41.892710584594)"
"d1a11582418f3b0e3382811fb495ebe494b7eaad715139197c0b4fbd37048210bd8134c3d5e67f7fbb034fe2c3302e6047e0ea1e5ec5f45a598bfe11f0e90665","Y","2026-02-12T08:30:00.000","25","NO CONTROLS","NO CONTROLS","CLEAR","DAYLIGHT","PARKED MOTOR VEHICLE","NOT DIVIDED",,"STRAIGHT AND LEVEL","DRY","NO DEFECTS","ON SCENE","NO INJURY / DRIVE AWAY",,,"Y","OVER $1,500","2026-02-12T09:10:00.000","NOT APPLICABLE","NOT APPLICABLE","6238","S","DORCHESTER AVE","314",,"Y",,,,,"2","NO INDICATION OF INJURY","0","0","0","0","0","1","0","8","5","2","41.7812131538","-87.5915345058","POINT (-87.591534505848 41.781213153809)"
"82af83e184c64b37f5eddd4b267f9be4e46ddf7b26c8003ad4e4f6c6a8d2a08a2c54973a2d59ae77b0767d04408fb848489632fdcf73df3a9b2250e6a1b4f346",,"2026-02-12T08:22:00.000","25","NO CONTROLS","NO CONTROLS","CLEAR","DAYLIGHT","PARKED MOTOR VEHICLE","ALLEY",,"STRAIGHT AND LEVEL","DRY","NO DEFECTS","ON SCENE","NO INJURY / DRIVE AWAY",,,,"OVER $1,500","2026-02-12T08:25:00.000","IMPROPER TURNING/NO SIGNAL","NOT APPLICABLE","5014","N","OAKLEY AVE","2031",,,,,,,"2","NO INDICATION OF INJURY","0","0","0","0","0","1","0","8","5","2","41.9727690079","-87.6867773682","POINT (-87.686777368173 41.972769007871)"
"14fd10b0d748862802f332666bfeda47f51d980dbd638ff6e262de6a473eaf7931d9306b2651dc097e3e3dde1801cadb2cd7f97878401c089fcb3dc4096ce8cf",,"2026-02-12T08:12:00.000","30","STOP SIGN/FLASHER","FUNCTIONING PROPERLY","CLEAR","DAYLIGHT","ANGLE","FOUR WAY",,"STRAIGHT AND LEVEL","DRY","UNKNOWN","ON SCENE","INJURY AND / OR TOW DUE TO CRASH","Y",,,"OVER $1,500","2026-02-12T08:20:00.000","FAILING TO YIELD RIGHT-OF-WAY","NOT APPLICABLE","4100","W","GRENSHAW ST","1132",,,,,,,"2","NONINCAPACITATING INJURY","1","0","0","1","0","2","0","8","5","2","41.8671556222","-87.7277744277","POINT (-87.727774427746 41.867155622182)"
"0a180825380679127c7f8d16bbefd57750bc53600e02243a9ac099427ba6f73f4ff79fbf86ee09aa1163e4ac8d81ab24a5405ffea48f242a7b1110a403b1456e",,"2026-02-12T08:11:00.000","30","TRAFFIC SIGNAL","FUNCTIONING IMPROPERLY","CLEAR","DAYLIGHT","ANGLE","FOUR WAY",,"STRAIGHT AND LEVEL","DRY","NO DEFECTS","ON SCENE","INJURY AND / OR TOW DUE TO CRASH",,,,"OVER $1,500","2026-02-12T08:11:00.000","FAILING TO YIELD RIGHT-OF-WAY","NOT APPLICABLE","10300","S","OGLESBY AVE","434",,,,,,,"2","NO INDICATION OF INJURY","0","0","0","0","0","3","0","8","5","2","41.7079993003","-87.5658649857","POINT (-87.565864985681 41.707999300284)"
"1ab8e561d77c5d19aa3bf932fcc3943f195a7d213544e2821019ed01b75800bff6e651c296d34f40e81f0b36081f38221fa24194bde755ee43938a5d13ae0142",,"2026-02-12T08:10:00.000","30","NO CONTROLS","NO CONTROLS","CLEAR","DAYLIGHT","TURNING","DIVIDED - W/MEDIAN (NOT RAISED)",,"STRAIGHT AND LEVEL","DRY","UNKNOWN","ON SCENE","INJURY AND / OR TOW DUE TO CRASH",,,,"OVER $1,500","2026-02-12T08:14:00.000","UNABLE TO DETERMINE","UNABLE TO DETERMINE","4321","W","BELMONT AVE","2523",,,,,,,"2","NO INDICATION OF INJURY","0","0","0","0","0","2","0","8","5","2","41.9388673209","-87.7359829905","POINT (-87.735982990535 41.938867320877)"
"bd69330ebe2d16261af73d735b8249aa6e8639b72090cecf38f047cd026a28c7ddbaec723a74c20656dfe9a791e7df78f9ea6c04dd738f2b6fe7ac5787676c8f",,"2026-02-12T08:05:00.000","30","NO CONTROLS","NO CONTROLS","CLEAR","DAYLIGHT","SIDESWIPE SAME DIRECTION","NOT DIVIDED",,"STRAIGHT AND LEVEL","DRY","NO DEFECTS","ON SCENE","NO INJURY / DRIVE AWAY",,,,"OVER $1,500","2026-02-12T08:12:00.000","FAILING TO YIELD RIGHT-OF-WAY","UNABLE TO DETERMINE","4241","N","MILWAUKEE AVE","1624",,,,,,,"2","NO INDICATION OF INJURY","0","0","0","0","0","3","0","8","5","2","41.9581316746","-87.7521372508","POINT (-87.752137250782 41.95813167458)"
"a8e1fd1cf62281adc05c138cf4ad6d5b49144a1621f165e0f0d0401d772fad9136a30347bca6fa21ce7805d4da8db1baf81ac2e998a0c5b963b15769c3a521cd",,"2026-02-12T08:04:00.000","30","STOP SIGN/FLASHER","NO CONTROLS","CLEAR","DAYLIGHT","ANGLE","NOT DIVIDED",,"STRAIGHT AND LEVEL","DRY","NO DEFECTS","NOT ON SCENE (DESK REPORT)","NO INJURY / DRIVE AWAY","Y",,,"OVER $1,500","2026-02-12T10:15:00.000","IMPROPER OVERTAKING/PASSING","NOT APPLICABLE","1636","N","NAGLE AVE","2513",,,,,,,"2","NO INDICATION OF INJURY","0","0","0","0","0","2","0","8","5","2","41.9102270971","-87.7868136708","POINT (-87.786813670849 41.910227097125)"
"a94502ca3e3b7acb639a65039b4cfcaee360800c6b209b67d8203e4e9a6a86dab3ffd0dc165f6ba5b61c1b35e199b58d2af15495a2ba858317f7692ee7d8697c",,"2026-02-12T08:00:00.000","35","STOP SIGN/FLASHER","NO CONTROLS","CLEAR","DAYLIGHT","TURNING","NOT DIVIDED",,"STRAIGHT AND LEVEL","DRY","NO DEFECTS","ON SCENE","NO INJURY / DRIVE AWAY","Y",,,"OVER $1,500","2026-02-12T08:05:00.000","UNABLE TO DETERMINE","UNABLE TO DETERMINE","5900","S","CAMPBELL AVE","824",,,,,,,"2","NO INDICATION OF INJURY","0","0","0","0","0","2","0","8","5","2","41.7864316019","-87.68642446","POINT (-87.686424460019 41.786431601856)"
"bb5f9d976e88437cebe980153f6c03e45bf73ab42ed59d6b4eb5a6badf4fd3179313127f0d4a97dc8c25e54883837186ff1401d2b98a8c30573e0a6119df199f",,"2026-02-12T08:00:00.000","30","NO CONTROLS","NO CONTROLS","CLEAR","DAYLIGHT","TURNING","NOT DIVIDED",,"STRAIGHT AND LEVEL","DRY","UNKNOWN","NOT ON SCENE (DESK REPORT)","NO INJURY / DRIVE AWAY","Y",,,"OVER $1,500","2026-02-12T08:42:00.000","UNABLE TO DETERMINE","UNABLE TO DETERMINE","4061","W","63RD ST","813",,,,,,,"2","NO INDICATION OF INJURY","0","0","0","0","0","2","0","8","5","2","41.7785196528","-87.7251402358","POINT (-87.725140235763 41.778519652826)"
"0eb0b4b3148ec2cd7fe2f059e2996503c4fbf637a291add98412051bc516bd3186766532c50a74592dddb40d4f6240fdfa4358495ab1240a5303355d253a5194",,"2026-02-12T07:55:00.000","30","UNKNOWN","NO CONTROLS","CLEAR","DAYLIGHT","TURNING","PARKING LOT",,"STRAIGHT AND LEVEL","DRY","NO DEFECTS","NOT ON SCENE (DESK REPORT)","NO INJURY / DRIVE AWAY",,,,"OVER $1,500","2026-02-12T08:12:00.000","UNABLE TO DETERMINE","NOT APPLICABLE","1615","N","CICERO AVE","2533",,,,,,,"2","NO INDICATION OF INJURY","0","0","0","0","0","2","0","7","5","2","41.9100682454","-87.7459654371","POINT (-87.745965437125 41.910068245394)"
"54e86ed1d32559aacfb28bf3810af8d00509155443764e9b559d3606110553603956a6f2af59544ca006bfc8bf6ffa5c922c6b389d388c003d6f6b2d55f01e0c",,"2026-02-12T07:54:00.000","30","TRAFFIC SIGNAL","FUNCTIONING PROPERLY","CLEAR","DAYLIGHT","PARKED MOTOR VEHICLE","FOUR WAY",,"STRAIGHT AND LEVEL","DRY","NO DEFECTS","ON SCENE","INJURY AND / OR TOW DUE TO CRASH","Y",,"Y","OVER $1,500","2026-02-12T08:00:00.000","UNABLE TO DETERMINE","NOT APPLICABLE","7748","S","COTTAGE GROVE AVE","624",,"Y",,,,,"3","REPORTED, NOT EVIDENT","3","0","0","0","3","1","0","7","5","2","41.7534799555","-87.6054088054","POINT (-87.605408805436 41.753479955541)"
"c4bd93ab3e450c2df4ed71a10aa3ea40fa69aa0b10472a7b3ce089efc5b8353621273b7619816c65fc876c28abcaa5cb7f736365bfe9eff9e3c6db0d989cf31d",,"2026-02-12T07:49:00.000","30","STOP SIGN/FLASHER","NO CONTROLS","CLEAR","DAYLIGHT","ANGLE","FOUR WAY",,"STRAIGHT AND LEVEL","DRY","NO DEFECTS",,"NO INJURY / DRIVE AWAY","Y",,"Y","$501 - $1,500","2026-02-12T07:51:00.000","NOT APPLICABLE","NOT APPLICABLE","549","W","64TH ST","722",,,,,,,"2","NO INDICATION OF INJURY","0","0","0","0","0","3","0","7","5","2","41.7779038117","-87.6392921671","POINT (-87.639292167148 41.777903811732)"