"crash_record_id","crash_date_est_i","crash_date","posted_speed_limit","traffic_control_device","device_condition","weather_condition","lighting_condition","first_crash_type","trafficway_type","lane_cnt","alignment","roadway_surface_cond","road_defect","report_type","crash_type","intersection_related_i","private_property_i","hit_and_run_i","damage","date_police_notified","prim_contributory_cause","sec_contributory_cause","street_no","street_direction","street_name","beat_of_occurrence","photos_taken_i","statements_taken_i","dooring_i","work_zone_i","work_zone_type","workers_present_i","num_units","most_severe_injury","injuries_total","injuries_fatal","injuries_incapacitating","injuries_non_incapacitating","injuries_reported_not_evident","injuries_no_indication","injuries_unknown","crash_hour","crash_day_of_week","crash_month","latitude","longitude","location"
"abceba3ef9b248e796f9b6d78f22febe4de25688d99e008cd40d076b07338b0d163ec1ff6ad8de036d46d9542587aa80de58afe037f666ba293748b8a98a5e97",,"2026-02-12T07:45:00.000","30","TRAFFIC SIGNAL","FUNCTIONING PROPERLY","CLEAR","DAYLIGHT","REAR END","NOT DIVIDED",,"STRAIGHT AND LEVEL","DRY","NO DEFECTS","NOT ON SCENE (DESK REPORT)","NO INJURY / DRIVE AWAY",,,,"$500 OR LESS","2026-02-12T08:05:00.000","UNABLE TO DETERMINE","NOT APPLICABLE","1321","W","AUGUSTA BLVD","1213",,,,,,,"2","NO INDICATION OF INJURY","0","0","0","0","0","2","0","7","5","2","41.8997102447","-87.6610079177","POINT (-87.661007917743 41.899710244727)"
"07b2a9d7986d1a8ab7d94bc0ba3ea1a7648e85dadac2166148a57bac2dcba7b2df60054c2dcb8d651d73ca1f8c9cf082a5fef1e365ea923fea9086a9222229cc",,"2026-02-12T07:32:00.000","15","NO CONTROLS","NO CONTROLS","CLEAR","DAYLIGHT","FIXED OBJECT","ALLEY",,"STRAIGHT AND LEVEL","UNKNOWN","UNKNOWN","NOT ON SCENE (DESK REPORT)","NO INJURY / DRIVE AWAY",,,,"OVER $1,500","2026-03-03T12:30:00.000","UNABLE TO DETERMINE","UNABLE TO DETERMINE","1924","W","21ST ST","1234",,,,,,,"1","NO INDICATION OF INJURY","0","0","0","0","0","1","0","7","5","2","41.8541424131","-87.6744813162","POINT (-87.674481316211 41.854142413149)"
"fa0e41e11a702e94bd2918e11b7abf51238ce954904e4398479994f131c15be8e50f90c96b8e71897a453b859023609b69f0e27eae4572341701f942dca3beed",,"2026-02-12T07:30:00.000","30","NO CONTROLS","NO CONTROLS","CLEAR","DAYLIGHT","SIDESWIPE SAME DIRECTION","DIVIDED - W/MEDIAN BARRIER",,"STRAIGHT AND LEVEL","DRY","NO DEFECTS","ON SCENE","NO INJURY / DRIVE AWAY",,,"Y","$501 - $1,500","2026-02-12T07:45:00.000","IMPROPER OVERTAKING/PASSING","DRIVING SKILLS/KNOWLEDGE/EXPERIENCE","316","W","CERMAK RD","914",,,,,,,"2","NO INDICATION OF INJURY","0","0","0","0","0","2","0","7","5","2","41.8529915031","-87.6355438546","POINT (-87.635543854644 41.852991503101)"
"e00a47710954f3daa124cc1d2258b219265a7255425f6425b088203bf6d4d684dc67394f56e551efc7e78b20959d59215dcd03d64b0fbb08e802f0a759f5b49d",,"2026-02-12T07:26:00.000","30","OTHER","UNKNOWN","CLOUDY/OVERCAST","DAYLIGHT","SIDESWIPE SAME DIRECTION","DIVIDED - W/MEDIAN (NOT RAISED)",,"STRAIGHT ON GRADE","DRY","NO DEFECTS","NOT ON SCENE (DESK REPORT)","NO INJURY / DRIVE AWAY",,,"Y","$501 - $1,500","2026-02-12T07:55:00.000","UNABLE TO DETERMINE","UNABLE TO DETERMINE","500","W","CERMAK RD","1235",,,,,,,"2","NO INDICATION OF INJURY","0","0","0","0","0","3","0","7","5","2","41.8528716877","-87.6405636549","POINT (-87.640563654904 41.852871687739)"
"4e8a7aafee44baa8da28848527f96bde8c0f6e80fa5b5bdd764de27df031c509494887c960a17eab0d04c35b66f9d1b16d701e141afe5a68a9409723c9e18138",,"2026-02-12T07:25:00.000","20","NO CONTROLS","NO CONTROLS","CLEAR","DAYLIGHT","ANGLE","PARKING LOT",,"STRAIGHT AND LEVEL","DRY","NO DEFECTS","ON SCENE","NO INJURY / DRIVE AWAY",,,,"OVER $1,500","2026-02-12T07:27:00.000","UNABLE TO DETERMINE","UNABLE TO DETERMINE","3225","W","47TH ST","821",,,,,,,"2","NO INDICATION OF INJURY","0","0","0","0","0","3","0","7","5","2","41.8079958803","-87.7050376244","POINT (-87.705037624433 41.807995880322)"
"48e6ccda06162a280136b8e38164447388690320022db22e576e9ca1b0a5f79f24edeacbf459d1f3babd7eb5dbbeffee1692ad5aabb87a5fa1a4ce389443afff",,"2026-02-12T07:20:00.000","25","NO CONTROLS","NO CONTROLS","CLEAR","DAYLIGHT","SIDESWIPE SAME DIRECTION","ONE-WAY",,"STRAIGHT AND LEVEL","DRY","NO DEFECTS","ON SCENE","NO INJURY / DRIVE AWAY",,,,"$501 - $1,500","2026-02-12T07:23:00.000","UNABLE TO DETERMINE","UNABLE TO DETERMINE","4743","N","MONTICELLO AVE","1723",,,,,,,"2","NO INDICATION OF INJURY","0","0","0","0","0","2","0","7","5","2","41.9677947012","-87.7193118149","POINT (-87.71931181486 41.967794701248)"
"7544869cd33e3d6264f9ac2ec582595214ec9d584a4d2b1d1640212bc017966dabfd38e2d23f48dbe65d70b57e87662e6e8377af3ffb8a6c7a2df154402cc098",,"2026-02-12T07:20:00.000","30","TRAFFIC SIGNAL","FUNCTIONING PROPERLY","CLEAR","DAYLIGHT","TURNING","DIVIDED - W/MEDIAN (NOT RAISED)",,"CURVE, LEVEL","DRY","NO DEFECTS","ON SCENE","INJURY AND / OR TOW DUE TO CRASH","Y",,,"OVER $1,500","2026-02-12T07:24:00.000","FAILING TO YIELD RIGHT-OF-WAY","FAILING TO YIELD RIGHT-OF-WAY","2600","N","MILWAUKEE AVE","1412",,,,,,,"2","NONINCAPACITATING INJURY","1","0","0","1","0","1","0","7","5","2","41.9289885594","-87.7075003469","POINT (-87.70750034695 41.928988559427)"
"eabc63a5fd0575599036542259eafbdb3f59cd973ad927c574d6af20f52e7fbc50c7e8e25aea7d6d7aa2d61532b8535da65b8a2c1ae0281d20c7211d9903731c",,"2026-02-12T07:16:00.000","30","NO CONTROLS","NO CONTROLS","CLEAR","DAYLIGHT","REAR TO FRONT","DIVIDED - W/MEDIAN BARRIER",,"STRAIGHT AND LEVEL","DRY","NO DEFECTS","ON SCENE","NO INJURY / DRIVE AWAY",,,,"OVER $1,500","2026-02-12T07:16:00.000","IMPROPER BACKING","NOT APPLICABLE","4549","N","CICERO AVE","1722",,,,,,,"2","NO INDICATION OF INJURY","0","0","0","0","0","2","0","7","5","2","41.9639794289","-87.7473233565","POINT (-87.747323356454 41.963979428881)"
"5c239b243ec1998aee54afa64ea7238f463e888924cb235fd46543be11c2372c527286d9ba8fe0e4cf7a65af21e2d37bdc297eb43caba2cadc6715e0b3ebda6f",,"2026-02-12T07:13:00.000","30","NO CONTROLS","NO CONTROLS","CLEAR","DAYLIGHT","SIDESWIPE OPPOSITE DIRECTION","DIVIDED - W/MEDIAN BARRIER",,"CURVE, LEVEL","DRY","NO DEFECTS","NOT ON SCENE (DESK REPORT)","NO INJURY / DRIVE AWAY",,,"Y","OVER $1,500","2026-02-12T08:45:00.000","IMPROPER BACKING","UNABLE TO DETERMINE","4453","N","CICERO AVE","1623","Y",,,,,,"2","NO INDICATION OF INJURY","0","0","0","0","0","4","0","7","5","2","41.9623353082","-87.747519816","POINT (-87.747519815961 41.962335308168)"
"d0fe4a52b77d3ea9be6f5ec727ec710e102443ec1a67b97970de36a1266c6ce86eec1b77fe2793de2d3e62332b3490aab52d049bcebe42d422ac8b545de707ac",,"2026-02-12T07:12:00.000","30","TRAFFIC SIGNAL","FUNCTIONING PROPERLY","CLEAR","DAYLIGHT","REAR END","NOT DIVIDED",,"STRAIGHT AND LEVEL","DRY","NO DEFECTS",,"INJURY AND / OR TOW DUE TO CRASH",,,,"$500 OR LESS","2026-02-13T08:25:00.000","FOLLOWING TOO CLOSELY","NOT APPLICABLE","506","N","MC CLURG CT","1834",,,,,,,"2","REPORTED, NOT EVIDENT","1","0","0","0","1","1","0","7","5","2","41.8913030733","-87.6178238055","POINT (-87.617823805527 41.891303073258)"
"54117df6ff40ae39eeb835566fb68aec3f22962b818025bef2de97a0eacfbe26bd21319e1a9785fa6bcaaefa38725757f80f5ff81761e74d4f1015aca1109f18",,"2026-02-12T07:10:00.000","30","TRAFFIC SIGNAL","FUNCTIONING PROPERLY","CLEAR","DAYLIGHT","TURNING","FOUR WAY",,"STRAIGHT AND LEVEL","DRY","NO DEFECTS","NOT ON SCENE (DESK REPORT)","NO INJURY / DRIVE AWAY","Y",,,"$501 - $1,500","2026-02-12T13:30:00.000","IMPROPER OVERTAKING/PASSING","UNABLE TO DETERMINE","5200","N","MILWAUKEE AVE","1623",,,,,,,"2","NO INDICATION OF INJURY","0","0","0","0","0","3","0","7","5","2","41.9746371862","-87.7669929579","POINT (-87.766992957914 41.974637186208)"
"66aa61fb652531569203ee5ce9e44d6cf7e2a9f431473a9cf5b5bc6ba7824a55d0731a123c9e75eb72548ec3adb7d562ed8de185dc15ce193bcc19c997003872",,"2026-02-12T07:10:00.000","30","NO CONTROLS","NO CONTROLS","CLEAR","DAYLIGHT","PARKED MOTOR VEHICLE","DIVIDED - W/MEDIAN BARRIER",,"STRAIGHT AND LEVEL","DRY","NO DEFECTS","NOT ON SCENE (DESK REPORT)","NO INJURY / DRIVE AWAY",,,"Y","OVER $1,500","2026-02-12T10:20:00.000","FAILING TO YIELD RIGHT-OF-WAY","UNABLE TO DETERMINE","4101","S","DR MARTIN LUTHER KING JR DR","214",,,,,,,"2","NO INDICATION OF INJURY","0","0","0","0","0","1","0","7","5","2","41.8201908751","-87.6167488704","POINT (-87.616748870382 41.820190875078)"
"e680646f8460496611121f40372c88dd5c07429812a846f5e00dd01a989d37872bc3b7faf27df4da8faae5bdf21d466286108637d23ecccb069e184a0d153df2",,"2026-02-12T07:09:00.000","30","TRAFFIC SIGNAL","FUNCTIONING PROPERLY","CLEAR","DAYLIGHT","TURNING","NOT DIVIDED",,"STRAIGHT AND LEVEL","DRY","UNKNOWN","ON SCENE","NO INJURY / DRIVE AWAY","Y",,,"OVER $1,500","2026-02-12T07:15:00.000","TURNING RIGHT ON RED","UNABLE TO DETERMINE","2805","N","CALIFORNIA AVE","1411",,,,,,,"2","NO INDICATION OF INJURY","0","0","0","0","0","3","0","7","5","2","41.9322638042","-87.6974747459","POINT (-87.697474745889 41.932263804213)"
"50ab6f711b74a327b2087e5012ba94b17edc72a3c8f22190cadae8cb3ecf559be37080522b62d57f179a0667d138a765a157081f894770258efe91c0a23c3145",,"2026-02-12T07:05:00.000","30","NO CONTROLS","NO CONTROLS","CLEAR","DAYLIGHT","PARKED MOTOR VEHICLE","OTHER",,"STRAIGHT AND LEVEL","DRY","NO DEFECTS","NOT ON SCENE (DESK REPORT)","NO INJURY / DRIVE AWAY",,,,"OVER $1,500","2026-02-12T13:00:00.000","UNABLE TO DETERMINE","NOT APPLICABLE","7342","S","HOYNE AVE","735",,,,,,,"2","NO INDICATION OF INJURY","0","0","0","0","0","2","0","7","5","2","41.7598681294","-87.6759838049","POINT (-87.675983804924 41.759868129423)"
"ed84f2dbe62c1222012d7f20310b4e705688c24696041ebd99b55a71ac38c26960adc1f093aebed3b82aa99b20726fdc5bdd788e2773e63ad92eecf10cabaf5e",,"2026-02-12T07:04:00.000","30","STOP SIGN/FLASHER","NO CONTROLS","CLEAR","DAYLIGHT","ANGLE","FOUR WAY",,"STRAIGHT AND LEVEL","DRY","NO DEFECTS","NOT ON SCENE (DESK REPORT)","NO INJURY / DRIVE AWAY","Y",,,"$501 - $1,500","2026-02-12T16:05:00.000","UNABLE TO DETERMINE","UNABLE TO DETERMINE","10800","S","AVENUE L","432",,,,,,,"2","NO INDICATION OF INJURY","0","0","0","0","0","3","0","7","5","2","41.6990185862","-87.5366388","POINT (-87.536638799994 41.699018586212)"
"c025e95d926cd281347369e4463b5743e182933f8fb3a8c40698085f8f00fcbdd40296431efc3d535ce75a34bf68a8116ef444b5560874a801e487acbdfc3118",,"2026-02-12T07:00:00.000","30","OTHER REG. SIGN","FUNCTIONING PROPERLY","CLEAR","DAYLIGHT","SIDESWIPE SAME DIRECTION","DIVIDED - W/MEDIAN BARRIER",,"STRAIGHT AND LEVEL","DRY","NO DEFECTS","ON SCENE","INJURY AND / OR TOW DUE TO CRASH",,,,"OVER $1,500","2026-02-12T07:06:00.000","FAILING TO REDUCE SPEED TO AVOID CRASH","IMPROPER OVERTAKING/PASSING","555","S","ASHLAND AVE","1231",,,,"Y","CONSTRUCTION",,"2","NONINCAPACITATING INJURY","2","0","0","2","0","4","0","7","5","2","41.8742513997","-87.6664533589","POINT (-87.666453358949 41.87425139966)"
"e801201c941bb53f8fb20020ea5c8433b5163acdaf8345d546dfe7f597bb300c45548c7eb933d4767db809740a2f9c2533b7453ca7f74a25673b8ac6eb5e20f7",,"2026-02-12T07:00:00.000","30","NO CONTROLS","NO CONTROLS","CLEAR","DAYLIGHT","REAR END","DIVIDED - W/MEDIAN BARRIER",,"STRAIGHT AND LEVEL","DRY","NO DEFECTS","ON SCENE","INJURY AND / OR TOW DUE TO CRASH",,,,"OVER $1,500","2026-02-12T07:13:00.000","ANIMAL","NOT APPLICABLE","5221","W","DEVON AVE","1621",,,,,,,"4","NO INDICATION OF INJURY","0","0","0","0","0","5","0","7","5","2","41.9972144715","-87.7588331977","POINT (-87.75883319767 41.997214471525)"
"0b8a1ae679f53c723ac906bf0f1abb7bf50af04737e5ab51171e1bf112447c2b82bd0efc9db9d171242b416ec7418f0b9aeb0c5fccb03bddceaa2071580f1b3c",,"2026-02-12T06:55:00.000","30","TRAFFIC SIGNAL","FUNCTIONING PROPERLY","CLEAR","DAYLIGHT","TURNING","FOUR WAY",,"STRAIGHT AND LEVEL","DRY","NO DEFECTS","NOT ON SCENE (DESK REPORT)","NO INJURY / DRIVE AWAY","Y",,,"OVER $1,500","2026-02-12T07:45:00.000","FOLLOWING TOO CLOSELY","UNABLE TO DETERMINE","2001","N","HARLEM AVE","2512",,,,,,,"2","NO INDICATION OF INJURY","0","0","0","0","0","2","0","6","5","2","41.9162838914","-87.8058628804","POINT (-87.805862880351 41.916283891358)"
"3e9c2a8316df9f49a881f90b7da2c1247a102f791975c36ab3f758bf213401ba47f835f7db03694283ce1a7f924fad64fca20b66fd92eac554ab7ce065367230",,"2026-02-12T06:55:00.000","35","NO CONTROLS","NO CONTROLS","CLEAR","DAWN","FIXED OBJECT","DIVIDED - W/MEDIAN BARRIER",,"STRAIGHT AND LEVEL","DRY","NO DEFECTS","ON SCENE","INJURY AND / OR TOW DUE TO CRASH",,,,"OVER $1,500","2026-02-12T06:57:00.000","UNABLE TO DETERMINE","DISREGARDING ROAD MARKINGS","356","W","35TH ST","915",,,,,,,"1","NO INDICATION OF INJURY","0","0","0","0","0","1","0","6","5","2","41.8309915027","-87.6361979856","POINT (-87.636197985611 41.83099150274)"
"53ce77be97bf5a48a821154ace4508430585c7957ea1c62aaa2655f780020e4c46c8b42f47a210f77a31a4d6977bae7f86b4ca23556d5c7502b8291c168d7e79",,"2026-02-12T06:48:00.000","30","NO CONTROLS","NO CONTROLS","CLEAR","DAYLIGHT","REAR END","NOT DIVIDED",,"STRAIGHT AND LEVEL","DRY","NO DEFECTS","ON SCENE","INJURY AND / OR TOW DUE TO CRASH",,,,"OVER $1,500","2026-02-12T06:50:00.000","FOLLOWING TOO CLOSELY","FOLLOWING TOO CLOSELY","4855","W","MONTROSE AVE","1624",,,,,,,"4","NONINCAPACITATING INJURY","1","0","0","1","0","3","0","6","5","2","41.9605888552","-87.7497535779","POINT (-87.749753577871 41.960588855153)"
"045c215b1840e30a0a97afc2207446023c078c7652e3120b8a99e14336093254342875285479ed375f7b026e1c27bc35a6e5a386eca0b3a123032acb23cf987d",,"2026-02-12T06:45:00.000","30","NO CONTROLS","NO CONTROLS","CLEAR","DAYLIGHT","OTHER OBJECT","DIVIDED - W/MEDIAN (NOT RAISED)",,"STRAIGHT AND LEVEL","DRY","UNKNOWN","NOT ON SCENE (DESK REPORT)","INJURY AND / OR TOW DUE TO CRASH",,,,"OVER $1,500","2026-02-12T14:40:00.000","NOT APPLICABLE","NOT APPLICABLE","1636","W","ARMITAGE AVE","1432",,,,,,,"1","NO INDICATION OF INJURY","0","0","0","0","0","1","0","6","5","2","41.9180272808","-87.6691112719","POINT (-87.669111271911 41.918027280755)"
"f358a5097ae163bd2699b08015e102f6389386205e0be9a3b5553599b5698b4c1ad303d116f92ffe2082f34d52d7e52dcf97de4da24044bef986119c250c386c",,"2026-02-12T06:45:00.000","20","NO CONTROLS","NO CONTROLS","CLEAR","DAYLIGHT","PARKED MOTOR VEHICLE","ONE-WAY",,"STRAIGHT AND LEVEL","UNKNOWN","UNKNOWN","NOT ON SCENE (DESK REPORT)","NO INJURY / DRIVE AWAY",,,"Y","OVER $1,500","2026-02-12T13:50:00.000","UNABLE TO DETERMINE","NOT APPLICABLE","4358","W","CRYSTAL ST","2534",,,,,,,"2","NO INDICATION OF INJURY","0","0","0","0","0","1","0","6","5","2","41.9035310334","-87.7360459908","POINT (-87.736045990847 41.903531033368)"
"9b0301645f97cc1b864eacb2bc2d4caeffbf63ec669677955a619507755bba1b8ac997f67b7694ae220382d70a2c1d946bdae8a86da3ff534de538d68792e955",,"2026-02-12T06:35:00.000","30","NO CONTROLS","NO CONTROLS","CLEAR","DAWN","SIDESWIPE SAME DIRECTION","NOT DIVIDED",,"STRAIGHT AND LEVEL","DRY","NO DEFECTS","ON SCENE","NO INJURY / DRIVE AWAY",,,"Y","$500 OR LESS","2026-02-12T06:39:00.000","OPERATING VEHICLE IN ERRATIC, RECKLESS, CARELESS, NEGLIGENT OR AGGRESSIVE MANNER","OPERATING VEHICLE IN ERRATIC, RECKLESS, CARELESS, NEGLIGENT OR AGGRESSIVE MANNER","5431","W","BELMONT AVE","2514",,,,,,,"2","NO INDICATION OF INJURY","0","0","0","0","0","2","0","6","5","2","41.9385133917","-87.7628802083","POINT (-87.762880208295 41.93851339165)"
"09b8f262665321169e3e018237751131c8e14ff1d9800d0f6a548cdce1f6651568946cc7df284428c591c74999de4143881ab50f383492ca7a85cd3f85b9a795",,"2026-02-12T06:31:00.000","20","TRAFFIC SIGNAL","FUNCTIONING PROPERLY","CLEAR","DARKNESS, LIGHTED ROAD","PEDESTRIAN","DIVIDED - W/MEDIAN (NOT RAISED)",,"STRAIGHT AND LEVEL","DRY","SHOULDER DEFECT","ON SCENE","INJURY AND / OR TOW DUE TO CRASH","Y",,,"$500 OR LESS","2026-02-12T06:32:00.000","VISION OBSCURED (SIGNS, TREE LIMBS, BUILDINGS, ETC.)","NOT APPLICABLE","3098","N","SHERIDAN RD","1934",,,,,,,"2","INCAPACITATING INJURY","1","0","1","0","0","1","0","6","5","2","41.9376704022","-87.6396131839","POINT (-87.63961318386 41.93767040223)"
"a454f3948143afbcb5b3d83eb811026b2c5a12801828a49d01ad1967bfd694642999efa156f16c61ce1e859a19e17527c4928be5763de6c591ac5708660efec5","Y","2026-02-12T06:20:00.000","30","UNKNOWN","UNKNOWN","UNKNOWN","UNKNOWN","PARKED MOTOR VEHICLE","ONE-WAY",,"STRAIGHT AND LEVEL","UNKNOWN","UNKNOWN","NOT ON SCENE (DESK REPORT)","NO INJURY / DRIVE AWAY",,,"Y","OVER $1,500","2026-02-15T16:40:00.000","UNABLE TO DETERMINE","NOT APPLICABLE","5842","S","HARPER AVE","235",,,,,,,"2","NO INDICATION OF INJURY","0","0","0","0","0","1","0","6","5","2","41.7884153104","-87.5891690304","POINT (-87.589169030376 41.788415310423)"
"8e352609db42c0a55d14d2bd065a58cdc4e38941cf46c1d48b27cb184a322b63f013d5849ed9b73f162a1b34a5807d74d3cd4ff1ef72350f855180132a98afd3",,"2026-02-12T06:18:00.000","30","NO CONTROLS","NO CONTROLS","CLEAR","DAYLIGHT","FIXED OBJECT","NOT DIVIDED",,"STRAIGHT AND LEVEL","DRY","NO DEFECTS","ON SCENE","INJURY AND / OR TOW DUE TO CRASH",,,,"OVER $1,500","2026-02-12T07:27:00.000","UNABLE TO DETERMINE","DRIVING SKILLS/KNOWLEDGE/EXPERIENCE","12150","S","TORRENCE AVE","434",,,,,,,"1","NO INDICATION OF INJURY","0","0","0","0","0","1","0","6","5","2","41.6740833279","-87.559402684","POINT (-87.559402684047 41.674083327858)"
"5b29735c9d69fb9bc8eaaff026a80fa802a902f7b053bb75bdfd9d700c22c41f94273d0e36099d57bb01a0c647778f317e8573adc2bf0f55a887b66f9100160d","Y","2026-02-12T06:13:00.000","30","NO CONTROLS","NO CONTROLS","UNKNOWN","UNKNOWN","PARKED MOTOR VEHICLE","ONE-WAY",,"STRAIGHT AND LEVEL","UNKNOWN","UNKNOWN","ON SCENE","INJURY AND / OR TOW DUE TO CRASH",,,"Y","OVER $1,500","2026-02-14T10:46:00.000","UNABLE TO DETERMINE","NOT APPLICABLE","1146","W","KINZIE ST","1214",,,,,,,"2","NO INDICATION OF INJURY","0","0","0","0","0","1","0","6","5","2","41.8890643566","-87.6564001884","POINT (-87.656400188419 41.889064356633)"
"c79dee054c66b9d3c484dffdd868d5947f0bcf3e5e90fb73db9ab2307b6cf5116d0aad34888a60f8214d82fb26568af67bde6aec9a7e5f4ecc237c976b857e57",,"2026-02-12T06:12:00.000","45","NO CONTROLS","NO CONTROLS","CLEAR","DAYLIGHT","FIXED OBJECT","DIVIDED - W/MEDIAN BARRIER",,"STRAIGHT AND LEVEL","DRY","NO DEFECTS","ON SCENE","INJURY AND / OR TOW DUE TO CRASH",,,,"OVER $1,500","2026-02-12T06:15:00.000","UNABLE TO DETERMINE","NOT APPLICABLE","990","N","LAKE SHORE DR SB","1833",,,,,,,"1","NO INDICATION OF INJURY","0","0","0","0","0","1","0","6","5","2","41.9008061097","-87.6197239614","POINT (-87.619723961393 41.90080610974)"
"7157bbb492b4802c5cbc2f2e024a36180ad9b2409180dcabc35102626be014f38090226b7e480e186a08a010af664cbb4c0d8a76325a454139b1a4b6e149ced7",,"2026-02-12T06:00:00.000","10","NO CONTROLS","NO CONTROLS","CLEAR","DARKNESS","PARKED MOTOR VEHICLE","PARKING LOT",,"STRAIGHT AND LEVEL","DRY","NO DEFECTS","ON SCENE","NO INJURY / DRIVE AWAY",,,,"$500 OR LESS","2026-02-12T14:15:00.000","UNABLE TO DETERMINE","UNABLE TO DETERMINE","5130","W","63RD ST","813",,,,,,,"2","NO INDICATION OF INJURY","0","0","0","0","0","1","0","6","5","2","41.778375551","-87.7507325629","POINT (-87.750732562886 41.778375551031)"
"3f3326b4a05bdbba52655f5e06a7fc90418eb2dd17cffe2f97e7710d8e816a567dc3c426ffdd286d24cad049775a77c84f4d98deed2bf95d6b4ef7e103e8a332",,"2026-02-12T05:58:00.000","30","UNKNOWN","UNKNOWN","CLEAR","DUSK","TURNING","NOT DIVIDED",,"STRAIGHT AND LEVEL","DRY","UNKNOWN","ON SCENE","NO INJURY / DRIVE AWAY",,,"Y","OVER $1,500","2026-02-12T06:01:00.000","UNABLE TO DETERMINE","UNABLE TO DETERMINE","7301","S","JEFFERY BLVD","333",,,,,,,"2","NO INDICATION OF INJURY","0","0","0","0","0","2","0","5","5","2","41.7624950084","-87.5760743412","POINT (-87.576074341247 41.762495008356)"
"94fa855ec2eec5ba9a2a41000fd3249db2ab036c01db2758516a5a965f0546d94dbd2049845646f807ec609ff619b435511a2d830825875db2c96d87c079aded","Y","2026-02-12T05:48:00.000","25","TRAFFIC SIGNAL","FUNCTIONING PROPERLY","CLEAR","DARKNESS, LIGHTED ROAD","SIDESWIPE SAME DIRECTION","NOT DIVIDED",,"STRAIGHT AND LEVEL","DRY","NO DEFECTS","ON SCENE","NO INJURY / DRIVE AWAY",,,,"OVER $1,500","2026-02-12T05:48:00.000","NOT APPLICABLE","NOT APPLICABLE","1100","W","DIVISION ST","1822",,,,,,,"2","NO INDICATION OF INJURY","0","0","0","0","0","2","0","5","5","2","41.903639931","-87.65554697","POINT (-87.655546970003 41.903639930952)"
"088f80986603c67fbde8c26b96f7da6e79c4cee8f64406c13d169b7bb6c559e28b00e7bbaa6a3503732b399cebd6f3fa8caccb001a6940d11ec60996e36bbb76",,"2026-02-12T05:45:00.000","30","NO CONTROLS","NO CONTROLS","UNKNOWN","DARKNESS","PARKED MOTOR VEHICLE","ONE-WAY",,"STRAIGHT AND LEVEL","DRY","NO DEFECTS","NOT ON SCENE (DESK REPORT)","NO INJURY / DRIVE AWAY",,,"Y","OVER $1,500","2026-02-12T07:40:00.000","UNABLE TO DETERMINE","NOT APPLICABLE","1221","E","52ND ST","234",,,,,,,"2","NO INDICATION OF INJURY","0","0","0","0","0","1","0","5","5","2","41.8008198371","-87.5957835587","POINT (-87.595783558654 41.800819837101)"
"ac058b7d063df9f7ff3d327b1e4ad2af9e33537e30bcecb674f238c0cb1db206a07d51c53bba4cda5c1d01e9468dc920a6186090c00a8e3a467396b13d6698b8",,"2026-02-12T05:40:00.000","30","UNKNOWN","OTHER","CLEAR","DAWN","REAR TO FRONT","PARKING LOT",,"STRAIGHT AND LEVEL","DRY","NO DEFECTS","ON SCENE","NO INJURY / DRIVE AWAY",,,,"$501 - $1,500","2026-02-12T05:40:00.000","NOT APPLICABLE","NOT APPLICABLE","1542","W","58TH ST","713",,,,,,,"2","NO INDICATION OF INJURY","0","0","0","0","0","4","0","5","5","2","41.7886874845","-87.6637385451","POINT (-87.663738545097 41.788687484479)"
"d71477ce84c17a2e849d76854b520e54bb8840079112c09116bf6f0ccfd7a8912d3da8256f74a20d6b3e9ff8335e840800e2c1f806160ccc72b705c0366207e0",,"2026-02-12T05:30:00.000","30","STOP SIGN/FLASHER","NO CONTROLS","CLEAR","DAWN","ANGLE","FOUR WAY",,"STRAIGHT AND LEVEL","DRY","NO DEFECTS","NOT ON SCENE (DESK REPORT)","NO INJURY / DRIVE AWAY",,,,"$501 - $1,500","2026-02-12T11:15:00.000","UNABLE TO DETERMINE","UNABLE TO DETERMINE","11808","S","MARSHFIELD AVE","2234",,,,,,,"2","NO INDICATION OF INJURY","0","0","0","0","0","2","0","5","5","2","41.6790346556","-87.6626301596","POINT (-87.662630159624 41.679034655593)"
"3311ffbd5969e382801affc452b5437dbbd20eadbc3f3cae45a00f02bd5ff4a5b3581879dd8ab1c485562385e26cbb8c6c2effbe6787bd4b782188b638a4fb87",,"2026-02-12T05:20:00.000","30","TRAFFIC SIGNAL","FUNCTIONING PROPERLY","CLEAR","DARKNESS","ANGLE","FOUR WAY",,"STRAIGHT AND LEVEL","DRY","NO DEFECTS","ON SCENE","INJURY AND / OR TOW DUE TO CRASH","Y",,"Y","OVER $1,500","2026-02-12T05:22:00.000","DISREGARDING TRAFFIC SIGNALS","NOT APPLICABLE","1558","W","59TH ST","713","Y","Y",,,,,"2","NONINCAPACITATING INJURY","1","0","0","1","0","3","0","5","5","2","41.7868576873","-87.6643366707","POINT (-87.66433667069 41.786857687317)"
"61226edd792a31acc661c7a26057897d9bf03638a64787e067d574b4f76241d22bc8ba1b576b40a3fe487173f8cc1e058e8b675832879438abd3f97217236d87","N","2026-02-12T03:30:00.000","30","NO CONTROLS","NO CONTROLS","CLEAR","DARKNESS","PARKED MOTOR VEHICLE","ONE-WAY",,"STRAIGHT AND LEVEL","DRY","NO DEFECTS","ON SCENE","NO INJURY / DRIVE AWAY",,,"Y","OVER $1,500","2026-02-12T06:01:00.000","UNABLE TO DETERMINE","NOT APPLICABLE","4533","S","WASHTENAW AVE","922",,,,,,,"3","NO INDICATION OF INJURY","0","0","0","0","0","1","0","3","5","2","41.8109492314","-87.6916946973","POINT (-87.691694697259 41.810949231398)"