"crash_record_id","crash_date_est_i","crash_date","posted_speed_limit","traffic_control_device","device_condition","weather_condition","lighting_condition","first_crash_type","trafficway_type","lane_cnt","alignment","roadway_surface_cond","road_defect","report_type","crash_type","intersection_related_i","private_property_i","hit_and_run_i","damage","date_police_notified","prim_contributory_cause","sec_contributory_cause","street_no","street_direction","street_name","beat_of_occurrence","photos_taken_i","statements_taken_i","dooring_i","work_zone_i","work_zone_type","workers_present_i","num_units","most_severe_injury","injuries_total","injuries_fatal","injuries_incapacitating","injuries_non_incapacitating","injuries_reported_not_evident","injuries_no_indication","injuries_unknown","crash_hour","crash_day_of_week","crash_month","latitude","longitude","location"
"ecf1907e42b439587e9c2cf1d6de48fb7a193df988f72f238d98bbd579cae6830c4e8c34bca8cf06878e41e4d9d342d9ec56d82d91b14a138420cd3174f1c03f",,"2026-02-12T03:00:00.000","20","NO CONTROLS","NO CONTROLS","UNKNOWN","DARKNESS, LIGHTED ROAD","PARKED MOTOR VEHICLE","NOT DIVIDED",,"STRAIGHT AND LEVEL","UNKNOWN","UNKNOWN","NOT ON SCENE (DESK REPORT)","NO INJURY / DRIVE AWAY",,,"Y","OVER $1,500","2026-02-12T17:00:00.000","UNABLE TO DETERMINE","NOT APPLICABLE","5224","W","BLOOMINGDALE AVE","2532",,,,,,,"2","NO INDICATION OF INJURY","0","0","0","0","0","1","0","3","5","2","41.9132535451","-87.7568764755","POINT (-87.756876475501 41.913253545075)"
"e5632b694fbadf063442b642dfc6ac6f3fbcbd4d96d80c45ab6186f86d000a78afb34da7fab2f15a3a47b0058959b6ad5f484a657624320a511f329a9bc0d90e","Y","2026-02-12T02:04:00.000","25","NO CONTROLS","NO CONTROLS","CLEAR","DARKNESS, LIGHTED ROAD","PARKED MOTOR VEHICLE","ONE-WAY",,"STRAIGHT AND LEVEL","DRY","NO DEFECTS","ON SCENE","NO INJURY / DRIVE AWAY",,,,"$501 - $1,500","2026-02-12T02:04:00.000","UNABLE TO DETERMINE","NOT APPLICABLE","2320","S","TROY ST","1033",,,,,,,"2","NO INDICATION OF INJURY","0","0","0","0","0","2","0","2","5","2","41.8493311443","-87.7041011307","POINT (-87.704101130739 41.849331144325)"
"04729bcabbf2dcebb3a349fc9ff045bd9ce69f1634fa3ecebe86a8ea51665083deb357f1d97f2d44ea6bb23dcc944bbdb0edd7eb0285dd212172db09288142ab",,"2026-02-12T02:03:00.000","15","NO CONTROLS","NO CONTROLS","CLEAR","DARKNESS, LIGHTED ROAD","PARKED MOTOR VEHICLE","NOT DIVIDED",,"STRAIGHT AND LEVEL","DRY","NO DEFECTS","ON SCENE","INJURY AND / OR TOW DUE TO CRASH",,,"Y","OVER $1,500","2026-02-12T02:03:00.000","UNABLE TO DETERMINE","UNABLE TO DETERMINE","5964","W","ADAMS BLVD","1513",,,,,,,"3","NO INDICATION OF INJURY","0","0","0","0","0","1","0","2","5","2","41.8777300982","-87.7738360532","POINT (-87.773836053231 41.877730098173)"
"4e9edf449249c4ed0836986d059bdfa5aff695dab25ea2b74486a52bcc646b55e6aa3f437bd2ef1840561c5e05df280ecb753a809276307093f0118c613a439e",,"2026-02-12T01:15:00.000","30","NO CONTROLS","NO CONTROLS","CLEAR","DARKNESS","SIDESWIPE SAME DIRECTION","NOT DIVIDED",,"STRAIGHT AND LEVEL","DRY","NO DEFECTS","NOT ON SCENE (DESK REPORT)","NO INJURY / DRIVE AWAY",,,"Y","OVER $1,500","2026-02-12T01:30:00.000","UNABLE TO DETERMINE","NOT APPLICABLE","9600","S","EWING AVE","432",,,,,,,"2","NO INDICATION OF INJURY","0","0","0","0","0","2","0","1","5","2","41.721261332","-87.5354335619","POINT (-87.535433561916 41.721261332025)"
"13eb01e0f6e9cb78172f14247941456788a68aa856b8fe917f5dd1e44bdb709f4a4f80abc572ce3c3a48794469f161299f1da0bb304a5ca487c52f91ded55095",,"2026-02-12T00:55:00.000","30","TRAFFIC SIGNAL","FUNCTIONING PROPERLY","CLEAR","DARKNESS, LIGHTED ROAD","REAR END","ONE-WAY",,"STRAIGHT AND LEVEL","DRY","NO DEFECTS","NOT ON SCENE (DESK REPORT)","NO INJURY / DRIVE AWAY",,,,"$501 - $1,500","2026-02-16T14:30:00.000","FOLLOWING TOO CLOSELY","NOT APPLICABLE","111","W","WASHINGTON ST","122","N",,,,,,"2","NO INDICATION OF INJURY","0","0","0","0","0","2","0","0","5","2","41.8831009625","-87.6312632208","POINT (-87.631263220785 41.883100962496)"
"0c73e5aec5e6161279ac03433edfc5961bebe99de23f72ef7763f747c39f7dcefd91ed2c07d5d3762e50995be5483534a1be9cf11346e5b65847016e6f078a75",,"2026-02-11T23:24:00.000","30","STOP SIGN/FLASHER","FUNCTIONING PROPERLY","CLEAR","DARKNESS, LIGHTED ROAD","PEDESTRIAN","FOUR WAY",,"STRAIGHT AND LEVEL","DRY","NO DEFECTS","ON SCENE","INJURY AND / OR TOW DUE TO CRASH",,,,"OVER $1,500","2026-02-11T23:43:00.000","IMPROPER TURNING/NO SIGNAL","NOT APPLICABLE","39","W","ONTARIO ST","1832",,,,,,,"2","INCAPACITATING INJURY","1","0","1","0","0","1","0","23","4","2","41.8931405287","-87.629614165","POINT (-87.629614164999 41.893140528749)"
"9aacc5451375866946fa05a367ebd6b4d51eda99a3696aa5edecad675ad16a4c46aeb3cf98edcf8b07ae061f9ab2e3690e2f36876c4f116051501b6291b916ff",,"2026-02-11T23:11:00.000","30","NO CONTROLS","UNKNOWN","CLEAR","DARKNESS, LIGHTED ROAD","PARKED MOTOR VEHICLE","DIVIDED - W/MEDIAN (NOT RAISED)",,"STRAIGHT AND LEVEL","UNKNOWN","UNKNOWN","ON SCENE","INJURY AND / OR TOW DUE TO CRASH",,,"Y","OVER $1,500","2026-02-11T23:16:00.000","UNABLE TO DETERMINE","NOT APPLICABLE","3440","W","ROOSEVELT RD","1133",,,,,,,"2","NO INDICATION OF INJURY","0","0","0","0","0","1","0","23","4","2","41.8664397713","-87.7121808603","POINT (-87.712180860331 41.866439771292)"
"fd707308ee5254ea99faa7bb1ddd773f77f99247adf47f7747455cf5dd32a92df33083b1b5f47d10f912356da942fe6da06764079bf0b9a15b2885c4d3f573e0",,"2026-02-11T22:59:00.000","30","TRAFFIC SIGNAL","FUNCTIONING PROPERLY","CLEAR","DARKNESS, LIGHTED ROAD","TURNING","FOUR WAY",,"STRAIGHT AND LEVEL","DRY","NO DEFECTS","ON SCENE","NO INJURY / DRIVE AWAY",,,"Y","OVER $1,500","2026-02-11T22:59:00.000","IMPROPER OVERTAKING/PASSING","FAILING TO YIELD RIGHT-OF-WAY","3953","W","CHICAGO AVE","1112",,,,,,,"2","NO INDICATION OF INJURY","0","0","0","0","0","3","0","22","4","2","41.8952609502","-87.7257442925","POINT (-87.725744292454 41.895260950237)"
"66aefc51f1cd9f9a5f500739af2768603dc0e37f383ffd9d21e85a2ffa0089d16812c5fc4879842d998a643c60935656aad9de8b1b379c2db816307b74c4570c",,"2026-02-11T22:58:00.000","30","TRAFFIC SIGNAL","FUNCTIONING PROPERLY","CLEAR","DARKNESS, LIGHTED ROAD","PEDESTRIAN","FOUR WAY",,"STRAIGHT AND LEVEL","DRY","UNKNOWN","ON SCENE","INJURY AND / OR TOW DUE TO CRASH","Y",,"Y","OVER $1,500","2026-02-11T23:08:00.000","UNABLE TO DETERMINE","UNABLE TO DETERMINE","624","N","FRANKLIN ST","1831",,,,,,,"2","NONINCAPACITATING INJURY","1","0","0","1","0","1","0","22","4","2","41.89312554","-87.6357604248","POINT (-87.635760424789 41.893125539975)"
"c5acc21147f10cf07f05f1f69055732909600bdc4acd3e4a4eccd60c826c3d8922092950f1949b6b4b457c39ed3d14672c13e3bbb41c778804d2862fa50d85af",,"2026-02-11T22:57:00.000","30","TRAFFIC SIGNAL","FUNCTIONING PROPERLY","CLEAR","DARKNESS, LIGHTED ROAD","REAR END","FOUR WAY",,"STRAIGHT AND LEVEL","DRY","NO DEFECTS","ON SCENE","INJURY AND / OR TOW DUE TO CRASH","Y",,,"OVER $1,500","2026-02-11T23:09:00.000","FAILING TO REDUCE SPEED TO AVOID CRASH","FAILING TO REDUCE SPEED TO AVOID CRASH","5501","S","WOODLAWN AVE","235",,,,,,,"2","NONINCAPACITATING INJURY","1","0","0","1","0","2","0","22","4","2","41.794977458","-87.5963961938","POINT (-87.596396193791 41.794977458038)"
"5bc14f57b3202e3fbcf8dad283bc0278097689a81417cd7b104e5db38034e71a33272277b213a0c45d3ac1bd7b165591204a30f31e582e7c47d15f5736d8e33c",,"2026-02-11T22:50:00.000","30","NO CONTROLS","NO CONTROLS","CLEAR","DARKNESS, LIGHTED ROAD","SIDESWIPE SAME DIRECTION","ONE-WAY",,"STRAIGHT AND LEVEL","DRY","NO DEFECTS","NOT ON SCENE (DESK REPORT)","NO INJURY / DRIVE AWAY",,,,"OVER $1,500","2026-02-12T00:45:00.000","IMPROPER LANE USAGE","NOT APPLICABLE","153","E","ERIE ST","1834",,,,,,,"2","NO INDICATION OF INJURY","0","0","0","0","0","2","0","22","4","2","41.8940423583","-87.6233851555","POINT (-87.623385155458 41.894042358283)"
"db867b0faefb8bc16d47a05a8949ed6fec082dac3fd82a4e09c25e2a5ec619b3a91512c3489e64cad404ed6dc425a234d07dfbf72c23a990b33464f9c5f32aab","N","2026-02-11T22:21:00.000","20","TRAFFIC SIGNAL","FUNCTIONING PROPERLY","CLEAR","DARKNESS, LIGHTED ROAD","ANGLE","FOUR WAY",,"STRAIGHT AND LEVEL","DRY","NO DEFECTS","ON SCENE","INJURY AND / OR TOW DUE TO CRASH","Y",,,"OVER $1,500","2026-02-11T22:21:00.000","DISREGARDING TRAFFIC SIGNALS","DISREGARDING OTHER TRAFFIC SIGNS","8700","S","LAFAYETTE AVE","634",,,,,,,"3","NO INDICATION OF INJURY","0","0","0","0","0","3","0","22","4","2","41.7361651101","-87.625587569","POINT (-87.625587568999 41.736165110086)"
"b06809306ecab6bd35dba1338e0dca1dc6faf2da9aac425e8f1c2a597c75a58270b05b46b624649107caafcd509f1c04141ee4d943ebfc3fe7ee62867a41fc35",,"2026-02-11T22:02:00.000","30","NO CONTROLS","NO CONTROLS","CLEAR","DARKNESS, LIGHTED ROAD","REAR TO FRONT","PARKING LOT",,"STRAIGHT AND LEVEL","DRY","NO DEFECTS","ON SCENE","NO INJURY / DRIVE AWAY",,"Y",,"$501 - $1,500","2026-02-11T22:34:00.000","IMPROPER BACKING","UNABLE TO DETERMINE","2357","W","FULLERTON AVE","1432",,,,,,,"2","NO INDICATION OF INJURY","0","0","0","0","0","3","0","22","4","2","41.9247919066","-87.6875217952","POINT (-87.687521795166 41.924791906639)"
"42d42ccf080c11fb36453ee9d0a6e8e93d898bc4adb959bc0b824b2a27dbb9eb05338ffb1b0548edbf381826d68729baab0f38196330daad45ea833c927a5822",,"2026-02-11T22:00:00.000","25","STOP SIGN/FLASHER","FUNCTIONING PROPERLY","CLEAR","DARKNESS, LIGHTED ROAD","ANGLE","FOUR WAY",,"STRAIGHT AND LEVEL","DRY","NO DEFECTS","NOT ON SCENE (DESK REPORT)","NO INJURY / DRIVE AWAY",,,,"OVER $1,500","2026-02-12T12:40:00.000","DISREGARDING STOP SIGN","DISTRACTION - FROM INSIDE VEHICLE","8200","S","DORCHESTER AVE","411",,,,,,,"2","NO INDICATION OF INJURY","0","0","0","0","0","2","0","22","4","2","41.7458729745","-87.5906375097","POINT (-87.590637509735 41.745872974527)"
"9dce990d5b339b94fc77d3c6e2c9b09d3097104ccb5cec3b1c1617777867309f8c52c491cb56cfb63cafd866c4aa7ca5c2fb05f112b6c74e96aadf816b9fc900",,"2026-02-11T22:00:00.000","30","NO CONTROLS","NO CONTROLS","UNKNOWN","DARKNESS, LIGHTED ROAD","PARKED MOTOR VEHICLE","ONE-WAY",,"STRAIGHT AND LEVEL","DRY","NO DEFECTS","NOT ON SCENE (DESK REPORT)","NO INJURY / DRIVE AWAY",,,"Y","OVER $1,500","2026-02-13T15:15:00.000","UNABLE TO DETERMINE","NOT APPLICABLE","2129","N","SPRINGFIELD AVE","2525",,,,,,,"2","NO INDICATION OF INJURY","0","0","0","0","0","1","0","22","4","2","41.9198957491","-87.7240425583","POINT (-87.724042558279 41.919895749127)"
"5709b4c4747de139f5b3068f5fdbb39f978c02af23e7f7e2e8ca2ddfb732c25b7be9e435a79083125d95f7c6186afd1d706de687df5711cb662732953a226a9a",,"2026-02-11T21:57:00.000","15","NO CONTROLS","NO CONTROLS","CLEAR","DARKNESS, LIGHTED ROAD","OTHER OBJECT","ALLEY",,"STRAIGHT AND LEVEL","DRY","NO DEFECTS","ON SCENE","INJURY AND / OR TOW DUE TO CRASH",,,"Y","$501 - $1,500","2026-02-11T22:03:00.000","OPERATING VEHICLE IN ERRATIC, RECKLESS, CARELESS, NEGLIGENT OR AGGRESSIVE MANNER","FAILING TO REDUCE SPEED TO AVOID CRASH","4410","S","DREXEL BLVD","221",,,,,,,"1","NO INDICATION OF INJURY","0","0","0","0","0","1","0","21","4","2","41.8146428228","-87.6046290735","POINT (-87.604629073457 41.814642822766)"
"d840d108ab08c498ce7318070a26285f35ad7a3e133484172a06809c5a169d4b6bfafcce5f80160430cdae3f2c1714b933ccba6144536847987ae34fe387748b",,"2026-02-11T21:42:00.000","30","TRAFFIC SIGNAL","FUNCTIONING PROPERLY","CLEAR","DARKNESS, LIGHTED ROAD","ANGLE","FOUR WAY",,"STRAIGHT AND LEVEL","DRY","NO DEFECTS","ON SCENE","INJURY AND / OR TOW DUE TO CRASH","Y",,,"$501 - $1,500","2026-02-11T21:50:00.000","DISREGARDING TRAFFIC SIGNALS","NOT APPLICABLE","1159","N","PULASKI RD","1112",,,,,,,"2","REPORTED, NOT EVIDENT","1","0","0","0","1","1","0","21","4","2","41.9025278231","-87.7261510275","POINT (-87.726151027549 41.902527823105)"
"b19fbc8f224882a1ef75808230464573037e4dc3339f57f8ec38619c1cea08eb6af97aed7d094361b42926ee92c59417aeef224e43f531335858927b0fc272c4",,"2026-02-11T21:30:00.000","30","TRAFFIC SIGNAL","FUNCTIONING PROPERLY","CLEAR","DARKNESS, LIGHTED ROAD","REAR END","NOT DIVIDED",,"STRAIGHT AND LEVEL","DRY","NO DEFECTS","NOT ON SCENE (DESK REPORT)","NO INJURY / DRIVE AWAY",,,,"OVER $1,500","2026-02-11T21:42:00.000","UNABLE TO DETERMINE","NOT APPLICABLE","5900","S","CICERO AVE","813",,,,,,,"2","NO INDICATION OF INJURY","0","0","0","0","0","2","0","21","4","2","41.7856433239","-87.7414857784","POINT (-87.741485778405 41.785643323876)"
"622adc1f63171c442b1495796286dd2f5000423cf808620224b81fe901717cc9cf1a74f37fd470b8237776b3c301835af89eec9b1f846ff9894e00cc56b9275c",,"2026-02-11T21:20:00.000","30","TRAFFIC SIGNAL","FUNCTIONING PROPERLY","CLEAR","DARKNESS, LIGHTED ROAD","TURNING","DIVIDED - W/MEDIAN (NOT RAISED)",,"STRAIGHT AND LEVEL","DRY","NO DEFECTS","NOT ON SCENE (DESK REPORT)","NO INJURY / DRIVE AWAY",,,"Y","OVER $1,500","2026-02-12T13:35:00.000","DISREGARDING TRAFFIC SIGNALS","NOT APPLICABLE","7601","S","STATE ST","623",,,,,,,"2","NO INDICATION OF INJURY","0","0","0","0","0","2","0","21","4","2","41.7564030926","-87.6245765157","POINT (-87.624576515698 41.756403092616)"
"9618728580498c32e4ca3e1f005c3537dbbede7439cd6033d1af5ead19e1ff36cb95e60e43986491d81f4adc72b4e117e21c5a54f48a5c8678c2b48f147e646b","Y","2026-02-11T21:15:00.000","30","NO CONTROLS","NO CONTROLS","CLEAR","DARKNESS, LIGHTED ROAD","PARKED MOTOR VEHICLE","ONE-WAY",,"STRAIGHT AND LEVEL","DRY","NO DEFECTS","ON SCENE","INJURY AND / OR TOW DUE TO CRASH",,,,"OVER $1,500","2026-02-11T22:15:00.000","PHYSICAL CONDITION OF DRIVER","PHYSICAL CONDITION OF DRIVER","5016","S","INDIANA AVE","224",,,,,,,"2","NONINCAPACITATING INJURY","1","0","0","1","0","0","0","21","4","2","41.8033025691","-87.6212058433","POINT (-87.621205843267 41.803302569077)"
"c5c9fbdfb4d22eca73df783fc7f45f8caf8bb5c87b453124ec94cc793c2e832278d1d9334bc2dd22309deb61179f3882c767096d9b4e431e553fd266af802bc1",,"2026-02-11T21:00:00.000","30","NO CONTROLS","NO CONTROLS","CLEAR","DARKNESS, LIGHTED ROAD","PARKED MOTOR VEHICLE","NOT DIVIDED",,"STRAIGHT AND LEVEL","DRY","NO DEFECTS","NOT ON SCENE (DESK REPORT)","NO INJURY / DRIVE AWAY",,,"Y","$501 - $1,500","2026-02-11T21:15:00.000","FAILING TO REDUCE SPEED TO AVOID CRASH","UNABLE TO DETERMINE","3302","N","BROADWAY","1925",,,,,,,"2","NO INDICATION OF INJURY","0","0","0","0","0","4","0","21","4","2","41.9419643158","-87.6446071855","POINT (-87.644607185509 41.941964315829)"
"eaea120aca83877a42f50cd291c878258639a175ca43277e54a6f9c635c610f3b4d8d30425f772e3b7483f4abaf2d3ca1c2225bb8fcd513ca49b4cf6d9762ad7",,"2026-02-11T21:00:00.000","30","NO CONTROLS","NO CONTROLS","CLEAR","DARKNESS, LIGHTED ROAD","PARKED MOTOR VEHICLE","ONE-WAY",,"STRAIGHT AND LEVEL","DRY","UNKNOWN","ON SCENE","NO INJURY / DRIVE AWAY",,,"Y","$500 OR LESS","2026-02-11T21:32:00.000","UNABLE TO DETERMINE","UNABLE TO DETERMINE","3051","S","DRAKE AVE","1032",,,,,,,"2","NO INDICATION OF INJURY","0","0","0","0","0","1","0","21","4","2","41.8374000385","-87.713233375","POINT (-87.713233374982 41.837400038461)"
"5eb550b74919087002ea33cf9c6c125f230b4e096d2dd179ce0137c853ac85bf26fca6905a0f7ff0af0f36645ecf2d050627b18a278cdd6a0e9c5800af5518ec",,"2026-02-11T20:49:00.000","30","STOP SIGN/FLASHER","FUNCTIONING PROPERLY","CLEAR","DARKNESS, LIGHTED ROAD","TURNING","TRAFFIC ROUTE",,"STRAIGHT AND LEVEL","DRY","UNKNOWN","ON SCENE","NO INJURY / DRIVE AWAY",,,,"OVER $1,500","2026-02-11T20:50:00.000","IMPROPER TURNING/NO SIGNAL","NOT APPLICABLE","5234","S","ARCHER AVE","815",,,,,,,"2","NO INDICATION OF INJURY","0","0","0","0","0","2","0","20","4","2","41.7998365207","-87.7362404775","POINT (-87.736240477467 41.799836520744)"
"e8897822f8ceeffdc7425194f6959f35325352e255636164c88d2e638cc24343a9e296a55915103b241dc3d8a26c34bc1e8f984a95ce1d95a283d6f7ec2d8625",,"2026-02-11T20:45:00.000","30","NO CONTROLS","NO CONTROLS","CLEAR","DUSK","PARKED MOTOR VEHICLE","DIVIDED - W/MEDIAN (NOT RAISED)",,"STRAIGHT AND LEVEL","DRY","UNKNOWN","NOT ON SCENE (DESK REPORT)","NO INJURY / DRIVE AWAY",,,"Y","OVER $1,500","2026-02-11T23:10:00.000","UNABLE TO DETERMINE","UNABLE TO DETERMINE","3653","W","DIVERSEY AVE","2524",,,,,,,"2","NO INDICATION OF INJURY","0","0","0","0","0","1","0","20","4","2","41.9317732519","-87.7193383286","POINT (-87.719338328582 41.931773251904)"
"763ac60e8a7053ceb6b78d0c087a5eb18c0ec1c2e58ce90ef2b8933d6e386da3a0f41601871a591db3ca1d48d2b3c193da4d1b8da66829ffdb3c00fc0a2e4b6d",,"2026-02-11T20:30:00.000","30","TRAFFIC SIGNAL","FUNCTIONING PROPERLY","CLEAR","DARKNESS, LIGHTED ROAD","SIDESWIPE SAME DIRECTION","NOT DIVIDED",,"STRAIGHT AND LEVEL","DRY","NO DEFECTS","NOT ON SCENE (DESK REPORT)","NO INJURY / DRIVE AWAY",,,"Y","$501 - $1,500","2026-02-11T21:20:00.000","IMPROPER TURNING/NO SIGNAL","OPERATING VEHICLE IN ERRATIC, RECKLESS, CARELESS, NEGLIGENT OR AGGRESSIVE MANNER","1209","N","MILWAUKEE AVE","1433",,,,,,,"2","NO INDICATION OF INJURY","0","0","0","0","0","3","0","20","4","2","41.9036437258","-87.66670595","POINT (-87.666705950015 41.903643725828)"
"fac6f15de5160a1ed705b551fa4ba86503fb33f3c45030d903cedef9335961a0e8dfe5119fd90fb9e1a9495e94ddf1c71a97225dc1ee6a4b14fcfddbd434e692",,"2026-02-11T20:28:00.000","30","NO CONTROLS","NO CONTROLS","CLEAR","DARKNESS, LIGHTED ROAD","TURNING","FOUR WAY",,"STRAIGHT AND LEVEL","DRY","UNKNOWN","ON SCENE","INJURY AND / OR TOW DUE TO CRASH","Y",,,"OVER $1,500","2026-02-11T20:30:00.000","FAILING TO YIELD RIGHT-OF-WAY","IMPROPER TURNING/NO SIGNAL","99","W","16TH ST","131",,,,,,,"2","REPORTED, NOT EVIDENT","1","0","0","0","1","4","0","20","4","2","41.860012057","-87.6302234826","POINT (-87.630223482609 41.860012057024)"
"590aa8c15a9825d5ae15d74b1f41b243b1315b02e596ed10de67148e6a31f19418f692286b33724af1b88c29bfd829a8abbb02d1d42211e71b98fb260e5bbd4c",,"2026-02-11T20:25:00.000","30","NO CONTROLS","NO CONTROLS","CLEAR","DARKNESS, LIGHTED ROAD","PARKED MOTOR VEHICLE","ONE-WAY",,"STRAIGHT AND LEVEL","DRY","NO DEFECTS","ON SCENE","NO INJURY / DRIVE AWAY",,,,"OVER $1,500","2026-02-11T20:28:00.000","UNABLE TO DETERMINE","UNABLE TO DETERMINE","8009","S","PEORIA ST","621",,,,,,,"2","NO INDICATION OF INJURY","0","0","0","0","0","1","0","20","4","2","41.7484677373","-87.6462583464","POINT (-87.646258346427 41.74846773732)"
"79c79f50bcefe25d1925022a484ee1fe5cd7d40d624688ffad67d278813a72e9bcd372433ab63a7e95d83413254b58549209afcd9c83d5749684aed23d1e8660",,"2026-02-11T20:20:00.000","30","TRAFFIC SIGNAL","FUNCTIONING PROPERLY","UNKNOWN","DARKNESS, LIGHTED ROAD","REAR END","DIVIDED - W/MEDIAN (NOT RAISED)",,"STRAIGHT AND LEVEL","DRY","UNKNOWN","NOT ON SCENE (DESK REPORT)","NO INJURY / DRIVE AWAY",,,,"OVER $1,500","2026-02-12T08:40:00.000","UNABLE TO DETERMINE","UNABLE TO DETERMINE","3201","W","ROOSEVELT RD","1022",,,,,,,"2","NO INDICATION OF INJURY","0","0","0","0","0","2","0","20","4","2","41.8662944244","-87.7057261492","POINT (-87.705726149196 41.866294424369)"
"c83fbf9908f66c7d20bf9a021efd58252f38804429fabdbf1f3923d8a41fa913779b7a199812e2ba82c203d69ffed44466d6b64b5f983da1584918284a00e5e0",,"2026-02-11T20:10:00.000","30","NO CONTROLS","NO CONTROLS","CLEAR","DARKNESS, LIGHTED ROAD","PARKED MOTOR VEHICLE","DIVIDED - W/MEDIAN (NOT RAISED)",,"STRAIGHT AND LEVEL","DRY","NO DEFECTS","ON SCENE","NO INJURY / DRIVE AWAY",,,,"OVER $1,500","2026-02-11T20:10:00.000","NOT APPLICABLE","NOT APPLICABLE","5544","N","WESTERN AVE","2011",,,,,,,"2","NO INDICATION OF INJURY","0","0","0","0","0","1","0","20","4","2","41.9826845378","-87.6895740287","POINT (-87.689574028661 41.982684537786)"
"8e7d3a038a9a6be2ad121929a3ecf06345032948845b7b56663b1511a3d4f8871bb51a4578cbb325d6c9f95a898b0d13b7df1b2c2f576981c15a2be14c874b2a",,"2026-02-11T20:05:00.000","30","NO CONTROLS","NO CONTROLS","CLEAR","DARKNESS, LIGHTED ROAD","OTHER OBJECT","DIVIDED - W/MEDIAN (NOT RAISED)",,"STRAIGHT AND LEVEL","DRY","UNKNOWN","NOT ON SCENE (DESK REPORT)","NO INJURY / DRIVE AWAY",,,,"$501 - $1,500","2026-02-12T15:18:00.000","UNABLE TO DETERMINE","UNABLE TO DETERMINE","10000","W","OHARE ST","1651",,,,,,,"1","NO INDICATION OF INJURY","0","0","0","0","0","1","0","20","4","2","41.976201139","-87.9053091251","POINT (-87.905309125103 41.976201139024)"
"a7887dc5d07a729692e9da0e6110b04576a95544fd0c043d5a1341320de63418db143007fbf9b64dd53b2fa3274d06652e7a7c085d2b5f932216c02095821591",,"2026-02-11T20:00:00.000","30","TRAFFIC SIGNAL","FUNCTIONING PROPERLY","CLEAR","DAWN","REAR END","NOT DIVIDED",,"STRAIGHT AND LEVEL","DRY","NO DEFECTS","NOT ON SCENE (DESK REPORT)","NO INJURY / DRIVE AWAY",,,"Y","OVER $1,500","2026-02-11T20:30:00.000","UNABLE TO DETERMINE","NOT APPLICABLE","514","S","CICERO AVE","1533",,,,,,,"2","NO INDICATION OF INJURY","0","0","0","0","0","2","0","20","4","2","41.873541671","-87.7451611318","POINT (-87.7451611318 41.873541671033)"
"53aee972a6d4834c1bc8a88e6c0ee5f3716df02efbd6eb44f41e3868ef49de4d9c240cd111d44fca2ad5aba46483faefb989cb1e9b031ef7a2269d5f79bc5c60",,"2026-02-11T19:50:00.000","35","TRAFFIC SIGNAL","FUNCTIONING PROPERLY","CLEAR","DARKNESS, LIGHTED ROAD","REAR END","NOT DIVIDED",,"STRAIGHT AND LEVEL","DRY","NO DEFECTS","ON SCENE","INJURY AND / OR TOW DUE TO CRASH",,,,"OVER $1,500","2026-02-11T19:51:00.000","UNABLE TO DETERMINE","NOT APPLICABLE","31","W","83RD ST","622",,,,,,,"3","NONINCAPACITATING INJURY","3","0","0","2","1","1","0","19","4","2","41.7435257815","-87.6256046098","POINT (-87.625604609774 41.743525781463)"
"101548e42bfd9fdc5955b491067e0c5ca727ee11884821efc4961503a3384f24cd0c874d482d44dd2ff8b0ffff9ff13d0a7405af40ffb9a74255e8548460332b",,"2026-02-11T19:44:00.000","35","NO CONTROLS","NO CONTROLS","CLEAR","DARKNESS, LIGHTED ROAD","ANGLE","NOT DIVIDED",,"STRAIGHT AND LEVEL","DRY","NO DEFECTS","NOT ON SCENE (DESK REPORT)","NO INJURY / DRIVE AWAY",,,,"OVER $1,500","2026-02-11T21:25:00.000","UNABLE TO DETERMINE","UNABLE TO DETERMINE","1157","E","57TH ST","235",,,,,,,"2","NO INDICATION OF INJURY","0","0","0","0","0","5","0","19","4","2","41.7913261338","-87.5975067291","POINT (-87.59750672911 41.791326133793)"
"0352e0f6f5d3f32048b701e56317f7649bad15b883cc2824e0ff7c46a23aaec6f16488f9b5f0f7e78c72dbac55ee4beb6692bfe4dfca060ac066e8686deb1e84",,"2026-02-11T19:41:00.000","30","NO CONTROLS","NO CONTROLS","CLEAR","DARKNESS, LIGHTED ROAD","SIDESWIPE SAME DIRECTION","NOT DIVIDED",,"STRAIGHT AND LEVEL","DRY","NO DEFECTS","NOT ON SCENE (DESK REPORT)","NO INJURY / DRIVE AWAY",,,,"OVER $1,500","2026-02-11T21:10:00.000","UNABLE TO DETERMINE","NOT APPLICABLE","271","E","CHESTNUT ST","1833","Y",,,,,,"2","NO INDICATION OF INJURY","0","0","0","0","0","2","0","19","4","2","41.8983505692","-87.6191130422","POINT (-87.61911304219 41.898350569157)"
"3b04ca7057d1adfba915143ded12324baf67219203b889a812084c02a7b8a56d8c58852014c9ab354633536b9e9043b27ee858e874a5e9011be9bff63efd692b",,"2026-02-11T19:30:00.000","20","NO CONTROLS","NO CONTROLS","CLEAR","DARKNESS, LIGHTED ROAD","PARKED MOTOR VEHICLE","NOT DIVIDED",,"STRAIGHT AND LEVEL","DRY","NO DEFECTS","ON SCENE","INJURY AND / OR TOW DUE TO CRASH",,,,"OVER $1,500","2026-02-11T19:50:00.000","FAILING TO REDUCE SPEED TO AVOID CRASH","UNABLE TO DETERMINE","4720","N","LONG AVE","1623",,,,,,,"2","NO INDICATION OF INJURY","0","0","0","0","0","1","0","19","4","2","41.9662365989","-87.7626720929","POINT (-87.76267209293 41.966236598887)"