"crash_record_id","crash_date_est_i","crash_date","posted_speed_limit","traffic_control_device","device_condition","weather_condition","lighting_condition","first_crash_type","trafficway_type","lane_cnt","alignment","roadway_surface_cond","road_defect","report_type","crash_type","intersection_related_i","private_property_i","hit_and_run_i","damage","date_police_notified","prim_contributory_cause","sec_contributory_cause","street_no","street_direction","street_name","beat_of_occurrence","photos_taken_i","statements_taken_i","dooring_i","work_zone_i","work_zone_type","workers_present_i","num_units","most_severe_injury","injuries_total","injuries_fatal","injuries_incapacitating","injuries_non_incapacitating","injuries_reported_not_evident","injuries_no_indication","injuries_unknown","crash_hour","crash_day_of_week","crash_month","latitude","longitude","location"
"57b5648dac0e8246238fd33579fa0a7234b94ad291640f233a444490d4615ebc5cce8c1afa96a9a41c96dc3a58621a8dee0e3de3af9e2c65be73bae8c364d0a4",,"2026-02-11T19:30:00.000","30","NO CONTROLS","NO CONTROLS","CLEAR","DARKNESS, LIGHTED ROAD","SIDESWIPE SAME DIRECTION","NOT DIVIDED",,"STRAIGHT AND LEVEL","DRY","NO DEFECTS","NOT ON SCENE (DESK REPORT)","NO INJURY / DRIVE AWAY",,,"Y","$501 - $1,500","2026-02-11T19:50:00.000","IMPROPER OVERTAKING/PASSING","DRIVING ON WRONG SIDE/WRONG WAY","2000","W","DEVON AVE","2412",,,,,,,"2","NO INDICATION OF INJURY","0","0","0","0","0","2","0","19","4","2","41.99800377","-87.6802004228","POINT (-87.680200422791 41.998003769952)"
"6c945526a06bf12554122e310bd3539f5f0e45e0d8108ebf182496cf080630dfb783ae21f0883ef47040a286e70f585cc892aef0e32dabe0aac18f753660e1a1",,"2026-02-11T19:28:00.000","30","NO CONTROLS","NO CONTROLS","CLEAR","DARKNESS","TURNING","NOT DIVIDED",,"STRAIGHT AND LEVEL","DRY","UNKNOWN",,"INJURY AND / OR TOW DUE TO CRASH",,,,"OVER $1,500","2026-02-11T19:29:00.000","DRIVING SKILLS/KNOWLEDGE/EXPERIENCE","UNABLE TO DETERMINE","3744","N","PULASKI RD","1732",,,,,,,"2","NO INDICATION OF INJURY","0","0","0","0","0","2","0","19","4","2","41.9495657728","-87.7276406979","POINT (-87.727640697915 41.949565772846)"
"f345d8518c5b40cbcddb7d8a0fcddb544339c4cd5f4ceb2570da66862b333003f21c36c8084c077b70516b0faaae9ed4f90f35ffbeeecb9d6e83ae0778c3bf1e",,"2026-02-11T19:25:00.000","3","NO CONTROLS","NO CONTROLS","CLEAR","DARKNESS, LIGHTED ROAD","PARKED MOTOR VEHICLE","NOT DIVIDED",,"STRAIGHT AND LEVEL","DRY","NO DEFECTS","ON SCENE","INJURY AND / OR TOW DUE TO CRASH",,,"Y","OVER $1,500","2026-02-11T19:26:00.000","DRIVING SKILLS/KNOWLEDGE/EXPERIENCE","NOT APPLICABLE","3357","S","PRAIRIE AVE","211",,,,,,,"2","NO INDICATION OF INJURY","0","0","0","0","0","1","0","19","4","2","41.8331073128","-87.6204428213","POINT (-87.620442821285 41.833107312826)"
"69b00b12179c4a204d123d51fa28f83a7603e469813b6d2f74812d6bf68c049461808285dd03bd0ba38588a45d698318d2f36b6dbbe8ba37ba8691818516d7d7",,"2026-02-11T19:24:00.000","30","NO CONTROLS","NO CONTROLS","CLEAR","DARKNESS, LIGHTED ROAD","OTHER OBJECT","OTHER",,"STRAIGHT AND LEVEL","UNKNOWN","UNKNOWN","NOT ON SCENE (DESK REPORT)","NO INJURY / DRIVE AWAY",,,,"OVER $1,500","2026-02-12T16:35:00.000","UNABLE TO DETERMINE","NOT APPLICABLE","10000","W","OHARE ST","1651",,,,,,,"1","NO INDICATION OF INJURY","0","0","0","0","0","1","0","19","4","2","41.976201139","-87.9053091251","POINT (-87.905309125103 41.976201139024)"
"1011dfaab9829e146b33caf2d7913a5aac89ea61e6f94fb836b07eb2599dacca60e312bff99e0a64cab283c1d2d8a40195128c0d454fd9287887f9af471ffa62",,"2026-02-11T19:15:00.000","5","NO CONTROLS","NO CONTROLS","CLEAR","DARKNESS","PARKED MOTOR VEHICLE","PARKING LOT",,"STRAIGHT AND LEVEL","UNKNOWN","UNKNOWN","NOT ON SCENE (DESK REPORT)","NO INJURY / DRIVE AWAY",,"Y",,"OVER $1,500","2026-02-11T21:14:00.000","UNABLE TO DETERMINE","UNABLE TO DETERMINE","3620","S","RHODES AVE","212",,,,,,,"2","NO INDICATION OF INJURY","0","0","0","0","0","1","0","19","4","2","41.8286412923","-87.6145795907","POINT (-87.614579590725 41.828641292309)"
"afc1a0c581d3c1ac0c6162cc7ff8cc1c72aef872bdd2b6eac2bfdb14038b5595bac86c7da1de009e6ce0287522ce0287631705aa931fdf1ed04a34284153cc41","Y","2026-02-11T19:15:00.000","30","NO CONTROLS","NO CONTROLS","CLEAR","DARKNESS, LIGHTED ROAD","ANGLE","NOT DIVIDED",,"STRAIGHT AND LEVEL","DRY","NO DEFECTS","ON SCENE","NO INJURY / DRIVE AWAY","Y",,"Y","OVER $1,500","2026-02-11T19:16:00.000","FAILING TO YIELD RIGHT-OF-WAY","FAILING TO REDUCE SPEED TO AVOID CRASH","5049","S","KOSTNER AVE","815",,,,,,,"2","NO INDICATION OF INJURY","0","0","0","0","0","2","0","19","4","2","41.8008291638","-87.7330321833","POINT (-87.733032183269 41.800829163762)"
"de2edabbe1bf9790f6398721504e74f724c17cdb8b43130b03ca497a182ff7a925c4d9489fa5cf5658990efa9dbd69b6cfd54f5416bbb883d880e39dacc957c2",,"2026-02-11T19:14:00.000","30","NO CONTROLS","NO CONTROLS","CLEAR","DARKNESS, LIGHTED ROAD","SIDESWIPE SAME DIRECTION","DIVIDED - W/MEDIAN BARRIER",,"STRAIGHT AND LEVEL","DRY","NO DEFECTS","ON SCENE","NO INJURY / DRIVE AWAY",,,"Y","OVER $1,500","2026-02-11T19:31:00.000","UNABLE TO DETERMINE","UNABLE TO DETERMINE","3939","S","PULASKI RD","821",,,,,,,"2","NO INDICATION OF INJURY","0","0","0","0","0","2","0","19","4","2","41.8209475003","-87.7238590249","POINT (-87.723859024899 41.820947500293)"
"1c62113079dd4ebc1ff5cef9a8e8d602617b7ba3b0cd61dd120f67b1d894c907e051a1fc1d71c5a4af129081a3b540febc43b58e0207e124a027a987bf1beaa6",,"2026-02-11T19:02:00.000","30","NO CONTROLS","NO CONTROLS","CLEAR","DARKNESS, LIGHTED ROAD","FIXED OBJECT","DIVIDED - W/MEDIAN BARRIER",,"STRAIGHT AND LEVEL","DRY","NO DEFECTS","ON SCENE","INJURY AND / OR TOW DUE TO CRASH",,,,"OVER $1,500","2026-02-11T19:02:00.000","UNABLE TO DETERMINE","NOT APPLICABLE","3556","W","MARQUETTE RD","831",,,,,,,"1","INCAPACITATING INJURY","1","0","1","0","0","0","0","19","4","2","41.7716335952","-87.7124345097","POINT (-87.71243450966 41.771633595185)"
"dfd057c2d8f715e5efa6534a3dd4ea993c8f26a26053992f1bd87d75fced76ff7520e8d7a1c6f3cff1e0dd57b56c97305d4c775c9c37ca8caecf9a11f6ee4ada",,"2026-02-11T19:01:00.000","30","NO CONTROLS","NO CONTROLS","CLEAR","DUSK","SIDESWIPE SAME DIRECTION","NOT DIVIDED",,"STRAIGHT AND LEVEL","DRY","NO DEFECTS","NOT ON SCENE (DESK REPORT)","NO INJURY / DRIVE AWAY",,,,"OVER $1,500","2026-02-12T18:00:00.000","FAILING TO YIELD RIGHT-OF-WAY","NOT APPLICABLE","7595","N","CLARK ST","2422",,,,,,,"2","NO INDICATION OF INJURY","0","0","0","0","0","2","0","19","4","2","42.0193503717","-87.67613937","POINT (-87.676139370046 42.019350371721)"
"61728c9d89d176953815d21a532784abbc9b4bdae29491eaa93d1eaa1fa5a547d79c6b6911a6041a90c2213f89f00d0918680cc97bb1409ce0d7d2b73fb8c03d",,"2026-02-11T19:00:00.000","30","TRAFFIC SIGNAL","FUNCTIONING PROPERLY","CLEAR","DARKNESS, LIGHTED ROAD","PEDALCYCLIST","FOUR WAY",,"STRAIGHT AND LEVEL","DRY","UNKNOWN","ON SCENE","INJURY AND / OR TOW DUE TO CRASH",,,,"OVER $1,500","2026-02-11T19:02:00.000","FAILING TO YIELD RIGHT-OF-WAY","FAILING TO YIELD RIGHT-OF-WAY","5204","W","IRVING PARK RD","1624",,,,,,,"2","INCAPACITATING INJURY","1","0","1","0","0","1","0","19","4","2","41.9534023111","-87.7574286911","POINT (-87.757428691103 41.953402311125)"
"672cd3e4bb4bb2c14a5faae9f5a212514bd224ef30ee2ca84b18e205e2f7aa76d797b835c5db73533a554677bc7f9230cfa911a1eb13effdbed02bb9d0231700",,"2026-02-11T19:00:00.000","25","UNKNOWN","UNKNOWN","UNKNOWN","UNKNOWN","PEDESTRIAN","PARKING LOT",,"STRAIGHT AND LEVEL","UNKNOWN","UNKNOWN","NOT ON SCENE (DESK REPORT)","INJURY AND / OR TOW DUE TO CRASH",,,"Y","OVER $1,500","2026-02-17T19:03:00.000","NOT APPLICABLE","NOT APPLICABLE","1200","N","LARRABEE ST","1822",,,,,,,"2","NONINCAPACITATING INJURY","1","0","0","1","0","1","0","19","4","2","41.9037696064","-87.6433689399","POINT (-87.643368939876 41.903769606378)"
"7d339f9e5ad97757ea51b13df26e435539fc017633065e29525712b9ce6b626340f77fca491306603b24aa47ae53d4f4613f06af8705914ca7b54377a85f05f7",,"2026-02-11T19:00:00.000","30","NO CONTROLS","NO CONTROLS","CLEAR","DARKNESS, LIGHTED ROAD","SIDESWIPE SAME DIRECTION","DIVIDED - W/MEDIAN (NOT RAISED)",,"STRAIGHT AND LEVEL","DRY","NO DEFECTS","NOT ON SCENE (DESK REPORT)","NO INJURY / DRIVE AWAY",,,,"OVER $1,500","2026-02-11T22:00:00.000","IMPROPER OVERTAKING/PASSING","NOT APPLICABLE","6444","W","DIVERSEY AVE","2511",,,,,,,"2","NO INDICATION OF INJURY","0","0","0","0","0","2","0","19","4","2","41.931073817","-87.7875240137","POINT (-87.787524013684 41.931073816972)"
"8ed77804570d289068ae3b996e756f46d97e7cda0dceaa79c2e07370da3c1850ae6f7202791733dae6210675b2d3f824cae3d46b9d90d68758742277ea9d69e9",,"2026-02-11T19:00:00.000","25","NO CONTROLS","NO CONTROLS","UNKNOWN","DARKNESS","PARKED MOTOR VEHICLE","ONE-WAY",,"STRAIGHT AND LEVEL","UNKNOWN","UNKNOWN","NOT ON SCENE (DESK REPORT)","NO INJURY / DRIVE AWAY",,,,"$501 - $1,500","2026-02-11T19:30:00.000","IMPROPER BACKING","UNABLE TO DETERMINE","6925","S","CARPENTER ST","733",,,,,,,"2","NO INDICATION OF INJURY","0","0","0","0","0","1","0","19","4","2","41.7679824824","-87.6504055782","POINT (-87.650405578229 41.767982482404)"
"f0fd5b72e72028acac7229238ff28fc247b60dc86ef95f6be33c8676e99f4ea72fd20f4172653fd75b2da9334cedc24ac97d8685e7fde070e68203444d0eacc8",,"2026-02-11T19:00:00.000","30","NO CONTROLS","NO CONTROLS","CLEAR","DARKNESS","FIXED OBJECT","DIVIDED - W/MEDIAN BARRIER",,"STRAIGHT AND LEVEL","DRY","UNKNOWN","ON SCENE","INJURY AND / OR TOW DUE TO CRASH",,,,"OVER $1,500","2026-02-11T19:01:00.000","VISION OBSCURED (SIGNS, TREE LIMBS, BUILDINGS, ETC.)","NOT APPLICABLE","4231","W","76TH ST","833",,,,,,,"1","REPORTED, NOT EVIDENT","1","0","0","0","1","0","0","19","4","2","41.7549111465","-87.7282124218","POINT (-87.728212421769 41.754911146485)"
"788d46f20ef0bb65777eb99fd3421d4446994e70e22e598ab5ffd14e96c60c9a3797bfae49204b822ca6d31fa2a1872ad64e73896f0df9eb833c06dcc59f228f",,"2026-02-11T18:55:00.000","30","NO CONTROLS","NO CONTROLS","CLEAR","DARKNESS, LIGHTED ROAD","SIDESWIPE SAME DIRECTION","ONE-WAY",,"STRAIGHT AND LEVEL","UNKNOWN","UNKNOWN","NOT ON SCENE (DESK REPORT)","NO INJURY / DRIVE AWAY",,,,"OVER $1,500","2026-02-11T19:50:00.000","IMPROPER OVERTAKING/PASSING","NOT APPLICABLE","402","N","CLARK ST","1831",,,,,,,"2","NO INDICATION OF INJURY","0","0","0","0","0","2","0","18","4","2","41.8893226142","-87.6312100951","POINT (-87.63121009512 41.889322614194)"
"97c8167e464e1e41c23d1b1b6cead47d0fda7e67b2c69e800c72870e3d1dd1d461ed0cad072931ce05a296a8811536d8770d0c38c4664fc9b58392adae3b78bd",,"2026-02-11T18:55:00.000","30","NO CONTROLS","NO CONTROLS","CLEAR","DARKNESS, LIGHTED ROAD","REAR END","DIVIDED - W/MEDIAN BARRIER",,"STRAIGHT AND LEVEL","DRY","UNKNOWN","ON SCENE","NO INJURY / DRIVE AWAY",,,,"OVER $1,500","2026-02-11T19:12:00.000","FAILING TO REDUCE SPEED TO AVOID CRASH","FOLLOWING TOO CLOSELY","5145","N","BROADWAY","2033",,,,,,,"2","NO INDICATION OF INJURY","0","0","0","0","0","2","0","18","4","2","41.9759355366","-87.6597092871","POINT (-87.659709287097 41.97593553656)"
"0960536acad2eb8721fd6a920a8a5fea1a529521368be41ddf50d32d323d23637d7b66c4d76d27fbb4e282813809ff4bd1fd205958f9695894178e1d73ccafb8",,"2026-02-11T18:52:00.000","30","STOP SIGN/FLASHER","FUNCTIONING PROPERLY","CLEAR","DAWN","ANGLE","NOT DIVIDED",,"STRAIGHT AND LEVEL","DRY","NO DEFECTS","NOT ON SCENE (DESK REPORT)","NO INJURY / DRIVE AWAY","Y",,,"OVER $1,500","2026-02-12T12:07:00.000","FOLLOWING TOO CLOSELY","FAILING TO YIELD RIGHT-OF-WAY","9100","S","MAY ST","2222",,,,,,,"2","NO INDICATION OF INJURY","0","0","0","0","0","2","0","18","4","2","41.7285654966","-87.6520599371","POINT (-87.652059937111 41.728565496569)"
"1305dacc698a7a2af8a2fbcad1dece86f46db83733d57f83973a5c3f9b508efdd0d531ce95cbd1ee4265f4f0b0e3d69ae052a9b37e544c8f1c7a17d3c2a4d455",,"2026-02-11T18:52:00.000","30","NO CONTROLS","NO CONTROLS","CLEAR","DARKNESS, LIGHTED ROAD","REAR END","NOT DIVIDED",,"STRAIGHT AND LEVEL","DRY","NO DEFECTS","ON SCENE","INJURY AND / OR TOW DUE TO CRASH",,,"Y","OVER $1,500","2026-02-11T19:00:00.000","UNABLE TO DETERMINE","NOT APPLICABLE","4015","S","CALIFORNIA AVE","921",,"Y",,,,,"3","REPORTED, NOT EVIDENT","1","0","0","0","1","2","0","18","4","2","41.8204544078","-87.694434207","POINT (-87.694434206955 41.820454407822)"
"2f153ea0dedcf4984a927bc1454bf48514ede4a50e03bee8c23f3ce6d95918853e7655f6d1237e448ee18e513dd0700ccebfc77ab05a9e3229c7e02d4cc2cf9d",,"2026-02-11T18:36:00.000","25","TRAFFIC SIGNAL","FUNCTIONING PROPERLY","CLEAR","DARKNESS, LIGHTED ROAD","PEDALCYCLIST","FOUR WAY",,"STRAIGHT AND LEVEL","DRY","NO DEFECTS","ON SCENE","INJURY AND / OR TOW DUE TO CRASH","Y",,,"$501 - $1,500","2026-02-11T18:39:00.000","DISREGARDING TRAFFIC SIGNALS","DRIVING SKILLS/KNOWLEDGE/EXPERIENCE","4800","N","WESTERN AVE","2031",,,,,,,"2","NONINCAPACITATING INJURY","1","0","0","1","0","1","0","18","4","2","41.9686407275","-87.6890542408","POINT (-87.689054240837 41.968640727477)"
"3b38c0def739b8a8d98ce473bba7f43ab7490124863ef9bfcc3a65817fa1d306fb93acf7b9cd3d41f3435cddb4e322ced032225d0ca9b974fe55a0e7687d96cc",,"2026-02-11T18:30:00.000","30","NO CONTROLS","NO CONTROLS","CLEAR","DARKNESS, LIGHTED ROAD","OTHER OBJECT","DIVIDED - W/MEDIAN (NOT RAISED)",,"STRAIGHT AND LEVEL","DRY","NO DEFECTS","NOT ON SCENE (DESK REPORT)","NO INJURY / DRIVE AWAY",,"Y","Y","OVER $1,500","2026-02-16T10:20:00.000","IMPROPER TURNING/NO SIGNAL","IMPROPER BACKING","4801","W","AINSLIE ST","1623",,,,,,,"2","NO INDICATION OF INJURY","0","0","0","0","0","1","0","18","4","2","41.9697402242","-87.7479766193","POINT (-87.74797661926 41.969740224168)"
"2239f0cfb854f607ae756ccc6c94a823c57e1f7cdce5f4c51695ffdced2dff0c7e00cb431e8d63440d4181972b7968456bc84a06513431c9f253f9fea4669457",,"2026-02-11T18:25:00.000","30","NO CONTROLS","NO CONTROLS","CLEAR","DARKNESS, LIGHTED ROAD","PARKED MOTOR VEHICLE","DIVIDED - W/MEDIAN (NOT RAISED)",,"STRAIGHT AND LEVEL","DRY","UNKNOWN","ON SCENE","NO INJURY / DRIVE AWAY",,,"Y","OVER $1,500","2026-02-11T18:30:00.000","UNABLE TO DETERMINE","UNABLE TO DETERMINE","5111","W","MONTROSE AVE","1624",,,,,,,"2","NO INDICATION OF INJURY","0","0","0","0","0","1","0","18","4","2","41.9605181361","-87.7549934936","POINT (-87.75499349364 41.960518136069)"
"f98e0d8dc53423778c2306746eba85d01e36934becc32758a60828c7e55fc6f171a5ffde5c952d12d35e9d3a174c6dbc7e9b508389bedf9d78435cce6e9fdfbe",,"2026-02-11T18:24:00.000","30","NO CONTROLS","NO CONTROLS","CLEAR","DARKNESS, LIGHTED ROAD","SIDESWIPE SAME DIRECTION","NOT DIVIDED",,"STRAIGHT AND LEVEL","DRY","NO DEFECTS","NOT ON SCENE (DESK REPORT)","NO INJURY / DRIVE AWAY",,,"Y","$500 OR LESS","2026-02-11T19:00:00.000","UNABLE TO DETERMINE","NOT APPLICABLE","3217","W","BEACH AVE","1422",,,,,,,"2","NO INDICATION OF INJURY","0","0","0","0","0","2","0","18","4","2","41.9072627837","-87.7076394926","POINT (-87.707639492635 41.907262783719)"
"75dc9fdde08529ff5ca860a03356980ac5d55dd6607db7585ea2eb1c9d63a13d378da8b20c4afd603bbbd23566dd14de231f7e59f78adade3b63dcaa741a8545",,"2026-02-11T18:23:00.000","30","NO CONTROLS","NO CONTROLS","CLEAR","DARKNESS, LIGHTED ROAD","REAR END","NOT DIVIDED",,"STRAIGHT ON GRADE","DRY","NO DEFECTS",,"INJURY AND / OR TOW DUE TO CRASH",,,"Y","OVER $1,500","2026-02-11T18:23:00.000","UNABLE TO DETERMINE","NOT APPLICABLE","3900","S","WESTERN AVE","921",,,,,,,"9","NO INDICATION OF INJURY","0","0","0","0","0","3","0","18","4","2","41.8229542941","-87.685012986","POINT (-87.685012986006 41.822954294114)"
"f58018cc785cdd29c8cd6c19daf30aaedbdf8354dd8e9a9f16e19a6a59ae66c8acf78f7a4996c671b7190509e91c0c05fa642808eadbee8fe8de435a725f9e23",,"2026-02-11T18:20:00.000","30","NO CONTROLS","NO CONTROLS","CLEAR","DARKNESS, LIGHTED ROAD","PARKED MOTOR VEHICLE","NOT DIVIDED",,"STRAIGHT AND LEVEL","DRY","NO DEFECTS","ON SCENE","INJURY AND / OR TOW DUE TO CRASH",,,,"OVER $1,500","2026-02-11T18:25:00.000","UNABLE TO DETERMINE","NOT APPLICABLE","71","E","18TH ST","131",,,,,,,"4","NONINCAPACITATING INJURY","1","0","0","1","0","1","0","18","4","2","41.8577630797","-87.6243324834","POINT (-87.624332483436 41.85776307972)"
"7e9b4e815d14baad166ffdbd6fc2d4d4f6cc741baf571ab52930930339f9dedc4d5259c369527742edbb4d8dba3ecb7c34cca81f044695e42e0bb62a7a5b6fc8",,"2026-02-11T18:15:00.000","30","NO CONTROLS","NO CONTROLS","CLEAR","DARKNESS, LIGHTED ROAD","PARKED MOTOR VEHICLE","ONE-WAY",,"STRAIGHT AND LEVEL","DRY","NO DEFECTS","NOT ON SCENE (DESK REPORT)","NO INJURY / DRIVE AWAY",,"N","Y","$501 - $1,500","2026-02-11T19:00:00.000","UNABLE TO DETERMINE","UNABLE TO DETERMINE","11245","S","VERNON AVE","531",,,,,,,"2","NO INDICATION OF INJURY","0","0","0","0","0","1","0","18","4","2","41.6896108844","-87.6119191348","POINT (-87.611919134848 41.689610884368)"
"2b0e347565a819f49ffc543bda0389b3329bdb698b26835fd0b51344cfc39e8110a316026141ae5859500410840eb8f1557f08cc9131572734095674c0d2082f",,"2026-02-11T18:13:00.000","30","NO CONTROLS","NO CONTROLS","CLEAR","DARKNESS, LIGHTED ROAD","REAR END","NOT DIVIDED",,"STRAIGHT AND LEVEL","DRY","UNKNOWN","ON SCENE","NO INJURY / DRIVE AWAY",,,,"OVER $1,500","2026-02-11T18:13:00.000","FAILING TO REDUCE SPEED TO AVOID CRASH","FOLLOWING TOO CLOSELY","2456","W","DEVON AVE","2412",,,,,,,"2","NO INDICATION OF INJURY","0","0","0","0","0","2","0","18","4","2","41.9978017259","-87.692182305","POINT (-87.69218230499 41.997801725934)"
"a4145764d75a28b468e35ec39796deb87329c5d881abd731e68edbf14ebc9b0abdaea38026f29f215748b220f47014f6251fcbabc7d311f0efbb689ffffb459e","Y","2026-02-11T18:10:00.000","30","UNKNOWN","UNKNOWN","UNKNOWN","UNKNOWN","SIDESWIPE SAME DIRECTION","NOT DIVIDED",,"STRAIGHT AND LEVEL","UNKNOWN","NO DEFECTS","NOT ON SCENE (DESK REPORT)","NO INJURY / DRIVE AWAY",,,,"$501 - $1,500","2026-02-12T13:25:00.000","FOLLOWING TOO CLOSELY","IMPROPER OVERTAKING/PASSING","2400","N","ASHLAND AVE","1931",,,,,,,"2","NO INDICATION OF INJURY","0","0","0","0","0","2","0","18","4","2","41.9251938898","-87.6682943634","POINT (-87.668294363399 41.92519388981)"
"a7109118af1f378aae39520eb1ffc7dfad526748c19ed977e53be2cd14394a25015cd90830e50057a79c3499a4deaa939f3d88277e785a995d6bced8b81670c4",,"2026-02-11T18:10:00.000","10","NO CONTROLS","NO CONTROLS","CLEAR","DUSK","REAR TO SIDE","PARKING LOT",,"STRAIGHT AND LEVEL","UNKNOWN","UNKNOWN","NOT ON SCENE (DESK REPORT)","NO INJURY / DRIVE AWAY",,,"Y","OVER $1,500","2026-02-11T18:55:00.000","UNABLE TO DETERMINE","NOT APPLICABLE","520","W","TAYLOR ST","124",,,,,,,"2","NO INDICATION OF INJURY","0","0","0","0","0","2","0","18","4","2","41.8698555966","-87.6402703079","POINT (-87.640270307865 41.869855596599)"
"9750ea21f6141373ce406c739a8a1d9799a454af151ac0cc1ce764bf3612efc5a64e9c9d239752f3ee6fb91775d1fa7ec2eae5d7088baadcf655f7d3c4ec8d46",,"2026-02-11T18:05:00.000","30","NO CONTROLS","NO CONTROLS","UNKNOWN","UNKNOWN","REAR END","DIVIDED - W/MEDIAN (NOT RAISED)",,"STRAIGHT AND LEVEL","UNKNOWN","UNKNOWN","NOT ON SCENE (DESK REPORT)","NO INJURY / DRIVE AWAY",,,"Y","$501 - $1,500","2026-02-11T18:29:00.000","FOLLOWING TOO CLOSELY","FOLLOWING TOO CLOSELY","200","N","PULASKI RD","1114",,,,,,,"2","NO INDICATION OF INJURY","0","0","0","0","0","2","0","18","4","2","41.8833923105","-87.7258934386","POINT (-87.725893438622 41.883392310474)"
"536a9fef0e0e2ef69bb1c81365f464c7dcf8c08c98a8aced06a93bee6b8f85574949a46127cb631cddf55b26060c9d55db4f986e747876edeab6e4c1587ae229","Y","2026-02-11T18:00:00.000","30","UNKNOWN","UNKNOWN","UNKNOWN","UNKNOWN","SIDESWIPE SAME DIRECTION","NOT DIVIDED",,"STRAIGHT AND LEVEL","UNKNOWN","UNKNOWN",,"NO INJURY / DRIVE AWAY",,,,"OVER $1,500","2026-02-11T18:40:00.000","UNABLE TO DETERMINE","NOT APPLICABLE","1315","E","53RD ST","234",,,,,,,"2","NO INDICATION OF INJURY","0","0","0","0","0","3","0","18","4","2","41.7993706156","-87.5944011912","POINT (-87.594401191194 41.799370615556)"
"ee7ea665f33c5cd5e7dd96155ae9cd1cbe638a8d1d67af0669f46b60dc50b474bae03ca995e773a047bf1e51dadf768db51dfa64ca4482ce600c62e3512a18a7",,"2026-02-11T18:00:00.000","30","NO CONTROLS","NO CONTROLS","CLEAR","DARKNESS, LIGHTED ROAD","PARKED MOTOR VEHICLE","ONE-WAY",,"STRAIGHT AND LEVEL","DRY","NO DEFECTS","NOT ON SCENE (DESK REPORT)","NO INJURY / DRIVE AWAY",,,"Y","OVER $1,500","2026-02-11T20:27:00.000","UNABLE TO DETERMINE","NOT APPLICABLE","4451","N","HAMLIN AVE","1723",,,,,,,"2","NO INDICATION OF INJURY","0","0","0","0","0","1","0","18","4","2","41.9624711436","-87.7228240709","POINT (-87.722824070886 41.962471143608)"
"fa5e4ae3afd42ed89542f527d1e627d83af00b25c4a27f2a074f3ebe994a09db824fbca2e314b2ce0171bd115c07871c45c2c75444b73f3648d85a0fbe847655",,"2026-02-11T18:00:00.000","30","TRAFFIC SIGNAL","FUNCTIONING PROPERLY","UNKNOWN","DARKNESS, LIGHTED ROAD","REAR END","NOT DIVIDED",,"STRAIGHT AND LEVEL","UNKNOWN","UNKNOWN","NOT ON SCENE (DESK REPORT)","NO INJURY / DRIVE AWAY",,,,"OVER $1,500","2026-02-12T18:30:00.000","UNABLE TO DETERMINE","NOT APPLICABLE","2816","N","LARAMIE AVE","2514",,,,,,,"2","NO INDICATION OF INJURY","0","0","0","0","0","2","0","18","4","2","41.9319142509","-87.7565867756","POINT (-87.756586775592 41.931914250883)"
"012bba933a8efc52d68ac257e6c9a2e18f9dcb4822d273ecb40252d0937e759fdc3c0013edce9577970e5572966313d792795c6a7e44d7ccd34a5ac422a04334",,"2026-02-11T17:56:00.000","30","TRAFFIC SIGNAL","FUNCTIONING PROPERLY","CLEAR","DARKNESS, LIGHTED ROAD","SIDESWIPE SAME DIRECTION","NOT DIVIDED",,"STRAIGHT AND LEVEL","DRY","NO DEFECTS",,"NO INJURY / DRIVE AWAY",,,"N","$501 - $1,500","2026-02-11T18:45:00.000","IMPROPER OVERTAKING/PASSING","UNABLE TO DETERMINE","5900","N","MILWAUKEE AVE","1622",,,,,,,"2","NO INDICATION OF INJURY","0","0","0","0","0","3","0","17","4","2","41.9886189975","-87.779769651","POINT (-87.779769651014 41.988618997508)"
"53d4fb12849d558f7475dc35abade6c915da2f7dd64b8e8e84c1c156521658e217bf9b3859faa53e6603503b81a235246dd560e5fcb134fd43364c647ed4de3d",,"2026-02-11T17:55:00.000","30","NO CONTROLS","NO CONTROLS","UNKNOWN","DUSK","REAR END","DIVIDED - W/MEDIAN BARRIER",,"STRAIGHT AND LEVEL","UNKNOWN","UNKNOWN","NOT ON SCENE (DESK REPORT)","NO INJURY / DRIVE AWAY",,,,"OVER $1,500","2026-02-13T15:00:00.000","FOLLOWING TOO CLOSELY","FAILING TO REDUCE SPEED TO AVOID CRASH","953","N","ASHLAND AVE","1213",,,,,,,"2","NO INDICATION OF INJURY","0","0","0","0","0","2","0","17","4","2","41.8994892727","-87.6672394293","POINT (-87.667239429284 41.899489272708)"
"df1896def05c08e0493de676d4ee0aacc03aa309301c73a02a460f7b14918859e8b2e38147ae6e43c4174ce8aaa2645820539984d2e4d8131fcc41c541f81be6",,"2026-02-11T17:55:00.000","25","NO CONTROLS","NO CONTROLS","CLEAR","DUSK","ANGLE","ALLEY",,"STRAIGHT AND LEVEL","DRY","NO DEFECTS","NOT ON SCENE (DESK REPORT)","NO INJURY / DRIVE AWAY",,,,"$501 - $1,500","2026-02-13T13:23:00.000","UNABLE TO DETERMINE","UNABLE TO DETERMINE","1725","W","47TH ST","931",,,,,,,"2","NO INDICATION OF INJURY","0","0","0","0","0","2","0","17","4","2","41.8084599704","-87.6685481439","POINT (-87.668548143885 41.808459970409)"