"crash_record_id","crash_date_est_i","crash_date","posted_speed_limit","traffic_control_device","device_condition","weather_condition","lighting_condition","first_crash_type","trafficway_type","lane_cnt","alignment","roadway_surface_cond","road_defect","report_type","crash_type","intersection_related_i","private_property_i","hit_and_run_i","damage","date_police_notified","prim_contributory_cause","sec_contributory_cause","street_no","street_direction","street_name","beat_of_occurrence","photos_taken_i","statements_taken_i","dooring_i","work_zone_i","work_zone_type","workers_present_i","num_units","most_severe_injury","injuries_total","injuries_fatal","injuries_incapacitating","injuries_non_incapacitating","injuries_reported_not_evident","injuries_no_indication","injuries_unknown","crash_hour","crash_day_of_week","crash_month","latitude","longitude","location"
"70db540c4d106272fcdaf61c8b5b90bd7f1d1f47779d67b96ec1da9023920a9a3b27747448900d48c29bfe7aad97a9eb28098f4f5b2dde9d4d7f2607448fdff3",,"2026-02-11T17:49:00.000","30","NO CONTROLS","NO CONTROLS","CLEAR","DARKNESS, LIGHTED ROAD","REAR END","NOT DIVIDED",,"STRAIGHT AND LEVEL","DRY","NO DEFECTS","ON SCENE","INJURY AND / OR TOW DUE TO CRASH",,,"Y","OVER $1,500","2026-02-11T17:49:00.000","UNABLE TO DETERMINE","NOT APPLICABLE","1701","W","50TH ST","931",,,,,,,"2","NO INDICATION OF INJURY","0","0","0","0","0","3","0","17","4","2","41.8030072065","-87.6673173645","POINT (-87.667317364539 41.803007206505)"
"98171953dde5d0317f8d580d61ebe4b468c871010cf2c4bb46ba57ed145ef009a521f51e2e9a08e7bae19e44fb93f2ca72a6b71ab824e7c9f45c7a222c9432dd",,"2026-02-11T17:48:00.000","30","STOP SIGN/FLASHER","NO CONTROLS","CLEAR","DARKNESS","SIDESWIPE SAME DIRECTION","DIVIDED - W/MEDIAN (NOT RAISED)",,"STRAIGHT AND LEVEL","DRY","NO DEFECTS","NOT ON SCENE (DESK REPORT)","NO INJURY / DRIVE AWAY",,,"Y","$501 - $1,500","2026-02-11T18:30:00.000","FOLLOWING TOO CLOSELY","UNABLE TO DETERMINE","7900","S","INGLESIDE AVE","624",,,,,,,"2","NO INDICATION OF INJURY","0","0","0","0","0","4","0","17","4","2","41.75123307","-87.6016914145","POINT (-87.601691414471 41.751233070017)"
"54386aedf3ba6f78ade01665d672998db8893ca5dae70625a6c5c4afedb8b2eb0b024b62976187bd00dfe779fb27852bbfca64136849ef537bb5e042e5040dc7",,"2026-02-11T17:42:00.000","45","TRAFFIC SIGNAL","FUNCTIONING PROPERLY","CLEAR","DARKNESS, LIGHTED ROAD","REAR END","DIVIDED - W/MEDIAN BARRIER",,"STRAIGHT AND LEVEL","DRY","NO DEFECTS","ON SCENE","NO INJURY / DRIVE AWAY",,,,"$501 - $1,500","2026-02-11T17:50:00.000","FOLLOWING TOO CLOSELY","NOT APPLICABLE","10700","W","IRVING PARK RD","1654",,,,,,,"2","NO INDICATION OF INJURY","0","0","0","0","0","2","0","17","4","2","41.95517597","-87.8930788455","POINT (-87.893078845519 41.95517597002)"
"5a2d311aaab76495e94f3b54dc71db39fdc7a34d2975b06ca75d7394b4216ed839d9eb0073511d7528a47bfb8a5ece203444619b2b09dc74a68e326e4bcc0369",,"2026-02-11T17:40:00.000","30","TRAFFIC SIGNAL","FUNCTIONING PROPERLY","CLEAR","DARKNESS, LIGHTED ROAD","REAR END","NOT DIVIDED",,"STRAIGHT AND LEVEL","DRY","WORN SURFACE","ON SCENE","NO INJURY / DRIVE AWAY",,,,"OVER $1,500","2026-02-11T17:50:00.000","FOLLOWING TOO CLOSELY","FOLLOWING TOO CLOSELY","4259","S","LA SALLE ST","213","Y","Y",,,,,"2","NO INDICATION OF INJURY","0","0","0","0","0","3","0","17","4","2","41.8164609318","-87.6292933135","POINT (-87.629293313473 41.816460931793)"
"c3d40b7ec2cb667aa02ac1363c9102ead26ceb7fca6370321992aaf92a555ea7a4b1f974cd68947714d6df2813c6459ebbbef5a9448a4e63edd895c5489f4c89",,"2026-02-11T17:40:00.000","30","NO CONTROLS","NO CONTROLS","CLEAR","DARKNESS","REAR END","DIVIDED - W/MEDIAN (NOT RAISED)",,"STRAIGHT AND LEVEL","DRY","NO DEFECTS","ON SCENE","INJURY AND / OR TOW DUE TO CRASH",,,,"OVER $1,500","2026-02-11T17:42:00.000","IMPROPER OVERTAKING/PASSING","IMPROPER LANE USAGE","2112","N","PULASKI RD","2525",,,,,,,"2","NO INDICATION OF INJURY","0","0","0","0","0","2","0","17","4","2","41.9193896751","-87.7267729041","POINT (-87.726772904086 41.919389675094)"
"f48b85c329da90adb5716b71de7669451ea62688c089fa07c9cfe878f4eaa2b5cebfa4baf334d740af603a481aadc7dfa75581adc5aba60bfa0d2121314201c5",,"2026-02-11T17:40:00.000","30","TRAFFIC SIGNAL","FUNCTIONING PROPERLY","CLEAR","DAWN","SIDESWIPE SAME DIRECTION","NOT DIVIDED",,"STRAIGHT AND LEVEL","DRY","UNKNOWN","NOT ON SCENE (DESK REPORT)","NO INJURY / DRIVE AWAY",,,"Y","OVER $1,500","2026-02-11T18:00:00.000","UNABLE TO DETERMINE","NOT APPLICABLE","906","W","PERSHING RD","915",,,,,,,"2","NO INDICATION OF INJURY","0","0","0","0","0","2","0","17","4","2","41.8235307025","-87.6486546256","POINT (-87.648654625605 41.823530702527)"
"6d6319f40d0e3ab66dd4c7f630a3d5ac18eeb70fc0ed48d6453e8524aa65771c4426054b86227ec26060d3beddc8191d4efc288bb852862e79e8d84fb62f8716",,"2026-02-11T17:35:00.000","30","NO CONTROLS","NO CONTROLS","CLEAR","DUSK","SIDESWIPE SAME DIRECTION","NOT DIVIDED",,"STRAIGHT AND LEVEL","DRY","UNKNOWN","ON SCENE","NO INJURY / DRIVE AWAY",,,"Y","$501 - $1,500","2026-02-11T18:05:00.000","UNABLE TO DETERMINE","NOT APPLICABLE","2345","W","111TH ST","2212",,,,,,,"2","NO INDICATION OF INJURY","0","0","0","0","0","2","0","17","4","2","41.6916674871","-87.6805498129","POINT (-87.680549812928 41.69166748712)"
"04e5d4e53ab876acfe00f30e2987891a17efc2ef1f27c092dfcc5921941c9ed6042e58961a8e689ea1951e8aeb879dd331fd303267024d965029f4607929be97",,"2026-02-11T17:30:00.000","30","TRAFFIC SIGNAL","FUNCTIONING PROPERLY","CLEAR","DARKNESS, LIGHTED ROAD","SIDESWIPE SAME DIRECTION","NOT DIVIDED",,"STRAIGHT AND LEVEL","DRY","UNKNOWN","ON SCENE","NO INJURY / DRIVE AWAY",,,,"OVER $1,500","2026-02-11T17:34:00.000","UNABLE TO DETERMINE","UNABLE TO DETERMINE","735","W","63RD ST","723",,,,,,,"2","NO INDICATION OF INJURY","0","0","0","0","0","2","0","17","4","2","41.7796534311","-87.6439102387","POINT (-87.64391023869 41.779653431136)"
"13286e1e541bd2223cae6ae6ef6ee87486494a440fe901e0838f6b68d7fb57730dd5cb20c008effa863b9df12896e288efea599f68fbad71cce9ac084b925872",,"2026-02-11T17:30:00.000","30","NO CONTROLS","NO CONTROLS","UNKNOWN","UNKNOWN","REAR END","NOT DIVIDED",,"STRAIGHT AND LEVEL","UNKNOWN","UNKNOWN","NOT ON SCENE (DESK REPORT)","NO INJURY / DRIVE AWAY",,,"Y","OVER $1,500","2026-02-11T18:13:00.000","UNABLE TO DETERMINE","UNABLE TO DETERMINE","2942","W","DEVON AVE","2412",,,,,,,"2","NO INDICATION OF INJURY","0","0","0","0","0","5","0","17","4","2","41.9975978299","-87.7037815761","POINT (-87.703781576141 41.997597829893)"
"1f6f7eabbb29f65e28dd31896decf6aa50d45767cf826d2d681eac38e9002241936a95eeb41ca9a9b95cc2189caf6c5c2d531d0dfafc91085d6e54bb1fdb2bf4",,"2026-02-11T17:30:00.000","30","NO CONTROLS","NO CONTROLS","CLEAR","DARKNESS, LIGHTED ROAD","ANGLE","NOT DIVIDED",,"STRAIGHT AND LEVEL","DRY","NO DEFECTS","NOT ON SCENE (DESK REPORT)","NO INJURY / DRIVE AWAY",,,,"OVER $1,500","2026-02-11T18:05:00.000","FAILING TO YIELD RIGHT-OF-WAY","NOT APPLICABLE","5322","S","CENTRAL AVE","811",,,,,,,"2","NO INDICATION OF INJURY","0","0","0","0","0","3","0","17","4","2","41.79573461","-87.762555326","POINT (-87.762555325992 41.795734610035)"
"27a02df64346cd9f45532a919b8124bfe9ca99eaa4a704d09548ba01b448aa4b44739560d92e696953c456f13c3564ba4cab52430032e46faa454fba5e45a8b2",,"2026-02-11T17:25:00.000","30","TRAFFIC SIGNAL","FUNCTIONING PROPERLY","CLEAR","DARKNESS","TURNING","NOT DIVIDED",,"STRAIGHT AND LEVEL","DRY","NO DEFECTS",,"NO INJURY / DRIVE AWAY",,,,"OVER $1,500","2026-02-11T18:45:00.000","FAILING TO YIELD RIGHT-OF-WAY","NOT APPLICABLE","4400","N","MAGNOLIA AVE","1913",,,,,,,"2","NO INDICATION OF INJURY","0","0","0","0","0","2","0","17","4","2","41.9617906941","-87.6611184966","POINT (-87.661118496579 41.961790694089)"
"e60f070b4ee0a51d00c995e4bd43e4ed4c8d8157bdf77cba11fa2bfac4544941217ecaecd1fd19303d557004276e6bb334f0b28b90ffc6eb705a7f1dce335762",,"2026-02-11T17:25:00.000","30","NO CONTROLS","NO CONTROLS","CLEAR","DAYLIGHT","TURNING","NOT DIVIDED",,"STRAIGHT AND LEVEL","DRY","NO DEFECTS","NOT ON SCENE (DESK REPORT)","NO INJURY / DRIVE AWAY",,,"Y","$501 - $1,500","2026-02-11T20:00:00.000","UNABLE TO DETERMINE","UNABLE TO DETERMINE","1620","W","FLOURNOY ST","1231",,,,,,,"2","NO INDICATION OF INJURY","0","0","0","0","0","3","0","17","4","2","41.8730062623","-87.6675801629","POINT (-87.667580162855 41.87300626227)"
"c3a3b6625fff838e00b1253b86e8295a172738d6cfa1bef13b78ed437c88558a96e442285e1a0988e5347afb1faf56377b391b5219ce40ddbaf05598c5b0d328",,"2026-02-11T17:24:00.000","30","NO CONTROLS","NO CONTROLS","CLEAR","DAYLIGHT","SIDESWIPE SAME DIRECTION","DIVIDED - W/MEDIAN BARRIER",,"STRAIGHT AND LEVEL","DRY","NO DEFECTS","ON SCENE","NO INJURY / DRIVE AWAY",,,,"$501 - $1,500","2026-02-11T17:33:00.000","FOLLOWING TOO CLOSELY","DRIVING SKILLS/KNOWLEDGE/EXPERIENCE","220","S","MICHIGAN AVE","113",,,,,,,"2","NO INDICATION OF INJURY","0","0","0","0","0","2","0","17","4","2","41.8790291909","-87.6244858578","POINT (-87.624485857846 41.879029190943)"
"caaecbc38edb9e26f45bd0d72a37179fe8d8c6b5251d850dc652935a91fa586e2a934404fe237fee0aeaf33da70dba31d020cb8e8468e6ff279f125d1df24d2e",,"2026-02-11T17:20:00.000","30","NO CONTROLS","NO CONTROLS","CLEAR","DUSK","PARKED MOTOR VEHICLE","ONE-WAY",,"STRAIGHT AND LEVEL","DRY","NO DEFECTS","NOT ON SCENE (DESK REPORT)","NO INJURY / DRIVE AWAY",,,,"OVER $1,500","2026-02-13T15:12:00.000","IMPROPER BACKING","NOT APPLICABLE","5240","W","64TH PL","813",,,,,,,"3","NO INDICATION OF INJURY","0","0","0","0","0","1","0","17","4","2","41.7752521458","-87.753433436","POINT (-87.753433435962 41.775252145831)"
"4cc310744c0ff877418d3e14fb543dba28a8486362d4d9deadf7a7524431a81ccddad17e53986c7fb302fe11963431b992db590295c5818be6dd226c18917fcd",,"2026-02-11T17:17:00.000","30","NO CONTROLS","NO CONTROLS","CLEAR","DAYLIGHT","OTHER OBJECT","DIVIDED - W/MEDIAN (NOT RAISED)",,"STRAIGHT AND LEVEL","DRY","NO DEFECTS","ON SCENE","NO INJURY / DRIVE AWAY",,,,"$501 - $1,500","2026-02-11T17:18:00.000","PHYSICAL CONDITION OF DRIVER","NOT APPLICABLE","1609","W","18TH ST","1234",,,,,,,"1","NO INDICATION OF INJURY","0","0","0","0","0","1","0","17","4","2","41.8576738133","-87.6665937807","POINT (-87.666593780739 41.857673813321)"
"93b881aa98af2a406b4cf473bd51eca044a33987f1c9000df431e1d4896fb8192661b407ea71188055e80a70a617f89118347cef5388d81a91974616a222028f",,"2026-02-11T17:15:00.000","15","NO CONTROLS","NO CONTROLS","CLEAR","DARKNESS, LIGHTED ROAD","PARKED MOTOR VEHICLE","PARKING LOT",,"STRAIGHT AND LEVEL","DRY","NO DEFECTS","NOT ON SCENE (DESK REPORT)","NO INJURY / DRIVE AWAY",,"Y","Y","OVER $1,500","2026-02-11T18:50:00.000","IMPROPER TURNING/NO SIGNAL","NOT APPLICABLE","5757","N","SHERIDAN RD","2022",,,,,,,"2","NO INDICATION OF INJURY","0","0","0","0","0","1","0","17","4","2","41.9872132789","-87.6551507343","POINT (-87.65515073432 41.987213278868)"
"bcfd50238300eff0f2f920f0912ce50abb3c5cb3b1a3b02f217e1ddfd5ce215a69234592434881baa659eb93af5ea2b59f490d4278f5e3218bf284ed9a77cb73",,"2026-02-11T17:14:00.000","30","NO CONTROLS","NO CONTROLS","CLEAR","DARKNESS, LIGHTED ROAD","REAR TO FRONT","ONE-WAY",,"STRAIGHT AND LEVEL","DRY","NO DEFECTS","ON SCENE","NO INJURY / DRIVE AWAY",,,,"OVER $1,500","2026-02-11T18:06:00.000","DRIVING SKILLS/KNOWLEDGE/EXPERIENCE","NOT APPLICABLE","329","N","DEARBORN ST","1831",,,,,,,"2","NO INDICATION OF INJURY","0","0","0","0","0","1","0","17","4","2","41.8883012274","-87.6294066924","POINT (-87.629406692352 41.888301227425)"
"2afef893e3c433e60762288a1b7fcbb12018b057e843a85cb68a2954358f5eb7979ad3310c83d84e6d77e5ec7aa751c5fd712672ca8580712dd7e5903f7211f7",,"2026-02-11T17:10:00.000","30","NO CONTROLS","NO CONTROLS","CLEAR","DAYLIGHT","TURNING","NOT DIVIDED",,"STRAIGHT AND LEVEL","DRY","NO DEFECTS","NOT ON SCENE (DESK REPORT)","NO INJURY / DRIVE AWAY",,,,"OVER $1,500","2026-02-11T17:53:00.000","IMPROPER OVERTAKING/PASSING","NOT APPLICABLE","3900","W","87TH ST","834",,,,,,,"2","NO INDICATION OF INJURY","0","0","0","0","0","5","0","17","4","2","41.7350069227","-87.7191168339","POINT (-87.719116833915 41.735006922695)"
"66e971531d3705596ce942359ea3073293e5f3da57e253444f108915556225b90b1dd5e014db05bc7ed47d9cb42a91c3be3bea5381945658cd0e8168c3d0120f",,"2026-02-11T17:10:00.000","30","NO CONTROLS","NO CONTROLS","CLEAR","DAYLIGHT","SIDESWIPE SAME DIRECTION","NOT DIVIDED",,"STRAIGHT AND LEVEL","DRY","NO DEFECTS","ON SCENE","NO INJURY / DRIVE AWAY",,,"Y","$500 OR LESS","2026-02-11T17:11:00.000","FOLLOWING TOO CLOSELY","NOT APPLICABLE","800","W","PERSHING RD","915",,,,,,,"2","NO INDICATION OF INJURY","0","0","0","0","0","2","0","17","4","2","41.8235667404","-87.6460521714","POINT (-87.646052171444 41.823566740363)"
"7161ccc0ffd8eb565c4c8eac35f60b69562b9dd3ee5901599e7f8a9d8e8196e4b336bb4536dbf64e2c5c426f92549fb4f39aa890493e94921744b51dfbc5e86e","Y","2026-02-11T17:05:00.000","25","NO CONTROLS","NO CONTROLS","CLEAR","DAYLIGHT","PARKED MOTOR VEHICLE","NOT DIVIDED",,"STRAIGHT AND LEVEL","DRY","UNKNOWN","NOT ON SCENE (DESK REPORT)","NO INJURY / DRIVE AWAY",,,,"OVER $1,500","2026-02-18T18:00:00.000","IMPROPER BACKING","NOT APPLICABLE","3838","W","CHICAGO AVE","1112",,,,,,,"2","NO INDICATION OF INJURY","0","0","0","0","0","1","0","17","4","2","41.8955085148","-87.7227299064","POINT (-87.722729906352 41.895508514783)"
"ad53b63225effbd73542e0a99a3195bed43cd13ba73853cb29b7932c2396bc0e363f92a738fa8219d54f3b18d299d228b5ac4dd0f155073ff8709ffedab92b10",,"2026-02-11T17:05:00.000","30","TRAFFIC SIGNAL","FUNCTIONING PROPERLY","CLEAR","DAYLIGHT","PARKED MOTOR VEHICLE","NOT DIVIDED",,"STRAIGHT AND LEVEL","DRY","NO DEFECTS","NOT ON SCENE (DESK REPORT)","NO INJURY / DRIVE AWAY",,,"Y","$500 OR LESS","2026-02-11T17:35:00.000","UNABLE TO DETERMINE","UNABLE TO DETERMINE","860","E","59TH ST","235",,,,,,,"2","NO INDICATION OF INJURY","0","0","0","0","0","1","0","17","4","2","41.7878302794","-87.6037454586","POINT (-87.603745458579 41.787830279361)"
"23541742335dc2b5ffdf8a1a27d18692b7315d32b512a9792c9d45be45149a7c69ce800621688985669ac7c3110e87545a7dc198beff34c8d13cbda205409c30",,"2026-02-11T17:00:00.000","30","NO CONTROLS","NO CONTROLS","CLEAR","DARKNESS","PARKED MOTOR VEHICLE","DIVIDED - W/MEDIAN (NOT RAISED)",,"STRAIGHT AND LEVEL","DRY","NO DEFECTS","NOT ON SCENE (DESK REPORT)","NO INJURY / DRIVE AWAY",,,,"$500 OR LESS","2026-02-11T19:15:00.000","UNABLE TO DETERMINE","UNABLE TO DETERMINE","4752","W","LAWRENCE AVE","1712",,,,,,,"2","NO INDICATION OF INJURY","0","0","0","0","0","1","0","17","4","2","41.9681438105","-87.7474230592","POINT (-87.747423059194 41.968143810499)"
"33ed0a7157d01e5bf1e69ff773dc6bb46320f44b337c7d63270658a29bb5bf1b1aaec279321423793fef6f1393f521c8c81f82f4dced54eea92b5daddbf0256c",,"2026-02-11T17:00:00.000","30","NO CONTROLS","NO CONTROLS","CLEAR","DAYLIGHT","PEDESTRIAN","NOT DIVIDED",,"STRAIGHT AND LEVEL","DRY","NO DEFECTS","ON SCENE","INJURY AND / OR TOW DUE TO CRASH",,,"Y","OVER $1,500","2026-02-11T17:00:00.000","UNABLE TO DETERMINE","FAILING TO YIELD RIGHT-OF-WAY","7500","S","DR MARTIN LUTHER KING JR DR","623",,,,,,,"2","REPORTED, NOT EVIDENT","1","0","0","0","1","1","0","17","4","2","41.7583146489","-87.6152650426","POINT (-87.615265042581 41.758314648927)"
"a63502d61771d140c486adce3a0e8722df4395e78d4496d141e020c04762e4190e1a27b1912667613193598ce94689e680eae3341b086e27022b2b15479fbe4e",,"2026-02-11T17:00:00.000","30","TRAFFIC SIGNAL","FUNCTIONING PROPERLY","CLEAR","DAYLIGHT","REAR END","FOUR WAY",,"STRAIGHT AND LEVEL","DRY","NO DEFECTS","NOT ON SCENE (DESK REPORT)","NO INJURY / DRIVE AWAY","Y",,"Y","OVER $1,500","2026-02-11T20:38:00.000","FOLLOWING TOO CLOSELY","FAILING TO REDUCE SPEED TO AVOID CRASH","1205","S","ASHLAND AVE","1233",,,,,,,"2","NO INDICATION OF INJURY","0","0","0","0","0","3","0","17","4","2","41.8667065261","-87.6662338326","POINT (-87.666233832647 41.866706526146)"
"cd1d72dc3813a06f3dc9d2e0c25b5e146fa8fadf20da5049611e617e0c9f14232dc1adbe381ea8acb6db4a7b8982527194596dba99d27545e981a98f3494088d",,"2026-02-11T17:00:00.000","20","NO CONTROLS","NO CONTROLS","CLEAR","DAYLIGHT","PARKED MOTOR VEHICLE","NOT DIVIDED",,"STRAIGHT AND LEVEL","DRY","NO DEFECTS","NOT ON SCENE (DESK REPORT)","NO INJURY / DRIVE AWAY",,,"Y","OVER $1,500","2026-02-13T11:30:00.000","UNABLE TO DETERMINE","UNABLE TO DETERMINE","1769","W","SUNNYSIDE AVE","1912",,,,,,,"2","NO INDICATION OF INJURY","0","0","0","0","0","1","0","17","4","2","41.9632452667","-87.6736141878","POINT (-87.673614187782 41.963245266688)"
"bb7eccbec30c85689e9c601dc61abae646a8bf66ea57a316136488a2c3ad45786892beb285b5fb3e5d65411ada6c64b62e712eae1c07b1aff8cf77accc053dee",,"2026-02-11T16:52:00.000","30","TRAFFIC SIGNAL","FUNCTIONING PROPERLY","CLEAR","DUSK","PARKED MOTOR VEHICLE","FOUR WAY",,"STRAIGHT AND LEVEL","DRY","NO DEFECTS","ON SCENE","NO INJURY / DRIVE AWAY",,,,"$501 - $1,500","2026-02-11T16:54:00.000","IMPROPER TURNING/NO SIGNAL","IMPROPER OVERTAKING/PASSING","3155","W","DIVERSEY AVE","1411",,,,,,,"2","NO INDICATION OF INJURY","0","0","0","0","0","1","0","16","4","2","41.931918413","-87.7072096367","POINT (-87.707209636654 41.931918413027)"
"5e3a76516ecf94a4c9eba94593068b6876944b7743767798b7c90a15dea68efe975a42a9123a75e7cac24142ede308e52eda9c28da354e8b35fcf6c11be32816",,"2026-02-11T16:51:00.000","30","TRAFFIC SIGNAL","FUNCTIONING PROPERLY","CLEAR","DUSK","SIDESWIPE SAME DIRECTION","FOUR WAY",,"STRAIGHT AND LEVEL","DRY","NO DEFECTS","ON SCENE","NO INJURY / DRIVE AWAY","Y",,"Y","$501 - $1,500","2026-02-11T17:02:00.000","IMPROPER OVERTAKING/PASSING","UNABLE TO DETERMINE","1558","W","IRVING PARK RD","1912",,,,,,,"2","NO INDICATION OF INJURY","0","0","0","0","0","2","0","16","4","2","41.9544010742","-87.6689748848","POINT (-87.66897488478 41.954401074188)"
"718e277bdea24d1471ec9cf457b2dc929e3f1ed63eb397a96e7d5751c3b31d6484d1aab9d76b9cd4b7b263c83b8be277d1ccaec715a801fa449da832788ef1b6",,"2026-02-11T16:50:00.000","15","NO CONTROLS","NO CONTROLS","CLEAR","DUSK","ANGLE","PARKING LOT",,"STRAIGHT AND LEVEL","DRY","NO DEFECTS","ON SCENE","NO INJURY / DRIVE AWAY",,"Y",,"$500 OR LESS","2026-02-11T16:55:00.000","UNABLE TO DETERMINE","NOT APPLICABLE","801","N","PULASKI RD","1112",,,,,,,"2","NO INDICATION OF INJURY","0","0","0","0","0","2","0","16","4","2","41.8954621504","-87.7259368087","POINT (-87.725936808712 41.895462150386)"
"fb3633af74f9fb39b0918484d62e68fb4ef242a381152f8906e9716592d2f9ee322487c5a30a27d9de549849743bc3e5c76ca410a80569bd92d175b447ba61fe",,"2026-02-11T16:48:00.000","30","NO CONTROLS","NO CONTROLS","CLEAR","DAYLIGHT","OTHER OBJECT","NOT DIVIDED",,"STRAIGHT AND LEVEL","DRY","NO DEFECTS","ON SCENE","INJURY AND / OR TOW DUE TO CRASH",,"Y",,"OVER $1,500","2026-02-11T16:48:00.000","EQUIPMENT - VEHICLE CONDITION","FAILING TO REDUCE SPEED TO AVOID CRASH","3046","N","HALSTED ST","1933",,"Y",,,,,"1","NO INDICATION OF INJURY","0","0","0","0","0","1","0","16","4","2","41.9376938846","-87.649341417","POINT (-87.649341416993 41.937693884636)"
"e64101833ad470201244cc7591b93ce4b8266de5d37ad0b86b0397c6ddfc44ef28dda1bbc57d85e19a5174cd88c348483f928e16accc801d6dc5773722ecab9a",,"2026-02-11T16:47:00.000","30","STOP SIGN/FLASHER","FUNCTIONING PROPERLY","UNKNOWN","DUSK","TURNING","ONE-WAY",,"STRAIGHT AND LEVEL","UNKNOWN","UNKNOWN","NOT ON SCENE (DESK REPORT)","NO INJURY / DRIVE AWAY",,,,"$501 - $1,500","2026-02-11T17:54:00.000","NOT APPLICABLE","NOT APPLICABLE","2415","W","72ND ST","832",,,,,,,"2","NO INDICATION OF INJURY","0","0","0","0","0","2","0","16","4","2","41.7627520204","-87.6838918992","POINT (-87.683891899191 41.762752020368)"
"65a12897d1b91791108869b5ddde29aa588b743f695a9c40ea9bf16c2776210cace9136706fc6e3c9f1ee1a0fa04cfca10a3de1bd6dd02ee7f2e77e455701ddb",,"2026-02-11T16:45:00.000","30","TRAFFIC SIGNAL","FUNCTIONING PROPERLY","CLEAR","DAYLIGHT","ANGLE","DIVIDED - W/MEDIAN (NOT RAISED)",,"STRAIGHT AND LEVEL","DRY","NO DEFECTS","NOT ON SCENE (DESK REPORT)","NO INJURY / DRIVE AWAY",,,,"OVER $1,500","2026-02-12T05:30:00.000","IMPROPER OVERTAKING/PASSING","UNABLE TO DETERMINE","1954","N","PULASKI RD","2534",,,,,,,"2","NO INDICATION OF INJURY","0","0","0","0","0","2","0","16","4","2","41.9169597543","-87.7266962538","POINT (-87.726696253797 41.916959754256)"
"ac56f6ee1cec10ccdd9ac515dbd13d4376c03fcff4e1993e7bac27d4bc0516a168217243d1703478fc1ca03238640bdce2a31b1d8238f76f6048c9466008eeb0",,"2026-02-11T16:45:00.000","30","NO CONTROLS","NO CONTROLS","CLEAR","DUSK","PARKED MOTOR VEHICLE","NOT DIVIDED",,"STRAIGHT AND LEVEL","DRY","NO DEFECTS","NOT ON SCENE (DESK REPORT)","NO INJURY / DRIVE AWAY",,,,"OVER $1,500","2026-02-11T17:38:00.000","UNABLE TO DETERMINE","NOT APPLICABLE","516","N","NOBLE ST","1215",,,,,,,"2","NO INDICATION OF INJURY","0","0","0","0","0","3","0","16","4","2","41.8915768656","-87.6624276636","POINT (-87.66242766365 41.89157686556)"
"c1b5c9ccf5b649f94eb446f1d891aa22c5b490643cc872ed4372ecb8963523194d8576e82c39481c4dc80ebf5fe9104d6875ea8e1331af507255ce2c0cc08076",,"2026-02-11T16:45:00.000","30","NO CONTROLS","NO CONTROLS","CLEAR","DAYLIGHT","TURNING","NOT DIVIDED",,"STRAIGHT AND LEVEL","DRY","NO DEFECTS","ON SCENE","NO INJURY / DRIVE AWAY",,,,"OVER $1,500","2026-02-11T16:46:00.000","UNABLE TO DETERMINE","UNABLE TO DETERMINE","8353","W","BYRON ST","1631",,,,,,,"2","NO INDICATION OF INJURY","0","0","0","0","0","2","0","16","4","2","41.9501156599","-87.8363083609","POINT (-87.836308360904 41.950115659948)"
"8099c234fd0f97aa30ca994e56d1b560354a5f35dd5ae622f8c4f4126b4a66dee8e1d80720c5cb33893cc85bbe299e39e8509a36a57a75b81aa21983d1598eff",,"2026-02-11T16:40:00.000","30","NO CONTROLS","NO CONTROLS","CLEAR","DAYLIGHT","SIDESWIPE SAME DIRECTION","NOT DIVIDED",,"STRAIGHT AND LEVEL","DRY","UNKNOWN","NOT ON SCENE (DESK REPORT)","NO INJURY / DRIVE AWAY",,,,"OVER $1,500","2026-02-12T13:23:00.000","FAILING TO YIELD RIGHT-OF-WAY","NOT APPLICABLE","11500","S","MARSHFIELD AVE","2234",,,,,,,"2","NO INDICATION OF INJURY","0","0","0","0","0","3","0","16","4","2","41.6847087629","-87.6628557576","POINT (-87.662855757575 41.684708762863)"
"f43ca5f5ad3e205193dbfde46ceb73b40b292f025f7f17a2f8931c749bd9b9944ab79447275b3a2a38d34a71f674b77ca7c925212c6fda12c3e79e198700d550","N","2026-02-11T16:40:00.000","30","NO CONTROLS","NO CONTROLS","CLEAR","DAYLIGHT","FIXED OBJECT","NOT DIVIDED",,"STRAIGHT AND LEVEL","DRY","NO DEFECTS","ON SCENE","INJURY AND / OR TOW DUE TO CRASH",,,,"OVER $1,500","2026-02-11T16:40:00.000","UNABLE TO DETERMINE","UNABLE TO DETERMINE","4814","W","MAYPOLE AVE","1532",,,,,,,"1","NO INDICATION OF INJURY","0","0","0","0","0","2","0","16","4","2","41.884552491","-87.7461301711","POINT (-87.746130171101 41.884552490991)"
"6b0c7c12cede1456b44cfd94d0fa8998f91b5a02b571cede47dffe7c362fec4ac1383a73f52f0eaf77e26a4713e8677b3b4ad2680a65096463414a44792efb8f",,"2026-02-11T16:35:00.000","30","TRAFFIC SIGNAL","FUNCTIONING PROPERLY","CLEAR","DAYLIGHT","SIDESWIPE SAME DIRECTION","ONE-WAY",,"STRAIGHT AND LEVEL","DRY","NO DEFECTS","NOT ON SCENE (DESK REPORT)","NO INJURY / DRIVE AWAY","Y",,,"OVER $1,500","2026-02-11T18:11:00.000","FAILING TO YIELD RIGHT-OF-WAY","FAILING TO YIELD RIGHT-OF-WAY","537","W","MADISON ST","121",,,,,,,"2","NO INDICATION OF INJURY","0","0","0","0","0","2","0","16","4","2","41.8817544854","-87.6411084592","POINT (-87.641108459152 41.881754485351)"