"crash_record_id","crash_date_est_i","crash_date","posted_speed_limit","traffic_control_device","device_condition","weather_condition","lighting_condition","first_crash_type","trafficway_type","lane_cnt","alignment","roadway_surface_cond","road_defect","report_type","crash_type","intersection_related_i","private_property_i","hit_and_run_i","damage","date_police_notified","prim_contributory_cause","sec_contributory_cause","street_no","street_direction","street_name","beat_of_occurrence","photos_taken_i","statements_taken_i","dooring_i","work_zone_i","work_zone_type","workers_present_i","num_units","most_severe_injury","injuries_total","injuries_fatal","injuries_incapacitating","injuries_non_incapacitating","injuries_reported_not_evident","injuries_no_indication","injuries_unknown","crash_hour","crash_day_of_week","crash_month","latitude","longitude","location"
"0c1aaa9ba2efeadae032fdf6ab754efb3c31ccbf8fc38581a2da81dbe38aaa7d97fbe7fa1aae4d5a3e1165e9c9f02f75c4b90a351040d64a390f7210a0e2071a",,"2026-02-11T16:30:00.000","10","NO CONTROLS","NO CONTROLS","CLEAR","DAYLIGHT","ANGLE","PARKING LOT",,"STRAIGHT AND LEVEL","DRY","NO DEFECTS","ON SCENE","NO INJURY / DRIVE AWAY",,"N",,"OVER $1,500","2026-02-11T16:30:00.000","DRIVING SKILLS/KNOWLEDGE/EXPERIENCE","NOT APPLICABLE","5233","N","LINCOLN AVE","2011",,,,,,,"2","NO INDICATION OF INJURY","0","0","0","0","0","2","0","16","4","2","41.9768950984","-87.6922796678","POINT (-87.692279667764 41.976895098405)"
"0eaad39739a3148f2397bc6266bcad156f18b46db85cb5e67d8ccfb140e3016fbbf7c3b7b37dbbb42b2d267476fef1b2bdf4c3ad4755fbfd54c054d667248de5","Y","2026-02-11T16:30:00.000","30","TRAFFIC SIGNAL","FUNCTIONING PROPERLY","CLEAR","DARKNESS, LIGHTED ROAD","TURNING","NOT DIVIDED",,"STRAIGHT AND LEVEL","DRY","UNKNOWN",,"NO INJURY / DRIVE AWAY",,,,"OVER $1,500","2026-02-11T18:50:00.000","FAILING TO YIELD RIGHT-OF-WAY","NOT APPLICABLE","4605","N","SHERIDAN RD","1914",,,,,,,"2","NO INDICATION OF INJURY","0","0","0","0","0","2","0","16","4","2","41.9655835158","-87.6546434328","POINT (-87.654643432801 41.96558351577)"
"72aa94d673cbb4ee8aa71692e9d858c793b9e67106acaa2d6b340126809aec1a96c0839dfbec743d94c1f8fcede138b28fca22152b0615554643a8d812a2886f",,"2026-02-11T16:30:00.000","30","NO CONTROLS","NO CONTROLS","CLEAR","DAYLIGHT","SIDESWIPE SAME DIRECTION","NOT DIVIDED",,"STRAIGHT AND LEVEL","DRY","UNKNOWN","NOT ON SCENE (DESK REPORT)","NO INJURY / DRIVE AWAY",,,,"$500 OR LESS","2026-02-11T17:20:00.000","UNABLE TO DETERMINE","NOT APPLICABLE","2350","W","95TH ST","2221",,,,,,,"2","NO INDICATION OF INJURY","0","0","0","0","0","2","0","16","4","2","41.721049906","-87.6817491179","POINT (-87.681749117857 41.721049906015)"
"84c9f8fc963a906fd9a62ea6d46c7908f8cfc0e9e0534aec3428ed11ee5b2e64e877d9399aa272266a5ab4187e1aaccb00ae8b2e719e715f275276f6203c3dc3",,"2026-02-11T16:30:00.000","30","TRAFFIC SIGNAL","FUNCTIONING PROPERLY","CLEAR","DAYLIGHT","ANGLE","NOT DIVIDED",,"STRAIGHT AND LEVEL","DRY","NO DEFECTS","NOT ON SCENE (DESK REPORT)","NO INJURY / DRIVE AWAY","Y",,,"OVER $1,500","2026-02-12T10:30:00.000","FAILING TO YIELD RIGHT-OF-WAY","FAILING TO YIELD RIGHT-OF-WAY","3098","S","DR MARTIN LUTHER KING JR DR","133",,,,,,,"2","NO INDICATION OF INJURY","0","0","0","0","0","4","0","16","4","2","41.8385115628","-87.6176148746","POINT (-87.617614874572 41.83851156279)"
"9b3f98b2ce4a28e85845503ec2ed0765c216aed432d4d31ae6b363992f5b4bfaf5a8d6cef1230098ff27282219785e43824d5f771b41809e75420e3f4ad93c15",,"2026-02-11T16:30:00.000","30","TRAFFIC SIGNAL","FUNCTIONING PROPERLY","CLEAR","DAYLIGHT","SIDESWIPE SAME DIRECTION","NOT DIVIDED",,"STRAIGHT AND LEVEL","DRY","NO DEFECTS","NOT ON SCENE (DESK REPORT)","INJURY AND / OR TOW DUE TO CRASH",,,,"OVER $1,500","2026-02-11T17:37:00.000","FAILING TO YIELD RIGHT-OF-WAY","NOT APPLICABLE","2400","W","87TH ST","835",,,,,,,"2","NONINCAPACITATING INJURY","1","0","0","1","0","2","0","16","4","2","41.7356353288","-87.6826503426","POINT (-87.682650342555 41.735635328819)"
"b52bf41b03e0f84dc579f6ca11623e06e78608057ad95e2e073455f94907082c05791969d300826c7a954e9e09146f5692b34f10c285ac177e51009f9887a17c",,"2026-02-11T16:30:00.000","30","TRAFFIC SIGNAL","FUNCTIONING PROPERLY","CLEAR","DAYLIGHT","REAR END","NOT DIVIDED",,"STRAIGHT AND LEVEL","DRY","NO DEFECTS","NOT ON SCENE (DESK REPORT)","NO INJURY / DRIVE AWAY",,,,"OVER $1,500","2026-02-11T17:17:00.000","FOLLOWING TOO CLOSELY","NOT APPLICABLE","7401","S","CICERO AVE","833",,,,,,,"2","NO INDICATION OF INJURY","0","0","0","0","0","3","0","16","4","2","41.7587279977","-87.7415356623","POINT (-87.741535662317 41.75872799769)"
"ea16a9cc4d51ca39bef9c500026da8f7c902d689281f4df7a906211d31cae3393c531cff328b1d40a5d575a906f2e7f7622b69aa6a68424ee283032c927b9d10",,"2026-02-11T16:25:00.000","30","NO CONTROLS","NO CONTROLS","CLEAR","DAYLIGHT","PARKED MOTOR VEHICLE","NOT DIVIDED",,"STRAIGHT AND LEVEL","UNKNOWN","UNKNOWN","NOT ON SCENE (DESK REPORT)","NO INJURY / DRIVE AWAY",,,"Y","$501 - $1,500","2026-02-11T17:15:00.000","IMPROPER BACKING","NOT APPLICABLE","34","E","OAK ST","1824",,,,,,,"2","NO INDICATION OF INJURY","0","0","0","0","0","1","0","16","4","2","41.9008760762","-87.627071124","POINT (-87.627071123962 41.900876076177)"
"eef8654a70685255a9e22d0d1ac00d689400a71fefe1ce090e664cd2f56f8f461d9616fc125b6cae21312bf87e22bcee9dd705b64b0b1eedd1f0124021db7a68",,"2026-02-11T16:20:00.000","30","NO CONTROLS","NO CONTROLS","CLEAR","DAYLIGHT","PARKED MOTOR VEHICLE","NOT DIVIDED",,"STRAIGHT AND LEVEL","DRY","UNKNOWN","NOT ON SCENE (DESK REPORT)","NO INJURY / DRIVE AWAY",,,"Y","OVER $1,500","2026-02-11T19:25:00.000","UNABLE TO DETERMINE","NOT APPLICABLE","4932","W","DIVISION ST","2533",,,,,,,"2","NO INDICATION OF INJURY","0","0","0","0","0","2","0","16","4","2","41.9024236391","-87.7497624229","POINT (-87.749762422863 41.90242363908)"
"4a1e16f78e17f105207bf3dd3c5c0ff6a50435f916f64b9143abb261187b5b726196d2d6c6d4ccdcd042b75a21edb899dd8c82c03ec2784da626420e336b96ab",,"2026-02-11T16:15:00.000","20","STOP SIGN/FLASHER","NO CONTROLS","CLEAR","DAYLIGHT","ANGLE","FOUR WAY",,"STRAIGHT AND LEVEL","DRY","NO DEFECTS","NOT ON SCENE (DESK REPORT)","NO INJURY / DRIVE AWAY","Y",,,"OVER $1,500","2026-02-11T17:30:00.000","FAILING TO YIELD RIGHT-OF-WAY","UNABLE TO DETERMINE","7400","N","ORIOLE AVE","1611",,,,,,,"2","NO INDICATION OF INJURY","0","0","0","0","0","2","0","16","4","2","42.0151925103","-87.8165014892","POINT (-87.816501489154 42.015192510283)"
"e0cc2632d8ae210b9ca887e5d6baeb2055ff581270df2383f096612ecc1647d021e93eda688b4b7ae2dc26412cce0dd142c3c853aa41a29363818634fd12cda7",,"2026-02-11T16:10:00.000","20","STOP SIGN/FLASHER","FUNCTIONING PROPERLY","CLEAR","DAYLIGHT","SIDESWIPE SAME DIRECTION","NOT DIVIDED",,"STRAIGHT AND LEVEL","DRY","NO DEFECTS","NOT ON SCENE (DESK REPORT)","NO INJURY / DRIVE AWAY","Y",,,"OVER $1,500","2026-02-14T11:00:00.000","IMPROPER BACKING","NOT APPLICABLE","4500","W","AGATITE AVE","1722",,,,,,,"2","NO INDICATION OF INJURY","0","0","0","0","0","2","0","16","4","2","41.9614667553","-87.7413063905","POINT (-87.741306390527 41.961466755344)"
"f91ec80a08dd4a409fb35c462574b2bd489fb176f004477ddd3e790e2c256557f0324bbfe27488d241524733b4fa8eb7ade589b5aaf619feace6bb7fe9157a4d",,"2026-02-11T16:10:00.000","25","NO CONTROLS","NO CONTROLS","CLEAR","DAYLIGHT","TURNING","NOT DIVIDED",,"STRAIGHT AND LEVEL","DRY","NO DEFECTS","NOT ON SCENE (DESK REPORT)","NO INJURY / DRIVE AWAY","Y",,"Y","OVER $1,500","2026-02-11T16:20:00.000","UNABLE TO DETERMINE","UNABLE TO DETERMINE","1156","S","KOSTNER AVE","1131",,,,,,,"2","NO INDICATION OF INJURY","0","0","0","0","0","2","0","16","4","2","41.8661436175","-87.7351152741","POINT (-87.735115274116 41.86614361753)"
"53bc6bb16c695735d1042c0102aec6313676d9d2b2c153fc92cd7757d49645984f2ae4a8f54232c6578bb8a0c869cb33b1d919f5532a04def022de3ecd23ebd3",,"2026-02-11T16:00:00.000","30","NO CONTROLS","NO CONTROLS","CLEAR","DAYLIGHT","REAR END","NOT DIVIDED",,"STRAIGHT AND LEVEL","DRY","NO DEFECTS","NOT ON SCENE (DESK REPORT)","NO INJURY / DRIVE AWAY",,,,"$500 OR LESS","2026-02-11T17:00:00.000","FAILING TO YIELD RIGHT-OF-WAY","UNABLE TO DETERMINE","6401","W","MONTROSE AVE","1632",,,,,,,"2","NO INDICATION OF INJURY","0","0","0","0","0","2","0","16","4","2","41.9601064914","-87.7868634926","POINT (-87.7868634926 41.960106491383)"
"b5d51dacf1fe579f4e72ba4e7823ec4034f44eee73a1c07ce67b309b139e484597f9dd8d4e2284723c29838d5c40582e8fa10d0eb179fc258a7c6685a45370d9",,"2026-02-11T16:00:00.000","15","NO CONTROLS","NO CONTROLS","CLEAR","DAYLIGHT","ANGLE","PARKING LOT",,"STRAIGHT AND LEVEL","DRY","NO DEFECTS","NOT ON SCENE (DESK REPORT)","NO INJURY / DRIVE AWAY",,"Y",,"OVER $1,500","2026-02-11T17:20:00.000","IMPROPER BACKING","NOT APPLICABLE","6140","N","WESTERN AVE","2413",,,,,,,"2","NO INDICATION OF INJURY","0","0","0","0","0","2","0","16","4","2","41.9934910289","-87.689891672","POINT (-87.689891671999 41.993491028891)"
"295a142fca56eb8ed46d184c3129aba6a930af8c0df1482a293afae59aac8be879fdfccf57b4ca7a76780f622a98f5a755c1b4038dd8bfb5da124107c348739d",,"2026-02-11T15:58:00.000","30","TRAFFIC SIGNAL","FUNCTIONING PROPERLY","CLEAR","DAYLIGHT","PEDESTRIAN","DIVIDED - W/MEDIAN (NOT RAISED)",,"STRAIGHT AND LEVEL","DRY","NO DEFECTS","ON SCENE","INJURY AND / OR TOW DUE TO CRASH",,,,"$500 OR LESS","2026-02-11T15:59:00.000","FAILING TO YIELD RIGHT-OF-WAY","NOT APPLICABLE","7902","S","JEFFERY BLVD","414",,,,,,,"2","INCAPACITATING INJURY","1","0","1","0","0","1","0","15","4","2","41.7514565794","-87.5761242124","POINT (-87.57612421239 41.75145657943)"
"aa74f20dae888af6350481879bcf34b329336669dbb18751cc1dea69b74ae5c64c04d2f2fdb1737a2e39ffea211c043edf5042158f44b28f87b58e69af96b641",,"2026-02-11T15:56:00.000","30","NO CONTROLS","NO CONTROLS","CLEAR","DAYLIGHT","SIDESWIPE SAME DIRECTION","NOT DIVIDED",,"STRAIGHT AND LEVEL","DRY","NO DEFECTS","ON SCENE","INJURY AND / OR TOW DUE TO CRASH",,,,"OVER $1,500","2026-02-11T15:56:00.000","UNABLE TO DETERMINE","NOT APPLICABLE","2812","W","NORTH AVE","1421",,,,,,,"2","REPORTED, NOT EVIDENT","2","0","0","0","2","1","0","15","4","2","41.9103220009","-87.6976141329","POINT (-87.697614132879 41.910322000853)"
"20473fd2a575f59f90d599913a7b13651ed7c372a914f4275d50bf1a00ec017f350d2fb9e0bc5282476569e8587a0e0cbbd48abaf800c1a108094418158ada32",,"2026-02-11T15:55:00.000","25","STOP SIGN/FLASHER","FUNCTIONING PROPERLY","CLEAR","DAYLIGHT","ANGLE","CENTER TURN LANE",,"STRAIGHT AND LEVEL","DRY","NO DEFECTS","ON SCENE","INJURY AND / OR TOW DUE TO CRASH",,,,"OVER $1,500","2026-02-11T15:57:00.000","UNABLE TO DETERMINE","NOT APPLICABLE","65","W","KINZIE ST","1831",,,,,,,"2","NONINCAPACITATING INJURY","1","0","0","1","0","1","0","15","4","2","41.8891091282","-87.6305406286","POINT (-87.63054062863 41.889109128178)"
"f39ad6dde0f879685390983c8a5360cda38b8cd9b1a0e9eb071907c1cb7df5fd4636e1ec63636941cfebae36af54402cb5059ec227a56321a238f79849d02e17",,"2026-02-11T15:55:00.000","30","TRAFFIC SIGNAL","UNKNOWN","UNKNOWN","DAYLIGHT","TURNING","FOUR WAY",,"STRAIGHT AND LEVEL","UNKNOWN","UNKNOWN","NOT ON SCENE (DESK REPORT)","NO INJURY / DRIVE AWAY",,,,"OVER $1,500","2026-02-19T13:23:00.000","IMPROPER TURNING/NO SIGNAL","NOT APPLICABLE","799","N","SACRAMENTO BLVD","1221",,,,,,,"2","NO INDICATION OF INJURY","0","0","0","0","0","2","0","15","4","2","41.8955535004","-87.7020558956","POINT (-87.702055895609 41.895553500405)"
"07db8fcafc043f298bb9cdfa6dbaf13d389cfb8635c0342b984cdb8ea8e95b805feb01df1a79ff3faa27e4a3bf339668e12f0efb754b0c2410bae7240f2e4603","Y","2026-02-11T15:50:00.000","35","NO CONTROLS","NO CONTROLS","CLEAR","DAYLIGHT","PEDESTRIAN","ONE-WAY",,"STRAIGHT AND LEVEL","DRY","NO DEFECTS","ON SCENE","INJURY AND / OR TOW DUE TO CRASH",,,"Y","$500 OR LESS","2026-02-11T15:55:00.000","UNABLE TO DETERMINE","UNABLE TO DETERMINE","6434","S","FRANCISCO AVE","823",,,,,,,"2","REPORTED, NOT EVIDENT","1","0","0","0","1","1","0","15","4","2","41.7762007099","-87.6959046515","POINT (-87.695904651466 41.776200709935)"
"610172fa29e8a36915f13069e7d507d4c21b4037a692161deb9bb599190eed14a1573ba6ada8dbcadf79292d3b28e9fdca61b4c32147f3fbe6da0692c9007be8",,"2026-02-11T15:50:00.000","30","STOP SIGN/FLASHER","FUNCTIONING IMPROPERLY","CLEAR","DAYLIGHT","ANGLE","FOUR WAY",,"STRAIGHT AND LEVEL","DRY","NO DEFECTS","ON SCENE","NO INJURY / DRIVE AWAY","Y",,,"OVER $1,500","2026-02-11T16:50:00.000","ROAD CONSTRUCTION/MAINTENANCE","UNABLE TO DETERMINE","2800","W","DIVISION ST","1423",,"Y",,,,,"2","NO INDICATION OF INJURY","0","0","0","0","0","2","0","15","4","2","41.9030347681","-87.6969453431","POINT (-87.696945343144 41.903034768092)"
"5b25c161ff65d6eeb314ce1336853f56a42249776b9699e37a98e47b7837bf983e896d214d91ca775ea5ef29584547122c2296ed0bb432d499818224edf54eb8",,"2026-02-11T15:49:00.000","30","NO CONTROLS","NO CONTROLS","UNKNOWN","UNKNOWN","REAR END","DIVIDED - W/MEDIAN (NOT RAISED)",,"STRAIGHT AND LEVEL","UNKNOWN","UNKNOWN","NOT ON SCENE (DESK REPORT)","NO INJURY / DRIVE AWAY",,,,"OVER $1,500","2026-02-11T17:00:00.000","UNABLE TO DETERMINE","NOT APPLICABLE","6402","W","FULLERTON AVE","2512",,,,,,,"2","NO INDICATION OF INJURY","0","0","0","0","0","2","0","15","4","2","41.9237853235","-87.785635859","POINT (-87.785635859046 41.923785323484)"
"25bee8d3a7ab7d89c9beeb803dcf8f0cca52f99c2c1267524863be2a0e45f9c69ffc437c4d6fc41c0942dcb1330d2d546e8405b1e6af9504f04a5ffc687cf62a",,"2026-02-11T15:45:00.000","30","STOP SIGN/FLASHER","FUNCTIONING PROPERLY","CLEAR","DAYLIGHT","ANGLE","FOUR WAY",,"STRAIGHT AND LEVEL","DRY","NO DEFECTS","NOT ON SCENE (DESK REPORT)","NO INJURY / DRIVE AWAY","Y",,,"OVER $1,500","2026-02-11T16:25:00.000","FAILING TO YIELD RIGHT-OF-WAY","DISREGARDING TRAFFIC SIGNALS","2132","S","DAMEN AVE","1234",,,,,,,"2","NO INDICATION OF INJURY","0","0","0","0","0","2","0","15","4","2","41.8530471698","-87.6760154219","POINT (-87.676015421911 41.853047169791)"
"51559eec09ceae432873f5c57b6f459f572c5f73b50a4123109fff93418b556eaa71a33e5dc53498e877258438f3b7100e93afb07aad14a55604cdac852acfc4",,"2026-02-11T15:45:00.000","45","NO CONTROLS","NO CONTROLS","CLEAR","DAYLIGHT","REAR END","OTHER",,"STRAIGHT AND LEVEL","DRY","NO DEFECTS","ON SCENE","INJURY AND / OR TOW DUE TO CRASH",,,,"OVER $1,500","2026-02-11T15:45:00.000","FOLLOWING TOO CLOSELY","FOLLOWING TOO CLOSELY","3900","S","LAKE SHORE DR NB","212",,,,,,,"3","NO INDICATION OF INJURY","0","0","0","0","0","3","0","15","4","2","41.825882585","-87.6009718542","POINT (-87.600971854237 41.825882585011)"
"b8d0c9db4f5261c7ed3b238a80d0820b1c09a86acee87666e80b6ad9f3200a7c223aeebcfd9cd35a5d45783371f2b732924ea6beed8605cfe86fc8e785e7f455",,"2026-02-11T15:45:00.000","30","UNKNOWN","UNKNOWN","CLEAR","DAYLIGHT","SIDESWIPE SAME DIRECTION","NOT DIVIDED",,"STRAIGHT AND LEVEL","DRY","UNKNOWN","ON SCENE","NO INJURY / DRIVE AWAY",,,"Y","$501 - $1,500","2026-02-11T16:11:00.000","IMPROPER LANE USAGE","NOT APPLICABLE","3742","S","ARCHER AVE","911",,"Y",,,,,"2","NO INDICATION OF INJURY","0","0","0","0","0","2","0","15","4","2","41.8255735274","-87.6857515695","POINT (-87.685751569474 41.825573527438)"
"e4b1f22a357b12fc3853ca090e2bf1213eb1291e0b0aaa30afeffffb4a673e7cd5f2178d0d2ac57fcfaeecae2f39be3bd0ab76b7264a24b32713f48c3488a323","Y","2026-02-11T15:45:00.000","30","STOP SIGN/FLASHER","FUNCTIONING PROPERLY","CLEAR","DAYLIGHT","ANGLE","NOT DIVIDED",,"STRAIGHT AND LEVEL","DRY","NO DEFECTS","ON SCENE","INJURY AND / OR TOW DUE TO CRASH","Y",,,"OVER $1,500","2026-02-11T15:47:00.000","FAILING TO YIELD RIGHT-OF-WAY","NOT APPLICABLE","2700","W","59TH ST","824",,,,,,,"2","INCAPACITATING INJURY","2","0","1","1","0","2","0","15","4","2","41.7865556333","-87.6912202327","POINT (-87.691220232664 41.786555633314)"
"f3db2502b767811e5ebdbd3bdaa1313be9907d2a8a06f6e8f858bab262494f0b0f0b368acaf4b72df3fb75a4d17163ba471fcd308d693950cce03d9bf8b760f9",,"2026-02-11T15:44:00.000","30","STOP SIGN/FLASHER","FUNCTIONING PROPERLY","CLEAR","DAYLIGHT","TURNING","NOT DIVIDED",,"STRAIGHT AND LEVEL","DRY","NO DEFECTS","ON SCENE","INJURY AND / OR TOW DUE TO CRASH","Y",,,"OVER $1,500","2026-02-11T15:45:00.000","UNABLE TO DETERMINE","UNABLE TO DETERMINE","7500","N","HARLEM AVE","1611",,,,,,,"3","REPORTED, NOT EVIDENT","1","0","0","0","1","3","0","15","4","2","42.0171848099","-87.8067184785","POINT (-87.806718478524 42.017184809936)"
"f2e5a622c1eecfc1731ab5fb5d09e1ac749a3285782bc043ce1fc20fbfa21eb01be7e6712e9f72d5940c61879618509a37c1d6f6a88f713a4da25297cf5f1aff",,"2026-02-11T15:41:00.000","10","STOP SIGN/FLASHER","NO CONTROLS","CLEAR","DAYLIGHT","REAR END","NOT DIVIDED",,"STRAIGHT AND LEVEL","DRY","WORN SURFACE","ON SCENE","NO INJURY / DRIVE AWAY",,,,"$501 - $1,500","2026-02-11T15:53:00.000","NOT APPLICABLE","NOT APPLICABLE","3025","W","45TH ST","922",,,,,,,"2","NO INDICATION OF INJURY","0","0","0","0","0","5","0","15","4","2","41.811707678","-87.7003683261","POINT (-87.700368326104 41.811707678037)"
"07ff879f6f986401091b92d3ede420010ee01a0fe2e840adbcf2646305c4cf37c0fa99fed2216544979e878aeb36eed8a54e27c8ff36ac3f9498f0ef9d349da9",,"2026-02-11T15:30:00.000","10","UNKNOWN","UNKNOWN","UNKNOWN","UNKNOWN","PARKED MOTOR VEHICLE","NOT DIVIDED",,"STRAIGHT AND LEVEL","UNKNOWN","UNKNOWN","NOT ON SCENE (DESK REPORT)","NO INJURY / DRIVE AWAY",,,"Y","OVER $1,500","2026-02-11T16:40:00.000","UNABLE TO DETERMINE","NOT APPLICABLE","2736","N","PINE GROVE AVE","1935",,,,,,,"2","NO INDICATION OF INJURY","0","0","0","0","0","1","0","15","4","2","41.9319552208","-87.6410659339","POINT (-87.641065933927 41.93195522082)"
"1009d6058cbc6ea12a11366d142c8532277d160d7fa8b9ec271ed90787f382ad4fcf71c9805238b65fa9bb81c28be88809328b86ada408a164707eec2fd2c36f","Y","2026-02-11T15:30:00.000","30","NO CONTROLS","NO CONTROLS","CLEAR","DAWN","PARKED MOTOR VEHICLE","PARKING LOT",,"STRAIGHT AND LEVEL","DRY","NO DEFECTS","NOT ON SCENE (DESK REPORT)","NO INJURY / DRIVE AWAY",,,"Y","$500 OR LESS","2026-02-11T16:00:00.000","UNABLE TO DETERMINE","UNABLE TO DETERMINE","727","E","111TH ST","531",,,,,,,"2","NO INDICATION OF INJURY","0","0","0","0","0","1","0","15","4","2","41.6927233639","-87.6045058667","POINT (-87.60450586672 41.692723363896)"
"29357d5ebf648744941e5e023e88568cda780738fdec6e3402fe50b33e7c8e1d683061e6b7e25ec1a7ae8d55da9accebc3eb67ff830f91b63db80627e94813d4",,"2026-02-11T15:30:00.000","30","NO CONTROLS","NO CONTROLS","CLEAR","DAYLIGHT","SIDESWIPE SAME DIRECTION","NOT DIVIDED",,"STRAIGHT AND LEVEL","DRY","UNKNOWN","NOT ON SCENE (DESK REPORT)","NO INJURY / DRIVE AWAY",,,,"OVER $1,500","2026-02-11T19:50:00.000","NOT APPLICABLE","IMPROPER LANE USAGE","2420","W","ROOSEVELT RD","1135",,,,,,,"2","NO INDICATION OF INJURY","0","0","0","0","0","2","0","15","4","2","41.8667150589","-87.6866090204","POINT (-87.686609020356 41.866715058917)"
"71a7807b7346c0da5f451669d204575a9c03f99dfdaa1d46f0a899b38b9ab5413291757e153ab333966fde215b986e6f476527b178b461cefb4600e698ba823d",,"2026-02-11T15:30:00.000","30","STOP SIGN/FLASHER","FUNCTIONING PROPERLY","UNKNOWN","UNKNOWN","ANGLE","FOUR WAY",,"STRAIGHT AND LEVEL","UNKNOWN","UNKNOWN","NOT ON SCENE (DESK REPORT)","INJURY AND / OR TOW DUE TO CRASH","Y",,,"OVER $1,500","2026-02-11T20:00:00.000","UNABLE TO DETERMINE","NOT APPLICABLE","6000","N","AUSTIN AVE","1611",,,,,,,"2","NO INDICATION OF INJURY","0","0","0","0","0","2","0","15","4","2","41.9902778706","-87.7780378469","POINT (-87.77803784692 41.990277870593)"
"b82011f0e0706b1ea91be02ad93537d88fa0de07e6e638ecf465d7d090f09029719c48943c4d63691ac23ce504324cea086aa8615dc5d86d0ae8a1fd42dbf55d",,"2026-02-11T15:30:00.000","30","NO CONTROLS","NO CONTROLS","CLEAR","DAYLIGHT","TURNING","DIVIDED - W/MEDIAN (NOT RAISED)",,"STRAIGHT ON GRADE","DRY","NO DEFECTS","NOT ON SCENE (DESK REPORT)","INJURY AND / OR TOW DUE TO CRASH","Y",,,"OVER $1,500","2026-02-11T16:45:00.000","FAILING TO YIELD RIGHT-OF-WAY","FAILING TO REDUCE SPEED TO AVOID CRASH","1612","W","95TH ST","2221",,,,,,,"2","REPORTED, NOT EVIDENT","1","0","0","0","1","2","0","15","4","2","41.7213135219","-87.6633122707","POINT (-87.663312270671 41.721313521919)"
"ea987617e2435735b84f99e9c690b787885f5fe57baa79a142c3a8a9a9061c1c4c560d4eda16d38b70c99f9259dd5a720d69ff13f8d626e41f12e1f562b679a5",,"2026-02-11T15:30:00.000","30","NO CONTROLS","NO CONTROLS","CLEAR","DAYLIGHT","ANGLE","NOT DIVIDED",,"STRAIGHT AND LEVEL","DRY","NO DEFECTS","NOT ON SCENE (DESK REPORT)","NO INJURY / DRIVE AWAY",,,,"$501 - $1,500","2026-02-11T16:23:00.000","IMPROPER OVERTAKING/PASSING","NOT APPLICABLE","3200","W","51ST ST","821",,,,,,,"2","NO INDICATION OF INJURY","0","0","0","0","0","3","0","15","4","2","41.8009296689","-87.7038296529","POINT (-87.703829652877 41.800929668943)"
"c559444efe92d5adc67ed849e612debd1a3b84f8c73f898c1a8325e2ad9cb959956cea6e35b0be823bef7cd4a7bf3ae0d956c7d537e80d97e7f71faeaddcfd50",,"2026-02-11T15:26:00.000","30","TRAFFIC SIGNAL","FUNCTIONING PROPERLY","CLEAR","DAYLIGHT","TURNING","NOT DIVIDED",,"STRAIGHT AND LEVEL","DRY","UNKNOWN","ON SCENE","NO INJURY / DRIVE AWAY",,,,"OVER $1,500","2026-02-11T15:40:00.000","IMPROPER LANE USAGE","UNABLE TO DETERMINE","4131","W","IRVING PARK RD","1732",,,,,,,"2","NO INDICATION OF INJURY","0","0","0","0","0","2","0","15","4","2","41.9535100101","-87.7304930814","POINT (-87.730493081431 41.953510010063)"
"44f5f522c3d2c3930a9713afdcdef8baea1efb3e8dae0cd2392c3860e7cefda694dc5ddf7e0907ed8feb5218272783c3877fabe92e24bb47eb2330d073dfe725",,"2026-02-11T15:20:00.000","30","TRAFFIC SIGNAL","FUNCTIONING PROPERLY","CLEAR","DAYLIGHT","SIDESWIPE SAME DIRECTION","DIVIDED - W/MEDIAN (NOT RAISED)",,"STRAIGHT AND LEVEL","DRY","NO DEFECTS","NOT ON SCENE (DESK REPORT)","NO INJURY / DRIVE AWAY",,,,"$501 - $1,500","2026-02-11T17:00:00.000","IMPROPER OVERTAKING/PASSING","UNABLE TO DETERMINE","900","N","KEDZIE AVE","1121",,,,,,,"2","NO INDICATION OF INJURY","0","0","0","0","0","2","0","15","4","2","41.8975656467","-87.7067687556","POINT (-87.706768755648 41.89756564666)"
"3234b1ae63b453cb93006677b655b5c6e8e1f92766d01bddbc4edcd55afb34a5d918a217e97cd3609bbf5519c05cc17b07b01658c5cd2934e76bcbf76bf04f55",,"2026-02-11T15:12:00.000","30","NO CONTROLS","NO CONTROLS","CLEAR","DAYLIGHT","SIDESWIPE SAME DIRECTION","NOT DIVIDED",,"STRAIGHT AND LEVEL","DRY","NO DEFECTS","NOT ON SCENE (DESK REPORT)","NO INJURY / DRIVE AWAY",,"N",,"$501 - $1,500","2026-02-11T15:12:00.000","DISTRACTION - FROM OUTSIDE VEHICLE","DISTRACTION - FROM OUTSIDE VEHICLE","743","E","132ND ST","533",,,,,,,"2","NO INDICATION OF INJURY","0","0","0","0","0","3","0","15","4","2","41.6557111424","-87.6031567006","POINT (-87.603156700568 41.655711142392)"
"27123fdd911cb243548555700c259bb321e4960dd6d1196abf9a0f31096f763c7f095227e7b0f31c20319ff031c195bcd81ce8c161993d7bcb3153dccc60caba",,"2026-02-11T15:10:00.000","30","NO CONTROLS","NO CONTROLS","CLEAR","DAYLIGHT","SIDESWIPE SAME DIRECTION","NOT DIVIDED",,"STRAIGHT AND LEVEL","DRY","NO DEFECTS","NOT ON SCENE (DESK REPORT)","NO INJURY / DRIVE AWAY",,,"Y","$500 OR LESS","2026-02-11T18:00:00.000","IMPROPER OVERTAKING/PASSING","IMPROPER OVERTAKING/PASSING","6400","W","IRVING PARK RD","1632",,,,,,,"2","NO INDICATION OF INJURY","0","0","0","0","0","2","0","15","4","2","41.9530247508","-87.7866832377","POINT (-87.786683237666 41.953024750753)"