"crash_record_id","crash_date_est_i","crash_date","posted_speed_limit","traffic_control_device","device_condition","weather_condition","lighting_condition","first_crash_type","trafficway_type","lane_cnt","alignment","roadway_surface_cond","road_defect","report_type","crash_type","intersection_related_i","private_property_i","hit_and_run_i","damage","date_police_notified","prim_contributory_cause","sec_contributory_cause","street_no","street_direction","street_name","beat_of_occurrence","photos_taken_i","statements_taken_i","dooring_i","work_zone_i","work_zone_type","workers_present_i","num_units","most_severe_injury","injuries_total","injuries_fatal","injuries_incapacitating","injuries_non_incapacitating","injuries_reported_not_evident","injuries_no_indication","injuries_unknown","crash_hour","crash_day_of_week","crash_month","latitude","longitude","location"
"ee29dd546607461e8e9d0616728d04fcd4a9352b4c0afb948dfa2359d6b46ec78014266eb4b81de9c54afd3fa9ba6e46e4ff57eb835bf9f4cd0f0b64072ec501",,"2026-02-11T15:10:00.000","30","UNKNOWN","UNKNOWN","CLEAR","DAYLIGHT","REAR END","DIVIDED - W/MEDIAN BARRIER",,"STRAIGHT AND LEVEL","UNKNOWN","UNKNOWN","NOT ON SCENE (DESK REPORT)","INJURY AND / OR TOW DUE TO CRASH",,,,"OVER $1,500","2026-02-11T15:30:00.000","UNABLE TO DETERMINE","NOT APPLICABLE","4040","N","CICERO AVE","1624",,,,,,,"2","REPORTED, NOT EVIDENT","1","0","0","0","1","1","0","15","4","2","41.9546794056","-87.7474853165","POINT (-87.747485316517 41.954679405566)"
"a3eb81bce7cd2a7dd76bb0b1e562566ad4afd3a5e6713b0e2fbe5984c885828460386f92d456399ae669d1ed08f9c0c2c33865b2bec5b722346c6f5e65329229",,"2026-02-11T15:08:00.000","30","NO CONTROLS","NO CONTROLS","CLEAR","DAYLIGHT","PEDESTRIAN","NOT DIVIDED",,"STRAIGHT AND LEVEL","DRY","NO DEFECTS","ON SCENE","INJURY AND / OR TOW DUE TO CRASH","Y",,"Y","OVER $1,500","2026-02-11T15:10:00.000","NOT APPLICABLE","NOT APPLICABLE","328","S","CENTRAL AVE","1513",,,,,,,"3","REPORTED, NOT EVIDENT","2","0","0","0","2","1","0","15","4","2","41.8756756723","-87.764844599","POINT (-87.764844598992 41.875675672316)"
"15c256d22d44fb4039194c577b09b70adf0ca987b869cc2ada7f337221b558b53e767cc41e5afa3bcbd0420b16d4c70f961fdbdfa8d658a1ba162e9d4688a170",,"2026-02-11T15:02:00.000","30","NO CONTROLS","NO CONTROLS","CLEAR","DAYLIGHT","ANGLE","NOT DIVIDED",,"STRAIGHT AND LEVEL","DRY","NO DEFECTS",,"INJURY AND / OR TOW DUE TO CRASH",,,,"OVER $1,500","2026-02-11T15:37:00.000","FAILING TO YIELD RIGHT-OF-WAY","NOT APPLICABLE","651","N","MC CLURG CT","1834",,"Y",,,,,"2","REPORTED, NOT EVIDENT","1","0","0","0","1","2","0","15","4","2","41.8942123426","-87.617612898","POINT (-87.617612898001 41.894212342591)"
"077861953ff7c1f96abd34dd09ef5d3e40cbdb12131c8541bf4092bbb9217971a6f7ac5c5ecd112cca2aa18fb9bbc9dbc73b1b7de07786095738e8deaef9c688",,"2026-02-11T15:00:00.000","30","NO CONTROLS","NO CONTROLS","CLEAR","DAYLIGHT","SIDESWIPE SAME DIRECTION","ONE-WAY",,"STRAIGHT AND LEVEL","DRY","NO DEFECTS","NOT ON SCENE (DESK REPORT)","NO INJURY / DRIVE AWAY",,,,"OVER $1,500","2026-02-11T15:30:00.000","IMPROPER OVERTAKING/PASSING","NOT APPLICABLE","2598","W","OGDEN AVE","1023",,,,,,,"2","NO INDICATION OF INJURY","0","0","0","0","0","3","0","15","4","2","41.8631650062","-87.6908623975","POINT (-87.69086239749 41.863165006207)"
"1253457e523cbb6f2841281bb528297cf66167f20a0401f4ed1a9032e00810ab7792e9a9f5b56d86464a7693334f9ca535656be31344c419d75efaa7401ec5be",,"2026-02-11T15:00:00.000","30","TRAFFIC SIGNAL","FUNCTIONING PROPERLY","CLEAR","DAYLIGHT","TURNING","DIVIDED - W/MEDIAN (NOT RAISED)",,"STRAIGHT AND LEVEL","DRY","NO DEFECTS","NOT ON SCENE (DESK REPORT)","NO INJURY / DRIVE AWAY","Y",,,"OVER $1,500","2026-02-13T14:50:00.000","UNABLE TO DETERMINE","UNABLE TO DETERMINE","4352","W","ROOSEVELT RD","1131",,,,,,,"2","NO INDICATION OF INJURY","0","0","0","0","0","2","0","15","4","2","41.8661468548","-87.7346681985","POINT (-87.734668198477 41.866146854845)"
"280cbe8e338bae2342fc0d69358fe4eddf105089abf19bedb6be4ce13c8d6e6af627d9e830b43d92a8e53510028a9c8fbd39e217d203ad811933ddcb48ab3dca",,"2026-02-11T15:00:00.000","30","TRAFFIC SIGNAL","FUNCTIONING PROPERLY","CLEAR","DAYLIGHT","TURNING","FOUR WAY",,"STRAIGHT AND LEVEL","DRY","NO DEFECTS",,"INJURY AND / OR TOW DUE TO CRASH","Y",,,"$501 - $1,500","2026-02-11T16:30:00.000","FOLLOWING TOO CLOSELY","UNABLE TO DETERMINE","5800","W","MONTROSE AVE","1622",,,,,,,"2","REPORTED, NOT EVIDENT","1","0","0","0","1","1","0","15","4","2","41.9605272042","-87.7721944306","POINT (-87.772194430622 41.960527204164)"
"3fcdc9effcf41ea6bcc3641a83ac0cc2479759ab25e59c903173db6e880afe2726c47be1be2891a29592782b884095b63381cc467a7625dc77f6b6bb8e499b0c",,"2026-02-11T15:00:00.000","30","NO CONTROLS","NO CONTROLS","CLEAR","DAYLIGHT","SIDESWIPE SAME DIRECTION","NOT DIVIDED",,"STRAIGHT AND LEVEL","DRY","NO DEFECTS","NOT ON SCENE (DESK REPORT)","NO INJURY / DRIVE AWAY",,,,"OVER $1,500","2026-02-11T15:30:00.000","UNABLE TO DETERMINE","UNABLE TO DETERMINE","2526","W","OGDEN AVE","1023",,,,,,,"2","NO INDICATION OF INJURY","0","0","0","0","0","2","0","15","4","2","41.8637073906","-87.6893285328","POINT (-87.689328532784 41.863707390584)"
"ad1b39372f63cb8c28509406a8a56bcb4e0ce2d0f56a95135b453a7d36a9e39da037e52ca3ae87abf2e0d82e441620e2d0f5381dde17c55a561d8da681884be0",,"2026-02-11T15:00:00.000","20","NO CONTROLS","NO CONTROLS","CLEAR","DAYLIGHT","PARKED MOTOR VEHICLE","PARKING LOT",,"STRAIGHT AND LEVEL","DRY","UNKNOWN","NOT ON SCENE (DESK REPORT)","NO INJURY / DRIVE AWAY",,"Y","Y","$501 - $1,500","2026-02-11T20:00:00.000","UNABLE TO DETERMINE","UNABLE TO DETERMINE","7575","S","KOSTNER AVE","833",,,,,,,"2","NO INDICATION OF INJURY","0","0","0","0","0","1","0","15","4","2","41.7550619344","-87.7322278646","POINT (-87.73222786457 41.755061934412)"
"f7719df5c6514200fe4200e600ef4f4aae97784bb4155676cbe3d90d33b969c432035cb7340395d99c6325edc852bb931feeea341c259b2ad453906b8638d25b",,"2026-02-11T15:00:00.000","0","NO CONTROLS","NO CONTROLS","CLEAR","DAYLIGHT","PARKED MOTOR VEHICLE","PARKING LOT",,"STRAIGHT AND LEVEL","UNKNOWN","UNKNOWN","ON SCENE","NO INJURY / DRIVE AWAY",,"Y","Y","OVER $1,500","2026-02-11T17:27:00.000","UNABLE TO DETERMINE","UNABLE TO DETERMINE","7200","N","SHERIDAN RD","2423",,,,,,,"2","NO INDICATION OF INJURY","0","0","0","0","0","1","0","15","4","2","42.0128473324","-87.6636197775","POINT (-87.663619777525 42.012847332398)"
"fd1d2853a0605464d8bfa1193ca3ffe250f3800782ff6c794fe514b8e287f109825fee9ad0c0f5636c5453edb019462699c6e107d71c12c76bffe100c6aa9935",,"2026-02-11T15:00:00.000","20","NO CONTROLS","NO CONTROLS","CLEAR","DAYLIGHT","SIDESWIPE SAME DIRECTION","ONE-WAY",,"STRAIGHT AND LEVEL","DRY","UNKNOWN","NOT ON SCENE (DESK REPORT)","NO INJURY / DRIVE AWAY",,,,"$501 - $1,500","2026-02-11T15:38:00.000","UNABLE TO DETERMINE","UNABLE TO DETERMINE","4540","N","CAMPBELL AVE","1911",,,,,,,"2","NO INDICATION OF INJURY","0","0","0","0","0","2","0","15","4","2","41.9643483544","-87.6913688131","POINT (-87.691368813124 41.964348354446)"
"9ca49baaa5c9c10af18dfef3116d43646d8ff0abc1c20e7fef52f0fecadd682dfe465c4767be0f42007da1491a2d9d1e504d9c421ba9ee22d155fac9fad513fa",,"2026-02-11T14:54:00.000","30","NO CONTROLS","NO CONTROLS","CLEAR","DAYLIGHT","REAR END","NOT DIVIDED",,"STRAIGHT AND LEVEL","DRY","NO DEFECTS","ON SCENE","NO INJURY / DRIVE AWAY",,,,"OVER $1,500","2026-02-11T14:56:00.000","FOLLOWING TOO CLOSELY","FOLLOWING TOO CLOSELY","9341","S","JEFFERY AVE","413",,,,,,,"2","NO INDICATION OF INJURY","0","0","0","0","0","3","0","14","4","2","41.7248989613","-87.5752679896","POINT (-87.575267989615 41.724898961318)"
"6ed7e46e56686a2a09da251d4d4a17d5b233a6f79dc225c023095b34c2cd45792996894dc2476ff58f3d6920adb568909ab8a2879af9c0b794e7fab15b7519c5",,"2026-02-11T14:42:00.000","30","TRAFFIC SIGNAL","FUNCTIONING PROPERLY","CLEAR","DAYLIGHT","REAR END","FOUR WAY",,"STRAIGHT AND LEVEL","DRY","NO DEFECTS","ON SCENE","NO INJURY / DRIVE AWAY",,,"Y","OVER $1,500","2026-02-11T14:42:00.000","UNABLE TO DETERMINE","UNABLE TO DETERMINE","612","S","PULASKI RD","1132",,,,,,,"2","NO INDICATION OF INJURY","0","0","0","0","0","2","0","14","4","2","41.8731179638","-87.7255534217","POINT (-87.725553421661 41.873117963843)"
"cf50832534c9062df56f7700fc44a283942f944ad52f1ffbfdb6aa05d27c93cdc6349cef8f41f8258a9278915237d36ab20cb7e3abdaa3d461a2bc85e9119815",,"2026-02-11T14:40:00.000","30","NO CONTROLS","NO CONTROLS","CLEAR","DAYLIGHT","SIDESWIPE SAME DIRECTION","NOT DIVIDED",,"STRAIGHT AND LEVEL","DRY","UNKNOWN","NOT ON SCENE (DESK REPORT)","NO INJURY / DRIVE AWAY",,,,"OVER $1,500","2026-02-11T15:15:00.000","FAILING TO YIELD RIGHT-OF-WAY","NOT APPLICABLE","3316","N","HARLEM AVE","1631",,,,,,,"2","NO INDICATION OF INJURY","0","0","0","0","0","2","0","14","4","2","41.9403269354","-87.8069760653","POINT (-87.806976065265 41.940326935441)"
"091f732e63c1c96a16e915b586f64e8992ed158265541521495e3207eba36daed993001172e4bd3ea024fdd01f6a0e62019a39b474ff3a152e7b37888b6261e9",,"2026-02-11T14:30:00.000","10","NO CONTROLS","NO CONTROLS","CLEAR","DAYLIGHT","PARKED MOTOR VEHICLE","OTHER",,"STRAIGHT AND LEVEL","DRY","NO DEFECTS","NOT ON SCENE (DESK REPORT)","NO INJURY / DRIVE AWAY",,,"Y","OVER $1,500","2026-02-11T18:30:00.000","UNABLE TO DETERMINE","NOT APPLICABLE","2710","S","STATE ST","133",,,,,,,"2","NO INDICATION OF INJURY","0","0","0","0","0","1","0","14","4","2","41.8440078923","-87.6270704322","POINT (-87.627070432189 41.844007892268)"
"12be92ea4f8db4a2fcfc8f8a37c937bdd352d8a500f82f40d0fa1e29f0f6bae9c00cd1376edae2f6bc7f1cdf5dd8a3a0e9682eccb5cd795184241ffe92a4cdc7","Y","2026-02-11T14:30:00.000","30","NO CONTROLS","NO CONTROLS","CLEAR","DAYLIGHT","SIDESWIPE SAME DIRECTION","NOT DIVIDED",,"STRAIGHT AND LEVEL","DRY","NO DEFECTS","ON SCENE","NO INJURY / DRIVE AWAY",,,,"OVER $1,500","2026-02-11T14:36:00.000","IMPROPER LANE USAGE","IMPROPER OVERTAKING/PASSING","7834","S","DAMEN AVE","611",,,,,,,"2","NO INDICATION OF INJURY","0","0","0","0","0","2","0","14","4","2","41.7509984419","-87.6733063689","POINT (-87.673306368877 41.750998441868)"
"14f97c367d2ebc76cb2ce36e855b1bdaa9f0fc2c27450a1efd84d12335d1ea35d95adca1e2e2156c6a97dbbe08f06ae056f147a50dc41942821fa5790f5da260",,"2026-02-11T14:30:00.000","30","TRAFFIC SIGNAL","UNKNOWN","CLEAR","DAYLIGHT","REAR END","DIVIDED - W/MEDIAN (NOT RAISED)",,"STRAIGHT AND LEVEL","DRY","UNKNOWN","NOT ON SCENE (DESK REPORT)","INJURY AND / OR TOW DUE TO CRASH",,,,"OVER $1,500","2026-02-11T18:00:00.000","FOLLOWING TOO CLOSELY","NOT APPLICABLE","908","W","NORTH AVE","1813",,,,,,,"2","REPORTED, NOT EVIDENT","1","0","0","0","1","1","0","14","4","2","41.9109763974","-87.6515095643","POINT (-87.651509564294 41.910976397391)"
"2369eab429e61bad2615632aff7e1e71e7a80ade3603803601d3778d46e57622191ae043f2302849273a10b2b8204917955100cc86b3c1952b89fb2a7bfee98a",,"2026-02-11T14:30:00.000","30","NO CONTROLS","NO CONTROLS","CLEAR","DAYLIGHT","SIDESWIPE SAME DIRECTION","NOT DIVIDED",,"STRAIGHT AND LEVEL","DRY","NO DEFECTS","NOT ON SCENE (DESK REPORT)","NO INJURY / DRIVE AWAY",,,,"OVER $1,500","2026-02-11T15:20:00.000","FAILING TO YIELD RIGHT-OF-WAY","FAILING TO REDUCE SPEED TO AVOID CRASH","4040","N","CICERO AVE","1624",,,,,,,"2","NO INDICATION OF INJURY","0","0","0","0","0","2","0","14","4","2","41.9546794056","-87.7474853165","POINT (-87.747485316517 41.954679405566)"
"2703e7db37e10c6a3b11d7023974b6e843b764f9c510eda24c806ba8e87e856b700c6ada47c1b6820d8c9366aedc30de0db46992c55dc1abc18c57c17478dbb9",,"2026-02-11T14:30:00.000","30","UNKNOWN","UNKNOWN","UNKNOWN","UNKNOWN","ANGLE","NOT DIVIDED",,"STRAIGHT AND LEVEL","UNKNOWN","UNKNOWN","NOT ON SCENE (DESK REPORT)","NO INJURY / DRIVE AWAY","Y",,,"$500 OR LESS","2026-02-11T15:42:00.000","UNABLE TO DETERMINE","UNABLE TO DETERMINE","6301","N","RIDGE AVE","2433",,,,,,,"2","NO INDICATION OF INJURY","0","0","0","0","0","2","0","14","4","2","41.9956493291","-87.6755980161","POINT (-87.675598016125 41.995649329051)"
"74f942874a56d712fbe2385006787fc4f624d4ae55f15c72a4baa21172bdca771f10e15d78cb5893929200294aa2e428c78345b5f8b5c8862e030a555ada522c",,"2026-02-11T14:30:00.000","30","TRAFFIC SIGNAL","FUNCTIONING PROPERLY","CLEAR","DAYLIGHT","TURNING","FOUR WAY",,"STRAIGHT AND LEVEL","DRY","NO DEFECTS","ON SCENE","INJURY AND / OR TOW DUE TO CRASH","Y",,,"OVER $1,500","2026-02-11T14:37:00.000","FAILING TO YIELD RIGHT-OF-WAY","FAILING TO YIELD RIGHT-OF-WAY","5200","W","WASHINGTON BLVD","1523",,,,,,,"2","REPORTED, NOT EVIDENT","1","0","0","0","1","1","0","14","4","2","41.8824768675","-87.75519503","POINT (-87.755195030001 41.882476867498)"
"99878d0cc6ecad97aa5ab24980b8ccb39e67a3fabe71f37838c205d2c554f590b6e729893cb1b8ab629d5fffc44e124f70656211289149bc7a8b31dba0f7a331",,"2026-02-11T14:30:00.000","20","NO CONTROLS","NO CONTROLS","CLEAR","DAYLIGHT","PARKED MOTOR VEHICLE","OTHER",,"STRAIGHT AND LEVEL","DRY","NO DEFECTS","NOT ON SCENE (DESK REPORT)","NO INJURY / DRIVE AWAY",,,,"OVER $1,500","2026-02-13T19:35:00.000","IMPROPER OVERTAKING/PASSING","NOT APPLICABLE","4223","W","25TH ST","1013",,,,,,,"2","NO INDICATION OF INJURY","0","0","0","0","0","2","0","14","4","2","41.8458873948","-87.7304937059","POINT (-87.730493705881 41.845887394821)"
"f753ebb2ed2b1729df902a63258803cdd74dc8158e00b3efde78e63dc37c4cdb38a08bbd598db1983242fd9c8e9af877d383e417ab0c9c3f229b81f02c57c637",,"2026-02-11T14:30:00.000","20","STOP SIGN/FLASHER","FUNCTIONING PROPERLY","CLEAR","DAYLIGHT","PEDESTRIAN","NOT DIVIDED",,"STRAIGHT AND LEVEL","DRY","NO DEFECTS","ON SCENE","NO INJURY / DRIVE AWAY","Y",,,"$500 OR LESS","2026-02-11T15:20:00.000","UNABLE TO DETERMINE","UNABLE TO DETERMINE","9100","S","HOUSTON AVE","424",,,,,,,"2","NO INDICATION OF INJURY","0","0","0","0","0","2","0","14","4","2","41.7299974809","-87.5500120203","POINT (-87.550012020288 41.729997480882)"
"1f160d70f558a528e8765f605147a5ef8b1bc7fc7f214e8aa920d36c69e3fc744e423b574a22f2a438fb843097029984982c3dc63d6a0a4c9f55bf374b056a52","N","2026-02-11T14:20:00.000","30","NO CONTROLS","NO CONTROLS","CLEAR","DAYLIGHT","PARKED MOTOR VEHICLE","PARKING LOT",,"STRAIGHT AND LEVEL","DRY","NO DEFECTS","ON SCENE","NO INJURY / DRIVE AWAY",,,"Y","OVER $1,500","2026-02-11T16:03:00.000","UNABLE TO DETERMINE","NOT APPLICABLE","101","E","51ST ST","231",,,,,,,"2","NO INDICATION OF INJURY","0","0","0","0","0","2","0","14","4","2","41.8018922153","-87.6225655884","POINT (-87.622565588373 41.801892215334)"
"57facffe8ad0d068ceb7b3c809d1eb99cf1c3fb7a8a76d272d86fb37a99d15356618827933a7794539d2d8e3ca83647bc56950c7a179494a837a2856de8fb20b",,"2026-02-11T14:20:00.000","30","NO CONTROLS","NO CONTROLS","CLEAR","DAYLIGHT","PARKED MOTOR VEHICLE","DIVIDED - W/MEDIAN (NOT RAISED)",,"STRAIGHT AND LEVEL","DRY","UNKNOWN","NOT ON SCENE (DESK REPORT)","NO INJURY / DRIVE AWAY",,,,"OVER $1,500","2026-02-11T17:00:00.000","UNABLE TO DETERMINE","NOT APPLICABLE","2239","N","WESTERN AVE","1432",,,,,,,"2","NO INDICATION OF INJURY","0","0","0","0","0","1","0","14","4","2","41.9228223244","-87.6874310794","POINT (-87.687431079372 41.922822324419)"
"9e1d38b3cd7c6f5ea1e979f93409a7d242b532ca84dc9b4510a66e0616c75c1de2b1e6a140dce03f3ed4dff4be361d73f13b67842f6c1f5e3e8aa64097a9a070",,"2026-02-11T14:20:00.000","30","STOP SIGN/FLASHER","FUNCTIONING PROPERLY","CLEAR","DAYLIGHT","ANGLE","OTHER",,"STRAIGHT AND LEVEL","DRY","NO DEFECTS","NOT ON SCENE (DESK REPORT)","NO INJURY / DRIVE AWAY",,,,"$501 - $1,500","2026-02-13T20:25:00.000","DISREGARDING TRAFFIC SIGNALS","NOT APPLICABLE","2700","S","KEDZIE AVE","1032",,,,,,,"2","NO INDICATION OF INJURY","0","0","0","0","0","2","0","14","4","2","41.8426025264","-87.7051278107","POINT (-87.705127810739 41.842602526365)"
"7f3818cc14d0c67dc0137e497d3920f9e82e42f8ce5068e90f87197db595019094685ff055277c21db2de182d35c6a75b0dcead6716d8c3c7c1ad0abf1dfd7ed","Y","2026-02-11T14:15:00.000","20","STOP SIGN/FLASHER","FUNCTIONING PROPERLY","CLEAR","DAYLIGHT","ANGLE","T-INTERSECTION",,"STRAIGHT AND LEVEL","DRY","UNKNOWN","NOT ON SCENE (DESK REPORT)","NO INJURY / DRIVE AWAY",,,"Y","OVER $1,500","2026-02-11T16:30:00.000","FAILING TO YIELD RIGHT-OF-WAY","NOT APPLICABLE","698","W","ARMITAGE AVE","1812",,,,,,,"2","NO INDICATION OF INJURY","0","0","0","0","0","2","0","14","4","2","41.9183249319","-87.6460592881","POINT (-87.646059288097 41.918324931878)"
"87cad65ddba2e8200444e04ea20af36b742c3636bc19a271036d33b43b273e5c955640b32491251c9fa6ddbc92608293015ebc32b7d5bffd0b6435f0417c4a33",,"2026-02-11T14:15:00.000","30","STOP SIGN/FLASHER","FUNCTIONING PROPERLY","CLEAR","DAYLIGHT","TURNING","FOUR WAY",,"STRAIGHT AND LEVEL","DRY","NO DEFECTS","NOT ON SCENE (DESK REPORT)","NO INJURY / DRIVE AWAY",,,,"OVER $1,500","2026-02-11T15:00:00.000","UNABLE TO DETERMINE","NOT APPLICABLE","3201","W","27TH ST","1032",,,,,,,"2","NO INDICATION OF INJURY","0","0","0","0","0","2","0","14","4","2","41.8425859061","-87.705042459","POINT (-87.705042459029 41.842585906076)"
"5f19349a9130ab643ebf3f1f9ab419fcf89253014214287da70621eca6b23a3b7c6587b45e5d4fbee0d3551acba9b62c180b61a1ec2cdfbd89a5e499f9b1eb09",,"2026-02-11T14:14:00.000","20","NO CONTROLS","NO CONTROLS","CLEAR","DAYLIGHT","PARKED MOTOR VEHICLE","NOT DIVIDED",,"STRAIGHT AND LEVEL","DRY","UNKNOWN","NOT ON SCENE (DESK REPORT)","NO INJURY / DRIVE AWAY",,,,"$501 - $1,500","2026-02-11T16:22:00.000","UNABLE TO DETERMINE","NOT APPLICABLE","6078","N","ALBANY AVE","2413",,,,,,,"2","NO INDICATION OF INJURY","0","0","0","0","0","2","0","14","4","2","41.9925613536","-87.7069017326","POINT (-87.706901732591 41.992561353641)"
"b028344571089c3d7c60e7d49a557275e0ad9e8ab7a0fdda36a8c548cc357697afab94de5d103b8c54d45395942082276b0e2676b7ecd1403eb879ba56f07641",,"2026-02-11T14:13:00.000","30","TRAFFIC SIGNAL","UNKNOWN","UNKNOWN","UNKNOWN","REAR END","FOUR WAY",,"STRAIGHT AND LEVEL","UNKNOWN","UNKNOWN","NOT ON SCENE (DESK REPORT)","NO INJURY / DRIVE AWAY","Y",,"Y","OVER $1,500","2026-02-12T09:45:00.000","UNABLE TO DETERMINE","NOT APPLICABLE","5842","S","COTTAGE GROVE AVE","233",,,,,,,"2","NO INDICATION OF INJURY","0","0","0","0","0","2","0","14","4","2","41.7882353512","-87.6062360289","POINT (-87.606236028945 41.788235351177)"
"bfda35570ae797ec9aa65852e6603c559d808f7c32bcd72c2a3ca3ad2c9431194910fcb9dec6ebbaf52e1fd1bd060fc44d4177ff07e965680f53a93570a9d7f5",,"2026-02-11T14:08:00.000","30","NO CONTROLS","NO CONTROLS","CLEAR","DAYLIGHT","ANGLE","NOT DIVIDED",,"STRAIGHT AND LEVEL","DRY","NO DEFECTS","ON SCENE","INJURY AND / OR TOW DUE TO CRASH",,,,"OVER $1,500","2026-02-11T14:09:00.000","DISREGARDING STOP SIGN","FAILING TO REDUCE SPEED TO AVOID CRASH","4000","W","30TH ST","1031",,,,,,,"2","NO INDICATION OF INJURY","0","0","0","0","0","2","0","14","4","2","41.838831713","-87.7244636824","POINT (-87.724463682386 41.838831713034)"
"d6046c36e7f55e792420c40905c34b460b4e835af19f76476ce875f1ea1a41ce798361c8d697ec5ec66838f3c437bda2246abb082b81b7fd0439e64e9a9a0253",,"2026-02-11T14:07:00.000","35","NO CONTROLS","NO CONTROLS","CLEAR","DAYLIGHT","FIXED OBJECT","NOT DIVIDED",,"STRAIGHT AND LEVEL","DRY","NO DEFECTS","ON SCENE","INJURY AND / OR TOW DUE TO CRASH",,,,"OVER $1,500","2026-02-11T14:09:00.000","DRIVING SKILLS/KNOWLEDGE/EXPERIENCE","DRIVING SKILLS/KNOWLEDGE/EXPERIENCE","3547","W","NORTH AVE","1422",,,,,,,"1","NO INDICATION OF INJURY","0","0","0","0","0","1","0","14","4","2","41.909889403","-87.7162916451","POINT (-87.716291645127 41.909889402967)"
"44667a7edf3b2ec5c1c64204786afd7a3e23af71a8bb8bbeaeac43bd3781af06dc28171bec9f9b1df83a93731731179f82081b55c30eb711a39b94eb0b52fc70",,"2026-02-11T14:00:00.000","35","TRAFFIC SIGNAL","UNKNOWN","CLEAR","DAYLIGHT","TURNING","DIVIDED - W/MEDIAN BARRIER",,"STRAIGHT AND LEVEL","DRY","UNKNOWN",,"INJURY AND / OR TOW DUE TO CRASH","Y",,,"OVER $1,500","2026-02-11T14:06:00.000","FAILING TO REDUCE SPEED TO AVOID CRASH","FAILING TO YIELD RIGHT-OF-WAY","1458","E","103RD ST","511",,,,,,,"2","NONINCAPACITATING INJURY","1","0","0","1","0","1","0","14","4","2","41.7078449551","-87.5889387252","POINT (-87.588938725188 41.707844955085)"
"7554a71fa3f842fd4ab370ab1aa79547bb7a05e59b2fe18a89b431b621c8760558228100ab86a392351e30ad34f76b7968343fbf1f9d7b0c425d84dd877e21cf",,"2026-02-11T14:00:00.000","20","NO CONTROLS","NO CONTROLS","CLEAR","DAYLIGHT","PARKED MOTOR VEHICLE","ONE-WAY",,"STRAIGHT AND LEVEL","DRY","NO DEFECTS","NOT ON SCENE (DESK REPORT)","NO INJURY / DRIVE AWAY",,,"Y","$500 OR LESS","2026-02-13T09:10:00.000","UNABLE TO DETERMINE","NOT APPLICABLE","5700","W","BERENICE AVE","1633",,,,,,,"2","NO INDICATION OF INJURY","0","0","0","0","0","1","0","14","4","2","41.9505098166","-87.7694774208","POINT (-87.769477420809 41.950509816552)"
"cf07b793b1633adaf0c6d76dffb202e9eae8101c1788f2cee67733e3a99c1e8c473a9a533ef647b186e635c028a6c7f49d2b653dc05534291a8f53e76c1f8edf",,"2026-02-11T14:00:00.000","25","NO CONTROLS","NO CONTROLS","CLEAR","DAYLIGHT","ANGLE","FOUR WAY",,"STRAIGHT AND LEVEL","DRY","NO DEFECTS","NOT ON SCENE (DESK REPORT)","NO INJURY / DRIVE AWAY","Y",,,"OVER $1,500","2026-02-11T16:00:00.000","FAILING TO YIELD RIGHT-OF-WAY","NOT APPLICABLE","6435","W","ARCHER AVE","811",,,,,,,"2","NO INDICATION OF INJURY","0","0","0","0","0","3","0","14","4","2","41.7922063309","-87.7831676285","POINT (-87.783167628519 41.792206330932)"
"eb4d28c307c65685647fe28b5e5e4419334490810668db51effe7cd126ed744e9dd4fc811f4579c04d6082ee8added284e9625829ca6d1b703ab12910e3b0946",,"2026-02-11T13:51:00.000","30","TRAFFIC SIGNAL","FUNCTIONING PROPERLY","CLEAR","DAYLIGHT","REAR END","NOT DIVIDED",,"STRAIGHT AND LEVEL","DRY","UNKNOWN","ON SCENE","NO INJURY / DRIVE AWAY",,,,"OVER $1,500","2026-02-11T15:39:00.000","NOT APPLICABLE","FAILING TO REDUCE SPEED TO AVOID CRASH","3705","S","ASHLAND AVE","912",,,,,,,"2","NO INDICATION OF INJURY","0","0","0","0","0","2","0","13","4","2","41.8266894927","-87.665332403","POINT (-87.665332402967 41.826689492704)"
"d8b545cf38f605ed954d83f9026c8290fbcf181e063b87e726ac070300ff91813a02ccc7361b05fb7afe1ac8a7873d4bed3a5d261c71c1b2ca05a85035ae9b65",,"2026-02-11T13:50:00.000","30","STOP SIGN/FLASHER","FUNCTIONING PROPERLY","CLEAR","DAYLIGHT","TURNING","T-INTERSECTION",,"STRAIGHT AND LEVEL","DRY","UNKNOWN","ON SCENE","INJURY AND / OR TOW DUE TO CRASH","Y",,,"OVER $1,500","2026-02-11T14:00:00.000","UNABLE TO DETERMINE","UNABLE TO DETERMINE","12740","S","DOTY AVE W","532",,"Y",,,,,"2","NONINCAPACITATING INJURY","1","0","0","1","0","1","0","13","4","2","41.6626327706","-87.5916335165","POINT (-87.591633516503 41.662632770601)"
"bd661e4dad68defb8c56ed056123f681670a92486b37d799fb376dd3a50ad4d3c746ccbffd5f0fe34328e85f455029a210b875bcdb30b3be94bd274cd227aefc",,"2026-02-11T13:46:00.000","30","TRAFFIC SIGNAL","FUNCTIONING PROPERLY","CLEAR","DAYLIGHT","TURNING","T-INTERSECTION",,"STRAIGHT AND LEVEL","DRY","NO DEFECTS","ON SCENE","INJURY AND / OR TOW DUE TO CRASH","Y",,,"OVER $1,500","2026-02-11T13:50:00.000","TURNING RIGHT ON RED","NOT APPLICABLE","6500","S","COTTAGE GROVE AVE","321",,,,,,,"2","NO INDICATION OF INJURY","0","0","0","0","0","2","0","13","4","2","41.7766846147","-87.6059935789","POINT (-87.60599357891 41.776684614718)"