"crash_record_id","crash_date_est_i","crash_date","posted_speed_limit","traffic_control_device","device_condition","weather_condition","lighting_condition","first_crash_type","trafficway_type","lane_cnt","alignment","roadway_surface_cond","road_defect","report_type","crash_type","intersection_related_i","private_property_i","hit_and_run_i","damage","date_police_notified","prim_contributory_cause","sec_contributory_cause","street_no","street_direction","street_name","beat_of_occurrence","photos_taken_i","statements_taken_i","dooring_i","work_zone_i","work_zone_type","workers_present_i","num_units","most_severe_injury","injuries_total","injuries_fatal","injuries_incapacitating","injuries_non_incapacitating","injuries_reported_not_evident","injuries_no_indication","injuries_unknown","crash_hour","crash_day_of_week","crash_month","latitude","longitude","location"
"56014c1bc53bb689d73f9800edc2d80cb28d0ee3aba52e2efc708da14efa42acbad260e2afa1ae030feebb150a4b987f0dbbd25197fed537db241964d623b2a3",,"2026-02-11T13:45:00.000","30","UNKNOWN","UNKNOWN","CLEAR","DAYLIGHT","PARKED MOTOR VEHICLE","DIVIDED - W/MEDIAN BARRIER",,"STRAIGHT AND LEVEL","UNKNOWN","UNKNOWN","NOT ON SCENE (DESK REPORT)","NO INJURY / DRIVE AWAY",,,,"OVER $1,500","2026-02-11T14:20:00.000","UNABLE TO DETERMINE","NOT APPLICABLE","223","S","WACKER DR","122",,,,,,,"2","NO INDICATION OF INJURY","0","0","0","0","0","1","0","13","4","2","41.878788514","-87.6365288763","POINT (-87.636528876285 41.87878851398)"
"91e0a8332f177deb090062a5e2daaebb25e8b35e88947a97ecfb52fc8e9c19d59cff405f4d6fde08671908b271d2b83bd866cd3d7970500979a8d8dc5150e29f","Y","2026-02-11T13:43:00.000","30","NO CONTROLS","NO CONTROLS","CLEAR","DAYLIGHT","ANGLE","PARKING LOT",,"STRAIGHT AND LEVEL","DRY","NO DEFECTS","ON SCENE","INJURY AND / OR TOW DUE TO CRASH",,,,"OVER $1,500","2026-02-11T13:43:00.000","UNABLE TO DETERMINE","UNABLE TO DETERMINE","620","W","63RD ST","711",,,,,,,"2","REPORTED, NOT EVIDENT","2","0","0","0","2","0","0","13","4","2","41.7799200473","-87.6409255107","POINT (-87.640925510749 41.779920047341)"
"50cda36696071f63d8685abd5912ea3c37f2a5c66a018ee315068936317d82217dfe1240f1fa5bdc5488d17c8f6ed4b202e308d3443bfe068a07a54aa1b14427",,"2026-02-11T13:40:00.000","30","TRAFFIC SIGNAL","FUNCTIONING PROPERLY","CLEAR","DAYLIGHT","ANGLE","FOUR WAY",,"STRAIGHT AND LEVEL","DRY","NO DEFECTS","ON SCENE","NO INJURY / DRIVE AWAY","Y",,,"OVER $1,500","2026-02-11T13:43:00.000","FAILING TO YIELD RIGHT-OF-WAY","UNABLE TO DETERMINE","200","W","43RD ST","925",,,,,,,"2","NO INDICATION OF INJURY","0","0","0","0","0","4","0","13","4","2","41.8165273393","-87.6312559585","POINT (-87.63125595851 41.816527339334)"
"07bada0772c3ae9d023120731d77d40f2e16c164f51db4f64d17e5be0d415d8402969c4a3265342e8f61b11d19552ae1f4cbf1217e94a2c03169faf4213599b0",,"2026-02-11T13:30:00.000","25","NO CONTROLS","NO CONTROLS","CLEAR","DAYLIGHT","SIDESWIPE SAME DIRECTION","ONE-WAY",,"STRAIGHT AND LEVEL","DRY","UNKNOWN","NOT ON SCENE (DESK REPORT)","NO INJURY / DRIVE AWAY",,,,"$500 OR LESS","2026-02-11T14:17:00.000","UNABLE TO DETERMINE","UNABLE TO DETERMINE","5700","S","CICERO AVE","813",,,,,,,"2","NO INDICATION OF INJURY","0","0","0","0","0","2","0","13","4","2","41.7893293233","-87.7416456442","POINT (-87.741645644196 41.789329323265)"
"44267243606854c6e248453a57d2df024500ea48d312887cb9564907c810b783aa615265b27d847f3e92f69d37ce2b18a40d1f93fbe0a94060f2e591026f2aff",,"2026-02-11T13:30:00.000","30","NO CONTROLS","NO CONTROLS","CLEAR","DAYLIGHT","PARKED MOTOR VEHICLE","PARKING LOT",,"STRAIGHT AND LEVEL","DRY","UNKNOWN","NOT ON SCENE (DESK REPORT)","NO INJURY / DRIVE AWAY",,,,"OVER $1,500","2026-02-12T10:32:00.000","UNABLE TO DETERMINE","UNABLE TO DETERMINE","10","S","WACKER DR","122",,,,,,,"2","NO INDICATION OF INJURY","0","0","0","0","0","1","0","13","4","2","41.8817224568","-87.6371636182","POINT (-87.637163618201 41.881722456809)"
"57744e1752cdc8230143cad49290cf7c8fcd389c8ec10e365a5268976347721907f1dc43629b7f593954066c1195c569db8187b5450cd109fb85846f3dbf19cd",,"2026-02-11T13:30:00.000","30","NO CONTROLS","NO CONTROLS","CLEAR","DAYLIGHT","SIDESWIPE SAME DIRECTION","NOT DIVIDED",,"STRAIGHT AND LEVEL","DRY","NO DEFECTS","NOT ON SCENE (DESK REPORT)","NO INJURY / DRIVE AWAY",,,"Y","OVER $1,500","2026-02-11T15:35:00.000","IMPROPER OVERTAKING/PASSING","IMPROPER OVERTAKING/PASSING","6310","N","NAGLE AVE","1611",,,,,,,"2","NO INDICATION OF INJURY","0","0","0","0","0","2","0","13","4","2","41.9959239228","-87.7876379918","POINT (-87.787637991755 41.995923922764)"
"5ea666cf3ab56efb4d21dc0c75d6fcd3fc4fb13eac38b2f03b86f70566f28b35ea431c2e53c7f1c8eb957d0730696aaa58e9408f30911a9615599099c71e757a",,"2026-02-11T13:30:00.000","30","NO CONTROLS","NO CONTROLS","CLEAR","DAYLIGHT","PARKED MOTOR VEHICLE","NOT DIVIDED",,"STRAIGHT AND LEVEL","DRY","NO DEFECTS","NOT ON SCENE (DESK REPORT)","NO INJURY / DRIVE AWAY",,,,"OVER $1,500","2026-02-11T19:45:00.000","FOLLOWING TOO CLOSELY","UNABLE TO DETERMINE","1416","W","71ST ST","734",,,,,,,"2","NO INDICATION OF INJURY","0","0","0","0","0","1","0","13","4","2","41.7650777644","-87.6597020584","POINT (-87.659702058447 41.765077764415)"
"7af5de08b4669c82bb813e1747088ee6647c23c1f7ead481452d06c8c059408f460d13cc602b69fc7b3a85d6f945b5e35cd7ac55de9837a62908232091099630",,"2026-02-11T13:30:00.000","10","OTHER","OTHER","CLEAR","DAWN","REAR END","ONE-WAY",,"STRAIGHT AND LEVEL","WET","OTHER","NOT ON SCENE (DESK REPORT)","NO INJURY / DRIVE AWAY",,,,"$500 OR LESS","2026-02-11T15:25:00.000","NOT APPLICABLE","NOT APPLICABLE","1538","E","95TH ST","413",,,,,,,"2","NO INDICATION OF INJURY","0","0","0","0","0","2","0","13","4","2","41.7224394759","-87.5861858365","POINT (-87.586185836462 41.722439475881)"
"9e38fe49608583341700b386092a0cc446cdfe8543e2be9e4bd0184e1f12486c8e0acd3fc2dc18f33b611b96ffda0e867977ee7a7d6555487112152130ddf123",,"2026-02-11T13:30:00.000","30","NO CONTROLS","NO CONTROLS","CLEAR","DAYLIGHT","TURNING","DIVIDED - W/MEDIAN BARRIER",,"STRAIGHT AND LEVEL","DRY","NO DEFECTS","NOT ON SCENE (DESK REPORT)","INJURY AND / OR TOW DUE TO CRASH",,,"Y","OVER $1,500","2026-02-11T16:00:00.000","UNABLE TO DETERMINE","NOT APPLICABLE","3915","W","IRVING PARK RD","1732",,,,,,,"2","NO INDICATION OF INJURY","0","0","0","0","0","2","0","13","4","2","41.9535655929","-87.7257293053","POINT (-87.72572930533 41.953565592948)"
"38b676777c18c8ab3c8652ddc59f9f2dd74a0f1676b637c15c3c399348d7e511353f9574880e520a769e3db4a7cd5d7a42cf2c0ccbc57bb30aaec76f7918945f",,"2026-02-11T13:29:00.000","30","NO CONTROLS","NO CONTROLS","CLEAR","DAYLIGHT","REAR END","NOT DIVIDED",,"STRAIGHT AND LEVEL","DRY","NO DEFECTS","NOT ON SCENE (DESK REPORT)","INJURY AND / OR TOW DUE TO CRASH",,,,"OVER $1,500","2026-02-11T13:30:00.000","FOLLOWING TOO CLOSELY","UNABLE TO DETERMINE","1901","E","95TH ST","431",,,,,,,"2","NO INDICATION OF INJURY","0","0","0","0","0","2","0","13","4","2","41.7223293982","-87.5777231046","POINT (-87.577723104633 41.722329398243)"
"148d735a0b323cf2d0eb8f4b072e04f0203103c4e457f3a55b4ffef5e091a64a0a5f5afe0b1dc35b1daa7304d5b18361e3c2625d5cefbd88b6e932e7056f3979",,"2026-02-11T13:28:00.000","30","UNKNOWN","UNKNOWN","UNKNOWN","DAYLIGHT","SIDESWIPE SAME DIRECTION","NOT DIVIDED",,"STRAIGHT AND LEVEL","UNKNOWN","UNKNOWN","NOT ON SCENE (DESK REPORT)","NO INJURY / DRIVE AWAY","Y",,,"OVER $1,500","2026-02-11T15:10:00.000","UNABLE TO DETERMINE","NOT APPLICABLE","4500","W","NORTH AVE","2533",,,,,,,"2","NO INDICATION OF INJURY","0","0","0","0","0","2","0","13","4","2","41.9098297115","-87.7386109591","POINT (-87.738610959115 41.909829711517)"
"243ca47fab484dd06e5d69740bdd75771e6c4c1ed33f2480a84f2762de09626cba02e3291ed2667708cc783b6de04e6219bddbdb58c8095ae63bcf4759ff407d",,"2026-02-11T13:26:00.000","30","YIELD","NO CONTROLS","CLEAR","DAYLIGHT","FIXED OBJECT","DIVIDED - W/MEDIAN (NOT RAISED)",,"STRAIGHT AND LEVEL","DRY","NO DEFECTS","ON SCENE","INJURY AND / OR TOW DUE TO CRASH",,"Y",,"OVER $1,500","2026-02-11T13:26:00.000","EVASIVE ACTION DUE TO ANIMAL, OBJECT, NONMOTORIST","NOT APPLICABLE","3333","N","MILWAUKEE AVE","1731","Y","Y",,,,,"1","INCAPACITATING INJURY","1","0","1","0","0","1","0","13","4","2","41.9417962509","-87.7280444852","POINT (-87.728044485167 41.941796250944)"
"3809e7b37d8d599916b4d2c5644c2acf00d0864b0c376bdf769ad3e829999edc55670c2422748494c7756fce95533839a3e3d4952b871148fc58f6728dd7a782","Y","2026-02-11T13:25:00.000","30","UNKNOWN","UNKNOWN","UNKNOWN","UNKNOWN","REAR END","PARKING LOT",,"STRAIGHT AND LEVEL","UNKNOWN","UNKNOWN","NOT ON SCENE (DESK REPORT)","NO INJURY / DRIVE AWAY",,,,"OVER $1,500","2026-02-11T13:35:00.000","UNABLE TO DETERMINE","NOT APPLICABLE","6014","S","COTTAGE GROVE AVE","313",,,,,,,"2","NO INDICATION OF INJURY","0","0","0","0","0","2","0","13","4","2","41.785387445","-87.606183761","POINT (-87.606183761008 41.785387444959)"
"0f0754e04241a0643f9a88555268b5db22aaf314d867d1371972be6ad9cada965e4fe9593a062c8a35d2a0d8fd2b434610ab2f1b33b76a6491d1c402a03289de",,"2026-02-11T13:15:00.000","30","NO CONTROLS","NO CONTROLS","CLEAR","DAYLIGHT","SIDESWIPE SAME DIRECTION","NOT DIVIDED",,"STRAIGHT AND LEVEL","DRY","NO DEFECTS","NOT ON SCENE (DESK REPORT)","NO INJURY / DRIVE AWAY",,,,"OVER $1,500","2026-02-19T09:50:00.000","FAILING TO REDUCE SPEED TO AVOID CRASH","NOT APPLICABLE","1548","W","NORTH AVE","1433",,,,,,,"2","NO INDICATION OF INJURY","0","0","0","0","0","2","0","13","4","2","41.9107470705","-87.6672216173","POINT (-87.667221617348 41.910747070494)"
"6cd1f5681252a1b3c755b579840ee445a86757f889cfd9999bc0ad71fcf6ca9400371b1abd9f914f50d4faf8d1646a94338937ce7bcaf2f27f93bf07c790e7cf","N","2026-02-11T13:15:00.000","30","TRAFFIC SIGNAL","FUNCTIONING PROPERLY","CLEAR","DAYLIGHT","SIDESWIPE SAME DIRECTION","FOUR WAY",,"STRAIGHT AND LEVEL","DRY","NO DEFECTS","ON SCENE","NO INJURY / DRIVE AWAY",,,"Y","OVER $1,500","2026-02-11T13:18:00.000","IMPROPER OVERTAKING/PASSING","NOT APPLICABLE","2000","W","ADDISON ST","1921",,,,,,,"2","NO INDICATION OF INJURY","0","0","0","0","0","2","0","13","4","2","41.9469731089","-87.6786161991","POINT (-87.678616199126 41.946973108926)"
"231581fb1625364f756aa00c6020a709b7409b75d12a0de8887f7e27874c4356cd2d323c6465abfb7a0d07b8c7c4a2d300d713b3f697eb8f48cc4e299b9c4e54",,"2026-02-11T13:00:00.000","45","NO CONTROLS","NO CONTROLS","CLOUDY/OVERCAST","DAYLIGHT","REAR END","DIVIDED - W/MEDIAN BARRIER",,"STRAIGHT AND LEVEL","DRY","NO DEFECTS","NOT ON SCENE (DESK REPORT)","INJURY AND / OR TOW DUE TO CRASH",,,,"OVER $1,500","2026-02-13T09:35:00.000","FOLLOWING TOO CLOSELY","FAILING TO REDUCE SPEED TO AVOID CRASH","1541","N","LAKE SHORE DR NB","1824",,,,,,,"2","NONINCAPACITATING INJURY","1","0","0","1","0","1","0","13","4","2","41.9107342656","-87.6255872596","POINT (-87.625587259584 41.910734265627)"
"2c283ce253c7b4c3263d740ab7840ea31662af392f7da3c7a159897a043a19fbc9b699617961986c1ca41ba6d07172d3eaf0dd8c0eb8cb9054491b989df46887",,"2026-02-11T13:00:00.000","30","UNKNOWN","UNKNOWN","UNKNOWN","DAYLIGHT","SIDESWIPE SAME DIRECTION","NOT DIVIDED",,"STRAIGHT AND LEVEL","UNKNOWN","UNKNOWN","NOT ON SCENE (DESK REPORT)","NO INJURY / DRIVE AWAY","Y",,,"OVER $1,500","2026-02-11T18:00:00.000","UNABLE TO DETERMINE","UNABLE TO DETERMINE","2210","S","MICHIGAN AVE","131",,,,,,,"2","NO INDICATION OF INJURY","0","0","0","0","0","2","0","13","4","2","41.8525039731","-87.6239417392","POINT (-87.623941739235 41.852503973063)"
"680ef295ef96d46b648c37ce4b249ce680954f05042776c0865bb00ffe90b39d6ff5a9ab8fefa4f0d86561ba9e3f62f02ae0cf1eda802a9e9def76c66edbe808",,"2026-02-11T13:00:00.000","10","NO CONTROLS","NO CONTROLS","CLEAR","DAYLIGHT","OTHER OBJECT","PARKING LOT",,"STRAIGHT AND LEVEL","UNKNOWN","UNKNOWN","NOT ON SCENE (DESK REPORT)","NO INJURY / DRIVE AWAY",,,,"OVER $1,500","2026-02-11T13:45:00.000","UNABLE TO DETERMINE","UNABLE TO DETERMINE","727","E","111TH ST","531",,,,,,,"2","NO INDICATION OF INJURY","0","0","0","0","0","2","0","13","4","2","41.6927233639","-87.6045058667","POINT (-87.60450586672 41.692723363896)"
"80176af391cc4fe7af13e3b2786cc6d0a5daf8758e3d8c380b551c6a4ee86cb2b10afedb9de5e584b327aa8e7e0191f67c21aa51b3803adab20c37fb093d0f17",,"2026-02-11T13:00:00.000","30","UNKNOWN","UNKNOWN","UNKNOWN","DAYLIGHT","REAR END","NOT DIVIDED",,"STRAIGHT AND LEVEL","UNKNOWN","UNKNOWN","NOT ON SCENE (DESK REPORT)","NO INJURY / DRIVE AWAY",,,"N","OVER $1,500","2026-02-16T12:30:00.000","UNABLE TO DETERMINE","NOT APPLICABLE","100","N","KEDZIE AVE","1123",,,,,,,"2","NO INDICATION OF INJURY","0","0","0","0","0","2","0","13","4","2","41.8828323144","-87.7063182136","POINT (-87.706318213554 41.88283231441)"
"cd5c4b2d62a94b3fc04843e8ede40a396444dae73445b572d0cae901d188c25141dbdb111851e546e027f23ee89de1a847e1a31e6bc1d1847f005298b689f3f9","Y","2026-02-11T13:00:00.000","30","NO CONTROLS","NO CONTROLS","CLEAR","DAYLIGHT","REAR END","OTHER",,"STRAIGHT AND LEVEL","WET","NO DEFECTS","NOT ON SCENE (DESK REPORT)","NO INJURY / DRIVE AWAY",,"Y",,"OVER $1,500","2026-02-11T13:30:00.000","NOT APPLICABLE","NOT APPLICABLE","7100","S","SOUTH CHICAGO AVE","323",,,,,,,"3","NO INDICATION OF INJURY","0","0","0","0","0","3","0","13","4","2","41.7657167263","-87.605584027","POINT (-87.605584026987 41.765716726294)"
"e91f1d7baeabf2cea417f745d5fdc36510605d5480e470cd96547009530d40a4a78f53b04768c52948ab6c08b60e1f4b905262f7d20879a597833175f1d3cc76",,"2026-02-11T13:00:00.000","30","UNKNOWN","NO CONTROLS","UNKNOWN","UNKNOWN","SIDESWIPE SAME DIRECTION","NOT DIVIDED",,"STRAIGHT AND LEVEL","UNKNOWN","UNKNOWN","NOT ON SCENE (DESK REPORT)","NO INJURY / DRIVE AWAY",,,"Y","OVER $1,500","2026-02-11T14:00:00.000","UNABLE TO DETERMINE","NOT APPLICABLE","3200","N","CICERO AVE","1634",,,,,,,"2","NO INDICATION OF INJURY","0","0","0","0","0","2","0","13","4","2","41.9388705551","-87.7470205618","POINT (-87.747020561808 41.93887055512)"
"105e52f6317d72022d5cb6f9d3cc34edca637d28de8b6763f45af88f8ff54cd35c1dfbb76ea9fc06e6572e2c45c2dd71fe0552941e00ad2c9d8debf95a844810",,"2026-02-11T12:45:00.000","30","TRAFFIC SIGNAL","FUNCTIONING PROPERLY","CLEAR","DAYLIGHT","REAR END","NOT DIVIDED",,"STRAIGHT AND LEVEL","DRY","NO DEFECTS","NOT ON SCENE (DESK REPORT)","NO INJURY / DRIVE AWAY",,,,"OVER $1,500","2026-02-12T08:45:00.000","FAILING TO REDUCE SPEED TO AVOID CRASH","NOT APPLICABLE","5159","N","NAGLE AVE","1622",,,,,,,"2","NO INDICATION OF INJURY","0","0","0","0","0","2","0","12","4","2","41.9755610403","-87.7877280149","POINT (-87.787728014945 41.975561040307)"
"7517094730d2cdfa4e2acaf4dea86c1e81c7cf4324e3dbfa68115eb825eb008d41d3cc1815a6b79133839604faa2c6c92e01d8f2c2159b532061199a7151906c",,"2026-02-11T12:45:00.000","30","STOP SIGN/FLASHER","FUNCTIONING PROPERLY","CLEAR","DAYLIGHT","SIDESWIPE SAME DIRECTION","DIVIDED - W/MEDIAN (NOT RAISED)",,"STRAIGHT AND LEVEL","DRY","NO DEFECTS","NOT ON SCENE (DESK REPORT)","NO INJURY / DRIVE AWAY",,,,"$501 - $1,500","2026-02-11T13:30:00.000","IMPROPER OVERTAKING/PASSING","UNABLE TO DETERMINE","1400","E","87TH ST","412",,,,,,,"2","NO INDICATION OF INJURY","0","0","0","0","0","2","0","12","4","2","41.7369621819","-87.5902317829","POINT (-87.590231782928 41.73696218188)"
"35908dfcc1ada53bacc484a310b6abcc10989e499e6966a5e2c68a7186fdf0bbe6d26de365e96c4a4aaa16775cd8826106f07033c378458fc38aa9efcf45ad11",,"2026-02-11T12:40:00.000","30","NO CONTROLS","NO CONTROLS","CLEAR","DAYLIGHT","SIDESWIPE SAME DIRECTION","NOT DIVIDED",,"STRAIGHT AND LEVEL","DRY","NO DEFECTS","NOT ON SCENE (DESK REPORT)","INJURY AND / OR TOW DUE TO CRASH",,,,"$500 OR LESS","2026-02-12T14:47:00.000","UNABLE TO DETERMINE","UNABLE TO DETERMINE","4136","S","CALIFORNIA AVE","921",,,,,,,"2","REPORTED, NOT EVIDENT","1","0","0","0","1","1","0","12","4","2","41.8187110069","-87.6946748318","POINT (-87.694674831795 41.818711006877)"
"029dc6e66ecf51e18cca672650290ef7cdfffd020fc73d24820492d14252ab13d592951859a2704d4961857d1138bed732051281435d4ac370f723aad380945c",,"2026-02-11T12:35:00.000","30","NO CONTROLS","NO CONTROLS","CLEAR","DAYLIGHT","PARKED MOTOR VEHICLE","NOT DIVIDED",,"STRAIGHT AND LEVEL","DRY","NO DEFECTS","ON SCENE","NO INJURY / DRIVE AWAY",,,"Y","$500 OR LESS","2026-02-11T13:05:00.000","UNABLE TO DETERMINE","UNABLE TO DETERMINE","2144","S","ARCHER AVE","914",,,,,,,"2","NO INDICATION OF INJURY","0","0","0","0","0","1","0","12","4","2","41.8535785249","-87.6336088736","POINT (-87.633608873609 41.85357852492)"
"5e469202acc50500dfd0f165f06cd7ff05c369757c2546663638f66db774d8e6f92bd409830626af397b7acb234db0cdee25652ad4f1f733bbe91971ff8d5d17",,"2026-02-11T12:30:00.000","30","NO CONTROLS","NO CONTROLS","CLEAR","DAYLIGHT","SIDESWIPE SAME DIRECTION","NOT DIVIDED",,"STRAIGHT AND LEVEL","DRY","UNKNOWN","NOT ON SCENE (DESK REPORT)","NO INJURY / DRIVE AWAY",,,,"OVER $1,500","2026-02-13T14:00:00.000","EVASIVE ACTION DUE TO ANIMAL, OBJECT, NONMOTORIST","NOT APPLICABLE","13100","S","BRAINARD AVE","433",,,,,,,"2","NO INDICATION OF INJURY","0","0","0","0","0","2","0","12","4","2","41.6570319497","-87.5570301892","POINT (-87.557030189199 41.657031949651)"
"63e7762f134f6f3b7f6cbd0d3430101095441f1ee971beeeb550fb0971d1eda1ec9e14000d11770491da20fc587451ca8dd02c49a1d6fe7ce632b766f535c1dd","Y","2026-02-11T12:30:00.000","15","NO CONTROLS","NO CONTROLS","CLEAR","DAYLIGHT","PARKED MOTOR VEHICLE","ALLEY",,"STRAIGHT AND LEVEL","DRY","NO DEFECTS","ON SCENE","NO INJURY / DRIVE AWAY",,,"Y","$500 OR LESS","2026-02-11T12:50:00.000","UNABLE TO DETERMINE","NOT APPLICABLE","160","N","MORGAN ST","1224",,,,,,,"2","NO INDICATION OF INJURY","0","0","0","0","0","1","0","12","4","2","41.8848954081","-87.6522648841","POINT (-87.652264884126 41.884895408116)"
"d7c7bce4f3257786e2f39e6fe554d126c1c462edfd981c675fa9c9839aeddc06469d88c5c5012a271496ee2a7a9f108067eab183d0a3f7f609d694733b4236ca",,"2026-02-11T12:29:00.000","20","STOP SIGN/FLASHER","FUNCTIONING PROPERLY","CLEAR","DAYLIGHT","TURNING","T-INTERSECTION",,"STRAIGHT AND LEVEL","DRY","NO DEFECTS","ON SCENE","INJURY AND / OR TOW DUE TO CRASH","Y",,,"OVER $1,500","2026-02-11T12:40:00.000","UNABLE TO DETERMINE","UNABLE TO DETERMINE","7601","S","KEDZIE AVE","835",,,,,,,"2","NONINCAPACITATING INJURY","1","0","0","1","0","1","0","12","4","2","41.7551841772","-87.7024026184","POINT (-87.702402618398 41.755184177231)"
"a3c8b8352ea4c5748421077379677913ce7bf8474136387199540e8a4d7c901894e58e6e6ce45cbf95209bfb7bf5d0aa55bd13a6f121f540208ba02128d6c661",,"2026-02-11T12:25:00.000","20","NO CONTROLS","NO CONTROLS","CLEAR","DARKNESS, LIGHTED ROAD","SIDESWIPE OPPOSITE DIRECTION","NOT DIVIDED",,"STRAIGHT AND LEVEL","DRY","UNKNOWN",,"NO INJURY / DRIVE AWAY",,,"Y","OVER $1,500","2026-02-11T16:25:00.000","UNABLE TO DETERMINE","NOT APPLICABLE","6310","W","BLOOMINGDALE AVE","2513",,,,,,,"2","NO INDICATION OF INJURY","0","0","0","0","0","4","0","12","4","2","41.9129221236","-87.7830190361","POINT (-87.78301903612 41.912922123649)"
"8c67b23879edc5293a16478399a4370eaf61b8ea1d0d3f80fd1d997fd5999682f3a65e1ce9c39b8d9d2ba38dde89ee359c0279cc6c3716f5ab5dca01e151f9fd",,"2026-02-11T12:18:00.000","20","TRAFFIC SIGNAL","FUNCTIONING PROPERLY","CLEAR","DAYLIGHT","REAR END","NOT DIVIDED",,"STRAIGHT AND LEVEL","DRY","NO DEFECTS","NOT ON SCENE (DESK REPORT)","NO INJURY / DRIVE AWAY",,,"Y","OVER $1,500","2026-02-11T13:15:00.000","UNABLE TO DETERMINE","NOT APPLICABLE","7600","S","STONY ISLAND AVE","411",,,,,,,"2","NO INDICATION OF INJURY","0","0","0","0","0","2","0","12","4","2","41.7568971726","-87.5862342851","POINT (-87.58623428507 41.756897172602)"
"ae3fb8661e36373ed971c8fde8a428308622e0ca66da16b9bd97558bbf2ffc4e6c2c6ff594a1ba1ac77f418ac2e16343c5811c6bbecf06c1236824537ad5f69b",,"2026-02-11T12:11:00.000","30","NO CONTROLS","NO CONTROLS","CLEAR","DAYLIGHT","REAR END","NOT DIVIDED",,"STRAIGHT AND LEVEL","DRY","NO DEFECTS","ON SCENE","NO INJURY / DRIVE AWAY",,,,"OVER $1,500","2026-02-11T12:11:00.000","FOLLOWING TOO CLOSELY","NOT APPLICABLE","3300","S","KEDZIE AVE","1032",,,,,,,"3","NO INDICATION OF INJURY","0","0","0","0","0","4","0","12","4","2","41.833388305","-87.7048578902","POINT (-87.704857890151 41.833388305041)"
"32aa62a4d69ae210636cb0cf36c3b9039ef2df32ffb9d011fbc881ae113cd5e4bb521cd5b1bdef8462703e902e01c35925860e76027ce96285ac77f8b7e81632","Y","2026-02-11T12:10:00.000","30","UNKNOWN","UNKNOWN","UNKNOWN","UNKNOWN","REAR END","NOT DIVIDED",,"STRAIGHT AND LEVEL","UNKNOWN","UNKNOWN","NOT ON SCENE (DESK REPORT)","NO INJURY / DRIVE AWAY",,,"Y","OVER $1,500","2026-02-11T15:45:00.000","UNABLE TO DETERMINE","NOT APPLICABLE","1202","E","MARQUETTE RD","321",,,,,,,"2","NO INDICATION OF INJURY","0","0","0","0","0","2","0","12","4","2","41.7751662283","-87.595917772","POINT (-87.595917772007 41.775166228273)"
"e1cb0bda1b6d7104dd4287c6149f2b9d4de9909f5b88b7dde579652c23226bd067cbca5069076e66061b3e4f683642fc84dd7d6bbda00bacb440b93214487854",,"2026-02-11T12:10:00.000","30","STOP SIGN/FLASHER","FUNCTIONING PROPERLY","CLEAR","DAYLIGHT","TURNING","DIVIDED - W/MEDIAN (NOT RAISED)",,"STRAIGHT AND LEVEL","DRY","NO DEFECTS","ON SCENE","NO INJURY / DRIVE AWAY",,,"Y","$500 OR LESS","2026-02-11T12:13:00.000","FAILING TO YIELD RIGHT-OF-WAY","UNABLE TO DETERMINE","2258","N","NARRAGANSETT AVE","2512",,,,,,,"2","NO INDICATION OF INJURY","0","0","0","0","0","3","0","12","4","2","41.9217144419","-87.7855308446","POINT (-87.785530844635 41.921714441943)"
"1a5d4f7de2e217f019b6e686ac9b0ba9e45bf75b357162d00cff72f7684d3bccbc7876a8abb1534ed44eb688e6f9af9409619790100ed5e5614dea5e66567c2e","N","2026-02-11T12:00:00.000","30","NO CONTROLS","NO CONTROLS","CLEAR","DAYLIGHT","PARKED MOTOR VEHICLE","PARKING LOT",,"STRAIGHT AND LEVEL","DRY","NO DEFECTS","NOT ON SCENE (DESK REPORT)","NO INJURY / DRIVE AWAY",,,"Y","$500 OR LESS","2026-02-11T14:31:00.000","UNABLE TO DETERMINE","NOT APPLICABLE","2320","W","113TH PL","2212",,,,,,,"2","NO INDICATION OF INJURY","0","0","0","0","0","1","0","12","4","2","41.687228802","-87.6796468584","POINT (-87.679646858406 41.68722880203)"
"2fba9cd67f289c40ce710c971a96091a987914060422b5a8320f05b50b46646f42bb51f053fa1085ede2ccd4e823a24e19fa0cd99c407c7e933ee986b1b12337",,"2026-02-11T12:00:00.000","30","UNKNOWN","UNKNOWN","CLEAR","DAYLIGHT","PARKED MOTOR VEHICLE","NOT DIVIDED",,"STRAIGHT AND LEVEL","UNKNOWN","UNKNOWN","NOT ON SCENE (DESK REPORT)","NO INJURY / DRIVE AWAY",,,"Y","OVER $1,500","2026-02-11T13:00:00.000","UNABLE TO DETERMINE","NOT APPLICABLE","2918","W","NELSON ST","1411",,,,,,,"2","NO INDICATION OF INJURY","0","0","0","0","0","1","0","12","4","2","41.936919106","-87.700939831","POINT (-87.700939831016 41.936919106016)"
"3ac5674d155c75b62e6bca4bbff834d63d4423faeb42cef54d17cdfd8d7f08a90728df5e76091612911b0c3e18dabdf8f95bc4264e93a1fb19f44864d7147efd",,"2026-02-11T12:00:00.000","30","TRAFFIC SIGNAL","FUNCTIONING PROPERLY","CLEAR","DAYLIGHT","TURNING","FOUR WAY",,"STRAIGHT AND LEVEL","DRY","NO DEFECTS","NOT ON SCENE (DESK REPORT)","INJURY AND / OR TOW DUE TO CRASH","Y",,,"OVER $1,500","2026-02-11T12:20:00.000","IMPROPER LANE USAGE","IMPROPER TURNING/NO SIGNAL","6000","N","CALIFORNIA AVE","2413",,,,,,,"2","NONINCAPACITATING INJURY","1","0","0","1","0","3","0","12","4","2","41.9905277171","-87.6995520841","POINT (-87.699552084052 41.990527717148)"