"crash_record_id","crash_date_est_i","crash_date","posted_speed_limit","traffic_control_device","device_condition","weather_condition","lighting_condition","first_crash_type","trafficway_type","lane_cnt","alignment","roadway_surface_cond","road_defect","report_type","crash_type","intersection_related_i","private_property_i","hit_and_run_i","damage","date_police_notified","prim_contributory_cause","sec_contributory_cause","street_no","street_direction","street_name","beat_of_occurrence","photos_taken_i","statements_taken_i","dooring_i","work_zone_i","work_zone_type","workers_present_i","num_units","most_severe_injury","injuries_total","injuries_fatal","injuries_incapacitating","injuries_non_incapacitating","injuries_reported_not_evident","injuries_no_indication","injuries_unknown","crash_hour","crash_day_of_week","crash_month","latitude","longitude","location"
"8c89d00b4085e5218e49c7383c0e7ceac80330f4daf18789b04d8b4e9b56c470a0339afeaf31496e7d169de035e6b02a1056d6051899a99812b773fdad6dfff1",,"2026-02-11T12:00:00.000","15","NO CONTROLS","NO CONTROLS","CLEAR","DAYLIGHT","PARKED MOTOR VEHICLE","T-INTERSECTION",,"STRAIGHT AND LEVEL","DRY","NO DEFECTS","ON SCENE","NO INJURY / DRIVE AWAY",,,,"OVER $1,500","2026-02-11T12:10:00.000","UNABLE TO DETERMINE","UNABLE TO DETERMINE","2415","W","WARNER AVE","1911",,,,,,,"2","NO INDICATION OF INJURY","0","0","0","0","0","1","0","12","4","2","41.9566428514","-87.6892001199","POINT (-87.689200119895 41.956642851437)"
"9ff23be3ab22a8eb5855de883fb7f42a6d571bba78fd46345b8c43912d03fcdbed9fca077042de3a6d368427770a89d6c908fff58e37ff6c3891f81502b7df19",,"2026-02-11T12:00:00.000","30","STOP SIGN/FLASHER","UNKNOWN","CLEAR","DAYLIGHT","REAR END","FOUR WAY",,"STRAIGHT AND LEVEL","DRY","NO DEFECTS","NOT ON SCENE (DESK REPORT)","NO INJURY / DRIVE AWAY",,,,"OVER $1,500","2026-02-11T14:00:00.000","UNABLE TO DETERMINE","UNABLE TO DETERMINE","1849","W","33RD ST","912",,,,,,,"2","NO INDICATION OF INJURY","0","0","0","0","0","2","0","12","4","2","41.8339640152","-87.6722915362","POINT (-87.672291536212 41.833964015234)"
"ba54fea6454642648d5e0953463c37074e38a59b1cd654bd6fe165b2469f500162f1636db1f421319e144f0413181406cc345dedb9d934464f7d6711f1ca80f4",,"2026-02-11T12:00:00.000","30","NO CONTROLS","NO CONTROLS","CLEAR","DAYLIGHT","PEDESTRIAN","NOT DIVIDED",,"STRAIGHT AND LEVEL","DRY","NO DEFECTS","ON SCENE","INJURY AND / OR TOW DUE TO CRASH",,,,"$500 OR LESS","2026-02-11T12:00:00.000","FAILING TO YIELD RIGHT-OF-WAY","DISTRACTION - FROM OUTSIDE VEHICLE","3312","W","26TH ST","1024",,,,,,,"2","NONINCAPACITATING INJURY","1","0","0","1","0","1","0","12","4","2","41.8445842667","-87.7080842889","POINT (-87.708084288941 41.84458426672)"
"5d52f2a15da2bffa0253d72727971edb52f1573af51148629cef60e39f0470d565d0cea1287eb978ab54ec71f1a61245da46f3a73974a12ab4cb0fba3b46da01",,"2026-02-11T11:55:00.000","40","NO CONTROLS","NO CONTROLS","CLEAR","DAYLIGHT","REAR END","OTHER",,"STRAIGHT AND LEVEL","DRY","NO DEFECTS","ON SCENE","INJURY AND / OR TOW DUE TO CRASH",,,,"OVER $1,500","2026-02-11T11:58:00.000","UNABLE TO DETERMINE","UNABLE TO DETERMINE","1440","N","LAKE SHORE DR","1824",,,,,,,"3","NO INDICATION OF INJURY","0","0","0","0","0","3","0","11","4","2","41.9089892016","-87.6261902339","POINT (-87.626190233877 41.908989201595)"
"46bd64152ba5b949b72a761546851e999dad5eab70fe0915400d533cae4cfa9d798dbdec34125b231ef9075a7150c37ee22904b827d2cc58cd31de9ee888df0b",,"2026-02-11T11:50:00.000","10","NO CONTROLS","NO CONTROLS","CLEAR","DAYLIGHT","PARKED MOTOR VEHICLE","PARKING LOT",,"STRAIGHT AND LEVEL","DRY","NO DEFECTS","NOT ON SCENE (DESK REPORT)","NO INJURY / DRIVE AWAY",,,"Y","OVER $1,500","2026-02-14T09:56:00.000","UNABLE TO DETERMINE","UNABLE TO DETERMINE","1900","W","33RD ST","912",,,,,,,"2","NO INDICATION OF INJURY","0","0","0","0","0","1","0","11","4","2","41.8341698892","-87.6730848734","POINT (-87.673084873365 41.83416988921)"
"e67a558a510418028d052ef201b81fc32ffe3384cdccf23f59f2f89fa2b5c03b39fc87e30d79c2cc3b48aea3a827d69bce6c6abfa76f64adf8335ea45dff5643",,"2026-02-11T11:44:00.000","30","NO CONTROLS","NO CONTROLS","CLEAR","DAYLIGHT","REAR TO FRONT","ONE-WAY",,"STRAIGHT AND LEVEL","DRY","UNKNOWN","ON SCENE","INJURY AND / OR TOW DUE TO CRASH",,,"Y","OVER $1,500","2026-02-11T11:48:00.000","UNABLE TO DETERMINE","NOT APPLICABLE","6298","S","INDIANA AVE","311",,,,,,,"2","NO INDICATION OF INJURY","0","0","0","0","0","2","0","11","4","2","41.7801902329","-87.6205765432","POINT (-87.620576543192 41.780190232865)"
"5e354a7222bf2c079a84ae552e653921a2f596563adf1f9adf661d49c0255b1486971b03daf2efa3948258dbc995ce49917c84c7c770e6e82ad16302336ce3bd",,"2026-02-11T11:41:00.000","30","TRAFFIC SIGNAL","NOT FUNCTIONING","CLEAR","DAYLIGHT","TURNING","NOT DIVIDED",,"STRAIGHT AND LEVEL","DRY","NO DEFECTS","ON SCENE","INJURY AND / OR TOW DUE TO CRASH","Y",,,"OVER $1,500","2026-02-11T11:42:00.000","NOT APPLICABLE","NOT APPLICABLE","7000","W","GRAND AVE","2512",,,,,,,"2","NO INDICATION OF INJURY","0","0","0","0","0","2","0","11","4","2","41.9236630646","-87.8008302119","POINT (-87.800830211912 41.923663064585)"
"2702192dca1dcee409c20cf503898c3c6f6347a0a1bf093a40f95b83e8b8a2b99a43d2ed5c58038883d146bc0c9ad34f116f7600176379f0154919747a03caf2","N","2026-02-11T11:40:00.000","20","OTHER","NO CONTROLS","CLEAR","DAYLIGHT","PARKED MOTOR VEHICLE","ONE-WAY",,"STRAIGHT AND LEVEL","DRY","NO DEFECTS","ON SCENE","NO INJURY / DRIVE AWAY",,,"Y","OVER $1,500","2026-02-11T17:21:00.000","UNABLE TO DETERMINE","NOT APPLICABLE","1606","E","50TH PL","222",,,,,,,"3","NO INDICATION OF INJURY","0","0","0","0","0","1","0","11","4","2","41.8035207695","-87.5861368604","POINT (-87.586136860428 41.803520769527)"
"3d1705205a73866d40307de5dede434439db0374b073a301157ce2af90050c4e1a8e4fce7304a57619a53b0e372e7afaf7e8b0332a83321890e9a98eeedce2ba",,"2026-02-11T11:40:00.000","30","TRAFFIC SIGNAL","FUNCTIONING PROPERLY","CLEAR","DAYLIGHT","SIDESWIPE SAME DIRECTION","Y-INTERSECTION",,"STRAIGHT AND LEVEL","DRY","NO DEFECTS","ON SCENE","NO INJURY / DRIVE AWAY","Y",,,"OVER $1,500","2026-02-11T11:42:00.000","IMPROPER LANE USAGE","IMPROPER LANE USAGE","6222","N","CENTRAL AVE","1621",,,,,,,"2","NO INDICATION OF INJURY","0","0","0","0","0","3","0","11","4","2","41.9951116381","-87.764752918","POINT (-87.764752917955 41.995111638123)"
"b46d5afec8ec5621810cc2f27efeb39c704bbfa427708d42f567b7e35139935059f0fe4448c61c44360181abf34b0758397658575811fdce0ce4fd8ee21de633",,"2026-02-11T11:35:00.000","15","NO CONTROLS","NO CONTROLS","CLEAR","DAYLIGHT","PARKED MOTOR VEHICLE","ONE-WAY",,"STRAIGHT AND LEVEL","DRY","NO DEFECTS","ON SCENE","NO INJURY / DRIVE AWAY",,"N",,"OVER $1,500","2026-02-11T11:35:00.000","DRIVING SKILLS/KNOWLEDGE/EXPERIENCE","IMPROPER LANE USAGE","5639","S","LAFLIN ST","713",,,,,,,"2","NO INDICATION OF INJURY","0","0","0","0","0","1","0","11","4","2","41.7910816307","-87.6619229049","POINT (-87.661922904872 41.791081630722)"
"78a28ca0dbf9edbe219a7bfd6945c9ae5ec9b00c45545cfd26725b5783d2c069954f6871dbfaf67406bdf5e629e9fa3b56ed2455bb5ae47712a6259395263ef0",,"2026-02-11T11:30:00.000","30","NO CONTROLS","NO CONTROLS","CLEAR","DAYLIGHT","ANGLE","NOT DIVIDED",,"STRAIGHT AND LEVEL","DRY","NO DEFECTS","NOT ON SCENE (DESK REPORT)","INJURY AND / OR TOW DUE TO CRASH",,,"Y","OVER $1,500","2026-02-11T13:00:00.000","UNABLE TO DETERMINE","NOT APPLICABLE","1345","N","PULASKI RD","2535",,,,,,,"2","REPORTED, NOT EVIDENT","1","0","0","0","1","1","0","11","4","2","41.9057938403","-87.7262511371","POINT (-87.726251137072 41.905793840339)"
"d46c3a4a85c6531e87fabd138869c75587382221c80eeb6b92b5831c8f0fbb4b9ba25299a61fe7006adf912a28e8043a83f46d429c32b811abb6ee3fae951d50",,"2026-02-11T11:30:00.000","30","NO CONTROLS","NO CONTROLS","CLEAR","DAYLIGHT","REAR TO FRONT","ONE-WAY",,"STRAIGHT AND LEVEL","DRY","NO DEFECTS","ON SCENE","NO INJURY / DRIVE AWAY",,,,"OVER $1,500","2026-02-11T11:35:00.000","DRIVING SKILLS/KNOWLEDGE/EXPERIENCE","DRIVING SKILLS/KNOWLEDGE/EXPERIENCE","4701","N","BERNARD ST","1723",,,,,,,"2","NO INDICATION OF INJURY","0","0","0","0","0","2","0","11","4","2","41.9666607519","-87.7143901691","POINT (-87.714390169089 41.966660751855)"
"f11012c091a66f06be37b390464e838db2723a5d8c084c940447659fa505e6c04dc3ab24c54c7086fb597b8d37236a76e6be6b547e447a4d50184fe51fdc8170",,"2026-02-11T11:23:00.000","20","NO CONTROLS","NO CONTROLS","CLEAR","DAYLIGHT","PARKED MOTOR VEHICLE","NOT DIVIDED",,"STRAIGHT AND LEVEL","DRY","NO DEFECTS","ON SCENE","NO INJURY / DRIVE AWAY",,,,"$500 OR LESS","2026-02-11T11:48:00.000","UNABLE TO DETERMINE","UNABLE TO DETERMINE","5634","W","60TH ST","812",,,,,,,"2","NO INDICATION OF INJURY","0","0","0","0","0","1","0","11","4","2","41.7836417929","-87.7633173972","POINT (-87.763317397164 41.783641792939)"
"935e090d92cd55d0cbf1ac79c73005d777cc42facfa1b297578fd31dd647dea9e5568983b2d09ead25def47af20b38c5c65fffc3a5dc5fa828df8de584c32608",,"2026-02-11T11:22:00.000","30","NO CONTROLS","NO CONTROLS","CLEAR","DAYLIGHT","TURNING","DIVIDED - W/MEDIAN (NOT RAISED)",,"STRAIGHT AND LEVEL","DRY","NO DEFECTS","NOT ON SCENE (DESK REPORT)","NO INJURY / DRIVE AWAY",,,,"OVER $1,500","2026-02-11T12:30:00.000","UNABLE TO DETERMINE","UNABLE TO DETERMINE","2829","N","SACRAMENTO AVE","1411",,,,,,,"2","NO INDICATION OF INJURY","0","0","0","0","0","2","0","11","4","2","41.9329471496","-87.7023986695","POINT (-87.702398669458 41.932947149559)"
"1f63c5f42d18399065bd93c0bb4ea0e68f982ac70ed83a66d22d3e0aad2ce18eb2e0f9a7a75f0a7137dd332feb3a9932fe2ba8f8acb28e049e5e167b94fe9a39",,"2026-02-11T11:15:00.000","30","NO CONTROLS","NO CONTROLS","CLEAR","DAYLIGHT","PARKED MOTOR VEHICLE","NOT DIVIDED",,"STRAIGHT AND LEVEL","DRY","NO DEFECTS","NOT ON SCENE (DESK REPORT)","NO INJURY / DRIVE AWAY",,,"Y","OVER $1,500","2026-02-15T12:00:00.000","UNABLE TO DETERMINE","NOT APPLICABLE","950","W","CONCORD PL","1813",,,,,,,"2","NO INDICATION OF INJURY","0","0","0","0","0","1","0","11","4","2","41.9118684726","-87.6527029944","POINT (-87.652702994362 41.911868472557)"
"6d3d7a7acf27c0e296e7ca328e7a39b2323603b790497a3f6d116f909cdbb02745a637cee01e74e5c67796ad089e436aef208117d565ced62edd65d3de332205",,"2026-02-11T11:15:00.000","20","NO CONTROLS","NO CONTROLS","CLEAR","DAYLIGHT","SIDESWIPE SAME DIRECTION","ONE-WAY",,"STRAIGHT AND LEVEL","UNKNOWN","UNKNOWN","NOT ON SCENE (DESK REPORT)","NO INJURY / DRIVE AWAY",,,,"OVER $1,500","2026-02-11T11:40:00.000","UNABLE TO DETERMINE","NOT APPLICABLE","2805","N","NORMANDY AVE","2511",,,,,,,"2","NO INDICATION OF INJURY","0","0","0","0","0","3","0","11","4","2","41.931118414","-87.7928827468","POINT (-87.792882746793 41.931118413981)"
"072816082e60210ddcbe608961cb906c69ba98f0c8bd123c5a1f87aba4effb8aa951319db38f8a193dd5d2f0cb2cface4850a6d7e9e16f38febadc7bfd929e9e",,"2026-02-11T11:10:00.000","35","NO CONTROLS","NO CONTROLS","CLEAR","DAYLIGHT","REAR TO FRONT","NOT DIVIDED",,"STRAIGHT AND LEVEL","DRY","NO DEFECTS","NOT ON SCENE (DESK REPORT)","NO INJURY / DRIVE AWAY",,,,"OVER $1,500","2026-02-11T12:57:00.000","UNABLE TO DETERMINE","UNABLE TO DETERMINE","10000","W","OHARE ST","1651",,,,,,,"2","NO INDICATION OF INJURY","0","0","0","0","0","2","0","11","4","2","41.976201139","-87.9053091251","POINT (-87.905309125103 41.976201139024)"
"336b572df600b2070a3162c4dcf53bec37a1ff933ea0180ba45e065dd56c380972de7c2044b883193849cd89e436af7a3c4f4288efcfa36b2b9d5c0ff5e337ad",,"2026-02-11T11:10:00.000","30","NO CONTROLS","NO CONTROLS","CLEAR","DAYLIGHT","PARKED MOTOR VEHICLE","DIVIDED - W/MEDIAN (NOT RAISED)",,"STRAIGHT AND LEVEL","UNKNOWN","UNKNOWN","ON SCENE","NO INJURY / DRIVE AWAY",,,,"OVER $1,500","2026-02-11T11:16:00.000","UNABLE TO DETERMINE","UNABLE TO DETERMINE","6128","S","WESTERN AVE","825",,,,,,,"2","NO INDICATION OF INJURY","0","0","0","0","0","1","0","11","4","2","41.7820096869","-87.6838630997","POINT (-87.683863099675 41.78200968693)"
"36403567d3d3e605ad7d5d50476bfba7016f6b33db74600c13fe209d759de5455fc45ead52c95d1cf9e7d611cd4e5447d47f02e02396ed0e05590ba90d25c073","N","2026-02-11T11:09:00.000","25","NO CONTROLS","NO CONTROLS","CLEAR","DAYLIGHT","FIXED OBJECT","PARKING LOT",,"STRAIGHT AND LEVEL","UNKNOWN","UNKNOWN","NOT ON SCENE (DESK REPORT)","NO INJURY / DRIVE AWAY",,,,"OVER $1,500","2026-02-11T11:09:00.000","UNABLE TO DETERMINE","NOT APPLICABLE","600","N","CLARK ST","1832",,,,,,,"1","NO INDICATION OF INJURY","0","0","0","0","0","1","0","11","4","2","41.892464033","-87.6312948859","POINT (-87.631294885907 41.892464032993)"
"1bb49a71a4098a70910259eeef13defdd9adb96be2ebd2b434d4244ad69986c832917072e79141577689fcf9da687e6892837f49c07d03d1be0cd551c5587c6b",,"2026-02-11T11:04:00.000","30","TRAFFIC SIGNAL","FUNCTIONING PROPERLY","CLEAR","DAYLIGHT","PEDESTRIAN","FOUR WAY",,"STRAIGHT AND LEVEL","DRY","NO DEFECTS","ON SCENE","INJURY AND / OR TOW DUE TO CRASH","Y",,"Y","OVER $1,500","2026-02-11T11:05:00.000","UNABLE TO DETERMINE","NOT APPLICABLE","4359","W","FULLERTON AVE","2522",,,,,,,"2","NONINCAPACITATING INJURY","1","0","0","1","0","1","0","11","4","2","41.9242562782","-87.736506315","POINT (-87.736506315002 41.924256278165)"
"0bfe765e4c7a9e61b756e643685e550cd828ee0408c504e719c336fb9173da8f6d1291c79598f721707528a907293fdbd18baebdc6f420949a5a962661a52545",,"2026-02-11T11:00:00.000","30","NO CONTROLS","NO CONTROLS","CLEAR","DAYLIGHT","SIDESWIPE SAME DIRECTION","NOT DIVIDED",,"STRAIGHT AND LEVEL","DRY","NO DEFECTS","ON SCENE","INJURY AND / OR TOW DUE TO CRASH",,,,"OVER $1,500","2026-02-11T12:10:00.000","DRIVING SKILLS/KNOWLEDGE/EXPERIENCE","NOT APPLICABLE","8428","W","BRYN MAWR AVE","1614",,,,,,,"2","REPORTED, NOT EVIDENT","1","0","0","0","1","1","0","11","4","2","41.9812121446","-87.8379408544","POINT (-87.837940854414 41.981212144649)"
"5817d6f5ab76a3af459e44684922131cdad9c17aa205ed94a0cec960f62234149c311e77b6503b79bb695e3325286268024077d0249805e0874e20f3f6046d17",,"2026-02-11T11:00:00.000","35","NO CONTROLS","NO CONTROLS","CLEAR","DAYLIGHT","PARKED MOTOR VEHICLE","NOT DIVIDED",,"STRAIGHT AND LEVEL","UNKNOWN","UNKNOWN","NOT ON SCENE (DESK REPORT)","NO INJURY / DRIVE AWAY",,,,"OVER $1,500","2026-02-11T11:30:00.000","NOT APPLICABLE","NOT APPLICABLE","1144","S","WESTERN AVE","1135",,,,,,,"2","NO INDICATION OF INJURY","0","0","0","0","0","1","0","11","4","2","41.8670965522","-87.6861999993","POINT (-87.68619999926 41.867096552166)"
"cabdba06da2e68fd881b1a8aea19d9bab74ce78fdfc3a1f8c440a9721358192eeaeff09499601ffee1dfbf5621e901e7c76f90b911c65b05b9286fddb68e572b",,"2026-02-11T10:49:00.000","30","NO CONTROLS","NO CONTROLS","CLEAR","DAYLIGHT","SIDESWIPE SAME DIRECTION","NOT DIVIDED",,"STRAIGHT AND LEVEL","DRY","NO DEFECTS","ON SCENE","NO INJURY / DRIVE AWAY",,,"Y","$501 - $1,500","2026-02-11T10:49:00.000","FOLLOWING TOO CLOSELY","DRIVING SKILLS/KNOWLEDGE/EXPERIENCE","2206","S","WESTERN AVE","1034",,,,,,,"2","NO INDICATION OF INJURY","0","0","0","0","0","2","0","10","4","2","41.8518194658","-87.6857808814","POINT (-87.685780881383 41.851819465824)"
"13dbb5f18bee7d65d0be184cd525a289d1a768290be6caf942da4c59c69faa91c358e6d7742eb51d33d4226721b3d7e8fb69f6961aa81d40744f9b956e04542a",,"2026-02-11T10:46:00.000","10","NO CONTROLS","NO CONTROLS","UNKNOWN","UNKNOWN","PARKED MOTOR VEHICLE","PARKING LOT",,"STRAIGHT AND LEVEL","UNKNOWN","UNKNOWN","NOT ON SCENE (DESK REPORT)","NO INJURY / DRIVE AWAY",,"Y","Y","OVER $1,500","2026-02-11T18:00:00.000","UNABLE TO DETERMINE","NOT APPLICABLE","3132","N","HARLEM AVE","2511",,,,,,,"2","NO INDICATION OF INJURY","0","0","0","0","0","1","0","10","4","2","41.9373461362","-87.8068733524","POINT (-87.806873352351 41.937346136202)"
"71da9196f359de04bb442675c38e49de82d8124c8752ac687ebeb5e74a331001b2e2a28fb0fc63c1c0739d47dd7d7a19d05c277f8bad9915b263146c18782946",,"2026-02-11T10:43:00.000","30","NO CONTROLS","NO CONTROLS","CLEAR","DAYLIGHT","TURNING","NOT DIVIDED",,"STRAIGHT AND LEVEL","DRY","NO DEFECTS","ON SCENE","INJURY AND / OR TOW DUE TO CRASH",,,,"OVER $1,500","2026-02-11T11:45:00.000","UNABLE TO DETERMINE","UNABLE TO DETERMINE","6514","S","KEDZIE AVE","831",,,,,,,"2","REPORTED, NOT EVIDENT","1","0","0","0","1","2","0","10","4","2","41.774800687","-87.703186892","POINT (-87.703186892003 41.774800686991)"
"f26e8df0719d16c05462d6c2e5932c6ba08d4c4300618989245de98ec4a349aa0011a9ec0a77310e9d0ed3b2c6f9dcd06d2bf335f451586a93407864f4d0a615",,"2026-02-11T10:40:00.000","30","NO CONTROLS","NO CONTROLS","CLEAR","DAYLIGHT","TURNING","DIVIDED - W/MEDIAN (NOT RAISED)",,"STRAIGHT AND LEVEL","DRY","NO DEFECTS","ON SCENE","INJURY AND / OR TOW DUE TO CRASH",,,,"OVER $1,500","2026-02-11T10:43:00.000","FAILING TO YIELD RIGHT-OF-WAY","NOT APPLICABLE","3401","S","DAMEN AVE","912",,,,,,,"2","NO INDICATION OF INJURY","0","0","0","0","0","3","0","10","4","2","41.8321901363","-87.6751807253","POINT (-87.675180725317 41.832190136324)"
"a28afac1c603bf67667d44d7cbe0b683e19d5b658ce5c2e185b842c29bc02aae18a8352a7ba46ff2242685008f6862d93a1131be0a9e8d6e003453d4b59d5a97",,"2026-02-11T10:30:00.000","30","NO CONTROLS","FUNCTIONING PROPERLY","CLEAR","DAYLIGHT","REAR TO SIDE","DIVIDED - W/MEDIAN BARRIER",,"STRAIGHT AND LEVEL","DRY","NO DEFECTS","ON SCENE","NO INJURY / DRIVE AWAY","N",,,"OVER $1,500","2026-02-11T10:30:00.000","OPERATING VEHICLE IN ERRATIC, RECKLESS, CARELESS, NEGLIGENT OR AGGRESSIVE MANNER","DRIVING SKILLS/KNOWLEDGE/EXPERIENCE","5100","S","MICHIGAN AVE","225",,,,,,,"2","NO INDICATION OF INJURY","0","0","0","0","0","3","0","10","4","2","41.8018966519","-87.6227933299","POINT (-87.622793329906 41.801896651856)"
"a4bdf9b3a96dc0a847db2626b6285cc93ffbbb47919c993544d94003b43ae5356cc8f506018e5ae3d7bc54d1e4cda19dc68a15263f9ae43f79ea7435c033d7fd",,"2026-02-11T10:30:00.000","30","TRAFFIC SIGNAL","FUNCTIONING PROPERLY","CLEAR","DAYLIGHT","REAR END","NOT DIVIDED",,"STRAIGHT AND LEVEL","DRY","NO DEFECTS","NOT ON SCENE (DESK REPORT)","NO INJURY / DRIVE AWAY",,,"Y","OVER $1,500","2026-02-11T11:48:00.000","UNABLE TO DETERMINE","NOT APPLICABLE","3736","W","POLK ST","1133",,,,,,,"2","NO INDICATION OF INJURY","0","0","0","0","0","3","0","10","4","2","41.8709174954","-87.7195997665","POINT (-87.719599766505 41.870917495419)"
"bff9495fa09fdfdf2721979690dac83b954d80e41fe0c0c9fb8b5750ed6ac299aa61687f85615531e21649739a69abd75c8739519d04b295cbfa24f40c4ca252",,"2026-02-11T10:30:00.000","30","NO CONTROLS","NO CONTROLS","CLEAR","DAYLIGHT","SIDESWIPE OPPOSITE DIRECTION","UNKNOWN",,"STRAIGHT AND LEVEL","DRY","UNKNOWN","NOT ON SCENE (DESK REPORT)","NO INJURY / DRIVE AWAY",,,"Y","$500 OR LESS","2026-02-11T11:32:00.000","UNABLE TO DETERMINE","UNABLE TO DETERMINE","2636","W","35TH PL","911",,,,,,,"2","NO INDICATION OF INJURY","0","0","0","0","0","2","0","10","4","2","41.8293549483","-87.6913986071","POINT (-87.691398607085 41.829354948337)"
"d3119f42dc3a4316aeb0f828130121564a98e8a742af6819f9ccea78de3f72f400955a06e6e8bd25bf365ab763d9b35ee0904990e5eb6195b0e77f29bfe79b95",,"2026-02-11T10:30:00.000","35","TRAFFIC SIGNAL","FUNCTIONING PROPERLY","CLEAR","DAYLIGHT","TURNING","FOUR WAY",,"STRAIGHT AND LEVEL","DRY","NO DEFECTS","ON SCENE","NO INJURY / DRIVE AWAY","Y",,"N","OVER $1,500","2026-02-11T10:35:00.000","FOLLOWING TOO CLOSELY","NOT APPLICABLE","99","N","JEFFERSON ST","121",,,,,,,"2","NO INDICATION OF INJURY","0","0","0","0","0","2","0","10","4","2","41.8831072333","-87.6425513957","POINT (-87.642551395723 41.883107233251)"
"269e960e27939965a2251a331175d43b62497073cb622492aca3206be75ee5a8d3e7d46c2f5de0b47b4ebde4584185834b36d11210be4673bde57e53e8736b2a",,"2026-02-11T10:24:00.000","30","TRAFFIC SIGNAL","FUNCTIONING PROPERLY","CLEAR","DAYLIGHT","REAR END","DIVIDED - W/MEDIAN BARRIER",,"STRAIGHT AND LEVEL","DRY","NO DEFECTS","ON SCENE","NO INJURY / DRIVE AWAY",,,,"OVER $1,500","2026-02-11T10:30:00.000","FOLLOWING TOO CLOSELY","NOT APPLICABLE","2733","N","WESTERN AVE","1432",,,,,,,"2","NO INDICATION OF INJURY","0","0","0","0","0","2","0","10","4","2","41.9313862353","-87.6877311647","POINT (-87.687731164743 41.931386235291)"
"6e498556ad5e5c23f3d8292adf9a5a727c130510050709cf365a12d98c385e4903342e0e718799c736c0e89ddc11b4a1634c2639b6a491fbe97c8a523c82c30b",,"2026-02-11T10:20:00.000","40","TRAFFIC SIGNAL","FUNCTIONING PROPERLY","CLEAR","DAYLIGHT","SIDESWIPE SAME DIRECTION","DIVIDED - W/MEDIAN BARRIER",,"STRAIGHT AND LEVEL","DRY","NO DEFECTS","ON SCENE","NO INJURY / DRIVE AWAY","N",,,"OVER $1,500","2026-02-11T10:25:00.000","IMPROPER OVERTAKING/PASSING","NOT APPLICABLE","1400","S","LAKE SHORE DR NB","132",,,,,,,"2","NO INDICATION OF INJURY","0","0","0","0","0","2","0","10","4","2","41.8640356398","-87.6192970692","POINT (-87.619297069192 41.864035639814)"
"c7a3ca00181bf4d37942c42dc295055ebd53ba879a0aaac85b4a9ac966229a83fd8bcb4a628e1d8c4151e65c02c27df74bbebeff5e0243ec2047dfc7f0fe4e9f",,"2026-02-11T10:15:00.000","30","TRAFFIC SIGNAL","FUNCTIONING PROPERLY","CLEAR","DAYLIGHT","PEDESTRIAN","FOUR WAY",,"STRAIGHT AND LEVEL","DRY","NO DEFECTS","ON SCENE","INJURY AND / OR TOW DUE TO CRASH","Y",,,"OVER $1,500","2026-02-11T10:20:00.000","UNABLE TO DETERMINE","UNABLE TO DETERMINE","4200","W","26TH ST","1013",,,,,,,"2","REPORTED, NOT EVIDENT","1","0","0","0","1","2","0","10","4","2","41.8442941116","-87.7294758413","POINT (-87.729475841305 41.844294111635)"
"a66ef8df97ab600ebe3e035807c35be7719746d5a87de582550d4535e09bbb4be839422a51395a20b0e7b0ae5b350b830fa5825273a9f7571420bbf44f406a71",,"2026-02-11T10:11:00.000","30","NO CONTROLS","NO CONTROLS","CLEAR","DAYLIGHT","SIDESWIPE SAME DIRECTION","NOT DIVIDED",,"STRAIGHT AND LEVEL","DRY","NO DEFECTS","ON SCENE","NO INJURY / DRIVE AWAY",,,,"OVER $1,500","2026-02-11T10:12:00.000","UNABLE TO DETERMINE","UNABLE TO DETERMINE","4538","N","CENTRAL PARK AVE","1723",,,,,,,"2","NO INDICATION OF INJURY","0","0","0","0","0","2","0","10","4","2","41.9640517757","-87.7182724671","POINT (-87.718272467143 41.964051775721)"
"042153f61e7db7aeff76d6ac02c401e0e19351de4f7f44ad6457d23c549270e75ece7ec2a6cb9580c40df22c8caa20d10236c8e1e970f5d3e3e9e46083e1d0a4",,"2026-02-11T10:10:00.000","35","UNKNOWN","UNKNOWN","UNKNOWN","UNKNOWN","REAR END","UNKNOWN",,"STRAIGHT AND LEVEL","UNKNOWN","UNKNOWN","NOT ON SCENE (DESK REPORT)","NO INJURY / DRIVE AWAY",,,,"$500 OR LESS","2026-02-11T10:20:00.000","UNABLE TO DETERMINE","NOT APPLICABLE","9501","S","STONY ISLAND AVE","431",,,,,,,"2","NO INDICATION OF INJURY","0","0","0","0","0","3","0","10","4","2","41.722243815","-87.5849691185","POINT (-87.584969118484 41.722243814964)"
"f0c078f789d758ba89b98d93e8102e447b0a9f76964f6248714699b0def5c16bf44a18e61d9709533ea530a6b07722085a0c80780a74fd28de4a97ae8ebb1984",,"2026-02-11T10:10:00.000","30","NO CONTROLS","NO CONTROLS","CLEAR","DAYLIGHT","FIXED OBJECT","PARKING LOT",,"STRAIGHT AND LEVEL","UNKNOWN","UNKNOWN","NOT ON SCENE (DESK REPORT)","NO INJURY / DRIVE AWAY",,"Y",,"OVER $1,500","2026-02-11T10:43:00.000","UNABLE TO DETERMINE","UNABLE TO DETERMINE","4824","W","BELMONT AVE","1634",,,,,,,"1","NO INDICATION OF INJURY","0","0","0","0","0","1","0","10","4","2","41.938923843","-87.7479184028","POINT (-87.747918402798 41.93892384297)"