"crash_record_id","crash_date_est_i","crash_date","posted_speed_limit","traffic_control_device","device_condition","weather_condition","lighting_condition","first_crash_type","trafficway_type","lane_cnt","alignment","roadway_surface_cond","road_defect","report_type","crash_type","intersection_related_i","private_property_i","hit_and_run_i","damage","date_police_notified","prim_contributory_cause","sec_contributory_cause","street_no","street_direction","street_name","beat_of_occurrence","photos_taken_i","statements_taken_i","dooring_i","work_zone_i","work_zone_type","workers_present_i","num_units","most_severe_injury","injuries_total","injuries_fatal","injuries_incapacitating","injuries_non_incapacitating","injuries_reported_not_evident","injuries_no_indication","injuries_unknown","crash_hour","crash_day_of_week","crash_month","latitude","longitude","location"
"b7e198dcb474fe7c7a9aefcfcf7900bc41ddffe99c4d12aeb79aca370ad8fbcc6f95af3286b0a36e689fc2eac9d5fcb5f06ddf08293bc22a4c4216f50f59db8c",,"2026-02-11T10:06:00.000","30","NO CONTROLS","NO CONTROLS","CLEAR","DAYLIGHT","ANGLE","NOT DIVIDED",,"STRAIGHT AND LEVEL","DRY","UNKNOWN","ON SCENE","INJURY AND / OR TOW DUE TO CRASH",,,,"OVER $1,500","2026-02-11T10:07:00.000","FAILING TO YIELD RIGHT-OF-WAY","FAILING TO YIELD RIGHT-OF-WAY","1159","E","61ST ST","314",,,,,,,"4","REPORTED, NOT EVIDENT","1","0","0","0","1","1","0","10","4","2","41.7840469791","-87.5972248842","POINT (-87.597224884182 41.784046979079)"
"259323d722be14a9ef65ff9acfebe14c179e0e880fda2c3ff9651e3325c00bf74efe6de046e82d7449ecb25eb1aab9e3988fd841984068df43724a1169795362",,"2026-02-11T10:00:00.000","30","NO CONTROLS","NO CONTROLS","CLEAR","DAYLIGHT","SIDESWIPE SAME DIRECTION","NOT DIVIDED",,"STRAIGHT AND LEVEL","DRY","UNKNOWN","NOT ON SCENE (DESK REPORT)","NO INJURY / DRIVE AWAY",,,,"OVER $1,500","2026-02-12T14:28:00.000","IMPROPER OVERTAKING/PASSING","NOT APPLICABLE","800","W","GRAND AVE","1214",,,,,,,"2","NO INDICATION OF INJURY","0","0","0","0","0","2","0","10","4","2","41.891293713","-87.647680593","POINT (-87.647680593026 41.891293712961)"
"54fee55cb69430f8ce6115379c3c8586097241d64d8b229d58198f4b71d0976fe5e97ebde0bc18c029c2e147f4933fc80172cb1dde43eb8ece494f34b6475cd7",,"2026-02-11T10:00:00.000","10","NO CONTROLS","NO CONTROLS","CLEAR","DAYLIGHT","OTHER OBJECT","ALLEY",,"STRAIGHT AND LEVEL","DRY","NO DEFECTS","NOT ON SCENE (DESK REPORT)","NO INJURY / DRIVE AWAY",,,"Y","OVER $1,500","2026-02-12T11:55:00.000","UNABLE TO DETERMINE","UNABLE TO DETERMINE","853","N","LARRABEE ST","1823",,,,,,,"2","NO INDICATION OF INJURY","0","0","0","0","0","1","0","10","4","2","41.8980354476","-87.6428453892","POINT (-87.642845389242 41.898035447573)"
"fcaed0f631fd43f265c73592df811be08341aa48a158501e123c0f81e2509d3b05c8f5c356ec6c13a0af5f8b0fb98590fca63b371fc93adedb61fcab71fbbba2",,"2026-02-11T10:00:00.000","30","NO CONTROLS","NO CONTROLS","CLEAR","DAYLIGHT","TURNING","DIVIDED - W/MEDIAN (NOT RAISED)",,"STRAIGHT AND LEVEL","DRY","NO DEFECTS","NOT ON SCENE (DESK REPORT)","NO INJURY / DRIVE AWAY",,,,"$501 - $1,500","2026-02-11T10:30:00.000","FAILING TO YIELD RIGHT-OF-WAY","RELATED TO BUS STOP","2411","N","KOSTNER AVE","2524",,,,,,,"2","NO INDICATION OF INJURY","0","0","0","0","0","2","0","10","4","2","41.924742431","-87.7364451736","POINT (-87.736445173643 41.924742431007)"
"04087242c8e22569e2da7e43aacd7d500b52d4372278901776ee341bf62a3b0832596c80b6f92c42e8bb7f4d0cbf14f1c8b2376dabed929ac7ab940bbf6131b9",,"2026-02-11T09:59:00.000","30","NO CONTROLS","NO CONTROLS","CLEAR","DAYLIGHT","REAR END","ONE-WAY",,"STRAIGHT AND LEVEL","DRY","NO DEFECTS","ON SCENE","NO INJURY / DRIVE AWAY",,,,"$501 - $1,500","2026-02-11T10:21:00.000","FOLLOWING TOO CLOSELY","OPERATING VEHICLE IN ERRATIC, RECKLESS, CARELESS, NEGLIGENT OR AGGRESSIVE MANNER","1425","W","JUNEWAY TER","2422",,,,,,,"2","NO INDICATION OF INJURY","0","0","0","0","0","3","0","9","4","2","42.0221309057","-87.6679015385","POINT (-87.667901538512 42.022130905726)"
"0f39dac0a6a2a8fc526700572faaafb4070d632ada1b125a647297234c95e61a68f2a387af66b5594ee3b133197f301cbc747a6fcd4ab5932af726ff4ddc15aa",,"2026-02-11T09:58:00.000","30","NO CONTROLS","NO CONTROLS","CLEAR","DAYLIGHT","PARKED MOTOR VEHICLE","DIVIDED - W/MEDIAN (NOT RAISED)",,"STRAIGHT AND LEVEL","DRY","NO DEFECTS","ON SCENE","INJURY AND / OR TOW DUE TO CRASH",,,,"OVER $1,500","2026-02-11T10:00:00.000","IMPROPER LANE USAGE","NOT APPLICABLE","601","E","115TH ST","532",,,,,,,"2","REPORTED, NOT EVIDENT","1","0","0","0","1","1","0","9","4","2","41.6853616537","-87.6082037768","POINT (-87.60820377681 41.685361653682)"
"580ecdfbcfd292d659b4320f98dbd800d4878259299cad86ea250eb37a24792520e21b39d8ce74f8890e0899b8c3ee682ce2cbdce1ffb8735d0e5959a716e0dd",,"2026-02-11T09:58:00.000","30","NO CONTROLS","NO CONTROLS","CLEAR","DAYLIGHT","PARKED MOTOR VEHICLE","NOT DIVIDED",,"STRAIGHT AND LEVEL","DRY","NO DEFECTS","NOT ON SCENE (DESK REPORT)","NO INJURY / DRIVE AWAY",,,,"OVER $1,500","2026-02-11T11:30:00.000","UNABLE TO DETERMINE","NOT APPLICABLE","66","W","OAK ST","1824",,,,,,,"2","NO INDICATION OF INJURY","0","0","0","0","0","1","0","9","4","2","41.9006702853","-87.6308416959","POINT (-87.630841695886 41.900670285306)"
"e601bcd8ae03e2cc4041e671df15c53ece4370a27ca8203c2f49f4d0d4aeb15d9a305a84e81c59331014334c9ad181966d81e8416fcfc5ac8f35567308311b45",,"2026-02-11T09:54:00.000","30","NO CONTROLS","NO CONTROLS","CLEAR","DAYLIGHT","REAR TO SIDE","NOT DIVIDED",,"STRAIGHT AND LEVEL","DRY","NO DEFECTS","ON SCENE","NO INJURY / DRIVE AWAY",,,,"$501 - $1,500","2026-02-11T09:56:00.000","VISION OBSCURED (SIGNS, TREE LIMBS, BUILDINGS, ETC.)","NOT APPLICABLE","4098","N","RAVENSWOOD AVE","1912",,,,,,,"2","NO INDICATION OF INJURY","0","0","0","0","0","2","0","9","4","2","41.9559998355","-87.6744113385","POINT (-87.674411338529 41.955999835514)"
"574d5337a3e60a34bec0af934a0f0f0dc68129ae5749a583a2fce8eba2632618beeaa081e8cb1e93f112dac9641222d55b8be4f6ac1eb8a2d0162865303c814a",,"2026-02-11T09:53:00.000","30","NO CONTROLS","NO CONTROLS","CLEAR","DAYLIGHT","SIDESWIPE SAME DIRECTION","NOT DIVIDED",,"STRAIGHT AND LEVEL","DRY","NO DEFECTS","NOT ON SCENE (DESK REPORT)","NO INJURY / DRIVE AWAY",,,"Y","OVER $1,500","2026-02-11T12:10:00.000","UNABLE TO DETERMINE","NOT APPLICABLE","1800","W","TAYLOR ST","1231",,,,,,,"2","NO INDICATION OF INJURY","0","0","0","0","0","2","0","9","4","2","41.8693027853","-87.6715308919","POINT (-87.671530891933 41.86930278531)"
"2cf5f5d47c9de65d7c2d86f4f2b1ec22604eadaed9c2ebb16f75907e478ab0e16488caacaecf44bb73f0bfb54fa51702bb716e35ff00ad8cf99122d651f204ba",,"2026-02-11T09:45:00.000","30","NO CONTROLS","NO CONTROLS","CLEAR","DAYLIGHT","SIDESWIPE SAME DIRECTION","ONE-WAY",,"STRAIGHT AND LEVEL","UNKNOWN","UNKNOWN","NOT ON SCENE (DESK REPORT)","NO INJURY / DRIVE AWAY",,,,"OVER $1,500","2026-02-11T13:30:00.000","FAILING TO YIELD RIGHT-OF-WAY","NOT APPLICABLE","8","W","ERIE ST","1832",,,,,,,"2","NO INDICATION OF INJURY","0","0","0","0","0","2","0","9","4","2","41.8941763","-87.6284672651","POINT (-87.628467265075 41.894176300048)"
"38ccc6832292b6c16c7d3bf7aad749bb5d43feb99d72a162ab060cd187242d35855b20f7ecc35e25bd637b9be93a952a0e04bd8441a086a9acb26f3044d03140",,"2026-02-11T09:45:00.000","5","OTHER","FUNCTIONING PROPERLY","CLEAR","DAYLIGHT","FIXED OBJECT","PARKING LOT",,"STRAIGHT AND LEVEL","DRY","NO DEFECTS","ON SCENE","NO INJURY / DRIVE AWAY",,"Y",,"$500 OR LESS","2026-02-11T10:06:00.000","DRIVING SKILLS/KNOWLEDGE/EXPERIENCE","DRIVING SKILLS/KNOWLEDGE/EXPERIENCE","9901","S","DR MARTIN LUTHER KING JR DR","511",,,,,,,"1","NO INDICATION OF INJURY","0","0","0","0","0","2","0","9","4","2","41.7145740319","-87.6138305262","POINT (-87.613830526229 41.714574031879)"
"9ecf1b2e79e09c7dde733f5e8bf48ffe075d2d44505eb1bf5924c5241fe768ba7c5e5d270b71bc50d9f9268423f30bfc25177a3b09d6d666be1e317a18e46072",,"2026-02-11T09:45:00.000","20","NO CONTROLS","UNKNOWN","CLEAR","DAYLIGHT","SIDESWIPE SAME DIRECTION","DIVIDED - W/MEDIAN (NOT RAISED)",,"STRAIGHT AND LEVEL","DRY","UNKNOWN","ON SCENE","NO INJURY / DRIVE AWAY",,,,"$501 - $1,500","2026-02-11T09:47:00.000","UNABLE TO DETERMINE","UNABLE TO DETERMINE","2000","E","130TH ST","434",,,,,,,"2","NO INDICATION OF INJURY","0","0","0","0","0","2","0","9","4","2","41.6593145135","-87.5750942663","POINT (-87.575094266253 41.659314513521)"
"a3201201c5c5bb0fef9ab1bc821fc89fe45a6b907bb6b7832a62f424ff2fcd50828ba54883a9e140636a18d6641f472d54428af10dca44ff3a835dcfff25be07",,"2026-02-11T09:45:00.000","30","TRAFFIC SIGNAL","UNKNOWN","CLEAR","DAYLIGHT","SIDESWIPE SAME DIRECTION","FOUR WAY",,"STRAIGHT AND LEVEL","DRY","UNKNOWN","NOT ON SCENE (DESK REPORT)","NO INJURY / DRIVE AWAY","Y",,,"OVER $1,500","2026-02-11T09:55:00.000","UNABLE TO DETERMINE","UNABLE TO DETERMINE","3754","W","IRVING PARK RD","1723",,,,,,,"2","NO INDICATION OF INJURY","0","0","0","0","0","2","0","9","4","2","41.9538377896","-87.7224940574","POINT (-87.722494057353 41.953837789556)"
"f3c11dbd741d110e219961f73a56bfc4552603c5174454feb81edf943993518fda3dbd9ecf36b5849610551366475b18e94c28e423c6d28e38abc9796f477c0a",,"2026-02-11T09:45:00.000","30","TRAFFIC SIGNAL","FUNCTIONING PROPERLY","CLEAR","DAYLIGHT","PEDESTRIAN","FOUR WAY",,"STRAIGHT AND LEVEL","DRY","NO DEFECTS","ON SCENE","INJURY AND / OR TOW DUE TO CRASH",,,"Y","$500 OR LESS","2026-02-11T09:47:00.000","UNABLE TO DETERMINE","UNABLE TO DETERMINE","1258","W","95TH ST","2222",,"Y",,"Y","UNKNOWN","Y","2","NONINCAPACITATING INJURY","1","0","0","1","0","1","0","9","4","2","41.7214191796","-87.6553248608","POINT (-87.655324860773 41.72141917962)"
"86b26066d7ba04a9406a464ec8f99ede6719da664ef681ab895d56c426b778591d047b6d42b3b4855b4de962d8c25cd6a4b2a433e20fe09f9294a3878166dcea",,"2026-02-11T09:37:00.000","30","TRAFFIC SIGNAL","FUNCTIONING PROPERLY","CLEAR","DAYLIGHT","REAR END","NOT DIVIDED",,"STRAIGHT AND LEVEL","DRY","NO DEFECTS","ON SCENE","INJURY AND / OR TOW DUE TO CRASH",,,,"OVER $1,500","2026-02-11T09:37:00.000","FOLLOWING TOO CLOSELY","NOT APPLICABLE","3325","S","DAMEN AVE","912",,,,,,,"2","NO INDICATION OF INJURY","0","0","0","0","0","2","0","9","4","2","41.8332785901","-87.6752066382","POINT (-87.675206638177 41.833278590138)"
"6739f98240bed10bd530e220df4e3a1233715959c609863dc2e84db963ff45753970975a4a4144a52271511777460364066dc72938281139e39d1c743488d17b",,"2026-02-11T09:32:00.000","30","NO CONTROLS","NO CONTROLS","CLEAR","DAYLIGHT","REAR END","NOT DIVIDED",,"STRAIGHT AND LEVEL","DRY","NO DEFECTS","ON SCENE","NO INJURY / DRIVE AWAY",,,"Y","OVER $1,500","2026-02-11T09:45:00.000","FOLLOWING TOO CLOSELY","DRIVING SKILLS/KNOWLEDGE/EXPERIENCE","1211","N","DAMEN AVE","1424",,,,,,,"2","NO INDICATION OF INJURY","0","0","0","0","0","2","0","9","4","2","41.9035889405","-87.6771224157","POINT (-87.677122415711 41.90358894051)"
"661fb54f7ad6f5329d5af3448890fb9111d3af08b3f70a955773b43796699bd2cfbe97260ec7042f17c4a2286ffee9fad5b31d1e57b09255beae5495a7629250",,"2026-02-11T09:30:00.000","15","NO CONTROLS","NO CONTROLS","CLEAR","DAYLIGHT","OTHER NONCOLLISION","NOT DIVIDED",,"STRAIGHT AND LEVEL","DRY","NO DEFECTS","NOT ON SCENE (DESK REPORT)","NO INJURY / DRIVE AWAY",,"Y",,"OVER $1,500","2026-02-11T20:30:00.000","UNABLE TO DETERMINE","UNABLE TO DETERMINE","4557","N","LOWELL AVE","1722",,,,,,,"2","NO INDICATION OF INJURY","0","0","0","0","0","2","0","9","4","2","41.964345646","-87.736963106","POINT (-87.736963105965 41.964345645991)"
"8236f95e737a8bef517a1698a478cc860c0a854bd9fb4add1df186ffc5f967e675f638695d775446bfab15f7738cc732b2e2c224d1f6406fb0b040724884534f",,"2026-02-11T09:30:00.000","30","NO CONTROLS","NO CONTROLS","CLEAR","DAYLIGHT","PARKED MOTOR VEHICLE","NOT DIVIDED",,"STRAIGHT AND LEVEL","DRY","NO DEFECTS","NOT ON SCENE (DESK REPORT)","NO INJURY / DRIVE AWAY",,,"Y","OVER $1,500","2026-02-11T12:41:00.000","UNABLE TO DETERMINE","NOT APPLICABLE","1500","S","RIDGEWAY AVE","1014",,,,,,,"2","NO INDICATION OF INJURY","0","0","0","0","0","1","0","9","4","2","41.8606684488","-87.7190616173","POINT (-87.719061617267 41.860668448774)"
"85470d624cc81c57b91508b0845198a77dc654faedf16452172ea692b4618a78b9b9c8e7d6927085db174e53df1cb9bb2c8fc614ad944697c4d2d12d1c253b62",,"2026-02-11T09:23:00.000","30","NO CONTROLS","NO CONTROLS","CLEAR","DAYLIGHT","TURNING","CENTER TURN LANE",,"STRAIGHT AND LEVEL","DRY","NO DEFECTS","ON SCENE","NO INJURY / DRIVE AWAY",,,,"OVER $1,500","2026-02-11T09:24:00.000","NOT APPLICABLE","NOT APPLICABLE","5610","N","MILWAUKEE AVE","1622",,,,,,,"2","NO INDICATION OF INJURY","0","0","0","0","0","3","0","9","4","2","41.9832507705","-87.7748339907","POINT (-87.774833990731 41.983250770525)"
"258621b26f89fc9462f2996c71814e922050b1868a51423a8edab8598b269a84480da3803e05c68d9adc7eae8c9522a9335cbf898edf694d8d9d7acac2345201",,"2026-02-11T09:15:00.000","30","TRAFFIC SIGNAL","FUNCTIONING PROPERLY","CLEAR","DAYLIGHT","TURNING","FOUR WAY",,"STRAIGHT AND LEVEL","DRY","NO DEFECTS","NOT ON SCENE (DESK REPORT)","INJURY AND / OR TOW DUE TO CRASH","Y",,,"OVER $1,500","2026-02-11T09:27:00.000","UNABLE TO DETERMINE","IMPROPER BACKING","8700","S","HALSTED ST","2223",,,,,,,"2","REPORTED, NOT EVIDENT","1","0","0","0","1","1","0","9","4","2","41.7357852665","-87.6437588296","POINT (-87.643758829628 41.735785266472)"
"b5af94e71185f3d86c69e7127ae81e86e36107a6f2057e90899d97071baf45d44ad0c9fc5b3415f30f9a8002bf8fc6bf4f94a4bc922b6762988d5e32dc496214","Y","2026-02-11T09:04:00.000","30","NO CONTROLS","NO CONTROLS","CLEAR","DAYLIGHT","SIDESWIPE SAME DIRECTION","DIVIDED - W/MEDIAN (NOT RAISED)",,"STRAIGHT AND LEVEL","DRY","NO DEFECTS","NOT ON SCENE (DESK REPORT)","NO INJURY / DRIVE AWAY",,,,"$501 - $1,500","2026-02-11T12:00:00.000","UNABLE TO DETERMINE","IMPROPER LANE USAGE","6335","S","ASHLAND AVE","725",,,,,,,"2","NO INDICATION OF INJURY","0","0","0","0","0","2","0","9","4","2","41.7784214466","-87.6640450979","POINT (-87.664045097873 41.778421446631)"
"34cfde73c5d1f62b468631a4be57d7cde789a990948a08d1c814788dceb854589be83e80c40af42e6d74000cdc54d7d0c77f0c75b385348f50535ba2fb1dada1",,"2026-02-11T09:03:00.000","15","NO CONTROLS","NO CONTROLS","CLEAR","DAYLIGHT","SIDESWIPE SAME DIRECTION","ALLEY",,"STRAIGHT AND LEVEL","DRY","NO DEFECTS","ON SCENE","NO INJURY / DRIVE AWAY",,,,"$500 OR LESS","2026-02-11T09:05:00.000","IMPROPER OVERTAKING/PASSING","NOT APPLICABLE","7027","N","RAVENSWOOD AVE","2424",,,,,,,"2","NO INDICATION OF INJURY","0","0","0","0","0","4","0","9","4","2","42.0098239296","-87.6751965117","POINT (-87.675196511664 42.009823929615)"
"eab50da38a723fe186e11661102242763bf72601959509158f37c5fad99d0bdd65ee74933007d16096fd6e12b9e5ce78e47982885224f24acd164fa0e8d1e50f",,"2026-02-11T09:02:00.000","30","NO CONTROLS","NO CONTROLS","CLEAR","DAYLIGHT","ANGLE","ONE-WAY",,"STRAIGHT AND LEVEL","DRY","NO DEFECTS","ON SCENE","NO INJURY / DRIVE AWAY",,,,"OVER $1,500","2026-02-11T09:02:00.000","FAILING TO YIELD RIGHT-OF-WAY","DRIVING SKILLS/KNOWLEDGE/EXPERIENCE","70","E","MADISON ST","112",,"N",,,,,"2","NO INDICATION OF INJURY","0","0","0","0","0","2","0","9","4","2","41.882206796","-87.6252913177","POINT (-87.625291317727 41.882206795974)"
"2a339cf1d9e731b386553e527d305b3fa086112d50fa6af2e930a2340b02eb378b254589c74bee618666c29e46ce29c383ef4608fbee4fd876ddf07a054787a8","Y","2026-02-11T09:00:00.000","30","NO CONTROLS","NO CONTROLS","UNKNOWN","UNKNOWN","PARKED MOTOR VEHICLE","NOT DIVIDED",,"STRAIGHT AND LEVEL","UNKNOWN","UNKNOWN","NOT ON SCENE (DESK REPORT)","NO INJURY / DRIVE AWAY",,,"Y","$501 - $1,500","2026-02-11T16:10:00.000","UNABLE TO DETERMINE","NOT APPLICABLE","1038","W","ARMITAGE AVE","1811",,,,,,,"2","NO INDICATION OF INJURY","0","0","0","0","0","1","0","9","4","2","41.9181955063","-87.6548068343","POINT (-87.654806834298 41.918195506273)"
"2df8f28a5d9eee59442a9fd2ba22e61de1ee5743e462eb1994e148e40953b89b348d8a67fa8c06ef1651f724f847da8642155248c729765b17a47ac2ed6b2f4f",,"2026-02-11T08:53:00.000","30","TRAFFIC SIGNAL","FUNCTIONING PROPERLY","CLEAR","DAYLIGHT","TURNING","FOUR WAY",,"STRAIGHT AND LEVEL","DRY","NO DEFECTS","ON SCENE","NO INJURY / DRIVE AWAY","Y",,,"$501 - $1,500","2026-02-11T08:54:00.000","IMPROPER LANE USAGE","NOT APPLICABLE","298","S","COLUMBUS DR","114",,,,,,,"2","NO INDICATION OF INJURY","0","0","0","0","0","2","0","8","4","2","41.8783843055","-87.6208316342","POINT (-87.620831634157 41.87838430551)"
"b9b52b0f0e50496f3050122c31d5d97676177d4198ff136025f373fc3d24d504f2dc72e6fe1254b1083491868878a9125352cc55a3940aee683e8b7400824d48",,"2026-02-11T08:52:00.000","30","TRAFFIC SIGNAL","FUNCTIONING PROPERLY","CLEAR","DAYLIGHT","SIDESWIPE SAME DIRECTION","TRAFFIC ROUTE",,"STRAIGHT AND LEVEL","DRY","NO DEFECTS","NOT ON SCENE (DESK REPORT)","NO INJURY / DRIVE AWAY","Y",,"Y","OVER $1,500","2026-02-11T10:00:00.000","UNABLE TO DETERMINE","UNABLE TO DETERMINE","201","N","SACRAMENTO BLVD","1222",,,,,,,"2","NO INDICATION OF INJURY","0","0","0","0","0","2","0","8","4","2","41.8841468158","-87.7011461721","POINT (-87.701146172133 41.884146815834)"
"48f0416dc94e3a5f4842c62adb9d53d7b570f10c47bc4f7d1b20809171cf5c821df7ab5c465c39e2034540c9a5850075387e3757fd468b21084c75dd29e39f1c",,"2026-02-11T08:50:00.000","30","TRAFFIC SIGNAL","FUNCTIONING PROPERLY","CLEAR","DAYLIGHT","SIDESWIPE SAME DIRECTION","FOUR WAY",,"STRAIGHT AND LEVEL","DRY","NO DEFECTS","NOT ON SCENE (DESK REPORT)","NO INJURY / DRIVE AWAY","Y",,,"$500 OR LESS","2026-02-11T12:15:00.000","IMPROPER LANE USAGE","IMPROPER LANE USAGE","2140","S","KOSTNER AVE","1012",,,,,,,"2","NO INDICATION OF INJURY","0","0","0","0","0","2","0","8","4","2","41.8519891309","-87.7346664673","POINT (-87.734666467296 41.85198913088)"
"64a60a13f2b031f022622bbff947c7034f4f8b3742365cb31284037ea3369e526a469c48f298434525defdfd07e5cb76afe56958b2ce93104a2b3f2534ac0266",,"2026-02-11T08:47:00.000","30","STOP SIGN/FLASHER","NO CONTROLS","CLEAR","DAYLIGHT","TURNING","NOT DIVIDED",,"STRAIGHT AND LEVEL","DRY","NO DEFECTS","ON SCENE","NO INJURY / DRIVE AWAY","Y",,,"OVER $1,500","2026-02-11T08:47:00.000","NOT APPLICABLE","NOT APPLICABLE","3801","S","KEDZIE AVE","911",,,,,,,"2","NO INDICATION OF INJURY","0","0","0","0","0","2","0","8","4","2","41.8243609744","-87.704300216","POINT (-87.704300215991 41.824360974434)"
"39f4affb1d81253e51e79ea5216aa05758137311e6650cb2ee83d59884bdefc92f3509663dcb24a7458b31c0b41e585f20cc3d875260d330031ee599d5f4ab2b",,"2026-02-11T08:40:00.000","30","STOP SIGN/FLASHER","FUNCTIONING PROPERLY","CLEAR","DAYLIGHT","ANGLE","NOT DIVIDED",,"STRAIGHT AND LEVEL","DRY","NO DEFECTS",,"NO INJURY / DRIVE AWAY",,,,"OVER $1,500","2026-02-12T10:30:00.000","UNABLE TO DETERMINE","UNABLE TO DETERMINE","3700","N","SAWYER AVE","1733",,,,,,,"2","NO INDICATION OF INJURY","0","0","0","0","0","2","0","8","4","2","41.948528557","-87.7092425242","POINT (-87.709242524241 41.948528557047)"
"cf4c30a5b100d2fe3eb4f008abed56a82682abd35c1111ab7e00a193a6def7b721c17960498ee66f252efbe6d35df16bd988a5ed23d97a493e51cf2d6bae7e1a",,"2026-02-11T08:40:00.000","30","STOP SIGN/FLASHER","FUNCTIONING PROPERLY","CLEAR","DAYLIGHT","SIDESWIPE SAME DIRECTION","FOUR WAY",,"STRAIGHT AND LEVEL","DRY","NO DEFECTS","ON SCENE","NO INJURY / DRIVE AWAY","Y",,,"$500 OR LESS","2026-02-11T08:54:00.000","DRIVING SKILLS/KNOWLEDGE/EXPERIENCE","NOT APPLICABLE","7306","N","ROGERS AVE","2424",,,,,,,"2","NO INDICATION OF INJURY","0","0","0","0","0","2","0","8","4","2","42.0139031271","-87.6800302216","POINT (-87.680030221613 42.013903127072)"
"2ce69047ee41af141c41ec41381b08d2c5af6b131b53c7930d38dc752ed348809fc8d9e0b573dcd7e033c98ee9551d662f26b6251580c01939f06f04dcf5d3f3",,"2026-02-11T08:32:00.000","20","TRAFFIC SIGNAL","FUNCTIONING PROPERLY","CLEAR","DAYLIGHT","PEDESTRIAN","ONE-WAY",,"STRAIGHT AND LEVEL","UNKNOWN","UNKNOWN","ON SCENE","INJURY AND / OR TOW DUE TO CRASH","Y",,,"$501 - $1,500","2026-02-11T08:38:00.000","FAILING TO REDUCE SPEED TO AVOID CRASH","UNABLE TO DETERMINE","1354","W","JACKSON BLVD","1231",,"Y",,,,,"2","INCAPACITATING INJURY","1","0","1","0","0","2","0","8","4","2","41.8778254132","-87.6616165791","POINT (-87.66161657906 41.877825413217)"
"6ee550fab46797a2fad6f021e5ab05b7ff12e017e4524def74d610b8862681c829bbdb0dafce21194ff2c148921f0e5ca3b4eb13f49df9e88f129901b9ae89ac",,"2026-02-11T08:30:00.000","30","NO CONTROLS","NO CONTROLS","CLEAR","DAYLIGHT","PARKED MOTOR VEHICLE","NOT DIVIDED",,"STRAIGHT AND LEVEL","DRY","NO DEFECTS","ON SCENE","NO INJURY / DRIVE AWAY",,,,"OVER $1,500","2026-02-11T08:45:00.000","DRIVING SKILLS/KNOWLEDGE/EXPERIENCE","DRIVING SKILLS/KNOWLEDGE/EXPERIENCE","2671","S","ELEANOR ST","913",,,,,,,"2","NO INDICATION OF INJURY","0","0","0","0","0","1","0","8","4","2","41.8446171801","-87.6599612435","POINT (-87.659961243482 41.844617180085)"
"b845924a1c586aa352ac2235f667a9d64cf074a7f088d4d54240db7509193581a13bd7e3a11eff74b2db53d8b377530859a60e9390eb54e92d116472f46facb0",,"2026-02-11T08:30:00.000","30","TRAFFIC SIGNAL","FUNCTIONING PROPERLY","CLEAR","DAYLIGHT","TURNING","FOUR WAY",,"STRAIGHT AND LEVEL","DRY","NO DEFECTS","ON SCENE","INJURY AND / OR TOW DUE TO CRASH","Y",,,"OVER $1,500","2026-02-11T08:33:00.000","UNABLE TO DETERMINE","NOT APPLICABLE","400","E","35TH ST","211",,,,,,,"2","NONINCAPACITATING INJURY","1","0","0","1","0","3","0","8","4","2","41.8312431125","-87.6169405356","POINT (-87.616940535573 41.831243112549)"
"d26073bc5952186eddc08dbfc6c71883409b5bf5ebee4a52430a33143ba661c45080c11f2bfb2201ffbe524dd671f52648507e0f8fd1051e28b17543a73d153c",,"2026-02-11T08:30:00.000","30","NO CONTROLS","NO CONTROLS","CLEAR","DAYLIGHT","ANGLE","NOT DIVIDED",,"STRAIGHT AND LEVEL","DRY","NO DEFECTS","ON SCENE","NO INJURY / DRIVE AWAY",,,,"$501 - $1,500","2026-02-11T08:34:00.000","UNABLE TO DETERMINE","UNABLE TO DETERMINE","1548","W","MARQUETTE RD","725",,,,,,,"2","NO INDICATION OF INJURY","0","0","0","0","0","2","0","8","4","2","41.7723096322","-87.6635403242","POINT (-87.663540324241 41.772309632243)"
"d0df07b23d567e9a3021b06c16845998b64f586d71b6ff74cc52c32cad797f1d9791efc67e42642d82219f5a178253cf058ef51ed732e647249e85718cb951b1",,"2026-02-11T08:21:00.000","30","TRAFFIC SIGNAL","FUNCTIONING PROPERLY","CLEAR","DAYLIGHT","REAR END","DIVIDED - W/MEDIAN BARRIER",,"STRAIGHT AND LEVEL","DRY","NO DEFECTS","ON SCENE","NO INJURY / DRIVE AWAY","Y",,,"$501 - $1,500","2026-02-11T08:28:00.000","FOLLOWING TOO CLOSELY","DISTRACTION - FROM INSIDE VEHICLE","2001","W","GARFIELD BLVD","715",,,,,,,"2","NO INDICATION OF INJURY","0","0","0","0","0","2","0","8","4","2","41.7934462595","-87.6743464583","POINT (-87.674346458333 41.793446259528)"
"155dab8e693d57119bcaaf000bcc0453e8df913776e0b55d7fd50c4d5e41ceaa4a242a53bc6cfe519f44a1bfdbd789ff20c2152b1342436df9993141b155b465",,"2026-02-11T08:20:00.000","20","NO CONTROLS","NO CONTROLS","CLEAR","DAYLIGHT","PARKED MOTOR VEHICLE","DIVIDED - W/MEDIAN (NOT RAISED)",,"STRAIGHT AND LEVEL","DRY","UNKNOWN","NOT ON SCENE (DESK REPORT)","NO INJURY / DRIVE AWAY",,,"Y","$501 - $1,500","2026-02-12T13:56:00.000","UNABLE TO DETERMINE","UNABLE TO DETERMINE","4809","N","FAIRFIELD AVE","2031",,,,,,,"2","NO INDICATION OF INJURY","0","0","0","0","0","1","0","8","4","2","41.9688313198","-87.6973291727","POINT (-87.697329172704 41.968831319838)"