"crash_record_id","crash_date_est_i","crash_date","posted_speed_limit","traffic_control_device","device_condition","weather_condition","lighting_condition","first_crash_type","trafficway_type","lane_cnt","alignment","roadway_surface_cond","road_defect","report_type","crash_type","intersection_related_i","private_property_i","hit_and_run_i","damage","date_police_notified","prim_contributory_cause","sec_contributory_cause","street_no","street_direction","street_name","beat_of_occurrence","photos_taken_i","statements_taken_i","dooring_i","work_zone_i","work_zone_type","workers_present_i","num_units","most_severe_injury","injuries_total","injuries_fatal","injuries_incapacitating","injuries_non_incapacitating","injuries_reported_not_evident","injuries_no_indication","injuries_unknown","crash_hour","crash_day_of_week","crash_month","latitude","longitude","location"
"3a6b1fb1bd23ae4fcf8e37f327c5ec2ec0b16e7e723191a93cde0aa96624c83ab06cee62e5ba429255e8e02fb05aa503690ef48eee76282a599ec459357f408c",,"2026-02-11T08:17:00.000","25","NO CONTROLS","NO CONTROLS","CLEAR","DAYLIGHT","SIDESWIPE SAME DIRECTION","ONE-WAY",,"STRAIGHT AND LEVEL","DRY","UNKNOWN","ON SCENE","INJURY AND / OR TOW DUE TO CRASH",,,,"OVER $1,500","2026-02-11T08:20:00.000","OPERATING VEHICLE IN ERRATIC, RECKLESS, CARELESS, NEGLIGENT OR AGGRESSIVE MANNER","DRIVING ON WRONG SIDE/WRONG WAY","1844","S","KILDARE AVE","1012",,,,,,,"2","NO INDICATION OF INJURY","0","0","0","0","0","2","0","8","4","2","41.8556932561","-87.7326840893","POINT (-87.732684089313 41.855693256075)"
"33ec065c2242663f20a6eca32e491076edf7ed33b32f40347b5d1a7796425414097fbd5b08558618991f85836c32c81d07a848c6aa4b966f2849b4cfb11371c8",,"2026-02-11T08:15:00.000","30","TRAFFIC SIGNAL","FUNCTIONING PROPERLY","CLEAR","DAYLIGHT","TURNING","NOT DIVIDED",,"STRAIGHT AND LEVEL","UNKNOWN","UNKNOWN","NOT ON SCENE (DESK REPORT)","INJURY AND / OR TOW DUE TO CRASH","Y",,,"$501 - $1,500","2026-02-11T08:40:00.000","UNABLE TO DETERMINE","UNABLE TO DETERMINE","5500","S","ROCKWELL ST","824",,,,,,,"2","REPORTED, NOT EVIDENT","3","0","0","0","3","0","0","8","4","2","41.7936924021","-87.6890792132","POINT (-87.689079213177 41.79369240212)"
"39da01b737754373ad30f69d960f0b055f0f48486ab5fdc91cbf83910090011c6a676c571a59cd1e7931b95e8c100a90efc8291963f832fc4c9ebc0f3ba1a3e5",,"2026-02-11T08:05:00.000","30","TRAFFIC SIGNAL","FUNCTIONING PROPERLY","CLEAR","DAYLIGHT","SIDESWIPE SAME DIRECTION","NOT DIVIDED",,"STRAIGHT AND LEVEL","DRY","UNKNOWN","NOT ON SCENE (DESK REPORT)","NO INJURY / DRIVE AWAY",,,,"OVER $1,500","2026-02-11T11:20:00.000","IMPROPER OVERTAKING/PASSING","IMPROPER OVERTAKING/PASSING","301","S","COLUMBUS DR","114","Y","Y",,,,,"2","NO INDICATION OF INJURY","0","0","0","0","0","3","0","8","4","2","41.8782699191","-87.620528612","POINT (-87.620528612011 41.87826991907)"
"361479a213c78ab53c32ac1fd8351a144087a104d62af73ec19da00f84a5666b8656b459dddd9b8172c14d57f034c77ab93baaee31a5fd1f927823d228b23239",,"2026-02-11T08:00:00.000","30","NO CONTROLS","NO CONTROLS","CLEAR","DAYLIGHT","SIDESWIPE SAME DIRECTION","NOT DIVIDED",,"STRAIGHT AND LEVEL","UNKNOWN","NO DEFECTS","ON SCENE","NO INJURY / DRIVE AWAY",,,,"$500 OR LESS","2026-02-11T08:30:00.000","UNABLE TO DETERMINE","DRIVING SKILLS/KNOWLEDGE/EXPERIENCE","3800","N","LAKE SHORE DR SB","1925",,,,,,,"2","NO INDICATION OF INJURY","0","0","0","0","0","2","0","8","4","2","41.9524104866","-87.6449536365","POINT (-87.644953636539 41.952410486572)"
"3886155a0f39b856b183396aa43adf31ef45e559257761974b7637bbde6dbaed3a5ed8d526125377ededf1876d2ff7070eb81ee51d0e15b5535a32e867128549","Y","2026-02-11T08:00:00.000","30","NO CONTROLS","NO CONTROLS","CLEAR","DAYLIGHT","REAR END","NOT DIVIDED",,"STRAIGHT AND LEVEL","DRY","NO DEFECTS","ON SCENE","NO INJURY / DRIVE AWAY",,,,"OVER $1,500","2026-02-11T08:15:00.000","DRIVING SKILLS/KNOWLEDGE/EXPERIENCE","NOT APPLICABLE","5633","N","CANFIELD AVE","1613",,,,,,,"2","NO INDICATION OF INJURY","0","0","0","0","0","2","0","8","4","2","41.9823046307","-87.8234684136","POINT (-87.823468413634 41.982304630688)"
"48b0e5cf1cb90ee750e6121f03ebd055f79219bba70b78cf98785534c9f5f5cd56d12044cd3f6b104a0d6257698fa578cece0aff7ac3e7b3c55dfcaf818c4c49",,"2026-02-11T08:00:00.000","30","UNKNOWN","UNKNOWN","CLEAR","DAYLIGHT","REAR END","NOT DIVIDED",,"STRAIGHT AND LEVEL","UNKNOWN","UNKNOWN","ON SCENE","INJURY AND / OR TOW DUE TO CRASH",,,,"OVER $1,500","2026-02-11T08:04:00.000","PHYSICAL CONDITION OF DRIVER","PHYSICAL CONDITION OF DRIVER","3324","N","KEDZIE AVE","1733",,,,,,,"2","REPORTED, NOT EVIDENT","1","0","0","0","1","1","0","8","4","2","41.9417518106","-87.7078358344","POINT (-87.707835834417 41.941751810565)"
"817b36f96f1d21b923f14cdb69f3557ee97da061ee9ef872bc0063ec52a2b12162a9c00edc633313c66e327443e9d456b7b5cb98c5efe43b2fc2ba3be2396901",,"2026-02-11T08:00:00.000","30","NO CONTROLS","NO CONTROLS","CLEAR","DAYLIGHT","SIDESWIPE SAME DIRECTION","DIVIDED - W/MEDIAN (NOT RAISED)",,"STRAIGHT AND LEVEL","DRY","NO DEFECTS","NOT ON SCENE (DESK REPORT)","NO INJURY / DRIVE AWAY",,,"Y","OVER $1,500","2026-02-11T16:10:00.000","UNABLE TO DETERMINE","NOT APPLICABLE","3168","W","31ST ST","1033",,,,,,,"2","NO INDICATION OF INJURY","0","0","0","0","0","2","0","8","4","2","41.8373442085","-87.7047667086","POINT (-87.704766708606 41.837344208526)"
"f7b14a3b231cb25a18296180bfeaf15fb26b11f74551d3233f3f127ceed6d148e3ab9bf837c357a9845931ff9c729f03181a5def93379ff0511ff70e2140bdd9",,"2026-02-11T08:00:00.000","30","NO CONTROLS","NO CONTROLS","CLEAR","DAYLIGHT","REAR END","NOT DIVIDED",,"STRAIGHT AND LEVEL","DRY","NO DEFECTS","NOT ON SCENE (DESK REPORT)","NO INJURY / DRIVE AWAY",,,,"OVER $1,500","2026-02-11T09:46:00.000","UNABLE TO DETERMINE","NOT APPLICABLE","1116","N","KEDZIE AVE","1121",,,,,,,"2","NO INDICATION OF INJURY","0","0","0","0","0","2","0","8","4","2","41.9015659678","-87.7068964134","POINT (-87.706896413395 41.901565967759)"
"1ba5b672d249f873babb0d4fcbe63124713759d58755efcb0d56af38ef32f0c9ab16e68fe8dc11cff36484bae15e99c9359d3fb14d6f8281fe15dd48460729a9",,"2026-02-11T07:50:00.000","30","STOP SIGN/FLASHER","FUNCTIONING PROPERLY","CLEAR","DAYLIGHT","REAR TO FRONT","NOT DIVIDED",,"STRAIGHT AND LEVEL","DRY","NO DEFECTS","ON SCENE","NO INJURY / DRIVE AWAY","Y",,,"$500 OR LESS","2026-02-11T07:55:00.000","IMPROPER BACKING","NOT APPLICABLE","601","W","FULLERTON PKWY","1812",,,,,,,"2","NO INDICATION OF INJURY","0","0","0","0","0","3","0","7","4","2","41.9254206277","-87.6440448645","POINT (-87.644044864517 41.925420627701)"
"5c7cda6a99185db6b9c43ffcbae25de5a03e82c9a9875cbd98e704e555aeea7cff230ce7ccb635985c569e2ebc81fe5c519f129b85dd6a2cb52c3bd8841ebbfc",,"2026-02-11T07:50:00.000","30","STOP SIGN/FLASHER","NO CONTROLS","CLEAR","DAYLIGHT","ANGLE","FOUR WAY",,"STRAIGHT AND LEVEL","DRY","NO DEFECTS","NOT ON SCENE (DESK REPORT)","NO INJURY / DRIVE AWAY",,,,"OVER $1,500","2026-02-11T07:50:00.000","FAILING TO YIELD RIGHT-OF-WAY","NOT APPLICABLE","70","E","GARFIELD BLVD","225",,,,,,,"2","NO INDICATION OF INJURY","0","0","0","0","0","2","0","7","4","2","41.7947940243","-87.6229151036","POINT (-87.62291510355 41.794794024265)"
"c52a7a9b7852f432f5c900e5a8878ef679bf456d65d61ccc05566caa3271cd7ac3f9b678755cd4b1f0b2a9f1d4cbaa6fdd665e610f69f07390b85cf346b2c5ea",,"2026-02-11T07:50:00.000","30","TRAFFIC SIGNAL","FUNCTIONING PROPERLY","CLEAR","DAYLIGHT","REAR TO SIDE","FOUR WAY",,"STRAIGHT AND LEVEL","DRY","NO DEFECTS","NOT ON SCENE (DESK REPORT)","NO INJURY / DRIVE AWAY",,,,"$501 - $1,500","2026-02-11T12:00:00.000","UNABLE TO DETERMINE","NOT APPLICABLE","130","W","SCHILLER ST","1821",,,,,,,"2","NO INDICATION OF INJURY","0","0","0","0","0","2","0","7","4","2","41.9078325249","-87.6328297521","POINT (-87.632829752132 41.907832524919)"
"71660519c7955446ddac8e910588fdb7d69d919812371810698b63cb1899cf555cc5fc32011506d4f9a4ac157810564142582ff235317ed28dfd8b11ec062a49",,"2026-02-11T07:49:00.000","30","TRAFFIC SIGNAL","FUNCTIONING PROPERLY","CLEAR","DAYLIGHT","SIDESWIPE SAME DIRECTION","FOUR WAY",,"STRAIGHT AND LEVEL","DRY","NO DEFECTS","ON SCENE","NO INJURY / DRIVE AWAY","Y",,"Y","$500 OR LESS","2026-02-11T07:50:00.000","IMPROPER OVERTAKING/PASSING","NOT APPLICABLE","1199","W","79TH ST","612",,"Y",,,,,"2","NO INDICATION OF INJURY","0","0","0","0","0","2","0","7","4","2","41.7503880458","-87.6536750574","POINT (-87.653675057387 41.750388045769)"
"c10958b3ee45f42df1490c7243e6c301ab7ef66a709be92b02a7defa4525863a0861ab84d82ec4eb7453b3b02f9e1a2addfa4fe150911844ccea94ae4e9c498a",,"2026-02-11T07:47:00.000","30","TRAFFIC SIGNAL","FUNCTIONING PROPERLY","CLEAR","DAYLIGHT","SIDESWIPE SAME DIRECTION","FOUR WAY",,"STRAIGHT AND LEVEL","DRY","UNKNOWN","ON SCENE","NO INJURY / DRIVE AWAY","Y",,,"OVER $1,500","2026-02-11T08:17:00.000","IMPROPER LANE USAGE","DRIVING SKILLS/KNOWLEDGE/EXPERIENCE","525","N","ST CLAIR ST","1834",,,,,,,"2","NO INDICATION OF INJURY","0","0","0","0","0","2","0","7","4","2","41.8917165203","-87.6225238708","POINT (-87.62252387079 41.891716520338)"
"b729df339ce3db3b640bda3905f66f40ec67430b718d4c62d8e6ca6fc1d14ac0d7cc3f6022fbc84705a143d383c98ae0e376b563899b65c0b262d3b57039e256",,"2026-02-11T07:43:00.000","30","STOP SIGN/FLASHER","FUNCTIONING PROPERLY","CLEAR","DAYLIGHT","ANGLE","NOT DIVIDED",,"STRAIGHT AND LEVEL","DRY","NO DEFECTS","ON SCENE","INJURY AND / OR TOW DUE TO CRASH","Y",,,"OVER $1,500","2026-02-11T07:44:00.000","UNABLE TO DETERMINE","UNABLE TO DETERMINE","2700","N","CENTRAL AVE","2514",,,,,,,"2","NO INDICATION OF INJURY","0","0","0","0","0","6","0","7","4","2","41.9294953006","-87.7663302984","POINT (-87.766330298432 41.929495300631)"
"f375a189e3ae8acfd9be53de1928a9327dadd4edee3e1221b25b6d580cdb84a9113821b30e3bc35e2631588df3503501e46b3b1a7df1261982d08773c678a645",,"2026-02-11T07:41:00.000","30","NO CONTROLS","NO CONTROLS","UNKNOWN","DAYLIGHT","PARKED MOTOR VEHICLE","DIVIDED - W/MEDIAN (NOT RAISED)",,"STRAIGHT AND LEVEL","DRY","NO DEFECTS","NOT ON SCENE (DESK REPORT)","NO INJURY / DRIVE AWAY",,,"Y","OVER $1,500","2026-02-11T09:50:00.000","DRIVING SKILLS/KNOWLEDGE/EXPERIENCE","NOT APPLICABLE","6202","W","MONTROSE AVE","1622",,,,,,,"2","NO INDICATION OF INJURY","0","0","0","0","0","1","0","7","4","2","41.9603924386","-87.7820627635","POINT (-87.782062763544 41.960392438606)"
"021d18e1cf38bf79bfa20f8b1d34bb8616dd236094712a6d80d9ed0b69e9bf5c6a60ece4820245e2a426cd1a2df21f3fcb9a92e91b4f23cab20e22c0029825b0",,"2026-02-11T07:40:00.000","30","NO CONTROLS","NO CONTROLS","CLEAR","DAYLIGHT","REAR END","NOT DIVIDED",,"STRAIGHT AND LEVEL","UNKNOWN","UNKNOWN","NOT ON SCENE (DESK REPORT)","NO INJURY / DRIVE AWAY",,,,"$501 - $1,500","2026-02-11T08:50:00.000","UNABLE TO DETERMINE","NOT APPLICABLE","2206","N","KOSTNER AVE","2522",,,,,,,"3","NO INDICATION OF INJURY","0","0","0","0","0","3","0","7","4","2","41.9209650977","-87.736590317","POINT (-87.736590316962 41.920965097739)"
"0ae6d646ff2a50d9dad4aea48ff5450657a3671351b5d5e7ba7997756ff45d0eaea325ae0e59b02c2fdebee94e6c6eb0f8b243a98b7d3e8af6928586fd034f89",,"2026-02-11T07:40:00.000","30","NO CONTROLS","NO CONTROLS","CLEAR","DAYLIGHT","SIDESWIPE SAME DIRECTION","DIVIDED - W/MEDIAN BARRIER",,"STRAIGHT AND LEVEL","DRY","NO DEFECTS","ON SCENE","NO INJURY / DRIVE AWAY",,,"Y","$501 - $1,500","2026-02-11T08:00:00.000","IMPROPER OVERTAKING/PASSING","IMPROPER OVERTAKING/PASSING","11701","S","WESTERN AVE","2212",,"Y",,,,,"2","NO INDICATION OF INJURY","0","0","0","0","0","2","0","7","4","2","41.6808326713","-87.6806664691","POINT (-87.680666469117 41.680832671305)"
"1275aa3887013a64db2d31be03fdc60cf388b572b3a0c94fbc9eefab589422a6c95b542730e8fecb9e83c782990ade5fc42100f019e9fc0cb302c579ba48049e",,"2026-02-11T07:40:00.000","30","UNKNOWN","UNKNOWN","CLEAR","DAYLIGHT","REAR END","NOT DIVIDED",,"STRAIGHT AND LEVEL","DRY","UNKNOWN","ON SCENE","NO INJURY / DRIVE AWAY",,,,"OVER $1,500","2026-02-11T07:40:00.000","UNABLE TO DETERMINE","UNABLE TO DETERMINE","5910","W","DIVISION ST","2531",,,,,,,"3","NO INDICATION OF INJURY","0","0","0","0","0","3","0","7","4","2","41.9021358414","-87.7734561148","POINT (-87.773456114752 41.902135841377)"
"25d00472fd4dde870f211fe5d5d326283b43a3089ab27451661892b6aedbd9b1cd5817e121e3a7d0a026503d021383119d8b018a4dbf51620d837fc70cd09fe1",,"2026-02-11T07:40:00.000","30","TRAFFIC SIGNAL","FUNCTIONING PROPERLY","CLEAR","DAYLIGHT","REAR END","NOT DIVIDED",,"STRAIGHT AND LEVEL","DRY","UNKNOWN","ON SCENE","NO INJURY / DRIVE AWAY",,,,"$500 OR LESS","2026-02-11T07:43:00.000","UNABLE TO DETERMINE","UNABLE TO DETERMINE","5515","N","NAGLE AVE","1622",,,,,,,"2","NO INDICATION OF INJURY","0","0","0","0","0","3","0","7","4","2","41.9816003637","-87.7876125914","POINT (-87.787612591398 41.981600363692)"
"2e1c41fe0f6e585b04b8865109adfa5b598530c7d432b59158b1cf8c2868d6b9d14f0363fa8589eb607a2e4b24468efa497ec6a613a4dc943a88bf15e016a091",,"2026-02-11T07:40:00.000","30","NO CONTROLS","NO CONTROLS","CLEAR","DAYLIGHT","PARKED MOTOR VEHICLE","NOT DIVIDED",,"STRAIGHT AND LEVEL","DRY","UNKNOWN","NOT ON SCENE (DESK REPORT)","NO INJURY / DRIVE AWAY",,,,"OVER $1,500","2026-02-11T08:02:00.000","UNABLE TO DETERMINE","UNABLE TO DETERMINE","3500","W","63RD ST","823",,,,,,,"2","NO INDICATION OF INJURY","0","0","0","0","0","1","0","7","4","2","41.778961599","-87.7105289488","POINT (-87.710528948795 41.778961598969)"
"aa1c002cd51cac07b755406918db1ca3e507a8b8dd19e9061324dc7262a09e04f077c81465b26affd74c4b3a34ad522f750c3cd746315135fb960af542c7274c",,"2026-02-11T07:40:00.000","30","NO CONTROLS","NO CONTROLS","CLEAR","DAYLIGHT","SIDESWIPE SAME DIRECTION","NOT DIVIDED",,"STRAIGHT AND LEVEL","DRY","NO DEFECTS","ON SCENE","NO INJURY / DRIVE AWAY",,,,"OVER $1,500","2026-02-11T07:46:00.000","IMPROPER OVERTAKING/PASSING","FAILING TO YIELD RIGHT-OF-WAY","2743","S","CENTRAL PARK AVE","1032",,,,,,,"2","NO INDICATION OF INJURY","0","0","0","0","0","5","0","7","4","2","41.8412695543","-87.714560533","POINT (-87.714560533047 41.84126955429)"
"c7a3871732e3d7e8897ef973db66002250264bdb0dec22f66e19f4366670fd7154cdc2ee7c69f1d803efd4ad16c191af78049e36c9b0b6eae86d6929e9aa2685",,"2026-02-11T07:40:00.000","30","TRAFFIC SIGNAL","FUNCTIONING PROPERLY","CLEAR","DAYLIGHT","FIXED OBJECT","OTHER",,"STRAIGHT AND LEVEL","DRY","NO DEFECTS","ON SCENE","INJURY AND / OR TOW DUE TO CRASH",,,,"OVER $1,500","2026-02-11T07:50:00.000","NOT APPLICABLE","NOT APPLICABLE","6374","N","MILWAUKEE AVE","1611",,,,,,,"1","NO INDICATION OF INJURY","0","0","0","0","0","1","0","7","4","2","41.9968703036","-87.7876011409","POINT (-87.787601140914 41.99687030359)"
"e79d1723e88cf01cef51bb27c11f44b595381dc3208eedbe23978e917b7b59913497f6163442ff6ecd4c5573df8e583fa74a079eda862d7f56e1be552c755e07",,"2026-02-11T07:35:00.000","30","STOP SIGN/FLASHER","FUNCTIONING IMPROPERLY","RAIN","DAYLIGHT","ANGLE","NOT REPORTED",,"STRAIGHT AND LEVEL","UNKNOWN","UNKNOWN","NOT ON SCENE (DESK REPORT)","INJURY AND / OR TOW DUE TO CRASH","Y",,,"OVER $1,500","2026-02-11T07:35:00.000","IMPROPER OVERTAKING/PASSING","UNABLE TO DETERMINE","6300","W","EDDY ST","1633",,,,,,,"2","NO INDICATION OF INJURY","0","0","0","0","0","4","0","7","4","2","41.9448858806","-87.7839032187","POINT (-87.78390321872 41.944885880631)"
"6ab26b5ba590fd4f933ab54ccc4a832e4fa4f1a156e9367effce8fb47735a1f5c4dc70a34177a416c597a55c4ee47533aa34878ff67b9729e98ad035b2acc889",,"2026-02-11T07:30:00.000","30","STOP SIGN/FLASHER","NO CONTROLS","CLEAR","DAYLIGHT","SIDESWIPE OPPOSITE DIRECTION","NOT DIVIDED",,"STRAIGHT AND LEVEL","DRY","NO DEFECTS","ON SCENE","NO INJURY / DRIVE AWAY",,,,"$500 OR LESS","2026-02-11T07:33:00.000","UNABLE TO DETERMINE","UNABLE TO DETERMINE","7200","S","HOYNE AVE","735",,,,,,,"2","NO INDICATION OF INJURY","0","0","0","0","0","7","0","7","4","2","41.7629148643","-87.676056104","POINT (-87.676056104031 41.762914864259)"
"54639b13926c3931d40eaa25571418771bb04aee9427304f410b73380a7004e9d35d88abcdf561654d5fa07fd79524e5741aa23ab84c8db0edc81b902a4a4aae",,"2026-02-11T07:24:00.000","25","UNKNOWN","UNKNOWN","CLEAR","DAYLIGHT","REAR END","DIVIDED - W/MEDIAN (NOT RAISED)",,"STRAIGHT AND LEVEL","DRY","NO DEFECTS","NOT ON SCENE (DESK REPORT)","NO INJURY / DRIVE AWAY",,,,"OVER $1,500","2026-02-11T08:10:00.000","UNABLE TO DETERMINE","UNABLE TO DETERMINE","3098","W","DIVERSEY AVE","1411",,,,,,,"2","NO INDICATION OF INJURY","0","0","0","0","0","2","0","7","4","2","41.9321509443","-87.7049205414","POINT (-87.704920541365 41.932150944316)"
"7d864f8b957e901dda3822ffa88dffa8d277a649b5b3cb71730f2819082b64c5e881ceffab63474fff004663a3632cc9fe96ec2d0d95311be6c3efcdf2c7ede5",,"2026-02-11T07:22:00.000","30","TRAFFIC SIGNAL","FUNCTIONING PROPERLY","CLEAR","DAYLIGHT","REAR END","DIVIDED - W/MEDIAN (NOT RAISED)",,"STRAIGHT AND LEVEL","WET","NO DEFECTS","ON SCENE","INJURY AND / OR TOW DUE TO CRASH","Y",,,"$501 - $1,500","2026-02-11T07:22:00.000","UNABLE TO DETERMINE","UNABLE TO DETERMINE","5159","N","CICERO AVE","1712",,,,,,,"2","REPORTED, NOT EVIDENT","1","0","0","0","1","1","0","7","4","2","41.9752573377","-87.7478414338","POINT (-87.747841433843 41.975257337683)"
"14a341bf0fbd256d572e3c84b120df3afaee713274482be4206d17b7fcded0326fa28cf28ef0186c4ace970442ba4b3b8b7d728439a8402fdeaa13d0f6ec4d27",,"2026-02-11T07:20:00.000","30","TRAFFIC SIGNAL","FUNCTIONING PROPERLY","CLEAR","DAYLIGHT","TURNING","FOUR WAY",,"STRAIGHT AND LEVEL","DRY","NO DEFECTS",,"INJURY AND / OR TOW DUE TO CRASH","Y",,,"OVER $1,500","2026-02-11T07:30:00.000","UNABLE TO DETERMINE","NOT APPLICABLE","1200","E","75TH ST","324",,,,,,,"2","REPORTED, NOT EVIDENT","2","0","0","0","2","3","0","7","4","2","41.7588056605","-87.595618443","POINT (-87.595618443022 41.758805660489)"
"454bf65c76e9521f2cfcfddaa3b25ff38a9447e4ce26540b35da2790a0435a38c5d7242e8c6f9331d24eaba4924a076db9e362fcd709f32c10775bfda0b6181b",,"2026-02-11T07:20:00.000","25","NO CONTROLS","NO CONTROLS","CLEAR","DAYLIGHT","PARKED MOTOR VEHICLE","ONE-WAY",,"STRAIGHT AND LEVEL","DRY","NO DEFECTS","NOT ON SCENE (DESK REPORT)","NO INJURY / DRIVE AWAY",,,"Y","$501 - $1,500","2026-02-11T09:00:00.000","UNABLE TO DETERMINE","UNABLE TO DETERMINE","3547","N","KEDVALE AVE","1731",,,,,,,"2","NO INDICATION OF INJURY","0","0","0","0","0","1","0","7","4","2","41.9461670343","-87.7311270612","POINT (-87.73112706119 41.946167034337)"
"d2eb7c6a59c0aace2f2f0dd146c27fbbaa45ce39bf85850e69c15b609df631793907c843984ab7f756165c40d858bdc6b4a1afe8144e8abf207c621f3bd5330b",,"2026-02-11T07:11:00.000","30","TRAFFIC SIGNAL","FUNCTIONING PROPERLY","CLEAR","DAYLIGHT","REAR END","DIVIDED - W/MEDIAN BARRIER",,"STRAIGHT AND LEVEL","DRY","UNKNOWN","ON SCENE","NO INJURY / DRIVE AWAY",,,,"OVER $1,500","2026-02-11T07:12:00.000","NOT APPLICABLE","NOT APPLICABLE","8300","S","STONY ISLAND AVE","412",,,,,,,"2","NO INDICATION OF INJURY","0","0","0","0","0","2","0","7","4","2","41.744151639","-87.585945067","POINT (-87.585945066953 41.744151639042)"
"8e2865b7be3184cc3c6b54905ae348a342c3b56075323f2fb5a4a41673602010f0507d3bef6e5bbb983282a631bf6748abd4f6cda5b1bb27203ebb9da446faad","Y","2026-02-11T07:00:00.000","0","NO CONTROLS","NO CONTROLS","UNKNOWN","UNKNOWN","PARKED MOTOR VEHICLE","PARKING LOT",,"STRAIGHT AND LEVEL","UNKNOWN","UNKNOWN","NOT ON SCENE (DESK REPORT)","NO INJURY / DRIVE AWAY",,,"Y","OVER $1,500","2026-02-13T14:30:00.000","UNABLE TO DETERMINE","NOT APPLICABLE","210","N","WELLS ST","122",,,,,,,"2","NO INDICATION OF INJURY","0","0","0","0","0","1","0","7","4","2","41.8860283981","-87.6340849831","POINT (-87.63408498312 41.886028398061)"
"d7ba76da19aaeef9cffe40c7f7bea7acfcee0d263e1649edfaf05bff2eea6ee3ab5c684eb831de024cff041a1dce0bec1ec507fe18a87a4d81766e6a64fdd5f9",,"2026-02-11T07:00:00.000","30","UNKNOWN","UNKNOWN","UNKNOWN","UNKNOWN","PARKED MOTOR VEHICLE","ONE-WAY",,"STRAIGHT AND LEVEL","UNKNOWN","UNKNOWN","NOT ON SCENE (DESK REPORT)","NO INJURY / DRIVE AWAY",,,"Y","OVER $1,500","2026-02-11T16:00:00.000","UNABLE TO DETERMINE","NOT APPLICABLE","2929","E","78TH ST","421",,,,,,,"2","NO INDICATION OF INJURY","0","0","0","0","0","1","0","7","4","2","41.7541435767","-87.5532317876","POINT (-87.553231787638 41.754143576655)"
"aa89e4bb5931343021ecaf841dd1bbf4ddceccae79b97b5a4b5f5b160a6216edb32e647596b45724a5524f4846deb0222ad4045ef7f87d1d356fab273235b911",,"2026-02-11T06:55:00.000","30","TRAFFIC SIGNAL","FUNCTIONING PROPERLY","CLEAR","DAYLIGHT","REAR END","DIVIDED - W/MEDIAN (NOT RAISED)",,"STRAIGHT AND LEVEL","DRY","UNKNOWN","ON SCENE","NO INJURY / DRIVE AWAY",,,,"OVER $1,500","2026-02-11T07:01:00.000","UNABLE TO DETERMINE","UNABLE TO DETERMINE","4942","W","FULLERTON AVE","2521",,,,,,,"2","NO INDICATION OF INJURY","0","0","0","0","0","2","0","6","4","2","41.9242934205","-87.7504934462","POINT (-87.750493446173 41.924293420525)"
"4d37565f40aebe85af5cd1d1f718aa80a37b5ee90ae416bc123be87e751237f4aaac0b52267502d350daa38263fb7b6ef116f07c4429df1dbccb7990d1058982",,"2026-02-11T06:51:00.000","25","NO CONTROLS","NO CONTROLS","CLEAR","DAWN","PARKED MOTOR VEHICLE","NOT DIVIDED",,"STRAIGHT AND LEVEL","DRY","NO DEFECTS","NOT ON SCENE (DESK REPORT)","NO INJURY / DRIVE AWAY",,,,"OVER $1,500","2026-02-11T15:30:00.000","UNABLE TO DETERMINE","UNABLE TO DETERMINE","5937","W","63RD ST","812",,,,,,,"2","NO INDICATION OF INJURY","0","0","0","0","0","2","0","6","4","2","41.7777698781","-87.7705655508","POINT (-87.770565550807 41.777769878075)"
"666c24295d6574ab9774d90ef7bf18617d3ff01cb69546aeb89e60006062479bbb7e0382c457850d34713cd0c2b4511cb5ed0c92f003aca7d6d3ae9d64cb284d",,"2026-02-11T06:40:00.000","30","TRAFFIC SIGNAL","FUNCTIONING PROPERLY","CLEAR","DAYLIGHT","TURNING","NOT DIVIDED",,"STRAIGHT AND LEVEL","DRY","NO DEFECTS","ON SCENE","NO INJURY / DRIVE AWAY","Y",,,"OVER $1,500","2026-02-11T06:46:00.000","IMPROPER TURNING/NO SIGNAL","UNABLE TO DETERMINE","3500","S","WESTERN BLVD","911",,,,,,,"2","NO INDICATION OF INJURY","0","0","0","0","0","3","0","6","4","2","41.8302367756","-87.6846047573","POINT (-87.684604757265 41.830236775648)"
"fba00846ef65f99790ceec1d6dcb49dd744a96cd8a1b8a06b0d64f5cb257acb47e3bd6639148ed14afb3c4df2ecc65c7fb0a0e760440534a6fd684d88ca2e570",,"2026-02-11T06:30:00.000","20","NO CONTROLS","NO CONTROLS","CLEAR","DUSK","REAR END","ONE-WAY",,"STRAIGHT AND LEVEL","DRY","NO DEFECTS","ON SCENE","NO INJURY / DRIVE AWAY",,,"Y","$500 OR LESS","2026-02-13T11:40:00.000","FOLLOWING TOO CLOSELY","NOT APPLICABLE","7300","S","KEDZIE AVE","835",,,,,,,"2","NO INDICATION OF INJURY","0","0","0","0","0","2","0","6","4","2","41.7606685831","-87.7028547972","POINT (-87.702854797154 41.760668583144)"
"7b110d18a916e2ad13845e9e1265046900104c517d08018bcaaa391ab49ee4634ef795ffcb664e3f7c8f744015808a2199a768ed8e5a4c3240bfdb7b7ea27bd5",,"2026-02-11T06:25:00.000","30","NO CONTROLS","NO CONTROLS","CLEAR","DAYLIGHT","PARKED MOTOR VEHICLE","NOT DIVIDED",,"STRAIGHT AND LEVEL","DRY","NO DEFECTS","NOT ON SCENE (DESK REPORT)","NO INJURY / DRIVE AWAY",,,,"OVER $1,500","2026-02-17T10:55:00.000","UNABLE TO DETERMINE","NOT APPLICABLE","1869","W","PERSHING RD","924",,,,,,,"2","NO INDICATION OF INJURY","0","0","0","0","0","1","0","6","4","2","41.8230348329","-87.6725216417","POINT (-87.672521641663 41.823034832925)"