"crash_record_id","crash_date_est_i","crash_date","posted_speed_limit","traffic_control_device","device_condition","weather_condition","lighting_condition","first_crash_type","trafficway_type","lane_cnt","alignment","roadway_surface_cond","road_defect","report_type","crash_type","intersection_related_i","private_property_i","hit_and_run_i","damage","date_police_notified","prim_contributory_cause","sec_contributory_cause","street_no","street_direction","street_name","beat_of_occurrence","photos_taken_i","statements_taken_i","dooring_i","work_zone_i","work_zone_type","workers_present_i","num_units","most_severe_injury","injuries_total","injuries_fatal","injuries_incapacitating","injuries_non_incapacitating","injuries_reported_not_evident","injuries_no_indication","injuries_unknown","crash_hour","crash_day_of_week","crash_month","latitude","longitude","location"
"6b4988512aee43e70e4f461d5fd0ddcb46c66a869f1edcda02b4d2c5c294b7e61edb3621d826a0f9a776bf753046cea07f12d4ecc16a7c6f810a7618b4da7d67",,"2026-02-11T05:35:00.000","30","NO CONTROLS","NO CONTROLS","CLEAR","DAYLIGHT","PARKED MOTOR VEHICLE","ONE-WAY",,"STRAIGHT AND LEVEL","DRY","NO DEFECTS",,"NO INJURY / DRIVE AWAY",,,"Y","OVER $1,500","2026-02-11T12:38:00.000","UNABLE TO DETERMINE","NOT APPLICABLE","904","N","LEAMINGTON AVE","1531",,,,,,,"2","NO INDICATION OF INJURY","0","0","0","0","0","1","0","5","4","2","41.8969641626","-87.7545732471","POINT (-87.754573247066 41.896964162553)"
"655989c872a95cf14f7e74e2593c758d2585da64dcc6982274208cca36ab398168f619b2fd5532fc5321675570780056cab71d08ab62532dd1fa9e55fd942086",,"2026-02-11T05:05:00.000","30","NO CONTROLS","NO CONTROLS","CLEAR","DAWN","PEDESTRIAN","NOT DIVIDED",,"STRAIGHT AND LEVEL","DRY","NO DEFECTS","NOT ON SCENE (DESK REPORT)","INJURY AND / OR TOW DUE TO CRASH",,,"Y","$500 OR LESS","2026-02-11T09:20:00.000","DISTRACTION - FROM INSIDE VEHICLE","FAILING TO YIELD RIGHT-OF-WAY","6255","S","ARCHER AVE","811",,,,,,,"2","REPORTED, NOT EVIDENT","1","0","0","0","1","1","0","5","4","2","41.793424749","-87.7765360295","POINT (-87.776536029498 41.793424748966)"
"0943cc0d3bbbff24e2b4d1423476bda99599ce687c5a59877dc77f00e71fee5ec073c4c87caee8574246dbe83874ff2bcf9d7f8cece7d059c836b30a8c828bfb",,"2026-02-11T05:00:00.000","30","TRAFFIC SIGNAL","FUNCTIONING PROPERLY","CLEAR","DARKNESS, LIGHTED ROAD","ANGLE","FOUR WAY",,"STRAIGHT AND LEVEL","DRY","NO DEFECTS","ON SCENE","INJURY AND / OR TOW DUE TO CRASH",,,,"OVER $1,500","2026-02-11T05:04:00.000","DISREGARDING TRAFFIC SIGNALS","NOT APPLICABLE","1200","S","CENTRAL PARK AVE","1011",,,,,,,"2","REPORTED, NOT EVIDENT","2","0","0","0","2","0","0","5","4","2","41.8662296858","-87.7155657923","POINT (-87.715565792278 41.866229685847)"
"46223254fd170c4110698d6c4d74a4c88f0f3d52fed6a27a37e7a72a5dac1fadd3f74c05eb529d786fec70bf71280b85b860dfeab8d5b6c5a832e2f897556827",,"2026-02-11T05:00:00.000","30","NO CONTROLS","NO CONTROLS","CLEAR","DARKNESS, LIGHTED ROAD","SIDESWIPE OPPOSITE DIRECTION","NOT DIVIDED",,"STRAIGHT AND LEVEL","DRY","UNKNOWN","NOT ON SCENE (DESK REPORT)","NO INJURY / DRIVE AWAY",,,,"OVER $1,500","2026-02-11T09:22:00.000","UNABLE TO DETERMINE","UNABLE TO DETERMINE","8517","S","KILBOURN AVE","834",,,,,,,"2","NO INDICATION OF INJURY","0","0","0","0","0","2","0","5","4","2","41.7377709273","-87.7335248016","POINT (-87.733524801573 41.737770927329)"
"7a3ac6990e9501ba54ccb397cf63fd2500bc71e19d3bb0137c380caf54fa37e9472fceb426f46a1dda6ec406a3fb4b4b75789e57a6ea5b6f3d891a464a86781f",,"2026-02-11T05:00:00.000","25","NO CONTROLS","NO CONTROLS","CLEAR","DAWN","ANGLE","ALLEY",,"STRAIGHT AND LEVEL","DRY","NO DEFECTS","NOT ON SCENE (DESK REPORT)","NO INJURY / DRIVE AWAY",,,,"OVER $1,500","2026-02-11T14:00:00.000","UNABLE TO DETERMINE","NOT APPLICABLE","4700","S","KEDVALE AVE","815",,,,,,,"2","NO INDICATION OF INJURY","0","0","0","0","0","2","0","5","4","2","41.8077314235","-87.7273994436","POINT (-87.727399443553 41.807731423513)"
"be14facd06674b73b095c4dfbf820305b303905e32ce83db7171a714965bd3d23ec6af12fdfb34b43c8bb4811808974d4d51867c01e332ce9efcf3b691dff38e",,"2026-02-11T04:30:00.000","25","NO CONTROLS","NO CONTROLS","CLEAR","DARKNESS, LIGHTED ROAD","PARKED MOTOR VEHICLE","NOT DIVIDED",,"STRAIGHT AND LEVEL","DRY","UNKNOWN","NOT ON SCENE (DESK REPORT)","NO INJURY / DRIVE AWAY",,,"Y","$500 OR LESS","2026-02-11T15:09:00.000","UNABLE TO DETERMINE","UNABLE TO DETERMINE","2324","W","72ND ST","832",,,,,,,"2","NO INDICATION OF INJURY","0","0","0","0","0","1","0","4","4","2","41.7630094275","-87.681725095","POINT (-87.681725094969 41.763009427476)"
"16ab843387bd51469ab4ad1d7c82c1571329c064d29e7d80f58f98738c7cadd81fa3c1b465ac4a8ad510d34945750b4ff138071c270d601e93ac55c4e5ef5629","Y","2026-02-11T04:23:00.000","30","NO CONTROLS","NO CONTROLS","CLEAR","DARKNESS","OTHER OBJECT","NOT DIVIDED",,"STRAIGHT AND LEVEL","DRY","UNKNOWN","ON SCENE","INJURY AND / OR TOW DUE TO CRASH",,"Y",,"OVER $1,500","2026-02-11T04:23:00.000","UNABLE TO DETERMINE","UNABLE TO DETERMINE","821","S","KEDZIE AVE","1134",,,,,,,"1","NO INDICATION OF INJURY","0","0","0","0","0","1","0","4","4","2","41.8702375055","-87.7056519227","POINT (-87.70565192273 41.870237505513)"
"1159db104348210ead3456b8e97f0b2b71b409c3ecea4e7b9cd93e5759ad8c6e6fad9ed87ea619866526a974e8ae0b56f4ba81eeccda8e0e1ff8eb9aa91a4e65","Y","2026-02-11T04:00:00.000","20","NO CONTROLS","NO CONTROLS","CLEAR","UNKNOWN","PARKED MOTOR VEHICLE","NOT DIVIDED",,"STRAIGHT AND LEVEL","DRY","UNKNOWN","ON SCENE","NO INJURY / DRIVE AWAY",,,"Y","OVER $1,500","2026-02-11T13:43:00.000","UNABLE TO DETERMINE","UNABLE TO DETERMINE","4612","W","OHIO ST","1111",,,,,,,"2","NO INDICATION OF INJURY","0","0","0","0","0","1","0","4","4","2","41.8915535432","-87.7415136334","POINT (-87.741513633368 41.891553543205)"
"779cbec97790fc425b4d78b384d668898d63b9e370eb13f05c0d8f328c7a4670d5235e5f1c4d2144ed12257ee13a11721a2a0a8ba1fcda6b26598973d08b5151","Y","2026-02-11T03:05:00.000","30","UNKNOWN","UNKNOWN","UNKNOWN","UNKNOWN","REAR END","DIVIDED - W/MEDIAN BARRIER",,"STRAIGHT AND LEVEL","UNKNOWN","UNKNOWN","NOT ON SCENE (DESK REPORT)","NO INJURY / DRIVE AWAY",,,,"OVER $1,500","2026-02-11T14:30:00.000","UNABLE TO DETERMINE","NOT APPLICABLE","1201","W","GARFIELD BLVD","713",,,,,,,"2","NO INDICATION OF INJURY","0","0","0","0","0","2","0","3","4","2","41.7936928456","-87.6549273964","POINT (-87.654927396438 41.793692845642)"
"5c277238bd87fe6f1f6cfbe11386a14ae938d50c5f60ffd955f1ad99626a2ddfb5236f912d3142f92a58437d6becb150031259653878c8d05e58abb37b1e8faa",,"2026-02-11T02:29:00.000","30","NO CONTROLS","NO CONTROLS","CLEAR","DARKNESS, LIGHTED ROAD","PARKED MOTOR VEHICLE","NOT DIVIDED",,"STRAIGHT AND LEVEL","UNKNOWN","UNKNOWN","ON SCENE","INJURY AND / OR TOW DUE TO CRASH",,,,"OVER $1,500","2026-02-11T02:30:00.000","UNABLE TO DETERMINE","UNABLE TO DETERMINE","1116","E","67TH ST","321",,,,,,,"2","NO INDICATION OF INJURY","0","0","0","0","0","1","0","2","4","2","41.7733290178","-87.5977423076","POINT (-87.597742307563 41.773329017751)"
"a9093f9bf9ec21f8b4573444001a2b6988550f6bf9409cc0fbe9fe0cdb8b8e9675fecc3aa3dd8feaea9392b0ba185bed34e36c02d30ab3c3c2d810f8cf3f26e3",,"2026-02-11T02:05:00.000","40","NO CONTROLS","NO CONTROLS","CLEAR","DARKNESS, LIGHTED ROAD","OTHER OBJECT","DIVIDED - W/MEDIAN BARRIER",,"STRAIGHT AND LEVEL","UNKNOWN","UNKNOWN","ON SCENE","INJURY AND / OR TOW DUE TO CRASH",,,"N","OVER $1,500","2026-02-11T02:06:00.000","FAILING TO REDUCE SPEED TO AVOID CRASH","NOT APPLICABLE","1841","S","LAKE SHORE DR NB","132",,,,,,,"1","NO INDICATION OF INJURY","0","0","0","0","0","1","0","2","4","2","41.8569059529","-87.6157869344","POINT (-87.615786934428 41.856905952854)"
"569bcc1e1bcf5a2fdb77b06c44e3c027cc1049ca410520853bd1b759fd44724144b3e1dc9c25e95a7ba073d9380bb0299db0d63af8334ffdd282646175607118",,"2026-02-11T01:50:00.000","30","STOP SIGN/FLASHER","FUNCTIONING PROPERLY","CLEAR","DARKNESS, LIGHTED ROAD","ANGLE","Y-INTERSECTION",,"STRAIGHT AND LEVEL","DRY","NO DEFECTS","ON SCENE","INJURY AND / OR TOW DUE TO CRASH","Y",,"Y","OVER $1,500","2026-02-11T01:50:00.000","DISREGARDING STOP SIGN","OPERATING VEHICLE IN ERRATIC, RECKLESS, CARELESS, NEGLIGENT OR AGGRESSIVE MANNER","1553","W","110TH ST","2234",,,,,,,"2","NO INDICATION OF INJURY","0","0","0","0","0","3","0","1","4","2","41.6938267899","-87.6618344626","POINT (-87.661834462649 41.693826789939)"
"659a9944a6f8e894585ef7b904d633bc34c8d2a8a86e9384af85b347c75b6be87afa467a07cd9e5dd516e2cdded10a4db05a94edf37ad0a1656f35ba653a499a",,"2026-02-11T00:01:00.000","30","NO CONTROLS","NO CONTROLS","CLEAR","DARKNESS","PARKED MOTOR VEHICLE","NOT DIVIDED",,"STRAIGHT AND LEVEL","DRY","NO DEFECTS","NOT ON SCENE (DESK REPORT)","NO INJURY / DRIVE AWAY",,,"Y","OVER $1,500","2026-02-11T09:40:00.000","IMPROPER LANE USAGE","IMPROPER OVERTAKING/PASSING","6351","N","RIDGE AVE","2433",,,,,,,"3","NO INDICATION OF INJURY","0","0","0","0","0","1","0","0","4","2","41.9970842908","-87.6762742003","POINT (-87.676274200275 41.997084290795)"
"8f561b9dcc5583b6ed8e05ae15f352618344ed59f2758d7322f0d212428a2145339357c941a0453edc82fb14e27cb145128a7f43a7189720a7a0aaea0cbbfcb6","Y","2026-02-11T00:00:00.000","20","NO CONTROLS","NO CONTROLS","CLEAR","DARKNESS","PARKED MOTOR VEHICLE","NOT DIVIDED",,"STRAIGHT AND LEVEL","UNKNOWN","NO DEFECTS","ON SCENE","INJURY AND / OR TOW DUE TO CRASH",,,"Y","OVER $1,500","2026-02-11T06:53:00.000","UNABLE TO DETERMINE","NOT APPLICABLE","1127","W","FARWELL AVE","2431",,,,,,,"2","NO INDICATION OF INJURY","0","0","0","0","0","1","0","0","4","2","42.0066833586","-87.6595588195","POINT (-87.659558819549 42.006683358619)"
"3d706a4f8cdebc95b042f78043cb1c22e755a519aed5982662264230449f2f6f3f0dcdb3b758be98bdaaf7a7498874c6f688301aa83bd8582def7140665b7bb1",,"2026-02-10T23:46:00.000","30","NO CONTROLS","NO CONTROLS","CLEAR","DARKNESS, LIGHTED ROAD","PARKED MOTOR VEHICLE","NOT DIVIDED",,"STRAIGHT AND LEVEL","DRY","NO DEFECTS","ON SCENE","INJURY AND / OR TOW DUE TO CRASH",,,"Y","OVER $1,500","2026-02-10T23:47:00.000","UNABLE TO DETERMINE","UNABLE TO DETERMINE","308","E","90TH ST","633",,,,,,,"3","NO INDICATION OF INJURY","0","0","0","0","0","1","0","23","3","2","41.7310894674","-87.6171713596","POINT (-87.61717135964 41.731089467438)"
"27fdb809bb8a875eea25694230d953ed1d21961d57362f22d38995d32568b5a9c2fe5151d2ead3519bf7bbb4d4f23c71e632819ad937a3684b6018de676dbe3f",,"2026-02-10T23:30:00.000","30","TRAFFIC SIGNAL","FUNCTIONING PROPERLY","CLEAR","DARKNESS, LIGHTED ROAD","ANGLE","FOUR WAY",,"STRAIGHT AND LEVEL","DRY","NO DEFECTS","ON SCENE","NO INJURY / DRIVE AWAY","Y",,"Y","OVER $1,500","2026-02-10T23:33:00.000","FAILING TO YIELD RIGHT-OF-WAY","NOT APPLICABLE","2000","W","ADDISON ST","1921",,,,,,,"2","NO INDICATION OF INJURY","0","0","0","0","0","2","0","23","3","2","41.9469731089","-87.6786161991","POINT (-87.678616199126 41.946973108926)"
"99e19bc20d794f5f23176703c54de2fac58cc0e5196e83e8dc3418ae8d9dbf6f5cf3ad78910216ecaac5f723dd8f6473b1efe5f6975323b92d78366ecbf49c63",,"2026-02-10T23:00:00.000","30","TRAFFIC SIGNAL","NO CONTROLS","CLEAR","DARKNESS, LIGHTED ROAD","SIDESWIPE SAME DIRECTION","TRAFFIC ROUTE",,"STRAIGHT AND LEVEL","DRY","UNKNOWN","NOT ON SCENE (DESK REPORT)","INJURY AND / OR TOW DUE TO CRASH","Y",,"Y","OVER $1,500","2026-02-11T11:45:00.000","UNABLE TO DETERMINE","UNABLE TO DETERMINE","500","N","HOMAN AVE","1121",,,,,,,"2","NO INDICATION OF INJURY","0","0","0","0","0","2","0","23","3","2","41.8903319396","-87.7114284817","POINT (-87.711428481659 41.890331939623)"
"2b69e0eed8e814eca6994067b76014ad88a5fa4060732e8e4e3116200876a7fe28cd28a0b7b8b41448c956d6e2b8cc701833c8e65805e089a8bf872649c28625",,"2026-02-10T22:45:00.000","30","NO CONTROLS","NO CONTROLS","CLEAR","DARKNESS, LIGHTED ROAD","SIDESWIPE SAME DIRECTION","NOT DIVIDED",,"STRAIGHT AND LEVEL","DRY","NO DEFECTS","NOT ON SCENE (DESK REPORT)","NO INJURY / DRIVE AWAY",,,"Y","OVER $1,500","2026-02-11T21:45:00.000","IMPROPER OVERTAKING/PASSING","NOT APPLICABLE","4357","W","BELMONT AVE","2523",,,,,,,"2","NO INDICATION OF INJURY","0","0","0","0","0","2","0","22","3","2","41.9388524408","-87.736980572","POINT (-87.736980571951 41.938852440777)"
"4968141d948b706bfcb641bcebd36a632a38c631e4b7bc3258195235efc44b3086772e3cf6028a686b12f98ddfa6b8f274b99792772c9d5681a5ff7fb102620a",,"2026-02-10T22:45:00.000","30","NO CONTROLS","NO CONTROLS","UNKNOWN","DARKNESS","PARKED MOTOR VEHICLE","NOT DIVIDED",,"STRAIGHT AND LEVEL","UNKNOWN","UNKNOWN","NOT ON SCENE (DESK REPORT)","NO INJURY / DRIVE AWAY",,,"Y","OVER $1,500","2026-02-11T07:45:00.000","UNABLE TO DETERMINE","UNABLE TO DETERMINE","1100","W","64TH ST","724",,,,,,,"2","NO INDICATION OF INJURY","0","0","0","0","0","1","0","22","3","2","41.7779358884","-87.6520887439","POINT (-87.65208874394 41.777935888421)"
"526f499bafd78cf72a073d0f1ab80d7839c59d6100030de1f46401538c956f90d5aaef1e39a2569f80e43b235c1093a40e3ea3f24610ba2e4667f6c0482d3f34",,"2026-02-10T21:28:00.000","30","NO CONTROLS","NO CONTROLS","CLEAR","DARKNESS, LIGHTED ROAD","PARKED MOTOR VEHICLE","NOT DIVIDED",,"STRAIGHT AND LEVEL","DRY","NO DEFECTS",,"NO INJURY / DRIVE AWAY",,,,"OVER $1,500","2026-02-10T21:30:00.000","IMPROPER LANE USAGE","NOT APPLICABLE","6033","W","GUNNISON ST","1622",,,,,,,"4","NO INDICATION OF INJURY","0","0","0","0","0","1","0","21","3","2","41.9684062084","-87.7796542185","POINT (-87.779654218482 41.968406208449)"
"5adde8cad8ac915dc5a2ab82c6f246aa1e5b387368b6af40da5845339ee7ef974ce682bbc89d5d2453f1a7020583f8ef6afd8d92697a2ccdca9c73499be1c1e2",,"2026-02-10T21:06:00.000","30","NO CONTROLS","NO CONTROLS","CLEAR","DARKNESS, LIGHTED ROAD","ANGLE","DIVIDED - W/MEDIAN (NOT RAISED)",,"STRAIGHT AND LEVEL","DRY","NO DEFECTS","NOT ON SCENE (DESK REPORT)","NO INJURY / DRIVE AWAY","Y",,"Y","OVER $1,500","2026-02-10T21:40:00.000","UNABLE TO DETERMINE","UNABLE TO DETERMINE","4301","W","GRAND AVE","2534",,,,,,,"2","NO INDICATION OF INJURY","0","0","0","0","0","4","0","21","3","2","41.909038637","-87.7339908731","POINT (-87.733990873125 41.909038636955)"
"4af4b7edef14c51ed3b72ec361a77d3b4aaddfa81d8cf6d50436565f42ccbde570c5feeea623af6858ee743449a05655538a76c8f29dbb8a5526ba680981a4b6","Y","2026-02-10T21:00:00.000","30","NO CONTROLS","NO CONTROLS","CLEAR","DARKNESS","PARKED MOTOR VEHICLE","NOT DIVIDED",,"STRAIGHT AND LEVEL","DRY","NO DEFECTS","NOT ON SCENE (DESK REPORT)","NO INJURY / DRIVE AWAY",,,"Y","$501 - $1,500","2026-02-12T10:25:00.000","UNABLE TO DETERMINE","UNABLE TO DETERMINE","1660","N","LEAVITT ST","1434",,,,,,,"2","NO INDICATION OF INJURY","0","0","0","0","0","1","0","21","3","2","41.9121050393","-87.6825316606","POINT (-87.682531660556 41.912105039328)"
"4b171fe04f7147beda635c1befddd90472b3d77a5f56992e9793b36518a2e6bc5619c3da0473e50d07deddd4b4cb7e81c2f34fc8a439ca21d670085d4839ace3",,"2026-02-10T21:00:00.000","30","YIELD","NO CONTROLS","CLEAR","DARKNESS, LIGHTED ROAD","SIDESWIPE SAME DIRECTION","NOT DIVIDED",,"STRAIGHT AND LEVEL","DRY","NO DEFECTS","NOT ON SCENE (DESK REPORT)","INJURY AND / OR TOW DUE TO CRASH","N",,"Y","OVER $1,500","2026-02-10T21:09:00.000","IMPROPER LANE USAGE","IMPROPER LANE USAGE","1509","S","ASHLAND AVE","1233",,,,,,,"2","NONINCAPACITATING INJURY","1","0","0","1","0","2","0","21","3","2","41.8611643991","-87.6660896942","POINT (-87.666089694183 41.861164399079)"
"e9860d42da60fec071419926aa3f524d85451fe195e379a267cffbb61da1b500e01cb488eb617c62fbb19e331afe3a25d38e52c8c87308ba58278cf91d40a6f2",,"2026-02-10T20:50:00.000","30","TRAFFIC SIGNAL","FUNCTIONING PROPERLY","CLEAR","DARKNESS, LIGHTED ROAD","TURNING","DIVIDED - W/MEDIAN (NOT RAISED)",,"STRAIGHT AND LEVEL","DRY","NO DEFECTS","ON SCENE","INJURY AND / OR TOW DUE TO CRASH",,,,"OVER $1,500","2026-02-10T21:30:00.000","FAILING TO YIELD RIGHT-OF-WAY","IMPROPER TURNING/NO SIGNAL","935","N","MICHIGAN AVE","1833",,,,,,,"2","NO INDICATION OF INJURY","0","0","0","0","0","2","0","20","3","2","41.9001408333","-87.6240238036","POINT (-87.624023803631 41.900140833331)"
"4dcd0dd3b288d48213528cb4e1918fa701190fa04b0b523e2e862b1501c9a42b39205155b54fa0d7054d3c04dec2b7540ac3540aa25a185e1e34a4e0c3bb9c0b",,"2026-02-10T20:30:00.000","30","UNKNOWN","UNKNOWN","UNKNOWN","UNKNOWN","REAR END","NOT DIVIDED",,"STRAIGHT AND LEVEL","UNKNOWN","UNKNOWN","NOT ON SCENE (DESK REPORT)","NO INJURY / DRIVE AWAY","Y",,,"OVER $1,500","2026-02-15T14:00:00.000","UNABLE TO DETERMINE","NOT APPLICABLE","8348","W","FOREST PRESERVE AVE","1631",,,,,,,"2","NO INDICATION OF INJURY","0","0","0","0","0","2","0","20","3","2","41.9406472833","-87.8356880052","POINT (-87.835688005221 41.940647283341)"
"7f4d750af74f26cf1b3f4385904414597b049d659e663650e5afae2d9833e0c7302183547f6d2c5a2521551eda663d9b8dc46184b32deaf4ba847cd0e37025a5",,"2026-02-10T20:30:00.000","30","TRAFFIC SIGNAL","UNKNOWN","UNKNOWN","UNKNOWN","TURNING","NOT DIVIDED",,"STRAIGHT AND LEVEL","UNKNOWN","UNKNOWN","NOT ON SCENE (DESK REPORT)","NO INJURY / DRIVE AWAY",,,,"OVER $1,500","2026-02-10T21:30:00.000","NOT APPLICABLE","NOT APPLICABLE","3409","W","ROOSEVELT RD","1021",,,,,,,"2","NO INDICATION OF INJURY","0","0","0","0","0","2","0","20","3","2","41.8662337777","-87.7109653156","POINT (-87.710965315582 41.866233777685)"
"566cd4e400655eebea10f438bd17c1103654f49ac80007215d728747cc2d82a8b2dcb0f1e9af289f1b1da392a138d642a016ecc5b5a3ddf3b757434665d6c1be",,"2026-02-10T20:26:00.000","30","NO CONTROLS","NO CONTROLS","CLEAR","DARKNESS, LIGHTED ROAD","HEAD ON","NOT DIVIDED",,"STRAIGHT AND LEVEL","DRY","UNKNOWN","ON SCENE","NO INJURY / DRIVE AWAY",,,,"OVER $1,500","2026-02-10T20:28:00.000","OPERATING VEHICLE IN ERRATIC, RECKLESS, CARELESS, NEGLIGENT OR AGGRESSIVE MANNER","DRIVING SKILLS/KNOWLEDGE/EXPERIENCE","4202","W","ROOSEVELT RD","1132",,,,,,,"2","NO INDICATION OF INJURY","0","0","0","0","0","2","0","20","3","2","41.8662095026","-87.7302066517","POINT (-87.730206651651 41.866209502567)"
"8d81ac13e805543155082dc4fbb52f3ae2dc4ccb9b7b25c711cec5563073973617e44add3f0ae0bb8757aeaf23db86e3148e2f6be64d1734b6a8eacda88e71a6",,"2026-02-10T20:23:00.000","30","TRAFFIC SIGNAL","UNKNOWN","UNKNOWN","UNKNOWN","TURNING","FOUR WAY",,"STRAIGHT AND LEVEL","UNKNOWN","UNKNOWN","NOT ON SCENE (DESK REPORT)","NO INJURY / DRIVE AWAY",,,"Y","OVER $1,500","2026-02-10T21:40:00.000","DRIVING SKILLS/KNOWLEDGE/EXPERIENCE","NOT APPLICABLE","300","S","SACRAMENTO BLVD","1124",,,,,,,"2","NO INDICATION OF INJURY","0","0","0","0","0","2","0","20","3","2","41.8773028284","-87.7012537884","POINT (-87.701253788355 41.877302828389)"
"1df407131d46ed236caf03149ff38378c77c99f2f877871953ffdd522ba22737a17cd6cabc052e5c28a6e853f0f17140e3721ceee2dd6e9787cb83136cf09530",,"2026-02-10T20:20:00.000","20","UNKNOWN","UNKNOWN","SNOW","DARKNESS, LIGHTED ROAD","PEDESTRIAN","UNKNOWN",,"STRAIGHT AND LEVEL","WET","NO DEFECTS","NOT ON SCENE (DESK REPORT)","INJURY AND / OR TOW DUE TO CRASH",,,"Y","$500 OR LESS","2026-02-18T19:30:00.000","FAILING TO YIELD RIGHT-OF-WAY","FAILING TO YIELD RIGHT-OF-WAY","5500","S","CORNELL AVE","235",,,,,,,"2","NONINCAPACITATING INJURY","1","0","0","1","0","1","0","20","3","2","41.7951192101","-87.5855552598","POINT (-87.58555525977 41.79511921014)"
"655545d9e2fd783a62f28cd32c42c1f78384c117b698c9738b2561fcdf13f245c4323bb9ba9c40ec3455b13d1e201877cf3c3033eda05c993764a40f41424f3b",,"2026-02-10T20:20:00.000","30","TRAFFIC SIGNAL","FUNCTIONING PROPERLY","CLEAR","DARKNESS, LIGHTED ROAD","SIDESWIPE SAME DIRECTION","NOT DIVIDED",,"STRAIGHT AND LEVEL","DRY","NO DEFECTS","ON SCENE","NO INJURY / DRIVE AWAY",,,"Y","OVER $1,500","2026-02-10T20:23:00.000","OPERATING VEHICLE IN ERRATIC, RECKLESS, CARELESS, NEGLIGENT OR AGGRESSIVE MANNER","UNABLE TO DETERMINE","4006","W","47TH ST","815",,,,,,,"2","NO INDICATION OF INJURY","0","0","0","0","0","3","0","20","3","2","41.8079893672","-87.7239264252","POINT (-87.723926425184 41.807989367173)"
"75434d1f3123c67c23fc3af690875e8937eada3429ab969e5efaee910f537085834d28569d114480d379f80b147ea11a113c92a3db8a789accf9bed9b9fe5487",,"2026-02-10T20:20:00.000","30","NO CONTROLS","NO CONTROLS","CLEAR","DARKNESS, LIGHTED ROAD","SIDESWIPE SAME DIRECTION","NOT DIVIDED",,"STRAIGHT AND LEVEL","UNKNOWN","UNKNOWN","NOT ON SCENE (DESK REPORT)","NO INJURY / DRIVE AWAY",,,"Y","OVER $1,500","2026-02-10T20:40:00.000","DRIVING SKILLS/KNOWLEDGE/EXPERIENCE","NOT APPLICABLE","4700","S","PULASKI RD","815",,,,,,,"2","NO INDICATION OF INJURY","0","0","0","0","0","3","0","20","3","2","41.8077887691","-87.7237303316","POINT (-87.72373033158 41.807788769095)"
"e8c3a1d6b04abd021cd67717d8e57061adc502dbe11d966a4a7a46ff547d0aff2727133270ee42c72924aafacc561f57e9ed9a15a84b7dbb707673ff8231fac7",,"2026-02-10T19:54:00.000","30","TRAFFIC SIGNAL","FUNCTIONING PROPERLY","CLEAR","DARKNESS, LIGHTED ROAD","PEDESTRIAN","DIVIDED - W/MEDIAN (NOT RAISED)",,"STRAIGHT AND LEVEL","DRY","NO DEFECTS","ON SCENE","NO INJURY / DRIVE AWAY",,,,"OVER $1,500","2026-02-10T20:04:00.000","UNABLE TO DETERMINE","UNABLE TO DETERMINE","101","W","IDA B WELLS DR","123",,"Y",,,,,"2","NO INDICATION OF INJURY","0","0","0","0","0","2","0","19","3","2","41.875499909","-87.6307582499","POINT (-87.63075824989 41.875499909006)"
"6990aa546bf8973feed07d4bf9245be6de9f2ef2c6d8f6e6b066552a6070c5f89ca26da74291c1fc19fc979855ae51ed160b1f5765b816e9d6cbe8f51f69dd3e",,"2026-02-10T19:50:00.000","15","NO CONTROLS","NO CONTROLS","CLEAR","DARKNESS, LIGHTED ROAD","FIXED OBJECT","PARKING LOT",,"STRAIGHT AND LEVEL","DRY","NO DEFECTS","ON SCENE","NO INJURY / DRIVE AWAY",,"Y",,"$501 - $1,500","2026-02-10T20:32:00.000","DRIVING SKILLS/KNOWLEDGE/EXPERIENCE","DRIVING SKILLS/KNOWLEDGE/EXPERIENCE","3640","N","HALSTED ST","1923",,,,,,,"1","NO INDICATION OF INJURY","0","0","0","0","0","1","0","19","3","2","41.948519803","-87.6496701249","POINT (-87.649670124865 41.948519803033)"
"cc9f7d6cd810b0f1edc7e835c9d51bd362ab68f72c5b1f6b01aacb7148ce37f0c5b6d1985f0db7492b11df5138aa5c6561ae24d0a41e7bd0a368510e232fadf8",,"2026-02-10T19:50:00.000","25","NO CONTROLS","NO CONTROLS","CLEAR","DARKNESS","FIXED OBJECT","OTHER",,"STRAIGHT AND LEVEL","DRY","NO DEFECTS","ON SCENE","INJURY AND / OR TOW DUE TO CRASH",,,,"OVER $1,500","2026-02-10T19:51:00.000","UNABLE TO DETERMINE","NOT APPLICABLE","9900","S","GREEN ST","2232",,,,,,,"1","NO INDICATION OF INJURY","0","0","0","0","0","4","0","19","3","2","41.714111405","-87.6443798855","POINT (-87.644379885501 41.714111405034)"
"b81723c7901c69ed924fe44b9cf862018fcef450c042985e40186d7eb5061bc4d9c94e207495c28abc6ca4d210f4486eac93d55ed29eabf25e9f2e513258941d",,"2026-02-10T19:45:00.000","30","TRAFFIC SIGNAL","UNKNOWN","CLEAR","DARKNESS, LIGHTED ROAD","PEDALCYCLIST","NOT DIVIDED",,"STRAIGHT AND LEVEL","DRY","UNKNOWN",,"INJURY AND / OR TOW DUE TO CRASH",,,"Y","$501 - $1,500","2026-02-10T19:45:00.000","IMPROPER OVERTAKING/PASSING","NOT APPLICABLE","1201","N","CLYBOURN AVE","1821",,,,,,,"2","REPORTED, NOT EVIDENT","1","0","0","0","1","1","0","19","3","2","41.9038916804","-87.6395606204","POINT (-87.639560620378 41.903891680376)"