"crash_record_id","crash_date_est_i","crash_date","posted_speed_limit","traffic_control_device","device_condition","weather_condition","lighting_condition","first_crash_type","trafficway_type","lane_cnt","alignment","roadway_surface_cond","road_defect","report_type","crash_type","intersection_related_i","private_property_i","hit_and_run_i","damage","date_police_notified","prim_contributory_cause","sec_contributory_cause","street_no","street_direction","street_name","beat_of_occurrence","photos_taken_i","statements_taken_i","dooring_i","work_zone_i","work_zone_type","workers_present_i","num_units","most_severe_injury","injuries_total","injuries_fatal","injuries_incapacitating","injuries_non_incapacitating","injuries_reported_not_evident","injuries_no_indication","injuries_unknown","crash_hour","crash_day_of_week","crash_month","latitude","longitude","location"
"779b3807d74d615c9cd0cccbbd6a660bbcf620949a71c931a26721137e81417184f512e988b4a1a03039ee14ec0b85d2d4f80a4b8a413a5e341826bf254c7eb4",,"2026-02-10T19:36:00.000","30","NO CONTROLS","NO CONTROLS","CLEAR","DARKNESS, LIGHTED ROAD","PARKED MOTOR VEHICLE","NOT DIVIDED",,"STRAIGHT AND LEVEL","SNOW OR SLUSH","NO DEFECTS","ON SCENE","INJURY AND / OR TOW DUE TO CRASH",,,"Y","OVER $1,500","2026-02-10T19:40:00.000","UNABLE TO DETERMINE","UNABLE TO DETERMINE","7157","W","DIVERSEY AVE","2512",,,,,,,"2","NO INDICATION OF INJURY","0","0","0","0","0","1","0","19","3","2","41.9306588061","-87.8051243628","POINT (-87.805124362805 41.930658806061)"
"68553af0bcc97d15fa8c4c4b10bdf93673abebe17397fd91b7600cf1f3c21940ce42106a23bb642ee8cefef420cb33915f8805eb29ea44b81eb14ace74d02dae",,"2026-02-10T19:35:00.000","30","TRAFFIC SIGNAL","FUNCTIONING PROPERLY","CLEAR","DARKNESS, LIGHTED ROAD","REAR END","NOT DIVIDED",,"STRAIGHT AND LEVEL","DRY","NO DEFECTS",,"NO INJURY / DRIVE AWAY",,,"Y","$501 - $1,500","2026-02-10T19:46:00.000","FOLLOWING TOO CLOSELY","FOLLOWING TOO CLOSELY","3805","W","ROOSEVELT RD","1011",,,,,,,"2","NO INDICATION OF INJURY","0","0","0","0","0","2","0","19","3","2","41.8661271705","-87.7203377379","POINT (-87.720337737863 41.86612717046)"
"5790183169d0e5c57ade69179fe88b0ca778543a55037312b01f69b09f84cfc0b5f86f2eb78365711707eb3eebaf392a62dd891c6b38cbeac5bd24e0545061ab",,"2026-02-10T19:30:00.000","30","TRAFFIC SIGNAL","FUNCTIONING PROPERLY","CLEAR","DARKNESS, LIGHTED ROAD","REAR END","FOUR WAY",,"STRAIGHT AND LEVEL","DRY","NO DEFECTS","NOT ON SCENE (DESK REPORT)","NO INJURY / DRIVE AWAY",,,"Y","OVER $1,500","2026-02-10T19:45:00.000","FAILING TO YIELD RIGHT-OF-WAY","IMPROPER OVERTAKING/PASSING","1599","W","63RD ST","725",,,,,,,"2","NO INDICATION OF INJURY","0","0","0","0","0","4","0","19","3","2","41.7793586603","-87.6641484616","POINT (-87.664148461581 41.779358660308)"
"f0f7f877123a33b05adfc5e0bc86f648637d830c37117dfd87cef5783e01e13acf4b74797a1d2528e54627f865c2df3bcc4a2dec538db85221bf9a2a1245b951",,"2026-02-10T19:20:00.000","30","TRAFFIC SIGNAL","FUNCTIONING PROPERLY","CLEAR","DARKNESS, LIGHTED ROAD","FIXED OBJECT","FOUR WAY",,"STRAIGHT AND LEVEL","DRY","NO DEFECTS","ON SCENE","INJURY AND / OR TOW DUE TO CRASH",,,,"OVER $1,500","2026-02-10T19:20:00.000","UNABLE TO DETERMINE","NOT APPLICABLE","3900","S","WESTERN BLVD","921",,,,,,,"1","NO INDICATION OF INJURY","0","0","0","0","0","1","0","19","3","2","41.8229636279","-87.6843847854","POINT (-87.684384785413 41.82296362788)"
"b3c66bbb75e35d4a7967ff49bac83d35099ec08a168662183ddf44accc8c153cd98e31dbddb603c9fb1dcde77b7cb46f7f834bf22040b4eb99ec11cb7754c0ea",,"2026-02-10T19:15:00.000","25","NO CONTROLS","NO CONTROLS","UNKNOWN","DARKNESS","SIDESWIPE OPPOSITE DIRECTION","NOT DIVIDED",,"STRAIGHT AND LEVEL","WET","UNKNOWN","NOT ON SCENE (DESK REPORT)","NO INJURY / DRIVE AWAY",,,"Y","OVER $1,500","2026-02-16T18:00:00.000","UNABLE TO DETERMINE","UNABLE TO DETERMINE","6650","S","DORCHESTER AVE","321",,,,,,,"2","NO INDICATION OF INJURY","0","0","0","0","0","2","0","19","3","2","41.7736417463","-87.5916506393","POINT (-87.591650639342 41.773641746347)"
"a3c896cb7a117bc7c79de3e8aed16db28a5af1258d108ca13b2a9921a0ce1b880f2f03a1dcdf0fbc99929e9736a6ae5197e174826550f6da28b0a8e356a1b2a5",,"2026-02-10T19:14:00.000","45","NO CONTROLS","NO CONTROLS","CLEAR","DARKNESS, LIGHTED ROAD","SIDESWIPE SAME DIRECTION","RAMP",,"STRAIGHT AND LEVEL","WET","NO DEFECTS","ON SCENE","INJURY AND / OR TOW DUE TO CRASH",,,,"OVER $1,500","2026-02-10T19:14:00.000","UNABLE TO DETERMINE","UNABLE TO DETERMINE","2300","S","LAKE SHORE DR SB","132",,,,,,,"2","NONINCAPACITATING INJURY","1","0","0","1","0","4","0","19","3","2","41.8510197772","-87.6138821225","POINT (-87.613882122521 41.8510197772)"
"b8f7a926773f4753053f45e81ae1a0af5aa15c80188508cb70eb4e826106a63886f3d3c2ab2a1837823c8387fd46882806deb287defd5b4caa08faec709ec1e2",,"2026-02-10T19:00:00.000","30","TRAFFIC SIGNAL","FUNCTIONING PROPERLY","CLEAR","DARKNESS, LIGHTED ROAD","REAR END","NOT DIVIDED",,"STRAIGHT AND LEVEL","DRY","NO DEFECTS","ON SCENE","NO INJURY / DRIVE AWAY","Y",,,"OVER $1,500","2026-02-10T19:10:00.000","UNABLE TO DETERMINE","UNABLE TO DETERMINE","1922","E","130TH ST","434",,,,,,,"2","NO INDICATION OF INJURY","0","0","0","0","0","2","0","19","3","2","41.6593041719","-87.5777961476","POINT (-87.577796147584 41.659304171927)"
"e377ed1110ae08e5a8de0e5fa80da3ddfb53a8ad4a2f7ba1d09d94c5e0549a7159bc1dcda45e3c90afc795270a0f91c9b471a0c10c0d2021b5ddccbf28900717",,"2026-02-10T18:50:00.000","30","NO CONTROLS","NO CONTROLS","CLEAR","DARKNESS, LIGHTED ROAD","REAR END","DIVIDED - W/MEDIAN (NOT RAISED)",,"STRAIGHT AND LEVEL","DRY","NO DEFECTS","ON SCENE","NO INJURY / DRIVE AWAY",,,,"OVER $1,500","2026-02-10T18:52:00.000","FOLLOWING TOO CLOSELY","UNABLE TO DETERMINE","926","N","CICERO AVE","1531",,,,,,,"2","NO INDICATION OF INJURY","0","0","0","0","0","2","0","18","3","2","41.8977207785","-87.746011334","POINT (-87.746011333964 41.897720778468)"
"88d20791fcb064df19637a6ad94e9ff4ffe4914e2fb5282917e87cd94f700c1c2b18b1fbf9c2e32f9e4bc9089478d4eb96a20131ddddc75554c139d0ccc23b81","N","2026-02-10T18:45:00.000","15","NO CONTROLS","NO CONTROLS","CLEAR","UNKNOWN","PARKED MOTOR VEHICLE","PARKING LOT",,"STRAIGHT AND LEVEL","DRY","NO DEFECTS","ON SCENE","NO INJURY / DRIVE AWAY",,,"Y","$500 OR LESS","2026-02-10T19:05:00.000","UNABLE TO DETERMINE","NOT APPLICABLE","5420","W","ROOSEVELT RD","1522",,,,,,,"2","NO INDICATION OF INJURY","0","0","0","0","0","1","0","18","3","2","41.8657774484","-87.7601197722","POINT (-87.760119772238 41.865777448438)"
"85999db1418d6ff10826c09c61969b569e546994d3941c61d5ffb3deff8f3f4cf346a01339016e0040ed2e760540d67d9219128f4c18969bc26474601b9f33fd",,"2026-02-10T18:40:00.000","30","NO CONTROLS","NO CONTROLS","CLEAR","DARKNESS, LIGHTED ROAD","ANGLE","NOT DIVIDED",,"STRAIGHT AND LEVEL","DRY","NO DEFECTS","NOT ON SCENE (DESK REPORT)","NO INJURY / DRIVE AWAY",,,,"OVER $1,500","2026-02-10T18:59:00.000","FAILING TO YIELD RIGHT-OF-WAY","NOT APPLICABLE","5852","S","WESTERN AVE","824",,,,,,,"2","NO INDICATION OF INJURY","0","0","0","0","0","5","0","18","3","2","41.7867880859","-87.6839848829","POINT (-87.683984882873 41.786788085901)"
"3b846c73c463c7db425695a085f9e409ea06558f64ac75067a99944cf151cf6d92bc813d72d56c4f5465d555d88b6dc9c916bae3157709c1e142a227ed27d6e3",,"2026-02-10T18:35:00.000","30","NO CONTROLS","OTHER","CLEAR","DARKNESS, LIGHTED ROAD","SIDESWIPE SAME DIRECTION","NOT DIVIDED",,"STRAIGHT AND LEVEL","DRY","NO DEFECTS","ON SCENE","INJURY AND / OR TOW DUE TO CRASH",,,,"OVER $1,500","2026-02-10T18:57:00.000","IMPROPER LANE USAGE","NOT APPLICABLE","808","S","MICHIGAN AVE","123",,,,,,,"2","NO INDICATION OF INJURY","0","0","0","0","0","2","0","18","3","2","41.8717175481","-87.6243127769","POINT (-87.624312776897 41.87171754808)"
"c477e7767e98f261abc96ecd15bacabb689e12ef3e1e8ecd33a276542f0df913b3810c386cc147e7e985c727d74c84021083c1dbcf55c034e9fbebcb8a22faa6",,"2026-02-10T18:33:00.000","25","OTHER","FUNCTIONING PROPERLY","OTHER","DARKNESS, LIGHTED ROAD","TURNING","FOUR WAY",,"STRAIGHT AND LEVEL","OTHER","UNKNOWN","ON SCENE","NO INJURY / DRIVE AWAY",,,"Y","$500 OR LESS","2026-02-10T19:22:00.000","IMPROPER OVERTAKING/PASSING","FOLLOWING TOO CLOSELY","6400","N","HOYNE AVE","2412","Y",,,,,,"2","NO INDICATION OF INJURY","0","0","0","0","0","2","0","18","3","2","41.9979413689","-87.6827229341","POINT (-87.682722934092 41.997941368907)"
"4e0fc84132c4fede227c1be00178e67082d2ad6fcc1de218e6640dfdf8bd542cfed494237405f78c47f30754b527208f4ee6cb809ae9ec840536448b540ca42d","N","2026-02-10T18:30:00.000","30","NO CONTROLS","NO CONTROLS","CLEAR","DARKNESS, LIGHTED ROAD","PARKED MOTOR VEHICLE","NOT DIVIDED",,"STRAIGHT AND LEVEL","DRY","UNKNOWN","ON SCENE","NO INJURY / DRIVE AWAY",,,,"OVER $1,500","2026-02-10T20:35:00.000","IMPROPER LANE USAGE","IMPROPER LANE USAGE","4358","N","ELSTON AVE","1722",,,,,,,"2","NO INDICATION OF INJURY","0","0","0","0","0","1","0","18","3","2","41.9599519347","-87.7284975496","POINT (-87.728497549567 41.959951934695)"
"567ab13aa952bf55213588e135031f16432b2020b4f59baad5e291515e3464f4caaa46a96cebd2b9bc2a736aa9b9c9df3e9fa14d973bf3fdeb24ffd65bccbdef",,"2026-02-10T18:30:00.000","30","NO CONTROLS","NO CONTROLS","CLEAR","UNKNOWN","TURNING","NOT DIVIDED",,"STRAIGHT AND LEVEL","DRY","NO DEFECTS","NOT ON SCENE (DESK REPORT)","NO INJURY / DRIVE AWAY",,,,"OVER $1,500","2026-02-11T11:56:00.000","UNABLE TO DETERMINE","UNABLE TO DETERMINE","5852","S","WESTERN AVE","824",,,,,,,"2","NO INDICATION OF INJURY","0","0","0","0","0","2","0","18","3","2","41.7867880859","-87.6839848829","POINT (-87.683984882873 41.786788085901)"
"677584d39d1288b09511674a3e98acc67be75cae26d8e8fbdb646b40c840b08b230f1d2676ed17137276c584ccedb6730c9bd4229f7e9b70ae4e63b65e17fab2",,"2026-02-10T18:30:00.000","30","TRAFFIC SIGNAL","FUNCTIONING PROPERLY","CLEAR","DARKNESS, LIGHTED ROAD","SIDESWIPE SAME DIRECTION","ONE-WAY",,"STRAIGHT AND LEVEL","UNKNOWN","UNKNOWN","NOT ON SCENE (DESK REPORT)","NO INJURY / DRIVE AWAY",,,,"OVER $1,500","2026-02-10T19:00:00.000","FAILING TO YIELD RIGHT-OF-WAY","NOT APPLICABLE","157","W","ONTARIO ST","1832",,,,,,,"2","NO INDICATION OF INJURY","0","0","0","0","0","2","0","18","3","2","41.8930881399","-87.6334165522","POINT (-87.633416552181 41.893088139941)"
"3e7b5fe636091ff46d742c32ecc91a52536cc8db97ce7d92319362484c2159adee3c94eabfc76904aa9cd705ea6445b2d12ca095c1a87f43fe9b592296be384a",,"2026-02-10T18:20:00.000","30","NO CONTROLS","NO CONTROLS","CLEAR","DAYLIGHT","REAR END","NOT DIVIDED",,"STRAIGHT AND LEVEL","DRY","NO DEFECTS","NOT ON SCENE (DESK REPORT)","NO INJURY / DRIVE AWAY",,,,"$501 - $1,500","2026-02-12T18:15:00.000","FOLLOWING TOO CLOSELY","FOLLOWING TOO CLOSELY","2200","W","FULLERTON AVE","1432",,,,,,,"2","NO INDICATION OF INJURY","0","0","0","0","0","2","0","18","3","2","41.925064062","-87.6836816475","POINT (-87.683681647531 41.925064061997)"
"c496f361acd41c6f965ff8cee9ae82a91d4a9bc138650305e470b4feecf475278dfc7e228719918881f84567d7cf67b6990c2a63e33fdd638564b62d798ebb79",,"2026-02-10T18:20:00.000","50","TRAFFIC SIGNAL","FUNCTIONING PROPERLY","CLEAR","DARKNESS, LIGHTED ROAD","REAR END","DIVIDED - W/MEDIAN BARRIER",,"STRAIGHT AND LEVEL","DRY","NO DEFECTS","ON SCENE","NO INJURY / DRIVE AWAY",,,,"$500 OR LESS","2026-02-10T18:23:00.000","UNABLE TO DETERMINE","FOLLOWING TOO CLOSELY","6401","N","MANNHEIM RD","1654",,,,,,,"2","NO INDICATION OF INJURY","0","0","0","0","0","3","0","18","3","2","41.9950812393","-87.8843952457","POINT (-87.884395245688 41.995081239342)"
"7eb9233cfb3d02cbf7c7721912703dc1a19d384b6a04dc91fdc040ecd6069d0d37316be8ce6003466b991e33e9985ed60a2543e50db2c8441e749324c137e9b0",,"2026-02-10T18:10:00.000","30","UNKNOWN","UNKNOWN","UNKNOWN","UNKNOWN","FIXED OBJECT","ONE-WAY",,"STRAIGHT AND LEVEL","UNKNOWN","UNKNOWN","NOT ON SCENE (DESK REPORT)","INJURY AND / OR TOW DUE TO CRASH",,,"Y","OVER $1,500","2026-02-10T18:10:00.000","OPERATING VEHICLE IN ERRATIC, RECKLESS, CARELESS, NEGLIGENT OR AGGRESSIVE MANNER","UNABLE TO DETERMINE","1845","S","ALBANY AVE","1022",,,,,,,"1","REPORTED, NOT EVIDENT","1","0","0","0","1","0","0","18","3","2","41.8559342938","-87.7027034625","POINT (-87.702703462482 41.855934293798)"
"3c4e9f61f419a930e7184b0efbc4a3f9b38a7c97471e385d886eb40254b04a8a441f42d8e0f98ef775fabb12286c58152096416a03eca3b1375d1104ef6d3afa",,"2026-02-10T18:08:00.000","30","NO CONTROLS","NO CONTROLS","CLEAR","DARKNESS, LIGHTED ROAD","ANGLE","DIVIDED - W/MEDIAN (NOT RAISED)",,"STRAIGHT AND LEVEL","DRY","NO DEFECTS","ON SCENE","NO INJURY / DRIVE AWAY",,,,"OVER $1,500","2026-02-10T18:24:00.000","FAILING TO YIELD RIGHT-OF-WAY","NOT APPLICABLE","5915","S","PULASKI RD","822",,,,,,,"2","NO INDICATION OF INJURY","0","0","0","0","0","4","0","18","3","2","41.7854167659","-87.7227999661","POINT (-87.722799966071 41.785416765876)"
"0e6bb30a531d2786d49873300026773070e6638ca5cdf2b68abe0cf7f6278099e1f55b5dac5a952f804ae612592c9ae867aa1f1611c8055bc23abe5897e84939","Y","2026-02-10T18:07:00.000","30","UNKNOWN","UNKNOWN","UNKNOWN","UNKNOWN","SIDESWIPE SAME DIRECTION","NOT DIVIDED",,"STRAIGHT AND LEVEL","UNKNOWN","UNKNOWN","NOT ON SCENE (DESK REPORT)","NO INJURY / DRIVE AWAY",,,"Y","OVER $1,500","2026-02-10T18:50:00.000","UNABLE TO DETERMINE","NOT APPLICABLE","555","E","87TH ST","632",,,,,,,"2","NO INDICATION OF INJURY","0","0","0","0","0","2","0","18","3","2","41.7364655694","-87.6099017083","POINT (-87.609901708282 41.736465569426)"
"1c0640e6f159f0158b679e87bca2cbbbe482654bb5fbcd327e4ecb42a86977b8950d81c8ea3a718b5e3fecbc757cb3e412a021063ce7b17a27e619909ee3eb84",,"2026-02-10T18:05:00.000","30","NO CONTROLS","NO CONTROLS","CLEAR","DAYLIGHT","SIDESWIPE SAME DIRECTION","NOT DIVIDED",,"STRAIGHT AND LEVEL","DRY","UNKNOWN","NOT ON SCENE (DESK REPORT)","NO INJURY / DRIVE AWAY",,,,"$500 OR LESS","2026-02-12T19:18:00.000","UNABLE TO DETERMINE","UNABLE TO DETERMINE","6016","W","63RD ST","812",,,,,,,"2","NO INDICATION OF INJURY","0","0","0","0","0","2","0","18","3","2","41.7779581596","-87.772294196","POINT (-87.772294196007 41.777958159629)"
"a10f84038064ac5d5a10c38de022349b7fa07fbeb191266f2ab34dd31dad56ca47a601fdef2ac27d0e3c6eb3294f7b69fca73e95569c6da03ccf2098b5df9185",,"2026-02-10T18:00:00.000","45","NO CONTROLS","NO CONTROLS","CLEAR","DARKNESS, LIGHTED ROAD","REAR END","DIVIDED - W/MEDIAN BARRIER",,"STRAIGHT AND LEVEL","DRY","UNKNOWN","NOT ON SCENE (DESK REPORT)","INJURY AND / OR TOW DUE TO CRASH",,,"Y","OVER $1,500","2026-02-10T18:45:00.000","UNABLE TO DETERMINE","UNABLE TO DETERMINE","601","N","LAKE SHORE DR","1834",,,,,,,"2","REPORTED, NOT EVIDENT","1","0","0","0","1","1","0","18","3","2","41.8926901038","-87.6142652101","POINT (-87.614265210134 41.892690103779)"
"a803666ea87d0e5f8195a7c0fd1180357ecd6f636407b99cb61a29cbe6c8ff4a14d92f13ee499e8ddcb4231765818af74d847ed6cc53c8875140be7977bf8bff",,"2026-02-10T18:00:00.000","10","NO CONTROLS","NO CONTROLS","UNKNOWN","DARKNESS, LIGHTED ROAD","PARKED MOTOR VEHICLE","PARKING LOT",,"STRAIGHT AND LEVEL","UNKNOWN","UNKNOWN","NOT ON SCENE (DESK REPORT)","NO INJURY / DRIVE AWAY",,,"Y","OVER $1,500","2026-02-10T20:55:00.000","UNABLE TO DETERMINE","UNABLE TO DETERMINE","4641","W","DIVERSEY AVE","2521",,,,,,,"2","NO INDICATION OF INJURY","0","0","0","0","0","1","0","18","3","2","41.9314627602","-87.7435604603","POINT (-87.743560460316 41.931462760237)"
"aae4bdad76f9baef2e04f6439029b7724e7217ba161d169e3ab69cc5c53536bb3bf440fb3353e85c76b82ac4f5efc55b393df589194af1189be42dba5be8de5b",,"2026-02-10T18:00:00.000","30","NO CONTROLS","NO CONTROLS","CLEAR","DUSK","PARKED MOTOR VEHICLE","DIVIDED - W/MEDIAN (NOT RAISED)",,"STRAIGHT AND LEVEL","DRY","NO DEFECTS","NOT ON SCENE (DESK REPORT)","NO INJURY / DRIVE AWAY",,,,"$500 OR LESS","2026-02-19T16:00:00.000","IMPROPER BACKING","IMPROPER BACKING","9","W","KINZIE ST","1831",,,,,,,"2","NO INDICATION OF INJURY","0","0","0","0","0","1","0","18","3","2","41.8891372706","-87.6284300598","POINT (-87.628430059843 41.889137270566)"
"d29175153df5cede4559640b04a38aeda325333ca2aa178df8b0cd1f18c54caea7956b9294a4079754e3d20e7f487a0adac4c86b2503afacadaced126b3a5f8b",,"2026-02-10T18:00:00.000","30","TRAFFIC SIGNAL","FUNCTIONING PROPERLY","CLEAR","DARKNESS, LIGHTED ROAD","REAR END","FOUR WAY",,"STRAIGHT AND LEVEL","DRY","NO DEFECTS","NOT ON SCENE (DESK REPORT)","NO INJURY / DRIVE AWAY","Y",,,"OVER $1,500","2026-02-11T11:00:00.000","UNABLE TO DETERMINE","UNABLE TO DETERMINE","3157","W","HARRISON ST","1134",,,,,,,"3","NO INDICATION OF INJURY","0","0","0","0","0","3","0","18","3","2","41.8735799976","-87.705716311","POINT (-87.705716310993 41.873579997633)"
"e4782816cc05cb3f8d41d01ba8dcd37e9ff0dd217a9cea101fb86a7b8373de14ff40bde6149bb9d12ea7f2089e249dab082052a6a9bad25fd5fc80c81e6b2158",,"2026-02-10T18:00:00.000","25","NO CONTROLS","NO CONTROLS","CLEAR","DAYLIGHT","PARKED MOTOR VEHICLE","PARKING LOT",,"STRAIGHT AND LEVEL","DRY","NO DEFECTS","NOT ON SCENE (DESK REPORT)","NO INJURY / DRIVE AWAY",,,"Y","OVER $1,500","2026-02-17T17:20:00.000","UNABLE TO DETERMINE","UNABLE TO DETERMINE","1111","S","HOMAN AVE","1134",,,,,,,"2","NO INDICATION OF INJURY","0","0","0","0","0","1","0","18","3","2","41.867803063","-87.7104409869","POINT (-87.710440986949 41.867803062971)"
"a883d0db45caf1dbe8e0cb0a91a137c5735bc41638e87fe1dae9ef20519dfc80701845339bbab4fa3c82bcb8607267fd3c0739475bfc0b098839c68270344ff0",,"2026-02-10T17:56:00.000","30","STOP SIGN/FLASHER","FUNCTIONING PROPERLY","CLEAR","DUSK","ANGLE","DIVIDED - W/MEDIAN (NOT RAISED)",,"STRAIGHT AND LEVEL","DRY","UNKNOWN","ON SCENE","INJURY AND / OR TOW DUE TO CRASH","N",,,"OVER $1,500","2026-02-10T17:56:00.000","FAILING TO YIELD RIGHT-OF-WAY","FAILING TO REDUCE SPEED TO AVOID CRASH","1828","W","NORTH AVE","1434",,,,,,,"2","NO INDICATION OF INJURY","0","0","0","0","0","5","0","17","3","2","41.9106522944","-87.6737412533","POINT (-87.673741253308 41.910652294374)"
"46de61310ff00ad6ef21c18be538e1ff01fb61938fa551be9c8d0163b060c64cac18356bfeac2d0661fe6e02c917521dec84f26733941a2045c132c097ad543c",,"2026-02-10T17:55:00.000","30","TRAFFIC SIGNAL","FUNCTIONING PROPERLY","CLEAR","DARKNESS, LIGHTED ROAD","REAR END","NOT DIVIDED",,"STRAIGHT AND LEVEL","DRY","NO DEFECTS",,"NO INJURY / DRIVE AWAY",,,"Y","OVER $1,500","2026-02-10T18:15:00.000","FOLLOWING TOO CLOSELY","FOLLOWING TOO CLOSELY","4400","W","OGDEN AVE","1013",,,,,,,"2","NO INDICATION OF INJURY","0","0","0","0","0","2","0","17","3","2","41.8477775228","-87.7345059687","POINT (-87.734505968748 41.847777522805)"
"d3e2f7dca242227f32922ae9a559acb5a47eb45ea33f43562a296ca74933ffa0e6d8c1b238cdd20b0d8cbecfffb5222f664e200c13d243f5510b4547043d3f80",,"2026-02-10T17:52:00.000","35","TRAFFIC SIGNAL","FUNCTIONING PROPERLY","CLEAR","DARKNESS, LIGHTED ROAD","PEDESTRIAN","FOUR WAY",,"STRAIGHT AND LEVEL","DRY","NO DEFECTS","ON SCENE","INJURY AND / OR TOW DUE TO CRASH","Y",,"Y","$500 OR LESS","2026-02-10T17:55:00.000","FAILING TO YIELD RIGHT-OF-WAY","FAILING TO YIELD RIGHT-OF-WAY","138","W","OHIO ST","1832",,,,,,,"2","NONINCAPACITATING INJURY","1","0","0","1","0","1","0","17","3","2","41.892519445","-87.6325371047","POINT (-87.632537104698 41.892519445034)"
"5ba0a14a1c4353d2119daa74ecbfa67be46ba3e0ea65c282ef6bca88d28aa59a3e48fdd9d7abc75bcacf62da9cf340fe846d065910ecb2faa8ef48553c03e64d",,"2026-02-10T17:50:00.000","30","TRAFFIC SIGNAL","FUNCTIONING PROPERLY","CLEAR","DARKNESS, LIGHTED ROAD","SIDESWIPE SAME DIRECTION","NOT DIVIDED",,"STRAIGHT AND LEVEL","DRY","NO DEFECTS","ON SCENE","INJURY AND / OR TOW DUE TO CRASH","N",,,"OVER $1,500","2026-02-10T17:59:00.000","DISTRACTION - FROM OUTSIDE VEHICLE","NOT APPLICABLE","220","W","47TH ST","925",,,,,,,"2","NO INDICATION OF INJURY","0","0","0","0","0","3","0","17","3","2","41.8092371636","-87.6318670982","POINT (-87.631867098157 41.809237163628)"
"5915ae431dd285e637a726c4c78e695c2bd49f765e438bdecf960097e5f095d5f8592f0607efbf57b6dca23a42a3c0409a6c4d5e0edfa0b32ed23111dc27d402",,"2026-02-10T17:40:00.000","20","NO CONTROLS","NO CONTROLS","UNKNOWN","UNKNOWN","REAR TO FRONT","NOT DIVIDED",,"STRAIGHT AND LEVEL","UNKNOWN","UNKNOWN","NOT ON SCENE (DESK REPORT)","NO INJURY / DRIVE AWAY",,,"Y","OVER $1,500","2026-02-21T12:00:00.000","IMPROPER BACKING","NOT APPLICABLE","5802","S","WOODLAWN AVE","235",,,,,,,"2","NO INDICATION OF INJURY","0","0","0","0","0","2","0","17","3","2","41.7894742095","-87.5965582552","POINT (-87.596558255219 41.789474209482)"
"9b95c8ebfa6dd150ea307d3df5dbc22284850ad6a19e774aff7ce82e8f6aa1dc0870327ab397efd2f11ad7dfd223309c1dc31a760552431ec8c28a314b057f30",,"2026-02-10T17:40:00.000","30","NO CONTROLS","NO CONTROLS","CLEAR","DARKNESS, LIGHTED ROAD","ANGLE","DIVIDED - W/MEDIAN (NOT RAISED)",,"STRAIGHT AND LEVEL","DRY","UNKNOWN","NOT ON SCENE (DESK REPORT)","NO INJURY / DRIVE AWAY",,,,"OVER $1,500","2026-02-10T19:00:00.000","UNABLE TO DETERMINE","UNABLE TO DETERMINE","1160","W","DIVERSEY PKWY","1933",,,,,,,"2","NO INDICATION OF INJURY","0","0","0","0","0","2","0","17","3","2","41.9326744181","-87.6582286885","POINT (-87.658228688509 41.932674418056)"
"c3f9332f5662d3a12d28028ac84ac239aaeb85949c133bf8806c119cda2991b57b0b916730ead3e8bb4e5d4e4d7e02554cb9456ae90e1bba84fad6e50cbf4f44",,"2026-02-10T17:30:00.000","35","NO CONTROLS","NO CONTROLS","CLEAR","DAYLIGHT","PEDESTRIAN","DIVIDED - W/MEDIAN (NOT RAISED)",,"STRAIGHT AND LEVEL","DRY","SHOULDER DEFECT","NOT ON SCENE (DESK REPORT)","INJURY AND / OR TOW DUE TO CRASH",,,,"OVER $1,500","2026-02-11T18:10:00.000","UNABLE TO DETERMINE","UNABLE TO DETERMINE","9019","S","WALLACE ST","2223",,,,,,,"2","NONINCAPACITATING INJURY","1","0","0","1","0","1","0","17","3","2","41.7303210405","-87.6384488284","POINT (-87.638448828441 41.730321040539)"
"abf161f8690942a713a51131e1ba423c0d2d6b1d0df979d806769c13f6a593e01c6b3c1b9889805b7ab2468dfcbc76dfe9dcaf8bad39f8faf3d86760017798c5",,"2026-02-10T17:15:00.000","30","STOP SIGN/FLASHER","FUNCTIONING PROPERLY","CLEAR","DAYLIGHT","ANGLE","FOUR WAY",,"STRAIGHT AND LEVEL","DRY","NO DEFECTS","NOT ON SCENE (DESK REPORT)","NO INJURY / DRIVE AWAY","Y",,,"OVER $1,500","2026-02-10T18:00:00.000","DRIVING SKILLS/KNOWLEDGE/EXPERIENCE","NOT APPLICABLE","1905","W","FOSTER AVE","2032",,,,,,,"2","NO INDICATION OF INJURY","0","0","0","0","0","2","0","17","3","2","41.9759620695","-87.6766445054","POINT (-87.676644505429 41.97596206952)"
"e588dd0969bf46c43b567fae6de7ff3a11fadeaee9271944b6296d0b6734704b138a1e5fb7b5d335d2ab083ab352a47522df9d46866dc74e7e9208fe1cc18e2c",,"2026-02-10T17:01:00.000","20","NO CONTROLS","NO CONTROLS","CLEAR","DAYLIGHT","TURNING","NOT DIVIDED",,"STRAIGHT AND LEVEL","DRY","NO DEFECTS","NOT ON SCENE (DESK REPORT)","NO INJURY / DRIVE AWAY",,,,"OVER $1,500","2026-02-10T17:12:00.000","FAILING TO YIELD RIGHT-OF-WAY","NOT APPLICABLE","2700","W","59TH ST","824",,,,,,,"2","NO INDICATION OF INJURY","0","0","0","0","0","3","0","17","3","2","41.7865556333","-87.6912202327","POINT (-87.691220232664 41.786555633314)"