"crash_record_id","crash_date_est_i","crash_date","posted_speed_limit","traffic_control_device","device_condition","weather_condition","lighting_condition","first_crash_type","trafficway_type","lane_cnt","alignment","roadway_surface_cond","road_defect","report_type","crash_type","intersection_related_i","private_property_i","hit_and_run_i","damage","date_police_notified","prim_contributory_cause","sec_contributory_cause","street_no","street_direction","street_name","beat_of_occurrence","photos_taken_i","statements_taken_i","dooring_i","work_zone_i","work_zone_type","workers_present_i","num_units","most_severe_injury","injuries_total","injuries_fatal","injuries_incapacitating","injuries_non_incapacitating","injuries_reported_not_evident","injuries_no_indication","injuries_unknown","crash_hour","crash_day_of_week","crash_month","latitude","longitude","location"
"08a19fd418124d0c14f621991f278dfea83741fb61a1e81ef2cb76b1a69cedb7f33731e5f58e14ae241da2b5165d7b5fcb35d0b82db458635745e30feedd2468",,"2026-02-10T17:00:00.000","30","TRAFFIC SIGNAL","FUNCTIONING PROPERLY","CLEAR","DAYLIGHT","SIDESWIPE SAME DIRECTION","DIVIDED - W/MEDIAN (NOT RAISED)",,"STRAIGHT AND LEVEL","DRY","NO DEFECTS","NOT ON SCENE (DESK REPORT)","NO INJURY / DRIVE AWAY",,,"Y","OVER $1,500","2026-02-10T17:25:00.000","IMPROPER LANE USAGE","UNABLE TO DETERMINE","2400","W","DIVERSEY AVE","1411",,,,,,,"2","NO INDICATION OF INJURY","0","0","0","0","0","2","0","17","3","2","41.932287183","-87.6879500934","POINT (-87.687950093412 41.932287182991)"
"2e453dab9e8761b49ec6e655e47bc344eb58a07eddc3305c6bbad64401bdfe8026d08733735935545609d5c19fa5554a1dfb19d68d662601921e6f5629423e33",,"2026-02-10T17:00:00.000","30","NO CONTROLS","NO CONTROLS","CLEAR","DAYLIGHT","PARKED MOTOR VEHICLE","ONE-WAY",,"STRAIGHT AND LEVEL","DRY","NO DEFECTS","NOT ON SCENE (DESK REPORT)","NO INJURY / DRIVE AWAY",,,,"$501 - $1,500","2026-02-10T17:45:00.000","FAILING TO REDUCE SPEED TO AVOID CRASH","IMPROPER LANE USAGE","540","W","MADISON ST","121",,,,,,,"2","NO INDICATION OF INJURY","0","0","0","0","0","3","0","17","3","2","41.8819664488","-87.6412758255","POINT (-87.641275825477 41.881966448756)"
"7c7d875a74151dddcd1f98e140888826b94db81acdc800b98c605a6cf5aa0d5f5e45d9e51ad26138a0d29b9ed4e32c674c039cfbf4b732c8c39e9efa51b5279e",,"2026-02-10T17:00:00.000","20","NO CONTROLS","NO CONTROLS","CLEAR","DAYLIGHT","SIDESWIPE SAME DIRECTION","ONE-WAY",,"STRAIGHT AND LEVEL","DRY","UNKNOWN","NOT ON SCENE (DESK REPORT)","NO INJURY / DRIVE AWAY",,,,"OVER $1,500","2026-02-10T18:15:00.000","UNABLE TO DETERMINE","UNABLE TO DETERMINE","446","E","ONTARIO ST","1834",,,,,,,"2","NO INDICATION OF INJURY","0","0","0","0","0","2","0","17","3","2","41.8935713101","-87.6159474765","POINT (-87.615947476524 41.893571310138)"
"8b8a32158b5b1a891f5db3d410109742a671ed4a4fa19fd8b527a1166c6648968f6d7b6caae93ecb03802feaf7c7e21bd78733af9633eb8754a961a2b2a9c9ec","Y","2026-02-10T17:00:00.000","30","NO CONTROLS","NO CONTROLS","UNKNOWN","UNKNOWN","PARKED MOTOR VEHICLE","NOT DIVIDED",,"STRAIGHT AND LEVEL","UNKNOWN","NO DEFECTS","NOT ON SCENE (DESK REPORT)","NO INJURY / DRIVE AWAY",,,"Y","OVER $1,500","2026-02-11T16:40:00.000","UNABLE TO DETERMINE","NOT APPLICABLE","4043","N","KENMORE AVE","1915",,,,,,,"2","NO INDICATION OF INJURY","0","0","0","0","0","1","0","17","3","2","41.9557128688","-87.6560205874","POINT (-87.656020587423 41.955712868792)"
"baec2ec9ce33c076eff6305946ab2f054f26c9cfc7cea58c3892997790704d89c26b7adb61cc0211a4d1e068b339a47ccaaa59130a5ed96d95323d73eb630f4e",,"2026-02-10T17:00:00.000","45","TRAFFIC SIGNAL","FUNCTIONING PROPERLY","CLEAR","DARKNESS, LIGHTED ROAD","TURNING","Y-INTERSECTION",,"STRAIGHT AND LEVEL","DRY","NO DEFECTS","NOT ON SCENE (DESK REPORT)","NO INJURY / DRIVE AWAY","Y",,"Y","OVER $1,500","2026-02-12T08:00:00.000","IMPROPER LANE USAGE","IMPROPER OVERTAKING/PASSING","5700","S","LAKE SHORE DR","331",,,,,,,"2","NO INDICATION OF INJURY","0","0","0","0","0","2","0","17","3","2","41.7914202821","-87.5801477687","POINT (-87.580147768689 41.791420282098)"
"e79008a414a661de68728da705b5b00c37cf34ac4f7494e4bc912c772813524bc709be6138faea3120862c996aa89c4d15352b9297e7b69a7937fb367ea894e1",,"2026-02-10T17:00:00.000","15","NO CONTROLS","NO CONTROLS","CLEAR","DAYLIGHT","PARKED MOTOR VEHICLE","NOT DIVIDED",,"STRAIGHT AND LEVEL","DRY","NO DEFECTS","ON SCENE","NO INJURY / DRIVE AWAY",,,"Y","OVER $1,500","2026-02-10T18:01:00.000","FOLLOWING TOO CLOSELY","IMPROPER LANE USAGE","1539","N","WASHTENAW AVE","1423",,,,,,,"2","NO INDICATION OF INJURY","0","0","0","0","0","1","0","17","3","2","41.9095871282","-87.6943786345","POINT (-87.694378634548 41.909587128171)"
"9c0b6f438d811c7595ae61853bdfbc235b28ea639d705215c3bbe6729163d55d8a9759da2e404760ea3d9342f575c23faedcef6557f614460bc25297acbde1f5",,"2026-02-10T16:55:00.000","15","NO CONTROLS","NO CONTROLS","CLEAR","DAYLIGHT","PARKED MOTOR VEHICLE","PARKING LOT",,"STRAIGHT AND LEVEL","DRY","NO DEFECTS","NOT ON SCENE (DESK REPORT)","NO INJURY / DRIVE AWAY",,"Y","Y","OVER $1,500","2026-02-10T18:22:00.000","IMPROPER BACKING","NOT APPLICABLE","5444","N","CUMBERLAND AVE","1614",,,,,,,"2","NO INDICATION OF INJURY","0","0","0","0","0","1","0","16","3","2","41.9788076239","-87.8367350848","POINT (-87.836735084783 41.978807623905)"
"51da88211b1061c0ec082d5bce5ed0a95f0536859778a249215b21d83e912bbfbfcbdbfe4da80068aa5f4fa926e7c075ef9cb80e93bdac908cb3a412c4dcdd36",,"2026-02-10T16:52:00.000","30","NO CONTROLS","NO CONTROLS","CLEAR","DAYLIGHT","PARKED MOTOR VEHICLE","NOT DIVIDED",,"STRAIGHT AND LEVEL","DRY","UNKNOWN","ON SCENE","NO INJURY / DRIVE AWAY",,,,"OVER $1,500","2026-02-10T16:53:00.000","FAILING TO REDUCE SPEED TO AVOID CRASH","NOT APPLICABLE","6928","N","WESTERN AVE","2411",,,,,,,"2","NO INDICATION OF INJURY","0","0","0","0","0","4","0","16","3","2","42.007712651","-87.6902835305","POINT (-87.690283530479 42.007712650984)"
"9360113b83577cd93209f13a49eab555faa072ce6b3f4abbc385e0c1d362a6b024c2830607dfe48e60b55708fcefd7308abdfda462dc7f9ae500242545c0501a",,"2026-02-10T16:40:00.000","30","NO CONTROLS","NO CONTROLS","CLEAR","DAYLIGHT","SIDESWIPE OPPOSITE DIRECTION","ONE-WAY",,"STRAIGHT AND LEVEL","DRY","NO DEFECTS","NOT ON SCENE (DESK REPORT)","NO INJURY / DRIVE AWAY",,,,"OVER $1,500","2026-02-11T16:00:00.000","IMPROPER BACKING","NOT APPLICABLE","10000","W","OHARE ST","1651",,,,,,,"2","NO INDICATION OF INJURY","0","0","0","0","0","2","0","16","3","2","41.976201139","-87.9053091251","POINT (-87.905309125103 41.976201139024)"
"97a548573e637b319d55dc3e964fbd76a1ce7a3928df602b8f14ce7c5dcd858f1803403da1a91b17923494c0c95c0756ab88db96c354a0a24b0ddb18606392f4",,"2026-02-10T16:40:00.000","30","TRAFFIC SIGNAL","FUNCTIONING PROPERLY","CLEAR","DAYLIGHT","TURNING","NOT DIVIDED",,"STRAIGHT AND LEVEL","DRY","NO DEFECTS","NOT ON SCENE (DESK REPORT)","NO INJURY / DRIVE AWAY","Y",,,"$501 - $1,500","2026-02-10T19:24:00.000","UNABLE TO DETERMINE","NOT APPLICABLE","4902","N","KEDZIE AVE","1713",,,,,,,"2","NO INDICATION OF INJURY","0","0","0","0","0","2","0","16","3","2","41.9704173839","-87.7086788484","POINT (-87.708678848352 41.970417383893)"
"afe1755c6be5764ef9d8d13ad3c6441851cdd3db5b682cd637b2a7ccca78c78bafb70c753cd9f1b79941eb1180c9432bdb35b88a7f1c5491e510a7760186c7e5",,"2026-02-10T16:40:00.000","30","NO CONTROLS","NO CONTROLS","CLEAR","DAYLIGHT","PARKED MOTOR VEHICLE","NOT DIVIDED",,"STRAIGHT AND LEVEL","DRY","NO DEFECTS","NOT ON SCENE (DESK REPORT)","NO INJURY / DRIVE AWAY",,,,"$500 OR LESS","2026-02-10T17:47:00.000","UNABLE TO DETERMINE","NOT APPLICABLE","9644","S","HALSTED ST","2223",,,,,,,"2","NO INDICATION OF INJURY","0","0","0","0","0","1","0","16","3","2","41.7180633383","-87.6432661005","POINT (-87.643266100517 41.718063338332)"
"ee52a359275f543cf87f9db74b2f699a3a9c55dd1f7dc79f464a6c781dec98f0e230ef0f1c846070a6e67e1697de396ccb831a8936b4a310c7ad9984984cef11",,"2026-02-10T16:40:00.000","30","UNKNOWN","UNKNOWN","UNKNOWN","UNKNOWN","SIDESWIPE SAME DIRECTION","NOT DIVIDED",,"STRAIGHT AND LEVEL","UNKNOWN","UNKNOWN","NOT ON SCENE (DESK REPORT)","NO INJURY / DRIVE AWAY",,,,"$500 OR LESS","2026-02-10T18:32:00.000","UNABLE TO DETERMINE","UNABLE TO DETERMINE","6330","N","SHERIDAN RD","2433",,,,,,,"2","NO INDICATION OF INJURY","0","0","0","0","0","2","0","16","3","2","41.9972581196","-87.6557540491","POINT (-87.655754049147 41.997258119649)"
"37135f7b719bb97b0552d0a68f1e85a23d97970f7c1acf940be87c48ddf77f52f8b430d27a5ed7b32833f4b180d65e121d74cda2bce90042ab8160b6c8ca00b5",,"2026-02-10T16:34:00.000","30","TRAFFIC SIGNAL","FUNCTIONING PROPERLY","CLEAR","DAYLIGHT","TURNING","FOUR WAY",,"STRAIGHT AND LEVEL","DRY","NO DEFECTS","ON SCENE","INJURY AND / OR TOW DUE TO CRASH","Y",,,"OVER $1,500","2026-02-10T17:01:00.000","IMPROPER OVERTAKING/PASSING","FAILING TO YIELD RIGHT-OF-WAY","3901","S","ASHLAND AVE","924",,,,,,,"2","NO INDICATION OF INJURY","0","0","0","0","0","2","0","16","3","2","41.823040776","-87.6651490826","POINT (-87.665149082589 41.823040776042)"
"428ad7510e821f3819f73c1485995afb053238cf7706ef9d30a27e85fdc283b2b69a770f6792c16a0b72950a76aebbd599bef1cf996b8470d324e191c7174678",,"2026-02-10T16:30:00.000","25","NO CONTROLS","NO CONTROLS","CLEAR","DAYLIGHT","REAR END","NOT DIVIDED",,"STRAIGHT AND LEVEL","DRY","NO DEFECTS","NOT ON SCENE (DESK REPORT)","NO INJURY / DRIVE AWAY",,,,"OVER $1,500","2026-02-10T17:15:00.000","UNABLE TO DETERMINE","UNABLE TO DETERMINE","4301","S","ASHLAND AVE","924",,,,,,,"2","NO INDICATION OF INJURY","0","0","0","0","0","2","0","16","3","2","41.8157820789","-87.6649994668","POINT (-87.66499946677 41.815782078855)"
"c3aba0c115cad7af98a3db370abbd6eb6888c4dfb5ec1c238e6a634958dba89486d97a5595b1c2193ef1e0997f5ac807dc356b499790e32d9669c913b88213e7",,"2026-02-10T16:22:00.000","30","NO CONTROLS","NO CONTROLS","CLEAR","DAYLIGHT","TURNING","NOT DIVIDED",,"STRAIGHT AND LEVEL","UNKNOWN","UNKNOWN","NOT ON SCENE (DESK REPORT)","NO INJURY / DRIVE AWAY",,,"Y","OVER $1,500","2026-02-10T17:21:00.000","DRIVING SKILLS/KNOWLEDGE/EXPERIENCE","NOT APPLICABLE","4455","S","ASHLAND AVE","924",,,,,,,"2","NO INDICATION OF INJURY","0","0","0","0","0","2","0","16","3","2","41.8124303725","-87.6649218931","POINT (-87.664921893051 41.812430372516)"
"41f197c028d97ce9ca3131880ed134b54942b98b83545354570463f3706e4a7b29c1f46ec5a5d11570fa1307229bc49a518f4325f1e994f22186cf3e2ec7fd96",,"2026-02-10T16:20:00.000","30","TRAFFIC SIGNAL","UNKNOWN","CLOUDY/OVERCAST","DAYLIGHT","TURNING","RAMP",,"CURVE ON GRADE","DRY","WORN SURFACE","ON SCENE","NO INJURY / DRIVE AWAY","Y",,,"OVER $1,500","2026-02-10T16:26:00.000","UNABLE TO DETERMINE","UNABLE TO DETERMINE","3451","S","CALIFORNIA AVE","911",,"N",,,,,"2","NO INDICATION OF INJURY","0","0","0","0","0","2","0","16","3","2","41.8303660829","-87.6946573711","POINT (-87.694657371087 41.830366082892)"
"ed38629753237d44156336412110bca63092bdb5b32789a3b73cb6be98e39b08bed6400dc3111718bb58f1db8da58edb3e60fe0ae167f109c1c16cad48eb498b",,"2026-02-10T16:16:00.000","30","NO CONTROLS","NO CONTROLS","CLEAR","DAYLIGHT","SIDESWIPE SAME DIRECTION","PARKING LOT",,"STRAIGHT AND LEVEL","DRY","NO DEFECTS","ON SCENE","INJURY AND / OR TOW DUE TO CRASH",,"Y",,"OVER $1,500","2026-02-10T16:35:00.000","UNABLE TO DETERMINE","UNABLE TO DETERMINE","2600","S","DR MARTIN LUTHER KING JR DR","133",,,,,,,"2","NO INDICATION OF INJURY","0","0","0","0","0","2","0","16","3","2","41.8456529118","-87.617816391","POINT (-87.617816391009 41.845652911763)"
"805933458f0d5d4fdd8a093447af0a99cc50c46397a49a0c59d37eebdf2cb64a11ce82c10788fe56f4b5ec3190c46669486681fee35d3e66b1e908c2d99b8dd0",,"2026-02-10T16:15:00.000","30","NO CONTROLS","NO CONTROLS","CLEAR","DAYLIGHT","SIDESWIPE OPPOSITE DIRECTION","NOT DIVIDED",,"STRAIGHT AND LEVEL","DRY","NO DEFECTS","ON SCENE","NO INJURY / DRIVE AWAY",,,,"OVER $1,500","2026-02-10T16:28:00.000","DRIVING SKILLS/KNOWLEDGE/EXPERIENCE","DRIVING SKILLS/KNOWLEDGE/EXPERIENCE","11200","S","DR MARTIN LUTHER KING JR DR","531",,,,,,,"2","NO INDICATION OF INJURY","0","0","0","0","0","2","0","16","3","2","41.6908197135","-87.6134645323","POINT (-87.613464532257 41.69081971348)"
"c622c233753ceb3aab1e66c5495f4eebd6c684e59f8d68a4be9b7ad909f27bffcdc1a6568a43acd03ea698c6410c4971fd60418a2137f4a45a315c6ee475ddab",,"2026-02-10T16:11:00.000","30","STOP SIGN/FLASHER","FUNCTIONING PROPERLY","CLEAR","DAYLIGHT","TURNING","FOUR WAY",,"STRAIGHT AND LEVEL","DRY","NO DEFECTS","ON SCENE","NO INJURY / DRIVE AWAY","Y",,"Y","OVER $1,500","2026-02-10T16:14:00.000","DISREGARDING STOP SIGN","FAILING TO REDUCE SPEED TO AVOID CRASH","799","E","103RD ST","512",,"Y",,,,,"3","NO INDICATION OF INJURY","0","0","0","0","0","6","0","16","3","2","41.7073739723","-87.6041369603","POINT (-87.604136960254 41.707373972304)"
"080904ab4a3fb43f2eb18d1be28230b28590e375f452224a502629004eda4df63123df2d0dfe8be55fbfb7db22be6071bf54b35051d6a12ba98998d6714480d3",,"2026-02-10T16:10:00.000","30","TRAFFIC SIGNAL","FUNCTIONING PROPERLY","CLEAR","DAYLIGHT","TURNING","DIVIDED - W/MEDIAN (NOT RAISED)",,"STRAIGHT AND LEVEL","DRY","UNKNOWN","NOT ON SCENE (DESK REPORT)","NO INJURY / DRIVE AWAY",,,,"OVER $1,500","2026-02-10T17:00:00.000","UNABLE TO DETERMINE","NOT APPLICABLE","2800","N","MILWAUKEE AVE","1412",,,,,,,"2","NO INDICATION OF INJURY","0","0","0","0","0","2","0","16","3","2","41.9319243438","-87.7123813859","POINT (-87.712381385897 41.931924343765)"
"9e7c45db3fae69f30d6720db49715cbd31be70f0ef96c527f9df2da90f50d63a9ed77d5b7d1928f1eac7c0e637dca2be630dafa253ba8693c06e37608882a013",,"2026-02-10T16:10:00.000","30","STOP SIGN/FLASHER","FUNCTIONING PROPERLY","CLEAR","DAYLIGHT","TURNING","NOT DIVIDED",,"STRAIGHT AND LEVEL","DRY","UNKNOWN","ON SCENE","INJURY AND / OR TOW DUE TO CRASH","N",,,"OVER $1,500","2026-02-10T16:20:00.000","IMPROPER TURNING/NO SIGNAL","IMPROPER TURNING/NO SIGNAL","4699","N","ELSTON AVE","1722",,,,,,,"2","NO INDICATION OF INJURY","0","0","0","0","0","2","0","16","3","2","41.9663699993","-87.7373894347","POINT (-87.737389434746 41.966369999316)"
"d6affe536fc88d3b0e7bfb3e1827d1e898d231397716511279d22ad0af90bee1d98eb776b6d3cddc8d929ec8b68e57e811ebe64fa574aebceff2ee527349a6c2",,"2026-02-10T16:07:00.000","35","NO CONTROLS","NO CONTROLS","CLEAR","DAYLIGHT","REAR END","NOT DIVIDED",,"STRAIGHT AND LEVEL","DRY","NO DEFECTS","ON SCENE","NO INJURY / DRIVE AWAY",,,,"$501 - $1,500","2026-02-10T16:10:00.000","UNABLE TO DETERMINE","UNABLE TO DETERMINE","6059","S","HARLEM AVE","812",,,,,,,"2","NO INDICATION OF INJURY","0","0","0","0","0","2","0","16","3","2","41.7809932167","-87.8009121902","POINT (-87.800912190218 41.780993216736)"
"8e563c7b2e58805396a459a0f10cb17cd9ac9c0d2986d43d48ec7aaca3d59d6d77d207b98aaf1f410cd5937acb8aeb9b82d3334692bd6e96a0e2468151801df4",,"2026-02-10T16:04:00.000","30","STOP SIGN/FLASHER","FUNCTIONING PROPERLY","CLEAR","DAYLIGHT","REAR END","DIVIDED - W/MEDIAN (NOT RAISED)",,"STRAIGHT AND LEVEL","DRY","NO DEFECTS","ON SCENE","INJURY AND / OR TOW DUE TO CRASH",,,,"OVER $1,500","2026-02-10T16:04:00.000","UNABLE TO DETERMINE","UNABLE TO DETERMINE","7351","N","CALIFORNIA AVE","2411",,,,,,,"2","NONINCAPACITATING INJURY","1","0","0","1","0","1","0","16","3","2","42.0154024132","-87.6995063449","POINT (-87.699506344908 42.015402413178)"
"028e08e38aeae8ec59bf954935eacfe6193bbbd1dfd4bfd5ddb36d0c4d85ed400f37fa0408d86b0a26164b70b69d1be3e0fd888aba97f889fefa4fdc65f4382e",,"2026-02-10T16:00:00.000","20","NO CONTROLS","NO CONTROLS","CLEAR","DAYLIGHT","SIDESWIPE SAME DIRECTION","NOT DIVIDED",,"STRAIGHT AND LEVEL","DRY","NO DEFECTS","ON SCENE","NO INJURY / DRIVE AWAY",,,,"$500 OR LESS","2026-02-10T16:03:00.000","OPERATING VEHICLE IN ERRATIC, RECKLESS, CARELESS, NEGLIGENT OR AGGRESSIVE MANNER","OPERATING VEHICLE IN ERRATIC, RECKLESS, CARELESS, NEGLIGENT OR AGGRESSIVE MANNER","5934","W","EASTWOOD AVE","1622",,,,,,,"2","NO INDICATION OF INJURY","0","0","0","0","0","2","0","16","3","2","41.965038968","-87.7761374806","POINT (-87.776137480646 41.965038967993)"
"0ec9d18da38c59039226b9432d729c0e910bac4014f46a69022974dee6e49d05104716a88af9a9b2f99d6e5f1a10bc2e800279747b68165d2c811925cd9a1c76",,"2026-02-10T16:00:00.000","30","NO CONTROLS","NO CONTROLS","CLEAR","DAYLIGHT","REAR END","DIVIDED - W/MEDIAN (NOT RAISED)",,"STRAIGHT AND LEVEL","DRY","NO DEFECTS","NOT ON SCENE (DESK REPORT)","NO INJURY / DRIVE AWAY",,,,"OVER $1,500","2026-02-10T17:54:00.000","FOLLOWING TOO CLOSELY","NOT APPLICABLE","4816","W","DIVERSEY AVE","2521",,,,,,,"2","NO INDICATION OF INJURY","0","0","0","0","0","2","0","16","3","2","41.9316345058","-87.7473310059","POINT (-87.747331005871 41.931634505786)"
"d1072100a626b5fb12bf0b76a07de8f668e6cfbfbc1ad4b0e9d293656a30cdbb027c1bb3fc1c86d5bc888746f0d7e34b6c14b9ba4b3a825defff38a5a5ea981a","Y","2026-02-10T15:55:00.000","30","UNKNOWN","UNKNOWN","UNKNOWN","UNKNOWN","TURNING","FOUR WAY",,"STRAIGHT AND LEVEL","UNKNOWN","UNKNOWN","NOT ON SCENE (DESK REPORT)","NO INJURY / DRIVE AWAY",,,"Y","OVER $1,500","2026-02-10T16:50:00.000","UNABLE TO DETERMINE","NOT APPLICABLE","5200","W","GLADYS AVE","1522",,,,,,,"2","NO INDICATION OF INJURY","0","0","0","0","0","2","0","15","3","2","41.8758625338","-87.7550270228","POINT (-87.755027022843 41.875862533781)"
"670be06d45469a2c23cce7edc7126c9291c030a3ba83da6db93b4baef12a22c8b68f4182c0506e59589cd4fd1e2341f0f3bd11260da83d4782a88881c4b5e64b",,"2026-02-10T15:50:00.000","30","NO CONTROLS","NO CONTROLS","CLEAR","DAYLIGHT","SIDESWIPE SAME DIRECTION","NOT DIVIDED",,"STRAIGHT AND LEVEL","DRY","NO DEFECTS","ON SCENE","INJURY AND / OR TOW DUE TO CRASH",,,,"OVER $1,500","2026-02-10T15:54:00.000","UNABLE TO DETERMINE","UNABLE TO DETERMINE","7501","S","STATE ST","623",,,,,,,"2","NO INDICATION OF INJURY","0","0","0","0","0","2","0","15","3","2","41.7580965573","-87.6246090868","POINT (-87.624609086784 41.758096557274)"
"6f211bb2c6ea458361533c501f3887ad1f8fa8d4ea223b27a042092a992f5b8fc813aeda08798da6e0259cf3360306161444d84f07e62c6e39a30d409fe99c5b",,"2026-02-10T15:50:00.000","30","TRAFFIC SIGNAL","FUNCTIONING PROPERLY","CLEAR","DAYLIGHT","REAR END","FOUR WAY",,"STRAIGHT AND LEVEL","UNKNOWN","UNKNOWN",,"INJURY AND / OR TOW DUE TO CRASH","Y",,,"OVER $1,500","2026-02-10T15:56:00.000","IMPROPER OVERTAKING/PASSING","NOT APPLICABLE","4001","W","WRIGHTWOOD AVE","2524",,,,,,,"2","REPORTED, NOT EVIDENT","1","0","0","0","1","1","0","15","3","2","41.9280146613","-87.7269871746","POINT (-87.726987174647 41.92801466126)"
"c5009c070291b62b63c77d55cd5955cd5cbaa90867a1e7521c7ac73fb1e0b6129bb81b151446b5677f1279ee8dbb3cc26f06386754a04a1ad6dac242da2dc109",,"2026-02-10T15:49:00.000","30","STOP SIGN/FLASHER","FUNCTIONING PROPERLY","CLEAR","DAYLIGHT","ANGLE","NOT DIVIDED",,"STRAIGHT AND LEVEL","DRY","NO DEFECTS","ON SCENE","INJURY AND / OR TOW DUE TO CRASH",,,,"OVER $1,500","2026-02-10T16:26:00.000","FAILING TO YIELD RIGHT-OF-WAY","UNABLE TO DETERMINE","3762","W","HAYFORD ST","833",,,,,,,"3","REPORTED, NOT EVIDENT","2","0","0","0","2","0","0","15","3","2","41.7558533186","-87.7169204248","POINT (-87.71692042476 41.755853318637)"
"e2e42bf43f438e044d6da7b7b5331966b8248498b6f3988986c156c58383e7127b92a0f9a31a0d2352480bceaa499750afe183241ba393aef425cdb56633698f",,"2026-02-10T15:49:00.000","30","NO CONTROLS","NO CONTROLS","CLEAR","DAWN","PARKED MOTOR VEHICLE","ONE-WAY",,"STRAIGHT AND LEVEL","DRY","NO DEFECTS","ON SCENE","NO INJURY / DRIVE AWAY",,,,"$500 OR LESS","2026-02-10T15:49:00.000","NOT APPLICABLE","NOT APPLICABLE","7641","S","WOOD ST","611",,,,,,,"2",,,,,,,,,"15","3","2","41.7545357351","-87.6682538993","POINT (-87.668253899299 41.754535735096)"
"0e42f84541a64fb78a4452612b3241a5e912be013e242cacbb7ad0c777f3d5bd0d316c89b4c09838bbdaf6a60a0c4f3f6c857d4f99e2ffbca946cfc7693d5109",,"2026-02-10T15:48:00.000","30","NO CONTROLS","NO CONTROLS","CLEAR","DAYLIGHT","FIXED OBJECT","NOT DIVIDED",,"STRAIGHT AND LEVEL","WET","NO DEFECTS","ON SCENE","INJURY AND / OR TOW DUE TO CRASH",,"Y","Y","OVER $1,500","2026-02-10T15:48:00.000","DRIVING SKILLS/KNOWLEDGE/EXPERIENCE","OPERATING VEHICLE IN ERRATIC, RECKLESS, CARELESS, NEGLIGENT OR AGGRESSIVE MANNER","257","W","44TH PL","925",,,,,,,"1","REPORTED, NOT EVIDENT","1","0","0","0","1","0","0","15","3","2","41.8136043422","-87.6333489691","POINT (-87.633348969135 41.813604342245)"
"414914eafcc99b6b2d4de4e1b4b15d0cd445198af8665a73bd0e1309fd6234829cb90822f252dc6bbf6a05ac256134ed82159c61079964ceb30dcc849a524505",,"2026-02-10T15:47:00.000","30","NO CONTROLS","NO CONTROLS","CLEAR","DAYLIGHT","SIDESWIPE SAME DIRECTION","NOT DIVIDED",,"STRAIGHT AND LEVEL","DRY","NO DEFECTS","ON SCENE","NO INJURY / DRIVE AWAY",,,,"$501 - $1,500","2026-02-10T15:48:00.000","FOLLOWING TOO CLOSELY","DRIVING SKILLS/KNOWLEDGE/EXPERIENCE","36","S","THROOP ST","1224",,,,,,,"2","NO INDICATION OF INJURY","0","0","0","0","0","2","0","15","3","2","41.8805813903","-87.6596865294","POINT (-87.659686529422 41.880581390263)"
"33d0dfa4b3860b2f1b1974d6ab6fb952b63935d409a9b4b368fcb1585cc8c9ef51b2dbbb39c894cae3adc3aa974f9755b3054e0647b4a2ca2546d5bf945a821b",,"2026-02-10T15:45:00.000","30","STOP SIGN/FLASHER","FUNCTIONING PROPERLY","CLEAR","DAYLIGHT","REAR END","FOUR WAY",,"STRAIGHT AND LEVEL","DRY","NO DEFECTS","NOT ON SCENE (DESK REPORT)","NO INJURY / DRIVE AWAY",,,,"$500 OR LESS","2026-02-10T15:56:00.000","FOLLOWING TOO CLOSELY","NOT APPLICABLE","1400","W","111TH ST","2234",,,,,,,"2","NO INDICATION OF INJURY","0","0","0","0","0","2","0","15","3","2","41.6922900484","-87.6570594114","POINT (-87.657059411409 41.692290048351)"
"6d2aef011f5f53bc02e4fa6b2cd43cf1c0495820256ccdfcf36b5744f66bf16527f14fe41e9cd7023f0900a7ec6304ffa378c2445f3a394a295a9fc45a10ba16",,"2026-02-10T15:45:00.000","30","TRAFFIC SIGNAL","FUNCTIONING PROPERLY","CLEAR","DAYLIGHT","TURNING","NOT DIVIDED",,"STRAIGHT AND LEVEL","DRY","NO DEFECTS","NOT ON SCENE (DESK REPORT)","NO INJURY / DRIVE AWAY",,,,"OVER $1,500","2026-02-10T19:30:00.000","IMPROPER TURNING/NO SIGNAL","UNABLE TO DETERMINE","4600","W","IRVING PARK RD","1722",,,,,,,"2","NO INDICATION OF INJURY","0","0","0","0","0","2","0","15","3","2","41.9535835052","-87.7431252322","POINT (-87.74312523223 41.953583505202)"
"837b2c4fb041ffd0f65452d26c5590ab2337ce77167f0a8360a9224718a78de7663f634c20b12e4da9860baad8fac994d9e280fb5b14910728178e58996720c4",,"2026-02-10T15:45:00.000","20","TRAFFIC SIGNAL","FUNCTIONING PROPERLY","CLEAR","DAYLIGHT","REAR END","FOUR WAY",,"STRAIGHT AND LEVEL","DRY","NO DEFECTS","ON SCENE","NO INJURY / DRIVE AWAY","Y",,"N","OVER $1,500","2026-02-10T15:54:00.000","FOLLOWING TOO CLOSELY","NOT APPLICABLE","6800","W","63RD ST","812",,,,,,,"2","NO INDICATION OF INJURY","0","0","0","0","0","2","0","15","3","2","41.7776366717","-87.7911467455","POINT (-87.791146745461 41.777636671673)"
"25c1eb6d69476c31b0793b4609973a70fef82e619f3e18b46b8630bba00213029429d79900679c0fef6cd5f5a9da16fb59cba91ce7544aed827062c0e0b78ead",,"2026-02-10T15:39:00.000","30","TRAFFIC SIGNAL","FUNCTIONING PROPERLY","CLEAR","DAYLIGHT","PEDESTRIAN","FOUR WAY",,"STRAIGHT AND LEVEL","DRY","NO DEFECTS","NOT ON SCENE (DESK REPORT)","INJURY AND / OR TOW DUE TO CRASH","Y",,,"$500 OR LESS","2026-02-10T15:39:00.000","IMPROPER TURNING/NO SIGNAL","FAILING TO YIELD RIGHT-OF-WAY","600","S","CLARK ST","123",,,,,,,"2","NONINCAPACITATING INJURY","1","0","0","1","0","1","0","15","3","2","41.8744613835","-87.630820444","POINT (-87.630820444034 41.874461383541)"