"crash_record_id","crash_date_est_i","crash_date","posted_speed_limit","traffic_control_device","device_condition","weather_condition","lighting_condition","first_crash_type","trafficway_type","lane_cnt","alignment","roadway_surface_cond","road_defect","report_type","crash_type","intersection_related_i","private_property_i","hit_and_run_i","damage","date_police_notified","prim_contributory_cause","sec_contributory_cause","street_no","street_direction","street_name","beat_of_occurrence","photos_taken_i","statements_taken_i","dooring_i","work_zone_i","work_zone_type","workers_present_i","num_units","most_severe_injury","injuries_total","injuries_fatal","injuries_incapacitating","injuries_non_incapacitating","injuries_reported_not_evident","injuries_no_indication","injuries_unknown","crash_hour","crash_day_of_week","crash_month","latitude","longitude","location"
"2e6d0a6bed79325097a9714216504032ffcbb028e15028580e34309c1041de2d3042e69c69759b6eee9de25a3efdb8adf0829141bb292d219c20f7dd4aa1b8b8",,"2026-02-10T15:37:00.000","30","NO CONTROLS","NO CONTROLS","CLEAR","DAYLIGHT","REAR TO FRONT","DIVIDED - W/MEDIAN (NOT RAISED)",,"STRAIGHT AND LEVEL","DRY","NO DEFECTS","ON SCENE","NO INJURY / DRIVE AWAY",,,"Y","$500 OR LESS","2026-02-10T15:37:00.000","IMPROPER BACKING","UNABLE TO DETERMINE","1330","E","58TH ST","235",,,,,,,"2","NO INDICATION OF INJURY","0","0","0","0","0","4","0","15","3","2","41.7897659705","-87.5933483377","POINT (-87.593348337656 41.78976597053)"
"9a86d3b3a482de6e4e1fac63df864ed357c5e6c26585fa5c54fc7f6e5513900e164f47c1ee8167d72da54952c0957bc0436116a7a9e6440d5832e0ac11300f92",,"2026-02-10T15:37:00.000","30","TRAFFIC SIGNAL","FUNCTIONING PROPERLY","CLEAR","DAYLIGHT","REAR END","DIVIDED - W/MEDIAN (NOT RAISED)",,"STRAIGHT AND LEVEL","DRY","NO DEFECTS","ON SCENE","INJURY AND / OR TOW DUE TO CRASH",,,,"OVER $1,500","2026-02-10T16:04:00.000","FAILING TO REDUCE SPEED TO AVOID CRASH","UNABLE TO DETERMINE","3648","W","ADDISON ST","1732","Y","Y",,,,,"2","REPORTED, NOT EVIDENT","1","0","0","0","1","1","0","15","3","2","41.946587098","-87.7195917871","POINT (-87.719591787114 41.946587098036)"
"044443ad146943586428f31271da2521c7cc284e3f3dc5da8364da70b0d76e0baf2dd4fe4b1447fb2855531eb0f5e110cccde59a880f72679d1b5d2a6aee89e5",,"2026-02-10T15:22:00.000","30","OTHER","OTHER","CLEAR","DAYLIGHT","PARKED MOTOR VEHICLE","ONE-WAY",,"STRAIGHT AND LEVEL","DRY","NO DEFECTS","ON SCENE","NO INJURY / DRIVE AWAY",,,,"OVER $1,500","2026-02-10T15:52:00.000","UNABLE TO DETERMINE","NOT APPLICABLE","502","W","ROSCOE ST","1925",,,,,,,"2","NO INDICATION OF INJURY","0","0","0","0","0","1","0","15","3","2","41.9434608132","-87.6422888054","POINT (-87.642288805439 41.943460813236)"
"b34a4e4213e1528b3bfb88b35c51c4a8086ea5928561207743cc707e1ed8dac60a823aaafe1562869512e80a9a193594bc5a91236d538069f0170b53eec46ad1",,"2026-02-10T15:20:00.000","30","TRAFFIC SIGNAL","FUNCTIONING PROPERLY","CLEAR","DAYLIGHT","SIDESWIPE SAME DIRECTION","DIVIDED - W/MEDIAN (NOT RAISED)",,"STRAIGHT AND LEVEL","DRY","UNKNOWN","NOT ON SCENE (DESK REPORT)","NO INJURY / DRIVE AWAY",,,,"OVER $1,500","2026-02-10T16:50:00.000","UNABLE TO DETERMINE","UNABLE TO DETERMINE","200","W","CERMAK RD","914",,,,,,,"2","NO INDICATION OF INJURY","0","0","0","0","0","2","0","15","3","2","41.8529596787","-87.6321520043","POINT (-87.632152004271 41.852959678693)"
"3800a35f8e530628b765e50e3fefa767ee5b7625e076961809f89f2bebb6a48393513183641a44404c8c9913eace684d319b0bc11ec3cad15ec6c851ece38040",,"2026-02-10T15:15:00.000","30","TRAFFIC SIGNAL","FUNCTIONING PROPERLY","UNKNOWN","DAYLIGHT","REAR END","NOT DIVIDED",,"STRAIGHT AND LEVEL","UNKNOWN","UNKNOWN","NOT ON SCENE (DESK REPORT)","NO INJURY / DRIVE AWAY",,,,"$501 - $1,500","2026-02-12T15:00:00.000","FAILING TO REDUCE SPEED TO AVOID CRASH","NOT APPLICABLE","2001","W","21ST ST","1234",,,,,,,"2","NO INDICATION OF INJURY","0","0","0","0","0","2","0","15","3","2","41.8539003273","-87.6760148896","POINT (-87.676014889591 41.853900327348)"
"21bb868cea56a4d26be62083ac94ad096c86ffce3715691a6d1ff5b243e2e9fceb6bbd756a0a7914fd8b71711c92b6b748b7efb36a22b06fd031eb5cc2310598",,"2026-02-10T15:10:00.000","30","NO CONTROLS","NO CONTROLS","CLEAR","DAYLIGHT","SIDESWIPE OPPOSITE DIRECTION","NOT DIVIDED",,"STRAIGHT AND LEVEL","DRY","NO DEFECTS","NOT ON SCENE (DESK REPORT)","NO INJURY / DRIVE AWAY",,,"Y","OVER $1,500","2026-02-10T16:20:00.000","DRIVING SKILLS/KNOWLEDGE/EXPERIENCE","UNABLE TO DETERMINE","1412","N","HONORE ST","1424",,,,,,,"2","NO INDICATION OF INJURY","0","0","0","0","0","2","0","15","3","2","41.9085713227","-87.6759193582","POINT (-87.675919358167 41.908571322711)"
"2c035ccf1e646e21ed170a26e8a1932c93ceed9aa2ad59eac14a8d8a0e5130fb5e2df1d9d9827f90b8027b2bd40e3bf92e79e110abf5c7c97b7d0a25b2d6dea8",,"2026-02-10T15:10:00.000","30","NO CONTROLS","NO CONTROLS","CLEAR","DAYLIGHT","SIDESWIPE SAME DIRECTION","ONE-WAY",,"STRAIGHT AND LEVEL","DRY","NO DEFECTS","NOT ON SCENE (DESK REPORT)","NO INJURY / DRIVE AWAY",,,,"OVER $1,500","2026-02-10T15:33:00.000","FAILING TO YIELD RIGHT-OF-WAY","NOT APPLICABLE","5500","S","TROY ST","824",,,,,,,"2","NO INDICATION OF INJURY","0","0","0","0","0","5","0","15","3","2","41.793444274","-87.7024807574","POINT (-87.702480757439 41.793444274045)"
"bc4a548734719f9e7f4fa0b7df7f90330c83c1e3d1b0db8f220301398122ebaec8110a48bd6a8bbcb741bfe52f7eab0f9bd05333974f755fbe97a5be68213add",,"2026-02-10T15:06:00.000","30","TRAFFIC SIGNAL","FUNCTIONING PROPERLY","CLEAR","DAYLIGHT","TURNING","FOUR WAY",,"STRAIGHT AND LEVEL","DRY","NO DEFECTS","ON SCENE","INJURY AND / OR TOW DUE TO CRASH",,,,"OVER $1,500","2026-02-10T15:06:00.000","PHYSICAL CONDITION OF DRIVER","FAILING TO REDUCE SPEED TO AVOID CRASH","399","S","WESTERN AVE","1225",,,,,,,"2","NONINCAPACITATING INJURY","1","0","0","1","0","1","0","15","3","2","41.8761605284","-87.686125875","POINT (-87.686125874985 41.876160528374)"
"97df87159ad9f23f614e249267d0c4857a5017bfe2f60781b9fc1ab1c422e0b4e8360d9ac1bb47975fcabca2147b0138846a8cbef5d494dd1f193a0d48971c1b",,"2026-02-10T15:01:00.000","30","TRAFFIC SIGNAL","FUNCTIONING PROPERLY","CLEAR","DAYLIGHT","FIXED OBJECT","ONE-WAY",,"STRAIGHT AND LEVEL","DRY","NO DEFECTS","ON SCENE","INJURY AND / OR TOW DUE TO CRASH","Y",,,"OVER $1,500","2026-02-10T15:02:00.000","UNABLE TO DETERMINE","UNABLE TO DETERMINE","502","W","RANDOLPH ST","121",,,,,,,"1","NO INDICATION OF INJURY","0","0","0","0","0","1","0","15","3","2","41.8845513346","-87.6399626328","POINT (-87.639962632789 41.884551334561)"
"1f16c1f589204bdb1c965cd871ca164d4fa399307b84b110f83f99024752d0ee11fd4b5017b0709ddb9d71b82ee20155633bf854b03cfc2aa614f5f76533362a",,"2026-02-10T15:00:00.000","20","NO CONTROLS","NO CONTROLS","CLEAR","DAYLIGHT","TURNING","ONE-WAY",,"STRAIGHT AND LEVEL","DRY","UNKNOWN","ON SCENE","NO INJURY / DRIVE AWAY",,,,"OVER $1,500","2026-02-10T15:15:00.000","FAILING TO YIELD RIGHT-OF-WAY","NOT APPLICABLE","4915","N","KENTUCKY AVE","1712",,,,,,,"2","NO INDICATION OF INJURY","0","0","0","0","0","2","0","15","3","2","41.9699015779","-87.7420519091","POINT (-87.742051909051 41.969901577903)"
"6dc2d0d458bf0a61141d55703bbcfe893d6afb9bab62acbf173d587544d360f66456bb6b1c0ae1539f6c4f028376d16dd1ce85b0ff607127c4151f274295f90d",,"2026-02-10T15:00:00.000","30","NO CONTROLS","NO CONTROLS","CLEAR","DAYLIGHT","PARKED MOTOR VEHICLE","NOT DIVIDED",,"STRAIGHT AND LEVEL","DRY","NO DEFECTS","ON SCENE","NO INJURY / DRIVE AWAY",,,,"$501 - $1,500","2026-02-10T15:00:00.000","UNABLE TO DETERMINE","UNABLE TO DETERMINE","2141","W","LUNT AVE","2411",,,,,,,"2","NO INDICATION OF INJURY","0","0","0","0","0","2","0","15","3","2","42.0086936318","-87.6855452203","POINT (-87.685545220276 42.008693631781)"
"b7103c96032892dfe1c8b8d38533d21124f290e25ca5584cddbbe0b4b6a9bb183433f5c76a661f7d60320017c2fc993a850a8c26b7eb637c1f42d500303fa804",,"2026-02-10T14:50:00.000","15","NO CONTROLS","NO CONTROLS","CLEAR","DAYLIGHT","PARKED MOTOR VEHICLE","ONE-WAY",,"STRAIGHT ON GRADE","DRY","NO DEFECTS","NOT ON SCENE (DESK REPORT)","NO INJURY / DRIVE AWAY",,,,"OVER $1,500","2026-02-10T16:20:00.000","DRIVING SKILLS/KNOWLEDGE/EXPERIENCE","NOT APPLICABLE","3737","W","99TH ST","2211",,,,,,,"2","NO INDICATION OF INJURY","0","0","0","0","0","2","0","14","3","2","41.7131468925","-87.7153146485","POINT (-87.715314648528 41.713146892523)"
"5224f7e0a5bed90c53ec4558b1011486d0000ee55e015c4a9fa77bf765ee9e856227c5f0fa34b90e6877e46d5bb975a6673c1449da2b7d3477a213aa80aaf02a",,"2026-02-10T14:47:00.000","30","TRAFFIC SIGNAL","FUNCTIONING PROPERLY","CLEAR","DAYLIGHT","TURNING","DIVIDED - W/MEDIAN (NOT RAISED)",,"STRAIGHT AND LEVEL","DRY","NO DEFECTS","ON SCENE","INJURY AND / OR TOW DUE TO CRASH","Y",,,"OVER $1,500","2026-02-10T14:48:00.000","UNABLE TO DETERMINE","UNABLE TO DETERMINE","2","W","95TH ST","634",,,,,,,"2","REPORTED, NOT EVIDENT","1","0","0","0","1","3","0","14","3","2","41.7217701393","-87.6237951017","POINT (-87.623795101727 41.721770139319)"
"147bd75682a2a3842a1eb235bb42c0e2e988c1e717cd7093a786f9dc56624801cd706e4c3ff0bd7c72c7f45adb55878085624bd753adf9f149253bd59aeb40ff",,"2026-02-10T14:45:00.000","30","TRAFFIC SIGNAL","FUNCTIONING PROPERLY","CLEAR","DAYLIGHT","TURNING","DIVIDED - W/MEDIAN (NOT RAISED)",,"STRAIGHT AND LEVEL","DRY","NO DEFECTS","NOT ON SCENE (DESK REPORT)","NO INJURY / DRIVE AWAY","Y",,,"$501 - $1,500","2026-02-10T16:00:00.000","UNABLE TO DETERMINE","NOT APPLICABLE","3201","W","BELMONT AVE","1412",,,,,,,"2","NO INDICATION OF INJURY","0","0","0","0","0","2","0","14","3","2","41.9392210489","-87.7077146023","POINT (-87.707714602329 41.939221048898)"
"5e3d49ff5f9979dd54af2033db299a601afdb59251d2909bc0f30392233d35bac7455ee9ceb9deb32f1f58071f957c8a683a8afb84f88c4bc3edfe9cfdcf1978",,"2026-02-10T14:35:00.000","30","STOP SIGN/FLASHER","UNKNOWN","CLEAR","DAYLIGHT","PARKED MOTOR VEHICLE","NOT DIVIDED",,"STRAIGHT AND LEVEL","UNKNOWN","UNKNOWN","ON SCENE","NO INJURY / DRIVE AWAY","Y",,,"$500 OR LESS","2026-02-10T15:45:00.000","FAILING TO REDUCE SPEED TO AVOID CRASH","NOT APPLICABLE","349","E","79TH ST","623",,,,,,,"2","NO INDICATION OF INJURY","0","0","0","0","0","2","0","14","3","2","41.7509862509","-87.6162193815","POINT (-87.616219381543 41.750986250928)"
"e37c0feecfb84eb468ecf41e46c85a54fe1437593b82d334a072368551958508bc67aa9136e0c3678f05b772b3fd59a018fa52c62ee1846f49cd0e38f909bc39","Y","2026-02-10T14:32:00.000","15","NO CONTROLS","NO CONTROLS","CLEAR","DAYLIGHT","PARKED MOTOR VEHICLE","PARKING LOT",,"STRAIGHT AND LEVEL","DRY","NO DEFECTS","NOT ON SCENE (DESK REPORT)","NO INJURY / DRIVE AWAY",,,,"OVER $1,500","2026-02-10T15:00:00.000","UNABLE TO DETERMINE","NOT APPLICABLE","801","W","ADDISON ST","1924",,,,,,,"2","NO INDICATION OF INJURY","0","0","0","0","0","1","0","14","3","2","41.9472070912","-87.6495530007","POINT (-87.649553000747 41.947207091229)"
"8de79ef9021ee2492455b5a801ffd8a466dce28aaad95b23159b08b6b1aa8356388d6b1e5e7efdc88f239c2aed553b25d52cf082a45497ff6f78ad25e60e90c9",,"2026-02-10T14:30:00.000","30","NO CONTROLS","NO CONTROLS","CLEAR","DAYLIGHT","REAR END","ONE-WAY",,"STRAIGHT AND LEVEL","DRY","NO DEFECTS","NOT ON SCENE (DESK REPORT)","NO INJURY / DRIVE AWAY",,,,"$501 - $1,500","2026-02-10T16:45:00.000","UNABLE TO DETERMINE","NOT APPLICABLE","1934","N","MOZART ST","1421",,,,,,,"2","NO INDICATION OF INJURY","0","0","0","0","0","2","0","14","3","2","41.9167109212","-87.6983542967","POINT (-87.698354296743 41.916710921199)"
"15af7df4bde9160b1f2e93105b2c7fb6bd533332945e5f9a31a501161a712a49ba72be5c4180ed72860725dd5a1c78640c060ce1cfd98d0d34c1450fadc6c2db",,"2026-02-10T14:18:00.000","30","UNKNOWN","UNKNOWN","CLEAR","DAYLIGHT","TURNING","FOUR WAY",,"STRAIGHT AND LEVEL","DRY","UNKNOWN","NOT ON SCENE (DESK REPORT)","NO INJURY / DRIVE AWAY","Y",,,"OVER $1,500","2026-02-10T16:30:00.000","IMPROPER OVERTAKING/PASSING","DRIVING SKILLS/KNOWLEDGE/EXPERIENCE","138","W","CERMAK RD","914",,,,,,,"2","NO INDICATION OF INJURY","0","0","0","0","0","2","0","14","3","2","41.8529769859","-87.6309693986","POINT (-87.630969398558 41.85297698594)"
"63ebe21459a202c916c10a88ad04bc505857f8a9ec915d96c117e7e0fecf9a2ce5e3af77cc3fbabdd86b61ac68053db3114d01319873b2ccdb1aa1f55b727d8f",,"2026-02-10T14:15:00.000","30","TRAFFIC SIGNAL","FUNCTIONING PROPERLY","CLEAR","DAYLIGHT","TURNING","T-INTERSECTION",,"STRAIGHT AND LEVEL","DRY","NO DEFECTS","ON SCENE","NO INJURY / DRIVE AWAY","Y",,,"$501 - $1,500","2026-02-10T14:15:00.000","UNABLE TO DETERMINE","UNABLE TO DETERMINE","4800","N","MILWAUKEE AVE","1623",,,,,,,"2","NO INDICATION OF INJURY","0","0","0","0","0","2","0","14","3","2","41.9678443985","-87.7608975411","POINT (-87.760897541125 41.967844398521)"
"3f7e8b844eb030daf7f1bab685e9f1c7a48af452e624701e667587f28cd3d39fd3ee555d3c32c131688f509df938f1e72f6d2171cd35f536ba94adc0451576f5",,"2026-02-10T14:12:00.000","35","NO CONTROLS","NO CONTROLS","CLEAR","DAYLIGHT","REAR END","DIVIDED - W/MEDIAN (NOT RAISED)",,"STRAIGHT AND LEVEL","DRY","NO DEFECTS","ON SCENE","INJURY AND / OR TOW DUE TO CRASH",,,"Y","OVER $1,500","2026-02-10T14:13:00.000","FOLLOWING TOO CLOSELY","UNABLE TO DETERMINE","99","E","95TH ST","511",,,,"Y","UTILITY","Y","2","REPORTED, NOT EVIDENT","1","0","0","0","1","1","0","14","3","2","41.7216707721","-87.6206663869","POINT (-87.62066638687 41.721670772124)"
"1eb0c0c225569368513e2f5fd71db5ebf1c1af38beb57294422b3eb91786e2b1bf66eeb2241d02e3401a1dfe77c95e1b369388abbd8a108d91fabcc95080e325",,"2026-02-10T14:10:00.000","30","STOP SIGN/FLASHER","FUNCTIONING PROPERLY","CLEAR","DAYLIGHT","ANGLE","TRAFFIC ROUTE",,"STRAIGHT AND LEVEL","DRY","NO DEFECTS",,"INJURY AND / OR TOW DUE TO CRASH","Y",,,"OVER $1,500","2026-02-10T14:50:00.000","FAILING TO YIELD RIGHT-OF-WAY","NOT APPLICABLE","4000","W","60TH ST","813",,,,,,,"2","NO INDICATION OF INJURY","0","0","0","0","0","4","0","14","3","2","41.7842236922","-87.7229775346","POINT (-87.722977534605 41.784223692235)"
"91d54c60e257ebbacea01754dc026ad0c5a0c8ba74fda83708b85eac13e6c1e4b5bea6effb5cdeea5c4763054f85a35b834e7afc421c26fe0a3f906d73069782",,"2026-02-10T14:10:00.000","30","TRAFFIC SIGNAL","FUNCTIONING PROPERLY","CLEAR","DAYLIGHT","SIDESWIPE SAME DIRECTION","NOT DIVIDED",,"STRAIGHT AND LEVEL","DRY","UNKNOWN","NOT ON SCENE (DESK REPORT)","NO INJURY / DRIVE AWAY",,,,"OVER $1,500","2026-02-10T15:45:00.000","UNABLE TO DETERMINE","NOT APPLICABLE","2620","N","NARRAGANSETT AVE","2512",,,,,,,"2","NO INDICATION OF INJURY","0","0","0","0","0","2","0","14","3","2","41.9279952887","-87.7857523647","POINT (-87.785752364684 41.927995288716)"
"418223e9a272ae675e04f86b02365b328b7bfb3d1ad1a9f4e06eeaf8b8f3f33af1d2424096a55730526a2fc2e5ad47464df988399800684d84ef3f34b81d74b5",,"2026-02-10T14:09:00.000","15","STOP SIGN/FLASHER","FUNCTIONING PROPERLY","CLEAR","DAYLIGHT","TURNING","T-INTERSECTION",,"STRAIGHT AND LEVEL","DRY","NO DEFECTS","ON SCENE","INJURY AND / OR TOW DUE TO CRASH","Y",,,"$501 - $1,500","2026-02-10T14:36:00.000","FAILING TO YIELD RIGHT-OF-WAY","FAILING TO YIELD RIGHT-OF-WAY","6398","N","RAVENSWOOD AVE","2433",,,,,,,"2","NO INDICATION OF INJURY","0","0","0","0","0","3","0","14","3","2","41.9978605066","-87.6756831576","POINT (-87.675683157617 41.997860506621)"
"8c5f6b5475266b72856c7d57aaae71c1620e68b6dd15f153974ec351262d1e4bf61679ab899fae654808f99f616778aeeee261c74c129d093860db661aab535c",,"2026-02-10T14:05:00.000","30","UNKNOWN","UNKNOWN","CLEAR","DAYLIGHT","ANGLE","ONE-WAY",,"STRAIGHT AND LEVEL","UNKNOWN","UNKNOWN","NOT ON SCENE (DESK REPORT)","NO INJURY / DRIVE AWAY",,,,"OVER $1,500","2026-02-10T19:00:00.000","UNABLE TO DETERMINE","UNABLE TO DETERMINE","1101","S","CANAL ST","124",,,,,,,"2","NO INDICATION OF INJURY","0","0","0","0","0","2","0","14","3","2","41.8688897111","-87.6390989281","POINT (-87.639098928088 41.868889711112)"
"bed9597a8a2761edca20f4a0c951d7d9d0c54361350d8536d3222c805981edc31dafe7dc61550536368642cf978a81864892ae3718955ba5af9a6793da7bd351",,"2026-02-10T14:01:00.000","30","RAILROAD CROSSING GATE","FUNCTIONING PROPERLY","CLEAR","DAYLIGHT","SIDESWIPE SAME DIRECTION","NOT DIVIDED",,"STRAIGHT AND LEVEL","DRY","NO DEFECTS","NOT ON SCENE (DESK REPORT)","NO INJURY / DRIVE AWAY",,,,"OVER $1,500","2026-02-10T14:35:00.000","IMPROPER OVERTAKING/PASSING","FAILING TO REDUCE SPEED TO AVOID CRASH","2598","W","87TH ST","835","N",,,,,,"2","NO INDICATION OF INJURY","0","0","0","0","0","2","0","14","3","2","41.7355575988","-87.6872676613","POINT (-87.687267661329 41.735557598828)"
"39a77159943e5f4065a9d45d6b47ba1e1725f10e263f3ae4b9014a524a93574a229f709f68074eb074094b0782c889cea01014facd798442e35d5f58960ac805",,"2026-02-10T14:00:00.000","15","NO CONTROLS","NO CONTROLS","UNKNOWN","DAYLIGHT","PARKED MOTOR VEHICLE","PARKING LOT",,"STRAIGHT AND LEVEL","UNKNOWN","UNKNOWN","NOT ON SCENE (DESK REPORT)","INJURY AND / OR TOW DUE TO CRASH",,,"Y","$501 - $1,500","2026-02-10T17:35:00.000","IMPROPER TURNING/NO SIGNAL","NOT APPLICABLE","5490","W","ROOSEVELT RD","1522",,,,,,,"2","REPORTED, NOT EVIDENT","1","0","0","0","1","1","0","14","3","2","41.8657557225","-87.76154769","POINT (-87.76154769 41.865755722527)"
"787fea81498273b82ac2cf3af147e20a32fffd26abf93a580b36a7bce02cc6e8c248885f4c25117a9444a220cd2fb660e352b2810f77627bb710d75f336dff45","Y","2026-02-10T14:00:00.000","30","NO CONTROLS","NO CONTROLS","CLEAR","DAYLIGHT","FIXED OBJECT","DIVIDED - W/MEDIAN (NOT RAISED)",,"STRAIGHT AND LEVEL","DRY","NO DEFECTS","ON SCENE","INJURY AND / OR TOW DUE TO CRASH",,,,"OVER $1,500","2026-02-10T14:01:00.000","UNABLE TO DETERMINE","UNABLE TO DETERMINE","340","W","PERSHING RD","915",,,,,,,"1","NONINCAPACITATING INJURY","1","0","0","1","0","0","0","14","3","2","41.8237123142","-87.6348643214","POINT (-87.63486432145 41.823712314158)"
"921c02c58812430647ceb4d010d4f3ebafe248262852cd6c45ade4ee5705796673bd8022ec759b1452a226021c2d0706f311a0056fca35028524945110a381dc",,"2026-02-10T14:00:00.000","30","NO CONTROLS","NO CONTROLS","UNKNOWN","DAYLIGHT","PARKED MOTOR VEHICLE","NOT DIVIDED",,"STRAIGHT AND LEVEL","UNKNOWN","UNKNOWN","NOT ON SCENE (DESK REPORT)","NO INJURY / DRIVE AWAY",,,"Y","$501 - $1,500","2026-02-10T15:25:00.000","UNABLE TO DETERMINE","NOT APPLICABLE","3848","W","MADISON ST","1122",,,,,,,"2","NO INDICATION OF INJURY","0","0","0","0","0","1","0","14","3","2","41.8808747051","-87.7226212981","POINT (-87.722621298146 41.880874705129)"
"d3ade54f837c9072bf56d06cfed6dba2e0ec8b09951a251fcf20947756e29a90f024a59c30e093e483c6aa0c7d0a75708970cac45c855229e94dee9b0ccbea21",,"2026-02-10T13:55:00.000","55","NO CONTROLS","NO CONTROLS","CLEAR","DAYLIGHT","REAR END","DIVIDED - W/MEDIAN BARRIER",,"STRAIGHT AND LEVEL","DRY","NO DEFECTS","ON SCENE","NO INJURY / DRIVE AWAY",,,,"$501 - $1,500","2026-02-10T13:55:00.000","FOLLOWING TOO CLOSELY","FAILING TO REDUCE SPEED TO AVOID CRASH","4206","S","DAN RYAN XPRSS OB","925",,,,,,,"2","NO INDICATION OF INJURY","0","0","0","0","0","2","0","13","3","2","41.8178484054","-87.6309131847","POINT (-87.630913184674 41.817848405413)"
"a0ec27bf2a81f5bea1ef2fbe2e5a6934a9c555352edf7ee294cc6673c87c4bd1456f18dc56ae7cfb8a38a40c381e993b5bb24077fc463b6aa52a7f46c2b4c8c2",,"2026-02-10T13:52:00.000","30","UNKNOWN","UNKNOWN","CLEAR","DAYLIGHT","REAR END","UNKNOWN INTERSECTION TYPE",,"STRAIGHT AND LEVEL","UNKNOWN","UNKNOWN","NOT ON SCENE (DESK REPORT)","NO INJURY / DRIVE AWAY","Y",,,"OVER $1,500","2026-02-10T14:35:00.000","UNABLE TO DETERMINE","UNABLE TO DETERMINE","3232","N","LAKE SHORE DR","1925",,,,,,,"2","NO INDICATION OF INJURY","0","0","0","0","0","2","0","13","3","2","41.9411052933","-87.6396605291","POINT (-87.639660529114 41.941105293323)"
"d3b24aae1e0d9200b29d829a6acc81093f77b19e8534ba526ba9d7393383315802217d1e52badc57808c3f88027716fa679f63ed601ba6466ab1e72e6d2c7d97",,"2026-02-10T13:41:00.000","30","TRAFFIC SIGNAL","FUNCTIONING PROPERLY","CLEAR","DAYLIGHT","TURNING","NOT DIVIDED",,"STRAIGHT AND LEVEL","DRY","UNKNOWN","ON SCENE","INJURY AND / OR TOW DUE TO CRASH","Y",,"Y","OVER $1,500","2026-02-10T13:44:00.000","FAILING TO YIELD RIGHT-OF-WAY","NOT APPLICABLE","2400","W","31ST ST","1034",,,,,,,"3","NO INDICATION OF INJURY","0","0","0","0","0","3","0","13","3","2","41.8391393317","-87.6853935885","POINT (-87.685393588452 41.839139331694)"
"9ee1b415fb5ca2d2cb77bed9938792fdccaba3a57b8dbe9a88bf4471c824ba653f8170f4f8a65d4df7cb4afbb8250533711332b6ff80e178460e0efa9ca51eb0",,"2026-02-10T13:40:00.000","30","TRAFFIC SIGNAL","UNKNOWN","CLEAR","DAYLIGHT","REAR END","NOT DIVIDED",,"STRAIGHT AND LEVEL","UNKNOWN","UNKNOWN","NOT ON SCENE (DESK REPORT)","NO INJURY / DRIVE AWAY",,,"Y","OVER $1,500","2026-02-11T21:10:00.000","UNABLE TO DETERMINE","UNABLE TO DETERMINE","6300","S","COAST GUARD DR","331",,,,,,,"2","NO INDICATION OF INJURY","0","0","0","0","0","2","0","13","3","2","41.7796807607","-87.575066734","POINT (-87.575066733953 41.77968076067)"
"5215fa949a2178171c8963f25711f2c2dfee792d9599aadda5804951ffcd42c319cc0a654a718d670c8fd1d0fd243310ca73c9ae2cc5eb6f828f79f078495ddf",,"2026-02-10T13:38:00.000","30","UNKNOWN","UNKNOWN","CLEAR","UNKNOWN","SIDESWIPE SAME DIRECTION","NOT DIVIDED",,"STRAIGHT AND LEVEL","UNKNOWN","UNKNOWN","NOT ON SCENE (DESK REPORT)","NO INJURY / DRIVE AWAY",,,,"OVER $1,500","2026-02-10T14:00:00.000","UNABLE TO DETERMINE","NOT APPLICABLE","3059","W","BELMONT AVE","1411",,,,,,,"2","NO INDICATION OF INJURY","0","0","0","0","0","2","0","13","3","2","41.9392430321","-87.7047643475","POINT (-87.70476434748 41.939243032147)"
"76cc3f82d374179b0b0a252507e5c9b5f14e37821e6e5778557672e90ca3eef8a3b852dc116076767232671c2861b58258ce4e9b08376ae2fde41c99125e7842",,"2026-02-10T13:35:00.000","30","TRAFFIC SIGNAL","FUNCTIONING PROPERLY","CLEAR","DAYLIGHT","PEDESTRIAN","FOUR WAY",,"STRAIGHT AND LEVEL","DRY","UNKNOWN","ON SCENE","INJURY AND / OR TOW DUE TO CRASH","Y",,,"$500 OR LESS","2026-02-10T13:35:00.000","UNABLE TO DETERMINE","UNABLE TO DETERMINE","4700","S","CICERO AVE","814",,,,,,,"2","NONINCAPACITATING INJURY","1","0","0","1","0","2","0","13","3","2","41.8075303729","-87.7432968212","POINT (-87.743296821242 41.807530372894)"
"f1127ca990169f0206326a98213388554ed0f265c304421417f04832fd6999803beb5c1c750ec07ddff2a826e2b705aeb5b3f38515210ec6fe2aed8330be3a45",,"2026-02-10T13:35:00.000","30","NO CONTROLS","NO CONTROLS","CLEAR","DAYLIGHT","SIDESWIPE SAME DIRECTION","NOT DIVIDED",,"STRAIGHT AND LEVEL","DRY","UNKNOWN","ON SCENE","NO INJURY / DRIVE AWAY",,,,"$501 - $1,500","2026-02-10T13:54:00.000","UNABLE TO DETERMINE","NOT APPLICABLE","4206","W","IRVING PARK RD","1722",,,,,,,"2","NO INDICATION OF INJURY","0","0","0","0","0","2","0","13","3","2","41.9537018671","-87.7328203589","POINT (-87.732820358859 41.953701867125)"