"crash_record_id","crash_date_est_i","crash_date","posted_speed_limit","traffic_control_device","device_condition","weather_condition","lighting_condition","first_crash_type","trafficway_type","lane_cnt","alignment","roadway_surface_cond","road_defect","report_type","crash_type","intersection_related_i","private_property_i","hit_and_run_i","damage","date_police_notified","prim_contributory_cause","sec_contributory_cause","street_no","street_direction","street_name","beat_of_occurrence","photos_taken_i","statements_taken_i","dooring_i","work_zone_i","work_zone_type","workers_present_i","num_units","most_severe_injury","injuries_total","injuries_fatal","injuries_incapacitating","injuries_non_incapacitating","injuries_reported_not_evident","injuries_no_indication","injuries_unknown","crash_hour","crash_day_of_week","crash_month","latitude","longitude","location"
"01a88136cf86d8b5ac57307ac82a1cbed15b2260f9442d3d22ab0160d15e02da968d12c5c9af113e997a257ed629d26c3acfc0ca3453f17000b52308a6fb9cd8",,"2026-02-10T13:33:00.000","30","TRAFFIC SIGNAL","UNKNOWN","UNKNOWN","UNKNOWN","TURNING","FOUR WAY",,"STRAIGHT AND LEVEL","UNKNOWN","UNKNOWN","NOT ON SCENE (DESK REPORT)","NO INJURY / DRIVE AWAY","Y",,,"OVER $1,500","2026-02-10T18:55:00.000","UNABLE TO DETERMINE","UNABLE TO DETERMINE","101","W","OAK ST","1832",,,,,,,"2","NO INDICATION OF INJURY","0","0","0","0","0","3","0","13","3","2","41.9004418531","-87.6314216163","POINT (-87.631421616335 41.900441853121)"
"0f3c90ba1f8d64b175e6e11faf533a95d7c796cdf3d532526d0f19f080246ebb028fbe4729ff7936e461c8802a693206b994df01c7c2f004a8af6a6e31af4555",,"2026-02-10T13:30:00.000","30","NO CONTROLS","NO CONTROLS","CLEAR","DAYLIGHT","SIDESWIPE SAME DIRECTION","NOT DIVIDED",,"STRAIGHT AND LEVEL","DRY","NO DEFECTS","ON SCENE","NO INJURY / DRIVE AWAY",,,,"OVER $1,500","2026-02-10T13:40:00.000","DRIVING SKILLS/KNOWLEDGE/EXPERIENCE","DRIVING SKILLS/KNOWLEDGE/EXPERIENCE","3940","W","IRVING PARK RD","1723",,,,,,,"2","NO INDICATION OF INJURY","0","0","0","0","0","2","0","13","3","2","41.9537699157","-87.7267730537","POINT (-87.726773053743 41.953769915659)"
"1d525924a1ee2a3bae6d61325b2a335be38b4e7616757a162866da3643624669518ee0c5226bca04bdeac605bf3d82fdaf72fbe9b91f57d7fd20e97e488420a8",,"2026-02-10T13:30:00.000","35","NO CONTROLS","NO CONTROLS","CLEAR","DAYLIGHT","HEAD ON","DIVIDED - W/MEDIAN BARRIER",,"STRAIGHT AND LEVEL","DRY","NO DEFECTS","ON SCENE","INJURY AND / OR TOW DUE TO CRASH","Y",,,"OVER $1,500","2026-02-10T13:31:00.000","FAILING TO YIELD RIGHT-OF-WAY","UNABLE TO DETERMINE","8400","W","LELAND AVE","1614",,"Y",,,,,"2","NO INDICATION OF INJURY","0","0","0","0","0","2","0","13","3","2","41.9652776409","-87.8367448182","POINT (-87.836744818238 41.965277640916)"
"3acb6f4253ae65db34de56d95af5bdec25a3fe32b9607033ad20218894ac66becb4403c28e2df27e3ac783d31478a7b4eaf2dcad3ae02f26b8d69f392c09bb03",,"2026-02-10T13:30:00.000","25","TRAFFIC SIGNAL","FUNCTIONING PROPERLY","CLEAR","DAYLIGHT","TURNING","NOT DIVIDED",,"STRAIGHT AND LEVEL","DRY","NO DEFECTS","NOT ON SCENE (DESK REPORT)","NO INJURY / DRIVE AWAY",,,,"$500 OR LESS","2026-02-10T14:10:00.000","UNABLE TO DETERMINE","UNABLE TO DETERMINE","192","E","WALTON PL","1833",,,,,,,"2","NO INDICATION OF INJURY","0","0","0","0","0","2","0","13","3","2","41.9001500685","-87.6221467451","POINT (-87.622146745137 41.900150068517)"
"40c27a993b55481cf9bd1ccec4361f0c6bfb1d71460bf83bb9f6fb02dd8556bb59d90cbcb0114bbb1d3757f3fd3e4f95557c19b70aa28df1ee4fb555bae79588","Y","2026-02-10T13:30:00.000","30","UNKNOWN","UNKNOWN","CLEAR","DAYLIGHT","REAR END","NOT DIVIDED",,"STRAIGHT AND LEVEL","DRY","UNKNOWN","NOT ON SCENE (DESK REPORT)","INJURY AND / OR TOW DUE TO CRASH",,,,"OVER $1,500","2026-02-10T14:00:00.000","FOLLOWING TOO CLOSELY","NOT APPLICABLE","1938","W","DIVERSEY PKWY","1931",,,,,,,"2","REPORTED, NOT EVIDENT","1","0","0","0","1","2","0","13","3","2","41.9324122566","-87.6767234701","POINT (-87.676723470087 41.932412256552)"
"549943a6c15f826a03c4361ee318347e5daa1a69d41ab7e7176156f882846b686f829e128a0b30d66b3152f5049297d81ed622bff35eaef01ed0fc2a0a722f74",,"2026-02-10T13:15:00.000","30","TRAFFIC SIGNAL","FUNCTIONING PROPERLY","CLEAR","DAYLIGHT","REAR END","DIVIDED - W/MEDIAN (NOT RAISED)",,"STRAIGHT AND LEVEL","DRY","NO DEFECTS","NOT ON SCENE (DESK REPORT)","NO INJURY / DRIVE AWAY",,,,"$501 - $1,500","2026-02-10T13:20:00.000","FOLLOWING TOO CLOSELY","UNABLE TO DETERMINE","5150","N","WESTERN AVE","2031",,,,,,,"2","NO INDICATION OF INJURY","0","0","0","0","0","2","0","13","3","2","41.9755654383","-87.689284448","POINT (-87.689284448039 41.97556543833)"
"91c520fa02e4fa0d5d61a79bf44b272b766766b9250deffa9c1b4dd6105a2ac9fb1414ff3ea664ddfed0ebb6097b06e3ceb052d15218f17ab601c793c1e64a0b",,"2026-02-10T13:14:00.000","30","NO CONTROLS","NO CONTROLS","CLEAR","DAYLIGHT","TURNING","NOT DIVIDED",,"STRAIGHT AND LEVEL","DRY","NO DEFECTS","NOT ON SCENE (DESK REPORT)","NO INJURY / DRIVE AWAY",,,,"OVER $1,500","2026-02-10T15:21:00.000","IMPROPER TURNING/NO SIGNAL","IMPROPER TURNING/NO SIGNAL","3219","W","MONTROSE AVE","1724",,,,,,,"2","NO INDICATION OF INJURY","0","0","0","0","0","2","0","13","3","2","41.9610688881","-87.7090698305","POINT (-87.709069830529 41.961068888111)"
"aa31740823d35d72013d9b9da9ea96051fab40b04352f4f72faa0fd61bd0259f323d4d1cc27f1614d7c4ec3149194721948005437279e28b45482bc09fc8c56c",,"2026-02-10T13:05:00.000","30","NO CONTROLS","NO CONTROLS","CLEAR","DAYLIGHT","PARKED MOTOR VEHICLE","NOT DIVIDED",,"STRAIGHT AND LEVEL","DRY","NO DEFECTS","NOT ON SCENE (DESK REPORT)","NO INJURY / DRIVE AWAY",,,,"OVER $1,500","2026-02-10T14:45:00.000","UNABLE TO DETERMINE","NOT APPLICABLE","1150","W","ALTGELD ST","1932",,,,,,,"2","NO INDICATION OF INJURY","0","0","0","0","0","1","0","13","3","2","41.9272254991","-87.6580976905","POINT (-87.6580976905 41.927225499072)"
"84ebb4cbdebf4d55fe13bca217726e1a6de03c461b96d4a13fa38fc0e9332d162b4d0d9f97821e6af63e25bc476704161eab63278d9ebe10a5dc7bd2ccab159b",,"2026-02-10T13:00:00.000","30","NO CONTROLS","NO CONTROLS","CLEAR","DAYLIGHT","TURNING","DIVIDED - W/MEDIAN (NOT RAISED)",,"STRAIGHT AND LEVEL","DRY","UNKNOWN","NOT ON SCENE (DESK REPORT)","NO INJURY / DRIVE AWAY",,,,"OVER $1,500","2026-02-10T13:30:00.000","UNABLE TO DETERMINE","UNABLE TO DETERMINE","3913","W","MADISON ST","1122",,,,,,,"2","NO INDICATION OF INJURY","0","0","0","0","0","2","0","13","3","2","41.8806423275","-87.7236614466","POINT (-87.723661446567 41.880642327524)"
"b001adc2b28e9509671651527f1f616b7e90ac722451dcda05dcabd18bbc80b17567f360930f047d9a471d0c1b28da61a9f4ec9a3d7ff948da88dcd1ea085331",,"2026-02-10T13:00:00.000","30","NO CONTROLS","NO CONTROLS","CLEAR","DAYLIGHT","ANGLE","ALLEY",,"STRAIGHT AND LEVEL","DRY","NO DEFECTS","ON SCENE","NO INJURY / DRIVE AWAY","Y",,,"OVER $1,500","2026-02-10T13:00:00.000","FAILING TO YIELD RIGHT-OF-WAY","DRIVING SKILLS/KNOWLEDGE/EXPERIENCE","1348","S","HOMAN AVE","1021",,,,,,,"2","NO INDICATION OF INJURY","0","0","0","0","0","2","0","13","3","2","41.8629666344","-87.7105900239","POINT (-87.710590023869 41.862966634395)"
"d8ad777662c008eaa88d86126894054e55fc9a23a2f8b7d4c052b5ff4da08eac0bd7d6c4cd75fb0664be4b75f8c6784d65e8bfaaf31fba15cf4213dd9877a24e",,"2026-02-10T13:00:00.000","30","TRAFFIC SIGNAL","FUNCTIONING PROPERLY","CLEAR","DAYLIGHT","REAR END","NOT DIVIDED",,"STRAIGHT AND LEVEL","DRY","NO DEFECTS",,"NO INJURY / DRIVE AWAY",,,,"OVER $1,500","2026-02-10T13:45:00.000","UNABLE TO DETERMINE","NOT APPLICABLE","5645","W","GRAND AVE","2515",,,,,,,"3","NO INDICATION OF INJURY","0","0","0","0","0","3","0","13","3","2","41.9189732456","-87.767597631","POINT (-87.767597630963 41.918973245636)"
"06092f7ce630793fbe58ec2a3b42eafca8ecb169fe3fca0d7cc4676ec5615d0fa3bd2c84f0fe618ead648d1ac8ae5d2ac5a45cc5f243a31a85040342e2ad757d",,"2026-02-10T12:47:00.000","30","TRAFFIC SIGNAL","FUNCTIONING PROPERLY","CLEAR","DAYLIGHT","TURNING","DIVIDED - W/MEDIAN BARRIER",,"STRAIGHT AND LEVEL","DRY","NO DEFECTS","NOT ON SCENE (DESK REPORT)","NO INJURY / DRIVE AWAY","Y",,,"OVER $1,500","2026-02-10T15:00:00.000","FAILING TO YIELD RIGHT-OF-WAY","IMPROPER LANE USAGE","1152","W","GARFIELD BLVD","934",,,,,,,"2","NO INDICATION OF INJURY","0","0","0","0","0","2","0","12","3","2","41.7942801797","-87.6545445085","POINT (-87.654544508483 41.794280179734)"
"9a8f2125ad91661fec52bf7de78866318992fdd3fcf0ba0dacf7a66f387dc05ef472023eb681a30434e8d36d68ead9330f2550e2b93d7eb85863a84ca3574c9a",,"2026-02-10T12:45:00.000","30","NO CONTROLS","NO CONTROLS","CLEAR","DAYLIGHT","REAR END","NOT DIVIDED",,"STRAIGHT AND LEVEL","DRY","NO DEFECTS","NOT ON SCENE (DESK REPORT)","NO INJURY / DRIVE AWAY",,,,"$501 - $1,500","2026-02-10T14:16:00.000","FOLLOWING TOO CLOSELY","NOT APPLICABLE","7301","S","CICERO AVE","833",,,,,,,"2","NO INDICATION OF INJURY","0","0","0","0","0","2","0","12","3","2","41.7603882393","-87.7416271687","POINT (-87.741627168712 41.76038823931)"
"eca2979c0e3663657a66ea7b6082b551c00c9b0a1892dd5748dabf9cd3ef0f482e7e8d3f389ccba2ad5402192d297f02f04887f5a9e799b73e45419551b15d47",,"2026-02-10T12:45:00.000","30","TRAFFIC SIGNAL","FUNCTIONING PROPERLY","CLEAR","DAYLIGHT","TURNING","NOT DIVIDED",,"STRAIGHT AND LEVEL","DRY","NO DEFECTS","ON SCENE","NO INJURY / DRIVE AWAY","Y",,,"OVER $1,500","2026-02-10T12:47:00.000","FAILING TO YIELD RIGHT-OF-WAY","NOT APPLICABLE","1000","N","LARAMIE AVE","1524",,,,,,,"2","NO INDICATION OF INJURY","0","0","0","0","0","2","0","12","3","2","41.8986731656","-87.7558381494","POINT (-87.755838149412 41.89867316563)"
"ef7b0be06971ee4c3afc30a9a065875eff3808a23f753ec911ba64a1807d1bbc6c6eebd440a43ddb72947a13a09b3c4d297d15c7a71a9309f777f46478fb7041",,"2026-02-10T12:45:00.000","30","NO CONTROLS","NO CONTROLS","CLEAR","DAYLIGHT","PARKED MOTOR VEHICLE","DIVIDED - W/MEDIAN BARRIER",,"STRAIGHT AND LEVEL","DRY","NO DEFECTS","ON SCENE","NO INJURY / DRIVE AWAY",,,,"$501 - $1,500","2026-02-10T13:00:00.000","NOT APPLICABLE","NOT APPLICABLE","4616","N","ASHLAND AVE","1912",,,,,,,"2","NO INDICATION OF INJURY","0","0","0","0","0","1","0","12","3","2","41.9657738272","-87.6695084324","POINT (-87.669508432362 41.965773827197)"
"2318a9920b1fe7f5e827289243c105821a7d87eca477a5a2437bf4ca551bd12c828146b329833e1eab0a6a10bedcf2fa39c6f7bfb1ea1de9f041ae631f0392d2",,"2026-02-10T12:41:00.000","30","NO CONTROLS","NO CONTROLS","CLEAR","DAYLIGHT","TURNING","NOT DIVIDED",,"STRAIGHT AND LEVEL","DRY","NO DEFECTS","ON SCENE","NO INJURY / DRIVE AWAY",,,,"$501 - $1,500","2026-02-10T13:00:00.000","FOLLOWING TOO CLOSELY","NOT APPLICABLE","125","W","83RD ST","622",,,,,,,"2","NO INDICATION OF INJURY","0","0","0","0","0","2","0","12","3","2","41.7434900506","-87.6279886438","POINT (-87.627988643804 41.743490050572)"
"86955fb1c69768a84c2a564a0cb084eba88db187054de29791dc16178e5c41b6bcf8eeb57f304f0ca1406c1ed99028d076e97768af577a3dcfb31519bf5925eb",,"2026-02-10T12:40:00.000","30","UNKNOWN","UNKNOWN","UNKNOWN","UNKNOWN","SIDESWIPE SAME DIRECTION","NOT DIVIDED",,"STRAIGHT AND LEVEL","UNKNOWN","UNKNOWN","NOT ON SCENE (DESK REPORT)","NO INJURY / DRIVE AWAY",,,,"OVER $1,500","2026-02-11T07:50:00.000","UNABLE TO DETERMINE","UNABLE TO DETERMINE","400","E","63RD ST","313",,,,,,,"2","NO INDICATION OF INJURY","0","0","0","0","0","4","0","12","3","2","41.7803499669","-87.6155653129","POINT (-87.615565312868 41.780349966941)"
"bf9befa53ed2345db327e0018ea331ae8540aa372fe21ad353a6ebfc382c9191982d9a74bec5d8778436348f2e579968f3a6863604be724bdf1c838ed4d90fcc",,"2026-02-10T12:40:00.000","30","TRAFFIC SIGNAL","FUNCTIONING PROPERLY","CLEAR","DAYLIGHT","SIDESWIPE SAME DIRECTION","DIVIDED - W/MEDIAN (NOT RAISED)",,"STRAIGHT AND LEVEL","DRY","NO DEFECTS","ON SCENE","NO INJURY / DRIVE AWAY",,,"Y","$500 OR LESS","2026-02-10T12:50:00.000","UNABLE TO DETERMINE","UNABLE TO DETERMINE","2632","W","103RD ST","2211",,,,,,,"2","NO INDICATION OF INJURY","0","0","0","0","0","2","0","12","3","2","41.706464219","-87.6878205036","POINT (-87.687820503618 41.706464219004)"
"d5b1bab1e71d4ab0bdab2c9308c1783ced7bedc68715b74dd3f073e68635c8dd2049bd623ed207cbd331295457cd6b01776698a260ab5aa8d0a89135e99e76b1",,"2026-02-10T12:40:00.000","30","NO CONTROLS","NO CONTROLS","CLEAR","DAYLIGHT","REAR END","OTHER",,"STRAIGHT AND LEVEL","UNKNOWN","UNKNOWN","ON SCENE","NO INJURY / DRIVE AWAY",,"Y","Y","OVER $1,500","2026-02-10T13:36:00.000","UNABLE TO DETERMINE","UNABLE TO DETERMINE","1045","W","95TH ST","2223",,,,,,,"2","NO INDICATION OF INJURY","0","0","0","0","0","2","0","12","3","2","41.7212684659","-87.6498211995","POINT (-87.649821199502 41.721268465879)"
"5ab0f3e7852b6744e253bee500268a1b4b738b0c778300837698f1f4e71c62818ba3bd2dfda7fe9e3d9b29fc3ebbff8798e419b678dabb501ed3b2aa26dd3330",,"2026-02-10T12:34:00.000","30","TRAFFIC SIGNAL","FUNCTIONING PROPERLY","CLEAR","DAYLIGHT","ANGLE","NOT DIVIDED",,"STRAIGHT AND LEVEL","DRY","WORN SURFACE",,"INJURY AND / OR TOW DUE TO CRASH",,,,"OVER $1,500","2026-02-10T12:45:00.000","DISREGARDING TRAFFIC SIGNALS","DISREGARDING TRAFFIC SIGNALS","30","W","75TH ST","731",,,,,,,"2","NO INDICATION OF INJURY","0","0","0","0","0","2","0","12","3","2","41.7582765253","-87.6259772225","POINT (-87.625977222524 41.758276525332)"
"8d3f2556b2a43e3b662ed2323f24211341a5828fe07630f7f6540bb5d07161ea464a0a486ad65cf853d044e146c9ae135c654fedea2d203bfd921e593336a31e",,"2026-02-10T12:30:00.000","30","NO CONTROLS","NO CONTROLS","CLOUDY/OVERCAST","DAYLIGHT","OTHER OBJECT","NOT DIVIDED",,"STRAIGHT AND LEVEL","UNKNOWN","UNKNOWN","NOT ON SCENE (DESK REPORT)","NO INJURY / DRIVE AWAY",,,,"OVER $1,500","2026-02-10T16:55:00.000","UNABLE TO DETERMINE","UNABLE TO DETERMINE","5844","W","ADDISON ST","1633",,,,,,,"2","NO INDICATION OF INJURY","0","0","0","0","0","2","0","12","3","2","41.9459147869","-87.7733604578","POINT (-87.773360457827 41.945914786934)"
"a738b93cfd7d9d9cdf21d3b4d833ef71254a00084b03a56c47fc19c2f4bcf61947c6cd2f66891ba2246deabca4b2f57e953baeab22ef872bea1a1e293e71e5d5",,"2026-02-10T12:25:00.000","25","NO CONTROLS","NO CONTROLS","CLEAR","DAYLIGHT","REAR END","NOT DIVIDED",,"STRAIGHT AND LEVEL","DRY","NO DEFECTS","NOT ON SCENE (DESK REPORT)","NO INJURY / DRIVE AWAY",,,"Y","OVER $1,500","2026-02-10T15:35:00.000","UNABLE TO DETERMINE","UNABLE TO DETERMINE","20","N","LOWER WACKER DR","122",,,,,,,"2","NO INDICATION OF INJURY","0","0","0","0","0","2","0","12","3","2","41.8824105382","-87.6372114369","POINT (-87.637211436918 41.882410538224)"
"be83838ca19129bb7e2438af64629789ed0e7258e7180221413c7830b8bb034cfb06ce3d6c77745853d89ecc01e3f1040c354eb4c40662ab10303cef73adc00e",,"2026-02-10T12:10:00.000","30","TRAFFIC SIGNAL","FUNCTIONING PROPERLY","CLEAR","DAYLIGHT","TURNING","NOT DIVIDED",,"STRAIGHT AND LEVEL","DRY","NO DEFECTS","ON SCENE","INJURY AND / OR TOW DUE TO CRASH","Y",,,"OVER $1,500","2026-02-10T12:11:00.000","FAILING TO YIELD RIGHT-OF-WAY","NOT APPLICABLE","6400","W","ARCHER AVE","811",,,,,,,"2","NO INDICATION OF INJURY","0","0","0","0","0","3","0","12","3","2","41.7924552555","-87.7818768499","POINT (-87.781876849877 41.792455255505)"
"d33a6a9dde5e1255d7137722ac7358f180c94117b88a9443a70e9ea10e8a84fa6c8bd44704925f414a01ef85b646346c23598a1630f867b72b3efd7939697e62",,"2026-02-10T12:00:00.000","15","NO CONTROLS","NO CONTROLS","CLEAR","DAYLIGHT","REAR TO SIDE","PARKING LOT",,"STRAIGHT AND LEVEL","DRY","NO DEFECTS","NOT ON SCENE (DESK REPORT)","NO INJURY / DRIVE AWAY","Y",,,"OVER $1,500","2026-02-10T14:36:00.000","FAILING TO YIELD RIGHT-OF-WAY","FAILING TO YIELD RIGHT-OF-WAY","715","S","SEELEY AVE","1225",,,,,,,"2","NO INDICATION OF INJURY","0","0","0","0","0","2","0","12","3","2","41.8727423125","-87.6774460907","POINT (-87.677446090668 41.872742312473)"
"a6fc372330d9035f5f068a45dbf03f202d708e013750bd0a3e6051110b29cb7fbf603b98f7bd0fa048bf10d616a947711b5783e095f0c16de2a5d6b97b979a72",,"2026-02-10T11:58:00.000","30","OTHER WARNING SIGN","FUNCTIONING PROPERLY","CLEAR","DAYLIGHT","FIXED OBJECT","FOUR WAY",,"STRAIGHT AND LEVEL","DRY","RUT, HOLES","NOT ON SCENE (DESK REPORT)","NO INJURY / DRIVE AWAY",,,,"$500 OR LESS","2026-02-10T15:55:00.000","DRIVING ON WRONG SIDE/WRONG WAY","DISREGARDING OTHER TRAFFIC SIGNS","4800","W","IOWA ST","1531",,,,"Y","CONSTRUCTION","Y","1","NO INDICATION OF INJURY","0","0","0","0","0","1","0","11","3","2","41.8969392929","-87.745969344","POINT (-87.745969343951 41.896939292866)"
"8b793f2ccf545f706b56adc5e949f2e7220b1ac2f2981123f6939a810821d9e3286750460320bb4c3e47bd39f305ce296d3c6cf460a5939bd3a825362729815f",,"2026-02-10T11:50:00.000","30","TRAFFIC SIGNAL","FUNCTIONING PROPERLY","CLEAR","DAYLIGHT","REAR END","FOUR WAY",,"STRAIGHT AND LEVEL","DRY","NO DEFECTS","NOT ON SCENE (DESK REPORT)","NO INJURY / DRIVE AWAY",,,,"$500 OR LESS","2026-02-10T13:00:00.000","FOLLOWING TOO CLOSELY","NOT APPLICABLE","9459","S","WESTERN AVE","2221",,,,,,,"2","NO INDICATION OF INJURY","0","0","0","0","0","2","0","11","3","2","41.7210321871","-87.6819213941","POINT (-87.681921394113 41.721032187113)"
"a0bd8e67a8c87ac72d70ba055d4f0006ec66b3d50badd885596883c3321a7ad53a222e521631b9d50567bbbf387694db6efdd527ad2517543e5cf7ab9d7b8d28",,"2026-02-10T11:50:00.000","25","NO CONTROLS","NO CONTROLS","CLEAR","DAYLIGHT","TURNING","NOT DIVIDED",,"STRAIGHT AND LEVEL","DRY","NO DEFECTS","ON SCENE","NO INJURY / DRIVE AWAY",,,,"OVER $1,500","2026-02-10T12:05:00.000","FAILING TO YIELD RIGHT-OF-WAY","UNABLE TO DETERMINE","8440","W","CATHERINE AVE","1614",,,,,,,"2","NO INDICATION OF INJURY","0","0","0","0","0","2","0","11","3","2","41.9775681103","-87.8383785007","POINT (-87.838378500679 41.977568110346)"
"a9fa198f5f0ced9aeb65c12ac847e2f75bcbbd4318c31c48d421b9adfd62165cfa20cbd5337c6f50fa2d44a6216345e721c250ae91ea854bf3ab36da50018a7f",,"2026-02-10T11:45:00.000","30","TRAFFIC SIGNAL","FUNCTIONING PROPERLY","CLEAR","DAYLIGHT","REAR TO REAR","NOT DIVIDED",,"STRAIGHT AND LEVEL","UNKNOWN","UNKNOWN","NOT ON SCENE (DESK REPORT)","NO INJURY / DRIVE AWAY",,,,"OVER $1,500","2026-02-10T12:16:00.000","UNABLE TO DETERMINE","UNABLE TO DETERMINE","2358","W","BERWYN AVE","2012",,,,,,,"2","NO INDICATION OF INJURY","0","0","0","0","0","2","0","11","3","2","41.9778181129","-87.6891871962","POINT (-87.689187196206 41.977818112853)"
"fb6d804dfc3339528b9ac0109f1ee13fe1e2f2534237c3a3db72ae6a2b93f8ef13a8f2b0282b18d5e324898ee5bd102afa2782ccf649caa20c6b66b6d7fbdf82",,"2026-02-10T11:45:00.000","30","NO CONTROLS","NO CONTROLS","UNKNOWN","UNKNOWN","PARKED MOTOR VEHICLE","DIVIDED - W/MEDIAN (NOT RAISED)",,"STRAIGHT AND LEVEL","UNKNOWN","UNKNOWN","NOT ON SCENE (DESK REPORT)","NO INJURY / DRIVE AWAY",,,"Y","OVER $1,500","2026-02-10T13:13:00.000","UNABLE TO DETERMINE","UNABLE TO DETERMINE","2900","W","WALTON ST","1211",,,,,,,"2","NO INDICATION OF INJURY","0","0","0","0","0","1","0","11","3","2","41.8981580668","-87.6992916705","POINT (-87.699291670482 41.898158066776)"
"59cb78bfd19c5a1492e3151ba12f6e8e06e2f556d8f672d81bedc43d4827c253ffae59073c120184a46e52e7be09cae1d6610272c95d915bfedb307beb454620",,"2026-02-10T11:30:00.000","30","TRAFFIC SIGNAL","FUNCTIONING PROPERLY","CLEAR","DAYLIGHT","TURNING","FOUR WAY",,"STRAIGHT AND LEVEL","DRY","NO DEFECTS","ON SCENE","INJURY AND / OR TOW DUE TO CRASH","Y",,,"$501 - $1,500","2026-02-10T11:30:00.000","IMPROPER LANE USAGE","FAILING TO REDUCE SPEED TO AVOID CRASH","5501","S","CALIFORNIA AVE","824",,,,,,,"2","NO INDICATION OF INJURY","0","0","0","0","0","2","0","11","3","2","41.7936020985","-87.6936487482","POINT (-87.693648748174 41.79360209853)"
"acfa2d99fd9c505c758825f01c2fd774b9c74cf3dc7fdca6f82ab614950e7176d11608695202413ba2d7414cb91949d643e81e02822f9b5d32c939a2c2d15a12",,"2026-02-10T11:29:00.000","25","UNKNOWN","UNKNOWN","CLEAR","DAYLIGHT","SIDESWIPE SAME DIRECTION","DIVIDED - W/MEDIAN (NOT RAISED)",,"STRAIGHT AND LEVEL","DRY","NO DEFECTS","NOT ON SCENE (DESK REPORT)","NO INJURY / DRIVE AWAY",,,,"OVER $1,500","2026-02-11T09:20:00.000","UNABLE TO DETERMINE","UNABLE TO DETERMINE","4946","N","MILWAUKEE AVE","1623",,,,,,,"2","NO INDICATION OF INJURY","0","0","0","0","0","2","0","11","3","2","41.9706775856","-87.7634289442","POINT (-87.76342894418 41.97067758561)"
"c999c407ad28797adf3657be7fc74754b58279cc851318dc409f8467efa3d50aec6727839ecffb3da872f7fa72199ce8f793c5ff2a2414df0b025539397f8f24",,"2026-02-10T11:25:00.000","35","NO CONTROLS","NO CONTROLS","CLEAR","DAYLIGHT","REAR TO FRONT","ONE-WAY",,"STRAIGHT AND LEVEL","DRY","NO DEFECTS","NOT ON SCENE (DESK REPORT)","NO INJURY / DRIVE AWAY",,,"Y","OVER $1,500","2026-02-10T11:25:00.000","IMPROPER OVERTAKING/PASSING","NOT APPLICABLE","500","S","HOYNE AVE","1225",,,,,,,"2","NO INDICATION OF INJURY","0","0","0","0","0","4","0","11","3","2","41.8749285454","-87.6790740402","POINT (-87.679074040238 41.874928545401)"
"eeb997859704b0393750af101e9fdebf83691d08a8e7341df33064b346df98ae081867290087c0b6607eea752866310f6b33a8dffaf829db8b73f0159b80434d",,"2026-02-10T11:20:00.000","30","NO CONTROLS","NO CONTROLS","CLEAR","DAYLIGHT","PARKED MOTOR VEHICLE","NOT DIVIDED",,"STRAIGHT AND LEVEL","DRY","NO DEFECTS","ON SCENE","NO INJURY / DRIVE AWAY",,"Y",,"$500 OR LESS","2026-02-10T11:45:00.000","UNABLE TO DETERMINE","UNABLE TO DETERMINE","3237","W","LAKE ST","1123","N","Y",,,,,"2","NO INDICATION OF INJURY","0","0","0","0","0","1","0","11","3","2","41.8843262464","-87.7076692073","POINT (-87.707669207345 41.884326246386)"
"d9226a001ff099c73718dafaca817fdd17bfcaceec64ddfd9b7dda1efb2399320ca14044df53dfa1f19c2bb5116ee52769c6b6dd73e0bf157638043a6c76c076",,"2026-02-10T11:19:00.000","35","NO CONTROLS","NO CONTROLS","CLEAR","DAYLIGHT","SIDESWIPE SAME DIRECTION","DIVIDED - W/MEDIAN (NOT RAISED)",,"STRAIGHT AND LEVEL","DRY","NO DEFECTS","ON SCENE","NO INJURY / DRIVE AWAY",,,,"$501 - $1,500","2026-02-10T11:35:00.000","UNABLE TO DETERMINE","UNABLE TO DETERMINE","2315","W","95TH ST","2213",,,,,,,"2","NO INDICATION OF INJURY","0","0","0","0","0","2","0","11","3","2","41.7208556561","-87.6803179692","POINT (-87.680317969239 41.720855656061)"
"92f056c7a72fdd32d28e628643dbc684f0aa84a65a6bd1887a428e6ec9236ac1b1729fbbce2dd1bd6358f4debfcf8cde4e4345150a6c6728db6d5920d182bc60",,"2026-02-10T11:17:00.000","30","TRAFFIC SIGNAL","FUNCTIONING PROPERLY","CLEAR","DAYLIGHT","REAR END","NOT DIVIDED",,"STRAIGHT AND LEVEL","DRY","NO DEFECTS","NOT ON SCENE (DESK REPORT)","NO INJURY / DRIVE AWAY",,,,"$501 - $1,500","2026-02-10T13:15:00.000","FOLLOWING TOO CLOSELY","NOT APPLICABLE","6301","S","WESTERN AVE","825",,,,,,,"2","NO INDICATION OF INJURY","0","0","0","0","0","6","0","11","3","2","41.7791287077","-87.683489884","POINT (-87.68348988405 41.779128707653)"
"6e6284214ea3ace46d16a0b03ffa9c0b29455de83f0d7ab0e32e746292b07707075db47c31d1168ee0e2a879eafde231bdbecf016e7a78d882fe262590bfc0db",,"2026-02-10T11:12:00.000","30","TRAFFIC SIGNAL","FUNCTIONING PROPERLY","CLEAR","DAYLIGHT","SIDESWIPE SAME DIRECTION","ONE-WAY",,"STRAIGHT AND LEVEL","DRY","NO DEFECTS","NOT ON SCENE (DESK REPORT)","NO INJURY / DRIVE AWAY",,,,"OVER $1,500","2026-02-10T17:10:00.000","IMPROPER TURNING/NO SIGNAL","NOT APPLICABLE","645","W","18TH ST","1235",,,,,,,"2","NO INDICATION OF INJURY","0","0","0","0","0","2","0","11","3","2","41.8574826775","-87.6436519407","POINT (-87.643651940728 41.857482677485)"