"crash_record_id","crash_date_est_i","crash_date","posted_speed_limit","traffic_control_device","device_condition","weather_condition","lighting_condition","first_crash_type","trafficway_type","lane_cnt","alignment","roadway_surface_cond","road_defect","report_type","crash_type","intersection_related_i","private_property_i","hit_and_run_i","damage","date_police_notified","prim_contributory_cause","sec_contributory_cause","street_no","street_direction","street_name","beat_of_occurrence","photos_taken_i","statements_taken_i","dooring_i","work_zone_i","work_zone_type","workers_present_i","num_units","most_severe_injury","injuries_total","injuries_fatal","injuries_incapacitating","injuries_non_incapacitating","injuries_reported_not_evident","injuries_no_indication","injuries_unknown","crash_hour","crash_day_of_week","crash_month","latitude","longitude","location"
"16f07f130c6466902929de1a54f167be670266f686ebc0d3dd6ee8710bfc8432549e74c65e259b09386744ecf984833f8447178f0e84a4b2d615eaedc05f9414",,"2026-02-10T11:00:00.000","30","NO CONTROLS","NO CONTROLS","CLEAR","DAYLIGHT","REAR END","DIVIDED - W/MEDIAN (NOT RAISED)",,"STRAIGHT AND LEVEL","DRY","NO DEFECTS","NOT ON SCENE (DESK REPORT)","NO INJURY / DRIVE AWAY",,,,"$501 - $1,500","2026-02-10T11:20:00.000","FOLLOWING TOO CLOSELY","NOT APPLICABLE","3516","W","MONTROSE AVE","1723",,,,,,,"2","NO INDICATION OF INJURY","0","0","0","0","0","2","0","11","3","2","41.9611993953","-87.7163283782","POINT (-87.716328378235 41.961199395339)"
"17ac3d5c341d58decf2759852aed2f052c25c317c0c38db7db6d5957d573bdc3e645cc8a7ba0efb860e9861baa3bfd4aa99854402967c9f82476c86ff7257878",,"2026-02-10T11:00:00.000","20","UNKNOWN","UNKNOWN","UNKNOWN","UNKNOWN","SIDESWIPE SAME DIRECTION","ONE-WAY",,"STRAIGHT AND LEVEL","UNKNOWN","UNKNOWN","NOT ON SCENE (DESK REPORT)","NO INJURY / DRIVE AWAY",,,,"OVER $1,500","2026-02-11T09:20:00.000","UNABLE TO DETERMINE","UNABLE TO DETERMINE","1801","S","RUBLE ST","1235",,,,,,,"2","NO INDICATION OF INJURY","0","0","0","0","0","2","0","11","3","2","41.857561735","-87.6436330351","POINT (-87.643633035062 41.85756173496)"
"37080f5505b284fc33a977d5993479861c80090bf99fe3744bff3b3665e30c05f48257b47ee3abea7055baf8370804966aa35b9d66d47b972d9db3772f0f9a34",,"2026-02-10T11:00:00.000","30","UNKNOWN","UNKNOWN","CLEAR","DAYLIGHT","FIXED OBJECT","DIVIDED - W/MEDIAN BARRIER",,"STRAIGHT AND LEVEL","DRY","NO DEFECTS","ON SCENE","NO INJURY / DRIVE AWAY",,,,"$501 - $1,500","2026-02-11T11:04:00.000","UNABLE TO DETERMINE","UNABLE TO DETERMINE","430","N","OGDEN AVE","1215",,,,,,,"1","NO INDICATION OF INJURY","0","0","0","0","0","1","0","11","3","2","41.8899791148","-87.6600818007","POINT (-87.660081800746 41.889979114753)"
"b038c758979b6c9e483a02a872e533351e392370d4ab6d720827887001c3eea4c6aa3393a9812775891a4d24066cf5d5e6f396e0a42e6dbd718a068ffc78620d","Y","2026-02-10T11:00:00.000","30","UNKNOWN","UNKNOWN","UNKNOWN","UNKNOWN","PARKED MOTOR VEHICLE","UNKNOWN",,"STRAIGHT AND LEVEL","UNKNOWN","UNKNOWN","NOT ON SCENE (DESK REPORT)","NO INJURY / DRIVE AWAY",,,"Y","$501 - $1,500","2026-02-11T11:13:00.000","UNABLE TO DETERMINE","NOT APPLICABLE","8127","S","KOSTNER AVE","834",,,,,,,"2","NO INDICATION OF INJURY","0","0","0","0","0","1","0","11","3","2","41.7448618137","-87.730944402","POINT (-87.730944401974 41.744861813714)"
"044029fc84c50dbd6396c0f63996cb95862b2ca7d5592bfb51497f3b44cbd511d65261686cc9748fae4fce49a725ed8eb3a7dcbe56a29933163a534ac9e0d56d",,"2026-02-10T10:57:00.000","30","TRAFFIC SIGNAL","FUNCTIONING PROPERLY","CLEAR","DAYLIGHT","TURNING","CENTER TURN LANE",,"STRAIGHT AND LEVEL","DRY","NO DEFECTS","ON SCENE","INJURY AND / OR TOW DUE TO CRASH","Y",,,"OVER $1,500","2026-02-10T11:30:00.000","FAILING TO YIELD RIGHT-OF-WAY","DISREGARDING TRAFFIC SIGNALS","1600","E","83RD ST","411",,,,,,,"2","NONINCAPACITATING INJURY","2","0","0","1","1","1","0","10","3","2","41.7443158746","-87.5853160413","POINT (-87.585316041255 41.744315874645)"
"1b1200dc4767295d4432035b6307da4c7c7c7cef668646f6fea4591fb0b6453d6055c256be3277b6fef36f19500cf1a606d18f61ca935ad9836c7d339ea247dd",,"2026-02-10T10:30:00.000","30","TRAFFIC SIGNAL","FUNCTIONING PROPERLY","CLEAR","DAYLIGHT","ANGLE","FOUR WAY",,"CURVE, LEVEL","DRY","NO DEFECTS","ON SCENE","INJURY AND / OR TOW DUE TO CRASH","Y",,,"OVER $1,500","2026-02-10T10:40:00.000","UNABLE TO DETERMINE","NOT APPLICABLE","130","E","IDA B WELLS DR","114",,,,,,,"2","REPORTED, NOT EVIDENT","2","0","0","0","2","1","0","10","3","2","41.8758494415","-87.6231538964","POINT (-87.623153896353 41.875849441478)"
"a17d655bbddc65462bfb7a0a0ff5e2e88722a82158d3a209bae07129b599ccb9828508ff6fe68c5216c3cccbf53518b96bc298805e2f422e0379b4acb9c62656",,"2026-02-10T10:30:00.000","20","NO CONTROLS","NO CONTROLS","CLEAR","DAYLIGHT","PARKED MOTOR VEHICLE","ONE-WAY",,"STRAIGHT AND LEVEL","DRY","NO DEFECTS","ON SCENE","NO INJURY / DRIVE AWAY",,,"Y","OVER $1,500","2026-02-10T13:00:00.000","UNABLE TO DETERMINE","NOT APPLICABLE","6940","W","64TH PL","812",,,,,,,"2","NO INDICATION OF INJURY","0","0","0","0","0","1","0","10","3","2","41.7748413461","-87.7950468561","POINT (-87.795046856129 41.774841346128)"
"e1a949267bc4cdc06439b76ae42d6f2ef3a418ff574372042d07396075dfa93dfd393a2dfe2dcf761d225ba2f06b48abfcdaf0713f7c0ffcf9821d166173dbe9",,"2026-02-10T10:20:00.000","30","NO CONTROLS","NO CONTROLS","CLEAR","DAYLIGHT","REAR END","NOT DIVIDED",,"STRAIGHT AND LEVEL","DRY","NO DEFECTS","NOT ON SCENE (DESK REPORT)","NO INJURY / DRIVE AWAY",,,,"OVER $1,500","2026-02-10T14:26:00.000","IMPROPER OVERTAKING/PASSING","UNABLE TO DETERMINE","4841","W","MONTROSE AVE","1624",,,,,,,"2","NO INDICATION OF INJURY","0","0","0","0","0","2","0","10","3","2","41.9605928831","-87.7492064992","POINT (-87.749206499245 41.960592883059)"
"94f4309f510d172894896351182ca96d5408cb60f8531bce2c7b80839effd1b0b3d519dcc645dfc41f77572efc65d4f1d9f8af218b0c87296100f2444908139c","Y","2026-02-10T10:16:00.000","25","NO CONTROLS","NO CONTROLS","UNKNOWN","UNKNOWN","PARKED MOTOR VEHICLE","ONE-WAY",,"STRAIGHT AND LEVEL","UNKNOWN","NO DEFECTS","ON SCENE","NO INJURY / DRIVE AWAY",,,"Y","OVER $1,500","2026-02-10T10:16:00.000","UNABLE TO DETERMINE","UNABLE TO DETERMINE","2859","E","89TH ST","423",,,,,,,"2","NO INDICATION OF INJURY","0","0","0","0","0","1","0","10","3","2","41.7335809167","-87.5545103127","POINT (-87.554510312718 41.733580916715)"
"2eb231e97d4b0b4e866520006a8cfce8f88bedb52e54bf591d345740824c8cc9b749b77acc29772bed0a5b3169000b03d37cc9f1e4301d3ef8ce800aeef2bcac",,"2026-02-10T10:15:00.000","30","NO CONTROLS","NO CONTROLS","CLEAR","DAYLIGHT","TURNING","FOUR WAY",,"STRAIGHT AND LEVEL","DRY","NO DEFECTS","ON SCENE","NO INJURY / DRIVE AWAY",,,,"$500 OR LESS","2026-02-10T10:15:00.000","FAILING TO YIELD RIGHT-OF-WAY","NOT APPLICABLE","6451","W","DIVERSEY AVE","2512",,,,,,,"2","NO INDICATION OF INJURY","0","0","0","0","0","2","0","10","3","2","41.9308513152","-87.7877556546","POINT (-87.787755654562 41.930851315188)"
"cdffdc3d34dfa1165243ee9bf80c52b89a4918a65185fdb23a80505daec90d95b1dbec72132e55b92ab16f4d1ad7315c3e738c3da8c86eb8dc0a877ab5968253",,"2026-02-10T10:05:00.000","25","TRAFFIC SIGNAL","FUNCTIONING PROPERLY","CLEAR","DAYLIGHT","SIDESWIPE SAME DIRECTION","FOUR WAY",,"STRAIGHT AND LEVEL","DRY","NO DEFECTS","NOT ON SCENE (DESK REPORT)","NO INJURY / DRIVE AWAY","Y",,"Y","OVER $1,500","2026-02-10T11:30:00.000","UNABLE TO DETERMINE","NOT APPLICABLE","6400","N","RIDGE BLVD","2412",,,,,,,"2","NO INDICATION OF INJURY","0","0","0","0","0","2","0","10","3","2","41.9980192582","-87.6770194601","POINT (-87.677019460109 41.998019258165)"
"287be2af6a0bf880fc2bac5f017e2eeaf03a8a2b532995037cb558dd1ef27d39b5c0e68b0feb4431261008159064279cb41a05c60af875333138846c7937dcbf",,"2026-02-10T10:00:00.000","35","UNKNOWN","UNKNOWN","CLEAR","DAYLIGHT","REAR TO FRONT","NOT DIVIDED",,"STRAIGHT AND LEVEL","DRY","UNKNOWN","ON SCENE","INJURY AND / OR TOW DUE TO CRASH",,,,"OVER $1,500","2026-02-10T10:05:00.000","UNABLE TO DETERMINE","UNABLE TO DETERMINE","4203","W","IRVING PARK RD","1731",,,,,,,"2","NONINCAPACITATING INJURY","1","0","0","1","0","1","0","10","3","2","41.9534847998","-87.7326354472","POINT (-87.732635447171 41.953484799829)"
"331b3e339fd7375c9a95cb3df0e6ee2c95a5c01a28d4bf4b4fa8669588a3f17b578b2d08e5d53c70d93561b80d52f18712ae722680123f36617bdf2634ca7d10",,"2026-02-10T10:00:00.000","30","NO CONTROLS","NO CONTROLS","CLEAR","DAYLIGHT","PARKED MOTOR VEHICLE","NOT DIVIDED",,"STRAIGHT AND LEVEL","DRY","NO DEFECTS","ON SCENE","NO INJURY / DRIVE AWAY",,,,"OVER $1,500","2026-02-10T10:09:00.000","DISTRACTION - FROM INSIDE VEHICLE","CELL PHONE USE OTHER THAN TEXTING","820","E","76TH ST","624",,,,,,,"2","NO INDICATION OF INJURY","0","0","0","0","0","1","0","10","3","2","41.7568803686","-87.6044232889","POINT (-87.604423288862 41.756880368638)"
"3761faa603704838ec98497db13814440ce63fa12bea84df8f642995b461487d66ccea7638b9cbdbc9e28448280ed7144c355e9411b7b548071d18ae9d82a836",,"2026-02-10T10:00:00.000","15","NO CONTROLS","NO CONTROLS","CLEAR","DAYLIGHT","FIXED OBJECT","OTHER",,"STRAIGHT AND LEVEL","DRY","NO DEFECTS","ON SCENE","NO INJURY / DRIVE AWAY",,,,"$500 OR LESS","2026-02-10T10:07:00.000","UNABLE TO DETERMINE","NOT APPLICABLE","5559","S","NARRAGANSETT AVE","811",,,,,,,"1","NO INDICATION OF INJURY","0","0","0","0","0","1","0","10","3","2","41.7906055994","-87.7815957318","POINT (-87.781595731832 41.790605599407)"
"3fe5733ac99ecdfb96f10a4ff6d3cc9c99fe89cd2c857d74eb1b69713113de64723a287a5be91405654af20bccd270aed19fe2af287c3334130f51b2b6ee515d",,"2026-02-10T10:00:00.000","30","NO CONTROLS","NO CONTROLS","CLEAR","DAYLIGHT","PARKED MOTOR VEHICLE","PARKING LOT",,"STRAIGHT AND LEVEL","DRY","NO DEFECTS","NOT ON SCENE (DESK REPORT)","NO INJURY / DRIVE AWAY",,,"Y","$501 - $1,500","2026-02-25T14:50:00.000","UNABLE TO DETERMINE","NOT APPLICABLE","9831","S","WESTERN AVE","2213",,,,,,,"2","NO INDICATION OF INJURY","0","0","0","0","0","1","0","10","3","2","41.7145544707","-87.6817205965","POINT (-87.681720596489 41.714554470687)"
"4b60d04d3fa229747f78c3c8521c5022ffd7cdf75658d85e965350633c18363a67f67bda0e37abef54b138c8ea3b7d3f632a56a8732de14ac2d375378d9f7ed4",,"2026-02-10T10:00:00.000","25","NO CONTROLS","NO CONTROLS","CLEAR","DAYLIGHT","SIDESWIPE SAME DIRECTION","PARKING LOT",,"STRAIGHT AND LEVEL","DRY","NO DEFECTS","ON SCENE","NO INJURY / DRIVE AWAY",,,"Y","$500 OR LESS","2026-02-10T10:05:00.000","UNABLE TO DETERMINE","UNABLE TO DETERMINE","3944","W","CERMAK RD","1014",,,,,,,"2","NO INDICATION OF INJURY","0","0","0","0","0","3","0","10","3","2","41.8516676674","-87.7240495145","POINT (-87.724049514507 41.851667667448)"
"a61d099c1baa7ff57a642bc6f6cc589c3d9ee79c138a08fe8f50422e5a2217db349cf0e0d726c8b3a9f2bcd64a9d9fca4632794bb25d3f441b3bef9ca907d0e3",,"2026-02-10T10:00:00.000","30","NO CONTROLS","NO CONTROLS","CLEAR","DAYLIGHT","REAR TO FRONT","ALLEY",,"STRAIGHT AND LEVEL","DRY","WORN SURFACE","ON SCENE","NO INJURY / DRIVE AWAY",,,,"OVER $1,500","2026-02-10T10:05:00.000","VISION OBSCURED (SIGNS, TREE LIMBS, BUILDINGS, ETC.)","VISION OBSCURED (SIGNS, TREE LIMBS, BUILDINGS, ETC.)","2020","W","68TH PL","726",,,,,,,"2","NO INDICATION OF INJURY","0","0","0","0","0","2","0","10","3","2","41.7694537621","-87.6745265327","POINT (-87.674526532702 41.769453762131)"
"ccbd07e240dfe3bc709790af72d2e39f49e483a0a3d8b671d6b7405f5f4f5e62fe5fb8c7183d7d018b0f3dd6a534ed716a48a821c06cbaeb5d4df2ba980567f0",,"2026-02-10T10:00:00.000","30","TRAFFIC SIGNAL","FUNCTIONING PROPERLY","CLEAR","DAYLIGHT","SIDESWIPE SAME DIRECTION","ONE-WAY",,"STRAIGHT AND LEVEL","DRY","NO DEFECTS","NOT ON SCENE (DESK REPORT)","NO INJURY / DRIVE AWAY",,,"Y","OVER $1,500","2026-02-11T10:40:00.000","UNABLE TO DETERMINE","NOT APPLICABLE","2999","W","CONGRESS PKWY","1135",,,,,,,"2","NO INDICATION OF INJURY","0","0","0","0","0","4","0","10","3","2","41.8742426233","-87.7008885781","POINT (-87.700888578114 41.874242623273)"
"da7f784184c0d01da95ee7f5355ffec5356338d790163bedbc46d5d3d20b034a430b6e89e8560d4701035a6197374faae1bcd3fcb187aeb2b7981e00d297248c","Y","2026-02-10T10:00:00.000","15","NO CONTROLS","NO CONTROLS","CLEAR","DAYLIGHT","PARKED MOTOR VEHICLE","ONE-WAY",,"STRAIGHT AND LEVEL","DRY","NO DEFECTS","NOT ON SCENE (DESK REPORT)","NO INJURY / DRIVE AWAY",,,"Y","OVER $1,500","2026-02-12T12:00:00.000","UNABLE TO DETERMINE","UNABLE TO DETERMINE","1533","N","KEDVALE AVE","2534",,,,,,,"2","NO INDICATION OF INJURY","0","0","0","0","0","1","0","10","3","2","41.9090372213","-87.7300254529","POINT (-87.730025452894 41.909037221337)"
"831aa1cffd9af9bd795fde53eda02d77059896dae5cfe52c39819dccf67262512b2ae3da0915ba1c0ca1598e6448250f3eecc642dcbd08e01dcdcfd34a4632af",,"2026-02-10T09:57:00.000","35","TRAFFIC SIGNAL","FUNCTIONING PROPERLY","CLEAR","DAYLIGHT","REAR END","DIVIDED - W/MEDIAN BARRIER",,"STRAIGHT AND LEVEL","DRY","NO DEFECTS","NOT ON SCENE (DESK REPORT)","NO INJURY / DRIVE AWAY",,,"Y","$501 - $1,500","2026-02-10T10:05:00.000","UNABLE TO DETERMINE","CELL PHONE USE OTHER THAN TEXTING","2100","S","ASHLAND AVE","1234",,,,,,,"3","NO INDICATION OF INJURY","0","0","0","0","0","4","0","9","3","2","41.8541165001","-87.6661959393","POINT (-87.666195939254 41.854116500052)"
"607ae10d997cec4ba0ac840f57cb3b6c382f68b3a8e00f7e2a16b10edee97d65c8579437fec69facd6745b96d185d1ea1d5caf4a842bc3460ebe18b56017caf1","Y","2026-02-10T09:50:00.000","30","UNKNOWN","UNKNOWN","UNKNOWN","UNKNOWN","REAR END","DIVIDED - W/MEDIAN BARRIER",,"STRAIGHT AND LEVEL","UNKNOWN","UNKNOWN","NOT ON SCENE (DESK REPORT)","INJURY AND / OR TOW DUE TO CRASH",,,"Y","OVER $1,500","2026-02-10T13:10:00.000","UNABLE TO DETERMINE","NOT APPLICABLE","5702","S","MARYLAND AVE","235",,,,,,,"2","REPORTED, NOT EVIDENT","1","0","0","0","1","1","0","9","3","2","41.7912038529","-87.6050852132","POINT (-87.60508521316 41.791203852924)"
"b5f3639724cbb0bbe4b477df8d5c5e2412664bec653fd9c2308733f5cee5b7fd55fd5489c9b1e183a6a6a67ef59d4edb59c70ea4f46f5ff3597071592e261b23",,"2026-02-10T09:49:00.000","30","TRAFFIC SIGNAL","FUNCTIONING PROPERLY","CLEAR","DAYLIGHT","REAR END","NOT DIVIDED",,"STRAIGHT AND LEVEL","DRY","NO DEFECTS","ON SCENE","NO INJURY / DRIVE AWAY","Y",,,"OVER $1,500","2026-02-10T09:49:00.000","DRIVING SKILLS/KNOWLEDGE/EXPERIENCE","DRIVING SKILLS/KNOWLEDGE/EXPERIENCE","3100","W","CERMAK RD","1022",,,,,,,"2","NO INDICATION OF INJURY","0","0","0","0","0","2","0","9","3","2","41.8519083675","-87.702875989","POINT (-87.702875988997 41.851908367483)"
"4e22989a956f46384df9c9ae320213d11e39cf53f8219c639743c336329a31ad412777819de53c0a87e617b85f1b4849c8515d1ce4f5fc19c8bfca659a90e990",,"2026-02-10T09:45:00.000","30","NO CONTROLS","NO CONTROLS","CLEAR","DAYLIGHT","FIXED OBJECT","DIVIDED - W/MEDIAN (NOT RAISED)",,"STRAIGHT AND LEVEL","DRY","UNKNOWN","ON SCENE","INJURY AND / OR TOW DUE TO CRASH",,,,"OVER $1,500","2026-02-10T10:00:00.000","UNABLE TO DETERMINE","UNABLE TO DETERMINE","4140","S","CICERO AVE","814",,,,,,,"1","NONINCAPACITATING INJURY","1","0","0","1","0","0","0","9","3","2","41.8171355324","-87.743557176","POINT (-87.74355717596 41.817135532397)"
"96648454eea06cc6af4ac04f279f63e6c168a1a1003e762c64eafd13272194e1ec4bc719e2425461ed9793de87aac8aa96f15f476eeed2ab28f9e79538e89e21",,"2026-02-10T09:45:00.000","30","TRAFFIC SIGNAL","FUNCTIONING PROPERLY","CLEAR","DAYLIGHT","REAR END","NOT DIVIDED",,"STRAIGHT AND LEVEL","DRY","NO DEFECTS","ON SCENE","NO INJURY / DRIVE AWAY",,,,"OVER $1,500","2026-02-10T09:54:00.000","FAILING TO REDUCE SPEED TO AVOID CRASH","UNABLE TO DETERMINE","708","W","GRAND AVE","1214",,,,,,,"2","NO INDICATION OF INJURY","0","0","0","0","0","2","0","9","3","2","41.8913114567","-87.6462441107","POINT (-87.646244110744 41.891311456709)"
"1cb3537dee09fca84f711aaadbb28e0c6b8dd4a6bb621dd3180351dcb768cb82025f128f78b80792a0307cdaa00eb66882af1787015a8c9125671f1ec9a0464f",,"2026-02-10T09:42:00.000","30","NO CONTROLS","NO CONTROLS","UNKNOWN","DAYLIGHT","PARKED MOTOR VEHICLE","NOT DIVIDED",,"STRAIGHT AND LEVEL","UNKNOWN","UNKNOWN","NOT ON SCENE (DESK REPORT)","NO INJURY / DRIVE AWAY",,,,"OVER $1,500","2026-02-10T18:15:00.000","UNABLE TO DETERMINE","UNABLE TO DETERMINE","8664","W","FOSTER AVE","1614",,,,,,,"2","NO INDICATION OF INJURY","0","0","0","0","0","1","0","9","3","2","41.9738531856","-87.8439267482","POINT (-87.843926748247 41.973853185616)"
"cf7462a408208e654d2d8dc1b3ec2a0674689a2fb74413db4c5055a9f3326337e5a1ed441be8c64bf3e8fe1294e94a015d10e942fbb6558e659c08c2bb96c727",,"2026-02-10T09:36:00.000","30","TRAFFIC SIGNAL","FUNCTIONING PROPERLY","CLEAR","DAYLIGHT","TURNING","FOUR WAY",,"STRAIGHT AND LEVEL","DRY","UNKNOWN",,"INJURY AND / OR TOW DUE TO CRASH","Y",,,"OVER $1,500","2026-02-10T09:45:00.000","UNABLE TO DETERMINE","NOT APPLICABLE","291","S","COLUMBUS DR","114",,,,,,,"2","NONINCAPACITATING INJURY","2","0","0","1","1","0","0","9","3","2","41.8784057453","-87.6205392894","POINT (-87.620539289382 41.878405745325)"
"76e39fec790215c8c72d932fa6ee2c9712f03cc14a10f3907c1fd64feef8b281eece84f8d1674af979b43519a972f6fc6c3cc2b8acff381094aa120568c9bf02",,"2026-02-10T09:35:00.000","25","TRAFFIC SIGNAL","FUNCTIONING PROPERLY","CLEAR","DAYLIGHT","TURNING","NOT DIVIDED",,"STRAIGHT AND LEVEL","DRY","NO DEFECTS","ON SCENE","NO INJURY / DRIVE AWAY","Y",,,"OVER $1,500","2026-02-10T09:40:00.000","DRIVING SKILLS/KNOWLEDGE/EXPERIENCE","IMPROPER TURNING/NO SIGNAL","799","W","MONROE ST","1232",,,,,,,"2","NO INDICATION OF INJURY","0","0","0","0","0","2","0","9","3","2","41.8803830771","-87.6472717386","POINT (-87.647271738595 41.880383077125)"
"2867ad374286981864dd255ee0cf161db0e38a62e175b4be1ba17fcc3f285facdd0140fbc2b69a27ed750ff3e41087e9244a54bd13cc26484cde066024e13cdb",,"2026-02-10T09:30:00.000","30","NO CONTROLS","NO CONTROLS","CLEAR","DAYLIGHT","FIXED OBJECT","NOT DIVIDED",,"STRAIGHT AND LEVEL","DRY","NO DEFECTS","ON SCENE","INJURY AND / OR TOW DUE TO CRASH",,,,"OVER $1,500","2026-02-10T09:45:00.000","ROAD CONSTRUCTION/MAINTENANCE","DRIVING SKILLS/KNOWLEDGE/EXPERIENCE","620","W","35TH ST","915",,,,,,,"1","NO INDICATION OF INJURY","0","0","0","0","0","1","0","9","3","2","41.8309154914","-87.6421424362","POINT (-87.642142436193 41.830915491432)"
"ab39f680ccddbe1ead4064b3e104507602cb24e0d6228d3ff508336ea5c14569ac635d34ff62827d7d07480bed739cb4f0ffa87c8deb7fc7e3c738fcfe1c44ac",,"2026-02-10T09:30:00.000","30","NO CONTROLS","NO CONTROLS","CLEAR","DAYLIGHT","PARKED MOTOR VEHICLE","NOT DIVIDED",,"STRAIGHT AND LEVEL","DRY","NO DEFECTS","NOT ON SCENE (DESK REPORT)","NO INJURY / DRIVE AWAY",,,,"OVER $1,500","2026-02-10T09:47:00.000","DRIVING SKILLS/KNOWLEDGE/EXPERIENCE","NOT APPLICABLE","2004","N","HALSTED ST","1812",,,,,,,"2","NO INDICATION OF INJURY","0","0","0","0","0","1","0","9","3","2","41.9183795461","-87.6486643485","POINT (-87.64866434854 41.918379546098)"
"6e27ede9a022d60498cc4789c76995ab9b3b7b5b32f65c1888805eba8b88ce23f854740628223e3e8b3d4d010d984424b662f6ca7d8f567c880180148da6edbd",,"2026-02-10T09:21:00.000","30","NO CONTROLS","NO CONTROLS","CLEAR","DAYLIGHT","REAR END","NOT DIVIDED",,"STRAIGHT AND LEVEL","DRY","NO DEFECTS","NOT ON SCENE (DESK REPORT)","NO INJURY / DRIVE AWAY",,,,"$501 - $1,500","2026-02-10T09:21:00.000","UNABLE TO DETERMINE","NOT APPLICABLE","3649","W","DIVISION ST","1112",,,,,,,"2","NO INDICATION OF INJURY","0","0","0","0","0","2","0","9","3","2","41.902628404","-87.7184781381","POINT (-87.718478138112 41.902628404007)"
"1d592c38007ae6be96b5cb93275c6913aaccb6a3af99dd8bc702ed27974deb9941a695ba5bf4b61055563532d68dd17dadbc766fd9b7455f4b1c8f5388eb2512",,"2026-02-10T09:10:00.000","20","NO CONTROLS","NO CONTROLS","CLEAR","DAYLIGHT","SIDESWIPE SAME DIRECTION","ONE-WAY",,"STRAIGHT AND LEVEL","DRY","NO DEFECTS","ON SCENE","NO INJURY / DRIVE AWAY",,,"Y","$500 OR LESS","2026-02-10T09:14:00.000","IMPROPER OVERTAKING/PASSING","NOT APPLICABLE","1057","W","AINSLIE ST","2024",,,,,,,"2","NO INDICATION OF INJURY","0","0","0","0","0","4","0","9","3","2","41.9714367993","-87.6571406716","POINT (-87.657140671617 41.971436799323)"
"320416c8e2997a2d771803cc808ee4ea2e079001eac8d58a308cdb28f1e1628bf6ac8561633f4ab61c43f83fcfba912858a98acb2acfb8f2cbbd688a406ee2bc",,"2026-02-10T09:10:00.000","30","TRAFFIC SIGNAL","FUNCTIONING PROPERLY","CLEAR","DAYLIGHT","SIDESWIPE SAME DIRECTION","NOT DIVIDED",,"STRAIGHT AND LEVEL","DRY","NO DEFECTS","NOT ON SCENE (DESK REPORT)","NO INJURY / DRIVE AWAY",,,,"OVER $1,500","2026-02-10T14:50:00.000","IMPROPER LANE USAGE","UNABLE TO DETERMINE","1941","W","ROOSEVELT RD","1233",,,,,,,"2","NO INDICATION OF INJURY","0","0","0","0","0","2","0","9","3","2","41.8666570098","-87.6754166911","POINT (-87.67541669106 41.866657009822)"
"f1eb4bb7cedbf6984647da21da9eb372496ea6e1ea7e98594b845adde090cf9ef0521c3d6cc1454ae417393ce0c20b74484a753eb6fdea8c127dbdbed8915ae6",,"2026-02-10T09:10:00.000","30","STOP SIGN/FLASHER","FUNCTIONING PROPERLY","CLEAR","DAYLIGHT","TURNING","NOT DIVIDED",,"STRAIGHT AND LEVEL","DRY","NO DEFECTS","NOT ON SCENE (DESK REPORT)","NO INJURY / DRIVE AWAY","Y",,,"OVER $1,500","2026-02-11T19:15:00.000","FAILING TO YIELD RIGHT-OF-WAY","FAILING TO YIELD RIGHT-OF-WAY","700","S","KOSTNER AVE","1131",,,,,,,"2","NO INDICATION OF INJURY","0","0","0","0","0","2","0","9","3","2","41.8723905113","-87.7353316276","POINT (-87.735331627618 41.872390511334)"
"0ad67f0657f74b01b74bfa5d64208c396bea929bea270b84ffa2ac659febacfe413d5ce04f392aae2fa1350e1782363b6f3d248caa92cbeff3cd57334ee379d8",,"2026-02-10T09:08:00.000","30","STOP SIGN/FLASHER","FUNCTIONING PROPERLY","CLEAR","DAYLIGHT","TURNING","T-INTERSECTION",,"STRAIGHT AND LEVEL","DRY","NO DEFECTS","ON SCENE","NO INJURY / DRIVE AWAY","Y",,,"OVER $1,500","2026-02-10T09:25:00.000","FOLLOWING TOO CLOSELY","IMPROPER TURNING/NO SIGNAL","128","E","RANDOLPH ST","114",,,,,,,"2","NO INDICATION OF INJURY","0","0","0","0","0","2","0","9","3","2","41.8845802868","-87.6233357176","POINT (-87.623335717595 41.884580286799)"
"db56079b91b8ac46937d669ac269ef186643b6c53bdf9eb96773febbfbac20c2f80dbb42d5d034c27d88caab71c1d1653053d70bd633c9f05c68582a6f814d6f",,"2026-02-10T09:05:00.000","30","NO CONTROLS","NO CONTROLS","CLEAR","DAYLIGHT","REAR END","NOT DIVIDED",,"STRAIGHT AND LEVEL","DRY","NO DEFECTS","NOT ON SCENE (DESK REPORT)","NO INJURY / DRIVE AWAY",,,,"$501 - $1,500","2026-02-19T16:05:00.000","FOLLOWING TOO CLOSELY","FOLLOWING TOO CLOSELY","623","W","MONROE ST","121",,,,,,,"2","NO INDICATION OF INJURY","0","0","0","0","0","2","0","9","3","2","41.8804249815","-87.6436547658","POINT (-87.643654765764 41.880424981529)"
"3c01db5028033d9e9466f875ab71b7275c52f25c37f6e5b3f9737b6e05c84d90766d0898844699f4287d9cc06c3a1685c11855e3232e5fed2116187a5ce61aaf",,"2026-02-10T09:00:00.000","30","NO CONTROLS","NO CONTROLS","CLEAR","DAYLIGHT","SIDESWIPE SAME DIRECTION","NOT DIVIDED",,"STRAIGHT AND LEVEL","DRY","NO DEFECTS","ON SCENE","NO INJURY / DRIVE AWAY",,,,"OVER $1,500","2026-02-10T09:04:00.000","UNABLE TO DETERMINE","NOT APPLICABLE","198","S","LA SALLE ST","122",,,,,,,"2","NO INDICATION OF INJURY","0","0","0","0","0","3","0","9","3","2","41.8794307562","-87.6324393694","POINT (-87.63243936944 41.879430756163)"