"crash_record_id","crash_date_est_i","crash_date","posted_speed_limit","traffic_control_device","device_condition","weather_condition","lighting_condition","first_crash_type","trafficway_type","lane_cnt","alignment","roadway_surface_cond","road_defect","report_type","crash_type","intersection_related_i","private_property_i","hit_and_run_i","damage","date_police_notified","prim_contributory_cause","sec_contributory_cause","street_no","street_direction","street_name","beat_of_occurrence","photos_taken_i","statements_taken_i","dooring_i","work_zone_i","work_zone_type","workers_present_i","num_units","most_severe_injury","injuries_total","injuries_fatal","injuries_incapacitating","injuries_non_incapacitating","injuries_reported_not_evident","injuries_no_indication","injuries_unknown","crash_hour","crash_day_of_week","crash_month","latitude","longitude","location"
"3e8be2c8c9606df1d7ac2aa0d3bcc33762e3cbc85951c41a8f9a6a45a423085bc8865d56949ecb9f600b96cba5d69955600c08c151f4c19e6585a0622917ca4f",,"2026-02-10T09:00:00.000","30","TRAFFIC SIGNAL","FUNCTIONING PROPERLY","CLEAR","DAYLIGHT","SIDESWIPE SAME DIRECTION","NOT DIVIDED",,"STRAIGHT AND LEVEL","DRY","NO DEFECTS","ON SCENE","NO INJURY / DRIVE AWAY","Y",,"Y","OVER $1,500","2026-02-10T09:30:00.000","UNABLE TO DETERMINE","NOT APPLICABLE","8900","S","STONY ISLAND AVE","413",,,,,,,"2","NO INDICATION OF INJURY","0","0","0","0","0","3","0","9","3","2","41.7331879659","-87.5857126979","POINT (-87.585712697936 41.733187965898)"
"410aa3931352d84e53fce2f8ade176ba4f06a45cb190c03c5d0768cfa6bfe077eb196e9eef5306dc0a482df396f7f3ce02c215538d11a501f4517593b718c2e5",,"2026-02-10T09:00:00.000","30","NO CONTROLS","NO CONTROLS","CLEAR","DAYLIGHT","REAR END","NOT DIVIDED",,"STRAIGHT AND LEVEL","DRY","NO DEFECTS","ON SCENE","INJURY AND / OR TOW DUE TO CRASH",,,,"OVER $1,500","2026-02-10T09:11:00.000","PHYSICAL CONDITION OF DRIVER","PHYSICAL CONDITION OF DRIVER","401","N","COLUMBUS DR","1834",,,,,,,"2","NO INDICATION OF INJURY","0","0","0","0","0","3","0","9","3","2","41.8886239666","-87.620392147","POINT (-87.620392146972 41.888623966571)"
"8976ede26d204726b715a018a2f07a80c53dc684388f5b3106ed44b41ae62da4a5dd0b379ec85645c956bc93f396afbd39a61a42b824e0287e319da2c99afd41","Y","2026-02-10T09:00:00.000","30","NO CONTROLS","NO CONTROLS","CLEAR","DAYLIGHT","ANGLE","DIVIDED - W/MEDIAN (NOT RAISED)",,"STRAIGHT AND LEVEL","DRY","NO DEFECTS","NOT ON SCENE (DESK REPORT)","NO INJURY / DRIVE AWAY",,,,"OVER $1,500","2026-02-10T15:15:00.000","IMPROPER OVERTAKING/PASSING","NOT APPLICABLE","2291","W","LAKE ST","1223",,,,,,,"2","NO INDICATION OF INJURY","0","0","0","0","0","2","0","9","3","2","41.8846045464","-87.6839893698","POINT (-87.683989369765 41.884604546432)"
"8a5142b8575a824dd4b10c8b5fc010b8acdd8af2802885d37c5e78f50a0f2986219ca26624337f2a88deb7e013e56e5f8308406cf65276f2e2c711546c0562ff",,"2026-02-10T09:00:00.000","30","NO CONTROLS","NO CONTROLS","CLEAR","DAYLIGHT","SIDESWIPE SAME DIRECTION","NOT DIVIDED",,"STRAIGHT AND LEVEL","DRY","NO DEFECTS","NOT ON SCENE (DESK REPORT)","NO INJURY / DRIVE AWAY",,,,"OVER $1,500","2026-02-10T10:30:00.000","IMPROPER LANE USAGE","NOT APPLICABLE","1356","W","NORTH AVE","1433",,,,,,,"2","NO INDICATION OF INJURY","0","0","0","0","0","2","0","9","3","2","41.9108105924","-87.662541884","POINT (-87.662541884047 41.910810592368)"
"c40e4a658ba879a3521aa97155e84d8aad5b549b74b331791184ce77d111f7d338d4e7463a3fa33cb7d412f1d0be51f59a67a760257fe4d6f29d00cda28f59b4",,"2026-02-10T09:00:00.000","40","NO CONTROLS","NO CONTROLS","CLEAR","DAYLIGHT","REAR END","DIVIDED - W/MEDIAN BARRIER",,"STRAIGHT AND LEVEL","DRY","NO DEFECTS","NOT ON SCENE (DESK REPORT)","NO INJURY / DRIVE AWAY",,,,"OVER $1,500","2026-02-10T09:15:00.000","FOLLOWING TOO CLOSELY","UNABLE TO DETERMINE","1849","S","LAKE SHORE DR SB","132",,,,,,,"3","NO INDICATION OF INJURY","0","0","0","0","0","3","0","9","3","2","41.8566593972","-87.6156642469","POINT (-87.615664246857 41.856659397249)"
"409a6818baa73ebd472f7e07d3d8098464764b0d5dd4fdf23766f4023093e2867e9b26f0d5678dfcb08c1ac5682b3097ee6651631cec52a16468d221709a4a69",,"2026-02-10T08:55:00.000","30","NO CONTROLS","NO CONTROLS","CLEAR","DAYLIGHT","TURNING","FOUR WAY",,"STRAIGHT AND LEVEL","DRY","NO DEFECTS","ON SCENE","INJURY AND / OR TOW DUE TO CRASH","Y","Y",,"OVER $1,500","2026-02-10T09:05:00.000","IMPROPER TURNING/NO SIGNAL","NOT APPLICABLE","55","W","83RD ST","622",,,,,,,"2","NO INDICATION OF INJURY","0","0","0","0","0","2","0","8","3","2","41.7435102826","-87.6266080803","POINT (-87.626608080292 41.743510282552)"
"9e3ce1b393506f2ec2fcfbfd342ecd07f665ed46bda989687117f839f20c0dbbfcb1647b00bb38b2cbcd0258a93b48b83c6a4f413503c0017c75e82c394d8369","Y","2026-02-10T08:54:00.000","30","NO CONTROLS","NO CONTROLS","CLEAR","DAYLIGHT","PARKED MOTOR VEHICLE","NOT DIVIDED",,"STRAIGHT AND LEVEL","DRY","NO DEFECTS","NOT ON SCENE (DESK REPORT)","NO INJURY / DRIVE AWAY",,,"Y","OVER $1,500","2026-02-10T11:50:00.000","UNABLE TO DETERMINE","NOT APPLICABLE","5210","W","AINSLIE ST","1623",,,,,,,"2","NO INDICATION OF INJURY","0","0","0","0","0","1","0","8","3","2","41.9698390699","-87.7580899604","POINT (-87.758089960406 41.969839069942)"
"cd792bc921dd5bbea4498af4c314abbe50801926248f0cd375c4763dc177ac4fa42b6a227352a9026ed0b34c726fcce8322a3a8371948ba9f043f61cb4ad6bec",,"2026-02-10T08:45:00.000","20","NO CONTROLS","NO CONTROLS","CLEAR","DAYLIGHT","PARKED MOTOR VEHICLE","NOT DIVIDED",,"STRAIGHT AND LEVEL","WET","NO DEFECTS","ON SCENE","NO INJURY / DRIVE AWAY",,,,"$500 OR LESS","2026-02-10T08:48:00.000","UNABLE TO DETERMINE","UNABLE TO DETERMINE","4230","S","ROCKWELL ST","921",,,,,,,"2","NO INDICATION OF INJURY","0","0","0","0","0","1","0","8","3","2","41.8164983007","-87.6896984239","POINT (-87.689698423862 41.816498300703)"
"e8b1551d78dc76d4e61ea5009b4c5bab605ff92ac04a93447f7c71269d1b980febc4df6e9e621b75508f4041d99f0976f44ecd56839271ee6faa315e7c66f777","N","2026-02-10T08:45:00.000","30","NO CONTROLS","NO CONTROLS","CLEAR","DAYLIGHT","ANGLE","NOT DIVIDED",,"STRAIGHT AND LEVEL","WET","NO DEFECTS","NOT ON SCENE (DESK REPORT)","NO INJURY / DRIVE AWAY","Y",,,"$501 - $1,500","2026-02-10T09:30:00.000","NOT APPLICABLE","NOT APPLICABLE","11100","S","AVENUE J","433",,,,,,,"2","NO INDICATION OF INJURY","0","0","0","0","0","2","0","8","3","2","41.6935650353","-87.5342220837","POINT (-87.534222083732 41.693565035294)"
"87ff0d8664f0aaef451da502056dfa5fd59596fbfc214c7817bb0fc4fc478772d61c792663f94a2905e988703db7be41853d7b6d74455e713a38a689882b7e01",,"2026-02-10T08:40:00.000","30","TRAFFIC SIGNAL","FUNCTIONING PROPERLY","CLEAR","DAYLIGHT","SIDESWIPE SAME DIRECTION","NOT DIVIDED",,"STRAIGHT AND LEVEL","WET","NO DEFECTS","NOT ON SCENE (DESK REPORT)","NO INJURY / DRIVE AWAY",,,,"OVER $1,500","2026-02-10T11:20:00.000","IMPROPER OVERTAKING/PASSING","NOT APPLICABLE","2400","W","CHICAGO AVE","1212",,,,,,,"2","NO INDICATION OF INJURY","0","0","0","0","0","2","0","8","3","2","41.8958510411","-87.6869689347","POINT (-87.686968934685 41.895851041124)"
"dd4c14eb1a88f058a14457bad95388e12e4f44b31df0fd8d6f2c2075c7a732c278db523c9311f23de55d85e12c492172217de586885459ea23a1d2bfb7ca28b1",,"2026-02-10T08:35:00.000","40","TRAFFIC SIGNAL","FUNCTIONING PROPERLY","CLEAR","DAYLIGHT","REAR END","OTHER",,"STRAIGHT AND LEVEL","DRY","NO DEFECTS","ON SCENE","NO INJURY / DRIVE AWAY",,,,"OVER $1,500","2026-02-10T08:40:00.000","UNABLE TO DETERMINE","UNABLE TO DETERMINE","299","S","LAKE SHORE DR SB","114",,,,,,,"2","NO INDICATION OF INJURY","0","0","0","0","0","2","0","8","3","2","41.8784445153","-87.6170550926","POINT (-87.617055092582 41.878444515253)"
"8145776ecdae39ac379dbec6f5814d6b700bdf6ebd758d3bb1d3c211b4f959f56e4fb66ee4a02c80ae311958407ddb56458b4650ed323e7dff256ddc3fbf911a",,"2026-02-10T08:33:00.000","30","NO CONTROLS","NO CONTROLS","CLEAR","DAYLIGHT","SIDESWIPE SAME DIRECTION","NOT DIVIDED",,"STRAIGHT AND LEVEL","WET","NO DEFECTS","ON SCENE","NO INJURY / DRIVE AWAY",,,,"OVER $1,500","2026-02-10T08:35:00.000","IMPROPER OVERTAKING/PASSING","UNABLE TO DETERMINE","3281","W","ARMITAGE AVE","1422",,,,,,,"2","NO INDICATION OF INJURY","0","0","0","0","0","2","0","8","3","2","41.9172514957","-87.710206128","POINT (-87.710206127973 41.917251495731)"
"9e3e5c14017000f1d90555ed8b981bf253312a533d6d24d1596aa5307305706f7f97d9a1dde9c732b020bf9c090acf452256d8edfd183074af104d0bf2d8e8d9",,"2026-02-10T08:32:00.000","30","TRAFFIC SIGNAL","FUNCTIONING PROPERLY","CLEAR","DAYLIGHT","SIDESWIPE SAME DIRECTION","DIVIDED - W/MEDIAN (NOT RAISED)",,"STRAIGHT AND LEVEL","DRY","NO DEFECTS","ON SCENE","NO INJURY / DRIVE AWAY",,,,"OVER $1,500","2026-02-10T08:33:00.000","IMPROPER OVERTAKING/PASSING","NOT APPLICABLE","4629","N","AUSTIN AVE","1622",,,,,,,"2","NO INDICATION OF INJURY","0","0","0","0","0","4","0","8","3","2","41.9649113502","-87.7770180611","POINT (-87.777018061068 41.964911350184)"
"03154241635c14bac95e7660d412827dae7b6ac481a10b43f4ba434290a65f70a7971c419061037ade0efde6f2cad60441be1e2b20196e5d9470825812cb5b47",,"2026-02-10T08:30:00.000","30","NO CONTROLS","NO CONTROLS","CLEAR","DAYLIGHT","TURNING","NOT DIVIDED",,"STRAIGHT AND LEVEL","DRY","NO DEFECTS","NOT ON SCENE (DESK REPORT)","NO INJURY / DRIVE AWAY",,,"Y","OVER $1,500","2026-02-10T12:05:00.000","IMPROPER TURNING/NO SIGNAL","IMPROPER TURNING/NO SIGNAL","7651","S","COLES AVE","421",,,,,,,"2","NO INDICATION OF INJURY","0","0","0","0","0","2","0","8","3","2","41.7569410505","-87.5553739356","POINT (-87.5553739356 41.756941050529)"
"6bbf9e4a4566c185d9c631b02585708d6972a4f5018a1369feeed5d9c3aad48fdfc67ca2353681cc051e7d144022acc1501486cf7f2fb4acb0563f4960c0fdc4",,"2026-02-10T08:25:00.000","40","NO CONTROLS","NO CONTROLS","CLEAR","DAYLIGHT","REAR END","DIVIDED - W/MEDIAN BARRIER",,"STRAIGHT AND LEVEL","DRY","NO DEFECTS","NOT ON SCENE (DESK REPORT)","NO INJURY / DRIVE AWAY",,,,"OVER $1,500","2026-02-10T19:00:00.000","NOT APPLICABLE","NOT APPLICABLE","600","N","LAKE SHORE DR","1834",,,,,,,"2","NO INDICATION OF INJURY","0","0","0","0","0","2","0","8","3","2","41.8927482092","-87.614686796","POINT (-87.614686796014 41.892748209238)"
"afb7c65030e7b55779b9dd4e67058ef65a87be2185f02d2bc40c4bb99ae4bb5fcb1199de4f945c85bd31ffae74642a1557a021fbd1a7117ff8398cab2c0c28b8","Y","2026-02-10T08:20:00.000","20","NO CONTROLS","NO CONTROLS","CLEAR","DAYLIGHT","PARKED MOTOR VEHICLE","NOT DIVIDED",,"STRAIGHT AND LEVEL","DRY","UNKNOWN","ON SCENE","NO INJURY / DRIVE AWAY",,,"Y","OVER $1,500","2026-02-10T09:55:00.000","UNABLE TO DETERMINE","UNABLE TO DETERMINE","7938","S","HOMAN AVE","834",,,,,,,"2","NO INDICATION OF INJURY","0","0","0","0","0","1","0","8","3","2","41.7485352975","-87.7073847487","POINT (-87.707384748731 41.748535297477)"
"a72a71678e072da9538b754a5ccc51221ec1f4b1697a5d1e89ed739842aeec89328d5c72a5e295f7db40e389863f511359596f8fe55e99ee767787ca8c95a061",,"2026-02-10T08:16:00.000","30","TRAFFIC SIGNAL","FUNCTIONING PROPERLY","CLEAR","DAYLIGHT","SIDESWIPE SAME DIRECTION","NOT DIVIDED",,"STRAIGHT AND LEVEL","DRY","NO DEFECTS",,"NO INJURY / DRIVE AWAY",,,,"$500 OR LESS","2026-02-10T09:20:00.000","IMPROPER OVERTAKING/PASSING","DRIVING SKILLS/KNOWLEDGE/EXPERIENCE","720","S","WELLS ST","123",,"Y",,,,,"2","NO INDICATION OF INJURY","0","0","0","0","0","3","0","8","3","2","41.8728917695","-87.6337398904","POINT (-87.633739890416 41.87289176953)"
"3210bf0703323a7929e1da0c8c4a6472645481107a48323174dc9eff32755bbb43ec412733ebd99a0ca2d45b1e1bd26297159e0184773fd4c92e45b685200cd4",,"2026-02-10T08:13:00.000","10","NO CONTROLS","NO CONTROLS","CLEAR","DAYLIGHT","PARKED MOTOR VEHICLE","PARKING LOT",,"STRAIGHT AND LEVEL","DRY","NO DEFECTS","NOT ON SCENE (DESK REPORT)","NO INJURY / DRIVE AWAY",,"Y",,"$501 - $1,500","2026-02-10T09:30:00.000","UNABLE TO DETERMINE","NOT APPLICABLE","4445","W","IRVING PARK RD","1731",,,,,,,"2","NO INDICATION OF INJURY","0","0","0","0","0","1","0","8","3","2","41.9534018801","-87.7397748179","POINT (-87.739774817883 41.953401880059)"
"ab7f52f1c75c631f2fdd980ecc19179cf6f7accda7e8a9e227ad5ceec06e5fa8566ff833fef667073f3d2adc880fa58df0862b076bd13f113de21e1269257c3e",,"2026-02-10T08:12:00.000","40","NO CONTROLS","NO CONTROLS","CLEAR","DAYLIGHT","FIXED OBJECT","DIVIDED - W/MEDIAN (NOT RAISED)",,"CURVE, LEVEL","DRY","UNKNOWN","ON SCENE","INJURY AND / OR TOW DUE TO CRASH",,,,"OVER $1,500","2026-02-10T08:14:00.000","UNABLE TO DETERMINE","UNABLE TO DETERMINE","5600","N","LAKE SHORE DR SB","2022",,,,,,,"1","NONINCAPACITATING INJURY","2","0","0","2","0","0","0","8","3","2","41.9839519461","-87.6532151083","POINT (-87.653215108266 41.983951946132)"
"1e6bb3d9a9190080fd6df5ea5bbc37e96778911642e242b57c6b882c89e0dc6ff7411f8cf149193c3c22a16c05bb58bc600b3b475f5213d9855064f666d0ba6f",,"2026-02-10T08:10:00.000","40","UNKNOWN","UNKNOWN","CLEAR","DAYLIGHT","REAR END","OTHER",,"STRAIGHT AND LEVEL","UNKNOWN","UNKNOWN","NOT ON SCENE (DESK REPORT)","NO INJURY / DRIVE AWAY",,,,"OVER $1,500","2026-02-10T08:40:00.000","FOLLOWING TOO CLOSELY","FOLLOWING TOO CLOSELY","4550","N","LAKE SHORE DR SB","1914",,,,,,,"2","NO INDICATION OF INJURY","0","0","0","0","0","2","0","8","3","2","41.9653380877","-87.6473914013","POINT (-87.647391401266 41.965338087748)"
"2458a847946a171f0034f72633649da7c574dbbc4572be90acdcd9ab7494ed3bd4373d4bd4dffed52424e36c94248ec78e1f6f83552aaebfa5e6e0f862ee314d",,"2026-02-10T08:00:00.000","30","NO CONTROLS","NO CONTROLS","CLEAR","DAYLIGHT","ANGLE","NOT DIVIDED",,"STRAIGHT AND LEVEL","DRY","NO DEFECTS","NOT ON SCENE (DESK REPORT)","NO INJURY / DRIVE AWAY",,,,"OVER $1,500","2026-02-10T08:30:00.000","FAILING TO YIELD RIGHT-OF-WAY","NOT APPLICABLE","953","W","IRVING PARK RD","1923",,,,,,,"2","NO INDICATION OF INJURY","0","0","0","0","0","2","0","8","3","2","41.9543838482","-87.6541952942","POINT (-87.65419529417 41.954383848186)"
"465eaa18f0b80c74cac78ea2eed9223ff847b7d040fd6373c25b20cefc0e1c04f39606cae43c1aa5b83daba04132b5de600c0bb2e3a469d7a01ddc9a0a464e53",,"2026-02-10T08:00:00.000","30","NO CONTROLS","NO CONTROLS","CLEAR","DAYLIGHT","SIDESWIPE SAME DIRECTION","NOT DIVIDED",,"STRAIGHT AND LEVEL","DRY","NO DEFECTS","NOT ON SCENE (DESK REPORT)","NO INJURY / DRIVE AWAY",,,"N","OVER $1,500","2026-02-10T08:00:00.000","IMPROPER OVERTAKING/PASSING","NOT APPLICABLE","377","W","BELMONT AVE","1934",,,,,,,"2","NO INDICATION OF INJURY","0","0","0","0","0","2","0","8","3","2","41.9400322387","-87.6394985253","POINT (-87.639498525284 41.94003223873)"
"62f3fe7cfc1e6ea01fc1e24e2d5cff9c1effde0a8477535ae7aa9adfba1a1d876b7a46dfbe02cb3c69f853a23b2da2c82c0667d63b788350d8b135cf27d52700",,"2026-02-10T08:00:00.000","30","NO CONTROLS","NO CONTROLS","CLEAR","DAYLIGHT","HEAD ON","NOT DIVIDED",,"STRAIGHT AND LEVEL","UNKNOWN","NO DEFECTS","NOT ON SCENE (DESK REPORT)","NO INJURY / DRIVE AWAY",,,,"$501 - $1,500","2026-02-10T08:20:00.000","VISION OBSCURED (SIGNS, TREE LIMBS, BUILDINGS, ETC.)","UNABLE TO DETERMINE","3101","W","IRVING PARK RD","1733",,,,,,,"2","NO INDICATION OF INJURY","0","0","0","0","0","4","0","8","3","2","41.9538254214","-87.7056341373","POINT (-87.70563413727 41.953825421371)"
"83bbc5d4022119d7c944bf52e680ccb1613ef4d72384327d72d2305df1a8d8351418de79cf1bf2a17455b7d33e235ebdfed850957700b96c49f41c0a712737cd",,"2026-02-10T08:00:00.000","30","TRAFFIC SIGNAL","FUNCTIONING PROPERLY","CLEAR","DAYLIGHT","ANGLE","NOT DIVIDED",,"STRAIGHT AND LEVEL","DRY","NO DEFECTS",,"NO INJURY / DRIVE AWAY",,,,"$501 - $1,500","2026-02-10T08:45:00.000","DISREGARDING STOP SIGN","FAILING TO YIELD RIGHT-OF-WAY","100","N","MASON AVE","1512",,,,,,,"2","NO INDICATION OF INJURY","0","0","0","0","0","2","0","8","3","2","41.8822193879","-87.7734389795","POINT (-87.77343897947 41.882219387887)"
"adb483687a19569d0ecbeb1ee66f74d108dc08f2ec4df6e055da8a8a4e4f998fd7ea1ea74a82c6a6d504b995131b772eeae876d564add2d3ee5fa6b70383ea77",,"2026-02-10T08:00:00.000","30","TRAFFIC SIGNAL","FUNCTIONING PROPERLY","CLEAR","DAYLIGHT","REAR END","NOT DIVIDED",,"STRAIGHT ON GRADE","UNKNOWN","NO DEFECTS","ON SCENE","INJURY AND / OR TOW DUE TO CRASH","N",,,"$501 - $1,500","2026-02-10T08:02:00.000","FOLLOWING TOO CLOSELY","DISTRACTION - FROM INSIDE VEHICLE","1556","W","DEVON AVE","2432",,,,,,,"2","NONINCAPACITATING INJURY","1","0","0","1","0","1","0","8","3","2","41.9981922429","-87.6700193211","POINT (-87.67001932111 41.998192242935)"
"c7fa6d70dc795e09f01bee86b23444c1ad186cf4e0a681c14b96f75a69af7a7486fd853b1e499de4dc81c4c533cb76ad580afe3881093dc6b327689febd2e071",,"2026-02-10T08:00:00.000","30","TRAFFIC SIGNAL","FUNCTIONING PROPERLY","CLEAR","DAYLIGHT","TURNING","DIVIDED - W/MEDIAN (NOT RAISED)",,"STRAIGHT AND LEVEL","DRY","NO DEFECTS","NOT ON SCENE (DESK REPORT)","NO INJURY / DRIVE AWAY","Y",,,"OVER $1,500","2026-02-10T08:30:00.000","UNABLE TO DETERMINE","UNABLE TO DETERMINE","4801","N","CICERO AVE","1712",,,,,,,"2","NO INDICATION OF INJURY","0","0","0","0","0","2","0","8","3","2","41.9680071842","-87.7475633138","POINT (-87.747563313757 41.968007184196)"
"e71d16d7d6f8e5130aa13b0a1d166af36677833ca5c66bce54433b3908aa52b526ab45e0a53266294ad9abeb5bb18d55cb91a22f7a62e5ee5795daaf9a5d9e3f",,"2026-02-10T08:00:00.000","40","UNKNOWN","UNKNOWN","UNKNOWN","UNKNOWN","SIDESWIPE SAME DIRECTION","ONE-WAY",,"STRAIGHT AND LEVEL","UNKNOWN","UNKNOWN","NOT ON SCENE (DESK REPORT)","NO INJURY / DRIVE AWAY",,,,"OVER $1,500","2026-02-10T08:50:00.000","UNABLE TO DETERMINE","UNABLE TO DETERMINE","6301","S","WENTWORTH AVE","312",,,,,,,"2","NO INDICATION OF INJURY","0","0","0","0","0","2","0","8","3","2","41.7799076418","-87.6300005831","POINT (-87.630000583129 41.779907641847)"
"52c65b43065a003e9e958fa54bb69bd66e37d90777d338e11b90f1678248aabef6363592896701e21bef349c0fe45069425960585f9037e7739061ce53c6e581",,"2026-02-10T07:55:00.000","30","TRAFFIC SIGNAL","FUNCTIONING PROPERLY","CLEAR","DAYLIGHT","TURNING","NOT DIVIDED",,"STRAIGHT AND LEVEL","DRY","NO DEFECTS","ON SCENE","NO INJURY / DRIVE AWAY","Y",,,"OVER $1,500","2026-02-10T08:27:00.000","IMPROPER OVERTAKING/PASSING","NOT APPLICABLE","2909","W","CERMAK RD","1033",,,,,,,"2","NO INDICATION OF INJURY","0","0","0","0","0","2","0","7","3","2","41.8517377319","-87.6997235107","POINT (-87.699723510679 41.851737731877)"
"867a7f3d1976765274019dfaa28012980b51f5d6088824339d8bf87c455b918282f212cbc8d6e4b898a9d440d18bcc579e12baf023fa472ec2740e81f933ff76","Y","2026-02-10T07:54:00.000","20","NO CONTROLS","NO CONTROLS","CLEAR","DAYLIGHT","FIXED OBJECT","NOT DIVIDED",,"STRAIGHT AND LEVEL","DRY","NO DEFECTS","ON SCENE","NO INJURY / DRIVE AWAY",,,,"$500 OR LESS","2026-02-10T07:54:00.000","UNABLE TO DETERMINE","UNABLE TO DETERMINE","12300","S","DOTY AVE E","532",,,,,,,"1","NO INDICATION OF INJURY","0","0","0","0","0","1","0","7","3","2","41.6710631447","-87.5980074313","POINT (-87.59800743131 41.671063144718)"
"949ac0e219fb3d2b1ddcfddcc3ddad89950550e4668fb1deade48ac4f238ef1ab14bb7d823fc7a23c9dfb1eefd19066d25e77f512d6055bc63fcb81b7dc82841",,"2026-02-10T07:51:00.000","30","TRAFFIC SIGNAL","FUNCTIONING PROPERLY","CLEAR","DAYLIGHT","REAR END","FOUR WAY",,"STRAIGHT AND LEVEL","DRY","NO DEFECTS","NOT ON SCENE (DESK REPORT)","NO INJURY / DRIVE AWAY",,,,"$501 - $1,500","2026-02-10T08:15:00.000","DRIVING SKILLS/KNOWLEDGE/EXPERIENCE","UNABLE TO DETERMINE","800","W","87TH ST","613",,,,,,,"2","NO INDICATION OF INJURY","0","0","0","0","0","2","0","7","3","2","41.7361825711","-87.6436598151","POINT (-87.643659815136 41.736182571052)"
"03ebe3392ac1c9460fdfb46c20dfa515af28aeb53c91d50c90f0a13455c903d79bd704463147b6ed08dde16a14b55b83bc84a49c0eb2850ce4667ce24e21d1fb",,"2026-02-10T07:47:00.000","35","NO CONTROLS","NO CONTROLS","CLEAR","DAYLIGHT","SIDESWIPE SAME DIRECTION","NOT DIVIDED",,"STRAIGHT AND LEVEL","DRY","NO DEFECTS","NOT ON SCENE (DESK REPORT)","NO INJURY / DRIVE AWAY",,,,"$501 - $1,500","2026-02-10T09:00:00.000","UNABLE TO DETERMINE","UNABLE TO DETERMINE","4799","N","OAKLEY AVE","1911",,,,,,,"2","NO INDICATION OF INJURY","0","0","0","0","0","2","0","7","3","2","41.9686036537","-87.6863251748","POINT (-87.686325174762 41.968603653666)"
"5123facb21ccb627ef9924e18d1762c2cd48e7253cb6a3b4f76de83642d898ae90b8b7a75424f6e382aa23755d6fa7255deccebedf99d94acd940454ece24e39",,"2026-02-10T07:45:00.000","30","STOP SIGN/FLASHER","NO CONTROLS","CLEAR","DAYLIGHT","SIDESWIPE SAME DIRECTION","NOT DIVIDED",,"STRAIGHT AND LEVEL","UNKNOWN","UNKNOWN","NOT ON SCENE (DESK REPORT)","NO INJURY / DRIVE AWAY",,,,"OVER $1,500","2026-02-10T19:25:00.000","DRIVING SKILLS/KNOWLEDGE/EXPERIENCE","NOT APPLICABLE","2351","S","ASHLAND AVE","1235",,,,,,,"2","NO INDICATION OF INJURY","0","0","0","0","0","3","0","7","3","2","41.8489328016","-87.6658343546","POINT (-87.665834354582 41.848932801593)"
"d256473f223d1b8f80f499a602c2e8821e0095d353781d84bb60670200d81770107c9041b98e7b4030f1291151a6d34931545a50eba96444fa9020471f0b8faa",,"2026-02-10T07:45:00.000","30","NO CONTROLS","NO CONTROLS","CLEAR","DAYLIGHT","PARKED MOTOR VEHICLE","DIVIDED - W/MEDIAN (NOT RAISED)",,"STRAIGHT AND LEVEL","DRY","NO DEFECTS","NOT ON SCENE (DESK REPORT)","NO INJURY / DRIVE AWAY",,,,"$501 - $1,500","2026-02-10T08:10:00.000","DRIVING SKILLS/KNOWLEDGE/EXPERIENCE","UNABLE TO DETERMINE","90","E","14TH ST","131",,,,,,,"2","NO INDICATION OF INJURY","0","0","0","0","0","3","0","7","3","2","41.8642017535","-87.6241742997","POINT (-87.624174299667 41.864201753503)"
"1e23de7675048b9599e48277f95ff12828fdd23c14b75f81dc879647f92a7a40fa6d6275a3a00b68bb125a04532f4065f444efc7f095e0f1cfdd4783a3ea2ce4",,"2026-02-10T07:40:00.000","30","STOP SIGN/FLASHER","FUNCTIONING PROPERLY","CLEAR","DAYLIGHT","ANGLE","FOUR WAY",,"STRAIGHT AND LEVEL","DRY","NO DEFECTS","ON SCENE","INJURY AND / OR TOW DUE TO CRASH","Y",,,"OVER $1,500","2026-02-10T07:46:00.000","FAILING TO YIELD RIGHT-OF-WAY","UNABLE TO DETERMINE","732","N","WESTERN AVE","1221",,,,,,,"2","NO INDICATION OF INJURY","0","0","0","0","0","3","0","7","3","2","41.8948704689","-87.6869667641","POINT (-87.686966764085 41.894870468911)"
"d2ab9ed8f2b826a89ca4749a8ca940687bd1060aacd5e7de5919125ab1e1e96db0b0fa68cae444efa61964a0e89c1d69c30ad1dc70e2dcf7d7d82c2d8cd6a9e7",,"2026-02-10T07:35:00.000","30","NO CONTROLS","NO CONTROLS","CLEAR","DAYLIGHT","PARKED MOTOR VEHICLE","ONE-WAY",,"STRAIGHT AND LEVEL","WET","NO DEFECTS","ON SCENE","NO INJURY / DRIVE AWAY",,,,"OVER $1,500","2026-02-10T07:38:00.000","UNABLE TO DETERMINE","UNABLE TO DETERMINE","3258","W","BELLE PLAINE AVE","1724",,,,"N",,,"2","NO INDICATION OF INJURY","0","0","0","0","0","1","0","7","3","2","41.9558141395","-87.7104150617","POINT (-87.710415061705 41.955814139505)"
"08edd65fc13114a3bb36b678d5cad28e6d4f23c2c79034e5f98dc4c743f3e713e7cd4d90ead6ac01d79e43cf93bd25b58abaab4fa75a48a71abe6a2060b6144a",,"2026-02-10T07:30:00.000","40","NO CONTROLS","NO CONTROLS","CLEAR","DAYLIGHT","REAR END","DIVIDED - W/MEDIAN BARRIER",,"STRAIGHT AND LEVEL","UNKNOWN","UNKNOWN","NOT ON SCENE (DESK REPORT)","NO INJURY / DRIVE AWAY",,,,"OVER $1,500","2026-02-10T07:45:00.000","UNABLE TO DETERMINE","UNABLE TO DETERMINE","3530","N","LAKE SHORE DR SB","1925",,,,,,,"2","NO INDICATION OF INJURY","0","0","0","0","0","2","0","7","3","2","41.9476601617","-87.642822128","POINT (-87.642822128001 41.947660161746)"