"crash_record_id","crash_date_est_i","crash_date","posted_speed_limit","traffic_control_device","device_condition","weather_condition","lighting_condition","first_crash_type","trafficway_type","lane_cnt","alignment","roadway_surface_cond","road_defect","report_type","crash_type","intersection_related_i","private_property_i","hit_and_run_i","damage","date_police_notified","prim_contributory_cause","sec_contributory_cause","street_no","street_direction","street_name","beat_of_occurrence","photos_taken_i","statements_taken_i","dooring_i","work_zone_i","work_zone_type","workers_present_i","num_units","most_severe_injury","injuries_total","injuries_fatal","injuries_incapacitating","injuries_non_incapacitating","injuries_reported_not_evident","injuries_no_indication","injuries_unknown","crash_hour","crash_day_of_week","crash_month","latitude","longitude","location"
"75627090e0eb8540bb7489a5c3acd46bc04754f2de5dd7eb4eb602c758c3252a794b854b76a36e8789e3ee65c3718627d66233313b2d8d915fbf2d9d02827787",,"2026-02-10T07:30:00.000","30","NO CONTROLS","NO CONTROLS","CLEAR","DAYLIGHT","SIDESWIPE SAME DIRECTION","NOT DIVIDED",,"STRAIGHT AND LEVEL","WET","NO DEFECTS","ON SCENE","NO INJURY / DRIVE AWAY",,,"Y","$500 OR LESS","2026-02-10T07:40:00.000","IMPROPER OVERTAKING/PASSING","NOT APPLICABLE","3500","S","RHODES AVE","212",,,,,,,"2","NO INDICATION OF INJURY","0","0","0","0","0","2","0","7","3","2","41.8311270294","-87.6146306504","POINT (-87.61463065044 41.831127029369)"
"807a1dbc201f113961008d6e0845776b0ec83d5823cd3b513103861a8ed2bea3d37cc22adca4af52919add1b49629efe996cb97dbd8293e710f4c6964a4e4e43",,"2026-02-10T07:25:00.000","30","UNKNOWN","UNKNOWN","UNKNOWN","DAYLIGHT","REAR END","NOT DIVIDED",,"STRAIGHT AND LEVEL","UNKNOWN","UNKNOWN","NOT ON SCENE (DESK REPORT)","NO INJURY / DRIVE AWAY",,,,"OVER $1,500","2026-02-19T15:40:00.000","UNABLE TO DETERMINE","UNABLE TO DETERMINE","4042","W","MONTROSE AVE","1722",,,,,,,"2","NO INDICATION OF INJURY","0","0","0","0","0","2","0","7","3","2","41.9610380131","-87.7295895003","POINT (-87.729589500273 41.961038013112)"
"c0b94fb9ef673a482497874f863000a731581f964d1c561bf0923a1bb35174355d474b3c78952b42dceb7a63d99d91bb803b325e3527c4e08390c28e722b6964",,"2026-02-10T07:24:00.000","30","STOP SIGN/FLASHER","FUNCTIONING PROPERLY","CLEAR","DAYLIGHT","ANGLE","NOT DIVIDED",,"STRAIGHT AND LEVEL","WET","NO DEFECTS","ON SCENE","NO INJURY / DRIVE AWAY",,,,"OVER $1,500","2026-02-10T07:25:00.000","UNABLE TO DETERMINE","UNABLE TO DETERMINE","5530","W","FULLERTON AVE","2515",,,,,,,"2","NO INDICATION OF INJURY","0","0","0","0","0","2","0","7","3","2","41.9241066093","-87.764825801","POINT (-87.764825801021 41.924106609255)"
"b2d4829285eea7dc9ed05d8ae479d670c0f253be69cc2475325a17faef08baed8560f858793596cf52ca0316d8a9a8c500f0fbba16c214f639aa4f7b5a7c5d21",,"2026-02-10T07:21:00.000","30","STOP SIGN/FLASHER","FUNCTIONING PROPERLY","CLEAR","DAYLIGHT","REAR END","NOT DIVIDED",,"STRAIGHT AND LEVEL","DRY","NO DEFECTS","NOT ON SCENE (DESK REPORT)","NO INJURY / DRIVE AWAY","Y",,,"$501 - $1,500","2026-02-10T16:15:00.000","FOLLOWING TOO CLOSELY","FOLLOWING TOO CLOSELY","4300","S","LA SALLE ST","215",,,,,,,"2","NO INDICATION OF INJURY","0","0","0","0","0","2","0","7","3","2","41.8164388049","-87.6295865961","POINT (-87.629586596136 41.816438804918)"
"064ab9d18f8d8b14e99a7283609a00090a934754bee77d9a24ef49ae4f9e39ef2eb241efa75af2b25fde42e26bd907a8e500a4a6a0c7b2d80badedbe44e89a30",,"2026-02-10T07:20:00.000","30","NO CONTROLS","NO CONTROLS","CLEAR","DAYLIGHT","REAR END","NOT DIVIDED",,"STRAIGHT AND LEVEL","DRY","NO DEFECTS","NOT ON SCENE (DESK REPORT)","NO INJURY / DRIVE AWAY",,,,"OVER $1,500","2026-02-10T09:19:00.000","UNABLE TO DETERMINE","NOT APPLICABLE","5200","W","ROOSEVELT RD","1522",,,,,,,"2","NO INDICATION OF INJURY","0","0","0","0","0","2","0","7","3","2","41.8658567344","-87.7548716042","POINT (-87.754871604193 41.865856734392)"
"87cb07685b1892cb94c4182df087e6304ac722da96688466252573886b14fc8d37a8e66a2cc30979a9b5e3cab3f332aa57c628f6e2d1cba205d3b8e2e6cfe3c5",,"2026-02-10T07:20:00.000","30","UNKNOWN","UNKNOWN","SNOW","DAYLIGHT","REAR END","DIVIDED - W/MEDIAN (NOT RAISED)",,"STRAIGHT AND LEVEL","WET","NO DEFECTS","ON SCENE","NO INJURY / DRIVE AWAY",,,,"OVER $1,500","2026-02-10T07:22:00.000","UNABLE TO DETERMINE","UNABLE TO DETERMINE","8400","S","JEFFERY BLVD","412",,,,,,,"2","NO INDICATION OF INJURY","0","0","0","0","0","2","0","7","3","2","41.7425504742","-87.5759607971","POINT (-87.575960797105 41.742550474171)"
"b06c28073e5381510588c00c2f2f5342953196d02b19951712286115db13762d5a51a4ba21ed92fabdd8fe04b9ccf5b15c8950414e83220ca3e4a778f8e80b86",,"2026-02-10T07:16:00.000","30","UNKNOWN","UNKNOWN","UNKNOWN","DAYLIGHT","SIDESWIPE SAME DIRECTION","NOT DIVIDED",,"STRAIGHT AND LEVEL","UNKNOWN","UNKNOWN","NOT ON SCENE (DESK REPORT)","NO INJURY / DRIVE AWAY",,,,"OVER $1,500","2026-02-10T18:00:00.000","UNABLE TO DETERMINE","NOT APPLICABLE","4661","N","WESTERN AVE","1911",,,,,,,"2","NO INDICATION OF INJURY","0","0","0","0","0","2","0","7","3","2","41.9665567366","-87.6886947811","POINT (-87.688694781066 41.966556736631)"
"a18e308779a7bdd98103ea11dda0fc2c12ff9723d8ad24380edc7c16e63eed65573f39b29bbccfee7ecc12516ebb0632a1c70d7ea5ec42bad7ebfd133ab676a0",,"2026-02-10T07:14:00.000","30","NO CONTROLS","NO CONTROLS","CLEAR","DAYLIGHT","SIDESWIPE SAME DIRECTION","NOT DIVIDED",,"STRAIGHT AND LEVEL","UNKNOWN","UNKNOWN","ON SCENE","NO INJURY / DRIVE AWAY",,,,"$500 OR LESS","2026-02-10T07:19:00.000","UNABLE TO DETERMINE","NOT APPLICABLE","5801","N","MILWAUKEE AVE","1622","Y","Y",,,,,"2","NO INDICATION OF INJURY","0","0","0","0","0","2","0","7","3","2","41.9869678288","-87.7778800421","POINT (-87.777880042096 41.986967828758)"
"3f9b27a9d94b6163a9ecd69bf5a9443f6e48b680a2eeb690ffb747b148bd123e6bc8fbde2388158a98d1d29cb240757163c1ce19aa6e52a64421785d31303ad5",,"2026-02-10T07:05:00.000","30","STOP SIGN/FLASHER","FUNCTIONING PROPERLY","CLEAR","DAYLIGHT","TURNING","DIVIDED - W/MEDIAN (NOT RAISED)",,"STRAIGHT AND LEVEL","DRY","NO DEFECTS",,"NO INJURY / DRIVE AWAY","Y",,,"OVER $1,500","2026-02-10T07:45:00.000","FAILING TO YIELD RIGHT-OF-WAY","NOT APPLICABLE","7799","W","TOUHY AVE","1611",,,,,,,"2","NO INDICATION OF INJURY","0","0","0","0","0","2","0","7","3","2","42.0112483505","-87.8211863991","POINT (-87.821186399107 42.011248350466)"
"5d7354d325d69763699157f8ea53b3370c5061880d63535988684df6b73f19600e51387c396b8634a28909844fb296a1202512d3e70b446a9f2efce97efa725d",,"2026-02-10T07:05:00.000","30","UNKNOWN","NO CONTROLS","CLEAR","DAYLIGHT","SIDESWIPE SAME DIRECTION","NOT DIVIDED",,"STRAIGHT AND LEVEL","DRY","UNKNOWN","ON SCENE","NO INJURY / DRIVE AWAY",,,,"$501 - $1,500","2026-02-10T08:01:00.000","NOT APPLICABLE","NOT APPLICABLE","6900","S","DR MARTIN LUTHER KING JR DR","322",,,,,,,"2","NO INDICATION OF INJURY","0","0","0","0","0","2","0","7","3","2","41.769246677","-87.6154989599","POINT (-87.61549895992 41.769246676973)"
"4d304aaca34faab8e68677e9d84671a702344183341541dadbbfe3795efc044bf2978602a15bca8c1756abf27e2a619ae7c62f8561ac5d06e6606af2438e8805",,"2026-02-10T07:00:00.000","30","NO CONTROLS","NO CONTROLS","CLEAR","DARKNESS, LIGHTED ROAD","PARKED MOTOR VEHICLE","NOT DIVIDED",,"STRAIGHT AND LEVEL","DRY","NO DEFECTS","NOT ON SCENE (DESK REPORT)","NO INJURY / DRIVE AWAY",,,"Y","OVER $1,500","2026-02-10T20:00:00.000","UNABLE TO DETERMINE","NOT APPLICABLE","5107","N","MONTICELLO AVE","1712",,,,,,,"2","NO INDICATION OF INJURY","0","0","0","0","0","1","0","7","3","2","41.9741953088","-87.7194889502","POINT (-87.719488950234 41.974195308774)"
"88158c4583dbcd924c2093915d79be2f9246ed56b3fbcb206fd44c87dc3992589bf45413e92b4a8a71b4afc55874f24e8aed29bd46daf2825d4e5a06c0e4231a",,"2026-02-10T07:00:00.000","30","NO CONTROLS","NO CONTROLS","CLEAR","DAYLIGHT","REAR END","NOT DIVIDED",,"STRAIGHT AND LEVEL","DRY","NO DEFECTS","NOT ON SCENE (DESK REPORT)","INJURY AND / OR TOW DUE TO CRASH",,,,"OVER $1,500","2026-02-10T08:30:00.000","DRIVING SKILLS/KNOWLEDGE/EXPERIENCE","DRIVING SKILLS/KNOWLEDGE/EXPERIENCE","7551","S","SOUTH SHORE DR","421","Y","Y",,,,,"2","REPORTED, NOT EVIDENT","1","0","0","0","1","2","0","7","3","2","41.7593518465","-87.5557742927","POINT (-87.555774292699 41.759351846513)"
"c9bb30fbded128cc482fead212606b28efbf649a2d90ebc223d42fe42624ff8966fb29d34cc97c4feb183178faef36720e98f56ce54d062b416111c62551b0c8","Y","2026-02-10T07:00:00.000","10","NO CONTROLS","NO CONTROLS","CLEAR","DAYLIGHT","PARKED MOTOR VEHICLE","PARKING LOT",,"STRAIGHT AND LEVEL","DRY","NO DEFECTS","NOT ON SCENE (DESK REPORT)","NO INJURY / DRIVE AWAY",,,"Y","OVER $1,500","2026-02-10T15:50:00.000","FOLLOWING TOO CLOSELY","FOLLOWING TOO CLOSELY","520","N","KINGSBURY ST","1831",,,,,,,"2","NO INDICATION OF INJURY","0","0","0","0","0","1","0","7","3","2","41.8912307869","-87.6398459931","POINT (-87.639845993127 41.891230786935)"
"f76275316e2ce41d7ee4024160822e0e48daf905478dd1ed7516bba317b92e4ca499bcc1b791de30df171409a1defe3d7aa9e85f66e3e2f68dd378c6f78299b2",,"2026-02-10T07:00:00.000","30","NO CONTROLS","NO CONTROLS","CLEAR","DAYLIGHT","ANGLE","NOT DIVIDED",,"STRAIGHT AND LEVEL","DRY","NO DEFECTS","NOT ON SCENE (DESK REPORT)","NO INJURY / DRIVE AWAY",,,,"OVER $1,500","2026-02-12T16:20:00.000","UNABLE TO DETERMINE","UNABLE TO DETERMINE","11100","S","CORLISS AVE","531",,,,,,,"2","NO INDICATION OF INJURY","0","0","0","0","0","3","0","7","3","2","41.6928604772","-87.6007418752","POINT (-87.600741875224 41.692860477189)"
"471b272c2b762029d832ccb5867c72bdd3ace984ef950ec9a80a1a9ffb29d011db1941921243b8ed5ffac3785e1a9db4f7c697dd987b739141091a9b647a71b2",,"2026-02-10T06:51:00.000","30","TRAFFIC SIGNAL","FUNCTIONING PROPERLY","CLEAR","DAYLIGHT","REAR END","NOT DIVIDED",,"STRAIGHT AND LEVEL","UNKNOWN","UNKNOWN","ON SCENE","INJURY AND / OR TOW DUE TO CRASH","Y",,,"OVER $1,500","2026-02-10T09:36:00.000","UNABLE TO DETERMINE","UNABLE TO DETERMINE","1600","E","130TH ST","434",,,,,,,"2","NONINCAPACITATING INJURY","1","0","0","1","0","2","0","6","3","2","41.6604228106","-87.5863917935","POINT (-87.586391793459 41.660422810648)"
"9df6a3c89aa25dde4dc920083739bab5161a6e531cec620bbc57dc359d09d9dfc81eac417151c84ef54a4629b03c00b59ec45db461954b793a9d60c40868b493",,"2026-02-10T06:50:00.000","30","TRAFFIC SIGNAL","FUNCTIONING PROPERLY","CLEAR","DAYLIGHT","ANGLE","FOUR WAY",,"STRAIGHT AND LEVEL","DRY","NO DEFECTS","ON SCENE","INJURY AND / OR TOW DUE TO CRASH","Y",,,"OVER $1,500","2026-02-10T07:06:00.000","UNABLE TO DETERMINE","UNABLE TO DETERMINE","3401","W","BELMONT AVE","1412",,,,,,,"3","NO INDICATION OF INJURY","0","0","0","0","0","3","0","6","3","2","41.9391678338","-87.7125459912","POINT (-87.712545991172 41.93916783377)"
"b4f8176b6a8ddd01fec27c3181471dbbd96d63691c9d51a5f6ba4e8a3c67a6fb7c9f1e02d0c7117db4be943d2d7fa9208531888cdc03dc7abe853c9bf177f938",,"2026-02-10T06:50:00.000","30","TRAFFIC SIGNAL","FUNCTIONING PROPERLY","CLEAR","DAYLIGHT","SIDESWIPE SAME DIRECTION","FOUR WAY",,"STRAIGHT AND LEVEL","UNKNOWN","UNKNOWN","ON SCENE","INJURY AND / OR TOW DUE TO CRASH","Y",,,"OVER $1,500","2026-02-10T06:57:00.000","FAILING TO YIELD RIGHT-OF-WAY","FAILING TO YIELD RIGHT-OF-WAY","2009","S","WESTERN AVE","1234",,,,,,,"2","REPORTED, NOT EVIDENT","2","0","0","0","2","1","0","6","3","2","41.8544785681","-87.6855555858","POINT (-87.685555585816 41.854478568115)"
"8ce46f6f5714d74a1365efc8349c9a0b2adafdb4e9b30306227ff2edc6c00908ac79b6b9b4f57fff43300c24441cb6fdfa1c6c25ef31b79dbce66b52224dfe33",,"2026-02-10T06:47:00.000","30","NO CONTROLS","NO CONTROLS","CLEAR","DAYLIGHT","FIXED OBJECT","NOT DIVIDED",,"STRAIGHT AND LEVEL","DRY","NO DEFECTS","ON SCENE","INJURY AND / OR TOW DUE TO CRASH",,"Y",,"$500 OR LESS","2026-02-10T06:47:00.000","UNABLE TO DETERMINE","UNABLE TO DETERMINE","4500","W","DICKENS AVE","2522",,,,,,,"2","NO INDICATION OF INJURY","0","0","0","0","0","3","0","6","3","2","41.9189562273","-87.7389016447","POINT (-87.738901644738 41.918956227296)"
"4f051da6140b6be47326d836b2a3d4549ebc1d3ea72b96e8b2f4e5b510e452ce0e187225cde0753ba8dc033452d0564ad0e0408e24d70641def5a31d45bc0bec",,"2026-02-10T06:45:00.000","30","NO CONTROLS","NO CONTROLS","CLEAR","DARKNESS, LIGHTED ROAD","ANGLE","NOT DIVIDED",,"STRAIGHT AND LEVEL","DRY","UNKNOWN","NOT ON SCENE (DESK REPORT)","NO INJURY / DRIVE AWAY",,,,"OVER $1,500","2026-02-10T17:59:00.000","UNABLE TO DETERMINE","UNABLE TO DETERMINE","3941","N","KEDZIE AVE","1733",,,,,,,"2","NO INDICATION OF INJURY","0","0","0","0","0","2","0","6","3","2","41.9533250058","-87.7078518021","POINT (-87.707851802073 41.953325005758)"
"319a1195e5d3612894b017633428f17e59166592aec5ab8a8851aedb292d3c2dfcff7067a84d2226164ad7d5a55f79637ac3bf993d37bca85e3148dd1f87a85c",,"2026-02-10T06:30:00.000","30","UNKNOWN","UNKNOWN","CLEAR","DAYLIGHT","REAR END","UNKNOWN",,"STRAIGHT AND LEVEL","DRY","UNKNOWN","NOT ON SCENE (DESK REPORT)","NO INJURY / DRIVE AWAY",,,,"OVER $1,500","2026-02-11T10:14:00.000","UNABLE TO DETERMINE","UNABLE TO DETERMINE","4798","W","65TH ST","813",,,,,,,"2","NO INDICATION OF INJURY","0","0","0","0","0","2","0","6","3","2","41.7748922518","-87.7421129572","POINT (-87.742112957209 41.774892251792)"
"4b131bee96b7c2085dc11cc47260834f339a7b6f414e4687a38b0cedfa81133dffdbfa629b34804f17a034f6f9b0034b7cdd258bad12e2ce1076ce7e6dec2a65",,"2026-02-10T06:28:00.000","30","NO CONTROLS","NO CONTROLS","CLEAR","DAWN","PARKED MOTOR VEHICLE","NOT DIVIDED",,"STRAIGHT AND LEVEL","DRY","UNKNOWN","NOT ON SCENE (DESK REPORT)","NO INJURY / DRIVE AWAY",,,"Y","$501 - $1,500","2026-02-10T08:25:00.000","VISION OBSCURED (SIGNS, TREE LIMBS, BUILDINGS, ETC.)","UNABLE TO DETERMINE","901","W","LAKE ST","1224",,,,,,,"2","NO INDICATION OF INJURY","0","0","0","0","0","1","0","6","3","2","41.8855166698","-87.64986417","POINT (-87.649864169994 41.885516669814)"
"6710ce136f2cf2b54c46355f341a6110247ae54d24d71d0c5602fb0ee75d6a9a70fdd140be49fd59a03e38dacc6a1b454be00144cf3f11c335a23e78774f25a2",,"2026-02-10T06:15:00.000","30","TRAFFIC SIGNAL","FUNCTIONING IMPROPERLY","CLEAR","DAWN","REAR END","NOT DIVIDED",,"STRAIGHT AND LEVEL","DRY","NO DEFECTS","NOT ON SCENE (DESK REPORT)","INJURY AND / OR TOW DUE TO CRASH",,,,"OVER $1,500","2026-02-10T07:45:00.000","FOLLOWING TOO CLOSELY","FAILING TO REDUCE SPEED TO AVOID CRASH","6458","S","KEDZIE AVE","823",,,,,,,"2","NO INDICATION OF INJURY","0","0","0","0","0","2","0","6","3","2","41.7753650892","-87.7032004444","POINT (-87.703200444368 41.775365089204)"
"e723640daf9b01a34ba289c3e115a1d13207cb6f5187de23f21819949bb9ad980e2d2f0d87606d16822dc19b16b0ee6cf7aaef9212121cfa3c131c554dfae377",,"2026-02-10T06:10:00.000","30","TRAFFIC SIGNAL","FUNCTIONING PROPERLY","CLEAR","DAYLIGHT","TURNING","DIVIDED - W/MEDIAN (NOT RAISED)",,"STRAIGHT AND LEVEL","DRY","UNKNOWN","NOT ON SCENE (DESK REPORT)","NO INJURY / DRIVE AWAY",,,,"OVER $1,500","2026-02-10T07:50:00.000","IMPROPER TURNING/NO SIGNAL","IMPROPER LANE USAGE","501","W","TAYLOR ST","124",,,,,,,"2","NO INDICATION OF INJURY","0","0","0","0","0","2","0","6","3","2","41.8696454278","-87.639351048","POINT (-87.639351047963 41.869645427766)"
"509a728b8f25985d234d4035e63ea6098fcc6530a138ae6f557272bcefa91303d2893f35352e1c4ca74f50d45eb53d3fa46c76712247a5e30b11749a39211c81",,"2026-02-10T06:00:00.000","30","TRAFFIC SIGNAL","FUNCTIONING PROPERLY","CLEAR","DARKNESS, LIGHTED ROAD","REAR END","DIVIDED - W/MEDIAN (NOT RAISED)",,"STRAIGHT AND LEVEL","WET","NO DEFECTS","NOT ON SCENE (DESK REPORT)","NO INJURY / DRIVE AWAY",,,,"OVER $1,500","2026-02-10T06:20:00.000","UNABLE TO DETERMINE","NOT APPLICABLE","3541","W","DEVON AVE","1711",,,,,,,"2","NO INDICATION OF INJURY","0","0","0","0","0","2","0","6","3","2","41.9971682842","-87.7185513924","POINT (-87.718551392412 41.997168284244)"
"6497960ca8f49f16d5753fb290b6bf715d929b122f0a361dd9e5f1cc062ea2ad444dc4401372a91975dc4cc739b3f1e5e36dc2bdaccef41ccefeffe409fcec98",,"2026-02-10T05:57:00.000","30","TRAFFIC SIGNAL","FUNCTIONING PROPERLY","CLEAR","DARKNESS","ANIMAL","FOUR WAY",,"STRAIGHT AND LEVEL","DRY","UNKNOWN","NOT ON SCENE (DESK REPORT)","NO INJURY / DRIVE AWAY",,,"Y","$501 - $1,500","2026-02-10T11:15:00.000","UNABLE TO DETERMINE","UNABLE TO DETERMINE","4800","N","MARINE DR","2024",,,,,,,"2","NO INDICATION OF INJURY","0","0","0","0","0","2","0","5","3","2","41.9691990956","-87.6497928198","POINT (-87.649792819803 41.96919909557)"
"540ee729bef9941fc5a6418d07bfe6aa57ca64778972bb85714ebc6e8b012e7d1d1ce9afc7140903be8529384b630e87dc8af1f58958c345bc6a5c4a9971f74f","Y","2026-02-10T05:37:00.000","30","NO CONTROLS","NO CONTROLS","CLEAR","DARKNESS, LIGHTED ROAD","REAR END","FOUR WAY",,"STRAIGHT AND LEVEL","DRY","NO DEFECTS","NOT ON SCENE (DESK REPORT)","NO INJURY / DRIVE AWAY","Y",,,"$501 - $1,500","2026-02-10T16:30:00.000","FAILING TO REDUCE SPEED TO AVOID CRASH","NOT APPLICABLE","11200","S","MICHIGAN AVE","531",,,,,,,"2","NO INDICATION OF INJURY","0","0","0","0","0","2","0","5","3","2","41.6907476028","-87.6211733103","POINT (-87.621173310257 41.69074760281)"
"c2f4592f924261340391307194039e299618c0032b9c1aaaa68874cf379cbe82c9b76f2ee614451822af28def78c7a53c592bffec5a8ca58f347a6af45038df8","Y","2026-02-10T05:30:00.000","30","STOP SIGN/FLASHER","FUNCTIONING PROPERLY","CLEAR","DAYLIGHT","PARKED MOTOR VEHICLE","FOUR WAY",,"STRAIGHT AND LEVEL","DRY","UNKNOWN","ON SCENE","INJURY AND / OR TOW DUE TO CRASH",,,"Y","OVER $1,500","2026-02-10T08:09:00.000","UNABLE TO DETERMINE","UNABLE TO DETERMINE","6756","S","MERRILL AVE","331",,,,,,,"2","NO INDICATION OF INJURY","0","0","0","0","0","1","0","5","3","2","41.7718170365","-87.5729336948","POINT (-87.572933694825 41.771817036547)"
"6a14ddaa1d7c72ce453c50e029f6825b758630c1d67e6a765b72ba0a7aeb3695c01b0175765094cc8317c0e4755e00bab9eb62c4c93f850f390158757dd2760a",,"2026-02-10T05:06:00.000","30","NO CONTROLS","NO CONTROLS","CLEAR","DARKNESS, LIGHTED ROAD","FIXED OBJECT","ONE-WAY",,"STRAIGHT AND LEVEL","DRY","UNKNOWN","ON SCENE","INJURY AND / OR TOW DUE TO CRASH",,,,"OVER $1,500","2026-02-10T05:07:00.000","UNABLE TO DETERMINE","NOT APPLICABLE","2558","N","LAKE SHORE DR SB","1935",,,,,,,"1","INCAPACITATING INJURY","1","0","1","0","0","1","0","5","3","2","41.929671691","-87.6322956888","POINT (-87.632295688816 41.929671690952)"
"bb8bf455d68395e49b096b9e57955445710ff0ea79a00b09f5e3eb2812c62fa1b5089336e84ee42ed060d8ea6a7aea5ef7e5c90748b0a8a7171d41bcda493c0f",,"2026-02-10T05:00:00.000","25","NO CONTROLS","NO CONTROLS","CLEAR","DAYLIGHT","TURNING","NOT DIVIDED",,"STRAIGHT AND LEVEL","DRY","NO DEFECTS","NOT ON SCENE (DESK REPORT)","NO INJURY / DRIVE AWAY","Y",,,"OVER $1,500","2026-02-11T14:40:00.000","UNABLE TO DETERMINE","UNABLE TO DETERMINE","4614","W","ROOSEVELT RD","1131",,,,,,,"2","NO INDICATION OF INJURY","0","0","0","0","0","2","0","5","3","2","41.8660612523","-87.7405358719","POINT (-87.740535871947 41.866061252309)"
"460d6dc2fcd7c6757ea658c66e14c2ca892ee96c325551a129be80211807a5562f280bf7332f9107156f17347cede548956e565a1417eaf0cf4b1a9e469c33d0",,"2026-02-10T04:41:00.000","30","NO CONTROLS","NO CONTROLS","CLEAR","DUSK","REAR END","NOT DIVIDED",,"STRAIGHT AND LEVEL","DRY","NO DEFECTS","NOT ON SCENE (DESK REPORT)","INJURY AND / OR TOW DUE TO CRASH",,,,"$501 - $1,500","2026-02-10T16:27:00.000","FOLLOWING TOO CLOSELY","NOT APPLICABLE","2000","W","63RD ST","714",,,,,,,"2","NONINCAPACITATING INJURY","1","0","0","1","0","1","0","4","3","2","41.7794246633","-87.6739682129","POINT (-87.67396821288 41.779424663295)"
"4dcb960897aac8a47b0fa14e3f622e3c892184ce8f22cca1353391a8cdfe02db520842e642074429899316cdf7ff122df307fcb6e590a891fcdb6a3de3701bd9",,"2026-02-10T03:00:00.000","30","NO CONTROLS","NO CONTROLS","UNKNOWN","DARKNESS","PARKED MOTOR VEHICLE","ONE-WAY",,"STRAIGHT AND LEVEL","UNKNOWN","NO DEFECTS","ON SCENE","NO INJURY / DRIVE AWAY",,,"Y","OVER $1,500","2026-02-10T10:06:00.000","UNABLE TO DETERMINE","NOT APPLICABLE","1639","E","77TH ST","414",,,,,,,"2","NO INDICATION OF INJURY","0","0","0","0","0","1","0","3","3","2","41.7550357636","-87.5840585241","POINT (-87.584058524145 41.755035763649)"
"64aa16c2f2831a48cb68af753480f065f473bc57d53f1c6045ffc0220ccecf788f6ee89f23bacfa55025ba19ee9ba94493b35056f02d5a69be4d7c94d7d8cce2",,"2026-02-10T02:05:00.000","30","NO CONTROLS","NO CONTROLS","CLEAR","DARKNESS, LIGHTED ROAD","TURNING","NOT DIVIDED",,"STRAIGHT AND LEVEL","WET","NO DEFECTS","ON SCENE","INJURY AND / OR TOW DUE TO CRASH",,,,"OVER $1,500","2026-02-10T02:07:00.000","IMPROPER OVERTAKING/PASSING","NOT APPLICABLE","3832","W","ROOSEVELT RD","1133",,,,,,,"2","REPORTED, NOT EVIDENT","2","0","0","0","2","0","0","2","3","2","41.8663305738","-87.7215794046","POINT (-87.721579404571 41.866330573773)"
"1dac3e80b4b4e31e45c2892d64d7b5fb68dabd574eec8db06e0cd1f1fc7913733145a65b864efcba959dfdffb7611638dfbfc68341628724194385cba1b18a31",,"2026-02-10T01:10:00.000","30","TRAFFIC SIGNAL","FUNCTIONING PROPERLY","CLEAR","DARKNESS, LIGHTED ROAD","TURNING","NOT DIVIDED",,"STRAIGHT AND LEVEL","UNKNOWN","UNKNOWN","NOT ON SCENE (DESK REPORT)","NO INJURY / DRIVE AWAY","Y",,,"$500 OR LESS","2026-02-10T02:05:00.000","UNABLE TO DETERMINE","UNABLE TO DETERMINE","600","N","ORLEANS ST","1831",,,,,,,"2","NO INDICATION OF INJURY","0","0","0","0","0","3","0","1","3","2","41.8924106658","-87.63720268","POINT (-87.637202679986 41.892410665824)"
"eecdcf095529940aaa0ec42808f721476094cd6d867905043eaeb54aa1cfbf12e5a56aefc3ca8827287e500f223cd1e1096dc98df673592f0fd5c4c9d41a639b",,"2026-02-10T01:10:00.000","30","UNKNOWN","UNKNOWN","CLEAR","DARKNESS, LIGHTED ROAD","REAR END","NOT DIVIDED",,"STRAIGHT AND LEVEL","DRY","NO DEFECTS","ON SCENE","INJURY AND / OR TOW DUE TO CRASH",,,"Y","OVER $1,500","2026-02-10T01:14:00.000","UNDER THE INFLUENCE OF ALCOHOL/DRUGS (USE WHEN ARREST IS EFFECTED)","FAILING TO REDUCE SPEED TO AVOID CRASH","3622","W","GRAND AVE","1112",,,,,,,"2","NO INDICATION OF INJURY","0","0","0","0","0","2","0","1","3","2","41.902815701","-87.717648644","POINT (-87.717648643968 41.902815700998)"
"67ee65f5b2c75650ae6cd516b11980fc4073ab35d0c9119a9eda8fa4735b8b60b86bc6fba6c7343ac16e822ca0c7b144f58adcb9089dbb3e1a9e21e032e39c6e",,"2026-02-10T01:00:00.000","30","NO CONTROLS","NO CONTROLS","CLEAR","DAYLIGHT","SIDESWIPE SAME DIRECTION","NOT DIVIDED",,"STRAIGHT AND LEVEL","DRY","UNKNOWN",,"NO INJURY / DRIVE AWAY",,,"N","OVER $1,500","2026-02-10T14:00:00.000","UNABLE TO DETERMINE","UNABLE TO DETERMINE","1601","E","83RD PL","412",,,,,,,"2","NO INDICATION OF INJURY","0","0","0","0","0","2","0","1","3","2","41.7431878076","-87.5852353793","POINT (-87.585235379295 41.743187807632)"
"64e72e939256071c86393193cd79cb12bbc5f8d72a5e0861b4889ca1fc83dec62908638882fdb9056574a6750fef89aa9f514980cd555387e2b0ab2dda71e747",,"2026-02-10T00:32:00.000","30","NO CONTROLS","NO CONTROLS","CLEAR","DARKNESS, LIGHTED ROAD","REAR END","NOT DIVIDED",,"STRAIGHT AND LEVEL","DRY","NO DEFECTS","ON SCENE","INJURY AND / OR TOW DUE TO CRASH",,,"Y","OVER $1,500","2026-02-10T00:34:00.000","UNABLE TO DETERMINE","NOT APPLICABLE","3315","W","51ST ST","822",,,,,,,"4","NO INDICATION OF INJURY","0","0","0","0","0","2","0","0","3","2","41.8006682183","-87.7069215001","POINT (-87.706921500095 41.800668218319)"