"crash_record_id","crash_date_est_i","crash_date","posted_speed_limit","traffic_control_device","device_condition","weather_condition","lighting_condition","first_crash_type","trafficway_type","lane_cnt","alignment","roadway_surface_cond","road_defect","report_type","crash_type","intersection_related_i","private_property_i","hit_and_run_i","damage","date_police_notified","prim_contributory_cause","sec_contributory_cause","street_no","street_direction","street_name","beat_of_occurrence","photos_taken_i","statements_taken_i","dooring_i","work_zone_i","work_zone_type","workers_present_i","num_units","most_severe_injury","injuries_total","injuries_fatal","injuries_incapacitating","injuries_non_incapacitating","injuries_reported_not_evident","injuries_no_indication","injuries_unknown","crash_hour","crash_day_of_week","crash_month","latitude","longitude","location"
"58647d8dd139eb053334e49d9eda4b95a24bfb560fa2c31e9682971196f5e608d221e5e202bd8f750a4c14b2ae0c2578dcba80d1bed9a3ac3062057b85b43fe5",,"2026-02-09T23:00:00.000","25","UNKNOWN","UNKNOWN","CLEAR","DARKNESS","OTHER NONCOLLISION","DIVIDED - W/MEDIAN (NOT RAISED)",,"STRAIGHT AND LEVEL","DRY","RUT, HOLES","NOT ON SCENE (DESK REPORT)","NO INJURY / DRIVE AWAY",,,,"OVER $1,500","2026-02-17T15:00:00.000","DRIVING SKILLS/KNOWLEDGE/EXPERIENCE","DRIVING SKILLS/KNOWLEDGE/EXPERIENCE","5500","S","CICERO AVE","813",,,,,,,"1","NO INDICATION OF INJURY","0","0","0","0","0","1","0","23","2","2","41.7929108835","-87.742077343","POINT (-87.742077342959 41.792910883497)"
"21d4e2a6356f521b1380e94635cb9f5c4c65eab312d90f183c194bae0ceab5aac9f9b93816f2b651c472bfa30f1823e2049a1876840c0d73238e77890cd0046b",,"2026-02-09T22:40:00.000","25","STOP SIGN/FLASHER","FUNCTIONING PROPERLY","CLEAR","DARKNESS, LIGHTED ROAD","FIXED OBJECT","NOT DIVIDED",,"STRAIGHT AND LEVEL","DRY","UNKNOWN","ON SCENE","INJURY AND / OR TOW DUE TO CRASH",,"N","Y","OVER $1,500","2026-02-09T22:42:00.000","UNABLE TO DETERMINE","UNABLE TO DETERMINE","5000","W","WILSON AVE","1623",,,,,,,"1","NO INDICATION OF INJURY","0","0","0","0","0","2","0","22","2","2","41.9644218151","-87.7525938005","POINT (-87.752593800452 41.964421815064)"
"c70594d3aa5921d7b8f009c42ddccda3598e2a42e8db8f9005ebe8f692ae3a79a2738d965c2dfc071334ae3a08093d8ce93a7a92e5893ad5828d087dcfc1cae7",,"2026-02-09T22:29:00.000","35","TRAFFIC SIGNAL","FUNCTIONING PROPERLY","CLEAR","DARKNESS, LIGHTED ROAD","REAR END","DIVIDED - W/MEDIAN BARRIER",,"STRAIGHT AND LEVEL","DRY","NO DEFECTS","ON SCENE","INJURY AND / OR TOW DUE TO CRASH","Y",,,"OVER $1,500","2026-02-09T23:19:00.000","PHYSICAL CONDITION OF DRIVER","NOT APPLICABLE","2400","E","130TH ST","434",,,,,,,"2","NONINCAPACITATING INJURY","1","0","0","1","0","3","0","22","2","2","41.6592860391","-87.5655178632","POINT (-87.565517863218 41.659286039143)"
"2b45d9ac053c426de4d1d34e907121f6b0210d06f3cdac53dfb4cedb9299b287250b739ca85d7617c183056db23d0809e6d97696bb4f85d92b0822925b2f8339",,"2026-02-09T22:27:00.000","35","NO CONTROLS","NO CONTROLS","CLEAR","DARKNESS, LIGHTED ROAD","PARKED MOTOR VEHICLE","ONE-WAY",,"STRAIGHT AND LEVEL","DRY","NO DEFECTS","ON SCENE","NO INJURY / DRIVE AWAY",,,"Y","OVER $1,500","2026-02-09T22:27:00.000","OPERATING VEHICLE IN ERRATIC, RECKLESS, CARELESS, NEGLIGENT OR AGGRESSIVE MANNER","NOT APPLICABLE","3714","S","INDIANA AVE","212","Y","Y",,,,,"2","NO INDICATION OF INJURY","0","0","0","0","0","2","0","22","2","2","41.8269577337","-87.6218166224","POINT (-87.621816622433 41.826957733688)"
"69f1fba9dedfaabf531e09f20366d52fb665d986755c90e3fc132c64c05af47fbcf263a4219fbb8c15b4cfe735c03f96b87d07e7a68c8abb82b89d3ee32c3990",,"2026-02-09T22:09:00.000","30","NO CONTROLS","NO CONTROLS","CLEAR","DARKNESS, LIGHTED ROAD","OTHER OBJECT","NOT DIVIDED",,"STRAIGHT AND LEVEL","DRY","UNKNOWN","ON SCENE","INJURY AND / OR TOW DUE TO CRASH",,,,"OVER $1,500","2026-02-09T23:02:00.000","UNABLE TO DETERMINE","DRIVING SKILLS/KNOWLEDGE/EXPERIENCE","1566","W","86TH ST","614",,,,,,,"1","NONINCAPACITATING INJURY","1","0","0","1","0","1","0","22","2","2","41.7377227923","-87.6630502434","POINT (-87.663050243415 41.737722792326)"
"41b0888d00cc215d988b1fb5b920bad48e6bc8b335b22c39a96b529d6183d2e13c21b5a432fb4a7f86509af0751f7737cbad71a5d7a089e498f61837c4372b09",,"2026-02-09T21:50:00.000","10","NO CONTROLS","NO CONTROLS","OTHER","UNKNOWN","REAR END","OTHER",,"STRAIGHT AND LEVEL","OTHER","OTHER","NOT ON SCENE (DESK REPORT)","NO INJURY / DRIVE AWAY",,,,"OVER $1,500","2026-02-12T19:30:00.000","UNABLE TO DETERMINE","NOT APPLICABLE","4607","W","FULLERTON AVE","2522",,,,,,,"2","NO INDICATION OF INJURY","0","0","0","0","0","2","0","21","2","2","41.9241860612","-87.742116995","POINT (-87.742116995008 41.924186061161)"
"779452b144dbecd19dd2e30d364e7594a61556873f4d24f84cc80f02e39d6cdc2dbf2b2aa931e325fa9c9934c79f3831484babfd99daa60d6e7c61d28c84f0c9",,"2026-02-09T21:50:00.000","30","TRAFFIC SIGNAL","FUNCTIONING PROPERLY","CLEAR","DARKNESS, LIGHTED ROAD","REAR END","DIVIDED - W/MEDIAN (NOT RAISED)",,"STRAIGHT AND LEVEL","DRY","NO DEFECTS","ON SCENE","INJURY AND / OR TOW DUE TO CRASH","Y",,,"OVER $1,500","2026-02-09T22:03:00.000","FAILING TO REDUCE SPEED TO AVOID CRASH","NOT APPLICABLE","4399","N","MILWAUKEE AVE","1624",,,,,,,"3","NONINCAPACITATING INJURY","2","0","0","1","1","2","0","21","2","2","41.960645989","-87.7543130142","POINT (-87.754313014235 41.960645989038)"
"4505adb50a91c1c2fed4c05d3f5755626c1ee88fa5ceccd054b27c7db31fb928051fc956ddc4e6b4c466c8be54f01062424f357b9e038a72e5eb009be0bab3b7",,"2026-02-09T21:45:00.000","25","UNKNOWN","UNKNOWN","UNKNOWN","UNKNOWN","REAR END","NOT DIVIDED",,"STRAIGHT AND LEVEL","UNKNOWN","UNKNOWN","NOT ON SCENE (DESK REPORT)","NO INJURY / DRIVE AWAY",,,,"OVER $1,500","2026-02-09T22:15:00.000","UNABLE TO DETERMINE","UNABLE TO DETERMINE","3517","W","OGDEN AVE","1024",,,,,,,"2","NO INDICATION OF INJURY","0","0","0","0","0","2","0","21","2","2","41.8550121949","-87.7131235654","POINT (-87.713123565398 41.855012194865)"
"17f3c4c5e5ea99d5188a29c7100750b19974debfcbe17bcbbb424db66baf175c9d5a77b9c2bc7cd70e336ae5a1b1461a16eb6507c9cfdd7ecde220633dd5c5b2",,"2026-02-09T21:34:00.000","30","NO CONTROLS","NO CONTROLS","CLEAR","DARKNESS, LIGHTED ROAD","PARKED MOTOR VEHICLE","ONE-WAY",,"STRAIGHT AND LEVEL","DRY","NO DEFECTS","ON SCENE","NO INJURY / DRIVE AWAY",,,,"OVER $1,500","2026-02-09T21:36:00.000","UNABLE TO DETERMINE","UNABLE TO DETERMINE","3901","W","SUNNYSIDE AVE","1723",,,,,,,"3","NO INDICATION OF INJURY","0","0","0","0","0","1","0","21","2","2","41.9627345755","-87.7254930305","POINT (-87.725493030495 41.9627345755)"
"513af626f581aec36a90d9b64d667255fb217a5165662efce46f2d53ae32c146400ed5c31c7a27eb2d0de9e6ae834d426926c669a2c680cafe6f62ff9b9ccf41",,"2026-02-09T21:34:00.000","30","NO CONTROLS","NO CONTROLS","CLEAR","DARKNESS, LIGHTED ROAD","REAR TO SIDE","NOT DIVIDED",,"STRAIGHT AND LEVEL","DRY","UNKNOWN","ON SCENE","INJURY AND / OR TOW DUE TO CRASH",,,"N","OVER $1,500","2026-02-09T21:34:00.000","IMPROPER BACKING","NOT APPLICABLE","3910","W","MADISON ST","1122",,,,,,,"2","REPORTED, NOT EVIDENT","1","0","0","0","1","2","0","21","2","2","41.8808623651","-87.7236173704","POINT (-87.723617370361 41.880862365088)"
"0cf4d45f7473c219ff9beeff169070bf311432e8e95eff211cb6667c32a0e196da94f6b496fd25189e0ce5a368a9a439ec31de40a4642f08d8be9182c546c4dc",,"2026-02-09T21:30:00.000","30","NO CONTROLS","NO CONTROLS","CLEAR","DARKNESS, LIGHTED ROAD","PARKED MOTOR VEHICLE","NOT DIVIDED",,"STRAIGHT AND LEVEL","DRY","NO DEFECTS","NOT ON SCENE (DESK REPORT)","INJURY AND / OR TOW DUE TO CRASH",,,"Y","$501 - $1,500","2026-02-10T10:35:00.000","UNABLE TO DETERMINE","NOT APPLICABLE","1245","W","51ST ST","934",,,,,,,"2","NO INDICATION OF INJURY","0","0","0","0","0","1","0","21","2","2","41.8013168488","-87.6568338196","POINT (-87.65683381956 41.801316848801)"
"574eb34415557b5151bec5a2b9e0f9a6b312c3ecc9b5187ca5077feeb9865bb84e81edc46e1825a2aaf230515cd918a0890713888f4ff971f30d60c3209275e3",,"2026-02-09T21:30:00.000","30","TRAFFIC SIGNAL","FUNCTIONING PROPERLY","CLEAR","DARKNESS, LIGHTED ROAD","SIDESWIPE SAME DIRECTION","DIVIDED - W/MEDIAN (NOT RAISED)",,"STRAIGHT AND LEVEL","DRY","UNKNOWN","NOT ON SCENE (DESK REPORT)","NO INJURY / DRIVE AWAY","Y",,"Y","OVER $1,500","2026-02-09T21:55:00.000","IMPROPER LANE USAGE","UNABLE TO DETERMINE","155","E","GARFIELD BLVD","231",,,,,,,"2","NO INDICATION OF INJURY","0","0","0","0","0","4","0","21","2","2","41.7942920639","-87.6209242859","POINT (-87.62092428587 41.794292063903)"
"e789ad1ab74d884d159005d1076d10c168e376edecd88103d6733e6b78fb531c242c9ea74aa0e50e53341b06a5bb68bacb5b4398cc1638cd2d9e700fcad6241b",,"2026-02-09T21:30:00.000","30","TRAFFIC SIGNAL","UNKNOWN","UNKNOWN","UNKNOWN","REAR END","FOUR WAY",,"STRAIGHT AND LEVEL","UNKNOWN","UNKNOWN","NOT ON SCENE (DESK REPORT)","NO INJURY / DRIVE AWAY","Y",,,"OVER $1,500","2026-02-10T11:40:00.000","UNABLE TO DETERMINE","UNABLE TO DETERMINE","9300","S","COMMERCIAL AVE","423",,,,,,,"2","NO INDICATION OF INJURY","0","0","0","0","0","2","0","21","2","2","41.7262453315","-87.5513135697","POINT (-87.55131356971 41.72624533147)"
"f60397c803a0352c2c5ca6fc1a4c3ded1ecd20e2c612a74d22643c02b911a1e78603f40b777c34204e1de5a4c602de7c891b30a8477769f773e5b63a656bd5e9",,"2026-02-09T21:15:00.000","30","STOP SIGN/FLASHER","NO CONTROLS","CLEAR","DARKNESS, LIGHTED ROAD","TURNING","FOUR WAY",,"STRAIGHT AND LEVEL","UNKNOWN","UNKNOWN","NOT ON SCENE (DESK REPORT)","NO INJURY / DRIVE AWAY","Y",,,"OVER $1,500","2026-02-09T21:25:00.000","FAILING TO YIELD RIGHT-OF-WAY","DISREGARDING STOP SIGN","3356","E","106TH ST","432",,,,,,,"2","NO INDICATION OF INJURY","0","0","0","0","0","2","0","21","2","2","41.7028673873","-87.5414810124","POINT (-87.541481012367 41.702867387288)"
"a3cf26a07cbd9a66221e1dbedf1ac01e1a3f1d76bf0827186bf8be9e93d364ba8a9f2e87a64bee09ed2eb1f165f423ba82a2dc9fad3aaa0a955f1ed6486d7c87",,"2026-02-09T21:00:00.000","30","NO CONTROLS","NO CONTROLS","CLEAR","DARKNESS, LIGHTED ROAD","PARKED MOTOR VEHICLE","ONE-WAY",,"STRAIGHT AND LEVEL","DRY","NO DEFECTS","NOT ON SCENE (DESK REPORT)","NO INJURY / DRIVE AWAY",,,"Y","OVER $1,500","2026-02-11T11:00:00.000","UNABLE TO DETERMINE","NOT APPLICABLE","2300","W","WOLFRAM ST","1432",,,,,,,"2","NO INDICATION OF INJURY","0","0","0","0","0","1","0","21","2","2","41.9332182624","-87.6857598632","POINT (-87.68575986322 41.9332182624)"
"ec416340665f51f9db564d09b8a886559e493c86540a3f70da3c21c47c94eb963d02f2d43701453b848640781a3ee32ebe9bd433f7b485dd7fa5e175735fec1c","Y","2026-02-09T20:39:00.000","30","NO CONTROLS","NO CONTROLS","CLOUDY/OVERCAST","DARKNESS, LIGHTED ROAD","HEAD ON","NOT DIVIDED",,"STRAIGHT AND LEVEL","DRY","NO DEFECTS",,"NO INJURY / DRIVE AWAY",,,,"$501 - $1,500","2026-02-09T21:20:00.000","DISTRACTION - OTHER ELECTRONIC DEVICE (NAVIGATION DEVICE, DVD PLAYER, ETC.)","FAILING TO YIELD RIGHT-OF-WAY","2630","W","BRADLEY PL","1921",,,,,,,"2","NO INDICATION OF INJURY","0","0","0","0","0","3","0","20","2","2","41.9495643376","-87.6944125102","POINT (-87.694412510192 41.949564337597)"
"cb68fd274afe2db361823bc7b3103f7df753cb95379cb115aeece51650d3dfbd782e5b5f26ca3762cadd64552b75dd88817b956b07f836af470b7a51bc7a5ea7",,"2026-02-09T20:36:00.000","30","NO CONTROLS","NO CONTROLS","CLEAR","DAYLIGHT","PARKED MOTOR VEHICLE","NOT DIVIDED",,"STRAIGHT AND LEVEL","DRY","NO DEFECTS","NOT ON SCENE (DESK REPORT)","NO INJURY / DRIVE AWAY",,,"Y","OVER $1,500","2026-02-10T14:20:00.000","UNABLE TO DETERMINE","UNABLE TO DETERMINE","2342","W","WABANSIA AVE","1434",,,,,,,"2","NO INDICATION OF INJURY","0","0","0","0","0","1","0","20","2","2","41.9126896244","-87.6865946846","POINT (-87.686594684606 41.912689624441)"
"ce3ccffc064508b1b6e5e10f34cb1138ba1d0191321ba629eb4346ba79d4854bb08c8a8448e8da1b65749ea94c226a1a65ff60665ed7e530e8b4590fe22a9ef2","Y","2026-02-09T20:30:00.000","30","TRAFFIC SIGNAL","FUNCTIONING PROPERLY","CLEAR","DAYLIGHT","SIDESWIPE SAME DIRECTION","NOT DIVIDED",,"STRAIGHT AND LEVEL","DRY","NO DEFECTS","NOT ON SCENE (DESK REPORT)","NO INJURY / DRIVE AWAY",,,,"$501 - $1,500","2026-02-14T08:15:00.000","IMPROPER LANE USAGE","IMPROPER LANE USAGE","3750","N","LAKE SHORE DR NB","1925",,,,,,,"2","NO INDICATION OF INJURY","0","0","0","0","0","2","0","20","2","2","41.9519923603","-87.6449556599","POINT (-87.644955659941 41.951992360302)"
"d7930a3c565a7ba9ba72b3d59cb129b1c009766b068410fba9d1dcb7603be9198bcb2d40c5b98d912d9ac8d22fbb42918dba1607e7a866ddd86d972ae1b25c71",,"2026-02-09T20:30:00.000","30","STOP SIGN/FLASHER","NO CONTROLS","CLEAR","DARKNESS, LIGHTED ROAD","TURNING","T-INTERSECTION",,"STRAIGHT AND LEVEL","DRY","NO DEFECTS","NOT ON SCENE (DESK REPORT)","NO INJURY / DRIVE AWAY",,,,"OVER $1,500","2026-02-13T21:15:00.000","IMPROPER TURNING/NO SIGNAL","FAILING TO YIELD RIGHT-OF-WAY","2741","S","ARCHER AVE","913",,,,,,,"2","NO INDICATION OF INJURY","0","0","0","0","0","2","0","20","2","2","41.8438435849","-87.6531387039","POINT (-87.653138703875 41.843843584917)"
"45170d387104ea61922815efaafcada3e558dc568f918b019c5a582a787fa08192311f3bd6bcfd01880e32209e8043a0104ef926834624f959b63b155624b2a9",,"2026-02-09T20:12:00.000","30","NO CONTROLS","NO CONTROLS","CLEAR","DARKNESS, LIGHTED ROAD","PARKED MOTOR VEHICLE","NOT DIVIDED",,"STRAIGHT AND LEVEL","DRY","NO DEFECTS","ON SCENE","NO INJURY / DRIVE AWAY",,,"Y","$501 - $1,500","2026-02-09T20:15:00.000","HAD BEEN DRINKING (USE WHEN ARREST IS NOT MADE)","NOT APPLICABLE","2522","W","107TH ST","2211",,,,,,,"2","NO INDICATION OF INJURY","0","0","0","0","0","2","0","20","2","2","41.6991655435","-87.6849461381","POINT (-87.684946138128 41.699165543468)"
"bd40bd2c911980987d6bfa6a0907463cdcf08b33789973bc68e5dac7d8e1a7f645c069379280cc54af4732324e6329c03fed0c937a9b1428cef306857a92b509","Y","2026-02-09T20:08:00.000","25","OTHER","OTHER","CLEAR","DUSK","PARKED MOTOR VEHICLE","ONE-WAY",,"STRAIGHT AND LEVEL","DRY","NO DEFECTS","ON SCENE","INJURY AND / OR TOW DUE TO CRASH",,,"Y","$501 - $1,500","2026-02-09T20:09:00.000","UNABLE TO DETERMINE","NOT APPLICABLE","4517","W","VAN BUREN ST","1131",,,,,,,"2","REPORTED, NOT EVIDENT","5","0","0","0","5","1","0","20","2","2","41.8749956049","-87.738466238","POINT (-87.738466237969 41.874995604879)"
"b6952fa5987d9107cf29a5ed362fa21fbf71340a52aa6a40ff349e70b3cbc1c42e782ef3fdb3b6a00dcd5aacbb3c84d725645b02baeb00be468b2465958a7371",,"2026-02-09T20:05:00.000","20","NO CONTROLS","NO CONTROLS","CLEAR","DARKNESS, LIGHTED ROAD","REAR END","DIVIDED - W/MEDIAN (NOT RAISED)",,"STRAIGHT AND LEVEL","DRY","NO DEFECTS","NOT ON SCENE (DESK REPORT)","NO INJURY / DRIVE AWAY",,,,"OVER $1,500","2026-02-10T17:05:00.000","FOLLOWING TOO CLOSELY","UNABLE TO DETERMINE","967","N","LAKE SHORE DR","1833",,,,,,,"2","NO INDICATION OF INJURY","0","0","0","0","0","2","0","20","2","2","41.9005667847","-87.6194086642","POINT (-87.619408664248 41.900566784691)"
"1c4d6968614780112b0b1541f1a2203bdb6a77c0c7747fc0cdaa71ac9f93dc4226d40014bc97357103458200df49b5ac23b442d78bd146757ff89c5a056d9552",,"2026-02-09T20:00:00.000","30","NO CONTROLS","NO CONTROLS","CLEAR","DARKNESS, LIGHTED ROAD","SIDESWIPE SAME DIRECTION","NOT DIVIDED",,"STRAIGHT AND LEVEL","DRY","UNKNOWN","ON SCENE","NO INJURY / DRIVE AWAY",,,"Y","OVER $1,500","2026-02-09T20:05:00.000","FAILING TO YIELD RIGHT-OF-WAY","NOT APPLICABLE","5936","W","BELMONT AVE","1633",,,,,,,"2","NO INDICATION OF INJURY","0","0","0","0","0","2","0","20","2","2","41.9385699084","-87.7752994163","POINT (-87.775299416334 41.938569908416)"
"063ae836e773b39ac60a1448168d26891c27053ecb503c114eef489341d041b8b53f065bc766f0f95890b13d04a25c06601f7bbc7a6632f6b6c3fec97c06bea3",,"2026-02-09T19:55:00.000","30","TRAFFIC SIGNAL","FUNCTIONING PROPERLY","CLEAR","DARKNESS, LIGHTED ROAD","TURNING","FOUR WAY",,"STRAIGHT AND LEVEL","DRY","NO DEFECTS","ON SCENE","INJURY AND / OR TOW DUE TO CRASH","Y",,,"OVER $1,500","2026-02-09T19:55:00.000","IMPROPER TURNING/NO SIGNAL","FAILING TO YIELD RIGHT-OF-WAY","99","W","LOWER WACKER DR","111",,,,,,,"2","NO INDICATION OF INJURY","0","0","0","0","0","2","0","19","2","2","41.8866800627","-87.6309589446","POINT (-87.630958944637 41.886680062744)"
"2ccaa4fc0ccb5aad075c377318c8bb2c1fbd85633f43859c0ba79cfb614bf2ba1b2b686588bad37b567fdf21972fbfca14a2279f1c16e78f005ded681929ce3e",,"2026-02-09T19:43:00.000","30","TRAFFIC SIGNAL","FUNCTIONING PROPERLY","CLEAR","DARKNESS, LIGHTED ROAD","REAR TO SIDE","NOT DIVIDED",,"STRAIGHT AND LEVEL","DRY","NO DEFECTS","ON SCENE","NO INJURY / DRIVE AWAY",,,,"OVER $1,500","2026-02-09T19:48:00.000","IMPROPER BACKING","DRIVING SKILLS/KNOWLEDGE/EXPERIENCE","6193","N","CANFIELD AVE","1612",,,,,,,"2","NO INDICATION OF INJURY","0","0","0","0","0","2","0","19","2","2","41.9930481707","-87.8220245775","POINT (-87.822024577484 41.993048170671)"
"4efd722c92315bc7f990b62297452185fe293a54ff8a65412b3c375d11363e8ff171b72aea2dbd3591d4239aea2d41d61d84726241b8c5f0f79080a903f4a5a9",,"2026-02-09T19:07:00.000","30","TRAFFIC SIGNAL","FUNCTIONING PROPERLY","CLEAR","DARKNESS, LIGHTED ROAD","FIXED OBJECT","DIVIDED - W/MEDIAN BARRIER",,"CURVE ON GRADE","UNKNOWN","UNKNOWN","ON SCENE","NO INJURY / DRIVE AWAY","Y",,,"$500 OR LESS","2026-02-09T19:08:00.000","DRIVING SKILLS/KNOWLEDGE/EXPERIENCE","UNABLE TO DETERMINE","502","S","CANAL ST","124",,,,,,,"1","NO INDICATION OF INJURY","0","0","0","0","0","1","0","19","2","2","41.8754038632","-87.6397694299","POINT (-87.63976942992 41.875403863204)"
"0d490a94611bee5c5c070e3b3fa03fd491595788ea0878356c9b17aa2bfca5525994d14267e36be250551c303f55cdd0ef0b726962c29a9d3a14725e69867a49",,"2026-02-09T19:00:00.000","0","NO CONTROLS","NO CONTROLS","CLEAR","DARKNESS","PARKED MOTOR VEHICLE","PARKING LOT",,"STRAIGHT AND LEVEL","DRY","NO DEFECTS","ON SCENE","NO INJURY / DRIVE AWAY",,"Y",,"OVER $1,500","2026-02-10T07:56:00.000","FOLLOWING TOO CLOSELY","IMPROPER BACKING","1046","N","CENTRAL PARK AVE","1112",,,,,,,"2","NO INDICATION OF INJURY","0","0","0","0","0","1","0","19","2","2","41.9004972362","-87.7166292643","POINT (-87.716629264286 41.900497236162)"
"0cc1668e74602b1d07b2e907ced7b96d257ace7a22890bb63977dbd354ab4bac623c0cf532593151f5458ac5445420c7515a1bc48bd03c4345cbdca42e3f4d94",,"2026-02-09T18:55:00.000","30","TRAFFIC SIGNAL","FUNCTIONING PROPERLY","CLEAR","DUSK","REAR END","NOT DIVIDED",,"STRAIGHT AND LEVEL","DRY","NO DEFECTS","ON SCENE","NO INJURY / DRIVE AWAY",,,,"$500 OR LESS","2026-02-09T18:55:00.000","FOLLOWING TOO CLOSELY","NOT APPLICABLE","1900","W","87TH ST","614",,,,,,,"2","NO INDICATION OF INJURY","0","0","0","0","0","2","0","18","2","2","41.7358029443","-87.6703894815","POINT (-87.67038948148 41.735802944318)"
"385dd5df8b936b124fda2dd07256b51b7003e64b591b6cf81937d7e4df86fea992bc2128bac45f800eb532bc1d0b1aaf50f6d5e41f2f0d93c09a8bed522d8c1f",,"2026-02-09T18:49:00.000","30","TRAFFIC SIGNAL","FUNCTIONING PROPERLY","CLEAR","DARKNESS, LIGHTED ROAD","PEDESTRIAN","NOT DIVIDED",,"STRAIGHT AND LEVEL","DRY","NO DEFECTS","ON SCENE","INJURY AND / OR TOW DUE TO CRASH",,,,"OVER $1,500","2026-02-09T18:49:00.000","FAILING TO YIELD RIGHT-OF-WAY","NOT APPLICABLE","4942","N","MILWAUKEE AVE","1623",,,,,,,"2","INCAPACITATING INJURY","1","0","1","0","0","1","0","18","2","2","41.9705931641","-87.7633521017","POINT (-87.763352101697 41.970593164078)"
"0c16c3b42680a4225ca39e416a127b2c2b12400694b62ab34bb91907d87f70ecf0d6d2f9ec120f98d3ae7fc3283d2cde1b054ea3156ce8c60b1598a12ad5c563",,"2026-02-09T18:30:00.000","30","NO CONTROLS","NO CONTROLS","UNKNOWN","DARKNESS, LIGHTED ROAD","TURNING","NOT DIVIDED",,"STRAIGHT AND LEVEL","UNKNOWN","UNKNOWN","NOT ON SCENE (DESK REPORT)","NO INJURY / DRIVE AWAY",,,,"OVER $1,500","2026-02-09T18:57:00.000","FAILING TO YIELD RIGHT-OF-WAY","NOT APPLICABLE","449","N","AUSTIN BLVD","1512",,,,,,,"2","NO INDICATION OF INJURY","0","0","0","0","0","2","0","18","2","2","41.8886306679","-87.7747831296","POINT (-87.774783129599 41.888630667904)"
"1e00f3d944a6d7ee3c799493b563db7c4a339e7da58a1cc0b4296c04906487398aa7f64f7e73528206d0992d7676a0576bc3eb3278fdf4f528dab02ac84130c5",,"2026-02-09T18:30:00.000","30","NO CONTROLS","NO CONTROLS","CLEAR","DARKNESS","REAR END","NOT DIVIDED",,"STRAIGHT AND LEVEL","DRY","UNKNOWN","NOT ON SCENE (DESK REPORT)","NO INJURY / DRIVE AWAY",,,,"$500 OR LESS","2026-02-09T18:48:00.000","FOLLOWING TOO CLOSELY","FOLLOWING TOO CLOSELY","7900","S","COTTAGE GROVE AVE","624",,,,,,,"2","NO INDICATION OF INJURY","0","0","0","0","0","2","0","18","2","2","41.7511943382","-87.6053673263","POINT (-87.60536732633 41.751194338222)"
"2dcefa168965bd6517b60d1955c0c8edbc39393df2112140c04673e304c62c7eb85cfd8d3a0470ee77b2d2585f05193b817b80e1edd297ccdc0d36914878024c",,"2026-02-09T18:30:00.000","30","UNKNOWN","UNKNOWN","CLEAR","DAWN","REAR END","UNKNOWN",,"STRAIGHT AND LEVEL","UNKNOWN","UNKNOWN","NOT ON SCENE (DESK REPORT)","NO INJURY / DRIVE AWAY","Y",,,"OVER $1,500","2026-02-09T19:55:00.000","UNABLE TO DETERMINE","UNABLE TO DETERMINE","4000","S","DR MARTIN LUTHER KING JR DR","213",,,,,,,"2","NO INDICATION OF INJURY","0","0","0","0","0","2","0","18","2","2","41.821962012","-87.6170924761","POINT (-87.617092476135 41.821962012018)"
"59e593992a065fe59df9bc7c787b332bd80887408d87b5af214bd595832068215faba310ad90b575d48fbb497e47a533ad50bc5338e3ad401f991e0c3f75cd24",,"2026-02-09T18:30:00.000","30","NO CONTROLS","NO CONTROLS","UNKNOWN","UNKNOWN","PARKED MOTOR VEHICLE","ONE-WAY",,"STRAIGHT ON GRADE","UNKNOWN","UNKNOWN","NOT ON SCENE (DESK REPORT)","NO INJURY / DRIVE AWAY",,,,"$501 - $1,500","2026-02-10T16:10:00.000","FAILING TO REDUCE SPEED TO AVOID CRASH","UNABLE TO DETERMINE","408","W","77TH ST","621",,"Y",,,,,"2","NO INDICATION OF INJURY","0","0","0","0","0","2","0","18","2","2","41.7545345747","-87.6347939436","POINT (-87.634793943637 41.754534574692)"
"5f2f534e84be0f8c3374be6c56c81c4ebd86e78ef68b15a7aa515be33cdc35c172d8028b488cc84148df9ff06798b1b51d6d8d8b4c8d57b24aacfb233019b569",,"2026-02-09T18:30:00.000","30","NO CONTROLS","NO CONTROLS","CLEAR","DARKNESS","PARKED MOTOR VEHICLE","ONE-WAY",,"STRAIGHT AND LEVEL","DRY","NO DEFECTS","ON SCENE","NO INJURY / DRIVE AWAY",,,"Y","OVER $1,500","2026-02-09T19:00:00.000","UNABLE TO DETERMINE","NOT APPLICABLE","1133","N","LECLAIRE AVE","1531",,,,,,,"2","NO INDICATION OF INJURY","0","0","0","0","0","1","0","18","2","2","41.9014459149","-87.753158561","POINT (-87.753158560975 41.901445914942)"
"47f1de6423fdc58d2bbce760a5c92d3bda410730e79c59c2154ee6f99b87a7bbc92940afc660a039c808fab4dffa627dfe835ce43f6ff39534122891d71a98f9",,"2026-02-09T18:21:00.000","30","UNKNOWN","UNKNOWN","UNKNOWN","UNKNOWN","ANIMAL","NOT DIVIDED",,"STRAIGHT AND LEVEL","UNKNOWN","UNKNOWN","NOT ON SCENE (DESK REPORT)","NO INJURY / DRIVE AWAY",,,,"OVER $1,500","2026-02-10T11:05:00.000","UNABLE TO DETERMINE","UNABLE TO DETERMINE","3200","E","126TH ST","433",,,,,,,"1","NO INDICATION OF INJURY","0","0","0","0","0","1","0","18","2","2","41.6668112344","-87.5457262626","POINT (-87.545726262643 41.666811234393)"