"crash_record_id","crash_date_est_i","crash_date","posted_speed_limit","traffic_control_device","device_condition","weather_condition","lighting_condition","first_crash_type","trafficway_type","lane_cnt","alignment","roadway_surface_cond","road_defect","report_type","crash_type","intersection_related_i","private_property_i","hit_and_run_i","damage","date_police_notified","prim_contributory_cause","sec_contributory_cause","street_no","street_direction","street_name","beat_of_occurrence","photos_taken_i","statements_taken_i","dooring_i","work_zone_i","work_zone_type","workers_present_i","num_units","most_severe_injury","injuries_total","injuries_fatal","injuries_incapacitating","injuries_non_incapacitating","injuries_reported_not_evident","injuries_no_indication","injuries_unknown","crash_hour","crash_day_of_week","crash_month","latitude","longitude","location"
"997f32eb1432ce4082bb1c435aa70584ffdcf4b27a5a78561e14603aeb4fc9390fe09f900033a1fc2fb63f3fa7bb47ddffc65ac7d4b11b30f924992e2a8e29c4",,"2026-02-09T18:20:00.000","30","TRAFFIC SIGNAL","FUNCTIONING PROPERLY","CLEAR","DARKNESS, LIGHTED ROAD","REAR END","DIVIDED - W/MEDIAN BARRIER",,"STRAIGHT AND LEVEL","DRY","NO DEFECTS","ON SCENE","NO INJURY / DRIVE AWAY","Y",,,"OVER $1,500","2026-02-09T18:23:00.000","UNABLE TO DETERMINE","UNABLE TO DETERMINE","3100","W","OGDEN AVE","1022",,,,,,,"2","NO INDICATION OF INJURY","0","0","0","0","0","2","0","18","2","2","41.8589284728","-87.7030525184","POINT (-87.703052518354 41.858928472835)"
"ed666747480a73c0f339d41598c0e3036fe7b7970402c989244efc947973d17056caf4f384aa88eb934c31ececbe4278c4f21f58054b4173dc7277d1e04c787c",,"2026-02-09T18:20:00.000","30","TRAFFIC SIGNAL","FUNCTIONING PROPERLY","CLEAR","DARKNESS, LIGHTED ROAD","REAR END","DIVIDED - W/MEDIAN (NOT RAISED)",,"STRAIGHT AND LEVEL","DRY","NO DEFECTS","NOT ON SCENE (DESK REPORT)","NO INJURY / DRIVE AWAY","Y",,,"OVER $1,500","2026-02-09T18:40:00.000","FOLLOWING TOO CLOSELY","UNABLE TO DETERMINE","3600","N","PULASKI RD","1732",,,,,,,"2","NO INDICATION OF INJURY","0","0","0","0","0","2","0","18","2","2","41.9464159422","-87.727549491","POINT (-87.727549490998 41.94641594219)"
"4a0422acf89c80091c137e6bdd4d62b187e335eff28f5d12a1891ccece66cd30dafc11d90fdd9d558d2fd3c6a759ca9ebcc27babe0c1178b4c1b0980181f473c",,"2026-02-09T18:16:00.000","30","NO CONTROLS","NO CONTROLS","CLEAR","DARKNESS","REAR END","NOT DIVIDED",,"STRAIGHT AND LEVEL","DRY","NO DEFECTS","ON SCENE","NO INJURY / DRIVE AWAY",,"Y",,"$501 - $1,500","2026-02-09T18:16:00.000","UNABLE TO DETERMINE","NOT APPLICABLE","1299","S","CANAL ST","124",,,,,,,"2","NO INDICATION OF INJURY","0","0","0","0","0","2","0","18","2","2","41.8656553344","-87.639050992","POINT (-87.639050992023 41.865655334429)"
"f393968622e31a47e871134479d43c202fb46715a5f062f2d956695cbe4360e5662a6ea37a424ed8ce5473f3a9eb6ad7ae4d37ca2868833e53f9463de6274bc8","Y","2026-02-09T18:15:00.000","30","NO CONTROLS","NO CONTROLS","UNKNOWN","UNKNOWN","PARKED MOTOR VEHICLE","ONE-WAY",,"STRAIGHT AND LEVEL","UNKNOWN","UNKNOWN","NOT ON SCENE (DESK REPORT)","NO INJURY / DRIVE AWAY",,,,"OVER $1,500","2026-02-09T21:25:00.000","IMPROPER OVERTAKING/PASSING","IMPROPER OVERTAKING/PASSING","1233","W","NEWPORT AVE","1924",,,,,,,"2","NO INDICATION OF INJURY","0","0","0","0","0","1","0","18","2","2","41.9442765848","-87.6604200476","POINT (-87.660420047611 41.944276584808)"
"c8cbd6967ae272906e03eee4746ce823033c2f9885598fcab68be2fb274201d5935a28500559507113316730a6d9ee4da8edd16c45f2fce6dbe9031817645550",,"2026-02-09T18:12:00.000","30","STOP SIGN/FLASHER","FUNCTIONING PROPERLY","CLEAR","DARKNESS, LIGHTED ROAD","SIDESWIPE SAME DIRECTION","FOUR WAY",,"STRAIGHT AND LEVEL","DRY","NO DEFECTS","ON SCENE","NO INJURY / DRIVE AWAY","Y",,,"$501 - $1,500","2026-02-09T18:12:00.000","FAILING TO YIELD RIGHT-OF-WAY","DRIVING SKILLS/KNOWLEDGE/EXPERIENCE","7900","S","LANGLEY AVE","624",,,,,,,"2","NO INDICATION OF INJURY","0","0","0","0","0","2","0","18","2","2","41.7511501753","-87.6078020362","POINT (-87.607802036151 41.7511501753)"
"3db5e4a228aab963844d5fbdf1b70541d93add83d92d8b65b06adab63d74b123440141bd428e4859b2ef4060fda8fcc7b9c4e9b59413eabc4a9beb76fda69a78","Y","2026-02-09T18:00:00.000","30","UNKNOWN","UNKNOWN","UNKNOWN","UNKNOWN","REAR END","NOT DIVIDED",,"STRAIGHT AND LEVEL","UNKNOWN","UNKNOWN","NOT ON SCENE (DESK REPORT)","NO INJURY / DRIVE AWAY",,,,"OVER $1,500","2026-02-09T18:40:00.000","UNABLE TO DETERMINE","NOT APPLICABLE","71","E","59TH ST","232",,,,,,,"2","NO INDICATION OF INJURY","0","0","0","0","0","2","0","18","2","2","41.7873010639","-87.6227612721","POINT (-87.622761272084 41.787301063861)"
"3052aecbe9c57586861d1ff53c6304fd28907e3739918f148c620c3dbbcccb3d1255b0e54b8142a95a69aacbf54d598e5b522e8ad5016f1f382470e57eac7e21",,"2026-02-09T17:55:00.000","35","TRAFFIC SIGNAL","FUNCTIONING PROPERLY","CLEAR","DARKNESS, LIGHTED ROAD","SIDESWIPE SAME DIRECTION","NOT DIVIDED",,"STRAIGHT AND LEVEL","DRY","NO DEFECTS","NOT ON SCENE (DESK REPORT)","NO INJURY / DRIVE AWAY",,,,"$501 - $1,500","2026-02-09T18:13:00.000","UNABLE TO DETERMINE","UNABLE TO DETERMINE","5704","N","LINCOLN AVE","2011",,,,,,,"2","NO INDICATION OF INJURY","0","0","0","0","0","2","0","17","2","2","41.9850430075","-87.6986181242","POINT (-87.698618124176 41.98504300747)"
"4bbbb82f0e936276db4a82c9f9cff0aaf044b7dc668fd433b0c3e5cf26084a848f16ae05d9219e15a6bd0ff64dd35cfa29bdb0fe4163b137d1066bf9881745f4",,"2026-02-09T17:49:00.000","30","NO CONTROLS","NO CONTROLS","CLOUDY/OVERCAST","DARKNESS, LIGHTED ROAD","TURNING","ONE-WAY",,"STRAIGHT AND LEVEL","WET","NO DEFECTS","ON SCENE","NO INJURY / DRIVE AWAY",,,,"OVER $1,500","2026-02-09T17:51:00.000","FAILING TO YIELD RIGHT-OF-WAY","NOT APPLICABLE","511","W","BELDEN AVE","1812",,,,,,,"3","NO INDICATION OF INJURY","0","0","0","0","0","2","0","17","2","2","41.9236203823","-87.6419090192","POINT (-87.641909019178 41.923620382339)"
"29451b3668539f48ea76acaa91af049aab9edeca868385e47e9318ea4a68ce3395d9c8c4220e31a422e1c93c3fb132666683842333862d2e26f16b8401c1b7c7",,"2026-02-09T17:35:00.000","30","NO CONTROLS","NO CONTROLS","CLEAR","DARKNESS","PARKED MOTOR VEHICLE","NOT DIVIDED",,"STRAIGHT AND LEVEL","DRY","NO DEFECTS","NOT ON SCENE (DESK REPORT)","NO INJURY / DRIVE AWAY",,,,"OVER $1,500","2026-02-09T19:00:00.000","IMPROPER BACKING","NOT APPLICABLE","1240","E","103RD ST","511",,,,,,,"2","NO INDICATION OF INJURY","0","0","0","0","0","1","0","17","2","2","41.7077690142","-87.5927333857","POINT (-87.592733385726 41.707769014186)"
"87d23a37e03676e2b479f0ac89e720515967a83595ea9af0b3f9b5ebaf890b4eaf899d4362bb1f71ce66c1ca4778e971caed59e4aa9093acb3350f9c9abe47bd",,"2026-02-09T17:30:00.000","25","STOP SIGN/FLASHER","NO CONTROLS","CLEAR","DAYLIGHT","REAR END","NOT DIVIDED",,"STRAIGHT AND LEVEL","DRY","NO DEFECTS","NOT ON SCENE (DESK REPORT)","NO INJURY / DRIVE AWAY",,,,"OVER $1,500","2026-02-19T12:00:00.000","FAILING TO REDUCE SPEED TO AVOID CRASH","NOT APPLICABLE","4226","N","LARAMIE AVE","1624",,,,,,,"2","NO INDICATION OF INJURY","0","0","0","0","0","2","0","17","2","2","41.9578141585","-87.7574434776","POINT (-87.757443477602 41.95781415847)"
"be11b928a0531d0f36bc719e58e431a2a89abd6ddb998009f9ff6acf26b26dae35d454be2b515185063b89a27f481c71a46f86c44e2aa5d2c4c2da4b250643a5",,"2026-02-09T17:30:00.000","45","NO CONTROLS","NO CONTROLS","CLEAR","DARKNESS, LIGHTED ROAD","SIDESWIPE SAME DIRECTION","DIVIDED - W/MEDIAN BARRIER",,"STRAIGHT AND LEVEL","DRY","NO DEFECTS","ON SCENE","NO INJURY / DRIVE AWAY",,,,"OVER $1,500","2026-02-09T17:35:00.000","IMPROPER OVERTAKING/PASSING","UNABLE TO DETERMINE","1200","S","LAKE SHORE DR SB","132",,,,,,,"2","NO INDICATION OF INJURY","0","0","0","0","0","2","0","17","2","2","41.8674842272","-87.6191503834","POINT (-87.619150383382 41.867484227164)"
"83473a30a9944ed7d43d55b1803a40f02fe943c30f29ef7338dddb3cbeba43a4a17b281d69d40beaceff0894795cbc9fb3aa864d54bb44ce44c67dfa2ac7998b",,"2026-02-09T17:20:00.000","25","NO CONTROLS","NO CONTROLS","CLEAR","DARKNESS, LIGHTED ROAD","SIDESWIPE OPPOSITE DIRECTION","NOT DIVIDED",,"STRAIGHT AND LEVEL","DRY","NO DEFECTS","NOT ON SCENE (DESK REPORT)","NO INJURY / DRIVE AWAY",,,"Y","OVER $1,500","2026-02-09T17:55:00.000","IMPROPER LANE USAGE","FAILING TO REDUCE SPEED TO AVOID CRASH","5600","N","NATOMA AVE","1612",,,,,,,"2","NO INDICATION OF INJURY","0","0","0","0","0","2","0","17","2","2","41.9829447016","-87.7927751322","POINT (-87.792775132197 41.982944701604)"
"b5e76104b258d9cd0b2a2b74effd0020371366c440ffb303883b6243e3f252fe1c090b63c537b9303a94392173309c86ed2524eaca75dad7340aed77ddbdb136",,"2026-02-09T17:20:00.000","30","TRAFFIC SIGNAL","FUNCTIONING PROPERLY","CLEAR","DARKNESS, LIGHTED ROAD","TURNING","NOT DIVIDED",,"STRAIGHT AND LEVEL","DRY","NO DEFECTS","ON SCENE","NO INJURY / DRIVE AWAY",,,,"OVER $1,500","2026-02-09T17:40:00.000","FAILING TO YIELD RIGHT-OF-WAY","FAILING TO YIELD RIGHT-OF-WAY","3501","W","51ST ST","822",,,,,,,"2","NO INDICATION OF INJURY","0","0","0","0","0","4","0","17","2","2","41.8006047065","-87.7112421092","POINT (-87.711242109219 41.800604706533)"
"07881d3adbd803d62914193a0e47e791805058d9493ebf6cf480148e377c45f4b97f9b26a3b3c5ee88bb8a9c57e358fb1c84faa70eeadd7590392feabf35d73a",,"2026-02-09T17:15:00.000","30","NO CONTROLS","NO CONTROLS","CLEAR","DUSK","SIDESWIPE SAME DIRECTION","ONE-WAY",,"STRAIGHT AND LEVEL","DRY","NO DEFECTS","NOT ON SCENE (DESK REPORT)","NO INJURY / DRIVE AWAY",,,,"OVER $1,500","2026-02-12T09:30:00.000","UNABLE TO DETERMINE","NOT APPLICABLE","701","N","SACRAMENTO BLVD","1221",,,,,,,"2","NO INDICATION OF INJURY","0","0","0","0","0","2","0","17","2","2","41.8937972299","-87.702004213","POINT (-87.702004213035 41.893797229945)"
"9d1abea1e135f3037a5bd55918dad5ca65433d780924c14c97f1755486252941224285304dbed21c8e7e364e1e18d7788da8faef64b20c1121a0256da46379c7","Y","2026-02-09T17:15:00.000","30","STOP SIGN/FLASHER","FUNCTIONING PROPERLY","CLEAR","DAYLIGHT","ANGLE","FOUR WAY",,"STRAIGHT AND LEVEL","DRY","NO DEFECTS","ON SCENE","INJURY AND / OR TOW DUE TO CRASH","Y",,,"OVER $1,500","2026-02-09T17:23:00.000","FAILING TO YIELD RIGHT-OF-WAY","NOT APPLICABLE","1200","W","50TH ST","933",,,,,,,"2","NONINCAPACITATING INJURY","2","0","0","1","1","0","0","17","2","2","41.8033811629","-87.6551688924","POINT (-87.655168892366 41.803381162924)"
"f8252efc4075e53b9d8f4674dfcdfa3903892888776bd3487cdc39d5c1be9d8074f6fb0f2ee4260aaa753401624ade8d0611e5bb2628bea90aa4352f0332b885",,"2026-02-09T17:01:00.000","30","NO CONTROLS","NO CONTROLS","CLEAR","DARKNESS, LIGHTED ROAD","ANGLE","NOT DIVIDED",,"STRAIGHT AND LEVEL","DRY","NO DEFECTS","ON SCENE","NO INJURY / DRIVE AWAY",,,,"$501 - $1,500","2026-02-09T17:57:00.000","FAILING TO YIELD RIGHT-OF-WAY","UNABLE TO DETERMINE","856","E","83RD ST","631",,,,,,,"2","NO INDICATION OF INJURY","0","0","0","0","0","2","0","17","2","2","41.7441148049","-87.6027233562","POINT (-87.602723356217 41.74411480487)"
"23acc436001527535762e18a13ef7e3671ed05f8e45f237d0138c81f85e181c12a51c2fa610deaffef7868adbae95d8145d9ab64810e0ef0d112493c42fd77e8",,"2026-02-09T17:00:00.000","35","NO CONTROLS","NO CONTROLS","CLEAR","DARKNESS, LIGHTED ROAD","ANGLE","PARKING LOT",,"STRAIGHT AND LEVEL","DRY","NO DEFECTS","NOT ON SCENE (DESK REPORT)","NO INJURY / DRIVE AWAY","N","Y",,"OVER $1,500","2026-02-09T17:50:00.000","UNABLE TO DETERMINE","UNABLE TO DETERMINE","200","W","87TH ST","622",,,,,,,"2","NO INDICATION OF INJURY","0","0","0","0","0","2","0","17","2","2","41.7362616994","-87.6290647164","POINT (-87.629064716425 41.736261699376)"
"689bd95cdbd8c00ebc07205187217af721982051263c749ad854db288697fda63ee1b8bdff364d05838ea1aee882932268fcea94ace44d073d1056565c18f59c",,"2026-02-09T17:00:00.000","15","NO CONTROLS","NO CONTROLS","CLEAR","DUSK","PEDESTRIAN","OTHER",,"STRAIGHT AND LEVEL","DRY","NO DEFECTS","ON SCENE","INJURY AND / OR TOW DUE TO CRASH",,,"N","OVER $1,500","2026-02-09T18:46:00.000","UNABLE TO DETERMINE","UNABLE TO DETERMINE","5913","S","KEDZIE AVE","824",,,,,,,"2","NONINCAPACITATING INJURY","1","0","0","1","0","1","0","17","2","2","41.7858318434","-87.703191494","POINT (-87.70319149397 41.785831843419)"
"72c87c6cdbe2ff854c84667f75a9f17ee9fdcd236fde2296a0db97c4c558d5b75783857f536e84913b08e90aafd9f4b9baae92a25c7cc93285b1ebd7700f9f7e",,"2026-02-09T17:00:00.000","30","NO CONTROLS","NO CONTROLS","CLEAR","DUSK","REAR END","OTHER",,"STRAIGHT AND LEVEL","UNKNOWN","UNKNOWN","NOT ON SCENE (DESK REPORT)","NO INJURY / DRIVE AWAY",,,"Y","OVER $1,500","2026-02-10T16:36:00.000","FOLLOWING TOO CLOSELY","FOLLOWING TOO CLOSELY","6233","S","LAKE SHORE DR","331",,,,,,,"3","NO INDICATION OF INJURY","0","0","0","0","0","3","0","17","2","2","41.7814292179","-87.5748246959","POINT (-87.574824695869 41.781429217911)"
"5a4515de9cda663757773984c68616845e0511c59f85bc2437067e2f81f6a20b9c33f94754148220f52208a22651a12b250ad08134fd4d66207d50f72d1dd3f7",,"2026-02-09T16:55:00.000","30","TRAFFIC SIGNAL","FUNCTIONING PROPERLY","CLEAR","DAYLIGHT","SIDESWIPE SAME DIRECTION","NOT DIVIDED",,"STRAIGHT AND LEVEL","DRY","WORN SURFACE","ON SCENE","NO INJURY / DRIVE AWAY","Y",,,"$500 OR LESS","2026-02-09T16:57:00.000","RELATED TO BUS STOP","NOT APPLICABLE","1404","W","47TH ST","924",,,,,,,"2","NO INDICATION OF INJURY","0","0","0","0","0","3","0","16","2","2","41.8087756981","-87.6603505783","POINT (-87.660350578323 41.80877569813)"
"5379df075134f00fb2d97cb377c7437813f104ebec667b65d464730ae076a4ac410137231cb7f0ecad2e22f080c7c63b9d5df25ee529f64bd0a6a2b0e87cbc55",,"2026-02-09T16:54:00.000","30","TRAFFIC SIGNAL","FUNCTIONING PROPERLY","CLEAR","DAYLIGHT","PEDALCYCLIST","FOUR WAY",,"STRAIGHT AND LEVEL","DRY","NO DEFECTS","ON SCENE","NO INJURY / DRIVE AWAY","Y",,,"OVER $1,500","2026-02-09T16:55:00.000","BICYCLE ADVANCING LEGALLY ON RED LIGHT","NOT APPLICABLE","2801","W","PETERSON AVE","2011",,,,,,,"2","NO INDICATION OF INJURY","0","0","0","0","0","2","0","16","2","2","41.9903325587","-87.6994621162","POINT (-87.699462116166 41.990332558688)"
"b86d91e984507919f3aa15567a89864a9d8d411bb01d8d5fc1e5b1da557d5c8c2289b1167f7f145950cfbb329f885b184f46e7d10fb6e828b01ae757cac1f305",,"2026-02-09T16:54:00.000","30","STOP SIGN/FLASHER","FUNCTIONING PROPERLY","UNKNOWN","DAYLIGHT","PEDESTRIAN","T-INTERSECTION",,"STRAIGHT AND LEVEL","UNKNOWN","UNKNOWN","NOT ON SCENE (DESK REPORT)","NO INJURY / DRIVE AWAY","Y",,,"$501 - $1,500","2026-02-11T17:50:00.000","UNABLE TO DETERMINE","NOT APPLICABLE","900","N","DEARBORN ST","1832",,,,,,,"2","NO INDICATION OF INJURY","0","0","0","0","0","2","0","16","2","2","41.8991509334","-87.62998619","POINT (-87.629986190028 41.89915093335)"
"d23a871faa83f609d9582afe4f8c06a26684b66997d28ff8d982f2cd507155881939115e70eea3bfd9042b61cf3df08f9f1b9290052ee29617138e07924345d4",,"2026-02-09T16:46:00.000","15","NO CONTROLS","NO CONTROLS","CLEAR","DUSK","ANGLE","PARKING LOT",,"STRAIGHT AND LEVEL","DRY","NO DEFECTS","NOT ON SCENE (DESK REPORT)","NO INJURY / DRIVE AWAY",,"Y",,"OVER $1,500","2026-02-09T18:00:00.000","IMPROPER BACKING","UNABLE TO DETERMINE","2323","W","MADISON ST","1223",,,,,,,"2","NO INDICATION OF INJURY","0","0","0","0","0","2","0","16","2","2","41.8810753204","-87.6849240912","POINT (-87.684924091188 41.881075320384)"
"c35ce208b27dc56a01ba0878fcb4bdaf6da6784880e70d85762d72c24bb5b6e32a859e4634214a35a47c52914f99e4cc542019854b3d0723757de4bb19fe592b",,"2026-02-09T16:45:00.000","30","STOP SIGN/FLASHER","NO CONTROLS","CLEAR","DAYLIGHT","TURNING","FOUR WAY",,"STRAIGHT AND LEVEL","WET","NO DEFECTS","ON SCENE","NO INJURY / DRIVE AWAY","Y",,,"$500 OR LESS","2026-02-09T16:51:00.000","UNABLE TO DETERMINE","UNABLE TO DETERMINE","626","E","87TH ST","632","Y","Y",,,,,"2","NO INDICATION OF INJURY","0","0","0","0","0","4","0","16","2","2","41.7367056778","-87.6085844427","POINT (-87.60858444273 41.736705677796)"
"0add6eafadfc0ed3806fe9309a1a71967fb98b6892edafe2a8c187e98fd51c1849c34d26afb9531c6a8f1db47405bdf5a383b769f838ebc4a523979647a4ccda",,"2026-02-09T16:40:00.000","30","STOP SIGN/FLASHER","FUNCTIONING PROPERLY","CLEAR","DAYLIGHT","ANGLE","Y-INTERSECTION",,"STRAIGHT AND LEVEL","DRY","UNKNOWN","ON SCENE","INJURY AND / OR TOW DUE TO CRASH","Y",,,"OVER $1,500","2026-02-09T16:41:00.000","FAILING TO YIELD RIGHT-OF-WAY","NOT APPLICABLE","9200","S","LUELLA AVE","413",,,,,,,"2","NONINCAPACITATING INJURY","2","0","0","2","0","0","0","16","2","2","41.7279704702","-87.5695553513","POINT (-87.569555351345 41.727970470223)"
"e771c806e526d4c794d221693f55d2360ae67f358fa1a43d36304a65ff5440c17e9a33b18cbd7f42ab49b99c23ec60a7e8a161e263d1e99c897b017a973925d1",,"2026-02-09T16:39:00.000","30","NO CONTROLS","NO CONTROLS","CLEAR","DAYLIGHT","TURNING","DIVIDED - W/MEDIAN (NOT RAISED)",,"STRAIGHT AND LEVEL","DRY","NO DEFECTS","ON SCENE","NO INJURY / DRIVE AWAY",,,,"OVER $1,500","2026-02-09T16:40:00.000","FAILING TO REDUCE SPEED TO AVOID CRASH","IMPROPER TURNING/NO SIGNAL","4116","W","BELMONT AVE","1731",,,,,,,"2","NO INDICATION OF INJURY","0","0","0","0","0","2","0","16","2","2","41.939163044","-87.7303599623","POINT (-87.730359962265 41.939163043979)"
"3f4c960a95fb6dfe64da688f2cc96edc787c8e0b5f26648898d9e1cd9aee042eb2c2ed8a4b9373d5945812ee0e3fdfc613a6ac3e6ebc125b680086b1c2a60520","Y","2026-02-09T16:30:00.000","30","NO CONTROLS","NO CONTROLS","CLEAR","DAYLIGHT","OTHER OBJECT","NOT DIVIDED",,"STRAIGHT AND LEVEL","UNKNOWN","UNKNOWN","NOT ON SCENE (DESK REPORT)","INJURY AND / OR TOW DUE TO CRASH",,,,"OVER $1,500","2026-02-11T17:00:00.000","IMPROPER TURNING/NO SIGNAL","NOT APPLICABLE","2903","N","CLARK ST","1934",,,,,,,"2","NONINCAPACITATING INJURY","1","0","0","1","0","1","0","16","2","2","41.9349811777","-87.6464807162","POINT (-87.646480716187 41.934981177742)"
"34d64839e99191258dabe2ab1e954bc9fa2a5e5675f8165978e02fd232ec322d862b7dd61536cde855bd185f09291df002081c17f95ba64720f9500937bbe690",,"2026-02-09T16:29:00.000","45","NO CONTROLS","NO CONTROLS","CLEAR","DAYLIGHT","SIDESWIPE SAME DIRECTION","UNKNOWN",,"STRAIGHT AND LEVEL","DRY","NO DEFECTS","NOT ON SCENE (DESK REPORT)","NO INJURY / DRIVE AWAY",,,,"OVER $1,500","2026-02-16T17:20:00.000","IMPROPER LANE USAGE","UNABLE TO DETERMINE","1800","S","LAKE SHORE DR SB","132",,,,,,,"2","NO INDICATION OF INJURY","0","0","0","0","0","3","0","16","2","2","41.8578490871","-87.6168408794","POINT (-87.616840879395 41.857849087118)"
"cd1746c251483ebc539ee7686ee33800182b5de40142c7eca243d53770c0558ceaff4fb353bd6a393a9729eab8d1f0eb49621be2ed003c3eb5e58375c3082eba",,"2026-02-09T16:27:00.000","30","NO CONTROLS","NO CONTROLS","CLEAR","DAYLIGHT","PARKED MOTOR VEHICLE","NOT DIVIDED",,"STRAIGHT AND LEVEL","DRY","NO DEFECTS","ON SCENE","INJURY AND / OR TOW DUE TO CRASH",,,,"OVER $1,500","2026-02-09T16:27:00.000","DISTRACTION - FROM INSIDE VEHICLE","NOT APPLICABLE","1915","N","NARRAGANSETT AVE","2513",,,,,,,"2","NONINCAPACITATING INJURY","1","0","0","1","0","0","0","16","2","2","41.9150816515","-87.7850450131","POINT (-87.785045013143 41.915081651474)"
"b41da2c92032cc6e1f8df26cd89ee0295773fa4f69fc8c63e8b5356174c7b81e4ce79ff026f623dc7389f30d4a9c4febb30c19ad85e61bb0fa548ad794ea2bff",,"2026-02-09T16:20:00.000","25","NO CONTROLS","NO CONTROLS","CLEAR","DAYLIGHT","SIDESWIPE SAME DIRECTION","NOT DIVIDED",,"STRAIGHT AND LEVEL","DRY","NO DEFECTS","NOT ON SCENE (DESK REPORT)","NO INJURY / DRIVE AWAY",,,"Y","OVER $1,500","2026-02-09T17:00:00.000","UNABLE TO DETERMINE","UNABLE TO DETERMINE","5100","S","STATE ST","225",,,,,,,"2","NO INDICATION OF INJURY","0","0","0","0","0","2","0","16","2","2","41.8018902979","-87.6260352641","POINT (-87.626035264137 41.801890297885)"
"352b4c49b6393b2625863aa9c6e2934ee8e7112f1a794428564776a95b41a074066b58d997d771e90b79fbba845b6ea8248d798a72b355eb08516372bd663487",,"2026-02-09T16:17:00.000","30","NO CONTROLS","NO CONTROLS","CLEAR","DAYLIGHT","FIXED OBJECT","NOT DIVIDED",,"STRAIGHT AND LEVEL","DRY","NO DEFECTS","ON SCENE","INJURY AND / OR TOW DUE TO CRASH",,,,"OVER $1,500","2026-02-09T16:17:00.000","UNABLE TO DETERMINE","UNABLE TO DETERMINE","8125","S","HALSTED ST","622",,,,,,,"1","REPORTED, NOT EVIDENT","1","0","0","0","1","0","0","16","2","2","41.7462362717","-87.6437660378","POINT (-87.643766037833 41.74623627172)"
"5287bbbd3dd66170f01d2170013877d76baf3584e45480d43072f0c995bbae7a409437c5a978b2a63d4a92e8e343fe5d96d6fd805ee106e1b8b7a5318d17aa3b","Y","2026-02-09T16:14:00.000","30","STOP SIGN/FLASHER","FUNCTIONING PROPERLY","CLEAR","DAYLIGHT","ANGLE","FOUR WAY",,"STRAIGHT AND LEVEL","DRY","NO DEFECTS","ON SCENE","INJURY AND / OR TOW DUE TO CRASH","Y",,,"OVER $1,500","2026-02-09T16:34:00.000","UNABLE TO DETERMINE","UNABLE TO DETERMINE","1098","W","83RD ST","613",,,,,,,"2","NO INDICATION OF INJURY","0","0","0","0","0","5","0","16","2","2","41.7433613454","-87.651057092","POINT (-87.651057092041 41.743361345427)"
"e7a16470d2ed4dc9266a5a2b5f2fad76091e92813468728ff6a2e16a6f900c809503ea01a6951bad9ff4fc148a0e2f8d5a921c7fe275d00d798d2ab58321e212",,"2026-02-09T16:10:00.000","30","NO CONTROLS","NO CONTROLS","CLEAR","DAYLIGHT","SIDESWIPE SAME DIRECTION","DIVIDED - W/MEDIAN (NOT RAISED)",,"STRAIGHT AND LEVEL","DRY","NO DEFECTS","NOT ON SCENE (DESK REPORT)","NO INJURY / DRIVE AWAY",,,,"$501 - $1,500","2026-02-09T17:00:00.000","UNABLE TO DETERMINE","UNABLE TO DETERMINE","9122","S","ASHLAND AVE","2221",,,,,,,"2","NO INDICATION OF INJURY","0","0","0","0","0","4","0","16","2","2","41.7277695938","-87.6629790714","POINT (-87.662979071432 41.727769593784)"
"fbdd51128b2eb5eb4ac9909865967196c5695fe47a51c9c5437f66ca74465160c099be7e85a176198ed74c97b5561fdd2112c679357f4cb648a482565f4da2a1",,"2026-02-09T16:10:00.000","30","NO CONTROLS","NO CONTROLS","CLEAR","DAYLIGHT","SIDESWIPE SAME DIRECTION","DIVIDED - W/MEDIAN (NOT RAISED)",,"STRAIGHT AND LEVEL","DRY","NO DEFECTS","NOT ON SCENE (DESK REPORT)","NO INJURY / DRIVE AWAY",,,"Y","OVER $1,500","2026-02-09T16:25:00.000","IMPROPER OVERTAKING/PASSING","NOT APPLICABLE","6701","S","PULASKI RD","833",,,,,,,"2","NO INDICATION OF INJURY","0","0","0","0","0","2","0","16","2","2","41.7713304727","-87.7224281786","POINT (-87.72242817856 41.771330472676)"
"6505accea90178d1d111dddfc8adf3542c4578352b5ae5cc97c4aaed0b75d94412cb4ec0d9d85c2c12e09435f47f7bb0adca8d4fdc7507b39f88475782f1cf37",,"2026-02-09T16:07:00.000","15","OTHER","NO CONTROLS","CLEAR","DAYLIGHT","REAR END","OTHER",,"STRAIGHT AND LEVEL","DRY","NO DEFECTS","NOT ON SCENE (DESK REPORT)","NO INJURY / DRIVE AWAY",,,"Y","OVER $1,500","2026-02-09T17:14:00.000","UNABLE TO DETERMINE","UNABLE TO DETERMINE","1801","W","TAYLOR ST","1231",,,,,,,"2","NO INDICATION OF INJURY","0","0","0","0","0","2","0","16","2","2","41.8690832526","-87.6715316916","POINT (-87.671531691578 41.869083252589)"
"7c324143621c0d84dbbcc0282180413a5c9d99871a287857ba458c2479a2d5ed6f655ea9fb2b4a3ed799c18a55e63a3eb06b05bd4eccffaf3cc7702706649508","Y","2026-02-09T16:00:00.000","25","NO CONTROLS","NO CONTROLS","CLEAR","DAYLIGHT","PARKED MOTOR VEHICLE","ONE-WAY",,"STRAIGHT AND LEVEL","DRY","NO DEFECTS","NOT ON SCENE (DESK REPORT)","NO INJURY / DRIVE AWAY",,,"Y","OVER $1,500","2026-02-09T19:05:00.000","UNABLE TO DETERMINE","UNABLE TO DETERMINE","7721","S","EGGLESTON AVE","621",,,,,,,"2","NO INDICATION OF INJURY","0","0","0","0","0","1","0","16","2","2","41.7537320908","-87.6354452914","POINT (-87.635445291392 41.753732090841)"