"crash_record_id","crash_date_est_i","crash_date","posted_speed_limit","traffic_control_device","device_condition","weather_condition","lighting_condition","first_crash_type","trafficway_type","lane_cnt","alignment","roadway_surface_cond","road_defect","report_type","crash_type","intersection_related_i","private_property_i","hit_and_run_i","damage","date_police_notified","prim_contributory_cause","sec_contributory_cause","street_no","street_direction","street_name","beat_of_occurrence","photos_taken_i","statements_taken_i","dooring_i","work_zone_i","work_zone_type","workers_present_i","num_units","most_severe_injury","injuries_total","injuries_fatal","injuries_incapacitating","injuries_non_incapacitating","injuries_reported_not_evident","injuries_no_indication","injuries_unknown","crash_hour","crash_day_of_week","crash_month","latitude","longitude","location"
"d40c8d4b86710a4fb758070d78b837c50045b0598a013f9883f6e177fc448cbdf95350c1f0e00b8a7800d54e08ced30c85c9225651ef6d3d64c701220233ee9e",,"2026-02-09T16:00:00.000","0","NO CONTROLS","NO CONTROLS","CLEAR","DAYLIGHT","REAR TO FRONT","OTHER",,"STRAIGHT AND LEVEL","WET","NO DEFECTS","ON SCENE","NO INJURY / DRIVE AWAY",,,"Y","OVER $1,500","2026-02-09T16:48:00.000","UNABLE TO DETERMINE","NOT APPLICABLE","5608","W","ROOSEVELT RD","1513",,,,,,,"2","NO INDICATION OF INJURY","0","0","0","0","0","2","0","16","2","2","41.8657002413","-87.7647115924","POINT (-87.764711592433 41.865700241281)"
"4c48a30346043520f4c26f1c771f871ddd4f6b23bb94c1419371952407d2683737f4f0b52bdeec76a263d7e1c8c483dc476f439fee5dc8641f68682e5123ef38",,"2026-02-09T15:56:00.000","15","NO CONTROLS","NO CONTROLS","CLEAR","DAYLIGHT","SIDESWIPE SAME DIRECTION","PARKING LOT",,"STRAIGHT AND LEVEL","DRY","UNKNOWN","ON SCENE","NO INJURY / DRIVE AWAY",,"Y","Y","$501 - $1,500","2026-02-09T15:57:00.000","UNABLE TO DETERMINE","NOT APPLICABLE","4234","N","KEDZIE AVE","1724",,,,,,,"2","NO INDICATION OF INJURY","0","0","0","0","0","3","0","15","2","2","41.9585967247","-87.7083095759","POINT (-87.708309575895 41.958596724683)"
"f98b87466ac8ffe5a0c69c072b1cfcdc3997f99ee7c1663e1126a3fc80ee2e605d221f518665595854a0bde075bc22fd122a85909aae228e0a871656bde224ad",,"2026-02-09T15:55:00.000","25","NO CONTROLS","NO CONTROLS","CLEAR","DAYLIGHT","PEDESTRIAN","NOT DIVIDED",,"STRAIGHT AND LEVEL","DRY","NO DEFECTS","ON SCENE","INJURY AND / OR TOW DUE TO CRASH",,,,"$500 OR LESS","2026-02-09T16:00:00.000","FAILING TO YIELD RIGHT-OF-WAY","NOT APPLICABLE","117","N","DAMEN AVE","1223",,,,,,,"2","NONINCAPACITATING INJURY","2","0","0","1","1","0","0","15","2","2","41.8836687488","-87.6765579873","POINT (-87.676557987312 41.883668748832)"
"844da0a6d4d26e60ed7f6a7ec01eafeb96ccfc5f37b8cdf03fb30eda222ea3a128811801b733f8df5b6fee910dc64decd016ff3565c7ef2c02ada1b53d1b3966",,"2026-02-09T15:54:00.000","30","UNKNOWN","OTHER","UNKNOWN","UNKNOWN","PARKED MOTOR VEHICLE","NOT DIVIDED",,"STRAIGHT ON GRADE","UNKNOWN","UNKNOWN","NOT ON SCENE (DESK REPORT)","NO INJURY / DRIVE AWAY",,,"Y","$500 OR LESS","2026-02-09T16:15:00.000","DRIVING SKILLS/KNOWLEDGE/EXPERIENCE","UNABLE TO DETERMINE","6701","S","MORGAN ST","723",,,,,,,"2","NO INDICATION OF INJURY","0","0","0","0","0","1","0","15","2","2","41.7723155459","-87.649306067","POINT (-87.649306067031 41.772315545939)"
"cea87d850e9dae4a81744e35bcaa0f3597f155d4ff28795db6a4f10784dcc640d8cd4eee79c403215854f241d14724e5ee6e5ad8c513c2e91128ca9b75f050d4",,"2026-02-09T15:50:00.000","30","TRAFFIC SIGNAL","UNKNOWN","CLEAR","DAYLIGHT","HEAD ON","NOT DIVIDED",,"STRAIGHT AND LEVEL","DRY","UNKNOWN","NOT ON SCENE (DESK REPORT)","NO INJURY / DRIVE AWAY",,,"Y","OVER $1,500","2026-02-09T17:30:00.000","UNABLE TO DETERMINE","UNABLE TO DETERMINE","7054","S","SOUTH SHORE DR","331",,,,,,,"2","NO INDICATION OF INJURY","0","0","0","0","0","2","0","15","2","2","41.7664817254","-87.5666198196","POINT (-87.566619819593 41.766481725352)"
"ed4adbe161476ea9e40376344850a5ee25112792e4d1ad3fda0015afd38603a11a47c73acd7ad00614a12bd13219cd04bba7968c563bd433e0de737ec9d33f3b",,"2026-02-09T15:48:00.000","30","NO CONTROLS","NO CONTROLS","CLEAR","DAYLIGHT","PARKED MOTOR VEHICLE","NOT DIVIDED",,"STRAIGHT AND LEVEL","DRY","NO DEFECTS","ON SCENE","NO INJURY / DRIVE AWAY",,,"Y","OVER $1,500","2026-02-09T16:18:00.000","UNABLE TO DETERMINE","NOT APPLICABLE","6918","S","MORGAN ST","733",,,,,,,"2","NO INDICATION OF INJURY","0","0","0","0","0","1","0","15","2","2","41.7681654915","-87.6494874389","POINT (-87.649487438907 41.768165491547)"
"e3d7cf8f09f5e3cca419909987a5a38e831a77405e7e7d8ee9a97c65a4fb719dac2905da39b2f28f7738d259cb3c1c3538c517a29c32bde4d256af933d231c31",,"2026-02-09T15:46:00.000","30","TRAFFIC SIGNAL","FUNCTIONING PROPERLY","CLEAR","DAYLIGHT","TURNING","FOUR WAY",,"STRAIGHT AND LEVEL","DRY","NO DEFECTS","ON SCENE","INJURY AND / OR TOW DUE TO CRASH","Y",,"Y","OVER $1,500","2026-02-09T16:09:00.000","UNABLE TO DETERMINE","UNABLE TO DETERMINE","3502","S","WESTERN BLVD","911",,,,,,,"3","REPORTED, NOT EVIDENT","1","0","0","0","1","2","0","15","2","2","41.8301725892","-87.6846031452","POINT (-87.684603145178 41.83017258924)"
"43e9287542ed60773cdcf90b5cfd8101538547775fc839a79584fcf8c074ac129437a0c2e98222729ad96f86e89c4a768257f4b30eb44b4f8a8da78f427a01d6","Y","2026-02-09T15:45:00.000","30","NO CONTROLS","NO CONTROLS","CLEAR","DAYLIGHT","TURNING","FOUR WAY",,"STRAIGHT AND LEVEL","DRY","NO DEFECTS","ON SCENE","NO INJURY / DRIVE AWAY","Y",,,"OVER $1,500","2026-02-09T15:54:00.000","IMPROPER TURNING/NO SIGNAL","UNABLE TO DETERMINE","3899","N","HARLEM AVE","1632",,,,,,,"2","NO INDICATION OF INJURY","0","0","0","0","0","2","0","15","2","2","41.9506387112","-87.8070486558","POINT (-87.807048655792 41.950638711206)"
"4e7548c1e190f789968875627a0a0e37774cfbf14920bc8622d18c7efd1903c0af32741f16d8892e7d3a6a5153e8a24ba701d8442dd9147d297c6b8fdb3aca74",,"2026-02-09T15:42:00.000","30","TRAFFIC SIGNAL","FUNCTIONING PROPERLY","CLEAR","DAYLIGHT","ANGLE","NOT DIVIDED",,"STRAIGHT AND LEVEL","DRY","NO DEFECTS","ON SCENE","INJURY AND / OR TOW DUE TO CRASH",,,,"OVER $1,500","2026-02-09T15:42:00.000","UNABLE TO DETERMINE","NOT APPLICABLE","5204","N","SHERIDAN RD","2023",,,,,,,"2","NO INDICATION OF INJURY","0","0","0","0","0","2","0","15","2","2","41.9765984032","-87.6551406672","POINT (-87.655140667239 41.976598403185)"
"51ce65ec606b53ff01aba8c17c22f7d9de14a4c6b226c9239444b5f68c2a24826f00a4670a2db83f95528f61a6b70a59a333d6b16d460c1737cb1bff17509504",,"2026-02-09T15:40:00.000","30","TRAFFIC SIGNAL","FUNCTIONING PROPERLY","CLEAR","DAYLIGHT","ANGLE","FOUR WAY",,"STRAIGHT AND LEVEL","DRY","NO DEFECTS","ON SCENE","NO INJURY / DRIVE AWAY","Y",,"Y","OVER $1,500","2026-02-09T15:50:00.000","DISREGARDING TRAFFIC SIGNALS","OPERATING VEHICLE IN ERRATIC, RECKLESS, CARELESS, NEGLIGENT OR AGGRESSIVE MANNER","3199","W","ADDISON ST","1733",,"Y",,,,,"3","NO INDICATION OF INJURY","0","0","0","0","0","3","0","15","2","2","41.9465219711","-87.70775808","POINT (-87.707758079983 41.946521971142)"
"d7dfb52ef57c4f46beef078506aea72bb84551c84c31287727994d97b6564d312f1e961199272d16cf2d6dd6e9b3d918712f88888369bf49129c65eca45a077b",,"2026-02-09T15:35:00.000","30","NO CONTROLS","NO CONTROLS","CLEAR","DAYLIGHT","SIDESWIPE SAME DIRECTION","NOT DIVIDED",,"STRAIGHT AND LEVEL","UNKNOWN","UNKNOWN","NOT ON SCENE (DESK REPORT)","NO INJURY / DRIVE AWAY",,,"Y","OVER $1,500","2026-02-09T16:30:00.000","FAILING TO YIELD RIGHT-OF-WAY","NOT APPLICABLE","1916","S","ASHLAND AVE","1234",,,,,,,"2","NO INDICATION OF INJURY","0","0","0","0","0","2","0","15","2","2","41.8554241493","-87.6662278405","POINT (-87.666227840472 41.855424149319)"
"3c77eb044d156471cd0ef28746c2bd6812ec86ce3954079f181f8a60b9fcc0315a5861bb3dd9a54cbd41f2da94855b6733a480752232c7977013fd85f10a2b85",,"2026-02-09T15:30:00.000","30","TRAFFIC SIGNAL","FUNCTIONING PROPERLY","CLEAR","DAYLIGHT","REAR END","NOT DIVIDED",,"STRAIGHT AND LEVEL","DRY","UNKNOWN",,"NO INJURY / DRIVE AWAY",,,,"OVER $1,500","2026-02-09T15:32:00.000","FAILING TO REDUCE SPEED TO AVOID CRASH","FOLLOWING TOO CLOSELY","202","N","WESTERN AVE","1222",,,,,,,"2","NO INDICATION OF INJURY","0","0","0","0","0","4","0","15","2","2","41.88474311","-87.6866781122","POINT (-87.686678112178 41.884743110021)"
"c8cca8a0a3feb59b5cd0da8a8d81a385a0b76885252d35fe09ef852487eb3ba081ac27defdd4ea18be6f39d6b56a23d7f4c8b61731b31ca61324ef756e1bc65d",,"2026-02-09T15:30:00.000","30","NO CONTROLS","NO CONTROLS","CLEAR","DAYLIGHT","REAR END","NOT DIVIDED",,"STRAIGHT AND LEVEL","DRY","NO DEFECTS","NOT ON SCENE (DESK REPORT)","NO INJURY / DRIVE AWAY","Y",,,"$501 - $1,500","2026-02-09T15:50:00.000","FOLLOWING TOO CLOSELY","NOT APPLICABLE","5159","W","NORTH AVE","2533",,,,,,,"2","NO INDICATION OF INJURY","0","0","0","0","0","2","0","15","2","2","41.9093921742","-87.7557390835","POINT (-87.755739083512 41.909392174189)"
"3b0d27977a31e4762cef0da9b00acea15785b2b0ef1436d31517b946c4669cd4422644606c6fa81f6f0cd3371a2029a38b17819bb7954192f361dd5d458b6ad3",,"2026-02-09T15:29:00.000","30","NO CONTROLS","NO CONTROLS","CLEAR","DAYLIGHT","REAR END","NOT DIVIDED",,"STRAIGHT AND LEVEL","DRY","NO DEFECTS","ON SCENE","NO INJURY / DRIVE AWAY",,,,"$501 - $1,500","2026-02-09T15:47:00.000","UNABLE TO DETERMINE","UNABLE TO DETERMINE","2108","W","FULLERTON AVE","1432",,,,,,,"3","NO INDICATION OF INJURY","0","0","0","0","0","3","0","15","2","2","41.9250985613","-87.6808491759","POINT (-87.680849175942 41.925098561348)"
"ca8f88194e70b3461dae26e3c25a18998f281caf28d3ee3d5ce285055d45e17697d1459dc32c288fd3f6405cc010d5a59787a1e4fca7a9fddb8a5ffc65344aa0",,"2026-02-09T15:23:00.000","30","TRAFFIC SIGNAL","FUNCTIONING PROPERLY","CLEAR","DAYLIGHT","REAR END","NOT DIVIDED",,"STRAIGHT AND LEVEL","DRY","NO DEFECTS","ON SCENE","NO INJURY / DRIVE AWAY",,,,"OVER $1,500","2026-02-09T15:23:00.000","FOLLOWING TOO CLOSELY","DRIVING SKILLS/KNOWLEDGE/EXPERIENCE","955","N","HOMAN AVE","1121",,,,,,,"3","NO INDICATION OF INJURY","0","0","0","0","0","6","0","15","2","2","41.8989825168","-87.7114033755","POINT (-87.711403375502 41.898982516782)"
"5847cd248a66ac97345d628bc1d3f321942c1d7366198a66902d3e7244031add2cb7ee48b4118b2c2c7884d75b5efb5b341bdcb60470fab8c4c7d35059b9cbba","N","2026-02-09T15:20:00.000","30","NO CONTROLS","NO CONTROLS","CLEAR","DAYLIGHT","TURNING","T-INTERSECTION",,"STRAIGHT AND LEVEL","DRY","UNKNOWN","ON SCENE","INJURY AND / OR TOW DUE TO CRASH","Y",,,"OVER $1,500","2026-02-09T15:21:00.000","FAILING TO YIELD RIGHT-OF-WAY","UNABLE TO DETERMINE","6101","N","WESTERN AVE","2413",,,,,,,"2","INCAPACITATING INJURY","2","0","2","0","0","0","0","15","2","2","41.9923669505","-87.6895605877","POINT (-87.689560587667 41.99236695049)"
"1c973a1d3d155613c5125dce2cd99d19dabdb2fec38b7c5828c1a062e7aa3f6aa02bb6ae3a1e76dc174912b9dfc3877149a9bdd2510071b15710412698b5f050",,"2026-02-09T15:18:00.000","20","SCHOOL ZONE","NO CONTROLS","CLEAR","DAYLIGHT","SIDESWIPE SAME DIRECTION","ONE-WAY",,"STRAIGHT AND LEVEL","DRY","NO DEFECTS","ON SCENE","INJURY AND / OR TOW DUE TO CRASH",,,,"$500 OR LESS","2026-02-09T15:23:00.000","UNABLE TO DETERMINE","UNABLE TO DETERMINE","4837","W","ERIE ST","1532",,,,,,,"2","REPORTED, NOT EVIDENT","1","0","0","0","1","1","0","15","2","2","41.8921465461","-87.7472757016","POINT (-87.747275701631 41.892146546144)"
"14fa8ce17a790a8f9f2d9347db0f8de367345d69de4f88b2047ddf81193e76cefb201ab74d1c793a775f0cd51c4c5a0506eb262281c93c9ba7c204612006f950",,"2026-02-09T15:15:00.000","30","UNKNOWN","UNKNOWN","UNKNOWN","UNKNOWN","PEDALCYCLIST","NOT REPORTED",,"STRAIGHT AND LEVEL","UNKNOWN","UNKNOWN","NOT ON SCENE (DESK REPORT)","INJURY AND / OR TOW DUE TO CRASH",,,,"$501 - $1,500","2026-02-09T21:30:00.000","UNABLE TO DETERMINE","UNABLE TO DETERMINE","2255","E","103RD ST","434",,,"Y",,,,"2","NONINCAPACITATING INJURY","2","0","0","2","0","0","0","15","2","2","41.7079332906","-87.5683491228","POINT (-87.568349122821 41.707933290572)"
"cb224d2c4025934c23c885f07d8a2748e5020cae639894f49604bf3f3b85c8f5a331fbb2cb42d7155aa0eed44b2c2c35b4a87d1d68e097b2bec6f876d987dd92","Y","2026-02-09T15:15:00.000","25","NO CONTROLS","NO CONTROLS","CLEAR","DAYLIGHT","TURNING","ONE-WAY",,"STRAIGHT AND LEVEL","DRY","NO DEFECTS","NOT ON SCENE (DESK REPORT)","NO INJURY / DRIVE AWAY","N",,,"$500 OR LESS","2026-02-09T16:00:00.000","UNABLE TO DETERMINE","UNABLE TO DETERMINE","2100","W","WASHINGTON BLVD","1223",,,,,,,"2","NO INDICATION OF INJURY","0","0","0","0","0","2","0","15","2","2","41.8832147656","-87.6792563467","POINT (-87.679256346742 41.883214765602)"
"a1503f2a8910a4e2ab138fb8cb02207233518f89b779463b672261bbbad6473851789aed5573b66511b30c98951a8006c0965c1830f7cff31c6645d14454457d",,"2026-02-09T15:01:00.000","30","NO CONTROLS","NO CONTROLS","CLEAR","DAYLIGHT","PARKED MOTOR VEHICLE","NOT DIVIDED",,"STRAIGHT AND LEVEL","WET","UNKNOWN","ON SCENE","NO INJURY / DRIVE AWAY",,,,"OVER $1,500","2026-02-09T15:04:00.000","IMPROPER OVERTAKING/PASSING","DRIVING SKILLS/KNOWLEDGE/EXPERIENCE","6345","N","CANFIELD AVE","1612",,,,,,,"2","NO INDICATION OF INJURY","0","0","0","0","0","2","0","15","2","2","41.9962625166","-87.8214219754","POINT (-87.821421975388 41.99626251661)"
"67a81f641a986f9fda1800186d05088dcdfe92e7530e4a1ae6b2e4b736ca328f099e90581149e8e644c938b105e3796c2c641ccb381f988dc420549e5f24a098",,"2026-02-09T15:00:00.000","30","TRAFFIC SIGNAL","FUNCTIONING PROPERLY","CLEAR","DAYLIGHT","SIDESWIPE SAME DIRECTION","DIVIDED - W/MEDIAN BARRIER",,"STRAIGHT AND LEVEL","DRY","NO DEFECTS","NOT ON SCENE (DESK REPORT)","NO INJURY / DRIVE AWAY",,,,"$501 - $1,500","2026-02-09T21:00:00.000","UNABLE TO DETERMINE","NOT APPLICABLE","9400","S","STONY ISLAND AVE","413",,,,,,,"2","NO INDICATION OF INJURY","0","0","0","0","0","2","0","15","2","2","41.7240747838","-87.5853032325","POINT (-87.585303232497 41.724074783765)"
"e155db4f66439a542250b2c243f36df2f864a8445a7cbe6e00c0bedd45bfd3efcc3d69558714c26bd52e8e7a4e7d61156f4ee5d2ea24777beef8a369eb537daa",,"2026-02-09T15:00:00.000","30","NO CONTROLS","NO CONTROLS","CLEAR","DAYLIGHT","REAR END","NOT DIVIDED",,"STRAIGHT AND LEVEL","DRY","NO DEFECTS","NOT ON SCENE (DESK REPORT)","NO INJURY / DRIVE AWAY",,,"Y","$501 - $1,500","2026-02-10T08:50:00.000","UNABLE TO DETERMINE","NOT APPLICABLE","3548","N","CICERO AVE","1634",,,,,,,"2","NO INDICATION OF INJURY","0","0","0","0","0","2","0","15","2","2","41.9457232406","-87.7471975312","POINT (-87.747197531232 41.945723240617)"
"f4e1f156d48469dd44882e26118e560f66d74d828075de8549696cee8d39a3dfa9135d47e0b2c8b4ee1a1e8390af1d4d0d5eff33a62a8f580bb2e417e186ec25",,"2026-02-09T15:00:00.000","30","TRAFFIC SIGNAL","FUNCTIONING PROPERLY","CLEAR","DARKNESS, LIGHTED ROAD","ANGLE","NOT DIVIDED",,"STRAIGHT AND LEVEL","UNKNOWN","UNKNOWN","ON SCENE","INJURY AND / OR TOW DUE TO CRASH","Y",,,"OVER $1,500","2026-02-09T15:12:00.000","UNABLE TO DETERMINE","UNABLE TO DETERMINE","703","S","LARAMIE AVE","1533",,,,,,,"2","NO INDICATION OF INJURY","0","0","0","0","0","2","0","15","2","2","41.8718236001","-87.7546152882","POINT (-87.754615288206 41.871823600131)"
"ca9356ad83dc42f54d06cf0708a4407dc784860e97924d3fd69ef0ae391e6208c3dabbe2407d66500fadf8d70b32ef9875ecbddd3677fd474e918f02377951fb",,"2026-02-09T14:55:00.000","30","NO CONTROLS","NO CONTROLS","CLEAR","DAYLIGHT","PARKED MOTOR VEHICLE","NOT DIVIDED",,"STRAIGHT AND LEVEL","DRY","UNKNOWN","ON SCENE","NO INJURY / DRIVE AWAY",,,,"OVER $1,500","2026-02-09T14:58:00.000","UNABLE TO DETERMINE","NOT APPLICABLE","6039","W","IRVING PARK RD","1633",,,,,,,"2","NO INDICATION OF INJURY","0","0","0","0","0","1","0","14","2","2","41.9529158585","-87.7783726043","POINT (-87.778372604269 41.952915858496)"
"55db41b00a9f6fe67ec8984163a0c9bd88cbc477940d8fccc01a647d052a01e9524251da60d228e2464fa581d58baaa041d99bbcce9033fa56174879718e069e",,"2026-02-09T14:40:00.000","30","NO CONTROLS","NO CONTROLS","CLEAR","DAYLIGHT","PARKED MOTOR VEHICLE","DIVIDED - W/MEDIAN (NOT RAISED)",,"STRAIGHT AND LEVEL","DRY","NO DEFECTS","NOT ON SCENE (DESK REPORT)","NO INJURY / DRIVE AWAY",,,"Y","$500 OR LESS","2026-02-09T22:15:00.000","UNABLE TO DETERMINE","NOT APPLICABLE","4930","N","LINCOLN AVE","2031",,,,,,,"2","NO INDICATION OF INJURY","0","0","0","0","0","2","0","14","2","2","41.9715798513","-87.6906199452","POINT (-87.690619945213 41.97157985128)"
"03d443fc03cf6b0e8689bdc599bc7b8f4be063aab255ef273ce46c9bb6a920118b493e9e5b66f1100cfe8f7570ec0c85273ec4f525e417b41395c3d5fc8d0df3",,"2026-02-09T14:30:00.000","30","TRAFFIC SIGNAL","FUNCTIONING PROPERLY","CLEAR","DAYLIGHT","TURNING","NOT DIVIDED",,"STRAIGHT AND LEVEL","DRY","NO DEFECTS","ON SCENE","NO INJURY / DRIVE AWAY","Y",,,"OVER $1,500","2026-02-09T14:55:00.000","UNABLE TO DETERMINE","UNABLE TO DETERMINE","9501","S","HALSTED ST","2223",,,,,,,"2","NO INDICATION OF INJURY","0","0","0","0","0","2","0","14","2","2","41.7213688223","-87.6430650519","POINT (-87.643065051892 41.721368822306)"
"b1af7dd27f3849bca7ebaedf73409152c05d4bfe12ea2fcb706d228fb9681205a4e4903760c987ff6f4f9479aab6309f6294dc74b67102bc73691b53fde54343",,"2026-02-09T14:30:00.000","30","STOP SIGN/FLASHER","FUNCTIONING PROPERLY","CLEAR","DAYLIGHT","ANGLE","NOT DIVIDED",,"STRAIGHT AND LEVEL","DRY","NO DEFECTS","ON SCENE","INJURY AND / OR TOW DUE TO CRASH","Y",,,"OVER $1,500","2026-02-09T14:31:00.000","FAILING TO YIELD RIGHT-OF-WAY","NOT APPLICABLE","3757","N","HARLEM AVE","1632",,,,,,,"2","REPORTED, NOT EVIDENT","1","0","0","0","1","1","0","14","2","2","41.9487541803","-87.8069820347","POINT (-87.8069820347 41.948754180254)"
"e7f6495adf9395dfe6530121f8afefb8a714509c1e5a98925dd1a72a80a94a15ae38d95e3588abd6463f2d713ae50c09011da9e0f43ca1e0360eff383cbb6fc2",,"2026-02-09T14:30:00.000","30","STOP SIGN/FLASHER","UNKNOWN","CLEAR","DAYLIGHT","TURNING","NOT DIVIDED",,"STRAIGHT AND LEVEL","DRY","NO DEFECTS","NOT ON SCENE (DESK REPORT)","NO INJURY / DRIVE AWAY",,,"Y","OVER $1,500","2026-02-09T15:00:00.000","UNABLE TO DETERMINE","UNABLE TO DETERMINE","7556","S","SAGINAW AVE","421",,,,,,,"2","NO INDICATION OF INJURY","0","0","0","0","0","2","0","14","2","2","41.7573859361","-87.5601706752","POINT (-87.560170675248 41.75738593606)"
"702afabbe7ac155b8acb2a09add4da3558b723ba6100a29f5ced34310302cd1447dcb1133539c65f6120992d38f75fe0f6569b9ea0c151cba584be118f2c18ad",,"2026-02-09T14:28:00.000","25","NO CONTROLS","NO CONTROLS","CLEAR","DAYLIGHT","REAR END","TRAFFIC ROUTE",,"STRAIGHT AND LEVEL","DRY","NO DEFECTS","NOT ON SCENE (DESK REPORT)","NO INJURY / DRIVE AWAY",,,,"OVER $1,500","2026-02-09T14:40:00.000","FOLLOWING TOO CLOSELY","FOLLOWING TOO CLOSELY","7206","S","SOUTH SHORE DR","334",,,,,,,"2","NO INDICATION OF INJURY","0","0","0","0","0","2","0","14","2","2","41.765548179","-87.5622616712","POINT (-87.562261671154 41.765548178973)"
"9a27b8fe5e96249f92a3ba539a9df91d274e21c86c30441ba4ca4682098b2269db6cb34f78c60d3323fea788ee6340b2f97872e9fc024752d54c955ad2c5239c",,"2026-02-09T14:25:00.000","30","NO CONTROLS","NO CONTROLS","CLEAR","DAYLIGHT","ANGLE","DIVIDED - W/MEDIAN (NOT RAISED)",,"STRAIGHT AND LEVEL","DRY","NO DEFECTS","NOT ON SCENE (DESK REPORT)","NO INJURY / DRIVE AWAY",,,,"OVER $1,500","2026-02-09T15:10:00.000","UNABLE TO DETERMINE","UNABLE TO DETERMINE","500","W","31ST ST","914",,,,,,,"2","NO INDICATION OF INJURY","0","0","0","0","0","2","0","14","2","2","41.8382485399","-87.6390376973","POINT (-87.639037697323 41.838248539928)"
"ed38c70277f3fc86c3d78bafac99f54dc246bf81d57fee756adb8a8bfbd0a93a4bd0ab0552da4af08b97b4e3f17f791be0a2dacce78943843026eac6a1de8ab8",,"2026-02-09T14:20:00.000","30","NO CONTROLS","NO CONTROLS","UNKNOWN","UNKNOWN","PARKED MOTOR VEHICLE","PARKING LOT",,"STRAIGHT AND LEVEL","OTHER","UNKNOWN","NOT ON SCENE (DESK REPORT)","NO INJURY / DRIVE AWAY",,"Y","Y","$501 - $1,500","2026-02-09T15:27:00.000","FOLLOWING TOO CLOSELY","FOLLOWING TOO CLOSELY","181","N","DEARBORN ST","111",,,,,,,"2","NO INDICATION OF INJURY","0","0","0","0","0","1","0","14","2","2","41.8853504636","-87.629337393","POINT (-87.62933739296 41.88535046357)"
"5ea96ec22eb318f2063156108fd940c55a9da082fa9c7574dbc501d5bd18e765a2b942edcded4c15f75a771c6ad29e3df6bdf6842215c4d30d29d8f4f6f9c2f4",,"2026-02-09T14:11:00.000","30","NO CONTROLS","NO CONTROLS","CLEAR","DAYLIGHT","FIXED OBJECT","DIVIDED - W/MEDIAN (NOT RAISED)",,"STRAIGHT AND LEVEL","DRY","NO DEFECTS","ON SCENE","INJURY AND / OR TOW DUE TO CRASH",,,,"OVER $1,500","2026-02-09T15:03:00.000","UNABLE TO DETERMINE","NOT APPLICABLE","3401","N","WESTERN AVE","1921",,,,,,,"1","NO INDICATION OF INJURY","0","0","0","0","0","2","0","14","2","2","41.9431901418","-87.6880079956","POINT (-87.688007995585 41.943190141817)"
"5ada4e9ab2713d820a59d48fe4ce669737afc03dc262648d79b44867f8c0dc4ac0f3efeba9b17a1bb7d5fe097b03985f7232c4ba251c5887c9ec82b8d3b32eae",,"2026-02-09T14:05:00.000","30","TRAFFIC SIGNAL","FUNCTIONING PROPERLY","CLEAR","DAYLIGHT","SIDESWIPE SAME DIRECTION","NOT DIVIDED",,"STRAIGHT AND LEVEL","DRY","NO DEFECTS","NOT ON SCENE (DESK REPORT)","NO INJURY / DRIVE AWAY",,,"N","$501 - $1,500","2026-02-09T15:00:00.000","FAILING TO YIELD RIGHT-OF-WAY","IMPROPER LANE USAGE","7232","W","DEVON AVE","1612",,,,,,,"2","NO INDICATION OF INJURY","0","0","0","0","0","2","0","14","2","2","41.9976915553","-87.8079622741","POINT (-87.807962274053 41.997691555321)"
"bbfc83ad6ea223f7fc0878cfbded617fcaa91b7d036fcb05bc1ab2072ceb6e8d940928083396d83ab32f5f84dde341e3c4602406fb50c5c79e1f980703667768","Y","2026-02-09T14:05:00.000","30","STOP SIGN/FLASHER","FUNCTIONING PROPERLY","CLEAR","DAYLIGHT","TURNING","FOUR WAY",,"STRAIGHT AND LEVEL","DRY","NO DEFECTS","ON SCENE","INJURY AND / OR TOW DUE TO CRASH","Y",,,"OVER $1,500","2026-02-09T14:50:00.000","DRIVING ON WRONG SIDE/WRONG WAY","DRIVING ON WRONG SIDE/WRONG WAY","1933","W","79TH ST","611",,,,,,,"2","NO INDICATION OF INJURY","0","0","0","0","0","2","0","14","2","2","41.7501342647","-87.6721241609","POINT (-87.672124160889 41.750134264742)"
"7074f964ff502508a3a328503eccc0a758d8f9bd254d7a9deae8d8946bb31766bd2be5b0cc630ce6c882c29add5ed93accd85e5b88bc2691f25345e58998d424",,"2026-02-09T14:04:00.000","30","NO CONTROLS","NO CONTROLS","CLEAR","DAYLIGHT","PARKED MOTOR VEHICLE","DIVIDED - W/MEDIAN (NOT RAISED)",,"STRAIGHT AND LEVEL","DRY","NO DEFECTS","NOT ON SCENE (DESK REPORT)","NO INJURY / DRIVE AWAY",,,"Y","$501 - $1,500","2026-02-09T18:50:00.000","UNABLE TO DETERMINE","UNABLE TO DETERMINE","2448","N","LINCOLN AVE","1932",,,,,,,"2","NO INDICATION OF INJURY","0","0","0","0","0","1","0","14","2","2","41.9264438828","-87.6503703396","POINT (-87.650370339579 41.92644388284)"