"crash_record_id","crash_date_est_i","crash_date","posted_speed_limit","traffic_control_device","device_condition","weather_condition","lighting_condition","first_crash_type","trafficway_type","lane_cnt","alignment","roadway_surface_cond","road_defect","report_type","crash_type","intersection_related_i","private_property_i","hit_and_run_i","damage","date_police_notified","prim_contributory_cause","sec_contributory_cause","street_no","street_direction","street_name","beat_of_occurrence","photos_taken_i","statements_taken_i","dooring_i","work_zone_i","work_zone_type","workers_present_i","num_units","most_severe_injury","injuries_total","injuries_fatal","injuries_incapacitating","injuries_non_incapacitating","injuries_reported_not_evident","injuries_no_indication","injuries_unknown","crash_hour","crash_day_of_week","crash_month","latitude","longitude","location"
"d237e1846861a8c69646bf9fb96fc9ed6f39c6dcdca649730e9001f638cbff91a970f0ed89fe2df9e6fa70d20edd6591bebe5b2e6a047f0f6ee30650af965248",,"2026-02-09T14:00:00.000","30","NO CONTROLS","NO CONTROLS","UNKNOWN","UNKNOWN","SIDESWIPE SAME DIRECTION","NOT DIVIDED",,"STRAIGHT AND LEVEL","UNKNOWN","UNKNOWN","NOT ON SCENE (DESK REPORT)","NO INJURY / DRIVE AWAY",,,,"OVER $1,500","2026-02-09T14:55:00.000","UNABLE TO DETERMINE","NOT APPLICABLE","4455","N","LINCOLN AVE","1911",,,,,,,"2","NO INDICATION OF INJURY","0","0","0","0","0","2","0","14","2","2","41.9629668594","-87.6846946537","POINT (-87.684694653667 41.962966859428)"
"e4678f482d13fde536ead9f2748f235f7ea519ad45c0bdcffd3616fcc3bfbd69211e78a653a909e8dd3a4b65695ca02d5da232d4e60b9b51d09c9d598c9ccabd",,"2026-02-09T14:00:00.000","30","UNKNOWN","UNKNOWN","CLEAR","DAYLIGHT","SIDESWIPE SAME DIRECTION","ONE-WAY",,"STRAIGHT AND LEVEL","DRY","NO DEFECTS","NOT ON SCENE (DESK REPORT)","NO INJURY / DRIVE AWAY",,,,"OVER $1,500","2026-02-09T14:00:00.000","UNABLE TO DETERMINE","UNABLE TO DETERMINE","8000","S","BISHOP ST","612",,,,,,,"2","NO INDICATION OF INJURY","0","0","0","0","0","2","0","14","2","2","41.7484935835","-87.6598956597","POINT (-87.659895659747 41.748493583452)"
"06be1f70f7b0758e4689524c339b105d184033fe73c48529de835e05181e13bfeb3987d2410d6a458ee9a0ad89d0e5668219420ac9db217c2d04e690579f91bc",,"2026-02-09T13:55:00.000","30","TRAFFIC SIGNAL","FUNCTIONING PROPERLY","CLEAR","DAYLIGHT","TURNING","DIVIDED - W/MEDIAN (NOT RAISED)",,"STRAIGHT AND LEVEL","DRY","NO DEFECTS","ON SCENE","NO INJURY / DRIVE AWAY","Y",,"Y","OVER $1,500","2026-02-09T15:49:00.000","IMPROPER TURNING/NO SIGNAL","NOT APPLICABLE","8658","S","PULASKI RD","834",,,,,,,"2","NO INDICATION OF INJURY","0","0","0","0","0","2","0","13","2","2","41.7348942818","-87.7215864186","POINT (-87.721586418622 41.734894281755)"
"10c148d9e6f6811eab59d579648d11fdc97759e9008030e7a3f3b2484c2a4a56bf4118abc4b6691b694f22cabd94fdf761fc8ae3de827f6abdf99de9e18db769",,"2026-02-09T13:55:00.000","30","NO CONTROLS","NO CONTROLS","CLEAR","DAYLIGHT","TURNING","NOT DIVIDED",,"STRAIGHT AND LEVEL","DRY","NO DEFECTS","NOT ON SCENE (DESK REPORT)","INJURY AND / OR TOW DUE TO CRASH",,,"Y","OVER $1,500","2026-02-09T14:30:00.000","FAILING TO YIELD RIGHT-OF-WAY","UNABLE TO DETERMINE","655","S","ST LOUIS AVE","1133",,,,,,,"2","NO INDICATION OF INJURY","0","0","0","0","0","4","0","13","2","2","41.8727399674","-87.713035955","POINT (-87.713035955031 41.872739967401)"
"c7259c132e7b43e36643a338bfd27bd4b5566fa5659ad1afa6df523644437f048cce937f7b5ce1657c4c7b7f35d50728fca3d329a4562f08e75cd240d0f1cfe0",,"2026-02-09T13:47:00.000","30","TRAFFIC SIGNAL","FUNCTIONING PROPERLY","CLEAR","DAYLIGHT","PEDESTRIAN","NOT DIVIDED",,"STRAIGHT AND LEVEL","DRY","NO DEFECTS","ON SCENE","INJURY AND / OR TOW DUE TO CRASH","Y",,"Y","$500 OR LESS","2026-02-09T13:47:00.000","UNABLE TO DETERMINE","UNABLE TO DETERMINE","7600","W","BELMONT AVE","1631",,,,,,,"3","NONINCAPACITATING INJURY","2","0","0","2","0","1","0","13","2","2","41.9380460041","-87.8165874244","POINT (-87.816587424352 41.938046004077)"
"984ec2ec3bafae9424b2d1c23a311f6d0959a66327a586ecc92d512388f7807b5edbd6bee453a0e2d4202054b982c69afe8ac157fd9e47c34348a6cd5abb6305",,"2026-02-09T13:45:00.000","10","NO CONTROLS","NO CONTROLS","CLEAR","DAYLIGHT","PARKED MOTOR VEHICLE","PARKING LOT",,"STRAIGHT AND LEVEL","DRY","NO DEFECTS","ON SCENE","NO INJURY / DRIVE AWAY",,,"Y","$500 OR LESS","2026-02-09T13:56:00.000","OPERATING VEHICLE IN ERRATIC, RECKLESS, CARELESS, NEGLIGENT OR AGGRESSIVE MANNER","NOT APPLICABLE","520","W","TAYLOR ST","124",,,,,,,"2","NO INDICATION OF INJURY","0","0","0","0","0","3","0","13","2","2","41.8698555966","-87.6402703079","POINT (-87.640270307865 41.869855596599)"
"037053782ec32543be471f7201d19c3436519f58f633806f3773b67fadb60dd911105b665ff2921f98e175fdcc0a3d7ab80668cda24263369debd8038210b7f3",,"2026-02-09T13:35:00.000","30","TRAFFIC SIGNAL","FUNCTIONING PROPERLY","CLEAR","DAYLIGHT","TURNING","T-INTERSECTION",,"STRAIGHT AND LEVEL","DRY","NO DEFECTS","ON SCENE","NO INJURY / DRIVE AWAY",,,"Y","OVER $1,500","2026-02-09T13:38:00.000","IMPROPER OVERTAKING/PASSING","IMPROPER LANE USAGE","10301","S","CENTRAL PARK AVE","2211",,"N",,,,,"2","NO INDICATION OF INJURY","0","0","0","0","0","3","0","13","2","2","41.7059831662","-87.7109736583","POINT (-87.710973658307 41.705983166243)"
"b795eaa9fde7067e665d38a08f58fdd1fe2dd9f1f088bb73ddb54669398443b103fcab063fe5d34232c64244010ad24cf6152e046f511c0aeb9776ed4b59fd08",,"2026-02-09T13:35:00.000","30","NO CONTROLS","NO CONTROLS","CLEAR","DAYLIGHT","ANGLE","PARKING LOT",,"STRAIGHT AND LEVEL","DRY","NO DEFECTS","NOT ON SCENE (DESK REPORT)","NO INJURY / DRIVE AWAY",,"Y",,"$501 - $1,500","2026-02-09T13:35:00.000","FAILING TO YIELD RIGHT-OF-WAY","NOT APPLICABLE","2650","N","NARRAGANSETT AVE","2512",,,,,,,"2","NO INDICATION OF INJURY","0","0","0","0","0","2","0","13","2","2","41.9288472233","-87.7857810192","POINT (-87.785781019201 41.928847223324)"
"4c92fe3ff4a7645d2ce2ba07e25d122d26b2a23a903379268119c2603cbb1eadc9a0003face937a50d823b83373b9a81782b213cb59d12affcc4c8490f96a819",,"2026-02-09T13:30:00.000","30","NO CONTROLS","NO CONTROLS","CLEAR","DAYLIGHT","REAR END","NOT DIVIDED",,"STRAIGHT AND LEVEL","DRY","NO DEFECTS","ON SCENE","NO INJURY / DRIVE AWAY",,,,"OVER $1,500","2026-02-09T13:38:00.000","UNABLE TO DETERMINE","UNABLE TO DETERMINE","2732","W","63RD ST","825",,,,,,,"2","NO INDICATION OF INJURY","0","0","0","0","0","2","0","13","2","2","41.7792426968","-87.6922402283","POINT (-87.692240228319 41.779242696819)"
"664921da7b59d295e8b119546af94964749a83e9f80a464a33fe2a8d2e2d9275b68303884bf1d6ff7f70b445ff67afa7ec203218dde622abf4d28e13e785506e",,"2026-02-09T13:30:00.000","30","NO CONTROLS","NO CONTROLS","CLEAR","DAYLIGHT","REAR TO REAR","NOT DIVIDED",,"STRAIGHT AND LEVEL","DRY","NO DEFECTS","NOT ON SCENE (DESK REPORT)","NO INJURY / DRIVE AWAY",,,"Y","$500 OR LESS","2026-02-11T08:30:00.000","UNABLE TO DETERMINE","UNABLE TO DETERMINE","3053","S","NORMAL AVE","914",,,,,,,"2","NO INDICATION OF INJURY","0","0","0","0","0","2","0","13","2","2","41.8384014883","-87.6388349099","POINT (-87.638834909906 41.838401488293)"
"ea10697aadc6670b23440bfd1deeef5d7cecf429229934aa30367718a600c46b64d5826de7e2ca1a873ca1a1768185b571f5d62f4f732949862db004f778cb5b",,"2026-02-09T13:27:00.000","10","NO CONTROLS","NO CONTROLS","CLEAR","DAYLIGHT","OTHER OBJECT","PARKING LOT",,"STRAIGHT AND LEVEL","DRY","NO DEFECTS","ON SCENE","NO INJURY / DRIVE AWAY",,"Y",,"OVER $1,500","2026-02-09T14:03:00.000","UNABLE TO DETERMINE","NOT APPLICABLE","2857","N","SHEFFIELD AVE","1933",,,,,,,"1","NO INDICATION OF INJURY","0","0","0","0","0","1","0","13","2","2","41.9343470539","-87.6537704508","POINT (-87.653770450776 41.934347053946)"
"125cd0a364712d7c4ff16855cc476445ad28ac440c6c12b4bcb9869c619d0b6960cdf8e5d9c7b41369269ad0aa0a93d0c1a62227b4c6a33b880ae9c57dfd74be",,"2026-02-09T13:25:00.000","30","NO CONTROLS","NO CONTROLS","CLEAR","DAYLIGHT","SIDESWIPE SAME DIRECTION","NOT DIVIDED",,"STRAIGHT AND LEVEL","DRY","NO DEFECTS","ON SCENE","NO INJURY / DRIVE AWAY",,,,"$501 - $1,500","2026-02-09T13:32:00.000","UNABLE TO DETERMINE","NOT APPLICABLE","6201","S","COTTAGE GROVE AVE","313",,,,,,,"2","NO INDICATION OF INJURY","0","0","0","0","0","4","0","13","2","2","41.7821428884","-87.6058204135","POINT (-87.605820413489 41.78214288843)"
"0a4641c61bf2146d54dae08718a9057ee89568b6157729674b82347b3763cc2c399308d62bc57c44e09acd74aed36be4aceaa8af4c2d775baadf589dee88cd3b",,"2026-02-09T13:15:00.000","30","NO CONTROLS","NO CONTROLS","CLEAR","DAYLIGHT","TURNING","DIVIDED - W/MEDIAN (NOT RAISED)",,"STRAIGHT AND LEVEL","DRY","NO DEFECTS","ON SCENE","INJURY AND / OR TOW DUE TO CRASH",,,,"OVER $1,500","2026-02-09T13:15:00.000","UNABLE TO DETERMINE","UNABLE TO DETERMINE","4640","W","LAWRENCE AVE","1712",,,,,,,"2","NO INDICATION OF INJURY","0","0","0","0","0","2","0","13","2","2","41.9681734403","-87.7445557922","POINT (-87.744555792167 41.968173440298)"
"75d1ddd2b0f29f3642a78dc9d4ca17aae5d4697b72088029efd38855ba2529842792300459a20d6402282b313cecd4251c70e1ca968917970dab9727a3ef80da",,"2026-02-09T13:15:00.000","35","TRAFFIC SIGNAL","FUNCTIONING PROPERLY","CLEAR","DAYLIGHT","SIDESWIPE SAME DIRECTION","DIVIDED - W/MEDIAN (NOT RAISED)",,"STRAIGHT AND LEVEL","DRY","NO DEFECTS","NOT ON SCENE (DESK REPORT)","NO INJURY / DRIVE AWAY","Y",,,"OVER $1,500","2026-02-09T19:10:00.000","UNABLE TO DETERMINE","UNABLE TO DETERMINE","9500","S","ASHLAND AVE","2213",,,,,,,"2","NO INDICATION OF INJURY","0","0","0","0","0","2","0","13","2","2","41.7211606121","-87.6628281394","POINT (-87.662828139392 41.721160612052)"
"360825f91c6675c6e2921f6604b4e3ba3df3a050e759b4ca02a0e7e105e5e011968b8858d8b972e9785ff97c78a818df00759cdf1bb165477c36baabaafef530",,"2026-02-09T13:10:00.000","25","NO CONTROLS","NO CONTROLS","CLEAR","DAYLIGHT","SIDESWIPE SAME DIRECTION","ONE-WAY",,"STRAIGHT AND LEVEL","DRY","NO DEFECTS","ON SCENE","NO INJURY / DRIVE AWAY",,,,"OVER $1,500","2026-02-09T13:47:00.000","FAILING TO YIELD RIGHT-OF-WAY","UNABLE TO DETERMINE","5536","N","ST LOUIS AVE","1712","Y","Y",,,,,"2","NO INDICATION OF INJURY","0","0","0","0","0","2","0","13","2","2","41.9822624085","-87.7162893049","POINT (-87.716289304892 41.9822624085)"
"651e61f4e9d9acec0907ba606cd518cf7e465259d2c397dd6e36a94fef399527f25c17fd8cfb33bb9aad5d24b7f317ec898a52b7e13d5c85027fbc4782dc26ae",,"2026-02-09T13:08:00.000","30","TRAFFIC SIGNAL","FUNCTIONING PROPERLY","UNKNOWN","DAYLIGHT","SIDESWIPE SAME DIRECTION","NOT DIVIDED",,"STRAIGHT AND LEVEL","UNKNOWN","UNKNOWN","NOT ON SCENE (DESK REPORT)","NO INJURY / DRIVE AWAY",,,"Y","OVER $1,500","2026-02-13T21:15:00.000","UNABLE TO DETERMINE","NOT APPLICABLE","1314","W","GRAND AVE","1215",,,,,,,"2","NO INDICATION OF INJURY","0","0","0","0","0","3","0","13","2","2","41.8911630578","-87.6596312693","POINT (-87.659631269349 41.891163057794)"
"af963049fe097cc244244e3ccedf0b01234a009f973b9d6bd034192e51e87784b45a519f1d2d5c1be070c5f3a34a867001215e556a526dc50d66ac15fc3b6fba",,"2026-02-09T13:05:00.000","10","NO CONTROLS","NO CONTROLS","CLEAR","DAYLIGHT","PARKED MOTOR VEHICLE","PARKING LOT",,"STRAIGHT AND LEVEL","DRY","NO DEFECTS","NOT ON SCENE (DESK REPORT)","NO INJURY / DRIVE AWAY",,,,"OVER $1,500","2026-02-09T13:07:00.000","IMPROPER BACKING","UNABLE TO DETERMINE","2189","S","TROY ST","1022",,,,,,,"2","NO INDICATION OF INJURY","0","0","0","0","0","1","0","13","2","2","41.8518497245","-87.7038913957","POINT (-87.703891395741 41.851849724478)"
"5e8eba84667c197a2d04181fc4ddc783842f7de89e15a694d9bb7528c8e2fbeb45e2fdca08c5ba9c0b47a69dd3ab5d956428e71257cc0e6a8248c5cf46e4b507",,"2026-02-09T13:00:00.000","30","NO CONTROLS","NO CONTROLS","UNKNOWN","UNKNOWN","PARKED MOTOR VEHICLE","UNKNOWN",,"STRAIGHT AND LEVEL","SNOW OR SLUSH","UNKNOWN","ON SCENE","NO INJURY / DRIVE AWAY",,,"Y","OVER $1,500","2026-02-09T14:45:00.000","UNABLE TO DETERMINE","UNABLE TO DETERMINE","2013","N","LAWNDALE AVE","2525",,,,,,,"2","NO INDICATION OF INJURY","0","0","0","0","0","1","0","13","2","2","41.9176545221","-87.7190843981","POINT (-87.719084398085 41.917654522075)"
"a078fcfbda78eb60575b8e4a6e86baebe8cd46af61aa23ce7446c457bea97dc536a5f0432cae682966f32a2756eb7b40f159094c2aa198e3b7ba448a492b4c3c",,"2026-02-09T13:00:00.000","30","UNKNOWN","UNKNOWN","UNKNOWN","UNKNOWN","PARKED MOTOR VEHICLE","UNKNOWN",,"STRAIGHT AND LEVEL","UNKNOWN","UNKNOWN","NOT ON SCENE (DESK REPORT)","NO INJURY / DRIVE AWAY",,,,"OVER $1,500","2026-02-18T18:30:00.000","UNABLE TO DETERMINE","UNABLE TO DETERMINE","6950","W","ARCHER AVE","811",,,,,,,"2","NO INDICATION OF INJURY","0","0","0","0","0","1","0","13","2","2","41.7921806053","-87.796062228","POINT (-87.796062227973 41.792180605274)"
"b4a488eed7c77283d6a0233c3de0aba89c2d4231cc909df5d0c590d9228454047d1d127df8ee1dc24ba2bc40d840635f6c8ecce4ba1ec3c24028e66bb1a41e52",,"2026-02-09T13:00:00.000","25","NO CONTROLS","NO CONTROLS","CLEAR","DAYLIGHT","PARKED MOTOR VEHICLE","ONE-WAY",,"STRAIGHT AND LEVEL","DRY","NO DEFECTS","NOT ON SCENE (DESK REPORT)","NO INJURY / DRIVE AWAY",,,,"OVER $1,500","2026-02-09T13:05:00.000","UNABLE TO DETERMINE","UNABLE TO DETERMINE","355","E","ERIE ST","1834",,,,,,,"2","NO INDICATION OF INJURY","0","0","0","0","0","1","0","13","2","2","41.8941336002","-87.6181791496","POINT (-87.61817914958 41.894133600184)"
"d51241605c3fc0687f6cfc2b1d65b532d010245f07963aab2d41093750ef53616f4963c3d6331e0926dc57745e89a71881dc4c59165c970ca3caab7b2266eff5",,"2026-02-09T13:00:00.000","15","NO CONTROLS","NO CONTROLS","CLEAR","DAYLIGHT","REAR TO REAR","PARKING LOT",,"STRAIGHT AND LEVEL","DRY","NO DEFECTS","NOT ON SCENE (DESK REPORT)","NO INJURY / DRIVE AWAY",,"Y",,"OVER $1,500","2026-02-09T13:30:00.000","FAILING TO REDUCE SPEED TO AVOID CRASH","UNABLE TO DETERMINE","1106","S","CLINTON ST","124",,,,,,,"2","NO INDICATION OF INJURY","0","0","0","0","0","4","0","13","2","2","41.8687888223","-87.6409169224","POINT (-87.640916922355 41.868788822285)"
"bdb46b13efcf7fa4900f7d6a4ce1287370e5550a07c5a1757295b0e26b42f3c270ed5e5b96f2f4c14fa7e2ce2d3982ff0bd66974365369fdda60bee53d0e98fa",,"2026-02-09T12:50:00.000","15","NO CONTROLS","NO CONTROLS","CLEAR","DAYLIGHT","SIDESWIPE SAME DIRECTION","PARKING LOT",,"STRAIGHT AND LEVEL","DRY","NO DEFECTS","NOT ON SCENE (DESK REPORT)","NO INJURY / DRIVE AWAY",,"Y",,"OVER $1,500","2026-02-09T13:10:00.000","FAILING TO YIELD RIGHT-OF-WAY","UNABLE TO DETERMINE","3531","W","BRYN MAWR AVE","1712",,,,,,,"2","NO INDICATION OF INJURY","0","0","0","0","0","2","0","12","2","2","41.9828474256","-87.7173618318","POINT (-87.71736183184 41.982847425642)"
"420f8321d76c494e77ec1350ac118292f4c28e575a8826ae895d4f020309e796b3a7dccb0f58b85dfe1e1d41388849dec7b7d454d6433466b3b4a70ffc1dae20",,"2026-02-09T12:30:00.000","30","TRAFFIC SIGNAL","FUNCTIONING PROPERLY","CLEAR","DAYLIGHT","TURNING","FOUR WAY",,"STRAIGHT AND LEVEL","DRY","NO DEFECTS","ON SCENE","INJURY AND / OR TOW DUE TO CRASH","Y",,,"OVER $1,500","2026-02-09T12:36:00.000","FAILING TO YIELD RIGHT-OF-WAY","NOT APPLICABLE","11101","S","WESTERN AVE","2212",,,,,,,"2","NO INDICATION OF INJURY","0","0","0","0","0","2","0","12","2","2","41.6917321739","-87.6810072977","POINT (-87.681007297709 41.691732173935)"
"926a06ab417b05c145307c4657799708ab243e45f3c2b40646e0c888dc6337ad34a95c08c292a0b6d27035b6d1bef048dc4d978abf54bc9c06139f531431fc61",,"2026-02-09T12:30:00.000","30","NO CONTROLS","NO CONTROLS","CLEAR","DAYLIGHT","SIDESWIPE SAME DIRECTION","NOT DIVIDED",,"STRAIGHT AND LEVEL","UNKNOWN","NO DEFECTS","NOT ON SCENE (DESK REPORT)","NO INJURY / DRIVE AWAY",,,"Y","OVER $1,500","2026-02-09T13:00:00.000","DRIVING SKILLS/KNOWLEDGE/EXPERIENCE","NOT APPLICABLE","4701","S","CICERO AVE","815",,,,,,,"2","NO INDICATION OF INJURY","0","0","0","0","0","2","0","12","2","2","41.8075334573","-87.7430034212","POINT (-87.743003421203 41.807533457298)"
"60ad42fd1248e2063a6c982979f656fcbaf51234673e6d98d1961d08c726ffe8f6c3ffb9746c11c7dc1f319b0205aa85fcdc22955bfc6d353ae8c86f21ced073",,"2026-02-09T12:12:00.000","30","TRAFFIC SIGNAL","FUNCTIONING PROPERLY","CLEAR","DAYLIGHT","TURNING","NOT DIVIDED",,"STRAIGHT AND LEVEL","DRY","NO DEFECTS","ON SCENE","INJURY AND / OR TOW DUE TO CRASH","Y",,,"OVER $1,500","2026-02-09T12:14:00.000","FAILING TO YIELD RIGHT-OF-WAY","UNABLE TO DETERMINE","4000","W","83RD ST","834",,,,,,,"2","NONINCAPACITATING INJURY","2","0","0","2","0","0","0","12","2","2","41.7422875552","-87.7217440165","POINT (-87.721744016459 41.742287555152)"
"577af1cb0a11c458a949a771f406caa3c66e44674a77487d02ff916bd652907613e5e3d9c51542059f184898ffffb40e51f89e9e0054ba99da35097bfb9a7764",,"2026-02-09T12:10:00.000","30","TRAFFIC SIGNAL","FUNCTIONING PROPERLY","CLEAR","DAYLIGHT","SIDESWIPE SAME DIRECTION","NOT DIVIDED",,"STRAIGHT AND LEVEL","DRY","NO DEFECTS","NOT ON SCENE (DESK REPORT)","NO INJURY / DRIVE AWAY",,,,"OVER $1,500","2026-02-09T12:20:00.000","IMPROPER LANE USAGE","NOT APPLICABLE","1434","W","NORTH AVE","1433",,,,,,,"2","NO INDICATION OF INJURY","0","0","0","0","0","5","0","12","2","2","41.9107873932","-87.6642612527","POINT (-87.664261252719 41.910787393223)"
"8c35d7b41e20eff5bea1289e4b69bacf656e42aded31a6d1fd4dd21cb770b76d970ea0f3599e4baa9fb097304529f13c886b1899ef54cfae88afad8b256f9438",,"2026-02-09T12:06:00.000","30","NO CONTROLS","NO CONTROLS","CLEAR","DAYLIGHT","ANGLE","OTHER",,"STRAIGHT AND LEVEL","DRY","NO DEFECTS","ON SCENE","NO INJURY / DRIVE AWAY",,,,"OVER $1,500","2026-02-09T12:16:00.000","FAILING TO YIELD RIGHT-OF-WAY","FAILING TO YIELD RIGHT-OF-WAY","6218","N","CENTRAL AVE","1621",,,,,,,"3","NO INDICATION OF INJURY","0","0","0","0","0","3","0","12","2","2","41.9949847063","-87.7647993371","POINT (-87.764799337105 41.994984706271)"
"8f60c9036d7522b1854b3c386cd57a17568ef7c36a4648ca05692566d7c40dcbe4f153e9b924b79e710fe1906d3641ee2828464f58ce8d3882a7200a0cabd731",,"2026-02-09T12:02:00.000","30","NO CONTROLS","NO CONTROLS","CLEAR","DAYLIGHT","PARKED MOTOR VEHICLE","NOT DIVIDED",,"STRAIGHT AND LEVEL","UNKNOWN","NO DEFECTS","NOT ON SCENE (DESK REPORT)","NO INJURY / DRIVE AWAY",,,,"OVER $1,500","2026-02-09T13:24:00.000","DRIVING SKILLS/KNOWLEDGE/EXPERIENCE","NOT APPLICABLE","5522","W","64TH PL","813",,,,,,,"2","NO INDICATION OF INJURY","0","0","0","0","0","5","0","12","2","2","41.7754670594","-87.7601420578","POINT (-87.760142057753 41.775467059399)"
"ca93173c9a420222349bd8a2a6e8027c7dc066106be3fcd24b07f2544c28e7bcdef54c43532be7c78740c4e1e09d98f73eeda0c9210291782a234ee4f76255af",,"2026-02-09T12:00:00.000","30","NO CONTROLS","NO CONTROLS","CLEAR","DAYLIGHT","ANGLE","NOT DIVIDED",,"STRAIGHT AND LEVEL","DRY","NO DEFECTS","ON SCENE","NO INJURY / DRIVE AWAY",,,"Y","$501 - $1,500","2026-02-09T13:00:00.000","UNABLE TO DETERMINE","NOT APPLICABLE","3100","W","WASHINGTON BLVD","1222",,,,,,,"2","NO INDICATION OF INJURY","0","0","0","0","0","2","0","12","2","2","41.882928896","-87.7038380009","POINT (-87.703838000857 41.882928895955)"
"e9742d8fafc7a86a8abbca39b1b07eb8d4447a9cdc6217c98e657b5c012d595bc8f52867c57677bf91a64861baf3dd56fe9d4741074688a82eba26855c90c26b",,"2026-02-09T12:00:00.000","30","TRAFFIC SIGNAL","FUNCTIONING PROPERLY","CLEAR","DAYLIGHT","SIDESWIPE SAME DIRECTION","DIVIDED - W/MEDIAN (NOT RAISED)",,"STRAIGHT AND LEVEL","DRY","NO DEFECTS","NOT ON SCENE (DESK REPORT)","NO INJURY / DRIVE AWAY",,,,"OVER $1,500","2026-02-09T14:45:00.000","UNABLE TO DETERMINE","UNABLE TO DETERMINE","3999","N","ASHLAND AVE","1922",,,,,,,"2","NO INDICATION OF INJURY","0","0","0","0","0","2","0","12","2","2","41.9542020437","-87.6688986247","POINT (-87.668898624726 41.954202043727)"
"88dcd251e59bf12d31cc208ad45dd5d06464bd1a288c235080b93ea530037860fe816dfe95b54f9549babdfd003b59ae41b72d33550abc8acf4174ef5928857a","Y","2026-02-09T11:58:00.000","30","TRAFFIC SIGNAL","NO CONTROLS","CLEAR","DAYLIGHT","REAR END","FOUR WAY",,"STRAIGHT AND LEVEL","DRY","NO DEFECTS","ON SCENE","INJURY AND / OR TOW DUE TO CRASH","Y",,,"OVER $1,500","2026-02-09T12:10:00.000","FAILING TO REDUCE SPEED TO AVOID CRASH","NOT APPLICABLE","4798","W","LAWRENCE AVE","1712","Y",,,,,,"2","NONINCAPACITATING INJURY","1","0","0","1","0","1","0","11","2","2","41.9681389398","-87.7477000078","POINT (-87.74770000781 41.968138939776)"
"bc62bedc49161dc3e28f2f88ecc1b5e1e6db17a7e5b11f0157bf4f0132ba01e8723ba5b12bf1a3b8ca3ee190fd40d26a0a0ecd7fa72e452420499f8ddb687ffe",,"2026-02-09T11:55:00.000","30","TRAFFIC SIGNAL","FUNCTIONING PROPERLY","CLEAR","DAYLIGHT","ANGLE","FOUR WAY",,"STRAIGHT AND LEVEL","DRY","NO DEFECTS","ON SCENE","INJURY AND / OR TOW DUE TO CRASH","Y",,,"OVER $1,500","2026-02-09T11:58:00.000","DISREGARDING TRAFFIC SIGNALS","FAILING TO YIELD RIGHT-OF-WAY","4300","S","RACINE AVE","924",,,,,,,"2","NO INDICATION OF INJURY","0","0","0","0","0","2","0","11","2","2","41.8159388307","-87.6554788685","POINT (-87.655478868506 41.81593883068)"
"3054fce57b1855c6c95505e401af14945836b1d0430df04f6ec0faf8ed7ac9a2c681b79feb2eec86fed15e32904810e8853ef0facd6df55745631dc8cb55c746",,"2026-02-09T11:49:00.000","25","NO CONTROLS","NO CONTROLS","CLEAR","DAYLIGHT","SIDESWIPE SAME DIRECTION","NOT DIVIDED",,"STRAIGHT AND LEVEL","DRY","NO DEFECTS","ON SCENE","INJURY AND / OR TOW DUE TO CRASH",,,,"$501 - $1,500","2026-02-09T11:59:00.000","IMPROPER OVERTAKING/PASSING","FOLLOWING TOO CLOSELY","2108","N","CLARK ST","1814",,,,,,,"2","NO INDICATION OF INJURY","0","0","0","0","0","2","0","11","2","2","41.9204144051","-87.6375085798","POINT (-87.637508579832 41.920414405088)"
"3c77c8967e4eb8c5723c0abc3411a129eb223c8863cfedf86426456a27ac3c0513f73c9b57bf687fb507586853d4bd4bf6298d51da2d0cce3bd5705ce573c7aa",,"2026-02-09T11:45:00.000","30","NO CONTROLS","NO CONTROLS","CLEAR","DAYLIGHT","SIDESWIPE SAME DIRECTION","DIVIDED - W/MEDIAN (NOT RAISED)",,"STRAIGHT AND LEVEL","DRY","NO DEFECTS","ON SCENE","NO INJURY / DRIVE AWAY","Y",,,"$500 OR LESS","2026-02-09T12:26:00.000","UNABLE TO DETERMINE","UNABLE TO DETERMINE","724","N","WESTERN AVE","1221",,,,,,,"2","NO INDICATION OF INJURY","0","0","0","0","0","2","0","11","2","2","41.8947798181","-87.6869640286","POINT (-87.686964028592 41.894779818139)"
"873063eae27a2599e3e81f92575b6fb97fc5013dfd8b7d499a535c70291edbbc8379a6757561f0f794c93d9ef07498cfe0ccbaa8c2e3430a10d1600c3a0d4fab",,"2026-02-09T11:45:00.000","35","TRAFFIC SIGNAL","FUNCTIONING PROPERLY","CLEAR","DAYLIGHT","REAR END","DIVIDED - W/MEDIAN (NOT RAISED)",,"STRAIGHT AND LEVEL","DRY","NO DEFECTS","NOT ON SCENE (DESK REPORT)","NO INJURY / DRIVE AWAY","Y",,"Y","OVER $1,500","2026-02-09T17:20:00.000","FOLLOWING TOO CLOSELY","UNABLE TO DETERMINE","8300","S","STATE ST","632",,,,,,,"2","NO INDICATION OF INJURY","0","0","0","0","0","3","0","11","2","2","41.7435618073","-87.6244758005","POINT (-87.624475800517 41.743561807288)"
"e94435332339b054031a792a64f4d3517ff5dcd544c8f8e4ad48097d24fc5675adff306889fd5b4e8feedfc2bf4c0e9264b72af2f68ab5d302517cfd75dbb4a2",,"2026-02-09T11:45:00.000","30","NO CONTROLS","NO CONTROLS","CLEAR","DAYLIGHT","SIDESWIPE OPPOSITE DIRECTION","NOT DIVIDED",,"STRAIGHT AND LEVEL","DRY","NO DEFECTS","NOT ON SCENE (DESK REPORT)","NO INJURY / DRIVE AWAY",,,,"$501 - $1,500","2026-02-09T13:31:00.000","FAILING TO YIELD RIGHT-OF-WAY","NOT APPLICABLE","1722","N","NARRAGANSETT AVE","2513",,,,,,,"2","NO INDICATION OF INJURY","0","0","0","0","0","2","0","11","2","2","41.9115213865","-87.785226221","POINT (-87.785226220996 41.911521386527)"