"crash_record_id","crash_date_est_i","crash_date","posted_speed_limit","traffic_control_device","device_condition","weather_condition","lighting_condition","first_crash_type","trafficway_type","lane_cnt","alignment","roadway_surface_cond","road_defect","report_type","crash_type","intersection_related_i","private_property_i","hit_and_run_i","damage","date_police_notified","prim_contributory_cause","sec_contributory_cause","street_no","street_direction","street_name","beat_of_occurrence","photos_taken_i","statements_taken_i","dooring_i","work_zone_i","work_zone_type","workers_present_i","num_units","most_severe_injury","injuries_total","injuries_fatal","injuries_incapacitating","injuries_non_incapacitating","injuries_reported_not_evident","injuries_no_indication","injuries_unknown","crash_hour","crash_day_of_week","crash_month","latitude","longitude","location"
"8cc32617163ac749af4c850d78d8dc88b8037ef298b35b2fc3bbe1416a6cf2b8dca162cddfc474f097e189a22cbbcbb466469c18f2f19b474772bdd6f6cde59d",,"2026-02-09T11:41:00.000","30","NO CONTROLS","NO CONTROLS","CLEAR","DAYLIGHT","TURNING","NOT DIVIDED",,"STRAIGHT AND LEVEL","DRY","NO DEFECTS","ON SCENE","NO INJURY / DRIVE AWAY","Y",,,"OVER $1,500","2026-02-09T11:42:00.000","IMPROPER OVERTAKING/PASSING","UNABLE TO DETERMINE","2020","W","LUNT AVE","2424",,,,,,,"2","NO INDICATION OF INJURY","0","0","0","0","0","2","0","11","2","2","42.0089692251","-87.6809948866","POINT (-87.68099488656 42.00896922507)"
"51a4bb1ef994bac1eb5fe5185327f69a9c10fe05408767204e4499ca8aafb99111568a7c05c4ba02c6cac6feac8c4fa94130e9c77ef29e516570cfd6bc7d9f47",,"2026-02-09T11:36:00.000","15","NO CONTROLS","NO CONTROLS","CLEAR","DAYLIGHT","PARKED MOTOR VEHICLE","PARKING LOT",,"STRAIGHT AND LEVEL","DRY","NO DEFECTS",,"NO INJURY / DRIVE AWAY",,,"Y","OVER $1,500","2026-02-09T11:36:00.000","FAILING TO REDUCE SPEED TO AVOID CRASH","FAILING TO REDUCE SPEED TO AVOID CRASH","11203","S","ELLIS AVE","531",,,,,,,"2","NO INDICATION OF INJURY","0","0","0","0","0","1","0","11","2","2","41.6909156959","-87.6050219237","POINT (-87.605021923701 41.690915695924)"
"2f43c31ccba90c8d4e183ead704a14676a5a1b30c30345bdb6acfdc0813e54333f96d9f50f405717fcbf14955a5d9a1ea72899c053dff6b9407d3c8437029eec",,"2026-02-09T11:31:00.000","30","STOP SIGN/FLASHER","UNKNOWN","CLEAR","DAYLIGHT","TURNING","NOT DIVIDED",,"STRAIGHT AND LEVEL","DRY","UNKNOWN","ON SCENE","NO INJURY / DRIVE AWAY",,,,"OVER $1,500","2026-02-09T11:37:00.000","DRIVING SKILLS/KNOWLEDGE/EXPERIENCE","DRIVING SKILLS/KNOWLEDGE/EXPERIENCE","1300","S","PULASKI RD","1011",,,,,,,"2","NO INDICATION OF INJURY","0","0","0","0","0","3","0","11","2","2","41.864251194","-87.7252627897","POINT (-87.725262789691 41.864251193953)"
"10caa48ef9600d6e9451c4fd22dd6cd2eaeca43a7c150f51d4553a61d10991da09fc7289b7d0030508a39f782b4d5cf73fbe514d7ec9341ea144e814a15ce236",,"2026-02-09T11:29:00.000","25","NO CONTROLS","NO CONTROLS","CLEAR","DAYLIGHT","PARKED MOTOR VEHICLE","NOT DIVIDED",,"STRAIGHT AND LEVEL","DRY","NO DEFECTS","ON SCENE","NO INJURY / DRIVE AWAY",,,,"$500 OR LESS","2026-02-09T11:29:00.000","RELATED TO BUS STOP","NOT APPLICABLE","2929","W","45TH ST","922",,,,,,,"2","NO INDICATION OF INJURY","0","0","0","0","0","1","0","11","2","2","41.8117462753","-87.6979243364","POINT (-87.697924336413 41.811746275323)"
"b38647e96d3df68929c3aac30acc1d2855700932e04f3b265fddfe14fc667f8dad08bdb6c285083e98a9a1a163f329fdfd89f13fe4b838b2bc62baa40f7e9441",,"2026-02-09T11:26:00.000","30","TRAFFIC SIGNAL","UNKNOWN","UNKNOWN","DAYLIGHT","REAR END","FOUR WAY",,"STRAIGHT AND LEVEL","UNKNOWN","UNKNOWN","NOT ON SCENE (DESK REPORT)","NO INJURY / DRIVE AWAY",,,,"OVER $1,500","2026-02-14T17:07:00.000","FOLLOWING TOO CLOSELY","NOT APPLICABLE","1001","N","CICERO AVE","1111",,,,,,,"2","NO INDICATION OF INJURY","0","0","0","0","0","3","0","11","2","2","41.8987345045","-87.7457449335","POINT (-87.745744933529 41.898734504489)"
"2f6723ae1001445d169dc265b1e10be02e9662b3b311d240e40673aa6abd0cd2abb70b74b67c818beefbb5f4bb47aad735493697d88ef3372a6a84468ef6b1f2",,"2026-02-09T11:15:00.000","10","NO CONTROLS","NO CONTROLS","CLEAR","DARKNESS, LIGHTED ROAD","PARKED MOTOR VEHICLE","PARKING LOT",,"STRAIGHT AND LEVEL","DRY","NO DEFECTS","ON SCENE","NO INJURY / DRIVE AWAY",,,"Y","$501 - $1,500","2026-02-09T11:37:00.000","IMPROPER BACKING","NOT APPLICABLE","131","S","DEARBORN ST","112",,,,,,,"2","NO INDICATION OF INJURY","0","0","0","0","0","1","0","11","2","2","41.8798854403","-87.6292115948","POINT (-87.629211594803 41.879885440301)"
"c7f1e2120e86cad35f87fbbd323cd787b4eaa52cb052aa83a13c0e08a0aa7a4db181b8ee3761b95797024f846d7a392dc2072fe2e6c9a15c3e0210319274fbf2",,"2026-02-09T10:45:00.000","30","NO CONTROLS","NO CONTROLS","UNKNOWN","DAYLIGHT","TURNING","NOT DIVIDED",,"STRAIGHT AND LEVEL","UNKNOWN","UNKNOWN","NOT ON SCENE (DESK REPORT)","NO INJURY / DRIVE AWAY",,,"Y","$501 - $1,500","2026-02-09T14:20:00.000","UNABLE TO DETERMINE","NOT APPLICABLE","11600","S","WESTERN AVE","2212",,,,,,,"2","NO INDICATION OF INJURY","0","0","0","0","0","2","0","10","2","2","41.6826661422","-87.6810188504","POINT (-87.681018850395 41.682666142184)"
"1800ee4d73a64293babe06fd4a44ab8cd2a6a3f424f0820d9e5e26ffa3ead039ada34b994b6a9feee37fe9d4b114e688a91a8af930170a06077d012b59f48eb3",,"2026-02-09T10:30:00.000","30","NO CONTROLS","NO CONTROLS","CLEAR","DAYLIGHT","PARKED MOTOR VEHICLE","ONE-WAY",,"STRAIGHT AND LEVEL","DRY","NO DEFECTS","NOT ON SCENE (DESK REPORT)","NO INJURY / DRIVE AWAY",,,"Y","$501 - $1,500","2026-02-09T13:30:00.000","UNABLE TO DETERMINE","UNABLE TO DETERMINE","4422","S","UNIVERSITY AVE","222",,,,,,,"2","NO INDICATION OF INJURY","0","0","0","0","0","1","0","10","2","2","41.8140982566","-87.5982853406","POINT (-87.598285340649 41.814098256643)"
"d26670118d4d2917e20179650c839b44de5d06d3e4061bbf696a5ba03e402c73da9983ab9615d79fef51d509cc26e2fe85f3e943a1ac00c5b3a6e63249cf0a10",,"2026-02-09T10:30:00.000","30","NO CONTROLS","NO CONTROLS","CLEAR","DAYLIGHT","REAR END","T-INTERSECTION",,"STRAIGHT AND LEVEL","DRY","NO DEFECTS","NOT ON SCENE (DESK REPORT)","NO INJURY / DRIVE AWAY","Y",,,"OVER $1,500","2026-02-09T11:00:00.000","FOLLOWING TOO CLOSELY","NOT APPLICABLE","4334","W","FOSTER AVE","1712",,,,,,,"2","NO INDICATION OF INJURY","0","0","0","0","0","2","0","10","2","2","41.9755486641","-87.7370774827","POINT (-87.737077482732 41.97554866407)"
"b07502fee8fc319afd548228ee8b59333fc1ae7a7e93228a48f55a1b8cc170502ee22140783e4856f2e6c94cbea8f9a07cc36e0f3d054252e2b29d602c79749b",,"2026-02-09T09:55:00.000","30","TRAFFIC SIGNAL","FUNCTIONING PROPERLY","CLEAR","DAYLIGHT","TURNING","FOUR WAY",,"STRAIGHT AND LEVEL","DRY","UNKNOWN","NOT ON SCENE (DESK REPORT)","INJURY AND / OR TOW DUE TO CRASH","Y",,,"OVER $1,500","2026-02-09T14:20:00.000","IMPROPER TURNING/NO SIGNAL","NOT APPLICABLE","500","W","WASHINGTON BLVD","121",,,,,,,"2","REPORTED, NOT EVIDENT","1","0","0","0","1","2","0","9","2","2","41.8832909204","-87.6397847589","POINT (-87.639784758898 41.883290920413)"
"0431fa6bd3885ac7a96ee04781ece53a2dbf7eabb61f5ddb246d3ded7f55dd3d928d136b29045e37ab3b888e0d14cf8eca173f5611e03e0a120a433486f1f093",,"2026-02-09T09:53:00.000","30","NO CONTROLS","NO CONTROLS","CLEAR","DAYLIGHT","PARKED MOTOR VEHICLE","NOT DIVIDED",,"STRAIGHT AND LEVEL","DRY","NO DEFECTS",,"NO INJURY / DRIVE AWAY",,,,"$500 OR LESS","2026-02-09T09:55:00.000","UNABLE TO DETERMINE","UNABLE TO DETERMINE","78","E","35TH ST","211",,,,,,,"2","NO INDICATION OF INJURY","0","0","0","0","0","1","0","9","2","2","41.83115141","-87.6234364817","POINT (-87.623436481718 41.831151410035)"
"e7e57a9411fe9c44e76a41736a1734822262dde6aae2a962038f1ce9a134a3b7310ebb86d79ea1d7e4c7ecc6006c9bc2b35ef893e76d38839ee5aebb0382613f",,"2026-02-09T09:49:00.000","30","UNKNOWN","UNKNOWN","CLEAR","DAYLIGHT","TURNING","FOUR WAY",,"STRAIGHT AND LEVEL","UNKNOWN","UNKNOWN","NOT ON SCENE (DESK REPORT)","NO INJURY / DRIVE AWAY","Y",,,"OVER $1,500","2026-02-09T10:45:00.000","UNABLE TO DETERMINE","NOT APPLICABLE","1558","W","DIVERSEY PKWY","1932",,,,,,,"2","NO INDICATION OF INJURY","0","0","0","0","0","2","0","9","2","2","41.9325140152","-87.6683362296","POINT (-87.668336229586 41.932514015247)"
"dfa84941fe29ea15749f30b315310f80c19eb27cb94996ff17fc299fd995d8f6c7db6302927839d10b8d0d760d33bbf9de7a03311999e29fba6a1029ba2a108c","Y","2026-02-09T09:37:00.000","30","NO CONTROLS","NO CONTROLS","CLEAR","DAYLIGHT","FIXED OBJECT","ALLEY",,"STRAIGHT AND LEVEL","DRY","NO DEFECTS","ON SCENE","NO INJURY / DRIVE AWAY",,,,"OVER $1,500","2026-02-09T09:38:00.000","ROAD CONSTRUCTION/MAINTENANCE","NOT APPLICABLE","812","W","85TH ST","613",,,,,,,"2","NO INDICATION OF INJURY","0","0","0","0","0","2","0","9","2","2","41.739798968","-87.6442909011","POINT (-87.644290901091 41.73979896797)"
"e72fd01471ca19cc7e4db68d50dbd31182a5cfd8b105953eaca0efe25a67c54acde2ae7c0a3d0df17ca1c57c59d3ca898e23938e8a30d6dec9a8d785718cf7d9",,"2026-02-09T09:31:00.000","30","NO CONTROLS","NO CONTROLS","CLEAR","DAYLIGHT","ANGLE","NOT DIVIDED",,"STRAIGHT AND LEVEL","DRY","NO DEFECTS","ON SCENE","INJURY AND / OR TOW DUE TO CRASH","N",,,"OVER $1,500","2026-02-09T09:32:00.000","FAILING TO YIELD RIGHT-OF-WAY","FAILING TO YIELD RIGHT-OF-WAY","6830","N","SACRAMENTO AVE","2411",,,,,,,"2","NO INDICATION OF INJURY","0","0","0","0","0","2","0","9","2","2","42.0057008961","-87.7047320221","POINT (-87.704732022144 42.0057008961)"
"39af94d797baca46518fd10b23f9b38c1e0bfdfe18351dbfdc055d727ff51cd9b3e78934e285b7bee068988f78d186de33ab54863f5c5a5bed11569ea27fe44a",,"2026-02-09T09:30:00.000","30","TRAFFIC SIGNAL","FUNCTIONING PROPERLY","CLEAR","DAYLIGHT","PEDESTRIAN","DIVIDED - W/MEDIAN (NOT RAISED)",,"STRAIGHT AND LEVEL","DRY","NO DEFECTS","NOT ON SCENE (DESK REPORT)","INJURY AND / OR TOW DUE TO CRASH","Y",,,"$500 OR LESS","2026-02-09T13:02:00.000","FAILING TO YIELD RIGHT-OF-WAY","FAILING TO YIELD RIGHT-OF-WAY","110","N","LOWER WACKER DR","122",,,,,,,"2","NONINCAPACITATING INJURY","1","0","0","1","0","1","0","9","2","2","41.8834978363","-87.6372368607","POINT (-87.637236860733 41.88349783629)"
"c585700481e3d972f80780e5ff0de705a5c79d8916891abf7697df7b39fdd2c24d201f3b1c2774279a22e82379a438a12cd2fc65655a40c7fc916a67ea35d937",,"2026-02-09T09:25:00.000","30","NO CONTROLS","NO CONTROLS","CLEAR","DAYLIGHT","PARKED MOTOR VEHICLE","NOT DIVIDED",,"STRAIGHT AND LEVEL","DRY","UNKNOWN","NOT ON SCENE (DESK REPORT)","NO INJURY / DRIVE AWAY",,,"Y","$500 OR LESS","2026-02-09T09:50:00.000","UNABLE TO DETERMINE","UNABLE TO DETERMINE","8109","S","WESTERN AVE","835",,,,,,,"2","NO INDICATION OF INJURY","0","0","0","0","0","1","0","9","2","2","41.7461828585","-87.6826091647","POINT (-87.682609164693 41.746182858534)"
"6f345a3aae7dcad6a8a8ffd7285750353e0cb48f50aa2efc29b638b7f7581484bcf12695896f6df5669fe969be651c0dcf17fc54834d79b7c5a76ef4e41dd397",,"2026-02-09T09:07:00.000","30","UNKNOWN","UNKNOWN","CLEAR","DAYLIGHT","REAR END","ONE-WAY",,"STRAIGHT AND LEVEL","UNKNOWN","UNKNOWN","NOT ON SCENE (DESK REPORT)","NO INJURY / DRIVE AWAY","Y",,,"OVER $1,500","2026-02-09T18:55:00.000","UNABLE TO DETERMINE","UNABLE TO DETERMINE","6200","S","DR MARTIN LUTHER KING JR DR","311",,,,,,,"2","NO INDICATION OF INJURY","0","0","0","0","0","2","0","9","2","2","41.7819799765","-87.6158163717","POINT (-87.615816371683 41.781979976537)"
"21c69fe281d23f29735abdb70e0628c3ca56df6f7284e029b5bba93ac298681b88cd63ee694e98cd9414309f9852481349c7a1c28d28dc581b786bf5aeaa6bf7",,"2026-02-09T09:05:00.000","30","NO CONTROLS","NO CONTROLS","CLEAR","DAYLIGHT","ANGLE","NOT DIVIDED",,"STRAIGHT AND LEVEL","DRY","NO DEFECTS","ON SCENE","NO INJURY / DRIVE AWAY",,,,"$500 OR LESS","2026-02-09T09:07:00.000","UNABLE TO DETERMINE","NOT APPLICABLE","390","N","CICERO AVE","1532",,,,,,,"2","NO INDICATION OF INJURY","0","0","0","0","0","2","0","9","2","2","41.8879059889","-87.7456977053","POINT (-87.745697705329 41.887905988927)"
"9f55aef41b899553f54d5233071e6e35b6e5fa86ad94311919142b4a09a551922b6da1904eb739bc5793a736e7032593c1ae0cd93f07dbcffd1567c7f5564da9",,"2026-02-09T09:05:00.000","30","NO CONTROLS","NO CONTROLS","CLEAR","DAYLIGHT","REAR TO SIDE","DIVIDED - W/MEDIAN (NOT RAISED)",,"STRAIGHT AND LEVEL","DRY","NO DEFECTS","NOT ON SCENE (DESK REPORT)","NO INJURY / DRIVE AWAY",,,,"OVER $1,500","2026-02-09T11:00:00.000","UNABLE TO DETERMINE","UNABLE TO DETERMINE","1810","S","BLUE ISLAND AVE","1233",,,,,,,"2","NO INDICATION OF INJURY","0","0","0","0","0","2","0","9","2","2","41.8574527464","-87.6616883311","POINT (-87.661688331064 41.857452746396)"
"6e8b312b2af08ea79c59e6cd1b9179502a91bde659a104c367000190dbfdf283f0b9e0364ac27d531c5262c498d198ed41cf4b15cd9cec81ccfea22ae6946309",,"2026-02-09T09:02:00.000","25","STOP SIGN/FLASHER","FUNCTIONING PROPERLY","CLEAR","DAYLIGHT","TURNING","T-INTERSECTION",,"STRAIGHT AND LEVEL","DRY","NO DEFECTS","NOT ON SCENE (DESK REPORT)","NO INJURY / DRIVE AWAY","Y",,,"OVER $1,500","2026-02-09T09:05:00.000","IMPROPER TURNING/NO SIGNAL","NOT APPLICABLE","3417","W","CERMAK RD","1024",,,,,,,"2","NO INDICATION OF INJURY","0","0","0","0","0","7","0","9","2","2","41.8515455029","-87.7108169801","POINT (-87.710816980149 41.851545502934)"
"0af309d02eb3312a77f76fce4a70281e4bbe4f31039ad5e96346b87be1b8ed360ce300e3eadc20977c08e08e0a19787f48ab2fe8c394ad7508628412a3942b2e","Y","2026-02-09T09:00:00.000","30","NO CONTROLS","NO CONTROLS","CLEAR","DAYLIGHT","PARKED MOTOR VEHICLE","ONE-WAY",,"STRAIGHT AND LEVEL","DRY","NO DEFECTS","NOT ON SCENE (DESK REPORT)","NO INJURY / DRIVE AWAY",,,"Y","$500 OR LESS","2026-02-09T11:00:00.000","UNABLE TO DETERMINE","NOT APPLICABLE","1521","N","AUSTIN BLVD","2531",,,,,,,"2","NO INDICATION OF INJURY","0","0","0","0","0","1","0","9","2","2","41.9080959342","-87.7754174085","POINT (-87.775417408533 41.908095934166)"
"d901f313cb82e08205e45257ab3a68005707d26bba71ba57f5d6e7b2b82668316881d0f8cee5ff33a7dad7a22de20e0ba13285f5697798e836ee059e9e6664b8",,"2026-02-09T09:00:00.000","10","UNKNOWN","UNKNOWN","UNKNOWN","UNKNOWN","PARKED MOTOR VEHICLE","PARKING LOT",,"STRAIGHT AND LEVEL","UNKNOWN","UNKNOWN","NOT ON SCENE (DESK REPORT)","NO INJURY / DRIVE AWAY",,"Y","Y","OVER $1,500","2026-02-11T08:30:00.000","UNABLE TO DETERMINE","NOT APPLICABLE","1696","W","OGDEN AVE","1224",,,,,,,"2","NO INDICATION OF INJURY","0","0","0","0","0","1","0","9","2","2","41.8789959461","-87.6692546094","POINT (-87.669254609405 41.87899594612)"
"01c5a995b898699f8e5d341551d5d26bc3ffd49aaf103ec4821e2f92f7e96c25f895b192378a2766a85d6ebab9dbfa3689fd17aa23d4d95675b96d880db8604b",,"2026-02-09T08:58:00.000","30","UNKNOWN","UNKNOWN","CLEAR","DAYLIGHT","SIDESWIPE SAME DIRECTION","FOUR WAY",,"STRAIGHT AND LEVEL","DRY","UNKNOWN","NOT ON SCENE (DESK REPORT)","NO INJURY / DRIVE AWAY",,,,"OVER $1,500","2026-02-09T11:30:00.000","NOT APPLICABLE","NOT APPLICABLE","122","E","75TH ST","323",,,,,,,"2","NO INDICATION OF INJURY","0","0","0","0","0","2","0","8","2","2","41.7584203181","-87.6205213971","POINT (-87.620521397106 41.758420318129)"
"5c0ce43202145ca6939e821de257367e259b16692d7b992dc5b86b90cfe5cc9499baaf39044a2303973bc140394bed0756ee7ede6c2cc3f1e23921acf1ab82a7",,"2026-02-09T08:58:00.000","30","NO CONTROLS","NO CONTROLS","CLEAR","DAYLIGHT","SIDESWIPE SAME DIRECTION","NOT DIVIDED",,"STRAIGHT AND LEVEL","DRY","NO DEFECTS","ON SCENE","NO INJURY / DRIVE AWAY",,,,"OVER $1,500","2026-02-09T09:32:00.000","FAILING TO REDUCE SPEED TO AVOID CRASH","NOT APPLICABLE","1146","S","CENTRAL AVE","1513",,,,,,,"2","NO INDICATION OF INJURY","0","0","0","0","0","2","0","8","2","2","41.865939763","-87.7644750326","POINT (-87.764475032608 41.865939763007)"
"7d7ee649f81b13d72e6ea0adc085372832eb9ce42a114a4b24c9a91bdc39cb79eca0a7961fb7c123304fd799ef7a5579959823dcfeb1eddf92320d401bfed13a",,"2026-02-09T08:57:00.000","30","NO CONTROLS","NO CONTROLS","CLEAR","DAYLIGHT","TURNING","PARKING LOT",,"STRAIGHT AND LEVEL","WET","UNKNOWN","NOT ON SCENE (DESK REPORT)","NO INJURY / DRIVE AWAY",,,,"$500 OR LESS","2026-02-09T11:30:00.000","FOLLOWING TOO CLOSELY","UNABLE TO DETERMINE","119","E","75TH ST","623",,,,,,,"2","NO INDICATION OF INJURY","0","0","0","0","0","2","0","8","2","2","41.7581978017","-87.6206847966","POINT (-87.620684796595 41.758197801663)"
"81471873d37a116e52a3c57ba3c80b165ab4a6c7ad00082d5e8814b6f2f26015f94f0780e16ae2901f88e58ed72120cface752f779228e30c2976c964da4394d",,"2026-02-09T08:57:00.000","30","NO CONTROLS","NO CONTROLS","CLEAR","DAYLIGHT","TURNING","NOT DIVIDED",,"STRAIGHT AND LEVEL","DRY","NO DEFECTS","ON SCENE","INJURY AND / OR TOW DUE TO CRASH",,,,"OVER $1,500","2026-02-09T09:00:00.000","IMPROPER TURNING/NO SIGNAL","NOT APPLICABLE","299","W","79TH ST","623",,,,,,,"2","NO INDICATION OF INJURY","0","0","0","0","0","4","0","8","2","2","41.7507145894","-87.6318139442","POINT (-87.631813944215 41.750714589359)"
"5f0462cf292f6f3937448bc4f37414e68e3c07ef641ee90bd61052100656a45d6e85691069d16385a7f4d5e14e43aa34e735f39f5c4c5729b4c1d70c91b5f25e",,"2026-02-09T08:45:00.000","15","STOP SIGN/FLASHER","FUNCTIONING PROPERLY","CLEAR","DAYLIGHT","PARKED MOTOR VEHICLE","ONE-WAY",,"STRAIGHT AND LEVEL","DRY","NO DEFECTS","NOT ON SCENE (DESK REPORT)","NO INJURY / DRIVE AWAY",,,"Y","OVER $1,500","2026-02-09T21:45:00.000","UNABLE TO DETERMINE","NOT APPLICABLE","5401","W","54TH ST","814",,,,,,,"2","NO INDICATION OF INJURY","0","0","0","0","0","1","0","8","2","2","41.7945043068","-87.7575297485","POINT (-87.757529748476 41.794504306804)"
"810d04baccaa1062f869ff2554b75229dbaf2eb73842c0433edacc13ebcfa2b6af7a3bd5049fa535ace868fda6ee37a6cc37cc765aa4ab0c6e724266bed8baf6",,"2026-02-09T08:45:00.000","30","TRAFFIC SIGNAL","FUNCTIONING PROPERLY","CLEAR","DAYLIGHT","REAR END","NOT DIVIDED",,"STRAIGHT AND LEVEL","DRY","NO DEFECTS","ON SCENE","NO INJURY / DRIVE AWAY",,,,"$500 OR LESS","2026-02-09T08:48:00.000","UNABLE TO DETERMINE","UNABLE TO DETERMINE","3949","N","OAK PARK AVE","1632",,,,,,,"2","NO INDICATION OF INJURY","0","0","0","0","0","2","0","8","2","2","41.9522656597","-87.7961062214","POINT (-87.796106221408 41.952265659667)"
"8346f210ff76b53d0d59a4cb686c7eb0f4def33b44469947ade67f1f820ee2467a049d07aa92ab2a9cc3c229f1980bee085aee4b11c33af8600b72072f105ca5",,"2026-02-09T08:45:00.000","30","TRAFFIC SIGNAL","FUNCTIONING PROPERLY","CLEAR","DAYLIGHT","REAR END","DIVIDED - W/MEDIAN (NOT RAISED)",,"STRAIGHT AND LEVEL","DRY","NO DEFECTS","NOT ON SCENE (DESK REPORT)","NO INJURY / DRIVE AWAY","Y",,,"$501 - $1,500","2026-02-09T08:55:00.000","FAILING TO REDUCE SPEED TO AVOID CRASH","FOLLOWING TOO CLOSELY","2002","N","CALIFORNIA AVE","1414",,,,,,,"2","NO INDICATION OF INJURY","0","0","0","0","0","2","0","8","2","2","41.9175782998","-87.6973503964","POINT (-87.69735039639 41.917578299789)"
"0c58c3346939ebfd60f89ab51591baf6932dde22cdceb3a35bddf76793aaf1468a35c3ba14b85eb648d660be8bd201a70a9cdbc3822e5a117d3e348cece6d3b4",,"2026-02-09T08:40:00.000","30","TRAFFIC SIGNAL","FUNCTIONING PROPERLY","CLEAR","DAYLIGHT","REAR END","NOT DIVIDED",,"STRAIGHT AND LEVEL","DRY","NO DEFECTS","NOT ON SCENE (DESK REPORT)","NO INJURY / DRIVE AWAY",,,,"OVER $1,500","2026-02-09T09:30:00.000","IMPROPER BACKING","NOT APPLICABLE","430","N","LOWER MICHIGAN AVE","1834",,,,,,,"2","NO INDICATION OF INJURY","0","0","0","0","0","2","0","8","2","2","41.8902999981","-87.624289645","POINT (-87.624289644961 41.890299998107)"
"03c18e9a8b6a9c8b35a0bdc67c45bb5321f93da8d04c92b62e3ed90fd47ef3b8ed84f23972f9cecef72459d6aa363bd0e41813a3c1c593e2a3cfebda08bfd052",,"2026-02-09T08:35:00.000","30","NO CONTROLS","NO CONTROLS","CLEAR","DAYLIGHT","SIDESWIPE SAME DIRECTION","NOT DIVIDED",,"STRAIGHT AND LEVEL","DRY","NO DEFECTS","NOT ON SCENE (DESK REPORT)","NO INJURY / DRIVE AWAY",,,,"$500 OR LESS","2026-02-09T09:24:00.000","UNABLE TO DETERMINE","UNABLE TO DETERMINE","4932","S","KEDZIE AVE","821",,,,,,,"2","NO INDICATION OF INJURY","0","0","0","0","0","3","0","8","2","2","41.8034975103","-87.7039875659","POINT (-87.703987565889 41.803497510289)"
"4f69eb64a63fd39eae5fdcab5bcffea187b631b3acf523e6f98f80a6bdecbc022a8ad8bc749afb3b66202abe9f6b363a2926a63d3e5b53fc1c673e42a6c52b05",,"2026-02-09T08:33:00.000","25","NO CONTROLS","NO CONTROLS","CLEAR","DAYLIGHT","SIDESWIPE SAME DIRECTION","ONE-WAY",,"STRAIGHT AND LEVEL","DRY","NO DEFECTS","ON SCENE","NO INJURY / DRIVE AWAY",,,,"$500 OR LESS","2026-02-09T08:34:00.000","UNABLE TO DETERMINE","NOT APPLICABLE","6815","N","GLENWOOD AVE","2431",,,,,,,"2","NO INDICATION OF INJURY","0","0","0","0","0","2","0","8","2","2","42.0059559085","-87.6655084931","POINT (-87.66550849307 42.005955908456)"
"42fc9582f74319812d6435e277d0872754ff565f11e810da52c03d09028e34d6792c46029b44b1c5c1d0be8205d11efd71770c81c449f2bfbce17b2e371110b0",,"2026-02-09T08:15:00.000","30","STOP SIGN/FLASHER","NO CONTROLS","CLEAR","DAYLIGHT","TURNING","FOUR WAY",,"STRAIGHT AND LEVEL","DRY","NO DEFECTS",,"NO INJURY / DRIVE AWAY","Y",,,"$501 - $1,500","2026-02-09T09:45:00.000","FAILING TO YIELD RIGHT-OF-WAY","NOT APPLICABLE","4036","W","NORTH AVE","2534",,,,,,,"2","NO INDICATION OF INJURY","0","0","0","0","0","2","0","8","2","2","41.9099759532","-87.727798219","POINT (-87.727798218978 41.909975953247)"
"d25e26126352635b413ffa92ffda284d8859b36d8d4c7dc984387d96cf6dbbf57710b566577fae21aa1889dc4c3de40b3171f3375ad55a8e54f5fb607eb31e81",,"2026-02-09T08:15:00.000","10","SCHOOL ZONE","UNKNOWN","UNKNOWN","DAYLIGHT","SIDESWIPE SAME DIRECTION","NOT DIVIDED",,"STRAIGHT AND LEVEL","UNKNOWN","UNKNOWN","NOT ON SCENE (DESK REPORT)","NO INJURY / DRIVE AWAY",,,,"$501 - $1,500","2026-02-09T08:28:00.000","UNABLE TO DETERMINE","UNABLE TO DETERMINE","3300","W","71ST ST","831",,,,,,,"2","NO INDICATION OF INJURY","0","0","0","0","0","2","0","8","2","2","41.7644512128","-87.7053252994","POINT (-87.705325299437 41.764451212796)"
"9cc63b90209afaf4f9bd1d72515b8475b36ee406447845c42e4607692e7748f43d03dd339789c156126d384ac0ef8640c4acc9eec2406d41c16e331b2edd6777",,"2026-02-09T08:13:00.000","30","NO CONTROLS","NO CONTROLS","UNKNOWN","UNKNOWN","PARKED MOTOR VEHICLE","NOT DIVIDED",,"STRAIGHT AND LEVEL","UNKNOWN","UNKNOWN","NOT ON SCENE (DESK REPORT)","NO INJURY / DRIVE AWAY",,,"Y","$501 - $1,500","2026-02-09T17:50:00.000","UNABLE TO DETERMINE","UNABLE TO DETERMINE","4414","N","CENTRAL PARK AVE","1723",,,,,,,"2","NO INDICATION OF INJURY","0","0","0","0","0","1","0","8","2","2","41.9615524829","-87.7182049643","POINT (-87.718204964323 41.961552482865)"
"dcbea5da4da7053369219f2e1f8abfaadd7bece98bbc526401848c42af8e059947c2f4c2b39b316b86eb31386715fcc132a22d245f863def688e96c18558affe",,"2026-02-09T08:12:00.000","30","STOP SIGN/FLASHER","FUNCTIONING PROPERLY","CLEAR","DAYLIGHT","SIDESWIPE SAME DIRECTION","NOT DIVIDED",,"STRAIGHT AND LEVEL","DRY","NO DEFECTS","ON SCENE","NO INJURY / DRIVE AWAY",,,,"OVER $1,500","2026-02-09T08:21:00.000","FOLLOWING TOO CLOSELY","FAILING TO YIELD RIGHT-OF-WAY","2800","S","WESTERN AVE","1034",,"Y",,,,,"2","NO INDICATION OF INJURY","0","0","0","0","0","3","0","8","2","2","41.8411101754","-87.6854255447","POINT (-87.685425544687 41.841110175378)"