"crash_record_id","crash_date_est_i","crash_date","posted_speed_limit","traffic_control_device","device_condition","weather_condition","lighting_condition","first_crash_type","trafficway_type","lane_cnt","alignment","roadway_surface_cond","road_defect","report_type","crash_type","intersection_related_i","private_property_i","hit_and_run_i","damage","date_police_notified","prim_contributory_cause","sec_contributory_cause","street_no","street_direction","street_name","beat_of_occurrence","photos_taken_i","statements_taken_i","dooring_i","work_zone_i","work_zone_type","workers_present_i","num_units","most_severe_injury","injuries_total","injuries_fatal","injuries_incapacitating","injuries_non_incapacitating","injuries_reported_not_evident","injuries_no_indication","injuries_unknown","crash_hour","crash_day_of_week","crash_month","latitude","longitude","location"
"f4471a934c5fc4c5c207e2cb98bd9e19c986cc6dc8159d54c923e608bae194f8bfa70a389a04a5190898a5b57568335e9d124d8609b0685cca1faf97d62ac786",,"2026-02-09T08:12:00.000","30","TRAFFIC SIGNAL","FUNCTIONING PROPERLY","CLEAR","DAYLIGHT","TURNING","FOUR WAY",,"STRAIGHT AND LEVEL","DRY","NO DEFECTS","NOT ON SCENE (DESK REPORT)","INJURY AND / OR TOW DUE TO CRASH",,,,"OVER $1,500","2026-02-09T08:15:00.000","UNABLE TO DETERMINE","UNABLE TO DETERMINE","4849","S","DR MARTIN LUTHER KING JR DR","223",,,,,,,"2","REPORTED, NOT EVIDENT","3","0","0","0","3","0","0","8","2","2","41.8061172722","-87.6163590498","POINT (-87.616359049767 41.806117272231)"
"9084468c1fda9cc194cd0c1fe0d8b7d0443604fea798294b6a7adaed3e0d9ca585d96e9754c20b5939a57ff3e011d3717cb56a47f679e42a81094bff0356965e",,"2026-02-09T08:10:00.000","30","STOP SIGN/FLASHER","FUNCTIONING PROPERLY","CLEAR","DAYLIGHT","REAR END","FOUR WAY",,"STRAIGHT AND LEVEL","DRY","UNKNOWN","NOT ON SCENE (DESK REPORT)","NO INJURY / DRIVE AWAY","Y",,,"$501 - $1,500","2026-02-09T20:00:00.000","FOLLOWING TOO CLOSELY","NOT APPLICABLE","624","N","WESTERN AVE","1221","Y",,,,,,"2","NO INDICATION OF INJURY","0","0","0","0","0","3","0","8","2","2","41.8927674417","-87.6869036263","POINT (-87.686903626292 41.892767441652)"
"ac1d9506799a149fce8af33b8fd0c0bd1da337d837efb34933a09d7777a0560f48db64d2bb03fbf43e8bde3043467e252f565f24f1a6ae6111a168baf234f5d0",,"2026-02-09T08:10:00.000","20","NO CONTROLS","NO CONTROLS","CLEAR","DAYLIGHT","REAR END","ONE-WAY",,"STRAIGHT AND LEVEL","DRY","NO DEFECTS","NOT ON SCENE (DESK REPORT)","NO INJURY / DRIVE AWAY",,,,"OVER $1,500","2026-02-09T08:23:00.000","FAILING TO REDUCE SPEED TO AVOID CRASH","NOT APPLICABLE","5818","S","TRUMBULL AVE","822",,,,,,,"2","NO INDICATION OF INJURY","0","0","0","0","0","2","0","8","2","2","41.7873678285","-87.709654133","POINT (-87.709654132953 41.78736782849)"
"3d0159181bd893002b2d44a065231793e7e9d86c41216a1dcff0e0a4e406b6eccc65f499b125af6ec1644d6a014f9baefcb69f2a6844f595a6baae9c590f8f88",,"2026-02-09T08:07:00.000","30","TRAFFIC SIGNAL","FUNCTIONING PROPERLY","CLEAR","DAYLIGHT","SIDESWIPE SAME DIRECTION","NOT DIVIDED",,"STRAIGHT AND LEVEL","DRY","NO DEFECTS","ON SCENE","NO INJURY / DRIVE AWAY",,,"Y","OVER $1,500","2026-02-09T08:08:00.000","IMPROPER OVERTAKING/PASSING","IMPROPER LANE USAGE","4754","W","FULLERTON AVE","2521",,,,,,,"3","NO INDICATION OF INJURY","0","0","0","0","0","5","0","8","2","2","41.9243523792","-87.7460861408","POINT (-87.746086140838 41.9243523792)"
"d72f1b7484774e28e753873e5330153ba55fd59762c211b3b3e49179df1ba61a25163ebd1c26edb295a8aa9072e214612db962ab2f3db2acb0e781bb1e232151",,"2026-02-09T08:04:00.000","15","NO CONTROLS","NO CONTROLS","CLEAR","DAYLIGHT","SIDESWIPE OPPOSITE DIRECTION","ALLEY",,"STRAIGHT AND LEVEL","SNOW OR SLUSH","UNKNOWN","ON SCENE","NO INJURY / DRIVE AWAY",,,"Y","OVER $1,500","2026-02-09T08:24:00.000","UNABLE TO DETERMINE","UNABLE TO DETERMINE","6010","N","AVONDALE AVE","1612",,,,,,,"2","NO INDICATION OF INJURY","0","0","0","0","0","2","0","8","2","2","41.9904552409","-87.7976086713","POINT (-87.797608671268 41.990455240941)"
"7b80d6e4c904eada67cdd374e2dc92f24a0062999f5fffbcae84868a9b456d9d922243703a822afb5fb2bba522fec406c49a5307b15307e0d57d525d5b9dcc9d",,"2026-02-09T08:01:00.000","30","STOP SIGN/FLASHER","FUNCTIONING PROPERLY","CLEAR","DAYLIGHT","ANGLE","NOT DIVIDED",,"STRAIGHT AND LEVEL","DRY","NO DEFECTS","NOT ON SCENE (DESK REPORT)","INJURY AND / OR TOW DUE TO CRASH",,,,"OVER $1,500","2026-02-09T08:01:00.000","FAILING TO YIELD RIGHT-OF-WAY","NOT APPLICABLE","1198","W","14TH PL","1233",,,,,,,"2","REPORTED, NOT EVIDENT","2","0","0","0","2","0","0","8","2","2","41.862569297","-87.6563792729","POINT (-87.656379272861 41.862569296978)"
"4a296aa3207c12aba12e95d30be0971d9daa8c63e40e2b578dbdc3426db41a008d544f6801dd58b88a59d47abfd7e5267aa8d715dfb011c13f49693efd528892",,"2026-02-09T08:00:00.000","30","NO CONTROLS","UNKNOWN","UNKNOWN","DAYLIGHT","PARKED MOTOR VEHICLE","DIVIDED - W/MEDIAN (NOT RAISED)",,"STRAIGHT AND LEVEL","UNKNOWN","UNKNOWN","NOT ON SCENE (DESK REPORT)","NO INJURY / DRIVE AWAY",,,"Y","$501 - $1,500","2026-02-09T13:36:00.000","NOT APPLICABLE","NOT APPLICABLE","1326","S","MICHIGAN AVE","131",,,,,,,"2","NO INDICATION OF INJURY","0","0","0","0","0","1","0","8","2","2","41.8649995335","-87.6242430055","POINT (-87.624243005511 41.864999533491)"
"70290b6ad7454e884bef9b1d376095003f485d0464f41e5df0e588d9e39c9805dcbce57d948db0324d6056942d383eef6f850095dddd0defa6a5dc19a03a9991",,"2026-02-09T08:00:00.000","30","TRAFFIC SIGNAL","FUNCTIONING PROPERLY","CLEAR","DAYLIGHT","TURNING","NOT DIVIDED",,"STRAIGHT AND LEVEL","DRY","NO DEFECTS","ON SCENE","INJURY AND / OR TOW DUE TO CRASH","Y",,,"OVER $1,500","2026-02-09T08:00:00.000","NOT APPLICABLE","NOT APPLICABLE","1600","N","NARRAGANSETT AVE","2513",,,,,,,"2","NONINCAPACITATING INJURY","1","0","0","1","0","2","0","8","2","2","41.9092357102","-87.7851522385","POINT (-87.785152238478 41.909235710242)"
"e2dc50e29afd8f27baf62fea2f328696d2d876d595ec1c1d76711443fe32b6f74a1b461629dc449842567614fe1bff1a1a5b3c463e20fd958c682caeaed2aa88",,"2026-02-09T08:00:00.000","30","TRAFFIC SIGNAL","NO CONTROLS","CLEAR","DAYLIGHT","ANGLE","DIVIDED - W/MEDIAN (NOT RAISED)",,"STRAIGHT AND LEVEL","DRY","NO DEFECTS","NOT ON SCENE (DESK REPORT)","NO INJURY / DRIVE AWAY","Y",,"Y","OVER $1,500","2026-02-11T21:25:00.000","IMPROPER OVERTAKING/PASSING","NOT APPLICABLE","1615","N","NARRAGANSETT AVE","2513",,,,,,,"2","NO INDICATION OF INJURY","0","0","0","0","0","2","0","8","2","2","41.9096344324","-87.7848714488","POINT (-87.784871448842 41.909634432448)"
"5f4482058040e7ee40d79f70e1f47edd4553bb1f7489f9edef6aaa0b0806534f1e837601f4d12b99f9752a9a1c54fd4a900fe27166dbc6f1bf9348125b2113e3",,"2026-02-09T07:58:00.000","30","NO CONTROLS","NO CONTROLS","CLEAR","DAYLIGHT","REAR END","NOT DIVIDED",,"STRAIGHT AND LEVEL","DRY","NO DEFECTS","NOT ON SCENE (DESK REPORT)","NO INJURY / DRIVE AWAY","Y",,,"OVER $1,500","2026-02-09T08:43:00.000","FAILING TO REDUCE SPEED TO AVOID CRASH","FAILING TO REDUCE SPEED TO AVOID CRASH","4020","W","47TH ST","815",,,,,,,"2","NO INDICATION OF INJURY","0","0","0","0","0","2","0","7","2","2","41.8079706242","-87.7245714641","POINT (-87.724571464106 41.807970624154)"
"0376b875f123bef13eb3f7813743751eefcdb74e580f62b11452aeb85bd3b588f852f88bf51a79fa21d07693949d6e04d7d7f6ce6ff71d02c36c51bf07777c36",,"2026-02-09T07:55:00.000","25","NO CONTROLS","NO CONTROLS","CLEAR","DAYLIGHT","REAR END","NOT DIVIDED",,"STRAIGHT AND LEVEL","ICE","NO DEFECTS","ON SCENE","NO INJURY / DRIVE AWAY",,,,"OVER $1,500","2026-02-09T08:00:00.000","DISTRACTION - FROM INSIDE VEHICLE","NOT APPLICABLE","6437","N","KEDZIE AVE","2412",,,,,,,"3","NO INDICATION OF INJURY","0","0","0","0","0","2","0","7","2","2","41.998498943","-87.7092113061","POINT (-87.709211306087 41.998498943)"
"2b2998945605917370124872796934d4747fbdfdd6588258bc9a66e54c369ef230a7be95869eb6a396a0713749d59d7ca0ca41c75658b9e7f515a1ad35806143",,"2026-02-09T07:55:00.000","30","TRAFFIC SIGNAL","FUNCTIONING PROPERLY","CLEAR","DAYLIGHT","TURNING","FOUR WAY",,"STRAIGHT AND LEVEL","DRY","NO DEFECTS","ON SCENE","INJURY AND / OR TOW DUE TO CRASH","Y",,,"$500 OR LESS","2026-02-09T08:00:00.000","IMPROPER OVERTAKING/PASSING","NOT APPLICABLE","4801","W","JACKSON BLVD","1533",,,,,,,"2","REPORTED, NOT EVIDENT","1","0","0","0","1","2","0","7","2","2","41.8766963076","-87.7451630607","POINT (-87.745163060709 41.876696307624)"
"5a1065fca777d7925f17fbcfacbfa91bfb25bd61063e9f1f75ea0b51fece9da59c50be6902528cc3dc55b3a2b83d571632435fc0edf02f54849fb8fd27c67029",,"2026-02-09T07:55:00.000","25","STOP SIGN/FLASHER","FUNCTIONING PROPERLY","CLEAR","DAYLIGHT","ANGLE","NOT DIVIDED",,"STRAIGHT AND LEVEL","DRY","NO DEFECTS","NOT ON SCENE (DESK REPORT)","NO INJURY / DRIVE AWAY","Y",,"Y","$501 - $1,500","2026-02-09T08:30:00.000","FAILING TO YIELD RIGHT-OF-WAY","NOT APPLICABLE","5226","W","DICKENS AVE","2515",,,,,,,"2","NO INDICATION OF INJURY","0","0","0","0","0","2","0","7","2","2","41.918762042","-87.7571577947","POINT (-87.757157794684 41.918762041964)"
"ad2a8c9ebfe8d632bcae804591a9c97c75b04d67700c54ff1845db056b79ad69d2aaaeeea6c367b423350b1535a592a2c58ae1cb549769750303b5974d2d0e10",,"2026-02-09T07:54:00.000","30","NO CONTROLS","NO CONTROLS","CLEAR","DAYLIGHT","ANGLE","DIVIDED - W/MEDIAN (NOT RAISED)",,"STRAIGHT AND LEVEL","DRY","NO DEFECTS","NOT ON SCENE (DESK REPORT)","NO INJURY / DRIVE AWAY",,,,"OVER $1,500","2026-02-09T08:40:00.000","FAILING TO YIELD RIGHT-OF-WAY","NOT APPLICABLE","6125","N","MILWAUKEE AVE","1611",,,,,,,"2","NO INDICATION OF INJURY","0","0","0","0","0","2","0","7","2","2","41.9928754428","-87.7835214846","POINT (-87.783521484588 41.992875442761)"
"346bc98b387de4e4161a9a3350adb9a940d0340458cc21d86ec4451565f354ec4420b7af1a3e40201e892c7bfd394efaab2f522700e6bf877992d0aa0bc2eaf6",,"2026-02-09T07:52:00.000","25","STOP SIGN/FLASHER","FUNCTIONING PROPERLY","CLEAR","DAYLIGHT","SIDESWIPE OPPOSITE DIRECTION","NOT DIVIDED",,"STRAIGHT AND LEVEL","DRY","NO DEFECTS","ON SCENE","NO INJURY / DRIVE AWAY",,,"Y","$501 - $1,500","2026-02-09T07:54:00.000","IMPROPER OVERTAKING/PASSING","FAILING TO YIELD RIGHT-OF-WAY","1698","W","49TH ST","931",,,,,,,"2","NO INDICATION OF INJURY","0","0","0","0","0","2","0","7","2","2","41.805051735","-87.6672475817","POINT (-87.667247581655 41.805051735018)"
"dc45f76e22ac9b5deb036fb3471c2d5eb88d80cce5c2f3c84d8ad0486282104d16b10c051edc37da30cab8c4ff418dbe0097275d0efafe852a69a09ffc51b663",,"2026-02-09T07:48:00.000","30","TRAFFIC SIGNAL","FUNCTIONING PROPERLY","CLOUDY/OVERCAST","DAYLIGHT","TURNING","DIVIDED - W/MEDIAN (NOT RAISED)",,"STRAIGHT AND LEVEL","DRY","NO DEFECTS","NOT ON SCENE (DESK REPORT)","NO INJURY / DRIVE AWAY","Y",,,"OVER $1,500","2026-02-09T09:50:00.000","FOLLOWING TOO CLOSELY","FAILING TO REDUCE SPEED TO AVOID CRASH","1600","W","IRVING PARK RD","1912",,,,,,,"2","NO INDICATION OF INJURY","0","0","0","0","0","2","0","7","2","2","41.9543993037","-87.6691128654","POINT (-87.669112865433 41.954399303703)"
"2f055fc7c2c32dd45063c39eec87cbcc5eca8d5654f2ecf62bc07fe2f3c1d0530e1e6d5fbe2147d394696fa4e431ead652fbc217c2400de223e0975ba5225710",,"2026-02-09T07:45:00.000","30","NO CONTROLS","NO CONTROLS","RAIN","DAYLIGHT","SIDESWIPE SAME DIRECTION","NOT DIVIDED",,"STRAIGHT AND LEVEL","DRY","NO DEFECTS","NOT ON SCENE (DESK REPORT)","NO INJURY / DRIVE AWAY",,,,"OVER $1,500","2026-02-09T13:30:00.000","IMPROPER OVERTAKING/PASSING","FAILING TO REDUCE SPEED TO AVOID CRASH","6262","N","HARLEM AVE","1612",,,,,,,"2","NO INDICATION OF INJURY","0","0","0","0","0","2","0","7","2","2","41.9953464848","-87.8069658232","POINT (-87.806965823182 41.995346484781)"
"38ad551a0b95bb9b9097e7475c2678b32859a8304f92ac591ee26c6dab7edf2799bc2e80ea180b2327197f07f4cac7be8a3b0e69b93fa938d842cc082c319c64",,"2026-02-09T07:45:00.000","30","NO CONTROLS","NO CONTROLS","UNKNOWN","UNKNOWN","TURNING","NOT DIVIDED",,"STRAIGHT AND LEVEL","UNKNOWN","UNKNOWN","NOT ON SCENE (DESK REPORT)","NO INJURY / DRIVE AWAY",,,,"$501 - $1,500","2026-02-10T18:00:00.000","UNABLE TO DETERMINE","NOT APPLICABLE","11056","S","KEDZIE AVE","2211",,,,,,,"2","NO INDICATION OF INJURY","0","0","0","0","0","2","0","7","2","2","41.6917126149","-87.7009796982","POINT (-87.700979698231 41.691712614877)"
"c77f1d1480d597e1e5ac5eb5e9499c3708d85220bad134cb81af13859166cbb1596f7c00bdae8b43ffec10ce117a893dd448267a741684a98433d407d3c2992f",,"2026-02-09T07:45:00.000","30","NO CONTROLS","NO CONTROLS","CLEAR","DAYLIGHT","TURNING","ONE-WAY",,"STRAIGHT AND LEVEL","DRY","UNKNOWN","ON SCENE","INJURY AND / OR TOW DUE TO CRASH",,,"Y","OVER $1,500","2026-02-09T07:48:00.000","UNABLE TO DETERMINE","UNABLE TO DETERMINE","2833","S","ARCHER AVE","913",,,,,,,"3","REPORTED, NOT EVIDENT","1","0","0","0","1","1","0","7","2","2","41.8427991812","-87.65529374","POINT (-87.655293739982 41.84279918125)"
"0b0eda0fd894f4d09d9b499db31474172d0d08066acc383ab2049bee19591b045ee8695e16e6b50ccf345546c014f4b4b5249b8a250c30ded1b43fdfab2f2def",,"2026-02-09T07:40:00.000","30","STOP SIGN/FLASHER","FUNCTIONING PROPERLY","CLEAR","DAYLIGHT","REAR END","NOT DIVIDED",,"STRAIGHT AND LEVEL","DRY","NO DEFECTS","NOT ON SCENE (DESK REPORT)","NO INJURY / DRIVE AWAY",,,,"$500 OR LESS","2026-02-09T09:10:00.000","UNABLE TO DETERMINE","UNABLE TO DETERMINE","3833","W","16TH ST","1014",,,,,,,"2","NO INDICATION OF INJURY","0","0","0","0","0","2","0","7","2","2","41.8587963344","-87.7213158138","POINT (-87.721315813794 41.858796334382)"
"a28b9230ede7f6f646e8b59d4efea70d55418ac0ef67f8eec5c598712bbeae8038759f2cde41ac0c93c8b7c8d3061d0a230100195ebdad83fd0884f0e87cedb1",,"2026-02-09T07:40:00.000","30","NO CONTROLS","NO CONTROLS","CLEAR","DAYLIGHT","ANGLE","ALLEY",,"STRAIGHT AND LEVEL","DRY","NO DEFECTS","NOT ON SCENE (DESK REPORT)","NO INJURY / DRIVE AWAY",,,,"OVER $1,500","2026-02-09T08:30:00.000","FAILING TO YIELD RIGHT-OF-WAY","FAILING TO YIELD RIGHT-OF-WAY","6231","N","BROADWAY","2433",,,,,,,"2","NO INDICATION OF INJURY","0","0","0","0","0","2","0","7","2","2","41.9954942794","-87.6602863708","POINT (-87.660286370815 41.995494279444)"
"765961a12de3648b907842d1c06ccab15e617f1a432186729f7fce182b5194528b6859dcde89906ff52ec7a8d15e6913e65f78df7355755395641d16e0c96d34",,"2026-02-09T07:35:00.000","25","NO CONTROLS","NO CONTROLS","CLOUDY/OVERCAST","DAYLIGHT","OTHER OBJECT","NOT DIVIDED",,"STRAIGHT AND LEVEL","DRY","OTHER","NOT ON SCENE (DESK REPORT)","NO INJURY / DRIVE AWAY",,,,"$500 OR LESS","2026-02-11T16:50:00.000","NOT APPLICABLE","NOT APPLICABLE","329","W","PERSHING RD","925",,,,,,,"1","NO INDICATION OF INJURY","0","0","0","0","0","1","0","7","2","2","41.823496641","-87.6344597195","POINT (-87.634459719458 41.823496640982)"
"ecfe03cbf178a3e9a0ff865f0a35913cd85d7fb56b60c4fbdedeeb318d90721b10fbf681f1df86db8b09e909a11c93dd1a3baea11327d40aaf8ee214d0160878",,"2026-02-09T07:34:00.000","25","TRAFFIC SIGNAL","FUNCTIONING PROPERLY","CLEAR","DAYLIGHT","REAR END","NOT DIVIDED",,"STRAIGHT AND LEVEL","DRY","NO DEFECTS","NOT ON SCENE (DESK REPORT)","NO INJURY / DRIVE AWAY","Y",,,"OVER $1,500","2026-02-09T14:00:00.000","UNABLE TO DETERMINE","UNABLE TO DETERMINE","4000","W","31ST ST","1031",,,,,,,"2","NO INDICATION OF INJURY","0","0","0","0","0","2","0","7","2","2","41.836991174","-87.7244141476","POINT (-87.724414147595 41.836991173994)"
"027c6c07a947fa0c50dda6aac7896bc8a92b98397dd3a755e12519327582ac12022b295f9e1e7416eba1069332b9ac2051c385cfa28dfc00802f2bebac0253a7",,"2026-02-09T07:30:00.000","30","TRAFFIC SIGNAL","FUNCTIONING PROPERLY","CLEAR","DAYLIGHT","TURNING","FOUR WAY",,"STRAIGHT AND LEVEL","DRY","NO DEFECTS","ON SCENE","NO INJURY / DRIVE AWAY","Y",,,"OVER $1,500","2026-02-09T07:50:00.000","FAILING TO YIELD RIGHT-OF-WAY","IMPROPER TURNING/NO SIGNAL","5435","S","ARCHER AVE","814",,,,,,,"2","NO INDICATION OF INJURY","0","0","0","0","0","3","0","7","2","2","41.7983453499","-87.7443169411","POINT (-87.744316941091 41.798345349895)"
"9cf4907fee958914ed67781d0110efdf6dae2aa9b6de9898fbcf600adb2370ff8dfeda367741410ca6ab8723775b89414803051780c16a512a67118c34f6032d",,"2026-02-09T07:30:00.000","30","TRAFFIC SIGNAL","UNKNOWN","UNKNOWN","DAYLIGHT","PEDESTRIAN","NOT DIVIDED",,"STRAIGHT AND LEVEL","UNKNOWN","UNKNOWN","NOT ON SCENE (DESK REPORT)","INJURY AND / OR TOW DUE TO CRASH",,,,"$500 OR LESS","2026-02-09T08:30:00.000","UNABLE TO DETERMINE","UNABLE TO DETERMINE","250","W","GARFIELD BLVD","935",,,,,,,"2","REPORTED, NOT EVIDENT","1","0","0","0","1","1","0","7","2","2","41.7946331743","-87.6326040066","POINT (-87.632604006579 41.794633174341)"
"3cd8259a733d957a9e8f5c8d15bf870f1b4b22684096bb3b983d21e535cfaa89c6b29d68d7005969f5825491f3a4c8d54fa5f39efb51569bb538f033b4fd88fb",,"2026-02-09T07:27:00.000","30","TRAFFIC SIGNAL","FUNCTIONING PROPERLY","CLEAR","DAYLIGHT","FIXED OBJECT","NOT DIVIDED",,"STRAIGHT AND LEVEL","DRY","NO DEFECTS","ON SCENE","INJURY AND / OR TOW DUE TO CRASH",,,,"OVER $1,500","2026-02-09T07:35:00.000","UNABLE TO DETERMINE","NOT APPLICABLE","3754","W","LAKE ST","1122",,,,,,,"1","REPORTED, NOT EVIDENT","1","0","0","0","1","0","0","7","2","2","41.885292951","-87.720570714","POINT (-87.720570714007 41.885292950972)"
"51c4f38cb07b3b88f26b15ca7d1974b8f8a609e9ee6a760f8c365815a6405cc18c5919254c431af31afb9d76ef46cb67a841ca8466e782b96733878495329972",,"2026-02-09T07:15:00.000","30","TRAFFIC SIGNAL","FUNCTIONING PROPERLY","CLEAR","DAYLIGHT","TURNING","FOUR WAY",,"STRAIGHT AND LEVEL","DRY","NO DEFECTS",,"INJURY AND / OR TOW DUE TO CRASH","Y",,,"OVER $1,500","2026-02-09T07:22:00.000","DISREGARDING TRAFFIC SIGNALS","UNABLE TO DETERMINE","4759","W","FULLERTON AVE","2522",,,,,,,"2","INCAPACITATING INJURY","1","0","1","0","0","1","0","7","2","2","41.9241304308","-87.7462374335","POINT (-87.746237433534 41.92413043084)"
"139502f1914cb99d2c565b40d460cd556e3b3c5633fba7ee3d8ea31488eb6c38ad054d6e6c4e7d891fdbfab6bee11d549ffad72023f774348442c9d8a5bc9995",,"2026-02-09T07:00:00.000","30","TRAFFIC SIGNAL","FUNCTIONING PROPERLY","CLEAR","DAYLIGHT","TURNING","NOT DIVIDED",,"STRAIGHT AND LEVEL","DRY","NO DEFECTS","ON SCENE","NO INJURY / DRIVE AWAY",,,,"OVER $1,500","2026-02-09T07:07:00.000","IMPROPER TURNING/NO SIGNAL","IMPROPER TURNING/NO SIGNAL","3200","W","PERSHING RD","911",,,,,,,"2","NO INDICATION OF INJURY","0","0","0","0","0","6","0","7","2","2","41.8226972945","-87.7045640279","POINT (-87.704564027861 41.822697294464)"
"a9b5a4cd516822e44762653f94ea85da3cf9bae5874f61f5d065f6e183ce37d3f4dece650d2e065f10214c9fa7f47578034e31ebf8265a1cfa4d4081e44d1259",,"2026-02-09T07:00:00.000","30","TRAFFIC SIGNAL","FUNCTIONING PROPERLY","CLEAR","DAYLIGHT","TURNING","CENTER TURN LANE",,"STRAIGHT AND LEVEL","DRY","UNKNOWN","NOT ON SCENE (DESK REPORT)","NO INJURY / DRIVE AWAY","Y",,,"OVER $1,500","2026-02-09T08:05:00.000","IMPROPER TURNING/NO SIGNAL","UNABLE TO DETERMINE","1600","S","ASHLAND AVE","1234",,,,,,,"2","NO INDICATION OF INJURY","0","0","0","0","0","2","0","7","2","2","41.859559782","-87.6663438504","POINT (-87.666343850368 41.859559781969)"
"b5575445a776cf7fe949b84472f30b4ab5f1ffdcaf7dad581a3051bb69849d3f5e735b2a64d8ad41a2d78a9bb692f9d691579cfd3f57aa88f2ba2b4fa0ee26e2",,"2026-02-09T06:53:00.000","30","NO CONTROLS","NO CONTROLS","UNKNOWN","UNKNOWN","REAR END","DIVIDED - W/MEDIAN (NOT RAISED)",,"STRAIGHT AND LEVEL","UNKNOWN","UNKNOWN","NOT ON SCENE (DESK REPORT)","NO INJURY / DRIVE AWAY",,,,"OVER $1,500","2026-02-13T16:13:00.000","DRIVING SKILLS/KNOWLEDGE/EXPERIENCE","UNABLE TO DETERMINE","6450","N","RIDGE BLVD","2412",,,,,,,"2","NO INDICATION OF INJURY","0","0","0","0","0","2","0","6","2","2","41.9993075935","-87.6776104642","POINT (-87.677610464241 41.99930759346)"
"595f83e7c94099be6d8973be367ba65d16a9ad02ea0acb80c414bdb35a47906e42c812ac78d9ea0a30b3fe5fe2ffb773730beb7876b325624d0fae9e40351c4f",,"2026-02-09T06:50:00.000","30","NO CONTROLS","UNKNOWN","UNKNOWN","UNKNOWN","PARKED MOTOR VEHICLE","ONE-WAY",,"STRAIGHT AND LEVEL","UNKNOWN","UNKNOWN","NOT ON SCENE (DESK REPORT)","NO INJURY / DRIVE AWAY",,,"Y","OVER $1,500","2026-02-09T18:36:00.000","IMPROPER OVERTAKING/PASSING","NOT APPLICABLE","6210","S","DORCHESTER AVE","314",,,,,,,"2","NO INDICATION OF INJURY","0","0","0","0","0","1","0","6","2","2","41.7820467309","-87.5915331097","POINT (-87.591533109653 41.782046730931)"
"0eb29f7fa0cb18f59a46f634ab0e7b64632b140ddb27f711cee0e9045f47ba1b0c4d71065a1d0bc7f42d0c385b2300ff5f6c6e90f4da1c5936f9aad95cf07cee",,"2026-02-09T06:45:00.000","30","NO CONTROLS","NO CONTROLS","CLEAR","UNKNOWN","PARKED MOTOR VEHICLE","ONE-WAY",,"STRAIGHT AND LEVEL","DRY","NO DEFECTS","NOT ON SCENE (DESK REPORT)","NO INJURY / DRIVE AWAY",,,"Y","OVER $1,500","2026-02-09T15:20:00.000","UNABLE TO DETERMINE","UNABLE TO DETERMINE","6151","W","EDDY ST","1633",,,,,,,"2","NO INDICATION OF INJURY","0","0","0","0","0","1","0","6","2","2","41.9446988255","-87.7809088144","POINT (-87.780908814438 41.944698825509)"
"6da831ac18e3d2111e73200606b918eca0736fb774caf0b4e8d17f17a99fc0bde66496e92b7aff26fe665b2381a87cded35c1d7b03f9617d00d209f3f2ca6580",,"2026-02-09T06:45:00.000","15","NO CONTROLS","NO CONTROLS","CLEAR","DAYLIGHT","REAR END","PARKING LOT",,"STRAIGHT AND LEVEL","DRY","NO DEFECTS","NOT ON SCENE (DESK REPORT)","NO INJURY / DRIVE AWAY",,"Y",,"OVER $1,500","2026-02-09T14:45:00.000","FAILING TO REDUCE SPEED TO AVOID CRASH","NOT APPLICABLE","7171","W","IRVING PARK RD","1632",,,,,,,"2","NO INDICATION OF INJURY","0","0","0","0","0","3","0","6","2","2","41.952657446","-87.8062884735","POINT (-87.806288473524 41.952657445968)"
"3c99abc3b2821df1d8ce76e8b71263a820a6c2f476234fce4febc5ca336965317e3cd46407b5d335e839392f1aca7fb8d9e5ced619b873c93c2bb51d6f242dac",,"2026-02-09T06:43:00.000","30","STOP SIGN/FLASHER","FUNCTIONING PROPERLY","CLEAR","DAYLIGHT","TURNING","NOT DIVIDED",,"STRAIGHT AND LEVEL","DRY","NO DEFECTS","ON SCENE","NO INJURY / DRIVE AWAY","Y",,,"OVER $1,500","2026-02-09T06:44:00.000","FAILING TO YIELD RIGHT-OF-WAY","NOT APPLICABLE","3800","S","CAMPBELL AVE","911",,,,,,,"2","NO INDICATION OF INJURY","0","0","0","0","0","4","0","6","2","2","41.8247355916","-87.6874997056","POINT (-87.687499705645 41.824735591643)"
"008e340771009d7d5706012659839800b44af0b1d57d87b19b85f6d6b92890149e717198d753025d7c786c3f06b8ee6a566099ab05385453f721660ca31827c5","Y","2026-02-09T06:37:00.000","30","NO CONTROLS","NO CONTROLS","UNKNOWN","UNKNOWN","PARKED MOTOR VEHICLE","NOT DIVIDED",,"STRAIGHT AND LEVEL","UNKNOWN","NO DEFECTS","NOT ON SCENE (DESK REPORT)","NO INJURY / DRIVE AWAY",,,"Y","OVER $1,500","2026-02-11T14:30:00.000","FAILING TO REDUCE SPEED TO AVOID CRASH","UNABLE TO DETERMINE","1448","W","73RD PL","734",,,,,,,"2","NO INDICATION OF INJURY","0","0","0","0","0","1","0","6","2","2","41.7605141477","-87.6607113956","POINT (-87.660711395636 41.760514147681)"
"6031b3b8a96668dca1a8f49798565fbb3b47e3758ff123fdd66f399d45351668bac6683721880a19f67b7c7a75953633f65205c98c90f01bd44ecd7a88890699",,"2026-02-09T06:34:00.000","30","NO CONTROLS","NO CONTROLS","CLEAR","DAYLIGHT","TURNING","NOT DIVIDED",,"STRAIGHT AND LEVEL","DRY","NO DEFECTS","ON SCENE","INJURY AND / OR TOW DUE TO CRASH",,,,"OVER $1,500","2026-02-09T06:34:00.000","FAILING TO YIELD RIGHT-OF-WAY","FAILING TO YIELD RIGHT-OF-WAY","6500","N","WESTERN AVE","2412",,,,,,,"2","NO INDICATION OF INJURY","0","0","0","0","0","2","0","6","2","2","41.9996324383","-87.690080925","POINT (-87.690080925006 41.999632438278)"