"crash_record_id","crash_date_est_i","crash_date","posted_speed_limit","traffic_control_device","device_condition","weather_condition","lighting_condition","first_crash_type","trafficway_type","lane_cnt","alignment","roadway_surface_cond","road_defect","report_type","crash_type","intersection_related_i","private_property_i","hit_and_run_i","damage","date_police_notified","prim_contributory_cause","sec_contributory_cause","street_no","street_direction","street_name","beat_of_occurrence","photos_taken_i","statements_taken_i","dooring_i","work_zone_i","work_zone_type","workers_present_i","num_units","most_severe_injury","injuries_total","injuries_fatal","injuries_incapacitating","injuries_non_incapacitating","injuries_reported_not_evident","injuries_no_indication","injuries_unknown","crash_hour","crash_day_of_week","crash_month","latitude","longitude","location"
"8d51f4e217d07b60aecd4bb189f953999dde2a14bd1fcd5be37316a41e46893e2fb7a7646dc4fceb7bebc4f2fe056f7af1394c7848f442444b0f28a6b3bb50fd",,"2026-02-09T06:34:00.000","30","NO CONTROLS","NO CONTROLS","CLEAR","DAYLIGHT","SIDESWIPE SAME DIRECTION","DIVIDED - W/MEDIAN (NOT RAISED)",,"STRAIGHT AND LEVEL","DRY","NO DEFECTS","ON SCENE","NO INJURY / DRIVE AWAY",,,,"$501 - $1,500","2026-02-09T06:58:00.000","IMPROPER OVERTAKING/PASSING","FAILING TO YIELD RIGHT-OF-WAY","1526","W","BELMONT AVE","1922",,,,,,,"2","NO INDICATION OF INJURY","0","0","0","0","0","2","0","6","2","2","41.9398237084","-87.6673419389","POINT (-87.667341938923 41.939823708365)"
"9425ae4cb591fd2a4576120f0a331dbc702bd7caba2bf1018644a419eba1ef50e093fec98d01e9ff5cf81c70477b8f02b633c28380e27d1ab3d9bcffa81fa2df",,"2026-02-09T06:30:00.000","20","NO CONTROLS","NO CONTROLS","CLEAR","DAYLIGHT","REAR END","NOT DIVIDED",,"STRAIGHT AND LEVEL","DRY","NO DEFECTS","NOT ON SCENE (DESK REPORT)","NO INJURY / DRIVE AWAY",,,,"$500 OR LESS","2026-02-09T17:00:00.000","FOLLOWING TOO CLOSELY","UNABLE TO DETERMINE","4314","N","LARAMIE AVE","1624",,,,,,,"2","NO INDICATION OF INJURY","0","0","0","0","0","2","0","6","2","2","41.9592614192","-87.7574891217","POINT (-87.757489121677 41.959261419217)"
"dec8b39f4eddcc7675b7d823d290935b8ca613a54184690c394bf0563e358bcd100a8b751737e4859798d54f554ec944a03a4f13ca6533c4b890e3e861a02f43",,"2026-02-09T06:30:00.000","30","TRAFFIC SIGNAL","FUNCTIONING PROPERLY","CLEAR","DAYLIGHT","SIDESWIPE SAME DIRECTION","FOUR WAY",,"STRAIGHT AND LEVEL","DRY","NO DEFECTS","NOT ON SCENE (DESK REPORT)","NO INJURY / DRIVE AWAY",,,"Y","OVER $1,500","2026-02-09T10:10:00.000","UNABLE TO DETERMINE","NOT APPLICABLE","4341","W","GRAND AVE","2534",,,,,,,"2","NO INDICATION OF INJURY","0","0","0","0","0","2","0","6","2","2","41.909503112","-87.7351860423","POINT (-87.735186042307 41.909503112043)"
"2247d40b6fa79fb7c87829a5b984e8b335177a6cb1b0213b6120954474274e8b6746170a8dab93c0257d6e15f146e2ef0867219afaaa730a5bc91e8f7334dedf",,"2026-02-09T06:12:00.000","45","NO CONTROLS","NO CONTROLS","CLEAR","DARKNESS","REAR END","OTHER",,"STRAIGHT AND LEVEL","DRY","NO DEFECTS","ON SCENE","NO INJURY / DRIVE AWAY",,,,"OVER $1,500","2026-02-09T06:14:00.000","FAILING TO YIELD RIGHT-OF-WAY","UNABLE TO DETERMINE","4855","S","LAKE SHORE DR NB","222",,,,,,,"3","NO INDICATION OF INJURY","0","0","0","0","0","3","0","6","2","2","41.8063989349","-87.5847526887","POINT (-87.584752688693 41.806398934865)"
"2bb1cdc904b88e6da26289224e4a8accdf54f61fed2c7b8babecb6c8db4aee420b1f1d744d4a9e57f6c82f3bb7cc9c0fc0c2ffdcfc09292b9ba965e9974fed29",,"2026-02-09T06:08:00.000","30","NO CONTROLS","NO CONTROLS","CLEAR","DAWN","PARKED MOTOR VEHICLE","NOT DIVIDED",,"STRAIGHT AND LEVEL","UNKNOWN","UNKNOWN","ON SCENE","NO INJURY / DRIVE AWAY",,,"Y","OVER $1,500","2026-02-09T06:56:00.000","UNABLE TO DETERMINE","UNABLE TO DETERMINE","3544","N","NARRAGANSETT AVE","1632",,,,,,,"2","NO INDICATION OF INJURY","0","0","0","0","0","1","0","6","2","2","41.9451716787","-87.7864955505","POINT (-87.786495550487 41.945171678656)"
"81dc74a69b9522bffaa65edb41898d64a8545394db8aadde24ce976bc4ffbee73eadb7f5c808674589ad8155d5a655af8ca5fc8d6a05a7530626f95535b8a9b2",,"2026-02-09T06:05:00.000","30","TRAFFIC SIGNAL","FUNCTIONING PROPERLY","CLEAR","DARKNESS, LIGHTED ROAD","TURNING","T-INTERSECTION",,"STRAIGHT AND LEVEL","DRY","NO DEFECTS","NOT ON SCENE (DESK REPORT)","INJURY AND / OR TOW DUE TO CRASH","Y",,,"OVER $1,500","2026-02-09T08:15:00.000","FAILING TO YIELD RIGHT-OF-WAY","UNABLE TO DETERMINE","4200","N","KEELER AVE","1722",,,,,,,"2","NO INDICATION OF INJURY","0","0","0","0","0","2","0","6","2","2","41.9573343072","-87.7327332358","POINT (-87.732733235773 41.957334307207)"
"8a85f9b856d93a6ffa6ea7c96c2d9e30148f92b29e06f0b2c93cbe4d2a1fd5719ff4859cfcc14725ad5cd39e83d9f0ed3888dda7681db1e5a82fe64a7c20ad82",,"2026-02-09T06:00:00.000","20","NO CONTROLS","NO CONTROLS","CLEAR","DAYLIGHT","PARKED MOTOR VEHICLE","DIVIDED - W/MEDIAN (NOT RAISED)",,"STRAIGHT AND LEVEL","DRY","NO DEFECTS","NOT ON SCENE (DESK REPORT)","NO INJURY / DRIVE AWAY",,,"Y","OVER $1,500","2026-02-09T08:45:00.000","UNABLE TO DETERMINE","UNABLE TO DETERMINE","2307","S","LEAVITT ST","1034",,,,,,,"2","NO INDICATION OF INJURY","0","0","0","0","0","1","0","6","2","2","41.8500548881","-87.6805391795","POINT (-87.680539179504 41.850054888149)"
"c5cb907b78a4d993e2380348b46c5a4d180cacb11eda436e3d64bf1f1ec3bdbd4b445b3fab9d667bf5d95b9f60129254b8c29828089fd309ff5f76cb2811c800",,"2026-02-09T05:45:00.000","30","STOP SIGN/FLASHER","NO CONTROLS","CLEAR","DARKNESS","TURNING","NOT DIVIDED",,"STRAIGHT AND LEVEL","ICE","NO DEFECTS","NOT ON SCENE (DESK REPORT)","NO INJURY / DRIVE AWAY","Y",,,"$501 - $1,500","2026-02-09T05:58:00.000","FAILING TO YIELD RIGHT-OF-WAY","UNABLE TO DETERMINE","3731","W","71ST ST","833",,,,,,,"2","NO INDICATION OF INJURY","0","0","0","0","0","2","0","5","2","2","41.7640762461","-87.7162054488","POINT (-87.716205448825 41.764076246069)"
"e38b7461483f5e9a89fdf700c818fe00f9c94e4c09ea807bf45bd9dd5585793ddc2c62904bd53e0c2e7c8d3d740e6b4e91f8e74da718157d2dd9a5ac00d81453",,"2026-02-09T05:38:00.000","30","TRAFFIC SIGNAL","FUNCTIONING PROPERLY","CLEAR","DARKNESS, LIGHTED ROAD","SIDESWIPE SAME DIRECTION","DIVIDED - W/MEDIAN (NOT RAISED)",,"STRAIGHT AND LEVEL","DRY","NO DEFECTS","ON SCENE","INJURY AND / OR TOW DUE TO CRASH",,,"Y","OVER $1,500","2026-02-09T05:38:00.000","FOLLOWING TOO CLOSELY","NOT APPLICABLE","2842","W","CERMAK RD","1023",,,,,,,"2","NO INDICATION OF INJURY","0","0","0","0","0","2","0","5","2","2","41.8519867716","-87.6973078546","POINT (-87.697307854636 41.851986771634)"
"7bda394485de09d64d16f90ecf3c144375f447dc9a004da8fd8b1d0611d2fde00312581fec4495ced2913c9c4c0765ca24e9a39c109eb1a580afdcd49c0e9cf4",,"2026-02-09T05:34:00.000","35","NO CONTROLS","NO CONTROLS","CLEAR","DARKNESS, LIGHTED ROAD","SIDESWIPE SAME DIRECTION","NOT DIVIDED",,"STRAIGHT AND LEVEL","DRY","NO DEFECTS",,"NO INJURY / DRIVE AWAY",,,"Y","OVER $1,500","2026-02-09T05:45:00.000","NOT APPLICABLE","NOT APPLICABLE","3233","W","OGDEN AVE","1022",,,,,,,"2","NO INDICATION OF INJURY","0","0","0","0","0","2","0","5","2","2","41.8573458197","-87.7065090188","POINT (-87.706509018844 41.857345819655)"
"dfb0eb90e108625cf29154c63d15152d93e9e93d5be3ab9dcec398b6bb52f8050e2139e6457519c136f0f2ee638989872cddf10e0802b6bf3c1f4af54719bd0e",,"2026-02-09T05:15:00.000","30","TRAFFIC SIGNAL","FUNCTIONING PROPERLY","CLEAR","DAWN","TURNING","NOT DIVIDED",,"STRAIGHT AND LEVEL","DRY","NO DEFECTS","ON SCENE","INJURY AND / OR TOW DUE TO CRASH","Y",,,"OVER $1,500","2026-02-09T05:20:00.000","UNABLE TO DETERMINE","NOT APPLICABLE","2400","W","51ST ST","923",,,,,,,"2","NO INDICATION OF INJURY","0","0","0","0","0","2","0","5","2","2","41.801257492","-87.6842811156","POINT (-87.684281115646 41.801257491999)"
"15c412449913959063892595c3cfbd3b41ddda18276802522a2844682a1d2a65ae001690b6a254ae93637b061e10e428d4aee8d8f892703f84c5b072f6a5b118",,"2026-02-09T05:10:00.000","30","TRAFFIC SIGNAL","FUNCTIONING PROPERLY","CLEAR","DARKNESS, LIGHTED ROAD","TURNING","FOUR WAY",,"STRAIGHT AND LEVEL","UNKNOWN","UNKNOWN","NOT ON SCENE (DESK REPORT)","NO INJURY / DRIVE AWAY","Y",,,"$501 - $1,500","2026-02-09T06:38:00.000","IMPROPER OVERTAKING/PASSING","FAILING TO YIELD RIGHT-OF-WAY","3200","W","COLUMBUS AVE","835",,,,,,,"3","NO INDICATION OF INJURY","0","0","0","0","0","2","0","5","2","2","41.7505319204","-87.702568133","POINT (-87.702568133027 41.750531920353)"
"8039ea4ebba35a6d3df52078e76d58cc052ccf5970a1a60de29ef73d625946fdb89cc5ed490390e3d24e718a62908401376a825702c3083c3ae10e79f771f87e",,"2026-02-09T05:10:00.000","30","TRAFFIC SIGNAL","FUNCTIONING PROPERLY","CLEAR","DAWN","ANGLE","FOUR WAY",,"STRAIGHT AND LEVEL","DRY","UNKNOWN","ON SCENE","INJURY AND / OR TOW DUE TO CRASH","Y",,"Y","OVER $1,500","2026-02-09T06:44:00.000","DISREGARDING TRAFFIC SIGNALS","NOT APPLICABLE","7500","S","LAFAYETTE AVE","623",,,,,,,"2","NO INDICATION OF INJURY","0","0","0","0","0","2","0","5","2","2","41.758068532","-87.6265169823","POINT (-87.626516982328 41.75806853202)"
"7119355de503780a7978a711765126e4b2490f61d4fd1ea5247b15ad15f447990dd1d7805e7764285506ee00f546851339d72f28e6e8d5d057993e281d8d6a10",,"2026-02-09T04:24:00.000","35","TRAFFIC SIGNAL","FUNCTIONING PROPERLY","CLEAR","DARKNESS, LIGHTED ROAD","FIXED OBJECT","DIVIDED - W/MEDIAN (NOT RAISED)",,"STRAIGHT AND LEVEL","DRY","NO DEFECTS","ON SCENE","INJURY AND / OR TOW DUE TO CRASH",,,,"OVER $1,500","2026-02-09T04:28:00.000","UNABLE TO DETERMINE","NOT APPLICABLE","4700","W","79TH ST","834",,,,,,,"1","NONINCAPACITATING INJURY","1","0","0","1","0","0","0","4","2","2","41.7492988904","-87.7389899868","POINT (-87.738989986766 41.749298890375)"
"0b8be829ea2f33adbc1298f6b2b06b79fddedfc9c60c436d1e7d62750372c911e1967e85e925bd507cd8a4e11668ee57ce7e42c3ec68561c0299e6e0f67a38ad",,"2026-02-09T04:10:00.000","30","STOP SIGN/FLASHER","FUNCTIONING PROPERLY","CLEAR","DARKNESS, LIGHTED ROAD","REAR END","NOT DIVIDED",,"STRAIGHT AND LEVEL","DRY","NO DEFECTS","ON SCENE","INJURY AND / OR TOW DUE TO CRASH",,,,"$501 - $1,500","2026-02-09T04:10:00.000","IMPROPER TURNING/NO SIGNAL","NOT APPLICABLE","1121","W","111TH ST","2234",,,,,,,"2","NO INDICATION OF INJURY","0","0","0","0","0","4","0","4","2","2","41.6921473709","-87.6505494991","POINT (-87.65054949915 41.69214737091)"
"8613d0a0c136d964a2b018e184f9598a1eea0655d0ce9daef6e01b8d4d97746065ffcd5da39f949b3b05a071cea6f83501b3dbbc3a1f0a2d6aa43a9617b78439",,"2026-02-09T03:05:00.000","35","NO CONTROLS","NO CONTROLS","CLEAR","DARKNESS, LIGHTED ROAD","PARKED MOTOR VEHICLE","ONE-WAY",,"STRAIGHT AND LEVEL","DRY","NO DEFECTS","ON SCENE","NO INJURY / DRIVE AWAY",,,"Y","OVER $1,500","2026-02-09T03:20:00.000","UNABLE TO DETERMINE","UNABLE TO DETERMINE","706","S","KEDVALE AVE","1132",,,,,,,"3","NO INDICATION OF INJURY","0","0","0","0","0","1","0","3","2","2","41.8720005274","-87.7291960335","POINT (-87.72919603352 41.872000527356)"
"534bf5658c67b34f9aef910a28339c941c8306de067c561b274c5bb94f6f154e2296b874ece3cd010158123b904904981e2f7469939bfa936f55e9f2a3a3f15a",,"2026-02-09T03:00:00.000","35","NO CONTROLS","NO CONTROLS","CLEAR","DAYLIGHT","PEDESTRIAN","NOT DIVIDED",,"STRAIGHT AND LEVEL","DRY","NO DEFECTS","NOT ON SCENE (DESK REPORT)","INJURY AND / OR TOW DUE TO CRASH",,,"Y","OVER $1,500","2026-02-11T15:20:00.000","UNABLE TO DETERMINE","UNABLE TO DETERMINE","7528","S","DOBSON AVE","624",,,,,,,"2","NONINCAPACITATING INJURY","1","0","0","1","0","1","0","3","2","2","41.7577029768","-87.5994303812","POINT (-87.599430381159 41.757702976845)"
"fb7e4e12492dfd9a3030e7ebda9a38737bafa6e64be99d0d17fd6296749fe729654e5fefa28fff8fbf26bfa139ee8ead29e9d901c736246b64dc5dbe252f3819","Y","2026-02-09T03:00:00.000","30","NO CONTROLS","NO CONTROLS","CLEAR","DARKNESS, LIGHTED ROAD","PARKED MOTOR VEHICLE","NOT DIVIDED",,"STRAIGHT AND LEVEL","DRY","NO DEFECTS","NOT ON SCENE (DESK REPORT)","NO INJURY / DRIVE AWAY",,,"Y","OVER $1,500","2026-02-11T13:20:00.000","UNABLE TO DETERMINE","NOT APPLICABLE","2340","W","NORTH AVE","1434",,,,,,,"2","NO INDICATION OF INJURY","0","0","0","0","0","1","0","3","2","2","41.9104436196","-87.6864003276","POINT (-87.686400327566 41.910443619598)"
"b3a59722ea49ff8dd61860331c43e96ed7f09eb2dc5cbf39768a3f684947e0f9071160b186dbf7f09c5dad2f63e9d5ef6cd5bff299ca353f50d9d45147288990",,"2026-02-09T02:40:00.000","30","NO CONTROLS","NO CONTROLS","CLEAR","DARKNESS, LIGHTED ROAD","PARKED MOTOR VEHICLE","DIVIDED - W/MEDIAN (NOT RAISED)",,"STRAIGHT AND LEVEL","DRY","NO DEFECTS","ON SCENE","NO INJURY / DRIVE AWAY",,,,"$500 OR LESS","2026-02-09T02:47:00.000","UNDER THE INFLUENCE OF ALCOHOL/DRUGS (USE WHEN ARREST IS EFFECTED)","NOT APPLICABLE","200","W","119TH ST","522","Y","Y",,,,,"2","NO INDICATION OF INJURY","0","0","0","0","0","1","0","2","2","2","41.6780812072","-87.6275225533","POINT (-87.627522553349 41.678081207186)"
"13fd3ded05b4f67a7e97186bbb3e38753a520f021620a1afe8679f1d3403b2e9ab79fdb753401eed4770c7119b3c95900c579d2eebb029c1028b293fb02581f6",,"2026-02-09T02:00:00.000","30","STOP SIGN/FLASHER","FUNCTIONING PROPERLY","CLEAR","DARKNESS, LIGHTED ROAD","PARKED MOTOR VEHICLE","FOUR WAY",,"STRAIGHT AND LEVEL","DRY","NO DEFECTS","NOT ON SCENE (DESK REPORT)","NO INJURY / DRIVE AWAY",,,,"OVER $1,500","2026-02-12T13:20:00.000","UNABLE TO DETERMINE","UNABLE TO DETERMINE","10000","S","STATE ST","511",,,,,,,"3","NO INDICATION OF INJURY","0","0","0","0","0","1","0","2","2","2","41.7125788384","-87.6237768314","POINT (-87.623776831423 41.712578838415)"
"68084083e5ddfa9d870d709e5a5d2d4d460d0c846ffc81b6184b8aa726f5914f2f6f89ad1e357ef1022e29c5143dedad833172a9ecbe6e155f6fa8c954880e37",,"2026-02-09T01:30:00.000","30","NO CONTROLS","NO CONTROLS","CLEAR","DARKNESS, LIGHTED ROAD","PARKED MOTOR VEHICLE","NOT DIVIDED",,"STRAIGHT AND LEVEL","DRY","NO DEFECTS","ON SCENE","NO INJURY / DRIVE AWAY",,,"Y","OVER $1,500","2026-02-09T01:38:00.000","FAILING TO REDUCE SPEED TO AVOID CRASH","NOT APPLICABLE","3734","W","MARQUETTE RD","833",,,,,,,"2","NO INDICATION OF INJURY","0","0","0","0","0","1","0","1","2","2","41.7715755067","-87.716641813","POINT (-87.716641812997 41.771575506654)"
"cb4888ece68d771ceac5e87dba350543edb17886dc79054097629635081911c558461dd00767307f49d2b0780eff0f2010d525f1734f35954d74c4b58366ee91",,"2026-02-09T01:30:00.000","25","NO CONTROLS","NO CONTROLS","CLEAR","DARKNESS, LIGHTED ROAD","PARKED MOTOR VEHICLE","DIVIDED - W/MEDIAN BARRIER",,"STRAIGHT AND LEVEL","DRY","RUT, HOLES","NOT ON SCENE (DESK REPORT)","NO INJURY / DRIVE AWAY",,,,"OVER $1,500","2026-02-09T16:10:00.000","ROAD ENGINEERING/SURFACE/MARKING DEFECTS","DRIVING SKILLS/KNOWLEDGE/EXPERIENCE","908","N","WESTERN AVE","1212",,,,,,,"2","NO INDICATION OF INJURY","0","0","0","0","0","1","0","1","2","2","41.8978778081","-87.6870439218","POINT (-87.687043921818 41.897877808059)"
"22d664c7fcc7df1029eb85c7a372f8ff5afeeab32da0842e0386021e0499a8eef7fa5bf6d2d137d993e9417c5e8ee770073e08180f5905734150eda439073c48",,"2026-02-09T01:17:00.000","30","NO CONTROLS","NO CONTROLS","CLEAR","DARKNESS, LIGHTED ROAD","FIXED OBJECT","DIVIDED - W/MEDIAN BARRIER",,"STRAIGHT AND LEVEL","DRY","NO DEFECTS",,"INJURY AND / OR TOW DUE TO CRASH",,,"Y","OVER $1,500","2026-02-09T01:20:00.000","UNABLE TO DETERMINE","NOT APPLICABLE","2200","W","ROOSEVELT RD","1225",,,,,,,"1","NO INDICATION OF INJURY","0","0","0","0","0","1","0","1","2","2","41.8667902196","-87.6812669529","POINT (-87.681266952882 41.86679021956)"
"152e5b294c4938efbdc29e94f4a17f8a4e45b456ee7006c120ab66524790ab63bc46e8378b1a909577f113d74357823ecba0f6051118dcaea3afc64a77e07e1f","Y","2026-02-09T01:00:00.000","30","NO CONTROLS","NO CONTROLS","SNOW","DARKNESS","PARKED MOTOR VEHICLE","NOT DIVIDED",,"STRAIGHT AND LEVEL","WET","UNKNOWN","NOT ON SCENE (DESK REPORT)","NO INJURY / DRIVE AWAY",,,"Y","OVER $1,500","2026-02-09T17:30:00.000","UNABLE TO DETERMINE","NOT APPLICABLE","5645","W","DIVERSEY AVE","2514",,,,,,,"2","NO INDICATION OF INJURY","0","0","0","0","0","1","0","1","2","2","41.9311437717","-87.7680660633","POINT (-87.76806606327 41.931143771656)"
"3a39586eea920e5642a91c7f30286f3ca722ef0fed2bf594ef233739675ce0f864c80695ea533180a0ab85d6889e80223328ff34e76b6df5b37c0923ebc1e517",,"2026-02-09T00:45:00.000","30","TRAFFIC SIGNAL","FUNCTIONING PROPERLY","CLEAR","DARKNESS, LIGHTED ROAD","ANGLE","FOUR WAY",,"STRAIGHT AND LEVEL","DRY","NO DEFECTS","ON SCENE","INJURY AND / OR TOW DUE TO CRASH","Y",,,"OVER $1,500","2026-02-09T01:00:00.000","DISREGARDING TRAFFIC SIGNALS","NOT APPLICABLE","1","E","GRAND AVE","1834",,,,,,,"3","NO INDICATION OF INJURY","0","0","0","0","0","5","0","0","2","2","41.8915657621","-87.6279928832","POINT (-87.62799288322 41.891565762144)"
"510850d38f97d7e5d9c86a666c754ac306e7f2ea3e4571c4aeea003ccf97c24c144cee6a7bc77bd7e48f406a879be87da1696a33ef322712089aca789ba5f326",,"2026-02-09T00:40:00.000","25","NO CONTROLS","NO CONTROLS","CLEAR","DARKNESS","PARKED MOTOR VEHICLE","NOT DIVIDED",,"STRAIGHT AND LEVEL","UNKNOWN","UNKNOWN","NOT ON SCENE (DESK REPORT)","NO INJURY / DRIVE AWAY",,,"Y","$501 - $1,500","2026-02-12T10:15:00.000","UNABLE TO DETERMINE","UNABLE TO DETERMINE","727","E","60TH ST","313",,,,,,,"2","NO INDICATION OF INJURY","0","0","0","0","0","1","0","0","2","2","41.7857417436","-87.6074012184","POINT (-87.607401218411 41.785741743631)"
"3d7b3daf47488c9d7adb82a455b9eb3e2dccb1fb34e83bfedc362ac8ad47100ccb65a7ff0db5d1e7ee05df57d77ce77dd6b4af1a5719bb851e30ee1cff66f368",,"2026-02-09T00:10:00.000","30","TRAFFIC SIGNAL","NO CONTROLS","CLEAR","DARKNESS, LIGHTED ROAD","REAR END","DIVIDED - W/MEDIAN (NOT RAISED)",,"STRAIGHT AND LEVEL","DRY","UNKNOWN","ON SCENE","NO INJURY / DRIVE AWAY",,,,"$501 - $1,500","2026-02-09T00:26:00.000","FOLLOWING TOO CLOSELY","NOT APPLICABLE","2801","W","63RD ST","823",,,,,,,"2","NO INDICATION OF INJURY","0","0","0","0","0","2","0","0","2","2","41.7790050459","-87.6934501186","POINT (-87.69345011858 41.779005045902)"
"9924abeaea23e2f9112459f162e9a09622c9043375d9bdfffbf3bd3a6785df82b2287777dceae5cde1f93d9033d0abacc91893d795da57fc1d51d4bffb571a3e",,"2026-02-09T00:01:00.000","25","NO CONTROLS","NO CONTROLS","CLEAR","DARKNESS, LIGHTED ROAD","PARKED MOTOR VEHICLE","ONE-WAY",,"STRAIGHT AND LEVEL","DRY","NO DEFECTS","NOT ON SCENE (DESK REPORT)","NO INJURY / DRIVE AWAY",,,"Y","OVER $1,500","2026-02-09T12:15:00.000","UNABLE TO DETERMINE","UNABLE TO DETERMINE","4830","W","PETERSON AVE","1621",,,,,,,"2","NO INDICATION OF INJURY","0","0","0","0","0","1","0","0","2","2","41.9900218231","-87.7492565545","POINT (-87.749256554454 41.990021823079)"
"1cfcd66770ee6f01eb021e985f59cb38673d9a44dd85747598e398ed30bfe5a966e2f3050959347551a9452ae14ef6d8af0fb6bc9696f00bf84aa1b753841fa0","Y","2026-02-09T00:00:00.000","30","NO CONTROLS","NO CONTROLS","CLEAR","DAYLIGHT","PARKED MOTOR VEHICLE","ONE-WAY",,"STRAIGHT AND LEVEL","SNOW OR SLUSH","NO DEFECTS","ON SCENE","NO INJURY / DRIVE AWAY",,,"Y","OVER $1,500","2026-02-09T09:20:00.000","UNABLE TO DETERMINE","NOT APPLICABLE","7042","S","PERRY AVE","731",,,,,,,"2","NO INDICATION OF INJURY","0","0","0","0","0","1","0","0","2","2","41.7659972695","-87.6283245823","POINT (-87.628324582263 41.765997269549)"
"7471a6726bfb38fc1d8ca1233888ee2d945ac8b301bebb9cb07fca223d2d6c957a83bb99859045eb9a03747017a28c34ce126e875f8f965178238223e8d959ea",,"2026-02-09T00:00:00.000","15","NO CONTROLS","NO CONTROLS","CLEAR","DAYLIGHT","PARKED MOTOR VEHICLE","NOT DIVIDED",,"STRAIGHT AND LEVEL","DRY","NO DEFECTS","ON SCENE","NO INJURY / DRIVE AWAY",,,"Y","OVER $1,500","2026-02-09T11:02:00.000","UNABLE TO DETERMINE","UNABLE TO DETERMINE","400","E","41ST ST","214",,,,,,,"2","NO INDICATION OF INJURY","0","0","0","0","0","1","0","0","2","2","41.8203495003","-87.6165141095","POINT (-87.616514109472 41.820349500309)"
"d4b40c027d2abd8444363f095162b1e1bbb6ee0bc81041fcd55aff4e660f7bea3e8cbe9c2c8d0031cfc5374db66603f46ef2e102c2d6caffb72d4fa3deb54923",,"2026-02-08T23:52:00.000","30","NO CONTROLS","NO CONTROLS","CLEAR","DARKNESS, LIGHTED ROAD","PARKED MOTOR VEHICLE","PARKING LOT",,"STRAIGHT AND LEVEL","DRY","NO DEFECTS","ON SCENE","NO INJURY / DRIVE AWAY",,"Y","Y","$500 OR LESS","2026-02-08T23:58:00.000","IMPROPER BACKING","NOT APPLICABLE","659","W","31ST ST","915",,,,,,,"2","NO INDICATION OF INJURY","0","0","0","0","0","1","0","23","1","2","41.8379674215","-87.6437854128","POINT (-87.643785412838 41.837967421525)"
"35fde23b49453d73f11976fde0aeefee3360e5dd9ce359672f7a9989ee99f4525311c4f3855fe6821370076f1cad5d9747f917225e76a258b028eceb11368a80","Y","2026-02-08T23:14:00.000","15","NO CONTROLS","NO CONTROLS","CLEAR","DARKNESS","REAR TO FRONT","PARKING LOT",,"STRAIGHT AND LEVEL","UNKNOWN","UNKNOWN","NOT ON SCENE (DESK REPORT)","NO INJURY / DRIVE AWAY",,,"N","OVER $1,500","2026-02-10T15:40:00.000","IMPROPER BACKING","NOT APPLICABLE","725","W","MONTROSE AVE","1915",,,,,,,"2","NO INDICATION OF INJURY","0","0","0","0","0","2","0","23","1","2","41.9617548035","-87.648543725","POINT (-87.648543724977 41.961754803528)"
"29a379dfe7d202b25ae41df3461a02bb79d7dcdb3877ef659f733f4efd4fde2bcc5243534c07b654ba9d914771326cc5288ff1ed3f9df13db90de22821c1a56e",,"2026-02-08T23:00:00.000","30","TRAFFIC SIGNAL","FUNCTIONING PROPERLY","CLEAR","DARKNESS, LIGHTED ROAD","SIDESWIPE SAME DIRECTION","NOT DIVIDED",,"STRAIGHT AND LEVEL","DRY","NO DEFECTS",,"NO INJURY / DRIVE AWAY",,,"N","OVER $1,500","2026-02-08T23:20:00.000","IMPROPER OVERTAKING/PASSING","UNABLE TO DETERMINE","2400","W","63RD ST","825",,,,,,,"2","NO INDICATION OF INJURY","0","0","0","0","0","2","0","23","1","2","41.7793318443","-87.6836757608","POINT (-87.683675760848 41.779331844298)"
"c9454acf3b5e02d3e68301af3ac69577c3fa5d127c6ca7cb360219d8488e5a318cd70733d3628f58973b86641ab6c98a8863aba4594469ca0082fdff92306b76",,"2026-02-08T23:00:00.000","20","NO CONTROLS","NO CONTROLS","CLEAR","DARKNESS, LIGHTED ROAD","PARKED MOTOR VEHICLE","ONE-WAY",,"STRAIGHT AND LEVEL","DRY","NO DEFECTS","NOT ON SCENE (DESK REPORT)","NO INJURY / DRIVE AWAY",,,,"$500 OR LESS","2026-02-09T11:15:00.000","UNABLE TO DETERMINE","NOT APPLICABLE","6340","N","WINTHROP AVE","2433",,,,,,,"2","NO INDICATION OF INJURY","0","0","0","0","0","2","0","23","1","2","41.9976078556","-87.6586033861","POINT (-87.658603386113 41.997607855644)"
"76f3d4745bc872834ff00db3c9030e5e0f57cc90e8e127750f57a521297a7896d70c8abce2fb7df6d3da2c153e60085f3dff8405c6b86d0161798a3838360138",,"2026-02-08T22:42:00.000","30","TRAFFIC SIGNAL","FUNCTIONING PROPERLY","CLEAR","DARKNESS, LIGHTED ROAD","FIXED OBJECT","FOUR WAY",,"STRAIGHT AND LEVEL","DRY","NO DEFECTS","ON SCENE","INJURY AND / OR TOW DUE TO CRASH","Y",,,"OVER $1,500","2026-02-08T23:44:00.000","FAILING TO REDUCE SPEED TO AVOID CRASH","UNABLE TO DETERMINE","3900","S","WESTERN AVE","921",,,,,,,"1","NONINCAPACITATING INJURY","1","0","0","1","0","0","0","22","1","2","41.8229542941","-87.685012986","POINT (-87.685012986006 41.822954294114)"