"crash_record_id","crash_date_est_i","crash_date","posted_speed_limit","traffic_control_device","device_condition","weather_condition","lighting_condition","first_crash_type","trafficway_type","lane_cnt","alignment","roadway_surface_cond","road_defect","report_type","crash_type","intersection_related_i","private_property_i","hit_and_run_i","damage","date_police_notified","prim_contributory_cause","sec_contributory_cause","street_no","street_direction","street_name","beat_of_occurrence","photos_taken_i","statements_taken_i","dooring_i","work_zone_i","work_zone_type","workers_present_i","num_units","most_severe_injury","injuries_total","injuries_fatal","injuries_incapacitating","injuries_non_incapacitating","injuries_reported_not_evident","injuries_no_indication","injuries_unknown","crash_hour","crash_day_of_week","crash_month","latitude","longitude","location"
"6bd2ba1747c25eb244ab2ff524712b53e1d45b2576f9400943841e0362a9267f65eb7c747b4a8c83da80a818641302b9dda94d591ae9dcfd6c9aaa8266ae9ecb",,"2026-02-08T22:41:00.000","30","TRAFFIC SIGNAL","FUNCTIONING PROPERLY","CLEAR","DARKNESS, LIGHTED ROAD","FIXED OBJECT","NOT DIVIDED",,"STRAIGHT AND LEVEL","DRY","NO DEFECTS","ON SCENE","INJURY AND / OR TOW DUE TO CRASH",,"Y",,"OVER $1,500","2026-02-08T22:58:00.000","UNDER THE INFLUENCE OF ALCOHOL/DRUGS (USE WHEN ARREST IS EFFECTED)","PHYSICAL CONDITION OF DRIVER","3158","W","87TH ST","835",,,,,,,"1","NO INDICATION OF INJURY","0","0","0","0","0","1","0","22","1","2","41.7353273444","-87.7015504726","POINT (-87.701550472618 41.735327344387)"
"516633b087d4a83c5ab857a3c74509e5a1bc46e40af89fab8e3a37dc1426d9a53dfb2d21cc6d7104c701c8c30fb43c7e03829abe1988da12248c45cbb39df31f",,"2026-02-08T22:35:00.000","30","NO CONTROLS","NO CONTROLS","CLEAR","DARKNESS, LIGHTED ROAD","PARKED MOTOR VEHICLE","OTHER",,"STRAIGHT AND LEVEL","DRY","NO DEFECTS","ON SCENE","NO INJURY / DRIVE AWAY",,,"Y","$501 - $1,500","2026-02-08T22:53:00.000","UNABLE TO DETERMINE","NOT APPLICABLE","5069","W","MADISON ST","1533",,,,,,,"2","NO INDICATION OF INJURY","0","0","0","0","0","1","0","22","1","2","41.8802960895","-87.7524941982","POINT (-87.752494198152 41.880296089472)"
"870db49e4b7174734639720b7ed71d713f19d609c412d79ff0813393219140fea66452eed60865dd2aaad63ad026ec316e807b64df6c1dae9b1b72cb7a1130d1",,"2026-02-08T22:31:00.000","25","NO CONTROLS","NO CONTROLS","CLEAR","DARKNESS, LIGHTED ROAD","PARKED MOTOR VEHICLE","NOT DIVIDED",,"STRAIGHT AND LEVEL","DRY","NO DEFECTS","ON SCENE","NO INJURY / DRIVE AWAY",,,"Y","OVER $1,500","2026-02-08T22:32:00.000","UNABLE TO DETERMINE","NOT APPLICABLE","4135","W","ARMITAGE AVE","2534",,,,,,,"2","NO INDICATION OF INJURY","0","0","0","0","0","1","0","22","1","2","41.9170058379","-87.7304374388","POINT (-87.730437438775 41.917005837918)"
"870d8b1af770a7aedb36a77f09e581b2018c55aa4ea16f0ba921aa0f29043fd7247f849ecedb752da4c9f20cebd35b235e6827f32ab55f4c2fedea373df10e62",,"2026-02-08T22:30:00.000","30","TRAFFIC SIGNAL","FUNCTIONING PROPERLY","CLEAR","DAYLIGHT","REAR END","NOT DIVIDED",,"STRAIGHT AND LEVEL","DRY","UNKNOWN","NOT ON SCENE (DESK REPORT)","NO INJURY / DRIVE AWAY",,,,"$501 - $1,500","2026-02-13T16:10:00.000","NOT APPLICABLE","FAILING TO REDUCE SPEED TO AVOID CRASH","812","E","71ST ST","321",,,,,,,"2","NO INDICATION OF INJURY","0","0","0","0","0","2","0","22","1","2","41.7659635429","-87.6049819527","POINT (-87.604981952738 41.765963542949)"
"a3b182818636d08b44bdabf79e7c94469c741b2f33865fb51f12680dda6cef183db41e18f2f9e36f156ad047202b63f126f96c6faf3f21913bf39b377219bedb",,"2026-02-08T22:30:00.000","15","NO CONTROLS","NO CONTROLS","UNKNOWN","UNKNOWN","PARKED MOTOR VEHICLE","ONE-WAY",,"STRAIGHT AND LEVEL","UNKNOWN","UNKNOWN","NOT ON SCENE (DESK REPORT)","NO INJURY / DRIVE AWAY",,,"Y","OVER $1,500","2026-02-15T09:13:00.000","UNABLE TO DETERMINE","UNABLE TO DETERMINE","859","N","WOLCOTT AVE","1212",,,,,,,"2","NO INDICATION OF INJURY","0","0","0","0","0","1","0","22","1","2","41.8977251459","-87.6745159562","POINT (-87.674515956187 41.897725145923)"
"bd61068304e09b1c5b7781cb1f22940697e2beedbb9a2a0c032ee1bbf3e96b18e5c2fc1ab289282f2eef26e4eba17f90214d07ca2234e13f3243e329add397fd",,"2026-02-08T22:30:00.000","40","NO CONTROLS","NO CONTROLS","CLEAR","DARKNESS, LIGHTED ROAD","FIXED OBJECT","DIVIDED - W/MEDIAN BARRIER",,"STRAIGHT AND LEVEL","DRY","NO DEFECTS","ON SCENE","INJURY AND / OR TOW DUE TO CRASH",,,,"OVER $1,500","2026-02-08T22:37:00.000","UNABLE TO DETERMINE","UNABLE TO DETERMINE","2032","N","LAKE SHORE DR SB","1814",,,,,,,"1","NO INDICATION OF INJURY","0","0","0","0","0","1","0","22","1","2","41.9193714067","-87.6295272036","POINT (-87.629527203553 41.919371406746)"
"d7283ab65221c1a734d5e6c5a9a75b59b28c8e86c23def3842442a24e1bc48746d294520eb242e774adf335ff62242e4a8882e43346a0e65b1c393fa036cdb6d",,"2026-02-08T22:20:00.000","30","STOP SIGN/FLASHER","FUNCTIONING PROPERLY","CLEAR","DARKNESS, LIGHTED ROAD","TURNING","T-INTERSECTION",,"STRAIGHT AND LEVEL","DRY","NO DEFECTS",,"INJURY AND / OR TOW DUE TO CRASH",,,"Y","OVER $1,500","2026-02-08T22:26:00.000","IMPROPER TURNING/NO SIGNAL","DRIVING SKILLS/KNOWLEDGE/EXPERIENCE","2228","W","GRANVILLE AVE","2413",,,,,,,"2","REPORTED, NOT EVIDENT","1","0","0","0","1","1","0","22","1","2","41.994266579","-87.6860214496","POINT (-87.68602144964 41.99426657895)"
"2adf094e55b6adbaa65d7d780a91db3405cbc84948975d60eb6efc92f6a251a84bda1f705ed23ae5a72d6b773617b5f24de5551acd716aabbe5bca4e6da80ee0",,"2026-02-08T22:15:00.000","30","TRAFFIC SIGNAL","FUNCTIONING PROPERLY","CLEAR","DARKNESS","SIDESWIPE SAME DIRECTION","NOT DIVIDED",,"STRAIGHT AND LEVEL","DRY","NO DEFECTS","ON SCENE","NO INJURY / DRIVE AWAY","N",,"Y","OVER $1,500","2026-02-08T23:09:00.000","UNABLE TO DETERMINE","UNABLE TO DETERMINE","3628","E","106TH ST","432",,,,,,,"2","NO INDICATION OF INJURY","0","0","0","0","0","2","0","22","1","2","41.7028438018","-87.5353433688","POINT (-87.535343368782 41.702843801822)"
"f8580334f1c388e0428637c477ec36c9e7eebd5014d4a1081562ff59710c61445eddfb1f992fa9e3e6f98de2626397d504ef7ca34d56acc3f4d771eeb2607e55",,"2026-02-08T22:15:00.000","30","NO CONTROLS","NO CONTROLS","CLEAR","DARKNESS, LIGHTED ROAD","PARKED MOTOR VEHICLE","ONE-WAY",,"STRAIGHT AND LEVEL","DRY","NO DEFECTS","NOT ON SCENE (DESK REPORT)","NO INJURY / DRIVE AWAY",,,,"OVER $1,500","2026-02-08T22:20:00.000","UNABLE TO DETERMINE","UNABLE TO DETERMINE","2814","W","PALMER ST","1414",,,,,,,"2","NO INDICATION OF INJURY","0","0","0","0","0","3","0","22","1","2","41.9217944108","-87.6979110689","POINT (-87.697911068915 41.921794410818)"
"de88ee67b79085e92cd2efe4e7861b397d578672a575c32911cb67d4f717767ed3122a2083ca529f5c4188c862e927788fdb77ccf7b87895cb32bca1556f367d","Y","2026-02-08T22:08:00.000","30","NO CONTROLS","NO CONTROLS","CLOUDY/OVERCAST","DARKNESS, LIGHTED ROAD","ANGLE","FOUR WAY",,"STRAIGHT AND LEVEL","DRY","UNKNOWN","NOT ON SCENE (DESK REPORT)","NO INJURY / DRIVE AWAY",,,,"OVER $1,500","2026-02-08T22:35:00.000","FAILING TO YIELD RIGHT-OF-WAY","UNABLE TO DETERMINE","3135","W","ADDISON ST","1733",,,,,,,"2","NO INDICATION OF INJURY","0","0","0","0","0","2","0","22","1","2","41.9465290505","-87.7068127131","POINT (-87.706812713126 41.946529050537)"
"cc46d020785a3a638fe3c1b010001a81c7910462867cd119b765a04e9d4226948d9962732946af2031ed3b8b10b1fac184892cd6f5c163d423a8bd97626fbdbe",,"2026-02-08T22:01:00.000","30","TRAFFIC SIGNAL","FUNCTIONING PROPERLY","CLEAR","DARKNESS, LIGHTED ROAD","REAR END","DIVIDED - W/MEDIAN (NOT RAISED)",,"STRAIGHT AND LEVEL","DRY","NO DEFECTS","ON SCENE","NO INJURY / DRIVE AWAY",,,,"OVER $1,500","2026-02-08T22:01:00.000","PHYSICAL CONDITION OF DRIVER","FAILING TO REDUCE SPEED TO AVOID CRASH","279","N","PULASKI RD","1122",,,,,,,"2","NO INDICATION OF INJURY","0","0","0","0","0","2","0","22","1","2","41.8852524892","-87.7256532733","POINT (-87.725653273333 41.885252489156)"
"6882f232151fac24fe3498af0e90f279df7c94b74dcd1df2c9b59a1126e3985c0eb0a0999eb162f50eaef6d1df98003adb5bcc3678612cc2ecbf1eea10ce0aeb",,"2026-02-08T21:59:00.000","30","NO CONTROLS","NO CONTROLS","CLEAR","DARKNESS, LIGHTED ROAD","PARKED MOTOR VEHICLE","ONE-WAY",,"STRAIGHT AND LEVEL","DRY","NO DEFECTS","NOT ON SCENE (DESK REPORT)","NO INJURY / DRIVE AWAY",,,"Y","$501 - $1,500","2026-02-11T14:39:00.000","UNABLE TO DETERMINE","NOT APPLICABLE","1012","N","CENTRAL PARK AVE","1112",,,,,,,"2","NO INDICATION OF INJURY","0","0","0","0","0","1","0","21","1","2","41.899535041","-87.7165961941","POINT (-87.716596194108 41.899535041018)"
"3b9f1193d3fda4b510392fba358af603917281e213237c0608b8f3a5f0c85d95b8c9dde960eea29b65a0c892dac3a547b8031a0224e1dc3b922d6e79261394a1",,"2026-02-08T21:57:00.000","30","NO CONTROLS","NO CONTROLS","UNKNOWN","DARKNESS, LIGHTED ROAD","TURNING","DIVIDED - W/MEDIAN (NOT RAISED)",,"STRAIGHT AND LEVEL","UNKNOWN","UNKNOWN","NOT ON SCENE (DESK REPORT)","NO INJURY / DRIVE AWAY",,,,"OVER $1,500","2026-02-10T16:25:00.000","IMPROPER TURNING/NO SIGNAL","NOT APPLICABLE","4046","W","NORTH AVE","2534",,,,,,,"2","NO INDICATION OF INJURY","0","0","0","0","0","2","0","21","1","2","41.9099700717","-87.7282185368","POINT (-87.728218536833 41.909970071698)"
"399154751b02b4b986d8bab6f8772b54ea4e2ca6711fa93b5fbd2f24761d20e77f09d630aa6eec689c37164dd12c489604fa42cbbe515173226d0a47d3494902",,"2026-02-08T21:54:00.000","15","NO CONTROLS","NO CONTROLS","CLEAR","DUSK","FIXED OBJECT","ALLEY",,"STRAIGHT AND LEVEL","DRY","NO DEFECTS","ON SCENE","NO INJURY / DRIVE AWAY",,,"Y","OVER $1,500","2026-02-09T08:02:00.000","UNABLE TO DETERMINE","NOT APPLICABLE","3049","W","POPE JOHN PAUL II DR","922",,,,,,,"1","NO INDICATION OF INJURY","0","0","0","0","0","1","0","21","1","2","41.8153329002","-87.7012891921","POINT (-87.701289192101 41.815332900175)"
"7a3bb90bd62d875b4f94d389384520a5f4a7b39146f130dc253c1b3d6ad5b29a6df9a492c283f8826a5dca737c70c1413635d701d0033f2b336b0cfdc3ae32ae",,"2026-02-08T21:30:00.000","35","TRAFFIC SIGNAL","FUNCTIONING PROPERLY","CLEAR","DAYLIGHT","REAR END","NOT DIVIDED",,"STRAIGHT AND LEVEL","DRY","NO DEFECTS","ON SCENE","NO INJURY / DRIVE AWAY",,,"Y","OVER $1,500","2026-02-08T21:30:00.000","UNABLE TO DETERMINE","NOT APPLICABLE","8700","S","KENWOOD AVE","412",,,,,,,"2","NO INDICATION OF INJURY","0","0","0","0","0","2","0","21","1","2","41.7367380509","-87.5919258695","POINT (-87.591925869498 41.736738050895)"
"d5e30b8aa79d1e7d30b783f8da3a5c97d9e52a4733fe8926c11af5dc630bfe165d44cc02ee5827fbd093cd7496c88b68881c4bd967e61858a97e4fcfa7f9b94d",,"2026-02-08T21:30:00.000","30","STOP SIGN/FLASHER","FUNCTIONING PROPERLY","CLEAR","DARKNESS, LIGHTED ROAD","ANGLE","FOUR WAY",,"STRAIGHT AND LEVEL","DRY","NO DEFECTS",,"NO INJURY / DRIVE AWAY",,,,"$501 - $1,500","2026-02-09T12:40:00.000","UNABLE TO DETERMINE","NOT APPLICABLE","177","N","ADA ST","1224",,,,,,,"2","NO INDICATION OF INJURY","0","0","0","0","0","2","0","21","1","2","41.8852173781","-87.6606148916","POINT (-87.660614891625 41.885217378056)"
"8fb8a9432c025d777f2f2a6676e3d24583dde33fd895e491610ca577fc25f704fba91c936955d2bb9333295b6093645f552b682df9119086adda408c1597f860",,"2026-02-08T21:16:00.000","30","NO CONTROLS","NO CONTROLS","SNOW","DARKNESS, LIGHTED ROAD","PARKED MOTOR VEHICLE","NOT DIVIDED",,"STRAIGHT AND LEVEL","DRY","NO DEFECTS","ON SCENE","NO INJURY / DRIVE AWAY",,,"Y","OVER $1,500","2026-02-08T21:25:00.000","UNABLE TO DETERMINE","UNABLE TO DETERMINE","8824","S","PRAIRIE AVE","632",,,,,,,"3","NO INDICATION OF INJURY","0","0","0","0","0","3","0","21","1","2","41.7337795104","-87.6178326825","POINT (-87.617832682509 41.733779510373)"
"4c3d1fe2f3d8d767e285cd66c4ab2ff330b91f1f4f09746dc902381317ce122ecbc9b344f3c9a7817949c0e629e5ef77852ce97db682510662dcff3f79b4b006",,"2026-02-08T21:07:00.000","30","TRAFFIC SIGNAL","UNKNOWN","CLEAR","DARKNESS, LIGHTED ROAD","REAR END","NOT DIVIDED",,"STRAIGHT AND LEVEL","DRY","UNKNOWN","NOT ON SCENE (DESK REPORT)","NO INJURY / DRIVE AWAY",,,,"$501 - $1,500","2026-02-08T22:50:00.000","UNABLE TO DETERMINE","UNABLE TO DETERMINE","3943","N","WESTERN AVE","1921",,,,,,,"2","NO INDICATION OF INJURY","0","0","0","0","0","2","0","21","1","2","41.9534916978","-87.6883045881","POINT (-87.688304588055 41.953491697799)"
"e4798e73e388975ce7040003a1a9749363886e073403126877ac5a0322638eda89f222c47e464b45b2c1ab6b800d8039e67fa86772727578dde690fb133dbac1",,"2026-02-08T20:55:00.000","25","TRAFFIC SIGNAL","NO CONTROLS","CLEAR","DAYLIGHT","PARKED MOTOR VEHICLE","T-INTERSECTION",,"STRAIGHT AND LEVEL","DRY","NO DEFECTS","ON SCENE","INJURY AND / OR TOW DUE TO CRASH",,,,"OVER $1,500","2026-02-08T20:55:00.000","UNABLE TO DETERMINE","NOT APPLICABLE","1706","W","FARWELL AVE","2424",,,,,,,"3","REPORTED, NOT EVIDENT","1","0","0","0","1","1","0","20","1","2","42.0066632843","-87.6737235752","POINT (-87.673723575225 42.006663284324)"
"9856c482ea325eff63f9c538e63f6aece0f3c916f575a98e09a928479e5ce7908788d50466a2086c517dcf06357ad9fb3db5fe4e9c12e848eefe19d78ff26f45",,"2026-02-08T20:50:00.000","30","STOP SIGN/FLASHER","UNKNOWN","UNKNOWN","UNKNOWN","SIDESWIPE SAME DIRECTION","NOT DIVIDED",,"STRAIGHT AND LEVEL","UNKNOWN","UNKNOWN","NOT ON SCENE (DESK REPORT)","NO INJURY / DRIVE AWAY",,,,"OVER $1,500","2026-02-08T21:26:00.000","UNABLE TO DETERMINE","UNABLE TO DETERMINE","8998","S","JEFFERY BLVD","413",,,,,,,"2","NO INDICATION OF INJURY","0","0","0","0","0","2","0","20","1","2","41.7316734229","-87.5757345435","POINT (-87.575734543451 41.731673422948)"
"393b67bc134d44191be752a0d903d5df6b20455e3523e1a484a979f648dff776d2f6f353813faf66c14574d8272d39baf0bf74a7e9e1c36e1fe8e10456b21eeb",,"2026-02-08T20:45:00.000","30","NO CONTROLS","NO CONTROLS","CLEAR","DARKNESS, LIGHTED ROAD","PARKED MOTOR VEHICLE","NOT DIVIDED",,"STRAIGHT AND LEVEL","DRY","NO DEFECTS","NOT ON SCENE (DESK REPORT)","NO INJURY / DRIVE AWAY",,,"Y","$501 - $1,500","2026-02-08T21:45:00.000","UNABLE TO DETERMINE","UNABLE TO DETERMINE","5659","S","TRIPP AVE","813",,,,,,,"2","NO INDICATION OF INJURY","0","0","0","0","0","1","0","20","1","2","41.789608754","-87.7290374819","POINT (-87.729037481918 41.789608754022)"
"d9bec67639b83b7ce3ef8b6fec22c9ebe582ee5364b6462e420cd790c01da8df3d9c3e9de7c2cef7979cfe506f72f16f506e3ba4be9f614f5636fa05b4fa5164",,"2026-02-08T20:21:00.000","30","TRAFFIC SIGNAL","FUNCTIONING PROPERLY","CLEAR","DARKNESS, LIGHTED ROAD","SIDESWIPE SAME DIRECTION","FOUR WAY",,"STRAIGHT AND LEVEL","DRY","NO DEFECTS","NOT ON SCENE (DESK REPORT)","NO INJURY / DRIVE AWAY","Y",,,"$501 - $1,500","2026-02-08T20:53:00.000","IMPROPER LANE USAGE","IMPROPER OVERTAKING/PASSING","4503","S","WESTERN BLVD","924",,,,,,,"2","NO INDICATION OF INJURY","0","0","0","0","0","2","0","20","1","2","41.8119725046","-87.6838144091","POINT (-87.683814409078 41.811972504642)"
"ff2764eab5cfc74ee47b4606861879eebbdfc46f410901a3f610f16d4108c17a3d2e17f82488e3785e93273f2d9f7aebc64c0d6d0df05a90694517f0b8726a9b",,"2026-02-08T20:20:00.000","30","TRAFFIC SIGNAL","FUNCTIONING PROPERLY","CLEAR","DARKNESS, LIGHTED ROAD","ANGLE","FOUR WAY",,"STRAIGHT AND LEVEL","DRY","UNKNOWN","ON SCENE","NO INJURY / DRIVE AWAY","Y",,,"$501 - $1,500","2026-02-08T20:25:00.000","DISREGARDING TRAFFIC SIGNALS","UNABLE TO DETERMINE","4800","W","LAWRENCE AVE","1623",,,,,,,"2","NO INDICATION OF INJURY","0","0","0","0","0","2","0","20","1","2","41.9681329619","-87.7480531882","POINT (-87.748053188199 41.96813296193)"
"fbfebb3f86d124caa11bea6dca8e75d5bf6710627acd40f8f5998b5ea4b1294e9f3c7f9523e9961956bb6ebea5cfb70e8b37e5254cdf2fa2b5bc9361f82104a7",,"2026-02-08T20:16:00.000","30","NO CONTROLS","NO CONTROLS","CLEAR","DARKNESS, LIGHTED ROAD","PARKED MOTOR VEHICLE","ONE-WAY",,"STRAIGHT AND LEVEL","DRY","NO DEFECTS","ON SCENE","NO INJURY / DRIVE AWAY",,,,"$501 - $1,500","2026-02-08T20:16:00.000","DRIVING SKILLS/KNOWLEDGE/EXPERIENCE","UNABLE TO DETERMINE","6228","W","HUNTINGTON ST","1611",,,,,,,"2","NO INDICATION OF INJURY","0","0","0","0","0","1","0","20","1","2","41.994086683","-87.7840802684","POINT (-87.784080268443 41.99408668303)"
"bfd11c2567d26b0250b211e69b079bdf80e78af3f536d6d8b456173ebd7841924034fe3d318586c3f1f5e03e96d07b9174d6894e8a21e9c1a848e5ad74bfdb80",,"2026-02-08T20:14:00.000","30","TRAFFIC SIGNAL","FUNCTIONING PROPERLY","CLEAR","DARKNESS","ANGLE","ONE-WAY",,"STRAIGHT AND LEVEL","DRY","NO DEFECTS","NOT ON SCENE (DESK REPORT)","NO INJURY / DRIVE AWAY",,,,"OVER $1,500","2026-02-12T17:08:00.000","DISREGARDING TRAFFIC SIGNALS","NOT APPLICABLE","399","S","CANAL ST","121",,,,,,,"2","NO INDICATION OF INJURY","0","0","0","0","0","4","0","20","1","2","41.8768054606","-87.6394595691","POINT (-87.639459569097 41.876805460612)"
"973a09cb2faf9b157526e7ed16a885a1513509bbedc0c1b6fa1b49ccbc802aa9c1754be98136923ede041a0a4418e2091fdc491cf68ac7aa89e0ce541b62b9b4","Y","2026-02-08T20:10:00.000","30","TRAFFIC SIGNAL","FUNCTIONING PROPERLY","CLOUDY/OVERCAST","DARKNESS, LIGHTED ROAD","SIDESWIPE SAME DIRECTION","NOT DIVIDED",,"STRAIGHT AND LEVEL","DRY","NO DEFECTS","NOT ON SCENE (DESK REPORT)","NO INJURY / DRIVE AWAY",,,"Y","$501 - $1,500","2026-02-08T20:35:00.000","FAILING TO YIELD RIGHT-OF-WAY","UNABLE TO DETERMINE","2607","N","MILWAUKEE AVE","1411",,,,,,,"2","NO INDICATION OF INJURY","0","0","0","0","0","3","0","20","1","2","41.9291100093","-87.7072389973","POINT (-87.70723899729 41.929110009263)"
"82507960ca247c1077165c94149889a283b0ac3e5ee8055e4cd8ff0cd22570dc5cc5c99ff296c94daea1a112a2715f5f100708c3939af664a2ae9cbb3b6bc863",,"2026-02-08T20:00:00.000","30","NO CONTROLS","NO CONTROLS","CLEAR","DARKNESS, LIGHTED ROAD","PARKED MOTOR VEHICLE","NOT DIVIDED",,"STRAIGHT AND LEVEL","DRY","NO DEFECTS","NOT ON SCENE (DESK REPORT)","NO INJURY / DRIVE AWAY",,,"Y","OVER $1,500","2026-02-08T20:30:00.000","UNABLE TO DETERMINE","UNABLE TO DETERMINE","5613","S","WOOD ST","715",,,,,,,"2","NO INDICATION OF INJURY","0","0","0","0","0","6","0","20","1","2","41.7917259623","-87.6692343951","POINT (-87.669234395118 41.791725962313)"
"6bc533faebc99f56632136d88cdfb223b65ec93bfdabe6c2721114b7f3aeefb57907d24a5d76707d4d609bb9649e8c5594a44650e5f8f0d89255a491156624f3","Y","2026-02-08T19:19:00.000","35","NO CONTROLS","NO CONTROLS","CLEAR","DARKNESS, LIGHTED ROAD","REAR END","DIVIDED - W/MEDIAN (NOT RAISED)",,"STRAIGHT AND LEVEL","WET","UNKNOWN","ON SCENE","INJURY AND / OR TOW DUE TO CRASH",,,"Y","OVER $1,500","2026-02-08T19:19:00.000","IMPROPER OVERTAKING/PASSING","NOT APPLICABLE","7900","S","STONY ISLAND AVE","411",,,,,,,"2","REPORTED, NOT EVIDENT","1","0","0","0","1","3","0","19","1","2","41.7514606032","-87.585971993","POINT (-87.585971992965 41.751460603167)"
"2f4c9f07e3a6b7d89e01990283ff12ec8bdc20974137c9605b655b3e4ba6690592691487a751c684022fa5929db54be396c06311ac8af5cb7a170ad1d646599a",,"2026-02-08T19:17:00.000","35","UNKNOWN","UNKNOWN","UNKNOWN","UNKNOWN","PARKED MOTOR VEHICLE","UNKNOWN",,"STRAIGHT AND LEVEL","UNKNOWN","UNKNOWN","NOT ON SCENE (DESK REPORT)","NO INJURY / DRIVE AWAY",,,"Y","$501 - $1,500","2026-02-09T10:30:00.000","UNABLE TO DETERMINE","UNABLE TO DETERMINE","4400","S","INDIANA AVE","215",,,,,,,"2","NO INDICATION OF INJURY","0","0","0","0","0","1","0","19","1","2","41.8146686294","-87.6215035309","POINT (-87.621503530892 41.81466862942)"
"8452a03c9bb80a4f2466a7055242b5d265e5d2a85d9c0d2ed0761eaf5e1de401fa2a03f47c7c95ebf521f8afcb180f0211c5bf3190e94a492ccaa63d99aa0145",,"2026-02-08T19:10:00.000","35","STOP SIGN/FLASHER","NO CONTROLS","CLEAR","DARKNESS","TURNING","NOT DIVIDED",,"STRAIGHT AND LEVEL","DRY","NO DEFECTS","ON SCENE","NO INJURY / DRIVE AWAY","Y",,,"OVER $1,500","2026-02-08T19:20:00.000","NOT APPLICABLE","NOT APPLICABLE","6933","W","HIGGINS AVE","1613",,,,,,,"2","NO INDICATION OF INJURY","0","0","0","0","0","2","0","19","1","2","41.9797072199","-87.800991761","POINT (-87.80099176104 41.97970721995)"
"cdfb0cd33623a87c4ff26c82335c76d014af4147534a8d0657407d27cc436ef4da64203d689c426985603b78ba053dd1a4089564b87c63b22c0f041f88bdca04",,"2026-02-08T19:05:00.000","30","TRAFFIC SIGNAL","FUNCTIONING PROPERLY","CLEAR","DARKNESS, LIGHTED ROAD","REAR END","T-INTERSECTION",,"STRAIGHT AND LEVEL","DRY","NO DEFECTS","ON SCENE","INJURY AND / OR TOW DUE TO CRASH","Y",,,"OVER $1,500","2026-02-08T19:05:00.000","FOLLOWING TOO CLOSELY","NOT APPLICABLE","952","W","ADAMS ST","1232",,,,,,,"2","REPORTED, NOT EVIDENT","2","0","0","0","2","1","0","19","1","2","41.8792514158","-87.6517330532","POINT (-87.651733053159 41.879251415773)"
"23649df2827c3127e3af85b5aff6e142d71986fc30592583f0800ecbb2c0cdd308511a28ed381e78213ed9d9e860da75f9c22d8e6a0dcbcfbdd22492b2ab618c",,"2026-02-08T19:00:00.000","25","TRAFFIC SIGNAL","UNKNOWN","UNKNOWN","UNKNOWN","REAR END","FOUR WAY",,"STRAIGHT AND LEVEL","UNKNOWN","UNKNOWN","NOT ON SCENE (DESK REPORT)","INJURY AND / OR TOW DUE TO CRASH","Y",,,"$501 - $1,500","2026-03-12T13:00:00.000","UNABLE TO DETERMINE","UNABLE TO DETERMINE","1399","W","MONTROSE AVE","1915",,,,,,,"2","NONINCAPACITATING INJURY","1","0","0","1","0","1","0","19","1","2","41.9615383622","-87.6648724915","POINT (-87.664872491456 41.961538362227)"
"239ac1c3cc52c1a19ded4b7a5905c71fde160df7126b9d8241f96ed00256810c14648c93a1178e8101a4f819a974f5beac92f519825e7e1d9be04f8fcb6df040","Y","2026-02-08T19:00:00.000","25","NO CONTROLS","NO CONTROLS","UNKNOWN","DARKNESS, LIGHTED ROAD","PARKED MOTOR VEHICLE","ONE-WAY",,"STRAIGHT AND LEVEL","UNKNOWN","UNKNOWN","NOT ON SCENE (DESK REPORT)","NO INJURY / DRIVE AWAY",,,"N","$501 - $1,500","2026-02-11T10:55:00.000","UNABLE TO DETERMINE","UNABLE TO DETERMINE","4430","W","GUNNISON ST","1712",,,,,,,"2","NO INDICATION OF INJURY","0","0","0","0","0","1","0","19","1","2","41.9691371225","-87.7392953821","POINT (-87.739295382107 41.969137122486)"
"52fc286c49b2b62b203f1a5f9eb228ccaedb3ce8ac46e721f709eab214e2b496035e57ede7ff52e51b661be1fe9930186e3d6c53a5a735b499dbf9b3e707a913",,"2026-02-08T19:00:00.000","35","NO CONTROLS","NO CONTROLS","CLEAR","DAYLIGHT","FIXED OBJECT","NOT DIVIDED",,"STRAIGHT AND LEVEL","DRY","NO DEFECTS",,"INJURY AND / OR TOW DUE TO CRASH",,"Y",,"OVER $1,500","2026-02-08T19:00:00.000","UNABLE TO DETERMINE","NOT APPLICABLE","10700","S","STATE LINE RD","432",,,,,,,"1","NO INDICATION OF INJURY","0","0","0","0","0","1","0","19","1","2","41.7007770383","-87.5246857686","POINT (-87.5246857686 41.70077703828)"
"7fc9e13f7c5fd9a796141a6da68160ad1538880968717f366d26f4670327b1a2fd4b706c3cf92b68ad754514358f224250d656b27deda5e63f51de9c3da411ef",,"2026-02-08T18:50:00.000","30","NO CONTROLS","NO CONTROLS","CLEAR","DAYLIGHT","REAR END","NOT DIVIDED",,"STRAIGHT AND LEVEL","DRY","NO DEFECTS","NOT ON SCENE (DESK REPORT)","INJURY AND / OR TOW DUE TO CRASH",,,,"OVER $1,500","2026-02-11T14:30:00.000","FOLLOWING TOO CLOSELY","NOT APPLICABLE","47","W","DIVISION ST","1824",,,,,,,"2","NONINCAPACITATING INJURY","2","0","0","2","0","1","0","18","1","2","41.9038088255","-87.6304071068","POINT (-87.630407106828 41.903808825504)"