"crash_record_id","crash_date_est_i","crash_date","posted_speed_limit","traffic_control_device","device_condition","weather_condition","lighting_condition","first_crash_type","trafficway_type","lane_cnt","alignment","roadway_surface_cond","road_defect","report_type","crash_type","intersection_related_i","private_property_i","hit_and_run_i","damage","date_police_notified","prim_contributory_cause","sec_contributory_cause","street_no","street_direction","street_name","beat_of_occurrence","photos_taken_i","statements_taken_i","dooring_i","work_zone_i","work_zone_type","workers_present_i","num_units","most_severe_injury","injuries_total","injuries_fatal","injuries_incapacitating","injuries_non_incapacitating","injuries_reported_not_evident","injuries_no_indication","injuries_unknown","crash_hour","crash_day_of_week","crash_month","latitude","longitude","location"
"f4feb48de64e114ed71a9c6f8f8b9359399dfbf32d7ec71fd566ae3d9c709789f1ad25cf9bff84b2ac417392192eb326ba38ee0f5f8583fe67bc5c600d772d84",,"2026-02-08T18:50:00.000","30","TRAFFIC SIGNAL","FUNCTIONING PROPERLY","CLEAR","DARKNESS, LIGHTED ROAD","ANGLE","NOT DIVIDED",,"STRAIGHT ON GRADE","DRY","NO DEFECTS",,"INJURY AND / OR TOW DUE TO CRASH","Y",,,"OVER $1,500","2026-02-08T18:53:00.000","UNABLE TO DETERMINE","UNABLE TO DETERMINE","1632","W","111TH ST","2234",,,,"N",,,"2","REPORTED, NOT EVIDENT","3","0","0","0","3","1","0","18","1","2","41.6922347231","-87.6631842891","POINT (-87.663184289147 41.692234723052)"
"9cb9391b6cec5bacfb22b68e8a18162d7196e54f7bab08e3c06dc11601fece49a0f3344ffcf2d7f8a2a4e6e3310f83a7862a35108cacee843be6c3c4dfd9e6bb",,"2026-02-08T18:42:00.000","30","TRAFFIC SIGNAL","UNKNOWN","SNOW","DARKNESS, LIGHTED ROAD","ANGLE","T-INTERSECTION",,"STRAIGHT AND LEVEL","SNOW OR SLUSH","UNKNOWN","ON SCENE","INJURY AND / OR TOW DUE TO CRASH","Y",,,"OVER $1,500","2026-02-08T19:01:00.000","DISREGARDING TRAFFIC SIGNALS","DISREGARDING TRAFFIC SIGNALS","301","W","MADISON ST","122",,,,,,,"2","NO INDICATION OF INJURY","0","0","0","0","0","2","0","18","1","2","41.8818231396","-87.635382025","POINT (-87.635382025048 41.881823139635)"
"45d46be8278ed4694f79d0dd64efc13bdbe3297a39aaa94bcab4818c9ffa62b649892047cd4f68b64fd8a28150c7a78c1068e7647e286b0832eba593e23bf9f0",,"2026-02-08T18:30:00.000","30","NO CONTROLS","NO CONTROLS","CLEAR","DARKNESS, LIGHTED ROAD","REAR TO FRONT","NOT DIVIDED",,"STRAIGHT AND LEVEL","DRY","NO DEFECTS","ON SCENE","NO INJURY / DRIVE AWAY",,,,"OVER $1,500","2026-02-08T18:30:00.000","FAILING TO YIELD RIGHT-OF-WAY","NOT APPLICABLE","5128","S","KEELER AVE","815",,,,,,,"2","NO INDICATION OF INJURY","0","0","0","0","0","3","0","18","1","2","41.799646462","-87.7283934786","POINT (-87.728393478554 41.799646461961)"
"81350b0c0e9933441fac7a91006c8b1fcc43ba0f6083243eb34f5a153da6390e3d3f07a0790952c854ead320c90f103b0853929c381045645a94fe4203730543",,"2026-02-08T18:30:00.000","30","NO CONTROLS","NO CONTROLS","UNKNOWN","UNKNOWN","PARKED MOTOR VEHICLE","DIVIDED - W/MEDIAN (NOT RAISED)",,"STRAIGHT AND LEVEL","UNKNOWN","UNKNOWN","NOT ON SCENE (DESK REPORT)","NO INJURY / DRIVE AWAY",,,,"$501 - $1,500","2026-02-10T16:07:00.000","UNABLE TO DETERMINE","UNABLE TO DETERMINE","3514","W","ADAMS ST","1123",,,,,,,"2","NO INDICATION OF INJURY","0","0","0","0","0","1","0","18","1","2","41.8783964385","-87.7141715284","POINT (-87.714171528418 41.878396438482)"
"db5bb682d1ceb1534cc09c9a0a24caf5587d25bc58c6e437b4eb1e679c0ee985a3cff88563ef2cc8c997291883da79965457ca8d67f4eed007c49fb1ea694286",,"2026-02-08T18:30:00.000","30","TRAFFIC SIGNAL","FUNCTIONING PROPERLY","CLEAR","DAWN","ANGLE","NOT DIVIDED",,"STRAIGHT AND LEVEL","DRY","NO DEFECTS","ON SCENE","INJURY AND / OR TOW DUE TO CRASH",,,,"OVER $1,500","2026-02-08T18:54:00.000","DISREGARDING TRAFFIC SIGNALS","NOT APPLICABLE","4900","S","MICHIGAN AVE","224",,,,,,,"3","REPORTED, NOT EVIDENT","2","0","0","0","2","1","0","18","1","2","41.8055521718","-87.622887298","POINT (-87.622887297982 41.805552171805)"
"fe9f1350502f8f3bf12f0174abb1952abe2004bbaeac7ef90b535c4b79ffa667e7d00d3eb4c78cdbabb35373609b90da75e06160439dcd94e992c2d24ffdeb60",,"2026-02-08T18:29:00.000","35","NO CONTROLS","NO CONTROLS","CLEAR","DARKNESS","REAR END","RAMP",,"STRAIGHT AND LEVEL","WET","UNKNOWN","NOT ON SCENE (DESK REPORT)","NO INJURY / DRIVE AWAY",,,,"OVER $1,500","2026-02-08T18:40:00.000","UNABLE TO DETERMINE","UNABLE TO DETERMINE","4936","W","NORTH AVE","2533",,,,,,,"2","NO INDICATION OF INJURY","0","0","0","0","0","2","0","18","1","2","41.9096772757","-87.7506460785","POINT (-87.750646078529 41.90967727573)"
"1f54a029a1494ff4fa613fd2a3a21d9febc0081e67235a2dac1ec3e13799fb8db171945fc7bff90b2501541b4c5cc2fe2e41a5cfa4e0fa301a6ffb70a49112aa",,"2026-02-08T18:15:00.000","30","UNKNOWN","UNKNOWN","UNKNOWN","DARKNESS","PARKED MOTOR VEHICLE","UNKNOWN",,"STRAIGHT AND LEVEL","UNKNOWN","UNKNOWN","NOT ON SCENE (DESK REPORT)","NO INJURY / DRIVE AWAY","N",,"Y","OVER $1,500","2026-02-08T22:22:00.000","UNABLE TO DETERMINE","NOT APPLICABLE","4222","S","PRAIRIE AVE","213",,,,,,,"2","NO INDICATION OF INJURY","0","0","0","0","0","1","0","18","1","2","41.8176821437","-87.6199679422","POINT (-87.619967942167 41.817682143684)"
"5ba9485bce205a0b1af58f8828053cad2b792e20a8d03f01b5e2ebbb0ad5f03d654bd7a2d43fdc6b16ff2ca635ccd33335d837a8b51981f6cdd1e95b9aaf6d43",,"2026-02-08T18:10:00.000","10","NO CONTROLS","NO CONTROLS","CLEAR","DARKNESS, LIGHTED ROAD","PARKED MOTOR VEHICLE","ONE-WAY",,"STRAIGHT AND LEVEL","DRY","NO DEFECTS","NOT ON SCENE (DESK REPORT)","NO INJURY / DRIVE AWAY",,"Y","N","OVER $1,500","2026-02-08T18:10:00.000","FAILING TO REDUCE SPEED TO AVOID CRASH","UNABLE TO DETERMINE","2417","W","WALTON ST","1212",,,,,,,"2","NO INDICATION OF INJURY","0","0","0","0","0","1","0","18","1","2","41.8983500326","-87.6876441297","POINT (-87.687644129676 41.898350032598)"
"871a68ef7f00e109e28309f1b69266032a5d860a6213c5e0fbd46654a097cd675b6afe6e6bd097f41da3d453eef0eb58a2bc90f44f2ea38d8aeb2b9ff5ef8b29",,"2026-02-08T18:06:00.000","30","STOP SIGN/FLASHER","FUNCTIONING PROPERLY","CLEAR","DARKNESS, LIGHTED ROAD","PARKED MOTOR VEHICLE","NOT DIVIDED",,"STRAIGHT AND LEVEL","DRY","UNKNOWN","ON SCENE","NO INJURY / DRIVE AWAY",,,,"OVER $1,500","2026-02-08T18:14:00.000","FAILING TO YIELD RIGHT-OF-WAY","NOT APPLICABLE","4681","W","83RD ST","834",,,,,,,"2","NO INDICATION OF INJURY","0","0","0","0","0","1","0","18","1","2","41.7418908691","-87.7379455901","POINT (-87.737945590063 41.741890869083)"
"57353ca5cba78d1099e7536b12ee32d32eb3e19411d3b2dab75c04b9177f578c358cafc87812c5542fe2eb6e75a11c71c1c8d5dc2c2c37be1dad5579b0a54164",,"2026-02-08T18:00:00.000","30","NO CONTROLS","NO CONTROLS","CLEAR","DARKNESS, LIGHTED ROAD","SIDESWIPE SAME DIRECTION","NOT DIVIDED",,"STRAIGHT AND LEVEL","DRY","NO DEFECTS",,"NO INJURY / DRIVE AWAY",,,,"OVER $1,500","2026-02-08T18:40:00.000","IMPROPER LANE USAGE","NOT APPLICABLE","3216","N","CENTRAL PARK AVE","1732",,,,,,,"2","NO INDICATION OF INJURY","0","0","0","0","0","2","0","18","1","2","41.9397421238","-87.7175663289","POINT (-87.71756632887 41.939742123799)"
"07ce07aabb7796a61b537a8e5a5dd27f96d807b85a56964a6899ef4962524d1210fc2c9e36ba336ead13e4c153059b83ea8e91694d8227558761f7ee34597fbd",,"2026-02-08T17:48:00.000","20","NO CONTROLS","NO CONTROLS","CLEAR","DARKNESS, LIGHTED ROAD","PARKED MOTOR VEHICLE","NOT DIVIDED",,"STRAIGHT AND LEVEL","DRY","NO DEFECTS","ON SCENE","INJURY AND / OR TOW DUE TO CRASH",,,,"OVER $1,500","2026-02-08T17:51:00.000","UNDER THE INFLUENCE OF ALCOHOL/DRUGS (USE WHEN ARREST IS EFFECTED)","PHYSICAL CONDITION OF DRIVER","3244","W","16TH ST","1022",,"N",,,,,"3","NONINCAPACITATING INJURY","1","0","0","1","0","0","0","17","1","2","41.8591712068","-87.7071960722","POINT (-87.707196072201 41.859171206783)"
"f48b0aacdc423813d02845554da6673f8225a323ac24ebbe36dc73a16df4914a972c7ae41c721178b2885afcee947cc8a3de489155c9191183de829f0d57dab5",,"2026-02-08T17:43:00.000","30","NO CONTROLS","NO CONTROLS","CLOUDY/OVERCAST","DARKNESS, LIGHTED ROAD","REAR END","NOT DIVIDED",,"STRAIGHT AND LEVEL","DRY","UNKNOWN","ON SCENE","NO INJURY / DRIVE AWAY",,,,"$501 - $1,500","2026-02-08T17:46:00.000","FOLLOWING TOO CLOSELY","UNABLE TO DETERMINE","3131","N","CICERO AVE","2521",,,,,,,"2","NO INDICATION OF INJURY","0","0","0","0","0","3","0","17","1","2","41.9379637121","-87.7467072663","POINT (-87.7467072663 41.937963712085)"
"d289725786a697e2099b5e090d6ae6959e19600bcc99f812019a015a6a652e2be7901fcb49dbc573ee3febc796824b662487c76a930c4e4fe3191529d8b84ad3",,"2026-02-08T17:40:00.000","30","NO CONTROLS","NO CONTROLS","CLEAR","DARKNESS, LIGHTED ROAD","REAR END","DIVIDED - W/MEDIAN BARRIER",,"STRAIGHT AND LEVEL","DRY","UNKNOWN","ON SCENE","INJURY AND / OR TOW DUE TO CRASH",,,,"OVER $1,500","2026-02-08T18:53:00.000","FOLLOWING TOO CLOSELY","UNABLE TO DETERMINE","4636","S","CICERO AVE","814",,,,,,,"2","NO INDICATION OF INJURY","0","0","0","0","0","2","0","17","1","2","41.808334216","-87.7433128266","POINT (-87.743312826642 41.808334216013)"
"3bcaa3a33dde77106c0d894c8082efe6d16591f57549458922f5516a09b7c9a6e4a85d37bfb2d62803c8bef52ad1185ef376c37cd79633ab0f64877024d5d638",,"2026-02-08T17:36:00.000","30","NO CONTROLS","NO CONTROLS","CLEAR","DARKNESS, LIGHTED ROAD","SIDESWIPE SAME DIRECTION","NOT DIVIDED",,"STRAIGHT AND LEVEL","DRY","NO DEFECTS","ON SCENE","INJURY AND / OR TOW DUE TO CRASH",,,"Y","OVER $1,500","2026-02-08T17:41:00.000","IMPROPER OVERTAKING/PASSING","NOT APPLICABLE","106","N","CARPENTER ST","1224",,,,,,,"2","NO INDICATION OF INJURY","0","0","0","0","0","2","0","17","1","2","41.8832701397","-87.6533889818","POINT (-87.653388981778 41.883270139701)"
"12363e4b8cb3e52b7b9066e794ade10148215a3eaf44f25118ddd86deda7b6456bdcfa41386e9e8ef0be10892c58ceaeb9b25e19cb436dbec514782d6bfa550f",,"2026-02-08T17:30:00.000","30","TRAFFIC SIGNAL","FUNCTIONING PROPERLY","CLEAR","DUSK","REAR END","NOT DIVIDED",,"STRAIGHT AND LEVEL","DRY","NO DEFECTS","NOT ON SCENE (DESK REPORT)","NO INJURY / DRIVE AWAY",,,"Y","OVER $1,500","2026-02-11T08:20:00.000","UNABLE TO DETERMINE","NOT APPLICABLE","308","W","DICKENS BLVD","1814",,,,,,,"2","NO INDICATION OF INJURY","0","0","0","0","0","3","0","17","1","2","41.920279436","-87.6368525715","POINT (-87.636852571513 41.920279435972)"
"648d89e378826f59b404353b76771f858ec8f8a9b06f7f26e4bb75f8481c94823d44f4944515b95e578db79111c2ebac811b712411cbada6a1d4ea28e763909e",,"2026-02-08T17:30:00.000","30","NO CONTROLS","NO CONTROLS","CLEAR","DARKNESS, LIGHTED ROAD","SIDESWIPE SAME DIRECTION","ONE-WAY",,"STRAIGHT AND LEVEL","UNKNOWN","UNKNOWN","NOT ON SCENE (DESK REPORT)","NO INJURY / DRIVE AWAY",,,,"OVER $1,500","2026-02-08T22:40:00.000","DRIVING SKILLS/KNOWLEDGE/EXPERIENCE","UNABLE TO DETERMINE","5414","W","KAMERLING AVE","2532",,,,,,,"2","NO INDICATION OF INJURY","0","0","0","0","0","2","0","17","1","2","41.9050090604","-87.7617190249","POINT (-87.761719024878 41.905009060425)"
"ad0aee58a5a2bed614fb15add313e6c560963fb0ad13dfd5f88f4373ce94c1b391cd0138a9b534ad63f49db57dfa6a0af1363825e7d087dc45be02b68ef9a379","Y","2026-02-08T17:30:00.000","20","NO CONTROLS","NO CONTROLS","CLEAR","DARKNESS","PARKED MOTOR VEHICLE","NOT DIVIDED",,"STRAIGHT AND LEVEL","DRY","NO DEFECTS","ON SCENE","INJURY AND / OR TOW DUE TO CRASH",,,"Y","OVER $1,500","2026-02-08T21:07:00.000","UNABLE TO DETERMINE","UNABLE TO DETERMINE","5857","S","ABERDEEN ST","712",,,,,,,"2","NO INDICATION OF INJURY","0","0","0","0","0","1","0","17","1","2","41.7870306247","-87.6521149095","POINT (-87.652114909532 41.787030624704)"
"ee1d6414f4bcc47611a3393285b17a2046435777cdad9d9b4e23318934ad1cfc63223b4a63b6a974c3041130438eb47e0a3fc474cdb5a1f0152a11ea3954ad34",,"2026-02-08T17:26:00.000","30","NO CONTROLS","NO CONTROLS","CLEAR","DUSK","PEDALCYCLIST","FOUR WAY",,"STRAIGHT AND LEVEL","DRY","UNKNOWN","ON SCENE","INJURY AND / OR TOW DUE TO CRASH","Y",,,"OVER $1,500","2026-02-08T17:26:00.000","FAILING TO YIELD RIGHT-OF-WAY","NOT APPLICABLE","2400","N","MAJOR AVE","2515",,,,,,,"2","NONINCAPACITATING INJURY","1","0","0","1","0","3","0","17","1","2","41.924030928","-87.7685714525","POINT (-87.768571452482 41.924030928008)"
"737c5e7df956760a86b42d0a6870b5da87cf886247c8eb44c0fd1619100d87457b7ba81e3c01ebf294dbc703a6c176dc2a030443f011146330359e3033372353",,"2026-02-08T17:11:00.000","15","NO CONTROLS","NO CONTROLS","SNOW","DARKNESS","OTHER OBJECT","OTHER",,"STRAIGHT AND LEVEL","WET","NO DEFECTS","ON SCENE","NO INJURY / DRIVE AWAY",,"Y",,"OVER $1,500","2026-02-08T17:21:00.000","UNABLE TO DETERMINE","UNABLE TO DETERMINE","2219","N","KENNETH AVE","2522",,,,,,,"1","NO INDICATION OF INJURY","0","0","0","0","0","1","0","17","1","2","41.9212965902","-87.7375400618","POINT (-87.737540061794 41.921296590235)"
"e26e8b38eb0074c636fe14c2d139bdf2c71c13a674472213e8b20bd9673c2757640484c855c7c0c57a436be447e438019880e2f12e6192e6aa56f94d7cbbc427",,"2026-02-08T17:08:00.000","30","NO CONTROLS","UNKNOWN","CLEAR","DAYLIGHT","TURNING","NOT DIVIDED",,"STRAIGHT AND LEVEL","DRY","NO DEFECTS",,"INJURY AND / OR TOW DUE TO CRASH","Y",,,"OVER $1,500","2026-02-08T17:09:00.000","VISION OBSCURED (SIGNS, TREE LIMBS, BUILDINGS, ETC.)","VISION OBSCURED (SIGNS, TREE LIMBS, BUILDINGS, ETC.)","6400","S","ASHLAND AVE","725",,,,,,,"2","NO INDICATION OF INJURY","0","0","0","0","0","3","0","17","1","2","41.7775606866","-87.6643137473","POINT (-87.664313747254 41.777560686625)"
"3e9b8dae4c6b294f9fa59e24ed145d44ff4fb0fc8d346952eb630c6e654452524fbe7815de11dde4a95043a662a9ea5f3ef8d231bacda3aed8ccabcca77df6f6","Y","2026-02-08T17:00:00.000","30","NO CONTROLS","NO CONTROLS","CLEAR","DARKNESS, LIGHTED ROAD","PARKED MOTOR VEHICLE","DIVIDED - W/MEDIAN (NOT RAISED)",,"STRAIGHT AND LEVEL","DRY","NO DEFECTS","NOT ON SCENE (DESK REPORT)","NO INJURY / DRIVE AWAY",,,"Y","OVER $1,500","2026-02-12T11:30:00.000","UNABLE TO DETERMINE","NOT APPLICABLE","4459","W","BELMONT AVE","2523",,,,,,,"2","NO INDICATION OF INJURY","0","0","0","0","0","1","0","17","1","2","41.9388195147","-87.7394338028","POINT (-87.739433802816 41.938819514684)"
"a949dbf8883906a97d990f5c712fc1b27db9c840ce4e0c10a3cb6635f489103ae06e36582578ea92bfb78824f22d01a7f873376db66be0d45b16edb27985a531",,"2026-02-08T17:00:00.000","25","STOP SIGN/FLASHER","FUNCTIONING PROPERLY","CLEAR","DAWN","TURNING","OTHER",,"STRAIGHT AND LEVEL","WET","UNKNOWN","ON SCENE","INJURY AND / OR TOW DUE TO CRASH",,,,"OVER $1,500","2026-02-08T17:00:00.000","NOT APPLICABLE","NOT APPLICABLE","2526","W","CERMAK RD","1023",,"Y",,,,,"2","NONINCAPACITATING INJURY","1","0","0","1","0","2","0","17","1","2","41.8521006532","-87.6890511106","POINT (-87.689051110607 41.85210065324)"
"6f2cb0485b177a6814369fa60b26d9ebea8360b9a8e246650bdfa1e6c33c6d48502a89065b4bc140023b8df525e6908d73e19cd6be64b5c9acddbd14f925cffd",,"2026-02-08T16:55:00.000","30","TRAFFIC SIGNAL","FUNCTIONING PROPERLY","CLEAR","DAYLIGHT","REAR END","NOT DIVIDED",,"STRAIGHT AND LEVEL","DRY","NO DEFECTS","NOT ON SCENE (DESK REPORT)","NO INJURY / DRIVE AWAY",,,,"OVER $1,500","2026-02-10T07:00:00.000","DRIVING SKILLS/KNOWLEDGE/EXPERIENCE","DRIVING SKILLS/KNOWLEDGE/EXPERIENCE","5940","N","SHERIDAN RD","2433","Y","Y",,,,,"2","NO INDICATION OF INJURY","0","0","0","0","0","4","0","16","1","2","41.9902667691","-87.655539591","POINT (-87.655539591043 41.990266769105)"
"65d56c0a212242537a58e090fd6e17746d47f1b1119e9d1e710b4fd577fcfc3374ed1767d94e287d2f6245829e999ee2981b0b7d0245a07355b5acf4ffd9ba39",,"2026-02-08T16:52:00.000","30","NO CONTROLS","NO CONTROLS","CLEAR","DAWN","REAR TO SIDE","ALLEY",,"STRAIGHT AND LEVEL","ICE","NO DEFECTS","ON SCENE","NO INJURY / DRIVE AWAY","Y",,,"OVER $1,500","2026-02-08T16:55:00.000","IMPROPER BACKING","IMPROPER BACKING","1643","W","48TH ST","931",,,,,,,"2","NO INDICATION OF INJURY","0","0","0","0","0","13","0","16","1","2","41.8066558592","-87.6666187506","POINT (-87.666618750582 41.806655859219)"
"a066ce180ae11a579286308f2c8bd36dfe9b0ef3160c3766fb5461043c4d9708b0f093187fd21bee4cd85b230db13790e59ecfa8f560e883f91e2715b268084d",,"2026-02-08T16:52:00.000","20","NO CONTROLS","NO CONTROLS","CLEAR","DUSK","ANGLE","PARKING LOT",,"STRAIGHT AND LEVEL","SNOW OR SLUSH","UNKNOWN","ON SCENE","NO INJURY / DRIVE AWAY",,"Y",,"OVER $1,500","2026-02-08T16:52:00.000","FAILING TO YIELD RIGHT-OF-WAY","IMPROPER OVERTAKING/PASSING","3200","W","CHICAGO AVE","1121",,,,,,,"2","NO INDICATION OF INJURY","0","0","0","0","0","2","0","16","1","2","41.8956625925","-87.706619209","POINT (-87.706619208999 41.895662592504)"
"536d5550d8d0eeec7e8c7380dd5cbeaf475be7025556f21e4f9fe74677296100c2324c1668ea97194c5d231101247aed22e2c501ab6a0976cef728122435b6b7","Y","2026-02-08T16:43:00.000","30","UNKNOWN","UNKNOWN","UNKNOWN","UNKNOWN","REAR END","DIVIDED - W/MEDIAN BARRIER",,"STRAIGHT AND LEVEL","UNKNOWN","UNKNOWN","NOT ON SCENE (DESK REPORT)","NO INJURY / DRIVE AWAY",,,,"OVER $1,500","2026-02-09T15:30:00.000","UNABLE TO DETERMINE","NOT APPLICABLE","2","W","95TH ST","634",,,,,,,"2","NO INDICATION OF INJURY","0","0","0","0","0","4","0","16","1","2","41.7217701393","-87.6237951017","POINT (-87.623795101727 41.721770139319)"
"842a561a62efe514fe847a30a48b9fa6cd1463cfef737e1e1afa60488400e1584a298905aa30f312cee0cee78a9582367be0a7119be112fa18da1833ea149313",,"2026-02-08T16:28:00.000","30","STOP SIGN/FLASHER","NO CONTROLS","CLEAR","DAYLIGHT","ANGLE","FOUR WAY",,"STRAIGHT AND LEVEL","DRY","UNKNOWN","ON SCENE","NO INJURY / DRIVE AWAY","Y",,,"OVER $1,500","2026-02-08T16:28:00.000","FAILING TO YIELD RIGHT-OF-WAY","UNABLE TO DETERMINE","8007","S","STONY ISLAND AVE","411",,,,,,,"2","NO INDICATION OF INJURY","0","0","0","0","0","4","0","16","1","2","41.7493615899","-87.5854334288","POINT (-87.585433428783 41.749361589937)"
"45a1e69cc282f044c3c6c513970cc9668b1be5a3b2457133d2238b469f7de7de012e920b9600bd71234207782bc078e456160be6396e348c00639c0dcb8c567d",,"2026-02-08T16:23:00.000","30","NO CONTROLS","NO CONTROLS","CLEAR","DAYLIGHT","REAR END","NOT DIVIDED",,"STRAIGHT AND LEVEL","DRY","NO DEFECTS","ON SCENE","NO INJURY / DRIVE AWAY",,,,"OVER $1,500","2026-02-08T16:25:00.000","UNABLE TO DETERMINE","UNABLE TO DETERMINE","3133","W","21ST ST","1022",,"Y",,,,,"2","NO INDICATION OF INJURY","0","0","0","0","0","3","0","16","1","2","41.8535055947","-87.7040162672","POINT (-87.704016267185 41.853505594732)"
"ae05befe32d8c8778c972cfe161aa67f506f5de17f260264bcfd3a2dc4a9ed60cd3c046fcb38793f5780f299888bbf3ea18288a5397e9b3db195313278b46316",,"2026-02-08T16:20:00.000","30","TRAFFIC SIGNAL","FUNCTIONING PROPERLY","CLEAR","DAYLIGHT","SIDESWIPE SAME DIRECTION","ONE-WAY",,"STRAIGHT AND LEVEL","DRY","NO DEFECTS","NOT ON SCENE (DESK REPORT)","NO INJURY / DRIVE AWAY",,,,"OVER $1,500","2026-02-09T09:00:00.000","DRIVING SKILLS/KNOWLEDGE/EXPERIENCE","UNABLE TO DETERMINE","190","S","WELLS ST","122",,,,,,,"2","NO INDICATION OF INJURY","0","0","0","0","0","2","0","16","1","2","41.8794211806","-87.6338994139","POINT (-87.63389941393 41.879421180569)"
"69237f6d1e2d6fb82b2b4f58fccf4ede356324f0961cae1df7a5e8cf4f7832971b4d21e1bc3e958ffc5a0ccda51447f6ba039956f3a6cdd32d9eba3519fdf9d1",,"2026-02-08T16:10:00.000","30","TRAFFIC SIGNAL","FUNCTIONING PROPERLY","CLEAR","DUSK","TURNING","DIVIDED - W/MEDIAN (NOT RAISED)",,"STRAIGHT AND LEVEL","DRY","NO DEFECTS","ON SCENE","INJURY AND / OR TOW DUE TO CRASH","Y",,,"OVER $1,500","2026-02-08T16:16:00.000","DISREGARDING TRAFFIC SIGNALS","FAILING TO YIELD RIGHT-OF-WAY","2000","E","MARQUETTE DR","331",,,,,,,"2","NONINCAPACITATING INJURY","2","0","0","2","0","2","0","16","1","2","41.7757698807","-87.5763473518","POINT (-87.57634735179 41.775769880715)"
"8cabaccb30d5e86955e11da075d72314d8599be9bee0f6d0eb4d51e5034620deb26289a387696296396728c064638e987ba405092a7230e8659eb97cd61351c4",,"2026-02-08T16:10:00.000","30","STOP SIGN/FLASHER","FUNCTIONING PROPERLY","CLEAR","DAYLIGHT","PEDESTRIAN","NOT DIVIDED",,"STRAIGHT AND LEVEL","DRY","UNKNOWN","ON SCENE","NO INJURY / DRIVE AWAY","Y",,,"OVER $1,500","2026-02-08T16:13:00.000","FAILING TO YIELD RIGHT-OF-WAY","UNABLE TO DETERMINE","3181","S","LITUANICA AVE","913",,,,,,,"3","NO INDICATION OF INJURY","0","0","0","0","0","3","0","16","1","2","41.8366023201","-87.6485256823","POINT (-87.648525682299 41.836602320065)"
"4b4aafa9ae5d131e677ce99b07e8f1e9eff2939c934e994be5d33250c1694ebeda253d35f1449eabaa0a351ba00ae3df038375ebc536b605430966c468344bd4",,"2026-02-08T16:00:00.000","35","STOP SIGN/FLASHER","NO CONTROLS","CLEAR","DAYLIGHT","SIDESWIPE SAME DIRECTION","NOT DIVIDED",,"STRAIGHT AND LEVEL","DRY","NO DEFECTS","ON SCENE","NO INJURY / DRIVE AWAY","Y",,"Y","$500 OR LESS","2026-02-08T16:00:00.000","UNABLE TO DETERMINE","UNABLE TO DETERMINE","13301","S","BRAINARD AVE","433",,,,,,,"2","NO INDICATION OF INJURY","0","0","0","0","0","2","0","16","1","2","41.6536394167","-87.5524577384","POINT (-87.552457738385 41.653639416723)"
"5190dd52167a41803180955dccd792ad29189a96664654ab6594865333bd51d550c34ec42a7188165073a36d85f6a9a60d0113af5ceb4d52ece948a167e8c08f","Y","2026-02-08T16:00:00.000","30","STOP SIGN/FLASHER","FUNCTIONING PROPERLY","CLEAR","DAYLIGHT","SIDESWIPE OPPOSITE DIRECTION","NOT DIVIDED",,"STRAIGHT AND LEVEL","DRY","NO DEFECTS","NOT ON SCENE (DESK REPORT)","NO INJURY / DRIVE AWAY",,,"Y","OVER $1,500","2026-02-08T16:46:00.000","UNABLE TO DETERMINE","UNABLE TO DETERMINE","849","N","FRANKLIN ST","1823",,,,,,,"2","NO INDICATION OF INJURY","0","0","0","0","0","2","0","16","1","2","41.8981470846","-87.6355930584","POINT (-87.635593058417 41.898147084566)"
"64ddf372edce6dc49cdc28b858f8f22899133633fd47c0aea3fdb83bf5532f94ca99a108a654de32ec59302f3bc12a4915da24a5983da0e445eb55de48ff6398",,"2026-02-08T16:00:00.000","30","NO CONTROLS","NO CONTROLS","UNKNOWN","UNKNOWN","REAR END","NOT DIVIDED",,"STRAIGHT AND LEVEL","UNKNOWN","UNKNOWN","NOT ON SCENE (DESK REPORT)","NO INJURY / DRIVE AWAY",,,"Y","OVER $1,500","2026-02-08T16:56:00.000","UNABLE TO DETERMINE","NOT APPLICABLE","2508","W","DEVON AVE","2412",,,,,,,"2","NO INDICATION OF INJURY","0","0","0","0","0","5","0","16","1","2","41.9977894111","-87.6927264291","POINT (-87.692726429066 41.997789411059)"
"199a29fec6aac9c37e394ef5a60587c90935b05effdf8af31df486824e05ec3c9731fb175dbbce95040e114146545746fc8448c6345c93c4e2e72396099a4d43",,"2026-02-08T15:49:00.000","20","TRAFFIC SIGNAL","FUNCTIONING PROPERLY","CLEAR","DAYLIGHT","ANGLE","FOUR WAY",,"STRAIGHT AND LEVEL","WET","OTHER","ON SCENE","INJURY AND / OR TOW DUE TO CRASH","Y",,,"$501 - $1,500","2026-02-08T15:57:00.000","DISREGARDING TRAFFIC SIGNALS","VISION OBSCURED (SIGNS, TREE LIMBS, BUILDINGS, ETC.)","403","S","CANAL ST","121",,,,"Y","CONSTRUCTION",,"2","REPORTED, NOT EVIDENT","4","0","0","0","4","1","0","15","1","2","41.8766497943","-87.6395084439","POINT (-87.639508443922 41.876649794308)"
"39f0802a28833da85e2f83911b5690407f496c4b63c8f45c7dae90c4b48201d1a65a162730aabda895a49c7d8b449d96734d5f2db0ffd9261ab832c7ef351d4c",,"2026-02-08T15:42:00.000","30","STOP SIGN/FLASHER","UNKNOWN","UNKNOWN","UNKNOWN","ANGLE","UNKNOWN INTERSECTION TYPE",,"STRAIGHT AND LEVEL","UNKNOWN","UNKNOWN","NOT ON SCENE (DESK REPORT)","NO INJURY / DRIVE AWAY","Y",,,"OVER $1,500","2026-02-08T16:50:00.000","FAILING TO YIELD RIGHT-OF-WAY","UNABLE TO DETERMINE","7206","N","WOLCOTT AVE","2424",,,,,,,"2","NO INDICATION OF INJURY","0","0","0","0","0","2","0","15","1","2","42.0128088967","-87.6783435732","POINT (-87.678343573228 42.012808896727)"